Using device: cuda
Train chunks: 80
Val chunks: 10
Test chunks: 10

Using FROBENIUS NORMALIZATION for scale consistency

============================================================
Training mlp (v17 - Frobenius normalized)
Architecture: mlp | Loss: frob
Parameters: 1,092,960
Batch size: 64 | LR: 0.0003 | Weight decay: 1e-05
Early stopping patience: 15
============================================================

Epoch 1
  chunk 0 final batch loss = 0.838444
  chunk 1 final batch loss = 0.827843
  chunk 2 final batch loss = 0.827238
  chunk 3 final batch loss = 0.824817
  chunk 4 final batch loss = 0.824842
  chunk 5 final batch loss = 0.824232
  chunk 6 final batch loss = 0.824436
  chunk 7 final batch loss = 0.824810
  chunk 8 final batch loss = 0.820891
  chunk 9 final batch loss = 0.824110
  chunk 10 final batch loss = 0.823700
  chunk 11 final batch loss = 0.823414
  chunk 12 final batch loss = 0.822831
  chunk 13 final batch loss = 0.824819
  chunk 14 final batch loss = 0.824022
  chunk 15 final batch loss = 0.801682
  chunk 16 final batch loss = 0.772120
  chunk 17 final batch loss = 0.795008
  chunk 18 final batch loss = 0.822414
  chunk 19 final batch loss = 0.752065
  chunk 20 final batch loss = 0.824560
  chunk 21 final batch loss = 0.815558
  chunk 22 final batch loss = 0.819292
  chunk 23 final batch loss = 0.814659
  chunk 24 final batch loss = 0.818255
  chunk 25 final batch loss = 0.761496
  chunk 26 final batch loss = 0.819028
  chunk 27 final batch loss = 0.729247
  chunk 28 final batch loss = 0.711121
  chunk 29 final batch loss = 0.823373
  chunk 30 final batch loss = 0.738336
  chunk 31 final batch loss = 0.732787
  chunk 32 final batch loss = 0.818999
  chunk 33 final batch loss = 0.721158
  chunk 34 final batch loss = 0.762920
  chunk 35 final batch loss = 0.823688
  chunk 36 final batch loss = 0.813884
  chunk 37 final batch loss = 0.805791
  chunk 38 final batch loss = 0.718642
  chunk 39 final batch loss = 0.827966
  chunk 40 final batch loss = 0.733287
  chunk 41 final batch loss = 0.800801
  chunk 42 final batch loss = 0.697810
  chunk 43 final batch loss = 0.822885
  chunk 44 final batch loss = 0.684296
  chunk 45 final batch loss = 0.827710
  chunk 46 final batch loss = 0.704817
  chunk 47 final batch loss = 0.657486
  chunk 48 final batch loss = 0.672408
  chunk 49 final batch loss = 0.818039
  chunk 50 final batch loss = 0.806840
  chunk 51 final batch loss = 0.693294
  chunk 52 final batch loss = 0.592008
  chunk 53 final batch loss = 0.772454
  chunk 54 final batch loss = 0.659305
  chunk 55 final batch loss = 0.541609
  chunk 56 final batch loss = 0.807595
  chunk 57 final batch loss = 0.822736
  chunk 58 final batch loss = 0.785981
  chunk 59 final batch loss = 0.623203
  chunk 60 final batch loss = 0.790560
  chunk 61 final batch loss = 0.530865
  chunk 62 final batch loss = 0.543553
  chunk 63 final batch loss = 0.824957
  chunk 64 final batch loss = 0.812416
  chunk 65 final batch loss = 0.544510
  chunk 66 final batch loss = 0.819842
  chunk 67 final batch loss = 0.820045
  chunk 68 final batch loss = 0.645090
  chunk 69 final batch loss = 0.770980
  chunk 70 final batch loss = 0.438064
  chunk 71 final batch loss = 0.786218
  chunk 72 final batch loss = 0.809349
  chunk 73 final batch loss = 0.632273
  chunk 74 final batch loss = 0.744771
  chunk 75 final batch loss = 0.427132
  chunk 76 final batch loss = 0.349962
  chunk 77 final batch loss = 0.697321
  chunk 78 final batch loss = 0.820053
  chunk 79 final batch loss = 0.814758
Validation loss: 0.663822
Saved BEST checkpoint -> /workspace/train_17/checkpoints_17/mlp/best.pt
Saved checkpoint -> /workspace/train_17/checkpoints_17/mlp/epoch_1.pt
Epoch 2
  chunk 0 final batch loss = 0.820499
  chunk 1 final batch loss = 0.814389
  chunk 2 final batch loss = 0.645024
  chunk 3 final batch loss = 0.466685
  chunk 4 final batch loss = 0.826891
  chunk 5 final batch loss = 0.738448
  chunk 6 final batch loss = 0.380571
  chunk 7 final batch loss = 0.656786
  chunk 8 final batch loss = 0.474474
  chunk 9 final batch loss = 0.805606
  chunk 10 final batch loss = 0.653485
  chunk 11 final batch loss = 0.828008
  chunk 12 final batch loss = 0.817054
  chunk 13 final batch loss = 0.795331
  chunk 14 final batch loss = 0.666902
  chunk 15 final batch loss = 0.480509
  chunk 16 final batch loss = 0.503396
  chunk 17 final batch loss = 0.578462
  chunk 18 final batch loss = 0.791100
  chunk 19 final batch loss = 0.405799
  chunk 20 final batch loss = 0.806231
  chunk 21 final batch loss = 0.743482
  chunk 22 final batch loss = 0.807031
  chunk 23 final batch loss = 0.777099
  chunk 24 final batch loss = 0.822863
  chunk 25 final batch loss = 0.496298
  chunk 26 final batch loss = 0.815142
  chunk 27 final batch loss = 0.335519
  chunk 28 final batch loss = 0.364939
  chunk 29 final batch loss = 0.813477
  chunk 30 final batch loss = 0.441302
  chunk 31 final batch loss = 0.478877
  chunk 32 final batch loss = 0.807487
  chunk 33 final batch loss = 0.382185
  chunk 34 final batch loss = 0.550410
  chunk 35 final batch loss = 0.820260
  chunk 36 final batch loss = 0.771152
  chunk 37 final batch loss = 0.709950
  chunk 38 final batch loss = 0.352512
  chunk 39 final batch loss = 0.826831
  chunk 40 final batch loss = 0.383514
  chunk 41 final batch loss = 0.741927
  chunk 42 final batch loss = 0.388859
  chunk 43 final batch loss = 0.823117
  chunk 44 final batch loss = 0.424394
  chunk 45 final batch loss = 0.826652
  chunk 46 final batch loss = 0.369940
  chunk 47 final batch loss = 0.360967
  chunk 48 final batch loss = 0.391118
  chunk 49 final batch loss = 0.798313
  chunk 50 final batch loss = 0.764485
  chunk 51 final batch loss = 0.438648
  chunk 52 final batch loss = 0.302679
  chunk 53 final batch loss = 0.691872
  chunk 54 final batch loss = 0.442759
  chunk 55 final batch loss = 0.345291
  chunk 56 final batch loss = 0.793325
  chunk 57 final batch loss = 0.814059
  chunk 58 final batch loss = 0.725292
  chunk 59 final batch loss = 0.412478
  chunk 60 final batch loss = 0.717024
  chunk 61 final batch loss = 0.414153
  chunk 62 final batch loss = 0.395171
  chunk 63 final batch loss = 0.821445
  chunk 64 final batch loss = 0.801216
  chunk 65 final batch loss = 0.411752
  chunk 66 final batch loss = 0.762436
  chunk 67 final batch loss = 0.815957
  chunk 68 final batch loss = 0.536508
  chunk 69 final batch loss = 0.723067
  chunk 70 final batch loss = 0.304198
  chunk 71 final batch loss = 0.721660
  chunk 72 final batch loss = 0.788602
  chunk 73 final batch loss = 0.536819
  chunk 74 final batch loss = 0.664254
  chunk 75 final batch loss = 0.324570
  chunk 76 final batch loss = 0.259110
  chunk 77 final batch loss = 0.578055
  chunk 78 final batch loss = 0.807789
  chunk 79 final batch loss = 0.749207
Validation loss: 0.552796
Saved BEST checkpoint -> /workspace/train_17/checkpoints_17/mlp/best.pt
Saved checkpoint -> /workspace/train_17/checkpoints_17/mlp/epoch_2.pt
Epoch 3
  chunk 0 final batch loss = 0.813446
  chunk 1 final batch loss = 0.811439
  chunk 2 final batch loss = 0.603082
  chunk 3 final batch loss = 0.394756
  chunk 4 final batch loss = 0.820639
  chunk 5 final batch loss = 0.645864
  chunk 6 final batch loss = 0.291855
  chunk 7 final batch loss = 0.579924
  chunk 8 final batch loss = 0.409792
  chunk 9 final batch loss = 0.744739
  chunk 10 final batch loss = 0.593844
  chunk 11 final batch loss = 0.828767
  chunk 12 final batch loss = 0.793510
  chunk 13 final batch loss = 0.777940
  chunk 14 final batch loss = 0.564907
  chunk 15 final batch loss = 0.421221
  chunk 16 final batch loss = 0.380341
  chunk 17 final batch loss = 0.553429
  chunk 18 final batch loss = 0.714877
  chunk 19 final batch loss = 0.359686
  chunk 20 final batch loss = 0.820345
  chunk 21 final batch loss = 0.708941
  chunk 22 final batch loss = 0.818753
  chunk 23 final batch loss = 0.755805
  chunk 24 final batch loss = 0.809566
  chunk 25 final batch loss = 0.429331
  chunk 26 final batch loss = 0.816617
  chunk 27 final batch loss = 0.272648
  chunk 28 final batch loss = 0.324606
  chunk 29 final batch loss = 0.804070
  chunk 30 final batch loss = 0.386102
  chunk 31 final batch loss = 0.401324
  chunk 32 final batch loss = 0.767169
  chunk 33 final batch loss = 0.331920
  chunk 34 final batch loss = 0.511646
  chunk 35 final batch loss = 0.817321
  chunk 36 final batch loss = 0.748584
  chunk 37 final batch loss = 0.677194
  chunk 38 final batch loss = 0.327585
  chunk 39 final batch loss = 0.832755
  chunk 40 final batch loss = 0.352992
  chunk 41 final batch loss = 0.746158
  chunk 42 final batch loss = 0.347883
  chunk 43 final batch loss = 0.811111
  chunk 44 final batch loss = 0.396675
  chunk 45 final batch loss = 0.818237
  chunk 46 final batch loss = 0.324702
  chunk 47 final batch loss = 0.340162
  chunk 48 final batch loss = 0.380669
  chunk 49 final batch loss = 0.806982
  chunk 50 final batch loss = 0.747566
  chunk 51 final batch loss = 0.402660
  chunk 52 final batch loss = 0.273407
  chunk 53 final batch loss = 0.637004
  chunk 54 final batch loss = 0.423717
  chunk 55 final batch loss = 0.309016
  chunk 56 final batch loss = 0.775085
  chunk 57 final batch loss = 0.808010
  chunk 58 final batch loss = 0.739391
  chunk 59 final batch loss = 0.332514
  chunk 60 final batch loss = 0.700491
  chunk 61 final batch loss = 0.369935
  chunk 62 final batch loss = 0.389406
  chunk 63 final batch loss = 0.811594
  chunk 64 final batch loss = 0.811305
  chunk 65 final batch loss = 0.422450
  chunk 66 final batch loss = 0.717704
  chunk 67 final batch loss = 0.819226
  chunk 68 final batch loss = 0.531729
  chunk 69 final batch loss = 0.690622
  chunk 70 final batch loss = 0.311115
  chunk 71 final batch loss = 0.726141
  chunk 72 final batch loss = 0.772744
  chunk 73 final batch loss = 0.477454
  chunk 74 final batch loss = 0.656929
  chunk 75 final batch loss = 0.304355
  chunk 76 final batch loss = 0.256877
  chunk 77 final batch loss = 0.498124
  chunk 78 final batch loss = 0.826039
  chunk 79 final batch loss = 0.698659
Validation loss: 0.532457
Saved BEST checkpoint -> /workspace/train_17/checkpoints_17/mlp/best.pt
Saved checkpoint -> /workspace/train_17/checkpoints_17/mlp/epoch_3.pt
Epoch 4
  chunk 0 final batch loss = 0.816746
  chunk 1 final batch loss = 0.820550
  chunk 2 final batch loss = 0.526581
  chunk 3 final batch loss = 0.402571
  chunk 4 final batch loss = 0.808114
  chunk 5 final batch loss = 0.638304
  chunk 6 final batch loss = 0.302901
  chunk 7 final batch loss = 0.546317
  chunk 8 final batch loss = 0.406119
  chunk 9 final batch loss = 0.704575
  chunk 10 final batch loss = 0.545046
  chunk 11 final batch loss = 0.824257
  chunk 12 final batch loss = 0.789659
  chunk 13 final batch loss = 0.772286
  chunk 14 final batch loss = 0.522695
  chunk 15 final batch loss = 0.387684
  chunk 16 final batch loss = 0.417068
  chunk 17 final batch loss = 0.490598
  chunk 18 final batch loss = 0.718002
  chunk 19 final batch loss = 0.312278
  chunk 20 final batch loss = 0.828359
  chunk 21 final batch loss = 0.728467
  chunk 22 final batch loss = 0.827441
  chunk 23 final batch loss = 0.734515
  chunk 24 final batch loss = 0.799356
  chunk 25 final batch loss = 0.385228
  chunk 26 final batch loss = 0.808244
  chunk 27 final batch loss = 0.272807
  chunk 28 final batch loss = 0.303085
  chunk 29 final batch loss = 0.820351
  chunk 30 final batch loss = 0.402758
  chunk 31 final batch loss = 0.371742
  chunk 32 final batch loss = 0.765099
  chunk 33 final batch loss = 0.296728
  chunk 34 final batch loss = 0.498561
  chunk 35 final batch loss = 0.810955
  chunk 36 final batch loss = 0.761651
  chunk 37 final batch loss = 0.593579
  chunk 38 final batch loss = 0.297724
  chunk 39 final batch loss = 0.827474
  chunk 40 final batch loss = 0.310566
  chunk 41 final batch loss = 0.721444
  chunk 42 final batch loss = 0.322496
  chunk 43 final batch loss = 0.809345
  chunk 44 final batch loss = 0.405000
  chunk 45 final batch loss = 0.795850
  chunk 46 final batch loss = 0.313951
  chunk 47 final batch loss = 0.321742
  chunk 48 final batch loss = 0.354631
  chunk 49 final batch loss = 0.806717
  chunk 50 final batch loss = 0.726558
  chunk 51 final batch loss = 0.400026
  chunk 52 final batch loss = 0.278274
  chunk 53 final batch loss = 0.571822
  chunk 54 final batch loss = 0.425343
  chunk 55 final batch loss = 0.311403
  chunk 56 final batch loss = 0.776902
  chunk 57 final batch loss = 0.788541
  chunk 58 final batch loss = 0.732012
  chunk 59 final batch loss = 0.322186
  chunk 60 final batch loss = 0.729589
  chunk 61 final batch loss = 0.350317
  chunk 62 final batch loss = 0.379600
  chunk 63 final batch loss = 0.795809
  chunk 64 final batch loss = 0.804361
  chunk 65 final batch loss = 0.422405
  chunk 66 final batch loss = 0.727275
  chunk 67 final batch loss = 0.805679
  chunk 68 final batch loss = 0.505027
  chunk 69 final batch loss = 0.678329
  chunk 70 final batch loss = 0.281828
  chunk 71 final batch loss = 0.735417
  chunk 72 final batch loss = 0.759365
  chunk 73 final batch loss = 0.484164
  chunk 74 final batch loss = 0.579860
  chunk 75 final batch loss = 0.294050
  chunk 76 final batch loss = 0.259799
  chunk 77 final batch loss = 0.523863
  chunk 78 final batch loss = 0.814786
  chunk 79 final batch loss = 0.698741
Validation loss: 0.518701
Saved BEST checkpoint -> /workspace/train_17/checkpoints_17/mlp/best.pt
Saved checkpoint -> /workspace/train_17/checkpoints_17/mlp/epoch_4.pt
Epoch 5
  chunk 0 final batch loss = 0.807703
  chunk 1 final batch loss = 0.810810
  chunk 2 final batch loss = 0.503117
  chunk 3 final batch loss = 0.384044
  chunk 4 final batch loss = 0.778168
  chunk 5 final batch loss = 0.603653
  chunk 6 final batch loss = 0.284519
  chunk 7 final batch loss = 0.545904
  chunk 8 final batch loss = 0.413601
  chunk 9 final batch loss = 0.690574
  chunk 10 final batch loss = 0.471569
  chunk 11 final batch loss = 0.832422
  chunk 12 final batch loss = 0.782169
  chunk 13 final batch loss = 0.748740
  chunk 14 final batch loss = 0.547952
  chunk 15 final batch loss = 0.389692
  chunk 16 final batch loss = 0.414143
  chunk 17 final batch loss = 0.526590
  chunk 18 final batch loss = 0.708140
  chunk 19 final batch loss = 0.314650
  chunk 20 final batch loss = 0.812892
  chunk 21 final batch loss = 0.711491
  chunk 22 final batch loss = 0.805407
  chunk 23 final batch loss = 0.737384
  chunk 24 final batch loss = 0.787060
  chunk 25 final batch loss = 0.400784
  chunk 26 final batch loss = 0.820052
  chunk 27 final batch loss = 0.267714
  chunk 28 final batch loss = 0.294759
  chunk 29 final batch loss = 0.810692
  chunk 30 final batch loss = 0.390917
  chunk 31 final batch loss = 0.371749
  chunk 32 final batch loss = 0.760585
  chunk 33 final batch loss = 0.290658
  chunk 34 final batch loss = 0.491654
  chunk 35 final batch loss = 0.813757
  chunk 36 final batch loss = 0.731493
  chunk 37 final batch loss = 0.575048
  chunk 38 final batch loss = 0.290781
  chunk 39 final batch loss = 0.823242
  chunk 40 final batch loss = 0.337162
  chunk 41 final batch loss = 0.712568
  chunk 42 final batch loss = 0.293470
  chunk 43 final batch loss = 0.810104
  chunk 44 final batch loss = 0.410942
  chunk 45 final batch loss = 0.787387
  chunk 46 final batch loss = 0.317791
  chunk 47 final batch loss = 0.313867
  chunk 48 final batch loss = 0.385825
  chunk 49 final batch loss = 0.810045
  chunk 50 final batch loss = 0.744471
  chunk 51 final batch loss = 0.375397
  chunk 52 final batch loss = 0.275432
  chunk 53 final batch loss = 0.565602
  chunk 54 final batch loss = 0.419447
  chunk 55 final batch loss = 0.320258
  chunk 56 final batch loss = 0.733678
  chunk 57 final batch loss = 0.753879
  chunk 58 final batch loss = 0.699494
  chunk 59 final batch loss = 0.319573
  chunk 60 final batch loss = 0.720848
  chunk 61 final batch loss = 0.354996
  chunk 62 final batch loss = 0.360026
  chunk 63 final batch loss = 0.795292
  chunk 64 final batch loss = 0.805099
  chunk 65 final batch loss = 0.407696
  chunk 66 final batch loss = 0.691172
  chunk 67 final batch loss = 0.811730
  chunk 68 final batch loss = 0.475231
  chunk 69 final batch loss = 0.687876
  chunk 70 final batch loss = 0.281160
  chunk 71 final batch loss = 0.770814
  chunk 72 final batch loss = 0.784364
  chunk 73 final batch loss = 0.512377
  chunk 74 final batch loss = 0.601536
  chunk 75 final batch loss = 0.300514
  chunk 76 final batch loss = 0.244149
  chunk 77 final batch loss = 0.522797
  chunk 78 final batch loss = 0.809806
  chunk 79 final batch loss = 0.664001
Validation loss: 0.514735
Saved BEST checkpoint -> /workspace/train_17/checkpoints_17/mlp/best.pt
Saved checkpoint -> /workspace/train_17/checkpoints_17/mlp/epoch_5.pt
Epoch 6
  chunk 0 final batch loss = 0.809294
  chunk 1 final batch loss = 0.808123
  chunk 2 final batch loss = 0.506089
  chunk 3 final batch loss = 0.384187
  chunk 4 final batch loss = 0.797578
  chunk 5 final batch loss = 0.587218
  chunk 6 final batch loss = 0.294459
  chunk 7 final batch loss = 0.524031
  chunk 8 final batch loss = 0.424091
  chunk 9 final batch loss = 0.673435
  chunk 10 final batch loss = 0.504221
  chunk 11 final batch loss = 0.827510
  chunk 12 final batch loss = 0.766216
  chunk 13 final batch loss = 0.762083
  chunk 14 final batch loss = 0.489288
  chunk 15 final batch loss = 0.376622
  chunk 16 final batch loss = 0.384273
  chunk 17 final batch loss = 0.478258
  chunk 18 final batch loss = 0.708682
  chunk 19 final batch loss = 0.302795
  chunk 20 final batch loss = 0.815142
  chunk 21 final batch loss = 0.729954
  chunk 22 final batch loss = 0.794155
  chunk 23 final batch loss = 0.716343
  chunk 24 final batch loss = 0.791208
  chunk 25 final batch loss = 0.385847
  chunk 26 final batch loss = 0.807973
  chunk 27 final batch loss = 0.273090
  chunk 28 final batch loss = 0.296169
  chunk 29 final batch loss = 0.811677
  chunk 30 final batch loss = 0.364194
  chunk 31 final batch loss = 0.351019
  chunk 32 final batch loss = 0.782739
  chunk 33 final batch loss = 0.292304
  chunk 34 final batch loss = 0.484262
  chunk 35 final batch loss = 0.805575
  chunk 36 final batch loss = 0.734206
  chunk 37 final batch loss = 0.619742
  chunk 38 final batch loss = 0.319001
  chunk 39 final batch loss = 0.820719
  chunk 40 final batch loss = 0.306382
  chunk 41 final batch loss = 0.711321
  chunk 42 final batch loss = 0.290661
  chunk 43 final batch loss = 0.810819
  chunk 44 final batch loss = 0.389174
  chunk 45 final batch loss = 0.777801
  chunk 46 final batch loss = 0.317191
  chunk 47 final batch loss = 0.294527
  chunk 48 final batch loss = 0.364086
  chunk 49 final batch loss = 0.823877
  chunk 50 final batch loss = 0.714995
  chunk 51 final batch loss = 0.389652
  chunk 52 final batch loss = 0.294791
  chunk 53 final batch loss = 0.577693
  chunk 54 final batch loss = 0.398978
  chunk 55 final batch loss = 0.335002
  chunk 56 final batch loss = 0.763571
  chunk 57 final batch loss = 0.768722
  chunk 58 final batch loss = 0.698568
  chunk 59 final batch loss = 0.297376
  chunk 60 final batch loss = 0.670591
  chunk 61 final batch loss = 0.380524
  chunk 62 final batch loss = 0.345542
  chunk 63 final batch loss = 0.786491
  chunk 64 final batch loss = 0.811649
  chunk 65 final batch loss = 0.402207
  chunk 66 final batch loss = 0.678107
  chunk 67 final batch loss = 0.810355
  chunk 68 final batch loss = 0.547850
  chunk 69 final batch loss = 0.700119
  chunk 70 final batch loss = 0.272127
  chunk 71 final batch loss = 0.714839
  chunk 72 final batch loss = 0.749928
  chunk 73 final batch loss = 0.504305
  chunk 74 final batch loss = 0.607753
  chunk 75 final batch loss = 0.293328
  chunk 76 final batch loss = 0.260552
  chunk 77 final batch loss = 0.460471
  chunk 78 final batch loss = 0.806942
  chunk 79 final batch loss = 0.685800
Validation loss: 0.505996
Saved BEST checkpoint -> /workspace/train_17/checkpoints_17/mlp/best.pt
Saved checkpoint -> /workspace/train_17/checkpoints_17/mlp/epoch_6.pt
Epoch 7
  chunk 0 final batch loss = 0.806671
  chunk 1 final batch loss = 0.795447
  chunk 2 final batch loss = 0.510918
  chunk 3 final batch loss = 0.358230
  chunk 4 final batch loss = 0.770990
  chunk 5 final batch loss = 0.571743
  chunk 6 final batch loss = 0.295174
  chunk 7 final batch loss = 0.467189
  chunk 8 final batch loss = 0.402891
  chunk 9 final batch loss = 0.661976
  chunk 10 final batch loss = 0.498549
  chunk 11 final batch loss = 0.827274
  chunk 12 final batch loss = 0.736619
  chunk 13 final batch loss = 0.739988
  chunk 14 final batch loss = 0.475515
  chunk 15 final batch loss = 0.386118
  chunk 16 final batch loss = 0.378204
  chunk 17 final batch loss = 0.479059
  chunk 18 final batch loss = 0.661626
  chunk 19 final batch loss = 0.292100
  chunk 20 final batch loss = 0.819481
  chunk 21 final batch loss = 0.712896
  chunk 22 final batch loss = 0.809661
  chunk 23 final batch loss = 0.757978
  chunk 24 final batch loss = 0.797225
  chunk 25 final batch loss = 0.387721
  chunk 26 final batch loss = 0.816522
  chunk 27 final batch loss = 0.245780
  chunk 28 final batch loss = 0.311519
  chunk 29 final batch loss = 0.817467
  chunk 30 final batch loss = 0.362553
  chunk 31 final batch loss = 0.343951
  chunk 32 final batch loss = 0.753672
  chunk 33 final batch loss = 0.296189
  chunk 34 final batch loss = 0.487034
  chunk 35 final batch loss = 0.805232
  chunk 36 final batch loss = 0.745244
  chunk 37 final batch loss = 0.594043
  chunk 38 final batch loss = 0.292813
  chunk 39 final batch loss = 0.831841
  chunk 40 final batch loss = 0.307116
  chunk 41 final batch loss = 0.736314
  chunk 42 final batch loss = 0.313540
  chunk 43 final batch loss = 0.793384
  chunk 44 final batch loss = 0.411440
  chunk 45 final batch loss = 0.767163
  chunk 46 final batch loss = 0.302956
  chunk 47 final batch loss = 0.297493
  chunk 48 final batch loss = 0.365704
  chunk 49 final batch loss = 0.820681
  chunk 50 final batch loss = 0.719994
  chunk 51 final batch loss = 0.376814
  chunk 52 final batch loss = 0.283591
  chunk 53 final batch loss = 0.598631
  chunk 54 final batch loss = 0.384908
  chunk 55 final batch loss = 0.316770
  chunk 56 final batch loss = 0.743648
  chunk 57 final batch loss = 0.768766
  chunk 58 final batch loss = 0.675811
  chunk 59 final batch loss = 0.303930
  chunk 60 final batch loss = 0.677185
  chunk 61 final batch loss = 0.367900
  chunk 62 final batch loss = 0.368082
  chunk 63 final batch loss = 0.761910
  chunk 64 final batch loss = 0.794524
  chunk 65 final batch loss = 0.394599
  chunk 66 final batch loss = 0.632986
  chunk 67 final batch loss = 0.813363
  chunk 68 final batch loss = 0.520207
  chunk 69 final batch loss = 0.712082
  chunk 70 final batch loss = 0.271931
  chunk 71 final batch loss = 0.721466
  chunk 72 final batch loss = 0.745412
  chunk 73 final batch loss = 0.447960
  chunk 74 final batch loss = 0.605791
  chunk 75 final batch loss = 0.287014
  chunk 76 final batch loss = 0.257016
  chunk 77 final batch loss = 0.471956
  chunk 78 final batch loss = 0.795652
  chunk 79 final batch loss = 0.656240
Validation loss: 0.499900
Saved BEST checkpoint -> /workspace/train_17/checkpoints_17/mlp/best.pt
Saved checkpoint -> /workspace/train_17/checkpoints_17/mlp/epoch_7.pt
Epoch 8
  chunk 0 final batch loss = 0.808042
  chunk 1 final batch loss = 0.806897
  chunk 2 final batch loss = 0.456795
  chunk 3 final batch loss = 0.341769
  chunk 4 final batch loss = 0.763656
  chunk 5 final batch loss = 0.607715
  chunk 6 final batch loss = 0.254447
  chunk 7 final batch loss = 0.508865
  chunk 8 final batch loss = 0.406267
  chunk 9 final batch loss = 0.654197
  chunk 10 final batch loss = 0.496082
  chunk 11 final batch loss = 0.828126
  chunk 12 final batch loss = 0.737337
  chunk 13 final batch loss = 0.774115
  chunk 14 final batch loss = 0.490537
  chunk 15 final batch loss = 0.358220
  chunk 16 final batch loss = 0.355648
  chunk 17 final batch loss = 0.504176
  chunk 18 final batch loss = 0.636161
  chunk 19 final batch loss = 0.291650
  chunk 20 final batch loss = 0.831483
  chunk 21 final batch loss = 0.697534
  chunk 22 final batch loss = 0.792479
  chunk 23 final batch loss = 0.706743
  chunk 24 final batch loss = 0.777253
  chunk 25 final batch loss = 0.357335
  chunk 26 final batch loss = 0.801910
  chunk 27 final batch loss = 0.253093
  chunk 28 final batch loss = 0.297992
  chunk 29 final batch loss = 0.812194
  chunk 30 final batch loss = 0.362069
  chunk 31 final batch loss = 0.348104
  chunk 32 final batch loss = 0.749712
  chunk 33 final batch loss = 0.289850
  chunk 34 final batch loss = 0.452663
  chunk 35 final batch loss = 0.814504
  chunk 36 final batch loss = 0.728120
  chunk 37 final batch loss = 0.579780
  chunk 38 final batch loss = 0.297275
  chunk 39 final batch loss = 0.828382
  chunk 40 final batch loss = 0.301409
  chunk 41 final batch loss = 0.729106
  chunk 42 final batch loss = 0.308002
  chunk 43 final batch loss = 0.812078
  chunk 44 final batch loss = 0.393264
  chunk 45 final batch loss = 0.760786
  chunk 46 final batch loss = 0.321445
  chunk 47 final batch loss = 0.308535
  chunk 48 final batch loss = 0.343556
  chunk 49 final batch loss = 0.811900
  chunk 50 final batch loss = 0.710288
  chunk 51 final batch loss = 0.369270
  chunk 52 final batch loss = 0.259305
  chunk 53 final batch loss = 0.570234
  chunk 54 final batch loss = 0.408033
  chunk 55 final batch loss = 0.296546
  chunk 56 final batch loss = 0.745017
  chunk 57 final batch loss = 0.759086
  chunk 58 final batch loss = 0.667734
  chunk 59 final batch loss = 0.298565
  chunk 60 final batch loss = 0.751303
  chunk 61 final batch loss = 0.352968
  chunk 62 final batch loss = 0.367119
  chunk 63 final batch loss = 0.795094
  chunk 64 final batch loss = 0.794835
  chunk 65 final batch loss = 0.420124
  chunk 66 final batch loss = 0.660508
  chunk 67 final batch loss = 0.813472
  chunk 68 final batch loss = 0.527750
  chunk 69 final batch loss = 0.725318
  chunk 70 final batch loss = 0.294298
  chunk 71 final batch loss = 0.694407
  chunk 72 final batch loss = 0.744791
  chunk 73 final batch loss = 0.487071
  chunk 74 final batch loss = 0.572837
  chunk 75 final batch loss = 0.278130
  chunk 76 final batch loss = 0.246868
  chunk 77 final batch loss = 0.455516
  chunk 78 final batch loss = 0.816581
  chunk 79 final batch loss = 0.663583
Validation loss: 0.494793
Saved BEST checkpoint -> /workspace/train_17/checkpoints_17/mlp/best.pt
Saved checkpoint -> /workspace/train_17/checkpoints_17/mlp/epoch_8.pt
Epoch 9
  chunk 0 final batch loss = 0.814681
  chunk 1 final batch loss = 0.795354
  chunk 2 final batch loss = 0.475408
  chunk 3 final batch loss = 0.350390
  chunk 4 final batch loss = 0.767192
  chunk 5 final batch loss = 0.583902
  chunk 6 final batch loss = 0.278199
  chunk 7 final batch loss = 0.441114
  chunk 8 final batch loss = 0.402492
  chunk 9 final batch loss = 0.648651
  chunk 10 final batch loss = 0.455300
  chunk 11 final batch loss = 0.826878
  chunk 12 final batch loss = 0.761785
  chunk 13 final batch loss = 0.734306
  chunk 14 final batch loss = 0.491763
  chunk 15 final batch loss = 0.358401
  chunk 16 final batch loss = 0.344471
  chunk 17 final batch loss = 0.490675
  chunk 18 final batch loss = 0.671947
  chunk 19 final batch loss = 0.297307
  chunk 20 final batch loss = 0.815965
  chunk 21 final batch loss = 0.721723
  chunk 22 final batch loss = 0.805091
  chunk 23 final batch loss = 0.714283
  chunk 24 final batch loss = 0.784496
  chunk 25 final batch loss = 0.379491
  chunk 26 final batch loss = 0.807859
  chunk 27 final batch loss = 0.261431
  chunk 28 final batch loss = 0.267032
  chunk 29 final batch loss = 0.804889
  chunk 30 final batch loss = 0.351067
  chunk 31 final batch loss = 0.323837
  chunk 32 final batch loss = 0.738597
  chunk 33 final batch loss = 0.293297
  chunk 34 final batch loss = 0.462607
  chunk 35 final batch loss = 0.811070
  chunk 36 final batch loss = 0.735033
  chunk 37 final batch loss = 0.554456
  chunk 38 final batch loss = 0.298427
  chunk 39 final batch loss = 0.836518
  chunk 40 final batch loss = 0.311573
  chunk 41 final batch loss = 0.681875
  chunk 42 final batch loss = 0.313873
  chunk 43 final batch loss = 0.802814
  chunk 44 final batch loss = 0.412840
  chunk 45 final batch loss = 0.751698
  chunk 46 final batch loss = 0.296007
  chunk 47 final batch loss = 0.281908
  chunk 48 final batch loss = 0.341120
  chunk 49 final batch loss = 0.825732
  chunk 50 final batch loss = 0.731561
  chunk 51 final batch loss = 0.362984
  chunk 52 final batch loss = 0.265189
  chunk 53 final batch loss = 0.562389
  chunk 54 final batch loss = 0.409150
  chunk 55 final batch loss = 0.311238
  chunk 56 final batch loss = 0.753785
  chunk 57 final batch loss = 0.764620
  chunk 58 final batch loss = 0.694835
  chunk 59 final batch loss = 0.325485
  chunk 60 final batch loss = 0.729570
  chunk 61 final batch loss = 0.380059
  chunk 62 final batch loss = 0.324619
  chunk 63 final batch loss = 0.779770
  chunk 64 final batch loss = 0.801770
  chunk 65 final batch loss = 0.401048
  chunk 66 final batch loss = 0.637395
  chunk 67 final batch loss = 0.800344
  chunk 68 final batch loss = 0.432344
  chunk 69 final batch loss = 0.675787
  chunk 70 final batch loss = 0.280167
  chunk 71 final batch loss = 0.707225
  chunk 72 final batch loss = 0.738983
  chunk 73 final batch loss = 0.495679
  chunk 74 final batch loss = 0.580668
  chunk 75 final batch loss = 0.279308
  chunk 76 final batch loss = 0.246621
  chunk 77 final batch loss = 0.457048
  chunk 78 final batch loss = 0.799982
  chunk 79 final batch loss = 0.628579
Validation loss: 0.493547
Saved BEST checkpoint -> /workspace/train_17/checkpoints_17/mlp/best.pt
Saved checkpoint -> /workspace/train_17/checkpoints_17/mlp/epoch_9.pt
Epoch 10
  chunk 0 final batch loss = 0.800414
  chunk 1 final batch loss = 0.801467
  chunk 2 final batch loss = 0.479715
  chunk 3 final batch loss = 0.327010
  chunk 4 final batch loss = 0.774219
  chunk 5 final batch loss = 0.582028
  chunk 6 final batch loss = 0.265148
  chunk 7 final batch loss = 0.468344
  chunk 8 final batch loss = 0.400407
  chunk 9 final batch loss = 0.665183
  chunk 10 final batch loss = 0.464991
  chunk 11 final batch loss = 0.819488
  chunk 12 final batch loss = 0.749093
  chunk 13 final batch loss = 0.727624
  chunk 14 final batch loss = 0.463230
  chunk 15 final batch loss = 0.348285
  chunk 16 final batch loss = 0.355425
  chunk 17 final batch loss = 0.466246
  chunk 18 final batch loss = 0.660309
  chunk 19 final batch loss = 0.276621
  chunk 20 final batch loss = 0.813897
  chunk 21 final batch loss = 0.703511
  chunk 22 final batch loss = 0.792925
  chunk 23 final batch loss = 0.706876
  chunk 24 final batch loss = 0.787162
  chunk 25 final batch loss = 0.351221
  chunk 26 final batch loss = 0.816182
  chunk 27 final batch loss = 0.248120
  chunk 28 final batch loss = 0.298560
  chunk 29 final batch loss = 0.823189
  chunk 30 final batch loss = 0.330830
  chunk 31 final batch loss = 0.343094
  chunk 32 final batch loss = 0.758833
  chunk 33 final batch loss = 0.283395
  chunk 34 final batch loss = 0.475033
  chunk 35 final batch loss = 0.792154
  chunk 36 final batch loss = 0.719778
  chunk 37 final batch loss = 0.605640
  chunk 38 final batch loss = 0.295624
  chunk 39 final batch loss = 0.819261
  chunk 40 final batch loss = 0.290395
  chunk 41 final batch loss = 0.721319
  chunk 42 final batch loss = 0.276663
  chunk 43 final batch loss = 0.803423
  chunk 44 final batch loss = 0.378261
  chunk 45 final batch loss = 0.768222
  chunk 46 final batch loss = 0.289133
  chunk 47 final batch loss = 0.290364
  chunk 48 final batch loss = 0.331886
  chunk 49 final batch loss = 0.810485
  chunk 50 final batch loss = 0.692360
  chunk 51 final batch loss = 0.333793
  chunk 52 final batch loss = 0.248417
  chunk 53 final batch loss = 0.582471
  chunk 54 final batch loss = 0.382747
  chunk 55 final batch loss = 0.307702
  chunk 56 final batch loss = 0.741911
  chunk 57 final batch loss = 0.734646
  chunk 58 final batch loss = 0.666386
  chunk 59 final batch loss = 0.295039
  chunk 60 final batch loss = 0.681481
  chunk 61 final batch loss = 0.348185
  chunk 62 final batch loss = 0.341579
  chunk 63 final batch loss = 0.761217
  chunk 64 final batch loss = 0.795615
  chunk 65 final batch loss = 0.417713
  chunk 66 final batch loss = 0.705006
  chunk 67 final batch loss = 0.804756
  chunk 68 final batch loss = 0.486508
  chunk 69 final batch loss = 0.663563
  chunk 70 final batch loss = 0.280139
  chunk 71 final batch loss = 0.696048
  chunk 72 final batch loss = 0.721805
  chunk 73 final batch loss = 0.436391
  chunk 74 final batch loss = 0.558700
  chunk 75 final batch loss = 0.267885
  chunk 76 final batch loss = 0.238274
  chunk 77 final batch loss = 0.438612
  chunk 78 final batch loss = 0.790355
  chunk 79 final batch loss = 0.680720
Validation loss: 0.490603
Saved BEST checkpoint -> /workspace/train_17/checkpoints_17/mlp/best.pt
Saved checkpoint -> /workspace/train_17/checkpoints_17/mlp/epoch_10.pt
Epoch 11
  chunk 0 final batch loss = 0.807672
  chunk 1 final batch loss = 0.802596
  chunk 2 final batch loss = 0.467968
  chunk 3 final batch loss = 0.336203
  chunk 4 final batch loss = 0.746885
  chunk 5 final batch loss = 0.585923
  chunk 6 final batch loss = 0.265635
  chunk 7 final batch loss = 0.500735
  chunk 8 final batch loss = 0.379154
  chunk 9 final batch loss = 0.603677
  chunk 10 final batch loss = 0.437831
  chunk 11 final batch loss = 0.819936
  chunk 12 final batch loss = 0.726298
  chunk 13 final batch loss = 0.717775
  chunk 14 final batch loss = 0.472956
  chunk 15 final batch loss = 0.349796
  chunk 16 final batch loss = 0.360474
  chunk 17 final batch loss = 0.504609
  chunk 18 final batch loss = 0.618783
  chunk 19 final batch loss = 0.288746
  chunk 20 final batch loss = 0.802172
  chunk 21 final batch loss = 0.690582
  chunk 22 final batch loss = 0.793066
  chunk 23 final batch loss = 0.707116
  chunk 24 final batch loss = 0.801268
  chunk 25 final batch loss = 0.354015
  chunk 26 final batch loss = 0.799332
  chunk 27 final batch loss = 0.255622
  chunk 28 final batch loss = 0.283449
  chunk 29 final batch loss = 0.806509
  chunk 30 final batch loss = 0.340246
  chunk 31 final batch loss = 0.330108
  chunk 32 final batch loss = 0.723848
  chunk 33 final batch loss = 0.297677
  chunk 34 final batch loss = 0.471681
  chunk 35 final batch loss = 0.802870
  chunk 36 final batch loss = 0.714375
  chunk 37 final batch loss = 0.512138
  chunk 38 final batch loss = 0.297033
  chunk 39 final batch loss = 0.825873
  chunk 40 final batch loss = 0.270305
  chunk 41 final batch loss = 0.657845
  chunk 42 final batch loss = 0.292037
  chunk 43 final batch loss = 0.798396
  chunk 44 final batch loss = 0.397849
  chunk 45 final batch loss = 0.751292
  chunk 46 final batch loss = 0.278504
  chunk 47 final batch loss = 0.294577
  chunk 48 final batch loss = 0.327508
  chunk 49 final batch loss = 0.813154
  chunk 50 final batch loss = 0.684962
  chunk 51 final batch loss = 0.347619
  chunk 52 final batch loss = 0.261263
  chunk 53 final batch loss = 0.612689
  chunk 54 final batch loss = 0.401670
  chunk 55 final batch loss = 0.291530
  chunk 56 final batch loss = 0.721409
  chunk 57 final batch loss = 0.752874
  chunk 58 final batch loss = 0.706477
  chunk 59 final batch loss = 0.276542
  chunk 60 final batch loss = 0.671913
  chunk 61 final batch loss = 0.346936
  chunk 62 final batch loss = 0.364928
  chunk 63 final batch loss = 0.775681
  chunk 64 final batch loss = 0.793599
  chunk 65 final batch loss = 0.390851
  chunk 66 final batch loss = 0.666271
  chunk 67 final batch loss = 0.808874
  chunk 68 final batch loss = 0.475841
  chunk 69 final batch loss = 0.685538
  chunk 70 final batch loss = 0.264436
  chunk 71 final batch loss = 0.709650
  chunk 72 final batch loss = 0.727748
  chunk 73 final batch loss = 0.439121
  chunk 74 final batch loss = 0.585674
  chunk 75 final batch loss = 0.294900
  chunk 76 final batch loss = 0.236986
  chunk 77 final batch loss = 0.482647
  chunk 78 final batch loss = 0.796198
  chunk 79 final batch loss = 0.627682
Validation loss: 0.485178
Saved BEST checkpoint -> /workspace/train_17/checkpoints_17/mlp/best.pt
Saved checkpoint -> /workspace/train_17/checkpoints_17/mlp/epoch_11.pt
Epoch 12
  chunk 0 final batch loss = 0.799931
  chunk 1 final batch loss = 0.791451
  chunk 2 final batch loss = 0.489619
  chunk 3 final batch loss = 0.342137
  chunk 4 final batch loss = 0.784211
  chunk 5 final batch loss = 0.574070
  chunk 6 final batch loss = 0.265523
  chunk 7 final batch loss = 0.449697
  chunk 8 final batch loss = 0.392613
  chunk 9 final batch loss = 0.678796
  chunk 10 final batch loss = 0.460234
  chunk 11 final batch loss = 0.837057
  chunk 12 final batch loss = 0.735865
  chunk 13 final batch loss = 0.715825
  chunk 14 final batch loss = 0.431508
  chunk 15 final batch loss = 0.353784
  chunk 16 final batch loss = 0.355429
  chunk 17 final batch loss = 0.486679
  chunk 18 final batch loss = 0.666013
  chunk 19 final batch loss = 0.278000
  chunk 20 final batch loss = 0.807684
  chunk 21 final batch loss = 0.717753
  chunk 22 final batch loss = 0.821608
  chunk 23 final batch loss = 0.698701
  chunk 24 final batch loss = 0.821685
  chunk 25 final batch loss = 0.343509
  chunk 26 final batch loss = 0.816959
  chunk 27 final batch loss = 0.236085
  chunk 28 final batch loss = 0.290266
  chunk 29 final batch loss = 0.806353
  chunk 30 final batch loss = 0.322045
  chunk 31 final batch loss = 0.331376
  chunk 32 final batch loss = 0.715530
  chunk 33 final batch loss = 0.262522
  chunk 34 final batch loss = 0.459731
  chunk 35 final batch loss = 0.802356
  chunk 36 final batch loss = 0.730670
  chunk 37 final batch loss = 0.598115
  chunk 38 final batch loss = 0.291045
  chunk 39 final batch loss = 0.828581
  chunk 40 final batch loss = 0.304127
  chunk 41 final batch loss = 0.711139
  chunk 42 final batch loss = 0.285628
  chunk 43 final batch loss = 0.795726
  chunk 44 final batch loss = 0.359798
  chunk 45 final batch loss = 0.769870
  chunk 46 final batch loss = 0.300553
  chunk 47 final batch loss = 0.285645
  chunk 48 final batch loss = 0.345478
  chunk 49 final batch loss = 0.823801
  chunk 50 final batch loss = 0.708578
  chunk 51 final batch loss = 0.348150
  chunk 52 final batch loss = 0.263140
  chunk 53 final batch loss = 0.521775
  chunk 54 final batch loss = 0.377568
  chunk 55 final batch loss = 0.303271
  chunk 56 final batch loss = 0.747447
  chunk 57 final batch loss = 0.760014
  chunk 58 final batch loss = 0.711739
  chunk 59 final batch loss = 0.295291
  chunk 60 final batch loss = 0.699983
  chunk 61 final batch loss = 0.337184
  chunk 62 final batch loss = 0.343696
  chunk 63 final batch loss = 0.777171
  chunk 64 final batch loss = 0.800818
  chunk 65 final batch loss = 0.385356
  chunk 66 final batch loss = 0.687128
  chunk 67 final batch loss = 0.795576
  chunk 68 final batch loss = 0.454738
  chunk 69 final batch loss = 0.680719
  chunk 70 final batch loss = 0.248089
  chunk 71 final batch loss = 0.685118
  chunk 72 final batch loss = 0.730576
  chunk 73 final batch loss = 0.410803
  chunk 74 final batch loss = 0.583180
  chunk 75 final batch loss = 0.280051
  chunk 76 final batch loss = 0.225486
  chunk 77 final batch loss = 0.458511
  chunk 78 final batch loss = 0.795579
  chunk 79 final batch loss = 0.641827
Validation loss: 0.483153
Saved BEST checkpoint -> /workspace/train_17/checkpoints_17/mlp/best.pt
Saved checkpoint -> /workspace/train_17/checkpoints_17/mlp/epoch_12.pt
Epoch 13
  chunk 0 final batch loss = 0.804446
  chunk 1 final batch loss = 0.796570
  chunk 2 final batch loss = 0.436132
  chunk 3 final batch loss = 0.372314
  chunk 4 final batch loss = 0.757229
  chunk 5 final batch loss = 0.564750
  chunk 6 final batch loss = 0.247862
  chunk 7 final batch loss = 0.420052
  chunk 8 final batch loss = 0.383649
  chunk 9 final batch loss = 0.671454
  chunk 10 final batch loss = 0.434300
  chunk 11 final batch loss = 0.827155
  chunk 12 final batch loss = 0.737874
  chunk 13 final batch loss = 0.723195
  chunk 14 final batch loss = 0.450386
  chunk 15 final batch loss = 0.353747
  chunk 16 final batch loss = 0.332092
  chunk 17 final batch loss = 0.460400
  chunk 18 final batch loss = 0.644757
  chunk 19 final batch loss = 0.259875
  chunk 20 final batch loss = 0.817526
  chunk 21 final batch loss = 0.685919
  chunk 22 final batch loss = 0.788136
  chunk 23 final batch loss = 0.704965
  chunk 24 final batch loss = 0.801568
  chunk 25 final batch loss = 0.358171
  chunk 26 final batch loss = 0.791963
  chunk 27 final batch loss = 0.234392
  chunk 28 final batch loss = 0.274716
  chunk 29 final batch loss = 0.809843
  chunk 30 final batch loss = 0.375489
  chunk 31 final batch loss = 0.328428
  chunk 32 final batch loss = 0.728521
  chunk 33 final batch loss = 0.280140
  chunk 34 final batch loss = 0.398296
  chunk 35 final batch loss = 0.801250
  chunk 36 final batch loss = 0.684096
  chunk 37 final batch loss = 0.543980
  chunk 38 final batch loss = 0.284847
  chunk 39 final batch loss = 0.827935
  chunk 40 final batch loss = 0.303367
  chunk 41 final batch loss = 0.688811
  chunk 42 final batch loss = 0.286055
  chunk 43 final batch loss = 0.798297
  chunk 44 final batch loss = 0.366839
  chunk 45 final batch loss = 0.754855
  chunk 46 final batch loss = 0.271925
  chunk 47 final batch loss = 0.272727
  chunk 48 final batch loss = 0.334767
  chunk 49 final batch loss = 0.783932
  chunk 50 final batch loss = 0.741302
  chunk 51 final batch loss = 0.343688
  chunk 52 final batch loss = 0.256341
  chunk 53 final batch loss = 0.555753
  chunk 54 final batch loss = 0.371669
  chunk 55 final batch loss = 0.282784
  chunk 56 final batch loss = 0.719634
  chunk 57 final batch loss = 0.764483
  chunk 58 final batch loss = 0.659277
  chunk 59 final batch loss = 0.307866
  chunk 60 final batch loss = 0.667016
  chunk 61 final batch loss = 0.349999
  chunk 62 final batch loss = 0.308744
  chunk 63 final batch loss = 0.766857
  chunk 64 final batch loss = 0.791991
  chunk 65 final batch loss = 0.409816
  chunk 66 final batch loss = 0.645822
  chunk 67 final batch loss = 0.798497
  chunk 68 final batch loss = 0.456220
  chunk 69 final batch loss = 0.677863
  chunk 70 final batch loss = 0.276801
  chunk 71 final batch loss = 0.709668
  chunk 72 final batch loss = 0.729351
  chunk 73 final batch loss = 0.419509
  chunk 74 final batch loss = 0.548522
  chunk 75 final batch loss = 0.267422
  chunk 76 final batch loss = 0.275401
  chunk 77 final batch loss = 0.441014
  chunk 78 final batch loss = 0.782915
  chunk 79 final batch loss = 0.621849
Validation loss: 0.480479
Saved BEST checkpoint -> /workspace/train_17/checkpoints_17/mlp/best.pt
Saved checkpoint -> /workspace/train_17/checkpoints_17/mlp/epoch_13.pt
Epoch 14
  chunk 0 final batch loss = 0.795416
  chunk 1 final batch loss = 0.787142
  chunk 2 final batch loss = 0.446064
  chunk 3 final batch loss = 0.357392
  chunk 4 final batch loss = 0.734518
  chunk 5 final batch loss = 0.565961
  chunk 6 final batch loss = 0.243300
  chunk 7 final batch loss = 0.441074
  chunk 8 final batch loss = 0.405080
  chunk 9 final batch loss = 0.639724
  chunk 10 final batch loss = 0.479241
  chunk 11 final batch loss = 0.819029
  chunk 12 final batch loss = 0.768999
  chunk 13 final batch loss = 0.758470
  chunk 14 final batch loss = 0.484088
  chunk 15 final batch loss = 0.345853
  chunk 16 final batch loss = 0.332284
  chunk 17 final batch loss = 0.499286
  chunk 18 final batch loss = 0.624382
  chunk 19 final batch loss = 0.283510
  chunk 20 final batch loss = 0.787341
  chunk 21 final batch loss = 0.670823
  chunk 22 final batch loss = 0.784851
  chunk 23 final batch loss = 0.681693
  chunk 24 final batch loss = 0.805798
  chunk 25 final batch loss = 0.348271
  chunk 26 final batch loss = 0.780883
  chunk 27 final batch loss = 0.247017
  chunk 28 final batch loss = 0.269955
  chunk 29 final batch loss = 0.809011
  chunk 30 final batch loss = 0.348185
  chunk 31 final batch loss = 0.345692
  chunk 32 final batch loss = 0.730963
  chunk 33 final batch loss = 0.264664
  chunk 34 final batch loss = 0.427362
  chunk 35 final batch loss = 0.787731
  chunk 36 final batch loss = 0.697036
  chunk 37 final batch loss = 0.532624
  chunk 38 final batch loss = 0.286276
  chunk 39 final batch loss = 0.826392
  chunk 40 final batch loss = 0.296906
  chunk 41 final batch loss = 0.673483
  chunk 42 final batch loss = 0.291052
  chunk 43 final batch loss = 0.805780
  chunk 44 final batch loss = 0.384169
  chunk 45 final batch loss = 0.734448
  chunk 46 final batch loss = 0.290097
  chunk 47 final batch loss = 0.272876
  chunk 48 final batch loss = 0.325582
  chunk 49 final batch loss = 0.799399
  chunk 50 final batch loss = 0.669738
  chunk 51 final batch loss = 0.340274
  chunk 52 final batch loss = 0.249667
  chunk 53 final batch loss = 0.553157
  chunk 54 final batch loss = 0.355957
  chunk 55 final batch loss = 0.280420
  chunk 56 final batch loss = 0.734488
  chunk 57 final batch loss = 0.723243
  chunk 58 final batch loss = 0.662137
  chunk 59 final batch loss = 0.293227
  chunk 60 final batch loss = 0.630391
  chunk 61 final batch loss = 0.337498
  chunk 62 final batch loss = 0.319768
  chunk 63 final batch loss = 0.771559
  chunk 64 final batch loss = 0.785648
  chunk 65 final batch loss = 0.394431
  chunk 66 final batch loss = 0.661346
  chunk 67 final batch loss = 0.802429
  chunk 68 final batch loss = 0.485482
  chunk 69 final batch loss = 0.665664
  chunk 70 final batch loss = 0.269794
  chunk 71 final batch loss = 0.725052
  chunk 72 final batch loss = 0.748070
  chunk 73 final batch loss = 0.481441
  chunk 74 final batch loss = 0.537777
  chunk 75 final batch loss = 0.293022
  chunk 76 final batch loss = 0.244972
  chunk 77 final batch loss = 0.447712
  chunk 78 final batch loss = 0.787178
  chunk 79 final batch loss = 0.664692
Validation loss: 0.480895
No improvement for 1 epochs
Saved checkpoint -> /workspace/train_17/checkpoints_17/mlp/epoch_14.pt
Epoch 15
  chunk 0 final batch loss = 0.802647
  chunk 1 final batch loss = 0.795678
  chunk 2 final batch loss = 0.456734
  chunk 3 final batch loss = 0.331000
  chunk 4 final batch loss = 0.749470
  chunk 5 final batch loss = 0.576913
  chunk 6 final batch loss = 0.271843
  chunk 7 final batch loss = 0.445212
  chunk 8 final batch loss = 0.387475
  chunk 9 final batch loss = 0.619218
  chunk 10 final batch loss = 0.440968
  chunk 11 final batch loss = 0.834514
  chunk 12 final batch loss = 0.710202
  chunk 13 final batch loss = 0.724146
  chunk 14 final batch loss = 0.411258
  chunk 15 final batch loss = 0.306820
  chunk 16 final batch loss = 0.319993
  chunk 17 final batch loss = 0.493991
  chunk 18 final batch loss = 0.633640
  chunk 19 final batch loss = 0.298569
  chunk 20 final batch loss = 0.804260
  chunk 21 final batch loss = 0.677211
  chunk 22 final batch loss = 0.793326
  chunk 23 final batch loss = 0.665949
  chunk 24 final batch loss = 0.796364
  chunk 25 final batch loss = 0.359841
  chunk 26 final batch loss = 0.793811
  chunk 27 final batch loss = 0.252259
  chunk 28 final batch loss = 0.252686
  chunk 29 final batch loss = 0.800184
  chunk 30 final batch loss = 0.343951
  chunk 31 final batch loss = 0.320656
  chunk 32 final batch loss = 0.720975
  chunk 33 final batch loss = 0.262399
  chunk 34 final batch loss = 0.420396
  chunk 35 final batch loss = 0.808368
  chunk 36 final batch loss = 0.720027
  chunk 37 final batch loss = 0.545409
  chunk 38 final batch loss = 0.276840
  chunk 39 final batch loss = 0.823775
  chunk 40 final batch loss = 0.274928
  chunk 41 final batch loss = 0.698464
  chunk 42 final batch loss = 0.276311
  chunk 43 final batch loss = 0.798011
  chunk 44 final batch loss = 0.391696
  chunk 45 final batch loss = 0.758220
  chunk 46 final batch loss = 0.280213
  chunk 47 final batch loss = 0.288341
  chunk 48 final batch loss = 0.313933
  chunk 49 final batch loss = 0.791534
  chunk 50 final batch loss = 0.683752
  chunk 51 final batch loss = 0.315438
  chunk 52 final batch loss = 0.246209
  chunk 53 final batch loss = 0.540331
  chunk 54 final batch loss = 0.371285
  chunk 55 final batch loss = 0.286334
  chunk 56 final batch loss = 0.725042
  chunk 57 final batch loss = 0.748754
  chunk 58 final batch loss = 0.700577
  chunk 59 final batch loss = 0.286507
  chunk 60 final batch loss = 0.690209
  chunk 61 final batch loss = 0.312929
  chunk 62 final batch loss = 0.302133
  chunk 63 final batch loss = 0.780867
  chunk 64 final batch loss = 0.803439
  chunk 65 final batch loss = 0.344460
  chunk 66 final batch loss = 0.621934
  chunk 67 final batch loss = 0.797038
  chunk 68 final batch loss = 0.469271
  chunk 69 final batch loss = 0.674100
  chunk 70 final batch loss = 0.258214
  chunk 71 final batch loss = 0.685708
  chunk 72 final batch loss = 0.729323
  chunk 73 final batch loss = 0.384435
  chunk 74 final batch loss = 0.559210
  chunk 75 final batch loss = 0.255025
  chunk 76 final batch loss = 0.235012
  chunk 77 final batch loss = 0.444936
  chunk 78 final batch loss = 0.804695
  chunk 79 final batch loss = 0.625755
Validation loss: 0.477961
Saved BEST checkpoint -> /workspace/train_17/checkpoints_17/mlp/best.pt
Saved checkpoint -> /workspace/train_17/checkpoints_17/mlp/epoch_15.pt
Epoch 16
  chunk 0 final batch loss = 0.805442
  chunk 1 final batch loss = 0.803908
  chunk 2 final batch loss = 0.499564
  chunk 3 final batch loss = 0.319750
  chunk 4 final batch loss = 0.773957
  chunk 5 final batch loss = 0.546633
  chunk 6 final batch loss = 0.244501
  chunk 7 final batch loss = 0.439261
  chunk 8 final batch loss = 0.379775
  chunk 9 final batch loss = 0.625966
  chunk 10 final batch loss = 0.478149
  chunk 11 final batch loss = 0.823821
  chunk 12 final batch loss = 0.753430
  chunk 13 final batch loss = 0.740960
  chunk 14 final batch loss = 0.459543
  chunk 15 final batch loss = 0.335375
  chunk 16 final batch loss = 0.308693
  chunk 17 final batch loss = 0.463857
  chunk 18 final batch loss = 0.632058
  chunk 19 final batch loss = 0.281488
  chunk 20 final batch loss = 0.807579
  chunk 21 final batch loss = 0.660248
  chunk 22 final batch loss = 0.813822
  chunk 23 final batch loss = 0.717378
  chunk 24 final batch loss = 0.791712
  chunk 25 final batch loss = 0.321668
  chunk 26 final batch loss = 0.793152
  chunk 27 final batch loss = 0.236277
  chunk 28 final batch loss = 0.274853
  chunk 29 final batch loss = 0.804019
  chunk 30 final batch loss = 0.329710
  chunk 31 final batch loss = 0.312712
  chunk 32 final batch loss = 0.729509
  chunk 33 final batch loss = 0.261262
  chunk 34 final batch loss = 0.464649
  chunk 35 final batch loss = 0.797943
  chunk 36 final batch loss = 0.679132
  chunk 37 final batch loss = 0.552731
  chunk 38 final batch loss = 0.282189
  chunk 39 final batch loss = 0.828685
  chunk 40 final batch loss = 0.271457
  chunk 41 final batch loss = 0.695112
  chunk 42 final batch loss = 0.285703
  chunk 43 final batch loss = 0.793557
  chunk 44 final batch loss = 0.381935
  chunk 45 final batch loss = 0.748872
  chunk 46 final batch loss = 0.268223
  chunk 47 final batch loss = 0.287288
  chunk 48 final batch loss = 0.342434
  chunk 49 final batch loss = 0.810059
  chunk 50 final batch loss = 0.709140
  chunk 51 final batch loss = 0.333310
  chunk 52 final batch loss = 0.245496
  chunk 53 final batch loss = 0.540940
  chunk 54 final batch loss = 0.380030
  chunk 55 final batch loss = 0.284802
  chunk 56 final batch loss = 0.724308
  chunk 57 final batch loss = 0.729017
  chunk 58 final batch loss = 0.675277
  chunk 59 final batch loss = 0.314946
  chunk 60 final batch loss = 0.692873
  chunk 61 final batch loss = 0.327549
  chunk 62 final batch loss = 0.326576
  chunk 63 final batch loss = 0.755719
  chunk 64 final batch loss = 0.798013
  chunk 65 final batch loss = 0.391515
  chunk 66 final batch loss = 0.665213
  chunk 67 final batch loss = 0.791362
  chunk 68 final batch loss = 0.442057
  chunk 69 final batch loss = 0.708696
  chunk 70 final batch loss = 0.245899
  chunk 71 final batch loss = 0.683917
  chunk 72 final batch loss = 0.737610
  chunk 73 final batch loss = 0.441951
  chunk 74 final batch loss = 0.554810
  chunk 75 final batch loss = 0.278147
  chunk 76 final batch loss = 0.238885
  chunk 77 final batch loss = 0.463896
  chunk 78 final batch loss = 0.798844
  chunk 79 final batch loss = 0.644668
Validation loss: 0.475925
Saved BEST checkpoint -> /workspace/train_17/checkpoints_17/mlp/best.pt
Saved checkpoint -> /workspace/train_17/checkpoints_17/mlp/epoch_16.pt
Epoch 17
  chunk 0 final batch loss = 0.799432
  chunk 1 final batch loss = 0.789993
  chunk 2 final batch loss = 0.489414
  chunk 3 final batch loss = 0.350275
  chunk 4 final batch loss = 0.765450
  chunk 5 final batch loss = 0.523159
  chunk 6 final batch loss = 0.264332
  chunk 7 final batch loss = 0.459860
  chunk 8 final batch loss = 0.401478
  chunk 9 final batch loss = 0.667432
  chunk 10 final batch loss = 0.428799
  chunk 11 final batch loss = 0.824243
  chunk 12 final batch loss = 0.737439
  chunk 13 final batch loss = 0.698601
  chunk 14 final batch loss = 0.445614
  chunk 15 final batch loss = 0.319122
  chunk 16 final batch loss = 0.339967
  chunk 17 final batch loss = 0.442871
  chunk 18 final batch loss = 0.637956
  chunk 19 final batch loss = 0.272186
  chunk 20 final batch loss = 0.808095
  chunk 21 final batch loss = 0.707360
  chunk 22 final batch loss = 0.787426
  chunk 23 final batch loss = 0.720025
  chunk 24 final batch loss = 0.791424
  chunk 25 final batch loss = 0.333412
  chunk 26 final batch loss = 0.800055
  chunk 27 final batch loss = 0.268812
  chunk 28 final batch loss = 0.260534
  chunk 29 final batch loss = 0.817008
  chunk 30 final batch loss = 0.335489
  chunk 31 final batch loss = 0.328016
  chunk 32 final batch loss = 0.720563
  chunk 33 final batch loss = 0.261427
  chunk 34 final batch loss = 0.463263
  chunk 35 final batch loss = 0.788526
  chunk 36 final batch loss = 0.728859
  chunk 37 final batch loss = 0.520504
  chunk 38 final batch loss = 0.280464
  chunk 39 final batch loss = 0.831217
  chunk 40 final batch loss = 0.287714
  chunk 41 final batch loss = 0.678222
  chunk 42 final batch loss = 0.287818
  chunk 43 final batch loss = 0.800522
  chunk 44 final batch loss = 0.382256
  chunk 45 final batch loss = 0.763281
  chunk 46 final batch loss = 0.275026
  chunk 47 final batch loss = 0.279706
  chunk 48 final batch loss = 0.346455
  chunk 49 final batch loss = 0.790658
  chunk 50 final batch loss = 0.680694
  chunk 51 final batch loss = 0.314391
  chunk 52 final batch loss = 0.281355
  chunk 53 final batch loss = 0.505762
  chunk 54 final batch loss = 0.343767
  chunk 55 final batch loss = 0.282436
  chunk 56 final batch loss = 0.761465
  chunk 57 final batch loss = 0.738100
  chunk 58 final batch loss = 0.653342
  chunk 59 final batch loss = 0.255628
  chunk 60 final batch loss = 0.691118
  chunk 61 final batch loss = 0.316865
  chunk 62 final batch loss = 0.341447
  chunk 63 final batch loss = 0.775366
  chunk 64 final batch loss = 0.794830
  chunk 65 final batch loss = 0.374279
  chunk 66 final batch loss = 0.640022
  chunk 67 final batch loss = 0.789606
  chunk 68 final batch loss = 0.448091
  chunk 69 final batch loss = 0.624703
  chunk 70 final batch loss = 0.258224
  chunk 71 final batch loss = 0.678930
  chunk 72 final batch loss = 0.737369
  chunk 73 final batch loss = 0.452609
  chunk 74 final batch loss = 0.563955
  chunk 75 final batch loss = 0.278364
  chunk 76 final batch loss = 0.221193
  chunk 77 final batch loss = 0.448591
  chunk 78 final batch loss = 0.801352
  chunk 79 final batch loss = 0.643538
Validation loss: 0.475127
Saved BEST checkpoint -> /workspace/train_17/checkpoints_17/mlp/best.pt
Saved checkpoint -> /workspace/train_17/checkpoints_17/mlp/epoch_17.pt
Epoch 18
  chunk 0 final batch loss = 0.794737
  chunk 1 final batch loss = 0.795918
  chunk 2 final batch loss = 0.438172
  chunk 3 final batch loss = 0.315940
  chunk 4 final batch loss = 0.747158
  chunk 5 final batch loss = 0.551409
  chunk 6 final batch loss = 0.261146
  chunk 7 final batch loss = 0.446965
  chunk 8 final batch loss = 0.378804
  chunk 9 final batch loss = 0.655354
  chunk 10 final batch loss = 0.444478
  chunk 11 final batch loss = 0.825419
  chunk 12 final batch loss = 0.730170
  chunk 13 final batch loss = 0.709501
  chunk 14 final batch loss = 0.471074
  chunk 15 final batch loss = 0.342352
  chunk 16 final batch loss = 0.338547
  chunk 17 final batch loss = 0.455302
  chunk 18 final batch loss = 0.587679
  chunk 19 final batch loss = 0.254426
  chunk 20 final batch loss = 0.826380
  chunk 21 final batch loss = 0.658757
  chunk 22 final batch loss = 0.792774
  chunk 23 final batch loss = 0.686753
  chunk 24 final batch loss = 0.799343
  chunk 25 final batch loss = 0.340992
  chunk 26 final batch loss = 0.793019
  chunk 27 final batch loss = 0.237481
  chunk 28 final batch loss = 0.264567
  chunk 29 final batch loss = 0.815454
  chunk 30 final batch loss = 0.336497
  chunk 31 final batch loss = 0.305104
  chunk 32 final batch loss = 0.733574
  chunk 33 final batch loss = 0.259411
  chunk 34 final batch loss = 0.413649
  chunk 35 final batch loss = 0.805609
  chunk 36 final batch loss = 0.715326
  chunk 37 final batch loss = 0.524072
  chunk 38 final batch loss = 0.275060
  chunk 39 final batch loss = 0.826536
  chunk 40 final batch loss = 0.290181
  chunk 41 final batch loss = 0.687130
  chunk 42 final batch loss = 0.294733
  chunk 43 final batch loss = 0.801334
  chunk 44 final batch loss = 0.399548
  chunk 45 final batch loss = 0.719296
  chunk 46 final batch loss = 0.275558
  chunk 47 final batch loss = 0.264735
  chunk 48 final batch loss = 0.322385
  chunk 49 final batch loss = 0.796731
  chunk 50 final batch loss = 0.674101
  chunk 51 final batch loss = 0.317921
  chunk 52 final batch loss = 0.246597
  chunk 53 final batch loss = 0.489644
  chunk 54 final batch loss = 0.383183
  chunk 55 final batch loss = 0.281028
  chunk 56 final batch loss = 0.731589
  chunk 57 final batch loss = 0.768390
  chunk 58 final batch loss = 0.670116
  chunk 59 final batch loss = 0.263763
  chunk 60 final batch loss = 0.686309
  chunk 61 final batch loss = 0.330182
  chunk 62 final batch loss = 0.333981
  chunk 63 final batch loss = 0.746538
  chunk 64 final batch loss = 0.794387
  chunk 65 final batch loss = 0.393393
  chunk 66 final batch loss = 0.632861
  chunk 67 final batch loss = 0.810301
  chunk 68 final batch loss = 0.462481
  chunk 69 final batch loss = 0.677838
  chunk 70 final batch loss = 0.274633
  chunk 71 final batch loss = 0.681388
  chunk 72 final batch loss = 0.701762
  chunk 73 final batch loss = 0.469080
  chunk 74 final batch loss = 0.526786
  chunk 75 final batch loss = 0.274753
  chunk 76 final batch loss = 0.233044
  chunk 77 final batch loss = 0.439289
  chunk 78 final batch loss = 0.806432
  chunk 79 final batch loss = 0.622446
Validation loss: 0.474394
Saved BEST checkpoint -> /workspace/train_17/checkpoints_17/mlp/best.pt
Saved checkpoint -> /workspace/train_17/checkpoints_17/mlp/epoch_18.pt
Epoch 19
  chunk 0 final batch loss = 0.804758
  chunk 1 final batch loss = 0.783532
  chunk 2 final batch loss = 0.439197
  chunk 3 final batch loss = 0.327215
  chunk 4 final batch loss = 0.757274
  chunk 5 final batch loss = 0.534172
  chunk 6 final batch loss = 0.256232
  chunk 7 final batch loss = 0.449813
  chunk 8 final batch loss = 0.343147
  chunk 9 final batch loss = 0.587872
  chunk 10 final batch loss = 0.437139
  chunk 11 final batch loss = 0.824623
  chunk 12 final batch loss = 0.703372
  chunk 13 final batch loss = 0.718193
  chunk 14 final batch loss = 0.423680
  chunk 15 final batch loss = 0.343336
  chunk 16 final batch loss = 0.308429
  chunk 17 final batch loss = 0.464833
  chunk 18 final batch loss = 0.651698
  chunk 19 final batch loss = 0.278934
  chunk 20 final batch loss = 0.810515
  chunk 21 final batch loss = 0.651312
  chunk 22 final batch loss = 0.794739
  chunk 23 final batch loss = 0.676663
  chunk 24 final batch loss = 0.798111
  chunk 25 final batch loss = 0.339857
  chunk 26 final batch loss = 0.792016
  chunk 27 final batch loss = 0.254875
  chunk 28 final batch loss = 0.264595
  chunk 29 final batch loss = 0.789703
  chunk 30 final batch loss = 0.318204
  chunk 31 final batch loss = 0.319817
  chunk 32 final batch loss = 0.686548
  chunk 33 final batch loss = 0.260254
  chunk 34 final batch loss = 0.407839
  chunk 35 final batch loss = 0.804765
  chunk 36 final batch loss = 0.699227
  chunk 37 final batch loss = 0.513685
  chunk 38 final batch loss = 0.271994
  chunk 39 final batch loss = 0.808945
  chunk 40 final batch loss = 0.265816
  chunk 41 final batch loss = 0.686501
  chunk 42 final batch loss = 0.278261
  chunk 43 final batch loss = 0.806125
  chunk 44 final batch loss = 0.383573
  chunk 45 final batch loss = 0.774053
  chunk 46 final batch loss = 0.277117
  chunk 47 final batch loss = 0.267777
  chunk 48 final batch loss = 0.304377
  chunk 49 final batch loss = 0.797995
  chunk 50 final batch loss = 0.655937
  chunk 51 final batch loss = 0.323156
  chunk 52 final batch loss = 0.261717
  chunk 53 final batch loss = 0.494991
  chunk 54 final batch loss = 0.353467
  chunk 55 final batch loss = 0.295392
  chunk 56 final batch loss = 0.732243
  chunk 57 final batch loss = 0.732267
  chunk 58 final batch loss = 0.689119
  chunk 59 final batch loss = 0.293440
  chunk 60 final batch loss = 0.714299
  chunk 61 final batch loss = 0.326350
  chunk 62 final batch loss = 0.327215
  chunk 63 final batch loss = 0.777625
  chunk 64 final batch loss = 0.799709
  chunk 65 final batch loss = 0.398178
  chunk 66 final batch loss = 0.601888
  chunk 67 final batch loss = 0.795981
  chunk 68 final batch loss = 0.430696
  chunk 69 final batch loss = 0.679365
  chunk 70 final batch loss = 0.285568
  chunk 71 final batch loss = 0.670333
  chunk 72 final batch loss = 0.731111
  chunk 73 final batch loss = 0.422253
  chunk 74 final batch loss = 0.548907
  chunk 75 final batch loss = 0.279657
  chunk 76 final batch loss = 0.247373
  chunk 77 final batch loss = 0.436510
  chunk 78 final batch loss = 0.789718
  chunk 79 final batch loss = 0.596658
Validation loss: 0.473553
Saved BEST checkpoint -> /workspace/train_17/checkpoints_17/mlp/best.pt
Saved checkpoint -> /workspace/train_17/checkpoints_17/mlp/epoch_19.pt
Epoch 20
  chunk 0 final batch loss = 0.808905
  chunk 1 final batch loss = 0.783614
  chunk 2 final batch loss = 0.415766
  chunk 3 final batch loss = 0.323550
  chunk 4 final batch loss = 0.747284
  chunk 5 final batch loss = 0.517728
  chunk 6 final batch loss = 0.260186
  chunk 7 final batch loss = 0.443839
  chunk 8 final batch loss = 0.381070
  chunk 9 final batch loss = 0.670551
  chunk 10 final batch loss = 0.435598
  chunk 11 final batch loss = 0.820377
  chunk 12 final batch loss = 0.703012
  chunk 13 final batch loss = 0.710195
  chunk 14 final batch loss = 0.468060
  chunk 15 final batch loss = 0.295878
  chunk 16 final batch loss = 0.320101
  chunk 17 final batch loss = 0.458094
  chunk 18 final batch loss = 0.634319
  chunk 19 final batch loss = 0.298054
  chunk 20 final batch loss = 0.811033
  chunk 21 final batch loss = 0.682522
  chunk 22 final batch loss = 0.809481
  chunk 23 final batch loss = 0.651728
  chunk 24 final batch loss = 0.797684
  chunk 25 final batch loss = 0.322421
  chunk 26 final batch loss = 0.785553
  chunk 27 final batch loss = 0.230226
  chunk 28 final batch loss = 0.264296
  chunk 29 final batch loss = 0.822177
  chunk 30 final batch loss = 0.322071
  chunk 31 final batch loss = 0.304147
  chunk 32 final batch loss = 0.729606
  chunk 33 final batch loss = 0.271227
  chunk 34 final batch loss = 0.377094
  chunk 35 final batch loss = 0.793434
  chunk 36 final batch loss = 0.652581
  chunk 37 final batch loss = 0.524063
  chunk 38 final batch loss = 0.274120
  chunk 39 final batch loss = 0.825509
  chunk 40 final batch loss = 0.277516
  chunk 41 final batch loss = 0.697990
  chunk 42 final batch loss = 0.289415
  chunk 43 final batch loss = 0.807221
  chunk 44 final batch loss = 0.376808
  chunk 45 final batch loss = 0.770330
  chunk 46 final batch loss = 0.278579
  chunk 47 final batch loss = 0.260366
  chunk 48 final batch loss = 0.331680
  chunk 49 final batch loss = 0.797570
  chunk 50 final batch loss = 0.680970
  chunk 51 final batch loss = 0.318417
  chunk 52 final batch loss = 0.252404
  chunk 53 final batch loss = 0.514813
  chunk 54 final batch loss = 0.362636
  chunk 55 final batch loss = 0.288121
  chunk 56 final batch loss = 0.703934
  chunk 57 final batch loss = 0.783815
  chunk 58 final batch loss = 0.634158
  chunk 59 final batch loss = 0.282560
  chunk 60 final batch loss = 0.673755
  chunk 61 final batch loss = 0.294905
  chunk 62 final batch loss = 0.323307
  chunk 63 final batch loss = 0.773059
  chunk 64 final batch loss = 0.781966
  chunk 65 final batch loss = 0.381988
  chunk 66 final batch loss = 0.637016
  chunk 67 final batch loss = 0.803142
  chunk 68 final batch loss = 0.437498
  chunk 69 final batch loss = 0.631761
  chunk 70 final batch loss = 0.243028
  chunk 71 final batch loss = 0.694085
  chunk 72 final batch loss = 0.711848
  chunk 73 final batch loss = 0.394150
  chunk 74 final batch loss = 0.542633
  chunk 75 final batch loss = 0.279203
  chunk 76 final batch loss = 0.238502
  chunk 77 final batch loss = 0.407066
  chunk 78 final batch loss = 0.793240
  chunk 79 final batch loss = 0.613755
Validation loss: 0.470734
Saved BEST checkpoint -> /workspace/train_17/checkpoints_17/mlp/best.pt
Saved checkpoint -> /workspace/train_17/checkpoints_17/mlp/epoch_20.pt
Epoch 21
  chunk 0 final batch loss = 0.795697
  chunk 1 final batch loss = 0.783110
  chunk 2 final batch loss = 0.433010
  chunk 3 final batch loss = 0.310919
  chunk 4 final batch loss = 0.736831
  chunk 5 final batch loss = 0.523617
  chunk 6 final batch loss = 0.250940
  chunk 7 final batch loss = 0.461538
  chunk 8 final batch loss = 0.369340
  chunk 9 final batch loss = 0.591684
  chunk 10 final batch loss = 0.406697
  chunk 11 final batch loss = 0.823045
  chunk 12 final batch loss = 0.705866
  chunk 13 final batch loss = 0.699454
  chunk 14 final batch loss = 0.437525
  chunk 15 final batch loss = 0.281332
  chunk 16 final batch loss = 0.337689
  chunk 17 final batch loss = 0.429998
  chunk 18 final batch loss = 0.667398
  chunk 19 final batch loss = 0.261728
  chunk 20 final batch loss = 0.811138
  chunk 21 final batch loss = 0.666442
  chunk 22 final batch loss = 0.787260
  chunk 23 final batch loss = 0.681756
  chunk 24 final batch loss = 0.781082
  chunk 25 final batch loss = 0.312283
  chunk 26 final batch loss = 0.787016
  chunk 27 final batch loss = 0.236354
  chunk 28 final batch loss = 0.256396
  chunk 29 final batch loss = 0.799009
  chunk 30 final batch loss = 0.339967
  chunk 31 final batch loss = 0.311348
  chunk 32 final batch loss = 0.747538
  chunk 33 final batch loss = 0.265077
  chunk 34 final batch loss = 0.404253
  chunk 35 final batch loss = 0.799030
  chunk 36 final batch loss = 0.667004
  chunk 37 final batch loss = 0.548315
  chunk 38 final batch loss = 0.274025
  chunk 39 final batch loss = 0.827860
  chunk 40 final batch loss = 0.267013
  chunk 41 final batch loss = 0.699869
  chunk 42 final batch loss = 0.269998
  chunk 43 final batch loss = 0.802105
  chunk 44 final batch loss = 0.368642
  chunk 45 final batch loss = 0.761443
  chunk 46 final batch loss = 0.282571
  chunk 47 final batch loss = 0.289224
  chunk 48 final batch loss = 0.324806
  chunk 49 final batch loss = 0.779941
  chunk 50 final batch loss = 0.679557
  chunk 51 final batch loss = 0.328075
  chunk 52 final batch loss = 0.251416
  chunk 53 final batch loss = 0.495113
  chunk 54 final batch loss = 0.377685
  chunk 55 final batch loss = 0.290447
  chunk 56 final batch loss = 0.727241
  chunk 57 final batch loss = 0.737557
  chunk 58 final batch loss = 0.623318
  chunk 59 final batch loss = 0.282646
  chunk 60 final batch loss = 0.653815
  chunk 61 final batch loss = 0.324837
  chunk 62 final batch loss = 0.325908
  chunk 63 final batch loss = 0.782016
  chunk 64 final batch loss = 0.796628
  chunk 65 final batch loss = 0.373274
  chunk 66 final batch loss = 0.689141
  chunk 67 final batch loss = 0.798623
  chunk 68 final batch loss = 0.495972
  chunk 69 final batch loss = 0.684195
  chunk 70 final batch loss = 0.266889
  chunk 71 final batch loss = 0.650442
  chunk 72 final batch loss = 0.696922
  chunk 73 final batch loss = 0.418627
  chunk 74 final batch loss = 0.575904
  chunk 75 final batch loss = 0.259313
  chunk 76 final batch loss = 0.234279
  chunk 77 final batch loss = 0.453272
  chunk 78 final batch loss = 0.790787
  chunk 79 final batch loss = 0.559560
Validation loss: 0.470025
Saved BEST checkpoint -> /workspace/train_17/checkpoints_17/mlp/best.pt
Saved checkpoint -> /workspace/train_17/checkpoints_17/mlp/epoch_21.pt
Epoch 22
  chunk 0 final batch loss = 0.799418
  chunk 1 final batch loss = 0.779186
  chunk 2 final batch loss = 0.417051
  chunk 3 final batch loss = 0.336028
  chunk 4 final batch loss = 0.744641
  chunk 5 final batch loss = 0.553041
  chunk 6 final batch loss = 0.239209
  chunk 7 final batch loss = 0.405532
  chunk 8 final batch loss = 0.371143
  chunk 9 final batch loss = 0.594367
  chunk 10 final batch loss = 0.384895
  chunk 11 final batch loss = 0.816820
  chunk 12 final batch loss = 0.722429
  chunk 13 final batch loss = 0.731101
  chunk 14 final batch loss = 0.408241
  chunk 15 final batch loss = 0.311719
  chunk 16 final batch loss = 0.289890
  chunk 17 final batch loss = 0.441937
  chunk 18 final batch loss = 0.631147
  chunk 19 final batch loss = 0.252329
  chunk 20 final batch loss = 0.792312
  chunk 21 final batch loss = 0.677217
  chunk 22 final batch loss = 0.769261
  chunk 23 final batch loss = 0.655224
  chunk 24 final batch loss = 0.779010
  chunk 25 final batch loss = 0.318325
  chunk 26 final batch loss = 0.775183
  chunk 27 final batch loss = 0.248217
  chunk 28 final batch loss = 0.251463
  chunk 29 final batch loss = 0.797844
  chunk 30 final batch loss = 0.328278
  chunk 31 final batch loss = 0.316736
  chunk 32 final batch loss = 0.711823
  chunk 33 final batch loss = 0.260152
  chunk 34 final batch loss = 0.429952
  chunk 35 final batch loss = 0.804743
  chunk 36 final batch loss = 0.680512
  chunk 37 final batch loss = 0.547037
  chunk 38 final batch loss = 0.270560
  chunk 39 final batch loss = 0.823326
  chunk 40 final batch loss = 0.295644
  chunk 41 final batch loss = 0.657436
  chunk 42 final batch loss = 0.252702
  chunk 43 final batch loss = 0.793195
  chunk 44 final batch loss = 0.354958
  chunk 45 final batch loss = 0.749251
  chunk 46 final batch loss = 0.274786
  chunk 47 final batch loss = 0.292257
  chunk 48 final batch loss = 0.319241
  chunk 49 final batch loss = 0.811368
  chunk 50 final batch loss = 0.665001
  chunk 51 final batch loss = 0.308047
  chunk 52 final batch loss = 0.257831
  chunk 53 final batch loss = 0.546243
  chunk 54 final batch loss = 0.352845
  chunk 55 final batch loss = 0.255690
  chunk 56 final batch loss = 0.725232
  chunk 57 final batch loss = 0.743251
  chunk 58 final batch loss = 0.638542
  chunk 59 final batch loss = 0.286593
  chunk 60 final batch loss = 0.598038
  chunk 61 final batch loss = 0.305189
  chunk 62 final batch loss = 0.307915
  chunk 63 final batch loss = 0.783885
  chunk 64 final batch loss = 0.790001
  chunk 65 final batch loss = 0.385045
  chunk 66 final batch loss = 0.619873
  chunk 67 final batch loss = 0.790409
  chunk 68 final batch loss = 0.429874
  chunk 69 final batch loss = 0.648962
  chunk 70 final batch loss = 0.274607
  chunk 71 final batch loss = 0.683625
  chunk 72 final batch loss = 0.734871
  chunk 73 final batch loss = 0.409917
  chunk 74 final batch loss = 0.523133
  chunk 75 final batch loss = 0.243896
  chunk 76 final batch loss = 0.236062
  chunk 77 final batch loss = 0.410174
  chunk 78 final batch loss = 0.793621
  chunk 79 final batch loss = 0.621136
Validation loss: 0.467940
Saved BEST checkpoint -> /workspace/train_17/checkpoints_17/mlp/best.pt
Saved checkpoint -> /workspace/train_17/checkpoints_17/mlp/epoch_22.pt
Epoch 23
  chunk 0 final batch loss = 0.797762
  chunk 1 final batch loss = 0.793720
  chunk 2 final batch loss = 0.427855
  chunk 3 final batch loss = 0.332439
  chunk 4 final batch loss = 0.729003
  chunk 5 final batch loss = 0.542999
  chunk 6 final batch loss = 0.248773
  chunk 7 final batch loss = 0.461008
  chunk 8 final batch loss = 0.348727
  chunk 9 final batch loss = 0.623626
  chunk 10 final batch loss = 0.467311
  chunk 11 final batch loss = 0.814804
  chunk 12 final batch loss = 0.747730
  chunk 13 final batch loss = 0.701730
  chunk 14 final batch loss = 0.433157
  chunk 15 final batch loss = 0.289174
  chunk 16 final batch loss = 0.304702
  chunk 17 final batch loss = 0.437483
  chunk 18 final batch loss = 0.615661
  chunk 19 final batch loss = 0.284307
  chunk 20 final batch loss = 0.802822
  chunk 21 final batch loss = 0.659332
  chunk 22 final batch loss = 0.776140
  chunk 23 final batch loss = 0.641313
  chunk 24 final batch loss = 0.775679
  chunk 25 final batch loss = 0.317921
  chunk 26 final batch loss = 0.769070
  chunk 27 final batch loss = 0.241151
  chunk 28 final batch loss = 0.276242
  chunk 29 final batch loss = 0.806779
  chunk 30 final batch loss = 0.338528
  chunk 31 final batch loss = 0.306529
  chunk 32 final batch loss = 0.732625
  chunk 33 final batch loss = 0.259447
  chunk 34 final batch loss = 0.433061
  chunk 35 final batch loss = 0.788876
  chunk 36 final batch loss = 0.694258
  chunk 37 final batch loss = 0.510477
  chunk 38 final batch loss = 0.252810
  chunk 39 final batch loss = 0.824287
  chunk 40 final batch loss = 0.291755
  chunk 41 final batch loss = 0.664419
  chunk 42 final batch loss = 0.272681
  chunk 43 final batch loss = 0.805969
  chunk 44 final batch loss = 0.387270
  chunk 45 final batch loss = 0.777284
  chunk 46 final batch loss = 0.268342
  chunk 47 final batch loss = 0.260988
  chunk 48 final batch loss = 0.328753
  chunk 49 final batch loss = 0.796424
  chunk 50 final batch loss = 0.635271
  chunk 51 final batch loss = 0.324149
  chunk 52 final batch loss = 0.235115
  chunk 53 final batch loss = 0.561434
  chunk 54 final batch loss = 0.340808
  chunk 55 final batch loss = 0.281654
  chunk 56 final batch loss = 0.703149
  chunk 57 final batch loss = 0.714633
  chunk 58 final batch loss = 0.623981
  chunk 59 final batch loss = 0.275307
  chunk 60 final batch loss = 0.653136
  chunk 61 final batch loss = 0.319266
  chunk 62 final batch loss = 0.307306
  chunk 63 final batch loss = 0.767292
  chunk 64 final batch loss = 0.790036
  chunk 65 final batch loss = 0.369516
  chunk 66 final batch loss = 0.602954
  chunk 67 final batch loss = 0.788893
  chunk 68 final batch loss = 0.472230
  chunk 69 final batch loss = 0.631943
  chunk 70 final batch loss = 0.257043
  chunk 71 final batch loss = 0.699175
  chunk 72 final batch loss = 0.727664
  chunk 73 final batch loss = 0.425989
  chunk 74 final batch loss = 0.492019
  chunk 75 final batch loss = 0.257153
  chunk 76 final batch loss = 0.233953
  chunk 77 final batch loss = 0.425095
  chunk 78 final batch loss = 0.779921
  chunk 79 final batch loss = 0.646570
Validation loss: 0.465913
Saved BEST checkpoint -> /workspace/train_17/checkpoints_17/mlp/best.pt
Saved checkpoint -> /workspace/train_17/checkpoints_17/mlp/epoch_23.pt
Epoch 24
  chunk 0 final batch loss = 0.794139
  chunk 1 final batch loss = 0.799183
  chunk 2 final batch loss = 0.419031
  chunk 3 final batch loss = 0.312432
  chunk 4 final batch loss = 0.732799
  chunk 5 final batch loss = 0.546841
  chunk 6 final batch loss = 0.247237
  chunk 7 final batch loss = 0.439068
  chunk 8 final batch loss = 0.383529
  chunk 9 final batch loss = 0.610001
  chunk 10 final batch loss = 0.506258
  chunk 11 final batch loss = 0.825050
  chunk 12 final batch loss = 0.725166
  chunk 13 final batch loss = 0.728190
  chunk 14 final batch loss = 0.416676
  chunk 15 final batch loss = 0.305842
  chunk 16 final batch loss = 0.301028
  chunk 17 final batch loss = 0.423580
  chunk 18 final batch loss = 0.620602
  chunk 19 final batch loss = 0.278939
  chunk 20 final batch loss = 0.798920
  chunk 21 final batch loss = 0.712264
  chunk 22 final batch loss = 0.767443
  chunk 23 final batch loss = 0.701871
  chunk 24 final batch loss = 0.789072
  chunk 25 final batch loss = 0.319784
  chunk 26 final batch loss = 0.802737
  chunk 27 final batch loss = 0.234623
  chunk 28 final batch loss = 0.259629
  chunk 29 final batch loss = 0.801743
  chunk 30 final batch loss = 0.324245
  chunk 31 final batch loss = 0.315435
  chunk 32 final batch loss = 0.724773
  chunk 33 final batch loss = 0.255754
  chunk 34 final batch loss = 0.412122
  chunk 35 final batch loss = 0.787731
  chunk 36 final batch loss = 0.718796
  chunk 37 final batch loss = 0.577580
  chunk 38 final batch loss = 0.273183
  chunk 39 final batch loss = 0.824341
  chunk 40 final batch loss = 0.309370
  chunk 41 final batch loss = 0.706662
  chunk 42 final batch loss = 0.284773
  chunk 43 final batch loss = 0.807204
  chunk 44 final batch loss = 0.360210
  chunk 45 final batch loss = 0.722214
  chunk 46 final batch loss = 0.260838
  chunk 47 final batch loss = 0.262592
  chunk 48 final batch loss = 0.314326
  chunk 49 final batch loss = 0.807633
  chunk 50 final batch loss = 0.682130
  chunk 51 final batch loss = 0.291649
  chunk 52 final batch loss = 0.252316
  chunk 53 final batch loss = 0.492692
  chunk 54 final batch loss = 0.367421
  chunk 55 final batch loss = 0.276837
  chunk 56 final batch loss = 0.754647
  chunk 57 final batch loss = 0.732027
  chunk 58 final batch loss = 0.666810
  chunk 59 final batch loss = 0.274758
  chunk 60 final batch loss = 0.693550
  chunk 61 final batch loss = 0.283205
  chunk 62 final batch loss = 0.315543
  chunk 63 final batch loss = 0.775683
  chunk 64 final batch loss = 0.803307
  chunk 65 final batch loss = 0.350049
  chunk 66 final batch loss = 0.607176
  chunk 67 final batch loss = 0.808312
  chunk 68 final batch loss = 0.435944
  chunk 69 final batch loss = 0.651888
  chunk 70 final batch loss = 0.271263
  chunk 71 final batch loss = 0.672847
  chunk 72 final batch loss = 0.724338
  chunk 73 final batch loss = 0.442746
  chunk 74 final batch loss = 0.483623
  chunk 75 final batch loss = 0.279938
  chunk 76 final batch loss = 0.242639
  chunk 77 final batch loss = 0.418115
  chunk 78 final batch loss = 0.800450
  chunk 79 final batch loss = 0.636149
Validation loss: 0.465872
Saved BEST checkpoint -> /workspace/train_17/checkpoints_17/mlp/best.pt
Saved checkpoint -> /workspace/train_17/checkpoints_17/mlp/epoch_24.pt
Epoch 25
  chunk 0 final batch loss = 0.805708
  chunk 1 final batch loss = 0.796336
  chunk 2 final batch loss = 0.450883
  chunk 3 final batch loss = 0.316617
  chunk 4 final batch loss = 0.784617
  chunk 5 final batch loss = 0.518488
  chunk 6 final batch loss = 0.253324
  chunk 7 final batch loss = 0.380461
  chunk 8 final batch loss = 0.407032
  chunk 9 final batch loss = 0.581326
  chunk 10 final batch loss = 0.452876
  chunk 11 final batch loss = 0.822822
  chunk 12 final batch loss = 0.694385
  chunk 13 final batch loss = 0.710364
  chunk 14 final batch loss = 0.385833
  chunk 15 final batch loss = 0.310270
  chunk 16 final batch loss = 0.309110
  chunk 17 final batch loss = 0.422982
  chunk 18 final batch loss = 0.664794
  chunk 19 final batch loss = 0.287034
  chunk 20 final batch loss = 0.801040
  chunk 21 final batch loss = 0.696219
  chunk 22 final batch loss = 0.769963
  chunk 23 final batch loss = 0.698465
  chunk 24 final batch loss = 0.784771
  chunk 25 final batch loss = 0.328986
  chunk 26 final batch loss = 0.817511
  chunk 27 final batch loss = 0.229490
  chunk 28 final batch loss = 0.246176
  chunk 29 final batch loss = 0.812043
  chunk 30 final batch loss = 0.316013
  chunk 31 final batch loss = 0.316280
  chunk 32 final batch loss = 0.713452
  chunk 33 final batch loss = 0.248832
  chunk 34 final batch loss = 0.431825
  chunk 35 final batch loss = 0.793564
  chunk 36 final batch loss = 0.721445
  chunk 37 final batch loss = 0.507847
  chunk 38 final batch loss = 0.274015
  chunk 39 final batch loss = 0.818082
  chunk 40 final batch loss = 0.270801
  chunk 41 final batch loss = 0.676071
  chunk 42 final batch loss = 0.270835
  chunk 43 final batch loss = 0.800745
  chunk 44 final batch loss = 0.372572
  chunk 45 final batch loss = 0.775904
  chunk 46 final batch loss = 0.284686
  chunk 47 final batch loss = 0.284793
  chunk 48 final batch loss = 0.307292
  chunk 49 final batch loss = 0.776316
  chunk 50 final batch loss = 0.644877
  chunk 51 final batch loss = 0.304379
  chunk 52 final batch loss = 0.235898
  chunk 53 final batch loss = 0.478838
  chunk 54 final batch loss = 0.362587
  chunk 55 final batch loss = 0.265053
  chunk 56 final batch loss = 0.708261
  chunk 57 final batch loss = 0.741192
  chunk 58 final batch loss = 0.647815
  chunk 59 final batch loss = 0.275486
  chunk 60 final batch loss = 0.672753
  chunk 61 final batch loss = 0.329310
  chunk 62 final batch loss = 0.317362
  chunk 63 final batch loss = 0.778521
  chunk 64 final batch loss = 0.794653
  chunk 65 final batch loss = 0.409998
  chunk 66 final batch loss = 0.597043
  chunk 67 final batch loss = 0.790016
  chunk 68 final batch loss = 0.466947
  chunk 69 final batch loss = 0.668579
  chunk 70 final batch loss = 0.280409
  chunk 71 final batch loss = 0.693468
  chunk 72 final batch loss = 0.735058
  chunk 73 final batch loss = 0.411105
  chunk 74 final batch loss = 0.511994
  chunk 75 final batch loss = 0.258412
  chunk 76 final batch loss = 0.244000
  chunk 77 final batch loss = 0.445052
  chunk 78 final batch loss = 0.780570
  chunk 79 final batch loss = 0.622398
Validation loss: 0.464774
Saved BEST checkpoint -> /workspace/train_17/checkpoints_17/mlp/best.pt
Saved checkpoint -> /workspace/train_17/checkpoints_17/mlp/epoch_25.pt
Epoch 26
  chunk 0 final batch loss = 0.801083
  chunk 1 final batch loss = 0.801440
  chunk 2 final batch loss = 0.426516
  chunk 3 final batch loss = 0.338107
  chunk 4 final batch loss = 0.757997
  chunk 5 final batch loss = 0.514707
  chunk 6 final batch loss = 0.236684
  chunk 7 final batch loss = 0.460750
  chunk 8 final batch loss = 0.382466
  chunk 9 final batch loss = 0.587471
  chunk 10 final batch loss = 0.413001
  chunk 11 final batch loss = 0.826014
  chunk 12 final batch loss = 0.712303
  chunk 13 final batch loss = 0.725947
  chunk 14 final batch loss = 0.387556
  chunk 15 final batch loss = 0.298623
  chunk 16 final batch loss = 0.318321
  chunk 17 final batch loss = 0.425988
  chunk 18 final batch loss = 0.580982
  chunk 19 final batch loss = 0.279262
  chunk 20 final batch loss = 0.815601
  chunk 21 final batch loss = 0.634395
  chunk 22 final batch loss = 0.763104
  chunk 23 final batch loss = 0.657422
  chunk 24 final batch loss = 0.794124
  chunk 25 final batch loss = 0.323815
  chunk 26 final batch loss = 0.791253
  chunk 27 final batch loss = 0.251343
  chunk 28 final batch loss = 0.268323
  chunk 29 final batch loss = 0.806039
  chunk 30 final batch loss = 0.295179
  chunk 31 final batch loss = 0.305006
  chunk 32 final batch loss = 0.714942
  chunk 33 final batch loss = 0.269706
  chunk 34 final batch loss = 0.388584
  chunk 35 final batch loss = 0.777373
  chunk 36 final batch loss = 0.713426
  chunk 37 final batch loss = 0.524926
  chunk 38 final batch loss = 0.267682
  chunk 39 final batch loss = 0.816778
  chunk 40 final batch loss = 0.294098
  chunk 41 final batch loss = 0.676501
  chunk 42 final batch loss = 0.278584
  chunk 43 final batch loss = 0.806154
  chunk 44 final batch loss = 0.365809
  chunk 45 final batch loss = 0.714954
  chunk 46 final batch loss = 0.264057
  chunk 47 final batch loss = 0.282090
  chunk 48 final batch loss = 0.320884
  chunk 49 final batch loss = 0.796580
  chunk 50 final batch loss = 0.631296
  chunk 51 final batch loss = 0.293430
  chunk 52 final batch loss = 0.231134
  chunk 53 final batch loss = 0.514610
  chunk 54 final batch loss = 0.366481
  chunk 55 final batch loss = 0.277776
  chunk 56 final batch loss = 0.737288
  chunk 57 final batch loss = 0.725802
  chunk 58 final batch loss = 0.695586
  chunk 59 final batch loss = 0.277504
  chunk 60 final batch loss = 0.636393
  chunk 61 final batch loss = 0.299267
  chunk 62 final batch loss = 0.330774
  chunk 63 final batch loss = 0.770205
  chunk 64 final batch loss = 0.814814
  chunk 65 final batch loss = 0.404389
  chunk 66 final batch loss = 0.622435
  chunk 67 final batch loss = 0.782601
  chunk 68 final batch loss = 0.429433
  chunk 69 final batch loss = 0.611061
  chunk 70 final batch loss = 0.242619
  chunk 71 final batch loss = 0.677742
  chunk 72 final batch loss = 0.716109
  chunk 73 final batch loss = 0.406413
  chunk 74 final batch loss = 0.526714
  chunk 75 final batch loss = 0.282723
  chunk 76 final batch loss = 0.231944
  chunk 77 final batch loss = 0.418057
  chunk 78 final batch loss = 0.778883
  chunk 79 final batch loss = 0.604407
Validation loss: 0.465166
No improvement for 1 epochs
Saved checkpoint -> /workspace/train_17/checkpoints_17/mlp/epoch_26.pt
Epoch 27
  chunk 0 final batch loss = 0.806863
  chunk 1 final batch loss = 0.793012
  chunk 2 final batch loss = 0.420658
  chunk 3 final batch loss = 0.311338
  chunk 4 final batch loss = 0.755076
  chunk 5 final batch loss = 0.529443
  chunk 6 final batch loss = 0.248730
  chunk 7 final batch loss = 0.431284
  chunk 8 final batch loss = 0.392396
  chunk 9 final batch loss = 0.618924
  chunk 10 final batch loss = 0.409453
  chunk 11 final batch loss = 0.820300
  chunk 12 final batch loss = 0.703677
  chunk 13 final batch loss = 0.732229
  chunk 14 final batch loss = 0.403498
  chunk 15 final batch loss = 0.312403
  chunk 16 final batch loss = 0.296049
  chunk 17 final batch loss = 0.402908
  chunk 18 final batch loss = 0.568485
  chunk 19 final batch loss = 0.269853
  chunk 20 final batch loss = 0.802878
  chunk 21 final batch loss = 0.704592
  chunk 22 final batch loss = 0.779913
  chunk 23 final batch loss = 0.645569
  chunk 24 final batch loss = 0.800333
  chunk 25 final batch loss = 0.321452
  chunk 26 final batch loss = 0.796975
  chunk 27 final batch loss = 0.238348
  chunk 28 final batch loss = 0.257355
  chunk 29 final batch loss = 0.798950
  chunk 30 final batch loss = 0.303772
  chunk 31 final batch loss = 0.321066
  chunk 32 final batch loss = 0.720418
  chunk 33 final batch loss = 0.256095
  chunk 34 final batch loss = 0.385158
  chunk 35 final batch loss = 0.794542
  chunk 36 final batch loss = 0.701926
  chunk 37 final batch loss = 0.511334
  chunk 38 final batch loss = 0.274263
  chunk 39 final batch loss = 0.827842
  chunk 40 final batch loss = 0.272455
  chunk 41 final batch loss = 0.630104
  chunk 42 final batch loss = 0.252739
  chunk 43 final batch loss = 0.781985
  chunk 44 final batch loss = 0.406917
  chunk 45 final batch loss = 0.744323
  chunk 46 final batch loss = 0.241442
  chunk 47 final batch loss = 0.261171
  chunk 48 final batch loss = 0.320547
  chunk 49 final batch loss = 0.801676
  chunk 50 final batch loss = 0.645955
  chunk 51 final batch loss = 0.315857
  chunk 52 final batch loss = 0.260590
  chunk 53 final batch loss = 0.456210
  chunk 54 final batch loss = 0.347438
  chunk 55 final batch loss = 0.272673
  chunk 56 final batch loss = 0.735708
  chunk 57 final batch loss = 0.768637
  chunk 58 final batch loss = 0.612651
  chunk 59 final batch loss = 0.277263
  chunk 60 final batch loss = 0.609406
  chunk 61 final batch loss = 0.310958
  chunk 62 final batch loss = 0.328730
  chunk 63 final batch loss = 0.783344
  chunk 64 final batch loss = 0.772814
  chunk 65 final batch loss = 0.371590
  chunk 66 final batch loss = 0.672574
  chunk 67 final batch loss = 0.794057
  chunk 68 final batch loss = 0.403478
  chunk 69 final batch loss = 0.655984
  chunk 70 final batch loss = 0.269109
  chunk 71 final batch loss = 0.665514
  chunk 72 final batch loss = 0.741024
  chunk 73 final batch loss = 0.402145
  chunk 74 final batch loss = 0.555932
  chunk 75 final batch loss = 0.274341
  chunk 76 final batch loss = 0.240863
  chunk 77 final batch loss = 0.389135
  chunk 78 final batch loss = 0.768616
  chunk 79 final batch loss = 0.606422
Validation loss: 0.464295
Saved BEST checkpoint -> /workspace/train_17/checkpoints_17/mlp/best.pt
Saved checkpoint -> /workspace/train_17/checkpoints_17/mlp/epoch_27.pt
Epoch 28
  chunk 0 final batch loss = 0.787095
  chunk 1 final batch loss = 0.782189
  chunk 2 final batch loss = 0.438751
  chunk 3 final batch loss = 0.311150
  chunk 4 final batch loss = 0.769275
  chunk 5 final batch loss = 0.477449
  chunk 6 final batch loss = 0.242299
  chunk 7 final batch loss = 0.402875
  chunk 8 final batch loss = 0.365831
  chunk 9 final batch loss = 0.564220
  chunk 10 final batch loss = 0.456147
  chunk 11 final batch loss = 0.826362
  chunk 12 final batch loss = 0.750023
  chunk 13 final batch loss = 0.726661
  chunk 14 final batch loss = 0.390325
  chunk 15 final batch loss = 0.311146
  chunk 16 final batch loss = 0.311380
  chunk 17 final batch loss = 0.401569
  chunk 18 final batch loss = 0.641985
  chunk 19 final batch loss = 0.261217
  chunk 20 final batch loss = 0.831613
  chunk 21 final batch loss = 0.660263
  chunk 22 final batch loss = 0.798496
  chunk 23 final batch loss = 0.657499
  chunk 24 final batch loss = 0.787579
  chunk 25 final batch loss = 0.319884
  chunk 26 final batch loss = 0.781888
  chunk 27 final batch loss = 0.244247
  chunk 28 final batch loss = 0.272055
  chunk 29 final batch loss = 0.791299
  chunk 30 final batch loss = 0.329542
  chunk 31 final batch loss = 0.299102
  chunk 32 final batch loss = 0.723372
  chunk 33 final batch loss = 0.280845
  chunk 34 final batch loss = 0.407226
  chunk 35 final batch loss = 0.802306
  chunk 36 final batch loss = 0.701531
  chunk 37 final batch loss = 0.499475
  chunk 38 final batch loss = 0.267372
  chunk 39 final batch loss = 0.820252
  chunk 40 final batch loss = 0.268402
  chunk 41 final batch loss = 0.656277
  chunk 42 final batch loss = 0.260360
  chunk 43 final batch loss = 0.800716
  chunk 44 final batch loss = 0.392101
  chunk 45 final batch loss = 0.700994
  chunk 46 final batch loss = 0.240999
  chunk 47 final batch loss = 0.277339
  chunk 48 final batch loss = 0.292613
  chunk 49 final batch loss = 0.803045
  chunk 50 final batch loss = 0.689358
  chunk 51 final batch loss = 0.308754
  chunk 52 final batch loss = 0.262266
  chunk 53 final batch loss = 0.536052
  chunk 54 final batch loss = 0.369474
  chunk 55 final batch loss = 0.273480
  chunk 56 final batch loss = 0.756733
  chunk 57 final batch loss = 0.730708
  chunk 58 final batch loss = 0.652358
  chunk 59 final batch loss = 0.291177
  chunk 60 final batch loss = 0.661001
  chunk 61 final batch loss = 0.314414
  chunk 62 final batch loss = 0.288979
  chunk 63 final batch loss = 0.768929
  chunk 64 final batch loss = 0.787820
  chunk 65 final batch loss = 0.368407
  chunk 66 final batch loss = 0.611291
  chunk 67 final batch loss = 0.800891
  chunk 68 final batch loss = 0.454132
  chunk 69 final batch loss = 0.647773
  chunk 70 final batch loss = 0.252732
  chunk 71 final batch loss = 0.717852
  chunk 72 final batch loss = 0.694537
  chunk 73 final batch loss = 0.398385
  chunk 74 final batch loss = 0.479549
  chunk 75 final batch loss = 0.262775
  chunk 76 final batch loss = 0.240236
  chunk 77 final batch loss = 0.432289
  chunk 78 final batch loss = 0.795878
  chunk 79 final batch loss = 0.611546
Validation loss: 0.463985
Saved BEST checkpoint -> /workspace/train_17/checkpoints_17/mlp/best.pt
Saved checkpoint -> /workspace/train_17/checkpoints_17/mlp/epoch_28.pt
Epoch 29
  chunk 0 final batch loss = 0.795001
  chunk 1 final batch loss = 0.772177
  chunk 2 final batch loss = 0.422502
  chunk 3 final batch loss = 0.290136
  chunk 4 final batch loss = 0.756646
  chunk 5 final batch loss = 0.532202
  chunk 6 final batch loss = 0.257206
  chunk 7 final batch loss = 0.445167
  chunk 8 final batch loss = 0.411659
  chunk 9 final batch loss = 0.613748
  chunk 10 final batch loss = 0.413317
  chunk 11 final batch loss = 0.828383
  chunk 12 final batch loss = 0.719994
  chunk 13 final batch loss = 0.734156
  chunk 14 final batch loss = 0.398709
  chunk 15 final batch loss = 0.287289
  chunk 16 final batch loss = 0.302040
  chunk 17 final batch loss = 0.416162
  chunk 18 final batch loss = 0.629652
  chunk 19 final batch loss = 0.260940
  chunk 20 final batch loss = 0.798486
  chunk 21 final batch loss = 0.686677
  chunk 22 final batch loss = 0.794020
  chunk 23 final batch loss = 0.666909
  chunk 24 final batch loss = 0.777374
  chunk 25 final batch loss = 0.323067
  chunk 26 final batch loss = 0.817780
  chunk 27 final batch loss = 0.217832
  chunk 28 final batch loss = 0.267528
  chunk 29 final batch loss = 0.795721
  chunk 30 final batch loss = 0.277854
  chunk 31 final batch loss = 0.292017
  chunk 32 final batch loss = 0.704271
  chunk 33 final batch loss = 0.262723
  chunk 34 final batch loss = 0.455412
  chunk 35 final batch loss = 0.783945
  chunk 36 final batch loss = 0.705164
  chunk 37 final batch loss = 0.535005
  chunk 38 final batch loss = 0.266482
  chunk 39 final batch loss = 0.828691
  chunk 40 final batch loss = 0.281244
  chunk 41 final batch loss = 0.667969
  chunk 42 final batch loss = 0.258042
  chunk 43 final batch loss = 0.807502
  chunk 44 final batch loss = 0.331902
  chunk 45 final batch loss = 0.747223
  chunk 46 final batch loss = 0.263084
  chunk 47 final batch loss = 0.260205
  chunk 48 final batch loss = 0.304302
  chunk 49 final batch loss = 0.778005
  chunk 50 final batch loss = 0.663601
  chunk 51 final batch loss = 0.299943
  chunk 52 final batch loss = 0.273169
  chunk 53 final batch loss = 0.481958
  chunk 54 final batch loss = 0.341279
  chunk 55 final batch loss = 0.282722
  chunk 56 final batch loss = 0.708569
  chunk 57 final batch loss = 0.716919
  chunk 58 final batch loss = 0.679962
  chunk 59 final batch loss = 0.276741
  chunk 60 final batch loss = 0.632622
  chunk 61 final batch loss = 0.307902
  chunk 62 final batch loss = 0.325188
  chunk 63 final batch loss = 0.762163
  chunk 64 final batch loss = 0.805295
  chunk 65 final batch loss = 0.365401
  chunk 66 final batch loss = 0.622793
  chunk 67 final batch loss = 0.793119
  chunk 68 final batch loss = 0.422095
  chunk 69 final batch loss = 0.649305
  chunk 70 final batch loss = 0.265834
  chunk 71 final batch loss = 0.709523
  chunk 72 final batch loss = 0.739750
  chunk 73 final batch loss = 0.429197
  chunk 74 final batch loss = 0.547311
  chunk 75 final batch loss = 0.273489
  chunk 76 final batch loss = 0.238430
  chunk 77 final batch loss = 0.407129
  chunk 78 final batch loss = 0.784253
  chunk 79 final batch loss = 0.634146
Validation loss: 0.462441
Saved BEST checkpoint -> /workspace/train_17/checkpoints_17/mlp/best.pt
Saved checkpoint -> /workspace/train_17/checkpoints_17/mlp/epoch_29.pt
Epoch 30
  chunk 0 final batch loss = 0.796418
  chunk 1 final batch loss = 0.790292
  chunk 2 final batch loss = 0.466210
  chunk 3 final batch loss = 0.319358
  chunk 4 final batch loss = 0.719565
  chunk 5 final batch loss = 0.500159
  chunk 6 final batch loss = 0.240324
  chunk 7 final batch loss = 0.391394
  chunk 8 final batch loss = 0.354685
  chunk 9 final batch loss = 0.593108
  chunk 10 final batch loss = 0.437645
  chunk 11 final batch loss = 0.827296
  chunk 12 final batch loss = 0.708166
  chunk 13 final batch loss = 0.727395
  chunk 14 final batch loss = 0.404336
  chunk 15 final batch loss = 0.289573
  chunk 16 final batch loss = 0.304716
  chunk 17 final batch loss = 0.453775
  chunk 18 final batch loss = 0.618089
  chunk 19 final batch loss = 0.274868
  chunk 20 final batch loss = 0.805249
  chunk 21 final batch loss = 0.675801
  chunk 22 final batch loss = 0.799623
  chunk 23 final batch loss = 0.649703
  chunk 24 final batch loss = 0.795302
  chunk 25 final batch loss = 0.311424
  chunk 26 final batch loss = 0.809754
  chunk 27 final batch loss = 0.239754
  chunk 28 final batch loss = 0.267404
  chunk 29 final batch loss = 0.800967
  chunk 30 final batch loss = 0.331663
  chunk 31 final batch loss = 0.305815
  chunk 32 final batch loss = 0.722005
  chunk 33 final batch loss = 0.256072
  chunk 34 final batch loss = 0.402594
  chunk 35 final batch loss = 0.798672
  chunk 36 final batch loss = 0.690775
  chunk 37 final batch loss = 0.520985
  chunk 38 final batch loss = 0.273580
  chunk 39 final batch loss = 0.812497
  chunk 40 final batch loss = 0.260403
  chunk 41 final batch loss = 0.649294
  chunk 42 final batch loss = 0.292788
  chunk 43 final batch loss = 0.798351
  chunk 44 final batch loss = 0.366358
  chunk 45 final batch loss = 0.730514
  chunk 46 final batch loss = 0.271232
  chunk 47 final batch loss = 0.277176
  chunk 48 final batch loss = 0.341071
  chunk 49 final batch loss = 0.812318
  chunk 50 final batch loss = 0.674663
  chunk 51 final batch loss = 0.340482
  chunk 52 final batch loss = 0.235973
  chunk 53 final batch loss = 0.508967
  chunk 54 final batch loss = 0.361920
  chunk 55 final batch loss = 0.279693
  chunk 56 final batch loss = 0.686605
  chunk 57 final batch loss = 0.747344
  chunk 58 final batch loss = 0.653331
  chunk 59 final batch loss = 0.283834
  chunk 60 final batch loss = 0.709235
  chunk 61 final batch loss = 0.322396
  chunk 62 final batch loss = 0.323459
  chunk 63 final batch loss = 0.772791
  chunk 64 final batch loss = 0.785479
  chunk 65 final batch loss = 0.367884
  chunk 66 final batch loss = 0.566821
  chunk 67 final batch loss = 0.799326
  chunk 68 final batch loss = 0.427196
  chunk 69 final batch loss = 0.627200
  chunk 70 final batch loss = 0.242883
  chunk 71 final batch loss = 0.664465
  chunk 72 final batch loss = 0.719963
  chunk 73 final batch loss = 0.422516
  chunk 74 final batch loss = 0.521368
  chunk 75 final batch loss = 0.271778
  chunk 76 final batch loss = 0.233123
  chunk 77 final batch loss = 0.392336
  chunk 78 final batch loss = 0.793280
  chunk 79 final batch loss = 0.633147
Validation loss: 0.462017
Saved BEST checkpoint -> /workspace/train_17/checkpoints_17/mlp/best.pt
Saved checkpoint -> /workspace/train_17/checkpoints_17/mlp/epoch_30.pt
Epoch 31
  chunk 0 final batch loss = 0.779280
  chunk 1 final batch loss = 0.787790
  chunk 2 final batch loss = 0.448508
  chunk 3 final batch loss = 0.308090
  chunk 4 final batch loss = 0.764017
  chunk 5 final batch loss = 0.510496
  chunk 6 final batch loss = 0.235524
  chunk 7 final batch loss = 0.376744
  chunk 8 final batch loss = 0.370579
  chunk 9 final batch loss = 0.629773
  chunk 10 final batch loss = 0.435957
  chunk 11 final batch loss = 0.827139
  chunk 12 final batch loss = 0.736200
  chunk 13 final batch loss = 0.765328
  chunk 14 final batch loss = 0.391637
  chunk 15 final batch loss = 0.303689
  chunk 16 final batch loss = 0.295642
  chunk 17 final batch loss = 0.411335
  chunk 18 final batch loss = 0.615960
  chunk 19 final batch loss = 0.292094
  chunk 20 final batch loss = 0.796831
  chunk 21 final batch loss = 0.671414
  chunk 22 final batch loss = 0.777283
  chunk 23 final batch loss = 0.668122
  chunk 24 final batch loss = 0.795660
  chunk 25 final batch loss = 0.323691
  chunk 26 final batch loss = 0.779648
  chunk 27 final batch loss = 0.235195
  chunk 28 final batch loss = 0.264249
  chunk 29 final batch loss = 0.807303
  chunk 30 final batch loss = 0.320494
  chunk 31 final batch loss = 0.304735
  chunk 32 final batch loss = 0.703257
  chunk 33 final batch loss = 0.272224
  chunk 34 final batch loss = 0.402044
  chunk 35 final batch loss = 0.799666
  chunk 36 final batch loss = 0.680590
  chunk 37 final batch loss = 0.574239
  chunk 38 final batch loss = 0.275576
  chunk 39 final batch loss = 0.828228
  chunk 40 final batch loss = 0.279094
  chunk 41 final batch loss = 0.688142
  chunk 42 final batch loss = 0.258289
  chunk 43 final batch loss = 0.803779
  chunk 44 final batch loss = 0.377803
  chunk 45 final batch loss = 0.734883
  chunk 46 final batch loss = 0.259915
  chunk 47 final batch loss = 0.241045
  chunk 48 final batch loss = 0.308513
  chunk 49 final batch loss = 0.798441
  chunk 50 final batch loss = 0.635616
  chunk 51 final batch loss = 0.316633
  chunk 52 final batch loss = 0.272869
  chunk 53 final batch loss = 0.480477
  chunk 54 final batch loss = 0.354347
  chunk 55 final batch loss = 0.275083
  chunk 56 final batch loss = 0.744591
  chunk 57 final batch loss = 0.724203
  chunk 58 final batch loss = 0.630617
  chunk 59 final batch loss = 0.284982
  chunk 60 final batch loss = 0.615550
  chunk 61 final batch loss = 0.320186
  chunk 62 final batch loss = 0.317724
  chunk 63 final batch loss = 0.740674
  chunk 64 final batch loss = 0.782291
  chunk 65 final batch loss = 0.381282
  chunk 66 final batch loss = 0.633651
  chunk 67 final batch loss = 0.792570
  chunk 68 final batch loss = 0.443345
  chunk 69 final batch loss = 0.669579
  chunk 70 final batch loss = 0.251779
  chunk 71 final batch loss = 0.616745
  chunk 72 final batch loss = 0.720639
  chunk 73 final batch loss = 0.418196
  chunk 74 final batch loss = 0.468043
  chunk 75 final batch loss = 0.256555
  chunk 76 final batch loss = 0.243183
  chunk 77 final batch loss = 0.474870
  chunk 78 final batch loss = 0.791939
  chunk 79 final batch loss = 0.582635
Validation loss: 0.461973
Saved BEST checkpoint -> /workspace/train_17/checkpoints_17/mlp/best.pt
Saved checkpoint -> /workspace/train_17/checkpoints_17/mlp/epoch_31.pt
Epoch 32
  chunk 0 final batch loss = 0.794056
  chunk 1 final batch loss = 0.774457
  chunk 2 final batch loss = 0.409295
  chunk 3 final batch loss = 0.331128
  chunk 4 final batch loss = 0.765200
  chunk 5 final batch loss = 0.532294
  chunk 6 final batch loss = 0.251370
  chunk 7 final batch loss = 0.421142
  chunk 8 final batch loss = 0.383733
  chunk 9 final batch loss = 0.658721
  chunk 10 final batch loss = 0.414699
  chunk 11 final batch loss = 0.825235
  chunk 12 final batch loss = 0.686681
  chunk 13 final batch loss = 0.696738
  chunk 14 final batch loss = 0.377808
  chunk 15 final batch loss = 0.290283
  chunk 16 final batch loss = 0.328212
  chunk 17 final batch loss = 0.399902
  chunk 18 final batch loss = 0.632780
  chunk 19 final batch loss = 0.278846
  chunk 20 final batch loss = 0.789035
  chunk 21 final batch loss = 0.659123
  chunk 22 final batch loss = 0.768191
  chunk 23 final batch loss = 0.635734
  chunk 24 final batch loss = 0.789436
  chunk 25 final batch loss = 0.294331
  chunk 26 final batch loss = 0.800069
  chunk 27 final batch loss = 0.235765
  chunk 28 final batch loss = 0.270374
  chunk 29 final batch loss = 0.797866
  chunk 30 final batch loss = 0.324069
  chunk 31 final batch loss = 0.307511
  chunk 32 final batch loss = 0.736805
  chunk 33 final batch loss = 0.254682
  chunk 34 final batch loss = 0.401358
  chunk 35 final batch loss = 0.801491
  chunk 36 final batch loss = 0.623886
  chunk 37 final batch loss = 0.512589
  chunk 38 final batch loss = 0.257732
  chunk 39 final batch loss = 0.819992
  chunk 40 final batch loss = 0.274413
  chunk 41 final batch loss = 0.669764
  chunk 42 final batch loss = 0.266188
  chunk 43 final batch loss = 0.789868
  chunk 44 final batch loss = 0.349180
  chunk 45 final batch loss = 0.745072
  chunk 46 final batch loss = 0.251475
  chunk 47 final batch loss = 0.255388
  chunk 48 final batch loss = 0.323876
  chunk 49 final batch loss = 0.795568
  chunk 50 final batch loss = 0.671885
  chunk 51 final batch loss = 0.311604
  chunk 52 final batch loss = 0.251416
  chunk 53 final batch loss = 0.510256
  chunk 54 final batch loss = 0.370599
  chunk 55 final batch loss = 0.277155
  chunk 56 final batch loss = 0.690610
  chunk 57 final batch loss = 0.734424
  chunk 58 final batch loss = 0.651542
  chunk 59 final batch loss = 0.248550
  chunk 60 final batch loss = 0.615378
  chunk 61 final batch loss = 0.318301
  chunk 62 final batch loss = 0.301619
  chunk 63 final batch loss = 0.756804
  chunk 64 final batch loss = 0.809050
  chunk 65 final batch loss = 0.385441
  chunk 66 final batch loss = 0.670561
  chunk 67 final batch loss = 0.798198
  chunk 68 final batch loss = 0.412904
  chunk 69 final batch loss = 0.708088
  chunk 70 final batch loss = 0.273987
  chunk 71 final batch loss = 0.651019
  chunk 72 final batch loss = 0.689873
  chunk 73 final batch loss = 0.379480
  chunk 74 final batch loss = 0.478877
  chunk 75 final batch loss = 0.270137
  chunk 76 final batch loss = 0.225539
  chunk 77 final batch loss = 0.401675
  chunk 78 final batch loss = 0.770555
  chunk 79 final batch loss = 0.587659
Validation loss: 0.460068
Saved BEST checkpoint -> /workspace/train_17/checkpoints_17/mlp/best.pt
Saved checkpoint -> /workspace/train_17/checkpoints_17/mlp/epoch_32.pt
Epoch 33
  chunk 0 final batch loss = 0.783645
  chunk 1 final batch loss = 0.782219
  chunk 2 final batch loss = 0.413997
  chunk 3 final batch loss = 0.328344
  chunk 4 final batch loss = 0.725317
  chunk 5 final batch loss = 0.563258
  chunk 6 final batch loss = 0.257709
  chunk 7 final batch loss = 0.413675
  chunk 8 final batch loss = 0.378776
  chunk 9 final batch loss = 0.583531
  chunk 10 final batch loss = 0.417246
  chunk 11 final batch loss = 0.815257
  chunk 12 final batch loss = 0.731385
  chunk 13 final batch loss = 0.670430
  chunk 14 final batch loss = 0.383949
  chunk 15 final batch loss = 0.300292
  chunk 16 final batch loss = 0.313787
  chunk 17 final batch loss = 0.437218
  chunk 18 final batch loss = 0.634632
  chunk 19 final batch loss = 0.270843
  chunk 20 final batch loss = 0.797426
  chunk 21 final batch loss = 0.636237
  chunk 22 final batch loss = 0.776638
  chunk 23 final batch loss = 0.677550
  chunk 24 final batch loss = 0.767640
  chunk 25 final batch loss = 0.306378
  chunk 26 final batch loss = 0.805464
  chunk 27 final batch loss = 0.247557
  chunk 28 final batch loss = 0.260273
  chunk 29 final batch loss = 0.789301
  chunk 30 final batch loss = 0.315333
  chunk 31 final batch loss = 0.299922
  chunk 32 final batch loss = 0.723789
  chunk 33 final batch loss = 0.244114
  chunk 34 final batch loss = 0.361198
  chunk 35 final batch loss = 0.800669
  chunk 36 final batch loss = 0.646965
  chunk 37 final batch loss = 0.532205
  chunk 38 final batch loss = 0.257709
  chunk 39 final batch loss = 0.830958
  chunk 40 final batch loss = 0.262338
  chunk 41 final batch loss = 0.618362
  chunk 42 final batch loss = 0.272034
  chunk 43 final batch loss = 0.801176
  chunk 44 final batch loss = 0.377452
  chunk 45 final batch loss = 0.704166
  chunk 46 final batch loss = 0.264763
  chunk 47 final batch loss = 0.264015
  chunk 48 final batch loss = 0.295855
  chunk 49 final batch loss = 0.782610
  chunk 50 final batch loss = 0.663040
  chunk 51 final batch loss = 0.297560
  chunk 52 final batch loss = 0.237443
  chunk 53 final batch loss = 0.492197
  chunk 54 final batch loss = 0.353615
  chunk 55 final batch loss = 0.263339
  chunk 56 final batch loss = 0.692592
  chunk 57 final batch loss = 0.713513
  chunk 58 final batch loss = 0.659713
  chunk 59 final batch loss = 0.276292
  chunk 60 final batch loss = 0.639784
  chunk 61 final batch loss = 0.310282
  chunk 62 final batch loss = 0.296811
  chunk 63 final batch loss = 0.764868
  chunk 64 final batch loss = 0.784856
  chunk 65 final batch loss = 0.341586
  chunk 66 final batch loss = 0.595581
  chunk 67 final batch loss = 0.799987
  chunk 68 final batch loss = 0.366653
  chunk 69 final batch loss = 0.665213
  chunk 70 final batch loss = 0.245612
  chunk 71 final batch loss = 0.669440
  chunk 72 final batch loss = 0.710403
  chunk 73 final batch loss = 0.405261
  chunk 74 final batch loss = 0.463248
  chunk 75 final batch loss = 0.262807
  chunk 76 final batch loss = 0.236445
  chunk 77 final batch loss = 0.452981
  chunk 78 final batch loss = 0.798386
  chunk 79 final batch loss = 0.586439
Validation loss: 0.461781
No improvement for 1 epochs
Saved checkpoint -> /workspace/train_17/checkpoints_17/mlp/epoch_33.pt
Epoch 34
  chunk 0 final batch loss = 0.792551
  chunk 1 final batch loss = 0.793227
  chunk 2 final batch loss = 0.432032
  chunk 3 final batch loss = 0.296765
  chunk 4 final batch loss = 0.726248
  chunk 5 final batch loss = 0.566061
  chunk 6 final batch loss = 0.266177
  chunk 7 final batch loss = 0.396160
  chunk 8 final batch loss = 0.365890
  chunk 9 final batch loss = 0.627620
  chunk 10 final batch loss = 0.440287
  chunk 11 final batch loss = 0.825622
  chunk 12 final batch loss = 0.722536
  chunk 13 final batch loss = 0.670147
  chunk 14 final batch loss = 0.381638
  chunk 15 final batch loss = 0.279061
  chunk 16 final batch loss = 0.308524
  chunk 17 final batch loss = 0.442191
  chunk 18 final batch loss = 0.631291
  chunk 19 final batch loss = 0.276340
  chunk 20 final batch loss = 0.805198
  chunk 21 final batch loss = 0.703964
  chunk 22 final batch loss = 0.791116
  chunk 23 final batch loss = 0.662228
  chunk 24 final batch loss = 0.783895
  chunk 25 final batch loss = 0.304908
  chunk 26 final batch loss = 0.787532
  chunk 27 final batch loss = 0.248981
  chunk 28 final batch loss = 0.248837
  chunk 29 final batch loss = 0.810022
  chunk 30 final batch loss = 0.332678
  chunk 31 final batch loss = 0.267278
  chunk 32 final batch loss = 0.709271
  chunk 33 final batch loss = 0.255077
  chunk 34 final batch loss = 0.411808
  chunk 35 final batch loss = 0.780302
  chunk 36 final batch loss = 0.669615
  chunk 37 final batch loss = 0.494082
  chunk 38 final batch loss = 0.256721
  chunk 39 final batch loss = 0.821361
  chunk 40 final batch loss = 0.276519
  chunk 41 final batch loss = 0.639249
  chunk 42 final batch loss = 0.274980
  chunk 43 final batch loss = 0.803513
  chunk 44 final batch loss = 0.361854
  chunk 45 final batch loss = 0.714149
  chunk 46 final batch loss = 0.250768
  chunk 47 final batch loss = 0.256885
  chunk 48 final batch loss = 0.320116
  chunk 49 final batch loss = 0.802765
  chunk 50 final batch loss = 0.670014
  chunk 51 final batch loss = 0.310541
  chunk 52 final batch loss = 0.252253
  chunk 53 final batch loss = 0.497822
  chunk 54 final batch loss = 0.359592
  chunk 55 final batch loss = 0.291880
  chunk 56 final batch loss = 0.698741
  chunk 57 final batch loss = 0.736441
  chunk 58 final batch loss = 0.660008
  chunk 59 final batch loss = 0.268797
  chunk 60 final batch loss = 0.624021
  chunk 61 final batch loss = 0.303377
  chunk 62 final batch loss = 0.312240
  chunk 63 final batch loss = 0.744629
  chunk 64 final batch loss = 0.758069
  chunk 65 final batch loss = 0.353234
  chunk 66 final batch loss = 0.593861
  chunk 67 final batch loss = 0.787195
  chunk 68 final batch loss = 0.453022
  chunk 69 final batch loss = 0.614532
  chunk 70 final batch loss = 0.255959
  chunk 71 final batch loss = 0.693489
  chunk 72 final batch loss = 0.743469
  chunk 73 final batch loss = 0.416988
  chunk 74 final batch loss = 0.488880
  chunk 75 final batch loss = 0.258418
  chunk 76 final batch loss = 0.220363
  chunk 77 final batch loss = 0.461709
  chunk 78 final batch loss = 0.801199
  chunk 79 final batch loss = 0.580917
Validation loss: 0.458129
Saved BEST checkpoint -> /workspace/train_17/checkpoints_17/mlp/best.pt
Saved checkpoint -> /workspace/train_17/checkpoints_17/mlp/epoch_34.pt
Epoch 35
  chunk 0 final batch loss = 0.769642
  chunk 1 final batch loss = 0.776953
  chunk 2 final batch loss = 0.419384
  chunk 3 final batch loss = 0.303006
  chunk 4 final batch loss = 0.748639
  chunk 5 final batch loss = 0.526545
  chunk 6 final batch loss = 0.236500
  chunk 7 final batch loss = 0.356173
  chunk 8 final batch loss = 0.332761
  chunk 9 final batch loss = 0.618356
  chunk 10 final batch loss = 0.383096
  chunk 11 final batch loss = 0.820360
  chunk 12 final batch loss = 0.703562
  chunk 13 final batch loss = 0.690904
  chunk 14 final batch loss = 0.407818
  chunk 15 final batch loss = 0.302885
  chunk 16 final batch loss = 0.282527
  chunk 17 final batch loss = 0.385781
  chunk 18 final batch loss = 0.596919
  chunk 19 final batch loss = 0.259882
  chunk 20 final batch loss = 0.794744
  chunk 21 final batch loss = 0.651714
  chunk 22 final batch loss = 0.789081
  chunk 23 final batch loss = 0.636406
  chunk 24 final batch loss = 0.789950
  chunk 25 final batch loss = 0.293403
  chunk 26 final batch loss = 0.786465
  chunk 27 final batch loss = 0.245858
  chunk 28 final batch loss = 0.267122
  chunk 29 final batch loss = 0.778839
  chunk 30 final batch loss = 0.307661
  chunk 31 final batch loss = 0.307131
  chunk 32 final batch loss = 0.681887
  chunk 33 final batch loss = 0.240939
  chunk 34 final batch loss = 0.361738
  chunk 35 final batch loss = 0.778097
  chunk 36 final batch loss = 0.679973
  chunk 37 final batch loss = 0.516649
  chunk 38 final batch loss = 0.262985
  chunk 39 final batch loss = 0.815379
  chunk 40 final batch loss = 0.286780
  chunk 41 final batch loss = 0.649222
  chunk 42 final batch loss = 0.285923
  chunk 43 final batch loss = 0.800510
  chunk 44 final batch loss = 0.322755
  chunk 45 final batch loss = 0.770585
  chunk 46 final batch loss = 0.250883
  chunk 47 final batch loss = 0.245294
  chunk 48 final batch loss = 0.288877
  chunk 49 final batch loss = 0.793077
  chunk 50 final batch loss = 0.632511
  chunk 51 final batch loss = 0.286020
  chunk 52 final batch loss = 0.253729
  chunk 53 final batch loss = 0.474322
  chunk 54 final batch loss = 0.354142
  chunk 55 final batch loss = 0.253417
  chunk 56 final batch loss = 0.676660
  chunk 57 final batch loss = 0.692069
  chunk 58 final batch loss = 0.630681
  chunk 59 final batch loss = 0.254807
  chunk 60 final batch loss = 0.638877
  chunk 61 final batch loss = 0.293455
  chunk 62 final batch loss = 0.301763
  chunk 63 final batch loss = 0.771855
  chunk 64 final batch loss = 0.776761
  chunk 65 final batch loss = 0.331986
  chunk 66 final batch loss = 0.621948
  chunk 67 final batch loss = 0.807074
  chunk 68 final batch loss = 0.430823
  chunk 69 final batch loss = 0.677213
  chunk 70 final batch loss = 0.242930
  chunk 71 final batch loss = 0.655165
  chunk 72 final batch loss = 0.708975
  chunk 73 final batch loss = 0.382359
  chunk 74 final batch loss = 0.509534
  chunk 75 final batch loss = 0.264575
  chunk 76 final batch loss = 0.217955
  chunk 77 final batch loss = 0.373836
  chunk 78 final batch loss = 0.788808
  chunk 79 final batch loss = 0.568849
Validation loss: 0.451709
Saved BEST checkpoint -> /workspace/train_17/checkpoints_17/mlp/best.pt
Saved checkpoint -> /workspace/train_17/checkpoints_17/mlp/epoch_35.pt
Epoch 36
  chunk 0 final batch loss = 0.793643
  chunk 1 final batch loss = 0.776791
  chunk 2 final batch loss = 0.416573
  chunk 3 final batch loss = 0.298370
  chunk 4 final batch loss = 0.746941
  chunk 5 final batch loss = 0.533342
  chunk 6 final batch loss = 0.231434
  chunk 7 final batch loss = 0.425791
  chunk 8 final batch loss = 0.363795
  chunk 9 final batch loss = 0.588525
  chunk 10 final batch loss = 0.416555
  chunk 11 final batch loss = 0.821627
  chunk 12 final batch loss = 0.708860
  chunk 13 final batch loss = 0.706602
  chunk 14 final batch loss = 0.411434
  chunk 15 final batch loss = 0.304739
  chunk 16 final batch loss = 0.302795
  chunk 17 final batch loss = 0.418682
  chunk 18 final batch loss = 0.577687
  chunk 19 final batch loss = 0.239931
  chunk 20 final batch loss = 0.787606
  chunk 21 final batch loss = 0.667538
  chunk 22 final batch loss = 0.782850
  chunk 23 final batch loss = 0.678241
  chunk 24 final batch loss = 0.784337
  chunk 25 final batch loss = 0.306587
  chunk 26 final batch loss = 0.797001
  chunk 27 final batch loss = 0.235192
  chunk 28 final batch loss = 0.243833
  chunk 29 final batch loss = 0.797125
  chunk 30 final batch loss = 0.293832
  chunk 31 final batch loss = 0.262734
  chunk 32 final batch loss = 0.737485
  chunk 33 final batch loss = 0.253331
  chunk 34 final batch loss = 0.359712
  chunk 35 final batch loss = 0.778573
  chunk 36 final batch loss = 0.664970
  chunk 37 final batch loss = 0.516986
  chunk 38 final batch loss = 0.250456
  chunk 39 final batch loss = 0.823622
  chunk 40 final batch loss = 0.246700
  chunk 41 final batch loss = 0.651812
  chunk 42 final batch loss = 0.253361
  chunk 43 final batch loss = 0.794529
  chunk 44 final batch loss = 0.343334
  chunk 45 final batch loss = 0.742366
  chunk 46 final batch loss = 0.244072
  chunk 47 final batch loss = 0.248894
  chunk 48 final batch loss = 0.298275
  chunk 49 final batch loss = 0.779957
  chunk 50 final batch loss = 0.660818
  chunk 51 final batch loss = 0.282086
  chunk 52 final batch loss = 0.241194
  chunk 53 final batch loss = 0.467424
  chunk 54 final batch loss = 0.332644
  chunk 55 final batch loss = 0.237442
  chunk 56 final batch loss = 0.699450
  chunk 57 final batch loss = 0.756940
  chunk 58 final batch loss = 0.596181
  chunk 59 final batch loss = 0.243764
  chunk 60 final batch loss = 0.584400
  chunk 61 final batch loss = 0.265054
  chunk 62 final batch loss = 0.287594
  chunk 63 final batch loss = 0.768886
  chunk 64 final batch loss = 0.783503
  chunk 65 final batch loss = 0.331827
  chunk 66 final batch loss = 0.548863
  chunk 67 final batch loss = 0.778833
  chunk 68 final batch loss = 0.362782
  chunk 69 final batch loss = 0.631006
  chunk 70 final batch loss = 0.242658
  chunk 71 final batch loss = 0.653089
  chunk 72 final batch loss = 0.684072
  chunk 73 final batch loss = 0.423264
  chunk 74 final batch loss = 0.507281
  chunk 75 final batch loss = 0.214534
  chunk 76 final batch loss = 0.201065
  chunk 77 final batch loss = 0.412591
  chunk 78 final batch loss = 0.773404
  chunk 79 final batch loss = 0.574939
Validation loss: 0.442772
Saved BEST checkpoint -> /workspace/train_17/checkpoints_17/mlp/best.pt
Saved checkpoint -> /workspace/train_17/checkpoints_17/mlp/epoch_36.pt
Epoch 37
  chunk 0 final batch loss = 0.785255
  chunk 1 final batch loss = 0.776993
  chunk 2 final batch loss = 0.349262
  chunk 3 final batch loss = 0.314743
  chunk 4 final batch loss = 0.726373
  chunk 5 final batch loss = 0.553095
  chunk 6 final batch loss = 0.227281
  chunk 7 final batch loss = 0.446394
  chunk 8 final batch loss = 0.334575
  chunk 9 final batch loss = 0.633270
  chunk 10 final batch loss = 0.366467
  chunk 11 final batch loss = 0.821816
  chunk 12 final batch loss = 0.692713
  chunk 13 final batch loss = 0.704272
  chunk 14 final batch loss = 0.365364
  chunk 15 final batch loss = 0.283418
  chunk 16 final batch loss = 0.273333
  chunk 17 final batch loss = 0.387519
  chunk 18 final batch loss = 0.632541
  chunk 19 final batch loss = 0.239161
  chunk 20 final batch loss = 0.807418
  chunk 21 final batch loss = 0.610932
  chunk 22 final batch loss = 0.796605
  chunk 23 final batch loss = 0.667267
  chunk 24 final batch loss = 0.789369
  chunk 25 final batch loss = 0.299777
  chunk 26 final batch loss = 0.781771
  chunk 27 final batch loss = 0.217399
  chunk 28 final batch loss = 0.229773
  chunk 29 final batch loss = 0.792315
  chunk 30 final batch loss = 0.325705
  chunk 31 final batch loss = 0.284065
  chunk 32 final batch loss = 0.665107
  chunk 33 final batch loss = 0.228152
  chunk 34 final batch loss = 0.399428
  chunk 35 final batch loss = 0.787964
  chunk 36 final batch loss = 0.654840
  chunk 37 final batch loss = 0.480956
  chunk 38 final batch loss = 0.237753
  chunk 39 final batch loss = 0.822362
  chunk 40 final batch loss = 0.247439
  chunk 41 final batch loss = 0.648287
  chunk 42 final batch loss = 0.260766
  chunk 43 final batch loss = 0.795552
  chunk 44 final batch loss = 0.336517
  chunk 45 final batch loss = 0.763994
  chunk 46 final batch loss = 0.217201
  chunk 47 final batch loss = 0.222851
  chunk 48 final batch loss = 0.301323
  chunk 49 final batch loss = 0.769890
  chunk 50 final batch loss = 0.633610
  chunk 51 final batch loss = 0.287354
  chunk 52 final batch loss = 0.244292
  chunk 53 final batch loss = 0.511123
  chunk 54 final batch loss = 0.330280
  chunk 55 final batch loss = 0.260211
  chunk 56 final batch loss = 0.700749
  chunk 57 final batch loss = 0.732263
  chunk 58 final batch loss = 0.620291
  chunk 59 final batch loss = 0.247400
  chunk 60 final batch loss = 0.613146
  chunk 61 final batch loss = 0.297558
  chunk 62 final batch loss = 0.289269
  chunk 63 final batch loss = 0.748262
  chunk 64 final batch loss = 0.770580
  chunk 65 final batch loss = 0.355826
  chunk 66 final batch loss = 0.592463
  chunk 67 final batch loss = 0.777537
  chunk 68 final batch loss = 0.383566
  chunk 69 final batch loss = 0.671872
  chunk 70 final batch loss = 0.240154
  chunk 71 final batch loss = 0.662004
  chunk 72 final batch loss = 0.677930
  chunk 73 final batch loss = 0.385938
  chunk 74 final batch loss = 0.505850
  chunk 75 final batch loss = 0.218237
  chunk 76 final batch loss = 0.212549
  chunk 77 final batch loss = 0.436812
  chunk 78 final batch loss = 0.796884
  chunk 79 final batch loss = 0.552934
Validation loss: 0.442076
Saved BEST checkpoint -> /workspace/train_17/checkpoints_17/mlp/best.pt
Saved checkpoint -> /workspace/train_17/checkpoints_17/mlp/epoch_37.pt
Epoch 38
  chunk 0 final batch loss = 0.789055
  chunk 1 final batch loss = 0.786879
  chunk 2 final batch loss = 0.379299
  chunk 3 final batch loss = 0.283392
  chunk 4 final batch loss = 0.763925
  chunk 5 final batch loss = 0.469273
  chunk 6 final batch loss = 0.219671
  chunk 7 final batch loss = 0.382189
  chunk 8 final batch loss = 0.380701
  chunk 9 final batch loss = 0.560448
  chunk 10 final batch loss = 0.416128
  chunk 11 final batch loss = 0.824132
  chunk 12 final batch loss = 0.714684
  chunk 13 final batch loss = 0.687947
  chunk 14 final batch loss = 0.378018
  chunk 15 final batch loss = 0.283733
  chunk 16 final batch loss = 0.304683
  chunk 17 final batch loss = 0.407006
  chunk 18 final batch loss = 0.543527
  chunk 19 final batch loss = 0.248510
  chunk 20 final batch loss = 0.797236
  chunk 21 final batch loss = 0.652966
  chunk 22 final batch loss = 0.754385
  chunk 23 final batch loss = 0.669044
  chunk 24 final batch loss = 0.774323
  chunk 25 final batch loss = 0.286974
  chunk 26 final batch loss = 0.796060
  chunk 27 final batch loss = 0.182238
  chunk 28 final batch loss = 0.247036
  chunk 29 final batch loss = 0.793077
  chunk 30 final batch loss = 0.305895
  chunk 31 final batch loss = 0.273658
  chunk 32 final batch loss = 0.696362
  chunk 33 final batch loss = 0.235818
  chunk 34 final batch loss = 0.363906
  chunk 35 final batch loss = 0.787462
  chunk 36 final batch loss = 0.673103
  chunk 37 final batch loss = 0.509935
  chunk 38 final batch loss = 0.211309
  chunk 39 final batch loss = 0.807499
  chunk 40 final batch loss = 0.230547
  chunk 41 final batch loss = 0.677913
  chunk 42 final batch loss = 0.266192
  chunk 43 final batch loss = 0.778458
  chunk 44 final batch loss = 0.343007
  chunk 45 final batch loss = 0.760532
  chunk 46 final batch loss = 0.225455
  chunk 47 final batch loss = 0.231401
  chunk 48 final batch loss = 0.297723
  chunk 49 final batch loss = 0.794767
  chunk 50 final batch loss = 0.608812
  chunk 51 final batch loss = 0.270496
  chunk 52 final batch loss = 0.218879
  chunk 53 final batch loss = 0.501540
  chunk 54 final batch loss = 0.329586
  chunk 55 final batch loss = 0.257514
  chunk 56 final batch loss = 0.715840
  chunk 57 final batch loss = 0.727646
  chunk 58 final batch loss = 0.643386
  chunk 59 final batch loss = 0.242758
  chunk 60 final batch loss = 0.626489
  chunk 61 final batch loss = 0.292488
  chunk 62 final batch loss = 0.275247
  chunk 63 final batch loss = 0.755207
  chunk 64 final batch loss = 0.782197
  chunk 65 final batch loss = 0.351843
  chunk 66 final batch loss = 0.577996
  chunk 67 final batch loss = 0.778807
  chunk 68 final batch loss = 0.384190
  chunk 69 final batch loss = 0.589790
  chunk 70 final batch loss = 0.225096
  chunk 71 final batch loss = 0.647877
  chunk 72 final batch loss = 0.728194
  chunk 73 final batch loss = 0.400391
  chunk 74 final batch loss = 0.459524
  chunk 75 final batch loss = 0.254701
  chunk 76 final batch loss = 0.223970
  chunk 77 final batch loss = 0.350448
  chunk 78 final batch loss = 0.785406
  chunk 79 final batch loss = 0.595859
Validation loss: 0.438975
Saved BEST checkpoint -> /workspace/train_17/checkpoints_17/mlp/best.pt
Saved checkpoint -> /workspace/train_17/checkpoints_17/mlp/epoch_38.pt
Epoch 39
  chunk 0 final batch loss = 0.809277
  chunk 1 final batch loss = 0.785465
  chunk 2 final batch loss = 0.404037
  chunk 3 final batch loss = 0.270616
  chunk 4 final batch loss = 0.732659
  chunk 5 final batch loss = 0.504938
  chunk 6 final batch loss = 0.225725
  chunk 7 final batch loss = 0.415602
  chunk 8 final batch loss = 0.346685
  chunk 9 final batch loss = 0.612383
  chunk 10 final batch loss = 0.410925
  chunk 11 final batch loss = 0.815618
  chunk 12 final batch loss = 0.686657
  chunk 13 final batch loss = 0.710252
  chunk 14 final batch loss = 0.378797
  chunk 15 final batch loss = 0.282596
  chunk 16 final batch loss = 0.245621
  chunk 17 final batch loss = 0.393753
  chunk 18 final batch loss = 0.591129
  chunk 19 final batch loss = 0.265043
  chunk 20 final batch loss = 0.794610
  chunk 21 final batch loss = 0.632407
  chunk 22 final batch loss = 0.793048
  chunk 23 final batch loss = 0.634155
  chunk 24 final batch loss = 0.771500
  chunk 25 final batch loss = 0.303631
  chunk 26 final batch loss = 0.798044
  chunk 27 final batch loss = 0.201429
  chunk 28 final batch loss = 0.249556
  chunk 29 final batch loss = 0.800779
  chunk 30 final batch loss = 0.289614
  chunk 31 final batch loss = 0.285875
  chunk 32 final batch loss = 0.707349
  chunk 33 final batch loss = 0.228972
  chunk 34 final batch loss = 0.406005
  chunk 35 final batch loss = 0.785670
  chunk 36 final batch loss = 0.661640
  chunk 37 final batch loss = 0.529664
  chunk 38 final batch loss = 0.247320
  chunk 39 final batch loss = 0.817646
  chunk 40 final batch loss = 0.247127
  chunk 41 final batch loss = 0.640327
  chunk 42 final batch loss = 0.235113
  chunk 43 final batch loss = 0.774161
  chunk 44 final batch loss = 0.313172
  chunk 45 final batch loss = 0.741945
  chunk 46 final batch loss = 0.240526
  chunk 47 final batch loss = 0.233068
  chunk 48 final batch loss = 0.277368
  chunk 49 final batch loss = 0.804777
  chunk 50 final batch loss = 0.684233
  chunk 51 final batch loss = 0.286157
  chunk 52 final batch loss = 0.227141
  chunk 53 final batch loss = 0.457138
  chunk 54 final batch loss = 0.314610
  chunk 55 final batch loss = 0.259556
  chunk 56 final batch loss = 0.723312
  chunk 57 final batch loss = 0.729883
  chunk 58 final batch loss = 0.619418
  chunk 59 final batch loss = 0.229633
  chunk 60 final batch loss = 0.621042
  chunk 61 final batch loss = 0.273614
  chunk 62 final batch loss = 0.284119
  chunk 63 final batch loss = 0.751919
  chunk 64 final batch loss = 0.769810
  chunk 65 final batch loss = 0.340503
  chunk 66 final batch loss = 0.561948
  chunk 67 final batch loss = 0.807016
  chunk 68 final batch loss = 0.364410
  chunk 69 final batch loss = 0.598528
  chunk 70 final batch loss = 0.213037
  chunk 71 final batch loss = 0.643341
  chunk 72 final batch loss = 0.692866
  chunk 73 final batch loss = 0.354292
  chunk 74 final batch loss = 0.492029
  chunk 75 final batch loss = 0.244540
  chunk 76 final batch loss = 0.204589
  chunk 77 final batch loss = 0.399868
  chunk 78 final batch loss = 0.771127
  chunk 79 final batch loss = 0.573546
Validation loss: 0.438902
Saved BEST checkpoint -> /workspace/train_17/checkpoints_17/mlp/best.pt
Saved checkpoint -> /workspace/train_17/checkpoints_17/mlp/epoch_39.pt
Epoch 40
  chunk 0 final batch loss = 0.793108
  chunk 1 final batch loss = 0.783715
  chunk 2 final batch loss = 0.375165
  chunk 3 final batch loss = 0.267158
  chunk 4 final batch loss = 0.753932
  chunk 5 final batch loss = 0.462853
  chunk 6 final batch loss = 0.215088
  chunk 7 final batch loss = 0.424542
  chunk 8 final batch loss = 0.335907
  chunk 9 final batch loss = 0.614115
  chunk 10 final batch loss = 0.427561
  chunk 11 final batch loss = 0.813413
  chunk 12 final batch loss = 0.705930
  chunk 13 final batch loss = 0.722583
  chunk 14 final batch loss = 0.378136
  chunk 15 final batch loss = 0.292659
  chunk 16 final batch loss = 0.271966
  chunk 17 final batch loss = 0.388157
  chunk 18 final batch loss = 0.580520
  chunk 19 final batch loss = 0.249399
  chunk 20 final batch loss = 0.796338
  chunk 21 final batch loss = 0.630322
  chunk 22 final batch loss = 0.769922
  chunk 23 final batch loss = 0.621444
  chunk 24 final batch loss = 0.793389
  chunk 25 final batch loss = 0.275951
  chunk 26 final batch loss = 0.769879
  chunk 27 final batch loss = 0.223458
  chunk 28 final batch loss = 0.233793
  chunk 29 final batch loss = 0.798903
  chunk 30 final batch loss = 0.280712
  chunk 31 final batch loss = 0.277654
  chunk 32 final batch loss = 0.691065
  chunk 33 final batch loss = 0.243302
  chunk 34 final batch loss = 0.350039
  chunk 35 final batch loss = 0.786787
  chunk 36 final batch loss = 0.675389
  chunk 37 final batch loss = 0.511681
  chunk 38 final batch loss = 0.229120
  chunk 39 final batch loss = 0.821790
  chunk 40 final batch loss = 0.226465
  chunk 41 final batch loss = 0.645343
  chunk 42 final batch loss = 0.249100
  chunk 43 final batch loss = 0.793437
  chunk 44 final batch loss = 0.307681
  chunk 45 final batch loss = 0.735843
  chunk 46 final batch loss = 0.243588
  chunk 47 final batch loss = 0.223077
  chunk 48 final batch loss = 0.286185
  chunk 49 final batch loss = 0.795048
  chunk 50 final batch loss = 0.660136
  chunk 51 final batch loss = 0.247587
  chunk 52 final batch loss = 0.222782
  chunk 53 final batch loss = 0.449730
  chunk 54 final batch loss = 0.312159
  chunk 55 final batch loss = 0.236315
  chunk 56 final batch loss = 0.699646
  chunk 57 final batch loss = 0.725696
  chunk 58 final batch loss = 0.604755
  chunk 59 final batch loss = 0.242087
  chunk 60 final batch loss = 0.635260
  chunk 61 final batch loss = 0.267731
  chunk 62 final batch loss = 0.266508
  chunk 63 final batch loss = 0.742600
  chunk 64 final batch loss = 0.774714
  chunk 65 final batch loss = 0.360070
  chunk 66 final batch loss = 0.604537
  chunk 67 final batch loss = 0.783914
  chunk 68 final batch loss = 0.444102
  chunk 69 final batch loss = 0.662256
  chunk 70 final batch loss = 0.224302
  chunk 71 final batch loss = 0.674468
  chunk 72 final batch loss = 0.713381
  chunk 73 final batch loss = 0.383099
  chunk 74 final batch loss = 0.533963
  chunk 75 final batch loss = 0.224962
  chunk 76 final batch loss = 0.221287
  chunk 77 final batch loss = 0.364859
  chunk 78 final batch loss = 0.787143
  chunk 79 final batch loss = 0.572753
Validation loss: 0.435940
Saved BEST checkpoint -> /workspace/train_17/checkpoints_17/mlp/best.pt
Saved checkpoint -> /workspace/train_17/checkpoints_17/mlp/epoch_40.pt
Epoch 41
  chunk 0 final batch loss = 0.774284
  chunk 1 final batch loss = 0.777358
  chunk 2 final batch loss = 0.392336
  chunk 3 final batch loss = 0.285332
  chunk 4 final batch loss = 0.714800
  chunk 5 final batch loss = 0.454036
  chunk 6 final batch loss = 0.222463
  chunk 7 final batch loss = 0.361979
  chunk 8 final batch loss = 0.338058
  chunk 9 final batch loss = 0.596211
  chunk 10 final batch loss = 0.366280
  chunk 11 final batch loss = 0.816951
  chunk 12 final batch loss = 0.661441
  chunk 13 final batch loss = 0.679196
  chunk 14 final batch loss = 0.404693
  chunk 15 final batch loss = 0.274096
  chunk 16 final batch loss = 0.283037
  chunk 17 final batch loss = 0.411889
  chunk 18 final batch loss = 0.629905
  chunk 19 final batch loss = 0.249748
  chunk 20 final batch loss = 0.793013
  chunk 21 final batch loss = 0.635428
  chunk 22 final batch loss = 0.753808
  chunk 23 final batch loss = 0.671927
  chunk 24 final batch loss = 0.779252
  chunk 25 final batch loss = 0.276559
  chunk 26 final batch loss = 0.763203
  chunk 27 final batch loss = 0.205344
  chunk 28 final batch loss = 0.227532
  chunk 29 final batch loss = 0.792114
  chunk 30 final batch loss = 0.278484
  chunk 31 final batch loss = 0.247759
  chunk 32 final batch loss = 0.691578
  chunk 33 final batch loss = 0.245635
  chunk 34 final batch loss = 0.366259
  chunk 35 final batch loss = 0.781284
  chunk 36 final batch loss = 0.653932
  chunk 37 final batch loss = 0.517039
  chunk 38 final batch loss = 0.238948
  chunk 39 final batch loss = 0.823807
  chunk 40 final batch loss = 0.210110
  chunk 41 final batch loss = 0.628252
  chunk 42 final batch loss = 0.239023
  chunk 43 final batch loss = 0.789061
  chunk 44 final batch loss = 0.343166
  chunk 45 final batch loss = 0.739661
  chunk 46 final batch loss = 0.204131
  chunk 47 final batch loss = 0.226279
  chunk 48 final batch loss = 0.279085
  chunk 49 final batch loss = 0.776882
  chunk 50 final batch loss = 0.647441
  chunk 51 final batch loss = 0.268535
  chunk 52 final batch loss = 0.229661
  chunk 53 final batch loss = 0.472676
  chunk 54 final batch loss = 0.323576
  chunk 55 final batch loss = 0.245991
  chunk 56 final batch loss = 0.658404
  chunk 57 final batch loss = 0.731284
  chunk 58 final batch loss = 0.623468
  chunk 59 final batch loss = 0.254243
  chunk 60 final batch loss = 0.672838
  chunk 61 final batch loss = 0.280619
  chunk 62 final batch loss = 0.288014
  chunk 63 final batch loss = 0.767380
  chunk 64 final batch loss = 0.775369
  chunk 65 final batch loss = 0.325746
  chunk 66 final batch loss = 0.605315
  chunk 67 final batch loss = 0.788138
  chunk 68 final batch loss = 0.365581
  chunk 69 final batch loss = 0.601944
  chunk 70 final batch loss = 0.223040
  chunk 71 final batch loss = 0.639425
  chunk 72 final batch loss = 0.731608
  chunk 73 final batch loss = 0.395003
  chunk 74 final batch loss = 0.468364
  chunk 75 final batch loss = 0.247907
  chunk 76 final batch loss = 0.202981
  chunk 77 final batch loss = 0.385914
  chunk 78 final batch loss = 0.779085
  chunk 79 final batch loss = 0.577403
Validation loss: 0.434410
Saved BEST checkpoint -> /workspace/train_17/checkpoints_17/mlp/best.pt
Saved checkpoint -> /workspace/train_17/checkpoints_17/mlp/epoch_41.pt
Epoch 42
  chunk 0 final batch loss = 0.813277
  chunk 1 final batch loss = 0.792519
  chunk 2 final batch loss = 0.390220
  chunk 3 final batch loss = 0.274197
  chunk 4 final batch loss = 0.734665
  chunk 5 final batch loss = 0.473773
  chunk 6 final batch loss = 0.231364
  chunk 7 final batch loss = 0.379326
  chunk 8 final batch loss = 0.342297
  chunk 9 final batch loss = 0.608424
  chunk 10 final batch loss = 0.402596
  chunk 11 final batch loss = 0.824235
  chunk 12 final batch loss = 0.707644
  chunk 13 final batch loss = 0.675790
  chunk 14 final batch loss = 0.373291
  chunk 15 final batch loss = 0.258044
  chunk 16 final batch loss = 0.241275
  chunk 17 final batch loss = 0.403160
  chunk 18 final batch loss = 0.565110
  chunk 19 final batch loss = 0.252491
  chunk 20 final batch loss = 0.795292
  chunk 21 final batch loss = 0.640767
  chunk 22 final batch loss = 0.778370
  chunk 23 final batch loss = 0.624308
  chunk 24 final batch loss = 0.783688
  chunk 25 final batch loss = 0.270096
  chunk 26 final batch loss = 0.773543
  chunk 27 final batch loss = 0.217327
  chunk 28 final batch loss = 0.227529
  chunk 29 final batch loss = 0.799638
  chunk 30 final batch loss = 0.296339
  chunk 31 final batch loss = 0.279700
  chunk 32 final batch loss = 0.703730
  chunk 33 final batch loss = 0.229106
  chunk 34 final batch loss = 0.381692
  chunk 35 final batch loss = 0.794588
  chunk 36 final batch loss = 0.582252
  chunk 37 final batch loss = 0.480139
  chunk 38 final batch loss = 0.224224
  chunk 39 final batch loss = 0.820186
  chunk 40 final batch loss = 0.227790
  chunk 41 final batch loss = 0.638255
  chunk 42 final batch loss = 0.243411
  chunk 43 final batch loss = 0.783473
  chunk 44 final batch loss = 0.353761
  chunk 45 final batch loss = 0.759618
  chunk 46 final batch loss = 0.222124
  chunk 47 final batch loss = 0.212307
  chunk 48 final batch loss = 0.270082
  chunk 49 final batch loss = 0.772111
  chunk 50 final batch loss = 0.690599
  chunk 51 final batch loss = 0.272521
  chunk 52 final batch loss = 0.217673
  chunk 53 final batch loss = 0.472455
  chunk 54 final batch loss = 0.316052
  chunk 55 final batch loss = 0.237220
  chunk 56 final batch loss = 0.694978
  chunk 57 final batch loss = 0.756555
  chunk 58 final batch loss = 0.605963
  chunk 59 final batch loss = 0.216576
  chunk 60 final batch loss = 0.675013
  chunk 61 final batch loss = 0.269145
  chunk 62 final batch loss = 0.275403
  chunk 63 final batch loss = 0.759325
  chunk 64 final batch loss = 0.763091
  chunk 65 final batch loss = 0.336126
  chunk 66 final batch loss = 0.608662
  chunk 67 final batch loss = 0.773191
  chunk 68 final batch loss = 0.384800
  chunk 69 final batch loss = 0.660176
  chunk 70 final batch loss = 0.237385
  chunk 71 final batch loss = 0.645007
  chunk 72 final batch loss = 0.730085
  chunk 73 final batch loss = 0.364146
  chunk 74 final batch loss = 0.511590
  chunk 75 final batch loss = 0.235113
  chunk 76 final batch loss = 0.211255
  chunk 77 final batch loss = 0.350969
  chunk 78 final batch loss = 0.776504
  chunk 79 final batch loss = 0.546648
Validation loss: 0.431192
Saved BEST checkpoint -> /workspace/train_17/checkpoints_17/mlp/best.pt
Saved checkpoint -> /workspace/train_17/checkpoints_17/mlp/epoch_42.pt
Epoch 43
  chunk 0 final batch loss = 0.785687
  chunk 1 final batch loss = 0.788861
  chunk 2 final batch loss = 0.379546
  chunk 3 final batch loss = 0.272493
  chunk 4 final batch loss = 0.715360
  chunk 5 final batch loss = 0.460759
  chunk 6 final batch loss = 0.208807
  chunk 7 final batch loss = 0.360598
  chunk 8 final batch loss = 0.327930
  chunk 9 final batch loss = 0.580495
  chunk 10 final batch loss = 0.403938
  chunk 11 final batch loss = 0.816619
  chunk 12 final batch loss = 0.688266
  chunk 13 final batch loss = 0.714293
  chunk 14 final batch loss = 0.387883
  chunk 15 final batch loss = 0.248178
  chunk 16 final batch loss = 0.263625
  chunk 17 final batch loss = 0.408568
  chunk 18 final batch loss = 0.532037
  chunk 19 final batch loss = 0.248490
  chunk 20 final batch loss = 0.783869
  chunk 21 final batch loss = 0.638854
  chunk 22 final batch loss = 0.784010
  chunk 23 final batch loss = 0.643356
  chunk 24 final batch loss = 0.770649
  chunk 25 final batch loss = 0.285200
  chunk 26 final batch loss = 0.765152
  chunk 27 final batch loss = 0.197667
  chunk 28 final batch loss = 0.228966
  chunk 29 final batch loss = 0.795670
  chunk 30 final batch loss = 0.275628
  chunk 31 final batch loss = 0.264107
  chunk 32 final batch loss = 0.667334
  chunk 33 final batch loss = 0.223712
  chunk 34 final batch loss = 0.303633
  chunk 35 final batch loss = 0.772504
  chunk 36 final batch loss = 0.693061
  chunk 37 final batch loss = 0.491464
  chunk 38 final batch loss = 0.219614
  chunk 39 final batch loss = 0.823311
  chunk 40 final batch loss = 0.238610
  chunk 41 final batch loss = 0.629689
  chunk 42 final batch loss = 0.222270
  chunk 43 final batch loss = 0.792550
  chunk 44 final batch loss = 0.311595
  chunk 45 final batch loss = 0.758218
  chunk 46 final batch loss = 0.232146
  chunk 47 final batch loss = 0.207823
  chunk 48 final batch loss = 0.284444
  chunk 49 final batch loss = 0.796683
  chunk 50 final batch loss = 0.621075
  chunk 51 final batch loss = 0.273795
  chunk 52 final batch loss = 0.221016
  chunk 53 final batch loss = 0.503836
  chunk 54 final batch loss = 0.296327
  chunk 55 final batch loss = 0.236842
  chunk 56 final batch loss = 0.695624
  chunk 57 final batch loss = 0.726881
  chunk 58 final batch loss = 0.634132
  chunk 59 final batch loss = 0.201537
  chunk 60 final batch loss = 0.616883
  chunk 61 final batch loss = 0.264013
  chunk 62 final batch loss = 0.264785
  chunk 63 final batch loss = 0.756874
  chunk 64 final batch loss = 0.770960
  chunk 65 final batch loss = 0.330397
  chunk 66 final batch loss = 0.545594
  chunk 67 final batch loss = 0.789099
  chunk 68 final batch loss = 0.364174
  chunk 69 final batch loss = 0.639069
  chunk 70 final batch loss = 0.217162
  chunk 71 final batch loss = 0.641753
  chunk 72 final batch loss = 0.693234
  chunk 73 final batch loss = 0.396832
  chunk 74 final batch loss = 0.455340
  chunk 75 final batch loss = 0.215999
  chunk 76 final batch loss = 0.203730
  chunk 77 final batch loss = 0.368075
  chunk 78 final batch loss = 0.774773
  chunk 79 final batch loss = 0.562598
Validation loss: 0.426659
Saved BEST checkpoint -> /workspace/train_17/checkpoints_17/mlp/best.pt
Saved checkpoint -> /workspace/train_17/checkpoints_17/mlp/epoch_43.pt
Epoch 44
  chunk 0 final batch loss = 0.778898
  chunk 1 final batch loss = 0.795004
  chunk 2 final batch loss = 0.352546
  chunk 3 final batch loss = 0.255058
  chunk 4 final batch loss = 0.731520
  chunk 5 final batch loss = 0.498791
  chunk 6 final batch loss = 0.216087
  chunk 7 final batch loss = 0.391661
  chunk 8 final batch loss = 0.312866
  chunk 9 final batch loss = 0.651269
  chunk 10 final batch loss = 0.366696
  chunk 11 final batch loss = 0.825013
  chunk 12 final batch loss = 0.681040
  chunk 13 final batch loss = 0.709336
  chunk 14 final batch loss = 0.369709
  chunk 15 final batch loss = 0.259038
  chunk 16 final batch loss = 0.255494
  chunk 17 final batch loss = 0.347743
  chunk 18 final batch loss = 0.556568
  chunk 19 final batch loss = 0.239155
  chunk 20 final batch loss = 0.780013
  chunk 21 final batch loss = 0.663436
  chunk 22 final batch loss = 0.782858
  chunk 23 final batch loss = 0.644029
  chunk 24 final batch loss = 0.784759
  chunk 25 final batch loss = 0.286504
  chunk 26 final batch loss = 0.786799
  chunk 27 final batch loss = 0.190027
  chunk 28 final batch loss = 0.226673
  chunk 29 final batch loss = 0.797825
  chunk 30 final batch loss = 0.269564
  chunk 31 final batch loss = 0.247651
  chunk 32 final batch loss = 0.710601
  chunk 33 final batch loss = 0.195772
  chunk 34 final batch loss = 0.375289
  chunk 35 final batch loss = 0.795938
  chunk 36 final batch loss = 0.621391
  chunk 37 final batch loss = 0.490578
  chunk 38 final batch loss = 0.212532
  chunk 39 final batch loss = 0.812388
  chunk 40 final batch loss = 0.235435
  chunk 41 final batch loss = 0.666821
  chunk 42 final batch loss = 0.230091
  chunk 43 final batch loss = 0.798245
  chunk 44 final batch loss = 0.329251
  chunk 45 final batch loss = 0.767221
  chunk 46 final batch loss = 0.231623
  chunk 47 final batch loss = 0.210335
  chunk 48 final batch loss = 0.257848
  chunk 49 final batch loss = 0.788344
  chunk 50 final batch loss = 0.601802
  chunk 51 final batch loss = 0.241808
  chunk 52 final batch loss = 0.201925
  chunk 53 final batch loss = 0.470778
  chunk 54 final batch loss = 0.305295
  chunk 55 final batch loss = 0.235496
  chunk 56 final batch loss = 0.686377
  chunk 57 final batch loss = 0.738519
  chunk 58 final batch loss = 0.629407
  chunk 59 final batch loss = 0.224866
  chunk 60 final batch loss = 0.614335
  chunk 61 final batch loss = 0.266020
  chunk 62 final batch loss = 0.262573
  chunk 63 final batch loss = 0.738223
  chunk 64 final batch loss = 0.752374
  chunk 65 final batch loss = 0.334893
  chunk 66 final batch loss = 0.601296
  chunk 67 final batch loss = 0.784883
  chunk 68 final batch loss = 0.411822
  chunk 69 final batch loss = 0.637875
  chunk 70 final batch loss = 0.205915
  chunk 71 final batch loss = 0.654905
  chunk 72 final batch loss = 0.676338
  chunk 73 final batch loss = 0.313116
  chunk 74 final batch loss = 0.489127
  chunk 75 final batch loss = 0.191106
  chunk 76 final batch loss = 0.184121
  chunk 77 final batch loss = 0.385067
  chunk 78 final batch loss = 0.776695
  chunk 79 final batch loss = 0.526709
Validation loss: 0.410949
Saved BEST checkpoint -> /workspace/train_17/checkpoints_17/mlp/best.pt
Saved checkpoint -> /workspace/train_17/checkpoints_17/mlp/epoch_44.pt
Epoch 45
  chunk 0 final batch loss = 0.760624
  chunk 1 final batch loss = 0.796548
  chunk 2 final batch loss = 0.347626
  chunk 3 final batch loss = 0.248286
  chunk 4 final batch loss = 0.725469
  chunk 5 final batch loss = 0.417427
  chunk 6 final batch loss = 0.202364
  chunk 7 final batch loss = 0.318477
  chunk 8 final batch loss = 0.321944
  chunk 9 final batch loss = 0.548474
  chunk 10 final batch loss = 0.344480
  chunk 11 final batch loss = 0.820681
  chunk 12 final batch loss = 0.647057
  chunk 13 final batch loss = 0.656027
  chunk 14 final batch loss = 0.379761
  chunk 15 final batch loss = 0.277502
  chunk 16 final batch loss = 0.248972
  chunk 17 final batch loss = 0.378995
  chunk 18 final batch loss = 0.590592
  chunk 19 final batch loss = 0.188152
  chunk 20 final batch loss = 0.791897
  chunk 21 final batch loss = 0.642961
  chunk 22 final batch loss = 0.783789
  chunk 23 final batch loss = 0.603341
  chunk 24 final batch loss = 0.782295
  chunk 25 final batch loss = 0.243691
  chunk 26 final batch loss = 0.787433
  chunk 27 final batch loss = 0.169398
  chunk 28 final batch loss = 0.195173
  chunk 29 final batch loss = 0.779166
  chunk 30 final batch loss = 0.276034
  chunk 31 final batch loss = 0.229527
  chunk 32 final batch loss = 0.714238
  chunk 33 final batch loss = 0.177826
  chunk 34 final batch loss = 0.300161
  chunk 35 final batch loss = 0.792906
  chunk 36 final batch loss = 0.650490
  chunk 37 final batch loss = 0.519248
  chunk 38 final batch loss = 0.186554
  chunk 39 final batch loss = 0.818349
  chunk 40 final batch loss = 0.219012
  chunk 41 final batch loss = 0.614237
  chunk 42 final batch loss = 0.204602
  chunk 43 final batch loss = 0.783200
  chunk 44 final batch loss = 0.293586
  chunk 45 final batch loss = 0.736279
  chunk 46 final batch loss = 0.161860
  chunk 47 final batch loss = 0.196937
  chunk 48 final batch loss = 0.245701
  chunk 49 final batch loss = 0.793286
  chunk 50 final batch loss = 0.624524
  chunk 51 final batch loss = 0.221647
  chunk 52 final batch loss = 0.177156
  chunk 53 final batch loss = 0.439119
  chunk 54 final batch loss = 0.268604
  chunk 55 final batch loss = 0.181961
  chunk 56 final batch loss = 0.687190
  chunk 57 final batch loss = 0.730239
  chunk 58 final batch loss = 0.600588
  chunk 59 final batch loss = 0.182136
  chunk 60 final batch loss = 0.627934
  chunk 61 final batch loss = 0.238901
  chunk 62 final batch loss = 0.240729
  chunk 63 final batch loss = 0.756116
  chunk 64 final batch loss = 0.758969
  chunk 65 final batch loss = 0.288997
  chunk 66 final batch loss = 0.602360
  chunk 67 final batch loss = 0.764346
  chunk 68 final batch loss = 0.370192
  chunk 69 final batch loss = 0.551117
  chunk 70 final batch loss = 0.180620
  chunk 71 final batch loss = 0.670170
  chunk 72 final batch loss = 0.697086
  chunk 73 final batch loss = 0.328340
  chunk 74 final batch loss = 0.503526
  chunk 75 final batch loss = 0.165701
  chunk 76 final batch loss = 0.148070
  chunk 77 final batch loss = 0.331691
  chunk 78 final batch loss = 0.786657
  chunk 79 final batch loss = 0.594658
Validation loss: 0.391848
Saved BEST checkpoint -> /workspace/train_17/checkpoints_17/mlp/best.pt
Saved checkpoint -> /workspace/train_17/checkpoints_17/mlp/epoch_45.pt
Epoch 46
  chunk 0 final batch loss = 0.790801
  chunk 1 final batch loss = 0.783468
  chunk 2 final batch loss = 0.363490
  chunk 3 final batch loss = 0.269188
  chunk 4 final batch loss = 0.704145
  chunk 5 final batch loss = 0.441490
  chunk 6 final batch loss = 0.169353
  chunk 7 final batch loss = 0.369085
  chunk 8 final batch loss = 0.274990
  chunk 9 final batch loss = 0.547792
  chunk 10 final batch loss = 0.391542
  chunk 11 final batch loss = 0.814486
  chunk 12 final batch loss = 0.705099
  chunk 13 final batch loss = 0.688158
  chunk 14 final batch loss = 0.349400
  chunk 15 final batch loss = 0.236690
  chunk 16 final batch loss = 0.220426
  chunk 17 final batch loss = 0.329842
  chunk 18 final batch loss = 0.577893
  chunk 19 final batch loss = 0.186620
  chunk 20 final batch loss = 0.799465
  chunk 21 final batch loss = 0.606786
  chunk 22 final batch loss = 0.808899
  chunk 23 final batch loss = 0.638990
  chunk 24 final batch loss = 0.779324
  chunk 25 final batch loss = 0.223899
  chunk 26 final batch loss = 0.754498
  chunk 27 final batch loss = 0.140396
  chunk 28 final batch loss = 0.156178
  chunk 29 final batch loss = 0.814264
  chunk 30 final batch loss = 0.238080
  chunk 31 final batch loss = 0.223892
  chunk 32 final batch loss = 0.700665
  chunk 33 final batch loss = 0.153344
  chunk 34 final batch loss = 0.338202
  chunk 35 final batch loss = 0.806284
  chunk 36 final batch loss = 0.658303
  chunk 37 final batch loss = 0.490296
  chunk 38 final batch loss = 0.181968
  chunk 39 final batch loss = 0.819467
  chunk 40 final batch loss = 0.198372
  chunk 41 final batch loss = 0.632528
  chunk 42 final batch loss = 0.184212
  chunk 43 final batch loss = 0.795406
  chunk 44 final batch loss = 0.243691
  chunk 45 final batch loss = 0.740861
  chunk 46 final batch loss = 0.173928
  chunk 47 final batch loss = 0.184771
  chunk 48 final batch loss = 0.230429
  chunk 49 final batch loss = 0.760318
  chunk 50 final batch loss = 0.622394
  chunk 51 final batch loss = 0.220706
  chunk 52 final batch loss = 0.156947
  chunk 53 final batch loss = 0.451612
  chunk 54 final batch loss = 0.255142
  chunk 55 final batch loss = 0.186227
  chunk 56 final batch loss = 0.675886
  chunk 57 final batch loss = 0.709027
  chunk 58 final batch loss = 0.609407
  chunk 59 final batch loss = 0.162580
  chunk 60 final batch loss = 0.617333
  chunk 61 final batch loss = 0.232941
  chunk 62 final batch loss = 0.229939
  chunk 63 final batch loss = 0.715863
  chunk 64 final batch loss = 0.765861
  chunk 65 final batch loss = 0.332710
  chunk 66 final batch loss = 0.515810
  chunk 67 final batch loss = 0.793137
  chunk 68 final batch loss = 0.366959
  chunk 69 final batch loss = 0.630620
  chunk 70 final batch loss = 0.153018
  chunk 71 final batch loss = 0.617695
  chunk 72 final batch loss = 0.684246
  chunk 73 final batch loss = 0.301958
  chunk 74 final batch loss = 0.470216
  chunk 75 final batch loss = 0.159752
  chunk 76 final batch loss = 0.131269
  chunk 77 final batch loss = 0.342134
  chunk 78 final batch loss = 0.739890
  chunk 79 final batch loss = 0.546554
Validation loss: 0.379108
Saved BEST checkpoint -> /workspace/train_17/checkpoints_17/mlp/best.pt
Saved checkpoint -> /workspace/train_17/checkpoints_17/mlp/epoch_46.pt
Epoch 47
  chunk 0 final batch loss = 0.759087
  chunk 1 final batch loss = 0.786363
  chunk 2 final batch loss = 0.317325
  chunk 3 final batch loss = 0.209948
  chunk 4 final batch loss = 0.690448
  chunk 5 final batch loss = 0.449049
  chunk 6 final batch loss = 0.137307
  chunk 7 final batch loss = 0.315798
  chunk 8 final batch loss = 0.290108
  chunk 9 final batch loss = 0.556450
  chunk 10 final batch loss = 0.324722
  chunk 11 final batch loss = 0.816279
  chunk 12 final batch loss = 0.696842
  chunk 13 final batch loss = 0.666872
  chunk 14 final batch loss = 0.313102
  chunk 15 final batch loss = 0.205210
  chunk 16 final batch loss = 0.198686
  chunk 17 final batch loss = 0.365552
  chunk 18 final batch loss = 0.579154
  chunk 19 final batch loss = 0.160107
  chunk 20 final batch loss = 0.807760
  chunk 21 final batch loss = 0.618905
  chunk 22 final batch loss = 0.797226
  chunk 23 final batch loss = 0.575521
  chunk 24 final batch loss = 0.778017
  chunk 25 final batch loss = 0.209712
  chunk 26 final batch loss = 0.798884
  chunk 27 final batch loss = 0.122373
  chunk 28 final batch loss = 0.148417
  chunk 29 final batch loss = 0.806544
  chunk 30 final batch loss = 0.200011
  chunk 31 final batch loss = 0.196657
  chunk 32 final batch loss = 0.678927
  chunk 33 final batch loss = 0.146605
  chunk 34 final batch loss = 0.278701
  chunk 35 final batch loss = 0.781714
  chunk 36 final batch loss = 0.589781
  chunk 37 final batch loss = 0.412418
  chunk 38 final batch loss = 0.144181
  chunk 39 final batch loss = 0.820823
  chunk 40 final batch loss = 0.191813
  chunk 41 final batch loss = 0.606575
  chunk 42 final batch loss = 0.151536
  chunk 43 final batch loss = 0.794979
  chunk 44 final batch loss = 0.277257
  chunk 45 final batch loss = 0.773858
  chunk 46 final batch loss = 0.152368
  chunk 47 final batch loss = 0.157567
  chunk 48 final batch loss = 0.194419
  chunk 49 final batch loss = 0.779694
  chunk 50 final batch loss = 0.602728
  chunk 51 final batch loss = 0.198858
  chunk 52 final batch loss = 0.130316
  chunk 53 final batch loss = 0.430815
  chunk 54 final batch loss = 0.255718
  chunk 55 final batch loss = 0.184971
  chunk 56 final batch loss = 0.693431
  chunk 57 final batch loss = 0.717663
  chunk 58 final batch loss = 0.631841
  chunk 59 final batch loss = 0.156290
  chunk 60 final batch loss = 0.580565
  chunk 61 final batch loss = 0.210156
  chunk 62 final batch loss = 0.196834
  chunk 63 final batch loss = 0.732919
  chunk 64 final batch loss = 0.745086
  chunk 65 final batch loss = 0.297113
  chunk 66 final batch loss = 0.573984
  chunk 67 final batch loss = 0.787037
  chunk 68 final batch loss = 0.331462
  chunk 69 final batch loss = 0.634425
  chunk 70 final batch loss = 0.136634
  chunk 71 final batch loss = 0.642978
  chunk 72 final batch loss = 0.710900
  chunk 73 final batch loss = 0.299958
  chunk 74 final batch loss = 0.467462
  chunk 75 final batch loss = 0.143623
  chunk 76 final batch loss = 0.128331
  chunk 77 final batch loss = 0.346373
  chunk 78 final batch loss = 0.768991
  chunk 79 final batch loss = 0.521616
Validation loss: 0.372199
Saved BEST checkpoint -> /workspace/train_17/checkpoints_17/mlp/best.pt
Saved checkpoint -> /workspace/train_17/checkpoints_17/mlp/epoch_47.pt
Epoch 48
  chunk 0 final batch loss = 0.774076
  chunk 1 final batch loss = 0.780257
  chunk 2 final batch loss = 0.335495
  chunk 3 final batch loss = 0.220287
  chunk 4 final batch loss = 0.722156
  chunk 5 final batch loss = 0.509879
  chunk 6 final batch loss = 0.128498
  chunk 7 final batch loss = 0.321918
  chunk 8 final batch loss = 0.259208
  chunk 9 final batch loss = 0.565140
  chunk 10 final batch loss = 0.332988
  chunk 11 final batch loss = 0.815227
  chunk 12 final batch loss = 0.680364
  chunk 13 final batch loss = 0.650379
  chunk 14 final batch loss = 0.311611
  chunk 15 final batch loss = 0.216087
  chunk 16 final batch loss = 0.177135
  chunk 17 final batch loss = 0.316949
  chunk 18 final batch loss = 0.595531
  chunk 19 final batch loss = 0.160219
  chunk 20 final batch loss = 0.805286
  chunk 21 final batch loss = 0.605216
  chunk 22 final batch loss = 0.792546
  chunk 23 final batch loss = 0.634678
  chunk 24 final batch loss = 0.781043
  chunk 25 final batch loss = 0.200647
  chunk 26 final batch loss = 0.753493
  chunk 27 final batch loss = 0.116805
  chunk 28 final batch loss = 0.145110
  chunk 29 final batch loss = 0.765778
  chunk 30 final batch loss = 0.231100
  chunk 31 final batch loss = 0.198158
  chunk 32 final batch loss = 0.644400
  chunk 33 final batch loss = 0.139343
  chunk 34 final batch loss = 0.272321
  chunk 35 final batch loss = 0.787146
  chunk 36 final batch loss = 0.677570
  chunk 37 final batch loss = 0.458296
  chunk 38 final batch loss = 0.152458
  chunk 39 final batch loss = 0.818142
  chunk 40 final batch loss = 0.154682
  chunk 41 final batch loss = 0.610390
  chunk 42 final batch loss = 0.148908
  chunk 43 final batch loss = 0.779357
  chunk 44 final batch loss = 0.287053
  chunk 45 final batch loss = 0.737051
  chunk 46 final batch loss = 0.150879
  chunk 47 final batch loss = 0.136726
  chunk 48 final batch loss = 0.208492
  chunk 49 final batch loss = 0.802971
  chunk 50 final batch loss = 0.635008
  chunk 51 final batch loss = 0.181503
  chunk 52 final batch loss = 0.146241
  chunk 53 final batch loss = 0.396371
  chunk 54 final batch loss = 0.249663
  chunk 55 final batch loss = 0.156646
  chunk 56 final batch loss = 0.653438
  chunk 57 final batch loss = 0.696780
  chunk 58 final batch loss = 0.610859
  chunk 59 final batch loss = 0.141236
  chunk 60 final batch loss = 0.628863
  chunk 61 final batch loss = 0.189271
  chunk 62 final batch loss = 0.216409
  chunk 63 final batch loss = 0.733434
  chunk 64 final batch loss = 0.746445
  chunk 65 final batch loss = 0.244805
  chunk 66 final batch loss = 0.578549
  chunk 67 final batch loss = 0.772860
  chunk 68 final batch loss = 0.336242
  chunk 69 final batch loss = 0.564920
  chunk 70 final batch loss = 0.151494
  chunk 71 final batch loss = 0.614164
  chunk 72 final batch loss = 0.741335
  chunk 73 final batch loss = 0.322105
  chunk 74 final batch loss = 0.491210
  chunk 75 final batch loss = 0.144524
  chunk 76 final batch loss = 0.103158
  chunk 77 final batch loss = 0.277707
  chunk 78 final batch loss = 0.777916
  chunk 79 final batch loss = 0.585020
Validation loss: 0.365893
Saved BEST checkpoint -> /workspace/train_17/checkpoints_17/mlp/best.pt
Saved checkpoint -> /workspace/train_17/checkpoints_17/mlp/epoch_48.pt
Epoch 49
  chunk 0 final batch loss = 0.785785
  chunk 1 final batch loss = 0.783021
  chunk 2 final batch loss = 0.324065
  chunk 3 final batch loss = 0.212075
  chunk 4 final batch loss = 0.748581
  chunk 5 final batch loss = 0.442737
  chunk 6 final batch loss = 0.119200
  chunk 7 final batch loss = 0.326622
  chunk 8 final batch loss = 0.261535
  chunk 9 final batch loss = 0.512852
  chunk 10 final batch loss = 0.346334
  chunk 11 final batch loss = 0.827159
  chunk 12 final batch loss = 0.712077
  chunk 13 final batch loss = 0.700211
  chunk 14 final batch loss = 0.283872
  chunk 15 final batch loss = 0.218357
  chunk 16 final batch loss = 0.178281
  chunk 17 final batch loss = 0.278421
  chunk 18 final batch loss = 0.502143
  chunk 19 final batch loss = 0.152110
  chunk 20 final batch loss = 0.765400
  chunk 21 final batch loss = 0.611725
  chunk 22 final batch loss = 0.740209
  chunk 23 final batch loss = 0.631386
  chunk 24 final batch loss = 0.780845
  chunk 25 final batch loss = 0.182293
  chunk 26 final batch loss = 0.768547
  chunk 27 final batch loss = 0.106905
  chunk 28 final batch loss = 0.142010
  chunk 29 final batch loss = 0.795154
  chunk 30 final batch loss = 0.211613
  chunk 31 final batch loss = 0.180829
  chunk 32 final batch loss = 0.675524
  chunk 33 final batch loss = 0.141789
  chunk 34 final batch loss = 0.325734
  chunk 35 final batch loss = 0.783914
  chunk 36 final batch loss = 0.603717
  chunk 37 final batch loss = 0.455699
  chunk 38 final batch loss = 0.126109
  chunk 39 final batch loss = 0.821113
  chunk 40 final batch loss = 0.147156
  chunk 41 final batch loss = 0.543014
  chunk 42 final batch loss = 0.155330
  chunk 43 final batch loss = 0.794739
  chunk 44 final batch loss = 0.257389
  chunk 45 final batch loss = 0.708846
  chunk 46 final batch loss = 0.143519
  chunk 47 final batch loss = 0.129763
  chunk 48 final batch loss = 0.195889
  chunk 49 final batch loss = 0.810454
  chunk 50 final batch loss = 0.617367
  chunk 51 final batch loss = 0.189910
  chunk 52 final batch loss = 0.132709
  chunk 53 final batch loss = 0.479034
  chunk 54 final batch loss = 0.226217
  chunk 55 final batch loss = 0.161357
  chunk 56 final batch loss = 0.631220
  chunk 57 final batch loss = 0.717237
  chunk 58 final batch loss = 0.607311
  chunk 59 final batch loss = 0.160186
  chunk 60 final batch loss = 0.627125
  chunk 61 final batch loss = 0.194812
  chunk 62 final batch loss = 0.201300
  chunk 63 final batch loss = 0.745996
  chunk 64 final batch loss = 0.772446
  chunk 65 final batch loss = 0.223599
  chunk 66 final batch loss = 0.522927
  chunk 67 final batch loss = 0.782327
  chunk 68 final batch loss = 0.294883
  chunk 69 final batch loss = 0.598152
  chunk 70 final batch loss = 0.116117
  chunk 71 final batch loss = 0.635189
  chunk 72 final batch loss = 0.700544
  chunk 73 final batch loss = 0.277337
  chunk 74 final batch loss = 0.435088
  chunk 75 final batch loss = 0.127239
  chunk 76 final batch loss = 0.111686
  chunk 77 final batch loss = 0.330067
  chunk 78 final batch loss = 0.728021
  chunk 79 final batch loss = 0.538427
Validation loss: 0.361096
Saved BEST checkpoint -> /workspace/train_17/checkpoints_17/mlp/best.pt
Saved checkpoint -> /workspace/train_17/checkpoints_17/mlp/epoch_49.pt
Epoch 50
  chunk 0 final batch loss = 0.783062
  chunk 1 final batch loss = 0.777157
  chunk 2 final batch loss = 0.283228
  chunk 3 final batch loss = 0.198233
  chunk 4 final batch loss = 0.711971
  chunk 5 final batch loss = 0.421730
  chunk 6 final batch loss = 0.122267
  chunk 7 final batch loss = 0.324424
  chunk 8 final batch loss = 0.237763
  chunk 9 final batch loss = 0.516583
  chunk 10 final batch loss = 0.333493
  chunk 11 final batch loss = 0.811180
  chunk 12 final batch loss = 0.656569
  chunk 13 final batch loss = 0.638100
  chunk 14 final batch loss = 0.312234
  chunk 15 final batch loss = 0.202594
  chunk 16 final batch loss = 0.188905
  chunk 17 final batch loss = 0.337497
  chunk 18 final batch loss = 0.556795
  chunk 19 final batch loss = 0.156922
  chunk 20 final batch loss = 0.786875
  chunk 21 final batch loss = 0.565387
  chunk 22 final batch loss = 0.782823
  chunk 23 final batch loss = 0.528694
  chunk 24 final batch loss = 0.747499
  chunk 25 final batch loss = 0.182582
  chunk 26 final batch loss = 0.766664
  chunk 27 final batch loss = 0.101775
  chunk 28 final batch loss = 0.125557
  chunk 29 final batch loss = 0.772478
  chunk 30 final batch loss = 0.168760
  chunk 31 final batch loss = 0.196552
  chunk 32 final batch loss = 0.682587
  chunk 33 final batch loss = 0.122475
  chunk 34 final batch loss = 0.339430
  chunk 35 final batch loss = 0.779221
  chunk 36 final batch loss = 0.636053
  chunk 37 final batch loss = 0.423015
  chunk 38 final batch loss = 0.125110
  chunk 39 final batch loss = 0.819081
  chunk 40 final batch loss = 0.149707
  chunk 41 final batch loss = 0.621125
  chunk 42 final batch loss = 0.150074
  chunk 43 final batch loss = 0.801547
  chunk 44 final batch loss = 0.247358
  chunk 45 final batch loss = 0.718644
  chunk 46 final batch loss = 0.116930
  chunk 47 final batch loss = 0.111999
  chunk 48 final batch loss = 0.220596
  chunk 49 final batch loss = 0.788349
  chunk 50 final batch loss = 0.621108
  chunk 51 final batch loss = 0.178075
  chunk 52 final batch loss = 0.131903
  chunk 53 final batch loss = 0.380020
  chunk 54 final batch loss = 0.251671
  chunk 55 final batch loss = 0.162139
  chunk 56 final batch loss = 0.663081
  chunk 57 final batch loss = 0.713105
  chunk 58 final batch loss = 0.545174
  chunk 59 final batch loss = 0.143559
  chunk 60 final batch loss = 0.615980
  chunk 61 final batch loss = 0.207880
  chunk 62 final batch loss = 0.195729
  chunk 63 final batch loss = 0.745085
  chunk 64 final batch loss = 0.745124
  chunk 65 final batch loss = 0.239551
  chunk 66 final batch loss = 0.545146
  chunk 67 final batch loss = 0.771815
  chunk 68 final batch loss = 0.305064
  chunk 69 final batch loss = 0.589995
  chunk 70 final batch loss = 0.135110
  chunk 71 final batch loss = 0.538257
  chunk 72 final batch loss = 0.717512
  chunk 73 final batch loss = 0.277010
  chunk 74 final batch loss = 0.450559
  chunk 75 final batch loss = 0.131117
  chunk 76 final batch loss = 0.092559
  chunk 77 final batch loss = 0.334011
  chunk 78 final batch loss = 0.772481
  chunk 79 final batch loss = 0.555721
Validation loss: 0.357934
Saved BEST checkpoint -> /workspace/train_17/checkpoints_17/mlp/best.pt
Saved checkpoint -> /workspace/train_17/checkpoints_17/mlp/epoch_50.pt
Epoch 51
  chunk 0 final batch loss = 0.784225
  chunk 1 final batch loss = 0.776178
  chunk 2 final batch loss = 0.329178
  chunk 3 final batch loss = 0.168154
  chunk 4 final batch loss = 0.682332
  chunk 5 final batch loss = 0.461912
  chunk 6 final batch loss = 0.100506
  chunk 7 final batch loss = 0.323047
  chunk 8 final batch loss = 0.248638
  chunk 9 final batch loss = 0.575942
  chunk 10 final batch loss = 0.290712
  chunk 11 final batch loss = 0.813387
  chunk 12 final batch loss = 0.654490
  chunk 13 final batch loss = 0.653220
  chunk 14 final batch loss = 0.338127
  chunk 15 final batch loss = 0.175115
  chunk 16 final batch loss = 0.178944
  chunk 17 final batch loss = 0.302703
  chunk 18 final batch loss = 0.519579
  chunk 19 final batch loss = 0.156279
  chunk 20 final batch loss = 0.783985
  chunk 21 final batch loss = 0.633870
  chunk 22 final batch loss = 0.758678
  chunk 23 final batch loss = 0.580600
  chunk 24 final batch loss = 0.780916
  chunk 25 final batch loss = 0.189007
  chunk 26 final batch loss = 0.741302
  chunk 27 final batch loss = 0.092724
  chunk 28 final batch loss = 0.118097
  chunk 29 final batch loss = 0.807511
  chunk 30 final batch loss = 0.183289
  chunk 31 final batch loss = 0.170691
  chunk 32 final batch loss = 0.710677
  chunk 33 final batch loss = 0.114265
  chunk 34 final batch loss = 0.290563
  chunk 35 final batch loss = 0.774435
  chunk 36 final batch loss = 0.639496
  chunk 37 final batch loss = 0.393850
  chunk 38 final batch loss = 0.118080
  chunk 39 final batch loss = 0.813625
  chunk 40 final batch loss = 0.176945
  chunk 41 final batch loss = 0.592235
  chunk 42 final batch loss = 0.129894
  chunk 43 final batch loss = 0.767583
  chunk 44 final batch loss = 0.248143
  chunk 45 final batch loss = 0.718999
  chunk 46 final batch loss = 0.115565
  chunk 47 final batch loss = 0.106510
  chunk 48 final batch loss = 0.201511
  chunk 49 final batch loss = 0.769754
  chunk 50 final batch loss = 0.637927
  chunk 51 final batch loss = 0.187511
  chunk 52 final batch loss = 0.106049
  chunk 53 final batch loss = 0.407749
  chunk 54 final batch loss = 0.268245
  chunk 55 final batch loss = 0.136550
  chunk 56 final batch loss = 0.704798
  chunk 57 final batch loss = 0.720467
  chunk 58 final batch loss = 0.585690
  chunk 59 final batch loss = 0.128134
  chunk 60 final batch loss = 0.583746
  chunk 61 final batch loss = 0.207539
  chunk 62 final batch loss = 0.191354
  chunk 63 final batch loss = 0.722944
  chunk 64 final batch loss = 0.770418
  chunk 65 final batch loss = 0.250804
  chunk 66 final batch loss = 0.553563
  chunk 67 final batch loss = 0.786981
  chunk 68 final batch loss = 0.302774
  chunk 69 final batch loss = 0.591955
  chunk 70 final batch loss = 0.111682
  chunk 71 final batch loss = 0.613261
  chunk 72 final batch loss = 0.686155
  chunk 73 final batch loss = 0.306442
  chunk 74 final batch loss = 0.453484
  chunk 75 final batch loss = 0.133870
  chunk 76 final batch loss = 0.105326
  chunk 77 final batch loss = 0.305462
  chunk 78 final batch loss = 0.722111
  chunk 79 final batch loss = 0.503322
Validation loss: 0.357541
Saved BEST checkpoint -> /workspace/train_17/checkpoints_17/mlp/best.pt
Saved checkpoint -> /workspace/train_17/checkpoints_17/mlp/epoch_51.pt
Epoch 52
  chunk 0 final batch loss = 0.782467
  chunk 1 final batch loss = 0.782235
  chunk 2 final batch loss = 0.298781
  chunk 3 final batch loss = 0.166398
  chunk 4 final batch loss = 0.693620
  chunk 5 final batch loss = 0.410278
  chunk 6 final batch loss = 0.104821
  chunk 7 final batch loss = 0.357596
  chunk 8 final batch loss = 0.223793
  chunk 9 final batch loss = 0.562063
  chunk 10 final batch loss = 0.335872
  chunk 11 final batch loss = 0.819393
  chunk 12 final batch loss = 0.703149
  chunk 13 final batch loss = 0.631679
  chunk 14 final batch loss = 0.295239
  chunk 15 final batch loss = 0.173979
  chunk 16 final batch loss = 0.171443
  chunk 17 final batch loss = 0.301617
  chunk 18 final batch loss = 0.524296
  chunk 19 final batch loss = 0.148814
  chunk 20 final batch loss = 0.797530
  chunk 21 final batch loss = 0.606144
  chunk 22 final batch loss = 0.755384
  chunk 23 final batch loss = 0.607553
  chunk 24 final batch loss = 0.754135
  chunk 25 final batch loss = 0.164618
  chunk 26 final batch loss = 0.758168
  chunk 27 final batch loss = 0.089801
  chunk 28 final batch loss = 0.100269
  chunk 29 final batch loss = 0.785313
  chunk 30 final batch loss = 0.209762
  chunk 31 final batch loss = 0.159288
  chunk 32 final batch loss = 0.679144
  chunk 33 final batch loss = 0.127047
  chunk 34 final batch loss = 0.317372
  chunk 35 final batch loss = 0.781324
  chunk 36 final batch loss = 0.571671
  chunk 37 final batch loss = 0.401181
  chunk 38 final batch loss = 0.123433
  chunk 39 final batch loss = 0.819530
  chunk 40 final batch loss = 0.142666
  chunk 41 final batch loss = 0.579432
  chunk 42 final batch loss = 0.134011
  chunk 43 final batch loss = 0.789730
  chunk 44 final batch loss = 0.225124
  chunk 45 final batch loss = 0.695027
  chunk 46 final batch loss = 0.132107
  chunk 47 final batch loss = 0.124190
  chunk 48 final batch loss = 0.201922
  chunk 49 final batch loss = 0.782222
  chunk 50 final batch loss = 0.604839
  chunk 51 final batch loss = 0.167764
  chunk 52 final batch loss = 0.116421
  chunk 53 final batch loss = 0.391128
  chunk 54 final batch loss = 0.221372
  chunk 55 final batch loss = 0.140798
  chunk 56 final batch loss = 0.707311
  chunk 57 final batch loss = 0.678110
  chunk 58 final batch loss = 0.613682
  chunk 59 final batch loss = 0.137475
  chunk 60 final batch loss = 0.606351
  chunk 61 final batch loss = 0.192687
  chunk 62 final batch loss = 0.178224
  chunk 63 final batch loss = 0.742446
  chunk 64 final batch loss = 0.771262
  chunk 65 final batch loss = 0.230498
  chunk 66 final batch loss = 0.515614
  chunk 67 final batch loss = 0.787495
  chunk 68 final batch loss = 0.297744
  chunk 69 final batch loss = 0.590615
  chunk 70 final batch loss = 0.111654
  chunk 71 final batch loss = 0.678895
  chunk 72 final batch loss = 0.659393
  chunk 73 final batch loss = 0.289143
  chunk 74 final batch loss = 0.434461
  chunk 75 final batch loss = 0.114005
  chunk 76 final batch loss = 0.095742
  chunk 77 final batch loss = 0.361711
  chunk 78 final batch loss = 0.737553
  chunk 79 final batch loss = 0.536641
Validation loss: 0.356732
Saved BEST checkpoint -> /workspace/train_17/checkpoints_17/mlp/best.pt
Saved checkpoint -> /workspace/train_17/checkpoints_17/mlp/epoch_52.pt
Epoch 53
  chunk 0 final batch loss = 0.787563
  chunk 1 final batch loss = 0.778150
  chunk 2 final batch loss = 0.335485
  chunk 3 final batch loss = 0.165296
  chunk 4 final batch loss = 0.701043
  chunk 5 final batch loss = 0.456085
  chunk 6 final batch loss = 0.106072
  chunk 7 final batch loss = 0.333628
  chunk 8 final batch loss = 0.237954
  chunk 9 final batch loss = 0.536228
  chunk 10 final batch loss = 0.330903
  chunk 11 final batch loss = 0.818620
  chunk 12 final batch loss = 0.713096
  chunk 13 final batch loss = 0.644844
  chunk 14 final batch loss = 0.315253
  chunk 15 final batch loss = 0.176863
  chunk 16 final batch loss = 0.186503
  chunk 17 final batch loss = 0.264344
  chunk 18 final batch loss = 0.513513
  chunk 19 final batch loss = 0.133339
  chunk 20 final batch loss = 0.781418
  chunk 21 final batch loss = 0.663206
  chunk 22 final batch loss = 0.773416
  chunk 23 final batch loss = 0.618228
  chunk 24 final batch loss = 0.747001
  chunk 25 final batch loss = 0.199773
  chunk 26 final batch loss = 0.792322
  chunk 27 final batch loss = 0.094898
  chunk 28 final batch loss = 0.111936
  chunk 29 final batch loss = 0.800533
  chunk 30 final batch loss = 0.182724
  chunk 31 final batch loss = 0.151547
  chunk 32 final batch loss = 0.681407
  chunk 33 final batch loss = 0.113433
  chunk 34 final batch loss = 0.313006
  chunk 35 final batch loss = 0.785782
  chunk 36 final batch loss = 0.614511
  chunk 37 final batch loss = 0.431904
  chunk 38 final batch loss = 0.111184
  chunk 39 final batch loss = 0.808691
  chunk 40 final batch loss = 0.129944
  chunk 41 final batch loss = 0.577097
  chunk 42 final batch loss = 0.142253
  chunk 43 final batch loss = 0.790266
  chunk 44 final batch loss = 0.231552
  chunk 45 final batch loss = 0.732063
  chunk 46 final batch loss = 0.117367
  chunk 47 final batch loss = 0.109801
  chunk 48 final batch loss = 0.179052
  chunk 49 final batch loss = 0.806831
  chunk 50 final batch loss = 0.609885
  chunk 51 final batch loss = 0.164382
  chunk 52 final batch loss = 0.116786
  chunk 53 final batch loss = 0.420933
  chunk 54 final batch loss = 0.241703
  chunk 55 final batch loss = 0.137568
  chunk 56 final batch loss = 0.713304
  chunk 57 final batch loss = 0.761815
  chunk 58 final batch loss = 0.577596
  chunk 59 final batch loss = 0.120843
  chunk 60 final batch loss = 0.615136
  chunk 61 final batch loss = 0.177134
  chunk 62 final batch loss = 0.188464
  chunk 63 final batch loss = 0.731262
  chunk 64 final batch loss = 0.786734
  chunk 65 final batch loss = 0.228467
  chunk 66 final batch loss = 0.519732
  chunk 67 final batch loss = 0.785787
  chunk 68 final batch loss = 0.303095
  chunk 69 final batch loss = 0.589857
  chunk 70 final batch loss = 0.113197
  chunk 71 final batch loss = 0.606441
  chunk 72 final batch loss = 0.686142
  chunk 73 final batch loss = 0.271528
  chunk 74 final batch loss = 0.421403
  chunk 75 final batch loss = 0.111846
  chunk 76 final batch loss = 0.078186
  chunk 77 final batch loss = 0.319519
  chunk 78 final batch loss = 0.760591
  chunk 79 final batch loss = 0.533125
Validation loss: 0.354122
Saved BEST checkpoint -> /workspace/train_17/checkpoints_17/mlp/best.pt
Saved checkpoint -> /workspace/train_17/checkpoints_17/mlp/epoch_53.pt
Epoch 54
  chunk 0 final batch loss = 0.768555
  chunk 1 final batch loss = 0.776731
  chunk 2 final batch loss = 0.337665
  chunk 3 final batch loss = 0.170896
  chunk 4 final batch loss = 0.703183
  chunk 5 final batch loss = 0.370915
  chunk 6 final batch loss = 0.112018
  chunk 7 final batch loss = 0.254433
  chunk 8 final batch loss = 0.229055
  chunk 9 final batch loss = 0.605922
  chunk 10 final batch loss = 0.295293
  chunk 11 final batch loss = 0.815233
  chunk 12 final batch loss = 0.695580
  chunk 13 final batch loss = 0.643785
  chunk 14 final batch loss = 0.271258
  chunk 15 final batch loss = 0.151084
  chunk 16 final batch loss = 0.182000
  chunk 17 final batch loss = 0.292631
  chunk 18 final batch loss = 0.535967
  chunk 19 final batch loss = 0.152305
  chunk 20 final batch loss = 0.798289
  chunk 21 final batch loss = 0.616522
  chunk 22 final batch loss = 0.770472
  chunk 23 final batch loss = 0.611673
  chunk 24 final batch loss = 0.797428
  chunk 25 final batch loss = 0.163573
  chunk 26 final batch loss = 0.748545
  chunk 27 final batch loss = 0.095781
  chunk 28 final batch loss = 0.117442
  chunk 29 final batch loss = 0.794254
  chunk 30 final batch loss = 0.169453
  chunk 31 final batch loss = 0.172921
  chunk 32 final batch loss = 0.664810
  chunk 33 final batch loss = 0.110509
  chunk 34 final batch loss = 0.242862
  chunk 35 final batch loss = 0.787567
  chunk 36 final batch loss = 0.652287
  chunk 37 final batch loss = 0.399354
  chunk 38 final batch loss = 0.101030
  chunk 39 final batch loss = 0.821455
  chunk 40 final batch loss = 0.137361
  chunk 41 final batch loss = 0.611715
  chunk 42 final batch loss = 0.138745
  chunk 43 final batch loss = 0.786674
  chunk 44 final batch loss = 0.241501
  chunk 45 final batch loss = 0.716962
  chunk 46 final batch loss = 0.109801
  chunk 47 final batch loss = 0.120797
  chunk 48 final batch loss = 0.160432
  chunk 49 final batch loss = 0.768765
  chunk 50 final batch loss = 0.584414
  chunk 51 final batch loss = 0.165187
  chunk 52 final batch loss = 0.101146
  chunk 53 final batch loss = 0.416727
  chunk 54 final batch loss = 0.234248
  chunk 55 final batch loss = 0.129121
  chunk 56 final batch loss = 0.699491
  chunk 57 final batch loss = 0.713576
  chunk 58 final batch loss = 0.582473
  chunk 59 final batch loss = 0.121622
  chunk 60 final batch loss = 0.627304
  chunk 61 final batch loss = 0.185413
  chunk 62 final batch loss = 0.187292
  chunk 63 final batch loss = 0.710399
  chunk 64 final batch loss = 0.760800
  chunk 65 final batch loss = 0.256539
  chunk 66 final batch loss = 0.564964
  chunk 67 final batch loss = 0.800631
  chunk 68 final batch loss = 0.320063
  chunk 69 final batch loss = 0.590685
  chunk 70 final batch loss = 0.113234
  chunk 71 final batch loss = 0.571857
  chunk 72 final batch loss = 0.682984
  chunk 73 final batch loss = 0.219379
  chunk 74 final batch loss = 0.386402
  chunk 75 final batch loss = 0.106208
  chunk 76 final batch loss = 0.086113
  chunk 77 final batch loss = 0.310213
  chunk 78 final batch loss = 0.762678
  chunk 79 final batch loss = 0.493423
Validation loss: 0.351693
Saved BEST checkpoint -> /workspace/train_17/checkpoints_17/mlp/best.pt
Saved checkpoint -> /workspace/train_17/checkpoints_17/mlp/epoch_54.pt
Epoch 55
  chunk 0 final batch loss = 0.776645
  chunk 1 final batch loss = 0.779625
  chunk 2 final batch loss = 0.284977
  chunk 3 final batch loss = 0.190184
  chunk 4 final batch loss = 0.737361
  chunk 5 final batch loss = 0.415504
  chunk 6 final batch loss = 0.109749
  chunk 7 final batch loss = 0.284400
  chunk 8 final batch loss = 0.244220
  chunk 9 final batch loss = 0.533413
  chunk 10 final batch loss = 0.274505
  chunk 11 final batch loss = 0.826145
  chunk 12 final batch loss = 0.679664
  chunk 13 final batch loss = 0.637203
  chunk 14 final batch loss = 0.291216
  chunk 15 final batch loss = 0.177076
  chunk 16 final batch loss = 0.172290
  chunk 17 final batch loss = 0.228732
  chunk 18 final batch loss = 0.562595
  chunk 19 final batch loss = 0.139481
  chunk 20 final batch loss = 0.777204
  chunk 21 final batch loss = 0.607295
  chunk 22 final batch loss = 0.768990
  chunk 23 final batch loss = 0.584858
  chunk 24 final batch loss = 0.776313
  chunk 25 final batch loss = 0.161541
  chunk 26 final batch loss = 0.774356
  chunk 27 final batch loss = 0.089572
  chunk 28 final batch loss = 0.114603
  chunk 29 final batch loss = 0.778916
  chunk 30 final batch loss = 0.202632
  chunk 31 final batch loss = 0.152556
  chunk 32 final batch loss = 0.615225
  chunk 33 final batch loss = 0.108676
  chunk 34 final batch loss = 0.316261
  chunk 35 final batch loss = 0.794288
  chunk 36 final batch loss = 0.605802
  chunk 37 final batch loss = 0.419045
  chunk 38 final batch loss = 0.107977
  chunk 39 final batch loss = 0.802124
  chunk 40 final batch loss = 0.130968
  chunk 41 final batch loss = 0.620647
  chunk 42 final batch loss = 0.133212
  chunk 43 final batch loss = 0.789875
  chunk 44 final batch loss = 0.199358
  chunk 45 final batch loss = 0.715278
  chunk 46 final batch loss = 0.107582
  chunk 47 final batch loss = 0.105990
  chunk 48 final batch loss = 0.209392
  chunk 49 final batch loss = 0.750332
  chunk 50 final batch loss = 0.621430
  chunk 51 final batch loss = 0.163796
  chunk 52 final batch loss = 0.115937
  chunk 53 final batch loss = 0.394597
  chunk 54 final batch loss = 0.233129
  chunk 55 final batch loss = 0.137378
  chunk 56 final batch loss = 0.670246
  chunk 57 final batch loss = 0.709744
  chunk 58 final batch loss = 0.566063
  chunk 59 final batch loss = 0.110949
  chunk 60 final batch loss = 0.593745
  chunk 61 final batch loss = 0.180926
  chunk 62 final batch loss = 0.171763
  chunk 63 final batch loss = 0.728485
  chunk 64 final batch loss = 0.785779
  chunk 65 final batch loss = 0.243238
  chunk 66 final batch loss = 0.548769
  chunk 67 final batch loss = 0.774392
  chunk 68 final batch loss = 0.337150
  chunk 69 final batch loss = 0.562555
  chunk 70 final batch loss = 0.094733
  chunk 71 final batch loss = 0.573943
  chunk 72 final batch loss = 0.681534
  chunk 73 final batch loss = 0.300365
  chunk 74 final batch loss = 0.410401
  chunk 75 final batch loss = 0.120644
  chunk 76 final batch loss = 0.083569
  chunk 77 final batch loss = 0.281192
  chunk 78 final batch loss = 0.757012
  chunk 79 final batch loss = 0.527968
Validation loss: 0.352301
No improvement for 1 epochs
Saved checkpoint -> /workspace/train_17/checkpoints_17/mlp/epoch_55.pt
Epoch 56
  chunk 0 final batch loss = 0.764916
  chunk 1 final batch loss = 0.774727
  chunk 2 final batch loss = 0.270421
  chunk 3 final batch loss = 0.179965
  chunk 4 final batch loss = 0.736021
  chunk 5 final batch loss = 0.388975
  chunk 6 final batch loss = 0.104963
  chunk 7 final batch loss = 0.323005
  chunk 8 final batch loss = 0.228224
  chunk 9 final batch loss = 0.510463
  chunk 10 final batch loss = 0.333200
  chunk 11 final batch loss = 0.824398
  chunk 12 final batch loss = 0.657361
  chunk 13 final batch loss = 0.669504
  chunk 14 final batch loss = 0.315960
  chunk 15 final batch loss = 0.157913
  chunk 16 final batch loss = 0.160637
  chunk 17 final batch loss = 0.285517
  chunk 18 final batch loss = 0.545475
  chunk 19 final batch loss = 0.133957
  chunk 20 final batch loss = 0.771086
  chunk 21 final batch loss = 0.582395
  chunk 22 final batch loss = 0.734285
  chunk 23 final batch loss = 0.595061
  chunk 24 final batch loss = 0.767514
  chunk 25 final batch loss = 0.181296
  chunk 26 final batch loss = 0.776657
  chunk 27 final batch loss = 0.089535
  chunk 28 final batch loss = 0.106540
  chunk 29 final batch loss = 0.792370
  chunk 30 final batch loss = 0.164186
  chunk 31 final batch loss = 0.147831
  chunk 32 final batch loss = 0.649990
  chunk 33 final batch loss = 0.116308
  chunk 34 final batch loss = 0.305500
  chunk 35 final batch loss = 0.788805
  chunk 36 final batch loss = 0.614265
  chunk 37 final batch loss = 0.355665
  chunk 38 final batch loss = 0.095715
  chunk 39 final batch loss = 0.806667
  chunk 40 final batch loss = 0.139070
  chunk 41 final batch loss = 0.572525
  chunk 42 final batch loss = 0.158567
  chunk 43 final batch loss = 0.788819
  chunk 44 final batch loss = 0.200137
  chunk 45 final batch loss = 0.711305
  chunk 46 final batch loss = 0.115253
  chunk 47 final batch loss = 0.106053
  chunk 48 final batch loss = 0.174249
  chunk 49 final batch loss = 0.749433
  chunk 50 final batch loss = 0.591016
  chunk 51 final batch loss = 0.173934
  chunk 52 final batch loss = 0.102441
  chunk 53 final batch loss = 0.437019
  chunk 54 final batch loss = 0.252893
  chunk 55 final batch loss = 0.159835
  chunk 56 final batch loss = 0.636890
  chunk 57 final batch loss = 0.705701
  chunk 58 final batch loss = 0.565013
  chunk 59 final batch loss = 0.121497
  chunk 60 final batch loss = 0.580303
  chunk 61 final batch loss = 0.188008
  chunk 62 final batch loss = 0.169853
  chunk 63 final batch loss = 0.727429
  chunk 64 final batch loss = 0.774800
  chunk 65 final batch loss = 0.253295
  chunk 66 final batch loss = 0.595397
  chunk 67 final batch loss = 0.782462
  chunk 68 final batch loss = 0.302866
  chunk 69 final batch loss = 0.556280
  chunk 70 final batch loss = 0.123267
  chunk 71 final batch loss = 0.621092
  chunk 72 final batch loss = 0.687797
  chunk 73 final batch loss = 0.287522
  chunk 74 final batch loss = 0.440598
  chunk 75 final batch loss = 0.115471
  chunk 76 final batch loss = 0.087168
  chunk 77 final batch loss = 0.326742
  chunk 78 final batch loss = 0.755527
  chunk 79 final batch loss = 0.432651
Validation loss: 0.352218
No improvement for 2 epochs
Saved checkpoint -> /workspace/train_17/checkpoints_17/mlp/epoch_56.pt
Epoch 57
  chunk 0 final batch loss = 0.779610
  chunk 1 final batch loss = 0.780109
  chunk 2 final batch loss = 0.268382
  chunk 3 final batch loss = 0.159957
  chunk 4 final batch loss = 0.744381
  chunk 5 final batch loss = 0.458230
  chunk 6 final batch loss = 0.099929
  chunk 7 final batch loss = 0.328621
  chunk 8 final batch loss = 0.237500
  chunk 9 final batch loss = 0.535786
  chunk 10 final batch loss = 0.258052
  chunk 11 final batch loss = 0.823806
  chunk 12 final batch loss = 0.668364
  chunk 13 final batch loss = 0.606992
  chunk 14 final batch loss = 0.256116
  chunk 15 final batch loss = 0.158397
  chunk 16 final batch loss = 0.165585
  chunk 17 final batch loss = 0.258330
  chunk 18 final batch loss = 0.501290
  chunk 19 final batch loss = 0.137396
  chunk 20 final batch loss = 0.780952
  chunk 21 final batch loss = 0.625748
  chunk 22 final batch loss = 0.780977
  chunk 23 final batch loss = 0.552521
  chunk 24 final batch loss = 0.778382
  chunk 25 final batch loss = 0.169151
  chunk 26 final batch loss = 0.778466
  chunk 27 final batch loss = 0.091255
  chunk 28 final batch loss = 0.110961
  chunk 29 final batch loss = 0.797527
  chunk 30 final batch loss = 0.180166
  chunk 31 final batch loss = 0.168556
  chunk 32 final batch loss = 0.674796
  chunk 33 final batch loss = 0.111397
  chunk 34 final batch loss = 0.318415
  chunk 35 final batch loss = 0.788987
  chunk 36 final batch loss = 0.625935
  chunk 37 final batch loss = 0.368465
  chunk 38 final batch loss = 0.098924
  chunk 39 final batch loss = 0.811144
  chunk 40 final batch loss = 0.126016
  chunk 41 final batch loss = 0.626979
  chunk 42 final batch loss = 0.150051
  chunk 43 final batch loss = 0.786597
  chunk 44 final batch loss = 0.224936
  chunk 45 final batch loss = 0.692142
  chunk 46 final batch loss = 0.109915
  chunk 47 final batch loss = 0.109740
  chunk 48 final batch loss = 0.156340
  chunk 49 final batch loss = 0.779789
  chunk 50 final batch loss = 0.570436
  chunk 51 final batch loss = 0.161620
  chunk 52 final batch loss = 0.097484
  chunk 53 final batch loss = 0.427116
  chunk 54 final batch loss = 0.232750
  chunk 55 final batch loss = 0.124471
  chunk 56 final batch loss = 0.634661
  chunk 57 final batch loss = 0.679372
  chunk 58 final batch loss = 0.580503
  chunk 59 final batch loss = 0.129639
  chunk 60 final batch loss = 0.562819
  chunk 61 final batch loss = 0.177915
  chunk 62 final batch loss = 0.180235
  chunk 63 final batch loss = 0.694968
  chunk 64 final batch loss = 0.765517
  chunk 65 final batch loss = 0.184704
  chunk 66 final batch loss = 0.556651
  chunk 67 final batch loss = 0.804478
  chunk 68 final batch loss = 0.239247
  chunk 69 final batch loss = 0.597520
  chunk 70 final batch loss = 0.104144
  chunk 71 final batch loss = 0.592881
  chunk 72 final batch loss = 0.688965
  chunk 73 final batch loss = 0.269214
  chunk 74 final batch loss = 0.465459
  chunk 75 final batch loss = 0.102040
  chunk 76 final batch loss = 0.083587
  chunk 77 final batch loss = 0.297423
  chunk 78 final batch loss = 0.774726
  chunk 79 final batch loss = 0.533815
Validation loss: 0.348509
Saved BEST checkpoint -> /workspace/train_17/checkpoints_17/mlp/best.pt
Saved checkpoint -> /workspace/train_17/checkpoints_17/mlp/epoch_57.pt
Epoch 58
  chunk 0 final batch loss = 0.785994
  chunk 1 final batch loss = 0.768896
  chunk 2 final batch loss = 0.264617
  chunk 3 final batch loss = 0.162066
  chunk 4 final batch loss = 0.686286
  chunk 5 final batch loss = 0.422203
  chunk 6 final batch loss = 0.109380
  chunk 7 final batch loss = 0.337579
  chunk 8 final batch loss = 0.232459
  chunk 9 final batch loss = 0.587699
  chunk 10 final batch loss = 0.309762
  chunk 11 final batch loss = 0.815381
  chunk 12 final batch loss = 0.677847
  chunk 13 final batch loss = 0.667398
  chunk 14 final batch loss = 0.296465
  chunk 15 final batch loss = 0.179443
  chunk 16 final batch loss = 0.146865
  chunk 17 final batch loss = 0.295573
  chunk 18 final batch loss = 0.543491
  chunk 19 final batch loss = 0.128358
  chunk 20 final batch loss = 0.807525
  chunk 21 final batch loss = 0.628459
  chunk 22 final batch loss = 0.755734
  chunk 23 final batch loss = 0.656380
  chunk 24 final batch loss = 0.741724
  chunk 25 final batch loss = 0.162621
  chunk 26 final batch loss = 0.770045
  chunk 27 final batch loss = 0.078616
  chunk 28 final batch loss = 0.112692
  chunk 29 final batch loss = 0.782725
  chunk 30 final batch loss = 0.178540
  chunk 31 final batch loss = 0.154776
  chunk 32 final batch loss = 0.712083
  chunk 33 final batch loss = 0.111736
  chunk 34 final batch loss = 0.260068
  chunk 35 final batch loss = 0.762745
  chunk 36 final batch loss = 0.583634
  chunk 37 final batch loss = 0.401422
  chunk 38 final batch loss = 0.113695
  chunk 39 final batch loss = 0.822529
  chunk 40 final batch loss = 0.141092
  chunk 41 final batch loss = 0.599695
  chunk 42 final batch loss = 0.124998
  chunk 43 final batch loss = 0.787739
  chunk 44 final batch loss = 0.246794
  chunk 45 final batch loss = 0.726074
  chunk 46 final batch loss = 0.112452
  chunk 47 final batch loss = 0.119678
  chunk 48 final batch loss = 0.167485
  chunk 49 final batch loss = 0.787264
  chunk 50 final batch loss = 0.525342
  chunk 51 final batch loss = 0.151073
  chunk 52 final batch loss = 0.105197
  chunk 53 final batch loss = 0.393062
  chunk 54 final batch loss = 0.207652
  chunk 55 final batch loss = 0.136794
  chunk 56 final batch loss = 0.689456
  chunk 57 final batch loss = 0.693383
  chunk 58 final batch loss = 0.600595
  chunk 59 final batch loss = 0.121413
  chunk 60 final batch loss = 0.557381
  chunk 61 final batch loss = 0.213383
  chunk 62 final batch loss = 0.163852
  chunk 63 final batch loss = 0.722832
  chunk 64 final batch loss = 0.753526
  chunk 65 final batch loss = 0.247096
  chunk 66 final batch loss = 0.562622
  chunk 67 final batch loss = 0.786318
  chunk 68 final batch loss = 0.291789
  chunk 69 final batch loss = 0.579631
  chunk 70 final batch loss = 0.106326
  chunk 71 final batch loss = 0.587085
  chunk 72 final batch loss = 0.699272
  chunk 73 final batch loss = 0.279154
  chunk 74 final batch loss = 0.468610
  chunk 75 final batch loss = 0.106120
  chunk 76 final batch loss = 0.081730
  chunk 77 final batch loss = 0.326317
  chunk 78 final batch loss = 0.755056
  chunk 79 final batch loss = 0.502231
Validation loss: 0.351399
No improvement for 1 epochs
Saved checkpoint -> /workspace/train_17/checkpoints_17/mlp/epoch_58.pt
Epoch 59
  chunk 0 final batch loss = 0.794500
  chunk 1 final batch loss = 0.783671
  chunk 2 final batch loss = 0.292525
  chunk 3 final batch loss = 0.173270
  chunk 4 final batch loss = 0.749523
  chunk 5 final batch loss = 0.418821
  chunk 6 final batch loss = 0.102123
  chunk 7 final batch loss = 0.298473
  chunk 8 final batch loss = 0.207311
  chunk 9 final batch loss = 0.461561
  chunk 10 final batch loss = 0.350859
  chunk 11 final batch loss = 0.809770
  chunk 12 final batch loss = 0.675260
  chunk 13 final batch loss = 0.676333
  chunk 14 final batch loss = 0.306916
  chunk 15 final batch loss = 0.188386
  chunk 16 final batch loss = 0.186284
  chunk 17 final batch loss = 0.293614
  chunk 18 final batch loss = 0.514740
  chunk 19 final batch loss = 0.137105
  chunk 20 final batch loss = 0.784591
  chunk 21 final batch loss = 0.567800
  chunk 22 final batch loss = 0.788135
  chunk 23 final batch loss = 0.586391
  chunk 24 final batch loss = 0.768506
  chunk 25 final batch loss = 0.166056
  chunk 26 final batch loss = 0.708187
  chunk 27 final batch loss = 0.095550
  chunk 28 final batch loss = 0.104034
  chunk 29 final batch loss = 0.791497
  chunk 30 final batch loss = 0.162966
  chunk 31 final batch loss = 0.180055
  chunk 32 final batch loss = 0.642771
  chunk 33 final batch loss = 0.111453
  chunk 34 final batch loss = 0.247353
  chunk 35 final batch loss = 0.786727
  chunk 36 final batch loss = 0.602261
  chunk 37 final batch loss = 0.481446
  chunk 38 final batch loss = 0.097790
  chunk 39 final batch loss = 0.822060
  chunk 40 final batch loss = 0.125942
  chunk 41 final batch loss = 0.624460
  chunk 42 final batch loss = 0.136045
  chunk 43 final batch loss = 0.779932
  chunk 44 final batch loss = 0.227774
  chunk 45 final batch loss = 0.677578
  chunk 46 final batch loss = 0.111653
  chunk 47 final batch loss = 0.104265
  chunk 48 final batch loss = 0.181337
  chunk 49 final batch loss = 0.760282
  chunk 50 final batch loss = 0.554946
  chunk 51 final batch loss = 0.150685
  chunk 52 final batch loss = 0.093263
  chunk 53 final batch loss = 0.370872
  chunk 54 final batch loss = 0.207220
  chunk 55 final batch loss = 0.119540
  chunk 56 final batch loss = 0.649246
  chunk 57 final batch loss = 0.715146
  chunk 58 final batch loss = 0.571431
  chunk 59 final batch loss = 0.120042
  chunk 60 final batch loss = 0.615338
  chunk 61 final batch loss = 0.194678
  chunk 62 final batch loss = 0.179135
  chunk 63 final batch loss = 0.734151
  chunk 64 final batch loss = 0.739940
  chunk 65 final batch loss = 0.233450
  chunk 66 final batch loss = 0.527135
  chunk 67 final batch loss = 0.781974
  chunk 68 final batch loss = 0.243211
  chunk 69 final batch loss = 0.569334
  chunk 70 final batch loss = 0.098201
  chunk 71 final batch loss = 0.591841
  chunk 72 final batch loss = 0.723089
  chunk 73 final batch loss = 0.246018
  chunk 74 final batch loss = 0.425556
  chunk 75 final batch loss = 0.101138
  chunk 76 final batch loss = 0.080129
  chunk 77 final batch loss = 0.338750
  chunk 78 final batch loss = 0.764830
  chunk 79 final batch loss = 0.465076
Validation loss: 0.349416
No improvement for 2 epochs
Saved checkpoint -> /workspace/train_17/checkpoints_17/mlp/epoch_59.pt
Epoch 60
  chunk 0 final batch loss = 0.779883
  chunk 1 final batch loss = 0.754514
  chunk 2 final batch loss = 0.295507
  chunk 3 final batch loss = 0.163239
  chunk 4 final batch loss = 0.702372
  chunk 5 final batch loss = 0.409616
  chunk 6 final batch loss = 0.101291
  chunk 7 final batch loss = 0.317018
  chunk 8 final batch loss = 0.214908
  chunk 9 final batch loss = 0.526593
  chunk 10 final batch loss = 0.328385
  chunk 11 final batch loss = 0.827569
  chunk 12 final batch loss = 0.663016
  chunk 13 final batch loss = 0.626875
  chunk 14 final batch loss = 0.255643
  chunk 15 final batch loss = 0.158414
  chunk 16 final batch loss = 0.154461
  chunk 17 final batch loss = 0.289263
  chunk 18 final batch loss = 0.527906
  chunk 19 final batch loss = 0.137713
  chunk 20 final batch loss = 0.806929
  chunk 21 final batch loss = 0.581539
  chunk 22 final batch loss = 0.769780
  chunk 23 final batch loss = 0.570840
  chunk 24 final batch loss = 0.791423
  chunk 25 final batch loss = 0.156643
  chunk 26 final batch loss = 0.748137
  chunk 27 final batch loss = 0.081356
  chunk 28 final batch loss = 0.117415
  chunk 29 final batch loss = 0.803639
  chunk 30 final batch loss = 0.148882
  chunk 31 final batch loss = 0.157825
  chunk 32 final batch loss = 0.649184
  chunk 33 final batch loss = 0.122566
  chunk 34 final batch loss = 0.285733
  chunk 35 final batch loss = 0.772196
  chunk 36 final batch loss = 0.577143
  chunk 37 final batch loss = 0.433853
  chunk 38 final batch loss = 0.112864
  chunk 39 final batch loss = 0.819284
  chunk 40 final batch loss = 0.128026
  chunk 41 final batch loss = 0.605944
  chunk 42 final batch loss = 0.126213
  chunk 43 final batch loss = 0.785492
  chunk 44 final batch loss = 0.222334
  chunk 45 final batch loss = 0.725195
  chunk 46 final batch loss = 0.103615
  chunk 47 final batch loss = 0.121741
  chunk 48 final batch loss = 0.160457
  chunk 49 final batch loss = 0.745092
  chunk 50 final batch loss = 0.614562
  chunk 51 final batch loss = 0.148964
  chunk 52 final batch loss = 0.099279
  chunk 53 final batch loss = 0.393225
  chunk 54 final batch loss = 0.213700
  chunk 55 final batch loss = 0.125169
  chunk 56 final batch loss = 0.637793
  chunk 57 final batch loss = 0.659812
  chunk 58 final batch loss = 0.570304
  chunk 59 final batch loss = 0.121736
  chunk 60 final batch loss = 0.568401
  chunk 61 final batch loss = 0.175971
  chunk 62 final batch loss = 0.168318
  chunk 63 final batch loss = 0.719534
  chunk 64 final batch loss = 0.751255
  chunk 65 final batch loss = 0.241345
  chunk 66 final batch loss = 0.591261
  chunk 67 final batch loss = 0.781731
  chunk 68 final batch loss = 0.281573
  chunk 69 final batch loss = 0.550298
  chunk 70 final batch loss = 0.108775
  chunk 71 final batch loss = 0.538012
  chunk 72 final batch loss = 0.634327
  chunk 73 final batch loss = 0.282966
  chunk 74 final batch loss = 0.473959
  chunk 75 final batch loss = 0.106709
  chunk 76 final batch loss = 0.079950
  chunk 77 final batch loss = 0.273352
  chunk 78 final batch loss = 0.756091
  chunk 79 final batch loss = 0.538530
Validation loss: 0.348927
No improvement for 3 epochs
Saved checkpoint -> /workspace/train_17/checkpoints_17/mlp/epoch_60.pt
Epoch 61
  chunk 0 final batch loss = 0.794134
  chunk 1 final batch loss = 0.775043
  chunk 2 final batch loss = 0.264960
  chunk 3 final batch loss = 0.166165
  chunk 4 final batch loss = 0.718688
  chunk 5 final batch loss = 0.439265
  chunk 6 final batch loss = 0.094796
  chunk 7 final batch loss = 0.324060
  chunk 8 final batch loss = 0.181959
  chunk 9 final batch loss = 0.489045
  chunk 10 final batch loss = 0.267784
  chunk 11 final batch loss = 0.817735
  chunk 12 final batch loss = 0.661211
  chunk 13 final batch loss = 0.605262
  chunk 14 final batch loss = 0.297293
  chunk 15 final batch loss = 0.162972
  chunk 16 final batch loss = 0.159506
  chunk 17 final batch loss = 0.316536
  chunk 18 final batch loss = 0.483006
  chunk 19 final batch loss = 0.135718
  chunk 20 final batch loss = 0.794124
  chunk 21 final batch loss = 0.611211
  chunk 22 final batch loss = 0.756050
  chunk 23 final batch loss = 0.549275
  chunk 24 final batch loss = 0.744967
  chunk 25 final batch loss = 0.166912
  chunk 26 final batch loss = 0.772571
  chunk 27 final batch loss = 0.083556
  chunk 28 final batch loss = 0.095745
  chunk 29 final batch loss = 0.776578
  chunk 30 final batch loss = 0.215921
  chunk 31 final batch loss = 0.179017
  chunk 32 final batch loss = 0.656140
  chunk 33 final batch loss = 0.101709
  chunk 34 final batch loss = 0.285081
  chunk 35 final batch loss = 0.778840
  chunk 36 final batch loss = 0.594557
  chunk 37 final batch loss = 0.410690
  chunk 38 final batch loss = 0.107515
  chunk 39 final batch loss = 0.810943
  chunk 40 final batch loss = 0.121657
  chunk 41 final batch loss = 0.601032
  chunk 42 final batch loss = 0.128719
  chunk 43 final batch loss = 0.793859
  chunk 44 final batch loss = 0.248863
  chunk 45 final batch loss = 0.713843
  chunk 46 final batch loss = 0.112756
  chunk 47 final batch loss = 0.108803
  chunk 48 final batch loss = 0.194847
  chunk 49 final batch loss = 0.763992
  chunk 50 final batch loss = 0.599454
  chunk 51 final batch loss = 0.157949
  chunk 52 final batch loss = 0.095824
  chunk 53 final batch loss = 0.366416
  chunk 54 final batch loss = 0.238534
  chunk 55 final batch loss = 0.152281
  chunk 56 final batch loss = 0.704430
  chunk 57 final batch loss = 0.711400
  chunk 58 final batch loss = 0.548341
  chunk 59 final batch loss = 0.120950
  chunk 60 final batch loss = 0.541645
  chunk 61 final batch loss = 0.176677
  chunk 62 final batch loss = 0.176745
  chunk 63 final batch loss = 0.732568
  chunk 64 final batch loss = 0.752660
  chunk 65 final batch loss = 0.201324
  chunk 66 final batch loss = 0.537469
  chunk 67 final batch loss = 0.788061
  chunk 68 final batch loss = 0.273617
  chunk 69 final batch loss = 0.544803
  chunk 70 final batch loss = 0.096258
  chunk 71 final batch loss = 0.589157
  chunk 72 final batch loss = 0.639523
  chunk 73 final batch loss = 0.263323
  chunk 74 final batch loss = 0.385432
  chunk 75 final batch loss = 0.112901
  chunk 76 final batch loss = 0.083219
  chunk 77 final batch loss = 0.297316
  chunk 78 final batch loss = 0.763934
  chunk 79 final batch loss = 0.510408
Validation loss: 0.347002
Saved BEST checkpoint -> /workspace/train_17/checkpoints_17/mlp/best.pt
Saved checkpoint -> /workspace/train_17/checkpoints_17/mlp/epoch_61.pt
Epoch 62
  chunk 0 final batch loss = 0.781292
  chunk 1 final batch loss = 0.755912
  chunk 2 final batch loss = 0.271096
  chunk 3 final batch loss = 0.155615
  chunk 4 final batch loss = 0.702127
  chunk 5 final batch loss = 0.451327
  chunk 6 final batch loss = 0.097141
  chunk 7 final batch loss = 0.272215
  chunk 8 final batch loss = 0.213290
  chunk 9 final batch loss = 0.507331
  chunk 10 final batch loss = 0.276976
  chunk 11 final batch loss = 0.817840
  chunk 12 final batch loss = 0.649715
  chunk 13 final batch loss = 0.657537
  chunk 14 final batch loss = 0.241809
  chunk 15 final batch loss = 0.168253
  chunk 16 final batch loss = 0.151000
  chunk 17 final batch loss = 0.264170
  chunk 18 final batch loss = 0.529118
  chunk 19 final batch loss = 0.121247
  chunk 20 final batch loss = 0.764778
  chunk 21 final batch loss = 0.638631
  chunk 22 final batch loss = 0.773819
  chunk 23 final batch loss = 0.601297
  chunk 24 final batch loss = 0.760960
  chunk 25 final batch loss = 0.171230
  chunk 26 final batch loss = 0.738479
  chunk 27 final batch loss = 0.072783
  chunk 28 final batch loss = 0.108929
  chunk 29 final batch loss = 0.799579
  chunk 30 final batch loss = 0.185161
  chunk 31 final batch loss = 0.157593
  chunk 32 final batch loss = 0.710398
  chunk 33 final batch loss = 0.111428
  chunk 34 final batch loss = 0.257799
  chunk 35 final batch loss = 0.788038
  chunk 36 final batch loss = 0.621402
  chunk 37 final batch loss = 0.391786
  chunk 38 final batch loss = 0.109593
  chunk 39 final batch loss = 0.801730
  chunk 40 final batch loss = 0.120419
  chunk 41 final batch loss = 0.571490
  chunk 42 final batch loss = 0.140445
  chunk 43 final batch loss = 0.778911
  chunk 44 final batch loss = 0.230206
  chunk 45 final batch loss = 0.689570
  chunk 46 final batch loss = 0.117388
  chunk 47 final batch loss = 0.101536
  chunk 48 final batch loss = 0.192402
  chunk 49 final batch loss = 0.769861
  chunk 50 final batch loss = 0.575822
  chunk 51 final batch loss = 0.171442
  chunk 52 final batch loss = 0.102196
  chunk 53 final batch loss = 0.425292
  chunk 54 final batch loss = 0.215663
  chunk 55 final batch loss = 0.142181
  chunk 56 final batch loss = 0.674310
  chunk 57 final batch loss = 0.735182
  chunk 58 final batch loss = 0.571076
  chunk 59 final batch loss = 0.110750
  chunk 60 final batch loss = 0.540830
  chunk 61 final batch loss = 0.156154
  chunk 62 final batch loss = 0.127832
  chunk 63 final batch loss = 0.706151
  chunk 64 final batch loss = 0.760705
  chunk 65 final batch loss = 0.227752
  chunk 66 final batch loss = 0.593300
  chunk 67 final batch loss = 0.775891
  chunk 68 final batch loss = 0.299525
  chunk 69 final batch loss = 0.588574
  chunk 70 final batch loss = 0.102488
  chunk 71 final batch loss = 0.584826
  chunk 72 final batch loss = 0.656681
  chunk 73 final batch loss = 0.314440
  chunk 74 final batch loss = 0.425323
  chunk 75 final batch loss = 0.108354
  chunk 76 final batch loss = 0.082000
  chunk 77 final batch loss = 0.282942
  chunk 78 final batch loss = 0.763804
  chunk 79 final batch loss = 0.551635
Validation loss: 0.347438
No improvement for 1 epochs
Saved checkpoint -> /workspace/train_17/checkpoints_17/mlp/epoch_62.pt
Epoch 63
  chunk 0 final batch loss = 0.796960
  chunk 1 final batch loss = 0.780371
  chunk 2 final batch loss = 0.244158
  chunk 3 final batch loss = 0.147624
  chunk 4 final batch loss = 0.714160
  chunk 5 final batch loss = 0.421522
  chunk 6 final batch loss = 0.095357
  chunk 7 final batch loss = 0.286457
  chunk 8 final batch loss = 0.227950
  chunk 9 final batch loss = 0.587371
  chunk 10 final batch loss = 0.319089
  chunk 11 final batch loss = 0.812401
  chunk 12 final batch loss = 0.652460
  chunk 13 final batch loss = 0.619551
  chunk 14 final batch loss = 0.304595
  chunk 15 final batch loss = 0.179354
  chunk 16 final batch loss = 0.158028
  chunk 17 final batch loss = 0.245518
  chunk 18 final batch loss = 0.536452
  chunk 19 final batch loss = 0.133240
  chunk 20 final batch loss = 0.740447
  chunk 21 final batch loss = 0.547586
  chunk 22 final batch loss = 0.765202
  chunk 23 final batch loss = 0.590221
  chunk 24 final batch loss = 0.754706
  chunk 25 final batch loss = 0.142630
  chunk 26 final batch loss = 0.793944
  chunk 27 final batch loss = 0.084862
  chunk 28 final batch loss = 0.111217
  chunk 29 final batch loss = 0.788399
  chunk 30 final batch loss = 0.169893
  chunk 31 final batch loss = 0.169077
  chunk 32 final batch loss = 0.668614
  chunk 33 final batch loss = 0.115522
  chunk 34 final batch loss = 0.317890
  chunk 35 final batch loss = 0.781576
  chunk 36 final batch loss = 0.590946
  chunk 37 final batch loss = 0.348622
  chunk 38 final batch loss = 0.100320
  chunk 39 final batch loss = 0.815172
  chunk 40 final batch loss = 0.115912
  chunk 41 final batch loss = 0.582365
  chunk 42 final batch loss = 0.140327
  chunk 43 final batch loss = 0.790623
  chunk 44 final batch loss = 0.208286
  chunk 45 final batch loss = 0.713248
  chunk 46 final batch loss = 0.106801
  chunk 47 final batch loss = 0.107537
  chunk 48 final batch loss = 0.175630
  chunk 49 final batch loss = 0.775284
  chunk 50 final batch loss = 0.607784
  chunk 51 final batch loss = 0.147867
  chunk 52 final batch loss = 0.120471
  chunk 53 final batch loss = 0.397188
  chunk 54 final batch loss = 0.233497
  chunk 55 final batch loss = 0.129294
  chunk 56 final batch loss = 0.665325
  chunk 57 final batch loss = 0.689176
  chunk 58 final batch loss = 0.543406
  chunk 59 final batch loss = 0.126330
  chunk 60 final batch loss = 0.548284
  chunk 61 final batch loss = 0.162231
  chunk 62 final batch loss = 0.173424
  chunk 63 final batch loss = 0.720999
  chunk 64 final batch loss = 0.747403
  chunk 65 final batch loss = 0.245949
  chunk 66 final batch loss = 0.562514
  chunk 67 final batch loss = 0.778157
  chunk 68 final batch loss = 0.288155
  chunk 69 final batch loss = 0.581006
  chunk 70 final batch loss = 0.095174
  chunk 71 final batch loss = 0.601522
  chunk 72 final batch loss = 0.670052
  chunk 73 final batch loss = 0.253238
  chunk 74 final batch loss = 0.374694
  chunk 75 final batch loss = 0.096452
  chunk 76 final batch loss = 0.083081
  chunk 77 final batch loss = 0.247937
  chunk 78 final batch loss = 0.770164
  chunk 79 final batch loss = 0.442103
Validation loss: 0.346306
Saved BEST checkpoint -> /workspace/train_17/checkpoints_17/mlp/best.pt
Saved checkpoint -> /workspace/train_17/checkpoints_17/mlp/epoch_63.pt
Epoch 64
  chunk 0 final batch loss = 0.774849
  chunk 1 final batch loss = 0.791231
  chunk 2 final batch loss = 0.283675
  chunk 3 final batch loss = 0.157948
  chunk 4 final batch loss = 0.707836
  chunk 5 final batch loss = 0.419574
  chunk 6 final batch loss = 0.104579
  chunk 7 final batch loss = 0.285551
  chunk 8 final batch loss = 0.210661
  chunk 9 final batch loss = 0.523194
  chunk 10 final batch loss = 0.287535
  chunk 11 final batch loss = 0.815521
  chunk 12 final batch loss = 0.639406
  chunk 13 final batch loss = 0.650194
  chunk 14 final batch loss = 0.261017
  chunk 15 final batch loss = 0.167005
  chunk 16 final batch loss = 0.143251
  chunk 17 final batch loss = 0.251268
  chunk 18 final batch loss = 0.486261
  chunk 19 final batch loss = 0.119057
  chunk 20 final batch loss = 0.756057
  chunk 21 final batch loss = 0.584183
  chunk 22 final batch loss = 0.773458
  chunk 23 final batch loss = 0.545690
  chunk 24 final batch loss = 0.770980
  chunk 25 final batch loss = 0.168099
  chunk 26 final batch loss = 0.748800
  chunk 27 final batch loss = 0.075769
  chunk 28 final batch loss = 0.091755
  chunk 29 final batch loss = 0.754364
  chunk 30 final batch loss = 0.192051
  chunk 31 final batch loss = 0.160204
  chunk 32 final batch loss = 0.678004
  chunk 33 final batch loss = 0.106528
  chunk 34 final batch loss = 0.269141
  chunk 35 final batch loss = 0.781947
  chunk 36 final batch loss = 0.577374
  chunk 37 final batch loss = 0.432166
  chunk 38 final batch loss = 0.100944
  chunk 39 final batch loss = 0.815552
  chunk 40 final batch loss = 0.136845
  chunk 41 final batch loss = 0.544209
  chunk 42 final batch loss = 0.115408
  chunk 43 final batch loss = 0.758138
  chunk 44 final batch loss = 0.212154
  chunk 45 final batch loss = 0.662834
  chunk 46 final batch loss = 0.112810
  chunk 47 final batch loss = 0.109471
  chunk 48 final batch loss = 0.167468
  chunk 49 final batch loss = 0.775118
  chunk 50 final batch loss = 0.626057
  chunk 51 final batch loss = 0.159370
  chunk 52 final batch loss = 0.093605
  chunk 53 final batch loss = 0.373877
  chunk 54 final batch loss = 0.198005
  chunk 55 final batch loss = 0.136169
  chunk 56 final batch loss = 0.646599
  chunk 57 final batch loss = 0.701221
  chunk 58 final batch loss = 0.571009
  chunk 59 final batch loss = 0.121537
  chunk 60 final batch loss = 0.586880
  chunk 61 final batch loss = 0.175022
  chunk 62 final batch loss = 0.167076
  chunk 63 final batch loss = 0.705448
  chunk 64 final batch loss = 0.752112
  chunk 65 final batch loss = 0.224869
  chunk 66 final batch loss = 0.596881
  chunk 67 final batch loss = 0.777183
  chunk 68 final batch loss = 0.284011
  chunk 69 final batch loss = 0.576792
  chunk 70 final batch loss = 0.091711
  chunk 71 final batch loss = 0.611011
  chunk 72 final batch loss = 0.723006
  chunk 73 final batch loss = 0.222105
  chunk 74 final batch loss = 0.392963
  chunk 75 final batch loss = 0.107232
  chunk 76 final batch loss = 0.079119
  chunk 77 final batch loss = 0.258324
  chunk 78 final batch loss = 0.755251
  chunk 79 final batch loss = 0.463790
Validation loss: 0.343977
Saved BEST checkpoint -> /workspace/train_17/checkpoints_17/mlp/best.pt
Saved checkpoint -> /workspace/train_17/checkpoints_17/mlp/epoch_64.pt
Epoch 65
  chunk 0 final batch loss = 0.781036
  chunk 1 final batch loss = 0.790020
  chunk 2 final batch loss = 0.257139
  chunk 3 final batch loss = 0.161668
  chunk 4 final batch loss = 0.707832
  chunk 5 final batch loss = 0.354002
  chunk 6 final batch loss = 0.091764
  chunk 7 final batch loss = 0.285728
  chunk 8 final batch loss = 0.211598
  chunk 9 final batch loss = 0.565637
  chunk 10 final batch loss = 0.281665
  chunk 11 final batch loss = 0.811118
  chunk 12 final batch loss = 0.676122
  chunk 13 final batch loss = 0.674672
  chunk 14 final batch loss = 0.287990
  chunk 15 final batch loss = 0.161097
  chunk 16 final batch loss = 0.159852
  chunk 17 final batch loss = 0.323901
  chunk 18 final batch loss = 0.546378
  chunk 19 final batch loss = 0.127059
  chunk 20 final batch loss = 0.789448
  chunk 21 final batch loss = 0.606773
  chunk 22 final batch loss = 0.794863
  chunk 23 final batch loss = 0.539793
  chunk 24 final batch loss = 0.756586
  chunk 25 final batch loss = 0.148924
  chunk 26 final batch loss = 0.768593
  chunk 27 final batch loss = 0.073597
  chunk 28 final batch loss = 0.109854
  chunk 29 final batch loss = 0.785798
  chunk 30 final batch loss = 0.174624
  chunk 31 final batch loss = 0.133099
  chunk 32 final batch loss = 0.689296
  chunk 33 final batch loss = 0.111648
  chunk 34 final batch loss = 0.287864
  chunk 35 final batch loss = 0.770061
  chunk 36 final batch loss = 0.613992
  chunk 37 final batch loss = 0.389769
  chunk 38 final batch loss = 0.105938
  chunk 39 final batch loss = 0.822757
  chunk 40 final batch loss = 0.123982
  chunk 41 final batch loss = 0.572173
  chunk 42 final batch loss = 0.125694
  chunk 43 final batch loss = 0.762233
  chunk 44 final batch loss = 0.256093
  chunk 45 final batch loss = 0.688296
  chunk 46 final batch loss = 0.111370
  chunk 47 final batch loss = 0.107515
  chunk 48 final batch loss = 0.177019
  chunk 49 final batch loss = 0.767977
  chunk 50 final batch loss = 0.569480
  chunk 51 final batch loss = 0.161049
  chunk 52 final batch loss = 0.096581
  chunk 53 final batch loss = 0.438248
  chunk 54 final batch loss = 0.203613
  chunk 55 final batch loss = 0.130455
  chunk 56 final batch loss = 0.639660
  chunk 57 final batch loss = 0.753673
  chunk 58 final batch loss = 0.622030
  chunk 59 final batch loss = 0.099837
  chunk 60 final batch loss = 0.530048
  chunk 61 final batch loss = 0.166862
  chunk 62 final batch loss = 0.152380
  chunk 63 final batch loss = 0.686810
  chunk 64 final batch loss = 0.750543
  chunk 65 final batch loss = 0.220592
  chunk 66 final batch loss = 0.535063
  chunk 67 final batch loss = 0.789324
  chunk 68 final batch loss = 0.242703
  chunk 69 final batch loss = 0.517006
  chunk 70 final batch loss = 0.093016
  chunk 71 final batch loss = 0.586581
  chunk 72 final batch loss = 0.690791
  chunk 73 final batch loss = 0.278662
  chunk 74 final batch loss = 0.437102
  chunk 75 final batch loss = 0.113960
  chunk 76 final batch loss = 0.084177
  chunk 77 final batch loss = 0.297102
  chunk 78 final batch loss = 0.737662
  chunk 79 final batch loss = 0.536011
Validation loss: 0.347305
No improvement for 1 epochs
Saved checkpoint -> /workspace/train_17/checkpoints_17/mlp/epoch_65.pt
Epoch 66
  chunk 0 final batch loss = 0.779393
  chunk 1 final batch loss = 0.766865
  chunk 2 final batch loss = 0.300113
  chunk 3 final batch loss = 0.166557
  chunk 4 final batch loss = 0.702326
  chunk 5 final batch loss = 0.424209
  chunk 6 final batch loss = 0.086086
  chunk 7 final batch loss = 0.259000
  chunk 8 final batch loss = 0.228355
  chunk 9 final batch loss = 0.496633
  chunk 10 final batch loss = 0.340394
  chunk 11 final batch loss = 0.822260
  chunk 12 final batch loss = 0.676231
  chunk 13 final batch loss = 0.678144
  chunk 14 final batch loss = 0.266510
  chunk 15 final batch loss = 0.164862
  chunk 16 final batch loss = 0.141823
  chunk 17 final batch loss = 0.279769
  chunk 18 final batch loss = 0.546157
  chunk 19 final batch loss = 0.123777
  chunk 20 final batch loss = 0.759460
  chunk 21 final batch loss = 0.557430
  chunk 22 final batch loss = 0.705759
  chunk 23 final batch loss = 0.594860
  chunk 24 final batch loss = 0.740001
  chunk 25 final batch loss = 0.145827
  chunk 26 final batch loss = 0.766719
  chunk 27 final batch loss = 0.075953
  chunk 28 final batch loss = 0.105275
  chunk 29 final batch loss = 0.793721
  chunk 30 final batch loss = 0.191055
  chunk 31 final batch loss = 0.146412
  chunk 32 final batch loss = 0.681536
  chunk 33 final batch loss = 0.101441
  chunk 34 final batch loss = 0.252062
  chunk 35 final batch loss = 0.780293
  chunk 36 final batch loss = 0.562355
  chunk 37 final batch loss = 0.365379
  chunk 38 final batch loss = 0.103424
  chunk 39 final batch loss = 0.812186
  chunk 40 final batch loss = 0.129107
  chunk 41 final batch loss = 0.581263
  chunk 42 final batch loss = 0.115191
  chunk 43 final batch loss = 0.785748
  chunk 44 final batch loss = 0.198453
  chunk 45 final batch loss = 0.721985
  chunk 46 final batch loss = 0.101675
  chunk 47 final batch loss = 0.114682
  chunk 48 final batch loss = 0.176598
  chunk 49 final batch loss = 0.780984
  chunk 50 final batch loss = 0.555653
  chunk 51 final batch loss = 0.182282
  chunk 52 final batch loss = 0.098993
  chunk 53 final batch loss = 0.383139
  chunk 54 final batch loss = 0.208029
  chunk 55 final batch loss = 0.125202
  chunk 56 final batch loss = 0.647919
  chunk 57 final batch loss = 0.686616
  chunk 58 final batch loss = 0.574074
  chunk 59 final batch loss = 0.113710
  chunk 60 final batch loss = 0.606526
  chunk 61 final batch loss = 0.173805
  chunk 62 final batch loss = 0.169357
  chunk 63 final batch loss = 0.686019
  chunk 64 final batch loss = 0.764138
  chunk 65 final batch loss = 0.214751
  chunk 66 final batch loss = 0.529664
  chunk 67 final batch loss = 0.772092
  chunk 68 final batch loss = 0.315711
  chunk 69 final batch loss = 0.572655
  chunk 70 final batch loss = 0.102319
  chunk 71 final batch loss = 0.571779
  chunk 72 final batch loss = 0.656261
  chunk 73 final batch loss = 0.247542
  chunk 74 final batch loss = 0.410652
  chunk 75 final batch loss = 0.098013
  chunk 76 final batch loss = 0.076239
  chunk 77 final batch loss = 0.323603
  chunk 78 final batch loss = 0.722271
  chunk 79 final batch loss = 0.497487
Validation loss: 0.344047
No improvement for 2 epochs
Saved checkpoint -> /workspace/train_17/checkpoints_17/mlp/epoch_66.pt
Epoch 67
  chunk 0 final batch loss = 0.801672
  chunk 1 final batch loss = 0.770485
  chunk 2 final batch loss = 0.267786
  chunk 3 final batch loss = 0.163059
  chunk 4 final batch loss = 0.696574
  chunk 5 final batch loss = 0.408892
  chunk 6 final batch loss = 0.113000
  chunk 7 final batch loss = 0.262901
  chunk 8 final batch loss = 0.224223
  chunk 9 final batch loss = 0.528986
  chunk 10 final batch loss = 0.306852
  chunk 11 final batch loss = 0.804142
  chunk 12 final batch loss = 0.681960
  chunk 13 final batch loss = 0.650874
  chunk 14 final batch loss = 0.258941
  chunk 15 final batch loss = 0.166531
  chunk 16 final batch loss = 0.135774
  chunk 17 final batch loss = 0.222639
  chunk 18 final batch loss = 0.575630
  chunk 19 final batch loss = 0.147220
  chunk 20 final batch loss = 0.773255
  chunk 21 final batch loss = 0.534548
  chunk 22 final batch loss = 0.760983
  chunk 23 final batch loss = 0.666165
  chunk 24 final batch loss = 0.731493
  chunk 25 final batch loss = 0.151799
  chunk 26 final batch loss = 0.767354
  chunk 27 final batch loss = 0.076279
  chunk 28 final batch loss = 0.113590
  chunk 29 final batch loss = 0.765758
  chunk 30 final batch loss = 0.168968
  chunk 31 final batch loss = 0.145683
  chunk 32 final batch loss = 0.651361
  chunk 33 final batch loss = 0.104421
  chunk 34 final batch loss = 0.273939
  chunk 35 final batch loss = 0.789079
  chunk 36 final batch loss = 0.596039
  chunk 37 final batch loss = 0.368248
  chunk 38 final batch loss = 0.096459
  chunk 39 final batch loss = 0.812725
  chunk 40 final batch loss = 0.130542
  chunk 41 final batch loss = 0.611164
  chunk 42 final batch loss = 0.121329
  chunk 43 final batch loss = 0.778939
  chunk 44 final batch loss = 0.225257
  chunk 45 final batch loss = 0.708197
  chunk 46 final batch loss = 0.114901
  chunk 47 final batch loss = 0.104003
  chunk 48 final batch loss = 0.158009
  chunk 49 final batch loss = 0.778421
  chunk 50 final batch loss = 0.612210
  chunk 51 final batch loss = 0.155390
  chunk 52 final batch loss = 0.091960
  chunk 53 final batch loss = 0.342920
  chunk 54 final batch loss = 0.200834
  chunk 55 final batch loss = 0.130400
  chunk 56 final batch loss = 0.630082
  chunk 57 final batch loss = 0.697112
  chunk 58 final batch loss = 0.523589
  chunk 59 final batch loss = 0.121911
  chunk 60 final batch loss = 0.502445
  chunk 61 final batch loss = 0.145946
  chunk 62 final batch loss = 0.154381
  chunk 63 final batch loss = 0.695806
  chunk 64 final batch loss = 0.771586
  chunk 65 final batch loss = 0.227907
  chunk 66 final batch loss = 0.579573
  chunk 67 final batch loss = 0.783209
  chunk 68 final batch loss = 0.276922
  chunk 69 final batch loss = 0.564576
  chunk 70 final batch loss = 0.111120
  chunk 71 final batch loss = 0.580120
  chunk 72 final batch loss = 0.699414
  chunk 73 final batch loss = 0.261501
  chunk 74 final batch loss = 0.425076
  chunk 75 final batch loss = 0.087037
  chunk 76 final batch loss = 0.076912
  chunk 77 final batch loss = 0.272733
  chunk 78 final batch loss = 0.761667
  chunk 79 final batch loss = 0.513078
Validation loss: 0.345091
No improvement for 3 epochs
Saved checkpoint -> /workspace/train_17/checkpoints_17/mlp/epoch_67.pt
Epoch 68
  chunk 0 final batch loss = 0.796423
  chunk 1 final batch loss = 0.764850
  chunk 2 final batch loss = 0.271595
  chunk 3 final batch loss = 0.145228
  chunk 4 final batch loss = 0.732592
  chunk 5 final batch loss = 0.410337
  chunk 6 final batch loss = 0.099253
  chunk 7 final batch loss = 0.250602
  chunk 8 final batch loss = 0.189903
  chunk 9 final batch loss = 0.525784
  chunk 10 final batch loss = 0.287462
  chunk 11 final batch loss = 0.815988
  chunk 12 final batch loss = 0.664374
  chunk 13 final batch loss = 0.660610
  chunk 14 final batch loss = 0.268180
  chunk 15 final batch loss = 0.142354
  chunk 16 final batch loss = 0.144269
  chunk 17 final batch loss = 0.252806
  chunk 18 final batch loss = 0.501942
  chunk 19 final batch loss = 0.118345
  chunk 20 final batch loss = 0.769735
  chunk 21 final batch loss = 0.538050
  chunk 22 final batch loss = 0.749793
  chunk 23 final batch loss = 0.621530
  chunk 24 final batch loss = 0.730839
  chunk 25 final batch loss = 0.171770
  chunk 26 final batch loss = 0.768485
  chunk 27 final batch loss = 0.081976
  chunk 28 final batch loss = 0.112166
  chunk 29 final batch loss = 0.788655
  chunk 30 final batch loss = 0.159938
  chunk 31 final batch loss = 0.164986
  chunk 32 final batch loss = 0.654691
  chunk 33 final batch loss = 0.109580
  chunk 34 final batch loss = 0.277261
  chunk 35 final batch loss = 0.778493
  chunk 36 final batch loss = 0.570023
  chunk 37 final batch loss = 0.401556
  chunk 38 final batch loss = 0.107261
  chunk 39 final batch loss = 0.812212
  chunk 40 final batch loss = 0.111612
  chunk 41 final batch loss = 0.590283
  chunk 42 final batch loss = 0.129037
  chunk 43 final batch loss = 0.782989
  chunk 44 final batch loss = 0.233246
  chunk 45 final batch loss = 0.731470
  chunk 46 final batch loss = 0.103987
  chunk 47 final batch loss = 0.116604
  chunk 48 final batch loss = 0.169724
  chunk 49 final batch loss = 0.774625
  chunk 50 final batch loss = 0.617397
  chunk 51 final batch loss = 0.147075
  chunk 52 final batch loss = 0.119121
  chunk 53 final batch loss = 0.393030
  chunk 54 final batch loss = 0.216519
  chunk 55 final batch loss = 0.129982
  chunk 56 final batch loss = 0.643575
  chunk 57 final batch loss = 0.655660
  chunk 58 final batch loss = 0.621478
  chunk 59 final batch loss = 0.114707
  chunk 60 final batch loss = 0.575629
  chunk 61 final batch loss = 0.168720
  chunk 62 final batch loss = 0.166550
  chunk 63 final batch loss = 0.738760
  chunk 64 final batch loss = 0.751712
  chunk 65 final batch loss = 0.222870
  chunk 66 final batch loss = 0.533371
  chunk 67 final batch loss = 0.780278
  chunk 68 final batch loss = 0.287999
  chunk 69 final batch loss = 0.607057
  chunk 70 final batch loss = 0.106783
  chunk 71 final batch loss = 0.572571
  chunk 72 final batch loss = 0.646602
  chunk 73 final batch loss = 0.250996
  chunk 74 final batch loss = 0.368998
  chunk 75 final batch loss = 0.112218
  chunk 76 final batch loss = 0.087260
  chunk 77 final batch loss = 0.290441
  chunk 78 final batch loss = 0.756408
  chunk 79 final batch loss = 0.464403
Validation loss: 0.346008
No improvement for 4 epochs
Saved checkpoint -> /workspace/train_17/checkpoints_17/mlp/epoch_68.pt
Epoch 69
  chunk 0 final batch loss = 0.766050
  chunk 1 final batch loss = 0.764194
  chunk 2 final batch loss = 0.239399
  chunk 3 final batch loss = 0.154689
  chunk 4 final batch loss = 0.691285
  chunk 5 final batch loss = 0.400563
  chunk 6 final batch loss = 0.088508
  chunk 7 final batch loss = 0.296558
  chunk 8 final batch loss = 0.242809
  chunk 9 final batch loss = 0.513701
  chunk 10 final batch loss = 0.276890
  chunk 11 final batch loss = 0.824407
  chunk 12 final batch loss = 0.663119
  chunk 13 final batch loss = 0.613925
  chunk 14 final batch loss = 0.282249
  chunk 15 final batch loss = 0.164730
  chunk 16 final batch loss = 0.159680
  chunk 17 final batch loss = 0.273426
  chunk 18 final batch loss = 0.486835
  chunk 19 final batch loss = 0.138823
  chunk 20 final batch loss = 0.781076
  chunk 21 final batch loss = 0.582891
  chunk 22 final batch loss = 0.759150
  chunk 23 final batch loss = 0.563563
  chunk 24 final batch loss = 0.736952
  chunk 25 final batch loss = 0.164026
  chunk 26 final batch loss = 0.742642
  chunk 27 final batch loss = 0.080499
  chunk 28 final batch loss = 0.117792
  chunk 29 final batch loss = 0.762684
  chunk 30 final batch loss = 0.146940
  chunk 31 final batch loss = 0.173692
  chunk 32 final batch loss = 0.682535
  chunk 33 final batch loss = 0.104524
  chunk 34 final batch loss = 0.323038
  chunk 35 final batch loss = 0.778361
  chunk 36 final batch loss = 0.596684
  chunk 37 final batch loss = 0.431333
  chunk 38 final batch loss = 0.102273
  chunk 39 final batch loss = 0.804803
  chunk 40 final batch loss = 0.128393
  chunk 41 final batch loss = 0.596748
  chunk 42 final batch loss = 0.125489
  chunk 43 final batch loss = 0.774065
  chunk 44 final batch loss = 0.212274
  chunk 45 final batch loss = 0.709311
  chunk 46 final batch loss = 0.104866
  chunk 47 final batch loss = 0.101070
  chunk 48 final batch loss = 0.173659
  chunk 49 final batch loss = 0.741483
  chunk 50 final batch loss = 0.611144
  chunk 51 final batch loss = 0.153190
  chunk 52 final batch loss = 0.086367
  chunk 53 final batch loss = 0.395363
  chunk 54 final batch loss = 0.208665
  chunk 55 final batch loss = 0.141361
  chunk 56 final batch loss = 0.658707
  chunk 57 final batch loss = 0.684579
  chunk 58 final batch loss = 0.615682
  chunk 59 final batch loss = 0.105081
  chunk 60 final batch loss = 0.555112
  chunk 61 final batch loss = 0.164631
  chunk 62 final batch loss = 0.165398
  chunk 63 final batch loss = 0.699425
  chunk 64 final batch loss = 0.746041
  chunk 65 final batch loss = 0.212238
  chunk 66 final batch loss = 0.523948
  chunk 67 final batch loss = 0.737390
  chunk 68 final batch loss = 0.274225
  chunk 69 final batch loss = 0.574679
  chunk 70 final batch loss = 0.096036
  chunk 71 final batch loss = 0.530208
  chunk 72 final batch loss = 0.672792
  chunk 73 final batch loss = 0.285620
  chunk 74 final batch loss = 0.384611
  chunk 75 final batch loss = 0.102632
  chunk 76 final batch loss = 0.074088
  chunk 77 final batch loss = 0.275620
  chunk 78 final batch loss = 0.748336
  chunk 79 final batch loss = 0.544064
Validation loss: 0.345643
No improvement for 5 epochs
Saved checkpoint -> /workspace/train_17/checkpoints_17/mlp/epoch_69.pt
Epoch 70
  chunk 0 final batch loss = 0.780681
  chunk 1 final batch loss = 0.759170
  chunk 2 final batch loss = 0.273219
  chunk 3 final batch loss = 0.164561
  chunk 4 final batch loss = 0.688029
  chunk 5 final batch loss = 0.423370
  chunk 6 final batch loss = 0.097949
  chunk 7 final batch loss = 0.281721
  chunk 8 final batch loss = 0.208328
  chunk 9 final batch loss = 0.493962
  chunk 10 final batch loss = 0.311508
  chunk 11 final batch loss = 0.800538
  chunk 12 final batch loss = 0.680854
  chunk 13 final batch loss = 0.634389
  chunk 14 final batch loss = 0.242311
  chunk 15 final batch loss = 0.139567
  chunk 16 final batch loss = 0.163911
  chunk 17 final batch loss = 0.266519
  chunk 18 final batch loss = 0.525309
  chunk 19 final batch loss = 0.135327
  chunk 20 final batch loss = 0.770254
  chunk 21 final batch loss = 0.593540
  chunk 22 final batch loss = 0.768618
  chunk 23 final batch loss = 0.557321
  chunk 24 final batch loss = 0.774233
  chunk 25 final batch loss = 0.147698
  chunk 26 final batch loss = 0.790146
  chunk 27 final batch loss = 0.077289
  chunk 28 final batch loss = 0.102911
  chunk 29 final batch loss = 0.778239
  chunk 30 final batch loss = 0.168685
  chunk 31 final batch loss = 0.163167
  chunk 32 final batch loss = 0.693669
  chunk 33 final batch loss = 0.107014
  chunk 34 final batch loss = 0.264077
  chunk 35 final batch loss = 0.776798
  chunk 36 final batch loss = 0.596307
  chunk 37 final batch loss = 0.391146
  chunk 38 final batch loss = 0.100772
  chunk 39 final batch loss = 0.821302
  chunk 40 final batch loss = 0.139897
  chunk 41 final batch loss = 0.541743
  chunk 42 final batch loss = 0.124788
  chunk 43 final batch loss = 0.776917
  chunk 44 final batch loss = 0.209711
  chunk 45 final batch loss = 0.735219
  chunk 46 final batch loss = 0.118406
  chunk 47 final batch loss = 0.099027
  chunk 48 final batch loss = 0.161905
  chunk 49 final batch loss = 0.775456
  chunk 50 final batch loss = 0.566491
  chunk 51 final batch loss = 0.153857
  chunk 52 final batch loss = 0.105928
  chunk 53 final batch loss = 0.433840
  chunk 54 final batch loss = 0.222499
  chunk 55 final batch loss = 0.131399
  chunk 56 final batch loss = 0.667496
  chunk 57 final batch loss = 0.670824
  chunk 58 final batch loss = 0.612983
  chunk 59 final batch loss = 0.117655
  chunk 60 final batch loss = 0.596955
  chunk 61 final batch loss = 0.164748
  chunk 62 final batch loss = 0.178115
  chunk 63 final batch loss = 0.729768
  chunk 64 final batch loss = 0.731481
  chunk 65 final batch loss = 0.201039
  chunk 66 final batch loss = 0.557308
  chunk 67 final batch loss = 0.783805
  chunk 68 final batch loss = 0.249056
  chunk 69 final batch loss = 0.587594
  chunk 70 final batch loss = 0.105632
  chunk 71 final batch loss = 0.518277
  chunk 72 final batch loss = 0.657774
  chunk 73 final batch loss = 0.279805
  chunk 74 final batch loss = 0.398311
  chunk 75 final batch loss = 0.110362
  chunk 76 final batch loss = 0.075778
  chunk 77 final batch loss = 0.278520
  chunk 78 final batch loss = 0.755929
  chunk 79 final batch loss = 0.475458
Validation loss: 0.345222
No improvement for 6 epochs
Saved checkpoint -> /workspace/train_17/checkpoints_17/mlp/epoch_70.pt
Epoch 71
  chunk 0 final batch loss = 0.781144
  chunk 1 final batch loss = 0.783722
  chunk 2 final batch loss = 0.283742
  chunk 3 final batch loss = 0.156501
  chunk 4 final batch loss = 0.723557
  chunk 5 final batch loss = 0.390729
  chunk 6 final batch loss = 0.096624
  chunk 7 final batch loss = 0.281348
  chunk 8 final batch loss = 0.208183
  chunk 9 final batch loss = 0.483161
  chunk 10 final batch loss = 0.255976
  chunk 11 final batch loss = 0.809418
  chunk 12 final batch loss = 0.600370
  chunk 13 final batch loss = 0.641085
  chunk 14 final batch loss = 0.269283
  chunk 15 final batch loss = 0.144770
  chunk 16 final batch loss = 0.148633
  chunk 17 final batch loss = 0.255059
  chunk 18 final batch loss = 0.569374
  chunk 19 final batch loss = 0.132117
  chunk 20 final batch loss = 0.765517
  chunk 21 final batch loss = 0.577430
  chunk 22 final batch loss = 0.758949
  chunk 23 final batch loss = 0.546385
  chunk 24 final batch loss = 0.768438
  chunk 25 final batch loss = 0.158946
  chunk 26 final batch loss = 0.725450
  chunk 27 final batch loss = 0.095127
  chunk 28 final batch loss = 0.097241
  chunk 29 final batch loss = 0.780668
  chunk 30 final batch loss = 0.140955
  chunk 31 final batch loss = 0.143569
  chunk 32 final batch loss = 0.661860
  chunk 33 final batch loss = 0.100527
  chunk 34 final batch loss = 0.259068
  chunk 35 final batch loss = 0.779450
  chunk 36 final batch loss = 0.571397
  chunk 37 final batch loss = 0.398613
  chunk 38 final batch loss = 0.099050
  chunk 39 final batch loss = 0.814615
  chunk 40 final batch loss = 0.127518
  chunk 41 final batch loss = 0.575734
  chunk 42 final batch loss = 0.128603
  chunk 43 final batch loss = 0.787956
  chunk 44 final batch loss = 0.208980
  chunk 45 final batch loss = 0.708583
  chunk 46 final batch loss = 0.099371
  chunk 47 final batch loss = 0.095567
  chunk 48 final batch loss = 0.173448
  chunk 49 final batch loss = 0.753087
  chunk 50 final batch loss = 0.526032
  chunk 51 final batch loss = 0.166934
  chunk 52 final batch loss = 0.099101
  chunk 53 final batch loss = 0.387074
  chunk 54 final batch loss = 0.203898
  chunk 55 final batch loss = 0.112553
  chunk 56 final batch loss = 0.694097
  chunk 57 final batch loss = 0.710216
  chunk 58 final batch loss = 0.633266
  chunk 59 final batch loss = 0.109982
  chunk 60 final batch loss = 0.557114
  chunk 61 final batch loss = 0.164425
  chunk 62 final batch loss = 0.163976
  chunk 63 final batch loss = 0.689517
  chunk 64 final batch loss = 0.772599
  chunk 65 final batch loss = 0.207685
  chunk 66 final batch loss = 0.468257
  chunk 67 final batch loss = 0.788642
  chunk 68 final batch loss = 0.284798
  chunk 69 final batch loss = 0.509459
  chunk 70 final batch loss = 0.102898
  chunk 71 final batch loss = 0.506293
  chunk 72 final batch loss = 0.663056
  chunk 73 final batch loss = 0.228041
  chunk 74 final batch loss = 0.409720
  chunk 75 final batch loss = 0.107878
  chunk 76 final batch loss = 0.078970
  chunk 77 final batch loss = 0.249251
  chunk 78 final batch loss = 0.764393
  chunk 79 final batch loss = 0.514340
Validation loss: 0.344830
No improvement for 7 epochs
Saved checkpoint -> /workspace/train_17/checkpoints_17/mlp/epoch_71.pt
Epoch 72
  chunk 0 final batch loss = 0.775962
  chunk 1 final batch loss = 0.772046
  chunk 2 final batch loss = 0.277783
  chunk 3 final batch loss = 0.181634
  chunk 4 final batch loss = 0.683384
  chunk 5 final batch loss = 0.391178
  chunk 6 final batch loss = 0.104860
  chunk 7 final batch loss = 0.285864
  chunk 8 final batch loss = 0.185858
  chunk 9 final batch loss = 0.519985
  chunk 10 final batch loss = 0.322105
  chunk 11 final batch loss = 0.809395
  chunk 12 final batch loss = 0.637553
  chunk 13 final batch loss = 0.684167
  chunk 14 final batch loss = 0.303841
  chunk 15 final batch loss = 0.163462
  chunk 16 final batch loss = 0.148099
  chunk 17 final batch loss = 0.246391
  chunk 18 final batch loss = 0.483506
  chunk 19 final batch loss = 0.123411
  chunk 20 final batch loss = 0.766070
  chunk 21 final batch loss = 0.605642
  chunk 22 final batch loss = 0.781404
  chunk 23 final batch loss = 0.581090
  chunk 24 final batch loss = 0.768850
  chunk 25 final batch loss = 0.149249
  chunk 26 final batch loss = 0.758327
  chunk 27 final batch loss = 0.072659
  chunk 28 final batch loss = 0.106012
  chunk 29 final batch loss = 0.760494
  chunk 30 final batch loss = 0.138245
  chunk 31 final batch loss = 0.145017
  chunk 32 final batch loss = 0.628598
  chunk 33 final batch loss = 0.101351
  chunk 34 final batch loss = 0.249598
  chunk 35 final batch loss = 0.743948
  chunk 36 final batch loss = 0.559077
  chunk 37 final batch loss = 0.425329
  chunk 38 final batch loss = 0.102804
  chunk 39 final batch loss = 0.798426
  chunk 40 final batch loss = 0.118356
  chunk 41 final batch loss = 0.569588
  chunk 42 final batch loss = 0.120767
  chunk 43 final batch loss = 0.797192
  chunk 44 final batch loss = 0.194906
  chunk 45 final batch loss = 0.641165
  chunk 46 final batch loss = 0.118504
  chunk 47 final batch loss = 0.112751
  chunk 48 final batch loss = 0.150904
  chunk 49 final batch loss = 0.785075
  chunk 50 final batch loss = 0.544159
  chunk 51 final batch loss = 0.147080
  chunk 52 final batch loss = 0.091584
  chunk 53 final batch loss = 0.405755
  chunk 54 final batch loss = 0.209782
  chunk 55 final batch loss = 0.120800
  chunk 56 final batch loss = 0.636734
  chunk 57 final batch loss = 0.682059
  chunk 58 final batch loss = 0.542038
  chunk 59 final batch loss = 0.110997
  chunk 60 final batch loss = 0.541855
  chunk 61 final batch loss = 0.155361
  chunk 62 final batch loss = 0.148845
  chunk 63 final batch loss = 0.709855
  chunk 64 final batch loss = 0.728215
  chunk 65 final batch loss = 0.245926
  chunk 66 final batch loss = 0.517734
  chunk 67 final batch loss = 0.785266
  chunk 68 final batch loss = 0.280881
  chunk 69 final batch loss = 0.551215
  chunk 70 final batch loss = 0.112518
  chunk 71 final batch loss = 0.582216
  chunk 72 final batch loss = 0.692110
  chunk 73 final batch loss = 0.245189
  chunk 74 final batch loss = 0.412917
  chunk 75 final batch loss = 0.099859
  chunk 76 final batch loss = 0.076323
  chunk 77 final batch loss = 0.283870
  chunk 78 final batch loss = 0.747523
  chunk 79 final batch loss = 0.457615
Validation loss: 0.346235
No improvement for 8 epochs
Saved checkpoint -> /workspace/train_17/checkpoints_17/mlp/epoch_72.pt
Epoch 73
  chunk 0 final batch loss = 0.788228
  chunk 1 final batch loss = 0.769925
  chunk 2 final batch loss = 0.258572
  chunk 3 final batch loss = 0.142740
  chunk 4 final batch loss = 0.733344
  chunk 5 final batch loss = 0.395212
  chunk 6 final batch loss = 0.087641
  chunk 7 final batch loss = 0.278612
  chunk 8 final batch loss = 0.213570
  chunk 9 final batch loss = 0.516290
  chunk 10 final batch loss = 0.269090
  chunk 11 final batch loss = 0.813307
  chunk 12 final batch loss = 0.658411
  chunk 13 final batch loss = 0.656868
  chunk 14 final batch loss = 0.258643
  chunk 15 final batch loss = 0.139472
  chunk 16 final batch loss = 0.108865
  chunk 17 final batch loss = 0.248173
  chunk 18 final batch loss = 0.530913
  chunk 19 final batch loss = 0.111116
  chunk 20 final batch loss = 0.744877
  chunk 21 final batch loss = 0.585570
  chunk 22 final batch loss = 0.759290
  chunk 23 final batch loss = 0.616199
  chunk 24 final batch loss = 0.750219
  chunk 25 final batch loss = 0.142911
  chunk 26 final batch loss = 0.783779
  chunk 27 final batch loss = 0.083628
  chunk 28 final batch loss = 0.104539
  chunk 29 final batch loss = 0.784940
  chunk 30 final batch loss = 0.189512
  chunk 31 final batch loss = 0.147984
  chunk 32 final batch loss = 0.663986
  chunk 33 final batch loss = 0.102291
  chunk 34 final batch loss = 0.236063
  chunk 35 final batch loss = 0.740479
  chunk 36 final batch loss = 0.602025
  chunk 37 final batch loss = 0.343806
  chunk 38 final batch loss = 0.092383
  chunk 39 final batch loss = 0.811926
  chunk 40 final batch loss = 0.117629
  chunk 41 final batch loss = 0.600031
  chunk 42 final batch loss = 0.127284
  chunk 43 final batch loss = 0.795435
  chunk 44 final batch loss = 0.230639
  chunk 45 final batch loss = 0.683617
  chunk 46 final batch loss = 0.099140
  chunk 47 final batch loss = 0.100575
  chunk 48 final batch loss = 0.168652
  chunk 49 final batch loss = 0.752151
  chunk 50 final batch loss = 0.591936
  chunk 51 final batch loss = 0.138019
  chunk 52 final batch loss = 0.101515
  chunk 53 final batch loss = 0.368574
  chunk 54 final batch loss = 0.175234
  chunk 55 final batch loss = 0.138455
  chunk 56 final batch loss = 0.641208
  chunk 57 final batch loss = 0.679878
  chunk 58 final batch loss = 0.507928
  chunk 59 final batch loss = 0.109317
  chunk 60 final batch loss = 0.539784
  chunk 61 final batch loss = 0.170113
  chunk 62 final batch loss = 0.168619
  chunk 63 final batch loss = 0.699768
  chunk 64 final batch loss = 0.759572
  chunk 65 final batch loss = 0.207004
  chunk 66 final batch loss = 0.529153
  chunk 67 final batch loss = 0.792163
  chunk 68 final batch loss = 0.281160
  chunk 69 final batch loss = 0.541868
  chunk 70 final batch loss = 0.092458
  chunk 71 final batch loss = 0.541469
  chunk 72 final batch loss = 0.644384
  chunk 73 final batch loss = 0.261312
  chunk 74 final batch loss = 0.385935
  chunk 75 final batch loss = 0.090164
  chunk 76 final batch loss = 0.072985
  chunk 77 final batch loss = 0.255473
  chunk 78 final batch loss = 0.743750
  chunk 79 final batch loss = 0.511271
Validation loss: 0.342257
Saved BEST checkpoint -> /workspace/train_17/checkpoints_17/mlp/best.pt
Saved checkpoint -> /workspace/train_17/checkpoints_17/mlp/epoch_73.pt
Epoch 74
  chunk 0 final batch loss = 0.782217
  chunk 1 final batch loss = 0.779698
  chunk 2 final batch loss = 0.250226
  chunk 3 final batch loss = 0.152455
  chunk 4 final batch loss = 0.692502
  chunk 5 final batch loss = 0.397603
  chunk 6 final batch loss = 0.089320
  chunk 7 final batch loss = 0.293468
  chunk 8 final batch loss = 0.246756
  chunk 9 final batch loss = 0.506129
  chunk 10 final batch loss = 0.240678
  chunk 11 final batch loss = 0.810598
  chunk 12 final batch loss = 0.656546
  chunk 13 final batch loss = 0.607553
  chunk 14 final batch loss = 0.252872
  chunk 15 final batch loss = 0.155392
  chunk 16 final batch loss = 0.147365
  chunk 17 final batch loss = 0.265330
  chunk 18 final batch loss = 0.535760
  chunk 19 final batch loss = 0.130070
  chunk 20 final batch loss = 0.765813
  chunk 21 final batch loss = 0.629661
  chunk 22 final batch loss = 0.732079
  chunk 23 final batch loss = 0.639908
  chunk 24 final batch loss = 0.755153
  chunk 25 final batch loss = 0.143400
  chunk 26 final batch loss = 0.730727
  chunk 27 final batch loss = 0.094619
  chunk 28 final batch loss = 0.102956
  chunk 29 final batch loss = 0.799933
  chunk 30 final batch loss = 0.156074
  chunk 31 final batch loss = 0.138762
  chunk 32 final batch loss = 0.628311
  chunk 33 final batch loss = 0.112290
  chunk 34 final batch loss = 0.286473
  chunk 35 final batch loss = 0.771658
  chunk 36 final batch loss = 0.552672
  chunk 37 final batch loss = 0.406860
  chunk 38 final batch loss = 0.097394
  chunk 39 final batch loss = 0.823908
  chunk 40 final batch loss = 0.134832
  chunk 41 final batch loss = 0.598474
  chunk 42 final batch loss = 0.124817
  chunk 43 final batch loss = 0.768183
  chunk 44 final batch loss = 0.237132
  chunk 45 final batch loss = 0.692339
  chunk 46 final batch loss = 0.101853
  chunk 47 final batch loss = 0.101343
  chunk 48 final batch loss = 0.160605
  chunk 49 final batch loss = 0.772198
  chunk 50 final batch loss = 0.503998
  chunk 51 final batch loss = 0.155256
  chunk 52 final batch loss = 0.089643
  chunk 53 final batch loss = 0.382826
  chunk 54 final batch loss = 0.200836
  chunk 55 final batch loss = 0.111570
  chunk 56 final batch loss = 0.622181
  chunk 57 final batch loss = 0.721195
  chunk 58 final batch loss = 0.618588
  chunk 59 final batch loss = 0.097647
  chunk 60 final batch loss = 0.587523
  chunk 61 final batch loss = 0.167584
  chunk 62 final batch loss = 0.160118
  chunk 63 final batch loss = 0.689910
  chunk 64 final batch loss = 0.760159
  chunk 65 final batch loss = 0.250328
  chunk 66 final batch loss = 0.529940
  chunk 67 final batch loss = 0.785868
  chunk 68 final batch loss = 0.302667
  chunk 69 final batch loss = 0.497974
  chunk 70 final batch loss = 0.108428
  chunk 71 final batch loss = 0.562922
  chunk 72 final batch loss = 0.653865
  chunk 73 final batch loss = 0.243873
  chunk 74 final batch loss = 0.432336
  chunk 75 final batch loss = 0.108968
  chunk 76 final batch loss = 0.070783
  chunk 77 final batch loss = 0.300416
  chunk 78 final batch loss = 0.732734
  chunk 79 final batch loss = 0.533790
Validation loss: 0.343259
No improvement for 1 epochs
Saved checkpoint -> /workspace/train_17/checkpoints_17/mlp/epoch_74.pt
Epoch 75
  chunk 0 final batch loss = 0.795615
  chunk 1 final batch loss = 0.800061
  chunk 2 final batch loss = 0.276293
  chunk 3 final batch loss = 0.169855
  chunk 4 final batch loss = 0.705466
  chunk 5 final batch loss = 0.401494
  chunk 6 final batch loss = 0.091494
  chunk 7 final batch loss = 0.270445
  chunk 8 final batch loss = 0.212074
  chunk 9 final batch loss = 0.534582
  chunk 10 final batch loss = 0.278396
  chunk 11 final batch loss = 0.829132
  chunk 12 final batch loss = 0.633278
  chunk 13 final batch loss = 0.627719
  chunk 14 final batch loss = 0.285762
  chunk 15 final batch loss = 0.161742
  chunk 16 final batch loss = 0.140135
  chunk 17 final batch loss = 0.261205
  chunk 18 final batch loss = 0.510852
  chunk 19 final batch loss = 0.121323
  chunk 20 final batch loss = 0.746743
  chunk 21 final batch loss = 0.552614
  chunk 22 final batch loss = 0.782243
  chunk 23 final batch loss = 0.557030
  chunk 24 final batch loss = 0.714008
  chunk 25 final batch loss = 0.169242
  chunk 26 final batch loss = 0.754852
  chunk 27 final batch loss = 0.083213
  chunk 28 final batch loss = 0.098904
  chunk 29 final batch loss = 0.787195
  chunk 30 final batch loss = 0.183117
  chunk 31 final batch loss = 0.166704
  chunk 32 final batch loss = 0.643866
  chunk 33 final batch loss = 0.114004
  chunk 34 final batch loss = 0.237111
  chunk 35 final batch loss = 0.794100
  chunk 36 final batch loss = 0.574879
  chunk 37 final batch loss = 0.367043
  chunk 38 final batch loss = 0.098173
  chunk 39 final batch loss = 0.807779
  chunk 40 final batch loss = 0.121513
  chunk 41 final batch loss = 0.568918
  chunk 42 final batch loss = 0.113826
  chunk 43 final batch loss = 0.783049
  chunk 44 final batch loss = 0.205450
  chunk 45 final batch loss = 0.695522
  chunk 46 final batch loss = 0.096834
  chunk 47 final batch loss = 0.100937
  chunk 48 final batch loss = 0.165529
  chunk 49 final batch loss = 0.771894
  chunk 50 final batch loss = 0.569193
  chunk 51 final batch loss = 0.138015
  chunk 52 final batch loss = 0.102932
  chunk 53 final batch loss = 0.390855
  chunk 54 final batch loss = 0.187800
  chunk 55 final batch loss = 0.114682
  chunk 56 final batch loss = 0.677991
  chunk 57 final batch loss = 0.698527
  chunk 58 final batch loss = 0.559003
  chunk 59 final batch loss = 0.106700
  chunk 60 final batch loss = 0.566498
  chunk 61 final batch loss = 0.167977
  chunk 62 final batch loss = 0.178691
  chunk 63 final batch loss = 0.739057
  chunk 64 final batch loss = 0.735748
  chunk 65 final batch loss = 0.215503
  chunk 66 final batch loss = 0.573798
  chunk 67 final batch loss = 0.783392
  chunk 68 final batch loss = 0.270313
  chunk 69 final batch loss = 0.561670
  chunk 70 final batch loss = 0.083631
  chunk 71 final batch loss = 0.575779
  chunk 72 final batch loss = 0.646014
  chunk 73 final batch loss = 0.233339
  chunk 74 final batch loss = 0.410976
  chunk 75 final batch loss = 0.115550
  chunk 76 final batch loss = 0.081779
  chunk 77 final batch loss = 0.318013
  chunk 78 final batch loss = 0.714844
  chunk 79 final batch loss = 0.520190
Validation loss: 0.343690
No improvement for 2 epochs
Saved checkpoint -> /workspace/train_17/checkpoints_17/mlp/epoch_75.pt
Epoch 76
  chunk 0 final batch loss = 0.770923
  chunk 1 final batch loss = 0.767313
  chunk 2 final batch loss = 0.246412
  chunk 3 final batch loss = 0.165513
  chunk 4 final batch loss = 0.687253
  chunk 5 final batch loss = 0.392725
  chunk 6 final batch loss = 0.080737
  chunk 7 final batch loss = 0.273407
  chunk 8 final batch loss = 0.205529
  chunk 9 final batch loss = 0.508810
  chunk 10 final batch loss = 0.248298
  chunk 11 final batch loss = 0.817463
  chunk 12 final batch loss = 0.642123
  chunk 13 final batch loss = 0.591626
  chunk 14 final batch loss = 0.250737
  chunk 15 final batch loss = 0.135361
  chunk 16 final batch loss = 0.154097
  chunk 17 final batch loss = 0.317274
  chunk 18 final batch loss = 0.498829
  chunk 19 final batch loss = 0.124737
  chunk 20 final batch loss = 0.768669
  chunk 21 final batch loss = 0.477852
  chunk 22 final batch loss = 0.765081
  chunk 23 final batch loss = 0.579331
  chunk 24 final batch loss = 0.733599
  chunk 25 final batch loss = 0.137521
  chunk 26 final batch loss = 0.770518
  chunk 27 final batch loss = 0.081804
  chunk 28 final batch loss = 0.092117
  chunk 29 final batch loss = 0.748111
  chunk 30 final batch loss = 0.201539
  chunk 31 final batch loss = 0.139728
  chunk 32 final batch loss = 0.629664
  chunk 33 final batch loss = 0.097071
  chunk 34 final batch loss = 0.272736
  chunk 35 final batch loss = 0.771166
  chunk 36 final batch loss = 0.510322
  chunk 37 final batch loss = 0.452786
  chunk 38 final batch loss = 0.096590
  chunk 39 final batch loss = 0.806260
  chunk 40 final batch loss = 0.140513
  chunk 41 final batch loss = 0.517039
  chunk 42 final batch loss = 0.126881
  chunk 43 final batch loss = 0.766103
  chunk 44 final batch loss = 0.217864
  chunk 45 final batch loss = 0.700397
  chunk 46 final batch loss = 0.101509
  chunk 47 final batch loss = 0.090965
  chunk 48 final batch loss = 0.189106
  chunk 49 final batch loss = 0.735660
  chunk 50 final batch loss = 0.569762
  chunk 51 final batch loss = 0.153373
  chunk 52 final batch loss = 0.094499
  chunk 53 final batch loss = 0.416125
  chunk 54 final batch loss = 0.193700
  chunk 55 final batch loss = 0.106302
  chunk 56 final batch loss = 0.655344
  chunk 57 final batch loss = 0.670690
  chunk 58 final batch loss = 0.558135
  chunk 59 final batch loss = 0.122044
  chunk 60 final batch loss = 0.567042
  chunk 61 final batch loss = 0.159282
  chunk 62 final batch loss = 0.142612
  chunk 63 final batch loss = 0.724065
  chunk 64 final batch loss = 0.753688
  chunk 65 final batch loss = 0.217468
  chunk 66 final batch loss = 0.528877
  chunk 67 final batch loss = 0.767900
  chunk 68 final batch loss = 0.297608
  chunk 69 final batch loss = 0.520491
  chunk 70 final batch loss = 0.087626
  chunk 71 final batch loss = 0.553836
  chunk 72 final batch loss = 0.675702
  chunk 73 final batch loss = 0.222577
  chunk 74 final batch loss = 0.396364
  chunk 75 final batch loss = 0.086309
  chunk 76 final batch loss = 0.072526
  chunk 77 final batch loss = 0.289078
  chunk 78 final batch loss = 0.732069
  chunk 79 final batch loss = 0.479611
Validation loss: 0.344838
No improvement for 3 epochs
Saved checkpoint -> /workspace/train_17/checkpoints_17/mlp/epoch_76.pt
Epoch 77
  chunk 0 final batch loss = 0.792525
  chunk 1 final batch loss = 0.764609
  chunk 2 final batch loss = 0.234554
  chunk 3 final batch loss = 0.143927
  chunk 4 final batch loss = 0.694762
  chunk 5 final batch loss = 0.374568
  chunk 6 final batch loss = 0.108705
  chunk 7 final batch loss = 0.304811
  chunk 8 final batch loss = 0.225409
  chunk 9 final batch loss = 0.557188
  chunk 10 final batch loss = 0.310639
  chunk 11 final batch loss = 0.813220
  chunk 12 final batch loss = 0.631195
  chunk 13 final batch loss = 0.653995
  chunk 14 final batch loss = 0.287597
  chunk 15 final batch loss = 0.145657
  chunk 16 final batch loss = 0.150382
  chunk 17 final batch loss = 0.270174
  chunk 18 final batch loss = 0.480047
  chunk 19 final batch loss = 0.123357
  chunk 20 final batch loss = 0.767586
  chunk 21 final batch loss = 0.555964
  chunk 22 final batch loss = 0.771490
  chunk 23 final batch loss = 0.490920
  chunk 24 final batch loss = 0.771256
  chunk 25 final batch loss = 0.155362
  chunk 26 final batch loss = 0.744866
  chunk 27 final batch loss = 0.074798
  chunk 28 final batch loss = 0.088608
  chunk 29 final batch loss = 0.762935
  chunk 30 final batch loss = 0.166368
  chunk 31 final batch loss = 0.153974
  chunk 32 final batch loss = 0.658795
  chunk 33 final batch loss = 0.106593
  chunk 34 final batch loss = 0.278680
  chunk 35 final batch loss = 0.770868
  chunk 36 final batch loss = 0.555381
  chunk 37 final batch loss = 0.367780
  chunk 38 final batch loss = 0.094622
  chunk 39 final batch loss = 0.806876
  chunk 40 final batch loss = 0.109900
  chunk 41 final batch loss = 0.574301
  chunk 42 final batch loss = 0.121540
  chunk 43 final batch loss = 0.779622
  chunk 44 final batch loss = 0.192506
  chunk 45 final batch loss = 0.680814
  chunk 46 final batch loss = 0.105797
  chunk 47 final batch loss = 0.107274
  chunk 48 final batch loss = 0.185166
  chunk 49 final batch loss = 0.812299
  chunk 50 final batch loss = 0.567057
  chunk 51 final batch loss = 0.157229
  chunk 52 final batch loss = 0.098850
  chunk 53 final batch loss = 0.386538
  chunk 54 final batch loss = 0.190854
  chunk 55 final batch loss = 0.140429
  chunk 56 final batch loss = 0.636734
  chunk 57 final batch loss = 0.659379
  chunk 58 final batch loss = 0.614530
  chunk 59 final batch loss = 0.120311
  chunk 60 final batch loss = 0.540518
  chunk 61 final batch loss = 0.159231
  chunk 62 final batch loss = 0.163605
  chunk 63 final batch loss = 0.754005
  chunk 64 final batch loss = 0.751311
  chunk 65 final batch loss = 0.198037
  chunk 66 final batch loss = 0.475454
  chunk 67 final batch loss = 0.769597
  chunk 68 final batch loss = 0.241719
  chunk 69 final batch loss = 0.565201
  chunk 70 final batch loss = 0.091511
  chunk 71 final batch loss = 0.576976
  chunk 72 final batch loss = 0.640936
  chunk 73 final batch loss = 0.268820
  chunk 74 final batch loss = 0.429336
  chunk 75 final batch loss = 0.097034
  chunk 76 final batch loss = 0.080258
  chunk 77 final batch loss = 0.276198
  chunk 78 final batch loss = 0.745445
  chunk 79 final batch loss = 0.506731
Validation loss: 0.344882
No improvement for 4 epochs
Saved checkpoint -> /workspace/train_17/checkpoints_17/mlp/epoch_77.pt
Epoch 78
  chunk 0 final batch loss = 0.778953
  chunk 1 final batch loss = 0.778632
  chunk 2 final batch loss = 0.279589
  chunk 3 final batch loss = 0.172636
  chunk 4 final batch loss = 0.694573
  chunk 5 final batch loss = 0.427622
  chunk 6 final batch loss = 0.084105
  chunk 7 final batch loss = 0.267215
  chunk 8 final batch loss = 0.198492
  chunk 9 final batch loss = 0.505995
  chunk 10 final batch loss = 0.259313
  chunk 11 final batch loss = 0.823803
  chunk 12 final batch loss = 0.648325
  chunk 13 final batch loss = 0.634266
  chunk 14 final batch loss = 0.292706
  chunk 15 final batch loss = 0.155995
  chunk 16 final batch loss = 0.142984
  chunk 17 final batch loss = 0.285936
  chunk 18 final batch loss = 0.490774
  chunk 19 final batch loss = 0.117286
  chunk 20 final batch loss = 0.765078
  chunk 21 final batch loss = 0.609976
  chunk 22 final batch loss = 0.744865
  chunk 23 final batch loss = 0.555705
  chunk 24 final batch loss = 0.761644
  chunk 25 final batch loss = 0.168885
  chunk 26 final batch loss = 0.741327
  chunk 27 final batch loss = 0.082850
  chunk 28 final batch loss = 0.097636
  chunk 29 final batch loss = 0.764750
  chunk 30 final batch loss = 0.161197
  chunk 31 final batch loss = 0.151697
  chunk 32 final batch loss = 0.641040
  chunk 33 final batch loss = 0.103717
  chunk 34 final batch loss = 0.253988
  chunk 35 final batch loss = 0.768453
  chunk 36 final batch loss = 0.526100
  chunk 37 final batch loss = 0.349668
  chunk 38 final batch loss = 0.099730
  chunk 39 final batch loss = 0.818941
  chunk 40 final batch loss = 0.137921
  chunk 41 final batch loss = 0.581159
  chunk 42 final batch loss = 0.126619
  chunk 43 final batch loss = 0.760212
  chunk 44 final batch loss = 0.215997
  chunk 45 final batch loss = 0.704883
  chunk 46 final batch loss = 0.108534
  chunk 47 final batch loss = 0.090233
  chunk 48 final batch loss = 0.165143
  chunk 49 final batch loss = 0.792537
  chunk 50 final batch loss = 0.573910
  chunk 51 final batch loss = 0.168066
  chunk 52 final batch loss = 0.080207
  chunk 53 final batch loss = 0.392940
  chunk 54 final batch loss = 0.200603
  chunk 55 final batch loss = 0.126934
  chunk 56 final batch loss = 0.609968
  chunk 57 final batch loss = 0.689147
  chunk 58 final batch loss = 0.586986
  chunk 59 final batch loss = 0.103589
  chunk 60 final batch loss = 0.515810
  chunk 61 final batch loss = 0.154909
  chunk 62 final batch loss = 0.132103
  chunk 63 final batch loss = 0.720726
  chunk 64 final batch loss = 0.755744
  chunk 65 final batch loss = 0.218008
  chunk 66 final batch loss = 0.546946
  chunk 67 final batch loss = 0.780457
  chunk 68 final batch loss = 0.254374
  chunk 69 final batch loss = 0.531198
  chunk 70 final batch loss = 0.092215
  chunk 71 final batch loss = 0.530889
  chunk 72 final batch loss = 0.640964
  chunk 73 final batch loss = 0.271443
  chunk 74 final batch loss = 0.365278
  chunk 75 final batch loss = 0.107223
  chunk 76 final batch loss = 0.077081
  chunk 77 final batch loss = 0.302566
  chunk 78 final batch loss = 0.756267
  chunk 79 final batch loss = 0.455595
Validation loss: 0.344501
No improvement for 5 epochs
Saved checkpoint -> /workspace/train_17/checkpoints_17/mlp/epoch_78.pt
Epoch 79
  chunk 0 final batch loss = 0.792481
  chunk 1 final batch loss = 0.780160
  chunk 2 final batch loss = 0.252722
  chunk 3 final batch loss = 0.158545
  chunk 4 final batch loss = 0.695984
  chunk 5 final batch loss = 0.410030
  chunk 6 final batch loss = 0.095710
  chunk 7 final batch loss = 0.276140
  chunk 8 final batch loss = 0.199595
  chunk 9 final batch loss = 0.551563
  chunk 10 final batch loss = 0.262984
  chunk 11 final batch loss = 0.806511
  chunk 12 final batch loss = 0.645784
  chunk 13 final batch loss = 0.633472
  chunk 14 final batch loss = 0.299578
  chunk 15 final batch loss = 0.159122
  chunk 16 final batch loss = 0.161717
  chunk 17 final batch loss = 0.251166
  chunk 18 final batch loss = 0.476721
  chunk 19 final batch loss = 0.117267
  chunk 20 final batch loss = 0.743570
  chunk 21 final batch loss = 0.499808
  chunk 22 final batch loss = 0.780496
  chunk 23 final batch loss = 0.571324
  chunk 24 final batch loss = 0.741157
  chunk 25 final batch loss = 0.161101
  chunk 26 final batch loss = 0.722454
  chunk 27 final batch loss = 0.070372
  chunk 28 final batch loss = 0.104200
  chunk 29 final batch loss = 0.778496
  chunk 30 final batch loss = 0.175446
  chunk 31 final batch loss = 0.155931
  chunk 32 final batch loss = 0.668257
  chunk 33 final batch loss = 0.092618
  chunk 34 final batch loss = 0.274358
  chunk 35 final batch loss = 0.741416
  chunk 36 final batch loss = 0.580397
  chunk 37 final batch loss = 0.379504
  chunk 38 final batch loss = 0.098198
  chunk 39 final batch loss = 0.811829
  chunk 40 final batch loss = 0.137551
  chunk 41 final batch loss = 0.578307
  chunk 42 final batch loss = 0.122979
  chunk 43 final batch loss = 0.755110
  chunk 44 final batch loss = 0.199319
  chunk 45 final batch loss = 0.672429
  chunk 46 final batch loss = 0.094129
  chunk 47 final batch loss = 0.098581
  chunk 48 final batch loss = 0.137004
  chunk 49 final batch loss = 0.763912
  chunk 50 final batch loss = 0.500193
  chunk 51 final batch loss = 0.146634
  chunk 52 final batch loss = 0.092861
  chunk 53 final batch loss = 0.375831
  chunk 54 final batch loss = 0.197259
  chunk 55 final batch loss = 0.112727
  chunk 56 final batch loss = 0.639712
  chunk 57 final batch loss = 0.708170
  chunk 58 final batch loss = 0.538099
  chunk 59 final batch loss = 0.112725
  chunk 60 final batch loss = 0.520214
  chunk 61 final batch loss = 0.160371
  chunk 62 final batch loss = 0.153336
  chunk 63 final batch loss = 0.730825
  chunk 64 final batch loss = 0.774078
  chunk 65 final batch loss = 0.235570
  chunk 66 final batch loss = 0.505431
  chunk 67 final batch loss = 0.762185
  chunk 68 final batch loss = 0.275546
  chunk 69 final batch loss = 0.532822
  chunk 70 final batch loss = 0.093697
  chunk 71 final batch loss = 0.566452
  chunk 72 final batch loss = 0.648796
  chunk 73 final batch loss = 0.285417
  chunk 74 final batch loss = 0.401730
  chunk 75 final batch loss = 0.103219
  chunk 76 final batch loss = 0.074964
  chunk 77 final batch loss = 0.245145
  chunk 78 final batch loss = 0.757235
  chunk 79 final batch loss = 0.490391
Validation loss: 0.339970
Saved BEST checkpoint -> /workspace/train_17/checkpoints_17/mlp/best.pt
Saved checkpoint -> /workspace/train_17/checkpoints_17/mlp/epoch_79.pt
Epoch 80
  chunk 0 final batch loss = 0.778190
  chunk 1 final batch loss = 0.780473
  chunk 2 final batch loss = 0.292807
  chunk 3 final batch loss = 0.160987
  chunk 4 final batch loss = 0.686225
  chunk 5 final batch loss = 0.355719
  chunk 6 final batch loss = 0.090335
  chunk 7 final batch loss = 0.291089
  chunk 8 final batch loss = 0.217097
  chunk 9 final batch loss = 0.500256
  chunk 10 final batch loss = 0.286995
  chunk 11 final batch loss = 0.815060
  chunk 12 final batch loss = 0.687443
  chunk 13 final batch loss = 0.572275
  chunk 14 final batch loss = 0.220532
  chunk 15 final batch loss = 0.162750
  chunk 16 final batch loss = 0.154056
  chunk 17 final batch loss = 0.254699
  chunk 18 final batch loss = 0.475834
  chunk 19 final batch loss = 0.122924
  chunk 20 final batch loss = 0.773921
  chunk 21 final batch loss = 0.578699
  chunk 22 final batch loss = 0.760824
  chunk 23 final batch loss = 0.584802
  chunk 24 final batch loss = 0.768068
  chunk 25 final batch loss = 0.153371
  chunk 26 final batch loss = 0.766047
  chunk 27 final batch loss = 0.078933
  chunk 28 final batch loss = 0.110754
  chunk 29 final batch loss = 0.733962
  chunk 30 final batch loss = 0.166098
  chunk 31 final batch loss = 0.137582
  chunk 32 final batch loss = 0.654043
  chunk 33 final batch loss = 0.095338
  chunk 34 final batch loss = 0.244812
  chunk 35 final batch loss = 0.760591
  chunk 36 final batch loss = 0.590857
  chunk 37 final batch loss = 0.428725
  chunk 38 final batch loss = 0.110017
  chunk 39 final batch loss = 0.813605
  chunk 40 final batch loss = 0.124372
  chunk 41 final batch loss = 0.564914
  chunk 42 final batch loss = 0.127497
  chunk 43 final batch loss = 0.780998
  chunk 44 final batch loss = 0.195253
  chunk 45 final batch loss = 0.703677
  chunk 46 final batch loss = 0.099465
  chunk 47 final batch loss = 0.100886
  chunk 48 final batch loss = 0.138263
  chunk 49 final batch loss = 0.791969
  chunk 50 final batch loss = 0.572813
  chunk 51 final batch loss = 0.171654
  chunk 52 final batch loss = 0.090172
  chunk 53 final batch loss = 0.387791
  chunk 54 final batch loss = 0.179166
  chunk 55 final batch loss = 0.134369
  chunk 56 final batch loss = 0.634306
  chunk 57 final batch loss = 0.672816
  chunk 58 final batch loss = 0.633134
  chunk 59 final batch loss = 0.107248
  chunk 60 final batch loss = 0.575472
  chunk 61 final batch loss = 0.159816
  chunk 62 final batch loss = 0.144616
  chunk 63 final batch loss = 0.661092
  chunk 64 final batch loss = 0.729108
  chunk 65 final batch loss = 0.232588
  chunk 66 final batch loss = 0.523234
  chunk 67 final batch loss = 0.791603
  chunk 68 final batch loss = 0.264156
  chunk 69 final batch loss = 0.508703
  chunk 70 final batch loss = 0.100152
  chunk 71 final batch loss = 0.558981
  chunk 72 final batch loss = 0.654793
  chunk 73 final batch loss = 0.214079
  chunk 74 final batch loss = 0.414920
  chunk 75 final batch loss = 0.096685
  chunk 76 final batch loss = 0.076876
  chunk 77 final batch loss = 0.264772
  chunk 78 final batch loss = 0.766979
  chunk 79 final batch loss = 0.506894
Validation loss: 0.341446
No improvement for 1 epochs
Saved checkpoint -> /workspace/train_17/checkpoints_17/mlp/epoch_80.pt
Epoch 81
  chunk 0 final batch loss = 0.795308
  chunk 1 final batch loss = 0.788437
  chunk 2 final batch loss = 0.261869
  chunk 3 final batch loss = 0.191318
  chunk 4 final batch loss = 0.639116
  chunk 5 final batch loss = 0.369866
  chunk 6 final batch loss = 0.090995
  chunk 7 final batch loss = 0.305683
  chunk 8 final batch loss = 0.181141
  chunk 9 final batch loss = 0.528290
  chunk 10 final batch loss = 0.240533
  chunk 11 final batch loss = 0.821876
  chunk 12 final batch loss = 0.659095
  chunk 13 final batch loss = 0.662143
  chunk 14 final batch loss = 0.226185
  chunk 15 final batch loss = 0.149189
  chunk 16 final batch loss = 0.139485
  chunk 17 final batch loss = 0.286764
  chunk 18 final batch loss = 0.491497
  chunk 19 final batch loss = 0.122975
  chunk 20 final batch loss = 0.783190
  chunk 21 final batch loss = 0.570290
  chunk 22 final batch loss = 0.750152
  chunk 23 final batch loss = 0.531843
  chunk 24 final batch loss = 0.757513
  chunk 25 final batch loss = 0.148759
  chunk 26 final batch loss = 0.775676
  chunk 27 final batch loss = 0.069258
  chunk 28 final batch loss = 0.105054
  chunk 29 final batch loss = 0.754350
  chunk 30 final batch loss = 0.166409
  chunk 31 final batch loss = 0.141184
  chunk 32 final batch loss = 0.628964
  chunk 33 final batch loss = 0.100216
  chunk 34 final batch loss = 0.266820
  chunk 35 final batch loss = 0.773657
  chunk 36 final batch loss = 0.586190
  chunk 37 final batch loss = 0.382983
  chunk 38 final batch loss = 0.105647
  chunk 39 final batch loss = 0.816772
  chunk 40 final batch loss = 0.126143
  chunk 41 final batch loss = 0.547160
  chunk 42 final batch loss = 0.114556
  chunk 43 final batch loss = 0.768886
  chunk 44 final batch loss = 0.199594
  chunk 45 final batch loss = 0.682349
  chunk 46 final batch loss = 0.097640
  chunk 47 final batch loss = 0.089662
  chunk 48 final batch loss = 0.156906
  chunk 49 final batch loss = 0.805207
  chunk 50 final batch loss = 0.554937
  chunk 51 final batch loss = 0.151758
  chunk 52 final batch loss = 0.076479
  chunk 53 final batch loss = 0.366836
  chunk 54 final batch loss = 0.202648
  chunk 55 final batch loss = 0.119054
  chunk 56 final batch loss = 0.671672
  chunk 57 final batch loss = 0.685549
  chunk 58 final batch loss = 0.554024
  chunk 59 final batch loss = 0.109514
  chunk 60 final batch loss = 0.570222
  chunk 61 final batch loss = 0.141646
  chunk 62 final batch loss = 0.155316
  chunk 63 final batch loss = 0.709825
  chunk 64 final batch loss = 0.713592
  chunk 65 final batch loss = 0.221583
  chunk 66 final batch loss = 0.480061
  chunk 67 final batch loss = 0.767554
  chunk 68 final batch loss = 0.274536
  chunk 69 final batch loss = 0.568560
  chunk 70 final batch loss = 0.094765
  chunk 71 final batch loss = 0.597770
  chunk 72 final batch loss = 0.652284
  chunk 73 final batch loss = 0.244546
  chunk 74 final batch loss = 0.409658
  chunk 75 final batch loss = 0.092848
  chunk 76 final batch loss = 0.072064
  chunk 77 final batch loss = 0.286656
  chunk 78 final batch loss = 0.728253
  chunk 79 final batch loss = 0.462101
Validation loss: 0.340173
No improvement for 2 epochs
Saved checkpoint -> /workspace/train_17/checkpoints_17/mlp/epoch_81.pt
Epoch 82
  chunk 0 final batch loss = 0.776837
  chunk 1 final batch loss = 0.784707
  chunk 2 final batch loss = 0.262968
  chunk 3 final batch loss = 0.156163
  chunk 4 final batch loss = 0.690849
  chunk 5 final batch loss = 0.384421
  chunk 6 final batch loss = 0.084354
  chunk 7 final batch loss = 0.278177
  chunk 8 final batch loss = 0.162353
  chunk 9 final batch loss = 0.517864
  chunk 10 final batch loss = 0.294669
  chunk 11 final batch loss = 0.807291
  chunk 12 final batch loss = 0.612604
  chunk 13 final batch loss = 0.652531
  chunk 14 final batch loss = 0.294286
  chunk 15 final batch loss = 0.143624
  chunk 16 final batch loss = 0.136543
  chunk 17 final batch loss = 0.254872
  chunk 18 final batch loss = 0.556985
  chunk 19 final batch loss = 0.134359
  chunk 20 final batch loss = 0.793078
  chunk 21 final batch loss = 0.550154
  chunk 22 final batch loss = 0.728669
  chunk 23 final batch loss = 0.571195
  chunk 24 final batch loss = 0.747145
  chunk 25 final batch loss = 0.156256
  chunk 26 final batch loss = 0.771522
  chunk 27 final batch loss = 0.072688
  chunk 28 final batch loss = 0.103461
  chunk 29 final batch loss = 0.772837
  chunk 30 final batch loss = 0.154378
  chunk 31 final batch loss = 0.134873
  chunk 32 final batch loss = 0.672504
  chunk 33 final batch loss = 0.103520
  chunk 34 final batch loss = 0.291951
  chunk 35 final batch loss = 0.765386
  chunk 36 final batch loss = 0.586899
  chunk 37 final batch loss = 0.391198
  chunk 38 final batch loss = 0.099770
  chunk 39 final batch loss = 0.810459
  chunk 40 final batch loss = 0.122946
  chunk 41 final batch loss = 0.587381
  chunk 42 final batch loss = 0.117841
  chunk 43 final batch loss = 0.763644
  chunk 44 final batch loss = 0.189616
  chunk 45 final batch loss = 0.652700
  chunk 46 final batch loss = 0.124279
  chunk 47 final batch loss = 0.105519
  chunk 48 final batch loss = 0.181937
  chunk 49 final batch loss = 0.798901
  chunk 50 final batch loss = 0.531016
  chunk 51 final batch loss = 0.144275
  chunk 52 final batch loss = 0.110641
  chunk 53 final batch loss = 0.431836
  chunk 54 final batch loss = 0.204529
  chunk 55 final batch loss = 0.117168
  chunk 56 final batch loss = 0.673422
  chunk 57 final batch loss = 0.720505
  chunk 58 final batch loss = 0.535450
  chunk 59 final batch loss = 0.093623
  chunk 60 final batch loss = 0.540500
  chunk 61 final batch loss = 0.168392
  chunk 62 final batch loss = 0.153225
  chunk 63 final batch loss = 0.706848
  chunk 64 final batch loss = 0.768946
  chunk 65 final batch loss = 0.220140
  chunk 66 final batch loss = 0.519386
  chunk 67 final batch loss = 0.751299
  chunk 68 final batch loss = 0.298836
  chunk 69 final batch loss = 0.587625
  chunk 70 final batch loss = 0.087116
  chunk 71 final batch loss = 0.530389
  chunk 72 final batch loss = 0.656279
  chunk 73 final batch loss = 0.263123
  chunk 74 final batch loss = 0.352175
  chunk 75 final batch loss = 0.102643
  chunk 76 final batch loss = 0.074742
  chunk 77 final batch loss = 0.232653
  chunk 78 final batch loss = 0.759779
  chunk 79 final batch loss = 0.594616
Validation loss: 0.340829
No improvement for 3 epochs
Saved checkpoint -> /workspace/train_17/checkpoints_17/mlp/epoch_82.pt
Epoch 83
  chunk 0 final batch loss = 0.776502
  chunk 1 final batch loss = 0.750261
  chunk 2 final batch loss = 0.251448
  chunk 3 final batch loss = 0.170333
  chunk 4 final batch loss = 0.710320
  chunk 5 final batch loss = 0.369054
  chunk 6 final batch loss = 0.091813
  chunk 7 final batch loss = 0.288350
  chunk 8 final batch loss = 0.197308
  chunk 9 final batch loss = 0.492082
  chunk 10 final batch loss = 0.289598
  chunk 11 final batch loss = 0.806635
  chunk 12 final batch loss = 0.700516
  chunk 13 final batch loss = 0.636156
  chunk 14 final batch loss = 0.264547
  chunk 15 final batch loss = 0.145306
  chunk 16 final batch loss = 0.144967
  chunk 17 final batch loss = 0.250293
  chunk 18 final batch loss = 0.468936
  chunk 19 final batch loss = 0.124406
  chunk 20 final batch loss = 0.762494
  chunk 21 final batch loss = 0.572292
  chunk 22 final batch loss = 0.781276
  chunk 23 final batch loss = 0.560317
  chunk 24 final batch loss = 0.723197
  chunk 25 final batch loss = 0.151497
  chunk 26 final batch loss = 0.764768
  chunk 27 final batch loss = 0.089975
  chunk 28 final batch loss = 0.109004
  chunk 29 final batch loss = 0.778890
  chunk 30 final batch loss = 0.176276
  chunk 31 final batch loss = 0.143803
  chunk 32 final batch loss = 0.654089
  chunk 33 final batch loss = 0.104367
  chunk 34 final batch loss = 0.272283
  chunk 35 final batch loss = 0.782601
  chunk 36 final batch loss = 0.592051
  chunk 37 final batch loss = 0.366234
  chunk 38 final batch loss = 0.101286
  chunk 39 final batch loss = 0.810314
  chunk 40 final batch loss = 0.106527
  chunk 41 final batch loss = 0.603959
  chunk 42 final batch loss = 0.116355
  chunk 43 final batch loss = 0.788088
  chunk 44 final batch loss = 0.159607
  chunk 45 final batch loss = 0.668242
  chunk 46 final batch loss = 0.092902
  chunk 47 final batch loss = 0.101417
  chunk 48 final batch loss = 0.154169
  chunk 49 final batch loss = 0.767583
  chunk 50 final batch loss = 0.576094
  chunk 51 final batch loss = 0.153230
  chunk 52 final batch loss = 0.092468
  chunk 53 final batch loss = 0.371193
  chunk 54 final batch loss = 0.187118
  chunk 55 final batch loss = 0.122522
  chunk 56 final batch loss = 0.678083
  chunk 57 final batch loss = 0.708980
  chunk 58 final batch loss = 0.554843
  chunk 59 final batch loss = 0.099787
  chunk 60 final batch loss = 0.533684
  chunk 61 final batch loss = 0.153131
  chunk 62 final batch loss = 0.183020
  chunk 63 final batch loss = 0.744608
  chunk 64 final batch loss = 0.783838
  chunk 65 final batch loss = 0.221215
  chunk 66 final batch loss = 0.559119
  chunk 67 final batch loss = 0.785420
  chunk 68 final batch loss = 0.282682
  chunk 69 final batch loss = 0.539996
  chunk 70 final batch loss = 0.100330
  chunk 71 final batch loss = 0.526504
  chunk 72 final batch loss = 0.602087
  chunk 73 final batch loss = 0.229947
  chunk 74 final batch loss = 0.452558
  chunk 75 final batch loss = 0.096668
  chunk 76 final batch loss = 0.073848
  chunk 77 final batch loss = 0.264151
  chunk 78 final batch loss = 0.752027
  chunk 79 final batch loss = 0.521338
Validation loss: 0.339944
Saved BEST checkpoint -> /workspace/train_17/checkpoints_17/mlp/best.pt
Saved checkpoint -> /workspace/train_17/checkpoints_17/mlp/epoch_83.pt
Epoch 84
  chunk 0 final batch loss = 0.790171
  chunk 1 final batch loss = 0.767065
  chunk 2 final batch loss = 0.256703
  chunk 3 final batch loss = 0.154001
  chunk 4 final batch loss = 0.703900
  chunk 5 final batch loss = 0.423591
  chunk 6 final batch loss = 0.082474
  chunk 7 final batch loss = 0.265635
  chunk 8 final batch loss = 0.197849
  chunk 9 final batch loss = 0.495183
  chunk 10 final batch loss = 0.274846
  chunk 11 final batch loss = 0.800640
  chunk 12 final batch loss = 0.630618
  chunk 13 final batch loss = 0.644539
  chunk 14 final batch loss = 0.317291
  chunk 15 final batch loss = 0.156402
  chunk 16 final batch loss = 0.123949
  chunk 17 final batch loss = 0.279270
  chunk 18 final batch loss = 0.539083
  chunk 19 final batch loss = 0.139591
  chunk 20 final batch loss = 0.764371
  chunk 21 final batch loss = 0.529214
  chunk 22 final batch loss = 0.749921
  chunk 23 final batch loss = 0.557518
  chunk 24 final batch loss = 0.762718
  chunk 25 final batch loss = 0.143775
  chunk 26 final batch loss = 0.767008
  chunk 27 final batch loss = 0.076544
  chunk 28 final batch loss = 0.108888
  chunk 29 final batch loss = 0.776629
  chunk 30 final batch loss = 0.184740
  chunk 31 final batch loss = 0.142549
  chunk 32 final batch loss = 0.676657
  chunk 33 final batch loss = 0.093347
  chunk 34 final batch loss = 0.275671
  chunk 35 final batch loss = 0.753006
  chunk 36 final batch loss = 0.568667
  chunk 37 final batch loss = 0.395469
  chunk 38 final batch loss = 0.099385
  chunk 39 final batch loss = 0.815748
  chunk 40 final batch loss = 0.113223
  chunk 41 final batch loss = 0.582743
  chunk 42 final batch loss = 0.135920
  chunk 43 final batch loss = 0.784602
  chunk 44 final batch loss = 0.207323
  chunk 45 final batch loss = 0.710126
  chunk 46 final batch loss = 0.125789
  chunk 47 final batch loss = 0.115980
  chunk 48 final batch loss = 0.165248
  chunk 49 final batch loss = 0.780998
  chunk 50 final batch loss = 0.628976
  chunk 51 final batch loss = 0.160875
  chunk 52 final batch loss = 0.098649
  chunk 53 final batch loss = 0.401561
  chunk 54 final batch loss = 0.248592
  chunk 55 final batch loss = 0.123152
  chunk 56 final batch loss = 0.638846
  chunk 57 final batch loss = 0.631932
  chunk 58 final batch loss = 0.537292
  chunk 59 final batch loss = 0.103486
  chunk 60 final batch loss = 0.526869
  chunk 61 final batch loss = 0.148175
  chunk 62 final batch loss = 0.175662
  chunk 63 final batch loss = 0.667133
  chunk 64 final batch loss = 0.729789
  chunk 65 final batch loss = 0.209019
  chunk 66 final batch loss = 0.564236
  chunk 67 final batch loss = 0.762694
  chunk 68 final batch loss = 0.265047
  chunk 69 final batch loss = 0.541435
  chunk 70 final batch loss = 0.096497
  chunk 71 final batch loss = 0.534521
  chunk 72 final batch loss = 0.627892
  chunk 73 final batch loss = 0.269428
  chunk 74 final batch loss = 0.409197
  chunk 75 final batch loss = 0.097497
  chunk 76 final batch loss = 0.070541
  chunk 77 final batch loss = 0.309197
  chunk 78 final batch loss = 0.752014
  chunk 79 final batch loss = 0.500487
Validation loss: 0.341576
No improvement for 1 epochs
Saved checkpoint -> /workspace/train_17/checkpoints_17/mlp/epoch_84.pt
Epoch 85
  chunk 0 final batch loss = 0.786381
  chunk 1 final batch loss = 0.777517
  chunk 2 final batch loss = 0.253881
  chunk 3 final batch loss = 0.149699
  chunk 4 final batch loss = 0.697594
  chunk 5 final batch loss = 0.456446
  chunk 6 final batch loss = 0.097314
  chunk 7 final batch loss = 0.279867
  chunk 8 final batch loss = 0.209101
  chunk 9 final batch loss = 0.509844
  chunk 10 final batch loss = 0.326565
  chunk 11 final batch loss = 0.812495
  chunk 12 final batch loss = 0.688300
  chunk 13 final batch loss = 0.646485
  chunk 14 final batch loss = 0.248190
  chunk 15 final batch loss = 0.177315
  chunk 16 final batch loss = 0.143934
  chunk 17 final batch loss = 0.248806
  chunk 18 final batch loss = 0.417905
  chunk 19 final batch loss = 0.124730
  chunk 20 final batch loss = 0.758958
  chunk 21 final batch loss = 0.566867
  chunk 22 final batch loss = 0.765451
  chunk 23 final batch loss = 0.600814
  chunk 24 final batch loss = 0.714564
  chunk 25 final batch loss = 0.142591
  chunk 26 final batch loss = 0.754781
  chunk 27 final batch loss = 0.080124
  chunk 28 final batch loss = 0.096057
  chunk 29 final batch loss = 0.728028
  chunk 30 final batch loss = 0.162395
  chunk 31 final batch loss = 0.139358
  chunk 32 final batch loss = 0.663655
  chunk 33 final batch loss = 0.093556
  chunk 34 final batch loss = 0.242485
  chunk 35 final batch loss = 0.761482
  chunk 36 final batch loss = 0.531099
  chunk 37 final batch loss = 0.387413
  chunk 38 final batch loss = 0.097895
  chunk 39 final batch loss = 0.823704
  chunk 40 final batch loss = 0.131431
  chunk 41 final batch loss = 0.590003
  chunk 42 final batch loss = 0.113130
  chunk 43 final batch loss = 0.765914
  chunk 44 final batch loss = 0.192982
  chunk 45 final batch loss = 0.718205
  chunk 46 final batch loss = 0.094563
  chunk 47 final batch loss = 0.105364
  chunk 48 final batch loss = 0.161890
  chunk 49 final batch loss = 0.742357
  chunk 50 final batch loss = 0.460734
  chunk 51 final batch loss = 0.149874
  chunk 52 final batch loss = 0.106160
  chunk 53 final batch loss = 0.371030
  chunk 54 final batch loss = 0.206036
  chunk 55 final batch loss = 0.109471
  chunk 56 final batch loss = 0.679616
  chunk 57 final batch loss = 0.702314
  chunk 58 final batch loss = 0.557075
  chunk 59 final batch loss = 0.106090
  chunk 60 final batch loss = 0.538134
  chunk 61 final batch loss = 0.160853
  chunk 62 final batch loss = 0.148524
  chunk 63 final batch loss = 0.715032
  chunk 64 final batch loss = 0.734767
  chunk 65 final batch loss = 0.191423
  chunk 66 final batch loss = 0.517525
  chunk 67 final batch loss = 0.756315
  chunk 68 final batch loss = 0.273752
  chunk 69 final batch loss = 0.513835
  chunk 70 final batch loss = 0.092547
  chunk 71 final batch loss = 0.543384
  chunk 72 final batch loss = 0.625688
  chunk 73 final batch loss = 0.223943
  chunk 74 final batch loss = 0.403065
  chunk 75 final batch loss = 0.083052
  chunk 76 final batch loss = 0.077749
  chunk 77 final batch loss = 0.302974
  chunk 78 final batch loss = 0.726663
  chunk 79 final batch loss = 0.506887
Validation loss: 0.342373
No improvement for 2 epochs
Saved checkpoint -> /workspace/train_17/checkpoints_17/mlp/epoch_85.pt
Epoch 86
  chunk 0 final batch loss = 0.785497
  chunk 1 final batch loss = 0.750839
  chunk 2 final batch loss = 0.285631
  chunk 3 final batch loss = 0.167362
  chunk 4 final batch loss = 0.730407
  chunk 5 final batch loss = 0.393213
  chunk 6 final batch loss = 0.088113
  chunk 7 final batch loss = 0.269188
  chunk 8 final batch loss = 0.178776
  chunk 9 final batch loss = 0.578659
  chunk 10 final batch loss = 0.266035
  chunk 11 final batch loss = 0.808542
  chunk 12 final batch loss = 0.633850
  chunk 13 final batch loss = 0.611774
  chunk 14 final batch loss = 0.288201
  chunk 15 final batch loss = 0.156317
  chunk 16 final batch loss = 0.148916
  chunk 17 final batch loss = 0.266880
  chunk 18 final batch loss = 0.489144
  chunk 19 final batch loss = 0.120561
  chunk 20 final batch loss = 0.777259
  chunk 21 final batch loss = 0.542189
  chunk 22 final batch loss = 0.761869
  chunk 23 final batch loss = 0.542864
  chunk 24 final batch loss = 0.724562
  chunk 25 final batch loss = 0.147311
  chunk 26 final batch loss = 0.772423
  chunk 27 final batch loss = 0.072702
  chunk 28 final batch loss = 0.105893
  chunk 29 final batch loss = 0.771057
  chunk 30 final batch loss = 0.168581
  chunk 31 final batch loss = 0.161337
  chunk 32 final batch loss = 0.653604
  chunk 33 final batch loss = 0.101838
  chunk 34 final batch loss = 0.238040
  chunk 35 final batch loss = 0.785206
  chunk 36 final batch loss = 0.539455
  chunk 37 final batch loss = 0.365745
  chunk 38 final batch loss = 0.106257
  chunk 39 final batch loss = 0.813217
  chunk 40 final batch loss = 0.129599
  chunk 41 final batch loss = 0.570499
  chunk 42 final batch loss = 0.108511
  chunk 43 final batch loss = 0.776005
  chunk 44 final batch loss = 0.218976
  chunk 45 final batch loss = 0.715154
  chunk 46 final batch loss = 0.082151
  chunk 47 final batch loss = 0.096155
  chunk 48 final batch loss = 0.171511
  chunk 49 final batch loss = 0.759734
  chunk 50 final batch loss = 0.515071
  chunk 51 final batch loss = 0.155143
  chunk 52 final batch loss = 0.111231
  chunk 53 final batch loss = 0.389284
  chunk 54 final batch loss = 0.197868
  chunk 55 final batch loss = 0.102937
  chunk 56 final batch loss = 0.656335
  chunk 57 final batch loss = 0.721549
  chunk 58 final batch loss = 0.512245
  chunk 59 final batch loss = 0.110628
  chunk 60 final batch loss = 0.519617
  chunk 61 final batch loss = 0.160739
  chunk 62 final batch loss = 0.157126
  chunk 63 final batch loss = 0.691273
  chunk 64 final batch loss = 0.755482
  chunk 65 final batch loss = 0.209899
  chunk 66 final batch loss = 0.486803
  chunk 67 final batch loss = 0.755377
  chunk 68 final batch loss = 0.259661
  chunk 69 final batch loss = 0.577255
  chunk 70 final batch loss = 0.090938
  chunk 71 final batch loss = 0.609059
  chunk 72 final batch loss = 0.653235
  chunk 73 final batch loss = 0.273308
  chunk 74 final batch loss = 0.421333
  chunk 75 final batch loss = 0.099874
  chunk 76 final batch loss = 0.072038
  chunk 77 final batch loss = 0.306081
  chunk 78 final batch loss = 0.729968
  chunk 79 final batch loss = 0.509225
Validation loss: 0.341191
No improvement for 3 epochs
Saved checkpoint -> /workspace/train_17/checkpoints_17/mlp/epoch_86.pt
Epoch 87
  chunk 0 final batch loss = 0.763390
  chunk 1 final batch loss = 0.786350
  chunk 2 final batch loss = 0.258533
  chunk 3 final batch loss = 0.152242
  chunk 4 final batch loss = 0.701089
  chunk 5 final batch loss = 0.378298
  chunk 6 final batch loss = 0.083151
  chunk 7 final batch loss = 0.252568
  chunk 8 final batch loss = 0.219038
  chunk 9 final batch loss = 0.522937
  chunk 10 final batch loss = 0.316772
  chunk 11 final batch loss = 0.818356
  chunk 12 final batch loss = 0.631874
  chunk 13 final batch loss = 0.657076
  chunk 14 final batch loss = 0.264767
  chunk 15 final batch loss = 0.143721
  chunk 16 final batch loss = 0.157597
  chunk 17 final batch loss = 0.251838
  chunk 18 final batch loss = 0.479151
  chunk 19 final batch loss = 0.115111
  chunk 20 final batch loss = 0.782547
  chunk 21 final batch loss = 0.563884
  chunk 22 final batch loss = 0.768483
  chunk 23 final batch loss = 0.590892
  chunk 24 final batch loss = 0.742553
  chunk 25 final batch loss = 0.155794
  chunk 26 final batch loss = 0.709078
  chunk 27 final batch loss = 0.071391
  chunk 28 final batch loss = 0.101715
  chunk 29 final batch loss = 0.760026
  chunk 30 final batch loss = 0.158706
  chunk 31 final batch loss = 0.160571
  chunk 32 final batch loss = 0.680974
  chunk 33 final batch loss = 0.087348
  chunk 34 final batch loss = 0.288240
  chunk 35 final batch loss = 0.776650
  chunk 36 final batch loss = 0.497239
  chunk 37 final batch loss = 0.367063
  chunk 38 final batch loss = 0.104162
  chunk 39 final batch loss = 0.802210
  chunk 40 final batch loss = 0.130538
  chunk 41 final batch loss = 0.581496
  chunk 42 final batch loss = 0.122309
  chunk 43 final batch loss = 0.760148
  chunk 44 final batch loss = 0.207868
  chunk 45 final batch loss = 0.736767
  chunk 46 final batch loss = 0.095325
  chunk 47 final batch loss = 0.104312
  chunk 48 final batch loss = 0.144568
  chunk 49 final batch loss = 0.738714
  chunk 50 final batch loss = 0.583070
  chunk 51 final batch loss = 0.149202
  chunk 52 final batch loss = 0.089930
  chunk 53 final batch loss = 0.395779
  chunk 54 final batch loss = 0.217131
  chunk 55 final batch loss = 0.118152
  chunk 56 final batch loss = 0.671511
  chunk 57 final batch loss = 0.652247
  chunk 58 final batch loss = 0.552837
  chunk 59 final batch loss = 0.105142
  chunk 60 final batch loss = 0.558387
  chunk 61 final batch loss = 0.174300
  chunk 62 final batch loss = 0.153991
  chunk 63 final batch loss = 0.699917
  chunk 64 final batch loss = 0.707737
  chunk 65 final batch loss = 0.210068
  chunk 66 final batch loss = 0.511921
  chunk 67 final batch loss = 0.773486
  chunk 68 final batch loss = 0.284733
  chunk 69 final batch loss = 0.526211
  chunk 70 final batch loss = 0.092117
  chunk 71 final batch loss = 0.565659
  chunk 72 final batch loss = 0.653212
  chunk 73 final batch loss = 0.205045
  chunk 74 final batch loss = 0.400960
  chunk 75 final batch loss = 0.096338
  chunk 76 final batch loss = 0.071072
  chunk 77 final batch loss = 0.306673
  chunk 78 final batch loss = 0.732600
  chunk 79 final batch loss = 0.403700
Validation loss: 0.342159
No improvement for 4 epochs
Saved checkpoint -> /workspace/train_17/checkpoints_17/mlp/epoch_87.pt
Epoch 88
  chunk 0 final batch loss = 0.781058
  chunk 1 final batch loss = 0.797971
  chunk 2 final batch loss = 0.267393
  chunk 3 final batch loss = 0.143163
  chunk 4 final batch loss = 0.689801
  chunk 5 final batch loss = 0.392024
  chunk 6 final batch loss = 0.092064
  chunk 7 final batch loss = 0.271270
  chunk 8 final batch loss = 0.184440
  chunk 9 final batch loss = 0.473220
  chunk 10 final batch loss = 0.241801
  chunk 11 final batch loss = 0.820100
  chunk 12 final batch loss = 0.667506
  chunk 13 final batch loss = 0.591082
  chunk 14 final batch loss = 0.288540
  chunk 15 final batch loss = 0.140058
  chunk 16 final batch loss = 0.134776
  chunk 17 final batch loss = 0.239953
  chunk 18 final batch loss = 0.448188
  chunk 19 final batch loss = 0.123671
  chunk 20 final batch loss = 0.772826
  chunk 21 final batch loss = 0.560246
  chunk 22 final batch loss = 0.723467
  chunk 23 final batch loss = 0.623022
  chunk 24 final batch loss = 0.740381
  chunk 25 final batch loss = 0.147064
  chunk 26 final batch loss = 0.740111
  chunk 27 final batch loss = 0.075704
  chunk 28 final batch loss = 0.095459
  chunk 29 final batch loss = 0.755680
  chunk 30 final batch loss = 0.179046
  chunk 31 final batch loss = 0.112209
  chunk 32 final batch loss = 0.656702
  chunk 33 final batch loss = 0.098191
  chunk 34 final batch loss = 0.256898
  chunk 35 final batch loss = 0.741161
  chunk 36 final batch loss = 0.516100
  chunk 37 final batch loss = 0.352534
  chunk 38 final batch loss = 0.100291
  chunk 39 final batch loss = 0.817818
  chunk 40 final batch loss = 0.115684
  chunk 41 final batch loss = 0.577433
  chunk 42 final batch loss = 0.130661
  chunk 43 final batch loss = 0.773619
  chunk 44 final batch loss = 0.185572
  chunk 45 final batch loss = 0.711870
  chunk 46 final batch loss = 0.102467
  chunk 47 final batch loss = 0.098473
  chunk 48 final batch loss = 0.174084
  chunk 49 final batch loss = 0.814939
  chunk 50 final batch loss = 0.564143
  chunk 51 final batch loss = 0.167075
  chunk 52 final batch loss = 0.083222
  chunk 53 final batch loss = 0.343944
  chunk 54 final batch loss = 0.195629
  chunk 55 final batch loss = 0.114488
  chunk 56 final batch loss = 0.645615
  chunk 57 final batch loss = 0.707481
  chunk 58 final batch loss = 0.560433
  chunk 59 final batch loss = 0.101087
  chunk 60 final batch loss = 0.553515
  chunk 61 final batch loss = 0.156207
  chunk 62 final batch loss = 0.171429
  chunk 63 final batch loss = 0.690724
  chunk 64 final batch loss = 0.731247
  chunk 65 final batch loss = 0.233311
  chunk 66 final batch loss = 0.530099
  chunk 67 final batch loss = 0.794862
  chunk 68 final batch loss = 0.269786
  chunk 69 final batch loss = 0.580203
  chunk 70 final batch loss = 0.095145
  chunk 71 final batch loss = 0.544645
  chunk 72 final batch loss = 0.674007
  chunk 73 final batch loss = 0.253359
  chunk 74 final batch loss = 0.374170
  chunk 75 final batch loss = 0.094878
  chunk 76 final batch loss = 0.082584
  chunk 77 final batch loss = 0.275607
  chunk 78 final batch loss = 0.726635
  chunk 79 final batch loss = 0.515178
Validation loss: 0.340059
No improvement for 5 epochs
Saved checkpoint -> /workspace/train_17/checkpoints_17/mlp/epoch_88.pt
Epoch 89
  chunk 0 final batch loss = 0.767066
  chunk 1 final batch loss = 0.768517
  chunk 2 final batch loss = 0.227586
  chunk 3 final batch loss = 0.153660
  chunk 4 final batch loss = 0.687880
  chunk 5 final batch loss = 0.399401
  chunk 6 final batch loss = 0.100248
  chunk 7 final batch loss = 0.289011
  chunk 8 final batch loss = 0.229008
  chunk 9 final batch loss = 0.477133
  chunk 10 final batch loss = 0.309093
  chunk 11 final batch loss = 0.805137
  chunk 12 final batch loss = 0.648412
  chunk 13 final batch loss = 0.678571
  chunk 14 final batch loss = 0.289199
  chunk 15 final batch loss = 0.137816
  chunk 16 final batch loss = 0.158623
  chunk 17 final batch loss = 0.246056
  chunk 18 final batch loss = 0.535104
  chunk 19 final batch loss = 0.108077
  chunk 20 final batch loss = 0.773547
  chunk 21 final batch loss = 0.603751
  chunk 22 final batch loss = 0.784198
  chunk 23 final batch loss = 0.583192
  chunk 24 final batch loss = 0.743065
  chunk 25 final batch loss = 0.178455
  chunk 26 final batch loss = 0.751361
  chunk 27 final batch loss = 0.073068
  chunk 28 final batch loss = 0.108635
  chunk 29 final batch loss = 0.770619
  chunk 30 final batch loss = 0.134889
  chunk 31 final batch loss = 0.143978
  chunk 32 final batch loss = 0.664570
  chunk 33 final batch loss = 0.096683
  chunk 34 final batch loss = 0.249902
  chunk 35 final batch loss = 0.790434
  chunk 36 final batch loss = 0.539939
  chunk 37 final batch loss = 0.374154
  chunk 38 final batch loss = 0.096268
  chunk 39 final batch loss = 0.814151
  chunk 40 final batch loss = 0.126724
  chunk 41 final batch loss = 0.606981
  chunk 42 final batch loss = 0.108213
  chunk 43 final batch loss = 0.780591
  chunk 44 final batch loss = 0.186222
  chunk 45 final batch loss = 0.719816
  chunk 46 final batch loss = 0.118531
  chunk 47 final batch loss = 0.097032
  chunk 48 final batch loss = 0.163865
  chunk 49 final batch loss = 0.791454
  chunk 50 final batch loss = 0.584672
  chunk 51 final batch loss = 0.162821
  chunk 52 final batch loss = 0.092527
  chunk 53 final batch loss = 0.329495
  chunk 54 final batch loss = 0.189812
  chunk 55 final batch loss = 0.115810
  chunk 56 final batch loss = 0.673976
  chunk 57 final batch loss = 0.725756
  chunk 58 final batch loss = 0.618719
  chunk 59 final batch loss = 0.117758
  chunk 60 final batch loss = 0.492615
  chunk 61 final batch loss = 0.178681
  chunk 62 final batch loss = 0.169905
  chunk 63 final batch loss = 0.682972
  chunk 64 final batch loss = 0.751886
  chunk 65 final batch loss = 0.220268
  chunk 66 final batch loss = 0.563908
  chunk 67 final batch loss = 0.779906
  chunk 68 final batch loss = 0.232306
  chunk 69 final batch loss = 0.522270
  chunk 70 final batch loss = 0.078238
  chunk 71 final batch loss = 0.505937
  chunk 72 final batch loss = 0.588953
  chunk 73 final batch loss = 0.287206
  chunk 74 final batch loss = 0.394310
  chunk 75 final batch loss = 0.103009
  chunk 76 final batch loss = 0.077562
  chunk 77 final batch loss = 0.269527
  chunk 78 final batch loss = 0.752124
  chunk 79 final batch loss = 0.462872
Validation loss: 0.341251
No improvement for 6 epochs
Saved checkpoint -> /workspace/train_17/checkpoints_17/mlp/epoch_89.pt
Epoch 90
  chunk 0 final batch loss = 0.795799
  chunk 1 final batch loss = 0.769534
  chunk 2 final batch loss = 0.276569
  chunk 3 final batch loss = 0.130930
  chunk 4 final batch loss = 0.709242
  chunk 5 final batch loss = 0.412278
  chunk 6 final batch loss = 0.087654
  chunk 7 final batch loss = 0.273908
  chunk 8 final batch loss = 0.203968
  chunk 9 final batch loss = 0.481434
  chunk 10 final batch loss = 0.258890
  chunk 11 final batch loss = 0.816630
  chunk 12 final batch loss = 0.647623
  chunk 13 final batch loss = 0.661205
  chunk 14 final batch loss = 0.222867
  chunk 15 final batch loss = 0.154848
  chunk 16 final batch loss = 0.158794
  chunk 17 final batch loss = 0.241543
  chunk 18 final batch loss = 0.519590
  chunk 19 final batch loss = 0.113242
  chunk 20 final batch loss = 0.756359
  chunk 21 final batch loss = 0.526646
  chunk 22 final batch loss = 0.782659
  chunk 23 final batch loss = 0.548442
  chunk 24 final batch loss = 0.725168
  chunk 25 final batch loss = 0.146566
  chunk 26 final batch loss = 0.760038
  chunk 27 final batch loss = 0.085149
  chunk 28 final batch loss = 0.103745
  chunk 29 final batch loss = 0.758694
  chunk 30 final batch loss = 0.171258
  chunk 31 final batch loss = 0.144226
  chunk 32 final batch loss = 0.632623
  chunk 33 final batch loss = 0.111115
  chunk 34 final batch loss = 0.239782
  chunk 35 final batch loss = 0.777793
  chunk 36 final batch loss = 0.540598
  chunk 37 final batch loss = 0.400029
  chunk 38 final batch loss = 0.095358
  chunk 39 final batch loss = 0.810891
  chunk 40 final batch loss = 0.114351
  chunk 41 final batch loss = 0.593072
  chunk 42 final batch loss = 0.115712
  chunk 43 final batch loss = 0.788953
  chunk 44 final batch loss = 0.179135
  chunk 45 final batch loss = 0.702197
  chunk 46 final batch loss = 0.105862
  chunk 47 final batch loss = 0.113700
  chunk 48 final batch loss = 0.168745
  chunk 49 final batch loss = 0.753762
  chunk 50 final batch loss = 0.600631
  chunk 51 final batch loss = 0.158018
  chunk 52 final batch loss = 0.085758
  chunk 53 final batch loss = 0.398033
  chunk 54 final batch loss = 0.173964
  chunk 55 final batch loss = 0.118092
  chunk 56 final batch loss = 0.618571
  chunk 57 final batch loss = 0.653881
  chunk 58 final batch loss = 0.527602
  chunk 59 final batch loss = 0.115095
  chunk 60 final batch loss = 0.497046
  chunk 61 final batch loss = 0.153555
  chunk 62 final batch loss = 0.135417
  chunk 63 final batch loss = 0.738221
  chunk 64 final batch loss = 0.750754
  chunk 65 final batch loss = 0.218081
  chunk 66 final batch loss = 0.491409
  chunk 67 final batch loss = 0.790282
  chunk 68 final batch loss = 0.270940
  chunk 69 final batch loss = 0.488699
  chunk 70 final batch loss = 0.087617
  chunk 71 final batch loss = 0.511170
  chunk 72 final batch loss = 0.651828
  chunk 73 final batch loss = 0.252081
  chunk 74 final batch loss = 0.363755
  chunk 75 final batch loss = 0.103979
  chunk 76 final batch loss = 0.077321
  chunk 77 final batch loss = 0.242207
  chunk 78 final batch loss = 0.698813
  chunk 79 final batch loss = 0.527219
Validation loss: 0.339913
Saved BEST checkpoint -> /workspace/train_17/checkpoints_17/mlp/best.pt
Saved checkpoint -> /workspace/train_17/checkpoints_17/mlp/epoch_90.pt
Epoch 91
  chunk 0 final batch loss = 0.798775
  chunk 1 final batch loss = 0.768322
  chunk 2 final batch loss = 0.268501
  chunk 3 final batch loss = 0.163427
  chunk 4 final batch loss = 0.718424
  chunk 5 final batch loss = 0.410094
  chunk 6 final batch loss = 0.096702
  chunk 7 final batch loss = 0.308403
  chunk 8 final batch loss = 0.203436
  chunk 9 final batch loss = 0.514873
  chunk 10 final batch loss = 0.257941
  chunk 11 final batch loss = 0.818621
  chunk 12 final batch loss = 0.582983
  chunk 13 final batch loss = 0.624812
  chunk 14 final batch loss = 0.253188
  chunk 15 final batch loss = 0.150966
  chunk 16 final batch loss = 0.139844
  chunk 17 final batch loss = 0.240792
  chunk 18 final batch loss = 0.464442
  chunk 19 final batch loss = 0.129929
  chunk 20 final batch loss = 0.749210
  chunk 21 final batch loss = 0.513380
  chunk 22 final batch loss = 0.750961
  chunk 23 final batch loss = 0.505072
  chunk 24 final batch loss = 0.711060
  chunk 25 final batch loss = 0.120848
  chunk 26 final batch loss = 0.716056
  chunk 27 final batch loss = 0.070728
  chunk 28 final batch loss = 0.108100
  chunk 29 final batch loss = 0.759572
  chunk 30 final batch loss = 0.161602
  chunk 31 final batch loss = 0.151359
  chunk 32 final batch loss = 0.625741
  chunk 33 final batch loss = 0.093477
  chunk 34 final batch loss = 0.237347
  chunk 35 final batch loss = 0.778811
  chunk 36 final batch loss = 0.580941
  chunk 37 final batch loss = 0.373221
  chunk 38 final batch loss = 0.102408
  chunk 39 final batch loss = 0.807861
  chunk 40 final batch loss = 0.140430
  chunk 41 final batch loss = 0.594699
  chunk 42 final batch loss = 0.118439
  chunk 43 final batch loss = 0.776857
  chunk 44 final batch loss = 0.189233
  chunk 45 final batch loss = 0.657997
  chunk 46 final batch loss = 0.109495
  chunk 47 final batch loss = 0.097241
  chunk 48 final batch loss = 0.148302
  chunk 49 final batch loss = 0.760789
  chunk 50 final batch loss = 0.507344
  chunk 51 final batch loss = 0.144720
  chunk 52 final batch loss = 0.090339
  chunk 53 final batch loss = 0.377453
  chunk 54 final batch loss = 0.217419
  chunk 55 final batch loss = 0.117253
  chunk 56 final batch loss = 0.662094
  chunk 57 final batch loss = 0.637506
  chunk 58 final batch loss = 0.553173
  chunk 59 final batch loss = 0.107503
  chunk 60 final batch loss = 0.529898
  chunk 61 final batch loss = 0.160371
  chunk 62 final batch loss = 0.174367
  chunk 63 final batch loss = 0.725039
  chunk 64 final batch loss = 0.740256
  chunk 65 final batch loss = 0.226152
  chunk 66 final batch loss = 0.530728
  chunk 67 final batch loss = 0.763913
  chunk 68 final batch loss = 0.262735
  chunk 69 final batch loss = 0.531843
  chunk 70 final batch loss = 0.088040
  chunk 71 final batch loss = 0.540317
  chunk 72 final batch loss = 0.685253
  chunk 73 final batch loss = 0.251422
  chunk 74 final batch loss = 0.432306
  chunk 75 final batch loss = 0.099726
  chunk 76 final batch loss = 0.067287
  chunk 77 final batch loss = 0.229362
  chunk 78 final batch loss = 0.743384
  chunk 79 final batch loss = 0.526046
Validation loss: 0.340567
No improvement for 1 epochs
Saved checkpoint -> /workspace/train_17/checkpoints_17/mlp/epoch_91.pt
Epoch 92
  chunk 0 final batch loss = 0.777077
  chunk 1 final batch loss = 0.774524
  chunk 2 final batch loss = 0.243144
  chunk 3 final batch loss = 0.135734
  chunk 4 final batch loss = 0.706978
  chunk 5 final batch loss = 0.359431
  chunk 6 final batch loss = 0.092598
  chunk 7 final batch loss = 0.263637
  chunk 8 final batch loss = 0.214999
  chunk 9 final batch loss = 0.492122
  chunk 10 final batch loss = 0.294350
  chunk 11 final batch loss = 0.812671
  chunk 12 final batch loss = 0.665087
  chunk 13 final batch loss = 0.679089
  chunk 14 final batch loss = 0.234490
  chunk 15 final batch loss = 0.158661
  chunk 16 final batch loss = 0.143041
  chunk 17 final batch loss = 0.254380
  chunk 18 final batch loss = 0.454109
  chunk 19 final batch loss = 0.115275
  chunk 20 final batch loss = 0.783239
  chunk 21 final batch loss = 0.600497
  chunk 22 final batch loss = 0.711412
  chunk 23 final batch loss = 0.527917
  chunk 24 final batch loss = 0.767380
  chunk 25 final batch loss = 0.148318
  chunk 26 final batch loss = 0.678433
  chunk 27 final batch loss = 0.080433
  chunk 28 final batch loss = 0.111874
  chunk 29 final batch loss = 0.759405
  chunk 30 final batch loss = 0.153872
  chunk 31 final batch loss = 0.149606
  chunk 32 final batch loss = 0.655322
  chunk 33 final batch loss = 0.090902
  chunk 34 final batch loss = 0.260128
  chunk 35 final batch loss = 0.769437
  chunk 36 final batch loss = 0.534649
  chunk 37 final batch loss = 0.378159
  chunk 38 final batch loss = 0.089066
  chunk 39 final batch loss = 0.815674
  chunk 40 final batch loss = 0.129796
  chunk 41 final batch loss = 0.557933
  chunk 42 final batch loss = 0.098288
  chunk 43 final batch loss = 0.773696
  chunk 44 final batch loss = 0.206116
  chunk 45 final batch loss = 0.635681
  chunk 46 final batch loss = 0.103927
  chunk 47 final batch loss = 0.102324
  chunk 48 final batch loss = 0.162360
  chunk 49 final batch loss = 0.731046
  chunk 50 final batch loss = 0.605783
  chunk 51 final batch loss = 0.141754
  chunk 52 final batch loss = 0.088383
  chunk 53 final batch loss = 0.406858
  chunk 54 final batch loss = 0.185617
  chunk 55 final batch loss = 0.119118
  chunk 56 final batch loss = 0.647072
  chunk 57 final batch loss = 0.623633
  chunk 58 final batch loss = 0.547050
  chunk 59 final batch loss = 0.112910
  chunk 60 final batch loss = 0.496704
  chunk 61 final batch loss = 0.164878
  chunk 62 final batch loss = 0.167443
  chunk 63 final batch loss = 0.683397
  chunk 64 final batch loss = 0.760997
  chunk 65 final batch loss = 0.182987
  chunk 66 final batch loss = 0.522853
  chunk 67 final batch loss = 0.784471
  chunk 68 final batch loss = 0.300506
  chunk 69 final batch loss = 0.471314
  chunk 70 final batch loss = 0.093224
  chunk 71 final batch loss = 0.566538
  chunk 72 final batch loss = 0.667377
  chunk 73 final batch loss = 0.279390
  chunk 74 final batch loss = 0.376079
  chunk 75 final batch loss = 0.096229
  chunk 76 final batch loss = 0.078176
  chunk 77 final batch loss = 0.226554
  chunk 78 final batch loss = 0.716791
  chunk 79 final batch loss = 0.484691
Validation loss: 0.339900
Saved BEST checkpoint -> /workspace/train_17/checkpoints_17/mlp/best.pt
Saved checkpoint -> /workspace/train_17/checkpoints_17/mlp/epoch_92.pt
Epoch 93
  chunk 0 final batch loss = 0.769196
  chunk 1 final batch loss = 0.760421
  chunk 2 final batch loss = 0.244458
  chunk 3 final batch loss = 0.169807
  chunk 4 final batch loss = 0.697137
  chunk 5 final batch loss = 0.374015
  chunk 6 final batch loss = 0.098449
  chunk 7 final batch loss = 0.304272
  chunk 8 final batch loss = 0.207534
  chunk 9 final batch loss = 0.462587
  chunk 10 final batch loss = 0.312305
  chunk 11 final batch loss = 0.808296
  chunk 12 final batch loss = 0.627742
  chunk 13 final batch loss = 0.652368
  chunk 14 final batch loss = 0.241753
  chunk 15 final batch loss = 0.152289
  chunk 16 final batch loss = 0.141877
  chunk 17 final batch loss = 0.233486
  chunk 18 final batch loss = 0.521085
  chunk 19 final batch loss = 0.119563
  chunk 20 final batch loss = 0.788104
  chunk 21 final batch loss = 0.580026
  chunk 22 final batch loss = 0.732906
  chunk 23 final batch loss = 0.520896
  chunk 24 final batch loss = 0.740705
  chunk 25 final batch loss = 0.152321
  chunk 26 final batch loss = 0.759869
  chunk 27 final batch loss = 0.075100
  chunk 28 final batch loss = 0.087535
  chunk 29 final batch loss = 0.769225
  chunk 30 final batch loss = 0.173626
  chunk 31 final batch loss = 0.151392
  chunk 32 final batch loss = 0.603552
  chunk 33 final batch loss = 0.107075
  chunk 34 final batch loss = 0.256046
  chunk 35 final batch loss = 0.794458
  chunk 36 final batch loss = 0.533967
  chunk 37 final batch loss = 0.321062
  chunk 38 final batch loss = 0.095169
  chunk 39 final batch loss = 0.830814
  chunk 40 final batch loss = 0.115562
  chunk 41 final batch loss = 0.588814
  chunk 42 final batch loss = 0.130746
  chunk 43 final batch loss = 0.773647
  chunk 44 final batch loss = 0.190466
  chunk 45 final batch loss = 0.726759
  chunk 46 final batch loss = 0.101756
  chunk 47 final batch loss = 0.103722
  chunk 48 final batch loss = 0.137999
  chunk 49 final batch loss = 0.757959
  chunk 50 final batch loss = 0.520429
  chunk 51 final batch loss = 0.148930
  chunk 52 final batch loss = 0.083394
  chunk 53 final batch loss = 0.374932
  chunk 54 final batch loss = 0.192481
  chunk 55 final batch loss = 0.123952
  chunk 56 final batch loss = 0.612280
  chunk 57 final batch loss = 0.672909
  chunk 58 final batch loss = 0.584836
  chunk 59 final batch loss = 0.114388
  chunk 60 final batch loss = 0.569131
  chunk 61 final batch loss = 0.147043
  chunk 62 final batch loss = 0.155583
  chunk 63 final batch loss = 0.690819
  chunk 64 final batch loss = 0.732133
  chunk 65 final batch loss = 0.211703
  chunk 66 final batch loss = 0.475136
  chunk 67 final batch loss = 0.771299
  chunk 68 final batch loss = 0.248710
  chunk 69 final batch loss = 0.576482
  chunk 70 final batch loss = 0.087684
  chunk 71 final batch loss = 0.609903
  chunk 72 final batch loss = 0.652017
  chunk 73 final batch loss = 0.252293
  chunk 74 final batch loss = 0.465201
  chunk 75 final batch loss = 0.087917
  chunk 76 final batch loss = 0.069837
  chunk 77 final batch loss = 0.297595
  chunk 78 final batch loss = 0.771734
  chunk 79 final batch loss = 0.501555
Validation loss: 0.339767
Saved BEST checkpoint -> /workspace/train_17/checkpoints_17/mlp/best.pt
Saved checkpoint -> /workspace/train_17/checkpoints_17/mlp/epoch_93.pt
Epoch 94
  chunk 0 final batch loss = 0.743930
  chunk 1 final batch loss = 0.757974
  chunk 2 final batch loss = 0.284924
  chunk 3 final batch loss = 0.148136
  chunk 4 final batch loss = 0.666564
  chunk 5 final batch loss = 0.365451
  chunk 6 final batch loss = 0.093662
  chunk 7 final batch loss = 0.266470
  chunk 8 final batch loss = 0.211051
  chunk 9 final batch loss = 0.516047
  chunk 10 final batch loss = 0.298957
  chunk 11 final batch loss = 0.825648
  chunk 12 final batch loss = 0.656280
  chunk 13 final batch loss = 0.627067
  chunk 14 final batch loss = 0.226712
  chunk 15 final batch loss = 0.149029
  chunk 16 final batch loss = 0.146482
  chunk 17 final batch loss = 0.276380
  chunk 18 final batch loss = 0.507305
  chunk 19 final batch loss = 0.095605
  chunk 20 final batch loss = 0.760613
  chunk 21 final batch loss = 0.562819
  chunk 22 final batch loss = 0.745748
  chunk 23 final batch loss = 0.489216
  chunk 24 final batch loss = 0.689355
  chunk 25 final batch loss = 0.139163
  chunk 26 final batch loss = 0.745655
  chunk 27 final batch loss = 0.063845
  chunk 28 final batch loss = 0.101782
  chunk 29 final batch loss = 0.792189
  chunk 30 final batch loss = 0.150779
  chunk 31 final batch loss = 0.146238
  chunk 32 final batch loss = 0.679971
  chunk 33 final batch loss = 0.091793
  chunk 34 final batch loss = 0.245345
  chunk 35 final batch loss = 0.755414
  chunk 36 final batch loss = 0.581115
  chunk 37 final batch loss = 0.372852
  chunk 38 final batch loss = 0.110707
  chunk 39 final batch loss = 0.804796
  chunk 40 final batch loss = 0.124987
  chunk 41 final batch loss = 0.531048
  chunk 42 final batch loss = 0.110745
  chunk 43 final batch loss = 0.774388
  chunk 44 final batch loss = 0.226174
  chunk 45 final batch loss = 0.706337
  chunk 46 final batch loss = 0.092438
  chunk 47 final batch loss = 0.096239
  chunk 48 final batch loss = 0.185367
  chunk 49 final batch loss = 0.748278
  chunk 50 final batch loss = 0.615447
  chunk 51 final batch loss = 0.151503
  chunk 52 final batch loss = 0.095298
  chunk 53 final batch loss = 0.399444
  chunk 54 final batch loss = 0.206818
  chunk 55 final batch loss = 0.115221
  chunk 56 final batch loss = 0.657329
  chunk 57 final batch loss = 0.689350
  chunk 58 final batch loss = 0.541571
  chunk 59 final batch loss = 0.100374
  chunk 60 final batch loss = 0.499167
  chunk 61 final batch loss = 0.183126
  chunk 62 final batch loss = 0.141336
  chunk 63 final batch loss = 0.647922
  chunk 64 final batch loss = 0.767336
  chunk 65 final batch loss = 0.229597
  chunk 66 final batch loss = 0.552679
  chunk 67 final batch loss = 0.785336
  chunk 68 final batch loss = 0.233619
  chunk 69 final batch loss = 0.561062
  chunk 70 final batch loss = 0.095015
  chunk 71 final batch loss = 0.561761
  chunk 72 final batch loss = 0.634135
  chunk 73 final batch loss = 0.219334
  chunk 74 final batch loss = 0.428190
  chunk 75 final batch loss = 0.099197
  chunk 76 final batch loss = 0.077480
  chunk 77 final batch loss = 0.248185
  chunk 78 final batch loss = 0.773841
  chunk 79 final batch loss = 0.473651
Validation loss: 0.339400
Saved BEST checkpoint -> /workspace/train_17/checkpoints_17/mlp/best.pt
Saved checkpoint -> /workspace/train_17/checkpoints_17/mlp/epoch_94.pt
Epoch 95
  chunk 0 final batch loss = 0.753831
  chunk 1 final batch loss = 0.778103
  chunk 2 final batch loss = 0.252153
  chunk 3 final batch loss = 0.151206
  chunk 4 final batch loss = 0.698087
  chunk 5 final batch loss = 0.352020
  chunk 6 final batch loss = 0.090432
  chunk 7 final batch loss = 0.351876
  chunk 8 final batch loss = 0.190882
  chunk 9 final batch loss = 0.413978
  chunk 10 final batch loss = 0.263723
  chunk 11 final batch loss = 0.810233
  chunk 12 final batch loss = 0.639946
  chunk 13 final batch loss = 0.620419
  chunk 14 final batch loss = 0.248812
  chunk 15 final batch loss = 0.153798
  chunk 16 final batch loss = 0.131522
  chunk 17 final batch loss = 0.245689
  chunk 18 final batch loss = 0.578827
  chunk 19 final batch loss = 0.118849
  chunk 20 final batch loss = 0.754483
  chunk 21 final batch loss = 0.569912
  chunk 22 final batch loss = 0.699966
  chunk 23 final batch loss = 0.600814
  chunk 24 final batch loss = 0.707640
  chunk 25 final batch loss = 0.145585
  chunk 26 final batch loss = 0.748990
  chunk 27 final batch loss = 0.076343
  chunk 28 final batch loss = 0.096570
  chunk 29 final batch loss = 0.778151
  chunk 30 final batch loss = 0.137544
  chunk 31 final batch loss = 0.138377
  chunk 32 final batch loss = 0.664699
  chunk 33 final batch loss = 0.096860
  chunk 34 final batch loss = 0.237520
  chunk 35 final batch loss = 0.763836
  chunk 36 final batch loss = 0.529150
  chunk 37 final batch loss = 0.344393
  chunk 38 final batch loss = 0.086676
  chunk 39 final batch loss = 0.813152
  chunk 40 final batch loss = 0.148770
  chunk 41 final batch loss = 0.555070
  chunk 42 final batch loss = 0.121726
  chunk 43 final batch loss = 0.746400
  chunk 44 final batch loss = 0.209157
  chunk 45 final batch loss = 0.713586
  chunk 46 final batch loss = 0.089565
  chunk 47 final batch loss = 0.101134
  chunk 48 final batch loss = 0.160122
  chunk 49 final batch loss = 0.734328
  chunk 50 final batch loss = 0.529015
  chunk 51 final batch loss = 0.155806
  chunk 52 final batch loss = 0.080151
  chunk 53 final batch loss = 0.341540
  chunk 54 final batch loss = 0.184040
  chunk 55 final batch loss = 0.102628
  chunk 56 final batch loss = 0.641210
  chunk 57 final batch loss = 0.696606
  chunk 58 final batch loss = 0.584041
  chunk 59 final batch loss = 0.100280
  chunk 60 final batch loss = 0.552228
  chunk 61 final batch loss = 0.172547
  chunk 62 final batch loss = 0.147975
  chunk 63 final batch loss = 0.724068
  chunk 64 final batch loss = 0.736208
  chunk 65 final batch loss = 0.185846
  chunk 66 final batch loss = 0.504655
  chunk 67 final batch loss = 0.770835
  chunk 68 final batch loss = 0.285806
  chunk 69 final batch loss = 0.559966
  chunk 70 final batch loss = 0.098738
  chunk 71 final batch loss = 0.553775
  chunk 72 final batch loss = 0.648714
  chunk 73 final batch loss = 0.244377
  chunk 74 final batch loss = 0.441219
  chunk 75 final batch loss = 0.093460
  chunk 76 final batch loss = 0.063744
  chunk 77 final batch loss = 0.237996
  chunk 78 final batch loss = 0.718324
  chunk 79 final batch loss = 0.485921
Validation loss: 0.340780
No improvement for 1 epochs
Saved checkpoint -> /workspace/train_17/checkpoints_17/mlp/epoch_95.pt
Epoch 96
  chunk 0 final batch loss = 0.780850
  chunk 1 final batch loss = 0.771889
  chunk 2 final batch loss = 0.245980
  chunk 3 final batch loss = 0.152574
  chunk 4 final batch loss = 0.700291
  chunk 5 final batch loss = 0.408756
  chunk 6 final batch loss = 0.096027
  chunk 7 final batch loss = 0.245266
  chunk 8 final batch loss = 0.186795
  chunk 9 final batch loss = 0.492502
  chunk 10 final batch loss = 0.276366
  chunk 11 final batch loss = 0.807235
  chunk 12 final batch loss = 0.628892
  chunk 13 final batch loss = 0.626965
  chunk 14 final batch loss = 0.259099
  chunk 15 final batch loss = 0.131634
  chunk 16 final batch loss = 0.147747
  chunk 17 final batch loss = 0.232045
  chunk 18 final batch loss = 0.541232
  chunk 19 final batch loss = 0.115737
  chunk 20 final batch loss = 0.744869
  chunk 21 final batch loss = 0.527112
  chunk 22 final batch loss = 0.724911
  chunk 23 final batch loss = 0.525582
  chunk 24 final batch loss = 0.737055
  chunk 25 final batch loss = 0.151145
  chunk 26 final batch loss = 0.723567
  chunk 27 final batch loss = 0.062963
  chunk 28 final batch loss = 0.093265
  chunk 29 final batch loss = 0.759699
  chunk 30 final batch loss = 0.180772
  chunk 31 final batch loss = 0.141814
  chunk 32 final batch loss = 0.633629
  chunk 33 final batch loss = 0.103834
  chunk 34 final batch loss = 0.242838
  chunk 35 final batch loss = 0.763353
  chunk 36 final batch loss = 0.542960
  chunk 37 final batch loss = 0.420779
  chunk 38 final batch loss = 0.094312
  chunk 39 final batch loss = 0.817994
  chunk 40 final batch loss = 0.113059
  chunk 41 final batch loss = 0.588630
  chunk 42 final batch loss = 0.134282
  chunk 43 final batch loss = 0.761418
  chunk 44 final batch loss = 0.208836
  chunk 45 final batch loss = 0.696978
  chunk 46 final batch loss = 0.108386
  chunk 47 final batch loss = 0.105027
  chunk 48 final batch loss = 0.173524
  chunk 49 final batch loss = 0.760248
  chunk 50 final batch loss = 0.578493
  chunk 51 final batch loss = 0.158505
  chunk 52 final batch loss = 0.102308
  chunk 53 final batch loss = 0.363606
  chunk 54 final batch loss = 0.183654
  chunk 55 final batch loss = 0.132739
  chunk 56 final batch loss = 0.630093
  chunk 57 final batch loss = 0.682688
  chunk 58 final batch loss = 0.493912
  chunk 59 final batch loss = 0.108019
  chunk 60 final batch loss = 0.537769
  chunk 61 final batch loss = 0.170580
  chunk 62 final batch loss = 0.159438
  chunk 63 final batch loss = 0.711565
  chunk 64 final batch loss = 0.742918
  chunk 65 final batch loss = 0.210086
  chunk 66 final batch loss = 0.427864
  chunk 67 final batch loss = 0.793373
  chunk 68 final batch loss = 0.246183
  chunk 69 final batch loss = 0.500095
  chunk 70 final batch loss = 0.095312
  chunk 71 final batch loss = 0.475165
  chunk 72 final batch loss = 0.622665
  chunk 73 final batch loss = 0.244821
  chunk 74 final batch loss = 0.392249
  chunk 75 final batch loss = 0.088008
  chunk 76 final batch loss = 0.078080
  chunk 77 final batch loss = 0.267911
  chunk 78 final batch loss = 0.768941
  chunk 79 final batch loss = 0.438767
Validation loss: 0.344005
No improvement for 2 epochs
Saved checkpoint -> /workspace/train_17/checkpoints_17/mlp/epoch_96.pt
Epoch 97
  chunk 0 final batch loss = 0.779000
  chunk 1 final batch loss = 0.767090
  chunk 2 final batch loss = 0.242300
  chunk 3 final batch loss = 0.159020
  chunk 4 final batch loss = 0.691651
  chunk 5 final batch loss = 0.386680
  chunk 6 final batch loss = 0.086191
  chunk 7 final batch loss = 0.317294
  chunk 8 final batch loss = 0.210753
  chunk 9 final batch loss = 0.494120
  chunk 10 final batch loss = 0.287209
  chunk 11 final batch loss = 0.816780
  chunk 12 final batch loss = 0.685013
  chunk 13 final batch loss = 0.646763
  chunk 14 final batch loss = 0.239371
  chunk 15 final batch loss = 0.144304
  chunk 16 final batch loss = 0.137090
  chunk 17 final batch loss = 0.226428
  chunk 18 final batch loss = 0.514033
  chunk 19 final batch loss = 0.122502
  chunk 20 final batch loss = 0.734576
  chunk 21 final batch loss = 0.550598
  chunk 22 final batch loss = 0.730093
  chunk 23 final batch loss = 0.560818
  chunk 24 final batch loss = 0.750796
  chunk 25 final batch loss = 0.151612
  chunk 26 final batch loss = 0.739940
  chunk 27 final batch loss = 0.078504
  chunk 28 final batch loss = 0.094534
  chunk 29 final batch loss = 0.752958
  chunk 30 final batch loss = 0.151228
  chunk 31 final batch loss = 0.145278
  chunk 32 final batch loss = 0.661222
  chunk 33 final batch loss = 0.097663
  chunk 34 final batch loss = 0.270596
  chunk 35 final batch loss = 0.757427
  chunk 36 final batch loss = 0.530658
  chunk 37 final batch loss = 0.358276
  chunk 38 final batch loss = 0.087382
  chunk 39 final batch loss = 0.806455
  chunk 40 final batch loss = 0.127368
  chunk 41 final batch loss = 0.599422
  chunk 42 final batch loss = 0.131603
  chunk 43 final batch loss = 0.787023
  chunk 44 final batch loss = 0.207871
  chunk 45 final batch loss = 0.727764
  chunk 46 final batch loss = 0.105523
  chunk 47 final batch loss = 0.101974
  chunk 48 final batch loss = 0.136514
  chunk 49 final batch loss = 0.743755
  chunk 50 final batch loss = 0.524191
  chunk 51 final batch loss = 0.153413
  chunk 52 final batch loss = 0.097563
  chunk 53 final batch loss = 0.342688
  chunk 54 final batch loss = 0.181900
  chunk 55 final batch loss = 0.114000
  chunk 56 final batch loss = 0.648552
  chunk 57 final batch loss = 0.665360
  chunk 58 final batch loss = 0.581451
  chunk 59 final batch loss = 0.096857
  chunk 60 final batch loss = 0.491847
  chunk 61 final batch loss = 0.176848
  chunk 62 final batch loss = 0.143628
  chunk 63 final batch loss = 0.725268
  chunk 64 final batch loss = 0.745780
  chunk 65 final batch loss = 0.214192
  chunk 66 final batch loss = 0.517303
  chunk 67 final batch loss = 0.767202
  chunk 68 final batch loss = 0.243858
  chunk 69 final batch loss = 0.557534
  chunk 70 final batch loss = 0.091002
  chunk 71 final batch loss = 0.527110
  chunk 72 final batch loss = 0.661974
  chunk 73 final batch loss = 0.249504
  chunk 74 final batch loss = 0.347294
  chunk 75 final batch loss = 0.091240
  chunk 76 final batch loss = 0.072178
  chunk 77 final batch loss = 0.249587
  chunk 78 final batch loss = 0.655190
  chunk 79 final batch loss = 0.459931
Validation loss: 0.341771
No improvement for 3 epochs
Saved checkpoint -> /workspace/train_17/checkpoints_17/mlp/epoch_97.pt
Epoch 98
  chunk 0 final batch loss = 0.775027
  chunk 1 final batch loss = 0.767654
  chunk 2 final batch loss = 0.260831
  chunk 3 final batch loss = 0.146344
  chunk 4 final batch loss = 0.663697
  chunk 5 final batch loss = 0.326357
  chunk 6 final batch loss = 0.088565
  chunk 7 final batch loss = 0.309872
  chunk 8 final batch loss = 0.199836
  chunk 9 final batch loss = 0.478281
  chunk 10 final batch loss = 0.244638
  chunk 11 final batch loss = 0.808246
  chunk 12 final batch loss = 0.642879
  chunk 13 final batch loss = 0.644591
  chunk 14 final batch loss = 0.289928
  chunk 15 final batch loss = 0.133898
  chunk 16 final batch loss = 0.154610
  chunk 17 final batch loss = 0.262750
  chunk 18 final batch loss = 0.493521
  chunk 19 final batch loss = 0.111671
  chunk 20 final batch loss = 0.751468
  chunk 21 final batch loss = 0.560524
  chunk 22 final batch loss = 0.682963
  chunk 23 final batch loss = 0.607360
  chunk 24 final batch loss = 0.716040
  chunk 25 final batch loss = 0.135429
  chunk 26 final batch loss = 0.716124
  chunk 27 final batch loss = 0.064646
  chunk 28 final batch loss = 0.088956
  chunk 29 final batch loss = 0.766082
  chunk 30 final batch loss = 0.150483
  chunk 31 final batch loss = 0.152338
  chunk 32 final batch loss = 0.627119
  chunk 33 final batch loss = 0.107050
  chunk 34 final batch loss = 0.228418
  chunk 35 final batch loss = 0.793581
  chunk 36 final batch loss = 0.524333
  chunk 37 final batch loss = 0.389709
  chunk 38 final batch loss = 0.093029
  chunk 39 final batch loss = 0.814523
  chunk 40 final batch loss = 0.123844
  chunk 41 final batch loss = 0.525855
  chunk 42 final batch loss = 0.109967
  chunk 43 final batch loss = 0.774137
  chunk 44 final batch loss = 0.187464
  chunk 45 final batch loss = 0.717255
  chunk 46 final batch loss = 0.093658
  chunk 47 final batch loss = 0.107222
  chunk 48 final batch loss = 0.152301
  chunk 49 final batch loss = 0.731435
  chunk 50 final batch loss = 0.571548
  chunk 51 final batch loss = 0.132826
  chunk 52 final batch loss = 0.094429
  chunk 53 final batch loss = 0.376230
  chunk 54 final batch loss = 0.220070
  chunk 55 final batch loss = 0.110803
  chunk 56 final batch loss = 0.647184
  chunk 57 final batch loss = 0.713709
  chunk 58 final batch loss = 0.506364
  chunk 59 final batch loss = 0.097465
  chunk 60 final batch loss = 0.510264
  chunk 61 final batch loss = 0.142012
  chunk 62 final batch loss = 0.147539
  chunk 63 final batch loss = 0.721378
  chunk 64 final batch loss = 0.744478
  chunk 65 final batch loss = 0.195661
  chunk 66 final batch loss = 0.505885
  chunk 67 final batch loss = 0.753651
  chunk 68 final batch loss = 0.255344
  chunk 69 final batch loss = 0.572942
  chunk 70 final batch loss = 0.081387
  chunk 71 final batch loss = 0.508010
  chunk 72 final batch loss = 0.668759
  chunk 73 final batch loss = 0.238945
  chunk 74 final batch loss = 0.401167
  chunk 75 final batch loss = 0.095454
  chunk 76 final batch loss = 0.082253
  chunk 77 final batch loss = 0.280378
  chunk 78 final batch loss = 0.682531
  chunk 79 final batch loss = 0.537557
Validation loss: 0.340145
No improvement for 4 epochs
Saved checkpoint -> /workspace/train_17/checkpoints_17/mlp/epoch_98.pt
Epoch 99
  chunk 0 final batch loss = 0.759985
  chunk 1 final batch loss = 0.770485
  chunk 2 final batch loss = 0.269516
  chunk 3 final batch loss = 0.128285
  chunk 4 final batch loss = 0.735630
  chunk 5 final batch loss = 0.359921
  chunk 6 final batch loss = 0.085086
  chunk 7 final batch loss = 0.288337
  chunk 8 final batch loss = 0.187924
  chunk 9 final batch loss = 0.487365
  chunk 10 final batch loss = 0.313079
  chunk 11 final batch loss = 0.795912
  chunk 12 final batch loss = 0.626605
  chunk 13 final batch loss = 0.635836
  chunk 14 final batch loss = 0.263415
  chunk 15 final batch loss = 0.149885
  chunk 16 final batch loss = 0.152004
  chunk 17 final batch loss = 0.285463
  chunk 18 final batch loss = 0.503152
  chunk 19 final batch loss = 0.113110
  chunk 20 final batch loss = 0.759368
  chunk 21 final batch loss = 0.545017
  chunk 22 final batch loss = 0.754489
  chunk 23 final batch loss = 0.555108
  chunk 24 final batch loss = 0.750648
  chunk 25 final batch loss = 0.142594
  chunk 26 final batch loss = 0.748772
  chunk 27 final batch loss = 0.071265
  chunk 28 final batch loss = 0.096242
  chunk 29 final batch loss = 0.764417
  chunk 30 final batch loss = 0.161267
  chunk 31 final batch loss = 0.134334
  chunk 32 final batch loss = 0.620523
  chunk 33 final batch loss = 0.085026
  chunk 34 final batch loss = 0.235321
  chunk 35 final batch loss = 0.760930
  chunk 36 final batch loss = 0.529397
  chunk 37 final batch loss = 0.389318
  chunk 38 final batch loss = 0.087315
  chunk 39 final batch loss = 0.797805
  chunk 40 final batch loss = 0.105565
  chunk 41 final batch loss = 0.602473
  chunk 42 final batch loss = 0.126403
  chunk 43 final batch loss = 0.796073
  chunk 44 final batch loss = 0.207368
  chunk 45 final batch loss = 0.701616
  chunk 46 final batch loss = 0.099638
  chunk 47 final batch loss = 0.095177
  chunk 48 final batch loss = 0.150638
  chunk 49 final batch loss = 0.765168
  chunk 50 final batch loss = 0.557745
  chunk 51 final batch loss = 0.130258
  chunk 52 final batch loss = 0.095897
  chunk 53 final batch loss = 0.337423
  chunk 54 final batch loss = 0.192523
  chunk 55 final batch loss = 0.110278
  chunk 56 final batch loss = 0.627193
  chunk 57 final batch loss = 0.678965
  chunk 58 final batch loss = 0.487224
  chunk 59 final batch loss = 0.094200
  chunk 60 final batch loss = 0.538467
  chunk 61 final batch loss = 0.161166
  chunk 62 final batch loss = 0.160923
  chunk 63 final batch loss = 0.704121
  chunk 64 final batch loss = 0.712180
  chunk 65 final batch loss = 0.199999
  chunk 66 final batch loss = 0.545042
  chunk 67 final batch loss = 0.779297
  chunk 68 final batch loss = 0.227694
  chunk 69 final batch loss = 0.467342
  chunk 70 final batch loss = 0.093904
  chunk 71 final batch loss = 0.522985
  chunk 72 final batch loss = 0.660229
  chunk 73 final batch loss = 0.237875
  chunk 74 final batch loss = 0.401582
  chunk 75 final batch loss = 0.087777
  chunk 76 final batch loss = 0.081899
  chunk 77 final batch loss = 0.270062
  chunk 78 final batch loss = 0.651695
  chunk 79 final batch loss = 0.465774
Validation loss: 0.338717
Saved BEST checkpoint -> /workspace/train_17/checkpoints_17/mlp/best.pt
Saved checkpoint -> /workspace/train_17/checkpoints_17/mlp/epoch_99.pt
Epoch 100
  chunk 0 final batch loss = 0.759771
  chunk 1 final batch loss = 0.779338
  chunk 2 final batch loss = 0.252456
  chunk 3 final batch loss = 0.175184
  chunk 4 final batch loss = 0.685378
  chunk 5 final batch loss = 0.356570
  chunk 6 final batch loss = 0.095585
  chunk 7 final batch loss = 0.278063
  chunk 8 final batch loss = 0.236985
  chunk 9 final batch loss = 0.458501
  chunk 10 final batch loss = 0.275420
  chunk 11 final batch loss = 0.794585
  chunk 12 final batch loss = 0.627216
  chunk 13 final batch loss = 0.587821
  chunk 14 final batch loss = 0.264089
  chunk 15 final batch loss = 0.131603
  chunk 16 final batch loss = 0.151849
  chunk 17 final batch loss = 0.235057
  chunk 18 final batch loss = 0.585453
  chunk 19 final batch loss = 0.120175
  chunk 20 final batch loss = 0.775330
  chunk 21 final batch loss = 0.531586
  chunk 22 final batch loss = 0.707524
  chunk 23 final batch loss = 0.518778
  chunk 24 final batch loss = 0.735411
  chunk 25 final batch loss = 0.133672
  chunk 26 final batch loss = 0.746159
  chunk 27 final batch loss = 0.075773
  chunk 28 final batch loss = 0.104629
  chunk 29 final batch loss = 0.748914
  chunk 30 final batch loss = 0.161028
  chunk 31 final batch loss = 0.120006
  chunk 32 final batch loss = 0.667696
  chunk 33 final batch loss = 0.097831
  chunk 34 final batch loss = 0.264185
  chunk 35 final batch loss = 0.785626
  chunk 36 final batch loss = 0.596244
  chunk 37 final batch loss = 0.351343
  chunk 38 final batch loss = 0.096193
  chunk 39 final batch loss = 0.803970
  chunk 40 final batch loss = 0.121743
  chunk 41 final batch loss = 0.540236
  chunk 42 final batch loss = 0.124190
  chunk 43 final batch loss = 0.766299
  chunk 44 final batch loss = 0.203828
  chunk 45 final batch loss = 0.684544
  chunk 46 final batch loss = 0.092487
  chunk 47 final batch loss = 0.096248
  chunk 48 final batch loss = 0.144136
  chunk 49 final batch loss = 0.725615
  chunk 50 final batch loss = 0.445675
  chunk 51 final batch loss = 0.149895
  chunk 52 final batch loss = 0.101385
  chunk 53 final batch loss = 0.414494
  chunk 54 final batch loss = 0.172761
  chunk 55 final batch loss = 0.128050
  chunk 56 final batch loss = 0.620787
  chunk 57 final batch loss = 0.726448
  chunk 58 final batch loss = 0.570631
  chunk 59 final batch loss = 0.099677
  chunk 60 final batch loss = 0.558877
  chunk 61 final batch loss = 0.176530
  chunk 62 final batch loss = 0.167750
  chunk 63 final batch loss = 0.732002
  chunk 64 final batch loss = 0.758952
  chunk 65 final batch loss = 0.197171
  chunk 66 final batch loss = 0.525977
  chunk 67 final batch loss = 0.764117
  chunk 68 final batch loss = 0.225734
  chunk 69 final batch loss = 0.523497
  chunk 70 final batch loss = 0.094137
  chunk 71 final batch loss = 0.592596
  chunk 72 final batch loss = 0.636607
  chunk 73 final batch loss = 0.285959
  chunk 74 final batch loss = 0.396236
  chunk 75 final batch loss = 0.094942
  chunk 76 final batch loss = 0.066990
  chunk 77 final batch loss = 0.291487
  chunk 78 final batch loss = 0.738160
  chunk 79 final batch loss = 0.497522
Validation loss: 0.339455
No improvement for 1 epochs
Saved checkpoint -> /workspace/train_17/checkpoints_17/mlp/epoch_100.pt

============================================================
Training transformer (v17 - Frobenius normalized)
Architecture: transformer | Loss: frob
Parameters: 1,092,960
Batch size: 8 | LR: 0.0003 | Weight decay: 1e-05
Early stopping patience: 15
============================================================

Epoch 1
  chunk 0 final batch loss = 0.823337
  chunk 1 final batch loss = 0.823154
  chunk 2 final batch loss = 0.809671
  chunk 3 final batch loss = 0.714655
  chunk 4 final batch loss = 0.819352
  chunk 5 final batch loss = 0.769925
  chunk 6 final batch loss = 0.635931
  chunk 7 final batch loss = 0.747317
  chunk 8 final batch loss = 0.695932
  chunk 9 final batch loss = 0.818582
  chunk 10 final batch loss = 0.779265
  chunk 11 final batch loss = 0.832963
  chunk 12 final batch loss = 0.823041
  chunk 13 final batch loss = 0.820436
  chunk 14 final batch loss = 0.778646
  chunk 15 final batch loss = 0.708509
  chunk 16 final batch loss = 0.732351
  chunk 17 final batch loss = 0.781370
  chunk 18 final batch loss = 0.815636
  chunk 19 final batch loss = 0.689170
  chunk 20 final batch loss = 0.831973
  chunk 21 final batch loss = 0.814562
  chunk 22 final batch loss = 0.811776
  chunk 23 final batch loss = 0.778117
  chunk 24 final batch loss = 0.821778
  chunk 25 final batch loss = 0.712361
  chunk 26 final batch loss = 0.821748
  chunk 27 final batch loss = 0.641098
  chunk 28 final batch loss = 0.658278
  chunk 29 final batch loss = 0.825037
  chunk 30 final batch loss = 0.720094
  chunk 31 final batch loss = 0.629014
  chunk 32 final batch loss = 0.806414
  chunk 33 final batch loss = 0.671420
  chunk 34 final batch loss = 0.661220
  chunk 35 final batch loss = 0.822605
  chunk 36 final batch loss = 0.756753
  chunk 37 final batch loss = 0.713933
  chunk 38 final batch loss = 0.636366
  chunk 39 final batch loss = 0.814211
  chunk 40 final batch loss = 0.668826
  chunk 41 final batch loss = 0.792500
  chunk 42 final batch loss = 0.631978
  chunk 43 final batch loss = 0.817763
  chunk 44 final batch loss = 0.658651
  chunk 45 final batch loss = 0.823166
  chunk 46 final batch loss = 0.623236
  chunk 47 final batch loss = 0.660756
  chunk 48 final batch loss = 0.647302
  chunk 49 final batch loss = 0.816514
  chunk 50 final batch loss = 0.788927
  chunk 51 final batch loss = 0.630508
  chunk 52 final batch loss = 0.663696
  chunk 53 final batch loss = 0.780014
  chunk 54 final batch loss = 0.663957
  chunk 55 final batch loss = 0.664958
  chunk 56 final batch loss = 0.806232
  chunk 57 final batch loss = 0.820123
  chunk 58 final batch loss = 0.741900
  chunk 59 final batch loss = 0.625498
  chunk 60 final batch loss = 0.790758
  chunk 61 final batch loss = 0.648768
  chunk 62 final batch loss = 0.651538
  chunk 63 final batch loss = 0.813262
  chunk 64 final batch loss = 0.797317
  chunk 65 final batch loss = 0.668537
  chunk 66 final batch loss = 0.811750
  chunk 67 final batch loss = 0.819638
  chunk 68 final batch loss = 0.675797
  chunk 69 final batch loss = 0.731846
  chunk 70 final batch loss = 0.604126
  chunk 71 final batch loss = 0.814769
  chunk 72 final batch loss = 0.782734
  chunk 73 final batch loss = 0.692141
  chunk 74 final batch loss = 0.753287
  chunk 75 final batch loss = 0.622244
  chunk 76 final batch loss = 0.611081
  chunk 77 final batch loss = 0.660757
  chunk 78 final batch loss = 0.811175
  chunk 79 final batch loss = 0.800934
Validation loss: 0.729050
Saved BEST checkpoint -> /workspace/train_17/checkpoints_17/transformer/best.pt
Saved checkpoint -> /workspace/train_17/checkpoints_17/transformer/epoch_1.pt
Epoch 2
  chunk 0 final batch loss = 0.817952
  chunk 1 final batch loss = 0.809812
  chunk 2 final batch loss = 0.718649
  chunk 3 final batch loss = 0.596566
  chunk 4 final batch loss = 0.817349
  chunk 5 final batch loss = 0.738338
  chunk 6 final batch loss = 0.637566
  chunk 7 final batch loss = 0.687539
  chunk 8 final batch loss = 0.672781
  chunk 9 final batch loss = 0.734160
  chunk 10 final batch loss = 0.720558
  chunk 11 final batch loss = 0.834911
  chunk 12 final batch loss = 0.807853
  chunk 13 final batch loss = 0.802506
  chunk 14 final batch loss = 0.658973
  chunk 15 final batch loss = 0.629870
  chunk 16 final batch loss = 0.627174
  chunk 17 final batch loss = 0.709905
  chunk 18 final batch loss = 0.768697
  chunk 19 final batch loss = 0.557679
  chunk 20 final batch loss = 0.795524
  chunk 21 final batch loss = 0.745023
  chunk 22 final batch loss = 0.820387
  chunk 23 final batch loss = 0.764799
  chunk 24 final batch loss = 0.767843
  chunk 25 final batch loss = 0.629239
  chunk 26 final batch loss = 0.794335
  chunk 27 final batch loss = 0.549481
  chunk 28 final batch loss = 0.623491
  chunk 29 final batch loss = 0.824591
  chunk 30 final batch loss = 0.643150
  chunk 31 final batch loss = 0.566727
  chunk 32 final batch loss = 0.795692
  chunk 33 final batch loss = 0.553758
  chunk 34 final batch loss = 0.733432
  chunk 35 final batch loss = 0.812122
  chunk 36 final batch loss = 0.763934
  chunk 37 final batch loss = 0.738271
  chunk 38 final batch loss = 0.626911
  chunk 39 final batch loss = 0.824147
  chunk 40 final batch loss = 0.556184
  chunk 41 final batch loss = 0.729633
  chunk 42 final batch loss = 0.549964
  chunk 43 final batch loss = 0.809568
  chunk 44 final batch loss = 0.602122
  chunk 45 final batch loss = 0.826165
  chunk 46 final batch loss = 0.480230
  chunk 47 final batch loss = 0.607415
  chunk 48 final batch loss = 0.606643
  chunk 49 final batch loss = 0.806914
  chunk 50 final batch loss = 0.718136
  chunk 51 final batch loss = 0.599596
  chunk 52 final batch loss = 0.586498
  chunk 53 final batch loss = 0.736289
  chunk 54 final batch loss = 0.593557
  chunk 55 final batch loss = 0.542950
  chunk 56 final batch loss = 0.790800
  chunk 57 final batch loss = 0.819381
  chunk 58 final batch loss = 0.738497
  chunk 59 final batch loss = 0.533478
  chunk 60 final batch loss = 0.755577
  chunk 61 final batch loss = 0.529938
  chunk 62 final batch loss = 0.563257
  chunk 63 final batch loss = 0.813392
  chunk 64 final batch loss = 0.801257
  chunk 65 final batch loss = 0.619734
  chunk 66 final batch loss = 0.755688
  chunk 67 final batch loss = 0.808328
  chunk 68 final batch loss = 0.633949
  chunk 69 final batch loss = 0.761520
  chunk 70 final batch loss = 0.401954
  chunk 71 final batch loss = 0.732084
  chunk 72 final batch loss = 0.783588
  chunk 73 final batch loss = 0.644823
  chunk 74 final batch loss = 0.681495
  chunk 75 final batch loss = 0.520309
  chunk 76 final batch loss = 0.425778
  chunk 77 final batch loss = 0.531069
  chunk 78 final batch loss = 0.821887
  chunk 79 final batch loss = 0.735623
Validation loss: 0.655150
Saved BEST checkpoint -> /workspace/train_17/checkpoints_17/transformer/best.pt
Saved checkpoint -> /workspace/train_17/checkpoints_17/transformer/epoch_2.pt
Epoch 3
  chunk 0 final batch loss = 0.823546
  chunk 1 final batch loss = 0.825107
  chunk 2 final batch loss = 0.715031
  chunk 3 final batch loss = 0.504578
  chunk 4 final batch loss = 0.821228
  chunk 5 final batch loss = 0.739323
  chunk 6 final batch loss = 0.473222
  chunk 7 final batch loss = 0.655337
  chunk 8 final batch loss = 0.510108
  chunk 9 final batch loss = 0.740177
  chunk 10 final batch loss = 0.554934
  chunk 11 final batch loss = 0.834941
  chunk 12 final batch loss = 0.793245
  chunk 13 final batch loss = 0.772159
  chunk 14 final batch loss = 0.609472
  chunk 15 final batch loss = 0.554815
  chunk 16 final batch loss = 0.523470
  chunk 17 final batch loss = 0.628442
  chunk 18 final batch loss = 0.745029
  chunk 19 final batch loss = 0.451318
  chunk 20 final batch loss = 0.820198
  chunk 21 final batch loss = 0.773451
  chunk 22 final batch loss = 0.819421
  chunk 23 final batch loss = 0.748662
  chunk 24 final batch loss = 0.810079
  chunk 25 final batch loss = 0.486681
  chunk 26 final batch loss = 0.799912
  chunk 27 final batch loss = 0.353158
  chunk 28 final batch loss = 0.390478
  chunk 29 final batch loss = 0.812703
  chunk 30 final batch loss = 0.480201
  chunk 31 final batch loss = 0.499371
  chunk 32 final batch loss = 0.786901
  chunk 33 final batch loss = 0.478902
  chunk 34 final batch loss = 0.572860
  chunk 35 final batch loss = 0.818103
  chunk 36 final batch loss = 0.745045
  chunk 37 final batch loss = 0.665386
  chunk 38 final batch loss = 0.368685
  chunk 39 final batch loss = 0.817632
  chunk 40 final batch loss = 0.434906
  chunk 41 final batch loss = 0.743918
  chunk 42 final batch loss = 0.408427
  chunk 43 final batch loss = 0.825230
  chunk 44 final batch loss = 0.546925
  chunk 45 final batch loss = 0.795425
  chunk 46 final batch loss = 0.453815
  chunk 47 final batch loss = 0.399951
  chunk 48 final batch loss = 0.477297
  chunk 49 final batch loss = 0.793519
  chunk 50 final batch loss = 0.721760
  chunk 51 final batch loss = 0.518658
  chunk 52 final batch loss = 0.397536
  chunk 53 final batch loss = 0.659146
  chunk 54 final batch loss = 0.453449
  chunk 55 final batch loss = 0.517697
  chunk 56 final batch loss = 0.735513
  chunk 57 final batch loss = 0.809270
  chunk 58 final batch loss = 0.770058
  chunk 59 final batch loss = 0.490027
  chunk 60 final batch loss = 0.764774
  chunk 61 final batch loss = 0.402817
  chunk 62 final batch loss = 0.481329
  chunk 63 final batch loss = 0.823277
  chunk 64 final batch loss = 0.786818
  chunk 65 final batch loss = 0.538268
  chunk 66 final batch loss = 0.762261
  chunk 67 final batch loss = 0.799442
  chunk 68 final batch loss = 0.558942
  chunk 69 final batch loss = 0.675315
  chunk 70 final batch loss = 0.320864
  chunk 71 final batch loss = 0.722584
  chunk 72 final batch loss = 0.750802
  chunk 73 final batch loss = 0.526964
  chunk 74 final batch loss = 0.692633
  chunk 75 final batch loss = 0.393832
  chunk 76 final batch loss = 0.402803
  chunk 77 final batch loss = 0.530574
  chunk 78 final batch loss = 0.776856
  chunk 79 final batch loss = 0.721718
Validation loss: 0.598483
Saved BEST checkpoint -> /workspace/train_17/checkpoints_17/transformer/best.pt
Saved checkpoint -> /workspace/train_17/checkpoints_17/transformer/epoch_3.pt
Epoch 4
  chunk 0 final batch loss = 0.773017
  chunk 1 final batch loss = 0.820492
  chunk 2 final batch loss = 0.518050
  chunk 3 final batch loss = 0.477439
  chunk 4 final batch loss = 0.779808
  chunk 5 final batch loss = 0.648499
  chunk 6 final batch loss = 0.307012
  chunk 7 final batch loss = 0.690926
  chunk 8 final batch loss = 0.456768
  chunk 9 final batch loss = 0.720960
  chunk 10 final batch loss = 0.687263
  chunk 11 final batch loss = 0.822464
  chunk 12 final batch loss = 0.776481
  chunk 13 final batch loss = 0.773305
  chunk 14 final batch loss = 0.485045
  chunk 15 final batch loss = 0.398925
  chunk 16 final batch loss = 0.464070
  chunk 17 final batch loss = 0.608016
  chunk 18 final batch loss = 0.671762
  chunk 19 final batch loss = 0.464762
  chunk 20 final batch loss = 0.823922
  chunk 21 final batch loss = 0.763343
  chunk 22 final batch loss = 0.824020
  chunk 23 final batch loss = 0.782600
  chunk 24 final batch loss = 0.807209
  chunk 25 final batch loss = 0.476205
  chunk 26 final batch loss = 0.777402
  chunk 27 final batch loss = 0.274200
  chunk 28 final batch loss = 0.381635
  chunk 29 final batch loss = 0.804141
  chunk 30 final batch loss = 0.494651
  chunk 31 final batch loss = 0.471029
  chunk 32 final batch loss = 0.739680
  chunk 33 final batch loss = 0.425148
  chunk 34 final batch loss = 0.596707
  chunk 35 final batch loss = 0.823997
  chunk 36 final batch loss = 0.776607
  chunk 37 final batch loss = 0.605951
  chunk 38 final batch loss = 0.425856
  chunk 39 final batch loss = 0.827010
  chunk 40 final batch loss = 0.412158
  chunk 41 final batch loss = 0.696518
  chunk 42 final batch loss = 0.390818
  chunk 43 final batch loss = 0.808615
  chunk 44 final batch loss = 0.469905
  chunk 45 final batch loss = 0.814844
  chunk 46 final batch loss = 0.409840
  chunk 47 final batch loss = 0.440282
  chunk 48 final batch loss = 0.396655
  chunk 49 final batch loss = 0.805038
  chunk 50 final batch loss = 0.769007
  chunk 51 final batch loss = 0.443832
  chunk 52 final batch loss = 0.407727
  chunk 53 final batch loss = 0.638178
  chunk 54 final batch loss = 0.452339
  chunk 55 final batch loss = 0.313374
  chunk 56 final batch loss = 0.758915
  chunk 57 final batch loss = 0.803279
  chunk 58 final batch loss = 0.701679
  chunk 59 final batch loss = 0.335805
  chunk 60 final batch loss = 0.670098
  chunk 61 final batch loss = 0.393358
  chunk 62 final batch loss = 0.373669
  chunk 63 final batch loss = 0.818251
  chunk 64 final batch loss = 0.825713
  chunk 65 final batch loss = 0.441439
  chunk 66 final batch loss = 0.734363
  chunk 67 final batch loss = 0.795385
  chunk 68 final batch loss = 0.540543
  chunk 69 final batch loss = 0.730941
  chunk 70 final batch loss = 0.350691
  chunk 71 final batch loss = 0.776143
  chunk 72 final batch loss = 0.768102
  chunk 73 final batch loss = 0.561500
  chunk 74 final batch loss = 0.681500
  chunk 75 final batch loss = 0.331694
  chunk 76 final batch loss = 0.241626
  chunk 77 final batch loss = 0.457494
  chunk 78 final batch loss = 0.816201
  chunk 79 final batch loss = 0.663100
Validation loss: 0.561811
Saved BEST checkpoint -> /workspace/train_17/checkpoints_17/transformer/best.pt
Saved checkpoint -> /workspace/train_17/checkpoints_17/transformer/epoch_4.pt
Epoch 5
  chunk 0 final batch loss = 0.787476
  chunk 1 final batch loss = 0.821380
  chunk 2 final batch loss = 0.565351
  chunk 3 final batch loss = 0.342279
  chunk 4 final batch loss = 0.772849
  chunk 5 final batch loss = 0.617698
  chunk 6 final batch loss = 0.317499
  chunk 7 final batch loss = 0.553246
  chunk 8 final batch loss = 0.472755
  chunk 9 final batch loss = 0.694687
  chunk 10 final batch loss = 0.667514
  chunk 11 final batch loss = 0.823113
  chunk 12 final batch loss = 0.730411
  chunk 13 final batch loss = 0.790318
  chunk 14 final batch loss = 0.563233
  chunk 15 final batch loss = 0.445673
  chunk 16 final batch loss = 0.347701
  chunk 17 final batch loss = 0.574092
  chunk 18 final batch loss = 0.677313
  chunk 19 final batch loss = 0.284578
  chunk 20 final batch loss = 0.806944
  chunk 21 final batch loss = 0.684738
  chunk 22 final batch loss = 0.797337
  chunk 23 final batch loss = 0.668979
  chunk 24 final batch loss = 0.780577
  chunk 25 final batch loss = 0.357555
  chunk 26 final batch loss = 0.792007
  chunk 27 final batch loss = 0.274744
  chunk 28 final batch loss = 0.295288
  chunk 29 final batch loss = 0.787220
  chunk 30 final batch loss = 0.315914
  chunk 31 final batch loss = 0.394587
  chunk 32 final batch loss = 0.770404
  chunk 33 final batch loss = 0.224096
  chunk 34 final batch loss = 0.440433
  chunk 35 final batch loss = 0.817684
  chunk 36 final batch loss = 0.744132
  chunk 37 final batch loss = 0.555551
  chunk 38 final batch loss = 0.287308
  chunk 39 final batch loss = 0.828637
  chunk 40 final batch loss = 0.293923
  chunk 41 final batch loss = 0.687437
  chunk 42 final batch loss = 0.411529
  chunk 43 final batch loss = 0.823286
  chunk 44 final batch loss = 0.374122
  chunk 45 final batch loss = 0.812299
  chunk 46 final batch loss = 0.436155
  chunk 47 final batch loss = 0.369789
  chunk 48 final batch loss = 0.414942
  chunk 49 final batch loss = 0.780020
  chunk 50 final batch loss = 0.744519
  chunk 51 final batch loss = 0.381619
  chunk 52 final batch loss = 0.285244
  chunk 53 final batch loss = 0.648087
  chunk 54 final batch loss = 0.312111
  chunk 55 final batch loss = 0.282704
  chunk 56 final batch loss = 0.757976
  chunk 57 final batch loss = 0.793644
  chunk 58 final batch loss = 0.753843
  chunk 59 final batch loss = 0.270529
  chunk 60 final batch loss = 0.708907
  chunk 61 final batch loss = 0.427547
  chunk 62 final batch loss = 0.421162
  chunk 63 final batch loss = 0.784724
  chunk 64 final batch loss = 0.770118
  chunk 65 final batch loss = 0.499869
  chunk 66 final batch loss = 0.684927
  chunk 67 final batch loss = 0.809509
  chunk 68 final batch loss = 0.619007
  chunk 69 final batch loss = 0.766714
  chunk 70 final batch loss = 0.244740
  chunk 71 final batch loss = 0.727051
  chunk 72 final batch loss = 0.782664
  chunk 73 final batch loss = 0.627597
  chunk 74 final batch loss = 0.651487
  chunk 75 final batch loss = 0.215170
  chunk 76 final batch loss = 0.198071
  chunk 77 final batch loss = 0.557114
  chunk 78 final batch loss = 0.804984
  chunk 79 final batch loss = 0.707261
Validation loss: 0.529569
Saved BEST checkpoint -> /workspace/train_17/checkpoints_17/transformer/best.pt
Saved checkpoint -> /workspace/train_17/checkpoints_17/transformer/epoch_5.pt
Epoch 6
  chunk 0 final batch loss = 0.787546
  chunk 1 final batch loss = 0.773275
  chunk 2 final batch loss = 0.607429
  chunk 3 final batch loss = 0.390698
  chunk 4 final batch loss = 0.807131
  chunk 5 final batch loss = 0.580435
  chunk 6 final batch loss = 0.292363
  chunk 7 final batch loss = 0.439369
  chunk 8 final batch loss = 0.434214
  chunk 9 final batch loss = 0.672482
  chunk 10 final batch loss = 0.510504
  chunk 11 final batch loss = 0.811597
  chunk 12 final batch loss = 0.796228
  chunk 13 final batch loss = 0.737280
  chunk 14 final batch loss = 0.452061
  chunk 15 final batch loss = 0.426500
  chunk 16 final batch loss = 0.372707
  chunk 17 final batch loss = 0.593525
  chunk 18 final batch loss = 0.681958
  chunk 19 final batch loss = 0.323627
  chunk 20 final batch loss = 0.783215
  chunk 21 final batch loss = 0.698119
  chunk 22 final batch loss = 0.805642
  chunk 23 final batch loss = 0.733112
  chunk 24 final batch loss = 0.821698
  chunk 25 final batch loss = 0.420652
  chunk 26 final batch loss = 0.759327
  chunk 27 final batch loss = 0.240652
  chunk 28 final batch loss = 0.388958
  chunk 29 final batch loss = 0.796202
  chunk 30 final batch loss = 0.289720
  chunk 31 final batch loss = 0.438187
  chunk 32 final batch loss = 0.773789
  chunk 33 final batch loss = 0.231790
  chunk 34 final batch loss = 0.552602
  chunk 35 final batch loss = 0.812434
  chunk 36 final batch loss = 0.709121
  chunk 37 final batch loss = 0.538197
  chunk 38 final batch loss = 0.332830
  chunk 39 final batch loss = 0.824381
  chunk 40 final batch loss = 0.325050
  chunk 41 final batch loss = 0.555177
  chunk 42 final batch loss = 0.332244
  chunk 43 final batch loss = 0.821450
  chunk 44 final batch loss = 0.414566
  chunk 45 final batch loss = 0.807144
  chunk 46 final batch loss = 0.246600
  chunk 47 final batch loss = 0.317988
  chunk 48 final batch loss = 0.370672
  chunk 49 final batch loss = 0.760983
  chunk 50 final batch loss = 0.727751
  chunk 51 final batch loss = 0.326306
  chunk 52 final batch loss = 0.298084
  chunk 53 final batch loss = 0.560532
  chunk 54 final batch loss = 0.347536
  chunk 55 final batch loss = 0.364420
  chunk 56 final batch loss = 0.740524
  chunk 57 final batch loss = 0.754956
  chunk 58 final batch loss = 0.647483
  chunk 59 final batch loss = 0.277691
  chunk 60 final batch loss = 0.716472
  chunk 61 final batch loss = 0.329162
  chunk 62 final batch loss = 0.357705
  chunk 63 final batch loss = 0.794658
  chunk 64 final batch loss = 0.803357
  chunk 65 final batch loss = 0.313880
  chunk 66 final batch loss = 0.696776
  chunk 67 final batch loss = 0.800699
  chunk 68 final batch loss = 0.583600
  chunk 69 final batch loss = 0.644513
  chunk 70 final batch loss = 0.296674
  chunk 71 final batch loss = 0.740819
  chunk 72 final batch loss = 0.712784
  chunk 73 final batch loss = 0.522612
  chunk 74 final batch loss = 0.592769
  chunk 75 final batch loss = 0.271796
  chunk 76 final batch loss = 0.234110
  chunk 77 final batch loss = 0.414788
  chunk 78 final batch loss = 0.795236
  chunk 79 final batch loss = 0.710868
Validation loss: 0.514153
Saved BEST checkpoint -> /workspace/train_17/checkpoints_17/transformer/best.pt
Saved checkpoint -> /workspace/train_17/checkpoints_17/transformer/epoch_6.pt
Epoch 7
  chunk 0 final batch loss = 0.793238
  chunk 1 final batch loss = 0.802062
  chunk 2 final batch loss = 0.529154
  chunk 3 final batch loss = 0.391182
  chunk 4 final batch loss = 0.766587
  chunk 5 final batch loss = 0.651358
  chunk 6 final batch loss = 0.333047
  chunk 7 final batch loss = 0.497500
  chunk 8 final batch loss = 0.562575
  chunk 9 final batch loss = 0.675232
  chunk 10 final batch loss = 0.477641
  chunk 11 final batch loss = 0.822757
  chunk 12 final batch loss = 0.666679
  chunk 13 final batch loss = 0.738494
  chunk 14 final batch loss = 0.522874
  chunk 15 final batch loss = 0.333185
  chunk 16 final batch loss = 0.407604
  chunk 17 final batch loss = 0.439200
  chunk 18 final batch loss = 0.687244
  chunk 19 final batch loss = 0.327775
  chunk 20 final batch loss = 0.822418
  chunk 21 final batch loss = 0.685053
  chunk 22 final batch loss = 0.813923
  chunk 23 final batch loss = 0.742856
  chunk 24 final batch loss = 0.762055
  chunk 25 final batch loss = 0.359398
  chunk 26 final batch loss = 0.786930
  chunk 27 final batch loss = 0.168710
  chunk 28 final batch loss = 0.229702
  chunk 29 final batch loss = 0.836390
  chunk 30 final batch loss = 0.377544
  chunk 31 final batch loss = 0.358870
  chunk 32 final batch loss = 0.778272
  chunk 33 final batch loss = 0.330080
  chunk 34 final batch loss = 0.600968
  chunk 35 final batch loss = 0.804249
  chunk 36 final batch loss = 0.686687
  chunk 37 final batch loss = 0.621750
  chunk 38 final batch loss = 0.299498
  chunk 39 final batch loss = 0.831918
  chunk 40 final batch loss = 0.300172
  chunk 41 final batch loss = 0.644972
  chunk 42 final batch loss = 0.248646
  chunk 43 final batch loss = 0.813708
  chunk 44 final batch loss = 0.394100
  chunk 45 final batch loss = 0.785318
  chunk 46 final batch loss = 0.249347
  chunk 47 final batch loss = 0.284710
  chunk 48 final batch loss = 0.267427
  chunk 49 final batch loss = 0.725255
  chunk 50 final batch loss = 0.701425
  chunk 51 final batch loss = 0.380485
  chunk 52 final batch loss = 0.213010
  chunk 53 final batch loss = 0.651600
  chunk 54 final batch loss = 0.338502
  chunk 55 final batch loss = 0.294690
  chunk 56 final batch loss = 0.645707
  chunk 57 final batch loss = 0.820758
  chunk 58 final batch loss = 0.750382
  chunk 59 final batch loss = 0.272421
  chunk 60 final batch loss = 0.771299
  chunk 61 final batch loss = 0.345387
  chunk 62 final batch loss = 0.350826
  chunk 63 final batch loss = 0.737244
  chunk 64 final batch loss = 0.814853
  chunk 65 final batch loss = 0.384072
  chunk 66 final batch loss = 0.606568
  chunk 67 final batch loss = 0.817164
  chunk 68 final batch loss = 0.496991
  chunk 69 final batch loss = 0.764293
  chunk 70 final batch loss = 0.253813
  chunk 71 final batch loss = 0.664606
  chunk 72 final batch loss = 0.659627
  chunk 73 final batch loss = 0.501660
  chunk 74 final batch loss = 0.609671
  chunk 75 final batch loss = 0.203778
  chunk 76 final batch loss = 0.218757
  chunk 77 final batch loss = 0.521704
  chunk 78 final batch loss = 0.820557
  chunk 79 final batch loss = 0.694637
Validation loss: 0.507242
Saved BEST checkpoint -> /workspace/train_17/checkpoints_17/transformer/best.pt
Saved checkpoint -> /workspace/train_17/checkpoints_17/transformer/epoch_7.pt
Epoch 8
  chunk 0 final batch loss = 0.803223
  chunk 1 final batch loss = 0.816260
  chunk 2 final batch loss = 0.544938
  chunk 3 final batch loss = 0.333189
  chunk 4 final batch loss = 0.801596
  chunk 5 final batch loss = 0.471889
  chunk 6 final batch loss = 0.251678
  chunk 7 final batch loss = 0.427672
  chunk 8 final batch loss = 0.402095
  chunk 9 final batch loss = 0.678247
  chunk 10 final batch loss = 0.500497
  chunk 11 final batch loss = 0.814151
  chunk 12 final batch loss = 0.707197
  chunk 13 final batch loss = 0.666743
  chunk 14 final batch loss = 0.549761
  chunk 15 final batch loss = 0.336493
  chunk 16 final batch loss = 0.364478
  chunk 17 final batch loss = 0.421702
  chunk 18 final batch loss = 0.664718
  chunk 19 final batch loss = 0.301818
  chunk 20 final batch loss = 0.756177
  chunk 21 final batch loss = 0.644266
  chunk 22 final batch loss = 0.812548
  chunk 23 final batch loss = 0.651489
  chunk 24 final batch loss = 0.770072
  chunk 25 final batch loss = 0.402188
  chunk 26 final batch loss = 0.806558
  chunk 27 final batch loss = 0.245695
  chunk 28 final batch loss = 0.280234
  chunk 29 final batch loss = 0.781298
  chunk 30 final batch loss = 0.290919
  chunk 31 final batch loss = 0.348386
  chunk 32 final batch loss = 0.751491
  chunk 33 final batch loss = 0.318562
  chunk 34 final batch loss = 0.492658
  chunk 35 final batch loss = 0.786033
  chunk 36 final batch loss = 0.657403
  chunk 37 final batch loss = 0.558342
  chunk 38 final batch loss = 0.300829
  chunk 39 final batch loss = 0.812353
  chunk 40 final batch loss = 0.242929
  chunk 41 final batch loss = 0.597754
  chunk 42 final batch loss = 0.255722
  chunk 43 final batch loss = 0.798746
  chunk 44 final batch loss = 0.353241
  chunk 45 final batch loss = 0.800594
  chunk 46 final batch loss = 0.245572
  chunk 47 final batch loss = 0.328079
  chunk 48 final batch loss = 0.388811
  chunk 49 final batch loss = 0.827109
  chunk 50 final batch loss = 0.674477
  chunk 51 final batch loss = 0.350121
  chunk 52 final batch loss = 0.264458
  chunk 53 final batch loss = 0.613358
  chunk 54 final batch loss = 0.440921
  chunk 55 final batch loss = 0.286199
  chunk 56 final batch loss = 0.777268
  chunk 57 final batch loss = 0.738155
  chunk 58 final batch loss = 0.661607
  chunk 59 final batch loss = 0.299809
  chunk 60 final batch loss = 0.629261
  chunk 61 final batch loss = 0.322381
  chunk 62 final batch loss = 0.312470
  chunk 63 final batch loss = 0.812011
  chunk 64 final batch loss = 0.786718
  chunk 65 final batch loss = 0.442410
  chunk 66 final batch loss = 0.630348
  chunk 67 final batch loss = 0.799482
  chunk 68 final batch loss = 0.554597
  chunk 69 final batch loss = 0.589451
  chunk 70 final batch loss = 0.199346
  chunk 71 final batch loss = 0.774957
  chunk 72 final batch loss = 0.731706
  chunk 73 final batch loss = 0.552081
  chunk 74 final batch loss = 0.545860
  chunk 75 final batch loss = 0.202721
  chunk 76 final batch loss = 0.278930
  chunk 77 final batch loss = 0.474206
  chunk 78 final batch loss = 0.810432
  chunk 79 final batch loss = 0.688389
Validation loss: 0.496004
Saved BEST checkpoint -> /workspace/train_17/checkpoints_17/transformer/best.pt
Saved checkpoint -> /workspace/train_17/checkpoints_17/transformer/epoch_8.pt
Epoch 9
  chunk 0 final batch loss = 0.798280
  chunk 1 final batch loss = 0.790475
  chunk 2 final batch loss = 0.430681
  chunk 3 final batch loss = 0.333252
  chunk 4 final batch loss = 0.759474
  chunk 5 final batch loss = 0.579981
  chunk 6 final batch loss = 0.192989
  chunk 7 final batch loss = 0.444481
  chunk 8 final batch loss = 0.386677
  chunk 9 final batch loss = 0.612727
  chunk 10 final batch loss = 0.527002
  chunk 11 final batch loss = 0.815129
  chunk 12 final batch loss = 0.757004
  chunk 13 final batch loss = 0.754033
  chunk 14 final batch loss = 0.415006
  chunk 15 final batch loss = 0.322826
  chunk 16 final batch loss = 0.306397
  chunk 17 final batch loss = 0.506792
  chunk 18 final batch loss = 0.642925
  chunk 19 final batch loss = 0.250246
  chunk 20 final batch loss = 0.819421
  chunk 21 final batch loss = 0.617896
  chunk 22 final batch loss = 0.775432
  chunk 23 final batch loss = 0.706535
  chunk 24 final batch loss = 0.783060
  chunk 25 final batch loss = 0.320846
  chunk 26 final batch loss = 0.804930
  chunk 27 final batch loss = 0.209701
  chunk 28 final batch loss = 0.281194
  chunk 29 final batch loss = 0.803451
  chunk 30 final batch loss = 0.257290
  chunk 31 final batch loss = 0.282897
  chunk 32 final batch loss = 0.745478
  chunk 33 final batch loss = 0.280141
  chunk 34 final batch loss = 0.534721
  chunk 35 final batch loss = 0.804019
  chunk 36 final batch loss = 0.710710
  chunk 37 final batch loss = 0.592513
  chunk 38 final batch loss = 0.244883
  chunk 39 final batch loss = 0.821269
  chunk 40 final batch loss = 0.214537
  chunk 41 final batch loss = 0.714030
  chunk 42 final batch loss = 0.297792
  chunk 43 final batch loss = 0.806090
  chunk 44 final batch loss = 0.321918
  chunk 45 final batch loss = 0.809344
  chunk 46 final batch loss = 0.216687
  chunk 47 final batch loss = 0.196051
  chunk 48 final batch loss = 0.276840
  chunk 49 final batch loss = 0.803754
  chunk 50 final batch loss = 0.683488
  chunk 51 final batch loss = 0.352500
  chunk 52 final batch loss = 0.196949
  chunk 53 final batch loss = 0.572571
  chunk 54 final batch loss = 0.341607
  chunk 55 final batch loss = 0.282517
  chunk 56 final batch loss = 0.673069
  chunk 57 final batch loss = 0.762353
  chunk 58 final batch loss = 0.714854
  chunk 59 final batch loss = 0.290142
  chunk 60 final batch loss = 0.735920
  chunk 61 final batch loss = 0.283062
  chunk 62 final batch loss = 0.352008
  chunk 63 final batch loss = 0.747020
  chunk 64 final batch loss = 0.802189
  chunk 65 final batch loss = 0.335233
  chunk 66 final batch loss = 0.621576
  chunk 67 final batch loss = 0.802277
  chunk 68 final batch loss = 0.498663
  chunk 69 final batch loss = 0.733496
  chunk 70 final batch loss = 0.131339
  chunk 71 final batch loss = 0.650500
  chunk 72 final batch loss = 0.705850
  chunk 73 final batch loss = 0.358326
  chunk 74 final batch loss = 0.607789
  chunk 75 final batch loss = 0.185068
  chunk 76 final batch loss = 0.194971
  chunk 77 final batch loss = 0.463406
  chunk 78 final batch loss = 0.794997
  chunk 79 final batch loss = 0.688170
Validation loss: 0.477019
Saved BEST checkpoint -> /workspace/train_17/checkpoints_17/transformer/best.pt
Saved checkpoint -> /workspace/train_17/checkpoints_17/transformer/epoch_9.pt
Epoch 10
  chunk 0 final batch loss = 0.798685
  chunk 1 final batch loss = 0.772492
  chunk 2 final batch loss = 0.476953
  chunk 3 final batch loss = 0.329816
  chunk 4 final batch loss = 0.749768
  chunk 5 final batch loss = 0.550735
  chunk 6 final batch loss = 0.282006
  chunk 7 final batch loss = 0.432417
  chunk 8 final batch loss = 0.340917
  chunk 9 final batch loss = 0.583934
  chunk 10 final batch loss = 0.523442
  chunk 11 final batch loss = 0.818291
  chunk 12 final batch loss = 0.734584
  chunk 13 final batch loss = 0.747928
  chunk 14 final batch loss = 0.340218
  chunk 15 final batch loss = 0.305740
  chunk 16 final batch loss = 0.216005
  chunk 17 final batch loss = 0.518750
  chunk 18 final batch loss = 0.680452
  chunk 19 final batch loss = 0.266440
  chunk 20 final batch loss = 0.804670
  chunk 21 final batch loss = 0.615650
  chunk 22 final batch loss = 0.808765
  chunk 23 final batch loss = 0.653051
  chunk 24 final batch loss = 0.798967
  chunk 25 final batch loss = 0.311784
  chunk 26 final batch loss = 0.783789
  chunk 27 final batch loss = 0.165834
  chunk 28 final batch loss = 0.268897
  chunk 29 final batch loss = 0.774539
  chunk 30 final batch loss = 0.324571
  chunk 31 final batch loss = 0.299096
  chunk 32 final batch loss = 0.751395
  chunk 33 final batch loss = 0.132237
  chunk 34 final batch loss = 0.535393
  chunk 35 final batch loss = 0.805139
  chunk 36 final batch loss = 0.714350
  chunk 37 final batch loss = 0.507560
  chunk 38 final batch loss = 0.268914
  chunk 39 final batch loss = 0.826726
  chunk 40 final batch loss = 0.199694
  chunk 41 final batch loss = 0.677720
  chunk 42 final batch loss = 0.193011
  chunk 43 final batch loss = 0.777240
  chunk 44 final batch loss = 0.378531
  chunk 45 final batch loss = 0.784505
  chunk 46 final batch loss = 0.229572
  chunk 47 final batch loss = 0.218501
  chunk 48 final batch loss = 0.268024
  chunk 49 final batch loss = 0.777571
  chunk 50 final batch loss = 0.663965
  chunk 51 final batch loss = 0.243447
  chunk 52 final batch loss = 0.116764
  chunk 53 final batch loss = 0.406565
  chunk 54 final batch loss = 0.312524
  chunk 55 final batch loss = 0.217327
  chunk 56 final batch loss = 0.735358
  chunk 57 final batch loss = 0.739711
  chunk 58 final batch loss = 0.603973
  chunk 59 final batch loss = 0.231331
  chunk 60 final batch loss = 0.686216
  chunk 61 final batch loss = 0.199312
  chunk 62 final batch loss = 0.271766
  chunk 63 final batch loss = 0.787652
  chunk 64 final batch loss = 0.786202
  chunk 65 final batch loss = 0.331328
  chunk 66 final batch loss = 0.605707
  chunk 67 final batch loss = 0.771933
  chunk 68 final batch loss = 0.481081
  chunk 69 final batch loss = 0.633808
  chunk 70 final batch loss = 0.149880
  chunk 71 final batch loss = 0.688979
  chunk 72 final batch loss = 0.779184
  chunk 73 final batch loss = 0.433293
  chunk 74 final batch loss = 0.539219
  chunk 75 final batch loss = 0.215857
  chunk 76 final batch loss = 0.181060
  chunk 77 final batch loss = 0.505317
  chunk 78 final batch loss = 0.801029
  chunk 79 final batch loss = 0.602855
Validation loss: 0.454600
Saved BEST checkpoint -> /workspace/train_17/checkpoints_17/transformer/best.pt
Saved checkpoint -> /workspace/train_17/checkpoints_17/transformer/epoch_10.pt
Epoch 11
  chunk 0 final batch loss = 0.795719
  chunk 1 final batch loss = 0.775413
  chunk 2 final batch loss = 0.452921
  chunk 3 final batch loss = 0.234727
  chunk 4 final batch loss = 0.770518
  chunk 5 final batch loss = 0.586327
  chunk 6 final batch loss = 0.152852
  chunk 7 final batch loss = 0.433363
  chunk 8 final batch loss = 0.229348
  chunk 9 final batch loss = 0.683108
  chunk 10 final batch loss = 0.527414
  chunk 11 final batch loss = 0.812115
  chunk 12 final batch loss = 0.737502
  chunk 13 final batch loss = 0.741029
  chunk 14 final batch loss = 0.428108
  chunk 15 final batch loss = 0.253075
  chunk 16 final batch loss = 0.271367
  chunk 17 final batch loss = 0.468584
  chunk 18 final batch loss = 0.632272
  chunk 19 final batch loss = 0.140761
  chunk 20 final batch loss = 0.802134
  chunk 21 final batch loss = 0.700081
  chunk 22 final batch loss = 0.780402
  chunk 23 final batch loss = 0.697819
  chunk 24 final batch loss = 0.768102
  chunk 25 final batch loss = 0.258320
  chunk 26 final batch loss = 0.752752
  chunk 27 final batch loss = 0.172675
  chunk 28 final batch loss = 0.284432
  chunk 29 final batch loss = 0.818730
  chunk 30 final batch loss = 0.274354
  chunk 31 final batch loss = 0.212484
  chunk 32 final batch loss = 0.738672
  chunk 33 final batch loss = 0.214432
  chunk 34 final batch loss = 0.528280
  chunk 35 final batch loss = 0.782506
  chunk 36 final batch loss = 0.742758
  chunk 37 final batch loss = 0.586309
  chunk 38 final batch loss = 0.221250
  chunk 39 final batch loss = 0.809213
  chunk 40 final batch loss = 0.203735
  chunk 41 final batch loss = 0.607309
  chunk 42 final batch loss = 0.265254
  chunk 43 final batch loss = 0.793957
  chunk 44 final batch loss = 0.273174
  chunk 45 final batch loss = 0.705499
  chunk 46 final batch loss = 0.170190
  chunk 47 final batch loss = 0.231588
  chunk 48 final batch loss = 0.290989
  chunk 49 final batch loss = 0.822791
  chunk 50 final batch loss = 0.640889
  chunk 51 final batch loss = 0.324890
  chunk 52 final batch loss = 0.163302
  chunk 53 final batch loss = 0.598933
  chunk 54 final batch loss = 0.353135
  chunk 55 final batch loss = 0.181281
  chunk 56 final batch loss = 0.740821
  chunk 57 final batch loss = 0.759251
  chunk 58 final batch loss = 0.660361
  chunk 59 final batch loss = 0.166008
  chunk 60 final batch loss = 0.579866
  chunk 61 final batch loss = 0.224985
  chunk 62 final batch loss = 0.206258
  chunk 63 final batch loss = 0.800790
  chunk 64 final batch loss = 0.814876
  chunk 65 final batch loss = 0.320548
  chunk 66 final batch loss = 0.536328
  chunk 67 final batch loss = 0.803541
  chunk 68 final batch loss = 0.367684
  chunk 69 final batch loss = 0.647970
  chunk 70 final batch loss = 0.192066
  chunk 71 final batch loss = 0.703131
  chunk 72 final batch loss = 0.778195
  chunk 73 final batch loss = 0.349070
  chunk 74 final batch loss = 0.591470
  chunk 75 final batch loss = 0.142814
  chunk 76 final batch loss = 0.099699
  chunk 77 final batch loss = 0.417763
  chunk 78 final batch loss = 0.777940
  chunk 79 final batch loss = 0.635954
Validation loss: 0.434076
Saved BEST checkpoint -> /workspace/train_17/checkpoints_17/transformer/best.pt
Saved checkpoint -> /workspace/train_17/checkpoints_17/transformer/epoch_11.pt
Epoch 12
  chunk 0 final batch loss = 0.783927
  chunk 1 final batch loss = 0.791967
  chunk 2 final batch loss = 0.414911
  chunk 3 final batch loss = 0.209083
  chunk 4 final batch loss = 0.785595
  chunk 5 final batch loss = 0.499178
  chunk 6 final batch loss = 0.147275
  chunk 7 final batch loss = 0.459394
  chunk 8 final batch loss = 0.277564
  chunk 9 final batch loss = 0.449523
  chunk 10 final batch loss = 0.416075
  chunk 11 final batch loss = 0.810371
  chunk 12 final batch loss = 0.755721
  chunk 13 final batch loss = 0.742559
  chunk 14 final batch loss = 0.492130
  chunk 15 final batch loss = 0.171346
  chunk 16 final batch loss = 0.248072
  chunk 17 final batch loss = 0.406646
  chunk 18 final batch loss = 0.674220
  chunk 19 final batch loss = 0.134508
  chunk 20 final batch loss = 0.776134
  chunk 21 final batch loss = 0.652906
  chunk 22 final batch loss = 0.832439
  chunk 23 final batch loss = 0.677891
  chunk 24 final batch loss = 0.790522
  chunk 25 final batch loss = 0.255732
  chunk 26 final batch loss = 0.779585
  chunk 27 final batch loss = 0.123458
  chunk 28 final batch loss = 0.122796
  chunk 29 final batch loss = 0.779176
  chunk 30 final batch loss = 0.269966
  chunk 31 final batch loss = 0.239978
  chunk 32 final batch loss = 0.766953
  chunk 33 final batch loss = 0.190087
  chunk 34 final batch loss = 0.428094
  chunk 35 final batch loss = 0.814797
  chunk 36 final batch loss = 0.681372
  chunk 37 final batch loss = 0.466448
  chunk 38 final batch loss = 0.105541
  chunk 39 final batch loss = 0.822157
  chunk 40 final batch loss = 0.164950
  chunk 41 final batch loss = 0.540129
  chunk 42 final batch loss = 0.196200
  chunk 43 final batch loss = 0.761177
  chunk 44 final batch loss = 0.351217
  chunk 45 final batch loss = 0.799959
  chunk 46 final batch loss = 0.186175
  chunk 47 final batch loss = 0.134609
  chunk 48 final batch loss = 0.181028
  chunk 49 final batch loss = 0.794262
  chunk 50 final batch loss = 0.739310
  chunk 51 final batch loss = 0.246750
  chunk 52 final batch loss = 0.133300
  chunk 53 final batch loss = 0.556033
  chunk 54 final batch loss = 0.268076
  chunk 55 final batch loss = 0.218212
  chunk 56 final batch loss = 0.731913
  chunk 57 final batch loss = 0.793025
  chunk 58 final batch loss = 0.566979
  chunk 59 final batch loss = 0.136265
  chunk 60 final batch loss = 0.601038
  chunk 61 final batch loss = 0.216889
  chunk 62 final batch loss = 0.242541
  chunk 63 final batch loss = 0.793976
  chunk 64 final batch loss = 0.767231
  chunk 65 final batch loss = 0.270798
  chunk 66 final batch loss = 0.736565
  chunk 67 final batch loss = 0.830474
  chunk 68 final batch loss = 0.445549
  chunk 69 final batch loss = 0.656227
  chunk 70 final batch loss = 0.152253
  chunk 71 final batch loss = 0.662571
  chunk 72 final batch loss = 0.740504
  chunk 73 final batch loss = 0.350660
  chunk 74 final batch loss = 0.454471
  chunk 75 final batch loss = 0.141224
  chunk 76 final batch loss = 0.096887
  chunk 77 final batch loss = 0.424039
  chunk 78 final batch loss = 0.803233
  chunk 79 final batch loss = 0.661622
Validation loss: 0.421942
Saved BEST checkpoint -> /workspace/train_17/checkpoints_17/transformer/best.pt
Saved checkpoint -> /workspace/train_17/checkpoints_17/transformer/epoch_12.pt
Epoch 13
  chunk 0 final batch loss = 0.781236
  chunk 1 final batch loss = 0.788112
  chunk 2 final batch loss = 0.453227
  chunk 3 final batch loss = 0.212766
  chunk 4 final batch loss = 0.798637
  chunk 5 final batch loss = 0.582776
  chunk 6 final batch loss = 0.157538
  chunk 7 final batch loss = 0.458572
  chunk 8 final batch loss = 0.345319
  chunk 9 final batch loss = 0.642332
  chunk 10 final batch loss = 0.345657
  chunk 11 final batch loss = 0.817614
  chunk 12 final batch loss = 0.763535
  chunk 13 final batch loss = 0.678627
  chunk 14 final batch loss = 0.318397
  chunk 15 final batch loss = 0.260902
  chunk 16 final batch loss = 0.216471
  chunk 17 final batch loss = 0.363028
  chunk 18 final batch loss = 0.718703
  chunk 19 final batch loss = 0.140310
  chunk 20 final batch loss = 0.715833
  chunk 21 final batch loss = 0.624846
  chunk 22 final batch loss = 0.810218
  chunk 23 final batch loss = 0.716175
  chunk 24 final batch loss = 0.805426
  chunk 25 final batch loss = 0.261249
  chunk 26 final batch loss = 0.776597
  chunk 27 final batch loss = 0.098635
  chunk 28 final batch loss = 0.148006
  chunk 29 final batch loss = 0.784515
  chunk 30 final batch loss = 0.284112
  chunk 31 final batch loss = 0.167657
  chunk 32 final batch loss = 0.750534
  chunk 33 final batch loss = 0.145887
  chunk 34 final batch loss = 0.378554
  chunk 35 final batch loss = 0.798959
  chunk 36 final batch loss = 0.643846
  chunk 37 final batch loss = 0.547840
  chunk 38 final batch loss = 0.098839
  chunk 39 final batch loss = 0.801965
  chunk 40 final batch loss = 0.175843
  chunk 41 final batch loss = 0.668614
  chunk 42 final batch loss = 0.195522
  chunk 43 final batch loss = 0.824821
  chunk 44 final batch loss = 0.259127
  chunk 45 final batch loss = 0.773912
  chunk 46 final batch loss = 0.139824
  chunk 47 final batch loss = 0.124245
  chunk 48 final batch loss = 0.227683
  chunk 49 final batch loss = 0.792722
  chunk 50 final batch loss = 0.714567
  chunk 51 final batch loss = 0.189976
  chunk 52 final batch loss = 0.159985
  chunk 53 final batch loss = 0.533598
  chunk 54 final batch loss = 0.255397
  chunk 55 final batch loss = 0.118186
  chunk 56 final batch loss = 0.741198
  chunk 57 final batch loss = 0.808331
  chunk 58 final batch loss = 0.634494
  chunk 59 final batch loss = 0.149834
  chunk 60 final batch loss = 0.651884
  chunk 61 final batch loss = 0.179220
  chunk 62 final batch loss = 0.182340
  chunk 63 final batch loss = 0.736513
  chunk 64 final batch loss = 0.799202
  chunk 65 final batch loss = 0.296793
  chunk 66 final batch loss = 0.649098
  chunk 67 final batch loss = 0.787291
  chunk 68 final batch loss = 0.326841
  chunk 69 final batch loss = 0.605817
  chunk 70 final batch loss = 0.135711
  chunk 71 final batch loss = 0.640889
  chunk 72 final batch loss = 0.678192
  chunk 73 final batch loss = 0.395807
  chunk 74 final batch loss = 0.438810
  chunk 75 final batch loss = 0.137918
  chunk 76 final batch loss = 0.128874
  chunk 77 final batch loss = 0.453925
  chunk 78 final batch loss = 0.823251
  chunk 79 final batch loss = 0.674218
Validation loss: 0.416986
Saved BEST checkpoint -> /workspace/train_17/checkpoints_17/transformer/best.pt
Saved checkpoint -> /workspace/train_17/checkpoints_17/transformer/epoch_13.pt
Epoch 14
  chunk 0 final batch loss = 0.809446
  chunk 1 final batch loss = 0.777735
  chunk 2 final batch loss = 0.314159
  chunk 3 final batch loss = 0.140148
  chunk 4 final batch loss = 0.782643
  chunk 5 final batch loss = 0.508260
  chunk 6 final batch loss = 0.114863
  chunk 7 final batch loss = 0.480606
  chunk 8 final batch loss = 0.277088
  chunk 9 final batch loss = 0.658308
  chunk 10 final batch loss = 0.366712
  chunk 11 final batch loss = 0.818454
  chunk 12 final batch loss = 0.701312
  chunk 13 final batch loss = 0.724429
  chunk 14 final batch loss = 0.419735
  chunk 15 final batch loss = 0.293160
  chunk 16 final batch loss = 0.233543
  chunk 17 final batch loss = 0.300072
  chunk 18 final batch loss = 0.500791
  chunk 19 final batch loss = 0.159928
  chunk 20 final batch loss = 0.781909
  chunk 21 final batch loss = 0.647374
  chunk 22 final batch loss = 0.817905
  chunk 23 final batch loss = 0.687515
  chunk 24 final batch loss = 0.740710
  chunk 25 final batch loss = 0.206955
  chunk 26 final batch loss = 0.769425
  chunk 27 final batch loss = 0.092026
  chunk 28 final batch loss = 0.140517
  chunk 29 final batch loss = 0.769490
  chunk 30 final batch loss = 0.304069
  chunk 31 final batch loss = 0.224827
  chunk 32 final batch loss = 0.649463
  chunk 33 final batch loss = 0.122544
  chunk 34 final batch loss = 0.470048
  chunk 35 final batch loss = 0.809497
  chunk 36 final batch loss = 0.578845
  chunk 37 final batch loss = 0.499333
  chunk 38 final batch loss = 0.114128
  chunk 39 final batch loss = 0.818046
  chunk 40 final batch loss = 0.152582
  chunk 41 final batch loss = 0.660326
  chunk 42 final batch loss = 0.178570
  chunk 43 final batch loss = 0.800823
  chunk 44 final batch loss = 0.266733
  chunk 45 final batch loss = 0.795560
  chunk 46 final batch loss = 0.164711
  chunk 47 final batch loss = 0.139487
  chunk 48 final batch loss = 0.195933
  chunk 49 final batch loss = 0.757593
  chunk 50 final batch loss = 0.674466
  chunk 51 final batch loss = 0.201366
  chunk 52 final batch loss = 0.115837
  chunk 53 final batch loss = 0.456674
  chunk 54 final batch loss = 0.186246
  chunk 55 final batch loss = 0.163388
  chunk 56 final batch loss = 0.711732
  chunk 57 final batch loss = 0.729879
  chunk 58 final batch loss = 0.585272
  chunk 59 final batch loss = 0.102296
  chunk 60 final batch loss = 0.609085
  chunk 61 final batch loss = 0.214094
  chunk 62 final batch loss = 0.234429
  chunk 63 final batch loss = 0.764960
  chunk 64 final batch loss = 0.734101
  chunk 65 final batch loss = 0.313050
  chunk 66 final batch loss = 0.706499
  chunk 67 final batch loss = 0.792637
  chunk 68 final batch loss = 0.301886
  chunk 69 final batch loss = 0.694549
  chunk 70 final batch loss = 0.091345
  chunk 71 final batch loss = 0.611140
  chunk 72 final batch loss = 0.698577
  chunk 73 final batch loss = 0.435103
  chunk 74 final batch loss = 0.471032
  chunk 75 final batch loss = 0.128695
  chunk 76 final batch loss = 0.070227
  chunk 77 final batch loss = 0.439165
  chunk 78 final batch loss = 0.758133
  chunk 79 final batch loss = 0.703432
Validation loss: 0.404498
Saved BEST checkpoint -> /workspace/train_17/checkpoints_17/transformer/best.pt
Saved checkpoint -> /workspace/train_17/checkpoints_17/transformer/epoch_14.pt
Epoch 15
  chunk 0 final batch loss = 0.740501
  chunk 1 final batch loss = 0.814077
  chunk 2 final batch loss = 0.356265
  chunk 3 final batch loss = 0.166234
  chunk 4 final batch loss = 0.754517
  chunk 5 final batch loss = 0.594045
  chunk 6 final batch loss = 0.115881
  chunk 7 final batch loss = 0.461603
  chunk 8 final batch loss = 0.250622
  chunk 9 final batch loss = 0.642446
  chunk 10 final batch loss = 0.342155
  chunk 11 final batch loss = 0.820797
  chunk 12 final batch loss = 0.692004
  chunk 13 final batch loss = 0.720343
  chunk 14 final batch loss = 0.535353
  chunk 15 final batch loss = 0.227957
  chunk 16 final batch loss = 0.129192
  chunk 17 final batch loss = 0.425841
  chunk 18 final batch loss = 0.532518
  chunk 19 final batch loss = 0.179442
  chunk 20 final batch loss = 0.756950
  chunk 21 final batch loss = 0.648360
  chunk 22 final batch loss = 0.679665
  chunk 23 final batch loss = 0.766241
  chunk 24 final batch loss = 0.780682
  chunk 25 final batch loss = 0.156771
  chunk 26 final batch loss = 0.806033
  chunk 27 final batch loss = 0.070946
  chunk 28 final batch loss = 0.138835
  chunk 29 final batch loss = 0.765308
  chunk 30 final batch loss = 0.271729
  chunk 31 final batch loss = 0.203602
  chunk 32 final batch loss = 0.731384
  chunk 33 final batch loss = 0.082076
  chunk 34 final batch loss = 0.329249
  chunk 35 final batch loss = 0.801063
  chunk 36 final batch loss = 0.659215
  chunk 37 final batch loss = 0.487357
  chunk 38 final batch loss = 0.134188
  chunk 39 final batch loss = 0.822331
  chunk 40 final batch loss = 0.190219
  chunk 41 final batch loss = 0.565117
  chunk 42 final batch loss = 0.179458
  chunk 43 final batch loss = 0.778089
  chunk 44 final batch loss = 0.227453
  chunk 45 final batch loss = 0.789213
  chunk 46 final batch loss = 0.119297
  chunk 47 final batch loss = 0.102951
  chunk 48 final batch loss = 0.206530
  chunk 49 final batch loss = 0.787333
  chunk 50 final batch loss = 0.675126
  chunk 51 final batch loss = 0.193270
  chunk 52 final batch loss = 0.128582
  chunk 53 final batch loss = 0.501497
  chunk 54 final batch loss = 0.241492
  chunk 55 final batch loss = 0.167060
  chunk 56 final batch loss = 0.729114
  chunk 57 final batch loss = 0.763248
  chunk 58 final batch loss = 0.570127
  chunk 59 final batch loss = 0.150240
  chunk 60 final batch loss = 0.483415
  chunk 61 final batch loss = 0.190268
  chunk 62 final batch loss = 0.169945
  chunk 63 final batch loss = 0.712643
  chunk 64 final batch loss = 0.778722
  chunk 65 final batch loss = 0.219893
  chunk 66 final batch loss = 0.686550
  chunk 67 final batch loss = 0.781625
  chunk 68 final batch loss = 0.289645
  chunk 69 final batch loss = 0.579525
  chunk 70 final batch loss = 0.082242
  chunk 71 final batch loss = 0.691142
  chunk 72 final batch loss = 0.729719
  chunk 73 final batch loss = 0.406420
  chunk 74 final batch loss = 0.495991
  chunk 75 final batch loss = 0.135036
  chunk 76 final batch loss = 0.066517
  chunk 77 final batch loss = 0.358050
  chunk 78 final batch loss = 0.756681
  chunk 79 final batch loss = 0.663900
Validation loss: 0.400785
Saved BEST checkpoint -> /workspace/train_17/checkpoints_17/transformer/best.pt
Saved checkpoint -> /workspace/train_17/checkpoints_17/transformer/epoch_15.pt
Epoch 16
  chunk 0 final batch loss = 0.777479
  chunk 1 final batch loss = 0.786682
  chunk 2 final batch loss = 0.359905
  chunk 3 final batch loss = 0.183898
  chunk 4 final batch loss = 0.716566
  chunk 5 final batch loss = 0.504961
  chunk 6 final batch loss = 0.081460
  chunk 7 final batch loss = 0.454746
  chunk 8 final batch loss = 0.256567
  chunk 9 final batch loss = 0.652065
  chunk 10 final batch loss = 0.399646
  chunk 11 final batch loss = 0.812145
  chunk 12 final batch loss = 0.771158
  chunk 13 final batch loss = 0.716309
  chunk 14 final batch loss = 0.365784
  chunk 15 final batch loss = 0.191783
  chunk 16 final batch loss = 0.239427
  chunk 17 final batch loss = 0.380038
  chunk 18 final batch loss = 0.667262
  chunk 19 final batch loss = 0.185947
  chunk 20 final batch loss = 0.759335
  chunk 21 final batch loss = 0.547932
  chunk 22 final batch loss = 0.793222
  chunk 23 final batch loss = 0.708448
  chunk 24 final batch loss = 0.776908
  chunk 25 final batch loss = 0.201314
  chunk 26 final batch loss = 0.846840
  chunk 27 final batch loss = 0.078864
  chunk 28 final batch loss = 0.127377
  chunk 29 final batch loss = 0.748525
  chunk 30 final batch loss = 0.239580
  chunk 31 final batch loss = 0.140916
  chunk 32 final batch loss = 0.736116
  chunk 33 final batch loss = 0.095563
  chunk 34 final batch loss = 0.486041
  chunk 35 final batch loss = 0.819754
  chunk 36 final batch loss = 0.683872
  chunk 37 final batch loss = 0.560039
  chunk 38 final batch loss = 0.107517
  chunk 39 final batch loss = 0.805851
  chunk 40 final batch loss = 0.176647
  chunk 41 final batch loss = 0.657216
  chunk 42 final batch loss = 0.138423
  chunk 43 final batch loss = 0.800049
  chunk 44 final batch loss = 0.253795
  chunk 45 final batch loss = 0.712063
  chunk 46 final batch loss = 0.109737
  chunk 47 final batch loss = 0.152350
  chunk 48 final batch loss = 0.285230
  chunk 49 final batch loss = 0.813754
  chunk 50 final batch loss = 0.662268
  chunk 51 final batch loss = 0.165198
  chunk 52 final batch loss = 0.106985
  chunk 53 final batch loss = 0.538737
  chunk 54 final batch loss = 0.256131
  chunk 55 final batch loss = 0.101603
  chunk 56 final batch loss = 0.736312
  chunk 57 final batch loss = 0.698427
  chunk 58 final batch loss = 0.502476
  chunk 59 final batch loss = 0.097320
  chunk 60 final batch loss = 0.576315
  chunk 61 final batch loss = 0.237024
  chunk 62 final batch loss = 0.174607
  chunk 63 final batch loss = 0.759102
  chunk 64 final batch loss = 0.775621
  chunk 65 final batch loss = 0.215396
  chunk 66 final batch loss = 0.519052
  chunk 67 final batch loss = 0.794530
  chunk 68 final batch loss = 0.441940
  chunk 69 final batch loss = 0.707639
  chunk 70 final batch loss = 0.070471
  chunk 71 final batch loss = 0.612326
  chunk 72 final batch loss = 0.672622
  chunk 73 final batch loss = 0.467790
  chunk 74 final batch loss = 0.503657
  chunk 75 final batch loss = 0.125579
  chunk 76 final batch loss = 0.070964
  chunk 77 final batch loss = 0.379561
  chunk 78 final batch loss = 0.751337
  chunk 79 final batch loss = 0.546083
Validation loss: 0.398767
Saved BEST checkpoint -> /workspace/train_17/checkpoints_17/transformer/best.pt
Saved checkpoint -> /workspace/train_17/checkpoints_17/transformer/epoch_16.pt
Epoch 17
  chunk 0 final batch loss = 0.774992
  chunk 1 final batch loss = 0.813801
  chunk 2 final batch loss = 0.341340
  chunk 3 final batch loss = 0.165476
  chunk 4 final batch loss = 0.807963
  chunk 5 final batch loss = 0.437036
  chunk 6 final batch loss = 0.102199
  chunk 7 final batch loss = 0.413850
  chunk 8 final batch loss = 0.213727
  chunk 9 final batch loss = 0.663640
  chunk 10 final batch loss = 0.547477
  chunk 11 final batch loss = 0.801725
  chunk 12 final batch loss = 0.703030
  chunk 13 final batch loss = 0.690973
  chunk 14 final batch loss = 0.373283
  chunk 15 final batch loss = 0.200029
  chunk 16 final batch loss = 0.249675
  chunk 17 final batch loss = 0.390467
  chunk 18 final batch loss = 0.667717
  chunk 19 final batch loss = 0.168580
  chunk 20 final batch loss = 0.734945
  chunk 21 final batch loss = 0.594524
  chunk 22 final batch loss = 0.797000
  chunk 23 final batch loss = 0.700759
  chunk 24 final batch loss = 0.800420
  chunk 25 final batch loss = 0.222339
  chunk 26 final batch loss = 0.701487
  chunk 27 final batch loss = 0.078862
  chunk 28 final batch loss = 0.116642
  chunk 29 final batch loss = 0.744535
  chunk 30 final batch loss = 0.233417
  chunk 31 final batch loss = 0.237263
  chunk 32 final batch loss = 0.651999
  chunk 33 final batch loss = 0.164911
  chunk 34 final batch loss = 0.331945
  chunk 35 final batch loss = 0.790575
  chunk 36 final batch loss = 0.648562
  chunk 37 final batch loss = 0.529033
  chunk 38 final batch loss = 0.117480
  chunk 39 final batch loss = 0.804361
  chunk 40 final batch loss = 0.185889
  chunk 41 final batch loss = 0.544967
  chunk 42 final batch loss = 0.150832
  chunk 43 final batch loss = 0.812954
  chunk 44 final batch loss = 0.202716
  chunk 45 final batch loss = 0.778909
  chunk 46 final batch loss = 0.160663
  chunk 47 final batch loss = 0.143911
  chunk 48 final batch loss = 0.190678
  chunk 49 final batch loss = 0.775509
  chunk 50 final batch loss = 0.725454
  chunk 51 final batch loss = 0.234459
  chunk 52 final batch loss = 0.088252
  chunk 53 final batch loss = 0.504736
  chunk 54 final batch loss = 0.311371
  chunk 55 final batch loss = 0.125795
  chunk 56 final batch loss = 0.721442
  chunk 57 final batch loss = 0.725145
  chunk 58 final batch loss = 0.618623
  chunk 59 final batch loss = 0.125191
  chunk 60 final batch loss = 0.591454
  chunk 61 final batch loss = 0.187025
  chunk 62 final batch loss = 0.222514
  chunk 63 final batch loss = 0.790286
  chunk 64 final batch loss = 0.802375
  chunk 65 final batch loss = 0.244315
  chunk 66 final batch loss = 0.681808
  chunk 67 final batch loss = 0.786553
  chunk 68 final batch loss = 0.356677
  chunk 69 final batch loss = 0.622749
  chunk 70 final batch loss = 0.097641
  chunk 71 final batch loss = 0.720500
  chunk 72 final batch loss = 0.680121
  chunk 73 final batch loss = 0.306058
  chunk 74 final batch loss = 0.588886
  chunk 75 final batch loss = 0.066158
  chunk 76 final batch loss = 0.090381
  chunk 77 final batch loss = 0.341390
  chunk 78 final batch loss = 0.797283
  chunk 79 final batch loss = 0.661294
Validation loss: 0.394027
Saved BEST checkpoint -> /workspace/train_17/checkpoints_17/transformer/best.pt
Saved checkpoint -> /workspace/train_17/checkpoints_17/transformer/epoch_17.pt
Epoch 18
  chunk 0 final batch loss = 0.799881
  chunk 1 final batch loss = 0.761025
  chunk 2 final batch loss = 0.398072
  chunk 3 final batch loss = 0.146862
  chunk 4 final batch loss = 0.779147
  chunk 5 final batch loss = 0.417888
  chunk 6 final batch loss = 0.128350
  chunk 7 final batch loss = 0.528323
  chunk 8 final batch loss = 0.238645
  chunk 9 final batch loss = 0.635428
  chunk 10 final batch loss = 0.368050
  chunk 11 final batch loss = 0.809821
  chunk 12 final batch loss = 0.730495
  chunk 13 final batch loss = 0.734249
  chunk 14 final batch loss = 0.385497
  chunk 15 final batch loss = 0.155133
  chunk 16 final batch loss = 0.185779
  chunk 17 final batch loss = 0.256327
  chunk 18 final batch loss = 0.604035
  chunk 19 final batch loss = 0.128709
  chunk 20 final batch loss = 0.784804
  chunk 21 final batch loss = 0.578018
  chunk 22 final batch loss = 0.782734
  chunk 23 final batch loss = 0.683370
  chunk 24 final batch loss = 0.764174
  chunk 25 final batch loss = 0.192563
  chunk 26 final batch loss = 0.778752
  chunk 27 final batch loss = 0.072131
  chunk 28 final batch loss = 0.167861
  chunk 29 final batch loss = 0.776153
  chunk 30 final batch loss = 0.194263
  chunk 31 final batch loss = 0.136699
  chunk 32 final batch loss = 0.751810
  chunk 33 final batch loss = 0.137269
  chunk 34 final batch loss = 0.399383
  chunk 35 final batch loss = 0.777075
  chunk 36 final batch loss = 0.687155
  chunk 37 final batch loss = 0.626493
  chunk 38 final batch loss = 0.103946
  chunk 39 final batch loss = 0.797379
  chunk 40 final batch loss = 0.145744
  chunk 41 final batch loss = 0.693208
  chunk 42 final batch loss = 0.170105
  chunk 43 final batch loss = 0.763465
  chunk 44 final batch loss = 0.254766
  chunk 45 final batch loss = 0.734998
  chunk 46 final batch loss = 0.089273
  chunk 47 final batch loss = 0.117386
  chunk 48 final batch loss = 0.172061
  chunk 49 final batch loss = 0.777771
  chunk 50 final batch loss = 0.695329
  chunk 51 final batch loss = 0.131635
  chunk 52 final batch loss = 0.101703
  chunk 53 final batch loss = 0.446575
  chunk 54 final batch loss = 0.197121
  chunk 55 final batch loss = 0.118807
  chunk 56 final batch loss = 0.639251
  chunk 57 final batch loss = 0.653967
  chunk 58 final batch loss = 0.593705
  chunk 59 final batch loss = 0.128668
  chunk 60 final batch loss = 0.670938
  chunk 61 final batch loss = 0.195843
  chunk 62 final batch loss = 0.195687
  chunk 63 final batch loss = 0.690695
  chunk 64 final batch loss = 0.768166
  chunk 65 final batch loss = 0.266812
  chunk 66 final batch loss = 0.555514
  chunk 67 final batch loss = 0.763499
  chunk 68 final batch loss = 0.252960
  chunk 69 final batch loss = 0.596701
  chunk 70 final batch loss = 0.104132
  chunk 71 final batch loss = 0.728941
  chunk 72 final batch loss = 0.727586
  chunk 73 final batch loss = 0.313381
  chunk 74 final batch loss = 0.573771
  chunk 75 final batch loss = 0.074872
  chunk 76 final batch loss = 0.064783
  chunk 77 final batch loss = 0.375666
  chunk 78 final batch loss = 0.734269
  chunk 79 final batch loss = 0.566700
Validation loss: 0.390153
Saved BEST checkpoint -> /workspace/train_17/checkpoints_17/transformer/best.pt
Saved checkpoint -> /workspace/train_17/checkpoints_17/transformer/epoch_18.pt
Epoch 19
  chunk 0 final batch loss = 0.802099
  chunk 1 final batch loss = 0.762138
  chunk 2 final batch loss = 0.273964
  chunk 3 final batch loss = 0.163397
  chunk 4 final batch loss = 0.802995
  chunk 5 final batch loss = 0.428049
  chunk 6 final batch loss = 0.126049
  chunk 7 final batch loss = 0.415188
  chunk 8 final batch loss = 0.244158
  chunk 9 final batch loss = 0.645009
  chunk 10 final batch loss = 0.541779
  chunk 11 final batch loss = 0.819455
  chunk 12 final batch loss = 0.648118
  chunk 13 final batch loss = 0.776121
  chunk 14 final batch loss = 0.298685
  chunk 15 final batch loss = 0.220210
  chunk 16 final batch loss = 0.135699
  chunk 17 final batch loss = 0.322225
  chunk 18 final batch loss = 0.540577
  chunk 19 final batch loss = 0.124300
  chunk 20 final batch loss = 0.798732
  chunk 21 final batch loss = 0.718862
  chunk 22 final batch loss = 0.802100
  chunk 23 final batch loss = 0.671194
  chunk 24 final batch loss = 0.782305
  chunk 25 final batch loss = 0.219573
  chunk 26 final batch loss = 0.674784
  chunk 27 final batch loss = 0.052011
  chunk 28 final batch loss = 0.106796
  chunk 29 final batch loss = 0.801139
  chunk 30 final batch loss = 0.158424
  chunk 31 final batch loss = 0.219502
  chunk 32 final batch loss = 0.691547
  chunk 33 final batch loss = 0.123626
  chunk 34 final batch loss = 0.301841
  chunk 35 final batch loss = 0.791530
  chunk 36 final batch loss = 0.624867
  chunk 37 final batch loss = 0.452105
  chunk 38 final batch loss = 0.118361
  chunk 39 final batch loss = 0.829865
  chunk 40 final batch loss = 0.154380
  chunk 41 final batch loss = 0.571139
  chunk 42 final batch loss = 0.089431
  chunk 43 final batch loss = 0.784269
  chunk 44 final batch loss = 0.215600
  chunk 45 final batch loss = 0.697275
  chunk 46 final batch loss = 0.099371
  chunk 47 final batch loss = 0.106806
  chunk 48 final batch loss = 0.160115
  chunk 49 final batch loss = 0.786396
  chunk 50 final batch loss = 0.714916
  chunk 51 final batch loss = 0.191977
  chunk 52 final batch loss = 0.115225
  chunk 53 final batch loss = 0.550696
  chunk 54 final batch loss = 0.209623
  chunk 55 final batch loss = 0.148480
  chunk 56 final batch loss = 0.679958
  chunk 57 final batch loss = 0.676201
  chunk 58 final batch loss = 0.660223
  chunk 59 final batch loss = 0.112791
  chunk 60 final batch loss = 0.592374
  chunk 61 final batch loss = 0.167061
  chunk 62 final batch loss = 0.210156
  chunk 63 final batch loss = 0.786097
  chunk 64 final batch loss = 0.793705
  chunk 65 final batch loss = 0.194432
  chunk 66 final batch loss = 0.550157
  chunk 67 final batch loss = 0.763596
  chunk 68 final batch loss = 0.249576
  chunk 69 final batch loss = 0.567566
  chunk 70 final batch loss = 0.089314
  chunk 71 final batch loss = 0.606788
  chunk 72 final batch loss = 0.686685
  chunk 73 final batch loss = 0.221190
  chunk 74 final batch loss = 0.513512
  chunk 75 final batch loss = 0.085187
  chunk 76 final batch loss = 0.051899
  chunk 77 final batch loss = 0.365162
  chunk 78 final batch loss = 0.735219
  chunk 79 final batch loss = 0.588102
Validation loss: 0.387375
Saved BEST checkpoint -> /workspace/train_17/checkpoints_17/transformer/best.pt
Saved checkpoint -> /workspace/train_17/checkpoints_17/transformer/epoch_19.pt
Epoch 20
  chunk 0 final batch loss = 0.772718
  chunk 1 final batch loss = 0.788514
  chunk 2 final batch loss = 0.288301
  chunk 3 final batch loss = 0.172307
  chunk 4 final batch loss = 0.700705
  chunk 5 final batch loss = 0.566707
  chunk 6 final batch loss = 0.097518
  chunk 7 final batch loss = 0.373154
  chunk 8 final batch loss = 0.163931
  chunk 9 final batch loss = 0.535343
  chunk 10 final batch loss = 0.227896
  chunk 11 final batch loss = 0.817721
  chunk 12 final batch loss = 0.586927
  chunk 13 final batch loss = 0.713824
  chunk 14 final batch loss = 0.303011
  chunk 15 final batch loss = 0.218439
  chunk 16 final batch loss = 0.191009
  chunk 17 final batch loss = 0.273751
  chunk 18 final batch loss = 0.586178
  chunk 19 final batch loss = 0.150187
  chunk 20 final batch loss = 0.796269
  chunk 21 final batch loss = 0.512247
  chunk 22 final batch loss = 0.787968
  chunk 23 final batch loss = 0.599094
  chunk 24 final batch loss = 0.795944
  chunk 25 final batch loss = 0.133351
  chunk 26 final batch loss = 0.829669
  chunk 27 final batch loss = 0.066723
  chunk 28 final batch loss = 0.133171
  chunk 29 final batch loss = 0.791113
  chunk 30 final batch loss = 0.279618
  chunk 31 final batch loss = 0.224883
  chunk 32 final batch loss = 0.677748
  chunk 33 final batch loss = 0.114301
  chunk 34 final batch loss = 0.286578
  chunk 35 final batch loss = 0.797192
  chunk 36 final batch loss = 0.658777
  chunk 37 final batch loss = 0.549281
  chunk 38 final batch loss = 0.115287
  chunk 39 final batch loss = 0.826843
  chunk 40 final batch loss = 0.141646
  chunk 41 final batch loss = 0.669958
  chunk 42 final batch loss = 0.162137
  chunk 43 final batch loss = 0.797406
  chunk 44 final batch loss = 0.185974
  chunk 45 final batch loss = 0.762544
  chunk 46 final batch loss = 0.121099
  chunk 47 final batch loss = 0.134642
  chunk 48 final batch loss = 0.132981
  chunk 49 final batch loss = 0.773085
  chunk 50 final batch loss = 0.648188
  chunk 51 final batch loss = 0.139261
  chunk 52 final batch loss = 0.063093
  chunk 53 final batch loss = 0.453274
  chunk 54 final batch loss = 0.233331
  chunk 55 final batch loss = 0.113071
  chunk 56 final batch loss = 0.688495
  chunk 57 final batch loss = 0.723888
  chunk 58 final batch loss = 0.667867
  chunk 59 final batch loss = 0.141068
  chunk 60 final batch loss = 0.579183
  chunk 61 final batch loss = 0.174425
  chunk 62 final batch loss = 0.199272
  chunk 63 final batch loss = 0.744416
  chunk 64 final batch loss = 0.785779
  chunk 65 final batch loss = 0.203437
  chunk 66 final batch loss = 0.556493
  chunk 67 final batch loss = 0.765887
  chunk 68 final batch loss = 0.459384
  chunk 69 final batch loss = 0.653850
  chunk 70 final batch loss = 0.071620
  chunk 71 final batch loss = 0.641813
  chunk 72 final batch loss = 0.699851
  chunk 73 final batch loss = 0.317753
  chunk 74 final batch loss = 0.536566
  chunk 75 final batch loss = 0.092199
  chunk 76 final batch loss = 0.049718
  chunk 77 final batch loss = 0.317335
  chunk 78 final batch loss = 0.779402
  chunk 79 final batch loss = 0.581340
Validation loss: 0.386804
Saved BEST checkpoint -> /workspace/train_17/checkpoints_17/transformer/best.pt
Saved checkpoint -> /workspace/train_17/checkpoints_17/transformer/epoch_20.pt
Epoch 21
  chunk 0 final batch loss = 0.804955
  chunk 1 final batch loss = 0.821675
  chunk 2 final batch loss = 0.414079
  chunk 3 final batch loss = 0.154035
  chunk 4 final batch loss = 0.780502
  chunk 5 final batch loss = 0.452610
  chunk 6 final batch loss = 0.106920
  chunk 7 final batch loss = 0.421224
  chunk 8 final batch loss = 0.232995
  chunk 9 final batch loss = 0.523084
  chunk 10 final batch loss = 0.290137
  chunk 11 final batch loss = 0.830086
  chunk 12 final batch loss = 0.696747
  chunk 13 final batch loss = 0.715327
  chunk 14 final batch loss = 0.323596
  chunk 15 final batch loss = 0.207243
  chunk 16 final batch loss = 0.192037
  chunk 17 final batch loss = 0.298227
  chunk 18 final batch loss = 0.494641
  chunk 19 final batch loss = 0.117823
  chunk 20 final batch loss = 0.844018
  chunk 21 final batch loss = 0.663724
  chunk 22 final batch loss = 0.790534
  chunk 23 final batch loss = 0.689454
  chunk 24 final batch loss = 0.739964
  chunk 25 final batch loss = 0.143924
  chunk 26 final batch loss = 0.772070
  chunk 27 final batch loss = 0.056077
  chunk 28 final batch loss = 0.084458
  chunk 29 final batch loss = 0.834592
  chunk 30 final batch loss = 0.172619
  chunk 31 final batch loss = 0.148469
  chunk 32 final batch loss = 0.685867
  chunk 33 final batch loss = 0.090566
  chunk 34 final batch loss = 0.438619
  chunk 35 final batch loss = 0.801973
  chunk 36 final batch loss = 0.536016
  chunk 37 final batch loss = 0.451706
  chunk 38 final batch loss = 0.095560
  chunk 39 final batch loss = 0.805158
  chunk 40 final batch loss = 0.115819
  chunk 41 final batch loss = 0.579459
  chunk 42 final batch loss = 0.137571
  chunk 43 final batch loss = 0.795488
  chunk 44 final batch loss = 0.246808
  chunk 45 final batch loss = 0.725805
  chunk 46 final batch loss = 0.075350
  chunk 47 final batch loss = 0.100923
  chunk 48 final batch loss = 0.132375
  chunk 49 final batch loss = 0.758325
  chunk 50 final batch loss = 0.689833
  chunk 51 final batch loss = 0.182426
  chunk 52 final batch loss = 0.068315
  chunk 53 final batch loss = 0.580742
  chunk 54 final batch loss = 0.272385
  chunk 55 final batch loss = 0.106885
  chunk 56 final batch loss = 0.693291
  chunk 57 final batch loss = 0.777620
  chunk 58 final batch loss = 0.598245
  chunk 59 final batch loss = 0.116408
  chunk 60 final batch loss = 0.582209
  chunk 61 final batch loss = 0.209217
  chunk 62 final batch loss = 0.202981
  chunk 63 final batch loss = 0.729801
  chunk 64 final batch loss = 0.803472
  chunk 65 final batch loss = 0.252776
  chunk 66 final batch loss = 0.583975
  chunk 67 final batch loss = 0.791982
  chunk 68 final batch loss = 0.427643
  chunk 69 final batch loss = 0.624881
  chunk 70 final batch loss = 0.093169
  chunk 71 final batch loss = 0.649720
  chunk 72 final batch loss = 0.757654
  chunk 73 final batch loss = 0.421512
  chunk 74 final batch loss = 0.508955
  chunk 75 final batch loss = 0.097163
  chunk 76 final batch loss = 0.055482
  chunk 77 final batch loss = 0.266529
  chunk 78 final batch loss = 0.717619
  chunk 79 final batch loss = 0.504742
Validation loss: 0.381263
Saved BEST checkpoint -> /workspace/train_17/checkpoints_17/transformer/best.pt
Saved checkpoint -> /workspace/train_17/checkpoints_17/transformer/epoch_21.pt
Epoch 22
  chunk 0 final batch loss = 0.816613
  chunk 1 final batch loss = 0.803175
  chunk 2 final batch loss = 0.380384
  chunk 3 final batch loss = 0.136441
  chunk 4 final batch loss = 0.788590
  chunk 5 final batch loss = 0.430521
  chunk 6 final batch loss = 0.076235
  chunk 7 final batch loss = 0.374860
  chunk 8 final batch loss = 0.244101
  chunk 9 final batch loss = 0.599473
  chunk 10 final batch loss = 0.275271
  chunk 11 final batch loss = 0.819504
  chunk 12 final batch loss = 0.695826
  chunk 13 final batch loss = 0.752596
  chunk 14 final batch loss = 0.303275
  chunk 15 final batch loss = 0.220713
  chunk 16 final batch loss = 0.182530
  chunk 17 final batch loss = 0.397690
  chunk 18 final batch loss = 0.586630
  chunk 19 final batch loss = 0.130622
  chunk 20 final batch loss = 0.765188
  chunk 21 final batch loss = 0.643946
  chunk 22 final batch loss = 0.761615
  chunk 23 final batch loss = 0.694331
  chunk 24 final batch loss = 0.819916
  chunk 25 final batch loss = 0.194077
  chunk 26 final batch loss = 0.784245
  chunk 27 final batch loss = 0.082709
  chunk 28 final batch loss = 0.085756
  chunk 29 final batch loss = 0.823984
  chunk 30 final batch loss = 0.120523
  chunk 31 final batch loss = 0.145793
  chunk 32 final batch loss = 0.709660
  chunk 33 final batch loss = 0.107329
  chunk 34 final batch loss = 0.307440
  chunk 35 final batch loss = 0.760592
  chunk 36 final batch loss = 0.625010
  chunk 37 final batch loss = 0.436472
  chunk 38 final batch loss = 0.093814
  chunk 39 final batch loss = 0.803431
  chunk 40 final batch loss = 0.105594
  chunk 41 final batch loss = 0.547047
  chunk 42 final batch loss = 0.086141
  chunk 43 final batch loss = 0.781796
  chunk 44 final batch loss = 0.241832
  chunk 45 final batch loss = 0.760363
  chunk 46 final batch loss = 0.115126
  chunk 47 final batch loss = 0.097154
  chunk 48 final batch loss = 0.209962
  chunk 49 final batch loss = 0.788339
  chunk 50 final batch loss = 0.571904
  chunk 51 final batch loss = 0.146752
  chunk 52 final batch loss = 0.066256
  chunk 53 final batch loss = 0.437185
  chunk 54 final batch loss = 0.257927
  chunk 55 final batch loss = 0.121956
  chunk 56 final batch loss = 0.696367
  chunk 57 final batch loss = 0.691303
  chunk 58 final batch loss = 0.514822
  chunk 59 final batch loss = 0.113716
  chunk 60 final batch loss = 0.639893
  chunk 61 final batch loss = 0.167245
  chunk 62 final batch loss = 0.204455
  chunk 63 final batch loss = 0.768683
  chunk 64 final batch loss = 0.780794
  chunk 65 final batch loss = 0.147429
  chunk 66 final batch loss = 0.607410
  chunk 67 final batch loss = 0.744592
  chunk 68 final batch loss = 0.452090
  chunk 69 final batch loss = 0.571101
  chunk 70 final batch loss = 0.105877
  chunk 71 final batch loss = 0.605956
  chunk 72 final batch loss = 0.763411
  chunk 73 final batch loss = 0.222514
  chunk 74 final batch loss = 0.545442
  chunk 75 final batch loss = 0.067648
  chunk 76 final batch loss = 0.068133
  chunk 77 final batch loss = 0.362243
  chunk 78 final batch loss = 0.755167
  chunk 79 final batch loss = 0.584241
Validation loss: 0.381519
No improvement for 1 epochs
Saved checkpoint -> /workspace/train_17/checkpoints_17/transformer/epoch_22.pt
Epoch 23
  chunk 0 final batch loss = 0.781902
  chunk 1 final batch loss = 0.796075
  chunk 2 final batch loss = 0.310640
  chunk 3 final batch loss = 0.144510
  chunk 4 final batch loss = 0.709826
  chunk 5 final batch loss = 0.445185
  chunk 6 final batch loss = 0.073527
  chunk 7 final batch loss = 0.410591
  chunk 8 final batch loss = 0.225849
  chunk 9 final batch loss = 0.577615
  chunk 10 final batch loss = 0.444759
  chunk 11 final batch loss = 0.798238
  chunk 12 final batch loss = 0.747506
  chunk 13 final batch loss = 0.716198
  chunk 14 final batch loss = 0.394358
  chunk 15 final batch loss = 0.208136
  chunk 16 final batch loss = 0.111266
  chunk 17 final batch loss = 0.216313
  chunk 18 final batch loss = 0.578418
  chunk 19 final batch loss = 0.147014
  chunk 20 final batch loss = 0.791571
  chunk 21 final batch loss = 0.618034
  chunk 22 final batch loss = 0.827076
  chunk 23 final batch loss = 0.608276
  chunk 24 final batch loss = 0.727757
  chunk 25 final batch loss = 0.141990
  chunk 26 final batch loss = 0.799347
  chunk 27 final batch loss = 0.044566
  chunk 28 final batch loss = 0.082724
  chunk 29 final batch loss = 0.787033
  chunk 30 final batch loss = 0.197951
  chunk 31 final batch loss = 0.156929
  chunk 32 final batch loss = 0.713273
  chunk 33 final batch loss = 0.085762
  chunk 34 final batch loss = 0.405317
  chunk 35 final batch loss = 0.801333
  chunk 36 final batch loss = 0.561027
  chunk 37 final batch loss = 0.383413
  chunk 38 final batch loss = 0.084997
  chunk 39 final batch loss = 0.810564
  chunk 40 final batch loss = 0.145608
  chunk 41 final batch loss = 0.516516
  chunk 42 final batch loss = 0.143231
  chunk 43 final batch loss = 0.765100
  chunk 44 final batch loss = 0.231670
  chunk 45 final batch loss = 0.740688
  chunk 46 final batch loss = 0.107504
  chunk 47 final batch loss = 0.091391
  chunk 48 final batch loss = 0.190071
  chunk 49 final batch loss = 0.794628
  chunk 50 final batch loss = 0.541509
  chunk 51 final batch loss = 0.178481
  chunk 52 final batch loss = 0.066919
  chunk 53 final batch loss = 0.485371
  chunk 54 final batch loss = 0.221212
  chunk 55 final batch loss = 0.157472
  chunk 56 final batch loss = 0.732450
  chunk 57 final batch loss = 0.693709
  chunk 58 final batch loss = 0.501622
  chunk 59 final batch loss = 0.137468
  chunk 60 final batch loss = 0.578172
  chunk 61 final batch loss = 0.125189
  chunk 62 final batch loss = 0.160931
  chunk 63 final batch loss = 0.749060
  chunk 64 final batch loss = 0.790108
  chunk 65 final batch loss = 0.208954
  chunk 66 final batch loss = 0.600113
  chunk 67 final batch loss = 0.781675
  chunk 68 final batch loss = 0.331138
  chunk 69 final batch loss = 0.600084
  chunk 70 final batch loss = 0.066564
  chunk 71 final batch loss = 0.668314
  chunk 72 final batch loss = 0.673546
  chunk 73 final batch loss = 0.272478
  chunk 74 final batch loss = 0.398518
  chunk 75 final batch loss = 0.086122
  chunk 76 final batch loss = 0.050019
  chunk 77 final batch loss = 0.306457
  chunk 78 final batch loss = 0.757091
  chunk 79 final batch loss = 0.666046
Validation loss: 0.379811
Saved BEST checkpoint -> /workspace/train_17/checkpoints_17/transformer/best.pt
Saved checkpoint -> /workspace/train_17/checkpoints_17/transformer/epoch_23.pt
Epoch 24
  chunk 0 final batch loss = 0.783969
  chunk 1 final batch loss = 0.776267
  chunk 2 final batch loss = 0.315394
  chunk 3 final batch loss = 0.168941
  chunk 4 final batch loss = 0.753738
  chunk 5 final batch loss = 0.436938
  chunk 6 final batch loss = 0.109793
  chunk 7 final batch loss = 0.356825
  chunk 8 final batch loss = 0.239471
  chunk 9 final batch loss = 0.537391
  chunk 10 final batch loss = 0.249539
  chunk 11 final batch loss = 0.799214
  chunk 12 final batch loss = 0.676729
  chunk 13 final batch loss = 0.652486
  chunk 14 final batch loss = 0.342946
  chunk 15 final batch loss = 0.165929
  chunk 16 final batch loss = 0.177991
  chunk 17 final batch loss = 0.393667
  chunk 18 final batch loss = 0.629438
  chunk 19 final batch loss = 0.209478
  chunk 20 final batch loss = 0.736282
  chunk 21 final batch loss = 0.522677
  chunk 22 final batch loss = 0.797077
  chunk 23 final batch loss = 0.619903
  chunk 24 final batch loss = 0.778270
  chunk 25 final batch loss = 0.158565
  chunk 26 final batch loss = 0.794157
  chunk 27 final batch loss = 0.056849
  chunk 28 final batch loss = 0.103188
  chunk 29 final batch loss = 0.764248
  chunk 30 final batch loss = 0.209557
  chunk 31 final batch loss = 0.186159
  chunk 32 final batch loss = 0.697396
  chunk 33 final batch loss = 0.121752
  chunk 34 final batch loss = 0.360164
  chunk 35 final batch loss = 0.795454
  chunk 36 final batch loss = 0.576246
  chunk 37 final batch loss = 0.486190
  chunk 38 final batch loss = 0.143901
  chunk 39 final batch loss = 0.800141
  chunk 40 final batch loss = 0.106112
  chunk 41 final batch loss = 0.703488
  chunk 42 final batch loss = 0.085054
  chunk 43 final batch loss = 0.798436
  chunk 44 final batch loss = 0.203589
  chunk 45 final batch loss = 0.725818
  chunk 46 final batch loss = 0.103222
  chunk 47 final batch loss = 0.114393
  chunk 48 final batch loss = 0.148210
  chunk 49 final batch loss = 0.780860
  chunk 50 final batch loss = 0.748281
  chunk 51 final batch loss = 0.233886
  chunk 52 final batch loss = 0.118823
  chunk 53 final batch loss = 0.487599
  chunk 54 final batch loss = 0.271466
  chunk 55 final batch loss = 0.135190
  chunk 56 final batch loss = 0.750474
  chunk 57 final batch loss = 0.791074
  chunk 58 final batch loss = 0.693672
  chunk 59 final batch loss = 0.103164
  chunk 60 final batch loss = 0.451219
  chunk 61 final batch loss = 0.141398
  chunk 62 final batch loss = 0.100653
  chunk 63 final batch loss = 0.652363
  chunk 64 final batch loss = 0.723757
  chunk 65 final batch loss = 0.225307
  chunk 66 final batch loss = 0.633135
  chunk 67 final batch loss = 0.719923
  chunk 68 final batch loss = 0.354644
  chunk 69 final batch loss = 0.637103
  chunk 70 final batch loss = 0.079174
  chunk 71 final batch loss = 0.664906
  chunk 72 final batch loss = 0.728509
  chunk 73 final batch loss = 0.347649
  chunk 74 final batch loss = 0.528150
  chunk 75 final batch loss = 0.073458
  chunk 76 final batch loss = 0.051406
  chunk 77 final batch loss = 0.305830
  chunk 78 final batch loss = 0.795445
  chunk 79 final batch loss = 0.565822
Validation loss: 0.376889
Saved BEST checkpoint -> /workspace/train_17/checkpoints_17/transformer/best.pt
Saved checkpoint -> /workspace/train_17/checkpoints_17/transformer/epoch_24.pt
Epoch 25
  chunk 0 final batch loss = 0.753366
  chunk 1 final batch loss = 0.783939
  chunk 2 final batch loss = 0.348775
  chunk 3 final batch loss = 0.218043
  chunk 4 final batch loss = 0.642114
  chunk 5 final batch loss = 0.381939
  chunk 6 final batch loss = 0.097706
  chunk 7 final batch loss = 0.431149
  chunk 8 final batch loss = 0.240813
  chunk 9 final batch loss = 0.709830
  chunk 10 final batch loss = 0.340011
  chunk 11 final batch loss = 0.815268
  chunk 12 final batch loss = 0.554664
  chunk 13 final batch loss = 0.678749
  chunk 14 final batch loss = 0.400832
  chunk 15 final batch loss = 0.181507
  chunk 16 final batch loss = 0.147732
  chunk 17 final batch loss = 0.320028
  chunk 18 final batch loss = 0.577424
  chunk 19 final batch loss = 0.094891
  chunk 20 final batch loss = 0.773284
  chunk 21 final batch loss = 0.585311
  chunk 22 final batch loss = 0.696690
  chunk 23 final batch loss = 0.473491
  chunk 24 final batch loss = 0.732833
  chunk 25 final batch loss = 0.134520
  chunk 26 final batch loss = 0.827522
  chunk 27 final batch loss = 0.056279
  chunk 28 final batch loss = 0.083112
  chunk 29 final batch loss = 0.785289
  chunk 30 final batch loss = 0.224490
  chunk 31 final batch loss = 0.139137
  chunk 32 final batch loss = 0.746414
  chunk 33 final batch loss = 0.077509
  chunk 34 final batch loss = 0.380381
  chunk 35 final batch loss = 0.777488
  chunk 36 final batch loss = 0.641128
  chunk 37 final batch loss = 0.422638
  chunk 38 final batch loss = 0.109495
  chunk 39 final batch loss = 0.818071
  chunk 40 final batch loss = 0.106177
  chunk 41 final batch loss = 0.604062
  chunk 42 final batch loss = 0.168946
  chunk 43 final batch loss = 0.773267
  chunk 44 final batch loss = 0.219196
  chunk 45 final batch loss = 0.639658
  chunk 46 final batch loss = 0.090605
  chunk 47 final batch loss = 0.101861
  chunk 48 final batch loss = 0.178079
  chunk 49 final batch loss = 0.815621
  chunk 50 final batch loss = 0.670221
  chunk 51 final batch loss = 0.129597
  chunk 52 final batch loss = 0.078989
  chunk 53 final batch loss = 0.414666
  chunk 54 final batch loss = 0.171886
  chunk 55 final batch loss = 0.099422
  chunk 56 final batch loss = 0.718731
  chunk 57 final batch loss = 0.747749
  chunk 58 final batch loss = 0.749874
  chunk 59 final batch loss = 0.087532
  chunk 60 final batch loss = 0.669654
  chunk 61 final batch loss = 0.171030
  chunk 62 final batch loss = 0.248057
  chunk 63 final batch loss = 0.744549
  chunk 64 final batch loss = 0.724565
  chunk 65 final batch loss = 0.185124
  chunk 66 final batch loss = 0.585297
  chunk 67 final batch loss = 0.803933
  chunk 68 final batch loss = 0.324549
  chunk 69 final batch loss = 0.559621
  chunk 70 final batch loss = 0.086183
  chunk 71 final batch loss = 0.593072
  chunk 72 final batch loss = 0.720202
  chunk 73 final batch loss = 0.328151
  chunk 74 final batch loss = 0.441893
  chunk 75 final batch loss = 0.086665
  chunk 76 final batch loss = 0.046263
  chunk 77 final batch loss = 0.320655
  chunk 78 final batch loss = 0.738463
  chunk 79 final batch loss = 0.635859
Validation loss: 0.370800
Saved BEST checkpoint -> /workspace/train_17/checkpoints_17/transformer/best.pt
Saved checkpoint -> /workspace/train_17/checkpoints_17/transformer/epoch_25.pt
Epoch 26
  chunk 0 final batch loss = 0.773936
  chunk 1 final batch loss = 0.713285
  chunk 2 final batch loss = 0.290160
  chunk 3 final batch loss = 0.144542
  chunk 4 final batch loss = 0.733059
  chunk 5 final batch loss = 0.449141
  chunk 6 final batch loss = 0.117304
  chunk 7 final batch loss = 0.244409
  chunk 8 final batch loss = 0.191242
  chunk 9 final batch loss = 0.473070
  chunk 10 final batch loss = 0.261858
  chunk 11 final batch loss = 0.805077
  chunk 12 final batch loss = 0.713624
  chunk 13 final batch loss = 0.585468
  chunk 14 final batch loss = 0.436665
  chunk 15 final batch loss = 0.231021
  chunk 16 final batch loss = 0.136991
  chunk 17 final batch loss = 0.405899
  chunk 18 final batch loss = 0.514835
  chunk 19 final batch loss = 0.168381
  chunk 20 final batch loss = 0.791207
  chunk 21 final batch loss = 0.700314
  chunk 22 final batch loss = 0.737753
  chunk 23 final batch loss = 0.619358
  chunk 24 final batch loss = 0.679806
  chunk 25 final batch loss = 0.128085
  chunk 26 final batch loss = 0.776878
  chunk 27 final batch loss = 0.054913
  chunk 28 final batch loss = 0.091473
  chunk 29 final batch loss = 0.797531
  chunk 30 final batch loss = 0.129485
  chunk 31 final batch loss = 0.157405
  chunk 32 final batch loss = 0.744759
  chunk 33 final batch loss = 0.078418
  chunk 34 final batch loss = 0.423854
  chunk 35 final batch loss = 0.789442
  chunk 36 final batch loss = 0.677794
  chunk 37 final batch loss = 0.480355
  chunk 38 final batch loss = 0.087546
  chunk 39 final batch loss = 0.792314
  chunk 40 final batch loss = 0.113311
  chunk 41 final batch loss = 0.700039
  chunk 42 final batch loss = 0.104182
  chunk 43 final batch loss = 0.792663
  chunk 44 final batch loss = 0.216231
  chunk 45 final batch loss = 0.787113
  chunk 46 final batch loss = 0.082614
  chunk 47 final batch loss = 0.091096
  chunk 48 final batch loss = 0.130282
  chunk 49 final batch loss = 0.735712
  chunk 50 final batch loss = 0.608436
  chunk 51 final batch loss = 0.166101
  chunk 52 final batch loss = 0.077771
  chunk 53 final batch loss = 0.494258
  chunk 54 final batch loss = 0.176205
  chunk 55 final batch loss = 0.099816
  chunk 56 final batch loss = 0.659035
  chunk 57 final batch loss = 0.694027
  chunk 58 final batch loss = 0.518603
  chunk 59 final batch loss = 0.081247
  chunk 60 final batch loss = 0.644149
  chunk 61 final batch loss = 0.162695
  chunk 62 final batch loss = 0.148153
  chunk 63 final batch loss = 0.707811
  chunk 64 final batch loss = 0.713513
  chunk 65 final batch loss = 0.215430
  chunk 66 final batch loss = 0.607220
  chunk 67 final batch loss = 0.763355
  chunk 68 final batch loss = 0.304788
  chunk 69 final batch loss = 0.540397
  chunk 70 final batch loss = 0.082288
  chunk 71 final batch loss = 0.629089
  chunk 72 final batch loss = 0.721854
  chunk 73 final batch loss = 0.346879
  chunk 74 final batch loss = 0.487036
  chunk 75 final batch loss = 0.080192
  chunk 76 final batch loss = 0.057437
  chunk 77 final batch loss = 0.286199
  chunk 78 final batch loss = 0.804802
  chunk 79 final batch loss = 0.596651
Validation loss: 0.370838
No improvement for 1 epochs
Saved checkpoint -> /workspace/train_17/checkpoints_17/transformer/epoch_26.pt
Epoch 27
  chunk 0 final batch loss = 0.794628
  chunk 1 final batch loss = 0.765850
  chunk 2 final batch loss = 0.347768
  chunk 3 final batch loss = 0.213325
  chunk 4 final batch loss = 0.726712
  chunk 5 final batch loss = 0.402850
  chunk 6 final batch loss = 0.080901
  chunk 7 final batch loss = 0.321341
  chunk 8 final batch loss = 0.259828
  chunk 9 final batch loss = 0.648551
  chunk 10 final batch loss = 0.315690
  chunk 11 final batch loss = 0.815470
  chunk 12 final batch loss = 0.649925
  chunk 13 final batch loss = 0.731639
  chunk 14 final batch loss = 0.309677
  chunk 15 final batch loss = 0.166314
  chunk 16 final batch loss = 0.223664
  chunk 17 final batch loss = 0.266725
  chunk 18 final batch loss = 0.663233
  chunk 19 final batch loss = 0.147703
  chunk 20 final batch loss = 0.794509
  chunk 21 final batch loss = 0.504370
  chunk 22 final batch loss = 0.707799
  chunk 23 final batch loss = 0.665934
  chunk 24 final batch loss = 0.812401
  chunk 25 final batch loss = 0.209028
  chunk 26 final batch loss = 0.748290
  chunk 27 final batch loss = 0.080888
  chunk 28 final batch loss = 0.105328
  chunk 29 final batch loss = 0.807282
  chunk 30 final batch loss = 0.240649
  chunk 31 final batch loss = 0.146254
  chunk 32 final batch loss = 0.737004
  chunk 33 final batch loss = 0.123643
  chunk 34 final batch loss = 0.409475
  chunk 35 final batch loss = 0.776668
  chunk 36 final batch loss = 0.611915
  chunk 37 final batch loss = 0.449576
  chunk 38 final batch loss = 0.111340
  chunk 39 final batch loss = 0.797612
  chunk 40 final batch loss = 0.140198
  chunk 41 final batch loss = 0.618538
  chunk 42 final batch loss = 0.124409
  chunk 43 final batch loss = 0.762932
  chunk 44 final batch loss = 0.141450
  chunk 45 final batch loss = 0.671180
  chunk 46 final batch loss = 0.072121
  chunk 47 final batch loss = 0.076475
  chunk 48 final batch loss = 0.125198
  chunk 49 final batch loss = 0.824168
  chunk 50 final batch loss = 0.577240
  chunk 51 final batch loss = 0.225954
  chunk 52 final batch loss = 0.096503
  chunk 53 final batch loss = 0.460081
  chunk 54 final batch loss = 0.197722
  chunk 55 final batch loss = 0.112401
  chunk 56 final batch loss = 0.756968
  chunk 57 final batch loss = 0.711805
  chunk 58 final batch loss = 0.493274
  chunk 59 final batch loss = 0.091229
  chunk 60 final batch loss = 0.601756
  chunk 61 final batch loss = 0.164393
  chunk 62 final batch loss = 0.152421
  chunk 63 final batch loss = 0.813679
  chunk 64 final batch loss = 0.746536
  chunk 65 final batch loss = 0.277808
  chunk 66 final batch loss = 0.567308
  chunk 67 final batch loss = 0.748712
  chunk 68 final batch loss = 0.221796
  chunk 69 final batch loss = 0.505537
  chunk 70 final batch loss = 0.060483
  chunk 71 final batch loss = 0.503974
  chunk 72 final batch loss = 0.779132
  chunk 73 final batch loss = 0.221211
  chunk 74 final batch loss = 0.522998
  chunk 75 final batch loss = 0.115311
  chunk 76 final batch loss = 0.057747
  chunk 77 final batch loss = 0.358493
  chunk 78 final batch loss = 0.776867
  chunk 79 final batch loss = 0.518373
Validation loss: 0.368444
Saved BEST checkpoint -> /workspace/train_17/checkpoints_17/transformer/best.pt
Saved checkpoint -> /workspace/train_17/checkpoints_17/transformer/epoch_27.pt
Epoch 28
  chunk 0 final batch loss = 0.790015
  chunk 1 final batch loss = 0.798070
  chunk 2 final batch loss = 0.345516
  chunk 3 final batch loss = 0.150455
  chunk 4 final batch loss = 0.721251
  chunk 5 final batch loss = 0.429430
  chunk 6 final batch loss = 0.076783
  chunk 7 final batch loss = 0.379310
  chunk 8 final batch loss = 0.265213
  chunk 9 final batch loss = 0.419806
  chunk 10 final batch loss = 0.215015
  chunk 11 final batch loss = 0.830426
  chunk 12 final batch loss = 0.620769
  chunk 13 final batch loss = 0.658459
  chunk 14 final batch loss = 0.319617
  chunk 15 final batch loss = 0.177371
  chunk 16 final batch loss = 0.159352
  chunk 17 final batch loss = 0.299671
  chunk 18 final batch loss = 0.623414
  chunk 19 final batch loss = 0.108504
  chunk 20 final batch loss = 0.759636
  chunk 21 final batch loss = 0.530139
  chunk 22 final batch loss = 0.780995
  chunk 23 final batch loss = 0.581432
  chunk 24 final batch loss = 0.769757
  chunk 25 final batch loss = 0.187164
  chunk 26 final batch loss = 0.801958
  chunk 27 final batch loss = 0.057581
  chunk 28 final batch loss = 0.111703
  chunk 29 final batch loss = 0.751308
  chunk 30 final batch loss = 0.182843
  chunk 31 final batch loss = 0.225021
  chunk 32 final batch loss = 0.702667
  chunk 33 final batch loss = 0.089317
  chunk 34 final batch loss = 0.295403
  chunk 35 final batch loss = 0.806427
  chunk 36 final batch loss = 0.683580
  chunk 37 final batch loss = 0.578477
  chunk 38 final batch loss = 0.113343
  chunk 39 final batch loss = 0.791758
  chunk 40 final batch loss = 0.094310
  chunk 41 final batch loss = 0.526221
  chunk 42 final batch loss = 0.103439
  chunk 43 final batch loss = 0.752201
  chunk 44 final batch loss = 0.195447
  chunk 45 final batch loss = 0.662867
  chunk 46 final batch loss = 0.105400
  chunk 47 final batch loss = 0.128095
  chunk 48 final batch loss = 0.145121
  chunk 49 final batch loss = 0.765745
  chunk 50 final batch loss = 0.606548
  chunk 51 final batch loss = 0.190605
  chunk 52 final batch loss = 0.086051
  chunk 53 final batch loss = 0.396342
  chunk 54 final batch loss = 0.188242
  chunk 55 final batch loss = 0.117619
  chunk 56 final batch loss = 0.636628
  chunk 57 final batch loss = 0.747048
  chunk 58 final batch loss = 0.542536
  chunk 59 final batch loss = 0.113576
  chunk 60 final batch loss = 0.580229
  chunk 61 final batch loss = 0.135934
  chunk 62 final batch loss = 0.163841
  chunk 63 final batch loss = 0.674049
  chunk 64 final batch loss = 0.746860
  chunk 65 final batch loss = 0.180197
  chunk 66 final batch loss = 0.536445
  chunk 67 final batch loss = 0.803181
  chunk 68 final batch loss = 0.412742
  chunk 69 final batch loss = 0.466702
  chunk 70 final batch loss = 0.090509
  chunk 71 final batch loss = 0.527055
  chunk 72 final batch loss = 0.718194
  chunk 73 final batch loss = 0.336152
  chunk 74 final batch loss = 0.374602
  chunk 75 final batch loss = 0.115294
  chunk 76 final batch loss = 0.068293
  chunk 77 final batch loss = 0.265389
  chunk 78 final batch loss = 0.775707
  chunk 79 final batch loss = 0.606302
Validation loss: 0.368634
No improvement for 1 epochs
Saved checkpoint -> /workspace/train_17/checkpoints_17/transformer/epoch_28.pt
Epoch 29
  chunk 0 final batch loss = 0.757438
  chunk 1 final batch loss = 0.794208
  chunk 2 final batch loss = 0.291273
  chunk 3 final batch loss = 0.129217
  chunk 4 final batch loss = 0.738426
  chunk 5 final batch loss = 0.463346
  chunk 6 final batch loss = 0.086077
  chunk 7 final batch loss = 0.289740
  chunk 8 final batch loss = 0.189602
  chunk 9 final batch loss = 0.524470
  chunk 10 final batch loss = 0.293600
  chunk 11 final batch loss = 0.800072
  chunk 12 final batch loss = 0.643147
  chunk 13 final batch loss = 0.693031
  chunk 14 final batch loss = 0.463326
  chunk 15 final batch loss = 0.168789
  chunk 16 final batch loss = 0.161156
  chunk 17 final batch loss = 0.288681
  chunk 18 final batch loss = 0.531377
  chunk 19 final batch loss = 0.109516
  chunk 20 final batch loss = 0.819320
  chunk 21 final batch loss = 0.670526
  chunk 22 final batch loss = 0.735882
  chunk 23 final batch loss = 0.527481
  chunk 24 final batch loss = 0.721750
  chunk 25 final batch loss = 0.196086
  chunk 26 final batch loss = 0.740566
  chunk 27 final batch loss = 0.075254
  chunk 28 final batch loss = 0.103853
  chunk 29 final batch loss = 0.832067
  chunk 30 final batch loss = 0.115569
  chunk 31 final batch loss = 0.143412
  chunk 32 final batch loss = 0.651079
  chunk 33 final batch loss = 0.131172
  chunk 34 final batch loss = 0.333290
  chunk 35 final batch loss = 0.799249
  chunk 36 final batch loss = 0.741075
  chunk 37 final batch loss = 0.556700
  chunk 38 final batch loss = 0.061459
  chunk 39 final batch loss = 0.816271
  chunk 40 final batch loss = 0.088342
  chunk 41 final batch loss = 0.671781
  chunk 42 final batch loss = 0.088493
  chunk 43 final batch loss = 0.809116
  chunk 44 final batch loss = 0.234979
  chunk 45 final batch loss = 0.766843
  chunk 46 final batch loss = 0.078716
  chunk 47 final batch loss = 0.126038
  chunk 48 final batch loss = 0.158515
  chunk 49 final batch loss = 0.764540
  chunk 50 final batch loss = 0.631331
  chunk 51 final batch loss = 0.161012
  chunk 52 final batch loss = 0.094495
  chunk 53 final batch loss = 0.460473
  chunk 54 final batch loss = 0.303425
  chunk 55 final batch loss = 0.119623
  chunk 56 final batch loss = 0.651626
  chunk 57 final batch loss = 0.736867
  chunk 58 final batch loss = 0.561420
  chunk 59 final batch loss = 0.121086
  chunk 60 final batch loss = 0.572709
  chunk 61 final batch loss = 0.098157
  chunk 62 final batch loss = 0.153366
  chunk 63 final batch loss = 0.731341
  chunk 64 final batch loss = 0.795674
  chunk 65 final batch loss = 0.196819
  chunk 66 final batch loss = 0.683599
  chunk 67 final batch loss = 0.783320
  chunk 68 final batch loss = 0.401884
  chunk 69 final batch loss = 0.596731
  chunk 70 final batch loss = 0.051246
  chunk 71 final batch loss = 0.682240
  chunk 72 final batch loss = 0.728496
  chunk 73 final batch loss = 0.302072
  chunk 74 final batch loss = 0.435726
  chunk 75 final batch loss = 0.087381
  chunk 76 final batch loss = 0.063089
  chunk 77 final batch loss = 0.380787
  chunk 78 final batch loss = 0.779392
  chunk 79 final batch loss = 0.593695
Validation loss: 0.367170
Saved BEST checkpoint -> /workspace/train_17/checkpoints_17/transformer/best.pt
Saved checkpoint -> /workspace/train_17/checkpoints_17/transformer/epoch_29.pt
Epoch 30
  chunk 0 final batch loss = 0.729261
  chunk 1 final batch loss = 0.798668
  chunk 2 final batch loss = 0.293337
  chunk 3 final batch loss = 0.115060
  chunk 4 final batch loss = 0.667363
  chunk 5 final batch loss = 0.377104
  chunk 6 final batch loss = 0.081252
  chunk 7 final batch loss = 0.506128
  chunk 8 final batch loss = 0.205654
  chunk 9 final batch loss = 0.636723
  chunk 10 final batch loss = 0.345562
  chunk 11 final batch loss = 0.783334
  chunk 12 final batch loss = 0.676604
  chunk 13 final batch loss = 0.607470
  chunk 14 final batch loss = 0.328680
  chunk 15 final batch loss = 0.173140
  chunk 16 final batch loss = 0.168672
  chunk 17 final batch loss = 0.313152
  chunk 18 final batch loss = 0.578814
  chunk 19 final batch loss = 0.126462
  chunk 20 final batch loss = 0.782109
  chunk 21 final batch loss = 0.557937
  chunk 22 final batch loss = 0.826528
  chunk 23 final batch loss = 0.685739
  chunk 24 final batch loss = 0.747407
  chunk 25 final batch loss = 0.225628
  chunk 26 final batch loss = 0.787115
  chunk 27 final batch loss = 0.056003
  chunk 28 final batch loss = 0.102007
  chunk 29 final batch loss = 0.768153
  chunk 30 final batch loss = 0.133317
  chunk 31 final batch loss = 0.154229
  chunk 32 final batch loss = 0.729656
  chunk 33 final batch loss = 0.091605
  chunk 34 final batch loss = 0.308230
  chunk 35 final batch loss = 0.759055
  chunk 36 final batch loss = 0.715284
  chunk 37 final batch loss = 0.431820
  chunk 38 final batch loss = 0.102967
  chunk 39 final batch loss = 0.823844
  chunk 40 final batch loss = 0.118891
  chunk 41 final batch loss = 0.485321
  chunk 42 final batch loss = 0.090226
  chunk 43 final batch loss = 0.797848
  chunk 44 final batch loss = 0.316319
  chunk 45 final batch loss = 0.755747
  chunk 46 final batch loss = 0.099505
  chunk 47 final batch loss = 0.066798
  chunk 48 final batch loss = 0.161673
  chunk 49 final batch loss = 0.774895
  chunk 50 final batch loss = 0.581895
  chunk 51 final batch loss = 0.128482
  chunk 52 final batch loss = 0.093020
  chunk 53 final batch loss = 0.491619
  chunk 54 final batch loss = 0.194940
  chunk 55 final batch loss = 0.130329
  chunk 56 final batch loss = 0.693809
  chunk 57 final batch loss = 0.753525
  chunk 58 final batch loss = 0.606436
  chunk 59 final batch loss = 0.111055
  chunk 60 final batch loss = 0.564272
  chunk 61 final batch loss = 0.213826
  chunk 62 final batch loss = 0.147726
  chunk 63 final batch loss = 0.690208
  chunk 64 final batch loss = 0.740714
  chunk 65 final batch loss = 0.184499
  chunk 66 final batch loss = 0.517724
  chunk 67 final batch loss = 0.769003
  chunk 68 final batch loss = 0.308520
  chunk 69 final batch loss = 0.494365
  chunk 70 final batch loss = 0.061909
  chunk 71 final batch loss = 0.685073
  chunk 72 final batch loss = 0.642855
  chunk 73 final batch loss = 0.371311
  chunk 74 final batch loss = 0.489445
  chunk 75 final batch loss = 0.081573
  chunk 76 final batch loss = 0.051099
  chunk 77 final batch loss = 0.313278
  chunk 78 final batch loss = 0.750569
  chunk 79 final batch loss = 0.621721
Validation loss: 0.367321
No improvement for 1 epochs
Saved checkpoint -> /workspace/train_17/checkpoints_17/transformer/epoch_30.pt
Epoch 31
  chunk 0 final batch loss = 0.789484
  chunk 1 final batch loss = 0.776462
  chunk 2 final batch loss = 0.260119
  chunk 3 final batch loss = 0.197769
  chunk 4 final batch loss = 0.657831
  chunk 5 final batch loss = 0.296468
  chunk 6 final batch loss = 0.075464
  chunk 7 final batch loss = 0.283589
  chunk 8 final batch loss = 0.253148
  chunk 9 final batch loss = 0.559932
  chunk 10 final batch loss = 0.234726
  chunk 11 final batch loss = 0.809824
  chunk 12 final batch loss = 0.642785
  chunk 13 final batch loss = 0.697111
  chunk 14 final batch loss = 0.210320
  chunk 15 final batch loss = 0.158706
  chunk 16 final batch loss = 0.154183
  chunk 17 final batch loss = 0.368729
  chunk 18 final batch loss = 0.621682
  chunk 19 final batch loss = 0.155009
  chunk 20 final batch loss = 0.771787
  chunk 21 final batch loss = 0.596728
  chunk 22 final batch loss = 0.758700
  chunk 23 final batch loss = 0.492621
  chunk 24 final batch loss = 0.774601
  chunk 25 final batch loss = 0.152393
  chunk 26 final batch loss = 0.700512
  chunk 27 final batch loss = 0.045790
  chunk 28 final batch loss = 0.069435
  chunk 29 final batch loss = 0.773897
  chunk 30 final batch loss = 0.237627
  chunk 31 final batch loss = 0.159989
  chunk 32 final batch loss = 0.744617
  chunk 33 final batch loss = 0.054924
  chunk 34 final batch loss = 0.270388
  chunk 35 final batch loss = 0.786628
  chunk 36 final batch loss = 0.731021
  chunk 37 final batch loss = 0.514696
  chunk 38 final batch loss = 0.114041
  chunk 39 final batch loss = 0.808920
  chunk 40 final batch loss = 0.119778
  chunk 41 final batch loss = 0.674354
  chunk 42 final batch loss = 0.102711
  chunk 43 final batch loss = 0.778890
  chunk 44 final batch loss = 0.204912
  chunk 45 final batch loss = 0.707185
  chunk 46 final batch loss = 0.055298
  chunk 47 final batch loss = 0.089411
  chunk 48 final batch loss = 0.176179
  chunk 49 final batch loss = 0.748269
  chunk 50 final batch loss = 0.723169
  chunk 51 final batch loss = 0.169587
  chunk 52 final batch loss = 0.090230
  chunk 53 final batch loss = 0.488771
  chunk 54 final batch loss = 0.204766
  chunk 55 final batch loss = 0.124866
  chunk 56 final batch loss = 0.720638
  chunk 57 final batch loss = 0.681167
  chunk 58 final batch loss = 0.492355
  chunk 59 final batch loss = 0.110346
  chunk 60 final batch loss = 0.679889
  chunk 61 final batch loss = 0.165624
  chunk 62 final batch loss = 0.167209
  chunk 63 final batch loss = 0.745778
  chunk 64 final batch loss = 0.830861
  chunk 65 final batch loss = 0.129580
  chunk 66 final batch loss = 0.662684
  chunk 67 final batch loss = 0.801361
  chunk 68 final batch loss = 0.412658
  chunk 69 final batch loss = 0.637870
  chunk 70 final batch loss = 0.064119
  chunk 71 final batch loss = 0.585438
  chunk 72 final batch loss = 0.645626
  chunk 73 final batch loss = 0.346468
  chunk 74 final batch loss = 0.462834
  chunk 75 final batch loss = 0.068178
  chunk 76 final batch loss = 0.061985
  chunk 77 final batch loss = 0.352057
  chunk 78 final batch loss = 0.731903
  chunk 79 final batch loss = 0.493752
Validation loss: 0.364520
Saved BEST checkpoint -> /workspace/train_17/checkpoints_17/transformer/best.pt
Saved checkpoint -> /workspace/train_17/checkpoints_17/transformer/epoch_31.pt
Epoch 32
  chunk 0 final batch loss = 0.758546
  chunk 1 final batch loss = 0.776380
  chunk 2 final batch loss = 0.285121
  chunk 3 final batch loss = 0.172238
  chunk 4 final batch loss = 0.727107
  chunk 5 final batch loss = 0.493245
  chunk 6 final batch loss = 0.073472
  chunk 7 final batch loss = 0.347684
  chunk 8 final batch loss = 0.188792
  chunk 9 final batch loss = 0.599325
  chunk 10 final batch loss = 0.324995
  chunk 11 final batch loss = 0.832165
  chunk 12 final batch loss = 0.706799
  chunk 13 final batch loss = 0.669952
  chunk 14 final batch loss = 0.388840
  chunk 15 final batch loss = 0.140945
  chunk 16 final batch loss = 0.169554
  chunk 17 final batch loss = 0.187989
  chunk 18 final batch loss = 0.597555
  chunk 19 final batch loss = 0.156863
  chunk 20 final batch loss = 0.752090
  chunk 21 final batch loss = 0.635126
  chunk 22 final batch loss = 0.723399
  chunk 23 final batch loss = 0.526723
  chunk 24 final batch loss = 0.794313
  chunk 25 final batch loss = 0.149693
  chunk 26 final batch loss = 0.790734
  chunk 27 final batch loss = 0.050768
  chunk 28 final batch loss = 0.111681
  chunk 29 final batch loss = 0.779902
  chunk 30 final batch loss = 0.139587
  chunk 31 final batch loss = 0.195775
  chunk 32 final batch loss = 0.660832
  chunk 33 final batch loss = 0.076111
  chunk 34 final batch loss = 0.353701
  chunk 35 final batch loss = 0.772691
  chunk 36 final batch loss = 0.524021
  chunk 37 final batch loss = 0.472623
  chunk 38 final batch loss = 0.093033
  chunk 39 final batch loss = 0.791486
  chunk 40 final batch loss = 0.111375
  chunk 41 final batch loss = 0.561115
  chunk 42 final batch loss = 0.088216
  chunk 43 final batch loss = 0.763708
  chunk 44 final batch loss = 0.236327
  chunk 45 final batch loss = 0.675476
  chunk 46 final batch loss = 0.081355
  chunk 47 final batch loss = 0.064097
  chunk 48 final batch loss = 0.150423
  chunk 49 final batch loss = 0.779250
  chunk 50 final batch loss = 0.656111
  chunk 51 final batch loss = 0.221977
  chunk 52 final batch loss = 0.101862
  chunk 53 final batch loss = 0.486011
  chunk 54 final batch loss = 0.189887
  chunk 55 final batch loss = 0.077837
  chunk 56 final batch loss = 0.710824
  chunk 57 final batch loss = 0.713854
  chunk 58 final batch loss = 0.550625
  chunk 59 final batch loss = 0.103423
  chunk 60 final batch loss = 0.659115
  chunk 61 final batch loss = 0.165092
  chunk 62 final batch loss = 0.102399
  chunk 63 final batch loss = 0.769165
  chunk 64 final batch loss = 0.757691
  chunk 65 final batch loss = 0.205677
  chunk 66 final batch loss = 0.626580
  chunk 67 final batch loss = 0.765481
  chunk 68 final batch loss = 0.301692
  chunk 69 final batch loss = 0.484856
  chunk 70 final batch loss = 0.086935
  chunk 71 final batch loss = 0.558760
  chunk 72 final batch loss = 0.623047
  chunk 73 final batch loss = 0.177719
  chunk 74 final batch loss = 0.517320
  chunk 75 final batch loss = 0.071076
  chunk 76 final batch loss = 0.048633
  chunk 77 final batch loss = 0.355689
  chunk 78 final batch loss = 0.758250
  chunk 79 final batch loss = 0.500790
Validation loss: 0.364019
Saved BEST checkpoint -> /workspace/train_17/checkpoints_17/transformer/best.pt
Saved checkpoint -> /workspace/train_17/checkpoints_17/transformer/epoch_32.pt
Epoch 33
  chunk 0 final batch loss = 0.783271
  chunk 1 final batch loss = 0.794218
  chunk 2 final batch loss = 0.277087
  chunk 3 final batch loss = 0.171893
  chunk 4 final batch loss = 0.630332
  chunk 5 final batch loss = 0.417111
  chunk 6 final batch loss = 0.053200
  chunk 7 final batch loss = 0.344730
  chunk 8 final batch loss = 0.204705
  chunk 9 final batch loss = 0.529652
  chunk 10 final batch loss = 0.354762
  chunk 11 final batch loss = 0.815984
  chunk 12 final batch loss = 0.673563
  chunk 13 final batch loss = 0.668064
  chunk 14 final batch loss = 0.327228
  chunk 15 final batch loss = 0.163412
  chunk 16 final batch loss = 0.163325
  chunk 17 final batch loss = 0.255042
  chunk 18 final batch loss = 0.568381
  chunk 19 final batch loss = 0.098610
  chunk 20 final batch loss = 0.749693
  chunk 21 final batch loss = 0.616357
  chunk 22 final batch loss = 0.787862
  chunk 23 final batch loss = 0.627863
  chunk 24 final batch loss = 0.777527
  chunk 25 final batch loss = 0.154558
  chunk 26 final batch loss = 0.798199
  chunk 27 final batch loss = 0.046452
  chunk 28 final batch loss = 0.104375
  chunk 29 final batch loss = 0.727810
  chunk 30 final batch loss = 0.129478
  chunk 31 final batch loss = 0.157884
  chunk 32 final batch loss = 0.672843
  chunk 33 final batch loss = 0.072268
  chunk 34 final batch loss = 0.346367
  chunk 35 final batch loss = 0.783681
  chunk 36 final batch loss = 0.535937
  chunk 37 final batch loss = 0.504379
  chunk 38 final batch loss = 0.078302
  chunk 39 final batch loss = 0.819909
  chunk 40 final batch loss = 0.124515
  chunk 41 final batch loss = 0.700224
  chunk 42 final batch loss = 0.088977
  chunk 43 final batch loss = 0.796047
  chunk 44 final batch loss = 0.232157
  chunk 45 final batch loss = 0.735793
  chunk 46 final batch loss = 0.115888
  chunk 47 final batch loss = 0.059669
  chunk 48 final batch loss = 0.130636
  chunk 49 final batch loss = 0.766375
  chunk 50 final batch loss = 0.561809
  chunk 51 final batch loss = 0.151669
  chunk 52 final batch loss = 0.070307
  chunk 53 final batch loss = 0.513303
  chunk 54 final batch loss = 0.216284
  chunk 55 final batch loss = 0.129281
  chunk 56 final batch loss = 0.726712
  chunk 57 final batch loss = 0.627272
  chunk 58 final batch loss = 0.495006
  chunk 59 final batch loss = 0.114269
  chunk 60 final batch loss = 0.536724
  chunk 61 final batch loss = 0.158493
  chunk 62 final batch loss = 0.229704
  chunk 63 final batch loss = 0.765339
  chunk 64 final batch loss = 0.768617
  chunk 65 final batch loss = 0.166123
  chunk 66 final batch loss = 0.585160
  chunk 67 final batch loss = 0.782719
  chunk 68 final batch loss = 0.347585
  chunk 69 final batch loss = 0.560629
  chunk 70 final batch loss = 0.073134
  chunk 71 final batch loss = 0.557440
  chunk 72 final batch loss = 0.624040
  chunk 73 final batch loss = 0.284893
  chunk 74 final batch loss = 0.344907
  chunk 75 final batch loss = 0.094845
  chunk 76 final batch loss = 0.042688
  chunk 77 final batch loss = 0.343287
  chunk 78 final batch loss = 0.826127
  chunk 79 final batch loss = 0.614671
Validation loss: 0.360531
Saved BEST checkpoint -> /workspace/train_17/checkpoints_17/transformer/best.pt
Saved checkpoint -> /workspace/train_17/checkpoints_17/transformer/epoch_33.pt
Epoch 34
  chunk 0 final batch loss = 0.781458
  chunk 1 final batch loss = 0.797044
  chunk 2 final batch loss = 0.247878
  chunk 3 final batch loss = 0.144968
  chunk 4 final batch loss = 0.700537
  chunk 5 final batch loss = 0.459314
  chunk 6 final batch loss = 0.073480
  chunk 7 final batch loss = 0.327900
  chunk 8 final batch loss = 0.187036
  chunk 9 final batch loss = 0.529967
  chunk 10 final batch loss = 0.408031
  chunk 11 final batch loss = 0.792053
  chunk 12 final batch loss = 0.713825
  chunk 13 final batch loss = 0.630306
  chunk 14 final batch loss = 0.445582
  chunk 15 final batch loss = 0.131657
  chunk 16 final batch loss = 0.181554
  chunk 17 final batch loss = 0.352739
  chunk 18 final batch loss = 0.515732
  chunk 19 final batch loss = 0.108987
  chunk 20 final batch loss = 0.772428
  chunk 21 final batch loss = 0.573211
  chunk 22 final batch loss = 0.735920
  chunk 23 final batch loss = 0.517462
  chunk 24 final batch loss = 0.781533
  chunk 25 final batch loss = 0.125229
  chunk 26 final batch loss = 0.784733
  chunk 27 final batch loss = 0.042257
  chunk 28 final batch loss = 0.061442
  chunk 29 final batch loss = 0.711167
  chunk 30 final batch loss = 0.196214
  chunk 31 final batch loss = 0.155724
  chunk 32 final batch loss = 0.700072
  chunk 33 final batch loss = 0.113942
  chunk 34 final batch loss = 0.294070
  chunk 35 final batch loss = 0.806313
  chunk 36 final batch loss = 0.635115
  chunk 37 final batch loss = 0.500514
  chunk 38 final batch loss = 0.093807
  chunk 39 final batch loss = 0.824038
  chunk 40 final batch loss = 0.109629
  chunk 41 final batch loss = 0.773516
  chunk 42 final batch loss = 0.126501
  chunk 43 final batch loss = 0.793557
  chunk 44 final batch loss = 0.201473
  chunk 45 final batch loss = 0.727285
  chunk 46 final batch loss = 0.054540
  chunk 47 final batch loss = 0.083762
  chunk 48 final batch loss = 0.188627
  chunk 49 final batch loss = 0.694566
  chunk 50 final batch loss = 0.566166
  chunk 51 final batch loss = 0.154949
  chunk 52 final batch loss = 0.093134
  chunk 53 final batch loss = 0.422283
  chunk 54 final batch loss = 0.265540
  chunk 55 final batch loss = 0.097474
  chunk 56 final batch loss = 0.641550
  chunk 57 final batch loss = 0.779612
  chunk 58 final batch loss = 0.480918
  chunk 59 final batch loss = 0.111304
  chunk 60 final batch loss = 0.641534
  chunk 61 final batch loss = 0.146655
  chunk 62 final batch loss = 0.198598
  chunk 63 final batch loss = 0.751820
  chunk 64 final batch loss = 0.764840
  chunk 65 final batch loss = 0.182457
  chunk 66 final batch loss = 0.624145
  chunk 67 final batch loss = 0.768720
  chunk 68 final batch loss = 0.258154
  chunk 69 final batch loss = 0.587465
  chunk 70 final batch loss = 0.069898
  chunk 71 final batch loss = 0.712547
  chunk 72 final batch loss = 0.746832
  chunk 73 final batch loss = 0.204404
  chunk 74 final batch loss = 0.548659
  chunk 75 final batch loss = 0.069527
  chunk 76 final batch loss = 0.060155
  chunk 77 final batch loss = 0.381408
  chunk 78 final batch loss = 0.743251
  chunk 79 final batch loss = 0.575352
Validation loss: 0.361296
No improvement for 1 epochs
Saved checkpoint -> /workspace/train_17/checkpoints_17/transformer/epoch_34.pt
Epoch 35
  chunk 0 final batch loss = 0.753922
  chunk 1 final batch loss = 0.757591
  chunk 2 final batch loss = 0.375216
  chunk 3 final batch loss = 0.201507
  chunk 4 final batch loss = 0.779665
  chunk 5 final batch loss = 0.425743
  chunk 6 final batch loss = 0.071952
  chunk 7 final batch loss = 0.334043
  chunk 8 final batch loss = 0.242527
  chunk 9 final batch loss = 0.656725
  chunk 10 final batch loss = 0.284536
  chunk 11 final batch loss = 0.802047
  chunk 12 final batch loss = 0.497308
  chunk 13 final batch loss = 0.609125
  chunk 14 final batch loss = 0.291739
  chunk 15 final batch loss = 0.126639
  chunk 16 final batch loss = 0.186575
  chunk 17 final batch loss = 0.368945
  chunk 18 final batch loss = 0.487462
  chunk 19 final batch loss = 0.117501
  chunk 20 final batch loss = 0.781335
  chunk 21 final batch loss = 0.546816
  chunk 22 final batch loss = 0.756002
  chunk 23 final batch loss = 0.559587
  chunk 24 final batch loss = 0.810652
  chunk 25 final batch loss = 0.100727
  chunk 26 final batch loss = 0.797912
  chunk 27 final batch loss = 0.044812
  chunk 28 final batch loss = 0.059366
  chunk 29 final batch loss = 0.796453
  chunk 30 final batch loss = 0.178538
  chunk 31 final batch loss = 0.191731
  chunk 32 final batch loss = 0.774326
  chunk 33 final batch loss = 0.084511
  chunk 34 final batch loss = 0.299914
  chunk 35 final batch loss = 0.781804
  chunk 36 final batch loss = 0.607255
  chunk 37 final batch loss = 0.484153
  chunk 38 final batch loss = 0.105820
  chunk 39 final batch loss = 0.781063
  chunk 40 final batch loss = 0.094631
  chunk 41 final batch loss = 0.574286
  chunk 42 final batch loss = 0.102555
  chunk 43 final batch loss = 0.762746
  chunk 44 final batch loss = 0.176086
  chunk 45 final batch loss = 0.705030
  chunk 46 final batch loss = 0.145009
  chunk 47 final batch loss = 0.143107
  chunk 48 final batch loss = 0.204594
  chunk 49 final batch loss = 0.697107
  chunk 50 final batch loss = 0.722900
  chunk 51 final batch loss = 0.144012
  chunk 52 final batch loss = 0.059340
  chunk 53 final batch loss = 0.467208
  chunk 54 final batch loss = 0.143465
  chunk 55 final batch loss = 0.078196
  chunk 56 final batch loss = 0.630032
  chunk 57 final batch loss = 0.723589
  chunk 58 final batch loss = 0.630673
  chunk 59 final batch loss = 0.076230
  chunk 60 final batch loss = 0.548702
  chunk 61 final batch loss = 0.135473
  chunk 62 final batch loss = 0.197921
  chunk 63 final batch loss = 0.753203
  chunk 64 final batch loss = 0.765719
  chunk 65 final batch loss = 0.210150
  chunk 66 final batch loss = 0.582460
  chunk 67 final batch loss = 0.747885
  chunk 68 final batch loss = 0.269798
  chunk 69 final batch loss = 0.599703
  chunk 70 final batch loss = 0.073432
  chunk 71 final batch loss = 0.681189
  chunk 72 final batch loss = 0.731185
  chunk 73 final batch loss = 0.367955
  chunk 74 final batch loss = 0.489186
  chunk 75 final batch loss = 0.108734
  chunk 76 final batch loss = 0.056670
  chunk 77 final batch loss = 0.360235
  chunk 78 final batch loss = 0.755789
  chunk 79 final batch loss = 0.580192
Validation loss: 0.363417
No improvement for 2 epochs
Saved checkpoint -> /workspace/train_17/checkpoints_17/transformer/epoch_35.pt
Epoch 36
  chunk 0 final batch loss = 0.746456
  chunk 1 final batch loss = 0.806275
  chunk 2 final batch loss = 0.241474
  chunk 3 final batch loss = 0.197842
  chunk 4 final batch loss = 0.743401
  chunk 5 final batch loss = 0.527906
  chunk 6 final batch loss = 0.062936
  chunk 7 final batch loss = 0.339380
  chunk 8 final batch loss = 0.263817
  chunk 9 final batch loss = 0.601593
  chunk 10 final batch loss = 0.373421
  chunk 11 final batch loss = 0.804274
  chunk 12 final batch loss = 0.612555
  chunk 13 final batch loss = 0.741525
  chunk 14 final batch loss = 0.234200
  chunk 15 final batch loss = 0.146556
  chunk 16 final batch loss = 0.159291
  chunk 17 final batch loss = 0.341451
  chunk 18 final batch loss = 0.517882
  chunk 19 final batch loss = 0.096719
  chunk 20 final batch loss = 0.717305
  chunk 21 final batch loss = 0.580215
  chunk 22 final batch loss = 0.707055
  chunk 23 final batch loss = 0.628061
  chunk 24 final batch loss = 0.742944
  chunk 25 final batch loss = 0.141334
  chunk 26 final batch loss = 0.778759
  chunk 27 final batch loss = 0.055774
  chunk 28 final batch loss = 0.088852
  chunk 29 final batch loss = 0.780663
  chunk 30 final batch loss = 0.162589
  chunk 31 final batch loss = 0.132344
  chunk 32 final batch loss = 0.726555
  chunk 33 final batch loss = 0.080249
  chunk 34 final batch loss = 0.266454
  chunk 35 final batch loss = 0.811099
  chunk 36 final batch loss = 0.589616
  chunk 37 final batch loss = 0.480267
  chunk 38 final batch loss = 0.072451
  chunk 39 final batch loss = 0.834632
  chunk 40 final batch loss = 0.138022
  chunk 41 final batch loss = 0.554736
  chunk 42 final batch loss = 0.068497
  chunk 43 final batch loss = 0.769880
  chunk 44 final batch loss = 0.156826
  chunk 45 final batch loss = 0.701868
  chunk 46 final batch loss = 0.113254
  chunk 47 final batch loss = 0.067666
  chunk 48 final batch loss = 0.158160
  chunk 49 final batch loss = 0.726018
  chunk 50 final batch loss = 0.500435
  chunk 51 final batch loss = 0.155299
  chunk 52 final batch loss = 0.065092
  chunk 53 final batch loss = 0.411071
  chunk 54 final batch loss = 0.194315
  chunk 55 final batch loss = 0.128358
  chunk 56 final batch loss = 0.734008
  chunk 57 final batch loss = 0.743955
  chunk 58 final batch loss = 0.529836
  chunk 59 final batch loss = 0.130571
  chunk 60 final batch loss = 0.523223
  chunk 61 final batch loss = 0.154896
  chunk 62 final batch loss = 0.233542
  chunk 63 final batch loss = 0.737414
  chunk 64 final batch loss = 0.794873
  chunk 65 final batch loss = 0.243628
  chunk 66 final batch loss = 0.506818
  chunk 67 final batch loss = 0.792207
  chunk 68 final batch loss = 0.296275
  chunk 69 final batch loss = 0.611925
  chunk 70 final batch loss = 0.067799
  chunk 71 final batch loss = 0.642380
  chunk 72 final batch loss = 0.614810
  chunk 73 final batch loss = 0.244062
  chunk 74 final batch loss = 0.358614
  chunk 75 final batch loss = 0.080741
  chunk 76 final batch loss = 0.053718
  chunk 77 final batch loss = 0.194075
  chunk 78 final batch loss = 0.750278
  chunk 79 final batch loss = 0.580434
Validation loss: 0.360788
No improvement for 3 epochs
Saved checkpoint -> /workspace/train_17/checkpoints_17/transformer/epoch_36.pt
Epoch 37
  chunk 0 final batch loss = 0.807974
  chunk 1 final batch loss = 0.771914
  chunk 2 final batch loss = 0.382628
  chunk 3 final batch loss = 0.135006
  chunk 4 final batch loss = 0.710822
  chunk 5 final batch loss = 0.464807
  chunk 6 final batch loss = 0.081560
  chunk 7 final batch loss = 0.340855
  chunk 8 final batch loss = 0.199122
  chunk 9 final batch loss = 0.444415
  chunk 10 final batch loss = 0.432716
  chunk 11 final batch loss = 0.800966
  chunk 12 final batch loss = 0.708441
  chunk 13 final batch loss = 0.634138
  chunk 14 final batch loss = 0.334761
  chunk 15 final batch loss = 0.131375
  chunk 16 final batch loss = 0.203723
  chunk 17 final batch loss = 0.294401
  chunk 18 final batch loss = 0.582131
  chunk 19 final batch loss = 0.073259
  chunk 20 final batch loss = 0.745711
  chunk 21 final batch loss = 0.584508
  chunk 22 final batch loss = 0.727263
  chunk 23 final batch loss = 0.620127
  chunk 24 final batch loss = 0.746746
  chunk 25 final batch loss = 0.204851
  chunk 26 final batch loss = 0.720336
  chunk 27 final batch loss = 0.056528
  chunk 28 final batch loss = 0.110899
  chunk 29 final batch loss = 0.770406
  chunk 30 final batch loss = 0.176869
  chunk 31 final batch loss = 0.149250
  chunk 32 final batch loss = 0.763218
  chunk 33 final batch loss = 0.074006
  chunk 34 final batch loss = 0.289478
  chunk 35 final batch loss = 0.745216
  chunk 36 final batch loss = 0.642351
  chunk 37 final batch loss = 0.443840
  chunk 38 final batch loss = 0.081994
  chunk 39 final batch loss = 0.789025
  chunk 40 final batch loss = 0.112487
  chunk 41 final batch loss = 0.558528
  chunk 42 final batch loss = 0.111577
  chunk 43 final batch loss = 0.775303
  chunk 44 final batch loss = 0.228268
  chunk 45 final batch loss = 0.560832
  chunk 46 final batch loss = 0.081872
  chunk 47 final batch loss = 0.100093
  chunk 48 final batch loss = 0.155002
  chunk 49 final batch loss = 0.768778
  chunk 50 final batch loss = 0.585321
  chunk 51 final batch loss = 0.116461
  chunk 52 final batch loss = 0.068369
  chunk 53 final batch loss = 0.365846
  chunk 54 final batch loss = 0.205070
  chunk 55 final batch loss = 0.091176
  chunk 56 final batch loss = 0.645126
  chunk 57 final batch loss = 0.670701
  chunk 58 final batch loss = 0.605569
  chunk 59 final batch loss = 0.104281
  chunk 60 final batch loss = 0.627359
  chunk 61 final batch loss = 0.198821
  chunk 62 final batch loss = 0.148785
  chunk 63 final batch loss = 0.631525
  chunk 64 final batch loss = 0.673330
  chunk 65 final batch loss = 0.229535
  chunk 66 final batch loss = 0.547845
  chunk 67 final batch loss = 0.776405
  chunk 68 final batch loss = 0.329615
  chunk 69 final batch loss = 0.419219
  chunk 70 final batch loss = 0.082571
  chunk 71 final batch loss = 0.610080
  chunk 72 final batch loss = 0.569539
  chunk 73 final batch loss = 0.331858
  chunk 74 final batch loss = 0.413967
  chunk 75 final batch loss = 0.111999
  chunk 76 final batch loss = 0.048593
  chunk 77 final batch loss = 0.401057
  chunk 78 final batch loss = 0.808078
  chunk 79 final batch loss = 0.576115
Validation loss: 0.362744
No improvement for 4 epochs
Saved checkpoint -> /workspace/train_17/checkpoints_17/transformer/epoch_37.pt
Epoch 38
  chunk 0 final batch loss = 0.798285
  chunk 1 final batch loss = 0.835958
  chunk 2 final batch loss = 0.221935
  chunk 3 final batch loss = 0.152689
  chunk 4 final batch loss = 0.766690
  chunk 5 final batch loss = 0.406837
  chunk 6 final batch loss = 0.089085
  chunk 7 final batch loss = 0.372425
  chunk 8 final batch loss = 0.201881
  chunk 9 final batch loss = 0.495668
  chunk 10 final batch loss = 0.415570
  chunk 11 final batch loss = 0.817516
  chunk 12 final batch loss = 0.691109
  chunk 13 final batch loss = 0.768773
  chunk 14 final batch loss = 0.253212
  chunk 15 final batch loss = 0.132030
  chunk 16 final batch loss = 0.231480
  chunk 17 final batch loss = 0.252633
  chunk 18 final batch loss = 0.516932
  chunk 19 final batch loss = 0.097250
  chunk 20 final batch loss = 0.767595
  chunk 21 final batch loss = 0.544769
  chunk 22 final batch loss = 0.824410
  chunk 23 final batch loss = 0.604832
  chunk 24 final batch loss = 0.766980
  chunk 25 final batch loss = 0.124652
  chunk 26 final batch loss = 0.768477
  chunk 27 final batch loss = 0.059440
  chunk 28 final batch loss = 0.062304
  chunk 29 final batch loss = 0.837425
  chunk 30 final batch loss = 0.158273
  chunk 31 final batch loss = 0.128867
  chunk 32 final batch loss = 0.737889
  chunk 33 final batch loss = 0.083827
  chunk 34 final batch loss = 0.263284
  chunk 35 final batch loss = 0.802935
  chunk 36 final batch loss = 0.635407
  chunk 37 final batch loss = 0.437887
  chunk 38 final batch loss = 0.075557
  chunk 39 final batch loss = 0.817626
  chunk 40 final batch loss = 0.099846
  chunk 41 final batch loss = 0.582856
  chunk 42 final batch loss = 0.111762
  chunk 43 final batch loss = 0.792836
  chunk 44 final batch loss = 0.238361
  chunk 45 final batch loss = 0.680673
  chunk 46 final batch loss = 0.100696
  chunk 47 final batch loss = 0.119230
  chunk 48 final batch loss = 0.271636
  chunk 49 final batch loss = 0.833972
  chunk 50 final batch loss = 0.617030
  chunk 51 final batch loss = 0.166982
  chunk 52 final batch loss = 0.049406
  chunk 53 final batch loss = 0.550554
  chunk 54 final batch loss = 0.165361
  chunk 55 final batch loss = 0.084380
  chunk 56 final batch loss = 0.764861
  chunk 57 final batch loss = 0.765502
  chunk 58 final batch loss = 0.541263
  chunk 59 final batch loss = 0.081960
  chunk 60 final batch loss = 0.527051
  chunk 61 final batch loss = 0.076560
  chunk 62 final batch loss = 0.169378
  chunk 63 final batch loss = 0.772099
  chunk 64 final batch loss = 0.817302
  chunk 65 final batch loss = 0.140510
  chunk 66 final batch loss = 0.679313
  chunk 67 final batch loss = 0.789038
  chunk 68 final batch loss = 0.337014
  chunk 69 final batch loss = 0.655765
  chunk 70 final batch loss = 0.069425
  chunk 71 final batch loss = 0.563940
  chunk 72 final batch loss = 0.686619
  chunk 73 final batch loss = 0.349606
  chunk 74 final batch loss = 0.402267
  chunk 75 final batch loss = 0.081431
  chunk 76 final batch loss = 0.066493
  chunk 77 final batch loss = 0.136109
  chunk 78 final batch loss = 0.737397
  chunk 79 final batch loss = 0.538889
Validation loss: 0.361118
No improvement for 5 epochs
Saved checkpoint -> /workspace/train_17/checkpoints_17/transformer/epoch_38.pt
Epoch 39
  chunk 0 final batch loss = 0.777433
  chunk 1 final batch loss = 0.778139
  chunk 2 final batch loss = 0.245576
  chunk 3 final batch loss = 0.125852
  chunk 4 final batch loss = 0.741823
  chunk 5 final batch loss = 0.349503
  chunk 6 final batch loss = 0.065188
  chunk 7 final batch loss = 0.347275
  chunk 8 final batch loss = 0.217813
  chunk 9 final batch loss = 0.518634
  chunk 10 final batch loss = 0.389228
  chunk 11 final batch loss = 0.788877
  chunk 12 final batch loss = 0.559707
  chunk 13 final batch loss = 0.704676
  chunk 14 final batch loss = 0.348781
  chunk 15 final batch loss = 0.199785
  chunk 16 final batch loss = 0.190402
  chunk 17 final batch loss = 0.301922
  chunk 18 final batch loss = 0.573924
  chunk 19 final batch loss = 0.080101
  chunk 20 final batch loss = 0.751115
  chunk 21 final batch loss = 0.600362
  chunk 22 final batch loss = 0.725484
  chunk 23 final batch loss = 0.481588
  chunk 24 final batch loss = 0.756763
  chunk 25 final batch loss = 0.118280
  chunk 26 final batch loss = 0.731788
  chunk 27 final batch loss = 0.062630
  chunk 28 final batch loss = 0.079982
  chunk 29 final batch loss = 0.729659
  chunk 30 final batch loss = 0.199968
  chunk 31 final batch loss = 0.211578
  chunk 32 final batch loss = 0.564837
  chunk 33 final batch loss = 0.077682
  chunk 34 final batch loss = 0.379791
  chunk 35 final batch loss = 0.796466
  chunk 36 final batch loss = 0.672035
  chunk 37 final batch loss = 0.481290
  chunk 38 final batch loss = 0.053009
  chunk 39 final batch loss = 0.812000
  chunk 40 final batch loss = 0.085384
  chunk 41 final batch loss = 0.455529
  chunk 42 final batch loss = 0.115577
  chunk 43 final batch loss = 0.773627
  chunk 44 final batch loss = 0.286615
  chunk 45 final batch loss = 0.761027
  chunk 46 final batch loss = 0.102229
  chunk 47 final batch loss = 0.116526
  chunk 48 final batch loss = 0.135971
  chunk 49 final batch loss = 0.791690
  chunk 50 final batch loss = 0.590989
  chunk 51 final batch loss = 0.191659
  chunk 52 final batch loss = 0.062139
  chunk 53 final batch loss = 0.421238
  chunk 54 final batch loss = 0.300776
  chunk 55 final batch loss = 0.087839
  chunk 56 final batch loss = 0.665483
  chunk 57 final batch loss = 0.742297
  chunk 58 final batch loss = 0.505803
  chunk 59 final batch loss = 0.110939
  chunk 60 final batch loss = 0.640582
  chunk 61 final batch loss = 0.146621
  chunk 62 final batch loss = 0.151093
  chunk 63 final batch loss = 0.761757
  chunk 64 final batch loss = 0.761699
  chunk 65 final batch loss = 0.244430
  chunk 66 final batch loss = 0.458402
  chunk 67 final batch loss = 0.794803
  chunk 68 final batch loss = 0.217421
  chunk 69 final batch loss = 0.580066
  chunk 70 final batch loss = 0.065160
  chunk 71 final batch loss = 0.580236
  chunk 72 final batch loss = 0.699224
  chunk 73 final batch loss = 0.318291
  chunk 74 final batch loss = 0.354081
  chunk 75 final batch loss = 0.078386
  chunk 76 final batch loss = 0.049053
  chunk 77 final batch loss = 0.235356
  chunk 78 final batch loss = 0.691055
  chunk 79 final batch loss = 0.597029
Validation loss: 0.358456
Saved BEST checkpoint -> /workspace/train_17/checkpoints_17/transformer/best.pt
Saved checkpoint -> /workspace/train_17/checkpoints_17/transformer/epoch_39.pt
Epoch 40
  chunk 0 final batch loss = 0.791938
  chunk 1 final batch loss = 0.757319
  chunk 2 final batch loss = 0.383569
  chunk 3 final batch loss = 0.237077
  chunk 4 final batch loss = 0.634010
  chunk 5 final batch loss = 0.409563
  chunk 6 final batch loss = 0.065819
  chunk 7 final batch loss = 0.359024
  chunk 8 final batch loss = 0.162279
  chunk 9 final batch loss = 0.542529
  chunk 10 final batch loss = 0.278460
  chunk 11 final batch loss = 0.828499
  chunk 12 final batch loss = 0.729485
  chunk 13 final batch loss = 0.712471
  chunk 14 final batch loss = 0.339265
  chunk 15 final batch loss = 0.153714
  chunk 16 final batch loss = 0.165253
  chunk 17 final batch loss = 0.281216
  chunk 18 final batch loss = 0.602131
  chunk 19 final batch loss = 0.102502
  chunk 20 final batch loss = 0.761846
  chunk 21 final batch loss = 0.614384
  chunk 22 final batch loss = 0.743803
  chunk 23 final batch loss = 0.578378
  chunk 24 final batch loss = 0.742479
  chunk 25 final batch loss = 0.141365
  chunk 26 final batch loss = 0.751034
  chunk 27 final batch loss = 0.038117
  chunk 28 final batch loss = 0.064045
  chunk 29 final batch loss = 0.765878
  chunk 30 final batch loss = 0.176209
  chunk 31 final batch loss = 0.117396
  chunk 32 final batch loss = 0.605528
  chunk 33 final batch loss = 0.076865
  chunk 34 final batch loss = 0.442274
  chunk 35 final batch loss = 0.766520
  chunk 36 final batch loss = 0.647466
  chunk 37 final batch loss = 0.407439
  chunk 38 final batch loss = 0.085541
  chunk 39 final batch loss = 0.788207
  chunk 40 final batch loss = 0.106398
  chunk 41 final batch loss = 0.572393
  chunk 42 final batch loss = 0.093109
  chunk 43 final batch loss = 0.767677
  chunk 44 final batch loss = 0.181512
  chunk 45 final batch loss = 0.672610
  chunk 46 final batch loss = 0.082408
  chunk 47 final batch loss = 0.083951
  chunk 48 final batch loss = 0.200405
  chunk 49 final batch loss = 0.718592
  chunk 50 final batch loss = 0.570491
  chunk 51 final batch loss = 0.136479
  chunk 52 final batch loss = 0.102526
  chunk 53 final batch loss = 0.509388
  chunk 54 final batch loss = 0.154745
  chunk 55 final batch loss = 0.102989
  chunk 56 final batch loss = 0.681450
  chunk 57 final batch loss = 0.718504
  chunk 58 final batch loss = 0.538548
  chunk 59 final batch loss = 0.061569
  chunk 60 final batch loss = 0.609208
  chunk 61 final batch loss = 0.192056
  chunk 62 final batch loss = 0.129632
  chunk 63 final batch loss = 0.707974
  chunk 64 final batch loss = 0.781253
  chunk 65 final batch loss = 0.207869
  chunk 66 final batch loss = 0.575144
  chunk 67 final batch loss = 0.780938
  chunk 68 final batch loss = 0.343951
  chunk 69 final batch loss = 0.570707
  chunk 70 final batch loss = 0.057514
  chunk 71 final batch loss = 0.663545
  chunk 72 final batch loss = 0.682678
  chunk 73 final batch loss = 0.291597
  chunk 74 final batch loss = 0.461654
  chunk 75 final batch loss = 0.066445
  chunk 76 final batch loss = 0.047743
  chunk 77 final batch loss = 0.377625
  chunk 78 final batch loss = 0.743650
  chunk 79 final batch loss = 0.531771
Validation loss: 0.358899
No improvement for 1 epochs
Saved checkpoint -> /workspace/train_17/checkpoints_17/transformer/epoch_40.pt
Epoch 41
  chunk 0 final batch loss = 0.776492
  chunk 1 final batch loss = 0.779707
  chunk 2 final batch loss = 0.363342
  chunk 3 final batch loss = 0.198290
  chunk 4 final batch loss = 0.635022
  chunk 5 final batch loss = 0.429275
  chunk 6 final batch loss = 0.063007
  chunk 7 final batch loss = 0.377877
  chunk 8 final batch loss = 0.168358
  chunk 9 final batch loss = 0.507527
  chunk 10 final batch loss = 0.358446
  chunk 11 final batch loss = 0.810116
  chunk 12 final batch loss = 0.703785
  chunk 13 final batch loss = 0.708230
  chunk 14 final batch loss = 0.147716
  chunk 15 final batch loss = 0.125271
  chunk 16 final batch loss = 0.164578
  chunk 17 final batch loss = 0.316501
  chunk 18 final batch loss = 0.635706
  chunk 19 final batch loss = 0.144750
  chunk 20 final batch loss = 0.771058
  chunk 21 final batch loss = 0.512658
  chunk 22 final batch loss = 0.718768
  chunk 23 final batch loss = 0.582362
  chunk 24 final batch loss = 0.724585
  chunk 25 final batch loss = 0.163592
  chunk 26 final batch loss = 0.757929
  chunk 27 final batch loss = 0.070817
  chunk 28 final batch loss = 0.068447
  chunk 29 final batch loss = 0.761577
  chunk 30 final batch loss = 0.137199
  chunk 31 final batch loss = 0.136038
  chunk 32 final batch loss = 0.665938
  chunk 33 final batch loss = 0.102113
  chunk 34 final batch loss = 0.348701
  chunk 35 final batch loss = 0.750042
  chunk 36 final batch loss = 0.556918
  chunk 37 final batch loss = 0.430298
  chunk 38 final batch loss = 0.070449
  chunk 39 final batch loss = 0.783313
  chunk 40 final batch loss = 0.118233
  chunk 41 final batch loss = 0.711748
  chunk 42 final batch loss = 0.120133
  chunk 43 final batch loss = 0.775035
  chunk 44 final batch loss = 0.228265
  chunk 45 final batch loss = 0.653982
  chunk 46 final batch loss = 0.065070
  chunk 47 final batch loss = 0.097094
  chunk 48 final batch loss = 0.120493
  chunk 49 final batch loss = 0.811830
  chunk 50 final batch loss = 0.656677
  chunk 51 final batch loss = 0.149352
  chunk 52 final batch loss = 0.105976
  chunk 53 final batch loss = 0.359641
  chunk 54 final batch loss = 0.168609
  chunk 55 final batch loss = 0.094124
  chunk 56 final batch loss = 0.744381
  chunk 57 final batch loss = 0.551713
  chunk 58 final batch loss = 0.522346
  chunk 59 final batch loss = 0.068578
  chunk 60 final batch loss = 0.609360
  chunk 61 final batch loss = 0.115522
  chunk 62 final batch loss = 0.153670
  chunk 63 final batch loss = 0.681816
  chunk 64 final batch loss = 0.744636
  chunk 65 final batch loss = 0.194292
  chunk 66 final batch loss = 0.531324
  chunk 67 final batch loss = 0.770193
  chunk 68 final batch loss = 0.365940
  chunk 69 final batch loss = 0.552114
  chunk 70 final batch loss = 0.075019
  chunk 71 final batch loss = 0.576508
  chunk 72 final batch loss = 0.628504
  chunk 73 final batch loss = 0.347555
  chunk 74 final batch loss = 0.511691
  chunk 75 final batch loss = 0.097505
  chunk 76 final batch loss = 0.047468
  chunk 77 final batch loss = 0.225786
  chunk 78 final batch loss = 0.729863
  chunk 79 final batch loss = 0.644976
Validation loss: 0.353884
Saved BEST checkpoint -> /workspace/train_17/checkpoints_17/transformer/best.pt
Saved checkpoint -> /workspace/train_17/checkpoints_17/transformer/epoch_41.pt
Epoch 42
  chunk 0 final batch loss = 0.800859
  chunk 1 final batch loss = 0.796819
  chunk 2 final batch loss = 0.247811
  chunk 3 final batch loss = 0.168152
  chunk 4 final batch loss = 0.750215
  chunk 5 final batch loss = 0.436624
  chunk 6 final batch loss = 0.061900
  chunk 7 final batch loss = 0.302433
  chunk 8 final batch loss = 0.160995
  chunk 9 final batch loss = 0.512135
  chunk 10 final batch loss = 0.355870
  chunk 11 final batch loss = 0.818981
  chunk 12 final batch loss = 0.607244
  chunk 13 final batch loss = 0.696432
  chunk 14 final batch loss = 0.376021
  chunk 15 final batch loss = 0.155392
  chunk 16 final batch loss = 0.109586
  chunk 17 final batch loss = 0.170849
  chunk 18 final batch loss = 0.530981
  chunk 19 final batch loss = 0.084367
  chunk 20 final batch loss = 0.787868
  chunk 21 final batch loss = 0.655244
  chunk 22 final batch loss = 0.729099
  chunk 23 final batch loss = 0.495020
  chunk 24 final batch loss = 0.762101
  chunk 25 final batch loss = 0.193543
  chunk 26 final batch loss = 0.728634
  chunk 27 final batch loss = 0.065405
  chunk 28 final batch loss = 0.052346
  chunk 29 final batch loss = 0.768708
  chunk 30 final batch loss = 0.146957
  chunk 31 final batch loss = 0.173957
  chunk 32 final batch loss = 0.650346
  chunk 33 final batch loss = 0.077995
  chunk 34 final batch loss = 0.157192
  chunk 35 final batch loss = 0.792691
  chunk 36 final batch loss = 0.454976
  chunk 37 final batch loss = 0.372321
  chunk 38 final batch loss = 0.075627
  chunk 39 final batch loss = 0.824055
  chunk 40 final batch loss = 0.125999
  chunk 41 final batch loss = 0.584198
  chunk 42 final batch loss = 0.166082
  chunk 43 final batch loss = 0.788477
  chunk 44 final batch loss = 0.210169
  chunk 45 final batch loss = 0.734545
  chunk 46 final batch loss = 0.113791
  chunk 47 final batch loss = 0.119567
  chunk 48 final batch loss = 0.130957
  chunk 49 final batch loss = 0.716145
  chunk 50 final batch loss = 0.506667
  chunk 51 final batch loss = 0.107351
  chunk 52 final batch loss = 0.089482
  chunk 53 final batch loss = 0.343269
  chunk 54 final batch loss = 0.206746
  chunk 55 final batch loss = 0.120783
  chunk 56 final batch loss = 0.651204
  chunk 57 final batch loss = 0.799447
  chunk 58 final batch loss = 0.578126
  chunk 59 final batch loss = 0.097004
  chunk 60 final batch loss = 0.576711
  chunk 61 final batch loss = 0.177110
  chunk 62 final batch loss = 0.238838
  chunk 63 final batch loss = 0.518542
  chunk 64 final batch loss = 0.715698
  chunk 65 final batch loss = 0.168415
  chunk 66 final batch loss = 0.526249
  chunk 67 final batch loss = 0.779317
  chunk 68 final batch loss = 0.260671
  chunk 69 final batch loss = 0.550214
  chunk 70 final batch loss = 0.099633
  chunk 71 final batch loss = 0.574341
  chunk 72 final batch loss = 0.589949
  chunk 73 final batch loss = 0.362911
  chunk 74 final batch loss = 0.464633
  chunk 75 final batch loss = 0.069115
  chunk 76 final batch loss = 0.050255
  chunk 77 final batch loss = 0.355994
  chunk 78 final batch loss = 0.793783
  chunk 79 final batch loss = 0.533441
Validation loss: 0.355531
No improvement for 1 epochs
Saved checkpoint -> /workspace/train_17/checkpoints_17/transformer/epoch_42.pt
Epoch 43
  chunk 0 final batch loss = 0.776057
  chunk 1 final batch loss = 0.760358
  chunk 2 final batch loss = 0.265924
  chunk 3 final batch loss = 0.139453
  chunk 4 final batch loss = 0.742117
  chunk 5 final batch loss = 0.407763
  chunk 6 final batch loss = 0.085744
  chunk 7 final batch loss = 0.293997
  chunk 8 final batch loss = 0.179737
  chunk 9 final batch loss = 0.545676
  chunk 10 final batch loss = 0.236680
  chunk 11 final batch loss = 0.807965
  chunk 12 final batch loss = 0.726289
  chunk 13 final batch loss = 0.594256
  chunk 14 final batch loss = 0.337169
  chunk 15 final batch loss = 0.166874
  chunk 16 final batch loss = 0.167913
  chunk 17 final batch loss = 0.197226
  chunk 18 final batch loss = 0.572030
  chunk 19 final batch loss = 0.129235
  chunk 20 final batch loss = 0.794763
  chunk 21 final batch loss = 0.572977
  chunk 22 final batch loss = 0.619738
  chunk 23 final batch loss = 0.655303
  chunk 24 final batch loss = 0.719981
  chunk 25 final batch loss = 0.131265
  chunk 26 final batch loss = 0.783340
  chunk 27 final batch loss = 0.052800
  chunk 28 final batch loss = 0.082100
  chunk 29 final batch loss = 0.775085
  chunk 30 final batch loss = 0.118394
  chunk 31 final batch loss = 0.103882
  chunk 32 final batch loss = 0.680728
  chunk 33 final batch loss = 0.089749
  chunk 34 final batch loss = 0.364221
  chunk 35 final batch loss = 0.801524
  chunk 36 final batch loss = 0.723518
  chunk 37 final batch loss = 0.451848
  chunk 38 final batch loss = 0.062178
  chunk 39 final batch loss = 0.783374
  chunk 40 final batch loss = 0.074399
  chunk 41 final batch loss = 0.626026
  chunk 42 final batch loss = 0.124207
  chunk 43 final batch loss = 0.792841
  chunk 44 final batch loss = 0.166615
  chunk 45 final batch loss = 0.689534
  chunk 46 final batch loss = 0.055680
  chunk 47 final batch loss = 0.074714
  chunk 48 final batch loss = 0.165840
  chunk 49 final batch loss = 0.776066
  chunk 50 final batch loss = 0.530804
  chunk 51 final batch loss = 0.149776
  chunk 52 final batch loss = 0.086246
  chunk 53 final batch loss = 0.424544
  chunk 54 final batch loss = 0.194673
  chunk 55 final batch loss = 0.093613
  chunk 56 final batch loss = 0.645616
  chunk 57 final batch loss = 0.744389
  chunk 58 final batch loss = 0.518147
  chunk 59 final batch loss = 0.102173
  chunk 60 final batch loss = 0.570616
  chunk 61 final batch loss = 0.136843
  chunk 62 final batch loss = 0.173814
  chunk 63 final batch loss = 0.735166
  chunk 64 final batch loss = 0.620979
  chunk 65 final batch loss = 0.169029
  chunk 66 final batch loss = 0.595772
  chunk 67 final batch loss = 0.779106
  chunk 68 final batch loss = 0.423874
  chunk 69 final batch loss = 0.552588
  chunk 70 final batch loss = 0.067673
  chunk 71 final batch loss = 0.672490
  chunk 72 final batch loss = 0.550908
  chunk 73 final batch loss = 0.274102
  chunk 74 final batch loss = 0.395286
  chunk 75 final batch loss = 0.063833
  chunk 76 final batch loss = 0.051171
  chunk 77 final batch loss = 0.386994
  chunk 78 final batch loss = 0.748444
  chunk 79 final batch loss = 0.472777
Validation loss: 0.355646
No improvement for 2 epochs
Saved checkpoint -> /workspace/train_17/checkpoints_17/transformer/epoch_43.pt
Epoch 44
  chunk 0 final batch loss = 0.799250
  chunk 1 final batch loss = 0.774358
  chunk 2 final batch loss = 0.367509
  chunk 3 final batch loss = 0.153765
  chunk 4 final batch loss = 0.729820
  chunk 5 final batch loss = 0.452483
  chunk 6 final batch loss = 0.064602
  chunk 7 final batch loss = 0.251601
  chunk 8 final batch loss = 0.220212
  chunk 9 final batch loss = 0.421620
  chunk 10 final batch loss = 0.334944
  chunk 11 final batch loss = 0.814081
  chunk 12 final batch loss = 0.640963
  chunk 13 final batch loss = 0.746454
  chunk 14 final batch loss = 0.221080
  chunk 15 final batch loss = 0.166020
  chunk 16 final batch loss = 0.154294
  chunk 17 final batch loss = 0.289587
  chunk 18 final batch loss = 0.549679
  chunk 19 final batch loss = 0.119873
  chunk 20 final batch loss = 0.696278
  chunk 21 final batch loss = 0.542923
  chunk 22 final batch loss = 0.749014
  chunk 23 final batch loss = 0.525944
  chunk 24 final batch loss = 0.835847
  chunk 25 final batch loss = 0.203579
  chunk 26 final batch loss = 0.711238
  chunk 27 final batch loss = 0.068409
  chunk 28 final batch loss = 0.085414
  chunk 29 final batch loss = 0.797137
  chunk 30 final batch loss = 0.131077
  chunk 31 final batch loss = 0.169637
  chunk 32 final batch loss = 0.742689
  chunk 33 final batch loss = 0.079868
  chunk 34 final batch loss = 0.254031
  chunk 35 final batch loss = 0.757934
  chunk 36 final batch loss = 0.646277
  chunk 37 final batch loss = 0.307614
  chunk 38 final batch loss = 0.065138
  chunk 39 final batch loss = 0.825004
  chunk 40 final batch loss = 0.128553
  chunk 41 final batch loss = 0.543472
  chunk 42 final batch loss = 0.071194
  chunk 43 final batch loss = 0.764425
  chunk 44 final batch loss = 0.182885
  chunk 45 final batch loss = 0.777023
  chunk 46 final batch loss = 0.094855
  chunk 47 final batch loss = 0.080929
  chunk 48 final batch loss = 0.210775
  chunk 49 final batch loss = 0.706967
  chunk 50 final batch loss = 0.638051
  chunk 51 final batch loss = 0.114174
  chunk 52 final batch loss = 0.070102
  chunk 53 final batch loss = 0.451539
  chunk 54 final batch loss = 0.175341
  chunk 55 final batch loss = 0.086706
  chunk 56 final batch loss = 0.731847
  chunk 57 final batch loss = 0.780912
  chunk 58 final batch loss = 0.544744
  chunk 59 final batch loss = 0.092432
  chunk 60 final batch loss = 0.547564
  chunk 61 final batch loss = 0.162924
  chunk 62 final batch loss = 0.115245
  chunk 63 final batch loss = 0.774931
  chunk 64 final batch loss = 0.732609
  chunk 65 final batch loss = 0.162793
  chunk 66 final batch loss = 0.540815
  chunk 67 final batch loss = 0.771017
  chunk 68 final batch loss = 0.223094
  chunk 69 final batch loss = 0.701733
  chunk 70 final batch loss = 0.062221
  chunk 71 final batch loss = 0.689366
  chunk 72 final batch loss = 0.619454
  chunk 73 final batch loss = 0.340706
  chunk 74 final batch loss = 0.415989
  chunk 75 final batch loss = 0.105044
  chunk 76 final batch loss = 0.050501
  chunk 77 final batch loss = 0.230675
  chunk 78 final batch loss = 0.738798
  chunk 79 final batch loss = 0.540438
Validation loss: 0.356184
No improvement for 3 epochs
Saved checkpoint -> /workspace/train_17/checkpoints_17/transformer/epoch_44.pt
Epoch 45
  chunk 0 final batch loss = 0.773629
  chunk 1 final batch loss = 0.764219
  chunk 2 final batch loss = 0.264117
  chunk 3 final batch loss = 0.195525
  chunk 4 final batch loss = 0.608102
  chunk 5 final batch loss = 0.512598
  chunk 6 final batch loss = 0.080960
  chunk 7 final batch loss = 0.365244
  chunk 8 final batch loss = 0.183226
  chunk 9 final batch loss = 0.515798
  chunk 10 final batch loss = 0.198943
  chunk 11 final batch loss = 0.798421
  chunk 12 final batch loss = 0.726750
  chunk 13 final batch loss = 0.723702
  chunk 14 final batch loss = 0.310460
  chunk 15 final batch loss = 0.168790
  chunk 16 final batch loss = 0.134248
  chunk 17 final batch loss = 0.285652
  chunk 18 final batch loss = 0.528644
  chunk 19 final batch loss = 0.067665
  chunk 20 final batch loss = 0.757506
  chunk 21 final batch loss = 0.676950
  chunk 22 final batch loss = 0.714362
  chunk 23 final batch loss = 0.635079
  chunk 24 final batch loss = 0.726644
  chunk 25 final batch loss = 0.135771
  chunk 26 final batch loss = 0.737766
  chunk 27 final batch loss = 0.055541
  chunk 28 final batch loss = 0.079723
  chunk 29 final batch loss = 0.781078
  chunk 30 final batch loss = 0.167344
  chunk 31 final batch loss = 0.117140
  chunk 32 final batch loss = 0.655375
  chunk 33 final batch loss = 0.095389
  chunk 34 final batch loss = 0.208556
  chunk 35 final batch loss = 0.788460
  chunk 36 final batch loss = 0.686927
  chunk 37 final batch loss = 0.406847
  chunk 38 final batch loss = 0.083719
  chunk 39 final batch loss = 0.827680
  chunk 40 final batch loss = 0.119044
  chunk 41 final batch loss = 0.471207
  chunk 42 final batch loss = 0.116196
  chunk 43 final batch loss = 0.812150
  chunk 44 final batch loss = 0.211670
  chunk 45 final batch loss = 0.615285
  chunk 46 final batch loss = 0.084136
  chunk 47 final batch loss = 0.104474
  chunk 48 final batch loss = 0.147838
  chunk 49 final batch loss = 0.801524
  chunk 50 final batch loss = 0.718162
  chunk 51 final batch loss = 0.127316
  chunk 52 final batch loss = 0.074052
  chunk 53 final batch loss = 0.320368
  chunk 54 final batch loss = 0.182918
  chunk 55 final batch loss = 0.156686
  chunk 56 final batch loss = 0.662747
  chunk 57 final batch loss = 0.736686
  chunk 58 final batch loss = 0.584833
  chunk 59 final batch loss = 0.051950
  chunk 60 final batch loss = 0.674376
  chunk 61 final batch loss = 0.085175
  chunk 62 final batch loss = 0.199064
  chunk 63 final batch loss = 0.764882
  chunk 64 final batch loss = 0.757010
  chunk 65 final batch loss = 0.220013
  chunk 66 final batch loss = 0.551909
  chunk 67 final batch loss = 0.796432
  chunk 68 final batch loss = 0.223185
  chunk 69 final batch loss = 0.632193
  chunk 70 final batch loss = 0.072558
  chunk 71 final batch loss = 0.632987
  chunk 72 final batch loss = 0.716989
  chunk 73 final batch loss = 0.241913
  chunk 74 final batch loss = 0.494511
  chunk 75 final batch loss = 0.059035
  chunk 76 final batch loss = 0.061254
  chunk 77 final batch loss = 0.222223
  chunk 78 final batch loss = 0.690880
  chunk 79 final batch loss = 0.563179
Validation loss: 0.357139
No improvement for 4 epochs
Saved checkpoint -> /workspace/train_17/checkpoints_17/transformer/epoch_45.pt
Epoch 46
  chunk 0 final batch loss = 0.762101
  chunk 1 final batch loss = 0.800659
  chunk 2 final batch loss = 0.291836
  chunk 3 final batch loss = 0.193609
  chunk 4 final batch loss = 0.729431
  chunk 5 final batch loss = 0.399017
  chunk 6 final batch loss = 0.067737
  chunk 7 final batch loss = 0.381220
  chunk 8 final batch loss = 0.272499
  chunk 9 final batch loss = 0.498751
  chunk 10 final batch loss = 0.360238
  chunk 11 final batch loss = 0.807999
  chunk 12 final batch loss = 0.638376
  chunk 13 final batch loss = 0.671582
  chunk 14 final batch loss = 0.368525
  chunk 15 final batch loss = 0.157342
  chunk 16 final batch loss = 0.179023
  chunk 17 final batch loss = 0.281153
  chunk 18 final batch loss = 0.445689
  chunk 19 final batch loss = 0.162770
  chunk 20 final batch loss = 0.732526
  chunk 21 final batch loss = 0.542654
  chunk 22 final batch loss = 0.757623
  chunk 23 final batch loss = 0.664480
  chunk 24 final batch loss = 0.768957
  chunk 25 final batch loss = 0.192168
  chunk 26 final batch loss = 0.772471
  chunk 27 final batch loss = 0.048878
  chunk 28 final batch loss = 0.063186
  chunk 29 final batch loss = 0.755530
  chunk 30 final batch loss = 0.145990
  chunk 31 final batch loss = 0.143474
  chunk 32 final batch loss = 0.644255
  chunk 33 final batch loss = 0.064182
  chunk 34 final batch loss = 0.198355
  chunk 35 final batch loss = 0.755119
  chunk 36 final batch loss = 0.671838
  chunk 37 final batch loss = 0.378596
  chunk 38 final batch loss = 0.090655
  chunk 39 final batch loss = 0.797636
  chunk 40 final batch loss = 0.106965
  chunk 41 final batch loss = 0.679089
  chunk 42 final batch loss = 0.088355
  chunk 43 final batch loss = 0.726421
  chunk 44 final batch loss = 0.206293
  chunk 45 final batch loss = 0.636331
  chunk 46 final batch loss = 0.089376
  chunk 47 final batch loss = 0.075880
  chunk 48 final batch loss = 0.174348
  chunk 49 final batch loss = 0.733016
  chunk 50 final batch loss = 0.609448
  chunk 51 final batch loss = 0.102232
  chunk 52 final batch loss = 0.067157
  chunk 53 final batch loss = 0.381756
  chunk 54 final batch loss = 0.118064
  chunk 55 final batch loss = 0.122459
  chunk 56 final batch loss = 0.639633
  chunk 57 final batch loss = 0.712596
  chunk 58 final batch loss = 0.679560
  chunk 59 final batch loss = 0.057568
  chunk 60 final batch loss = 0.566651
  chunk 61 final batch loss = 0.176993
  chunk 62 final batch loss = 0.125702
  chunk 63 final batch loss = 0.707101
  chunk 64 final batch loss = 0.750739
  chunk 65 final batch loss = 0.166707
  chunk 66 final batch loss = 0.574358
  chunk 67 final batch loss = 0.767350
  chunk 68 final batch loss = 0.295933
  chunk 69 final batch loss = 0.560640
  chunk 70 final batch loss = 0.076227
  chunk 71 final batch loss = 0.574616
  chunk 72 final batch loss = 0.700333
  chunk 73 final batch loss = 0.258629
  chunk 74 final batch loss = 0.452883
  chunk 75 final batch loss = 0.095669
  chunk 76 final batch loss = 0.057521
  chunk 77 final batch loss = 0.436516
  chunk 78 final batch loss = 0.642327
  chunk 79 final batch loss = 0.493801
Validation loss: 0.352822
Saved BEST checkpoint -> /workspace/train_17/checkpoints_17/transformer/best.pt
Saved checkpoint -> /workspace/train_17/checkpoints_17/transformer/epoch_46.pt
Epoch 47
  chunk 0 final batch loss = 0.743666
  chunk 1 final batch loss = 0.798591
  chunk 2 final batch loss = 0.275061
  chunk 3 final batch loss = 0.174606
  chunk 4 final batch loss = 0.781200
  chunk 5 final batch loss = 0.629884
  chunk 6 final batch loss = 0.071611
  chunk 7 final batch loss = 0.200115
  chunk 8 final batch loss = 0.138472
  chunk 9 final batch loss = 0.400924
  chunk 10 final batch loss = 0.330178
  chunk 11 final batch loss = 0.799255
  chunk 12 final batch loss = 0.674026
  chunk 13 final batch loss = 0.669249
  chunk 14 final batch loss = 0.310745
  chunk 15 final batch loss = 0.138778
  chunk 16 final batch loss = 0.168702
  chunk 17 final batch loss = 0.270504
  chunk 18 final batch loss = 0.666184
  chunk 19 final batch loss = 0.123976
  chunk 20 final batch loss = 0.703564
  chunk 21 final batch loss = 0.663628
  chunk 22 final batch loss = 0.767139
  chunk 23 final batch loss = 0.600632
  chunk 24 final batch loss = 0.785146
  chunk 25 final batch loss = 0.207315
  chunk 26 final batch loss = 0.690253
  chunk 27 final batch loss = 0.042255
  chunk 28 final batch loss = 0.089158
  chunk 29 final batch loss = 0.714731
  chunk 30 final batch loss = 0.149117
  chunk 31 final batch loss = 0.202404
  chunk 32 final batch loss = 0.625639
  chunk 33 final batch loss = 0.077045
  chunk 34 final batch loss = 0.243014
  chunk 35 final batch loss = 0.717821
  chunk 36 final batch loss = 0.616206
  chunk 37 final batch loss = 0.367108
  chunk 38 final batch loss = 0.076574
  chunk 39 final batch loss = 0.781121
  chunk 40 final batch loss = 0.108137
  chunk 41 final batch loss = 0.607335
  chunk 42 final batch loss = 0.069818
  chunk 43 final batch loss = 0.786206
  chunk 44 final batch loss = 0.179742
  chunk 45 final batch loss = 0.762331
  chunk 46 final batch loss = 0.109945
  chunk 47 final batch loss = 0.068799
  chunk 48 final batch loss = 0.187811
  chunk 49 final batch loss = 0.818956
  chunk 50 final batch loss = 0.652884
  chunk 51 final batch loss = 0.139774
  chunk 52 final batch loss = 0.059285
  chunk 53 final batch loss = 0.485378
  chunk 54 final batch loss = 0.183071
  chunk 55 final batch loss = 0.071059
  chunk 56 final batch loss = 0.650340
  chunk 57 final batch loss = 0.742945
  chunk 58 final batch loss = 0.518467
  chunk 59 final batch loss = 0.091893
  chunk 60 final batch loss = 0.460614
  chunk 61 final batch loss = 0.183895
  chunk 62 final batch loss = 0.181373
  chunk 63 final batch loss = 0.683277
  chunk 64 final batch loss = 0.697704
  chunk 65 final batch loss = 0.175753
  chunk 66 final batch loss = 0.559347
  chunk 67 final batch loss = 0.783636
  chunk 68 final batch loss = 0.290072
  chunk 69 final batch loss = 0.490252
  chunk 70 final batch loss = 0.042954
  chunk 71 final batch loss = 0.672152
  chunk 72 final batch loss = 0.692701
  chunk 73 final batch loss = 0.246761
  chunk 74 final batch loss = 0.500652
  chunk 75 final batch loss = 0.088867
  chunk 76 final batch loss = 0.053596
  chunk 77 final batch loss = 0.312772
  chunk 78 final batch loss = 0.796904
  chunk 79 final batch loss = 0.495403
Validation loss: 0.354937
No improvement for 1 epochs
Saved checkpoint -> /workspace/train_17/checkpoints_17/transformer/epoch_47.pt
Epoch 48
  chunk 0 final batch loss = 0.755123
  chunk 1 final batch loss = 0.751917
  chunk 2 final batch loss = 0.313510
  chunk 3 final batch loss = 0.177834
  chunk 4 final batch loss = 0.734652
  chunk 5 final batch loss = 0.340923
  chunk 6 final batch loss = 0.084874
  chunk 7 final batch loss = 0.302456
  chunk 8 final batch loss = 0.240900
  chunk 9 final batch loss = 0.552187
  chunk 10 final batch loss = 0.289478
  chunk 11 final batch loss = 0.803063
  chunk 12 final batch loss = 0.583014
  chunk 13 final batch loss = 0.729065
  chunk 14 final batch loss = 0.318382
  chunk 15 final batch loss = 0.182390
  chunk 16 final batch loss = 0.183706
  chunk 17 final batch loss = 0.274641
  chunk 18 final batch loss = 0.518996
  chunk 19 final batch loss = 0.100801
  chunk 20 final batch loss = 0.782874
  chunk 21 final batch loss = 0.509320
  chunk 22 final batch loss = 0.717892
  chunk 23 final batch loss = 0.632750
  chunk 24 final batch loss = 0.797753
  chunk 25 final batch loss = 0.160152
  chunk 26 final batch loss = 0.768581
  chunk 27 final batch loss = 0.051280
  chunk 28 final batch loss = 0.082393
  chunk 29 final batch loss = 0.764099
  chunk 30 final batch loss = 0.159897
  chunk 31 final batch loss = 0.121949
  chunk 32 final batch loss = 0.637616
  chunk 33 final batch loss = 0.107745
  chunk 34 final batch loss = 0.245282
  chunk 35 final batch loss = 0.795580
  chunk 36 final batch loss = 0.663976
  chunk 37 final batch loss = 0.401829
  chunk 38 final batch loss = 0.056838
  chunk 39 final batch loss = 0.823164
  chunk 40 final batch loss = 0.100209
  chunk 41 final batch loss = 0.483681
  chunk 42 final batch loss = 0.089183
  chunk 43 final batch loss = 0.771406
  chunk 44 final batch loss = 0.162509
  chunk 45 final batch loss = 0.689639
  chunk 46 final batch loss = 0.064606
  chunk 47 final batch loss = 0.070019
  chunk 48 final batch loss = 0.139904
  chunk 49 final batch loss = 0.687547
  chunk 50 final batch loss = 0.517570
  chunk 51 final batch loss = 0.162658
  chunk 52 final batch loss = 0.059234
  chunk 53 final batch loss = 0.483774
  chunk 54 final batch loss = 0.289436
  chunk 55 final batch loss = 0.101153
  chunk 56 final batch loss = 0.698239
  chunk 57 final batch loss = 0.695619
  chunk 58 final batch loss = 0.543300
  chunk 59 final batch loss = 0.115189
  chunk 60 final batch loss = 0.461267
  chunk 61 final batch loss = 0.142572
  chunk 62 final batch loss = 0.148701
  chunk 63 final batch loss = 0.740929
  chunk 64 final batch loss = 0.739846
  chunk 65 final batch loss = 0.173018
  chunk 66 final batch loss = 0.444953
  chunk 67 final batch loss = 0.787309
  chunk 68 final batch loss = 0.253582
  chunk 69 final batch loss = 0.591661
  chunk 70 final batch loss = 0.077449
  chunk 71 final batch loss = 0.706036
  chunk 72 final batch loss = 0.637084
  chunk 73 final batch loss = 0.272687
  chunk 74 final batch loss = 0.453470
  chunk 75 final batch loss = 0.072050
  chunk 76 final batch loss = 0.041258
  chunk 77 final batch loss = 0.264803
  chunk 78 final batch loss = 0.730214
  chunk 79 final batch loss = 0.455058
Validation loss: 0.355868
No improvement for 2 epochs
Saved checkpoint -> /workspace/train_17/checkpoints_17/transformer/epoch_48.pt
Epoch 49
  chunk 0 final batch loss = 0.777285
  chunk 1 final batch loss = 0.764589
  chunk 2 final batch loss = 0.225996
  chunk 3 final batch loss = 0.175623
  chunk 4 final batch loss = 0.667866
  chunk 5 final batch loss = 0.448682
  chunk 6 final batch loss = 0.090719
  chunk 7 final batch loss = 0.349858
  chunk 8 final batch loss = 0.166961
  chunk 9 final batch loss = 0.564003
  chunk 10 final batch loss = 0.430452
  chunk 11 final batch loss = 0.748472
  chunk 12 final batch loss = 0.717346
  chunk 13 final batch loss = 0.631354
  chunk 14 final batch loss = 0.317730
  chunk 15 final batch loss = 0.147801
  chunk 16 final batch loss = 0.157421
  chunk 17 final batch loss = 0.216515
  chunk 18 final batch loss = 0.474824
  chunk 19 final batch loss = 0.094378
  chunk 20 final batch loss = 0.784930
  chunk 21 final batch loss = 0.513160
  chunk 22 final batch loss = 0.739771
  chunk 23 final batch loss = 0.670090
  chunk 24 final batch loss = 0.725273
  chunk 25 final batch loss = 0.137482
  chunk 26 final batch loss = 0.776333
  chunk 27 final batch loss = 0.054866
  chunk 28 final batch loss = 0.104928
  chunk 29 final batch loss = 0.776179
  chunk 30 final batch loss = 0.136667
  chunk 31 final batch loss = 0.110685
  chunk 32 final batch loss = 0.713907
  chunk 33 final batch loss = 0.089412
  chunk 34 final batch loss = 0.357830
  chunk 35 final batch loss = 0.752659
  chunk 36 final batch loss = 0.516701
  chunk 37 final batch loss = 0.299776
  chunk 38 final batch loss = 0.089298
  chunk 39 final batch loss = 0.808687
  chunk 40 final batch loss = 0.153560
  chunk 41 final batch loss = 0.501229
  chunk 42 final batch loss = 0.096179
  chunk 43 final batch loss = 0.789091
  chunk 44 final batch loss = 0.192314
  chunk 45 final batch loss = 0.627949
  chunk 46 final batch loss = 0.083694
  chunk 47 final batch loss = 0.062098
  chunk 48 final batch loss = 0.120126
  chunk 49 final batch loss = 0.655569
  chunk 50 final batch loss = 0.569781
  chunk 51 final batch loss = 0.171471
  chunk 52 final batch loss = 0.072407
  chunk 53 final batch loss = 0.344818
  chunk 54 final batch loss = 0.160327
  chunk 55 final batch loss = 0.069543
  chunk 56 final batch loss = 0.641790
  chunk 57 final batch loss = 0.728231
  chunk 58 final batch loss = 0.523309
  chunk 59 final batch loss = 0.115342
  chunk 60 final batch loss = 0.564736
  chunk 61 final batch loss = 0.187141
  chunk 62 final batch loss = 0.154928
  chunk 63 final batch loss = 0.694385
  chunk 64 final batch loss = 0.789000
  chunk 65 final batch loss = 0.223888
  chunk 66 final batch loss = 0.423380
  chunk 67 final batch loss = 0.777736
  chunk 68 final batch loss = 0.310630
  chunk 69 final batch loss = 0.621258
  chunk 70 final batch loss = 0.062491
  chunk 71 final batch loss = 0.510820
  chunk 72 final batch loss = 0.639900
  chunk 73 final batch loss = 0.221832
  chunk 74 final batch loss = 0.458025
  chunk 75 final batch loss = 0.056688
  chunk 76 final batch loss = 0.035026
  chunk 77 final batch loss = 0.440652
  chunk 78 final batch loss = 0.728740
  chunk 79 final batch loss = 0.478013
Validation loss: 0.356339
No improvement for 3 epochs
Saved checkpoint -> /workspace/train_17/checkpoints_17/transformer/epoch_49.pt
Epoch 50
  chunk 0 final batch loss = 0.797018
  chunk 1 final batch loss = 0.791498
  chunk 2 final batch loss = 0.260068
  chunk 3 final batch loss = 0.140910
  chunk 4 final batch loss = 0.672089
  chunk 5 final batch loss = 0.440098
  chunk 6 final batch loss = 0.055365
  chunk 7 final batch loss = 0.152209
  chunk 8 final batch loss = 0.200728
  chunk 9 final batch loss = 0.538634
  chunk 10 final batch loss = 0.441076
  chunk 11 final batch loss = 0.822135
  chunk 12 final batch loss = 0.698977
  chunk 13 final batch loss = 0.623711
  chunk 14 final batch loss = 0.256401
  chunk 15 final batch loss = 0.177889
  chunk 16 final batch loss = 0.137981
  chunk 17 final batch loss = 0.281263
  chunk 18 final batch loss = 0.519602
  chunk 19 final batch loss = 0.102313
  chunk 20 final batch loss = 0.658089
  chunk 21 final batch loss = 0.612384
  chunk 22 final batch loss = 0.734535
  chunk 23 final batch loss = 0.532724
  chunk 24 final batch loss = 0.694078
  chunk 25 final batch loss = 0.145895
  chunk 26 final batch loss = 0.820382
  chunk 27 final batch loss = 0.052425
  chunk 28 final batch loss = 0.118789
  chunk 29 final batch loss = 0.787098
  chunk 30 final batch loss = 0.150691
  chunk 31 final batch loss = 0.157276
  chunk 32 final batch loss = 0.595881
  chunk 33 final batch loss = 0.108706
  chunk 34 final batch loss = 0.170678
  chunk 35 final batch loss = 0.795646
  chunk 36 final batch loss = 0.659081
  chunk 37 final batch loss = 0.420778
  chunk 38 final batch loss = 0.070292
  chunk 39 final batch loss = 0.822082
  chunk 40 final batch loss = 0.132321
  chunk 41 final batch loss = 0.541252
  chunk 42 final batch loss = 0.094467
  chunk 43 final batch loss = 0.771920
  chunk 44 final batch loss = 0.215292
  chunk 45 final batch loss = 0.739226
  chunk 46 final batch loss = 0.078809
  chunk 47 final batch loss = 0.105140
  chunk 48 final batch loss = 0.184104
  chunk 49 final batch loss = 0.767939
  chunk 50 final batch loss = 0.496124
  chunk 51 final batch loss = 0.133569
  chunk 52 final batch loss = 0.065595
  chunk 53 final batch loss = 0.434912
  chunk 54 final batch loss = 0.169001
  chunk 55 final batch loss = 0.108337
  chunk 56 final batch loss = 0.703314
  chunk 57 final batch loss = 0.724773
  chunk 58 final batch loss = 0.495801
  chunk 59 final batch loss = 0.077855
  chunk 60 final batch loss = 0.585352
  chunk 61 final batch loss = 0.198190
  chunk 62 final batch loss = 0.140437
  chunk 63 final batch loss = 0.752465
  chunk 64 final batch loss = 0.789978
  chunk 65 final batch loss = 0.195517
  chunk 66 final batch loss = 0.469211
  chunk 67 final batch loss = 0.757447
  chunk 68 final batch loss = 0.271406
  chunk 69 final batch loss = 0.440124
  chunk 70 final batch loss = 0.087109
  chunk 71 final batch loss = 0.661017
  chunk 72 final batch loss = 0.706399
  chunk 73 final batch loss = 0.234371
  chunk 74 final batch loss = 0.480907
  chunk 75 final batch loss = 0.081170
  chunk 76 final batch loss = 0.045281
  chunk 77 final batch loss = 0.185605
  chunk 78 final batch loss = 0.683361
  chunk 79 final batch loss = 0.637766
Validation loss: 0.353517
No improvement for 4 epochs
Saved checkpoint -> /workspace/train_17/checkpoints_17/transformer/epoch_50.pt
Epoch 51
  chunk 0 final batch loss = 0.737127
  chunk 1 final batch loss = 0.801647
  chunk 2 final batch loss = 0.230637
  chunk 3 final batch loss = 0.101958
  chunk 4 final batch loss = 0.767849
  chunk 5 final batch loss = 0.398467
  chunk 6 final batch loss = 0.061702
  chunk 7 final batch loss = 0.467194
  chunk 8 final batch loss = 0.207240
  chunk 9 final batch loss = 0.660826
  chunk 10 final batch loss = 0.275774
  chunk 11 final batch loss = 0.822497
  chunk 12 final batch loss = 0.614769
  chunk 13 final batch loss = 0.694478
  chunk 14 final batch loss = 0.429482
  chunk 15 final batch loss = 0.177759
  chunk 16 final batch loss = 0.107844
  chunk 17 final batch loss = 0.269056
  chunk 18 final batch loss = 0.517940
  chunk 19 final batch loss = 0.063846
  chunk 20 final batch loss = 0.696838
  chunk 21 final batch loss = 0.598811
  chunk 22 final batch loss = 0.750577
  chunk 23 final batch loss = 0.676596
  chunk 24 final batch loss = 0.734754
  chunk 25 final batch loss = 0.216240
  chunk 26 final batch loss = 0.738636
  chunk 27 final batch loss = 0.032864
  chunk 28 final batch loss = 0.067602
  chunk 29 final batch loss = 0.717082
  chunk 30 final batch loss = 0.154780
  chunk 31 final batch loss = 0.135748
  chunk 32 final batch loss = 0.599170
  chunk 33 final batch loss = 0.118772
  chunk 34 final batch loss = 0.288097
  chunk 35 final batch loss = 0.762780
  chunk 36 final batch loss = 0.528881
  chunk 37 final batch loss = 0.309129
  chunk 38 final batch loss = 0.099111
  chunk 39 final batch loss = 0.776983
  chunk 40 final batch loss = 0.111468
  chunk 41 final batch loss = 0.543288
  chunk 42 final batch loss = 0.097265
  chunk 43 final batch loss = 0.812135
  chunk 44 final batch loss = 0.198688
  chunk 45 final batch loss = 0.604609
  chunk 46 final batch loss = 0.079616
  chunk 47 final batch loss = 0.060761
  chunk 48 final batch loss = 0.134329
  chunk 49 final batch loss = 0.775120
  chunk 50 final batch loss = 0.591167
  chunk 51 final batch loss = 0.136539
  chunk 52 final batch loss = 0.071114
  chunk 53 final batch loss = 0.444868
  chunk 54 final batch loss = 0.204408
  chunk 55 final batch loss = 0.086908
  chunk 56 final batch loss = 0.572817
  chunk 57 final batch loss = 0.733289
  chunk 58 final batch loss = 0.530978
  chunk 59 final batch loss = 0.057575
  chunk 60 final batch loss = 0.515243
  chunk 61 final batch loss = 0.170191
  chunk 62 final batch loss = 0.138732
  chunk 63 final batch loss = 0.681467
  chunk 64 final batch loss = 0.732907
  chunk 65 final batch loss = 0.207506
  chunk 66 final batch loss = 0.605294
  chunk 67 final batch loss = 0.758258
  chunk 68 final batch loss = 0.280831
  chunk 69 final batch loss = 0.649625
  chunk 70 final batch loss = 0.067496
  chunk 71 final batch loss = 0.651021
  chunk 72 final batch loss = 0.616333
  chunk 73 final batch loss = 0.293056
  chunk 74 final batch loss = 0.356852
  chunk 75 final batch loss = 0.082950
  chunk 76 final batch loss = 0.048708
  chunk 77 final batch loss = 0.258008
  chunk 78 final batch loss = 0.790482
  chunk 79 final batch loss = 0.591833
Validation loss: 0.355699
No improvement for 5 epochs
Saved checkpoint -> /workspace/train_17/checkpoints_17/transformer/epoch_51.pt
Epoch 52
  chunk 0 final batch loss = 0.762989
  chunk 1 final batch loss = 0.737740
  chunk 2 final batch loss = 0.212098
  chunk 3 final batch loss = 0.166265
  chunk 4 final batch loss = 0.707292
  chunk 5 final batch loss = 0.284403
  chunk 6 final batch loss = 0.066988
  chunk 7 final batch loss = 0.286251
  chunk 8 final batch loss = 0.134653
  chunk 9 final batch loss = 0.628597
  chunk 10 final batch loss = 0.330582
  chunk 11 final batch loss = 0.782195
  chunk 12 final batch loss = 0.606682
  chunk 13 final batch loss = 0.676428
  chunk 14 final batch loss = 0.316764
  chunk 15 final batch loss = 0.129244
  chunk 16 final batch loss = 0.130831
  chunk 17 final batch loss = 0.364839
  chunk 18 final batch loss = 0.606883
  chunk 19 final batch loss = 0.112154
  chunk 20 final batch loss = 0.760295
  chunk 21 final batch loss = 0.640530
  chunk 22 final batch loss = 0.784901
  chunk 23 final batch loss = 0.740662
  chunk 24 final batch loss = 0.741540
  chunk 25 final batch loss = 0.107039
  chunk 26 final batch loss = 0.779041
  chunk 27 final batch loss = 0.046271
  chunk 28 final batch loss = 0.092405
  chunk 29 final batch loss = 0.781531
  chunk 30 final batch loss = 0.165051
  chunk 31 final batch loss = 0.150247
  chunk 32 final batch loss = 0.591188
  chunk 33 final batch loss = 0.051494
  chunk 34 final batch loss = 0.238029
  chunk 35 final batch loss = 0.811042
  chunk 36 final batch loss = 0.586374
  chunk 37 final batch loss = 0.464597
  chunk 38 final batch loss = 0.077326
  chunk 39 final batch loss = 0.780686
  chunk 40 final batch loss = 0.122339
  chunk 41 final batch loss = 0.596771
  chunk 42 final batch loss = 0.091610
  chunk 43 final batch loss = 0.757305
  chunk 44 final batch loss = 0.197061
  chunk 45 final batch loss = 0.769156
  chunk 46 final batch loss = 0.065341
  chunk 47 final batch loss = 0.100764
  chunk 48 final batch loss = 0.196614
  chunk 49 final batch loss = 0.701990
  chunk 50 final batch loss = 0.663691
  chunk 51 final batch loss = 0.124451
  chunk 52 final batch loss = 0.071374
  chunk 53 final batch loss = 0.411348
  chunk 54 final batch loss = 0.196282
  chunk 55 final batch loss = 0.086499
  chunk 56 final batch loss = 0.626177
  chunk 57 final batch loss = 0.771917
  chunk 58 final batch loss = 0.611451
  chunk 59 final batch loss = 0.057849
  chunk 60 final batch loss = 0.544772
  chunk 61 final batch loss = 0.132625
  chunk 62 final batch loss = 0.117990
  chunk 63 final batch loss = 0.654153
  chunk 64 final batch loss = 0.723343
  chunk 65 final batch loss = 0.182552
  chunk 66 final batch loss = 0.507132
  chunk 67 final batch loss = 0.787961
  chunk 68 final batch loss = 0.243249
  chunk 69 final batch loss = 0.549088
  chunk 70 final batch loss = 0.072001
  chunk 71 final batch loss = 0.411140
  chunk 72 final batch loss = 0.635657
  chunk 73 final batch loss = 0.308799
  chunk 74 final batch loss = 0.456092
  chunk 75 final batch loss = 0.066822
  chunk 76 final batch loss = 0.058809
  chunk 77 final batch loss = 0.337958
  chunk 78 final batch loss = 0.742369
  chunk 79 final batch loss = 0.656412
Validation loss: 0.352568
Saved BEST checkpoint -> /workspace/train_17/checkpoints_17/transformer/best.pt
Saved checkpoint -> /workspace/train_17/checkpoints_17/transformer/epoch_52.pt
Epoch 53
  chunk 0 final batch loss = 0.776308
  chunk 1 final batch loss = 0.750025
  chunk 2 final batch loss = 0.308998
  chunk 3 final batch loss = 0.151513
  chunk 4 final batch loss = 0.675220
  chunk 5 final batch loss = 0.461099
  chunk 6 final batch loss = 0.065750
  chunk 7 final batch loss = 0.270978
  chunk 8 final batch loss = 0.154574
  chunk 9 final batch loss = 0.628740
  chunk 10 final batch loss = 0.286762
  chunk 11 final batch loss = 0.819843
  chunk 12 final batch loss = 0.669237
  chunk 13 final batch loss = 0.610460
  chunk 14 final batch loss = 0.264587
  chunk 15 final batch loss = 0.138394
  chunk 16 final batch loss = 0.131745
  chunk 17 final batch loss = 0.281443
  chunk 18 final batch loss = 0.547332
  chunk 19 final batch loss = 0.081959
  chunk 20 final batch loss = 0.791147
  chunk 21 final batch loss = 0.572009
  chunk 22 final batch loss = 0.718769
  chunk 23 final batch loss = 0.573803
  chunk 24 final batch loss = 0.752286
  chunk 25 final batch loss = 0.145426
  chunk 26 final batch loss = 0.769916
  chunk 27 final batch loss = 0.043257
  chunk 28 final batch loss = 0.065165
  chunk 29 final batch loss = 0.721673
  chunk 30 final batch loss = 0.139350
  chunk 31 final batch loss = 0.104412
  chunk 32 final batch loss = 0.712447
  chunk 33 final batch loss = 0.085261
  chunk 34 final batch loss = 0.250754
  chunk 35 final batch loss = 0.790455
  chunk 36 final batch loss = 0.555167
  chunk 37 final batch loss = 0.407764
  chunk 38 final batch loss = 0.047886
  chunk 39 final batch loss = 0.799609
  chunk 40 final batch loss = 0.134878
  chunk 41 final batch loss = 0.562745
  chunk 42 final batch loss = 0.098427
  chunk 43 final batch loss = 0.769894
  chunk 44 final batch loss = 0.180747
  chunk 45 final batch loss = 0.652926
  chunk 46 final batch loss = 0.079994
  chunk 47 final batch loss = 0.113134
  chunk 48 final batch loss = 0.125036
  chunk 49 final batch loss = 0.703393
  chunk 50 final batch loss = 0.620974
  chunk 51 final batch loss = 0.111668
  chunk 52 final batch loss = 0.090142
  chunk 53 final batch loss = 0.442188
  chunk 54 final batch loss = 0.184309
  chunk 55 final batch loss = 0.141433
  chunk 56 final batch loss = 0.683712
  chunk 57 final batch loss = 0.710941
  chunk 58 final batch loss = 0.543339
  chunk 59 final batch loss = 0.082697
  chunk 60 final batch loss = 0.701981
  chunk 61 final batch loss = 0.143103
  chunk 62 final batch loss = 0.235813
  chunk 63 final batch loss = 0.731019
  chunk 64 final batch loss = 0.720418
  chunk 65 final batch loss = 0.177628
  chunk 66 final batch loss = 0.654242
  chunk 67 final batch loss = 0.776960
  chunk 68 final batch loss = 0.249794
  chunk 69 final batch loss = 0.501417
  chunk 70 final batch loss = 0.079319
  chunk 71 final batch loss = 0.615621
  chunk 72 final batch loss = 0.690676
  chunk 73 final batch loss = 0.227877
  chunk 74 final batch loss = 0.351145
  chunk 75 final batch loss = 0.084506
  chunk 76 final batch loss = 0.055320
  chunk 77 final batch loss = 0.227878
  chunk 78 final batch loss = 0.759114
  chunk 79 final batch loss = 0.540105
Validation loss: 0.351824
Saved BEST checkpoint -> /workspace/train_17/checkpoints_17/transformer/best.pt
Saved checkpoint -> /workspace/train_17/checkpoints_17/transformer/epoch_53.pt
Epoch 54
  chunk 0 final batch loss = 0.731490
  chunk 1 final batch loss = 0.704224
  chunk 2 final batch loss = 0.235014
  chunk 3 final batch loss = 0.133487
  chunk 4 final batch loss = 0.679424
  chunk 5 final batch loss = 0.388592
  chunk 6 final batch loss = 0.082639
  chunk 7 final batch loss = 0.166219
  chunk 8 final batch loss = 0.150589
  chunk 9 final batch loss = 0.489040
  chunk 10 final batch loss = 0.236255
  chunk 11 final batch loss = 0.785984
  chunk 12 final batch loss = 0.640912
  chunk 13 final batch loss = 0.631091
  chunk 14 final batch loss = 0.308921
  chunk 15 final batch loss = 0.167730
  chunk 16 final batch loss = 0.164944
  chunk 17 final batch loss = 0.220568
  chunk 18 final batch loss = 0.521070
  chunk 19 final batch loss = 0.084637
  chunk 20 final batch loss = 0.814534
  chunk 21 final batch loss = 0.610025
  chunk 22 final batch loss = 0.687559
  chunk 23 final batch loss = 0.467975
  chunk 24 final batch loss = 0.771310
  chunk 25 final batch loss = 0.151468
  chunk 26 final batch loss = 0.771447
  chunk 27 final batch loss = 0.059430
  chunk 28 final batch loss = 0.079028
  chunk 29 final batch loss = 0.713077
  chunk 30 final batch loss = 0.131346
  chunk 31 final batch loss = 0.204094
  chunk 32 final batch loss = 0.643134
  chunk 33 final batch loss = 0.088577
  chunk 34 final batch loss = 0.374162
  chunk 35 final batch loss = 0.774154
  chunk 36 final batch loss = 0.582948
  chunk 37 final batch loss = 0.303246
  chunk 38 final batch loss = 0.063047
  chunk 39 final batch loss = 0.777676
  chunk 40 final batch loss = 0.081733
  chunk 41 final batch loss = 0.471361
  chunk 42 final batch loss = 0.107951
  chunk 43 final batch loss = 0.749036
  chunk 44 final batch loss = 0.230999
  chunk 45 final batch loss = 0.683671
  chunk 46 final batch loss = 0.072236
  chunk 47 final batch loss = 0.092963
  chunk 48 final batch loss = 0.136941
  chunk 49 final batch loss = 0.625066
  chunk 50 final batch loss = 0.554708
  chunk 51 final batch loss = 0.179227
  chunk 52 final batch loss = 0.069302
  chunk 53 final batch loss = 0.420832
  chunk 54 final batch loss = 0.159262
  chunk 55 final batch loss = 0.084922
  chunk 56 final batch loss = 0.700872
  chunk 57 final batch loss = 0.714721
  chunk 58 final batch loss = 0.593926
  chunk 59 final batch loss = 0.088235
  chunk 60 final batch loss = 0.643013
  chunk 61 final batch loss = 0.144166
  chunk 62 final batch loss = 0.147067
  chunk 63 final batch loss = 0.638798
  chunk 64 final batch loss = 0.800592
  chunk 65 final batch loss = 0.212723
  chunk 66 final batch loss = 0.560940
  chunk 67 final batch loss = 0.732591
  chunk 68 final batch loss = 0.323620
  chunk 69 final batch loss = 0.572990
  chunk 70 final batch loss = 0.051491
  chunk 71 final batch loss = 0.624235
  chunk 72 final batch loss = 0.659423
  chunk 73 final batch loss = 0.300266
  chunk 74 final batch loss = 0.380109
  chunk 75 final batch loss = 0.079691
  chunk 76 final batch loss = 0.040240
  chunk 77 final batch loss = 0.281087
  chunk 78 final batch loss = 0.730267
  chunk 79 final batch loss = 0.526511
Validation loss: 0.351309
Saved BEST checkpoint -> /workspace/train_17/checkpoints_17/transformer/best.pt
Saved checkpoint -> /workspace/train_17/checkpoints_17/transformer/epoch_54.pt
Epoch 55
  chunk 0 final batch loss = 0.768682
  chunk 1 final batch loss = 0.789522
  chunk 2 final batch loss = 0.260427
  chunk 3 final batch loss = 0.154859
  chunk 4 final batch loss = 0.762168
  chunk 5 final batch loss = 0.350991
  chunk 6 final batch loss = 0.068082
  chunk 7 final batch loss = 0.337591
  chunk 8 final batch loss = 0.142002
  chunk 9 final batch loss = 0.588870
  chunk 10 final batch loss = 0.281279
  chunk 11 final batch loss = 0.802098
  chunk 12 final batch loss = 0.692432
  chunk 13 final batch loss = 0.639246
  chunk 14 final batch loss = 0.253429
  chunk 15 final batch loss = 0.134620
  chunk 16 final batch loss = 0.150862
  chunk 17 final batch loss = 0.269319
  chunk 18 final batch loss = 0.519401
  chunk 19 final batch loss = 0.117916
  chunk 20 final batch loss = 0.699665
  chunk 21 final batch loss = 0.613276
  chunk 22 final batch loss = 0.731866
  chunk 23 final batch loss = 0.586844
  chunk 24 final batch loss = 0.679563
  chunk 25 final batch loss = 0.158873
  chunk 26 final batch loss = 0.754267
  chunk 27 final batch loss = 0.055242
  chunk 28 final batch loss = 0.088400
  chunk 29 final batch loss = 0.737998
  chunk 30 final batch loss = 0.141179
  chunk 31 final batch loss = 0.142485
  chunk 32 final batch loss = 0.666123
  chunk 33 final batch loss = 0.075210
  chunk 34 final batch loss = 0.321953
  chunk 35 final batch loss = 0.800794
  chunk 36 final batch loss = 0.593238
  chunk 37 final batch loss = 0.362079
  chunk 38 final batch loss = 0.100545
  chunk 39 final batch loss = 0.834016
  chunk 40 final batch loss = 0.142060
  chunk 41 final batch loss = 0.637902
  chunk 42 final batch loss = 0.109718
  chunk 43 final batch loss = 0.771253
  chunk 44 final batch loss = 0.208846
  chunk 45 final batch loss = 0.705912
  chunk 46 final batch loss = 0.071796
  chunk 47 final batch loss = 0.052888
  chunk 48 final batch loss = 0.132490
  chunk 49 final batch loss = 0.776824
  chunk 50 final batch loss = 0.435182
  chunk 51 final batch loss = 0.088441
  chunk 52 final batch loss = 0.073486
  chunk 53 final batch loss = 0.498714
  chunk 54 final batch loss = 0.155972
  chunk 55 final batch loss = 0.102602
  chunk 56 final batch loss = 0.635092
  chunk 57 final batch loss = 0.746472
  chunk 58 final batch loss = 0.513168
  chunk 59 final batch loss = 0.054752
  chunk 60 final batch loss = 0.511620
  chunk 61 final batch loss = 0.152038
  chunk 62 final batch loss = 0.138028
  chunk 63 final batch loss = 0.715868
  chunk 64 final batch loss = 0.736198
  chunk 65 final batch loss = 0.243808
  chunk 66 final batch loss = 0.475104
  chunk 67 final batch loss = 0.689246
  chunk 68 final batch loss = 0.308608
  chunk 69 final batch loss = 0.571038
  chunk 70 final batch loss = 0.036988
  chunk 71 final batch loss = 0.626644
  chunk 72 final batch loss = 0.694652
  chunk 73 final batch loss = 0.331451
  chunk 74 final batch loss = 0.387351
  chunk 75 final batch loss = 0.084585
  chunk 76 final batch loss = 0.040603
  chunk 77 final batch loss = 0.220022
  chunk 78 final batch loss = 0.740300
  chunk 79 final batch loss = 0.495310
Validation loss: 0.352986
No improvement for 1 epochs
Saved checkpoint -> /workspace/train_17/checkpoints_17/transformer/epoch_55.pt
Epoch 56
  chunk 0 final batch loss = 0.763868
  chunk 1 final batch loss = 0.743207
  chunk 2 final batch loss = 0.156084
  chunk 3 final batch loss = 0.126606
  chunk 4 final batch loss = 0.734982
  chunk 5 final batch loss = 0.442175
  chunk 6 final batch loss = 0.056913
  chunk 7 final batch loss = 0.294880
  chunk 8 final batch loss = 0.212844
  chunk 9 final batch loss = 0.561496
  chunk 10 final batch loss = 0.193842
  chunk 11 final batch loss = 0.806842
  chunk 12 final batch loss = 0.504210
  chunk 13 final batch loss = 0.684842
  chunk 14 final batch loss = 0.205384
  chunk 15 final batch loss = 0.134046
  chunk 16 final batch loss = 0.113152
  chunk 17 final batch loss = 0.278845
  chunk 18 final batch loss = 0.494432
  chunk 19 final batch loss = 0.082681
  chunk 20 final batch loss = 0.743291
  chunk 21 final batch loss = 0.578293
  chunk 22 final batch loss = 0.773053
  chunk 23 final batch loss = 0.636460
  chunk 24 final batch loss = 0.773634
  chunk 25 final batch loss = 0.120189
  chunk 26 final batch loss = 0.745793
  chunk 27 final batch loss = 0.047711
  chunk 28 final batch loss = 0.073509
  chunk 29 final batch loss = 0.698912
  chunk 30 final batch loss = 0.169214
  chunk 31 final batch loss = 0.103553
  chunk 32 final batch loss = 0.688187
  chunk 33 final batch loss = 0.060422
  chunk 34 final batch loss = 0.225609
  chunk 35 final batch loss = 0.758299
  chunk 36 final batch loss = 0.480961
  chunk 37 final batch loss = 0.400152
  chunk 38 final batch loss = 0.084706
  chunk 39 final batch loss = 0.809379
  chunk 40 final batch loss = 0.140048
  chunk 41 final batch loss = 0.533844
  chunk 42 final batch loss = 0.089196
  chunk 43 final batch loss = 0.815166
  chunk 44 final batch loss = 0.157546
  chunk 45 final batch loss = 0.666438
  chunk 46 final batch loss = 0.085300
  chunk 47 final batch loss = 0.097862
  chunk 48 final batch loss = 0.141354
  chunk 49 final batch loss = 0.688088
  chunk 50 final batch loss = 0.591430
  chunk 51 final batch loss = 0.146105
  chunk 52 final batch loss = 0.052232
  chunk 53 final batch loss = 0.398622
  chunk 54 final batch loss = 0.180085
  chunk 55 final batch loss = 0.087174
  chunk 56 final batch loss = 0.576546
  chunk 57 final batch loss = 0.774664
  chunk 58 final batch loss = 0.703182
  chunk 59 final batch loss = 0.080636
  chunk 60 final batch loss = 0.586230
  chunk 61 final batch loss = 0.139979
  chunk 62 final batch loss = 0.151215
  chunk 63 final batch loss = 0.788884
  chunk 64 final batch loss = 0.700027
  chunk 65 final batch loss = 0.180964
  chunk 66 final batch loss = 0.537044
  chunk 67 final batch loss = 0.732188
  chunk 68 final batch loss = 0.274007
  chunk 69 final batch loss = 0.540372
  chunk 70 final batch loss = 0.087710
  chunk 71 final batch loss = 0.625774
  chunk 72 final batch loss = 0.710238
  chunk 73 final batch loss = 0.236382
  chunk 74 final batch loss = 0.441932
  chunk 75 final batch loss = 0.082702
  chunk 76 final batch loss = 0.032407
  chunk 77 final batch loss = 0.422754
  chunk 78 final batch loss = 0.813627
  chunk 79 final batch loss = 0.458275
Validation loss: 0.350386
Saved BEST checkpoint -> /workspace/train_17/checkpoints_17/transformer/best.pt
Saved checkpoint -> /workspace/train_17/checkpoints_17/transformer/epoch_56.pt
Epoch 57
  chunk 0 final batch loss = 0.781052
  chunk 1 final batch loss = 0.750714
  chunk 2 final batch loss = 0.346562
  chunk 3 final batch loss = 0.134754
  chunk 4 final batch loss = 0.626777
  chunk 5 final batch loss = 0.427396
  chunk 6 final batch loss = 0.078819
  chunk 7 final batch loss = 0.327264
  chunk 8 final batch loss = 0.195115
  chunk 9 final batch loss = 0.609854
  chunk 10 final batch loss = 0.282582
  chunk 11 final batch loss = 0.834386
  chunk 12 final batch loss = 0.678665
  chunk 13 final batch loss = 0.691561
  chunk 14 final batch loss = 0.269392
  chunk 15 final batch loss = 0.127183
  chunk 16 final batch loss = 0.168713
  chunk 17 final batch loss = 0.310366
  chunk 18 final batch loss = 0.527321
  chunk 19 final batch loss = 0.065911
  chunk 20 final batch loss = 0.781792
  chunk 21 final batch loss = 0.600725
  chunk 22 final batch loss = 0.718259
  chunk 23 final batch loss = 0.674867
  chunk 24 final batch loss = 0.732869
  chunk 25 final batch loss = 0.172405
  chunk 26 final batch loss = 0.700222
  chunk 27 final batch loss = 0.045265
  chunk 28 final batch loss = 0.079338
  chunk 29 final batch loss = 0.775440
  chunk 30 final batch loss = 0.156047
  chunk 31 final batch loss = 0.131596
  chunk 32 final batch loss = 0.574392
  chunk 33 final batch loss = 0.089628
  chunk 34 final batch loss = 0.341836
  chunk 35 final batch loss = 0.772003
  chunk 36 final batch loss = 0.496837
  chunk 37 final batch loss = 0.477578
  chunk 38 final batch loss = 0.080746
  chunk 39 final batch loss = 0.802096
  chunk 40 final batch loss = 0.076218
  chunk 41 final batch loss = 0.549606
  chunk 42 final batch loss = 0.101182
  chunk 43 final batch loss = 0.796948
  chunk 44 final batch loss = 0.181699
  chunk 45 final batch loss = 0.748632
  chunk 46 final batch loss = 0.102675
  chunk 47 final batch loss = 0.076971
  chunk 48 final batch loss = 0.181208
  chunk 49 final batch loss = 0.742042
  chunk 50 final batch loss = 0.628312
  chunk 51 final batch loss = 0.166144
  chunk 52 final batch loss = 0.064954
  chunk 53 final batch loss = 0.351953
  chunk 54 final batch loss = 0.181904
  chunk 55 final batch loss = 0.112051
  chunk 56 final batch loss = 0.630700
  chunk 57 final batch loss = 0.705604
  chunk 58 final batch loss = 0.542195
  chunk 59 final batch loss = 0.104718
  chunk 60 final batch loss = 0.566461
  chunk 61 final batch loss = 0.160807
  chunk 62 final batch loss = 0.150846
  chunk 63 final batch loss = 0.747983
  chunk 64 final batch loss = 0.716783
  chunk 65 final batch loss = 0.163321
  chunk 66 final batch loss = 0.393973
  chunk 67 final batch loss = 0.783007
  chunk 68 final batch loss = 0.199255
  chunk 69 final batch loss = 0.479312
  chunk 70 final batch loss = 0.061959
  chunk 71 final batch loss = 0.536700
  chunk 72 final batch loss = 0.691460
  chunk 73 final batch loss = 0.290962
  chunk 74 final batch loss = 0.428428
  chunk 75 final batch loss = 0.069531
  chunk 76 final batch loss = 0.057004
  chunk 77 final batch loss = 0.242757
  chunk 78 final batch loss = 0.747695
  chunk 79 final batch loss = 0.543408
Validation loss: 0.350587
No improvement for 1 epochs
Saved checkpoint -> /workspace/train_17/checkpoints_17/transformer/epoch_57.pt
Epoch 58
  chunk 0 final batch loss = 0.740120
  chunk 1 final batch loss = 0.782076
  chunk 2 final batch loss = 0.240220
  chunk 3 final batch loss = 0.144259
  chunk 4 final batch loss = 0.716779
  chunk 5 final batch loss = 0.417736
  chunk 6 final batch loss = 0.067202
  chunk 7 final batch loss = 0.302344
  chunk 8 final batch loss = 0.250691
  chunk 9 final batch loss = 0.512971
  chunk 10 final batch loss = 0.332248
  chunk 11 final batch loss = 0.809071
  chunk 12 final batch loss = 0.674714
  chunk 13 final batch loss = 0.632020
  chunk 14 final batch loss = 0.324830
  chunk 15 final batch loss = 0.129040
  chunk 16 final batch loss = 0.115074
  chunk 17 final batch loss = 0.297527
  chunk 18 final batch loss = 0.507252
  chunk 19 final batch loss = 0.070963
  chunk 20 final batch loss = 0.749021
  chunk 21 final batch loss = 0.376318
  chunk 22 final batch loss = 0.825556
  chunk 23 final batch loss = 0.446019
  chunk 24 final batch loss = 0.698542
  chunk 25 final batch loss = 0.110942
  chunk 26 final batch loss = 0.762243
  chunk 27 final batch loss = 0.052484
  chunk 28 final batch loss = 0.066311
  chunk 29 final batch loss = 0.701112
  chunk 30 final batch loss = 0.103808
  chunk 31 final batch loss = 0.149704
  chunk 32 final batch loss = 0.717914
  chunk 33 final batch loss = 0.079790
  chunk 34 final batch loss = 0.225356
  chunk 35 final batch loss = 0.786888
  chunk 36 final batch loss = 0.606823
  chunk 37 final batch loss = 0.476652
  chunk 38 final batch loss = 0.093669
  chunk 39 final batch loss = 0.799677
  chunk 40 final batch loss = 0.068742
  chunk 41 final batch loss = 0.540988
  chunk 42 final batch loss = 0.094755
  chunk 43 final batch loss = 0.779844
  chunk 44 final batch loss = 0.181896
  chunk 45 final batch loss = 0.717702
  chunk 46 final batch loss = 0.085040
  chunk 47 final batch loss = 0.065449
  chunk 48 final batch loss = 0.165376
  chunk 49 final batch loss = 0.740855
  chunk 50 final batch loss = 0.653994
  chunk 51 final batch loss = 0.147644
  chunk 52 final batch loss = 0.051809
  chunk 53 final batch loss = 0.353884
  chunk 54 final batch loss = 0.200552
  chunk 55 final batch loss = 0.109615
  chunk 56 final batch loss = 0.715949
  chunk 57 final batch loss = 0.723519
  chunk 58 final batch loss = 0.472267
  chunk 59 final batch loss = 0.089914
  chunk 60 final batch loss = 0.484659
  chunk 61 final batch loss = 0.125850
  chunk 62 final batch loss = 0.111441
  chunk 63 final batch loss = 0.698084
  chunk 64 final batch loss = 0.744977
  chunk 65 final batch loss = 0.199322
  chunk 66 final batch loss = 0.510992
  chunk 67 final batch loss = 0.771476
  chunk 68 final batch loss = 0.323676
  chunk 69 final batch loss = 0.500951
  chunk 70 final batch loss = 0.068971
  chunk 71 final batch loss = 0.625132
  chunk 72 final batch loss = 0.630324
  chunk 73 final batch loss = 0.268837
  chunk 74 final batch loss = 0.505435
  chunk 75 final batch loss = 0.048714
  chunk 76 final batch loss = 0.054605
  chunk 77 final batch loss = 0.309516
  chunk 78 final batch loss = 0.776799
  chunk 79 final batch loss = 0.351751
Validation loss: 0.349353
Saved BEST checkpoint -> /workspace/train_17/checkpoints_17/transformer/best.pt
Saved checkpoint -> /workspace/train_17/checkpoints_17/transformer/epoch_58.pt
Epoch 59
  chunk 0 final batch loss = 0.765890
  chunk 1 final batch loss = 0.779699
  chunk 2 final batch loss = 0.190467
  chunk 3 final batch loss = 0.132210
  chunk 4 final batch loss = 0.740954
  chunk 5 final batch loss = 0.493902
  chunk 6 final batch loss = 0.067706
  chunk 7 final batch loss = 0.297894
  chunk 8 final batch loss = 0.175395
  chunk 9 final batch loss = 0.561081
  chunk 10 final batch loss = 0.373045
  chunk 11 final batch loss = 0.812249
  chunk 12 final batch loss = 0.685001
  chunk 13 final batch loss = 0.705268
  chunk 14 final batch loss = 0.385178
  chunk 15 final batch loss = 0.106552
  chunk 16 final batch loss = 0.145650
  chunk 17 final batch loss = 0.287804
  chunk 18 final batch loss = 0.582514
  chunk 19 final batch loss = 0.134953
  chunk 20 final batch loss = 0.679186
  chunk 21 final batch loss = 0.490463
  chunk 22 final batch loss = 0.687921
  chunk 23 final batch loss = 0.566507
  chunk 24 final batch loss = 0.743969
  chunk 25 final batch loss = 0.116099
  chunk 26 final batch loss = 0.752935
  chunk 27 final batch loss = 0.039268
  chunk 28 final batch loss = 0.070511
  chunk 29 final batch loss = 0.788238
  chunk 30 final batch loss = 0.192187
  chunk 31 final batch loss = 0.151979
  chunk 32 final batch loss = 0.591398
  chunk 33 final batch loss = 0.090055
  chunk 34 final batch loss = 0.257233
  chunk 35 final batch loss = 0.762365
  chunk 36 final batch loss = 0.560692
  chunk 37 final batch loss = 0.309067
  chunk 38 final batch loss = 0.083886
  chunk 39 final batch loss = 0.819623
  chunk 40 final batch loss = 0.121152
  chunk 41 final batch loss = 0.517767
  chunk 42 final batch loss = 0.122248
  chunk 43 final batch loss = 0.774013
  chunk 44 final batch loss = 0.214676
  chunk 45 final batch loss = 0.690566
  chunk 46 final batch loss = 0.088052
  chunk 47 final batch loss = 0.062062
  chunk 48 final batch loss = 0.195379
  chunk 49 final batch loss = 0.672954
  chunk 50 final batch loss = 0.573564
  chunk 51 final batch loss = 0.145014
  chunk 52 final batch loss = 0.056532
  chunk 53 final batch loss = 0.447180
  chunk 54 final batch loss = 0.155639
  chunk 55 final batch loss = 0.111691
  chunk 56 final batch loss = 0.694098
  chunk 57 final batch loss = 0.613963
  chunk 58 final batch loss = 0.471557
  chunk 59 final batch loss = 0.089027
  chunk 60 final batch loss = 0.557484
  chunk 61 final batch loss = 0.198473
  chunk 62 final batch loss = 0.134679
  chunk 63 final batch loss = 0.706390
  chunk 64 final batch loss = 0.698432
  chunk 65 final batch loss = 0.223209
  chunk 66 final batch loss = 0.641141
  chunk 67 final batch loss = 0.764342
  chunk 68 final batch loss = 0.221311
  chunk 69 final batch loss = 0.501866
  chunk 70 final batch loss = 0.083858
  chunk 71 final batch loss = 0.551575
  chunk 72 final batch loss = 0.684015
  chunk 73 final batch loss = 0.329717
  chunk 74 final batch loss = 0.304148
  chunk 75 final batch loss = 0.078993
  chunk 76 final batch loss = 0.050639
  chunk 77 final batch loss = 0.298227
  chunk 78 final batch loss = 0.700979
  chunk 79 final batch loss = 0.622591
Validation loss: 0.350276
No improvement for 1 epochs
Saved checkpoint -> /workspace/train_17/checkpoints_17/transformer/epoch_59.pt
Epoch 60
  chunk 0 final batch loss = 0.779612
  chunk 1 final batch loss = 0.698130
  chunk 2 final batch loss = 0.308145
  chunk 3 final batch loss = 0.151442
  chunk 4 final batch loss = 0.629134
  chunk 5 final batch loss = 0.307858
  chunk 6 final batch loss = 0.058225
  chunk 7 final batch loss = 0.221404
  chunk 8 final batch loss = 0.241356
  chunk 9 final batch loss = 0.514415
  chunk 10 final batch loss = 0.310863
  chunk 11 final batch loss = 0.814503
  chunk 12 final batch loss = 0.620141
  chunk 13 final batch loss = 0.615512
  chunk 14 final batch loss = 0.279618
  chunk 15 final batch loss = 0.180289
  chunk 16 final batch loss = 0.125140
  chunk 17 final batch loss = 0.240491
  chunk 18 final batch loss = 0.464471
  chunk 19 final batch loss = 0.107452
  chunk 20 final batch loss = 0.699947
  chunk 21 final batch loss = 0.634117
  chunk 22 final batch loss = 0.690201
  chunk 23 final batch loss = 0.653668
  chunk 24 final batch loss = 0.725695
  chunk 25 final batch loss = 0.144776
  chunk 26 final batch loss = 0.678869
  chunk 27 final batch loss = 0.042530
  chunk 28 final batch loss = 0.093961
  chunk 29 final batch loss = 0.658216
  chunk 30 final batch loss = 0.152924
  chunk 31 final batch loss = 0.206772
  chunk 32 final batch loss = 0.773512
  chunk 33 final batch loss = 0.066237
  chunk 34 final batch loss = 0.270170
  chunk 35 final batch loss = 0.796691
  chunk 36 final batch loss = 0.610461
  chunk 37 final batch loss = 0.288021
  chunk 38 final batch loss = 0.083209
  chunk 39 final batch loss = 0.818594
  chunk 40 final batch loss = 0.097764
  chunk 41 final batch loss = 0.520516
  chunk 42 final batch loss = 0.113795
  chunk 43 final batch loss = 0.788375
  chunk 44 final batch loss = 0.174257
  chunk 45 final batch loss = 0.758070
  chunk 46 final batch loss = 0.085775
  chunk 47 final batch loss = 0.112653
  chunk 48 final batch loss = 0.224738
  chunk 49 final batch loss = 0.690495
  chunk 50 final batch loss = 0.548800
  chunk 51 final batch loss = 0.201877
  chunk 52 final batch loss = 0.059620
  chunk 53 final batch loss = 0.381432
  chunk 54 final batch loss = 0.214220
  chunk 55 final batch loss = 0.100596
  chunk 56 final batch loss = 0.754874
  chunk 57 final batch loss = 0.630649
  chunk 58 final batch loss = 0.473926
  chunk 59 final batch loss = 0.068651
  chunk 60 final batch loss = 0.501708
  chunk 61 final batch loss = 0.107395
  chunk 62 final batch loss = 0.116106
  chunk 63 final batch loss = 0.721450
  chunk 64 final batch loss = 0.680910
  chunk 65 final batch loss = 0.171444
  chunk 66 final batch loss = 0.487682
  chunk 67 final batch loss = 0.762345
  chunk 68 final batch loss = 0.326935
  chunk 69 final batch loss = 0.542554
  chunk 70 final batch loss = 0.055985
  chunk 71 final batch loss = 0.604381
  chunk 72 final batch loss = 0.722301
  chunk 73 final batch loss = 0.217952
  chunk 74 final batch loss = 0.362627
  chunk 75 final batch loss = 0.063903
  chunk 76 final batch loss = 0.071008
  chunk 77 final batch loss = 0.322234
  chunk 78 final batch loss = 0.671486
  chunk 79 final batch loss = 0.516790
Validation loss: 0.349132
Saved BEST checkpoint -> /workspace/train_17/checkpoints_17/transformer/best.pt
Saved checkpoint -> /workspace/train_17/checkpoints_17/transformer/epoch_60.pt
Epoch 61
  chunk 0 final batch loss = 0.811596
  chunk 1 final batch loss = 0.788697
  chunk 2 final batch loss = 0.237875
  chunk 3 final batch loss = 0.103172
  chunk 4 final batch loss = 0.713589
  chunk 5 final batch loss = 0.468880
  chunk 6 final batch loss = 0.053688
  chunk 7 final batch loss = 0.279591
  chunk 8 final batch loss = 0.127164
  chunk 9 final batch loss = 0.635672
  chunk 10 final batch loss = 0.364471
  chunk 11 final batch loss = 0.826967
  chunk 12 final batch loss = 0.650965
  chunk 13 final batch loss = 0.599726
  chunk 14 final batch loss = 0.297467
  chunk 15 final batch loss = 0.146013
  chunk 16 final batch loss = 0.150962
  chunk 17 final batch loss = 0.302893
  chunk 18 final batch loss = 0.539293
  chunk 19 final batch loss = 0.127344
  chunk 20 final batch loss = 0.742470
  chunk 21 final batch loss = 0.366359
  chunk 22 final batch loss = 0.708447
  chunk 23 final batch loss = 0.480797
  chunk 24 final batch loss = 0.769308
  chunk 25 final batch loss = 0.113621
  chunk 26 final batch loss = 0.778148
  chunk 27 final batch loss = 0.051996
  chunk 28 final batch loss = 0.069079
  chunk 29 final batch loss = 0.795322
  chunk 30 final batch loss = 0.129251
  chunk 31 final batch loss = 0.122804
  chunk 32 final batch loss = 0.676743
  chunk 33 final batch loss = 0.067706
  chunk 34 final batch loss = 0.237240
  chunk 35 final batch loss = 0.800107
  chunk 36 final batch loss = 0.630565
  chunk 37 final batch loss = 0.452204
  chunk 38 final batch loss = 0.054426
  chunk 39 final batch loss = 0.797819
  chunk 40 final batch loss = 0.126684
  chunk 41 final batch loss = 0.533936
  chunk 42 final batch loss = 0.105967
  chunk 43 final batch loss = 0.740642
  chunk 44 final batch loss = 0.186422
  chunk 45 final batch loss = 0.689631
  chunk 46 final batch loss = 0.086238
  chunk 47 final batch loss = 0.070029
  chunk 48 final batch loss = 0.147544
  chunk 49 final batch loss = 0.726445
  chunk 50 final batch loss = 0.491153
  chunk 51 final batch loss = 0.139238
  chunk 52 final batch loss = 0.076108
  chunk 53 final batch loss = 0.331767
  chunk 54 final batch loss = 0.149348
  chunk 55 final batch loss = 0.094575
  chunk 56 final batch loss = 0.698069
  chunk 57 final batch loss = 0.681384
  chunk 58 final batch loss = 0.612432
  chunk 59 final batch loss = 0.074832
  chunk 60 final batch loss = 0.611915
  chunk 61 final batch loss = 0.181124
  chunk 62 final batch loss = 0.142254
  chunk 63 final batch loss = 0.699810
  chunk 64 final batch loss = 0.750937
  chunk 65 final batch loss = 0.165301
  chunk 66 final batch loss = 0.459660
  chunk 67 final batch loss = 0.794566
  chunk 68 final batch loss = 0.369881
  chunk 69 final batch loss = 0.580653
  chunk 70 final batch loss = 0.072311
  chunk 71 final batch loss = 0.501767
  chunk 72 final batch loss = 0.587375
  chunk 73 final batch loss = 0.263398
  chunk 74 final batch loss = 0.426401
  chunk 75 final batch loss = 0.090031
  chunk 76 final batch loss = 0.054828
  chunk 77 final batch loss = 0.136402
  chunk 78 final batch loss = 0.801585
  chunk 79 final batch loss = 0.410945
Validation loss: 0.350921
No improvement for 1 epochs
Saved checkpoint -> /workspace/train_17/checkpoints_17/transformer/epoch_61.pt
Epoch 62
  chunk 0 final batch loss = 0.778972
  chunk 1 final batch loss = 0.726574
  chunk 2 final batch loss = 0.250548
  chunk 3 final batch loss = 0.171796
  chunk 4 final batch loss = 0.758614
  chunk 5 final batch loss = 0.469073
  chunk 6 final batch loss = 0.057316
  chunk 7 final batch loss = 0.221602
  chunk 8 final batch loss = 0.152715
  chunk 9 final batch loss = 0.475785
  chunk 10 final batch loss = 0.146690
  chunk 11 final batch loss = 0.789730
  chunk 12 final batch loss = 0.651716
  chunk 13 final batch loss = 0.697503
  chunk 14 final batch loss = 0.317116
  chunk 15 final batch loss = 0.158764
  chunk 16 final batch loss = 0.123630
  chunk 17 final batch loss = 0.297049
  chunk 18 final batch loss = 0.538645
  chunk 19 final batch loss = 0.128174
  chunk 20 final batch loss = 0.697248
  chunk 21 final batch loss = 0.504103
  chunk 22 final batch loss = 0.658999
  chunk 23 final batch loss = 0.578979
  chunk 24 final batch loss = 0.702785
  chunk 25 final batch loss = 0.132583
  chunk 26 final batch loss = 0.708062
  chunk 27 final batch loss = 0.047860
  chunk 28 final batch loss = 0.113341
  chunk 29 final batch loss = 0.712157
  chunk 30 final batch loss = 0.131443
  chunk 31 final batch loss = 0.114784
  chunk 32 final batch loss = 0.610370
  chunk 33 final batch loss = 0.081543
  chunk 34 final batch loss = 0.159298
  chunk 35 final batch loss = 0.792625
  chunk 36 final batch loss = 0.570980
  chunk 37 final batch loss = 0.422845
  chunk 38 final batch loss = 0.079862
  chunk 39 final batch loss = 0.802460
  chunk 40 final batch loss = 0.091448
  chunk 41 final batch loss = 0.450457
  chunk 42 final batch loss = 0.120187
  chunk 43 final batch loss = 0.770636
  chunk 44 final batch loss = 0.169198
  chunk 45 final batch loss = 0.647968
  chunk 46 final batch loss = 0.084072
  chunk 47 final batch loss = 0.106723
  chunk 48 final batch loss = 0.152270
  chunk 49 final batch loss = 0.728096
  chunk 50 final batch loss = 0.685662
  chunk 51 final batch loss = 0.187891
  chunk 52 final batch loss = 0.046049
  chunk 53 final batch loss = 0.336541
  chunk 54 final batch loss = 0.167617
  chunk 55 final batch loss = 0.132358
  chunk 56 final batch loss = 0.637423
  chunk 57 final batch loss = 0.606216
  chunk 58 final batch loss = 0.491116
  chunk 59 final batch loss = 0.119372
  chunk 60 final batch loss = 0.500733
  chunk 61 final batch loss = 0.150411
  chunk 62 final batch loss = 0.119342
  chunk 63 final batch loss = 0.772010
  chunk 64 final batch loss = 0.709887
  chunk 65 final batch loss = 0.199637
  chunk 66 final batch loss = 0.564763
  chunk 67 final batch loss = 0.759225
  chunk 68 final batch loss = 0.228980
  chunk 69 final batch loss = 0.568075
  chunk 70 final batch loss = 0.064816
  chunk 71 final batch loss = 0.520385
  chunk 72 final batch loss = 0.713025
  chunk 73 final batch loss = 0.315032
  chunk 74 final batch loss = 0.365044
  chunk 75 final batch loss = 0.089517
  chunk 76 final batch loss = 0.045270
  chunk 77 final batch loss = 0.297855
  chunk 78 final batch loss = 0.813252
  chunk 79 final batch loss = 0.531822
Validation loss: 0.347864
Saved BEST checkpoint -> /workspace/train_17/checkpoints_17/transformer/best.pt
Saved checkpoint -> /workspace/train_17/checkpoints_17/transformer/epoch_62.pt
Epoch 63
  chunk 0 final batch loss = 0.794676
  chunk 1 final batch loss = 0.766101
  chunk 2 final batch loss = 0.304227
  chunk 3 final batch loss = 0.151231
  chunk 4 final batch loss = 0.765034
  chunk 5 final batch loss = 0.455950
  chunk 6 final batch loss = 0.052924
  chunk 7 final batch loss = 0.205844
  chunk 8 final batch loss = 0.247136
  chunk 9 final batch loss = 0.588980
  chunk 10 final batch loss = 0.333813
  chunk 11 final batch loss = 0.801942
  chunk 12 final batch loss = 0.710683
  chunk 13 final batch loss = 0.689041
  chunk 14 final batch loss = 0.312897
  chunk 15 final batch loss = 0.185065
  chunk 16 final batch loss = 0.157456
  chunk 17 final batch loss = 0.254951
  chunk 18 final batch loss = 0.365574
  chunk 19 final batch loss = 0.098760
  chunk 20 final batch loss = 0.718220
  chunk 21 final batch loss = 0.436860
  chunk 22 final batch loss = 0.710281
  chunk 23 final batch loss = 0.585609
  chunk 24 final batch loss = 0.807920
  chunk 25 final batch loss = 0.115581
  chunk 26 final batch loss = 0.763433
  chunk 27 final batch loss = 0.053206
  chunk 28 final batch loss = 0.088008
  chunk 29 final batch loss = 0.801085
  chunk 30 final batch loss = 0.139468
  chunk 31 final batch loss = 0.135897
  chunk 32 final batch loss = 0.754221
  chunk 33 final batch loss = 0.070053
  chunk 34 final batch loss = 0.369274
  chunk 35 final batch loss = 0.782805
  chunk 36 final batch loss = 0.562018
  chunk 37 final batch loss = 0.355439
  chunk 38 final batch loss = 0.059340
  chunk 39 final batch loss = 0.806359
  chunk 40 final batch loss = 0.082260
  chunk 41 final batch loss = 0.451113
  chunk 42 final batch loss = 0.102787
  chunk 43 final batch loss = 0.784433
  chunk 44 final batch loss = 0.239786
  chunk 45 final batch loss = 0.663017
  chunk 46 final batch loss = 0.087305
  chunk 47 final batch loss = 0.070210
  chunk 48 final batch loss = 0.123347
  chunk 49 final batch loss = 0.712876
  chunk 50 final batch loss = 0.582748
  chunk 51 final batch loss = 0.197113
  chunk 52 final batch loss = 0.061018
  chunk 53 final batch loss = 0.299687
  chunk 54 final batch loss = 0.157880
  chunk 55 final batch loss = 0.096486
  chunk 56 final batch loss = 0.654752
  chunk 57 final batch loss = 0.650159
  chunk 58 final batch loss = 0.535398
  chunk 59 final batch loss = 0.083745
  chunk 60 final batch loss = 0.459194
  chunk 61 final batch loss = 0.144074
  chunk 62 final batch loss = 0.115550
  chunk 63 final batch loss = 0.723443
  chunk 64 final batch loss = 0.757333
  chunk 65 final batch loss = 0.169293
  chunk 66 final batch loss = 0.507571
  chunk 67 final batch loss = 0.713297
  chunk 68 final batch loss = 0.200565
  chunk 69 final batch loss = 0.512960
  chunk 70 final batch loss = 0.057494
  chunk 71 final batch loss = 0.587211
  chunk 72 final batch loss = 0.681245
  chunk 73 final batch loss = 0.258891
  chunk 74 final batch loss = 0.473199
  chunk 75 final batch loss = 0.081273
  chunk 76 final batch loss = 0.044382
  chunk 77 final batch loss = 0.293011
  chunk 78 final batch loss = 0.744799
  chunk 79 final batch loss = 0.528281
Validation loss: 0.344540
Saved BEST checkpoint -> /workspace/train_17/checkpoints_17/transformer/best.pt
Saved checkpoint -> /workspace/train_17/checkpoints_17/transformer/epoch_63.pt
Epoch 64
  chunk 0 final batch loss = 0.706539
  chunk 1 final batch loss = 0.764510
  chunk 2 final batch loss = 0.282616
  chunk 3 final batch loss = 0.143701
  chunk 4 final batch loss = 0.580756
  chunk 5 final batch loss = 0.509080
  chunk 6 final batch loss = 0.052125
  chunk 7 final batch loss = 0.427797
  chunk 8 final batch loss = 0.138584
  chunk 9 final batch loss = 0.502513
  chunk 10 final batch loss = 0.215938
  chunk 11 final batch loss = 0.846918
  chunk 12 final batch loss = 0.645760
  chunk 13 final batch loss = 0.662175
  chunk 14 final batch loss = 0.182449
  chunk 15 final batch loss = 0.138249
  chunk 16 final batch loss = 0.187114
  chunk 17 final batch loss = 0.204492
  chunk 18 final batch loss = 0.587984
  chunk 19 final batch loss = 0.092555
  chunk 20 final batch loss = 0.639311
  chunk 21 final batch loss = 0.392823
  chunk 22 final batch loss = 0.801961
  chunk 23 final batch loss = 0.691060
  chunk 24 final batch loss = 0.684994
  chunk 25 final batch loss = 0.088349
  chunk 26 final batch loss = 0.725861
  chunk 27 final batch loss = 0.041623
  chunk 28 final batch loss = 0.085749
  chunk 29 final batch loss = 0.767649
  chunk 30 final batch loss = 0.197872
  chunk 31 final batch loss = 0.092165
  chunk 32 final batch loss = 0.685717
  chunk 33 final batch loss = 0.052206
  chunk 34 final batch loss = 0.221692
  chunk 35 final batch loss = 0.781572
  chunk 36 final batch loss = 0.536980
  chunk 37 final batch loss = 0.481400
  chunk 38 final batch loss = 0.074745
  chunk 39 final batch loss = 0.792520
  chunk 40 final batch loss = 0.077377
  chunk 41 final batch loss = 0.654851
  chunk 42 final batch loss = 0.096778
  chunk 43 final batch loss = 0.795300
  chunk 44 final batch loss = 0.140523
  chunk 45 final batch loss = 0.708744
  chunk 46 final batch loss = 0.121827
  chunk 47 final batch loss = 0.066745
  chunk 48 final batch loss = 0.193481
  chunk 49 final batch loss = 0.708922
  chunk 50 final batch loss = 0.617652
  chunk 51 final batch loss = 0.074034
  chunk 52 final batch loss = 0.064875
  chunk 53 final batch loss = 0.555751
  chunk 54 final batch loss = 0.179052
  chunk 55 final batch loss = 0.121675
  chunk 56 final batch loss = 0.700083
  chunk 57 final batch loss = 0.611528
  chunk 58 final batch loss = 0.483347
  chunk 59 final batch loss = 0.082667
  chunk 60 final batch loss = 0.401398
  chunk 61 final batch loss = 0.160762
  chunk 62 final batch loss = 0.174213
  chunk 63 final batch loss = 0.721916
  chunk 64 final batch loss = 0.746712
  chunk 65 final batch loss = 0.229981
  chunk 66 final batch loss = 0.630886
  chunk 67 final batch loss = 0.756725
  chunk 68 final batch loss = 0.354410
  chunk 69 final batch loss = 0.448434
  chunk 70 final batch loss = 0.059329
  chunk 71 final batch loss = 0.581779
  chunk 72 final batch loss = 0.673588
  chunk 73 final batch loss = 0.271336
  chunk 74 final batch loss = 0.559180
  chunk 75 final batch loss = 0.068554
  chunk 76 final batch loss = 0.043185
  chunk 77 final batch loss = 0.409863
  chunk 78 final batch loss = 0.767456
  chunk 79 final batch loss = 0.406696
Validation loss: 0.348366
No improvement for 1 epochs
Saved checkpoint -> /workspace/train_17/checkpoints_17/transformer/epoch_64.pt
Epoch 65
  chunk 0 final batch loss = 0.745967
  chunk 1 final batch loss = 0.745273
  chunk 2 final batch loss = 0.254570
  chunk 3 final batch loss = 0.115350
  chunk 4 final batch loss = 0.698473
  chunk 5 final batch loss = 0.449428
  chunk 6 final batch loss = 0.133834
  chunk 7 final batch loss = 0.331383
  chunk 8 final batch loss = 0.163949
  chunk 9 final batch loss = 0.503477
  chunk 10 final batch loss = 0.315696
  chunk 11 final batch loss = 0.804114
  chunk 12 final batch loss = 0.519747
  chunk 13 final batch loss = 0.641742
  chunk 14 final batch loss = 0.264888
  chunk 15 final batch loss = 0.128398
  chunk 16 final batch loss = 0.155284
  chunk 17 final batch loss = 0.233083
  chunk 18 final batch loss = 0.480926
  chunk 19 final batch loss = 0.127743
  chunk 20 final batch loss = 0.818296
  chunk 21 final batch loss = 0.514180
  chunk 22 final batch loss = 0.782403
  chunk 23 final batch loss = 0.682276
  chunk 24 final batch loss = 0.795998
  chunk 25 final batch loss = 0.150175
  chunk 26 final batch loss = 0.719900
  chunk 27 final batch loss = 0.059974
  chunk 28 final batch loss = 0.068133
  chunk 29 final batch loss = 0.737915
  chunk 30 final batch loss = 0.158259
  chunk 31 final batch loss = 0.107897
  chunk 32 final batch loss = 0.607900
  chunk 33 final batch loss = 0.086937
  chunk 34 final batch loss = 0.246769
  chunk 35 final batch loss = 0.781696
  chunk 36 final batch loss = 0.626695
  chunk 37 final batch loss = 0.499047
  chunk 38 final batch loss = 0.081371
  chunk 39 final batch loss = 0.790508
  chunk 40 final batch loss = 0.092750
  chunk 41 final batch loss = 0.571926
  chunk 42 final batch loss = 0.083223
  chunk 43 final batch loss = 0.757930
  chunk 44 final batch loss = 0.217570
  chunk 45 final batch loss = 0.760311
  chunk 46 final batch loss = 0.079386
  chunk 47 final batch loss = 0.067310
  chunk 48 final batch loss = 0.129216
  chunk 49 final batch loss = 0.723743
  chunk 50 final batch loss = 0.580879
  chunk 51 final batch loss = 0.137827
  chunk 52 final batch loss = 0.072949
  chunk 53 final batch loss = 0.415990
  chunk 54 final batch loss = 0.240283
  chunk 55 final batch loss = 0.076051
  chunk 56 final batch loss = 0.682822
  chunk 57 final batch loss = 0.767958
  chunk 58 final batch loss = 0.582099
  chunk 59 final batch loss = 0.081833
  chunk 60 final batch loss = 0.581187
  chunk 61 final batch loss = 0.215686
  chunk 62 final batch loss = 0.141109
  chunk 63 final batch loss = 0.714357
  chunk 64 final batch loss = 0.622609
  chunk 65 final batch loss = 0.117515
  chunk 66 final batch loss = 0.573434
  chunk 67 final batch loss = 0.730286
  chunk 68 final batch loss = 0.283339
  chunk 69 final batch loss = 0.457745
  chunk 70 final batch loss = 0.078174
  chunk 71 final batch loss = 0.436701
  chunk 72 final batch loss = 0.687762
  chunk 73 final batch loss = 0.308420
  chunk 74 final batch loss = 0.336954
  chunk 75 final batch loss = 0.068902
  chunk 76 final batch loss = 0.046180
  chunk 77 final batch loss = 0.265874
  chunk 78 final batch loss = 0.799757
  chunk 79 final batch loss = 0.677175
Validation loss: 0.350190
No improvement for 2 epochs
Saved checkpoint -> /workspace/train_17/checkpoints_17/transformer/epoch_65.pt
Epoch 66
  chunk 0 final batch loss = 0.793335
  chunk 1 final batch loss = 0.761119
  chunk 2 final batch loss = 0.394506
  chunk 3 final batch loss = 0.200196
  chunk 4 final batch loss = 0.718374
  chunk 5 final batch loss = 0.374398
  chunk 6 final batch loss = 0.094386
  chunk 7 final batch loss = 0.280889
  chunk 8 final batch loss = 0.171396
  chunk 9 final batch loss = 0.494684
  chunk 10 final batch loss = 0.300068
  chunk 11 final batch loss = 0.812505
  chunk 12 final batch loss = 0.603238
  chunk 13 final batch loss = 0.673262
  chunk 14 final batch loss = 0.296147
  chunk 15 final batch loss = 0.133033
  chunk 16 final batch loss = 0.162154
  chunk 17 final batch loss = 0.250438
  chunk 18 final batch loss = 0.565009
  chunk 19 final batch loss = 0.059497
  chunk 20 final batch loss = 0.806857
  chunk 21 final batch loss = 0.486131
  chunk 22 final batch loss = 0.799612
  chunk 23 final batch loss = 0.497986
  chunk 24 final batch loss = 0.760991
  chunk 25 final batch loss = 0.150000
  chunk 26 final batch loss = 0.689403
  chunk 27 final batch loss = 0.032768
  chunk 28 final batch loss = 0.062612
  chunk 29 final batch loss = 0.790421
  chunk 30 final batch loss = 0.162414
  chunk 31 final batch loss = 0.136627
  chunk 32 final batch loss = 0.670270
  chunk 33 final batch loss = 0.085670
  chunk 34 final batch loss = 0.239186
  chunk 35 final batch loss = 0.737996
  chunk 36 final batch loss = 0.524563
  chunk 37 final batch loss = 0.433860
  chunk 38 final batch loss = 0.084097
  chunk 39 final batch loss = 0.811737
  chunk 40 final batch loss = 0.086966
  chunk 41 final batch loss = 0.496439
  chunk 42 final batch loss = 0.110181
  chunk 43 final batch loss = 0.717184
  chunk 44 final batch loss = 0.190026
  chunk 45 final batch loss = 0.637512
  chunk 46 final batch loss = 0.068757
  chunk 47 final batch loss = 0.059963
  chunk 48 final batch loss = 0.188625
  chunk 49 final batch loss = 0.756030
  chunk 50 final batch loss = 0.644005
  chunk 51 final batch loss = 0.131965
  chunk 52 final batch loss = 0.080261
  chunk 53 final batch loss = 0.358218
  chunk 54 final batch loss = 0.195441
  chunk 55 final batch loss = 0.095895
  chunk 56 final batch loss = 0.745720
  chunk 57 final batch loss = 0.668805
  chunk 58 final batch loss = 0.417182
  chunk 59 final batch loss = 0.073947
  chunk 60 final batch loss = 0.569439
  chunk 61 final batch loss = 0.151213
  chunk 62 final batch loss = 0.168621
  chunk 63 final batch loss = 0.720634
  chunk 64 final batch loss = 0.762461
  chunk 65 final batch loss = 0.183361
  chunk 66 final batch loss = 0.556638
  chunk 67 final batch loss = 0.799466
  chunk 68 final batch loss = 0.308683
  chunk 69 final batch loss = 0.492687
  chunk 70 final batch loss = 0.056992
  chunk 71 final batch loss = 0.487330
  chunk 72 final batch loss = 0.667344
  chunk 73 final batch loss = 0.263199
  chunk 74 final batch loss = 0.402897
  chunk 75 final batch loss = 0.061134
  chunk 76 final batch loss = 0.058082
  chunk 77 final batch loss = 0.337888
  chunk 78 final batch loss = 0.800161
  chunk 79 final batch loss = 0.486965
Validation loss: 0.349490
No improvement for 3 epochs
Saved checkpoint -> /workspace/train_17/checkpoints_17/transformer/epoch_66.pt
Epoch 67
  chunk 0 final batch loss = 0.796990
  chunk 1 final batch loss = 0.798820
  chunk 2 final batch loss = 0.320944
  chunk 3 final batch loss = 0.143243
  chunk 4 final batch loss = 0.696834
  chunk 5 final batch loss = 0.460824
  chunk 6 final batch loss = 0.049149
  chunk 7 final batch loss = 0.337719
  chunk 8 final batch loss = 0.202841
  chunk 9 final batch loss = 0.471034
  chunk 10 final batch loss = 0.220356
  chunk 11 final batch loss = 0.802855
  chunk 12 final batch loss = 0.697065
  chunk 13 final batch loss = 0.557990
  chunk 14 final batch loss = 0.282396
  chunk 15 final batch loss = 0.147287
  chunk 16 final batch loss = 0.186388
  chunk 17 final batch loss = 0.291063
  chunk 18 final batch loss = 0.503019
  chunk 19 final batch loss = 0.098072
  chunk 20 final batch loss = 0.773264
  chunk 21 final batch loss = 0.553850
  chunk 22 final batch loss = 0.716633
  chunk 23 final batch loss = 0.550212
  chunk 24 final batch loss = 0.767933
  chunk 25 final batch loss = 0.148375
  chunk 26 final batch loss = 0.676613
  chunk 27 final batch loss = 0.061056
  chunk 28 final batch loss = 0.059621
  chunk 29 final batch loss = 0.654288
  chunk 30 final batch loss = 0.123561
  chunk 31 final batch loss = 0.088533
  chunk 32 final batch loss = 0.680378
  chunk 33 final batch loss = 0.093770
  chunk 34 final batch loss = 0.242594
  chunk 35 final batch loss = 0.804080
  chunk 36 final batch loss = 0.512026
  chunk 37 final batch loss = 0.308630
  chunk 38 final batch loss = 0.059650
  chunk 39 final batch loss = 0.796765
  chunk 40 final batch loss = 0.097621
  chunk 41 final batch loss = 0.542785
  chunk 42 final batch loss = 0.072900
  chunk 43 final batch loss = 0.766157
  chunk 44 final batch loss = 0.255914
  chunk 45 final batch loss = 0.708871
  chunk 46 final batch loss = 0.072161
  chunk 47 final batch loss = 0.074506
  chunk 48 final batch loss = 0.185244
  chunk 49 final batch loss = 0.656260
  chunk 50 final batch loss = 0.652347
  chunk 51 final batch loss = 0.113463
  chunk 52 final batch loss = 0.061485
  chunk 53 final batch loss = 0.368847
  chunk 54 final batch loss = 0.212046
  chunk 55 final batch loss = 0.147543
  chunk 56 final batch loss = 0.709326
  chunk 57 final batch loss = 0.652807
  chunk 58 final batch loss = 0.523389
  chunk 59 final batch loss = 0.089327
  chunk 60 final batch loss = 0.538328
  chunk 61 final batch loss = 0.093783
  chunk 62 final batch loss = 0.144575
  chunk 63 final batch loss = 0.696338
  chunk 64 final batch loss = 0.699687
  chunk 65 final batch loss = 0.116708
  chunk 66 final batch loss = 0.602353
  chunk 67 final batch loss = 0.750595
  chunk 68 final batch loss = 0.294197
  chunk 69 final batch loss = 0.506501
  chunk 70 final batch loss = 0.078019
  chunk 71 final batch loss = 0.578037
  chunk 72 final batch loss = 0.695885
  chunk 73 final batch loss = 0.175607
  chunk 74 final batch loss = 0.328984
  chunk 75 final batch loss = 0.062533
  chunk 76 final batch loss = 0.047530
  chunk 77 final batch loss = 0.246994
  chunk 78 final batch loss = 0.699891
  chunk 79 final batch loss = 0.560691
Validation loss: 0.348846
No improvement for 4 epochs
Saved checkpoint -> /workspace/train_17/checkpoints_17/transformer/epoch_67.pt
Epoch 68
  chunk 0 final batch loss = 0.779898
  chunk 1 final batch loss = 0.740580
  chunk 2 final batch loss = 0.321162
  chunk 3 final batch loss = 0.113122
  chunk 4 final batch loss = 0.632330
  chunk 5 final batch loss = 0.342746
  chunk 6 final batch loss = 0.070720
  chunk 7 final batch loss = 0.278234
  chunk 8 final batch loss = 0.155300
  chunk 9 final batch loss = 0.456923
  chunk 10 final batch loss = 0.376073
  chunk 11 final batch loss = 0.791335
  chunk 12 final batch loss = 0.619582
  chunk 13 final batch loss = 0.594321
  chunk 14 final batch loss = 0.309753
  chunk 15 final batch loss = 0.187484
  chunk 16 final batch loss = 0.124559
  chunk 17 final batch loss = 0.284507
  chunk 18 final batch loss = 0.550664
  chunk 19 final batch loss = 0.091959
  chunk 20 final batch loss = 0.762145
  chunk 21 final batch loss = 0.502697
  chunk 22 final batch loss = 0.772241
  chunk 23 final batch loss = 0.464482
  chunk 24 final batch loss = 0.735343
  chunk 25 final batch loss = 0.087288
  chunk 26 final batch loss = 0.717710
  chunk 27 final batch loss = 0.033782
  chunk 28 final batch loss = 0.066023
  chunk 29 final batch loss = 0.770953
  chunk 30 final batch loss = 0.198360
  chunk 31 final batch loss = 0.110806
  chunk 32 final batch loss = 0.687291
  chunk 33 final batch loss = 0.051234
  chunk 34 final batch loss = 0.267742
  chunk 35 final batch loss = 0.787159
  chunk 36 final batch loss = 0.643002
  chunk 37 final batch loss = 0.469489
  chunk 38 final batch loss = 0.067218
  chunk 39 final batch loss = 0.811855
  chunk 40 final batch loss = 0.101646
  chunk 41 final batch loss = 0.469275
  chunk 42 final batch loss = 0.063368
  chunk 43 final batch loss = 0.783036
  chunk 44 final batch loss = 0.244049
  chunk 45 final batch loss = 0.765462
  chunk 46 final batch loss = 0.069307
  chunk 47 final batch loss = 0.079832
  chunk 48 final batch loss = 0.099950
  chunk 49 final batch loss = 0.726657
  chunk 50 final batch loss = 0.629721
  chunk 51 final batch loss = 0.178023
  chunk 52 final batch loss = 0.063067
  chunk 53 final batch loss = 0.488929
  chunk 54 final batch loss = 0.190515
  chunk 55 final batch loss = 0.113373
  chunk 56 final batch loss = 0.632368
  chunk 57 final batch loss = 0.671419
  chunk 58 final batch loss = 0.514224
  chunk 59 final batch loss = 0.083491
  chunk 60 final batch loss = 0.436304
  chunk 61 final batch loss = 0.145905
  chunk 62 final batch loss = 0.129904
  chunk 63 final batch loss = 0.651816
  chunk 64 final batch loss = 0.704571
  chunk 65 final batch loss = 0.183008
  chunk 66 final batch loss = 0.587929
  chunk 67 final batch loss = 0.789570
  chunk 68 final batch loss = 0.231564
  chunk 69 final batch loss = 0.498549
  chunk 70 final batch loss = 0.073816
  chunk 71 final batch loss = 0.453867
  chunk 72 final batch loss = 0.649419
  chunk 73 final batch loss = 0.277624
  chunk 74 final batch loss = 0.388275
  chunk 75 final batch loss = 0.094975
  chunk 76 final batch loss = 0.042764
  chunk 77 final batch loss = 0.378447
  chunk 78 final batch loss = 0.692644
  chunk 79 final batch loss = 0.534966
Validation loss: 0.350281
No improvement for 5 epochs
Saved checkpoint -> /workspace/train_17/checkpoints_17/transformer/epoch_68.pt
Epoch 69
  chunk 0 final batch loss = 0.797348
  chunk 1 final batch loss = 0.768283
  chunk 2 final batch loss = 0.228670
  chunk 3 final batch loss = 0.177414
  chunk 4 final batch loss = 0.730786
  chunk 5 final batch loss = 0.330541
  chunk 6 final batch loss = 0.062213
  chunk 7 final batch loss = 0.226685
  chunk 8 final batch loss = 0.183221
  chunk 9 final batch loss = 0.459066
  chunk 10 final batch loss = 0.334265
  chunk 11 final batch loss = 0.813775
  chunk 12 final batch loss = 0.648039
  chunk 13 final batch loss = 0.616636
  chunk 14 final batch loss = 0.257541
  chunk 15 final batch loss = 0.117974
  chunk 16 final batch loss = 0.180242
  chunk 17 final batch loss = 0.265107
  chunk 18 final batch loss = 0.458536
  chunk 19 final batch loss = 0.118638
  chunk 20 final batch loss = 0.704302
  chunk 21 final batch loss = 0.482718
  chunk 22 final batch loss = 0.777952
  chunk 23 final batch loss = 0.509666
  chunk 24 final batch loss = 0.674405
  chunk 25 final batch loss = 0.129458
  chunk 26 final batch loss = 0.713333
  chunk 27 final batch loss = 0.056544
  chunk 28 final batch loss = 0.088818
  chunk 29 final batch loss = 0.756592
  chunk 30 final batch loss = 0.087572
  chunk 31 final batch loss = 0.161708
  chunk 32 final batch loss = 0.685267
  chunk 33 final batch loss = 0.045798
  chunk 34 final batch loss = 0.198606
  chunk 35 final batch loss = 0.765528
  chunk 36 final batch loss = 0.634661
  chunk 37 final batch loss = 0.455316
  chunk 38 final batch loss = 0.077894
  chunk 39 final batch loss = 0.810028
  chunk 40 final batch loss = 0.122713
  chunk 41 final batch loss = 0.458700
  chunk 42 final batch loss = 0.081923
  chunk 43 final batch loss = 0.751800
  chunk 44 final batch loss = 0.284551
  chunk 45 final batch loss = 0.701920
  chunk 46 final batch loss = 0.065708
  chunk 47 final batch loss = 0.086004
  chunk 48 final batch loss = 0.153640
  chunk 49 final batch loss = 0.743285
  chunk 50 final batch loss = 0.569351
  chunk 51 final batch loss = 0.142638
  chunk 52 final batch loss = 0.071319
  chunk 53 final batch loss = 0.296743
  chunk 54 final batch loss = 0.183405
  chunk 55 final batch loss = 0.086511
  chunk 56 final batch loss = 0.619275
  chunk 57 final batch loss = 0.646098
  chunk 58 final batch loss = 0.470634
  chunk 59 final batch loss = 0.087393
  chunk 60 final batch loss = 0.524907
  chunk 61 final batch loss = 0.129258
  chunk 62 final batch loss = 0.172378
  chunk 63 final batch loss = 0.737505
  chunk 64 final batch loss = 0.738198
  chunk 65 final batch loss = 0.225719
  chunk 66 final batch loss = 0.507790
  chunk 67 final batch loss = 0.740993
  chunk 68 final batch loss = 0.204044
  chunk 69 final batch loss = 0.514241
  chunk 70 final batch loss = 0.053333
  chunk 71 final batch loss = 0.565261
  chunk 72 final batch loss = 0.735112
  chunk 73 final batch loss = 0.435514
  chunk 74 final batch loss = 0.427665
  chunk 75 final batch loss = 0.073099
  chunk 76 final batch loss = 0.039279
  chunk 77 final batch loss = 0.304636
  chunk 78 final batch loss = 0.725436
  chunk 79 final batch loss = 0.632481
Validation loss: 0.346400
No improvement for 6 epochs
Saved checkpoint -> /workspace/train_17/checkpoints_17/transformer/epoch_69.pt
Epoch 70
  chunk 0 final batch loss = 0.722918
  chunk 1 final batch loss = 0.719348
  chunk 2 final batch loss = 0.258676
  chunk 3 final batch loss = 0.141299
  chunk 4 final batch loss = 0.703731
  chunk 5 final batch loss = 0.529082
  chunk 6 final batch loss = 0.069303
  chunk 7 final batch loss = 0.261867
  chunk 8 final batch loss = 0.200804
  chunk 9 final batch loss = 0.393919
  chunk 10 final batch loss = 0.292342
  chunk 11 final batch loss = 0.799901
  chunk 12 final batch loss = 0.448881
  chunk 13 final batch loss = 0.578392
  chunk 14 final batch loss = 0.334731
  chunk 15 final batch loss = 0.111501
  chunk 16 final batch loss = 0.123239
  chunk 17 final batch loss = 0.283191
  chunk 18 final batch loss = 0.537333
  chunk 19 final batch loss = 0.087756
  chunk 20 final batch loss = 0.716038
  chunk 21 final batch loss = 0.445140
  chunk 22 final batch loss = 0.694600
  chunk 23 final batch loss = 0.701390
  chunk 24 final batch loss = 0.762370
  chunk 25 final batch loss = 0.140063
  chunk 26 final batch loss = 0.805789
  chunk 27 final batch loss = 0.034777
  chunk 28 final batch loss = 0.060988
  chunk 29 final batch loss = 0.715207
  chunk 30 final batch loss = 0.107004
  chunk 31 final batch loss = 0.123509
  chunk 32 final batch loss = 0.661569
  chunk 33 final batch loss = 0.062942
  chunk 34 final batch loss = 0.294081
  chunk 35 final batch loss = 0.734726
  chunk 36 final batch loss = 0.594993
  chunk 37 final batch loss = 0.376291
  chunk 38 final batch loss = 0.079773
  chunk 39 final batch loss = 0.805809
  chunk 40 final batch loss = 0.132752
  chunk 41 final batch loss = 0.429521
  chunk 42 final batch loss = 0.109389
  chunk 43 final batch loss = 0.779324
  chunk 44 final batch loss = 0.151769
  chunk 45 final batch loss = 0.705440
  chunk 46 final batch loss = 0.081069
  chunk 47 final batch loss = 0.051161
  chunk 48 final batch loss = 0.151980
  chunk 49 final batch loss = 0.785882
  chunk 50 final batch loss = 0.690089
  chunk 51 final batch loss = 0.139098
  chunk 52 final batch loss = 0.048270
  chunk 53 final batch loss = 0.354061
  chunk 54 final batch loss = 0.206315
  chunk 55 final batch loss = 0.084806
  chunk 56 final batch loss = 0.617415
  chunk 57 final batch loss = 0.687739
  chunk 58 final batch loss = 0.497290
  chunk 59 final batch loss = 0.105021
  chunk 60 final batch loss = 0.346955
  chunk 61 final batch loss = 0.116294
  chunk 62 final batch loss = 0.129330
  chunk 63 final batch loss = 0.596000
  chunk 64 final batch loss = 0.747458
  chunk 65 final batch loss = 0.160059
  chunk 66 final batch loss = 0.523422
  chunk 67 final batch loss = 0.791617
  chunk 68 final batch loss = 0.251388
  chunk 69 final batch loss = 0.591349
  chunk 70 final batch loss = 0.044996
  chunk 71 final batch loss = 0.611575
  chunk 72 final batch loss = 0.692622
  chunk 73 final batch loss = 0.365651
  chunk 74 final batch loss = 0.363494
  chunk 75 final batch loss = 0.072563
  chunk 76 final batch loss = 0.060850
  chunk 77 final batch loss = 0.357093
  chunk 78 final batch loss = 0.701588
  chunk 79 final batch loss = 0.509064
Validation loss: 0.348673
No improvement for 7 epochs
Saved checkpoint -> /workspace/train_17/checkpoints_17/transformer/epoch_70.pt
Epoch 71
  chunk 0 final batch loss = 0.779651
  chunk 1 final batch loss = 0.737471
  chunk 2 final batch loss = 0.212848
  chunk 3 final batch loss = 0.143319
  chunk 4 final batch loss = 0.710938
  chunk 5 final batch loss = 0.439810
  chunk 6 final batch loss = 0.058106
  chunk 7 final batch loss = 0.279917
  chunk 8 final batch loss = 0.190410
  chunk 9 final batch loss = 0.473246
  chunk 10 final batch loss = 0.292437
  chunk 11 final batch loss = 0.807921
  chunk 12 final batch loss = 0.566313
  chunk 13 final batch loss = 0.636981
  chunk 14 final batch loss = 0.281630
  chunk 15 final batch loss = 0.164782
  chunk 16 final batch loss = 0.128015
  chunk 17 final batch loss = 0.360215
  chunk 18 final batch loss = 0.517037
  chunk 19 final batch loss = 0.151341
  chunk 20 final batch loss = 0.745658
  chunk 21 final batch loss = 0.418720
  chunk 22 final batch loss = 0.797200
  chunk 23 final batch loss = 0.561332
  chunk 24 final batch loss = 0.701734
  chunk 25 final batch loss = 0.163716
  chunk 26 final batch loss = 0.714043
  chunk 27 final batch loss = 0.063132
  chunk 28 final batch loss = 0.065687
  chunk 29 final batch loss = 0.766532
  chunk 30 final batch loss = 0.149041
  chunk 31 final batch loss = 0.133546
  chunk 32 final batch loss = 0.583857
  chunk 33 final batch loss = 0.093006
  chunk 34 final batch loss = 0.234175
  chunk 35 final batch loss = 0.785945
  chunk 36 final batch loss = 0.537431
  chunk 37 final batch loss = 0.362412
  chunk 38 final batch loss = 0.071731
  chunk 39 final batch loss = 0.814416
  chunk 40 final batch loss = 0.107568
  chunk 41 final batch loss = 0.537491
  chunk 42 final batch loss = 0.084067
  chunk 43 final batch loss = 0.769908
  chunk 44 final batch loss = 0.162305
  chunk 45 final batch loss = 0.680321
  chunk 46 final batch loss = 0.067502
  chunk 47 final batch loss = 0.074231
  chunk 48 final batch loss = 0.139242
  chunk 49 final batch loss = 0.753987
  chunk 50 final batch loss = 0.520972
  chunk 51 final batch loss = 0.160777
  chunk 52 final batch loss = 0.066259
  chunk 53 final batch loss = 0.421897
  chunk 54 final batch loss = 0.153538
  chunk 55 final batch loss = 0.095427
  chunk 56 final batch loss = 0.685061
  chunk 57 final batch loss = 0.648099
  chunk 58 final batch loss = 0.558253
  chunk 59 final batch loss = 0.062497
  chunk 60 final batch loss = 0.591951
  chunk 61 final batch loss = 0.186008
  chunk 62 final batch loss = 0.153305
  chunk 63 final batch loss = 0.704284
  chunk 64 final batch loss = 0.688709
  chunk 65 final batch loss = 0.174378
  chunk 66 final batch loss = 0.663059
  chunk 67 final batch loss = 0.756350
  chunk 68 final batch loss = 0.244077
  chunk 69 final batch loss = 0.550647
  chunk 70 final batch loss = 0.053202
  chunk 71 final batch loss = 0.495489
  chunk 72 final batch loss = 0.578552
  chunk 73 final batch loss = 0.138939
  chunk 74 final batch loss = 0.566482
  chunk 75 final batch loss = 0.085974
  chunk 76 final batch loss = 0.045297
  chunk 77 final batch loss = 0.289211
  chunk 78 final batch loss = 0.709717
  chunk 79 final batch loss = 0.385002
Validation loss: 0.345205
No improvement for 8 epochs
Saved checkpoint -> /workspace/train_17/checkpoints_17/transformer/epoch_71.pt
Epoch 72
  chunk 0 final batch loss = 0.761732
  chunk 1 final batch loss = 0.780290
  chunk 2 final batch loss = 0.301011
  chunk 3 final batch loss = 0.109389
  chunk 4 final batch loss = 0.678655
  chunk 5 final batch loss = 0.565318
  chunk 6 final batch loss = 0.063224
  chunk 7 final batch loss = 0.199438
  chunk 8 final batch loss = 0.146583
  chunk 9 final batch loss = 0.582890
  chunk 10 final batch loss = 0.218086
  chunk 11 final batch loss = 0.825060
  chunk 12 final batch loss = 0.648560
  chunk 13 final batch loss = 0.650308
  chunk 14 final batch loss = 0.309905
  chunk 15 final batch loss = 0.153261
  chunk 16 final batch loss = 0.188556
  chunk 17 final batch loss = 0.174332
  chunk 18 final batch loss = 0.476544
  chunk 19 final batch loss = 0.086648
  chunk 20 final batch loss = 0.772555
  chunk 21 final batch loss = 0.546862
  chunk 22 final batch loss = 0.691699
  chunk 23 final batch loss = 0.542123
  chunk 24 final batch loss = 0.714643
  chunk 25 final batch loss = 0.135061
  chunk 26 final batch loss = 0.668696
  chunk 27 final batch loss = 0.048056
  chunk 28 final batch loss = 0.060197
  chunk 29 final batch loss = 0.675911
  chunk 30 final batch loss = 0.174583
  chunk 31 final batch loss = 0.139352
  chunk 32 final batch loss = 0.634859
  chunk 33 final batch loss = 0.088296
  chunk 34 final batch loss = 0.253411
  chunk 35 final batch loss = 0.727858
  chunk 36 final batch loss = 0.598814
  chunk 37 final batch loss = 0.413662
  chunk 38 final batch loss = 0.062367
  chunk 39 final batch loss = 0.800862
  chunk 40 final batch loss = 0.082534
  chunk 41 final batch loss = 0.582299
  chunk 42 final batch loss = 0.109326
  chunk 43 final batch loss = 0.755215
  chunk 44 final batch loss = 0.180654
  chunk 45 final batch loss = 0.693143
  chunk 46 final batch loss = 0.063770
  chunk 47 final batch loss = 0.104893
  chunk 48 final batch loss = 0.127683
  chunk 49 final batch loss = 0.768545
  chunk 50 final batch loss = 0.456425
  chunk 51 final batch loss = 0.190903
  chunk 52 final batch loss = 0.057832
  chunk 53 final batch loss = 0.467418
  chunk 54 final batch loss = 0.227338
  chunk 55 final batch loss = 0.104065
  chunk 56 final batch loss = 0.549029
  chunk 57 final batch loss = 0.792705
  chunk 58 final batch loss = 0.457591
  chunk 59 final batch loss = 0.069269
  chunk 60 final batch loss = 0.398921
  chunk 61 final batch loss = 0.163343
  chunk 62 final batch loss = 0.108624
  chunk 63 final batch loss = 0.723399
  chunk 64 final batch loss = 0.739374
  chunk 65 final batch loss = 0.148354
  chunk 66 final batch loss = 0.589467
  chunk 67 final batch loss = 0.728065
  chunk 68 final batch loss = 0.191728
  chunk 69 final batch loss = 0.480978
  chunk 70 final batch loss = 0.082806
  chunk 71 final batch loss = 0.626543
  chunk 72 final batch loss = 0.732540
  chunk 73 final batch loss = 0.290438
  chunk 74 final batch loss = 0.481099
  chunk 75 final batch loss = 0.078826
  chunk 76 final batch loss = 0.050011
  chunk 77 final batch loss = 0.215718
  chunk 78 final batch loss = 0.733211
  chunk 79 final batch loss = 0.457984
Validation loss: 0.347652
No improvement for 9 epochs
Saved checkpoint -> /workspace/train_17/checkpoints_17/transformer/epoch_72.pt
Epoch 73
  chunk 0 final batch loss = 0.785773
  chunk 1 final batch loss = 0.821007
  chunk 2 final batch loss = 0.239494
  chunk 3 final batch loss = 0.134966
  chunk 4 final batch loss = 0.712430
  chunk 5 final batch loss = 0.438022
  chunk 6 final batch loss = 0.055341
  chunk 7 final batch loss = 0.212585
  chunk 8 final batch loss = 0.194532
  chunk 9 final batch loss = 0.453870
  chunk 10 final batch loss = 0.409093
  chunk 11 final batch loss = 0.774543
  chunk 12 final batch loss = 0.658095
  chunk 13 final batch loss = 0.680055
  chunk 14 final batch loss = 0.237495
  chunk 15 final batch loss = 0.137381
  chunk 16 final batch loss = 0.118973
  chunk 17 final batch loss = 0.197389
  chunk 18 final batch loss = 0.524600
  chunk 19 final batch loss = 0.105993
  chunk 20 final batch loss = 0.722566
  chunk 21 final batch loss = 0.463816
  chunk 22 final batch loss = 0.719019
  chunk 23 final batch loss = 0.504355
  chunk 24 final batch loss = 0.720023
  chunk 25 final batch loss = 0.141733
  chunk 26 final batch loss = 0.685661
  chunk 27 final batch loss = 0.058117
  chunk 28 final batch loss = 0.074667
  chunk 29 final batch loss = 0.753916
  chunk 30 final batch loss = 0.145725
  chunk 31 final batch loss = 0.138280
  chunk 32 final batch loss = 0.586289
  chunk 33 final batch loss = 0.094278
  chunk 34 final batch loss = 0.294980
  chunk 35 final batch loss = 0.782037
  chunk 36 final batch loss = 0.508686
  chunk 37 final batch loss = 0.372980
  chunk 38 final batch loss = 0.090127
  chunk 39 final batch loss = 0.803105
  chunk 40 final batch loss = 0.094305
  chunk 41 final batch loss = 0.489293
  chunk 42 final batch loss = 0.069935
  chunk 43 final batch loss = 0.771020
  chunk 44 final batch loss = 0.208254
  chunk 45 final batch loss = 0.752285
  chunk 46 final batch loss = 0.088410
  chunk 47 final batch loss = 0.063071
  chunk 48 final batch loss = 0.192332
  chunk 49 final batch loss = 0.747641
  chunk 50 final batch loss = 0.659380
  chunk 51 final batch loss = 0.086383
  chunk 52 final batch loss = 0.061863
  chunk 53 final batch loss = 0.340405
  chunk 54 final batch loss = 0.137344
  chunk 55 final batch loss = 0.126970
  chunk 56 final batch loss = 0.666501
  chunk 57 final batch loss = 0.617801
  chunk 58 final batch loss = 0.379441
  chunk 59 final batch loss = 0.077542
  chunk 60 final batch loss = 0.518708
  chunk 61 final batch loss = 0.149133
  chunk 62 final batch loss = 0.178370
  chunk 63 final batch loss = 0.639666
  chunk 64 final batch loss = 0.705913
  chunk 65 final batch loss = 0.155883
  chunk 66 final batch loss = 0.574483
  chunk 67 final batch loss = 0.785090
  chunk 68 final batch loss = 0.271415
  chunk 69 final batch loss = 0.456468
  chunk 70 final batch loss = 0.083139
  chunk 71 final batch loss = 0.697631
  chunk 72 final batch loss = 0.714535
  chunk 73 final batch loss = 0.246741
  chunk 74 final batch loss = 0.440786
  chunk 75 final batch loss = 0.079596
  chunk 76 final batch loss = 0.054353
  chunk 77 final batch loss = 0.229276
  chunk 78 final batch loss = 0.780908
  chunk 79 final batch loss = 0.554825
Validation loss: 0.348215
No improvement for 10 epochs
Saved checkpoint -> /workspace/train_17/checkpoints_17/transformer/epoch_73.pt
Epoch 74
  chunk 0 final batch loss = 0.772669
  chunk 1 final batch loss = 0.703655
  chunk 2 final batch loss = 0.256981
  chunk 3 final batch loss = 0.178725
  chunk 4 final batch loss = 0.698064
  chunk 5 final batch loss = 0.474249
  chunk 6 final batch loss = 0.095900
  chunk 7 final batch loss = 0.262003
  chunk 8 final batch loss = 0.147191
  chunk 9 final batch loss = 0.530831
  chunk 10 final batch loss = 0.182604
  chunk 11 final batch loss = 0.812425
  chunk 12 final batch loss = 0.689954
  chunk 13 final batch loss = 0.712443
  chunk 14 final batch loss = 0.302117
  chunk 15 final batch loss = 0.146390
  chunk 16 final batch loss = 0.112629
  chunk 17 final batch loss = 0.243823
  chunk 18 final batch loss = 0.567937
  chunk 19 final batch loss = 0.090341
  chunk 20 final batch loss = 0.783225
  chunk 21 final batch loss = 0.589884
  chunk 22 final batch loss = 0.733192
  chunk 23 final batch loss = 0.502978
  chunk 24 final batch loss = 0.792827
  chunk 25 final batch loss = 0.110441
  chunk 26 final batch loss = 0.674411
  chunk 27 final batch loss = 0.043188
  chunk 28 final batch loss = 0.072697
  chunk 29 final batch loss = 0.757922
  chunk 30 final batch loss = 0.213980
  chunk 31 final batch loss = 0.127179
  chunk 32 final batch loss = 0.653724
  chunk 33 final batch loss = 0.097328
  chunk 34 final batch loss = 0.249106
  chunk 35 final batch loss = 0.716435
  chunk 36 final batch loss = 0.570917
  chunk 37 final batch loss = 0.522769
  chunk 38 final batch loss = 0.075690
  chunk 39 final batch loss = 0.781115
  chunk 40 final batch loss = 0.102950
  chunk 41 final batch loss = 0.536824
  chunk 42 final batch loss = 0.097513
  chunk 43 final batch loss = 0.756363
  chunk 44 final batch loss = 0.167605
  chunk 45 final batch loss = 0.708318
  chunk 46 final batch loss = 0.058967
  chunk 47 final batch loss = 0.073836
  chunk 48 final batch loss = 0.161269
  chunk 49 final batch loss = 0.787309
  chunk 50 final batch loss = 0.422645
  chunk 51 final batch loss = 0.139269
  chunk 52 final batch loss = 0.038373
  chunk 53 final batch loss = 0.357714
  chunk 54 final batch loss = 0.156882
  chunk 55 final batch loss = 0.110043
  chunk 56 final batch loss = 0.633210
  chunk 57 final batch loss = 0.598888
  chunk 58 final batch loss = 0.573316
  chunk 59 final batch loss = 0.131512
  chunk 60 final batch loss = 0.543111
  chunk 61 final batch loss = 0.139715
  chunk 62 final batch loss = 0.099208
  chunk 63 final batch loss = 0.713288
  chunk 64 final batch loss = 0.758284
  chunk 65 final batch loss = 0.210300
  chunk 66 final batch loss = 0.460357
  chunk 67 final batch loss = 0.745925
  chunk 68 final batch loss = 0.219686
  chunk 69 final batch loss = 0.385346
  chunk 70 final batch loss = 0.068126
  chunk 71 final batch loss = 0.537637
  chunk 72 final batch loss = 0.664098
  chunk 73 final batch loss = 0.291280
  chunk 74 final batch loss = 0.473681
  chunk 75 final batch loss = 0.074848
  chunk 76 final batch loss = 0.068396
  chunk 77 final batch loss = 0.263719
  chunk 78 final batch loss = 0.718558
  chunk 79 final batch loss = 0.414333
Validation loss: 0.346337
No improvement for 11 epochs
Saved checkpoint -> /workspace/train_17/checkpoints_17/transformer/epoch_74.pt
Epoch 75
  chunk 0 final batch loss = 0.723879
  chunk 1 final batch loss = 0.788393
  chunk 2 final batch loss = 0.307649
  chunk 3 final batch loss = 0.118803
  chunk 4 final batch loss = 0.657868
  chunk 5 final batch loss = 0.484599
  chunk 6 final batch loss = 0.074270
  chunk 7 final batch loss = 0.395405
  chunk 8 final batch loss = 0.204779
  chunk 9 final batch loss = 0.596964
  chunk 10 final batch loss = 0.236851
  chunk 11 final batch loss = 0.788862
  chunk 12 final batch loss = 0.633292
  chunk 13 final batch loss = 0.529679
  chunk 14 final batch loss = 0.190280
  chunk 15 final batch loss = 0.111121
  chunk 16 final batch loss = 0.104007
  chunk 17 final batch loss = 0.307515
  chunk 18 final batch loss = 0.588868
  chunk 19 final batch loss = 0.124626
  chunk 20 final batch loss = 0.709705
  chunk 21 final batch loss = 0.504750
  chunk 22 final batch loss = 0.704284
  chunk 23 final batch loss = 0.485366
  chunk 24 final batch loss = 0.824022
  chunk 25 final batch loss = 0.140548
  chunk 26 final batch loss = 0.695460
  chunk 27 final batch loss = 0.048277
  chunk 28 final batch loss = 0.083668
  chunk 29 final batch loss = 0.679053
  chunk 30 final batch loss = 0.114169
  chunk 31 final batch loss = 0.126391
  chunk 32 final batch loss = 0.643531
  chunk 33 final batch loss = 0.080285
  chunk 34 final batch loss = 0.256769
  chunk 35 final batch loss = 0.788289
  chunk 36 final batch loss = 0.571956
  chunk 37 final batch loss = 0.387305
  chunk 38 final batch loss = 0.079399
  chunk 39 final batch loss = 0.773048
  chunk 40 final batch loss = 0.108679
  chunk 41 final batch loss = 0.609955
  chunk 42 final batch loss = 0.120757
  chunk 43 final batch loss = 0.762844
  chunk 44 final batch loss = 0.154788
  chunk 45 final batch loss = 0.678445
  chunk 46 final batch loss = 0.084344
  chunk 47 final batch loss = 0.099136
  chunk 48 final batch loss = 0.141973
  chunk 49 final batch loss = 0.688596
  chunk 50 final batch loss = 0.435077
  chunk 51 final batch loss = 0.139348
  chunk 52 final batch loss = 0.085369
  chunk 53 final batch loss = 0.416159
  chunk 54 final batch loss = 0.157860
  chunk 55 final batch loss = 0.099813
  chunk 56 final batch loss = 0.676962
  chunk 57 final batch loss = 0.699097
  chunk 58 final batch loss = 0.396246
  chunk 59 final batch loss = 0.101854
  chunk 60 final batch loss = 0.524885
  chunk 61 final batch loss = 0.157641
  chunk 62 final batch loss = 0.199541
  chunk 63 final batch loss = 0.557942
  chunk 64 final batch loss = 0.714935
  chunk 65 final batch loss = 0.197999
  chunk 66 final batch loss = 0.373895
  chunk 67 final batch loss = 0.776093
  chunk 68 final batch loss = 0.390646
  chunk 69 final batch loss = 0.351692
  chunk 70 final batch loss = 0.064310
  chunk 71 final batch loss = 0.512692
  chunk 72 final batch loss = 0.663627
  chunk 73 final batch loss = 0.193930
  chunk 74 final batch loss = 0.350595
  chunk 75 final batch loss = 0.074649
  chunk 76 final batch loss = 0.039708
  chunk 77 final batch loss = 0.398275
  chunk 78 final batch loss = 0.695831
  chunk 79 final batch loss = 0.510541
Validation loss: 0.344534
Saved BEST checkpoint -> /workspace/train_17/checkpoints_17/transformer/best.pt
Saved checkpoint -> /workspace/train_17/checkpoints_17/transformer/epoch_75.pt
Epoch 76
  chunk 0 final batch loss = 0.749343
  chunk 1 final batch loss = 0.783173
  chunk 2 final batch loss = 0.273567
  chunk 3 final batch loss = 0.119978
  chunk 4 final batch loss = 0.613720
  chunk 5 final batch loss = 0.276446
  chunk 6 final batch loss = 0.076958
  chunk 7 final batch loss = 0.366523
  chunk 8 final batch loss = 0.169055
  chunk 9 final batch loss = 0.605547
  chunk 10 final batch loss = 0.340526
  chunk 11 final batch loss = 0.771694
  chunk 12 final batch loss = 0.679852
  chunk 13 final batch loss = 0.643548
  chunk 14 final batch loss = 0.322124
  chunk 15 final batch loss = 0.174705
  chunk 16 final batch loss = 0.168985
  chunk 17 final batch loss = 0.234155
  chunk 18 final batch loss = 0.554783
  chunk 19 final batch loss = 0.138273
  chunk 20 final batch loss = 0.698559
  chunk 21 final batch loss = 0.467531
  chunk 22 final batch loss = 0.752780
  chunk 23 final batch loss = 0.609975
  chunk 24 final batch loss = 0.707712
  chunk 25 final batch loss = 0.148563
  chunk 26 final batch loss = 0.778304
  chunk 27 final batch loss = 0.047548
  chunk 28 final batch loss = 0.079714
  chunk 29 final batch loss = 0.784018
  chunk 30 final batch loss = 0.114114
  chunk 31 final batch loss = 0.159672
  chunk 32 final batch loss = 0.646685
  chunk 33 final batch loss = 0.081297
  chunk 34 final batch loss = 0.210695
  chunk 35 final batch loss = 0.785900
  chunk 36 final batch loss = 0.657488
  chunk 37 final batch loss = 0.383403
  chunk 38 final batch loss = 0.063807
  chunk 39 final batch loss = 0.818501
  chunk 40 final batch loss = 0.078157
  chunk 41 final batch loss = 0.483760
  chunk 42 final batch loss = 0.084201
  chunk 43 final batch loss = 0.756793
  chunk 44 final batch loss = 0.170103
  chunk 45 final batch loss = 0.710453
  chunk 46 final batch loss = 0.108543
  chunk 47 final batch loss = 0.092702
  chunk 48 final batch loss = 0.153220
  chunk 49 final batch loss = 0.690459
  chunk 50 final batch loss = 0.560608
  chunk 51 final batch loss = 0.104921
  chunk 52 final batch loss = 0.075473
  chunk 53 final batch loss = 0.468939
  chunk 54 final batch loss = 0.130576
  chunk 55 final batch loss = 0.108893
  chunk 56 final batch loss = 0.611946
  chunk 57 final batch loss = 0.732261
  chunk 58 final batch loss = 0.492272
  chunk 59 final batch loss = 0.080591
  chunk 60 final batch loss = 0.471049
  chunk 61 final batch loss = 0.163421
  chunk 62 final batch loss = 0.098659
  chunk 63 final batch loss = 0.712211
  chunk 64 final batch loss = 0.711232
  chunk 65 final batch loss = 0.154453
  chunk 66 final batch loss = 0.552603
  chunk 67 final batch loss = 0.770036
  chunk 68 final batch loss = 0.371818
  chunk 69 final batch loss = 0.619656
  chunk 70 final batch loss = 0.068174
  chunk 71 final batch loss = 0.628642
  chunk 72 final batch loss = 0.665524
  chunk 73 final batch loss = 0.231898
  chunk 74 final batch loss = 0.398209
  chunk 75 final batch loss = 0.097738
  chunk 76 final batch loss = 0.054722
  chunk 77 final batch loss = 0.278335
  chunk 78 final batch loss = 0.702616
  chunk 79 final batch loss = 0.475135
Validation loss: 0.344786
No improvement for 1 epochs
Saved checkpoint -> /workspace/train_17/checkpoints_17/transformer/epoch_76.pt
Epoch 77
  chunk 0 final batch loss = 0.817474
  chunk 1 final batch loss = 0.765376
  chunk 2 final batch loss = 0.228543
  chunk 3 final batch loss = 0.120216
  chunk 4 final batch loss = 0.741777
  chunk 5 final batch loss = 0.368830
  chunk 6 final batch loss = 0.081998
  chunk 7 final batch loss = 0.165617
  chunk 8 final batch loss = 0.202675
  chunk 9 final batch loss = 0.493040
  chunk 10 final batch loss = 0.303767
  chunk 11 final batch loss = 0.784655
  chunk 12 final batch loss = 0.675120
  chunk 13 final batch loss = 0.667959
  chunk 14 final batch loss = 0.307590
  chunk 15 final batch loss = 0.124813
  chunk 16 final batch loss = 0.128673
  chunk 17 final batch loss = 0.225453
  chunk 18 final batch loss = 0.651923
  chunk 19 final batch loss = 0.092189
  chunk 20 final batch loss = 0.690688
  chunk 21 final batch loss = 0.467321
  chunk 22 final batch loss = 0.724955
  chunk 23 final batch loss = 0.449262
  chunk 24 final batch loss = 0.799384
  chunk 25 final batch loss = 0.144452
  chunk 26 final batch loss = 0.805556
  chunk 27 final batch loss = 0.071759
  chunk 28 final batch loss = 0.076047
  chunk 29 final batch loss = 0.718816
  chunk 30 final batch loss = 0.136965
  chunk 31 final batch loss = 0.182852
  chunk 32 final batch loss = 0.621751
  chunk 33 final batch loss = 0.084793
  chunk 34 final batch loss = 0.258058
  chunk 35 final batch loss = 0.763822
  chunk 36 final batch loss = 0.530946
  chunk 37 final batch loss = 0.243713
  chunk 38 final batch loss = 0.062592
  chunk 39 final batch loss = 0.820857
  chunk 40 final batch loss = 0.102064
  chunk 41 final batch loss = 0.542582
  chunk 42 final batch loss = 0.093931
  chunk 43 final batch loss = 0.729240
  chunk 44 final batch loss = 0.147700
  chunk 45 final batch loss = 0.692268
  chunk 46 final batch loss = 0.071794
  chunk 47 final batch loss = 0.070690
  chunk 48 final batch loss = 0.123434
  chunk 49 final batch loss = 0.786978
  chunk 50 final batch loss = 0.617660
  chunk 51 final batch loss = 0.173150
  chunk 52 final batch loss = 0.071908
  chunk 53 final batch loss = 0.511866
  chunk 54 final batch loss = 0.180344
  chunk 55 final batch loss = 0.057189
  chunk 56 final batch loss = 0.757399
  chunk 57 final batch loss = 0.686584
  chunk 58 final batch loss = 0.472572
  chunk 59 final batch loss = 0.083782
  chunk 60 final batch loss = 0.511102
  chunk 61 final batch loss = 0.137433
  chunk 62 final batch loss = 0.158439
  chunk 63 final batch loss = 0.803216
  chunk 64 final batch loss = 0.640900
  chunk 65 final batch loss = 0.181809
  chunk 66 final batch loss = 0.518171
  chunk 67 final batch loss = 0.771470
  chunk 68 final batch loss = 0.278088
  chunk 69 final batch loss = 0.618211
  chunk 70 final batch loss = 0.071536
  chunk 71 final batch loss = 0.561438
  chunk 72 final batch loss = 0.696806
  chunk 73 final batch loss = 0.255274
  chunk 74 final batch loss = 0.292071
  chunk 75 final batch loss = 0.087001
  chunk 76 final batch loss = 0.057429
  chunk 77 final batch loss = 0.269120
  chunk 78 final batch loss = 0.728020
  chunk 79 final batch loss = 0.367424
Validation loss: 0.345294
No improvement for 2 epochs
Saved checkpoint -> /workspace/train_17/checkpoints_17/transformer/epoch_77.pt
Epoch 78
  chunk 0 final batch loss = 0.754178
  chunk 1 final batch loss = 0.783299
  chunk 2 final batch loss = 0.262502
  chunk 3 final batch loss = 0.150277
  chunk 4 final batch loss = 0.778347
  chunk 5 final batch loss = 0.334284
  chunk 6 final batch loss = 0.062818
  chunk 7 final batch loss = 0.270404
  chunk 8 final batch loss = 0.155748
  chunk 9 final batch loss = 0.550615
  chunk 10 final batch loss = 0.232417
  chunk 11 final batch loss = 0.812173
  chunk 12 final batch loss = 0.602273
  chunk 13 final batch loss = 0.551613
  chunk 14 final batch loss = 0.305102
  chunk 15 final batch loss = 0.124400
  chunk 16 final batch loss = 0.130826
  chunk 17 final batch loss = 0.330103
  chunk 18 final batch loss = 0.620744
  chunk 19 final batch loss = 0.127143
  chunk 20 final batch loss = 0.630387
  chunk 21 final batch loss = 0.594161
  chunk 22 final batch loss = 0.667536
  chunk 23 final batch loss = 0.493042
  chunk 24 final batch loss = 0.793038
  chunk 25 final batch loss = 0.112635
  chunk 26 final batch loss = 0.738782
  chunk 27 final batch loss = 0.051562
  chunk 28 final batch loss = 0.079275
  chunk 29 final batch loss = 0.665941
  chunk 30 final batch loss = 0.115337
  chunk 31 final batch loss = 0.182862
  chunk 32 final batch loss = 0.659428
  chunk 33 final batch loss = 0.088861
  chunk 34 final batch loss = 0.247025
  chunk 35 final batch loss = 0.752176
  chunk 36 final batch loss = 0.599953
  chunk 37 final batch loss = 0.509006
  chunk 38 final batch loss = 0.057894
  chunk 39 final batch loss = 0.813141
  chunk 40 final batch loss = 0.106196
  chunk 41 final batch loss = 0.512997
  chunk 42 final batch loss = 0.110490
  chunk 43 final batch loss = 0.771781
  chunk 44 final batch loss = 0.121475
  chunk 45 final batch loss = 0.719406
  chunk 46 final batch loss = 0.081025
  chunk 47 final batch loss = 0.096918
  chunk 48 final batch loss = 0.122403
  chunk 49 final batch loss = 0.768194
  chunk 50 final batch loss = 0.552708
  chunk 51 final batch loss = 0.147096
  chunk 52 final batch loss = 0.053953
  chunk 53 final batch loss = 0.376618
  chunk 54 final batch loss = 0.171672
  chunk 55 final batch loss = 0.107532
  chunk 56 final batch loss = 0.589833
  chunk 57 final batch loss = 0.706444
  chunk 58 final batch loss = 0.545490
  chunk 59 final batch loss = 0.066165
  chunk 60 final batch loss = 0.661931
  chunk 61 final batch loss = 0.124763
  chunk 62 final batch loss = 0.082147
  chunk 63 final batch loss = 0.746822
  chunk 64 final batch loss = 0.655542
  chunk 65 final batch loss = 0.164064
  chunk 66 final batch loss = 0.587910
  chunk 67 final batch loss = 0.772992
  chunk 68 final batch loss = 0.232761
  chunk 69 final batch loss = 0.367195
  chunk 70 final batch loss = 0.054439
  chunk 71 final batch loss = 0.421187
  chunk 72 final batch loss = 0.609290
  chunk 73 final batch loss = 0.205668
  chunk 74 final batch loss = 0.398275
  chunk 75 final batch loss = 0.078930
  chunk 76 final batch loss = 0.036209
  chunk 77 final batch loss = 0.261658
  chunk 78 final batch loss = 0.793834
  chunk 79 final batch loss = 0.487078
Validation loss: 0.349166
No improvement for 3 epochs
Saved checkpoint -> /workspace/train_17/checkpoints_17/transformer/epoch_78.pt
Epoch 79
  chunk 0 final batch loss = 0.761067
  chunk 1 final batch loss = 0.786669
  chunk 2 final batch loss = 0.322747
  chunk 3 final batch loss = 0.130324
  chunk 4 final batch loss = 0.656287
  chunk 5 final batch loss = 0.401186
  chunk 6 final batch loss = 0.054821
  chunk 7 final batch loss = 0.263695
  chunk 8 final batch loss = 0.217343
  chunk 9 final batch loss = 0.455651
  chunk 10 final batch loss = 0.397007
  chunk 11 final batch loss = 0.772288
  chunk 12 final batch loss = 0.713528
  chunk 13 final batch loss = 0.539253
  chunk 14 final batch loss = 0.365756
  chunk 15 final batch loss = 0.126611
  chunk 16 final batch loss = 0.146142
  chunk 17 final batch loss = 0.322707
  chunk 18 final batch loss = 0.422776
  chunk 19 final batch loss = 0.097510
  chunk 20 final batch loss = 0.752775
  chunk 21 final batch loss = 0.491189
  chunk 22 final batch loss = 0.720793
  chunk 23 final batch loss = 0.511252
  chunk 24 final batch loss = 0.722276
  chunk 25 final batch loss = 0.148527
  chunk 26 final batch loss = 0.700169
  chunk 27 final batch loss = 0.051594
  chunk 28 final batch loss = 0.080865
  chunk 29 final batch loss = 0.787957
  chunk 30 final batch loss = 0.158929
  chunk 31 final batch loss = 0.147025
  chunk 32 final batch loss = 0.607337
  chunk 33 final batch loss = 0.076020
  chunk 34 final batch loss = 0.297157
  chunk 35 final batch loss = 0.693707
  chunk 36 final batch loss = 0.496320
  chunk 37 final batch loss = 0.418004
  chunk 38 final batch loss = 0.072801
  chunk 39 final batch loss = 0.815565
  chunk 40 final batch loss = 0.077631
  chunk 41 final batch loss = 0.507576
  chunk 42 final batch loss = 0.091625
  chunk 43 final batch loss = 0.770601
  chunk 44 final batch loss = 0.275445
  chunk 45 final batch loss = 0.766507
  chunk 46 final batch loss = 0.059079
  chunk 47 final batch loss = 0.068351
  chunk 48 final batch loss = 0.143699
  chunk 49 final batch loss = 0.739561
  chunk 50 final batch loss = 0.558220
  chunk 51 final batch loss = 0.161170
  chunk 52 final batch loss = 0.067577
  chunk 53 final batch loss = 0.426953
  chunk 54 final batch loss = 0.177949
  chunk 55 final batch loss = 0.075357
  chunk 56 final batch loss = 0.548198
  chunk 57 final batch loss = 0.678630
  chunk 58 final batch loss = 0.534863
  chunk 59 final batch loss = 0.066011
  chunk 60 final batch loss = 0.507633
  chunk 61 final batch loss = 0.164343
  chunk 62 final batch loss = 0.121197
  chunk 63 final batch loss = 0.719837
  chunk 64 final batch loss = 0.665140
  chunk 65 final batch loss = 0.229985
  chunk 66 final batch loss = 0.571449
  chunk 67 final batch loss = 0.729780
  chunk 68 final batch loss = 0.283555
  chunk 69 final batch loss = 0.576182
  chunk 70 final batch loss = 0.080755
  chunk 71 final batch loss = 0.692517
  chunk 72 final batch loss = 0.700881
  chunk 73 final batch loss = 0.232444
  chunk 74 final batch loss = 0.443596
  chunk 75 final batch loss = 0.068966
  chunk 76 final batch loss = 0.048600
  chunk 77 final batch loss = 0.212106
  chunk 78 final batch loss = 0.780754
  chunk 79 final batch loss = 0.604250
Validation loss: 0.348698
No improvement for 4 epochs
Saved checkpoint -> /workspace/train_17/checkpoints_17/transformer/epoch_79.pt
Epoch 80
  chunk 0 final batch loss = 0.778125
  chunk 1 final batch loss = 0.799222
  chunk 2 final batch loss = 0.191020
  chunk 3 final batch loss = 0.174420
  chunk 4 final batch loss = 0.653042
  chunk 5 final batch loss = 0.347802
  chunk 6 final batch loss = 0.061608
  chunk 7 final batch loss = 0.209285
  chunk 8 final batch loss = 0.167568
  chunk 9 final batch loss = 0.533416
  chunk 10 final batch loss = 0.310379
  chunk 11 final batch loss = 0.794837
  chunk 12 final batch loss = 0.599151
  chunk 13 final batch loss = 0.615862
  chunk 14 final batch loss = 0.313049
  chunk 15 final batch loss = 0.160597
  chunk 16 final batch loss = 0.168510
  chunk 17 final batch loss = 0.228261
  chunk 18 final batch loss = 0.387590
  chunk 19 final batch loss = 0.148911
  chunk 20 final batch loss = 0.702252
  chunk 21 final batch loss = 0.535618
  chunk 22 final batch loss = 0.778059
  chunk 23 final batch loss = 0.542813
  chunk 24 final batch loss = 0.707845
  chunk 25 final batch loss = 0.120061
  chunk 26 final batch loss = 0.805251
  chunk 27 final batch loss = 0.069232
  chunk 28 final batch loss = 0.056920
  chunk 29 final batch loss = 0.819490
  chunk 30 final batch loss = 0.174634
  chunk 31 final batch loss = 0.110956
  chunk 32 final batch loss = 0.649900
  chunk 33 final batch loss = 0.071347
  chunk 34 final batch loss = 0.264382
  chunk 35 final batch loss = 0.790434
  chunk 36 final batch loss = 0.546720
  chunk 37 final batch loss = 0.332872
  chunk 38 final batch loss = 0.094954
  chunk 39 final batch loss = 0.813756
  chunk 40 final batch loss = 0.094868
  chunk 41 final batch loss = 0.498319
  chunk 42 final batch loss = 0.101561
  chunk 43 final batch loss = 0.717892
  chunk 44 final batch loss = 0.193984
  chunk 45 final batch loss = 0.725770
  chunk 46 final batch loss = 0.082651
  chunk 47 final batch loss = 0.070859
  chunk 48 final batch loss = 0.151152
  chunk 49 final batch loss = 0.644621
  chunk 50 final batch loss = 0.595675
  chunk 51 final batch loss = 0.114975
  chunk 52 final batch loss = 0.058254
  chunk 53 final batch loss = 0.370225
  chunk 54 final batch loss = 0.176596
  chunk 55 final batch loss = 0.112076
  chunk 56 final batch loss = 0.635273
  chunk 57 final batch loss = 0.704594
  chunk 58 final batch loss = 0.575038
  chunk 59 final batch loss = 0.088868
  chunk 60 final batch loss = 0.462343
  chunk 61 final batch loss = 0.163109
  chunk 62 final batch loss = 0.109092
  chunk 63 final batch loss = 0.738164
  chunk 64 final batch loss = 0.746400
  chunk 65 final batch loss = 0.180204
  chunk 66 final batch loss = 0.629492
  chunk 67 final batch loss = 0.774272
  chunk 68 final batch loss = 0.299720
  chunk 69 final batch loss = 0.472570
  chunk 70 final batch loss = 0.087829
  chunk 71 final batch loss = 0.512144
  chunk 72 final batch loss = 0.604775
  chunk 73 final batch loss = 0.239503
  chunk 74 final batch loss = 0.331694
  chunk 75 final batch loss = 0.091171
  chunk 76 final batch loss = 0.048774
  chunk 77 final batch loss = 0.264871
  chunk 78 final batch loss = 0.788789
  chunk 79 final batch loss = 0.432707
Validation loss: 0.343987
Saved BEST checkpoint -> /workspace/train_17/checkpoints_17/transformer/best.pt
Saved checkpoint -> /workspace/train_17/checkpoints_17/transformer/epoch_80.pt
Epoch 81
  chunk 0 final batch loss = 0.762716
  chunk 1 final batch loss = 0.812201
  chunk 2 final batch loss = 0.165978
  chunk 3 final batch loss = 0.139064
  chunk 4 final batch loss = 0.675184
  chunk 5 final batch loss = 0.395020
  chunk 6 final batch loss = 0.070858
  chunk 7 final batch loss = 0.346860
  chunk 8 final batch loss = 0.165628
  chunk 9 final batch loss = 0.513649
  chunk 10 final batch loss = 0.314705
  chunk 11 final batch loss = 0.783303
  chunk 12 final batch loss = 0.630007
  chunk 13 final batch loss = 0.647117
  chunk 14 final batch loss = 0.316443
  chunk 15 final batch loss = 0.127888
  chunk 16 final batch loss = 0.067381
  chunk 17 final batch loss = 0.225529
  chunk 18 final batch loss = 0.482246
  chunk 19 final batch loss = 0.090445
  chunk 20 final batch loss = 0.690162
  chunk 21 final batch loss = 0.599859
  chunk 22 final batch loss = 0.763218
  chunk 23 final batch loss = 0.645774
  chunk 24 final batch loss = 0.759113
  chunk 25 final batch loss = 0.116284
  chunk 26 final batch loss = 0.754003
  chunk 27 final batch loss = 0.037928
  chunk 28 final batch loss = 0.105924
  chunk 29 final batch loss = 0.746604
  chunk 30 final batch loss = 0.225975
  chunk 31 final batch loss = 0.126753
  chunk 32 final batch loss = 0.599540
  chunk 33 final batch loss = 0.098503
  chunk 34 final batch loss = 0.306595
  chunk 35 final batch loss = 0.791844
  chunk 36 final batch loss = 0.620636
  chunk 37 final batch loss = 0.368242
  chunk 38 final batch loss = 0.062348
  chunk 39 final batch loss = 0.760302
  chunk 40 final batch loss = 0.095170
  chunk 41 final batch loss = 0.577291
  chunk 42 final batch loss = 0.080885
  chunk 43 final batch loss = 0.720809
  chunk 44 final batch loss = 0.205890
  chunk 45 final batch loss = 0.673011
  chunk 46 final batch loss = 0.071174
  chunk 47 final batch loss = 0.093061
  chunk 48 final batch loss = 0.162246
  chunk 49 final batch loss = 0.712936
  chunk 50 final batch loss = 0.440621
  chunk 51 final batch loss = 0.160217
  chunk 52 final batch loss = 0.076961
  chunk 53 final batch loss = 0.442960
  chunk 54 final batch loss = 0.245855
  chunk 55 final batch loss = 0.098941
  chunk 56 final batch loss = 0.659930
  chunk 57 final batch loss = 0.731145
  chunk 58 final batch loss = 0.487528
  chunk 59 final batch loss = 0.056777
  chunk 60 final batch loss = 0.401499
  chunk 61 final batch loss = 0.119555
  chunk 62 final batch loss = 0.142911
  chunk 63 final batch loss = 0.790136
  chunk 64 final batch loss = 0.756268
  chunk 65 final batch loss = 0.164642
  chunk 66 final batch loss = 0.437548
  chunk 67 final batch loss = 0.773037
  chunk 68 final batch loss = 0.261481
  chunk 69 final batch loss = 0.475052
  chunk 70 final batch loss = 0.086901
  chunk 71 final batch loss = 0.513666
  chunk 72 final batch loss = 0.621472
  chunk 73 final batch loss = 0.263538
  chunk 74 final batch loss = 0.436005
  chunk 75 final batch loss = 0.061930
  chunk 76 final batch loss = 0.048815
  chunk 77 final batch loss = 0.375050
  chunk 78 final batch loss = 0.653791
  chunk 79 final batch loss = 0.669054
Validation loss: 0.342641
Saved BEST checkpoint -> /workspace/train_17/checkpoints_17/transformer/best.pt
Saved checkpoint -> /workspace/train_17/checkpoints_17/transformer/epoch_81.pt
Epoch 82
  chunk 0 final batch loss = 0.746834
  chunk 1 final batch loss = 0.724943
  chunk 2 final batch loss = 0.352811
  chunk 3 final batch loss = 0.129390
  chunk 4 final batch loss = 0.687198
  chunk 5 final batch loss = 0.375369
  chunk 6 final batch loss = 0.034844
  chunk 7 final batch loss = 0.358727
  chunk 8 final batch loss = 0.181718
  chunk 9 final batch loss = 0.598580
  chunk 10 final batch loss = 0.367187
  chunk 11 final batch loss = 0.774829
  chunk 12 final batch loss = 0.603060
  chunk 13 final batch loss = 0.602831
  chunk 14 final batch loss = 0.182471
  chunk 15 final batch loss = 0.173150
  chunk 16 final batch loss = 0.128382
  chunk 17 final batch loss = 0.295318
  chunk 18 final batch loss = 0.535502
  chunk 19 final batch loss = 0.146834
  chunk 20 final batch loss = 0.654402
  chunk 21 final batch loss = 0.378338
  chunk 22 final batch loss = 0.720984
  chunk 23 final batch loss = 0.674564
  chunk 24 final batch loss = 0.742804
  chunk 25 final batch loss = 0.173143
  chunk 26 final batch loss = 0.768777
  chunk 27 final batch loss = 0.047600
  chunk 28 final batch loss = 0.073060
  chunk 29 final batch loss = 0.781649
  chunk 30 final batch loss = 0.178912
  chunk 31 final batch loss = 0.110053
  chunk 32 final batch loss = 0.633079
  chunk 33 final batch loss = 0.080301
  chunk 34 final batch loss = 0.306526
  chunk 35 final batch loss = 0.788036
  chunk 36 final batch loss = 0.663112
  chunk 37 final batch loss = 0.454762
  chunk 38 final batch loss = 0.064333
  chunk 39 final batch loss = 0.803209
  chunk 40 final batch loss = 0.116810
  chunk 41 final batch loss = 0.478949
  chunk 42 final batch loss = 0.070867
  chunk 43 final batch loss = 0.721750
  chunk 44 final batch loss = 0.183676
  chunk 45 final batch loss = 0.729031
  chunk 46 final batch loss = 0.064251
  chunk 47 final batch loss = 0.066181
  chunk 48 final batch loss = 0.137851
  chunk 49 final batch loss = 0.637898
  chunk 50 final batch loss = 0.648418
  chunk 51 final batch loss = 0.124751
  chunk 52 final batch loss = 0.057829
  chunk 53 final batch loss = 0.466569
  chunk 54 final batch loss = 0.147530
  chunk 55 final batch loss = 0.123809
  chunk 56 final batch loss = 0.691346
  chunk 57 final batch loss = 0.686610
  chunk 58 final batch loss = 0.401961
  chunk 59 final batch loss = 0.074865
  chunk 60 final batch loss = 0.520237
  chunk 61 final batch loss = 0.163073
  chunk 62 final batch loss = 0.239366
  chunk 63 final batch loss = 0.726224
  chunk 64 final batch loss = 0.702348
  chunk 65 final batch loss = 0.167933
  chunk 66 final batch loss = 0.620756
  chunk 67 final batch loss = 0.731129
  chunk 68 final batch loss = 0.272413
  chunk 69 final batch loss = 0.623448
  chunk 70 final batch loss = 0.075255
  chunk 71 final batch loss = 0.476826
  chunk 72 final batch loss = 0.646512
  chunk 73 final batch loss = 0.344134
  chunk 74 final batch loss = 0.354401
  chunk 75 final batch loss = 0.092097
  chunk 76 final batch loss = 0.040236
  chunk 77 final batch loss = 0.293338
  chunk 78 final batch loss = 0.738116
  chunk 79 final batch loss = 0.394499
Validation loss: 0.342734
No improvement for 1 epochs
Saved checkpoint -> /workspace/train_17/checkpoints_17/transformer/epoch_82.pt
Epoch 83
  chunk 0 final batch loss = 0.779543
  chunk 1 final batch loss = 0.698931
  chunk 2 final batch loss = 0.320365
  chunk 3 final batch loss = 0.156782
  chunk 4 final batch loss = 0.698744
  chunk 5 final batch loss = 0.324370
  chunk 6 final batch loss = 0.041486
  chunk 7 final batch loss = 0.270126
  chunk 8 final batch loss = 0.188352
  chunk 9 final batch loss = 0.613389
  chunk 10 final batch loss = 0.193765
  chunk 11 final batch loss = 0.745858
  chunk 12 final batch loss = 0.647475
  chunk 13 final batch loss = 0.682419
  chunk 14 final batch loss = 0.177429
  chunk 15 final batch loss = 0.137303
  chunk 16 final batch loss = 0.135386
  chunk 17 final batch loss = 0.281900
  chunk 18 final batch loss = 0.626829
  chunk 19 final batch loss = 0.102237
  chunk 20 final batch loss = 0.638432
  chunk 21 final batch loss = 0.650189
  chunk 22 final batch loss = 0.694945
  chunk 23 final batch loss = 0.533846
  chunk 24 final batch loss = 0.748609
  chunk 25 final batch loss = 0.130975
  chunk 26 final batch loss = 0.740223
  chunk 27 final batch loss = 0.047112
  chunk 28 final batch loss = 0.073363
  chunk 29 final batch loss = 0.689749
  chunk 30 final batch loss = 0.143916
  chunk 31 final batch loss = 0.147286
  chunk 32 final batch loss = 0.586328
  chunk 33 final batch loss = 0.058012
  chunk 34 final batch loss = 0.343820
  chunk 35 final batch loss = 0.820909
  chunk 36 final batch loss = 0.598744
  chunk 37 final batch loss = 0.353844
  chunk 38 final batch loss = 0.081144
  chunk 39 final batch loss = 0.799795
  chunk 40 final batch loss = 0.093926
  chunk 41 final batch loss = 0.511954
  chunk 42 final batch loss = 0.095889
  chunk 43 final batch loss = 0.773294
  chunk 44 final batch loss = 0.181198
  chunk 45 final batch loss = 0.647299
  chunk 46 final batch loss = 0.063737
  chunk 47 final batch loss = 0.058985
  chunk 48 final batch loss = 0.139679
  chunk 49 final batch loss = 0.716969
  chunk 50 final batch loss = 0.568872
  chunk 51 final batch loss = 0.153913
  chunk 52 final batch loss = 0.081330
  chunk 53 final batch loss = 0.494325
  chunk 54 final batch loss = 0.189687
  chunk 55 final batch loss = 0.112534
  chunk 56 final batch loss = 0.621715
  chunk 57 final batch loss = 0.650291
  chunk 58 final batch loss = 0.390899
  chunk 59 final batch loss = 0.067836
  chunk 60 final batch loss = 0.474794
  chunk 61 final batch loss = 0.124749
  chunk 62 final batch loss = 0.147109
  chunk 63 final batch loss = 0.719377
  chunk 64 final batch loss = 0.581069
  chunk 65 final batch loss = 0.162731
  chunk 66 final batch loss = 0.410489
  chunk 67 final batch loss = 0.821588
  chunk 68 final batch loss = 0.298423
  chunk 69 final batch loss = 0.406518
  chunk 70 final batch loss = 0.067728
  chunk 71 final batch loss = 0.646528
  chunk 72 final batch loss = 0.703448
  chunk 73 final batch loss = 0.271550
  chunk 74 final batch loss = 0.414705
  chunk 75 final batch loss = 0.068816
  chunk 76 final batch loss = 0.037967
  chunk 77 final batch loss = 0.245610
  chunk 78 final batch loss = 0.755370
  chunk 79 final batch loss = 0.419331
Validation loss: 0.343560
No improvement for 2 epochs
Saved checkpoint -> /workspace/train_17/checkpoints_17/transformer/epoch_83.pt
Epoch 84
  chunk 0 final batch loss = 0.802768
  chunk 1 final batch loss = 0.723936
  chunk 2 final batch loss = 0.168960
  chunk 3 final batch loss = 0.120392
  chunk 4 final batch loss = 0.570537
  chunk 5 final batch loss = 0.397121
  chunk 6 final batch loss = 0.074090
  chunk 7 final batch loss = 0.183924
  chunk 8 final batch loss = 0.222135
  chunk 9 final batch loss = 0.555052
  chunk 10 final batch loss = 0.284769
  chunk 11 final batch loss = 0.801663
  chunk 12 final batch loss = 0.584893
  chunk 13 final batch loss = 0.723657
  chunk 14 final batch loss = 0.302780
  chunk 15 final batch loss = 0.155575
  chunk 16 final batch loss = 0.172020
  chunk 17 final batch loss = 0.295418
  chunk 18 final batch loss = 0.596583
  chunk 19 final batch loss = 0.084440
  chunk 20 final batch loss = 0.611472
  chunk 21 final batch loss = 0.483976
  chunk 22 final batch loss = 0.801433
  chunk 23 final batch loss = 0.574103
  chunk 24 final batch loss = 0.752733
  chunk 25 final batch loss = 0.114347
  chunk 26 final batch loss = 0.754720
  chunk 27 final batch loss = 0.047355
  chunk 28 final batch loss = 0.090934
  chunk 29 final batch loss = 0.793773
  chunk 30 final batch loss = 0.129444
  chunk 31 final batch loss = 0.184064
  chunk 32 final batch loss = 0.596932
  chunk 33 final batch loss = 0.099796
  chunk 34 final batch loss = 0.193111
  chunk 35 final batch loss = 0.761710
  chunk 36 final batch loss = 0.664403
  chunk 37 final batch loss = 0.348702
  chunk 38 final batch loss = 0.113815
  chunk 39 final batch loss = 0.805171
  chunk 40 final batch loss = 0.082032
  chunk 41 final batch loss = 0.528810
  chunk 42 final batch loss = 0.102677
  chunk 43 final batch loss = 0.793662
  chunk 44 final batch loss = 0.156881
  chunk 45 final batch loss = 0.728588
  chunk 46 final batch loss = 0.053927
  chunk 47 final batch loss = 0.055951
  chunk 48 final batch loss = 0.120395
  chunk 49 final batch loss = 0.696032
  chunk 50 final batch loss = 0.630445
  chunk 51 final batch loss = 0.113379
  chunk 52 final batch loss = 0.064267
  chunk 53 final batch loss = 0.426233
  chunk 54 final batch loss = 0.175550
  chunk 55 final batch loss = 0.123019
  chunk 56 final batch loss = 0.756323
  chunk 57 final batch loss = 0.682342
  chunk 58 final batch loss = 0.427911
  chunk 59 final batch loss = 0.114867
  chunk 60 final batch loss = 0.477211
  chunk 61 final batch loss = 0.141916
  chunk 62 final batch loss = 0.150343
  chunk 63 final batch loss = 0.553539
  chunk 64 final batch loss = 0.733251
  chunk 65 final batch loss = 0.164336
  chunk 66 final batch loss = 0.404727
  chunk 67 final batch loss = 0.697974
  chunk 68 final batch loss = 0.316707
  chunk 69 final batch loss = 0.560473
  chunk 70 final batch loss = 0.092151
  chunk 71 final batch loss = 0.461665
  chunk 72 final batch loss = 0.654704
  chunk 73 final batch loss = 0.273948
  chunk 74 final batch loss = 0.431239
  chunk 75 final batch loss = 0.079922
  chunk 76 final batch loss = 0.050541
  chunk 77 final batch loss = 0.354996
  chunk 78 final batch loss = 0.677015
  chunk 79 final batch loss = 0.558022
Validation loss: 0.344088
No improvement for 3 epochs
Saved checkpoint -> /workspace/train_17/checkpoints_17/transformer/epoch_84.pt
Epoch 85
  chunk 0 final batch loss = 0.807360
  chunk 1 final batch loss = 0.761887
  chunk 2 final batch loss = 0.246856
  chunk 3 final batch loss = 0.165019
  chunk 4 final batch loss = 0.714683
  chunk 5 final batch loss = 0.430561
  chunk 6 final batch loss = 0.050204
  chunk 7 final batch loss = 0.286059
  chunk 8 final batch loss = 0.160595
  chunk 9 final batch loss = 0.634300
  chunk 10 final batch loss = 0.280613
  chunk 11 final batch loss = 0.769816
  chunk 12 final batch loss = 0.553974
  chunk 13 final batch loss = 0.607519
  chunk 14 final batch loss = 0.224871
  chunk 15 final batch loss = 0.110114
  chunk 16 final batch loss = 0.107350
  chunk 17 final batch loss = 0.276768
  chunk 18 final batch loss = 0.500853
  chunk 19 final batch loss = 0.101052
  chunk 20 final batch loss = 0.705153
  chunk 21 final batch loss = 0.501829
  chunk 22 final batch loss = 0.655122
  chunk 23 final batch loss = 0.408911
  chunk 24 final batch loss = 0.727248
  chunk 25 final batch loss = 0.126867
  chunk 26 final batch loss = 0.625103
  chunk 27 final batch loss = 0.048139
  chunk 28 final batch loss = 0.072921
  chunk 29 final batch loss = 0.744222
  chunk 30 final batch loss = 0.129619
  chunk 31 final batch loss = 0.109626
  chunk 32 final batch loss = 0.653536
  chunk 33 final batch loss = 0.074561
  chunk 34 final batch loss = 0.150810
  chunk 35 final batch loss = 0.749120
  chunk 36 final batch loss = 0.619935
  chunk 37 final batch loss = 0.342974
  chunk 38 final batch loss = 0.070734
  chunk 39 final batch loss = 0.805507
  chunk 40 final batch loss = 0.099821
  chunk 41 final batch loss = 0.420424
  chunk 42 final batch loss = 0.067482
  chunk 43 final batch loss = 0.737160
  chunk 44 final batch loss = 0.229490
  chunk 45 final batch loss = 0.680106
  chunk 46 final batch loss = 0.064223
  chunk 47 final batch loss = 0.054193
  chunk 48 final batch loss = 0.108110
  chunk 49 final batch loss = 0.717813
  chunk 50 final batch loss = 0.579285
  chunk 51 final batch loss = 0.179290
  chunk 52 final batch loss = 0.050927
  chunk 53 final batch loss = 0.400754
  chunk 54 final batch loss = 0.149812
  chunk 55 final batch loss = 0.098733
  chunk 56 final batch loss = 0.603154
  chunk 57 final batch loss = 0.705913
  chunk 58 final batch loss = 0.496852
  chunk 59 final batch loss = 0.088949
  chunk 60 final batch loss = 0.540017
  chunk 61 final batch loss = 0.101001
  chunk 62 final batch loss = 0.148427
  chunk 63 final batch loss = 0.768141
  chunk 64 final batch loss = 0.689150
  chunk 65 final batch loss = 0.165276
  chunk 66 final batch loss = 0.527511
  chunk 67 final batch loss = 0.797710
  chunk 68 final batch loss = 0.329716
  chunk 69 final batch loss = 0.501872
  chunk 70 final batch loss = 0.070683
  chunk 71 final batch loss = 0.549991
  chunk 72 final batch loss = 0.649507
  chunk 73 final batch loss = 0.269382
  chunk 74 final batch loss = 0.301076
  chunk 75 final batch loss = 0.067125
  chunk 76 final batch loss = 0.045486
  chunk 77 final batch loss = 0.278024
  chunk 78 final batch loss = 0.740553
  chunk 79 final batch loss = 0.384545
Validation loss: 0.347028
No improvement for 4 epochs
Saved checkpoint -> /workspace/train_17/checkpoints_17/transformer/epoch_85.pt
Epoch 86
  chunk 0 final batch loss = 0.771308
  chunk 1 final batch loss = 0.752619
  chunk 2 final batch loss = 0.226579
  chunk 3 final batch loss = 0.150820
  chunk 4 final batch loss = 0.657297
  chunk 5 final batch loss = 0.392231
  chunk 6 final batch loss = 0.059145
  chunk 7 final batch loss = 0.226808
  chunk 8 final batch loss = 0.255365
  chunk 9 final batch loss = 0.544000
  chunk 10 final batch loss = 0.290409
  chunk 11 final batch loss = 0.754378
  chunk 12 final batch loss = 0.686546
  chunk 13 final batch loss = 0.641317
  chunk 14 final batch loss = 0.344177
  chunk 15 final batch loss = 0.153429
  chunk 16 final batch loss = 0.127293
  chunk 17 final batch loss = 0.288978
  chunk 18 final batch loss = 0.416777
  chunk 19 final batch loss = 0.131245
  chunk 20 final batch loss = 0.641840
  chunk 21 final batch loss = 0.432037
  chunk 22 final batch loss = 0.750079
  chunk 23 final batch loss = 0.532826
  chunk 24 final batch loss = 0.703353
  chunk 25 final batch loss = 0.139023
  chunk 26 final batch loss = 0.685208
  chunk 27 final batch loss = 0.049248
  chunk 28 final batch loss = 0.064676
  chunk 29 final batch loss = 0.712520
  chunk 30 final batch loss = 0.161121
  chunk 31 final batch loss = 0.146578
  chunk 32 final batch loss = 0.485536
  chunk 33 final batch loss = 0.077605
  chunk 34 final batch loss = 0.188297
  chunk 35 final batch loss = 0.765262
  chunk 36 final batch loss = 0.530316
  chunk 37 final batch loss = 0.371755
  chunk 38 final batch loss = 0.053240
  chunk 39 final batch loss = 0.833255
  chunk 40 final batch loss = 0.096933
  chunk 41 final batch loss = 0.416781
  chunk 42 final batch loss = 0.105708
  chunk 43 final batch loss = 0.797133
  chunk 44 final batch loss = 0.131123
  chunk 45 final batch loss = 0.774979
  chunk 46 final batch loss = 0.093353
  chunk 47 final batch loss = 0.067581
  chunk 48 final batch loss = 0.184716
  chunk 49 final batch loss = 0.692755
  chunk 50 final batch loss = 0.404834
  chunk 51 final batch loss = 0.150301
  chunk 52 final batch loss = 0.089900
  chunk 53 final batch loss = 0.336317
  chunk 54 final batch loss = 0.192281
  chunk 55 final batch loss = 0.100605
  chunk 56 final batch loss = 0.653678
  chunk 57 final batch loss = 0.750536
  chunk 58 final batch loss = 0.556683
  chunk 59 final batch loss = 0.095195
  chunk 60 final batch loss = 0.403569
  chunk 61 final batch loss = 0.123777
  chunk 62 final batch loss = 0.134876
  chunk 63 final batch loss = 0.617552
  chunk 64 final batch loss = 0.696536
  chunk 65 final batch loss = 0.187358
  chunk 66 final batch loss = 0.469420
  chunk 67 final batch loss = 0.779009
  chunk 68 final batch loss = 0.265728
  chunk 69 final batch loss = 0.560542
  chunk 70 final batch loss = 0.063419
  chunk 71 final batch loss = 0.492112
  chunk 72 final batch loss = 0.582515
  chunk 73 final batch loss = 0.286890
  chunk 74 final batch loss = 0.429207
  chunk 75 final batch loss = 0.058773
  chunk 76 final batch loss = 0.054094
  chunk 77 final batch loss = 0.269253
  chunk 78 final batch loss = 0.775951
  chunk 79 final batch loss = 0.469229
Validation loss: 0.343298
No improvement for 5 epochs
Saved checkpoint -> /workspace/train_17/checkpoints_17/transformer/epoch_86.pt
Epoch 87
  chunk 0 final batch loss = 0.764944
  chunk 1 final batch loss = 0.694986
  chunk 2 final batch loss = 0.270578
  chunk 3 final batch loss = 0.056551
  chunk 4 final batch loss = 0.568985
  chunk 5 final batch loss = 0.490850
  chunk 6 final batch loss = 0.054341
  chunk 7 final batch loss = 0.401612
  chunk 8 final batch loss = 0.161840
  chunk 9 final batch loss = 0.558290
  chunk 10 final batch loss = 0.278128
  chunk 11 final batch loss = 0.797318
  chunk 12 final batch loss = 0.549947
  chunk 13 final batch loss = 0.529665
  chunk 14 final batch loss = 0.301371
  chunk 15 final batch loss = 0.138502
  chunk 16 final batch loss = 0.078998
  chunk 17 final batch loss = 0.312378
  chunk 18 final batch loss = 0.563279
  chunk 19 final batch loss = 0.090619
  chunk 20 final batch loss = 0.679000
  chunk 21 final batch loss = 0.570586
  chunk 22 final batch loss = 0.753826
  chunk 23 final batch loss = 0.664898
  chunk 24 final batch loss = 0.724206
  chunk 25 final batch loss = 0.120130
  chunk 26 final batch loss = 0.732374
  chunk 27 final batch loss = 0.056677
  chunk 28 final batch loss = 0.074569
  chunk 29 final batch loss = 0.759372
  chunk 30 final batch loss = 0.136386
  chunk 31 final batch loss = 0.117926
  chunk 32 final batch loss = 0.647912
  chunk 33 final batch loss = 0.050353
  chunk 34 final batch loss = 0.253177
  chunk 35 final batch loss = 0.785319
  chunk 36 final batch loss = 0.712481
  chunk 37 final batch loss = 0.367243
  chunk 38 final batch loss = 0.068934
  chunk 39 final batch loss = 0.809269
  chunk 40 final batch loss = 0.115394
  chunk 41 final batch loss = 0.488597
  chunk 42 final batch loss = 0.125104
  chunk 43 final batch loss = 0.778479
  chunk 44 final batch loss = 0.153200
  chunk 45 final batch loss = 0.672235
  chunk 46 final batch loss = 0.071973
  chunk 47 final batch loss = 0.095428
  chunk 48 final batch loss = 0.154921
  chunk 49 final batch loss = 0.717011
  chunk 50 final batch loss = 0.459586
  chunk 51 final batch loss = 0.113443
  chunk 52 final batch loss = 0.069567
  chunk 53 final batch loss = 0.446512
  chunk 54 final batch loss = 0.107059
  chunk 55 final batch loss = 0.075833
  chunk 56 final batch loss = 0.735565
  chunk 57 final batch loss = 0.687675
  chunk 58 final batch loss = 0.401512
  chunk 59 final batch loss = 0.081634
  chunk 60 final batch loss = 0.480698
  chunk 61 final batch loss = 0.152681
  chunk 62 final batch loss = 0.119163
  chunk 63 final batch loss = 0.737035
  chunk 64 final batch loss = 0.797386
  chunk 65 final batch loss = 0.184450
  chunk 66 final batch loss = 0.443603
  chunk 67 final batch loss = 0.779699
  chunk 68 final batch loss = 0.395650
  chunk 69 final batch loss = 0.603907
  chunk 70 final batch loss = 0.047762
  chunk 71 final batch loss = 0.577732
  chunk 72 final batch loss = 0.709200
  chunk 73 final batch loss = 0.263619
  chunk 74 final batch loss = 0.487499
  chunk 75 final batch loss = 0.064111
  chunk 76 final batch loss = 0.044776
  chunk 77 final batch loss = 0.336322
  chunk 78 final batch loss = 0.669658
  chunk 79 final batch loss = 0.519666
Validation loss: 0.344092
No improvement for 6 epochs
Saved checkpoint -> /workspace/train_17/checkpoints_17/transformer/epoch_87.pt
Epoch 88
  chunk 0 final batch loss = 0.740605
  chunk 1 final batch loss = 0.790450
  chunk 2 final batch loss = 0.209570
  chunk 3 final batch loss = 0.193735
  chunk 4 final batch loss = 0.651264
  chunk 5 final batch loss = 0.480564
  chunk 6 final batch loss = 0.059692
  chunk 7 final batch loss = 0.225717
  chunk 8 final batch loss = 0.208031
  chunk 9 final batch loss = 0.590659
  chunk 10 final batch loss = 0.169413
  chunk 11 final batch loss = 0.797274
  chunk 12 final batch loss = 0.502333
  chunk 13 final batch loss = 0.584928
  chunk 14 final batch loss = 0.308518
  chunk 15 final batch loss = 0.119387
  chunk 16 final batch loss = 0.161157
  chunk 17 final batch loss = 0.188014
  chunk 18 final batch loss = 0.507063
  chunk 19 final batch loss = 0.101350
  chunk 20 final batch loss = 0.687408
  chunk 21 final batch loss = 0.582885
  chunk 22 final batch loss = 0.659319
  chunk 23 final batch loss = 0.476402
  chunk 24 final batch loss = 0.767338
  chunk 25 final batch loss = 0.153800
  chunk 26 final batch loss = 0.797200
  chunk 27 final batch loss = 0.063055
  chunk 28 final batch loss = 0.076896
  chunk 29 final batch loss = 0.616813
  chunk 30 final batch loss = 0.177871
  chunk 31 final batch loss = 0.155477
  chunk 32 final batch loss = 0.644861
  chunk 33 final batch loss = 0.084303
  chunk 34 final batch loss = 0.286177
  chunk 35 final batch loss = 0.747020
  chunk 36 final batch loss = 0.634571
  chunk 37 final batch loss = 0.357240
  chunk 38 final batch loss = 0.072079
  chunk 39 final batch loss = 0.798514
  chunk 40 final batch loss = 0.081230
  chunk 41 final batch loss = 0.560824
  chunk 42 final batch loss = 0.091404
  chunk 43 final batch loss = 0.799539
  chunk 44 final batch loss = 0.169533
  chunk 45 final batch loss = 0.698973
  chunk 46 final batch loss = 0.078990
  chunk 47 final batch loss = 0.051916
  chunk 48 final batch loss = 0.099965
  chunk 49 final batch loss = 0.779377
  chunk 50 final batch loss = 0.483958
  chunk 51 final batch loss = 0.130315
  chunk 52 final batch loss = 0.049174
  chunk 53 final batch loss = 0.391307
  chunk 54 final batch loss = 0.160935
  chunk 55 final batch loss = 0.112303
  chunk 56 final batch loss = 0.672505
  chunk 57 final batch loss = 0.664341
  chunk 58 final batch loss = 0.520012
  chunk 59 final batch loss = 0.072358
  chunk 60 final batch loss = 0.485390
  chunk 61 final batch loss = 0.180551
  chunk 62 final batch loss = 0.179189
  chunk 63 final batch loss = 0.709112
  chunk 64 final batch loss = 0.682045
  chunk 65 final batch loss = 0.192583
  chunk 66 final batch loss = 0.403688
  chunk 67 final batch loss = 0.764214
  chunk 68 final batch loss = 0.293454
  chunk 69 final batch loss = 0.501100
  chunk 70 final batch loss = 0.056241
  chunk 71 final batch loss = 0.470597
  chunk 72 final batch loss = 0.651941
  chunk 73 final batch loss = 0.243245
  chunk 74 final batch loss = 0.377195
  chunk 75 final batch loss = 0.061283
  chunk 76 final batch loss = 0.038401
  chunk 77 final batch loss = 0.308460
  chunk 78 final batch loss = 0.715047
  chunk 79 final batch loss = 0.516422
Validation loss: 0.344536
No improvement for 7 epochs
Saved checkpoint -> /workspace/train_17/checkpoints_17/transformer/epoch_88.pt
Epoch 89
  chunk 0 final batch loss = 0.760129
  chunk 1 final batch loss = 0.744820
  chunk 2 final batch loss = 0.225173
  chunk 3 final batch loss = 0.093316
  chunk 4 final batch loss = 0.763725
  chunk 5 final batch loss = 0.446323
  chunk 6 final batch loss = 0.056387
  chunk 7 final batch loss = 0.256421
  chunk 8 final batch loss = 0.219667
  chunk 9 final batch loss = 0.381099
  chunk 10 final batch loss = 0.295014
  chunk 11 final batch loss = 0.728179
  chunk 12 final batch loss = 0.661806
  chunk 13 final batch loss = 0.640453
  chunk 14 final batch loss = 0.375227
  chunk 15 final batch loss = 0.111365
  chunk 16 final batch loss = 0.121125
  chunk 17 final batch loss = 0.300307
  chunk 18 final batch loss = 0.527669
  chunk 19 final batch loss = 0.117182
  chunk 20 final batch loss = 0.791218
  chunk 21 final batch loss = 0.421366
  chunk 22 final batch loss = 0.626341
  chunk 23 final batch loss = 0.724987
  chunk 24 final batch loss = 0.682091
  chunk 25 final batch loss = 0.121494
  chunk 26 final batch loss = 0.710355
  chunk 27 final batch loss = 0.053282
  chunk 28 final batch loss = 0.105585
  chunk 29 final batch loss = 0.738326
  chunk 30 final batch loss = 0.126419
  chunk 31 final batch loss = 0.149283
  chunk 32 final batch loss = 0.655330
  chunk 33 final batch loss = 0.083280
  chunk 34 final batch loss = 0.276822
  chunk 35 final batch loss = 0.775759
  chunk 36 final batch loss = 0.543233
  chunk 37 final batch loss = 0.478122
  chunk 38 final batch loss = 0.091447
  chunk 39 final batch loss = 0.797618
  chunk 40 final batch loss = 0.144249
  chunk 41 final batch loss = 0.469424
  chunk 42 final batch loss = 0.077924
  chunk 43 final batch loss = 0.719121
  chunk 44 final batch loss = 0.162331
  chunk 45 final batch loss = 0.748403
  chunk 46 final batch loss = 0.061920
  chunk 47 final batch loss = 0.061016
  chunk 48 final batch loss = 0.149793
  chunk 49 final batch loss = 0.773472
  chunk 50 final batch loss = 0.617916
  chunk 51 final batch loss = 0.170945
  chunk 52 final batch loss = 0.052262
  chunk 53 final batch loss = 0.339918
  chunk 54 final batch loss = 0.165538
  chunk 55 final batch loss = 0.116474
  chunk 56 final batch loss = 0.643865
  chunk 57 final batch loss = 0.661147
  chunk 58 final batch loss = 0.642990
  chunk 59 final batch loss = 0.073019
  chunk 60 final batch loss = 0.575478
  chunk 61 final batch loss = 0.095924
  chunk 62 final batch loss = 0.097778
  chunk 63 final batch loss = 0.752462
  chunk 64 final batch loss = 0.768513
  chunk 65 final batch loss = 0.156116
  chunk 66 final batch loss = 0.663836
  chunk 67 final batch loss = 0.792821
  chunk 68 final batch loss = 0.223637
  chunk 69 final batch loss = 0.504077
  chunk 70 final batch loss = 0.072258
  chunk 71 final batch loss = 0.567719
  chunk 72 final batch loss = 0.649806
  chunk 73 final batch loss = 0.255083
  chunk 74 final batch loss = 0.306661
  chunk 75 final batch loss = 0.092562
  chunk 76 final batch loss = 0.058584
  chunk 77 final batch loss = 0.233273
  chunk 78 final batch loss = 0.673117
  chunk 79 final batch loss = 0.492712
Validation loss: 0.343597
No improvement for 8 epochs
Saved checkpoint -> /workspace/train_17/checkpoints_17/transformer/epoch_89.pt
Epoch 90
  chunk 0 final batch loss = 0.721335
  chunk 1 final batch loss = 0.759701
  chunk 2 final batch loss = 0.172610
  chunk 3 final batch loss = 0.137054
  chunk 4 final batch loss = 0.703521
  chunk 5 final batch loss = 0.337545
  chunk 6 final batch loss = 0.055094
  chunk 7 final batch loss = 0.335271
  chunk 8 final batch loss = 0.214234
  chunk 9 final batch loss = 0.476946
  chunk 10 final batch loss = 0.198259
  chunk 11 final batch loss = 0.786277
  chunk 12 final batch loss = 0.684135
  chunk 13 final batch loss = 0.678866
  chunk 14 final batch loss = 0.195795
  chunk 15 final batch loss = 0.124799
  chunk 16 final batch loss = 0.113546
  chunk 17 final batch loss = 0.158641
  chunk 18 final batch loss = 0.403640
  chunk 19 final batch loss = 0.082955
  chunk 20 final batch loss = 0.737081
  chunk 21 final batch loss = 0.455324
  chunk 22 final batch loss = 0.745595
  chunk 23 final batch loss = 0.489691
  chunk 24 final batch loss = 0.679699
  chunk 25 final batch loss = 0.116791
  chunk 26 final batch loss = 0.748285
  chunk 27 final batch loss = 0.034397
  chunk 28 final batch loss = 0.078077
  chunk 29 final batch loss = 0.735594
  chunk 30 final batch loss = 0.133889
  chunk 31 final batch loss = 0.153757
  chunk 32 final batch loss = 0.671011
  chunk 33 final batch loss = 0.080368
  chunk 34 final batch loss = 0.235410
  chunk 35 final batch loss = 0.763345
  chunk 36 final batch loss = 0.638484
  chunk 37 final batch loss = 0.364098
  chunk 38 final batch loss = 0.069776
  chunk 39 final batch loss = 0.700726
  chunk 40 final batch loss = 0.082782
  chunk 41 final batch loss = 0.538406
  chunk 42 final batch loss = 0.070582
  chunk 43 final batch loss = 0.777066
  chunk 44 final batch loss = 0.233451
  chunk 45 final batch loss = 0.526846
  chunk 46 final batch loss = 0.112105
  chunk 47 final batch loss = 0.084985
  chunk 48 final batch loss = 0.137385
  chunk 49 final batch loss = 0.648409
  chunk 50 final batch loss = 0.441029
  chunk 51 final batch loss = 0.138494
  chunk 52 final batch loss = 0.078997
  chunk 53 final batch loss = 0.379731
  chunk 54 final batch loss = 0.164300
  chunk 55 final batch loss = 0.088608
  chunk 56 final batch loss = 0.632008
  chunk 57 final batch loss = 0.709959
  chunk 58 final batch loss = 0.513782
  chunk 59 final batch loss = 0.114943
  chunk 60 final batch loss = 0.457090
  chunk 61 final batch loss = 0.116542
  chunk 62 final batch loss = 0.121081
  chunk 63 final batch loss = 0.714726
  chunk 64 final batch loss = 0.685241
  chunk 65 final batch loss = 0.186761
  chunk 66 final batch loss = 0.516537
  chunk 67 final batch loss = 0.671150
  chunk 68 final batch loss = 0.219146
  chunk 69 final batch loss = 0.440340
  chunk 70 final batch loss = 0.056213
  chunk 71 final batch loss = 0.414447
  chunk 72 final batch loss = 0.623372
  chunk 73 final batch loss = 0.234115
  chunk 74 final batch loss = 0.496953
  chunk 75 final batch loss = 0.069267
  chunk 76 final batch loss = 0.046336
  chunk 77 final batch loss = 0.217798
  chunk 78 final batch loss = 0.752200
  chunk 79 final batch loss = 0.562157
Validation loss: 0.345308
No improvement for 9 epochs
Saved checkpoint -> /workspace/train_17/checkpoints_17/transformer/epoch_90.pt
Epoch 91
  chunk 0 final batch loss = 0.725307
  chunk 1 final batch loss = 0.746600
  chunk 2 final batch loss = 0.168848
  chunk 3 final batch loss = 0.137751
  chunk 4 final batch loss = 0.585117
  chunk 5 final batch loss = 0.343174
  chunk 6 final batch loss = 0.071676
  chunk 7 final batch loss = 0.200496
  chunk 8 final batch loss = 0.208759
  chunk 9 final batch loss = 0.496670
  chunk 10 final batch loss = 0.289821
  chunk 11 final batch loss = 0.825508
  chunk 12 final batch loss = 0.714917
  chunk 13 final batch loss = 0.611671
  chunk 14 final batch loss = 0.242315
  chunk 15 final batch loss = 0.168739
  chunk 16 final batch loss = 0.126200
  chunk 17 final batch loss = 0.258407
  chunk 18 final batch loss = 0.532065
  chunk 19 final batch loss = 0.068960
  chunk 20 final batch loss = 0.774180
  chunk 21 final batch loss = 0.361311
  chunk 22 final batch loss = 0.776566
  chunk 23 final batch loss = 0.636962
  chunk 24 final batch loss = 0.724887
  chunk 25 final batch loss = 0.154297
  chunk 26 final batch loss = 0.705993
  chunk 27 final batch loss = 0.051357
  chunk 28 final batch loss = 0.076113
  chunk 29 final batch loss = 0.649392
  chunk 30 final batch loss = 0.156355
  chunk 31 final batch loss = 0.151011
  chunk 32 final batch loss = 0.631460
  chunk 33 final batch loss = 0.059651
  chunk 34 final batch loss = 0.255495
  chunk 35 final batch loss = 0.792800
  chunk 36 final batch loss = 0.550188
  chunk 37 final batch loss = 0.260415
  chunk 38 final batch loss = 0.060834
  chunk 39 final batch loss = 0.774247
  chunk 40 final batch loss = 0.082554
  chunk 41 final batch loss = 0.632399
  chunk 42 final batch loss = 0.066575
  chunk 43 final batch loss = 0.767092
  chunk 44 final batch loss = 0.179001
  chunk 45 final batch loss = 0.650609
  chunk 46 final batch loss = 0.075663
  chunk 47 final batch loss = 0.068033
  chunk 48 final batch loss = 0.133088
  chunk 49 final batch loss = 0.735455
  chunk 50 final batch loss = 0.574071
  chunk 51 final batch loss = 0.085988
  chunk 52 final batch loss = 0.060623
  chunk 53 final batch loss = 0.310767
  chunk 54 final batch loss = 0.187107
  chunk 55 final batch loss = 0.103958
  chunk 56 final batch loss = 0.710840
  chunk 57 final batch loss = 0.713090
  chunk 58 final batch loss = 0.532435
  chunk 59 final batch loss = 0.099761
  chunk 60 final batch loss = 0.514797
  chunk 61 final batch loss = 0.148916
  chunk 62 final batch loss = 0.138680
  chunk 63 final batch loss = 0.742714
  chunk 64 final batch loss = 0.665464
  chunk 65 final batch loss = 0.176507
  chunk 66 final batch loss = 0.480979
  chunk 67 final batch loss = 0.741367
  chunk 68 final batch loss = 0.240153
  chunk 69 final batch loss = 0.432152
  chunk 70 final batch loss = 0.064787
  chunk 71 final batch loss = 0.532382
  chunk 72 final batch loss = 0.537542
  chunk 73 final batch loss = 0.297058
  chunk 74 final batch loss = 0.441550
  chunk 75 final batch loss = 0.090093
  chunk 76 final batch loss = 0.033937
  chunk 77 final batch loss = 0.278661
  chunk 78 final batch loss = 0.679258
  chunk 79 final batch loss = 0.503120
Validation loss: 0.343351
No improvement for 10 epochs
Saved checkpoint -> /workspace/train_17/checkpoints_17/transformer/epoch_91.pt
Epoch 92
  chunk 0 final batch loss = 0.743877
  chunk 1 final batch loss = 0.770770
  chunk 2 final batch loss = 0.277430
  chunk 3 final batch loss = 0.095243
  chunk 4 final batch loss = 0.716239
  chunk 5 final batch loss = 0.290649
  chunk 6 final batch loss = 0.061163
  chunk 7 final batch loss = 0.274416
  chunk 8 final batch loss = 0.243549
  chunk 9 final batch loss = 0.478012
  chunk 10 final batch loss = 0.326441
  chunk 11 final batch loss = 0.754697
  chunk 12 final batch loss = 0.632283
  chunk 13 final batch loss = 0.611317
  chunk 14 final batch loss = 0.327823
  chunk 15 final batch loss = 0.111705
  chunk 16 final batch loss = 0.159581
  chunk 17 final batch loss = 0.359780
  chunk 18 final batch loss = 0.575235
  chunk 19 final batch loss = 0.077280
  chunk 20 final batch loss = 0.601511
  chunk 21 final batch loss = 0.534833
  chunk 22 final batch loss = 0.696851
  chunk 23 final batch loss = 0.598507
  chunk 24 final batch loss = 0.689791
  chunk 25 final batch loss = 0.172829
  chunk 26 final batch loss = 0.801174
  chunk 27 final batch loss = 0.041887
  chunk 28 final batch loss = 0.067396
  chunk 29 final batch loss = 0.779166
  chunk 30 final batch loss = 0.154253
  chunk 31 final batch loss = 0.122684
  chunk 32 final batch loss = 0.618266
  chunk 33 final batch loss = 0.089071
  chunk 34 final batch loss = 0.284568
  chunk 35 final batch loss = 0.777421
  chunk 36 final batch loss = 0.567334
  chunk 37 final batch loss = 0.427301
  chunk 38 final batch loss = 0.070210
  chunk 39 final batch loss = 0.805908
  chunk 40 final batch loss = 0.111312
  chunk 41 final batch loss = 0.483796
  chunk 42 final batch loss = 0.078739
  chunk 43 final batch loss = 0.728243
  chunk 44 final batch loss = 0.187501
  chunk 45 final batch loss = 0.569290
  chunk 46 final batch loss = 0.083627
  chunk 47 final batch loss = 0.089466
  chunk 48 final batch loss = 0.111665
  chunk 49 final batch loss = 0.663122
  chunk 50 final batch loss = 0.484567
  chunk 51 final batch loss = 0.163315
  chunk 52 final batch loss = 0.062606
  chunk 53 final batch loss = 0.344212
  chunk 54 final batch loss = 0.203512
  chunk 55 final batch loss = 0.093703
  chunk 56 final batch loss = 0.606637
  chunk 57 final batch loss = 0.709331
  chunk 58 final batch loss = 0.488794
  chunk 59 final batch loss = 0.063538
  chunk 60 final batch loss = 0.471293
  chunk 61 final batch loss = 0.121956
  chunk 62 final batch loss = 0.151489
  chunk 63 final batch loss = 0.724526
  chunk 64 final batch loss = 0.717927
  chunk 65 final batch loss = 0.186799
  chunk 66 final batch loss = 0.428707
  chunk 67 final batch loss = 0.738796
  chunk 68 final batch loss = 0.170988
  chunk 69 final batch loss = 0.406162
  chunk 70 final batch loss = 0.086817
  chunk 71 final batch loss = 0.397709
  chunk 72 final batch loss = 0.679832
  chunk 73 final batch loss = 0.260760
  chunk 74 final batch loss = 0.448996
  chunk 75 final batch loss = 0.080356
  chunk 76 final batch loss = 0.042372
  chunk 77 final batch loss = 0.303545
  chunk 78 final batch loss = 0.634116
  chunk 79 final batch loss = 0.476137
Validation loss: 0.342352
Saved BEST checkpoint -> /workspace/train_17/checkpoints_17/transformer/best.pt
Saved checkpoint -> /workspace/train_17/checkpoints_17/transformer/epoch_92.pt
Epoch 93
  chunk 0 final batch loss = 0.790643
  chunk 1 final batch loss = 0.757107
  chunk 2 final batch loss = 0.238816
  chunk 3 final batch loss = 0.158621
  chunk 4 final batch loss = 0.555812
  chunk 5 final batch loss = 0.365964
  chunk 6 final batch loss = 0.065512
  chunk 7 final batch loss = 0.245100
  chunk 8 final batch loss = 0.239720
  chunk 9 final batch loss = 0.553981
  chunk 10 final batch loss = 0.331649
  chunk 11 final batch loss = 0.806178
  chunk 12 final batch loss = 0.644928
  chunk 13 final batch loss = 0.706858
  chunk 14 final batch loss = 0.347240
  chunk 15 final batch loss = 0.191977
  chunk 16 final batch loss = 0.135933
  chunk 17 final batch loss = 0.210090
  chunk 18 final batch loss = 0.581427
  chunk 19 final batch loss = 0.133718
  chunk 20 final batch loss = 0.673863
  chunk 21 final batch loss = 0.438157
  chunk 22 final batch loss = 0.629818
  chunk 23 final batch loss = 0.579657
  chunk 24 final batch loss = 0.719463
  chunk 25 final batch loss = 0.118990
  chunk 26 final batch loss = 0.556904
  chunk 27 final batch loss = 0.050745
  chunk 28 final batch loss = 0.110774
  chunk 29 final batch loss = 0.670856
  chunk 30 final batch loss = 0.140032
  chunk 31 final batch loss = 0.123526
  chunk 32 final batch loss = 0.648904
  chunk 33 final batch loss = 0.059200
  chunk 34 final batch loss = 0.136789
  chunk 35 final batch loss = 0.801825
  chunk 36 final batch loss = 0.534438
  chunk 37 final batch loss = 0.435497
  chunk 38 final batch loss = 0.073725
  chunk 39 final batch loss = 0.734357
  chunk 40 final batch loss = 0.125318
  chunk 41 final batch loss = 0.418431
  chunk 42 final batch loss = 0.099432
  chunk 43 final batch loss = 0.808670
  chunk 44 final batch loss = 0.162145
  chunk 45 final batch loss = 0.628998
  chunk 46 final batch loss = 0.054048
  chunk 47 final batch loss = 0.059506
  chunk 48 final batch loss = 0.114246
  chunk 49 final batch loss = 0.651678
  chunk 50 final batch loss = 0.577431
  chunk 51 final batch loss = 0.148580
  chunk 52 final batch loss = 0.056731
  chunk 53 final batch loss = 0.371628
  chunk 54 final batch loss = 0.146462
  chunk 55 final batch loss = 0.122759
  chunk 56 final batch loss = 0.635605
  chunk 57 final batch loss = 0.778673
  chunk 58 final batch loss = 0.525365
  chunk 59 final batch loss = 0.068415
  chunk 60 final batch loss = 0.397449
  chunk 61 final batch loss = 0.122937
  chunk 62 final batch loss = 0.132344
  chunk 63 final batch loss = 0.790889
  chunk 64 final batch loss = 0.710282
  chunk 65 final batch loss = 0.134576
  chunk 66 final batch loss = 0.564518
  chunk 67 final batch loss = 0.769253
  chunk 68 final batch loss = 0.371353
  chunk 69 final batch loss = 0.469888
  chunk 70 final batch loss = 0.072815
  chunk 71 final batch loss = 0.539152
  chunk 72 final batch loss = 0.645565
  chunk 73 final batch loss = 0.242139
  chunk 74 final batch loss = 0.448849
  chunk 75 final batch loss = 0.076026
  chunk 76 final batch loss = 0.047484
  chunk 77 final batch loss = 0.279266
  chunk 78 final batch loss = 0.733328
  chunk 79 final batch loss = 0.383104
Validation loss: 0.343168
No improvement for 1 epochs
Saved checkpoint -> /workspace/train_17/checkpoints_17/transformer/epoch_93.pt
Epoch 94
  chunk 0 final batch loss = 0.719030
  chunk 1 final batch loss = 0.782820
  chunk 2 final batch loss = 0.353719
  chunk 3 final batch loss = 0.113906
  chunk 4 final batch loss = 0.624409
  chunk 5 final batch loss = 0.366210
  chunk 6 final batch loss = 0.071486
  chunk 7 final batch loss = 0.145982
  chunk 8 final batch loss = 0.185159
  chunk 9 final batch loss = 0.497933
  chunk 10 final batch loss = 0.248581
  chunk 11 final batch loss = 0.815488
  chunk 12 final batch loss = 0.692062
  chunk 13 final batch loss = 0.587450
  chunk 14 final batch loss = 0.246391
  chunk 15 final batch loss = 0.094481
  chunk 16 final batch loss = 0.117070
  chunk 17 final batch loss = 0.228203
  chunk 18 final batch loss = 0.483308
  chunk 19 final batch loss = 0.092807
  chunk 20 final batch loss = 0.634102
  chunk 21 final batch loss = 0.665607
  chunk 22 final batch loss = 0.673618
  chunk 23 final batch loss = 0.576795
  chunk 24 final batch loss = 0.822900
  chunk 25 final batch loss = 0.119708
  chunk 26 final batch loss = 0.739582
  chunk 27 final batch loss = 0.056384
  chunk 28 final batch loss = 0.083433
  chunk 29 final batch loss = 0.669752
  chunk 30 final batch loss = 0.148406
  chunk 31 final batch loss = 0.109172
  chunk 32 final batch loss = 0.641383
  chunk 33 final batch loss = 0.079709
  chunk 34 final batch loss = 0.247053
  chunk 35 final batch loss = 0.772715
  chunk 36 final batch loss = 0.532457
  chunk 37 final batch loss = 0.407725
  chunk 38 final batch loss = 0.073852
  chunk 39 final batch loss = 0.822374
  chunk 40 final batch loss = 0.124517
  chunk 41 final batch loss = 0.380901
  chunk 42 final batch loss = 0.091770
  chunk 43 final batch loss = 0.802021
  chunk 44 final batch loss = 0.151429
  chunk 45 final batch loss = 0.659231
  chunk 46 final batch loss = 0.082008
  chunk 47 final batch loss = 0.070559
  chunk 48 final batch loss = 0.163847
  chunk 49 final batch loss = 0.698729
  chunk 50 final batch loss = 0.584185
  chunk 51 final batch loss = 0.158589
  chunk 52 final batch loss = 0.069090
  chunk 53 final batch loss = 0.397980
  chunk 54 final batch loss = 0.187080
  chunk 55 final batch loss = 0.127975
  chunk 56 final batch loss = 0.732909
  chunk 57 final batch loss = 0.682112
  chunk 58 final batch loss = 0.585287
  chunk 59 final batch loss = 0.067804
  chunk 60 final batch loss = 0.454894
  chunk 61 final batch loss = 0.146189
  chunk 62 final batch loss = 0.210704
  chunk 63 final batch loss = 0.715440
  chunk 64 final batch loss = 0.649292
  chunk 65 final batch loss = 0.171487
  chunk 66 final batch loss = 0.641827
  chunk 67 final batch loss = 0.737087
  chunk 68 final batch loss = 0.352365
  chunk 69 final batch loss = 0.455829
  chunk 70 final batch loss = 0.067784
  chunk 71 final batch loss = 0.415949
  chunk 72 final batch loss = 0.665415
  chunk 73 final batch loss = 0.309908
  chunk 74 final batch loss = 0.408779
  chunk 75 final batch loss = 0.083090
  chunk 76 final batch loss = 0.052470
  chunk 77 final batch loss = 0.213422
  chunk 78 final batch loss = 0.697765
  chunk 79 final batch loss = 0.489321
Validation loss: 0.341790
Saved BEST checkpoint -> /workspace/train_17/checkpoints_17/transformer/best.pt
Saved checkpoint -> /workspace/train_17/checkpoints_17/transformer/epoch_94.pt
Epoch 95
  chunk 0 final batch loss = 0.761196
  chunk 1 final batch loss = 0.758897
  chunk 2 final batch loss = 0.258611
  chunk 3 final batch loss = 0.121450
  chunk 4 final batch loss = 0.651283
  chunk 5 final batch loss = 0.475501
  chunk 6 final batch loss = 0.044307
  chunk 7 final batch loss = 0.216556
  chunk 8 final batch loss = 0.182916
  chunk 9 final batch loss = 0.442987
  chunk 10 final batch loss = 0.349837
  chunk 11 final batch loss = 0.770975
  chunk 12 final batch loss = 0.639328
  chunk 13 final batch loss = 0.548159
  chunk 14 final batch loss = 0.273179
  chunk 15 final batch loss = 0.122548
  chunk 16 final batch loss = 0.180621
  chunk 17 final batch loss = 0.266414
  chunk 18 final batch loss = 0.592087
  chunk 19 final batch loss = 0.080384
  chunk 20 final batch loss = 0.621750
  chunk 21 final batch loss = 0.522244
  chunk 22 final batch loss = 0.723748
  chunk 23 final batch loss = 0.653708
  chunk 24 final batch loss = 0.754640
  chunk 25 final batch loss = 0.144151
  chunk 26 final batch loss = 0.682114
  chunk 27 final batch loss = 0.046792
  chunk 28 final batch loss = 0.073485
  chunk 29 final batch loss = 0.708821
  chunk 30 final batch loss = 0.082305
  chunk 31 final batch loss = 0.083828
  chunk 32 final batch loss = 0.709112
  chunk 33 final batch loss = 0.066349
  chunk 34 final batch loss = 0.203541
  chunk 35 final batch loss = 0.730174
  chunk 36 final batch loss = 0.607264
  chunk 37 final batch loss = 0.333121
  chunk 38 final batch loss = 0.100498
  chunk 39 final batch loss = 0.758110
  chunk 40 final batch loss = 0.103582
  chunk 41 final batch loss = 0.520072
  chunk 42 final batch loss = 0.115027
  chunk 43 final batch loss = 0.749852
  chunk 44 final batch loss = 0.210340
  chunk 45 final batch loss = 0.662611
  chunk 46 final batch loss = 0.091993
  chunk 47 final batch loss = 0.086349
  chunk 48 final batch loss = 0.141346
  chunk 49 final batch loss = 0.704171
  chunk 50 final batch loss = 0.551872
  chunk 51 final batch loss = 0.100549
  chunk 52 final batch loss = 0.058556
  chunk 53 final batch loss = 0.299577
  chunk 54 final batch loss = 0.166117
  chunk 55 final batch loss = 0.105476
  chunk 56 final batch loss = 0.671119
  chunk 57 final batch loss = 0.675434
  chunk 58 final batch loss = 0.381460
  chunk 59 final batch loss = 0.068529
  chunk 60 final batch loss = 0.427763
  chunk 61 final batch loss = 0.080941
  chunk 62 final batch loss = 0.112223
  chunk 63 final batch loss = 0.587848
  chunk 64 final batch loss = 0.701752
  chunk 65 final batch loss = 0.136860
  chunk 66 final batch loss = 0.521722
  chunk 67 final batch loss = 0.754156
  chunk 68 final batch loss = 0.277359
  chunk 69 final batch loss = 0.494138
  chunk 70 final batch loss = 0.106782
  chunk 71 final batch loss = 0.549841
  chunk 72 final batch loss = 0.607800
  chunk 73 final batch loss = 0.329117
  chunk 74 final batch loss = 0.416937
  chunk 75 final batch loss = 0.093461
  chunk 76 final batch loss = 0.042593
  chunk 77 final batch loss = 0.262378
  chunk 78 final batch loss = 0.766829
  chunk 79 final batch loss = 0.358894
Validation loss: 0.340476
Saved BEST checkpoint -> /workspace/train_17/checkpoints_17/transformer/best.pt
Saved checkpoint -> /workspace/train_17/checkpoints_17/transformer/epoch_95.pt
Epoch 96
  chunk 0 final batch loss = 0.736237
  chunk 1 final batch loss = 0.720219
  chunk 2 final batch loss = 0.226220
  chunk 3 final batch loss = 0.091658
  chunk 4 final batch loss = 0.667545
  chunk 5 final batch loss = 0.434183
  chunk 6 final batch loss = 0.055536
  chunk 7 final batch loss = 0.312242
  chunk 8 final batch loss = 0.208057
  chunk 9 final batch loss = 0.437056
  chunk 10 final batch loss = 0.271679
  chunk 11 final batch loss = 0.805731
  chunk 12 final batch loss = 0.749590
  chunk 13 final batch loss = 0.605215
  chunk 14 final batch loss = 0.325828
  chunk 15 final batch loss = 0.140848
  chunk 16 final batch loss = 0.109623
  chunk 17 final batch loss = 0.197168
  chunk 18 final batch loss = 0.515402
  chunk 19 final batch loss = 0.090031
  chunk 20 final batch loss = 0.670163
  chunk 21 final batch loss = 0.544970
  chunk 22 final batch loss = 0.737633
  chunk 23 final batch loss = 0.492329
  chunk 24 final batch loss = 0.787135
  chunk 25 final batch loss = 0.139705
  chunk 26 final batch loss = 0.595733
  chunk 27 final batch loss = 0.049498
  chunk 28 final batch loss = 0.081191
  chunk 29 final batch loss = 0.796159
  chunk 30 final batch loss = 0.141425
  chunk 31 final batch loss = 0.130224
  chunk 32 final batch loss = 0.668527
  chunk 33 final batch loss = 0.103056
  chunk 34 final batch loss = 0.296985
  chunk 35 final batch loss = 0.784546
  chunk 36 final batch loss = 0.555197
  chunk 37 final batch loss = 0.329762
  chunk 38 final batch loss = 0.078796
  chunk 39 final batch loss = 0.814639
  chunk 40 final batch loss = 0.123829
  chunk 41 final batch loss = 0.507574
  chunk 42 final batch loss = 0.094085
  chunk 43 final batch loss = 0.730111
  chunk 44 final batch loss = 0.138745
  chunk 45 final batch loss = 0.755095
  chunk 46 final batch loss = 0.083653
  chunk 47 final batch loss = 0.101616
  chunk 48 final batch loss = 0.128468
  chunk 49 final batch loss = 0.625564
  chunk 50 final batch loss = 0.579733
  chunk 51 final batch loss = 0.130858
  chunk 52 final batch loss = 0.053004
  chunk 53 final batch loss = 0.340630
  chunk 54 final batch loss = 0.152057
  chunk 55 final batch loss = 0.099396
  chunk 56 final batch loss = 0.557993
  chunk 57 final batch loss = 0.676985
  chunk 58 final batch loss = 0.511728
  chunk 59 final batch loss = 0.093621
  chunk 60 final batch loss = 0.365277
  chunk 61 final batch loss = 0.126617
  chunk 62 final batch loss = 0.123399
  chunk 63 final batch loss = 0.559062
  chunk 64 final batch loss = 0.712959
  chunk 65 final batch loss = 0.175442
  chunk 66 final batch loss = 0.536974
  chunk 67 final batch loss = 0.706925
  chunk 68 final batch loss = 0.269977
  chunk 69 final batch loss = 0.501280
  chunk 70 final batch loss = 0.064038
  chunk 71 final batch loss = 0.475231
  chunk 72 final batch loss = 0.689059
  chunk 73 final batch loss = 0.320557
  chunk 74 final batch loss = 0.414044
  chunk 75 final batch loss = 0.099796
  chunk 76 final batch loss = 0.047020
  chunk 77 final batch loss = 0.204928
  chunk 78 final batch loss = 0.652130
  chunk 79 final batch loss = 0.593472
Validation loss: 0.341987
No improvement for 1 epochs
Saved checkpoint -> /workspace/train_17/checkpoints_17/transformer/epoch_96.pt
Epoch 97
  chunk 0 final batch loss = 0.750395
  chunk 1 final batch loss = 0.772107
  chunk 2 final batch loss = 0.226185
  chunk 3 final batch loss = 0.175090
  chunk 4 final batch loss = 0.542845
  chunk 5 final batch loss = 0.335457
  chunk 6 final batch loss = 0.071434
  chunk 7 final batch loss = 0.179264
  chunk 8 final batch loss = 0.187657
  chunk 9 final batch loss = 0.520174
  chunk 10 final batch loss = 0.317949
  chunk 11 final batch loss = 0.778597
  chunk 12 final batch loss = 0.606735
  chunk 13 final batch loss = 0.678542
  chunk 14 final batch loss = 0.267213
  chunk 15 final batch loss = 0.125556
  chunk 16 final batch loss = 0.138314
  chunk 17 final batch loss = 0.278663
  chunk 18 final batch loss = 0.426285
  chunk 19 final batch loss = 0.121133
  chunk 20 final batch loss = 0.646292
  chunk 21 final batch loss = 0.497662
  chunk 22 final batch loss = 0.775590
  chunk 23 final batch loss = 0.564528
  chunk 24 final batch loss = 0.821482
  chunk 25 final batch loss = 0.116172
  chunk 26 final batch loss = 0.738485
  chunk 27 final batch loss = 0.061056
  chunk 28 final batch loss = 0.081767
  chunk 29 final batch loss = 0.668776
  chunk 30 final batch loss = 0.164792
  chunk 31 final batch loss = 0.149533
  chunk 32 final batch loss = 0.535846
  chunk 33 final batch loss = 0.084458
  chunk 34 final batch loss = 0.229696
  chunk 35 final batch loss = 0.747114
  chunk 36 final batch loss = 0.586052
  chunk 37 final batch loss = 0.332043
  chunk 38 final batch loss = 0.086325
  chunk 39 final batch loss = 0.849639
  chunk 40 final batch loss = 0.103524
  chunk 41 final batch loss = 0.462675
  chunk 42 final batch loss = 0.080897
  chunk 43 final batch loss = 0.731169
  chunk 44 final batch loss = 0.170640
  chunk 45 final batch loss = 0.635388
  chunk 46 final batch loss = 0.074878
  chunk 47 final batch loss = 0.067905
  chunk 48 final batch loss = 0.112323
  chunk 49 final batch loss = 0.675697
  chunk 50 final batch loss = 0.515332
  chunk 51 final batch loss = 0.108870
  chunk 52 final batch loss = 0.061106
  chunk 53 final batch loss = 0.272704
  chunk 54 final batch loss = 0.187799
  chunk 55 final batch loss = 0.096040
  chunk 56 final batch loss = 0.610511
  chunk 57 final batch loss = 0.645842
  chunk 58 final batch loss = 0.490808
  chunk 59 final batch loss = 0.082974
  chunk 60 final batch loss = 0.572859
  chunk 61 final batch loss = 0.176369
  chunk 62 final batch loss = 0.115828
  chunk 63 final batch loss = 0.673278
  chunk 64 final batch loss = 0.544104
  chunk 65 final batch loss = 0.154488
  chunk 66 final batch loss = 0.432338
  chunk 67 final batch loss = 0.739580
  chunk 68 final batch loss = 0.234013
  chunk 69 final batch loss = 0.419545
  chunk 70 final batch loss = 0.075365
  chunk 71 final batch loss = 0.523562
  chunk 72 final batch loss = 0.660882
  chunk 73 final batch loss = 0.270413
  chunk 74 final batch loss = 0.356233
  chunk 75 final batch loss = 0.049678
  chunk 76 final batch loss = 0.042676
  chunk 77 final batch loss = 0.262593
  chunk 78 final batch loss = 0.721238
  chunk 79 final batch loss = 0.664647
Validation loss: 0.344346
No improvement for 2 epochs
Saved checkpoint -> /workspace/train_17/checkpoints_17/transformer/epoch_97.pt
Epoch 98
  chunk 0 final batch loss = 0.757090
  chunk 1 final batch loss = 0.749820
  chunk 2 final batch loss = 0.218383
  chunk 3 final batch loss = 0.133906
  chunk 4 final batch loss = 0.706836
  chunk 5 final batch loss = 0.443862
  chunk 6 final batch loss = 0.072598
  chunk 7 final batch loss = 0.211835
  chunk 8 final batch loss = 0.285832
  chunk 9 final batch loss = 0.558861
  chunk 10 final batch loss = 0.270804
  chunk 11 final batch loss = 0.804638
  chunk 12 final batch loss = 0.668295
  chunk 13 final batch loss = 0.582984
  chunk 14 final batch loss = 0.390154
  chunk 15 final batch loss = 0.153034
  chunk 16 final batch loss = 0.153833
  chunk 17 final batch loss = 0.248811
  chunk 18 final batch loss = 0.391019
  chunk 19 final batch loss = 0.083121
  chunk 20 final batch loss = 0.699789
  chunk 21 final batch loss = 0.506383
  chunk 22 final batch loss = 0.678601
  chunk 23 final batch loss = 0.476814
  chunk 24 final batch loss = 0.677123
  chunk 25 final batch loss = 0.140023
  chunk 26 final batch loss = 0.700831
  chunk 27 final batch loss = 0.048146
  chunk 28 final batch loss = 0.045530
  chunk 29 final batch loss = 0.652624
  chunk 30 final batch loss = 0.141704
  chunk 31 final batch loss = 0.146058
  chunk 32 final batch loss = 0.666682
  chunk 33 final batch loss = 0.081475
  chunk 34 final batch loss = 0.396299
  chunk 35 final batch loss = 0.787170
  chunk 36 final batch loss = 0.606498
  chunk 37 final batch loss = 0.352440
  chunk 38 final batch loss = 0.045766
  chunk 39 final batch loss = 0.811040
  chunk 40 final batch loss = 0.116855
  chunk 41 final batch loss = 0.547355
  chunk 42 final batch loss = 0.113094
  chunk 43 final batch loss = 0.739330
  chunk 44 final batch loss = 0.224729
  chunk 45 final batch loss = 0.746785
  chunk 46 final batch loss = 0.075885
  chunk 47 final batch loss = 0.063873
  chunk 48 final batch loss = 0.114635
  chunk 49 final batch loss = 0.655497
  chunk 50 final batch loss = 0.539810
  chunk 51 final batch loss = 0.101145
  chunk 52 final batch loss = 0.062918
  chunk 53 final batch loss = 0.387514
  chunk 54 final batch loss = 0.175047
  chunk 55 final batch loss = 0.110777
  chunk 56 final batch loss = 0.535499
  chunk 57 final batch loss = 0.717517
  chunk 58 final batch loss = 0.521206
  chunk 59 final batch loss = 0.064766
  chunk 60 final batch loss = 0.529447
  chunk 61 final batch loss = 0.156766
  chunk 62 final batch loss = 0.157347
  chunk 63 final batch loss = 0.651879
  chunk 64 final batch loss = 0.722687
  chunk 65 final batch loss = 0.138445
  chunk 66 final batch loss = 0.490413
  chunk 67 final batch loss = 0.793254
  chunk 68 final batch loss = 0.147913
  chunk 69 final batch loss = 0.372769
  chunk 70 final batch loss = 0.053277
  chunk 71 final batch loss = 0.621110
  chunk 72 final batch loss = 0.618919
  chunk 73 final batch loss = 0.219485
  chunk 74 final batch loss = 0.264633
  chunk 75 final batch loss = 0.063984
  chunk 76 final batch loss = 0.035818
  chunk 77 final batch loss = 0.268920
  chunk 78 final batch loss = 0.733641
  chunk 79 final batch loss = 0.503643
Validation loss: 0.342170
No improvement for 3 epochs
Saved checkpoint -> /workspace/train_17/checkpoints_17/transformer/epoch_98.pt
Epoch 99
  chunk 0 final batch loss = 0.754480
  chunk 1 final batch loss = 0.742260
  chunk 2 final batch loss = 0.302961
  chunk 3 final batch loss = 0.127698
  chunk 4 final batch loss = 0.688604
  chunk 5 final batch loss = 0.441265
  chunk 6 final batch loss = 0.099852
  chunk 7 final batch loss = 0.185569
  chunk 8 final batch loss = 0.151709
  chunk 9 final batch loss = 0.596013
  chunk 10 final batch loss = 0.285467
  chunk 11 final batch loss = 0.751510
  chunk 12 final batch loss = 0.586415
  chunk 13 final batch loss = 0.671840
  chunk 14 final batch loss = 0.267406
  chunk 15 final batch loss = 0.145439
  chunk 16 final batch loss = 0.142887
  chunk 17 final batch loss = 0.168573
  chunk 18 final batch loss = 0.576923
  chunk 19 final batch loss = 0.120741
  chunk 20 final batch loss = 0.679745
  chunk 21 final batch loss = 0.467845
  chunk 22 final batch loss = 0.733074
  chunk 23 final batch loss = 0.561527
  chunk 24 final batch loss = 0.665330
  chunk 25 final batch loss = 0.129816
  chunk 26 final batch loss = 0.720233
  chunk 27 final batch loss = 0.061091
  chunk 28 final batch loss = 0.077472
  chunk 29 final batch loss = 0.637745
  chunk 30 final batch loss = 0.165335
  chunk 31 final batch loss = 0.119703
  chunk 32 final batch loss = 0.625729
  chunk 33 final batch loss = 0.069190
  chunk 34 final batch loss = 0.161900
  chunk 35 final batch loss = 0.789313
  chunk 36 final batch loss = 0.565906
  chunk 37 final batch loss = 0.384230
  chunk 38 final batch loss = 0.082353
  chunk 39 final batch loss = 0.798425
  chunk 40 final batch loss = 0.114678
  chunk 41 final batch loss = 0.593199
  chunk 42 final batch loss = 0.067998
  chunk 43 final batch loss = 0.725245
  chunk 44 final batch loss = 0.221314
  chunk 45 final batch loss = 0.755502
  chunk 46 final batch loss = 0.073242
  chunk 47 final batch loss = 0.043524
  chunk 48 final batch loss = 0.172972
  chunk 49 final batch loss = 0.722899
  chunk 50 final batch loss = 0.387022
  chunk 51 final batch loss = 0.135510
  chunk 52 final batch loss = 0.065773
  chunk 53 final batch loss = 0.338255
  chunk 54 final batch loss = 0.130541
  chunk 55 final batch loss = 0.096462
  chunk 56 final batch loss = 0.612707
  chunk 57 final batch loss = 0.670660
  chunk 58 final batch loss = 0.399553
  chunk 59 final batch loss = 0.073938
  chunk 60 final batch loss = 0.518191
  chunk 61 final batch loss = 0.149593
  chunk 62 final batch loss = 0.143939
  chunk 63 final batch loss = 0.730548
  chunk 64 final batch loss = 0.691659
  chunk 65 final batch loss = 0.156443
  chunk 66 final batch loss = 0.531354
  chunk 67 final batch loss = 0.785417
  chunk 68 final batch loss = 0.196675
  chunk 69 final batch loss = 0.414047
  chunk 70 final batch loss = 0.076252
  chunk 71 final batch loss = 0.636735
  chunk 72 final batch loss = 0.655373
  chunk 73 final batch loss = 0.290555
  chunk 74 final batch loss = 0.454341
  chunk 75 final batch loss = 0.065675
  chunk 76 final batch loss = 0.037876
  chunk 77 final batch loss = 0.356798
  chunk 78 final batch loss = 0.650878
  chunk 79 final batch loss = 0.472374
Validation loss: 0.340622
No improvement for 4 epochs
Saved checkpoint -> /workspace/train_17/checkpoints_17/transformer/epoch_99.pt
Epoch 100
  chunk 0 final batch loss = 0.746574
  chunk 1 final batch loss = 0.793090
  chunk 2 final batch loss = 0.186024
  chunk 3 final batch loss = 0.184694
  chunk 4 final batch loss = 0.618923
  chunk 5 final batch loss = 0.466898
  chunk 6 final batch loss = 0.077434
  chunk 7 final batch loss = 0.187252
  chunk 8 final batch loss = 0.136203
  chunk 9 final batch loss = 0.562614
  chunk 10 final batch loss = 0.243505
  chunk 11 final batch loss = 0.798006
  chunk 12 final batch loss = 0.576611
  chunk 13 final batch loss = 0.635962
  chunk 14 final batch loss = 0.164657
  chunk 15 final batch loss = 0.093518
  chunk 16 final batch loss = 0.123587
  chunk 17 final batch loss = 0.281853
  chunk 18 final batch loss = 0.383171
  chunk 19 final batch loss = 0.108090
  chunk 20 final batch loss = 0.699590
  chunk 21 final batch loss = 0.369004
  chunk 22 final batch loss = 0.677450
  chunk 23 final batch loss = 0.380693
  chunk 24 final batch loss = 0.716466
  chunk 25 final batch loss = 0.139238
  chunk 26 final batch loss = 0.791236
  chunk 27 final batch loss = 0.051305
  chunk 28 final batch loss = 0.055069
  chunk 29 final batch loss = 0.755151
  chunk 30 final batch loss = 0.167007
  chunk 31 final batch loss = 0.194201
  chunk 32 final batch loss = 0.729918
  chunk 33 final batch loss = 0.047393
  chunk 34 final batch loss = 0.262570
  chunk 35 final batch loss = 0.762293
  chunk 36 final batch loss = 0.598603
  chunk 37 final batch loss = 0.478895
  chunk 38 final batch loss = 0.087261
  chunk 39 final batch loss = 0.744087
  chunk 40 final batch loss = 0.089105
  chunk 41 final batch loss = 0.468449
  chunk 42 final batch loss = 0.081524
  chunk 43 final batch loss = 0.753474
  chunk 44 final batch loss = 0.165041
  chunk 45 final batch loss = 0.679514
  chunk 46 final batch loss = 0.079345
  chunk 47 final batch loss = 0.073953
  chunk 48 final batch loss = 0.150123
  chunk 49 final batch loss = 0.616793
  chunk 50 final batch loss = 0.476405
  chunk 51 final batch loss = 0.123684
  chunk 52 final batch loss = 0.075678
  chunk 53 final batch loss = 0.351335
  chunk 54 final batch loss = 0.194374
  chunk 55 final batch loss = 0.091898
  chunk 56 final batch loss = 0.617226
  chunk 57 final batch loss = 0.608843
  chunk 58 final batch loss = 0.599661
  chunk 59 final batch loss = 0.087551
  chunk 60 final batch loss = 0.517798
  chunk 61 final batch loss = 0.124696
  chunk 62 final batch loss = 0.167031
  chunk 63 final batch loss = 0.734181
  chunk 64 final batch loss = 0.654080
  chunk 65 final batch loss = 0.174915
  chunk 66 final batch loss = 0.525676
  chunk 67 final batch loss = 0.788586
  chunk 68 final batch loss = 0.242902
  chunk 69 final batch loss = 0.361724
  chunk 70 final batch loss = 0.082678
  chunk 71 final batch loss = 0.547869
  chunk 72 final batch loss = 0.713031
  chunk 73 final batch loss = 0.204844
  chunk 74 final batch loss = 0.450930
  chunk 75 final batch loss = 0.076867
  chunk 76 final batch loss = 0.050631
  chunk 77 final batch loss = 0.210652
  chunk 78 final batch loss = 0.765262
  chunk 79 final batch loss = 0.394311
Validation loss: 0.340354
Saved BEST checkpoint -> /workspace/train_17/checkpoints_17/transformer/best.pt
Saved checkpoint -> /workspace/train_17/checkpoints_17/transformer/epoch_100.pt

============================================================
Training complete!
Checkpoints saved to: /workspace/train_17/checkpoints_17/
Training logs saved to: /workspace/train_17/csvs_17/
============================================================
