Using device: cuda
Train chunks: 80
Val chunks: 10
Test chunks: 10

Using FROBENIUS NORMALIZATION

============================================================
Training MLP Deep (v17 - Frobenius normalized)
Parameters: 2,152,800
Batch size: 64
============================================================

Epoch 1
  chunk 0 final batch loss = 0.835347
  chunk 1 final batch loss = 0.826709
  chunk 2 final batch loss = 0.824866
  chunk 3 final batch loss = 0.824634
  chunk 4 final batch loss = 0.826166
  chunk 5 final batch loss = 0.823467
  chunk 6 final batch loss = 0.824907
  chunk 7 final batch loss = 0.825179
  chunk 8 final batch loss = 0.822572
  chunk 9 final batch loss = 0.823166
  chunk 10 final batch loss = 0.823105
  chunk 11 final batch loss = 0.826719
  chunk 12 final batch loss = 0.824904
  chunk 13 final batch loss = 0.824544
  chunk 14 final batch loss = 0.824103
  chunk 15 final batch loss = 0.817156
  chunk 16 final batch loss = 0.796440
  chunk 17 final batch loss = 0.781077
  chunk 18 final batch loss = 0.821482
  chunk 19 final batch loss = 0.722967
  chunk 20 final batch loss = 0.823339
  chunk 21 final batch loss = 0.812552
  chunk 22 final batch loss = 0.821678
  chunk 23 final batch loss = 0.816489
  chunk 24 final batch loss = 0.821873
  chunk 25 final batch loss = 0.729695
  chunk 26 final batch loss = 0.815673
  chunk 27 final batch loss = 0.628824
  chunk 28 final batch loss = 0.622162
  chunk 29 final batch loss = 0.819469
  chunk 30 final batch loss = 0.649332
  chunk 31 final batch loss = 0.606443
  chunk 32 final batch loss = 0.816650
  chunk 33 final batch loss = 0.596618
  chunk 34 final batch loss = 0.660564
  chunk 35 final batch loss = 0.823171
  chunk 36 final batch loss = 0.793611
  chunk 37 final batch loss = 0.747983
  chunk 38 final batch loss = 0.552718
  chunk 39 final batch loss = 0.838863
  chunk 40 final batch loss = 0.528172
  chunk 41 final batch loss = 0.784471
  chunk 42 final batch loss = 0.508489
  chunk 43 final batch loss = 0.821756
  chunk 44 final batch loss = 0.573327
  chunk 45 final batch loss = 0.826545
  chunk 46 final batch loss = 0.524571
  chunk 47 final batch loss = 0.480518
  chunk 48 final batch loss = 0.479285
  chunk 49 final batch loss = 0.830754
  chunk 50 final batch loss = 0.774211
  chunk 51 final batch loss = 0.531370
  chunk 52 final batch loss = 0.402673
  chunk 53 final batch loss = 0.725159
  chunk 54 final batch loss = 0.507601
  chunk 55 final batch loss = 0.419805
  chunk 56 final batch loss = 0.806833
  chunk 57 final batch loss = 0.820583
  chunk 58 final batch loss = 0.773895
  chunk 59 final batch loss = 0.463888
  chunk 60 final batch loss = 0.779091
  chunk 61 final batch loss = 0.498994
  chunk 62 final batch loss = 0.461712
  chunk 63 final batch loss = 0.826370
  chunk 64 final batch loss = 0.816129
  chunk 65 final batch loss = 0.522959
  chunk 66 final batch loss = 0.790285
  chunk 67 final batch loss = 0.819371
  chunk 68 final batch loss = 0.640479
  chunk 69 final batch loss = 0.770547
  chunk 70 final batch loss = 0.362987
  chunk 71 final batch loss = 0.766538
  chunk 72 final batch loss = 0.800924
  chunk 73 final batch loss = 0.600292
  chunk 74 final batch loss = 0.728170
  chunk 75 final batch loss = 0.414407
  chunk 76 final batch loss = 0.321075
  chunk 77 final batch loss = 0.641175
  chunk 78 final batch loss = 0.818351
  chunk 79 final batch loss = 0.759635
Validation loss: 0.618122
Saved BEST checkpoint
Epoch 2
  chunk 0 final batch loss = 0.821208
  chunk 1 final batch loss = 0.814388
  chunk 2 final batch loss = 0.590943
  chunk 3 final batch loss = 0.415863
  chunk 4 final batch loss = 0.824586
  chunk 5 final batch loss = 0.696244
  chunk 6 final batch loss = 0.329739
  chunk 7 final batch loss = 0.634456
  chunk 8 final batch loss = 0.467571
  chunk 9 final batch loss = 0.792799
  chunk 10 final batch loss = 0.645848
  chunk 11 final batch loss = 0.835857
  chunk 12 final batch loss = 0.801893
  chunk 13 final batch loss = 0.772885
  chunk 14 final batch loss = 0.624522
  chunk 15 final batch loss = 0.461697
  chunk 16 final batch loss = 0.459662
  chunk 17 final batch loss = 0.585762
  chunk 18 final batch loss = 0.750465
  chunk 19 final batch loss = 0.410099
  chunk 20 final batch loss = 0.837997
  chunk 21 final batch loss = 0.755049
  chunk 22 final batch loss = 0.801809
  chunk 23 final batch loss = 0.777542
  chunk 24 final batch loss = 0.809835
  chunk 25 final batch loss = 0.486337
  chunk 26 final batch loss = 0.815103
  chunk 27 final batch loss = 0.313059
  chunk 28 final batch loss = 0.356078
  chunk 29 final batch loss = 0.815444
  chunk 30 final batch loss = 0.461492
  chunk 31 final batch loss = 0.429341
  chunk 32 final batch loss = 0.819735
  chunk 33 final batch loss = 0.364732
  chunk 34 final batch loss = 0.574681
  chunk 35 final batch loss = 0.822388
  chunk 36 final batch loss = 0.788143
  chunk 37 final batch loss = 0.687672
  chunk 38 final batch loss = 0.370123
  chunk 39 final batch loss = 0.830503
  chunk 40 final batch loss = 0.377032
  chunk 41 final batch loss = 0.725502
  chunk 42 final batch loss = 0.360987
  chunk 43 final batch loss = 0.820706
  chunk 44 final batch loss = 0.438412
  chunk 45 final batch loss = 0.821104
  chunk 46 final batch loss = 0.345186
  chunk 47 final batch loss = 0.365069
  chunk 48 final batch loss = 0.404193
  chunk 49 final batch loss = 0.808697
  chunk 50 final batch loss = 0.732667
  chunk 51 final batch loss = 0.425044
  chunk 52 final batch loss = 0.320452
  chunk 53 final batch loss = 0.679151
  chunk 54 final batch loss = 0.417340
  chunk 55 final batch loss = 0.361416
  chunk 56 final batch loss = 0.790967
  chunk 57 final batch loss = 0.808997
  chunk 58 final batch loss = 0.781169
  chunk 59 final batch loss = 0.370533
  chunk 60 final batch loss = 0.735991
  chunk 61 final batch loss = 0.445763
  chunk 62 final batch loss = 0.433875
  chunk 63 final batch loss = 0.816933
  chunk 64 final batch loss = 0.804191
  chunk 65 final batch loss = 0.456951
  chunk 66 final batch loss = 0.745717
  chunk 67 final batch loss = 0.812844
  chunk 68 final batch loss = 0.541991
  chunk 69 final batch loss = 0.770153
  chunk 70 final batch loss = 0.303412
  chunk 71 final batch loss = 0.753294
  chunk 72 final batch loss = 0.796627
  chunk 73 final batch loss = 0.572756
  chunk 74 final batch loss = 0.660894
  chunk 75 final batch loss = 0.338469
  chunk 76 final batch loss = 0.285416
  chunk 77 final batch loss = 0.544606
  chunk 78 final batch loss = 0.819050
  chunk 79 final batch loss = 0.738402
Validation loss: 0.557788
Saved BEST checkpoint
Epoch 3
  chunk 0 final batch loss = 0.820299
  chunk 1 final batch loss = 0.809264
  chunk 2 final batch loss = 0.553299
  chunk 3 final batch loss = 0.395298
  chunk 4 final batch loss = 0.815523
  chunk 5 final batch loss = 0.684386
  chunk 6 final batch loss = 0.316458
  chunk 7 final batch loss = 0.585190
  chunk 8 final batch loss = 0.446128
  chunk 9 final batch loss = 0.751921
  chunk 10 final batch loss = 0.571553
  chunk 11 final batch loss = 0.836750
  chunk 12 final batch loss = 0.796161
  chunk 13 final batch loss = 0.782774
  chunk 14 final batch loss = 0.529708
  chunk 15 final batch loss = 0.407405
  chunk 16 final batch loss = 0.419424
  chunk 17 final batch loss = 0.519736
  chunk 18 final batch loss = 0.719509
  chunk 19 final batch loss = 0.353567
  chunk 20 final batch loss = 0.838942
  chunk 21 final batch loss = 0.717004
  chunk 22 final batch loss = 0.807200
  chunk 23 final batch loss = 0.764232
  chunk 24 final batch loss = 0.803609
  chunk 25 final batch loss = 0.425289
  chunk 26 final batch loss = 0.821342
  chunk 27 final batch loss = 0.268924
  chunk 28 final batch loss = 0.328205
  chunk 29 final batch loss = 0.822573
  chunk 30 final batch loss = 0.391618
  chunk 31 final batch loss = 0.381082
  chunk 32 final batch loss = 0.755803
  chunk 33 final batch loss = 0.330670
  chunk 34 final batch loss = 0.497915
  chunk 35 final batch loss = 0.823498
  chunk 36 final batch loss = 0.764705
  chunk 37 final batch loss = 0.661712
  chunk 38 final batch loss = 0.303830
  chunk 39 final batch loss = 0.828819
  chunk 40 final batch loss = 0.348592
  chunk 41 final batch loss = 0.743774
  chunk 42 final batch loss = 0.335868
  chunk 43 final batch loss = 0.816484
  chunk 44 final batch loss = 0.412632
  chunk 45 final batch loss = 0.812180
  chunk 46 final batch loss = 0.350923
  chunk 47 final batch loss = 0.322312
  chunk 48 final batch loss = 0.358514
  chunk 49 final batch loss = 0.806894
  chunk 50 final batch loss = 0.731823
  chunk 51 final batch loss = 0.405785
  chunk 52 final batch loss = 0.312692
  chunk 53 final batch loss = 0.608526
  chunk 54 final batch loss = 0.440709
  chunk 55 final batch loss = 0.365054
  chunk 56 final batch loss = 0.774563
  chunk 57 final batch loss = 0.802078
  chunk 58 final batch loss = 0.692458
  chunk 59 final batch loss = 0.352389
  chunk 60 final batch loss = 0.750953
  chunk 61 final batch loss = 0.405092
  chunk 62 final batch loss = 0.369534
  chunk 63 final batch loss = 0.801602
  chunk 64 final batch loss = 0.817995
  chunk 65 final batch loss = 0.442892
  chunk 66 final batch loss = 0.692701
  chunk 67 final batch loss = 0.820404
  chunk 68 final batch loss = 0.532048
  chunk 69 final batch loss = 0.734945
  chunk 70 final batch loss = 0.299117
  chunk 71 final batch loss = 0.760043
  chunk 72 final batch loss = 0.792253
  chunk 73 final batch loss = 0.514009
  chunk 74 final batch loss = 0.631332
  chunk 75 final batch loss = 0.323031
  chunk 76 final batch loss = 0.288287
  chunk 77 final batch loss = 0.549832
  chunk 78 final batch loss = 0.808583
  chunk 79 final batch loss = 0.703198
Validation loss: 0.539387
Saved BEST checkpoint
Epoch 4
  chunk 0 final batch loss = 0.818146
  chunk 1 final batch loss = 0.802469
  chunk 2 final batch loss = 0.589961
  chunk 3 final batch loss = 0.379838
  chunk 4 final batch loss = 0.808352
  chunk 5 final batch loss = 0.623075
  chunk 6 final batch loss = 0.303490
  chunk 7 final batch loss = 0.554702
  chunk 8 final batch loss = 0.385350
  chunk 9 final batch loss = 0.686070
  chunk 10 final batch loss = 0.592257
  chunk 11 final batch loss = 0.826022
  chunk 12 final batch loss = 0.779492
  chunk 13 final batch loss = 0.783381
  chunk 14 final batch loss = 0.515547
  chunk 15 final batch loss = 0.417141
  chunk 16 final batch loss = 0.374347
  chunk 17 final batch loss = 0.508605
  chunk 18 final batch loss = 0.746991
  chunk 19 final batch loss = 0.347762
  chunk 20 final batch loss = 0.813734
  chunk 21 final batch loss = 0.726772
  chunk 22 final batch loss = 0.794724
  chunk 23 final batch loss = 0.744657
  chunk 24 final batch loss = 0.814592
  chunk 25 final batch loss = 0.417392
  chunk 26 final batch loss = 0.804359
  chunk 27 final batch loss = 0.285798
  chunk 28 final batch loss = 0.298629
  chunk 29 final batch loss = 0.800363
  chunk 30 final batch loss = 0.394173
  chunk 31 final batch loss = 0.354175
  chunk 32 final batch loss = 0.764973
  chunk 33 final batch loss = 0.293561
  chunk 34 final batch loss = 0.515346
  chunk 35 final batch loss = 0.820056
  chunk 36 final batch loss = 0.795267
  chunk 37 final batch loss = 0.600216
  chunk 38 final batch loss = 0.315258
  chunk 39 final batch loss = 0.822053
  chunk 40 final batch loss = 0.338633
  chunk 41 final batch loss = 0.702584
  chunk 42 final batch loss = 0.313179
  chunk 43 final batch loss = 0.809056
  chunk 44 final batch loss = 0.391489
  chunk 45 final batch loss = 0.797487
  chunk 46 final batch loss = 0.340141
  chunk 47 final batch loss = 0.313950
  chunk 48 final batch loss = 0.372982
  chunk 49 final batch loss = 0.817346
  chunk 50 final batch loss = 0.707319
  chunk 51 final batch loss = 0.356761
  chunk 52 final batch loss = 0.298449
  chunk 53 final batch loss = 0.650445
  chunk 54 final batch loss = 0.437501
  chunk 55 final batch loss = 0.337675
  chunk 56 final batch loss = 0.772179
  chunk 57 final batch loss = 0.785674
  chunk 58 final batch loss = 0.717742
  chunk 59 final batch loss = 0.324163
  chunk 60 final batch loss = 0.696159
  chunk 61 final batch loss = 0.372692
  chunk 62 final batch loss = 0.381891
  chunk 63 final batch loss = 0.807859
  chunk 64 final batch loss = 0.810214
  chunk 65 final batch loss = 0.417614
  chunk 66 final batch loss = 0.733691
  chunk 67 final batch loss = 0.808041
  chunk 68 final batch loss = 0.498863
  chunk 69 final batch loss = 0.694892
  chunk 70 final batch loss = 0.283869
  chunk 71 final batch loss = 0.724590
  chunk 72 final batch loss = 0.764234
  chunk 73 final batch loss = 0.505997
  chunk 74 final batch loss = 0.590208
  chunk 75 final batch loss = 0.311779
  chunk 76 final batch loss = 0.253890
  chunk 77 final batch loss = 0.490825
  chunk 78 final batch loss = 0.810394
  chunk 79 final batch loss = 0.697517
Validation loss: 0.529637
Saved BEST checkpoint
Epoch 5
  chunk 0 final batch loss = 0.802720
  chunk 1 final batch loss = 0.806790
  chunk 2 final batch loss = 0.539872
  chunk 3 final batch loss = 0.374716
  chunk 4 final batch loss = 0.802188
  chunk 5 final batch loss = 0.621037
  chunk 6 final batch loss = 0.287799
  chunk 7 final batch loss = 0.524998
  chunk 8 final batch loss = 0.408611
  chunk 9 final batch loss = 0.718615
  chunk 10 final batch loss = 0.490279
  chunk 11 final batch loss = 0.823097
  chunk 12 final batch loss = 0.732964
  chunk 13 final batch loss = 0.735213
  chunk 14 final batch loss = 0.532854
  chunk 15 final batch loss = 0.380636
  chunk 16 final batch loss = 0.407835
  chunk 17 final batch loss = 0.499386
  chunk 18 final batch loss = 0.722315
  chunk 19 final batch loss = 0.317178
  chunk 20 final batch loss = 0.825675
  chunk 21 final batch loss = 0.704213
  chunk 22 final batch loss = 0.790963
  chunk 23 final batch loss = 0.729811
  chunk 24 final batch loss = 0.794263
  chunk 25 final batch loss = 0.386461
  chunk 26 final batch loss = 0.809993
  chunk 27 final batch loss = 0.276917
  chunk 28 final batch loss = 0.294063
  chunk 29 final batch loss = 0.813820
  chunk 30 final batch loss = 0.404054
  chunk 31 final batch loss = 0.370541
  chunk 32 final batch loss = 0.758008
  chunk 33 final batch loss = 0.310294
  chunk 34 final batch loss = 0.488303
  chunk 35 final batch loss = 0.809026
  chunk 36 final batch loss = 0.720818
  chunk 37 final batch loss = 0.595322
  chunk 38 final batch loss = 0.292748
  chunk 39 final batch loss = 0.823738
  chunk 40 final batch loss = 0.345171
  chunk 41 final batch loss = 0.701303
  chunk 42 final batch loss = 0.315129
  chunk 43 final batch loss = 0.809525
  chunk 44 final batch loss = 0.384244
  chunk 45 final batch loss = 0.796239
  chunk 46 final batch loss = 0.303838
  chunk 47 final batch loss = 0.295078
  chunk 48 final batch loss = 0.374457
  chunk 49 final batch loss = 0.800240
  chunk 50 final batch loss = 0.744327
  chunk 51 final batch loss = 0.364701
  chunk 52 final batch loss = 0.244809
  chunk 53 final batch loss = 0.551968
  chunk 54 final batch loss = 0.419877
  chunk 55 final batch loss = 0.298008
  chunk 56 final batch loss = 0.769638
  chunk 57 final batch loss = 0.793497
  chunk 58 final batch loss = 0.696902
  chunk 59 final batch loss = 0.337308
  chunk 60 final batch loss = 0.717084
  chunk 61 final batch loss = 0.374189
  chunk 62 final batch loss = 0.359493
  chunk 63 final batch loss = 0.782421
  chunk 64 final batch loss = 0.807364
  chunk 65 final batch loss = 0.391198
  chunk 66 final batch loss = 0.673071
  chunk 67 final batch loss = 0.816820
  chunk 68 final batch loss = 0.514411
  chunk 69 final batch loss = 0.685994
  chunk 70 final batch loss = 0.284643
  chunk 71 final batch loss = 0.739898
  chunk 72 final batch loss = 0.774653
  chunk 73 final batch loss = 0.525695
  chunk 74 final batch loss = 0.600696
  chunk 75 final batch loss = 0.290236
  chunk 76 final batch loss = 0.260217
  chunk 77 final batch loss = 0.469362
  chunk 78 final batch loss = 0.799766
  chunk 79 final batch loss = 0.665307
Validation loss: 0.515913
Saved BEST checkpoint
Epoch 6
  chunk 0 final batch loss = 0.813774
  chunk 1 final batch loss = 0.807855
  chunk 2 final batch loss = 0.493419
  chunk 3 final batch loss = 0.366407
  chunk 4 final batch loss = 0.804888
  chunk 5 final batch loss = 0.594921
  chunk 6 final batch loss = 0.266594
  chunk 7 final batch loss = 0.485066
  chunk 8 final batch loss = 0.396833
  chunk 9 final batch loss = 0.700959
  chunk 10 final batch loss = 0.511697
  chunk 11 final batch loss = 0.828183
  chunk 12 final batch loss = 0.765962
  chunk 13 final batch loss = 0.763056
  chunk 14 final batch loss = 0.473389
  chunk 15 final batch loss = 0.362836
  chunk 16 final batch loss = 0.373306
  chunk 17 final batch loss = 0.512155
  chunk 18 final batch loss = 0.681919
  chunk 19 final batch loss = 0.295062
  chunk 20 final batch loss = 0.832751
  chunk 21 final batch loss = 0.680837
  chunk 22 final batch loss = 0.785743
  chunk 23 final batch loss = 0.726576
  chunk 24 final batch loss = 0.800693
  chunk 25 final batch loss = 0.401207
  chunk 26 final batch loss = 0.810804
  chunk 27 final batch loss = 0.255933
  chunk 28 final batch loss = 0.288216
  chunk 29 final batch loss = 0.815819
  chunk 30 final batch loss = 0.377036
  chunk 31 final batch loss = 0.333083
  chunk 32 final batch loss = 0.765759
  chunk 33 final batch loss = 0.293288
  chunk 34 final batch loss = 0.463057
  chunk 35 final batch loss = 0.804337
  chunk 36 final batch loss = 0.758878
  chunk 37 final batch loss = 0.566242
  chunk 38 final batch loss = 0.294013
  chunk 39 final batch loss = 0.827813
  chunk 40 final batch loss = 0.314618
  chunk 41 final batch loss = 0.736349
  chunk 42 final batch loss = 0.301118
  chunk 43 final batch loss = 0.809274
  chunk 44 final batch loss = 0.396963
  chunk 45 final batch loss = 0.788120
  chunk 46 final batch loss = 0.313864
  chunk 47 final batch loss = 0.309432
  chunk 48 final batch loss = 0.340837
  chunk 49 final batch loss = 0.829216
  chunk 50 final batch loss = 0.726601
  chunk 51 final batch loss = 0.352847
  chunk 52 final batch loss = 0.257187
  chunk 53 final batch loss = 0.570219
  chunk 54 final batch loss = 0.399921
  chunk 55 final batch loss = 0.280734
  chunk 56 final batch loss = 0.770920
  chunk 57 final batch loss = 0.760382
  chunk 58 final batch loss = 0.672264
  chunk 59 final batch loss = 0.304527
  chunk 60 final batch loss = 0.697243
  chunk 61 final batch loss = 0.364462
  chunk 62 final batch loss = 0.327313
  chunk 63 final batch loss = 0.813910
  chunk 64 final batch loss = 0.802130
  chunk 65 final batch loss = 0.394664
  chunk 66 final batch loss = 0.704806
  chunk 67 final batch loss = 0.808853
  chunk 68 final batch loss = 0.498279
  chunk 69 final batch loss = 0.646896
  chunk 70 final batch loss = 0.272655
  chunk 71 final batch loss = 0.712740
  chunk 72 final batch loss = 0.761008
  chunk 73 final batch loss = 0.491506
  chunk 74 final batch loss = 0.587664
  chunk 75 final batch loss = 0.285069
  chunk 76 final batch loss = 0.259982
  chunk 77 final batch loss = 0.480544
  chunk 78 final batch loss = 0.801674
  chunk 79 final batch loss = 0.676183
Validation loss: 0.509399
Saved BEST checkpoint
Epoch 7
  chunk 0 final batch loss = 0.802758
  chunk 1 final batch loss = 0.808194
  chunk 2 final batch loss = 0.502252
  chunk 3 final batch loss = 0.350229
  chunk 4 final batch loss = 0.786439
  chunk 5 final batch loss = 0.608412
  chunk 6 final batch loss = 0.256430
  chunk 7 final batch loss = 0.504276
  chunk 8 final batch loss = 0.403520
  chunk 9 final batch loss = 0.639779
  chunk 10 final batch loss = 0.465048
  chunk 11 final batch loss = 0.819539
  chunk 12 final batch loss = 0.757267
  chunk 13 final batch loss = 0.720575
  chunk 14 final batch loss = 0.513756
  chunk 15 final batch loss = 0.362571
  chunk 16 final batch loss = 0.350458
  chunk 17 final batch loss = 0.478473
  chunk 18 final batch loss = 0.706630
  chunk 19 final batch loss = 0.297176
  chunk 20 final batch loss = 0.818058
  chunk 21 final batch loss = 0.692058
  chunk 22 final batch loss = 0.789943
  chunk 23 final batch loss = 0.730801
  chunk 24 final batch loss = 0.804037
  chunk 25 final batch loss = 0.374333
  chunk 26 final batch loss = 0.803524
  chunk 27 final batch loss = 0.250249
  chunk 28 final batch loss = 0.280883
  chunk 29 final batch loss = 0.806751
  chunk 30 final batch loss = 0.323073
  chunk 31 final batch loss = 0.346982
  chunk 32 final batch loss = 0.743739
  chunk 33 final batch loss = 0.289736
  chunk 34 final batch loss = 0.442271
  chunk 35 final batch loss = 0.801967
  chunk 36 final batch loss = 0.747551
  chunk 37 final batch loss = 0.611041
  chunk 38 final batch loss = 0.286712
  chunk 39 final batch loss = 0.819968
  chunk 40 final batch loss = 0.305363
  chunk 41 final batch loss = 0.682662
  chunk 42 final batch loss = 0.310892
  chunk 43 final batch loss = 0.816326
  chunk 44 final batch loss = 0.368531
  chunk 45 final batch loss = 0.750733
  chunk 46 final batch loss = 0.288142
  chunk 47 final batch loss = 0.294880
  chunk 48 final batch loss = 0.359024
  chunk 49 final batch loss = 0.808213
  chunk 50 final batch loss = 0.709240
  chunk 51 final batch loss = 0.354645
  chunk 52 final batch loss = 0.265636
  chunk 53 final batch loss = 0.584861
  chunk 54 final batch loss = 0.365393
  chunk 55 final batch loss = 0.275509
  chunk 56 final batch loss = 0.747283
  chunk 57 final batch loss = 0.779384
  chunk 58 final batch loss = 0.712610
  chunk 59 final batch loss = 0.289585
  chunk 60 final batch loss = 0.712696
  chunk 61 final batch loss = 0.336666
  chunk 62 final batch loss = 0.322574
  chunk 63 final batch loss = 0.795144
  chunk 64 final batch loss = 0.801017
  chunk 65 final batch loss = 0.391131
  chunk 66 final batch loss = 0.667183
  chunk 67 final batch loss = 0.804478
  chunk 68 final batch loss = 0.508725
  chunk 69 final batch loss = 0.695745
  chunk 70 final batch loss = 0.282219
  chunk 71 final batch loss = 0.733099
  chunk 72 final batch loss = 0.754936
  chunk 73 final batch loss = 0.473640
  chunk 74 final batch loss = 0.578602
  chunk 75 final batch loss = 0.287537
  chunk 76 final batch loss = 0.233923
  chunk 77 final batch loss = 0.467399
  chunk 78 final batch loss = 0.812545
  chunk 79 final batch loss = 0.672224
Validation loss: 0.502868
Saved BEST checkpoint
Epoch 8
  chunk 0 final batch loss = 0.811163
  chunk 1 final batch loss = 0.807339
  chunk 2 final batch loss = 0.453624
  chunk 3 final batch loss = 0.341694
  chunk 4 final batch loss = 0.783227
  chunk 5 final batch loss = 0.574118
  chunk 6 final batch loss = 0.245515
  chunk 7 final batch loss = 0.464019
  chunk 8 final batch loss = 0.378608
  chunk 9 final batch loss = 0.665030
  chunk 10 final batch loss = 0.508555
  chunk 11 final batch loss = 0.820702
  chunk 12 final batch loss = 0.762164
  chunk 13 final batch loss = 0.746544
  chunk 14 final batch loss = 0.495411
  chunk 15 final batch loss = 0.359644
  chunk 16 final batch loss = 0.316484
  chunk 17 final batch loss = 0.468389
  chunk 18 final batch loss = 0.698459
  chunk 19 final batch loss = 0.297687
  chunk 20 final batch loss = 0.801182
  chunk 21 final batch loss = 0.723651
  chunk 22 final batch loss = 0.813374
  chunk 23 final batch loss = 0.723945
  chunk 24 final batch loss = 0.798675
  chunk 25 final batch loss = 0.350311
  chunk 26 final batch loss = 0.800791
  chunk 27 final batch loss = 0.254583
  chunk 28 final batch loss = 0.294652
  chunk 29 final batch loss = 0.821367
  chunk 30 final batch loss = 0.322326
  chunk 31 final batch loss = 0.337039
  chunk 32 final batch loss = 0.767190
  chunk 33 final batch loss = 0.272414
  chunk 34 final batch loss = 0.492192
  chunk 35 final batch loss = 0.803687
  chunk 36 final batch loss = 0.710421
  chunk 37 final batch loss = 0.588487
  chunk 38 final batch loss = 0.299153
  chunk 39 final batch loss = 0.821158
  chunk 40 final batch loss = 0.269154
  chunk 41 final batch loss = 0.729296
  chunk 42 final batch loss = 0.279169
  chunk 43 final batch loss = 0.804643
  chunk 44 final batch loss = 0.391968
  chunk 45 final batch loss = 0.755328
  chunk 46 final batch loss = 0.306182
  chunk 47 final batch loss = 0.287248
  chunk 48 final batch loss = 0.347029
  chunk 49 final batch loss = 0.812977
  chunk 50 final batch loss = 0.721035
  chunk 51 final batch loss = 0.335524
  chunk 52 final batch loss = 0.260244
  chunk 53 final batch loss = 0.568808
  chunk 54 final batch loss = 0.372950
  chunk 55 final batch loss = 0.288732
  chunk 56 final batch loss = 0.744856
  chunk 57 final batch loss = 0.735936
  chunk 58 final batch loss = 0.697153
  chunk 59 final batch loss = 0.310226
  chunk 60 final batch loss = 0.700562
  chunk 61 final batch loss = 0.383539
  chunk 62 final batch loss = 0.342868
  chunk 63 final batch loss = 0.802779
  chunk 64 final batch loss = 0.797799
  chunk 65 final batch loss = 0.411873
  chunk 66 final batch loss = 0.632867
  chunk 67 final batch loss = 0.813444
  chunk 68 final batch loss = 0.479844
  chunk 69 final batch loss = 0.667730
  chunk 70 final batch loss = 0.279915
  chunk 71 final batch loss = 0.723294
  chunk 72 final batch loss = 0.770928
  chunk 73 final batch loss = 0.456103
  chunk 74 final batch loss = 0.573093
  chunk 75 final batch loss = 0.283053
  chunk 76 final batch loss = 0.251187
  chunk 77 final batch loss = 0.467053
  chunk 78 final batch loss = 0.799601
  chunk 79 final batch loss = 0.646707
Validation loss: 0.497047
Saved BEST checkpoint
Epoch 9
  chunk 0 final batch loss = 0.798985
  chunk 1 final batch loss = 0.807537
  chunk 2 final batch loss = 0.541201
  chunk 3 final batch loss = 0.328615
  chunk 4 final batch loss = 0.759701
  chunk 5 final batch loss = 0.594727
  chunk 6 final batch loss = 0.256440
  chunk 7 final batch loss = 0.423619
  chunk 8 final batch loss = 0.401867
  chunk 9 final batch loss = 0.666733
  chunk 10 final batch loss = 0.459270
  chunk 11 final batch loss = 0.827018
  chunk 12 final batch loss = 0.751981
  chunk 13 final batch loss = 0.749462
  chunk 14 final batch loss = 0.466579
  chunk 15 final batch loss = 0.342858
  chunk 16 final batch loss = 0.323978
  chunk 17 final batch loss = 0.470895
  chunk 18 final batch loss = 0.674173
  chunk 19 final batch loss = 0.289774
  chunk 20 final batch loss = 0.800938
  chunk 21 final batch loss = 0.717096
  chunk 22 final batch loss = 0.805771
  chunk 23 final batch loss = 0.698881
  chunk 24 final batch loss = 0.771225
  chunk 25 final batch loss = 0.351903
  chunk 26 final batch loss = 0.796637
  chunk 27 final batch loss = 0.236647
  chunk 28 final batch loss = 0.295045
  chunk 29 final batch loss = 0.798984
  chunk 30 final batch loss = 0.348376
  chunk 31 final batch loss = 0.342071
  chunk 32 final batch loss = 0.753328
  chunk 33 final batch loss = 0.306190
  chunk 34 final batch loss = 0.442863
  chunk 35 final batch loss = 0.805110
  chunk 36 final batch loss = 0.689595
  chunk 37 final batch loss = 0.550263
  chunk 38 final batch loss = 0.278186
  chunk 39 final batch loss = 0.827738
  chunk 40 final batch loss = 0.284236
  chunk 41 final batch loss = 0.654897
  chunk 42 final batch loss = 0.316480
  chunk 43 final batch loss = 0.804346
  chunk 44 final batch loss = 0.371864
  chunk 45 final batch loss = 0.773039
  chunk 46 final batch loss = 0.285897
  chunk 47 final batch loss = 0.277973
  chunk 48 final batch loss = 0.341471
  chunk 49 final batch loss = 0.808942
  chunk 50 final batch loss = 0.673987
  chunk 51 final batch loss = 0.339784
  chunk 52 final batch loss = 0.272201
  chunk 53 final batch loss = 0.532035
  chunk 54 final batch loss = 0.384457
  chunk 55 final batch loss = 0.296120
  chunk 56 final batch loss = 0.754799
  chunk 57 final batch loss = 0.791145
  chunk 58 final batch loss = 0.693904
  chunk 59 final batch loss = 0.269029
  chunk 60 final batch loss = 0.711977
  chunk 61 final batch loss = 0.352755
  chunk 62 final batch loss = 0.323200
  chunk 63 final batch loss = 0.788733
  chunk 64 final batch loss = 0.793704
  chunk 65 final batch loss = 0.396873
  chunk 66 final batch loss = 0.694674
  chunk 67 final batch loss = 0.804673
  chunk 68 final batch loss = 0.477909
  chunk 69 final batch loss = 0.664373
  chunk 70 final batch loss = 0.265692
  chunk 71 final batch loss = 0.701425
  chunk 72 final batch loss = 0.743830
  chunk 73 final batch loss = 0.452362
  chunk 74 final batch loss = 0.587107
  chunk 75 final batch loss = 0.290703
  chunk 76 final batch loss = 0.249448
  chunk 77 final batch loss = 0.440351
  chunk 78 final batch loss = 0.803799
  chunk 79 final batch loss = 0.645773
Validation loss: 0.497162
No improvement for 1 epochs
Epoch 10
  chunk 0 final batch loss = 0.793802
  chunk 1 final batch loss = 0.804124
  chunk 2 final batch loss = 0.486762
  chunk 3 final batch loss = 0.334341
  chunk 4 final batch loss = 0.759273
  chunk 5 final batch loss = 0.579328
  chunk 6 final batch loss = 0.265144
  chunk 7 final batch loss = 0.508727
  chunk 8 final batch loss = 0.353584
  chunk 9 final batch loss = 0.646890
  chunk 10 final batch loss = 0.465078
  chunk 11 final batch loss = 0.822734
  chunk 12 final batch loss = 0.748027
  chunk 13 final batch loss = 0.762166
  chunk 14 final batch loss = 0.457274
  chunk 15 final batch loss = 0.338988
  chunk 16 final batch loss = 0.364991
  chunk 17 final batch loss = 0.463796
  chunk 18 final batch loss = 0.673163
  chunk 19 final batch loss = 0.286349
  chunk 20 final batch loss = 0.812812
  chunk 21 final batch loss = 0.690457
  chunk 22 final batch loss = 0.770246
  chunk 23 final batch loss = 0.723686
  chunk 24 final batch loss = 0.789891
  chunk 25 final batch loss = 0.337643
  chunk 26 final batch loss = 0.804736
  chunk 27 final batch loss = 0.249176
  chunk 28 final batch loss = 0.258404
  chunk 29 final batch loss = 0.803888
  chunk 30 final batch loss = 0.329765
  chunk 31 final batch loss = 0.311098
  chunk 32 final batch loss = 0.723271
  chunk 33 final batch loss = 0.280488
  chunk 34 final batch loss = 0.379076
  chunk 35 final batch loss = 0.804876
  chunk 36 final batch loss = 0.708751
  chunk 37 final batch loss = 0.551630
  chunk 38 final batch loss = 0.271779
  chunk 39 final batch loss = 0.822318
  chunk 40 final batch loss = 0.287102
  chunk 41 final batch loss = 0.668575
  chunk 42 final batch loss = 0.294446
  chunk 43 final batch loss = 0.798765
  chunk 44 final batch loss = 0.391080
  chunk 45 final batch loss = 0.796429
  chunk 46 final batch loss = 0.286868
  chunk 47 final batch loss = 0.254524
  chunk 48 final batch loss = 0.305055
  chunk 49 final batch loss = 0.818171
  chunk 50 final batch loss = 0.705526
  chunk 51 final batch loss = 0.320467
  chunk 52 final batch loss = 0.251032
  chunk 53 final batch loss = 0.577286
  chunk 54 final batch loss = 0.373711
  chunk 55 final batch loss = 0.304542
  chunk 56 final batch loss = 0.746082
  chunk 57 final batch loss = 0.752449
  chunk 58 final batch loss = 0.678273
  chunk 59 final batch loss = 0.278387
  chunk 60 final batch loss = 0.675292
  chunk 61 final batch loss = 0.342121
  chunk 62 final batch loss = 0.297392
  chunk 63 final batch loss = 0.779787
  chunk 64 final batch loss = 0.792882
  chunk 65 final batch loss = 0.377967
  chunk 66 final batch loss = 0.659020
  chunk 67 final batch loss = 0.798188
  chunk 68 final batch loss = 0.461580
  chunk 69 final batch loss = 0.699352
  chunk 70 final batch loss = 0.270370
  chunk 71 final batch loss = 0.689513
  chunk 72 final batch loss = 0.742826
  chunk 73 final batch loss = 0.437730
  chunk 74 final batch loss = 0.539910
  chunk 75 final batch loss = 0.280440
  chunk 76 final batch loss = 0.245309
  chunk 77 final batch loss = 0.482477
  chunk 78 final batch loss = 0.786690
  chunk 79 final batch loss = 0.645867
Validation loss: 0.493512
Saved BEST checkpoint
Epoch 11
  chunk 0 final batch loss = 0.803924
  chunk 1 final batch loss = 0.799581
  chunk 2 final batch loss = 0.462111
  chunk 3 final batch loss = 0.347165
  chunk 4 final batch loss = 0.766412
  chunk 5 final batch loss = 0.584303
  chunk 6 final batch loss = 0.255440
  chunk 7 final batch loss = 0.448442
  chunk 8 final batch loss = 0.377338
  chunk 9 final batch loss = 0.656529
  chunk 10 final batch loss = 0.437660
  chunk 11 final batch loss = 0.826335
  chunk 12 final batch loss = 0.736813
  chunk 13 final batch loss = 0.731321
  chunk 14 final batch loss = 0.501266
  chunk 15 final batch loss = 0.343757
  chunk 16 final batch loss = 0.333630
  chunk 17 final batch loss = 0.437906
  chunk 18 final batch loss = 0.678811
  chunk 19 final batch loss = 0.304203
  chunk 20 final batch loss = 0.797981
  chunk 21 final batch loss = 0.675762
  chunk 22 final batch loss = 0.806655
  chunk 23 final batch loss = 0.739763
  chunk 24 final batch loss = 0.806873
  chunk 25 final batch loss = 0.338523
  chunk 26 final batch loss = 0.796903
  chunk 27 final batch loss = 0.228661
  chunk 28 final batch loss = 0.279525
  chunk 29 final batch loss = 0.795707
  chunk 30 final batch loss = 0.343611
  chunk 31 final batch loss = 0.301668
  chunk 32 final batch loss = 0.703953
  chunk 33 final batch loss = 0.285454
  chunk 34 final batch loss = 0.447633
  chunk 35 final batch loss = 0.808272
  chunk 36 final batch loss = 0.723121
  chunk 37 final batch loss = 0.560186
  chunk 38 final batch loss = 0.281984
  chunk 39 final batch loss = 0.823688
  chunk 40 final batch loss = 0.296303
  chunk 41 final batch loss = 0.649846
  chunk 42 final batch loss = 0.310670
  chunk 43 final batch loss = 0.806555
  chunk 44 final batch loss = 0.397727
  chunk 45 final batch loss = 0.773775
  chunk 46 final batch loss = 0.272926
  chunk 47 final batch loss = 0.276807
  chunk 48 final batch loss = 0.312408
  chunk 49 final batch loss = 0.801004
  chunk 50 final batch loss = 0.715837
  chunk 51 final batch loss = 0.344165
  chunk 52 final batch loss = 0.282276
  chunk 53 final batch loss = 0.543666
  chunk 54 final batch loss = 0.345394
  chunk 55 final batch loss = 0.294778
  chunk 56 final batch loss = 0.744137
  chunk 57 final batch loss = 0.775022
  chunk 58 final batch loss = 0.735525
  chunk 59 final batch loss = 0.316312
  chunk 60 final batch loss = 0.710158
  chunk 61 final batch loss = 0.362885
  chunk 62 final batch loss = 0.349280
  chunk 63 final batch loss = 0.786195
  chunk 64 final batch loss = 0.790610
  chunk 65 final batch loss = 0.411541
  chunk 66 final batch loss = 0.693547
  chunk 67 final batch loss = 0.802671
  chunk 68 final batch loss = 0.450209
  chunk 69 final batch loss = 0.657170
  chunk 70 final batch loss = 0.275157
  chunk 71 final batch loss = 0.738514
  chunk 72 final batch loss = 0.750631
  chunk 73 final batch loss = 0.457774
  chunk 74 final batch loss = 0.571805
  chunk 75 final batch loss = 0.280313
  chunk 76 final batch loss = 0.265093
  chunk 77 final batch loss = 0.451766
  chunk 78 final batch loss = 0.782321
  chunk 79 final batch loss = 0.641349
Validation loss: 0.487395
Saved BEST checkpoint
Epoch 12
  chunk 0 final batch loss = 0.805837
  chunk 1 final batch loss = 0.798226
  chunk 2 final batch loss = 0.486212
  chunk 3 final batch loss = 0.328214
  chunk 4 final batch loss = 0.776260
  chunk 5 final batch loss = 0.529249
  chunk 6 final batch loss = 0.263877
  chunk 7 final batch loss = 0.471361
  chunk 8 final batch loss = 0.400269
  chunk 9 final batch loss = 0.663626
  chunk 10 final batch loss = 0.473640
  chunk 11 final batch loss = 0.821166
  chunk 12 final batch loss = 0.747209
  chunk 13 final batch loss = 0.734296
  chunk 14 final batch loss = 0.418860
  chunk 15 final batch loss = 0.321560
  chunk 16 final batch loss = 0.327959
  chunk 17 final batch loss = 0.451328
  chunk 18 final batch loss = 0.647653
  chunk 19 final batch loss = 0.303092
  chunk 20 final batch loss = 0.809823
  chunk 21 final batch loss = 0.691925
  chunk 22 final batch loss = 0.793459
  chunk 23 final batch loss = 0.718360
  chunk 24 final batch loss = 0.806643
  chunk 25 final batch loss = 0.325610
  chunk 26 final batch loss = 0.795618
  chunk 27 final batch loss = 0.245402
  chunk 28 final batch loss = 0.282578
  chunk 29 final batch loss = 0.807630
  chunk 30 final batch loss = 0.325814
  chunk 31 final batch loss = 0.284313
  chunk 32 final batch loss = 0.720252
  chunk 33 final batch loss = 0.283516
  chunk 34 final batch loss = 0.468708
  chunk 35 final batch loss = 0.802414
  chunk 36 final batch loss = 0.704747
  chunk 37 final batch loss = 0.491816
  chunk 38 final batch loss = 0.272672
  chunk 39 final batch loss = 0.818829
  chunk 40 final batch loss = 0.296273
  chunk 41 final batch loss = 0.667834
  chunk 42 final batch loss = 0.284173
  chunk 43 final batch loss = 0.806272
  chunk 44 final batch loss = 0.377670
  chunk 45 final batch loss = 0.751920
  chunk 46 final batch loss = 0.283447
  chunk 47 final batch loss = 0.265386
  chunk 48 final batch loss = 0.326487
  chunk 49 final batch loss = 0.818355
  chunk 50 final batch loss = 0.687865
  chunk 51 final batch loss = 0.322788
  chunk 52 final batch loss = 0.255422
  chunk 53 final batch loss = 0.525170
  chunk 54 final batch loss = 0.376777
  chunk 55 final batch loss = 0.292961
  chunk 56 final batch loss = 0.724867
  chunk 57 final batch loss = 0.779532
  chunk 58 final batch loss = 0.666736
  chunk 59 final batch loss = 0.301251
  chunk 60 final batch loss = 0.673331
  chunk 61 final batch loss = 0.342485
  chunk 62 final batch loss = 0.336822
  chunk 63 final batch loss = 0.792293
  chunk 64 final batch loss = 0.796679
  chunk 65 final batch loss = 0.374734
  chunk 66 final batch loss = 0.665774
  chunk 67 final batch loss = 0.800888
  chunk 68 final batch loss = 0.474235
  chunk 69 final batch loss = 0.671500
  chunk 70 final batch loss = 0.276391
  chunk 71 final batch loss = 0.688541
  chunk 72 final batch loss = 0.728999
  chunk 73 final batch loss = 0.466929
  chunk 74 final batch loss = 0.527285
  chunk 75 final batch loss = 0.281310
  chunk 76 final batch loss = 0.244439
  chunk 77 final batch loss = 0.414939
  chunk 78 final batch loss = 0.806391
  chunk 79 final batch loss = 0.650398
Validation loss: 0.485259
Saved BEST checkpoint
Epoch 13
  chunk 0 final batch loss = 0.798802
  chunk 1 final batch loss = 0.802506
  chunk 2 final batch loss = 0.482473
  chunk 3 final batch loss = 0.332484
  chunk 4 final batch loss = 0.765662
  chunk 5 final batch loss = 0.547859
  chunk 6 final batch loss = 0.242581
  chunk 7 final batch loss = 0.421358
  chunk 8 final batch loss = 0.392866
  chunk 9 final batch loss = 0.634185
  chunk 10 final batch loss = 0.460851
  chunk 11 final batch loss = 0.825049
  chunk 12 final batch loss = 0.745151
  chunk 13 final batch loss = 0.719025
  chunk 14 final batch loss = 0.451852
  chunk 15 final batch loss = 0.334182
  chunk 16 final batch loss = 0.342543
  chunk 17 final batch loss = 0.450427
  chunk 18 final batch loss = 0.653790
  chunk 19 final batch loss = 0.307337
  chunk 20 final batch loss = 0.809448
  chunk 21 final batch loss = 0.634810
  chunk 22 final batch loss = 0.769525
  chunk 23 final batch loss = 0.696283
  chunk 24 final batch loss = 0.789637
  chunk 25 final batch loss = 0.324016
  chunk 26 final batch loss = 0.801926
  chunk 27 final batch loss = 0.256663
  chunk 28 final batch loss = 0.283048
  chunk 29 final batch loss = 0.778350
  chunk 30 final batch loss = 0.297116
  chunk 31 final batch loss = 0.323262
  chunk 32 final batch loss = 0.756344
  chunk 33 final batch loss = 0.279324
  chunk 34 final batch loss = 0.489286
  chunk 35 final batch loss = 0.800167
  chunk 36 final batch loss = 0.725496
  chunk 37 final batch loss = 0.518244
  chunk 38 final batch loss = 0.279816
  chunk 39 final batch loss = 0.824472
  chunk 40 final batch loss = 0.265306
  chunk 41 final batch loss = 0.710303
  chunk 42 final batch loss = 0.270442
  chunk 43 final batch loss = 0.790377
  chunk 44 final batch loss = 0.364382
  chunk 45 final batch loss = 0.796020
  chunk 46 final batch loss = 0.267396
  chunk 47 final batch loss = 0.267124
  chunk 48 final batch loss = 0.289293
  chunk 49 final batch loss = 0.812464
  chunk 50 final batch loss = 0.636269
  chunk 51 final batch loss = 0.318238
  chunk 52 final batch loss = 0.260300
  chunk 53 final batch loss = 0.537744
  chunk 54 final batch loss = 0.361108
  chunk 55 final batch loss = 0.311815
  chunk 56 final batch loss = 0.740801
  chunk 57 final batch loss = 0.766956
  chunk 58 final batch loss = 0.668504
  chunk 59 final batch loss = 0.274971
  chunk 60 final batch loss = 0.671815
  chunk 61 final batch loss = 0.365135
  chunk 62 final batch loss = 0.336674
  chunk 63 final batch loss = 0.762008
  chunk 64 final batch loss = 0.780063
  chunk 65 final batch loss = 0.386512
  chunk 66 final batch loss = 0.640059
  chunk 67 final batch loss = 0.786312
  chunk 68 final batch loss = 0.482562
  chunk 69 final batch loss = 0.650076
  chunk 70 final batch loss = 0.275753
  chunk 71 final batch loss = 0.703063
  chunk 72 final batch loss = 0.747737
  chunk 73 final batch loss = 0.406948
  chunk 74 final batch loss = 0.549369
  chunk 75 final batch loss = 0.286363
  chunk 76 final batch loss = 0.218513
  chunk 77 final batch loss = 0.429585
  chunk 78 final batch loss = 0.761706
  chunk 79 final batch loss = 0.626719
Validation loss: 0.481677
Saved BEST checkpoint
Epoch 14
  chunk 0 final batch loss = 0.809007
  chunk 1 final batch loss = 0.790588
  chunk 2 final batch loss = 0.483787
  chunk 3 final batch loss = 0.349896
  chunk 4 final batch loss = 0.748604
  chunk 5 final batch loss = 0.589093
  chunk 6 final batch loss = 0.252065
  chunk 7 final batch loss = 0.442475
  chunk 8 final batch loss = 0.362987
  chunk 9 final batch loss = 0.639821
  chunk 10 final batch loss = 0.469845
  chunk 11 final batch loss = 0.835625
  chunk 12 final batch loss = 0.726724
  chunk 13 final batch loss = 0.710785
  chunk 14 final batch loss = 0.443563
  chunk 15 final batch loss = 0.328199
  chunk 16 final batch loss = 0.330747
  chunk 17 final batch loss = 0.472040
  chunk 18 final batch loss = 0.674627
  chunk 19 final batch loss = 0.280035
  chunk 20 final batch loss = 0.788190
  chunk 21 final batch loss = 0.650172
  chunk 22 final batch loss = 0.800267
  chunk 23 final batch loss = 0.700895
  chunk 24 final batch loss = 0.797210
  chunk 25 final batch loss = 0.340078
  chunk 26 final batch loss = 0.781574
  chunk 27 final batch loss = 0.259358
  chunk 28 final batch loss = 0.236392
  chunk 29 final batch loss = 0.776772
  chunk 30 final batch loss = 0.350278
  chunk 31 final batch loss = 0.329939
  chunk 32 final batch loss = 0.714078
  chunk 33 final batch loss = 0.271643
  chunk 34 final batch loss = 0.466299
  chunk 35 final batch loss = 0.797545
  chunk 36 final batch loss = 0.711561
  chunk 37 final batch loss = 0.550705
  chunk 38 final batch loss = 0.262849
  chunk 39 final batch loss = 0.830481
  chunk 40 final batch loss = 0.280136
  chunk 41 final batch loss = 0.652414
  chunk 42 final batch loss = 0.267535
  chunk 43 final batch loss = 0.801214
  chunk 44 final batch loss = 0.355531
  chunk 45 final batch loss = 0.751045
  chunk 46 final batch loss = 0.276815
  chunk 47 final batch loss = 0.287567
  chunk 48 final batch loss = 0.329241
  chunk 49 final batch loss = 0.810607
  chunk 50 final batch loss = 0.722462
  chunk 51 final batch loss = 0.333875
  chunk 52 final batch loss = 0.262212
  chunk 53 final batch loss = 0.532628
  chunk 54 final batch loss = 0.359844
  chunk 55 final batch loss = 0.276192
  chunk 56 final batch loss = 0.733592
  chunk 57 final batch loss = 0.748303
  chunk 58 final batch loss = 0.705283
  chunk 59 final batch loss = 0.281743
  chunk 60 final batch loss = 0.687529
  chunk 61 final batch loss = 0.339460
  chunk 62 final batch loss = 0.317273
  chunk 63 final batch loss = 0.782023
  chunk 64 final batch loss = 0.794126
  chunk 65 final batch loss = 0.382569
  chunk 66 final batch loss = 0.655587
  chunk 67 final batch loss = 0.800536
  chunk 68 final batch loss = 0.464028
  chunk 69 final batch loss = 0.658585
  chunk 70 final batch loss = 0.287087
  chunk 71 final batch loss = 0.672123
  chunk 72 final batch loss = 0.719281
  chunk 73 final batch loss = 0.439298
  chunk 74 final batch loss = 0.515071
  chunk 75 final batch loss = 0.272110
  chunk 76 final batch loss = 0.252023
  chunk 77 final batch loss = 0.420066
  chunk 78 final batch loss = 0.786621
  chunk 79 final batch loss = 0.582245
Validation loss: 0.479108
Saved BEST checkpoint
Epoch 15
  chunk 0 final batch loss = 0.801924
  chunk 1 final batch loss = 0.794069
  chunk 2 final batch loss = 0.479438
  chunk 3 final batch loss = 0.333413
  chunk 4 final batch loss = 0.772525
  chunk 5 final batch loss = 0.526813
  chunk 6 final batch loss = 0.248200
  chunk 7 final batch loss = 0.467992
  chunk 8 final batch loss = 0.367731
  chunk 9 final batch loss = 0.678561
  chunk 10 final batch loss = 0.454222
  chunk 11 final batch loss = 0.827287
  chunk 12 final batch loss = 0.728093
  chunk 13 final batch loss = 0.686973
  chunk 14 final batch loss = 0.421309
  chunk 15 final batch loss = 0.314689
  chunk 16 final batch loss = 0.309321
  chunk 17 final batch loss = 0.440029
  chunk 18 final batch loss = 0.645073
  chunk 19 final batch loss = 0.282303
  chunk 20 final batch loss = 0.805808
  chunk 21 final batch loss = 0.653830
  chunk 22 final batch loss = 0.786654
  chunk 23 final batch loss = 0.702554
  chunk 24 final batch loss = 0.810244
  chunk 25 final batch loss = 0.341179
  chunk 26 final batch loss = 0.810195
  chunk 27 final batch loss = 0.228761
  chunk 28 final batch loss = 0.264061
  chunk 29 final batch loss = 0.806188
  chunk 30 final batch loss = 0.325713
  chunk 31 final batch loss = 0.330541
  chunk 32 final batch loss = 0.737854
  chunk 33 final batch loss = 0.260199
  chunk 34 final batch loss = 0.417307
  chunk 35 final batch loss = 0.805367
  chunk 36 final batch loss = 0.687552
  chunk 37 final batch loss = 0.539558
  chunk 38 final batch loss = 0.262527
  chunk 39 final batch loss = 0.822673
  chunk 40 final batch loss = 0.285834
  chunk 41 final batch loss = 0.639135
  chunk 42 final batch loss = 0.248346
  chunk 43 final batch loss = 0.803503
  chunk 44 final batch loss = 0.355806
  chunk 45 final batch loss = 0.761341
  chunk 46 final batch loss = 0.270466
  chunk 47 final batch loss = 0.279582
  chunk 48 final batch loss = 0.320919
  chunk 49 final batch loss = 0.800209
  chunk 50 final batch loss = 0.675472
  chunk 51 final batch loss = 0.308068
  chunk 52 final batch loss = 0.241677
  chunk 53 final batch loss = 0.547525
  chunk 54 final batch loss = 0.343976
  chunk 55 final batch loss = 0.281037
  chunk 56 final batch loss = 0.744057
  chunk 57 final batch loss = 0.737690
  chunk 58 final batch loss = 0.655466
  chunk 59 final batch loss = 0.282358
  chunk 60 final batch loss = 0.713289
  chunk 61 final batch loss = 0.349163
  chunk 62 final batch loss = 0.301545
  chunk 63 final batch loss = 0.760064
  chunk 64 final batch loss = 0.802763
  chunk 65 final batch loss = 0.388358
  chunk 66 final batch loss = 0.627068
  chunk 67 final batch loss = 0.792665
  chunk 68 final batch loss = 0.492574
  chunk 69 final batch loss = 0.636542
  chunk 70 final batch loss = 0.275095
  chunk 71 final batch loss = 0.688012
  chunk 72 final batch loss = 0.702234
  chunk 73 final batch loss = 0.430376
  chunk 74 final batch loss = 0.557356
  chunk 75 final batch loss = 0.286169
  chunk 76 final batch loss = 0.249181
  chunk 77 final batch loss = 0.442392
  chunk 78 final batch loss = 0.801121
  chunk 79 final batch loss = 0.617416
Validation loss: 0.477410
Saved BEST checkpoint
Epoch 16
  chunk 0 final batch loss = 0.792482
  chunk 1 final batch loss = 0.784395
  chunk 2 final batch loss = 0.469933
  chunk 3 final batch loss = 0.293295
  chunk 4 final batch loss = 0.783588
  chunk 5 final batch loss = 0.528129
  chunk 6 final batch loss = 0.248654
  chunk 7 final batch loss = 0.473219
  chunk 8 final batch loss = 0.353572
  chunk 9 final batch loss = 0.642851
  chunk 10 final batch loss = 0.458631
  chunk 11 final batch loss = 0.823916
  chunk 12 final batch loss = 0.746717
  chunk 13 final batch loss = 0.739108
  chunk 14 final batch loss = 0.441598
  chunk 15 final batch loss = 0.321996
  chunk 16 final batch loss = 0.310821
  chunk 17 final batch loss = 0.444737
  chunk 18 final batch loss = 0.609018
  chunk 19 final batch loss = 0.270243
  chunk 20 final batch loss = 0.802758
  chunk 21 final batch loss = 0.681491
  chunk 22 final batch loss = 0.772212
  chunk 23 final batch loss = 0.675346
  chunk 24 final batch loss = 0.807093
  chunk 25 final batch loss = 0.322015
  chunk 26 final batch loss = 0.803817
  chunk 27 final batch loss = 0.228918
  chunk 28 final batch loss = 0.276749
  chunk 29 final batch loss = 0.820679
  chunk 30 final batch loss = 0.342743
  chunk 31 final batch loss = 0.294252
  chunk 32 final batch loss = 0.700726
  chunk 33 final batch loss = 0.268903
  chunk 34 final batch loss = 0.403207
  chunk 35 final batch loss = 0.797573
  chunk 36 final batch loss = 0.672120
  chunk 37 final batch loss = 0.496977
  chunk 38 final batch loss = 0.258766
  chunk 39 final batch loss = 0.818177
  chunk 40 final batch loss = 0.274824
  chunk 41 final batch loss = 0.669777
  chunk 42 final batch loss = 0.269598
  chunk 43 final batch loss = 0.790763
  chunk 44 final batch loss = 0.348047
  chunk 45 final batch loss = 0.763050
  chunk 46 final batch loss = 0.268364
  chunk 47 final batch loss = 0.288522
  chunk 48 final batch loss = 0.303224
  chunk 49 final batch loss = 0.806346
  chunk 50 final batch loss = 0.671903
  chunk 51 final batch loss = 0.327651
  chunk 52 final batch loss = 0.239141
  chunk 53 final batch loss = 0.510764
  chunk 54 final batch loss = 0.372058
  chunk 55 final batch loss = 0.285080
  chunk 56 final batch loss = 0.732877
  chunk 57 final batch loss = 0.763600
  chunk 58 final batch loss = 0.673768
  chunk 59 final batch loss = 0.295474
  chunk 60 final batch loss = 0.688005
  chunk 61 final batch loss = 0.310576
  chunk 62 final batch loss = 0.294130
  chunk 63 final batch loss = 0.762202
  chunk 64 final batch loss = 0.783985
  chunk 65 final batch loss = 0.366542
  chunk 66 final batch loss = 0.694223
  chunk 67 final batch loss = 0.790337
  chunk 68 final batch loss = 0.409096
  chunk 69 final batch loss = 0.677250
  chunk 70 final batch loss = 0.263630
  chunk 71 final batch loss = 0.650468
  chunk 72 final batch loss = 0.732394
  chunk 73 final batch loss = 0.409409
  chunk 74 final batch loss = 0.561033
  chunk 75 final batch loss = 0.260532
  chunk 76 final batch loss = 0.258730
  chunk 77 final batch loss = 0.420461
  chunk 78 final batch loss = 0.786119
  chunk 79 final batch loss = 0.617604
Validation loss: 0.476176
Saved BEST checkpoint
Epoch 17
  chunk 0 final batch loss = 0.806636
  chunk 1 final batch loss = 0.794265
  chunk 2 final batch loss = 0.405701
  chunk 3 final batch loss = 0.354182
  chunk 4 final batch loss = 0.766152
  chunk 5 final batch loss = 0.547170
  chunk 6 final batch loss = 0.249409
  chunk 7 final batch loss = 0.450972
  chunk 8 final batch loss = 0.380462
  chunk 9 final batch loss = 0.634674
  chunk 10 final batch loss = 0.456288
  chunk 11 final batch loss = 0.831789
  chunk 12 final batch loss = 0.735977
  chunk 13 final batch loss = 0.729003
  chunk 14 final batch loss = 0.441286
  chunk 15 final batch loss = 0.327949
  chunk 16 final batch loss = 0.312136
  chunk 17 final batch loss = 0.474485
  chunk 18 final batch loss = 0.654162
  chunk 19 final batch loss = 0.264376
  chunk 20 final batch loss = 0.840914
  chunk 21 final batch loss = 0.657257
  chunk 22 final batch loss = 0.787733
  chunk 23 final batch loss = 0.709729
  chunk 24 final batch loss = 0.788276
  chunk 25 final batch loss = 0.348291
  chunk 26 final batch loss = 0.803698
  chunk 27 final batch loss = 0.234926
  chunk 28 final batch loss = 0.265244
  chunk 29 final batch loss = 0.787771
  chunk 30 final batch loss = 0.344540
  chunk 31 final batch loss = 0.317152
  chunk 32 final batch loss = 0.729308
  chunk 33 final batch loss = 0.258090
  chunk 34 final batch loss = 0.410413
  chunk 35 final batch loss = 0.787238
  chunk 36 final batch loss = 0.673776
  chunk 37 final batch loss = 0.552836
  chunk 38 final batch loss = 0.276560
  chunk 39 final batch loss = 0.821141
  chunk 40 final batch loss = 0.286463
  chunk 41 final batch loss = 0.674442
  chunk 42 final batch loss = 0.269421
  chunk 43 final batch loss = 0.789555
  chunk 44 final batch loss = 0.365831
  chunk 45 final batch loss = 0.757809
  chunk 46 final batch loss = 0.288456
  chunk 47 final batch loss = 0.262077
  chunk 48 final batch loss = 0.305082
  chunk 49 final batch loss = 0.801283
  chunk 50 final batch loss = 0.720023
  chunk 51 final batch loss = 0.300452
  chunk 52 final batch loss = 0.254856
  chunk 53 final batch loss = 0.535277
  chunk 54 final batch loss = 0.387618
  chunk 55 final batch loss = 0.289686
  chunk 56 final batch loss = 0.736570
  chunk 57 final batch loss = 0.751891
  chunk 58 final batch loss = 0.644717
  chunk 59 final batch loss = 0.256752
  chunk 60 final batch loss = 0.677412
  chunk 61 final batch loss = 0.325190
  chunk 62 final batch loss = 0.313515
  chunk 63 final batch loss = 0.774204
  chunk 64 final batch loss = 0.790590
  chunk 65 final batch loss = 0.370708
  chunk 66 final batch loss = 0.667662
  chunk 67 final batch loss = 0.801719
  chunk 68 final batch loss = 0.409523
  chunk 69 final batch loss = 0.668330
  chunk 70 final batch loss = 0.265553
  chunk 71 final batch loss = 0.681990
  chunk 72 final batch loss = 0.733117
  chunk 73 final batch loss = 0.401643
  chunk 74 final batch loss = 0.549525
  chunk 75 final batch loss = 0.279052
  chunk 76 final batch loss = 0.229902
  chunk 77 final batch loss = 0.441517
  chunk 78 final batch loss = 0.803937
  chunk 79 final batch loss = 0.580084
Validation loss: 0.477020
No improvement for 1 epochs
Epoch 18
  chunk 0 final batch loss = 0.788703
  chunk 1 final batch loss = 0.798875
  chunk 2 final batch loss = 0.458776
  chunk 3 final batch loss = 0.309638
  chunk 4 final batch loss = 0.762681
  chunk 5 final batch loss = 0.517633
  chunk 6 final batch loss = 0.250528
  chunk 7 final batch loss = 0.458530
  chunk 8 final batch loss = 0.368581
  chunk 9 final batch loss = 0.638810
  chunk 10 final batch loss = 0.474215
  chunk 11 final batch loss = 0.821628
  chunk 12 final batch loss = 0.745596
  chunk 13 final batch loss = 0.697735
  chunk 14 final batch loss = 0.446685
  chunk 15 final batch loss = 0.309608
  chunk 16 final batch loss = 0.293048
  chunk 17 final batch loss = 0.458670
  chunk 18 final batch loss = 0.596681
  chunk 19 final batch loss = 0.286972
  chunk 20 final batch loss = 0.801643
  chunk 21 final batch loss = 0.646949
  chunk 22 final batch loss = 0.788109
  chunk 23 final batch loss = 0.671139
  chunk 24 final batch loss = 0.791241
  chunk 25 final batch loss = 0.334917
  chunk 26 final batch loss = 0.784589
  chunk 27 final batch loss = 0.238246
  chunk 28 final batch loss = 0.260970
  chunk 29 final batch loss = 0.816534
  chunk 30 final batch loss = 0.319521
  chunk 31 final batch loss = 0.313523
  chunk 32 final batch loss = 0.729390
  chunk 33 final batch loss = 0.281573
  chunk 34 final batch loss = 0.462001
  chunk 35 final batch loss = 0.802584
  chunk 36 final batch loss = 0.726577
  chunk 37 final batch loss = 0.502145
  chunk 38 final batch loss = 0.291341
  chunk 39 final batch loss = 0.817950
  chunk 40 final batch loss = 0.269011
  chunk 41 final batch loss = 0.680728
  chunk 42 final batch loss = 0.271583
  chunk 43 final batch loss = 0.793259
  chunk 44 final batch loss = 0.366412
  chunk 45 final batch loss = 0.766775
  chunk 46 final batch loss = 0.269919
  chunk 47 final batch loss = 0.265959
  chunk 48 final batch loss = 0.323175
  chunk 49 final batch loss = 0.796944
  chunk 50 final batch loss = 0.711096
  chunk 51 final batch loss = 0.314473
  chunk 52 final batch loss = 0.246973
  chunk 53 final batch loss = 0.487086
  chunk 54 final batch loss = 0.364689
  chunk 55 final batch loss = 0.254299
  chunk 56 final batch loss = 0.724988
  chunk 57 final batch loss = 0.707754
  chunk 58 final batch loss = 0.626432
  chunk 59 final batch loss = 0.277540
  chunk 60 final batch loss = 0.623503
  chunk 61 final batch loss = 0.330881
  chunk 62 final batch loss = 0.303603
  chunk 63 final batch loss = 0.780142
  chunk 64 final batch loss = 0.803670
  chunk 65 final batch loss = 0.353207
  chunk 66 final batch loss = 0.664295
  chunk 67 final batch loss = 0.785918
  chunk 68 final batch loss = 0.482993
  chunk 69 final batch loss = 0.641091
  chunk 70 final batch loss = 0.287922
  chunk 71 final batch loss = 0.650206
  chunk 72 final batch loss = 0.732340
  chunk 73 final batch loss = 0.422176
  chunk 74 final batch loss = 0.551755
  chunk 75 final batch loss = 0.265311
  chunk 76 final batch loss = 0.259103
  chunk 77 final batch loss = 0.434546
  chunk 78 final batch loss = 0.786021
  chunk 79 final batch loss = 0.629673
Validation loss: 0.472974
Saved BEST checkpoint
Epoch 19
  chunk 0 final batch loss = 0.792738
  chunk 1 final batch loss = 0.793369
  chunk 2 final batch loss = 0.397555
  chunk 3 final batch loss = 0.325181
  chunk 4 final batch loss = 0.772608
  chunk 5 final batch loss = 0.514833
  chunk 6 final batch loss = 0.244743
  chunk 7 final batch loss = 0.432404
  chunk 8 final batch loss = 0.371670
  chunk 9 final batch loss = 0.634708
  chunk 10 final batch loss = 0.421623
  chunk 11 final batch loss = 0.827957
  chunk 12 final batch loss = 0.741239
  chunk 13 final batch loss = 0.746213
  chunk 14 final batch loss = 0.424425
  chunk 15 final batch loss = 0.304629
  chunk 16 final batch loss = 0.329063
  chunk 17 final batch loss = 0.411137
  chunk 18 final batch loss = 0.619606
  chunk 19 final batch loss = 0.285092
  chunk 20 final batch loss = 0.810917
  chunk 21 final batch loss = 0.653752
  chunk 22 final batch loss = 0.782427
  chunk 23 final batch loss = 0.682895
  chunk 24 final batch loss = 0.793805
  chunk 25 final batch loss = 0.316182
  chunk 26 final batch loss = 0.802470
  chunk 27 final batch loss = 0.242447
  chunk 28 final batch loss = 0.266064
  chunk 29 final batch loss = 0.808122
  chunk 30 final batch loss = 0.322999
  chunk 31 final batch loss = 0.304045
  chunk 32 final batch loss = 0.727353
  chunk 33 final batch loss = 0.252165
  chunk 34 final batch loss = 0.408755
  chunk 35 final batch loss = 0.803000
  chunk 36 final batch loss = 0.714897
  chunk 37 final batch loss = 0.557809
  chunk 38 final batch loss = 0.252411
  chunk 39 final batch loss = 0.826263
  chunk 40 final batch loss = 0.299137
  chunk 41 final batch loss = 0.674157
  chunk 42 final batch loss = 0.277620
  chunk 43 final batch loss = 0.802515
  chunk 44 final batch loss = 0.399771
  chunk 45 final batch loss = 0.761916
  chunk 46 final batch loss = 0.277706
  chunk 47 final batch loss = 0.255797
  chunk 48 final batch loss = 0.345595
  chunk 49 final batch loss = 0.803683
  chunk 50 final batch loss = 0.642350
  chunk 51 final batch loss = 0.307320
  chunk 52 final batch loss = 0.248831
  chunk 53 final batch loss = 0.509196
  chunk 54 final batch loss = 0.352136
  chunk 55 final batch loss = 0.266165
  chunk 56 final batch loss = 0.716671
  chunk 57 final batch loss = 0.779007
  chunk 58 final batch loss = 0.665356
  chunk 59 final batch loss = 0.261414
  chunk 60 final batch loss = 0.636237
  chunk 61 final batch loss = 0.316682
  chunk 62 final batch loss = 0.310789
  chunk 63 final batch loss = 0.755340
  chunk 64 final batch loss = 0.792917
  chunk 65 final batch loss = 0.355066
  chunk 66 final batch loss = 0.611510
  chunk 67 final batch loss = 0.803827
  chunk 68 final batch loss = 0.430360
  chunk 69 final batch loss = 0.639698
  chunk 70 final batch loss = 0.276209
  chunk 71 final batch loss = 0.677181
  chunk 72 final batch loss = 0.726602
  chunk 73 final batch loss = 0.458224
  chunk 74 final batch loss = 0.504095
  chunk 75 final batch loss = 0.247596
  chunk 76 final batch loss = 0.231731
  chunk 77 final batch loss = 0.464872
  chunk 78 final batch loss = 0.795276
  chunk 79 final batch loss = 0.580874
Validation loss: 0.474412
No improvement for 1 epochs
Epoch 20
  chunk 0 final batch loss = 0.772328
  chunk 1 final batch loss = 0.800577
  chunk 2 final batch loss = 0.435880
  chunk 3 final batch loss = 0.318172
  chunk 4 final batch loss = 0.740910
  chunk 5 final batch loss = 0.513019
  chunk 6 final batch loss = 0.253124
  chunk 7 final batch loss = 0.458526
  chunk 8 final batch loss = 0.350629
  chunk 9 final batch loss = 0.610682
  chunk 10 final batch loss = 0.439581
  chunk 11 final batch loss = 0.814367
  chunk 12 final batch loss = 0.707304
  chunk 13 final batch loss = 0.706515
  chunk 14 final batch loss = 0.440006
  chunk 15 final batch loss = 0.345082
  chunk 16 final batch loss = 0.309190
  chunk 17 final batch loss = 0.426170
  chunk 18 final batch loss = 0.676088
  chunk 19 final batch loss = 0.275564
  chunk 20 final batch loss = 0.804786
  chunk 21 final batch loss = 0.662511
  chunk 22 final batch loss = 0.774449
  chunk 23 final batch loss = 0.679093
  chunk 24 final batch loss = 0.808770
  chunk 25 final batch loss = 0.315204
  chunk 26 final batch loss = 0.790552
  chunk 27 final batch loss = 0.249866
  chunk 28 final batch loss = 0.243525
  chunk 29 final batch loss = 0.803732
  chunk 30 final batch loss = 0.330149
  chunk 31 final batch loss = 0.305760
  chunk 32 final batch loss = 0.734875
  chunk 33 final batch loss = 0.276054
  chunk 34 final batch loss = 0.430047
  chunk 35 final batch loss = 0.795077
  chunk 36 final batch loss = 0.652823
  chunk 37 final batch loss = 0.549751
  chunk 38 final batch loss = 0.255438
  chunk 39 final batch loss = 0.803796
  chunk 40 final batch loss = 0.275751
  chunk 41 final batch loss = 0.696993
  chunk 42 final batch loss = 0.269727
  chunk 43 final batch loss = 0.797100
  chunk 44 final batch loss = 0.341190
  chunk 45 final batch loss = 0.748090
  chunk 46 final batch loss = 0.253935
  chunk 47 final batch loss = 0.274796
  chunk 48 final batch loss = 0.309816
  chunk 49 final batch loss = 0.818578
  chunk 50 final batch loss = 0.654937
  chunk 51 final batch loss = 0.293187
  chunk 52 final batch loss = 0.252257
  chunk 53 final batch loss = 0.531512
  chunk 54 final batch loss = 0.343010
  chunk 55 final batch loss = 0.256055
  chunk 56 final batch loss = 0.720242
  chunk 57 final batch loss = 0.771576
  chunk 58 final batch loss = 0.614874
  chunk 59 final batch loss = 0.297662
  chunk 60 final batch loss = 0.633250
  chunk 61 final batch loss = 0.322547
  chunk 62 final batch loss = 0.344525
  chunk 63 final batch loss = 0.768797
  chunk 64 final batch loss = 0.792292
  chunk 65 final batch loss = 0.378133
  chunk 66 final batch loss = 0.691957
  chunk 67 final batch loss = 0.780046
  chunk 68 final batch loss = 0.369896
  chunk 69 final batch loss = 0.624174
  chunk 70 final batch loss = 0.243767
  chunk 71 final batch loss = 0.693327
  chunk 72 final batch loss = 0.722030
  chunk 73 final batch loss = 0.431908
  chunk 74 final batch loss = 0.549189
  chunk 75 final batch loss = 0.277506
  chunk 76 final batch loss = 0.243592
  chunk 77 final batch loss = 0.454613
  chunk 78 final batch loss = 0.796273
  chunk 79 final batch loss = 0.624083
Validation loss: 0.472800
Saved BEST checkpoint
Epoch 21
  chunk 0 final batch loss = 0.793212
  chunk 1 final batch loss = 0.795893
  chunk 2 final batch loss = 0.440538
  chunk 3 final batch loss = 0.335015
  chunk 4 final batch loss = 0.769937
  chunk 5 final batch loss = 0.559265
  chunk 6 final batch loss = 0.245538
  chunk 7 final batch loss = 0.416897
  chunk 8 final batch loss = 0.351633
  chunk 9 final batch loss = 0.634708
  chunk 10 final batch loss = 0.442425
  chunk 11 final batch loss = 0.824227
  chunk 12 final batch loss = 0.716565
  chunk 13 final batch loss = 0.706426
  chunk 14 final batch loss = 0.389665
  chunk 15 final batch loss = 0.338740
  chunk 16 final batch loss = 0.320270
  chunk 17 final batch loss = 0.478523
  chunk 18 final batch loss = 0.625690
  chunk 19 final batch loss = 0.288567
  chunk 20 final batch loss = 0.813090
  chunk 21 final batch loss = 0.677060
  chunk 22 final batch loss = 0.805281
  chunk 23 final batch loss = 0.718058
  chunk 24 final batch loss = 0.795848
  chunk 25 final batch loss = 0.316541
  chunk 26 final batch loss = 0.791734
  chunk 27 final batch loss = 0.237952
  chunk 28 final batch loss = 0.285563
  chunk 29 final batch loss = 0.794321
  chunk 30 final batch loss = 0.319929
  chunk 31 final batch loss = 0.314344
  chunk 32 final batch loss = 0.736706
  chunk 33 final batch loss = 0.263335
  chunk 34 final batch loss = 0.413230
  chunk 35 final batch loss = 0.805814
  chunk 36 final batch loss = 0.672493
  chunk 37 final batch loss = 0.554785
  chunk 38 final batch loss = 0.279890
  chunk 39 final batch loss = 0.821207
  chunk 40 final batch loss = 0.265025
  chunk 41 final batch loss = 0.680291
  chunk 42 final batch loss = 0.284886
  chunk 43 final batch loss = 0.800025
  chunk 44 final batch loss = 0.368778
  chunk 45 final batch loss = 0.766287
  chunk 46 final batch loss = 0.269636
  chunk 47 final batch loss = 0.254659
  chunk 48 final batch loss = 0.319216
  chunk 49 final batch loss = 0.807583
  chunk 50 final batch loss = 0.617584
  chunk 51 final batch loss = 0.315010
  chunk 52 final batch loss = 0.246714
  chunk 53 final batch loss = 0.543643
  chunk 54 final batch loss = 0.378530
  chunk 55 final batch loss = 0.274542
  chunk 56 final batch loss = 0.725943
  chunk 57 final batch loss = 0.727651
  chunk 58 final batch loss = 0.629265
  chunk 59 final batch loss = 0.267412
  chunk 60 final batch loss = 0.638059
  chunk 61 final batch loss = 0.351598
  chunk 62 final batch loss = 0.310865
  chunk 63 final batch loss = 0.767399
  chunk 64 final batch loss = 0.796451
  chunk 65 final batch loss = 0.364490
  chunk 66 final batch loss = 0.645056
  chunk 67 final batch loss = 0.790134
  chunk 68 final batch loss = 0.453555
  chunk 69 final batch loss = 0.689574
  chunk 70 final batch loss = 0.258059
  chunk 71 final batch loss = 0.678831
  chunk 72 final batch loss = 0.732350
  chunk 73 final batch loss = 0.376299
  chunk 74 final batch loss = 0.544739
  chunk 75 final batch loss = 0.266762
  chunk 76 final batch loss = 0.240287
  chunk 77 final batch loss = 0.417314
  chunk 78 final batch loss = 0.786752
  chunk 79 final batch loss = 0.598002
Validation loss: 0.470548
Saved BEST checkpoint
Epoch 22
  chunk 0 final batch loss = 0.787161
  chunk 1 final batch loss = 0.796405
  chunk 2 final batch loss = 0.396208
  chunk 3 final batch loss = 0.311802
  chunk 4 final batch loss = 0.774558
  chunk 5 final batch loss = 0.570224
  chunk 6 final batch loss = 0.235142
  chunk 7 final batch loss = 0.422270
  chunk 8 final batch loss = 0.384222
  chunk 9 final batch loss = 0.617144
  chunk 10 final batch loss = 0.452842
  chunk 11 final batch loss = 0.814792
  chunk 12 final batch loss = 0.713877
  chunk 13 final batch loss = 0.691234
  chunk 14 final batch loss = 0.430330
  chunk 15 final batch loss = 0.290529
  chunk 16 final batch loss = 0.295769
  chunk 17 final batch loss = 0.423338
  chunk 18 final batch loss = 0.594920
  chunk 19 final batch loss = 0.265548
  chunk 20 final batch loss = 0.797517
  chunk 21 final batch loss = 0.670501
  chunk 22 final batch loss = 0.783650
  chunk 23 final batch loss = 0.700682
  chunk 24 final batch loss = 0.779365
  chunk 25 final batch loss = 0.315860
  chunk 26 final batch loss = 0.791832
  chunk 27 final batch loss = 0.218145
  chunk 28 final batch loss = 0.253018
  chunk 29 final batch loss = 0.804932
  chunk 30 final batch loss = 0.350719
  chunk 31 final batch loss = 0.296039
  chunk 32 final batch loss = 0.703617
  chunk 33 final batch loss = 0.264452
  chunk 34 final batch loss = 0.381489
  chunk 35 final batch loss = 0.789368
  chunk 36 final batch loss = 0.661459
  chunk 37 final batch loss = 0.474686
  chunk 38 final batch loss = 0.275718
  chunk 39 final batch loss = 0.830113
  chunk 40 final batch loss = 0.295051
  chunk 41 final batch loss = 0.678093
  chunk 42 final batch loss = 0.257287
  chunk 43 final batch loss = 0.799422
  chunk 44 final batch loss = 0.357995
  chunk 45 final batch loss = 0.740301
  chunk 46 final batch loss = 0.260859
  chunk 47 final batch loss = 0.259596
  chunk 48 final batch loss = 0.316888
  chunk 49 final batch loss = 0.794321
  chunk 50 final batch loss = 0.662432
  chunk 51 final batch loss = 0.303430
  chunk 52 final batch loss = 0.243128
  chunk 53 final batch loss = 0.503799
  chunk 54 final batch loss = 0.362356
  chunk 55 final batch loss = 0.290547
  chunk 56 final batch loss = 0.735424
  chunk 57 final batch loss = 0.768211
  chunk 58 final batch loss = 0.681137
  chunk 59 final batch loss = 0.273331
  chunk 60 final batch loss = 0.671306
  chunk 61 final batch loss = 0.313689
  chunk 62 final batch loss = 0.307654
  chunk 63 final batch loss = 0.761195
  chunk 64 final batch loss = 0.793560
  chunk 65 final batch loss = 0.348527
  chunk 66 final batch loss = 0.610607
  chunk 67 final batch loss = 0.795796
  chunk 68 final batch loss = 0.414612
  chunk 69 final batch loss = 0.654653
  chunk 70 final batch loss = 0.290050
  chunk 71 final batch loss = 0.640301
  chunk 72 final batch loss = 0.725203
  chunk 73 final batch loss = 0.391165
  chunk 74 final batch loss = 0.575008
  chunk 75 final batch loss = 0.265342
  chunk 76 final batch loss = 0.235633
  chunk 77 final batch loss = 0.454836
  chunk 78 final batch loss = 0.764297
  chunk 79 final batch loss = 0.578555
Validation loss: 0.470709
No improvement for 1 epochs
Epoch 23
  chunk 0 final batch loss = 0.781641
  chunk 1 final batch loss = 0.791706
  chunk 2 final batch loss = 0.414581
  chunk 3 final batch loss = 0.302678
  chunk 4 final batch loss = 0.712227
  chunk 5 final batch loss = 0.496066
  chunk 6 final batch loss = 0.249528
  chunk 7 final batch loss = 0.458274
  chunk 8 final batch loss = 0.377897
  chunk 9 final batch loss = 0.637412
  chunk 10 final batch loss = 0.477616
  chunk 11 final batch loss = 0.817052
  chunk 12 final batch loss = 0.740846
  chunk 13 final batch loss = 0.734192
  chunk 14 final batch loss = 0.438607
  chunk 15 final batch loss = 0.292994
  chunk 16 final batch loss = 0.302431
  chunk 17 final batch loss = 0.394472
  chunk 18 final batch loss = 0.595800
  chunk 19 final batch loss = 0.284400
  chunk 20 final batch loss = 0.778069
  chunk 21 final batch loss = 0.661559
  chunk 22 final batch loss = 0.800261
  chunk 23 final batch loss = 0.657274
  chunk 24 final batch loss = 0.780775
  chunk 25 final batch loss = 0.323389
  chunk 26 final batch loss = 0.795192
  chunk 27 final batch loss = 0.242126
  chunk 28 final batch loss = 0.254970
  chunk 29 final batch loss = 0.822320
  chunk 30 final batch loss = 0.303680
  chunk 31 final batch loss = 0.307588
  chunk 32 final batch loss = 0.707859
  chunk 33 final batch loss = 0.270663
  chunk 34 final batch loss = 0.425276
  chunk 35 final batch loss = 0.796059
  chunk 36 final batch loss = 0.664605
  chunk 37 final batch loss = 0.539231
  chunk 38 final batch loss = 0.258775
  chunk 39 final batch loss = 0.820236
  chunk 40 final batch loss = 0.277736
  chunk 41 final batch loss = 0.679522
  chunk 42 final batch loss = 0.267702
  chunk 43 final batch loss = 0.790161
  chunk 44 final batch loss = 0.355429
  chunk 45 final batch loss = 0.735614
  chunk 46 final batch loss = 0.256204
  chunk 47 final batch loss = 0.286710
  chunk 48 final batch loss = 0.318352
  chunk 49 final batch loss = 0.797859
  chunk 50 final batch loss = 0.666977
  chunk 51 final batch loss = 0.308524
  chunk 52 final batch loss = 0.246691
  chunk 53 final batch loss = 0.508548
  chunk 54 final batch loss = 0.354936
  chunk 55 final batch loss = 0.267345
  chunk 56 final batch loss = 0.740805
  chunk 57 final batch loss = 0.791375
  chunk 58 final batch loss = 0.660415
  chunk 59 final batch loss = 0.259506
  chunk 60 final batch loss = 0.621169
  chunk 61 final batch loss = 0.299153
  chunk 62 final batch loss = 0.298481
  chunk 63 final batch loss = 0.743630
  chunk 64 final batch loss = 0.787463
  chunk 65 final batch loss = 0.398896
  chunk 66 final batch loss = 0.607203
  chunk 67 final batch loss = 0.795073
  chunk 68 final batch loss = 0.449739
  chunk 69 final batch loss = 0.606056
  chunk 70 final batch loss = 0.235877
  chunk 71 final batch loss = 0.693485
  chunk 72 final batch loss = 0.716602
  chunk 73 final batch loss = 0.434346
  chunk 74 final batch loss = 0.557647
  chunk 75 final batch loss = 0.255713
  chunk 76 final batch loss = 0.239072
  chunk 77 final batch loss = 0.427058
  chunk 78 final batch loss = 0.797976
  chunk 79 final batch loss = 0.657717
Validation loss: 0.471075
No improvement for 2 epochs
Epoch 24
  chunk 0 final batch loss = 0.794594
  chunk 1 final batch loss = 0.797982
  chunk 2 final batch loss = 0.402192
  chunk 3 final batch loss = 0.331178
  chunk 4 final batch loss = 0.738626
  chunk 5 final batch loss = 0.534215
  chunk 6 final batch loss = 0.290724
  chunk 7 final batch loss = 0.400273
  chunk 8 final batch loss = 0.362433
  chunk 9 final batch loss = 0.600871
  chunk 10 final batch loss = 0.406348
  chunk 11 final batch loss = 0.808058
  chunk 12 final batch loss = 0.739932
  chunk 13 final batch loss = 0.709020
  chunk 14 final batch loss = 0.410696
  chunk 15 final batch loss = 0.301406
  chunk 16 final batch loss = 0.303535
  chunk 17 final batch loss = 0.420523
  chunk 18 final batch loss = 0.629640
  chunk 19 final batch loss = 0.238478
  chunk 20 final batch loss = 0.802364
  chunk 21 final batch loss = 0.695812
  chunk 22 final batch loss = 0.791266
  chunk 23 final batch loss = 0.702806
  chunk 24 final batch loss = 0.800334
  chunk 25 final batch loss = 0.314438
  chunk 26 final batch loss = 0.795175
  chunk 27 final batch loss = 0.255703
  chunk 28 final batch loss = 0.254940
  chunk 29 final batch loss = 0.814280
  chunk 30 final batch loss = 0.326126
  chunk 31 final batch loss = 0.289146
  chunk 32 final batch loss = 0.725520
  chunk 33 final batch loss = 0.262694
  chunk 34 final batch loss = 0.387337
  chunk 35 final batch loss = 0.802994
  chunk 36 final batch loss = 0.684237
  chunk 37 final batch loss = 0.571737
  chunk 38 final batch loss = 0.257451
  chunk 39 final batch loss = 0.824643
  chunk 40 final batch loss = 0.271019
  chunk 41 final batch loss = 0.643878
  chunk 42 final batch loss = 0.291962
  chunk 43 final batch loss = 0.794133
  chunk 44 final batch loss = 0.340480
  chunk 45 final batch loss = 0.753467
  chunk 46 final batch loss = 0.258903
  chunk 47 final batch loss = 0.256056
  chunk 48 final batch loss = 0.284790
  chunk 49 final batch loss = 0.783222
  chunk 50 final batch loss = 0.684067
  chunk 51 final batch loss = 0.295491
  chunk 52 final batch loss = 0.248403
  chunk 53 final batch loss = 0.503291
  chunk 54 final batch loss = 0.364582
  chunk 55 final batch loss = 0.268513
  chunk 56 final batch loss = 0.701584
  chunk 57 final batch loss = 0.714681
  chunk 58 final batch loss = 0.692427
  chunk 59 final batch loss = 0.274831
  chunk 60 final batch loss = 0.632427
  chunk 61 final batch loss = 0.310360
  chunk 62 final batch loss = 0.319605
  chunk 63 final batch loss = 0.776915
  chunk 64 final batch loss = 0.799539
  chunk 65 final batch loss = 0.368983
  chunk 66 final batch loss = 0.651705
  chunk 67 final batch loss = 0.789408
  chunk 68 final batch loss = 0.403592
  chunk 69 final batch loss = 0.576059
  chunk 70 final batch loss = 0.268553
  chunk 71 final batch loss = 0.663552
  chunk 72 final batch loss = 0.738201
  chunk 73 final batch loss = 0.403778
  chunk 74 final batch loss = 0.532482
  chunk 75 final batch loss = 0.261174
  chunk 76 final batch loss = 0.225978
  chunk 77 final batch loss = 0.393174
  chunk 78 final batch loss = 0.772953
  chunk 79 final batch loss = 0.550929
Validation loss: 0.468721
Saved BEST checkpoint
Epoch 25
  chunk 0 final batch loss = 0.793587
  chunk 1 final batch loss = 0.779013
  chunk 2 final batch loss = 0.399186
  chunk 3 final batch loss = 0.283325
  chunk 4 final batch loss = 0.722863
  chunk 5 final batch loss = 0.517153
  chunk 6 final batch loss = 0.260744
  chunk 7 final batch loss = 0.445339
  chunk 8 final batch loss = 0.377204
  chunk 9 final batch loss = 0.647910
  chunk 10 final batch loss = 0.449850
  chunk 11 final batch loss = 0.833486
  chunk 12 final batch loss = 0.708048
  chunk 13 final batch loss = 0.724181
  chunk 14 final batch loss = 0.459550
  chunk 15 final batch loss = 0.291124
  chunk 16 final batch loss = 0.283093
  chunk 17 final batch loss = 0.440491
  chunk 18 final batch loss = 0.631106
  chunk 19 final batch loss = 0.278608
  chunk 20 final batch loss = 0.797868
  chunk 21 final batch loss = 0.645002
  chunk 22 final batch loss = 0.787575
  chunk 23 final batch loss = 0.631660
  chunk 24 final batch loss = 0.784566
  chunk 25 final batch loss = 0.311175
  chunk 26 final batch loss = 0.786642
  chunk 27 final batch loss = 0.238052
  chunk 28 final batch loss = 0.265614
  chunk 29 final batch loss = 0.790280
  chunk 30 final batch loss = 0.312081
  chunk 31 final batch loss = 0.279090
  chunk 32 final batch loss = 0.750549
  chunk 33 final batch loss = 0.248942
  chunk 34 final batch loss = 0.388031
  chunk 35 final batch loss = 0.794732
  chunk 36 final batch loss = 0.624989
  chunk 37 final batch loss = 0.526964
  chunk 38 final batch loss = 0.261656
  chunk 39 final batch loss = 0.820846
  chunk 40 final batch loss = 0.277570
  chunk 41 final batch loss = 0.653956
  chunk 42 final batch loss = 0.274267
  chunk 43 final batch loss = 0.792231
  chunk 44 final batch loss = 0.345731
  chunk 45 final batch loss = 0.733398
  chunk 46 final batch loss = 0.262812
  chunk 47 final batch loss = 0.267548
  chunk 48 final batch loss = 0.312598
  chunk 49 final batch loss = 0.794135
  chunk 50 final batch loss = 0.607446
  chunk 51 final batch loss = 0.276997
  chunk 52 final batch loss = 0.249650
  chunk 53 final batch loss = 0.511634
  chunk 54 final batch loss = 0.346002
  chunk 55 final batch loss = 0.263694
  chunk 56 final batch loss = 0.726405
  chunk 57 final batch loss = 0.733894
  chunk 58 final batch loss = 0.673499
  chunk 59 final batch loss = 0.274772
  chunk 60 final batch loss = 0.621641
  chunk 61 final batch loss = 0.310821
  chunk 62 final batch loss = 0.299634
  chunk 63 final batch loss = 0.751646
  chunk 64 final batch loss = 0.778333
  chunk 65 final batch loss = 0.341049
  chunk 66 final batch loss = 0.642035
  chunk 67 final batch loss = 0.799008
  chunk 68 final batch loss = 0.394203
  chunk 69 final batch loss = 0.620023
  chunk 70 final batch loss = 0.264640
  chunk 71 final batch loss = 0.675495
  chunk 72 final batch loss = 0.701116
  chunk 73 final batch loss = 0.414987
  chunk 74 final batch loss = 0.542403
  chunk 75 final batch loss = 0.255965
  chunk 76 final batch loss = 0.248531
  chunk 77 final batch loss = 0.435776
  chunk 78 final batch loss = 0.770334
  chunk 79 final batch loss = 0.645925
Validation loss: 0.469805
No improvement for 1 epochs
Epoch 26
  chunk 0 final batch loss = 0.784526
  chunk 1 final batch loss = 0.792193
  chunk 2 final batch loss = 0.408580
  chunk 3 final batch loss = 0.296149
  chunk 4 final batch loss = 0.775162
  chunk 5 final batch loss = 0.528622
  chunk 6 final batch loss = 0.247224
  chunk 7 final batch loss = 0.448427
  chunk 8 final batch loss = 0.367360
  chunk 9 final batch loss = 0.588258
  chunk 10 final batch loss = 0.384810
  chunk 11 final batch loss = 0.827820
  chunk 12 final batch loss = 0.729436
  chunk 13 final batch loss = 0.693019
  chunk 14 final batch loss = 0.400100
  chunk 15 final batch loss = 0.311955
  chunk 16 final batch loss = 0.292300
  chunk 17 final batch loss = 0.417755
  chunk 18 final batch loss = 0.625790
  chunk 19 final batch loss = 0.291432
  chunk 20 final batch loss = 0.826361
  chunk 21 final batch loss = 0.671785
  chunk 22 final batch loss = 0.792539
  chunk 23 final batch loss = 0.640426
  chunk 24 final batch loss = 0.791095
  chunk 25 final batch loss = 0.299045
  chunk 26 final batch loss = 0.778649
  chunk 27 final batch loss = 0.261405
  chunk 28 final batch loss = 0.246385
  chunk 29 final batch loss = 0.798449
  chunk 30 final batch loss = 0.299049
  chunk 31 final batch loss = 0.296342
  chunk 32 final batch loss = 0.717696
  chunk 33 final batch loss = 0.241151
  chunk 34 final batch loss = 0.359568
  chunk 35 final batch loss = 0.796309
  chunk 36 final batch loss = 0.689282
  chunk 37 final batch loss = 0.504160
  chunk 38 final batch loss = 0.249436
  chunk 39 final batch loss = 0.828564
  chunk 40 final batch loss = 0.272666
  chunk 41 final batch loss = 0.669431
  chunk 42 final batch loss = 0.268758
  chunk 43 final batch loss = 0.791388
  chunk 44 final batch loss = 0.365901
  chunk 45 final batch loss = 0.760778
  chunk 46 final batch loss = 0.274194
  chunk 47 final batch loss = 0.244813
  chunk 48 final batch loss = 0.320609
  chunk 49 final batch loss = 0.797385
  chunk 50 final batch loss = 0.680196
  chunk 51 final batch loss = 0.304416
  chunk 52 final batch loss = 0.253514
  chunk 53 final batch loss = 0.483298
  chunk 54 final batch loss = 0.361250
  chunk 55 final batch loss = 0.296233
  chunk 56 final batch loss = 0.738813
  chunk 57 final batch loss = 0.744878
  chunk 58 final batch loss = 0.658888
  chunk 59 final batch loss = 0.261185
  chunk 60 final batch loss = 0.669442
  chunk 61 final batch loss = 0.314804
  chunk 62 final batch loss = 0.314187
  chunk 63 final batch loss = 0.776847
  chunk 64 final batch loss = 0.784422
  chunk 65 final batch loss = 0.358346
  chunk 66 final batch loss = 0.628731
  chunk 67 final batch loss = 0.789887
  chunk 68 final batch loss = 0.416849
  chunk 69 final batch loss = 0.580629
  chunk 70 final batch loss = 0.270212
  chunk 71 final batch loss = 0.629532
  chunk 72 final batch loss = 0.735378
  chunk 73 final batch loss = 0.368761
  chunk 74 final batch loss = 0.499454
  chunk 75 final batch loss = 0.265348
  chunk 76 final batch loss = 0.245435
  chunk 77 final batch loss = 0.427779
  chunk 78 final batch loss = 0.791177
  chunk 79 final batch loss = 0.656385
Validation loss: 0.468825
No improvement for 2 epochs
Epoch 27
  chunk 0 final batch loss = 0.798665
  chunk 1 final batch loss = 0.792824
  chunk 2 final batch loss = 0.412187
  chunk 3 final batch loss = 0.331080
  chunk 4 final batch loss = 0.758886
  chunk 5 final batch loss = 0.559601
  chunk 6 final batch loss = 0.252011
  chunk 7 final batch loss = 0.410219
  chunk 8 final batch loss = 0.358997
  chunk 9 final batch loss = 0.598926
  chunk 10 final batch loss = 0.473081
  chunk 11 final batch loss = 0.825415
  chunk 12 final batch loss = 0.685380
  chunk 13 final batch loss = 0.720075
  chunk 14 final batch loss = 0.377481
  chunk 15 final batch loss = 0.292469
  chunk 16 final batch loss = 0.295114
  chunk 17 final batch loss = 0.432961
  chunk 18 final batch loss = 0.625158
  chunk 19 final batch loss = 0.270710
  chunk 20 final batch loss = 0.807008
  chunk 21 final batch loss = 0.631931
  chunk 22 final batch loss = 0.793807
  chunk 23 final batch loss = 0.649413
  chunk 24 final batch loss = 0.772208
  chunk 25 final batch loss = 0.286855
  chunk 26 final batch loss = 0.792390
  chunk 27 final batch loss = 0.248292
  chunk 28 final batch loss = 0.271373
  chunk 29 final batch loss = 0.798736
  chunk 30 final batch loss = 0.319923
  chunk 31 final batch loss = 0.295934
  chunk 32 final batch loss = 0.712439
  chunk 33 final batch loss = 0.272935
  chunk 34 final batch loss = 0.442796
  chunk 35 final batch loss = 0.799076
  chunk 36 final batch loss = 0.641005
  chunk 37 final batch loss = 0.545893
  chunk 38 final batch loss = 0.257800
  chunk 39 final batch loss = 0.821497
  chunk 40 final batch loss = 0.264731
  chunk 41 final batch loss = 0.687130
  chunk 42 final batch loss = 0.260312
  chunk 43 final batch loss = 0.804843
  chunk 44 final batch loss = 0.355470
  chunk 45 final batch loss = 0.732342
  chunk 46 final batch loss = 0.268695
  chunk 47 final batch loss = 0.286735
  chunk 48 final batch loss = 0.314291
  chunk 49 final batch loss = 0.810945
  chunk 50 final batch loss = 0.668369
  chunk 51 final batch loss = 0.317700
  chunk 52 final batch loss = 0.241496
  chunk 53 final batch loss = 0.512651
  chunk 54 final batch loss = 0.346657
  chunk 55 final batch loss = 0.271200
  chunk 56 final batch loss = 0.697083
  chunk 57 final batch loss = 0.715061
  chunk 58 final batch loss = 0.644862
  chunk 59 final batch loss = 0.238750
  chunk 60 final batch loss = 0.641759
  chunk 61 final batch loss = 0.323404
  chunk 62 final batch loss = 0.306847
  chunk 63 final batch loss = 0.784120
  chunk 64 final batch loss = 0.791373
  chunk 65 final batch loss = 0.335971
  chunk 66 final batch loss = 0.628039
  chunk 67 final batch loss = 0.797200
  chunk 68 final batch loss = 0.424421
  chunk 69 final batch loss = 0.620179
  chunk 70 final batch loss = 0.241357
  chunk 71 final batch loss = 0.683232
  chunk 72 final batch loss = 0.735225
  chunk 73 final batch loss = 0.397015
  chunk 74 final batch loss = 0.523542
  chunk 75 final batch loss = 0.253529
  chunk 76 final batch loss = 0.252999
  chunk 77 final batch loss = 0.422737
  chunk 78 final batch loss = 0.762446
  chunk 79 final batch loss = 0.613531
Validation loss: 0.465478
Saved BEST checkpoint
Epoch 28
  chunk 0 final batch loss = 0.798250
  chunk 1 final batch loss = 0.808017
  chunk 2 final batch loss = 0.390219
  chunk 3 final batch loss = 0.305714
  chunk 4 final batch loss = 0.757148
  chunk 5 final batch loss = 0.508226
  chunk 6 final batch loss = 0.237708
  chunk 7 final batch loss = 0.376185
  chunk 8 final batch loss = 0.356603
  chunk 9 final batch loss = 0.591100
  chunk 10 final batch loss = 0.427009
  chunk 11 final batch loss = 0.824218
  chunk 12 final batch loss = 0.689874
  chunk 13 final batch loss = 0.725182
  chunk 14 final batch loss = 0.447530
  chunk 15 final batch loss = 0.302253
  chunk 16 final batch loss = 0.285457
  chunk 17 final batch loss = 0.426871
  chunk 18 final batch loss = 0.572107
  chunk 19 final batch loss = 0.231156
  chunk 20 final batch loss = 0.811302
  chunk 21 final batch loss = 0.670896
  chunk 22 final batch loss = 0.778143
  chunk 23 final batch loss = 0.645704
  chunk 24 final batch loss = 0.806725
  chunk 25 final batch loss = 0.289775
  chunk 26 final batch loss = 0.802572
  chunk 27 final batch loss = 0.227785
  chunk 28 final batch loss = 0.269263
  chunk 29 final batch loss = 0.809150
  chunk 30 final batch loss = 0.319407
  chunk 31 final batch loss = 0.291573
  chunk 32 final batch loss = 0.668142
  chunk 33 final batch loss = 0.236068
  chunk 34 final batch loss = 0.399367
  chunk 35 final batch loss = 0.781157
  chunk 36 final batch loss = 0.702040
  chunk 37 final batch loss = 0.492280
  chunk 38 final batch loss = 0.250330
  chunk 39 final batch loss = 0.816692
  chunk 40 final batch loss = 0.243286
  chunk 41 final batch loss = 0.653505
  chunk 42 final batch loss = 0.248343
  chunk 43 final batch loss = 0.809556
  chunk 44 final batch loss = 0.334981
  chunk 45 final batch loss = 0.765186
  chunk 46 final batch loss = 0.261524
  chunk 47 final batch loss = 0.264562
  chunk 48 final batch loss = 0.324725
  chunk 49 final batch loss = 0.777282
  chunk 50 final batch loss = 0.680764
  chunk 51 final batch loss = 0.311121
  chunk 52 final batch loss = 0.239667
  chunk 53 final batch loss = 0.549997
  chunk 54 final batch loss = 0.375805
  chunk 55 final batch loss = 0.270479
  chunk 56 final batch loss = 0.729551
  chunk 57 final batch loss = 0.752931
  chunk 58 final batch loss = 0.646287
  chunk 59 final batch loss = 0.287028
  chunk 60 final batch loss = 0.635995
  chunk 61 final batch loss = 0.287137
  chunk 62 final batch loss = 0.309709
  chunk 63 final batch loss = 0.772857
  chunk 64 final batch loss = 0.774387
  chunk 65 final batch loss = 0.353712
  chunk 66 final batch loss = 0.651029
  chunk 67 final batch loss = 0.794039
  chunk 68 final batch loss = 0.411668
  chunk 69 final batch loss = 0.641745
  chunk 70 final batch loss = 0.269248
  chunk 71 final batch loss = 0.647319
  chunk 72 final batch loss = 0.712128
  chunk 73 final batch loss = 0.408438
  chunk 74 final batch loss = 0.500071
  chunk 75 final batch loss = 0.257081
  chunk 76 final batch loss = 0.226257
  chunk 77 final batch loss = 0.411607
  chunk 78 final batch loss = 0.770509
  chunk 79 final batch loss = 0.606433
Validation loss: 0.465203
Saved BEST checkpoint
Epoch 29
  chunk 0 final batch loss = 0.808143
  chunk 1 final batch loss = 0.796722
  chunk 2 final batch loss = 0.428867
  chunk 3 final batch loss = 0.312146
  chunk 4 final batch loss = 0.732810
  chunk 5 final batch loss = 0.505002
  chunk 6 final batch loss = 0.229437
  chunk 7 final batch loss = 0.435319
  chunk 8 final batch loss = 0.367253
  chunk 9 final batch loss = 0.596862
  chunk 10 final batch loss = 0.418541
  chunk 11 final batch loss = 0.818163
  chunk 12 final batch loss = 0.755291
  chunk 13 final batch loss = 0.722002
  chunk 14 final batch loss = 0.447674
  chunk 15 final batch loss = 0.277395
  chunk 16 final batch loss = 0.296779
  chunk 17 final batch loss = 0.396812
  chunk 18 final batch loss = 0.605670
  chunk 19 final batch loss = 0.282993
  chunk 20 final batch loss = 0.794023
  chunk 21 final batch loss = 0.640149
  chunk 22 final batch loss = 0.778314
  chunk 23 final batch loss = 0.653468
  chunk 24 final batch loss = 0.785478
  chunk 25 final batch loss = 0.300104
  chunk 26 final batch loss = 0.787947
  chunk 27 final batch loss = 0.242647
  chunk 28 final batch loss = 0.254472
  chunk 29 final batch loss = 0.802177
  chunk 30 final batch loss = 0.282155
  chunk 31 final batch loss = 0.304668
  chunk 32 final batch loss = 0.683493
  chunk 33 final batch loss = 0.257817
  chunk 34 final batch loss = 0.413219
  chunk 35 final batch loss = 0.808350
  chunk 36 final batch loss = 0.630795
  chunk 37 final batch loss = 0.494190
  chunk 38 final batch loss = 0.258545
  chunk 39 final batch loss = 0.816120
  chunk 40 final batch loss = 0.284370
  chunk 41 final batch loss = 0.676391
  chunk 42 final batch loss = 0.266987
  chunk 43 final batch loss = 0.805719
  chunk 44 final batch loss = 0.364000
  chunk 45 final batch loss = 0.756295
  chunk 46 final batch loss = 0.277249
  chunk 47 final batch loss = 0.254171
  chunk 48 final batch loss = 0.327600
  chunk 49 final batch loss = 0.784825
  chunk 50 final batch loss = 0.607648
  chunk 51 final batch loss = 0.310341
  chunk 52 final batch loss = 0.244327
  chunk 53 final batch loss = 0.486754
  chunk 54 final batch loss = 0.339254
  chunk 55 final batch loss = 0.253637
  chunk 56 final batch loss = 0.712527
  chunk 57 final batch loss = 0.727237
  chunk 58 final batch loss = 0.672211
  chunk 59 final batch loss = 0.272627
  chunk 60 final batch loss = 0.631152
  chunk 61 final batch loss = 0.302691
  chunk 62 final batch loss = 0.301781
  chunk 63 final batch loss = 0.779307
  chunk 64 final batch loss = 0.773837
  chunk 65 final batch loss = 0.349576
  chunk 66 final batch loss = 0.612782
  chunk 67 final batch loss = 0.795659
  chunk 68 final batch loss = 0.432545
  chunk 69 final batch loss = 0.643021
  chunk 70 final batch loss = 0.251204
  chunk 71 final batch loss = 0.689155
  chunk 72 final batch loss = 0.738845
  chunk 73 final batch loss = 0.352180
  chunk 74 final batch loss = 0.519751
  chunk 75 final batch loss = 0.246163
  chunk 76 final batch loss = 0.251467
  chunk 77 final batch loss = 0.403541
  chunk 78 final batch loss = 0.763949
  chunk 79 final batch loss = 0.625475
Validation loss: 0.464352
Saved BEST checkpoint
Epoch 30
  chunk 0 final batch loss = 0.802330
  chunk 1 final batch loss = 0.793745
  chunk 2 final batch loss = 0.392805
  chunk 3 final batch loss = 0.301539
  chunk 4 final batch loss = 0.770577
  chunk 5 final batch loss = 0.544522
  chunk 6 final batch loss = 0.242076
  chunk 7 final batch loss = 0.424518
  chunk 8 final batch loss = 0.355377
  chunk 9 final batch loss = 0.618494
  chunk 10 final batch loss = 0.436741
  chunk 11 final batch loss = 0.819099
  chunk 12 final batch loss = 0.703779
  chunk 13 final batch loss = 0.721810
  chunk 14 final batch loss = 0.390030
  chunk 15 final batch loss = 0.315160
  chunk 16 final batch loss = 0.308164
  chunk 17 final batch loss = 0.393996
  chunk 18 final batch loss = 0.633636
  chunk 19 final batch loss = 0.269151
  chunk 20 final batch loss = 0.811546
  chunk 21 final batch loss = 0.668370
  chunk 22 final batch loss = 0.808453
  chunk 23 final batch loss = 0.683344
  chunk 24 final batch loss = 0.788855
  chunk 25 final batch loss = 0.299667
  chunk 26 final batch loss = 0.795293
  chunk 27 final batch loss = 0.236824
  chunk 28 final batch loss = 0.251344
  chunk 29 final batch loss = 0.789237
  chunk 30 final batch loss = 0.315289
  chunk 31 final batch loss = 0.291893
  chunk 32 final batch loss = 0.704673
  chunk 33 final batch loss = 0.270738
  chunk 34 final batch loss = 0.436524
  chunk 35 final batch loss = 0.799104
  chunk 36 final batch loss = 0.655852
  chunk 37 final batch loss = 0.519652
  chunk 38 final batch loss = 0.281027
  chunk 39 final batch loss = 0.812787
  chunk 40 final batch loss = 0.255543
  chunk 41 final batch loss = 0.691178
  chunk 42 final batch loss = 0.302008
  chunk 43 final batch loss = 0.790682
  chunk 44 final batch loss = 0.357854
  chunk 45 final batch loss = 0.756789
  chunk 46 final batch loss = 0.245376
  chunk 47 final batch loss = 0.236176
  chunk 48 final batch loss = 0.301369
  chunk 49 final batch loss = 0.793611
  chunk 50 final batch loss = 0.695031
  chunk 51 final batch loss = 0.300831
  chunk 52 final batch loss = 0.262021
  chunk 53 final batch loss = 0.483815
  chunk 54 final batch loss = 0.348830
  chunk 55 final batch loss = 0.264631
  chunk 56 final batch loss = 0.716131
  chunk 57 final batch loss = 0.741000
  chunk 58 final batch loss = 0.606646
  chunk 59 final batch loss = 0.258116
  chunk 60 final batch loss = 0.614418
  chunk 61 final batch loss = 0.298881
  chunk 62 final batch loss = 0.287229
  chunk 63 final batch loss = 0.781657
  chunk 64 final batch loss = 0.784392
  chunk 65 final batch loss = 0.354866
  chunk 66 final batch loss = 0.649245
  chunk 67 final batch loss = 0.788319
  chunk 68 final batch loss = 0.402618
  chunk 69 final batch loss = 0.613160
  chunk 70 final batch loss = 0.263126
  chunk 71 final batch loss = 0.648542
  chunk 72 final batch loss = 0.716659
  chunk 73 final batch loss = 0.359213
  chunk 74 final batch loss = 0.556960
  chunk 75 final batch loss = 0.239097
  chunk 76 final batch loss = 0.226552
  chunk 77 final batch loss = 0.418884
  chunk 78 final batch loss = 0.762456
  chunk 79 final batch loss = 0.592563
Validation loss: 0.464579
No improvement for 1 epochs
Epoch 31
  chunk 0 final batch loss = 0.786337
  chunk 1 final batch loss = 0.776196
  chunk 2 final batch loss = 0.383506
  chunk 3 final batch loss = 0.308123
  chunk 4 final batch loss = 0.764660
  chunk 5 final batch loss = 0.547056
  chunk 6 final batch loss = 0.241619
  chunk 7 final batch loss = 0.402239
  chunk 8 final batch loss = 0.337581
  chunk 9 final batch loss = 0.600810
  chunk 10 final batch loss = 0.425645
  chunk 11 final batch loss = 0.822930
  chunk 12 final batch loss = 0.716431
  chunk 13 final batch loss = 0.717832
  chunk 14 final batch loss = 0.382099
  chunk 15 final batch loss = 0.263590
  chunk 16 final batch loss = 0.277310
  chunk 17 final batch loss = 0.365051
  chunk 18 final batch loss = 0.617110
  chunk 19 final batch loss = 0.274448
  chunk 20 final batch loss = 0.790854
  chunk 21 final batch loss = 0.673044
  chunk 22 final batch loss = 0.790463
  chunk 23 final batch loss = 0.654202
  chunk 24 final batch loss = 0.776491
  chunk 25 final batch loss = 0.287408
  chunk 26 final batch loss = 0.768772
  chunk 27 final batch loss = 0.238155
  chunk 28 final batch loss = 0.263114
  chunk 29 final batch loss = 0.798691
  chunk 30 final batch loss = 0.284088
  chunk 31 final batch loss = 0.297420
  chunk 32 final batch loss = 0.733680
  chunk 33 final batch loss = 0.226617
  chunk 34 final batch loss = 0.363162
  chunk 35 final batch loss = 0.786669
  chunk 36 final batch loss = 0.700768
  chunk 37 final batch loss = 0.506385
  chunk 38 final batch loss = 0.255109
  chunk 39 final batch loss = 0.810933
  chunk 40 final batch loss = 0.256820
  chunk 41 final batch loss = 0.647256
  chunk 42 final batch loss = 0.263910
  chunk 43 final batch loss = 0.805062
  chunk 44 final batch loss = 0.360375
  chunk 45 final batch loss = 0.728103
  chunk 46 final batch loss = 0.274132
  chunk 47 final batch loss = 0.280753
  chunk 48 final batch loss = 0.294911
  chunk 49 final batch loss = 0.793608
  chunk 50 final batch loss = 0.621385
  chunk 51 final batch loss = 0.314376
  chunk 52 final batch loss = 0.248272
  chunk 53 final batch loss = 0.431479
  chunk 54 final batch loss = 0.355290
  chunk 55 final batch loss = 0.294645
  chunk 56 final batch loss = 0.698092
  chunk 57 final batch loss = 0.698651
  chunk 58 final batch loss = 0.629249
  chunk 59 final batch loss = 0.243725
  chunk 60 final batch loss = 0.622190
  chunk 61 final batch loss = 0.283965
  chunk 62 final batch loss = 0.306324
  chunk 63 final batch loss = 0.754319
  chunk 64 final batch loss = 0.794341
  chunk 65 final batch loss = 0.344820
  chunk 66 final batch loss = 0.616954
  chunk 67 final batch loss = 0.794167
  chunk 68 final batch loss = 0.393390
  chunk 69 final batch loss = 0.645937
  chunk 70 final batch loss = 0.225797
  chunk 71 final batch loss = 0.659583
  chunk 72 final batch loss = 0.703198
  chunk 73 final batch loss = 0.394670
  chunk 74 final batch loss = 0.571792
  chunk 75 final batch loss = 0.267451
  chunk 76 final batch loss = 0.241550
  chunk 77 final batch loss = 0.473889
  chunk 78 final batch loss = 0.761524
  chunk 79 final batch loss = 0.534881
Validation loss: 0.464667
No improvement for 2 epochs
Epoch 32
  chunk 0 final batch loss = 0.796817
  chunk 1 final batch loss = 0.794522
  chunk 2 final batch loss = 0.384407
  chunk 3 final batch loss = 0.298574
  chunk 4 final batch loss = 0.765219
  chunk 5 final batch loss = 0.522785
  chunk 6 final batch loss = 0.227812
  chunk 7 final batch loss = 0.373822
  chunk 8 final batch loss = 0.364434
  chunk 9 final batch loss = 0.553809
  chunk 10 final batch loss = 0.420499
  chunk 11 final batch loss = 0.823232
  chunk 12 final batch loss = 0.701811
  chunk 13 final batch loss = 0.692219
  chunk 14 final batch loss = 0.399427
  chunk 15 final batch loss = 0.292304
  chunk 16 final batch loss = 0.288299
  chunk 17 final batch loss = 0.433689
  chunk 18 final batch loss = 0.630548
  chunk 19 final batch loss = 0.269133
  chunk 20 final batch loss = 0.803590
  chunk 21 final batch loss = 0.676621
  chunk 22 final batch loss = 0.779580
  chunk 23 final batch loss = 0.643287
  chunk 24 final batch loss = 0.776049
  chunk 25 final batch loss = 0.318541
  chunk 26 final batch loss = 0.776019
  chunk 27 final batch loss = 0.235580
  chunk 28 final batch loss = 0.258635
  chunk 29 final batch loss = 0.799772
  chunk 30 final batch loss = 0.314896
  chunk 31 final batch loss = 0.278265
  chunk 32 final batch loss = 0.722601
  chunk 33 final batch loss = 0.254794
  chunk 34 final batch loss = 0.440632
  chunk 35 final batch loss = 0.798329
  chunk 36 final batch loss = 0.652544
  chunk 37 final batch loss = 0.485211
  chunk 38 final batch loss = 0.247383
  chunk 39 final batch loss = 0.820637
  chunk 40 final batch loss = 0.282387
  chunk 41 final batch loss = 0.612067
  chunk 42 final batch loss = 0.239720
  chunk 43 final batch loss = 0.793670
  chunk 44 final batch loss = 0.341097
  chunk 45 final batch loss = 0.726289
  chunk 46 final batch loss = 0.260593
  chunk 47 final batch loss = 0.251412
  chunk 48 final batch loss = 0.303306
  chunk 49 final batch loss = 0.796370
  chunk 50 final batch loss = 0.630255
  chunk 51 final batch loss = 0.282277
  chunk 52 final batch loss = 0.250475
  chunk 53 final batch loss = 0.489369
  chunk 54 final batch loss = 0.367861
  chunk 55 final batch loss = 0.274522
  chunk 56 final batch loss = 0.701506
  chunk 57 final batch loss = 0.685812
  chunk 58 final batch loss = 0.608472
  chunk 59 final batch loss = 0.284128
  chunk 60 final batch loss = 0.600206
  chunk 61 final batch loss = 0.295364
  chunk 62 final batch loss = 0.306230
  chunk 63 final batch loss = 0.754731
  chunk 64 final batch loss = 0.795268
  chunk 65 final batch loss = 0.323441
  chunk 66 final batch loss = 0.622488
  chunk 67 final batch loss = 0.780872
  chunk 68 final batch loss = 0.425699
  chunk 69 final batch loss = 0.621657
  chunk 70 final batch loss = 0.230203
  chunk 71 final batch loss = 0.653856
  chunk 72 final batch loss = 0.723719
  chunk 73 final batch loss = 0.363377
  chunk 74 final batch loss = 0.519559
  chunk 75 final batch loss = 0.261832
  chunk 76 final batch loss = 0.211814
  chunk 77 final batch loss = 0.381843
  chunk 78 final batch loss = 0.790415
  chunk 79 final batch loss = 0.607305
Validation loss: 0.466504
No improvement for 3 epochs
Epoch 33
  chunk 0 final batch loss = 0.798490
  chunk 1 final batch loss = 0.783668
  chunk 2 final batch loss = 0.389864
  chunk 3 final batch loss = 0.302783
  chunk 4 final batch loss = 0.742437
  chunk 5 final batch loss = 0.509215
  chunk 6 final batch loss = 0.256106
  chunk 7 final batch loss = 0.415934
  chunk 8 final batch loss = 0.337127
  chunk 9 final batch loss = 0.560348
  chunk 10 final batch loss = 0.436554
  chunk 11 final batch loss = 0.816578
  chunk 12 final batch loss = 0.739004
  chunk 13 final batch loss = 0.707960
  chunk 14 final batch loss = 0.406588
  chunk 15 final batch loss = 0.319614
  chunk 16 final batch loss = 0.307643
  chunk 17 final batch loss = 0.383617
  chunk 18 final batch loss = 0.578171
  chunk 19 final batch loss = 0.258067
  chunk 20 final batch loss = 0.791451
  chunk 21 final batch loss = 0.685815
  chunk 22 final batch loss = 0.786261
  chunk 23 final batch loss = 0.605686
  chunk 24 final batch loss = 0.778653
  chunk 25 final batch loss = 0.312870
  chunk 26 final batch loss = 0.790192
  chunk 27 final batch loss = 0.260124
  chunk 28 final batch loss = 0.259261
  chunk 29 final batch loss = 0.793223
  chunk 30 final batch loss = 0.318543
  chunk 31 final batch loss = 0.311830
  chunk 32 final batch loss = 0.710170
  chunk 33 final batch loss = 0.232079
  chunk 34 final batch loss = 0.367074
  chunk 35 final batch loss = 0.797027
  chunk 36 final batch loss = 0.684261
  chunk 37 final batch loss = 0.515569
  chunk 38 final batch loss = 0.259691
  chunk 39 final batch loss = 0.822063
  chunk 40 final batch loss = 0.274252
  chunk 41 final batch loss = 0.693097
  chunk 42 final batch loss = 0.232443
  chunk 43 final batch loss = 0.815793
  chunk 44 final batch loss = 0.332222
  chunk 45 final batch loss = 0.721588
  chunk 46 final batch loss = 0.263544
  chunk 47 final batch loss = 0.265052
  chunk 48 final batch loss = 0.308173
  chunk 49 final batch loss = 0.797526
  chunk 50 final batch loss = 0.693033
  chunk 51 final batch loss = 0.273987
  chunk 52 final batch loss = 0.231019
  chunk 53 final batch loss = 0.421963
  chunk 54 final batch loss = 0.368598
  chunk 55 final batch loss = 0.284948
  chunk 56 final batch loss = 0.706897
  chunk 57 final batch loss = 0.741768
  chunk 58 final batch loss = 0.662134
  chunk 59 final batch loss = 0.254658
  chunk 60 final batch loss = 0.660345
  chunk 61 final batch loss = 0.324098
  chunk 62 final batch loss = 0.275170
  chunk 63 final batch loss = 0.783448
  chunk 64 final batch loss = 0.764818
  chunk 65 final batch loss = 0.338546
  chunk 66 final batch loss = 0.637028
  chunk 67 final batch loss = 0.810268
  chunk 68 final batch loss = 0.376785
  chunk 69 final batch loss = 0.669778
  chunk 70 final batch loss = 0.243748
  chunk 71 final batch loss = 0.690189
  chunk 72 final batch loss = 0.708055
  chunk 73 final batch loss = 0.384467
  chunk 74 final batch loss = 0.501564
  chunk 75 final batch loss = 0.250382
  chunk 76 final batch loss = 0.245095
  chunk 77 final batch loss = 0.412352
  chunk 78 final batch loss = 0.795653
  chunk 79 final batch loss = 0.556142
Validation loss: 0.464204
Saved BEST checkpoint
Epoch 34
  chunk 0 final batch loss = 0.788303
  chunk 1 final batch loss = 0.813821
  chunk 2 final batch loss = 0.389430
  chunk 3 final batch loss = 0.278846
  chunk 4 final batch loss = 0.735681
  chunk 5 final batch loss = 0.561067
  chunk 6 final batch loss = 0.257603
  chunk 7 final batch loss = 0.414689
  chunk 8 final batch loss = 0.351215
  chunk 9 final batch loss = 0.675229
  chunk 10 final batch loss = 0.429386
  chunk 11 final batch loss = 0.828011
  chunk 12 final batch loss = 0.694844
  chunk 13 final batch loss = 0.690338
  chunk 14 final batch loss = 0.367845
  chunk 15 final batch loss = 0.291496
  chunk 16 final batch loss = 0.291179
  chunk 17 final batch loss = 0.386146
  chunk 18 final batch loss = 0.586294
  chunk 19 final batch loss = 0.230518
  chunk 20 final batch loss = 0.799795
  chunk 21 final batch loss = 0.662667
  chunk 22 final batch loss = 0.796100
  chunk 23 final batch loss = 0.613433
  chunk 24 final batch loss = 0.755104
  chunk 25 final batch loss = 0.317988
  chunk 26 final batch loss = 0.781576
  chunk 27 final batch loss = 0.235239
  chunk 28 final batch loss = 0.257558
  chunk 29 final batch loss = 0.777305
  chunk 30 final batch loss = 0.317068
  chunk 31 final batch loss = 0.308816
  chunk 32 final batch loss = 0.738002
  chunk 33 final batch loss = 0.239196
  chunk 34 final batch loss = 0.382856
  chunk 35 final batch loss = 0.801649
  chunk 36 final batch loss = 0.707879
  chunk 37 final batch loss = 0.479155
  chunk 38 final batch loss = 0.246193
  chunk 39 final batch loss = 0.820864
  chunk 40 final batch loss = 0.248067
  chunk 41 final batch loss = 0.651112
  chunk 42 final batch loss = 0.273810
  chunk 43 final batch loss = 0.780785
  chunk 44 final batch loss = 0.345303
  chunk 45 final batch loss = 0.738844
  chunk 46 final batch loss = 0.280101
  chunk 47 final batch loss = 0.257759
  chunk 48 final batch loss = 0.302719
  chunk 49 final batch loss = 0.768062
  chunk 50 final batch loss = 0.598257
  chunk 51 final batch loss = 0.298378
  chunk 52 final batch loss = 0.238517
  chunk 53 final batch loss = 0.497093
  chunk 54 final batch loss = 0.350386
  chunk 55 final batch loss = 0.242501
  chunk 56 final batch loss = 0.710986
  chunk 57 final batch loss = 0.725694
  chunk 58 final batch loss = 0.625032
  chunk 59 final batch loss = 0.277721
  chunk 60 final batch loss = 0.607077
  chunk 61 final batch loss = 0.295777
  chunk 62 final batch loss = 0.289529
  chunk 63 final batch loss = 0.773404
  chunk 64 final batch loss = 0.796216
  chunk 65 final batch loss = 0.357246
  chunk 66 final batch loss = 0.625294
  chunk 67 final batch loss = 0.782060
  chunk 68 final batch loss = 0.425958
  chunk 69 final batch loss = 0.609181
  chunk 70 final batch loss = 0.271353
  chunk 71 final batch loss = 0.613397
  chunk 72 final batch loss = 0.733453
  chunk 73 final batch loss = 0.313944
  chunk 74 final batch loss = 0.473474
  chunk 75 final batch loss = 0.246539
  chunk 76 final batch loss = 0.256677
  chunk 77 final batch loss = 0.478419
  chunk 78 final batch loss = 0.752730
  chunk 79 final batch loss = 0.552064
Validation loss: 0.465554
No improvement for 1 epochs
Epoch 35
  chunk 0 final batch loss = 0.795761
  chunk 1 final batch loss = 0.794911
  chunk 2 final batch loss = 0.373521
  chunk 3 final batch loss = 0.310319
  chunk 4 final batch loss = 0.758278
  chunk 5 final batch loss = 0.538214
  chunk 6 final batch loss = 0.246476
  chunk 7 final batch loss = 0.395327
  chunk 8 final batch loss = 0.359330
  chunk 9 final batch loss = 0.589521
  chunk 10 final batch loss = 0.393931
  chunk 11 final batch loss = 0.820066
  chunk 12 final batch loss = 0.723197
  chunk 13 final batch loss = 0.710263
  chunk 14 final batch loss = 0.392174
  chunk 15 final batch loss = 0.260166
  chunk 16 final batch loss = 0.296788
  chunk 17 final batch loss = 0.387975
  chunk 18 final batch loss = 0.641083
  chunk 19 final batch loss = 0.258429
  chunk 20 final batch loss = 0.783029
  chunk 21 final batch loss = 0.654791
  chunk 22 final batch loss = 0.769983
  chunk 23 final batch loss = 0.673238
  chunk 24 final batch loss = 0.793205
  chunk 25 final batch loss = 0.306689
  chunk 26 final batch loss = 0.782518
  chunk 27 final batch loss = 0.225260
  chunk 28 final batch loss = 0.256180
  chunk 29 final batch loss = 0.790242
  chunk 30 final batch loss = 0.287962
  chunk 31 final batch loss = 0.292549
  chunk 32 final batch loss = 0.737306
  chunk 33 final batch loss = 0.239323
  chunk 34 final batch loss = 0.422021
  chunk 35 final batch loss = 0.784206
  chunk 36 final batch loss = 0.649820
  chunk 37 final batch loss = 0.451515
  chunk 38 final batch loss = 0.264525
  chunk 39 final batch loss = 0.815373
  chunk 40 final batch loss = 0.264016
  chunk 41 final batch loss = 0.605194
  chunk 42 final batch loss = 0.267061
  chunk 43 final batch loss = 0.779057
  chunk 44 final batch loss = 0.336165
  chunk 45 final batch loss = 0.737428
  chunk 46 final batch loss = 0.257460
  chunk 47 final batch loss = 0.263073
  chunk 48 final batch loss = 0.298200
  chunk 49 final batch loss = 0.786403
  chunk 50 final batch loss = 0.625804
  chunk 51 final batch loss = 0.287970
  chunk 52 final batch loss = 0.264489
  chunk 53 final batch loss = 0.494050
  chunk 54 final batch loss = 0.343586
  chunk 55 final batch loss = 0.264252
  chunk 56 final batch loss = 0.703735
  chunk 57 final batch loss = 0.730019
  chunk 58 final batch loss = 0.557368
  chunk 59 final batch loss = 0.255276
  chunk 60 final batch loss = 0.594327
  chunk 61 final batch loss = 0.328871
  chunk 62 final batch loss = 0.340187
  chunk 63 final batch loss = 0.757706
  chunk 64 final batch loss = 0.800058
  chunk 65 final batch loss = 0.375018
  chunk 66 final batch loss = 0.621584
  chunk 67 final batch loss = 0.799617
  chunk 68 final batch loss = 0.377655
  chunk 69 final batch loss = 0.610387
  chunk 70 final batch loss = 0.250253
  chunk 71 final batch loss = 0.671448
  chunk 72 final batch loss = 0.721866
  chunk 73 final batch loss = 0.376370
  chunk 74 final batch loss = 0.520286
  chunk 75 final batch loss = 0.270709
  chunk 76 final batch loss = 0.225410
  chunk 77 final batch loss = 0.460654
  chunk 78 final batch loss = 0.796099
  chunk 79 final batch loss = 0.644333
Validation loss: 0.461987
Saved BEST checkpoint
Epoch 36
  chunk 0 final batch loss = 0.773152
  chunk 1 final batch loss = 0.783962
  chunk 2 final batch loss = 0.373906
  chunk 3 final batch loss = 0.309210
  chunk 4 final batch loss = 0.748758
  chunk 5 final batch loss = 0.486378
  chunk 6 final batch loss = 0.232763
  chunk 7 final batch loss = 0.392588
  chunk 8 final batch loss = 0.366971
  chunk 9 final batch loss = 0.599408
  chunk 10 final batch loss = 0.395098
  chunk 11 final batch loss = 0.814229
  chunk 12 final batch loss = 0.689607
  chunk 13 final batch loss = 0.708108
  chunk 14 final batch loss = 0.432042
  chunk 15 final batch loss = 0.273820
  chunk 16 final batch loss = 0.290875
  chunk 17 final batch loss = 0.392110
  chunk 18 final batch loss = 0.582072
  chunk 19 final batch loss = 0.270488
  chunk 20 final batch loss = 0.804209
  chunk 21 final batch loss = 0.621947
  chunk 22 final batch loss = 0.761307
  chunk 23 final batch loss = 0.603196
  chunk 24 final batch loss = 0.801138
  chunk 25 final batch loss = 0.317268
  chunk 26 final batch loss = 0.788858
  chunk 27 final batch loss = 0.238347
  chunk 28 final batch loss = 0.231397
  chunk 29 final batch loss = 0.773714
  chunk 30 final batch loss = 0.296259
  chunk 31 final batch loss = 0.278779
  chunk 32 final batch loss = 0.676747
  chunk 33 final batch loss = 0.270037
  chunk 34 final batch loss = 0.364839
  chunk 35 final batch loss = 0.788293
  chunk 36 final batch loss = 0.630866
  chunk 37 final batch loss = 0.444953
  chunk 38 final batch loss = 0.241191
  chunk 39 final batch loss = 0.820013
  chunk 40 final batch loss = 0.247674
  chunk 41 final batch loss = 0.615458
  chunk 42 final batch loss = 0.240270
  chunk 43 final batch loss = 0.796321
  chunk 44 final batch loss = 0.345898
  chunk 45 final batch loss = 0.713941
  chunk 46 final batch loss = 0.252047
  chunk 47 final batch loss = 0.234515
  chunk 48 final batch loss = 0.314728
  chunk 49 final batch loss = 0.784341
  chunk 50 final batch loss = 0.659517
  chunk 51 final batch loss = 0.322313
  chunk 52 final batch loss = 0.236984
  chunk 53 final batch loss = 0.484634
  chunk 54 final batch loss = 0.338061
  chunk 55 final batch loss = 0.292186
  chunk 56 final batch loss = 0.713398
  chunk 57 final batch loss = 0.733655
  chunk 58 final batch loss = 0.649430
  chunk 59 final batch loss = 0.275891
  chunk 60 final batch loss = 0.662717
  chunk 61 final batch loss = 0.331301
  chunk 62 final batch loss = 0.316112
  chunk 63 final batch loss = 0.780785
  chunk 64 final batch loss = 0.753122
  chunk 65 final batch loss = 0.348673
  chunk 66 final batch loss = 0.658769
  chunk 67 final batch loss = 0.775444
  chunk 68 final batch loss = 0.401564
  chunk 69 final batch loss = 0.617051
  chunk 70 final batch loss = 0.260703
  chunk 71 final batch loss = 0.616828
  chunk 72 final batch loss = 0.724474
  chunk 73 final batch loss = 0.348566
  chunk 74 final batch loss = 0.506857
  chunk 75 final batch loss = 0.260197
  chunk 76 final batch loss = 0.247597
  chunk 77 final batch loss = 0.379209
  chunk 78 final batch loss = 0.811884
  chunk 79 final batch loss = 0.563212
Validation loss: 0.464187
No improvement for 1 epochs
Epoch 37
  chunk 0 final batch loss = 0.806191
  chunk 1 final batch loss = 0.788608
  chunk 2 final batch loss = 0.390092
  chunk 3 final batch loss = 0.288738
  chunk 4 final batch loss = 0.747290
  chunk 5 final batch loss = 0.508775
  chunk 6 final batch loss = 0.227949
  chunk 7 final batch loss = 0.404998
  chunk 8 final batch loss = 0.334064
  chunk 9 final batch loss = 0.607580
  chunk 10 final batch loss = 0.397057
  chunk 11 final batch loss = 0.822632
  chunk 12 final batch loss = 0.695786
  chunk 13 final batch loss = 0.737506
  chunk 14 final batch loss = 0.400832
  chunk 15 final batch loss = 0.308476
  chunk 16 final batch loss = 0.319100
  chunk 17 final batch loss = 0.407230
  chunk 18 final batch loss = 0.538551
  chunk 19 final batch loss = 0.246116
  chunk 20 final batch loss = 0.806747
  chunk 21 final batch loss = 0.619285
  chunk 22 final batch loss = 0.780167
  chunk 23 final batch loss = 0.616659
  chunk 24 final batch loss = 0.796909
  chunk 25 final batch loss = 0.302719
  chunk 26 final batch loss = 0.788272
  chunk 27 final batch loss = 0.224577
  chunk 28 final batch loss = 0.257624
  chunk 29 final batch loss = 0.819003
  chunk 30 final batch loss = 0.294560
  chunk 31 final batch loss = 0.302841
  chunk 32 final batch loss = 0.707345
  chunk 33 final batch loss = 0.239671
  chunk 34 final batch loss = 0.429546
  chunk 35 final batch loss = 0.765352
  chunk 36 final batch loss = 0.674687
  chunk 37 final batch loss = 0.539783
  chunk 38 final batch loss = 0.280300
  chunk 39 final batch loss = 0.819963
  chunk 40 final batch loss = 0.258491
  chunk 41 final batch loss = 0.606640
  chunk 42 final batch loss = 0.264826
  chunk 43 final batch loss = 0.774728
  chunk 44 final batch loss = 0.345939
  chunk 45 final batch loss = 0.757489
  chunk 46 final batch loss = 0.264564
  chunk 47 final batch loss = 0.256045
  chunk 48 final batch loss = 0.303077
  chunk 49 final batch loss = 0.769158
  chunk 50 final batch loss = 0.623637
  chunk 51 final batch loss = 0.301629
  chunk 52 final batch loss = 0.264021
  chunk 53 final batch loss = 0.491310
  chunk 54 final batch loss = 0.364756
  chunk 55 final batch loss = 0.292423
  chunk 56 final batch loss = 0.703596
  chunk 57 final batch loss = 0.721326
  chunk 58 final batch loss = 0.689357
  chunk 59 final batch loss = 0.272702
  chunk 60 final batch loss = 0.604258
  chunk 61 final batch loss = 0.282837
  chunk 62 final batch loss = 0.311680
  chunk 63 final batch loss = 0.741577
  chunk 64 final batch loss = 0.765675
  chunk 65 final batch loss = 0.348197
  chunk 66 final batch loss = 0.602702
  chunk 67 final batch loss = 0.791972
  chunk 68 final batch loss = 0.405321
  chunk 69 final batch loss = 0.618881
  chunk 70 final batch loss = 0.238581
  chunk 71 final batch loss = 0.658509
  chunk 72 final batch loss = 0.718917
  chunk 73 final batch loss = 0.388703
  chunk 74 final batch loss = 0.471454
  chunk 75 final batch loss = 0.262551
  chunk 76 final batch loss = 0.231345
  chunk 77 final batch loss = 0.407767
  chunk 78 final batch loss = 0.765209
  chunk 79 final batch loss = 0.536001
Validation loss: 0.462648
No improvement for 2 epochs
Epoch 38
  chunk 0 final batch loss = 0.785401
  chunk 1 final batch loss = 0.779812
  chunk 2 final batch loss = 0.362081
  chunk 3 final batch loss = 0.283804
  chunk 4 final batch loss = 0.748088
  chunk 5 final batch loss = 0.508627
  chunk 6 final batch loss = 0.248109
  chunk 7 final batch loss = 0.434903
  chunk 8 final batch loss = 0.357651
  chunk 9 final batch loss = 0.603247
  chunk 10 final batch loss = 0.415201
  chunk 11 final batch loss = 0.812103
  chunk 12 final batch loss = 0.730242
  chunk 13 final batch loss = 0.673182
  chunk 14 final batch loss = 0.418807
  chunk 15 final batch loss = 0.286168
  chunk 16 final batch loss = 0.316050
  chunk 17 final batch loss = 0.392383
  chunk 18 final batch loss = 0.566854
  chunk 19 final batch loss = 0.265638
  chunk 20 final batch loss = 0.793386
  chunk 21 final batch loss = 0.618774
  chunk 22 final batch loss = 0.786489
  chunk 23 final batch loss = 0.604964
  chunk 24 final batch loss = 0.765208
  chunk 25 final batch loss = 0.276858
  chunk 26 final batch loss = 0.781154
  chunk 27 final batch loss = 0.230573
  chunk 28 final batch loss = 0.269778
  chunk 29 final batch loss = 0.817104
  chunk 30 final batch loss = 0.308445
  chunk 31 final batch loss = 0.289660
  chunk 32 final batch loss = 0.761976
  chunk 33 final batch loss = 0.265736
  chunk 34 final batch loss = 0.394278
  chunk 35 final batch loss = 0.792455
  chunk 36 final batch loss = 0.673691
  chunk 37 final batch loss = 0.478615
  chunk 38 final batch loss = 0.273893
  chunk 39 final batch loss = 0.821329
  chunk 40 final batch loss = 0.268038
  chunk 41 final batch loss = 0.645679
  chunk 42 final batch loss = 0.261239
  chunk 43 final batch loss = 0.799228
  chunk 44 final batch loss = 0.363195
  chunk 45 final batch loss = 0.738663
  chunk 46 final batch loss = 0.242129
  chunk 47 final batch loss = 0.243318
  chunk 48 final batch loss = 0.304493
  chunk 49 final batch loss = 0.784280
  chunk 50 final batch loss = 0.647096
  chunk 51 final batch loss = 0.271597
  chunk 52 final batch loss = 0.256517
  chunk 53 final batch loss = 0.492795
  chunk 54 final batch loss = 0.326728
  chunk 55 final batch loss = 0.274106
  chunk 56 final batch loss = 0.713952
  chunk 57 final batch loss = 0.723237
  chunk 58 final batch loss = 0.596255
  chunk 59 final batch loss = 0.254504
  chunk 60 final batch loss = 0.650153
  chunk 61 final batch loss = 0.289788
  chunk 62 final batch loss = 0.305751
  chunk 63 final batch loss = 0.760138
  chunk 64 final batch loss = 0.761181
  chunk 65 final batch loss = 0.332785
  chunk 66 final batch loss = 0.650442
  chunk 67 final batch loss = 0.787783
  chunk 68 final batch loss = 0.405957
  chunk 69 final batch loss = 0.592272
  chunk 70 final batch loss = 0.246537
  chunk 71 final batch loss = 0.656454
  chunk 72 final batch loss = 0.696323
  chunk 73 final batch loss = 0.352541
  chunk 74 final batch loss = 0.504730
  chunk 75 final batch loss = 0.262789
  chunk 76 final batch loss = 0.245115
  chunk 77 final batch loss = 0.448102
  chunk 78 final batch loss = 0.785078
  chunk 79 final batch loss = 0.606674
Validation loss: 0.460302
Saved BEST checkpoint
Epoch 39
  chunk 0 final batch loss = 0.786026
  chunk 1 final batch loss = 0.793525
  chunk 2 final batch loss = 0.379880
  chunk 3 final batch loss = 0.287601
  chunk 4 final batch loss = 0.755721
  chunk 5 final batch loss = 0.500882
  chunk 6 final batch loss = 0.234570
  chunk 7 final batch loss = 0.418631
  chunk 8 final batch loss = 0.324033
  chunk 9 final batch loss = 0.612753
  chunk 10 final batch loss = 0.446747
  chunk 11 final batch loss = 0.818052
  chunk 12 final batch loss = 0.697220
  chunk 13 final batch loss = 0.679959
  chunk 14 final batch loss = 0.456494
  chunk 15 final batch loss = 0.300300
  chunk 16 final batch loss = 0.305405
  chunk 17 final batch loss = 0.389785
  chunk 18 final batch loss = 0.622668
  chunk 19 final batch loss = 0.247595
  chunk 20 final batch loss = 0.786763
  chunk 21 final batch loss = 0.629503
  chunk 22 final batch loss = 0.756992
  chunk 23 final batch loss = 0.598510
  chunk 24 final batch loss = 0.797227
  chunk 25 final batch loss = 0.289057
  chunk 26 final batch loss = 0.777665
  chunk 27 final batch loss = 0.230171
  chunk 28 final batch loss = 0.263689
  chunk 29 final batch loss = 0.780330
  chunk 30 final batch loss = 0.285635
  chunk 31 final batch loss = 0.311224
  chunk 32 final batch loss = 0.721788
  chunk 33 final batch loss = 0.254992
  chunk 34 final batch loss = 0.366070
  chunk 35 final batch loss = 0.800082
  chunk 36 final batch loss = 0.646518
  chunk 37 final batch loss = 0.470506
  chunk 38 final batch loss = 0.254066
  chunk 39 final batch loss = 0.807980
  chunk 40 final batch loss = 0.280165
  chunk 41 final batch loss = 0.668510
  chunk 42 final batch loss = 0.231230
  chunk 43 final batch loss = 0.790237
  chunk 44 final batch loss = 0.327384
  chunk 45 final batch loss = 0.755870
  chunk 46 final batch loss = 0.252978
  chunk 47 final batch loss = 0.249709
  chunk 48 final batch loss = 0.282086
  chunk 49 final batch loss = 0.804910
  chunk 50 final batch loss = 0.629552
  chunk 51 final batch loss = 0.281628
  chunk 52 final batch loss = 0.255427
  chunk 53 final batch loss = 0.516481
  chunk 54 final batch loss = 0.347467
  chunk 55 final batch loss = 0.289694
  chunk 56 final batch loss = 0.690817
  chunk 57 final batch loss = 0.728598
  chunk 58 final batch loss = 0.653027
  chunk 59 final batch loss = 0.264252
  chunk 60 final batch loss = 0.617212
  chunk 61 final batch loss = 0.300863
  chunk 62 final batch loss = 0.313971
  chunk 63 final batch loss = 0.738598
  chunk 64 final batch loss = 0.772474
  chunk 65 final batch loss = 0.348083
  chunk 66 final batch loss = 0.611824
  chunk 67 final batch loss = 0.798941
  chunk 68 final batch loss = 0.407720
  chunk 69 final batch loss = 0.626285
  chunk 70 final batch loss = 0.267316
  chunk 71 final batch loss = 0.636668
  chunk 72 final batch loss = 0.689830
  chunk 73 final batch loss = 0.391560
  chunk 74 final batch loss = 0.535283
  chunk 75 final batch loss = 0.262607
  chunk 76 final batch loss = 0.238477
  chunk 77 final batch loss = 0.447460
  chunk 78 final batch loss = 0.784213
  chunk 79 final batch loss = 0.545516
Validation loss: 0.461723
No improvement for 1 epochs
Epoch 40
  chunk 0 final batch loss = 0.777606
  chunk 1 final batch loss = 0.802274
  chunk 2 final batch loss = 0.378140
  chunk 3 final batch loss = 0.309560
  chunk 4 final batch loss = 0.743035
  chunk 5 final batch loss = 0.484416
  chunk 6 final batch loss = 0.231946
  chunk 7 final batch loss = 0.386614
  chunk 8 final batch loss = 0.330361
  chunk 9 final batch loss = 0.588993
  chunk 10 final batch loss = 0.408829
  chunk 11 final batch loss = 0.812615
  chunk 12 final batch loss = 0.734386
  chunk 13 final batch loss = 0.708665
  chunk 14 final batch loss = 0.363532
  chunk 15 final batch loss = 0.300887
  chunk 16 final batch loss = 0.270514
  chunk 17 final batch loss = 0.399363
  chunk 18 final batch loss = 0.595877
  chunk 19 final batch loss = 0.275435
  chunk 20 final batch loss = 0.817754
  chunk 21 final batch loss = 0.603940
  chunk 22 final batch loss = 0.780537
  chunk 23 final batch loss = 0.591465
  chunk 24 final batch loss = 0.768941
  chunk 25 final batch loss = 0.287624
  chunk 26 final batch loss = 0.756952
  chunk 27 final batch loss = 0.244798
  chunk 28 final batch loss = 0.251101
  chunk 29 final batch loss = 0.780090
  chunk 30 final batch loss = 0.285721
  chunk 31 final batch loss = 0.290931
  chunk 32 final batch loss = 0.731626
  chunk 33 final batch loss = 0.228372
  chunk 34 final batch loss = 0.407464
  chunk 35 final batch loss = 0.791961
  chunk 36 final batch loss = 0.658022
  chunk 37 final batch loss = 0.467802
  chunk 38 final batch loss = 0.246447
  chunk 39 final batch loss = 0.822490
  chunk 40 final batch loss = 0.271857
  chunk 41 final batch loss = 0.604475
  chunk 42 final batch loss = 0.267844
  chunk 43 final batch loss = 0.792110
  chunk 44 final batch loss = 0.309737
  chunk 45 final batch loss = 0.736904
  chunk 46 final batch loss = 0.257037
  chunk 47 final batch loss = 0.254598
  chunk 48 final batch loss = 0.324074
  chunk 49 final batch loss = 0.801292
  chunk 50 final batch loss = 0.617509
  chunk 51 final batch loss = 0.279959
  chunk 52 final batch loss = 0.261698
  chunk 53 final batch loss = 0.464272
  chunk 54 final batch loss = 0.364131
  chunk 55 final batch loss = 0.250927
  chunk 56 final batch loss = 0.693288
  chunk 57 final batch loss = 0.744771
  chunk 58 final batch loss = 0.603663
  chunk 59 final batch loss = 0.259189
  chunk 60 final batch loss = 0.639208
  chunk 61 final batch loss = 0.277293
  chunk 62 final batch loss = 0.306645
  chunk 63 final batch loss = 0.752571
  chunk 64 final batch loss = 0.764124
  chunk 65 final batch loss = 0.333265
  chunk 66 final batch loss = 0.578697
  chunk 67 final batch loss = 0.792567
  chunk 68 final batch loss = 0.372224
  chunk 69 final batch loss = 0.644277
  chunk 70 final batch loss = 0.246292
  chunk 71 final batch loss = 0.664170
  chunk 72 final batch loss = 0.676192
  chunk 73 final batch loss = 0.390938
  chunk 74 final batch loss = 0.504646
  chunk 75 final batch loss = 0.275918
  chunk 76 final batch loss = 0.213889
  chunk 77 final batch loss = 0.456762
  chunk 78 final batch loss = 0.777497
  chunk 79 final batch loss = 0.604649
Validation loss: 0.464680
No improvement for 2 epochs
Epoch 41
  chunk 0 final batch loss = 0.777318
  chunk 1 final batch loss = 0.798831
  chunk 2 final batch loss = 0.362745
  chunk 3 final batch loss = 0.304498
  chunk 4 final batch loss = 0.724897
  chunk 5 final batch loss = 0.482108
  chunk 6 final batch loss = 0.237186
  chunk 7 final batch loss = 0.416190
  chunk 8 final batch loss = 0.342976
  chunk 9 final batch loss = 0.604565
  chunk 10 final batch loss = 0.428184
  chunk 11 final batch loss = 0.814303
  chunk 12 final batch loss = 0.711196
  chunk 13 final batch loss = 0.684661
  chunk 14 final batch loss = 0.435231
  chunk 15 final batch loss = 0.275924
  chunk 16 final batch loss = 0.307559
  chunk 17 final batch loss = 0.401313
  chunk 18 final batch loss = 0.587520
  chunk 19 final batch loss = 0.257182
  chunk 20 final batch loss = 0.747698
  chunk 21 final batch loss = 0.628343
  chunk 22 final batch loss = 0.759521
  chunk 23 final batch loss = 0.662546
  chunk 24 final batch loss = 0.789661
  chunk 25 final batch loss = 0.300583
  chunk 26 final batch loss = 0.778158
  chunk 27 final batch loss = 0.223496
  chunk 28 final batch loss = 0.252553
  chunk 29 final batch loss = 0.786277
  chunk 30 final batch loss = 0.310128
  chunk 31 final batch loss = 0.298097
  chunk 32 final batch loss = 0.674440
  chunk 33 final batch loss = 0.252056
  chunk 34 final batch loss = 0.364622
  chunk 35 final batch loss = 0.780539
  chunk 36 final batch loss = 0.665076
  chunk 37 final batch loss = 0.522524
  chunk 38 final batch loss = 0.237993
  chunk 39 final batch loss = 0.824970
  chunk 40 final batch loss = 0.243483
  chunk 41 final batch loss = 0.632958
  chunk 42 final batch loss = 0.240913
  chunk 43 final batch loss = 0.799950
  chunk 44 final batch loss = 0.351093
  chunk 45 final batch loss = 0.736442
  chunk 46 final batch loss = 0.227214
  chunk 47 final batch loss = 0.267434
  chunk 48 final batch loss = 0.282922
  chunk 49 final batch loss = 0.766401
  chunk 50 final batch loss = 0.646498
  chunk 51 final batch loss = 0.273237
  chunk 52 final batch loss = 0.237290
  chunk 53 final batch loss = 0.480861
  chunk 54 final batch loss = 0.345305
  chunk 55 final batch loss = 0.261706
  chunk 56 final batch loss = 0.739337
  chunk 57 final batch loss = 0.742389
  chunk 58 final batch loss = 0.628570
  chunk 59 final batch loss = 0.266311
  chunk 60 final batch loss = 0.559726
  chunk 61 final batch loss = 0.303239
  chunk 62 final batch loss = 0.298994
  chunk 63 final batch loss = 0.719521
  chunk 64 final batch loss = 0.746210
  chunk 65 final batch loss = 0.360395
  chunk 66 final batch loss = 0.652494
  chunk 67 final batch loss = 0.789355
  chunk 68 final batch loss = 0.374864
  chunk 69 final batch loss = 0.644908
  chunk 70 final batch loss = 0.259742
  chunk 71 final batch loss = 0.646559
  chunk 72 final batch loss = 0.707993
  chunk 73 final batch loss = 0.381021
  chunk 74 final batch loss = 0.524381
  chunk 75 final batch loss = 0.256045
  chunk 76 final batch loss = 0.238224
  chunk 77 final batch loss = 0.394031
  chunk 78 final batch loss = 0.759123
  chunk 79 final batch loss = 0.637385
Validation loss: 0.462694
No improvement for 3 epochs
Epoch 42
  chunk 0 final batch loss = 0.801883
  chunk 1 final batch loss = 0.783974
  chunk 2 final batch loss = 0.400640
  chunk 3 final batch loss = 0.318986
  chunk 4 final batch loss = 0.742046
  chunk 5 final batch loss = 0.523004
  chunk 6 final batch loss = 0.242771
  chunk 7 final batch loss = 0.410335
  chunk 8 final batch loss = 0.362633
  chunk 9 final batch loss = 0.627221
  chunk 10 final batch loss = 0.424146
  chunk 11 final batch loss = 0.819941
  chunk 12 final batch loss = 0.713917
  chunk 13 final batch loss = 0.653973
  chunk 14 final batch loss = 0.425663
  chunk 15 final batch loss = 0.292567
  chunk 16 final batch loss = 0.303153
  chunk 17 final batch loss = 0.412479
  chunk 18 final batch loss = 0.582783
  chunk 19 final batch loss = 0.241860
  chunk 20 final batch loss = 0.777688
  chunk 21 final batch loss = 0.642740
  chunk 22 final batch loss = 0.773436
  chunk 23 final batch loss = 0.632064
  chunk 24 final batch loss = 0.775910
  chunk 25 final batch loss = 0.296472
  chunk 26 final batch loss = 0.790210
  chunk 27 final batch loss = 0.209610
  chunk 28 final batch loss = 0.256970
  chunk 29 final batch loss = 0.776135
  chunk 30 final batch loss = 0.327019
  chunk 31 final batch loss = 0.284526
  chunk 32 final batch loss = 0.697162
  chunk 33 final batch loss = 0.254850
  chunk 34 final batch loss = 0.338244
  chunk 35 final batch loss = 0.800500
  chunk 36 final batch loss = 0.696103
  chunk 37 final batch loss = 0.470406
  chunk 38 final batch loss = 0.273904
  chunk 39 final batch loss = 0.817774
  chunk 40 final batch loss = 0.265204
  chunk 41 final batch loss = 0.657814
  chunk 42 final batch loss = 0.271028
  chunk 43 final batch loss = 0.795651
  chunk 44 final batch loss = 0.332720
  chunk 45 final batch loss = 0.761806
  chunk 46 final batch loss = 0.273101
  chunk 47 final batch loss = 0.268124
  chunk 48 final batch loss = 0.292027
  chunk 49 final batch loss = 0.794966
  chunk 50 final batch loss = 0.628477
  chunk 51 final batch loss = 0.297862
  chunk 52 final batch loss = 0.232228
  chunk 53 final batch loss = 0.470251
  chunk 54 final batch loss = 0.330668
  chunk 55 final batch loss = 0.284487
  chunk 56 final batch loss = 0.725896
  chunk 57 final batch loss = 0.724372
  chunk 58 final batch loss = 0.631691
  chunk 59 final batch loss = 0.285603
  chunk 60 final batch loss = 0.621406
  chunk 61 final batch loss = 0.295498
  chunk 62 final batch loss = 0.275788
  chunk 63 final batch loss = 0.772389
  chunk 64 final batch loss = 0.753792
  chunk 65 final batch loss = 0.347836
  chunk 66 final batch loss = 0.623078
  chunk 67 final batch loss = 0.787601
  chunk 68 final batch loss = 0.409293
  chunk 69 final batch loss = 0.592943
  chunk 70 final batch loss = 0.218029
  chunk 71 final batch loss = 0.631175
  chunk 72 final batch loss = 0.726649
  chunk 73 final batch loss = 0.377655
  chunk 74 final batch loss = 0.529662
  chunk 75 final batch loss = 0.247783
  chunk 76 final batch loss = 0.265358
  chunk 77 final batch loss = 0.374696
  chunk 78 final batch loss = 0.755774
  chunk 79 final batch loss = 0.607607
Validation loss: 0.461975
No improvement for 4 epochs
Epoch 43
  chunk 0 final batch loss = 0.785637
  chunk 1 final batch loss = 0.784113
  chunk 2 final batch loss = 0.402447
  chunk 3 final batch loss = 0.290110
  chunk 4 final batch loss = 0.754491
  chunk 5 final batch loss = 0.518350
  chunk 6 final batch loss = 0.234434
  chunk 7 final batch loss = 0.399398
  chunk 8 final batch loss = 0.335748
  chunk 9 final batch loss = 0.608802
  chunk 10 final batch loss = 0.358422
  chunk 11 final batch loss = 0.807982
  chunk 12 final batch loss = 0.718918
  chunk 13 final batch loss = 0.684329
  chunk 14 final batch loss = 0.428930
  chunk 15 final batch loss = 0.289949
  chunk 16 final batch loss = 0.306185
  chunk 17 final batch loss = 0.406463
  chunk 18 final batch loss = 0.541554
  chunk 19 final batch loss = 0.244506
  chunk 20 final batch loss = 0.786996
  chunk 21 final batch loss = 0.576083
  chunk 22 final batch loss = 0.751243
  chunk 23 final batch loss = 0.658677
  chunk 24 final batch loss = 0.762405
  chunk 25 final batch loss = 0.326837
  chunk 26 final batch loss = 0.780364
  chunk 27 final batch loss = 0.237797
  chunk 28 final batch loss = 0.250897
  chunk 29 final batch loss = 0.778699
  chunk 30 final batch loss = 0.321924
  chunk 31 final batch loss = 0.299833
  chunk 32 final batch loss = 0.694011
  chunk 33 final batch loss = 0.258348
  chunk 34 final batch loss = 0.346325
  chunk 35 final batch loss = 0.770280
  chunk 36 final batch loss = 0.653902
  chunk 37 final batch loss = 0.490075
  chunk 38 final batch loss = 0.247494
  chunk 39 final batch loss = 0.814047
  chunk 40 final batch loss = 0.260047
  chunk 41 final batch loss = 0.600842
  chunk 42 final batch loss = 0.255764
  chunk 43 final batch loss = 0.752868
  chunk 44 final batch loss = 0.373202
  chunk 45 final batch loss = 0.737148
  chunk 46 final batch loss = 0.247286
  chunk 47 final batch loss = 0.274600
  chunk 48 final batch loss = 0.304477
  chunk 49 final batch loss = 0.765741
  chunk 50 final batch loss = 0.594532
  chunk 51 final batch loss = 0.303272
  chunk 52 final batch loss = 0.197681
  chunk 53 final batch loss = 0.481485
  chunk 54 final batch loss = 0.366208
  chunk 55 final batch loss = 0.272912
  chunk 56 final batch loss = 0.724091
  chunk 57 final batch loss = 0.748936
  chunk 58 final batch loss = 0.597891
  chunk 59 final batch loss = 0.271742
  chunk 60 final batch loss = 0.612535
  chunk 61 final batch loss = 0.302546
  chunk 62 final batch loss = 0.279525
  chunk 63 final batch loss = 0.779011
  chunk 64 final batch loss = 0.757812
  chunk 65 final batch loss = 0.319131
  chunk 66 final batch loss = 0.588768
  chunk 67 final batch loss = 0.779957
  chunk 68 final batch loss = 0.397440
  chunk 69 final batch loss = 0.609955
  chunk 70 final batch loss = 0.242455
  chunk 71 final batch loss = 0.621112
  chunk 72 final batch loss = 0.713579
  chunk 73 final batch loss = 0.356098
  chunk 74 final batch loss = 0.460388
  chunk 75 final batch loss = 0.270308
  chunk 76 final batch loss = 0.245236
  chunk 77 final batch loss = 0.418845
  chunk 78 final batch loss = 0.783200
  chunk 79 final batch loss = 0.573030
Validation loss: 0.462449
No improvement for 5 epochs
Epoch 44
  chunk 0 final batch loss = 0.793874
  chunk 1 final batch loss = 0.799199
  chunk 2 final batch loss = 0.411669
  chunk 3 final batch loss = 0.294467
  chunk 4 final batch loss = 0.743669
  chunk 5 final batch loss = 0.516758
  chunk 6 final batch loss = 0.251753
  chunk 7 final batch loss = 0.397029
  chunk 8 final batch loss = 0.330395
  chunk 9 final batch loss = 0.586284
  chunk 10 final batch loss = 0.452862
  chunk 11 final batch loss = 0.824605
  chunk 12 final batch loss = 0.688683
  chunk 13 final batch loss = 0.703813
  chunk 14 final batch loss = 0.389040
  chunk 15 final batch loss = 0.314400
  chunk 16 final batch loss = 0.281270
  chunk 17 final batch loss = 0.380131
  chunk 18 final batch loss = 0.557804
  chunk 19 final batch loss = 0.271461
  chunk 20 final batch loss = 0.785574
  chunk 21 final batch loss = 0.629528
  chunk 22 final batch loss = 0.769290
  chunk 23 final batch loss = 0.607443
  chunk 24 final batch loss = 0.797254
  chunk 25 final batch loss = 0.278668
  chunk 26 final batch loss = 0.775146
  chunk 27 final batch loss = 0.247915
  chunk 28 final batch loss = 0.243145
  chunk 29 final batch loss = 0.784236
  chunk 30 final batch loss = 0.306350
  chunk 31 final batch loss = 0.281073
  chunk 32 final batch loss = 0.747288
  chunk 33 final batch loss = 0.239902
  chunk 34 final batch loss = 0.420100
  chunk 35 final batch loss = 0.793819
  chunk 36 final batch loss = 0.627662
  chunk 37 final batch loss = 0.490364
  chunk 38 final batch loss = 0.260413
  chunk 39 final batch loss = 0.820074
  chunk 40 final batch loss = 0.236531
  chunk 41 final batch loss = 0.583891
  chunk 42 final batch loss = 0.279697
  chunk 43 final batch loss = 0.783638
  chunk 44 final batch loss = 0.332681
  chunk 45 final batch loss = 0.694172
  chunk 46 final batch loss = 0.264325
  chunk 47 final batch loss = 0.241157
  chunk 48 final batch loss = 0.301873
  chunk 49 final batch loss = 0.779485
  chunk 50 final batch loss = 0.618560
  chunk 51 final batch loss = 0.308232
  chunk 52 final batch loss = 0.238852
  chunk 53 final batch loss = 0.514828
  chunk 54 final batch loss = 0.332999
  chunk 55 final batch loss = 0.287918
  chunk 56 final batch loss = 0.697850
  chunk 57 final batch loss = 0.718528
  chunk 58 final batch loss = 0.592580
  chunk 59 final batch loss = 0.264153
  chunk 60 final batch loss = 0.621044
  chunk 61 final batch loss = 0.299587
  chunk 62 final batch loss = 0.308994
  chunk 63 final batch loss = 0.765051
  chunk 64 final batch loss = 0.738857
  chunk 65 final batch loss = 0.317014
  chunk 66 final batch loss = 0.644620
  chunk 67 final batch loss = 0.795505
  chunk 68 final batch loss = 0.402729
  chunk 69 final batch loss = 0.625646
  chunk 70 final batch loss = 0.239408
  chunk 71 final batch loss = 0.650692
  chunk 72 final batch loss = 0.684835
  chunk 73 final batch loss = 0.362461
  chunk 74 final batch loss = 0.536969
  chunk 75 final batch loss = 0.248037
  chunk 76 final batch loss = 0.247060
  chunk 77 final batch loss = 0.370206
  chunk 78 final batch loss = 0.770924
  chunk 79 final batch loss = 0.568347
Validation loss: 0.458538
Saved BEST checkpoint
Epoch 45
  chunk 0 final batch loss = 0.793549
  chunk 1 final batch loss = 0.779095
  chunk 2 final batch loss = 0.351899
  chunk 3 final batch loss = 0.303002
  chunk 4 final batch loss = 0.710380
  chunk 5 final batch loss = 0.480840
  chunk 6 final batch loss = 0.222549
  chunk 7 final batch loss = 0.401978
  chunk 8 final batch loss = 0.337547
  chunk 9 final batch loss = 0.632763
  chunk 10 final batch loss = 0.403203
  chunk 11 final batch loss = 0.813054
  chunk 12 final batch loss = 0.692402
  chunk 13 final batch loss = 0.689093
  chunk 14 final batch loss = 0.388353
  chunk 15 final batch loss = 0.278017
  chunk 16 final batch loss = 0.305918
  chunk 17 final batch loss = 0.376641
  chunk 18 final batch loss = 0.624297
  chunk 19 final batch loss = 0.271330
  chunk 20 final batch loss = 0.769214
  chunk 21 final batch loss = 0.613688
  chunk 22 final batch loss = 0.802688
  chunk 23 final batch loss = 0.658143
  chunk 24 final batch loss = 0.787750
  chunk 25 final batch loss = 0.315807
  chunk 26 final batch loss = 0.764404
  chunk 27 final batch loss = 0.223455
  chunk 28 final batch loss = 0.230213
  chunk 29 final batch loss = 0.765586
  chunk 30 final batch loss = 0.316753
  chunk 31 final batch loss = 0.274848
  chunk 32 final batch loss = 0.747956
  chunk 33 final batch loss = 0.236910
  chunk 34 final batch loss = 0.388908
  chunk 35 final batch loss = 0.800325
  chunk 36 final batch loss = 0.622188
  chunk 37 final batch loss = 0.523129
  chunk 38 final batch loss = 0.248916
  chunk 39 final batch loss = 0.827777
  chunk 40 final batch loss = 0.269346
  chunk 41 final batch loss = 0.637193
  chunk 42 final batch loss = 0.272021
  chunk 43 final batch loss = 0.771849
  chunk 44 final batch loss = 0.335511
  chunk 45 final batch loss = 0.774709
  chunk 46 final batch loss = 0.248709
  chunk 47 final batch loss = 0.266965
  chunk 48 final batch loss = 0.298837
  chunk 49 final batch loss = 0.728121
  chunk 50 final batch loss = 0.592613
  chunk 51 final batch loss = 0.288893
  chunk 52 final batch loss = 0.249719
  chunk 53 final batch loss = 0.455547
  chunk 54 final batch loss = 0.330912
  chunk 55 final batch loss = 0.266739
  chunk 56 final batch loss = 0.698423
  chunk 57 final batch loss = 0.730313
  chunk 58 final batch loss = 0.596531
  chunk 59 final batch loss = 0.266251
  chunk 60 final batch loss = 0.594770
  chunk 61 final batch loss = 0.313941
  chunk 62 final batch loss = 0.304626
  chunk 63 final batch loss = 0.762973
  chunk 64 final batch loss = 0.795146
  chunk 65 final batch loss = 0.340041
  chunk 66 final batch loss = 0.564165
  chunk 67 final batch loss = 0.792556
  chunk 68 final batch loss = 0.399484
  chunk 69 final batch loss = 0.616508
  chunk 70 final batch loss = 0.240648
  chunk 71 final batch loss = 0.594920
  chunk 72 final batch loss = 0.708501
  chunk 73 final batch loss = 0.382284
  chunk 74 final batch loss = 0.521181
  chunk 75 final batch loss = 0.242191
  chunk 76 final batch loss = 0.232420
  chunk 77 final batch loss = 0.380402
  chunk 78 final batch loss = 0.766670
  chunk 79 final batch loss = 0.576754
Validation loss: 0.459211
No improvement for 1 epochs
Epoch 46
  chunk 0 final batch loss = 0.792859
  chunk 1 final batch loss = 0.787269
  chunk 2 final batch loss = 0.341613
  chunk 3 final batch loss = 0.284657
  chunk 4 final batch loss = 0.735578
  chunk 5 final batch loss = 0.490388
  chunk 6 final batch loss = 0.237881
  chunk 7 final batch loss = 0.418784
  chunk 8 final batch loss = 0.347795
  chunk 9 final batch loss = 0.575326
  chunk 10 final batch loss = 0.404076
  chunk 11 final batch loss = 0.816452
  chunk 12 final batch loss = 0.716445
  chunk 13 final batch loss = 0.678747
  chunk 14 final batch loss = 0.449853
  chunk 15 final batch loss = 0.277456
  chunk 16 final batch loss = 0.274091
  chunk 17 final batch loss = 0.367224
  chunk 18 final batch loss = 0.614522
  chunk 19 final batch loss = 0.254870
  chunk 20 final batch loss = 0.784897
  chunk 21 final batch loss = 0.633709
  chunk 22 final batch loss = 0.791141
  chunk 23 final batch loss = 0.664461
  chunk 24 final batch loss = 0.787310
  chunk 25 final batch loss = 0.303409
  chunk 26 final batch loss = 0.759331
  chunk 27 final batch loss = 0.224265
  chunk 28 final batch loss = 0.254296
  chunk 29 final batch loss = 0.782312
  chunk 30 final batch loss = 0.308126
  chunk 31 final batch loss = 0.290391
  chunk 32 final batch loss = 0.705282
  chunk 33 final batch loss = 0.236808
  chunk 34 final batch loss = 0.395448
  chunk 35 final batch loss = 0.793405
  chunk 36 final batch loss = 0.675450
  chunk 37 final batch loss = 0.454830
  chunk 38 final batch loss = 0.258123
  chunk 39 final batch loss = 0.824452
  chunk 40 final batch loss = 0.255690
  chunk 41 final batch loss = 0.660592
  chunk 42 final batch loss = 0.277587
  chunk 43 final batch loss = 0.777121
  chunk 44 final batch loss = 0.304709
  chunk 45 final batch loss = 0.746487
  chunk 46 final batch loss = 0.251622
  chunk 47 final batch loss = 0.247497
  chunk 48 final batch loss = 0.275695
  chunk 49 final batch loss = 0.786705
  chunk 50 final batch loss = 0.650578
  chunk 51 final batch loss = 0.309647
  chunk 52 final batch loss = 0.226707
  chunk 53 final batch loss = 0.491957
  chunk 54 final batch loss = 0.347965
  chunk 55 final batch loss = 0.253579
  chunk 56 final batch loss = 0.690889
  chunk 57 final batch loss = 0.718317
  chunk 58 final batch loss = 0.593211
  chunk 59 final batch loss = 0.259601
  chunk 60 final batch loss = 0.613395
  chunk 61 final batch loss = 0.289041
  chunk 62 final batch loss = 0.308279
  chunk 63 final batch loss = 0.780678
  chunk 64 final batch loss = 0.779097
  chunk 65 final batch loss = 0.346841
  chunk 66 final batch loss = 0.651206
  chunk 67 final batch loss = 0.778086
  chunk 68 final batch loss = 0.337516
  chunk 69 final batch loss = 0.590800
  chunk 70 final batch loss = 0.252668
  chunk 71 final batch loss = 0.610947
  chunk 72 final batch loss = 0.708519
  chunk 73 final batch loss = 0.360540
  chunk 74 final batch loss = 0.493800
  chunk 75 final batch loss = 0.244909
  chunk 76 final batch loss = 0.239825
  chunk 77 final batch loss = 0.399952
  chunk 78 final batch loss = 0.761319
  chunk 79 final batch loss = 0.572228
Validation loss: 0.460488
No improvement for 2 epochs
Epoch 47
  chunk 0 final batch loss = 0.772805
  chunk 1 final batch loss = 0.787693
  chunk 2 final batch loss = 0.352977
  chunk 3 final batch loss = 0.299203
  chunk 4 final batch loss = 0.733124
  chunk 5 final batch loss = 0.515107
  chunk 6 final batch loss = 0.245793
  chunk 7 final batch loss = 0.363247
  chunk 8 final batch loss = 0.322202
  chunk 9 final batch loss = 0.572267
  chunk 10 final batch loss = 0.415882
  chunk 11 final batch loss = 0.826336
  chunk 12 final batch loss = 0.703113
  chunk 13 final batch loss = 0.688812
  chunk 14 final batch loss = 0.359660
  chunk 15 final batch loss = 0.289763
  chunk 16 final batch loss = 0.287795
  chunk 17 final batch loss = 0.343679
  chunk 18 final batch loss = 0.573666
  chunk 19 final batch loss = 0.275546
  chunk 20 final batch loss = 0.792773
  chunk 21 final batch loss = 0.626239
  chunk 22 final batch loss = 0.731692
  chunk 23 final batch loss = 0.642351
  chunk 24 final batch loss = 0.779119
  chunk 25 final batch loss = 0.313589
  chunk 26 final batch loss = 0.756559
  chunk 27 final batch loss = 0.235048
  chunk 28 final batch loss = 0.249227
  chunk 29 final batch loss = 0.790109
  chunk 30 final batch loss = 0.273297
  chunk 31 final batch loss = 0.306297
  chunk 32 final batch loss = 0.709769
  chunk 33 final batch loss = 0.237390
  chunk 34 final batch loss = 0.390396
  chunk 35 final batch loss = 0.769815
  chunk 36 final batch loss = 0.705423
  chunk 37 final batch loss = 0.534140
  chunk 38 final batch loss = 0.238391
  chunk 39 final batch loss = 0.819002
  chunk 40 final batch loss = 0.243608
  chunk 41 final batch loss = 0.585228
  chunk 42 final batch loss = 0.268833
  chunk 43 final batch loss = 0.775709
  chunk 44 final batch loss = 0.322260
  chunk 45 final batch loss = 0.710552
  chunk 46 final batch loss = 0.247269
  chunk 47 final batch loss = 0.250746
  chunk 48 final batch loss = 0.274875
  chunk 49 final batch loss = 0.779696
  chunk 50 final batch loss = 0.588230
  chunk 51 final batch loss = 0.292448
  chunk 52 final batch loss = 0.260430
  chunk 53 final batch loss = 0.542888
  chunk 54 final batch loss = 0.306129
  chunk 55 final batch loss = 0.255218
  chunk 56 final batch loss = 0.686314
  chunk 57 final batch loss = 0.712301
  chunk 58 final batch loss = 0.600141
  chunk 59 final batch loss = 0.256988
  chunk 60 final batch loss = 0.586357
  chunk 61 final batch loss = 0.308352
  chunk 62 final batch loss = 0.304760
  chunk 63 final batch loss = 0.760832
  chunk 64 final batch loss = 0.762157
  chunk 65 final batch loss = 0.338373
  chunk 66 final batch loss = 0.630217
  chunk 67 final batch loss = 0.796313
  chunk 68 final batch loss = 0.362268
  chunk 69 final batch loss = 0.638922
  chunk 70 final batch loss = 0.238498
  chunk 71 final batch loss = 0.622221
  chunk 72 final batch loss = 0.746849
  chunk 73 final batch loss = 0.355575
  chunk 74 final batch loss = 0.495205
  chunk 75 final batch loss = 0.259192
  chunk 76 final batch loss = 0.246545
  chunk 77 final batch loss = 0.364683
  chunk 78 final batch loss = 0.760290
  chunk 79 final batch loss = 0.527972
Validation loss: 0.458415
Saved BEST checkpoint
Epoch 48
  chunk 0 final batch loss = 0.758530
  chunk 1 final batch loss = 0.793274
  chunk 2 final batch loss = 0.391939
  chunk 3 final batch loss = 0.295319
  chunk 4 final batch loss = 0.742199
  chunk 5 final batch loss = 0.493887
  chunk 6 final batch loss = 0.242401
  chunk 7 final batch loss = 0.430344
  chunk 8 final batch loss = 0.343994
  chunk 9 final batch loss = 0.524812
  chunk 10 final batch loss = 0.397807
  chunk 11 final batch loss = 0.813019
  chunk 12 final batch loss = 0.695247
  chunk 13 final batch loss = 0.715703
  chunk 14 final batch loss = 0.434558
  chunk 15 final batch loss = 0.277947
  chunk 16 final batch loss = 0.291835
  chunk 17 final batch loss = 0.377552
  chunk 18 final batch loss = 0.622508
  chunk 19 final batch loss = 0.264277
  chunk 20 final batch loss = 0.760304
  chunk 21 final batch loss = 0.565824
  chunk 22 final batch loss = 0.769341
  chunk 23 final batch loss = 0.600076
  chunk 24 final batch loss = 0.780744
  chunk 25 final batch loss = 0.298367
  chunk 26 final batch loss = 0.774319
  chunk 27 final batch loss = 0.210177
  chunk 28 final batch loss = 0.261230
  chunk 29 final batch loss = 0.776244
  chunk 30 final batch loss = 0.280088
  chunk 31 final batch loss = 0.304519
  chunk 32 final batch loss = 0.699033
  chunk 33 final batch loss = 0.257618
  chunk 34 final batch loss = 0.389907
  chunk 35 final batch loss = 0.782147
  chunk 36 final batch loss = 0.598892
  chunk 37 final batch loss = 0.466617
  chunk 38 final batch loss = 0.252640
  chunk 39 final batch loss = 0.806018
  chunk 40 final batch loss = 0.247812
  chunk 41 final batch loss = 0.632535
  chunk 42 final batch loss = 0.253073
  chunk 43 final batch loss = 0.795634
  chunk 44 final batch loss = 0.318353
  chunk 45 final batch loss = 0.709543
  chunk 46 final batch loss = 0.250882
  chunk 47 final batch loss = 0.250734
  chunk 48 final batch loss = 0.316794
  chunk 49 final batch loss = 0.781541
  chunk 50 final batch loss = 0.658894
  chunk 51 final batch loss = 0.297837
  chunk 52 final batch loss = 0.245363
  chunk 53 final batch loss = 0.483978
  chunk 54 final batch loss = 0.327797
  chunk 55 final batch loss = 0.254033
  chunk 56 final batch loss = 0.717438
  chunk 57 final batch loss = 0.754079
  chunk 58 final batch loss = 0.601727
  chunk 59 final batch loss = 0.256393
  chunk 60 final batch loss = 0.603551
  chunk 61 final batch loss = 0.298335
  chunk 62 final batch loss = 0.294781
  chunk 63 final batch loss = 0.735228
  chunk 64 final batch loss = 0.754840
  chunk 65 final batch loss = 0.325558
  chunk 66 final batch loss = 0.604430
  chunk 67 final batch loss = 0.775524
  chunk 68 final batch loss = 0.367468
  chunk 69 final batch loss = 0.627541
  chunk 70 final batch loss = 0.263532
  chunk 71 final batch loss = 0.604502
  chunk 72 final batch loss = 0.712863
  chunk 73 final batch loss = 0.357761
  chunk 74 final batch loss = 0.461189
  chunk 75 final batch loss = 0.262822
  chunk 76 final batch loss = 0.240679
  chunk 77 final batch loss = 0.436842
  chunk 78 final batch loss = 0.741637
  chunk 79 final batch loss = 0.597986
Validation loss: 0.459834
No improvement for 1 epochs
Epoch 49
  chunk 0 final batch loss = 0.762869
  chunk 1 final batch loss = 0.773749
  chunk 2 final batch loss = 0.366569
  chunk 3 final batch loss = 0.269339
  chunk 4 final batch loss = 0.721000
  chunk 5 final batch loss = 0.505466
  chunk 6 final batch loss = 0.243464
  chunk 7 final batch loss = 0.386992
  chunk 8 final batch loss = 0.354033
  chunk 9 final batch loss = 0.569421
  chunk 10 final batch loss = 0.400278
  chunk 11 final batch loss = 0.811666
  chunk 12 final batch loss = 0.688732
  chunk 13 final batch loss = 0.696066
  chunk 14 final batch loss = 0.372519
  chunk 15 final batch loss = 0.282162
  chunk 16 final batch loss = 0.295145
  chunk 17 final batch loss = 0.391637
  chunk 18 final batch loss = 0.579286
  chunk 19 final batch loss = 0.257020
  chunk 20 final batch loss = 0.788064
  chunk 21 final batch loss = 0.578704
  chunk 22 final batch loss = 0.745574
  chunk 23 final batch loss = 0.648933
  chunk 24 final batch loss = 0.767657
  chunk 25 final batch loss = 0.288365
  chunk 26 final batch loss = 0.800587
  chunk 27 final batch loss = 0.229320
  chunk 28 final batch loss = 0.235477
  chunk 29 final batch loss = 0.802830
  chunk 30 final batch loss = 0.299644
  chunk 31 final batch loss = 0.301182
  chunk 32 final batch loss = 0.680848
  chunk 33 final batch loss = 0.286406
  chunk 34 final batch loss = 0.392732
  chunk 35 final batch loss = 0.772398
  chunk 36 final batch loss = 0.638661
  chunk 37 final batch loss = 0.490540
  chunk 38 final batch loss = 0.232348
  chunk 39 final batch loss = 0.813243
  chunk 40 final batch loss = 0.275586
  chunk 41 final batch loss = 0.580707
  chunk 42 final batch loss = 0.267767
  chunk 43 final batch loss = 0.794785
  chunk 44 final batch loss = 0.343293
  chunk 45 final batch loss = 0.761535
  chunk 46 final batch loss = 0.244293
  chunk 47 final batch loss = 0.248946
  chunk 48 final batch loss = 0.290871
  chunk 49 final batch loss = 0.761189
  chunk 50 final batch loss = 0.628108
  chunk 51 final batch loss = 0.289170
  chunk 52 final batch loss = 0.248485
  chunk 53 final batch loss = 0.479283
  chunk 54 final batch loss = 0.349778
  chunk 55 final batch loss = 0.267575
  chunk 56 final batch loss = 0.657635
  chunk 57 final batch loss = 0.720904
  chunk 58 final batch loss = 0.593627
  chunk 59 final batch loss = 0.241869
  chunk 60 final batch loss = 0.596406
  chunk 61 final batch loss = 0.279733
  chunk 62 final batch loss = 0.295990
  chunk 63 final batch loss = 0.774721
  chunk 64 final batch loss = 0.788754
  chunk 65 final batch loss = 0.331725
  chunk 66 final batch loss = 0.580435
  chunk 67 final batch loss = 0.797544
  chunk 68 final batch loss = 0.379270
  chunk 69 final batch loss = 0.590087
  chunk 70 final batch loss = 0.238722
  chunk 71 final batch loss = 0.597215
  chunk 72 final batch loss = 0.722136
  chunk 73 final batch loss = 0.345752
  chunk 74 final batch loss = 0.523852
  chunk 75 final batch loss = 0.261139
  chunk 76 final batch loss = 0.232944
  chunk 77 final batch loss = 0.408297
  chunk 78 final batch loss = 0.731241
  chunk 79 final batch loss = 0.561944
Validation loss: 0.460194
No improvement for 2 epochs
Epoch 50
  chunk 0 final batch loss = 0.786450
  chunk 1 final batch loss = 0.793490
  chunk 2 final batch loss = 0.362058
  chunk 3 final batch loss = 0.305435
  chunk 4 final batch loss = 0.727796
  chunk 5 final batch loss = 0.501774
  chunk 6 final batch loss = 0.249069
  chunk 7 final batch loss = 0.355761
  chunk 8 final batch loss = 0.342294
  chunk 9 final batch loss = 0.612818
  chunk 10 final batch loss = 0.404854
  chunk 11 final batch loss = 0.814475
  chunk 12 final batch loss = 0.688234
  chunk 13 final batch loss = 0.697072
  chunk 14 final batch loss = 0.375721
  chunk 15 final batch loss = 0.255274
  chunk 16 final batch loss = 0.311586
  chunk 17 final batch loss = 0.361834
  chunk 18 final batch loss = 0.591263
  chunk 19 final batch loss = 0.275217
  chunk 20 final batch loss = 0.785687
  chunk 21 final batch loss = 0.627780
  chunk 22 final batch loss = 0.791378
  chunk 23 final batch loss = 0.671912
  chunk 24 final batch loss = 0.741221
  chunk 25 final batch loss = 0.279489
  chunk 26 final batch loss = 0.773536
  chunk 27 final batch loss = 0.236117
  chunk 28 final batch loss = 0.271260
  chunk 29 final batch loss = 0.790054
  chunk 30 final batch loss = 0.305634
  chunk 31 final batch loss = 0.285839
  chunk 32 final batch loss = 0.707482
  chunk 33 final batch loss = 0.258887
  chunk 34 final batch loss = 0.387999
  chunk 35 final batch loss = 0.780159
  chunk 36 final batch loss = 0.626652
  chunk 37 final batch loss = 0.489171
  chunk 38 final batch loss = 0.258770
  chunk 39 final batch loss = 0.817181
  chunk 40 final batch loss = 0.253065
  chunk 41 final batch loss = 0.634261
  chunk 42 final batch loss = 0.254139
  chunk 43 final batch loss = 0.783577
  chunk 44 final batch loss = 0.337221
  chunk 45 final batch loss = 0.756904
  chunk 46 final batch loss = 0.253414
  chunk 47 final batch loss = 0.247551
  chunk 48 final batch loss = 0.295169
  chunk 49 final batch loss = 0.783316
  chunk 50 final batch loss = 0.631117
  chunk 51 final batch loss = 0.292145
  chunk 52 final batch loss = 0.225295
  chunk 53 final batch loss = 0.461061
  chunk 54 final batch loss = 0.337564
  chunk 55 final batch loss = 0.262371
  chunk 56 final batch loss = 0.695235
  chunk 57 final batch loss = 0.746752
  chunk 58 final batch loss = 0.558729
  chunk 59 final batch loss = 0.252007
  chunk 60 final batch loss = 0.581339
  chunk 61 final batch loss = 0.306626
  chunk 62 final batch loss = 0.334989
  chunk 63 final batch loss = 0.734865
  chunk 64 final batch loss = 0.762921
  chunk 65 final batch loss = 0.365713
  chunk 66 final batch loss = 0.564479
  chunk 67 final batch loss = 0.773726
  chunk 68 final batch loss = 0.367172
  chunk 69 final batch loss = 0.550765
  chunk 70 final batch loss = 0.257429
  chunk 71 final batch loss = 0.633407
  chunk 72 final batch loss = 0.696892
  chunk 73 final batch loss = 0.345138
  chunk 74 final batch loss = 0.470623
  chunk 75 final batch loss = 0.256578
  chunk 76 final batch loss = 0.245162
  chunk 77 final batch loss = 0.358756
  chunk 78 final batch loss = 0.777806
  chunk 79 final batch loss = 0.616906
Validation loss: 0.461133
No improvement for 3 epochs
Epoch 51
  chunk 0 final batch loss = 0.779304
  chunk 1 final batch loss = 0.774483
  chunk 2 final batch loss = 0.345555
  chunk 3 final batch loss = 0.311845
  chunk 4 final batch loss = 0.751313
  chunk 5 final batch loss = 0.519657
  chunk 6 final batch loss = 0.236989
  chunk 7 final batch loss = 0.409410
  chunk 8 final batch loss = 0.309859
  chunk 9 final batch loss = 0.626921
  chunk 10 final batch loss = 0.417543
  chunk 11 final batch loss = 0.812652
  chunk 12 final batch loss = 0.727147
  chunk 13 final batch loss = 0.693092
  chunk 14 final batch loss = 0.350398
  chunk 15 final batch loss = 0.290088
  chunk 16 final batch loss = 0.305639
  chunk 17 final batch loss = 0.367467
  chunk 18 final batch loss = 0.652887
  chunk 19 final batch loss = 0.233731
  chunk 20 final batch loss = 0.770284
  chunk 21 final batch loss = 0.551346
  chunk 22 final batch loss = 0.744964
  chunk 23 final batch loss = 0.612437
  chunk 24 final batch loss = 0.750894
  chunk 25 final batch loss = 0.307718
  chunk 26 final batch loss = 0.775423
  chunk 27 final batch loss = 0.247196
  chunk 28 final batch loss = 0.264801
  chunk 29 final batch loss = 0.781590
  chunk 30 final batch loss = 0.306653
  chunk 31 final batch loss = 0.266203
  chunk 32 final batch loss = 0.739771
  chunk 33 final batch loss = 0.248061
  chunk 34 final batch loss = 0.356696
  chunk 35 final batch loss = 0.764004
  chunk 36 final batch loss = 0.604908
  chunk 37 final batch loss = 0.476285
  chunk 38 final batch loss = 0.249409
  chunk 39 final batch loss = 0.812953
  chunk 40 final batch loss = 0.256604
  chunk 41 final batch loss = 0.564935
  chunk 42 final batch loss = 0.287593
  chunk 43 final batch loss = 0.795127
  chunk 44 final batch loss = 0.317302
  chunk 45 final batch loss = 0.733430
  chunk 46 final batch loss = 0.264404
  chunk 47 final batch loss = 0.253966
  chunk 48 final batch loss = 0.287721
  chunk 49 final batch loss = 0.752824
  chunk 50 final batch loss = 0.610785
  chunk 51 final batch loss = 0.258820
  chunk 52 final batch loss = 0.252382
  chunk 53 final batch loss = 0.488466
  chunk 54 final batch loss = 0.336961
  chunk 55 final batch loss = 0.265248
  chunk 56 final batch loss = 0.689213
  chunk 57 final batch loss = 0.677067
  chunk 58 final batch loss = 0.570610
  chunk 59 final batch loss = 0.257494
  chunk 60 final batch loss = 0.555326
  chunk 61 final batch loss = 0.288929
  chunk 62 final batch loss = 0.307574
  chunk 63 final batch loss = 0.769922
  chunk 64 final batch loss = 0.757932
  chunk 65 final batch loss = 0.338846
  chunk 66 final batch loss = 0.645783
  chunk 67 final batch loss = 0.785442
  chunk 68 final batch loss = 0.414072
  chunk 69 final batch loss = 0.607988
  chunk 70 final batch loss = 0.246785
  chunk 71 final batch loss = 0.630400
  chunk 72 final batch loss = 0.695779
  chunk 73 final batch loss = 0.400856
  chunk 74 final batch loss = 0.546707
  chunk 75 final batch loss = 0.262823
  chunk 76 final batch loss = 0.231810
  chunk 77 final batch loss = 0.445648
  chunk 78 final batch loss = 0.749431
  chunk 79 final batch loss = 0.617393
Validation loss: 0.460868
No improvement for 4 epochs
Epoch 52
  chunk 0 final batch loss = 0.781394
  chunk 1 final batch loss = 0.788202
  chunk 2 final batch loss = 0.340507
  chunk 3 final batch loss = 0.270345
  chunk 4 final batch loss = 0.740789
  chunk 5 final batch loss = 0.541135
  chunk 6 final batch loss = 0.226698
  chunk 7 final batch loss = 0.351504
  chunk 8 final batch loss = 0.344157
  chunk 9 final batch loss = 0.575200
  chunk 10 final batch loss = 0.397426
  chunk 11 final batch loss = 0.802782
  chunk 12 final batch loss = 0.709240
  chunk 13 final batch loss = 0.689241
  chunk 14 final batch loss = 0.379142
  chunk 15 final batch loss = 0.294887
  chunk 16 final batch loss = 0.292097
  chunk 17 final batch loss = 0.368990
  chunk 18 final batch loss = 0.626053
  chunk 19 final batch loss = 0.257321
  chunk 20 final batch loss = 0.788831
  chunk 21 final batch loss = 0.588050
  chunk 22 final batch loss = 0.754469
  chunk 23 final batch loss = 0.625307
  chunk 24 final batch loss = 0.759697
  chunk 25 final batch loss = 0.269346
  chunk 26 final batch loss = 0.782211
  chunk 27 final batch loss = 0.218695
  chunk 28 final batch loss = 0.257637
  chunk 29 final batch loss = 0.766299
  chunk 30 final batch loss = 0.275037
  chunk 31 final batch loss = 0.303129
  chunk 32 final batch loss = 0.705947
  chunk 33 final batch loss = 0.238035
  chunk 34 final batch loss = 0.394742
  chunk 35 final batch loss = 0.787059
  chunk 36 final batch loss = 0.658005
  chunk 37 final batch loss = 0.482769
  chunk 38 final batch loss = 0.255981
  chunk 39 final batch loss = 0.815133
  chunk 40 final batch loss = 0.242955
  chunk 41 final batch loss = 0.548387
  chunk 42 final batch loss = 0.262776
  chunk 43 final batch loss = 0.802469
  chunk 44 final batch loss = 0.315420
  chunk 45 final batch loss = 0.717525
  chunk 46 final batch loss = 0.263661
  chunk 47 final batch loss = 0.259049
  chunk 48 final batch loss = 0.310831
  chunk 49 final batch loss = 0.767882
  chunk 50 final batch loss = 0.567872
  chunk 51 final batch loss = 0.289999
  chunk 52 final batch loss = 0.257759
  chunk 53 final batch loss = 0.541599
  chunk 54 final batch loss = 0.325177
  chunk 55 final batch loss = 0.259926
  chunk 56 final batch loss = 0.678996
  chunk 57 final batch loss = 0.719014
  chunk 58 final batch loss = 0.573445
  chunk 59 final batch loss = 0.231509
  chunk 60 final batch loss = 0.588161
  chunk 61 final batch loss = 0.303192
  chunk 62 final batch loss = 0.297723
  chunk 63 final batch loss = 0.764192
  chunk 64 final batch loss = 0.725811
  chunk 65 final batch loss = 0.351030
  chunk 66 final batch loss = 0.629741
  chunk 67 final batch loss = 0.803970
  chunk 68 final batch loss = 0.385794
  chunk 69 final batch loss = 0.553009
  chunk 70 final batch loss = 0.258656
  chunk 71 final batch loss = 0.589703
  chunk 72 final batch loss = 0.721235
  chunk 73 final batch loss = 0.387771
  chunk 74 final batch loss = 0.480585
  chunk 75 final batch loss = 0.255304
  chunk 76 final batch loss = 0.233936
  chunk 77 final batch loss = 0.357005
  chunk 78 final batch loss = 0.787800
  chunk 79 final batch loss = 0.589440
Validation loss: 0.460229
No improvement for 5 epochs
Epoch 53
  chunk 0 final batch loss = 0.797676
  chunk 1 final batch loss = 0.772556
  chunk 2 final batch loss = 0.353788
  chunk 3 final batch loss = 0.303018
  chunk 4 final batch loss = 0.725431
  chunk 5 final batch loss = 0.480884
  chunk 6 final batch loss = 0.253912
  chunk 7 final batch loss = 0.405547
  chunk 8 final batch loss = 0.329050
  chunk 9 final batch loss = 0.570297
  chunk 10 final batch loss = 0.402448
  chunk 11 final batch loss = 0.815693
  chunk 12 final batch loss = 0.683418
  chunk 13 final batch loss = 0.735103
  chunk 14 final batch loss = 0.402722
  chunk 15 final batch loss = 0.258405
  chunk 16 final batch loss = 0.272579
  chunk 17 final batch loss = 0.379237
  chunk 18 final batch loss = 0.588771
  chunk 19 final batch loss = 0.249142
  chunk 20 final batch loss = 0.759045
  chunk 21 final batch loss = 0.572636
  chunk 22 final batch loss = 0.746596
  chunk 23 final batch loss = 0.612684
  chunk 24 final batch loss = 0.764701
  chunk 25 final batch loss = 0.299947
  chunk 26 final batch loss = 0.764082
  chunk 27 final batch loss = 0.234826
  chunk 28 final batch loss = 0.238782
  chunk 29 final batch loss = 0.776408
  chunk 30 final batch loss = 0.276664
  chunk 31 final batch loss = 0.260913
  chunk 32 final batch loss = 0.686626
  chunk 33 final batch loss = 0.235976
  chunk 34 final batch loss = 0.345123
  chunk 35 final batch loss = 0.790767
  chunk 36 final batch loss = 0.603441
  chunk 37 final batch loss = 0.456705
  chunk 38 final batch loss = 0.267277
  chunk 39 final batch loss = 0.821417
  chunk 40 final batch loss = 0.282642
  chunk 41 final batch loss = 0.553334
  chunk 42 final batch loss = 0.275120
  chunk 43 final batch loss = 0.791751
  chunk 44 final batch loss = 0.311737
  chunk 45 final batch loss = 0.733672
  chunk 46 final batch loss = 0.258212
  chunk 47 final batch loss = 0.264483
  chunk 48 final batch loss = 0.290452
  chunk 49 final batch loss = 0.761597
  chunk 50 final batch loss = 0.620114
  chunk 51 final batch loss = 0.303574
  chunk 52 final batch loss = 0.241116
  chunk 53 final batch loss = 0.441136
  chunk 54 final batch loss = 0.346645
  chunk 55 final batch loss = 0.269614
  chunk 56 final batch loss = 0.697012
  chunk 57 final batch loss = 0.747741
  chunk 58 final batch loss = 0.634391
  chunk 59 final batch loss = 0.260685
  chunk 60 final batch loss = 0.591081
  chunk 61 final batch loss = 0.306928
  chunk 62 final batch loss = 0.287002
  chunk 63 final batch loss = 0.729600
  chunk 64 final batch loss = 0.738264
  chunk 65 final batch loss = 0.309873
  chunk 66 final batch loss = 0.622753
  chunk 67 final batch loss = 0.783718
  chunk 68 final batch loss = 0.364580
  chunk 69 final batch loss = 0.594469
  chunk 70 final batch loss = 0.259774
  chunk 71 final batch loss = 0.569910
  chunk 72 final batch loss = 0.711299
  chunk 73 final batch loss = 0.355489
  chunk 74 final batch loss = 0.500001
  chunk 75 final batch loss = 0.243875
  chunk 76 final batch loss = 0.238819
  chunk 77 final batch loss = 0.381954
  chunk 78 final batch loss = 0.722863
  chunk 79 final batch loss = 0.565281
Validation loss: 0.460225
No improvement for 6 epochs
Epoch 54
  chunk 0 final batch loss = 0.776665
  chunk 1 final batch loss = 0.773305
  chunk 2 final batch loss = 0.391064
  chunk 3 final batch loss = 0.290380
  chunk 4 final batch loss = 0.733740
  chunk 5 final batch loss = 0.496780
  chunk 6 final batch loss = 0.257347
  chunk 7 final batch loss = 0.386861
  chunk 8 final batch loss = 0.335353
  chunk 9 final batch loss = 0.574166
  chunk 10 final batch loss = 0.368660
  chunk 11 final batch loss = 0.807652
  chunk 12 final batch loss = 0.687049
  chunk 13 final batch loss = 0.679686
  chunk 14 final batch loss = 0.345044
  chunk 15 final batch loss = 0.283345
  chunk 16 final batch loss = 0.279483
  chunk 17 final batch loss = 0.299879
  chunk 18 final batch loss = 0.577718
  chunk 19 final batch loss = 0.276615
  chunk 20 final batch loss = 0.790959
  chunk 21 final batch loss = 0.581799
  chunk 22 final batch loss = 0.756136
  chunk 23 final batch loss = 0.606015
  chunk 24 final batch loss = 0.775503
  chunk 25 final batch loss = 0.295911
  chunk 26 final batch loss = 0.753725
  chunk 27 final batch loss = 0.235729
  chunk 28 final batch loss = 0.268103
  chunk 29 final batch loss = 0.764425
  chunk 30 final batch loss = 0.289102
  chunk 31 final batch loss = 0.272751
  chunk 32 final batch loss = 0.701555
  chunk 33 final batch loss = 0.262380
  chunk 34 final batch loss = 0.353298
  chunk 35 final batch loss = 0.796690
  chunk 36 final batch loss = 0.579910
  chunk 37 final batch loss = 0.533209
  chunk 38 final batch loss = 0.256416
  chunk 39 final batch loss = 0.807922
  chunk 40 final batch loss = 0.264154
  chunk 41 final batch loss = 0.585585
  chunk 42 final batch loss = 0.236385
  chunk 43 final batch loss = 0.802367
  chunk 44 final batch loss = 0.322435
  chunk 45 final batch loss = 0.709745
  chunk 46 final batch loss = 0.242692
  chunk 47 final batch loss = 0.256426
  chunk 48 final batch loss = 0.327550
  chunk 49 final batch loss = 0.778393
  chunk 50 final batch loss = 0.596561
  chunk 51 final batch loss = 0.288198
  chunk 52 final batch loss = 0.247978
  chunk 53 final batch loss = 0.452660
  chunk 54 final batch loss = 0.328921
  chunk 55 final batch loss = 0.258414
  chunk 56 final batch loss = 0.674872
  chunk 57 final batch loss = 0.733137
  chunk 58 final batch loss = 0.583702
  chunk 59 final batch loss = 0.265978
  chunk 60 final batch loss = 0.561197
  chunk 61 final batch loss = 0.305671
  chunk 62 final batch loss = 0.282113
  chunk 63 final batch loss = 0.747769
  chunk 64 final batch loss = 0.782360
  chunk 65 final batch loss = 0.320425
  chunk 66 final batch loss = 0.549319
  chunk 67 final batch loss = 0.787147
  chunk 68 final batch loss = 0.376414
  chunk 69 final batch loss = 0.571236
  chunk 70 final batch loss = 0.243626
  chunk 71 final batch loss = 0.653353
  chunk 72 final batch loss = 0.710181
  chunk 73 final batch loss = 0.364102
  chunk 74 final batch loss = 0.520384
  chunk 75 final batch loss = 0.249474
  chunk 76 final batch loss = 0.250599
  chunk 77 final batch loss = 0.388466
  chunk 78 final batch loss = 0.761159
  chunk 79 final batch loss = 0.598569
Validation loss: 0.461675
No improvement for 7 epochs
Epoch 55
  chunk 0 final batch loss = 0.780078
  chunk 1 final batch loss = 0.769958
  chunk 2 final batch loss = 0.379683
  chunk 3 final batch loss = 0.318675
  chunk 4 final batch loss = 0.698264
  chunk 5 final batch loss = 0.516292
  chunk 6 final batch loss = 0.227339
  chunk 7 final batch loss = 0.434949
  chunk 8 final batch loss = 0.326896
  chunk 9 final batch loss = 0.611555
  chunk 10 final batch loss = 0.419927
  chunk 11 final batch loss = 0.822681
  chunk 12 final batch loss = 0.683690
  chunk 13 final batch loss = 0.697479
  chunk 14 final batch loss = 0.403974
  chunk 15 final batch loss = 0.269267
  chunk 16 final batch loss = 0.285393
  chunk 17 final batch loss = 0.356973
  chunk 18 final batch loss = 0.593915
  chunk 19 final batch loss = 0.279928
  chunk 20 final batch loss = 0.780443
  chunk 21 final batch loss = 0.584157
  chunk 22 final batch loss = 0.765530
  chunk 23 final batch loss = 0.585805
  chunk 24 final batch loss = 0.737915
  chunk 25 final batch loss = 0.286911
  chunk 26 final batch loss = 0.776463
  chunk 27 final batch loss = 0.222441
  chunk 28 final batch loss = 0.251080
  chunk 29 final batch loss = 0.773358
  chunk 30 final batch loss = 0.305432
  chunk 31 final batch loss = 0.274775
  chunk 32 final batch loss = 0.703961
  chunk 33 final batch loss = 0.233377
  chunk 34 final batch loss = 0.358837
  chunk 35 final batch loss = 0.791104
  chunk 36 final batch loss = 0.534537
  chunk 37 final batch loss = 0.439466
  chunk 38 final batch loss = 0.255456
  chunk 39 final batch loss = 0.829455
  chunk 40 final batch loss = 0.258812
  chunk 41 final batch loss = 0.606843
  chunk 42 final batch loss = 0.244319
  chunk 43 final batch loss = 0.781181
  chunk 44 final batch loss = 0.304814
  chunk 45 final batch loss = 0.754826
  chunk 46 final batch loss = 0.224627
  chunk 47 final batch loss = 0.234697
  chunk 48 final batch loss = 0.295878
  chunk 49 final batch loss = 0.735387
  chunk 50 final batch loss = 0.568332
  chunk 51 final batch loss = 0.273623
  chunk 52 final batch loss = 0.226554
  chunk 53 final batch loss = 0.470940
  chunk 54 final batch loss = 0.335534
  chunk 55 final batch loss = 0.271152
  chunk 56 final batch loss = 0.723754
  chunk 57 final batch loss = 0.713914
  chunk 58 final batch loss = 0.573279
  chunk 59 final batch loss = 0.242096
  chunk 60 final batch loss = 0.576691
  chunk 61 final batch loss = 0.275271
  chunk 62 final batch loss = 0.268278
  chunk 63 final batch loss = 0.725774
  chunk 64 final batch loss = 0.763517
  chunk 65 final batch loss = 0.353692
  chunk 66 final batch loss = 0.634049
  chunk 67 final batch loss = 0.773615
  chunk 68 final batch loss = 0.382332
  chunk 69 final batch loss = 0.547022
  chunk 70 final batch loss = 0.246352
  chunk 71 final batch loss = 0.591592
  chunk 72 final batch loss = 0.740362
  chunk 73 final batch loss = 0.376158
  chunk 74 final batch loss = 0.455173
  chunk 75 final batch loss = 0.258363
  chunk 76 final batch loss = 0.239491
  chunk 77 final batch loss = 0.373194
  chunk 78 final batch loss = 0.771660
  chunk 79 final batch loss = 0.542324
Validation loss: 0.458593
No improvement for 8 epochs
Epoch 56
  chunk 0 final batch loss = 0.768561
  chunk 1 final batch loss = 0.786830
  chunk 2 final batch loss = 0.373359
  chunk 3 final batch loss = 0.318361
  chunk 4 final batch loss = 0.772372
  chunk 5 final batch loss = 0.473370
  chunk 6 final batch loss = 0.251353
  chunk 7 final batch loss = 0.368462
  chunk 8 final batch loss = 0.337102
  chunk 9 final batch loss = 0.547422
  chunk 10 final batch loss = 0.362539
  chunk 11 final batch loss = 0.814856
  chunk 12 final batch loss = 0.670532
  chunk 13 final batch loss = 0.659233
  chunk 14 final batch loss = 0.330316
  chunk 15 final batch loss = 0.291468
  chunk 16 final batch loss = 0.284515
  chunk 17 final batch loss = 0.391513
  chunk 18 final batch loss = 0.557164
  chunk 19 final batch loss = 0.248976
  chunk 20 final batch loss = 0.791712
  chunk 21 final batch loss = 0.570745
  chunk 22 final batch loss = 0.741802
  chunk 23 final batch loss = 0.564559
  chunk 24 final batch loss = 0.748875
  chunk 25 final batch loss = 0.303976
  chunk 26 final batch loss = 0.753524
  chunk 27 final batch loss = 0.234486
  chunk 28 final batch loss = 0.256500
  chunk 29 final batch loss = 0.756563
  chunk 30 final batch loss = 0.296793
  chunk 31 final batch loss = 0.272903
  chunk 32 final batch loss = 0.699326
  chunk 33 final batch loss = 0.244840
  chunk 34 final batch loss = 0.337496
  chunk 35 final batch loss = 0.791252
  chunk 36 final batch loss = 0.611848
  chunk 37 final batch loss = 0.517581
  chunk 38 final batch loss = 0.251708
  chunk 39 final batch loss = 0.811420
  chunk 40 final batch loss = 0.254070
  chunk 41 final batch loss = 0.584474
  chunk 42 final batch loss = 0.256558
  chunk 43 final batch loss = 0.762057
  chunk 44 final batch loss = 0.343477
  chunk 45 final batch loss = 0.711008
  chunk 46 final batch loss = 0.250784
  chunk 47 final batch loss = 0.251250
  chunk 48 final batch loss = 0.289702
  chunk 49 final batch loss = 0.759709
  chunk 50 final batch loss = 0.570031
  chunk 51 final batch loss = 0.275299
  chunk 52 final batch loss = 0.248765
  chunk 53 final batch loss = 0.479896
  chunk 54 final batch loss = 0.332199
  chunk 55 final batch loss = 0.270837
  chunk 56 final batch loss = 0.716955
  chunk 57 final batch loss = 0.744139
  chunk 58 final batch loss = 0.592220
  chunk 59 final batch loss = 0.274528
  chunk 60 final batch loss = 0.545668
  chunk 61 final batch loss = 0.305814
  chunk 62 final batch loss = 0.281254
  chunk 63 final batch loss = 0.755759
  chunk 64 final batch loss = 0.735496
  chunk 65 final batch loss = 0.323438
  chunk 66 final batch loss = 0.608055
  chunk 67 final batch loss = 0.769041
  chunk 68 final batch loss = 0.375303
  chunk 69 final batch loss = 0.617413
  chunk 70 final batch loss = 0.242263
  chunk 71 final batch loss = 0.563202
  chunk 72 final batch loss = 0.651600
  chunk 73 final batch loss = 0.318164
  chunk 74 final batch loss = 0.507249
  chunk 75 final batch loss = 0.270078
  chunk 76 final batch loss = 0.231681
  chunk 77 final batch loss = 0.405261
  chunk 78 final batch loss = 0.770543
  chunk 79 final batch loss = 0.601298
Validation loss: 0.458360
Saved BEST checkpoint
Epoch 57
  chunk 0 final batch loss = 0.794559
  chunk 1 final batch loss = 0.775136
  chunk 2 final batch loss = 0.347751
  chunk 3 final batch loss = 0.314761
  chunk 4 final batch loss = 0.746331
  chunk 5 final batch loss = 0.482526
  chunk 6 final batch loss = 0.238307
  chunk 7 final batch loss = 0.403963
  chunk 8 final batch loss = 0.334026
  chunk 9 final batch loss = 0.575410
  chunk 10 final batch loss = 0.387700
  chunk 11 final batch loss = 0.795308
  chunk 12 final batch loss = 0.704871
  chunk 13 final batch loss = 0.686723
  chunk 14 final batch loss = 0.395385
  chunk 15 final batch loss = 0.271643
  chunk 16 final batch loss = 0.276388
  chunk 17 final batch loss = 0.370448
  chunk 18 final batch loss = 0.538418
  chunk 19 final batch loss = 0.252439
  chunk 20 final batch loss = 0.766047
  chunk 21 final batch loss = 0.615316
  chunk 22 final batch loss = 0.737277
  chunk 23 final batch loss = 0.618373
  chunk 24 final batch loss = 0.752784
  chunk 25 final batch loss = 0.295884
  chunk 26 final batch loss = 0.761155
  chunk 27 final batch loss = 0.208391
  chunk 28 final batch loss = 0.266394
  chunk 29 final batch loss = 0.798888
  chunk 30 final batch loss = 0.270778
  chunk 31 final batch loss = 0.290878
  chunk 32 final batch loss = 0.700882
  chunk 33 final batch loss = 0.236501
  chunk 34 final batch loss = 0.377448
  chunk 35 final batch loss = 0.746245
  chunk 36 final batch loss = 0.609106
  chunk 37 final batch loss = 0.456246
  chunk 38 final batch loss = 0.252339
  chunk 39 final batch loss = 0.823054
  chunk 40 final batch loss = 0.256270
  chunk 41 final batch loss = 0.594207
  chunk 42 final batch loss = 0.260553
  chunk 43 final batch loss = 0.781601
  chunk 44 final batch loss = 0.345795
  chunk 45 final batch loss = 0.767982
  chunk 46 final batch loss = 0.243042
  chunk 47 final batch loss = 0.283107
  chunk 48 final batch loss = 0.321140
  chunk 49 final batch loss = 0.750219
  chunk 50 final batch loss = 0.591614
  chunk 51 final batch loss = 0.299492
  chunk 52 final batch loss = 0.239455
  chunk 53 final batch loss = 0.470970
  chunk 54 final batch loss = 0.328106
  chunk 55 final batch loss = 0.268694
  chunk 56 final batch loss = 0.662769
  chunk 57 final batch loss = 0.693327
  chunk 58 final batch loss = 0.594382
  chunk 59 final batch loss = 0.258743
  chunk 60 final batch loss = 0.581738
  chunk 61 final batch loss = 0.320043
  chunk 62 final batch loss = 0.289304
  chunk 63 final batch loss = 0.767441
  chunk 64 final batch loss = 0.743047
  chunk 65 final batch loss = 0.329105
  chunk 66 final batch loss = 0.574830
  chunk 67 final batch loss = 0.782681
  chunk 68 final batch loss = 0.352645
  chunk 69 final batch loss = 0.598193
  chunk 70 final batch loss = 0.254820
  chunk 71 final batch loss = 0.611652
  chunk 72 final batch loss = 0.667767
  chunk 73 final batch loss = 0.340035
  chunk 74 final batch loss = 0.534646
  chunk 75 final batch loss = 0.241290
  chunk 76 final batch loss = 0.223703
  chunk 77 final batch loss = 0.401768
  chunk 78 final batch loss = 0.743030
  chunk 79 final batch loss = 0.647894
Validation loss: 0.459605
No improvement for 1 epochs
Epoch 58
  chunk 0 final batch loss = 0.800979
  chunk 1 final batch loss = 0.749325
  chunk 2 final batch loss = 0.347912
  chunk 3 final batch loss = 0.291309
  chunk 4 final batch loss = 0.740404
  chunk 5 final batch loss = 0.458324
  chunk 6 final batch loss = 0.237040
  chunk 7 final batch loss = 0.408238
  chunk 8 final batch loss = 0.311112
  chunk 9 final batch loss = 0.630559
  chunk 10 final batch loss = 0.454552
  chunk 11 final batch loss = 0.806955
  chunk 12 final batch loss = 0.706578
  chunk 13 final batch loss = 0.706427
  chunk 14 final batch loss = 0.332488
  chunk 15 final batch loss = 0.303842
  chunk 16 final batch loss = 0.280560
  chunk 17 final batch loss = 0.376642
  chunk 18 final batch loss = 0.616192
  chunk 19 final batch loss = 0.273938
  chunk 20 final batch loss = 0.788478
  chunk 21 final batch loss = 0.584724
  chunk 22 final batch loss = 0.775068
  chunk 23 final batch loss = 0.648241
  chunk 24 final batch loss = 0.762616
  chunk 25 final batch loss = 0.288771
  chunk 26 final batch loss = 0.704197
  chunk 27 final batch loss = 0.212003
  chunk 28 final batch loss = 0.251145
  chunk 29 final batch loss = 0.770887
  chunk 30 final batch loss = 0.340435
  chunk 31 final batch loss = 0.284084
  chunk 32 final batch loss = 0.675179
  chunk 33 final batch loss = 0.234690
  chunk 34 final batch loss = 0.352005
  chunk 35 final batch loss = 0.776336
  chunk 36 final batch loss = 0.618029
  chunk 37 final batch loss = 0.444064
  chunk 38 final batch loss = 0.245913
  chunk 39 final batch loss = 0.803626
  chunk 40 final batch loss = 0.256737
  chunk 41 final batch loss = 0.606477
  chunk 42 final batch loss = 0.265831
  chunk 43 final batch loss = 0.796888
  chunk 44 final batch loss = 0.331801
  chunk 45 final batch loss = 0.715415
  chunk 46 final batch loss = 0.245371
  chunk 47 final batch loss = 0.242403
  chunk 48 final batch loss = 0.274674
  chunk 49 final batch loss = 0.746739
  chunk 50 final batch loss = 0.617660
  chunk 51 final batch loss = 0.282298
  chunk 52 final batch loss = 0.234164
  chunk 53 final batch loss = 0.475957
  chunk 54 final batch loss = 0.355845
  chunk 55 final batch loss = 0.261128
  chunk 56 final batch loss = 0.703636
  chunk 57 final batch loss = 0.726972
  chunk 58 final batch loss = 0.553175
  chunk 59 final batch loss = 0.220211
  chunk 60 final batch loss = 0.565284
  chunk 61 final batch loss = 0.299378
  chunk 62 final batch loss = 0.300396
  chunk 63 final batch loss = 0.751191
  chunk 64 final batch loss = 0.775577
  chunk 65 final batch loss = 0.315097
  chunk 66 final batch loss = 0.668864
  chunk 67 final batch loss = 0.797904
  chunk 68 final batch loss = 0.349169
  chunk 69 final batch loss = 0.600552
  chunk 70 final batch loss = 0.241579
  chunk 71 final batch loss = 0.622345
  chunk 72 final batch loss = 0.693533
  chunk 73 final batch loss = 0.325371
  chunk 74 final batch loss = 0.434748
  chunk 75 final batch loss = 0.241497
  chunk 76 final batch loss = 0.231772
  chunk 77 final batch loss = 0.422264
  chunk 78 final batch loss = 0.794501
  chunk 79 final batch loss = 0.574329
Validation loss: 0.458734
No improvement for 2 epochs
Epoch 59
  chunk 0 final batch loss = 0.754082
  chunk 1 final batch loss = 0.783698
  chunk 2 final batch loss = 0.400452
  chunk 3 final batch loss = 0.279250
  chunk 4 final batch loss = 0.733462
  chunk 5 final batch loss = 0.466067
  chunk 6 final batch loss = 0.236604
  chunk 7 final batch loss = 0.391717
  chunk 8 final batch loss = 0.319309
  chunk 9 final batch loss = 0.583505
  chunk 10 final batch loss = 0.376626
  chunk 11 final batch loss = 0.804484
  chunk 12 final batch loss = 0.707185
  chunk 13 final batch loss = 0.689660
  chunk 14 final batch loss = 0.418167
  chunk 15 final batch loss = 0.285779
  chunk 16 final batch loss = 0.266238
  chunk 17 final batch loss = 0.368160
  chunk 18 final batch loss = 0.566237
  chunk 19 final batch loss = 0.261998
  chunk 20 final batch loss = 0.767417
  chunk 21 final batch loss = 0.558110
  chunk 22 final batch loss = 0.750625
  chunk 23 final batch loss = 0.585803
  chunk 24 final batch loss = 0.749547
  chunk 25 final batch loss = 0.286107
  chunk 26 final batch loss = 0.745093
  chunk 27 final batch loss = 0.238742
  chunk 28 final batch loss = 0.248224
  chunk 29 final batch loss = 0.781107
  chunk 30 final batch loss = 0.294479
  chunk 31 final batch loss = 0.275134
  chunk 32 final batch loss = 0.674438
  chunk 33 final batch loss = 0.236429
  chunk 34 final batch loss = 0.358599
  chunk 35 final batch loss = 0.795463
  chunk 36 final batch loss = 0.632828
  chunk 37 final batch loss = 0.502832
  chunk 38 final batch loss = 0.248988
  chunk 39 final batch loss = 0.817133
  chunk 40 final batch loss = 0.280933
  chunk 41 final batch loss = 0.622763
  chunk 42 final batch loss = 0.262467
  chunk 43 final batch loss = 0.790375
  chunk 44 final batch loss = 0.303536
  chunk 45 final batch loss = 0.701149
  chunk 46 final batch loss = 0.232998
  chunk 47 final batch loss = 0.237166
  chunk 48 final batch loss = 0.269411
  chunk 49 final batch loss = 0.752107
  chunk 50 final batch loss = 0.590081
  chunk 51 final batch loss = 0.280869
  chunk 52 final batch loss = 0.246426
  chunk 53 final batch loss = 0.455837
  chunk 54 final batch loss = 0.359032
  chunk 55 final batch loss = 0.270880
  chunk 56 final batch loss = 0.700888
  chunk 57 final batch loss = 0.732579
  chunk 58 final batch loss = 0.586714
  chunk 59 final batch loss = 0.233338
  chunk 60 final batch loss = 0.523141
  chunk 61 final batch loss = 0.300434
  chunk 62 final batch loss = 0.307811
  chunk 63 final batch loss = 0.752468
  chunk 64 final batch loss = 0.750604
  chunk 65 final batch loss = 0.331234
  chunk 66 final batch loss = 0.620759
  chunk 67 final batch loss = 0.777753
  chunk 68 final batch loss = 0.377857
  chunk 69 final batch loss = 0.551842
  chunk 70 final batch loss = 0.256018
  chunk 71 final batch loss = 0.560193
  chunk 72 final batch loss = 0.698066
  chunk 73 final batch loss = 0.369905
  chunk 74 final batch loss = 0.472907
  chunk 75 final batch loss = 0.248620
  chunk 76 final batch loss = 0.227370
  chunk 77 final batch loss = 0.377953
  chunk 78 final batch loss = 0.752829
  chunk 79 final batch loss = 0.606413
Validation loss: 0.458586
No improvement for 3 epochs
Epoch 60
  chunk 0 final batch loss = 0.798764
  chunk 1 final batch loss = 0.789765
  chunk 2 final batch loss = 0.388612
  chunk 3 final batch loss = 0.288285
  chunk 4 final batch loss = 0.719462
  chunk 5 final batch loss = 0.476956
  chunk 6 final batch loss = 0.238012
  chunk 7 final batch loss = 0.365484
  chunk 8 final batch loss = 0.341039
  chunk 9 final batch loss = 0.586129
  chunk 10 final batch loss = 0.420534
  chunk 11 final batch loss = 0.814326
  chunk 12 final batch loss = 0.704855
  chunk 13 final batch loss = 0.662556
  chunk 14 final batch loss = 0.385994
  chunk 15 final batch loss = 0.290083
  chunk 16 final batch loss = 0.282842
  chunk 17 final batch loss = 0.355147
  chunk 18 final batch loss = 0.582983
  chunk 19 final batch loss = 0.248601
  chunk 20 final batch loss = 0.797926
  chunk 21 final batch loss = 0.587274
  chunk 22 final batch loss = 0.718069
  chunk 23 final batch loss = 0.618072
  chunk 24 final batch loss = 0.730174
  chunk 25 final batch loss = 0.277534
  chunk 26 final batch loss = 0.768404
  chunk 27 final batch loss = 0.232309
  chunk 28 final batch loss = 0.239887
  chunk 29 final batch loss = 0.781504
  chunk 30 final batch loss = 0.266725
  chunk 31 final batch loss = 0.268724
  chunk 32 final batch loss = 0.708986
  chunk 33 final batch loss = 0.256254
  chunk 34 final batch loss = 0.412322
  chunk 35 final batch loss = 0.758989
  chunk 36 final batch loss = 0.678392
  chunk 37 final batch loss = 0.484435
  chunk 38 final batch loss = 0.251377
  chunk 39 final batch loss = 0.800111
  chunk 40 final batch loss = 0.264715
  chunk 41 final batch loss = 0.589362
  chunk 42 final batch loss = 0.282852
  chunk 43 final batch loss = 0.800913
  chunk 44 final batch loss = 0.311696
  chunk 45 final batch loss = 0.651862
  chunk 46 final batch loss = 0.269288
  chunk 47 final batch loss = 0.245713
  chunk 48 final batch loss = 0.282450
  chunk 49 final batch loss = 0.740543
  chunk 50 final batch loss = 0.558976
  chunk 51 final batch loss = 0.264894
  chunk 52 final batch loss = 0.228858
  chunk 53 final batch loss = 0.470770
  chunk 54 final batch loss = 0.297374
  chunk 55 final batch loss = 0.273743
  chunk 56 final batch loss = 0.729249
  chunk 57 final batch loss = 0.746190
  chunk 58 final batch loss = 0.551100
  chunk 59 final batch loss = 0.259781
  chunk 60 final batch loss = 0.503087
  chunk 61 final batch loss = 0.314046
  chunk 62 final batch loss = 0.293483
  chunk 63 final batch loss = 0.769134
  chunk 64 final batch loss = 0.750891
  chunk 65 final batch loss = 0.346596
  chunk 66 final batch loss = 0.620691
  chunk 67 final batch loss = 0.794951
  chunk 68 final batch loss = 0.374036
  chunk 69 final batch loss = 0.510889
  chunk 70 final batch loss = 0.234119
  chunk 71 final batch loss = 0.600152
  chunk 72 final batch loss = 0.703423
  chunk 73 final batch loss = 0.325453
  chunk 74 final batch loss = 0.468602
  chunk 75 final batch loss = 0.239814
  chunk 76 final batch loss = 0.226068
  chunk 77 final batch loss = 0.360997
  chunk 78 final batch loss = 0.743816
  chunk 79 final batch loss = 0.552731
Validation loss: 0.462792
No improvement for 4 epochs
Epoch 61
  chunk 0 final batch loss = 0.774515
  chunk 1 final batch loss = 0.768872
  chunk 2 final batch loss = 0.338288
  chunk 3 final batch loss = 0.305978
  chunk 4 final batch loss = 0.713828
  chunk 5 final batch loss = 0.507290
  chunk 6 final batch loss = 0.237412
  chunk 7 final batch loss = 0.398182
  chunk 8 final batch loss = 0.334535
  chunk 9 final batch loss = 0.575912
  chunk 10 final batch loss = 0.417312
  chunk 11 final batch loss = 0.812448
  chunk 12 final batch loss = 0.703112
  chunk 13 final batch loss = 0.676781
  chunk 14 final batch loss = 0.416984
  chunk 15 final batch loss = 0.268555
  chunk 16 final batch loss = 0.282102
  chunk 17 final batch loss = 0.322776
  chunk 18 final batch loss = 0.546139
  chunk 19 final batch loss = 0.238943
  chunk 20 final batch loss = 0.754313
  chunk 21 final batch loss = 0.514590
  chunk 22 final batch loss = 0.772264
  chunk 23 final batch loss = 0.560111
  chunk 24 final batch loss = 0.742000
  chunk 25 final batch loss = 0.281328
  chunk 26 final batch loss = 0.710476
  chunk 27 final batch loss = 0.238919
  chunk 28 final batch loss = 0.257610
  chunk 29 final batch loss = 0.767526
  chunk 30 final batch loss = 0.291389
  chunk 31 final batch loss = 0.287297
  chunk 32 final batch loss = 0.675169
  chunk 33 final batch loss = 0.237348
  chunk 34 final batch loss = 0.364170
  chunk 35 final batch loss = 0.785394
  chunk 36 final batch loss = 0.549662
  chunk 37 final batch loss = 0.445731
  chunk 38 final batch loss = 0.234990
  chunk 39 final batch loss = 0.809544
  chunk 40 final batch loss = 0.255531
  chunk 41 final batch loss = 0.583106
  chunk 42 final batch loss = 0.269617
  chunk 43 final batch loss = 0.783368
  chunk 44 final batch loss = 0.315347
  chunk 45 final batch loss = 0.705206
  chunk 46 final batch loss = 0.238704
  chunk 47 final batch loss = 0.267717
  chunk 48 final batch loss = 0.280347
  chunk 49 final batch loss = 0.763052
  chunk 50 final batch loss = 0.537438
  chunk 51 final batch loss = 0.261906
  chunk 52 final batch loss = 0.246541
  chunk 53 final batch loss = 0.481911
  chunk 54 final batch loss = 0.331124
  chunk 55 final batch loss = 0.276298
  chunk 56 final batch loss = 0.692192
  chunk 57 final batch loss = 0.698977
  chunk 58 final batch loss = 0.551604
  chunk 59 final batch loss = 0.224928
  chunk 60 final batch loss = 0.570057
  chunk 61 final batch loss = 0.298981
  chunk 62 final batch loss = 0.295633
  chunk 63 final batch loss = 0.762196
  chunk 64 final batch loss = 0.726491
  chunk 65 final batch loss = 0.317402
  chunk 66 final batch loss = 0.595253
  chunk 67 final batch loss = 0.787843
  chunk 68 final batch loss = 0.384152
  chunk 69 final batch loss = 0.597243
  chunk 70 final batch loss = 0.231305
  chunk 71 final batch loss = 0.591947
  chunk 72 final batch loss = 0.699516
  chunk 73 final batch loss = 0.326984
  chunk 74 final batch loss = 0.473944
  chunk 75 final batch loss = 0.235963
  chunk 76 final batch loss = 0.242367
  chunk 77 final batch loss = 0.382757
  chunk 78 final batch loss = 0.739289
  chunk 79 final batch loss = 0.595917
Validation loss: 0.461857
No improvement for 5 epochs
Epoch 62
  chunk 0 final batch loss = 0.772915
  chunk 1 final batch loss = 0.776587
  chunk 2 final batch loss = 0.327133
  chunk 3 final batch loss = 0.280408
  chunk 4 final batch loss = 0.740789
  chunk 5 final batch loss = 0.511044
  chunk 6 final batch loss = 0.242692
  chunk 7 final batch loss = 0.414327
  chunk 8 final batch loss = 0.330742
  chunk 9 final batch loss = 0.625399
  chunk 10 final batch loss = 0.462650
  chunk 11 final batch loss = 0.812172
  chunk 12 final batch loss = 0.692303
  chunk 13 final batch loss = 0.656178
  chunk 14 final batch loss = 0.352685
  chunk 15 final batch loss = 0.254517
  chunk 16 final batch loss = 0.287545
  chunk 17 final batch loss = 0.371612
  chunk 18 final batch loss = 0.504088
  chunk 19 final batch loss = 0.239396
  chunk 20 final batch loss = 0.747720
  chunk 21 final batch loss = 0.578841
  chunk 22 final batch loss = 0.726045
  chunk 23 final batch loss = 0.561718
  chunk 24 final batch loss = 0.726349
  chunk 25 final batch loss = 0.307985
  chunk 26 final batch loss = 0.732775
  chunk 27 final batch loss = 0.237332
  chunk 28 final batch loss = 0.243056
  chunk 29 final batch loss = 0.735076
  chunk 30 final batch loss = 0.283885
  chunk 31 final batch loss = 0.288814
  chunk 32 final batch loss = 0.702983
  chunk 33 final batch loss = 0.243886
  chunk 34 final batch loss = 0.390095
  chunk 35 final batch loss = 0.758602
  chunk 36 final batch loss = 0.581886
  chunk 37 final batch loss = 0.525928
  chunk 38 final batch loss = 0.249676
  chunk 39 final batch loss = 0.794699
  chunk 40 final batch loss = 0.272192
  chunk 41 final batch loss = 0.554705
  chunk 42 final batch loss = 0.250139
  chunk 43 final batch loss = 0.768449
  chunk 44 final batch loss = 0.346070
  chunk 45 final batch loss = 0.734528
  chunk 46 final batch loss = 0.230525
  chunk 47 final batch loss = 0.256459
  chunk 48 final batch loss = 0.283999
  chunk 49 final batch loss = 0.746243
  chunk 50 final batch loss = 0.588436
  chunk 51 final batch loss = 0.291073
  chunk 52 final batch loss = 0.244357
  chunk 53 final batch loss = 0.431761
  chunk 54 final batch loss = 0.305988
  chunk 55 final batch loss = 0.249759
  chunk 56 final batch loss = 0.680827
  chunk 57 final batch loss = 0.743370
  chunk 58 final batch loss = 0.527940
  chunk 59 final batch loss = 0.240406
  chunk 60 final batch loss = 0.597198
  chunk 61 final batch loss = 0.299346
  chunk 62 final batch loss = 0.285418
  chunk 63 final batch loss = 0.731170
  chunk 64 final batch loss = 0.778921
  chunk 65 final batch loss = 0.318329
  chunk 66 final batch loss = 0.611771
  chunk 67 final batch loss = 0.788428
  chunk 68 final batch loss = 0.370306
  chunk 69 final batch loss = 0.501093
  chunk 70 final batch loss = 0.258905
  chunk 71 final batch loss = 0.627931
  chunk 72 final batch loss = 0.701603
  chunk 73 final batch loss = 0.342832
  chunk 74 final batch loss = 0.519964
  chunk 75 final batch loss = 0.261572
  chunk 76 final batch loss = 0.236429
  chunk 77 final batch loss = 0.402533
  chunk 78 final batch loss = 0.766920
  chunk 79 final batch loss = 0.531905
Validation loss: 0.459205
No improvement for 6 epochs
Epoch 63
  chunk 0 final batch loss = 0.768425
  chunk 1 final batch loss = 0.786068
  chunk 2 final batch loss = 0.349906
  chunk 3 final batch loss = 0.260196
  chunk 4 final batch loss = 0.733316
  chunk 5 final batch loss = 0.495751
  chunk 6 final batch loss = 0.240751
  chunk 7 final batch loss = 0.431537
  chunk 8 final batch loss = 0.325464
  chunk 9 final batch loss = 0.556105
  chunk 10 final batch loss = 0.391376
  chunk 11 final batch loss = 0.807817
  chunk 12 final batch loss = 0.706706
  chunk 13 final batch loss = 0.622106
  chunk 14 final batch loss = 0.399997
  chunk 15 final batch loss = 0.287651
  chunk 16 final batch loss = 0.276748
  chunk 17 final batch loss = 0.331587
  chunk 18 final batch loss = 0.566095
  chunk 19 final batch loss = 0.274848
  chunk 20 final batch loss = 0.766825
  chunk 21 final batch loss = 0.561928
  chunk 22 final batch loss = 0.700941
  chunk 23 final batch loss = 0.536242
  chunk 24 final batch loss = 0.733194
  chunk 25 final batch loss = 0.273943
  chunk 26 final batch loss = 0.763516
  chunk 27 final batch loss = 0.233695
  chunk 28 final batch loss = 0.242735
  chunk 29 final batch loss = 0.722760
  chunk 30 final batch loss = 0.291779
  chunk 31 final batch loss = 0.270455
  chunk 32 final batch loss = 0.700787
  chunk 33 final batch loss = 0.239332
  chunk 34 final batch loss = 0.367165
  chunk 35 final batch loss = 0.777764
  chunk 36 final batch loss = 0.553049
  chunk 37 final batch loss = 0.450096
  chunk 38 final batch loss = 0.257298
  chunk 39 final batch loss = 0.814607
  chunk 40 final batch loss = 0.272836
  chunk 41 final batch loss = 0.612657
  chunk 42 final batch loss = 0.261491
  chunk 43 final batch loss = 0.783067
  chunk 44 final batch loss = 0.336152
  chunk 45 final batch loss = 0.730941
  chunk 46 final batch loss = 0.232334
  chunk 47 final batch loss = 0.258085
  chunk 48 final batch loss = 0.301312
  chunk 49 final batch loss = 0.733743
  chunk 50 final batch loss = 0.612841
  chunk 51 final batch loss = 0.272758
  chunk 52 final batch loss = 0.262461
  chunk 53 final batch loss = 0.507722
  chunk 54 final batch loss = 0.307172
  chunk 55 final batch loss = 0.253743
  chunk 56 final batch loss = 0.666936
  chunk 57 final batch loss = 0.713575
  chunk 58 final batch loss = 0.544271
  chunk 59 final batch loss = 0.269300
  chunk 60 final batch loss = 0.583232
  chunk 61 final batch loss = 0.300702
  chunk 62 final batch loss = 0.294248
  chunk 63 final batch loss = 0.756632
  chunk 64 final batch loss = 0.742441
  chunk 65 final batch loss = 0.341325
  chunk 66 final batch loss = 0.635005
  chunk 67 final batch loss = 0.790770
  chunk 68 final batch loss = 0.377710
  chunk 69 final batch loss = 0.527749
  chunk 70 final batch loss = 0.256630
  chunk 71 final batch loss = 0.606837
  chunk 72 final batch loss = 0.689439
  chunk 73 final batch loss = 0.341178
  chunk 74 final batch loss = 0.471512
  chunk 75 final batch loss = 0.258130
  chunk 76 final batch loss = 0.235090
  chunk 77 final batch loss = 0.373238
  chunk 78 final batch loss = 0.745125
  chunk 79 final batch loss = 0.548864
Validation loss: 0.458780
No improvement for 7 epochs
Epoch 64
  chunk 0 final batch loss = 0.781828
  chunk 1 final batch loss = 0.770815
  chunk 2 final batch loss = 0.358785
  chunk 3 final batch loss = 0.299011
  chunk 4 final batch loss = 0.737218
  chunk 5 final batch loss = 0.518862
  chunk 6 final batch loss = 0.238977
  chunk 7 final batch loss = 0.401291
  chunk 8 final batch loss = 0.302316
  chunk 9 final batch loss = 0.620430
  chunk 10 final batch loss = 0.378966
  chunk 11 final batch loss = 0.793845
  chunk 12 final batch loss = 0.650355
  chunk 13 final batch loss = 0.672814
  chunk 14 final batch loss = 0.344335
  chunk 15 final batch loss = 0.291643
  chunk 16 final batch loss = 0.274614
  chunk 17 final batch loss = 0.357040
  chunk 18 final batch loss = 0.574895
  chunk 19 final batch loss = 0.250610
  chunk 20 final batch loss = 0.745652
  chunk 21 final batch loss = 0.584146
  chunk 22 final batch loss = 0.744887
  chunk 23 final batch loss = 0.589813
  chunk 24 final batch loss = 0.777925
  chunk 25 final batch loss = 0.298604
  chunk 26 final batch loss = 0.712407
  chunk 27 final batch loss = 0.229976
  chunk 28 final batch loss = 0.249211
  chunk 29 final batch loss = 0.764491
  chunk 30 final batch loss = 0.308167
  chunk 31 final batch loss = 0.302028
  chunk 32 final batch loss = 0.709642
  chunk 33 final batch loss = 0.247923
  chunk 34 final batch loss = 0.356844
  chunk 35 final batch loss = 0.785946
  chunk 36 final batch loss = 0.604930
  chunk 37 final batch loss = 0.488012
  chunk 38 final batch loss = 0.250313
  chunk 39 final batch loss = 0.801676
  chunk 40 final batch loss = 0.261981
  chunk 41 final batch loss = 0.602952
  chunk 42 final batch loss = 0.275955
  chunk 43 final batch loss = 0.774825
  chunk 44 final batch loss = 0.325373
  chunk 45 final batch loss = 0.740795
  chunk 46 final batch loss = 0.231575
  chunk 47 final batch loss = 0.274978
  chunk 48 final batch loss = 0.284929
  chunk 49 final batch loss = 0.761086
  chunk 50 final batch loss = 0.606604
  chunk 51 final batch loss = 0.273063
  chunk 52 final batch loss = 0.227179
  chunk 53 final batch loss = 0.430279
  chunk 54 final batch loss = 0.319057
  chunk 55 final batch loss = 0.265056
  chunk 56 final batch loss = 0.728346
  chunk 57 final batch loss = 0.721820
  chunk 58 final batch loss = 0.521936
  chunk 59 final batch loss = 0.234713
  chunk 60 final batch loss = 0.582355
  chunk 61 final batch loss = 0.286254
  chunk 62 final batch loss = 0.284086
  chunk 63 final batch loss = 0.759200
  chunk 64 final batch loss = 0.743424
  chunk 65 final batch loss = 0.303596
  chunk 66 final batch loss = 0.617103
  chunk 67 final batch loss = 0.794399
  chunk 68 final batch loss = 0.341699
  chunk 69 final batch loss = 0.557483
  chunk 70 final batch loss = 0.253687
  chunk 71 final batch loss = 0.554879
  chunk 72 final batch loss = 0.697690
  chunk 73 final batch loss = 0.360144
  chunk 74 final batch loss = 0.436128
  chunk 75 final batch loss = 0.270379
  chunk 76 final batch loss = 0.232108
  chunk 77 final batch loss = 0.447317
  chunk 78 final batch loss = 0.761439
  chunk 79 final batch loss = 0.605825
Validation loss: 0.458492
No improvement for 8 epochs
Epoch 65
  chunk 0 final batch loss = 0.797960
  chunk 1 final batch loss = 0.773979
  chunk 2 final batch loss = 0.383121
  chunk 3 final batch loss = 0.281993
  chunk 4 final batch loss = 0.689416
  chunk 5 final batch loss = 0.471628
  chunk 6 final batch loss = 0.235091
  chunk 7 final batch loss = 0.386554
  chunk 8 final batch loss = 0.349441
  chunk 9 final batch loss = 0.541204
  chunk 10 final batch loss = 0.411310
  chunk 11 final batch loss = 0.815371
  chunk 12 final batch loss = 0.669357
  chunk 13 final batch loss = 0.672540
  chunk 14 final batch loss = 0.397312
  chunk 15 final batch loss = 0.260138
  chunk 16 final batch loss = 0.270379
  chunk 17 final batch loss = 0.358749
  chunk 18 final batch loss = 0.586234
  chunk 19 final batch loss = 0.252982
  chunk 20 final batch loss = 0.763525
  chunk 21 final batch loss = 0.566339
  chunk 22 final batch loss = 0.706141
  chunk 23 final batch loss = 0.652016
  chunk 24 final batch loss = 0.745392
  chunk 25 final batch loss = 0.293651
  chunk 26 final batch loss = 0.757841
  chunk 27 final batch loss = 0.240800
  chunk 28 final batch loss = 0.268536
  chunk 29 final batch loss = 0.766974
  chunk 30 final batch loss = 0.266629
  chunk 31 final batch loss = 0.318359
  chunk 32 final batch loss = 0.657040
  chunk 33 final batch loss = 0.223908
  chunk 34 final batch loss = 0.365462
  chunk 35 final batch loss = 0.773028
  chunk 36 final batch loss = 0.595061
  chunk 37 final batch loss = 0.511785
  chunk 38 final batch loss = 0.260354
  chunk 39 final batch loss = 0.806194
  chunk 40 final batch loss = 0.273975
  chunk 41 final batch loss = 0.535721
  chunk 42 final batch loss = 0.256213
  chunk 43 final batch loss = 0.779834
  chunk 44 final batch loss = 0.276138
  chunk 45 final batch loss = 0.694457
  chunk 46 final batch loss = 0.253894
  chunk 47 final batch loss = 0.247423
  chunk 48 final batch loss = 0.293711
  chunk 49 final batch loss = 0.781294
  chunk 50 final batch loss = 0.575067
  chunk 51 final batch loss = 0.268331
  chunk 52 final batch loss = 0.253465
  chunk 53 final batch loss = 0.405732
  chunk 54 final batch loss = 0.338608
  chunk 55 final batch loss = 0.286218
  chunk 56 final batch loss = 0.701707
  chunk 57 final batch loss = 0.758148
  chunk 58 final batch loss = 0.564519
  chunk 59 final batch loss = 0.248826
  chunk 60 final batch loss = 0.580806
  chunk 61 final batch loss = 0.288949
  chunk 62 final batch loss = 0.276845
  chunk 63 final batch loss = 0.756043
  chunk 64 final batch loss = 0.784220
  chunk 65 final batch loss = 0.348110
  chunk 66 final batch loss = 0.579267
  chunk 67 final batch loss = 0.750556
  chunk 68 final batch loss = 0.320900
  chunk 69 final batch loss = 0.566712
  chunk 70 final batch loss = 0.247962
  chunk 71 final batch loss = 0.567349
  chunk 72 final batch loss = 0.721462
  chunk 73 final batch loss = 0.325556
  chunk 74 final batch loss = 0.500439
  chunk 75 final batch loss = 0.246802
  chunk 76 final batch loss = 0.237863
  chunk 77 final batch loss = 0.360869
  chunk 78 final batch loss = 0.738815
  chunk 79 final batch loss = 0.613315
Validation loss: 0.460454
No improvement for 9 epochs
Epoch 66
  chunk 0 final batch loss = 0.779394
  chunk 1 final batch loss = 0.772935
  chunk 2 final batch loss = 0.369986
  chunk 3 final batch loss = 0.297895
  chunk 4 final batch loss = 0.758103
  chunk 5 final batch loss = 0.443561
  chunk 6 final batch loss = 0.234719
  chunk 7 final batch loss = 0.372179
  chunk 8 final batch loss = 0.302163
  chunk 9 final batch loss = 0.558317
  chunk 10 final batch loss = 0.370917
  chunk 11 final batch loss = 0.808574
  chunk 12 final batch loss = 0.710329
  chunk 13 final batch loss = 0.702192
  chunk 14 final batch loss = 0.381758
  chunk 15 final batch loss = 0.278398
  chunk 16 final batch loss = 0.276780
  chunk 17 final batch loss = 0.335265
  chunk 18 final batch loss = 0.522544
  chunk 19 final batch loss = 0.263821
  chunk 20 final batch loss = 0.755632
  chunk 21 final batch loss = 0.548914
  chunk 22 final batch loss = 0.757551
  chunk 23 final batch loss = 0.601213
  chunk 24 final batch loss = 0.732153
  chunk 25 final batch loss = 0.278501
  chunk 26 final batch loss = 0.716026
  chunk 27 final batch loss = 0.227069
  chunk 28 final batch loss = 0.234986
  chunk 29 final batch loss = 0.723649
  chunk 30 final batch loss = 0.286195
  chunk 31 final batch loss = 0.286300
  chunk 32 final batch loss = 0.674733
  chunk 33 final batch loss = 0.252092
  chunk 34 final batch loss = 0.411959
  chunk 35 final batch loss = 0.789001
  chunk 36 final batch loss = 0.616720
  chunk 37 final batch loss = 0.431659
  chunk 38 final batch loss = 0.259053
  chunk 39 final batch loss = 0.796292
  chunk 40 final batch loss = 0.242601
  chunk 41 final batch loss = 0.552520
  chunk 42 final batch loss = 0.265562
  chunk 43 final batch loss = 0.774380
  chunk 44 final batch loss = 0.299393
  chunk 45 final batch loss = 0.730355
  chunk 46 final batch loss = 0.256515
  chunk 47 final batch loss = 0.249915
  chunk 48 final batch loss = 0.278604
  chunk 49 final batch loss = 0.741593
  chunk 50 final batch loss = 0.632080
  chunk 51 final batch loss = 0.278180
  chunk 52 final batch loss = 0.226306
  chunk 53 final batch loss = 0.449283
  chunk 54 final batch loss = 0.320313
  chunk 55 final batch loss = 0.277406
  chunk 56 final batch loss = 0.694778
  chunk 57 final batch loss = 0.727561
  chunk 58 final batch loss = 0.592135
  chunk 59 final batch loss = 0.241026
  chunk 60 final batch loss = 0.521799
  chunk 61 final batch loss = 0.267180
  chunk 62 final batch loss = 0.298066
  chunk 63 final batch loss = 0.764299
  chunk 64 final batch loss = 0.759092
  chunk 65 final batch loss = 0.324911
  chunk 66 final batch loss = 0.634108
  chunk 67 final batch loss = 0.787019
  chunk 68 final batch loss = 0.338143
  chunk 69 final batch loss = 0.551736
  chunk 70 final batch loss = 0.248153
  chunk 71 final batch loss = 0.583231
  chunk 72 final batch loss = 0.675356
  chunk 73 final batch loss = 0.336619
  chunk 74 final batch loss = 0.450512
  chunk 75 final batch loss = 0.271042
  chunk 76 final batch loss = 0.242935
  chunk 77 final batch loss = 0.367030
  chunk 78 final batch loss = 0.774273
  chunk 79 final batch loss = 0.566626
Validation loss: 0.459047
No improvement for 10 epochs
Epoch 67
  chunk 0 final batch loss = 0.773757
  chunk 1 final batch loss = 0.779852
  chunk 2 final batch loss = 0.351385
  chunk 3 final batch loss = 0.300752
  chunk 4 final batch loss = 0.731318
  chunk 5 final batch loss = 0.449144
  chunk 6 final batch loss = 0.230673
  chunk 7 final batch loss = 0.411717
  chunk 8 final batch loss = 0.333944
  chunk 9 final batch loss = 0.609746
  chunk 10 final batch loss = 0.383293
  chunk 11 final batch loss = 0.803453
  chunk 12 final batch loss = 0.704825
  chunk 13 final batch loss = 0.630550
  chunk 14 final batch loss = 0.377025
  chunk 15 final batch loss = 0.263823
  chunk 16 final batch loss = 0.266436
  chunk 17 final batch loss = 0.386344
  chunk 18 final batch loss = 0.635659
  chunk 19 final batch loss = 0.230492
  chunk 20 final batch loss = 0.770422
  chunk 21 final batch loss = 0.552977
  chunk 22 final batch loss = 0.718677
  chunk 23 final batch loss = 0.595839
  chunk 24 final batch loss = 0.759397
  chunk 25 final batch loss = 0.300679
  chunk 26 final batch loss = 0.751822
  chunk 27 final batch loss = 0.224216
  chunk 28 final batch loss = 0.244444
  chunk 29 final batch loss = 0.730882
  chunk 30 final batch loss = 0.280096
  chunk 31 final batch loss = 0.272211
  chunk 32 final batch loss = 0.697630
  chunk 33 final batch loss = 0.249408
  chunk 34 final batch loss = 0.366227
  chunk 35 final batch loss = 0.783810
  chunk 36 final batch loss = 0.543576
  chunk 37 final batch loss = 0.472955
  chunk 38 final batch loss = 0.262902
  chunk 39 final batch loss = 0.809092
  chunk 40 final batch loss = 0.252021
  chunk 41 final batch loss = 0.573471
  chunk 42 final batch loss = 0.264359
  chunk 43 final batch loss = 0.789503
  chunk 44 final batch loss = 0.340832
  chunk 45 final batch loss = 0.715725
  chunk 46 final batch loss = 0.248305
  chunk 47 final batch loss = 0.243660
  chunk 48 final batch loss = 0.324749
  chunk 49 final batch loss = 0.752740
  chunk 50 final batch loss = 0.510415
  chunk 51 final batch loss = 0.278051
  chunk 52 final batch loss = 0.242215
  chunk 53 final batch loss = 0.478245
  chunk 54 final batch loss = 0.318100
  chunk 55 final batch loss = 0.268924
  chunk 56 final batch loss = 0.709315
  chunk 57 final batch loss = 0.726489
  chunk 58 final batch loss = 0.498181
  chunk 59 final batch loss = 0.270092
  chunk 60 final batch loss = 0.589605
  chunk 61 final batch loss = 0.287128
  chunk 62 final batch loss = 0.300085
  chunk 63 final batch loss = 0.751908
  chunk 64 final batch loss = 0.712226
  chunk 65 final batch loss = 0.319517
  chunk 66 final batch loss = 0.602886
  chunk 67 final batch loss = 0.800083
  chunk 68 final batch loss = 0.388353
  chunk 69 final batch loss = 0.532009
  chunk 70 final batch loss = 0.256425
  chunk 71 final batch loss = 0.587238
  chunk 72 final batch loss = 0.689614
  chunk 73 final batch loss = 0.330907
  chunk 74 final batch loss = 0.454181
  chunk 75 final batch loss = 0.242690
  chunk 76 final batch loss = 0.234744
  chunk 77 final batch loss = 0.390655
  chunk 78 final batch loss = 0.767071
  chunk 79 final batch loss = 0.552953
Validation loss: 0.459838
No improvement for 11 epochs
Epoch 68
  chunk 0 final batch loss = 0.776966
  chunk 1 final batch loss = 0.792437
  chunk 2 final batch loss = 0.348549
  chunk 3 final batch loss = 0.305846
  chunk 4 final batch loss = 0.769724
  chunk 5 final batch loss = 0.445153
  chunk 6 final batch loss = 0.225405
  chunk 7 final batch loss = 0.374455
  chunk 8 final batch loss = 0.348970
  chunk 9 final batch loss = 0.550123
  chunk 10 final batch loss = 0.377170
  chunk 11 final batch loss = 0.789179
  chunk 12 final batch loss = 0.711705
  chunk 13 final batch loss = 0.672796
  chunk 14 final batch loss = 0.384946
  chunk 15 final batch loss = 0.291875
  chunk 16 final batch loss = 0.300526
  chunk 17 final batch loss = 0.362901
  chunk 18 final batch loss = 0.637610
  chunk 19 final batch loss = 0.260789
  chunk 20 final batch loss = 0.745286
  chunk 21 final batch loss = 0.566955
  chunk 22 final batch loss = 0.696759
  chunk 23 final batch loss = 0.606719
  chunk 24 final batch loss = 0.743894
  chunk 25 final batch loss = 0.285079
  chunk 26 final batch loss = 0.747779
  chunk 27 final batch loss = 0.226774
  chunk 28 final batch loss = 0.270243
  chunk 29 final batch loss = 0.770060
  chunk 30 final batch loss = 0.296427
  chunk 31 final batch loss = 0.284540
  chunk 32 final batch loss = 0.709683
  chunk 33 final batch loss = 0.259921
  chunk 34 final batch loss = 0.400215
  chunk 35 final batch loss = 0.779082
  chunk 36 final batch loss = 0.656694
  chunk 37 final batch loss = 0.444965
  chunk 38 final batch loss = 0.246472
  chunk 39 final batch loss = 0.811556
  chunk 40 final batch loss = 0.247162
  chunk 41 final batch loss = 0.576408
  chunk 42 final batch loss = 0.274335
  chunk 43 final batch loss = 0.787647
  chunk 44 final batch loss = 0.333660
  chunk 45 final batch loss = 0.719579
  chunk 46 final batch loss = 0.255351
  chunk 47 final batch loss = 0.250477
  chunk 48 final batch loss = 0.307384
  chunk 49 final batch loss = 0.737801
  chunk 50 final batch loss = 0.602712
  chunk 51 final batch loss = 0.277775
  chunk 52 final batch loss = 0.228780
  chunk 53 final batch loss = 0.410784
  chunk 54 final batch loss = 0.304142
  chunk 55 final batch loss = 0.229135
  chunk 56 final batch loss = 0.720802
  chunk 57 final batch loss = 0.745237
  chunk 58 final batch loss = 0.544492
  chunk 59 final batch loss = 0.274459
  chunk 60 final batch loss = 0.554421
  chunk 61 final batch loss = 0.310874
  chunk 62 final batch loss = 0.292282
  chunk 63 final batch loss = 0.717818
  chunk 64 final batch loss = 0.697451
  chunk 65 final batch loss = 0.313131
  chunk 66 final batch loss = 0.527954
  chunk 67 final batch loss = 0.757556
  chunk 68 final batch loss = 0.364169
  chunk 69 final batch loss = 0.516850
  chunk 70 final batch loss = 0.245733
  chunk 71 final batch loss = 0.516571
  chunk 72 final batch loss = 0.693038
  chunk 73 final batch loss = 0.331795
  chunk 74 final batch loss = 0.481277
  chunk 75 final batch loss = 0.245038
  chunk 76 final batch loss = 0.253369
  chunk 77 final batch loss = 0.406141
  chunk 78 final batch loss = 0.762951
  chunk 79 final batch loss = 0.593826
Validation loss: 0.458491
No improvement for 12 epochs
Epoch 69
  chunk 0 final batch loss = 0.777452
  chunk 1 final batch loss = 0.754887
  chunk 2 final batch loss = 0.365715
  chunk 3 final batch loss = 0.277650
  chunk 4 final batch loss = 0.746051
  chunk 5 final batch loss = 0.515150
  chunk 6 final batch loss = 0.250358
  chunk 7 final batch loss = 0.393517
  chunk 8 final batch loss = 0.346185
  chunk 9 final batch loss = 0.549979
  chunk 10 final batch loss = 0.388986
  chunk 11 final batch loss = 0.793317
  chunk 12 final batch loss = 0.663996
  chunk 13 final batch loss = 0.673997
  chunk 14 final batch loss = 0.378808
  chunk 15 final batch loss = 0.296354
  chunk 16 final batch loss = 0.296521
  chunk 17 final batch loss = 0.359054
  chunk 18 final batch loss = 0.574016
  chunk 19 final batch loss = 0.256963
  chunk 20 final batch loss = 0.732960
  chunk 21 final batch loss = 0.558991
  chunk 22 final batch loss = 0.725023
  chunk 23 final batch loss = 0.533869
  chunk 24 final batch loss = 0.745163
  chunk 25 final batch loss = 0.261011
  chunk 26 final batch loss = 0.743209
  chunk 27 final batch loss = 0.248259
  chunk 28 final batch loss = 0.252315
  chunk 29 final batch loss = 0.732683
  chunk 30 final batch loss = 0.254308
  chunk 31 final batch loss = 0.279086
  chunk 32 final batch loss = 0.705380
  chunk 33 final batch loss = 0.228467
  chunk 34 final batch loss = 0.404456
  chunk 35 final batch loss = 0.788797
  chunk 36 final batch loss = 0.605877
  chunk 37 final batch loss = 0.477334
  chunk 38 final batch loss = 0.264264
  chunk 39 final batch loss = 0.812376
  chunk 40 final batch loss = 0.267370
  chunk 41 final batch loss = 0.598370
  chunk 42 final batch loss = 0.256985
  chunk 43 final batch loss = 0.796583
  chunk 44 final batch loss = 0.271161
  chunk 45 final batch loss = 0.762097
  chunk 46 final batch loss = 0.234770
  chunk 47 final batch loss = 0.256080
  chunk 48 final batch loss = 0.291920
  chunk 49 final batch loss = 0.727357
  chunk 50 final batch loss = 0.606221
  chunk 51 final batch loss = 0.278613
  chunk 52 final batch loss = 0.245418
  chunk 53 final batch loss = 0.481462
  chunk 54 final batch loss = 0.327155
  chunk 55 final batch loss = 0.264188
  chunk 56 final batch loss = 0.664835
  chunk 57 final batch loss = 0.737451
  chunk 58 final batch loss = 0.498297
  chunk 59 final batch loss = 0.252833
  chunk 60 final batch loss = 0.521759
  chunk 61 final batch loss = 0.307580
  chunk 62 final batch loss = 0.244185
  chunk 63 final batch loss = 0.731200
  chunk 64 final batch loss = 0.738341
  chunk 65 final batch loss = 0.321465
  chunk 66 final batch loss = 0.601385
  chunk 67 final batch loss = 0.778917
  chunk 68 final batch loss = 0.352644
  chunk 69 final batch loss = 0.475945
  chunk 70 final batch loss = 0.259232
  chunk 71 final batch loss = 0.569450
  chunk 72 final batch loss = 0.659575
  chunk 73 final batch loss = 0.362394
  chunk 74 final batch loss = 0.467181
  chunk 75 final batch loss = 0.224711
  chunk 76 final batch loss = 0.231728
  chunk 77 final batch loss = 0.371232
  chunk 78 final batch loss = 0.745031
  chunk 79 final batch loss = 0.602996
Validation loss: 0.457776
Saved BEST checkpoint
Epoch 70
  chunk 0 final batch loss = 0.784623
  chunk 1 final batch loss = 0.800885
  chunk 2 final batch loss = 0.336226
  chunk 3 final batch loss = 0.288675
  chunk 4 final batch loss = 0.721182
  chunk 5 final batch loss = 0.478340
  chunk 6 final batch loss = 0.238801
  chunk 7 final batch loss = 0.408727
  chunk 8 final batch loss = 0.313053
  chunk 9 final batch loss = 0.560372
  chunk 10 final batch loss = 0.434070
  chunk 11 final batch loss = 0.801117
  chunk 12 final batch loss = 0.656196
  chunk 13 final batch loss = 0.638072
  chunk 14 final batch loss = 0.357460
  chunk 15 final batch loss = 0.301141
  chunk 16 final batch loss = 0.297335
  chunk 17 final batch loss = 0.332126
  chunk 18 final batch loss = 0.539188
  chunk 19 final batch loss = 0.245979
  chunk 20 final batch loss = 0.760961
  chunk 21 final batch loss = 0.530710
  chunk 22 final batch loss = 0.705625
  chunk 23 final batch loss = 0.556270
  chunk 24 final batch loss = 0.759924
  chunk 25 final batch loss = 0.285114
  chunk 26 final batch loss = 0.702868
  chunk 27 final batch loss = 0.237950
  chunk 28 final batch loss = 0.236565
  chunk 29 final batch loss = 0.748161
  chunk 30 final batch loss = 0.277045
  chunk 31 final batch loss = 0.309594
  chunk 32 final batch loss = 0.686114
  chunk 33 final batch loss = 0.236780
  chunk 34 final batch loss = 0.360062
  chunk 35 final batch loss = 0.787093
  chunk 36 final batch loss = 0.557789
  chunk 37 final batch loss = 0.461965
  chunk 38 final batch loss = 0.239455
  chunk 39 final batch loss = 0.811185
  chunk 40 final batch loss = 0.262986
  chunk 41 final batch loss = 0.564065
  chunk 42 final batch loss = 0.259628
  chunk 43 final batch loss = 0.770133
  chunk 44 final batch loss = 0.299227
  chunk 45 final batch loss = 0.761756
  chunk 46 final batch loss = 0.254101
  chunk 47 final batch loss = 0.253682
  chunk 48 final batch loss = 0.295102
  chunk 49 final batch loss = 0.758455
  chunk 50 final batch loss = 0.549860
  chunk 51 final batch loss = 0.305769
  chunk 52 final batch loss = 0.232018
  chunk 53 final batch loss = 0.433758
  chunk 54 final batch loss = 0.326807
  chunk 55 final batch loss = 0.272867
  chunk 56 final batch loss = 0.668361
  chunk 57 final batch loss = 0.735526
  chunk 58 final batch loss = 0.590793
  chunk 59 final batch loss = 0.281992
  chunk 60 final batch loss = 0.533857
  chunk 61 final batch loss = 0.301262
  chunk 62 final batch loss = 0.293972
  chunk 63 final batch loss = 0.748544
  chunk 64 final batch loss = 0.718638
  chunk 65 final batch loss = 0.322551
  chunk 66 final batch loss = 0.606705
  chunk 67 final batch loss = 0.765845
  chunk 68 final batch loss = 0.377171
  chunk 69 final batch loss = 0.528845
  chunk 70 final batch loss = 0.242963
  chunk 71 final batch loss = 0.553686
  chunk 72 final batch loss = 0.695167
  chunk 73 final batch loss = 0.370743
  chunk 74 final batch loss = 0.448484
  chunk 75 final batch loss = 0.234516
  chunk 76 final batch loss = 0.229656
  chunk 77 final batch loss = 0.378845
  chunk 78 final batch loss = 0.782021
  chunk 79 final batch loss = 0.583750
Validation loss: 0.459549
No improvement for 1 epochs
Epoch 71
  chunk 0 final batch loss = 0.782742
  chunk 1 final batch loss = 0.788338
  chunk 2 final batch loss = 0.386263
  chunk 3 final batch loss = 0.282738
  chunk 4 final batch loss = 0.718364
  chunk 5 final batch loss = 0.464682
  chunk 6 final batch loss = 0.243331
  chunk 7 final batch loss = 0.403676
  chunk 8 final batch loss = 0.303554
  chunk 9 final batch loss = 0.554798
  chunk 10 final batch loss = 0.444110
  chunk 11 final batch loss = 0.812480
  chunk 12 final batch loss = 0.633155
  chunk 13 final batch loss = 0.678312
  chunk 14 final batch loss = 0.390268
  chunk 15 final batch loss = 0.278957
  chunk 16 final batch loss = 0.286476
  chunk 17 final batch loss = 0.368853
  chunk 18 final batch loss = 0.572505
  chunk 19 final batch loss = 0.243950
  chunk 20 final batch loss = 0.734314
  chunk 21 final batch loss = 0.536769
  chunk 22 final batch loss = 0.723715
  chunk 23 final batch loss = 0.533663
  chunk 24 final batch loss = 0.776941
  chunk 25 final batch loss = 0.304465
  chunk 26 final batch loss = 0.715274
  chunk 27 final batch loss = 0.235165
  chunk 28 final batch loss = 0.243762
  chunk 29 final batch loss = 0.781729
  chunk 30 final batch loss = 0.332918
  chunk 31 final batch loss = 0.268787
  chunk 32 final batch loss = 0.656221
  chunk 33 final batch loss = 0.230222
  chunk 34 final batch loss = 0.372250
  chunk 35 final batch loss = 0.755671
  chunk 36 final batch loss = 0.643443
  chunk 37 final batch loss = 0.451009
  chunk 38 final batch loss = 0.250967
  chunk 39 final batch loss = 0.800292
  chunk 40 final batch loss = 0.274895
  chunk 41 final batch loss = 0.577037
  chunk 42 final batch loss = 0.228371
  chunk 43 final batch loss = 0.797286
  chunk 44 final batch loss = 0.326598
  chunk 45 final batch loss = 0.697050
  chunk 46 final batch loss = 0.224112
  chunk 47 final batch loss = 0.256135
  chunk 48 final batch loss = 0.315168
  chunk 49 final batch loss = 0.733790
  chunk 50 final batch loss = 0.530529
  chunk 51 final batch loss = 0.313287
  chunk 52 final batch loss = 0.268922
  chunk 53 final batch loss = 0.529290
  chunk 54 final batch loss = 0.295031
  chunk 55 final batch loss = 0.273905
  chunk 56 final batch loss = 0.633484
  chunk 57 final batch loss = 0.735901
  chunk 58 final batch loss = 0.545363
  chunk 59 final batch loss = 0.266965
  chunk 60 final batch loss = 0.542477
  chunk 61 final batch loss = 0.324152
  chunk 62 final batch loss = 0.284128
  chunk 63 final batch loss = 0.731403
  chunk 64 final batch loss = 0.717099
  chunk 65 final batch loss = 0.317856
  chunk 66 final batch loss = 0.549688
  chunk 67 final batch loss = 0.782836
  chunk 68 final batch loss = 0.328287
  chunk 69 final batch loss = 0.558457
  chunk 70 final batch loss = 0.252054
  chunk 71 final batch loss = 0.531943
  chunk 72 final batch loss = 0.725356
  chunk 73 final batch loss = 0.317794
  chunk 74 final batch loss = 0.517623
  chunk 75 final batch loss = 0.266992
  chunk 76 final batch loss = 0.201214
  chunk 77 final batch loss = 0.354106
  chunk 78 final batch loss = 0.711397
  chunk 79 final batch loss = 0.548494
Validation loss: 0.459248
No improvement for 2 epochs
Epoch 72
  chunk 0 final batch loss = 0.779685
  chunk 1 final batch loss = 0.758902
  chunk 2 final batch loss = 0.346265
  chunk 3 final batch loss = 0.291442
  chunk 4 final batch loss = 0.707991
  chunk 5 final batch loss = 0.461099
  chunk 6 final batch loss = 0.249498
  chunk 7 final batch loss = 0.404938
  chunk 8 final batch loss = 0.287482
  chunk 9 final batch loss = 0.539829
  chunk 10 final batch loss = 0.397477
  chunk 11 final batch loss = 0.808772
  chunk 12 final batch loss = 0.652467
  chunk 13 final batch loss = 0.706073
  chunk 14 final batch loss = 0.357868
  chunk 15 final batch loss = 0.266648
  chunk 16 final batch loss = 0.274583
  chunk 17 final batch loss = 0.362537
  chunk 18 final batch loss = 0.536589
  chunk 19 final batch loss = 0.247650
  chunk 20 final batch loss = 0.766423
  chunk 21 final batch loss = 0.566140
  chunk 22 final batch loss = 0.757089
  chunk 23 final batch loss = 0.615089
  chunk 24 final batch loss = 0.740718
  chunk 25 final batch loss = 0.279505
  chunk 26 final batch loss = 0.747735
  chunk 27 final batch loss = 0.247250
  chunk 28 final batch loss = 0.253492
  chunk 29 final batch loss = 0.778447
  chunk 30 final batch loss = 0.274475
  chunk 31 final batch loss = 0.279139
  chunk 32 final batch loss = 0.667582
  chunk 33 final batch loss = 0.238241
  chunk 34 final batch loss = 0.370330
  chunk 35 final batch loss = 0.757182
  chunk 36 final batch loss = 0.599954
  chunk 37 final batch loss = 0.437347
  chunk 38 final batch loss = 0.256912
  chunk 39 final batch loss = 0.787763
  chunk 40 final batch loss = 0.239218
  chunk 41 final batch loss = 0.551740
  chunk 42 final batch loss = 0.241755
  chunk 43 final batch loss = 0.782053
  chunk 44 final batch loss = 0.310066
  chunk 45 final batch loss = 0.731507
  chunk 46 final batch loss = 0.256011
  chunk 47 final batch loss = 0.259569
  chunk 48 final batch loss = 0.302697
  chunk 49 final batch loss = 0.736935
  chunk 50 final batch loss = 0.529721
  chunk 51 final batch loss = 0.282583
  chunk 52 final batch loss = 0.251945
  chunk 53 final batch loss = 0.455688
  chunk 54 final batch loss = 0.316543
  chunk 55 final batch loss = 0.267649
  chunk 56 final batch loss = 0.683443
  chunk 57 final batch loss = 0.726197
  chunk 58 final batch loss = 0.536462
  chunk 59 final batch loss = 0.252953
  chunk 60 final batch loss = 0.495419
  chunk 61 final batch loss = 0.235479
  chunk 62 final batch loss = 0.273137
  chunk 63 final batch loss = 0.767632
  chunk 64 final batch loss = 0.742478
  chunk 65 final batch loss = 0.354590
  chunk 66 final batch loss = 0.561077
  chunk 67 final batch loss = 0.780465
  chunk 68 final batch loss = 0.328579
  chunk 69 final batch loss = 0.555699
  chunk 70 final batch loss = 0.236696
  chunk 71 final batch loss = 0.629698
  chunk 72 final batch loss = 0.700287
  chunk 73 final batch loss = 0.326870
  chunk 74 final batch loss = 0.472603
  chunk 75 final batch loss = 0.249554
  chunk 76 final batch loss = 0.240270
  chunk 77 final batch loss = 0.377585
  chunk 78 final batch loss = 0.725114
  chunk 79 final batch loss = 0.534619
Validation loss: 0.459110
No improvement for 3 epochs
Epoch 73
  chunk 0 final batch loss = 0.785996
  chunk 1 final batch loss = 0.789743
  chunk 2 final batch loss = 0.335708
  chunk 3 final batch loss = 0.283471
  chunk 4 final batch loss = 0.717246
  chunk 5 final batch loss = 0.449539
  chunk 6 final batch loss = 0.231962
  chunk 7 final batch loss = 0.370922
  chunk 8 final batch loss = 0.326123
  chunk 9 final batch loss = 0.600126
  chunk 10 final batch loss = 0.394496
  chunk 11 final batch loss = 0.799458
  chunk 12 final batch loss = 0.671479
  chunk 13 final batch loss = 0.659412
  chunk 14 final batch loss = 0.379606
  chunk 15 final batch loss = 0.274671
  chunk 16 final batch loss = 0.292103
  chunk 17 final batch loss = 0.388441
  chunk 18 final batch loss = 0.602279
  chunk 19 final batch loss = 0.234792
  chunk 20 final batch loss = 0.718466
  chunk 21 final batch loss = 0.531729
  chunk 22 final batch loss = 0.672909
  chunk 23 final batch loss = 0.516156
  chunk 24 final batch loss = 0.763031
  chunk 25 final batch loss = 0.303644
  chunk 26 final batch loss = 0.702299
  chunk 27 final batch loss = 0.230844
  chunk 28 final batch loss = 0.249885
  chunk 29 final batch loss = 0.755364
  chunk 30 final batch loss = 0.286354
  chunk 31 final batch loss = 0.276949
  chunk 32 final batch loss = 0.667858
  chunk 33 final batch loss = 0.250683
  chunk 34 final batch loss = 0.380486
  chunk 35 final batch loss = 0.777062
  chunk 36 final batch loss = 0.511031
  chunk 37 final batch loss = 0.463946
  chunk 38 final batch loss = 0.256260
  chunk 39 final batch loss = 0.808827
  chunk 40 final batch loss = 0.253508
  chunk 41 final batch loss = 0.575467
  chunk 42 final batch loss = 0.225450
  chunk 43 final batch loss = 0.787884
  chunk 44 final batch loss = 0.331365
  chunk 45 final batch loss = 0.733921
  chunk 46 final batch loss = 0.244887
  chunk 47 final batch loss = 0.222400
  chunk 48 final batch loss = 0.277448
  chunk 49 final batch loss = 0.743100
  chunk 50 final batch loss = 0.627781
  chunk 51 final batch loss = 0.264673
  chunk 52 final batch loss = 0.242570
  chunk 53 final batch loss = 0.468926
  chunk 54 final batch loss = 0.324041
  chunk 55 final batch loss = 0.272037
  chunk 56 final batch loss = 0.672780
  chunk 57 final batch loss = 0.699674
  chunk 58 final batch loss = 0.564762
  chunk 59 final batch loss = 0.262950
  chunk 60 final batch loss = 0.513614
  chunk 61 final batch loss = 0.313734
  chunk 62 final batch loss = 0.310760
  chunk 63 final batch loss = 0.715317
  chunk 64 final batch loss = 0.731489
  chunk 65 final batch loss = 0.332636
  chunk 66 final batch loss = 0.627645
  chunk 67 final batch loss = 0.784976
  chunk 68 final batch loss = 0.319836
  chunk 69 final batch loss = 0.527628
  chunk 70 final batch loss = 0.230476
  chunk 71 final batch loss = 0.560421
  chunk 72 final batch loss = 0.673364
  chunk 73 final batch loss = 0.358369
  chunk 74 final batch loss = 0.498160
  chunk 75 final batch loss = 0.246635
  chunk 76 final batch loss = 0.229261
  chunk 77 final batch loss = 0.418575
  chunk 78 final batch loss = 0.711446
  chunk 79 final batch loss = 0.558786
Validation loss: 0.460178
No improvement for 4 epochs
Epoch 74
  chunk 0 final batch loss = 0.777330
  chunk 1 final batch loss = 0.781279
  chunk 2 final batch loss = 0.336202
  chunk 3 final batch loss = 0.305727
  chunk 4 final batch loss = 0.751129
  chunk 5 final batch loss = 0.458061
  chunk 6 final batch loss = 0.244594
  chunk 7 final batch loss = 0.396652
  chunk 8 final batch loss = 0.327299
  chunk 9 final batch loss = 0.572419
  chunk 10 final batch loss = 0.364947
  chunk 11 final batch loss = 0.799193
  chunk 12 final batch loss = 0.626245
  chunk 13 final batch loss = 0.682872
  chunk 14 final batch loss = 0.338867
  chunk 15 final batch loss = 0.280582
  chunk 16 final batch loss = 0.265948
  chunk 17 final batch loss = 0.404638
  chunk 18 final batch loss = 0.525568
  chunk 19 final batch loss = 0.266013
  chunk 20 final batch loss = 0.737743
  chunk 21 final batch loss = 0.545559
  chunk 22 final batch loss = 0.712056
  chunk 23 final batch loss = 0.583658
  chunk 24 final batch loss = 0.736963
  chunk 25 final batch loss = 0.286562
  chunk 26 final batch loss = 0.757911
  chunk 27 final batch loss = 0.251559
  chunk 28 final batch loss = 0.240824
  chunk 29 final batch loss = 0.808218
  chunk 30 final batch loss = 0.309676
  chunk 31 final batch loss = 0.261481
  chunk 32 final batch loss = 0.646571
  chunk 33 final batch loss = 0.247717
  chunk 34 final batch loss = 0.351273
  chunk 35 final batch loss = 0.770116
  chunk 36 final batch loss = 0.582959
  chunk 37 final batch loss = 0.502263
  chunk 38 final batch loss = 0.250765
  chunk 39 final batch loss = 0.798981
  chunk 40 final batch loss = 0.258841
  chunk 41 final batch loss = 0.596890
  chunk 42 final batch loss = 0.256150
  chunk 43 final batch loss = 0.776475
  chunk 44 final batch loss = 0.309656
  chunk 45 final batch loss = 0.737728
  chunk 46 final batch loss = 0.249456
  chunk 47 final batch loss = 0.237809
  chunk 48 final batch loss = 0.273489
  chunk 49 final batch loss = 0.706789
  chunk 50 final batch loss = 0.539217
  chunk 51 final batch loss = 0.281895
  chunk 52 final batch loss = 0.233180
  chunk 53 final batch loss = 0.483908
  chunk 54 final batch loss = 0.322937
  chunk 55 final batch loss = 0.243464
  chunk 56 final batch loss = 0.675478
  chunk 57 final batch loss = 0.694201
  chunk 58 final batch loss = 0.543220
  chunk 59 final batch loss = 0.237841
  chunk 60 final batch loss = 0.507391
  chunk 61 final batch loss = 0.304638
  chunk 62 final batch loss = 0.278128
  chunk 63 final batch loss = 0.766858
  chunk 64 final batch loss = 0.714506
  chunk 65 final batch loss = 0.337554
  chunk 66 final batch loss = 0.618222
  chunk 67 final batch loss = 0.762544
  chunk 68 final batch loss = 0.364353
  chunk 69 final batch loss = 0.552530
  chunk 70 final batch loss = 0.253863
  chunk 71 final batch loss = 0.649911
  chunk 72 final batch loss = 0.714343
  chunk 73 final batch loss = 0.334868
  chunk 74 final batch loss = 0.475061
  chunk 75 final batch loss = 0.261118
  chunk 76 final batch loss = 0.241394
  chunk 77 final batch loss = 0.346932
  chunk 78 final batch loss = 0.727475
  chunk 79 final batch loss = 0.563571
Validation loss: 0.457437
Saved BEST checkpoint
Epoch 75
  chunk 0 final batch loss = 0.781194
  chunk 1 final batch loss = 0.779827
  chunk 2 final batch loss = 0.368949
  chunk 3 final batch loss = 0.298177
  chunk 4 final batch loss = 0.751641
  chunk 5 final batch loss = 0.486351
  chunk 6 final batch loss = 0.221280
  chunk 7 final batch loss = 0.333600
  chunk 8 final batch loss = 0.349442
  chunk 9 final batch loss = 0.582271
  chunk 10 final batch loss = 0.415036
  chunk 11 final batch loss = 0.818699
  chunk 12 final batch loss = 0.637200
  chunk 13 final batch loss = 0.687201
  chunk 14 final batch loss = 0.390850
  chunk 15 final batch loss = 0.287827
  chunk 16 final batch loss = 0.263463
  chunk 17 final batch loss = 0.344900
  chunk 18 final batch loss = 0.533915
  chunk 19 final batch loss = 0.283032
  chunk 20 final batch loss = 0.758857
  chunk 21 final batch loss = 0.568045
  chunk 22 final batch loss = 0.691956
  chunk 23 final batch loss = 0.534825
  chunk 24 final batch loss = 0.733287
  chunk 25 final batch loss = 0.300476
  chunk 26 final batch loss = 0.755041
  chunk 27 final batch loss = 0.232627
  chunk 28 final batch loss = 0.241405
  chunk 29 final batch loss = 0.737159
  chunk 30 final batch loss = 0.308764
  chunk 31 final batch loss = 0.247482
  chunk 32 final batch loss = 0.656075
  chunk 33 final batch loss = 0.250290
  chunk 34 final batch loss = 0.391649
  chunk 35 final batch loss = 0.769482
  chunk 36 final batch loss = 0.560900
  chunk 37 final batch loss = 0.470596
  chunk 38 final batch loss = 0.242678
  chunk 39 final batch loss = 0.802155
  chunk 40 final batch loss = 0.279692
  chunk 41 final batch loss = 0.603284
  chunk 42 final batch loss = 0.252521
  chunk 43 final batch loss = 0.768928
  chunk 44 final batch loss = 0.291139
  chunk 45 final batch loss = 0.727338
  chunk 46 final batch loss = 0.247457
  chunk 47 final batch loss = 0.253896
  chunk 48 final batch loss = 0.296693
  chunk 49 final batch loss = 0.717891
  chunk 50 final batch loss = 0.499986
  chunk 51 final batch loss = 0.266877
  chunk 52 final batch loss = 0.250261
  chunk 53 final batch loss = 0.450442
  chunk 54 final batch loss = 0.320122
  chunk 55 final batch loss = 0.243763
  chunk 56 final batch loss = 0.655415
  chunk 57 final batch loss = 0.655731
  chunk 58 final batch loss = 0.564559
  chunk 59 final batch loss = 0.250734
  chunk 60 final batch loss = 0.519241
  chunk 61 final batch loss = 0.276546
  chunk 62 final batch loss = 0.300121
  chunk 63 final batch loss = 0.742552
  chunk 64 final batch loss = 0.677180
  chunk 65 final batch loss = 0.322282
  chunk 66 final batch loss = 0.567944
  chunk 67 final batch loss = 0.777065
  chunk 68 final batch loss = 0.366434
  chunk 69 final batch loss = 0.481791
  chunk 70 final batch loss = 0.251538
  chunk 71 final batch loss = 0.523317
  chunk 72 final batch loss = 0.682645
  chunk 73 final batch loss = 0.341303
  chunk 74 final batch loss = 0.421404
  chunk 75 final batch loss = 0.231233
  chunk 76 final batch loss = 0.240817
  chunk 77 final batch loss = 0.392420
  chunk 78 final batch loss = 0.711560
  chunk 79 final batch loss = 0.567503
Validation loss: 0.460171
No improvement for 1 epochs
Epoch 76
  chunk 0 final batch loss = 0.783391
  chunk 1 final batch loss = 0.754800
  chunk 2 final batch loss = 0.346172
  chunk 3 final batch loss = 0.283278
  chunk 4 final batch loss = 0.721818
  chunk 5 final batch loss = 0.474379
  chunk 6 final batch loss = 0.232918
  chunk 7 final batch loss = 0.344497
  chunk 8 final batch loss = 0.340894
  chunk 9 final batch loss = 0.577144
  chunk 10 final batch loss = 0.368707
  chunk 11 final batch loss = 0.789744
  chunk 12 final batch loss = 0.655247
  chunk 13 final batch loss = 0.652678
  chunk 14 final batch loss = 0.384641
  chunk 15 final batch loss = 0.291210
  chunk 16 final batch loss = 0.282296
  chunk 17 final batch loss = 0.335317
  chunk 18 final batch loss = 0.514225
  chunk 19 final batch loss = 0.276263
  chunk 20 final batch loss = 0.727623
  chunk 21 final batch loss = 0.551423
  chunk 22 final batch loss = 0.689442
  chunk 23 final batch loss = 0.566947
  chunk 24 final batch loss = 0.724449
  chunk 25 final batch loss = 0.293019
  chunk 26 final batch loss = 0.722560
  chunk 27 final batch loss = 0.226928
  chunk 28 final batch loss = 0.236350
  chunk 29 final batch loss = 0.707827
  chunk 30 final batch loss = 0.296921
  chunk 31 final batch loss = 0.296279
  chunk 32 final batch loss = 0.694460
  chunk 33 final batch loss = 0.242943
  chunk 34 final batch loss = 0.391763
  chunk 35 final batch loss = 0.758177
  chunk 36 final batch loss = 0.570269
  chunk 37 final batch loss = 0.473522
  chunk 38 final batch loss = 0.236849
  chunk 39 final batch loss = 0.796971
  chunk 40 final batch loss = 0.274559
  chunk 41 final batch loss = 0.580337
  chunk 42 final batch loss = 0.251979
  chunk 43 final batch loss = 0.787826
  chunk 44 final batch loss = 0.326881
  chunk 45 final batch loss = 0.662393
  chunk 46 final batch loss = 0.256228
  chunk 47 final batch loss = 0.247068
  chunk 48 final batch loss = 0.294722
  chunk 49 final batch loss = 0.728390
  chunk 50 final batch loss = 0.558734
  chunk 51 final batch loss = 0.282890
  chunk 52 final batch loss = 0.238049
  chunk 53 final batch loss = 0.425160
  chunk 54 final batch loss = 0.342852
  chunk 55 final batch loss = 0.264770
  chunk 56 final batch loss = 0.655998
  chunk 57 final batch loss = 0.691043
  chunk 58 final batch loss = 0.503469
  chunk 59 final batch loss = 0.250773
  chunk 60 final batch loss = 0.522471
  chunk 61 final batch loss = 0.292590
  chunk 62 final batch loss = 0.282933
  chunk 63 final batch loss = 0.749146
  chunk 64 final batch loss = 0.717203
  chunk 65 final batch loss = 0.300001
  chunk 66 final batch loss = 0.603692
  chunk 67 final batch loss = 0.782458
  chunk 68 final batch loss = 0.375285
  chunk 69 final batch loss = 0.510851
  chunk 70 final batch loss = 0.262256
  chunk 71 final batch loss = 0.550138
  chunk 72 final batch loss = 0.689004
  chunk 73 final batch loss = 0.373363
  chunk 74 final batch loss = 0.433914
  chunk 75 final batch loss = 0.256993
  chunk 76 final batch loss = 0.229969
  chunk 77 final batch loss = 0.442685
  chunk 78 final batch loss = 0.693581
  chunk 79 final batch loss = 0.578769
Validation loss: 0.458676
No improvement for 2 epochs
Epoch 77
  chunk 0 final batch loss = 0.781742
  chunk 1 final batch loss = 0.777985
  chunk 2 final batch loss = 0.307298
  chunk 3 final batch loss = 0.313194
  chunk 4 final batch loss = 0.672285
  chunk 5 final batch loss = 0.481245
  chunk 6 final batch loss = 0.224920
  chunk 7 final batch loss = 0.417782
  chunk 8 final batch loss = 0.327973
  chunk 9 final batch loss = 0.579403
  chunk 10 final batch loss = 0.383853
  chunk 11 final batch loss = 0.803535
  chunk 12 final batch loss = 0.722275
  chunk 13 final batch loss = 0.641227
  chunk 14 final batch loss = 0.372370
  chunk 15 final batch loss = 0.277210
  chunk 16 final batch loss = 0.277057
  chunk 17 final batch loss = 0.329482
  chunk 18 final batch loss = 0.610829
  chunk 19 final batch loss = 0.245854
  chunk 20 final batch loss = 0.700766
  chunk 21 final batch loss = 0.528057
  chunk 22 final batch loss = 0.714426
  chunk 23 final batch loss = 0.587510
  chunk 24 final batch loss = 0.702299
  chunk 25 final batch loss = 0.287472
  chunk 26 final batch loss = 0.710984
  chunk 27 final batch loss = 0.232273
  chunk 28 final batch loss = 0.225321
  chunk 29 final batch loss = 0.760007
  chunk 30 final batch loss = 0.283549
  chunk 31 final batch loss = 0.269175
  chunk 32 final batch loss = 0.678883
  chunk 33 final batch loss = 0.239823
  chunk 34 final batch loss = 0.376580
  chunk 35 final batch loss = 0.779273
  chunk 36 final batch loss = 0.595278
  chunk 37 final batch loss = 0.454219
  chunk 38 final batch loss = 0.256798
  chunk 39 final batch loss = 0.796124
  chunk 40 final batch loss = 0.246098
  chunk 41 final batch loss = 0.545283
  chunk 42 final batch loss = 0.266051
  chunk 43 final batch loss = 0.768158
  chunk 44 final batch loss = 0.302448
  chunk 45 final batch loss = 0.687800
  chunk 46 final batch loss = 0.246459
  chunk 47 final batch loss = 0.256443
  chunk 48 final batch loss = 0.281367
  chunk 49 final batch loss = 0.743822
  chunk 50 final batch loss = 0.543116
  chunk 51 final batch loss = 0.289030
  chunk 52 final batch loss = 0.244857
  chunk 53 final batch loss = 0.449937
  chunk 54 final batch loss = 0.326007
  chunk 55 final batch loss = 0.270737
  chunk 56 final batch loss = 0.717437
  chunk 57 final batch loss = 0.705493
  chunk 58 final batch loss = 0.510743
  chunk 59 final batch loss = 0.251419
  chunk 60 final batch loss = 0.498890
  chunk 61 final batch loss = 0.280827
  chunk 62 final batch loss = 0.304935
  chunk 63 final batch loss = 0.758876
  chunk 64 final batch loss = 0.749289
  chunk 65 final batch loss = 0.350762
  chunk 66 final batch loss = 0.612786
  chunk 67 final batch loss = 0.776368
  chunk 68 final batch loss = 0.357117
  chunk 69 final batch loss = 0.502870
  chunk 70 final batch loss = 0.245045
  chunk 71 final batch loss = 0.506009
  chunk 72 final batch loss = 0.638160
  chunk 73 final batch loss = 0.335850
  chunk 74 final batch loss = 0.483969
  chunk 75 final batch loss = 0.247626
  chunk 76 final batch loss = 0.227288
  chunk 77 final batch loss = 0.356448
  chunk 78 final batch loss = 0.733137
  chunk 79 final batch loss = 0.520676
Validation loss: 0.459475
No improvement for 3 epochs
Epoch 78
  chunk 0 final batch loss = 0.786463
  chunk 1 final batch loss = 0.778502
  chunk 2 final batch loss = 0.318578
  chunk 3 final batch loss = 0.295081
  chunk 4 final batch loss = 0.732402
  chunk 5 final batch loss = 0.447440
  chunk 6 final batch loss = 0.244999
  chunk 7 final batch loss = 0.392270
  chunk 8 final batch loss = 0.310360
  chunk 9 final batch loss = 0.588644
  chunk 10 final batch loss = 0.392420
  chunk 11 final batch loss = 0.816018
  chunk 12 final batch loss = 0.669231
  chunk 13 final batch loss = 0.645760
  chunk 14 final batch loss = 0.407605
  chunk 15 final batch loss = 0.267972
  chunk 16 final batch loss = 0.280740
  chunk 17 final batch loss = 0.315229
  chunk 18 final batch loss = 0.545956
  chunk 19 final batch loss = 0.254818
  chunk 20 final batch loss = 0.753030
  chunk 21 final batch loss = 0.527583
  chunk 22 final batch loss = 0.698168
  chunk 23 final batch loss = 0.606976
  chunk 24 final batch loss = 0.732051
  chunk 25 final batch loss = 0.279824
  chunk 26 final batch loss = 0.753743
  chunk 27 final batch loss = 0.221396
  chunk 28 final batch loss = 0.263815
  chunk 29 final batch loss = 0.745812
  chunk 30 final batch loss = 0.302762
  chunk 31 final batch loss = 0.262581
  chunk 32 final batch loss = 0.689714
  chunk 33 final batch loss = 0.237739
  chunk 34 final batch loss = 0.342620
  chunk 35 final batch loss = 0.774257
  chunk 36 final batch loss = 0.550801
  chunk 37 final batch loss = 0.427462
  chunk 38 final batch loss = 0.258515
  chunk 39 final batch loss = 0.793515
  chunk 40 final batch loss = 0.263045
  chunk 41 final batch loss = 0.530445
  chunk 42 final batch loss = 0.281535
  chunk 43 final batch loss = 0.777689
  chunk 44 final batch loss = 0.298445
  chunk 45 final batch loss = 0.754379
  chunk 46 final batch loss = 0.244778
  chunk 47 final batch loss = 0.243969
  chunk 48 final batch loss = 0.259909
  chunk 49 final batch loss = 0.769776
  chunk 50 final batch loss = 0.550140
  chunk 51 final batch loss = 0.275933
  chunk 52 final batch loss = 0.242559
  chunk 53 final batch loss = 0.493464
  chunk 54 final batch loss = 0.326224
  chunk 55 final batch loss = 0.262684
  chunk 56 final batch loss = 0.668727
  chunk 57 final batch loss = 0.746304
  chunk 58 final batch loss = 0.536495
  chunk 59 final batch loss = 0.239199
  chunk 60 final batch loss = 0.463436
  chunk 61 final batch loss = 0.312862
  chunk 62 final batch loss = 0.270134
  chunk 63 final batch loss = 0.749663
  chunk 64 final batch loss = 0.745550
  chunk 65 final batch loss = 0.314115
  chunk 66 final batch loss = 0.584080
  chunk 67 final batch loss = 0.788560
  chunk 68 final batch loss = 0.348640
  chunk 69 final batch loss = 0.533964
  chunk 70 final batch loss = 0.256480
  chunk 71 final batch loss = 0.552497
  chunk 72 final batch loss = 0.727534
  chunk 73 final batch loss = 0.335062
  chunk 74 final batch loss = 0.464243
  chunk 75 final batch loss = 0.256772
  chunk 76 final batch loss = 0.242356
  chunk 77 final batch loss = 0.405099
  chunk 78 final batch loss = 0.726621
  chunk 79 final batch loss = 0.517609
Validation loss: 0.458161
No improvement for 4 epochs
Epoch 79
  chunk 0 final batch loss = 0.785142
  chunk 1 final batch loss = 0.779455
  chunk 2 final batch loss = 0.340755
  chunk 3 final batch loss = 0.276701
  chunk 4 final batch loss = 0.725215
  chunk 5 final batch loss = 0.507898
  chunk 6 final batch loss = 0.238159
  chunk 7 final batch loss = 0.416489
  chunk 8 final batch loss = 0.318082
  chunk 9 final batch loss = 0.604845
  chunk 10 final batch loss = 0.367041
  chunk 11 final batch loss = 0.824827
  chunk 12 final batch loss = 0.704205
  chunk 13 final batch loss = 0.584667
  chunk 14 final batch loss = 0.396873
  chunk 15 final batch loss = 0.270552
  chunk 16 final batch loss = 0.290876
  chunk 17 final batch loss = 0.339134
  chunk 18 final batch loss = 0.604067
  chunk 19 final batch loss = 0.261270
  chunk 20 final batch loss = 0.709723
  chunk 21 final batch loss = 0.512201
  chunk 22 final batch loss = 0.728157
  chunk 23 final batch loss = 0.525231
  chunk 24 final batch loss = 0.705890
  chunk 25 final batch loss = 0.289650
  chunk 26 final batch loss = 0.738541
  chunk 27 final batch loss = 0.226688
  chunk 28 final batch loss = 0.270907
  chunk 29 final batch loss = 0.711103
  chunk 30 final batch loss = 0.313813
  chunk 31 final batch loss = 0.299289
  chunk 32 final batch loss = 0.685803
  chunk 33 final batch loss = 0.252912
  chunk 34 final batch loss = 0.348020
  chunk 35 final batch loss = 0.760280
  chunk 36 final batch loss = 0.546205
  chunk 37 final batch loss = 0.453578
  chunk 38 final batch loss = 0.250737
  chunk 39 final batch loss = 0.802320
  chunk 40 final batch loss = 0.246469
  chunk 41 final batch loss = 0.580685
  chunk 42 final batch loss = 0.267715
  chunk 43 final batch loss = 0.787654
  chunk 44 final batch loss = 0.321419
  chunk 45 final batch loss = 0.740446
  chunk 46 final batch loss = 0.241854
  chunk 47 final batch loss = 0.267589
  chunk 48 final batch loss = 0.288580
  chunk 49 final batch loss = 0.698024
  chunk 50 final batch loss = 0.626094
  chunk 51 final batch loss = 0.286907
  chunk 52 final batch loss = 0.239370
  chunk 53 final batch loss = 0.468210
  chunk 54 final batch loss = 0.302532
  chunk 55 final batch loss = 0.258369
  chunk 56 final batch loss = 0.618197
  chunk 57 final batch loss = 0.647223
  chunk 58 final batch loss = 0.561735
  chunk 59 final batch loss = 0.258604
  chunk 60 final batch loss = 0.520799
  chunk 61 final batch loss = 0.321924
  chunk 62 final batch loss = 0.276860
  chunk 63 final batch loss = 0.743516
  chunk 64 final batch loss = 0.746610
  chunk 65 final batch loss = 0.290809
  chunk 66 final batch loss = 0.632486
  chunk 67 final batch loss = 0.784672
  chunk 68 final batch loss = 0.338348
  chunk 69 final batch loss = 0.507123
  chunk 70 final batch loss = 0.257386
  chunk 71 final batch loss = 0.545006
  chunk 72 final batch loss = 0.688471
  chunk 73 final batch loss = 0.346689
  chunk 74 final batch loss = 0.466276
  chunk 75 final batch loss = 0.244273
  chunk 76 final batch loss = 0.245487
  chunk 77 final batch loss = 0.430723
  chunk 78 final batch loss = 0.710326
  chunk 79 final batch loss = 0.583366
Validation loss: 0.460548
No improvement for 5 epochs
Epoch 80
  chunk 0 final batch loss = 0.785623
  chunk 1 final batch loss = 0.778987
  chunk 2 final batch loss = 0.345641
  chunk 3 final batch loss = 0.271998
  chunk 4 final batch loss = 0.742503
  chunk 5 final batch loss = 0.452275
  chunk 6 final batch loss = 0.231127
  chunk 7 final batch loss = 0.415392
  chunk 8 final batch loss = 0.329267
  chunk 9 final batch loss = 0.570386
  chunk 10 final batch loss = 0.370486
  chunk 11 final batch loss = 0.806512
  chunk 12 final batch loss = 0.682772
  chunk 13 final batch loss = 0.670368
  chunk 14 final batch loss = 0.398359
  chunk 15 final batch loss = 0.271945
  chunk 16 final batch loss = 0.263639
  chunk 17 final batch loss = 0.341953
  chunk 18 final batch loss = 0.584595
  chunk 19 final batch loss = 0.246754
  chunk 20 final batch loss = 0.751488
  chunk 21 final batch loss = 0.520261
  chunk 22 final batch loss = 0.710545
  chunk 23 final batch loss = 0.560644
  chunk 24 final batch loss = 0.733528
  chunk 25 final batch loss = 0.300785
  chunk 26 final batch loss = 0.749157
  chunk 27 final batch loss = 0.226674
  chunk 28 final batch loss = 0.260716
  chunk 29 final batch loss = 0.742567
  chunk 30 final batch loss = 0.330514
  chunk 31 final batch loss = 0.270131
  chunk 32 final batch loss = 0.682220
  chunk 33 final batch loss = 0.235576
  chunk 34 final batch loss = 0.339444
  chunk 35 final batch loss = 0.781488
  chunk 36 final batch loss = 0.570119
  chunk 37 final batch loss = 0.419873
  chunk 38 final batch loss = 0.249511
  chunk 39 final batch loss = 0.813374
  chunk 40 final batch loss = 0.279375
  chunk 41 final batch loss = 0.549081
  chunk 42 final batch loss = 0.239657
  chunk 43 final batch loss = 0.792075
  chunk 44 final batch loss = 0.315490
  chunk 45 final batch loss = 0.724426
  chunk 46 final batch loss = 0.259501
  chunk 47 final batch loss = 0.241039
  chunk 48 final batch loss = 0.307292
  chunk 49 final batch loss = 0.728264
  chunk 50 final batch loss = 0.542418
  chunk 51 final batch loss = 0.273991
  chunk 52 final batch loss = 0.241942
  chunk 53 final batch loss = 0.464805
  chunk 54 final batch loss = 0.319571
  chunk 55 final batch loss = 0.258852
  chunk 56 final batch loss = 0.678326
  chunk 57 final batch loss = 0.709243
  chunk 58 final batch loss = 0.535278
  chunk 59 final batch loss = 0.271522
  chunk 60 final batch loss = 0.509752
  chunk 61 final batch loss = 0.287585
  chunk 62 final batch loss = 0.290475
  chunk 63 final batch loss = 0.776191
  chunk 64 final batch loss = 0.711538
  chunk 65 final batch loss = 0.311921
  chunk 66 final batch loss = 0.610168
  chunk 67 final batch loss = 0.782472
  chunk 68 final batch loss = 0.354838
  chunk 69 final batch loss = 0.530046
  chunk 70 final batch loss = 0.259081
  chunk 71 final batch loss = 0.545059
  chunk 72 final batch loss = 0.685459
  chunk 73 final batch loss = 0.375345
  chunk 74 final batch loss = 0.469879
  chunk 75 final batch loss = 0.258008
  chunk 76 final batch loss = 0.224128
  chunk 77 final batch loss = 0.334786
  chunk 78 final batch loss = 0.696687
  chunk 79 final batch loss = 0.511419
Validation loss: 0.457605
No improvement for 6 epochs
Epoch 81
  chunk 0 final batch loss = 0.783833
  chunk 1 final batch loss = 0.763757
  chunk 2 final batch loss = 0.322884
  chunk 3 final batch loss = 0.287025
  chunk 4 final batch loss = 0.695359
  chunk 5 final batch loss = 0.449023
  chunk 6 final batch loss = 0.226028
  chunk 7 final batch loss = 0.388916
  chunk 8 final batch loss = 0.323316
  chunk 9 final batch loss = 0.501252
  chunk 10 final batch loss = 0.347643
  chunk 11 final batch loss = 0.803158
  chunk 12 final batch loss = 0.680207
  chunk 13 final batch loss = 0.655441
  chunk 14 final batch loss = 0.359967
  chunk 15 final batch loss = 0.298384
  chunk 16 final batch loss = 0.250158
  chunk 17 final batch loss = 0.375867
  chunk 18 final batch loss = 0.579421
  chunk 19 final batch loss = 0.267465
  chunk 20 final batch loss = 0.742819
  chunk 21 final batch loss = 0.521024
  chunk 22 final batch loss = 0.700178
  chunk 23 final batch loss = 0.562562
  chunk 24 final batch loss = 0.665883
  chunk 25 final batch loss = 0.270940
  chunk 26 final batch loss = 0.680171
  chunk 27 final batch loss = 0.226299
  chunk 28 final batch loss = 0.241976
  chunk 29 final batch loss = 0.663994
  chunk 30 final batch loss = 0.260296
  chunk 31 final batch loss = 0.277507
  chunk 32 final batch loss = 0.638636
  chunk 33 final batch loss = 0.221136
  chunk 34 final batch loss = 0.368577
  chunk 35 final batch loss = 0.753847
  chunk 36 final batch loss = 0.547381
  chunk 37 final batch loss = 0.461901
  chunk 38 final batch loss = 0.256662
  chunk 39 final batch loss = 0.792093
  chunk 40 final batch loss = 0.263006
  chunk 41 final batch loss = 0.584193
  chunk 42 final batch loss = 0.265444
  chunk 43 final batch loss = 0.798471
  chunk 44 final batch loss = 0.316628
  chunk 45 final batch loss = 0.728420
  chunk 46 final batch loss = 0.235377
  chunk 47 final batch loss = 0.249138
  chunk 48 final batch loss = 0.286289
  chunk 49 final batch loss = 0.719205
  chunk 50 final batch loss = 0.505699
  chunk 51 final batch loss = 0.267203
  chunk 52 final batch loss = 0.263347
  chunk 53 final batch loss = 0.479736
  chunk 54 final batch loss = 0.297497
  chunk 55 final batch loss = 0.257294
  chunk 56 final batch loss = 0.644761
  chunk 57 final batch loss = 0.708299
  chunk 58 final batch loss = 0.523034
  chunk 59 final batch loss = 0.252800
  chunk 60 final batch loss = 0.539847
  chunk 61 final batch loss = 0.272887
  chunk 62 final batch loss = 0.280782
  chunk 63 final batch loss = 0.761187
  chunk 64 final batch loss = 0.739281
  chunk 65 final batch loss = 0.312463
  chunk 66 final batch loss = 0.588845
  chunk 67 final batch loss = 0.749374
  chunk 68 final batch loss = 0.366771
  chunk 69 final batch loss = 0.524316
  chunk 70 final batch loss = 0.267004
  chunk 71 final batch loss = 0.594888
  chunk 72 final batch loss = 0.653362
  chunk 73 final batch loss = 0.353173
  chunk 74 final batch loss = 0.411288
  chunk 75 final batch loss = 0.239906
  chunk 76 final batch loss = 0.241166
  chunk 77 final batch loss = 0.371762
  chunk 78 final batch loss = 0.672842
  chunk 79 final batch loss = 0.516729
Validation loss: 0.458905
No improvement for 7 epochs
Epoch 82
  chunk 0 final batch loss = 0.755468
  chunk 1 final batch loss = 0.785279
  chunk 2 final batch loss = 0.358334
  chunk 3 final batch loss = 0.300054
  chunk 4 final batch loss = 0.712181
  chunk 5 final batch loss = 0.496515
  chunk 6 final batch loss = 0.232749
  chunk 7 final batch loss = 0.370033
  chunk 8 final batch loss = 0.337776
  chunk 9 final batch loss = 0.572395
  chunk 10 final batch loss = 0.367479
  chunk 11 final batch loss = 0.793171
  chunk 12 final batch loss = 0.663419
  chunk 13 final batch loss = 0.681878
  chunk 14 final batch loss = 0.359661
  chunk 15 final batch loss = 0.260142
  chunk 16 final batch loss = 0.276864
  chunk 17 final batch loss = 0.356346
  chunk 18 final batch loss = 0.543680
  chunk 19 final batch loss = 0.243342
  chunk 20 final batch loss = 0.720764
  chunk 21 final batch loss = 0.582249
  chunk 22 final batch loss = 0.692377
  chunk 23 final batch loss = 0.531849
  chunk 24 final batch loss = 0.730510
  chunk 25 final batch loss = 0.281004
  chunk 26 final batch loss = 0.704613
  chunk 27 final batch loss = 0.228552
  chunk 28 final batch loss = 0.242088
  chunk 29 final batch loss = 0.707396
  chunk 30 final batch loss = 0.267696
  chunk 31 final batch loss = 0.273291
  chunk 32 final batch loss = 0.673450
  chunk 33 final batch loss = 0.257721
  chunk 34 final batch loss = 0.364115
  chunk 35 final batch loss = 0.794524
  chunk 36 final batch loss = 0.574487
  chunk 37 final batch loss = 0.401467
  chunk 38 final batch loss = 0.245316
  chunk 39 final batch loss = 0.808674
  chunk 40 final batch loss = 0.237626
  chunk 41 final batch loss = 0.570728
  chunk 42 final batch loss = 0.252040
  chunk 43 final batch loss = 0.785256
  chunk 44 final batch loss = 0.334382
  chunk 45 final batch loss = 0.729539
  chunk 46 final batch loss = 0.251591
  chunk 47 final batch loss = 0.260769
  chunk 48 final batch loss = 0.294795
  chunk 49 final batch loss = 0.718652
  chunk 50 final batch loss = 0.508357
  chunk 51 final batch loss = 0.280424
  chunk 52 final batch loss = 0.235674
  chunk 53 final batch loss = 0.396277
  chunk 54 final batch loss = 0.318922
  chunk 55 final batch loss = 0.258667
  chunk 56 final batch loss = 0.704047
  chunk 57 final batch loss = 0.694817
  chunk 58 final batch loss = 0.505699
  chunk 59 final batch loss = 0.248051
  chunk 60 final batch loss = 0.539471
  chunk 61 final batch loss = 0.299809
  chunk 62 final batch loss = 0.301212
  chunk 63 final batch loss = 0.721346
  chunk 64 final batch loss = 0.732070
  chunk 65 final batch loss = 0.343441
  chunk 66 final batch loss = 0.622370
  chunk 67 final batch loss = 0.801263
  chunk 68 final batch loss = 0.344964
  chunk 69 final batch loss = 0.559089
  chunk 70 final batch loss = 0.251780
  chunk 71 final batch loss = 0.506611
  chunk 72 final batch loss = 0.640910
  chunk 73 final batch loss = 0.376353
  chunk 74 final batch loss = 0.431958
  chunk 75 final batch loss = 0.240189
  chunk 76 final batch loss = 0.247183
  chunk 77 final batch loss = 0.380327
  chunk 78 final batch loss = 0.719076
  chunk 79 final batch loss = 0.599851
Validation loss: 0.457639
No improvement for 8 epochs
Epoch 83
  chunk 0 final batch loss = 0.783121
  chunk 1 final batch loss = 0.766630
  chunk 2 final batch loss = 0.348110
  chunk 3 final batch loss = 0.268136
  chunk 4 final batch loss = 0.708361
  chunk 5 final batch loss = 0.436893
  chunk 6 final batch loss = 0.242757
  chunk 7 final batch loss = 0.350450
  chunk 8 final batch loss = 0.341397
  chunk 9 final batch loss = 0.597560
  chunk 10 final batch loss = 0.374896
  chunk 11 final batch loss = 0.765648
  chunk 12 final batch loss = 0.623168
  chunk 13 final batch loss = 0.693766
  chunk 14 final batch loss = 0.344217
  chunk 15 final batch loss = 0.281673
  chunk 16 final batch loss = 0.283670
  chunk 17 final batch loss = 0.355000
  chunk 18 final batch loss = 0.498440
  chunk 19 final batch loss = 0.256138
  chunk 20 final batch loss = 0.725899
  chunk 21 final batch loss = 0.504330
  chunk 22 final batch loss = 0.686675
  chunk 23 final batch loss = 0.553938
  chunk 24 final batch loss = 0.725465
  chunk 25 final batch loss = 0.257586
  chunk 26 final batch loss = 0.664475
  chunk 27 final batch loss = 0.240525
  chunk 28 final batch loss = 0.235126
  chunk 29 final batch loss = 0.657333
  chunk 30 final batch loss = 0.275382
  chunk 31 final batch loss = 0.271056
  chunk 32 final batch loss = 0.663651
  chunk 33 final batch loss = 0.257053
  chunk 34 final batch loss = 0.347895
  chunk 35 final batch loss = 0.775247
  chunk 36 final batch loss = 0.553957
  chunk 37 final batch loss = 0.469193
  chunk 38 final batch loss = 0.259145
  chunk 39 final batch loss = 0.789429
  chunk 40 final batch loss = 0.249236
  chunk 41 final batch loss = 0.541912
  chunk 42 final batch loss = 0.266058
  chunk 43 final batch loss = 0.770360
  chunk 44 final batch loss = 0.357056
  chunk 45 final batch loss = 0.757270
  chunk 46 final batch loss = 0.240724
  chunk 47 final batch loss = 0.240784
  chunk 48 final batch loss = 0.296344
  chunk 49 final batch loss = 0.732616
  chunk 50 final batch loss = 0.572715
  chunk 51 final batch loss = 0.292724
  chunk 52 final batch loss = 0.239481
  chunk 53 final batch loss = 0.429118
  chunk 54 final batch loss = 0.337273
  chunk 55 final batch loss = 0.260877
  chunk 56 final batch loss = 0.683818
  chunk 57 final batch loss = 0.723149
  chunk 58 final batch loss = 0.520532
  chunk 59 final batch loss = 0.270180
  chunk 60 final batch loss = 0.486623
  chunk 61 final batch loss = 0.298206
  chunk 62 final batch loss = 0.273244
  chunk 63 final batch loss = 0.764394
  chunk 64 final batch loss = 0.658603
  chunk 65 final batch loss = 0.325410
  chunk 66 final batch loss = 0.618915
  chunk 67 final batch loss = 0.781959
  chunk 68 final batch loss = 0.331028
  chunk 69 final batch loss = 0.543350
  chunk 70 final batch loss = 0.252243
  chunk 71 final batch loss = 0.517648
  chunk 72 final batch loss = 0.677790
  chunk 73 final batch loss = 0.340831
  chunk 74 final batch loss = 0.441934
  chunk 75 final batch loss = 0.261176
  chunk 76 final batch loss = 0.234423
  chunk 77 final batch loss = 0.368425
  chunk 78 final batch loss = 0.725121
  chunk 79 final batch loss = 0.547605
Validation loss: 0.458185
No improvement for 9 epochs
Epoch 84
  chunk 0 final batch loss = 0.780612
  chunk 1 final batch loss = 0.788386
  chunk 2 final batch loss = 0.326198
  chunk 3 final batch loss = 0.280707
  chunk 4 final batch loss = 0.705698
  chunk 5 final batch loss = 0.470350
  chunk 6 final batch loss = 0.227967
  chunk 7 final batch loss = 0.354529
  chunk 8 final batch loss = 0.323419
  chunk 9 final batch loss = 0.587276
  chunk 10 final batch loss = 0.337536
  chunk 11 final batch loss = 0.808983
  chunk 12 final batch loss = 0.670266
  chunk 13 final batch loss = 0.674775
  chunk 14 final batch loss = 0.415293
  chunk 15 final batch loss = 0.257594
  chunk 16 final batch loss = 0.273002
  chunk 17 final batch loss = 0.367044
  chunk 18 final batch loss = 0.515465
  chunk 19 final batch loss = 0.272131
  chunk 20 final batch loss = 0.762668
  chunk 21 final batch loss = 0.534812
  chunk 22 final batch loss = 0.704396
  chunk 23 final batch loss = 0.545234
  chunk 24 final batch loss = 0.719351
  chunk 25 final batch loss = 0.288739
  chunk 26 final batch loss = 0.707873
  chunk 27 final batch loss = 0.241788
  chunk 28 final batch loss = 0.243464
  chunk 29 final batch loss = 0.748763
  chunk 30 final batch loss = 0.282509
  chunk 31 final batch loss = 0.282918
  chunk 32 final batch loss = 0.649524
  chunk 33 final batch loss = 0.258553
  chunk 34 final batch loss = 0.364005
  chunk 35 final batch loss = 0.763249
  chunk 36 final batch loss = 0.554908
  chunk 37 final batch loss = 0.442775
  chunk 38 final batch loss = 0.247772
  chunk 39 final batch loss = 0.779701
  chunk 40 final batch loss = 0.254430
  chunk 41 final batch loss = 0.549437
  chunk 42 final batch loss = 0.278268
  chunk 43 final batch loss = 0.788931
  chunk 44 final batch loss = 0.281530
  chunk 45 final batch loss = 0.730276
  chunk 46 final batch loss = 0.247160
  chunk 47 final batch loss = 0.258885
  chunk 48 final batch loss = 0.299579
  chunk 49 final batch loss = 0.739919
  chunk 50 final batch loss = 0.554234
  chunk 51 final batch loss = 0.273690
  chunk 52 final batch loss = 0.253850
  chunk 53 final batch loss = 0.478007
  chunk 54 final batch loss = 0.312407
  chunk 55 final batch loss = 0.243414
  chunk 56 final batch loss = 0.673647
  chunk 57 final batch loss = 0.695711
  chunk 58 final batch loss = 0.538088
  chunk 59 final batch loss = 0.262818
  chunk 60 final batch loss = 0.462638
  chunk 61 final batch loss = 0.301185
  chunk 62 final batch loss = 0.313343
  chunk 63 final batch loss = 0.719905
  chunk 64 final batch loss = 0.720577
  chunk 65 final batch loss = 0.322434
  chunk 66 final batch loss = 0.613186
  chunk 67 final batch loss = 0.781408
  chunk 68 final batch loss = 0.343257
  chunk 69 final batch loss = 0.519697
  chunk 70 final batch loss = 0.242942
  chunk 71 final batch loss = 0.585338
  chunk 72 final batch loss = 0.694255
  chunk 73 final batch loss = 0.365245
  chunk 74 final batch loss = 0.477442
  chunk 75 final batch loss = 0.267129
  chunk 76 final batch loss = 0.234322
  chunk 77 final batch loss = 0.365794
  chunk 78 final batch loss = 0.716334
  chunk 79 final batch loss = 0.621209
Validation loss: 0.460621
No improvement for 10 epochs
Epoch 85
  chunk 0 final batch loss = 0.775025
  chunk 1 final batch loss = 0.795283
  chunk 2 final batch loss = 0.381758
  chunk 3 final batch loss = 0.294095
  chunk 4 final batch loss = 0.725156
  chunk 5 final batch loss = 0.490804
  chunk 6 final batch loss = 0.245498
  chunk 7 final batch loss = 0.366045
  chunk 8 final batch loss = 0.314144
  chunk 9 final batch loss = 0.545994
  chunk 10 final batch loss = 0.360002
  chunk 11 final batch loss = 0.798343
  chunk 12 final batch loss = 0.681805
  chunk 13 final batch loss = 0.638544
  chunk 14 final batch loss = 0.433188
  chunk 15 final batch loss = 0.273153
  chunk 16 final batch loss = 0.282491
  chunk 17 final batch loss = 0.357036
  chunk 18 final batch loss = 0.582634
  chunk 19 final batch loss = 0.265567
  chunk 20 final batch loss = 0.719786
  chunk 21 final batch loss = 0.579213
  chunk 22 final batch loss = 0.679085
  chunk 23 final batch loss = 0.588005
  chunk 24 final batch loss = 0.701625
  chunk 25 final batch loss = 0.295018
  chunk 26 final batch loss = 0.728657
  chunk 27 final batch loss = 0.240571
  chunk 28 final batch loss = 0.240918
  chunk 29 final batch loss = 0.649243
  chunk 30 final batch loss = 0.280849
  chunk 31 final batch loss = 0.291420
  chunk 32 final batch loss = 0.687829
  chunk 33 final batch loss = 0.242192
  chunk 34 final batch loss = 0.359757
  chunk 35 final batch loss = 0.772984
  chunk 36 final batch loss = 0.561864
  chunk 37 final batch loss = 0.506312
  chunk 38 final batch loss = 0.245029
  chunk 39 final batch loss = 0.786826
  chunk 40 final batch loss = 0.245821
  chunk 41 final batch loss = 0.519527
  chunk 42 final batch loss = 0.255243
  chunk 43 final batch loss = 0.798584
  chunk 44 final batch loss = 0.306566
  chunk 45 final batch loss = 0.735892
  chunk 46 final batch loss = 0.252632
  chunk 47 final batch loss = 0.252104
  chunk 48 final batch loss = 0.302153
  chunk 49 final batch loss = 0.744264
  chunk 50 final batch loss = 0.536028
  chunk 51 final batch loss = 0.295315
  chunk 52 final batch loss = 0.246964
  chunk 53 final batch loss = 0.424636
  chunk 54 final batch loss = 0.272451
  chunk 55 final batch loss = 0.264223
  chunk 56 final batch loss = 0.674682
  chunk 57 final batch loss = 0.731249
  chunk 58 final batch loss = 0.495260
  chunk 59 final batch loss = 0.246134
  chunk 60 final batch loss = 0.534013
  chunk 61 final batch loss = 0.290839
  chunk 62 final batch loss = 0.284052
  chunk 63 final batch loss = 0.733281
  chunk 64 final batch loss = 0.736557
  chunk 65 final batch loss = 0.346805
  chunk 66 final batch loss = 0.581514
  chunk 67 final batch loss = 0.778926
  chunk 68 final batch loss = 0.355927
  chunk 69 final batch loss = 0.574156
  chunk 70 final batch loss = 0.258534
  chunk 71 final batch loss = 0.503157
  chunk 72 final batch loss = 0.682823
  chunk 73 final batch loss = 0.327872
  chunk 74 final batch loss = 0.505762
  chunk 75 final batch loss = 0.255884
  chunk 76 final batch loss = 0.218277
  chunk 77 final batch loss = 0.363970
  chunk 78 final batch loss = 0.741749
  chunk 79 final batch loss = 0.571821
Validation loss: 0.457988
No improvement for 11 epochs
Epoch 86
  chunk 0 final batch loss = 0.803003
  chunk 1 final batch loss = 0.785738
  chunk 2 final batch loss = 0.364878
  chunk 3 final batch loss = 0.282206
  chunk 4 final batch loss = 0.699400
  chunk 5 final batch loss = 0.475465
  chunk 6 final batch loss = 0.255276
  chunk 7 final batch loss = 0.393658
  chunk 8 final batch loss = 0.320568
  chunk 9 final batch loss = 0.552588
  chunk 10 final batch loss = 0.306526
  chunk 11 final batch loss = 0.816155
  chunk 12 final batch loss = 0.668419
  chunk 13 final batch loss = 0.665863
  chunk 14 final batch loss = 0.378931
  chunk 15 final batch loss = 0.278220
  chunk 16 final batch loss = 0.266786
  chunk 17 final batch loss = 0.348631
  chunk 18 final batch loss = 0.570955
  chunk 19 final batch loss = 0.236091
  chunk 20 final batch loss = 0.733004
  chunk 21 final batch loss = 0.544757
  chunk 22 final batch loss = 0.657138
  chunk 23 final batch loss = 0.570721
  chunk 24 final batch loss = 0.730080
  chunk 25 final batch loss = 0.280188
  chunk 26 final batch loss = 0.721281
  chunk 27 final batch loss = 0.244982
  chunk 28 final batch loss = 0.261632
  chunk 29 final batch loss = 0.702468
  chunk 30 final batch loss = 0.281178
  chunk 31 final batch loss = 0.287400
  chunk 32 final batch loss = 0.661652
  chunk 33 final batch loss = 0.240675
  chunk 34 final batch loss = 0.344286
  chunk 35 final batch loss = 0.777321
  chunk 36 final batch loss = 0.571493
  chunk 37 final batch loss = 0.417702
  chunk 38 final batch loss = 0.225884
  chunk 39 final batch loss = 0.757918
  chunk 40 final batch loss = 0.262056
  chunk 41 final batch loss = 0.582843
  chunk 42 final batch loss = 0.253145
  chunk 43 final batch loss = 0.781599
  chunk 44 final batch loss = 0.316301
  chunk 45 final batch loss = 0.700612
  chunk 46 final batch loss = 0.252813
  chunk 47 final batch loss = 0.238579
  chunk 48 final batch loss = 0.289557
  chunk 49 final batch loss = 0.743465
  chunk 50 final batch loss = 0.530004
  chunk 51 final batch loss = 0.298619
  chunk 52 final batch loss = 0.233233
  chunk 53 final batch loss = 0.462343
  chunk 54 final batch loss = 0.313961
  chunk 55 final batch loss = 0.260254
  chunk 56 final batch loss = 0.660112
  chunk 57 final batch loss = 0.746166
  chunk 58 final batch loss = 0.515013
  chunk 59 final batch loss = 0.248882
  chunk 60 final batch loss = 0.541784
  chunk 61 final batch loss = 0.323404
  chunk 62 final batch loss = 0.300480
  chunk 63 final batch loss = 0.721862
  chunk 64 final batch loss = 0.712203
  chunk 65 final batch loss = 0.319882
  chunk 66 final batch loss = 0.567863
  chunk 67 final batch loss = 0.779061
  chunk 68 final batch loss = 0.358384
  chunk 69 final batch loss = 0.499275
  chunk 70 final batch loss = 0.242329
  chunk 71 final batch loss = 0.500451
  chunk 72 final batch loss = 0.650519
  chunk 73 final batch loss = 0.322706
  chunk 74 final batch loss = 0.440892
  chunk 75 final batch loss = 0.233101
  chunk 76 final batch loss = 0.250490
  chunk 77 final batch loss = 0.381311
  chunk 78 final batch loss = 0.699591
  chunk 79 final batch loss = 0.590838
Validation loss: 0.459096
No improvement for 12 epochs
Epoch 87
  chunk 0 final batch loss = 0.769590
  chunk 1 final batch loss = 0.776158
  chunk 2 final batch loss = 0.314671
  chunk 3 final batch loss = 0.294714
  chunk 4 final batch loss = 0.684984
  chunk 5 final batch loss = 0.433337
  chunk 6 final batch loss = 0.255585
  chunk 7 final batch loss = 0.383182
  chunk 8 final batch loss = 0.302444
  chunk 9 final batch loss = 0.531236
  chunk 10 final batch loss = 0.402454
  chunk 11 final batch loss = 0.796503
  chunk 12 final batch loss = 0.650455
  chunk 13 final batch loss = 0.630069
  chunk 14 final batch loss = 0.361473
  chunk 15 final batch loss = 0.308301
  chunk 16 final batch loss = 0.264950
  chunk 17 final batch loss = 0.341455
  chunk 18 final batch loss = 0.538406
  chunk 19 final batch loss = 0.273003
  chunk 20 final batch loss = 0.708429
  chunk 21 final batch loss = 0.527700
  chunk 22 final batch loss = 0.672559
  chunk 23 final batch loss = 0.532170
  chunk 24 final batch loss = 0.726560
  chunk 25 final batch loss = 0.281117
  chunk 26 final batch loss = 0.734222
  chunk 27 final batch loss = 0.218850
  chunk 28 final batch loss = 0.254785
  chunk 29 final batch loss = 0.760242
  chunk 30 final batch loss = 0.295914
  chunk 31 final batch loss = 0.276988
  chunk 32 final batch loss = 0.684599
  chunk 33 final batch loss = 0.263999
  chunk 34 final batch loss = 0.321428
  chunk 35 final batch loss = 0.779494
  chunk 36 final batch loss = 0.575226
  chunk 37 final batch loss = 0.448332
  chunk 38 final batch loss = 0.242367
  chunk 39 final batch loss = 0.749054
  chunk 40 final batch loss = 0.244200
  chunk 41 final batch loss = 0.599271
  chunk 42 final batch loss = 0.264682
  chunk 43 final batch loss = 0.777305
  chunk 44 final batch loss = 0.285297
  chunk 45 final batch loss = 0.682872
  chunk 46 final batch loss = 0.261761
  chunk 47 final batch loss = 0.254258
  chunk 48 final batch loss = 0.287099
  chunk 49 final batch loss = 0.679916
  chunk 50 final batch loss = 0.525544
  chunk 51 final batch loss = 0.303717
  chunk 52 final batch loss = 0.222334
  chunk 53 final batch loss = 0.455914
  chunk 54 final batch loss = 0.348098
  chunk 55 final batch loss = 0.266807
  chunk 56 final batch loss = 0.671158
  chunk 57 final batch loss = 0.725013
  chunk 58 final batch loss = 0.501613
  chunk 59 final batch loss = 0.248997
  chunk 60 final batch loss = 0.541371
  chunk 61 final batch loss = 0.280876
  chunk 62 final batch loss = 0.285303
  chunk 63 final batch loss = 0.749522
  chunk 64 final batch loss = 0.678433
  chunk 65 final batch loss = 0.317165
  chunk 66 final batch loss = 0.562202
  chunk 67 final batch loss = 0.781807
  chunk 68 final batch loss = 0.334786
  chunk 69 final batch loss = 0.502880
  chunk 70 final batch loss = 0.230092
  chunk 71 final batch loss = 0.501485
  chunk 72 final batch loss = 0.663465
  chunk 73 final batch loss = 0.340042
  chunk 74 final batch loss = 0.493354
  chunk 75 final batch loss = 0.251976
  chunk 76 final batch loss = 0.246358
  chunk 77 final batch loss = 0.375003
  chunk 78 final batch loss = 0.737511
  chunk 79 final batch loss = 0.539739
Validation loss: 0.458906
No improvement for 13 epochs
Epoch 88
  chunk 0 final batch loss = 0.775280
  chunk 1 final batch loss = 0.759632
  chunk 2 final batch loss = 0.365493
  chunk 3 final batch loss = 0.291725
  chunk 4 final batch loss = 0.757566
  chunk 5 final batch loss = 0.503376
  chunk 6 final batch loss = 0.229874
  chunk 7 final batch loss = 0.310810
  chunk 8 final batch loss = 0.315671
  chunk 9 final batch loss = 0.505561
  chunk 10 final batch loss = 0.405511
  chunk 11 final batch loss = 0.789592
  chunk 12 final batch loss = 0.670397
  chunk 13 final batch loss = 0.659275
  chunk 14 final batch loss = 0.382872
  chunk 15 final batch loss = 0.262874
  chunk 16 final batch loss = 0.295462
  chunk 17 final batch loss = 0.350446
  chunk 18 final batch loss = 0.557939
  chunk 19 final batch loss = 0.254476
  chunk 20 final batch loss = 0.728986
  chunk 21 final batch loss = 0.556640
  chunk 22 final batch loss = 0.694772
  chunk 23 final batch loss = 0.552008
  chunk 24 final batch loss = 0.735938
  chunk 25 final batch loss = 0.288302
  chunk 26 final batch loss = 0.695207
  chunk 27 final batch loss = 0.240688
  chunk 28 final batch loss = 0.240355
  chunk 29 final batch loss = 0.705088
  chunk 30 final batch loss = 0.292926
  chunk 31 final batch loss = 0.265731
  chunk 32 final batch loss = 0.656489
  chunk 33 final batch loss = 0.252487
  chunk 34 final batch loss = 0.359586
  chunk 35 final batch loss = 0.769715
  chunk 36 final batch loss = 0.600415
  chunk 37 final batch loss = 0.478647
  chunk 38 final batch loss = 0.250490
  chunk 39 final batch loss = 0.785691
  chunk 40 final batch loss = 0.259021
  chunk 41 final batch loss = 0.555261
  chunk 42 final batch loss = 0.254623
  chunk 43 final batch loss = 0.791726
  chunk 44 final batch loss = 0.307226
  chunk 45 final batch loss = 0.734207
  chunk 46 final batch loss = 0.240299
  chunk 47 final batch loss = 0.240469
  chunk 48 final batch loss = 0.341634
  chunk 49 final batch loss = 0.690074
  chunk 50 final batch loss = 0.599198
  chunk 51 final batch loss = 0.290542
  chunk 52 final batch loss = 0.220887
  chunk 53 final batch loss = 0.435602
  chunk 54 final batch loss = 0.290702
  chunk 55 final batch loss = 0.239542
  chunk 56 final batch loss = 0.606425
  chunk 57 final batch loss = 0.699920
  chunk 58 final batch loss = 0.503422
  chunk 59 final batch loss = 0.237771
  chunk 60 final batch loss = 0.432557
  chunk 61 final batch loss = 0.288075
  chunk 62 final batch loss = 0.333743
  chunk 63 final batch loss = 0.731332
  chunk 64 final batch loss = 0.648915
  chunk 65 final batch loss = 0.330676
  chunk 66 final batch loss = 0.563036
  chunk 67 final batch loss = 0.782574
  chunk 68 final batch loss = 0.350732
  chunk 69 final batch loss = 0.529844
  chunk 70 final batch loss = 0.223213
  chunk 71 final batch loss = 0.558034
  chunk 72 final batch loss = 0.690772
  chunk 73 final batch loss = 0.333211
  chunk 74 final batch loss = 0.425305
  chunk 75 final batch loss = 0.258221
  chunk 76 final batch loss = 0.234653
  chunk 77 final batch loss = 0.385300
  chunk 78 final batch loss = 0.690290
  chunk 79 final batch loss = 0.522903
Validation loss: 0.457691
No improvement for 14 epochs
Epoch 89
  chunk 0 final batch loss = 0.802391
  chunk 1 final batch loss = 0.774574
  chunk 2 final batch loss = 0.314889
  chunk 3 final batch loss = 0.300944
  chunk 4 final batch loss = 0.691026
  chunk 5 final batch loss = 0.448173
  chunk 6 final batch loss = 0.232765
  chunk 7 final batch loss = 0.343381
  chunk 8 final batch loss = 0.302969
  chunk 9 final batch loss = 0.564135
  chunk 10 final batch loss = 0.366660
  chunk 11 final batch loss = 0.777156
  chunk 12 final batch loss = 0.645480
  chunk 13 final batch loss = 0.602877
  chunk 14 final batch loss = 0.376649
  chunk 15 final batch loss = 0.285979
  chunk 16 final batch loss = 0.264518
  chunk 17 final batch loss = 0.357660
  chunk 18 final batch loss = 0.612419
  chunk 19 final batch loss = 0.260210
  chunk 20 final batch loss = 0.715879
  chunk 21 final batch loss = 0.534903
  chunk 22 final batch loss = 0.673682
  chunk 23 final batch loss = 0.552954
  chunk 24 final batch loss = 0.697723
  chunk 25 final batch loss = 0.255169
  chunk 26 final batch loss = 0.704169
  chunk 27 final batch loss = 0.209535
  chunk 28 final batch loss = 0.257770
  chunk 29 final batch loss = 0.671407
  chunk 30 final batch loss = 0.277603
  chunk 31 final batch loss = 0.262388
  chunk 32 final batch loss = 0.677940
  chunk 33 final batch loss = 0.243066
  chunk 34 final batch loss = 0.342593
  chunk 35 final batch loss = 0.764406
  chunk 36 final batch loss = 0.501115
  chunk 37 final batch loss = 0.466851
  chunk 38 final batch loss = 0.273043
  chunk 39 final batch loss = 0.761295
  chunk 40 final batch loss = 0.261921
  chunk 41 final batch loss = 0.515046
  chunk 42 final batch loss = 0.249352
  chunk 43 final batch loss = 0.786545
  chunk 44 final batch loss = 0.289116
  chunk 45 final batch loss = 0.697397
  chunk 46 final batch loss = 0.240431
  chunk 47 final batch loss = 0.251426
  chunk 48 final batch loss = 0.279570
  chunk 49 final batch loss = 0.722887
  chunk 50 final batch loss = 0.494514
  chunk 51 final batch loss = 0.290978
  chunk 52 final batch loss = 0.249882
  chunk 53 final batch loss = 0.460808
  chunk 54 final batch loss = 0.342041
  chunk 55 final batch loss = 0.252930
  chunk 56 final batch loss = 0.676490
  chunk 57 final batch loss = 0.666470
  chunk 58 final batch loss = 0.510184
  chunk 59 final batch loss = 0.242338
  chunk 60 final batch loss = 0.541561
  chunk 61 final batch loss = 0.295540
  chunk 62 final batch loss = 0.284149
  chunk 63 final batch loss = 0.749884
  chunk 64 final batch loss = 0.711540
  chunk 65 final batch loss = 0.315524
  chunk 66 final batch loss = 0.583012
  chunk 67 final batch loss = 0.798962
  chunk 68 final batch loss = 0.349236
  chunk 69 final batch loss = 0.508447
  chunk 70 final batch loss = 0.231427
  chunk 71 final batch loss = 0.539795
  chunk 72 final batch loss = 0.619326
  chunk 73 final batch loss = 0.337835
  chunk 74 final batch loss = 0.440844
  chunk 75 final batch loss = 0.239621
  chunk 76 final batch loss = 0.245879
  chunk 77 final batch loss = 0.339838
  chunk 78 final batch loss = 0.713070
  chunk 79 final batch loss = 0.513179
Validation loss: 0.460483
No improvement for 15 epochs

Early stopping after 89 epochs

Training complete!
