epoch,chunk_id,batch,train_loss,val_loss
1,0,0,1.0173602104187012,
1,1,0,1.0104522705078125,
1,2,0,1.0118091106414795,
1,3,0,1.009621262550354,
1,4,0,0.987579882144928,
1,5,0,0.9988648295402527,
1,6,0,0.9804414510726929,
1,7,0,0.9851845502853394,
1,8,0,0.9949167966842651,
1,9,0,0.9857138991355896,
1,10,0,0.9776932597160339,
1,11,0,0.9840700030326843,
1,12,0,0.9789264798164368,
1,13,0,0.9789000749588013,
1,14,0,0.9788939356803894,
1,15,0,0.9710311889648438,
1,16,0,0.9673855304718018,
1,17,0,0.9658655524253845,
1,18,0,0.9633955359458923,
1,19,0,0.9697011709213257,
1,20,0,0.9438854455947876,
1,21,0,0.9509592056274414,
1,22,0,0.9595240354537964,
1,23,0,0.9494805932044983,
1,24,0,0.9459258317947388,
1,25,0,0.946980893611908,
1,26,0,0.9441466331481934,
1,27,0,0.9324049353599548,
1,28,0,0.9417703747749329,
1,29,0,0.9414520859718323,
1,30,0,0.9390104413032532,
1,31,0,0.9197197556495667,
1,32,0,0.9269145727157593,
1,33,0,0.9280091524124146,
1,34,0,0.90622878074646,
1,35,0,0.913109540939331,
1,36,0,0.9016798138618469,
1,37,0,0.9126758575439453,
1,38,0,0.9087299108505249,
1,39,0,0.9047214984893799,
1,40,0,0.9003634452819824,
1,41,0,0.8983991146087646,
1,42,0,0.8990722894668579,
1,43,0,0.8948169350624084,
1,44,0,0.8819067478179932,
1,45,0,0.8639631271362305,
1,46,0,0.8833699822425842,
1,47,0,0.8690431118011475,
1,48,0,0.8730980157852173,
1,49,0,0.887503445148468,
1,50,0,0.8776112198829651,
1,51,0,0.869807779788971,
1,52,0,0.8729113936424255,
1,53,0,0.8653601408004761,
1,54,0,0.858439028263092,
1,55,0,0.8624433279037476,
1,56,0,0.8549972772598267,
1,57,0,0.8496100306510925,
1,58,0,0.868951678276062,
1,59,0,0.8520491719245911,
1,60,0,0.8593485951423645,
1,61,0,0.8516042232513428,
1,62,0,0.8459664583206177,
1,63,0,0.8539096713066101,
1,64,0,0.8482522964477539,
1,65,0,0.8399568200111389,
1,66,0,0.8415328860282898,
1,67,0,0.8415713310241699,
1,68,0,0.8459855914115906,
1,69,0,0.8430662155151367,
1,70,0,0.8439600467681885,
1,71,0,0.8432248830795288,
1,72,0,0.8362883925437927,
1,73,0,0.8416441082954407,
1,74,0,0.8343756198883057,
1,75,0,0.8388835787773132,
1,76,0,0.8382658958435059,
1,77,0,0.8322638273239136,
1,78,0,0.8433021306991577,
1,79,0,0.8394889831542969,
1,80,0,0.8372263312339783,
1,81,0,0.8380706310272217,
1,82,0,0.8370717763900757,
1,83,0,0.8387340307235718,
1,84,0,0.8364421129226685,
1,85,0,0.8373562693595886,
1,86,0,0.841889500617981,
1,87,0,0.8343602418899536,
1,88,0,0.838311493396759,
1,89,0,0.8392925262451172,
1,90,0,0.8282440900802612,
1,91,0,0.8362643718719482,
1,92,0,0.8318753838539124,
1,93,0,0.8436866402626038,
1,94,0,0.8434193730354309,
1,95,0,0.8382595777511597,
1,96,0,0.8325574398040771,
1,97,0,0.8454222679138184,
1,98,0,0.8377408981323242,
1,99,0,0.8352900147438049,
1,100,0,0.8345279097557068,
1,101,0,0.8386538624763489,
1,102,0,0.8359405398368835,
1,103,0,0.84199458360672,
1,104,0,0.8405530452728271,
1,105,0,0.8409631252288818,
1,106,0,0.835900068283081,
1,107,0,0.8366234302520752,
1,108,0,0.8371002674102783,
1,109,0,0.8374592661857605,
1,110,0,0.8399817943572998,
1,111,0,0.8389425277709961,
1,112,0,0.8370150923728943,
1,113,0,0.8402594327926636,
1,114,0,0.8387727737426758,
1,115,0,0.8334506750106812,
1,116,0,0.8332480788230896,
1,117,0,0.83674556016922,
1,118,0,0.8348228931427002,
1,119,0,0.8334646224975586,
1,120,0,0.8354780077934265,
1,121,0,0.8324973583221436,
1,122,0,0.837894082069397,
1,123,0,0.8345439434051514,
1,124,0,0.8327126502990723,
1,125,0,0.837148904800415,
1,126,0,0.8337537050247192,
1,127,0,0.8311108350753784,
1,128,0,0.8311766386032104,
1,129,0,0.8308215141296387,
1,130,0,0.8340775966644287,
1,131,0,0.8349742293357849,
1,132,0,0.8306790590286255,
1,133,0,0.8336340188980103,
1,134,0,0.8302120566368103,
1,135,0,0.8380879163742065,
1,136,0,0.8324095010757446,
1,137,0,0.8347926735877991,
1,138,0,0.830832839012146,
1,139,0,0.8418698906898499,
1,140,0,0.8375461101531982,
1,141,0,0.8368195295333862,
1,142,0,0.8341391086578369,
1,143,0,0.8369346857070923,
1,144,0,0.8385456204414368,
1,145,0,0.833408534526825,
1,146,0,0.8366844058036804,
1,147,0,0.8288600444793701,
1,148,0,0.8333191275596619,
1,149,0,0.8326313495635986,
1,150,0,0.8384804129600525,
1,151,0,0.8336724638938904,
1,152,0,0.8294816017150879,
1,153,0,0.8302356600761414,
1,154,0,0.8318928480148315,
1,155,0,0.833077609539032,
1,156,0,0.8313495516777039,
1,157,0,0.8383685350418091,
1,158,0,0.8358321189880371,
1,159,0,0.8351602554321289,
1,160,0,0.8290635943412781,
1,161,0,0.8360490202903748,
1,162,0,0.8322343230247498,
1,163,0,0.8285118341445923,
1,164,0,0.8332507610321045,
1,165,0,0.8297695517539978,
1,166,0,0.8416582942008972,
1,167,0,0.8297569155693054,
1,168,0,0.8338244557380676,
1,169,0,0.8296644687652588,
1,170,0,0.8338410258293152,
1,171,0,0.8289750814437866,
1,172,0,0.8392325043678284,
1,173,0,0.8303706645965576,
1,174,0,0.8299258947372437,
1,175,0,0.8393867611885071,
1,176,0,0.8290883302688599,
1,177,0,0.8347341418266296,
1,178,0,0.8306151628494263,
1,179,0,0.8284913897514343,
1,180,0,0.834663987159729,
1,181,0,0.8264584541320801,
1,182,0,0.831752359867096,
1,183,0,0.8351491093635559,
1,184,0,0.8309999704360962,
1,185,0,0.8357747197151184,
1,186,0,0.8272373676300049,
1,187,0,0.8284562826156616,
1,188,0,0.8306732177734375,
1,189,0,0.8325108289718628,
1,190,0,0.8302561044692993,
1,191,0,0.8297525644302368,
1,192,0,0.8302584886550903,
1,193,0,0.8312842845916748,
1,194,0,0.825669527053833,
1,195,0,0.8359313011169434,
1,196,0,0.8293353915214539,
1,197,0,0.8314183354377747,
1,198,0,0.8341615796089172,
1,199,0,0.8290029168128967,
1,200,0,0.8328263759613037,
1,201,0,0.8326719999313354,
1,202,0,0.8272247314453125,
1,203,0,0.8328253030776978,
1,204,0,0.8313501477241516,
1,205,0,0.8296396732330322,
1,206,0,0.8311501145362854,
1,207,0,0.826480507850647,
1,208,0,0.8348914980888367,
1,209,0,0.8354361653327942,
1,210,0,0.8347030282020569,
1,211,0,0.8337997198104858,
1,212,0,0.8300759792327881,
1,213,0,0.8294853568077087,
1,214,0,0.8312054872512817,
1,215,0,0.8344566822052002,
1,216,0,0.8396201133728027,
1,217,0,0.8322473764419556,
1,218,0,0.8283648490905762,
1,219,0,0.8385369181632996,
1,220,0,0.8325501680374146,
1,221,0,0.8344908952713013,
1,222,0,0.8308031558990479,
1,223,0,0.8284401893615723,
1,224,0,0.8342044353485107,
1,225,0,0.8325880765914917,
1,226,0,0.8283585906028748,
1,227,0,0.8294121026992798,
1,228,0,0.83526211977005,
1,229,0,0.8339377045631409,
1,230,0,0.8307241201400757,
1,231,0,0.8292128443717957,
1,232,0,0.8296549320220947,
1,233,0,0.8313593864440918,
1,234,0,0.8326735496520996,
1,235,0,0.8267986178398132,
1,236,0,0.8230153322219849,
1,237,0,0.8321005702018738,
1,238,0,0.8347221612930298,
1,239,0,0.8349786996841431,
1,240,0,0.8323049545288086,
1,241,0,0.829720139503479,
1,242,0,0.8280512690544128,
1,243,0,0.8303921222686768,
1,244,0,0.8300512433052063,
1,245,0,0.8319494724273682,
1,246,0,0.8295772075653076,
1,247,0,0.8329591751098633,
1,248,0,0.8318902254104614,
1,249,0,0.8330873250961304,
1,250,0,0.8299732208251953,
1,251,0,0.8325097560882568,
1,252,0,0.8322638273239136,
1,253,0,0.8295342922210693,
1,254,0,0.8286775946617126,
1,255,0,0.8315491080284119,
1,256,0,0.8331443667411804,
1,257,0,0.8301538228988647,
1,258,0,0.8307541012763977,
1,259,0,0.8306668996810913,
1,260,0,0.8316755294799805,
1,261,0,0.8271287679672241,
1,262,0,0.8313107490539551,
1,263,0,0.8323459625244141,
1,264,0,0.8265880942344666,
1,265,0,0.8316365480422974,
1,266,0,0.8338927030563354,
1,267,0,0.8268483877182007,
1,268,0,0.8292275071144104,
1,269,0,0.8215978741645813,
1,270,0,0.8324346542358398,
1,271,0,0.8347774744033813,
1,272,0,0.8342965841293335,
1,273,0,0.8314723372459412,
1,274,0,0.8337096571922302,
1,275,0,0.8307189345359802,
1,276,0,0.8330700397491455,
1,277,0,0.8322016000747681,
1,278,0,0.8297252655029297,
1,279,0,0.8321459293365479,
1,280,0,0.8339508771896362,
1,281,0,0.8346729874610901,
1,282,0,0.8295345902442932,
1,283,0,0.8284189105033875,
1,284,0,0.8287410736083984,
1,285,0,0.8309991955757141,
1,286,0,0.8327800035476685,
1,287,0,0.8326789140701294,
1,288,0,0.8255888223648071,
1,289,0,0.8290248513221741,
1,290,0,0.8302656412124634,
1,291,0,0.8298264741897583,
1,292,0,0.8325923681259155,
1,293,0,0.8334127068519592,
1,294,0,0.8305062055587769,
1,295,0,0.8311644792556763,
1,296,0,0.8255637288093567,
1,297,0,0.828757643699646,
1,298,0,0.8276430368423462,
1,299,0,0.8326873779296875,
1,300,0,0.832503080368042,
1,301,0,0.8326399326324463,
1,302,0,0.8299347758293152,
1,303,0,0.8248564600944519,
1,304,0,0.8343305587768555,
1,305,0,0.8333327174186707,
1,306,0,0.8275629281997681,
1,307,0,0.8286265730857849,
1,308,0,0.8262234926223755,
1,309,0,0.8319344520568848,
1,310,0,0.8241479396820068,
1,311,0,0.8327809572219849,
1,312,0,0.8275544047355652,
1,313,0,0.8273929357528687,
1,314,0,0.8298498392105103,
1,315,0,0.8300219178199768,
1,316,0,0.8291707634925842,
1,317,0,0.8313145637512207,
1,318,0,0.8319612145423889,
1,319,0,0.8314418196678162,
1,320,0,0.827232837677002,
1,321,0,0.8277938961982727,
1,322,0,0.8370339870452881,
1,323,0,0.8301849365234375,
1,324,0,0.8291483521461487,
1,325,0,0.833095908164978,
1,326,0,0.8320674300193787,
1,327,0,0.8301876783370972,
1,328,0,0.8336768746376038,
1,329,0,0.827735185623169,
1,330,0,0.8299683332443237,
1,331,0,0.8314161896705627,
1,332,0,0.8291192054748535,
1,333,0,0.833278477191925,
1,334,0,0.8265390396118164,
1,335,0,0.8276381492614746,
1,336,0,0.8265756964683533,
1,337,0,0.8284214735031128,
1,338,0,0.8310803174972534,
1,339,0,0.8319336771965027,
1,340,0,0.8321768641471863,
1,341,0,0.8287119269371033,
1,342,0,0.8313663601875305,
1,343,0,0.8286919593811035,
1,344,0,0.8352692723274231,
1,345,0,0.8295544385910034,
1,346,0,0.8336124420166016,
1,347,0,0.8295584917068481,
1,348,0,0.8343337774276733,
1,349,0,0.8303287625312805,
1,350,0,0.8287319540977478,
1,351,0,0.8327422738075256,
1,352,0,0.8332207202911377,
1,353,0,0.8307222127914429,
1,354,0,0.8360277414321899,
1,355,0,0.8321962952613831,
1,356,0,0.8310246467590332,
1,357,0,0.8327034115791321,
1,358,0,0.8315224647521973,
1,359,0,0.8329272270202637,
1,360,0,0.8296518325805664,
1,361,0,0.831188440322876,
1,362,0,0.8278234601020813,
1,363,0,0.8292491436004639,
1,364,0,0.8250104784965515,
1,365,0,0.8284716606140137,
1,366,0,0.8293820023536682,
1,367,0,0.8304306268692017,
1,368,0,0.8337914943695068,
1,369,0,0.8314181566238403,
1,370,0,0.8286256790161133,
1,371,0,0.8286142349243164,
1,372,0,0.8316797018051147,
1,373,0,0.8277574777603149,
1,374,0,0.8285074830055237,
1,375,0,0.8299400210380554,
1,376,0,0.8287491202354431,
1,377,0,0.831214427947998,
1,378,0,0.827436089515686,
1,379,0,0.8291243314743042,
1,380,0,0.8302843570709229,
1,381,0,0.8288299441337585,
1,382,0,0.8319147229194641,
1,383,0,0.8266745209693909,
1,384,0,0.8232867121696472,
1,385,0,0.8317551612854004,
1,386,0,0.8246901631355286,
1,387,0,0.8268988728523254,
1,388,0,0.8247997164726257,
1,389,0,0.8282089829444885,
1,390,0,0.8286670446395874,
1,391,0,0.8332819938659668,
1,392,0,0.8310657739639282,
1,393,0,0.8288010358810425,
1,394,0,0.827656090259552,
1,395,0,0.8329569101333618,
1,396,0,0.832391619682312,
1,397,0,0.8303338289260864,
1,398,0,0.8287991285324097,
1,399,0,0.8266935348510742,
1,400,0,0.834794282913208,
1,401,0,0.8320196866989136,
1,402,0,0.8332271575927734,
1,403,0,0.8270699977874756,
1,404,0,0.8274310827255249,
1,405,0,0.8336824178695679,
1,406,0,0.8288850784301758,
1,407,0,0.8243746757507324,
1,408,0,0.8278399705886841,
1,409,0,0.8248251676559448,
1,410,0,0.8332390785217285,
1,411,0,0.8318939208984375,
1,412,0,0.8322587013244629,
1,413,0,0.8301540613174438,
1,414,0,0.8302393555641174,
1,415,0,0.8275353312492371,
1,416,0,0.8291585445404053,
1,417,0,0.8301348686218262,
1,418,0,0.8282715678215027,
1,419,0,0.8307110071182251,
1,420,0,0.8332905769348145,
1,421,0,0.8333545923233032,
1,422,0,0.8318291306495667,
1,423,0,0.8334531784057617,
1,424,0,0.8310496807098389,
1,425,0,0.828254759311676,
1,426,0,0.829437255859375,
1,427,0,0.8273710608482361,
1,428,0,0.8330223560333252,
1,429,0,0.8307124376296997,
1,430,0,0.830534815788269,
1,431,0,0.831567645072937,
1,432,0,0.8315813541412354,
1,433,0,0.829048752784729,
1,434,0,0.8314208388328552,
1,435,0,0.8303343653678894,
1,436,0,0.8314127922058105,
1,437,0,0.8316698670387268,
1,438,0,0.8318927884101868,
1,439,0,0.8264451026916504,
1,440,0,0.8293595314025879,
1,441,0,0.8259081244468689,
1,442,0,0.8285024166107178,
1,443,0,0.8252773284912109,
1,444,0,0.8279515504837036,
1,445,0,0.8290637731552124,
1,446,0,0.828544557094574,
1,447,0,0.8257241249084473,
1,448,0,0.8276557922363281,
1,449,0,0.8277238607406616,
1,450,0,0.8298771977424622,
1,451,0,0.8303143978118896,
1,452,0,0.8272386193275452,
1,453,0,0.8311344385147095,
1,454,0,0.8290735483169556,
1,455,0,0.8292316794395447,
1,456,0,0.828610897064209,
1,457,0,0.8276539444923401,
1,458,0,0.8287565112113953,
1,459,0,0.8289686441421509,
1,460,0,0.830051064491272,
1,461,0,0.8255172967910767,
1,462,0,0.8282578587532043,
1,463,0,0.8306486010551453,
1,464,0,0.8300259709358215,
1,465,0,0.8294097781181335,
1,466,0,0.8314078450202942,
1,467,0,0.8295076489448547,
1,468,0,0.8288617134094238,
1,469,0,0.8278124332427979,
1,470,0,0.8321747183799744,
1,471,0,0.8295985460281372,
1,472,0,0.8259133100509644,
1,473,0,0.8305624127388,
1,474,0,0.82779860496521,
1,475,0,0.8318222165107727,
1,476,0,0.8314637541770935,
1,477,0,0.8315638303756714,
1,478,0,0.8257027864456177,
1,479,0,0.8305001258850098,
1,480,0,0.8239749670028687,
1,481,0,0.8283430337905884,
1,482,0,0.8284233808517456,
1,483,0,0.8303908109664917,
1,484,0,0.8329250812530518,
1,485,0,0.8310564756393433,
1,486,0,0.8282620906829834,
1,487,0,0.8269009590148926,
1,488,0,0.8288528919219971,
1,489,0,0.8296941518783569,
1,490,0,0.8331606984138489,
1,491,0,0.8268560767173767,
1,492,0,0.8287445902824402,
1,493,0,0.8287255167961121,
1,494,0,0.8267803192138672,
1,495,0,0.8299223184585571,
1,496,0,0.828469455242157,
1,497,0,0.8284925222396851,
1,498,0,0.829325258731842,
1,499,0,0.828637421131134,
1,500,0,0.8250386714935303,
1,501,0,0.8272736072540283,
1,502,0,0.8263306617736816,
1,503,0,0.8310969471931458,
1,504,0,0.8284589052200317,
1,505,0,0.8276442289352417,
1,506,0,0.8286870718002319,
1,507,0,0.831515908241272,
1,508,0,0.8290843367576599,
1,509,0,0.8332146406173706,
1,510,0,0.8292053937911987,
1,511,0,0.8335753083229065,
1,512,0,0.8270233869552612,
1,513,0,0.8243411779403687,
1,514,0,0.8320385217666626,
1,515,0,0.8263605833053589,
1,516,0,0.8266942501068115,
1,517,0,0.829749345779419,
1,518,0,0.8278926014900208,
1,519,0,0.8285868763923645,
1,520,0,0.8285046815872192,
1,521,0,0.8304583430290222,
1,522,0,0.8312710523605347,
1,523,0,0.826030433177948,
1,524,0,0.8267354369163513,
1,525,0,0.8312715291976929,
1,526,0,0.8288974761962891,
1,527,0,0.8323510885238647,
1,528,0,0.8287985324859619,
1,529,0,0.8299619555473328,
1,530,0,0.8304874300956726,
1,531,0,0.8283330202102661,
1,532,0,0.8264110684394836,
1,533,0,0.8304706811904907,
1,534,0,0.8280607461929321,
1,535,0,0.8271631598472595,
1,536,0,0.8277050852775574,
1,537,0,0.8285605907440186,
1,538,0,0.8293077945709229,
1,539,0,0.8271827697753906,
1,540,0,0.8297262191772461,
1,541,0,0.8305726647377014,
1,542,0,0.8296857476234436,
1,543,0,0.8308080434799194,
1,544,0,0.82789146900177,
1,545,0,0.8278988599777222,
1,546,0,0.8294202089309692,
1,547,0,0.8273943662643433,
1,548,0,0.8326810598373413,
1,549,0,0.8329155445098877,
1,550,0,0.8288092613220215,
1,551,0,0.8274718523025513,
1,552,0,0.8268285393714905,
1,553,0,0.829405665397644,
1,554,0,0.8283972144126892,
1,555,0,0.8304024934768677,
1,556,0,0.8298839926719666,
1,557,0,0.8311753273010254,
1,558,0,0.8261227607727051,
1,559,0,0.8295932412147522,
1,560,0,0.8301739692687988,
1,561,0,0.826456606388092,
1,562,0,0.8252300024032593,
1,563,0,0.8285639882087708,
1,564,0,0.8285706639289856,
1,565,0,0.8277685642242432,
1,566,0,0.8314371109008789,
1,567,0,0.828937292098999,
1,568,0,0.8283730745315552,
1,569,0,0.825322687625885,
1,570,0,0.8289666175842285,
1,571,0,0.8281489610671997,
1,572,0,0.8306309580802917,
1,573,0,0.8286858201026917,
1,574,0,0.82805335521698,
1,575,0,0.826322615146637,
1,576,0,0.8253629207611084,
1,577,0,0.8245565891265869,
1,578,0,0.8273113965988159,
1,579,0,0.8265607357025146,
1,580,0,0.82956862449646,
1,581,0,0.8303866982460022,
1,582,0,0.8271052837371826,
1,583,0,0.827053964138031,
1,584,0,0.8255661725997925,
1,585,0,0.8309108018875122,
1,586,0,0.8247522115707397,
1,587,0,0.8243017196655273,
1,588,0,0.8302415609359741,
1,589,0,0.8291075229644775,
1,590,0,0.8249050378799438,
1,591,0,0.826905369758606,
1,592,0,0.8305156826972961,
1,593,0,0.827549397945404,
1,594,0,0.8279306292533875,
1,595,0,0.8265652656555176,
1,596,0,0.8258967399597168,
1,597,0,0.8287695646286011,
1,598,0,0.829300582408905,
1,599,0,0.832841694355011,
1,600,0,0.8275169730186462,
1,601,0,0.8301811814308167,
1,602,0,0.8277761936187744,
1,603,0,0.8316061496734619,
1,604,0,0.8290241956710815,
1,val,,,0.8271191461881002
2,0,0,0.8284822702407837,
2,1,0,0.8306483030319214,
2,2,0,0.8315250873565674,
2,3,0,0.8287936449050903,
2,4,0,0.8262660503387451,
2,5,0,0.8294799327850342,
2,6,0,0.8302648067474365,
2,7,0,0.8251739144325256,
2,8,0,0.8241835832595825,
2,9,0,0.8244659900665283,
2,10,0,0.8266313076019287,
2,11,0,0.8249654769897461,
2,12,0,0.8242225646972656,
2,13,0,0.8295374512672424,
2,14,0,0.8283396363258362,
2,15,0,0.8242121934890747,
2,16,0,0.8254260420799255,
2,17,0,0.8251658082008362,
2,18,0,0.8275705575942993,
2,19,0,0.8237237334251404,
2,20,0,0.8255009055137634,
2,21,0,0.8300750255584717,
2,22,0,0.8296301960945129,
2,23,0,0.8241319060325623,
2,24,0,0.827250063419342,
2,25,0,0.8243476748466492,
2,26,0,0.8251855373382568,
2,27,0,0.8283456563949585,
2,28,0,0.823906660079956,
2,29,0,0.8305525779724121,
2,30,0,0.8258285522460938,
2,31,0,0.8281168341636658,
2,32,0,0.8258349895477295,
2,33,0,0.829832136631012,
2,34,0,0.8262336850166321,
2,35,0,0.8246955871582031,
2,36,0,0.8239408731460571,
2,37,0,0.826851487159729,
2,38,0,0.8259312510490417,
2,39,0,0.8316195011138916,
2,40,0,0.8253507614135742,
2,41,0,0.8299767971038818,
2,42,0,0.831784188747406,
2,43,0,0.8278077244758606,
2,44,0,0.8307988047599792,
2,45,0,0.8232418894767761,
2,46,0,0.8305534720420837,
2,47,0,0.8243765830993652,
2,48,0,0.8261547088623047,
2,49,0,0.8318869471549988,
2,50,0,0.8287367820739746,
2,51,0,0.8337892293930054,
2,52,0,0.8334668874740601,
2,53,0,0.8325905799865723,
2,54,0,0.8277707099914551,
2,55,0,0.8300453424453735,
2,56,0,0.8313590884208679,
2,57,0,0.8255893588066101,
2,58,0,0.8317724466323853,
2,59,0,0.827423632144928,
2,60,0,0.8335018754005432,
2,61,0,0.8272698521614075,
2,62,0,0.8288635015487671,
2,63,0,0.8289886116981506,
2,64,0,0.8296623229980469,
2,65,0,0.8279525637626648,
2,66,0,0.8265630602836609,
2,67,0,0.8280622959136963,
2,68,0,0.8293584585189819,
2,69,0,0.8257550597190857,
2,70,0,0.8248953223228455,
2,71,0,0.8286791443824768,
2,72,0,0.8241304159164429,
2,73,0,0.8298695683479309,
2,74,0,0.8270684480667114,
2,75,0,0.8271967768669128,
2,76,0,0.8244060277938843,
2,77,0,0.8228170275688171,
2,78,0,0.8341853022575378,
2,79,0,0.8260087966918945,
2,80,0,0.8294124603271484,
2,81,0,0.8276643753051758,
2,82,0,0.8263807892799377,
2,83,0,0.82643061876297,
2,84,0,0.8239686489105225,
2,85,0,0.8272936940193176,
2,86,0,0.8261116743087769,
2,87,0,0.8257062435150146,
2,88,0,0.8268097043037415,
2,89,0,0.8277056217193604,
2,90,0,0.8246816396713257,
2,91,0,0.8288434743881226,
2,92,0,0.8255017995834351,
2,93,0,0.8276935815811157,
2,94,0,0.8301466107368469,
2,95,0,0.8246233463287354,
2,96,0,0.8265727162361145,
2,97,0,0.8296700119972229,
2,98,0,0.8276850581169128,
2,99,0,0.8268057107925415,
2,100,0,0.827690064907074,
2,101,0,0.8287872076034546,
2,102,0,0.8275344967842102,
2,103,0,0.8286449313163757,
2,104,0,0.8305750489234924,
2,105,0,0.833026111125946,
2,106,0,0.8264385461807251,
2,107,0,0.8315962553024292,
2,108,0,0.8262539505958557,
2,109,0,0.8297435641288757,
2,110,0,0.8284569978713989,
2,111,0,0.8297441005706787,
2,112,0,0.8277959823608398,
2,113,0,0.8312748670578003,
2,114,0,0.8307565450668335,
2,115,0,0.8290548324584961,
2,116,0,0.8271385431289673,
2,117,0,0.8265702724456787,
2,118,0,0.8282982707023621,
2,119,0,0.8288671374320984,
2,120,0,0.8292590975761414,
2,121,0,0.8282637000083923,
2,122,0,0.8290770053863525,
2,123,0,0.825881838798523,
2,124,0,0.8280284404754639,
2,125,0,0.8279467225074768,
2,126,0,0.8282461762428284,
2,127,0,0.825019896030426,
2,128,0,0.8235487937927246,
2,129,0,0.8271231055259705,
2,130,0,0.8264514803886414,
2,131,0,0.8295776844024658,
2,132,0,0.8257783055305481,
2,133,0,0.8286527395248413,
2,134,0,0.8253574967384338,
2,135,0,0.8298218846321106,
2,136,0,0.8268821239471436,
2,137,0,0.826653778553009,
2,138,0,0.8252094984054565,
2,139,0,0.8319336175918579,
2,140,0,0.8316947817802429,
2,141,0,0.8281076550483704,
2,142,0,0.8276481032371521,
2,143,0,0.8275380730628967,
2,144,0,0.8280657529830933,
2,145,0,0.8271865844726562,
2,146,0,0.827680230140686,
2,147,0,0.8229695558547974,
2,148,0,0.8279252648353577,
2,149,0,0.8265124559402466,
2,150,0,0.8285924792289734,
2,151,0,0.8288544416427612,
2,152,0,0.8253558278083801,
2,153,0,0.82700115442276,
2,154,0,0.8311854600906372,
2,155,0,0.8274901509284973,
2,156,0,0.8260907530784607,
2,157,0,0.8271392583847046,
2,158,0,0.828495442867279,
2,159,0,0.8287734389305115,
2,160,0,0.8233144283294678,
2,161,0,0.8289266228675842,
2,162,0,0.8257485628128052,
2,163,0,0.8283111453056335,
2,164,0,0.8275759220123291,
2,165,0,0.8254216909408569,
2,166,0,0.8314937353134155,
2,167,0,0.8273169994354248,
2,168,0,0.8309126496315002,
2,169,0,0.8253845572471619,
2,170,0,0.828304648399353,
2,171,0,0.8245208263397217,
2,172,0,0.833608865737915,
2,173,0,0.8268389701843262,
2,174,0,0.8273427486419678,
2,175,0,0.833717405796051,
2,176,0,0.8257963061332703,
2,177,0,0.8296656608581543,
2,178,0,0.8266241550445557,
2,179,0,0.8245019912719727,
2,180,0,0.82856285572052,
2,181,0,0.8269705176353455,
2,182,0,0.8268435001373291,
2,183,0,0.8274821043014526,
2,184,0,0.8292460441589355,
2,185,0,0.83069908618927,
2,186,0,0.8249834775924683,
2,187,0,0.824485182762146,
2,188,0,0.825584888458252,
2,189,0,0.8284096717834473,
2,190,0,0.8270794153213501,
2,191,0,0.8264235854148865,
2,192,0,0.8241342306137085,
2,193,0,0.828313410282135,
2,194,0,0.8252418041229248,
2,195,0,0.8286693692207336,
2,196,0,0.8241894245147705,
2,197,0,0.8268784880638123,
2,198,0,0.828639566898346,
2,199,0,0.8257250189781189,
2,200,0,0.8280198574066162,
2,201,0,0.8278630971908569,
2,202,0,0.8245767951011658,
2,203,0,0.8287011384963989,
2,204,0,0.8268988728523254,
2,205,0,0.8270853161811829,
2,206,0,0.8282937407493591,
2,207,0,0.8230597972869873,
2,208,0,0.8283352851867676,
2,209,0,0.827477216720581,
2,210,0,0.8319604992866516,
2,211,0,0.8297946453094482,
2,212,0,0.8264380097389221,
2,213,0,0.8240390419960022,
2,214,0,0.8275845050811768,
2,215,0,0.8273828029632568,
2,216,0,0.8324490189552307,
2,217,0,0.8284761905670166,
2,218,0,0.825935959815979,
2,219,0,0.8311408162117004,
2,220,0,0.8290755748748779,
2,221,0,0.8286875486373901,
2,222,0,0.8266312479972839,
2,223,0,0.8263092637062073,
2,224,0,0.8300853967666626,
2,225,0,0.82779860496521,
2,226,0,0.8257536888122559,
2,227,0,0.8254265785217285,
2,228,0,0.8276479244232178,
2,229,0,0.829020082950592,
2,230,0,0.8276806473731995,
2,231,0,0.8245776295661926,
2,232,0,0.8283330202102661,
2,233,0,0.8267896771430969,
2,234,0,0.8269099593162537,
2,235,0,0.825168251991272,
2,236,0,0.8196278214454651,
2,237,0,0.8268358111381531,
2,238,0,0.8307075500488281,
2,239,0,0.8303311467170715,
2,240,0,0.8272614479064941,
2,241,0,0.8270534873008728,
2,242,0,0.8269001841545105,
2,243,0,0.8244026899337769,
2,244,0,0.8264987468719482,
2,245,0,0.8273218870162964,
2,246,0,0.8266645669937134,
2,247,0,0.8289069533348083,
2,248,0,0.8294594287872314,
2,249,0,0.8290354013442993,
2,250,0,0.8249092102050781,
2,251,0,0.8270665407180786,
2,252,0,0.8289772272109985,
2,253,0,0.8281407356262207,
2,254,0,0.8244953155517578,
2,255,0,0.8280045986175537,
2,256,0,0.827839732170105,
2,257,0,0.8262879848480225,
2,258,0,0.8265323042869568,
2,259,0,0.8274151682853699,
2,260,0,0.8278950452804565,
2,261,0,0.8264763355255127,
2,262,0,0.8252381086349487,
2,263,0,0.8297863006591797,
2,264,0,0.821921706199646,
2,265,0,0.826411247253418,
2,266,0,0.8272907733917236,
2,267,0,0.8257638216018677,
2,268,0,0.8276461958885193,
2,269,0,0.821094274520874,
2,270,0,0.8293628692626953,
2,271,0,0.8301591277122498,
2,272,0,0.8308355808258057,
2,273,0,0.83039790391922,
2,274,0,0.8277837038040161,
2,275,0,0.82805997133255,
2,276,0,0.8271293044090271,
2,277,0,0.8288819789886475,
2,278,0,0.8262494206428528,
2,279,0,0.8290356397628784,
2,280,0,0.8288699388504028,
2,281,0,0.8254718780517578,
2,282,0,0.8266584277153015,
2,283,0,0.8272583484649658,
2,284,0,0.8264502882957458,
2,285,0,0.8284256458282471,
2,286,0,0.8261994123458862,
2,287,0,0.8268362879753113,
2,288,0,0.8231991529464722,
2,289,0,0.826582670211792,
2,290,0,0.8244293928146362,
2,291,0,0.8263474702835083,
2,292,0,0.829264760017395,
2,293,0,0.8301856517791748,
2,294,0,0.8279088139533997,
2,295,0,0.8267567753791809,
2,296,0,0.823699951171875,
2,297,0,0.8252708315849304,
2,298,0,0.82492995262146,
2,299,0,0.8298609256744385,
2,300,0,0.8277219533920288,
2,301,0,0.8275933861732483,
2,302,0,0.830854058265686,
2,303,0,0.8202701807022095,
2,304,0,0.8301109075546265,
2,305,0,0.8288317918777466,
2,306,0,0.8252304792404175,
2,307,0,0.8276428580284119,
2,308,0,0.8244515657424927,
2,309,0,0.8301588892936707,
2,310,0,0.8236654996871948,
2,311,0,0.8270830512046814,
2,312,0,0.8259344696998596,
2,313,0,0.8259316086769104,
2,314,0,0.82730633020401,
2,315,0,0.8268327116966248,
2,316,0,0.8284180164337158,
2,317,0,0.8284273147583008,
2,318,0,0.8285701274871826,
2,319,0,0.8268701434135437,
2,320,0,0.8262830376625061,
2,321,0,0.8252078890800476,
2,322,0,0.8328698873519897,
2,323,0,0.8288401365280151,
2,324,0,0.8276432752609253,
2,325,0,0.8297446966171265,
2,326,0,0.8276627063751221,
2,327,0,0.826016902923584,
2,328,0,0.8268726468086243,
2,329,0,0.8261318802833557,
2,330,0,0.8248425722122192,
2,331,0,0.8267022371292114,
2,332,0,0.8266048431396484,
2,333,0,0.8299918174743652,
2,334,0,0.8238261342048645,
2,335,0,0.8248410224914551,
2,336,0,0.8245834112167358,
2,337,0,0.8249868154525757,
2,338,0,0.8288570046424866,
2,339,0,0.8298977017402649,
2,340,0,0.8283795118331909,
2,341,0,0.826877772808075,
2,342,0,0.828663170337677,
2,343,0,0.8255298137664795,
2,344,0,0.8313101530075073,
2,345,0,0.8246548175811768,
2,346,0,0.8295532464981079,
2,347,0,0.8271206021308899,
2,348,0,0.8304334878921509,
2,349,0,0.8266217708587646,
2,350,0,0.8268526792526245,
2,351,0,0.8282649517059326,
2,352,0,0.828679621219635,
2,353,0,0.8265697360038757,
2,354,0,0.8318969011306763,
2,355,0,0.8288798332214355,
2,356,0,0.8283085227012634,
2,357,0,0.8267276287078857,
2,358,0,0.8293220400810242,
2,359,0,0.8292258381843567,
2,360,0,0.8243558406829834,
2,361,0,0.8290168642997742,
2,362,0,0.8244573473930359,
2,363,0,0.8274239301681519,
2,364,0,0.8232263922691345,
2,365,0,0.8259798288345337,
2,366,0,0.827081561088562,
2,367,0,0.8270810842514038,
2,368,0,0.8283097147941589,
2,369,0,0.8292524814605713,
2,370,0,0.8272702693939209,
2,371,0,0.826583743095398,
2,372,0,0.829366147518158,
2,373,0,0.8271613717079163,
2,374,0,0.8260621428489685,
2,375,0,0.8261789083480835,
2,376,0,0.826668918132782,
2,377,0,0.8297934532165527,
2,378,0,0.8244816064834595,
2,379,0,0.8285313248634338,
2,380,0,0.8274990320205688,
2,381,0,0.8246031999588013,
2,382,0,0.8276534676551819,
2,383,0,0.8246870040893555,
2,384,0,0.8210676908493042,
2,385,0,0.8277424573898315,
2,386,0,0.8235968351364136,
2,387,0,0.8247906565666199,
2,388,0,0.8231856822967529,
2,389,0,0.8258404731750488,
2,390,0,0.8253157734870911,
2,391,0,0.8293555378913879,
2,392,0,0.8293299078941345,
2,393,0,0.82808518409729,
2,394,0,0.822826623916626,
2,395,0,0.8300817608833313,
2,396,0,0.8296042680740356,
2,397,0,0.8296510577201843,
2,398,0,0.8276194930076599,
2,399,0,0.8255134224891663,
2,400,0,0.829511821269989,
2,401,0,0.8308270573616028,
2,402,0,0.8287833333015442,
2,403,0,0.8264654874801636,
2,404,0,0.8271360993385315,
2,405,0,0.8281867504119873,
2,406,0,0.825400710105896,
2,407,0,0.822316586971283,
2,408,0,0.8243120908737183,
2,409,0,0.8244228363037109,
2,410,0,0.8288806080818176,
2,411,0,0.8274924755096436,
2,412,0,0.8280917406082153,
2,413,0,0.8266117572784424,
2,414,0,0.8257412910461426,
2,415,0,0.8260207772254944,
2,416,0,0.8278183937072754,
2,417,0,0.8286435604095459,
2,418,0,0.8248492479324341,
2,419,0,0.8265059590339661,
2,420,0,0.8284783363342285,
2,421,0,0.8298579454421997,
2,422,0,0.8289896249771118,
2,423,0,0.8301012516021729,
2,424,0,0.829102635383606,
2,425,0,0.8256695866584778,
2,426,0,0.8266236186027527,
2,427,0,0.8252179622650146,
2,428,0,0.8261123895645142,
2,429,0,0.8262196779251099,
2,430,0,0.8284905552864075,
2,431,0,0.8257452249526978,
2,432,0,0.8277891278266907,
2,433,0,0.8262162208557129,
2,434,0,0.8300913572311401,
2,435,0,0.8273905515670776,
2,436,0,0.8294148445129395,
2,437,0,0.8286207914352417,
2,438,0,0.8278396725654602,
2,439,0,0.8241727352142334,
2,440,0,0.8252089023590088,
2,441,0,0.8248821496963501,
2,442,0,0.8252770304679871,
2,443,0,0.8243424892425537,
2,444,0,0.8266423940658569,
2,445,0,0.8278682231903076,
2,446,0,0.8265411257743835,
2,447,0,0.8240456581115723,
2,448,0,0.824126660823822,
2,449,0,0.8273398876190186,
2,450,0,0.8264316320419312,
2,451,0,0.8269175291061401,
2,452,0,0.826580822467804,
2,453,0,0.831450343132019,
2,454,0,0.825993001461029,
2,455,0,0.8259958624839783,
2,456,0,0.8262066841125488,
2,457,0,0.8258550763130188,
2,458,0,0.8265522718429565,
2,459,0,0.8266893029212952,
2,460,0,0.8279072642326355,
2,461,0,0.824074387550354,
2,462,0,0.8272814750671387,
2,463,0,0.8282543420791626,
2,464,0,0.8285101652145386,
2,465,0,0.8263668417930603,
2,466,0,0.8303585052490234,
2,467,0,0.8262573480606079,
2,468,0,0.8275145292282104,
2,469,0,0.8277807235717773,
2,470,0,0.8283271193504333,
2,471,0,0.8284527659416199,
2,472,0,0.8252544403076172,
2,473,0,0.8275445103645325,
2,474,0,0.8268295526504517,
2,475,0,0.8288091421127319,
2,476,0,0.8290225267410278,
2,477,0,0.8273024559020996,
2,478,0,0.8230443000793457,
2,479,0,0.826809823513031,
2,480,0,0.8220160603523254,
2,481,0,0.8260815739631653,
2,482,0,0.824256956577301,
2,483,0,0.8289172649383545,
2,484,0,0.8307976722717285,
2,485,0,0.8268382549285889,
2,486,0,0.8256745338439941,
2,487,0,0.8257105350494385,
2,488,0,0.8269497752189636,
2,489,0,0.8279944658279419,
2,490,0,0.8292258977890015,
2,491,0,0.8244059085845947,
2,492,0,0.8260619044303894,
2,493,0,0.8263687491416931,
2,494,0,0.825308620929718,
2,495,0,0.8268517851829529,
2,496,0,0.8259420394897461,
2,497,0,0.8252303600311279,
2,498,0,0.8263451457023621,
2,499,0,0.8295637369155884,
2,500,0,0.8216967582702637,
2,501,0,0.8261522054672241,
2,502,0,0.826114296913147,
2,503,0,0.8288873434066772,
2,504,0,0.8256096243858337,
2,505,0,0.8277121186256409,
2,506,0,0.8278009295463562,
2,507,0,0.8287236094474792,
2,508,0,0.8268460035324097,
2,509,0,0.8291324973106384,
2,510,0,0.8263853192329407,
2,511,0,0.8306729793548584,
2,512,0,0.8245543837547302,
2,513,0,0.8222405910491943,
2,514,0,0.828209400177002,
2,515,0,0.8241270184516907,
2,516,0,0.8268741369247437,
2,517,0,0.8275542855262756,
2,518,0,0.8257789015769958,
2,519,0,0.8266257643699646,
2,520,0,0.8268908858299255,
2,521,0,0.8269262909889221,
2,522,0,0.8286764621734619,
2,523,0,0.8241875171661377,
2,524,0,0.8246445655822754,
2,525,0,0.8291851282119751,
2,526,0,0.8268842697143555,
2,527,0,0.8302769660949707,
2,528,0,0.8266093134880066,
2,529,0,0.8262503147125244,
2,530,0,0.8298144340515137,
2,531,0,0.8250981569290161,
2,532,0,0.8261466026306152,
2,533,0,0.8284773826599121,
2,534,0,0.8254290223121643,
2,535,0,0.8259738087654114,
2,536,0,0.8267058730125427,
2,537,0,0.827502429485321,
2,538,0,0.824188232421875,
2,539,0,0.8258307576179504,
2,540,0,0.8270981907844543,
2,541,0,0.8262828588485718,
2,542,0,0.8305473327636719,
2,543,0,0.8274019956588745,
2,544,0,0.8253837823867798,
2,545,0,0.8269339799880981,
2,546,0,0.8288835883140564,
2,547,0,0.824769914150238,
2,548,0,0.8312147855758667,
2,549,0,0.8289488554000854,
2,550,0,0.8287953734397888,
2,551,0,0.8267807364463806,
2,552,0,0.8254659175872803,
2,553,0,0.8275185823440552,
2,554,0,0.8272605538368225,
2,555,0,0.8289914131164551,
2,556,0,0.8273635506629944,
2,557,0,0.8295532464981079,
2,558,0,0.8257650136947632,
2,559,0,0.825127899646759,
2,560,0,0.8274408578872681,
2,561,0,0.8250725865364075,
2,562,0,0.8243818283081055,
2,563,0,0.8261172771453857,
2,564,0,0.8274692296981812,
2,565,0,0.8253278732299805,
2,566,0,0.8286654353141785,
2,567,0,0.82550448179245,
2,568,0,0.825943112373352,
2,569,0,0.8256491422653198,
2,570,0,0.8264724016189575,
2,571,0,0.8241260051727295,
2,572,0,0.8291119337081909,
2,573,0,0.827671229839325,
2,574,0,0.8268529176712036,
2,575,0,0.823596179485321,
2,576,0,0.822524905204773,
2,577,0,0.8239439129829407,
2,578,0,0.8266313076019287,
2,579,0,0.8269087076187134,
2,580,0,0.8279019594192505,
2,581,0,0.8280385732650757,
2,582,0,0.8255305290222168,
2,583,0,0.8256856799125671,
2,584,0,0.8254050016403198,
2,585,0,0.8283088207244873,
2,586,0,0.8235300779342651,
2,587,0,0.8252100944519043,
2,588,0,0.8283020853996277,
2,589,0,0.8271052837371826,
2,590,0,0.8232924342155457,
2,591,0,0.8229930996894836,
2,592,0,0.8284659385681152,
2,593,0,0.8263395428657532,
2,594,0,0.8252072334289551,
2,595,0,0.8256720900535583,
2,596,0,0.8252406120300293,
2,597,0,0.8270787596702576,
2,598,0,0.824809193611145,
2,599,0,0.8306390047073364,
2,600,0,0.8261055946350098,
2,601,0,0.8242063522338867,
2,602,0,0.8270444273948669,
2,603,0,0.831564724445343,
2,604,0,0.8273009061813354,
2,val,,,0.8257340455055237
3,0,0,0.8263636231422424,
3,1,0,0.829479455947876,
3,2,0,0.8288238048553467,
3,3,0,0.8279441595077515,
3,4,0,0.8256964087486267,
3,5,0,0.8268215656280518,
3,6,0,0.8287226557731628,
3,7,0,0.8234411478042603,
3,8,0,0.8230336308479309,
3,9,0,0.8240132331848145,
3,10,0,0.825492262840271,
3,11,0,0.8236767053604126,
3,12,0,0.8209935426712036,
3,13,0,0.8270050287246704,
3,14,0,0.8261897563934326,
3,15,0,0.8214311003684998,
3,16,0,0.8242696523666382,
3,17,0,0.8256447911262512,
3,18,0,0.8252862691879272,
3,19,0,0.8236217498779297,
3,20,0,0.8244062066078186,
3,21,0,0.8252717852592468,
3,22,0,0.828625500202179,
3,23,0,0.8223035931587219,
3,24,0,0.82707279920578,
3,25,0,0.8238386511802673,
3,26,0,0.8245639801025391,
3,27,0,0.8268068432807922,
3,28,0,0.822573184967041,
3,29,0,0.8292508125305176,
3,30,0,0.8248963356018066,
3,31,0,0.8266704678535461,
3,32,0,0.8232972621917725,
3,33,0,0.8277899622917175,
3,34,0,0.8234853744506836,
3,35,0,0.8232463598251343,
3,36,0,0.8225879073143005,
3,37,0,0.8243685364723206,
3,38,0,0.8242268562316895,
3,39,0,0.8283576965332031,
3,40,0,0.8245897889137268,
3,41,0,0.8293009400367737,
3,42,0,0.8282513618469238,
3,43,0,0.8259851932525635,
3,44,0,0.8290154337882996,
3,45,0,0.8235282897949219,
3,46,0,0.8296747803688049,
3,47,0,0.8243563771247864,
3,48,0,0.8260976076126099,
3,49,0,0.8281309008598328,
3,50,0,0.8273547887802124,
3,51,0,0.8316624164581299,
3,52,0,0.8301106095314026,
3,53,0,0.8295997381210327,
3,54,0,0.8266018629074097,
3,55,0,0.8288125991821289,
3,56,0,0.8263216018676758,
3,57,0,0.8249702453613281,
3,58,0,0.830847978591919,
3,59,0,0.82706618309021,
3,60,0,0.8294597268104553,
3,61,0,0.8276174068450928,
3,62,0,0.8266021609306335,
3,63,0,0.8267612457275391,
3,64,0,0.8276691436767578,
3,65,0,0.8262361884117126,
3,66,0,0.8261821866035461,
3,67,0,0.8269891738891602,
3,68,0,0.8288536071777344,
3,69,0,0.8268147110939026,
3,70,0,0.8212507963180542,
3,71,0,0.8271855115890503,
3,72,0,0.823441743850708,
3,73,0,0.8262861967086792,
3,74,0,0.8248909115791321,
3,75,0,0.8257222175598145,
3,76,0,0.8241151571273804,
3,77,0,0.8220422863960266,
3,78,0,0.8305090069770813,
3,79,0,0.8235353231430054,
3,80,0,0.827865481376648,
3,81,0,0.8254756331443787,
3,82,0,0.82669997215271,
3,83,0,0.8266264796257019,
3,84,0,0.8233413100242615,
3,85,0,0.8268487453460693,
3,86,0,0.8248419761657715,
3,87,0,0.8277280330657959,
3,88,0,0.8245129585266113,
3,89,0,0.8258243203163147,
3,90,0,0.8256649971008301,
3,91,0,0.8259508013725281,
3,92,0,0.8248202204704285,
3,93,0,0.8270667195320129,
3,94,0,0.826611340045929,
3,95,0,0.8235464692115784,
3,96,0,0.824637770652771,
3,97,0,0.8253945112228394,
3,98,0,0.8257226943969727,
3,99,0,0.8256938457489014,
3,100,0,0.8245403170585632,
3,101,0,0.8271693587303162,
3,102,0,0.8250432014465332,
3,103,0,0.828765869140625,
3,104,0,0.8264327049255371,
3,105,0,0.8321840763092041,
3,106,0,0.8235375285148621,
3,107,0,0.8300516605377197,
3,108,0,0.8250676989555359,
3,109,0,0.8288397192955017,
3,110,0,0.8265590071678162,
3,111,0,0.8275648355484009,
3,112,0,0.8266240954399109,
3,113,0,0.8293693661689758,
3,114,0,0.8276654481887817,
3,115,0,0.8257644176483154,
3,116,0,0.8251687288284302,
3,117,0,0.8253195881843567,
3,118,0,0.825187087059021,
3,119,0,0.826515793800354,
3,120,0,0.8270810842514038,
3,121,0,0.8264977335929871,
3,122,0,0.8276245594024658,
3,123,0,0.824107825756073,
3,124,0,0.8265231251716614,
3,125,0,0.8247785568237305,
3,126,0,0.8271389603614807,
3,127,0,0.8246262073516846,
3,128,0,0.823190450668335,
3,129,0,0.8238400220870972,
3,130,0,0.8253498077392578,
3,131,0,0.8267451524734497,
3,132,0,0.8245877027511597,
3,133,0,0.8260461688041687,
3,134,0,0.8236355781555176,
3,135,0,0.8279755711555481,
3,136,0,0.826721727848053,
3,137,0,0.8240559101104736,
3,138,0,0.8250208497047424,
3,139,0,0.8297219276428223,
3,140,0,0.8290435671806335,
3,141,0,0.826568067073822,
3,142,0,0.8243975639343262,
3,143,0,0.8291015028953552,
3,144,0,0.8259742259979248,
3,145,0,0.8245581388473511,
3,146,0,0.8269191980361938,
3,147,0,0.8235146999359131,
3,148,0,0.8230990767478943,
3,149,0,0.8244578242301941,
3,150,0,0.8273746371269226,
3,151,0,0.8261972665786743,
3,152,0,0.825560986995697,
3,153,0,0.8237014412879944,
3,154,0,0.8285837769508362,
3,155,0,0.8254644274711609,
3,156,0,0.8247883319854736,
3,157,0,0.827190101146698,
3,158,0,0.8264033794403076,
3,159,0,0.8258548974990845,
3,160,0,0.8222944140434265,
3,161,0,0.8266315460205078,
3,162,0,0.8252031803131104,
3,163,0,0.8270338773727417,
3,164,0,0.8251473307609558,
3,165,0,0.8243910670280457,
3,166,0,0.8279035091400146,
3,167,0,0.8256731033325195,
3,168,0,0.8270525932312012,
3,169,0,0.8239835500717163,
3,170,0,0.8258408308029175,
3,171,0,0.823032021522522,
3,172,0,0.830940842628479,
3,173,0,0.8221275806427002,
3,174,0,0.8237262964248657,
3,175,0,0.8314709067344666,
3,176,0,0.8270530700683594,
3,177,0,0.8299288153648376,
3,178,0,0.824456512928009,
3,179,0,0.8243366479873657,
3,180,0,0.8284854888916016,
3,181,0,0.8245847225189209,
3,182,0,0.8251141309738159,
3,183,0,0.8240191340446472,
3,184,0,0.8270813226699829,
3,185,0,0.8279298543930054,
3,186,0,0.8243158459663391,
3,187,0,0.8240458965301514,
3,188,0,0.8243557214736938,
3,189,0,0.8253076076507568,
3,190,0,0.8243377804756165,
3,191,0,0.8249571323394775,
3,192,0,0.8239030838012695,
3,193,0,0.8265419006347656,
3,194,0,0.8238139152526855,
3,195,0,0.8274741768836975,
3,196,0,0.821245551109314,
3,197,0,0.8251793384552002,
3,198,0,0.8251980543136597,
3,199,0,0.8239700794219971,
3,200,0,0.8254944086074829,
3,201,0,0.8266220092773438,
3,202,0,0.8238403797149658,
3,203,0,0.8275332450866699,
3,204,0,0.8260334730148315,
3,205,0,0.8249384760856628,
3,206,0,0.8260287642478943,
3,207,0,0.8221057653427124,
3,208,0,0.8268364667892456,
3,209,0,0.8240746855735779,
3,210,0,0.8299697637557983,
3,211,0,0.8275578022003174,
3,212,0,0.8258557915687561,
3,213,0,0.8254573941230774,
3,214,0,0.8255835771560669,
3,215,0,0.8225324749946594,
3,216,0,0.8293811678886414,
3,217,0,0.8261695504188538,
3,218,0,0.823294997215271,
3,219,0,0.8298245668411255,
3,220,0,0.8242625594139099,
3,221,0,0.8264268040657043,
3,222,0,0.8237031698226929,
3,223,0,0.8234254121780396,
3,224,0,0.8271963596343994,
3,225,0,0.8248429894447327,
3,226,0,0.8218307495117188,
3,227,0,0.824278712272644,
3,228,0,0.8282498717308044,
3,229,0,0.8291405439376831,
3,230,0,0.8258019685745239,
3,231,0,0.822052538394928,
3,232,0,0.8247874975204468,
3,233,0,0.8264185190200806,
3,234,0,0.8246089220046997,
3,235,0,0.8234198689460754,
3,236,0,0.8182908296585083,
3,237,0,0.8280065655708313,
3,238,0,0.8281563520431519,
3,239,0,0.8288077116012573,
3,240,0,0.8254389762878418,
3,241,0,0.8248096704483032,
3,242,0,0.8251888155937195,
3,243,0,0.822533130645752,
3,244,0,0.8247063755989075,
3,245,0,0.8265230655670166,
3,246,0,0.8243353962898254,
3,247,0,0.8266304135322571,
3,248,0,0.8270809650421143,
3,249,0,0.826799750328064,
3,250,0,0.8239536285400391,
3,251,0,0.8268402814865112,
3,252,0,0.8272383213043213,
3,253,0,0.8235598802566528,
3,254,0,0.8220073580741882,
3,255,0,0.8266357183456421,
3,256,0,0.8287345767021179,
3,257,0,0.8258568048477173,
3,258,0,0.8244195580482483,
3,259,0,0.8262295722961426,
3,260,0,0.8212534189224243,
3,261,0,0.824145495891571,
3,262,0,0.8236353993415833,
3,263,0,0.8293538093566895,
3,264,0,0.821385383605957,
3,265,0,0.8218942284584045,
3,266,0,0.8245565891265869,
3,267,0,0.8250449895858765,
3,268,0,0.8264675140380859,
3,269,0,0.8208690881729126,
3,270,0,0.8271030187606812,
3,271,0,0.8264815211296082,
3,272,0,0.8272377252578735,
3,273,0,0.8286488652229309,
3,274,0,0.826331615447998,
3,275,0,0.8213247060775757,
3,276,0,0.8267202377319336,
3,277,0,0.8264105319976807,
3,278,0,0.8214136362075806,
3,279,0,0.8249057531356812,
3,280,0,0.8275853991508484,
3,281,0,0.8256691098213196,
3,282,0,0.8252711892127991,
3,283,0,0.82364821434021,
3,284,0,0.8216742277145386,
3,285,0,0.8252463340759277,
3,286,0,0.8259928822517395,
3,287,0,0.825523853302002,
3,288,0,0.8235781788825989,
3,289,0,0.8224401473999023,
3,290,0,0.8254398107528687,
3,291,0,0.8255535960197449,
3,292,0,0.8269701600074768,
3,293,0,0.8241505026817322,
3,294,0,0.8234654664993286,
3,295,0,0.8210995197296143,
3,296,0,0.8203932046890259,
3,297,0,0.825806736946106,
3,298,0,0.8218430876731873,
3,299,0,0.827252209186554,
3,300,0,0.8237067461013794,
3,301,0,0.8262341022491455,
3,302,0,0.8304433822631836,
3,303,0,0.8198102116584778,
3,304,0,0.8263505697250366,
3,305,0,0.8291034698486328,
3,306,0,0.8204795122146606,
3,307,0,0.8267980813980103,
3,308,0,0.8229737877845764,
3,309,0,0.8246505856513977,
3,310,0,0.8160358667373657,
3,311,0,0.8227968215942383,
3,312,0,0.8253327012062073,
3,313,0,0.8257402777671814,
3,314,0,0.8260403275489807,
3,315,0,0.8260412812232971,
3,316,0,0.8244751691818237,
3,317,0,0.8261318206787109,
3,318,0,0.8262927532196045,
3,319,0,0.8258365988731384,
3,320,0,0.8194722533226013,
3,321,0,0.8155460953712463,
3,322,0,0.8318748474121094,
3,323,0,0.8271568417549133,
3,324,0,0.8254587650299072,
3,325,0,0.8267658948898315,
3,326,0,0.8269652724266052,
3,327,0,0.8219940066337585,
3,328,0,0.82501220703125,
3,329,0,0.8215004205703735,
3,330,0,0.826291024684906,
3,331,0,0.8264546990394592,
3,332,0,0.8233464956283569,
3,333,0,0.8289111256599426,
3,334,0,0.8213045597076416,
3,335,0,0.8252612948417664,
3,336,0,0.8253812789916992,
3,337,0,0.8182699084281921,
3,338,0,0.8256931304931641,
3,339,0,0.8259382247924805,
3,340,0,0.8264959454536438,
3,341,0,0.8233163952827454,
3,342,0,0.8263795375823975,
3,343,0,0.8237320184707642,
3,344,0,0.8292436003684998,
3,345,0,0.8182622194290161,
3,346,0,0.8244969248771667,
3,347,0,0.823820948600769,
3,348,0,0.8288955688476562,
3,349,0,0.8230383992195129,
3,350,0,0.8220959305763245,
3,351,0,0.8247982263565063,
3,352,0,0.8265600204467773,
3,353,0,0.8222267031669617,
3,354,0,0.8321425914764404,
3,355,0,0.8241942524909973,
3,356,0,0.8271967172622681,
3,357,0,0.8260666131973267,
3,358,0,0.8285983800888062,
3,359,0,0.8266615867614746,
3,360,0,0.8233194351196289,
3,361,0,0.822698175907135,
3,362,0,0.82171231508255,
3,363,0,0.8240528106689453,
3,364,0,0.8202526569366455,
3,365,0,0.8220801949501038,
3,366,0,0.8205033540725708,
3,367,0,0.8180671334266663,
3,368,0,0.8264885544776917,
3,369,0,0.826132595539093,
3,370,0,0.8229541182518005,
3,371,0,0.8299168348312378,
3,372,0,0.8253909945487976,
3,373,0,0.8242488503456116,
3,374,0,0.8230499029159546,
3,375,0,0.8221091628074646,
3,376,0,0.8283728957176208,
3,377,0,0.8295007944107056,
3,378,0,0.8154911398887634,
3,379,0,0.8246543407440186,
3,380,0,0.8178460001945496,
3,381,0,0.8210457563400269,
3,382,0,0.8203749656677246,
3,383,0,0.8148419857025146,
3,384,0,0.8199259638786316,
3,385,0,0.8294248580932617,
3,386,0,0.8161441087722778,
3,387,0,0.8208371996879578,
3,388,0,0.8144760131835938,
3,389,0,0.8244888186454773,
3,390,0,0.8179377317428589,
3,391,0,0.8234323263168335,
3,392,0,0.8282437324523926,
3,393,0,0.823162853717804,
3,394,0,0.8228760957717896,
3,395,0,0.8285076022148132,
3,396,0,0.8231420516967773,
3,397,0,0.8268840312957764,
3,398,0,0.8257415890693665,
3,399,0,0.8168066740036011,
3,400,0,0.8287478685379028,
3,401,0,0.8264850974082947,
3,402,0,0.8282962441444397,
3,403,0,0.8268261551856995,
3,404,0,0.8217941522598267,
3,405,0,0.8254474997520447,
3,406,0,0.8260897994041443,
3,407,0,0.8179687857627869,
3,408,0,0.8173626661300659,
3,409,0,0.8181189298629761,
3,410,0,0.8181391954421997,
3,411,0,0.8210029602050781,
3,412,0,0.8278700113296509,
3,413,0,0.8272603154182434,
3,414,0,0.8160154819488525,
3,415,0,0.8245373964309692,
3,416,0,0.8281741738319397,
3,417,0,0.8202317357063293,
3,418,0,0.8162985444068909,
3,419,0,0.8113142848014832,
3,420,0,0.8199363350868225,
3,421,0,0.8276081681251526,
3,422,0,0.8268867135047913,
3,423,0,0.829803466796875,
3,424,0,0.814732015132904,
3,425,0,0.8273400664329529,
3,426,0,0.823167085647583,
3,427,0,0.8208299279212952,
3,428,0,0.825481653213501,
3,429,0,0.825728178024292,
3,430,0,0.8273175358772278,
3,431,0,0.821952760219574,
3,432,0,0.8275301456451416,
3,433,0,0.825519323348999,
3,434,0,0.8287746906280518,
3,435,0,0.8162160515785217,
3,436,0,0.8240696787834167,
3,437,0,0.8184450268745422,
3,438,0,0.8283796310424805,
3,439,0,0.8222982883453369,
3,440,0,0.8161861300468445,
3,441,0,0.8197636604309082,
3,442,0,0.820528507232666,
3,443,0,0.8236548900604248,
3,444,0,0.8226775527000427,
3,445,0,0.830561637878418,
3,446,0,0.8296428322792053,
3,447,0,0.820924699306488,
3,448,0,0.8159060478210449,
3,449,0,0.8261340856552124,
3,450,0,0.8264750838279724,
3,451,0,0.8270753026008606,
3,452,0,0.8224491477012634,
3,453,0,0.8279542922973633,
3,454,0,0.8251789212226868,
3,455,0,0.8212339282035828,
3,456,0,0.8267000317573547,
3,457,0,0.8239824771881104,
3,458,0,0.8245114684104919,
3,459,0,0.8203855752944946,
3,460,0,0.8217064142227173,
3,461,0,0.8174551129341125,
3,462,0,0.8200902342796326,
3,463,0,0.821932315826416,
3,464,0,0.8239537477493286,
3,465,0,0.8151764869689941,
3,466,0,0.8287202715873718,
3,467,0,0.8220483064651489,
3,468,0,0.8271558284759521,
3,469,0,0.8281689286231995,
3,470,0,0.8208822011947632,
3,471,0,0.8255887031555176,
3,472,0,0.8179529309272766,
3,473,0,0.8253504037857056,
3,474,0,0.823749303817749,
3,475,0,0.826391339302063,
3,476,0,0.8242852687835693,
3,477,0,0.8205937147140503,
3,478,0,0.8247213959693909,
3,479,0,0.8262441158294678,
3,480,0,0.8152037262916565,
3,481,0,0.8250991702079773,
3,482,0,0.8144819736480713,
3,483,0,0.8280948996543884,
3,484,0,0.8365675210952759,
3,485,0,0.8247029781341553,
3,486,0,0.8122812509536743,
3,487,0,0.8277564644813538,
3,488,0,0.8140618801116943,
3,489,0,0.8194263577461243,
3,490,0,0.8260810375213623,
3,491,0,0.8170092105865479,
3,492,0,0.8252497315406799,
3,493,0,0.8246841430664062,
3,494,0,0.8216732740402222,
3,495,0,0.8211718797683716,
3,496,0,0.8334681391716003,
3,497,0,0.8246625661849976,
3,498,0,0.8247883319854736,
3,499,0,0.808362603187561,
3,500,0,0.8117164373397827,
3,501,0,0.8207194805145264,
3,502,0,0.8231024146080017,
3,503,0,0.8216142654418945,
3,504,0,0.8192402124404907,
3,505,0,0.8186548948287964,
3,506,0,0.8234541416168213,
3,507,0,0.8179970979690552,
3,508,0,0.824567973613739,
3,509,0,0.8216801285743713,
3,510,0,0.8185566067695618,
3,511,0,0.8290194272994995,
3,512,0,0.820337176322937,
3,513,0,0.8221330046653748,
3,514,0,0.8274933099746704,
3,515,0,0.8166731595993042,
3,516,0,0.818695604801178,
3,517,0,0.8208878040313721,
3,518,0,0.8230031728744507,
3,519,0,0.8228601217269897,
3,520,0,0.8157178163528442,
3,521,0,0.8162612318992615,
3,522,0,0.8277019262313843,
3,523,0,0.825262188911438,
3,524,0,0.818587064743042,
3,525,0,0.8200416564941406,
3,526,0,0.822279155254364,
3,527,0,0.8226008415222168,
3,528,0,0.8259737491607666,
3,529,0,0.8276045918464661,
3,530,0,0.8241262435913086,
3,531,0,0.8163204193115234,
3,532,0,0.8202922344207764,
3,533,0,0.8291897773742676,
3,534,0,0.8222826719284058,
3,535,0,0.8176394701004028,
3,536,0,0.8217953443527222,
3,537,0,0.8238306641578674,
3,538,0,0.8103049993515015,
3,539,0,0.8149027824401855,
3,540,0,0.8338510990142822,
3,541,0,0.8294355273246765,
3,542,0,0.8261820673942566,
3,543,0,0.8128745555877686,
3,544,0,0.8164692521095276,
3,545,0,0.8172774314880371,
3,546,0,0.8229618072509766,
3,547,0,0.8199160099029541,
3,548,0,0.829564094543457,
3,549,0,0.825573205947876,
3,550,0,0.8165050148963928,
3,551,0,0.8198875784873962,
3,552,0,0.817039966583252,
3,553,0,0.8235848546028137,
3,554,0,0.8211214542388916,
3,555,0,0.8193575739860535,
3,556,0,0.8317034244537354,
3,557,0,0.823465883731842,
3,558,0,0.8226326704025269,
3,559,0,0.8144643306732178,
3,560,0,0.820480227470398,
3,561,0,0.8183935284614563,
3,562,0,0.8227765560150146,
3,563,0,0.8243416547775269,
3,564,0,0.8276021480560303,
3,565,0,0.8138554096221924,
3,566,0,0.8277904987335205,
3,567,0,0.8262280821800232,
3,568,0,0.8191108703613281,
3,569,0,0.8212611675262451,
3,570,0,0.8191235661506653,
3,571,0,0.8173207640647888,
3,572,0,0.8281559944152832,
3,573,0,0.8297925591468811,
3,574,0,0.8248082995414734,
3,575,0,0.8089824318885803,
3,576,0,0.8115125298500061,
3,577,0,0.8124727606773376,
3,578,0,0.8185406923294067,
3,579,0,0.8217415809631348,
3,580,0,0.8223483562469482,
3,581,0,0.828045129776001,
3,582,0,0.8189661502838135,
3,583,0,0.8222355842590332,
3,584,0,0.8239550590515137,
3,585,0,0.8188763856887817,
3,586,0,0.8118641972541809,
3,587,0,0.8225084543228149,
3,588,0,0.8222503066062927,
3,589,0,0.8159730434417725,
3,590,0,0.8171681761741638,
3,591,0,0.8114686012268066,
3,592,0,0.8303307294845581,
3,593,0,0.8140789270401001,
3,594,0,0.8121159076690674,
3,595,0,0.8283267021179199,
3,596,0,0.82392418384552,
3,597,0,0.8239194750785828,
3,598,0,0.8175442218780518,
3,599,0,0.8321965336799622,
3,600,0,0.824519693851471,
3,601,0,0.8065622448921204,
3,602,0,0.8121052980422974,
3,603,0,0.8298228979110718,
3,604,0,0.8148946166038513,
3,val,,,0.8205102912584941
4,0,0,0.8185904026031494,
4,1,0,0.829616904258728,
4,2,0,0.8128415942192078,
4,3,0,0.8256832361221313,
4,4,0,0.8210779428482056,
4,5,0,0.8211092948913574,
4,6,0,0.82486492395401,
4,7,0,0.8177021741867065,
4,8,0,0.8203035593032837,
4,9,0,0.8220605850219727,
4,10,0,0.8121272325515747,
4,11,0,0.8271380662918091,
4,12,0,0.8103529810905457,
4,13,0,0.8235809206962585,
4,14,0,0.8324601054191589,
4,15,0,0.821654200553894,
4,16,0,0.8213760852813721,
4,17,0,0.821733295917511,
4,18,0,0.8247341513633728,
4,19,0,0.8142706155776978,
4,20,0,0.8215410113334656,
4,21,0,0.8314406871795654,
4,22,0,0.825373113155365,
4,23,0,0.8161969184875488,
4,24,0,0.8227219581604004,
4,25,0,0.8180434703826904,
4,26,0,0.8220375776290894,
4,27,0,0.8203665018081665,
4,28,0,0.8230069875717163,
4,29,0,0.8307676911354065,
4,30,0,0.8229243755340576,
4,31,0,0.8230561017990112,
4,32,0,0.820902943611145,
4,33,0,0.8223526477813721,
4,34,0,0.815952479839325,
4,35,0,0.8183733820915222,
4,36,0,0.8153420686721802,
4,37,0,0.8131434917449951,
4,38,0,0.8214578032493591,
4,39,0,0.8135697841644287,
4,40,0,0.8160896897315979,
4,41,0,0.8236415982246399,
4,42,0,0.8233175277709961,
4,43,0,0.8244560956954956,
4,44,0,0.8196220993995667,
4,45,0,0.8141025900840759,
4,46,0,0.8239532113075256,
4,47,0,0.8155378699302673,
4,48,0,0.8245951533317566,
4,49,0,0.8221662640571594,
4,50,0,0.8260090351104736,
4,51,0,0.8296869397163391,
4,52,0,0.8248350024223328,
4,53,0,0.8270497918128967,
4,54,0,0.8157721757888794,
4,55,0,0.8274775743484497,
4,56,0,0.8084355592727661,
4,57,0,0.8175527453422546,
4,58,0,0.8223006129264832,
4,59,0,0.8246976137161255,
4,60,0,0.8281658291816711,
4,61,0,0.8268313407897949,
4,62,0,0.8184005618095398,
4,63,0,0.8241814374923706,
4,64,0,0.8224412202835083,
4,65,0,0.8240340352058411,
4,66,0,0.8119564056396484,
4,67,0,0.819861888885498,
4,68,0,0.828371524810791,
4,69,0,0.8261588215827942,
4,70,0,0.8071127533912659,
4,71,0,0.8187004327774048,
4,72,0,0.8196793794631958,
4,73,0,0.814547598361969,
4,74,0,0.8186912536621094,
4,75,0,0.8168356418609619,
4,76,0,0.8166302442550659,
4,77,0,0.819136381149292,
4,78,0,0.8234429359436035,
4,79,0,0.8086259365081787,
4,80,0,0.8206877112388611,
4,81,0,0.815045952796936,
4,82,0,0.8242325782775879,
4,83,0,0.8240751028060913,
4,84,0,0.8187768459320068,
4,85,0,0.8261615633964539,
4,86,0,0.8204895853996277,
4,87,0,0.8249929547309875,
4,88,0,0.8207159638404846,
4,89,0,0.8231485486030579,
4,90,0,0.820384681224823,
4,91,0,0.8128980994224548,
4,92,0,0.8235558271408081,
4,93,0,0.8305741548538208,
4,94,0,0.816688060760498,
4,95,0,0.8098234534263611,
4,96,0,0.8268853425979614,
4,97,0,0.8125902414321899,
4,98,0,0.8205625414848328,
4,99,0,0.8258126378059387,
4,100,0,0.8236125111579895,
4,101,0,0.8312517404556274,
4,102,0,0.8086857795715332,
4,103,0,0.8178310990333557,
4,104,0,0.8159144520759583,
4,105,0,0.826145350933075,
4,106,0,0.8168811202049255,
4,107,0,0.8256906270980835,
4,108,0,0.8213625550270081,
4,109,0,0.8213874697685242,
4,110,0,0.8223099112510681,
4,111,0,0.8245255351066589,
4,112,0,0.8173785209655762,
4,113,0,0.8244912624359131,
4,114,0,0.8213728070259094,
4,115,0,0.8062630891799927,
4,116,0,0.8059895038604736,
4,117,0,0.8142175078392029,
4,118,0,0.8256518840789795,
4,119,0,0.8167906999588013,
4,120,0,0.8206754922866821,
4,121,0,0.8220826983451843,
4,122,0,0.8064896464347839,
4,123,0,0.8089783191680908,
4,124,0,0.8155584931373596,
4,125,0,0.8111903071403503,
4,126,0,0.829338788986206,
4,127,0,0.8094527125358582,
4,128,0,0.8169125318527222,
4,129,0,0.8069003224372864,
4,130,0,0.8234432339668274,
4,131,0,0.8288540840148926,
4,132,0,0.8179832100868225,
4,133,0,0.823309600353241,
4,134,0,0.8146696090698242,
4,135,0,0.8256668448448181,
4,136,0,0.8242749571800232,
4,137,0,0.8140196800231934,
4,138,0,0.8241989612579346,
4,139,0,0.8195250630378723,
4,140,0,0.8267630934715271,
4,141,0,0.8213950991630554,
4,142,0,0.8094403743743896,
4,143,0,0.8175597190856934,
4,144,0,0.8217743635177612,
4,145,0,0.8067740797996521,
4,146,0,0.8278723955154419,
4,147,0,0.8316650986671448,
4,148,0,0.8138113021850586,
4,149,0,0.807960569858551,
4,150,0,0.8279790282249451,
4,151,0,0.8102191090583801,
4,152,0,0.8233025074005127,
4,153,0,0.8108804225921631,
4,154,0,0.8266614675521851,
4,155,0,0.8298971652984619,
4,156,0,0.8169568777084351,
4,157,0,0.8247238993644714,
4,158,0,0.8122196793556213,
4,159,0,0.8144866228103638,
4,160,0,0.8108173608779907,
4,161,0,0.8208124041557312,
4,162,0,0.8162333369255066,
4,163,0,0.8254970908164978,
4,164,0,0.815700352191925,
4,165,0,0.8154329657554626,
4,166,0,0.8252172470092773,
4,167,0,0.8237260580062866,
4,168,0,0.8197345733642578,
4,169,0,0.8090654015541077,
4,170,0,0.8091616630554199,
4,171,0,0.8192499279975891,
4,172,0,0.8314699530601501,
4,173,0,0.8093887567520142,
4,174,0,0.805478572845459,
4,175,0,0.8274528384208679,
4,176,0,0.8264394402503967,
4,177,0,0.8266962170600891,
4,178,0,0.8226425051689148,
4,179,0,0.8199262022972107,
4,180,0,0.825421154499054,
4,181,0,0.8150435090065002,
4,182,0,0.8148710131645203,
4,183,0,0.8110877871513367,
4,184,0,0.8240259885787964,
4,185,0,0.8239262700080872,
4,186,0,0.8240691423416138,
4,187,0,0.8243860006332397,
4,188,0,0.8217795491218567,
4,189,0,0.8223651647567749,
4,190,0,0.8099715709686279,
4,191,0,0.809893012046814,
4,192,0,0.8205135464668274,
4,193,0,0.818022608757019,
4,194,0,0.8177276849746704,
4,195,0,0.8171187043190002,
4,196,0,0.80385822057724,
4,197,0,0.806519627571106,
4,198,0,0.8131015300750732,
4,199,0,0.8228931427001953,
4,200,0,0.8172333240509033,
4,201,0,0.8175262212753296,
4,202,0,0.8233956098556519,
4,203,0,0.8262604475021362,
4,204,0,0.8245019316673279,
4,205,0,0.831399142742157,
4,206,0,0.8113201260566711,
4,207,0,0.8117444515228271,
4,208,0,0.8219491839408875,
4,209,0,0.8177018165588379,
4,210,0,0.8303345441818237,
4,211,0,0.814608097076416,
4,212,0,0.8233449459075928,
4,213,0,0.8134018778800964,
4,214,0,0.8254060745239258,
4,215,0,0.8081454038619995,
4,216,0,0.8299969434738159,
4,217,0,0.8234168291091919,
4,218,0,0.8138225078582764,
4,219,0,0.8137613534927368,
4,220,0,0.8081884980201721,
4,221,0,0.8290252685546875,
4,222,0,0.8071205615997314,
4,223,0,0.8066675662994385,
4,224,0,0.8267583847045898,
4,225,0,0.8048567175865173,
4,226,0,0.8196993470191956,
4,227,0,0.8182951807975769,
4,228,0,0.830977201461792,
4,229,0,0.8265072107315063,
4,230,0,0.8177791237831116,
4,231,0,0.8065369725227356,
4,232,0,0.8159581422805786,
4,233,0,0.8297927379608154,
4,234,0,0.8188463449478149,
4,235,0,0.8123414516448975,
4,236,0,0.7992719411849976,
4,237,0,0.8223664164543152,
4,238,0,0.8268314599990845,
4,239,0,0.8278998136520386,
4,240,0,0.809730589389801,
4,241,0,0.8248720765113831,
4,242,0,0.8147026300430298,
4,243,0,0.8190038800239563,
4,244,0,0.8109839558601379,
4,245,0,0.8261176347732544,
4,246,0,0.8220243453979492,
4,247,0,0.8263089656829834,
4,248,0,0.8195486664772034,
4,249,0,0.8192763924598694,
4,250,0,0.8228198885917664,
4,251,0,0.8349397778511047,
4,252,0,0.8236615657806396,
4,253,0,0.8006166815757751,
4,254,0,0.8005484342575073,
4,255,0,0.8253825902938843,
4,256,0,0.8231915831565857,
4,257,0,0.8232361078262329,
4,258,0,0.8194071054458618,
4,259,0,0.8274656534194946,
4,260,0,0.8083164095878601,
4,261,0,0.808694064617157,
4,262,0,0.8057786822319031,
4,263,0,0.830896258354187,
4,264,0,0.8062525987625122,
4,265,0,0.7997481226921082,
4,266,0,0.8088595271110535,
4,267,0,0.81768798828125,
4,268,0,0.8266002535820007,
4,269,0,0.816219687461853,
4,270,0,0.824826717376709,
4,271,0,0.8148573637008667,
4,272,0,0.824889063835144,
4,273,0,0.8264635801315308,
4,274,0,0.8226336240768433,
4,275,0,0.7953146696090698,
4,276,0,0.8225435018539429,
4,277,0,0.8221938610076904,
4,278,0,0.8001430034637451,
4,279,0,0.8153154850006104,
4,280,0,0.818935751914978,
4,281,0,0.8090255856513977,
4,282,0,0.820578932762146,
4,283,0,0.81085205078125,
4,284,0,0.8096742033958435,
4,285,0,0.8210650682449341,
4,286,0,0.8244175910949707,
4,287,0,0.8128221035003662,
4,288,0,0.821453869342804,
4,289,0,0.8039016723632812,
4,290,0,0.8252399563789368,
4,291,0,0.8220120668411255,
4,292,0,0.8201450109481812,
4,293,0,0.799630880355835,
4,294,0,0.8239647746086121,
4,295,0,0.8002148866653442,
4,296,0,0.8012821674346924,
4,297,0,0.8209002017974854,
4,298,0,0.8158882260322571,
4,299,0,0.8220515251159668,
4,300,0,0.8136573433876038,
4,301,0,0.8206455111503601,
4,302,0,0.8397119641304016,
4,303,0,0.8161827325820923,
4,304,0,0.8183748126029968,
4,305,0,0.8272104263305664,
4,306,0,0.801143229007721,
4,307,0,0.8142032027244568,
4,308,0,0.8177382349967957,
4,309,0,0.8077514171600342,
4,310,0,0.799874484539032,
4,311,0,0.8053081035614014,
4,312,0,0.8206355571746826,
4,313,0,0.818212628364563,
4,314,0,0.8165373802185059,
4,315,0,0.8206904530525208,
4,316,0,0.8144528269767761,
4,317,0,0.8250128030776978,
4,318,0,0.8277407884597778,
4,319,0,0.8268313407897949,
4,320,0,0.7979174256324768,
4,321,0,0.7939391136169434,
4,322,0,0.8318496942520142,
4,323,0,0.8253003358840942,
4,324,0,0.8182056546211243,
4,325,0,0.8274427056312561,
4,326,0,0.824099600315094,
4,327,0,0.8082693815231323,
4,328,0,0.8079859614372253,
4,329,0,0.8096327781677246,
4,330,0,0.8201788067817688,
4,331,0,0.8172000646591187,
4,332,0,0.8160524368286133,
4,333,0,0.8284034132957458,
4,334,0,0.8068288564682007,
4,335,0,0.8235333561897278,
4,336,0,0.8201697468757629,
4,337,0,0.7945860624313354,
4,338,0,0.8232405781745911,
4,339,0,0.8243443965911865,
4,340,0,0.821284294128418,
4,341,0,0.8115072846412659,
4,342,0,0.8239198923110962,
4,343,0,0.8225836753845215,
4,344,0,0.8228821754455566,
4,345,0,0.8015214204788208,
4,346,0,0.8145316243171692,
4,347,0,0.8182281851768494,
4,348,0,0.8304526209831238,
4,349,0,0.817405104637146,
4,350,0,0.8046876192092896,
4,351,0,0.8187440037727356,
4,352,0,0.8216781616210938,
4,353,0,0.819219172000885,
4,354,0,0.8283204436302185,
4,355,0,0.8057740330696106,
4,356,0,0.8344775438308716,
4,357,0,0.8228380084037781,
4,358,0,0.8263400197029114,
4,359,0,0.8138025403022766,
4,360,0,0.8170230984687805,
4,361,0,0.8110228180885315,
4,362,0,0.8159099817276001,
4,363,0,0.8255167007446289,
4,364,0,0.8102935552597046,
4,365,0,0.8047562837600708,
4,366,0,0.8042400479316711,
4,367,0,0.8009843826293945,
4,368,0,0.8177580833435059,
4,369,0,0.8200434446334839,
4,370,0,0.8152555227279663,
4,371,0,0.8342151641845703,
4,372,0,0.8215909004211426,
4,373,0,0.8198220729827881,
4,374,0,0.8049414753913879,
4,375,0,0.8080915808677673,
4,376,0,0.8226984739303589,
4,377,0,0.8275130391120911,
4,378,0,0.7927330732345581,
4,379,0,0.820243239402771,
4,380,0,0.7979912161827087,
4,381,0,0.8064212799072266,
4,382,0,0.8010237812995911,
4,383,0,0.7906469106674194,
4,384,0,0.8185969591140747,
4,385,0,0.8263793587684631,
4,386,0,0.8089619278907776,
4,387,0,0.8159059286117554,
4,388,0,0.7936736345291138,
4,389,0,0.8243858814239502,
4,390,0,0.7992129325866699,
4,391,0,0.8156973123550415,
4,392,0,0.8272272944450378,
4,393,0,0.8172586560249329,
4,394,0,0.8113378286361694,
4,395,0,0.826078474521637,
4,396,0,0.8144846558570862,
4,397,0,0.8226379156112671,
4,398,0,0.8233518004417419,
4,399,0,0.8014228940010071,
4,400,0,0.8246389031410217,
4,401,0,0.80600905418396,
4,402,0,0.824047327041626,
4,403,0,0.8133924007415771,
4,404,0,0.8101912140846252,
4,405,0,0.8219173550605774,
4,406,0,0.8208171129226685,
4,407,0,0.8143202066421509,
4,408,0,0.8086262345314026,
4,409,0,0.7978878021240234,
4,410,0,0.7975223064422607,
4,411,0,0.8050308227539062,
4,412,0,0.829284131526947,
4,413,0,0.8253704309463501,
4,414,0,0.8006678819656372,
4,415,0,0.8164176344871521,
4,416,0,0.8282991647720337,
4,417,0,0.8070396184921265,
4,418,0,0.8006793856620789,
4,419,0,0.7868526577949524,
4,420,0,0.810799241065979,
4,421,0,0.8230655193328857,
4,422,0,0.8251988291740417,
4,423,0,0.8289695978164673,
4,424,0,0.7999191284179688,
4,425,0,0.827406644821167,
4,426,0,0.8192931413650513,
4,427,0,0.809775173664093,
4,428,0,0.8165754675865173,
4,429,0,0.8179037570953369,
4,430,0,0.823687732219696,
4,431,0,0.8127323985099792,
4,432,0,0.8225165605545044,
4,433,0,0.8147388696670532,
4,434,0,0.8283947110176086,
4,435,0,0.7982333302497864,
4,436,0,0.8104095458984375,
4,437,0,0.8014266490936279,
4,438,0,0.8275778293609619,
4,439,0,0.8123770356178284,
4,440,0,0.8060359358787537,
4,441,0,0.8127582669258118,
4,442,0,0.8101728558540344,
4,443,0,0.8235480785369873,
4,444,0,0.8149293661117554,
4,445,0,0.8341009020805359,
4,446,0,0.8331965804100037,
4,447,0,0.8129876852035522,
4,448,0,0.799263596534729,
4,449,0,0.8182234168052673,
4,450,0,0.8240188956260681,
4,451,0,0.8247978687286377,
4,452,0,0.8154969811439514,
4,453,0,0.8259325623512268,
4,454,0,0.8273211717605591,
4,455,0,0.8136934041976929,
4,456,0,0.8209158778190613,
4,457,0,0.821484386920929,
4,458,0,0.820483386516571,
4,459,0,0.8106382489204407,
4,460,0,0.816471517086029,
4,461,0,0.8053187131881714,
4,462,0,0.8074352145195007,
4,463,0,0.8102263808250427,
4,464,0,0.8167693614959717,
4,465,0,0.7998953461647034,
4,466,0,0.8280001878738403,
4,467,0,0.8214136362075806,
4,468,0,0.818329930305481,
4,469,0,0.8255089521408081,
4,470,0,0.8042848110198975,
4,471,0,0.8188337087631226,
4,472,0,0.808902382850647,
4,473,0,0.8141840696334839,
4,474,0,0.8209124803543091,
4,475,0,0.8222106695175171,
4,476,0,0.8172268867492676,
4,477,0,0.809011697769165,
4,478,0,0.8249390125274658,
4,479,0,0.8257923126220703,
4,480,0,0.8047783970832825,
4,481,0,0.8230748772621155,
4,482,0,0.797049880027771,
4,483,0,0.821977972984314,
4,484,0,0.8422680497169495,
4,485,0,0.8201562762260437,
4,486,0,0.7971518039703369,
4,487,0,0.8292148113250732,
4,488,0,0.7992827892303467,
4,489,0,0.812321126461029,
4,490,0,0.8152744770050049,
4,491,0,0.8019053936004639,
4,492,0,0.819998562335968,
4,493,0,0.8246778249740601,
4,494,0,0.8162088394165039,
4,495,0,0.8154548406600952,
4,496,0,0.8304450511932373,
4,497,0,0.8211018443107605,
4,498,0,0.8186435699462891,
4,499,0,0.7856912016868591,
4,500,0,0.7879871129989624,
4,501,0,0.8070169687271118,
4,502,0,0.8062978386878967,
4,503,0,0.8112927675247192,
4,504,0,0.8044095635414124,
4,505,0,0.809525191783905,
4,506,0,0.8140432834625244,
4,507,0,0.804373025894165,
4,508,0,0.8200954794883728,
4,509,0,0.8113206624984741,
4,510,0,0.8076435327529907,
4,511,0,0.8294249176979065,
4,512,0,0.8165559768676758,
4,513,0,0.8241493701934814,
4,514,0,0.8212973475456238,
4,515,0,0.8026515245437622,
4,516,0,0.8106302618980408,
4,517,0,0.8048514127731323,
4,518,0,0.8098544478416443,
4,519,0,0.8120515942573547,
4,520,0,0.7984758615493774,
4,521,0,0.7989247441291809,
4,522,0,0.824170708656311,
4,523,0,0.8264740705490112,
4,524,0,0.8081157803535461,
4,525,0,0.8170639276504517,
4,526,0,0.8145886659622192,
4,527,0,0.8106324672698975,
4,528,0,0.8179589509963989,
4,529,0,0.8275600671768188,
4,530,0,0.8131786584854126,
4,531,0,0.8027515411376953,
4,532,0,0.8130598068237305,
4,533,0,0.8301056623458862,
4,534,0,0.8189346790313721,
4,535,0,0.8039696216583252,
4,536,0,0.8140864372253418,
4,537,0,0.8192689418792725,
4,538,0,0.7826624512672424,
4,539,0,0.7977647185325623,
4,540,0,0.8285540342330933,
4,541,0,0.8263900876045227,
4,542,0,0.8190073370933533,
4,543,0,0.792786180973053,
4,544,0,0.7946863770484924,
4,545,0,0.7949019074440002,
4,546,0,0.8168871402740479,
4,547,0,0.8118797540664673,
4,548,0,0.8221225738525391,
4,549,0,0.8195939064025879,
4,550,0,0.8042131662368774,
4,551,0,0.8097993731498718,
4,552,0,0.8042358160018921,
4,553,0,0.8150776028633118,
4,554,0,0.8136902451515198,
4,555,0,0.8061404228210449,
4,556,0,0.8289244771003723,
4,557,0,0.8187620043754578,
4,558,0,0.8127393126487732,
4,559,0,0.7924325466156006,
4,560,0,0.815038800239563,
4,561,0,0.8048911690711975,
4,562,0,0.8180477619171143,
4,563,0,0.8269436359405518,
4,564,0,0.8265314102172852,
4,565,0,0.796145498752594,
4,566,0,0.8257762789726257,
4,567,0,0.8188677430152893,
4,568,0,0.8044480681419373,
4,569,0,0.8145098090171814,
4,570,0,0.8031867146492004,
4,571,0,0.8030122518539429,
4,572,0,0.8257061839103699,
4,573,0,0.8330182433128357,
4,574,0,0.8182631731033325,
4,575,0,0.7887290716171265,
4,576,0,0.790373682975769,
4,577,0,0.7879015207290649,
4,578,0,0.8094325065612793,
4,579,0,0.8164388537406921,
4,580,0,0.8183946013450623,
4,581,0,0.8241149187088013,
4,582,0,0.8082396984100342,
4,583,0,0.8185350894927979,
4,584,0,0.8199508190155029,
4,585,0,0.8091439008712769,
4,586,0,0.7915934324264526,
4,587,0,0.8243750333786011,
4,588,0,0.813077449798584,
4,589,0,0.8012147545814514,
4,590,0,0.813494861125946,
4,591,0,0.7937200665473938,
4,592,0,0.8230015635490417,
4,593,0,0.7924025058746338,
4,594,0,0.7998084425926208,
4,595,0,0.8273812532424927,
4,596,0,0.8173012733459473,
4,597,0,0.8207279443740845,
4,598,0,0.8003783822059631,
4,599,0,0.8295767307281494,
4,600,0,0.8252795934677124,
4,601,0,0.7929846048355103,
4,602,0,0.796582818031311,
4,603,0,0.8312251567840576,
4,604,0,0.7963458299636841,
4,val,,,0.8162742408116659
5,0,0,0.8106205463409424,
5,1,0,0.831325352191925,
5,2,0,0.7974597811698914,
5,3,0,0.8222105503082275,
5,4,0,0.8182809352874756,
5,5,0,0.8153183460235596,
5,6,0,0.8232835531234741,
5,7,0,0.8114238977432251,
5,8,0,0.818130373954773,
5,9,0,0.8179726004600525,
5,10,0,0.7956958413124084,
5,11,0,0.8239774703979492,
5,12,0,0.7915398478507996,
5,13,0,0.8220627903938293,
5,14,0,0.8358641862869263,
5,15,0,0.8270605802536011,
5,16,0,0.8210387229919434,
5,17,0,0.8157051205635071,
5,18,0,0.8225465416908264,
5,19,0,0.8080280423164368,
5,20,0,0.8184135556221008,
5,21,0,0.8280028700828552,
5,22,0,0.8161468505859375,
5,23,0,0.8078319430351257,
5,24,0,0.8194831609725952,
5,25,0,0.8084732294082642,
5,26,0,0.8243381381034851,
5,27,0,0.8117989301681519,
5,28,0,0.8256850242614746,
5,29,0,0.8332634568214417,
5,30,0,0.8169823884963989,
5,31,0,0.8194507360458374,
5,32,0,0.8187193274497986,
5,33,0,0.8117902278900146,
5,34,0,0.811586856842041,
5,35,0,0.8137509226799011,
5,36,0,0.8013308048248291,
5,37,0,0.8052703142166138,
5,38,0,0.8196499347686768,
5,39,0,0.803413987159729,
5,40,0,0.8082686066627502,
5,41,0,0.815322756767273,
5,42,0,0.8141608834266663,
5,43,0,0.8249644041061401,
5,44,0,0.8101317882537842,
5,45,0,0.80832439661026,
5,46,0,0.8146495223045349,
5,47,0,0.8001060485839844,
5,48,0,0.8231074810028076,
5,49,0,0.8103818297386169,
5,50,0,0.8281832933425903,
5,51,0,0.8256583213806152,
5,52,0,0.8229089975357056,
5,53,0,0.8248791098594666,
5,54,0,0.8051712512969971,
5,55,0,0.8233375549316406,
5,56,0,0.7798470258712769,
5,57,0,0.8201349973678589,
5,58,0,0.8133594989776611,
5,59,0,0.8256078958511353,
5,60,0,0.8248276114463806,
5,61,0,0.8282141089439392,
5,62,0,0.8024234771728516,
5,63,0,0.8164507150650024,
5,64,0,0.8126101493835449,
5,65,0,0.8206130266189575,
5,66,0,0.8002006411552429,
5,67,0,0.8085949420928955,
5,68,0,0.8314529657363892,
5,69,0,0.8284821510314941,
5,70,0,0.7865568995475769,
5,71,0,0.8115646243095398,
5,72,0,0.8117528557777405,
5,73,0,0.8070653676986694,
5,74,0,0.8150120377540588,
5,75,0,0.8079178333282471,
5,76,0,0.8044139742851257,
5,77,0,0.8143903017044067,
5,78,0,0.8141036629676819,
5,79,0,0.7959091663360596,
5,80,0,0.8128881454467773,
5,81,0,0.8014341592788696,
5,82,0,0.8201998472213745,
5,83,0,0.8211464285850525,
5,84,0,0.8180542588233948,
5,85,0,0.821235179901123,
5,86,0,0.8148167133331299,
5,87,0,0.8214492201805115,
5,88,0,0.8179389238357544,
5,89,0,0.8147419095039368,
5,90,0,0.8179642558097839,
5,91,0,0.8019353151321411,
5,92,0,0.822963297367096,
5,93,0,0.8313413858413696,
5,94,0,0.8001168370246887,
5,95,0,0.7918796539306641,
5,96,0,0.8233518004417419,
5,97,0,0.794310450553894,
5,98,0,0.8160025477409363,
5,99,0,0.8263517618179321,
5,100,0,0.8209808468818665,
5,101,0,0.8268685340881348,
5,102,0,0.7970808148384094,
5,103,0,0.8132526874542236,
5,104,0,0.8098640441894531,
5,105,0,0.8162862658500671,
5,106,0,0.7991619110107422,
5,107,0,0.8152719736099243,
5,108,0,0.8160351514816284,
5,109,0,0.8083814978599548,
5,110,0,0.8174117803573608,
5,111,0,0.8197465538978577,
5,112,0,0.8060861825942993,
5,113,0,0.819875180721283,
5,114,0,0.8125566840171814,
5,115,0,0.7863752841949463,
5,116,0,0.7934647798538208,
5,117,0,0.7978587746620178,
5,118,0,0.825661838054657,
5,119,0,0.8019863367080688,
5,120,0,0.8165079355239868,
5,121,0,0.8220566511154175,
5,122,0,0.7936359643936157,
5,123,0,0.7964333295822144,
5,124,0,0.8018983006477356,
5,125,0,0.7991195917129517,
5,126,0,0.8212454319000244,
5,127,0,0.7953404188156128,
5,128,0,0.8109852075576782,
5,129,0,0.7894623279571533,
5,130,0,0.8239884376525879,
5,131,0,0.8337903022766113,
5,132,0,0.8039029836654663,
5,133,0,0.8201308250427246,
5,134,0,0.8054636716842651,
5,135,0,0.8188965320587158,
5,136,0,0.8234120607376099,
5,137,0,0.8004134893417358,
5,138,0,0.8248804807662964,
5,139,0,0.8106731176376343,
5,140,0,0.8219153881072998,
5,141,0,0.8191227316856384,
5,142,0,0.7889836430549622,
5,143,0,0.8065413236618042,
5,144,0,0.8097562789916992,
5,145,0,0.7906395196914673,
5,146,0,0.8255713582038879,
5,147,0,0.8357561826705933,
5,148,0,0.8117942810058594,
5,149,0,0.7883028388023376,
5,150,0,0.8244604468345642,
5,151,0,0.8014582991600037,
5,152,0,0.8203225135803223,
5,153,0,0.801091730594635,
5,154,0,0.8246170282363892,
5,155,0,0.827798068523407,
5,156,0,0.8097943663597107,
5,157,0,0.8216477632522583,
5,158,0,0.8031728863716125,
5,159,0,0.8005703687667847,
5,160,0,0.8010515570640564,
5,161,0,0.8084039092063904,
5,162,0,0.8105554580688477,
5,163,0,0.8243045210838318,
5,164,0,0.812656819820404,
5,165,0,0.802127480506897,
5,166,0,0.817831814289093,
5,167,0,0.8194631338119507,
5,168,0,0.8059419393539429,
5,169,0,0.7924673557281494,
5,170,0,0.7954321503639221,
5,171,0,0.8133453130722046,
5,172,0,0.8303073644638062,
5,173,0,0.7997214794158936,
5,174,0,0.7869873046875,
5,175,0,0.8158648014068604,
5,176,0,0.8301112651824951,
5,177,0,0.8272685408592224,
5,178,0,0.8185262680053711,
5,179,0,0.8155800104141235,
5,180,0,0.8237459659576416,
5,181,0,0.8133580088615417,
5,182,0,0.810204029083252,
5,183,0,0.7985262870788574,
5,184,0,0.8229192495346069,
5,185,0,0.8200851678848267,
5,186,0,0.8213335871696472,
5,187,0,0.8256150484085083,
5,188,0,0.817240834236145,
5,189,0,0.8226284384727478,
5,190,0,0.797148585319519,
5,191,0,0.7978305220603943,
5,192,0,0.8116779923439026,
5,193,0,0.8156377673149109,
5,194,0,0.8099885582923889,
5,195,0,0.8104638457298279,
5,196,0,0.7882528901100159,
5,197,0,0.7839579582214355,
5,198,0,0.8035488128662109,
5,199,0,0.8217542171478271,
5,200,0,0.8099485635757446,
5,201,0,0.8089747428894043,
5,202,0,0.82412189245224,
5,203,0,0.827048659324646,
5,204,0,0.821377158164978,
5,205,0,0.8291268348693848,
5,206,0,0.7923238277435303,
5,207,0,0.8017005324363708,
5,208,0,0.8200554251670837,
5,209,0,0.8083269596099854,
5,210,0,0.8280341625213623,
5,211,0,0.8071730136871338,
5,212,0,0.8162001967430115,
5,213,0,0.7995296716690063,
5,214,0,0.8227788805961609,
5,215,0,0.7991259098052979,
5,216,0,0.8257451057434082,
5,217,0,0.8174818754196167,
5,218,0,0.8057154417037964,
5,219,0,0.7945629358291626,
5,220,0,0.79237300157547,
5,221,0,0.8358674645423889,
5,222,0,0.7938963770866394,
5,223,0,0.7926289439201355,
5,224,0,0.8290969133377075,
5,225,0,0.7839599847793579,
5,226,0,0.8104315996170044,
5,227,0,0.8189206719398499,
5,228,0,0.8260270953178406,
5,229,0,0.8239156007766724,
5,230,0,0.8063409328460693,
5,231,0,0.7909688353538513,
5,232,0,0.8085036277770996,
5,233,0,0.8253451585769653,
5,234,0,0.808212399482727,
5,235,0,0.8017594814300537,
5,236,0,0.7821379899978638,
5,237,0,0.812009871006012,
5,238,0,0.8261191248893738,
5,239,0,0.8287618160247803,
5,240,0,0.8030281662940979,
5,241,0,0.827343761920929,
5,242,0,0.8093980550765991,
5,243,0,0.8109938502311707,
5,244,0,0.7992169857025146,
5,245,0,0.819557249546051,
5,246,0,0.8171751499176025,
5,247,0,0.8196566104888916,
5,248,0,0.8172253370285034,
5,249,0,0.8139164447784424,
5,250,0,0.8213305473327637,
5,251,0,0.8336884379386902,
5,252,0,0.8198621869087219,
5,253,0,0.7801132202148438,
5,254,0,0.7800585031509399,
5,255,0,0.8238154649734497,
5,256,0,0.8193081021308899,
5,257,0,0.8217881321907043,
5,258,0,0.8193122148513794,
5,259,0,0.8277599811553955,
5,260,0,0.7913416028022766,
5,261,0,0.7906632423400879,
5,262,0,0.7799376249313354,
5,263,0,0.8240122199058533,
5,264,0,0.7963657379150391,
5,265,0,0.7838813662528992,
5,266,0,0.7937105298042297,
5,267,0,0.8109452128410339,
5,268,0,0.8226726651191711,
5,269,0,0.8079102635383606,
5,270,0,0.8162720799446106,
5,271,0,0.802718997001648,
5,272,0,0.8202109336853027,
5,273,0,0.8271956443786621,
5,274,0,0.8222200870513916,
5,275,0,0.7786191701889038,
5,276,0,0.8185126185417175,
5,277,0,0.8125728964805603,
5,278,0,0.7854987978935242,
5,279,0,0.8123900294303894,
5,280,0,0.8181479573249817,
5,281,0,0.7958309054374695,
5,282,0,0.8172709941864014,
5,283,0,0.813127338886261,
5,284,0,0.8039978742599487,
5,285,0,0.8143500685691833,
5,286,0,0.8240041732788086,
5,287,0,0.8070996999740601,
5,288,0,0.8192972540855408,
5,289,0,0.7918943166732788,
5,290,0,0.8212835788726807,
5,291,0,0.8220075368881226,
5,292,0,0.8110887408256531,
5,293,0,0.7810167074203491,
5,294,0,0.821587324142456,
5,295,0,0.7823103666305542,
5,296,0,0.7929078936576843,
5,297,0,0.8227078914642334,
5,298,0,0.8046939969062805,
5,299,0,0.8144956827163696,
5,300,0,0.7995964884757996,
5,301,0,0.8181474804878235,
5,302,0,0.8411960601806641,
5,303,0,0.8142449855804443,
5,304,0,0.8059038519859314,
5,305,0,0.8203869462013245,
5,306,0,0.7834873199462891,
5,307,0,0.793124794960022,
5,308,0,0.8132143020629883,
5,309,0,0.7970445156097412,
5,310,0,0.7928816080093384,
5,311,0,0.7928071022033691,
5,312,0,0.8172475695610046,
5,313,0,0.8134489059448242,
5,314,0,0.808821439743042,
5,315,0,0.8127123713493347,
5,316,0,0.8120856285095215,
5,317,0,0.8219596147537231,
5,318,0,0.8216979503631592,
5,319,0,0.8254957795143127,
5,320,0,0.7815516591072083,
5,321,0,0.7811753749847412,
5,322,0,0.8288866281509399,
5,323,0,0.8236477971076965,
5,324,0,0.8127588033676147,
5,325,0,0.8274854421615601,
5,326,0,0.824350118637085,
5,327,0,0.7936363220214844,
5,328,0,0.7827321887016296,
5,329,0,0.7924129366874695,
5,330,0,0.8092089891433716,
5,331,0,0.8046013712882996,
5,332,0,0.8145996332168579,
5,333,0,0.8158698678016663,
5,334,0,0.7960290908813477,
5,335,0,0.8187535405158997,
5,336,0,0.8162504434585571,
5,337,0,0.7755263447761536,
5,338,0,0.8193652629852295,
5,339,0,0.8210380673408508,
5,340,0,0.8119956254959106,
5,341,0,0.7981694936752319,
5,342,0,0.8191167116165161,
5,343,0,0.822149395942688,
5,344,0,0.8186078667640686,
5,345,0,0.7823601961135864,
5,346,0,0.8063946962356567,
5,347,0,0.817776083946228,
5,348,0,0.8352038264274597,
5,349,0,0.81263267993927,
5,350,0,0.792192816734314,
5,351,0,0.8142287731170654,
5,352,0,0.8168312311172485,
5,353,0,0.8135472536087036,
5,354,0,0.8296918869018555,
5,355,0,0.7979500889778137,
5,356,0,0.8357677459716797,
5,357,0,0.8222146034240723,
5,358,0,0.8228115439414978,
5,359,0,0.8127063512802124,
5,360,0,0.8093042373657227,
5,361,0,0.8011232018470764,
5,362,0,0.8051281571388245,
5,363,0,0.8222054243087769,
5,364,0,0.8006605505943298,
5,365,0,0.7856295108795166,
5,366,0,0.7855309844017029,
5,367,0,0.7847477793693542,
5,368,0,0.8141252994537354,
5,369,0,0.8189857006072998,
5,370,0,0.8060241937637329,
5,371,0,0.8346527814865112,
5,372,0,0.818543016910553,
5,373,0,0.8166084289550781,
5,374,0,0.7950890064239502,
5,375,0,0.7933628559112549,
5,376,0,0.8234444260597229,
5,377,0,0.8295854926109314,
5,378,0,0.7735394835472107,
5,379,0,0.8176511526107788,
5,380,0,0.7771907448768616,
5,381,0,0.787524938583374,
5,382,0,0.7878990769386292,
5,383,0,0.7717831134796143,
5,384,0,0.8175285458564758,
5,385,0,0.819446325302124,
5,386,0,0.8011394143104553,
5,387,0,0.8114311695098877,
5,388,0,0.7757678031921387,
5,389,0,0.8264275193214417,
5,390,0,0.7807953357696533,
5,391,0,0.8080857992172241,
5,392,0,0.8272766470909119,
5,393,0,0.8109356164932251,
5,394,0,0.7971764206886292,
5,395,0,0.8204452395439148,
5,396,0,0.8127598762512207,
5,397,0,0.8189828395843506,
5,398,0,0.824301540851593,
5,399,0,0.7880067825317383,
5,400,0,0.8216778039932251,
5,401,0,0.79062420129776,
5,402,0,0.8140602111816406,
5,403,0,0.8054153323173523,
5,404,0,0.7992903590202332,
5,405,0,0.8224895596504211,
5,406,0,0.8118097186088562,
5,407,0,0.8043071627616882,
5,408,0,0.7995830774307251,
5,409,0,0.7803149223327637,
5,410,0,0.7830350399017334,
5,411,0,0.783033549785614,
5,412,0,0.8299610018730164,
5,413,0,0.8183231353759766,
5,414,0,0.785163164138794,
5,415,0,0.8088991641998291,
5,416,0,0.8272160291671753,
5,417,0,0.7938055396080017,
5,418,0,0.7819733023643494,
5,419,0,0.7685233950614929,
5,420,0,0.8039533495903015,
5,421,0,0.8206161856651306,
5,422,0,0.8239893913269043,
5,423,0,0.8271493315696716,
5,424,0,0.7867447137832642,
5,425,0,0.8299100995063782,
5,426,0,0.8146787881851196,
5,427,0,0.7992426156997681,
5,428,0,0.8030266165733337,
5,429,0,0.8136177062988281,
5,430,0,0.8202111721038818,
5,431,0,0.7971682548522949,
5,432,0,0.8175095915794373,
5,433,0,0.8036542534828186,
5,434,0,0.8266465067863464,
5,435,0,0.7806311845779419,
5,436,0,0.7998154163360596,
5,437,0,0.7895355224609375,
5,438,0,0.8263517618179321,
5,439,0,0.8039203882217407,
5,440,0,0.7894664406776428,
5,441,0,0.8050491809844971,
5,442,0,0.8007821440696716,
5,443,0,0.8174280524253845,
5,444,0,0.8097256422042847,
5,445,0,0.8345861434936523,
5,446,0,0.8265129327774048,
5,447,0,0.8034960031509399,
5,448,0,0.7917004823684692,
5,449,0,0.805033266544342,
5,450,0,0.8212680220603943,
5,451,0,0.8266974091529846,
5,452,0,0.8025772571563721,
5,453,0,0.8285224437713623,
5,454,0,0.8254901170730591,
5,455,0,0.806864857673645,
5,456,0,0.818026065826416,
5,457,0,0.8176753520965576,
5,458,0,0.812694787979126,
5,459,0,0.8003543615341187,
5,460,0,0.808955729007721,
5,461,0,0.7934791445732117,
5,462,0,0.7985273599624634,
5,463,0,0.7983448505401611,
5,464,0,0.8037554621696472,
5,465,0,0.7886918783187866,
5,466,0,0.8281587958335876,
5,467,0,0.8123816251754761,
5,468,0,0.8156592845916748,
5,469,0,0.8241829872131348,
5,470,0,0.7904409766197205,
5,471,0,0.8150976896286011,
5,472,0,0.7882634401321411,
5,473,0,0.8064781427383423,
5,474,0,0.8177698254585266,
5,475,0,0.8186927437782288,
5,476,0,0.811859130859375,
5,477,0,0.7942695617675781,
5,478,0,0.82296222448349,
5,479,0,0.8230525255203247,
5,480,0,0.783351719379425,
5,481,0,0.8175820708274841,
5,482,0,0.7825905084609985,
5,483,0,0.8208814263343811,
5,484,0,0.8422670960426331,
5,485,0,0.8157569766044617,
5,486,0,0.7792763710021973,
5,487,0,0.8263218402862549,
5,488,0,0.7854877710342407,
5,489,0,0.7991406917572021,
5,490,0,0.8058642745018005,
5,491,0,0.7839149236679077,
5,492,0,0.8158619403839111,
5,493,0,0.8259641528129578,
5,494,0,0.8134018778800964,
5,495,0,0.8008358478546143,
5,496,0,0.8300129175186157,
5,497,0,0.8163639903068542,
5,498,0,0.8125276565551758,
5,499,0,0.7665380239486694,
5,500,0,0.7703893184661865,
5,501,0,0.7940441370010376,
5,502,0,0.7868149876594543,
5,503,0,0.8014673590660095,
5,504,0,0.7975003719329834,
5,505,0,0.8014195561408997,
5,506,0,0.8056660890579224,
5,507,0,0.7926651239395142,
5,508,0,0.8188517689704895,
5,509,0,0.8034678101539612,
5,510,0,0.8053639531135559,
5,511,0,0.827272355556488,
5,512,0,0.8070732951164246,
5,513,0,0.8223646879196167,
5,514,0,0.8176635503768921,
5,515,0,0.7770561575889587,
5,516,0,0.799757182598114,
5,517,0,0.7951374053955078,
5,518,0,0.8081079125404358,
5,519,0,0.8046828508377075,
5,520,0,0.7894315719604492,
5,521,0,0.7855459451675415,
5,522,0,0.8198100924491882,
5,523,0,0.8263891935348511,
5,524,0,0.799267053604126,
5,525,0,0.8091994524002075,
5,526,0,0.8103765249252319,
5,527,0,0.8010454177856445,
5,528,0,0.8153588771820068,
5,529,0,0.8255403637886047,
5,530,0,0.8056901693344116,
5,531,0,0.7874720096588135,
5,532,0,0.803607702255249,
5,533,0,0.8295493125915527,
5,534,0,0.8167527318000793,
5,535,0,0.7950883507728577,
5,536,0,0.8088451027870178,
5,537,0,0.8130984902381897,
5,538,0,0.7579581141471863,
5,539,0,0.7798699140548706,
5,540,0,0.8265596032142639,
5,541,0,0.8207754492759705,
5,542,0,0.8082491159439087,
5,543,0,0.7746230363845825,
5,544,0,0.781829833984375,
5,545,0,0.7798434495925903,
5,546,0,0.8146451711654663,
5,547,0,0.8047772645950317,
5,548,0,0.8151292204856873,
5,549,0,0.8139971494674683,
5,550,0,0.7991792559623718,
5,551,0,0.8029465675354004,
5,552,0,0.7880414724349976,
5,553,0,0.8089249730110168,
5,554,0,0.8023874163627625,
5,555,0,0.7889180183410645,
5,556,0,0.8202589750289917,
5,557,0,0.8110546469688416,
5,558,0,0.8051546216011047,
5,559,0,0.7684010863304138,
5,560,0,0.8096219897270203,
5,561,0,0.7975574135780334,
5,562,0,0.8129240274429321,
5,563,0,0.8298393487930298,
5,564,0,0.8141910433769226,
5,565,0,0.7822468876838684,
5,566,0,0.8255064487457275,
5,567,0,0.8072649240493774,
5,568,0,0.7878012657165527,
5,569,0,0.8103473782539368,
5,570,0,0.7900903820991516,
5,571,0,0.7956402897834778,
5,572,0,0.8256958723068237,
5,573,0,0.8337047696113586,
5,574,0,0.8189050555229187,
5,575,0,0.7727288007736206,
5,576,0,0.765853226184845,
5,577,0,0.7712893486022949,
5,578,0,0.8076353669166565,
5,579,0,0.8133230805397034,
5,580,0,0.8080514073371887,
5,581,0,0.8223243355751038,
5,582,0,0.7984936833381653,
5,583,0,0.8060303926467896,
5,584,0,0.8143001198768616,
5,585,0,0.8042736053466797,
5,586,0,0.7772014737129211,
5,587,0,0.826694905757904,
5,588,0,0.8066999912261963,
5,589,0,0.786386251449585,
5,590,0,0.812037467956543,
5,591,0,0.7814761400222778,
5,592,0,0.8191553950309753,
5,593,0,0.7814971804618835,
5,594,0,0.7842257022857666,
5,595,0,0.8245260715484619,
5,596,0,0.8176059722900391,
5,597,0,0.8178334832191467,
5,598,0,0.7749955654144287,
5,599,0,0.8261870741844177,
5,600,0,0.8198481202125549,
5,601,0,0.775317907333374,
5,602,0,0.7809680700302124,
5,603,0,0.8308960795402527,
5,604,0,0.7782763242721558,
5,val,,,0.8116951680183411
6,0,0,0.8009030818939209,
6,1,0,0.8278000354766846,
6,2,0,0.7888315320014954,
6,3,0,0.8206114768981934,
6,4,0,0.8151938915252686,
6,5,0,0.8145091533660889,
6,6,0,0.8218743205070496,
6,7,0,0.8015193343162537,
6,8,0,0.8160935044288635,
6,9,0,0.8169769048690796,
6,10,0,0.7913709878921509,
6,11,0,0.8268559575080872,
6,12,0,0.7764015197753906,
6,13,0,0.8169161081314087,
6,14,0,0.825793445110321,
6,15,0,0.8212707042694092,
6,16,0,0.8152017593383789,
6,17,0,0.809695303440094,
6,18,0,0.8198456168174744,
6,19,0,0.8005849719047546,
6,20,0,0.8152087330818176,
6,21,0,0.8249713182449341,
6,22,0,0.8084211945533752,
6,23,0,0.8043351173400879,
6,24,0,0.8185224533081055,
6,25,0,0.8035337924957275,
6,26,0,0.821323573589325,
6,27,0,0.8105193376541138,
6,28,0,0.8209620118141174,
6,29,0,0.8353564143180847,
6,30,0,0.8101933598518372,
6,31,0,0.8111040592193604,
6,32,0,0.8139567971229553,
6,33,0,0.804275393486023,
6,34,0,0.7983599901199341,
6,35,0,0.8138300180435181,
6,36,0,0.7870941162109375,
6,37,0,0.7995170950889587,
6,38,0,0.8189991116523743,
6,39,0,0.791585385799408,
6,40,0,0.7969375848770142,
6,41,0,0.806280791759491,
6,42,0,0.8027414083480835,
6,43,0,0.8263509273529053,
6,44,0,0.7976957559585571,
6,45,0,0.8044261336326599,
6,46,0,0.8095980882644653,
6,47,0,0.779160737991333,
6,48,0,0.8197813034057617,
6,49,0,0.7975820899009705,
6,50,0,0.8281784057617188,
6,51,0,0.8233689665794373,
6,52,0,0.8299885988235474,
6,53,0,0.8185775279998779,
6,54,0,0.7854654788970947,
6,55,0,0.8229767680168152,
6,56,0,0.7640918493270874,
6,57,0,0.8207926154136658,
6,58,0,0.8079991340637207,
6,59,0,0.8241722583770752,
6,60,0,0.8231995105743408,
6,61,0,0.8254974484443665,
6,62,0,0.7895351648330688,
6,63,0,0.8083294630050659,
6,64,0,0.8024805188179016,
6,65,0,0.8183763027191162,
6,66,0,0.786453902721405,
6,67,0,0.7987185120582581,
6,68,0,0.8261823058128357,
6,69,0,0.828255295753479,
6,70,0,0.7640888690948486,
6,71,0,0.8073779344558716,
6,72,0,0.805310845375061,
6,73,0,0.796124279499054,
6,74,0,0.810832679271698,
6,75,0,0.8000215888023376,
6,76,0,0.7960402965545654,
6,77,0,0.8155012726783752,
6,78,0,0.807978630065918,
6,79,0,0.7793564200401306,
6,80,0,0.8066423535346985,
6,81,0,0.7911981344223022,
6,82,0,0.8151861429214478,
6,83,0,0.8125616312026978,
6,84,0,0.8172947764396667,
6,85,0,0.8187390565872192,
6,86,0,0.8018037676811218,
6,87,0,0.8208720088005066,
6,88,0,0.8123677968978882,
6,89,0,0.8111005425453186,
6,90,0,0.8158146142959595,
6,91,0,0.7861736416816711,
6,92,0,0.8205091953277588,
6,93,0,0.833876371383667,
6,94,0,0.7886711955070496,
6,95,0,0.7794629335403442,
6,96,0,0.8187384605407715,
6,97,0,0.7760908007621765,
6,98,0,0.8166058659553528,
6,99,0,0.830156683921814,
6,100,0,0.8144198060035706,
6,101,0,0.8200660943984985,
6,102,0,0.7878670692443848,
6,103,0,0.8112833499908447,
6,104,0,0.8026217222213745,
6,105,0,0.803652822971344,
6,106,0,0.7815335392951965,
6,107,0,0.8012504577636719,
6,108,0,0.810180127620697,
6,109,0,0.8018898963928223,
6,110,0,0.8147342205047607,
6,111,0,0.8184643387794495,
6,112,0,0.7922965884208679,
6,113,0,0.8151217103004456,
6,114,0,0.8021254539489746,
6,115,0,0.7716799974441528,
6,116,0,0.78383469581604,
6,117,0,0.7797538042068481,
6,118,0,0.824376106262207,
6,119,0,0.7910234332084656,
6,120,0,0.812332808971405,
6,121,0,0.8235077261924744,
6,122,0,0.7880321741104126,
6,123,0,0.782987117767334,
6,124,0,0.7879999876022339,
6,125,0,0.7851166129112244,
6,126,0,0.819387674331665,
6,127,0,0.7879716753959656,
6,128,0,0.8051779270172119,
6,129,0,0.7784163951873779,
6,130,0,0.8212518692016602,
6,131,0,0.8337485790252686,
6,132,0,0.7930632829666138,
6,133,0,0.818275511264801,
6,134,0,0.79888516664505,
6,135,0,0.8091812133789062,
6,136,0,0.8268375992774963,
6,137,0,0.785697340965271,
6,138,0,0.8197548389434814,
6,139,0,0.8012977838516235,
6,140,0,0.819455087184906,
6,141,0,0.8130464553833008,
6,142,0,0.7780272960662842,
6,143,0,0.7944293022155762,
6,144,0,0.7981100082397461,
6,145,0,0.777447521686554,
6,146,0,0.8244013786315918,
6,147,0,0.8400667905807495,
6,148,0,0.8049147725105286,
6,149,0,0.773180365562439,
6,150,0,0.8232011198997498,
6,151,0,0.793298602104187,
6,152,0,0.817659318447113,
6,153,0,0.7936528921127319,
6,154,0,0.8240736722946167,
6,155,0,0.8303859233856201,
6,156,0,0.8001967668533325,
6,157,0,0.8201546669006348,
6,158,0,0.7953944802284241,
6,159,0,0.7927784323692322,
6,160,0,0.7939667701721191,
6,161,0,0.8045649528503418,
6,162,0,0.8076194524765015,
6,163,0,0.8235365748405457,
6,164,0,0.8048898577690125,
6,165,0,0.7898973226547241,
6,166,0,0.8008993268013,
6,167,0,0.8180719017982483,
6,168,0,0.7863396406173706,
6,169,0,0.7765240669250488,
6,170,0,0.7857269048690796,
6,171,0,0.806787371635437,
6,172,0,0.8306685090065002,
6,173,0,0.7827820181846619,
6,174,0,0.7753224968910217,
6,175,0,0.8058000206947327,
6,176,0,0.8260303139686584,
6,177,0,0.8286724090576172,
6,178,0,0.8154377341270447,
6,179,0,0.8086763024330139,
6,180,0,0.8212392330169678,
6,181,0,0.8066806793212891,
6,182,0,0.8051038980484009,
6,183,0,0.7851070761680603,
6,184,0,0.8215661644935608,
6,185,0,0.8126634359359741,
6,186,0,0.8178604245185852,
6,187,0,0.8219674229621887,
6,188,0,0.8115125298500061,
6,189,0,0.8207783102989197,
6,190,0,0.7823521494865417,
6,191,0,0.790092945098877,
6,192,0,0.8028177618980408,
6,193,0,0.8147584795951843,
6,194,0,0.8059536218643188,
6,195,0,0.8094878792762756,
6,196,0,0.774971604347229,
6,197,0,0.7594126462936401,
6,198,0,0.792479395866394,
6,199,0,0.822583794593811,
6,200,0,0.8093438148498535,
6,201,0,0.8033257722854614,
6,202,0,0.8257015943527222,
6,203,0,0.823284387588501,
6,204,0,0.821129560470581,
6,205,0,0.8265907168388367,
6,206,0,0.7797027230262756,
6,207,0,0.7940883040428162,
6,208,0,0.8175417184829712,
6,209,0,0.7985111474990845,
6,210,0,0.8280951976776123,
6,211,0,0.7964485883712769,
6,212,0,0.8087069392204285,
6,213,0,0.7870506644248962,
6,214,0,0.8168359994888306,
6,215,0,0.7930473685264587,
6,216,0,0.8233111500740051,
6,217,0,0.8140178918838501,
6,218,0,0.8029303550720215,
6,219,0,0.78339684009552,
6,220,0,0.7715100646018982,
6,221,0,0.8331694006919861,
6,222,0,0.786237359046936,
6,223,0,0.777747392654419,
6,224,0,0.8279849290847778,
6,225,0,0.756197452545166,
6,226,0,0.8033245801925659,
6,227,0,0.8143435716629028,
6,228,0,0.8177845478057861,
6,229,0,0.8214859962463379,
6,230,0,0.7993785738945007,
6,231,0,0.777896523475647,
6,232,0,0.8029676675796509,
6,233,0,0.821347177028656,
6,234,0,0.7984427213668823,
6,235,0,0.7961377501487732,
6,236,0,0.7714859843254089,
6,237,0,0.7994803190231323,
6,238,0,0.8255825042724609,
6,239,0,0.8302245140075684,
6,240,0,0.7951522469520569,
6,241,0,0.8235687017440796,
6,242,0,0.801797091960907,
6,243,0,0.8023685216903687,
6,244,0,0.7850009202957153,
6,245,0,0.811663031578064,
6,246,0,0.8145440816879272,
6,247,0,0.8149690628051758,
6,248,0,0.8140425682067871,
6,249,0,0.8045188188552856,
6,250,0,0.8162709474563599,
6,251,0,0.8347613215446472,
6,252,0,0.820772647857666,
6,253,0,0.7693217992782593,
6,254,0,0.761601984500885,
6,255,0,0.821485161781311,
6,256,0,0.8171151876449585,
6,257,0,0.8208787441253662,
6,258,0,0.8157890439033508,
6,259,0,0.8279576301574707,
6,260,0,0.7795093059539795,
6,261,0,0.77553790807724,
6,262,0,0.7624286413192749,
6,263,0,0.8201625943183899,
6,264,0,0.7927219271659851,
6,265,0,0.769927442073822,
6,266,0,0.780336856842041,
6,267,0,0.8106338977813721,
6,268,0,0.8192864060401917,
6,269,0,0.806222140789032,
6,270,0,0.8105303049087524,
6,271,0,0.7876591682434082,
6,272,0,0.8170629739761353,
6,273,0,0.825387716293335,
6,274,0,0.8179166913032532,
6,275,0,0.7665640115737915,
6,276,0,0.8134642839431763,
6,277,0,0.808066725730896,
6,278,0,0.7708597183227539,
6,279,0,0.8039037585258484,
6,280,0,0.8185386657714844,
6,281,0,0.7824214696884155,
6,282,0,0.8141129612922668,
6,283,0,0.8076049089431763,
6,284,0,0.7944878339767456,
6,285,0,0.8070465326309204,
6,286,0,0.819750189781189,
6,287,0,0.7985996007919312,
6,288,0,0.8180673718452454,
6,289,0,0.7879027128219604,
6,290,0,0.8220440745353699,
6,291,0,0.8214819431304932,
6,292,0,0.8041864037513733,
6,293,0,0.7663463354110718,
6,294,0,0.820585310459137,
6,295,0,0.7665697336196899,
6,296,0,0.7856441736221313,
6,297,0,0.8198213577270508,
6,298,0,0.7964708805084229,
6,299,0,0.8118069171905518,
6,300,0,0.7872654795646667,
6,301,0,0.8117859363555908,
6,302,0,0.8426083326339722,
6,303,0,0.8088908195495605,
6,304,0,0.7920253872871399,
6,305,0,0.8213703632354736,
6,306,0,0.7725655436515808,
6,307,0,0.7724979519844055,
6,308,0,0.8073182106018066,
6,309,0,0.7892714738845825,
6,310,0,0.7865002751350403,
6,311,0,0.781558632850647,
6,312,0,0.8111106753349304,
6,313,0,0.8128347992897034,
6,314,0,0.8083432912826538,
6,315,0,0.810255765914917,
6,316,0,0.8139443397521973,
6,317,0,0.8202779293060303,
6,318,0,0.8199726939201355,
6,319,0,0.8260058760643005,
6,320,0,0.7685115337371826,
6,321,0,0.7738254070281982,
6,322,0,0.8278886079788208,
6,323,0,0.8232634663581848,
6,324,0,0.8106682300567627,
6,325,0,0.8279456496238708,
6,326,0,0.8244884014129639,
6,327,0,0.7820188403129578,
6,328,0,0.775471031665802,
6,329,0,0.7793155908584595,
6,330,0,0.8015159368515015,
6,331,0,0.7987025380134583,
6,332,0,0.8124023675918579,
6,333,0,0.8129141330718994,
6,334,0,0.7856553196907043,
6,335,0,0.8141013383865356,
6,336,0,0.8130600452423096,
6,337,0,0.7548941373825073,
6,338,0,0.8168583512306213,
6,339,0,0.8115478754043579,
6,340,0,0.8078317642211914,
6,341,0,0.7881479263305664,
6,342,0,0.8107612133026123,
6,343,0,0.8175165057182312,
6,344,0,0.8155578970909119,
6,345,0,0.7659282088279724,
6,346,0,0.7924832701683044,
6,347,0,0.8125383853912354,
6,348,0,0.8396480679512024,
6,349,0,0.8076047301292419,
6,350,0,0.7816132307052612,
6,351,0,0.8065427541732788,
6,352,0,0.8161618113517761,
6,353,0,0.7986202239990234,
6,354,0,0.8298665881156921,
6,355,0,0.7923926115036011,
6,356,0,0.8343596458435059,
6,357,0,0.8119667768478394,
6,358,0,0.8214044570922852,
6,359,0,0.8082007169723511,
6,360,0,0.8039770722389221,
6,361,0,0.790757954120636,
6,362,0,0.7967639565467834,
6,363,0,0.8213475942611694,
6,364,0,0.7930094003677368,
6,365,0,0.7655490040779114,
6,366,0,0.7738925218582153,
6,367,0,0.7748656272888184,
6,368,0,0.811557948589325,
6,369,0,0.8176319599151611,
6,370,0,0.8000330924987793,
6,371,0,0.8353514671325684,
6,372,0,0.8159867525100708,
6,373,0,0.8141725063323975,
6,374,0,0.7924597263336182,
6,375,0,0.7814589738845825,
6,376,0,0.8188573122024536,
6,377,0,0.8266222476959229,
6,378,0,0.7591351866722107,
6,379,0,0.8189116716384888,
6,380,0,0.763796329498291,
6,381,0,0.7754964828491211,
6,382,0,0.7750328779220581,
6,383,0,0.7643590569496155,
6,384,0,0.8109992742538452,
6,385,0,0.8157199025154114,
6,386,0,0.7924889326095581,
6,387,0,0.8087970018386841,
6,388,0,0.7657351493835449,
6,389,0,0.8258851170539856,
6,390,0,0.7650198936462402,
6,391,0,0.8017200231552124,
6,392,0,0.8242204189300537,
6,393,0,0.8038949966430664,
6,394,0,0.7832091450691223,
6,395,0,0.820175051689148,
6,396,0,0.8070414066314697,
6,397,0,0.8109828233718872,
6,398,0,0.8211656212806702,
6,399,0,0.7768820524215698,
6,400,0,0.8204575777053833,
6,401,0,0.7811857461929321,
6,402,0,0.8033342361450195,
6,403,0,0.8016707301139832,
6,404,0,0.7894251942634583,
6,405,0,0.8212926983833313,
6,406,0,0.8035262227058411,
6,407,0,0.7981663942337036,
6,408,0,0.787676215171814,
6,409,0,0.7728710174560547,
6,410,0,0.7735066413879395,
6,411,0,0.7724173069000244,
6,412,0,0.8292264342308044,
6,413,0,0.8157240152359009,
6,414,0,0.7687904834747314,
6,415,0,0.8052334785461426,
6,416,0,0.8256010413169861,
6,417,0,0.7828132510185242,
6,418,0,0.7633242607116699,
6,419,0,0.7517136931419373,
6,420,0,0.8019493222236633,
6,421,0,0.8143650889396667,
6,422,0,0.8214665651321411,
6,423,0,0.8274732828140259,
6,424,0,0.7767206430435181,
6,425,0,0.8260319828987122,
6,426,0,0.8084232807159424,
6,427,0,0.7880392670631409,
6,428,0,0.8008219003677368,
6,429,0,0.8115247488021851,
6,430,0,0.8166455626487732,
6,431,0,0.7799469828605652,
6,432,0,0.8111639022827148,
6,433,0,0.7941247820854187,
6,434,0,0.8269801139831543,
6,435,0,0.7618635296821594,
6,436,0,0.7918421030044556,
6,437,0,0.778741180896759,
6,438,0,0.8244816064834595,
6,439,0,0.7941127419471741,
6,440,0,0.7749005556106567,
6,441,0,0.7976919412612915,
6,442,0,0.7969358563423157,
6,443,0,0.8151194453239441,
6,444,0,0.8032907247543335,
6,445,0,0.8359301686286926,
6,446,0,0.8247010111808777,
6,447,0,0.7985256910324097,
6,448,0,0.7792394757270813,
6,449,0,0.7991485595703125,
6,450,0,0.8206217288970947,
6,451,0,0.8209629058837891,
6,452,0,0.7949961423873901,
6,453,0,0.8279551863670349,
6,454,0,0.8263370990753174,
6,455,0,0.8010504245758057,
6,456,0,0.8154357671737671,
6,457,0,0.814319908618927,
6,458,0,0.8082756400108337,
6,459,0,0.7878421545028687,
6,460,0,0.8021584749221802,
6,461,0,0.7822362184524536,
6,462,0,0.7920445799827576,
6,463,0,0.7887749671936035,
6,464,0,0.7975722551345825,
6,465,0,0.7747378349304199,
6,466,0,0.8296253681182861,
6,467,0,0.8045504093170166,
6,468,0,0.8125327229499817,
6,469,0,0.8278219103813171,
6,470,0,0.7782063484191895,
6,471,0,0.8117049932479858,
6,472,0,0.7792090773582458,
6,473,0,0.8039624691009521,
6,474,0,0.8139852285385132,
6,475,0,0.8175691962242126,
6,476,0,0.810841977596283,
6,477,0,0.7852331399917603,
6,478,0,0.8227987289428711,
6,479,0,0.8213270902633667,
6,480,0,0.7711585164070129,
6,481,0,0.8122056722640991,
6,482,0,0.768993616104126,
6,483,0,0.821815550327301,
6,484,0,0.8409061431884766,
6,485,0,0.8097349405288696,
6,486,0,0.7607952952384949,
6,487,0,0.8243188261985779,
6,488,0,0.7730692625045776,
6,489,0,0.7951312065124512,
6,490,0,0.7986268401145935,
6,491,0,0.7760518789291382,
6,492,0,0.8104251623153687,
6,493,0,0.829166054725647,
6,494,0,0.8084671497344971,
6,495,0,0.7931132912635803,
6,496,0,0.8223362565040588,
6,497,0,0.8106145262718201,
6,498,0,0.8057806491851807,
6,499,0,0.7494282722473145,
6,500,0,0.7525635957717896,
6,501,0,0.7861202955245972,
6,502,0,0.7704824805259705,
6,503,0,0.7901862859725952,
6,504,0,0.786586582660675,
6,505,0,0.797941267490387,
6,506,0,0.7978326082229614,
6,507,0,0.7839387655258179,
6,508,0,0.8169763088226318,
6,509,0,0.7965024709701538,
6,510,0,0.801866888999939,
6,511,0,0.8228750228881836,
6,512,0,0.7976244688034058,
6,513,0,0.8205527067184448,
6,514,0,0.810374915599823,
6,515,0,0.7634152173995972,
6,516,0,0.7892442941665649,
6,517,0,0.7825272083282471,
6,518,0,0.8040371537208557,
6,519,0,0.7981926202774048,
6,520,0,0.7802621126174927,
6,521,0,0.7754616141319275,
6,522,0,0.8154299259185791,
6,523,0,0.8274890184402466,
6,524,0,0.800306499004364,
6,525,0,0.8054530024528503,
6,526,0,0.8113758563995361,
6,527,0,0.7937176823616028,
6,528,0,0.8113502264022827,
6,529,0,0.8208130598068237,
6,530,0,0.79473477602005,
6,531,0,0.7763460874557495,
6,532,0,0.7972561120986938,
6,533,0,0.8308013677597046,
6,534,0,0.8157810568809509,
6,535,0,0.7857732176780701,
6,536,0,0.8036425709724426,
6,537,0,0.811694860458374,
6,538,0,0.7402880191802979,
6,539,0,0.7725403308868408,
6,540,0,0.8227559328079224,
6,541,0,0.8218029141426086,
6,542,0,0.8005557060241699,
6,543,0,0.7620327472686768,
6,544,0,0.7727957367897034,
6,545,0,0.771816611289978,
6,546,0,0.8158127069473267,
6,547,0,0.8042827844619751,
6,548,0,0.8076518774032593,
6,549,0,0.814387321472168,
6,550,0,0.7949705719947815,
6,551,0,0.7993141412734985,
6,552,0,0.7778916954994202,
6,553,0,0.7988153100013733,
6,554,0,0.7948204278945923,
6,555,0,0.7806413769721985,
6,556,0,0.8115618228912354,
6,557,0,0.8043397665023804,
6,558,0,0.7998936176300049,
6,559,0,0.7488318681716919,
6,560,0,0.8072080612182617,
6,561,0,0.788526177406311,
6,562,0,0.8078123331069946,
6,563,0,0.8253540396690369,
6,564,0,0.8013580441474915,
6,565,0,0.7727710008621216,
6,566,0,0.8257714509963989,
6,567,0,0.7991486191749573,
6,568,0,0.7675720453262329,
6,569,0,0.8020502924919128,
6,570,0,0.7777880430221558,
6,571,0,0.7860299348831177,
6,572,0,0.8241654634475708,
6,573,0,0.8333605527877808,
6,574,0,0.8126232624053955,
6,575,0,0.7586101293563843,
6,576,0,0.7467043399810791,
6,577,0,0.7545722126960754,
6,578,0,0.8077681660652161,
6,579,0,0.8071913123130798,
6,580,0,0.8038432598114014,
6,581,0,0.8211936354637146,
6,582,0,0.7916415929794312,
6,583,0,0.8007916212081909,
6,584,0,0.8093347549438477,
6,585,0,0.7940301895141602,
6,586,0,0.7645684480667114,
6,587,0,0.8258987665176392,
6,588,0,0.7989796996116638,
6,589,0,0.7801896929740906,
6,590,0,0.8113301396369934,
6,591,0,0.7664741277694702,
6,592,0,0.8222094774246216,
6,593,0,0.772013783454895,
6,594,0,0.7722780704498291,
6,595,0,0.8230007886886597,
6,596,0,0.8141334056854248,
6,597,0,0.8105929493904114,
6,598,0,0.7582398056983948,
6,599,0,0.8249342441558838,
6,600,0,0.8189569711685181,
6,601,0,0.7594995498657227,
6,602,0,0.7702449560165405,
6,603,0,0.8282999992370605,
6,604,0,0.7657274603843689,
6,val,,,0.8090568470954895
7,0,0,0.797964334487915,
7,1,0,0.8280457854270935,
7,2,0,0.7763336300849915,
7,3,0,0.8158918619155884,
7,4,0,0.8207956552505493,
7,5,0,0.813072681427002,
7,6,0,0.8234822154045105,
7,7,0,0.7990883588790894,
7,8,0,0.8143472671508789,
7,9,0,0.8152129054069519,
7,10,0,0.7859017848968506,
7,11,0,0.8265066742897034,
7,12,0,0.7669696807861328,
7,13,0,0.8144180774688721,
7,14,0,0.8118776082992554,
7,15,0,0.8172085881233215,
7,16,0,0.8102810382843018,
7,17,0,0.8047244548797607,
7,18,0,0.8202983140945435,
7,19,0,0.7934662103652954,
7,20,0,0.8078384399414062,
7,21,0,0.8215450644493103,
7,22,0,0.8014727830886841,
7,23,0,0.7998548150062561,
7,24,0,0.8141010403633118,
7,25,0,0.7940505146980286,
7,26,0,0.8164478540420532,
7,27,0,0.8055667281150818,
7,28,0,0.8164504170417786,
7,29,0,0.8365374803543091,
7,30,0,0.8021921515464783,
7,31,0,0.8070712089538574,
7,32,0,0.8070816993713379,
7,33,0,0.7958552837371826,
7,34,0,0.7871514558792114,
7,35,0,0.8119939565658569,
7,36,0,0.7793675065040588,
7,37,0,0.7976375222206116,
7,38,0,0.8088325262069702,
7,39,0,0.783676266670227,
7,40,0,0.7867050766944885,
7,41,0,0.8000903129577637,
7,42,0,0.7947090864181519,
7,43,0,0.8244868516921997,
7,44,0,0.7883945107460022,
7,45,0,0.7994161248207092,
7,46,0,0.8057959079742432,
7,47,0,0.7607734799385071,
7,48,0,0.8164495229721069,
7,49,0,0.7841814160346985,
7,50,0,0.8268945217132568,
7,51,0,0.819061279296875,
7,52,0,0.8307572603225708,
7,53,0,0.8163753747940063,
7,54,0,0.7760359644889832,
7,55,0,0.8216081857681274,
7,56,0,0.749660074710846,
7,57,0,0.8167283535003662,
7,58,0,0.8020482659339905,
7,59,0,0.8233875036239624,
7,60,0,0.8178626894950867,
7,61,0,0.8277090787887573,
7,62,0,0.7767127752304077,
7,63,0,0.8077481389045715,
7,64,0,0.7980332374572754,
7,65,0,0.8077747821807861,
7,66,0,0.7723278403282166,
7,67,0,0.7900416851043701,
7,68,0,0.8230925798416138,
7,69,0,0.8284663558006287,
7,70,0,0.7492967844009399,
7,71,0,0.8051847219467163,
7,72,0,0.802108883857727,
7,73,0,0.7868770360946655,
7,74,0,0.8046700954437256,
7,75,0,0.8009438514709473,
7,76,0,0.790530264377594,
7,77,0,0.8107454776763916,
7,78,0,0.8091104030609131,
7,79,0,0.7680289149284363,
7,80,0,0.8001333475112915,
7,81,0,0.7828847765922546,
7,82,0,0.80963534116745,
7,83,0,0.8100433945655823,
7,84,0,0.8168113231658936,
7,85,0,0.8164871335029602,
7,86,0,0.7923582792282104,
7,87,0,0.8184926509857178,
7,88,0,0.8062621355056763,
7,89,0,0.8081371784210205,
7,90,0,0.8158605098724365,
7,91,0,0.773287296295166,
7,92,0,0.8173774480819702,
7,93,0,0.8316034078598022,
7,94,0,0.7752905488014221,
7,95,0,0.7645489573478699,
7,96,0,0.8164809942245483,
7,97,0,0.7576495409011841,
7,98,0,0.8126578330993652,
7,99,0,0.8286817073822021,
7,100,0,0.80776047706604,
7,101,0,0.8117624521255493,
7,102,0,0.7818445563316345,
7,103,0,0.8129136562347412,
7,104,0,0.7962256669998169,
7,105,0,0.7965858578681946,
7,106,0,0.7671002149581909,
7,107,0,0.7915461659431458,
7,108,0,0.8070263266563416,
7,109,0,0.7955363988876343,
7,110,0,0.8136257529258728,
7,111,0,0.8159881234169006,
7,112,0,0.7769728302955627,
7,113,0,0.8123731017112732,
7,114,0,0.7976897358894348,
7,115,0,0.7591617107391357,
7,116,0,0.7748051881790161,
7,117,0,0.7671431303024292,
7,118,0,0.8229581117630005,
7,119,0,0.7822897434234619,
7,120,0,0.810073971748352,
7,121,0,0.8228877782821655,
7,122,0,0.7844398021697998,
7,123,0,0.7724035978317261,
7,124,0,0.7824611663818359,
7,125,0,0.777576744556427,
7,126,0,0.8144848346710205,
7,127,0,0.78271484375,
7,128,0,0.8044410943984985,
7,129,0,0.7741501331329346,
7,130,0,0.8229281902313232,
7,131,0,0.8332263231277466,
7,132,0,0.7839558124542236,
7,133,0,0.8170534372329712,
7,134,0,0.7893308997154236,
7,135,0,0.7991935610771179,
7,136,0,0.8256897926330566,
7,137,0,0.7744570970535278,
7,138,0,0.8168880343437195,
7,139,0,0.7965865135192871,
7,140,0,0.8186193704605103,
7,141,0,0.8065451383590698,
7,142,0,0.7688335180282593,
7,143,0,0.7864021062850952,
7,144,0,0.7878894209861755,
7,145,0,0.7696628570556641,
7,146,0,0.8200823664665222,
7,147,0,0.8341001272201538,
7,148,0,0.8093290328979492,
7,149,0,0.7644680738449097,
7,150,0,0.8261373043060303,
7,151,0,0.7895613312721252,
7,152,0,0.8163304328918457,
7,153,0,0.7877697944641113,
7,154,0,0.8257105946540833,
7,155,0,0.8278108835220337,
7,156,0,0.7930033802986145,
7,157,0,0.813530683517456,
7,158,0,0.7859604954719543,
7,159,0,0.7822859883308411,
7,160,0,0.7904693484306335,
7,161,0,0.8000602722167969,
7,162,0,0.8056186437606812,
7,163,0,0.8263864517211914,
7,164,0,0.7984197735786438,
7,165,0,0.7794632911682129,
7,166,0,0.790263295173645,
7,167,0,0.8157535791397095,
7,168,0,0.7695762515068054,
7,169,0,0.7648568153381348,
7,170,0,0.7758579850196838,
7,171,0,0.8031070828437805,
7,172,0,0.8275727033615112,
7,173,0,0.7729790210723877,
7,174,0,0.7662539482116699,
7,175,0,0.7982339859008789,
7,176,0,0.8252716064453125,
7,177,0,0.825470507144928,
7,178,0,0.8149508237838745,
7,179,0,0.8063850402832031,
7,180,0,0.8191231489181519,
7,181,0,0.8089531064033508,
7,182,0,0.8008501529693604,
7,183,0,0.7773938775062561,
7,184,0,0.8182547092437744,
7,185,0,0.8077394366264343,
7,186,0,0.8121336698532104,
7,187,0,0.8177348375320435,
7,188,0,0.8121982216835022,
7,189,0,0.817129373550415,
7,190,0,0.7738632559776306,
7,191,0,0.7814879417419434,
7,192,0,0.7954884767532349,
7,193,0,0.8113397359848022,
7,194,0,0.8017353415489197,
7,195,0,0.8049695491790771,
7,196,0,0.7599748969078064,
7,197,0,0.7501793503761292,
7,198,0,0.7866569757461548,
7,199,0,0.8230698704719543,
7,200,0,0.8105100393295288,
7,201,0,0.8000558614730835,
7,202,0,0.8269022703170776,
7,203,0,0.8201273083686829,
7,204,0,0.8209531903266907,
7,205,0,0.8231562972068787,
7,206,0,0.7679536938667297,
7,207,0,0.7859817743301392,
7,208,0,0.8204154372215271,
7,209,0,0.7914381623268127,
7,210,0,0.8281598091125488,
7,211,0,0.7902094721794128,
7,212,0,0.8039708733558655,
7,213,0,0.7780562043190002,
7,214,0,0.8158950209617615,
7,215,0,0.7843940854072571,
7,216,0,0.8215810060501099,
7,217,0,0.8105362057685852,
7,218,0,0.8001255989074707,
7,219,0,0.7731325030326843,
7,220,0,0.7633894085884094,
7,221,0,0.834848165512085,
7,222,0,0.7822123765945435,
7,223,0,0.7658742666244507,
7,224,0,0.8286480903625488,
7,225,0,0.7375789880752563,
7,226,0,0.7971422672271729,
7,227,0,0.8128899335861206,
7,228,0,0.8098282217979431,
7,229,0,0.8157738447189331,
7,230,0,0.7918851375579834,
7,231,0,0.7698132991790771,
7,232,0,0.7950433492660522,
7,233,0,0.818233072757721,
7,234,0,0.7923587560653687,
7,235,0,0.786270797252655,
7,236,0,0.7613623738288879,
7,237,0,0.7890846729278564,
7,238,0,0.824256956577301,
7,239,0,0.8289525508880615,
7,240,0,0.793880820274353,
7,241,0,0.8223214745521545,
7,242,0,0.7944344878196716,
7,243,0,0.7983977794647217,
7,244,0,0.7766783237457275,
7,245,0,0.8093101382255554,
7,246,0,0.8169661164283752,
7,247,0,0.8140687942504883,
7,248,0,0.8121718764305115,
7,249,0,0.798898458480835,
7,250,0,0.8127683401107788,
7,251,0,0.8309299945831299,
7,252,0,0.8174324035644531,
7,253,0,0.757662832736969,
7,254,0,0.7479631304740906,
7,255,0,0.8152771592140198,
7,256,0,0.8117977380752563,
7,257,0,0.8221964240074158,
7,258,0,0.8107173442840576,
7,259,0,0.828657865524292,
7,260,0,0.7680728435516357,
7,261,0,0.7645602822303772,
7,262,0,0.7484283447265625,
7,263,0,0.8189747929573059,
7,264,0,0.7886747717857361,
7,265,0,0.7635477185249329,
7,266,0,0.7660048007965088,
7,267,0,0.8100107312202454,
7,268,0,0.8191693425178528,
7,269,0,0.7976465821266174,
7,270,0,0.807363748550415,
7,271,0,0.7749612331390381,
7,272,0,0.812155544757843,
7,273,0,0.823211669921875,
7,274,0,0.8143951892852783,
7,275,0,0.7537401914596558,
7,276,0,0.8130516409873962,
7,277,0,0.8061769008636475,
7,278,0,0.7608505487442017,
7,279,0,0.8037285804748535,
7,280,0,0.8147295713424683,
7,281,0,0.7724775075912476,
7,282,0,0.81037437915802,
7,283,0,0.7948208451271057,
7,284,0,0.7847208976745605,
7,285,0,0.8000009059906006,
7,286,0,0.8181608319282532,
7,287,0,0.7914645671844482,
7,288,0,0.821395754814148,
7,289,0,0.7805418968200684,
7,290,0,0.821935772895813,
7,291,0,0.8171793222427368,
7,292,0,0.8011996746063232,
7,293,0,0.7485886812210083,
7,294,0,0.8216525316238403,
7,295,0,0.7507113218307495,
7,296,0,0.7771679162979126,
7,297,0,0.8198187947273254,
7,298,0,0.7877646684646606,
7,299,0,0.8078786134719849,
7,300,0,0.7716836929321289,
7,301,0,0.806468665599823,
7,302,0,0.8434426784515381,
7,303,0,0.8103703260421753,
7,304,0,0.781002402305603,
7,305,0,0.8175768256187439,
7,306,0,0.7587200403213501,
7,307,0,0.7560651302337646,
7,308,0,0.8047335147857666,
7,309,0,0.7841946482658386,
7,310,0,0.7858121991157532,
7,311,0,0.7695246338844299,
7,312,0,0.802883505821228,
7,313,0,0.8061416149139404,
7,314,0,0.8050767183303833,
7,315,0,0.8052144050598145,
7,316,0,0.8100378513336182,
7,317,0,0.8213902115821838,
7,318,0,0.8165404796600342,
7,319,0,0.8263381719589233,
7,320,0,0.758441686630249,
7,321,0,0.7668113112449646,
7,322,0,0.8265523910522461,
7,323,0,0.8255615234375,
7,324,0,0.8070778846740723,
7,325,0,0.825711727142334,
7,326,0,0.8208888173103333,
7,327,0,0.7748064398765564,
7,328,0,0.7655614614486694,
7,329,0,0.7683809399604797,
7,330,0,0.7935731410980225,
7,331,0,0.7941115498542786,
7,332,0,0.805561900138855,
7,333,0,0.8070465922355652,
7,334,0,0.7787847518920898,
7,335,0,0.8153371214866638,
7,336,0,0.8105949759483337,
7,337,0,0.7416102886199951,
7,338,0,0.8137508630752563,
7,339,0,0.8102338314056396,
7,340,0,0.8026072978973389,
7,341,0,0.7807459235191345,
7,342,0,0.8081033229827881,
7,343,0,0.8148921728134155,
7,344,0,0.8164583444595337,
7,345,0,0.750942587852478,
7,346,0,0.7837619781494141,
7,347,0,0.8097388744354248,
7,348,0,0.8357701897621155,
7,349,0,0.8020812273025513,
7,350,0,0.7772822380065918,
7,351,0,0.7957980632781982,
7,352,0,0.8095466494560242,
7,353,0,0.794114351272583,
7,354,0,0.8299524188041687,
7,355,0,0.7801674008369446,
7,356,0,0.835517168045044,
7,357,0,0.8047186136245728,
7,358,0,0.8145878314971924,
7,359,0,0.8005174994468689,
7,360,0,0.7993052005767822,
7,361,0,0.7789127826690674,
7,362,0,0.7867714166641235,
7,363,0,0.8184411525726318,
7,364,0,0.7809387445449829,
7,365,0,0.7520484328269958,
7,366,0,0.7617330551147461,
7,367,0,0.7642545700073242,
7,368,0,0.8086749911308289,
7,369,0,0.8175619840621948,
7,370,0,0.7938880920410156,
7,371,0,0.8311779499053955,
7,372,0,0.8101092576980591,
7,373,0,0.810106098651886,
7,374,0,0.7850953340530396,
7,375,0,0.7726282477378845,
7,376,0,0.8173784613609314,
7,377,0,0.825135350227356,
7,378,0,0.7459185123443604,
7,379,0,0.8231396675109863,
7,380,0,0.7493104338645935,
7,381,0,0.7650419473648071,
7,382,0,0.7669715881347656,
7,383,0,0.7486376762390137,
7,384,0,0.8100563287734985,
7,385,0,0.8114022016525269,
7,386,0,0.7847317457199097,
7,387,0,0.8030778765678406,
7,388,0,0.7548550367355347,
7,389,0,0.8286912441253662,
7,390,0,0.7503417134284973,
7,391,0,0.7971564531326294,
7,392,0,0.8238918781280518,
7,393,0,0.7992241382598877,
7,394,0,0.7767115831375122,
7,395,0,0.8143512010574341,
7,396,0,0.801884651184082,
7,397,0,0.8112926483154297,
7,398,0,0.8205153942108154,
7,399,0,0.7675151824951172,
7,400,0,0.815492570400238,
7,401,0,0.7708792090415955,
7,402,0,0.7974549531936646,
7,403,0,0.7998088598251343,
7,404,0,0.7855570316314697,
7,405,0,0.8208053112030029,
7,406,0,0.7919473052024841,
7,407,0,0.7893962264060974,
7,408,0,0.7740068435668945,
7,409,0,0.7635548710823059,
7,410,0,0.7632764577865601,
7,411,0,0.7618733644485474,
7,412,0,0.8298280239105225,
7,413,0,0.8119242787361145,
7,414,0,0.754592776298523,
7,415,0,0.800940215587616,
7,416,0,0.825809121131897,
7,417,0,0.7699012756347656,
7,418,0,0.7520279884338379,
7,419,0,0.7381882667541504,
7,420,0,0.7947471737861633,
7,421,0,0.8122892379760742,
7,422,0,0.8215227127075195,
7,423,0,0.8253322839736938,
7,424,0,0.7664956450462341,
7,425,0,0.8214987516403198,
7,426,0,0.8039289116859436,
7,427,0,0.7792773842811584,
7,428,0,0.795238196849823,
7,429,0,0.8118783235549927,
7,430,0,0.8148000240325928,
7,431,0,0.7679101228713989,
7,432,0,0.8092590570449829,
7,433,0,0.7882415652275085,
7,434,0,0.8282179832458496,
7,435,0,0.7484598159790039,
7,436,0,0.7854824066162109,
7,437,0,0.7726814150810242,
7,438,0,0.8211547136306763,
7,439,0,0.7873358726501465,
7,440,0,0.7669729590415955,
7,441,0,0.7927222847938538,
7,442,0,0.7935817837715149,
7,443,0,0.8193273544311523,
7,444,0,0.8016647696495056,
7,445,0,0.831231951713562,
7,446,0,0.8236333131790161,
7,447,0,0.7978165149688721,
7,448,0,0.7687399387359619,
7,449,0,0.7938072681427002,
7,450,0,0.8257182240486145,
7,451,0,0.8143104314804077,
7,452,0,0.7805963754653931,
7,453,0,0.8275119662284851,
7,454,0,0.823797881603241,
7,455,0,0.7977340221405029,
7,456,0,0.8098369836807251,
7,457,0,0.8130460977554321,
7,458,0,0.8074439764022827,
7,459,0,0.7771350741386414,
7,460,0,0.7924543619155884,
7,461,0,0.7713736295700073,
7,462,0,0.7886093854904175,
7,463,0,0.7844246625900269,
7,464,0,0.7921761870384216,
7,465,0,0.7670139074325562,
7,466,0,0.8257960081100464,
7,467,0,0.7971540093421936,
7,468,0,0.8118798136711121,
7,469,0,0.8215076327323914,
7,470,0,0.7662739753723145,
7,471,0,0.8066408038139343,
7,472,0,0.7774702310562134,
7,473,0,0.8008923530578613,
7,474,0,0.8090298771858215,
7,475,0,0.8136393427848816,
7,476,0,0.804676353931427,
7,477,0,0.7766807675361633,
7,478,0,0.8211257457733154,
7,479,0,0.8213367462158203,
7,480,0,0.7580432891845703,
7,481,0,0.8097712993621826,
7,482,0,0.7571069002151489,
7,483,0,0.8170971274375916,
7,484,0,0.833532452583313,
7,485,0,0.8050050735473633,
7,486,0,0.7443246245384216,
7,487,0,0.8249291181564331,
7,488,0,0.7608768939971924,
7,489,0,0.7823208570480347,
7,490,0,0.7929562330245972,
7,491,0,0.7656614184379578,
7,492,0,0.8058661818504333,
7,493,0,0.828877866268158,
7,494,0,0.8055635690689087,
7,495,0,0.7873086333274841,
7,496,0,0.8131335377693176,
7,497,0,0.806538462638855,
7,498,0,0.8029844760894775,
7,499,0,0.7340778112411499,
7,500,0,0.7375295162200928,
7,501,0,0.7749994397163391,
7,502,0,0.758515477180481,
7,503,0,0.7830565571784973,
7,504,0,0.7730005383491516,
7,505,0,0.7945177555084229,
7,506,0,0.7934260368347168,
7,507,0,0.774237334728241,
7,508,0,0.8154025673866272,
7,509,0,0.7920900583267212,
7,510,0,0.8012127876281738,
7,511,0,0.8181184530258179,
7,512,0,0.7894829511642456,
7,513,0,0.8175591230392456,
7,514,0,0.7999779582023621,
7,515,0,0.7553635239601135,
7,516,0,0.7840216755867004,
7,517,0,0.772165834903717,
7,518,0,0.8011913895606995,
7,519,0,0.7914389371871948,
7,520,0,0.7664521336555481,
7,521,0,0.764853298664093,
7,522,0,0.8126276731491089,
7,523,0,0.8244898915290833,
7,524,0,0.7985433340072632,
7,525,0,0.8049137592315674,
7,526,0,0.8092038035392761,
7,527,0,0.789298415184021,
7,528,0,0.8076807260513306,
7,529,0,0.8190793991088867,
7,530,0,0.7898694276809692,
7,531,0,0.7632349729537964,
7,532,0,0.796890139579773,
7,533,0,0.8278173208236694,
7,534,0,0.809615433216095,
7,535,0,0.7736362814903259,
7,536,0,0.7983375787734985,
7,537,0,0.8090779185295105,
7,538,0,0.728897213935852,
7,539,0,0.7630187273025513,
7,540,0,0.8204625844955444,
7,541,0,0.8181743025779724,
7,542,0,0.7928498983383179,
7,543,0,0.7442367076873779,
7,544,0,0.7629756927490234,
7,545,0,0.7576882243156433,
7,546,0,0.8145723938941956,
7,547,0,0.8019413948059082,
7,548,0,0.8033037185668945,
7,549,0,0.8161385655403137,
7,550,0,0.7851904034614563,
7,551,0,0.7911956310272217,
7,552,0,0.7625659108161926,
7,553,0,0.7916263937950134,
7,554,0,0.7846041917800903,
7,555,0,0.7730010747909546,
7,556,0,0.8056555986404419,
7,557,0,0.7950202822685242,
7,558,0,0.7931720018386841,
7,559,0,0.7403686046600342,
7,560,0,0.8030335903167725,
7,561,0,0.7811744213104248,
7,562,0,0.8076023459434509,
7,563,0,0.8233422040939331,
7,564,0,0.7936861515045166,
7,565,0,0.7649691104888916,
7,566,0,0.8254355192184448,
7,567,0,0.7939404249191284,
7,568,0,0.7548806667327881,
7,569,0,0.8033095598220825,
7,570,0,0.7679749727249146,
7,571,0,0.7791552543640137,
7,572,0,0.821410059928894,
7,573,0,0.8283277153968811,
7,574,0,0.8102107644081116,
7,575,0,0.7495023012161255,
7,576,0,0.7339890003204346,
7,577,0,0.7456837892532349,
7,578,0,0.8042557835578918,
7,579,0,0.8069268465042114,
7,580,0,0.8048152923583984,
7,581,0,0.8182753324508667,
7,582,0,0.7799035906791687,
7,583,0,0.7993910312652588,
7,584,0,0.8102624416351318,
7,585,0,0.7890989780426025,
7,586,0,0.7574455142021179,
7,587,0,0.8232324719429016,
7,588,0,0.788174569606781,
7,589,0,0.771453857421875,
7,590,0,0.8068088889122009,
7,591,0,0.7557919025421143,
7,592,0,0.8229698538780212,
7,593,0,0.7626779079437256,
7,594,0,0.761073887348175,
7,595,0,0.8209511637687683,
7,596,0,0.8132282495498657,
7,597,0,0.8031536936759949,
7,598,0,0.7460770606994629,
7,599,0,0.8241132497787476,
7,600,0,0.8148940205574036,
7,601,0,0.747368335723877,
7,602,0,0.76406329870224,
7,603,0,0.8281229138374329,
7,604,0,0.7556113004684448,
7,val,,,0.8070644927024841
8,0,0,0.7917349338531494,
8,1,0,0.8274296522140503,
8,2,0,0.7601865530014038,
8,3,0,0.8102787137031555,
8,4,0,0.8200717568397522,
8,5,0,0.8106502294540405,
8,6,0,0.8232327699661255,
8,7,0,0.7895067930221558,
8,8,0,0.8117809295654297,
8,9,0,0.8133917450904846,
8,10,0,0.7826576828956604,
8,11,0,0.8271300792694092,
8,12,0,0.7565639615058899,
8,13,0,0.8116039633750916,
8,14,0,0.8150631785392761,
8,15,0,0.8086445331573486,
8,16,0,0.8029175400733948,
8,17,0,0.8009212017059326,
8,18,0,0.8217353224754333,
8,19,0,0.787384033203125,
8,20,0,0.805221676826477,
8,21,0,0.817539632320404,
8,22,0,0.7971986532211304,
8,23,0,0.8003284335136414,
8,24,0,0.8100292682647705,
8,25,0,0.78590989112854,
8,26,0,0.8131885528564453,
8,27,0,0.806918740272522,
8,28,0,0.8160277009010315,
8,29,0,0.8259774446487427,
8,30,0,0.7955902218818665,
8,31,0,0.8007257580757141,
8,32,0,0.8034570217132568,
8,33,0,0.7902546525001526,
8,34,0,0.778982400894165,
8,35,0,0.8081244230270386,
8,36,0,0.7704445719718933,
8,37,0,0.7988861203193665,
8,38,0,0.8022595643997192,
8,39,0,0.7769109606742859,
8,40,0,0.7807619571685791,
8,41,0,0.8016146421432495,
8,42,0,0.7880167365074158,
8,43,0,0.8224350214004517,
8,44,0,0.7841423153877258,
8,45,0,0.794464111328125,
8,46,0,0.8009304404258728,
8,47,0,0.7530159950256348,
8,48,0,0.8139601349830627,
8,49,0,0.7744281888008118,
8,50,0,0.8247277736663818,
8,51,0,0.8174393177032471,
8,52,0,0.8255008459091187,
8,53,0,0.816177487373352,
8,54,0,0.7644957304000854,
8,55,0,0.8188718557357788,
8,56,0,0.7401289939880371,
8,57,0,0.8115941286087036,
8,58,0,0.7987293601036072,
8,59,0,0.8250645399093628,
8,60,0,0.8142942190170288,
8,61,0,0.8276355266571045,
8,62,0,0.7676562666893005,
8,63,0,0.8001538515090942,
8,64,0,0.7934067845344543,
8,65,0,0.805323600769043,
8,66,0,0.7611755132675171,
8,67,0,0.7819615006446838,
8,68,0,0.8234503865242004,
8,69,0,0.8245266675949097,
8,70,0,0.7329398393630981,
8,71,0,0.8033561706542969,
8,72,0,0.7940400242805481,
8,73,0,0.7801527380943298,
8,74,0,0.8042758703231812,
8,75,0,0.7963495254516602,
8,76,0,0.7853823304176331,
8,77,0,0.8089455366134644,
8,78,0,0.8068262338638306,
8,79,0,0.7588247060775757,
8,80,0,0.7950823307037354,
8,81,0,0.7703044414520264,
8,82,0,0.8051985502243042,
8,83,0,0.806316614151001,
8,84,0,0.8155722618103027,
8,85,0,0.8133682012557983,
8,86,0,0.7862328290939331,
8,87,0,0.8170291781425476,
8,88,0,0.7992657423019409,
8,89,0,0.8075027465820312,
8,90,0,0.8131014704704285,
8,91,0,0.7637935876846313,
8,92,0,0.8108342885971069,
8,93,0,0.835957407951355,
8,94,0,0.7663828730583191,
8,95,0,0.7471963167190552,
8,96,0,0.8153145909309387,
8,97,0,0.7444831132888794,
8,98,0,0.8081682920455933,
8,99,0,0.8204153180122375,
8,100,0,0.8010181188583374,
8,101,0,0.8039470911026001,
8,102,0,0.7722897529602051,
8,103,0,0.8059216737747192,
8,104,0,0.7924627661705017,
8,105,0,0.7825449109077454,
8,106,0,0.7557259202003479,
8,107,0,0.7829322218894958,
8,108,0,0.8008676767349243,
8,109,0,0.78864985704422,
8,110,0,0.8115726113319397,
8,111,0,0.8175511956214905,
8,112,0,0.7612977027893066,
8,113,0,0.8085878491401672,
8,114,0,0.7960574626922607,
8,115,0,0.7442891597747803,
8,116,0,0.7662592530250549,
8,117,0,0.7521554231643677,
8,118,0,0.823773980140686,
8,119,0,0.7772075533866882,
8,120,0,0.8077581524848938,
8,121,0,0.8232874274253845,
8,122,0,0.7794452905654907,
8,123,0,0.7585505247116089,
8,124,0,0.7740194201469421,
8,125,0,0.7673365473747253,
8,126,0,0.813783586025238,
8,127,0,0.7746070027351379,
8,128,0,0.7989070415496826,
8,129,0,0.7693696618080139,
8,130,0,0.8164610266685486,
8,131,0,0.8310941457748413,
8,132,0,0.7762752175331116,
8,133,0,0.8200340867042542,
8,134,0,0.7806457877159119,
8,135,0,0.797288179397583,
8,136,0,0.8257165551185608,
8,137,0,0.7653608918190002,
8,138,0,0.8167455196380615,
8,139,0,0.7921057343482971,
8,140,0,0.8166302442550659,
8,141,0,0.7991982102394104,
8,142,0,0.7536429762840271,
8,143,0,0.7745684385299683,
8,144,0,0.780263364315033,
8,145,0,0.7625983953475952,
8,146,0,0.8184645771980286,
8,147,0,0.832827091217041,
8,148,0,0.8054894208908081,
8,149,0,0.7502428293228149,
8,150,0,0.8273029923439026,
8,151,0,0.7843076586723328,
8,152,0,0.8147330284118652,
8,153,0,0.7834365367889404,
8,154,0,0.8239306211471558,
8,155,0,0.8263893127441406,
8,156,0,0.7906558513641357,
8,157,0,0.8101060390472412,
8,158,0,0.7760744094848633,
8,159,0,0.7722609639167786,
8,160,0,0.7817202806472778,
8,161,0,0.7962106466293335,
8,162,0,0.806552529335022,
8,163,0,0.8294062614440918,
8,164,0,0.7936140894889832,
8,165,0,0.77358078956604,
8,166,0,0.7778001427650452,
8,167,0,0.8142685890197754,
8,168,0,0.7500268816947937,
8,169,0,0.752524733543396,
8,170,0,0.7729523181915283,
8,171,0,0.7990201711654663,
8,172,0,0.826384425163269,
8,173,0,0.761825680732727,
8,174,0,0.7563218474388123,
8,175,0,0.7905634045600891,
8,176,0,0.8252028226852417,
8,177,0,0.8260605931282043,
8,178,0,0.8080312609672546,
8,179,0,0.7974787950515747,
8,180,0,0.8149824738502502,
8,181,0,0.8025330901145935,
8,182,0,0.7912164926528931,
8,183,0,0.7712946534156799,
8,184,0,0.820534348487854,
8,185,0,0.8070536255836487,
8,186,0,0.809396505355835,
8,187,0,0.8162201046943665,
8,188,0,0.8102302551269531,
8,189,0,0.8133599162101746,
8,190,0,0.7650473117828369,
8,191,0,0.7687195539474487,
8,192,0,0.7919050455093384,
8,193,0,0.8126635551452637,
8,194,0,0.7984554767608643,
8,195,0,0.808275580406189,
8,196,0,0.7512485980987549,
8,197,0,0.7377916574478149,
8,198,0,0.7757354974746704,
8,199,0,0.8218013048171997,
8,200,0,0.8071532249450684,
8,201,0,0.7989295721054077,
8,202,0,0.824090301990509,
8,203,0,0.8172045350074768,
8,204,0,0.8229307532310486,
8,205,0,0.8180398941040039,
8,206,0,0.7582107782363892,
8,207,0,0.773639976978302,
8,208,0,0.8201281428337097,
8,209,0,0.7834277153015137,
8,210,0,0.8296342492103577,
8,211,0,0.7833373546600342,
8,212,0,0.7978081107139587,
8,213,0,0.770632266998291,
8,214,0,0.8145698308944702,
8,215,0,0.7754372358322144,
8,216,0,0.8212268948554993,
8,217,0,0.8100804090499878,
8,218,0,0.7947185635566711,
8,219,0,0.7618458271026611,
8,220,0,0.7502313256263733,
8,221,0,0.8315948247909546,
8,222,0,0.7704837918281555,
8,223,0,0.7527374625205994,
8,224,0,0.82212233543396,
8,225,0,0.7252767086029053,
8,226,0,0.7899923324584961,
8,227,0,0.8135256767272949,
8,228,0,0.8055995106697083,
8,229,0,0.8132028579711914,
8,230,0,0.7856800556182861,
8,231,0,0.7523967027664185,
8,232,0,0.7891753911972046,
8,233,0,0.8154604434967041,
8,234,0,0.7927766442298889,
8,235,0,0.7757391929626465,
8,236,0,0.7486532926559448,
8,237,0,0.7785909175872803,
8,238,0,0.8226880431175232,
8,239,0,0.8293576836585999,
8,240,0,0.7886298298835754,
8,241,0,0.8191879987716675,
8,242,0,0.7903569340705872,
8,243,0,0.7901965379714966,
8,244,0,0.7695823907852173,
8,245,0,0.8102981448173523,
8,246,0,0.8137519359588623,
8,247,0,0.8048693537712097,
8,248,0,0.8139541149139404,
8,249,0,0.7924776077270508,
8,250,0,0.8102769255638123,
8,251,0,0.8311558961868286,
8,252,0,0.813605785369873,
8,253,0,0.7451304793357849,
8,254,0,0.7320660352706909,
8,255,0,0.8133534789085388,
8,256,0,0.806998074054718,
8,257,0,0.8185882568359375,
8,258,0,0.8008275628089905,
8,259,0,0.8290700316429138,
8,260,0,0.7584090828895569,
8,261,0,0.7530174851417542,
8,262,0,0.7393308877944946,
8,263,0,0.8138182759284973,
8,264,0,0.7832632064819336,
8,265,0,0.7550320029258728,
8,266,0,0.7548666000366211,
8,267,0,0.808769702911377,
8,268,0,0.8212104439735413,
8,269,0,0.7959147095680237,
8,270,0,0.8061329126358032,
8,271,0,0.763551652431488,
8,272,0,0.8066840171813965,
8,273,0,0.8197950124740601,
8,274,0,0.8073068857192993,
8,275,0,0.7340519428253174,
8,276,0,0.8093380928039551,
8,277,0,0.8024168610572815,
8,278,0,0.7491910457611084,
8,279,0,0.8008310794830322,
8,280,0,0.8143950700759888,
8,281,0,0.7580225467681885,
8,282,0,0.8047536015510559,
8,283,0,0.7845959663391113,
8,284,0,0.7704615592956543,
8,285,0,0.791662871837616,
8,286,0,0.8147619962692261,
8,287,0,0.7847880125045776,
8,288,0,0.8215720057487488,
8,289,0,0.7803190350532532,
8,290,0,0.8178495168685913,
8,291,0,0.8209792375564575,
8,292,0,0.7955950498580933,
8,293,0,0.7317192554473877,
8,294,0,0.8208039402961731,
8,295,0,0.7365673780441284,
8,296,0,0.7706672549247742,
8,297,0,0.8174571990966797,
8,298,0,0.7727199792861938,
8,299,0,0.8000794053077698,
8,300,0,0.7577200531959534,
8,301,0,0.8033639192581177,
8,302,0,0.8387419581413269,
8,303,0,0.8065657019615173,
8,304,0,0.7689302563667297,
8,305,0,0.812888503074646,
8,306,0,0.7442014217376709,
8,307,0,0.7382097244262695,
8,308,0,0.8012815713882446,
8,309,0,0.7751162052154541,
8,310,0,0.7809388041496277,
8,311,0,0.7576083540916443,
8,312,0,0.7961379289627075,
8,313,0,0.7992740869522095,
8,314,0,0.8074325919151306,
8,315,0,0.7994893193244934,
8,316,0,0.8073301315307617,
8,317,0,0.8173355460166931,
8,318,0,0.8161673545837402,
8,319,0,0.8232263326644897,
8,320,0,0.7533320188522339,
8,321,0,0.7575106024742126,
8,322,0,0.8211424946784973,
8,323,0,0.8211420774459839,
8,324,0,0.802909255027771,
8,325,0,0.8251609802246094,
8,326,0,0.8208045363426208,
8,327,0,0.7663053870201111,
8,328,0,0.7562887072563171,
8,329,0,0.7537374496459961,
8,330,0,0.7947942018508911,
8,331,0,0.7859659194946289,
8,332,0,0.8010270595550537,
8,333,0,0.7945650815963745,
8,334,0,0.7743589878082275,
8,335,0,0.8131826519966125,
8,336,0,0.8095406293869019,
8,337,0,0.7251313328742981,
8,338,0,0.8118704557418823,
8,339,0,0.8023937344551086,
8,340,0,0.8036080598831177,
8,341,0,0.7768818736076355,
8,342,0,0.8076010942459106,
8,343,0,0.8155856132507324,
8,344,0,0.8123656511306763,
8,345,0,0.7383588552474976,
8,346,0,0.776663601398468,
8,347,0,0.8046302199363708,
8,348,0,0.841094970703125,
8,349,0,0.7985713481903076,
8,350,0,0.7699390649795532,
8,351,0,0.7813817262649536,
8,352,0,0.8071669340133667,
8,353,0,0.791409432888031,
8,354,0,0.8335193991661072,
8,355,0,0.773737907409668,
8,356,0,0.8325397968292236,
8,357,0,0.7978463172912598,
8,358,0,0.8172408938407898,
8,359,0,0.8054430484771729,
8,360,0,0.7915662527084351,
8,361,0,0.7713921070098877,
8,362,0,0.7826200723648071,
8,363,0,0.8161852955818176,
8,364,0,0.7701594829559326,
8,365,0,0.7307993769645691,
8,366,0,0.7442985773086548,
8,367,0,0.7497782707214355,
8,368,0,0.8038503527641296,
8,369,0,0.8144636154174805,
8,370,0,0.7885336875915527,
8,371,0,0.8250168561935425,
8,372,0,0.8003486394882202,
8,373,0,0.8099446892738342,
8,374,0,0.7800115346908569,
8,375,0,0.7623871564865112,
8,376,0,0.813399612903595,
8,377,0,0.822725236415863,
8,378,0,0.7318369150161743,
8,379,0,0.8223903179168701,
8,380,0,0.730972170829773,
8,381,0,0.750098705291748,
8,382,0,0.7599349021911621,
8,383,0,0.7387421131134033,
8,384,0,0.8049809336662292,
8,385,0,0.8093286156654358,
8,386,0,0.7737661600112915,
8,387,0,0.7983392477035522,
8,388,0,0.748114824295044,
8,389,0,0.824277400970459,
8,390,0,0.7331801652908325,
8,391,0,0.785214900970459,
8,392,0,0.821815013885498,
8,393,0,0.7964392304420471,
8,394,0,0.7721744775772095,
8,395,0,0.81531822681427,
8,396,0,0.7962449789047241,
8,397,0,0.8061231970787048,
8,398,0,0.8183387517929077,
8,399,0,0.7613138556480408,
8,400,0,0.8118427991867065,
8,401,0,0.7624815106391907,
8,402,0,0.7895864248275757,
8,403,0,0.8007832169532776,
8,404,0,0.778205931186676,
8,405,0,0.8229063153266907,
8,406,0,0.7871969938278198,
8,407,0,0.7825751304626465,
8,408,0,0.7625112533569336,
8,409,0,0.7556262612342834,
8,410,0,0.7544597387313843,
8,411,0,0.7515525221824646,
8,412,0,0.8268566131591797,
8,413,0,0.8109497427940369,
8,414,0,0.7423371076583862,
8,415,0,0.7992277145385742,
8,416,0,0.8277333378791809,
8,417,0,0.7606180906295776,
8,418,0,0.7414315938949585,
8,419,0,0.7300311923027039,
8,420,0,0.7906512022018433,
8,421,0,0.8100124001502991,
8,422,0,0.8185455799102783,
8,423,0,0.8249623775482178,
8,424,0,0.7572780847549438,
8,425,0,0.817838191986084,
8,426,0,0.7996582984924316,
8,427,0,0.7737895250320435,
8,428,0,0.7883796095848083,
8,429,0,0.8045732378959656,
8,430,0,0.8097916841506958,
8,431,0,0.7613549828529358,
8,432,0,0.8098397254943848,
8,433,0,0.7874473929405212,
8,434,0,0.8265994787216187,
8,435,0,0.7366139888763428,
8,436,0,0.7790132761001587,
8,437,0,0.765200674533844,
8,438,0,0.8223186135292053,
8,439,0,0.7819402813911438,
8,440,0,0.7561646699905396,
8,441,0,0.7888578176498413,
8,442,0,0.787493109703064,
8,443,0,0.8147572875022888,
8,444,0,0.7956279516220093,
8,445,0,0.829846978187561,
8,446,0,0.8196479678153992,
8,447,0,0.7904167771339417,
8,448,0,0.7533413171768188,
8,449,0,0.7884407043457031,
8,450,0,0.8240336775779724,
8,451,0,0.8090627193450928,
8,452,0,0.7686154842376709,
8,453,0,0.8297522664070129,
8,454,0,0.8178070783615112,
8,455,0,0.7925736904144287,
8,456,0,0.8061320781707764,
8,457,0,0.8068148493766785,
8,458,0,0.8035383224487305,
8,459,0,0.7666560411453247,
8,460,0,0.784546971321106,
8,461,0,0.7574979066848755,
8,462,0,0.7861407399177551,
8,463,0,0.7797523736953735,
8,464,0,0.7846946120262146,
8,465,0,0.7539530992507935,
8,466,0,0.8261328935623169,
8,467,0,0.7924250364303589,
8,468,0,0.8095652461051941,
8,469,0,0.8284307718276978,
8,470,0,0.7525591850280762,
8,471,0,0.8031712770462036,
8,472,0,0.7739095687866211,
8,473,0,0.7967661023139954,
8,474,0,0.8083286881446838,
8,475,0,0.8159025311470032,
8,476,0,0.8037278056144714,
8,477,0,0.7696906328201294,
8,478,0,0.8219355940818787,
8,479,0,0.822007417678833,
8,480,0,0.7496637105941772,
8,481,0,0.8046211004257202,
8,482,0,0.7447236776351929,
8,483,0,0.8136263489723206,
8,484,0,0.8297604322433472,
8,485,0,0.8011788129806519,
8,486,0,0.7280974388122559,
8,487,0,0.8203447461128235,
8,488,0,0.7507795095443726,
8,489,0,0.7788519859313965,
8,490,0,0.7885934114456177,
8,491,0,0.7560993432998657,
8,492,0,0.7993333339691162,
8,493,0,0.8316709995269775,
8,494,0,0.8097969889640808,
8,495,0,0.7783660888671875,
8,496,0,0.810301661491394,
8,497,0,0.8002622723579407,
8,498,0,0.8034287095069885,
8,499,0,0.7247244119644165,
8,500,0,0.7190190553665161,
8,501,0,0.7698860764503479,
8,502,0,0.7464483976364136,
8,503,0,0.7787655591964722,
8,504,0,0.7657402753829956,
8,505,0,0.7907825112342834,
8,506,0,0.7853651642799377,
8,507,0,0.7680646181106567,
8,508,0,0.8116602301597595,
8,509,0,0.7846285700798035,
8,510,0,0.7989637851715088,
8,511,0,0.8187363147735596,
8,512,0,0.7882848978042603,
8,513,0,0.8180416226387024,
8,514,0,0.7899163365364075,
8,515,0,0.747913122177124,
8,516,0,0.7741045951843262,
8,517,0,0.7635729908943176,
8,518,0,0.7961199879646301,
8,519,0,0.7886607050895691,
8,520,0,0.758495569229126,
8,521,0,0.7563492655754089,
8,522,0,0.8061016798019409,
8,523,0,0.8198397159576416,
8,524,0,0.7961836457252502,
8,525,0,0.8018346428871155,
8,526,0,0.8099827170372009,
8,527,0,0.7852292060852051,
8,528,0,0.7978051900863647,
8,529,0,0.8213674426078796,
8,530,0,0.7869598269462585,
8,531,0,0.755235493183136,
8,532,0,0.7941967248916626,
8,533,0,0.8296072483062744,
8,534,0,0.8060557842254639,
8,535,0,0.765930712223053,
8,536,0,0.7901597023010254,
8,537,0,0.8100865483283997,
8,538,0,0.7152585983276367,
8,539,0,0.7548841238021851,
8,540,0,0.8166111707687378,
8,541,0,0.8203641176223755,
8,542,0,0.7893816232681274,
8,543,0,0.7289046049118042,
8,544,0,0.7512470483779907,
8,545,0,0.7452871203422546,
8,546,0,0.8131226897239685,
8,547,0,0.7997124195098877,
8,548,0,0.8007098436355591,
8,549,0,0.8160547614097595,
8,550,0,0.7836403250694275,
8,551,0,0.7862240672111511,
8,552,0,0.7536332011222839,
8,553,0,0.7883327007293701,
8,554,0,0.78020179271698,
8,555,0,0.7631662487983704,
8,556,0,0.7990854978561401,
8,557,0,0.7881534099578857,
8,558,0,0.7908648252487183,
8,559,0,0.7255520820617676,
8,560,0,0.8011700510978699,
8,561,0,0.7700597047805786,
8,562,0,0.8019359111785889,
8,563,0,0.817973256111145,
8,564,0,0.7892842292785645,
8,565,0,0.7563906908035278,
8,566,0,0.8266071081161499,
8,567,0,0.7876399159431458,
8,568,0,0.7455223798751831,
8,569,0,0.7993226647377014,
8,570,0,0.757565975189209,
8,571,0,0.7701870203018188,
8,572,0,0.8199268579483032,
8,573,0,0.8232480883598328,
8,574,0,0.8072586059570312,
8,575,0,0.7321408987045288,
8,576,0,0.7139727473258972,
8,577,0,0.7315716743469238,
8,578,0,0.8048391938209534,
8,579,0,0.8031982779502869,
8,580,0,0.7936564683914185,
8,581,0,0.8151836395263672,
8,582,0,0.7733767032623291,
8,583,0,0.7961329817771912,
8,584,0,0.8070821166038513,
8,585,0,0.7797759771347046,
8,586,0,0.7463798522949219,
8,587,0,0.8229464888572693,
8,588,0,0.7769030332565308,
8,589,0,0.7663717269897461,
8,590,0,0.8005083799362183,
8,591,0,0.7449976801872253,
8,592,0,0.823783278465271,
8,593,0,0.7555909156799316,
8,594,0,0.7457143068313599,
8,595,0,0.8209016919136047,
8,596,0,0.8110588788986206,
8,597,0,0.7966957688331604,
8,598,0,0.7341879606246948,
8,599,0,0.8229095339775085,
8,600,0,0.8169544339179993,
8,601,0,0.7299073934555054,
8,602,0,0.7583733201026917,
8,603,0,0.8246857523918152,
8,604,0,0.7451153993606567,
8,val,,,0.805765982468923
9,0,0,0.789299488067627,
9,1,0,0.8248035907745361,
9,2,0,0.7463513612747192,
9,3,0,0.8044995069503784,
9,4,0,0.8148031234741211,
9,5,0,0.8118590116500854,
9,6,0,0.8284639716148376,
9,7,0,0.7896985411643982,
9,8,0,0.8134537935256958,
9,9,0,0.8151292204856873,
9,10,0,0.7784776091575623,
9,11,0,0.8274903893470764,
9,12,0,0.7463260889053345,
9,13,0,0.8076684474945068,
9,14,0,0.8104232549667358,
9,15,0,0.8050391674041748,
9,16,0,0.7989649772644043,
9,17,0,0.7969387769699097,
9,18,0,0.8191460371017456,
9,19,0,0.7844708561897278,
9,20,0,0.8031888604164124,
9,21,0,0.8166840076446533,
9,22,0,0.78879714012146,
9,23,0,0.7971722483634949,
9,24,0,0.8063669204711914,
9,25,0,0.7764686942100525,
9,26,0,0.8085063695907593,
9,27,0,0.805313229560852,
9,28,0,0.8104962110519409,
9,29,0,0.822287917137146,
9,30,0,0.7884893417358398,
9,31,0,0.7965592741966248,
9,32,0,0.8030610084533691,
9,33,0,0.7886645197868347,
9,34,0,0.7693881392478943,
9,35,0,0.8065658807754517,
9,36,0,0.764735221862793,
9,37,0,0.792874813079834,
9,38,0,0.8036701679229736,
9,39,0,0.7708468437194824,
9,40,0,0.7691283822059631,
9,41,0,0.7952799797058105,
9,42,0,0.7870766520500183,
9,43,0,0.8234225511550903,
9,44,0,0.7782775163650513,
9,45,0,0.792954683303833,
9,46,0,0.7992476224899292,
9,47,0,0.7408621311187744,
9,48,0,0.8141427040100098,
9,49,0,0.7675216197967529,
9,50,0,0.8220328092575073,
9,51,0,0.819831371307373,
9,52,0,0.8261972069740295,
9,53,0,0.8136026263237,
9,54,0,0.7603166103363037,
9,55,0,0.8171496391296387,
9,56,0,0.7245827913284302,
9,57,0,0.8090919852256775,
9,58,0,0.794314444065094,
9,59,0,0.8233736753463745,
9,60,0,0.8127932548522949,
9,61,0,0.8254029750823975,
9,62,0,0.7549608945846558,
9,63,0,0.7963787913322449,
9,64,0,0.7858771085739136,
9,65,0,0.8009144067764282,
9,66,0,0.746971845626831,
9,67,0,0.7752763032913208,
9,68,0,0.819511890411377,
9,69,0,0.8264679908752441,
9,70,0,0.7193830013275146,
9,71,0,0.7974481582641602,
9,72,0,0.7856173515319824,
9,73,0,0.7688263654708862,
9,74,0,0.8030989170074463,
9,75,0,0.7948993444442749,
9,76,0,0.7843194603919983,
9,77,0,0.8149458169937134,
9,78,0,0.8047080636024475,
9,79,0,0.7515655159950256,
9,80,0,0.7901750802993774,
9,81,0,0.7661964297294617,
9,82,0,0.8013818860054016,
9,83,0,0.7996665835380554,
9,84,0,0.8166306018829346,
9,85,0,0.8131771683692932,
9,86,0,0.7797832489013672,
9,87,0,0.8160594701766968,
9,88,0,0.7952516674995422,
9,89,0,0.8071051239967346,
9,90,0,0.8171831369400024,
9,91,0,0.7542480230331421,
9,92,0,0.8060666918754578,
9,93,0,0.8323110342025757,
9,94,0,0.756877601146698,
9,95,0,0.7282396554946899,
9,96,0,0.8117731213569641,
9,97,0,0.7331189513206482,
9,98,0,0.8099998235702515,
9,99,0,0.8185678720474243,
9,100,0,0.7928312420845032,
9,101,0,0.796173095703125,
9,102,0,0.7617064118385315,
9,103,0,0.8034781217575073,
9,104,0,0.788062572479248,
9,105,0,0.7813117504119873,
9,106,0,0.7394391298294067,
9,107,0,0.7719876766204834,
9,108,0,0.8005056977272034,
9,109,0,0.7869417667388916,
9,110,0,0.8076512217521667,
9,111,0,0.8128922581672668,
9,112,0,0.7404529452323914,
9,113,0,0.8028522729873657,
9,114,0,0.7872375249862671,
9,115,0,0.7323777675628662,
9,116,0,0.7551647424697876,
9,117,0,0.7415603399276733,
9,118,0,0.8239308595657349,
9,119,0,0.7724067568778992,
9,120,0,0.806300938129425,
9,121,0,0.8232707381248474,
9,122,0,0.7738751173019409,
9,123,0,0.7488586902618408,
9,124,0,0.7736443281173706,
9,125,0,0.759608268737793,
9,126,0,0.812464714050293,
9,127,0,0.7699724435806274,
9,128,0,0.7974996566772461,
9,129,0,0.7637926340103149,
9,130,0,0.8197188377380371,
9,131,0,0.8278366327285767,
9,132,0,0.764731228351593,
9,133,0,0.8166306018829346,
9,134,0,0.7728812098503113,
9,135,0,0.7977553009986877,
9,136,0,0.8222121000289917,
9,137,0,0.759699285030365,
9,138,0,0.8161008358001709,
9,139,0,0.7873990535736084,
9,140,0,0.8173613548278809,
9,141,0,0.7924412488937378,
9,142,0,0.7413047552108765,
9,143,0,0.7647302150726318,
9,144,0,0.7698628902435303,
9,145,0,0.7540954947471619,
9,146,0,0.8177505135536194,
9,147,0,0.8266352415084839,
9,148,0,0.8051252365112305,
9,149,0,0.7435098886489868,
9,150,0,0.8247252702713013,
9,151,0,0.7742636203765869,
9,152,0,0.8136199712753296,
9,153,0,0.7805045247077942,
9,154,0,0.8248967528343201,
9,155,0,0.8225971460342407,
9,156,0,0.7803994417190552,
9,157,0,0.8007063865661621,
9,158,0,0.7641230225563049,
9,159,0,0.7642722725868225,
9,160,0,0.7812037467956543,
9,161,0,0.7971988916397095,
9,162,0,0.8005895018577576,
9,163,0,0.8267980217933655,
9,164,0,0.7893364429473877,
9,165,0,0.7638252973556519,
9,166,0,0.7672433853149414,
9,167,0,0.8119024634361267,
9,168,0,0.7294145822525024,
9,169,0,0.744699239730835,
9,170,0,0.7689024209976196,
9,171,0,0.794122576713562,
9,172,0,0.822249710559845,
9,173,0,0.7536406517028809,
9,174,0,0.7495733499526978,
9,175,0,0.7848579287528992,
9,176,0,0.8262717723846436,
9,177,0,0.8255372643470764,
9,178,0,0.8087961077690125,
9,179,0,0.7937890887260437,
9,180,0,0.8157926201820374,
9,181,0,0.8016940355300903,
9,182,0,0.7829416990280151,
9,183,0,0.7597920894622803,
9,184,0,0.8193749785423279,
9,185,0,0.8024787306785583,
9,186,0,0.8053828477859497,
9,187,0,0.8140883445739746,
9,188,0,0.8102672696113586,
9,189,0,0.8073893189430237,
9,190,0,0.7571923732757568,
9,191,0,0.7536286115646362,
9,192,0,0.7771493792533875,
9,193,0,0.8118473887443542,
9,194,0,0.7954425811767578,
9,195,0,0.8072061538696289,
9,196,0,0.7363070249557495,
9,197,0,0.7265079021453857,
9,198,0,0.7732764482498169,
9,199,0,0.8211327195167542,
9,200,0,0.8028707504272461,
9,201,0,0.7978991866111755,
9,202,0,0.8245542645454407,
9,203,0,0.8175042867660522,
9,204,0,0.8279884457588196,
9,205,0,0.8187073469161987,
9,206,0,0.7489929795265198,
9,207,0,0.7663854360580444,
9,208,0,0.8212693929672241,
9,209,0,0.7816876769065857,
9,210,0,0.8311678767204285,
9,211,0,0.7801339626312256,
9,212,0,0.7975224852561951,
9,213,0,0.7642056941986084,
9,214,0,0.8132367730140686,
9,215,0,0.7644741535186768,
9,216,0,0.8192054629325867,
9,217,0,0.8097395896911621,
9,218,0,0.7848798632621765,
9,219,0,0.7514786720275879,
9,220,0,0.7432386875152588,
9,221,0,0.8319721817970276,
9,222,0,0.7668806314468384,
9,223,0,0.73857581615448,
9,224,0,0.8227704763412476,
9,225,0,0.7051648497581482,
9,226,0,0.7851961255073547,
9,227,0,0.8084626197814941,
9,228,0,0.7993088960647583,
9,229,0,0.8093873262405396,
9,230,0,0.7800724506378174,
9,231,0,0.7460217475891113,
9,232,0,0.7838133573532104,
9,233,0,0.813747227191925,
9,234,0,0.787792444229126,
9,235,0,0.7715505957603455,
9,236,0,0.740226149559021,
9,237,0,0.772038996219635,
9,238,0,0.8193128705024719,
9,239,0,0.8283456563949585,
9,240,0,0.7846326231956482,
9,241,0,0.8142883777618408,
9,242,0,0.784886360168457,
9,243,0,0.7842950820922852,
9,244,0,0.7660472393035889,
9,245,0,0.8085253834724426,
9,246,0,0.8080376386642456,
9,247,0,0.801529049873352,
9,248,0,0.8062362670898438,
9,249,0,0.7820950150489807,
9,250,0,0.806083083152771,
9,251,0,0.8248266577720642,
9,252,0,0.8114413022994995,
9,253,0,0.732310950756073,
9,254,0,0.7148598432540894,
9,255,0,0.8187978863716125,
9,256,0,0.8043100833892822,
9,257,0,0.8203417062759399,
9,258,0,0.7967630624771118,
9,259,0,0.8252155780792236,
9,260,0,0.7472012639045715,
9,261,0,0.7440332174301147,
9,262,0,0.7267333269119263,
9,263,0,0.8113998174667358,
9,264,0,0.7710539698600769,
9,265,0,0.7438830137252808,
9,266,0,0.7416592836380005,
9,267,0,0.8056624531745911,
9,268,0,0.82108074426651,
9,269,0,0.794552743434906,
9,270,0,0.8037689328193665,
9,271,0,0.7562057971954346,
9,272,0,0.8042288422584534,
9,273,0,0.8193308711051941,
9,274,0,0.8053522109985352,
9,275,0,0.7173833250999451,
9,276,0,0.8063725233078003,
9,277,0,0.8012733459472656,
9,278,0,0.7387396097183228,
9,279,0,0.7949466705322266,
9,280,0,0.8125952482223511,
9,281,0,0.7549947500228882,
9,282,0,0.8026743531227112,
9,283,0,0.7736240029335022,
9,284,0,0.7631118297576904,
9,285,0,0.7830246090888977,
9,286,0,0.812209963798523,
9,287,0,0.7849829196929932,
9,288,0,0.8178326487541199,
9,289,0,0.774290919303894,
9,290,0,0.816255509853363,
9,291,0,0.8204735517501831,
9,292,0,0.7929121255874634,
9,293,0,0.7166234850883484,
9,294,0,0.8164098858833313,
9,295,0,0.7234046459197998,
9,296,0,0.7614986896514893,
9,297,0,0.8201135396957397,
9,298,0,0.7636736631393433,
9,299,0,0.7956041097640991,
9,300,0,0.7453294992446899,
9,301,0,0.8007495403289795,
9,302,0,0.8371343016624451,
9,303,0,0.8046575784683228,
9,304,0,0.7625449895858765,
9,305,0,0.813368558883667,
9,306,0,0.735245943069458,
9,307,0,0.7266032695770264,
9,308,0,0.796983003616333,
9,309,0,0.7632513046264648,
9,310,0,0.7787408828735352,
9,311,0,0.7488110065460205,
9,312,0,0.788689911365509,
9,313,0,0.8017750382423401,
9,314,0,0.8045699000358582,
9,315,0,0.7992902398109436,
9,316,0,0.8087612986564636,
9,317,0,0.8178660869598389,
9,318,0,0.8113672137260437,
9,319,0,0.8219034671783447,
9,320,0,0.7406948208808899,
9,321,0,0.745489776134491,
9,322,0,0.8246448636054993,
9,323,0,0.8201836347579956,
9,324,0,0.794145941734314,
9,325,0,0.8244277834892273,
9,326,0,0.8189427256584167,
9,327,0,0.7575908303260803,
9,328,0,0.7510348558425903,
9,329,0,0.7378373146057129,
9,330,0,0.7916768789291382,
9,331,0,0.781065821647644,
9,332,0,0.7949877381324768,
9,333,0,0.7826207280158997,
9,334,0,0.7634274959564209,
9,335,0,0.8120214343070984,
9,336,0,0.8025556802749634,
9,337,0,0.716335654258728,
9,338,0,0.8117557168006897,
9,339,0,0.7987768650054932,
9,340,0,0.801216721534729,
9,341,0,0.7754641771316528,
9,342,0,0.8066695928573608,
9,343,0,0.8145191669464111,
9,344,0,0.8070564866065979,
9,345,0,0.7308139801025391,
9,346,0,0.7700533866882324,
9,347,0,0.8003189563751221,
9,348,0,0.8382230997085571,
9,349,0,0.7898513078689575,
9,350,0,0.7675594687461853,
9,351,0,0.7763568758964539,
9,352,0,0.8073011636734009,
9,353,0,0.7898868918418884,
9,354,0,0.8314384818077087,
9,355,0,0.767790675163269,
9,356,0,0.8293092846870422,
9,357,0,0.7873165607452393,
9,358,0,0.8159842491149902,
9,359,0,0.7962431907653809,
9,360,0,0.7853912711143494,
9,361,0,0.760783851146698,
9,362,0,0.7790334820747375,
9,363,0,0.8116223812103271,
9,364,0,0.7595518231391907,
9,365,0,0.7182285785675049,
9,366,0,0.7323555946350098,
9,367,0,0.7379282712936401,
9,368,0,0.8039290904998779,
9,369,0,0.8162692189216614,
9,370,0,0.7824046015739441,
9,371,0,0.8205838203430176,
9,372,0,0.7922021746635437,
9,373,0,0.8086962699890137,
9,374,0,0.7725890278816223,
9,375,0,0.7538051009178162,
9,376,0,0.8100892901420593,
9,377,0,0.8190354108810425,
9,378,0,0.724506139755249,
9,379,0,0.8193340301513672,
9,380,0,0.715592622756958,
9,381,0,0.7421972155570984,
9,382,0,0.7473751902580261,
9,383,0,0.7245974540710449,
9,384,0,0.8082274198532104,
9,385,0,0.8046122789382935,
9,386,0,0.7672055959701538,
9,387,0,0.7923827767372131,
9,388,0,0.7345219850540161,
9,389,0,0.8236197829246521,
9,390,0,0.7162269353866577,
9,391,0,0.7796958684921265,
9,392,0,0.8170368075370789,
9,393,0,0.7904297709465027,
9,394,0,0.7634613513946533,
9,395,0,0.8121734857559204,
9,396,0,0.7908998131752014,
9,397,0,0.8053840398788452,
9,398,0,0.8189350366592407,
9,399,0,0.754774808883667,
9,400,0,0.8126586675643921,
9,401,0,0.7543888688087463,
9,402,0,0.7864499092102051,
9,403,0,0.8001537322998047,
9,404,0,0.7704037427902222,
9,405,0,0.8175598382949829,
9,406,0,0.7754538059234619,
9,407,0,0.778888463973999,
9,408,0,0.7484468221664429,
9,409,0,0.7436997890472412,
9,410,0,0.7485984563827515,
9,411,0,0.7455999851226807,
9,412,0,0.8235695362091064,
9,413,0,0.8098368644714355,
9,414,0,0.7289885878562927,
9,415,0,0.7929474115371704,
9,416,0,0.8306751847267151,
9,417,0,0.755927562713623,
9,418,0,0.7300223708152771,
9,419,0,0.7109402418136597,
9,420,0,0.7879012823104858,
9,421,0,0.8070917725563049,
9,422,0,0.816458523273468,
9,423,0,0.8206896781921387,
9,424,0,0.7488903999328613,
9,425,0,0.8153147101402283,
9,426,0,0.7992302775382996,
9,427,0,0.7671117186546326,
9,428,0,0.7825570106506348,
9,429,0,0.8063731789588928,
9,430,0,0.8090044260025024,
9,431,0,0.7503483295440674,
9,432,0,0.8008509874343872,
9,433,0,0.7812208533287048,
9,434,0,0.8183398842811584,
9,435,0,0.7280959486961365,
9,436,0,0.7696830034255981,
9,437,0,0.7560093998908997,
9,438,0,0.8208600282669067,
9,439,0,0.7741610407829285,
9,440,0,0.7453731298446655,
9,441,0,0.7843834161758423,
9,442,0,0.7830114364624023,
9,443,0,0.8158777952194214,
9,444,0,0.7895352244377136,
9,445,0,0.8213646411895752,
9,446,0,0.8150722980499268,
9,447,0,0.7881790399551392,
9,448,0,0.7408773899078369,
9,449,0,0.783661961555481,
9,450,0,0.824907124042511,
9,451,0,0.8103885054588318,
9,452,0,0.7576817274093628,
9,453,0,0.8263052105903625,
9,454,0,0.8168716430664062,
9,455,0,0.7870393395423889,
9,456,0,0.7993626594543457,
9,457,0,0.8045752048492432,
9,458,0,0.8000463843345642,
9,459,0,0.7532389760017395,
9,460,0,0.7762734889984131,
9,461,0,0.7522393465042114,
9,462,0,0.778270959854126,
9,463,0,0.777622640132904,
9,464,0,0.7794994711875916,
9,465,0,0.7477407455444336,
9,466,0,0.8188039064407349,
9,467,0,0.7867718935012817,
9,468,0,0.808842658996582,
9,469,0,0.826190173625946,
9,470,0,0.7487925887107849,
9,471,0,0.8050578832626343,
9,472,0,0.7644741535186768,
9,473,0,0.7951075434684753,
9,474,0,0.8010728359222412,
9,475,0,0.8147835731506348,
9,476,0,0.8059276342391968,
9,477,0,0.7601221799850464,
9,478,0,0.8188172578811646,
9,479,0,0.8237581849098206,
9,480,0,0.7351617217063904,
9,481,0,0.8014525175094604,
9,482,0,0.7361689805984497,
9,483,0,0.809025228023529,
9,484,0,0.819694459438324,
9,485,0,0.7938238382339478,
9,486,0,0.7144809365272522,
9,487,0,0.8209816217422485,
9,488,0,0.7494970560073853,
9,489,0,0.7761259078979492,
9,490,0,0.7801791429519653,
9,491,0,0.7457947134971619,
9,492,0,0.7893832921981812,
9,493,0,0.8283931016921997,
9,494,0,0.809471607208252,
9,495,0,0.7774705290794373,
9,496,0,0.8003159165382385,
9,497,0,0.8046257495880127,
9,498,0,0.8019429445266724,
9,499,0,0.7163566946983337,
9,500,0,0.7065083980560303,
9,501,0,0.761944591999054,
9,502,0,0.7308672666549683,
9,503,0,0.7775077819824219,
9,504,0,0.7579902410507202,
9,505,0,0.7883848547935486,
9,506,0,0.7795580625534058,
9,507,0,0.7643463611602783,
9,508,0,0.8092130422592163,
9,509,0,0.7816815376281738,
9,510,0,0.7947840690612793,
9,511,0,0.8151067495346069,
9,512,0,0.779891848564148,
9,513,0,0.8160359859466553,
9,514,0,0.782366156578064,
9,515,0,0.7381579875946045,
9,516,0,0.76523756980896,
9,517,0,0.7553150653839111,
9,518,0,0.7907735705375671,
9,519,0,0.786932110786438,
9,520,0,0.7480676174163818,
9,521,0,0.749891459941864,
9,522,0,0.8037770986557007,
9,523,0,0.819396436214447,
9,524,0,0.794894814491272,
9,525,0,0.7963542342185974,
9,526,0,0.8047040104866028,
9,527,0,0.7784283757209778,
9,528,0,0.7931978702545166,
9,529,0,0.8147680759429932,
9,530,0,0.7852277755737305,
9,531,0,0.743843674659729,
9,532,0,0.7905286550521851,
9,533,0,0.8228579759597778,
9,534,0,0.8025392293930054,
9,535,0,0.7595614790916443,
9,536,0,0.7871288061141968,
9,537,0,0.8038637042045593,
9,538,0,0.7020220756530762,
9,539,0,0.745132565498352,
9,540,0,0.8117939233779907,
9,541,0,0.8170774579048157,
9,542,0,0.7814198136329651,
9,543,0,0.7214867472648621,
9,544,0,0.7449274063110352,
9,545,0,0.7383251190185547,
9,546,0,0.8102073073387146,
9,547,0,0.7968952655792236,
9,548,0,0.7946416735649109,
9,549,0,0.8165755867958069,
9,550,0,0.7785031199455261,
9,551,0,0.7832059860229492,
9,552,0,0.7383575439453125,
9,553,0,0.7776464819908142,
9,554,0,0.7747236490249634,
9,555,0,0.7560277581214905,
9,556,0,0.7958670258522034,
9,557,0,0.7874332666397095,
9,558,0,0.7885159254074097,
9,559,0,0.7114357352256775,
9,560,0,0.7988271117210388,
9,561,0,0.7582358717918396,
9,562,0,0.800951361656189,
9,563,0,0.8179944157600403,
9,564,0,0.785442054271698,
9,565,0,0.7509577870368958,
9,566,0,0.8252345323562622,
9,567,0,0.7840090394020081,
9,568,0,0.7335707545280457,
9,569,0,0.7949821352958679,
9,570,0,0.7446179389953613,
9,571,0,0.7661995887756348,
9,572,0,0.820132851600647,
9,573,0,0.8221149444580078,
9,574,0,0.8036744594573975,
9,575,0,0.7262008190155029,
9,576,0,0.6941053867340088,
9,577,0,0.7249547243118286,
9,578,0,0.8043620586395264,
9,579,0,0.8045168519020081,
9,580,0,0.7920419573783875,
9,581,0,0.8053913116455078,
9,582,0,0.7646517157554626,
9,583,0,0.787926971912384,
9,584,0,0.805528461933136,
9,585,0,0.7749364972114563,
9,586,0,0.7387626767158508,
9,587,0,0.8262102603912354,
9,588,0,0.7677046060562134,
9,589,0,0.7587924599647522,
9,590,0,0.7985818386077881,
9,591,0,0.7338464260101318,
9,592,0,0.8228203058242798,
9,593,0,0.7485902905464172,
9,594,0,0.7361241579055786,
9,595,0,0.8268226385116577,
9,596,0,0.8131358027458191,
9,597,0,0.7893673777580261,
9,598,0,0.718113124370575,
9,599,0,0.8172073364257812,
9,600,0,0.8189336657524109,
9,601,0,0.7187662720680237,
9,602,0,0.7507591247558594,
9,603,0,0.8235298991203308,
9,604,0,0.7328410148620605,
9,val,,,0.8053544704119364
10,0,0,0.7874307036399841,
10,1,0,0.8219831585884094,
10,2,0,0.7403973340988159,
10,3,0,0.8055204749107361,
10,4,0,0.8079112768173218,
10,5,0,0.809849202632904,
10,6,0,0.828967273235321,
10,7,0,0.7857590317726135,
10,8,0,0.8116995096206665,
10,9,0,0.8167634010314941,
10,10,0,0.7691357135772705,
10,11,0,0.8208371996879578,
10,12,0,0.741732656955719,
10,13,0,0.8015498518943787,
10,14,0,0.8032417297363281,
10,15,0,0.7964515089988708,
10,16,0,0.7981740236282349,
10,17,0,0.7958037257194519,
10,18,0,0.8232346773147583,
10,19,0,0.7807592749595642,
10,20,0,0.799675464630127,
10,21,0,0.8136605024337769,
10,22,0,0.7861661911010742,
10,23,0,0.7940611839294434,
10,24,0,0.803067684173584,
10,25,0,0.7687606811523438,
10,26,0,0.80562824010849,
10,27,0,0.7926324605941772,
10,28,0,0.8029840588569641,
10,29,0,0.8185476064682007,
10,30,0,0.7853847742080688,
10,31,0,0.7927486896514893,
10,32,0,0.8065606355667114,
10,33,0,0.7832003235816956,
10,34,0,0.7627848982810974,
10,35,0,0.807498574256897,
10,36,0,0.7572330236434937,
10,37,0,0.7922977805137634,
10,38,0,0.7924469709396362,
10,39,0,0.7679885625839233,
10,40,0,0.7576678991317749,
10,41,0,0.794744074344635,
10,42,0,0.7787149548530579,
10,43,0,0.8263501524925232,
10,44,0,0.769039511680603,
10,45,0,0.7920193672180176,
10,46,0,0.7951919436454773,
10,47,0,0.7328647971153259,
10,48,0,0.8098652958869934,
10,49,0,0.7594522833824158,
10,50,0,0.8231173753738403,
10,51,0,0.8128215074539185,
10,52,0,0.8240381479263306,
10,53,0,0.8123875856399536,
10,54,0,0.7532299757003784,
10,55,0,0.8203757405281067,
10,56,0,0.7144653797149658,
10,57,0,0.8049280643463135,
10,58,0,0.7887698411941528,
10,59,0,0.8195672035217285,
10,60,0,0.8119150400161743,
10,61,0,0.8253783583641052,
10,62,0,0.7475277781486511,
10,63,0,0.7943820953369141,
10,64,0,0.780765175819397,
10,65,0,0.7979106307029724,
10,66,0,0.7388944625854492,
10,67,0,0.7651961445808411,
10,68,0,0.8164634704589844,
10,69,0,0.8257211446762085,
10,70,0,0.705478310585022,
10,71,0,0.7940425276756287,
10,72,0,0.7783890962600708,
10,73,0,0.7682845592498779,
10,74,0,0.7932170629501343,
10,75,0,0.7921220660209656,
10,76,0,0.7773136496543884,
10,77,0,0.8133517503738403,
10,78,0,0.8058987259864807,
10,79,0,0.7447178363800049,
10,80,0,0.7823593616485596,
10,81,0,0.7541812062263489,
10,82,0,0.7972081899642944,
10,83,0,0.8005391955375671,
10,84,0,0.8157591819763184,
10,85,0,0.8106817007064819,
10,86,0,0.7762879133224487,
10,87,0,0.8148984313011169,
10,88,0,0.788338840007782,
10,89,0,0.8021290302276611,
10,90,0,0.8109071254730225,
10,91,0,0.7461168766021729,
10,92,0,0.8018708825111389,
10,93,0,0.8361222743988037,
10,94,0,0.7545415759086609,
10,95,0,0.7091350555419922,
10,96,0,0.8083199858665466,
10,97,0,0.7170971632003784,
10,98,0,0.8052029013633728,
10,99,0,0.810382068157196,
10,100,0,0.7861459851264954,
10,101,0,0.7926551103591919,
10,102,0,0.749311089515686,
10,103,0,0.8052991628646851,
10,104,0,0.7817553877830505,
10,105,0,0.7734490633010864,
10,106,0,0.7293097972869873,
10,107,0,0.771001398563385,
10,108,0,0.7946404814720154,
10,109,0,0.783234715461731,
10,110,0,0.80754154920578,
10,111,0,0.8145891427993774,
10,112,0,0.7226800918579102,
10,113,0,0.8034044504165649,
10,114,0,0.7792941927909851,
10,115,0,0.7254623174667358,
10,116,0,0.7434260845184326,
10,117,0,0.7286816835403442,
10,118,0,0.8197059631347656,
10,119,0,0.7666279077529907,
10,120,0,0.80445396900177,
10,121,0,0.8181427121162415,
10,122,0,0.7647112011909485,
10,123,0,0.7356233596801758,
10,124,0,0.76451575756073,
10,125,0,0.7526358366012573,
10,126,0,0.807661235332489,
10,127,0,0.7621347308158875,
10,128,0,0.7912061810493469,
10,129,0,0.7554250955581665,
10,130,0,0.8154212236404419,
10,131,0,0.8261887431144714,
10,132,0,0.7596839070320129,
10,133,0,0.8174026012420654,
10,134,0,0.766772449016571,
10,135,0,0.7918301820755005,
10,136,0,0.8256154656410217,
10,137,0,0.7507292628288269,
10,138,0,0.818862795829773,
10,139,0,0.7852556705474854,
10,140,0,0.8132026195526123,
10,141,0,0.78106290102005,
10,142,0,0.7323299050331116,
10,143,0,0.7583007216453552,
10,144,0,0.7588555812835693,
10,145,0,0.7363336086273193,
10,146,0,0.8132064342498779,
10,147,0,0.8249850273132324,
10,148,0,0.8031079173088074,
10,149,0,0.7310351133346558,
10,150,0,0.8229189515113831,
10,151,0,0.7692710161209106,
10,152,0,0.8147924542427063,
10,153,0,0.7757977247238159,
10,154,0,0.8241787552833557,
10,155,0,0.8139142394065857,
10,156,0,0.774398922920227,
10,157,0,0.7973378896713257,
10,158,0,0.7531312704086304,
10,159,0,0.7572323679924011,
10,160,0,0.7786502838134766,
10,161,0,0.792457103729248,
10,162,0,0.7976117730140686,
10,163,0,0.8243327736854553,
10,164,0,0.7811058759689331,
10,165,0,0.758063554763794,
10,166,0,0.7549322843551636,
10,167,0,0.8101213574409485,
10,168,0,0.715053915977478,
10,169,0,0.7298347353935242,
10,170,0,0.7664901614189148,
10,171,0,0.7860995531082153,
10,172,0,0.8249854445457458,
10,173,0,0.7489916086196899,
10,174,0,0.7370292544364929,
10,175,0,0.7815977931022644,
10,176,0,0.8230835199356079,
10,177,0,0.8251526951789856,
10,178,0,0.8049860000610352,
10,179,0,0.7902496457099915,
10,180,0,0.8129144310951233,
10,181,0,0.7988333702087402,
10,182,0,0.7797425389289856,
10,183,0,0.7514567375183105,
10,184,0,0.8208443522453308,
10,185,0,0.802524745464325,
10,186,0,0.8046050071716309,
10,187,0,0.814434826374054,
10,188,0,0.8045759201049805,
10,189,0,0.8078539967536926,
10,190,0,0.7479342818260193,
10,191,0,0.747330367565155,
10,192,0,0.7717583179473877,
10,193,0,0.8128540515899658,
10,194,0,0.793018639087677,
10,195,0,0.8020831346511841,
10,196,0,0.7225891351699829,
10,197,0,0.7118151187896729,
10,198,0,0.7632480263710022,
10,199,0,0.8221667408943176,
10,200,0,0.7978047132492065,
10,201,0,0.7907167077064514,
10,202,0,0.8252540826797485,
10,203,0,0.817775547504425,
10,204,0,0.8263002634048462,
10,205,0,0.814841628074646,
10,206,0,0.7421082258224487,
10,207,0,0.7618075609207153,
10,208,0,0.8227282762527466,
10,209,0,0.7745181322097778,
10,210,0,0.8347110152244568,
10,211,0,0.7748336791992188,
10,212,0,0.7900046110153198,
10,213,0,0.7577860951423645,
10,214,0,0.8114194869995117,
10,215,0,0.7580401301383972,
10,216,0,0.8206636905670166,
10,217,0,0.8034164905548096,
10,218,0,0.7833564281463623,
10,219,0,0.7412261962890625,
10,220,0,0.7274537086486816,
10,221,0,0.8220362663269043,
10,222,0,0.7600184679031372,
10,223,0,0.726643443107605,
10,224,0,0.825757622718811,
10,225,0,0.6967093348503113,
10,226,0,0.7817755341529846,
10,227,0,0.8076423406600952,
10,228,0,0.7943032383918762,
10,229,0,0.8066580891609192,
10,230,0,0.7724453210830688,
10,231,0,0.7304683923721313,
10,232,0,0.7749104499816895,
10,233,0,0.8116744160652161,
10,234,0,0.7839044332504272,
10,235,0,0.7622982263565063,
10,236,0,0.7335363030433655,
10,237,0,0.7610805630683899,
10,238,0,0.822390079498291,
10,239,0,0.827840268611908,
10,240,0,0.7798447608947754,
10,241,0,0.8169390559196472,
10,242,0,0.7790063619613647,
10,243,0,0.7760000228881836,
10,244,0,0.7613600492477417,
10,245,0,0.8040879964828491,
10,246,0,0.8118022084236145,
10,247,0,0.8031743168830872,
10,248,0,0.8078418374061584,
10,249,0,0.7751224637031555,
10,250,0,0.8056097030639648,
10,251,0,0.8201037645339966,
10,252,0,0.8131373524665833,
10,253,0,0.7262248992919922,
10,254,0,0.7046240568161011,
10,255,0,0.8093761801719666,
10,256,0,0.8029963970184326,
10,257,0,0.815204381942749,
10,258,0,0.7900116443634033,
10,259,0,0.8256398439407349,
10,260,0,0.7348505258560181,
10,261,0,0.7328940629959106,
10,262,0,0.7153204679489136,
10,263,0,0.8084577918052673,
10,264,0,0.7712408304214478,
10,265,0,0.7380681037902832,
10,266,0,0.7277528047561646,
10,267,0,0.8017575740814209,
10,268,0,0.8194506764411926,
10,269,0,0.7912149429321289,
10,270,0,0.797707200050354,
10,271,0,0.743920087814331,
10,272,0,0.8006139397621155,
10,273,0,0.8206089735031128,
10,274,0,0.8025542497634888,
10,275,0,0.7050857543945312,
10,276,0,0.8034694790840149,
10,277,0,0.8037270307540894,
10,278,0,0.7363605499267578,
10,279,0,0.7941934466362,
10,280,0,0.8112112283706665,
10,281,0,0.7445262670516968,
10,282,0,0.8004724979400635,
10,283,0,0.767677366733551,
10,284,0,0.7451220750808716,
10,285,0,0.7806694507598877,
10,286,0,0.810883641242981,
10,287,0,0.7760381698608398,
10,288,0,0.8181256055831909,
10,289,0,0.7694135308265686,
10,290,0,0.8186812400817871,
10,291,0,0.8172782063484192,
10,292,0,0.7906057238578796,
10,293,0,0.6971745491027832,
10,294,0,0.8094080090522766,
10,295,0,0.7119631767272949,
10,296,0,0.7525871992111206,
10,297,0,0.8155043721199036,
10,298,0,0.7532974481582642,
10,299,0,0.7939479351043701,
10,300,0,0.7295042276382446,
10,301,0,0.7964979410171509,
10,302,0,0.8314030170440674,
10,303,0,0.8028260469436646,
10,304,0,0.7574945688247681,
10,305,0,0.8076186776161194,
10,306,0,0.7213982939720154,
10,307,0,0.7130889892578125,
10,308,0,0.7923262119293213,
10,309,0,0.7594059705734253,
10,310,0,0.7740350365638733,
10,311,0,0.7369085550308228,
10,312,0,0.7822022438049316,
10,313,0,0.7928005456924438,
10,314,0,0.8076741099357605,
10,315,0,0.795910656452179,
10,316,0,0.8064597845077515,
10,317,0,0.8119887709617615,
10,318,0,0.8067259788513184,
10,319,0,0.8277867436408997,
10,320,0,0.7347253561019897,
10,321,0,0.7340513467788696,
10,322,0,0.8246066570281982,
10,323,0,0.8209927082061768,
10,324,0,0.7895219922065735,
10,325,0,0.8224351406097412,
10,326,0,0.8138550519943237,
10,327,0,0.750340461730957,
10,328,0,0.740549623966217,
10,329,0,0.719376802444458,
10,330,0,0.7876507639884949,
10,331,0,0.7741280198097229,
10,332,0,0.7919018864631653,
10,333,0,0.7772952318191528,
10,334,0,0.7552553415298462,
10,335,0,0.8081812858581543,
10,336,0,0.8008478283882141,
10,337,0,0.7051819562911987,
10,338,0,0.7998872995376587,
10,339,0,0.796985387802124,
10,340,0,0.7972066402435303,
10,341,0,0.7677164673805237,
10,342,0,0.8033377528190613,
10,343,0,0.8088979721069336,
10,344,0,0.8039853572845459,
10,345,0,0.71571946144104,
10,346,0,0.7593246698379517,
10,347,0,0.796093761920929,
10,348,0,0.8323352336883545,
10,349,0,0.7857754826545715,
10,350,0,0.7558526992797852,
10,351,0,0.7661700248718262,
10,352,0,0.8062945604324341,
10,353,0,0.7852354645729065,
10,354,0,0.8275612592697144,
10,355,0,0.762843668460846,
10,356,0,0.8239270448684692,
10,357,0,0.7854107618331909,
10,358,0,0.8120529651641846,
10,359,0,0.7942529916763306,
10,360,0,0.7779810428619385,
10,361,0,0.7514128088951111,
10,362,0,0.7697170376777649,
10,363,0,0.8066034913063049,
10,364,0,0.7503050565719604,
10,365,0,0.7034913897514343,
10,366,0,0.7179956436157227,
10,367,0,0.7202643156051636,
10,368,0,0.7975308895111084,
10,369,0,0.8160528540611267,
10,370,0,0.7770620584487915,
10,371,0,0.8137524127960205,
10,372,0,0.7859264612197876,
10,373,0,0.8066180944442749,
10,374,0,0.7689405083656311,
10,375,0,0.7430970072746277,
10,376,0,0.80671226978302,
10,377,0,0.818175733089447,
10,378,0,0.7142357230186462,
10,379,0,0.821765661239624,
10,380,0,0.7015129327774048,
10,381,0,0.7279647588729858,
10,382,0,0.7390227317810059,
10,383,0,0.7145608067512512,
10,384,0,0.8012778759002686,
10,385,0,0.8064080476760864,
10,386,0,0.7628531455993652,
10,387,0,0.7852131128311157,
10,388,0,0.7282510995864868,
10,389,0,0.821417510509491,
10,390,0,0.7040916681289673,
10,391,0,0.7734513878822327,
10,392,0,0.816365122795105,
10,393,0,0.7892186641693115,
10,394,0,0.7530820369720459,
10,395,0,0.8065586686134338,
10,396,0,0.790672779083252,
10,397,0,0.8031917214393616,
10,398,0,0.8155451416969299,
10,399,0,0.7502220273017883,
10,400,0,0.8121316432952881,
10,401,0,0.7424892783164978,
10,402,0,0.7861695289611816,
10,403,0,0.7982065677642822,
10,404,0,0.7687946557998657,
10,405,0,0.8211206793785095,
10,406,0,0.7679908871650696,
10,407,0,0.7746679782867432,
10,408,0,0.7359521389007568,
10,409,0,0.7399707436561584,
10,410,0,0.7366682291030884,
10,411,0,0.7356858253479004,
10,412,0,0.8283053040504456,
10,413,0,0.810835599899292,
10,414,0,0.720321774482727,
10,415,0,0.7889708876609802,
10,416,0,0.8274009227752686,
10,417,0,0.7378945350646973,
10,418,0,0.7118960618972778,
10,419,0,0.7023748159408569,
10,420,0,0.7817578911781311,
10,421,0,0.8100951910018921,
10,422,0,0.8151426911354065,
10,423,0,0.8225367069244385,
10,424,0,0.7417868375778198,
10,425,0,0.8125134706497192,
10,426,0,0.7972680330276489,
10,427,0,0.7557231187820435,
10,428,0,0.7812195420265198,
10,429,0,0.8052935004234314,
10,430,0,0.8100049495697021,
10,431,0,0.7440035343170166,
10,432,0,0.7997424006462097,
10,433,0,0.7795244455337524,
10,434,0,0.8200900554656982,
10,435,0,0.7114624977111816,
10,436,0,0.7635658979415894,
10,437,0,0.7510207295417786,
10,438,0,0.81853848695755,
10,439,0,0.7688837051391602,
10,440,0,0.7343902587890625,
10,441,0,0.7794106602668762,
10,442,0,0.7761697769165039,
10,443,0,0.8131820559501648,
10,444,0,0.7881881594657898,
10,445,0,0.817529559135437,
10,446,0,0.8107789754867554,
10,447,0,0.7860738635063171,
10,448,0,0.7269396185874939,
10,449,0,0.7780281901359558,
10,450,0,0.825005829334259,
10,451,0,0.8072220683097839,
10,452,0,0.7507967948913574,
10,453,0,0.8225195407867432,
10,454,0,0.8153449296951294,
10,455,0,0.783959686756134,
10,456,0,0.7980801463127136,
10,457,0,0.8020480871200562,
10,458,0,0.7968392372131348,
10,459,0,0.7493503093719482,
10,460,0,0.7668827772140503,
10,461,0,0.7431068420410156,
10,462,0,0.7703591585159302,
10,463,0,0.7652567028999329,
10,464,0,0.7712045311927795,
10,465,0,0.7336992025375366,
10,466,0,0.8150516748428345,
10,467,0,0.7755496501922607,
10,468,0,0.8071247339248657,
10,469,0,0.8273831009864807,
10,470,0,0.735782265663147,
10,471,0,0.7991726398468018,
10,472,0,0.7551034092903137,
10,473,0,0.7959320545196533,
10,474,0,0.79999840259552,
10,475,0,0.8089803457260132,
10,476,0,0.7982639074325562,
10,477,0,0.7512701749801636,
10,478,0,0.8195120096206665,
10,479,0,0.8211469054222107,
10,480,0,0.7271933555603027,
10,481,0,0.8007724285125732,
10,482,0,0.7287176847457886,
10,483,0,0.8067126870155334,
10,484,0,0.8148165941238403,
10,485,0,0.7923895120620728,
10,486,0,0.6945656538009644,
10,487,0,0.8165220618247986,
10,488,0,0.7445825338363647,
10,489,0,0.7671184539794922,
10,490,0,0.782909631729126,
10,491,0,0.7326393127441406,
10,492,0,0.7871884107589722,
10,493,0,0.8294025659561157,
10,494,0,0.8079986572265625,
10,495,0,0.7628297209739685,
10,496,0,0.7975590229034424,
10,497,0,0.7925944924354553,
10,498,0,0.7978106737136841,
10,499,0,0.704345703125,
10,500,0,0.6938554048538208,
10,501,0,0.7513341307640076,
10,502,0,0.7235169410705566,
10,503,0,0.7691847085952759,
10,504,0,0.7497326731681824,
10,505,0,0.7853326201438904,
10,506,0,0.7744749188423157,
10,507,0,0.7540016770362854,
10,508,0,0.8087814450263977,
10,509,0,0.7733954191207886,
10,510,0,0.791240930557251,
10,511,0,0.8129377961158752,
10,512,0,0.7710173726081848,
10,513,0,0.8150225281715393,
10,514,0,0.7727048993110657,
10,515,0,0.7326840758323669,
10,516,0,0.7566549181938171,
10,517,0,0.7515760660171509,
10,518,0,0.7854666709899902,
10,519,0,0.7767518758773804,
10,520,0,0.7362208366394043,
10,521,0,0.7371739149093628,
10,522,0,0.80210942029953,
10,523,0,0.8196319341659546,
10,524,0,0.7939637899398804,
10,525,0,0.7954134345054626,
10,526,0,0.8049477338790894,
10,527,0,0.7740359306335449,
10,528,0,0.7936397790908813,
10,529,0,0.8149124383926392,
10,530,0,0.778233528137207,
10,531,0,0.728716254234314,
10,532,0,0.7878264784812927,
10,533,0,0.824095606803894,
10,534,0,0.7983881235122681,
10,535,0,0.7504978775978088,
10,536,0,0.784568190574646,
10,537,0,0.8041654825210571,
10,538,0,0.690929651260376,
10,539,0,0.7405956983566284,
10,540,0,0.8109841346740723,
10,541,0,0.8207749128341675,
10,542,0,0.7787338495254517,
10,543,0,0.7124841213226318,
10,544,0,0.7449655532836914,
10,545,0,0.7320978045463562,
10,546,0,0.8044132590293884,
10,547,0,0.7928323149681091,
10,548,0,0.7937005758285522,
10,549,0,0.8158208131790161,
10,550,0,0.771817147731781,
10,551,0,0.7727898359298706,
10,552,0,0.7306368350982666,
10,553,0,0.7756619453430176,
10,554,0,0.7736703753471375,
10,555,0,0.7500035762786865,
10,556,0,0.7865192890167236,
10,557,0,0.7841682434082031,
10,558,0,0.7854238152503967,
10,559,0,0.7025243043899536,
10,560,0,0.7943041324615479,
10,561,0,0.7503174543380737,
10,562,0,0.7998695373535156,
10,563,0,0.8142906427383423,
10,564,0,0.7724418044090271,
10,565,0,0.7431586980819702,
10,566,0,0.825644850730896,
10,567,0,0.7786082029342651,
10,568,0,0.7227294445037842,
10,569,0,0.7880436182022095,
10,570,0,0.7400829195976257,
10,571,0,0.7583142518997192,
10,572,0,0.8219858407974243,
10,573,0,0.8198866844177246,
10,574,0,0.8019678592681885,
10,575,0,0.7118625044822693,
10,576,0,0.6812057495117188,
10,577,0,0.719801664352417,
10,578,0,0.7990201711654663,
10,579,0,0.8011664748191833,
10,580,0,0.7963324785232544,
10,581,0,0.8063148260116577,
10,582,0,0.7580381631851196,
10,583,0,0.7898723483085632,
10,584,0,0.8024316430091858,
10,585,0,0.7708016633987427,
10,586,0,0.7255244255065918,
10,587,0,0.8219900131225586,
10,588,0,0.7648597955703735,
10,589,0,0.7549740076065063,
10,590,0,0.7942336797714233,
10,591,0,0.718624472618103,
10,592,0,0.8227342367172241,
10,593,0,0.7423293590545654,
10,594,0,0.7277301549911499,
10,595,0,0.8209920525550842,
10,596,0,0.8149250745773315,
10,597,0,0.7817003130912781,
10,598,0,0.6987066268920898,
10,599,0,0.8159212470054626,
10,600,0,0.8150444626808167,
10,601,0,0.7016154527664185,
10,602,0,0.7417096495628357,
10,603,0,0.8255178928375244,
10,604,0,0.7239289879798889,
10,val,,,0.8046449518203735
11,0,0,0.7851650714874268,
11,1,0,0.8190282583236694,
11,2,0,0.7268832921981812,
11,3,0,0.801869809627533,
11,4,0,0.806307852268219,
11,5,0,0.8049666881561279,
11,6,0,0.8273423910140991,
11,7,0,0.7818518877029419,
11,8,0,0.8099047541618347,
11,9,0,0.8147565126419067,
11,10,0,0.7688102126121521,
11,11,0,0.8158086538314819,
11,12,0,0.722790002822876,
11,13,0,0.8004496097564697,
11,14,0,0.7995564937591553,
11,15,0,0.7910683751106262,
11,16,0,0.7872422337532043,
11,17,0,0.7913126945495605,
11,18,0,0.8184572458267212,
11,19,0,0.7782171964645386,
11,20,0,0.8022472858428955,
11,21,0,0.8087865114212036,
11,22,0,0.780971884727478,
11,23,0,0.7894326448440552,
11,24,0,0.7997848987579346,
11,25,0,0.7628442049026489,
11,26,0,0.7976297736167908,
11,27,0,0.7873983383178711,
11,28,0,0.7979285717010498,
11,29,0,0.8099098801612854,
11,30,0,0.7791522145271301,
11,31,0,0.7834221124649048,
11,32,0,0.8006483316421509,
11,33,0,0.7780636548995972,
11,34,0,0.7556647658348083,
11,35,0,0.8030707240104675,
11,36,0,0.7503432631492615,
11,37,0,0.787627100944519,
11,38,0,0.7886351346969604,
11,39,0,0.7602298855781555,
11,40,0,0.7477935552597046,
11,41,0,0.7858632206916809,
11,42,0,0.7751158475875854,
11,43,0,0.8219187259674072,
11,44,0,0.7661955952644348,
11,45,0,0.7841610908508301,
11,46,0,0.7918541431427002,
11,47,0,0.7226096391677856,
11,48,0,0.8053271770477295,
11,49,0,0.7568730115890503,
11,50,0,0.8208431601524353,
11,51,0,0.8105887174606323,
11,52,0,0.8237524628639221,
11,53,0,0.8059510588645935,
11,54,0,0.7463353872299194,
11,55,0,0.815374493598938,
11,56,0,0.7060950994491577,
11,57,0,0.8010594248771667,
11,58,0,0.7860554456710815,
11,59,0,0.8183725476264954,
11,60,0,0.809966504573822,
11,61,0,0.8265066146850586,
11,62,0,0.7340086698532104,
11,63,0,0.7929971218109131,
11,64,0,0.7790785431861877,
11,65,0,0.7950822114944458,
11,66,0,0.7328319549560547,
11,67,0,0.7615661025047302,
11,68,0,0.8190032243728638,
11,69,0,0.8235928416252136,
11,70,0,0.6935955286026001,
11,71,0,0.7868417501449585,
11,72,0,0.7748317122459412,
11,73,0,0.7551308870315552,
11,74,0,0.792926013469696,
11,75,0,0.7905125617980957,
11,76,0,0.7737950682640076,
11,77,0,0.8074551820755005,
11,78,0,0.8036444187164307,
11,79,0,0.7426409125328064,
11,80,0,0.7779864072799683,
11,81,0,0.7512122392654419,
11,82,0,0.7928016185760498,
11,83,0,0.7947174906730652,
11,84,0,0.8128401041030884,
11,85,0,0.8048205375671387,
11,86,0,0.7684648633003235,
11,87,0,0.8117781281471252,
11,88,0,0.7818418741226196,
11,89,0,0.7987402677536011,
11,90,0,0.8108576536178589,
11,91,0,0.7327372431755066,
11,92,0,0.7936322093009949,
11,93,0,0.829173743724823,
11,94,0,0.7482458353042603,
11,95,0,0.6891070604324341,
11,96,0,0.7962598204612732,
11,97,0,0.7108286619186401,
11,98,0,0.8001388907432556,
11,99,0,0.8083686828613281,
11,100,0,0.7787299752235413,
11,101,0,0.7847899198532104,
11,102,0,0.752039909362793,
11,103,0,0.7990526556968689,
11,104,0,0.7773358225822449,
11,105,0,0.7719854116439819,
11,106,0,0.7141435742378235,
11,107,0,0.7549607157707214,
11,108,0,0.7951554656028748,
11,109,0,0.7694356441497803,
11,110,0,0.806643009185791,
11,111,0,0.813201904296875,
11,112,0,0.7115955352783203,
11,113,0,0.7969424724578857,
11,114,0,0.7788904905319214,
11,115,0,0.7147037982940674,
11,116,0,0.7367911338806152,
11,117,0,0.7185714244842529,
11,118,0,0.8180899024009705,
11,119,0,0.7609267234802246,
11,120,0,0.8002781867980957,
11,121,0,0.8168073892593384,
11,122,0,0.7624254822731018,
11,123,0,0.7229031324386597,
11,124,0,0.7599831819534302,
11,125,0,0.7460740804672241,
11,126,0,0.7984375357627869,
11,127,0,0.7556405067443848,
11,128,0,0.7892246246337891,
11,129,0,0.7508747577667236,
11,130,0,0.8162221908569336,
11,131,0,0.8212134838104248,
11,132,0,0.7481289505958557,
11,133,0,0.8116321563720703,
11,134,0,0.7589752078056335,
11,135,0,0.7880903482437134,
11,136,0,0.8229789137840271,
11,137,0,0.7439571619033813,
11,138,0,0.8122674226760864,
11,139,0,0.7819560766220093,
11,140,0,0.8155975341796875,
11,141,0,0.7737061381340027,
11,142,0,0.7166997790336609,
11,143,0,0.7540242075920105,
11,144,0,0.7528661489486694,
11,145,0,0.7233915328979492,
11,146,0,0.8106848001480103,
11,147,0,0.8138243556022644,
11,148,0,0.7992959022521973,
11,149,0,0.7206405401229858,
11,150,0,0.8219139575958252,
11,151,0,0.7638331055641174,
11,152,0,0.8113084435462952,
11,153,0,0.7725463509559631,
11,154,0,0.8273966312408447,
11,155,0,0.8070168495178223,
11,156,0,0.7655199766159058,
11,157,0,0.790357768535614,
11,158,0,0.7441211938858032,
11,159,0,0.7482842206954956,
11,160,0,0.7719871401786804,
11,161,0,0.7866296172142029,
11,162,0,0.7991418838500977,
11,163,0,0.8241773843765259,
11,164,0,0.7790074348449707,
11,165,0,0.7543367147445679,
11,166,0,0.7479959726333618,
11,167,0,0.8080856800079346,
11,168,0,0.6990000009536743,
11,169,0,0.7205458879470825,
11,170,0,0.7636946439743042,
11,171,0,0.7764120697975159,
11,172,0,0.8208752870559692,
11,173,0,0.7473634481430054,
11,174,0,0.7305372953414917,
11,175,0,0.7780811786651611,
11,176,0,0.8328452706336975,
11,177,0,0.8301035165786743,
11,178,0,0.7996993660926819,
11,179,0,0.784119725227356,
11,180,0,0.8118854761123657,
11,181,0,0.7968536615371704,
11,182,0,0.77752685546875,
11,183,0,0.7409541606903076,
11,184,0,0.8165735602378845,
11,185,0,0.7976148128509521,
11,186,0,0.8040817379951477,
11,187,0,0.8150579929351807,
11,188,0,0.8015037775039673,
11,189,0,0.8044230341911316,
11,190,0,0.7406941652297974,
11,191,0,0.7380463480949402,
11,192,0,0.7570655345916748,
11,193,0,0.8105353713035583,
11,194,0,0.7906466722488403,
11,195,0,0.8018385171890259,
11,196,0,0.7165809869766235,
11,197,0,0.7072638869285583,
11,198,0,0.7544649839401245,
11,199,0,0.8199835419654846,
11,200,0,0.7911636233329773,
11,201,0,0.7926582098007202,
11,202,0,0.8243734240531921,
11,203,0,0.8136717081069946,
11,204,0,0.8251392841339111,
11,205,0,0.8106351494789124,
11,206,0,0.7375169992446899,
11,207,0,0.7501240968704224,
11,208,0,0.8215989470481873,
11,209,0,0.768477737903595,
11,210,0,0.8314277529716492,
11,211,0,0.7695557475090027,
11,212,0,0.7853208184242249,
11,213,0,0.7498993873596191,
11,214,0,0.8058079481124878,
11,215,0,0.7510185837745667,
11,216,0,0.8177334666252136,
11,217,0,0.8029457330703735,
11,218,0,0.7740855813026428,
11,219,0,0.7355269193649292,
11,220,0,0.717376172542572,
11,221,0,0.8205342888832092,
11,222,0,0.7417802810668945,
11,223,0,0.7154666185379028,
11,224,0,0.8244134783744812,
11,225,0,0.680748701095581,
11,226,0,0.7778999209403992,
11,227,0,0.7994811534881592,
11,228,0,0.7904378175735474,
11,229,0,0.8022370934486389,
11,230,0,0.769715428352356,
11,231,0,0.7240351438522339,
11,232,0,0.7713032960891724,
11,233,0,0.8095232844352722,
11,234,0,0.7790347337722778,
11,235,0,0.7570012807846069,
11,236,0,0.7231022119522095,
11,237,0,0.7541806697845459,
11,238,0,0.8184435367584229,
11,239,0,0.8289183974266052,
11,240,0,0.7761766910552979,
11,241,0,0.8101847767829895,
11,242,0,0.7744566202163696,
11,243,0,0.7765348553657532,
11,244,0,0.7505923509597778,
11,245,0,0.8009828329086304,
11,246,0,0.808317244052887,
11,247,0,0.8006174564361572,
11,248,0,0.8078765273094177,
11,249,0,0.7733057737350464,
11,250,0,0.7959625124931335,
11,251,0,0.8167378306388855,
11,252,0,0.812106192111969,
11,253,0,0.7146435976028442,
11,254,0,0.6844695806503296,
11,255,0,0.8117103576660156,
11,256,0,0.7999850511550903,
11,257,0,0.8169667720794678,
11,258,0,0.7813524603843689,
11,259,0,0.8290070295333862,
11,260,0,0.7258670330047607,
11,261,0,0.7239288091659546,
11,262,0,0.7022523880004883,
11,263,0,0.8072776794433594,
11,264,0,0.7584826350212097,
11,265,0,0.7267584800720215,
11,266,0,0.7114287614822388,
11,267,0,0.7996528148651123,
11,268,0,0.8202857375144958,
11,269,0,0.7906455397605896,
11,270,0,0.7976179718971252,
11,271,0,0.7301598787307739,
11,272,0,0.7938016057014465,
11,273,0,0.8163666725158691,
11,274,0,0.7995015978813171,
11,275,0,0.6866313219070435,
11,276,0,0.8059271574020386,
11,277,0,0.7995198965072632,
11,278,0,0.7290879487991333,
11,279,0,0.7833012938499451,
11,280,0,0.8079397678375244,
11,281,0,0.732930064201355,
11,282,0,0.787390410900116,
11,283,0,0.7667471766471863,
11,284,0,0.7403719425201416,
11,285,0,0.7730414867401123,
11,286,0,0.8094940185546875,
11,287,0,0.7744322419166565,
11,288,0,0.8182371258735657,
11,289,0,0.7674687504768372,
11,290,0,0.8170657157897949,
11,291,0,0.8208396434783936,
11,292,0,0.7878304719924927,
11,293,0,0.6796895265579224,
11,294,0,0.8101888298988342,
11,295,0,0.6936904191970825,
11,296,0,0.7488074898719788,
11,297,0,0.817046046257019,
11,298,0,0.7410253286361694,
11,299,0,0.7877110242843628,
11,300,0,0.7149285674095154,
11,301,0,0.7942401170730591,
11,302,0,0.8241938948631287,
11,303,0,0.8022295832633972,
11,304,0,0.7515836954116821,
11,305,0,0.8068336844444275,
11,306,0,0.7137866020202637,
11,307,0,0.7030305862426758,
11,308,0,0.7882196307182312,
11,309,0,0.749230146408081,
11,310,0,0.7706315517425537,
11,311,0,0.7306838035583496,
11,312,0,0.779346227645874,
11,313,0,0.7874524593353271,
11,314,0,0.7993940114974976,
11,315,0,0.7914959192276001,
11,316,0,0.798160195350647,
11,317,0,0.8144476413726807,
11,318,0,0.8084141612052917,
11,319,0,0.8258669972419739,
11,320,0,0.7247346043586731,
11,321,0,0.7328345775604248,
11,322,0,0.8220915794372559,
11,323,0,0.8247357606887817,
11,324,0,0.7855516076087952,
11,325,0,0.8196004033088684,
11,326,0,0.8121061325073242,
11,327,0,0.7434746026992798,
11,328,0,0.730892539024353,
11,329,0,0.7065811157226562,
11,330,0,0.783464789390564,
11,331,0,0.7678977847099304,
11,332,0,0.7906147241592407,
11,333,0,0.7691340446472168,
11,334,0,0.7470105886459351,
11,335,0,0.8063251376152039,
11,336,0,0.7973591685295105,
11,337,0,0.6953060626983643,
11,338,0,0.7986500263214111,
11,339,0,0.790408730506897,
11,340,0,0.795197606086731,
11,341,0,0.7652403116226196,
11,342,0,0.8044260740280151,
11,343,0,0.8100806474685669,
11,344,0,0.8019745945930481,
11,345,0,0.7043882608413696,
11,346,0,0.7509498000144958,
11,347,0,0.7939785718917847,
11,348,0,0.829052209854126,
11,349,0,0.7757677435874939,
11,350,0,0.7526121735572815,
11,351,0,0.7556985020637512,
11,352,0,0.8094540238380432,
11,353,0,0.7770351767539978,
11,354,0,0.8298918604850769,
11,355,0,0.7556546926498413,
11,356,0,0.8220904469490051,
11,357,0,0.7784110307693481,
11,358,0,0.8175427317619324,
11,359,0,0.793726921081543,
11,360,0,0.77314293384552,
11,361,0,0.7417429089546204,
11,362,0,0.7665135264396667,
11,363,0,0.8059582710266113,
11,364,0,0.7426563501358032,
11,365,0,0.6862893104553223,
11,366,0,0.703376054763794,
11,367,0,0.7077125310897827,
11,368,0,0.7949061989784241,
11,369,0,0.8180370330810547,
11,370,0,0.7748720049858093,
11,371,0,0.806696355342865,
11,372,0,0.7783450484275818,
11,373,0,0.8077450394630432,
11,374,0,0.7652047872543335,
11,375,0,0.7369831800460815,
11,376,0,0.8047471046447754,
11,377,0,0.8168655633926392,
11,378,0,0.7069196701049805,
11,379,0,0.81937175989151,
11,380,0,0.6853821277618408,
11,381,0,0.7178218364715576,
11,382,0,0.7257819771766663,
11,383,0,0.7032135725021362,
11,384,0,0.8033982515335083,
11,385,0,0.800818920135498,
11,386,0,0.750370979309082,
11,387,0,0.780976414680481,
11,388,0,0.7128903269767761,
11,389,0,0.823934018611908,
11,390,0,0.6909393072128296,
11,391,0,0.7631244659423828,
11,392,0,0.8129172921180725,
11,393,0,0.7861100435256958,
11,394,0,0.7523007392883301,
11,395,0,0.8077582120895386,
11,396,0,0.7810448408126831,
11,397,0,0.8005409240722656,
11,398,0,0.8164604902267456,
11,399,0,0.7464526891708374,
11,400,0,0.8057199120521545,
11,401,0,0.7349511384963989,
11,402,0,0.782328188419342,
11,403,0,0.7973796129226685,
11,404,0,0.7668745517730713,
11,405,0,0.8158881068229675,
11,406,0,0.7594262361526489,
11,407,0,0.7685136795043945,
11,408,0,0.7234880924224854,
11,409,0,0.7311074733734131,
11,410,0,0.7320282459259033,
11,411,0,0.7249921560287476,
11,412,0,0.8275139331817627,
11,413,0,0.8046049475669861,
11,414,0,0.7139224410057068,
11,415,0,0.7841364145278931,
11,416,0,0.8303195238113403,
11,417,0,0.7326228618621826,
11,418,0,0.702020525932312,
11,419,0,0.6882877349853516,
11,420,0,0.7786058783531189,
11,421,0,0.8069034218788147,
11,422,0,0.8151928186416626,
11,423,0,0.8212054371833801,
11,424,0,0.7322752475738525,
11,425,0,0.8064881563186646,
11,426,0,0.7969647645950317,
11,427,0,0.7460275888442993,
11,428,0,0.7753381133079529,
11,429,0,0.8026489615440369,
11,430,0,0.803802490234375,
11,431,0,0.7340714931488037,
11,432,0,0.7982149720191956,
11,433,0,0.7747597098350525,
11,434,0,0.8170422315597534,
11,435,0,0.7018629908561707,
11,436,0,0.7598618268966675,
11,437,0,0.7449871897697449,
11,438,0,0.8159719705581665,
11,439,0,0.7591680884361267,
11,440,0,0.7247641086578369,
11,441,0,0.7775082588195801,
11,442,0,0.7710931301116943,
11,443,0,0.8133149147033691,
11,444,0,0.790513277053833,
11,445,0,0.8090386986732483,
11,446,0,0.809744656085968,
11,447,0,0.7749066948890686,
11,448,0,0.7070930004119873,
11,449,0,0.7719008326530457,
11,450,0,0.8148848414421082,
11,451,0,0.8011133670806885,
11,452,0,0.7425206899642944,
11,453,0,0.8270323276519775,
11,454,0,0.8106849193572998,
11,455,0,0.7784203290939331,
11,456,0,0.7891646027565002,
11,457,0,0.802770733833313,
11,458,0,0.7893146276473999,
11,459,0,0.7389951944351196,
11,460,0,0.7646633982658386,
11,461,0,0.7299213409423828,
11,462,0,0.7695342302322388,
11,463,0,0.7658220529556274,
11,464,0,0.7654800415039062,
11,465,0,0.71940678358078,
11,466,0,0.8042762279510498,
11,467,0,0.7745057344436646,
11,468,0,0.8005095720291138,
11,469,0,0.8213382363319397,
11,470,0,0.7248124480247498,
11,471,0,0.8012987971305847,
11,472,0,0.7449806332588196,
11,473,0,0.7900466918945312,
11,474,0,0.7950751781463623,
11,475,0,0.81312495470047,
11,476,0,0.7976723313331604,
11,477,0,0.7324146628379822,
11,478,0,0.819428026676178,
11,479,0,0.8215691447257996,
11,480,0,0.7143517732620239,
11,481,0,0.7972912192344666,
11,482,0,0.7187018394470215,
11,483,0,0.8011773228645325,
11,484,0,0.8047922849655151,
11,485,0,0.7862256765365601,
11,486,0,0.6895609498023987,
11,487,0,0.8106317520141602,
11,488,0,0.7292337417602539,
11,489,0,0.7650479078292847,
11,490,0,0.7745031118392944,
11,491,0,0.721705436706543,
11,492,0,0.7846889495849609,
11,493,0,0.827316164970398,
11,494,0,0.8037788271903992,
11,495,0,0.7591444849967957,
11,496,0,0.7859879732131958,
11,497,0,0.7908020615577698,
11,498,0,0.7953984141349792,
11,499,0,0.6929808855056763,
11,500,0,0.679385781288147,
11,501,0,0.7450637221336365,
11,502,0,0.709587812423706,
11,503,0,0.7595502138137817,
11,504,0,0.7445642948150635,
11,505,0,0.7833054661750793,
11,506,0,0.7685588002204895,
11,507,0,0.7494974136352539,
11,508,0,0.8107057213783264,
11,509,0,0.769890308380127,
11,510,0,0.7847409248352051,
11,511,0,0.8047348260879517,
11,512,0,0.7615988254547119,
11,513,0,0.8137519955635071,
11,514,0,0.7621799111366272,
11,515,0,0.7269846200942993,
11,516,0,0.7454819083213806,
11,517,0,0.7370245456695557,
11,518,0,0.7816866040229797,
11,519,0,0.7734653949737549,
11,520,0,0.7347009181976318,
11,521,0,0.7289766669273376,
11,522,0,0.7943926453590393,
11,523,0,0.8189113140106201,
11,524,0,0.7890143394470215,
11,525,0,0.7901374101638794,
11,526,0,0.8013705015182495,
11,527,0,0.765157163143158,
11,528,0,0.7866742610931396,
11,529,0,0.8160626292228699,
11,530,0,0.7743367552757263,
11,531,0,0.7197712659835815,
11,532,0,0.7876273393630981,
11,533,0,0.8246701955795288,
11,534,0,0.7938644886016846,
11,535,0,0.7364165186882019,
11,536,0,0.7779224514961243,
11,537,0,0.8005789518356323,
11,538,0,0.6766510009765625,
11,539,0,0.7377663850784302,
11,540,0,0.8052350282669067,
11,541,0,0.8181384205818176,
11,542,0,0.7792737483978271,
11,543,0,0.6964434385299683,
11,544,0,0.7321462631225586,
11,545,0,0.7192691564559937,
11,546,0,0.7945545315742493,
11,547,0,0.7913561463356018,
11,548,0,0.784432053565979,
11,549,0,0.8118368983268738,
11,550,0,0.7668969035148621,
11,551,0,0.7663640379905701,
11,552,0,0.7162227630615234,
11,553,0,0.7705888152122498,
11,554,0,0.767398476600647,
11,555,0,0.7395126223564148,
11,556,0,0.7794777750968933,
11,557,0,0.7805479764938354,
11,558,0,0.7808194756507874,
11,559,0,0.6945252418518066,
11,560,0,0.7930203080177307,
11,561,0,0.7422585487365723,
11,562,0,0.795831561088562,
11,563,0,0.8106722235679626,
11,564,0,0.7656545639038086,
11,565,0,0.7305175065994263,
11,566,0,0.8246572017669678,
11,567,0,0.7733543515205383,
11,568,0,0.7094168066978455,
11,569,0,0.7878578305244446,
11,570,0,0.7285140752792358,
11,571,0,0.7558134198188782,
11,572,0,0.8215559720993042,
11,573,0,0.8127694725990295,
11,574,0,0.803214430809021,
11,575,0,0.7031382322311401,
11,576,0,0.6726176738739014,
11,577,0,0.710728645324707,
11,578,0,0.7951286435127258,
11,579,0,0.7992591261863708,
11,580,0,0.7932246327400208,
11,581,0,0.793454110622406,
11,582,0,0.7561119198799133,
11,583,0,0.779655396938324,
11,584,0,0.7976464629173279,
11,585,0,0.7690063118934631,
11,586,0,0.7206802368164062,
11,587,0,0.8223456740379333,
11,588,0,0.7552685141563416,
11,589,0,0.7494300603866577,
11,590,0,0.7944300770759583,
11,591,0,0.7162144184112549,
11,592,0,0.8193311095237732,
11,593,0,0.7283873558044434,
11,594,0,0.7178239822387695,
11,595,0,0.8207452893257141,
11,596,0,0.8096736669540405,
11,597,0,0.7773520946502686,
11,598,0,0.6889418363571167,
11,599,0,0.8167992234230042,
11,600,0,0.8146610260009766,
11,601,0,0.6940337419509888,
11,602,0,0.7414682507514954,
11,603,0,0.8241890668869019,
11,604,0,0.7152107954025269,
11,val,,,0.8046334067980448
12,0,0,0.7846533060073853,
12,1,0,0.819980800151825,
12,2,0,0.7201547622680664,
12,3,0,0.8025838732719421,
12,4,0,0.7978448867797852,
12,5,0,0.8062095642089844,
12,6,0,0.8269562125205994,
12,7,0,0.7781957387924194,
12,8,0,0.8074867129325867,
12,9,0,0.8167434930801392,
12,10,0,0.7684627175331116,
12,11,0,0.8071563243865967,
12,12,0,0.7176493406295776,
12,13,0,0.7998673915863037,
12,14,0,0.7928469777107239,
12,15,0,0.7800744771957397,
12,16,0,0.7761765122413635,
12,17,0,0.7879254221916199,
12,18,0,0.8200563192367554,
12,19,0,0.7718523740768433,
12,20,0,0.791710376739502,
12,21,0,0.8058043718338013,
12,22,0,0.7774224281311035,
12,23,0,0.7912853956222534,
12,24,0,0.7948979735374451,
12,25,0,0.7462093234062195,
12,26,0,0.802340567111969,
12,27,0,0.7927846312522888,
12,28,0,0.7905566692352295,
12,29,0,0.7997723817825317,
12,30,0,0.7780632376670837,
12,31,0,0.77965247631073,
12,32,0,0.8035192489624023,
12,33,0,0.7744878530502319,
12,34,0,0.7498105764389038,
12,35,0,0.8056137561798096,
12,36,0,0.7469769716262817,
12,37,0,0.7847785949707031,
12,38,0,0.783232569694519,
12,39,0,0.751655101776123,
12,40,0,0.7363027334213257,
12,41,0,0.7799034714698792,
12,42,0,0.7714195251464844,
12,43,0,0.8266897201538086,
12,44,0,0.7615811228752136,
12,45,0,0.778715968132019,
12,46,0,0.7868319153785706,
12,47,0,0.7164674997329712,
12,48,0,0.8058018684387207,
12,49,0,0.7492402791976929,
12,50,0,0.8194822072982788,
12,51,0,0.8092038631439209,
12,52,0,0.8189828991889954,
12,53,0,0.804240882396698,
12,54,0,0.7402626276016235,
12,55,0,0.812279462814331,
12,56,0,0.6972981691360474,
12,57,0,0.7882753014564514,
12,58,0,0.7807971239089966,
12,59,0,0.8221560120582581,
12,60,0,0.8041264414787292,
12,61,0,0.8274531960487366,
12,62,0,0.7251496315002441,
12,63,0,0.7864111065864563,
12,64,0,0.7723012566566467,
12,65,0,0.7918441295623779,
12,66,0,0.7215620875358582,
12,67,0,0.7575500011444092,
12,68,0,0.8107348680496216,
12,69,0,0.8237576484680176,
12,70,0,0.6752814054489136,
12,71,0,0.7820815443992615,
12,72,0,0.7629023790359497,
12,73,0,0.7511670589447021,
12,74,0,0.7855203151702881,
12,75,0,0.7927830219268799,
12,76,0,0.7670629024505615,
12,77,0,0.8077343702316284,
12,78,0,0.7987579703330994,
12,79,0,0.7312380075454712,
12,80,0,0.7773388624191284,
12,81,0,0.7419517040252686,
12,82,0,0.7964303493499756,
12,83,0,0.7927183508872986,
12,84,0,0.8116557598114014,
12,85,0,0.803971529006958,
12,86,0,0.7631223797798157,
12,87,0,0.8103141188621521,
12,88,0,0.7754145264625549,
12,89,0,0.8001537919044495,
12,90,0,0.810407817363739,
12,91,0,0.726456880569458,
12,92,0,0.788623571395874,
12,93,0,0.8300237059593201,
12,94,0,0.7368758916854858,
12,95,0,0.6807702779769897,
12,96,0,0.7985360622406006,
12,97,0,0.695614218711853,
12,98,0,0.800464391708374,
12,99,0,0.7936289310455322,
12,100,0,0.768160343170166,
12,101,0,0.776136577129364,
12,102,0,0.7344237565994263,
12,103,0,0.7946849465370178,
12,104,0,0.7708322405815125,
12,105,0,0.7626746892929077,
12,106,0,0.6939325332641602,
12,107,0,0.7503741383552551,
12,108,0,0.7895309925079346,
12,109,0,0.7619567513465881,
12,110,0,0.8011572360992432,
12,111,0,0.8157661557197571,
12,112,0,0.6944417953491211,
12,113,0,0.795573890209198,
12,114,0,0.7764400243759155,
12,115,0,0.6965192556381226,
12,116,0,0.7275359630584717,
12,117,0,0.7034533023834229,
12,118,0,0.824998676776886,
12,119,0,0.7568293809890747,
12,120,0,0.8000854849815369,
12,121,0,0.8203566074371338,
12,122,0,0.756541907787323,
12,123,0,0.7089551687240601,
12,124,0,0.7508312463760376,
12,125,0,0.7375181913375854,
12,126,0,0.7957813143730164,
12,127,0,0.7451953887939453,
12,128,0,0.7897917628288269,
12,129,0,0.7449309825897217,
12,130,0,0.812160313129425,
12,131,0,0.8166056871414185,
12,132,0,0.7420413494110107,
12,133,0,0.8106973171234131,
12,134,0,0.7565744519233704,
12,135,0,0.7779172658920288,
12,136,0,0.8242359757423401,
12,137,0,0.7403198480606079,
12,138,0,0.8109445571899414,
12,139,0,0.7779027223587036,
12,140,0,0.8175034523010254,
12,141,0,0.7682816386222839,
12,142,0,0.7146482467651367,
12,143,0,0.7440345287322998,
12,144,0,0.7386482954025269,
12,145,0,0.7109383344650269,
12,146,0,0.8053921461105347,
12,147,0,0.814785897731781,
12,148,0,0.7920994758605957,
12,149,0,0.709550142288208,
12,150,0,0.8187368512153625,
12,151,0,0.7568368315696716,
12,152,0,0.8167279362678528,
12,153,0,0.7699465751647949,
12,154,0,0.8256607055664062,
12,155,0,0.800667941570282,
12,156,0,0.760480523109436,
12,157,0,0.7828294038772583,
12,158,0,0.7363383769989014,
12,159,0,0.7435550689697266,
12,160,0,0.7705759406089783,
12,161,0,0.7813985347747803,
12,162,0,0.7923760414123535,
12,163,0,0.8273239731788635,
12,164,0,0.7711039185523987,
12,165,0,0.7460442781448364,
12,166,0,0.7340128421783447,
12,167,0,0.8079359531402588,
12,168,0,0.6857264041900635,
12,169,0,0.7111368179321289,
12,170,0,0.7577891945838928,
12,171,0,0.768351674079895,
12,172,0,0.8169713020324707,
12,173,0,0.7326269149780273,
12,174,0,0.7268109321594238,
12,175,0,0.7763864398002625,
12,176,0,0.8286257386207581,
12,177,0,0.82973712682724,
12,178,0,0.7998097538948059,
12,179,0,0.7819091081619263,
12,180,0,0.8082650303840637,
12,181,0,0.7947632670402527,
12,182,0,0.7727380394935608,
12,183,0,0.7291818857192993,
12,184,0,0.8143289685249329,
12,185,0,0.7978173494338989,
12,186,0,0.7991571426391602,
12,187,0,0.8163844347000122,
12,188,0,0.7991825938224792,
12,189,0,0.7969282865524292,
12,190,0,0.7326021194458008,
12,191,0,0.7259352207183838,
12,192,0,0.7457215785980225,
12,193,0,0.8117996454238892,
12,194,0,0.7882210612297058,
12,195,0,0.7988485097885132,
12,196,0,0.7046850919723511,
12,197,0,0.6919108629226685,
12,198,0,0.748977780342102,
12,199,0,0.8220437169075012,
12,200,0,0.7844634652137756,
12,201,0,0.7938926815986633,
12,202,0,0.8255096673965454,
12,203,0,0.8140954971313477,
12,204,0,0.8274896144866943,
12,205,0,0.8076460957527161,
12,206,0,0.7253581881523132,
12,207,0,0.7481563091278076,
12,208,0,0.8229524493217468,
12,209,0,0.7605360746383667,
12,210,0,0.8342644572257996,
12,211,0,0.7650452256202698,
12,212,0,0.7779973745346069,
12,213,0,0.7466439604759216,
12,214,0,0.8062446713447571,
12,215,0,0.7400811314582825,
12,216,0,0.81717449426651,
12,217,0,0.8028767704963684,
12,218,0,0.7687660455703735,
12,219,0,0.719549298286438,
12,220,0,0.7096405029296875,
12,221,0,0.8155550956726074,
12,222,0,0.7339259386062622,
12,223,0,0.6998374462127686,
12,224,0,0.8214618563652039,
12,225,0,0.6722845435142517,
12,226,0,0.7655347585678101,
12,227,0,0.7962086796760559,
12,228,0,0.7820956110954285,
12,229,0,0.8061379194259644,
12,230,0,0.7659723162651062,
12,231,0,0.713394820690155,
12,232,0,0.7652705907821655,
12,233,0,0.8059589862823486,
12,234,0,0.7752774953842163,
12,235,0,0.7439074516296387,
12,236,0,0.7173690795898438,
12,237,0,0.7465075850486755,
12,238,0,0.8194597363471985,
12,239,0,0.8315079808235168,
12,240,0,0.7693829536437988,
12,241,0,0.8102433681488037,
12,242,0,0.7663750648498535,
12,243,0,0.7671095132827759,
12,244,0,0.750149667263031,
12,245,0,0.7930817008018494,
12,246,0,0.8073168992996216,
12,247,0,0.8014957308769226,
12,248,0,0.8117614984512329,
12,249,0,0.7655026912689209,
12,250,0,0.7951900362968445,
12,251,0,0.8096047043800354,
12,252,0,0.813488245010376,
12,253,0,0.7157893180847168,
12,254,0,0.6719595193862915,
12,255,0,0.811779260635376,
12,256,0,0.7966426610946655,
12,257,0,0.8179597854614258,
12,258,0,0.7711035013198853,
12,259,0,0.8220802545547485,
12,260,0,0.7172201871871948,
12,261,0,0.7124423980712891,
12,262,0,0.6953921914100647,
12,263,0,0.8040990233421326,
12,264,0,0.7615038156509399,
12,265,0,0.7190936803817749,
12,266,0,0.7039200067520142,
12,267,0,0.7960224151611328,
12,268,0,0.8186210989952087,
12,269,0,0.7875151634216309,
12,270,0,0.7902372479438782,
12,271,0,0.7167900800704956,
12,272,0,0.7888088822364807,
12,273,0,0.8127762675285339,
12,274,0,0.7983890771865845,
12,275,0,0.6782726645469666,
12,276,0,0.8022910356521606,
12,277,0,0.7969347238540649,
12,278,0,0.7184646129608154,
12,279,0,0.7768776416778564,
12,280,0,0.8082146048545837,
12,281,0,0.7263361215591431,
12,282,0,0.7843825817108154,
12,283,0,0.7591308355331421,
12,284,0,0.7364708781242371,
12,285,0,0.7702876925468445,
12,286,0,0.8048611879348755,
12,287,0,0.7712961435317993,
12,288,0,0.815235435962677,
12,289,0,0.7621853351593018,
12,290,0,0.8159403800964355,
12,291,0,0.8214446306228638,
12,292,0,0.7833316922187805,
12,293,0,0.6719733476638794,
12,294,0,0.8024711608886719,
12,295,0,0.6850106716156006,
12,296,0,0.7396364212036133,
12,297,0,0.8115929961204529,
12,298,0,0.73614501953125,
12,299,0,0.7851783037185669,
12,300,0,0.7063155174255371,
12,301,0,0.7964664697647095,
12,302,0,0.8219889402389526,
12,303,0,0.8003791570663452,
12,304,0,0.7401849031448364,
12,305,0,0.7996660470962524,
12,306,0,0.7067503929138184,
12,307,0,0.6925451755523682,
12,308,0,0.7818983197212219,
12,309,0,0.7384012937545776,
12,310,0,0.7704527974128723,
12,311,0,0.720848560333252,
12,312,0,0.7725450396537781,
12,313,0,0.7811548709869385,
12,314,0,0.7977480888366699,
12,315,0,0.787166953086853,
12,316,0,0.7966955900192261,
12,317,0,0.8077549338340759,
12,318,0,0.8082013130187988,
12,319,0,0.8236138820648193,
12,320,0,0.7255275249481201,
12,321,0,0.7240352630615234,
12,322,0,0.8195151686668396,
12,323,0,0.8223229646682739,
12,324,0,0.7837814688682556,
12,325,0,0.8198243975639343,
12,326,0,0.8105220794677734,
12,327,0,0.7374426126480103,
12,328,0,0.7247946262359619,
12,329,0,0.6911023855209351,
12,330,0,0.7808261513710022,
12,331,0,0.7663795948028564,
12,332,0,0.7850455045700073,
12,333,0,0.7567687630653381,
12,334,0,0.7463887333869934,
12,335,0,0.8070555925369263,
12,336,0,0.7934641242027283,
12,337,0,0.6906983256340027,
12,338,0,0.7896576523780823,
12,339,0,0.7814996838569641,
12,340,0,0.7957706451416016,
12,341,0,0.764049768447876,
12,342,0,0.8069060444831848,
12,343,0,0.8098700642585754,
12,344,0,0.7953500151634216,
12,345,0,0.696938157081604,
12,346,0,0.7479881048202515,
12,347,0,0.7879683971405029,
12,348,0,0.8265323638916016,
12,349,0,0.7651349306106567,
12,350,0,0.746970534324646,
12,351,0,0.7437496781349182,
12,352,0,0.8021315336227417,
12,353,0,0.7713788747787476,
12,354,0,0.8295127153396606,
12,355,0,0.7453759908676147,
12,356,0,0.8205106854438782,
12,357,0,0.781711995601654,
12,358,0,0.8144830465316772,
12,359,0,0.7924277782440186,
12,360,0,0.7634188532829285,
12,361,0,0.7315346002578735,
12,362,0,0.765921950340271,
12,363,0,0.7950391173362732,
12,364,0,0.7358049154281616,
12,365,0,0.6794015169143677,
12,366,0,0.693139910697937,
12,367,0,0.6993481516838074,
12,368,0,0.7906941175460815,
12,369,0,0.8134133815765381,
12,370,0,0.7698201537132263,
12,371,0,0.8029804825782776,
12,372,0,0.7725695967674255,
12,373,0,0.8027610778808594,
12,374,0,0.7618509531021118,
12,375,0,0.7261273264884949,
12,376,0,0.7982875108718872,
12,377,0,0.8204584121704102,
12,378,0,0.6945235729217529,
12,379,0,0.8161190748214722,
12,380,0,0.6816271543502808,
12,381,0,0.71001136302948,
12,382,0,0.7190440893173218,
12,383,0,0.6977438926696777,
12,384,0,0.8061766028404236,
12,385,0,0.8051223158836365,
12,386,0,0.7511933445930481,
12,387,0,0.7713974714279175,
12,388,0,0.7029004096984863,
12,389,0,0.8205276131629944,
12,390,0,0.6719247102737427,
12,391,0,0.7649689316749573,
12,392,0,0.8129299879074097,
12,393,0,0.7829493880271912,
12,394,0,0.7376331090927124,
12,395,0,0.8063969016075134,
12,396,0,0.7857166528701782,
12,397,0,0.8019813299179077,
12,398,0,0.8125070929527283,
12,399,0,0.7401349544525146,
12,400,0,0.8057633638381958,
12,401,0,0.7262086868286133,
12,402,0,0.7792062163352966,
12,403,0,0.7959291934967041,
12,404,0,0.7619434595108032,
12,405,0,0.8156791925430298,
12,406,0,0.7524332404136658,
12,407,0,0.7644035816192627,
12,408,0,0.7097703814506531,
12,409,0,0.7231508493423462,
12,410,0,0.7254809737205505,
12,411,0,0.7131924629211426,
12,412,0,0.8252501487731934,
12,413,0,0.8073858618736267,
12,414,0,0.6989610195159912,
12,415,0,0.7800801396369934,
12,416,0,0.8283250331878662,
12,417,0,0.7241380214691162,
12,418,0,0.6889839172363281,
12,419,0,0.6785818338394165,
12,420,0,0.7722417116165161,
12,421,0,0.8037832975387573,
12,422,0,0.8151219487190247,
12,423,0,0.8169971108436584,
12,424,0,0.7215149402618408,
12,425,0,0.8022257685661316,
12,426,0,0.7909829616546631,
12,427,0,0.7411476969718933,
12,428,0,0.7696618437767029,
12,429,0,0.8000448346138,
12,430,0,0.8024138808250427,
12,431,0,0.7218910455703735,
12,432,0,0.798911452293396,
12,433,0,0.7714327573776245,
12,434,0,0.8187873959541321,
12,435,0,0.6936849355697632,
12,436,0,0.7567725777626038,
12,437,0,0.7405807971954346,
12,438,0,0.8166619539260864,
12,439,0,0.7534435987472534,
12,440,0,0.7163777351379395,
12,441,0,0.7688243389129639,
12,442,0,0.7681334018707275,
12,443,0,0.8083689212799072,
12,444,0,0.7862385511398315,
12,445,0,0.7993377447128296,
12,446,0,0.8011674284934998,
12,447,0,0.77528977394104,
12,448,0,0.698980450630188,
12,449,0,0.7682508230209351,
12,450,0,0.8194702863693237,
12,451,0,0.797639012336731,
12,452,0,0.7336555123329163,
12,453,0,0.8229074478149414,
12,454,0,0.8138250112533569,
12,455,0,0.7706595659255981,
12,456,0,0.7907466292381287,
12,457,0,0.7979452013969421,
12,458,0,0.783189594745636,
12,459,0,0.7317922711372375,
12,460,0,0.7533482909202576,
12,461,0,0.7220603227615356,
12,462,0,0.7668961882591248,
12,463,0,0.7671863436698914,
12,464,0,0.7571618556976318,
12,465,0,0.7067316770553589,
12,466,0,0.7986023426055908,
12,467,0,0.7647942900657654,
12,468,0,0.7997618913650513,
12,469,0,0.8159509301185608,
12,470,0,0.7190515995025635,
12,471,0,0.7957847118377686,
12,472,0,0.7428030967712402,
12,473,0,0.7863910794258118,
12,474,0,0.7918229103088379,
12,475,0,0.809425413608551,
12,476,0,0.7972399592399597,
12,477,0,0.7234091758728027,
12,478,0,0.8197728395462036,
12,479,0,0.8205873966217041,
12,480,0,0.7029691934585571,
12,481,0,0.7941603660583496,
12,482,0,0.7116092443466187,
12,483,0,0.7933355569839478,
12,484,0,0.8060643076896667,
12,485,0,0.7847684025764465,
12,486,0,0.6739723682403564,
12,487,0,0.8069530725479126,
12,488,0,0.7266309857368469,
12,489,0,0.7579854726791382,
12,490,0,0.7708505988121033,
12,491,0,0.710350513458252,
12,492,0,0.7755402326583862,
12,493,0,0.8254438638687134,
12,494,0,0.7977250814437866,
12,495,0,0.7507247924804688,
12,496,0,0.7808721661567688,
12,497,0,0.7876980304718018,
12,498,0,0.793326735496521,
12,499,0,0.676767885684967,
12,500,0,0.6661465764045715,
12,501,0,0.7418755292892456,
12,502,0,0.7004659175872803,
12,503,0,0.7570563554763794,
12,504,0,0.7281845808029175,
12,505,0,0.779687225818634,
12,506,0,0.7638489007949829,
12,507,0,0.7418036460876465,
12,508,0,0.8084925413131714,
12,509,0,0.7681416869163513,
12,510,0,0.781262993812561,
12,511,0,0.8024927377700806,
12,512,0,0.7552460432052612,
12,513,0,0.8173006176948547,
12,514,0,0.7516261339187622,
12,515,0,0.7239274978637695,
12,516,0,0.7391681671142578,
12,517,0,0.7338883876800537,
12,518,0,0.781062662601471,
12,519,0,0.773194432258606,
12,520,0,0.7219178676605225,
12,521,0,0.7282532453536987,
12,522,0,0.7958845496177673,
12,523,0,0.8186742067337036,
12,524,0,0.7849990725517273,
12,525,0,0.7885727882385254,
12,526,0,0.8034034967422485,
12,527,0,0.7674607038497925,
12,528,0,0.7871640920639038,
12,529,0,0.8144668340682983,
12,530,0,0.7748774886131287,
12,531,0,0.7038570046424866,
12,532,0,0.7826124429702759,
12,533,0,0.8225176930427551,
12,534,0,0.7915109395980835,
12,535,0,0.7316101789474487,
12,536,0,0.7711907029151917,
12,537,0,0.8002030849456787,
12,538,0,0.6655820608139038,
12,539,0,0.7325224280357361,
12,540,0,0.7990449070930481,
12,541,0,0.8144433498382568,
12,542,0,0.7689047455787659,
12,543,0,0.6935685873031616,
12,544,0,0.7245018482208252,
12,545,0,0.7050611972808838,
12,546,0,0.7905745506286621,
12,547,0,0.791313886642456,
12,548,0,0.7737072110176086,
12,549,0,0.8095889687538147,
12,550,0,0.761742115020752,
12,551,0,0.7627267837524414,
12,552,0,0.7026605606079102,
12,553,0,0.7684273719787598,
12,554,0,0.7644481658935547,
12,555,0,0.7359504699707031,
12,556,0,0.7727830410003662,
12,557,0,0.7759815454483032,
12,558,0,0.7762832641601562,
12,559,0,0.6811953783035278,
12,560,0,0.7953925728797913,
12,561,0,0.7319819331169128,
12,562,0,0.7911383509635925,
12,563,0,0.8080934882164001,
12,564,0,0.7588082551956177,
12,565,0,0.7261998653411865,
12,566,0,0.825319766998291,
12,567,0,0.7648442983627319,
12,568,0,0.7030212879180908,
12,569,0,0.779840886592865,
12,570,0,0.7179367542266846,
12,571,0,0.7441610097885132,
12,572,0,0.8236529231071472,
12,573,0,0.8067533373832703,
12,574,0,0.803410530090332,
12,575,0,0.7009304761886597,
12,576,0,0.6605081558227539,
12,577,0,0.7103056907653809,
12,578,0,0.8016467690467834,
12,579,0,0.7970069646835327,
12,580,0,0.7896799445152283,
12,581,0,0.7874598503112793,
12,582,0,0.7503048777580261,
12,583,0,0.7791296243667603,
12,584,0,0.7928162217140198,
12,585,0,0.7603343725204468,
12,586,0,0.7150532007217407,
12,587,0,0.8224231004714966,
12,588,0,0.7447414994239807,
12,589,0,0.7344180345535278,
12,590,0,0.7960495948791504,
12,591,0,0.7108139991760254,
12,592,0,0.8124765753746033,
12,593,0,0.7186459302902222,
12,594,0,0.705711841583252,
12,595,0,0.8203915357589722,
12,596,0,0.8122707605361938,
12,597,0,0.7696951627731323,
12,598,0,0.6735008955001831,
12,599,0,0.8127334117889404,
12,600,0,0.8155144453048706,
12,601,0,0.680727481842041,
12,602,0,0.7423309087753296,
12,603,0,0.8231664896011353,
12,604,0,0.7062177658081055,
12,val,,,0.8045265913009644
13,0,0,0.7808147668838501,
13,1,0,0.8176106214523315,
13,2,0,0.7082816362380981,
13,3,0,0.7977567315101624,
13,4,0,0.7892985343933105,
13,5,0,0.803642988204956,
13,6,0,0.8215511441230774,
13,7,0,0.7714985013008118,
13,8,0,0.8053545355796814,
13,9,0,0.8154983520507812,
13,10,0,0.7686256170272827,
13,11,0,0.7991920709609985,
13,12,0,0.7082971334457397,
13,13,0,0.7991833686828613,
13,14,0,0.792320966720581,
13,15,0,0.7746163010597229,
13,16,0,0.7758793234825134,
13,17,0,0.7876395583152771,
13,18,0,0.8168694376945496,
13,19,0,0.7663693428039551,
13,20,0,0.7896344661712646,
13,21,0,0.8028390407562256,
13,22,0,0.7712779641151428,
13,23,0,0.7882272601127625,
13,24,0,0.7905207872390747,
13,25,0,0.7378908395767212,
13,26,0,0.7875027060508728,
13,27,0,0.7859424352645874,
13,28,0,0.7842208743095398,
13,29,0,0.7950699925422668,
13,30,0,0.7738797068595886,
13,31,0,0.7749785780906677,
13,32,0,0.8044028878211975,
13,33,0,0.7711983323097229,
13,34,0,0.7399275302886963,
13,35,0,0.7987034320831299,
13,36,0,0.7407569885253906,
13,37,0,0.7853869199752808,
13,38,0,0.7726976871490479,
13,39,0,0.7489932775497437,
13,40,0,0.7339293956756592,
13,41,0,0.7774953246116638,
13,42,0,0.7662390470504761,
13,43,0,0.8292520046234131,
13,44,0,0.7547129392623901,
13,45,0,0.7750914096832275,
13,46,0,0.7839087247848511,
13,47,0,0.7066042423248291,
13,48,0,0.8029625415802002,
13,49,0,0.7416685819625854,
13,50,0,0.8191627860069275,
13,51,0,0.8128187656402588,
13,52,0,0.8191283941268921,
13,53,0,0.8057940602302551,
13,54,0,0.7374109625816345,
13,55,0,0.8127855658531189,
13,56,0,0.6866613626480103,
13,57,0,0.7834434509277344,
13,58,0,0.7747188806533813,
13,59,0,0.8244857788085938,
13,60,0,0.8035891056060791,
13,61,0,0.824451744556427,
13,62,0,0.71448814868927,
13,63,0,0.7841173410415649,
13,64,0,0.7713650465011597,
13,65,0,0.7890516519546509,
13,66,0,0.7049927711486816,
13,67,0,0.7482062578201294,
13,68,0,0.8085569143295288,
13,69,0,0.8217930793762207,
13,70,0,0.6660184860229492,
13,71,0,0.7747724056243896,
13,72,0,0.7532740831375122,
13,73,0,0.7454391717910767,
13,74,0,0.7818847894668579,
13,75,0,0.7863359451293945,
13,76,0,0.7626016736030579,
13,77,0,0.8057963252067566,
13,78,0,0.7980454564094543,
13,79,0,0.7257749438285828,
13,80,0,0.7693885564804077,
13,81,0,0.7351620197296143,
13,82,0,0.7870661020278931,
13,83,0,0.7905818819999695,
13,84,0,0.8096417188644409,
13,85,0,0.8049944639205933,
13,86,0,0.7568225264549255,
13,87,0,0.8139247894287109,
13,88,0,0.7712975740432739,
13,89,0,0.7906000018119812,
13,90,0,0.8098804354667664,
13,91,0,0.7198269367218018,
13,92,0,0.7786657214164734,
13,93,0,0.8249902129173279,
13,94,0,0.733464241027832,
13,95,0,0.6696313619613647,
13,96,0,0.7818921804428101,
13,97,0,0.6878160238265991,
13,98,0,0.7957845330238342,
13,99,0,0.7883902788162231,
13,100,0,0.7662607431411743,
13,101,0,0.7675557732582092,
13,102,0,0.7267773151397705,
13,103,0,0.7907662987709045,
13,104,0,0.7687524557113647,
13,105,0,0.7567849159240723,
13,106,0,0.6764388084411621,
13,107,0,0.7381579875946045,
13,108,0,0.7856874465942383,
13,109,0,0.7597290277481079,
13,110,0,0.8061231374740601,
13,111,0,0.8101556301116943,
13,112,0,0.6804174184799194,
13,113,0,0.794488251209259,
13,114,0,0.7771692276000977,
13,115,0,0.6945011019706726,
13,116,0,0.7107214331626892,
13,117,0,0.6870155334472656,
13,118,0,0.8183505535125732,
13,119,0,0.7545044422149658,
13,120,0,0.7996764183044434,
13,121,0,0.815133810043335,
13,122,0,0.7513837218284607,
13,123,0,0.6968890428543091,
13,124,0,0.7418999671936035,
13,125,0,0.7287139892578125,
13,126,0,0.7930410504341125,
13,127,0,0.7408374547958374,
13,128,0,0.7867408990859985,
13,129,0,0.7445600032806396,
13,130,0,0.8089461326599121,
13,131,0,0.8096405863761902,
13,132,0,0.7362647652626038,
13,133,0,0.8101747632026672,
13,134,0,0.7453471422195435,
13,135,0,0.7790873050689697,
13,136,0,0.8293642997741699,
13,137,0,0.7321150302886963,
13,138,0,0.8167120218276978,
13,139,0,0.7747355699539185,
13,140,0,0.8097240328788757,
13,141,0,0.759280800819397,
13,142,0,0.6907210350036621,
13,143,0,0.7322372198104858,
13,144,0,0.7320194244384766,
13,145,0,0.6965806484222412,
13,146,0,0.8045415878295898,
13,147,0,0.8110603094100952,
13,148,0,0.7843855619430542,
13,149,0,0.6998947858810425,
13,150,0,0.8146079778671265,
13,151,0,0.7553952932357788,
13,152,0,0.8150953650474548,
13,153,0,0.7631475925445557,
13,154,0,0.8235065340995789,
13,155,0,0.7922181487083435,
13,156,0,0.7528870701789856,
13,157,0,0.7719544172286987,
13,158,0,0.7257274389266968,
13,159,0,0.7357020378112793,
13,160,0,0.7648422718048096,
13,161,0,0.7804213762283325,
13,162,0,0.7932407259941101,
13,163,0,0.8228481411933899,
13,164,0,0.7676606178283691,
13,165,0,0.7490636110305786,
13,166,0,0.7287744283676147,
13,167,0,0.803276538848877,
13,168,0,0.6766983270645142,
13,169,0,0.6958272457122803,
13,170,0,0.7533298134803772,
13,171,0,0.7604341506958008,
13,172,0,0.8134563565254211,
13,173,0,0.7200417518615723,
13,174,0,0.7196744084358215,
13,175,0,0.7593660354614258,
13,176,0,0.8194920420646667,
13,177,0,0.82491135597229,
13,178,0,0.7970539331436157,
13,179,0,0.7815388441085815,
13,180,0,0.8072866201400757,
13,181,0,0.7920864820480347,
13,182,0,0.7629485726356506,
13,183,0,0.7194876670837402,
13,184,0,0.8144158124923706,
13,185,0,0.794296383857727,
13,186,0,0.8014941215515137,
13,187,0,0.8122819662094116,
13,188,0,0.7965949773788452,
13,189,0,0.7920917868614197,
13,190,0,0.7262699604034424,
13,191,0,0.7141166925430298,
13,192,0,0.7354050874710083,
13,193,0,0.8048670291900635,
13,194,0,0.7853276133537292,
13,195,0,0.7937626838684082,
13,196,0,0.6870636940002441,
13,197,0,0.6764253377914429,
13,198,0,0.7376113533973694,
13,199,0,0.8211207389831543,
13,200,0,0.7830173373222351,
13,201,0,0.7925787568092346,
13,202,0,0.8211150169372559,
13,203,0,0.8152153491973877,
13,204,0,0.8280664086341858,
13,205,0,0.8050737977027893,
13,206,0,0.7218477725982666,
13,207,0,0.7390341758728027,
13,208,0,0.8170241117477417,
13,209,0,0.7571021318435669,
13,210,0,0.831337571144104,
13,211,0,0.7646671533584595,
13,212,0,0.7727261185646057,
13,213,0,0.744579553604126,
13,214,0,0.8042470216751099,
13,215,0,0.7333310842514038,
13,216,0,0.8170677423477173,
13,217,0,0.8021764755249023,
13,218,0,0.7560696005821228,
13,219,0,0.70937180519104,
13,220,0,0.6956906318664551,
13,221,0,0.8090831637382507,
13,222,0,0.7262099385261536,
13,223,0,0.6920274496078491,
13,224,0,0.8198967576026917,
13,225,0,0.6641535758972168,
13,226,0,0.766465425491333,
13,227,0,0.7904121279716492,
13,228,0,0.7751259803771973,
13,229,0,0.8053106069564819,
13,230,0,0.7643837928771973,
13,231,0,0.6951503157615662,
13,232,0,0.757731556892395,
13,233,0,0.8047216534614563,
13,234,0,0.7655946016311646,
13,235,0,0.7377347946166992,
13,236,0,0.7060483694076538,
13,237,0,0.7426507472991943,
13,238,0,0.821114182472229,
13,239,0,0.8331173658370972,
13,240,0,0.7721784710884094,
13,241,0,0.8003756403923035,
13,242,0,0.7587592005729675,
13,243,0,0.758610725402832,
13,244,0,0.7428566217422485,
13,245,0,0.7882528305053711,
13,246,0,0.8054473400115967,
13,247,0,0.7915021777153015,
13,248,0,0.8155689835548401,
13,249,0,0.7611017227172852,
13,250,0,0.7891775369644165,
13,251,0,0.8095041513442993,
13,252,0,0.8150371313095093,
13,253,0,0.694718599319458,
13,254,0,0.6625826358795166,
13,255,0,0.8073804378509521,
13,256,0,0.7942505478858948,
13,257,0,0.8228952884674072,
13,258,0,0.7677280306816101,
13,259,0,0.8210108280181885,
13,260,0,0.7077702283859253,
13,261,0,0.701042652130127,
13,262,0,0.6825170516967773,
13,263,0,0.7949108481407166,
13,264,0,0.7602009773254395,
13,265,0,0.7097505331039429,
13,266,0,0.6852426528930664,
13,267,0,0.7954099178314209,
13,268,0,0.8161930441856384,
13,269,0,0.7869253754615784,
13,270,0,0.7894792556762695,
13,271,0,0.7092915773391724,
13,272,0,0.7878019213676453,
13,273,0,0.8157121539115906,
13,274,0,0.7978028655052185,
13,275,0,0.6601589918136597,
13,276,0,0.7977799773216248,
13,277,0,0.808422327041626,
13,278,0,0.7163019180297852,
13,279,0,0.7717509865760803,
13,280,0,0.8009896874427795,
13,281,0,0.7126101851463318,
13,282,0,0.7808274626731873,
13,283,0,0.7503584027290344,
13,284,0,0.7177255153656006,
13,285,0,0.7686928510665894,
13,286,0,0.8042020797729492,
13,287,0,0.7695955038070679,
13,288,0,0.8132832050323486,
13,289,0,0.7619730234146118,
13,290,0,0.8185356855392456,
13,291,0,0.8174334168434143,
13,292,0,0.7788196802139282,
13,293,0,0.6630176305770874,
13,294,0,0.7964292168617249,
13,295,0,0.6753636598587036,
13,296,0,0.7296991944313049,
13,297,0,0.8168976306915283,
13,298,0,0.7239328622817993,
13,299,0,0.7870680689811707,
13,300,0,0.6978933811187744,
13,301,0,0.7943634986877441,
13,302,0,0.8121687173843384,
13,303,0,0.8010623455047607,
13,304,0,0.7360217571258545,
13,305,0,0.7970643639564514,
13,306,0,0.6946848630905151,
13,307,0,0.681608259677887,
13,308,0,0.7765178680419922,
13,309,0,0.7299169301986694,
13,310,0,0.75542151927948,
13,311,0,0.7183082103729248,
13,312,0,0.767251193523407,
13,313,0,0.7778273224830627,
13,314,0,0.7997931241989136,
13,315,0,0.7848422527313232,
13,316,0,0.7916731238365173,
13,317,0,0.8088297843933105,
13,318,0,0.8005696535110474,
13,319,0,0.8179935216903687,
13,320,0,0.7107551097869873,
13,321,0,0.715090274810791,
13,322,0,0.8266650438308716,
13,323,0,0.8263104557991028,
13,324,0,0.7741050720214844,
13,325,0,0.8184312582015991,
13,326,0,0.8112496733665466,
13,327,0,0.7290866374969482,
13,328,0,0.7163885831832886,
13,329,0,0.6820498704910278,
13,330,0,0.7718930244445801,
13,331,0,0.7612012028694153,
13,332,0,0.7862750887870789,
13,333,0,0.7517906427383423,
13,334,0,0.7321796417236328,
13,335,0,0.8094431161880493,
13,336,0,0.7915806770324707,
13,337,0,0.6796183586120605,
13,338,0,0.7847142219543457,
13,339,0,0.7740434408187866,
13,340,0,0.7947990298271179,
13,341,0,0.761496901512146,
13,342,0,0.8053393959999084,
13,343,0,0.8086901903152466,
13,344,0,0.7893330454826355,
13,345,0,0.6819549798965454,
13,346,0,0.7384240627288818,
13,347,0,0.7868577837944031,
13,348,0,0.8301374316215515,
13,349,0,0.759823739528656,
13,350,0,0.7434497475624084,
13,351,0,0.7382594347000122,
13,352,0,0.7996594309806824,
13,353,0,0.7612678408622742,
13,354,0,0.8288200497627258,
13,355,0,0.7463386058807373,
13,356,0,0.8138083219528198,
13,357,0,0.7719573974609375,
13,358,0,0.8125730752944946,
13,359,0,0.8003018498420715,
13,360,0,0.7641558647155762,
13,361,0,0.725197434425354,
13,362,0,0.760890007019043,
13,363,0,0.7922235131263733,
13,364,0,0.7273208498954773,
13,365,0,0.6709998846054077,
13,366,0,0.6761178970336914,
13,367,0,0.6826445460319519,
13,368,0,0.7856088280677795,
13,369,0,0.821137547492981,
13,370,0,0.7636929154396057,
13,371,0,0.7923949956893921,
13,372,0,0.7651038765907288,
13,373,0,0.8028772473335266,
13,374,0,0.7530898451805115,
13,375,0,0.7158471345901489,
13,376,0,0.7985522150993347,
13,377,0,0.8220821619033813,
13,378,0,0.6877036094665527,
13,379,0,0.8196307420730591,
13,380,0,0.6607202887535095,
13,381,0,0.6991188526153564,
13,382,0,0.7099093198776245,
13,383,0,0.6854503154754639,
13,384,0,0.8055722713470459,
13,385,0,0.8019777536392212,
13,386,0,0.7347868084907532,
13,387,0,0.7660691142082214,
13,388,0,0.6971333026885986,
13,389,0,0.8203194737434387,
13,390,0,0.666498064994812,
13,391,0,0.7540823817253113,
13,392,0,0.8155325651168823,
13,393,0,0.7777379155158997,
13,394,0,0.7290569543838501,
13,395,0,0.8043521642684937,
13,396,0,0.7796227931976318,
13,397,0,0.7952935099601746,
13,398,0,0.813605546951294,
13,399,0,0.7325371503829956,
13,400,0,0.8054705858230591,
13,401,0,0.7199147939682007,
13,402,0,0.7724201083183289,
13,403,0,0.7961329221725464,
13,404,0,0.7599471211433411,
13,405,0,0.8156071305274963,
13,406,0,0.7456346750259399,
13,407,0,0.758746325969696,
13,408,0,0.6994531154632568,
13,409,0,0.7184380292892456,
13,410,0,0.720055341720581,
13,411,0,0.7035250067710876,
13,412,0,0.8259564638137817,
13,413,0,0.8104898929595947,
13,414,0,0.6871874332427979,
13,415,0,0.7777355909347534,
13,416,0,0.8320515155792236,
13,417,0,0.7124960422515869,
13,418,0,0.6795375347137451,
13,419,0,0.663094162940979,
13,420,0,0.7567273378372192,
13,421,0,0.8039702773094177,
13,422,0,0.8083176612854004,
13,423,0,0.8162541389465332,
13,424,0,0.7174004316329956,
13,425,0,0.7991800904273987,
13,426,0,0.7877739071846008,
13,427,0,0.7335309386253357,
13,428,0,0.7656381130218506,
13,429,0,0.7987406849861145,
13,430,0,0.8042585849761963,
13,431,0,0.7138791084289551,
13,432,0,0.7971623539924622,
13,433,0,0.767184317111969,
13,434,0,0.8263559341430664,
13,435,0,0.6838423013687134,
13,436,0,0.7424488663673401,
13,437,0,0.731383204460144,
13,438,0,0.8202991485595703,
13,439,0,0.7464563846588135,
13,440,0,0.7013016939163208,
13,441,0,0.7711330056190491,
13,442,0,0.7565088272094727,
13,443,0,0.8137012720108032,
13,444,0,0.7869549989700317,
13,445,0,0.7949326038360596,
13,446,0,0.7943291664123535,
13,447,0,0.7728177309036255,
13,448,0,0.6915680766105652,
13,449,0,0.7644200325012207,
13,450,0,0.8130547404289246,
13,451,0,0.7899630665779114,
13,452,0,0.726530909538269,
13,453,0,0.8227231502532959,
13,454,0,0.8064450621604919,
13,455,0,0.7688364386558533,
13,456,0,0.7894042730331421,
13,457,0,0.7967404723167419,
13,458,0,0.7788954973220825,
13,459,0,0.7214746475219727,
13,460,0,0.7430310249328613,
13,461,0,0.7136446833610535,
13,462,0,0.7606752514839172,
13,463,0,0.758507490158081,
13,464,0,0.7574344873428345,
13,465,0,0.6973202228546143,
13,466,0,0.7885555028915405,
13,467,0,0.7583655714988708,
13,468,0,0.7959178686141968,
13,469,0,0.8132303357124329,
13,470,0,0.7083433866500854,
13,471,0,0.7968888282775879,
13,472,0,0.7272427082061768,
13,473,0,0.7845457792282104,
13,474,0,0.7953957319259644,
13,475,0,0.8074439764022827,
13,476,0,0.7975019216537476,
13,477,0,0.7141786813735962,
13,478,0,0.8218148350715637,
13,479,0,0.820709228515625,
13,480,0,0.6909605264663696,
13,481,0,0.7924056053161621,
13,482,0,0.6990620493888855,
13,483,0,0.7852990031242371,
13,484,0,0.7944104671478271,
13,485,0,0.777937650680542,
13,486,0,0.6682050228118896,
13,487,0,0.7989777326583862,
13,488,0,0.7143462300300598,
13,489,0,0.7534674406051636,
13,490,0,0.7672444581985474,
13,491,0,0.7087416648864746,
13,492,0,0.7699844837188721,
13,493,0,0.8255345821380615,
13,494,0,0.796105146408081,
13,495,0,0.7383363246917725,
13,496,0,0.7763410210609436,
13,497,0,0.7848782539367676,
13,498,0,0.778756320476532,
13,499,0,0.6756716966629028,
13,500,0,0.6572244763374329,
13,501,0,0.7243635654449463,
13,502,0,0.6909838914871216,
13,503,0,0.748616099357605,
13,504,0,0.7232575416564941,
13,505,0,0.7828198075294495,
13,506,0,0.7555192708969116,
13,507,0,0.7411954402923584,
13,508,0,0.8121873736381531,
13,509,0,0.7670333981513977,
13,510,0,0.772736132144928,
13,511,0,0.7991036772727966,
13,512,0,0.7464829683303833,
13,513,0,0.814452052116394,
13,514,0,0.7399412393569946,
13,515,0,0.7168592214584351,
13,516,0,0.7207474112510681,
13,517,0,0.7213937044143677,
13,518,0,0.7699198722839355,
13,519,0,0.7667529582977295,
13,520,0,0.7084354162216187,
13,521,0,0.7102806568145752,
13,522,0,0.7964421510696411,
13,523,0,0.8179712295532227,
13,524,0,0.7803334593772888,
13,525,0,0.7802559733390808,
13,526,0,0.8009902834892273,
13,527,0,0.7582526803016663,
13,528,0,0.7829861640930176,
13,529,0,0.8156089186668396,
13,530,0,0.7714068293571472,
13,531,0,0.6994766592979431,
13,532,0,0.779747724533081,
13,533,0,0.8239310383796692,
13,534,0,0.7873346209526062,
13,535,0,0.7210798263549805,
13,536,0,0.7702959775924683,
13,537,0,0.7926881909370422,
13,538,0,0.6596325635910034,
13,539,0,0.7232834100723267,
13,540,0,0.7938203811645508,
13,541,0,0.8104365468025208,
13,542,0,0.7672663331031799,
13,543,0,0.681198239326477,
13,544,0,0.7145106196403503,
13,545,0,0.6974533796310425,
13,546,0,0.789057195186615,
13,547,0,0.7898514270782471,
13,548,0,0.7737693786621094,
13,549,0,0.8119417428970337,
13,550,0,0.7619064450263977,
13,551,0,0.7557123899459839,
13,552,0,0.6937299966812134,
13,553,0,0.7636181116104126,
13,554,0,0.7508111596107483,
13,555,0,0.7331280708312988,
13,556,0,0.7628716230392456,
13,557,0,0.7678526639938354,
13,558,0,0.7732262015342712,
13,559,0,0.6690245866775513,
13,560,0,0.7937585711479187,
13,561,0,0.7281889319419861,
13,562,0,0.7923040390014648,
13,563,0,0.8001846671104431,
13,564,0,0.7552327513694763,
13,565,0,0.7158955931663513,
13,566,0,0.8270633220672607,
13,567,0,0.7550646662712097,
13,568,0,0.6931537389755249,
13,569,0,0.779842734336853,
13,570,0,0.7127981185913086,
13,571,0,0.735268235206604,
13,572,0,0.8170159459114075,
13,573,0,0.8013408184051514,
13,574,0,0.7996716499328613,
13,575,0,0.6906342506408691,
13,576,0,0.6523903608322144,
13,577,0,0.7003893852233887,
13,578,0,0.7938622236251831,
13,579,0,0.79068922996521,
13,580,0,0.7869877815246582,
13,581,0,0.7857638597488403,
13,582,0,0.7395768165588379,
13,583,0,0.7784848213195801,
13,584,0,0.795913577079773,
13,585,0,0.7547750473022461,
13,586,0,0.7082434892654419,
13,587,0,0.8222161531448364,
13,588,0,0.7335227727890015,
13,589,0,0.733427882194519,
13,590,0,0.7886125445365906,
13,591,0,0.6976708769798279,
13,592,0,0.8123480081558228,
13,593,0,0.7176570892333984,
13,594,0,0.6957271695137024,
13,595,0,0.8190227746963501,
13,596,0,0.8175936937332153,
13,597,0,0.7659334540367126,
13,598,0,0.6680072546005249,
13,599,0,0.8098486661911011,
13,600,0,0.8177112340927124,
13,601,0,0.6671698093414307,
13,602,0,0.7332785129547119,
13,603,0,0.8236681222915649,
13,604,0,0.6975840926170349,
13,val,,,0.8050677839914958
14,0,0,0.7777721881866455,
14,1,0,0.8160944581031799,
14,2,0,0.706160306930542,
14,3,0,0.8011571168899536,
14,4,0,0.7849302291870117,
14,5,0,0.8063666224479675,
14,6,0,0.8232805132865906,
14,7,0,0.7705928087234497,
14,8,0,0.8080583214759827,
14,9,0,0.8210108876228333,
14,10,0,0.7654692530632019,
14,11,0,0.7978881597518921,
14,12,0,0.6982542872428894,
14,13,0,0.7924281358718872,
14,14,0,0.7903937101364136,
14,15,0,0.772233247756958,
14,16,0,0.7628802061080933,
14,17,0,0.7818821668624878,
14,18,0,0.8190994262695312,
14,19,0,0.7625182867050171,
14,20,0,0.7853612899780273,
14,21,0,0.7984116673469543,
14,22,0,0.7675987482070923,
14,23,0,0.7807535529136658,
14,24,0,0.7864106297492981,
14,25,0,0.7311011552810669,
14,26,0,0.7849775552749634,
14,27,0,0.7801280617713928,
14,28,0,0.7845105528831482,
14,29,0,0.7881642580032349,
14,30,0,0.7692661881446838,
14,31,0,0.7682222127914429,
14,32,0,0.7968779802322388,
14,33,0,0.7692988514900208,
14,34,0,0.7366989850997925,
14,35,0,0.8010061383247375,
14,36,0,0.7344777584075928,
14,37,0,0.7779179811477661,
14,38,0,0.7748213410377502,
14,39,0,0.7408926486968994,
14,40,0,0.7191321849822998,
14,41,0,0.7804416418075562,
14,42,0,0.765000581741333,
14,43,0,0.8318682312965393,
14,44,0,0.7496287226676941,
14,45,0,0.7763182520866394,
14,46,0,0.7819927930831909,
14,47,0,0.7007800340652466,
14,48,0,0.7991654276847839,
14,49,0,0.7287713885307312,
14,50,0,0.8237056136131287,
14,51,0,0.8138294816017151,
14,52,0,0.8164744973182678,
14,53,0,0.7991060614585876,
14,54,0,0.7271770238876343,
14,55,0,0.8108521699905396,
14,56,0,0.6813359260559082,
14,57,0,0.7758203744888306,
14,58,0,0.7669850587844849,
14,59,0,0.8240208625793457,
14,60,0,0.8064628839492798,
14,61,0,0.8220213651657104,
14,62,0,0.704211950302124,
14,63,0,0.7815773487091064,
14,64,0,0.7687594890594482,
14,65,0,0.7886979579925537,
14,66,0,0.6995507478713989,
14,67,0,0.7421598434448242,
14,68,0,0.8051527738571167,
14,69,0,0.8214974403381348,
14,70,0,0.661770761013031,
14,71,0,0.7724521160125732,
14,72,0,0.7383406162261963,
14,73,0,0.7330073118209839,
14,74,0,0.7797134518623352,
14,75,0,0.7862432599067688,
14,76,0,0.7606593370437622,
14,77,0,0.7998553514480591,
14,78,0,0.8008326888084412,
14,79,0,0.7172025442123413,
14,80,0,0.7627109885215759,
14,81,0,0.7243177890777588,
14,82,0,0.7837596535682678,
14,83,0,0.7911729216575623,
14,84,0,0.8131078481674194,
14,85,0,0.802447497844696,
14,86,0,0.7535459995269775,
14,87,0,0.8068326711654663,
14,88,0,0.7675226926803589,
14,89,0,0.7844185829162598,
14,90,0,0.8078369498252869,
14,91,0,0.7052466869354248,
14,92,0,0.7694710493087769,
14,93,0,0.833388090133667,
14,94,0,0.7252124547958374,
14,95,0,0.6769517660140991,
14,96,0,0.7827034592628479,
14,97,0,0.6790547370910645,
14,98,0,0.7957385778427124,
14,99,0,0.7869910001754761,
14,100,0,0.7551785111427307,
14,101,0,0.7640576958656311,
14,102,0,0.7190374135971069,
14,103,0,0.7884722352027893,
14,104,0,0.7722702622413635,
14,105,0,0.7510111331939697,
14,106,0,0.6712684631347656,
14,107,0,0.7340657711029053,
14,108,0,0.7848932147026062,
14,109,0,0.7582691311836243,
14,110,0,0.804500162601471,
14,111,0,0.8087567090988159,
14,112,0,0.6753883361816406,
14,113,0,0.7916111350059509,
14,114,0,0.7711496353149414,
14,115,0,0.6876249313354492,
14,116,0,0.7033247947692871,
14,117,0,0.6775945425033569,
14,118,0,0.819090723991394,
14,119,0,0.7487358450889587,
14,120,0,0.7874782085418701,
14,121,0,0.8109315633773804,
14,122,0,0.7453728914260864,
14,123,0,0.6883289813995361,
14,124,0,0.7396469116210938,
14,125,0,0.715610146522522,
14,126,0,0.783396303653717,
14,127,0,0.7360019087791443,
14,128,0,0.7879349589347839,
14,129,0,0.7426642179489136,
14,130,0,0.8104439377784729,
14,131,0,0.8115192651748657,
14,132,0,0.725287675857544,
14,133,0,0.8114571571350098,
14,134,0,0.7407530546188354,
14,135,0,0.7611638903617859,
14,136,0,0.824625551700592,
14,137,0,0.7254157066345215,
14,138,0,0.8116165399551392,
14,139,0,0.7720077037811279,
14,140,0,0.807030439376831,
14,141,0,0.7553932666778564,
14,142,0,0.6900807619094849,
14,143,0,0.7305949926376343,
14,144,0,0.7217168807983398,
14,145,0,0.6908639669418335,
14,146,0,0.8008091449737549,
14,147,0,0.8022178411483765,
14,148,0,0.7860074639320374,
14,149,0,0.6907318830490112,
14,150,0,0.8183983564376831,
14,151,0,0.7457228899002075,
14,152,0,0.8147748708724976,
14,153,0,0.7630212306976318,
14,154,0,0.8226577043533325,
14,155,0,0.7811831831932068,
14,156,0,0.7398496270179749,
14,157,0,0.7718479633331299,
14,158,0,0.7109285593032837,
14,159,0,0.7277278304100037,
14,160,0,0.7668408155441284,
14,161,0,0.7763406038284302,
14,162,0,0.7870432138442993,
14,163,0,0.8251981735229492,
14,164,0,0.7667636871337891,
14,165,0,0.7373402118682861,
14,166,0,0.7216000556945801,
14,167,0,0.8053508996963501,
14,168,0,0.6633148193359375,
14,169,0,0.6818454265594482,
14,170,0,0.7560080885887146,
14,171,0,0.7629152536392212,
14,172,0,0.8062436580657959,
14,173,0,0.7017899751663208,
14,174,0,0.7091749906539917,
14,175,0,0.7644492983818054,
14,176,0,0.8239134550094604,
14,177,0,0.8296377658843994,
14,178,0,0.7879382371902466,
14,179,0,0.7776584625244141,
14,180,0,0.8113721609115601,
14,181,0,0.791252076625824,
14,182,0,0.7655614614486694,
14,183,0,0.7147114276885986,
14,184,0,0.8128122687339783,
14,185,0,0.7951146364212036,
14,186,0,0.7940773963928223,
14,187,0,0.804792046546936,
14,188,0,0.7990896701812744,
14,189,0,0.785118579864502,
14,190,0,0.7167472839355469,
14,191,0,0.7037772536277771,
14,192,0,0.718085765838623,
14,193,0,0.8098773956298828,
14,194,0,0.7817839980125427,
14,195,0,0.7958385944366455,
14,196,0,0.6774810552597046,
14,197,0,0.6704221963882446,
14,198,0,0.7324129343032837,
14,199,0,0.8198620080947876,
14,200,0,0.7746792435646057,
14,201,0,0.7914072275161743,
14,202,0,0.824507474899292,
14,203,0,0.8139990568161011,
14,204,0,0.8265318870544434,
14,205,0,0.8049899339675903,
14,206,0,0.7033957242965698,
14,207,0,0.728461742401123,
14,208,0,0.8162515163421631,
14,209,0,0.7521933317184448,
14,210,0,0.8295921087265015,
14,211,0,0.7594325542449951,
14,212,0,0.7651690244674683,
14,213,0,0.7307859659194946,
14,214,0,0.800529420375824,
14,215,0,0.7320700883865356,
14,216,0,0.8155035376548767,
14,217,0,0.8000600934028625,
14,218,0,0.7535618543624878,
14,219,0,0.7079224586486816,
14,220,0,0.6879293918609619,
14,221,0,0.8013795614242554,
14,222,0,0.716550350189209,
14,223,0,0.6826764345169067,
14,224,0,0.8222427368164062,
14,225,0,0.6658205389976501,
14,226,0,0.7513595223426819,
14,227,0,0.7802956700325012,
14,228,0,0.7645758986473083,
14,229,0,0.803652822971344,
14,230,0,0.7571921348571777,
14,231,0,0.6890132427215576,
14,232,0,0.7513960003852844,
14,233,0,0.8082749247550964,
14,234,0,0.7592071294784546,
14,235,0,0.7298202514648438,
14,236,0,0.6943299770355225,
14,237,0,0.7386635541915894,
14,238,0,0.8203216791152954,
14,239,0,0.8330259919166565,
14,240,0,0.7689540982246399,
14,241,0,0.8028454184532166,
14,242,0,0.7493033409118652,
14,243,0,0.7559341788291931,
14,244,0,0.739899754524231,
14,245,0,0.7802634835243225,
14,246,0,0.8072762489318848,
14,247,0,0.7908471822738647,
14,248,0,0.8114466071128845,
14,249,0,0.753212571144104,
14,250,0,0.787214994430542,
14,251,0,0.8033468723297119,
14,252,0,0.8127903938293457,
14,253,0,0.6883567571640015,
14,254,0,0.6507593393325806,
14,255,0,0.8067334890365601,
14,256,0,0.790198564529419,
14,257,0,0.8181172609329224,
14,258,0,0.7581937313079834,
14,259,0,0.8258181214332581,
14,260,0,0.70424485206604,
14,261,0,0.6965054273605347,
14,262,0,0.6715970039367676,
14,263,0,0.7953585386276245,
14,264,0,0.7560984492301941,
14,265,0,0.7099721431732178,
14,266,0,0.6853151321411133,
14,267,0,0.7949452996253967,
14,268,0,0.8137425780296326,
14,269,0,0.7851877212524414,
14,270,0,0.7917943000793457,
14,271,0,0.6921418905258179,
14,272,0,0.7806779742240906,
14,273,0,0.8136642575263977,
14,274,0,0.791945219039917,
14,275,0,0.6484209299087524,
14,276,0,0.791931688785553,
14,277,0,0.8037150502204895,
14,278,0,0.7038883566856384,
14,279,0,0.7608575820922852,
14,280,0,0.7931751012802124,
14,281,0,0.7087219953536987,
14,282,0,0.775912344455719,
14,283,0,0.7514796257019043,
14,284,0,0.7109191417694092,
14,285,0,0.7646602392196655,
14,286,0,0.8074542880058289,
14,287,0,0.7598003149032593,
14,288,0,0.8153411149978638,
14,289,0,0.7533633708953857,
14,290,0,0.8217427134513855,
14,291,0,0.8174305558204651,
14,292,0,0.7792898416519165,
14,293,0,0.6497981548309326,
14,294,0,0.7962071299552917,
14,295,0,0.6640333533287048,
14,296,0,0.7262966632843018,
14,297,0,0.8174691200256348,
14,298,0,0.7115207314491272,
14,299,0,0.7814260125160217,
14,300,0,0.687793493270874,
14,301,0,0.7972525358200073,
14,302,0,0.8026905059814453,
14,303,0,0.7977746725082397,
14,304,0,0.7199764251708984,
14,305,0,0.7914742231369019,
14,306,0,0.6806799173355103,
14,307,0,0.681244969367981,
14,308,0,0.7783560156822205,
14,309,0,0.7279571294784546,
14,310,0,0.7501407861709595,
14,311,0,0.7064794898033142,
14,312,0,0.7662423849105835,
14,313,0,0.7673502564430237,
14,314,0,0.7965838313102722,
14,315,0,0.7810536026954651,
14,316,0,0.7923336029052734,
14,317,0,0.8064926862716675,
14,318,0,0.8067066073417664,
14,319,0,0.8212988376617432,
14,320,0,0.7033001184463501,
14,321,0,0.7044293880462646,
14,322,0,0.8192098140716553,
14,323,0,0.8224611282348633,
14,324,0,0.7666528820991516,
14,325,0,0.8232319355010986,
14,326,0,0.8056448698043823,
14,327,0,0.7157188653945923,
14,328,0,0.7099834680557251,
14,329,0,0.6672142148017883,
14,330,0,0.7713130712509155,
14,331,0,0.755342960357666,
14,332,0,0.7828373312950134,
14,333,0,0.7368952035903931,
14,334,0,0.7281430959701538,
14,335,0,0.8017251491546631,
14,336,0,0.7880624532699585,
14,337,0,0.6781631112098694,
14,338,0,0.7790762782096863,
14,339,0,0.7706186771392822,
14,340,0,0.7895002961158752,
14,341,0,0.7555395364761353,
14,342,0,0.8078441619873047,
14,343,0,0.8045336008071899,
14,344,0,0.7878901958465576,
14,345,0,0.675565242767334,
14,346,0,0.7288022041320801,
14,347,0,0.7856079936027527,
14,348,0,0.830498993396759,
14,349,0,0.7480140924453735,
14,350,0,0.7379838228225708,
14,351,0,0.7250913977622986,
14,352,0,0.7950191497802734,
14,353,0,0.76674485206604,
14,354,0,0.8275383114814758,
14,355,0,0.7346860766410828,
14,356,0,0.8112134337425232,
14,357,0,0.7712233662605286,
14,358,0,0.8095380663871765,
14,359,0,0.7924780249595642,
14,360,0,0.752278745174408,
14,361,0,0.7132301330566406,
14,362,0,0.7604901194572449,
14,363,0,0.7863901853561401,
14,364,0,0.7193351984024048,
14,365,0,0.657697319984436,
14,366,0,0.6705894470214844,
14,367,0,0.6752336025238037,
14,368,0,0.7908399701118469,
14,369,0,0.8210110664367676,
14,370,0,0.7595027089118958,
14,371,0,0.7922422289848328,
14,372,0,0.7671412229537964,
14,373,0,0.8042747378349304,
14,374,0,0.7402236461639404,
14,375,0,0.7113383412361145,
14,376,0,0.79339599609375,
14,377,0,0.8222429752349854,
14,378,0,0.6774673461914062,
14,379,0,0.8177618980407715,
14,380,0,0.6522490978240967,
14,381,0,0.6904464960098267,
14,382,0,0.698400616645813,
14,383,0,0.6745432615280151,
14,384,0,0.8059567213058472,
14,385,0,0.7974342107772827,
14,386,0,0.7335317134857178,
14,387,0,0.7597857713699341,
14,388,0,0.6841447353363037,
14,389,0,0.8214666247367859,
14,390,0,0.6574169397354126,
14,391,0,0.7479046583175659,
14,392,0,0.8136539459228516,
14,393,0,0.7768566608428955,
14,394,0,0.7290748357772827,
14,395,0,0.8047619462013245,
14,396,0,0.780790388584137,
14,397,0,0.7925490140914917,
14,398,0,0.8176797032356262,
14,399,0,0.7311853170394897,
14,400,0,0.8027851581573486,
14,401,0,0.7067447900772095,
14,402,0,0.7649679183959961,
14,403,0,0.7941004633903503,
14,404,0,0.7533132433891296,
14,405,0,0.8120500445365906,
14,406,0,0.7404241561889648,
14,407,0,0.7518938779830933,
14,408,0,0.6804419159889221,
14,409,0,0.7060068845748901,
14,410,0,0.7025955319404602,
14,411,0,0.6924551725387573,
14,412,0,0.823664665222168,
14,413,0,0.8070862293243408,
14,414,0,0.67906254529953,
14,415,0,0.7689442038536072,
14,416,0,0.8322940468788147,
14,417,0,0.7077885866165161,
14,418,0,0.6638466119766235,
14,419,0,0.6517146825790405,
14,420,0,0.7524811029434204,
14,421,0,0.8032464385032654,
14,422,0,0.8065783977508545,
14,423,0,0.811322033405304,
14,424,0,0.7105408310890198,
14,425,0,0.7936209440231323,
14,426,0,0.786569356918335,
14,427,0,0.7215907573699951,
14,428,0,0.7532103061676025,
14,429,0,0.8006412982940674,
14,430,0,0.7993811368942261,
14,431,0,0.6990011930465698,
14,432,0,0.7986499667167664,
14,433,0,0.7712807655334473,
14,434,0,0.8252978920936584,
14,435,0,0.6743180155754089,
14,436,0,0.7290703654289246,
14,437,0,0.7294057607650757,
14,438,0,0.8130879998207092,
14,439,0,0.7371008396148682,
14,440,0,0.6896821856498718,
14,441,0,0.7616720199584961,
14,442,0,0.7568598389625549,
14,443,0,0.8091038465499878,
14,444,0,0.783811092376709,
14,445,0,0.7871201038360596,
14,446,0,0.7830604314804077,
14,447,0,0.7641665935516357,
14,448,0,0.6750255823135376,
14,449,0,0.7580714225769043,
14,450,0,0.811140775680542,
14,451,0,0.7800871133804321,
14,452,0,0.7211448550224304,
14,453,0,0.8241743445396423,
14,454,0,0.8048160672187805,
14,455,0,0.7653491497039795,
14,456,0,0.7855701446533203,
14,457,0,0.7923818230628967,
14,458,0,0.7816381454467773,
14,459,0,0.7226862907409668,
14,460,0,0.7346434593200684,
14,461,0,0.7015093564987183,
14,462,0,0.7608954906463623,
14,463,0,0.7559368014335632,
14,464,0,0.7490206360816956,
14,465,0,0.6853089332580566,
14,466,0,0.7762765884399414,
14,467,0,0.7535382509231567,
14,468,0,0.7892246246337891,
14,469,0,0.815935492515564,
14,470,0,0.6989789009094238,
14,471,0,0.7852140665054321,
14,472,0,0.723845899105072,
14,473,0,0.7824670076370239,
14,474,0,0.7951359748840332,
14,475,0,0.8095828294754028,
14,476,0,0.7947044372558594,
14,477,0,0.7080764174461365,
14,478,0,0.8218254446983337,
14,479,0,0.8141136765480042,
14,480,0,0.681501030921936,
14,481,0,0.7900142669677734,
14,482,0,0.6946561336517334,
14,483,0,0.7791625261306763,
14,484,0,0.7861416339874268,
14,485,0,0.7760677337646484,
14,486,0,0.6535511016845703,
14,487,0,0.7985520362854004,
14,488,0,0.7098848223686218,
14,489,0,0.7474305629730225,
14,490,0,0.7608140110969543,
14,491,0,0.692928671836853,
14,492,0,0.7689895033836365,
14,493,0,0.8266915678977966,
14,494,0,0.7926115393638611,
14,495,0,0.7337307929992676,
14,496,0,0.7715229988098145,
14,497,0,0.7841801643371582,
14,498,0,0.7780822515487671,
14,499,0,0.6718785762786865,
14,500,0,0.6442509293556213,
14,501,0,0.720538854598999,
14,502,0,0.6765581369400024,
14,503,0,0.7412135004997253,
14,504,0,0.7204642295837402,
14,505,0,0.7781960964202881,
14,506,0,0.7545004487037659,
14,507,0,0.7319473624229431,
14,508,0,0.809358537197113,
14,509,0,0.7617120146751404,
14,510,0,0.7613479495048523,
14,511,0,0.7889677882194519,
14,512,0,0.7416623830795288,
14,513,0,0.8170027732849121,
14,514,0,0.7300795316696167,
14,515,0,0.7089381217956543,
14,516,0,0.7279453277587891,
14,517,0,0.7172350883483887,
14,518,0,0.7610465288162231,
14,519,0,0.759493350982666,
14,520,0,0.6962628364562988,
14,521,0,0.6989239454269409,
14,522,0,0.7897742390632629,
14,523,0,0.8102914690971375,
14,524,0,0.7783669829368591,
14,525,0,0.7725116014480591,
14,526,0,0.7971692681312561,
14,527,0,0.7593106031417847,
14,528,0,0.7768644690513611,
14,529,0,0.8090454339981079,
14,530,0,0.767088770866394,
14,531,0,0.6891697645187378,
14,532,0,0.7782981395721436,
14,533,0,0.8211197257041931,
14,534,0,0.7853644490242004,
14,535,0,0.7155138850212097,
14,536,0,0.7643551826477051,
14,537,0,0.7971287369728088,
14,538,0,0.6461421251296997,
14,539,0,0.7219259738922119,
14,540,0,0.7814608812332153,
14,541,0,0.8076387643814087,
14,542,0,0.7648974061012268,
14,543,0,0.6675933599472046,
14,544,0,0.7115472555160522,
14,545,0,0.6927642226219177,
14,546,0,0.7839972972869873,
14,547,0,0.7904964685440063,
14,548,0,0.7647870779037476,
14,549,0,0.8046154379844666,
14,550,0,0.7507690191268921,
14,551,0,0.7515250444412231,
14,552,0,0.6869022846221924,
14,553,0,0.7597379684448242,
14,554,0,0.7481130361557007,
14,555,0,0.7189738750457764,
14,556,0,0.7474416494369507,
14,557,0,0.7690609097480774,
14,558,0,0.7727932333946228,
14,559,0,0.6690038442611694,
14,560,0,0.7933073043823242,
14,561,0,0.7157689332962036,
14,562,0,0.7866666913032532,
14,563,0,0.7972012758255005,
14,564,0,0.748551607131958,
14,565,0,0.7097963094711304,
14,566,0,0.8279427289962769,
14,567,0,0.7534845471382141,
14,568,0,0.6913429498672485,
14,569,0,0.7751810550689697,
14,570,0,0.7028607130050659,
14,571,0,0.7246987819671631,
14,572,0,0.8219829201698303,
14,573,0,0.7948112487792969,
14,574,0,0.7984329462051392,
14,575,0,0.6804615259170532,
14,576,0,0.6518567204475403,
14,577,0,0.6926476955413818,
14,578,0,0.79180508852005,
14,579,0,0.7905492782592773,
14,580,0,0.7885733842849731,
14,581,0,0.7777663469314575,
14,582,0,0.7393957376480103,
14,583,0,0.7651183605194092,
14,584,0,0.7863937616348267,
14,585,0,0.7547807693481445,
14,586,0,0.6923702955245972,
14,587,0,0.8250382542610168,
14,588,0,0.7324775457382202,
14,589,0,0.7244023084640503,
14,590,0,0.7887880802154541,
14,591,0,0.6868229508399963,
14,592,0,0.8088942766189575,
14,593,0,0.7040338516235352,
14,594,0,0.6922745704650879,
14,595,0,0.8232367038726807,
14,596,0,0.8126199841499329,
14,597,0,0.7491569519042969,
14,598,0,0.653410792350769,
14,599,0,0.8057245016098022,
14,600,0,0.8132563829421997,
14,601,0,0.6532502770423889,
14,602,0,0.7254573106765747,
14,603,0,0.817039966583252,
14,604,0,0.6902204751968384,
14,val,,,0.8054669094085694
15,0,0,0.7749108672142029,
15,1,0,0.8164178133010864,
15,2,0,0.6888036131858826,
15,3,0,0.7980971336364746,
15,4,0,0.7834205627441406,
15,5,0,0.7978992462158203,
15,6,0,0.8256752490997314,
15,7,0,0.7637976408004761,
15,8,0,0.8076047897338867,
15,9,0,0.8214061260223389,
15,10,0,0.7620450854301453,
15,11,0,0.7860807180404663,
15,12,0,0.6875791549682617,
15,13,0,0.7877362966537476,
15,14,0,0.7839286923408508,
15,15,0,0.7638698816299438,
15,16,0,0.7550602555274963,
15,17,0,0.7832506895065308,
15,18,0,0.819928765296936,
15,19,0,0.7580097913742065,
15,20,0,0.7795213460922241,
15,21,0,0.8007621169090271,
15,22,0,0.765168309211731,
15,23,0,0.780517041683197,
15,24,0,0.7847079038619995,
15,25,0,0.7270907163619995,
15,26,0,0.7790385484695435,
15,27,0,0.7721613645553589,
15,28,0,0.7783318161964417,
15,29,0,0.7794103622436523,
15,30,0,0.7648327946662903,
15,31,0,0.7693250179290771,
15,32,0,0.7992293834686279,
15,33,0,0.7698940634727478,
15,34,0,0.7285298109054565,
15,35,0,0.7989940047264099,
15,36,0,0.7291293144226074,
15,37,0,0.767486035823822,
15,38,0,0.7658907175064087,
15,39,0,0.7376868724822998,
15,40,0,0.7079908847808838,
15,41,0,0.7765271067619324,
15,42,0,0.7615155577659607,
15,43,0,0.8287044167518616,
15,44,0,0.743078351020813,
15,45,0,0.7689437866210938,
15,46,0,0.7820378541946411,
15,47,0,0.6879630088806152,
15,48,0,0.7999969124794006,
15,49,0,0.7236380577087402,
15,50,0,0.8216275572776794,
15,51,0,0.8098906874656677,
15,52,0,0.8149081468582153,
15,53,0,0.7988775968551636,
15,54,0,0.7241387367248535,
15,55,0,0.8097642064094543,
15,56,0,0.6759542226791382,
15,57,0,0.7699780464172363,
15,58,0,0.7594804167747498,
15,59,0,0.8256986737251282,
15,60,0,0.8023437261581421,
15,61,0,0.8233352899551392,
15,62,0,0.6974821090698242,
15,63,0,0.7799814343452454,
15,64,0,0.7613027691841125,
15,65,0,0.7862246036529541,
15,66,0,0.6833778619766235,
15,67,0,0.7380773425102234,
15,68,0,0.7932168841362,
15,69,0,0.8243142366409302,
15,70,0,0.6488385200500488,
15,71,0,0.7655695676803589,
15,72,0,0.7321659326553345,
15,73,0,0.7285085916519165,
15,74,0,0.7721272706985474,
15,75,0,0.7889233827590942,
15,76,0,0.7611966133117676,
15,77,0,0.8016507625579834,
15,78,0,0.7971506714820862,
15,79,0,0.7168437242507935,
15,80,0,0.7514827847480774,
15,81,0,0.7220767736434937,
15,82,0,0.7873591780662537,
15,83,0,0.7907067537307739,
15,84,0,0.8124837279319763,
15,85,0,0.8000426292419434,
15,86,0,0.7459010481834412,
15,87,0,0.8059495687484741,
15,88,0,0.7588085532188416,
15,89,0,0.7747510075569153,
15,90,0,0.8066937923431396,
15,91,0,0.6999006271362305,
15,92,0,0.7637284398078918,
15,93,0,0.8247738480567932,
15,94,0,0.7298237085342407,
15,95,0,0.6497321128845215,
15,96,0,0.7776932120323181,
15,97,0,0.6653701066970825,
15,98,0,0.7943896651268005,
15,99,0,0.7788422107696533,
15,100,0,0.7438826560974121,
15,101,0,0.7550580501556396,
15,102,0,0.7179734110832214,
15,103,0,0.788369357585907,
15,104,0,0.7577087879180908,
15,105,0,0.7425639033317566,
15,106,0,0.6543574333190918,
15,107,0,0.7163769602775574,
15,108,0,0.7800741791725159,
15,109,0,0.7490299344062805,
15,110,0,0.8003300428390503,
15,111,0,0.8063259720802307,
15,112,0,0.6469484567642212,
15,113,0,0.7916114926338196,
15,114,0,0.766078770160675,
15,115,0,0.6749835014343262,
15,116,0,0.6966341733932495,
15,117,0,0.677330493927002,
15,118,0,0.8203431367874146,
15,119,0,0.7426494359970093,
15,120,0,0.787735641002655,
15,121,0,0.8047701716423035,
15,122,0,0.7458887100219727,
15,123,0,0.675790548324585,
15,124,0,0.7453640699386597,
15,125,0,0.7044312953948975,
15,126,0,0.7811235189437866,
15,127,0,0.7280253171920776,
15,128,0,0.7848361134529114,
15,129,0,0.7362184524536133,
15,130,0,0.814361572265625,
15,131,0,0.8028387427330017,
15,132,0,0.720221221446991,
15,133,0,0.8061133027076721,
15,134,0,0.7403477430343628,
15,135,0,0.7632513046264648,
15,136,0,0.8230068683624268,
15,137,0,0.7153165340423584,
15,138,0,0.810348629951477,
15,139,0,0.7728462219238281,
15,140,0,0.8039629459381104,
15,141,0,0.7461472749710083,
15,142,0,0.676791787147522,
15,143,0,0.7184720039367676,
15,144,0,0.7113005518913269,
15,145,0,0.6801962852478027,
15,146,0,0.7880628705024719,
15,147,0,0.793723464012146,
15,148,0,0.7700536251068115,
15,149,0,0.6762874126434326,
15,150,0,0.8197774291038513,
15,151,0,0.751465916633606,
15,152,0,0.8128248453140259,
15,153,0,0.7605524659156799,
15,154,0,0.8210692405700684,
15,155,0,0.7783419489860535,
15,156,0,0.7408594489097595,
15,157,0,0.7689068913459778,
15,158,0,0.7046855688095093,
15,159,0,0.7175160646438599,
15,160,0,0.7595853209495544,
15,161,0,0.778305172920227,
15,162,0,0.7809474468231201,
15,163,0,0.8240771293640137,
15,164,0,0.7669274210929871,
15,165,0,0.7375484108924866,
15,166,0,0.718409538269043,
15,167,0,0.802565336227417,
15,168,0,0.664340615272522,
15,169,0,0.6697838306427002,
15,170,0,0.7491660118103027,
15,171,0,0.7501145005226135,
15,172,0,0.8034976124763489,
15,173,0,0.6978011131286621,
15,174,0,0.7070924043655396,
15,175,0,0.7565841674804688,
15,176,0,0.8212298154830933,
15,177,0,0.8251907229423523,
15,178,0,0.7927989363670349,
15,179,0,0.7717132568359375,
15,180,0,0.8089386820793152,
15,181,0,0.7954758405685425,
15,182,0,0.7528660297393799,
15,183,0,0.7042763829231262,
15,184,0,0.8118197917938232,
15,185,0,0.7932783961296082,
15,186,0,0.7907372713088989,
15,187,0,0.8166034817695618,
15,188,0,0.7928822040557861,
15,189,0,0.7798224687576294,
15,190,0,0.7031315565109253,
15,191,0,0.7017201781272888,
15,192,0,0.7110649347305298,
15,193,0,0.8093265295028687,
15,194,0,0.7824851274490356,
15,195,0,0.7919250726699829,
15,196,0,0.6727603673934937,
15,197,0,0.6533968448638916,
15,198,0,0.7249979972839355,
15,199,0,0.8245722055435181,
15,200,0,0.7730852365493774,
15,201,0,0.7878099679946899,
15,202,0,0.8232854008674622,
15,203,0,0.8166082501411438,
15,204,0,0.8271962404251099,
15,205,0,0.79493248462677,
15,206,0,0.7110564708709717,
15,207,0,0.730385959148407,
15,208,0,0.8163621425628662,
15,209,0,0.7483378648757935,
15,210,0,0.8231750726699829,
15,211,0,0.7543930411338806,
15,212,0,0.7570118308067322,
15,213,0,0.7219148874282837,
15,214,0,0.8006778359413147,
15,215,0,0.7267431616783142,
15,216,0,0.8114792108535767,
15,217,0,0.7937642335891724,
15,218,0,0.7431226968765259,
15,219,0,0.6990809440612793,
15,220,0,0.6769208908081055,
15,221,0,0.7940079569816589,
15,222,0,0.7027338743209839,
15,223,0,0.6684445738792419,
15,224,0,0.8197895884513855,
15,225,0,0.6498048305511475,
15,226,0,0.7457894086837769,
15,227,0,0.770650327205658,
15,228,0,0.7553684711456299,
15,229,0,0.8068534731864929,
15,230,0,0.7541432976722717,
15,231,0,0.6772626638412476,
15,232,0,0.7511266469955444,
15,233,0,0.7964973449707031,
15,234,0,0.7539690732955933,
15,235,0,0.7203816175460815,
15,236,0,0.6902039051055908,
15,237,0,0.7349297404289246,
15,238,0,0.8160294890403748,
15,239,0,0.8401259779930115,
15,240,0,0.7652351260185242,
15,241,0,0.8007052540779114,
15,242,0,0.7394942045211792,
15,243,0,0.7503471374511719,
15,244,0,0.7362390756607056,
15,245,0,0.7761284112930298,
15,246,0,0.8107423782348633,
15,247,0,0.7926897406578064,
15,248,0,0.8118237853050232,
15,249,0,0.7439078688621521,
15,250,0,0.781848669052124,
15,251,0,0.7927465438842773,
15,252,0,0.8181824684143066,
15,253,0,0.6845510005950928,
15,254,0,0.6504448652267456,
15,255,0,0.8022276759147644,
15,256,0,0.7909104824066162,
15,257,0,0.8203542828559875,
15,258,0,0.7512310147285461,
15,259,0,0.8245601058006287,
15,260,0,0.6938315629959106,
15,261,0,0.6866803169250488,
15,262,0,0.6695394515991211,
15,263,0,0.7910934686660767,
15,264,0,0.7492660880088806,
15,265,0,0.6956733465194702,
15,266,0,0.6649082899093628,
15,267,0,0.7919279336929321,
15,268,0,0.8123669624328613,
15,269,0,0.7886403799057007,
15,270,0,0.7909401655197144,
15,271,0,0.6858622431755066,
15,272,0,0.7778944373130798,
15,273,0,0.8154913187026978,
15,274,0,0.7876647114753723,
15,275,0,0.6323081254959106,
15,276,0,0.7958301305770874,
15,277,0,0.80197674036026,
15,278,0,0.7006790637969971,
15,279,0,0.7596854567527771,
15,280,0,0.7905532121658325,
15,281,0,0.7030887603759766,
15,282,0,0.7676756381988525,
15,283,0,0.735443115234375,
15,284,0,0.7040972709655762,
15,285,0,0.7613055109977722,
15,286,0,0.8061039447784424,
15,287,0,0.76360684633255,
15,288,0,0.8147266507148743,
15,289,0,0.7453140616416931,
15,290,0,0.8200394511222839,
15,291,0,0.8150699138641357,
15,292,0,0.7742692828178406,
15,293,0,0.6467634439468384,
15,294,0,0.786730170249939,
15,295,0,0.651366651058197,
15,296,0,0.7198251485824585,
15,297,0,0.8156954646110535,
15,298,0,0.701589047908783,
15,299,0,0.7765928506851196,
15,300,0,0.6790615320205688,
15,301,0,0.79210364818573,
15,302,0,0.7998913526535034,
15,303,0,0.8036537766456604,
15,304,0,0.7187883853912354,
15,305,0,0.7907008528709412,
15,306,0,0.6687849760055542,
15,307,0,0.6755937933921814,
15,308,0,0.7718827724456787,
15,309,0,0.7219343185424805,
15,310,0,0.7488126754760742,
15,311,0,0.6963233947753906,
15,312,0,0.7560757994651794,
15,313,0,0.7615736126899719,
15,314,0,0.7935075759887695,
15,315,0,0.780884325504303,
15,316,0,0.7882283329963684,
15,317,0,0.8007157444953918,
15,318,0,0.7985886931419373,
15,319,0,0.8154953718185425,
15,320,0,0.6955891847610474,
15,321,0,0.7043524980545044,
15,322,0,0.8194918036460876,
15,323,0,0.8268598914146423,
15,324,0,0.7642244100570679,
15,325,0,0.8181200623512268,
15,326,0,0.8129717111587524,
15,327,0,0.7142401933670044,
15,328,0,0.7088142037391663,
15,329,0,0.6593173742294312,
15,330,0,0.7666386961936951,
15,331,0,0.7476691007614136,
15,332,0,0.7836958169937134,
15,333,0,0.7404155731201172,
15,334,0,0.7156271934509277,
15,335,0,0.8030602931976318,
15,336,0,0.7809959650039673,
15,337,0,0.6720926761627197,
15,338,0,0.7709816694259644,
15,339,0,0.7672157883644104,
15,340,0,0.7879636883735657,
15,341,0,0.7632138729095459,
15,342,0,0.8046692609786987,
15,343,0,0.800541341304779,
15,344,0,0.7870537042617798,
15,345,0,0.6648778915405273,
15,346,0,0.7188224792480469,
15,347,0,0.7833667993545532,
15,348,0,0.8315082788467407,
15,349,0,0.7453471422195435,
15,350,0,0.7327234148979187,
15,351,0,0.7216130495071411,
15,352,0,0.7967824935913086,
15,353,0,0.7521738409996033,
15,354,0,0.8233672976493835,
15,355,0,0.7259179353713989,
15,356,0,0.8030788898468018,
15,357,0,0.759523868560791,
15,358,0,0.8104902505874634,
15,359,0,0.7981792092323303,
15,360,0,0.7463362216949463,
15,361,0,0.7096954584121704,
15,362,0,0.7554613351821899,
15,363,0,0.7832145690917969,
15,364,0,0.7109800577163696,
15,365,0,0.6464247703552246,
15,366,0,0.6642110347747803,
15,367,0,0.6700862646102905,
15,368,0,0.7916046380996704,
15,369,0,0.8220288753509521,
15,370,0,0.7556980848312378,
15,371,0,0.7809025049209595,
15,372,0,0.7569805979728699,
15,373,0,0.8034855127334595,
15,374,0,0.7463757395744324,
15,375,0,0.702373743057251,
15,376,0,0.7910295724868774,
15,377,0,0.8169169425964355,
15,378,0,0.6728870868682861,
15,379,0,0.8109856247901917,
15,380,0,0.6401764154434204,
15,381,0,0.6783452033996582,
15,382,0,0.693952739238739,
15,383,0,0.6667176485061646,
15,384,0,0.8052513003349304,
15,385,0,0.7991011142730713,
15,386,0,0.7176880836486816,
15,387,0,0.7597319483757019,
15,388,0,0.6748619675636292,
15,389,0,0.8188111186027527,
15,390,0,0.6405010223388672,
15,391,0,0.7465280890464783,
15,392,0,0.8166932463645935,
15,393,0,0.7746487259864807,
15,394,0,0.7182861566543579,
15,395,0,0.8031033873558044,
15,396,0,0.7733321189880371,
15,397,0,0.7936603426933289,
15,398,0,0.816433846950531,
15,399,0,0.7252817153930664,
15,400,0,0.8006457686424255,
15,401,0,0.7009046077728271,
15,402,0,0.7632935047149658,
15,403,0,0.785840630531311,
15,404,0,0.7489944100379944,
15,405,0,0.8128936886787415,
15,406,0,0.7320090532302856,
15,407,0,0.7492994070053101,
15,408,0,0.6751487255096436,
15,409,0,0.7008196115493774,
15,410,0,0.6982829570770264,
15,411,0,0.6806617975234985,
15,412,0,0.8276796936988831,
15,413,0,0.8062734007835388,
15,414,0,0.6741575002670288,
15,415,0,0.7673548460006714,
15,416,0,0.8321456909179688,
15,417,0,0.6932669878005981,
15,418,0,0.655145525932312,
15,419,0,0.6495534181594849,
15,420,0,0.7376494407653809,
15,421,0,0.8023513555526733,
15,422,0,0.8077490329742432,
15,423,0,0.8090255260467529,
15,424,0,0.7003161311149597,
15,425,0,0.788470447063446,
15,426,0,0.7808071970939636,
15,427,0,0.7164260745048523,
15,428,0,0.7505024075508118,
15,429,0,0.8002598881721497,
15,430,0,0.8000054955482483,
15,431,0,0.6921936273574829,
15,432,0,0.7946620583534241,
15,433,0,0.7672253847122192,
15,434,0,0.8142034411430359,
15,435,0,0.662705659866333,
15,436,0,0.7250982522964478,
15,437,0,0.7229645252227783,
15,438,0,0.8141987919807434,
15,439,0,0.7327921390533447,
15,440,0,0.686724066734314,
15,441,0,0.7631181478500366,
15,442,0,0.7532842755317688,
15,443,0,0.8060973882675171,
15,444,0,0.7830493450164795,
15,445,0,0.7793583869934082,
15,446,0,0.7767430543899536,
15,447,0,0.7663403749465942,
15,448,0,0.6705737113952637,
15,449,0,0.7611706256866455,
15,450,0,0.8108531832695007,
15,451,0,0.7740828990936279,
15,452,0,0.7145410776138306,
15,453,0,0.8162845373153687,
15,454,0,0.8031034469604492,
15,455,0,0.7558811902999878,
15,456,0,0.7863919734954834,
15,457,0,0.7925825119018555,
15,458,0,0.7671964764595032,
15,459,0,0.7149521708488464,
15,460,0,0.729537844657898,
15,461,0,0.6813043355941772,
15,462,0,0.7559512853622437,
15,463,0,0.7522822022438049,
15,464,0,0.7436339855194092,
15,465,0,0.6730046272277832,
15,466,0,0.7720755934715271,
15,467,0,0.7425594329833984,
15,468,0,0.78913813829422,
15,469,0,0.8039493560791016,
15,470,0,0.693477988243103,
15,471,0,0.7808746695518494,
15,472,0,0.7085437178611755,
15,473,0,0.7811874747276306,
15,474,0,0.800279974937439,
15,475,0,0.8096147775650024,
15,476,0,0.7887917757034302,
15,477,0,0.6952242255210876,
15,478,0,0.8208649158477783,
15,479,0,0.8127884268760681,
15,480,0,0.6803958415985107,
15,481,0,0.7887082695960999,
15,482,0,0.677623450756073,
15,483,0,0.7772789597511292,
15,484,0,0.7762117981910706,
15,485,0,0.7739378213882446,
15,486,0,0.6415842771530151,
15,487,0,0.795460045337677,
15,488,0,0.7022849321365356,
15,489,0,0.7481513023376465,
15,490,0,0.7646766304969788,
15,491,0,0.6854361295700073,
15,492,0,0.7683019638061523,
15,493,0,0.8213616609573364,
15,494,0,0.7932716012001038,
15,495,0,0.7282634973526001,
15,496,0,0.761279284954071,
15,497,0,0.7832785844802856,
15,498,0,0.7700501084327698,
15,499,0,0.6600908041000366,
15,500,0,0.6342847347259521,
15,501,0,0.7116469144821167,
15,502,0,0.6756689548492432,
15,503,0,0.7292962074279785,
15,504,0,0.7073724269866943,
15,505,0,0.7838099598884583,
15,506,0,0.7519064545631409,
15,507,0,0.7271512150764465,
15,508,0,0.8183944821357727,
15,509,0,0.7527037262916565,
15,510,0,0.7621328234672546,
15,511,0,0.7904244065284729,
15,512,0,0.7337816953659058,
15,513,0,0.813677191734314,
15,514,0,0.7219433784484863,
15,515,0,0.6984816789627075,
15,516,0,0.7073769569396973,
15,517,0,0.7069305181503296,
15,518,0,0.760550320148468,
15,519,0,0.7584853768348694,
15,520,0,0.6946110725402832,
15,521,0,0.6935393810272217,
15,522,0,0.7871049046516418,
15,523,0,0.816936731338501,
15,524,0,0.77424156665802,
15,525,0,0.7691184282302856,
15,526,0,0.7977088689804077,
15,527,0,0.7571908235549927,
15,528,0,0.768068790435791,
15,529,0,0.8086615204811096,
15,530,0,0.765959620475769,
15,531,0,0.6732733249664307,
15,532,0,0.76883864402771,
15,533,0,0.8295239210128784,
15,534,0,0.7790900468826294,
15,535,0,0.7036395072937012,
15,536,0,0.7639759182929993,
15,537,0,0.7935266494750977,
15,538,0,0.6314235925674438,
15,539,0,0.7163370847702026,
15,540,0,0.7828798294067383,
15,541,0,0.8096395134925842,
15,542,0,0.7563917636871338,
15,543,0,0.6606122851371765,
15,544,0,0.7026774287223816,
15,545,0,0.6864256858825684,
15,546,0,0.7804886102676392,
15,547,0,0.7897825837135315,
15,548,0,0.7573825716972351,
15,549,0,0.8000906109809875,
15,550,0,0.7578417658805847,
15,551,0,0.749482274055481,
15,552,0,0.6794915199279785,
15,553,0,0.7573989629745483,
15,554,0,0.7475837469100952,
15,555,0,0.7071483135223389,
15,556,0,0.7482926845550537,
15,557,0,0.7649011015892029,
15,558,0,0.7690755128860474,
15,559,0,0.648506760597229,
15,560,0,0.7903475761413574,
15,561,0,0.7081234455108643,
15,562,0,0.7886457443237305,
15,563,0,0.7968392372131348,
15,564,0,0.7420927286148071,
15,565,0,0.7006507515907288,
15,566,0,0.8302350044250488,
15,567,0,0.7451258897781372,
15,568,0,0.6755228638648987,
15,569,0,0.7712439298629761,
15,570,0,0.6982508301734924,
15,571,0,0.7226061224937439,
15,572,0,0.8191564083099365,
15,573,0,0.7937057614326477,
15,574,0,0.8008967041969299,
15,575,0,0.6614286303520203,
15,576,0,0.6402356028556824,
15,577,0,0.6826043128967285,
15,578,0,0.7895767092704773,
15,579,0,0.7882506847381592,
15,580,0,0.7843642234802246,
15,581,0,0.7684506773948669,
15,582,0,0.7289282083511353,
15,583,0,0.7708964347839355,
15,584,0,0.786770761013031,
15,585,0,0.7514321208000183,
15,586,0,0.6897943019866943,
15,587,0,0.821617603302002,
15,588,0,0.727668046951294,
15,589,0,0.7133147120475769,
15,590,0,0.7911565899848938,
15,591,0,0.6779205799102783,
15,592,0,0.8077019453048706,
15,593,0,0.6983797550201416,
15,594,0,0.6785404682159424,
15,595,0,0.8223256468772888,
15,596,0,0.804649829864502,
15,597,0,0.7381090521812439,
15,598,0,0.6550110578536987,
15,599,0,0.8043538928031921,
15,600,0,0.8099287152290344,
15,601,0,0.6466126441955566,
15,602,0,0.7274857759475708,
15,603,0,0.8222785592079163,
15,604,0,0.6785058975219727,
15,val,,,0.8062560192743937
16,0,0,0.7749239802360535,
16,1,0,0.816835343837738,
16,2,0,0.693023145198822,
16,3,0,0.790045440196991,
16,4,0,0.7771908044815063,
16,5,0,0.7888586521148682,
16,6,0,0.8176799416542053,
16,7,0,0.7626410722732544,
16,8,0,0.8034091591835022,
16,9,0,0.8159717917442322,
16,10,0,0.7602997422218323,
16,11,0,0.7820522785186768,
16,12,0,0.6812107563018799,
16,13,0,0.7873610258102417,
16,14,0,0.7794145345687866,
16,15,0,0.7566608190536499,
16,16,0,0.7421172857284546,
16,17,0,0.7818400859832764,
16,18,0,0.8188675045967102,
16,19,0,0.7562898993492126,
16,20,0,0.7791255712509155,
16,21,0,0.7908961176872253,
16,22,0,0.7594453692436218,
16,23,0,0.778512716293335,
16,24,0,0.7777133584022522,
16,25,0,0.7178303003311157,
16,26,0,0.7683967351913452,
16,27,0,0.7710185050964355,
16,28,0,0.7655203342437744,
16,29,0,0.7814955115318298,
16,30,0,0.7604585289955139,
16,31,0,0.7630711197853088,
16,32,0,0.7949255704879761,
16,33,0,0.7675527334213257,
16,34,0,0.7253029346466064,
16,35,0,0.8006410598754883,
16,36,0,0.7210584878921509,
16,37,0,0.762412428855896,
16,38,0,0.7455085515975952,
16,39,0,0.730326235294342,
16,40,0,0.7017706632614136,
16,41,0,0.7674403786659241,
16,42,0,0.757243812084198,
16,43,0,0.8261686563491821,
16,44,0,0.7346842885017395,
16,45,0,0.7785972356796265,
16,46,0,0.7839387655258179,
16,47,0,0.6860847473144531,
16,48,0,0.7994992733001709,
16,49,0,0.7147283554077148,
16,50,0,0.8213707804679871,
16,51,0,0.8089518547058105,
16,52,0,0.8164300322532654,
16,53,0,0.7953282594680786,
16,54,0,0.7200160026550293,
16,55,0,0.8083420991897583,
16,56,0,0.6570649743080139,
16,57,0,0.7662073373794556,
16,58,0,0.7623017430305481,
16,59,0,0.8217589855194092,
16,60,0,0.805885910987854,
16,61,0,0.8213701844215393,
16,62,0,0.6851067543029785,
16,63,0,0.7758296728134155,
16,64,0,0.761720597743988,
16,65,0,0.7759745717048645,
16,66,0,0.678769052028656,
16,67,0,0.7325922250747681,
16,68,0,0.7927375435829163,
16,69,0,0.8199577331542969,
16,70,0,0.639392614364624,
16,71,0,0.7567257285118103,
16,72,0,0.7275382280349731,
16,73,0,0.7190669775009155,
16,74,0,0.774520754814148,
16,75,0,0.7831887006759644,
16,76,0,0.7505298256874084,
16,77,0,0.7988623976707458,
16,78,0,0.7861683368682861,
16,79,0,0.7105494737625122,
16,80,0,0.7506067752838135,
16,81,0,0.71075439453125,
16,82,0,0.7758350968360901,
16,83,0,0.7863543033599854,
16,84,0,0.8164221048355103,
16,85,0,0.8035968542098999,
16,86,0,0.7439323663711548,
16,87,0,0.8057326674461365,
16,88,0,0.7552856206893921,
16,89,0,0.7682624459266663,
16,90,0,0.8064194321632385,
16,91,0,0.6931713223457336,
16,92,0,0.7561374306678772,
16,93,0,0.8210409283638,
16,94,0,0.7259130477905273,
16,95,0,0.6432757377624512,
16,96,0,0.7759782075881958,
16,97,0,0.6600000858306885,
16,98,0,0.7900357842445374,
16,99,0,0.771100640296936,
16,100,0,0.7415649890899658,
16,101,0,0.7487314939498901,
16,102,0,0.7091280817985535,
16,103,0,0.784081220626831,
16,104,0,0.7536474466323853,
16,105,0,0.7362871170043945,
16,106,0,0.6380916833877563,
16,107,0,0.705302357673645,
16,108,0,0.7809226512908936,
16,109,0,0.7450065016746521,
16,110,0,0.7996951937675476,
16,111,0,0.8112799525260925,
16,112,0,0.64151930809021,
16,113,0,0.7930576801300049,
16,114,0,0.761180579662323,
16,115,0,0.6688121557235718,
16,116,0,0.6800652742385864,
16,117,0,0.6538137197494507,
16,118,0,0.8217986226081848,
16,119,0,0.7368093729019165,
16,120,0,0.7882159352302551,
16,121,0,0.8000995516777039,
16,122,0,0.7316654324531555,
16,123,0,0.6662449836730957,
16,124,0,0.7356551885604858,
16,125,0,0.6974195837974548,
16,126,0,0.7784005999565125,
16,127,0,0.7221325039863586,
16,128,0,0.785911500453949,
16,129,0,0.7294727563858032,
16,130,0,0.8047329187393188,
16,131,0,0.8010705709457397,
16,132,0,0.7144057154655457,
16,133,0,0.8049158453941345,
16,134,0,0.7241093516349792,
16,135,0,0.74915611743927,
16,136,0,0.8153115510940552,
16,137,0,0.7039316892623901,
16,138,0,0.8150044679641724,
16,139,0,0.7629364728927612,
16,140,0,0.8065049052238464,
16,141,0,0.7367597818374634,
16,142,0,0.6671271324157715,
16,143,0,0.7171626091003418,
16,144,0,0.7028307914733887,
16,145,0,0.6650880575180054,
16,146,0,0.7822356224060059,
16,147,0,0.7889379262924194,
16,148,0,0.7645077109336853,
16,149,0,0.6659156084060669,
16,150,0,0.8093347549438477,
16,151,0,0.7407087087631226,
16,152,0,0.8119177222251892,
16,153,0,0.756131112575531,
16,154,0,0.824539065361023,
16,155,0,0.7741937041282654,
16,156,0,0.7288646101951599,
16,157,0,0.7576223611831665,
16,158,0,0.6979815363883972,
16,159,0,0.7148855924606323,
16,160,0,0.7579393982887268,
16,161,0,0.7818143963813782,
16,162,0,0.7857071161270142,
16,163,0,0.8242230415344238,
16,164,0,0.7619199156761169,
16,165,0,0.732039213180542,
16,166,0,0.7118419408798218,
16,167,0,0.8010380864143372,
16,168,0,0.6470602750778198,
16,169,0,0.6524689793586731,
16,170,0,0.7470906972885132,
16,171,0,0.7471616268157959,
16,172,0,0.7930446863174438,
16,173,0,0.6958078145980835,
16,174,0,0.6989104747772217,
16,175,0,0.7581518888473511,
16,176,0,0.8146965503692627,
16,177,0,0.81917804479599,
16,178,0,0.7872799634933472,
16,179,0,0.7668864727020264,
16,180,0,0.8086752891540527,
16,181,0,0.7920869588851929,
16,182,0,0.7567004561424255,
16,183,0,0.6964778900146484,
16,184,0,0.8149502873420715,
16,185,0,0.7970499396324158,
16,186,0,0.7933949828147888,
16,187,0,0.8057946562767029,
16,188,0,0.7909244298934937,
16,189,0,0.7756202220916748,
16,190,0,0.6978679895401001,
16,191,0,0.6863753795623779,
16,192,0,0.6923307180404663,
16,193,0,0.8065046668052673,
16,194,0,0.7842060923576355,
16,195,0,0.7853494882583618,
16,196,0,0.6611021757125854,
16,197,0,0.6484973430633545,
16,198,0,0.70734703540802,
16,199,0,0.8181034922599792,
16,200,0,0.7668024897575378,
16,201,0,0.7922155261039734,
16,202,0,0.820228099822998,
16,203,0,0.8112642765045166,
16,204,0,0.8247418999671936,
16,205,0,0.7932323813438416,
16,206,0,0.6974486112594604,
16,207,0,0.7135074138641357,
16,208,0,0.8148430585861206,
16,209,0,0.7409418821334839,
16,210,0,0.8214424252510071,
16,211,0,0.7499486207962036,
16,212,0,0.7537403702735901,
16,213,0,0.7200438976287842,
16,214,0,0.7982511520385742,
16,215,0,0.722288966178894,
16,216,0,0.808924674987793,
16,217,0,0.7979031801223755,
16,218,0,0.7348729372024536,
16,219,0,0.6832900047302246,
16,220,0,0.6627292037010193,
16,221,0,0.7918701767921448,
16,222,0,0.7013248205184937,
16,223,0,0.6568683385848999,
16,224,0,0.8235852122306824,
16,225,0,0.638765811920166,
16,226,0,0.7362810373306274,
16,227,0,0.7718142867088318,
16,228,0,0.7494944334030151,
16,229,0,0.8048110604286194,
16,230,0,0.7562109231948853,
16,231,0,0.668587327003479,
16,232,0,0.752032458782196,
16,233,0,0.7959932088851929,
16,234,0,0.7456763982772827,
16,235,0,0.7212038040161133,
16,236,0,0.6730343103408813,
16,237,0,0.7265334129333496,
16,238,0,0.818859338760376,
16,239,0,0.8324945569038391,
16,240,0,0.7616063356399536,
16,241,0,0.7990142107009888,
16,242,0,0.7289596199989319,
16,243,0,0.7479608058929443,
16,244,0,0.7298790216445923,
16,245,0,0.7689362168312073,
16,246,0,0.8066112995147705,
16,247,0,0.789333701133728,
16,248,0,0.8019185662269592,
16,249,0,0.7447365522384644,
16,250,0,0.7725802659988403,
16,251,0,0.7878697514533997,
16,252,0,0.8130236864089966,
16,253,0,0.6765444278717041,
16,254,0,0.628071665763855,
16,255,0,0.807278037071228,
16,256,0,0.7881326675415039,
16,257,0,0.8156086802482605,
16,258,0,0.7533888220787048,
16,259,0,0.8179516792297363,
16,260,0,0.6903154850006104,
16,261,0,0.6793045997619629,
16,262,0,0.6591389179229736,
16,263,0,0.7878929972648621,
16,264,0,0.7431401610374451,
16,265,0,0.689828634262085,
16,266,0,0.664068877696991,
16,267,0,0.7881793975830078,
16,268,0,0.8114675879478455,
16,269,0,0.7827636003494263,
16,270,0,0.7867401838302612,
16,271,0,0.6733136773109436,
16,272,0,0.7766063213348389,
16,273,0,0.8168251514434814,
16,274,0,0.7896469831466675,
16,275,0,0.6285192966461182,
16,276,0,0.7970724701881409,
16,277,0,0.7993079423904419,
16,278,0,0.6907749176025391,
16,279,0,0.7537279725074768,
16,280,0,0.7797601222991943,
16,281,0,0.6962805986404419,
16,282,0,0.7613131403923035,
16,283,0,0.7295307517051697,
16,284,0,0.6887994408607483,
16,285,0,0.7539488673210144,
16,286,0,0.8018189668655396,
16,287,0,0.7585538625717163,
16,288,0,0.81504225730896,
16,289,0,0.7424743175506592,
16,290,0,0.8139430284500122,
16,291,0,0.8100653290748596,
16,292,0,0.7773199677467346,
16,293,0,0.6338517665863037,
16,294,0,0.7731127738952637,
16,295,0,0.6431812047958374,
16,296,0,0.7062599062919617,
16,297,0,0.8234114050865173,
16,298,0,0.7048416137695312,
16,299,0,0.7753026485443115,
16,300,0,0.6629623174667358,
16,301,0,0.7900922298431396,
16,302,0,0.7905252575874329,
16,303,0,0.8034008145332336,
16,304,0,0.7108373641967773,
16,305,0,0.7808095216751099,
16,306,0,0.6638906002044678,
16,307,0,0.6621060371398926,
16,308,0,0.7663346529006958,
16,309,0,0.7159816026687622,
16,310,0,0.7451876401901245,
16,311,0,0.6967577934265137,
16,312,0,0.7573212385177612,
16,313,0,0.7576082348823547,
16,314,0,0.7934478521347046,
16,315,0,0.7688446044921875,
16,316,0,0.782566487789154,
16,317,0,0.7993717193603516,
16,318,0,0.800513505935669,
16,319,0,0.8181809782981873,
16,320,0,0.6942857503890991,
16,321,0,0.6980992555618286,
16,322,0,0.8239535093307495,
16,323,0,0.8258758783340454,
16,324,0,0.7561474442481995,
16,325,0,0.8261831998825073,
16,326,0,0.810482382774353,
16,327,0,0.7088079452514648,
16,328,0,0.7002853155136108,
16,329,0,0.6464701890945435,
16,330,0,0.7614894509315491,
16,331,0,0.7484036684036255,
16,332,0,0.7779006958007812,
16,333,0,0.7216973304748535,
16,334,0,0.7140655517578125,
16,335,0,0.7982783913612366,
16,336,0,0.7803419828414917,
16,337,0,0.6577584743499756,
16,338,0,0.7653694152832031,
16,339,0,0.7659458518028259,
16,340,0,0.791409969329834,
16,341,0,0.7509092688560486,
16,342,0,0.8033661842346191,
16,343,0,0.8042944669723511,
16,344,0,0.7786597609519958,
16,345,0,0.6547157764434814,
16,346,0,0.7117030620574951,
16,347,0,0.783379077911377,
16,348,0,0.8340556621551514,
16,349,0,0.7281802296638489,
16,350,0,0.7362116575241089,
16,351,0,0.7129602432250977,
16,352,0,0.7927418947219849,
16,353,0,0.7477104663848877,
16,354,0,0.8243825435638428,
16,355,0,0.7196756601333618,
16,356,0,0.7958106398582458,
16,357,0,0.7572489380836487,
16,358,0,0.8052005171775818,
16,359,0,0.7980731725692749,
16,360,0,0.7416280508041382,
16,361,0,0.6998379230499268,
16,362,0,0.7570493221282959,
16,363,0,0.7797828912734985,
16,364,0,0.7082709074020386,
16,365,0,0.6536865234375,
16,366,0,0.6558230519294739,
16,367,0,0.6601645946502686,
16,368,0,0.7921887636184692,
16,369,0,0.8175656199455261,
16,370,0,0.7518545985221863,
16,371,0,0.7787564992904663,
16,372,0,0.7453852891921997,
16,373,0,0.7985518574714661,
16,374,0,0.7395671606063843,
16,375,0,0.6986239552497864,
16,376,0,0.790664792060852,
16,377,0,0.8163282871246338,
16,378,0,0.6685493588447571,
16,379,0,0.8167989253997803,
16,380,0,0.6431039571762085,
16,381,0,0.6726422309875488,
16,382,0,0.6921423673629761,
16,383,0,0.6555889844894409,
16,384,0,0.7997958064079285,
16,385,0,0.7942651510238647,
16,386,0,0.7082906365394592,
16,387,0,0.7435940504074097,
16,388,0,0.6719855070114136,
16,389,0,0.8187876343727112,
16,390,0,0.6309993267059326,
16,391,0,0.7424440979957581,
16,392,0,0.8141506314277649,
16,393,0,0.7751554250717163,
16,394,0,0.7132707834243774,
16,395,0,0.798997700214386,
16,396,0,0.7733084559440613,
16,397,0,0.7904183268547058,
16,398,0,0.817479133605957,
16,399,0,0.7168025970458984,
16,400,0,0.8008257746696472,
16,401,0,0.6922810077667236,
16,402,0,0.7621610164642334,
16,403,0,0.7872819900512695,
16,404,0,0.7433693408966064,
16,405,0,0.8140549063682556,
16,406,0,0.7233399152755737,
16,407,0,0.7366040945053101,
16,408,0,0.657989501953125,
16,409,0,0.6987380385398865,
16,410,0,0.690005898475647,
16,411,0,0.6818254590034485,
16,412,0,0.8250827193260193,
16,413,0,0.8023934364318848,
16,414,0,0.6633345484733582,
16,415,0,0.7681558132171631,
16,416,0,0.8316667079925537,
16,417,0,0.6860946416854858,
16,418,0,0.6524558067321777,
16,419,0,0.6346064805984497,
16,420,0,0.735867977142334,
16,421,0,0.8045337200164795,
16,422,0,0.8079328536987305,
16,423,0,0.8081520795822144,
16,424,0,0.6973257660865784,
16,425,0,0.7815736532211304,
16,426,0,0.7797271609306335,
16,427,0,0.7107797861099243,
16,428,0,0.7467185854911804,
16,429,0,0.7941550016403198,
16,430,0,0.7922576665878296,
16,431,0,0.6892216801643372,
16,432,0,0.7924968004226685,
16,433,0,0.7611137628555298,
16,434,0,0.8133910298347473,
16,435,0,0.6595139503479004,
16,436,0,0.7210313081741333,
16,437,0,0.7123123407363892,
16,438,0,0.8148530125617981,
16,439,0,0.7256119847297668,
16,440,0,0.6742135882377625,
16,441,0,0.7536059617996216,
16,442,0,0.7430363297462463,
16,443,0,0.8044559955596924,
16,444,0,0.7720967531204224,
16,445,0,0.7760615348815918,
16,446,0,0.7757181525230408,
16,447,0,0.767785906791687,
16,448,0,0.6558051109313965,
16,449,0,0.7577717900276184,
16,450,0,0.8138200044631958,
16,451,0,0.7724108099937439,
16,452,0,0.7095900774002075,
16,453,0,0.8190375566482544,
16,454,0,0.7992323040962219,
16,455,0,0.7550716400146484,
16,456,0,0.7789064049720764,
16,457,0,0.7874642610549927,
16,458,0,0.7622269988059998,
16,459,0,0.7058132886886597,
16,460,0,0.71966952085495,
16,461,0,0.6852718591690063,
16,462,0,0.7467724084854126,
16,463,0,0.7492384910583496,
16,464,0,0.7391452789306641,
16,465,0,0.6671497821807861,
16,466,0,0.772550642490387,
16,467,0,0.7496128082275391,
16,468,0,0.785205066204071,
16,469,0,0.8103612661361694,
16,470,0,0.6832847595214844,
16,471,0,0.7799725532531738,
16,472,0,0.7003639936447144,
16,473,0,0.774062991142273,
16,474,0,0.7916865348815918,
16,475,0,0.800969123840332,
16,476,0,0.7901897430419922,
16,477,0,0.6855595111846924,
16,478,0,0.8200222849845886,
16,479,0,0.8124716281890869,
16,480,0,0.6658612489700317,
16,481,0,0.7846259474754333,
16,482,0,0.6730186939239502,
16,483,0,0.7663995623588562,
16,484,0,0.7750841379165649,
16,485,0,0.7704946398735046,
16,486,0,0.6269890069961548,
16,487,0,0.7893420457839966,
16,488,0,0.6957035064697266,
16,489,0,0.7353113889694214,
16,490,0,0.7478326559066772,
16,491,0,0.6755907535552979,
16,492,0,0.7620028853416443,
16,493,0,0.8227200508117676,
16,494,0,0.7919788360595703,
16,495,0,0.71636962890625,
16,496,0,0.7565131783485413,
16,497,0,0.7738217115402222,
16,498,0,0.767675518989563,
16,499,0,0.6534273624420166,
16,500,0,0.6213854551315308,
16,501,0,0.7108938694000244,
16,502,0,0.6636422872543335,
16,503,0,0.7310675382614136,
16,504,0,0.6976720690727234,
16,505,0,0.7790379524230957,
16,506,0,0.751422643661499,
16,507,0,0.7273865938186646,
16,508,0,0.8126757740974426,
16,509,0,0.7538151741027832,
16,510,0,0.7563497424125671,
16,511,0,0.7826583385467529,
16,512,0,0.7181330323219299,
16,513,0,0.8098950982093811,
16,514,0,0.7062389254570007,
16,515,0,0.6879090070724487,
16,516,0,0.6987614631652832,
16,517,0,0.6992162466049194,
16,518,0,0.7561231851577759,
16,519,0,0.7573526501655579,
16,520,0,0.6746327877044678,
16,521,0,0.6855044364929199,
16,522,0,0.7864218354225159,
16,523,0,0.8117386698722839,
16,524,0,0.772960364818573,
16,525,0,0.7610811591148376,
16,526,0,0.7948247194290161,
16,527,0,0.7565835118293762,
16,528,0,0.7695065140724182,
16,529,0,0.803206205368042,
16,530,0,0.7573493719100952,
16,531,0,0.6550267934799194,
16,532,0,0.7676622271537781,
16,533,0,0.8279109001159668,
16,534,0,0.7776942253112793,
16,535,0,0.6985273361206055,
16,536,0,0.7600024938583374,
16,537,0,0.7960792779922485,
16,538,0,0.632555365562439,
16,539,0,0.7109349966049194,
16,540,0,0.7797286510467529,
16,541,0,0.8054701089859009,
16,542,0,0.7517297267913818,
16,543,0,0.6620615720748901,
16,544,0,0.6930429935455322,
16,545,0,0.6790177822113037,
16,546,0,0.7655259966850281,
16,547,0,0.7885394096374512,
16,548,0,0.7519522309303284,
16,549,0,0.7979412078857422,
16,550,0,0.7450437545776367,
16,551,0,0.7410339117050171,
16,552,0,0.6639600396156311,
16,553,0,0.7516413927078247,
16,554,0,0.7431372404098511,
16,555,0,0.7099689245223999,
16,556,0,0.7416003942489624,
16,557,0,0.7669961452484131,
16,558,0,0.7654207348823547,
16,559,0,0.6450545191764832,
16,560,0,0.7878812551498413,
16,561,0,0.7025889158248901,
16,562,0,0.7784904837608337,
16,563,0,0.7898279428482056,
16,564,0,0.7342122793197632,
16,565,0,0.6881448030471802,
16,566,0,0.82636559009552,
16,567,0,0.7350775003433228,
16,568,0,0.6698901653289795,
16,569,0,0.7714572548866272,
16,570,0,0.6901552677154541,
16,571,0,0.7071390151977539,
16,572,0,0.8187344074249268,
16,573,0,0.7854381799697876,
16,574,0,0.7985321283340454,
16,575,0,0.6641321182250977,
16,576,0,0.6252018809318542,
16,577,0,0.6738178730010986,
16,578,0,0.7834180593490601,
16,579,0,0.7881205081939697,
16,580,0,0.7864359021186829,
16,581,0,0.7585923075675964,
16,582,0,0.7246030569076538,
16,583,0,0.7646970748901367,
16,584,0,0.7790038585662842,
16,585,0,0.7473443746566772,
16,586,0,0.6836224794387817,
16,587,0,0.8215033411979675,
16,588,0,0.7156150341033936,
16,589,0,0.7136526107788086,
16,590,0,0.7906032800674438,
16,591,0,0.6786196231842041,
16,592,0,0.8056291341781616,
16,593,0,0.6943423748016357,
16,594,0,0.6754608154296875,
16,595,0,0.8249039649963379,
16,596,0,0.8133711814880371,
16,597,0,0.736587405204773,
16,598,0,0.6328431963920593,
16,599,0,0.8028241395950317,
16,600,0,0.8087546825408936,
16,601,0,0.6446212530136108,
16,602,0,0.7202174663543701,
16,603,0,0.8184682726860046,
16,604,0,0.6738748550415039,
16,val,,,0.8072312068939209
17,0,0,0.771416187286377,
17,1,0,0.8134708404541016,
17,2,0,0.6786386966705322,
17,3,0,0.7944652438163757,
17,4,0,0.7625970840454102,
17,5,0,0.7969733476638794,
17,6,0,0.8213520050048828,
17,7,0,0.7563377618789673,
17,8,0,0.8085517883300781,
17,9,0,0.8223731517791748,
17,10,0,0.754541277885437,
17,11,0,0.7752265334129333,
17,12,0,0.6812793612480164,
17,13,0,0.780003547668457,
17,14,0,0.7705457806587219,
17,15,0,0.748894214630127,
17,16,0,0.7409039735794067,
17,17,0,0.7716519236564636,
17,18,0,0.814990758895874,
17,19,0,0.7479435205459595,
17,20,0,0.7783035039901733,
17,21,0,0.7834911942481995,
17,22,0,0.7601582407951355,
17,23,0,0.7746309638023376,
17,24,0,0.776418924331665,
17,25,0,0.706659197807312,
17,26,0,0.7732340693473816,
17,27,0,0.767193078994751,
17,28,0,0.7628310918807983,
17,29,0,0.7696841359138489,
17,30,0,0.7575110197067261,
17,31,0,0.7567440271377563,
17,32,0,0.7901304364204407,
17,33,0,0.7654754519462585,
17,34,0,0.7227243781089783,
17,35,0,0.7983320355415344,
17,36,0,0.7162731885910034,
17,37,0,0.762258768081665,
17,38,0,0.7472402453422546,
17,39,0,0.7193610668182373,
17,40,0,0.7008311748504639,
17,41,0,0.7723082304000854,
17,42,0,0.7526593804359436,
17,43,0,0.823391318321228,
17,44,0,0.7303991317749023,
17,45,0,0.768012285232544,
17,46,0,0.7846498489379883,
17,47,0,0.6703833937644958,
17,48,0,0.7959412336349487,
17,49,0,0.7112596035003662,
17,50,0,0.8173898458480835,
17,51,0,0.8148356080055237,
17,52,0,0.8124995827674866,
17,53,0,0.7907581925392151,
17,54,0,0.7061854600906372,
17,55,0,0.8079825639724731,
17,56,0,0.6462761163711548,
17,57,0,0.7667441368103027,
17,58,0,0.7498904466629028,
17,59,0,0.8234210014343262,
17,60,0,0.8013646602630615,
17,61,0,0.8243037462234497,
17,62,0,0.6784285306930542,
17,63,0,0.7754117250442505,
17,64,0,0.7550259828567505,
17,65,0,0.7725923657417297,
17,66,0,0.6709847450256348,
17,67,0,0.7231940031051636,
17,68,0,0.7808927297592163,
17,69,0,0.8188149929046631,
17,70,0,0.6295989751815796,
17,71,0,0.7596566677093506,
17,72,0,0.7215474843978882,
17,73,0,0.713349461555481,
17,74,0,0.7716517448425293,
17,75,0,0.7820771932601929,
17,76,0,0.7469104528427124,
17,77,0,0.8025734424591064,
17,78,0,0.7793207168579102,
17,79,0,0.6983821392059326,
17,80,0,0.745215654373169,
17,81,0,0.7072790265083313,
17,82,0,0.7697433233261108,
17,83,0,0.7877810001373291,
17,84,0,0.8128325343132019,
17,85,0,0.8040956854820251,
17,86,0,0.7372775077819824,
17,87,0,0.8034762144088745,
17,88,0,0.7466473579406738,
17,89,0,0.766747772693634,
17,90,0,0.8059267401695251,
17,91,0,0.6917374134063721,
17,92,0,0.754243016242981,
17,93,0,0.8209353685379028,
17,94,0,0.7144004106521606,
17,95,0,0.6258682608604431,
17,96,0,0.7654105424880981,
17,97,0,0.6493855714797974,
17,98,0,0.7848398089408875,
17,99,0,0.7658138275146484,
17,100,0,0.7332290410995483,
17,101,0,0.7415106296539307,
17,102,0,0.6923199892044067,
17,103,0,0.7791329026222229,
17,104,0,0.7527424097061157,
17,105,0,0.7220644950866699,
17,106,0,0.6204020977020264,
17,107,0,0.7053967118263245,
17,108,0,0.7771591544151306,
17,109,0,0.7446228265762329,
17,110,0,0.7963680028915405,
17,111,0,0.8092966079711914,
17,112,0,0.6251009702682495,
17,113,0,0.7897741794586182,
17,114,0,0.7612522840499878,
17,115,0,0.6606379747390747,
17,116,0,0.6803193092346191,
17,117,0,0.6424471735954285,
17,118,0,0.8217694759368896,
17,119,0,0.7313888072967529,
17,120,0,0.7893023490905762,
17,121,0,0.7989689111709595,
17,122,0,0.7249455451965332,
17,123,0,0.6556409597396851,
17,124,0,0.7269684076309204,
17,125,0,0.6919866800308228,
17,126,0,0.7686594724655151,
17,127,0,0.7141344547271729,
17,128,0,0.7842450141906738,
17,129,0,0.728321373462677,
17,130,0,0.8078844547271729,
17,131,0,0.7872322797775269,
17,132,0,0.6955605745315552,
17,133,0,0.8037227988243103,
17,134,0,0.7171218395233154,
17,135,0,0.7391483187675476,
17,136,0,0.8207917213439941,
17,137,0,0.6958097219467163,
17,138,0,0.8167502880096436,
17,139,0,0.764906644821167,
17,140,0,0.8021789193153381,
17,141,0,0.7296043634414673,
17,142,0,0.6526781320571899,
17,143,0,0.7012584209442139,
17,144,0,0.6939431428909302,
17,145,0,0.6488916873931885,
17,146,0,0.7817879915237427,
17,147,0,0.781756579875946,
17,148,0,0.7544203400611877,
17,149,0,0.6628464460372925,
17,150,0,0.8103445172309875,
17,151,0,0.73992919921875,
17,152,0,0.8158490657806396,
17,153,0,0.7531410455703735,
17,154,0,0.8155455589294434,
17,155,0,0.7652632594108582,
17,156,0,0.7199598550796509,
17,157,0,0.7574305534362793,
17,158,0,0.6868607997894287,
17,159,0,0.7069177627563477,
17,160,0,0.7521826028823853,
17,161,0,0.7736970782279968,
17,162,0,0.7798287272453308,
17,163,0,0.8193488717079163,
17,164,0,0.7602288126945496,
17,165,0,0.7294028997421265,
17,166,0,0.6972222924232483,
17,167,0,0.7953566312789917,
17,168,0,0.6324678659439087,
17,169,0,0.653389036655426,
17,170,0,0.7439826726913452,
17,171,0,0.7394479513168335,
17,172,0,0.789958119392395,
17,173,0,0.6758600473403931,
17,174,0,0.6865557432174683,
17,175,0,0.7488614916801453,
17,176,0,0.819233238697052,
17,177,0,0.8245217204093933,
17,178,0,0.784256637096405,
17,179,0,0.7672024369239807,
17,180,0,0.8073962926864624,
17,181,0,0.7856894135475159,
17,182,0,0.7493045330047607,
17,183,0,0.6845671534538269,
17,184,0,0.8069203495979309,
17,185,0,0.7947782278060913,
17,186,0,0.7984278202056885,
17,187,0,0.8039594888687134,
17,188,0,0.7825765609741211,
17,189,0,0.7644766569137573,
17,190,0,0.6918350458145142,
17,191,0,0.6818734407424927,
17,192,0,0.6825646162033081,
17,193,0,0.8076729774475098,
17,194,0,0.779868483543396,
17,195,0,0.780857264995575,
17,196,0,0.6454468965530396,
17,197,0,0.6323885321617126,
17,198,0,0.70975661277771,
17,199,0,0.8170404434204102,
17,200,0,0.7656455039978027,
17,201,0,0.7798352837562561,
17,202,0,0.8187776803970337,
17,203,0,0.8012312054634094,
17,204,0,0.8260112404823303,
17,205,0,0.7928720712661743,
17,206,0,0.6884360313415527,
17,207,0,0.7117370367050171,
17,208,0,0.8099602460861206,
17,209,0,0.7354030609130859,
17,210,0,0.8227107524871826,
17,211,0,0.745043158531189,
17,212,0,0.7417038679122925,
17,213,0,0.7049659490585327,
17,214,0,0.7944304943084717,
17,215,0,0.7105162143707275,
17,216,0,0.8087806701660156,
17,217,0,0.8002115488052368,
17,218,0,0.7244980335235596,
17,219,0,0.6752122640609741,
17,220,0,0.66118323802948,
17,221,0,0.7844902873039246,
17,222,0,0.6933318376541138,
17,223,0,0.6581133604049683,
17,224,0,0.82023686170578,
17,225,0,0.6360037326812744,
17,226,0,0.7232062220573425,
17,227,0,0.7537863254547119,
17,228,0,0.7453217506408691,
17,229,0,0.7968765497207642,
17,230,0,0.7453863620758057,
17,231,0,0.6566063761711121,
17,232,0,0.7407176494598389,
17,233,0,0.7911507487297058,
17,234,0,0.7386907339096069,
17,235,0,0.7094681262969971,
17,236,0,0.6681364178657532,
17,237,0,0.717041015625,
17,238,0,0.8208439350128174,
17,239,0,0.8282181024551392,
17,240,0,0.762802243232727,
17,241,0,0.7949563264846802,
17,242,0,0.7268643379211426,
17,243,0,0.7487980127334595,
17,244,0,0.7321557998657227,
17,245,0,0.7674753069877625,
17,246,0,0.8043603897094727,
17,247,0,0.7861825823783875,
17,248,0,0.8072468638420105,
17,249,0,0.730881929397583,
17,250,0,0.7699568867683411,
17,251,0,0.7735187411308289,
17,252,0,0.8152747750282288,
17,253,0,0.670566201210022,
17,254,0,0.6252304911613464,
17,255,0,0.7994787096977234,
17,256,0,0.782939076423645,
17,257,0,0.812138020992279,
17,258,0,0.7383214235305786,
17,259,0,0.8235929608345032,
17,260,0,0.6851181983947754,
17,261,0,0.6722620725631714,
17,262,0,0.6446435451507568,
17,263,0,0.7806470990180969,
17,264,0,0.743343710899353,
17,265,0,0.6791464686393738,
17,266,0,0.6494282484054565,
17,267,0,0.7953205108642578,
17,268,0,0.8071449398994446,
17,269,0,0.7787044644355774,
17,270,0,0.7826266288757324,
17,271,0,0.6633197069168091,
17,272,0,0.7728622555732727,
17,273,0,0.8156489133834839,
17,274,0,0.7919307947158813,
17,275,0,0.620771050453186,
17,276,0,0.7949097752571106,
17,277,0,0.8035547733306885,
17,278,0,0.6818678379058838,
17,279,0,0.7508100271224976,
17,280,0,0.7777754068374634,
17,281,0,0.6875789165496826,
17,282,0,0.7626819014549255,
17,283,0,0.7194864749908447,
17,284,0,0.6878491640090942,
17,285,0,0.7566539645195007,
17,286,0,0.8076391220092773,
17,287,0,0.7507731914520264,
17,288,0,0.8181968331336975,
17,289,0,0.7340301275253296,
17,290,0,0.819216787815094,
17,291,0,0.8075838685035706,
17,292,0,0.7703855633735657,
17,293,0,0.6304906010627747,
17,294,0,0.7708098888397217,
17,295,0,0.6354767084121704,
17,296,0,0.6912659406661987,
17,297,0,0.8167403936386108,
17,298,0,0.689240574836731,
17,299,0,0.772601306438446,
17,300,0,0.6595872640609741,
17,301,0,0.7925726771354675,
17,302,0,0.7912736535072327,
17,303,0,0.7956805229187012,
17,304,0,0.7074671983718872,
17,305,0,0.772041916847229,
17,306,0,0.6500961780548096,
17,307,0,0.6665724515914917,
17,308,0,0.7667461037635803,
17,309,0,0.7014940977096558,
17,310,0,0.74800705909729,
17,311,0,0.6877255439758301,
17,312,0,0.7431877851486206,
17,313,0,0.7557313442230225,
17,314,0,0.7837610244750977,
17,315,0,0.7777253985404968,
17,316,0,0.776347279548645,
17,317,0,0.7898390293121338,
17,318,0,0.7960184812545776,
17,319,0,0.8193122744560242,
17,320,0,0.6850413680076599,
17,321,0,0.6888164281845093,
17,322,0,0.8237713575363159,
17,323,0,0.826520562171936,
17,324,0,0.7521331906318665,
17,325,0,0.8285343647003174,
17,326,0,0.8068512678146362,
17,327,0,0.697827935218811,
17,328,0,0.689766526222229,
17,329,0,0.6414412260055542,
17,330,0,0.7552580833435059,
17,331,0,0.7330276966094971,
17,332,0,0.7771713733673096,
17,333,0,0.7281419038772583,
17,334,0,0.7120311260223389,
17,335,0,0.7967297434806824,
17,336,0,0.7797695994377136,
17,337,0,0.6526273488998413,
17,338,0,0.7647730708122253,
17,339,0,0.7496394515037537,
17,340,0,0.7911984324455261,
17,341,0,0.7517253160476685,
17,342,0,0.8065215945243835,
17,343,0,0.8039819598197937,
17,344,0,0.7761901617050171,
17,345,0,0.6412083506584167,
17,346,0,0.7024399042129517,
17,347,0,0.7873513698577881,
17,348,0,0.8346521854400635,
17,349,0,0.7238469123840332,
17,350,0,0.7246360778808594,
17,351,0,0.7026950716972351,
17,352,0,0.7883458137512207,
17,353,0,0.7406889796257019,
17,354,0,0.8224057555198669,
17,355,0,0.7118832468986511,
17,356,0,0.7825797200202942,
17,357,0,0.7472602128982544,
17,358,0,0.8009116053581238,
17,359,0,0.7983011603355408,
17,360,0,0.7307162284851074,
17,361,0,0.6862385272979736,
17,362,0,0.7505677938461304,
17,363,0,0.763075590133667,
17,364,0,0.6949976682662964,
17,365,0,0.623145580291748,
17,366,0,0.6442471742630005,
17,367,0,0.647415041923523,
17,368,0,0.7897785902023315,
17,369,0,0.8196330070495605,
17,370,0,0.7447834014892578,
17,371,0,0.7708864212036133,
17,372,0,0.7279738783836365,
17,373,0,0.7970418334007263,
17,374,0,0.7338321208953857,
17,375,0,0.6854872703552246,
17,376,0,0.7787352204322815,
17,377,0,0.8137162923812866,
17,378,0,0.6563043594360352,
17,379,0,0.8060510754585266,
17,380,0,0.6313245296478271,
17,381,0,0.671425998210907,
17,382,0,0.6773543357849121,
17,383,0,0.6486060619354248,
17,384,0,0.808117151260376,
17,385,0,0.792211651802063,
17,386,0,0.7016376256942749,
17,387,0,0.7400699853897095,
17,388,0,0.6614697575569153,
17,389,0,0.8165825009346008,
17,390,0,0.6213486194610596,
17,391,0,0.7368839383125305,
17,392,0,0.8141747117042542,
17,393,0,0.7678374648094177,
17,394,0,0.7004082202911377,
17,395,0,0.8028028011322021,
17,396,0,0.7688142657279968,
17,397,0,0.7878172397613525,
17,398,0,0.8155162334442139,
17,399,0,0.7133276462554932,
17,400,0,0.8023331165313721,
17,401,0,0.6824545860290527,
17,402,0,0.7586401104927063,
17,403,0,0.7823541760444641,
17,404,0,0.7357232570648193,
17,405,0,0.8123583793640137,
17,406,0,0.7195017337799072,
17,407,0,0.7346886396408081,
17,408,0,0.6540180444717407,
17,409,0,0.6846175193786621,
17,410,0,0.6767404079437256,
17,411,0,0.6669244170188904,
17,412,0,0.826567530632019,
17,413,0,0.8013480305671692,
17,414,0,0.6561817526817322,
17,415,0,0.7610138654708862,
17,416,0,0.8354994654655457,
17,417,0,0.6804639101028442,
17,418,0,0.6320918798446655,
17,419,0,0.6226348280906677,
17,420,0,0.7280357480049133,
17,421,0,0.8018397688865662,
17,422,0,0.810097336769104,
17,423,0,0.8052283525466919,
17,424,0,0.6832253336906433,
17,425,0,0.7755035161972046,
17,426,0,0.7865661382675171,
17,427,0,0.7125015258789062,
17,428,0,0.7417808771133423,
17,429,0,0.7882314920425415,
17,430,0,0.793504536151886,
17,431,0,0.6688445210456848,
17,432,0,0.7898173332214355,
17,433,0,0.7579668164253235,
17,434,0,0.8185975551605225,
17,435,0,0.6484178304672241,
17,436,0,0.701297402381897,
17,437,0,0.7102112174034119,
17,438,0,0.813825249671936,
17,439,0,0.7180955410003662,
17,440,0,0.6557539105415344,
17,441,0,0.7551878094673157,
17,442,0,0.7420974969863892,
17,443,0,0.8101088404655457,
17,444,0,0.7802631258964539,
17,445,0,0.7715573310852051,
17,446,0,0.7644766569137573,
17,447,0,0.7558163404464722,
17,448,0,0.6463750600814819,
17,449,0,0.7457730770111084,
17,450,0,0.8075133562088013,
17,451,0,0.7608863711357117,
17,452,0,0.7009283304214478,
17,453,0,0.8139584064483643,
17,454,0,0.7926256656646729,
17,455,0,0.7494571208953857,
17,456,0,0.7836925387382507,
17,457,0,0.7882787585258484,
17,458,0,0.7541676163673401,
17,459,0,0.69957035779953,
17,460,0,0.7190481424331665,
17,461,0,0.6696726083755493,
17,462,0,0.748991847038269,
17,463,0,0.7483616471290588,
17,464,0,0.7365441918373108,
17,465,0,0.6467885971069336,
17,466,0,0.7577739953994751,
17,467,0,0.7331451177597046,
17,468,0,0.7779214382171631,
17,469,0,0.8163359761238098,
17,470,0,0.6779036521911621,
17,471,0,0.7716196179389954,
17,472,0,0.689059853553772,
17,473,0,0.770182192325592,
17,474,0,0.7982476353645325,
17,475,0,0.7996937036514282,
17,476,0,0.7992986440658569,
17,477,0,0.6774376630783081,
17,478,0,0.8203241229057312,
17,479,0,0.8095525503158569,
17,480,0,0.6565884947776794,
17,481,0,0.7845890522003174,
17,482,0,0.6617782711982727,
17,483,0,0.7583190202713013,
17,484,0,0.769044816493988,
17,485,0,0.7651785612106323,
17,486,0,0.6300644278526306,
17,487,0,0.7805924415588379,
17,488,0,0.690636157989502,
17,489,0,0.7420080900192261,
17,490,0,0.7516486644744873,
17,491,0,0.6691030263900757,
17,492,0,0.7571495175361633,
17,493,0,0.8227965235710144,
17,494,0,0.787078857421875,
17,495,0,0.7129389047622681,
17,496,0,0.7494329214096069,
17,497,0,0.774084746837616,
17,498,0,0.7681081891059875,
17,499,0,0.6435743570327759,
17,500,0,0.6217405796051025,
17,501,0,0.7073268294334412,
17,502,0,0.6568436622619629,
17,503,0,0.717888355255127,
17,504,0,0.6938357353210449,
17,505,0,0.7701162695884705,
17,506,0,0.7385561466217041,
17,507,0,0.7119978666305542,
17,508,0,0.8134580850601196,
17,509,0,0.7537015676498413,
17,510,0,0.7561704516410828,
17,511,0,0.7750366926193237,
17,512,0,0.7230232954025269,
17,513,0,0.8121373057365417,
17,514,0,0.6991714835166931,
17,515,0,0.685942530632019,
17,516,0,0.6863820552825928,
17,517,0,0.6940137147903442,
17,518,0,0.7416999340057373,
17,519,0,0.7473946809768677,
17,520,0,0.6678012609481812,
17,521,0,0.6823537349700928,
17,522,0,0.7879793643951416,
17,523,0,0.8143123388290405,
17,524,0,0.7705739736557007,
17,525,0,0.7592600584030151,
17,526,0,0.7865958213806152,
17,527,0,0.7576407194137573,
17,528,0,0.7556430697441101,
17,529,0,0.8066794276237488,
17,530,0,0.7476705312728882,
17,531,0,0.6431616544723511,
17,532,0,0.7681533098220825,
17,533,0,0.8250725269317627,
17,534,0,0.7766604423522949,
17,535,0,0.6953622698783875,
17,536,0,0.7594125866889954,
17,537,0,0.8001630306243896,
17,538,0,0.6158636808395386,
17,539,0,0.7056854963302612,
17,540,0,0.7784838676452637,
17,541,0,0.8066878318786621,
17,542,0,0.7541400194168091,
17,543,0,0.6578409671783447,
17,544,0,0.6950810551643372,
17,545,0,0.6737122535705566,
17,546,0,0.7621408700942993,
17,547,0,0.7787539958953857,
17,548,0,0.7422718405723572,
17,549,0,0.7993692755699158,
17,550,0,0.7413742542266846,
17,551,0,0.741783857345581,
17,552,0,0.6557550430297852,
17,553,0,0.7475805282592773,
17,554,0,0.7383239269256592,
17,555,0,0.6956068277359009,
17,556,0,0.7373372316360474,
17,557,0,0.7528641819953918,
17,558,0,0.7673531174659729,
17,559,0,0.6401360034942627,
17,560,0,0.7862820029258728,
17,561,0,0.6904904842376709,
17,562,0,0.7828736901283264,
17,563,0,0.7768487334251404,
17,564,0,0.7228713631629944,
17,565,0,0.6826157569885254,
17,566,0,0.8262352347373962,
17,567,0,0.7317144870758057,
17,568,0,0.6540340185165405,
17,569,0,0.7638240456581116,
17,570,0,0.6836624145507812,
17,571,0,0.700186014175415,
17,572,0,0.8174382448196411,
17,573,0,0.7841179966926575,
17,574,0,0.7926517724990845,
17,575,0,0.648752748966217,
17,576,0,0.6279622316360474,
17,577,0,0.6700073480606079,
17,578,0,0.7914109826087952,
17,579,0,0.7912297248840332,
17,580,0,0.7775306701660156,
17,581,0,0.7578443288803101,
17,582,0,0.7177939414978027,
17,583,0,0.7633627653121948,
17,584,0,0.7804216146469116,
17,585,0,0.7427963018417358,
17,586,0,0.6741434335708618,
17,587,0,0.8168207406997681,
17,588,0,0.7000685930252075,
17,589,0,0.7068198919296265,
17,590,0,0.7884681224822998,
17,591,0,0.6707546710968018,
17,592,0,0.8080068826675415,
17,593,0,0.6817127466201782,
17,594,0,0.670461893081665,
17,595,0,0.822498083114624,
17,596,0,0.809407114982605,
17,597,0,0.7203694581985474,
17,598,0,0.6245814561843872,
17,599,0,0.7952735424041748,
17,600,0,0.8133839964866638,
17,601,0,0.6288107633590698,
17,602,0,0.7116855978965759,
17,603,0,0.8217509388923645,
17,604,0,0.6643407344818115,
17,val,,,0.8075919357935587
18,0,0,0.7730652093887329,
18,1,0,0.8219372630119324,
18,2,0,0.6752092838287354,
18,3,0,0.789787232875824,
18,4,0,0.7563059329986572,
18,5,0,0.7923223972320557,
18,6,0,0.815526008605957,
18,7,0,0.7589014172554016,
18,8,0,0.8042141795158386,
18,9,0,0.8205124735832214,
18,10,0,0.7452607750892639,
18,11,0,0.772612452507019,
18,12,0,0.6702029705047607,
18,13,0,0.777868390083313,
18,14,0,0.7677416801452637,
18,15,0,0.7422962188720703,
18,16,0,0.7314143180847168,
18,17,0,0.7743765711784363,
18,18,0,0.8157769441604614,
18,19,0,0.7488347291946411,
18,20,0,0.7687029838562012,
18,21,0,0.7811534404754639,
18,22,0,0.7510358691215515,
18,23,0,0.770941972732544,
18,24,0,0.7753802537918091,
18,25,0,0.7078684568405151,
18,26,0,0.7639662027359009,
18,27,0,0.758960485458374,
18,28,0,0.7508097290992737,
18,29,0,0.7729178667068481,
18,30,0,0.7567281723022461,
18,31,0,0.7545896172523499,
18,32,0,0.7906274199485779,
18,33,0,0.765113115310669,
18,34,0,0.7118299007415771,
18,35,0,0.8015463948249817,
18,36,0,0.7102795839309692,
18,37,0,0.772659182548523,
18,38,0,0.7379436492919922,
18,39,0,0.7181062698364258,
18,40,0,0.6889723539352417,
18,41,0,0.7675834894180298,
18,42,0,0.7544334530830383,
18,43,0,0.8227953910827637,
18,44,0,0.7195852994918823,
18,45,0,0.7716556191444397,
18,46,0,0.7774959802627563,
18,47,0,0.6626430749893188,
18,48,0,0.7977014780044556,
18,49,0,0.7049047946929932,
18,50,0,0.8170658349990845,
18,51,0,0.8098479509353638,
18,52,0,0.8132398128509521,
18,53,0,0.7890854477882385,
18,54,0,0.6982768177986145,
18,55,0,0.8064206838607788,
18,56,0,0.640966534614563,
18,57,0,0.760938286781311,
18,58,0,0.7449363470077515,
18,59,0,0.8254488706588745,
18,60,0,0.8038848042488098,
18,61,0,0.8251441121101379,
18,62,0,0.6769291162490845,
18,63,0,0.7757338285446167,
18,64,0,0.7485074996948242,
18,65,0,0.781403660774231,
18,66,0,0.6627413034439087,
18,67,0,0.7206133604049683,
18,68,0,0.7791638374328613,
18,69,0,0.8193308711051941,
18,70,0,0.6316707134246826,
18,71,0,0.7537388801574707,
18,72,0,0.7144536972045898,
18,73,0,0.7100598812103271,
18,74,0,0.7631316781044006,
18,75,0,0.7859662175178528,
18,76,0,0.7411374449729919,
18,77,0,0.8057900667190552,
18,78,0,0.7847798466682434,
18,79,0,0.6955894827842712,
18,80,0,0.7371571063995361,
18,81,0,0.6974498629570007,
18,82,0,0.7666123509407043,
18,83,0,0.7857714891433716,
18,84,0,0.8136535882949829,
18,85,0,0.8023908138275146,
18,86,0,0.7417452335357666,
18,87,0,0.8033341765403748,
18,88,0,0.7480354309082031,
18,89,0,0.7586333155632019,
18,90,0,0.8100501894950867,
18,91,0,0.6926110982894897,
18,92,0,0.7472805976867676,
18,93,0,0.827440619468689,
18,94,0,0.7146180868148804,
18,95,0,0.6224420070648193,
18,96,0,0.7634997367858887,
18,97,0,0.6455533504486084,
18,98,0,0.7893831729888916,
18,99,0,0.7572227716445923,
18,100,0,0.7318402528762817,
18,101,0,0.735393762588501,
18,102,0,0.6967577934265137,
18,103,0,0.7791149616241455,
18,104,0,0.7476198077201843,
18,105,0,0.7289623022079468,
18,106,0,0.6109643578529358,
18,107,0,0.6843090057373047,
18,108,0,0.7713238000869751,
18,109,0,0.7389180660247803,
18,110,0,0.796014666557312,
18,111,0,0.8103494048118591,
18,112,0,0.6198200583457947,
18,113,0,0.7792157530784607,
18,114,0,0.7560557126998901,
18,115,0,0.6532778739929199,
18,116,0,0.6708676218986511,
18,117,0,0.6382750868797302,
18,118,0,0.8257502317428589,
18,119,0,0.7253129482269287,
18,120,0,0.7941102385520935,
18,121,0,0.8011245727539062,
18,122,0,0.7129983901977539,
18,123,0,0.6499162912368774,
18,124,0,0.7187345027923584,
18,125,0,0.6909850239753723,
18,126,0,0.7612058520317078,
18,127,0,0.7041804790496826,
18,128,0,0.7803187966346741,
18,129,0,0.7199680805206299,
18,130,0,0.8074473142623901,
18,131,0,0.7917217016220093,
18,132,0,0.6981360912322998,
18,133,0,0.803804874420166,
18,134,0,0.7190905809402466,
18,135,0,0.7359189987182617,
18,136,0,0.8157346844673157,
18,137,0,0.6943670511245728,
18,138,0,0.8206204771995544,
18,139,0,0.7645493745803833,
18,140,0,0.8058406114578247,
18,141,0,0.7237036228179932,
18,142,0,0.6446082592010498,
18,143,0,0.6991519927978516,
18,144,0,0.6860100030899048,
18,145,0,0.6501526832580566,
18,146,0,0.7768839597702026,
18,147,0,0.7778227925300598,
18,148,0,0.7469543218612671,
18,149,0,0.6464552283287048,
18,150,0,0.8024449944496155,
18,151,0,0.721886396408081,
18,152,0,0.811366856098175,
18,153,0,0.7490056753158569,
18,154,0,0.8215317726135254,
18,155,0,0.7576958537101746,
18,156,0,0.7204506993293762,
18,157,0,0.7524423003196716,
18,158,0,0.6875326633453369,
18,159,0,0.6965274214744568,
18,160,0,0.7509106397628784,
18,161,0,0.7730070352554321,
18,162,0,0.7809057235717773,
18,163,0,0.8249499797821045,
18,164,0,0.7628523111343384,
18,165,0,0.7304786443710327,
18,166,0,0.6942414045333862,
18,167,0,0.799457848072052,
18,168,0,0.6329272985458374,
18,169,0,0.6429184675216675,
18,170,0,0.7414443492889404,
18,171,0,0.734073281288147,
18,172,0,0.7748830914497375,
18,173,0,0.6644881963729858,
18,174,0,0.6829793453216553,
18,175,0,0.7445399761199951,
18,176,0,0.8166705965995789,
18,177,0,0.8285152316093445,
18,178,0,0.7755747437477112,
18,179,0,0.7636358737945557,
18,180,0,0.8009079098701477,
18,181,0,0.779647707939148,
18,182,0,0.7461918592453003,
18,183,0,0.6825017929077148,
18,184,0,0.808853030204773,
18,185,0,0.7977681159973145,
18,186,0,0.7892569303512573,
18,187,0,0.8113671541213989,
18,188,0,0.7880367040634155,
18,189,0,0.7629035711288452,
18,190,0,0.6883628368377686,
18,191,0,0.6789741516113281,
18,192,0,0.6734062433242798,
18,193,0,0.8079027533531189,
18,194,0,0.7788841724395752,
18,195,0,0.7808128595352173,
18,196,0,0.6361823081970215,
18,197,0,0.6200913786888123,
18,198,0,0.7191479206085205,
18,199,0,0.8164289593696594,
18,200,0,0.7573443651199341,
18,201,0,0.7809920907020569,
18,202,0,0.818564772605896,
18,203,0,0.8065407276153564,
18,204,0,0.8247300982475281,
18,205,0,0.7803090810775757,
18,206,0,0.6808050274848938,
18,207,0,0.7051821947097778,
18,208,0,0.810850203037262,
18,209,0,0.7221578359603882,
18,210,0,0.824209988117218,
18,211,0,0.7433950901031494,
18,212,0,0.7393032908439636,
18,213,0,0.6943919658660889,
18,214,0,0.7922080755233765,
18,215,0,0.71549391746521,
18,216,0,0.8100717663764954,
18,217,0,0.7954674363136292,
18,218,0,0.7167998552322388,
18,219,0,0.670687735080719,
18,220,0,0.6476854085922241,
18,221,0,0.7728905081748962,
18,222,0,0.6814255714416504,
18,223,0,0.6418266296386719,
18,224,0,0.823517918586731,
18,225,0,0.6236861944198608,
18,226,0,0.7253412008285522,
18,227,0,0.7482980489730835,
18,228,0,0.7406132221221924,
18,229,0,0.8032787442207336,
18,230,0,0.7504115104675293,
18,231,0,0.6426912546157837,
18,232,0,0.7333159446716309,
18,233,0,0.7857353687286377,
18,234,0,0.7312766313552856,
18,235,0,0.7061585187911987,
18,236,0,0.665269136428833,
18,237,0,0.7195683121681213,
18,238,0,0.8180128931999207,
18,239,0,0.8339678049087524,
18,240,0,0.7649227380752563,
18,241,0,0.7904152274131775,
18,242,0,0.7182894945144653,
18,243,0,0.7331178188323975,
18,244,0,0.724789023399353,
18,245,0,0.7567121386528015,
18,246,0,0.8062745928764343,
18,247,0,0.7832732200622559,
18,248,0,0.801429808139801,
18,249,0,0.7262042760848999,
18,250,0,0.7588318586349487,
18,251,0,0.763767659664154,
18,252,0,0.8161128163337708,
18,253,0,0.664496660232544,
18,254,0,0.617262601852417,
18,255,0,0.8016473054885864,
18,256,0,0.783277153968811,
18,257,0,0.8241024613380432,
18,258,0,0.7279523611068726,
18,259,0,0.8238667249679565,
18,260,0,0.6796649694442749,
18,261,0,0.6646126508712769,
18,262,0,0.6393017768859863,
18,263,0,0.7783458828926086,
18,264,0,0.750041127204895,
18,265,0,0.6745145320892334,
18,266,0,0.6394971609115601,
18,267,0,0.7988099455833435,
18,268,0,0.8074593544006348,
18,269,0,0.7774420976638794,
18,270,0,0.7862993478775024,
18,271,0,0.6581936478614807,
18,272,0,0.7714548707008362,
18,273,0,0.8062605261802673,
18,274,0,0.7874380350112915,
18,275,0,0.6173610687255859,
18,276,0,0.7871728539466858,
18,277,0,0.8123583793640137,
18,278,0,0.6778453588485718,
18,279,0,0.7476366758346558,
18,280,0,0.7746132612228394,
18,281,0,0.6796377897262573,
18,282,0,0.7579765319824219,
18,283,0,0.7108458280563354,
18,284,0,0.6806454658508301,
18,285,0,0.7566727995872498,
18,286,0,0.8054770231246948,
18,287,0,0.7498241066932678,
18,288,0,0.8173518180847168,
18,289,0,0.7297030687332153,
18,290,0,0.8175758719444275,
18,291,0,0.8158966302871704,
18,292,0,0.7628849148750305,
18,293,0,0.621556282043457,
18,294,0,0.7567993402481079,
18,295,0,0.6215630769729614,
18,296,0,0.6997681856155396,
18,297,0,0.8145312666893005,
18,298,0,0.6785959601402283,
18,299,0,0.7706456780433655,
18,300,0,0.6440660953521729,
18,301,0,0.7932164669036865,
18,302,0,0.779952883720398,
18,303,0,0.8050521016120911,
18,304,0,0.6971735954284668,
18,305,0,0.772537350654602,
18,306,0,0.6419848203659058,
18,307,0,0.6540172696113586,
18,308,0,0.7634949684143066,
18,309,0,0.6962424516677856,
18,310,0,0.7388286590576172,
18,311,0,0.6854325532913208,
18,312,0,0.741233766078949,
18,313,0,0.7482699155807495,
18,314,0,0.7828026413917542,
18,315,0,0.7778877019882202,
18,316,0,0.7741949558258057,
18,317,0,0.7814914584159851,
18,318,0,0.7937489151954651,
18,319,0,0.8120623826980591,
18,320,0,0.6739885807037354,
18,321,0,0.6757857799530029,
18,322,0,0.8237338066101074,
18,323,0,0.8304930329322815,
18,324,0,0.7376156449317932,
18,325,0,0.821448564529419,
18,326,0,0.8036561012268066,
18,327,0,0.6952205896377563,
18,328,0,0.6812152862548828,
18,329,0,0.6334060430526733,
18,330,0,0.7587863802909851,
18,331,0,0.7379066944122314,
18,332,0,0.7789821028709412,
18,333,0,0.7117300033569336,
18,334,0,0.7043029069900513,
18,335,0,0.8000109195709229,
18,336,0,0.7717530131340027,
18,337,0,0.6459615230560303,
18,338,0,0.7517053484916687,
18,339,0,0.7534241080284119,
18,340,0,0.790031373500824,
18,341,0,0.745749294757843,
18,342,0,0.7999657392501831,
18,343,0,0.8011176586151123,
18,344,0,0.7656054496765137,
18,345,0,0.6310162544250488,
18,346,0,0.6898610591888428,
18,347,0,0.7749737501144409,
18,348,0,0.8341876268386841,
18,349,0,0.7138097882270813,
18,350,0,0.7191364169120789,
18,351,0,0.6942216753959656,
18,352,0,0.78819739818573,
18,353,0,0.7287414073944092,
18,354,0,0.8217558860778809,
18,355,0,0.7089865207672119,
18,356,0,0.7871147394180298,
18,357,0,0.737170934677124,
18,358,0,0.8017985820770264,
18,359,0,0.7876774072647095,
18,360,0,0.7273108959197998,
18,361,0,0.671995997428894,
18,362,0,0.7446998357772827,
18,363,0,0.7684808373451233,
18,364,0,0.692996621131897,
18,365,0,0.6205384731292725,
18,366,0,0.633536696434021,
18,367,0,0.6374169588088989,
18,368,0,0.7889811992645264,
18,369,0,0.813125491142273,
18,370,0,0.7414363622665405,
18,371,0,0.7619578242301941,
18,372,0,0.7491030693054199,
18,373,0,0.7961450815200806,
18,374,0,0.7344294786453247,
18,375,0,0.6870471239089966,
18,376,0,0.7727522850036621,
18,377,0,0.8157293796539307,
18,378,0,0.6552411913871765,
18,379,0,0.8094990849494934,
18,380,0,0.6147749423980713,
18,381,0,0.6611137390136719,
18,382,0,0.6809067726135254,
18,383,0,0.6343439817428589,
18,384,0,0.803147554397583,
18,385,0,0.7937626242637634,
18,386,0,0.6923632621765137,
18,387,0,0.7360444068908691,
18,388,0,0.6600674390792847,
18,389,0,0.8157995939254761,
18,390,0,0.6110724210739136,
18,391,0,0.732276439666748,
18,392,0,0.811882734298706,
18,393,0,0.7713372707366943,
18,394,0,0.6996842622756958,
18,395,0,0.8031964898109436,
18,396,0,0.7689948081970215,
18,397,0,0.7847937941551208,
18,398,0,0.8155959844589233,
18,399,0,0.7107596397399902,
18,400,0,0.7999229431152344,
18,401,0,0.6848382949829102,
18,402,0,0.7556858062744141,
18,403,0,0.7829406261444092,
18,404,0,0.7369140386581421,
18,405,0,0.8070066571235657,
18,406,0,0.7086881399154663,
18,407,0,0.7249894142150879,
18,408,0,0.6415739059448242,
18,409,0,0.6707978248596191,
18,410,0,0.6698996424674988,
18,411,0,0.6611121892929077,
18,412,0,0.8218473792076111,
18,413,0,0.8017779588699341,
18,414,0,0.6491072177886963,
18,415,0,0.7612465620040894,
18,416,0,0.8377019166946411,
18,417,0,0.6764481067657471,
18,418,0,0.6211460828781128,
18,419,0,0.6221328973770142,
18,420,0,0.7127128839492798,
18,421,0,0.8019906282424927,
18,422,0,0.8052161931991577,
18,423,0,0.8031601905822754,
18,424,0,0.6908637285232544,
18,425,0,0.7713138461112976,
18,426,0,0.7668330073356628,
18,427,0,0.6964818835258484,
18,428,0,0.7335728406906128,
18,429,0,0.7967723608016968,
18,430,0,0.7948068380355835,
18,431,0,0.669693112373352,
18,432,0,0.7976320385932922,
18,433,0,0.7500392198562622,
18,434,0,0.8170565962791443,
18,435,0,0.640163779258728,
18,436,0,0.7017333507537842,
18,437,0,0.7063792943954468,
18,438,0,0.8090268969535828,
18,439,0,0.7216800451278687,
18,440,0,0.6519308090209961,
18,441,0,0.7583470344543457,
18,442,0,0.7421053647994995,
18,443,0,0.8032683730125427,
18,444,0,0.7751208543777466,
18,445,0,0.7665992975234985,
18,446,0,0.7602737545967102,
18,447,0,0.7543252110481262,
18,448,0,0.6430099010467529,
18,449,0,0.7437102198600769,
18,450,0,0.8107417821884155,
18,451,0,0.7585474252700806,
18,452,0,0.6892541646957397,
18,453,0,0.8156120777130127,
18,454,0,0.7947017550468445,
18,455,0,0.7470448017120361,
18,456,0,0.79141765832901,
18,457,0,0.7839855551719666,
18,458,0,0.7467894554138184,
18,459,0,0.7002161741256714,
18,460,0,0.7090054750442505,
18,461,0,0.6657251119613647,
18,462,0,0.7442554831504822,
18,463,0,0.7430679798126221,
18,464,0,0.7315213680267334,
18,465,0,0.6451885104179382,
18,466,0,0.7614747285842896,
18,467,0,0.7319352626800537,
18,468,0,0.7768835425376892,
18,469,0,0.8112964630126953,
18,470,0,0.6697516441345215,
18,471,0,0.759559154510498,
18,472,0,0.6883838176727295,
18,473,0,0.767076849937439,
18,474,0,0.7984644174575806,
18,475,0,0.7978549003601074,
18,476,0,0.786089301109314,
18,477,0,0.6679495573043823,
18,478,0,0.818435788154602,
18,479,0,0.8038651943206787,
18,480,0,0.6381096839904785,
18,481,0,0.7833784818649292,
18,482,0,0.6511255502700806,
18,483,0,0.7560016512870789,
18,484,0,0.7654132843017578,
18,485,0,0.7670664191246033,
18,486,0,0.6231768131256104,
18,487,0,0.7756409049034119,
18,488,0,0.6767562627792358,
18,489,0,0.7409102320671082,
18,490,0,0.7471014261245728,
18,491,0,0.654000461101532,
18,492,0,0.7507241368293762,
18,493,0,0.8242262005805969,
18,494,0,0.7886008024215698,
18,495,0,0.7028586864471436,
18,496,0,0.7480041980743408,
18,497,0,0.7705954313278198,
18,498,0,0.7578441500663757,
18,499,0,0.6351397037506104,
18,500,0,0.6016703844070435,
18,501,0,0.6937255859375,
18,502,0,0.6546667814254761,
18,503,0,0.7121556997299194,
18,504,0,0.68282550573349,
18,505,0,0.7717079520225525,
18,506,0,0.7412182092666626,
18,507,0,0.7168334722518921,
18,508,0,0.8125044703483582,
18,509,0,0.7510308027267456,
18,510,0,0.7549596428871155,
18,511,0,0.7727735638618469,
18,512,0,0.7071444988250732,
18,513,0,0.8103903532028198,
18,514,0,0.6929856538772583,
18,515,0,0.6831839084625244,
18,516,0,0.6847928762435913,
18,517,0,0.6815292835235596,
18,518,0,0.7275136709213257,
18,519,0,0.748388946056366,
18,520,0,0.6584441065788269,
18,521,0,0.6701898574829102,
18,522,0,0.780462384223938,
18,523,0,0.8113630414009094,
18,524,0,0.7638483047485352,
18,525,0,0.754077136516571,
18,526,0,0.7886737585067749,
18,527,0,0.7467015981674194,
18,528,0,0.7509161829948425,
18,529,0,0.8017891645431519,
18,530,0,0.7499645352363586,
18,531,0,0.6366374492645264,
18,532,0,0.7624285817146301,
18,533,0,0.8255398869514465,
18,534,0,0.7716193199157715,
18,535,0,0.6909815669059753,
18,536,0,0.7507160902023315,
18,537,0,0.7934616804122925,
18,538,0,0.6098114252090454,
18,539,0,0.6995055675506592,
18,540,0,0.7641907930374146,
18,541,0,0.804716944694519,
18,542,0,0.746883749961853,
18,543,0,0.6391379237174988,
18,544,0,0.6853911280632019,
18,545,0,0.6610299944877625,
18,546,0,0.7530525922775269,
18,547,0,0.7810491323471069,
18,548,0,0.7363612651824951,
18,549,0,0.7970269918441772,
18,550,0,0.7390227913856506,
18,551,0,0.7346502542495728,
18,552,0,0.6432232856750488,
18,553,0,0.7417209148406982,
18,554,0,0.7350199222564697,
18,555,0,0.6905791163444519,
18,556,0,0.7334054708480835,
18,557,0,0.7493007183074951,
18,558,0,0.7605971097946167,
18,559,0,0.6306458711624146,
18,560,0,0.7852218151092529,
18,561,0,0.6904506087303162,
18,562,0,0.7830928564071655,
18,563,0,0.7706611156463623,
18,564,0,0.7166337966918945,
18,565,0,0.6788578033447266,
18,566,0,0.8275648951530457,
18,567,0,0.7155865430831909,
18,568,0,0.6526156067848206,
18,569,0,0.7608953714370728,
18,570,0,0.6827976703643799,
18,571,0,0.6997408866882324,
18,572,0,0.8185042142868042,
18,573,0,0.7667092084884644,
18,574,0,0.7890269160270691,
18,575,0,0.6427062749862671,
18,576,0,0.6159495115280151,
18,577,0,0.6709725260734558,
18,578,0,0.7748315930366516,
18,579,0,0.7939221858978271,
18,580,0,0.7731441855430603,
18,581,0,0.7554627656936646,
18,582,0,0.701698362827301,
18,583,0,0.7616174817085266,
18,584,0,0.7742104530334473,
18,585,0,0.7431662082672119,
18,586,0,0.6682010889053345,
18,587,0,0.8132203221321106,
18,588,0,0.6959855556488037,
18,589,0,0.6991658210754395,
18,590,0,0.7821379899978638,
18,591,0,0.6638569235801697,
18,592,0,0.8028954863548279,
18,593,0,0.6781110167503357,
18,594,0,0.6630688905715942,
18,595,0,0.8210519552230835,
18,596,0,0.8041974306106567,
18,597,0,0.7129745483398438,
18,598,0,0.619695782661438,
18,599,0,0.792749285697937,
18,600,0,0.8067593574523926,
18,601,0,0.6220159530639648,
18,602,0,0.7015471458435059,
18,603,0,0.8198350667953491,
18,604,0,0.6629353761672974,
18,val,,,0.8071884695688883
19,0,0,0.762494683265686,
19,1,0,0.8130601644515991,
19,2,0,0.6632998585700989,
19,3,0,0.783566415309906,
19,4,0,0.7557669281959534,
19,5,0,0.7920150756835938,
19,6,0,0.8175875544548035,
19,7,0,0.7467422485351562,
19,8,0,0.8002036809921265,
19,9,0,0.8107931017875671,
19,10,0,0.7439099550247192,
19,11,0,0.7555500268936157,
19,12,0,0.6638443470001221,
19,13,0,0.7725627422332764,
19,14,0,0.7724149823188782,
19,15,0,0.7479671239852905,
19,16,0,0.7260115146636963,
19,17,0,0.7676743268966675,
19,18,0,0.8194296360015869,
19,19,0,0.7460830807685852,
19,20,0,0.7642191052436829,
19,21,0,0.7733768820762634,
19,22,0,0.7468116283416748,
19,23,0,0.7703794240951538,
19,24,0,0.7665358781814575,
19,25,0,0.6885794997215271,
19,26,0,0.7599560618400574,
19,27,0,0.7518397569656372,
19,28,0,0.7553297281265259,
19,29,0,0.7616729140281677,
19,30,0,0.7532289624214172,
19,31,0,0.7397856712341309,
19,32,0,0.7900288701057434,
19,33,0,0.7665472030639648,
19,34,0,0.7035843729972839,
19,35,0,0.7955020070075989,
19,36,0,0.7031913995742798,
19,37,0,0.7671864032745361,
19,38,0,0.7296634912490845,
19,39,0,0.7056277990341187,
19,40,0,0.6800879240036011,
19,41,0,0.7734089493751526,
19,42,0,0.753521203994751,
19,43,0,0.8198500871658325,
19,44,0,0.7189967632293701,
19,45,0,0.7684969305992126,
19,46,0,0.7871733903884888,
19,47,0,0.6563974618911743,
19,48,0,0.7928959131240845,
19,49,0,0.6935595273971558,
19,50,0,0.8189854621887207,
19,51,0,0.8059501647949219,
19,52,0,0.8078576326370239,
19,53,0,0.7844991087913513,
19,54,0,0.6962244510650635,
19,55,0,0.7973945140838623,
19,56,0,0.6241345405578613,
19,57,0,0.7485523223876953,
19,58,0,0.7408362627029419,
19,59,0,0.820560097694397,
19,60,0,0.802837073802948,
19,61,0,0.8245855569839478,
19,62,0,0.6701617240905762,
19,63,0,0.7708511352539062,
19,64,0,0.7451518774032593,
19,65,0,0.7716879844665527,
19,66,0,0.6655175685882568,
19,67,0,0.7112104892730713,
19,68,0,0.7734268307685852,
19,69,0,0.8177602291107178,
19,70,0,0.6094582080841064,
19,71,0,0.7406964302062988,
19,72,0,0.7049567699432373,
19,73,0,0.7009404897689819,
19,74,0,0.7620604038238525,
19,75,0,0.7786438465118408,
19,76,0,0.7394580245018005,
19,77,0,0.8015821576118469,
19,78,0,0.7804340720176697,
19,79,0,0.6845718622207642,
19,80,0,0.7324820756912231,
19,81,0,0.6913535594940186,
19,82,0,0.7617809772491455,
19,83,0,0.7795299291610718,
19,84,0,0.8083067536354065,
19,85,0,0.8045523166656494,
19,86,0,0.7360048294067383,
19,87,0,0.8022981286048889,
19,88,0,0.7374259233474731,
19,89,0,0.7491464614868164,
19,90,0,0.8061745762825012,
19,91,0,0.6764827370643616,
19,92,0,0.7425879836082458,
19,93,0,0.8246103525161743,
19,94,0,0.6991457939147949,
19,95,0,0.6282761096954346,
19,96,0,0.7612088322639465,
19,97,0,0.638646125793457,
19,98,0,0.7867342829704285,
19,99,0,0.7495334148406982,
19,100,0,0.7223450541496277,
19,101,0,0.7255096435546875,
19,102,0,0.6880394220352173,
19,103,0,0.7820217609405518,
19,104,0,0.7535279989242554,
19,105,0,0.7206770181655884,
19,106,0,0.6116170287132263,
19,107,0,0.6841992139816284,
19,108,0,0.774724543094635,
19,109,0,0.7368869781494141,
19,110,0,0.7927628755569458,
19,111,0,0.807045578956604,
19,112,0,0.6177355051040649,
19,113,0,0.777718186378479,
19,114,0,0.747090220451355,
19,115,0,0.6524637937545776,
19,116,0,0.6533334255218506,
19,117,0,0.6260768175125122,
19,118,0,0.820956289768219,
19,119,0,0.7205609083175659,
19,120,0,0.7940758466720581,
19,121,0,0.7988607883453369,
19,122,0,0.7118999361991882,
19,123,0,0.6403719186782837,
19,124,0,0.7179741859436035,
19,125,0,0.6697642803192139,
19,126,0,0.7541069388389587,
19,127,0,0.6958615183830261,
19,128,0,0.7770373821258545,
19,129,0,0.7103209495544434,
19,130,0,0.8068127632141113,
19,131,0,0.7863737940788269,
19,132,0,0.689294159412384,
19,133,0,0.7972355484962463,
19,134,0,0.7077953815460205,
19,135,0,0.7241652011871338,
19,136,0,0.8199000358581543,
19,137,0,0.6916958093643188,
19,138,0,0.808363676071167,
19,139,0,0.7632051706314087,
19,140,0,0.800129771232605,
19,141,0,0.7160359621047974,
19,142,0,0.6421600580215454,
19,143,0,0.6980246901512146,
19,144,0,0.6787776350975037,
19,145,0,0.6401419639587402,
19,146,0,0.760040819644928,
19,147,0,0.7668302655220032,
19,148,0,0.7521454095840454,
19,149,0,0.639066219329834,
19,150,0,0.7955850958824158,
19,151,0,0.7209174633026123,
19,152,0,0.8188775777816772,
19,153,0,0.7462730407714844,
19,154,0,0.8190558552742004,
19,155,0,0.7526218295097351,
19,156,0,0.7174807786941528,
19,157,0,0.7429665923118591,
19,158,0,0.6801505088806152,
19,159,0,0.6949865818023682,
19,160,0,0.7484743595123291,
19,161,0,0.7635855078697205,
19,162,0,0.7832988500595093,
19,163,0,0.8184786438941956,
19,164,0,0.7505041360855103,
19,165,0,0.72206711769104,
19,166,0,0.694054365158081,
19,167,0,0.8007838726043701,
19,168,0,0.6291831731796265,
19,169,0,0.629812479019165,
19,170,0,0.7366575002670288,
19,171,0,0.7306969165802002,
19,172,0,0.7726960182189941,
19,173,0,0.651409387588501,
19,174,0,0.6763229966163635,
19,175,0,0.7377067804336548,
19,176,0,0.8163501024246216,
19,177,0,0.8222155570983887,
19,178,0,0.7795847058296204,
19,179,0,0.7706975936889648,
19,180,0,0.8146106004714966,
19,181,0,0.7901102900505066,
19,182,0,0.75074702501297,
19,183,0,0.6702939867973328,
19,184,0,0.808643102645874,
19,185,0,0.7972968220710754,
19,186,0,0.7915986180305481,
19,187,0,0.8035107254981995,
19,188,0,0.7800387144088745,
19,189,0,0.7613931894302368,
19,190,0,0.6690609455108643,
19,191,0,0.669518232345581,
19,192,0,0.6667183637619019,
19,193,0,0.8074548244476318,
19,194,0,0.7722663879394531,
19,195,0,0.7733691334724426,
19,196,0,0.6348283290863037,
19,197,0,0.6109422445297241,
19,198,0,0.7029799222946167,
19,199,0,0.8173583745956421,
19,200,0,0.7587627172470093,
19,201,0,0.7827299237251282,
19,202,0,0.8169347047805786,
19,203,0,0.8084308505058289,
19,204,0,0.8241991996765137,
19,205,0,0.7756417393684387,
19,206,0,0.6755983829498291,
19,207,0,0.6987804770469666,
19,208,0,0.8127332329750061,
19,209,0,0.7317903637886047,
19,210,0,0.8223356008529663,
19,211,0,0.7432237863540649,
19,212,0,0.7283249497413635,
19,213,0,0.6997222900390625,
19,214,0,0.7921637296676636,
19,215,0,0.698222279548645,
19,216,0,0.8081387281417847,
19,217,0,0.7887892127037048,
19,218,0,0.7110018730163574,
19,219,0,0.6633008718490601,
19,220,0,0.6415685415267944,
19,221,0,0.7729677557945251,
19,222,0,0.6715209484100342,
19,223,0,0.6366368532180786,
19,224,0,0.8237082362174988,
19,225,0,0.6218149662017822,
19,226,0,0.7168639898300171,
19,227,0,0.740898072719574,
19,228,0,0.7280063629150391,
19,229,0,0.8092989921569824,
19,230,0,0.7471873760223389,
19,231,0,0.6420580148696899,
19,232,0,0.7307344675064087,
19,233,0,0.7826852798461914,
19,234,0,0.7331411838531494,
19,235,0,0.6992788314819336,
19,236,0,0.6529756784439087,
19,237,0,0.7153737545013428,
19,238,0,0.8176998496055603,
19,239,0,0.8302993774414062,
19,240,0,0.7578858137130737,
19,241,0,0.7942841053009033,
19,242,0,0.7088534832000732,
19,243,0,0.7216057777404785,
19,244,0,0.7165846228599548,
19,245,0,0.7547964453697205,
19,246,0,0.8050350546836853,
19,247,0,0.7815788984298706,
19,248,0,0.8089945912361145,
19,249,0,0.7270091772079468,
19,250,0,0.7550216317176819,
19,251,0,0.7684301733970642,
19,252,0,0.8254720568656921,
19,253,0,0.6608399748802185,
19,254,0,0.6189723014831543,
19,255,0,0.8020855188369751,
19,256,0,0.7795793414115906,
19,257,0,0.811519980430603,
19,258,0,0.7255496382713318,
19,259,0,0.8243970274925232,
19,260,0,0.674178957939148,
19,261,0,0.6616216897964478,
19,262,0,0.6311182379722595,
19,263,0,0.7739416360855103,
19,264,0,0.7483595609664917,
19,265,0,0.664635419845581,
19,266,0,0.6419557332992554,
19,267,0,0.7932458519935608,
19,268,0,0.8085397481918335,
19,269,0,0.7853567600250244,
19,270,0,0.7806606888771057,
19,271,0,0.6368279457092285,
19,272,0,0.7697404623031616,
19,273,0,0.8082765936851501,
19,274,0,0.785812497138977,
19,275,0,0.6077685356140137,
19,276,0,0.7930835485458374,
19,277,0,0.7998830080032349,
19,278,0,0.6724252104759216,
19,279,0,0.7437862157821655,
19,280,0,0.763508141040802,
19,281,0,0.6771025061607361,
19,282,0,0.7470804452896118,
19,283,0,0.7080487608909607,
19,284,0,0.6708880662918091,
19,285,0,0.7495194673538208,
19,286,0,0.8035029768943787,
19,287,0,0.744349479675293,
19,288,0,0.8124686479568481,
19,289,0,0.7202340960502625,
19,290,0,0.8076320290565491,
19,291,0,0.8105868697166443,
19,292,0,0.7731024026870728,
19,293,0,0.6157411336898804,
19,294,0,0.7575425505638123,
19,295,0,0.6136574149131775,
19,296,0,0.687995433807373,
19,297,0,0.8062087893486023,
19,298,0,0.6760045289993286,
19,299,0,0.7633672952651978,
19,300,0,0.6445287466049194,
19,301,0,0.7839375734329224,
19,302,0,0.7724953293800354,
19,303,0,0.7959738969802856,
19,304,0,0.6946823596954346,
19,305,0,0.7660826444625854,
19,306,0,0.6336368322372437,
19,307,0,0.6484786868095398,
19,308,0,0.7584508657455444,
19,309,0,0.6910943388938904,
19,310,0,0.735623300075531,
19,311,0,0.6741732358932495,
19,312,0,0.7388108372688293,
19,313,0,0.7483816146850586,
19,314,0,0.786539614200592,
19,315,0,0.7735117673873901,
19,316,0,0.7765387296676636,
19,317,0,0.7926700711250305,
19,318,0,0.7934785485267639,
19,319,0,0.8162643313407898,
19,320,0,0.6642308235168457,
19,321,0,0.6701451539993286,
19,322,0,0.8243569135665894,
19,323,0,0.8247321248054504,
19,324,0,0.7338480949401855,
19,325,0,0.8294057846069336,
19,326,0,0.8099626898765564,
19,327,0,0.6916772723197937,
19,328,0,0.6830896139144897,
19,329,0,0.6205878257751465,
19,330,0,0.7623867988586426,
19,331,0,0.7320482730865479,
19,332,0,0.7806209325790405,
19,333,0,0.7025927305221558,
19,334,0,0.6905415654182434,
19,335,0,0.802067220211029,
19,336,0,0.7658323049545288,
19,337,0,0.6278871893882751,
19,338,0,0.7514800429344177,
19,339,0,0.7318313121795654,
19,340,0,0.7902685403823853,
19,341,0,0.7458406686782837,
19,342,0,0.8018028736114502,
19,343,0,0.7957907915115356,
19,344,0,0.7673497200012207,
19,345,0,0.6235607266426086,
19,346,0,0.6830593347549438,
19,347,0,0.7711951732635498,
19,348,0,0.8306295275688171,
19,349,0,0.6933329105377197,
19,350,0,0.7183297872543335,
19,351,0,0.6850473880767822,
19,352,0,0.784685492515564,
19,353,0,0.7293047904968262,
19,354,0,0.8193022012710571,
19,355,0,0.6957442760467529,
19,356,0,0.7653067708015442,
19,357,0,0.7361270189285278,
19,358,0,0.806725025177002,
19,359,0,0.7919453978538513,
19,360,0,0.7120403051376343,
19,361,0,0.6751983165740967,
19,362,0,0.7449468374252319,
19,363,0,0.7608872652053833,
19,364,0,0.683133602142334,
19,365,0,0.6163082718849182,
19,366,0,0.6442179083824158,
19,367,0,0.6311600208282471,
19,368,0,0.7844378352165222,
19,369,0,0.8079017400741577,
19,370,0,0.739078164100647,
19,371,0,0.746800422668457,
19,372,0,0.7260560989379883,
19,373,0,0.7882047295570374,
19,374,0,0.7265592813491821,
19,375,0,0.6732947826385498,
19,376,0,0.7655069828033447,
19,377,0,0.8147703409194946,
19,378,0,0.6425989866256714,
19,379,0,0.8144067525863647,
19,380,0,0.613530695438385,
19,381,0,0.645037055015564,
19,382,0,0.6672890186309814,
19,383,0,0.6278815865516663,
19,384,0,0.8115590810775757,
19,385,0,0.7892186641693115,
19,386,0,0.6805746555328369,
19,387,0,0.7280404567718506,
19,388,0,0.6519741415977478,
19,389,0,0.8182129859924316,
19,390,0,0.598852276802063,
19,391,0,0.7275540828704834,
19,392,0,0.814176082611084,
19,393,0,0.7658016085624695,
19,394,0,0.6948583722114563,
19,395,0,0.8072015047073364,
19,396,0,0.7624083757400513,
19,397,0,0.785946786403656,
19,398,0,0.8150342702865601,
19,399,0,0.7058048248291016,
19,400,0,0.8030828237533569,
19,401,0,0.6685379147529602,
19,402,0,0.7483937740325928,
19,403,0,0.7808710336685181,
19,404,0,0.7408705949783325,
19,405,0,0.8167531490325928,
19,406,0,0.7076632976531982,
19,407,0,0.7147067785263062,
19,408,0,0.6470086574554443,
19,409,0,0.6699216365814209,
19,410,0,0.6638448238372803,
19,411,0,0.6469926834106445,
19,412,0,0.8215041160583496,
19,413,0,0.8035730123519897,
19,414,0,0.6396006941795349,
19,415,0,0.7595217823982239,
19,416,0,0.8349981904029846,
19,417,0,0.6698862314224243,
19,418,0,0.6172205805778503,
19,419,0,0.6150262355804443,
19,420,0,0.7170011401176453,
19,421,0,0.8045449256896973,
19,422,0,0.7976568937301636,
19,423,0,0.8096810579299927,
19,424,0,0.6785038709640503,
19,425,0,0.7570545077323914,
19,426,0,0.7654417157173157,
19,427,0,0.6868205070495605,
19,428,0,0.7288269996643066,
19,429,0,0.7866469621658325,
19,430,0,0.788232684135437,
19,431,0,0.6544581651687622,
19,432,0,0.7915139198303223,
19,433,0,0.7459948062896729,
19,434,0,0.8166247606277466,
19,435,0,0.6405882835388184,
19,436,0,0.6917284727096558,
19,437,0,0.7070217132568359,
19,438,0,0.8143355250358582,
19,439,0,0.7128258347511292,
19,440,0,0.6423494815826416,
19,441,0,0.7469549179077148,
19,442,0,0.72867751121521,
19,443,0,0.8041676878929138,
19,444,0,0.7745500802993774,
19,445,0,0.758320689201355,
19,446,0,0.7552082538604736,
19,447,0,0.7605074644088745,
19,448,0,0.6230024099349976,
19,449,0,0.7390668392181396,
19,450,0,0.8108723163604736,
19,451,0,0.7476320266723633,
19,452,0,0.687291145324707,
19,453,0,0.8162918090820312,
19,454,0,0.7877371311187744,
19,455,0,0.7468218207359314,
19,456,0,0.7816379070281982,
19,457,0,0.7754237055778503,
19,458,0,0.7342785596847534,
19,459,0,0.6788034439086914,
19,460,0,0.7041146159172058,
19,461,0,0.6576053500175476,
19,462,0,0.7421154379844666,
19,463,0,0.7448698282241821,
19,464,0,0.7220638990402222,
19,465,0,0.6387170553207397,
19,466,0,0.7439013123512268,
19,467,0,0.7214754819869995,
19,468,0,0.7769113779067993,
19,469,0,0.813434362411499,
19,470,0,0.6609225273132324,
19,471,0,0.7553635239601135,
19,472,0,0.680368185043335,
19,473,0,0.7685533761978149,
19,474,0,0.794363260269165,
19,475,0,0.80405592918396,
19,476,0,0.7926456928253174,
19,477,0,0.6582556962966919,
19,478,0,0.8194625973701477,
19,479,0,0.8079118728637695,
19,480,0,0.6365605592727661,
19,481,0,0.7762439250946045,
19,482,0,0.6428335905075073,
19,483,0,0.7519120573997498,
19,484,0,0.7481622695922852,
19,485,0,0.7624285221099854,
19,486,0,0.6018569469451904,
19,487,0,0.7717084884643555,
19,488,0,0.6772079467773438,
19,489,0,0.7417528629302979,
19,490,0,0.7441685199737549,
19,491,0,0.6442321538925171,
19,492,0,0.7511380910873413,
19,493,0,0.8171471953392029,
19,494,0,0.7859432697296143,
19,495,0,0.7009390592575073,
19,496,0,0.7427571415901184,
19,497,0,0.7719107866287231,
19,498,0,0.7482507228851318,
19,499,0,0.6199125051498413,
19,500,0,0.5961792469024658,
19,501,0,0.6988157033920288,
19,502,0,0.6410255432128906,
19,503,0,0.7165104150772095,
19,504,0,0.6858006715774536,
19,505,0,0.7723981142044067,
19,506,0,0.7290750741958618,
19,507,0,0.7165377140045166,
19,508,0,0.808844804763794,
19,509,0,0.7490279674530029,
19,510,0,0.7415553331375122,
19,511,0,0.7588231563568115,
19,512,0,0.6983456611633301,
19,513,0,0.8073960542678833,
19,514,0,0.6858092546463013,
19,515,0,0.6701619625091553,
19,516,0,0.665186882019043,
19,517,0,0.6862087249755859,
19,518,0,0.7175271511077881,
19,519,0,0.7422205209732056,
19,520,0,0.6520453691482544,
19,521,0,0.6660746335983276,
19,522,0,0.7742780447006226,
19,523,0,0.8124423623085022,
19,524,0,0.7614409327507019,
19,525,0,0.7484418153762817,
19,526,0,0.792628288269043,
19,527,0,0.7409399747848511,
19,528,0,0.7469140291213989,
19,529,0,0.8069903254508972,
19,530,0,0.7471468448638916,
19,531,0,0.6306077241897583,
19,532,0,0.7611193656921387,
19,533,0,0.8267671465873718,
19,534,0,0.7714221477508545,
19,535,0,0.6822001934051514,
19,536,0,0.7440081834793091,
19,537,0,0.792733371257782,
19,538,0,0.6035429239273071,
19,539,0,0.6963815689086914,
19,540,0,0.7593490481376648,
19,541,0,0.8083799481391907,
19,542,0,0.7416260242462158,
19,543,0,0.6460072994232178,
19,544,0,0.6780009865760803,
19,545,0,0.656777560710907,
19,546,0,0.7431231737136841,
19,547,0,0.7819046378135681,
19,548,0,0.7256965637207031,
19,549,0,0.7891403436660767,
19,550,0,0.735770046710968,
19,551,0,0.7277816534042358,
19,552,0,0.6262750625610352,
19,553,0,0.7410459518432617,
19,554,0,0.7360072135925293,
19,555,0,0.6838291883468628,
19,556,0,0.7240676879882812,
19,557,0,0.7467546463012695,
19,558,0,0.764691948890686,
19,559,0,0.6303886771202087,
19,560,0,0.7902154922485352,
19,561,0,0.6810258030891418,
19,562,0,0.7794866561889648,
19,563,0,0.7709270119667053,
19,564,0,0.7144612073898315,
19,565,0,0.6743693351745605,
19,566,0,0.8304712772369385,
19,567,0,0.7132925391197205,
19,568,0,0.64252769947052,
19,569,0,0.7566405534744263,
19,570,0,0.677780032157898,
19,571,0,0.6841679811477661,
19,572,0,0.8170890808105469,
19,573,0,0.7701669931411743,
19,574,0,0.792657196521759,
19,575,0,0.6338459849357605,
19,576,0,0.6259006261825562,
19,577,0,0.6652560234069824,
19,578,0,0.7752810716629028,
19,579,0,0.7822951078414917,
19,580,0,0.7753198146820068,
19,581,0,0.7425280809402466,
19,582,0,0.7122870683670044,
19,583,0,0.7579062581062317,
19,584,0,0.7716373205184937,
19,585,0,0.7347664833068848,
19,586,0,0.6653485298156738,
19,587,0,0.8149227499961853,
19,588,0,0.7006497383117676,
19,589,0,0.6929600238800049,
19,590,0,0.7885065078735352,
19,591,0,0.6540300250053406,
19,592,0,0.8005732893943787,
19,593,0,0.6711287498474121,
19,594,0,0.6558341383934021,
19,595,0,0.8283582925796509,
19,596,0,0.8027023673057556,
19,597,0,0.7096800804138184,
19,598,0,0.6051489114761353,
19,599,0,0.7847106456756592,
19,600,0,0.80731201171875,
19,601,0,0.6184662580490112,
19,602,0,0.6980459094047546,
19,603,0,0.8191235661506653,
19,604,0,0.649105429649353,
19,val,,,0.8070019515355428
20,0,0,0.7628709673881531,
20,1,0,0.814561128616333,
20,2,0,0.6647842526435852,
20,3,0,0.7836315035820007,
20,4,0,0.750676155090332,
20,5,0,0.7915534973144531,
20,6,0,0.8189804553985596,
20,7,0,0.7513357996940613,
20,8,0,0.8011143207550049,
20,9,0,0.8169791102409363,
20,10,0,0.7434487342834473,
20,11,0,0.7588783502578735,
20,12,0,0.6697080135345459,
20,13,0,0.7714541554450989,
20,14,0,0.7571287155151367,
20,15,0,0.7295260429382324,
20,16,0,0.7190452814102173,
20,17,0,0.765839695930481,
20,18,0,0.8152490854263306,
20,19,0,0.7446691989898682,
20,20,0,0.7646698951721191,
20,21,0,0.7745848894119263,
20,22,0,0.7355421781539917,
20,23,0,0.7629432678222656,
20,24,0,0.7735021710395813,
20,25,0,0.677623450756073,
20,26,0,0.7535585761070251,
20,27,0,0.7493256330490112,
20,28,0,0.7431885004043579,
20,29,0,0.7569943070411682,
20,30,0,0.7499489784240723,
20,31,0,0.7407016754150391,
20,32,0,0.7852177619934082,
20,33,0,0.7587463855743408,
20,34,0,0.7078211307525635,
20,35,0,0.7916246652603149,
20,36,0,0.6977638602256775,
20,37,0,0.765611469745636,
20,38,0,0.7246310710906982,
20,39,0,0.7059034109115601,
20,40,0,0.6766434907913208,
20,41,0,0.7662039399147034,
20,42,0,0.749704122543335,
20,43,0,0.8164598941802979,
20,44,0,0.7118309736251831,
20,45,0,0.7641922235488892,
20,46,0,0.7825901508331299,
20,47,0,0.6552697420120239,
20,48,0,0.789300799369812,
20,49,0,0.6896274089813232,
20,50,0,0.8083509206771851,
20,51,0,0.8092352151870728,
20,52,0,0.8099582195281982,
20,53,0,0.7773150205612183,
20,54,0,0.6910519599914551,
20,55,0,0.7994207143783569,
20,56,0,0.6214131116867065,
20,57,0,0.7445759773254395,
20,58,0,0.7340737581253052,
20,59,0,0.8188544511795044,
20,60,0,0.7961930632591248,
20,61,0,0.8242185115814209,
20,62,0,0.6599025130271912,
20,63,0,0.7634279727935791,
20,64,0,0.7477631568908691,
20,65,0,0.7700914144515991,
20,66,0,0.6530357599258423,
20,67,0,0.7092353105545044,
20,68,0,0.7711405158042908,
20,69,0,0.8180261850357056,
20,70,0,0.6038057804107666,
20,71,0,0.7339503765106201,
20,72,0,0.7065297365188599,
20,73,0,0.697232723236084,
20,74,0,0.7675742506980896,
20,75,0,0.7776119709014893,
20,76,0,0.7422847747802734,
20,77,0,0.8113707304000854,
20,78,0,0.7779585719108582,
20,79,0,0.6840726137161255,
20,80,0,0.7330851554870605,
20,81,0,0.6896125078201294,
20,82,0,0.7596845626831055,
20,83,0,0.7788820266723633,
20,84,0,0.8066264986991882,
20,85,0,0.8009499311447144,
20,86,0,0.7244958877563477,
20,87,0,0.8024311065673828,
20,88,0,0.7368118762969971,
20,89,0,0.7426654100418091,
20,90,0,0.7961273193359375,
20,91,0,0.6731395721435547,
20,92,0,0.736526608467102,
20,93,0,0.8239187598228455,
20,94,0,0.6993350982666016,
20,95,0,0.6136383414268494,
20,96,0,0.7573441863059998,
20,97,0,0.6293689608573914,
20,98,0,0.7858468294143677,
20,99,0,0.7475972175598145,
20,100,0,0.7177696228027344,
20,101,0,0.7149739265441895,
20,102,0,0.6833590269088745,
20,103,0,0.7804590463638306,
20,104,0,0.7410182356834412,
20,105,0,0.7099385261535645,
20,106,0,0.5977332592010498,
20,107,0,0.673940896987915,
20,108,0,0.7756766080856323,
20,109,0,0.7357792258262634,
20,110,0,0.7894764542579651,
20,111,0,0.8073785305023193,
20,112,0,0.5950004458427429,
20,113,0,0.771474301815033,
20,114,0,0.7537081837654114,
20,115,0,0.6416446566581726,
20,116,0,0.6463559865951538,
20,117,0,0.6184139251708984,
20,118,0,0.8220973014831543,
20,119,0,0.7104873657226562,
20,120,0,0.7908129692077637,
20,121,0,0.798233687877655,
20,122,0,0.7086280584335327,
20,123,0,0.6261861324310303,
20,124,0,0.7061877846717834,
20,125,0,0.6706820726394653,
20,126,0,0.7528723478317261,
20,127,0,0.687785804271698,
20,128,0,0.7762157320976257,
20,129,0,0.7121187448501587,
20,130,0,0.8151726722717285,
20,131,0,0.7800067663192749,
20,132,0,0.683283269405365,
20,133,0,0.7984189987182617,
20,134,0,0.7003799676895142,
20,135,0,0.7133536338806152,
20,136,0,0.8177191019058228,
20,137,0,0.6737958192825317,
20,138,0,0.811655580997467,
20,139,0,0.7551702260971069,
20,140,0,0.8008541464805603,
20,141,0,0.7160646915435791,
20,142,0,0.6307677030563354,
20,143,0,0.6908141374588013,
20,144,0,0.6653002500534058,
20,145,0,0.6275780200958252,
20,146,0,0.7628827691078186,
20,147,0,0.7696884870529175,
20,148,0,0.7389020919799805,
20,149,0,0.6360995173454285,
20,150,0,0.8085676431655884,
20,151,0,0.7175788879394531,
20,152,0,0.8108057379722595,
20,153,0,0.7463342547416687,
20,154,0,0.8146046996116638,
20,155,0,0.7448920011520386,
20,156,0,0.7082828283309937,
20,157,0,0.7293511629104614,
20,158,0,0.6707643270492554,
20,159,0,0.6895664930343628,
20,160,0,0.7391057014465332,
20,161,0,0.7541560530662537,
20,162,0,0.7694469094276428,
20,163,0,0.8184314370155334,
20,164,0,0.7456274032592773,
20,165,0,0.7189375162124634,
20,166,0,0.6883958578109741,
20,167,0,0.7933326959609985,
20,168,0,0.608623743057251,
20,169,0,0.6250128746032715,
20,170,0,0.7315990924835205,
20,171,0,0.725112795829773,
20,172,0,0.7632216215133667,
20,173,0,0.6469992995262146,
20,174,0,0.6780974268913269,
20,175,0,0.7315431833267212,
20,176,0,0.8160638213157654,
20,177,0,0.8229249119758606,
20,178,0,0.7739360928535461,
20,179,0,0.7622324824333191,
20,180,0,0.8081350922584534,
20,181,0,0.7903401255607605,
20,182,0,0.7429142594337463,
20,183,0,0.6598455905914307,
20,184,0,0.8158799409866333,
20,185,0,0.790561318397522,
20,186,0,0.7854169607162476,
20,187,0,0.8029271364212036,
20,188,0,0.7824733257293701,
20,189,0,0.7552021145820618,
20,190,0,0.6675869226455688,
20,191,0,0.6582597494125366,
20,192,0,0.656059205532074,
20,193,0,0.802688479423523,
20,194,0,0.7784289121627808,
20,195,0,0.7784831523895264,
20,196,0,0.6282362937927246,
20,197,0,0.6022584438323975,
20,198,0,0.6974945068359375,
20,199,0,0.8156050443649292,
20,200,0,0.7602554559707642,
20,201,0,0.7751491069793701,
20,202,0,0.8164055347442627,
20,203,0,0.8072654008865356,
20,204,0,0.8267983198165894,
20,205,0,0.7770090699195862,
20,206,0,0.6761173605918884,
20,207,0,0.6885209083557129,
20,208,0,0.8124257326126099,
20,209,0,0.7309767007827759,
20,210,0,0.8183067440986633,
20,211,0,0.7385872602462769,
20,212,0,0.71832275390625,
20,213,0,0.6851307153701782,
20,214,0,0.7912478446960449,
20,215,0,0.6951809525489807,
20,216,0,0.806165874004364,
20,217,0,0.7875078916549683,
20,218,0,0.7029180526733398,
20,219,0,0.6590538024902344,
20,220,0,0.6191349029541016,
20,221,0,0.7613934278488159,
20,222,0,0.6663693189620972,
20,223,0,0.6211751699447632,
20,224,0,0.8243212699890137,
20,225,0,0.6063555479049683,
20,226,0,0.7088470458984375,
20,227,0,0.7365559339523315,
20,228,0,0.7275875806808472,
20,229,0,0.809036135673523,
20,230,0,0.7428542971611023,
20,231,0,0.6297791004180908,
20,232,0,0.7219133377075195,
20,233,0,0.7817897200584412,
20,234,0,0.7186540961265564,
20,235,0,0.6935615539550781,
20,236,0,0.6541939973831177,
20,237,0,0.7191379070281982,
20,238,0,0.8230770230293274,
20,239,0,0.8304834365844727,
20,240,0,0.7619543075561523,
20,241,0,0.796785295009613,
20,242,0,0.7004390954971313,
20,243,0,0.7162675857543945,
20,244,0,0.7176017165184021,
20,245,0,0.7424064874649048,
20,246,0,0.8108121156692505,
20,247,0,0.7778995037078857,
20,248,0,0.8030056953430176,
20,249,0,0.7124831676483154,
20,250,0,0.7539229989051819,
20,251,0,0.7449970245361328,
20,252,0,0.8186795711517334,
20,253,0,0.6540827751159668,
20,254,0,0.5961263179779053,
20,255,0,0.8072795867919922,
20,256,0,0.7806956171989441,
20,257,0,0.8168190717697144,
20,258,0,0.7199000120162964,
20,259,0,0.8265037536621094,
20,260,0,0.6718419194221497,
20,261,0,0.649817705154419,
20,262,0,0.6285107135772705,
20,263,0,0.7653816342353821,
20,264,0,0.7444981336593628,
20,265,0,0.6662459373474121,
20,266,0,0.6433305740356445,
20,267,0,0.800018310546875,
20,268,0,0.8060689568519592,
20,269,0,0.77628493309021,
20,270,0,0.7820833921432495,
20,271,0,0.6406252980232239,
20,272,0,0.757746160030365,
20,273,0,0.8013467788696289,
20,274,0,0.7787322402000427,
20,275,0,0.5905374884605408,
20,276,0,0.7882031798362732,
20,277,0,0.7991111278533936,
20,278,0,0.6620497107505798,
20,279,0,0.7328706979751587,
20,280,0,0.7636381387710571,
20,281,0,0.6712543368339539,
20,282,0,0.7424829006195068,
20,283,0,0.6996747255325317,
20,284,0,0.6720398664474487,
20,285,0,0.7428354024887085,
20,286,0,0.8027840852737427,
20,287,0,0.7520632743835449,
20,288,0,0.811976969242096,
20,289,0,0.7239638566970825,
20,290,0,0.8116302490234375,
20,291,0,0.8105538487434387,
20,292,0,0.7619022727012634,
20,293,0,0.6168367862701416,
20,294,0,0.7475889921188354,
20,295,0,0.6148601770401001,
20,296,0,0.6755139827728271,
20,297,0,0.8073625564575195,
20,298,0,0.6728562712669373,
20,299,0,0.7624214887619019,
20,300,0,0.6396929025650024,
20,301,0,0.7816834449768066,
20,302,0,0.77153480052948,
20,303,0,0.7965236902236938,
20,304,0,0.6986950635910034,
20,305,0,0.7595205903053284,
20,306,0,0.6116663813591003,
20,307,0,0.6418577432632446,
20,308,0,0.7470753192901611,
20,309,0,0.6844717264175415,
20,310,0,0.7316080927848816,
20,311,0,0.6674479246139526,
20,312,0,0.7318568229675293,
20,313,0,0.740620493888855,
20,314,0,0.7756211161613464,
20,315,0,0.7730261087417603,
20,316,0,0.7729775905609131,
20,317,0,0.7814533710479736,
20,318,0,0.7962499856948853,
20,319,0,0.8105790615081787,
20,320,0,0.6699745059013367,
20,321,0,0.6677660942077637,
20,322,0,0.8206124305725098,
20,323,0,0.8223326206207275,
20,324,0,0.7282520532608032,
20,325,0,0.8261389136314392,
20,326,0,0.8058187961578369,
20,327,0,0.6849970817565918,
20,328,0,0.666719913482666,
20,329,0,0.6139490604400635,
20,330,0,0.7523068785667419,
20,331,0,0.7279748916625977,
20,332,0,0.7720836400985718,
20,333,0,0.6928583383560181,
20,334,0,0.6926752328872681,
20,335,0,0.7974843978881836,
20,336,0,0.7551353573799133,
20,337,0,0.6349315643310547,
20,338,0,0.7406330108642578,
20,339,0,0.7339260578155518,
20,340,0,0.7958431243896484,
20,341,0,0.7536716461181641,
20,342,0,0.7981521487236023,
20,343,0,0.8030662536621094,
20,344,0,0.7692365646362305,
20,345,0,0.6091588735580444,
20,346,0,0.6792161464691162,
20,347,0,0.7681251764297485,
20,348,0,0.827805757522583,
20,349,0,0.6997873783111572,
20,350,0,0.7194771766662598,
20,351,0,0.681480884552002,
20,352,0,0.7747279405593872,
20,353,0,0.7197643518447876,
20,354,0,0.8174775838851929,
20,355,0,0.6932386755943298,
20,356,0,0.7671896815299988,
20,357,0,0.7358912825584412,
20,358,0,0.795771598815918,
20,359,0,0.791500449180603,
20,360,0,0.7114033699035645,
20,361,0,0.6733300089836121,
20,362,0,0.7433867454528809,
20,363,0,0.7503491640090942,
20,364,0,0.6793005466461182,
20,365,0,0.6145285367965698,
20,366,0,0.6218850612640381,
20,367,0,0.6247164607048035,
20,368,0,0.7852153182029724,
20,369,0,0.8152410984039307,
20,370,0,0.7372646331787109,
20,371,0,0.7435377240180969,
20,372,0,0.7209867238998413,
20,373,0,0.7832800149917603,
20,374,0,0.7272557020187378,
20,375,0,0.6712844967842102,
20,376,0,0.7691136002540588,
20,377,0,0.8112495541572571,
20,378,0,0.6429891586303711,
20,379,0,0.8061012625694275,
20,380,0,0.5995251536369324,
20,381,0,0.653315007686615,
20,382,0,0.6586986780166626,
20,383,0,0.6183909177780151,
20,384,0,0.8045446872711182,
20,385,0,0.7868437767028809,
20,386,0,0.6656961441040039,
20,387,0,0.7221025824546814,
20,388,0,0.6542485952377319,
20,389,0,0.8169696927070618,
20,390,0,0.5974773168563843,
20,391,0,0.725777268409729,
20,392,0,0.8109503984451294,
20,393,0,0.7636545896530151,
20,394,0,0.6831812858581543,
20,395,0,0.7977595925331116,
20,396,0,0.7659774422645569,
20,397,0,0.785732090473175,
20,398,0,0.8103510141372681,
20,399,0,0.6995580196380615,
20,400,0,0.7926173210144043,
20,401,0,0.6714853048324585,
20,402,0,0.7462524771690369,
20,403,0,0.7824797630310059,
20,404,0,0.7245864868164062,
20,405,0,0.8118720054626465,
20,406,0,0.7030022144317627,
20,407,0,0.7206509709358215,
20,408,0,0.6343082189559937,
20,409,0,0.6701799631118774,
20,410,0,0.6658964157104492,
20,411,0,0.6321926116943359,
20,412,0,0.8253207206726074,
20,413,0,0.8024879097938538,
20,414,0,0.6363762021064758,
20,415,0,0.7563844323158264,
20,416,0,0.8366850018501282,
20,417,0,0.6626832485198975,
20,418,0,0.6206455230712891,
20,419,0,0.6025369167327881,
20,420,0,0.697394609451294,
20,421,0,0.8004136085510254,
20,422,0,0.7965250015258789,
20,423,0,0.8074012398719788,
20,424,0,0.6742792129516602,
20,425,0,0.7615914940834045,
20,426,0,0.7656254768371582,
20,427,0,0.6861302852630615,
20,428,0,0.7188589572906494,
20,429,0,0.7816343903541565,
20,430,0,0.7861204147338867,
20,431,0,0.648064136505127,
20,432,0,0.7881350517272949,
20,433,0,0.7455607056617737,
20,434,0,0.81049644947052,
20,435,0,0.6317895650863647,
20,436,0,0.6804115176200867,
20,437,0,0.6973211765289307,
20,438,0,0.8160974383354187,
20,439,0,0.7049901485443115,
20,440,0,0.6406249403953552,
20,441,0,0.7422393560409546,
20,442,0,0.7254307270050049,
20,443,0,0.8027790784835815,
20,444,0,0.7685050368309021,
20,445,0,0.7515697479248047,
20,446,0,0.7510153651237488,
20,447,0,0.744666576385498,
20,448,0,0.6149094104766846,
20,449,0,0.74814373254776,
20,450,0,0.8091979026794434,
20,451,0,0.7305404543876648,
20,452,0,0.6750144958496094,
20,453,0,0.8146570324897766,
20,454,0,0.7759936451911926,
20,455,0,0.7398207783699036,
20,456,0,0.7842485904693604,
20,457,0,0.7879491448402405,
20,458,0,0.7400075197219849,
20,459,0,0.6760520339012146,
20,460,0,0.7000808715820312,
20,461,0,0.644129753112793,
20,462,0,0.7339410781860352,
20,463,0,0.7420852184295654,
20,464,0,0.7146296501159668,
20,465,0,0.6297781467437744,
20,466,0,0.7381114959716797,
20,467,0,0.7186332941055298,
20,468,0,0.7773156762123108,
20,469,0,0.8132966756820679,
20,470,0,0.6544251441955566,
20,471,0,0.7410746812820435,
20,472,0,0.6719194650650024,
20,473,0,0.767482340335846,
20,474,0,0.7928693890571594,
20,475,0,0.7991876006126404,
20,476,0,0.7902097702026367,
20,477,0,0.6614869832992554,
20,478,0,0.8180710673332214,
20,479,0,0.8009127974510193,
20,480,0,0.6374218463897705,
20,481,0,0.7716205716133118,
20,482,0,0.6334162950515747,
20,483,0,0.7476094961166382,
20,484,0,0.7486640810966492,
20,485,0,0.7627909779548645,
20,486,0,0.6011770367622375,
20,487,0,0.7678922414779663,
20,488,0,0.6745515465736389,
20,489,0,0.7334074974060059,
20,490,0,0.7385027408599854,
20,491,0,0.6434712409973145,
20,492,0,0.7486382722854614,
20,493,0,0.8244415521621704,
20,494,0,0.7805140018463135,
20,495,0,0.6964828968048096,
20,496,0,0.7338895201683044,
20,497,0,0.7633542418479919,
20,498,0,0.7351542711257935,
20,499,0,0.6175910830497742,
20,500,0,0.5842643976211548,
20,501,0,0.6907109618186951,
20,502,0,0.6361247897148132,
20,503,0,0.6937100887298584,
20,504,0,0.6770390272140503,
20,505,0,0.7731732130050659,
20,506,0,0.7337830066680908,
20,507,0,0.7065854072570801,
20,508,0,0.8070710301399231,
20,509,0,0.7352926731109619,
20,510,0,0.735997200012207,
20,511,0,0.7588366270065308,
20,512,0,0.6877977252006531,
20,513,0,0.8096973299980164,
20,514,0,0.6767383813858032,
20,515,0,0.6585383415222168,
20,516,0,0.6673825979232788,
20,517,0,0.6833807229995728,
20,518,0,0.7138375043869019,
20,519,0,0.7420735359191895,
20,520,0,0.6482284069061279,
20,521,0,0.6578001379966736,
20,522,0,0.7762769460678101,
20,523,0,0.8072508573532104,
20,524,0,0.7614340782165527,
20,525,0,0.7387568950653076,
20,526,0,0.7940437197685242,
20,527,0,0.743720293045044,
20,528,0,0.7480214834213257,
20,529,0,0.806676983833313,
20,530,0,0.7519212961196899,
20,531,0,0.616182267665863,
20,532,0,0.7624030113220215,
20,533,0,0.8230974078178406,
20,534,0,0.7645474076271057,
20,535,0,0.6753665208816528,
20,536,0,0.7471888065338135,
20,537,0,0.7901376485824585,
20,538,0,0.6034498810768127,
20,539,0,0.694757342338562,
20,540,0,0.7470864057540894,
20,541,0,0.8101352453231812,
20,542,0,0.7348378896713257,
20,543,0,0.6279240846633911,
20,544,0,0.6756631135940552,
20,545,0,0.6509988307952881,
20,546,0,0.7398834228515625,
20,547,0,0.778247594833374,
20,548,0,0.7312735319137573,
20,549,0,0.7869640588760376,
20,550,0,0.729287326335907,
20,551,0,0.7239749431610107,
20,552,0,0.6188365817070007,
20,553,0,0.7401021718978882,
20,554,0,0.730130672454834,
20,555,0,0.6782197952270508,
20,556,0,0.7077381014823914,
20,557,0,0.7400214076042175,
20,558,0,0.7622419595718384,
20,559,0,0.6213412284851074,
20,560,0,0.7837777137756348,
20,561,0,0.6751182079315186,
20,562,0,0.7849465608596802,
20,563,0,0.7517033219337463,
20,564,0,0.7004950046539307,
20,565,0,0.6593744158744812,
20,566,0,0.8277179002761841,
20,567,0,0.7079557180404663,
20,568,0,0.6463640928268433,
20,569,0,0.7485496997833252,
20,570,0,0.6734030842781067,
20,571,0,0.6753813028335571,
20,572,0,0.8177934885025024,
20,573,0,0.7602248191833496,
20,574,0,0.7913331985473633,
20,575,0,0.6201157569885254,
20,576,0,0.6160534620285034,
20,577,0,0.6534948945045471,
20,578,0,0.7708364725112915,
20,579,0,0.7844359278678894,
20,580,0,0.774865448474884,
20,581,0,0.7342793941497803,
20,582,0,0.6985234022140503,
20,583,0,0.7519115805625916,
20,584,0,0.7695108652114868,
20,585,0,0.7385267615318298,
20,586,0,0.6523442268371582,
20,587,0,0.8125317096710205,
20,588,0,0.6922476291656494,
20,589,0,0.6882531642913818,
20,590,0,0.7791998386383057,
20,591,0,0.6505586504936218,
20,592,0,0.7962743639945984,
20,593,0,0.6636379957199097,
20,594,0,0.6431818008422852,
20,595,0,0.8211347460746765,
20,596,0,0.804516077041626,
20,597,0,0.7052100300788879,
20,598,0,0.5973814725875854,
20,599,0,0.7847989201545715,
20,600,0,0.8038251399993896,
20,601,0,0.6096042394638062,
20,602,0,0.694998025894165,
20,603,0,0.819976270198822,
20,604,0,0.6446185111999512,
20,val,,,0.8080461589495341
21,0,0,0.762991726398468,
21,1,0,0.8104813694953918,
21,2,0,0.6587107181549072,
21,3,0,0.7846680879592896,
21,4,0,0.7335617542266846,
21,5,0,0.7912524938583374,
21,6,0,0.8184225559234619,
21,7,0,0.7508144974708557,
21,8,0,0.802152156829834,
21,9,0,0.8170034885406494,
21,10,0,0.7379076480865479,
21,11,0,0.7528783679008484,
21,12,0,0.6558095216751099,
21,13,0,0.767666220664978,
21,14,0,0.7512203454971313,
21,15,0,0.7233223915100098,
21,16,0,0.704605221748352,
21,17,0,0.767353355884552,
21,18,0,0.8173633217811584,
21,19,0,0.7371218204498291,
21,20,0,0.7669556140899658,
21,21,0,0.7688897848129272,
21,22,0,0.7416114807128906,
21,23,0,0.7604964375495911,
21,24,0,0.7700893878936768,
21,25,0,0.6693053245544434,
21,26,0,0.7437158823013306,
21,27,0,0.7391277551651001,
21,28,0,0.7350367307662964,
21,29,0,0.7518900036811829,
21,30,0,0.7431783676147461,
21,31,0,0.7340012788772583,
21,32,0,0.7883206605911255,
21,33,0,0.7574154138565063,
21,34,0,0.7019755840301514,
21,35,0,0.795637309551239,
21,36,0,0.6897004246711731,
21,37,0,0.7626146674156189,
21,38,0,0.7125482559204102,
21,39,0,0.6962242126464844,
21,40,0,0.6653837561607361,
21,41,0,0.7634211182594299,
21,42,0,0.7482017278671265,
21,43,0,0.8165329694747925,
21,44,0,0.7058431506156921,
21,45,0,0.7714582085609436,
21,46,0,0.7833719849586487,
21,47,0,0.6458653211593628,
21,48,0,0.7857050895690918,
21,49,0,0.6946969032287598,
21,50,0,0.8050333261489868,
21,51,0,0.8043846487998962,
21,52,0,0.8063982129096985,
21,53,0,0.765877366065979,
21,54,0,0.6857891082763672,
21,55,0,0.7981793880462646,
21,56,0,0.6069660186767578,
21,57,0,0.7413787245750427,
21,58,0,0.731518030166626,
21,59,0,0.8206907510757446,
21,60,0,0.8063623905181885,
21,61,0,0.8258042931556702,
21,62,0,0.6472297310829163,
21,63,0,0.7675433158874512,
21,64,0,0.7417325973510742,
21,65,0,0.7723950743675232,
21,66,0,0.6456003189086914,
21,67,0,0.7065549492835999,
21,68,0,0.7646109461784363,
21,69,0,0.8143266439437866,
21,70,0,0.5880336761474609,
21,71,0,0.729449987411499,
21,72,0,0.691382110118866,
21,73,0,0.6865139007568359,
21,74,0,0.7610465884208679,
21,75,0,0.7760445475578308,
21,76,0,0.7319785356521606,
21,77,0,0.8004398345947266,
21,78,0,0.7735912203788757,
21,79,0,0.6847360134124756,
21,80,0,0.7205638885498047,
21,81,0,0.6868802309036255,
21,82,0,0.754324734210968,
21,83,0,0.7742661833763123,
21,84,0,0.8042721748352051,
21,85,0,0.7918820381164551,
21,86,0,0.7247596383094788,
21,87,0,0.7975981831550598,
21,88,0,0.7355219721794128,
21,89,0,0.7423886060714722,
21,90,0,0.8047714233398438,
21,91,0,0.6652272939682007,
21,92,0,0.7305237054824829,
21,93,0,0.8284346461296082,
21,94,0,0.694911003112793,
21,95,0,0.6039766073226929,
21,96,0,0.7548768520355225,
21,97,0,0.6219037175178528,
21,98,0,0.7791624665260315,
21,99,0,0.7356623411178589,
21,100,0,0.7150493860244751,
21,101,0,0.7118107080459595,
21,102,0,0.674481987953186,
21,103,0,0.7768552303314209,
21,104,0,0.7338199019432068,
21,105,0,0.7101131677627563,
21,106,0,0.5879692435264587,
21,107,0,0.6658090949058533,
21,108,0,0.7648994326591492,
21,109,0,0.7294304966926575,
21,110,0,0.7947701215744019,
21,111,0,0.806057870388031,
21,112,0,0.590933084487915,
21,113,0,0.7701476812362671,
21,114,0,0.7470560073852539,
21,115,0,0.6265403032302856,
21,116,0,0.6430751085281372,
21,117,0,0.6104996204376221,
21,118,0,0.8203873038291931,
21,119,0,0.7128586769104004,
21,120,0,0.784464955329895,
21,121,0,0.8020259141921997,
21,122,0,0.6989861726760864,
21,123,0,0.6254714727401733,
21,124,0,0.7082267999649048,
21,125,0,0.6623436212539673,
21,126,0,0.7457040548324585,
21,127,0,0.6860634088516235,
21,128,0,0.7693282961845398,
21,129,0,0.7020574808120728,
21,130,0,0.8010504841804504,
21,131,0,0.7779356241226196,
21,132,0,0.6697383522987366,
21,133,0,0.8011471033096313,
21,134,0,0.7006860375404358,
21,135,0,0.7146077156066895,
21,136,0,0.8219281435012817,
21,137,0,0.6732388734817505,
21,138,0,0.8173214197158813,
21,139,0,0.7566436529159546,
21,140,0,0.7946699261665344,
21,141,0,0.7035990953445435,
21,142,0,0.6273407936096191,
21,143,0,0.6773836612701416,
21,144,0,0.6631470918655396,
21,145,0,0.6262685656547546,
21,146,0,0.754851222038269,
21,147,0,0.7543549537658691,
21,148,0,0.7386710047721863,
21,149,0,0.6387393474578857,
21,150,0,0.8004416227340698,
21,151,0,0.7126357555389404,
21,152,0,0.8126950860023499,
21,153,0,0.7456645369529724,
21,154,0,0.8151326179504395,
21,155,0,0.7356443405151367,
21,156,0,0.696895182132721,
21,157,0,0.7199999690055847,
21,158,0,0.6693722009658813,
21,159,0,0.6816689968109131,
21,160,0,0.7450399398803711,
21,161,0,0.7603597640991211,
21,162,0,0.7757681608200073,
21,163,0,0.8259099125862122,
21,164,0,0.750482439994812,
21,165,0,0.7240960597991943,
21,166,0,0.6779258251190186,
21,167,0,0.7945090532302856,
21,168,0,0.601099967956543,
21,169,0,0.6165842413902283,
21,170,0,0.7340185642242432,
21,171,0,0.720291256904602,
21,172,0,0.7493592500686646,
21,173,0,0.633908212184906,
21,174,0,0.6715230941772461,
21,175,0,0.7368593215942383,
21,176,0,0.8152186870574951,
21,177,0,0.8297462463378906,
21,178,0,0.7709224224090576,
21,179,0,0.762441098690033,
21,180,0,0.8088815212249756,
21,181,0,0.7831231951713562,
21,182,0,0.7399464845657349,
21,183,0,0.6546063423156738,
21,184,0,0.80290687084198,
21,185,0,0.7851776480674744,
21,186,0,0.7893451452255249,
21,187,0,0.7998824119567871,
21,188,0,0.779782772064209,
21,189,0,0.7508349418640137,
21,190,0,0.6684074401855469,
21,191,0,0.6504340171813965,
21,192,0,0.6440879106521606,
21,193,0,0.8002532720565796,
21,194,0,0.7824223637580872,
21,195,0,0.7687935829162598,
21,196,0,0.6158104538917542,
21,197,0,0.5899295806884766,
21,198,0,0.6928491592407227,
21,199,0,0.824583888053894,
21,200,0,0.7458037734031677,
21,201,0,0.782665491104126,
21,202,0,0.8177222013473511,
21,203,0,0.8096757531166077,
21,204,0,0.8218786120414734,
21,205,0,0.7701050043106079,
21,206,0,0.6691870093345642,
21,207,0,0.6903117895126343,
21,208,0,0.8145952224731445,
21,209,0,0.7218087911605835,
21,210,0,0.82212895154953,
21,211,0,0.7374680042266846,
21,212,0,0.7143491506576538,
21,213,0,0.680787205696106,
21,214,0,0.7889527082443237,
21,215,0,0.6845377683639526,
21,216,0,0.811275064945221,
21,217,0,0.7891940474510193,
21,218,0,0.7035871744155884,
21,219,0,0.648612380027771,
21,220,0,0.6091040372848511,
21,221,0,0.7656841278076172,
21,222,0,0.6671394109725952,
21,223,0,0.6255228519439697,
21,224,0,0.8222768306732178,
21,225,0,0.6022733449935913,
21,226,0,0.7021610736846924,
21,227,0,0.7260012626647949,
21,228,0,0.720984935760498,
21,229,0,0.8119730353355408,
21,230,0,0.7459654808044434,
21,231,0,0.622287392616272,
21,232,0,0.7216999530792236,
21,233,0,0.784248948097229,
21,234,0,0.7083126306533813,
21,235,0,0.685175895690918,
21,236,0,0.6333878636360168,
21,237,0,0.7142730951309204,
21,238,0,0.8222337961196899,
21,239,0,0.8348230719566345,
21,240,0,0.7615978121757507,
21,241,0,0.795242965221405,
21,242,0,0.6921875476837158,
21,243,0,0.7149653434753418,
21,244,0,0.7136950492858887,
21,245,0,0.7474037408828735,
21,246,0,0.8064975738525391,
21,247,0,0.7757527232170105,
21,248,0,0.8000419735908508,
21,249,0,0.7086590528488159,
21,250,0,0.7345199584960938,
21,251,0,0.7408181428909302,
21,252,0,0.8231311440467834,
21,253,0,0.6613402366638184,
21,254,0,0.5943633913993835,
21,255,0,0.7960296869277954,
21,256,0,0.7723007798194885,
21,257,0,0.8091540336608887,
21,258,0,0.7151561975479126,
21,259,0,0.8199714422225952,
21,260,0,0.6646809577941895,
21,261,0,0.6573172807693481,
21,262,0,0.6179753541946411,
21,263,0,0.7648073434829712,
21,264,0,0.7414596080780029,
21,265,0,0.658994197845459,
21,266,0,0.6336689591407776,
21,267,0,0.7946715354919434,
21,268,0,0.8066484332084656,
21,269,0,0.7734920978546143,
21,270,0,0.7711129188537598,
21,271,0,0.6277217864990234,
21,272,0,0.7658442258834839,
21,273,0,0.8032242655754089,
21,274,0,0.7803385257720947,
21,275,0,0.5906631946563721,
21,276,0,0.7885748147964478,
21,277,0,0.8044850826263428,
21,278,0,0.6525307297706604,
21,279,0,0.7274314165115356,
21,280,0,0.7575376033782959,
21,281,0,0.6638659238815308,
21,282,0,0.74201500415802,
21,283,0,0.7078021764755249,
21,284,0,0.6612789034843445,
21,285,0,0.7427878975868225,
21,286,0,0.8049259185791016,
21,287,0,0.7465716600418091,
21,288,0,0.8163294196128845,
21,289,0,0.7114710807800293,
21,290,0,0.8206409811973572,
21,291,0,0.8019391298294067,
21,292,0,0.7709086537361145,
21,293,0,0.6049064993858337,
21,294,0,0.7395724654197693,
21,295,0,0.6200644373893738,
21,296,0,0.6650437712669373,
21,297,0,0.8129391670227051,
21,298,0,0.6605829000473022,
21,299,0,0.7546313405036926,
21,300,0,0.6331100463867188,
21,301,0,0.7790145874023438,
21,302,0,0.7681452035903931,
21,303,0,0.7970989942550659,
21,304,0,0.6851102113723755,
21,305,0,0.7552549839019775,
21,306,0,0.6222776174545288,
21,307,0,0.6341592073440552,
21,308,0,0.7504270672798157,
21,309,0,0.6796143054962158,
21,310,0,0.723312497138977,
21,311,0,0.6744166612625122,
21,312,0,0.729458212852478,
21,313,0,0.7341411113739014,
21,314,0,0.7748199701309204,
21,315,0,0.7704259157180786,
21,316,0,0.7742205858230591,
21,317,0,0.7766736149787903,
21,318,0,0.7927565574645996,
21,319,0,0.8102989792823792,
21,320,0,0.6596940755844116,
21,321,0,0.6666775941848755,
21,322,0,0.8164887428283691,
21,323,0,0.819918692111969,
21,324,0,0.729491651058197,
21,325,0,0.8224828243255615,
21,326,0,0.8039289116859436,
21,327,0,0.6825371980667114,
21,328,0,0.6629389524459839,
21,329,0,0.6018796563148499,
21,330,0,0.7483295798301697,
21,331,0,0.719122052192688,
21,332,0,0.7744015455245972,
21,333,0,0.6789007186889648,
21,334,0,0.6905725002288818,
21,335,0,0.7945346236228943,
21,336,0,0.7544194459915161,
21,337,0,0.6323679685592651,
21,338,0,0.7437689304351807,
21,339,0,0.7241728901863098,
21,340,0,0.7875164747238159,
21,341,0,0.738521933555603,
21,342,0,0.7950762510299683,
21,343,0,0.7977759838104248,
21,344,0,0.7538888454437256,
21,345,0,0.6016697883605957,
21,346,0,0.6728408336639404,
21,347,0,0.7685995101928711,
21,348,0,0.8291237950325012,
21,349,0,0.683985710144043,
21,350,0,0.7083085775375366,
21,351,0,0.6755443215370178,
21,352,0,0.7813799977302551,
21,353,0,0.7120269536972046,
21,354,0,0.8195503354072571,
21,355,0,0.6856388449668884,
21,356,0,0.7586314678192139,
21,357,0,0.7270762920379639,
21,358,0,0.8001730442047119,
21,359,0,0.7968130707740784,
21,360,0,0.7076521515846252,
21,361,0,0.6587909460067749,
21,362,0,0.7400435209274292,
21,363,0,0.7467700839042664,
21,364,0,0.6680523157119751,
21,365,0,0.6042979955673218,
21,366,0,0.6284228563308716,
21,367,0,0.6195767521858215,
21,368,0,0.797011137008667,
21,369,0,0.8169406056404114,
21,370,0,0.7237595915794373,
21,371,0,0.7437273263931274,
21,372,0,0.7181823253631592,
21,373,0,0.7780399918556213,
21,374,0,0.7129381895065308,
21,375,0,0.659103274345398,
21,376,0,0.760452926158905,
21,377,0,0.8079336881637573,
21,378,0,0.632277250289917,
21,379,0,0.8126106858253479,
21,380,0,0.5933593511581421,
21,381,0,0.6413506269454956,
21,382,0,0.6545372009277344,
21,383,0,0.6107983589172363,
21,384,0,0.8069146871566772,
21,385,0,0.7941578030586243,
21,386,0,0.6635135412216187,
21,387,0,0.7112740874290466,
21,388,0,0.6465768218040466,
21,389,0,0.8180062174797058,
21,390,0,0.589840829372406,
21,391,0,0.7274969816207886,
21,392,0,0.8108943700790405,
21,393,0,0.762863278388977,
21,394,0,0.6720575094223022,
21,395,0,0.8014982342720032,
21,396,0,0.7566994428634644,
21,397,0,0.7853080034255981,
21,398,0,0.8054854273796082,
21,399,0,0.6867237091064453,
21,400,0,0.8037053346633911,
21,401,0,0.6556704044342041,
21,402,0,0.7400366067886353,
21,403,0,0.7741878032684326,
21,404,0,0.7218848466873169,
21,405,0,0.8085806965827942,
21,406,0,0.7040203809738159,
21,407,0,0.7163172960281372,
21,408,0,0.6235675811767578,
21,409,0,0.6650106906890869,
21,410,0,0.6462230682373047,
21,411,0,0.6307852268218994,
21,412,0,0.8266369104385376,
21,413,0,0.7977580428123474,
21,414,0,0.6307449340820312,
21,415,0,0.7483292818069458,
21,416,0,0.8372195959091187,
21,417,0,0.6490336656570435,
21,418,0,0.6064098477363586,
21,419,0,0.5935314893722534,
21,420,0,0.6965017318725586,
21,421,0,0.8004637360572815,
21,422,0,0.7976321578025818,
21,423,0,0.8071985244750977,
21,424,0,0.662376880645752,
21,425,0,0.756341814994812,
21,426,0,0.7658178806304932,
21,427,0,0.6804782152175903,
21,428,0,0.722261369228363,
21,429,0,0.783894419670105,
21,430,0,0.7811541557312012,
21,431,0,0.6445730924606323,
21,432,0,0.7838300466537476,
21,433,0,0.740867018699646,
21,434,0,0.8174335956573486,
21,435,0,0.6304829120635986,
21,436,0,0.6703290939331055,
21,437,0,0.6929275393486023,
21,438,0,0.8148423433303833,
21,439,0,0.7030785083770752,
21,440,0,0.6351391673088074,
21,441,0,0.7399821877479553,
21,442,0,0.7278438210487366,
21,443,0,0.8003925681114197,
21,444,0,0.7693750858306885,
21,445,0,0.7495343685150146,
21,446,0,0.7486218214035034,
21,447,0,0.747992753982544,
21,448,0,0.5955628156661987,
21,449,0,0.7403243780136108,
21,450,0,0.812863826751709,
21,451,0,0.7294930219650269,
21,452,0,0.6700243949890137,
21,453,0,0.8102971315383911,
21,454,0,0.7826927900314331,
21,455,0,0.7311862707138062,
21,456,0,0.7829157710075378,
21,457,0,0.7810146808624268,
21,458,0,0.7278978824615479,
21,459,0,0.67478346824646,
21,460,0,0.6923261880874634,
21,461,0,0.6462874412536621,
21,462,0,0.7340006828308105,
21,463,0,0.7447530031204224,
21,464,0,0.7133032083511353,
21,465,0,0.6241493821144104,
21,466,0,0.7395111322402954,
21,467,0,0.7082762718200684,
21,468,0,0.7826570868492126,
21,469,0,0.8085541725158691,
21,470,0,0.6505464911460876,
21,471,0,0.7383211851119995,
21,472,0,0.6654400825500488,
21,473,0,0.7601248621940613,
21,474,0,0.7935519814491272,
21,475,0,0.8037661910057068,
21,476,0,0.7825697660446167,
21,477,0,0.6517949104309082,
21,478,0,0.8251649141311646,
21,479,0,0.8014330863952637,
21,480,0,0.623654305934906,
21,481,0,0.7706543207168579,
21,482,0,0.6256982088088989,
21,483,0,0.7372820377349854,
21,484,0,0.7405077219009399,
21,485,0,0.7638489603996277,
21,486,0,0.5869486331939697,
21,487,0,0.7529369592666626,
21,488,0,0.6614193320274353,
21,489,0,0.7399568557739258,
21,490,0,0.7241880893707275,
21,491,0,0.6321128010749817,
21,492,0,0.7426625490188599,
21,493,0,0.8267711400985718,
21,494,0,0.7864152789115906,
21,495,0,0.6860151886940002,
21,496,0,0.725021481513977,
21,497,0,0.7644177079200745,
21,498,0,0.7329654097557068,
21,499,0,0.6098507642745972,
21,500,0,0.5908002853393555,
21,501,0,0.6747901439666748,
21,502,0,0.6269606351852417,
21,503,0,0.6999034285545349,
21,504,0,0.663210391998291,
21,505,0,0.7725915312767029,
21,506,0,0.7262790203094482,
21,507,0,0.6987221837043762,
21,508,0,0.8088207244873047,
21,509,0,0.7409164905548096,
21,510,0,0.7275856733322144,
21,511,0,0.7506769299507141,
21,512,0,0.6869368553161621,
21,513,0,0.8119228482246399,
21,514,0,0.6592210531234741,
21,515,0,0.6647263765335083,
21,516,0,0.6589040756225586,
21,517,0,0.6686242818832397,
21,518,0,0.7092971205711365,
21,519,0,0.7398247718811035,
21,520,0,0.6364108920097351,
21,521,0,0.6513416171073914,
21,522,0,0.7724727988243103,
21,523,0,0.8069358468055725,
21,524,0,0.7631962895393372,
21,525,0,0.7480387091636658,
21,526,0,0.783760666847229,
21,527,0,0.7410141229629517,
21,528,0,0.7347608804702759,
21,529,0,0.8028825521469116,
21,530,0,0.7469873428344727,
21,531,0,0.6151769161224365,
21,532,0,0.7538427114486694,
21,533,0,0.8232811689376831,
21,534,0,0.7639034986495972,
21,535,0,0.6639460325241089,
21,536,0,0.7468410730361938,
21,537,0,0.7841563820838928,
21,538,0,0.5912496447563171,
21,539,0,0.6868088245391846,
21,540,0,0.7493733167648315,
21,541,0,0.7985195517539978,
21,542,0,0.7331441640853882,
21,543,0,0.6244938373565674,
21,544,0,0.6698932647705078,
21,545,0,0.6472005844116211,
21,546,0,0.732718825340271,
21,547,0,0.7763732671737671,
21,548,0,0.7109953165054321,
21,549,0,0.7801517844200134,
21,550,0,0.7255221605300903,
21,551,0,0.7219277620315552,
21,552,0,0.6077420711517334,
21,553,0,0.7400029897689819,
21,554,0,0.7118957042694092,
21,555,0,0.6723279356956482,
21,556,0,0.7071439027786255,
21,557,0,0.7350378036499023,
21,558,0,0.7522215247154236,
21,559,0,0.613914966583252,
21,560,0,0.782198429107666,
21,561,0,0.6644916534423828,
21,562,0,0.7752515077590942,
21,563,0,0.7463750839233398,
21,564,0,0.7024547457695007,
21,565,0,0.6577335596084595,
21,566,0,0.8314759731292725,
21,567,0,0.6965261697769165,
21,568,0,0.626713752746582,
21,569,0,0.7527768611907959,
21,570,0,0.6724971532821655,
21,571,0,0.6808615922927856,
21,572,0,0.8177760243415833,
21,573,0,0.7544489502906799,
21,574,0,0.7967826128005981,
21,575,0,0.6228799819946289,
21,576,0,0.600220263004303,
21,577,0,0.653247594833374,
21,578,0,0.772918164730072,
21,579,0,0.7783243656158447,
21,580,0,0.7677218317985535,
21,581,0,0.7304706573486328,
21,582,0,0.704218864440918,
21,583,0,0.7449687719345093,
21,584,0,0.7716481685638428,
21,585,0,0.7235641479492188,
21,586,0,0.6515142917633057,
21,587,0,0.8166794180870056,
21,588,0,0.6776156425476074,
21,589,0,0.6872011423110962,
21,590,0,0.7765513062477112,
21,591,0,0.6462897658348083,
21,592,0,0.7932243347167969,
21,593,0,0.6703600883483887,
21,594,0,0.6427186727523804,
21,595,0,0.8198510408401489,
21,596,0,0.8093685507774353,
21,597,0,0.6969915628433228,
21,598,0,0.5877795219421387,
21,599,0,0.7762711644172668,
21,600,0,0.8032669425010681,
21,601,0,0.6121156811714172,
21,602,0,0.6857470870018005,
21,603,0,0.8156648874282837,
21,604,0,0.6466299295425415,
21,val,,,0.8084988578160603
22,0,0,0.7574253678321838,
22,1,0,0.8109101057052612,
22,2,0,0.6476909518241882,
22,3,0,0.7837069630622864,
22,4,0,0.7377558946609497,
22,5,0,0.7914729714393616,
22,6,0,0.8128207325935364,
22,7,0,0.735202968120575,
22,8,0,0.8020960688591003,
22,9,0,0.8146246075630188,
22,10,0,0.7411129474639893,
22,11,0,0.739345908164978,
22,12,0,0.6420928835868835,
22,13,0,0.7621840238571167,
22,14,0,0.7473604679107666,
22,15,0,0.715673565864563,
22,16,0,0.7100908756256104,
22,17,0,0.7626720666885376,
22,18,0,0.8136249780654907,
22,19,0,0.735675036907196,
22,20,0,0.7676811218261719,
22,21,0,0.7581731677055359,
22,22,0,0.7315279245376587,
22,23,0,0.7634786367416382,
22,24,0,0.7622560858726501,
22,25,0,0.6759088039398193,
22,26,0,0.7360925674438477,
22,27,0,0.7434313297271729,
22,28,0,0.7344200611114502,
22,29,0,0.7510438561439514,
22,30,0,0.742038905620575,
22,31,0,0.7288544178009033,
22,32,0,0.7862459421157837,
22,33,0,0.7551101446151733,
22,34,0,0.690964937210083,
22,35,0,0.7923657298088074,
22,36,0,0.6823630332946777,
22,37,0,0.7618764638900757,
22,38,0,0.7046961784362793,
22,39,0,0.691443920135498,
22,40,0,0.6658793091773987,
22,41,0,0.7617384195327759,
22,42,0,0.7378832101821899,
22,43,0,0.8141854405403137,
22,44,0,0.6966363191604614,
22,45,0,0.772964358329773,
22,46,0,0.7824743986129761,
22,47,0,0.6393619775772095,
22,48,0,0.785556435585022,
22,49,0,0.6803584694862366,
22,50,0,0.8157416582107544,
22,51,0,0.8086431622505188,
22,52,0,0.8015040159225464,
22,53,0,0.7697300314903259,
22,54,0,0.6780040264129639,
22,55,0,0.8045316934585571,
22,56,0,0.6030819416046143,
22,57,0,0.7310817837715149,
22,58,0,0.7251667380332947,
22,59,0,0.8252828121185303,
22,60,0,0.8044819235801697,
22,61,0,0.8221321702003479,
22,62,0,0.6436152458190918,
22,63,0,0.7581543922424316,
22,64,0,0.7432737350463867,
22,65,0,0.7630210518836975,
22,66,0,0.6475228667259216,
22,67,0,0.7018771767616272,
22,68,0,0.7536718249320984,
22,69,0,0.8175821304321289,
22,70,0,0.5947636365890503,
22,71,0,0.725642204284668,
22,72,0,0.6785541772842407,
22,73,0,0.697919487953186,
22,74,0,0.7486702799797058,
22,75,0,0.7731553316116333,
22,76,0,0.729744553565979,
22,77,0,0.793372631072998,
22,78,0,0.7727577090263367,
22,79,0,0.6835379600524902,
22,80,0,0.7201192378997803,
22,81,0,0.672827422618866,
22,82,0,0.7580161094665527,
22,83,0,0.7745821475982666,
22,84,0,0.8075442314147949,
22,85,0,0.8009973764419556,
22,86,0,0.7288695573806763,
22,87,0,0.7891527414321899,
22,88,0,0.7288997173309326,
22,89,0,0.7309638261795044,
22,90,0,0.7971556186676025,
22,91,0,0.6548871397972107,
22,92,0,0.7254505157470703,
22,93,0,0.8314757943153381,
22,94,0,0.68534255027771,
22,95,0,0.5875169634819031,
22,96,0,0.743040919303894,
22,97,0,0.6150099039077759,
22,98,0,0.7833280563354492,
22,99,0,0.7307558059692383,
22,100,0,0.7074356079101562,
22,101,0,0.6975911855697632,
22,102,0,0.6715490818023682,
22,103,0,0.7753109931945801,
22,104,0,0.7410191297531128,
22,105,0,0.7101805210113525,
22,106,0,0.5813649892807007,
22,107,0,0.6692017316818237,
22,108,0,0.7681733965873718,
22,109,0,0.731320858001709,
22,110,0,0.794302761554718,
22,111,0,0.8075035810470581,
22,112,0,0.5763792991638184,
22,113,0,0.7706770300865173,
22,114,0,0.7454243898391724,
22,115,0,0.623961329460144,
22,116,0,0.6308720111846924,
22,117,0,0.6012216806411743,
22,118,0,0.8236407041549683,
22,119,0,0.7071384191513062,
22,120,0,0.79043048620224,
22,121,0,0.7907791137695312,
22,122,0,0.695647120475769,
22,123,0,0.6214700937271118,
22,124,0,0.6984313726425171,
22,125,0,0.6643644571304321,
22,126,0,0.7423655986785889,
22,127,0,0.6739166975021362,
22,128,0,0.7711469531059265,
22,129,0,0.6981001496315002,
22,130,0,0.8086289763450623,
22,131,0,0.7702230215072632,
22,132,0,0.6684199571609497,
22,133,0,0.7921472787857056,
22,134,0,0.6922035217285156,
22,135,0,0.6949142217636108,
22,136,0,0.81191086769104,
22,137,0,0.6655462980270386,
22,138,0,0.8148772716522217,
22,139,0,0.7557491064071655,
22,140,0,0.7954545617103577,
22,141,0,0.6991270780563354,
22,142,0,0.6224866509437561,
22,143,0,0.6773685216903687,
22,144,0,0.6644530296325684,
22,145,0,0.6195018291473389,
22,146,0,0.7441096305847168,
22,147,0,0.7499827146530151,
22,148,0,0.7330808639526367,
22,149,0,0.6229583024978638,
22,150,0,0.7999323606491089,
22,151,0,0.7134335041046143,
22,152,0,0.8132931590080261,
22,153,0,0.741976261138916,
22,154,0,0.8099808692932129,
22,155,0,0.7287498712539673,
22,156,0,0.6954308748245239,
22,157,0,0.7247710227966309,
22,158,0,0.6661907434463501,
22,159,0,0.6792939901351929,
22,160,0,0.7361792325973511,
22,161,0,0.7615716457366943,
22,162,0,0.7735162973403931,
22,163,0,0.8243765830993652,
22,164,0,0.7446349859237671,
22,165,0,0.7138814330101013,
22,166,0,0.680336594581604,
22,167,0,0.7945306301116943,
22,168,0,0.5965759754180908,
22,169,0,0.6073459386825562,
22,170,0,0.730803370475769,
22,171,0,0.7148802280426025,
22,172,0,0.7558854222297668,
22,173,0,0.63614821434021,
22,174,0,0.6646391153335571,
22,175,0,0.7357394099235535,
22,176,0,0.8064370155334473,
22,177,0,0.8210948705673218,
22,178,0,0.7674068212509155,
22,179,0,0.7589477896690369,
22,180,0,0.8094754815101624,
22,181,0,0.7819585800170898,
22,182,0,0.7318297624588013,
22,183,0,0.6522047519683838,
22,184,0,0.8040895462036133,
22,185,0,0.7864123582839966,
22,186,0,0.7884951829910278,
22,187,0,0.795196533203125,
22,188,0,0.7730147838592529,
22,189,0,0.7452574372291565,
22,190,0,0.6602574586868286,
22,191,0,0.6426982879638672,
22,192,0,0.6440290212631226,
22,193,0,0.8081890344619751,
22,194,0,0.7715908288955688,
22,195,0,0.7690951824188232,
22,196,0,0.6221698522567749,
22,197,0,0.5884086489677429,
22,198,0,0.688289999961853,
22,199,0,0.8156176209449768,
22,200,0,0.7500168681144714,
22,201,0,0.7737057209014893,
22,202,0,0.8138011693954468,
22,203,0,0.8030568957328796,
22,204,0,0.8216044306755066,
22,205,0,0.767090380191803,
22,206,0,0.6691533923149109,
22,207,0,0.6693530082702637,
22,208,0,0.8160589933395386,
22,209,0,0.7161731719970703,
22,210,0,0.818787157535553,
22,211,0,0.7422012686729431,
22,212,0,0.7113791704177856,
22,213,0,0.6718255281448364,
22,214,0,0.7872296571731567,
22,215,0,0.6776235699653625,
22,216,0,0.8096235394477844,
22,217,0,0.778029203414917,
22,218,0,0.6918892860412598,
22,219,0,0.6398983001708984,
22,220,0,0.6045030355453491,
22,221,0,0.746918797492981,
22,222,0,0.6517652273178101,
22,223,0,0.613193154335022,
22,224,0,0.8179392218589783,
22,225,0,0.5925140380859375,
22,226,0,0.6929904222488403,
22,227,0,0.7242226600646973,
22,228,0,0.7082035541534424,
22,229,0,0.8053574562072754,
22,230,0,0.7316207885742188,
22,231,0,0.6234375238418579,
22,232,0,0.716947078704834,
22,233,0,0.7869632244110107,
22,234,0,0.7035348415374756,
22,235,0,0.6789842247962952,
22,236,0,0.6253283023834229,
22,237,0,0.7148593664169312,
22,238,0,0.8181170225143433,
22,239,0,0.8279765844345093,
22,240,0,0.7523092031478882,
22,241,0,0.7933592200279236,
22,242,0,0.6862203478813171,
22,243,0,0.7150841951370239,
22,244,0,0.7025282382965088,
22,245,0,0.7436861991882324,
22,246,0,0.8004069328308105,
22,247,0,0.7784943580627441,
22,248,0,0.7965453267097473,
22,249,0,0.6920573115348816,
22,250,0,0.7264279127120972,
22,251,0,0.7338783144950867,
22,252,0,0.8282069563865662,
22,253,0,0.6440621614456177,
22,254,0,0.5870828628540039,
22,255,0,0.7901087999343872,
22,256,0,0.7740556597709656,
22,257,0,0.817322313785553,
22,258,0,0.7133039236068726,
22,259,0,0.8260893821716309,
22,260,0,0.6563466787338257,
22,261,0,0.6367496252059937,
22,262,0,0.6073960065841675,
22,263,0,0.7597378492355347,
22,264,0,0.7333617210388184,
22,265,0,0.6525136232376099,
22,266,0,0.6206520795822144,
22,267,0,0.7945774793624878,
22,268,0,0.8090928792953491,
22,269,0,0.7742462754249573,
22,270,0,0.7777740955352783,
22,271,0,0.6174441576004028,
22,272,0,0.7639021873474121,
22,273,0,0.800284206867218,
22,274,0,0.775509238243103,
22,275,0,0.5815955400466919,
22,276,0,0.7880300879478455,
22,277,0,0.8024870157241821,
22,278,0,0.6534384489059448,
22,279,0,0.7342904806137085,
22,280,0,0.750054657459259,
22,281,0,0.6559464931488037,
22,282,0,0.7303918600082397,
22,283,0,0.691893458366394,
22,284,0,0.6655611395835876,
22,285,0,0.7318021059036255,
22,286,0,0.7987692952156067,
22,287,0,0.7424502372741699,
22,288,0,0.8169225454330444,
22,289,0,0.7087775468826294,
22,290,0,0.8140718936920166,
22,291,0,0.8091937899589539,
22,292,0,0.7574971318244934,
22,293,0,0.5902747511863708,
22,294,0,0.7352942228317261,
22,295,0,0.6174143552780151,
22,296,0,0.6625097990036011,
22,297,0,0.8186325430870056,
22,298,0,0.666702389717102,
22,299,0,0.7517404556274414,
22,300,0,0.6139072775840759,
22,301,0,0.7753022909164429,
22,302,0,0.7564880847930908,
22,303,0,0.7906337976455688,
22,304,0,0.6926089525222778,
22,305,0,0.7468717098236084,
22,306,0,0.6082667112350464,
22,307,0,0.6300537586212158,
22,308,0,0.7426542043685913,
22,309,0,0.6725467443466187,
22,310,0,0.7298520803451538,
22,311,0,0.6617482900619507,
22,312,0,0.7265774607658386,
22,313,0,0.7358452081680298,
22,314,0,0.7722628116607666,
22,315,0,0.7698228359222412,
22,316,0,0.7773619890213013,
22,317,0,0.7852259278297424,
22,318,0,0.7980198860168457,
22,319,0,0.8063792586326599,
22,320,0,0.6523158550262451,
22,321,0,0.6567591428756714,
22,322,0,0.8223687410354614,
22,323,0,0.8196898698806763,
22,324,0,0.7159485816955566,
22,325,0,0.8209294080734253,
22,326,0,0.8042629957199097,
22,327,0,0.6802436709403992,
22,328,0,0.6612948179244995,
22,329,0,0.5885776281356812,
22,330,0,0.7425498962402344,
22,331,0,0.7225845456123352,
22,332,0,0.7695616483688354,
22,333,0,0.6775003671646118,
22,334,0,0.6852919459342957,
22,335,0,0.7915569543838501,
22,336,0,0.7498780488967896,
22,337,0,0.6205307841300964,
22,338,0,0.7303086519241333,
22,339,0,0.7209274768829346,
22,340,0,0.7926373481750488,
22,341,0,0.7432082891464233,
22,342,0,0.7945826649665833,
22,343,0,0.7973803877830505,
22,344,0,0.7566627264022827,
22,345,0,0.6129717230796814,
22,346,0,0.672817587852478,
22,347,0,0.7608890533447266,
22,348,0,0.8217492699623108,
22,349,0,0.6885720491409302,
22,350,0,0.7096624374389648,
22,351,0,0.6581399440765381,
22,352,0,0.7746912240982056,
22,353,0,0.7117210030555725,
22,354,0,0.8195484280586243,
22,355,0,0.6780831217765808,
22,356,0,0.7503683567047119,
22,357,0,0.7168750762939453,
22,358,0,0.788730263710022,
22,359,0,0.7877060770988464,
22,360,0,0.7015630006790161,
22,361,0,0.6490315198898315,
22,362,0,0.739490270614624,
22,363,0,0.7406711578369141,
22,364,0,0.6579669713973999,
22,365,0,0.6026265025138855,
22,366,0,0.6129103899002075,
22,367,0,0.6170602440834045,
22,368,0,0.7844452261924744,
22,369,0,0.816058874130249,
22,370,0,0.7191363573074341,
22,371,0,0.737234354019165,
22,372,0,0.7015211582183838,
22,373,0,0.7760593891143799,
22,374,0,0.7132413387298584,
22,375,0,0.6532649993896484,
22,376,0,0.7521222829818726,
22,377,0,0.8128238320350647,
22,378,0,0.6292334794998169,
22,379,0,0.8119419813156128,
22,380,0,0.5787021517753601,
22,381,0,0.6284116506576538,
22,382,0,0.6458832025527954,
22,383,0,0.6170362234115601,
22,384,0,0.8049964308738708,
22,385,0,0.792831540107727,
22,386,0,0.6463747024536133,
22,387,0,0.7044346332550049,
22,388,0,0.6380590796470642,
22,389,0,0.8181962966918945,
22,390,0,0.5791451334953308,
22,391,0,0.7154841423034668,
22,392,0,0.8077411651611328,
22,393,0,0.7664293646812439,
22,394,0,0.6771605014801025,
22,395,0,0.7963579893112183,
22,396,0,0.756077229976654,
22,397,0,0.7800172567367554,
22,398,0,0.8116130232810974,
22,399,0,0.689060628414154,
22,400,0,0.796373724937439,
22,401,0,0.6587235927581787,
22,402,0,0.7358700037002563,
22,403,0,0.7768663167953491,
22,404,0,0.7240508794784546,
22,405,0,0.806983232498169,
22,406,0,0.6889318823814392,
22,407,0,0.7028249502182007,
22,408,0,0.6122068166732788,
22,409,0,0.6518921852111816,
22,410,0,0.6449975371360779,
22,411,0,0.6327670812606812,
22,412,0,0.8217719793319702,
22,413,0,0.7964680790901184,
22,414,0,0.6279462575912476,
22,415,0,0.7497388124465942,
22,416,0,0.832439124584198,
22,417,0,0.6506929397583008,
22,418,0,0.5941627025604248,
22,419,0,0.5908752679824829,
22,420,0,0.6845452785491943,
22,421,0,0.8001468777656555,
22,422,0,0.7943230867385864,
22,423,0,0.8114995360374451,
22,424,0,0.6559069156646729,
22,425,0,0.7437008619308472,
22,426,0,0.7689367532730103,
22,427,0,0.6736810207366943,
22,428,0,0.7142258882522583,
22,429,0,0.7804135084152222,
22,430,0,0.7805953621864319,
22,431,0,0.6333653330802917,
22,432,0,0.7887707948684692,
22,433,0,0.7411708831787109,
22,434,0,0.8114481568336487,
22,435,0,0.6155705451965332,
22,436,0,0.6690696477890015,
22,437,0,0.692610502243042,
22,438,0,0.809751570224762,
22,439,0,0.6987882852554321,
22,440,0,0.6244220733642578,
22,441,0,0.7458004355430603,
22,442,0,0.7182719707489014,
22,443,0,0.8005385994911194,
22,444,0,0.7667147517204285,
22,445,0,0.7412166595458984,
22,446,0,0.7367216348648071,
22,447,0,0.747342586517334,
22,448,0,0.606121838092804,
22,449,0,0.739822506904602,
22,450,0,0.8043444156646729,
22,451,0,0.7248481512069702,
22,452,0,0.6629046201705933,
22,453,0,0.8197019696235657,
22,454,0,0.7579473257064819,
22,455,0,0.7330124378204346,
22,456,0,0.7776753902435303,
22,457,0,0.7773892879486084,
22,458,0,0.7308320999145508,
22,459,0,0.671412467956543,
22,460,0,0.68197101354599,
22,461,0,0.642945408821106,
22,462,0,0.7296522259712219,
22,463,0,0.7389788627624512,
22,464,0,0.7163007855415344,
22,465,0,0.6082703471183777,
22,466,0,0.7379709482192993,
22,467,0,0.7083884477615356,
22,468,0,0.7735739350318909,
22,469,0,0.8112897872924805,
22,470,0,0.6377889513969421,
22,471,0,0.7348538637161255,
22,472,0,0.6463629007339478,
22,473,0,0.7573992609977722,
22,474,0,0.7911598682403564,
22,475,0,0.801220715045929,
22,476,0,0.786637008190155,
22,477,0,0.6410712003707886,
22,478,0,0.8172318339347839,
22,479,0,0.7954404354095459,
22,480,0,0.6342455148696899,
22,481,0,0.7676873207092285,
22,482,0,0.617113471031189,
22,483,0,0.7282432913780212,
22,484,0,0.7340902090072632,
22,485,0,0.7637421488761902,
22,486,0,0.5846747159957886,
22,487,0,0.7598776817321777,
22,488,0,0.6522722244262695,
22,489,0,0.7304240465164185,
22,490,0,0.7251511812210083,
22,491,0,0.6325690746307373,
22,492,0,0.7434502840042114,
22,493,0,0.8211747407913208,
22,494,0,0.7793281674385071,
22,495,0,0.674342155456543,
22,496,0,0.7277144193649292,
22,497,0,0.7701817750930786,
22,498,0,0.7212108373641968,
22,499,0,0.6108746528625488,
22,500,0,0.5801503658294678,
22,501,0,0.6773838400840759,
22,502,0,0.6216974854469299,
22,503,0,0.6903778314590454,
22,504,0,0.6648038625717163,
22,505,0,0.7676306962966919,
22,506,0,0.7153686285018921,
22,507,0,0.686029314994812,
22,508,0,0.8072410821914673,
22,509,0,0.7317726612091064,
22,510,0,0.7206093072891235,
22,511,0,0.7517907023429871,
22,512,0,0.6815897226333618,
22,513,0,0.8050930500030518,
22,514,0,0.6704527139663696,
22,515,0,0.6446083784103394,
22,516,0,0.6502660512924194,
22,517,0,0.6618868708610535,
22,518,0,0.7001887559890747,
22,519,0,0.7315322160720825,
22,520,0,0.6303626894950867,
22,521,0,0.6403075456619263,
22,522,0,0.7635314464569092,
22,523,0,0.8008061051368713,
22,524,0,0.7540945410728455,
22,525,0,0.7373971939086914,
22,526,0,0.7883803844451904,
22,527,0,0.7377833127975464,
22,528,0,0.7283458113670349,
22,529,0,0.7944592833518982,
22,530,0,0.7465060949325562,
22,531,0,0.6036300659179688,
22,532,0,0.7474492788314819,
22,533,0,0.8220328092575073,
22,534,0,0.7641468048095703,
22,535,0,0.6589665412902832,
22,536,0,0.7469941973686218,
22,537,0,0.7912173271179199,
22,538,0,0.578781247138977,
22,539,0,0.686525821685791,
22,540,0,0.7378183603286743,
22,541,0,0.8039896488189697,
22,542,0,0.7279894351959229,
22,543,0,0.6249703168869019,
22,544,0,0.6608752012252808,
22,545,0,0.6455820798873901,
22,546,0,0.7172247171401978,
22,547,0,0.7814716696739197,
22,548,0,0.7065491676330566,
22,549,0,0.7828935980796814,
22,550,0,0.7214599847793579,
22,551,0,0.7255938053131104,
22,552,0,0.6196622848510742,
22,553,0,0.7336492538452148,
22,554,0,0.7151064276695251,
22,555,0,0.6782214641571045,
22,556,0,0.6957341432571411,
22,557,0,0.7312222719192505,
22,558,0,0.7552053928375244,
22,559,0,0.6193838715553284,
22,560,0,0.7810474038124084,
22,561,0,0.6595397591590881,
22,562,0,0.7776254415512085,
22,563,0,0.7441012859344482,
22,564,0,0.7017614841461182,
22,565,0,0.6558070182800293,
22,566,0,0.8293361067771912,
22,567,0,0.6882853507995605,
22,568,0,0.6209554672241211,
22,569,0,0.7491047382354736,
22,570,0,0.6732610464096069,
22,571,0,0.6566182374954224,
22,572,0,0.8196280598640442,
22,573,0,0.7495355606079102,
22,574,0,0.7856844663619995,
22,575,0,0.6177523136138916,
22,576,0,0.6180605292320251,
22,577,0,0.6531956195831299,
22,578,0,0.7693009972572327,
22,579,0,0.7760187983512878,
22,580,0,0.76230388879776,
22,581,0,0.7169891595840454,
22,582,0,0.6936810612678528,
22,583,0,0.7477368116378784,
22,584,0,0.7724252939224243,
22,585,0,0.7281229496002197,
22,586,0,0.6450715065002441,
22,587,0,0.8189212679862976,
22,588,0,0.6719944477081299,
22,589,0,0.6814562082290649,
22,590,0,0.7840381860733032,
22,591,0,0.6409651041030884,
22,592,0,0.8020296096801758,
22,593,0,0.6554832458496094,
22,594,0,0.6333497762680054,
22,595,0,0.8188546895980835,
22,596,0,0.8047388195991516,
22,597,0,0.6988497972488403,
22,598,0,0.5850769877433777,
22,599,0,0.7715370655059814,
22,600,0,0.8035792112350464,
22,601,0,0.6116490364074707,
22,602,0,0.685146689414978,
22,603,0,0.8153082132339478,
22,604,0,0.6419391632080078,
22,val,,,0.8094357935587565
23,0,0,0.7616451978683472,
23,1,0,0.802527904510498,
23,2,0,0.6547795534133911,
23,3,0,0.780670702457428,
23,4,0,0.7253187894821167,
23,5,0,0.7884847521781921,
23,6,0,0.8126170039176941,
23,7,0,0.7471076846122742,
23,8,0,0.8015232086181641,
23,9,0,0.8153430223464966,
23,10,0,0.7380584478378296,
23,11,0,0.7373147010803223,
23,12,0,0.6406764388084412,
23,13,0,0.768267035484314,
23,14,0,0.7393238544464111,
23,15,0,0.7093138694763184,
23,16,0,0.6969088315963745,
23,17,0,0.7559257745742798,
23,18,0,0.8132629990577698,
23,19,0,0.7320828437805176,
23,20,0,0.7607296109199524,
23,21,0,0.758568525314331,
23,22,0,0.7253438234329224,
23,23,0,0.7617387771606445,
23,24,0,0.7600783109664917,
23,25,0,0.6593031287193298,
23,26,0,0.7379728555679321,
23,27,0,0.733924388885498,
23,28,0,0.7217902541160583,
23,29,0,0.7378438115119934,
23,30,0,0.7406011819839478,
23,31,0,0.7258998155593872,
23,32,0,0.7857615351676941,
23,33,0,0.756330668926239,
23,34,0,0.6893459558486938,
23,35,0,0.7982174158096313,
23,36,0,0.6804249286651611,
23,37,0,0.7692994475364685,
23,38,0,0.7009902000427246,
23,39,0,0.6966731548309326,
23,40,0,0.6612030267715454,
23,41,0,0.7666614055633545,
23,42,0,0.7398042678833008,
23,43,0,0.8119328022003174,
23,44,0,0.6944254636764526,
23,45,0,0.7566540241241455,
23,46,0,0.7775579690933228,
23,47,0,0.6289269924163818,
23,48,0,0.7848920822143555,
23,49,0,0.6816350817680359,
23,50,0,0.8164159655570984,
23,51,0,0.805630624294281,
23,52,0,0.804356575012207,
23,53,0,0.7629179954528809,
23,54,0,0.674198567867279,
23,55,0,0.8008075952529907,
23,56,0,0.5905916094779968,
23,57,0,0.7267223596572876,
23,58,0,0.720801830291748,
23,59,0,0.8249549269676208,
23,60,0,0.7973796129226685,
23,61,0,0.8286593556404114,
23,62,0,0.6425446271896362,
23,63,0,0.761758029460907,
23,64,0,0.7405246496200562,
23,65,0,0.7581188082695007,
23,66,0,0.6254013776779175,
23,67,0,0.7010829448699951,
23,68,0,0.7524806261062622,
23,69,0,0.8154322504997253,
23,70,0,0.5741555690765381,
23,71,0,0.7265383005142212,
23,72,0,0.6809015274047852,
23,73,0,0.6849771738052368,
23,74,0,0.7545377016067505,
23,75,0,0.7808067202568054,
23,76,0,0.7214678525924683,
23,77,0,0.7944833636283875,
23,78,0,0.772276759147644,
23,79,0,0.6626989841461182,
23,80,0,0.7143878936767578,
23,81,0,0.6694325804710388,
23,82,0,0.7557755708694458,
23,83,0,0.7736561298370361,
23,84,0,0.8095329403877258,
23,85,0,0.7946694493293762,
23,86,0,0.7219638824462891,
23,87,0,0.7940031290054321,
23,88,0,0.7246085405349731,
23,89,0,0.7248984575271606,
23,90,0,0.7910045385360718,
23,91,0,0.6591466665267944,
23,92,0,0.7156550288200378,
23,93,0,0.8206367492675781,
23,94,0,0.691425085067749,
23,95,0,0.5806937217712402,
23,96,0,0.7461313605308533,
23,97,0,0.6051592826843262,
23,98,0,0.7808551788330078,
23,99,0,0.7236630916595459,
23,100,0,0.7042896747589111,
23,101,0,0.6965348720550537,
23,102,0,0.667502760887146,
23,103,0,0.771649956703186,
23,104,0,0.7294030785560608,
23,105,0,0.711205244064331,
23,106,0,0.5765790939331055,
23,107,0,0.6516097784042358,
23,108,0,0.7607553601264954,
23,109,0,0.7253776788711548,
23,110,0,0.7918044328689575,
23,111,0,0.8035182952880859,
23,112,0,0.5693864822387695,
23,113,0,0.769015371799469,
23,114,0,0.728507399559021,
23,115,0,0.6112903356552124,
23,116,0,0.6275837421417236,
23,117,0,0.604023814201355,
23,118,0,0.8183918595314026,
23,119,0,0.6918014287948608,
23,120,0,0.7804110050201416,
23,121,0,0.7976821660995483,
23,122,0,0.685064435005188,
23,123,0,0.6129052639007568,
23,124,0,0.7018234729766846,
23,125,0,0.6442058086395264,
23,126,0,0.736052930355072,
23,127,0,0.6654016971588135,
23,128,0,0.7659071683883667,
23,129,0,0.6931585073471069,
23,130,0,0.8035557866096497,
23,131,0,0.7634669542312622,
23,132,0,0.6598710417747498,
23,133,0,0.7970843315124512,
23,134,0,0.6814767122268677,
23,135,0,0.7022539973258972,
23,136,0,0.8117262721061707,
23,137,0,0.6623508930206299,
23,138,0,0.8114019632339478,
23,139,0,0.7518840432167053,
23,140,0,0.7988590002059937,
23,141,0,0.6921806335449219,
23,142,0,0.610884428024292,
23,143,0,0.6729624271392822,
23,144,0,0.6480609774589539,
23,145,0,0.6101721525192261,
23,146,0,0.7421931624412537,
23,147,0,0.7384099364280701,
23,148,0,0.7236424088478088,
23,149,0,0.6198883056640625,
23,150,0,0.8009725213050842,
23,151,0,0.7064118385314941,
23,152,0,0.8128393888473511,
23,153,0,0.7369883060455322,
23,154,0,0.8102505803108215,
23,155,0,0.721955418586731,
23,156,0,0.6829649209976196,
23,157,0,0.7103767395019531,
23,158,0,0.6591650247573853,
23,159,0,0.6654669046401978,
23,160,0,0.737084150314331,
23,161,0,0.7491273880004883,
23,162,0,0.7637165784835815,
23,163,0,0.8228915929794312,
23,164,0,0.7407013773918152,
23,165,0,0.7158865928649902,
23,166,0,0.6625380516052246,
23,167,0,0.794009268283844,
23,168,0,0.5932654142379761,
23,169,0,0.6114504337310791,
23,170,0,0.7223409414291382,
23,171,0,0.7201439738273621,
23,172,0,0.7459412813186646,
23,173,0,0.6231788396835327,
23,174,0,0.6555596590042114,
23,175,0,0.7282797694206238,
23,176,0,0.814471960067749,
23,177,0,0.8242936134338379,
23,178,0,0.7675697803497314,
23,179,0,0.7562412619590759,
23,180,0,0.8023053407669067,
23,181,0,0.7820183038711548,
23,182,0,0.7333077788352966,
23,183,0,0.6419332027435303,
23,184,0,0.805976152420044,
23,185,0,0.7786819338798523,
23,186,0,0.7844266295433044,
23,187,0,0.7872013449668884,
23,188,0,0.7765935659408569,
23,189,0,0.731787919998169,
23,190,0,0.6505817174911499,
23,191,0,0.6279447078704834,
23,192,0,0.6367729902267456,
23,193,0,0.8003973960876465,
23,194,0,0.7817928791046143,
23,195,0,0.7663465738296509,
23,196,0,0.617226243019104,
23,197,0,0.5809770822525024,
23,198,0,0.6798564195632935,
23,199,0,0.8195608854293823,
23,200,0,0.7460285425186157,
23,201,0,0.7739797830581665,
23,202,0,0.8187049627304077,
23,203,0,0.8077555894851685,
23,204,0,0.8202161192893982,
23,205,0,0.7592121958732605,
23,206,0,0.6557152271270752,
23,207,0,0.6736896634101868,
23,208,0,0.8162153363227844,
23,209,0,0.7129000425338745,
23,210,0,0.8210843801498413,
23,211,0,0.7463340759277344,
23,212,0,0.7087085247039795,
23,213,0,0.6660715341567993,
23,214,0,0.7903090119361877,
23,215,0,0.6742309331893921,
23,216,0,0.8130509257316589,
23,217,0,0.7750422358512878,
23,218,0,0.6822707653045654,
23,219,0,0.6437846422195435,
23,220,0,0.6110974550247192,
23,221,0,0.7444937229156494,
23,222,0,0.6419427990913391,
23,223,0,0.6217137575149536,
23,224,0,0.8144718408584595,
23,225,0,0.5930962562561035,
23,226,0,0.6939132213592529,
23,227,0,0.7086563110351562,
23,228,0,0.7063273787498474,
23,229,0,0.8132299780845642,
23,230,0,0.7353807091712952,
23,231,0,0.6101363301277161,
23,232,0,0.7085388898849487,
23,233,0,0.7752884030342102,
23,234,0,0.6850478649139404,
23,235,0,0.672143816947937,
23,236,0,0.6166200637817383,
23,237,0,0.7119473218917847,
23,238,0,0.8238934874534607,
23,239,0,0.8295084834098816,
23,240,0,0.7538791298866272,
23,241,0,0.794702410697937,
23,242,0,0.6826657056808472,
23,243,0,0.6987067461013794,
23,244,0,0.6947227716445923,
23,245,0,0.7395431399345398,
23,246,0,0.7996589541435242,
23,247,0,0.767493724822998,
23,248,0,0.8072088956832886,
23,249,0,0.6877731084823608,
23,250,0,0.7202823162078857,
23,251,0,0.7243881225585938,
23,252,0,0.8210946917533875,
23,253,0,0.6333420276641846,
23,254,0,0.5741197466850281,
23,255,0,0.7919290661811829,
23,256,0,0.7657091021537781,
23,257,0,0.812953531742096,
23,258,0,0.7005043029785156,
23,259,0,0.8188967108726501,
23,260,0,0.6572554111480713,
23,261,0,0.6422986388206482,
23,262,0,0.6047185659408569,
23,263,0,0.7512177228927612,
23,264,0,0.7362689971923828,
23,265,0,0.6517913341522217,
23,266,0,0.6179600954055786,
23,267,0,0.7967148423194885,
23,268,0,0.8066732883453369,
23,269,0,0.7714139819145203,
23,270,0,0.7759820222854614,
23,271,0,0.6108132600784302,
23,272,0,0.7500041723251343,
23,273,0,0.799312949180603,
23,274,0,0.7791110873222351,
23,275,0,0.5730983018875122,
23,276,0,0.7829779386520386,
23,277,0,0.7959304451942444,
23,278,0,0.6368149518966675,
23,279,0,0.7319473028182983,
23,280,0,0.7397656440734863,
23,281,0,0.6539472937583923,
23,282,0,0.7294515371322632,
23,283,0,0.6779359579086304,
23,284,0,0.6602693796157837,
23,285,0,0.7289146184921265,
23,286,0,0.7993664145469666,
23,287,0,0.7432101964950562,
23,288,0,0.809390664100647,
23,289,0,0.7131073474884033,
23,290,0,0.8148750066757202,
23,291,0,0.8073597550392151,
23,292,0,0.7600875496864319,
23,293,0,0.5858967304229736,
23,294,0,0.7315213680267334,
23,295,0,0.5940045118331909,
23,296,0,0.6534662246704102,
23,297,0,0.8124222755432129,
23,298,0,0.6539517641067505,
23,299,0,0.7512034177780151,
23,300,0,0.6153020262718201,
23,301,0,0.7703272700309753,
23,302,0,0.754150927066803,
23,303,0,0.7983769178390503,
23,304,0,0.6865915060043335,
23,305,0,0.7439119815826416,
23,306,0,0.5986125469207764,
23,307,0,0.6261236071586609,
23,308,0,0.7467979192733765,
23,309,0,0.6639212369918823,
23,310,0,0.7235558032989502,
23,311,0,0.6608630418777466,
23,312,0,0.7290645837783813,
23,313,0,0.7284467220306396,
23,314,0,0.7627745866775513,
23,315,0,0.768686056137085,
23,316,0,0.7730375528335571,
23,317,0,0.7731302380561829,
23,318,0,0.7920924425125122,
23,319,0,0.8101037740707397,
23,320,0,0.6545436382293701,
23,321,0,0.6478923559188843,
23,322,0,0.8172085881233215,
23,323,0,0.8190845847129822,
23,324,0,0.7077202796936035,
23,325,0,0.821448028087616,
23,326,0,0.7935436964035034,
23,327,0,0.6671634912490845,
23,328,0,0.6496942043304443,
23,329,0,0.5802825689315796,
23,330,0,0.7353540658950806,
23,331,0,0.7159443497657776,
23,332,0,0.7747328877449036,
23,333,0,0.6625038385391235,
23,334,0,0.6766330003738403,
23,335,0,0.7962061166763306,
23,336,0,0.7487576007843018,
23,337,0,0.6224349737167358,
23,338,0,0.727121114730835,
23,339,0,0.7104213237762451,
23,340,0,0.7908446192741394,
23,341,0,0.7348654270172119,
23,342,0,0.7883879542350769,
23,343,0,0.7949981093406677,
23,344,0,0.7516766786575317,
23,345,0,0.5929461717605591,
23,346,0,0.6537248492240906,
23,347,0,0.7566525936126709,
23,348,0,0.8206087946891785,
23,349,0,0.675468921661377,
23,350,0,0.7090231776237488,
23,351,0,0.6596904993057251,
23,352,0,0.7660205364227295,
23,353,0,0.6932227611541748,
23,354,0,0.8196344971656799,
23,355,0,0.6723337173461914,
23,356,0,0.7437931299209595,
23,357,0,0.7042124271392822,
23,358,0,0.791995108127594,
23,359,0,0.7900289297103882,
23,360,0,0.6850981712341309,
23,361,0,0.6530296206474304,
23,362,0,0.7339744567871094,
23,363,0,0.7381330728530884,
23,364,0,0.6504589915275574,
23,365,0,0.6014595627784729,
23,366,0,0.6086835861206055,
23,367,0,0.6059010028839111,
23,368,0,0.7817935943603516,
23,369,0,0.8115403652191162,
23,370,0,0.7117108106613159,
23,371,0,0.7268586158752441,
23,372,0,0.7089783549308777,
23,373,0,0.7736349105834961,
23,374,0,0.7095479965209961,
23,375,0,0.6443569660186768,
23,376,0,0.744309663772583,
23,377,0,0.8107590675354004,
23,378,0,0.624574601650238,
23,379,0,0.8056218028068542,
23,380,0,0.5690574645996094,
23,381,0,0.6219799518585205,
23,382,0,0.6380648612976074,
23,383,0,0.6066008806228638,
23,384,0,0.802909255027771,
23,385,0,0.7925032377243042,
23,386,0,0.6432420611381531,
23,387,0,0.7069309949874878,
23,388,0,0.6213394403457642,
23,389,0,0.8231583833694458,
23,390,0,0.5658071041107178,
23,391,0,0.7118867635726929,
23,392,0,0.8135821223258972,
23,393,0,0.7576314806938171,
23,394,0,0.6525633335113525,
23,395,0,0.7965909242630005,
23,396,0,0.7532916069030762,
23,397,0,0.7855868935585022,
23,398,0,0.8086400628089905,
23,399,0,0.6847422122955322,
23,400,0,0.7936646938323975,
23,401,0,0.6471431255340576,
23,402,0,0.7423524856567383,
23,403,0,0.7799075841903687,
23,404,0,0.7119754552841187,
23,405,0,0.8142101764678955,
23,406,0,0.6908622980117798,
23,407,0,0.6903496980667114,
23,408,0,0.6071956157684326,
23,409,0,0.6446467638015747,
23,410,0,0.641685962677002,
23,411,0,0.6228424310684204,
23,412,0,0.8296884298324585,
23,413,0,0.7956927418708801,
23,414,0,0.6170533895492554,
23,415,0,0.7430028915405273,
23,416,0,0.826790988445282,
23,417,0,0.6579423546791077,
23,418,0,0.5903546214103699,
23,419,0,0.5932694673538208,
23,420,0,0.6850852966308594,
23,421,0,0.8008319139480591,
23,422,0,0.7984653115272522,
23,423,0,0.8066567182540894,
23,424,0,0.6492846608161926,
23,425,0,0.745303213596344,
23,426,0,0.7588682174682617,
23,427,0,0.6770864725112915,
23,428,0,0.7005650997161865,
23,429,0,0.7774396538734436,
23,430,0,0.7812132835388184,
23,431,0,0.6325901746749878,
23,432,0,0.787039041519165,
23,433,0,0.7347893714904785,
23,434,0,0.8170433044433594,
23,435,0,0.6099529266357422,
23,436,0,0.66363525390625,
23,437,0,0.6845098733901978,
23,438,0,0.8079654574394226,
23,439,0,0.6989328861236572,
23,440,0,0.6222962141036987,
23,441,0,0.7384622097015381,
23,442,0,0.7164944410324097,
23,443,0,0.8020890951156616,
23,444,0,0.7667829394340515,
23,445,0,0.7453306913375854,
23,446,0,0.740547776222229,
23,447,0,0.7418918609619141,
23,448,0,0.6054393649101257,
23,449,0,0.7310665845870972,
23,450,0,0.8092156052589417,
23,451,0,0.7208573222160339,
23,452,0,0.6552678346633911,
23,453,0,0.8140605092048645,
23,454,0,0.7574343681335449,
23,455,0,0.7251279354095459,
23,456,0,0.7853848934173584,
23,457,0,0.7817144989967346,
23,458,0,0.713981032371521,
23,459,0,0.6560899615287781,
23,460,0,0.6791476011276245,
23,461,0,0.6249444484710693,
23,462,0,0.7236587405204773,
23,463,0,0.7387570142745972,
23,464,0,0.7101544141769409,
23,465,0,0.5988632440567017,
23,466,0,0.7228512763977051,
23,467,0,0.699155330657959,
23,468,0,0.7755457162857056,
23,469,0,0.8174638152122498,
23,470,0,0.6340057253837585,
23,471,0,0.7363219261169434,
23,472,0,0.6373278498649597,
23,473,0,0.7505695819854736,
23,474,0,0.7925273180007935,
23,475,0,0.7994242906570435,
23,476,0,0.7817984223365784,
23,477,0,0.6467056274414062,
23,478,0,0.8180886507034302,
23,479,0,0.7994602918624878,
23,480,0,0.6241552829742432,
23,481,0,0.7607134580612183,
23,482,0,0.6046757698059082,
23,483,0,0.7260721325874329,
23,484,0,0.7354897260665894,
23,485,0,0.7529835104942322,
23,486,0,0.572429895401001,
23,487,0,0.7506643533706665,
23,488,0,0.6438860893249512,
23,489,0,0.7347720861434937,
23,490,0,0.7220200300216675,
23,491,0,0.6201170682907104,
23,492,0,0.7417947053909302,
23,493,0,0.8257299661636353,
23,494,0,0.7830599546432495,
23,495,0,0.6756788492202759,
23,496,0,0.7130157947540283,
23,497,0,0.7594883441925049,
23,498,0,0.7203776836395264,
23,499,0,0.6076934337615967,
23,500,0,0.56879723072052,
23,501,0,0.6819496154785156,
23,502,0,0.6016196012496948,
23,503,0,0.6808928847312927,
23,504,0,0.6558807492256165,
23,505,0,0.7667447924613953,
23,506,0,0.7222182154655457,
23,507,0,0.6824585795402527,
23,508,0,0.8108469247817993,
23,509,0,0.7348060607910156,
23,510,0,0.7149965763092041,
23,511,0,0.7412427663803101,
23,512,0,0.6700316667556763,
23,513,0,0.8079556226730347,
23,514,0,0.6472855806350708,
23,515,0,0.6392866373062134,
23,516,0,0.6399170160293579,
23,517,0,0.6548931002616882,
23,518,0,0.684710681438446,
23,519,0,0.7280560731887817,
23,520,0,0.6183085441589355,
23,521,0,0.6317358016967773,
23,522,0,0.7666873335838318,
23,523,0,0.8001006841659546,
23,524,0,0.7536144256591797,
23,525,0,0.728044867515564,
23,526,0,0.7905298471450806,
23,527,0,0.7316344976425171,
23,528,0,0.7295920848846436,
23,529,0,0.7988799810409546,
23,530,0,0.7432689666748047,
23,531,0,0.5942578315734863,
23,532,0,0.7520112991333008,
23,533,0,0.8272002339363098,
23,534,0,0.7619304656982422,
23,535,0,0.6537560820579529,
23,536,0,0.7396211624145508,
23,537,0,0.7907602190971375,
23,538,0,0.5828430652618408,
23,539,0,0.6811879873275757,
23,540,0,0.7283816337585449,
23,541,0,0.8013796806335449,
23,542,0,0.7364823818206787,
23,543,0,0.6102920770645142,
23,544,0,0.6541132926940918,
23,545,0,0.6251102685928345,
23,546,0,0.724463939666748,
23,547,0,0.7742016315460205,
23,548,0,0.697370707988739,
23,549,0,0.7736692428588867,
23,550,0,0.7151103019714355,
23,551,0,0.7147466540336609,
23,552,0,0.6046943664550781,
23,553,0,0.7341901063919067,
23,554,0,0.7112809419631958,
23,555,0,0.6686391234397888,
23,556,0,0.6868695020675659,
23,557,0,0.7303290367126465,
23,558,0,0.750766932964325,
23,559,0,0.6027243137359619,
23,560,0,0.7763151526451111,
23,561,0,0.6546062231063843,
23,562,0,0.7734984159469604,
23,563,0,0.7403208017349243,
23,564,0,0.6913620233535767,
23,565,0,0.6553660035133362,
23,566,0,0.8264052271842957,
23,567,0,0.6856753826141357,
23,568,0,0.6113353967666626,
23,569,0,0.7589165568351746,
23,570,0,0.6560300588607788,
23,571,0,0.6597303152084351,
23,572,0,0.8120509386062622,
23,573,0,0.7477519512176514,
23,574,0,0.7846494913101196,
23,575,0,0.6028282642364502,
23,576,0,0.6038928031921387,
23,577,0,0.6438781023025513,
23,578,0,0.7656906843185425,
23,579,0,0.7747640013694763,
23,580,0,0.7634257674217224,
23,581,0,0.7151618003845215,
23,582,0,0.6816120147705078,
23,583,0,0.7434686422348022,
23,584,0,0.7667651176452637,
23,585,0,0.7228124141693115,
23,586,0,0.6425484418869019,
23,587,0,0.813190758228302,
23,588,0,0.6707262992858887,
23,589,0,0.6808723211288452,
23,590,0,0.77519690990448,
23,591,0,0.6390981674194336,
23,592,0,0.7953270077705383,
23,593,0,0.6546652317047119,
23,594,0,0.6318649053573608,
23,595,0,0.8189054131507874,
23,596,0,0.8107663989067078,
23,597,0,0.6898540258407593,
23,598,0,0.583154559135437,
23,599,0,0.7664791941642761,
23,600,0,0.8000644445419312,
23,601,0,0.6015604734420776,
23,602,0,0.6895350217819214,
23,603,0,0.8160805702209473,
23,604,0,0.6482691168785095,
23,val,,,0.8094902030626933
24,0,0,0.7562015056610107,
24,1,0,0.807097315788269,
24,2,0,0.6441181898117065,
24,3,0,0.781364917755127,
24,4,0,0.7241224050521851,
24,5,0,0.785362958908081,
24,6,0,0.8148155212402344,
24,7,0,0.7377896308898926,
24,8,0,0.8007969856262207,
24,9,0,0.8071894645690918,
24,10,0,0.7379738092422485,
24,11,0,0.7401214838027954,
24,12,0,0.6373195648193359,
24,13,0,0.7620532512664795,
24,14,0,0.7382545471191406,
24,15,0,0.701108455657959,
24,16,0,0.6945139169692993,
24,17,0,0.7575098872184753,
24,18,0,0.8134487867355347,
24,19,0,0.7275763750076294,
24,20,0,0.754528284072876,
24,21,0,0.7447949647903442,
24,22,0,0.7209852933883667,
24,23,0,0.761090874671936,
24,24,0,0.7612781524658203,
24,25,0,0.6495630741119385,
24,26,0,0.7304834127426147,
24,27,0,0.7253689765930176,
24,28,0,0.7403365969657898,
24,29,0,0.7369686961174011,
24,30,0,0.7401103973388672,
24,31,0,0.7154974937438965,
24,32,0,0.7855064868927002,
24,33,0,0.758277177810669,
24,34,0,0.6936502456665039,
24,35,0,0.7955947518348694,
24,36,0,0.6722671985626221,
24,37,0,0.7659038305282593,
24,38,0,0.7028483152389526,
24,39,0,0.6901882886886597,
24,40,0,0.6561492681503296,
24,41,0,0.7570351958274841,
24,42,0,0.728169322013855,
24,43,0,0.8093940615653992,
24,44,0,0.6884772777557373,
24,45,0,0.7584037184715271,
24,46,0,0.7744664549827576,
24,47,0,0.6268099546432495,
24,48,0,0.7873395681381226,
24,49,0,0.6779054403305054,
24,50,0,0.8131867051124573,
24,51,0,0.8009508848190308,
24,52,0,0.7986413240432739,
24,53,0,0.7588016390800476,
24,54,0,0.663821816444397,
24,55,0,0.8003549575805664,
24,56,0,0.5738811492919922,
24,57,0,0.7138626575469971,
24,58,0,0.7125017046928406,
24,59,0,0.8213569521903992,
24,60,0,0.7990789413452148,
24,61,0,0.8266739249229431,
24,62,0,0.6332859992980957,
24,63,0,0.7549885511398315,
24,64,0,0.7376630306243896,
24,65,0,0.7685545682907104,
24,66,0,0.6279326677322388,
24,67,0,0.6896740794181824,
24,68,0,0.7553345561027527,
24,69,0,0.8187488913536072,
24,70,0,0.5780503749847412,
24,71,0,0.7213432788848877,
24,72,0,0.6838587522506714,
24,73,0,0.6900107264518738,
24,74,0,0.7541071176528931,
24,75,0,0.7657161951065063,
24,76,0,0.7258049249649048,
24,77,0,0.7912405133247375,
24,78,0,0.7652226090431213,
24,79,0,0.6693218946456909,
24,80,0,0.7056238651275635,
24,81,0,0.6741936206817627,
24,82,0,0.7479411363601685,
24,83,0,0.770869255065918,
24,84,0,0.8074869513511658,
24,85,0,0.7967622876167297,
24,86,0,0.7247515320777893,
24,87,0,0.7845891118049622,
24,88,0,0.7210496664047241,
24,89,0,0.7195435762405396,
24,90,0,0.7885514497756958,
24,91,0,0.6527495384216309,
24,92,0,0.7171872854232788,
24,93,0,0.8246430158615112,
24,94,0,0.6835817694664001,
24,95,0,0.577048659324646,
24,96,0,0.7410216331481934,
24,97,0,0.5909136533737183,
24,98,0,0.7769879698753357,
24,99,0,0.7061464786529541,
24,100,0,0.6935597658157349,
24,101,0,0.6863164901733398,
24,102,0,0.663629412651062,
24,103,0,0.7721961736679077,
24,104,0,0.7221825122833252,
24,105,0,0.6973503828048706,
24,106,0,0.5810649394989014,
24,107,0,0.6475536823272705,
24,108,0,0.7706118822097778,
24,109,0,0.7219230532646179,
24,110,0,0.7914972305297852,
24,111,0,0.8002296090126038,
24,112,0,0.5578869581222534,
24,113,0,0.7641804218292236,
24,114,0,0.7381789684295654,
24,115,0,0.6119711399078369,
24,116,0,0.6180444955825806,
24,117,0,0.5912092924118042,
24,118,0,0.8115513920783997,
24,119,0,0.6956517100334167,
24,120,0,0.7795138359069824,
24,121,0,0.7919890880584717,
24,122,0,0.687811017036438,
24,123,0,0.6054736375808716,
24,124,0,0.6934069395065308,
24,125,0,0.6520618200302124,
24,126,0,0.7326635122299194,
24,127,0,0.6753600835800171,
24,128,0,0.76580810546875,
24,129,0,0.6902979612350464,
24,130,0,0.8108733892440796,
24,131,0,0.7604039907455444,
24,132,0,0.6563780307769775,
24,133,0,0.7932041883468628,
24,134,0,0.6796051859855652,
24,135,0,0.6808249950408936,
24,136,0,0.8135488033294678,
24,137,0,0.648351788520813,
24,138,0,0.8000403642654419,
24,139,0,0.750155508518219,
24,140,0,0.7924688458442688,
24,141,0,0.6901311874389648,
24,142,0,0.6118944883346558,
24,143,0,0.665603518486023,
24,144,0,0.6478631496429443,
24,145,0,0.6095130443572998,
24,146,0,0.7406067848205566,
24,147,0,0.7361088991165161,
24,148,0,0.7168797254562378,
24,149,0,0.6049986481666565,
24,150,0,0.80138099193573,
24,151,0,0.6942989826202393,
24,152,0,0.811805009841919,
24,153,0,0.7395944595336914,
24,154,0,0.8070102334022522,
24,155,0,0.7122239470481873,
24,156,0,0.6753695011138916,
24,157,0,0.7119889259338379,
24,158,0,0.6514252424240112,
24,159,0,0.6691836714744568,
24,160,0,0.7260723114013672,
24,161,0,0.750739574432373,
24,162,0,0.7661036252975464,
24,163,0,0.8154187798500061,
24,164,0,0.7383123636245728,
24,165,0,0.7124865055084229,
24,166,0,0.6642634272575378,
24,167,0,0.7977032661437988,
24,168,0,0.5906985998153687,
24,169,0,0.60921311378479,
24,170,0,0.7240748405456543,
24,171,0,0.7123973369598389,
24,172,0,0.7321051359176636,
24,173,0,0.6092430353164673,
24,174,0,0.6529380083084106,
24,175,0,0.7330541610717773,
24,176,0,0.8056855201721191,
24,177,0,0.8230812549591064,
24,178,0,0.7549729943275452,
24,179,0,0.7530414462089539,
24,180,0,0.804557740688324,
24,181,0,0.7787960767745972,
24,182,0,0.7327960133552551,
24,183,0,0.6393659114837646,
24,184,0,0.8055922985076904,
24,185,0,0.7828973531723022,
24,186,0,0.790434718132019,
24,187,0,0.7920674085617065,
24,188,0,0.7820818424224854,
24,189,0,0.729928731918335,
24,190,0,0.6454271078109741,
24,191,0,0.6291488409042358,
24,192,0,0.6181236505508423,
24,193,0,0.7951065301895142,
24,194,0,0.773220419883728,
24,195,0,0.7739198207855225,
24,196,0,0.6007010340690613,
24,197,0,0.5702978372573853,
24,198,0,0.6800472736358643,
24,199,0,0.8177423477172852,
24,200,0,0.7484335899353027,
24,201,0,0.7673696875572205,
24,202,0,0.8167852163314819,
24,203,0,0.8065512180328369,
24,204,0,0.8232752680778503,
24,205,0,0.7527679800987244,
24,206,0,0.6550271511077881,
24,207,0,0.6698758602142334,
24,208,0,0.8070580363273621,
24,209,0,0.7077996730804443,
24,210,0,0.8207545280456543,
24,211,0,0.7341374754905701,
24,212,0,0.6855188012123108,
24,213,0,0.6720806360244751,
24,214,0,0.7909899950027466,
24,215,0,0.6733711957931519,
24,216,0,0.8073619604110718,
24,217,0,0.7830322980880737,
24,218,0,0.6689305901527405,
24,219,0,0.6244444251060486,
24,220,0,0.5927926898002625,
24,221,0,0.7345370054244995,
24,222,0,0.6368389129638672,
24,223,0,0.6077795028686523,
24,224,0,0.8096092939376831,
24,225,0,0.5839735865592957,
24,226,0,0.6873810291290283,
24,227,0,0.7146106362342834,
24,228,0,0.6969163417816162,
24,229,0,0.8099237680435181,
24,230,0,0.7317225933074951,
24,231,0,0.6056286096572876,
24,232,0,0.6942198276519775,
24,233,0,0.7691985964775085,
24,234,0,0.6895610690116882,
24,235,0,0.6703234910964966,
24,236,0,0.6045047044754028,
24,237,0,0.7070019841194153,
24,238,0,0.8243954181671143,
24,239,0,0.8333197832107544,
24,240,0,0.7483537197113037,
24,241,0,0.7959991693496704,
24,242,0,0.6780532598495483,
24,243,0,0.7017366886138916,
24,244,0,0.6984996795654297,
24,245,0,0.7176140546798706,
24,246,0,0.8022409677505493,
24,247,0,0.764327883720398,
24,248,0,0.801094114780426,
24,249,0,0.6831790208816528,
24,250,0,0.7184838652610779,
24,251,0,0.7139873504638672,
24,252,0,0.819591760635376,
24,253,0,0.6350350379943848,
24,254,0,0.5672652125358582,
24,255,0,0.8003607392311096,
24,256,0,0.7739782333374023,
24,257,0,0.8114402294158936,
24,258,0,0.7043521404266357,
24,259,0,0.818535327911377,
24,260,0,0.6408592462539673,
24,261,0,0.6369062662124634,
24,262,0,0.6029871702194214,
24,263,0,0.7521161437034607,
24,264,0,0.7353851795196533,
24,265,0,0.635800838470459,
24,266,0,0.6119232177734375,
24,267,0,0.7941911816596985,
24,268,0,0.8052332401275635,
24,269,0,0.7731333374977112,
24,270,0,0.7782627940177917,
24,271,0,0.6066124439239502,
24,272,0,0.7556448578834534,
24,273,0,0.8053677678108215,
24,274,0,0.7733322381973267,
24,275,0,0.5603461265563965,
24,276,0,0.7825321555137634,
24,277,0,0.7901661396026611,
24,278,0,0.6365387439727783,
24,279,0,0.7286399602890015,
24,280,0,0.7316328883171082,
24,281,0,0.643486499786377,
24,282,0,0.7201145887374878,
24,283,0,0.6759713888168335,
24,284,0,0.6510932445526123,
24,285,0,0.7295786142349243,
24,286,0,0.8045101165771484,
24,287,0,0.7373179197311401,
24,288,0,0.8148525357246399,
24,289,0,0.7045027613639832,
24,290,0,0.8236129879951477,
24,291,0,0.8105394244194031,
24,292,0,0.7518602609634399,
24,293,0,0.5798690319061279,
24,294,0,0.7258519530296326,
24,295,0,0.5968002080917358,
24,296,0,0.6484037637710571,
24,297,0,0.8188602924346924,
24,298,0,0.6482057571411133,
24,299,0,0.7485583424568176,
24,300,0,0.6097680330276489,
24,301,0,0.776757001876831,
24,302,0,0.7582923769950867,
24,303,0,0.7992109060287476,
24,304,0,0.67926424741745,
24,305,0,0.7384033203125,
24,306,0,0.5963031649589539,
24,307,0,0.6281812787055969,
24,308,0,0.7420846223831177,
24,309,0,0.6700230836868286,
24,310,0,0.7197427749633789,
24,311,0,0.6677848100662231,
24,312,0,0.7310091853141785,
24,313,0,0.733808159828186,
24,314,0,0.7696579694747925,
24,315,0,0.7753976583480835,
24,316,0,0.7749819755554199,
24,317,0,0.779069721698761,
24,318,0,0.7880634069442749,
24,319,0,0.8085893392562866,
24,320,0,0.660309910774231,
24,321,0,0.6477175951004028,
24,322,0,0.8195923566818237,
24,323,0,0.8120618462562561,
24,324,0,0.7071343660354614,
24,325,0,0.8178766965866089,
24,326,0,0.7979496121406555,
24,327,0,0.6701333522796631,
24,328,0,0.6489386558532715,
24,329,0,0.5713071823120117,
24,330,0,0.730701208114624,
24,331,0,0.7194313406944275,
24,332,0,0.7676719427108765,
24,333,0,0.6800156831741333,
24,334,0,0.6812517046928406,
24,335,0,0.7918405532836914,
24,336,0,0.7571346163749695,
24,337,0,0.6267681121826172,
24,338,0,0.7170841693878174,
24,339,0,0.7043129205703735,
24,340,0,0.787826657295227,
24,341,0,0.7351468801498413,
24,342,0,0.7973591685295105,
24,343,0,0.7967883944511414,
24,344,0,0.7450535297393799,
24,345,0,0.5742854475975037,
24,346,0,0.6569804549217224,
24,347,0,0.7531489729881287,
24,348,0,0.8209054470062256,
24,349,0,0.6777818202972412,
24,350,0,0.7008122801780701,
24,351,0,0.6591691970825195,
24,352,0,0.7614360451698303,
24,353,0,0.6974349021911621,
24,354,0,0.8220138549804688,
24,355,0,0.6727726459503174,
24,356,0,0.7347241640090942,
24,357,0,0.6981683969497681,
24,358,0,0.7972645163536072,
24,359,0,0.7947879433631897,
24,360,0,0.685896635055542,
24,361,0,0.6431543827056885,
24,362,0,0.7287291288375854,
24,363,0,0.729480504989624,
24,364,0,0.6488434076309204,
24,365,0,0.5785044431686401,
24,366,0,0.5973255038261414,
24,367,0,0.6007548570632935,
24,368,0,0.7801779508590698,
24,369,0,0.8083821535110474,
24,370,0,0.7124311923980713,
24,371,0,0.7172630429267883,
24,372,0,0.7017583847045898,
24,373,0,0.7760029435157776,
24,374,0,0.6962546110153198,
24,375,0,0.6369707584381104,
24,376,0,0.7341992259025574,
24,377,0,0.8045055866241455,
24,378,0,0.61469566822052,
24,379,0,0.8106691837310791,
24,380,0,0.5762811899185181,
24,381,0,0.6268779039382935,
24,382,0,0.6216310262680054,
24,383,0,0.605676531791687,
24,384,0,0.8122910857200623,
24,385,0,0.787100076675415,
24,386,0,0.6445342302322388,
24,387,0,0.6853072643280029,
24,388,0,0.6225106716156006,
24,389,0,0.8204411268234253,
24,390,0,0.5679687857627869,
24,391,0,0.7201105952262878,
24,392,0,0.8128116726875305,
24,393,0,0.7564346194267273,
24,394,0,0.6466072797775269,
24,395,0,0.7967454195022583,
24,396,0,0.7499539256095886,
24,397,0,0.7800664305686951,
24,398,0,0.79854416847229,
24,399,0,0.679692804813385,
24,400,0,0.7912808656692505,
24,401,0,0.6458333730697632,
24,402,0,0.7305943965911865,
24,403,0,0.7743639945983887,
24,404,0,0.7109827399253845,
24,405,0,0.811684250831604,
24,406,0,0.6870534420013428,
24,407,0,0.6934846639633179,
24,408,0,0.6031348705291748,
24,409,0,0.6479851007461548,
24,410,0,0.6314026117324829,
24,411,0,0.5991524457931519,
24,412,0,0.8234977722167969,
24,413,0,0.7965599894523621,
24,414,0,0.6123652458190918,
24,415,0,0.7409562468528748,
24,416,0,0.8269646167755127,
24,417,0,0.6413118839263916,
24,418,0,0.5896281003952026,
24,419,0,0.5917001962661743,
24,420,0,0.6952579021453857,
24,421,0,0.8003719449043274,
24,422,0,0.7947055697441101,
24,423,0,0.8125933408737183,
24,424,0,0.6497540473937988,
24,425,0,0.7419253587722778,
24,426,0,0.7645073533058167,
24,427,0,0.6705562472343445,
24,428,0,0.700405478477478,
24,429,0,0.7778725624084473,
24,430,0,0.7803066968917847,
24,431,0,0.6204867362976074,
24,432,0,0.7864243984222412,
24,433,0,0.7295503616333008,
24,434,0,0.817509651184082,
24,435,0,0.6054878234863281,
24,436,0,0.6604114770889282,
24,437,0,0.680878758430481,
24,438,0,0.8067601919174194,
24,439,0,0.6950876712799072,
24,440,0,0.5972850322723389,
24,441,0,0.7454062700271606,
24,442,0,0.7044345140457153,
24,443,0,0.7990342378616333,
24,444,0,0.765893280506134,
24,445,0,0.7322574853897095,
24,446,0,0.7384622097015381,
24,447,0,0.7344930171966553,
24,448,0,0.597448468208313,
24,449,0,0.7332371473312378,
24,450,0,0.8045789003372192,
24,451,0,0.7214267253875732,
24,452,0,0.6558141708374023,
24,453,0,0.813184916973114,
24,454,0,0.7453128695487976,
24,455,0,0.7196409106254578,
24,456,0,0.7750270366668701,
24,457,0,0.7722243070602417,
24,458,0,0.7112057209014893,
24,459,0,0.6559172868728638,
24,460,0,0.6629639863967896,
24,461,0,0.6288940906524658,
24,462,0,0.7345308065414429,
24,463,0,0.7319313287734985,
24,464,0,0.7071605920791626,
24,465,0,0.5997621417045593,
24,466,0,0.7172651290893555,
24,467,0,0.6985443830490112,
24,468,0,0.7778583765029907,
24,469,0,0.8136345744132996,
24,470,0,0.6341390609741211,
24,471,0,0.7101720571517944,
24,472,0,0.6405620574951172,
24,473,0,0.7524752020835876,
24,474,0,0.7961149215698242,
24,475,0,0.8011209964752197,
24,476,0,0.791493833065033,
24,477,0,0.6278809309005737,
24,478,0,0.8169139623641968,
24,479,0,0.7946559190750122,
24,480,0,0.5979127883911133,
24,481,0,0.7521572709083557,
24,482,0,0.613371729850769,
24,483,0,0.7125544548034668,
24,484,0,0.7204555869102478,
24,485,0,0.7568384408950806,
24,486,0,0.5649167895317078,
24,487,0,0.7397657632827759,
24,488,0,0.6415338516235352,
24,489,0,0.7345448732376099,
24,490,0,0.7223180532455444,
24,491,0,0.6121917963027954,
24,492,0,0.7351478338241577,
24,493,0,0.8209791779518127,
24,494,0,0.7819513082504272,
24,495,0,0.6722712516784668,
24,496,0,0.7162245512008667,
24,497,0,0.7566494345664978,
24,498,0,0.7046620845794678,
24,499,0,0.6046903729438782,
24,500,0,0.5741138458251953,
24,501,0,0.664563000202179,
24,502,0,0.6067343950271606,
24,503,0,0.6723313927650452,
24,504,0,0.643834114074707,
24,505,0,0.7588956356048584,
24,506,0,0.7145731449127197,
24,507,0,0.6849319338798523,
24,508,0,0.8000670671463013,
24,509,0,0.7198357582092285,
24,510,0,0.7031542062759399,
24,511,0,0.7399848699569702,
24,512,0,0.6626675128936768,
24,513,0,0.8097901344299316,
24,514,0,0.6459457278251648,
24,515,0,0.6300904750823975,
24,516,0,0.638225257396698,
24,517,0,0.6542285680770874,
24,518,0,0.6816998720169067,
24,519,0,0.7291989326477051,
24,520,0,0.6200566291809082,
24,521,0,0.6342298984527588,
24,522,0,0.7680686712265015,
24,523,0,0.798637866973877,
24,524,0,0.7576419711112976,
24,525,0,0.7345462441444397,
24,526,0,0.7900298237800598,
24,527,0,0.7352901697158813,
24,528,0,0.7209752202033997,
24,529,0,0.7935321927070618,
24,530,0,0.7379311323165894,
24,531,0,0.5926495790481567,
24,532,0,0.7483218908309937,
24,533,0,0.8230209946632385,
24,534,0,0.7607342004776001,
24,535,0,0.6422644853591919,
24,536,0,0.7447030544281006,
24,537,0,0.7893885374069214,
24,538,0,0.5750898718833923,
24,539,0,0.6826968193054199,
24,540,0,0.7226909399032593,
24,541,0,0.8048893213272095,
24,542,0,0.7353104948997498,
24,543,0,0.6049496531486511,
24,544,0,0.6552363634109497,
24,545,0,0.628119945526123,
24,546,0,0.7063334584236145,
24,547,0,0.7711192965507507,
24,548,0,0.6969225406646729,
24,549,0,0.78000408411026,
24,550,0,0.7156664133071899,
24,551,0,0.7077208757400513,
24,552,0,0.5928596258163452,
24,553,0,0.7279491424560547,
24,554,0,0.7003357410430908,
24,555,0,0.6626874208450317,
24,556,0,0.677226185798645,
24,557,0,0.7267422080039978,
24,558,0,0.7555676698684692,
24,559,0,0.5974133014678955,
24,560,0,0.7900921702384949,
24,561,0,0.6575376987457275,
24,562,0,0.7695482969284058,
24,563,0,0.7353947162628174,
24,564,0,0.687324047088623,
24,565,0,0.6411464214324951,
24,566,0,0.8285355567932129,
24,567,0,0.6855676770210266,
24,568,0,0.6200491189956665,
24,569,0,0.7563028335571289,
24,570,0,0.6540740132331848,
24,571,0,0.6596171855926514,
24,572,0,0.8132175803184509,
24,573,0,0.7369174957275391,
24,574,0,0.7926459908485413,
24,575,0,0.5977110862731934,
24,576,0,0.5910861492156982,
24,577,0,0.6441144943237305,
24,578,0,0.7574945092201233,
24,579,0,0.7788299918174744,
24,580,0,0.7652257680892944,
24,581,0,0.7037769556045532,
24,582,0,0.6830183267593384,
24,583,0,0.7396115064620972,
24,584,0,0.7625057101249695,
24,585,0,0.7223474979400635,
24,586,0,0.6329852342605591,
24,587,0,0.8061920404434204,
24,588,0,0.6498066186904907,
24,589,0,0.6674196720123291,
24,590,0,0.7787476778030396,
24,591,0,0.6282290816307068,
24,592,0,0.7949215769767761,
24,593,0,0.6458171010017395,
24,594,0,0.6286894083023071,
24,595,0,0.8187651038169861,
24,596,0,0.8048062920570374,
24,597,0,0.6789731979370117,
24,598,0,0.56296706199646,
24,599,0,0.7589874267578125,
24,600,0,0.8036462068557739,
24,601,0,0.6014968752861023,
24,602,0,0.6853218078613281,
24,603,0,0.8194575905799866,
24,604,0,0.6326029300689697,
24,val,,,0.8098556383450826
25,0,0,0.7572869062423706,
25,1,0,0.8021816611289978,
25,2,0,0.6379821300506592,
25,3,0,0.7781795263290405,
25,4,0,0.7106058597564697,
25,5,0,0.7868924140930176,
25,6,0,0.8101805448532104,
25,7,0,0.732089638710022,
25,8,0,0.8005200624465942,
25,9,0,0.8094238042831421,
25,10,0,0.7334620952606201,
25,11,0,0.7230993509292603,
25,12,0,0.6316421031951904,
25,13,0,0.7498472929000854,
25,14,0,0.7338361740112305,
25,15,0,0.6975575685501099,
25,16,0,0.6870447397232056,
25,17,0,0.7537021040916443,
25,18,0,0.8136218786239624,
25,19,0,0.7214943170547485,
25,20,0,0.7536306381225586,
25,21,0,0.7506589293479919,
25,22,0,0.7201209664344788,
25,23,0,0.7523595094680786,
25,24,0,0.7580373883247375,
25,25,0,0.6498351693153381,
25,26,0,0.7213603854179382,
25,27,0,0.7297098636627197,
25,28,0,0.7113782167434692,
25,29,0,0.7303418517112732,
25,30,0,0.7385769486427307,
25,31,0,0.7187871932983398,
25,32,0,0.7822759747505188,
25,33,0,0.7544162273406982,
25,34,0,0.6793262958526611,
25,35,0,0.7926555871963501,
25,36,0,0.6828534007072449,
25,37,0,0.7615811824798584,
25,38,0,0.692062497138977,
25,39,0,0.683881402015686,
25,40,0,0.6450220346450806,
25,41,0,0.7512918710708618,
25,42,0,0.7378969192504883,
25,43,0,0.8027706146240234,
25,44,0,0.6858527660369873,
25,45,0,0.7615480422973633,
25,46,0,0.7749828100204468,
25,47,0,0.6191831231117249,
25,48,0,0.7821598649024963,
25,49,0,0.665643572807312,
25,50,0,0.8067840337753296,
25,51,0,0.8082965016365051,
25,52,0,0.8024173974990845,
25,53,0,0.7511315941810608,
25,54,0,0.6672573089599609,
25,55,0,0.7990866899490356,
25,56,0,0.5770684480667114,
25,57,0,0.709716260433197,
25,58,0,0.7073106169700623,
25,59,0,0.8243303298950195,
25,60,0,0.7947417497634888,
25,61,0,0.8253102898597717,
25,62,0,0.6299513578414917,
25,63,0,0.7553231716156006,
25,64,0,0.7262545824050903,
25,65,0,0.754828691482544,
25,66,0,0.6237046718597412,
25,67,0,0.6838871240615845,
25,68,0,0.7443450689315796,
25,69,0,0.8181746006011963,
25,70,0,0.5590291023254395,
25,71,0,0.7111873030662537,
25,72,0,0.6635614633560181,
25,73,0,0.6753792762756348,
25,74,0,0.7421642541885376,
25,75,0,0.7789133191108704,
25,76,0,0.7183226943016052,
25,77,0,0.7912264466285706,
25,78,0,0.7701295614242554,
25,79,0,0.6608996391296387,
25,80,0,0.7051529884338379,
25,81,0,0.6612240672111511,
25,82,0,0.7527772188186646,
25,83,0,0.764011561870575,
25,84,0,0.8111374378204346,
25,85,0,0.7960349917411804,
25,86,0,0.718933641910553,
25,87,0,0.781212329864502,
25,88,0,0.7205846309661865,
25,89,0,0.715979278087616,
25,90,0,0.7928279638290405,
25,91,0,0.65142822265625,
25,92,0,0.7119922041893005,
25,93,0,0.8210920095443726,
25,94,0,0.6728869676589966,
25,95,0,0.5809909105300903,
25,96,0,0.7345532178878784,
25,97,0,0.5948416590690613,
25,98,0,0.7804587483406067,
25,99,0,0.7079251408576965,
25,100,0,0.6923120617866516,
25,101,0,0.6732202768325806,
25,102,0,0.6616634130477905,
25,103,0,0.7759696245193481,
25,104,0,0.7238651514053345,
25,105,0,0.6991363763809204,
25,106,0,0.573783278465271,
25,107,0,0.6372126340866089,
25,108,0,0.7667039036750793,
25,109,0,0.7192182540893555,
25,110,0,0.7922666668891907,
25,111,0,0.7962691187858582,
25,112,0,0.5693113803863525,
25,113,0,0.7564092874526978,
25,114,0,0.7286748886108398,
25,115,0,0.6208305358886719,
25,116,0,0.6197959780693054,
25,117,0,0.5891231298446655,
25,118,0,0.8213009834289551,
25,119,0,0.6893912553787231,
25,120,0,0.7800683975219727,
25,121,0,0.7926443815231323,
25,122,0,0.6713275909423828,
25,123,0,0.5930277705192566,
25,124,0,0.6903592348098755,
25,125,0,0.6320408582687378,
25,126,0,0.7261145114898682,
25,127,0,0.6668445467948914,
25,128,0,0.7578458189964294,
25,129,0,0.684910237789154,
25,130,0,0.8053547143936157,
25,131,0,0.7570957541465759,
25,132,0,0.6526539325714111,
25,133,0,0.7917620539665222,
25,134,0,0.6744744181632996,
25,135,0,0.6769355535507202,
25,136,0,0.8144384026527405,
25,137,0,0.6508155465126038,
25,138,0,0.8110440373420715,
25,139,0,0.7476302981376648,
25,140,0,0.7886183857917786,
25,141,0,0.686220645904541,
25,142,0,0.5967199802398682,
25,143,0,0.6636466383934021,
25,144,0,0.6369878053665161,
25,145,0,0.59306401014328,
25,146,0,0.7253104448318481,
25,147,0,0.7215632200241089,
25,148,0,0.7112563848495483,
25,149,0,0.6007460355758667,
25,150,0,0.7999830842018127,
25,151,0,0.6919758319854736,
25,152,0,0.8115362524986267,
25,153,0,0.7433137893676758,
25,154,0,0.808844268321991,
25,155,0,0.7078207731246948,
25,156,0,0.6807790398597717,
25,157,0,0.6946320533752441,
25,158,0,0.6389144659042358,
25,159,0,0.6624633073806763,
25,160,0,0.726913571357727,
25,161,0,0.7427533864974976,
25,162,0,0.7601644396781921,
25,163,0,0.8196074366569519,
25,164,0,0.7271668910980225,
25,165,0,0.709241509437561,
25,166,0,0.657108724117279,
25,167,0,0.8027119636535645,
25,168,0,0.5922122001647949,
25,169,0,0.6032514572143555,
25,170,0,0.71523118019104,
25,171,0,0.7020846605300903,
25,172,0,0.7358589172363281,
25,173,0,0.6138979196548462,
25,174,0,0.6451255083084106,
25,175,0,0.7278435230255127,
25,176,0,0.812429666519165,
25,177,0,0.8217524290084839,
25,178,0,0.7544956803321838,
25,179,0,0.750725507736206,
25,180,0,0.8035506010055542,
25,181,0,0.7776811718940735,
25,182,0,0.7283886671066284,
25,183,0,0.6237982511520386,
25,184,0,0.810442328453064,
25,185,0,0.7752019166946411,
25,186,0,0.7819631695747375,
25,187,0,0.7841026186943054,
25,188,0,0.7749055624008179,
25,189,0,0.7267872095108032,
25,190,0,0.6526204347610474,
25,191,0,0.616104245185852,
25,192,0,0.6143628358840942,
25,193,0,0.7993103861808777,
25,194,0,0.7724487781524658,
25,195,0,0.7723042964935303,
25,196,0,0.6002123355865479,
25,197,0,0.5710680484771729,
25,198,0,0.6741177439689636,
25,199,0,0.8153623342514038,
25,200,0,0.731209397315979,
25,201,0,0.76687091588974,
25,202,0,0.816200852394104,
25,203,0,0.8029851913452148,
25,204,0,0.8219799399375916,
25,205,0,0.7486884593963623,
25,206,0,0.6538655757904053,
25,207,0,0.657869279384613,
25,208,0,0.811357319355011,
25,209,0,0.7039942741394043,
25,210,0,0.8182289600372314,
25,211,0,0.7400764226913452,
25,212,0,0.6909217834472656,
25,213,0,0.6565901041030884,
25,214,0,0.7958645820617676,
25,215,0,0.6703544855117798,
25,216,0,0.8004152774810791,
25,217,0,0.7758260369300842,
25,218,0,0.6644665002822876,
25,219,0,0.6213897466659546,
25,220,0,0.5821167230606079,
25,221,0,0.7287600040435791,
25,222,0,0.6294025182723999,
25,223,0,0.5920655131340027,
25,224,0,0.8167117834091187,
25,225,0,0.57476806640625,
25,226,0,0.6783983707427979,
25,227,0,0.6973934173583984,
25,228,0,0.697480320930481,
25,229,0,0.8059427738189697,
25,230,0,0.7242789268493652,
25,231,0,0.5996071696281433,
25,232,0,0.6994534730911255,
25,233,0,0.7722138166427612,
25,234,0,0.6862925291061401,
25,235,0,0.6601496934890747,
25,236,0,0.611956000328064,
25,237,0,0.6968543529510498,
25,238,0,0.8234442472457886,
25,239,0,0.8266668319702148,
25,240,0,0.747124195098877,
25,241,0,0.7936781048774719,
25,242,0,0.6618915796279907,
25,243,0,0.6844125390052795,
25,244,0,0.6935948729515076,
25,245,0,0.7124661207199097,
25,246,0,0.7968284487724304,
25,247,0,0.7634692192077637,
25,248,0,0.8069316148757935,
25,249,0,0.696955680847168,
25,250,0,0.7143412232398987,
25,251,0,0.7215003967285156,
25,252,0,0.820452868938446,
25,253,0,0.6407921314239502,
25,254,0,0.5632860064506531,
25,255,0,0.7853895425796509,
25,256,0,0.7646017074584961,
25,257,0,0.8102247714996338,
25,258,0,0.6909234523773193,
25,259,0,0.8209921717643738,
25,260,0,0.646885871887207,
25,261,0,0.6275931596755981,
25,262,0,0.5965976715087891,
25,263,0,0.7439525127410889,
25,264,0,0.7289437651634216,
25,265,0,0.6387385129928589,
25,266,0,0.6095958948135376,
25,267,0,0.7888638377189636,
25,268,0,0.8102460503578186,
25,269,0,0.7816387414932251,
25,270,0,0.7756425142288208,
25,271,0,0.590214729309082,
25,272,0,0.7556952834129333,
25,273,0,0.8042429089546204,
25,274,0,0.7738276720046997,
25,275,0,0.5615140199661255,
25,276,0,0.7872775197029114,
25,277,0,0.7866729497909546,
25,278,0,0.6302708387374878,
25,279,0,0.7274891138076782,
25,280,0,0.7320079207420349,
25,281,0,0.642383337020874,
25,282,0,0.7221328020095825,
25,283,0,0.6719014644622803,
25,284,0,0.6358415484428406,
25,285,0,0.7304015159606934,
25,286,0,0.8072996735572815,
25,287,0,0.7231556177139282,
25,288,0,0.8156726360321045,
25,289,0,0.6895855665206909,
25,290,0,0.8188261389732361,
25,291,0,0.8095741271972656,
25,292,0,0.761057436466217,
25,293,0,0.5889045000076294,
25,294,0,0.7108294367790222,
25,295,0,0.5836048126220703,
25,296,0,0.6442124843597412,
25,297,0,0.8208152055740356,
25,298,0,0.6444877982139587,
25,299,0,0.7408879995346069,
25,300,0,0.6144131422042847,
25,301,0,0.7748923897743225,
25,302,0,0.7480798959732056,
25,303,0,0.7941757440567017,
25,304,0,0.6711057424545288,
25,305,0,0.7332191467285156,
25,306,0,0.5994067192077637,
25,307,0,0.6173398494720459,
25,308,0,0.7450422048568726,
25,309,0,0.6544807553291321,
25,310,0,0.7280161380767822,
25,311,0,0.6556851863861084,
25,312,0,0.7204837203025818,
25,313,0,0.7249235510826111,
25,314,0,0.7677009701728821,
25,315,0,0.7678235173225403,
25,316,0,0.7692098617553711,
25,317,0,0.7776282429695129,
25,318,0,0.7904994487762451,
25,319,0,0.8137617111206055,
25,320,0,0.6402729749679565,
25,321,0,0.644616961479187,
25,322,0,0.820443332195282,
25,323,0,0.816156268119812,
25,324,0,0.7025873064994812,
25,325,0,0.8171676993370056,
25,326,0,0.8010318875312805,
25,327,0,0.6539567708969116,
25,328,0,0.6394033432006836,
25,329,0,0.5736020803451538,
25,330,0,0.7381440997123718,
25,331,0,0.7081100940704346,
25,332,0,0.7693419456481934,
25,333,0,0.6609195470809937,
25,334,0,0.6728990077972412,
25,335,0,0.7846992611885071,
25,336,0,0.7460229396820068,
25,337,0,0.6177474856376648,
25,338,0,0.7157700061798096,
25,339,0,0.715806245803833,
25,340,0,0.7881717681884766,
25,341,0,0.7340843677520752,
25,342,0,0.7981411218643188,
25,343,0,0.7943233251571655,
25,344,0,0.7422699928283691,
25,345,0,0.5645226836204529,
25,346,0,0.6503539085388184,
25,347,0,0.7608845829963684,
25,348,0,0.8201496005058289,
25,349,0,0.6588644981384277,
25,350,0,0.6951401233673096,
25,351,0,0.6551469564437866,
25,352,0,0.7622060179710388,
25,353,0,0.6948083639144897,
25,354,0,0.8145738840103149,
25,355,0,0.6598652601242065,
25,356,0,0.7320257425308228,
25,357,0,0.7061472535133362,
25,358,0,0.7937501668930054,
25,359,0,0.7913998961448669,
25,360,0,0.6705281734466553,
25,361,0,0.6337615847587585,
25,362,0,0.7238438129425049,
25,363,0,0.7360379695892334,
25,364,0,0.645606517791748,
25,365,0,0.5870838165283203,
25,366,0,0.5960832834243774,
25,367,0,0.5879651308059692,
25,368,0,0.7863268256187439,
25,369,0,0.8155756592750549,
25,370,0,0.705977201461792,
25,371,0,0.708966851234436,
25,372,0,0.6789186000823975,
25,373,0,0.7702800035476685,
25,374,0,0.7010695934295654,
25,375,0,0.6330221891403198,
25,376,0,0.7397868633270264,
25,377,0,0.8039520382881165,
25,378,0,0.6216961741447449,
25,379,0,0.8110080361366272,
25,380,0,0.5676872730255127,
25,381,0,0.6132311820983887,
25,382,0,0.6357041597366333,
25,383,0,0.5948572158813477,
25,384,0,0.8018022179603577,
25,385,0,0.7924839854240417,
25,386,0,0.6344672441482544,
25,387,0,0.682218074798584,
25,388,0,0.6090009212493896,
25,389,0,0.8213626146316528,
25,390,0,0.5616776347160339,
25,391,0,0.7191802263259888,
25,392,0,0.8087154626846313,
25,393,0,0.7539814710617065,
25,394,0,0.6555835008621216,
25,395,0,0.7906249761581421,
25,396,0,0.7455559968948364,
25,397,0,0.7781541347503662,
25,398,0,0.8000473976135254,
25,399,0,0.6805257797241211,
25,400,0,0.799336314201355,
25,401,0,0.6349447965621948,
25,402,0,0.7347368001937866,
25,403,0,0.7702396512031555,
25,404,0,0.7093981504440308,
25,405,0,0.8117706179618835,
25,406,0,0.6814913153648376,
25,407,0,0.6905648708343506,
25,408,0,0.5925370454788208,
25,409,0,0.6337130069732666,
25,410,0,0.630490779876709,
25,411,0,0.6051086783409119,
25,412,0,0.8207049369812012,
25,413,0,0.7851043343544006,
25,414,0,0.6161453127861023,
25,415,0,0.7382168769836426,
25,416,0,0.8266130089759827,
25,417,0,0.6449621915817261,
25,418,0,0.592642068862915,
25,419,0,0.5850740671157837,
25,420,0,0.6666228175163269,
25,421,0,0.7997024059295654,
25,422,0,0.7866243124008179,
25,423,0,0.8146981000900269,
25,424,0,0.65757817029953,
25,425,0,0.7361468076705933,
25,426,0,0.7587220668792725,
25,427,0,0.6593377590179443,
25,428,0,0.6940862536430359,
25,429,0,0.7768029570579529,
25,430,0,0.781890869140625,
25,431,0,0.6168254613876343,
25,432,0,0.7811093330383301,
25,433,0,0.726265013217926,
25,434,0,0.8207278251647949,
25,435,0,0.6072254776954651,
25,436,0,0.6424064636230469,
25,437,0,0.6861349940299988,
25,438,0,0.8059810400009155,
25,439,0,0.6910290718078613,
25,440,0,0.599231481552124,
25,441,0,0.7346920371055603,
25,442,0,0.7080928683280945,
25,443,0,0.7956985235214233,
25,444,0,0.7663343548774719,
25,445,0,0.7239974737167358,
25,446,0,0.734596312046051,
25,447,0,0.7373366355895996,
25,448,0,0.5803606510162354,
25,449,0,0.7284973859786987,
25,450,0,0.801714301109314,
25,451,0,0.7055784463882446,
25,452,0,0.6572975516319275,
25,453,0,0.8160903453826904,
25,454,0,0.7524269819259644,
25,455,0,0.7225257754325867,
25,456,0,0.7836775183677673,
25,457,0,0.7704005241394043,
25,458,0,0.7189526557922363,
25,459,0,0.6481661796569824,
25,460,0,0.6699444055557251,
25,461,0,0.6101236343383789,
25,462,0,0.7184855937957764,
25,463,0,0.7357279062271118,
25,464,0,0.7067337036132812,
25,465,0,0.5929025411605835,
25,466,0,0.7106519341468811,
25,467,0,0.6911588907241821,
25,468,0,0.7841019630432129,
25,469,0,0.8160621523857117,
25,470,0,0.628730297088623,
25,471,0,0.7191640138626099,
25,472,0,0.6278128027915955,
25,473,0,0.7483307123184204,
25,474,0,0.7936462163925171,
25,475,0,0.7944384813308716,
25,476,0,0.7911176085472107,
25,477,0,0.6252121329307556,
25,478,0,0.8161604404449463,
25,479,0,0.7908318042755127,
25,480,0,0.588000476360321,
25,481,0,0.7585082054138184,
25,482,0,0.5999951362609863,
25,483,0,0.7123819589614868,
25,484,0,0.717012882232666,
25,485,0,0.7618331909179688,
25,486,0,0.5535482168197632,
25,487,0,0.7280675172805786,
25,488,0,0.6496865749359131,
25,489,0,0.7333800792694092,
25,490,0,0.7169246673583984,
25,491,0,0.6130967140197754,
25,492,0,0.740402340888977,
25,493,0,0.8228710293769836,
25,494,0,0.7819504737854004,
25,495,0,0.6658704280853271,
25,496,0,0.7020608186721802,
25,497,0,0.7593806982040405,
25,498,0,0.7042989730834961,
25,499,0,0.6010042428970337,
25,500,0,0.5556340217590332,
25,501,0,0.6704879999160767,
25,502,0,0.6161357164382935,
25,503,0,0.6607307195663452,
25,504,0,0.6411391496658325,
25,505,0,0.7672849297523499,
25,506,0,0.7087401747703552,
25,507,0,0.6790796518325806,
25,508,0,0.8085256814956665,
25,509,0,0.722633421421051,
25,510,0,0.706623911857605,
25,511,0,0.7312790155410767,
25,512,0,0.6575930118560791,
25,513,0,0.8072266578674316,
25,514,0,0.6316646337509155,
25,515,0,0.6341723203659058,
25,516,0,0.6311511993408203,
25,517,0,0.6331273913383484,
25,518,0,0.6726542711257935,
25,519,0,0.7308015823364258,
25,520,0,0.6011985540390015,
25,521,0,0.6291736960411072,
25,522,0,0.7743219137191772,
25,523,0,0.7957673668861389,
25,524,0,0.7604026794433594,
25,525,0,0.7267961502075195,
25,526,0,0.7898525595664978,
25,527,0,0.7330970764160156,
25,528,0,0.723260760307312,
25,529,0,0.7922214865684509,
25,530,0,0.7335814237594604,
25,531,0,0.5959224700927734,
25,532,0,0.7432743310928345,
25,533,0,0.816912055015564,
25,534,0,0.756019115447998,
25,535,0,0.6410706043243408,
25,536,0,0.7313615083694458,
25,537,0,0.7877029776573181,
25,538,0,0.5664975643157959,
25,539,0,0.6788109540939331,
25,540,0,0.7134286165237427,
25,541,0,0.800798773765564,
25,542,0,0.7277708053588867,
25,543,0,0.5973441004753113,
25,544,0,0.6463438272476196,
25,545,0,0.6192633509635925,
25,546,0,0.7046982645988464,
25,547,0,0.7658026218414307,
25,548,0,0.6893709897994995,
25,549,0,0.7803094387054443,
25,550,0,0.7137956619262695,
25,551,0,0.7080827355384827,
25,552,0,0.5989710688591003,
25,553,0,0.7267675995826721,
25,554,0,0.7033636569976807,
25,555,0,0.654782235622406,
25,556,0,0.6744694113731384,
25,557,0,0.731787383556366,
25,558,0,0.7490966320037842,
25,559,0,0.6036299467086792,
25,560,0,0.7795578241348267,
25,561,0,0.6443243026733398,
25,562,0,0.7692263126373291,
25,563,0,0.7356452345848083,
25,564,0,0.675990641117096,
25,565,0,0.6441993713378906,
25,566,0,0.8218492865562439,
25,567,0,0.6774802207946777,
25,568,0,0.6019022464752197,
25,569,0,0.7490914463996887,
25,570,0,0.65003502368927,
25,571,0,0.6492083072662354,
25,572,0,0.814130961894989,
25,573,0,0.7292094230651855,
25,574,0,0.7861155271530151,
25,575,0,0.5894951820373535,
25,576,0,0.5786687731742859,
25,577,0,0.619324803352356,
25,578,0,0.7568588852882385,
25,579,0,0.7874143123626709,
25,580,0,0.7608872652053833,
25,581,0,0.7005212306976318,
25,582,0,0.6747555732727051,
25,583,0,0.7463842630386353,
25,584,0,0.7604256868362427,
25,585,0,0.7229962348937988,
25,586,0,0.6269065737724304,
25,587,0,0.8144659996032715,
25,588,0,0.651027500629425,
25,589,0,0.6656522750854492,
25,590,0,0.775675892829895,
25,591,0,0.6254051923751831,
25,592,0,0.7893316149711609,
25,593,0,0.6510120034217834,
25,594,0,0.6148080825805664,
25,595,0,0.8242116570472717,
25,596,0,0.8148903846740723,
25,597,0,0.6776028871536255,
25,598,0,0.5704891681671143,
25,599,0,0.7602707147598267,
25,600,0,0.7969666719436646,
25,601,0,0.6013438105583191,
25,602,0,0.6827431917190552,
25,603,0,0.8237696886062622,
25,604,0,0.6379945278167725,
25,val,,,0.8101424026489258
26,0,0,0.749904990196228,
26,1,0,0.8077501058578491,
26,2,0,0.6313307285308838,
26,3,0,0.7788903713226318,
26,4,0,0.7007145881652832,
26,5,0,0.779792845249176,
26,6,0,0.8110238909721375,
26,7,0,0.728501558303833,
26,8,0,0.8006560802459717,
26,9,0,0.8072113990783691,
26,10,0,0.7273718118667603,
26,11,0,0.7252491116523743,
26,12,0,0.6232252717018127,
26,13,0,0.7518630027770996,
26,14,0,0.7268403172492981,
26,15,0,0.6922309994697571,
26,16,0,0.6815036535263062,
26,17,0,0.7556215524673462,
26,18,0,0.8103527426719666,
26,19,0,0.7200897932052612,
26,20,0,0.7538102865219116,
26,21,0,0.7397869825363159,
26,22,0,0.7146953344345093,
26,23,0,0.7645903825759888,
26,24,0,0.755645751953125,
26,25,0,0.6468987464904785,
26,26,0,0.724236249923706,
26,27,0,0.7071791887283325,
26,28,0,0.7112298011779785,
26,29,0,0.7246774435043335,
26,30,0,0.732490062713623,
26,31,0,0.7053772211074829,
26,32,0,0.776915967464447,
26,33,0,0.7562215328216553,
26,34,0,0.6757341623306274,
26,35,0,0.7973151803016663,
26,36,0,0.6785784959793091,
26,37,0,0.7688137292861938,
26,38,0,0.6861926317214966,
26,39,0,0.6797634363174438,
26,40,0,0.6425372362136841,
26,41,0,0.7564961314201355,
26,42,0,0.7314631938934326,
26,43,0,0.8018234372138977,
26,44,0,0.6851527690887451,
26,45,0,0.7605239748954773,
26,46,0,0.7784619927406311,
26,47,0,0.6243149042129517,
26,48,0,0.7818737626075745,
26,49,0,0.6599868535995483,
26,50,0,0.81627357006073,
26,51,0,0.8043209910392761,
26,52,0,0.7979470491409302,
26,53,0,0.7512238025665283,
26,54,0,0.6589005589485168,
26,55,0,0.7991207242012024,
26,56,0,0.5689389705657959,
26,57,0,0.6942534446716309,
26,58,0,0.7044955492019653,
26,59,0,0.8136459589004517,
26,60,0,0.7982252240180969,
26,61,0,0.8246660232543945,
26,62,0,0.6231803894042969,
26,63,0,0.755055844783783,
26,64,0,0.7282027006149292,
26,65,0,0.7510669231414795,
26,66,0,0.614271879196167,
26,67,0,0.6751605868339539,
26,68,0,0.7428524494171143,
26,69,0,0.8166300654411316,
26,70,0,0.5620100498199463,
26,71,0,0.7068336606025696,
26,72,0,0.6588671207427979,
26,73,0,0.6800024509429932,
26,74,0,0.7394532561302185,
26,75,0,0.774626612663269,
26,76,0,0.7220426797866821,
26,77,0,0.7887312173843384,
26,78,0,0.7633575797080994,
26,79,0,0.6533793210983276,
26,80,0,0.7002779841423035,
26,81,0,0.6556448936462402,
26,82,0,0.7496249079704285,
26,83,0,0.7631059288978577,
26,84,0,0.7979342937469482,
26,85,0,0.7912749648094177,
26,86,0,0.7136878967285156,
26,87,0,0.7813394665718079,
26,88,0,0.714601993560791,
26,89,0,0.7084888219833374,
26,90,0,0.7917855978012085,
26,91,0,0.636724591255188,
26,92,0,0.7041726112365723,
26,93,0,0.8169029951095581,
26,94,0,0.6654981374740601,
26,95,0,0.5830199718475342,
26,96,0,0.7318770885467529,
26,97,0,0.5791628360748291,
26,98,0,0.7774885296821594,
26,99,0,0.6981629133224487,
26,100,0,0.6832906007766724,
26,101,0,0.6723829507827759,
26,102,0,0.6624084711074829,
26,103,0,0.7814768552780151,
26,104,0,0.7198628187179565,
26,105,0,0.7032273411750793,
26,106,0,0.572918176651001,
26,107,0,0.6396148204803467,
26,108,0,0.7527161836624146,
26,109,0,0.7066022157669067,
26,110,0,0.7954109907150269,
26,111,0,0.7961719632148743,
26,112,0,0.5489931106567383,
26,113,0,0.7575545310974121,
26,114,0,0.7179465293884277,
26,115,0,0.6102910041809082,
26,116,0,0.599831223487854,
26,117,0,0.580143928527832,
26,118,0,0.8164025545120239,
26,119,0,0.6742060780525208,
26,120,0,0.7761355042457581,
26,121,0,0.7906081676483154,
26,122,0,0.6724194288253784,
26,123,0,0.5943305492401123,
26,124,0,0.6759344339370728,
26,125,0,0.6325457096099854,
26,126,0,0.7208114862442017,
26,127,0,0.6622215509414673,
26,128,0,0.7576481103897095,
26,129,0,0.6857373714447021,
26,130,0,0.8045748472213745,
26,131,0,0.7518850564956665,
26,132,0,0.6533122062683105,
26,133,0,0.7911526560783386,
26,134,0,0.6774948835372925,
26,135,0,0.662354588508606,
26,136,0,0.8102836608886719,
26,137,0,0.6463133096694946,
26,138,0,0.8036569356918335,
26,139,0,0.7425894141197205,
26,140,0,0.7881451845169067,
26,141,0,0.6795636415481567,
26,142,0,0.5905481576919556,
26,143,0,0.653828501701355,
26,144,0,0.635590672492981,
26,145,0,0.6014682054519653,
26,146,0,0.7243727445602417,
26,147,0,0.720123827457428,
26,148,0,0.6986184120178223,
26,149,0,0.5839235782623291,
26,150,0,0.7930816411972046,
26,151,0,0.6969503164291382,
26,152,0,0.8116901516914368,
26,153,0,0.7425650358200073,
26,154,0,0.8050142526626587,
26,155,0,0.6849972009658813,
26,156,0,0.671869158744812,
26,157,0,0.6957365274429321,
26,158,0,0.6414920091629028,
26,159,0,0.6603844165802002,
26,160,0,0.7269797921180725,
26,161,0,0.7405411601066589,
26,162,0,0.7517326474189758,
26,163,0,0.8169974684715271,
26,164,0,0.7351720333099365,
26,165,0,0.7041555643081665,
26,166,0,0.6494635343551636,
26,167,0,0.7992867827415466,
26,168,0,0.5732202529907227,
26,169,0,0.5944470167160034,
26,170,0,0.724024772644043,
26,171,0,0.7048304080963135,
26,172,0,0.7262319922447205,
26,173,0,0.5953811407089233,
26,174,0,0.6447608470916748,
26,175,0,0.7169693112373352,
26,176,0,0.8034459352493286,
26,177,0,0.8141007423400879,
26,178,0,0.7523964047431946,
26,179,0,0.7459596395492554,
26,180,0,0.8053039312362671,
26,181,0,0.7703393697738647,
26,182,0,0.7240159511566162,
26,183,0,0.6190565228462219,
26,184,0,0.8066024780273438,
26,185,0,0.7735628485679626,
26,186,0,0.7860361933708191,
26,187,0,0.7780556082725525,
26,188,0,0.774695098400116,
26,189,0,0.719780445098877,
26,190,0,0.6460989713668823,
26,191,0,0.6196566820144653,
26,192,0,0.6088061332702637,
26,193,0,0.8057782649993896,
26,194,0,0.7698225975036621,
26,195,0,0.7709633111953735,
26,196,0,0.5939485430717468,
26,197,0,0.557613730430603,
26,198,0,0.673970103263855,
26,199,0,0.8148953914642334,
26,200,0,0.7387341856956482,
26,201,0,0.7748900651931763,
26,202,0,0.8256391286849976,
26,203,0,0.8025194406509399,
26,204,0,0.8247171640396118,
26,205,0,0.7420228719711304,
26,206,0,0.6576129198074341,
26,207,0,0.6537204384803772,
26,208,0,0.8070554137229919,
26,209,0,0.706184983253479,
26,210,0,0.8232918977737427,
26,211,0,0.7312253713607788,
26,212,0,0.6870293021202087,
26,213,0,0.655938982963562,
26,214,0,0.7921308279037476,
26,215,0,0.665887713432312,
26,216,0,0.8067786693572998,
26,217,0,0.778409481048584,
26,218,0,0.6551417112350464,
26,219,0,0.6170221567153931,
26,220,0,0.5772156715393066,
26,221,0,0.7211711406707764,
26,222,0,0.628752589225769,
26,223,0,0.5889378786087036,
26,224,0,0.812892496585846,
26,225,0,0.5775521993637085,
26,226,0,0.6738348007202148,
26,227,0,0.6965013742446899,
26,228,0,0.6875067949295044,
26,229,0,0.8110640048980713,
26,230,0,0.7345415949821472,
26,231,0,0.5893632173538208,
26,232,0,0.6873446702957153,
26,233,0,0.7677530646324158,
26,234,0,0.6804330348968506,
26,235,0,0.673815131187439,
26,236,0,0.6036261320114136,
26,237,0,0.6971712708473206,
26,238,0,0.8212080001831055,
26,239,0,0.8289754390716553,
26,240,0,0.7444194555282593,
26,241,0,0.7980562448501587,
26,242,0,0.6652409434318542,
26,243,0,0.6769500970840454,
26,244,0,0.6950074434280396,
26,245,0,0.7158540487289429,
26,246,0,0.7960530519485474,
26,247,0,0.7620485424995422,
26,248,0,0.8032443523406982,
26,249,0,0.6737208366394043,
26,250,0,0.7105610370635986,
26,251,0,0.7189862728118896,
26,252,0,0.8238298892974854,
26,253,0,0.6272523403167725,
26,254,0,0.5524373054504395,
26,255,0,0.7876870632171631,
26,256,0,0.7633039951324463,
26,257,0,0.8086495399475098,
26,258,0,0.6895560026168823,
26,259,0,0.8219316601753235,
26,260,0,0.6439370512962341,
26,261,0,0.6236696243286133,
26,262,0,0.5953127145767212,
26,263,0,0.7369837760925293,
26,264,0,0.7310371398925781,
26,265,0,0.6295008659362793,
26,266,0,0.6112585067749023,
26,267,0,0.7863752841949463,
26,268,0,0.8130428194999695,
26,269,0,0.7794479131698608,
26,270,0,0.7897948026657104,
26,271,0,0.5754474401473999,
26,272,0,0.7617702484130859,
26,273,0,0.7999499440193176,
26,274,0,0.7682816982269287,
26,275,0,0.5447684526443481,
26,276,0,0.7833398580551147,
26,277,0,0.7991981506347656,
26,278,0,0.6241645812988281,
26,279,0,0.7246366739273071,
26,280,0,0.7254735231399536,
26,281,0,0.6361522674560547,
26,282,0,0.7228918075561523,
26,283,0,0.6696748733520508,
26,284,0,0.6423452496528625,
26,285,0,0.724446177482605,
26,286,0,0.8042163848876953,
26,287,0,0.7321206331253052,
26,288,0,0.812455952167511,
26,289,0,0.6923795938491821,
26,290,0,0.8143227696418762,
26,291,0,0.8056952357292175,
26,292,0,0.7575976848602295,
26,293,0,0.5796852111816406,
26,294,0,0.7169694304466248,
26,295,0,0.5934883952140808,
26,296,0,0.6366754770278931,
26,297,0,0.8367140293121338,
26,298,0,0.6407662630081177,
26,299,0,0.7491417527198792,
26,300,0,0.5984944105148315,
26,301,0,0.7756273746490479,
26,302,0,0.7400209903717041,
26,303,0,0.7980937361717224,
26,304,0,0.6678791046142578,
26,305,0,0.7199152708053589,
26,306,0,0.59084153175354,
26,307,0,0.6182202100753784,
26,308,0,0.7466006278991699,
26,309,0,0.6641637086868286,
26,310,0,0.7177015542984009,
26,311,0,0.6531107425689697,
26,312,0,0.7357528209686279,
26,313,0,0.7232149839401245,
26,314,0,0.7639718651771545,
26,315,0,0.7622508406639099,
26,316,0,0.7701544761657715,
26,317,0,0.784503161907196,
26,318,0,0.7937827110290527,
26,319,0,0.8041781187057495,
26,320,0,0.6422691345214844,
26,321,0,0.6274874210357666,
26,322,0,0.8189968466758728,
26,323,0,0.820844292640686,
26,324,0,0.6854478120803833,
26,325,0,0.8226308226585388,
26,326,0,0.797297477722168,
26,327,0,0.6463125944137573,
26,328,0,0.638725757598877,
26,329,0,0.5635711550712585,
26,330,0,0.732440173625946,
26,331,0,0.707302987575531,
26,332,0,0.7766895890235901,
26,333,0,0.657332181930542,
26,334,0,0.6697558760643005,
26,335,0,0.7960799336433411,
26,336,0,0.7442179918289185,
26,337,0,0.6043040752410889,
26,338,0,0.7141580581665039,
26,339,0,0.6958409547805786,
26,340,0,0.7885140180587769,
26,341,0,0.7399331331253052,
26,342,0,0.796622097492218,
26,343,0,0.7971819043159485,
26,344,0,0.7439436912536621,
26,345,0,0.5649107694625854,
26,346,0,0.6432026624679565,
26,347,0,0.757574200630188,
26,348,0,0.8227659463882446,
26,349,0,0.6584568023681641,
26,350,0,0.6937627792358398,
26,351,0,0.6386749148368835,
26,352,0,0.7589136362075806,
26,353,0,0.6805716156959534,
26,354,0,0.8165479898452759,
26,355,0,0.6554436683654785,
26,356,0,0.7278918027877808,
26,357,0,0.691118597984314,
26,358,0,0.7905880212783813,
26,359,0,0.7847087979316711,
26,360,0,0.6752189993858337,
26,361,0,0.6321110725402832,
26,362,0,0.7239090204238892,
26,363,0,0.7201275825500488,
26,364,0,0.641876220703125,
26,365,0,0.5808557271957397,
26,366,0,0.5965490341186523,
26,367,0,0.593640923500061,
26,368,0,0.7821490168571472,
26,369,0,0.8139082193374634,
26,370,0,0.7023929357528687,
26,371,0,0.7143927812576294,
26,372,0,0.6854702234268188,
26,373,0,0.766427755355835,
26,374,0,0.6980562210083008,
26,375,0,0.6268181204795837,
26,376,0,0.7268247604370117,
26,377,0,0.8094032406806946,
26,378,0,0.6147994995117188,
26,379,0,0.8050187826156616,
26,380,0,0.559612512588501,
26,381,0,0.6107703447341919,
26,382,0,0.6241110563278198,
26,383,0,0.5792109370231628,
26,384,0,0.8042654991149902,
26,385,0,0.7804442048072815,
26,386,0,0.6235833168029785,
26,387,0,0.6737878322601318,
26,388,0,0.6077350378036499,
26,389,0,0.8218221068382263,
26,390,0,0.5547206401824951,
26,391,0,0.7010208368301392,
26,392,0,0.8136525750160217,
26,393,0,0.7481335401535034,
26,394,0,0.633857786655426,
26,395,0,0.7868450880050659,
26,396,0,0.7409356832504272,
26,397,0,0.7851773500442505,
26,398,0,0.7962633371353149,
26,399,0,0.6709377765655518,
26,400,0,0.7937195301055908,
26,401,0,0.6293615102767944,
26,402,0,0.7361266613006592,
26,403,0,0.7679225206375122,
26,404,0,0.706244707107544,
26,405,0,0.807262659072876,
26,406,0,0.6773166656494141,
26,407,0,0.6872780919075012,
26,408,0,0.593660831451416,
26,409,0,0.6396390795707703,
26,410,0,0.6227377653121948,
26,411,0,0.5875131487846375,
26,412,0,0.8261252045631409,
26,413,0,0.7904613018035889,
26,414,0,0.6010351181030273,
26,415,0,0.7284358739852905,
26,416,0,0.8183863162994385,
26,417,0,0.6366307735443115,
26,418,0,0.5742912292480469,
26,419,0,0.5655178427696228,
26,420,0,0.6683968305587769,
26,421,0,0.7956175804138184,
26,422,0,0.7950747013092041,
26,423,0,0.8152250051498413,
26,424,0,0.6388953924179077,
26,425,0,0.7225579619407654,
26,426,0,0.7565748691558838,
26,427,0,0.6506296396255493,
26,428,0,0.6819310188293457,
26,429,0,0.7772090435028076,
26,430,0,0.7807916402816772,
26,431,0,0.6134673357009888,
26,432,0,0.7877885699272156,
26,433,0,0.7292197942733765,
26,434,0,0.8125470876693726,
26,435,0,0.6036900281906128,
26,436,0,0.6428960561752319,
26,437,0,0.6872385740280151,
26,438,0,0.816659152507782,
26,439,0,0.6888177394866943,
26,440,0,0.5887213945388794,
26,441,0,0.7324874401092529,
26,442,0,0.7061091065406799,
26,443,0,0.7997347712516785,
26,444,0,0.7666085958480835,
26,445,0,0.722502589225769,
26,446,0,0.7271949052810669,
26,447,0,0.7297191619873047,
26,448,0,0.5713448524475098,
26,449,0,0.7348896265029907,
26,450,0,0.802340567111969,
26,451,0,0.6955254077911377,
26,452,0,0.6439553499221802,
26,453,0,0.80776447057724,
26,454,0,0.745369553565979,
26,455,0,0.7201434373855591,
26,456,0,0.7836156487464905,
26,457,0,0.7735495567321777,
26,458,0,0.6997663974761963,
26,459,0,0.6466420888900757,
26,460,0,0.6689790487289429,
26,461,0,0.6160460710525513,
26,462,0,0.7189263105392456,
26,463,0,0.7275285720825195,
26,464,0,0.6984854936599731,
26,465,0,0.579105019569397,
26,466,0,0.7035814523696899,
26,467,0,0.6827253103256226,
26,468,0,0.7747824192047119,
26,469,0,0.8257719874382019,
26,470,0,0.6307492256164551,
26,471,0,0.7016412615776062,
26,472,0,0.6301931142807007,
26,473,0,0.7460452318191528,
26,474,0,0.7801288962364197,
26,475,0,0.8122363090515137,
26,476,0,0.7876946330070496,
26,477,0,0.6207306385040283,
26,478,0,0.8093851208686829,
26,479,0,0.7875005006790161,
26,480,0,0.5894874930381775,
26,481,0,0.7549986839294434,
26,482,0,0.5863356590270996,
26,483,0,0.7033270597457886,
26,484,0,0.7230684757232666,
26,485,0,0.7384920120239258,
26,486,0,0.5433549880981445,
26,487,0,0.7167224884033203,
26,488,0,0.6382842063903809,
26,489,0,0.7279541492462158,
26,490,0,0.7169773578643799,
26,491,0,0.5972061157226562,
26,492,0,0.7336314916610718,
26,493,0,0.8258576393127441,
26,494,0,0.7703335881233215,
26,495,0,0.662340521812439,
26,496,0,0.6962509155273438,
26,497,0,0.7507932186126709,
26,498,0,0.6950486898422241,
26,499,0,0.5870128870010376,
26,500,0,0.553175687789917,
26,501,0,0.6480464935302734,
26,502,0,0.5923844575881958,
26,503,0,0.6533502340316772,
26,504,0,0.6385639905929565,
26,505,0,0.7559576034545898,
26,506,0,0.7072539329528809,
26,507,0,0.67586350440979,
26,508,0,0.8074975609779358,
26,509,0,0.7222111225128174,
26,510,0,0.7059445977210999,
26,511,0,0.7302827835083008,
26,512,0,0.6508787870407104,
26,513,0,0.8142796754837036,
26,514,0,0.6346317529678345,
26,515,0,0.6199245452880859,
26,516,0,0.6147421598434448,
26,517,0,0.6390208005905151,
26,518,0,0.6624867916107178,
26,519,0,0.7297102808952332,
26,520,0,0.6102546453475952,
26,521,0,0.6312829256057739,
26,522,0,0.7666281461715698,
26,523,0,0.7995391488075256,
26,524,0,0.7570406198501587,
26,525,0,0.7275488376617432,
26,526,0,0.7929400205612183,
26,527,0,0.7205479145050049,
26,528,0,0.7235698699951172,
26,529,0,0.7946038246154785,
26,530,0,0.742978572845459,
26,531,0,0.5733029246330261,
26,532,0,0.7394692301750183,
26,533,0,0.8165265321731567,
26,534,0,0.7617397904396057,
26,535,0,0.6395595073699951,
26,536,0,0.7343134880065918,
26,537,0,0.7855314612388611,
26,538,0,0.5749892592430115,
26,539,0,0.6751399040222168,
26,540,0,0.7116992473602295,
26,541,0,0.7950742840766907,
26,542,0,0.7270840406417847,
26,543,0,0.5901995897293091,
26,544,0,0.649806559085846,
26,545,0,0.6297628879547119,
26,546,0,0.7037969827651978,
26,547,0,0.7649422883987427,
26,548,0,0.6926785707473755,
26,549,0,0.7735195159912109,
26,550,0,0.7112759351730347,
26,551,0,0.69706130027771,
26,552,0,0.577375054359436,
26,553,0,0.7326555252075195,
26,554,0,0.6963427066802979,
26,555,0,0.648587167263031,
26,556,0,0.6700193285942078,
26,557,0,0.7163228988647461,
26,558,0,0.7479913234710693,
26,559,0,0.5965408086776733,
26,560,0,0.7812474370002747,
26,561,0,0.6505662798881531,
26,562,0,0.7743152379989624,
26,563,0,0.7282223701477051,
26,564,0,0.674493134021759,
26,565,0,0.6289607882499695,
26,566,0,0.8274173736572266,
26,567,0,0.6858973503112793,
26,568,0,0.612633466720581,
26,569,0,0.7539372444152832,
26,570,0,0.6571145057678223,
26,571,0,0.6526536345481873,
26,572,0,0.813724935054779,
26,573,0,0.7166046500205994,
26,574,0,0.7936749458312988,
26,575,0,0.5809094309806824,
26,576,0,0.5664218664169312,
26,577,0,0.627051830291748,
26,578,0,0.7576615810394287,
26,579,0,0.7753818035125732,
26,580,0,0.7585532665252686,
26,581,0,0.6962438225746155,
26,582,0,0.6744041442871094,
26,583,0,0.7367079257965088,
26,584,0,0.7613512873649597,
26,585,0,0.7301373481750488,
26,586,0,0.6221884489059448,
26,587,0,0.8168197870254517,
26,588,0,0.6520408391952515,
26,589,0,0.6654033660888672,
26,590,0,0.7741840481758118,
26,591,0,0.6196073293685913,
26,592,0,0.784966230392456,
26,593,0,0.6311532258987427,
26,594,0,0.6149775981903076,
26,595,0,0.8153791427612305,
26,596,0,0.8020331263542175,
26,597,0,0.6653895378112793,
26,598,0,0.5679590106010437,
26,599,0,0.752613365650177,
26,600,0,0.7946956753730774,
26,601,0,0.5928483009338379,
26,602,0,0.6775004267692566,
26,603,0,0.8216915130615234,
26,604,0,0.6468536257743835,
26,val,,,0.8117379768689473
27,0,0,0.7483881711959839,
27,1,0,0.8048419952392578,
27,2,0,0.6210033893585205,
27,3,0,0.7739750146865845,
27,4,0,0.7104559540748596,
27,5,0,0.7951339483261108,
27,6,0,0.8106414675712585,
27,7,0,0.7262691259384155,
27,8,0,0.7991974353790283,
27,9,0,0.8071104288101196,
27,10,0,0.7253446578979492,
27,11,0,0.7155994176864624,
27,12,0,0.6245161294937134,
27,13,0,0.7478601932525635,
27,14,0,0.7193127870559692,
27,15,0,0.6825356483459473,
27,16,0,0.6718140840530396,
27,17,0,0.7513316869735718,
27,18,0,0.8088971972465515,
27,19,0,0.7174344062805176,
27,20,0,0.7510438561439514,
27,21,0,0.7306696176528931,
27,22,0,0.7185518741607666,
27,23,0,0.7503185272216797,
27,24,0,0.7575289607048035,
27,25,0,0.638114333152771,
27,26,0,0.7157628536224365,
27,27,0,0.704004168510437,
27,28,0,0.7106916308403015,
27,29,0,0.7221736907958984,
27,30,0,0.7323874235153198,
27,31,0,0.7134954333305359,
27,32,0,0.7769651412963867,
27,33,0,0.756600022315979,
27,34,0,0.6728799343109131,
27,35,0,0.7952064871788025,
27,36,0,0.6660571098327637,
27,37,0,0.7603939175605774,
27,38,0,0.6844760179519653,
27,39,0,0.6704373359680176,
27,40,0,0.6400930285453796,
27,41,0,0.7555481195449829,
27,42,0,0.7296832799911499,
27,43,0,0.7998123168945312,
27,44,0,0.6849173307418823,
27,45,0,0.7636711001396179,
27,46,0,0.7719904780387878,
27,47,0,0.6141519546508789,
27,48,0,0.7685873508453369,
27,49,0,0.6595278978347778,
27,50,0,0.8111193776130676,
27,51,0,0.8063210248947144,
27,52,0,0.7932742834091187,
27,53,0,0.753455400466919,
27,54,0,0.647466778755188,
27,55,0,0.8071882128715515,
27,56,0,0.5669891238212585,
27,57,0,0.6947423219680786,
27,58,0,0.6996605396270752,
27,59,0,0.8185129761695862,
27,60,0,0.7896106243133545,
27,61,0,0.8215229511260986,
27,62,0,0.6172252893447876,
27,63,0,0.7433408498764038,
27,64,0,0.725988507270813,
27,65,0,0.7541509866714478,
27,66,0,0.6139198541641235,
27,67,0,0.6744732856750488,
27,68,0,0.7292959690093994,
27,69,0,0.8177962303161621,
27,70,0,0.559299647808075,
27,71,0,0.7005194425582886,
27,72,0,0.6501715183258057,
27,73,0,0.6742443442344666,
27,74,0,0.743003249168396,
27,75,0,0.7715330123901367,
27,76,0,0.7207292318344116,
27,77,0,0.7821913361549377,
27,78,0,0.755589485168457,
27,79,0,0.6498358249664307,
27,80,0,0.6906244158744812,
27,81,0,0.6568182706832886,
27,82,0,0.7484620809555054,
27,83,0,0.7611616849899292,
27,84,0,0.8051214218139648,
27,85,0,0.7878469228744507,
27,86,0,0.7217658758163452,
27,87,0,0.7780164480209351,
27,88,0,0.7119195461273193,
27,89,0,0.7081601619720459,
27,90,0,0.7914423942565918,
27,91,0,0.638090968132019,
27,92,0,0.7045868635177612,
27,93,0,0.8229233026504517,
27,94,0,0.6593341827392578,
27,95,0,0.5625900030136108,
27,96,0,0.7182918787002563,
27,97,0,0.575096070766449,
27,98,0,0.781127393245697,
27,99,0,0.6938061714172363,
27,100,0,0.6919199228286743,
27,101,0,0.6645850539207458,
27,102,0,0.6514949798583984,
27,103,0,0.7761589288711548,
27,104,0,0.7179383039474487,
27,105,0,0.6933569312095642,
27,106,0,0.563166618347168,
27,107,0,0.630469799041748,
27,108,0,0.7624958157539368,
27,109,0,0.7162270545959473,
27,110,0,0.7879477143287659,
27,111,0,0.797400712966919,
27,112,0,0.5480268001556396,
27,113,0,0.753204345703125,
27,114,0,0.7298185229301453,
27,115,0,0.6024771928787231,
27,116,0,0.5938063859939575,
27,117,0,0.5805666446685791,
27,118,0,0.817237377166748,
27,119,0,0.6716260313987732,
27,120,0,0.7837350368499756,
27,121,0,0.7825065851211548,
27,122,0,0.671505331993103,
27,123,0,0.5878753662109375,
27,124,0,0.6879868507385254,
27,125,0,0.6424368619918823,
27,126,0,0.7153048515319824,
27,127,0,0.654457688331604,
27,128,0,0.7626899480819702,
27,129,0,0.6824469566345215,
27,130,0,0.8048316240310669,
27,131,0,0.753671407699585,
27,132,0,0.6365271210670471,
27,133,0,0.7940704822540283,
27,134,0,0.6735965609550476,
27,135,0,0.657799243927002,
27,136,0,0.8046796917915344,
27,137,0,0.636344313621521,
27,138,0,0.8044925928115845,
27,139,0,0.7414065599441528,
27,140,0,0.7821603417396545,
27,141,0,0.6653212308883667,
27,142,0,0.5886752009391785,
27,143,0,0.6549072265625,
27,144,0,0.6292403936386108,
27,145,0,0.5953122973442078,
27,146,0,0.7110114097595215,
27,147,0,0.7114261388778687,
27,148,0,0.6969410181045532,
27,149,0,0.5975292921066284,
27,150,0,0.7934357523918152,
27,151,0,0.68988037109375,
27,152,0,0.8115347027778625,
27,153,0,0.7365076541900635,
27,154,0,0.8095499873161316,
27,155,0,0.6905495524406433,
27,156,0,0.6551131010055542,
27,157,0,0.6840111017227173,
27,158,0,0.6270661354064941,
27,159,0,0.657757580280304,
27,160,0,0.7196595668792725,
27,161,0,0.7305350303649902,
27,162,0,0.7526301145553589,
27,163,0,0.8127405643463135,
27,164,0,0.7260574102401733,
27,165,0,0.6983133554458618,
27,166,0,0.6467090845108032,
27,167,0,0.7961353063583374,
27,168,0,0.5623354315757751,
27,169,0,0.5980181694030762,
27,170,0,0.7112300395965576,
27,171,0,0.7057530879974365,
27,172,0,0.7133201956748962,
27,173,0,0.5932347774505615,
27,174,0,0.6326698064804077,
27,175,0,0.7152884602546692,
27,176,0,0.8080023527145386,
27,177,0,0.8185433745384216,
27,178,0,0.7533284425735474,
27,179,0,0.7425095438957214,
27,180,0,0.8076932430267334,
27,181,0,0.7767478227615356,
27,182,0,0.7212388515472412,
27,183,0,0.6252853870391846,
27,184,0,0.8049623370170593,
27,185,0,0.7787830233573914,
27,186,0,0.7763043642044067,
27,187,0,0.7842594385147095,
27,188,0,0.7581083178520203,
27,189,0,0.7190632820129395,
27,190,0,0.6339972615242004,
27,191,0,0.6148929595947266,
27,192,0,0.603377103805542,
27,193,0,0.7941287755966187,
27,194,0,0.7762237191200256,
27,195,0,0.7508426904678345,
27,196,0,0.5929511785507202,
27,197,0,0.5491199493408203,
27,198,0,0.6714131832122803,
27,199,0,0.8127321600914001,
27,200,0,0.7333056926727295,
27,201,0,0.7656360864639282,
27,202,0,0.8165364265441895,
27,203,0,0.8068104982376099,
27,204,0,0.8138533234596252,
27,205,0,0.7478193044662476,
27,206,0,0.6440554857254028,
27,207,0,0.6539465188980103,
27,208,0,0.8143245577812195,
27,209,0,0.7051687240600586,
27,210,0,0.8309959173202515,
27,211,0,0.7322309613227844,
27,212,0,0.6933097243309021,
27,213,0,0.6573399305343628,
27,214,0,0.7979217767715454,
27,215,0,0.6612783670425415,
27,216,0,0.8152047395706177,
27,217,0,0.7744771242141724,
27,218,0,0.6520810723304749,
27,219,0,0.6106995344161987,
27,220,0,0.5778117179870605,
27,221,0,0.7338012456893921,
27,222,0,0.6289125680923462,
27,223,0,0.5948306918144226,
27,224,0,0.8066491484642029,
27,225,0,0.5911041498184204,
27,226,0,0.6710470914840698,
27,227,0,0.7000961303710938,
27,228,0,0.679182231426239,
27,229,0,0.8060535192489624,
27,230,0,0.7293815016746521,
27,231,0,0.5863585472106934,
27,232,0,0.6910940408706665,
27,233,0,0.7645941376686096,
27,234,0,0.6690813302993774,
27,235,0,0.6626062989234924,
27,236,0,0.6014854907989502,
27,237,0,0.699641227722168,
27,238,0,0.8246608972549438,
27,239,0,0.8260869383811951,
27,240,0,0.7423513531684875,
27,241,0,0.7940688133239746,
27,242,0,0.6554027199745178,
27,243,0,0.6842660903930664,
27,244,0,0.6824063062667847,
27,245,0,0.7086396217346191,
27,246,0,0.7968970537185669,
27,247,0,0.766591489315033,
27,248,0,0.7975757718086243,
27,249,0,0.6686611175537109,
27,250,0,0.6954988241195679,
27,251,0,0.709658145904541,
27,252,0,0.8165837526321411,
27,253,0,0.6239264011383057,
27,254,0,0.5788105726242065,
27,255,0,0.7821123003959656,
27,256,0,0.7630050778388977,
27,257,0,0.808383584022522,
27,258,0,0.6752002239227295,
27,259,0,0.8199478983879089,
27,260,0,0.6363823413848877,
27,261,0,0.6158555746078491,
27,262,0,0.5934752821922302,
27,263,0,0.734382152557373,
27,264,0,0.7321312427520752,
27,265,0,0.6323320865631104,
27,266,0,0.6097478270530701,
27,267,0,0.7812255620956421,
27,268,0,0.8129028081893921,
27,269,0,0.7804294228553772,
27,270,0,0.7755639553070068,
27,271,0,0.5881844758987427,
27,272,0,0.7508615255355835,
27,273,0,0.80076003074646,
27,274,0,0.7649454474449158,
27,275,0,0.5404555797576904,
27,276,0,0.7765582203865051,
27,277,0,0.7902219891548157,
27,278,0,0.6246719360351562,
27,279,0,0.7147172689437866,
27,280,0,0.7118445038795471,
27,281,0,0.6279441714286804,
27,282,0,0.7016822099685669,
27,283,0,0.6715312004089355,
27,284,0,0.6305692195892334,
27,285,0,0.7192844152450562,
27,286,0,0.8078070878982544,
27,287,0,0.738240659236908,
27,288,0,0.8138235211372375,
27,289,0,0.6867715716362,
27,290,0,0.81607985496521,
27,291,0,0.8079925775527954,
27,292,0,0.7520108819007874,
27,293,0,0.579092264175415,
27,294,0,0.7042934894561768,
27,295,0,0.5831277370452881,
27,296,0,0.6399288177490234,
27,297,0,0.814852237701416,
27,298,0,0.6319934129714966,
27,299,0,0.7428489923477173,
27,300,0,0.5976331233978271,
27,301,0,0.7752121686935425,
27,302,0,0.74224853515625,
27,303,0,0.8004713654518127,
27,304,0,0.6636000871658325,
27,305,0,0.7208805084228516,
27,306,0,0.5716078281402588,
27,307,0,0.6102380156517029,
27,308,0,0.7395109534263611,
27,309,0,0.6565033197402954,
27,310,0,0.7048903703689575,
27,311,0,0.651023268699646,
27,312,0,0.7337771654129028,
27,313,0,0.7169284820556641,
27,314,0,0.7551097869873047,
27,315,0,0.7707070708274841,
27,316,0,0.7729858160018921,
27,317,0,0.782133162021637,
27,318,0,0.7906661629676819,
27,319,0,0.8034071326255798,
27,320,0,0.6348048448562622,
27,321,0,0.6336036920547485,
27,322,0,0.8208391070365906,
27,323,0,0.8143376708030701,
27,324,0,0.6810983419418335,
27,325,0,0.8254876732826233,
27,326,0,0.8002181053161621,
27,327,0,0.6506375074386597,
27,328,0,0.6367785930633545,
27,329,0,0.5821847915649414,
27,330,0,0.7344332933425903,
27,331,0,0.7054105997085571,
27,332,0,0.7718719244003296,
27,333,0,0.634329080581665,
27,334,0,0.6719899773597717,
27,335,0,0.7893012762069702,
27,336,0,0.7445464134216309,
27,337,0,0.6072306632995605,
27,338,0,0.7003509998321533,
27,339,0,0.6840835809707642,
27,340,0,0.7845178842544556,
27,341,0,0.7279640436172485,
27,342,0,0.7934787273406982,
27,343,0,0.7973859310150146,
27,344,0,0.7373626828193665,
27,345,0,0.5634516477584839,
27,346,0,0.6459171772003174,
27,347,0,0.7585833668708801,
27,348,0,0.8240370750427246,
27,349,0,0.6492280960083008,
27,350,0,0.6946414113044739,
27,351,0,0.6325579285621643,
27,352,0,0.7621373534202576,
27,353,0,0.6797310709953308,
27,354,0,0.813219428062439,
27,355,0,0.6526846885681152,
27,356,0,0.7239381074905396,
27,357,0,0.6815489530563354,
27,358,0,0.8000420928001404,
27,359,0,0.7965595126152039,
27,360,0,0.6638461947441101,
27,361,0,0.6273209452629089,
27,362,0,0.7248436808586121,
27,363,0,0.7130185961723328,
27,364,0,0.6284602880477905,
27,365,0,0.5782084465026855,
27,366,0,0.5949418544769287,
27,367,0,0.5958061218261719,
27,368,0,0.7718039751052856,
27,369,0,0.8134746551513672,
27,370,0,0.7021392583847046,
27,371,0,0.7023529410362244,
27,372,0,0.6802066564559937,
27,373,0,0.7647265195846558,
27,374,0,0.6975370645523071,
27,375,0,0.6230998039245605,
27,376,0,0.7208379507064819,
27,377,0,0.8053837418556213,
27,378,0,0.6047302484512329,
27,379,0,0.8076140284538269,
27,380,0,0.5514881610870361,
27,381,0,0.5993353128433228,
27,382,0,0.6213989853858948,
27,383,0,0.5780031681060791,
27,384,0,0.7992587089538574,
27,385,0,0.790666937828064,
27,386,0,0.6309303641319275,
27,387,0,0.6662510633468628,
27,388,0,0.6080640554428101,
27,389,0,0.8218934535980225,
27,390,0,0.565108060836792,
27,391,0,0.7074243426322937,
27,392,0,0.8140848875045776,
27,393,0,0.7587697505950928,
27,394,0,0.644385814666748,
27,395,0,0.7935534715652466,
27,396,0,0.7259023785591125,
27,397,0,0.7879573702812195,
27,398,0,0.8061296343803406,
27,399,0,0.673497200012207,
27,400,0,0.7998427152633667,
27,401,0,0.6341872215270996,
27,402,0,0.7309023141860962,
27,403,0,0.7658411264419556,
27,404,0,0.6992257833480835,
27,405,0,0.8017655611038208,
27,406,0,0.6759016513824463,
27,407,0,0.6809542179107666,
27,408,0,0.5781430006027222,
27,409,0,0.6360175609588623,
27,410,0,0.6120824813842773,
27,411,0,0.5767989158630371,
27,412,0,0.8281005620956421,
27,413,0,0.7823607325553894,
27,414,0,0.5961114764213562,
27,415,0,0.7407124042510986,
27,416,0,0.8251962661743164,
27,417,0,0.6349730491638184,
27,418,0,0.5799069404602051,
27,419,0,0.5626124143600464,
27,420,0,0.6677160263061523,
27,421,0,0.7939743399620056,
27,422,0,0.7962296605110168,
27,423,0,0.8095957040786743,
27,424,0,0.641573429107666,
27,425,0,0.7288007736206055,
27,426,0,0.7556106448173523,
27,427,0,0.6557731032371521,
27,428,0,0.6964340806007385,
27,429,0,0.7772881388664246,
27,430,0,0.7777765989303589,
27,431,0,0.6007382869720459,
27,432,0,0.7892550230026245,
27,433,0,0.7309043407440186,
27,434,0,0.8200176954269409,
27,435,0,0.5856397151947021,
27,436,0,0.638965368270874,
27,437,0,0.672444224357605,
27,438,0,0.8101287484169006,
27,439,0,0.6835464239120483,
27,440,0,0.5850549936294556,
27,441,0,0.7352838516235352,
27,442,0,0.7038871645927429,
27,443,0,0.7972882986068726,
27,444,0,0.7539761066436768,
27,445,0,0.7273391485214233,
27,446,0,0.719832181930542,
27,447,0,0.7228295803070068,
27,448,0,0.5742771625518799,
27,449,0,0.7277016639709473,
27,450,0,0.7997522354125977,
27,451,0,0.6858734488487244,
27,452,0,0.6364919543266296,
27,453,0,0.811367392539978,
27,454,0,0.737716555595398,
27,455,0,0.7159990668296814,
27,456,0,0.7763874530792236,
27,457,0,0.7742177248001099,
27,458,0,0.7010691165924072,
27,459,0,0.6464709043502808,
27,460,0,0.6607497930526733,
27,461,0,0.613555908203125,
27,462,0,0.7220717668533325,
27,463,0,0.7349259853363037,
27,464,0,0.7031283378601074,
27,465,0,0.5843617916107178,
27,466,0,0.6978272795677185,
27,467,0,0.6776248812675476,
27,468,0,0.77164626121521,
27,469,0,0.8158587217330933,
27,470,0,0.6157835125923157,
27,471,0,0.7147968411445618,
27,472,0,0.6226959228515625,
27,473,0,0.7519132494926453,
27,474,0,0.7904164791107178,
27,475,0,0.797953724861145,
27,476,0,0.7892501950263977,
27,477,0,0.6111636757850647,
27,478,0,0.8185335397720337,
27,479,0,0.7861328125,
27,480,0,0.6024680137634277,
27,481,0,0.7435287237167358,
27,482,0,0.5981873273849487,
27,483,0,0.7063859105110168,
27,484,0,0.7147306203842163,
27,485,0,0.7410306334495544,
27,486,0,0.5344613790512085,
27,487,0,0.7155922651290894,
27,488,0,0.6274601221084595,
27,489,0,0.7280960083007812,
27,490,0,0.702943742275238,
27,491,0,0.5997797250747681,
27,492,0,0.7199565172195435,
27,493,0,0.814185619354248,
27,494,0,0.7684651613235474,
27,495,0,0.6560592651367188,
27,496,0,0.7003926634788513,
27,497,0,0.7541696429252625,
27,498,0,0.6968948841094971,
27,499,0,0.5961596369743347,
27,500,0,0.5445078611373901,
27,501,0,0.6534281969070435,
27,502,0,0.5928894281387329,
27,503,0,0.6480305194854736,
27,504,0,0.6309490203857422,
27,505,0,0.7531665563583374,
27,506,0,0.6972261071205139,
27,507,0,0.6724188327789307,
27,508,0,0.809171736240387,
27,509,0,0.7136533260345459,
27,510,0,0.6985350847244263,
27,511,0,0.7262856960296631,
27,512,0,0.6482807397842407,
27,513,0,0.801796555519104,
27,514,0,0.628158450126648,
27,515,0,0.6195993423461914,
27,516,0,0.6090133786201477,
27,517,0,0.6217879056930542,
27,518,0,0.6705572605133057,
27,519,0,0.719823956489563,
27,520,0,0.5935611724853516,
27,521,0,0.6188040375709534,
27,522,0,0.7574590444564819,
27,523,0,0.7980795502662659,
27,524,0,0.7522944211959839,
27,525,0,0.7241164445877075,
27,526,0,0.7826608419418335,
27,527,0,0.7299547791481018,
27,528,0,0.7070271968841553,
27,529,0,0.8011353015899658,
27,530,0,0.7311687469482422,
27,531,0,0.5628315210342407,
27,532,0,0.7306026816368103,
27,533,0,0.8200144171714783,
27,534,0,0.7492959499359131,
27,535,0,0.6312682032585144,
27,536,0,0.7338166236877441,
27,537,0,0.7868985533714294,
27,538,0,0.5613088607788086,
27,539,0,0.6670311689376831,
27,540,0,0.7072148323059082,
27,541,0,0.797175407409668,
27,542,0,0.7290304899215698,
27,543,0,0.5960180163383484,
27,544,0,0.6446837186813354,
27,545,0,0.6037120223045349,
27,546,0,0.6843444108963013,
27,547,0,0.7573683261871338,
27,548,0,0.6813176870346069,
27,549,0,0.7634194493293762,
27,550,0,0.7079213261604309,
27,551,0,0.7009481191635132,
27,552,0,0.580075740814209,
27,553,0,0.7252547740936279,
27,554,0,0.6949012875556946,
27,555,0,0.6355600357055664,
27,556,0,0.6606428623199463,
27,557,0,0.7155131101608276,
27,558,0,0.7401008009910583,
27,559,0,0.5975955724716187,
27,560,0,0.7872989177703857,
27,561,0,0.6344642639160156,
27,562,0,0.7719559669494629,
27,563,0,0.7227141261100769,
27,564,0,0.6705800890922546,
27,565,0,0.6222026348114014,
27,566,0,0.8263155221939087,
27,567,0,0.6672383546829224,
27,568,0,0.5863728523254395,
27,569,0,0.7485201358795166,
27,570,0,0.6435894966125488,
27,571,0,0.6450890302658081,
27,572,0,0.8201193809509277,
27,573,0,0.7163476347923279,
27,574,0,0.7922621369361877,
27,575,0,0.5745353698730469,
27,576,0,0.5690423846244812,
27,577,0,0.6405396461486816,
27,578,0,0.760250449180603,
27,579,0,0.7775200009346008,
27,580,0,0.7522294521331787,
27,581,0,0.6920632719993591,
27,582,0,0.6664700508117676,
27,583,0,0.7275047302246094,
27,584,0,0.7594492435455322,
27,585,0,0.7164808511734009,
27,586,0,0.6142772436141968,
27,587,0,0.8065230846405029,
27,588,0,0.6381981372833252,
27,589,0,0.6629835367202759,
27,590,0,0.7676692605018616,
27,591,0,0.6171532869338989,
27,592,0,0.7871066331863403,
27,593,0,0.6312228441238403,
27,594,0,0.6112472414970398,
27,595,0,0.8115487694740295,
27,596,0,0.8091353178024292,
27,597,0,0.6711623668670654,
27,598,0,0.5486314296722412,
27,599,0,0.7483561038970947,
27,600,0,0.7923107147216797,
27,601,0,0.5938560366630554,
27,602,0,0.6608269214630127,
27,603,0,0.8228033781051636,
27,604,0,0.6281997561454773,
27,val,,,0.8121365125974019
