epoch,chunk_id,batch,train_loss,val_loss
1,0,0,0.9870690703392029,
1,0,1,1.0071295499801636,
1,1,0,1.002463459968567,
1,1,1,0.9650729894638062,
1,2,0,1.0000649690628052,
1,2,1,0.9942919611930847,
1,3,0,0.9765500426292419,
1,3,1,1.0168520212173462,
1,4,0,0.9836040139198303,
1,4,1,0.9729810953140259,
1,5,0,0.9776672124862671,
1,5,1,0.983642041683197,
1,6,0,0.9978926181793213,
1,6,1,0.9654930233955383,
1,7,0,0.9664948582649231,
1,7,1,0.9965569972991943,
1,8,0,0.9689422845840454,
1,8,1,0.9563954472541809,
1,9,0,0.9893540740013123,
1,9,1,0.9885279536247253,
1,10,0,0.9761635065078735,
1,10,1,0.9701366424560547,
1,11,0,0.968124270439148,
1,11,1,0.9853367209434509,
1,12,0,0.9602130055427551,
1,12,1,0.9649384021759033,
1,13,0,0.964249849319458,
1,13,1,0.9848244190216064,
1,14,0,0.972353994846344,
1,14,1,0.991077184677124,
1,15,0,0.9823594689369202,
1,15,1,0.9881387948989868,
1,16,0,0.9645728468894958,
1,16,1,0.9923149347305298,
1,17,0,0.9592463374137878,
1,17,1,0.9435365200042725,
1,18,0,0.9612744450569153,
1,18,1,0.9649907946586609,
1,19,0,0.9789842367172241,
1,19,1,0.9425842761993408,
1,20,0,0.9680580496788025,
1,20,1,0.9726497530937195,
1,21,0,0.9596935510635376,
1,21,1,0.9633978009223938,
1,22,0,0.9655564427375793,
1,22,1,0.9273576140403748,
1,23,0,0.960769772529602,
1,23,1,0.9273334741592407,
1,24,0,0.9597249031066895,
1,24,1,0.9660834670066833,
1,25,0,0.9679201245307922,
1,25,1,0.9602482318878174,
1,26,0,0.9516377449035645,
1,26,1,0.9536251425743103,
1,27,0,0.9520301818847656,
1,27,1,0.9624953269958496,
1,28,0,0.9630401730537415,
1,28,1,0.9571169018745422,
1,29,0,0.9462769627571106,
1,29,1,0.9460070729255676,
1,30,0,0.9487336277961731,
1,30,1,0.9472578167915344,
1,31,0,0.9478001594543457,
1,31,1,0.9573155045509338,
1,32,0,0.9432694315910339,
1,32,1,0.9439178109169006,
1,33,0,0.9562668204307556,
1,33,1,0.9467915296554565,
1,34,0,0.9392298460006714,
1,34,1,0.960749626159668,
1,35,0,0.9250460267066956,
1,35,1,0.9596084356307983,
1,36,0,0.9380597472190857,
1,36,1,0.9421847462654114,
1,37,0,0.9399673938751221,
1,37,1,0.9301702380180359,
1,38,0,0.939403772354126,
1,38,1,0.9677651524543762,
1,39,0,0.9536674618721008,
1,39,1,0.9482271075248718,
1,40,0,0.9416048526763916,
1,40,1,0.9589536786079407,
1,41,0,0.940962016582489,
1,41,1,0.9388701915740967,
1,42,0,0.9426000714302063,
1,42,1,0.9333457350730896,
1,43,0,0.939541220664978,
1,43,1,0.9697808027267456,
1,44,0,0.9223350882530212,
1,44,1,0.9212397336959839,
1,45,0,0.9167587757110596,
1,45,1,0.9704103469848633,
1,46,0,0.9318374395370483,
1,46,1,0.9603601694107056,
1,47,0,0.9277387857437134,
1,47,1,0.9525341987609863,
1,48,0,0.9337153434753418,
1,48,1,0.9098272323608398,
1,49,0,0.9353170394897461,
1,49,1,0.9508914947509766,
1,50,0,0.9308529496192932,
1,50,1,0.9066395163536072,
1,51,0,0.9230893850326538,
1,51,1,0.9347502589225769,
1,52,0,0.9309813976287842,
1,52,1,0.9121586084365845,
1,53,0,0.9203855991363525,
1,53,1,0.9047192335128784,
1,54,0,0.9193260669708252,
1,54,1,0.9059295654296875,
1,55,0,0.9106757044792175,
1,55,1,0.9379705190658569,
1,56,0,0.9236201047897339,
1,56,1,0.9054203033447266,
1,57,0,0.9085510969161987,
1,57,1,0.9222713112831116,
1,58,0,0.914294421672821,
1,58,1,0.9450060129165649,
1,59,0,0.9065945744514465,
1,59,1,0.9070525169372559,
1,60,0,0.9169795513153076,
1,60,1,0.9209913611412048,
1,61,0,0.9071745872497559,
1,61,1,0.9089826941490173,
1,62,0,0.9056782722473145,
1,62,1,0.9297621250152588,
1,63,0,0.9163041710853577,
1,63,1,0.9148004055023193,
1,64,0,0.9051070213317871,
1,64,1,0.9045689105987549,
1,65,0,0.9082797765731812,
1,65,1,0.9224638342857361,
1,66,0,0.9159938097000122,
1,66,1,0.9131295680999756,
1,67,0,0.9086941480636597,
1,67,1,0.9123662114143372,
1,68,0,0.912712812423706,
1,68,1,0.9187335968017578,
1,69,0,0.8937960267066956,
1,69,1,0.9000112414360046,
1,70,0,0.8929091691970825,
1,70,1,0.9027408361434937,
1,71,0,0.9086171388626099,
1,71,1,0.9161818027496338,
1,72,0,0.8939559459686279,
1,72,1,0.8921454548835754,
1,73,0,0.8931781053543091,
1,73,1,0.8814157843589783,
1,74,0,0.8965381979942322,
1,74,1,0.8852989077568054,
1,75,0,0.8896664381027222,
1,75,1,0.9237781167030334,
1,76,0,0.8877240419387817,
1,76,1,0.8970281481742859,
1,77,0,0.9014995098114014,
1,77,1,0.8775663375854492,
1,78,0,0.9030635952949524,
1,78,1,0.9127463102340698,
1,79,0,0.9021726846694946,
1,79,1,0.8917549848556519,
1,80,0,0.8995936512947083,
1,80,1,0.8920136094093323,
1,81,0,0.8864133358001709,
1,81,1,0.917016863822937,
1,82,0,0.8902280330657959,
1,82,1,0.8790391087532043,
1,83,0,0.8851828575134277,
1,83,1,0.9003839492797852,
1,84,0,0.8755513429641724,
1,84,1,0.8712778091430664,
1,85,0,0.8839294910430908,
1,85,1,0.8730087280273438,
1,86,0,0.8864842057228088,
1,86,1,0.8727957010269165,
1,87,0,0.8853825926780701,
1,87,1,0.8533390760421753,
1,88,0,0.8748308420181274,
1,88,1,0.8673157095909119,
1,89,0,0.8840363025665283,
1,89,1,0.8598153591156006,
1,90,0,0.8713251948356628,
1,90,1,0.8872989416122437,
1,91,0,0.8772624731063843,
1,91,1,0.864993691444397,
1,92,0,0.8842024207115173,
1,92,1,0.8839458227157593,
1,93,0,0.8700128793716431,
1,93,1,0.8790609836578369,
1,94,0,0.8703688979148865,
1,94,1,0.8779391646385193,
1,95,0,0.8705931305885315,
1,95,1,0.8646625876426697,
1,96,0,0.8743330836296082,
1,96,1,0.865615963935852,
1,97,0,0.8632245063781738,
1,97,1,0.8729742169380188,
1,98,0,0.8687165975570679,
1,98,1,0.8645818829536438,
1,99,0,0.864273190498352,
1,99,1,0.8701402544975281,
1,100,0,0.8633044362068176,
1,100,1,0.871849000453949,
1,101,0,0.8572144508361816,
1,101,1,0.8246984481811523,
1,102,0,0.8631623983383179,
1,102,1,0.8631092309951782,
1,103,0,0.8782765865325928,
1,103,1,0.8523489832878113,
1,104,0,0.8647183775901794,
1,104,1,0.8700212240219116,
1,105,0,0.8713803291320801,
1,105,1,0.8582338094711304,
1,106,0,0.8606434464454651,
1,106,1,0.8607325553894043,
1,107,0,0.8634251356124878,
1,107,1,0.8509403467178345,
1,108,0,0.8574352860450745,
1,108,1,0.8463083505630493,
1,109,0,0.8482556939125061,
1,109,1,0.8584623336791992,
1,110,0,0.8547344207763672,
1,110,1,0.8393144607543945,
1,111,0,0.8614978790283203,
1,111,1,0.8516644835472107,
1,112,0,0.8604037761688232,
1,112,1,0.8729130625724792,
1,113,0,0.8522491455078125,
1,113,1,0.8680950999259949,
1,114,0,0.8561796545982361,
1,114,1,0.8546357154846191,
1,115,0,0.8489586710929871,
1,115,1,0.8625773191452026,
1,116,0,0.8454718589782715,
1,116,1,0.8442344665527344,
1,117,0,0.8453091979026794,
1,117,1,0.8400174379348755,
1,118,0,0.844158411026001,
1,118,1,0.8464232683181763,
1,119,0,0.8477320671081543,
1,119,1,0.8590379953384399,
1,120,0,0.8450681567192078,
1,120,1,0.8631348013877869,
1,121,0,0.8442854881286621,
1,121,1,0.8601972460746765,
1,122,0,0.8595618605613708,
1,122,1,0.8365465402603149,
1,123,0,0.8514165282249451,
1,123,1,0.8205204010009766,
1,124,0,0.8538064360618591,
1,124,1,0.8386960029602051,
1,125,0,0.8401882648468018,
1,125,1,0.8385483026504517,
1,126,0,0.8376046419143677,
1,126,1,0.8477091789245605,
1,127,0,0.8455226421356201,
1,127,1,0.8507590293884277,
1,128,0,0.8366912603378296,
1,128,1,0.8370701670646667,
1,129,0,0.8402957320213318,
1,129,1,0.855085015296936,
1,130,0,0.8427819013595581,
1,130,1,0.8471803665161133,
1,131,0,0.844950795173645,
1,131,1,0.8554562926292419,
1,132,0,0.8390316963195801,
1,132,1,0.8426282405853271,
1,133,0,0.8423511981964111,
1,133,1,0.84665447473526,
1,134,0,0.8385708928108215,
1,134,1,0.8297562003135681,
1,135,0,0.8422874212265015,
1,135,1,0.8369352221488953,
1,136,0,0.8387881517410278,
1,136,1,0.8363469839096069,
1,137,0,0.843557596206665,
1,137,1,0.8167591094970703,
1,138,0,0.838735818862915,
1,138,1,0.8449913263320923,
1,139,0,0.8423856496810913,
1,139,1,0.8472716808319092,
1,140,0,0.8402569890022278,
1,140,1,0.8461703062057495,
1,141,0,0.8389480710029602,
1,141,1,0.8399204015731812,
1,142,0,0.8369491100311279,
1,142,1,0.8498292565345764,
1,143,0,0.841724693775177,
1,143,1,0.8473249673843384,
1,144,0,0.8335601091384888,
1,144,1,0.8331763744354248,
1,145,0,0.8360309600830078,
1,145,1,0.8409165143966675,
1,146,0,0.8298017978668213,
1,146,1,0.8357786536216736,
1,147,0,0.8350187540054321,
1,147,1,0.8352820873260498,
1,148,0,0.8425292372703552,
1,148,1,0.8465589880943298,
1,149,0,0.8381973505020142,
1,149,1,0.8373342752456665,
1,150,0,0.8383873701095581,
1,150,1,0.837059736251831,
1,151,0,0.8402140140533447,
1,151,1,0.8221328258514404,
1,152,0,0.8353488445281982,
1,152,1,0.8306765556335449,
1,153,0,0.8362848162651062,
1,153,1,0.8382741212844849,
1,154,0,0.8367589712142944,
1,154,1,0.8346978425979614,
1,155,0,0.838485062122345,
1,155,1,0.8421790599822998,
1,156,0,0.8421542048454285,
1,156,1,0.8155438899993896,
1,157,0,0.8341466188430786,
1,157,1,0.8399012088775635,
1,158,0,0.8417589664459229,
1,158,1,0.8373149633407593,
1,159,0,0.8382529616355896,
1,159,1,0.8352540731430054,
1,160,0,0.8285287618637085,
1,160,1,0.8286551833152771,
1,161,0,0.8394129276275635,
1,161,1,0.8326388001441956,
1,162,0,0.8350168466567993,
1,162,1,0.8400121331214905,
1,163,0,0.8383666276931763,
1,163,1,0.8307410478591919,
1,164,0,0.8422031998634338,
1,164,1,0.8548749685287476,
1,165,0,0.8262813091278076,
1,165,1,0.829612135887146,
1,166,0,0.8354605436325073,
1,166,1,0.8382437229156494,
1,167,0,0.833244800567627,
1,167,1,0.8271390199661255,
1,168,0,0.8361260890960693,
1,168,1,0.8447633981704712,
1,169,0,0.8314557075500488,
1,169,1,0.8477442860603333,
1,170,0,0.8331871628761292,
1,170,1,0.8521338701248169,
1,171,0,0.8283951282501221,
1,171,1,0.8370637893676758,
1,172,0,0.8381629586219788,
1,172,1,0.826227068901062,
1,173,0,0.8321818709373474,
1,173,1,0.8282986283302307,
1,174,0,0.8322101831436157,
1,174,1,0.837644100189209,
1,175,0,0.8369182348251343,
1,175,1,0.8358174562454224,
1,176,0,0.8363917469978333,
1,176,1,0.8411824703216553,
1,177,0,0.8379736542701721,
1,177,1,0.8456987142562866,
1,178,0,0.8354239463806152,
1,178,1,0.8334168791770935,
1,179,0,0.8317018747329712,
1,179,1,0.8285810351371765,
1,180,0,0.8400084376335144,
1,180,1,0.8257798552513123,
1,181,0,0.8314390778541565,
1,181,1,0.8300521373748779,
1,182,0,0.8370048999786377,
1,182,1,0.8367694616317749,
1,183,0,0.8368366956710815,
1,183,1,0.825648844242096,
1,184,0,0.8387854099273682,
1,184,1,0.8329933285713196,
1,185,0,0.8402707576751709,
1,185,1,0.8318960070610046,
1,186,0,0.835486888885498,
1,186,1,0.8342746496200562,
1,187,0,0.8324344754219055,
1,187,1,0.8195898532867432,
1,188,0,0.8333629369735718,
1,188,1,0.8328238725662231,
1,189,0,0.8380762338638306,
1,189,1,0.8293606042861938,
1,190,0,0.8326550722122192,
1,190,1,0.8385589122772217,
1,191,0,0.8332909345626831,
1,191,1,0.8501713275909424,
1,192,0,0.8324015140533447,
1,192,1,0.834372878074646,
1,193,0,0.8349468111991882,
1,193,1,0.8309215307235718,
1,194,0,0.8353054523468018,
1,194,1,0.8233171701431274,
1,195,0,0.8364660739898682,
1,195,1,0.8385651111602783,
1,196,0,0.8326804637908936,
1,196,1,0.8256191611289978,
1,197,0,0.8354376554489136,
1,197,1,0.8399033546447754,
1,198,0,0.8343037962913513,
1,198,1,0.8420295715332031,
1,199,0,0.8310561180114746,
1,199,1,0.8228939771652222,
1,200,0,0.8376232385635376,
1,200,1,0.8222834467887878,
1,201,0,0.835832953453064,
1,201,1,0.8240034580230713,
1,202,0,0.8326719403266907,
1,202,1,0.8323067426681519,
1,203,0,0.8315396308898926,
1,203,1,0.8331706523895264,
1,204,0,0.8320889472961426,
1,204,1,0.8362399339675903,
1,205,0,0.8359827995300293,
1,205,1,0.8382008075714111,
1,206,0,0.8370164036750793,
1,206,1,0.8299314975738525,
1,207,0,0.8307198882102966,
1,207,1,0.8305870890617371,
1,208,0,0.8400765657424927,
1,208,1,0.8351043462753296,
1,209,0,0.8355898261070251,
1,209,1,0.8263871669769287,
1,210,0,0.8367983102798462,
1,210,1,0.8367518186569214,
1,211,0,0.8346027731895447,
1,211,1,0.8364952802658081,
1,212,0,0.8345281481742859,
1,212,1,0.8409228920936584,
1,213,0,0.8312106132507324,
1,213,1,0.8297853469848633,
1,214,0,0.8351016044616699,
1,214,1,0.8263454437255859,
1,215,0,0.835673987865448,
1,215,1,0.8250049948692322,
1,216,0,0.8389182090759277,
1,216,1,0.8360570669174194,
1,217,0,0.8381460309028625,
1,217,1,0.8296487927436829,
1,218,0,0.8287321329116821,
1,218,1,0.8333613872528076,
1,219,0,0.8379490375518799,
1,219,1,0.849258303642273,
1,220,0,0.8362351059913635,
1,220,1,0.8342499732971191,
1,221,0,0.8280193209648132,
1,221,1,0.8415688276290894,
1,222,0,0.8399577140808105,
1,222,1,0.8302475214004517,
1,223,0,0.8353909254074097,
1,223,1,0.8367177248001099,
1,224,0,0.8294219374656677,
1,224,1,0.8343467712402344,
1,225,0,0.8290735483169556,
1,225,1,0.8427671194076538,
1,226,0,0.8309005498886108,
1,226,1,0.832111120223999,
1,227,0,0.8366294503211975,
1,227,1,0.8311473727226257,
1,228,0,0.8328031897544861,
1,228,1,0.8266936540603638,
1,229,0,0.8342540264129639,
1,229,1,0.8344026803970337,
1,230,0,0.8313320279121399,
1,230,1,0.8287344574928284,
1,231,0,0.8327067494392395,
1,231,1,0.830581784248352,
1,232,0,0.8341338634490967,
1,232,1,0.828630805015564,
1,233,0,0.8343778848648071,
1,233,1,0.8317393660545349,
1,234,0,0.8268119096755981,
1,234,1,0.8453395366668701,
1,235,0,0.8320503234863281,
1,235,1,0.831470787525177,
1,236,0,0.8272930383682251,
1,236,1,0.8256645202636719,
1,237,0,0.8367201089859009,
1,237,1,0.8217328786849976,
1,238,0,0.8375192880630493,
1,238,1,0.8244313597679138,
1,239,0,0.8372316360473633,
1,239,1,0.8213657140731812,
1,240,0,0.8295992612838745,
1,240,1,0.8386008143424988,
1,241,0,0.8302448987960815,
1,241,1,0.8321527242660522,
1,242,0,0.8248404264450073,
1,242,1,0.8414929509162903,
1,243,0,0.8317404985427856,
1,243,1,0.8203673362731934,
1,244,0,0.8284856081008911,
1,244,1,0.8365569114685059,
1,245,0,0.8280117511749268,
1,245,1,0.833357572555542,
1,246,0,0.8341065645217896,
1,246,1,0.8441018462181091,
1,247,0,0.8298083543777466,
1,247,1,0.8394780158996582,
1,248,0,0.83225017786026,
1,248,1,0.8206969499588013,
1,249,0,0.8324571847915649,
1,249,1,0.8254601955413818,
1,250,0,0.8334985971450806,
1,250,1,0.8333660960197449,
1,251,0,0.833112895488739,
1,251,1,0.8311238288879395,
1,252,0,0.8378037214279175,
1,252,1,0.8318595886230469,
1,253,0,0.8285602331161499,
1,253,1,0.8280283212661743,
1,254,0,0.830702543258667,
1,254,1,0.8290824294090271,
1,255,0,0.8331470489501953,
1,255,1,0.835389256477356,
1,256,0,0.8310133218765259,
1,256,1,0.8412026166915894,
1,257,0,0.83208167552948,
1,257,1,0.8303675651550293,
1,258,0,0.8352768421173096,
1,258,1,0.8220990896224976,
1,259,0,0.8288853168487549,
1,259,1,0.824521541595459,
1,260,0,0.8247901797294617,
1,260,1,0.8385618329048157,
1,261,0,0.8279200792312622,
1,261,1,0.8338284492492676,
1,262,0,0.8295012712478638,
1,262,1,0.8265063762664795,
1,263,0,0.8330172896385193,
1,263,1,0.8402554988861084,
1,264,0,0.8269115686416626,
1,264,1,0.8264327049255371,
1,265,0,0.8289960026741028,
1,265,1,0.8333961367607117,
1,266,0,0.8297454118728638,
1,266,1,0.84227055311203,
1,267,0,0.8334499597549438,
1,267,1,0.8200560808181763,
1,268,0,0.831102728843689,
1,268,1,0.8435471653938293,
1,269,0,0.8235901594161987,
1,269,1,0.8259673118591309,
1,270,0,0.8316251039505005,
1,270,1,0.8424149751663208,
1,271,0,0.8326693773269653,
1,271,1,0.843540608882904,
1,272,0,0.834219753742218,
1,272,1,0.8363496661186218,
1,273,0,0.8311970233917236,
1,273,1,0.8229135274887085,
1,274,0,0.8328651189804077,
1,274,1,0.8264513611793518,
1,275,0,0.8287379145622253,
1,275,1,0.8272592425346375,
1,276,0,0.8305799961090088,
1,276,1,0.8208127021789551,
1,277,0,0.8338687419891357,
1,277,1,0.8273972868919373,
1,278,0,0.8311285376548767,
1,278,1,0.8242084980010986,
1,279,0,0.8295061588287354,
1,279,1,0.8390052318572998,
1,280,0,0.8356961011886597,
1,280,1,0.8256917595863342,
1,281,0,0.8280426263809204,
1,281,1,0.8401296138763428,
1,282,0,0.8341960906982422,
1,282,1,0.819314181804657,
1,283,0,0.8314515352249146,
1,283,1,0.8277918100357056,
1,284,0,0.8311421871185303,
1,284,1,0.8389995694160461,
1,285,0,0.8325709700584412,
1,285,1,0.8209719657897949,
1,286,0,0.8286135792732239,
1,286,1,0.8343081474304199,
1,287,0,0.8379513621330261,
1,287,1,0.8373918533325195,
1,288,0,0.8283852338790894,
1,288,1,0.8347820043563843,
1,289,0,0.8279144763946533,
1,289,1,0.8221702575683594,
1,290,0,0.8264773488044739,
1,290,1,0.8267176151275635,
1,291,0,0.8363328576087952,
1,291,1,0.8265290260314941,
1,292,0,0.8329751491546631,
1,292,1,0.8295836448669434,
1,293,0,0.8305668234825134,
1,293,1,0.838021457195282,
1,294,0,0.8365573883056641,
1,294,1,0.8267803192138672,
1,295,0,0.8337147235870361,
1,295,1,0.8312687277793884,
1,296,0,0.8283172845840454,
1,296,1,0.8442038297653198,
1,297,0,0.8269128799438477,
1,297,1,0.8370389342308044,
1,298,0,0.8307433128356934,
1,298,1,0.8235964775085449,
1,299,0,0.8360377550125122,
1,299,1,0.816603422164917,
1,300,0,0.8346889019012451,
1,300,1,0.8309201002120972,
1,301,0,0.8320356607437134,
1,301,1,0.8332680463790894,
1,302,0,0.8355735540390015,
1,302,1,0.8235659599304199,
1,303,0,0.8262796998023987,
1,303,1,0.8225744962692261,
1,304,0,0.835436999797821,
1,304,1,0.8368890881538391,
1,305,0,0.8289245367050171,
1,305,1,0.8288484215736389,
1,306,0,0.8339727520942688,
1,306,1,0.8201748132705688,
1,307,0,0.8369724750518799,
1,307,1,0.8206117153167725,
1,308,0,0.826946496963501,
1,308,1,0.8251345753669739,
1,309,0,0.8387069702148438,
1,309,1,0.8304480910301208,
1,310,0,0.8228670358657837,
1,310,1,0.8305166959762573,
1,311,0,0.8309924602508545,
1,311,1,0.826639711856842,
1,312,0,0.8284423351287842,
1,312,1,0.8245806694030762,
1,313,0,0.8300453424453735,
1,313,1,0.8392666578292847,
1,314,0,0.8339926600456238,
1,314,1,0.8324846029281616,
1,315,0,0.8332492709159851,
1,315,1,0.8253378868103027,
1,316,0,0.8337811231613159,
1,316,1,0.829220712184906,
1,317,0,0.8339034914970398,
1,317,1,0.8298003673553467,
1,318,0,0.8299451470375061,
1,318,1,0.8305249214172363,
1,319,0,0.829418420791626,
1,319,1,0.8361358642578125,
1,320,0,0.8316792249679565,
1,320,1,0.8352715969085693,
1,321,0,0.8309972882270813,
1,321,1,0.8298279047012329,
1,322,0,0.8347880840301514,
1,322,1,0.8449110388755798,
1,323,0,0.8344051837921143,
1,323,1,0.8235453367233276,
1,324,0,0.8316478133201599,
1,324,1,0.8136866688728333,
1,325,0,0.834652304649353,
1,325,1,0.8365306854248047,
1,326,0,0.8274200558662415,
1,326,1,0.8369576930999756,
1,327,0,0.8391484022140503,
1,327,1,0.8264421820640564,
1,328,0,0.8335419297218323,
1,328,1,0.8322291374206543,
1,329,0,0.8330267667770386,
1,329,1,0.8102463483810425,
1,330,0,0.8287055492401123,
1,330,1,0.8314116597175598,
1,331,0,0.8353182077407837,
1,331,1,0.827767014503479,
1,332,0,0.8304734230041504,
1,332,1,0.8263006210327148,
1,333,0,0.8314748406410217,
1,333,1,0.8341693878173828,
1,334,0,0.8293086290359497,
1,334,1,0.8201075792312622,
1,335,0,0.8279544711112976,
1,335,1,0.8295165300369263,
1,336,0,0.8294705748558044,
1,336,1,0.8261580467224121,
1,337,0,0.830482006072998,
1,337,1,0.8317109942436218,
1,338,0,0.8316922783851624,
1,338,1,0.8375526070594788,
1,339,0,0.8291828036308289,
1,339,1,0.8315690755844116,
1,340,0,0.8319183588027954,
1,340,1,0.8428514003753662,
1,341,0,0.8258756995201111,
1,341,1,0.840758740901947,
1,342,0,0.8340080380439758,
1,342,1,0.8274047374725342,
1,343,0,0.8283886909484863,
1,343,1,0.8230423331260681,
1,344,0,0.8373653888702393,
1,344,1,0.8296747207641602,
1,345,0,0.8339589834213257,
1,345,1,0.8152245283126831,
1,346,0,0.8331106901168823,
1,346,1,0.8325970768928528,
1,347,0,0.8314715027809143,
1,347,1,0.833855152130127,
1,348,0,0.8334892392158508,
1,348,1,0.8288964629173279,
1,349,0,0.8277895450592041,
1,349,1,0.8341454267501831,
1,350,0,0.8327387571334839,
1,350,1,0.8333135843276978,
1,351,0,0.8364608883857727,
1,351,1,0.8219243288040161,
1,352,0,0.8343305587768555,
1,352,1,0.8302398920059204,
1,353,0,0.8271346688270569,
1,353,1,0.8297932744026184,
1,354,0,0.8331006765365601,
1,354,1,0.8377927541732788,
1,355,0,0.8361997008323669,
1,355,1,0.8411084413528442,
1,356,0,0.8344465494155884,
1,356,1,0.8367764353752136,
1,357,0,0.8266391754150391,
1,357,1,0.8439898490905762,
1,358,0,0.8313536643981934,
1,358,1,0.8388963341712952,
1,359,0,0.8317141532897949,
1,359,1,0.8225680589675903,
1,360,0,0.8363612294197083,
1,360,1,0.8228986859321594,
1,361,0,0.8366681337356567,
1,361,1,0.8248113989830017,
1,362,0,0.8302740454673767,
1,362,1,0.8181322813034058,
1,363,0,0.8268724679946899,
1,363,1,0.8234754800796509,
1,364,0,0.8289248943328857,
1,364,1,0.8297374844551086,
1,365,0,0.8283366560935974,
1,365,1,0.8328558206558228,
1,366,0,0.8311158418655396,
1,366,1,0.8366626501083374,
1,367,0,0.8310573697090149,
1,367,1,0.8228206634521484,
1,368,0,0.8332523703575134,
1,368,1,0.8269944190979004,
1,369,0,0.8350805044174194,
1,369,1,0.8358099460601807,
1,370,0,0.832537055015564,
1,370,1,0.8266711235046387,
1,371,0,0.8299726247787476,
1,371,1,0.8259831666946411,
1,372,0,0.8334593176841736,
1,372,1,0.832603931427002,
1,373,0,0.8285357356071472,
1,373,1,0.8239493370056152,
1,374,0,0.8288949131965637,
1,374,1,0.8411556482315063,
1,375,0,0.8348457217216492,
1,375,1,0.8281939029693604,
1,376,0,0.8298007249832153,
1,376,1,0.8346627950668335,
1,377,0,0.8308699131011963,
1,377,1,0.8389797806739807,
1,378,0,0.8291186094284058,
1,378,1,0.8292821049690247,
1,379,0,0.8285956382751465,
1,379,1,0.8388524651527405,
1,380,0,0.830738365650177,
1,380,1,0.8485789895057678,
1,381,0,0.8304190039634705,
1,381,1,0.8359309434890747,
1,382,0,0.8317877650260925,
1,382,1,0.8239656090736389,
1,383,0,0.8305372595787048,
1,383,1,0.8273711800575256,
1,384,0,0.8239474296569824,
1,384,1,0.8159341812133789,
1,385,0,0.8334870338439941,
1,385,1,0.8267185091972351,
1,386,0,0.8234798908233643,
1,386,1,0.8238428831100464,
1,387,0,0.8297775983810425,
1,387,1,0.8244051337242126,
1,388,0,0.8217301368713379,
1,388,1,0.8431090116500854,
1,389,0,0.8260952234268188,
1,389,1,0.8252755403518677,
1,390,0,0.8267807960510254,
1,390,1,0.831174373626709,
1,391,0,0.8337363004684448,
1,391,1,0.8408753871917725,
1,392,0,0.8296080827713013,
1,392,1,0.827818751335144,
1,393,0,0.8313111662864685,
1,393,1,0.837611973285675,
1,394,0,0.8288614749908447,
1,394,1,0.821410059928894,
1,395,0,0.8286703824996948,
1,395,1,0.8278313279151917,
1,396,0,0.8337151408195496,
1,396,1,0.838650107383728,
1,397,0,0.8314090371131897,
1,397,1,0.8371179103851318,
1,398,0,0.8344143033027649,
1,398,1,0.8250383734703064,
1,399,0,0.8272165060043335,
1,399,1,0.8284964561462402,
1,400,0,0.835230827331543,
1,400,1,0.8326765894889832,
1,401,0,0.8348822593688965,
1,401,1,0.8338026404380798,
1,402,0,0.8362962603569031,
1,402,1,0.8245964050292969,
1,403,0,0.8303306102752686,
1,403,1,0.8383210897445679,
1,404,0,0.8306927680969238,
1,404,1,0.8404437303543091,
1,405,0,0.8341663479804993,
1,405,1,0.8294669985771179,
1,406,0,0.830315351486206,
1,406,1,0.826532244682312,
1,407,0,0.8258798122406006,
1,407,1,0.8258888721466064,
1,408,0,0.829653263092041,
1,408,1,0.8264343738555908,
1,409,0,0.8286391496658325,
1,409,1,0.8420463800430298,
1,410,0,0.8347307443618774,
1,410,1,0.8238996267318726,
1,411,0,0.8320716023445129,
1,411,1,0.8294709324836731,
1,412,0,0.8303587436676025,
1,412,1,0.8411381244659424,
1,413,0,0.8284813165664673,
1,413,1,0.8238275647163391,
1,414,0,0.8286104798316956,
1,414,1,0.8111379146575928,
1,415,0,0.8287073969841003,
1,415,1,0.8332722783088684,
1,416,0,0.8292785882949829,
1,416,1,0.8284898996353149,
1,417,0,0.8288654685020447,
1,417,1,0.8309980630874634,
1,418,0,0.8282334804534912,
1,418,1,0.8365446925163269,
1,419,0,0.8312281370162964,
1,419,1,0.8217229843139648,
1,420,0,0.8316341638565063,
1,420,1,0.83558589220047,
1,421,0,0.8343372344970703,
1,421,1,0.8303540945053101,
1,422,0,0.8299611210823059,
1,422,1,0.8238234519958496,
1,423,0,0.8339823484420776,
1,423,1,0.8282380104064941,
1,424,0,0.8344363570213318,
1,424,1,0.8310378193855286,
1,425,0,0.8278859257698059,
1,425,1,0.8334245085716248,
1,426,0,0.828376829624176,
1,426,1,0.8280129432678223,
1,427,0,0.8314437866210938,
1,427,1,0.8367060422897339,
1,428,0,0.8324350118637085,
1,428,1,0.8281020522117615,
1,429,0,0.8293203115463257,
1,429,1,0.8353938460350037,
1,430,0,0.8307763934135437,
1,430,1,0.8242409825325012,
1,431,0,0.8333860635757446,
1,431,1,0.8235944509506226,
1,432,0,0.8301968574523926,
1,432,1,0.8340703845024109,
1,433,0,0.8310558795928955,
1,433,1,0.8249425888061523,
1,434,0,0.8322316408157349,
1,434,1,0.8366444110870361,
1,435,0,0.8291714787483215,
1,435,1,0.831929087638855,
1,436,0,0.8307125568389893,
1,436,1,0.834620475769043,
1,437,0,0.8321536183357239,
1,437,1,0.8325300812721252,
1,438,0,0.8303855061531067,
1,438,1,0.8306958079338074,
1,439,0,0.8275654315948486,
1,439,1,0.8180206418037415,
1,440,0,0.8300693035125732,
1,440,1,0.8155974745750427,
1,441,0,0.8295397162437439,
1,441,1,0.8222707509994507,
1,442,0,0.8281589150428772,
1,442,1,0.8295944333076477,
1,443,0,0.8271353244781494,
1,443,1,0.8314632177352905,
1,444,0,0.8311848044395447,
1,444,1,0.825210690498352,
1,445,0,0.8300232887268066,
1,445,1,0.8315903544425964,
1,446,0,0.8276177644729614,
1,446,1,0.8195405602455139,
1,447,0,0.8234962224960327,
1,447,1,0.8274421691894531,
1,448,0,0.8279751539230347,
1,448,1,0.8294622302055359,
1,449,0,0.828930139541626,
1,449,1,0.8292620182037354,
1,450,0,0.8248087167739868,
1,450,1,0.829687237739563,
1,451,0,0.829946756362915,
1,451,1,0.8272605538368225,
1,452,0,0.828250527381897,
1,452,1,0.8249028921127319,
1,453,0,0.8326293230056763,
1,453,1,0.8373765349388123,
1,454,0,0.8311333060264587,
1,454,1,0.8267638683319092,
1,455,0,0.8299359083175659,
1,455,1,0.8396967649459839,
1,456,0,0.8307117223739624,
1,456,1,0.8249189853668213,
1,457,0,0.8291826248168945,
1,457,1,0.8224630355834961,
1,458,0,0.8249810934066772,
1,458,1,0.8307638168334961,
1,459,0,0.8288859128952026,
1,459,1,0.8255007266998291,
1,460,0,0.8309755325317383,
1,460,1,0.8218469023704529,
1,461,0,0.826694130897522,
1,461,1,0.8228405714035034,
1,462,0,0.8301565647125244,
1,462,1,0.8197040557861328,
1,463,0,0.8299648761749268,
1,463,1,0.8270614743232727,
1,464,0,0.8319452404975891,
1,464,1,0.8241393566131592,
1,465,0,0.8320596218109131,
1,465,1,0.8234179019927979,
1,466,0,0.8317247629165649,
1,466,1,0.8338896036148071,
1,467,0,0.8286174535751343,
1,467,1,0.8299611806869507,
1,468,0,0.8275336027145386,
1,468,1,0.8416203856468201,
1,469,0,0.8311627507209778,
1,469,1,0.8320326805114746,
1,470,0,0.835059642791748,
1,470,1,0.8373706340789795,
1,471,0,0.8297302722930908,
1,471,1,0.8282555341720581,
1,472,0,0.8225791454315186,
1,472,1,0.8358022570610046,
1,473,0,0.830502986907959,
1,473,1,0.8285230398178101,
1,474,0,0.8276665210723877,
1,474,1,0.8246170282363892,
1,475,0,0.8292568922042847,
1,475,1,0.8394695520401001,
1,476,0,0.8301433324813843,
1,476,1,0.82612544298172,
1,477,0,0.8325194120407104,
1,477,1,0.8341891765594482,
1,478,0,0.8287928700447083,
1,478,1,0.8294357061386108,
1,479,0,0.8296248912811279,
1,479,1,0.8360980749130249,
1,480,0,0.8298629522323608,
1,480,1,0.8284692168235779,
1,481,0,0.8332093954086304,
1,481,1,0.8270447850227356,
1,482,0,0.8264920115470886,
1,482,1,0.8350002765655518,
1,483,0,0.8320807218551636,
1,483,1,0.8359275460243225,
1,484,0,0.8319902420043945,
1,484,1,0.8401502370834351,
1,485,0,0.8310160636901855,
1,485,1,0.8275296688079834,
1,486,0,0.8253825306892395,
1,486,1,0.838884174823761,
1,487,0,0.82938551902771,
1,487,1,0.8229097127914429,
1,488,0,0.8308798670768738,
1,488,1,0.8305127620697021,
1,489,0,0.8361834287643433,
1,489,1,0.8152068257331848,
1,490,0,0.8271397352218628,
1,490,1,0.8283840417861938,
1,491,0,0.8266322016716003,
1,491,1,0.8256798982620239,
1,492,0,0.8277261257171631,
1,492,1,0.8304058313369751,
1,493,0,0.828217625617981,
1,493,1,0.8340153694152832,
1,494,0,0.8277456760406494,
1,494,1,0.8293077349662781,
1,495,0,0.8328303098678589,
1,495,1,0.8278551697731018,
1,496,0,0.8245226144790649,
1,496,1,0.828737735748291,
1,497,0,0.8269565105438232,
1,497,1,0.8221113681793213,
1,498,0,0.8309890031814575,
1,498,1,0.8201016187667847,
1,499,0,0.8324679136276245,
1,499,1,0.8274183869361877,
1,500,0,0.8262324929237366,
1,500,1,0.8359149694442749,
1,501,0,0.829429030418396,
1,501,1,0.8247297406196594,
1,502,0,0.8305544257164001,
1,502,1,0.8289454579353333,
1,503,0,0.8339747190475464,
1,503,1,0.8294833898544312,
1,504,0,0.8351922035217285,
1,504,1,0.8290679454803467,
1,505,0,0.8312422037124634,
1,505,1,0.8311010599136353,
1,506,0,0.831146776676178,
1,506,1,0.8355094790458679,
1,507,0,0.827473521232605,
1,507,1,0.8326314091682434,
1,508,0,0.8308064937591553,
1,508,1,0.8288163542747498,
1,509,0,0.8355196714401245,
1,509,1,0.8350822925567627,
1,510,0,0.8293123245239258,
1,510,1,0.8288128972053528,
1,511,0,0.8341305255889893,
1,511,1,0.8303671479225159,
1,512,0,0.8273987770080566,
1,512,1,0.8271641731262207,
1,513,0,0.8315126895904541,
1,513,1,0.8168278932571411,
1,514,0,0.8334359526634216,
1,514,1,0.8309228420257568,
1,515,0,0.8305189609527588,
1,515,1,0.8288213014602661,
1,516,0,0.8320293426513672,
1,516,1,0.8318195939064026,
1,517,0,0.8283355236053467,
1,517,1,0.8354880809783936,
1,518,0,0.8292145729064941,
1,518,1,0.8327313661575317,
1,519,0,0.8297545313835144,
1,519,1,0.8314593434333801,
1,520,0,0.831063985824585,
1,520,1,0.8220895528793335,
1,521,0,0.8254408836364746,
1,521,1,0.8379364013671875,
1,522,0,0.8352550268173218,
1,522,1,0.8272663354873657,
1,523,0,0.8276541829109192,
1,523,1,0.8296787142753601,
1,524,0,0.8257338404655457,
1,524,1,0.8293792605400085,
1,525,0,0.8289536237716675,
1,525,1,0.8255442976951599,
1,526,0,0.8322312235832214,
1,526,1,0.8276760578155518,
1,527,0,0.8314353227615356,
1,527,1,0.8393366932868958,
1,528,0,0.8299222588539124,
1,528,1,0.8331601619720459,
1,529,0,0.8302211761474609,
1,529,1,0.8234480023384094,
1,530,0,0.8320885896682739,
1,530,1,0.8270135521888733,
1,531,0,0.8299344778060913,
1,531,1,0.8381163477897644,
1,532,0,0.8282163143157959,
1,532,1,0.8222787380218506,
1,533,0,0.8310107588768005,
1,533,1,0.8284215331077576,
1,534,0,0.8320515751838684,
1,534,1,0.8237274885177612,
1,535,0,0.8299432992935181,
1,535,1,0.8210325241088867,
1,536,0,0.8321170806884766,
1,536,1,0.8270870447158813,
1,537,0,0.8296084403991699,
1,537,1,0.8314471244812012,
1,538,0,0.8325760364532471,
1,538,1,0.8306195735931396,
1,539,0,0.8281182050704956,
1,539,1,0.8323074579238892,
1,540,0,0.8292903900146484,
1,540,1,0.8334778547286987,
1,541,0,0.8290930390357971,
1,541,1,0.8317057490348816,
1,542,0,0.830397367477417,
1,542,1,0.8269661068916321,
1,543,0,0.831853985786438,
1,543,1,0.820676326751709,
1,544,0,0.8258405923843384,
1,544,1,0.8299242258071899,
1,545,0,0.8319754600524902,
1,545,1,0.8245790004730225,
1,546,0,0.827652096748352,
1,546,1,0.8253118991851807,
1,547,0,0.8276809453964233,
1,547,1,0.8292433023452759,
1,548,0,0.8321326971054077,
1,548,1,0.8329585790634155,
1,549,0,0.8318809270858765,
1,549,1,0.836412250995636,
1,550,0,0.8335877060890198,
1,550,1,0.8293569087982178,
1,551,0,0.8255959749221802,
1,551,1,0.8301436305046082,
1,552,0,0.8311640024185181,
1,552,1,0.8321157097816467,
1,553,0,0.8301201462745667,
1,553,1,0.8297860622406006,
1,554,0,0.8303835391998291,
1,554,1,0.8281301259994507,
1,555,0,0.8311000466346741,
1,555,1,0.8128461837768555,
1,556,0,0.8298887610435486,
1,556,1,0.8222184777259827,
1,557,0,0.8332467675209045,
1,557,1,0.8206957578659058,
1,558,0,0.8269306421279907,
1,558,1,0.8337277770042419,
1,559,0,0.8291724920272827,
1,559,1,0.8220905065536499,
1,560,0,0.8298481702804565,
1,560,1,0.8263368010520935,
1,561,0,0.8296692371368408,
1,561,1,0.8336555361747742,
1,562,0,0.8275783061981201,
1,562,1,0.83123379945755,
1,563,0,0.8277925252914429,
1,563,1,0.8306872844696045,
1,564,0,0.8312090039253235,
1,564,1,0.8298331499099731,
1,565,0,0.8289995789527893,
1,565,1,0.8220481276512146,
1,566,0,0.8329147696495056,
1,566,1,0.8292866945266724,
1,567,0,0.82875657081604,
1,567,1,0.8264268636703491,
1,568,0,0.8299617767333984,
1,568,1,0.8267737627029419,
1,569,0,0.8215773701667786,
1,569,1,0.8208800554275513,
1,570,0,0.830507755279541,
1,570,1,0.8194832801818848,
1,571,0,0.830178439617157,
1,571,1,0.8302737474441528,
1,572,0,0.8322528004646301,
1,572,1,0.836810827255249,
1,573,0,0.8318353891372681,
1,573,1,0.8199707865715027,
1,574,0,0.8252239227294922,
1,574,1,0.8202148675918579,
1,575,0,0.8314452171325684,
1,575,1,0.8226577043533325,
1,576,0,0.8319481611251831,
1,576,1,0.8374248743057251,
1,577,0,0.828229546546936,
1,577,1,0.8248827457427979,
1,578,0,0.8288986086845398,
1,578,1,0.8239270448684692,
1,579,0,0.8266005516052246,
1,579,1,0.825893223285675,
1,580,0,0.8278617858886719,
1,580,1,0.8353664875030518,
1,581,0,0.8312069773674011,
1,581,1,0.8387894630432129,
1,582,0,0.8262141942977905,
1,582,1,0.8264127373695374,
1,583,0,0.8281350135803223,
1,583,1,0.8327454328536987,
1,584,0,0.8251511454582214,
1,584,1,0.8231889009475708,
1,585,0,0.8317979574203491,
1,585,1,0.8278398513793945,
1,586,0,0.8303396105766296,
1,586,1,0.8239126205444336,
1,587,0,0.8269070386886597,
1,587,1,0.8264077305793762,
1,588,0,0.8301742672920227,
1,588,1,0.8232309818267822,
1,589,0,0.828065037727356,
1,589,1,0.8359789848327637,
1,590,0,0.8252344727516174,
1,590,1,0.834145188331604,
1,591,0,0.8284506797790527,
1,591,1,0.8304374814033508,
1,592,0,0.8342225551605225,
1,592,1,0.8271628618240356,
1,593,0,0.8307582139968872,
1,593,1,0.8372067809104919,
1,594,0,0.83251953125,
1,594,1,0.826707124710083,
1,595,0,0.8260291814804077,
1,595,1,0.8354392051696777,
1,596,0,0.8295120000839233,
1,596,1,0.8232543468475342,
1,597,0,0.8342404365539551,
1,597,1,0.8355329036712646,
1,598,0,0.8276301622390747,
1,598,1,0.8190696835517883,
1,599,0,0.8350369930267334,
1,599,1,0.8268724083900452,
1,600,0,0.8255255818367004,
1,600,1,0.8436490297317505,
1,601,0,0.8265642523765564,
1,601,1,0.8258513808250427,
1,602,0,0.8296365141868591,
1,602,1,0.8192932605743408,
1,603,0,0.8309046030044556,
1,603,1,0.8304874897003174,
1,604,0,0.8285903334617615,
1,604,1,0.8317397236824036,
1,val,,,0.827409584124883
2,0,0,0.8289086818695068,
2,0,1,0.8279824256896973,
2,1,0,0.8323796987533569,
2,1,1,0.8261555433273315,
2,2,0,0.830964982509613,
2,2,1,0.8286526799201965,
2,3,0,0.8285858631134033,
2,3,1,0.8277078866958618,
2,4,0,0.8313610553741455,
2,4,1,0.8241146802902222,
2,5,0,0.8298149108886719,
2,5,1,0.8324471712112427,
2,6,0,0.8313538432121277,
2,6,1,0.8297541737556458,
2,7,0,0.8294515609741211,
2,7,1,0.8319507241249084,
2,8,0,0.8249804973602295,
2,8,1,0.8261416554450989,
2,9,0,0.8268824219703674,
2,9,1,0.8264760375022888,
2,10,0,0.8264459371566772,
2,10,1,0.8284698724746704,
2,11,0,0.8293724656105042,
2,11,1,0.8234767317771912,
2,12,0,0.8237384557723999,
2,12,1,0.8298872709274292,
2,13,0,0.8313050270080566,
2,13,1,0.8331324458122253,
2,14,0,0.8271318674087524,
2,14,1,0.8237862586975098,
2,15,0,0.8270083069801331,
2,15,1,0.8293476700782776,
2,16,0,0.8289823532104492,
2,16,1,0.8326886892318726,
2,17,0,0.8300298452377319,
2,17,1,0.8288833498954773,
2,18,0,0.8272356986999512,
2,18,1,0.8334189057350159,
2,19,0,0.8335703611373901,
2,19,1,0.8195706605911255,
2,20,0,0.8297879099845886,
2,20,1,0.8287848234176636,
2,21,0,0.8312325477600098,
2,21,1,0.8241844177246094,
2,22,0,0.8285338282585144,
2,22,1,0.826923131942749,
2,23,0,0.8278911113739014,
2,23,1,0.8223454356193542,
2,24,0,0.828367292881012,
2,24,1,0.8286494612693787,
2,25,0,0.8261471390724182,
2,25,1,0.8283677101135254,
2,26,0,0.8252121806144714,
2,26,1,0.8218774795532227,
2,27,0,0.8302088379859924,
2,27,1,0.8265174031257629,
2,28,0,0.8270206451416016,
2,28,1,0.8278882503509521,
2,29,0,0.8304112553596497,
2,29,1,0.8323326706886292,
2,30,0,0.8304940462112427,
2,30,1,0.8156692981719971,
2,31,0,0.8332685828208923,
2,31,1,0.8260672688484192,
2,32,0,0.824461817741394,
2,32,1,0.8297495245933533,
2,33,0,0.8322583436965942,
2,33,1,0.8351349830627441,
2,34,0,0.8287248611450195,
2,34,1,0.8320749998092651,
2,35,0,0.8239113092422485,
2,35,1,0.8330864310264587,
2,36,0,0.8253431916236877,
2,36,1,0.8309653997421265,
2,37,0,0.8295928835868835,
2,37,1,0.8186037540435791,
2,38,0,0.8262960910797119,
2,38,1,0.8166168928146362,
2,39,0,0.833755373954773,
2,39,1,0.8272265791893005,
2,40,0,0.829070508480072,
2,40,1,0.8262691497802734,
2,41,0,0.82533860206604,
2,41,1,0.8292959928512573,
2,42,0,0.8281348943710327,
2,42,1,0.8250797986984253,
2,43,0,0.8300919532775879,
2,43,1,0.8314307928085327,
2,44,0,0.8285192251205444,
2,44,1,0.8353867530822754,
2,45,0,0.8227538466453552,
2,45,1,0.8389870524406433,
2,46,0,0.8297582268714905,
2,46,1,0.8301159143447876,
2,47,0,0.8256711363792419,
2,47,1,0.824280321598053,
2,48,0,0.8327404856681824,
2,48,1,0.8222977519035339,
2,49,0,0.8300314545631409,
2,49,1,0.8332818746566772,
2,50,0,0.8312281966209412,
2,50,1,0.8251737356185913,
2,51,0,0.8315240740776062,
2,51,1,0.8313331604003906,
2,52,0,0.8310383558273315,
2,52,1,0.8299915194511414,
2,53,0,0.833882749080658,
2,53,1,0.834712028503418,
2,54,0,0.8279002904891968,
2,54,1,0.8374054431915283,
2,55,0,0.8345320820808411,
2,55,1,0.8223558664321899,
2,56,0,0.8319040536880493,
2,56,1,0.8310681581497192,
2,57,0,0.82660973072052,
2,57,1,0.8196735382080078,
2,58,0,0.8333426713943481,
2,58,1,0.8228588104248047,
2,59,0,0.8253093361854553,
2,59,1,0.8394179940223694,
2,60,0,0.8305220603942871,
2,60,1,0.8303027749061584,
2,61,0,0.8293747901916504,
2,61,1,0.8195235133171082,
2,62,0,0.828213095664978,
2,62,1,0.8264398574829102,
2,63,0,0.8281086683273315,
2,63,1,0.8318679332733154,
2,64,0,0.8295803070068359,
2,64,1,0.8261740803718567,
2,65,0,0.8304131031036377,
2,65,1,0.8309595584869385,
2,66,0,0.832128643989563,
2,66,1,0.832919716835022,
2,67,0,0.8303319215774536,
2,67,1,0.8326879739761353,
2,68,0,0.831165075302124,
2,68,1,0.8290759325027466,
2,69,0,0.8307726383209229,
2,69,1,0.8269693851470947,
2,70,0,0.8282342553138733,
2,70,1,0.8163366317749023,
2,71,0,0.8282465934753418,
2,71,1,0.8389348983764648,
2,72,0,0.8281840085983276,
2,72,1,0.8320903778076172,
2,73,0,0.824022650718689,
2,73,1,0.8305637836456299,
2,74,0,0.8266856074333191,
2,74,1,0.8236707448959351,
2,75,0,0.8306354284286499,
2,75,1,0.8286029696464539,
2,76,0,0.825419545173645,
2,76,1,0.826490044593811,
2,77,0,0.8256670236587524,
2,77,1,0.8139752149581909,
2,78,0,0.833784818649292,
2,78,1,0.8321154117584229,
2,79,0,0.8270065784454346,
2,79,1,0.820023775100708,
2,80,0,0.8331437110900879,
2,80,1,0.8258975744247437,
2,81,0,0.825660228729248,
2,81,1,0.8444935083389282,
2,82,0,0.8294117450714111,
2,82,1,0.8309276103973389,
2,83,0,0.8274143934249878,
2,83,1,0.8244497776031494,
2,84,0,0.8249387741088867,
2,84,1,0.8232203722000122,
2,85,0,0.8264511227607727,
2,85,1,0.8316296935081482,
2,86,0,0.8320429921150208,
2,86,1,0.8330039978027344,
2,87,0,0.8273212909698486,
2,87,1,0.8305229544639587,
2,88,0,0.8270584940910339,
2,88,1,0.8346869945526123,
2,89,0,0.8263722658157349,
2,89,1,0.825793981552124,
2,90,0,0.8266617655754089,
2,90,1,0.8218475580215454,
2,91,0,0.827041745185852,
2,91,1,0.8342384099960327,
2,92,0,0.8284472823143005,
2,92,1,0.8254179954528809,
2,93,0,0.8297094106674194,
2,93,1,0.8344175815582275,
2,94,0,0.8306847810745239,
2,94,1,0.8268570899963379,
2,95,0,0.8307096362113953,
2,95,1,0.8279503583908081,
2,96,0,0.8286504149436951,
2,96,1,0.8236616253852844,
2,97,0,0.8281073570251465,
2,97,1,0.8350085616111755,
2,98,0,0.8343491554260254,
2,98,1,0.831486701965332,
2,99,0,0.8262091875076294,
2,99,1,0.8354328870773315,
2,100,0,0.8303180932998657,
2,100,1,0.8249833583831787,
2,101,0,0.8294742107391357,
2,101,1,0.8285632729530334,
2,102,0,0.8298420310020447,
2,102,1,0.8151570558547974,
2,103,0,0.82925945520401,
2,103,1,0.838293194770813,
2,104,0,0.833621621131897,
2,104,1,0.8294751048088074,
2,105,0,0.8361983895301819,
2,105,1,0.8241763710975647,
2,106,0,0.8261415362358093,
2,106,1,0.8324213027954102,
2,107,0,0.8329572081565857,
2,107,1,0.8263751864433289,
2,108,0,0.8237485289573669,
2,108,1,0.8354103565216064,
2,109,0,0.8327721953392029,
2,109,1,0.8310801386833191,
2,110,0,0.824845552444458,
2,110,1,0.8334734439849854,
2,111,0,0.8309769630432129,
2,111,1,0.8350627422332764,
2,112,0,0.8301310539245605,
2,112,1,0.8225790858268738,
2,113,0,0.8328508138656616,
2,113,1,0.8315143585205078,
2,114,0,0.8326088190078735,
2,114,1,0.8326168656349182,
2,115,0,0.8292006850242615,
2,115,1,0.8186697363853455,
2,116,0,0.8282279968261719,
2,116,1,0.8242154121398926,
2,117,0,0.8276590704917908,
2,117,1,0.8333658576011658,
2,118,0,0.8287403583526611,
2,118,1,0.8295749425888062,
2,119,0,0.829569935798645,
2,119,1,0.8238227367401123,
2,120,0,0.8293947577476501,
2,120,1,0.8293485641479492,
2,121,0,0.8308175206184387,
2,121,1,0.8267389535903931,
2,122,0,0.8322257995605469,
2,122,1,0.8261067867279053,
2,123,0,0.8247736096382141,
2,123,1,0.8325164318084717,
2,124,0,0.8272188305854797,
2,124,1,0.8233469724655151,
2,125,0,0.8298786878585815,
2,125,1,0.8360291719436646,
2,126,0,0.8305295705795288,
2,126,1,0.8330937027931213,
2,127,0,0.8275834918022156,
2,127,1,0.8325393199920654,
2,128,0,0.8248030543327332,
2,128,1,0.823134183883667,
2,129,0,0.8286362290382385,
2,129,1,0.8314030170440674,
2,130,0,0.8301263451576233,
2,130,1,0.8316514492034912,
2,131,0,0.8286190032958984,
2,131,1,0.8240402936935425,
2,132,0,0.8243306279182434,
2,132,1,0.8308525085449219,
2,133,0,0.8257737159729004,
2,133,1,0.844183623790741,
2,134,0,0.8263870477676392,
2,134,1,0.8365650177001953,
2,135,0,0.8284546732902527,
2,135,1,0.8296049237251282,
2,136,0,0.8261297345161438,
2,136,1,0.8378908634185791,
2,137,0,0.8252073526382446,
2,137,1,0.8328447341918945,
2,138,0,0.8264076709747314,
2,138,1,0.8255804777145386,
2,139,0,0.8302509188652039,
2,139,1,0.8292996883392334,
2,140,0,0.823981761932373,
2,140,1,0.8386964797973633,
2,141,0,0.8307583332061768,
2,141,1,0.8236947655677795,
2,142,0,0.8284105062484741,
2,142,1,0.8329750299453735,
2,143,0,0.8317152261734009,
2,143,1,0.8299993872642517,
2,144,0,0.8274234533309937,
2,144,1,0.8228339552879333,
2,145,0,0.8282766342163086,
2,145,1,0.8264651894569397,
2,146,0,0.8275850415229797,
2,146,1,0.8288689851760864,
2,147,0,0.8275001645088196,
2,147,1,0.8223576545715332,
2,148,0,0.8251295685768127,
2,148,1,0.8324324488639832,
2,149,0,0.8254640698432922,
2,149,1,0.8211053609848022,
2,150,0,0.8310248255729675,
2,150,1,0.8283413648605347,
2,151,0,0.8298348784446716,
2,151,1,0.8249080181121826,
2,152,0,0.8272526860237122,
2,152,1,0.8269690275192261,
2,153,0,0.8242768049240112,
2,153,1,0.8262771368026733,
2,154,0,0.8261991739273071,
2,154,1,0.8230088949203491,
2,155,0,0.8275575041770935,
2,155,1,0.8277047872543335,
2,156,0,0.8274315595626831,
2,156,1,0.8387250900268555,
2,157,0,0.826505184173584,
2,157,1,0.8237200975418091,
2,158,0,0.8288227915763855,
2,158,1,0.827476978302002,
2,159,0,0.8273183703422546,
2,159,1,0.8316258788108826,
2,160,0,0.8263256549835205,
2,160,1,0.8168500065803528,
2,161,0,0.8293182849884033,
2,161,1,0.8346470594406128,
2,162,0,0.8261886835098267,
2,162,1,0.8285184502601624,
2,163,0,0.8283158540725708,
2,163,1,0.8330185413360596,
2,164,0,0.8289068341255188,
2,164,1,0.8298714756965637,
2,165,0,0.831375241279602,
2,165,1,0.8182523250579834,
2,166,0,0.8342024087905884,
2,166,1,0.8234641551971436,
2,167,0,0.8297474384307861,
2,167,1,0.8315384387969971,
2,168,0,0.8307095170021057,
2,168,1,0.8381968140602112,
2,169,0,0.8274670839309692,
2,169,1,0.8291746377944946,
2,170,0,0.8248167037963867,
2,170,1,0.8323096036911011,
2,171,0,0.8247193098068237,
2,171,1,0.8208604454994202,
2,172,0,0.8346512317657471,
2,172,1,0.825890064239502,
2,173,0,0.8286351561546326,
2,173,1,0.8236242532730103,
2,174,0,0.8307019472122192,
2,174,1,0.8243154287338257,
2,175,0,0.8339992165565491,
2,175,1,0.832439661026001,
2,176,0,0.8282240033149719,
2,176,1,0.8388283848762512,
2,177,0,0.8291189074516296,
2,177,1,0.8238265514373779,
2,178,0,0.829602837562561,
2,178,1,0.8229690790176392,
2,179,0,0.8295172452926636,
2,179,1,0.8301743268966675,
2,180,0,0.8297278881072998,
2,180,1,0.8392860889434814,
2,181,0,0.8291226029396057,
2,181,1,0.8306336402893066,
2,182,0,0.8313812613487244,
2,182,1,0.8333407640457153,
2,183,0,0.8252519369125366,
2,183,1,0.8257684111595154,
2,184,0,0.8269192576408386,
2,184,1,0.8331931829452515,
2,185,0,0.8257526159286499,
2,185,1,0.8402849435806274,
2,186,0,0.8292375206947327,
2,186,1,0.8305113911628723,
2,187,0,0.8261492848396301,
2,187,1,0.8286969065666199,
2,188,0,0.8306052684783936,
2,188,1,0.8246479034423828,
2,189,0,0.8318651914596558,
2,189,1,0.827824056148529,
2,190,0,0.8263524174690247,
2,190,1,0.831451416015625,
2,191,0,0.8273763656616211,
2,191,1,0.8277283310890198,
2,192,0,0.8295167684555054,
2,192,1,0.8232437372207642,
2,193,0,0.829092264175415,
2,193,1,0.8264750838279724,
2,194,0,0.8283222317695618,
2,194,1,0.825613260269165,
2,195,0,0.8291491270065308,
2,195,1,0.8281465172767639,
2,196,0,0.8245372772216797,
2,196,1,0.82869553565979,
2,197,0,0.8318188786506653,
2,197,1,0.8274205327033997,
2,198,0,0.8305922150611877,
2,198,1,0.833907961845398,
2,199,0,0.8290578126907349,
2,199,1,0.8181232810020447,
2,200,0,0.8315580487251282,
2,200,1,0.8317968845367432,
2,201,0,0.8267004489898682,
2,201,1,0.8272444009780884,
2,202,0,0.8239636421203613,
2,202,1,0.8253979682922363,
2,203,0,0.8276054859161377,
2,203,1,0.8362202644348145,
2,204,0,0.8272382020950317,
2,204,1,0.833102285861969,
2,205,0,0.828612744808197,
2,205,1,0.8199347257614136,
2,206,0,0.8268774747848511,
2,206,1,0.8311692476272583,
2,207,0,0.8254851698875427,
2,207,1,0.8253012895584106,
2,208,0,0.8282840847969055,
2,208,1,0.8286783695220947,
2,209,0,0.8269026279449463,
2,209,1,0.8320519328117371,
2,210,0,0.8330423831939697,
2,210,1,0.8309429287910461,
2,211,0,0.8285619020462036,
2,211,1,0.8257851600646973,
2,212,0,0.827342689037323,
2,212,1,0.8274658918380737,
2,213,0,0.8291902542114258,
2,213,1,0.827696681022644,
2,214,0,0.8290888071060181,
2,214,1,0.8237811326980591,
2,215,0,0.8300693035125732,
2,215,1,0.8316999077796936,
2,216,0,0.8306852579116821,
2,216,1,0.8309018611907959,
2,217,0,0.8249256610870361,
2,217,1,0.8299736380577087,
2,218,0,0.8263265490531921,
2,218,1,0.8238351345062256,
2,219,0,0.8327771425247192,
2,219,1,0.8347916603088379,
2,220,0,0.8304721117019653,
2,220,1,0.8288685083389282,
2,221,0,0.8268287777900696,
2,221,1,0.8273749351501465,
2,222,0,0.8260412216186523,
2,222,1,0.8327836394309998,
2,223,0,0.827156662940979,
2,223,1,0.8248330354690552,
2,224,0,0.8331223726272583,
2,224,1,0.8268335461616516,
2,225,0,0.8253808617591858,
2,225,1,0.8283650875091553,
2,226,0,0.8244612216949463,
2,226,1,0.825584888458252,
2,227,0,0.8247759938240051,
2,227,1,0.8217783570289612,
2,228,0,0.8293980956077576,
2,228,1,0.830706000328064,
2,229,0,0.8256819248199463,
2,229,1,0.83318030834198,
2,230,0,0.8266581892967224,
2,230,1,0.8213686347007751,
2,231,0,0.8281214237213135,
2,231,1,0.8266165256500244,
2,232,0,0.8268720507621765,
2,232,1,0.8345638513565063,
2,233,0,0.8280476927757263,
2,233,1,0.8324287533760071,
2,234,0,0.8329240679740906,
2,234,1,0.8300206661224365,
2,235,0,0.8270022869110107,
2,235,1,0.8350350856781006,
2,236,0,0.8238509893417358,
2,236,1,0.8340557813644409,
2,237,0,0.829906165599823,
2,237,1,0.8241591453552246,
2,238,0,0.8303490281105042,
2,238,1,0.8250659108161926,
2,239,0,0.8279466032981873,
2,239,1,0.8360937833786011,
2,240,0,0.8303625583648682,
2,240,1,0.8277877569198608,
2,241,0,0.8245187997817993,
2,241,1,0.8265953660011292,
2,242,0,0.8283395767211914,
2,242,1,0.8172184824943542,
2,243,0,0.8225998282432556,
2,243,1,0.8287667036056519,
2,244,0,0.8254213333129883,
2,244,1,0.8366496562957764,
2,245,0,0.8309826850891113,
2,245,1,0.8279933333396912,
2,246,0,0.8261855840682983,
2,246,1,0.8230794072151184,
2,247,0,0.8282280564308167,
2,247,1,0.8228633403778076,
2,248,0,0.8291506171226501,
2,248,1,0.8306834697723389,
2,249,0,0.8287667036056519,
2,249,1,0.8343806266784668,
2,250,0,0.8262201547622681,
2,250,1,0.8284136056900024,
2,251,0,0.8285961151123047,
2,251,1,0.8239541053771973,
2,252,0,0.8276993036270142,
2,252,1,0.8327247500419617,
2,253,0,0.8271483778953552,
2,253,1,0.8224651217460632,
2,254,0,0.8251519203186035,
2,254,1,0.8284610509872437,
2,255,0,0.8278125524520874,
2,255,1,0.828302264213562,
2,256,0,0.8255854845046997,
2,256,1,0.8253616690635681,
2,257,0,0.8269743323326111,
2,257,1,0.8263586759567261,
2,258,0,0.8304492235183716,
2,258,1,0.8292491436004639,
2,259,0,0.8277469277381897,
2,259,1,0.8272412419319153,
2,260,0,0.8258900046348572,
2,260,1,0.8386662006378174,
2,261,0,0.8280078768730164,
2,261,1,0.8329283595085144,
2,262,0,0.8269298076629639,
2,262,1,0.8300513029098511,
2,263,0,0.8290537595748901,
2,263,1,0.820293664932251,
2,264,0,0.8270410299301147,
2,264,1,0.8242493867874146,
2,265,0,0.8298401832580566,
2,265,1,0.8284938335418701,
2,266,0,0.8305032849311829,
2,266,1,0.829704999923706,
2,267,0,0.8262807726860046,
2,267,1,0.8252423405647278,
2,268,0,0.8284193277359009,
2,268,1,0.8199841976165771,
2,269,0,0.8234169483184814,
2,269,1,0.8192569017410278,
2,270,0,0.8315385580062866,
2,270,1,0.8195751905441284,
2,271,0,0.8288941979408264,
2,271,1,0.834436297416687,
2,272,0,0.826887309551239,
2,272,1,0.837654173374176,
2,273,0,0.8288336396217346,
2,273,1,0.838306188583374,
2,274,0,0.8307696580886841,
2,274,1,0.829630970954895,
2,275,0,0.8284999132156372,
2,275,1,0.8295609951019287,
2,276,0,0.8255045413970947,
2,276,1,0.8291147351264954,
2,277,0,0.830321192741394,
2,277,1,0.8294926881790161,
2,278,0,0.8285856246948242,
2,278,1,0.8267359733581543,
2,279,0,0.8316260576248169,
2,279,1,0.8289651274681091,
2,280,0,0.8301683664321899,
2,280,1,0.8309048414230347,
2,281,0,0.8273852467536926,
2,281,1,0.8319958448410034,
2,282,0,0.824607789516449,
2,282,1,0.82117760181427,
2,283,0,0.8282328844070435,
2,283,1,0.828088641166687,
2,284,0,0.8294317722320557,
2,284,1,0.823627769947052,
2,285,0,0.83023601770401,
2,285,1,0.8339838981628418,
2,286,0,0.8279464244842529,
2,286,1,0.8196384310722351,
2,287,0,0.8286187648773193,
2,287,1,0.8330819010734558,
2,288,0,0.8283488154411316,
2,288,1,0.8301358222961426,
2,289,0,0.8259762525558472,
2,289,1,0.8339115977287292,
2,290,0,0.826919674873352,
2,290,1,0.8252342939376831,
2,291,0,0.8257502317428589,
2,291,1,0.8221826553344727,
2,292,0,0.8311582803726196,
2,292,1,0.8354655504226685,
2,293,0,0.827174186706543,
2,293,1,0.8217068910598755,
2,294,0,0.8267913460731506,
2,294,1,0.8305991888046265,
2,295,0,0.8263675570487976,
2,295,1,0.8373322486877441,
2,296,0,0.8271051645278931,
2,296,1,0.8192853927612305,
2,297,0,0.8212743997573853,
2,297,1,0.8356822729110718,
2,298,0,0.8265695571899414,
2,298,1,0.8251858949661255,
2,299,0,0.8302910923957825,
2,299,1,0.8324182033538818,
2,300,0,0.8299922347068787,
2,300,1,0.821522057056427,
2,301,0,0.8251996636390686,
2,301,1,0.826513946056366,
2,302,0,0.8288875818252563,
2,302,1,0.8308610916137695,
2,303,0,0.8257291316986084,
2,303,1,0.812034547328949,
2,304,0,0.8297086954116821,
2,304,1,0.8264657258987427,
2,305,0,0.8240798115730286,
2,305,1,0.831622838973999,
2,306,0,0.8261693716049194,
2,306,1,0.8241573572158813,
2,307,0,0.8286964893341064,
2,307,1,0.8312520980834961,
2,308,0,0.830680251121521,
2,308,1,0.822175145149231,
2,309,0,0.834221363067627,
2,309,1,0.8227701783180237,
2,310,0,0.822111964225769,
2,310,1,0.8275740146636963,
2,311,0,0.8249083757400513,
2,311,1,0.8293230533599854,
2,312,0,0.8287478685379028,
2,312,1,0.8281470537185669,
2,313,0,0.8246986269950867,
2,313,1,0.8341079950332642,
2,314,0,0.8294944763183594,
2,314,1,0.8258730173110962,
2,315,0,0.8302260637283325,
2,315,1,0.8359755277633667,
2,316,0,0.8267478942871094,
2,316,1,0.8350425958633423,
2,317,0,0.8284216523170471,
2,317,1,0.8271708488464355,
2,318,0,0.8273385167121887,
2,318,1,0.827470064163208,
2,319,0,0.8281639814376831,
2,319,1,0.8239325284957886,
2,320,0,0.8257721662521362,
2,320,1,0.8259772062301636,
2,321,0,0.8243057727813721,
2,321,1,0.8305038809776306,
2,322,0,0.8320486545562744,
2,322,1,0.8366293907165527,
2,323,0,0.8301231265068054,
2,323,1,0.8331137299537659,
2,324,0,0.8245999813079834,
2,324,1,0.8163400888442993,
2,325,0,0.8296955227851868,
2,325,1,0.82696533203125,
2,326,0,0.8292864561080933,
2,326,1,0.8240602016448975,
2,327,0,0.8324760794639587,
2,327,1,0.8164399862289429,
2,328,0,0.8256480693817139,
2,328,1,0.8335137963294983,
2,329,0,0.8294219970703125,
2,329,1,0.8321725130081177,
2,330,0,0.8292904496192932,
2,330,1,0.8211959600448608,
2,331,0,0.831787109375,
2,331,1,0.8277494311332703,
2,332,0,0.8286111354827881,
2,332,1,0.8236175775527954,
2,333,0,0.8288930058479309,
2,333,1,0.8289793729782104,
2,334,0,0.8264634013175964,
2,334,1,0.8263638019561768,
2,335,0,0.8257372379302979,
2,335,1,0.827950119972229,
2,336,0,0.8245329856872559,
2,336,1,0.8295242786407471,
2,337,0,0.8258522748947144,
2,337,1,0.8311813473701477,
2,338,0,0.8316657543182373,
2,338,1,0.8286210298538208,
2,339,0,0.8262124061584473,
2,339,1,0.828162431716919,
2,340,0,0.8291059136390686,
2,340,1,0.8232455253601074,
2,341,0,0.8254871964454651,
2,341,1,0.8315789699554443,
2,342,0,0.8268271684646606,
2,342,1,0.8313218355178833,
2,343,0,0.8294838070869446,
2,343,1,0.820926308631897,
2,344,0,0.8292433023452759,
2,344,1,0.8332871198654175,
2,345,0,0.8291370868682861,
2,345,1,0.8233869671821594,
2,346,0,0.8277862071990967,
2,346,1,0.832686185836792,
2,347,0,0.8265845775604248,
2,347,1,0.8339927196502686,
2,348,0,0.8287819623947144,
2,348,1,0.8387041091918945,
2,349,0,0.8258910179138184,
2,349,1,0.8351930379867554,
2,350,0,0.8268070220947266,
2,350,1,0.8294280767440796,
2,351,0,0.8270989656448364,
2,351,1,0.8311131000518799,
2,352,0,0.8247185945510864,
2,352,1,0.8225481510162354,
2,353,0,0.8308761715888977,
2,353,1,0.8298081159591675,
2,354,0,0.8315756320953369,
2,354,1,0.8286147117614746,
2,355,0,0.8304402828216553,
2,355,1,0.8228705525398254,
2,356,0,0.8301523923873901,
2,356,1,0.8245952129364014,
2,357,0,0.8281280398368835,
2,357,1,0.8329592347145081,
2,358,0,0.8284920454025269,
2,358,1,0.8334944248199463,
2,359,0,0.8243762254714966,
2,359,1,0.8292551040649414,
2,360,0,0.8249917030334473,
2,360,1,0.8333384990692139,
2,361,0,0.8300620317459106,
2,361,1,0.8256771564483643,
2,362,0,0.8262162208557129,
2,362,1,0.827418327331543,
2,363,0,0.8306543827056885,
2,363,1,0.8240465521812439,
2,364,0,0.8253611326217651,
2,364,1,0.8305709362030029,
2,365,0,0.8270646333694458,
2,365,1,0.8306748867034912,
2,366,0,0.8289543390274048,
2,366,1,0.8315428495407104,
2,367,0,0.8276416063308716,
2,367,1,0.8311913013458252,
2,368,0,0.8261007070541382,
2,368,1,0.8284350633621216,
2,369,0,0.8289996385574341,
2,369,1,0.8237032890319824,
2,370,0,0.8263877630233765,
2,370,1,0.8231858015060425,
2,371,0,0.8248468041419983,
2,371,1,0.8343591094017029,
2,372,0,0.8277781009674072,
2,372,1,0.8268779516220093,
2,373,0,0.8268795609474182,
2,373,1,0.8308918476104736,
2,374,0,0.8288047909736633,
2,374,1,0.8207513689994812,
2,375,0,0.8264999389648438,
2,375,1,0.82853102684021,
2,376,0,0.8236790895462036,
2,376,1,0.8225085139274597,
2,377,0,0.8317052721977234,
2,377,1,0.8246171474456787,
2,378,0,0.8291075825691223,
2,378,1,0.8262287378311157,
2,379,0,0.8258429169654846,
2,379,1,0.8339617252349854,
2,380,0,0.8278082013130188,
2,380,1,0.824248194694519,
2,381,0,0.825885534286499,
2,381,1,0.8236160278320312,
2,382,0,0.8299800157546997,
2,382,1,0.8246797323226929,
2,383,0,0.8280609250068665,
2,383,1,0.8194249272346497,
2,384,0,0.8255783915519714,
2,384,1,0.8210301399230957,
2,385,0,0.82790207862854,
2,385,1,0.8326541185379028,
2,386,0,0.8205033540725708,
2,386,1,0.8334125280380249,
2,387,0,0.8276336193084717,
2,387,1,0.8308124542236328,
2,388,0,0.8240758776664734,
2,388,1,0.8223272562026978,
2,389,0,0.8294980525970459,
2,389,1,0.8242247104644775,
2,390,0,0.8262258768081665,
2,390,1,0.8316938281059265,
2,391,0,0.8317282199859619,
2,391,1,0.8237602710723877,
2,392,0,0.8249055743217468,
2,392,1,0.8227819204330444,
2,393,0,0.8279977440834045,
2,393,1,0.8371477127075195,
2,394,0,0.8260782957077026,
2,394,1,0.8218189477920532,
2,395,0,0.8302696943283081,
2,395,1,0.8286839127540588,
2,396,0,0.8279162645339966,
2,396,1,0.8365663290023804,
2,397,0,0.8303383588790894,
2,397,1,0.8224966526031494,
2,398,0,0.829351544380188,
2,398,1,0.837277889251709,
2,399,0,0.822511613368988,
2,399,1,0.8296040296554565,
2,400,0,0.8303030729293823,
2,400,1,0.8337864875793457,
2,401,0,0.8300815224647522,
2,401,1,0.8320590257644653,
2,402,0,0.8307667374610901,
2,402,1,0.8260032534599304,
2,403,0,0.828753650188446,
2,403,1,0.8238632678985596,
2,404,0,0.8267533183097839,
2,404,1,0.8296602368354797,
2,405,0,0.8271953463554382,
2,405,1,0.8315363526344299,
2,406,0,0.8255391120910645,
2,406,1,0.8237713575363159,
2,407,0,0.8282749652862549,
2,407,1,0.8204033374786377,
2,408,0,0.8245865106582642,
2,408,1,0.8341848850250244,
2,409,0,0.8234752416610718,
2,409,1,0.8216213583946228,
2,410,0,0.8264009952545166,
2,410,1,0.8281698822975159,
2,411,0,0.8280355334281921,
2,411,1,0.8258901834487915,
2,412,0,0.82834792137146,
2,412,1,0.8299954533576965,
2,413,0,0.8266489505767822,
2,413,1,0.8306488990783691,
2,414,0,0.8259004354476929,
2,414,1,0.8338999152183533,
2,415,0,0.827735424041748,
2,415,1,0.8284780979156494,
2,416,0,0.827725887298584,
2,416,1,0.8276957273483276,
2,417,0,0.8257625102996826,
2,417,1,0.8343488574028015,
2,418,0,0.827629804611206,
2,418,1,0.8268003463745117,
2,419,0,0.8292457461357117,
2,419,1,0.8313015699386597,
2,420,0,0.8313336372375488,
2,420,1,0.8285458087921143,
2,421,0,0.8290015459060669,
2,421,1,0.8345083594322205,
2,422,0,0.8268851637840271,
2,422,1,0.8360373973846436,
2,423,0,0.8272624015808105,
2,423,1,0.8309258222579956,
2,424,0,0.830721914768219,
2,424,1,0.8352899551391602,
2,425,0,0.8249061107635498,
2,425,1,0.8244342803955078,
2,426,0,0.8259046077728271,
2,426,1,0.8321248888969421,
2,427,0,0.829653263092041,
2,427,1,0.8295983672142029,
2,428,0,0.8263494968414307,
2,428,1,0.8336359262466431,
2,429,0,0.8287057280540466,
2,429,1,0.8295618295669556,
2,430,0,0.8266618847846985,
2,430,1,0.8286383748054504,
2,431,0,0.8299143314361572,
2,431,1,0.8242676258087158,
2,432,0,0.8282421827316284,
2,432,1,0.8262097239494324,
2,433,0,0.8242358565330505,
2,433,1,0.8290195465087891,
2,434,0,0.830942690372467,
2,434,1,0.8319523334503174,
2,435,0,0.8268007040023804,
2,435,1,0.8305354118347168,
2,436,0,0.8274502754211426,
2,436,1,0.8288644552230835,
2,437,0,0.8228681087493896,
2,437,1,0.8288549184799194,
2,438,0,0.8314485549926758,
2,438,1,0.8262358903884888,
2,439,0,0.8258687257766724,
2,439,1,0.8192400336265564,
2,440,0,0.8262662887573242,
2,440,1,0.829046905040741,
2,441,0,0.8290072083473206,
2,441,1,0.8207738399505615,
2,442,0,0.8281067609786987,
2,442,1,0.8219812512397766,
2,443,0,0.8237311244010925,
2,443,1,0.8253054022789001,
2,444,0,0.824592649936676,
2,444,1,0.8339543342590332,
2,445,0,0.828213095664978,
2,445,1,0.8266435861587524,
2,446,0,0.8294258713722229,
2,446,1,0.8286415338516235,
2,447,0,0.8226443529129028,
2,447,1,0.8273496627807617,
2,448,0,0.8277868628501892,
2,448,1,0.8257846832275391,
2,449,0,0.830437421798706,
2,449,1,0.8112592101097107,
2,450,0,0.8279870748519897,
2,450,1,0.8283371925354004,
2,451,0,0.8283729553222656,
2,451,1,0.8277186155319214,
2,452,0,0.8275134563446045,
2,452,1,0.8227535486221313,
2,453,0,0.8274953365325928,
2,453,1,0.830795407295227,
2,454,0,0.8270658850669861,
2,454,1,0.8380672335624695,
2,455,0,0.8283060789108276,
2,455,1,0.8284265398979187,
2,456,0,0.8248118162155151,
2,456,1,0.8391866087913513,
2,457,0,0.825934886932373,
2,457,1,0.8198186159133911,
2,458,0,0.8280389308929443,
2,458,1,0.8252242803573608,
2,459,0,0.8253763318061829,
2,459,1,0.8271775245666504,
2,460,0,0.8267011642456055,
2,460,1,0.8298996686935425,
2,461,0,0.8211582899093628,
2,461,1,0.8255751729011536,
2,462,0,0.8272076845169067,
2,462,1,0.8316612243652344,
2,463,0,0.82986980676651,
2,463,1,0.8229345083236694,
2,464,0,0.8273317217826843,
2,464,1,0.8250257968902588,
2,465,0,0.8266403675079346,
2,465,1,0.8299539685249329,
2,466,0,0.8305333256721497,
2,466,1,0.8313111662864685,
2,467,0,0.8273257613182068,
2,467,1,0.8228935599327087,
2,468,0,0.826388418674469,
2,468,1,0.831289529800415,
2,469,0,0.8287156224250793,
2,469,1,0.8289238810539246,
2,470,0,0.8297934532165527,
2,470,1,0.8327926397323608,
2,471,0,0.8311740159988403,
2,471,1,0.8304679989814758,
2,472,0,0.8251615762710571,
2,472,1,0.8201844692230225,
2,473,0,0.8268864154815674,
2,473,1,0.8247615098953247,
2,474,0,0.8262937068939209,
2,474,1,0.8308857083320618,
2,475,0,0.8298355340957642,
2,475,1,0.8246721029281616,
2,476,0,0.8297884464263916,
2,476,1,0.8246843814849854,
2,477,0,0.8284921646118164,
2,477,1,0.8261197805404663,
2,478,0,0.8238928318023682,
2,478,1,0.8296254277229309,
2,479,0,0.8268558979034424,
2,479,1,0.82606440782547,
2,480,0,0.8252488374710083,
2,480,1,0.8198685050010681,
2,481,0,0.8269544243812561,
2,481,1,0.8327515125274658,
2,482,0,0.8291084170341492,
2,482,1,0.8218761086463928,
2,483,0,0.8282247185707092,
2,483,1,0.8230948448181152,
2,484,0,0.8346507549285889,
2,484,1,0.8266257047653198,
2,485,0,0.8287243247032166,
2,485,1,0.8324774503707886,
2,486,0,0.8280513882637024,
2,486,1,0.8300701379776001,
2,487,0,0.8295021057128906,
2,487,1,0.8312523365020752,
2,488,0,0.8259458541870117,
2,488,1,0.8267834186553955,
2,489,0,0.8257818818092346,
2,489,1,0.832858681678772,
2,490,0,0.8291503190994263,
2,490,1,0.8315126299858093,
2,491,0,0.8295096755027771,
2,491,1,0.8234854936599731,
2,492,0,0.8256967067718506,
2,492,1,0.825849175453186,
2,493,0,0.8307670950889587,
2,493,1,0.8226867914199829,
2,494,0,0.8272274732589722,
2,494,1,0.827630877494812,
2,495,0,0.8284531831741333,
2,495,1,0.8266529440879822,
2,496,0,0.8283194899559021,
2,496,1,0.8345540761947632,
2,497,0,0.8259047269821167,
2,497,1,0.8159133195877075,
2,498,0,0.8226494789123535,
2,498,1,0.8287944197654724,
2,499,0,0.8310532569885254,
2,499,1,0.8234891891479492,
2,500,0,0.8248260617256165,
2,500,1,0.8251281380653381,
2,501,0,0.8276143670082092,
2,501,1,0.8164367079734802,
2,502,0,0.8288824558258057,
2,502,1,0.8292351961135864,
2,503,0,0.8312550783157349,
2,503,1,0.8240146636962891,
2,504,0,0.8279628157615662,
2,504,1,0.8281473517417908,
2,505,0,0.8241198658943176,
2,505,1,0.8291946649551392,
2,506,0,0.8319398164749146,
2,506,1,0.8291073441505432,
2,507,0,0.8282437920570374,
2,507,1,0.830422043800354,
2,508,0,0.8295437097549438,
2,508,1,0.824778139591217,
2,509,0,0.8314528465270996,
2,509,1,0.8316512107849121,
2,510,0,0.8278838396072388,
2,510,1,0.82625412940979,
2,511,0,0.8343687057495117,
2,511,1,0.8311617970466614,
2,512,0,0.8296257257461548,
2,512,1,0.8184672594070435,
2,513,0,0.8243921995162964,
2,513,1,0.828762948513031,
2,514,0,0.8284941911697388,
2,514,1,0.8368556499481201,
2,515,0,0.830597460269928,
2,515,1,0.8180112242698669,
2,516,0,0.8280209898948669,
2,516,1,0.8346654772758484,
2,517,0,0.8281168937683105,
2,517,1,0.8235383033752441,
2,518,0,0.82555091381073,
2,518,1,0.8263487815856934,
2,519,0,0.8295508623123169,
2,519,1,0.8296473026275635,
2,520,0,0.8286766409873962,
2,520,1,0.829230546951294,
2,521,0,0.8273025155067444,
2,521,1,0.8279516696929932,
2,522,0,0.8254045248031616,
2,522,1,0.8279436826705933,
2,523,0,0.8264497518539429,
2,523,1,0.8217557668685913,
2,524,0,0.8261663913726807,
2,524,1,0.8223252296447754,
2,525,0,0.8275792598724365,
2,525,1,0.8259889483451843,
2,526,0,0.8267831802368164,
2,526,1,0.8238369226455688,
2,527,0,0.8303697109222412,
2,527,1,0.8170263767242432,
2,528,0,0.8284796476364136,
2,528,1,0.8266012072563171,
2,529,0,0.8291550874710083,
2,529,1,0.822992205619812,
2,530,0,0.8289498686790466,
2,530,1,0.8260983228683472,
2,531,0,0.8273487091064453,
2,531,1,0.8283934593200684,
2,532,0,0.8262700438499451,
2,532,1,0.834419310092926,
2,533,0,0.8292369246482849,
2,533,1,0.8311924934387207,
2,534,0,0.8306939005851746,
2,534,1,0.827968955039978,
2,535,0,0.8262701034545898,
2,535,1,0.8232401609420776,
2,536,0,0.8280200958251953,
2,536,1,0.8249053359031677,
2,537,0,0.8269240856170654,
2,537,1,0.8248778581619263,
2,538,0,0.8316981792449951,
2,538,1,0.8233482837677002,
2,539,0,0.8269549012184143,
2,539,1,0.8219537734985352,
2,540,0,0.8280013799667358,
2,540,1,0.8320624828338623,
2,541,0,0.8302985429763794,
2,541,1,0.8284792900085449,
2,542,0,0.8288533687591553,
2,542,1,0.8256548047065735,
2,543,0,0.8274155855178833,
2,543,1,0.8245736360549927,
2,544,0,0.8260111212730408,
2,544,1,0.8330214023590088,
2,545,0,0.8283505439758301,
2,545,1,0.8348014950752258,
2,546,0,0.8297940492630005,
2,546,1,0.8207364678382874,
2,547,0,0.8272879123687744,
2,547,1,0.8194565176963806,
2,548,0,0.8321387767791748,
2,548,1,0.8357948660850525,
2,549,0,0.8287841081619263,
2,549,1,0.8274533748626709,
2,550,0,0.829291582107544,
2,550,1,0.8283136487007141,
2,551,0,0.8244646787643433,
2,551,1,0.8288803100585938,
2,552,0,0.8272464871406555,
2,552,1,0.8305126428604126,
2,553,0,0.8259950876235962,
2,553,1,0.8272787928581238,
2,554,0,0.8288729190826416,
2,554,1,0.8267780542373657,
2,555,0,0.8297843933105469,
2,555,1,0.832960844039917,
2,556,0,0.8320009708404541,
2,556,1,0.8216402530670166,
2,557,0,0.8306606411933899,
2,557,1,0.8279958963394165,
2,558,0,0.8316242694854736,
2,558,1,0.8234543800354004,
2,559,0,0.8278535604476929,
2,559,1,0.8261728286743164,
2,560,0,0.8285989761352539,
2,560,1,0.8252497911453247,
2,561,0,0.8261185884475708,
2,561,1,0.827035129070282,
2,562,0,0.8256444931030273,
2,562,1,0.8317493796348572,
2,563,0,0.8256245851516724,
2,563,1,0.822848379611969,
2,564,0,0.8276751637458801,
2,564,1,0.8273828625679016,
2,565,0,0.82796311378479,
2,565,1,0.8259016275405884,
2,566,0,0.8307594656944275,
2,566,1,0.8309564590454102,
2,567,0,0.8265832662582397,
2,567,1,0.8387926816940308,
2,568,0,0.8263607621192932,
2,568,1,0.8326987028121948,
2,569,0,0.8251285552978516,
2,569,1,0.8124601244926453,
2,570,0,0.8277437090873718,
2,570,1,0.8280210494995117,
2,571,0,0.8298861980438232,
2,571,1,0.8285909295082092,
2,572,0,0.8298841714859009,
2,572,1,0.8242142200469971,
2,573,0,0.8276005387306213,
2,573,1,0.8239035606384277,
2,574,0,0.828977644443512,
2,574,1,0.8248419165611267,
2,575,0,0.8276863694190979,
2,575,1,0.8279344439506531,
2,576,0,0.8255936503410339,
2,576,1,0.8229001760482788,
2,577,0,0.8274202346801758,
2,577,1,0.8156147003173828,
2,578,0,0.8268432021141052,
2,578,1,0.8279921412467957,
2,579,0,0.8280371427536011,
2,579,1,0.8214818239212036,
2,580,0,0.8306583166122437,
2,580,1,0.823062002658844,
2,581,0,0.8301414251327515,
2,581,1,0.8273780345916748,
2,582,0,0.8248417377471924,
2,582,1,0.8202099800109863,
2,583,0,0.8223111629486084,
2,583,1,0.8318389058113098,
2,584,0,0.826766848564148,
2,584,1,0.8276008367538452,
2,585,0,0.8297145962715149,
2,585,1,0.8336621522903442,
2,586,0,0.8266724348068237,
2,586,1,0.8196563720703125,
2,587,0,0.8279648423194885,
2,587,1,0.831851065158844,
2,588,0,0.8289943933486938,
2,588,1,0.8318740129470825,
2,589,0,0.8271524310112,
2,589,1,0.8301434516906738,
2,590,0,0.8242367506027222,
2,590,1,0.82612544298172,
2,591,0,0.8257390260696411,
2,591,1,0.8290591239929199,
2,592,0,0.830132246017456,
2,592,1,0.827366828918457,
2,593,0,0.8253446221351624,
2,593,1,0.8302290439605713,
2,594,0,0.8259767889976501,
2,594,1,0.834837794303894,
2,595,0,0.8271521925926208,
2,595,1,0.8316254019737244,
2,596,0,0.827124834060669,
2,596,1,0.8361769914627075,
2,597,0,0.8301241397857666,
2,597,1,0.8226476311683655,
2,598,0,0.8255929350852966,
2,598,1,0.8329068422317505,
2,599,0,0.8306209444999695,
2,599,1,0.8331076502799988,
2,600,0,0.8260814547538757,
2,600,1,0.8248069882392883,
2,601,0,0.8242284059524536,
2,601,1,0.8245278596878052,
2,602,0,0.8283563852310181,
2,602,1,0.8273299932479858,
2,603,0,0.8295809030532837,
2,603,1,0.8344458937644958,
2,604,0,0.8308154344558716,
2,604,1,0.8250069618225098,
2,val,,,0.825946618715922
3,0,0,0.8274198770523071,
3,0,1,0.8257253766059875,
3,1,0,0.8297522068023682,
3,1,1,0.8248783349990845,
3,2,0,0.8264988660812378,
3,2,1,0.8299113512039185,
3,3,0,0.8282861113548279,
3,3,1,0.8314002752304077,
3,4,0,0.8282424807548523,
3,4,1,0.8247355222702026,
3,5,0,0.8251341581344604,
3,5,1,0.832059383392334,
3,6,0,0.8278059959411621,
3,6,1,0.8271374702453613,
3,7,0,0.8280421495437622,
3,7,1,0.8274194002151489,
3,8,0,0.8252304792404175,
3,8,1,0.821648895740509,
3,9,0,0.825372576713562,
3,9,1,0.8300065994262695,
3,10,0,0.8277995586395264,
3,10,1,0.8244050741195679,
3,11,0,0.8231765031814575,
3,11,1,0.820326030254364,
3,12,0,0.8229716420173645,
3,12,1,0.8217460513114929,
3,13,0,0.8264980316162109,
3,13,1,0.8285416960716248,
3,14,0,0.8267378807067871,
3,14,1,0.8258432745933533,
3,15,0,0.8261592388153076,
3,15,1,0.8293403387069702,
3,16,0,0.8265628814697266,
3,16,1,0.8271412253379822,
3,17,0,0.8268008232116699,
3,17,1,0.8291924595832825,
3,18,0,0.8260564804077148,
3,18,1,0.8276575803756714,
3,19,0,0.8259161710739136,
3,19,1,0.8278976678848267,
3,20,0,0.827552080154419,
3,20,1,0.8278555274009705,
3,21,0,0.8249219655990601,
3,21,1,0.8350368738174438,
3,22,0,0.8290481567382812,
3,22,1,0.8265389204025269,
3,23,0,0.826233983039856,
3,23,1,0.8238843679428101,
3,24,0,0.8232910633087158,
3,24,1,0.8279813528060913,
3,25,0,0.8256833553314209,
3,25,1,0.8280367851257324,
3,26,0,0.8246525526046753,
3,26,1,0.8249950408935547,
3,27,0,0.8276858925819397,
3,27,1,0.8328547477722168,
3,28,0,0.8214712142944336,
3,28,1,0.8260599970817566,
3,29,0,0.8270963430404663,
3,29,1,0.8301767706871033,
3,30,0,0.8278506994247437,
3,30,1,0.8217029571533203,
3,31,0,0.8309341669082642,
3,31,1,0.82220059633255,
3,32,0,0.8252649307250977,
3,32,1,0.8263292908668518,
3,33,0,0.8275936245918274,
3,33,1,0.8387427926063538,
3,34,0,0.8276916742324829,
3,34,1,0.8208975791931152,
3,35,0,0.8242032527923584,
3,35,1,0.8315373659133911,
3,36,0,0.8259957432746887,
3,36,1,0.8262618780136108,
3,37,0,0.8205363154411316,
3,37,1,0.8219158053398132,
3,38,0,0.823127031326294,
3,38,1,0.8318765759468079,
3,39,0,0.8281058073043823,
3,39,1,0.834560751914978,
3,40,0,0.8223504424095154,
3,40,1,0.8199506402015686,
3,41,0,0.8253680467605591,
3,41,1,0.834205150604248,
3,42,0,0.826725959777832,
3,42,1,0.8320586085319519,
3,43,0,0.8298360109329224,
3,43,1,0.8261756300926208,
3,44,0,0.8296721577644348,
3,44,1,0.8274056911468506,
3,45,0,0.8278316259384155,
3,45,1,0.8192740082740784,
3,46,0,0.8297502994537354,
3,46,1,0.8280102014541626,
3,47,0,0.8276780247688293,
3,47,1,0.8221686482429504,
3,48,0,0.8291751742362976,
3,48,1,0.8199785947799683,
3,49,0,0.8295238018035889,
3,49,1,0.8314560651779175,
3,50,0,0.8295162916183472,
3,50,1,0.8378087282180786,
3,51,0,0.8313775062561035,
3,51,1,0.830052375793457,
3,52,0,0.8294417858123779,
3,52,1,0.836788535118103,
3,53,0,0.8317333459854126,
3,53,1,0.8236956596374512,
3,54,0,0.8270983695983887,
3,54,1,0.830496072769165,
3,55,0,0.83161461353302,
3,55,1,0.8352969884872437,
3,56,0,0.826907753944397,
3,56,1,0.8400289416313171,
3,57,0,0.8242399096488953,
3,57,1,0.820311427116394,
3,58,0,0.8299177885055542,
3,58,1,0.8358310461044312,
3,59,0,0.8289026021957397,
3,59,1,0.8203915357589722,
3,60,0,0.8329280614852905,
3,60,1,0.8409900665283203,
3,61,0,0.8271077871322632,
3,61,1,0.8300329446792603,
3,62,0,0.8242307901382446,
3,62,1,0.8278540372848511,
3,63,0,0.8270426392555237,
3,63,1,0.827181339263916,
3,64,0,0.8267154693603516,
3,64,1,0.8273682594299316,
3,65,0,0.8273841142654419,
3,65,1,0.8225566148757935,
3,66,0,0.8268616199493408,
3,66,1,0.8275984525680542,
3,67,0,0.8275324106216431,
3,67,1,0.8187177777290344,
3,68,0,0.8295243978500366,
3,68,1,0.8312020301818848,
3,69,0,0.8289313316345215,
3,69,1,0.8223546743392944,
3,70,0,0.8269820809364319,
3,70,1,0.8222414255142212,
3,71,0,0.8299369812011719,
3,71,1,0.8327703475952148,
3,72,0,0.8266578912734985,
3,72,1,0.8185717463493347,
3,73,0,0.8268369436264038,
3,73,1,0.8204127550125122,
3,74,0,0.8222799301147461,
3,74,1,0.8289826512336731,
3,75,0,0.8292416334152222,
3,75,1,0.8311771154403687,
3,76,0,0.8267614245414734,
3,76,1,0.8261599540710449,
3,77,0,0.8246556520462036,
3,77,1,0.8185961246490479,
3,78,0,0.8309181928634644,
3,78,1,0.8365824222564697,
3,79,0,0.8261709213256836,
3,79,1,0.832979679107666,
3,80,0,0.8258360028266907,
3,80,1,0.8340653777122498,
3,81,0,0.8314129114151001,
3,81,1,0.818988561630249,
3,82,0,0.8278043270111084,
3,82,1,0.826964259147644,
3,83,0,0.8252044320106506,
3,83,1,0.8330020308494568,
3,84,0,0.8263711929321289,
3,84,1,0.8206645846366882,
3,85,0,0.830364465713501,
3,85,1,0.8263351917266846,
3,86,0,0.8259976506233215,
3,86,1,0.8245418071746826,
3,87,0,0.8296310901641846,
3,87,1,0.8208284378051758,
3,88,0,0.8285384774208069,
3,88,1,0.8271049857139587,
3,89,0,0.8230714797973633,
3,89,1,0.8212623596191406,
3,90,0,0.8237960338592529,
3,90,1,0.8289628624916077,
3,91,0,0.8275281190872192,
3,91,1,0.8294587135314941,
3,92,0,0.8260484933853149,
3,92,1,0.8237085342407227,
3,93,0,0.8258582949638367,
3,93,1,0.8282837867736816,
3,94,0,0.8277429342269897,
3,94,1,0.8369311094284058,
3,95,0,0.8288123607635498,
3,95,1,0.8329281806945801,
3,96,0,0.8277444839477539,
3,96,1,0.8241863250732422,
3,97,0,0.8278489112854004,
3,97,1,0.8360869884490967,
3,98,0,0.8261732459068298,
3,98,1,0.8340984582901001,
3,99,0,0.8284338712692261,
3,99,1,0.8221263885498047,
3,100,0,0.8244866132736206,
3,100,1,0.8209637403488159,
3,101,0,0.8264135122299194,
3,101,1,0.8311602473258972,
3,102,0,0.8274679183959961,
3,102,1,0.827051043510437,
3,103,0,0.8321390151977539,
3,103,1,0.8242356777191162,
3,104,0,0.830135703086853,
3,104,1,0.8248546123504639,
3,105,0,0.8309957981109619,
3,105,1,0.8334298729896545,
3,106,0,0.8270778059959412,
3,106,1,0.8251389861106873,
3,107,0,0.8313334584236145,
3,107,1,0.8297326564788818,
3,108,0,0.8249707818031311,
3,108,1,0.8325830698013306,
3,109,0,0.8293094635009766,
3,109,1,0.8334638476371765,
3,110,0,0.8250089883804321,
3,110,1,0.8292467594146729,
3,111,0,0.8265332579612732,
3,111,1,0.8274145126342773,
3,112,0,0.8288838267326355,
3,112,1,0.825420618057251,
3,113,0,0.8291960954666138,
3,113,1,0.8357017636299133,
3,114,0,0.8312550783157349,
3,114,1,0.830383837223053,
3,115,0,0.8284716010093689,
3,115,1,0.8215222358703613,
3,116,0,0.8290419578552246,
3,116,1,0.826567530632019,
3,117,0,0.8273283243179321,
3,117,1,0.8192096948623657,
3,118,0,0.8276399374008179,
3,118,1,0.8237868547439575,
3,119,0,0.828145444393158,
3,119,1,0.8281924724578857,
3,120,0,0.8278190493583679,
3,120,1,0.8273153305053711,
3,121,0,0.8261517286300659,
3,121,1,0.8286734819412231,
3,122,0,0.8289822340011597,
3,122,1,0.8327654004096985,
3,123,0,0.8217613697052002,
3,123,1,0.8258082866668701,
3,124,0,0.82807856798172,
3,124,1,0.8183531761169434,
3,125,0,0.8283313512802124,
3,125,1,0.8322843909263611,
3,126,0,0.8294457197189331,
3,126,1,0.8317285180091858,
3,127,0,0.8282037973403931,
3,127,1,0.8241402506828308,
3,128,0,0.8249209523200989,
3,128,1,0.8209480047225952,
3,129,0,0.8280026316642761,
3,129,1,0.823530912399292,
3,130,0,0.826531171798706,
3,130,1,0.8312020301818848,
3,131,0,0.826271653175354,
3,131,1,0.8324906826019287,
3,132,0,0.8234118223190308,
3,132,1,0.8252933025360107,
3,133,0,0.8261263370513916,
3,133,1,0.8240876197814941,
3,134,0,0.8292125463485718,
3,134,1,0.828879177570343,
3,135,0,0.8268542885780334,
3,135,1,0.8300976157188416,
3,136,0,0.8279095888137817,
3,136,1,0.8260363936424255,
3,137,0,0.8276241421699524,
3,137,1,0.8262051343917847,
3,138,0,0.8238502740859985,
3,138,1,0.8299872875213623,
3,139,0,0.826205849647522,
3,139,1,0.8275669813156128,
3,140,0,0.8276212811470032,
3,140,1,0.8267251253128052,
3,141,0,0.8272823095321655,
3,141,1,0.8250585794448853,
3,142,0,0.8290267586708069,
3,142,1,0.8278912305831909,
3,143,0,0.8298407793045044,
3,143,1,0.8298476934432983,
3,144,0,0.8264836072921753,
3,144,1,0.8341166377067566,
3,145,0,0.8257837295532227,
3,145,1,0.827724814414978,
3,146,0,0.8267585635185242,
3,146,1,0.8257603645324707,
3,147,0,0.8218395709991455,
3,147,1,0.8237484097480774,
3,148,0,0.8309911489486694,
3,148,1,0.825162410736084,
3,149,0,0.8269211053848267,
3,149,1,0.8247501850128174,
3,150,0,0.8288734555244446,
3,150,1,0.8352173566818237,
3,151,0,0.827713131904602,
3,151,1,0.8225314617156982,
3,152,0,0.8250186443328857,
3,152,1,0.8253955245018005,
3,153,0,0.8276064991950989,
3,153,1,0.8263087272644043,
3,154,0,0.8297181129455566,
3,154,1,0.830641508102417,
3,155,0,0.8281749486923218,
3,155,1,0.824861466884613,
3,156,0,0.8296569585800171,
3,156,1,0.8218938708305359,
3,157,0,0.8258155584335327,
3,157,1,0.8289923667907715,
3,158,0,0.8259789347648621,
3,158,1,0.8380569219589233,
3,159,0,0.8263192772865295,
3,159,1,0.8267000317573547,
3,160,0,0.8220177292823792,
3,160,1,0.8242206573486328,
3,161,0,0.8282753229141235,
3,161,1,0.8254120945930481,
3,162,0,0.8237853646278381,
3,162,1,0.8283618092536926,
3,163,0,0.8274465203285217,
3,163,1,0.8241585493087769,
3,164,0,0.8314658403396606,
3,164,1,0.8222059011459351,
3,165,0,0.824521541595459,
3,165,1,0.8363621234893799,
3,166,0,0.8290080428123474,
3,166,1,0.8340660333633423,
3,167,0,0.8272026181221008,
3,167,1,0.8224874138832092,
3,168,0,0.8268105387687683,
3,168,1,0.8306500315666199,
3,169,0,0.8245731592178345,
3,169,1,0.8256465196609497,
3,170,0,0.8256863355636597,
3,170,1,0.8276920318603516,
3,171,0,0.8233017921447754,
3,171,1,0.8322957754135132,
3,172,0,0.8285062313079834,
3,172,1,0.8209971189498901,
3,173,0,0.8244045972824097,
3,173,1,0.8249583840370178,
3,174,0,0.8255090713500977,
3,174,1,0.8209251165390015,
3,175,0,0.8311036825180054,
3,175,1,0.8302041292190552,
3,176,0,0.8239683508872986,
3,176,1,0.8270586133003235,
3,177,0,0.8270533084869385,
3,177,1,0.8360785245895386,
3,178,0,0.8264591693878174,
3,178,1,0.8331955671310425,
3,179,0,0.8230096101760864,
3,179,1,0.8264421820640564,
3,180,0,0.8305639028549194,
3,180,1,0.8326517343521118,
3,181,0,0.8266868591308594,
3,181,1,0.8160591125488281,
3,182,0,0.8295207619667053,
3,182,1,0.8175013065338135,
3,183,0,0.8302994966506958,
3,183,1,0.8215878009796143,
3,184,0,0.8299651145935059,
3,184,1,0.8295419216156006,
3,185,0,0.8278873562812805,
3,185,1,0.8298546671867371,
3,186,0,0.8269259929656982,
3,186,1,0.8207226991653442,
3,187,0,0.8239094018936157,
3,187,1,0.8267142176628113,
3,188,0,0.8228159546852112,
3,188,1,0.8262355327606201,
3,189,0,0.824608564376831,
3,189,1,0.8267886638641357,
3,190,0,0.8272470235824585,
3,190,1,0.8241711258888245,
3,191,0,0.8270663619041443,
3,191,1,0.8233748078346252,
3,192,0,0.8273457288742065,
3,192,1,0.8290712833404541,
3,193,0,0.8297111392021179,
3,193,1,0.8302138447761536,
3,194,0,0.8265542984008789,
3,194,1,0.8247491717338562,
3,195,0,0.8301434516906738,
3,195,1,0.8253724575042725,
3,196,0,0.8213847875595093,
3,196,1,0.8311699032783508,
3,197,0,0.8271844387054443,
3,197,1,0.83097243309021,
3,198,0,0.8286116123199463,
3,198,1,0.827278733253479,
3,199,0,0.8258922100067139,
3,199,1,0.8269115686416626,
3,200,0,0.8281303644180298,
3,200,1,0.8193917274475098,
3,201,0,0.8274568319320679,
3,201,1,0.8266704082489014,
3,202,0,0.8245463967323303,
3,202,1,0.8240076899528503,
3,203,0,0.8247317671775818,
3,203,1,0.8265573978424072,
3,204,0,0.8243609666824341,
3,204,1,0.8281859159469604,
3,205,0,0.8253859281539917,
3,205,1,0.8282533884048462,
3,206,0,0.8311682939529419,
3,206,1,0.8274878263473511,
3,207,0,0.8238994479179382,
3,207,1,0.8290311098098755,
3,208,0,0.82794189453125,
3,208,1,0.8229254484176636,
3,209,0,0.8290154933929443,
3,209,1,0.8302271366119385,
3,210,0,0.8285430669784546,
3,210,1,0.8363189697265625,
3,211,0,0.8302355408668518,
3,211,1,0.8314948081970215,
3,212,0,0.8270975351333618,
3,212,1,0.8242659568786621,
3,213,0,0.8261944651603699,
3,213,1,0.8210921287536621,
3,214,0,0.8285866379737854,
3,214,1,0.8220815658569336,
3,215,0,0.827795684337616,
3,215,1,0.8283120393753052,
3,216,0,0.829253613948822,
3,216,1,0.8255439400672913,
3,217,0,0.8238767385482788,
3,217,1,0.8265352249145508,
3,218,0,0.8250998258590698,
3,218,1,0.8249604105949402,
3,219,0,0.830771803855896,
3,219,1,0.8212840557098389,
3,220,0,0.829602062702179,
3,220,1,0.8264575600624084,
3,221,0,0.8280543088912964,
3,221,1,0.8265857100486755,
3,222,0,0.828641414642334,
3,222,1,0.8312634229660034,
3,223,0,0.8259455561637878,
3,223,1,0.8252393007278442,
3,224,0,0.8274356126785278,
3,224,1,0.8216266632080078,
3,225,0,0.8251618146896362,
3,225,1,0.831264078617096,
3,226,0,0.8281122446060181,
3,226,1,0.8262557983398438,
3,227,0,0.8300084471702576,
3,227,1,0.8242770433425903,
3,228,0,0.8293362855911255,
3,228,1,0.832830011844635,
3,229,0,0.8289574384689331,
3,229,1,0.8244177103042603,
3,230,0,0.826894998550415,
3,230,1,0.8234810829162598,
3,231,0,0.8273748159408569,
3,231,1,0.8253366947174072,
3,232,0,0.8276337385177612,
3,232,1,0.821357011795044,
3,233,0,0.827689528465271,
3,233,1,0.8356507420539856,
3,234,0,0.8271573185920715,
3,234,1,0.8257379531860352,
3,235,0,0.8265250325202942,
3,235,1,0.8150395154953003,
3,236,0,0.8256420493125916,
3,236,1,0.8206027746200562,
3,237,0,0.8275842666625977,
3,237,1,0.8254175186157227,
3,238,0,0.8277720212936401,
3,238,1,0.8320943117141724,
3,239,0,0.8278000950813293,
3,239,1,0.8347774147987366,
3,240,0,0.8287868499755859,
3,240,1,0.8308614492416382,
3,241,0,0.8240571022033691,
3,241,1,0.8213962316513062,
3,242,0,0.8224990367889404,
3,242,1,0.8224956393241882,
3,243,0,0.8283950090408325,
3,243,1,0.8243985176086426,
3,244,0,0.8275503516197205,
3,244,1,0.8327656984329224,
3,245,0,0.8264625072479248,
3,245,1,0.8318789601325989,
3,246,0,0.8259942531585693,
3,246,1,0.8308428525924683,
3,247,0,0.8255988359451294,
3,247,1,0.8325689435005188,
3,248,0,0.8276394009590149,
3,248,1,0.8364881277084351,
3,249,0,0.8251283168792725,
3,249,1,0.8199344873428345,
3,250,0,0.8249484300613403,
3,250,1,0.8259118795394897,
3,251,0,0.8275501728057861,
3,251,1,0.8274270296096802,
3,252,0,0.8274214863777161,
3,252,1,0.8304380178451538,
3,253,0,0.8285876512527466,
3,253,1,0.8299292922019958,
3,254,0,0.8307573795318604,
3,254,1,0.8315460085868835,
3,255,0,0.8284811973571777,
3,255,1,0.8319070339202881,
3,256,0,0.8268311023712158,
3,256,1,0.8286377191543579,
3,257,0,0.8235844373703003,
3,257,1,0.8250510096549988,
3,258,0,0.8271345496177673,
3,258,1,0.8275989294052124,
3,259,0,0.8288612365722656,
3,259,1,0.8260037899017334,
3,260,0,0.828170120716095,
3,260,1,0.8308098912239075,
3,261,0,0.828402042388916,
3,261,1,0.8313146233558655,
3,262,0,0.8244578838348389,
3,262,1,0.8285534977912903,
3,263,0,0.8300765752792358,
3,263,1,0.8243245482444763,
3,264,0,0.8238391876220703,
3,264,1,0.8300316333770752,
3,265,0,0.8252164125442505,
3,265,1,0.8235304355621338,
3,266,0,0.8312181234359741,
3,266,1,0.8304083943367004,
3,267,0,0.8264853954315186,
3,267,1,0.8215923309326172,
3,268,0,0.8275656700134277,
3,268,1,0.8252964615821838,
3,269,0,0.8235808610916138,
3,269,1,0.8245655298233032,
3,270,0,0.8278112411499023,
3,270,1,0.8336770534515381,
3,271,0,0.8272204399108887,
3,271,1,0.8301855325698853,
3,272,0,0.8297668695449829,
3,272,1,0.8202225565910339,
3,273,0,0.8264713287353516,
3,273,1,0.8283072710037231,
3,274,0,0.8271926045417786,
3,274,1,0.8264371156692505,
3,275,0,0.8268431425094604,
3,275,1,0.833847165107727,
3,276,0,0.8251073360443115,
3,276,1,0.8264769315719604,
3,277,0,0.8269270658493042,
3,277,1,0.8271523118019104,
3,278,0,0.8247133493423462,
3,278,1,0.8247636556625366,
3,279,0,0.8272911310195923,
3,279,1,0.8333371877670288,
3,280,0,0.8276686072349548,
3,280,1,0.8303114771842957,
3,281,0,0.8283736705780029,
3,281,1,0.8216466307640076,
3,282,0,0.8277590870857239,
3,282,1,0.820633590221405,
3,283,0,0.8257789611816406,
3,283,1,0.8260506987571716,
3,284,0,0.8252943158149719,
3,284,1,0.8277003765106201,
3,285,0,0.8305248022079468,
3,285,1,0.8187058568000793,
3,286,0,0.8245284557342529,
3,286,1,0.8272370100021362,
3,287,0,0.8269661664962769,
3,287,1,0.8289707899093628,
3,288,0,0.8252550363540649,
3,288,1,0.8238168954849243,
3,289,0,0.827620267868042,
3,289,1,0.8319419622421265,
3,290,0,0.82779461145401,
3,290,1,0.8242826461791992,
3,291,0,0.8265700340270996,
3,291,1,0.8262386322021484,
3,292,0,0.8259897232055664,
3,292,1,0.8256125450134277,
3,293,0,0.8278731107711792,
3,293,1,0.8290318250656128,
3,294,0,0.8273369073867798,
3,294,1,0.8329041004180908,
3,295,0,0.82811039686203,
3,295,1,0.8225158452987671,
3,296,0,0.8246194124221802,
3,296,1,0.8212724924087524,
3,297,0,0.8245114684104919,
3,297,1,0.8274401426315308,
3,298,0,0.8247660398483276,
3,298,1,0.8264874219894409,
3,299,0,0.8308249711990356,
3,299,1,0.82781982421875,
3,300,0,0.8260465860366821,
3,300,1,0.825197696685791,
3,301,0,0.829660177230835,
3,301,1,0.8218501806259155,
3,302,0,0.829892098903656,
3,302,1,0.824804425239563,
3,303,0,0.8239853978157043,
3,303,1,0.8195783495903015,
3,304,0,0.8263153433799744,
3,304,1,0.8310860395431519,
3,305,0,0.8273390531539917,
3,305,1,0.8246569633483887,
3,306,0,0.8286240696907043,
3,306,1,0.8273261785507202,
3,307,0,0.8290410041809082,
3,307,1,0.833868682384491,
3,308,0,0.8260785937309265,
3,308,1,0.8343541622161865,
3,309,0,0.8308445811271667,
3,309,1,0.8269895911216736,
3,310,0,0.8228694796562195,
3,310,1,0.825096607208252,
3,311,0,0.8292336463928223,
3,311,1,0.8239702582359314,
3,312,0,0.8280106782913208,
3,312,1,0.8332494497299194,
3,313,0,0.8286086320877075,
3,313,1,0.817513108253479,
3,314,0,0.8264495134353638,
3,314,1,0.8280179500579834,
3,315,0,0.8277927041053772,
3,315,1,0.8283158540725708,
3,316,0,0.8221443891525269,
3,316,1,0.8227584958076477,
3,317,0,0.8266540765762329,
3,317,1,0.8257477283477783,
3,318,0,0.8310295343399048,
3,318,1,0.8230369091033936,
3,319,0,0.8269665837287903,
3,319,1,0.8180245161056519,
3,320,0,0.8274660110473633,
3,320,1,0.8167654275894165,
3,321,0,0.8275257349014282,
3,321,1,0.8204927444458008,
3,322,0,0.832947313785553,
3,322,1,0.8371152877807617,
3,323,0,0.829108476638794,
3,323,1,0.8264926671981812,
3,324,0,0.8240966796875,
3,324,1,0.814244270324707,
3,325,0,0.8288379907608032,
3,325,1,0.8298320770263672,
3,326,0,0.8261817693710327,
3,326,1,0.8266432285308838,
3,327,0,0.8269681930541992,
3,327,1,0.8226038217544556,
3,328,0,0.8310816287994385,
3,328,1,0.8351969122886658,
3,329,0,0.829331636428833,
3,329,1,0.8258787393569946,
3,330,0,0.8253499269485474,
3,330,1,0.8288455009460449,
3,331,0,0.8255001902580261,
3,331,1,0.8280011415481567,
3,332,0,0.8259047269821167,
3,332,1,0.8252038955688477,
3,333,0,0.8321072459220886,
3,333,1,0.8325024247169495,
3,334,0,0.8258194327354431,
3,334,1,0.8239747285842896,
3,335,0,0.8244780898094177,
3,335,1,0.8280263543128967,
3,336,0,0.8227658271789551,
3,336,1,0.8251605033874512,
3,337,0,0.8244917392730713,
3,337,1,0.829304039478302,
3,338,0,0.8293972611427307,
3,338,1,0.8344931602478027,
3,339,0,0.8302528858184814,
3,339,1,0.8254281878471375,
3,340,0,0.8257049918174744,
3,340,1,0.8280059099197388,
3,341,0,0.822158694267273,
3,341,1,0.8322080969810486,
3,342,0,0.8247233629226685,
3,342,1,0.8333110213279724,
3,343,0,0.8232797384262085,
3,343,1,0.8338546752929688,
3,344,0,0.8296394348144531,
3,344,1,0.8232119083404541,
3,345,0,0.8274075984954834,
3,345,1,0.8198716044425964,
3,346,0,0.8260573148727417,
3,346,1,0.8252434730529785,
3,347,0,0.8276844024658203,
3,347,1,0.8287273049354553,
3,348,0,0.8290094137191772,
3,348,1,0.8333327770233154,
3,349,0,0.8284698724746704,
3,349,1,0.8229546546936035,
3,350,0,0.8273085355758667,
3,350,1,0.8233556151390076,
3,351,0,0.8298324942588806,
3,351,1,0.8227795362472534,
3,352,0,0.8282589316368103,
3,352,1,0.8241927623748779,
3,353,0,0.8241373300552368,
3,353,1,0.8308485150337219,
3,354,0,0.8292351365089417,
3,354,1,0.8330556154251099,
3,355,0,0.8291596174240112,
3,355,1,0.8308384418487549,
3,356,0,0.824373722076416,
3,356,1,0.8302177786827087,
3,357,0,0.8267276287078857,
3,357,1,0.8264716863632202,
3,358,0,0.8258175849914551,
3,358,1,0.8381696939468384,
3,359,0,0.8273587226867676,
3,359,1,0.8309088945388794,
3,360,0,0.8263975977897644,
3,360,1,0.8235057592391968,
3,361,0,0.829688549041748,
3,361,1,0.8314862251281738,
3,362,0,0.8241915702819824,
3,362,1,0.8219469785690308,
3,363,0,0.8257802128791809,
3,363,1,0.8255646824836731,
3,364,0,0.8256338834762573,
3,364,1,0.8210090398788452,
3,365,0,0.8300327658653259,
3,365,1,0.8254857063293457,
3,366,0,0.8277746438980103,
3,366,1,0.8270999193191528,
3,367,0,0.826406717300415,
3,367,1,0.8283634185791016,
3,368,0,0.8247687220573425,
3,368,1,0.8288149833679199,
3,369,0,0.8265104293823242,
3,369,1,0.8334141969680786,
3,370,0,0.8253852725028992,
3,370,1,0.832321047782898,
3,371,0,0.8232842683792114,
3,371,1,0.8255809545516968,
3,372,0,0.8286740779876709,
3,372,1,0.8314962387084961,
3,373,0,0.8234584331512451,
3,373,1,0.836037278175354,
3,374,0,0.8263599872589111,
3,374,1,0.8284181356430054,
3,375,0,0.8264317512512207,
3,375,1,0.8260245323181152,
3,376,0,0.8255020380020142,
3,376,1,0.820177435874939,
3,377,0,0.8300633430480957,
3,377,1,0.8351179361343384,
3,378,0,0.8277713656425476,
3,378,1,0.8280321955680847,
3,379,0,0.8282688856124878,
3,379,1,0.8296942710876465,
3,380,0,0.8294116258621216,
3,380,1,0.8260164260864258,
3,381,0,0.8254795074462891,
3,381,1,0.8244848847389221,
3,382,0,0.8258967399597168,
3,382,1,0.8357813358306885,
3,383,0,0.8259902596473694,
3,383,1,0.8288713693618774,
3,384,0,0.822839081287384,
3,384,1,0.8230134844779968,
3,385,0,0.8284192085266113,
3,385,1,0.8297967314720154,
3,386,0,0.8225250244140625,
3,386,1,0.8306035995483398,
3,387,0,0.8239307403564453,
3,387,1,0.8248186707496643,
3,388,0,0.8268393278121948,
3,388,1,0.8110397458076477,
3,389,0,0.8272160291671753,
3,389,1,0.8256580829620361,
3,390,0,0.8264173269271851,
3,390,1,0.8239275813102722,
3,391,0,0.8303113579750061,
3,391,1,0.8287090063095093,
3,392,0,0.827589750289917,
3,392,1,0.8271188735961914,
3,393,0,0.8290599584579468,
3,393,1,0.826899528503418,
3,394,0,0.8256195783615112,
3,394,1,0.8292360305786133,
3,395,0,0.829262375831604,
3,395,1,0.8360264301300049,
3,396,0,0.8286744356155396,
3,396,1,0.8276388049125671,
3,397,0,0.8270105719566345,
3,397,1,0.8236629962921143,
3,398,0,0.8267079591751099,
3,398,1,0.8197212219238281,
3,399,0,0.8259596824645996,
3,399,1,0.8231414556503296,
3,400,0,0.8267778158187866,
3,400,1,0.820198655128479,
3,401,0,0.8296202421188354,
3,401,1,0.8251529932022095,
3,402,0,0.8320217132568359,
3,402,1,0.8339850306510925,
3,403,0,0.827772855758667,
3,403,1,0.8257529735565186,
3,404,0,0.8258975744247437,
3,404,1,0.8336989879608154,
3,405,0,0.8256939649581909,
3,405,1,0.8317509293556213,
3,406,0,0.8279076218605042,
3,406,1,0.8271880149841309,
3,407,0,0.8205583691596985,
3,407,1,0.8268848657608032,
3,408,0,0.8247026205062866,
3,408,1,0.8384933471679688,
3,409,0,0.8252191543579102,
3,409,1,0.8254300355911255,
3,410,0,0.8277522921562195,
3,410,1,0.826191782951355,
3,411,0,0.8294200897216797,
3,411,1,0.8282238841056824,
3,412,0,0.8262161016464233,
3,412,1,0.8295851945877075,
3,413,0,0.8245794773101807,
3,413,1,0.8293852210044861,
3,414,0,0.8247117400169373,
3,414,1,0.8314892053604126,
3,415,0,0.8253628015518188,
3,415,1,0.8228778839111328,
3,416,0,0.8278111219406128,
3,416,1,0.8217579126358032,
3,417,0,0.8298827409744263,
3,417,1,0.8299323320388794,
3,418,0,0.8277292251586914,
3,418,1,0.8254530429840088,
3,419,0,0.8309983015060425,
3,419,1,0.8229975700378418,
3,420,0,0.8303861021995544,
3,420,1,0.8229249715805054,
3,421,0,0.8242223858833313,
3,421,1,0.8355370759963989,
3,422,0,0.8302371501922607,
3,422,1,0.8205735087394714,
3,423,0,0.8278407454490662,
3,423,1,0.8350211381912231,
3,424,0,0.8262964487075806,
3,424,1,0.8359694480895996,
3,425,0,0.8267598152160645,
3,425,1,0.8187878131866455,
3,426,0,0.8255753517150879,
3,426,1,0.827639639377594,
3,427,0,0.8275890946388245,
3,427,1,0.8332792520523071,
3,428,0,0.8294809460639954,
3,428,1,0.8223317861557007,
3,429,0,0.8252163529396057,
3,429,1,0.8292450308799744,
3,430,0,0.8282132148742676,
3,430,1,0.8311507105827332,
3,431,0,0.8272987008094788,
3,431,1,0.8262089490890503,
3,432,0,0.8270737528800964,
3,432,1,0.8269524574279785,
3,433,0,0.8269617557525635,
3,433,1,0.8331832885742188,
3,434,0,0.8259890675544739,
3,434,1,0.8223881125450134,
3,435,0,0.8288750052452087,
3,435,1,0.8257095217704773,
3,436,0,0.8292835354804993,
3,436,1,0.8314881920814514,
3,437,0,0.8295097351074219,
3,437,1,0.8311805725097656,
3,438,0,0.8277820348739624,
3,438,1,0.8268139958381653,
3,439,0,0.8235021829605103,
3,439,1,0.8268110752105713,
3,440,0,0.8264483213424683,
3,440,1,0.8236885666847229,
3,441,0,0.8225435614585876,
3,441,1,0.8271647095680237,
3,442,0,0.8266820907592773,
3,442,1,0.8267089128494263,
3,443,0,0.8247206211090088,
3,443,1,0.8260660171508789,
3,444,0,0.8283080458641052,
3,444,1,0.8298308849334717,
3,445,0,0.8265674114227295,
3,445,1,0.8214956521987915,
3,446,0,0.8266052603721619,
3,446,1,0.8261356949806213,
3,447,0,0.8230686187744141,
3,447,1,0.8227330446243286,
3,448,0,0.8263239860534668,
3,448,1,0.8250690698623657,
3,449,0,0.8257684707641602,
3,449,1,0.830459713935852,
3,450,0,0.82710200548172,
3,450,1,0.8261340260505676,
3,451,0,0.8278283476829529,
3,451,1,0.8240488767623901,
3,452,0,0.8247904181480408,
3,452,1,0.8289222717285156,
3,453,0,0.8275250196456909,
3,453,1,0.831961989402771,
3,454,0,0.8269028663635254,
3,454,1,0.8298500180244446,
3,455,0,0.8259563446044922,
3,455,1,0.819976806640625,
3,456,0,0.8280227184295654,
3,456,1,0.8336665034294128,
3,457,0,0.8241980671882629,
3,457,1,0.8336116671562195,
3,458,0,0.8251385688781738,
3,458,1,0.8292938470840454,
3,459,0,0.8257018327713013,
3,459,1,0.8253735899925232,
3,460,0,0.8274329900741577,
3,460,1,0.8244894742965698,
3,461,0,0.8248896598815918,
3,461,1,0.8272335529327393,
3,462,0,0.8273696899414062,
3,462,1,0.8223031759262085,
3,463,0,0.8257907629013062,
3,463,1,0.8296881914138794,
3,464,0,0.827873170375824,
3,464,1,0.8294223546981812,
3,465,0,0.8263211250305176,
3,465,1,0.8243913650512695,
3,466,0,0.825998842716217,
3,466,1,0.8245207071304321,
3,467,0,0.8251947164535522,
3,467,1,0.8314718008041382,
3,468,0,0.8311392068862915,
3,468,1,0.8302066922187805,
3,469,0,0.8278157711029053,
3,469,1,0.8179285526275635,
3,470,0,0.8275191783905029,
3,470,1,0.8344279527664185,
3,471,0,0.8292412757873535,
3,471,1,0.8170733451843262,
3,472,0,0.8281465768814087,
3,472,1,0.8183695673942566,
3,473,0,0.8296395540237427,
3,473,1,0.827507495880127,
3,474,0,0.8253765106201172,
3,474,1,0.8302334547042847,
3,475,0,0.828356921672821,
3,475,1,0.8251914978027344,
3,476,0,0.8305085897445679,
3,476,1,0.8192611336708069,
3,477,0,0.8272554874420166,
3,477,1,0.8263237476348877,
3,478,0,0.8235331773757935,
3,478,1,0.8231249451637268,
3,479,0,0.8280501365661621,
3,479,1,0.8206881284713745,
3,480,0,0.824743390083313,
3,480,1,0.8155296444892883,
3,481,0,0.8273303508758545,
3,481,1,0.8245624303817749,
3,482,0,0.8277143239974976,
3,482,1,0.8253288269042969,
3,483,0,0.8271915912628174,
3,483,1,0.8250125646591187,
3,484,0,0.8318615555763245,
3,484,1,0.8308679461479187,
3,485,0,0.8315439224243164,
3,485,1,0.8333775997161865,
3,486,0,0.8260512351989746,
3,486,1,0.831139087677002,
3,487,0,0.8246636390686035,
3,487,1,0.8243134617805481,
3,488,0,0.8263134956359863,
3,488,1,0.8303815722465515,
3,489,0,0.8262671232223511,
3,489,1,0.8252195119857788,
3,490,0,0.8280796408653259,
3,490,1,0.8277519941329956,
3,491,0,0.8291676044464111,
3,491,1,0.8221064805984497,
3,492,0,0.8282585144042969,
3,492,1,0.8304077386856079,
3,493,0,0.824491560459137,
3,493,1,0.8271204233169556,
3,494,0,0.8231964111328125,
3,494,1,0.8314398527145386,
3,495,0,0.8276642560958862,
3,495,1,0.8285363912582397,
3,496,0,0.82829749584198,
3,496,1,0.8288945555686951,
3,497,0,0.8241488933563232,
3,497,1,0.8312231302261353,
3,498,0,0.8237859010696411,
3,498,1,0.8259859085083008,
3,499,0,0.8289152383804321,
3,499,1,0.8280749917030334,
3,500,0,0.8224349021911621,
3,500,1,0.8139165639877319,
3,501,0,0.8260796070098877,
3,501,1,0.8220533132553101,
3,502,0,0.825164794921875,
3,502,1,0.8276604413986206,
3,503,0,0.8322845101356506,
3,503,1,0.8237944841384888,
3,504,0,0.8278569579124451,
3,504,1,0.8345568776130676,
3,505,0,0.826167643070221,
3,505,1,0.8224126100540161,
3,506,0,0.828035295009613,
3,506,1,0.8249441385269165,
3,507,0,0.8270139098167419,
3,507,1,0.8322455883026123,
3,508,0,0.8272272348403931,
3,508,1,0.8304468393325806,
3,509,0,0.8306105732917786,
3,509,1,0.8259070515632629,
3,510,0,0.8238144516944885,
3,510,1,0.8295864462852478,
3,511,0,0.8301470875740051,
3,511,1,0.8354449272155762,
3,512,0,0.8277319669723511,
3,512,1,0.8257807493209839,
3,513,0,0.8230139017105103,
3,513,1,0.8268088102340698,
3,514,0,0.8309692144393921,
3,514,1,0.8219135999679565,
3,515,0,0.8261473178863525,
3,515,1,0.8254233598709106,
3,516,0,0.8264466524124146,
3,516,1,0.8297153115272522,
3,517,0,0.8261035680770874,
3,517,1,0.8297956585884094,
3,518,0,0.8260002136230469,
3,518,1,0.8235515356063843,
3,519,0,0.8272460699081421,
3,519,1,0.8328325748443604,
3,520,0,0.8242109417915344,
3,520,1,0.8338786363601685,
3,521,0,0.8292708396911621,
3,521,1,0.8283265233039856,
3,522,0,0.8241430521011353,
3,522,1,0.8247392177581787,
3,523,0,0.8247697353363037,
3,523,1,0.820432186126709,
3,524,0,0.8265615701675415,
3,524,1,0.8219938278198242,
3,525,0,0.8267088532447815,
3,525,1,0.8264399766921997,
3,526,0,0.8251173496246338,
3,526,1,0.8265016078948975,
3,527,0,0.8275414705276489,
3,527,1,0.8332556486129761,
3,528,0,0.8298617601394653,
3,528,1,0.824613630771637,
3,529,0,0.8261473178863525,
3,529,1,0.8281380534172058,
3,530,0,0.8299047946929932,
3,530,1,0.8308082222938538,
3,531,0,0.8264670968055725,
3,531,1,0.8259282112121582,
3,532,0,0.8230645656585693,
3,532,1,0.8286343812942505,
3,533,0,0.8275697827339172,
3,533,1,0.8314817547798157,
3,534,0,0.8308876752853394,
3,534,1,0.8206970691680908,
3,535,0,0.8255279064178467,
3,535,1,0.8266626596450806,
3,536,0,0.8232077360153198,
3,536,1,0.8311890959739685,
3,537,0,0.8275952339172363,
3,537,1,0.8272472620010376,
3,538,0,0.8229866027832031,
3,538,1,0.8314855694770813,
3,539,0,0.8260440230369568,
3,539,1,0.8234196901321411,
3,540,0,0.8251014947891235,
3,540,1,0.8300827741622925,
3,541,0,0.8243982791900635,
3,541,1,0.8248504996299744,
3,542,0,0.8263164758682251,
3,542,1,0.8299785852432251,
3,543,0,0.8270745277404785,
3,543,1,0.830784022808075,
3,544,0,0.8260068297386169,
3,544,1,0.8225644826889038,
3,545,0,0.8285863995552063,
3,545,1,0.819145679473877,
3,546,0,0.825671911239624,
3,546,1,0.8254192471504211,
3,547,0,0.8250833749771118,
3,547,1,0.8243054747581482,
3,548,0,0.8316634893417358,
3,548,1,0.8273239135742188,
3,549,0,0.8300189971923828,
3,549,1,0.8341004252433777,
3,550,0,0.8289886713027954,
3,550,1,0.8302070498466492,
3,551,0,0.8255035877227783,
3,551,1,0.8243130445480347,
3,552,0,0.8254995346069336,
3,552,1,0.8336919546127319,
3,553,0,0.8262307643890381,
3,553,1,0.8328369855880737,
3,554,0,0.8283935785293579,
3,554,1,0.8309177160263062,
3,555,0,0.8292480707168579,
3,555,1,0.8185306787490845,
3,556,0,0.8257715702056885,
3,556,1,0.8286672830581665,
3,557,0,0.8301417827606201,
3,557,1,0.8218702673912048,
3,558,0,0.8262991905212402,
3,558,1,0.8320213556289673,
3,559,0,0.8286668062210083,
3,559,1,0.8245499134063721,
3,560,0,0.8259152173995972,
3,560,1,0.8291210532188416,
3,561,0,0.8257306218147278,
3,561,1,0.8276101350784302,
3,562,0,0.8284956812858582,
3,562,1,0.8275907039642334,
3,563,0,0.8259313106536865,
3,563,1,0.8273234367370605,
3,564,0,0.8293687105178833,
3,564,1,0.8231506943702698,
3,565,0,0.8245434165000916,
3,565,1,0.8239023685455322,
3,566,0,0.8255934119224548,
3,566,1,0.8309874534606934,
3,567,0,0.8269563913345337,
3,567,1,0.822219967842102,
3,568,0,0.8259114027023315,
3,568,1,0.8332173824310303,
3,569,0,0.8229128122329712,
3,569,1,0.8200157880783081,
3,570,0,0.8243931531906128,
3,570,1,0.8194375038146973,
3,571,0,0.8265246152877808,
3,571,1,0.8293691873550415,
3,572,0,0.8303089141845703,
3,572,1,0.8202131986618042,
3,573,0,0.8261652588844299,
3,573,1,0.8292986750602722,
3,574,0,0.8264065980911255,
3,574,1,0.8302460312843323,
3,575,0,0.8247321248054504,
3,575,1,0.8218743801116943,
3,576,0,0.8238691091537476,
3,576,1,0.8272255659103394,
3,577,0,0.8244875073432922,
3,577,1,0.8259466886520386,
3,578,0,0.8275579214096069,
3,578,1,0.8286983370780945,
3,579,0,0.8267502784729004,
3,579,1,0.8201811909675598,
3,580,0,0.8265076875686646,
3,580,1,0.8317489624023438,
3,581,0,0.8278570175170898,
3,581,1,0.8294649124145508,
3,582,0,0.8246908187866211,
3,582,1,0.8240344524383545,
3,583,0,0.8244212865829468,
3,583,1,0.8313134908676147,
3,584,0,0.8277781009674072,
3,584,1,0.814030647277832,
3,585,0,0.8266893625259399,
3,585,1,0.8220943212509155,
3,586,0,0.8248544335365295,
3,586,1,0.8248872756958008,
3,587,0,0.8243352770805359,
3,587,1,0.8212906718254089,
3,588,0,0.8289141654968262,
3,588,1,0.8291071653366089,
3,589,0,0.8267323970794678,
3,589,1,0.8240504264831543,
3,590,0,0.8243952989578247,
3,590,1,0.8188951015472412,
3,591,0,0.8258162140846252,
3,591,1,0.8235169053077698,
3,592,0,0.831199049949646,
3,592,1,0.8281593918800354,
3,593,0,0.8257973194122314,
3,593,1,0.8212092518806458,
3,594,0,0.826044499874115,
3,594,1,0.8205399513244629,
3,595,0,0.8291258215904236,
3,595,1,0.8190912008285522,
3,596,0,0.8275678157806396,
3,596,1,0.8266798257827759,
3,597,0,0.8290826678276062,
3,597,1,0.8123676776885986,
3,598,0,0.8251577615737915,
3,598,1,0.8262912631034851,
3,599,0,0.8290495276451111,
3,599,1,0.8256565928459167,
3,600,0,0.8276371359825134,
3,600,1,0.8301278352737427,
3,601,0,0.826019287109375,
3,601,1,0.8280789852142334,
3,602,0,0.8263728618621826,
3,602,1,0.8327771425247192,
3,603,0,0.8334910273551941,
3,603,1,0.8280293941497803,
3,604,0,0.8303275108337402,
3,604,1,0.8283029794692993,
3,val,,,0.8260994784037272
4,0,0,0.8300564885139465,
4,0,1,0.827154815196991,
4,1,0,0.8285300731658936,
4,1,1,0.8289114236831665,
4,2,0,0.8309390544891357,
4,2,1,0.8274973630905151,
4,3,0,0.8272098898887634,
4,3,1,0.8280733823776245,
4,4,0,0.8263731598854065,
4,4,1,0.8236570358276367,
4,5,0,0.8267130851745605,
4,5,1,0.8232688307762146,
4,6,0,0.8316441774368286,
4,6,1,0.8231961131095886,
4,7,0,0.8238769769668579,
4,7,1,0.8241822123527527,
4,8,0,0.8214713335037231,
4,8,1,0.8252931833267212,
4,9,0,0.8229175806045532,
4,9,1,0.8276216983795166,
4,10,0,0.8258637189865112,
4,10,1,0.8280897736549377,
4,11,0,0.8210427165031433,
4,11,1,0.8286593556404114,
4,12,0,0.8220913410186768,
4,12,1,0.8183948993682861,
4,13,0,0.8281164169311523,
4,13,1,0.8241713047027588,
4,14,0,0.8272963762283325,
4,14,1,0.8283142447471619,
4,15,0,0.8248438835144043,
4,15,1,0.8249168395996094,
4,16,0,0.8265299201011658,
4,16,1,0.8238183259963989,
4,17,0,0.8272138237953186,
4,17,1,0.8274293541908264,
4,18,0,0.8255233764648438,
4,18,1,0.8264118432998657,
4,19,0,0.8275730609893799,
4,19,1,0.8241214752197266,
4,20,0,0.8245190382003784,
4,20,1,0.8245111703872681,
4,21,0,0.82509845495224,
4,21,1,0.825942873954773,
4,22,0,0.8280123472213745,
4,22,1,0.8186272978782654,
4,23,0,0.8239753246307373,
4,23,1,0.8289999961853027,
4,24,0,0.8254836797714233,
4,24,1,0.8261538743972778,
4,25,0,0.8225926756858826,
4,25,1,0.8226420879364014,
4,26,0,0.8222534656524658,
4,26,1,0.8297818899154663,
4,27,0,0.8273167014122009,
4,27,1,0.8210484385490417,
4,28,0,0.8226886987686157,
4,28,1,0.8262243270874023,
4,29,0,0.828399658203125,
4,29,1,0.8326857089996338,
4,30,0,0.824035108089447,
4,30,1,0.818596363067627,
4,31,0,0.8248453140258789,
4,31,1,0.8279096484184265,
4,32,0,0.8240156769752502,
4,32,1,0.8212419748306274,
4,33,0,0.8275618553161621,
4,33,1,0.8268016576766968,
4,34,0,0.8242724537849426,
4,34,1,0.8275549411773682,
4,35,0,0.8202568888664246,
4,35,1,0.8268970251083374,
4,36,0,0.8247154355049133,
4,36,1,0.8237354755401611,
4,37,0,0.8257867097854614,
4,37,1,0.8229553699493408,
4,38,0,0.8250777721405029,
4,38,1,0.824851393699646,
4,39,0,0.8279381394386292,
4,39,1,0.8211183547973633,
4,40,0,0.8257569074630737,
4,40,1,0.8201778531074524,
4,41,0,0.8295283317565918,
4,41,1,0.8242109417915344,
4,42,0,0.8262026906013489,
4,42,1,0.8290292024612427,
4,43,0,0.8268955945968628,
4,43,1,0.82195645570755,
4,44,0,0.8293103575706482,
4,44,1,0.8327046632766724,
4,45,0,0.8250867128372192,
4,45,1,0.82306307554245,
4,46,0,0.8280599117279053,
4,46,1,0.8317695260047913,
4,47,0,0.8250333070755005,
4,47,1,0.8341232538223267,
4,48,0,0.8253861665725708,
4,48,1,0.8293625712394714,
4,49,0,0.8294059038162231,
4,49,1,0.8274526000022888,
4,50,0,0.8272639513015747,
4,50,1,0.8277297019958496,
4,51,0,0.8286048769950867,
4,51,1,0.8336653709411621,
4,52,0,0.8267371654510498,
4,52,1,0.8253659009933472,
4,53,0,0.8294321298599243,
4,53,1,0.8356651663780212,
4,54,0,0.827560544013977,
4,54,1,0.8237330317497253,
4,55,0,0.8299678564071655,
4,55,1,0.8284687995910645,
4,56,0,0.8292452692985535,
4,56,1,0.8277385234832764,
4,57,0,0.824013352394104,
4,57,1,0.8281434178352356,
4,58,0,0.8308044075965881,
4,58,1,0.8203080296516418,
4,59,0,0.8290805816650391,
4,59,1,0.8242362141609192,
4,60,0,0.8283818364143372,
4,60,1,0.8201239109039307,
4,61,0,0.827826738357544,
4,61,1,0.824028730392456,
4,62,0,0.8280909061431885,
4,62,1,0.819804847240448,
4,63,0,0.8232144117355347,
4,63,1,0.8287447094917297,
4,64,0,0.8266323804855347,
4,64,1,0.8284657001495361,
4,65,0,0.8269712924957275,
4,65,1,0.8310462832450867,
4,66,0,0.8266561031341553,
4,66,1,0.8224983811378479,
4,67,0,0.8248810172080994,
4,67,1,0.8286536931991577,
4,68,0,0.8255289793014526,
4,68,1,0.8344860672950745,
4,69,0,0.82508385181427,
4,69,1,0.8328078389167786,
4,70,0,0.8297244310379028,
4,70,1,0.8190327882766724,
4,71,0,0.828058123588562,
4,71,1,0.8237173557281494,
4,72,0,0.8265171051025391,
4,72,1,0.8267934322357178,
4,73,0,0.8258944749832153,
4,73,1,0.8196907043457031,
4,74,0,0.8226814270019531,
4,74,1,0.8230741024017334,
4,75,0,0.8285109996795654,
4,75,1,0.8253238201141357,
4,76,0,0.8223692178726196,
4,76,1,0.830898642539978,
4,77,0,0.82160884141922,
4,77,1,0.8181370496749878,
4,78,0,0.831903874874115,
4,78,1,0.8263399600982666,
4,79,0,0.8258768916130066,
4,79,1,0.8245809078216553,
4,80,0,0.827112078666687,
4,80,1,0.8263084888458252,
4,81,0,0.8286249041557312,
4,81,1,0.8268057107925415,
4,82,0,0.8279017210006714,
4,82,1,0.8215227127075195,
4,83,0,0.8270726203918457,
4,83,1,0.8245791792869568,
4,84,0,0.8232038617134094,
4,84,1,0.8229645490646362,
4,85,0,0.8275625705718994,
4,85,1,0.8260166049003601,
4,86,0,0.8260260820388794,
4,86,1,0.8320502638816833,
4,87,0,0.8263509273529053,
4,87,1,0.830666184425354,
4,88,0,0.8264384269714355,
4,88,1,0.8238739967346191,
4,89,0,0.822620689868927,
4,89,1,0.8228181600570679,
4,90,0,0.8233089447021484,
4,90,1,0.8275834321975708,
4,91,0,0.8232994079589844,
4,91,1,0.8316419720649719,
4,92,0,0.8280597925186157,
4,92,1,0.824533224105835,
4,93,0,0.8269438743591309,
4,93,1,0.8343226909637451,
4,94,0,0.8247910141944885,
4,94,1,0.8245887756347656,
4,95,0,0.8227922916412354,
4,95,1,0.8281772136688232,
4,96,0,0.8295849561691284,
4,96,1,0.8261823654174805,
4,97,0,0.8274078369140625,
4,97,1,0.8238881826400757,
4,98,0,0.8257850408554077,
4,98,1,0.8300958871841431,
4,99,0,0.8279573917388916,
4,99,1,0.8284777402877808,
4,100,0,0.8253570795059204,
4,100,1,0.8222208023071289,
4,101,0,0.8275502324104309,
4,101,1,0.821047306060791,
4,102,0,0.8259273171424866,
4,102,1,0.8281319737434387,
4,103,0,0.8310721516609192,
4,103,1,0.8317711353302002,
4,104,0,0.8291516304016113,
4,104,1,0.8308188915252686,
4,105,0,0.8330231308937073,
4,105,1,0.8328344821929932,
4,106,0,0.8270965814590454,
4,106,1,0.8288792967796326,
4,107,0,0.8297713994979858,
4,107,1,0.8331524133682251,
4,108,0,0.8272299766540527,
4,108,1,0.8268582820892334,
4,109,0,0.8293976187705994,
4,109,1,0.8279335498809814,
4,110,0,0.8246353268623352,
4,110,1,0.8285924196243286,
4,111,0,0.8273072242736816,
4,111,1,0.8286547064781189,
4,112,0,0.8259810209274292,
4,112,1,0.8269140720367432,
4,113,0,0.8300623893737793,
4,113,1,0.8290007710456848,
4,114,0,0.8273805379867554,
4,114,1,0.8296754360198975,
4,115,0,0.828566312789917,
4,115,1,0.8225530385971069,
4,116,0,0.8283469676971436,
4,116,1,0.828515887260437,
4,117,0,0.8256574273109436,
4,117,1,0.8224940299987793,
4,118,0,0.8259124755859375,
4,118,1,0.8266408443450928,
4,119,0,0.8252565264701843,
4,119,1,0.8302338123321533,
4,120,0,0.8268510103225708,
4,120,1,0.8250371217727661,
4,121,0,0.8267058730125427,
4,121,1,0.8262957334518433,
4,122,0,0.8249883651733398,
4,122,1,0.8320752382278442,
4,123,0,0.827280580997467,
4,123,1,0.8102906942367554,
4,124,0,0.8241739273071289,
4,124,1,0.8244088888168335,
4,125,0,0.8265901803970337,
4,125,1,0.8268014192581177,
4,126,0,0.8256293535232544,
4,126,1,0.8248561024665833,
4,127,0,0.8253657817840576,
4,127,1,0.8194315433502197,
4,128,0,0.8237408995628357,
4,128,1,0.8242530226707458,
4,129,0,0.8293031454086304,
4,129,1,0.8290001153945923,
4,130,0,0.8276236057281494,
4,130,1,0.8219941854476929,
4,131,0,0.8281441330909729,
4,131,1,0.8275505304336548,
4,132,0,0.8230171799659729,
4,132,1,0.822953462600708,
4,133,0,0.8265819549560547,
4,133,1,0.8248107433319092,
4,134,0,0.82926344871521,
4,134,1,0.8218829035758972,
4,135,0,0.828494668006897,
4,135,1,0.8300320506095886,
4,136,0,0.8262008428573608,
4,136,1,0.8248564004898071,
4,137,0,0.8246861100196838,
4,137,1,0.828927755355835,
4,138,0,0.8240932822227478,
4,138,1,0.82771897315979,
4,139,0,0.8264532089233398,
4,139,1,0.8324984312057495,
4,140,0,0.8293994665145874,
4,140,1,0.8272485136985779,
4,141,0,0.8253936767578125,
4,141,1,0.8265764117240906,
4,142,0,0.824931263923645,
4,142,1,0.8238875865936279,
4,143,0,0.8267884254455566,
4,143,1,0.8299356698989868,
4,144,0,0.8255767226219177,
4,144,1,0.8278485536575317,
4,145,0,0.825039267539978,
4,145,1,0.8294112682342529,
4,146,0,0.8298346996307373,
4,146,1,0.828736424446106,
4,147,0,0.826985239982605,
4,147,1,0.8210597634315491,
4,148,0,0.8252575397491455,
4,148,1,0.8254270553588867,
4,149,0,0.8276323676109314,
4,149,1,0.8228664398193359,
4,150,0,0.8265895843505859,
4,150,1,0.8263654708862305,
4,151,0,0.8256734609603882,
4,151,1,0.8268247842788696,
4,152,0,0.8268353939056396,
4,152,1,0.8188021183013916,
4,153,0,0.8262977600097656,
4,153,1,0.8297390341758728,
4,154,0,0.826288104057312,
4,154,1,0.8254833221435547,
4,155,0,0.8239487409591675,
4,155,1,0.8338755369186401,
4,156,0,0.8256763815879822,
4,156,1,0.833497166633606,
4,157,0,0.8282446265220642,
4,157,1,0.816959798336029,
4,158,0,0.8285336494445801,
4,158,1,0.827167272567749,
4,159,0,0.8246321678161621,
4,159,1,0.8253285884857178,
4,160,0,0.820980429649353,
4,160,1,0.8250844478607178,
4,161,0,0.8258561491966248,
4,161,1,0.8204395771026611,
4,162,0,0.8235154151916504,
4,162,1,0.8265923261642456,
4,163,0,0.8302004337310791,
4,163,1,0.8239852786064148,
4,164,0,0.8270509243011475,
4,164,1,0.8253138065338135,
4,165,0,0.8261938691139221,
4,165,1,0.8289564847946167,
4,166,0,0.8287466168403625,
4,166,1,0.8355578184127808,
4,167,0,0.8246686458587646,
4,167,1,0.8224989771842957,
4,168,0,0.8327832818031311,
4,168,1,0.8240631818771362,
4,169,0,0.8279130458831787,
4,169,1,0.8246357440948486,
4,170,0,0.8282228708267212,
4,170,1,0.8206954002380371,
4,171,0,0.8249107599258423,
4,171,1,0.8228158950805664,
4,172,0,0.829185426235199,
4,172,1,0.8315744400024414,
4,173,0,0.8274897336959839,
4,173,1,0.8275519013404846,
4,174,0,0.8241895437240601,
4,174,1,0.8271068334579468,
4,175,0,0.8270044326782227,
4,175,1,0.8387342691421509,
4,176,0,0.8260493278503418,
4,176,1,0.8264073133468628,
4,177,0,0.8275170922279358,
4,177,1,0.8338958024978638,
4,178,0,0.82776939868927,
4,178,1,0.8214023113250732,
4,179,0,0.8227258324623108,
4,179,1,0.8216935992240906,
4,180,0,0.8271524906158447,
4,180,1,0.8229547142982483,
4,181,0,0.8252326250076294,
4,181,1,0.8236421346664429,
4,182,0,0.8300371170043945,
4,182,1,0.8259051442146301,
4,183,0,0.8284350633621216,
4,183,1,0.8276873826980591,
4,184,0,0.8259707093238831,
4,184,1,0.8286727070808411,
4,185,0,0.8295705318450928,
4,185,1,0.8283607363700867,
4,186,0,0.8271083831787109,
4,186,1,0.8250346183776855,
4,187,0,0.8267998695373535,
4,187,1,0.8225967884063721,
4,188,0,0.8252449035644531,
4,188,1,0.8215115070343018,
4,189,0,0.8243144154548645,
4,189,1,0.8272899985313416,
4,190,0,0.8246560096740723,
4,190,1,0.8238265514373779,
4,191,0,0.8246579170227051,
4,191,1,0.8228750228881836,
4,192,0,0.8244916200637817,
4,192,1,0.8223711252212524,
4,193,0,0.8275381922721863,
4,193,1,0.8306255340576172,
4,194,0,0.8232287168502808,
4,194,1,0.8231616616249084,
4,195,0,0.8264631032943726,
4,195,1,0.8293266892433167,
4,196,0,0.8260999321937561,
4,196,1,0.828667938709259,
4,197,0,0.8278319835662842,
4,197,1,0.8220851421356201,
4,198,0,0.8286291360855103,
4,198,1,0.8330303430557251,
4,199,0,0.8246399164199829,
4,199,1,0.8228718042373657,
4,200,0,0.8263530731201172,
4,200,1,0.8221717476844788,
4,201,0,0.8270963430404663,
4,201,1,0.8212974071502686,
4,202,0,0.8274686336517334,
4,202,1,0.8228859901428223,
4,203,0,0.8273892402648926,
4,203,1,0.8231998085975647,
4,204,0,0.8257567286491394,
4,204,1,0.8232283592224121,
4,205,0,0.8264661431312561,
4,205,1,0.8254449367523193,
4,206,0,0.8261252045631409,
4,206,1,0.8237389326095581,
4,207,0,0.8238217830657959,
4,207,1,0.8256940841674805,
4,208,0,0.8289158344268799,
4,208,1,0.8245188593864441,
4,209,0,0.8251624703407288,
4,209,1,0.8270771503448486,
4,210,0,0.829943060874939,
4,210,1,0.8275555372238159,
4,211,0,0.8283799886703491,
4,211,1,0.8174074292182922,
4,212,0,0.8281291723251343,
4,212,1,0.825353741645813,
4,213,0,0.8271186351776123,
4,213,1,0.8266429305076599,
4,214,0,0.828040361404419,
4,214,1,0.8248133659362793,
4,215,0,0.8219746947288513,
4,215,1,0.8337082862854004,
4,216,0,0.8307024240493774,
4,216,1,0.8328818082809448,
4,217,0,0.8245646357536316,
4,217,1,0.8235636949539185,
4,218,0,0.8289431929588318,
4,218,1,0.8214128017425537,
4,219,0,0.8282796144485474,
4,219,1,0.8274596929550171,
4,220,0,0.829587459564209,
4,220,1,0.8210477828979492,
4,221,0,0.827316403388977,
4,221,1,0.8259460926055908,
4,222,0,0.8281572461128235,
4,222,1,0.8202530741691589,
4,223,0,0.8244578242301941,
4,223,1,0.8194090723991394,
4,224,0,0.8285641074180603,
4,224,1,0.82819002866745,
4,225,0,0.8268396258354187,
4,225,1,0.8259091973304749,
4,226,0,0.8241405487060547,
4,226,1,0.8232650756835938,
4,227,0,0.8249335885047913,
4,227,1,0.8240692615509033,
4,228,0,0.8259791135787964,
4,228,1,0.8234610557556152,
4,229,0,0.8295114040374756,
4,229,1,0.8340433835983276,
4,230,0,0.826554000377655,
4,230,1,0.8328765630722046,
4,231,0,0.8250038623809814,
4,231,1,0.8334108591079712,
4,232,0,0.8270596265792847,
4,232,1,0.8171993494033813,
4,233,0,0.825542688369751,
4,233,1,0.8249624967575073,
4,234,0,0.8271819949150085,
4,234,1,0.83012855052948,
4,235,0,0.8237457871437073,
4,235,1,0.8278966546058655,
4,236,0,0.8249434232711792,
4,236,1,0.822364091873169,
4,237,0,0.8269286155700684,
4,237,1,0.8258754014968872,
4,238,0,0.8258717060089111,
4,238,1,0.8291592001914978,
4,239,0,0.8311067819595337,
4,239,1,0.8271782398223877,
4,240,0,0.8268573880195618,
4,240,1,0.8296211957931519,
4,241,0,0.8239647746086121,
4,241,1,0.8302609920501709,
4,242,0,0.8256512880325317,
4,242,1,0.8241606950759888,
4,243,0,0.8250651359558105,
4,243,1,0.8291129469871521,
4,244,0,0.8257088661193848,
4,244,1,0.8266009092330933,
4,245,0,0.8266315460205078,
4,245,1,0.8285806179046631,
4,246,0,0.8258317708969116,
4,246,1,0.8344334363937378,
4,247,0,0.8275151252746582,
4,247,1,0.8333109617233276,
4,248,0,0.8283880949020386,
4,248,1,0.8288014531135559,
4,249,0,0.8242848515510559,
4,249,1,0.8314245939254761,
4,250,0,0.8264555931091309,
4,250,1,0.816521167755127,
4,251,0,0.8265902996063232,
4,251,1,0.8252387046813965,
4,252,0,0.8259913325309753,
4,252,1,0.8281263113021851,
4,253,0,0.8277250528335571,
4,253,1,0.8246450424194336,
4,254,0,0.8255002498626709,
4,254,1,0.8253828287124634,
4,255,0,0.8294607996940613,
4,255,1,0.8299495577812195,
4,256,0,0.8268250226974487,
4,256,1,0.8206356167793274,
4,257,0,0.8236375451087952,
4,257,1,0.8207697868347168,
4,258,0,0.8259239792823792,
4,258,1,0.8302664756774902,
4,259,0,0.8246901035308838,
4,259,1,0.8212096095085144,
4,260,0,0.826663613319397,
4,260,1,0.8221417665481567,
4,261,0,0.827089250087738,
4,261,1,0.8247556686401367,
4,262,0,0.8259734511375427,
4,262,1,0.8201642036437988,
4,263,0,0.8295173048973083,
4,263,1,0.822547972202301,
4,264,0,0.824036717414856,
4,264,1,0.832226574420929,
4,265,0,0.824802577495575,
4,265,1,0.8263894319534302,
4,266,0,0.8276361227035522,
4,266,1,0.8326011896133423,
4,267,0,0.8251937627792358,
4,267,1,0.8239971399307251,
4,268,0,0.8272838592529297,
4,268,1,0.8250510096549988,
4,269,0,0.8230581879615784,
4,269,1,0.8225168585777283,
4,270,0,0.8305506706237793,
4,270,1,0.8299776315689087,
4,271,0,0.8300765752792358,
4,271,1,0.8301509022712708,
4,272,0,0.8236234188079834,
4,272,1,0.8376860618591309,
4,273,0,0.8290363550186157,
4,273,1,0.8236854076385498,
4,274,0,0.8249388933181763,
4,274,1,0.8266284465789795,
4,275,0,0.8250620365142822,
4,275,1,0.8346947431564331,
4,276,0,0.824164092540741,
4,276,1,0.8277555704116821,
4,277,0,0.8254939317703247,
4,277,1,0.8321288824081421,
4,278,0,0.8256268501281738,
4,278,1,0.8289012312889099,
4,279,0,0.8267816305160522,
4,279,1,0.8294445276260376,
4,280,0,0.8286285996437073,
4,280,1,0.821864664554596,
4,281,0,0.8267648220062256,
4,281,1,0.8255080580711365,
4,282,0,0.8256535530090332,
4,282,1,0.8345783352851868,
4,283,0,0.8282626867294312,
4,283,1,0.8266202211380005,
4,284,0,0.8261842131614685,
4,284,1,0.8218200206756592,
4,285,0,0.8282074928283691,
4,285,1,0.833085834980011,
4,286,0,0.8238919973373413,
4,286,1,0.8336529731750488,
4,287,0,0.8292636871337891,
4,287,1,0.8239140510559082,
4,288,0,0.8210583925247192,
4,288,1,0.8264161944389343,
4,289,0,0.8261458873748779,
4,289,1,0.8203592300415039,
4,290,0,0.8217828869819641,
4,290,1,0.830202579498291,
4,291,0,0.8242694139480591,
4,291,1,0.8220139741897583,
4,292,0,0.8265945315361023,
4,292,1,0.8241492509841919,
4,293,0,0.8289426565170288,
4,293,1,0.8279030323028564,
4,294,0,0.8235007524490356,
4,294,1,0.8267385959625244,
4,295,0,0.8259485960006714,
4,295,1,0.8299233913421631,
4,296,0,0.8235733509063721,
4,296,1,0.822944164276123,
4,297,0,0.8251538276672363,
4,297,1,0.8222740292549133,
4,298,0,0.8246349096298218,
4,298,1,0.8210835456848145,
4,299,0,0.8279927968978882,
4,299,1,0.8228812217712402,
4,300,0,0.8300008773803711,
4,300,1,0.8238546848297119,
4,301,0,0.8256587982177734,
4,301,1,0.8322555422782898,
4,302,0,0.8242487907409668,
4,302,1,0.8370933532714844,
4,303,0,0.8241226673126221,
4,303,1,0.8280055522918701,
4,304,0,0.8280746936798096,
4,304,1,0.8262248635292053,
4,305,0,0.8248313069343567,
4,305,1,0.825079619884491,
4,306,0,0.8263804912567139,
4,306,1,0.8219960927963257,
4,307,0,0.8279375433921814,
4,307,1,0.8258455991744995,
4,308,0,0.8243032693862915,
4,308,1,0.8198019862174988,
4,309,0,0.8295519351959229,
4,309,1,0.8308132886886597,
4,310,0,0.8261207342147827,
4,310,1,0.8251050114631653,
4,311,0,0.8263905048370361,
4,311,1,0.826216459274292,
4,312,0,0.8238735198974609,
4,312,1,0.8249460458755493,
4,313,0,0.825817346572876,
4,313,1,0.819767951965332,
4,314,0,0.827657163143158,
4,314,1,0.8278201818466187,
4,315,0,0.8284074664115906,
4,315,1,0.826339840888977,
4,316,0,0.8242806792259216,
4,316,1,0.8320096731185913,
4,317,0,0.828161358833313,
4,317,1,0.8324321508407593,
4,318,0,0.8255306482315063,
4,318,1,0.8309974074363708,
4,319,0,0.8260169625282288,
4,319,1,0.8248361349105835,
4,320,0,0.8263928294181824,
4,320,1,0.8299494981765747,
4,321,0,0.8255595564842224,
4,321,1,0.8194475173950195,
4,322,0,0.8300986289978027,
4,322,1,0.8315640687942505,
4,323,0,0.8263357877731323,
4,323,1,0.8288935422897339,
4,324,0,0.8257750272750854,
4,324,1,0.8247606158256531,
4,325,0,0.826643705368042,
4,325,1,0.8295910358428955,
4,326,0,0.8265755772590637,
4,326,1,0.8252638578414917,
4,327,0,0.8289690613746643,
4,327,1,0.8177899122238159,
4,328,0,0.8273590207099915,
4,328,1,0.835573136806488,
4,329,0,0.8287603855133057,
4,329,1,0.8230355381965637,
4,330,0,0.8255415558815002,
4,330,1,0.8280555605888367,
4,331,0,0.8292080163955688,
4,331,1,0.8265804052352905,
4,332,0,0.8293071389198303,
4,332,1,0.8222032189369202,
4,333,0,0.8315758109092712,
4,333,1,0.8259266018867493,
4,334,0,0.8241432905197144,
4,334,1,0.8235231041908264,
4,335,0,0.8235331773757935,
4,335,1,0.8298652172088623,
4,336,0,0.8229413032531738,
4,336,1,0.8236322402954102,
4,337,0,0.8239603638648987,
4,337,1,0.8248860836029053,
4,338,0,0.8307552337646484,
4,338,1,0.8228972554206848,
4,339,0,0.8278431296348572,
4,339,1,0.8272920846939087,
4,340,0,0.8262134790420532,
4,340,1,0.8233010172843933,
4,341,0,0.823455810546875,
4,341,1,0.8207210898399353,
4,342,0,0.8263721466064453,
4,342,1,0.8269625902175903,
4,343,0,0.8242822289466858,
4,343,1,0.8210760354995728,
4,344,0,0.829940676689148,
4,344,1,0.8258059024810791,
4,345,0,0.8247842192649841,
4,345,1,0.8276364803314209,
4,346,0,0.8300179243087769,
4,346,1,0.8243353962898254,
4,347,0,0.8250937461853027,
4,347,1,0.8304961323738098,
4,348,0,0.828035295009613,
4,348,1,0.8302469253540039,
4,349,0,0.8261988162994385,
4,349,1,0.8224148154258728,
4,350,0,0.8272379636764526,
4,350,1,0.8229022026062012,
4,351,0,0.8273442387580872,
4,351,1,0.8300446271896362,
4,352,0,0.8299269676208496,
4,352,1,0.8219735026359558,
4,353,0,0.8237355947494507,
4,353,1,0.8383263945579529,
4,354,0,0.8319888114929199,
4,354,1,0.8244999647140503,
4,355,0,0.8236058950424194,
4,355,1,0.8275539875030518,
4,356,0,0.8280127048492432,
4,356,1,0.8290980458259583,
4,357,0,0.8286504745483398,
4,357,1,0.8297567367553711,
4,358,0,0.8281915187835693,
4,358,1,0.8253974914550781,
4,359,0,0.8273494243621826,
4,359,1,0.83006352186203,
4,360,0,0.8242573738098145,
4,360,1,0.8247256278991699,
4,361,0,0.830258846282959,
4,361,1,0.8235481977462769,
4,362,0,0.8261898756027222,
4,362,1,0.8311517238616943,
4,363,0,0.8285586833953857,
4,363,1,0.8238141536712646,
4,364,0,0.8248251676559448,
4,364,1,0.8304908275604248,
4,365,0,0.8278125524520874,
4,365,1,0.8246322274208069,
4,366,0,0.8270692229270935,
4,366,1,0.8272199630737305,
4,367,0,0.8265227675437927,
4,367,1,0.8334665298461914,
4,368,0,0.8256323933601379,
4,368,1,0.829918384552002,
4,369,0,0.8269783854484558,
4,369,1,0.8295077681541443,
4,370,0,0.8255085945129395,
4,370,1,0.8290023803710938,
4,371,0,0.8277387619018555,
4,371,1,0.8204538822174072,
4,372,0,0.8277268409729004,
4,372,1,0.8256556987762451,
4,373,0,0.8261141777038574,
4,373,1,0.8253166675567627,
4,374,0,0.8255048990249634,
4,374,1,0.83107990026474,
4,375,0,0.8258727788925171,
4,375,1,0.8252639770507812,
4,376,0,0.8291668891906738,
4,376,1,0.8257534503936768,
4,377,0,0.826080322265625,
4,377,1,0.8282520771026611,
4,378,0,0.8276638388633728,
4,378,1,0.824448823928833,
4,379,0,0.8302053213119507,
4,379,1,0.82927405834198,
4,380,0,0.8287047743797302,
4,380,1,0.8213186264038086,
4,381,0,0.8263905644416809,
4,381,1,0.8203316926956177,
4,382,0,0.8271409273147583,
4,382,1,0.8290899991989136,
4,383,0,0.8254170417785645,
4,383,1,0.8273180723190308,
4,384,0,0.8214480876922607,
4,384,1,0.82419353723526,
4,385,0,0.8267239928245544,
4,385,1,0.8322415947914124,
4,386,0,0.8248035311698914,
4,386,1,0.8230987787246704,
4,387,0,0.8274241089820862,
4,387,1,0.8225885033607483,
4,388,0,0.8234136700630188,
4,388,1,0.8267347812652588,
4,389,0,0.8246408104896545,
4,389,1,0.8308526277542114,
4,390,0,0.8232893347740173,
4,390,1,0.8297926187515259,
4,391,0,0.8285448551177979,
4,391,1,0.8259533643722534,
4,392,0,0.8251368999481201,
4,392,1,0.8236147165298462,
4,393,0,0.8281962275505066,
4,393,1,0.826195240020752,
4,394,0,0.8245838284492493,
4,394,1,0.8150173425674438,
4,395,0,0.8280360102653503,
4,395,1,0.8313677906990051,
4,396,0,0.8284843564033508,
4,396,1,0.828021764755249,
4,397,0,0.8277224898338318,
4,397,1,0.8227865695953369,
4,398,0,0.8235232830047607,
4,398,1,0.8280012011528015,
4,399,0,0.8259234428405762,
4,399,1,0.8259379863739014,
4,400,0,0.8280327320098877,
4,400,1,0.8274090886116028,
4,401,0,0.8260931968688965,
4,401,1,0.8247185349464417,
4,402,0,0.8307329416275024,
4,402,1,0.8278183937072754,
4,403,0,0.8242170810699463,
4,403,1,0.8243803977966309,
4,404,0,0.8253543376922607,
4,404,1,0.8283917903900146,
4,405,0,0.8274612426757812,
4,405,1,0.8317981362342834,
4,406,0,0.8269798159599304,
4,406,1,0.8176752924919128,
4,407,0,0.823074460029602,
4,407,1,0.8270859122276306,
4,408,0,0.824777364730835,
4,408,1,0.8273590207099915,
4,409,0,0.824792742729187,
4,409,1,0.8247479796409607,
4,410,0,0.8255739808082581,
4,410,1,0.8300924301147461,
4,411,0,0.8290455341339111,
4,411,1,0.8232569098472595,
4,412,0,0.8276748657226562,
4,412,1,0.8311934471130371,
4,413,0,0.8277696371078491,
4,413,1,0.8206993937492371,
4,414,0,0.8269766569137573,
4,414,1,0.8176214694976807,
4,415,0,0.8259104490280151,
4,415,1,0.8290317058563232,
4,416,0,0.8256880044937134,
4,416,1,0.8160536289215088,
4,417,0,0.8291065692901611,
4,417,1,0.8195232152938843,
4,418,0,0.8257705569267273,
4,418,1,0.8248226642608643,
4,419,0,0.8284493684768677,
4,419,1,0.8317146301269531,
4,420,0,0.8281638622283936,
4,420,1,0.8283126950263977,
4,421,0,0.8285245895385742,
4,421,1,0.829768180847168,
4,422,0,0.8255386352539062,
4,422,1,0.8280512094497681,
4,423,0,0.8289892077445984,
4,423,1,0.8304017186164856,
4,424,0,0.8281976580619812,
4,424,1,0.8249143958091736,
4,425,0,0.8237863779067993,
4,425,1,0.8255147933959961,
4,426,0,0.8288865685462952,
4,426,1,0.8182090520858765,
4,427,0,0.8254222273826599,
4,427,1,0.8299852013587952,
4,428,0,0.8257492780685425,
4,428,1,0.828762412071228,
4,429,0,0.8254022002220154,
4,429,1,0.8343344330787659,
4,430,0,0.826052188873291,
4,430,1,0.8275357484817505,
4,431,0,0.8250434398651123,
4,431,1,0.8285018801689148,
4,432,0,0.8279975056648254,
4,432,1,0.8318263292312622,
4,433,0,0.828946053981781,
4,433,1,0.8200039267539978,
4,434,0,0.8271867632865906,
4,434,1,0.8243567943572998,
4,435,0,0.8250977993011475,
4,435,1,0.8250715732574463,
4,436,0,0.8273853063583374,
4,436,1,0.8309606313705444,
4,437,0,0.8250609040260315,
4,437,1,0.829255223274231,
4,438,0,0.8269566297531128,
4,438,1,0.8304718136787415,
4,439,0,0.8228598833084106,
4,439,1,0.827227771282196,
4,440,0,0.8272997140884399,
4,440,1,0.8257086277008057,
4,441,0,0.8257303833961487,
4,441,1,0.8289676904678345,
4,442,0,0.826375424861908,
4,442,1,0.8244061470031738,
4,443,0,0.8248815536499023,
4,443,1,0.8210992813110352,
4,444,0,0.8246906399726868,
4,444,1,0.8221442699432373,
4,445,0,0.8273677825927734,
4,445,1,0.8235567808151245,
4,446,0,0.8281006217002869,
4,446,1,0.8246235847473145,
4,447,0,0.8193635940551758,
4,447,1,0.8229288458824158,
4,448,0,0.8241550922393799,
4,448,1,0.8258252143859863,
4,449,0,0.825109601020813,
4,449,1,0.825849711894989,
4,450,0,0.8243141770362854,
4,450,1,0.8304147720336914,
4,451,0,0.8286155462265015,
4,451,1,0.8267421722412109,
4,452,0,0.8292386531829834,
4,452,1,0.8175920844078064,
4,453,0,0.8237850069999695,
4,453,1,0.8364470601081848,
4,454,0,0.824798583984375,
4,454,1,0.8246249556541443,
4,455,0,0.8244731426239014,
4,455,1,0.8256058096885681,
4,456,0,0.8267467617988586,
4,456,1,0.8201414942741394,
4,457,0,0.8260001540184021,
4,457,1,0.8244628310203552,
4,458,0,0.8248406648635864,
4,458,1,0.830594539642334,
4,459,0,0.8260669708251953,
4,459,1,0.8282645344734192,
4,460,0,0.8256353139877319,
4,460,1,0.8216864466667175,
4,461,0,0.8238868713378906,
4,461,1,0.8226982355117798,
4,462,0,0.8243494033813477,
4,462,1,0.8285173177719116,
4,463,0,0.8265169262886047,
4,463,1,0.8206826448440552,
4,464,0,0.8251038789749146,
4,464,1,0.8243846893310547,
4,465,0,0.8289763927459717,
4,465,1,0.8309280276298523,
4,466,0,0.8281910419464111,
4,466,1,0.8286082744598389,
4,467,0,0.8254736065864563,
4,467,1,0.8297917246818542,
4,468,0,0.825275182723999,
4,468,1,0.8280206322669983,
4,469,0,0.8261727094650269,
4,469,1,0.8227903246879578,
4,470,0,0.8275758028030396,
4,470,1,0.8281522989273071,
4,471,0,0.8275906443595886,
4,471,1,0.8249830603599548,
4,472,0,0.8241338729858398,
4,472,1,0.8238013982772827,
4,473,0,0.8267390727996826,
4,473,1,0.828342080116272,
4,474,0,0.8281601667404175,
4,474,1,0.8290996551513672,
4,475,0,0.8266304731369019,
4,475,1,0.8212729692459106,
4,476,0,0.8283199667930603,
4,476,1,0.8226109743118286,
4,477,0,0.8265668153762817,
4,477,1,0.8248310089111328,
4,478,0,0.8231827616691589,
4,478,1,0.8207146525382996,
4,479,0,0.8256752490997314,
4,479,1,0.8220858573913574,
4,480,0,0.8263870477676392,
4,480,1,0.820914626121521,
4,481,0,0.8240317702293396,
4,481,1,0.8279010057449341,
4,482,0,0.8252729177474976,
4,482,1,0.8226597905158997,
4,483,0,0.8307121992111206,
4,483,1,0.8275743722915649,
4,484,0,0.8317520618438721,
4,484,1,0.8266566395759583,
4,485,0,0.8246891498565674,
4,485,1,0.8311573266983032,
4,486,0,0.8243237733840942,
4,486,1,0.8207772374153137,
4,487,0,0.8248251080513,
4,487,1,0.8233988285064697,
4,488,0,0.8251367807388306,
4,488,1,0.8231462836265564,
4,489,0,0.8236849308013916,
4,489,1,0.8252816796302795,
4,490,0,0.8268731832504272,
4,490,1,0.8278815150260925,
4,491,0,0.826155960559845,
4,491,1,0.8239820003509521,
4,492,0,0.8216111063957214,
4,492,1,0.8322890400886536,
4,493,0,0.8244038820266724,
4,493,1,0.8274837136268616,
4,494,0,0.8249762058258057,
4,494,1,0.8292620182037354,
4,495,0,0.826661229133606,
4,495,1,0.8299073576927185,
4,496,0,0.8258388638496399,
4,496,1,0.8269398212432861,
4,497,0,0.8243107795715332,
4,497,1,0.8186372518539429,
4,498,0,0.8230335116386414,
4,498,1,0.8279121518135071,
4,499,0,0.8283311128616333,
4,499,1,0.825020968914032,
4,500,0,0.8249216675758362,
4,500,1,0.8223175406455994,
4,501,0,0.8236470818519592,
4,501,1,0.8221853375434875,
4,502,0,0.8271585702896118,
4,502,1,0.8230927586555481,
4,503,0,0.8286029100418091,
4,503,1,0.8313312530517578,
4,504,0,0.8293344974517822,
4,504,1,0.824115514755249,
4,505,0,0.824694037437439,
4,505,1,0.8315160274505615,
4,506,0,0.8279297351837158,
4,506,1,0.8173971772193909,
4,507,0,0.8268027305603027,
4,507,1,0.8313629627227783,
4,508,0,0.825668454170227,
4,508,1,0.8300974369049072,
4,509,0,0.8273249268531799,
4,509,1,0.8322181701660156,
4,510,0,0.8282997012138367,
4,510,1,0.8178665041923523,
4,511,0,0.8286876678466797,
4,511,1,0.825539231300354,
4,512,0,0.824869692325592,
4,512,1,0.8258863687515259,
4,513,0,0.8204270005226135,
4,513,1,0.8291816711425781,
4,514,0,0.8279978632926941,
4,514,1,0.8275805711746216,
4,515,0,0.8258528709411621,
4,515,1,0.8300963044166565,
4,516,0,0.8268222808837891,
4,516,1,0.8265647888183594,
4,517,0,0.826533317565918,
4,517,1,0.8338696360588074,
4,518,0,0.8239178657531738,
4,518,1,0.8301504850387573,
4,519,0,0.8301013112068176,
4,519,1,0.8254984617233276,
4,520,0,0.8286978006362915,
4,520,1,0.8181536197662354,
4,521,0,0.8260264992713928,
4,521,1,0.8294709920883179,
4,522,0,0.8265570402145386,
4,522,1,0.8305015563964844,
4,523,0,0.8238880634307861,
4,523,1,0.8266487717628479,
4,524,0,0.8250269889831543,
4,524,1,0.8233473896980286,
4,525,0,0.8302339911460876,
4,525,1,0.8252461552619934,
4,526,0,0.8248080015182495,
4,526,1,0.8273528814315796,
4,527,0,0.8249439001083374,
4,527,1,0.8269665241241455,
4,528,0,0.8280473947525024,
4,528,1,0.8243890404701233,
4,529,0,0.8266881704330444,
4,529,1,0.8222016096115112,
4,530,0,0.8282328844070435,
4,530,1,0.8304646015167236,
4,531,0,0.8253676891326904,
4,531,1,0.8309662342071533,
4,532,0,0.8217116594314575,
4,532,1,0.8236307501792908,
4,533,0,0.8283995985984802,
4,533,1,0.8252260684967041,
4,534,0,0.8244649767875671,
4,534,1,0.8290684819221497,
4,535,0,0.8251076936721802,
4,535,1,0.8280776739120483,
4,536,0,0.8296480178833008,
4,536,1,0.8195860981941223,
4,537,0,0.8264493942260742,
4,537,1,0.8285168409347534,
4,538,0,0.8265204429626465,
4,538,1,0.8237103819847107,
4,539,0,0.8266343474388123,
4,539,1,0.8281915783882141,
4,540,0,0.8284058570861816,
4,540,1,0.8263250589370728,
4,541,0,0.8269703388214111,
4,541,1,0.8298811316490173,
4,542,0,0.8283560276031494,
4,542,1,0.8221309781074524,
4,543,0,0.8282241225242615,
4,543,1,0.8221210241317749,
4,544,0,0.8267185688018799,
4,544,1,0.8183360695838928,
4,545,0,0.827328085899353,
4,545,1,0.8213180899620056,
4,546,0,0.827298641204834,
4,546,1,0.8216477632522583,
4,547,0,0.8260102272033691,
4,547,1,0.8276838064193726,
4,548,0,0.8307564854621887,
4,548,1,0.8291456699371338,
4,549,0,0.8273626565933228,
4,549,1,0.8228914737701416,
4,550,0,0.8250913023948669,
4,550,1,0.8320900201797485,
4,551,0,0.8243664503097534,
4,551,1,0.8259707093238831,
4,552,0,0.827998697757721,
4,552,1,0.8233377933502197,
4,553,0,0.8271076679229736,
4,553,1,0.8281310200691223,
4,554,0,0.8277125358581543,
4,554,1,0.8275890350341797,
4,555,0,0.8275738954544067,
4,555,1,0.8312122821807861,
4,556,0,0.824897825717926,
4,556,1,0.8267829418182373,
4,557,0,0.8300774097442627,
4,557,1,0.8273933529853821,
4,558,0,0.8246339559555054,
4,558,1,0.8315561413764954,
4,559,0,0.8244062662124634,
4,559,1,0.822335958480835,
4,560,0,0.8268488645553589,
4,560,1,0.8241523504257202,
4,561,0,0.824702262878418,
4,561,1,0.8243616819381714,
4,562,0,0.8263412714004517,
4,562,1,0.8281042575836182,
4,563,0,0.8243470191955566,
4,563,1,0.8311173915863037,
4,564,0,0.8267815709114075,
4,564,1,0.8289086222648621,
4,565,0,0.8257874250411987,
4,565,1,0.8285945653915405,
4,566,0,0.8293564915657043,
4,566,1,0.8322982788085938,
4,567,0,0.8299034833908081,
4,567,1,0.81763756275177,
4,568,0,0.8271901607513428,
4,568,1,0.8257133960723877,
4,569,0,0.822068452835083,
4,569,1,0.8255752921104431,
4,570,0,0.8258726000785828,
4,570,1,0.8258246183395386,
4,571,0,0.8235203623771667,
4,571,1,0.8291469812393188,
4,572,0,0.8279408812522888,
4,572,1,0.8315032124519348,
4,573,0,0.82432621717453,
4,573,1,0.8269955515861511,
4,574,0,0.8272219896316528,
4,574,1,0.8274247646331787,
4,575,0,0.8285788297653198,
4,575,1,0.821214497089386,
4,576,0,0.8254512548446655,
4,576,1,0.8224509358406067,
4,577,0,0.8242368102073669,
4,577,1,0.8249590396881104,
4,578,0,0.8272032737731934,
4,578,1,0.820936918258667,
4,579,0,0.8252354264259338,
4,579,1,0.8221598863601685,
4,580,0,0.8255339860916138,
4,580,1,0.8246574401855469,
4,581,0,0.8283511996269226,
4,581,1,0.8326348066329956,
4,582,0,0.8249486684799194,
4,582,1,0.8288043141365051,
4,583,0,0.8262922763824463,
4,583,1,0.8260051608085632,
4,584,0,0.8286365866661072,
4,584,1,0.8173050284385681,
4,585,0,0.8278855085372925,
4,585,1,0.8313894271850586,
4,586,0,0.8237348794937134,
4,586,1,0.8276187181472778,
4,587,0,0.8257235288619995,
4,587,1,0.8272947669029236,
4,588,0,0.828667163848877,
4,588,1,0.8249346613883972,
4,589,0,0.8265492916107178,
4,589,1,0.8249601721763611,
4,590,0,0.8229352235794067,
4,590,1,0.8217192888259888,
4,591,0,0.825630247592926,
4,591,1,0.8248838782310486,
4,592,0,0.8272530436515808,
4,592,1,0.8262722492218018,
4,593,0,0.8266769647598267,
4,593,1,0.8192957043647766,
4,594,0,0.8284909725189209,
4,594,1,0.8299963474273682,
4,595,0,0.824381947517395,
4,595,1,0.8230656385421753,
4,596,0,0.824915885925293,
4,596,1,0.8220998048782349,
4,597,0,0.8291222453117371,
4,597,1,0.8228617906570435,
4,598,0,0.8236340284347534,
4,598,1,0.8355575203895569,
4,599,0,0.8284714221954346,
4,599,1,0.8260523676872253,
4,600,0,0.8227675557136536,
4,600,1,0.8294194936752319,
4,601,0,0.8226749897003174,
4,601,1,0.8292626142501831,
4,602,0,0.8223486542701721,
4,602,1,0.8317947387695312,
4,603,0,0.8312720060348511,
4,603,1,0.8207999467849731,
4,604,0,0.8274829983711243,
4,604,1,0.8285273313522339,
4,val,,,0.8257743899027506
5,0,0,0.8254787921905518,
5,0,1,0.8242666721343994,
5,1,0,0.8280074596405029,
5,1,1,0.8281772136688232,
5,2,0,0.8298455476760864,
5,2,1,0.8257495164871216,
5,3,0,0.8256788849830627,
5,3,1,0.8343340158462524,
5,4,0,0.8267072439193726,
5,4,1,0.8244289755821228,
5,5,0,0.8277877569198608,
5,5,1,0.8213339447975159,
5,6,0,0.8284412622451782,
5,6,1,0.8294325470924377,
5,7,0,0.8267322778701782,
5,7,1,0.8276065587997437,
5,8,0,0.8212836384773254,
5,8,1,0.8209108114242554,
5,9,0,0.8225400447845459,
5,9,1,0.8274433612823486,
5,10,0,0.8247021436691284,
5,10,1,0.8272436857223511,
5,11,0,0.827485978603363,
5,11,1,0.8144002556800842,
5,12,0,0.8197015523910522,
5,12,1,0.8320168852806091,
5,13,0,0.8280228972434998,
5,13,1,0.8216584920883179,
5,14,0,0.8257936239242554,
5,14,1,0.825606107711792,
5,15,0,0.8250383734703064,
5,15,1,0.8194608688354492,
5,16,0,0.8277973532676697,
5,16,1,0.8223744034767151,
5,17,0,0.8252931833267212,
5,17,1,0.8209837079048157,
5,18,0,0.8247823715209961,
5,18,1,0.8273733854293823,
5,19,0,0.8235262632369995,
5,19,1,0.8270673751831055,
5,20,0,0.8264565467834473,
5,20,1,0.8245826959609985,
5,21,0,0.8241370320320129,
5,21,1,0.823654294013977,
5,22,0,0.8276857137680054,
5,22,1,0.8169916868209839,
5,23,0,0.8236935138702393,
5,23,1,0.821399450302124,
5,24,0,0.824410080909729,
5,24,1,0.8276047110557556,
5,25,0,0.825722873210907,
5,25,1,0.8206173181533813,
5,26,0,0.8249567747116089,
5,26,1,0.8183033466339111,
5,27,0,0.8259572982788086,
5,27,1,0.8333002328872681,
5,28,0,0.8247898817062378,
5,28,1,0.8170313835144043,
5,29,0,0.8267549276351929,
5,29,1,0.8391706943511963,
5,30,0,0.8255274295806885,
5,30,1,0.8174059987068176,
5,31,0,0.8267710208892822,
5,31,1,0.8221517205238342,
5,32,0,0.8203920722007751,
5,32,1,0.8251144886016846,
5,33,0,0.8288462162017822,
5,33,1,0.8303260803222656,
5,34,0,0.8252506852149963,
5,34,1,0.8258637189865112,
5,35,0,0.8214203715324402,
5,35,1,0.8284504413604736,
5,36,0,0.8236135244369507,
5,36,1,0.8266460299491882,
5,37,0,0.8206473588943481,
5,37,1,0.8273952007293701,
5,38,0,0.8247515559196472,
5,38,1,0.827223539352417,
5,39,0,0.828299880027771,
5,39,1,0.8312661051750183,
5,40,0,0.8262103199958801,
5,40,1,0.8153667449951172,
5,41,0,0.8275609612464905,
5,41,1,0.8278117179870605,
5,42,0,0.8258999586105347,
5,42,1,0.8282152414321899,
5,43,0,0.8264614343643188,
5,43,1,0.8337023258209229,
5,44,0,0.8270081877708435,
5,44,1,0.829702615737915,
5,45,0,0.825213611125946,
5,45,1,0.821887731552124,
5,46,0,0.8262653946876526,
5,46,1,0.8342381715774536,
5,47,0,0.8244490027427673,
5,47,1,0.829465925693512,
5,48,0,0.8267765045166016,
5,48,1,0.8248332738876343,
5,49,0,0.8285866975784302,
5,49,1,0.8239192962646484,
5,50,0,0.8268866539001465,
5,50,1,0.823670506477356,
5,51,0,0.8290205597877502,
5,51,1,0.8311878442764282,
5,52,0,0.8281682133674622,
5,52,1,0.829815149307251,
5,53,0,0.8304996490478516,
5,53,1,0.8256526589393616,
5,54,0,0.8274158835411072,
5,54,1,0.8275411128997803,
5,55,0,0.8262948989868164,
5,55,1,0.8268833160400391,
5,56,0,0.8271348476409912,
5,56,1,0.832700252532959,
5,57,0,0.8271178007125854,
5,57,1,0.8211343288421631,
5,58,0,0.8282219171524048,
5,58,1,0.8301389813423157,
5,59,0,0.8276119828224182,
5,59,1,0.828652024269104,
5,60,0,0.8281630277633667,
5,60,1,0.8202230334281921,
5,61,0,0.8276098370552063,
5,61,1,0.8156649470329285,
5,62,0,0.8267242908477783,
5,62,1,0.826560378074646,
5,63,0,0.8256054520606995,
5,63,1,0.8225584030151367,
5,64,0,0.8277240991592407,
5,64,1,0.8244079351425171,
5,65,0,0.8268294334411621,
5,65,1,0.8286095857620239,
5,66,0,0.825255274772644,
5,66,1,0.8280988931655884,
5,67,0,0.826916515827179,
5,67,1,0.824196457862854,
5,68,0,0.8283824920654297,
5,68,1,0.8261841535568237,
5,69,0,0.8285699486732483,
5,69,1,0.8227089643478394,
5,70,0,0.8262254595756531,
5,70,1,0.8233377933502197,
5,71,0,0.8265565633773804,
5,71,1,0.8271968364715576,
5,72,0,0.8231208324432373,
5,72,1,0.8311572670936584,
5,73,0,0.827234148979187,
5,73,1,0.8216714859008789,
5,74,0,0.8245961666107178,
5,74,1,0.830752968788147,
5,75,0,0.8245761394500732,
5,75,1,0.8274146318435669,
5,76,0,0.8268543481826782,
5,76,1,0.8204918503761292,
5,77,0,0.8259025812149048,
5,77,1,0.818717360496521,
5,78,0,0.8305078744888306,
5,78,1,0.8307266235351562,
5,79,0,0.8262202739715576,
5,79,1,0.8206290006637573,
5,80,0,0.8274756669998169,
5,80,1,0.8240084648132324,
5,81,0,0.8279250860214233,
5,81,1,0.8233104944229126,
5,82,0,0.8272047638893127,
5,82,1,0.8247824907302856,
5,83,0,0.8258999586105347,
5,83,1,0.8154690265655518,
5,84,0,0.8219969272613525,
5,84,1,0.8198179602622986,
5,85,0,0.8268743753433228,
5,85,1,0.8221040964126587,
5,86,0,0.8264983296394348,
5,86,1,0.8203763961791992,
5,87,0,0.8270530700683594,
5,87,1,0.8287553787231445,
5,88,0,0.8262146711349487,
5,88,1,0.8296099901199341,
5,89,0,0.8254625201225281,
5,89,1,0.8223735690116882,
5,90,0,0.8210229873657227,
5,90,1,0.834871768951416,
5,91,0,0.8271124362945557,
5,91,1,0.8243050575256348,
5,92,0,0.8258605003356934,
5,92,1,0.8303651213645935,
5,93,0,0.8294147253036499,
5,93,1,0.823007345199585,
5,94,0,0.830040693283081,
5,94,1,0.8186669945716858,
5,95,0,0.8228040337562561,
5,95,1,0.820574164390564,
5,96,0,0.8269551396369934,
5,96,1,0.8202965259552002,
5,97,0,0.8284206390380859,
5,97,1,0.8201218843460083,
5,98,0,0.8273835778236389,
5,98,1,0.8285260200500488,
5,99,0,0.825687050819397,
5,99,1,0.8238332271575928,
5,100,0,0.828264057636261,
5,100,1,0.8291786313056946,
5,101,0,0.8266150951385498,
5,101,1,0.8297274708747864,
5,102,0,0.8238247632980347,
5,102,1,0.8293545246124268,
5,103,0,0.8309164047241211,
5,103,1,0.8287736177444458,
5,104,0,0.828664243221283,
5,104,1,0.8314599394798279,
5,105,0,0.8296352624893188,
5,105,1,0.8295397758483887,
5,106,0,0.82823646068573,
5,106,1,0.8203192353248596,
5,107,0,0.8284046649932861,
5,107,1,0.8327597379684448,
5,108,0,0.8250772953033447,
5,108,1,0.8355341553688049,
5,109,0,0.8280898332595825,
5,109,1,0.8245488405227661,
5,110,0,0.8232618570327759,
5,110,1,0.8340440988540649,
5,111,0,0.8284174799919128,
5,111,1,0.8361812829971313,
5,112,0,0.8293521404266357,
5,112,1,0.8239234685897827,
5,113,0,0.8302419781684875,
5,113,1,0.8257683515548706,
5,114,0,0.8291207551956177,
5,114,1,0.8311063051223755,
5,115,0,0.82636958360672,
5,115,1,0.8258466720581055,
5,116,0,0.8262520432472229,
5,116,1,0.8267082571983337,
5,117,0,0.8223370313644409,
5,117,1,0.8341361284255981,
5,118,0,0.8279895782470703,
5,118,1,0.8192750215530396,
5,119,0,0.8254348635673523,
5,119,1,0.8243206739425659,
5,120,0,0.8297076225280762,
5,120,1,0.8247945308685303,
5,121,0,0.826013445854187,
5,121,1,0.8227550387382507,
5,122,0,0.826076865196228,
5,122,1,0.8312328457832336,
5,123,0,0.8234323263168335,
5,123,1,0.8227505683898926,
5,124,0,0.822623610496521,
5,124,1,0.827825129032135,
5,125,0,0.8280442953109741,
5,125,1,0.8282647728919983,
5,126,0,0.8262056708335876,
5,126,1,0.8259189128875732,
5,127,0,0.8253310918807983,
5,127,1,0.8227978348731995,
5,128,0,0.8250484466552734,
5,128,1,0.8195433616638184,
5,129,0,0.8256593942642212,
5,129,1,0.8240436315536499,
5,130,0,0.8274536728858948,
5,130,1,0.8253830075263977,
5,131,0,0.8259163498878479,
5,131,1,0.8312989473342896,
5,132,0,0.8235642313957214,
5,132,1,0.8284198045730591,
5,133,0,0.8265891075134277,
5,133,1,0.8272897601127625,
5,134,0,0.8238643407821655,
5,134,1,0.8366586565971375,
5,135,0,0.8273099660873413,
5,135,1,0.8211464881896973,
5,136,0,0.8265950679779053,
5,136,1,0.8194817304611206,
5,137,0,0.8255526423454285,
5,137,1,0.8271592855453491,
5,138,0,0.8231682777404785,
5,138,1,0.8254866600036621,
5,139,0,0.8271165490150452,
5,139,1,0.8293486833572388,
5,140,0,0.8275781273841858,
5,140,1,0.8364890813827515,
5,141,0,0.8241580724716187,
5,141,1,0.8277878761291504,
5,142,0,0.8255351781845093,
5,142,1,0.8304651379585266,
5,143,0,0.8259179592132568,
5,143,1,0.8272205591201782,
5,144,0,0.8270248174667358,
5,144,1,0.8312214016914368,
5,145,0,0.8254979848861694,
5,145,1,0.8242900371551514,
5,146,0,0.8287125825881958,
5,146,1,0.8253405690193176,
5,147,0,0.8259774446487427,
5,147,1,0.8216581344604492,
5,148,0,0.8210203647613525,
5,148,1,0.8313710689544678,
5,149,0,0.8277907371520996,
5,149,1,0.8201702833175659,
5,150,0,0.8248870968818665,
5,150,1,0.8332451581954956,
5,151,0,0.8249935507774353,
5,151,1,0.8274874687194824,
5,152,0,0.8257092237472534,
5,152,1,0.820120632648468,
5,153,0,0.8252329230308533,
5,153,1,0.8283519744873047,
5,154,0,0.8260260820388794,
5,154,1,0.8317252397537231,
5,155,0,0.823428750038147,
5,155,1,0.8322076797485352,
5,156,0,0.8267253637313843,
5,156,1,0.8296594619750977,
5,157,0,0.8257158994674683,
5,157,1,0.8277294635772705,
5,158,0,0.8299597501754761,
5,158,1,0.8205840587615967,
5,159,0,0.8247967958450317,
5,159,1,0.821002721786499,
5,160,0,0.8219877481460571,
5,160,1,0.8275295495986938,
5,161,0,0.826935887336731,
5,161,1,0.8224695920944214,
5,162,0,0.8267576694488525,
5,162,1,0.8247148990631104,
5,163,0,0.824231743812561,
5,163,1,0.8286903500556946,
5,164,0,0.8257680535316467,
5,164,1,0.8288208246231079,
5,165,0,0.8245213031768799,
5,165,1,0.8215212225914001,
5,166,0,0.8300235271453857,
5,166,1,0.8338121175765991,
5,167,0,0.8264821171760559,
5,167,1,0.8271868824958801,
5,168,0,0.8314027190208435,
5,168,1,0.8222489953041077,
5,169,0,0.8252699375152588,
5,169,1,0.8288707733154297,
5,170,0,0.8253182768821716,
5,170,1,0.8290653228759766,
5,171,0,0.825337290763855,
5,171,1,0.8210864663124084,
5,172,0,0.8301246166229248,
5,172,1,0.8255006074905396,
5,173,0,0.8265366554260254,
5,173,1,0.8243280649185181,
5,174,0,0.8248350024223328,
5,174,1,0.8279184699058533,
5,175,0,0.82769775390625,
5,175,1,0.8365685343742371,
5,176,0,0.8266422748565674,
5,176,1,0.8261672258377075,
5,177,0,0.8291839361190796,
5,177,1,0.818157970905304,
5,178,0,0.8262553215026855,
5,178,1,0.8294936418533325,
5,179,0,0.8232343196868896,
5,179,1,0.8215897679328918,
5,180,0,0.8262338638305664,
5,180,1,0.830761194229126,
5,181,0,0.8234156370162964,
5,181,1,0.829465389251709,
5,182,0,0.8282837271690369,
5,182,1,0.8263317346572876,
5,183,0,0.8263906240463257,
5,183,1,0.8204126358032227,
5,184,0,0.8286633491516113,
5,184,1,0.8275065422058105,
5,185,0,0.8294297456741333,
5,185,1,0.8274808526039124,
5,186,0,0.8253498673439026,
5,186,1,0.8207181692123413,
5,187,0,0.8233214616775513,
5,187,1,0.8243823051452637,
5,188,0,0.8241050839424133,
5,188,1,0.8263066411018372,
5,189,0,0.8254207372665405,
5,189,1,0.8316910266876221,
5,190,0,0.8225378394126892,
5,190,1,0.8284385204315186,
5,191,0,0.8269113302230835,
5,191,1,0.8315906524658203,
5,192,0,0.8279403448104858,
5,192,1,0.8190370202064514,
5,193,0,0.8252691030502319,
5,193,1,0.8328145742416382,
5,194,0,0.8242785930633545,
5,194,1,0.8280839920043945,
5,195,0,0.8284963965415955,
5,195,1,0.8266632556915283,
5,196,0,0.825162410736084,
5,196,1,0.8188082575798035,
5,197,0,0.8292944431304932,
5,197,1,0.8256344199180603,
5,198,0,0.8253490924835205,
5,198,1,0.8260775804519653,
5,199,0,0.8260911703109741,
5,199,1,0.8163333535194397,
5,200,0,0.8266153335571289,
5,200,1,0.826484203338623,
5,201,0,0.8275589942932129,
5,201,1,0.8294230699539185,
5,202,0,0.8249796628952026,
5,202,1,0.8278626203536987,
5,203,0,0.827603816986084,
5,203,1,0.8261791467666626,
5,204,0,0.8266561031341553,
5,204,1,0.8212243318557739,
5,205,0,0.8263106346130371,
5,205,1,0.8260674476623535,
5,206,0,0.8297449350357056,
5,206,1,0.8196077942848206,
5,207,0,0.8234321475028992,
5,207,1,0.8224477767944336,
5,208,0,0.8293106555938721,
5,208,1,0.824513852596283,
5,209,0,0.824331521987915,
5,209,1,0.8232208490371704,
5,210,0,0.8279160857200623,
5,210,1,0.8257113099098206,
5,211,0,0.8249520659446716,
5,211,1,0.8261119723320007,
5,212,0,0.8267475366592407,
5,212,1,0.8241522312164307,
5,213,0,0.8231931924819946,
5,213,1,0.8256695866584778,
5,214,0,0.8250942230224609,
5,214,1,0.8271150588989258,
5,215,0,0.8257432579994202,
5,215,1,0.8223430514335632,
5,216,0,0.8280743956565857,
5,216,1,0.8265277743339539,
5,217,0,0.8239303231239319,
5,217,1,0.8261120319366455,
5,218,0,0.8235653042793274,
5,218,1,0.8300632834434509,
5,219,0,0.8293484449386597,
5,219,1,0.8207213282585144,
5,220,0,0.8287823796272278,
5,220,1,0.8245242834091187,
5,221,0,0.8260533809661865,
5,221,1,0.8308524489402771,
5,222,0,0.8277767896652222,
5,222,1,0.8225624561309814,
5,223,0,0.8252060413360596,
5,223,1,0.8279751539230347,
5,224,0,0.825514554977417,
5,224,1,0.8304177522659302,
5,225,0,0.82358717918396,
5,225,1,0.819968581199646,
5,226,0,0.825710654258728,
5,226,1,0.8207473754882812,
5,227,0,0.826954185962677,
5,227,1,0.8217067718505859,
5,228,0,0.8278892040252686,
5,228,1,0.8346681594848633,
5,229,0,0.8283767700195312,
5,229,1,0.8216851949691772,
5,230,0,0.8258013725280762,
5,230,1,0.8234438896179199,
5,231,0,0.8258422613143921,
5,231,1,0.8250552415847778,
5,232,0,0.8268510103225708,
5,232,1,0.8206936717033386,
5,233,0,0.8242725729942322,
5,233,1,0.8309240937232971,
5,234,0,0.8251111507415771,
5,234,1,0.8328877687454224,
5,235,0,0.8233011364936829,
5,235,1,0.8190849423408508,
5,236,0,0.825981855392456,
5,236,1,0.8211438655853271,
5,237,0,0.8266464471817017,
5,237,1,0.8284224271774292,
5,238,0,0.8290854692459106,
5,238,1,0.8277896642684937,
5,239,0,0.8300431966781616,
5,239,1,0.8287574648857117,
5,240,0,0.828624427318573,
5,240,1,0.8269286155700684,
5,241,0,0.823310136795044,
5,241,1,0.8215711116790771,
5,242,0,0.8227949738502502,
5,242,1,0.8243993520736694,
5,243,0,0.823853075504303,
5,243,1,0.8259517550468445,
5,244,0,0.8251993656158447,
5,244,1,0.8274748921394348,
5,245,0,0.8260586261749268,
5,245,1,0.8281650543212891,
5,246,0,0.8278102874755859,
5,246,1,0.8167654871940613,
5,247,0,0.825762927532196,
5,247,1,0.8174232244491577,
5,248,0,0.8286365866661072,
5,248,1,0.8284012675285339,
5,249,0,0.8245956301689148,
5,249,1,0.8287316560745239,
5,250,0,0.8239840269088745,
5,250,1,0.8277897238731384,
5,251,0,0.8263972997665405,
5,251,1,0.8296208381652832,
5,252,0,0.8277958631515503,
5,252,1,0.82216876745224,
5,253,0,0.8253946304321289,
5,253,1,0.8280689716339111,
5,254,0,0.8248504996299744,
5,254,1,0.8318410515785217,
5,255,0,0.8287895917892456,
5,255,1,0.8281571865081787,
5,256,0,0.825070858001709,
5,256,1,0.8242020606994629,
5,257,0,0.8254557847976685,
5,257,1,0.820258617401123,
5,258,0,0.8263526558876038,
5,258,1,0.824166476726532,
5,259,0,0.825129508972168,
5,259,1,0.8219683766365051,
5,260,0,0.8237730264663696,
5,260,1,0.830595850944519,
5,261,0,0.8275234699249268,
5,261,1,0.8263154029846191,
5,262,0,0.8250629901885986,
5,262,1,0.8214942216873169,
5,263,0,0.8283277750015259,
5,263,1,0.8310748934745789,
5,264,0,0.8225736618041992,
5,264,1,0.8290303945541382,
5,265,0,0.8256114721298218,
5,265,1,0.8200924396514893,
5,266,0,0.8284974098205566,
5,266,1,0.8252814412117004,
5,267,0,0.8242812156677246,
5,267,1,0.8228715062141418,
5,268,0,0.8228520154953003,
5,268,1,0.8247886896133423,
5,269,0,0.8235825300216675,
5,269,1,0.8234543204307556,
5,270,0,0.8290098309516907,
5,270,1,0.821414589881897,
5,271,0,0.8286471366882324,
5,271,1,0.8320769667625427,
5,272,0,0.8292992115020752,
5,272,1,0.8241773843765259,
5,273,0,0.8265380263328552,
5,273,1,0.8340352177619934,
5,274,0,0.8274151086807251,
5,274,1,0.8257155418395996,
5,275,0,0.8256310820579529,
5,275,1,0.8235816955566406,
5,276,0,0.8234270811080933,
5,276,1,0.8257684707641602,
5,277,0,0.8239122629165649,
5,277,1,0.8296566009521484,
5,278,0,0.8256319761276245,
5,278,1,0.823400616645813,
5,279,0,0.8246099948883057,
5,279,1,0.8314608335494995,
5,280,0,0.8271335363388062,
5,280,1,0.827101469039917,
5,281,0,0.8280686736106873,
5,281,1,0.8276993036270142,
5,282,0,0.824907124042511,
5,282,1,0.8311576843261719,
5,283,0,0.827027440071106,
5,283,1,0.8280171155929565,
5,284,0,0.826775074005127,
5,284,1,0.8241128325462341,
5,285,0,0.8258252143859863,
5,285,1,0.8237252235412598,
5,286,0,0.8233520984649658,
5,286,1,0.8209620714187622,
5,287,0,0.8249342441558838,
5,287,1,0.8268497586250305,
5,288,0,0.8231709599494934,
5,288,1,0.8268213272094727,
5,289,0,0.8275899887084961,
5,289,1,0.8191211223602295,
5,290,0,0.8264420032501221,
5,290,1,0.8265531659126282,
5,291,0,0.826529860496521,
5,291,1,0.8258799314498901,
5,292,0,0.8252835273742676,
5,292,1,0.8275034427642822,
5,293,0,0.8276559114456177,
5,293,1,0.8241192102432251,
5,294,0,0.8254797458648682,
5,294,1,0.8242272138595581,
5,295,0,0.8251962661743164,
5,295,1,0.8233582377433777,
5,296,0,0.8218214511871338,
5,296,1,0.8302571773529053,
5,297,0,0.8261201977729797,
5,297,1,0.8158737421035767,
5,298,0,0.8239632248878479,
5,298,1,0.829145073890686,
5,299,0,0.8261021971702576,
5,299,1,0.8345907330513,
5,300,0,0.8282869458198547,
5,300,1,0.8201436996459961,
5,301,0,0.8279890418052673,
5,301,1,0.8305782675743103,
5,302,0,0.8260889053344727,
5,302,1,0.8333142995834351,
5,303,0,0.8235107660293579,
5,303,1,0.8256847858428955,
5,304,0,0.8292794227600098,
5,304,1,0.8252943754196167,
5,305,0,0.8279427289962769,
5,305,1,0.8198838829994202,
5,306,0,0.8241236209869385,
5,306,1,0.8215118646621704,
5,307,0,0.8287155628204346,
5,307,1,0.830288827419281,
5,308,0,0.8242009282112122,
5,308,1,0.8180640935897827,
5,309,0,0.8281554579734802,
5,309,1,0.8269830942153931,
5,310,0,0.8268735408782959,
5,310,1,0.8233171701431274,
5,311,0,0.8236778974533081,
5,311,1,0.8325826525688171,
5,312,0,0.8239725828170776,
5,312,1,0.8240079879760742,
5,313,0,0.8229974508285522,
5,313,1,0.8224374651908875,
5,314,0,0.8256146907806396,
5,314,1,0.8267906308174133,
5,315,0,0.8291420340538025,
5,315,1,0.8247290253639221,
5,316,0,0.8240650296211243,
5,316,1,0.826606035232544,
5,317,0,0.8272919058799744,
5,317,1,0.8274556398391724,
5,318,0,0.8268194198608398,
5,318,1,0.8271127939224243,
5,319,0,0.8266023397445679,
5,319,1,0.8302373886108398,
5,320,0,0.8276090621948242,
5,320,1,0.8270670175552368,
5,321,0,0.8259599208831787,
5,321,1,0.8267382383346558,
5,322,0,0.8302745223045349,
5,322,1,0.8325788974761963,
5,323,0,0.8246205449104309,
5,323,1,0.82492595911026,
5,324,0,0.8253732323646545,
5,324,1,0.8191860318183899,
5,325,0,0.829154908657074,
5,325,1,0.8257254362106323,
5,326,0,0.827410876750946,
5,326,1,0.8259904980659485,
5,327,0,0.8227719664573669,
5,327,1,0.8226469159126282,
5,328,0,0.8269171714782715,
5,328,1,0.8290529251098633,
5,329,0,0.8254901170730591,
5,329,1,0.8277709484100342,
5,330,0,0.8277119994163513,
5,330,1,0.8197993040084839,
5,331,0,0.8278887271881104,
5,331,1,0.8221292495727539,
5,332,0,0.826603353023529,
5,332,1,0.8209326267242432,
5,333,0,0.8297548294067383,
5,333,1,0.8319913148880005,
5,334,0,0.8252416849136353,
5,334,1,0.8227649331092834,
5,335,0,0.8229978084564209,
5,335,1,0.8273237943649292,
5,336,0,0.8263224363327026,
5,336,1,0.8176374435424805,
5,337,0,0.8225688338279724,
5,337,1,0.8201402425765991,
5,338,0,0.8275765180587769,
5,338,1,0.833429217338562,
5,339,0,0.8278645277023315,
5,339,1,0.828274130821228,
5,340,0,0.8250714540481567,
5,340,1,0.8253636956214905,
5,341,0,0.824522852897644,
5,341,1,0.8265466094017029,
5,342,0,0.8256244659423828,
5,342,1,0.8308901190757751,
5,343,0,0.8242182731628418,
5,343,1,0.8256510496139526,
5,344,0,0.8272529244422913,
5,344,1,0.8303757905960083,
5,345,0,0.8271276950836182,
5,345,1,0.8202868700027466,
5,346,0,0.8260964155197144,
5,346,1,0.8226836919784546,
5,347,0,0.8253468871116638,
5,347,1,0.8290055990219116,
5,348,0,0.8270938396453857,
5,348,1,0.8309601545333862,
5,349,0,0.824539303779602,
5,349,1,0.8277477025985718,
5,350,0,0.8279697299003601,
5,350,1,0.8274233341217041,
5,351,0,0.8230164647102356,
5,351,1,0.8319202065467834,
5,352,0,0.828314483165741,
5,352,1,0.8171917200088501,
5,353,0,0.827812910079956,
5,353,1,0.8290349245071411,
5,354,0,0.8283388614654541,
5,354,1,0.8271317481994629,
5,355,0,0.8273021578788757,
5,355,1,0.8175063729286194,
5,356,0,0.8261680603027344,
5,356,1,0.826728343963623,
5,357,0,0.8269191384315491,
5,357,1,0.8339543342590332,
5,358,0,0.8262729644775391,
5,358,1,0.8350828886032104,
5,359,0,0.8259567022323608,
5,359,1,0.8343156576156616,
5,360,0,0.8243603110313416,
5,360,1,0.8232178092002869,
5,361,0,0.8275395631790161,
5,361,1,0.8334987163543701,
5,362,0,0.8237574100494385,
5,362,1,0.8308286666870117,
5,363,0,0.8246004581451416,
5,363,1,0.8298077583312988,
5,364,0,0.8280633687973022,
5,364,1,0.8197187185287476,
5,365,0,0.8253768682479858,
5,365,1,0.8222755193710327,
5,366,0,0.828644871711731,
5,366,1,0.8241833448410034,
5,367,0,0.8288861513137817,
5,367,1,0.8237500786781311,
5,368,0,0.8257623910903931,
5,368,1,0.8291393518447876,
5,369,0,0.8296217918395996,
5,369,1,0.8268167972564697,
5,370,0,0.82554030418396,
5,370,1,0.8257805705070496,
5,371,0,0.8272535800933838,
5,371,1,0.8330638408660889,
5,372,0,0.8278815746307373,
5,372,1,0.8299423456192017,
5,373,0,0.8240002393722534,
5,373,1,0.8264579176902771,
5,374,0,0.8269630670547485,
5,374,1,0.8257273435592651,
5,375,0,0.8251062631607056,
5,375,1,0.8266031742095947,
5,376,0,0.8259859085083008,
5,376,1,0.8265047669410706,
5,377,0,0.826972484588623,
5,377,1,0.8281760215759277,
5,378,0,0.8269221186637878,
5,378,1,0.8256032466888428,
5,379,0,0.8266361951828003,
5,379,1,0.8247639536857605,
5,380,0,0.8254114389419556,
5,380,1,0.8303870558738708,
5,381,0,0.8242403268814087,
5,381,1,0.8248987197875977,
5,382,0,0.8293179869651794,
5,382,1,0.8159096240997314,
5,383,0,0.8264657258987427,
5,383,1,0.8318057060241699,
5,384,0,0.8238852620124817,
5,384,1,0.8230667114257812,
5,385,0,0.8272020816802979,
5,385,1,0.8284127116203308,
5,386,0,0.8209954500198364,
5,386,1,0.830258846282959,
5,387,0,0.8256656527519226,
5,387,1,0.8305429220199585,
5,388,0,0.8244500160217285,
5,388,1,0.8178821802139282,
5,389,0,0.8242841958999634,
5,389,1,0.8261690139770508,
5,390,0,0.822973906993866,
5,390,1,0.8240439891815186,
5,391,0,0.8255958557128906,
5,391,1,0.827003002166748,
5,392,0,0.8285651206970215,
5,392,1,0.8247354030609131,
5,393,0,0.8267680406570435,
5,393,1,0.8276744484901428,
5,394,0,0.8235816955566406,
5,394,1,0.8235352039337158,
5,395,0,0.8282667398452759,
5,395,1,0.8305873870849609,
5,396,0,0.8292903900146484,
5,396,1,0.8257389068603516,
5,397,0,0.8262038826942444,
5,397,1,0.8297259211540222,
5,398,0,0.8257717490196228,
5,398,1,0.825112521648407,
5,399,0,0.8246368169784546,
5,399,1,0.8255540728569031,
5,400,0,0.8253636360168457,
5,400,1,0.8235250115394592,
5,401,0,0.8260210156440735,
5,401,1,0.8270657062530518,
5,402,0,0.8276044130325317,
5,402,1,0.8316621780395508,
5,403,0,0.8256287574768066,
5,403,1,0.8288806080818176,
5,404,0,0.8274627327919006,
5,404,1,0.825322151184082,
5,405,0,0.8266711235046387,
5,405,1,0.8232215046882629,
5,406,0,0.8229107856750488,
5,406,1,0.8242108225822449,
5,407,0,0.8248580694198608,
5,407,1,0.8135573863983154,
5,408,0,0.8252592086791992,
5,408,1,0.8250981569290161,
5,409,0,0.8217624425888062,
5,409,1,0.8297005295753479,
5,410,0,0.8274446725845337,
5,410,1,0.8227653503417969,
5,411,0,0.826916515827179,
5,411,1,0.8261295557022095,
5,412,0,0.8262723684310913,
5,412,1,0.8292267918586731,
5,413,0,0.8263463973999023,
5,413,1,0.8231198787689209,
5,414,0,0.8266004323959351,
5,414,1,0.8205326199531555,
5,415,0,0.8253886699676514,
5,415,1,0.8249725103378296,
5,416,0,0.824348509311676,
5,416,1,0.8271828889846802,
5,417,0,0.8224555253982544,
5,417,1,0.8290807008743286,
5,418,0,0.8232533931732178,
5,418,1,0.8238613605499268,
5,419,0,0.828631579875946,
5,419,1,0.8300896286964417,
5,420,0,0.8264613151550293,
5,420,1,0.8244036436080933,
5,421,0,0.8284461498260498,
5,421,1,0.832431972026825,
5,422,0,0.8264967203140259,
5,422,1,0.8265748620033264,
5,423,0,0.8294432163238525,
5,423,1,0.8221437931060791,
5,424,0,0.8274936079978943,
5,424,1,0.8293872475624084,
5,425,0,0.8258516788482666,
5,425,1,0.8214727640151978,
5,426,0,0.8242804408073425,
5,426,1,0.8226740956306458,
5,427,0,0.8239681720733643,
5,427,1,0.8336143493652344,
5,428,0,0.8266716003417969,
5,428,1,0.8251627683639526,
5,429,0,0.8283527493476868,
5,429,1,0.8265655636787415,
5,430,0,0.8244720697402954,
5,430,1,0.8308439254760742,
5,431,0,0.827450692653656,
5,431,1,0.8261555433273315,
5,432,0,0.8249891400337219,
5,432,1,0.8296121954917908,
5,433,0,0.8221001625061035,
5,433,1,0.8271298408508301,
5,434,0,0.8265702724456787,
5,434,1,0.8308749794960022,
5,435,0,0.8270719647407532,
5,435,1,0.829660177230835,
5,436,0,0.8261345624923706,
5,436,1,0.8233535289764404,
5,437,0,0.8235772848129272,
5,437,1,0.8261268138885498,
5,438,0,0.8280471563339233,
5,438,1,0.8278123140335083,
5,439,0,0.8214021921157837,
5,439,1,0.8223346471786499,
5,440,0,0.8222668170928955,
5,440,1,0.824980616569519,
5,441,0,0.8231227397918701,
5,441,1,0.8288949728012085,
5,442,0,0.8255338072776794,
5,442,1,0.8231528997421265,
5,443,0,0.8249323964118958,
5,443,1,0.8229531049728394,
5,444,0,0.8248980045318604,
5,444,1,0.821326494216919,
5,445,0,0.8270679116249084,
5,445,1,0.8206731081008911,
5,446,0,0.8262474536895752,
5,446,1,0.8249953985214233,
5,447,0,0.8217653036117554,
5,447,1,0.8212494850158691,
5,448,0,0.8228976726531982,
5,448,1,0.8252747654914856,
5,449,0,0.8258146047592163,
5,449,1,0.8269891142845154,
5,450,0,0.8259198665618896,
5,450,1,0.8215185403823853,
5,451,0,0.8263850212097168,
5,451,1,0.8312250375747681,
5,452,0,0.827357292175293,
5,452,1,0.8248705863952637,
5,453,0,0.8269972205162048,
5,453,1,0.8318910598754883,
5,454,0,0.8262420892715454,
5,454,1,0.8259801864624023,
5,455,0,0.8263078927993774,
5,455,1,0.8250272274017334,
5,456,0,0.823919415473938,
5,456,1,0.8332269191741943,
5,457,0,0.8261447548866272,
5,457,1,0.8248437643051147,
5,458,0,0.8278324604034424,
5,458,1,0.8233610391616821,
5,459,0,0.8242430686950684,
5,459,1,0.8305988311767578,
5,460,0,0.8266143202781677,
5,460,1,0.830264687538147,
5,461,0,0.8254160284996033,
5,461,1,0.8242469429969788,
5,462,0,0.8248535394668579,
5,462,1,0.8342196345329285,
5,463,0,0.8266907930374146,
5,463,1,0.820433497428894,
5,464,0,0.824383556842804,
5,464,1,0.8258543014526367,
5,465,0,0.8251618146896362,
5,465,1,0.8318232893943787,
5,466,0,0.8296321034431458,
5,466,1,0.8269816637039185,
5,467,0,0.8253375887870789,
5,467,1,0.8297119140625,
5,468,0,0.8271077871322632,
5,468,1,0.8248205184936523,
5,469,0,0.825767993927002,
5,469,1,0.8246927261352539,
5,470,0,0.8269662857055664,
5,470,1,0.8336248993873596,
5,471,0,0.8277063369750977,
5,471,1,0.8228596448898315,
5,472,0,0.8231086730957031,
5,472,1,0.8295910358428955,
5,473,0,0.8271677494049072,
5,473,1,0.8215361833572388,
5,474,0,0.8243433237075806,
5,474,1,0.831599235534668,
5,475,0,0.8273434638977051,
5,475,1,0.8215024471282959,
5,476,0,0.8275901675224304,
5,476,1,0.8241039514541626,
5,477,0,0.8295714259147644,
5,477,1,0.8236796855926514,
5,478,0,0.821463406085968,
5,478,1,0.823279619216919,
5,479,0,0.8247677087783813,
5,479,1,0.8314963579177856,
5,480,0,0.8238620758056641,
5,480,1,0.8290079832077026,
5,481,0,0.8264254331588745,
5,481,1,0.8175058364868164,
5,482,0,0.8248866200447083,
5,482,1,0.8270564079284668,
5,483,0,0.8284537196159363,
5,483,1,0.8287088871002197,
5,484,0,0.8305726051330566,
5,484,1,0.8264948129653931,
5,485,0,0.8278753161430359,
5,485,1,0.8267288208007812,
5,486,0,0.8276992440223694,
5,486,1,0.8254063725471497,
5,487,0,0.8268471956253052,
5,487,1,0.8228123188018799,
5,488,0,0.8269904255867004,
5,488,1,0.8214600086212158,
5,489,0,0.8297127485275269,
5,489,1,0.8180125951766968,
5,490,0,0.82794189453125,
5,490,1,0.8304941654205322,
5,491,0,0.8264983892440796,
5,491,1,0.8217326998710632,
5,492,0,0.8249579668045044,
5,492,1,0.8253636360168457,
5,493,0,0.8242498636245728,
5,493,1,0.8254866003990173,
5,494,0,0.8261876702308655,
5,494,1,0.8289750814437866,
5,495,0,0.8269293308258057,
5,495,1,0.8191423416137695,
5,496,0,0.8260606527328491,
5,496,1,0.8245204091072083,
5,497,0,0.8238158822059631,
5,497,1,0.8275642991065979,
5,498,0,0.8254407644271851,
5,498,1,0.8254217505455017,
5,499,0,0.8286582231521606,
5,499,1,0.8245744705200195,
5,500,0,0.8223688006401062,
5,500,1,0.8247463703155518,
5,501,0,0.8231631517410278,
5,501,1,0.8233771324157715,
5,502,0,0.8265280723571777,
5,502,1,0.8303542733192444,
5,503,0,0.8300265669822693,
5,503,1,0.826346755027771,
5,504,0,0.8271496295928955,
5,504,1,0.8265933990478516,
5,505,0,0.8260157108306885,
5,505,1,0.8264279365539551,
5,506,0,0.8257571458816528,
5,506,1,0.8273217678070068,
5,507,0,0.8282710909843445,
5,507,1,0.8235073089599609,
5,508,0,0.8264667987823486,
5,508,1,0.8297069072723389,
5,509,0,0.8295650482177734,
5,509,1,0.8309075832366943,
5,510,0,0.8267926573753357,
5,510,1,0.8281214833259583,
5,511,0,0.8300247192382812,
5,511,1,0.8270974159240723,
5,512,0,0.8232764601707458,
5,512,1,0.8292387127876282,
5,513,0,0.8214271068572998,
5,513,1,0.82133948802948,
5,514,0,0.8283337354660034,
5,514,1,0.8329359292984009,
5,515,0,0.827239453792572,
5,515,1,0.8276618719100952,
5,516,0,0.826980710029602,
5,516,1,0.8266328573226929,
5,517,0,0.8273468613624573,
5,517,1,0.8230147361755371,
5,518,0,0.8279098868370056,
5,518,1,0.8224970102310181,
5,519,0,0.8249057531356812,
5,519,1,0.8304522633552551,
5,520,0,0.8266880512237549,
5,520,1,0.8186870813369751,
5,521,0,0.8250705003738403,
5,521,1,0.8258596658706665,
5,522,0,0.8286075592041016,
5,522,1,0.8255407810211182,
5,523,0,0.8237001299858093,
5,523,1,0.8275130391120911,
5,524,0,0.8249693512916565,
5,524,1,0.8253940343856812,
5,525,0,0.8269147872924805,
5,525,1,0.824788510799408,
5,526,0,0.8265783190727234,
5,526,1,0.8288273811340332,
5,527,0,0.8278745412826538,
5,527,1,0.818183422088623,
5,528,0,0.8269457221031189,
5,528,1,0.8239086866378784,
5,529,0,0.8271089196205139,
5,529,1,0.8282015323638916,
5,530,0,0.8282967805862427,
5,530,1,0.8314979076385498,
5,531,0,0.8252288699150085,
5,531,1,0.8270319700241089,
5,532,0,0.823180079460144,
5,532,1,0.8281379342079163,
5,533,0,0.8257831931114197,
5,533,1,0.832292914390564,
5,534,0,0.8282685875892639,
5,534,1,0.8294203877449036,
5,535,0,0.8249732255935669,
5,535,1,0.8245323300361633,
5,536,0,0.8263829946517944,
5,536,1,0.8242858648300171,
5,537,0,0.8275602459907532,
5,537,1,0.8243685364723206,
5,538,0,0.8278652429580688,
5,538,1,0.8233189582824707,
5,539,0,0.825683057308197,
5,539,1,0.8226108551025391,
5,540,0,0.8269128799438477,
5,540,1,0.8304688930511475,
5,541,0,0.8283805847167969,
5,541,1,0.8256926536560059,
5,542,0,0.8271419405937195,
5,542,1,0.8270198106765747,
5,543,0,0.8264657258987427,
5,543,1,0.825555145740509,
5,544,0,0.8252050280570984,
5,544,1,0.8270391821861267,
5,545,0,0.8252066969871521,
5,545,1,0.8312061429023743,
5,546,0,0.8251377940177917,
5,546,1,0.8302485346794128,
5,547,0,0.8227246403694153,
5,547,1,0.8210394382476807,
5,548,0,0.8297611474990845,
5,548,1,0.8291627168655396,
5,549,0,0.8283423185348511,
5,549,1,0.8238140344619751,
5,550,0,0.8265595436096191,
5,550,1,0.8315603137016296,
5,551,0,0.8251518607139587,
5,551,1,0.8215529322624207,
5,552,0,0.8233494758605957,
5,552,1,0.833659291267395,
5,553,0,0.8249650597572327,
5,553,1,0.8267782926559448,
5,554,0,0.8257836699485779,
5,554,1,0.8250980377197266,
5,555,0,0.8263006806373596,
5,555,1,0.8283052444458008,
5,556,0,0.8251428604125977,
5,556,1,0.820860743522644,
5,557,0,0.8252103924751282,
5,557,1,0.8278195858001709,
5,558,0,0.823967695236206,
5,558,1,0.8193726539611816,
5,559,0,0.8253523111343384,
5,559,1,0.8230987191200256,
5,560,0,0.8279299736022949,
5,560,1,0.8241180777549744,
5,561,0,0.8242118954658508,
5,561,1,0.8282452821731567,
5,562,0,0.8263697028160095,
5,562,1,0.8237454295158386,
5,563,0,0.8238597512245178,
5,563,1,0.8243372440338135,
5,564,0,0.8292034864425659,
5,564,1,0.8239315152168274,
5,565,0,0.8264147043228149,
5,565,1,0.8205873966217041,
5,566,0,0.8268831372261047,
5,566,1,0.8271586894989014,
5,567,0,0.8260157108306885,
5,567,1,0.8260402679443359,
5,568,0,0.8271151781082153,
5,568,1,0.829326868057251,
5,569,0,0.8220714926719666,
5,569,1,0.8217246532440186,
5,570,0,0.8277832269668579,
5,570,1,0.8253498077392578,
5,571,0,0.8271689414978027,
5,571,1,0.8223960399627686,
5,572,0,0.8279296159744263,
5,572,1,0.8269705772399902,
5,573,0,0.8273974061012268,
5,573,1,0.8282327651977539,
5,574,0,0.8259977102279663,
5,574,1,0.8241149187088013,
5,575,0,0.8234981298446655,
5,575,1,0.8281159400939941,
5,576,0,0.8238731026649475,
5,576,1,0.82783442735672,
5,577,0,0.8230396509170532,
5,577,1,0.8266886472702026,
5,578,0,0.8276098370552063,
5,578,1,0.8202534914016724,
5,579,0,0.8248423933982849,
5,579,1,0.8214426040649414,
5,580,0,0.824803352355957,
5,580,1,0.8291153311729431,
5,581,0,0.8280211687088013,
5,581,1,0.8278363943099976,
5,582,0,0.824962854385376,
5,582,1,0.8255679607391357,
5,583,0,0.8267760276794434,
5,583,1,0.817632257938385,
5,584,0,0.8243111968040466,
5,584,1,0.8240680694580078,
5,585,0,0.8241246342658997,
5,585,1,0.8310263156890869,
5,586,0,0.8241428136825562,
5,586,1,0.8286219835281372,
5,587,0,0.8251707553863525,
5,587,1,0.8251359462738037,
5,588,0,0.8266599178314209,
5,588,1,0.8299329876899719,
5,589,0,0.8258929252624512,
5,589,1,0.8273026943206787,
5,590,0,0.8239718079566956,
5,590,1,0.8253769874572754,
5,591,0,0.8258361220359802,
5,591,1,0.8240864276885986,
5,592,0,0.8257924318313599,
5,592,1,0.8262302875518799,
5,593,0,0.8233071565628052,
5,593,1,0.8305838108062744,
5,594,0,0.8255857825279236,
5,594,1,0.8189100027084351,
5,595,0,0.8243002891540527,
5,595,1,0.8276654481887817,
5,596,0,0.824018120765686,
5,596,1,0.8286097645759583,
5,597,0,0.8255258202552795,
5,597,1,0.82855224609375,
5,598,0,0.8261538147926331,
5,598,1,0.8181017637252808,
5,599,0,0.8290489912033081,
5,599,1,0.8258156776428223,
5,600,0,0.823900580406189,
5,600,1,0.8315737843513489,
5,601,0,0.8249617218971252,
5,601,1,0.8233883380889893,
5,602,0,0.823915958404541,
5,602,1,0.8280349969863892,
5,603,0,0.8298945426940918,
5,603,1,0.8269655704498291,
5,604,0,0.8281397819519043,
5,604,1,0.8295338749885559,
5,val,,,0.8256565916538239
6,0,0,0.8270733952522278,
6,0,1,0.823171079158783,
6,1,0,0.8278450965881348,
6,1,1,0.8237797021865845,
6,2,0,0.8278584480285645,
6,2,1,0.831411600112915,
6,3,0,0.8260725736618042,
6,3,1,0.8286201357841492,
6,4,0,0.8270789980888367,
6,4,1,0.8242830038070679,
6,5,0,0.8240995407104492,
6,5,1,0.8309438228607178,
6,6,0,0.8257680535316467,
6,6,1,0.8294730186462402,
6,7,0,0.8248621225357056,
6,7,1,0.8170560598373413,
6,8,0,0.8222366571426392,
6,8,1,0.8213262557983398,
6,9,0,0.8253543376922607,
6,9,1,0.817242443561554,
6,10,0,0.8244831562042236,
6,10,1,0.8261047601699829,
6,11,0,0.8212569952011108,
6,11,1,0.8237934708595276,
6,12,0,0.8233485221862793,
6,12,1,0.8241546154022217,
6,13,0,0.8273333311080933,
6,13,1,0.8280962705612183,
6,14,0,0.8248369097709656,
6,14,1,0.8248990774154663,
6,15,0,0.8229249715805054,
6,15,1,0.8263628482818604,
6,16,0,0.8258317708969116,
6,16,1,0.8298461437225342,
6,17,0,0.825483500957489,
6,17,1,0.8231037855148315,
6,18,0,0.8255539536476135,
6,18,1,0.8141383528709412,
6,19,0,0.8237903714179993,
6,19,1,0.8274828195571899,
6,20,0,0.8241614699363708,
6,20,1,0.8264222741127014,
6,21,0,0.82718425989151,
6,21,1,0.8216029405593872,
6,22,0,0.8256658315658569,
6,22,1,0.8207767605781555,
6,23,0,0.8250997066497803,
6,23,1,0.8302441835403442,
6,24,0,0.824185848236084,
6,24,1,0.8242159485816956,
6,25,0,0.8251772522926331,
6,25,1,0.8242523670196533,
6,26,0,0.8247624039649963,
6,26,1,0.8200536370277405,
6,27,0,0.8298415541648865,
6,27,1,0.822895348072052,
6,28,0,0.8238070607185364,
6,28,1,0.8248293995857239,
6,29,0,0.8300635814666748,
6,29,1,0.8363572955131531,
6,30,0,0.8236610293388367,
6,30,1,0.8285702466964722,
6,31,0,0.8259884119033813,
6,31,1,0.8245053291320801,
6,32,0,0.8237705826759338,
6,32,1,0.8148274421691895,
6,33,0,0.829250156879425,
6,33,1,0.8215900659561157,
6,34,0,0.8239163756370544,
6,34,1,0.8257131576538086,
6,35,0,0.8216015696525574,
6,35,1,0.8209154605865479,
6,36,0,0.8240237236022949,
6,36,1,0.8273390531539917,
6,37,0,0.8236527442932129,
6,37,1,0.8244516849517822,
6,38,0,0.824539065361023,
6,38,1,0.8236551284790039,
6,39,0,0.822262167930603,
6,39,1,0.8327739834785461,
6,40,0,0.824224591255188,
6,40,1,0.8214771747589111,
6,41,0,0.8294075727462769,
6,41,1,0.8269754648208618,
6,42,0,0.8279030323028564,
6,42,1,0.8247315287590027,
6,43,0,0.8256107568740845,
6,43,1,0.8273839950561523,
6,44,0,0.8285213112831116,
6,44,1,0.826039731502533,
6,45,0,0.8211176991462708,
6,45,1,0.8281667232513428,
6,46,0,0.8263171911239624,
6,46,1,0.8266610503196716,
6,47,0,0.8271149396896362,
6,47,1,0.8180375099182129,
6,48,0,0.8263545632362366,
6,48,1,0.8229490518569946,
6,49,0,0.8281902074813843,
6,49,1,0.8258190155029297,
6,50,0,0.8268506526947021,
6,50,1,0.824769914150238,
6,51,0,0.8299230933189392,
6,51,1,0.8182867169380188,
6,52,0,0.8262178897857666,
6,52,1,0.8256298899650574,
6,53,0,0.8303147554397583,
6,53,1,0.8241184949874878,
6,54,0,0.8252711296081543,
6,54,1,0.8308154344558716,
6,55,0,0.8273776769638062,
6,55,1,0.8307247757911682,
6,56,0,0.8284221887588501,
6,56,1,0.8314206004142761,
6,57,0,0.8238516449928284,
6,57,1,0.8216318488121033,
6,58,0,0.8268430829048157,
6,58,1,0.8269327282905579,
6,59,0,0.8276621103286743,
6,59,1,0.8242654204368591,
6,60,0,0.8301491737365723,
6,60,1,0.8159074187278748,
6,61,0,0.826466977596283,
6,61,1,0.8196081519126892,
6,62,0,0.8258033394813538,
6,62,1,0.8255003094673157,
6,63,0,0.822892427444458,
6,63,1,0.8227631449699402,
6,64,0,0.8276270627975464,
6,64,1,0.8205626606941223,
6,65,0,0.827155590057373,
6,65,1,0.8316307067871094,
6,66,0,0.8264977931976318,
6,66,1,0.8207051157951355,
6,67,0,0.8265087604522705,
6,67,1,0.8263962268829346,
6,68,0,0.8282920718193054,
6,68,1,0.8332453966140747,
6,69,0,0.825365424156189,
6,69,1,0.8284286856651306,
6,70,0,0.8249696493148804,
6,70,1,0.8307061195373535,
6,71,0,0.8275057673454285,
6,71,1,0.8274770975112915,
6,72,0,0.8258311748504639,
6,72,1,0.829459011554718,
6,73,0,0.8270227909088135,
6,73,1,0.8273008465766907,
6,74,0,0.8226704001426697,
6,74,1,0.8280836343765259,
6,75,0,0.8272477388381958,
6,75,1,0.8267050981521606,
6,76,0,0.823108434677124,
6,76,1,0.8215680122375488,
6,77,0,0.8227717876434326,
6,77,1,0.8214454650878906,
6,78,0,0.8293483257293701,
6,78,1,0.8330456018447876,
6,79,0,0.82447350025177,
6,79,1,0.8271303176879883,
6,80,0,0.825796365737915,
6,80,1,0.8311623334884644,
6,81,0,0.8270491361618042,
6,81,1,0.8329229950904846,
6,82,0,0.8256051540374756,
6,82,1,0.8280133008956909,
6,83,0,0.8258547186851501,
6,83,1,0.8203624486923218,
6,84,0,0.8235359787940979,
6,84,1,0.8200823664665222,
6,85,0,0.8268598318099976,
6,85,1,0.8199670910835266,
6,86,0,0.8249796032905579,
6,86,1,0.8227956295013428,
6,87,0,0.8271397948265076,
6,87,1,0.818298876285553,
6,88,0,0.8269147276878357,
6,88,1,0.8265655040740967,
6,89,0,0.8265442252159119,
6,89,1,0.8264694213867188,
6,90,0,0.825908899307251,
6,90,1,0.8247174620628357,
6,91,0,0.8254585266113281,
6,91,1,0.8254289031028748,
6,92,0,0.825527012348175,
6,92,1,0.824138343334198,
6,93,0,0.8238915205001831,
6,93,1,0.8310736417770386,
6,94,0,0.8289321660995483,
6,94,1,0.8222769498825073,
6,95,0,0.8260971307754517,
6,95,1,0.8223453760147095,
6,96,0,0.825190544128418,
6,96,1,0.8255391120910645,
6,97,0,0.8268173933029175,
6,97,1,0.82762610912323,
6,98,0,0.826765775680542,
6,98,1,0.8294792175292969,
6,99,0,0.8266412019729614,
6,99,1,0.8277012705802917,
6,100,0,0.8276609182357788,
6,100,1,0.8202837705612183,
6,101,0,0.8271695375442505,
6,101,1,0.8199636936187744,
6,102,0,0.8228775262832642,
6,102,1,0.8240613341331482,
6,103,0,0.8295649886131287,
6,103,1,0.8331238031387329,
6,104,0,0.8269526958465576,
6,104,1,0.8320021629333496,
6,105,0,0.8309525847434998,
6,105,1,0.8369327783584595,
6,106,0,0.8264626264572144,
6,106,1,0.823286771774292,
6,107,0,0.8306184411048889,
6,107,1,0.8326603174209595,
6,108,0,0.8238707780838013,
6,108,1,0.8249567747116089,
6,109,0,0.8275986909866333,
6,109,1,0.8265114426612854,
6,110,0,0.8278295397758484,
6,110,1,0.8199517130851746,
6,111,0,0.8268125057220459,
6,111,1,0.827709436416626,
6,112,0,0.8242881894111633,
6,112,1,0.8212896585464478,
6,113,0,0.8301653861999512,
6,113,1,0.8331242203712463,
6,114,0,0.828781247138977,
6,114,1,0.8269089460372925,
6,115,0,0.8269914984703064,
6,115,1,0.8309280276298523,
6,116,0,0.829935610294342,
6,116,1,0.8224296569824219,
6,117,0,0.8254594802856445,
6,117,1,0.8241852521896362,
6,118,0,0.8268202543258667,
6,118,1,0.832016110420227,
6,119,0,0.8279842138290405,
6,119,1,0.8195329308509827,
6,120,0,0.8273704051971436,
6,120,1,0.8273687362670898,
6,121,0,0.8262174129486084,
6,121,1,0.8293557167053223,
6,122,0,0.8290207386016846,
6,122,1,0.8179882168769836,
6,123,0,0.8254127502441406,
6,123,1,0.8252063989639282,
6,124,0,0.8240519165992737,
6,124,1,0.8260132074356079,
6,125,0,0.8268582224845886,
6,125,1,0.8246721029281616,
6,126,0,0.8249571323394775,
6,126,1,0.821052074432373,
6,127,0,0.8246897459030151,
6,127,1,0.8209537267684937,
6,128,0,0.8231369853019714,
6,128,1,0.8246712684631348,
6,129,0,0.8242723941802979,
6,129,1,0.8257738351821899,
6,130,0,0.8240833282470703,
6,130,1,0.8252398371696472,
6,131,0,0.8263264894485474,
6,131,1,0.8306475281715393,
6,132,0,0.8205183744430542,
6,132,1,0.8195868730545044,
6,133,0,0.8249173164367676,
6,133,1,0.8229126334190369,
6,134,0,0.8262641429901123,
6,134,1,0.8289628624916077,
6,135,0,0.827894926071167,
6,135,1,0.8182461857795715,
6,136,0,0.8228322267532349,
6,136,1,0.8282676935195923,
6,137,0,0.8279178738594055,
6,137,1,0.819995641708374,
6,138,0,0.8226110935211182,
6,138,1,0.8176430463790894,
6,139,0,0.827258288860321,
6,139,1,0.829462468624115,
6,140,0,0.8277953863143921,
6,140,1,0.8313223719596863,
6,141,0,0.8240178823471069,
6,141,1,0.8262187242507935,
6,142,0,0.8275456428527832,
6,142,1,0.8191413283348083,
6,143,0,0.8274693489074707,
6,143,1,0.827497124671936,
6,144,0,0.828626275062561,
6,144,1,0.8238900303840637,
6,145,0,0.8231432437896729,
6,145,1,0.8257451057434082,
6,146,0,0.8285324573516846,
6,146,1,0.8320567607879639,
6,147,0,0.8253812789916992,
6,147,1,0.8232227563858032,
6,148,0,0.8250240087509155,
6,148,1,0.8265050649642944,
6,149,0,0.8257964253425598,
6,149,1,0.8254686594009399,
6,150,0,0.8297057151794434,
6,150,1,0.8236392140388489,
6,151,0,0.828552782535553,
6,151,1,0.8212097883224487,
6,152,0,0.8254915475845337,
6,152,1,0.8214597702026367,
6,153,0,0.8277513384819031,
6,153,1,0.8222626447677612,
6,154,0,0.8247224688529968,
6,154,1,0.8277965784072876,
6,155,0,0.8258240222930908,
6,155,1,0.825131893157959,
6,156,0,0.8266833424568176,
6,156,1,0.8251625299453735,
6,157,0,0.8273040056228638,
6,157,1,0.823297381401062,
6,158,0,0.8281999230384827,
6,158,1,0.8207611441612244,
6,159,0,0.8274192810058594,
6,159,1,0.8265007734298706,
6,160,0,0.8229343891143799,
6,160,1,0.8241273164749146,
6,161,0,0.826365053653717,
6,161,1,0.8232976794242859,
6,162,0,0.8247392773628235,
6,162,1,0.82660973072052,
6,163,0,0.8243010640144348,
6,163,1,0.8264398574829102,
6,164,0,0.8272854089736938,
6,164,1,0.8256254196166992,
6,165,0,0.8201703429222107,
6,165,1,0.8282379508018494,
6,166,0,0.8293240070343018,
6,166,1,0.8300626277923584,
6,167,0,0.8244860172271729,
6,167,1,0.8221501111984253,
6,168,0,0.8249465227127075,
6,168,1,0.8291767239570618,
6,169,0,0.8220363855361938,
6,169,1,0.8273009657859802,
6,170,0,0.8248856067657471,
6,170,1,0.8267284035682678,
6,171,0,0.8253902792930603,
6,171,1,0.8170789480209351,
6,172,0,0.8304972648620605,
6,172,1,0.8324997425079346,
6,173,0,0.8228706121444702,
6,173,1,0.8270622491836548,
6,174,0,0.8273963928222656,
6,174,1,0.8239489793777466,
6,175,0,0.8299426436424255,
6,175,1,0.8216977715492249,
6,176,0,0.8232659697532654,
6,176,1,0.8311984539031982,
6,177,0,0.8281343579292297,
6,177,1,0.8271191120147705,
6,178,0,0.8254568576812744,
6,178,1,0.8263213634490967,
6,179,0,0.8239357471466064,
6,179,1,0.8266956210136414,
6,180,0,0.8265554904937744,
6,180,1,0.8271770477294922,
6,181,0,0.8221613764762878,
6,181,1,0.8200048208236694,
6,182,0,0.8270580172538757,
6,182,1,0.8295199871063232,
6,183,0,0.8286761045455933,
6,183,1,0.8202297687530518,
6,184,0,0.8286135196685791,
6,184,1,0.8275754451751709,
6,185,0,0.8281829357147217,
6,185,1,0.8292388319969177,
6,186,0,0.8251398205757141,
6,186,1,0.8239519596099854,
6,187,0,0.8254370093345642,
6,187,1,0.8209203481674194,
6,188,0,0.826076328754425,
6,188,1,0.8143473863601685,
6,189,0,0.8268717527389526,
6,189,1,0.8236038088798523,
6,190,0,0.821455717086792,
6,190,1,0.8266593813896179,
6,191,0,0.8263063430786133,
6,191,1,0.828170895576477,
6,192,0,0.8244695663452148,
6,192,1,0.8294758200645447,
6,193,0,0.8254933953285217,
6,193,1,0.8233569860458374,
6,194,0,0.8225972652435303,
6,194,1,0.8318932056427002,
6,195,0,0.8279702067375183,
6,195,1,0.8295025825500488,
6,196,0,0.8244755864143372,
6,196,1,0.82476806640625,
6,197,0,0.8239284157752991,
6,197,1,0.83251953125,
6,198,0,0.8255864977836609,
6,198,1,0.8337693810462952,
6,199,0,0.8239119052886963,
6,199,1,0.8209052085876465,
6,200,0,0.8223413228988647,
6,200,1,0.8287593722343445,
6,201,0,0.8284363746643066,
6,201,1,0.8186255693435669,
6,202,0,0.8240107297897339,
6,202,1,0.8267276287078857,
6,203,0,0.8254660964012146,
6,203,1,0.8225106000900269,
6,204,0,0.8234940767288208,
6,204,1,0.832146167755127,
6,205,0,0.8237098455429077,
6,205,1,0.8264806270599365,
6,206,0,0.8241442441940308,
6,206,1,0.8338758945465088,
6,207,0,0.8241637945175171,
6,207,1,0.8281004428863525,
6,208,0,0.8252401351928711,
6,208,1,0.8285143375396729,
6,209,0,0.8264060020446777,
6,209,1,0.8279209136962891,
6,210,0,0.8280918598175049,
6,210,1,0.8313077688217163,
6,211,0,0.8262308239936829,
6,211,1,0.8202930688858032,
6,212,0,0.824250340461731,
6,212,1,0.8319481611251831,
6,213,0,0.8274597525596619,
6,213,1,0.8158618211746216,
6,214,0,0.8246852159500122,
6,214,1,0.8235288858413696,
6,215,0,0.8240821957588196,
6,215,1,0.8242257237434387,
6,216,0,0.825690746307373,
6,216,1,0.8268849849700928,
6,217,0,0.8241172432899475,
6,217,1,0.8185247182846069,
6,218,0,0.8246011137962341,
6,218,1,0.8217791318893433,
6,219,0,0.8285223245620728,
6,219,1,0.8209319114685059,
6,220,0,0.8263392448425293,
6,220,1,0.8213354349136353,
6,221,0,0.8266138434410095,
6,221,1,0.8255999088287354,
6,222,0,0.8289998173713684,
6,222,1,0.8217368125915527,
6,223,0,0.8235028982162476,
6,223,1,0.8248358368873596,
6,224,0,0.826124906539917,
6,224,1,0.8256374597549438,
6,225,0,0.8258457779884338,
6,225,1,0.8222618103027344,
6,226,0,0.8248331546783447,
6,226,1,0.8269925117492676,
6,227,0,0.8251514434814453,
6,227,1,0.8261727094650269,
6,228,0,0.8260703086853027,
6,228,1,0.8226925134658813,
6,229,0,0.8262526392936707,
6,229,1,0.8264085054397583,
6,230,0,0.8279103636741638,
6,230,1,0.8241909742355347,
6,231,0,0.8237441182136536,
6,231,1,0.8231370449066162,
6,232,0,0.8242902159690857,
6,232,1,0.8246870636940002,
6,233,0,0.8273008465766907,
6,233,1,0.8200364112854004,
6,234,0,0.82920902967453,
6,234,1,0.8210158348083496,
6,235,0,0.8254717588424683,
6,235,1,0.8200783729553223,
6,236,0,0.8223116397857666,
6,236,1,0.8244292140007019,
6,237,0,0.8263744115829468,
6,237,1,0.8250004053115845,
6,238,0,0.8261461853981018,
6,238,1,0.8305175304412842,
6,239,0,0.8254016637802124,
6,239,1,0.8317569494247437,
6,240,0,0.8272401094436646,
6,240,1,0.8268254399299622,
6,241,0,0.8263607025146484,
6,241,1,0.8318116664886475,
6,242,0,0.8251765966415405,
6,242,1,0.8236818313598633,
6,243,0,0.8243017792701721,
6,243,1,0.8294530510902405,
6,244,0,0.8263530731201172,
6,244,1,0.8228962421417236,
6,245,0,0.8270140886306763,
6,245,1,0.8260710835456848,
6,246,0,0.8236861228942871,
6,246,1,0.8276124000549316,
6,247,0,0.8244621753692627,
6,247,1,0.8260663747787476,
6,248,0,0.8303803205490112,
6,248,1,0.8254659175872803,
6,249,0,0.826926052570343,
6,249,1,0.8240386247634888,
6,250,0,0.8260197639465332,
6,250,1,0.8228107690811157,
6,251,0,0.8283757567405701,
6,251,1,0.8157234191894531,
6,252,0,0.8262245655059814,
6,252,1,0.821980893611908,
6,253,0,0.8260540962219238,
6,253,1,0.8218538165092468,
6,254,0,0.8276804089546204,
6,254,1,0.8195634484291077,
6,255,0,0.8270999193191528,
6,255,1,0.8243051767349243,
6,256,0,0.8246923089027405,
6,256,1,0.8307252526283264,
6,257,0,0.8243106603622437,
6,257,1,0.8233278393745422,
6,258,0,0.8277705907821655,
6,258,1,0.8317866921424866,
6,259,0,0.8236258029937744,
6,259,1,0.8257659673690796,
6,260,0,0.8271997570991516,
6,260,1,0.8271743059158325,
6,261,0,0.8278073072433472,
6,261,1,0.8313302397727966,
6,262,0,0.8262545466423035,
6,262,1,0.8261753916740417,
6,263,0,0.8258957862854004,
6,263,1,0.8347943425178528,
6,264,0,0.8225882649421692,
6,264,1,0.8237417340278625,
6,265,0,0.8267179131507874,
6,265,1,0.8233886957168579,
6,266,0,0.8296009302139282,
6,266,1,0.8195178508758545,
6,267,0,0.8273785710334778,
6,267,1,0.8244433403015137,
6,268,0,0.8238010406494141,
6,268,1,0.8255248069763184,
6,269,0,0.823854386806488,
6,269,1,0.818590521812439,
6,270,0,0.8263058662414551,
6,270,1,0.8228714466094971,
6,271,0,0.8273568153381348,
6,271,1,0.8236534595489502,
6,272,0,0.8254340887069702,
6,272,1,0.8292288780212402,
6,273,0,0.8273895382881165,
6,273,1,0.8241927027702332,
6,274,0,0.8264598846435547,
6,274,1,0.8289382457733154,
6,275,0,0.8244437575340271,
6,275,1,0.8268074989318848,
6,276,0,0.8255417943000793,
6,276,1,0.8199571371078491,
6,277,0,0.8247960805892944,
6,277,1,0.8246461153030396,
6,278,0,0.824489414691925,
6,278,1,0.8179887533187866,
6,279,0,0.8227744102478027,
6,279,1,0.8345736861228943,
6,280,0,0.8265721201896667,
6,280,1,0.8282166719436646,
6,281,0,0.8260260820388794,
6,281,1,0.8264108896255493,
6,282,0,0.8264265060424805,
6,282,1,0.8257331848144531,
6,283,0,0.826191782951355,
6,283,1,0.829698920249939,
6,284,0,0.8267742395401001,
6,284,1,0.8210745453834534,
6,285,0,0.8255690932273865,
6,285,1,0.8228909969329834,
6,286,0,0.8225485682487488,
6,286,1,0.828467607498169,
6,287,0,0.8270550966262817,
6,287,1,0.824309766292572,
6,288,0,0.8232501745223999,
6,288,1,0.8264938592910767,
6,289,0,0.8270310163497925,
6,289,1,0.8208802342414856,
6,290,0,0.825655996799469,
6,290,1,0.8253988027572632,
6,291,0,0.8252789974212646,
6,291,1,0.8274391889572144,
6,292,0,0.8251571655273438,
6,292,1,0.8243529796600342,
6,293,0,0.8263409733772278,
6,293,1,0.8302595615386963,
6,294,0,0.8236404061317444,
6,294,1,0.8229851722717285,
6,295,0,0.8266329169273376,
6,295,1,0.8223715424537659,
6,296,0,0.8266737461090088,
6,296,1,0.8171831369400024,
6,297,0,0.8245397210121155,
6,297,1,0.821129322052002,
6,298,0,0.8251442909240723,
6,298,1,0.82708340883255,
6,299,0,0.8267607688903809,
6,299,1,0.8321244716644287,
6,300,0,0.8247862458229065,
6,300,1,0.8239772319793701,
6,301,0,0.8274619579315186,
6,301,1,0.8278581500053406,
6,302,0,0.8286434412002563,
6,302,1,0.8244102001190186,
6,303,0,0.8199832439422607,
6,303,1,0.8256839513778687,
6,304,0,0.8287315368652344,
6,304,1,0.8273863792419434,
6,305,0,0.8255819082260132,
6,305,1,0.8355011343955994,
6,306,0,0.8248579502105713,
6,306,1,0.830163836479187,
6,307,0,0.8281973600387573,
6,307,1,0.8245270252227783,
6,308,0,0.8240004181861877,
6,308,1,0.8240619897842407,
6,309,0,0.8269542455673218,
6,309,1,0.8374761343002319,
6,310,0,0.8251473307609558,
6,310,1,0.820240318775177,
6,311,0,0.8263059854507446,
6,311,1,0.8284671306610107,
6,312,0,0.8257465362548828,
6,312,1,0.8244627714157104,
6,313,0,0.8257027864456177,
6,313,1,0.824220597743988,
6,314,0,0.8263046741485596,
6,314,1,0.8307008743286133,
6,315,0,0.826360821723938,
6,315,1,0.8237115144729614,
6,316,0,0.8250325918197632,
6,316,1,0.8223119974136353,
6,317,0,0.8298040628433228,
6,317,1,0.8266656994819641,
6,318,0,0.8287601470947266,
6,318,1,0.8253490924835205,
6,319,0,0.82853102684021,
6,319,1,0.8251020312309265,
6,320,0,0.8207592368125916,
6,320,1,0.83088618516922,
6,321,0,0.8250954151153564,
6,321,1,0.8272032737731934,
6,322,0,0.8290913105010986,
6,322,1,0.8245518803596497,
6,323,0,0.8265687823295593,
6,323,1,0.8241256475448608,
6,324,0,0.8233790397644043,
6,324,1,0.8334486484527588,
6,325,0,0.8309853076934814,
6,325,1,0.8224867582321167,
6,326,0,0.8268224000930786,
6,326,1,0.8235770463943481,
6,327,0,0.8247904181480408,
6,327,1,0.8206512928009033,
6,328,0,0.8307787179946899,
6,328,1,0.8202205896377563,
6,329,0,0.8236943483352661,
6,329,1,0.8369947671890259,
6,330,0,0.8225398063659668,
6,330,1,0.8242906928062439,
6,331,0,0.8252564072608948,
6,331,1,0.8250672221183777,
6,332,0,0.8265323042869568,
6,332,1,0.8307375311851501,
6,333,0,0.8279799818992615,
6,333,1,0.8214206695556641,
6,334,0,0.8237569332122803,
6,334,1,0.8165180087089539,
6,335,0,0.8266153335571289,
6,335,1,0.8179487586021423,
6,336,0,0.8228288888931274,
6,336,1,0.8232463002204895,
6,337,0,0.8269387483596802,
6,337,1,0.8265537023544312,
6,338,0,0.8289488554000854,
6,338,1,0.8283041715621948,
6,339,0,0.8261049389839172,
6,339,1,0.8292791843414307,
6,340,0,0.826077401638031,
6,340,1,0.8243619203567505,
6,341,0,0.8248333930969238,
6,341,1,0.8235122561454773,
6,342,0,0.826572060585022,
6,342,1,0.8307132124900818,
6,343,0,0.8220168352127075,
6,343,1,0.8312101364135742,
6,344,0,0.8282400369644165,
6,344,1,0.8235387802124023,
6,345,0,0.8266047239303589,
6,345,1,0.8251819610595703,
6,346,0,0.8229323625564575,
6,346,1,0.8307853937149048,
6,347,0,0.8230551481246948,
6,347,1,0.831453800201416,
6,348,0,0.827143669128418,
6,348,1,0.8277831673622131,
6,349,0,0.8251287937164307,
6,349,1,0.8319880366325378,
6,350,0,0.8247423768043518,
6,350,1,0.8319920301437378,
6,351,0,0.828085720539093,
6,351,1,0.8292221426963806,
6,352,0,0.8255541324615479,
6,352,1,0.8283425569534302,
6,353,0,0.8249468803405762,
6,353,1,0.8247143626213074,
6,354,0,0.8287971019744873,
6,354,1,0.8318967223167419,
6,355,0,0.8275690674781799,
6,355,1,0.825968325138092,
6,356,0,0.8285293579101562,
6,356,1,0.8289998769760132,
6,357,0,0.82673180103302,
6,357,1,0.8341578245162964,
6,358,0,0.8284005522727966,
6,358,1,0.823988676071167,
6,359,0,0.8245096206665039,
6,359,1,0.8276835680007935,
6,360,0,0.8236316442489624,
6,360,1,0.8257958889007568,
6,361,0,0.8255096673965454,
6,361,1,0.829373300075531,
6,362,0,0.8287535905838013,
6,362,1,0.8144185543060303,
6,363,0,0.8234255909919739,
6,363,1,0.827151894569397,
6,364,0,0.8252538442611694,
6,364,1,0.824752926826477,
6,365,0,0.8266844749450684,
6,365,1,0.8243234157562256,
6,366,0,0.826594352722168,
6,366,1,0.8276968002319336,
6,367,0,0.8287736773490906,
6,367,1,0.8214013576507568,
6,368,0,0.8265389204025269,
6,368,1,0.8248978853225708,
6,369,0,0.8264635801315308,
6,369,1,0.8348897099494934,
6,370,0,0.8236931562423706,
6,370,1,0.8203002214431763,
6,371,0,0.8232353329658508,
6,371,1,0.8239359855651855,
6,372,0,0.8255195617675781,
6,372,1,0.8300868272781372,
6,373,0,0.8220160603523254,
6,373,1,0.8299493789672852,
6,374,0,0.8256897926330566,
6,374,1,0.8254130482673645,
6,375,0,0.8253198862075806,
6,375,1,0.823462724685669,
6,376,0,0.8253347873687744,
6,376,1,0.8252897262573242,
6,377,0,0.8273881673812866,
6,377,1,0.8297692537307739,
6,378,0,0.8235715627670288,
6,378,1,0.8299627304077148,
6,379,0,0.8272449374198914,
6,379,1,0.8283572793006897,
6,380,0,0.8262236714363098,
6,380,1,0.8283235430717468,
6,381,0,0.8243086934089661,
6,381,1,0.824177622795105,
6,382,0,0.8250162601470947,
6,382,1,0.8272557258605957,
6,383,0,0.8255982398986816,
6,383,1,0.8187428712844849,
6,384,0,0.8210272789001465,
6,384,1,0.8259145021438599,
6,385,0,0.8277522325515747,
6,385,1,0.8204904198646545,
6,386,0,0.823962926864624,
6,386,1,0.823001503944397,
6,387,0,0.8235299587249756,
6,387,1,0.8260656595230103,
6,388,0,0.8234865665435791,
6,388,1,0.8232077360153198,
6,389,0,0.8229748010635376,
6,389,1,0.8250082731246948,
6,390,0,0.8244304656982422,
6,390,1,0.8260310888290405,
6,391,0,0.8252283334732056,
6,391,1,0.8222591876983643,
6,392,0,0.8290925025939941,
6,392,1,0.8223459720611572,
6,393,0,0.8271239399909973,
6,393,1,0.8339052200317383,
6,394,0,0.8230589032173157,
6,394,1,0.8269779086112976,
6,395,0,0.8273583650588989,
6,395,1,0.8281285762786865,
6,396,0,0.8288726806640625,
6,396,1,0.8241589069366455,
6,397,0,0.8244369626045227,
6,397,1,0.8253182172775269,
6,398,0,0.8253259658813477,
6,398,1,0.8210451006889343,
6,399,0,0.8253544569015503,
6,399,1,0.8228858113288879,
6,400,0,0.8241069316864014,
6,400,1,0.8274246454238892,
6,401,0,0.8263953924179077,
6,401,1,0.8229731321334839,
6,402,0,0.8290723562240601,
6,402,1,0.8259117603302002,
6,403,0,0.8272122144699097,
6,403,1,0.8232103586196899,
6,404,0,0.8258205652236938,
6,404,1,0.8272296190261841,
6,405,0,0.827069103717804,
6,405,1,0.8317602872848511,
6,406,0,0.8224831819534302,
6,406,1,0.8296148777008057,
6,407,0,0.8214646577835083,
6,407,1,0.8246793746948242,
6,408,0,0.8235491514205933,
6,408,1,0.8216127157211304,
6,409,0,0.8238530158996582,
6,409,1,0.829861581325531,
6,410,0,0.8258563280105591,
6,410,1,0.8266364932060242,
6,411,0,0.826309859752655,
6,411,1,0.8298571705818176,
6,412,0,0.8260930776596069,
6,412,1,0.8308606743812561,
6,413,0,0.8266797661781311,
6,413,1,0.8288897275924683,
6,414,0,0.824084460735321,
6,414,1,0.8212113380432129,
6,415,0,0.8238911628723145,
6,415,1,0.8277266621589661,
6,416,0,0.8242076635360718,
6,416,1,0.8258670568466187,
6,417,0,0.8275864720344543,
6,417,1,0.8270733952522278,
6,418,0,0.8256741762161255,
6,418,1,0.8214859962463379,
6,419,0,0.8281422853469849,
6,419,1,0.8280749917030334,
6,420,0,0.8263180255889893,
6,420,1,0.8239294290542603,
6,421,0,0.8280588388442993,
6,421,1,0.820716142654419,
6,422,0,0.8251481652259827,
6,422,1,0.8266084790229797,
6,423,0,0.8291543126106262,
6,423,1,0.8263548612594604,
6,424,0,0.826783299446106,
6,424,1,0.8302554488182068,
6,425,0,0.8235742449760437,
6,425,1,0.8242349624633789,
6,426,0,0.8280459642410278,
6,426,1,0.8262216448783875,
6,427,0,0.8261013031005859,
6,427,1,0.830305278301239,
6,428,0,0.824985921382904,
6,428,1,0.8305279016494751,
6,429,0,0.8260553479194641,
6,429,1,0.8261964321136475,
6,430,0,0.8246890306472778,
6,430,1,0.8293300271034241,
6,431,0,0.8271405696868896,
6,431,1,0.827875018119812,
6,432,0,0.8255804777145386,
6,432,1,0.8220700025558472,
6,433,0,0.8241456151008606,
6,433,1,0.8276090025901794,
6,434,0,0.825287938117981,
6,434,1,0.8260272741317749,
6,435,0,0.8269745111465454,
6,435,1,0.8245729804039001,
6,436,0,0.8260114192962646,
6,436,1,0.8269652724266052,
6,437,0,0.8246594667434692,
6,437,1,0.8219650983810425,
6,438,0,0.8286935091018677,
6,438,1,0.8243262767791748,
6,439,0,0.8227931261062622,
6,439,1,0.8208718299865723,
6,440,0,0.8272373676300049,
6,440,1,0.8290362358093262,
6,441,0,0.8251830339431763,
6,441,1,0.8209046125411987,
6,442,0,0.8248924016952515,
6,442,1,0.8243788480758667,
6,443,0,0.8235540986061096,
6,443,1,0.8225202560424805,
6,444,0,0.8246163725852966,
6,444,1,0.8256469964981079,
6,445,0,0.8275720477104187,
6,445,1,0.823310375213623,
6,446,0,0.8237423896789551,
6,446,1,0.8238917589187622,
6,447,0,0.8206877112388611,
6,447,1,0.8294292688369751,
6,448,0,0.8227298855781555,
6,448,1,0.8258551955223083,
6,449,0,0.8278632164001465,
6,449,1,0.8295671343803406,
6,450,0,0.8261162042617798,
6,450,1,0.8186767101287842,
6,451,0,0.8279889822006226,
6,451,1,0.8188432455062866,
6,452,0,0.8261300325393677,
6,452,1,0.8226343393325806,
6,453,0,0.8288621306419373,
6,453,1,0.8239935636520386,
6,454,0,0.8241158723831177,
6,454,1,0.8263334035873413,
6,455,0,0.8242394328117371,
6,455,1,0.8221770524978638,
6,456,0,0.8286696672439575,
6,456,1,0.816647469997406,
6,457,0,0.8243483304977417,
6,457,1,0.8212184309959412,
6,458,0,0.8269117474555969,
6,458,1,0.824845552444458,
6,459,0,0.8268018960952759,
6,459,1,0.8233203291893005,
6,460,0,0.8228159546852112,
6,460,1,0.8281582593917847,
6,461,0,0.8219327926635742,
6,461,1,0.8281642198562622,
6,462,0,0.8252298831939697,
6,462,1,0.8252633810043335,
6,463,0,0.8262079358100891,
6,463,1,0.8204215168952942,
6,464,0,0.825782299041748,
6,464,1,0.8226190805435181,
6,465,0,0.827769935131073,
6,465,1,0.8312384486198425,
6,466,0,0.8281599283218384,
6,466,1,0.8250333666801453,
6,467,0,0.8267269730567932,
6,467,1,0.8271551132202148,
6,468,0,0.8252047300338745,
6,468,1,0.8243234157562256,
6,469,0,0.8267632722854614,
6,469,1,0.8240069150924683,
6,470,0,0.8290788531303406,
6,470,1,0.8301753401756287,
6,471,0,0.8259850144386292,
6,471,1,0.8214938640594482,
6,472,0,0.8251452445983887,
6,472,1,0.8282058238983154,
6,473,0,0.8252701759338379,
6,473,1,0.8222844004631042,
6,474,0,0.8241339921951294,
6,474,1,0.8207703232765198,
6,475,0,0.8266383409500122,
6,475,1,0.8292022943496704,
6,476,0,0.8241740465164185,
6,476,1,0.8324712514877319,
6,477,0,0.824467658996582,
6,477,1,0.8304344415664673,
6,478,0,0.8232488036155701,
6,478,1,0.8216375112533569,
6,479,0,0.8262844085693359,
6,479,1,0.8229857683181763,
6,480,0,0.8241478204727173,
6,480,1,0.8285033702850342,
6,481,0,0.8269437551498413,
6,481,1,0.8202718496322632,
6,482,0,0.8265830278396606,
6,482,1,0.8259469270706177,
6,483,0,0.8283436298370361,
6,483,1,0.8324517011642456,
6,484,0,0.8284769654273987,
6,484,1,0.8292388916015625,
6,485,0,0.8288934230804443,
6,485,1,0.8302968144416809,
6,486,0,0.8248331546783447,
6,486,1,0.8272523880004883,
6,487,0,0.8242628574371338,
6,487,1,0.8290855884552002,
6,488,0,0.828078031539917,
6,488,1,0.8279998302459717,
6,489,0,0.8272637128829956,
6,489,1,0.8276057839393616,
6,490,0,0.825346827507019,
6,490,1,0.8324982523918152,
6,491,0,0.826355516910553,
6,491,1,0.8244332075119019,
6,492,0,0.8269225358963013,
6,492,1,0.8188533782958984,
6,493,0,0.8241455554962158,
6,493,1,0.8282502889633179,
6,494,0,0.8263016939163208,
6,494,1,0.8227870464324951,
6,495,0,0.8253931999206543,
6,495,1,0.8233188986778259,
6,496,0,0.8238657116889954,
6,496,1,0.8287816047668457,
6,497,0,0.8256094455718994,
6,497,1,0.8267655372619629,
6,498,0,0.8238599300384521,
6,498,1,0.8214213848114014,
6,499,0,0.8249680995941162,
6,499,1,0.8223035335540771,
6,500,0,0.8238147497177124,
6,500,1,0.8144195079803467,
6,501,0,0.8279546499252319,
6,501,1,0.8203142285346985,
6,502,0,0.826226532459259,
6,502,1,0.8233116269111633,
6,503,0,0.8286961317062378,
6,503,1,0.8234707713127136,
6,504,0,0.8296908736228943,
6,504,1,0.8287214636802673,
6,505,0,0.8243933916091919,
6,505,1,0.8284063339233398,
6,506,0,0.8252822756767273,
6,506,1,0.8328709602355957,
6,507,0,0.8298742175102234,
6,507,1,0.8259773850440979,
6,508,0,0.8254764676094055,
6,508,1,0.8299560546875,
6,509,0,0.8295409083366394,
6,509,1,0.825655460357666,
6,510,0,0.8242373466491699,
6,510,1,0.8275073766708374,
6,511,0,0.8273317217826843,
6,511,1,0.8307368755340576,
6,512,0,0.8245127201080322,
6,512,1,0.8279078006744385,
6,513,0,0.8212570548057556,
6,513,1,0.8244907855987549,
6,514,0,0.8278449773788452,
6,514,1,0.8288655281066895,
6,515,0,0.8250391483306885,
6,515,1,0.8305068016052246,
6,516,0,0.8272155523300171,
6,516,1,0.8299363255500793,
6,517,0,0.8288159370422363,
6,517,1,0.8240674734115601,
6,518,0,0.8242916464805603,
6,518,1,0.8237253427505493,
6,519,0,0.8274434208869934,
6,519,1,0.8279910087585449,
6,520,0,0.8275399804115295,
6,520,1,0.8181347250938416,
6,521,0,0.8244078159332275,
6,521,1,0.8280642032623291,
6,522,0,0.8258132934570312,
6,522,1,0.8302931785583496,
6,523,0,0.8227366209030151,
6,523,1,0.8293427228927612,
6,524,0,0.8245176672935486,
6,524,1,0.8238112330436707,
6,525,0,0.8284813165664673,
6,525,1,0.8316748738288879,
6,526,0,0.8268327713012695,
6,526,1,0.8241700530052185,
6,527,0,0.8280813694000244,
6,527,1,0.8227744698524475,
6,528,0,0.8264570236206055,
6,528,1,0.8252597451210022,
6,529,0,0.8280712366104126,
6,529,1,0.8322271108627319,
6,530,0,0.82691890001297,
6,530,1,0.8324000835418701,
6,531,0,0.8256673812866211,
6,531,1,0.8184227347373962,
6,532,0,0.8225489854812622,
6,532,1,0.825064480304718,
6,533,0,0.8283406496047974,
6,533,1,0.8263567686080933,
6,534,0,0.8268961310386658,
6,534,1,0.820189893245697,
6,535,0,0.8259009122848511,
6,535,1,0.8245676159858704,
6,536,0,0.8268316388130188,
6,536,1,0.8218176364898682,
6,537,0,0.8265298008918762,
6,537,1,0.8182498216629028,
6,538,0,0.8247877359390259,
6,538,1,0.8264018297195435,
6,539,0,0.8257569670677185,
6,539,1,0.8260135650634766,
6,540,0,0.8270708322525024,
6,540,1,0.8236539363861084,
6,541,0,0.8237512111663818,
6,541,1,0.8303027153015137,
6,542,0,0.8291001319885254,
6,542,1,0.8225167393684387,
6,543,0,0.8239978551864624,
6,543,1,0.8262512683868408,
6,544,0,0.8248597383499146,
6,544,1,0.8241040706634521,
6,545,0,0.825258731842041,
6,545,1,0.8314687013626099,
6,546,0,0.8262511491775513,
6,546,1,0.8223365545272827,
6,547,0,0.8236449956893921,
6,547,1,0.8307783603668213,
6,548,0,0.8270095586776733,
6,548,1,0.8319790363311768,
6,549,0,0.8268680572509766,
6,549,1,0.8207223415374756,
6,550,0,0.8296781182289124,
6,550,1,0.8312379121780396,
6,551,0,0.8264601230621338,
6,551,1,0.8285558223724365,
6,552,0,0.8266798257827759,
6,552,1,0.8235985040664673,
6,553,0,0.8259952068328857,
6,553,1,0.826333224773407,
6,554,0,0.8269674777984619,
6,554,1,0.8206592202186584,
6,555,0,0.8248414993286133,
6,555,1,0.8260505199432373,
6,556,0,0.8270555734634399,
6,556,1,0.8236905932426453,
6,557,0,0.8262615203857422,
6,557,1,0.8312584757804871,
6,558,0,0.8225769996643066,
6,558,1,0.8238630294799805,
6,559,0,0.8237076997756958,
6,559,1,0.8232036232948303,
6,560,0,0.826317310333252,
6,560,1,0.8252923488616943,
6,561,0,0.8243658542633057,
6,561,1,0.8180141448974609,
6,562,0,0.8245794177055359,
6,562,1,0.8259516954421997,
6,563,0,0.8249082565307617,
6,563,1,0.8195469379425049,
6,564,0,0.8250285983085632,
6,564,1,0.8304568529129028,
6,565,0,0.8233340978622437,
6,565,1,0.8271840214729309,
6,566,0,0.826926052570343,
6,566,1,0.8274197578430176,
6,567,0,0.8273295164108276,
6,567,1,0.8259138464927673,
6,568,0,0.825273871421814,
6,568,1,0.8241629004478455,
6,569,0,0.8251152634620667,
6,569,1,0.8250874280929565,
6,570,0,0.8222458362579346,
6,570,1,0.8269429206848145,
6,571,0,0.8263759016990662,
6,571,1,0.824739396572113,
6,572,0,0.8273074626922607,
6,572,1,0.8261797428131104,
6,573,0,0.8268716335296631,
6,573,1,0.821856677532196,
6,574,0,0.8243446946144104,
6,574,1,0.8266361355781555,
6,575,0,0.8232842683792114,
6,575,1,0.8291402459144592,
6,576,0,0.8241131901741028,
6,576,1,0.8237576484680176,
6,577,0,0.823013186454773,
6,577,1,0.8248347640037537,
6,578,0,0.825741708278656,
6,578,1,0.821057915687561,
6,579,0,0.825075626373291,
6,579,1,0.8239362239837646,
6,580,0,0.8288142681121826,
6,580,1,0.827517032623291,
6,581,0,0.8275764584541321,
6,581,1,0.8265204429626465,
6,582,0,0.824524998664856,
6,582,1,0.8221911787986755,
6,583,0,0.823699951171875,
6,583,1,0.8261594176292419,
6,584,0,0.8244383931159973,
6,584,1,0.8278077244758606,
6,585,0,0.827989935874939,
6,585,1,0.8271143436431885,
6,586,0,0.8238141536712646,
6,586,1,0.8224650621414185,
6,587,0,0.8242209553718567,
6,587,1,0.8198127746582031,
6,588,0,0.8263728022575378,
6,588,1,0.8232989311218262,
6,589,0,0.8251572251319885,
6,589,1,0.8294041156768799,
6,590,0,0.8238146305084229,
6,590,1,0.8256116509437561,
6,591,0,0.8228299021720886,
6,591,1,0.823334276676178,
6,592,0,0.8301088809967041,
6,592,1,0.822628378868103,
6,593,0,0.8240000009536743,
6,593,1,0.8289807438850403,
6,594,0,0.8251585960388184,
6,594,1,0.8216426968574524,
6,595,0,0.8243172764778137,
6,595,1,0.8304791450500488,
6,596,0,0.8280429244041443,
6,596,1,0.82773357629776,
6,597,0,0.8275870680809021,
6,597,1,0.8289172053337097,
6,598,0,0.8248217105865479,
6,598,1,0.8239675760269165,
6,599,0,0.8285657167434692,
6,599,1,0.8296248912811279,
6,600,0,0.8259252309799194,
6,600,1,0.8270128965377808,
6,601,0,0.8223954439163208,
6,601,1,0.8283839225769043,
6,602,0,0.8250947594642639,
6,602,1,0.831091046333313,
6,603,0,0.8295782208442688,
6,603,1,0.8277220129966736,
6,604,0,0.8285379409790039,
6,604,1,0.8266340494155884,
6,val,,,0.8252495761712392
7,0,0,0.8275613188743591,
7,0,1,0.8272587060928345,
7,1,0,0.8285101652145386,
7,1,1,0.8218263387680054,
7,2,0,0.8260819315910339,
7,2,1,0.827468752861023,
7,3,0,0.8266685009002686,
7,3,1,0.8242883086204529,
7,4,0,0.8250213265419006,
7,4,1,0.8232914209365845,
7,5,0,0.8278377056121826,
7,5,1,0.8138967752456665,
7,6,0,0.8274472951889038,
7,6,1,0.8252602219581604,
7,7,0,0.8231968283653259,
7,7,1,0.8232338428497314,
7,8,0,0.8244501352310181,
7,8,1,0.8293410539627075,
7,9,0,0.8244280815124512,
7,9,1,0.8207829594612122,
7,10,0,0.8258118629455566,
7,10,1,0.8241979479789734,
7,11,0,0.8241691589355469,
7,11,1,0.8263777494430542,
7,12,0,0.8245739936828613,
7,12,1,0.8150972723960876,
7,13,0,0.827667236328125,
7,13,1,0.8246663212776184,
7,14,0,0.8257045149803162,
7,14,1,0.8272145390510559,
7,15,0,0.8265673518180847,
7,15,1,0.826966404914856,
7,16,0,0.8293706178665161,
7,16,1,0.8247420787811279,
7,17,0,0.8252832293510437,
7,17,1,0.8210782408714294,
7,18,0,0.8238721489906311,
7,18,1,0.8259642720222473,
7,19,0,0.8229250907897949,
7,19,1,0.8247084617614746,
7,20,0,0.8240561485290527,
7,20,1,0.8248697519302368,
7,21,0,0.8255743384361267,
7,21,1,0.8251368999481201,
7,22,0,0.8251407146453857,
7,22,1,0.831853985786438,
7,23,0,0.8249232769012451,
7,23,1,0.8209577798843384,
7,24,0,0.8253127336502075,
7,24,1,0.826237142086029,
7,25,0,0.824957013130188,
7,25,1,0.8247265815734863,
7,26,0,0.8265386819839478,
7,26,1,0.819778323173523,
7,27,0,0.8239002227783203,
7,27,1,0.8246168494224548,
7,28,0,0.8221860527992249,
7,28,1,0.8295127749443054,
7,29,0,0.8297314643859863,
7,29,1,0.8324509859085083,
7,30,0,0.8263447284698486,
7,30,1,0.8233529329299927,
7,31,0,0.8247944116592407,
7,31,1,0.8219414949417114,
7,32,0,0.8223077654838562,
7,32,1,0.8223771452903748,
7,33,0,0.8257363438606262,
7,33,1,0.8305203914642334,
7,34,0,0.8252086639404297,
7,34,1,0.8178333640098572,
7,35,0,0.8228193521499634,
7,35,1,0.8204964399337769,
7,36,0,0.8241884708404541,
7,36,1,0.8250698447227478,
7,37,0,0.8260294198989868,
7,37,1,0.8198896050453186,
7,38,0,0.8226824998855591,
7,38,1,0.8233951330184937,
7,39,0,0.8257186412811279,
7,39,1,0.8332297801971436,
7,40,0,0.8225163817405701,
7,40,1,0.8307101726531982,
7,41,0,0.828272819519043,
7,41,1,0.8271231055259705,
7,42,0,0.8286774158477783,
7,42,1,0.8274713754653931,
7,43,0,0.8258727788925171,
7,43,1,0.8213886022567749,
7,44,0,0.8298147916793823,
7,44,1,0.8271321654319763,
7,45,0,0.8246357440948486,
7,45,1,0.8188453912734985,
7,46,0,0.8245207071304321,
7,46,1,0.8217778205871582,
7,47,0,0.8257805109024048,
7,47,1,0.8235870599746704,
7,48,0,0.8275118470191956,
7,48,1,0.8205569982528687,
7,49,0,0.8262476921081543,
7,49,1,0.8296833038330078,
7,50,0,0.8264776468276978,
7,50,1,0.8227947950363159,
7,51,0,0.8283973932266235,
7,51,1,0.8242471814155579,
7,52,0,0.8274953365325928,
7,52,1,0.8247748613357544,
7,53,0,0.8280452489852905,
7,53,1,0.8342143297195435,
7,54,0,0.824138879776001,
7,54,1,0.8237738609313965,
7,55,0,0.8276931643486023,
7,55,1,0.8274649381637573,
7,56,0,0.8280190825462341,
7,56,1,0.8276641368865967,
7,57,0,0.8236411213874817,
7,57,1,0.8269200325012207,
7,58,0,0.8283941149711609,
7,58,1,0.8297015428543091,
7,59,0,0.825965940952301,
7,59,1,0.8245009183883667,
7,60,0,0.8256477117538452,
7,60,1,0.8249439597129822,
7,61,0,0.8291851282119751,
7,61,1,0.8285434246063232,
7,62,0,0.8252735733985901,
7,62,1,0.8268168568611145,
7,63,0,0.8246768712997437,
7,63,1,0.8268513679504395,
7,64,0,0.8277226090431213,
7,64,1,0.8301737308502197,
7,65,0,0.8278170228004456,
7,65,1,0.8178747892379761,
7,66,0,0.8244300484657288,
7,66,1,0.8312702178955078,
7,67,0,0.8261501789093018,
7,67,1,0.8253117799758911,
7,68,0,0.8262447118759155,
7,68,1,0.8329411149024963,
7,69,0,0.8237735629081726,
7,69,1,0.8222720623016357,
7,70,0,0.8251884579658508,
7,70,1,0.8220568299293518,
7,71,0,0.8313385248184204,
7,71,1,0.8200518488883972,
7,72,0,0.8257201313972473,
7,72,1,0.8221188187599182,
7,73,0,0.8281917572021484,
7,73,1,0.8227818608283997,
7,74,0,0.8238785266876221,
7,74,1,0.8201045393943787,
7,75,0,0.8244887590408325,
7,75,1,0.8258911967277527,
7,76,0,0.8226475715637207,
7,76,1,0.8256951570510864,
7,77,0,0.8263893127441406,
7,77,1,0.8137350082397461,
7,78,0,0.8285084962844849,
7,78,1,0.8297520279884338,
7,79,0,0.8236619234085083,
7,79,1,0.8201075196266174,
7,80,0,0.8279369473457336,
7,80,1,0.8229628801345825,
7,81,0,0.8258817791938782,
7,81,1,0.8278212547302246,
7,82,0,0.8262405395507812,
7,82,1,0.8207834362983704,
7,83,0,0.8242262005805969,
7,83,1,0.8226900100708008,
7,84,0,0.8232437968254089,
7,84,1,0.8206285238265991,
7,85,0,0.8254050016403198,
7,85,1,0.8291569948196411,
7,86,0,0.8234102129936218,
7,86,1,0.8259155750274658,
7,87,0,0.825206995010376,
7,87,1,0.8285232186317444,
7,88,0,0.8246690034866333,
7,88,1,0.8255367279052734,
7,89,0,0.8257315158843994,
7,89,1,0.8273286819458008,
7,90,0,0.8232695460319519,
7,90,1,0.826177716255188,
7,91,0,0.8265323638916016,
7,91,1,0.8255207538604736,
7,92,0,0.8240676522254944,
7,92,1,0.8300055265426636,
7,93,0,0.8274444341659546,
7,93,1,0.8248928785324097,
7,94,0,0.8276973962783813,
7,94,1,0.8224399089813232,
7,95,0,0.8255002498626709,
7,95,1,0.8255050778388977,
7,96,0,0.8250912427902222,
7,96,1,0.8199386596679688,
7,97,0,0.8295849561691284,
7,97,1,0.8242428302764893,
7,98,0,0.8270394206047058,
7,98,1,0.8278552889823914,
7,99,0,0.8263822793960571,
7,99,1,0.8207801580429077,
7,100,0,0.8236140608787537,
7,100,1,0.8273762464523315,
7,101,0,0.8265923261642456,
7,101,1,0.8270073533058167,
7,102,0,0.8260460495948792,
7,102,1,0.8168226480484009,
7,103,0,0.8263818621635437,
7,103,1,0.8233699798583984,
7,104,0,0.8266361355781555,
7,104,1,0.8335175514221191,
7,105,0,0.8318515419960022,
7,105,1,0.8243467807769775,
7,106,0,0.8268430233001709,
7,106,1,0.818214476108551,
7,107,0,0.8279582262039185,
7,107,1,0.8270783424377441,
7,108,0,0.8227366805076599,
7,108,1,0.8231887817382812,
7,109,0,0.8264663219451904,
7,109,1,0.8227648735046387,
7,110,0,0.8269584774971008,
7,110,1,0.8225849866867065,
7,111,0,0.8230818510055542,
7,111,1,0.8343733549118042,
7,112,0,0.8260823488235474,
7,112,1,0.827830970287323,
7,113,0,0.8301558494567871,
7,113,1,0.8302017450332642,
7,114,0,0.8275506496429443,
7,114,1,0.8281986713409424,
7,115,0,0.8270236253738403,
7,115,1,0.8257355690002441,
7,116,0,0.826263964176178,
7,116,1,0.827021598815918,
7,117,0,0.8267532587051392,
7,117,1,0.8242743611335754,
7,118,0,0.8243221044540405,
7,118,1,0.8250759243965149,
7,119,0,0.8274080157279968,
7,119,1,0.8205170035362244,
7,120,0,0.8315188884735107,
7,120,1,0.8235424160957336,
7,121,0,0.8275542259216309,
7,121,1,0.8224219679832458,
7,122,0,0.8269022107124329,
7,122,1,0.825354814529419,
7,123,0,0.8238649368286133,
7,123,1,0.8251370191574097,
7,124,0,0.8244845271110535,
7,124,1,0.8278939127922058,
7,125,0,0.8275951147079468,
7,125,1,0.8211849927902222,
7,126,0,0.8259317874908447,
7,126,1,0.8330368399620056,
7,127,0,0.8260060548782349,
7,127,1,0.8208796977996826,
7,128,0,0.822528600692749,
7,128,1,0.8247354030609131,
7,129,0,0.8250393867492676,
7,129,1,0.82035231590271,
7,130,0,0.8258662819862366,
7,130,1,0.8235571384429932,
7,131,0,0.8281126022338867,
7,131,1,0.8298783898353577,
7,132,0,0.8241969347000122,
7,132,1,0.8201972842216492,
7,133,0,0.8251752853393555,
7,133,1,0.8269393444061279,
7,134,0,0.8267291784286499,
7,134,1,0.8196541666984558,
7,135,0,0.827551007270813,
7,135,1,0.823504626750946,
7,136,0,0.8236836194992065,
7,136,1,0.8280236721038818,
7,137,0,0.8232007026672363,
7,137,1,0.8274586200714111,
7,138,0,0.8253085613250732,
7,138,1,0.8249552845954895,
7,139,0,0.8269046545028687,
7,139,1,0.8272261619567871,
7,140,0,0.825714111328125,
7,140,1,0.8327872157096863,
7,141,0,0.8250855207443237,
7,141,1,0.8223584294319153,
7,142,0,0.8260353207588196,
7,142,1,0.8293284177780151,
7,143,0,0.8282796144485474,
7,143,1,0.8254876136779785,
7,144,0,0.8273175358772278,
7,144,1,0.8204426765441895,
7,145,0,0.8209694623947144,
7,145,1,0.8286606073379517,
7,146,0,0.8276054859161377,
7,146,1,0.8265882730484009,
7,147,0,0.8252238035202026,
7,147,1,0.8246361017227173,
7,148,0,0.8246686458587646,
7,148,1,0.826198935508728,
7,149,0,0.8234148025512695,
7,149,1,0.8289362788200378,
7,150,0,0.8242888450622559,
7,150,1,0.8277478218078613,
7,151,0,0.8257297277450562,
7,151,1,0.823888897895813,
7,152,0,0.824638843536377,
7,152,1,0.8269014358520508,
7,153,0,0.825846791267395,
7,153,1,0.8311688303947449,
7,154,0,0.8276917934417725,
7,154,1,0.8210726976394653,
7,155,0,0.8253781199455261,
7,155,1,0.8213983774185181,
7,156,0,0.8265959024429321,
7,156,1,0.8231826424598694,
7,157,0,0.8267526626586914,
7,157,1,0.8291563987731934,
7,158,0,0.8265515565872192,
7,158,1,0.8244355916976929,
7,159,0,0.8235768675804138,
7,159,1,0.825861930847168,
7,160,0,0.8219295740127563,
7,160,1,0.8280296921730042,
7,161,0,0.8249632120132446,
7,161,1,0.8225147724151611,
7,162,0,0.8238034844398499,
7,162,1,0.8150286674499512,
7,163,0,0.8263506889343262,
7,163,1,0.8273994326591492,
7,164,0,0.8271437883377075,
7,164,1,0.8197559714317322,
7,165,0,0.8225915431976318,
7,165,1,0.826535165309906,
7,166,0,0.8271210193634033,
7,166,1,0.832005500793457,
7,167,0,0.825434684753418,
7,167,1,0.8199681043624878,
7,168,0,0.8271374106407166,
7,168,1,0.8285213708877563,
7,169,0,0.8245207071304321,
7,169,1,0.8329688310623169,
7,170,0,0.8247941732406616,
7,170,1,0.8289632797241211,
7,171,0,0.8242066502571106,
7,171,1,0.82417893409729,
7,172,0,0.830331563949585,
7,172,1,0.8260769248008728,
7,173,0,0.8242979049682617,
7,173,1,0.8236020803451538,
7,174,0,0.8238288760185242,
7,174,1,0.8294497728347778,
7,175,0,0.8279082179069519,
7,175,1,0.8340238928794861,
7,176,0,0.8238280415534973,
7,176,1,0.8307192325592041,
7,177,0,0.8298603296279907,
7,177,1,0.8302627205848694,
7,178,0,0.8251720666885376,
7,178,1,0.8287588357925415,
7,179,0,0.8252174854278564,
7,179,1,0.8259348273277283,
7,180,0,0.8285853862762451,
7,180,1,0.8260236978530884,
7,181,0,0.8247178196907043,
7,181,1,0.8202775716781616,
7,182,0,0.8290895223617554,
7,182,1,0.8257961869239807,
7,183,0,0.8236879110336304,
7,183,1,0.8338929414749146,
7,184,0,0.8282742500305176,
7,184,1,0.8242748975753784,
7,185,0,0.82724928855896,
7,185,1,0.825753390789032,
7,186,0,0.823034405708313,
7,186,1,0.8340579271316528,
7,187,0,0.8226995468139648,
7,187,1,0.8219515085220337,
7,188,0,0.8244758248329163,
7,188,1,0.8283274173736572,
7,189,0,0.8257068395614624,
7,189,1,0.8262720108032227,
7,190,0,0.8230078220367432,
7,190,1,0.82391357421875,
7,191,0,0.8267447352409363,
7,191,1,0.8276638984680176,
7,192,0,0.8249324560165405,
7,192,1,0.8247591257095337,
7,193,0,0.8233628273010254,
7,193,1,0.8278011679649353,
7,194,0,0.8263803124427795,
7,194,1,0.8240084648132324,
7,195,0,0.8252837061882019,
7,195,1,0.8224866390228271,
7,196,0,0.8238605856895447,
7,196,1,0.8274758458137512,
7,197,0,0.8245394825935364,
7,197,1,0.8331084847450256,
7,198,0,0.8284227848052979,
7,198,1,0.826429009437561,
7,199,0,0.8233027458190918,
7,199,1,0.8249239921569824,
7,200,0,0.823318362236023,
7,200,1,0.8284221291542053,
7,201,0,0.8242926597595215,
7,201,1,0.8282339572906494,
7,202,0,0.8250905275344849,
7,202,1,0.8253190517425537,
7,203,0,0.8262922763824463,
7,203,1,0.8161064386367798,
7,204,0,0.8230471611022949,
7,204,1,0.8235509395599365,
7,205,0,0.8270746469497681,
7,205,1,0.8303654789924622,
7,206,0,0.8247038722038269,
7,206,1,0.8312866687774658,
7,207,0,0.8232100009918213,
7,207,1,0.8259546756744385,
7,208,0,0.825218915939331,
7,208,1,0.8252521753311157,
7,209,0,0.824105978012085,
7,209,1,0.8213263750076294,
7,210,0,0.830051839351654,
7,210,1,0.8247256278991699,
7,211,0,0.8266013860702515,
7,211,1,0.8241193294525146,
7,212,0,0.8254261612892151,
7,212,1,0.8227603435516357,
7,213,0,0.8246386051177979,
7,213,1,0.8243228197097778,
7,214,0,0.824363648891449,
7,214,1,0.8247105479240417,
7,215,0,0.8239853382110596,
7,215,1,0.8238154649734497,
7,216,0,0.8246755599975586,
7,216,1,0.8276069760322571,
7,217,0,0.8226375579833984,
7,217,1,0.818652868270874,
7,218,0,0.8264152407646179,
7,218,1,0.8266549706459045,
7,219,0,0.8266466856002808,
7,219,1,0.8313419818878174,
7,220,0,0.8268874287605286,
7,220,1,0.8230022192001343,
7,221,0,0.826445460319519,
7,221,1,0.8316091299057007,
7,222,0,0.8257879614830017,
7,222,1,0.8206628561019897,
7,223,0,0.8228901028633118,
7,223,1,0.8314093351364136,
7,224,0,0.8258082270622253,
7,224,1,0.8288381695747375,
7,225,0,0.8233423233032227,
7,225,1,0.8263328075408936,
7,226,0,0.8246698975563049,
7,226,1,0.823035717010498,
7,227,0,0.8237943053245544,
7,227,1,0.8219200372695923,
7,228,0,0.8258740901947021,
7,228,1,0.8191201090812683,
7,229,0,0.8258758187294006,
7,229,1,0.8249565362930298,
7,230,0,0.8254566788673401,
7,230,1,0.8306994438171387,
7,231,0,0.8260514736175537,
7,231,1,0.8209589719772339,
7,232,0,0.8264411687850952,
7,232,1,0.8190877437591553,
7,233,0,0.8260214328765869,
7,233,1,0.8306618928909302,
7,234,0,0.8259741067886353,
7,234,1,0.8318666219711304,
7,235,0,0.8219607472419739,
7,235,1,0.8238711357116699,
7,236,0,0.8228267431259155,
7,236,1,0.822084903717041,
7,237,0,0.8262296915054321,
7,237,1,0.8245852589607239,
7,238,0,0.8256692886352539,
7,238,1,0.8210798501968384,
7,239,0,0.826180636882782,
7,239,1,0.8323720097541809,
7,240,0,0.8260319232940674,
7,240,1,0.8272100687026978,
7,241,0,0.8249257802963257,
7,241,1,0.825502872467041,
7,242,0,0.8245859146118164,
7,242,1,0.8219617605209351,
7,243,0,0.8238623142242432,
7,243,1,0.8208956718444824,
7,244,0,0.8271404504776001,
7,244,1,0.825918972492218,
7,245,0,0.8255985975265503,
7,245,1,0.8275582790374756,
7,246,0,0.8243517875671387,
7,246,1,0.821482241153717,
7,247,0,0.8233387470245361,
7,247,1,0.8247957229614258,
7,248,0,0.8281093835830688,
7,248,1,0.8317967057228088,
7,249,0,0.8244965076446533,
7,249,1,0.8305889368057251,
7,250,0,0.8253173232078552,
7,250,1,0.8185257911682129,
7,251,0,0.8255524039268494,
7,251,1,0.8267821073532104,
7,252,0,0.8240446448326111,
7,252,1,0.8301342725753784,
7,253,0,0.8268258571624756,
7,253,1,0.8259618282318115,
7,254,0,0.826978325843811,
7,254,1,0.817672610282898,
7,255,0,0.8255103826522827,
7,255,1,0.8313487768173218,
7,256,0,0.8236960172653198,
7,256,1,0.8300536870956421,
7,257,0,0.8232394456863403,
7,257,1,0.8287336230278015,
7,258,0,0.8264853954315186,
7,258,1,0.8256940245628357,
7,259,0,0.8247698545455933,
7,259,1,0.822598934173584,
7,260,0,0.8242828249931335,
7,260,1,0.8260030150413513,
7,261,0,0.8255237340927124,
7,261,1,0.8199038505554199,
7,262,0,0.8239830732345581,
7,262,1,0.8220337629318237,
7,263,0,0.8281641602516174,
7,263,1,0.824032723903656,
7,264,0,0.8245245218276978,
7,264,1,0.8217042684555054,
7,265,0,0.8238323330879211,
7,265,1,0.8284775018692017,
7,266,0,0.8261675834655762,
7,266,1,0.8283483982086182,
7,267,0,0.8257774710655212,
7,267,1,0.8149667978286743,
7,268,0,0.825009822845459,
7,268,1,0.822606086730957,
7,269,0,0.8210156559944153,
7,269,1,0.8287625312805176,
7,270,0,0.8252661228179932,
7,270,1,0.8294920921325684,
7,271,0,0.8267760276794434,
7,271,1,0.823632001876831,
7,272,0,0.8290517926216125,
7,272,1,0.8240782022476196,
7,273,0,0.8271137475967407,
7,273,1,0.8281612992286682,
7,274,0,0.8240900635719299,
7,274,1,0.8293113708496094,
7,275,0,0.8275556564331055,
7,275,1,0.821201741695404,
7,276,0,0.824673056602478,
7,276,1,0.8200641870498657,
7,277,0,0.8250259160995483,
7,277,1,0.8293951749801636,
7,278,0,0.8239935636520386,
7,278,1,0.8267888426780701,
7,279,0,0.8242506980895996,
7,279,1,0.8245951533317566,
7,280,0,0.8281779289245605,
7,280,1,0.8235265016555786,
7,281,0,0.8261467218399048,
7,281,1,0.8167811632156372,
7,282,0,0.8241631984710693,
7,282,1,0.8246200084686279,
7,283,0,0.8246452808380127,
7,283,1,0.8336062431335449,
7,284,0,0.8256370425224304,
7,284,1,0.8269045948982239,
7,285,0,0.8250977396965027,
7,285,1,0.8205165266990662,
7,286,0,0.8247870802879333,
7,286,1,0.8234938979148865,
7,287,0,0.8254640102386475,
7,287,1,0.8216338157653809,
7,288,0,0.8214232921600342,
7,288,1,0.823285698890686,
7,289,0,0.8256067633628845,
7,289,1,0.8259270787239075,
7,290,0,0.8219906091690063,
7,290,1,0.8297426104545593,
7,291,0,0.8242214322090149,
7,291,1,0.8191713094711304,
7,292,0,0.8237788081169128,
7,292,1,0.8320311307907104,
7,293,0,0.8283362984657288,
7,293,1,0.8310688734054565,
7,294,0,0.8253711462020874,
7,294,1,0.8236304521560669,
7,295,0,0.8262251615524292,
7,295,1,0.8243899345397949,
7,296,0,0.8258708119392395,
7,296,1,0.8275681138038635,
7,297,0,0.8230933547019958,
7,297,1,0.8287493586540222,
7,298,0,0.8234826326370239,
7,298,1,0.827094554901123,
7,299,0,0.8305229544639587,
7,299,1,0.8208174705505371,
7,300,0,0.8238126039505005,
7,300,1,0.8270713090896606,
7,301,0,0.8277789354324341,
7,301,1,0.8244955539703369,
7,302,0,0.8245067000389099,
7,302,1,0.8339830636978149,
7,303,0,0.8210222721099854,
7,303,1,0.817743718624115,
7,304,0,0.825394332408905,
7,304,1,0.8286821246147156,
7,305,0,0.8278231620788574,
7,305,1,0.8251899480819702,
7,306,0,0.8234333395957947,
7,306,1,0.8283200263977051,
7,307,0,0.8269941210746765,
7,307,1,0.8261321783065796,
7,308,0,0.8239026665687561,
7,308,1,0.8238955736160278,
7,309,0,0.829767644405365,
7,309,1,0.8281838893890381,
7,310,0,0.8207287788391113,
7,310,1,0.8305959701538086,
7,311,0,0.8243380784988403,
7,311,1,0.8271932005882263,
7,312,0,0.8262261748313904,
7,312,1,0.8243039846420288,
7,313,0,0.8252891302108765,
7,313,1,0.8240528106689453,
7,314,0,0.8279795050621033,
7,314,1,0.8264146447181702,
7,315,0,0.8274633884429932,
7,315,1,0.8215519189834595,
7,316,0,0.823089599609375,
7,316,1,0.8264747858047485,
7,317,0,0.8280847668647766,
7,317,1,0.826487123966217,
7,318,0,0.8251442909240723,
7,318,1,0.8338732719421387,
7,319,0,0.8244467973709106,
7,319,1,0.8279008269309998,
7,320,0,0.8238471746444702,
7,320,1,0.8177562952041626,
7,321,0,0.8240658044815063,
7,321,1,0.8327351212501526,
7,322,0,0.8299323320388794,
7,322,1,0.8263207674026489,
7,323,0,0.8265060186386108,
7,323,1,0.8288813233375549,
7,324,0,0.8232654333114624,
7,324,1,0.8218725919723511,
7,325,0,0.8263141512870789,
7,325,1,0.8316829800605774,
7,326,0,0.8254616260528564,
7,326,1,0.8298954963684082,
7,327,0,0.8253053426742554,
7,327,1,0.8244723081588745,
7,328,0,0.8249812126159668,
7,328,1,0.8248298764228821,
7,329,0,0.8261013031005859,
7,329,1,0.8209341168403625,
7,330,0,0.8247101306915283,
7,330,1,0.8237348198890686,
7,331,0,0.825197160243988,
7,331,1,0.8246972560882568,
7,332,0,0.8242143392562866,
7,332,1,0.8305498361587524,
7,333,0,0.8285599946975708,
7,333,1,0.8295810222625732,
7,334,0,0.821260929107666,
7,334,1,0.8235782384872437,
7,335,0,0.8232534527778625,
7,335,1,0.8242694139480591,
7,336,0,0.8228491544723511,
7,336,1,0.8225223422050476,
7,337,0,0.8230955004692078,
7,337,1,0.8256701231002808,
7,338,0,0.8268243670463562,
7,338,1,0.832634687423706,
7,339,0,0.8273073434829712,
7,339,1,0.8242877721786499,
7,340,0,0.823293924331665,
7,340,1,0.8272990584373474,
7,341,0,0.8243511319160461,
7,341,1,0.8209909200668335,
7,342,0,0.8253065347671509,
7,342,1,0.8281354904174805,
7,343,0,0.824138879776001,
7,343,1,0.8281398415565491,
7,344,0,0.8260652422904968,
7,344,1,0.8254023790359497,
7,345,0,0.8242408633232117,
7,345,1,0.8272073268890381,
7,346,0,0.8220475316047668,
7,346,1,0.8283191323280334,
7,347,0,0.827171802520752,
7,347,1,0.816643238067627,
7,348,0,0.8269802331924438,
7,348,1,0.8305093050003052,
7,349,0,0.8256736993789673,
7,349,1,0.8262671232223511,
7,350,0,0.8261833190917969,
7,350,1,0.8206148743629456,
7,351,0,0.8268968462944031,
7,351,1,0.8331508636474609,
7,352,0,0.8258545398712158,
7,352,1,0.8248791694641113,
7,353,0,0.826113224029541,
7,353,1,0.8228559494018555,
7,354,0,0.8263686895370483,
7,354,1,0.8306558728218079,
7,355,0,0.8271206021308899,
7,355,1,0.8180769085884094,
7,356,0,0.8287347555160522,
7,356,1,0.823827862739563,
7,357,0,0.8267179727554321,
7,357,1,0.8246729373931885,
7,358,0,0.8256610631942749,
7,358,1,0.829891562461853,
7,359,0,0.8276501893997192,
7,359,1,0.8232861757278442,
7,360,0,0.8242721557617188,
7,360,1,0.8269409537315369,
7,361,0,0.828143835067749,
7,361,1,0.8265426754951477,
7,362,0,0.8272086381912231,
7,362,1,0.8261352181434631,
7,363,0,0.8288212418556213,
7,363,1,0.8226054906845093,
7,364,0,0.8255733847618103,
7,364,1,0.823273777961731,
7,365,0,0.8244789838790894,
7,365,1,0.8303344249725342,
7,366,0,0.8261948823928833,
7,366,1,0.8208643198013306,
7,367,0,0.8256770372390747,
7,367,1,0.8225777745246887,
7,368,0,0.8233691453933716,
7,368,1,0.828580379486084,
7,369,0,0.8244074583053589,
7,369,1,0.8219127058982849,
7,370,0,0.8243452906608582,
7,370,1,0.8313802480697632,
7,371,0,0.8273850679397583,
7,371,1,0.8262686729431152,
7,372,0,0.8272853493690491,
7,372,1,0.8242465257644653,
7,373,0,0.8255436420440674,
7,373,1,0.8205009698867798,
7,374,0,0.8259853720664978,
7,374,1,0.8274565935134888,
7,375,0,0.8265835046768188,
7,375,1,0.828210711479187,
7,376,0,0.8243718147277832,
7,376,1,0.8252428770065308,
7,377,0,0.8300086259841919,
7,377,1,0.8188365697860718,
7,378,0,0.826570987701416,
7,378,1,0.8260021805763245,
7,379,0,0.8268404006958008,
7,379,1,0.8235079050064087,
7,380,0,0.8255941867828369,
7,380,1,0.8357741832733154,
7,381,0,0.8224623203277588,
7,381,1,0.821952760219574,
7,382,0,0.8263986110687256,
7,382,1,0.826000452041626,
7,383,0,0.8229585886001587,
7,383,1,0.8282731771469116,
7,384,0,0.8222523927688599,
7,384,1,0.8184056878089905,
7,385,0,0.8248975276947021,
7,385,1,0.8261017799377441,
7,386,0,0.8227658271789551,
7,386,1,0.8159196376800537,
7,387,0,0.8253139853477478,
7,387,1,0.8237689733505249,
7,388,0,0.8262331485748291,
7,388,1,0.8178398013114929,
7,389,0,0.825014591217041,
7,389,1,0.8210909962654114,
7,390,0,0.8266959190368652,
7,390,1,0.826400876045227,
7,391,0,0.8257019519805908,
7,391,1,0.829246461391449,
7,392,0,0.8242019414901733,
7,392,1,0.8237143158912659,
7,393,0,0.827131986618042,
7,393,1,0.8332947492599487,
7,394,0,0.8221349716186523,
7,394,1,0.8225085139274597,
7,395,0,0.8278233408927917,
7,395,1,0.8328181505203247,
7,396,0,0.8275408744812012,
7,396,1,0.8321712017059326,
7,397,0,0.8242173790931702,
7,397,1,0.8250277638435364,
7,398,0,0.8255561590194702,
7,398,1,0.8266841173171997,
7,399,0,0.8228650093078613,
7,399,1,0.823564887046814,
7,400,0,0.8270714282989502,
7,400,1,0.8279391527175903,
7,401,0,0.8232974410057068,
7,401,1,0.8275753259658813,
7,402,0,0.8295817375183105,
7,402,1,0.8297238945960999,
7,403,0,0.8253828287124634,
7,403,1,0.8259009718894958,
7,404,0,0.823102593421936,
7,404,1,0.8350106477737427,
7,405,0,0.8298479318618774,
7,405,1,0.8248143196105957,
7,406,0,0.8231204748153687,
7,406,1,0.818763256072998,
7,407,0,0.8217225670814514,
7,407,1,0.8249543905258179,
7,408,0,0.8232357501983643,
7,408,1,0.8215814828872681,
7,409,0,0.8233492374420166,
7,409,1,0.8309731483459473,
7,410,0,0.8221727609634399,
7,410,1,0.8270751237869263,
7,411,0,0.8288997411727905,
7,411,1,0.8196554780006409,
7,412,0,0.8254437446594238,
7,412,1,0.8295507431030273,
7,413,0,0.8275363445281982,
7,413,1,0.82612144947052,
7,414,0,0.8262044191360474,
7,414,1,0.8208096027374268,
7,415,0,0.823775053024292,
7,415,1,0.8254170417785645,
7,416,0,0.8247914910316467,
7,416,1,0.8321553468704224,
7,417,0,0.8260695934295654,
7,417,1,0.8283553123474121,
7,418,0,0.8277596235275269,
7,418,1,0.8230623006820679,
7,419,0,0.8253400325775146,
7,419,1,0.825161874294281,
7,420,0,0.8268884420394897,
7,420,1,0.8257172107696533,
7,421,0,0.8263406753540039,
7,421,1,0.8258513808250427,
7,422,0,0.8258936405181885,
7,422,1,0.8295660018920898,
7,423,0,0.8285545110702515,
7,423,1,0.8296783566474915,
7,424,0,0.8284428119659424,
7,424,1,0.8271233439445496,
7,425,0,0.8259685039520264,
7,425,1,0.8242065906524658,
7,426,0,0.8238890171051025,
7,426,1,0.8321337103843689,
7,427,0,0.8249127864837646,
7,427,1,0.8321382999420166,
7,428,0,0.8253167867660522,
7,428,1,0.8275500535964966,
7,429,0,0.8267818689346313,
7,429,1,0.8207709789276123,
7,430,0,0.8274673223495483,
7,430,1,0.8264479637145996,
7,431,0,0.8259621858596802,
7,431,1,0.8287174105644226,
7,432,0,0.8271472454071045,
7,432,1,0.8155673146247864,
7,433,0,0.8259952068328857,
7,433,1,0.8328850269317627,
7,434,0,0.8243740200996399,
7,434,1,0.8313130140304565,
7,435,0,0.8244522213935852,
7,435,1,0.8329401016235352,
7,436,0,0.8253757953643799,
7,436,1,0.8248904347419739,
7,437,0,0.8258492350578308,
7,437,1,0.8293972015380859,
7,438,0,0.8255819082260132,
7,438,1,0.8318581581115723,
7,439,0,0.8226439952850342,
7,439,1,0.823579728603363,
7,440,0,0.8252869844436646,
7,440,1,0.8245935440063477,
7,441,0,0.8239743709564209,
7,441,1,0.8220496773719788,
7,442,0,0.8249592185020447,
7,442,1,0.8210757970809937,
7,443,0,0.8214625716209412,
7,443,1,0.8297412395477295,
7,444,0,0.8245417475700378,
7,444,1,0.8259100914001465,
7,445,0,0.8252921104431152,
7,445,1,0.8335198760032654,
7,446,0,0.8250547647476196,
7,446,1,0.8263723850250244,
7,447,0,0.8228089809417725,
7,447,1,0.8213741779327393,
7,448,0,0.8242279291152954,
7,448,1,0.8247004151344299,
7,449,0,0.8261202573776245,
7,449,1,0.8222963809967041,
7,450,0,0.8261812925338745,
7,450,1,0.8278493881225586,
7,451,0,0.8227709531784058,
7,451,1,0.8271410465240479,
7,452,0,0.8267554640769958,
7,452,1,0.8225953578948975,
7,453,0,0.8264766931533813,
7,453,1,0.8221505880355835,
7,454,0,0.8232991695404053,
7,454,1,0.8222945332527161,
7,455,0,0.8251395225524902,
7,455,1,0.8208807706832886,
7,456,0,0.8270947337150574,
7,456,1,0.8240572810173035,
7,457,0,0.8240839242935181,
7,457,1,0.8231717348098755,
7,458,0,0.8267213106155396,
7,458,1,0.8311182856559753,
7,459,0,0.8236777782440186,
7,459,1,0.8255943059921265,
7,460,0,0.8239798545837402,
7,460,1,0.8280061483383179,
7,461,0,0.8241560459136963,
7,461,1,0.8178082704544067,
7,462,0,0.8265278935432434,
7,462,1,0.8264021873474121,
7,463,0,0.8265299797058105,
7,463,1,0.819791316986084,
7,464,0,0.8284680843353271,
7,464,1,0.821919858455658,
7,465,0,0.8253743648529053,
7,465,1,0.8323687314987183,
7,466,0,0.8262424468994141,
7,466,1,0.8281189799308777,
7,467,0,0.8280107975006104,
7,467,1,0.825249195098877,
7,468,0,0.8250857591629028,
7,468,1,0.8261245489120483,
7,469,0,0.8266892433166504,
7,469,1,0.8283308148384094,
7,470,0,0.8233237266540527,
7,470,1,0.8269901275634766,
7,471,0,0.8240714073181152,
7,471,1,0.826636552810669,
7,472,0,0.8239933252334595,
7,472,1,0.8216796517372131,
7,473,0,0.8274579644203186,
7,473,1,0.8251395225524902,
7,474,0,0.8256531953811646,
7,474,1,0.8284705281257629,
7,475,0,0.8273091912269592,
7,475,1,0.8315994739532471,
7,476,0,0.8268008232116699,
7,476,1,0.8252195119857788,
7,477,0,0.8249707221984863,
7,477,1,0.8305709362030029,
7,478,0,0.8246101140975952,
7,478,1,0.8252549767494202,
7,479,0,0.8241356611251831,
7,479,1,0.8230022192001343,
7,480,0,0.8236038088798523,
7,480,1,0.8261277675628662,
7,481,0,0.8256763815879822,
7,481,1,0.8234432935714722,
7,482,0,0.8245899677276611,
7,482,1,0.8296631574630737,
7,483,0,0.8239675760269165,
7,483,1,0.8313025236129761,
7,484,0,0.8262017965316772,
7,484,1,0.8272582292556763,
7,485,0,0.8266415596008301,
7,485,1,0.8234025239944458,
7,486,0,0.8233150839805603,
7,486,1,0.8229742050170898,
7,487,0,0.8277866244316101,
7,487,1,0.8291220664978027,
7,488,0,0.8259438276290894,
7,488,1,0.8266685009002686,
7,489,0,0.827164888381958,
7,489,1,0.8243584632873535,
7,490,0,0.825272262096405,
7,490,1,0.8230624198913574,
7,491,0,0.8235163688659668,
7,491,1,0.8284775018692017,
7,492,0,0.8251415491104126,
7,492,1,0.8244322538375854,
7,493,0,0.8264347314834595,
7,493,1,0.8258229494094849,
7,494,0,0.8241415023803711,
7,494,1,0.8235066533088684,
7,495,0,0.8250458240509033,
7,495,1,0.828912615776062,
7,496,0,0.8272472620010376,
7,496,1,0.8206380009651184,
7,497,0,0.8227905035018921,
7,497,1,0.8276263475418091,
7,498,0,0.8260684609413147,
7,498,1,0.8167214393615723,
7,499,0,0.8260061144828796,
7,499,1,0.8279435634613037,
7,500,0,0.8238101005554199,
7,500,1,0.8129385709762573,
7,501,0,0.8242822885513306,
7,501,1,0.8198876976966858,
7,502,0,0.8264897465705872,
7,502,1,0.8217092752456665,
7,503,0,0.8264482021331787,
7,503,1,0.8297057151794434,
7,504,0,0.8267982006072998,
7,504,1,0.8263624906539917,
7,505,0,0.8283244371414185,
7,505,1,0.8251808285713196,
7,506,0,0.8263363838195801,
7,506,1,0.8302083611488342,
7,507,0,0.8265743255615234,
7,507,1,0.8246860504150391,
7,508,0,0.8257110118865967,
7,508,1,0.830599308013916,
7,509,0,0.8286257982254028,
7,509,1,0.8241449594497681,
7,510,0,0.8269243240356445,
7,510,1,0.8219529390335083,
7,511,0,0.8254932165145874,
7,511,1,0.8289248943328857,
7,512,0,0.8229230642318726,
7,512,1,0.8332138657569885,
7,513,0,0.8231992721557617,
7,513,1,0.8235504627227783,
7,514,0,0.8263025283813477,
7,514,1,0.8246952295303345,
7,515,0,0.8271241188049316,
7,515,1,0.8244972229003906,
7,516,0,0.8269509673118591,
7,516,1,0.8288972973823547,
7,517,0,0.8255960941314697,
7,517,1,0.8300937414169312,
7,518,0,0.8244487047195435,
7,518,1,0.8256548047065735,
7,519,0,0.8263614773750305,
7,519,1,0.8283603191375732,
7,520,0,0.8276013135910034,
7,520,1,0.8178756833076477,
7,521,0,0.8269335031509399,
7,521,1,0.8237799406051636,
7,522,0,0.8278177976608276,
7,522,1,0.8275429010391235,
7,523,0,0.8249232769012451,
7,523,1,0.8248695135116577,
7,524,0,0.8224539756774902,
7,524,1,0.8233762383460999,
7,525,0,0.8227054476737976,
7,525,1,0.826836347579956,
7,526,0,0.8246331810951233,
7,526,1,0.8221144676208496,
7,527,0,0.8254783153533936,
7,527,1,0.8318079710006714,
7,528,0,0.8241775631904602,
7,528,1,0.8298816680908203,
7,529,0,0.826158881187439,
7,529,1,0.8217909336090088,
7,530,0,0.8279082775115967,
7,530,1,0.8308528661727905,
7,531,0,0.8270058631896973,
7,531,1,0.8281491994857788,
7,532,0,0.8242495656013489,
7,532,1,0.81699538230896,
7,533,0,0.8286812901496887,
7,533,1,0.8247846364974976,
7,534,0,0.824958324432373,
7,534,1,0.8333005309104919,
7,535,0,0.8256360292434692,
7,535,1,0.8276718854904175,
7,536,0,0.8257001638412476,
7,536,1,0.8206499814987183,
7,537,0,0.8245120048522949,
7,537,1,0.8227905035018921,
7,538,0,0.826370120048523,
7,538,1,0.8225809335708618,
7,539,0,0.8232774138450623,
7,539,1,0.8268980979919434,
7,540,0,0.8269855380058289,
7,540,1,0.8314446806907654,
7,541,0,0.8264115452766418,
7,541,1,0.8237854242324829,
7,542,0,0.8276123404502869,
7,542,1,0.8277295827865601,
7,543,0,0.8251176476478577,
7,543,1,0.8221327066421509,
7,544,0,0.821381688117981,
7,544,1,0.8303150534629822,
7,545,0,0.8287012577056885,
7,545,1,0.8212693929672241,
7,546,0,0.8246855139732361,
7,546,1,0.8293606042861938,
7,547,0,0.8247947692871094,
7,547,1,0.8291350603103638,
7,548,0,0.8286351561546326,
7,548,1,0.8267889022827148,
7,549,0,0.82628333568573,
7,549,1,0.8248959183692932,
7,550,0,0.8297189474105835,
7,550,1,0.8237887024879456,
7,551,0,0.8237789869308472,
7,551,1,0.8235565423965454,
7,552,0,0.8269568681716919,
7,552,1,0.8260959386825562,
7,553,0,0.8246905207633972,
7,553,1,0.8188340663909912,
7,554,0,0.8265544176101685,
7,554,1,0.8308061361312866,
7,555,0,0.826386570930481,
7,555,1,0.8230506181716919,
7,556,0,0.8260077238082886,
7,556,1,0.8258643746376038,
7,557,0,0.8244815468788147,
7,557,1,0.8253421783447266,
7,558,0,0.8282014727592468,
7,558,1,0.8190486431121826,
7,559,0,0.8241180777549744,
7,559,1,0.8300702571868896,
7,560,0,0.8253916501998901,
7,560,1,0.827164888381958,
7,561,0,0.8272906541824341,
7,561,1,0.820543646812439,
7,562,0,0.8246427774429321,
7,562,1,0.8235399127006531,
7,563,0,0.8238077163696289,
7,563,1,0.8187824487686157,
7,564,0,0.8232302665710449,
7,564,1,0.8237839937210083,
7,565,0,0.8261439800262451,
7,565,1,0.8248491287231445,
7,566,0,0.8266506195068359,
7,566,1,0.8269383907318115,
7,567,0,0.8253516554832458,
7,567,1,0.8292614221572876,
7,568,0,0.8235236406326294,
7,568,1,0.8218218088150024,
7,569,0,0.8198955655097961,
7,569,1,0.8319464325904846,
7,570,0,0.8247584104537964,
7,570,1,0.8238190412521362,
7,571,0,0.8254942893981934,
7,571,1,0.8291155099868774,
7,572,0,0.8267215490341187,
7,572,1,0.8258132934570312,
7,573,0,0.8245539665222168,
7,573,1,0.8260051608085632,
7,574,0,0.8261316418647766,
7,574,1,0.8208097219467163,
7,575,0,0.8254162669181824,
7,575,1,0.8266821503639221,
7,576,0,0.8217050433158875,
7,576,1,0.8281595706939697,
7,577,0,0.8244537115097046,
7,577,1,0.8252448439598083,
7,578,0,0.8287550806999207,
7,578,1,0.8269638419151306,
7,579,0,0.8240560293197632,
7,579,1,0.8257390260696411,
7,580,0,0.8268213272094727,
7,580,1,0.8290961980819702,
7,581,0,0.8297799825668335,
7,581,1,0.8250188231468201,
7,582,0,0.8257618546485901,
7,582,1,0.8268588781356812,
7,583,0,0.8233793377876282,
7,583,1,0.8263997435569763,
7,584,0,0.826757550239563,
7,584,1,0.817969024181366,
7,585,0,0.8261880874633789,
7,585,1,0.8252602815628052,
7,586,0,0.8245246410369873,
7,586,1,0.8207747340202332,
7,587,0,0.8227023482322693,
7,587,1,0.8245472311973572,
7,588,0,0.8264106512069702,
7,588,1,0.8299432992935181,
7,589,0,0.8276034593582153,
7,589,1,0.8266022801399231,
7,590,0,0.8238915205001831,
7,590,1,0.8247693181037903,
7,591,0,0.8218024969100952,
7,591,1,0.8264021277427673,
7,592,0,0.8287872076034546,
7,592,1,0.8247923851013184,
7,593,0,0.8239564895629883,
7,593,1,0.8263595700263977,
7,594,0,0.8245349526405334,
7,594,1,0.8270338773727417,
7,595,0,0.8248229026794434,
7,595,1,0.8259555101394653,
7,596,0,0.82613605260849,
7,596,1,0.8259422779083252,
7,597,0,0.8265781402587891,
7,597,1,0.8288037776947021,
7,598,0,0.8217471837997437,
7,598,1,0.8280130624771118,
7,599,0,0.8275997638702393,
7,599,1,0.8256025314331055,
7,600,0,0.825469970703125,
7,600,1,0.8309082984924316,
7,601,0,0.8248450756072998,
7,601,1,0.8264843225479126,
7,602,0,0.8267072439193726,
7,602,1,0.8275352716445923,
7,603,0,0.8301470279693604,
7,603,1,0.8278516530990601,
7,604,0,0.8281170129776001,
7,604,1,0.826981782913208,
7,val,,,0.8250444348653158
8,0,0,0.8260086178779602,
8,0,1,0.8226395845413208,
8,1,0,0.8245659470558167,
8,1,1,0.8291847705841064,
8,2,0,0.8273501396179199,
8,2,1,0.8240648508071899,
8,3,0,0.8258827924728394,
8,3,1,0.8280314207077026,
8,4,0,0.8245916366577148,
8,4,1,0.8330529928207397,
8,5,0,0.822717547416687,
8,5,1,0.8320373892784119,
8,6,0,0.8260729908943176,
8,6,1,0.8286312818527222,
8,7,0,0.8231704831123352,
8,7,1,0.82194983959198,
8,8,0,0.8204832077026367,
8,8,1,0.8260971307754517,
8,9,0,0.8216795921325684,
8,9,1,0.8236778974533081,
8,10,0,0.8237855434417725,
8,10,1,0.8249345421791077,
8,11,0,0.8242117166519165,
8,11,1,0.8184472322463989,
8,12,0,0.8227238655090332,
8,12,1,0.8183966875076294,
8,13,0,0.8262959718704224,
8,13,1,0.8268665075302124,
8,14,0,0.8254136443138123,
8,14,1,0.8279563784599304,
8,15,0,0.8237626552581787,
8,15,1,0.8205735683441162,
8,16,0,0.8272432684898376,
8,16,1,0.825821578502655,
8,17,0,0.824324369430542,
8,17,1,0.8232695460319519,
8,18,0,0.8262898921966553,
8,18,1,0.8234737515449524,
8,19,0,0.8235632181167603,
8,19,1,0.8304717540740967,
8,20,0,0.8227814435958862,
8,20,1,0.8242049217224121,
8,21,0,0.8248451352119446,
8,21,1,0.8309298753738403,
8,22,0,0.8260461091995239,
8,22,1,0.8242111802101135,
8,23,0,0.825187087059021,
8,23,1,0.8265141844749451,
8,24,0,0.8246550559997559,
8,24,1,0.8202046155929565,
8,25,0,0.8222905397415161,
8,25,1,0.8229210376739502,
8,26,0,0.8247460722923279,
8,26,1,0.815890908241272,
8,27,0,0.8260372877120972,
8,27,1,0.8192019462585449,
8,28,0,0.8219485878944397,
8,28,1,0.81898033618927,
8,29,0,0.8263049721717834,
8,29,1,0.8252978324890137,
8,30,0,0.8213307857513428,
8,30,1,0.8305307030677795,
8,31,0,0.8246861696243286,
8,31,1,0.8253449201583862,
8,32,0,0.8237261772155762,
8,32,1,0.8217382431030273,
8,33,0,0.8283324241638184,
8,33,1,0.8229618072509766,
8,34,0,0.8232934474945068,
8,34,1,0.8214686512947083,
8,35,0,0.8212736248970032,
8,35,1,0.8207327723503113,
8,36,0,0.8239588737487793,
8,36,1,0.8272277116775513,
8,37,0,0.823827862739563,
8,37,1,0.8247315287590027,
8,38,0,0.8227295875549316,
8,38,1,0.8248245120048523,
8,39,0,0.826306164264679,
8,39,1,0.8332769274711609,
8,40,0,0.820991039276123,
8,40,1,0.8211511373519897,
8,41,0,0.8273895978927612,
8,41,1,0.8253927230834961,
8,42,0,0.8259168863296509,
8,42,1,0.8238311409950256,
8,43,0,0.8255209922790527,
8,43,1,0.8258234262466431,
8,44,0,0.8268951773643494,
8,44,1,0.8295170664787292,
8,45,0,0.8233454823493958,
8,45,1,0.8251113295555115,
8,46,0,0.8260620832443237,
8,46,1,0.822018027305603,
8,47,0,0.8238664865493774,
8,47,1,0.8283191919326782,
8,48,0,0.8231679201126099,
8,48,1,0.836368203163147,
8,49,0,0.826369047164917,
8,49,1,0.8219318389892578,
8,50,0,0.8258082866668701,
8,50,1,0.8246098756790161,
8,51,0,0.8261960744857788,
8,51,1,0.8293780088424683,
8,52,0,0.8262218236923218,
8,52,1,0.8309303522109985,
8,53,0,0.8256411552429199,
8,53,1,0.829152524471283,
8,54,0,0.8231493234634399,
8,54,1,0.8296162486076355,
8,55,0,0.8254770636558533,
8,55,1,0.8307381272315979,
8,56,0,0.8237124681472778,
8,56,1,0.8349069952964783,
8,57,0,0.8244569897651672,
8,57,1,0.822242021560669,
8,58,0,0.8273116946220398,
8,58,1,0.827494740486145,
8,59,0,0.8255711793899536,
8,59,1,0.8286014795303345,
8,60,0,0.8261023759841919,
8,60,1,0.8250503540039062,
8,61,0,0.8231158256530762,
8,61,1,0.8339457511901855,
8,62,0,0.8281856775283813,
8,62,1,0.8231446743011475,
8,63,0,0.8243700265884399,
8,63,1,0.828026294708252,
8,64,0,0.8248811364173889,
8,64,1,0.8310943245887756,
8,65,0,0.8222810626029968,
8,65,1,0.8256897926330566,
8,66,0,0.8243958950042725,
8,66,1,0.825282096862793,
8,67,0,0.8256558179855347,
8,67,1,0.8276142477989197,
8,68,0,0.8247437477111816,
8,68,1,0.8240376114845276,
8,69,0,0.8263512849807739,
8,69,1,0.8287497758865356,
8,70,0,0.823982834815979,
8,70,1,0.8195728063583374,
8,71,0,0.8276893496513367,
8,71,1,0.8240233659744263,
8,72,0,0.8233563303947449,
8,72,1,0.8304640054702759,
8,73,0,0.8260599374771118,
8,73,1,0.8311327695846558,
8,74,0,0.823829174041748,
8,74,1,0.8205204010009766,
8,75,0,0.8241226077079773,
8,75,1,0.8250126838684082,
8,76,0,0.8245196342468262,
8,76,1,0.8274598121643066,
8,77,0,0.821554958820343,
8,77,1,0.8285846710205078,
8,78,0,0.8276625275611877,
8,78,1,0.8254368305206299,
8,79,0,0.8243814706802368,
8,79,1,0.8244913816452026,
8,80,0,0.824225664138794,
8,80,1,0.8310936689376831,
8,81,0,0.8255926370620728,
8,81,1,0.8243213891983032,
8,82,0,0.8262573480606079,
8,82,1,0.8255637884140015,
8,83,0,0.823675811290741,
8,83,1,0.8234361410140991,
8,84,0,0.8241963982582092,
8,84,1,0.8205206394195557,
8,85,0,0.8262666463851929,
8,85,1,0.8278591632843018,
8,86,0,0.8240591287612915,
8,86,1,0.8214082717895508,
8,87,0,0.8263401985168457,
8,87,1,0.819015622138977,
8,88,0,0.8247135877609253,
8,88,1,0.8218915462493896,
8,89,0,0.8262367844581604,
8,89,1,0.8244450688362122,
8,90,0,0.8229105472564697,
8,90,1,0.8244029879570007,
8,91,0,0.8239152431488037,
8,91,1,0.8312090039253235,
8,92,0,0.8273568749427795,
8,92,1,0.8162168264389038,
8,93,0,0.8252239227294922,
8,93,1,0.8251916170120239,
8,94,0,0.8258996605873108,
8,94,1,0.8277097940444946,
8,95,0,0.8250759840011597,
8,95,1,0.8252218961715698,
8,96,0,0.8230119347572327,
8,96,1,0.8289380669593811,
8,97,0,0.8255811929702759,
8,97,1,0.8206808567047119,
8,98,0,0.82691890001297,
8,98,1,0.8258776664733887,
8,99,0,0.826083779335022,
8,99,1,0.8277363181114197,
8,100,0,0.823802649974823,
8,100,1,0.8291546702384949,
8,101,0,0.8284051418304443,
8,101,1,0.822358250617981,
8,102,0,0.8216845989227295,
8,102,1,0.8202387094497681,
8,103,0,0.8276281356811523,
8,103,1,0.830633282661438,
8,104,0,0.8262406587600708,
8,104,1,0.8324081897735596,
8,105,0,0.8305788636207581,
8,105,1,0.8187426924705505,
8,106,0,0.8246437907218933,
8,106,1,0.8251408338546753,
8,107,0,0.8268910050392151,
8,107,1,0.8232040405273438,
8,108,0,0.8238894939422607,
8,108,1,0.82694011926651,
8,109,0,0.828050971031189,
8,109,1,0.8275644779205322,
8,110,0,0.8246735334396362,
8,110,1,0.8230713605880737,
8,111,0,0.8276023864746094,
8,111,1,0.8271236419677734,
8,112,0,0.8227419257164001,
8,112,1,0.8354933857917786,
8,113,0,0.8272755742073059,
8,113,1,0.8340957164764404,
8,114,0,0.8263497352600098,
8,114,1,0.8260012865066528,
8,115,0,0.8276716470718384,
8,115,1,0.82744300365448,
8,116,0,0.8248391151428223,
8,116,1,0.8282666802406311,
8,117,0,0.8250138759613037,
8,117,1,0.8255853056907654,
8,118,0,0.8232473134994507,
8,118,1,0.8278864026069641,
8,119,0,0.8264884352684021,
8,119,1,0.8263887166976929,
8,120,0,0.8265546560287476,
8,120,1,0.8234803080558777,
8,121,0,0.8259299993515015,
8,121,1,0.8241378664970398,
8,122,0,0.8280825614929199,
8,122,1,0.823001503944397,
8,123,0,0.8225136399269104,
8,123,1,0.8268293738365173,
8,124,0,0.8253953456878662,
8,124,1,0.8249938488006592,
8,125,0,0.8230482339859009,
8,125,1,0.8295516967773438,
8,126,0,0.8280644416809082,
8,126,1,0.8277002573013306,
8,127,0,0.8238457441329956,
8,127,1,0.8227665424346924,
8,128,0,0.8243960738182068,
8,128,1,0.821912407875061,
8,129,0,0.8251569867134094,
8,129,1,0.8233561515808105,
8,130,0,0.8262268304824829,
8,130,1,0.8246259689331055,
8,131,0,0.8283485174179077,
8,131,1,0.8287472724914551,
8,132,0,0.823838472366333,
8,132,1,0.8262580037117004,
8,133,0,0.8222630023956299,
8,133,1,0.8232715129852295,
8,134,0,0.8234039545059204,
8,134,1,0.8291477560997009,
8,135,0,0.8268805146217346,
8,135,1,0.8287339210510254,
8,136,0,0.8243092894554138,
8,136,1,0.8269532918930054,
8,137,0,0.824726939201355,
8,137,1,0.8257192373275757,
8,138,0,0.824481725692749,
8,138,1,0.826636016368866,
8,139,0,0.8252564668655396,
8,139,1,0.8299436569213867,
8,140,0,0.824057936668396,
8,140,1,0.8284296989440918,
8,141,0,0.8227523565292358,
8,141,1,0.8296505212783813,
8,142,0,0.826134204864502,
8,142,1,0.8276963829994202,
8,143,0,0.8283828496932983,
8,143,1,0.8281634449958801,
8,144,0,0.8270135521888733,
8,144,1,0.8235427141189575,
8,145,0,0.8257567882537842,
8,145,1,0.8248955607414246,
8,146,0,0.8284308910369873,
8,146,1,0.8280109167098999,
8,147,0,0.8228837251663208,
8,147,1,0.8237945437431335,
8,148,0,0.8228179216384888,
8,148,1,0.8301998376846313,
8,149,0,0.8243041038513184,
8,149,1,0.8238562345504761,
8,150,0,0.8238405585289001,
8,150,1,0.8271842002868652,
8,151,0,0.8260536193847656,
8,151,1,0.832082211971283,
8,152,0,0.8221017122268677,
8,152,1,0.8259820938110352,
8,153,0,0.8258698582649231,
8,153,1,0.8252962231636047,
8,154,0,0.827735185623169,
8,154,1,0.8247908353805542,
8,155,0,0.8243335485458374,
8,155,1,0.8244101405143738,
8,156,0,0.8233335018157959,
8,156,1,0.8320683240890503,
8,157,0,0.826138973236084,
8,157,1,0.8276000022888184,
8,158,0,0.8252637982368469,
8,158,1,0.8267447352409363,
8,159,0,0.8247296810150146,
8,159,1,0.8248593807220459,
8,160,0,0.823051393032074,
8,160,1,0.8210439682006836,
8,161,0,0.8258451223373413,
8,161,1,0.823442816734314,
8,162,0,0.8230911493301392,
8,162,1,0.8244906067848206,
8,163,0,0.8249727487564087,
8,163,1,0.8292344808578491,
8,164,0,0.8247901201248169,
8,164,1,0.8224021792411804,
8,165,0,0.8213014602661133,
8,165,1,0.8288933634757996,
8,166,0,0.8264207243919373,
8,166,1,0.8291254043579102,
8,167,0,0.8247252702713013,
8,167,1,0.8219358921051025,
8,168,0,0.8265078067779541,
8,168,1,0.8247711658477783,
8,169,0,0.8240375518798828,
8,169,1,0.8266326189041138,
8,170,0,0.8268890380859375,
8,170,1,0.8262252807617188,
8,171,0,0.8240294456481934,
8,171,1,0.8261264562606812,
8,172,0,0.8293133974075317,
8,172,1,0.8275812864303589,
8,173,0,0.8237117528915405,
8,173,1,0.8257105946540833,
8,174,0,0.8227219581604004,
8,174,1,0.8287996053695679,
8,175,0,0.8278768062591553,
8,175,1,0.8341060876846313,
8,176,0,0.8254771828651428,
8,176,1,0.824575662612915,
8,177,0,0.8267632722854614,
8,177,1,0.8330315947532654,
8,178,0,0.8245193958282471,
8,178,1,0.8234652280807495,
8,179,0,0.8215808868408203,
8,179,1,0.8239250779151917,
8,180,0,0.8253412246704102,
8,180,1,0.8278992772102356,
8,181,0,0.8239178657531738,
8,181,1,0.8260521292686462,
8,182,0,0.8265485763549805,
8,182,1,0.8237109780311584,
8,183,0,0.8292803764343262,
8,183,1,0.8210494518280029,
8,184,0,0.8237394690513611,
8,184,1,0.828904390335083,
8,185,0,0.8267350196838379,
8,185,1,0.829757809638977,
8,186,0,0.825709342956543,
8,186,1,0.822234570980072,
8,187,0,0.8211460113525391,
8,187,1,0.830572247505188,
8,188,0,0.8246349096298218,
8,188,1,0.8290561437606812,
8,189,0,0.8268938064575195,
8,189,1,0.8270560503005981,
8,190,0,0.8243199586868286,
8,190,1,0.8254237174987793,
8,191,0,0.8260319232940674,
8,191,1,0.8269774913787842,
8,192,0,0.8223658800125122,
8,192,1,0.8284851908683777,
8,193,0,0.825334906578064,
8,193,1,0.8201268911361694,
8,194,0,0.8246994614601135,
8,194,1,0.8236469030380249,
8,195,0,0.8262456059455872,
8,195,1,0.8265239000320435,
8,196,0,0.8246625065803528,
8,196,1,0.8177672624588013,
8,197,0,0.8258061408996582,
8,197,1,0.8320645689964294,
8,198,0,0.8259097337722778,
8,198,1,0.8281545042991638,
8,199,0,0.824225127696991,
8,199,1,0.8178448677062988,
8,200,0,0.8246412873268127,
8,200,1,0.8251235485076904,
8,201,0,0.8262331485748291,
8,201,1,0.827017605304718,
8,202,0,0.8239510655403137,
8,202,1,0.8281341791152954,
8,203,0,0.8242036700248718,
8,203,1,0.82686448097229,
8,204,0,0.8235758543014526,
8,204,1,0.8255348205566406,
8,205,0,0.8263875842094421,
8,205,1,0.8263726234436035,
8,206,0,0.8264102339744568,
8,206,1,0.8278552293777466,
8,207,0,0.8225165009498596,
8,207,1,0.8303499817848206,
8,208,0,0.8243433237075806,
8,208,1,0.8233271241188049,
8,209,0,0.8268643617630005,
8,209,1,0.8219397068023682,
8,210,0,0.8283532857894897,
8,210,1,0.8274907469749451,
8,211,0,0.8260018825531006,
8,211,1,0.8194926381111145,
8,212,0,0.8258750438690186,
8,212,1,0.8266691565513611,
8,213,0,0.8233314752578735,
8,213,1,0.8300846219062805,
8,214,0,0.8224748969078064,
8,214,1,0.8271487951278687,
8,215,0,0.8257877230644226,
8,215,1,0.8285186886787415,
8,216,0,0.8259261846542358,
8,216,1,0.8273200392723083,
8,217,0,0.8230524063110352,
8,217,1,0.8202434182167053,
8,218,0,0.8244345188140869,
8,218,1,0.8244582414627075,
8,219,0,0.825124979019165,
8,219,1,0.8278498649597168,
8,220,0,0.8245337009429932,
8,220,1,0.82525634765625,
8,221,0,0.8220921158790588,
8,221,1,0.8351432681083679,
8,222,0,0.8235975503921509,
8,222,1,0.8231797218322754,
8,223,0,0.8252788782119751,
8,223,1,0.8285633325576782,
8,224,0,0.8260226249694824,
8,224,1,0.8237084746360779,
8,225,0,0.8269906044006348,
8,225,1,0.8250383138656616,
8,226,0,0.8239116668701172,
8,226,1,0.8244237303733826,
8,227,0,0.8238813281059265,
8,227,1,0.8224853277206421,
8,228,0,0.8234121799468994,
8,228,1,0.8313038349151611,
8,229,0,0.8262481689453125,
8,229,1,0.8252125978469849,
8,230,0,0.8259449005126953,
8,230,1,0.8228293657302856,
8,231,0,0.8242661952972412,
8,231,1,0.82448410987854,
8,232,0,0.8250690698623657,
8,232,1,0.8279259204864502,
8,233,0,0.8242495656013489,
8,233,1,0.8250974416732788,
8,234,0,0.8263484239578247,
8,234,1,0.8233034610748291,
8,235,0,0.8234184980392456,
8,235,1,0.8256769776344299,
8,236,0,0.8234359622001648,
8,236,1,0.822820782661438,
8,237,0,0.8266648054122925,
8,237,1,0.8193237781524658,
8,238,0,0.8236095309257507,
8,238,1,0.8290796279907227,
8,239,0,0.8278867602348328,
8,239,1,0.8285332918167114,
8,240,0,0.8261253833770752,
8,240,1,0.8239001631736755,
8,241,0,0.8218472599983215,
8,241,1,0.8262696862220764,
8,242,0,0.8229294419288635,
8,242,1,0.826488733291626,
8,243,0,0.8237705230712891,
8,243,1,0.8210675716400146,
8,244,0,0.8255588412284851,
8,244,1,0.8279538154602051,
8,245,0,0.8243080377578735,
8,245,1,0.8185520172119141,
8,246,0,0.8258294463157654,
8,246,1,0.8195450305938721,
8,247,0,0.8254647850990295,
8,247,1,0.8260177373886108,
8,248,0,0.8287146091461182,
8,248,1,0.8220951557159424,
8,249,0,0.8256621360778809,
8,249,1,0.8263963460922241,
8,250,0,0.8266996741294861,
8,250,1,0.8216713666915894,
8,251,0,0.8251163959503174,
8,251,1,0.823803722858429,
8,252,0,0.8240693807601929,
8,252,1,0.8230757713317871,
8,253,0,0.8245559930801392,
8,253,1,0.82645183801651,
8,254,0,0.8261977434158325,
8,254,1,0.820160984992981,
8,255,0,0.8244200944900513,
8,255,1,0.8231580257415771,
8,256,0,0.8257347941398621,
8,256,1,0.8295588493347168,
8,257,0,0.823239803314209,
8,257,1,0.8225557804107666,
8,258,0,0.8268967866897583,
8,258,1,0.8198757767677307,
8,259,0,0.8257436156272888,
8,259,1,0.8299161791801453,
8,260,0,0.8246179819107056,
8,260,1,0.8247080445289612,
8,261,0,0.8274121284484863,
8,261,1,0.8228272199630737,
8,262,0,0.8245319128036499,
8,262,1,0.8246127963066101,
8,263,0,0.8281776309013367,
8,263,1,0.8249640464782715,
8,264,0,0.8227298259735107,
8,264,1,0.8266276717185974,
8,265,0,0.8253709077835083,
8,265,1,0.8235338926315308,
8,266,0,0.8255857825279236,
8,266,1,0.8296955227851868,
8,267,0,0.8250738978385925,
8,267,1,0.8238207101821899,
8,268,0,0.8236831426620483,
8,268,1,0.8263833522796631,
8,269,0,0.8228729367256165,
8,269,1,0.8180545568466187,
8,270,0,0.8266128897666931,
8,270,1,0.822899580001831,
8,271,0,0.827471137046814,
8,271,1,0.8250167369842529,
8,272,0,0.8257657885551453,
8,272,1,0.8314845561981201,
8,273,0,0.827553927898407,
8,273,1,0.8247455358505249,
8,274,0,0.8246038556098938,
8,274,1,0.8249071836471558,
8,275,0,0.8260316848754883,
8,275,1,0.8195759654045105,
8,276,0,0.8240312933921814,
8,276,1,0.82170170545578,
8,277,0,0.8235063552856445,
8,277,1,0.8344447016716003,
8,278,0,0.824894905090332,
8,278,1,0.8235430121421814,
8,279,0,0.8240201473236084,
8,279,1,0.835093080997467,
8,280,0,0.8239062428474426,
8,280,1,0.8268080949783325,
8,281,0,0.8232862949371338,
8,281,1,0.8318033218383789,
8,282,0,0.8271992802619934,
8,282,1,0.8192716240882874,
8,283,0,0.826083779335022,
8,283,1,0.8311097621917725,
8,284,0,0.8255724906921387,
8,284,1,0.818333089351654,
8,285,0,0.8240633010864258,
8,285,1,0.82591712474823,
8,286,0,0.8237082958221436,
8,286,1,0.8244318962097168,
8,287,0,0.825606644153595,
8,287,1,0.8242954015731812,
8,288,0,0.8236536383628845,
8,288,1,0.8258986473083496,
8,289,0,0.8260583281517029,
8,289,1,0.8271793723106384,
8,290,0,0.8232194185256958,
8,290,1,0.8208146095275879,
8,291,0,0.8250373601913452,
8,291,1,0.8216538429260254,
8,292,0,0.8247338533401489,
8,292,1,0.8269467353820801,
8,293,0,0.8269450068473816,
8,293,1,0.8277603387832642,
8,294,0,0.8266812562942505,
8,294,1,0.8197776079177856,
8,295,0,0.8250656723976135,
8,295,1,0.8244613409042358,
8,296,0,0.8224539160728455,
8,296,1,0.8227119445800781,
8,297,0,0.8239209055900574,
8,297,1,0.8258535861968994,
8,298,0,0.8247315883636475,
8,298,1,0.8159118294715881,
8,299,0,0.8287909626960754,
8,299,1,0.8276933431625366,
8,300,0,0.8264061212539673,
8,300,1,0.8236640095710754,
8,301,0,0.8264298439025879,
8,301,1,0.8224156498908997,
8,302,0,0.8273520469665527,
8,302,1,0.8281277418136597,
8,303,0,0.8191246390342712,
8,303,1,0.8168196678161621,
8,304,0,0.8260871171951294,
8,304,1,0.8270962238311768,
8,305,0,0.8289649486541748,
8,305,1,0.8264227509498596,
8,306,0,0.8236958384513855,
8,306,1,0.8238015174865723,
8,307,0,0.8247978091239929,
8,307,1,0.8299155831336975,
8,308,0,0.8235677480697632,
8,308,1,0.8181286454200745,
8,309,0,0.8268254995346069,
8,309,1,0.8306519985198975,
8,310,0,0.8221961855888367,
8,310,1,0.8277692198753357,
8,311,0,0.824386715888977,
8,311,1,0.8303569555282593,
8,312,0,0.8249683380126953,
8,312,1,0.824337363243103,
8,313,0,0.8227002620697021,
8,313,1,0.8248457312583923,
8,314,0,0.825637698173523,
8,314,1,0.823506236076355,
8,315,0,0.8242546319961548,
8,315,1,0.8300091028213501,
8,316,0,0.8254826664924622,
8,316,1,0.8216722011566162,
8,317,0,0.8252767324447632,
8,317,1,0.825725793838501,
8,318,0,0.8266523480415344,
8,318,1,0.8243563175201416,
8,319,0,0.8259009122848511,
8,319,1,0.8263912796974182,
8,320,0,0.8251978158950806,
8,320,1,0.8212800025939941,
8,321,0,0.8246452808380127,
8,321,1,0.8254056572914124,
8,322,0,0.8306592702865601,
8,322,1,0.8207986354827881,
8,323,0,0.8245582580566406,
8,323,1,0.8313198685646057,
8,324,0,0.823422908782959,
8,324,1,0.8253316283226013,
8,325,0,0.8261544108390808,
8,325,1,0.8295035362243652,
8,326,0,0.8258525729179382,
8,326,1,0.826166570186615,
8,327,0,0.8244785666465759,
8,327,1,0.8308378458023071,
8,328,0,0.8263166546821594,
8,328,1,0.8266149163246155,
8,329,0,0.8265274167060852,
8,329,1,0.8323243260383606,
8,330,0,0.8238801956176758,
8,330,1,0.8253531455993652,
8,331,0,0.8258721232414246,
8,331,1,0.8228166103363037,
8,332,0,0.8233963847160339,
8,332,1,0.8291622996330261,
8,333,0,0.8302581310272217,
8,333,1,0.8305436968803406,
8,334,0,0.8232567310333252,
8,334,1,0.8196194171905518,
8,335,0,0.824977457523346,
8,335,1,0.8215287923812866,
8,336,0,0.8230675458908081,
8,336,1,0.8249879479408264,
8,337,0,0.8228178024291992,
8,337,1,0.824876070022583,
8,338,0,0.8267953395843506,
8,338,1,0.826428234577179,
8,339,0,0.8261203765869141,
8,339,1,0.8325085639953613,
8,340,0,0.8245733380317688,
8,340,1,0.8268254399299622,
8,341,0,0.8242641687393188,
8,341,1,0.8254399299621582,
8,342,0,0.8252116441726685,
8,342,1,0.8250548839569092,
8,343,0,0.8218643665313721,
8,343,1,0.8328659534454346,
8,344,0,0.8276951313018799,
8,344,1,0.8247203826904297,
8,345,0,0.8257519006729126,
8,345,1,0.8223450183868408,
8,346,0,0.8243293166160583,
8,346,1,0.8278987407684326,
8,347,0,0.8267212510108948,
8,347,1,0.8166888952255249,
8,348,0,0.8279040455818176,
8,348,1,0.8310422897338867,
8,349,0,0.8237578868865967,
8,349,1,0.8326675891876221,
8,350,0,0.8267776370048523,
8,350,1,0.8306881189346313,
8,351,0,0.8260312080383301,
8,351,1,0.8195017576217651,
8,352,0,0.8262063264846802,
8,352,1,0.8215714693069458,
8,353,0,0.8243608474731445,
8,353,1,0.8224356770515442,
8,354,0,0.8275916576385498,
8,354,1,0.8326190710067749,
8,355,0,0.8260676264762878,
8,355,1,0.8195643424987793,
8,356,0,0.8253920078277588,
8,356,1,0.8281293511390686,
8,357,0,0.8255860209465027,
8,357,1,0.8302860856056213,
8,358,0,0.8301076889038086,
8,358,1,0.8244857788085938,
8,359,0,0.8262269496917725,
8,359,1,0.8297373056411743,
8,360,0,0.8233199119567871,
8,360,1,0.8242726922035217,
8,361,0,0.8275279998779297,
8,361,1,0.8251009583473206,
8,362,0,0.823387861251831,
8,362,1,0.8216269016265869,
8,363,0,0.8246424198150635,
8,363,1,0.8222174048423767,
8,364,0,0.8234964609146118,
8,364,1,0.827365517616272,
8,365,0,0.8244631886482239,
8,365,1,0.8303184509277344,
8,366,0,0.8237218856811523,
8,366,1,0.8277076482772827,
8,367,0,0.8246464133262634,
8,367,1,0.8273447751998901,
8,368,0,0.8266022205352783,
8,368,1,0.8241949677467346,
8,369,0,0.8260402083396912,
8,369,1,0.8289626836776733,
8,370,0,0.826335072517395,
8,370,1,0.8232679963111877,
8,371,0,0.8257789015769958,
8,371,1,0.8204178214073181,
8,372,0,0.8260392546653748,
8,372,1,0.825915515422821,
8,373,0,0.8239717483520508,
8,373,1,0.8273020386695862,
8,374,0,0.8267322778701782,
8,374,1,0.8233377933502197,
8,375,0,0.825781524181366,
8,375,1,0.8289056420326233,
8,376,0,0.8238906860351562,
8,376,1,0.8247787952423096,
8,377,0,0.827289342880249,
8,377,1,0.8295341730117798,
8,378,0,0.823960542678833,
8,378,1,0.8263991475105286,
8,379,0,0.8247430324554443,
8,379,1,0.8205605745315552,
8,380,0,0.8242055773735046,
8,380,1,0.8284988403320312,
8,381,0,0.8228960037231445,
8,381,1,0.8253226280212402,
8,382,0,0.8240168690681458,
8,382,1,0.8282788991928101,
8,383,0,0.8237598538398743,
8,383,1,0.8254227638244629,
8,384,0,0.8225488662719727,
8,384,1,0.8211312294006348,
8,385,0,0.8264936208724976,
8,385,1,0.824957013130188,
8,386,0,0.8242217302322388,
8,386,1,0.8248743414878845,
8,387,0,0.8243705034255981,
8,387,1,0.8251835107803345,
8,388,0,0.8219990730285645,
8,388,1,0.8222935199737549,
8,389,0,0.8262644410133362,
8,389,1,0.8217060565948486,
8,390,0,0.8248157501220703,
8,390,1,0.8264182209968567,
8,391,0,0.8252771496772766,
8,391,1,0.832529604434967,
8,392,0,0.8234939575195312,
8,392,1,0.8258463144302368,
8,393,0,0.8278671503067017,
8,393,1,0.8252636790275574,
8,394,0,0.825211763381958,
8,394,1,0.8208330869674683,
8,395,0,0.8280844688415527,
8,395,1,0.8241724967956543,
8,396,0,0.8279249668121338,
8,396,1,0.8247798681259155,
8,397,0,0.822881817817688,
8,397,1,0.8287706971168518,
8,398,0,0.8262008428573608,
8,398,1,0.8241919279098511,
8,399,0,0.823937714099884,
8,399,1,0.8259941339492798,
8,400,0,0.8257282376289368,
8,400,1,0.823969841003418,
8,401,0,0.825476884841919,
8,401,1,0.8329593539237976,
8,402,0,0.826626181602478,
8,402,1,0.8258321285247803,
8,403,0,0.8245130181312561,
8,403,1,0.8281664848327637,
8,404,0,0.8289278149604797,
8,404,1,0.8205314874649048,
8,405,0,0.8269108533859253,
8,405,1,0.8194376230239868,
8,406,0,0.8248946070671082,
8,406,1,0.821364164352417,
8,407,0,0.8223496675491333,
8,407,1,0.8221101760864258,
8,408,0,0.8222941160202026,
8,408,1,0.8267089128494263,
8,409,0,0.8263378739356995,
8,409,1,0.8198951482772827,
8,410,0,0.8255636692047119,
8,410,1,0.8277143836021423,
8,411,0,0.8241665363311768,
8,411,1,0.8282338380813599,
8,412,0,0.8261990547180176,
8,412,1,0.8266121745109558,
8,413,0,0.8249467015266418,
8,413,1,0.8265762329101562,
8,414,0,0.8240480422973633,
8,414,1,0.8272714614868164,
8,415,0,0.8257128596305847,
8,415,1,0.8218897581100464,
8,416,0,0.8256464600563049,
8,416,1,0.8251604437828064,
8,417,0,0.8245745897293091,
8,417,1,0.8227868676185608,
8,418,0,0.824988842010498,
8,418,1,0.8273849487304688,
8,419,0,0.8284028172492981,
8,419,1,0.8231574296951294,
8,420,0,0.8267112374305725,
8,420,1,0.8241515159606934,
8,421,0,0.8274663686752319,
8,421,1,0.8226252794265747,
8,422,0,0.8263876438140869,
8,422,1,0.8311682343482971,
8,423,0,0.8270896673202515,
8,423,1,0.8308953046798706,
8,424,0,0.827336311340332,
8,424,1,0.8275068998336792,
8,425,0,0.8254251480102539,
8,425,1,0.8235621452331543,
8,426,0,0.8243778944015503,
8,426,1,0.8266343474388123,
8,427,0,0.8259254693984985,
8,427,1,0.8258205056190491,
8,428,0,0.8241779804229736,
8,428,1,0.8274048566818237,
8,429,0,0.8274294137954712,
8,429,1,0.8222054243087769,
8,430,0,0.8285958170890808,
8,430,1,0.8226766586303711,
8,431,0,0.8250206112861633,
8,431,1,0.8275813460350037,
8,432,0,0.8263834714889526,
8,432,1,0.8277992010116577,
8,433,0,0.8271574974060059,
8,433,1,0.8254565000534058,
8,434,0,0.825922966003418,
8,434,1,0.8286768794059753,
8,435,0,0.8260018229484558,
8,435,1,0.8260149955749512,
8,436,0,0.8265862464904785,
8,436,1,0.8290396332740784,
8,437,0,0.8252010941505432,
8,437,1,0.8297119140625,
8,438,0,0.8273019790649414,
8,438,1,0.8265829086303711,
8,439,0,0.821818470954895,
8,439,1,0.8219342231750488,
8,440,0,0.8256157636642456,
8,440,1,0.82501220703125,
8,441,0,0.8236807584762573,
8,441,1,0.8249256014823914,
8,442,0,0.8242555856704712,
8,442,1,0.8263037800788879,
8,443,0,0.8216463327407837,
8,443,1,0.8203477263450623,
8,444,0,0.8232787251472473,
8,444,1,0.8225979804992676,
8,445,0,0.8255364894866943,
8,445,1,0.8281810283660889,
8,446,0,0.8250219225883484,
8,446,1,0.824493408203125,
8,447,0,0.8209255337715149,
8,447,1,0.828378438949585,
8,448,0,0.8236571550369263,
8,448,1,0.8234492540359497,
8,449,0,0.8293634653091431,
8,449,1,0.8141366243362427,
8,450,0,0.822923481464386,
8,450,1,0.8254134654998779,
8,451,0,0.8246923685073853,
8,451,1,0.8264602422714233,
8,452,0,0.8268927931785583,
8,452,1,0.8244953155517578,
8,453,0,0.8277453184127808,
8,453,1,0.8242450952529907,
8,454,0,0.8258562088012695,
8,454,1,0.8278305530548096,
8,455,0,0.8246580362319946,
8,455,1,0.819501519203186,
8,456,0,0.8264064788818359,
8,456,1,0.8235219717025757,
8,457,0,0.823294460773468,
8,457,1,0.8286792039871216,
8,458,0,0.8256169557571411,
8,458,1,0.8238807916641235,
8,459,0,0.8272799849510193,
8,459,1,0.8213425874710083,
8,460,0,0.8244050741195679,
8,460,1,0.8204987049102783,
8,461,0,0.820550262928009,
8,461,1,0.8252052664756775,
8,462,0,0.8253860473632812,
8,462,1,0.8243589401245117,
8,463,0,0.8225392699241638,
8,463,1,0.8240383863449097,
8,464,0,0.8259336948394775,
8,464,1,0.8256950378417969,
8,465,0,0.828590989112854,
8,465,1,0.8183258771896362,
8,466,0,0.8264658451080322,
8,466,1,0.8268532752990723,
8,467,0,0.8259099125862122,
8,467,1,0.8290566802024841,
8,468,0,0.8278114199638367,
8,468,1,0.8229964971542358,
8,469,0,0.8259834051132202,
8,469,1,0.8294284343719482,
8,470,0,0.8268123865127563,
8,470,1,0.822049617767334,
8,471,0,0.8298118710517883,
8,471,1,0.8238815069198608,
8,472,0,0.823107898235321,
8,472,1,0.8213694095611572,
8,473,0,0.8250236511230469,
8,473,1,0.8261491656303406,
8,474,0,0.8247095346450806,
8,474,1,0.8231731653213501,
8,475,0,0.8261400461196899,
8,475,1,0.8280587792396545,
8,476,0,0.8288488388061523,
8,476,1,0.8211740255355835,
8,477,0,0.8220224380493164,
8,477,1,0.8236169219017029,
8,478,0,0.8227924108505249,
8,478,1,0.8265329599380493,
8,479,0,0.8241299390792847,
8,479,1,0.8284163475036621,
8,480,0,0.8270379900932312,
8,480,1,0.8199581503868103,
8,481,0,0.8248777985572815,
8,481,1,0.8239427208900452,
8,482,0,0.8255040645599365,
8,482,1,0.823569655418396,
8,483,0,0.8264980316162109,
8,483,1,0.8287475109100342,
8,484,0,0.8290421366691589,
8,484,1,0.828387975692749,
8,485,0,0.8288745880126953,
8,485,1,0.8269079923629761,
8,486,0,0.8242315053939819,
8,486,1,0.8314081430435181,
8,487,0,0.8238538503646851,
8,487,1,0.8282520771026611,
8,488,0,0.8262650966644287,
8,488,1,0.8269262313842773,
8,489,0,0.8270811438560486,
8,489,1,0.81914222240448,
8,490,0,0.8269409537315369,
8,490,1,0.8288387060165405,
8,491,0,0.82387375831604,
8,491,1,0.8245089054107666,
8,492,0,0.8268554210662842,
8,492,1,0.8191454410552979,
8,493,0,0.8260765075683594,
8,493,1,0.8207756280899048,
8,494,0,0.8240242004394531,
8,494,1,0.8236352205276489,
8,495,0,0.8279221057891846,
8,495,1,0.8250768184661865,
8,496,0,0.8262847065925598,
8,496,1,0.8292920589447021,
8,497,0,0.8253687024116516,
8,497,1,0.8241928219795227,
8,498,0,0.8236856460571289,
8,498,1,0.8196120262145996,
8,499,0,0.8263953924179077,
8,499,1,0.8303793668746948,
8,500,0,0.8233445882797241,
8,500,1,0.8281660079956055,
8,501,0,0.8263760209083557,
8,501,1,0.8271372318267822,
8,502,0,0.8259074687957764,
8,502,1,0.8223860263824463,
8,503,0,0.8282870054244995,
8,503,1,0.8244297504425049,
8,504,0,0.8291534185409546,
8,504,1,0.8289421796798706,
8,505,0,0.8266746997833252,
8,505,1,0.8241064548492432,
8,506,0,0.8272134065628052,
8,506,1,0.8194721937179565,
8,507,0,0.8272392749786377,
8,507,1,0.8276273012161255,
8,508,0,0.8268342018127441,
8,508,1,0.822395384311676,
8,509,0,0.8273910284042358,
8,509,1,0.8298599123954773,
8,510,0,0.8259750604629517,
8,510,1,0.821029007434845,
8,511,0,0.824775755405426,
8,511,1,0.8306276798248291,
8,512,0,0.8231223821640015,
8,512,1,0.8261057734489441,
8,513,0,0.8220638632774353,
8,513,1,0.822198748588562,
8,514,0,0.8294435143470764,
8,514,1,0.8267815113067627,
8,515,0,0.8243129253387451,
8,515,1,0.8286817073822021,
8,516,0,0.8263800144195557,
8,516,1,0.8260723352432251,
8,517,0,0.8267009854316711,
8,517,1,0.8236038684844971,
8,518,0,0.8240565061569214,
8,518,1,0.8250446319580078,
8,519,0,0.8237147927284241,
8,519,1,0.8295942544937134,
8,520,0,0.8259204030036926,
8,520,1,0.8262982368469238,
8,521,0,0.8257254958152771,
8,521,1,0.8262460231781006,
8,522,0,0.8252786993980408,
8,522,1,0.8325422406196594,
8,523,0,0.8232443928718567,
8,523,1,0.8277466893196106,
8,524,0,0.8246845006942749,
8,524,1,0.8200952410697937,
8,525,0,0.8257797956466675,
8,525,1,0.8304809927940369,
8,526,0,0.8257927298545837,
8,526,1,0.817915678024292,
8,527,0,0.8270965218544006,
8,527,1,0.830541729927063,
8,528,0,0.8264744877815247,
8,528,1,0.8219216465950012,
8,529,0,0.8259245157241821,
8,529,1,0.8296536207199097,
8,530,0,0.8284622430801392,
8,530,1,0.8229823112487793,
8,531,0,0.823837161064148,
8,531,1,0.8289343118667603,
8,532,0,0.8246277570724487,
8,532,1,0.8249170780181885,
8,533,0,0.8293112516403198,
8,533,1,0.823298454284668,
8,534,0,0.826028048992157,
8,534,1,0.8241895437240601,
8,535,0,0.8254026174545288,
8,535,1,0.8228577375411987,
8,536,0,0.8256866931915283,
8,536,1,0.8241270780563354,
8,537,0,0.8262176513671875,
8,537,1,0.8258658051490784,
8,538,0,0.8246338963508606,
8,538,1,0.8209015130996704,
8,539,0,0.8232849836349487,
8,539,1,0.8284621834754944,
8,540,0,0.8262148499488831,
8,540,1,0.8233721256256104,
8,541,0,0.8266158699989319,
8,541,1,0.8233734369277954,
8,542,0,0.82643061876297,
8,542,1,0.8263934850692749,
8,543,0,0.8248838186264038,
8,543,1,0.8227214813232422,
8,544,0,0.825426459312439,
8,544,1,0.8256274461746216,
8,545,0,0.8270284533500671,
8,545,1,0.8243324756622314,
8,546,0,0.8233693838119507,
8,546,1,0.8290669918060303,
8,547,0,0.8222085237503052,
8,547,1,0.8211015462875366,
8,548,0,0.826499342918396,
8,548,1,0.8297882080078125,
8,549,0,0.8261257410049438,
8,549,1,0.8218584060668945,
8,550,0,0.8276031017303467,
8,550,1,0.8297687768936157,
8,551,0,0.8248773813247681,
8,551,1,0.8260347843170166,
8,552,0,0.8276379108428955,
8,552,1,0.8272358179092407,
8,553,0,0.8247265815734863,
8,553,1,0.8273714780807495,
8,554,0,0.828288197517395,
8,554,1,0.8223899602890015,
8,555,0,0.8286632299423218,
8,555,1,0.8267704248428345,
8,556,0,0.8248730897903442,
8,556,1,0.8291583061218262,
8,557,0,0.8280941247940063,
8,557,1,0.8246763944625854,
8,558,0,0.826650083065033,
8,558,1,0.8219190835952759,
8,559,0,0.8254585266113281,
8,559,1,0.8258395791053772,
8,560,0,0.8258907198905945,
8,560,1,0.8251312971115112,
8,561,0,0.8241051435470581,
8,561,1,0.8253647685050964,
8,562,0,0.8239879608154297,
8,562,1,0.8267138004302979,
8,563,0,0.8226838111877441,
8,563,1,0.8233736753463745,
8,564,0,0.8253742456436157,
8,564,1,0.8298511505126953,
8,565,0,0.8262542486190796,
8,565,1,0.8259235620498657,
8,566,0,0.8270748853683472,
8,566,1,0.8299267292022705,
8,567,0,0.8259426355361938,
8,567,1,0.8228448033332825,
8,568,0,0.8259203433990479,
8,568,1,0.8255345821380615,
8,569,0,0.824640691280365,
8,569,1,0.8163112998008728,
8,570,0,0.8230393528938293,
8,570,1,0.8211497068405151,
8,571,0,0.8254295587539673,
8,571,1,0.826657772064209,
8,572,0,0.8282848596572876,
8,572,1,0.8266967535018921,
8,573,0,0.8266586065292358,
8,573,1,0.8192819356918335,
8,574,0,0.8266010284423828,
8,574,1,0.8222413063049316,
8,575,0,0.8258430361747742,
8,575,1,0.8232624530792236,
8,576,0,0.8247358798980713,
8,576,1,0.8274155855178833,
8,577,0,0.8243813514709473,
8,577,1,0.8195024132728577,
8,578,0,0.8260816335678101,
8,578,1,0.8274799585342407,
8,579,0,0.8223908543586731,
8,579,1,0.8223241567611694,
8,580,0,0.8257543444633484,
8,580,1,0.8261699676513672,
8,581,0,0.8280764818191528,
8,581,1,0.8293773531913757,
8,582,0,0.8265568017959595,
8,582,1,0.8210523128509521,
8,583,0,0.8246987462043762,
8,583,1,0.8198375701904297,
8,584,0,0.8251044154167175,
8,584,1,0.8219611644744873,
8,585,0,0.8267384767532349,
8,585,1,0.8319187164306641,
8,586,0,0.8246771693229675,
8,586,1,0.8207520842552185,
8,587,0,0.8224474787712097,
8,587,1,0.8267378807067871,
8,588,0,0.8292987942695618,
8,588,1,0.8242783546447754,
8,589,0,0.8273963928222656,
8,589,1,0.8286445140838623,
8,590,0,0.8211368322372437,
8,590,1,0.823417603969574,
8,591,0,0.8230482339859009,
8,591,1,0.82936030626297,
8,592,0,0.8284574747085571,
8,592,1,0.825508713722229,
8,593,0,0.8231139183044434,
8,593,1,0.8283517360687256,
8,594,0,0.825770378112793,
8,594,1,0.8274155259132385,
8,595,0,0.8256316184997559,
8,595,1,0.8260833621025085,
8,596,0,0.826074481010437,
8,596,1,0.8285067081451416,
8,597,0,0.8261686563491821,
8,597,1,0.8264195919036865,
8,598,0,0.8251244425773621,
8,598,1,0.8279609680175781,
8,599,0,0.8267827033996582,
8,599,1,0.8293958902359009,
8,600,0,0.8248846530914307,
8,600,1,0.8225306272506714,
8,601,0,0.8247261643409729,
8,601,1,0.8261749744415283,
8,602,0,0.8266007900238037,
8,602,1,0.8208866715431213,
8,603,0,0.8299165964126587,
8,603,1,0.8207505941390991,
8,604,0,0.8236178159713745,
8,604,1,0.830115795135498,
8,val,,,0.8250696245829264
9,0,0,0.822858989238739,
9,0,1,0.8173151016235352,
9,1,0,0.8268433809280396,
9,1,1,0.8223518133163452,
9,2,0,0.827849805355072,
9,2,1,0.8262416124343872,
9,3,0,0.825283944606781,
9,3,1,0.8293266296386719,
9,4,0,0.8249440789222717,
9,4,1,0.8237001895904541,
9,5,0,0.8242056369781494,
9,5,1,0.8288149237632751,
9,6,0,0.8256901502609253,
9,6,1,0.8275324106216431,
9,7,0,0.8248030543327332,
9,7,1,0.826873779296875,
9,8,0,0.8204026222229004,
9,8,1,0.8254422545433044,
9,9,0,0.8215534090995789,
9,9,1,0.8281545639038086,
9,10,0,0.820997953414917,
9,10,1,0.8320177793502808,
9,11,0,0.8218264579772949,
9,11,1,0.8294133543968201,
9,12,0,0.8210286498069763,
9,12,1,0.8316497802734375,
9,13,0,0.82517009973526,
9,13,1,0.8260887861251831,
9,14,0,0.8245131969451904,
9,14,1,0.825046718120575,
9,15,0,0.821844220161438,
9,15,1,0.8295791149139404,
9,16,0,0.8255250453948975,
9,16,1,0.8306711912155151,
9,17,0,0.8235762119293213,
9,17,1,0.8277872800827026,
9,18,0,0.8252601623535156,
9,18,1,0.8216854333877563,
9,19,0,0.8245176672935486,
9,19,1,0.8279762864112854,
9,20,0,0.82353276014328,
9,20,1,0.8241998553276062,
9,21,0,0.8236110210418701,
9,21,1,0.8241764307022095,
9,22,0,0.8243182897567749,
9,22,1,0.8302335143089294,
9,23,0,0.8236031532287598,
9,23,1,0.8260233402252197,
9,24,0,0.823983371257782,
9,24,1,0.8253235220909119,
9,25,0,0.8217103481292725,
9,25,1,0.8246479630470276,
9,26,0,0.8241170048713684,
9,26,1,0.8167931437492371,
9,27,0,0.8252341747283936,
9,27,1,0.8177081346511841,
9,28,0,0.8223690390586853,
9,28,1,0.8159947395324707,
9,29,0,0.8247977495193481,
9,29,1,0.8304907083511353,
9,30,0,0.8267789483070374,
9,30,1,0.8178487420082092,
9,31,0,0.823441743850708,
9,31,1,0.8256509304046631,
9,32,0,0.8225845098495483,
9,32,1,0.821160078048706,
9,33,0,0.8281883001327515,
9,33,1,0.8263885974884033,
9,34,0,0.8251328468322754,
9,34,1,0.8199759125709534,
9,35,0,0.8228045701980591,
9,35,1,0.8212283849716187,
9,36,0,0.8243523836135864,
9,36,1,0.8264164924621582,
9,37,0,0.8230328559875488,
9,37,1,0.8290340304374695,
9,38,0,0.8212915658950806,
9,38,1,0.8267554640769958,
9,39,0,0.8277426362037659,
9,39,1,0.8165292739868164,
9,40,0,0.821243405342102,
9,40,1,0.8275966644287109,
9,41,0,0.8264018893241882,
9,41,1,0.8284928798675537,
9,42,0,0.8257730007171631,
9,42,1,0.8260511159896851,
9,43,0,0.8270305395126343,
9,43,1,0.8212423324584961,
9,44,0,0.8286564350128174,
9,44,1,0.8230621218681335,
9,45,0,0.8238615393638611,
9,45,1,0.8163087368011475,
9,46,0,0.8272259831428528,
9,46,1,0.821527361869812,
9,47,0,0.8241816759109497,
9,47,1,0.8221313953399658,
9,48,0,0.8255459070205688,
9,48,1,0.8207823634147644,
9,49,0,0.8266178369522095,
9,49,1,0.8262209296226501,
9,50,0,0.8274146914482117,
9,50,1,0.8190106749534607,
9,51,0,0.8258432149887085,
9,51,1,0.8315320014953613,
9,52,0,0.829116702079773,
9,52,1,0.8282285928726196,
9,53,0,0.8273637294769287,
9,53,1,0.8325387239456177,
9,54,0,0.8240100145339966,
9,54,1,0.827473521232605,
9,55,0,0.8280608654022217,
9,55,1,0.8304946422576904,
9,56,0,0.8284943699836731,
9,56,1,0.8166987895965576,
9,57,0,0.8235269784927368,
9,57,1,0.8243598937988281,
9,58,0,0.8261306881904602,
9,58,1,0.8337709903717041,
9,59,0,0.8258811235427856,
9,59,1,0.8253161311149597,
9,60,0,0.8265162706375122,
9,60,1,0.8303766250610352,
9,61,0,0.8268375396728516,
9,61,1,0.8286230564117432,
9,62,0,0.8246020078659058,
9,62,1,0.8287274837493896,
9,63,0,0.826612114906311,
9,63,1,0.8184850811958313,
9,64,0,0.8256374597549438,
9,64,1,0.8237138986587524,
9,65,0,0.8240253925323486,
9,65,1,0.8275917768478394,
9,66,0,0.8271465301513672,
9,66,1,0.8290654420852661,
9,67,0,0.8245907425880432,
9,67,1,0.8233572840690613,
9,68,0,0.8260278701782227,
9,68,1,0.8257472515106201,
9,69,0,0.8252109289169312,
9,69,1,0.8325834274291992,
9,70,0,0.8238601684570312,
9,70,1,0.8239012360572815,
9,71,0,0.8266565799713135,
9,71,1,0.8268492817878723,
9,72,0,0.825250506401062,
9,72,1,0.8172054886817932,
9,73,0,0.8261932730674744,
9,73,1,0.8232848644256592,
9,74,0,0.8218457102775574,
9,74,1,0.8225568532943726,
9,75,0,0.8272485136985779,
9,75,1,0.8252641558647156,
9,76,0,0.8219481110572815,
9,76,1,0.8255659937858582,
9,77,0,0.8190710544586182,
9,77,1,0.8252993226051331,
9,78,0,0.8284329175949097,
9,78,1,0.8302066922187805,
9,79,0,0.8257924318313599,
9,79,1,0.8234572410583496,
9,80,0,0.8255956172943115,
9,80,1,0.8236035704612732,
9,81,0,0.82618248462677,
9,81,1,0.8285894393920898,
9,82,0,0.8278221487998962,
9,82,1,0.8201342225074768,
9,83,0,0.8231964111328125,
9,83,1,0.8256253004074097,
9,84,0,0.8230190277099609,
9,84,1,0.8243589401245117,
9,85,0,0.8269731402397156,
9,85,1,0.8239621520042419,
9,86,0,0.8242550492286682,
9,86,1,0.8178941011428833,
9,87,0,0.8262524604797363,
9,87,1,0.822996199131012,
9,88,0,0.8256319761276245,
9,88,1,0.8198426961898804,
9,89,0,0.8262356519699097,
9,89,1,0.8218626976013184,
9,90,0,0.8227578401565552,
9,90,1,0.8275675773620605,
9,91,0,0.825737714767456,
9,91,1,0.818560004234314,
9,92,0,0.8246508836746216,
9,92,1,0.8328279852867126,
9,93,0,0.8245288133621216,
9,93,1,0.8213933706283569,
9,94,0,0.8237089514732361,
9,94,1,0.838588297367096,
9,95,0,0.8241236805915833,
9,95,1,0.8253068923950195,
9,96,0,0.8247355222702026,
9,96,1,0.8255861401557922,
9,97,0,0.8274173140525818,
9,97,1,0.8269062042236328,
9,98,0,0.826545774936676,
9,98,1,0.823628306388855,
9,99,0,0.8286392092704773,
9,99,1,0.8245049715042114,
9,100,0,0.8254871964454651,
9,100,1,0.8272119760513306,
9,101,0,0.8248539566993713,
9,101,1,0.8260060548782349,
9,102,0,0.821893036365509,
9,102,1,0.8247253894805908,
9,103,0,0.8270125985145569,
9,103,1,0.8248082995414734,
9,104,0,0.8261523246765137,
9,104,1,0.827551007270813,
9,105,0,0.8294714689254761,
9,105,1,0.8285186290740967,
9,106,0,0.822881817817688,
9,106,1,0.8310104012489319,
9,107,0,0.8266520500183105,
9,107,1,0.8302704095840454,
9,108,0,0.823776125907898,
9,108,1,0.8225549459457397,
9,109,0,0.8254467248916626,
9,109,1,0.8237261772155762,
9,110,0,0.8253662586212158,
9,110,1,0.8280700445175171,
9,111,0,0.8280504941940308,
9,111,1,0.826137125492096,
9,112,0,0.8254104852676392,
9,112,1,0.8238075375556946,
9,113,0,0.8302230834960938,
9,113,1,0.8262218236923218,
9,114,0,0.8268138766288757,
9,114,1,0.8263945579528809,
9,115,0,0.8257550001144409,
9,115,1,0.8266255855560303,
9,116,0,0.8262889981269836,
9,116,1,0.8276108503341675,
9,117,0,0.8266890048980713,
9,117,1,0.8216534852981567,
9,118,0,0.823399543762207,
9,118,1,0.8251998424530029,
9,119,0,0.825489342212677,
9,119,1,0.8290268778800964,
9,120,0,0.8285902738571167,
9,120,1,0.8211559057235718,
9,121,0,0.8252385258674622,
9,121,1,0.8242655396461487,
9,122,0,0.827023446559906,
9,122,1,0.822012186050415,
9,123,0,0.8250088691711426,
9,123,1,0.8169564604759216,
9,124,0,0.8255385160446167,
9,124,1,0.8247283697128296,
9,125,0,0.8243880867958069,
9,125,1,0.8246992826461792,
9,126,0,0.8258256912231445,
9,126,1,0.8262109160423279,
9,127,0,0.8239600658416748,
9,127,1,0.8311394453048706,
9,128,0,0.821358859539032,
9,128,1,0.8219719529151917,
9,129,0,0.8238049149513245,
9,129,1,0.8265736103057861,
9,130,0,0.8259961605072021,
9,130,1,0.8251591920852661,
9,131,0,0.8249696493148804,
9,131,1,0.8349485397338867,
9,132,0,0.8236836791038513,
9,132,1,0.8208048343658447,
9,133,0,0.8243762254714966,
9,133,1,0.8220124244689941,
9,134,0,0.8278963565826416,
9,134,1,0.8236809968948364,
9,135,0,0.8283768892288208,
9,135,1,0.8231227993965149,
9,136,0,0.8263388872146606,
9,136,1,0.823570966720581,
9,137,0,0.8249732255935669,
9,137,1,0.8257980346679688,
9,138,0,0.8261075019836426,
9,138,1,0.8202826976776123,
9,139,0,0.8283002972602844,
9,139,1,0.8233694434165955,
9,140,0,0.8250299692153931,
9,140,1,0.8258933424949646,
9,141,0,0.8234668970108032,
9,141,1,0.8261478543281555,
9,142,0,0.8253858685493469,
9,142,1,0.8253197073936462,
9,143,0,0.8277244567871094,
9,143,1,0.827934741973877,
9,144,0,0.8238328695297241,
9,144,1,0.820932149887085,
9,145,0,0.824446439743042,
9,145,1,0.8251447677612305,
9,146,0,0.8282593488693237,
9,146,1,0.825102686882019,
9,147,0,0.8220875263214111,
9,147,1,0.8243290781974792,
9,148,0,0.8246446847915649,
9,148,1,0.8238663077354431,
9,149,0,0.8233356475830078,
9,149,1,0.8244485259056091,
9,150,0,0.825609028339386,
9,150,1,0.8236618041992188,
9,151,0,0.8256875276565552,
9,151,1,0.8294540643692017,
9,152,0,0.820978581905365,
9,152,1,0.8283857107162476,
9,153,0,0.8258874416351318,
9,153,1,0.8282366991043091,
9,154,0,0.8290088176727295,
9,154,1,0.8266990184783936,
9,155,0,0.8233119249343872,
9,155,1,0.8207961916923523,
9,156,0,0.8257138133049011,
9,156,1,0.8231781721115112,
9,157,0,0.8264812231063843,
9,157,1,0.8254915475845337,
9,158,0,0.8265777826309204,
9,158,1,0.8185789585113525,
9,159,0,0.8254634141921997,
9,159,1,0.8274179100990295,
9,160,0,0.8231890201568604,
9,160,1,0.8266674280166626,
9,161,0,0.8265533447265625,
9,161,1,0.825589656829834,
9,162,0,0.8239232897758484,
9,162,1,0.8237238526344299,
9,163,0,0.8270192742347717,
9,163,1,0.8236967921257019,
9,164,0,0.8243392705917358,
9,164,1,0.8271043300628662,
9,165,0,0.8247767090797424,
9,165,1,0.8219949007034302,
9,166,0,0.8256931900978088,
9,166,1,0.8272762298583984,
9,167,0,0.8220316171646118,
9,167,1,0.8233117461204529,
9,168,0,0.8262564539909363,
9,168,1,0.8219853639602661,
9,169,0,0.8249078392982483,
9,169,1,0.8280773758888245,
9,170,0,0.8255172967910767,
9,170,1,0.8222262859344482,
9,171,0,0.8234650492668152,
9,171,1,0.8268393278121948,
9,172,0,0.8266675472259521,
9,172,1,0.8210306167602539,
9,173,0,0.8251758813858032,
9,173,1,0.8210347890853882,
9,174,0,0.824899435043335,
9,174,1,0.8216338753700256,
9,175,0,0.8275982141494751,
9,175,1,0.8299582004547119,
9,176,0,0.8241292238235474,
9,176,1,0.8239266872406006,
9,177,0,0.8282016515731812,
9,177,1,0.8221623301506042,
9,178,0,0.8232661485671997,
9,178,1,0.822085976600647,
9,179,0,0.8201289176940918,
9,179,1,0.8249905109405518,
9,180,0,0.8250851035118103,
9,180,1,0.8214772939682007,
9,181,0,0.8276231288909912,
9,181,1,0.8209251761436462,
9,182,0,0.8251364231109619,
9,182,1,0.8322937488555908,
9,183,0,0.8257734775543213,
9,183,1,0.827239453792572,
9,184,0,0.8265190124511719,
9,184,1,0.8229324221611023,
9,185,0,0.8244894742965698,
9,185,1,0.8271803855895996,
9,186,0,0.8238965272903442,
9,186,1,0.8155312538146973,
9,187,0,0.8231387734413147,
9,187,1,0.8244430422782898,
9,188,0,0.8213836550712585,
9,188,1,0.8187457919120789,
9,189,0,0.8265080451965332,
9,189,1,0.8229204416275024,
9,190,0,0.8209844827651978,
9,190,1,0.8225194215774536,
9,191,0,0.8266266584396362,
9,191,1,0.8220285773277283,
9,192,0,0.8255589008331299,
9,192,1,0.8243157863616943,
9,193,0,0.8270593881607056,
9,193,1,0.8232404589653015,
9,194,0,0.8246622681617737,
9,194,1,0.8298299312591553,
9,195,0,0.8267025947570801,
9,195,1,0.8253766298294067,
9,196,0,0.8223401308059692,
9,196,1,0.8308329582214355,
9,197,0,0.8269884586334229,
9,197,1,0.8306354284286499,
9,198,0,0.8235306739807129,
9,198,1,0.8245248794555664,
9,199,0,0.8226358294487,
9,199,1,0.8262195587158203,
9,200,0,0.8249965906143188,
9,200,1,0.8303112983703613,
9,201,0,0.8242466449737549,
9,201,1,0.8276768922805786,
9,202,0,0.8236328363418579,
9,202,1,0.8251020312309265,
9,203,0,0.8258782625198364,
9,203,1,0.8229688405990601,
9,204,0,0.8247698545455933,
9,204,1,0.8263052701950073,
9,205,0,0.8251415491104126,
9,205,1,0.826629102230072,
9,206,0,0.8250457644462585,
9,206,1,0.8238503336906433,
9,207,0,0.8251147270202637,
9,207,1,0.8208367824554443,
9,208,0,0.8242368698120117,
9,208,1,0.8247342109680176,
9,209,0,0.8255013227462769,
9,209,1,0.8242019414901733,
9,210,0,0.8296040296554565,
9,210,1,0.8338487148284912,
9,211,0,0.8262867331504822,
9,211,1,0.823940098285675,
9,212,0,0.8247628808021545,
9,212,1,0.8277809619903564,
9,213,0,0.8238282203674316,
9,213,1,0.8286100625991821,
9,214,0,0.8240352272987366,
9,214,1,0.826526403427124,
9,215,0,0.8256969451904297,
9,215,1,0.8308835625648499,
9,216,0,0.826766848564148,
9,216,1,0.8285784721374512,
9,217,0,0.8228007555007935,
9,217,1,0.8258811235427856,
9,218,0,0.8270047307014465,
9,218,1,0.8216356635093689,
9,219,0,0.8279793858528137,
9,219,1,0.8267627954483032,
9,220,0,0.8281083106994629,
9,220,1,0.8252761363983154,
9,221,0,0.8256713151931763,
9,221,1,0.8250414133071899,
9,222,0,0.8251354694366455,
9,222,1,0.8224705457687378,
9,223,0,0.8244015574455261,
9,223,1,0.8283727169036865,
9,224,0,0.8265520930290222,
9,224,1,0.8252555727958679,
9,225,0,0.8275470733642578,
9,225,1,0.8254465460777283,
9,226,0,0.8239392042160034,
9,226,1,0.8248745203018188,
9,227,0,0.8260433673858643,
9,227,1,0.8253364562988281,
9,228,0,0.8286010026931763,
9,228,1,0.8276981115341187,
9,229,0,0.8242146968841553,
9,229,1,0.820846676826477,
9,230,0,0.8221773505210876,
9,230,1,0.8243284225463867,
9,231,0,0.8237404227256775,
9,231,1,0.8242056369781494,
9,232,0,0.8258948922157288,
9,232,1,0.8233330845832825,
9,233,0,0.8247113227844238,
9,233,1,0.8207035660743713,
9,234,0,0.826085090637207,
9,234,1,0.8245413303375244,
9,235,0,0.8259104490280151,
9,235,1,0.8202483057975769,
9,236,0,0.8240469694137573,
9,236,1,0.8206960558891296,
9,237,0,0.826004147529602,
9,237,1,0.8275885581970215,
9,238,0,0.8217088580131531,
9,238,1,0.8293150663375854,
9,239,0,0.8261065483093262,
9,239,1,0.8335539698600769,
9,240,0,0.8274286389350891,
9,240,1,0.8320822715759277,
9,241,0,0.8234092593193054,
9,241,1,0.8309124112129211,
9,242,0,0.82474684715271,
9,242,1,0.8198696374893188,
9,243,0,0.8239399790763855,
9,243,1,0.819987952709198,
9,244,0,0.8270612955093384,
9,244,1,0.8241644501686096,
9,245,0,0.8258035182952881,
9,245,1,0.8210393190383911,
9,246,0,0.8244231939315796,
9,246,1,0.8225547075271606,
9,247,0,0.8241023421287537,
9,247,1,0.8182498216629028,
9,248,0,0.8290663361549377,
9,248,1,0.8233937621116638,
9,249,0,0.8259913325309753,
9,249,1,0.8273926973342896,
9,250,0,0.8247067332267761,
9,250,1,0.8190480470657349,
9,251,0,0.8270701766014099,
9,251,1,0.8247224688529968,
9,252,0,0.8235752582550049,
9,252,1,0.8254525661468506,
9,253,0,0.8268615007400513,
9,253,1,0.829842746257782,
9,254,0,0.8239859938621521,
9,254,1,0.826694130897522,
9,255,0,0.8247618675231934,
9,255,1,0.8254956603050232,
9,256,0,0.8232415318489075,
9,256,1,0.8279592990875244,
9,257,0,0.8248761296272278,
9,257,1,0.8263819813728333,
9,258,0,0.8276147246360779,
9,258,1,0.8248932361602783,
9,259,0,0.8256291151046753,
9,259,1,0.8248076438903809,
9,260,0,0.8254488706588745,
9,260,1,0.8264632225036621,
9,261,0,0.8244872093200684,
9,261,1,0.8266847133636475,
9,262,0,0.823287308216095,
9,262,1,0.82157301902771,
9,263,0,0.8271726369857788,
9,263,1,0.8259845972061157,
9,264,0,0.8224682807922363,
9,264,1,0.8284374475479126,
9,265,0,0.8237864971160889,
9,265,1,0.825951099395752,
9,266,0,0.8270679116249084,
9,266,1,0.8238685727119446,
9,267,0,0.822406530380249,
9,267,1,0.8249203562736511,
9,268,0,0.8232120871543884,
9,268,1,0.8274810910224915,
9,269,0,0.8218463659286499,
9,269,1,0.8188109397888184,
9,270,0,0.8286949396133423,
9,270,1,0.8289610147476196,
9,271,0,0.8259540796279907,
9,271,1,0.8288604021072388,
9,272,0,0.8261207938194275,
9,272,1,0.8299461603164673,
9,273,0,0.8266738653182983,
9,273,1,0.8272706270217896,
9,274,0,0.8236602544784546,
9,274,1,0.8309981226921082,
9,275,0,0.8264809250831604,
9,275,1,0.8233689665794373,
9,276,0,0.8234480023384094,
9,276,1,0.8223240971565247,
9,277,0,0.8265520334243774,
9,277,1,0.8276267051696777,
9,278,0,0.8246957063674927,
9,278,1,0.8227159976959229,
9,279,0,0.8247365355491638,
9,279,1,0.8205662369728088,
9,280,0,0.825637698173523,
9,280,1,0.8277943730354309,
9,281,0,0.8254058957099915,
9,281,1,0.8234413862228394,
9,282,0,0.8268645405769348,
9,282,1,0.8284401893615723,
9,283,0,0.8273188471794128,
9,283,1,0.8209983110427856,
9,284,0,0.8239912986755371,
9,284,1,0.8252102136611938,
9,285,0,0.8257304430007935,
9,285,1,0.8241082429885864,
9,286,0,0.8242267370223999,
9,286,1,0.8280799984931946,
9,287,0,0.8242657780647278,
9,287,1,0.8238444328308105,
9,288,0,0.8238295316696167,
9,288,1,0.823599100112915,
9,289,0,0.8247092962265015,
9,289,1,0.8243681192398071,
9,290,0,0.8255517482757568,
9,290,1,0.8189239501953125,
9,291,0,0.8232795000076294,
9,291,1,0.8289411067962646,
9,292,0,0.8265272378921509,
9,292,1,0.8282487392425537,
9,293,0,0.8255106210708618,
9,293,1,0.8297548294067383,
9,294,0,0.8248322010040283,
9,294,1,0.8241977691650391,
9,295,0,0.8276625871658325,
9,295,1,0.8234152793884277,
9,296,0,0.822295606136322,
9,296,1,0.8226447105407715,
9,297,0,0.8243283033370972,
9,297,1,0.8245087265968323,
9,298,0,0.8272796869277954,
9,298,1,0.8202614784240723,
9,299,0,0.8264826536178589,
9,299,1,0.8305167555809021,
9,300,0,0.826326310634613,
9,300,1,0.8286085724830627,
9,301,0,0.8254162073135376,
9,301,1,0.8259709477424622,
9,302,0,0.825116753578186,
9,302,1,0.8308430314064026,
9,303,0,0.8211462497711182,
9,303,1,0.8168736100196838,
9,304,0,0.8263000845909119,
9,304,1,0.8271392583847046,
9,305,0,0.8267233371734619,
9,305,1,0.8248744010925293,
9,306,0,0.8239688277244568,
9,306,1,0.8255195617675781,
9,307,0,0.8259760141372681,
9,307,1,0.8285458087921143,
9,308,0,0.8228338956832886,
9,308,1,0.8217139840126038,
9,309,0,0.8291106224060059,
9,309,1,0.8252283334732056,
9,310,0,0.82338547706604,
9,310,1,0.8153253793716431,
9,311,0,0.8262486457824707,
9,311,1,0.8204308152198792,
9,312,0,0.823894739151001,
9,312,1,0.830824077129364,
9,313,0,0.8262980580329895,
9,313,1,0.8180740475654602,
9,314,0,0.8278725743293762,
9,314,1,0.8277361392974854,
9,315,0,0.8228378295898438,
9,315,1,0.8302409648895264,
9,316,0,0.8240096569061279,
9,316,1,0.8253704905509949,
9,317,0,0.8241788148880005,
9,317,1,0.8249260783195496,
9,318,0,0.8245702981948853,
9,318,1,0.8338861465454102,
9,319,0,0.8242077827453613,
9,319,1,0.8264305591583252,
9,320,0,0.823352575302124,
9,320,1,0.8299933671951294,
9,321,0,0.825691819190979,
9,321,1,0.8189294934272766,
9,322,0,0.829387903213501,
9,322,1,0.8257516622543335,
9,323,0,0.8225429654121399,
9,323,1,0.8253078460693359,
9,324,0,0.822055459022522,
9,324,1,0.826901912689209,
9,325,0,0.8272569179534912,
9,325,1,0.8307346105575562,
9,326,0,0.824830949306488,
9,326,1,0.8259832859039307,
9,327,0,0.8278664350509644,
9,327,1,0.81816565990448,
9,328,0,0.8266403675079346,
9,328,1,0.8326589465141296,
9,329,0,0.825952410697937,
9,329,1,0.8249787092208862,
9,330,0,0.8237723708152771,
9,330,1,0.8244713544845581,
9,331,0,0.8268964290618896,
9,331,1,0.8294686079025269,
9,332,0,0.8259849548339844,
9,332,1,0.8288311958312988,
9,333,0,0.8279221057891846,
9,333,1,0.8286257386207581,
9,334,0,0.8231444954872131,
9,334,1,0.8190399408340454,
9,335,0,0.8225085735321045,
9,335,1,0.8268829584121704,
9,336,0,0.8251498341560364,
9,336,1,0.8203911781311035,
9,337,0,0.8229072093963623,
9,337,1,0.818626344203949,
9,338,0,0.824951708316803,
9,338,1,0.8280950784683228,
9,339,0,0.8253306746482849,
9,339,1,0.8254386782646179,
9,340,0,0.8251649737358093,
9,340,1,0.8250921964645386,
9,341,0,0.8256347179412842,
9,341,1,0.821880042552948,
9,342,0,0.8231303691864014,
9,342,1,0.8306441903114319,
9,343,0,0.8230528235435486,
9,343,1,0.8289699554443359,
9,344,0,0.8279023170471191,
9,344,1,0.8240959644317627,
9,345,0,0.8247122168540955,
9,345,1,0.826088547706604,
9,346,0,0.8289854526519775,
9,346,1,0.8221018314361572,
9,347,0,0.8238290548324585,
9,347,1,0.819678544998169,
9,348,0,0.8274751901626587,
9,348,1,0.820678174495697,
9,349,0,0.8271098136901855,
9,349,1,0.8178787231445312,
9,350,0,0.8263847827911377,
9,350,1,0.8250861763954163,
9,351,0,0.8257532119750977,
9,351,1,0.8221929669380188,
9,352,0,0.8271399736404419,
9,352,1,0.8307406902313232,
9,353,0,0.8236367702484131,
9,353,1,0.834232747554779,
9,354,0,0.8293027877807617,
9,354,1,0.8296108245849609,
9,355,0,0.8252047896385193,
9,355,1,0.8253411054611206,
9,356,0,0.8247864246368408,
9,356,1,0.8296735286712646,
9,357,0,0.8268747329711914,
9,357,1,0.8278326392173767,
9,358,0,0.8274562358856201,
9,358,1,0.8262361288070679,
9,359,0,0.8254276514053345,
9,359,1,0.8271321058273315,
9,360,0,0.8222413659095764,
9,360,1,0.8201963901519775,
9,361,0,0.8255856037139893,
9,361,1,0.8234984874725342,
9,362,0,0.8229239583015442,
9,362,1,0.8267979621887207,
9,363,0,0.8258492946624756,
9,363,1,0.8243845105171204,
9,364,0,0.8244658708572388,
9,364,1,0.8225300312042236,
9,365,0,0.82511305809021,
9,365,1,0.824883759021759,
9,366,0,0.8274381756782532,
9,366,1,0.8159708976745605,
9,367,0,0.8229283690452576,
9,367,1,0.831983208656311,
9,368,0,0.8246551752090454,
9,368,1,0.8281081318855286,
9,369,0,0.826206624507904,
9,369,1,0.8285036087036133,
9,370,0,0.8248138427734375,
9,370,1,0.8246399164199829,
9,371,0,0.8244408965110779,
9,371,1,0.8197171688079834,
9,372,0,0.8267626762390137,
9,372,1,0.8245456218719482,
9,373,0,0.8266456127166748,
9,373,1,0.8170356154441833,
9,374,0,0.8263700604438782,
9,374,1,0.8250080943107605,
9,375,0,0.8258668780326843,
9,375,1,0.8273526430130005,
9,376,0,0.8251773118972778,
9,376,1,0.8230209350585938,
9,377,0,0.8254970908164978,
9,377,1,0.8304410576820374,
9,378,0,0.8237054944038391,
9,378,1,0.8294593095779419,
9,379,0,0.8244292736053467,
9,379,1,0.830727756023407,
9,380,0,0.8281185626983643,
9,380,1,0.8241865634918213,
9,381,0,0.8252671360969543,
9,381,1,0.8207340240478516,
9,382,0,0.8270295858383179,
9,382,1,0.8258585333824158,
9,383,0,0.8249260187149048,
9,383,1,0.8230950832366943,
9,384,0,0.8243406414985657,
9,384,1,0.8196448683738708,
9,385,0,0.8254511952400208,
9,385,1,0.8273553848266602,
9,386,0,0.8220701217651367,
9,386,1,0.8253650069236755,
9,387,0,0.8226343393325806,
9,387,1,0.8228882551193237,
9,388,0,0.8225715756416321,
9,388,1,0.8247264623641968,
9,389,0,0.8223700523376465,
9,389,1,0.8285598754882812,
9,390,0,0.8255924582481384,
9,390,1,0.8235055804252625,
9,391,0,0.8279325366020203,
9,391,1,0.8206920623779297,
9,392,0,0.8294177055358887,
9,392,1,0.8236567974090576,
9,393,0,0.8261468410491943,
9,393,1,0.8244171142578125,
9,394,0,0.8246043920516968,
9,394,1,0.8206866979598999,
9,395,0,0.8273923993110657,
9,395,1,0.8307234644889832,
9,396,0,0.8276769518852234,
9,396,1,0.8232077360153198,
9,397,0,0.8235012292861938,
9,397,1,0.8290534615516663,
9,398,0,0.8266672492027283,
9,398,1,0.8235705494880676,
9,399,0,0.8250023722648621,
9,399,1,0.8262670636177063,
9,400,0,0.8267962336540222,
9,400,1,0.8238375782966614,
9,401,0,0.8256494402885437,
9,401,1,0.8267004489898682,
9,402,0,0.8267329931259155,
9,402,1,0.8289459943771362,
9,403,0,0.8235330581665039,
9,403,1,0.8236291408538818,
9,404,0,0.8271358013153076,
9,404,1,0.8252638578414917,
9,405,0,0.8269593715667725,
9,405,1,0.8247776031494141,
9,406,0,0.8251526355743408,
9,406,1,0.8283419013023376,
9,407,0,0.8224698305130005,
9,407,1,0.8170163035392761,
9,408,0,0.8250353932380676,
9,408,1,0.8209677934646606,
9,409,0,0.8242480158805847,
9,409,1,0.821671724319458,
9,410,0,0.8250709772109985,
9,410,1,0.8266075849533081,
9,411,0,0.8260290026664734,
9,411,1,0.8223849534988403,
9,412,0,0.8272662162780762,
9,412,1,0.8202989101409912,
9,413,0,0.8240702152252197,
9,413,1,0.8169940710067749,
9,414,0,0.8220072388648987,
9,414,1,0.825110912322998,
9,415,0,0.827113926410675,
9,415,1,0.8213680982589722,
9,416,0,0.8231505751609802,
9,416,1,0.8272408246994019,
9,417,0,0.8251616358757019,
9,417,1,0.8296986222267151,
9,418,0,0.8244940042495728,
9,418,1,0.824266791343689,
9,419,0,0.8273956775665283,
9,419,1,0.8276654481887817,
9,420,0,0.8258607983589172,
9,420,1,0.8242197632789612,
9,421,0,0.8284468650817871,
9,421,1,0.824954628944397,
9,422,0,0.8286309242248535,
9,422,1,0.8242491483688354,
9,423,0,0.8301452994346619,
9,423,1,0.8247763514518738,
9,424,0,0.8253965973854065,
9,424,1,0.8245225548744202,
9,425,0,0.8252956867218018,
9,425,1,0.8231498003005981,
9,426,0,0.8230016231536865,
9,426,1,0.8254798650741577,
9,427,0,0.8265092968940735,
9,427,1,0.8243669271469116,
9,428,0,0.827937126159668,
9,428,1,0.827214241027832,
9,429,0,0.8243279457092285,
9,429,1,0.8266249895095825,
9,430,0,0.8283340930938721,
9,430,1,0.8185707330703735,
9,431,0,0.8248403072357178,
9,431,1,0.8261217474937439,
9,432,0,0.8283694982528687,
9,432,1,0.8276032209396362,
9,433,0,0.8251473307609558,
9,433,1,0.829812228679657,
9,434,0,0.8248133659362793,
9,434,1,0.8286790251731873,
9,435,0,0.8261628150939941,
9,435,1,0.8238491415977478,
9,436,0,0.8263212442398071,
9,436,1,0.8252347707748413,
9,437,0,0.8283510208129883,
9,437,1,0.8240690231323242,
9,438,0,0.8287718296051025,
9,438,1,0.8271556496620178,
9,439,0,0.8239040970802307,
9,439,1,0.8277288675308228,
9,440,0,0.8247287273406982,
9,440,1,0.8260513544082642,
9,441,0,0.8242672681808472,
9,441,1,0.8260530233383179,
9,442,0,0.8236750364303589,
9,442,1,0.820400059223175,
9,443,0,0.824246883392334,
9,443,1,0.8234665989875793,
9,444,0,0.8255689144134521,
9,444,1,0.8230498433113098,
9,445,0,0.8268537521362305,
9,445,1,0.8246620893478394,
9,446,0,0.8262557983398438,
9,446,1,0.8215620517730713,
9,447,0,0.820075273513794,
9,447,1,0.8284472823143005,
9,448,0,0.8237053155899048,
9,448,1,0.8194180130958557,
9,449,0,0.82545405626297,
9,449,1,0.827043890953064,
9,450,0,0.8236501812934875,
9,450,1,0.8239984512329102,
9,451,0,0.825286328792572,
9,451,1,0.8236536383628845,
9,452,0,0.8273303508758545,
9,452,1,0.8199238777160645,
9,453,0,0.8273215293884277,
9,453,1,0.825641393661499,
9,454,0,0.8251094818115234,
9,454,1,0.8199074268341064,
9,455,0,0.8248273134231567,
9,455,1,0.8206284046173096,
9,456,0,0.8235079646110535,
9,456,1,0.8266300559043884,
9,457,0,0.8238372206687927,
9,457,1,0.8224592804908752,
9,458,0,0.8255358338356018,
9,458,1,0.8252032399177551,
9,459,0,0.8282800912857056,
9,459,1,0.8261160850524902,
9,460,0,0.8238543272018433,
9,460,1,0.8270989656448364,
9,461,0,0.8228923678398132,
9,461,1,0.8259581923484802,
9,462,0,0.8239888548851013,
9,462,1,0.8254322409629822,
9,463,0,0.8254263997077942,
9,463,1,0.8227291703224182,
9,464,0,0.8237107992172241,
9,464,1,0.8255675435066223,
9,465,0,0.8289567232131958,
9,465,1,0.8222672939300537,
9,466,0,0.8258854150772095,
9,466,1,0.8263407945632935,
9,467,0,0.8252966403961182,
9,467,1,0.822717010974884,
9,468,0,0.8269969820976257,
9,468,1,0.8224037885665894,
9,469,0,0.8242605328559875,
9,469,1,0.8250815868377686,
9,470,0,0.8262337446212769,
9,470,1,0.8261305689811707,
9,471,0,0.8250749707221985,
9,471,1,0.8282848000526428,
9,472,0,0.8228969573974609,
9,472,1,0.8231086730957031,
9,473,0,0.8249744176864624,
9,473,1,0.8240383267402649,
9,474,0,0.8226361274719238,
9,474,1,0.8318270444869995,
9,475,0,0.8264915347099304,
9,475,1,0.8239138126373291,
9,476,0,0.8282694220542908,
9,476,1,0.8273727893829346,
9,477,0,0.8244208097457886,
9,477,1,0.8264596462249756,
9,478,0,0.8209011554718018,
9,478,1,0.8231199979782104,
9,479,0,0.8262195587158203,
9,479,1,0.8240934610366821,
9,480,0,0.822925865650177,
9,480,1,0.8235301971435547,
9,481,0,0.8234399557113647,
9,481,1,0.8208200931549072,
9,482,0,0.8254249691963196,
9,482,1,0.8261079788208008,
9,483,0,0.8276660442352295,
9,483,1,0.8195293545722961,
9,484,0,0.8293546438217163,
9,484,1,0.8305656313896179,
9,485,0,0.8261516690254211,
9,485,1,0.8298206329345703,
9,486,0,0.8252391815185547,
9,486,1,0.8269137740135193,
9,487,0,0.8254910707473755,
9,487,1,0.8302376866340637,
9,488,0,0.8241264820098877,
9,488,1,0.8257441520690918,
9,489,0,0.8264862895011902,
9,489,1,0.8237777352333069,
9,490,0,0.8247680068016052,
9,490,1,0.8226356506347656,
9,491,0,0.824195384979248,
9,491,1,0.8278877139091492,
9,492,0,0.8257899284362793,
9,492,1,0.8258254528045654,
9,493,0,0.8249706029891968,
9,493,1,0.82574063539505,
9,494,0,0.8225900530815125,
9,494,1,0.8244664669036865,
9,495,0,0.8236998319625854,
9,495,1,0.8262099027633667,
9,496,0,0.8262829780578613,
9,496,1,0.8259222507476807,
9,497,0,0.8240470886230469,
9,497,1,0.8221745491027832,
9,498,0,0.8255952596664429,
9,498,1,0.8241243362426758,
9,499,0,0.826370358467102,
9,499,1,0.8263149261474609,
9,500,0,0.8221628665924072,
9,500,1,0.8253962993621826,
9,501,0,0.8254352807998657,
9,501,1,0.8184905648231506,
9,502,0,0.824853241443634,
9,502,1,0.8248159885406494,
9,503,0,0.8259032368659973,
9,503,1,0.8298623561859131,
9,504,0,0.8260706663131714,
9,504,1,0.8235507011413574,
9,505,0,0.8258941769599915,
9,505,1,0.8221632242202759,
9,506,0,0.8242785930633545,
9,506,1,0.8270751237869263,
9,507,0,0.8252983093261719,
9,507,1,0.825595498085022,
9,508,0,0.8242530822753906,
9,508,1,0.8214561939239502,
9,509,0,0.8295673131942749,
9,509,1,0.8284039497375488,
9,510,0,0.8236831426620483,
9,510,1,0.825812578201294,
9,511,0,0.8271397948265076,
9,511,1,0.8250353336334229,
9,512,0,0.8218334317207336,
9,512,1,0.8285022974014282,
9,513,0,0.8201462626457214,
9,513,1,0.8230605125427246,
9,514,0,0.8252475261688232,
9,514,1,0.8287392854690552,
9,515,0,0.8257415890693665,
9,515,1,0.8188724517822266,
9,516,0,0.8256330490112305,
9,516,1,0.8251330852508545,
9,517,0,0.8267443776130676,
9,517,1,0.8300307393074036,
9,518,0,0.8256916999816895,
9,518,1,0.8295753002166748,
9,519,0,0.8263242840766907,
9,519,1,0.8232201933860779,
9,520,0,0.8246834874153137,
9,520,1,0.8315466642379761,
9,521,0,0.825038492679596,
9,521,1,0.8251485824584961,
9,522,0,0.8253298401832581,
9,522,1,0.8220884799957275,
9,523,0,0.8241121768951416,
9,523,1,0.8216673135757446,
9,524,0,0.8236637711524963,
9,524,1,0.8253961801528931,
9,525,0,0.8269068002700806,
9,525,1,0.8326482176780701,
9,526,0,0.824198305606842,
9,526,1,0.8231903910636902,
9,527,0,0.8276342153549194,
9,527,1,0.8245180249214172,
9,528,0,0.8251714706420898,
9,528,1,0.8277817964553833,
9,529,0,0.8280194401741028,
9,529,1,0.821047842502594,
9,530,0,0.8237622976303101,
9,530,1,0.8317446708679199,
9,531,0,0.8233168125152588,
9,531,1,0.8258247375488281,
9,532,0,0.8238697648048401,
9,532,1,0.8264642953872681,
9,533,0,0.8279393315315247,
9,533,1,0.8314522504806519,
9,534,0,0.8265151381492615,
9,534,1,0.8276844024658203,
9,535,0,0.8257266283035278,
9,535,1,0.8239113092422485,
9,536,0,0.824714720249176,
9,536,1,0.8273707032203674,
9,537,0,0.8249393701553345,
9,537,1,0.8260107636451721,
9,538,0,0.8248170614242554,
9,538,1,0.8240807056427002,
9,539,0,0.823333203792572,
9,539,1,0.8240267038345337,
9,540,0,0.8256797790527344,
9,540,1,0.829342782497406,
9,541,0,0.8268483281135559,
9,541,1,0.821573793888092,
9,542,0,0.8280123472213745,
9,542,1,0.8196362853050232,
9,543,0,0.8254920244216919,
9,543,1,0.8225061297416687,
9,544,0,0.8260717988014221,
9,544,1,0.8151994347572327,
9,545,0,0.82408207654953,
9,545,1,0.8247946500778198,
9,546,0,0.8252858519554138,
9,546,1,0.8238943815231323,
9,547,0,0.8232074975967407,
9,547,1,0.8232875466346741,
9,548,0,0.8293575048446655,
9,548,1,0.8248379230499268,
9,549,0,0.8267242908477783,
9,549,1,0.8240728378295898,
9,550,0,0.8270679712295532,
9,550,1,0.8298657536506653,
9,551,0,0.8260468244552612,
9,551,1,0.8201818466186523,
9,552,0,0.8253445029258728,
9,552,1,0.8235747218132019,
9,553,0,0.8263795375823975,
9,553,1,0.8221642971038818,
9,554,0,0.8255541920661926,
9,554,1,0.8225420713424683,
9,555,0,0.8255698680877686,
9,555,1,0.8299418091773987,
9,556,0,0.8259334564208984,
9,556,1,0.8239260911941528,
9,557,0,0.8254284858703613,
9,557,1,0.8273820877075195,
9,558,0,0.8262600898742676,
9,558,1,0.8247272968292236,
9,559,0,0.8250383138656616,
9,559,1,0.825068473815918,
9,560,0,0.826704740524292,
9,560,1,0.8257941603660583,
9,561,0,0.8219131231307983,
9,561,1,0.8269718885421753,
9,562,0,0.8262059688568115,
9,562,1,0.8207860589027405,
9,563,0,0.8241510987281799,
9,563,1,0.8189142942428589,
9,564,0,0.8258510231971741,
9,564,1,0.8289259672164917,
9,565,0,0.8252732157707214,
9,565,1,0.8285056948661804,
9,566,0,0.8254611492156982,
9,566,1,0.8239701986312866,
9,567,0,0.8234872817993164,
9,567,1,0.8268994092941284,
9,568,0,0.82404625415802,
9,568,1,0.8268553614616394,
9,569,0,0.8211427927017212,
9,569,1,0.8221766948699951,
9,570,0,0.8245450258255005,
9,570,1,0.828893780708313,
9,571,0,0.8255380392074585,
9,571,1,0.8217892646789551,
9,572,0,0.8285571336746216,
9,572,1,0.8299466371536255,
9,573,0,0.8242867588996887,
9,573,1,0.8288772106170654,
9,574,0,0.8249421119689941,
9,574,1,0.831658124923706,
9,575,0,0.8242133855819702,
9,575,1,0.8258591890335083,
9,576,0,0.8239905834197998,
9,576,1,0.8204140067100525,
9,577,0,0.8233668804168701,
9,577,1,0.8236358165740967,
9,578,0,0.8259209394454956,
9,578,1,0.8241101503372192,
9,579,0,0.8262078762054443,
9,579,1,0.8198108673095703,
9,580,0,0.8249170780181885,
9,580,1,0.8342808485031128,
9,581,0,0.8269078731536865,
9,581,1,0.8281266689300537,
9,582,0,0.8225957155227661,
9,582,1,0.8239040374755859,
9,583,0,0.8244972825050354,
9,583,1,0.8249759078025818,
9,584,0,0.8261635899543762,
9,584,1,0.8225700855255127,
9,585,0,0.8258708715438843,
9,585,1,0.8269368410110474,
9,586,0,0.8241699934005737,
9,586,1,0.8221596479415894,
9,587,0,0.823359489440918,
9,587,1,0.8255332708358765,
9,588,0,0.8280620574951172,
9,588,1,0.8267905712127686,
9,589,0,0.826825737953186,
9,589,1,0.8216931819915771,
9,590,0,0.8223649263381958,
9,590,1,0.821129560470581,
9,591,0,0.8245510458946228,
9,591,1,0.8190153241157532,
9,592,0,0.8281413316726685,
9,592,1,0.8252004384994507,
9,593,0,0.8233984708786011,
9,593,1,0.8234438896179199,
9,594,0,0.8242515921592712,
9,594,1,0.8284478187561035,
9,595,0,0.8264802694320679,
9,595,1,0.8165776133537292,
9,596,0,0.824714183807373,
9,596,1,0.8249373435974121,
9,597,0,0.8270732164382935,
9,597,1,0.8250823020935059,
9,598,0,0.8237093091011047,
9,598,1,0.8206426501274109,
9,599,0,0.8275083899497986,
9,599,1,0.8247989416122437,
9,600,0,0.8251368403434753,
9,600,1,0.8253073692321777,
9,601,0,0.8235683441162109,
9,601,1,0.8255960941314697,
9,602,0,0.8245898485183716,
9,602,1,0.8235157132148743,
9,603,0,0.8290137648582458,
9,603,1,0.8315528631210327,
9,604,0,0.8277904391288757,
9,604,1,0.8273890018463135,
9,val,,,0.8253352113564809
10,0,0,0.825167715549469,
10,0,1,0.8247748613357544,
10,1,0,0.827319324016571,
10,1,1,0.8199707269668579,
10,2,0,0.826088011264801,
10,2,1,0.8258782625198364,
10,3,0,0.8245259523391724,
10,3,1,0.8285525441169739,
10,4,0,0.8250494003295898,
10,4,1,0.823668897151947,
10,5,0,0.8210251927375793,
10,5,1,0.8297973275184631,
10,6,0,0.827961802482605,
10,6,1,0.8248240947723389,
10,7,0,0.8225229382514954,
10,7,1,0.8264985084533691,
10,8,0,0.8227007389068604,
10,8,1,0.822830855846405,
10,9,0,0.8245930075645447,
10,9,1,0.8193047046661377,
10,10,0,0.8266907930374146,
10,10,1,0.8274140357971191,
10,11,0,0.8225095868110657,
10,11,1,0.8294899463653564,
10,12,0,0.8199741244316101,
10,12,1,0.8206298351287842,
10,13,0,0.8278496265411377,
10,13,1,0.8225613832473755,
10,14,0,0.8252393007278442,
10,14,1,0.82387775182724,
10,15,0,0.8248329162597656,
10,15,1,0.820034384727478,
10,16,0,0.8241450190544128,
10,16,1,0.8289102911949158,
10,17,0,0.8249264359474182,
10,17,1,0.8263224363327026,
10,18,0,0.8244587779045105,
10,18,1,0.8275978565216064,
10,19,0,0.8254480957984924,
10,19,1,0.8248222470283508,
10,20,0,0.8251527547836304,
10,20,1,0.8245311975479126,
10,21,0,0.8238365054130554,
10,21,1,0.8266593813896179,
10,22,0,0.8255242705345154,
10,22,1,0.8261836171150208,
10,23,0,0.8223005533218384,
10,23,1,0.8279033303260803,
10,24,0,0.8242884874343872,
10,24,1,0.8271380066871643,
10,25,0,0.8240470886230469,
10,25,1,0.8187620639801025,
10,26,0,0.8208056092262268,
10,26,1,0.8278433084487915,
10,27,0,0.8266732692718506,
10,27,1,0.8232825994491577,
10,28,0,0.8203972578048706,
10,28,1,0.8200279474258423,
10,29,0,0.8283757567405701,
10,29,1,0.818023145198822,
10,30,0,0.8231038451194763,
10,30,1,0.8230493068695068,
10,31,0,0.8234314322471619,
10,31,1,0.8297178745269775,
10,32,0,0.823125958442688,
10,32,1,0.8222090005874634,
10,33,0,0.8256226778030396,
10,33,1,0.828374981880188,
10,34,0,0.8223150372505188,
10,34,1,0.8283663392066956,
10,35,0,0.8217369318008423,
10,35,1,0.8219314217567444,
10,36,0,0.8232584595680237,
10,36,1,0.8236089944839478,
10,37,0,0.8224257230758667,
10,37,1,0.8261162638664246,
10,38,0,0.8222628831863403,
10,38,1,0.8225946426391602,
10,39,0,0.8272349238395691,
10,39,1,0.8284777402877808,
10,40,0,0.822685956954956,
10,40,1,0.8204905390739441,
10,41,0,0.8260406255722046,
10,41,1,0.8200770020484924,
10,42,0,0.8247560262680054,
10,42,1,0.8264905214309692,
10,43,0,0.8261998891830444,
10,43,1,0.8310046195983887,
10,44,0,0.82713782787323,
10,44,1,0.8255499601364136,
10,45,0,0.821792483329773,
10,45,1,0.825382649898529,
10,46,0,0.8268078565597534,
10,46,1,0.820366382598877,
10,47,0,0.8218923807144165,
10,47,1,0.8322938680648804,
10,48,0,0.8254752159118652,
10,48,1,0.8279536366462708,
10,49,0,0.8261126279830933,
10,49,1,0.827856183052063,
10,50,0,0.8274216651916504,
10,50,1,0.8182348012924194,
10,51,0,0.8275604844093323,
10,51,1,0.8217569589614868,
10,52,0,0.8252117037773132,
10,52,1,0.8250957131385803,
10,53,0,0.827457070350647,
10,53,1,0.8252905011177063,
10,54,0,0.8241428136825562,
10,54,1,0.824447512626648,
10,55,0,0.826021671295166,
10,55,1,0.8311069011688232,
10,56,0,0.8265717029571533,
10,56,1,0.8229255676269531,
10,57,0,0.8229440450668335,
10,57,1,0.8158257603645325,
10,58,0,0.8284628987312317,
10,58,1,0.8302933573722839,
10,59,0,0.8258411288261414,
10,59,1,0.8319021463394165,
10,60,0,0.8250027894973755,
10,60,1,0.8312379121780396,
10,61,0,0.8249431848526001,
10,61,1,0.8290119767189026,
10,62,0,0.8269292116165161,
10,62,1,0.8284241557121277,
10,63,0,0.8239941596984863,
10,63,1,0.8263053894042969,
10,64,0,0.826093316078186,
10,64,1,0.8254998326301575,
10,65,0,0.8229005336761475,
10,65,1,0.8202024698257446,
10,66,0,0.8237426280975342,
10,66,1,0.8238552212715149,
10,67,0,0.8263538479804993,
10,67,1,0.8256310820579529,
10,68,0,0.8251212239265442,
10,68,1,0.8264315724372864,
10,69,0,0.8269252777099609,
10,69,1,0.8252229690551758,
10,70,0,0.8227818608283997,
10,70,1,0.8237214684486389,
10,71,0,0.825061023235321,
10,71,1,0.8245036005973816,
10,72,0,0.8243324756622314,
10,72,1,0.8286820650100708,
10,73,0,0.8264250755310059,
10,73,1,0.8246170282363892,
10,74,0,0.8228543996810913,
10,74,1,0.8193947076797485,
10,75,0,0.8235939741134644,
10,75,1,0.8273513913154602,
10,76,0,0.8242282867431641,
10,76,1,0.8208965063095093,
10,77,0,0.8234443664550781,
10,77,1,0.8198882341384888,
10,78,0,0.8265562057495117,
10,78,1,0.8298994898796082,
10,79,0,0.8237249851226807,
10,79,1,0.8283990621566772,
10,80,0,0.8263030052185059,
10,80,1,0.8237611651420593,
10,81,0,0.8259689807891846,
10,81,1,0.8267859816551208,
10,82,0,0.8248322010040283,
10,82,1,0.8269124031066895,
10,83,0,0.8267197608947754,
10,83,1,0.8225278854370117,
10,84,0,0.8235974311828613,
10,84,1,0.8190333843231201,
10,85,0,0.8257713317871094,
10,85,1,0.8250186443328857,
10,86,0,0.8274118900299072,
10,86,1,0.8158096075057983,
10,87,0,0.8251553177833557,
10,87,1,0.8208056092262268,
10,88,0,0.8251768350601196,
10,88,1,0.8236714601516724,
10,89,0,0.8242213726043701,
10,89,1,0.8251901865005493,
10,90,0,0.8226181268692017,
10,90,1,0.8271808624267578,
10,91,0,0.8230892419815063,
10,91,1,0.8259189128875732,
10,92,0,0.8261440992355347,
10,92,1,0.8155478239059448,
10,93,0,0.8239561319351196,
10,93,1,0.8292636871337891,
10,94,0,0.8253583908081055,
10,94,1,0.8267731070518494,
10,95,0,0.8232613205909729,
10,95,1,0.8281865119934082,
10,96,0,0.826221227645874,
10,96,1,0.8219217658042908,
10,97,0,0.8250289559364319,
10,97,1,0.8238658905029297,
10,98,0,0.8251602053642273,
10,98,1,0.8277239799499512,
10,99,0,0.8252304792404175,
10,99,1,0.8273547887802124,
10,100,0,0.8240741491317749,
10,100,1,0.8263988494873047,
10,101,0,0.8245859146118164,
10,101,1,0.8286485075950623,
10,102,0,0.8228561878204346,
10,102,1,0.8278557658195496,
10,103,0,0.8269090056419373,
10,103,1,0.8250083923339844,
10,104,0,0.8276019096374512,
10,104,1,0.825788140296936,
10,105,0,0.8283133506774902,
10,105,1,0.837200403213501,
10,106,0,0.8233715295791626,
10,106,1,0.8284518718719482,
10,107,0,0.824895977973938,
10,107,1,0.826722264289856,
10,108,0,0.8258100748062134,
10,108,1,0.8198723196983337,
10,109,0,0.8255423307418823,
10,109,1,0.8309445977210999,
10,110,0,0.8255566358566284,
10,110,1,0.8231629729270935,
10,111,0,0.8249194622039795,
10,111,1,0.8276660442352295,
10,112,0,0.8256203532218933,
10,112,1,0.8180742263793945,
10,113,0,0.8280091285705566,
10,113,1,0.8292132019996643,
10,114,0,0.8256722092628479,
10,114,1,0.820526123046875,
10,115,0,0.8261120319366455,
10,115,1,0.8252958059310913,
10,116,0,0.8275833129882812,
10,116,1,0.8248494267463684,
10,117,0,0.8241880536079407,
10,117,1,0.8235678672790527,
10,118,0,0.8252035975456238,
10,118,1,0.8223780989646912,
10,119,0,0.8258571624755859,
10,119,1,0.8212478160858154,
10,120,0,0.8253202438354492,
10,120,1,0.8286371827125549,
10,121,0,0.8252665400505066,
10,121,1,0.8226659297943115,
10,122,0,0.8276709318161011,
10,122,1,0.8276543617248535,
10,123,0,0.8254490494728088,
10,123,1,0.8204525709152222,
10,124,0,0.8252134323120117,
10,124,1,0.8223991990089417,
10,125,0,0.8248480558395386,
10,125,1,0.8294972777366638,
10,126,0,0.8269391059875488,
10,126,1,0.8225572109222412,
10,127,0,0.8235478401184082,
10,127,1,0.8220550417900085,
10,128,0,0.8246148228645325,
10,128,1,0.8262351751327515,
10,129,0,0.825499415397644,
10,129,1,0.8255883455276489,
10,130,0,0.8255436420440674,
10,130,1,0.8303937315940857,
10,131,0,0.8259632587432861,
10,131,1,0.8252702951431274,
10,132,0,0.823806881904602,
10,132,1,0.8246556520462036,
10,133,0,0.8241994380950928,
10,133,1,0.819510817527771,
10,134,0,0.8242219686508179,
10,134,1,0.8278471231460571,
10,135,0,0.8240697383880615,
10,135,1,0.8243900537490845,
10,136,0,0.8257732391357422,
10,136,1,0.820127010345459,
10,137,0,0.8249369859695435,
10,137,1,0.823868989944458,
10,138,0,0.8247820138931274,
10,138,1,0.8189695477485657,
10,139,0,0.8247671723365784,
10,139,1,0.8290350437164307,
10,140,0,0.8269658088684082,
10,140,1,0.8222514390945435,
10,141,0,0.8246356844902039,
10,141,1,0.8246045112609863,
10,142,0,0.8263498544692993,
10,142,1,0.8272929787635803,
10,143,0,0.8275748491287231,
10,143,1,0.8275414705276489,
10,144,0,0.8246378898620605,
10,144,1,0.8234245181083679,
10,145,0,0.8257572650909424,
10,145,1,0.8272202014923096,
10,146,0,0.8280737400054932,
10,146,1,0.8254232406616211,
10,147,0,0.8252394199371338,
10,147,1,0.8200893402099609,
10,148,0,0.824298083782196,
10,148,1,0.8229924440383911,
10,149,0,0.8253849744796753,
10,149,1,0.8256801962852478,
10,150,0,0.8260880708694458,
10,150,1,0.8258263468742371,
10,151,0,0.8248582482337952,
10,151,1,0.8259300589561462,
10,152,0,0.8248848915100098,
10,152,1,0.8173489570617676,
10,153,0,0.8239527940750122,
10,153,1,0.8282461166381836,
10,154,0,0.8248611688613892,
10,154,1,0.8286339640617371,
10,155,0,0.8257634043693542,
10,155,1,0.8194829821586609,
10,156,0,0.8274645805358887,
10,156,1,0.8225242495536804,
10,157,0,0.8264617919921875,
10,157,1,0.8267530202865601,
10,158,0,0.8264107704162598,
10,158,1,0.8268305659294128,
10,159,0,0.8243980407714844,
10,159,1,0.8248369097709656,
10,160,0,0.8212774991989136,
10,160,1,0.8227229118347168,
10,161,0,0.8273186683654785,
10,161,1,0.8250560760498047,
10,162,0,0.8235010504722595,
10,162,1,0.8232854008674622,
10,163,0,0.8258388042449951,
10,163,1,0.8222300410270691,
10,164,0,0.8262284994125366,
10,164,1,0.8288012146949768,
10,165,0,0.8215999603271484,
10,165,1,0.8204336166381836,
10,166,0,0.8258951902389526,
10,166,1,0.8314511775970459,
10,167,0,0.8222695589065552,
10,167,1,0.8254993557929993,
10,168,0,0.8265707492828369,
10,168,1,0.8208129405975342,
10,169,0,0.8242605924606323,
10,169,1,0.8218625783920288,
10,170,0,0.8232191205024719,
10,170,1,0.8261277079582214,
10,171,0,0.8233781456947327,
10,171,1,0.823928952217102,
10,172,0,0.827839732170105,
10,172,1,0.8283171653747559,
10,173,0,0.823479175567627,
10,173,1,0.8257077932357788,
10,174,0,0.825393557548523,
10,174,1,0.8257381319999695,
10,175,0,0.827552855014801,
10,175,1,0.8310021162033081,
10,176,0,0.8254531025886536,
10,176,1,0.8187971711158752,
10,177,0,0.8293213844299316,
10,177,1,0.8240997791290283,
10,178,0,0.8250799179077148,
10,178,1,0.823732316493988,
10,179,0,0.8234142065048218,
10,179,1,0.817268967628479,
10,180,0,0.8266117572784424,
10,180,1,0.8232713341712952,
10,181,0,0.8214418292045593,
10,181,1,0.8252677917480469,
10,182,0,0.8240097165107727,
10,182,1,0.8259046077728271,
10,183,0,0.8265584707260132,
10,183,1,0.8267408609390259,
10,184,0,0.8220335245132446,
10,184,1,0.8259927034378052,
10,185,0,0.8252469897270203,
10,185,1,0.8269751071929932,
10,186,0,0.8225130438804626,
10,186,1,0.8282206058502197,
10,187,0,0.8259804248809814,
10,187,1,0.8182488679885864,
10,188,0,0.8238105773925781,
10,188,1,0.8246423006057739,
10,189,0,0.8250849843025208,
10,189,1,0.8265962600708008,
10,190,0,0.8241403102874756,
10,190,1,0.8280947208404541,
10,191,0,0.8248680830001831,
10,191,1,0.8237282037734985,
10,192,0,0.824843168258667,
10,192,1,0.8219095468521118,
10,193,0,0.8243666291236877,
10,193,1,0.8273666501045227,
10,194,0,0.8252915143966675,
10,194,1,0.8248946070671082,
10,195,0,0.825943648815155,
10,195,1,0.8252242803573608,
10,196,0,0.825040340423584,
10,196,1,0.822396993637085,
10,197,0,0.8259268999099731,
10,197,1,0.826019287109375,
10,198,0,0.8241755962371826,
10,198,1,0.8256247043609619,
10,199,0,0.8232546448707581,
10,199,1,0.8248707056045532,
10,200,0,0.8261356353759766,
10,200,1,0.8256077766418457,
10,201,0,0.8247087597846985,
10,201,1,0.8293330669403076,
10,202,0,0.8231870532035828,
10,202,1,0.8252800703048706,
10,203,0,0.824194073677063,
10,203,1,0.8253699541091919,
10,204,0,0.8264733552932739,
10,204,1,0.8228186964988708,
10,205,0,0.8240554928779602,
10,205,1,0.832384467124939,
10,206,0,0.8263667821884155,
10,206,1,0.8275222182273865,
10,207,0,0.8245851993560791,
10,207,1,0.824068009853363,
10,208,0,0.823439359664917,
10,208,1,0.8235412240028381,
10,209,0,0.8228439688682556,
10,209,1,0.8299596309661865,
10,210,0,0.8271929025650024,
10,210,1,0.8279620409011841,
10,211,0,0.8237121105194092,
10,211,1,0.8251422643661499,
10,212,0,0.823919415473938,
10,212,1,0.8273566961288452,
10,213,0,0.8244362473487854,
10,213,1,0.8266907930374146,
10,214,0,0.8220602869987488,
10,214,1,0.8243289589881897,
10,215,0,0.8244535326957703,
10,215,1,0.8221276998519897,
10,216,0,0.8274921178817749,
10,216,1,0.8268868923187256,
10,217,0,0.8222770690917969,
10,217,1,0.8244608044624329,
10,218,0,0.8248898983001709,
10,218,1,0.823091983795166,
10,219,0,0.8267643451690674,
10,219,1,0.8244616985321045,
10,220,0,0.8266561031341553,
10,220,1,0.8253747820854187,
10,221,0,0.8249184489250183,
10,221,1,0.8287868499755859,
10,222,0,0.8272827863693237,
10,222,1,0.8206254839897156,
10,223,0,0.825947105884552,
10,223,1,0.8222944736480713,
10,224,0,0.8229909539222717,
10,224,1,0.8231537342071533,
10,225,0,0.8258604407310486,
10,225,1,0.8284603357315063,
10,226,0,0.8247227668762207,
10,226,1,0.8274881839752197,
10,227,0,0.8224465250968933,
10,227,1,0.8250464200973511,
10,228,0,0.8267736434936523,
10,228,1,0.8290284276008606,
10,229,0,0.8262028694152832,
10,229,1,0.8254138231277466,
10,230,0,0.826149582862854,
10,230,1,0.8188151121139526,
10,231,0,0.8257785439491272,
10,231,1,0.8206795454025269,
10,232,0,0.8256568908691406,
10,232,1,0.8288776874542236,
10,233,0,0.8252257108688354,
10,233,1,0.8216201663017273,
10,234,0,0.8250417709350586,
10,234,1,0.8270900845527649,
10,235,0,0.8236942887306213,
10,235,1,0.8226258754730225,
10,236,0,0.8207039833068848,
10,236,1,0.822081446647644,
10,237,0,0.8251937627792358,
10,237,1,0.8227476477622986,
10,238,0,0.8235334753990173,
10,238,1,0.8276500701904297,
10,239,0,0.8265393972396851,
10,239,1,0.8267421126365662,
10,240,0,0.8248579502105713,
10,240,1,0.8242648839950562,
10,241,0,0.8234512805938721,
10,241,1,0.8255801200866699,
10,242,0,0.8238533735275269,
10,242,1,0.824356198310852,
10,243,0,0.8238601684570312,
10,243,1,0.8255316615104675,
10,244,0,0.824277937412262,
10,244,1,0.8314056992530823,
10,245,0,0.8267250061035156,
10,245,1,0.8196495175361633,
10,246,0,0.8258633017539978,
10,246,1,0.8216111063957214,
10,247,0,0.8242416381835938,
10,247,1,0.8261013627052307,
10,248,0,0.8281604051589966,
10,248,1,0.8243476152420044,
10,249,0,0.8253270983695984,
10,249,1,0.8217198848724365,
10,250,0,0.8244571089744568,
10,250,1,0.8232896327972412,
10,251,0,0.8261839151382446,
10,251,1,0.8234038352966309,
10,252,0,0.8245314955711365,
10,252,1,0.8211735486984253,
10,253,0,0.8259566426277161,
10,253,1,0.8288811445236206,
10,254,0,0.8210936188697815,
10,254,1,0.8327443599700928,
10,255,0,0.8263408541679382,
10,255,1,0.8233970999717712,
10,256,0,0.8268284201622009,
10,256,1,0.822041392326355,
10,257,0,0.822954535484314,
10,257,1,0.8251104950904846,
10,258,0,0.8292729258537292,
10,258,1,0.8201021552085876,
10,259,0,0.827974796295166,
10,259,1,0.8266021013259888,
10,260,0,0.8273341059684753,
10,260,1,0.8248142004013062,
10,261,0,0.8249601125717163,
10,261,1,0.8334583044052124,
10,262,0,0.8237625360488892,
10,262,1,0.822353720664978,
10,263,0,0.8275864124298096,
10,263,1,0.8288870453834534,
10,264,0,0.8243788480758667,
10,264,1,0.8194699287414551,
10,265,0,0.8253077268600464,
10,265,1,0.8233054876327515,
10,266,0,0.8276232481002808,
10,266,1,0.8289028406143188,
10,267,0,0.822785496711731,
10,267,1,0.8200271725654602,
10,268,0,0.825269877910614,
10,268,1,0.8278647065162659,
10,269,0,0.8218146562576294,
10,269,1,0.8201963901519775,
10,270,0,0.8241798877716064,
10,270,1,0.8279540538787842,
10,271,0,0.8256170749664307,
10,271,1,0.8258495926856995,
10,272,0,0.8247482180595398,
10,272,1,0.8276124000549316,
10,273,0,0.8275503516197205,
10,273,1,0.8270642757415771,
10,274,0,0.8255795836448669,
10,274,1,0.8267799615859985,
10,275,0,0.8239176273345947,
10,275,1,0.8215219974517822,
10,276,0,0.8220170736312866,
10,276,1,0.8270512223243713,
10,277,0,0.8255713582038879,
10,277,1,0.8270200490951538,
10,278,0,0.8228150606155396,
10,278,1,0.8203033208847046,
10,279,0,0.8249973654747009,
10,279,1,0.8340656161308289,
10,280,0,0.8265352249145508,
10,280,1,0.8230723738670349,
10,281,0,0.8246303796768188,
10,281,1,0.8229954838752747,
10,282,0,0.8234041929244995,
10,282,1,0.8198177218437195,
10,283,0,0.825825572013855,
10,283,1,0.8190743327140808,
10,284,0,0.8261141777038574,
10,284,1,0.8216754198074341,
10,285,0,0.8257555365562439,
10,285,1,0.8249644041061401,
10,286,0,0.8242712020874023,
10,286,1,0.8257341980934143,
10,287,0,0.8244422674179077,
10,287,1,0.8214684724807739,
10,288,0,0.8259485960006714,
10,288,1,0.8251136541366577,
10,289,0,0.8253576755523682,
10,289,1,0.8236435055732727,
10,290,0,0.822378396987915,
10,290,1,0.823543131351471,
10,291,0,0.823848307132721,
10,291,1,0.8270471096038818,
10,292,0,0.8272233009338379,
10,292,1,0.8286222219467163,
10,293,0,0.825120210647583,
10,293,1,0.8281905055046082,
10,294,0,0.8223151564598083,
10,294,1,0.8258782029151917,
10,295,0,0.8268097043037415,
10,295,1,0.8249533176422119,
10,296,0,0.8239178657531738,
10,296,1,0.8207493424415588,
10,297,0,0.8245786428451538,
10,297,1,0.8234571814537048,
10,298,0,0.823802649974823,
10,298,1,0.8167811036109924,
10,299,0,0.8284845948219299,
10,299,1,0.8223193883895874,
10,300,0,0.8265133500099182,
10,300,1,0.8243536949157715,
10,301,0,0.8256568312644958,
10,301,1,0.8226960897445679,
10,302,0,0.8237400054931641,
10,302,1,0.8295162916183472,
10,303,0,0.8194553852081299,
10,303,1,0.818067193031311,
10,304,0,0.8258025646209717,
10,304,1,0.8272691369056702,
10,305,0,0.8260276317596436,
10,305,1,0.8233126401901245,
10,306,0,0.8237473368644714,
10,306,1,0.8267135620117188,
10,307,0,0.82445228099823,
10,307,1,0.8216239213943481,
10,308,0,0.8230198621749878,
10,308,1,0.8243870735168457,
10,309,0,0.8284115791320801,
10,309,1,0.824787437915802,
10,310,0,0.8236879110336304,
10,310,1,0.815524697303772,
10,311,0,0.8267273306846619,
10,311,1,0.8226772546768188,
10,312,0,0.8252068161964417,
10,312,1,0.8227924108505249,
10,313,0,0.8243992328643799,
10,313,1,0.824422299861908,
10,314,0,0.8264279365539551,
10,314,1,0.828191876411438,
10,315,0,0.8244097232818604,
10,315,1,0.8302213549613953,
10,316,0,0.8238062858581543,
10,316,1,0.8246128559112549,
10,317,0,0.8254953622817993,
10,317,1,0.8274290561676025,
10,318,0,0.8230289220809937,
10,318,1,0.8324357271194458,
10,319,0,0.8234091997146606,
10,319,1,0.8252336978912354,
10,320,0,0.8272815942764282,
10,320,1,0.8175708055496216,
10,321,0,0.8234114646911621,
10,321,1,0.8198438882827759,
10,322,0,0.8279651403427124,
10,322,1,0.8317061066627502,
10,323,0,0.8256264925003052,
10,323,1,0.8281409740447998,
10,324,0,0.8225079774856567,
10,324,1,0.8233921527862549,
10,325,0,0.8289432525634766,
10,325,1,0.8174617886543274,
10,326,0,0.8254985809326172,
10,326,1,0.8250477910041809,
10,327,0,0.8248345851898193,
10,327,1,0.8294178247451782,
10,328,0,0.8288750052452087,
10,328,1,0.8240158557891846,
10,329,0,0.8229293823242188,
10,329,1,0.8309586048126221,
10,330,0,0.8234807252883911,
10,330,1,0.8246773481369019,
10,331,0,0.8256839513778687,
10,331,1,0.8274301290512085,
10,332,0,0.824306070804596,
10,332,1,0.8221056461334229,
10,333,0,0.8275452852249146,
10,333,1,0.8356132507324219,
10,334,0,0.8244727849960327,
10,334,1,0.8219038248062134,
10,335,0,0.8228731751441956,
10,335,1,0.8250757455825806,
10,336,0,0.8213256597518921,
10,336,1,0.8234806060791016,
10,337,0,0.8216664791107178,
10,337,1,0.8251281380653381,
10,338,0,0.8276615142822266,
10,338,1,0.8214768767356873,
10,339,0,0.8257342576980591,
10,339,1,0.8229093551635742,
10,340,0,0.8251630663871765,
10,340,1,0.8264610767364502,
10,341,0,0.825185239315033,
10,341,1,0.8233075737953186,
10,342,0,0.8246930837631226,
10,342,1,0.8284961581230164,
10,343,0,0.8227300643920898,
10,343,1,0.8207063674926758,
10,344,0,0.8263260126113892,
10,344,1,0.8289503455162048,
10,345,0,0.8259580731391907,
10,345,1,0.8271784782409668,
10,346,0,0.8228545188903809,
10,346,1,0.8292183876037598,
10,347,0,0.8251298666000366,
10,347,1,0.8252061605453491,
10,348,0,0.8258234262466431,
10,348,1,0.8344517946243286,
10,349,0,0.8259744048118591,
10,349,1,0.822536826133728,
10,350,0,0.8258905410766602,
10,350,1,0.8236621618270874,
10,351,0,0.8275564908981323,
10,351,1,0.8302383422851562,
10,352,0,0.8254119753837585,
10,352,1,0.8263286352157593,
10,353,0,0.8237177133560181,
10,353,1,0.8265568017959595,
10,354,0,0.8279075622558594,
10,354,1,0.8272181153297424,
10,355,0,0.8273785710334778,
10,355,1,0.8220575451850891,
10,356,0,0.8248872756958008,
10,356,1,0.8273553848266602,
10,357,0,0.8271544575691223,
10,357,1,0.8245406150817871,
10,358,0,0.8274824619293213,
10,358,1,0.8249168395996094,
10,359,0,0.8253880739212036,
10,359,1,0.8272932767868042,
10,360,0,0.8237402439117432,
10,360,1,0.8225182294845581,
10,361,0,0.8266303539276123,
10,361,1,0.8231621980667114,
10,362,0,0.8245945572853088,
10,362,1,0.8208500742912292,
10,363,0,0.8249999284744263,
10,363,1,0.8231173157691956,
10,364,0,0.8241114616394043,
10,364,1,0.8231763243675232,
10,365,0,0.8233368396759033,
10,365,1,0.8238543272018433,
10,366,0,0.8246681094169617,
10,366,1,0.8263344764709473,
10,367,0,0.8273770809173584,
10,367,1,0.8190445303916931,
10,368,0,0.8235869407653809,
10,368,1,0.8251758813858032,
10,369,0,0.8256704211235046,
10,369,1,0.8335908651351929,
10,370,0,0.8243656754493713,
10,370,1,0.8250609040260315,
10,371,0,0.8250359296798706,
10,371,1,0.8262689113616943,
10,372,0,0.824551522731781,
10,372,1,0.8220731019973755,
10,373,0,0.8241968154907227,
10,373,1,0.8260148763656616,
10,374,0,0.8251769542694092,
10,374,1,0.826867938041687,
10,375,0,0.8230692148208618,
10,375,1,0.8256626725196838,
10,376,0,0.8252511024475098,
10,376,1,0.8223698735237122,
10,377,0,0.8283174633979797,
10,377,1,0.8203872442245483,
10,378,0,0.8238144516944885,
10,378,1,0.8289756774902344,
10,379,0,0.8260643482208252,
10,379,1,0.8244922161102295,
10,380,0,0.8249505758285522,
10,380,1,0.8296964764595032,
10,381,0,0.8229091167449951,
10,381,1,0.8285802006721497,
10,382,0,0.8260213136672974,
10,382,1,0.827487051486969,
10,383,0,0.8239318132400513,
10,383,1,0.8229947686195374,
10,384,0,0.8226988315582275,
10,384,1,0.8198641538619995,
10,385,0,0.825173020362854,
10,385,1,0.8244737386703491,
10,386,0,0.8249387741088867,
10,386,1,0.819345235824585,
10,387,0,0.8240074515342712,
10,387,1,0.8288748264312744,
10,388,0,0.8235524892807007,
10,388,1,0.8257180452346802,
10,389,0,0.8231632709503174,
10,389,1,0.8308941125869751,
10,390,0,0.8236891031265259,
10,390,1,0.8267459273338318,
10,391,0,0.8252220153808594,
10,391,1,0.833236038684845,
10,392,0,0.8265944719314575,
10,392,1,0.8267486095428467,
10,393,0,0.8275164365768433,
10,393,1,0.823411762714386,
10,394,0,0.8251242637634277,
10,394,1,0.8201816082000732,
10,395,0,0.827060878276825,
10,395,1,0.8249788284301758,
10,396,0,0.8269317150115967,
10,396,1,0.8253006935119629,
10,397,0,0.8257031440734863,
10,397,1,0.8233104944229126,
10,398,0,0.8273886442184448,
10,398,1,0.820319652557373,
10,399,0,0.8267496228218079,
10,399,1,0.8280396461486816,
10,400,0,0.8268471956253052,
10,400,1,0.8281112909317017,
10,401,0,0.8253906965255737,
10,401,1,0.8261628150939941,
10,402,0,0.8270029425621033,
10,402,1,0.824719250202179,
10,403,0,0.8228256106376648,
10,403,1,0.824150800704956,
10,404,0,0.8269743323326111,
10,404,1,0.8253270387649536,
10,405,0,0.8286888003349304,
10,405,1,0.8232623338699341,
10,406,0,0.8247010707855225,
10,406,1,0.8229596018791199,
10,407,0,0.8225057125091553,
10,407,1,0.8176535367965698,
10,408,0,0.8224169611930847,
10,408,1,0.82133948802948,
10,409,0,0.8251739144325256,
10,409,1,0.8206780552864075,
10,410,0,0.8229678869247437,
10,410,1,0.8255751729011536,
10,411,0,0.8256531953811646,
10,411,1,0.8251950144767761,
10,412,0,0.8272513747215271,
10,412,1,0.822644054889679,
10,413,0,0.8242911100387573,
10,413,1,0.8245300650596619,
10,414,0,0.8236194849014282,
10,414,1,0.827612042427063,
10,415,0,0.8259010314941406,
10,415,1,0.822492241859436,
10,416,0,0.825840950012207,
10,416,1,0.824172854423523,
10,417,0,0.8249321579933167,
10,417,1,0.821727991104126,
10,418,0,0.8232144713401794,
10,418,1,0.8214868903160095,
10,419,0,0.8263282179832458,
10,419,1,0.8266360759735107,
10,420,0,0.8256879448890686,
10,420,1,0.8297197818756104,
10,421,0,0.8260232210159302,
10,421,1,0.8225337266921997,
10,422,0,0.8263739347457886,
10,422,1,0.8287973403930664,
10,423,0,0.8273002505302429,
10,423,1,0.8270608186721802,
10,424,0,0.827286958694458,
10,424,1,0.8259037733078003,
10,425,0,0.8245289325714111,
10,425,1,0.8206480741500854,
10,426,0,0.8260255455970764,
10,426,1,0.8226898908615112,
10,427,0,0.8264782428741455,
10,427,1,0.8247465491294861,
10,428,0,0.8247310519218445,
10,428,1,0.8261110782623291,
10,429,0,0.825969398021698,
10,429,1,0.8234789371490479,
10,430,0,0.8258349299430847,
10,430,1,0.8239202499389648,
10,431,0,0.8262146711349487,
10,431,1,0.8218887448310852,
10,432,0,0.8264751434326172,
10,432,1,0.8278030157089233,
10,433,0,0.825130045413971,
10,433,1,0.8229102492332458,
10,434,0,0.8247551918029785,
10,434,1,0.8311740756034851,
10,435,0,0.8268407583236694,
10,435,1,0.821689784526825,
10,436,0,0.825859010219574,
10,436,1,0.8257072567939758,
10,437,0,0.8249509930610657,
10,437,1,0.8261342644691467,
10,438,0,0.8257630467414856,
10,438,1,0.8284227848052979,
10,439,0,0.8225334882736206,
10,439,1,0.8173753619194031,
10,440,0,0.828058660030365,
10,440,1,0.8238590955734253,
10,441,0,0.825400710105896,
10,441,1,0.8269143104553223,
10,442,0,0.8249332308769226,
10,442,1,0.8277256488800049,
10,443,0,0.8224764466285706,
10,443,1,0.8234734535217285,
10,444,0,0.8220868706703186,
10,444,1,0.8248293399810791,
10,445,0,0.8284944295883179,
10,445,1,0.8288076519966125,
10,446,0,0.8247743844985962,
10,446,1,0.8318010568618774,
10,447,0,0.8198643922805786,
10,447,1,0.8239718675613403,
10,448,0,0.8252186179161072,
10,448,1,0.8248752355575562,
10,449,0,0.826341986656189,
10,449,1,0.8279364109039307,
10,450,0,0.8226861953735352,
10,450,1,0.8294332027435303,
10,451,0,0.8255314230918884,
10,451,1,0.8196465373039246,
10,452,0,0.8244543075561523,
10,452,1,0.8265711665153503,
10,453,0,0.8271440267562866,
10,453,1,0.8255907297134399,
10,454,0,0.8254987597465515,
10,454,1,0.8232434988021851,
10,455,0,0.8211652040481567,
10,455,1,0.8264559507369995,
10,456,0,0.8266827464103699,
10,456,1,0.8193045854568481,
10,457,0,0.8237285614013672,
10,457,1,0.825570285320282,
10,458,0,0.8237590789794922,
10,458,1,0.8266107439994812,
10,459,0,0.8230941295623779,
10,459,1,0.8292892575263977,
10,460,0,0.825026273727417,
10,460,1,0.8262919187545776,
10,461,0,0.8237016201019287,
10,461,1,0.8209241628646851,
10,462,0,0.8241658806800842,
10,462,1,0.8240255117416382,
10,463,0,0.8238319158554077,
10,463,1,0.8261834383010864,
10,464,0,0.8220804929733276,
10,464,1,0.8311681747436523,
10,465,0,0.8241590857505798,
10,465,1,0.830782949924469,
10,466,0,0.825989842414856,
10,466,1,0.8305972218513489,
10,467,0,0.8252835273742676,
10,467,1,0.8240963816642761,
10,468,0,0.8247555494308472,
10,468,1,0.8317481279373169,
10,469,0,0.8267220258712769,
10,469,1,0.8225576877593994,
10,470,0,0.8269135355949402,
10,470,1,0.8224304914474487,
10,471,0,0.8224998116493225,
10,471,1,0.8296961784362793,
10,472,0,0.8238270878791809,
10,472,1,0.8291517496109009,
10,473,0,0.8252806663513184,
10,473,1,0.8227902054786682,
10,474,0,0.8238655924797058,
10,474,1,0.8249363899230957,
10,475,0,0.825067937374115,
10,475,1,0.8262039422988892,
10,476,0,0.8251585960388184,
10,476,1,0.8258190155029297,
10,477,0,0.826321005821228,
10,477,1,0.8164703845977783,
10,478,0,0.823296308517456,
10,478,1,0.8205742239952087,
10,479,0,0.8255294561386108,
10,479,1,0.8216826915740967,
10,480,0,0.8244338631629944,
10,480,1,0.8240612745285034,
10,481,0,0.8246005773544312,
10,481,1,0.8236594796180725,
10,482,0,0.8251001834869385,
10,482,1,0.8245198130607605,
10,483,0,0.8269731998443604,
10,483,1,0.8221691250801086,
10,484,0,0.8279543519020081,
10,484,1,0.8312936425209045,
10,485,0,0.827167272567749,
10,485,1,0.8252301216125488,
10,486,0,0.8232426643371582,
10,486,1,0.821759819984436,
10,487,0,0.824140727519989,
10,487,1,0.8223974704742432,
10,488,0,0.8242092132568359,
10,488,1,0.8265987634658813,
10,489,0,0.823530912399292,
10,489,1,0.828478217124939,
10,490,0,0.824440598487854,
10,490,1,0.8255598545074463,
10,491,0,0.8263730406761169,
10,491,1,0.8193671107292175,
10,492,0,0.8266286849975586,
10,492,1,0.8290059566497803,
10,493,0,0.8234913349151611,
10,493,1,0.8247576951980591,
10,494,0,0.8253491520881653,
10,494,1,0.8215062618255615,
10,495,0,0.8267152309417725,
10,495,1,0.8265395164489746,
10,496,0,0.8256368637084961,
10,496,1,0.8292679190635681,
10,497,0,0.825943112373352,
10,497,1,0.8176990151405334,
10,498,0,0.8234159350395203,
10,498,1,0.8225945830345154,
10,499,0,0.8257030248641968,
10,499,1,0.8297783136367798,
10,500,0,0.8234636783599854,
10,500,1,0.816673994064331,
10,501,0,0.8246638774871826,
10,501,1,0.8207540512084961,
10,502,0,0.8240938186645508,
10,502,1,0.8260258436203003,
10,503,0,0.8274890780448914,
10,503,1,0.8307482004165649,
10,504,0,0.8284502029418945,
10,504,1,0.826012372970581,
10,505,0,0.8271244764328003,
10,505,1,0.8258258700370789,
10,506,0,0.8262088298797607,
10,506,1,0.8262599110603333,
10,507,0,0.8248723149299622,
10,507,1,0.8272299766540527,
10,508,0,0.8251043558120728,
10,508,1,0.8231968879699707,
10,509,0,0.8246551752090454,
10,509,1,0.833941638469696,
10,510,0,0.8253864049911499,
10,510,1,0.8270231485366821,
10,511,0,0.8246320486068726,
10,511,1,0.8317732810974121,
10,512,0,0.8228634595870972,
10,512,1,0.8233782052993774,
10,513,0,0.821511447429657,
10,513,1,0.8194637894630432,
10,514,0,0.8259416818618774,
10,514,1,0.8236801624298096,
10,515,0,0.8261303305625916,
10,515,1,0.8260371088981628,
10,516,0,0.8277890682220459,
10,516,1,0.822911262512207,
10,517,0,0.8262250423431396,
10,517,1,0.8217177987098694,
10,518,0,0.825291633605957,
10,518,1,0.8275620937347412,
10,519,0,0.8233585953712463,
10,519,1,0.8251229524612427,
10,520,0,0.8249480724334717,
10,520,1,0.8271231651306152,
10,521,0,0.8261986970901489,
10,521,1,0.8289932012557983,
10,522,0,0.8255165815353394,
10,522,1,0.8249163627624512,
10,523,0,0.8241379261016846,
10,523,1,0.824704647064209,
10,524,0,0.8206372261047363,
10,524,1,0.8285525441169739,
10,525,0,0.8268349170684814,
10,525,1,0.825273871421814,
10,526,0,0.8260373473167419,
10,526,1,0.8228863477706909,
10,527,0,0.8259036540985107,
10,527,1,0.8298056721687317,
10,528,0,0.8263920545578003,
10,528,1,0.8220101594924927,
10,529,0,0.8267942070960999,
10,529,1,0.8176131844520569,
10,530,0,0.8274873495101929,
10,530,1,0.8274751305580139,
10,531,0,0.8238874673843384,
10,531,1,0.8319714069366455,
10,532,0,0.8232896327972412,
10,532,1,0.813532829284668,
10,533,0,0.8267779350280762,
10,533,1,0.8275824785232544,
10,534,0,0.8251265287399292,
10,534,1,0.8282964825630188,
10,535,0,0.8242419958114624,
10,535,1,0.825316309928894,
10,536,0,0.8252120018005371,
10,536,1,0.8311563730239868,
10,537,0,0.8252300024032593,
10,537,1,0.8260814547538757,
10,538,0,0.8242778778076172,
10,538,1,0.8236280083656311,
10,539,0,0.8253173828125,
10,539,1,0.8258040547370911,
10,540,0,0.8264553546905518,
10,540,1,0.8345960378646851,
10,541,0,0.8234826922416687,
10,541,1,0.8315914869308472,
10,542,0,0.8277748823165894,
10,542,1,0.8275262117385864,
10,543,0,0.8235952854156494,
10,543,1,0.8214049339294434,
10,544,0,0.8253833651542664,
10,544,1,0.8271218538284302,
10,545,0,0.8255282044410706,
10,545,1,0.8289046883583069,
10,546,0,0.8247988820075989,
10,546,1,0.8221101760864258,
10,547,0,0.8245755434036255,
10,547,1,0.8246546983718872,
10,548,0,0.829447865486145,
10,548,1,0.8285773992538452,
10,549,0,0.825118899345398,
10,549,1,0.8240175247192383,
10,550,0,0.8266446590423584,
10,550,1,0.8238569498062134,
10,551,0,0.8245458602905273,
10,551,1,0.8239181637763977,
10,552,0,0.8258689641952515,
10,552,1,0.8258252143859863,
10,553,0,0.8227535486221313,
10,553,1,0.8255094885826111,
10,554,0,0.8266937732696533,
10,554,1,0.8251412510871887,
10,555,0,0.8259084820747375,
10,555,1,0.8279838562011719,
10,556,0,0.8256512880325317,
10,556,1,0.8301551938056946,
10,557,0,0.8261735439300537,
10,557,1,0.8267884850502014,
10,558,0,0.8230767846107483,
10,558,1,0.8273495435714722,
10,559,0,0.8266891241073608,
10,559,1,0.82176274061203,
10,560,0,0.8242492079734802,
10,560,1,0.8251062035560608,
10,561,0,0.8240026235580444,
10,561,1,0.826209545135498,
10,562,0,0.82477867603302,
10,562,1,0.823525071144104,
10,563,0,0.8232302069664001,
10,563,1,0.8249828815460205,
10,564,0,0.8271033763885498,
10,564,1,0.8238285183906555,
10,565,0,0.824095606803894,
10,565,1,0.8234682083129883,
10,566,0,0.8252842426300049,
10,566,1,0.8252960443496704,
10,567,0,0.8253546357154846,
10,567,1,0.8253371715545654,
10,568,0,0.8236297965049744,
10,568,1,0.8287948369979858,
10,569,0,0.8216875791549683,
10,569,1,0.8239763975143433,
10,570,0,0.8242405652999878,
10,570,1,0.8171005845069885,
10,571,0,0.8250046372413635,
10,571,1,0.825253427028656,
10,572,0,0.8271071910858154,
10,572,1,0.8267197608947754,
10,573,0,0.824068546295166,
10,573,1,0.8268179893493652,
10,574,0,0.8242993354797363,
10,574,1,0.81928551197052,
10,575,0,0.8236852884292603,
10,575,1,0.8280400633811951,
10,576,0,0.8208156228065491,
10,576,1,0.8247957825660706,
10,577,0,0.8235994577407837,
10,577,1,0.826098620891571,
10,578,0,0.8257068991661072,
10,578,1,0.8263741731643677,
10,579,0,0.8211863040924072,
10,579,1,0.826246976852417,
10,580,0,0.8228565454483032,
10,580,1,0.8296080827713013,
10,581,0,0.8274558782577515,
10,581,1,0.8259804248809814,
10,582,0,0.8232178688049316,
10,582,1,0.8250105381011963,
10,583,0,0.8221207857131958,
10,583,1,0.8226824998855591,
10,584,0,0.8246119022369385,
10,584,1,0.8222988247871399,
10,585,0,0.8253207802772522,
10,585,1,0.8324600458145142,
10,586,0,0.822862446308136,
10,586,1,0.8290473222732544,
10,587,0,0.8234960436820984,
10,587,1,0.8227341175079346,
10,588,0,0.8274352550506592,
10,588,1,0.8206242918968201,
10,589,0,0.828019380569458,
10,589,1,0.8204071521759033,
10,590,0,0.8218826651573181,
10,590,1,0.8232455849647522,
10,591,0,0.8239245414733887,
10,591,1,0.8245804309844971,
10,592,0,0.8259504437446594,
10,592,1,0.8271032571792603,
10,593,0,0.824998140335083,
10,593,1,0.829186201095581,
10,594,0,0.8234023451805115,
10,594,1,0.8309261202812195,
10,595,0,0.8233262300491333,
10,595,1,0.8301010131835938,
10,596,0,0.8240585327148438,
10,596,1,0.8217877149581909,
10,597,0,0.8265509009361267,
10,597,1,0.8294891119003296,
10,598,0,0.8257120251655579,
10,598,1,0.8227090835571289,
10,599,0,0.8267424702644348,
10,599,1,0.8236232399940491,
10,600,0,0.8251211643218994,
10,600,1,0.8201931118965149,
10,601,0,0.8224360942840576,
10,601,1,0.8257281184196472,
10,602,0,0.8236989974975586,
10,602,1,0.8258233070373535,
10,603,0,0.8278557062149048,
10,603,1,0.8265969753265381,
10,604,0,0.8249440789222717,
10,604,1,0.8258249163627625,
10,val,,,0.8251409300168355
11,0,0,0.8255994319915771,
11,0,1,0.8218587040901184,
11,1,0,0.8261406421661377,
11,1,1,0.8239821195602417,
11,2,0,0.8273523449897766,
11,2,1,0.82818603515625,
11,3,0,0.8244667053222656,
11,3,1,0.8241888880729675,
11,4,0,0.8263390064239502,
11,4,1,0.8249687552452087,
11,5,0,0.8235418796539307,
11,5,1,0.8247054815292358,
11,6,0,0.8260876536369324,
11,6,1,0.829938530921936,
11,7,0,0.8241260051727295,
11,7,1,0.8232958316802979,
11,8,0,0.8218885064125061,
11,8,1,0.8198378682136536,
11,9,0,0.8219728469848633,
11,9,1,0.826372504234314,
11,10,0,0.8215895295143127,
11,10,1,0.8324815034866333,
11,11,0,0.8239842057228088,
11,11,1,0.8242205381393433,
11,12,0,0.821990966796875,
11,12,1,0.8172540068626404,
11,13,0,0.8274574279785156,
11,13,1,0.8189006447792053,
11,14,0,0.8248153328895569,
11,14,1,0.8228185176849365,
11,15,0,0.8218441605567932,
11,15,1,0.8280045986175537,
11,16,0,0.8235135078430176,
11,16,1,0.8291264772415161,
11,17,0,0.825015664100647,
11,17,1,0.8208593130111694,
11,18,0,0.8245359063148499,
11,18,1,0.8307418823242188,
11,19,0,0.8246264457702637,
11,19,1,0.822192907333374,
11,20,0,0.820992648601532,
11,20,1,0.8288856148719788,
11,21,0,0.8254537582397461,
11,21,1,0.8297852277755737,
11,22,0,0.8272700309753418,
11,22,1,0.8200327157974243,
11,23,0,0.8240370750427246,
11,23,1,0.8213140964508057,
11,24,0,0.8231266736984253,
11,24,1,0.8273167610168457,
11,25,0,0.8226643800735474,
11,25,1,0.8227517008781433,
11,26,0,0.8231199979782104,
11,26,1,0.821496307849884,
11,27,0,0.8231629133224487,
11,27,1,0.8302921056747437,
11,28,0,0.8227097988128662,
11,28,1,0.8183119297027588,
11,29,0,0.8257167339324951,
11,29,1,0.8269189596176147,
11,30,0,0.824051558971405,
11,30,1,0.8261387944221497,
11,31,0,0.8241962790489197,
11,31,1,0.8279123306274414,
11,32,0,0.8242380023002625,
11,32,1,0.8215510249137878,
11,33,0,0.8272242546081543,
11,33,1,0.8295896649360657,
11,34,0,0.8240740299224854,
11,34,1,0.82341068983078,
11,35,0,0.8218649625778198,
11,35,1,0.8237749934196472,
11,36,0,0.8255642652511597,
11,36,1,0.8280356526374817,
11,37,0,0.82377690076828,
11,37,1,0.8269297480583191,
11,38,0,0.821036696434021,
11,38,1,0.826731264591217,
11,39,0,0.8239049911499023,
11,39,1,0.8273591995239258,
11,40,0,0.8231362104415894,
11,40,1,0.8298550248146057,
11,41,0,0.8252772688865662,
11,41,1,0.8283839821815491,
11,42,0,0.8265895843505859,
11,42,1,0.8263351321220398,
11,43,0,0.8244915008544922,
11,43,1,0.8259210586547852,
11,44,0,0.8260075449943542,
11,44,1,0.8281403183937073,
11,45,0,0.8227823972702026,
11,45,1,0.8212988376617432,
11,46,0,0.8247159719467163,
11,46,1,0.8250725865364075,
11,47,0,0.825543999671936,
11,47,1,0.8228920698165894,
11,48,0,0.8255406618118286,
11,48,1,0.8255752325057983,
11,49,0,0.8260169625282288,
11,49,1,0.8238922357559204,
11,50,0,0.8242379426956177,
11,50,1,0.8278560638427734,
11,51,0,0.8287926912307739,
11,51,1,0.8208388090133667,
11,52,0,0.8253350853919983,
11,52,1,0.8294546604156494,
11,53,0,0.827549934387207,
11,53,1,0.8273131847381592,
11,54,0,0.8242266178131104,
11,54,1,0.8228927850723267,
11,55,0,0.8251543045043945,
11,55,1,0.825019359588623,
11,56,0,0.8280249834060669,
11,56,1,0.8139324188232422,
11,57,0,0.823534369468689,
11,57,1,0.8223186731338501,
11,58,0,0.8274106979370117,
11,58,1,0.827864408493042,
11,59,0,0.8233523368835449,
11,59,1,0.8274836540222168,
11,60,0,0.8258988857269287,
11,60,1,0.8290961980819702,
11,61,0,0.8263928890228271,
11,61,1,0.8286993503570557,
11,62,0,0.8247395157814026,
11,62,1,0.8207997679710388,
11,63,0,0.8248898983001709,
11,63,1,0.8267477750778198,
11,64,0,0.823462963104248,
11,64,1,0.8241797089576721,
11,65,0,0.8237956762313843,
11,65,1,0.8240495920181274,
11,66,0,0.8257626295089722,
11,66,1,0.8204474449157715,
11,67,0,0.825154721736908,
11,67,1,0.827151358127594,
11,68,0,0.8258954882621765,
11,68,1,0.8269715905189514,
11,69,0,0.8245386481285095,
11,69,1,0.8304448127746582,
11,70,0,0.8207111358642578,
11,70,1,0.8305255770683289,
11,71,0,0.8248306512832642,
11,71,1,0.8260045051574707,
11,72,0,0.8232454657554626,
11,72,1,0.8221731781959534,
11,73,0,0.8278817534446716,
11,73,1,0.8238885998725891,
11,74,0,0.8239487409591675,
11,74,1,0.8175283074378967,
11,75,0,0.8261927366256714,
11,75,1,0.8247515559196472,
11,76,0,0.822091817855835,
11,76,1,0.8271181583404541,
11,77,0,0.8234355449676514,
11,77,1,0.8181639313697815,
11,78,0,0.8246835470199585,
11,78,1,0.8291348218917847,
11,79,0,0.8221344947814941,
11,79,1,0.8278433680534363,
11,80,0,0.8261963725090027,
11,80,1,0.8266341090202332,
11,81,0,0.825437068939209,
11,81,1,0.8250348567962646,
11,82,0,0.825606107711792,
11,82,1,0.826407253742218,
11,83,0,0.8220897912979126,
11,83,1,0.825890839099884,
11,84,0,0.8206249475479126,
11,84,1,0.8241205811500549,
11,85,0,0.8248950242996216,
11,85,1,0.8208478689193726,
11,86,0,0.8226068615913391,
11,86,1,0.8204253911972046,
11,87,0,0.8225935697555542,
11,87,1,0.830620288848877,
11,88,0,0.8251171708106995,
11,88,1,0.8193286061286926,
11,89,0,0.8249168395996094,
11,89,1,0.8226561546325684,
11,90,0,0.824892520904541,
11,90,1,0.818061113357544,
11,91,0,0.8245837688446045,
11,91,1,0.8251818418502808,
11,92,0,0.8263750076293945,
11,92,1,0.8231502175331116,
11,93,0,0.8239130973815918,
11,93,1,0.8251889944076538,
11,94,0,0.8265933990478516,
11,94,1,0.8193365335464478,
11,95,0,0.8236873149871826,
11,95,1,0.821040153503418,
11,96,0,0.8250222206115723,
11,96,1,0.8218991756439209,
11,97,0,0.8246300220489502,
11,97,1,0.8232288956642151,
11,98,0,0.823057234287262,
11,98,1,0.8261172771453857,
11,99,0,0.8231500387191772,
11,99,1,0.8265269994735718,
11,100,0,0.8249183893203735,
11,100,1,0.827670693397522,
11,101,0,0.8257424831390381,
11,101,1,0.8180160522460938,
11,102,0,0.8242080211639404,
11,102,1,0.8179439306259155,
11,103,0,0.8249717950820923,
11,103,1,0.8238968253135681,
11,104,0,0.8266733884811401,
11,104,1,0.818669319152832,
11,105,0,0.828048050403595,
11,105,1,0.8265260457992554,
11,106,0,0.8246365785598755,
11,106,1,0.8292080163955688,
11,107,0,0.8264917135238647,
11,107,1,0.8287163376808167,
11,108,0,0.8227626085281372,
11,108,1,0.8284488916397095,
11,109,0,0.8257251977920532,
11,109,1,0.824483335018158,
11,110,0,0.824417769908905,
11,110,1,0.830317497253418,
11,111,0,0.8259023427963257,
11,111,1,0.8237205743789673,
11,112,0,0.8243907690048218,
11,112,1,0.8228322267532349,
11,113,0,0.8260161876678467,
11,113,1,0.828354001045227,
11,114,0,0.8268412351608276,
11,114,1,0.8315838575363159,
11,115,0,0.82510906457901,
11,115,1,0.8269847631454468,
11,116,0,0.8261333703994751,
11,116,1,0.8258849382400513,
11,117,0,0.8242596387863159,
11,117,1,0.8252299427986145,
11,118,0,0.8220266103744507,
11,118,1,0.8273950219154358,
11,119,0,0.8239791393280029,
11,119,1,0.825548529624939,
11,120,0,0.8257483243942261,
11,120,1,0.8294830918312073,
11,121,0,0.825279176235199,
11,121,1,0.825682520866394,
11,122,0,0.8257818222045898,
11,122,1,0.831336498260498,
11,123,0,0.8244777321815491,
11,123,1,0.8251124620437622,
11,124,0,0.8271290063858032,
11,124,1,0.8226470351219177,
11,125,0,0.825637936592102,
11,125,1,0.8285060524940491,
11,126,0,0.8244582414627075,
11,126,1,0.8230504989624023,
11,127,0,0.8238852024078369,
11,127,1,0.8237776756286621,
11,128,0,0.8211294412612915,
11,128,1,0.8259981274604797,
11,129,0,0.8263955116271973,
11,129,1,0.8238905668258667,
11,130,0,0.8256155252456665,
11,130,1,0.8261971473693848,
11,131,0,0.8270586729049683,
11,131,1,0.8252212405204773,
11,132,0,0.8243260383605957,
11,132,1,0.827621579170227,
11,133,0,0.8249014616012573,
11,133,1,0.8223937749862671,
11,134,0,0.8265153169631958,
11,134,1,0.8240408897399902,
11,135,0,0.8241649866104126,
11,135,1,0.8283659219741821,
11,136,0,0.825359582901001,
11,136,1,0.8226090669631958,
11,137,0,0.8239647150039673,
11,137,1,0.8215651512145996,
11,138,0,0.8232210874557495,
11,138,1,0.8273925185203552,
11,139,0,0.82427978515625,
11,139,1,0.8315815925598145,
11,140,0,0.8275792002677917,
11,140,1,0.820123553276062,
11,141,0,0.8252575993537903,
11,141,1,0.8199476003646851,
11,142,0,0.8246914148330688,
11,142,1,0.8190113306045532,
11,143,0,0.827459454536438,
11,143,1,0.8207390904426575,
11,144,0,0.8238953351974487,
11,144,1,0.8222404718399048,
11,145,0,0.8239424228668213,
11,145,1,0.8237326145172119,
11,146,0,0.8246736526489258,
11,146,1,0.8308110237121582,
11,147,0,0.823268473148346,
11,147,1,0.8202211856842041,
11,148,0,0.8243467807769775,
11,148,1,0.8223291039466858,
11,149,0,0.8244401216506958,
11,149,1,0.8283019661903381,
11,150,0,0.8250203132629395,
11,150,1,0.8195316791534424,
11,151,0,0.8249205350875854,
11,151,1,0.829365611076355,
11,152,0,0.8211015462875366,
11,152,1,0.8226889371871948,
11,153,0,0.8240964412689209,
11,153,1,0.8257588148117065,
11,154,0,0.8266803026199341,
11,154,1,0.8264332413673401,
11,155,0,0.8240280151367188,
11,155,1,0.8249906897544861,
11,156,0,0.8237060308456421,
11,156,1,0.8235887885093689,
11,157,0,0.8257477879524231,
11,157,1,0.8234266042709351,
11,158,0,0.8269954323768616,
11,158,1,0.8243721723556519,
11,159,0,0.8241115808486938,
11,159,1,0.825814962387085,
11,160,0,0.8202691078186035,
11,160,1,0.8222610950469971,
11,161,0,0.8250629305839539,
11,161,1,0.8285782337188721,
11,162,0,0.8227454423904419,
11,162,1,0.826512336730957,
11,163,0,0.8254046440124512,
11,163,1,0.8231070041656494,
11,164,0,0.825223982334137,
11,164,1,0.8347217440605164,
11,165,0,0.8244493007659912,
11,165,1,0.8239039182662964,
11,166,0,0.8257984519004822,
11,166,1,0.8254257440567017,
11,167,0,0.8231310844421387,
11,167,1,0.8212205171585083,
11,168,0,0.8252773284912109,
11,168,1,0.8296903371810913,
11,169,0,0.821410596370697,
11,169,1,0.8306332230567932,
11,170,0,0.8240854144096375,
11,170,1,0.8285154104232788,
11,171,0,0.8246493339538574,
11,171,1,0.8214563131332397,
11,172,0,0.8279053568840027,
11,172,1,0.8260228633880615,
11,173,0,0.8246757984161377,
11,173,1,0.8256080150604248,
11,174,0,0.8256281614303589,
11,174,1,0.8184036612510681,
11,175,0,0.8283796906471252,
11,175,1,0.827502965927124,
11,176,0,0.8245447874069214,
11,176,1,0.823039174079895,
11,177,0,0.8278148174285889,
11,177,1,0.8283454775810242,
11,178,0,0.8251984119415283,
11,178,1,0.8201470375061035,
11,179,0,0.823151171207428,
11,179,1,0.8232135772705078,
11,180,0,0.8284770250320435,
11,180,1,0.8225443363189697,
11,181,0,0.8218182325363159,
11,181,1,0.8278777003288269,
11,182,0,0.825767993927002,
11,182,1,0.824255108833313,
11,183,0,0.8266281485557556,
11,183,1,0.8189302086830139,
11,184,0,0.8248429894447327,
11,184,1,0.8208783864974976,
11,185,0,0.8243077993392944,
11,185,1,0.8322281241416931,
11,186,0,0.8217712640762329,
11,186,1,0.8304550647735596,
11,187,0,0.8248183727264404,
11,187,1,0.824213981628418,
11,188,0,0.8237828612327576,
11,188,1,0.8235141038894653,
11,189,0,0.8266257047653198,
11,189,1,0.8205992579460144,
11,190,0,0.825311541557312,
11,190,1,0.82207190990448,
11,191,0,0.8238422870635986,
11,191,1,0.8263362050056458,
11,192,0,0.8229832649230957,
11,192,1,0.8266741037368774,
11,193,0,0.8258770704269409,
11,193,1,0.8230003714561462,
11,194,0,0.8249229192733765,
11,194,1,0.8203241229057312,
11,195,0,0.8300917148590088,
11,195,1,0.8232970237731934,
11,196,0,0.8241661787033081,
11,196,1,0.8203475475311279,
11,197,0,0.8243959546089172,
11,197,1,0.8252947926521301,
11,198,0,0.8231211304664612,
11,198,1,0.8242047429084778,
11,199,0,0.8249969482421875,
11,199,1,0.8244016170501709,
11,200,0,0.8246458172798157,
11,200,1,0.8230733275413513,
11,201,0,0.8259519934654236,
11,201,1,0.8267343640327454,
11,202,0,0.822276771068573,
11,202,1,0.8235791921615601,
11,203,0,0.8268864154815674,
11,203,1,0.820435106754303,
11,204,0,0.8250014781951904,
11,204,1,0.8308223485946655,
11,205,0,0.8242427706718445,
11,205,1,0.8257509469985962,
11,206,0,0.8256784677505493,
11,206,1,0.8227205276489258,
11,207,0,0.8228703737258911,
11,207,1,0.8240960836410522,
11,208,0,0.823226809501648,
11,208,1,0.8243305087089539,
11,209,0,0.8231831789016724,
11,209,1,0.8215233683586121,
11,210,0,0.8289396166801453,
11,210,1,0.8316735625267029,
11,211,0,0.8244175910949707,
11,211,1,0.8267941474914551,
11,212,0,0.8244726657867432,
11,212,1,0.8251235485076904,
11,213,0,0.8241703510284424,
11,213,1,0.824826717376709,
11,214,0,0.8251189589500427,
11,214,1,0.8215024471282959,
11,215,0,0.824292778968811,
11,215,1,0.822968602180481,
11,216,0,0.82784104347229,
11,216,1,0.8213916420936584,
11,217,0,0.8198398351669312,
11,217,1,0.8268526196479797,
11,218,0,0.8238035440444946,
11,218,1,0.8291836977005005,
11,219,0,0.8257002830505371,
11,219,1,0.8328588604927063,
11,220,0,0.8255580067634583,
11,220,1,0.8283560276031494,
11,221,0,0.8248772621154785,
11,221,1,0.8255897760391235,
11,222,0,0.8251843452453613,
11,222,1,0.827953577041626,
11,223,0,0.823945939540863,
11,223,1,0.8202217221260071,
11,224,0,0.8256434202194214,
11,224,1,0.8270251154899597,
11,225,0,0.82508784532547,
11,225,1,0.8229591846466064,
11,226,0,0.8255696892738342,
11,226,1,0.8237276077270508,
11,227,0,0.8245992064476013,
11,227,1,0.8212203979492188,
11,228,0,0.8270816802978516,
11,228,1,0.825385332107544,
11,229,0,0.8261677026748657,
11,229,1,0.8229036331176758,
11,230,0,0.8253922462463379,
11,230,1,0.8246785402297974,
11,231,0,0.8246861696243286,
11,231,1,0.8267531394958496,
11,232,0,0.8226129412651062,
11,232,1,0.8269087076187134,
11,233,0,0.8256489634513855,
11,233,1,0.8231039047241211,
11,234,0,0.8234347105026245,
11,234,1,0.8294813632965088,
11,235,0,0.8232873678207397,
11,235,1,0.8211143612861633,
11,236,0,0.8228827714920044,
11,236,1,0.8217144012451172,
11,237,0,0.8257943391799927,
11,237,1,0.8272275924682617,
11,238,0,0.8261487483978271,
11,238,1,0.8222830295562744,
11,239,0,0.828129768371582,
11,239,1,0.8245975971221924,
11,240,0,0.8246870040893555,
11,240,1,0.8232098817825317,
11,241,0,0.8229193091392517,
11,241,1,0.8198939561843872,
11,242,0,0.8231385350227356,
11,242,1,0.8250126838684082,
11,243,0,0.8230769634246826,
11,243,1,0.8252526521682739,
11,244,0,0.8264327049255371,
11,244,1,0.8196089267730713,
11,245,0,0.823753297328949,
11,245,1,0.8272367119789124,
11,246,0,0.8246335983276367,
11,246,1,0.8243198394775391,
11,247,0,0.8245283365249634,
11,247,1,0.8223986029624939,
11,248,0,0.8283380270004272,
11,248,1,0.8254724740982056,
11,249,0,0.8263790607452393,
11,249,1,0.817745566368103,
11,250,0,0.8233624696731567,
11,250,1,0.8256248235702515,
11,251,0,0.8250712156295776,
11,251,1,0.8249125480651855,
11,252,0,0.8252121210098267,
11,252,1,0.8231382369995117,
11,253,0,0.8255487084388733,
11,253,1,0.8246986865997314,
11,254,0,0.8253272771835327,
11,254,1,0.8251556754112244,
11,255,0,0.8267687559127808,
11,255,1,0.8269140124320984,
11,256,0,0.8253210186958313,
11,256,1,0.8272036910057068,
11,257,0,0.8230892419815063,
11,257,1,0.8275399804115295,
11,258,0,0.822648286819458,
11,258,1,0.8301852345466614,
11,259,0,0.8261215686798096,
11,259,1,0.8255243301391602,
11,260,0,0.8279544711112976,
11,260,1,0.8266756534576416,
11,261,0,0.824211835861206,
11,261,1,0.8269746899604797,
11,262,0,0.8240642547607422,
11,262,1,0.8265140652656555,
11,263,0,0.8272972106933594,
11,263,1,0.8282867074012756,
11,264,0,0.8223882913589478,
11,264,1,0.8221861720085144,
11,265,0,0.8230710029602051,
11,265,1,0.8236401081085205,
11,266,0,0.8267028331756592,
11,266,1,0.8266137838363647,
11,267,0,0.8238298296928406,
11,267,1,0.8248374462127686,
11,268,0,0.8232957720756531,
11,268,1,0.8241360783576965,
11,269,0,0.8205574750900269,
11,269,1,0.8221190571784973,
11,270,0,0.8260452747344971,
11,270,1,0.8280277252197266,
11,271,0,0.8244291543960571,
11,271,1,0.8282190561294556,
11,272,0,0.8266765475273132,
11,272,1,0.8281266093254089,
11,273,0,0.8273200988769531,
11,273,1,0.8244393467903137,
11,274,0,0.826250433921814,
11,274,1,0.8219480514526367,
11,275,0,0.8238674402236938,
11,275,1,0.8292454481124878,
11,276,0,0.8225071430206299,
11,276,1,0.8260127902030945,
11,277,0,0.8257077932357788,
11,277,1,0.8224815726280212,
11,278,0,0.8233972787857056,
11,278,1,0.8193626403808594,
11,279,0,0.8265008926391602,
11,279,1,0.8255460262298584,
11,280,0,0.8249119520187378,
11,280,1,0.8258320093154907,
11,281,0,0.8257020711898804,
11,281,1,0.823034942150116,
11,282,0,0.8233360052108765,
11,282,1,0.8199979066848755,
11,283,0,0.8242396116256714,
11,283,1,0.8244024515151978,
11,284,0,0.8240282535552979,
11,284,1,0.8273040056228638,
11,285,0,0.8243933916091919,
11,285,1,0.8275253772735596,
11,286,0,0.8229948878288269,
11,286,1,0.8189201354980469,
11,287,0,0.8259240388870239,
11,287,1,0.8250818848609924,
11,288,0,0.8230313062667847,
11,288,1,0.8278989791870117,
11,289,0,0.8249225616455078,
11,289,1,0.8197103142738342,
11,290,0,0.8248502612113953,
11,290,1,0.822851300239563,
11,291,0,0.8244214653968811,
11,291,1,0.8209637403488159,
11,292,0,0.8258286118507385,
11,292,1,0.8243197798728943,
11,293,0,0.8259307146072388,
11,293,1,0.8268758058547974,
11,294,0,0.82342529296875,
11,294,1,0.8238060474395752,
11,295,0,0.8253831267356873,
11,295,1,0.8272482752799988,
11,296,0,0.8236598372459412,
11,296,1,0.8150962591171265,
11,297,0,0.8222121596336365,
11,297,1,0.8237677216529846,
11,298,0,0.8234851360321045,
11,298,1,0.8283583521842957,
11,299,0,0.8278902769088745,
11,299,1,0.827263593673706,
11,300,0,0.8228508234024048,
11,300,1,0.8265374898910522,
11,301,0,0.8258317112922668,
11,301,1,0.8241853713989258,
11,302,0,0.8249728679656982,
11,302,1,0.8253726959228516,
11,303,0,0.8204408288002014,
11,303,1,0.8246315121650696,
11,304,0,0.8266616463661194,
11,304,1,0.8282148838043213,
11,305,0,0.8258466720581055,
11,305,1,0.8238072395324707,
11,306,0,0.8252833485603333,
11,306,1,0.8212395310401917,
11,307,0,0.8238953351974487,
11,307,1,0.8265511989593506,
11,308,0,0.8231813311576843,
11,308,1,0.8220585584640503,
11,309,0,0.8250584602355957,
11,309,1,0.8314849138259888,
11,310,0,0.8230680227279663,
11,310,1,0.8170151114463806,
11,311,0,0.8261128664016724,
11,311,1,0.8237906694412231,
11,312,0,0.8241821527481079,
11,312,1,0.8254008293151855,
11,313,0,0.8247345685958862,
11,313,1,0.8204543590545654,
11,314,0,0.8262560963630676,
11,314,1,0.8281489610671997,
11,315,0,0.8244839906692505,
11,315,1,0.8205708265304565,
11,316,0,0.8248152732849121,
11,316,1,0.8239803314208984,
11,317,0,0.8254217505455017,
11,317,1,0.8250758647918701,
11,318,0,0.8266634345054626,
11,318,1,0.823384702205658,
11,319,0,0.8231326341629028,
11,319,1,0.8313688039779663,
11,320,0,0.8254765272140503,
11,320,1,0.8173027038574219,
11,321,0,0.8218761682510376,
11,321,1,0.8231117725372314,
11,322,0,0.827845573425293,
11,322,1,0.8295706510543823,
11,323,0,0.8241578340530396,
11,323,1,0.8241785168647766,
11,324,0,0.8217000961303711,
11,324,1,0.8306208252906799,
11,325,0,0.8259663581848145,
11,325,1,0.8282709121704102,
11,326,0,0.8251558542251587,
11,326,1,0.8199459314346313,
11,327,0,0.824102520942688,
11,327,1,0.8268435001373291,
11,328,0,0.8266358375549316,
11,328,1,0.8261134624481201,
11,329,0,0.8268240690231323,
11,329,1,0.8215174674987793,
11,330,0,0.8240115642547607,
11,330,1,0.8264713287353516,
11,331,0,0.8260288238525391,
11,331,1,0.8262848854064941,
11,332,0,0.8246508836746216,
11,332,1,0.8230077624320984,
11,333,0,0.8272929191589355,
11,333,1,0.8298655152320862,
11,334,0,0.8230136036872864,
11,334,1,0.8175580501556396,
11,335,0,0.8248092532157898,
11,335,1,0.8197011351585388,
11,336,0,0.8212340474128723,
11,336,1,0.8237388134002686,
11,337,0,0.8240814208984375,
11,337,1,0.8177517056465149,
11,338,0,0.8272116184234619,
11,338,1,0.8212398886680603,
11,339,0,0.8249863982200623,
11,339,1,0.8224095702171326,
11,340,0,0.8258129358291626,
11,340,1,0.828856885433197,
11,341,0,0.8245377540588379,
11,341,1,0.8260170221328735,
11,342,0,0.8256561160087585,
11,342,1,0.8201621770858765,
11,343,0,0.8253264427185059,
11,343,1,0.8295255899429321,
11,344,0,0.8280199766159058,
11,344,1,0.8187069892883301,
11,345,0,0.8273932933807373,
11,345,1,0.8249425888061523,
11,346,0,0.8255940675735474,
11,346,1,0.8292931318283081,
11,347,0,0.8252017498016357,
11,347,1,0.8206098079681396,
11,348,0,0.8243534564971924,
11,348,1,0.8295297622680664,
11,349,0,0.8267262578010559,
11,349,1,0.8269602060317993,
11,350,0,0.8234806060791016,
11,350,1,0.8276925086975098,
11,351,0,0.8244744539260864,
11,351,1,0.8279650211334229,
11,352,0,0.8240002989768982,
11,352,1,0.8295981287956238,
11,353,0,0.8255171775817871,
11,353,1,0.8199988007545471,
11,354,0,0.8278219699859619,
11,354,1,0.8288587331771851,
11,355,0,0.8264163136482239,
11,355,1,0.8288229703903198,
11,356,0,0.8263230323791504,
11,356,1,0.8254579305648804,
11,357,0,0.8236151337623596,
11,357,1,0.8263483643531799,
11,358,0,0.8278130888938904,
11,358,1,0.8211710453033447,
11,359,0,0.8265486359596252,
11,359,1,0.8327533006668091,
11,360,0,0.8249196410179138,
11,360,1,0.8266042470932007,
11,361,0,0.8260007500648499,
11,361,1,0.8291193842887878,
11,362,0,0.822175145149231,
11,362,1,0.8274326324462891,
11,363,0,0.8257192969322205,
11,363,1,0.8227442502975464,
11,364,0,0.8232075572013855,
11,364,1,0.8254314064979553,
11,365,0,0.8240951895713806,
11,365,1,0.8235936164855957,
11,366,0,0.8267295360565186,
11,366,1,0.8264421224594116,
11,367,0,0.8266314268112183,
11,367,1,0.8192889094352722,
11,368,0,0.8235846757888794,
11,368,1,0.8254464864730835,
11,369,0,0.8263590335845947,
11,369,1,0.8331305980682373,
11,370,0,0.8242970705032349,
11,370,1,0.823994517326355,
11,371,0,0.8257331848144531,
11,371,1,0.8201799392700195,
11,372,0,0.8242945671081543,
11,372,1,0.8234983682632446,
11,373,0,0.8238449096679688,
11,373,1,0.8291650414466858,
11,374,0,0.825491189956665,
11,374,1,0.8233105540275574,
11,375,0,0.8253598809242249,
11,375,1,0.8206865787506104,
11,376,0,0.8229449987411499,
11,376,1,0.8253154754638672,
11,377,0,0.8261933326721191,
11,377,1,0.8226065635681152,
11,378,0,0.8254587650299072,
11,378,1,0.8243240714073181,
11,379,0,0.8251863718032837,
11,379,1,0.8238763213157654,
11,380,0,0.8276162147521973,
11,380,1,0.8266582489013672,
11,381,0,0.8232055902481079,
11,381,1,0.825570821762085,
11,382,0,0.8268458843231201,
11,382,1,0.823649525642395,
11,383,0,0.8233051896095276,
11,383,1,0.8297768831253052,
11,384,0,0.8219832181930542,
11,384,1,0.8227660059928894,
11,385,0,0.8254579305648804,
11,385,1,0.8272906541824341,
11,386,0,0.8233691453933716,
11,386,1,0.8129717111587524,
11,387,0,0.8248728513717651,
11,387,1,0.8242747783660889,
11,388,0,0.8238585591316223,
11,388,1,0.8286961317062378,
11,389,0,0.8242026567459106,
11,389,1,0.8216273784637451,
11,390,0,0.825227677822113,
11,390,1,0.8221724629402161,
11,391,0,0.8279573321342468,
11,391,1,0.8241480588912964,
11,392,0,0.8250908851623535,
11,392,1,0.8210082650184631,
11,393,0,0.8284792304039001,
11,393,1,0.8228697776794434,
11,394,0,0.8232100605964661,
11,394,1,0.825317919254303,
11,395,0,0.8271017074584961,
11,395,1,0.8335031867027283,
11,396,0,0.8259843587875366,
11,396,1,0.8252531886100769,
11,397,0,0.8264147043228149,
11,397,1,0.8244034051895142,
11,398,0,0.8241025805473328,
11,398,1,0.8286392092704773,
11,399,0,0.8231887817382812,
11,399,1,0.8286542892456055,
11,400,0,0.8252469301223755,
11,400,1,0.8314248919487,
11,401,0,0.824049174785614,
11,401,1,0.8268861174583435,
11,402,0,0.8258930444717407,
11,402,1,0.8276363015174866,
11,403,0,0.8240377902984619,
11,403,1,0.8202810287475586,
11,404,0,0.8249672651290894,
11,404,1,0.8285878300666809,
11,405,0,0.8263353705406189,
11,405,1,0.8284470438957214,
11,406,0,0.8243592977523804,
11,406,1,0.8256962299346924,
11,407,0,0.8217143416404724,
11,407,1,0.8252100944519043,
11,408,0,0.8215223550796509,
11,408,1,0.8201152086257935,
11,409,0,0.8226626515388489,
11,409,1,0.8289191722869873,
11,410,0,0.8256592750549316,
11,410,1,0.8253955841064453,
11,411,0,0.8256151676177979,
11,411,1,0.8256269693374634,
11,412,0,0.8246782422065735,
11,412,1,0.8255471587181091,
11,413,0,0.8246098160743713,
11,413,1,0.8268979787826538,
11,414,0,0.8238728046417236,
11,414,1,0.8225301504135132,
11,415,0,0.8234954476356506,
11,415,1,0.8284178972244263,
11,416,0,0.8239096999168396,
11,416,1,0.8213489055633545,
11,417,0,0.8242614269256592,
11,417,1,0.8214679956436157,
11,418,0,0.8245095610618591,
11,418,1,0.824120044708252,
11,419,0,0.8271543979644775,
11,419,1,0.8250426054000854,
11,420,0,0.8259228467941284,
11,420,1,0.8218896389007568,
11,421,0,0.8267549872398376,
11,421,1,0.8268966674804688,
11,422,0,0.8247929811477661,
11,422,1,0.8282645344734192,
11,423,0,0.8272567391395569,
11,423,1,0.8214958906173706,
11,424,0,0.8264135718345642,
11,424,1,0.8257858753204346,
11,425,0,0.8245184421539307,
11,425,1,0.827173113822937,
11,426,0,0.8251975178718567,
11,426,1,0.8271957635879517,
11,427,0,0.8243228793144226,
11,427,1,0.8320186734199524,
11,428,0,0.8241705298423767,
11,428,1,0.8265523314476013,
11,429,0,0.8269736766815186,
11,429,1,0.8196859359741211,
11,430,0,0.8273106813430786,
11,430,1,0.8258708715438843,
11,431,0,0.8279762268066406,
11,431,1,0.8256890773773193,
11,432,0,0.8241716623306274,
11,432,1,0.8277134895324707,
11,433,0,0.8250308036804199,
11,433,1,0.8226174116134644,
11,434,0,0.8270398378372192,
11,434,1,0.8205890655517578,
11,435,0,0.8240604400634766,
11,435,1,0.8222615122795105,
11,436,0,0.8280320167541504,
11,436,1,0.8234794735908508,
11,437,0,0.8256841897964478,
11,437,1,0.8268829584121704,
11,438,0,0.8267302513122559,
11,438,1,0.8275521993637085,
11,439,0,0.8220507502555847,
11,439,1,0.822715163230896,
11,440,0,0.8244282007217407,
11,440,1,0.8244785070419312,
11,441,0,0.8233110308647156,
11,441,1,0.8253580331802368,
11,442,0,0.8237401247024536,
11,442,1,0.8226202130317688,
11,443,0,0.8219045996665955,
11,443,1,0.8227537274360657,
11,444,0,0.8246036171913147,
11,444,1,0.8198248744010925,
11,445,0,0.8244770169258118,
11,445,1,0.8265142440795898,
11,446,0,0.8250253200531006,
11,446,1,0.8238272666931152,
11,447,0,0.821255087852478,
11,447,1,0.8177783489227295,
11,448,0,0.8249155282974243,
11,448,1,0.8213042616844177,
11,449,0,0.8244558572769165,
11,449,1,0.8239327073097229,
11,450,0,0.826309323310852,
11,450,1,0.8265038132667542,
11,451,0,0.8244609236717224,
11,451,1,0.8260557651519775,
11,452,0,0.8237221837043762,
11,452,1,0.8181827068328857,
11,453,0,0.8267812728881836,
11,453,1,0.829646110534668,
11,454,0,0.8244525194168091,
11,454,1,0.8221005201339722,
11,455,0,0.8263235092163086,
11,455,1,0.8220301866531372,
11,456,0,0.8228272199630737,
11,456,1,0.8341455459594727,
11,457,0,0.8242439031600952,
11,457,1,0.8237691521644592,
11,458,0,0.8237695693969727,
11,458,1,0.8266053199768066,
11,459,0,0.826775312423706,
11,459,1,0.8267176151275635,
11,460,0,0.8251639604568481,
11,460,1,0.8238563537597656,
11,461,0,0.8243246078491211,
11,461,1,0.8151935935020447,
11,462,0,0.8242923021316528,
11,462,1,0.8188866376876831,
11,463,0,0.8238012194633484,
11,463,1,0.8264608383178711,
11,464,0,0.8257908821105957,
11,464,1,0.8245596885681152,
11,465,0,0.828182578086853,
11,465,1,0.82010817527771,
11,466,0,0.8245857954025269,
11,466,1,0.8275707364082336,
11,467,0,0.8254291415214539,
11,467,1,0.822950005531311,
11,468,0,0.8227564096450806,
11,468,1,0.8237631320953369,
11,469,0,0.8229880332946777,
11,469,1,0.8291406035423279,
11,470,0,0.8274626731872559,
11,470,1,0.8220970630645752,
11,471,0,0.8243312835693359,
11,471,1,0.8287142515182495,
11,472,0,0.8230248689651489,
11,472,1,0.8193162679672241,
11,473,0,0.8249516487121582,
11,473,1,0.8265807032585144,
11,474,0,0.825615644454956,
11,474,1,0.8225903511047363,
11,475,0,0.8252283334732056,
11,475,1,0.823074221611023,
11,476,0,0.8261816501617432,
11,476,1,0.8268997669219971,
11,477,0,0.826862096786499,
11,477,1,0.8240957260131836,
11,478,0,0.821744441986084,
11,478,1,0.8232921957969666,
11,479,0,0.8251328468322754,
11,479,1,0.8220635652542114,
11,480,0,0.8256487250328064,
11,480,1,0.8233960866928101,
11,481,0,0.8238463401794434,
11,481,1,0.8272348642349243,
11,482,0,0.8240545392036438,
11,482,1,0.8199175596237183,
11,483,0,0.826170802116394,
11,483,1,0.8254767656326294,
11,484,0,0.82767254114151,
11,484,1,0.825537919998169,
11,485,0,0.8268247842788696,
11,485,1,0.8284508585929871,
11,486,0,0.8243350386619568,
11,486,1,0.8258545398712158,
11,487,0,0.8268612623214722,
11,487,1,0.8251234292984009,
11,488,0,0.824898362159729,
11,488,1,0.8265966176986694,
11,489,0,0.8239503502845764,
11,489,1,0.8298799991607666,
11,490,0,0.8236469030380249,
11,490,1,0.8314081430435181,
11,491,0,0.8236440420150757,
11,491,1,0.8251261711120605,
11,492,0,0.8270710706710815,
11,492,1,0.819282054901123,
11,493,0,0.8241528272628784,
11,493,1,0.8233194351196289,
11,494,0,0.8263264298439026,
11,494,1,0.8222466707229614,
11,495,0,0.8234636783599854,
11,495,1,0.8352588415145874,
11,496,0,0.8249413371086121,
11,496,1,0.8297622799873352,
11,497,0,0.8235467672348022,
11,497,1,0.8258392810821533,
11,498,0,0.8216902017593384,
11,498,1,0.8211126923561096,
11,499,0,0.827261745929718,
11,499,1,0.8246983289718628,
11,500,0,0.8232173919677734,
11,500,1,0.821126401424408,
11,501,0,0.8217169642448425,
11,501,1,0.8233474493026733,
11,502,0,0.8234529495239258,
11,502,1,0.8238875865936279,
11,503,0,0.8235118985176086,
11,503,1,0.83232581615448,
11,504,0,0.8246047496795654,
11,504,1,0.8280132412910461,
11,505,0,0.8257795572280884,
11,505,1,0.8216636180877686,
11,506,0,0.8247042894363403,
11,506,1,0.8265730142593384,
11,507,0,0.8239741921424866,
11,507,1,0.8277003169059753,
11,508,0,0.824299693107605,
11,508,1,0.8265849351882935,
11,509,0,0.8277771472930908,
11,509,1,0.8209412097930908,
11,510,0,0.824070930480957,
11,510,1,0.8232399225234985,
11,511,0,0.8274998664855957,
11,511,1,0.8274450302124023,
11,512,0,0.8237220048904419,
11,512,1,0.8256443738937378,
11,513,0,0.8200453519821167,
11,513,1,0.8254926204681396,
11,514,0,0.8272826671600342,
11,514,1,0.8230160474777222,
11,515,0,0.8255404829978943,
11,515,1,0.8207069039344788,
11,516,0,0.8266873359680176,
11,516,1,0.8289804458618164,
11,517,0,0.8256381750106812,
11,517,1,0.8228743672370911,
11,518,0,0.8255445957183838,
11,518,1,0.8211219310760498,
11,519,0,0.824920117855072,
11,519,1,0.8299095630645752,
11,520,0,0.8276833891868591,
11,520,1,0.8148406147956848,
11,521,0,0.8235443830490112,
11,521,1,0.8236031532287598,
11,522,0,0.8260002136230469,
11,522,1,0.8242979049682617,
11,523,0,0.8236449956893921,
11,523,1,0.8258906602859497,
11,524,0,0.823604166507721,
11,524,1,0.8221282958984375,
11,525,0,0.8247815370559692,
11,525,1,0.8274455070495605,
11,526,0,0.825779914855957,
11,526,1,0.8226229548454285,
11,527,0,0.8269415497779846,
11,527,1,0.8242150545120239,
11,528,0,0.8249752521514893,
11,528,1,0.8268998861312866,
11,529,0,0.822007417678833,
11,529,1,0.8277901411056519,
11,530,0,0.8262983560562134,
11,530,1,0.832770586013794,
11,531,0,0.8247687816619873,
11,531,1,0.8277166485786438,
11,532,0,0.822400689125061,
11,532,1,0.8240306973457336,
11,533,0,0.8261368870735168,
11,533,1,0.8227266073226929,
11,534,0,0.8261324167251587,
11,534,1,0.8262374997138977,
11,535,0,0.8236016035079956,
11,535,1,0.8260827660560608,
11,536,0,0.8233371376991272,
11,536,1,0.8268008232116699,
11,537,0,0.8234686851501465,
11,537,1,0.8275758028030396,
11,538,0,0.8249202370643616,
11,538,1,0.8239386677742004,
11,539,0,0.8234750628471375,
11,539,1,0.8237088322639465,
11,540,0,0.8276908993721008,
11,540,1,0.8236849904060364,
11,541,0,0.8276443481445312,
11,541,1,0.8220713138580322,
11,542,0,0.8275176286697388,
11,542,1,0.827428936958313,
11,543,0,0.8254530429840088,
11,543,1,0.8252968192100525,
11,544,0,0.8242130279541016,
11,544,1,0.820415735244751,
11,545,0,0.8228083848953247,
11,545,1,0.8322745561599731,
11,546,0,0.8260111808776855,
11,546,1,0.82627934217453,
11,547,0,0.8234772682189941,
11,547,1,0.8268522620201111,
11,548,0,0.8293957114219666,
11,548,1,0.8321953415870667,
11,549,0,0.828091025352478,
11,549,1,0.8182821869850159,
11,550,0,0.823516845703125,
11,550,1,0.8297278881072998,
11,551,0,0.8257061243057251,
11,551,1,0.827650249004364,
11,552,0,0.8247730731964111,
11,552,1,0.8269397020339966,
11,553,0,0.8239123821258545,
11,553,1,0.8269779682159424,
11,554,0,0.8242024183273315,
11,554,1,0.8321927189826965,
11,555,0,0.8287310600280762,
11,555,1,0.8241283893585205,
11,556,0,0.8249947428703308,
11,556,1,0.8280050754547119,
11,557,0,0.8264886736869812,
11,557,1,0.8234851360321045,
11,558,0,0.8265036344528198,
11,558,1,0.8187522888183594,
11,559,0,0.8247482776641846,
11,559,1,0.826495885848999,
11,560,0,0.826358437538147,
11,560,1,0.8254492282867432,
11,561,0,0.822718620300293,
11,561,1,0.8231092691421509,
11,562,0,0.8240128755569458,
11,562,1,0.8250187039375305,
11,563,0,0.8240465521812439,
11,563,1,0.8212239146232605,
11,564,0,0.8241565823554993,
11,564,1,0.8279166221618652,
11,565,0,0.8250319957733154,
11,565,1,0.8218179941177368,
11,566,0,0.8250398635864258,
11,566,1,0.8262778520584106,
11,567,0,0.8266186714172363,
11,567,1,0.8206306099891663,
11,568,0,0.8252717852592468,
11,568,1,0.8280972242355347,
11,569,0,0.8213306665420532,
11,569,1,0.822709321975708,
11,570,0,0.8261919021606445,
11,570,1,0.8239008188247681,
11,571,0,0.8265795111656189,
11,571,1,0.8217024803161621,
11,572,0,0.8249965310096741,
11,572,1,0.8214046955108643,
11,573,0,0.8276091814041138,
11,573,1,0.8211030960083008,
11,574,0,0.8277576565742493,
11,574,1,0.8204619288444519,
11,575,0,0.8246545195579529,
11,575,1,0.8256396651268005,
11,576,0,0.8229836225509644,
11,576,1,0.8275718092918396,
11,577,0,0.8240187168121338,
11,577,1,0.8282144069671631,
11,578,0,0.8278979063034058,
11,578,1,0.8201736211776733,
11,579,0,0.8230687379837036,
11,579,1,0.8228930234909058,
11,580,0,0.8238045573234558,
11,580,1,0.8264737129211426,
11,581,0,0.8252798318862915,
11,581,1,0.8333434462547302,
11,582,0,0.8227585554122925,
11,582,1,0.8201311826705933,
11,583,0,0.8239613771438599,
11,583,1,0.8311300277709961,
11,584,0,0.8222097158432007,
11,584,1,0.8179568648338318,
11,585,0,0.8248317241668701,
11,585,1,0.8232406973838806,
11,586,0,0.8237742185592651,
11,586,1,0.8261838555335999,
11,587,0,0.82460618019104,
11,587,1,0.82293301820755,
11,588,0,0.8255696892738342,
11,588,1,0.8242992758750916,
11,589,0,0.8231989145278931,
11,589,1,0.8233638405799866,
11,590,0,0.820974588394165,
11,590,1,0.8236666917800903,
11,591,0,0.825116753578186,
11,591,1,0.8260186314582825,
11,592,0,0.8254567384719849,
11,592,1,0.8347797393798828,
11,593,0,0.8239847421646118,
11,593,1,0.8302146196365356,
11,594,0,0.8260453939437866,
11,594,1,0.8215408325195312,
11,595,0,0.8229963183403015,
11,595,1,0.8247960805892944,
11,596,0,0.8246205449104309,
11,596,1,0.8256517648696899,
11,597,0,0.8259881138801575,
11,597,1,0.8261756896972656,
11,598,0,0.8244185447692871,
11,598,1,0.820761501789093,
11,599,0,0.8245372772216797,
11,599,1,0.8277665972709656,
11,600,0,0.8245220184326172,
11,600,1,0.8205376863479614,
11,601,0,0.8227850198745728,
11,601,1,0.8281948566436768,
11,602,0,0.8238600492477417,
11,602,1,0.82860267162323,
11,603,0,0.8246687650680542,
11,603,1,0.8289850950241089,
11,604,0,0.8237919211387634,
11,604,1,0.8249694108963013,
11,val,,,0.8252893841266632
12,0,0,0.8267282247543335,
12,0,1,0.823549747467041,
12,1,0,0.826944887638092,
12,1,1,0.823880672454834,
12,2,0,0.8286494016647339,
12,2,1,0.8273769617080688,
12,3,0,0.8249579668045044,
12,3,1,0.8270797729492188,
12,4,0,0.8249881863594055,
12,4,1,0.8259444236755371,
12,5,0,0.823939323425293,
12,5,1,0.8193021416664124,
12,6,0,0.8254923820495605,
12,6,1,0.8265541791915894,
12,7,0,0.824058473110199,
12,7,1,0.8247064352035522,
12,8,0,0.8211782574653625,
12,8,1,0.8216316103935242,
12,9,0,0.822593092918396,
12,9,1,0.8219272494316101,
12,10,0,0.8209586143493652,
12,10,1,0.8315374851226807,
12,11,0,0.8229334354400635,
12,11,1,0.8251526951789856,
12,12,0,0.8204864263534546,
12,12,1,0.8240091800689697,
12,13,0,0.8245738744735718,
12,13,1,0.8223180770874023,
12,14,0,0.823920726776123,
12,14,1,0.8278236389160156,
12,15,0,0.8229233026504517,
12,15,1,0.8220250010490417,
12,16,0,0.8244629502296448,
12,16,1,0.8177355527877808,
12,17,0,0.8240001201629639,
12,17,1,0.8243017792701721,
12,18,0,0.8244423866271973,
12,18,1,0.8190926313400269,
12,19,0,0.8233433961868286,
12,19,1,0.8292756080627441,
12,20,0,0.8249461054801941,
12,20,1,0.8200275897979736,
12,21,0,0.8258368968963623,
12,21,1,0.827755868434906,
12,22,0,0.8253474831581116,
12,22,1,0.8206095695495605,
12,23,0,0.8211625814437866,
12,23,1,0.8223763108253479,
12,24,0,0.8231128454208374,
12,24,1,0.8276853561401367,
12,25,0,0.8232868909835815,
12,25,1,0.8238039016723633,
12,26,0,0.8218730688095093,
12,26,1,0.8258089423179626,
12,27,0,0.8255516290664673,
12,27,1,0.8216639757156372,
12,28,0,0.8217569589614868,
12,28,1,0.8166438937187195,
12,29,0,0.8271922469139099,
12,29,1,0.8289824724197388,
12,30,0,0.8249768018722534,
12,30,1,0.8173826932907104,
12,31,0,0.8237919807434082,
12,31,1,0.8195157647132874,
12,32,0,0.8232901096343994,
12,32,1,0.8157346248626709,
12,33,0,0.8271912336349487,
12,33,1,0.8310369253158569,
12,34,0,0.825596809387207,
12,34,1,0.8262302875518799,
12,35,0,0.8199212551116943,
12,35,1,0.8263182640075684,
12,36,0,0.8229218125343323,
12,36,1,0.8231106400489807,
12,37,0,0.8230141401290894,
12,37,1,0.8210510015487671,
12,38,0,0.8202584981918335,
12,38,1,0.8300379514694214,
12,39,0,0.8251075744628906,
12,39,1,0.829766035079956,
12,40,0,0.8223006725311279,
12,40,1,0.8226482272148132,
12,41,0,0.8238133788108826,
12,41,1,0.8243728280067444,
12,42,0,0.8247571587562561,
12,42,1,0.8221054077148438,
12,43,0,0.8256767988204956,
12,43,1,0.82570880651474,
12,44,0,0.8263832926750183,
12,44,1,0.8214572072029114,
12,45,0,0.8231503963470459,
12,45,1,0.8254324197769165,
12,46,0,0.8253583312034607,
12,46,1,0.8286935091018677,
12,47,0,0.8237216472625732,
12,47,1,0.8281105756759644,
12,48,0,0.825404167175293,
12,48,1,0.8243440985679626,
12,49,0,0.825525164604187,
12,49,1,0.82770836353302,
12,50,0,0.8241937756538391,
12,50,1,0.829226553440094,
12,51,0,0.8264865875244141,
12,51,1,0.8200006484985352,
12,52,0,0.8263226747512817,
12,52,1,0.8284263610839844,
12,53,0,0.8281441330909729,
12,53,1,0.8261554837226868,
12,54,0,0.8245035409927368,
12,54,1,0.8243610858917236,
12,55,0,0.8243836164474487,
12,55,1,0.8297183513641357,
12,56,0,0.8251993656158447,
12,56,1,0.815170168876648,
12,57,0,0.8215481638908386,
12,57,1,0.8280094265937805,
12,58,0,0.8265854120254517,
12,58,1,0.8268240690231323,
12,59,0,0.8267496824264526,
12,59,1,0.8215349912643433,
12,60,0,0.825567901134491,
12,60,1,0.819908618927002,
12,61,0,0.8249512910842896,
12,61,1,0.8271662592887878,
12,62,0,0.8266934156417847,
12,62,1,0.8233621120452881,
12,63,0,0.8247211575508118,
12,63,1,0.8209202289581299,
12,64,0,0.8231351375579834,
12,64,1,0.8291149139404297,
12,65,0,0.8229613304138184,
12,65,1,0.8273907899856567,
12,66,0,0.8242237567901611,
12,66,1,0.825880765914917,
12,67,0,0.8262069225311279,
12,67,1,0.8287618160247803,
12,68,0,0.8257742524147034,
12,68,1,0.8261222839355469,
12,69,0,0.827538251876831,
12,69,1,0.8242588043212891,
12,70,0,0.8247894644737244,
12,70,1,0.8194384574890137,
12,71,0,0.8250260949134827,
12,71,1,0.8259895443916321,
12,72,0,0.8231531381607056,
12,72,1,0.8210331201553345,
12,73,0,0.8240121006965637,
12,73,1,0.8253053426742554,
12,74,0,0.8220157623291016,
12,74,1,0.8193917274475098,
12,75,0,0.8280800580978394,
12,75,1,0.8237709999084473,
12,76,0,0.82389235496521,
12,76,1,0.8210921883583069,
12,77,0,0.8198136687278748,
12,77,1,0.8202016353607178,
12,78,0,0.8281080722808838,
12,78,1,0.8240677714347839,
12,79,0,0.8232872486114502,
12,79,1,0.8249193429946899,
12,80,0,0.8251975774765015,
12,80,1,0.8229976892471313,
12,81,0,0.8245136141777039,
12,81,1,0.8263022899627686,
12,82,0,0.8246870636940002,
12,82,1,0.8272645473480225,
12,83,0,0.8231456279754639,
12,83,1,0.8259133696556091,
12,84,0,0.8223892450332642,
12,84,1,0.8253738880157471,
12,85,0,0.8249393105506897,
12,85,1,0.821747899055481,
12,86,0,0.8231101632118225,
12,86,1,0.8304901719093323,
12,87,0,0.8217926025390625,
12,87,1,0.8271560668945312,
12,88,0,0.8227560520172119,
12,88,1,0.8273908495903015,
12,89,0,0.8251228332519531,
12,89,1,0.8220455646514893,
12,90,0,0.822693407535553,
12,90,1,0.8244649171829224,
12,91,0,0.8211126327514648,
12,91,1,0.8256374597549438,
12,92,0,0.8243297338485718,
12,92,1,0.8269527554512024,
12,93,0,0.8252402544021606,
12,93,1,0.82145756483078,
12,94,0,0.8249408602714539,
12,94,1,0.8261458277702332,
12,95,0,0.8243252635002136,
12,95,1,0.8293826580047607,
12,96,0,0.8257782459259033,
12,96,1,0.8286782503128052,
12,97,0,0.8264758586883545,
12,97,1,0.8274834752082825,
12,98,0,0.8245024681091309,
12,98,1,0.8259792327880859,
12,99,0,0.8246097564697266,
12,99,1,0.8271971344947815,
12,100,0,0.8231393098831177,
12,100,1,0.8261483907699585,
12,101,0,0.8231034278869629,
12,101,1,0.8219760656356812,
12,102,0,0.8211207389831543,
12,102,1,0.8295469880104065,
12,103,0,0.8258684873580933,
12,103,1,0.8275563716888428,
12,104,0,0.8257592916488647,
12,104,1,0.8252588510513306,
12,105,0,0.8264567852020264,
12,105,1,0.8289822936058044,
12,106,0,0.8256784081459045,
12,106,1,0.8204525709152222,
12,107,0,0.8253427147865295,
12,107,1,0.8294090628623962,
12,108,0,0.8206062316894531,
12,108,1,0.8232982754707336,
12,109,0,0.8255322575569153,
12,109,1,0.827966570854187,
12,110,0,0.824491024017334,
12,110,1,0.8285601139068604,
12,111,0,0.8262571096420288,
12,111,1,0.8208475112915039,
12,112,0,0.8255785703659058,
12,112,1,0.8283034563064575,
12,113,0,0.8283668756484985,
12,113,1,0.8266108632087708,
12,114,0,0.825032114982605,
12,114,1,0.8281251192092896,
12,115,0,0.8261852264404297,
12,115,1,0.8239511251449585,
12,116,0,0.8256741762161255,
12,116,1,0.8255767822265625,
12,117,0,0.8230001926422119,
12,117,1,0.8262757658958435,
12,118,0,0.825103223323822,
12,118,1,0.8230353593826294,
12,119,0,0.8247583508491516,
12,119,1,0.8298420906066895,
12,120,0,0.8265013694763184,
12,120,1,0.8223898410797119,
12,121,0,0.8229246139526367,
12,121,1,0.8260682225227356,
12,122,0,0.8269780874252319,
12,122,1,0.8271875381469727,
12,123,0,0.822148859500885,
12,123,1,0.8231980204582214,
12,124,0,0.8242349028587341,
12,124,1,0.8225449919700623,
12,125,0,0.8253266215324402,
12,125,1,0.8221002221107483,
12,126,0,0.8241701126098633,
12,126,1,0.8322372436523438,
12,127,0,0.8245903253555298,
12,127,1,0.8227607607841492,
12,128,0,0.8213958740234375,
12,128,1,0.8198361396789551,
12,129,0,0.8229188323020935,
12,129,1,0.8196990489959717,
12,130,0,0.8228480815887451,
12,130,1,0.8245443105697632,
12,131,0,0.8256760239601135,
12,131,1,0.8220610618591309,
12,132,0,0.8236010670661926,
12,132,1,0.8224678039550781,
12,133,0,0.8237836360931396,
12,133,1,0.8252657651901245,
12,134,0,0.8251519203186035,
12,134,1,0.8240206241607666,
12,135,0,0.8254976272583008,
12,135,1,0.8285598158836365,
12,136,0,0.8251700401306152,
12,136,1,0.8255624771118164,
12,137,0,0.8249020576477051,
12,137,1,0.8171021938323975,
12,138,0,0.8222946524620056,
12,138,1,0.8191070556640625,
12,139,0,0.825459361076355,
12,139,1,0.827778697013855,
12,140,0,0.8268277645111084,
12,140,1,0.8250735998153687,
12,141,0,0.8254648447036743,
12,141,1,0.8212441802024841,
12,142,0,0.8259735107421875,
12,142,1,0.8309725522994995,
12,143,0,0.8283963203430176,
12,143,1,0.8281253576278687,
12,144,0,0.8259773254394531,
12,144,1,0.8246226906776428,
12,145,0,0.8230417966842651,
12,145,1,0.82379150390625,
12,146,0,0.8260369896888733,
12,146,1,0.8283019661903381,
12,147,0,0.8225192427635193,
12,147,1,0.8250674605369568,
12,148,0,0.8231080770492554,
12,148,1,0.8236293792724609,
12,149,0,0.822278618812561,
12,149,1,0.8211889266967773,
12,150,0,0.8261581659317017,
12,150,1,0.8224375247955322,
12,151,0,0.8243550658226013,
12,151,1,0.8283882737159729,
12,152,0,0.8209454417228699,
12,152,1,0.8270954489707947,
12,153,0,0.8257076144218445,
12,153,1,0.8273530006408691,
12,154,0,0.8267859220504761,
12,154,1,0.8235406279563904,
12,155,0,0.8240331411361694,
12,155,1,0.8208379745483398,
12,156,0,0.822665274143219,
12,156,1,0.826494574546814,
12,157,0,0.8253527283668518,
12,157,1,0.8241219520568848,
12,158,0,0.8261369466781616,
12,158,1,0.8218958973884583,
12,159,0,0.8239721059799194,
12,159,1,0.8296302556991577,
12,160,0,0.8224220275878906,
12,160,1,0.8174901008605957,
12,161,0,0.825643002986908,
12,161,1,0.8270291090011597,
12,162,0,0.8216848373413086,
12,162,1,0.8291170001029968,
12,163,0,0.8244528770446777,
12,163,1,0.8240786194801331,
12,164,0,0.8222517967224121,
12,164,1,0.8281726837158203,
12,165,0,0.822351336479187,
12,165,1,0.822169303894043,
12,166,0,0.829262912273407,
12,166,1,0.8195197582244873,
12,167,0,0.8246995806694031,
12,167,1,0.8249400854110718,
12,168,0,0.8250992298126221,
12,168,1,0.8306678533554077,
12,169,0,0.8224576711654663,
12,169,1,0.8275192975997925,
12,170,0,0.8246458768844604,
12,170,1,0.8234524726867676,
12,171,0,0.8236582279205322,
12,171,1,0.8229628205299377,
12,172,0,0.826958179473877,
12,172,1,0.831530749797821,
12,173,0,0.8242076635360718,
12,173,1,0.8198458552360535,
12,174,0,0.822446882724762,
12,174,1,0.8249514698982239,
12,175,0,0.8282465934753418,
12,175,1,0.8294099569320679,
12,176,0,0.8248376846313477,
12,176,1,0.8225282430648804,
12,177,0,0.8262799978256226,
12,177,1,0.8279745578765869,
12,178,0,0.8217568397521973,
12,178,1,0.8288880586624146,
12,179,0,0.8242300152778625,
12,179,1,0.8182525634765625,
12,180,0,0.8271678686141968,
12,180,1,0.8302575349807739,
12,181,0,0.8216227889060974,
12,181,1,0.8296334743499756,
12,182,0,0.8254407048225403,
12,182,1,0.8273951411247253,
12,183,0,0.8241223692893982,
12,183,1,0.8331527709960938,
12,184,0,0.8246354460716248,
12,184,1,0.8299676179885864,
12,185,0,0.8247067928314209,
12,185,1,0.8274956345558167,
12,186,0,0.8217142820358276,
12,186,1,0.823462724685669,
12,187,0,0.824608325958252,
12,187,1,0.8264614343643188,
12,188,0,0.8244664072990417,
12,188,1,0.8240752816200256,
12,189,0,0.8237027525901794,
12,189,1,0.8256999850273132,
12,190,0,0.824298083782196,
12,190,1,0.8218055963516235,
12,191,0,0.8239213228225708,
12,191,1,0.825462281703949,
12,192,0,0.8212793469429016,
12,192,1,0.827655017375946,
12,193,0,0.8244906663894653,
12,193,1,0.8232953548431396,
12,194,0,0.8240323662757874,
12,194,1,0.8261935710906982,
12,195,0,0.823072075843811,
12,195,1,0.8336007595062256,
12,196,0,0.8234183192253113,
12,196,1,0.8193306922912598,
12,197,0,0.8264925479888916,
12,197,1,0.8209348320960999,
12,198,0,0.8246653079986572,
12,198,1,0.82197105884552,
12,199,0,0.8235914707183838,
12,199,1,0.8258878588676453,
12,200,0,0.8277513980865479,
12,200,1,0.8200340867042542,
12,201,0,0.8250789642333984,
12,201,1,0.8245309591293335,
12,202,0,0.8209344744682312,
12,202,1,0.8212212324142456,
12,203,0,0.8255221843719482,
12,203,1,0.8186482787132263,
12,204,0,0.8248456716537476,
12,204,1,0.8222728371620178,
12,205,0,0.8241458535194397,
12,205,1,0.8289982080459595,
12,206,0,0.8262957334518433,
12,206,1,0.822829008102417,
12,207,0,0.822998046875,
12,207,1,0.8211815357208252,
12,208,0,0.8228815793991089,
12,208,1,0.8190756440162659,
12,209,0,0.8243539333343506,
12,209,1,0.8241382241249084,
12,210,0,0.8296807408332825,
12,210,1,0.8293052911758423,
12,211,0,0.8272931575775146,
12,211,1,0.8288490176200867,
12,212,0,0.8252600431442261,
12,212,1,0.8258619904518127,
12,213,0,0.8227344751358032,
12,213,1,0.8281850814819336,
12,214,0,0.8237643241882324,
12,214,1,0.8228874206542969,
12,215,0,0.8218078017234802,
12,215,1,0.8292446136474609,
12,216,0,0.829695999622345,
12,216,1,0.82343989610672,
12,217,0,0.8191561698913574,
12,217,1,0.8288611769676208,
12,218,0,0.8231281042098999,
12,218,1,0.8213547468185425,
12,219,0,0.8301278352737427,
12,219,1,0.8236480951309204,
12,220,0,0.8272741436958313,
12,220,1,0.8258730173110962,
12,221,0,0.8250318765640259,
12,221,1,0.8197023868560791,
12,222,0,0.8279958963394165,
12,222,1,0.8224568963050842,
12,223,0,0.8217172622680664,
12,223,1,0.8223945498466492,
12,224,0,0.8277871608734131,
12,224,1,0.8262078762054443,
12,225,0,0.825441837310791,
12,225,1,0.8236453533172607,
12,226,0,0.8232219219207764,
12,226,1,0.8219165205955505,
12,227,0,0.823907196521759,
12,227,1,0.825401246547699,
12,228,0,0.8260412216186523,
12,228,1,0.8284536600112915,
12,229,0,0.82579106092453,
12,229,1,0.8205048441886902,
12,230,0,0.824889063835144,
12,230,1,0.8237420320510864,
12,231,0,0.8237413167953491,
12,231,1,0.8269656300544739,
12,232,0,0.8248648047447205,
12,232,1,0.8251709938049316,
12,233,0,0.8247730135917664,
12,233,1,0.8226627111434937,
12,234,0,0.8273789882659912,
12,234,1,0.8218189477920532,
12,235,0,0.8224977850914001,
12,235,1,0.8279955387115479,
12,236,0,0.8224844336509705,
12,236,1,0.816460371017456,
12,237,0,0.8250262141227722,
12,237,1,0.826217532157898,
12,238,0,0.826077938079834,
12,238,1,0.8231484293937683,
12,239,0,0.8278933763504028,
12,239,1,0.8299530744552612,
12,240,0,0.8263261318206787,
12,240,1,0.8257231116294861,
12,241,0,0.8240614533424377,
12,241,1,0.8238147497177124,
12,242,0,0.8221917152404785,
12,242,1,0.8213820457458496,
12,243,0,0.8224966526031494,
12,243,1,0.8207136392593384,
12,244,0,0.824491560459137,
12,244,1,0.8308496475219727,
12,245,0,0.8261004090309143,
12,245,1,0.8211710453033447,
12,246,0,0.8231478929519653,
12,246,1,0.8239755630493164,
12,247,0,0.8234116435050964,
12,247,1,0.8258346319198608,
12,248,0,0.8276275992393494,
12,248,1,0.827507734298706,
12,249,0,0.8260288238525391,
12,249,1,0.8221639394760132,
12,250,0,0.8253387808799744,
12,250,1,0.8194429874420166,
12,251,0,0.8250272274017334,
12,251,1,0.8252344131469727,
12,252,0,0.823907732963562,
12,252,1,0.8271212577819824,
12,253,0,0.8236026763916016,
12,253,1,0.8289715647697449,
12,254,0,0.8241206407546997,
12,254,1,0.8235243558883667,
12,255,0,0.8225127458572388,
12,255,1,0.8264100551605225,
12,256,0,0.8245165348052979,
12,256,1,0.8290187120437622,
12,257,0,0.8235921859741211,
12,257,1,0.8221064209938049,
12,258,0,0.8268909454345703,
12,258,1,0.8204365968704224,
12,259,0,0.8255540132522583,
12,259,1,0.8193278312683105,
12,260,0,0.827937126159668,
12,260,1,0.8295333981513977,
12,261,0,0.826101541519165,
12,261,1,0.8244271874427795,
12,262,0,0.8232498168945312,
12,262,1,0.8240890502929688,
12,263,0,0.825980544090271,
12,263,1,0.8295558094978333,
12,264,0,0.8252018690109253,
12,264,1,0.8210617303848267,
12,265,0,0.8243443965911865,
12,265,1,0.8194455504417419,
12,266,0,0.8271483182907104,
12,266,1,0.8227571249008179,
12,267,0,0.8226740956306458,
12,267,1,0.8296045064926147,
12,268,0,0.8228692412376404,
12,268,1,0.8285005688667297,
12,269,0,0.8220280408859253,
12,269,1,0.818055272102356,
12,270,0,0.8258552551269531,
12,270,1,0.8293226957321167,
12,271,0,0.8221585154533386,
12,271,1,0.8270978331565857,
12,272,0,0.8270577192306519,
12,272,1,0.8233667612075806,
12,273,0,0.8235952258110046,
12,273,1,0.8319599032402039,
12,274,0,0.825316309928894,
12,274,1,0.8267722129821777,
12,275,0,0.824994683265686,
12,275,1,0.8226712942123413,
12,276,0,0.823165774345398,
12,276,1,0.8231202960014343,
12,277,0,0.8256524205207825,
12,277,1,0.8216985464096069,
12,278,0,0.8226137757301331,
12,278,1,0.8259649276733398,
12,279,0,0.8252267837524414,
12,279,1,0.8250162601470947,
12,280,0,0.8238905072212219,
12,280,1,0.8297766447067261,
12,281,0,0.8248175978660583,
12,281,1,0.8269268274307251,
12,282,0,0.8270426988601685,
12,282,1,0.8193594813346863,
12,283,0,0.8243788480758667,
12,283,1,0.8176416754722595,
12,284,0,0.8239576816558838,
12,284,1,0.8254424333572388,
12,285,0,0.8218303918838501,
12,285,1,0.8252429962158203,
12,286,0,0.8242552876472473,
12,286,1,0.827144980430603,
12,287,0,0.8252155780792236,
12,287,1,0.8252537250518799,
12,288,0,0.8239433765411377,
12,288,1,0.8216754198074341,
12,289,0,0.8260684013366699,
12,289,1,0.8256744146347046,
12,290,0,0.8247959613800049,
12,290,1,0.823865532875061,
12,291,0,0.8235213160514832,
12,291,1,0.8222247362136841,
12,292,0,0.8267194628715515,
12,292,1,0.8265466690063477,
12,293,0,0.8256109952926636,
12,293,1,0.8293002247810364,
12,294,0,0.8240212202072144,
12,294,1,0.8251751065254211,
12,295,0,0.8236230611801147,
12,295,1,0.8291287422180176,
12,296,0,0.8230429887771606,
12,296,1,0.8177831172943115,
12,297,0,0.8213866353034973,
12,297,1,0.8292930722236633,
12,298,0,0.8265336751937866,
12,298,1,0.8192541599273682,
12,299,0,0.8259812593460083,
12,299,1,0.8297809362411499,
12,300,0,0.8264425992965698,
12,300,1,0.8227509260177612,
12,301,0,0.8247406482696533,
12,301,1,0.8259091377258301,
12,302,0,0.8239459991455078,
12,302,1,0.8297901153564453,
12,303,0,0.8198181390762329,
12,303,1,0.8268047571182251,
12,304,0,0.8246534466743469,
12,304,1,0.8261154890060425,
12,305,0,0.8266248106956482,
12,305,1,0.8213151693344116,
12,306,0,0.8240704536437988,
12,306,1,0.8177826404571533,
12,307,0,0.8277301788330078,
12,307,1,0.826253354549408,
12,308,0,0.8209903240203857,
12,308,1,0.8236202001571655,
12,309,0,0.8237325549125671,
12,309,1,0.8303908109664917,
12,310,0,0.822418212890625,
12,310,1,0.8231096267700195,
12,311,0,0.8259738683700562,
12,311,1,0.8273375034332275,
12,312,0,0.8238128423690796,
12,312,1,0.817006528377533,
12,313,0,0.8214786052703857,
12,313,1,0.8286146521568298,
12,314,0,0.823749303817749,
12,314,1,0.8263963460922241,
12,315,0,0.8247174024581909,
12,315,1,0.8215256929397583,
12,316,0,0.8224844336509705,
12,316,1,0.8281140327453613,
12,317,0,0.8251233696937561,
12,317,1,0.8227151036262512,
12,318,0,0.8260526657104492,
12,318,1,0.8238202333450317,
12,319,0,0.8220385909080505,
12,319,1,0.83371901512146,
12,320,0,0.8235584497451782,
12,320,1,0.829119086265564,
12,321,0,0.8217355012893677,
12,321,1,0.8279863595962524,
12,322,0,0.8268816471099854,
12,322,1,0.8280123472213745,
12,323,0,0.8234592080116272,
12,323,1,0.8270497918128967,
12,324,0,0.823789119720459,
12,324,1,0.8195866942405701,
12,325,0,0.8268671631813049,
12,325,1,0.8244017362594604,
12,326,0,0.8231709003448486,
12,326,1,0.8231589794158936,
12,327,0,0.8239302635192871,
12,327,1,0.8256094455718994,
12,328,0,0.8244093656539917,
12,328,1,0.8344928026199341,
12,329,0,0.8230204582214355,
12,329,1,0.8287670612335205,
12,330,0,0.8215708136558533,
12,330,1,0.8253812193870544,
12,331,0,0.8268985748291016,
12,331,1,0.8245867490768433,
12,332,0,0.8253211975097656,
12,332,1,0.8217220306396484,
12,333,0,0.8274937868118286,
12,333,1,0.8228738307952881,
12,334,0,0.8246986269950867,
12,334,1,0.8220927715301514,
12,335,0,0.8223644495010376,
12,335,1,0.8248764276504517,
12,336,0,0.8222464323043823,
12,336,1,0.8226805925369263,
12,337,0,0.8231201767921448,
12,337,1,0.8247740268707275,
12,338,0,0.8238089084625244,
12,338,1,0.8259328603744507,
12,339,0,0.8263704180717468,
12,339,1,0.8254153728485107,
12,340,0,0.8277824521064758,
12,340,1,0.8260830044746399,
12,341,0,0.8233578205108643,
12,341,1,0.8278208374977112,
12,342,0,0.8251429200172424,
12,342,1,0.8301156759262085,
12,343,0,0.8263959288597107,
12,343,1,0.8187006711959839,
12,344,0,0.8276373147964478,
12,344,1,0.8271138668060303,
12,345,0,0.8255819082260132,
12,345,1,0.8269988894462585,
12,346,0,0.8252332806587219,
12,346,1,0.830367386341095,
12,347,0,0.8243207335472107,
12,347,1,0.8238104581832886,
12,348,0,0.82719886302948,
12,348,1,0.8207154870033264,
12,349,0,0.8248686790466309,
12,349,1,0.8233482837677002,
12,350,0,0.8272355794906616,
12,350,1,0.8267226219177246,
12,351,0,0.8245890140533447,
12,351,1,0.8229716420173645,
12,352,0,0.8256280422210693,
12,352,1,0.8303265571594238,
12,353,0,0.8247004151344299,
12,353,1,0.8240215182304382,
12,354,0,0.8271728754043579,
12,354,1,0.8335201740264893,
12,355,0,0.8260351419448853,
12,355,1,0.8203677535057068,
12,356,0,0.824791669845581,
12,356,1,0.8243972063064575,
12,357,0,0.8252961039543152,
12,357,1,0.8243962526321411,
12,358,0,0.8275415897369385,
12,358,1,0.8273792266845703,
12,359,0,0.8268318176269531,
12,359,1,0.8247084021568298,
12,360,0,0.8233200907707214,
12,360,1,0.8216248750686646,
12,361,0,0.8278545141220093,
12,361,1,0.8268086910247803,
12,362,0,0.8243531584739685,
12,362,1,0.8269069194793701,
12,363,0,0.8244635462760925,
12,363,1,0.8250892162322998,
12,364,0,0.8257187008857727,
12,364,1,0.8244873285293579,
12,365,0,0.823193371295929,
12,365,1,0.8290228843688965,
12,366,0,0.8245292901992798,
12,366,1,0.8262366056442261,
12,367,0,0.8268292546272278,
12,367,1,0.823746919631958,
12,368,0,0.8256009221076965,
12,368,1,0.8246292471885681,
12,369,0,0.8271550536155701,
12,369,1,0.8321713209152222,
12,370,0,0.8238821029663086,
12,370,1,0.8237659335136414,
12,371,0,0.8249691128730774,
12,371,1,0.817920446395874,
12,372,0,0.8250579237937927,
12,372,1,0.8193845152854919,
12,373,0,0.8241852521896362,
12,373,1,0.8233436942100525,
12,374,0,0.8243748545646667,
12,374,1,0.8277726173400879,
12,375,0,0.825035572052002,
12,375,1,0.8170929551124573,
12,376,0,0.8247278928756714,
12,376,1,0.8258905410766602,
12,377,0,0.8257700800895691,
12,377,1,0.8283453583717346,
12,378,0,0.8239827156066895,
12,378,1,0.8238659501075745,
12,379,0,0.8250179290771484,
12,379,1,0.8303660154342651,
12,380,0,0.8233640789985657,
12,380,1,0.8289779424667358,
12,381,0,0.8264980316162109,
12,381,1,0.8220010995864868,
12,382,0,0.8244189620018005,
12,382,1,0.8305575847625732,
12,383,0,0.8255202770233154,
12,383,1,0.8232170343399048,
12,384,0,0.8221898078918457,
12,384,1,0.8185760974884033,
12,385,0,0.8253911733627319,
12,385,1,0.8262838125228882,
12,386,0,0.8216773271560669,
12,386,1,0.8220673203468323,
12,387,0,0.8230164051055908,
12,387,1,0.8314275145530701,
12,388,0,0.8236508369445801,
12,388,1,0.8183639645576477,
12,389,0,0.8231328725814819,
12,389,1,0.8260258436203003,
12,390,0,0.824452817440033,
12,390,1,0.8228602409362793,
12,391,0,0.8262001872062683,
12,391,1,0.8265303373336792,
12,392,0,0.8271021842956543,
12,392,1,0.8232438564300537,
12,393,0,0.8279143571853638,
12,393,1,0.8257008790969849,
12,394,0,0.8239805698394775,
12,394,1,0.8232201933860779,
12,395,0,0.8266710042953491,
12,395,1,0.826826810836792,
12,396,0,0.8284319639205933,
12,396,1,0.8258528709411621,
12,397,0,0.8239167332649231,
12,397,1,0.8216990232467651,
12,398,0,0.8245716691017151,
12,398,1,0.8211804628372192,
12,399,0,0.8252335786819458,
12,399,1,0.8253210783004761,
12,400,0,0.8253873586654663,
12,400,1,0.8262768983840942,
12,401,0,0.8245941400527954,
12,401,1,0.820894718170166,
12,402,0,0.8258787989616394,
12,402,1,0.8243879079818726,
12,403,0,0.8244251608848572,
12,403,1,0.8238575458526611,
12,404,0,0.8258805871009827,
12,404,1,0.827014684677124,
12,405,0,0.8238197565078735,
12,405,1,0.8326516151428223,
12,406,0,0.8238116502761841,
12,406,1,0.8268184065818787,
12,407,0,0.8231852054595947,
12,407,1,0.8202572464942932,
12,408,0,0.8221563100814819,
12,408,1,0.8226269483566284,
12,409,0,0.825168251991272,
12,409,1,0.8197267651557922,
12,410,0,0.824787974357605,
12,410,1,0.8232537508010864,
12,411,0,0.8236604332923889,
12,411,1,0.8272747993469238,
12,412,0,0.8270570635795593,
12,412,1,0.8258391618728638,
12,413,0,0.8252878189086914,
12,413,1,0.8244513869285583,
12,414,0,0.8222891092300415,
12,414,1,0.8244056701660156,
12,415,0,0.8253015279769897,
12,415,1,0.8228940963745117,
12,416,0,0.8248352408409119,
12,416,1,0.8257706165313721,
12,417,0,0.8242822289466858,
12,417,1,0.828043520450592,
12,418,0,0.8242090940475464,
12,418,1,0.8273397088050842,
12,419,0,0.8238002061843872,
12,419,1,0.8259874582290649,
12,420,0,0.827657163143158,
12,420,1,0.822058916091919,
12,421,0,0.8255516886711121,
12,421,1,0.8250243663787842,
12,422,0,0.8228955268859863,
12,422,1,0.825953483581543,
12,423,0,0.8273338079452515,
12,423,1,0.8278391361236572,
12,424,0,0.8255107402801514,
12,424,1,0.8256511688232422,
12,425,0,0.8232056498527527,
12,425,1,0.8279139995574951,
12,426,0,0.8274109363555908,
12,426,1,0.8236474990844727,
12,427,0,0.8238441348075867,
12,427,1,0.8267873525619507,
12,428,0,0.822878360748291,
12,428,1,0.8266770839691162,
12,429,0,0.824112594127655,
12,429,1,0.8251922130584717,
12,430,0,0.8265942335128784,
12,430,1,0.8258793950080872,
12,431,0,0.8232784867286682,
12,431,1,0.823688268661499,
12,432,0,0.8275154829025269,
12,432,1,0.82196044921875,
12,433,0,0.8232959508895874,
12,433,1,0.8246660232543945,
12,434,0,0.8261369466781616,
12,434,1,0.8241837024688721,
12,435,0,0.8247548341751099,
12,435,1,0.82433021068573,
12,436,0,0.8277404308319092,
12,436,1,0.826839804649353,
12,437,0,0.8240463137626648,
12,437,1,0.8281893730163574,
12,438,0,0.8271792531013489,
12,438,1,0.8272919654846191,
12,439,0,0.8227797746658325,
12,439,1,0.8250209093093872,
12,440,0,0.8241249322891235,
12,440,1,0.8233792185783386,
12,441,0,0.8244205117225647,
12,441,1,0.8231205940246582,
12,442,0,0.8255386352539062,
12,442,1,0.8250598907470703,
12,443,0,0.8203648924827576,
12,443,1,0.820950984954834,
12,444,0,0.8258264064788818,
12,444,1,0.8215330243110657,
12,445,0,0.8250967860221863,
12,445,1,0.8239227533340454,
12,446,0,0.823195219039917,
12,446,1,0.8251588344573975,
12,447,0,0.8219623565673828,
12,447,1,0.8259825706481934,
12,448,0,0.823825478553772,
12,448,1,0.8217107653617859,
12,449,0,0.8242475986480713,
12,449,1,0.8305994272232056,
12,450,0,0.8238931894302368,
12,450,1,0.8219634294509888,
12,451,0,0.8224062323570251,
12,451,1,0.8213796615600586,
12,452,0,0.8238201141357422,
12,452,1,0.8279259204864502,
12,453,0,0.8272457718849182,
12,453,1,0.8231664896011353,
12,454,0,0.8232696652412415,
12,454,1,0.823462724685669,
12,455,0,0.8243807554244995,
12,455,1,0.8268357515335083,
12,456,0,0.8255794048309326,
12,456,1,0.8203057050704956,
12,457,0,0.8237971067428589,
12,457,1,0.8230336904525757,
12,458,0,0.8254987001419067,
12,458,1,0.826555609703064,
12,459,0,0.8246583342552185,
12,459,1,0.8235900402069092,
12,460,0,0.8250677585601807,
12,460,1,0.821630597114563,
12,461,0,0.8230140209197998,
12,461,1,0.8157728910446167,
12,462,0,0.8245886564254761,
12,462,1,0.8268095254898071,
12,463,0,0.8238534927368164,
12,463,1,0.8226414918899536,
12,464,0,0.8247531652450562,
12,464,1,0.8299341201782227,
12,465,0,0.8267160654067993,
12,465,1,0.8203245401382446,
12,466,0,0.827918291091919,
12,466,1,0.8241511583328247,
12,467,0,0.8248602151870728,
12,467,1,0.8288769721984863,
12,468,0,0.8242805600166321,
12,468,1,0.8250555992126465,
12,469,0,0.8253055810928345,
12,469,1,0.8288349509239197,
12,470,0,0.8263062238693237,
12,470,1,0.8252745866775513,
12,471,0,0.8245375752449036,
12,471,1,0.8273764252662659,
12,472,0,0.8237136006355286,
12,472,1,0.8318790197372437,
12,473,0,0.8269643783569336,
12,473,1,0.8222121596336365,
12,474,0,0.8239446878433228,
12,474,1,0.8290032744407654,
12,475,0,0.8268269300460815,
12,475,1,0.8239964246749878,
12,476,0,0.8261571526527405,
12,476,1,0.8177481889724731,
12,477,0,0.8236163854598999,
12,477,1,0.8240363001823425,
12,478,0,0.8203693628311157,
12,478,1,0.8235836029052734,
12,479,0,0.8272180557250977,
12,479,1,0.8206236362457275,
12,480,0,0.8251538276672363,
12,480,1,0.8180853128433228,
12,481,0,0.8231736421585083,
12,481,1,0.8243269920349121,
12,482,0,0.8253559470176697,
12,482,1,0.8238090872764587,
12,483,0,0.8273136615753174,
12,483,1,0.824397087097168,
12,484,0,0.8260738253593445,
12,484,1,0.8256688117980957,
12,485,0,0.8269203901290894,
12,485,1,0.8282158970832825,
12,486,0,0.8240324258804321,
12,486,1,0.8258705139160156,
12,487,0,0.8253095149993896,
12,487,1,0.8274490833282471,
12,488,0,0.8242191076278687,
12,488,1,0.8208779096603394,
12,489,0,0.8259114027023315,
12,489,1,0.8208422660827637,
12,490,0,0.8271390199661255,
12,490,1,0.8249625563621521,
12,491,0,0.8244107961654663,
12,491,1,0.8258712887763977,
12,492,0,0.824614942073822,
12,492,1,0.8236438632011414,
12,493,0,0.8255325555801392,
12,493,1,0.8188741207122803,
12,494,0,0.8248064517974854,
12,494,1,0.8212181329727173,
12,495,0,0.8253463506698608,
12,495,1,0.8195800185203552,
12,496,0,0.8226586580276489,
12,496,1,0.8238264322280884,
12,497,0,0.8214606046676636,
12,497,1,0.8274173736572266,
12,498,0,0.8246535062789917,
12,498,1,0.8241854906082153,
12,499,0,0.8265345692634583,
12,499,1,0.8254435062408447,
12,500,0,0.8216058611869812,
12,500,1,0.8213080763816833,
12,501,0,0.8233799934387207,
12,501,1,0.8277658820152283,
12,502,0,0.8234974145889282,
12,502,1,0.824535608291626,
12,503,0,0.8272207975387573,
12,503,1,0.8250113129615784,
12,504,0,0.8255962133407593,
12,504,1,0.8290693759918213,
12,505,0,0.8248345851898193,
12,505,1,0.8284331560134888,
12,506,0,0.8260369300842285,
12,506,1,0.8261882066726685,
12,507,0,0.8265655040740967,
12,507,1,0.8269962072372437,
12,508,0,0.8249008655548096,
12,508,1,0.8229011297225952,
12,509,0,0.8269125819206238,
12,509,1,0.8267255425453186,
12,510,0,0.8256597518920898,
12,510,1,0.828092098236084,
12,511,0,0.8268341422080994,
12,511,1,0.82740318775177,
12,512,0,0.824681282043457,
12,512,1,0.8266296982765198,
12,513,0,0.8214386701583862,
12,513,1,0.820015013217926,
12,514,0,0.8252914547920227,
12,514,1,0.8263591527938843,
12,515,0,0.822252631187439,
12,515,1,0.8271932005882263,
12,516,0,0.826870322227478,
12,516,1,0.8283410668373108,
12,517,0,0.8245278596878052,
12,517,1,0.8280116319656372,
12,518,0,0.8254473209381104,
12,518,1,0.8179232478141785,
12,519,0,0.8254674673080444,
12,519,1,0.8193445205688477,
12,520,0,0.8268483281135559,
12,520,1,0.8196339011192322,
12,521,0,0.8247621059417725,
12,521,1,0.8217415809631348,
12,522,0,0.8247681856155396,
12,522,1,0.8290116786956787,
12,523,0,0.823349118232727,
12,523,1,0.8253179788589478,
12,524,0,0.8247434496879578,
12,524,1,0.8178693056106567,
12,525,0,0.8252648115158081,
12,525,1,0.8276309370994568,
12,526,0,0.8258429765701294,
12,526,1,0.8244445323944092,
12,527,0,0.8271118402481079,
12,527,1,0.8224287033081055,
12,528,0,0.8253116607666016,
12,528,1,0.8230347633361816,
12,529,0,0.8258023262023926,
12,529,1,0.8215538263320923,
12,530,0,0.8284685015678406,
12,530,1,0.8310416340827942,
12,531,0,0.8246691226959229,
12,531,1,0.826583206653595,
12,532,0,0.8224979639053345,
12,532,1,0.8179402351379395,
12,533,0,0.8271557092666626,
12,533,1,0.8241072297096252,
12,534,0,0.8254223465919495,
12,534,1,0.8190248012542725,
12,535,0,0.8243410587310791,
12,535,1,0.8285255432128906,
12,536,0,0.8251105546951294,
12,536,1,0.8246086239814758,
12,537,0,0.8236098885536194,
12,537,1,0.8219401240348816,
12,538,0,0.8258768320083618,
12,538,1,0.8209514021873474,
12,539,0,0.8240582942962646,
12,539,1,0.8253933787345886,
12,540,0,0.8282307386398315,
12,540,1,0.8236078023910522,
12,541,0,0.8267330527305603,
12,541,1,0.8311776518821716,
12,542,0,0.8249222040176392,
12,542,1,0.823722243309021,
12,543,0,0.8238644003868103,
12,543,1,0.8265987634658813,
12,544,0,0.8259639739990234,
12,544,1,0.8137689232826233,
12,545,0,0.8259037733078003,
12,545,1,0.8217434883117676,
12,546,0,0.826181173324585,
12,546,1,0.8247039318084717,
12,547,0,0.823138415813446,
12,547,1,0.8296247720718384,
12,548,0,0.8297805190086365,
12,548,1,0.8233050107955933,
12,549,0,0.8254371881484985,
12,549,1,0.826562762260437,
12,550,0,0.8275588750839233,
12,550,1,0.8258626461029053,
12,551,0,0.824607253074646,
12,551,1,0.8242819309234619,
12,552,0,0.8247995376586914,
12,552,1,0.8279871344566345,
12,553,0,0.8267734050750732,
12,553,1,0.8208220601081848,
12,554,0,0.8241550922393799,
12,554,1,0.8284310102462769,
12,555,0,0.8274105191230774,
12,555,1,0.8261004686355591,
12,556,0,0.8270593881607056,
12,556,1,0.824407696723938,
12,557,0,0.8260072469711304,
12,557,1,0.8252595663070679,
12,558,0,0.8251069784164429,
12,558,1,0.8186442255973816,
12,559,0,0.8247596025466919,
12,559,1,0.8288198709487915,
12,560,0,0.8234241604804993,
12,560,1,0.8286083340644836,
12,561,0,0.8233685493469238,
12,561,1,0.8225833773612976,
12,562,0,0.8243101835250854,
12,562,1,0.8199852705001831,
12,563,0,0.8235006928443909,
12,563,1,0.8171178698539734,
12,564,0,0.8260188698768616,
12,564,1,0.8239816427230835,
12,565,0,0.8231511116027832,
12,565,1,0.8206204175949097,
12,566,0,0.8276902437210083,
12,566,1,0.8259226679801941,
12,567,0,0.8232651948928833,
12,567,1,0.8254017233848572,
12,568,0,0.8252561092376709,
12,568,1,0.8241748809814453,
12,569,0,0.8221303224563599,
12,569,1,0.8190881609916687,
12,570,0,0.8241140842437744,
12,570,1,0.8245669007301331,
12,571,0,0.8228827714920044,
12,571,1,0.8247618675231934,
12,572,0,0.8261157870292664,
12,572,1,0.827436089515686,
12,573,0,0.8223484754562378,
12,573,1,0.8273305296897888,
12,574,0,0.8247916102409363,
12,574,1,0.8260470032691956,
12,575,0,0.8237206935882568,
12,575,1,0.8213601112365723,
12,576,0,0.8235238790512085,
12,576,1,0.8210902214050293,
12,577,0,0.8248544931411743,
12,577,1,0.8221427202224731,
12,578,0,0.8235799670219421,
12,578,1,0.8289741277694702,
12,579,0,0.8234050273895264,
12,579,1,0.8229625821113586,
12,580,0,0.8248705863952637,
12,580,1,0.8243675231933594,
12,581,0,0.8259252905845642,
12,581,1,0.8236509561538696,
12,582,0,0.8235248923301697,
12,582,1,0.8218278884887695,
12,583,0,0.8231636881828308,
12,583,1,0.8228244185447693,
12,584,0,0.825109601020813,
12,584,1,0.8164685964584351,
12,585,0,0.8245717287063599,
12,585,1,0.8286457061767578,
12,586,0,0.8246058821678162,
12,586,1,0.8157965540885925,
12,587,0,0.8217964768409729,
12,587,1,0.8201980590820312,
12,588,0,0.823947548866272,
12,588,1,0.833049476146698,
12,589,0,0.8253283500671387,
12,589,1,0.8231745958328247,
12,590,0,0.8221251964569092,
12,590,1,0.815784215927124,
12,591,0,0.8252674341201782,
12,591,1,0.8201949000358582,
12,592,0,0.8279340267181396,
12,592,1,0.8294996619224548,
12,593,0,0.8241820931434631,
12,593,1,0.8294902443885803,
12,594,0,0.8262101411819458,
12,594,1,0.820217490196228,
12,595,0,0.8231654763221741,
12,595,1,0.8245495557785034,
12,596,0,0.8239104747772217,
12,596,1,0.8204473257064819,
12,597,0,0.8268885612487793,
12,597,1,0.825128972530365,
12,598,0,0.8265230059623718,
12,598,1,0.8242759704589844,
12,599,0,0.8262525796890259,
12,599,1,0.8270483016967773,
12,600,0,0.8235130310058594,
12,600,1,0.8208624124526978,
12,601,0,0.823734700679779,
12,601,1,0.8258676528930664,
12,602,0,0.8236218094825745,
12,602,1,0.8209354281425476,
12,603,0,0.825283408164978,
12,603,1,0.8272169828414917,
12,604,0,0.8237209320068359,
12,604,1,0.822324275970459,
12,val,,,0.8254329065481821
13,0,0,0.823918342590332,
13,0,1,0.8220571875572205,
13,1,0,0.8260135054588318,
13,1,1,0.8262590169906616,
13,2,0,0.8272212147712708,
13,2,1,0.828238308429718,
13,3,0,0.8234258890151978,
13,3,1,0.8278082013130188,
13,4,0,0.825660228729248,
13,4,1,0.8239982724189758,
13,5,0,0.8229271173477173,
13,5,1,0.8320210576057434,
13,6,0,0.82610684633255,
13,6,1,0.8231194019317627,
13,7,0,0.8257626295089722,
13,7,1,0.8171299695968628,
13,8,0,0.8214298486709595,
13,8,1,0.8233950138092041,
13,9,0,0.8234041929244995,
13,9,1,0.8158272504806519,
13,10,0,0.8225899934768677,
13,10,1,0.8227049708366394,
13,11,0,0.8211081624031067,
13,11,1,0.8274859189987183,
13,12,0,0.8229451179504395,
13,12,1,0.8171807527542114,
13,13,0,0.8260302543640137,
13,13,1,0.8247132301330566,
13,14,0,0.8240681886672974,
13,14,1,0.828723132610321,
13,15,0,0.8217202425003052,
13,15,1,0.8170728087425232,
13,16,0,0.8251192569732666,
13,16,1,0.824350118637085,
13,17,0,0.8233065605163574,
13,17,1,0.8247800469398499,
13,18,0,0.8244994282722473,
13,18,1,0.8299105763435364,
13,19,0,0.8255330920219421,
13,19,1,0.8220533132553101,
13,20,0,0.8225415349006653,
13,20,1,0.8260206580162048,
13,21,0,0.8266921043395996,
13,21,1,0.8163133859634399,
13,22,0,0.8254250884056091,
13,22,1,0.8207381367683411,
13,23,0,0.8206409811973572,
13,23,1,0.8267330527305603,
13,24,0,0.8242369294166565,
13,24,1,0.8222043514251709,
13,25,0,0.8211135864257812,
13,25,1,0.8258203268051147,
13,26,0,0.8224401473999023,
13,26,1,0.8232196569442749,
13,27,0,0.825940728187561,
13,27,1,0.8246452808380127,
13,28,0,0.8199543952941895,
13,28,1,0.8183055520057678,
13,29,0,0.8254026174545288,
13,29,1,0.834107518196106,
13,30,0,0.8221167922019958,
13,30,1,0.8214117288589478,
13,31,0,0.8255033493041992,
13,31,1,0.8162989616394043,
13,32,0,0.8217626214027405,
13,32,1,0.8270211219787598,
13,33,0,0.8252316117286682,
13,33,1,0.8269580602645874,
13,34,0,0.8229511976242065,
13,34,1,0.8246940970420837,
13,35,0,0.8229750394821167,
13,35,1,0.815293550491333,
13,36,0,0.8227172493934631,
13,36,1,0.8204940557479858,
13,37,0,0.8226832747459412,
13,37,1,0.825129508972168,
13,38,0,0.8231597542762756,
13,38,1,0.8243694305419922,
13,39,0,0.8255191445350647,
13,39,1,0.8278855681419373,
13,40,0,0.8224619626998901,
13,40,1,0.8237682580947876,
13,41,0,0.8244500160217285,
13,41,1,0.8269523978233337,
13,42,0,0.8270474672317505,
13,42,1,0.826040506362915,
13,43,0,0.8247251510620117,
13,43,1,0.8271666169166565,
13,44,0,0.826339840888977,
13,44,1,0.8241789937019348,
13,45,0,0.8222901821136475,
13,45,1,0.8248969316482544,
13,46,0,0.827892005443573,
13,46,1,0.8193581700325012,
13,47,0,0.8216916918754578,
13,47,1,0.8186068534851074,
13,48,0,0.8260748982429504,
13,48,1,0.8213698863983154,
13,49,0,0.8247405290603638,
13,49,1,0.832494854927063,
13,50,0,0.8249326348304749,
13,50,1,0.8244088888168335,
13,51,0,0.8270795941352844,
13,51,1,0.8246541023254395,
13,52,0,0.8257288932800293,
13,52,1,0.8229793310165405,
13,53,0,0.8271030783653259,
13,53,1,0.8261209726333618,
13,54,0,0.8245197534561157,
13,54,1,0.8210009336471558,
13,55,0,0.8279889225959778,
13,55,1,0.8301383256912231,
13,56,0,0.8263242244720459,
13,56,1,0.8249538540840149,
13,57,0,0.8210682272911072,
13,57,1,0.8238927125930786,
13,58,0,0.8284523487091064,
13,58,1,0.8251535296440125,
13,59,0,0.8234595060348511,
13,59,1,0.8264015913009644,
13,60,0,0.8269834518432617,
13,60,1,0.8219774961471558,
13,61,0,0.8240048289299011,
13,61,1,0.8193968534469604,
13,62,0,0.8271026611328125,
13,62,1,0.8268423080444336,
13,63,0,0.8211054801940918,
13,63,1,0.8292329907417297,
13,64,0,0.8247615098953247,
13,64,1,0.8204381465911865,
13,65,0,0.8266430497169495,
13,65,1,0.8158059120178223,
13,66,0,0.8250770568847656,
13,66,1,0.823070764541626,
13,67,0,0.8255643844604492,
13,67,1,0.8253910541534424,
13,68,0,0.8273614048957825,
13,68,1,0.8245300054550171,
13,69,0,0.8247235417366028,
13,69,1,0.8281005024909973,
13,70,0,0.8224624395370483,
13,70,1,0.8239922523498535,
13,71,0,0.8236366510391235,
13,71,1,0.8270378112792969,
13,72,0,0.8228910565376282,
13,72,1,0.8251466751098633,
13,73,0,0.8263956308364868,
13,73,1,0.8231403827667236,
13,74,0,0.8232897520065308,
13,74,1,0.8187869787216187,
13,75,0,0.8239874243736267,
13,75,1,0.8315302133560181,
13,76,0,0.8218488693237305,
13,76,1,0.8240935802459717,
13,77,0,0.8201709985733032,
13,77,1,0.8242313861846924,
13,78,0,0.82790207862854,
13,78,1,0.8273292779922485,
13,79,0,0.8236435055732727,
13,79,1,0.8292193412780762,
13,80,0,0.8244841694831848,
13,80,1,0.8251868486404419,
13,81,0,0.8216103315353394,
13,81,1,0.8318855166435242,
13,82,0,0.8241500854492188,
13,82,1,0.8301115036010742,
13,83,0,0.8223888874053955,
13,83,1,0.8229939937591553,
13,84,0,0.8198992609977722,
13,84,1,0.8232333660125732,
13,85,0,0.8253312110900879,
13,85,1,0.8231673240661621,
13,86,0,0.822695791721344,
13,86,1,0.8236450552940369,
13,87,0,0.824799120426178,
13,87,1,0.8255634307861328,
13,88,0,0.8254871964454651,
13,88,1,0.8246303796768188,
13,89,0,0.8244909644126892,
13,89,1,0.8234819769859314,
13,90,0,0.8246335983276367,
13,90,1,0.8177347183227539,
13,91,0,0.8257992267608643,
13,91,1,0.8249294757843018,
13,92,0,0.8248249292373657,
13,92,1,0.8255172967910767,
13,93,0,0.8238357305526733,
13,93,1,0.8160680532455444,
13,94,0,0.8231135606765747,
13,94,1,0.828345775604248,
13,95,0,0.8238522410392761,
13,95,1,0.8205813765525818,
13,96,0,0.8231035470962524,
13,96,1,0.8247674703598022,
13,97,0,0.82381272315979,
13,97,1,0.823164165019989,
13,98,0,0.8259375095367432,
13,98,1,0.8236725330352783,
13,99,0,0.8225730061531067,
13,99,1,0.8260892629623413,
13,100,0,0.8241554498672485,
13,100,1,0.8204372525215149,
13,101,0,0.8238973617553711,
13,101,1,0.8286256790161133,
13,102,0,0.8221092224121094,
13,102,1,0.8211485743522644,
13,103,0,0.823642909526825,
13,103,1,0.8293179273605347,
13,104,0,0.8298338055610657,
13,104,1,0.818309485912323,
13,105,0,0.82532799243927,
13,105,1,0.8242607116699219,
13,106,0,0.8266438841819763,
13,106,1,0.8213154673576355,
13,107,0,0.8282948136329651,
13,107,1,0.8300862908363342,
13,108,0,0.8206977844238281,
13,108,1,0.8248087763786316,
13,109,0,0.8261328935623169,
13,109,1,0.8266043066978455,
13,110,0,0.8230170011520386,
13,110,1,0.8259128332138062,
13,111,0,0.8253641724586487,
13,111,1,0.8303462862968445,
13,112,0,0.824819803237915,
13,112,1,0.8231332302093506,
13,113,0,0.8278167843818665,
13,113,1,0.823859453201294,
13,114,0,0.8273406028747559,
13,114,1,0.8254350423812866,
13,115,0,0.8244656324386597,
13,115,1,0.8281692266464233,
13,116,0,0.8259704113006592,
13,116,1,0.8211225271224976,
13,117,0,0.8232578039169312,
13,117,1,0.8252238631248474,
13,118,0,0.8261159658432007,
13,118,1,0.8259501457214355,
13,119,0,0.8238482475280762,
13,119,1,0.826501190662384,
13,120,0,0.8242488503456116,
13,120,1,0.8237191438674927,
13,121,0,0.8262695670127869,
13,121,1,0.8275622129440308,
13,122,0,0.8249634504318237,
13,122,1,0.8219449520111084,
13,123,0,0.8218551278114319,
13,123,1,0.8254910707473755,
13,124,0,0.8255128264427185,
13,124,1,0.827455997467041,
13,125,0,0.8246509432792664,
13,125,1,0.8297367095947266,
13,126,0,0.8239965438842773,
13,126,1,0.8256387710571289,
13,127,0,0.8217852115631104,
13,127,1,0.8284496068954468,
13,128,0,0.821723997592926,
13,128,1,0.8254767656326294,
13,129,0,0.8255264759063721,
13,129,1,0.8272874355316162,
13,130,0,0.8243509531021118,
13,130,1,0.8200452327728271,
13,131,0,0.8257509469985962,
13,131,1,0.8277337551116943,
13,132,0,0.8233468532562256,
13,132,1,0.8233323097229004,
13,133,0,0.8241682648658752,
13,133,1,0.8244245052337646,
13,134,0,0.8253247737884521,
13,134,1,0.8273047804832458,
13,135,0,0.82457035779953,
13,135,1,0.8283665776252747,
13,136,0,0.8246114253997803,
13,136,1,0.8239957094192505,
13,137,0,0.8230605125427246,
13,137,1,0.8214991092681885,
13,138,0,0.8228195309638977,
13,138,1,0.8236885070800781,
13,139,0,0.8256213665008545,
13,139,1,0.8268429040908813,
13,140,0,0.8259110450744629,
13,140,1,0.8188300132751465,
13,141,0,0.824506938457489,
13,141,1,0.8227595090866089,
13,142,0,0.8260812759399414,
13,142,1,0.8243768215179443,
13,143,0,0.8251872062683105,
13,143,1,0.8245657682418823,
13,144,0,0.8234857320785522,
13,144,1,0.8247135281562805,
13,145,0,0.8240846395492554,
13,145,1,0.8204193115234375,
13,146,0,0.8247201442718506,
13,146,1,0.8301783800125122,
13,147,0,0.8214634656906128,
13,147,1,0.8183163404464722,
13,148,0,0.820939302444458,
13,148,1,0.825607180595398,
13,149,0,0.8258245587348938,
13,149,1,0.8242046236991882,
13,150,0,0.8240739107131958,
13,150,1,0.8230079412460327,
13,151,0,0.8229260444641113,
13,151,1,0.8283593058586121,
13,152,0,0.8212683200836182,
13,152,1,0.8225088119506836,
13,153,0,0.8264308571815491,
13,153,1,0.8249867558479309,
13,154,0,0.8241228461265564,
13,154,1,0.8316279649734497,
13,155,0,0.8225641250610352,
13,155,1,0.8241783380508423,
13,156,0,0.826202392578125,
13,156,1,0.8157396912574768,
13,157,0,0.8257700800895691,
13,157,1,0.8286459445953369,
13,158,0,0.8272342085838318,
13,158,1,0.8295543193817139,
13,159,0,0.824844479560852,
13,159,1,0.8233113884925842,
13,160,0,0.8200174570083618,
13,160,1,0.8177199363708496,
13,161,0,0.8248807191848755,
13,161,1,0.8240156173706055,
13,162,0,0.825477123260498,
13,162,1,0.8235750794410706,
13,163,0,0.8224199414253235,
13,163,1,0.8230171203613281,
13,164,0,0.8253016471862793,
13,164,1,0.8267682790756226,
13,165,0,0.8236463665962219,
13,165,1,0.8162791728973389,
13,166,0,0.8278944492340088,
13,166,1,0.8256247639656067,
13,167,0,0.8211075067520142,
13,167,1,0.8229209184646606,
13,168,0,0.8263647556304932,
13,168,1,0.820030152797699,
13,169,0,0.8238521814346313,
13,169,1,0.822128176689148,
13,170,0,0.825960636138916,
13,170,1,0.8226708769798279,
13,171,0,0.8235310912132263,
13,171,1,0.8195042014122009,
13,172,0,0.8286950588226318,
13,172,1,0.8265892863273621,
13,173,0,0.8213682174682617,
13,173,1,0.8293013572692871,
13,174,0,0.8236395716667175,
13,174,1,0.8224416971206665,
13,175,0,0.8285729289054871,
13,175,1,0.83161860704422,
13,176,0,0.8258671760559082,
13,176,1,0.8173643350601196,
13,177,0,0.8265238404273987,
13,177,1,0.8285275101661682,
13,178,0,0.8252556324005127,
13,178,1,0.8262310028076172,
13,179,0,0.8204044103622437,
13,179,1,0.8290053606033325,
13,180,0,0.8257960081100464,
13,180,1,0.8239498138427734,
13,181,0,0.8224040269851685,
13,181,1,0.8130049705505371,
13,182,0,0.824607253074646,
13,182,1,0.826534628868103,
13,183,0,0.8270164132118225,
13,183,1,0.8268755078315735,
13,184,0,0.825951337814331,
13,184,1,0.8190048933029175,
13,185,0,0.8279100060462952,
13,185,1,0.8214701414108276,
13,186,0,0.8253573179244995,
13,186,1,0.8155359625816345,
13,187,0,0.8265050053596497,
13,187,1,0.8194770812988281,
13,188,0,0.8215384483337402,
13,188,1,0.82100510597229,
13,189,0,0.8234474658966064,
13,189,1,0.8237965106964111,
13,190,0,0.8231232166290283,
13,190,1,0.824338972568512,
13,191,0,0.8242303729057312,
13,191,1,0.824191689491272,
13,192,0,0.8241267204284668,
13,192,1,0.8182579278945923,
13,193,0,0.8221938014030457,
13,193,1,0.8322021961212158,
13,194,0,0.822451114654541,
13,194,1,0.8252965807914734,
13,195,0,0.8257413506507874,
13,195,1,0.8259610533714294,
13,196,0,0.8216760158538818,
13,196,1,0.8323653936386108,
13,197,0,0.8244122862815857,
13,197,1,0.821988046169281,
13,198,0,0.8238489627838135,
13,198,1,0.8277035355567932,
13,199,0,0.8222150206565857,
13,199,1,0.8246322870254517,
13,200,0,0.8242846727371216,
13,200,1,0.8292303681373596,
13,201,0,0.8237268924713135,
13,201,1,0.8209080696105957,
13,202,0,0.823967456817627,
13,202,1,0.8185101747512817,
13,203,0,0.8227832913398743,
13,203,1,0.8283824324607849,
13,204,0,0.822998046875,
13,204,1,0.8283212184906006,
13,205,0,0.8237793445587158,
13,205,1,0.8204457759857178,
13,206,0,0.8251021504402161,
13,206,1,0.8207977414131165,
13,207,0,0.8237310647964478,
13,207,1,0.8226426839828491,
13,208,0,0.8222079277038574,
13,208,1,0.8265751600265503,
13,209,0,0.8255528211593628,
13,209,1,0.8206911087036133,
13,210,0,0.8287827968597412,
13,210,1,0.8309851884841919,
13,211,0,0.8271584510803223,
13,211,1,0.8253813982009888,
13,212,0,0.8240318894386292,
13,212,1,0.8271126747131348,
13,213,0,0.824930727481842,
13,213,1,0.8228969573974609,
13,214,0,0.822341799736023,
13,214,1,0.8257878422737122,
13,215,0,0.8231375813484192,
13,215,1,0.8186338543891907,
13,216,0,0.8254898190498352,
13,216,1,0.8315554857254028,
13,217,0,0.8211241960525513,
13,217,1,0.829319953918457,
13,218,0,0.8234226107597351,
13,218,1,0.824786901473999,
13,219,0,0.8287842273712158,
13,219,1,0.8257060050964355,
13,220,0,0.8247039318084717,
13,220,1,0.8290156722068787,
13,221,0,0.827167272567749,
13,221,1,0.8198808431625366,
13,222,0,0.8245824575424194,
13,222,1,0.8280845284461975,
13,223,0,0.8239291906356812,
13,223,1,0.8206546306610107,
13,224,0,0.824530839920044,
13,224,1,0.8258947730064392,
13,225,0,0.8254563808441162,
13,225,1,0.8288097381591797,
13,226,0,0.8243103623390198,
13,226,1,0.8256058692932129,
13,227,0,0.8241257071495056,
13,227,1,0.822467565536499,
13,228,0,0.8265166282653809,
13,228,1,0.8265280723571777,
13,229,0,0.8244889974594116,
13,229,1,0.8264315128326416,
13,230,0,0.8238054513931274,
13,230,1,0.8272210359573364,
13,231,0,0.826404869556427,
13,231,1,0.8199023604393005,
13,232,0,0.8229770660400391,
13,232,1,0.8234423398971558,
13,233,0,0.8250049352645874,
13,233,1,0.8273208141326904,
13,234,0,0.8267646431922913,
13,234,1,0.8247078061103821,
13,235,0,0.8213276863098145,
13,235,1,0.8240249752998352,
13,236,0,0.821645200252533,
13,236,1,0.8219674229621887,
13,237,0,0.827015221118927,
13,237,1,0.8214406967163086,
13,238,0,0.8237546682357788,
13,238,1,0.8228931427001953,
13,239,0,0.8281680345535278,
13,239,1,0.8207422494888306,
13,240,0,0.8251503109931946,
13,240,1,0.8291099071502686,
13,241,0,0.8233166933059692,
13,241,1,0.8239888548851013,
13,242,0,0.8216322660446167,
13,242,1,0.8232578039169312,
13,243,0,0.8217396140098572,
13,243,1,0.8237641453742981,
13,244,0,0.8239946961402893,
13,244,1,0.8271359205245972,
13,245,0,0.8231990933418274,
13,245,1,0.8293249011039734,
13,246,0,0.8256110548973083,
13,246,1,0.8180956244468689,
13,247,0,0.8248439431190491,
13,247,1,0.825993537902832,
13,248,0,0.8254691958427429,
13,248,1,0.8279992341995239,
13,249,0,0.8250497579574585,
13,249,1,0.8248695135116577,
13,250,0,0.8236252665519714,
13,250,1,0.8255230188369751,
13,251,0,0.8234610557556152,
13,251,1,0.8290944695472717,
13,252,0,0.8236689567565918,
13,252,1,0.8253798484802246,
13,253,0,0.8268210887908936,
13,253,1,0.8247581720352173,
13,254,0,0.8250343799591064,
13,254,1,0.8228132724761963,
13,255,0,0.8252636194229126,
13,255,1,0.8197057247161865,
13,256,0,0.825531542301178,
13,256,1,0.8248627781867981,
13,257,0,0.8200781345367432,
13,257,1,0.8247392177581787,
13,258,0,0.8249850273132324,
13,258,1,0.830557644367218,
13,259,0,0.8228564262390137,
13,259,1,0.8288334012031555,
13,260,0,0.8246854543685913,
13,260,1,0.8248677849769592,
13,261,0,0.8263301849365234,
13,261,1,0.8234692811965942,
13,262,0,0.8238037824630737,
13,262,1,0.8220580816268921,
13,263,0,0.8268117308616638,
13,263,1,0.8281462788581848,
13,264,0,0.8234145641326904,
13,264,1,0.8204693794250488,
13,265,0,0.8244833946228027,
13,265,1,0.8245511651039124,
13,266,0,0.8244109153747559,
13,266,1,0.8283564448356628,
13,267,0,0.8236535787582397,
13,267,1,0.8190696835517883,
13,268,0,0.8253276348114014,
13,268,1,0.8262200951576233,
13,269,0,0.8203691244125366,
13,269,1,0.8194066882133484,
13,270,0,0.8232041597366333,
13,270,1,0.8292584419250488,
13,271,0,0.8260173797607422,
13,271,1,0.8191287517547607,
13,272,0,0.825563907623291,
13,272,1,0.822106122970581,
13,273,0,0.8251783847808838,
13,273,1,0.8251901865005493,
13,274,0,0.8248968720436096,
13,274,1,0.8230525851249695,
13,275,0,0.8240836262702942,
13,275,1,0.8228328227996826,
13,276,0,0.8226193189620972,
13,276,1,0.8224794864654541,
13,277,0,0.8279999494552612,
13,277,1,0.8213936686515808,
13,278,0,0.8225290179252625,
13,278,1,0.823939859867096,
13,279,0,0.821663498878479,
13,279,1,0.8302346467971802,
13,280,0,0.8243213295936584,
13,280,1,0.8242352604866028,
13,281,0,0.8264680504798889,
13,281,1,0.8237646818161011,
13,282,0,0.8256452083587646,
13,282,1,0.8268548250198364,
13,283,0,0.8245726823806763,
13,283,1,0.8225495219230652,
13,284,0,0.8260830640792847,
13,284,1,0.8270877599716187,
13,285,0,0.8259365558624268,
13,285,1,0.825237512588501,
13,286,0,0.8239227533340454,
13,286,1,0.8155990839004517,
13,287,0,0.825085461139679,
13,287,1,0.8281548619270325,
13,288,0,0.8209028244018555,
13,288,1,0.8241318464279175,
13,289,0,0.8249918222427368,
13,289,1,0.8236571550369263,
13,290,0,0.8236329555511475,
13,290,1,0.8226258158683777,
13,291,0,0.8236069679260254,
13,291,1,0.8203506469726562,
13,292,0,0.824682891368866,
13,292,1,0.8217035531997681,
13,293,0,0.8257653117179871,
13,293,1,0.8253955841064453,
13,294,0,0.8226308822631836,
13,294,1,0.8241212964057922,
13,295,0,0.8264775276184082,
13,295,1,0.8244032859802246,
13,296,0,0.8220630288124084,
13,296,1,0.8218074440956116,
13,297,0,0.8223038911819458,
13,297,1,0.8215122222900391,
13,298,0,0.8242149949073792,
13,298,1,0.8226695656776428,
13,299,0,0.8280273675918579,
13,299,1,0.8247127532958984,
13,300,0,0.8242353200912476,
13,300,1,0.8192773461341858,
13,301,0,0.8231403231620789,
13,301,1,0.8312332630157471,
13,302,0,0.8237552642822266,
13,302,1,0.8226916193962097,
13,303,0,0.8208692073822021,
13,303,1,0.8206102252006531,
13,304,0,0.8244805335998535,
13,304,1,0.8266745805740356,
13,305,0,0.8247168064117432,
13,305,1,0.8226912021636963,
13,306,0,0.8226032257080078,
13,306,1,0.8283208608627319,
13,307,0,0.8249280452728271,
13,307,1,0.8268068432807922,
13,308,0,0.82188880443573,
13,308,1,0.8253229856491089,
13,309,0,0.8270117044448853,
13,309,1,0.8219107985496521,
13,310,0,0.8211101293563843,
13,310,1,0.8225592374801636,
13,311,0,0.8248637914657593,
13,311,1,0.8224923610687256,
13,312,0,0.8221060037612915,
13,312,1,0.8287103772163391,
13,313,0,0.824216365814209,
13,313,1,0.8261220455169678,
13,314,0,0.8229350447654724,
13,314,1,0.8278127908706665,
13,315,0,0.8230932950973511,
13,315,1,0.816138744354248,
13,316,0,0.8212677240371704,
13,316,1,0.8220077157020569,
13,317,0,0.8251913189888,
13,317,1,0.8241243958473206,
13,318,0,0.8243573904037476,
13,318,1,0.8284571170806885,
13,319,0,0.8240883350372314,
13,319,1,0.8207964897155762,
13,320,0,0.8233112096786499,
13,320,1,0.8261287212371826,
13,321,0,0.8229688405990601,
13,321,1,0.8203568458557129,
13,322,0,0.8272361755371094,
13,322,1,0.8284968137741089,
13,323,0,0.8210536241531372,
13,323,1,0.8296568989753723,
13,324,0,0.8222942352294922,
13,324,1,0.8322461247444153,
13,325,0,0.826629102230072,
13,325,1,0.8234140872955322,
13,326,0,0.8213199973106384,
13,326,1,0.8266838788986206,
13,327,0,0.824648380279541,
13,327,1,0.822960615158081,
13,328,0,0.8246102333068848,
13,328,1,0.8218575716018677,
13,329,0,0.8255329132080078,
13,329,1,0.82159423828125,
13,330,0,0.8234566450119019,
13,330,1,0.8165169358253479,
13,331,0,0.8267877101898193,
13,331,1,0.8262966275215149,
13,332,0,0.823930025100708,
13,332,1,0.8249068260192871,
13,333,0,0.8255442380905151,
13,333,1,0.8323261737823486,
13,334,0,0.8216685056686401,
13,334,1,0.8182644844055176,
13,335,0,0.8219947814941406,
13,335,1,0.8271569609642029,
13,336,0,0.8225985765457153,
13,336,1,0.8184987306594849,
13,337,0,0.822253942489624,
13,337,1,0.8254164457321167,
13,338,0,0.8246955275535583,
13,338,1,0.8348292112350464,
13,339,0,0.8253927230834961,
13,339,1,0.828499436378479,
13,340,0,0.8235065340995789,
13,340,1,0.8351022005081177,
13,341,0,0.8259080648422241,
13,341,1,0.8245639801025391,
13,342,0,0.8243322372436523,
13,342,1,0.8251644968986511,
13,343,0,0.8247151374816895,
13,343,1,0.8231096863746643,
13,344,0,0.8250085115432739,
13,344,1,0.8291125297546387,
13,345,0,0.8240991830825806,
13,345,1,0.8232020139694214,
13,346,0,0.8254072666168213,
13,346,1,0.8290907144546509,
13,347,0,0.8255129456520081,
13,347,1,0.8200066089630127,
13,348,0,0.8258070945739746,
13,348,1,0.8234738111495972,
13,349,0,0.828652024269104,
13,349,1,0.8193482160568237,
13,350,0,0.8259658813476562,
13,350,1,0.8245935440063477,
13,351,0,0.8242980241775513,
13,351,1,0.8312872648239136,
13,352,0,0.8245280981063843,
13,352,1,0.8299248218536377,
13,353,0,0.8255164623260498,
13,353,1,0.8234509229660034,
13,354,0,0.8291065692901611,
13,354,1,0.8301680088043213,
13,355,0,0.8272336721420288,
13,355,1,0.8214964866638184,
13,356,0,0.8260223865509033,
13,356,1,0.8281388282775879,
13,357,0,0.8268039226531982,
13,357,1,0.830025315284729,
13,358,0,0.8242021799087524,
13,358,1,0.8295790553092957,
13,359,0,0.8265727758407593,
13,359,1,0.8314408659934998,
13,360,0,0.8255323767662048,
13,360,1,0.82298743724823,
13,361,0,0.8305097222328186,
13,361,1,0.8234613537788391,
13,362,0,0.8248080611228943,
13,362,1,0.8263617753982544,
13,363,0,0.8249333500862122,
13,363,1,0.8263176083564758,
13,364,0,0.8246889114379883,
13,364,1,0.8199748992919922,
13,365,0,0.8268401622772217,
13,365,1,0.8200374841690063,
13,366,0,0.8236207962036133,
13,366,1,0.8239901065826416,
13,367,0,0.8240892887115479,
13,367,1,0.823827862739563,
13,368,0,0.8244701623916626,
13,368,1,0.8284534215927124,
13,369,0,0.8267925977706909,
13,369,1,0.8244176506996155,
13,370,0,0.8239056468009949,
13,370,1,0.822983980178833,
13,371,0,0.8258553743362427,
13,371,1,0.8223748207092285,
13,372,0,0.8246506452560425,
13,372,1,0.8263740539550781,
13,373,0,0.8238303065299988,
13,373,1,0.8326730132102966,
13,374,0,0.8255332708358765,
13,374,1,0.8268550634384155,
13,375,0,0.8247610926628113,
13,375,1,0.8227885961532593,
13,376,0,0.8243241310119629,
13,376,1,0.8202309608459473,
13,377,0,0.8267649412155151,
13,377,1,0.8226167559623718,
13,378,0,0.822537362575531,
13,378,1,0.8258689045906067,
13,379,0,0.8253046274185181,
13,379,1,0.8261370658874512,
13,380,0,0.824708878993988,
13,380,1,0.8289892673492432,
13,381,0,0.8250088095664978,
13,381,1,0.8229250907897949,
13,382,0,0.8257174491882324,
13,382,1,0.8212065100669861,
13,383,0,0.8238405585289001,
13,383,1,0.8141422271728516,
13,384,0,0.8212239742279053,
13,384,1,0.821855902671814,
13,385,0,0.8245012760162354,
13,385,1,0.8269742131233215,
13,386,0,0.8208242058753967,
13,386,1,0.8213154077529907,
13,387,0,0.8230365514755249,
13,387,1,0.8255271911621094,
13,388,0,0.8240188956260681,
13,388,1,0.8209167122840881,
13,389,0,0.8254852294921875,
13,389,1,0.8257128000259399,
13,390,0,0.8242695331573486,
13,390,1,0.8285828828811646,
13,391,0,0.8261633515357971,
13,391,1,0.8298137784004211,
13,392,0,0.8248650431632996,
13,392,1,0.8279109597206116,
13,393,0,0.8263899683952332,
13,393,1,0.8299901485443115,
13,394,0,0.8252305388450623,
13,394,1,0.8280119895935059,
13,395,0,0.826330840587616,
13,395,1,0.8268131017684937,
13,396,0,0.825243353843689,
13,396,1,0.8239197134971619,
13,397,0,0.8247627019882202,
13,397,1,0.8262495398521423,
13,398,0,0.8262863755226135,
13,398,1,0.8179754018783569,
13,399,0,0.8242131471633911,
13,399,1,0.8261364698410034,
13,400,0,0.8266426920890808,
13,400,1,0.826837956905365,
13,401,0,0.8230430483818054,
13,401,1,0.830248236656189,
13,402,0,0.8285660147666931,
13,402,1,0.8221873641014099,
13,403,0,0.8249659538269043,
13,403,1,0.8224365711212158,
13,404,0,0.8268553018569946,
13,404,1,0.8215175271034241,
13,405,0,0.8271942138671875,
13,405,1,0.818259596824646,
13,406,0,0.8238309621810913,
13,406,1,0.8255342245101929,
13,407,0,0.8206169605255127,
13,407,1,0.826758086681366,
13,408,0,0.8223837018013,
13,408,1,0.8194219470024109,
13,409,0,0.822978675365448,
13,409,1,0.8266797661781311,
13,410,0,0.8237012028694153,
13,410,1,0.8265694379806519,
13,411,0,0.8242642879486084,
13,411,1,0.8262774348258972,
13,412,0,0.8232111930847168,
13,412,1,0.8305844068527222,
13,413,0,0.8268060684204102,
13,413,1,0.8202683925628662,
13,414,0,0.8237036466598511,
13,414,1,0.8239156007766724,
13,415,0,0.8249921202659607,
13,415,1,0.8212478756904602,
13,416,0,0.8231484889984131,
13,416,1,0.8319684863090515,
13,417,0,0.824002742767334,
13,417,1,0.8291223645210266,
13,418,0,0.8238734006881714,
13,418,1,0.8210139274597168,
13,419,0,0.8255201578140259,
13,419,1,0.8251723051071167,
13,420,0,0.8246560096740723,
13,420,1,0.8289644718170166,
13,421,0,0.8254776000976562,
13,421,1,0.8301256895065308,
13,422,0,0.8257485032081604,
13,422,1,0.8272050619125366,
13,423,0,0.8278179168701172,
13,423,1,0.8326747417449951,
13,424,0,0.824581503868103,
13,424,1,0.8229131698608398,
13,425,0,0.8233729004859924,
13,425,1,0.8218094110488892,
13,426,0,0.8232237100601196,
13,426,1,0.8270626664161682,
13,427,0,0.8246253728866577,
13,427,1,0.8277196288108826,
13,428,0,0.8248083591461182,
13,428,1,0.8237032890319824,
13,429,0,0.8234096765518188,
13,429,1,0.8272097110748291,
13,430,0,0.8253241777420044,
13,430,1,0.8269183039665222,
13,431,0,0.8258850574493408,
13,431,1,0.82294100522995,
13,432,0,0.8241374492645264,
13,432,1,0.8232147693634033,
13,433,0,0.8242505192756653,
13,433,1,0.8257744312286377,
13,434,0,0.8249565362930298,
13,434,1,0.8242038488388062,
13,435,0,0.8251544237136841,
13,435,1,0.8255683183670044,
13,436,0,0.8268687725067139,
13,436,1,0.824774980545044,
13,437,0,0.8246825933456421,
13,437,1,0.8246433138847351,
13,438,0,0.8256740570068359,
13,438,1,0.8251312971115112,
13,439,0,0.8237369060516357,
13,439,1,0.8214789032936096,
13,440,0,0.8222350478172302,
13,440,1,0.8273460268974304,
13,441,0,0.8226211667060852,
13,441,1,0.8291494846343994,
13,442,0,0.8244788646697998,
13,442,1,0.8251124620437622,
13,443,0,0.82277911901474,
13,443,1,0.8210901021957397,
13,444,0,0.8226141333580017,
13,444,1,0.8265271186828613,
13,445,0,0.8253087401390076,
13,445,1,0.8277974128723145,
13,446,0,0.8235573768615723,
13,446,1,0.824793815612793,
13,447,0,0.8234115839004517,
13,447,1,0.8173726797103882,
13,448,0,0.8244892954826355,
13,448,1,0.8220537900924683,
13,449,0,0.8248266577720642,
13,449,1,0.8290938138961792,
13,450,0,0.8267177939414978,
13,450,1,0.8242127299308777,
13,451,0,0.8261030316352844,
13,451,1,0.8194421529769897,
13,452,0,0.8249565958976746,
13,452,1,0.8291771411895752,
13,453,0,0.8256295919418335,
13,453,1,0.8283301591873169,
13,454,0,0.8240623474121094,
13,454,1,0.8269835710525513,
13,455,0,0.8223983645439148,
13,455,1,0.8265393972396851,
13,456,0,0.8248750567436218,
13,456,1,0.826481819152832,
13,457,0,0.8243582248687744,
13,457,1,0.8227036595344543,
13,458,0,0.824468731880188,
13,458,1,0.8218381404876709,
13,459,0,0.824778139591217,
13,459,1,0.824470043182373,
13,460,0,0.826433002948761,
13,460,1,0.8218148946762085,
13,461,0,0.8220483064651489,
13,461,1,0.8239664435386658,
13,462,0,0.8248331546783447,
13,462,1,0.8226914405822754,
13,463,0,0.8230966329574585,
13,463,1,0.8210378885269165,
13,464,0,0.8248769044876099,
13,464,1,0.8249785304069519,
13,465,0,0.8247320652008057,
13,465,1,0.8267114162445068,
13,466,0,0.8250531554222107,
13,466,1,0.8236573934555054,
13,467,0,0.8265184760093689,
13,467,1,0.8239748477935791,
13,468,0,0.8242049813270569,
13,468,1,0.8262900114059448,
13,469,0,0.8241522312164307,
13,469,1,0.8288816809654236,
13,470,0,0.826851487159729,
13,470,1,0.8248220086097717,
13,471,0,0.8235808610916138,
13,471,1,0.8274433016777039,
13,472,0,0.8250986337661743,
13,472,1,0.8210416436195374,
13,473,0,0.8251105546951294,
13,473,1,0.8323710560798645,
13,474,0,0.8249559998512268,
13,474,1,0.8258858919143677,
13,475,0,0.8260829448699951,
13,475,1,0.8221653699874878,
13,476,0,0.8257585763931274,
13,476,1,0.8299319744110107,
13,477,0,0.824054479598999,
13,477,1,0.8290910720825195,
13,478,0,0.8232874870300293,
13,478,1,0.8256176710128784,
13,479,0,0.8244332671165466,
13,479,1,0.8225561380386353,
13,480,0,0.8244031667709351,
13,480,1,0.8218340277671814,
13,481,0,0.8236805200576782,
13,481,1,0.8189361095428467,
13,482,0,0.82237309217453,
13,482,1,0.8266558647155762,
13,483,0,0.8270819187164307,
13,483,1,0.825533390045166,
13,484,0,0.8281769156455994,
13,484,1,0.8252047300338745,
13,485,0,0.8272273540496826,
13,485,1,0.8238675594329834,
13,486,0,0.8238672018051147,
13,486,1,0.8278286457061768,
13,487,0,0.8255544900894165,
13,487,1,0.8250772953033447,
13,488,0,0.8238732218742371,
13,488,1,0.8247677087783813,
13,489,0,0.825574517250061,
13,489,1,0.8297538161277771,
13,490,0,0.8236470222473145,
13,490,1,0.8292016983032227,
13,491,0,0.8248518109321594,
13,491,1,0.824209451675415,
13,492,0,0.8246141672134399,
13,492,1,0.8214574456214905,
13,493,0,0.8238058686256409,
13,493,1,0.8197255730628967,
13,494,0,0.8243677616119385,
13,494,1,0.8210911154747009,
13,495,0,0.8257114291191101,
13,495,1,0.8239902257919312,
13,496,0,0.8245828151702881,
13,496,1,0.8288578391075134,
13,497,0,0.8204482793807983,
13,497,1,0.8283369541168213,
13,498,0,0.8235162496566772,
13,498,1,0.8194196820259094,
13,499,0,0.8238847255706787,
13,499,1,0.825859010219574,
13,500,0,0.8239153623580933,
13,500,1,0.817169725894928,
13,501,0,0.8255576491355896,
13,501,1,0.8242976665496826,
13,502,0,0.8248885273933411,
13,502,1,0.818831741809845,
13,503,0,0.8249849081039429,
13,503,1,0.8261730670928955,
13,504,0,0.8248063325881958,
13,504,1,0.8271386027336121,
13,505,0,0.8254795074462891,
13,505,1,0.8241531252861023,
13,506,0,0.8240548968315125,
13,506,1,0.828025221824646,
13,507,0,0.8264909386634827,
13,507,1,0.8274115324020386,
13,508,0,0.8222769498825073,
13,508,1,0.8277797698974609,
13,509,0,0.8266687989234924,
13,509,1,0.8277682065963745,
13,510,0,0.8241078853607178,
13,510,1,0.8208897113800049,
13,511,0,0.826248049736023,
13,511,1,0.824873685836792,
13,512,0,0.824898362159729,
13,512,1,0.8221762180328369,
13,513,0,0.823192834854126,
13,513,1,0.8172253370285034,
13,514,0,0.8269788026809692,
13,514,1,0.8262135982513428,
13,515,0,0.8234360218048096,
13,515,1,0.8224003314971924,
13,516,0,0.8255358338356018,
13,516,1,0.827738881111145,
13,517,0,0.8231580257415771,
13,517,1,0.8249284029006958,
13,518,0,0.8258275985717773,
13,518,1,0.8258622884750366,
13,519,0,0.8229477405548096,
13,519,1,0.8285641670227051,
13,520,0,0.8253532648086548,
13,520,1,0.8250758647918701,
13,521,0,0.8228355646133423,
13,521,1,0.8296149969100952,
13,522,0,0.8252950310707092,
13,522,1,0.8310381174087524,
13,523,0,0.823539674282074,
13,523,1,0.8242306709289551,
13,524,0,0.8236217498779297,
13,524,1,0.8242915272712708,
13,525,0,0.8243521451950073,
13,525,1,0.8229925632476807,
13,526,0,0.8238015174865723,
13,526,1,0.8230185508728027,
13,527,0,0.8271411657333374,
13,527,1,0.8263161182403564,
13,528,0,0.8248053789138794,
13,528,1,0.8273411393165588,
13,529,0,0.8246424198150635,
13,529,1,0.8264740705490112,
13,530,0,0.8262130618095398,
13,530,1,0.8241968154907227,
13,531,0,0.8233274817466736,
13,531,1,0.8258558511734009,
13,532,0,0.8226715326309204,
13,532,1,0.8228071331977844,
13,533,0,0.8258374929428101,
13,533,1,0.8282179832458496,
13,534,0,0.8251135349273682,
13,534,1,0.8155539035797119,
13,535,0,0.8211649656295776,
13,535,1,0.8252996206283569,
13,536,0,0.8235720992088318,
13,536,1,0.8250406980514526,
13,537,0,0.8241821527481079,
13,537,1,0.8225999474525452,
13,538,0,0.824346661567688,
13,538,1,0.8197974562644958,
13,539,0,0.8214317560195923,
13,539,1,0.8169394135475159,
13,540,0,0.8254667520523071,
13,540,1,0.8220186233520508,
13,541,0,0.8265275955200195,
13,541,1,0.8254963159561157,
13,542,0,0.8264456391334534,
13,542,1,0.8276690244674683,
13,543,0,0.8252800107002258,
13,543,1,0.8239432573318481,
13,544,0,0.8210784196853638,
13,544,1,0.8301059603691101,
13,545,0,0.8223037123680115,
13,545,1,0.823390543460846,
13,546,0,0.8253127336502075,
13,546,1,0.8251538276672363,
13,547,0,0.8231995105743408,
13,547,1,0.8248211145401001,
13,548,0,0.8275073766708374,
13,548,1,0.8257964849472046,
13,549,0,0.8261041641235352,
13,549,1,0.8242106437683105,
13,550,0,0.8264628648757935,
13,550,1,0.8237419128417969,
13,551,0,0.8246998190879822,
13,551,1,0.821662962436676,
13,552,0,0.8251295685768127,
13,552,1,0.8268507719039917,
13,553,0,0.8234031200408936,
13,553,1,0.8187624216079712,
13,554,0,0.8241398334503174,
13,554,1,0.8263337016105652,
13,555,0,0.8270267844200134,
13,555,1,0.8236395120620728,
13,556,0,0.828886866569519,
13,556,1,0.8193301558494568,
13,557,0,0.8245593905448914,
13,557,1,0.8295727968215942,
13,558,0,0.8266535401344299,
13,558,1,0.8228718042373657,
13,559,0,0.8245647549629211,
13,559,1,0.8166608214378357,
13,560,0,0.8260457515716553,
13,560,1,0.8290154933929443,
13,561,0,0.8220252990722656,
13,561,1,0.8239848613739014,
13,562,0,0.8241307735443115,
13,562,1,0.8232273459434509,
13,563,0,0.8214354515075684,
13,563,1,0.8267615437507629,
13,564,0,0.8277958631515503,
13,564,1,0.8185016512870789,
13,565,0,0.8231391906738281,
13,565,1,0.8249425888061523,
13,566,0,0.8260669708251953,
13,566,1,0.8273929357528687,
13,567,0,0.8223088979721069,
13,567,1,0.8264366388320923,
13,568,0,0.8266760110855103,
13,568,1,0.8191937208175659,
13,569,0,0.8207936882972717,
13,569,1,0.8203917741775513,
13,570,0,0.8242653012275696,
13,570,1,0.819461464881897,
13,571,0,0.8248850703239441,
13,571,1,0.8248786330223083,
13,572,0,0.8271198272705078,
13,572,1,0.8349342346191406,
13,573,0,0.8243460655212402,
13,573,1,0.8213834762573242,
13,574,0,0.8246160745620728,
13,574,1,0.8268005847930908,
13,575,0,0.8259283900260925,
13,575,1,0.8243552446365356,
13,576,0,0.821717381477356,
13,576,1,0.8264560699462891,
13,577,0,0.8221582174301147,
13,577,1,0.8259126543998718,
13,578,0,0.8258417844772339,
13,578,1,0.8240877389907837,
13,579,0,0.8231637477874756,
13,579,1,0.8238070011138916,
13,580,0,0.8254401683807373,
13,580,1,0.8200268745422363,
13,581,0,0.8285447359085083,
13,581,1,0.8214231729507446,
13,582,0,0.8239628672599792,
13,582,1,0.8171093463897705,
13,583,0,0.825507402420044,
13,583,1,0.8219015002250671,
13,584,0,0.8231656551361084,
13,584,1,0.8237288594245911,
13,585,0,0.8266445398330688,
13,585,1,0.8260143995285034,
13,586,0,0.8221650719642639,
13,586,1,0.8275675773620605,
13,587,0,0.8253321647644043,
13,587,1,0.8217888474464417,
13,588,0,0.8279414176940918,
13,588,1,0.8238327503204346,
13,589,0,0.8253233432769775,
13,589,1,0.8242059350013733,
13,590,0,0.8234462738037109,
13,590,1,0.8206720948219299,
13,591,0,0.8239485621452332,
13,591,1,0.8232383728027344,
13,592,0,0.8256763219833374,
13,592,1,0.8266099691390991,
13,593,0,0.8208420872688293,
13,593,1,0.8284529447555542,
13,594,0,0.8263945579528809,
13,594,1,0.8273215293884277,
13,595,0,0.8208922147750854,
13,595,1,0.8238478899002075,
13,596,0,0.8231987357139587,
13,596,1,0.8243309259414673,
13,597,0,0.8266230821609497,
13,597,1,0.8244819045066833,
13,598,0,0.8239502906799316,
13,598,1,0.8263870477676392,
13,599,0,0.8270834684371948,
13,599,1,0.8303552269935608,
13,600,0,0.8245821595191956,
13,600,1,0.8237048983573914,
13,601,0,0.8242489099502563,
13,601,1,0.8259342908859253,
13,602,0,0.8256568908691406,
13,602,1,0.8242508172988892,
13,603,0,0.8268500566482544,
13,603,1,0.8201373219490051,
13,604,0,0.8243393301963806,
13,604,1,0.8229628801345825,
13,val,,,0.8254654582341512
14,0,0,0.8247279524803162,
14,0,1,0.8190666437149048,
14,1,0,0.8259717226028442,
14,1,1,0.8209354877471924,
14,2,0,0.8274025917053223,
14,2,1,0.821723222732544,
14,3,0,0.8256403207778931,
14,3,1,0.8145910501480103,
14,4,0,0.8257706165313721,
14,4,1,0.8157126307487488,
14,5,0,0.8224034905433655,
14,5,1,0.8251750469207764,
14,6,0,0.8240257501602173,
14,6,1,0.8228838443756104,
14,7,0,0.8253234028816223,
14,7,1,0.8138009905815125,
14,8,0,0.8193340301513672,
14,8,1,0.8239501714706421,
14,9,0,0.8207321166992188,
14,9,1,0.8220157623291016,
14,10,0,0.8206160068511963,
14,10,1,0.823219895362854,
14,11,0,0.8206347823143005,
14,11,1,0.8291281461715698,
14,12,0,0.8192537426948547,
14,12,1,0.8265695571899414,
14,13,0,0.8263369798660278,
14,13,1,0.8199640512466431,
14,14,0,0.8242462873458862,
14,14,1,0.8215323686599731,
14,15,0,0.8234624266624451,
14,15,1,0.8243274688720703,
14,16,0,0.8245210647583008,
14,16,1,0.8162397146224976,
14,17,0,0.8238696455955505,
14,17,1,0.8214724063873291,
14,18,0,0.8262844085693359,
14,18,1,0.8209670782089233,
14,19,0,0.8245207071304321,
14,19,1,0.821132242679596,
14,20,0,0.8226726055145264,
14,20,1,0.8187003135681152,
14,21,0,0.8245712518692017,
14,21,1,0.8211961388587952,
14,22,0,0.8245220184326172,
14,22,1,0.8183910250663757,
14,23,0,0.8210858702659607,
14,23,1,0.8254541158676147,
14,24,0,0.8231544494628906,
14,24,1,0.824770450592041,
14,25,0,0.8198683857917786,
14,25,1,0.8246133327484131,
14,26,0,0.8247619867324829,
14,26,1,0.8142181634902954,
14,27,0,0.8260541558265686,
14,27,1,0.8166850209236145,
14,28,0,0.8225639462471008,
14,28,1,0.8226336240768433,
14,29,0,0.8258161544799805,
14,29,1,0.831632137298584,
14,30,0,0.8254928588867188,
14,30,1,0.823117733001709,
14,31,0,0.8235863447189331,
14,31,1,0.8266010880470276,
14,32,0,0.8231264352798462,
14,32,1,0.8189683556556702,
14,33,0,0.8270694017410278,
14,33,1,0.8274920582771301,
14,34,0,0.8218615651130676,
14,34,1,0.8303468823432922,
14,35,0,0.8221319317817688,
14,35,1,0.8193822503089905,
14,36,0,0.8205615282058716,
14,36,1,0.8254009485244751,
14,37,0,0.8194084167480469,
14,37,1,0.8214184045791626,
14,38,0,0.8256222605705261,
14,38,1,0.8256025314331055,
14,39,0,0.8277530670166016,
14,39,1,0.8178623914718628,
14,40,0,0.8237375020980835,
14,40,1,0.8276569843292236,
14,41,0,0.8249480724334717,
14,41,1,0.8321108222007751,
14,42,0,0.8250735998153687,
14,42,1,0.8225212097167969,
14,43,0,0.8258281350135803,
14,43,1,0.8310705423355103,
14,44,0,0.8270339369773865,
14,44,1,0.8202996253967285,
14,45,0,0.8220523595809937,
14,45,1,0.8173240423202515,
14,46,0,0.8262621164321899,
14,46,1,0.8297218680381775,
14,47,0,0.8262889981269836,
14,47,1,0.8201580047607422,
14,48,0,0.8236790895462036,
14,48,1,0.8229058980941772,
14,49,0,0.8271716833114624,
14,49,1,0.82268226146698,
14,50,0,0.823958158493042,
14,50,1,0.826691746711731,
14,51,0,0.8260959982872009,
14,51,1,0.8239754438400269,
14,52,0,0.8270988464355469,
14,52,1,0.8274195790290833,
14,53,0,0.8281415700912476,
14,53,1,0.8212422728538513,
14,54,0,0.8240957260131836,
14,54,1,0.8213114142417908,
14,55,0,0.8264973163604736,
14,55,1,0.8263925313949585,
14,56,0,0.8244596123695374,
14,56,1,0.8331791162490845,
14,57,0,0.8188202977180481,
14,57,1,0.8237308859825134,
14,58,0,0.8279868364334106,
14,58,1,0.8283803462982178,
14,59,0,0.8239210247993469,
14,59,1,0.8239288330078125,
14,60,0,0.8245395421981812,
14,60,1,0.829109787940979,
14,61,0,0.8248308897018433,
14,61,1,0.8328199982643127,
14,62,0,0.8284100294113159,
14,62,1,0.823667049407959,
14,63,0,0.822555661201477,
14,63,1,0.823920726776123,
14,64,0,0.8232972621917725,
14,64,1,0.8261386156082153,
14,65,0,0.8235887289047241,
14,65,1,0.8205411434173584,
14,66,0,0.824494481086731,
14,66,1,0.8259422779083252,
14,67,0,0.8247063159942627,
14,67,1,0.8240055441856384,
14,68,0,0.8254903554916382,
14,68,1,0.8249571919441223,
14,69,0,0.8243495225906372,
14,69,1,0.8246592283248901,
14,70,0,0.8214401006698608,
14,70,1,0.8260708451271057,
14,71,0,0.8242409229278564,
14,71,1,0.8306715488433838,
14,72,0,0.8240967392921448,
14,72,1,0.8234149217605591,
14,73,0,0.825279712677002,
14,73,1,0.8259754180908203,
14,74,0,0.8223104476928711,
14,74,1,0.8287501931190491,
14,75,0,0.8260312676429749,
14,75,1,0.8238415718078613,
14,76,0,0.8187036514282227,
14,76,1,0.8218843936920166,
14,77,0,0.8236356973648071,
14,77,1,0.8190475702285767,
14,78,0,0.828397274017334,
14,78,1,0.8270140886306763,
14,79,0,0.8227112293243408,
14,79,1,0.8231276869773865,
14,80,0,0.8264267444610596,
14,80,1,0.8238921165466309,
14,81,0,0.8236365914344788,
14,81,1,0.8276477456092834,
14,82,0,0.8238464593887329,
14,82,1,0.8252549767494202,
14,83,0,0.8236300945281982,
14,83,1,0.8247787952423096,
14,84,0,0.8215070962905884,
14,84,1,0.8225233554840088,
14,85,0,0.8246360421180725,
14,85,1,0.8236579895019531,
14,86,0,0.8247074484825134,
14,86,1,0.8222728371620178,
14,87,0,0.8230516910552979,
14,87,1,0.8270009160041809,
14,88,0,0.8227238059043884,
14,88,1,0.8273797631263733,
14,89,0,0.824761152267456,
14,89,1,0.8225257992744446,
14,90,0,0.8234224319458008,
14,90,1,0.8236774206161499,
14,91,0,0.8223192095756531,
14,91,1,0.8248006105422974,
14,92,0,0.8258529305458069,
14,92,1,0.8232669830322266,
14,93,0,0.8255169987678528,
14,93,1,0.8212176561355591,
14,94,0,0.8263471126556396,
14,94,1,0.8218472599983215,
14,95,0,0.8225595355033875,
14,95,1,0.8272643089294434,
14,96,0,0.8227337002754211,
14,96,1,0.8236328363418579,
14,97,0,0.8249979019165039,
14,97,1,0.8174221515655518,
14,98,0,0.8259350061416626,
14,98,1,0.8260499238967896,
14,99,0,0.8229429125785828,
14,99,1,0.8254251480102539,
14,100,0,0.8243558406829834,
14,100,1,0.8243273496627808,
14,101,0,0.8253129124641418,
14,101,1,0.8186479806900024,
14,102,0,0.8242917656898499,
14,102,1,0.8239599466323853,
14,103,0,0.8245730996131897,
14,103,1,0.8229084014892578,
14,104,0,0.8270230293273926,
14,104,1,0.8209350109100342,
14,105,0,0.8250479102134705,
14,105,1,0.8261932134628296,
14,106,0,0.8260618448257446,
14,106,1,0.8245726823806763,
14,107,0,0.8259245753288269,
14,107,1,0.8277420997619629,
14,108,0,0.8225862979888916,
14,108,1,0.8196924924850464,
14,109,0,0.8241573572158813,
14,109,1,0.8221086859703064,
14,110,0,0.8241418600082397,
14,110,1,0.8200634121894836,
14,111,0,0.8248701691627502,
14,111,1,0.8291724920272827,
14,112,0,0.8257272243499756,
14,112,1,0.8164935111999512,
14,113,0,0.8266739845275879,
14,113,1,0.8349629044532776,
14,114,0,0.8277372121810913,
14,114,1,0.8283286094665527,
14,115,0,0.8278712034225464,
14,115,1,0.8194230794906616,
14,116,0,0.8254886269569397,
14,116,1,0.8278355598449707,
14,117,0,0.824392557144165,
14,117,1,0.8238374590873718,
14,118,0,0.8227924704551697,
14,118,1,0.8263701796531677,
14,119,0,0.8251085877418518,
14,119,1,0.82542484998703,
14,120,0,0.8260618448257446,
14,120,1,0.8253493309020996,
14,121,0,0.8245766162872314,
14,121,1,0.8256849050521851,
14,122,0,0.8266620635986328,
14,122,1,0.8223243355751038,
14,123,0,0.8224730491638184,
14,123,1,0.8217489719390869,
14,124,0,0.8249979615211487,
14,124,1,0.8301951885223389,
14,125,0,0.8248592615127563,
14,125,1,0.8195735216140747,
14,126,0,0.8240121006965637,
14,126,1,0.827707052230835,
14,127,0,0.8239408135414124,
14,127,1,0.8235326409339905,
14,128,0,0.8237535357475281,
14,128,1,0.819703996181488,
14,129,0,0.8232501745223999,
14,129,1,0.8243395686149597,
14,130,0,0.8234812021255493,
14,130,1,0.825529158115387,
14,131,0,0.8250997066497803,
14,131,1,0.8245287537574768,
14,132,0,0.8242620825767517,
14,132,1,0.8237684369087219,
14,133,0,0.8235200643539429,
14,133,1,0.8293499946594238,
14,134,0,0.823830783367157,
14,134,1,0.822812557220459,
14,135,0,0.8235334157943726,
14,135,1,0.8237550854682922,
14,136,0,0.8225250840187073,
14,136,1,0.828693151473999,
14,137,0,0.8233119249343872,
14,137,1,0.8254382610321045,
14,138,0,0.8224153518676758,
14,138,1,0.8247831463813782,
14,139,0,0.8259329199790955,
14,139,1,0.8273849487304688,
14,140,0,0.8251122236251831,
14,140,1,0.8224589824676514,
14,141,0,0.8242395520210266,
14,141,1,0.8250128030776978,
14,142,0,0.8252987861633301,
14,142,1,0.8234285116195679,
14,143,0,0.8241599202156067,
14,143,1,0.8232479095458984,
14,144,0,0.8246926069259644,
14,144,1,0.8168466091156006,
14,145,0,0.8239919543266296,
14,145,1,0.8245428800582886,
14,146,0,0.8238549828529358,
14,146,1,0.8339396119117737,
14,147,0,0.8232271671295166,
14,147,1,0.8245813846588135,
14,148,0,0.8208760023117065,
14,148,1,0.8233453035354614,
14,149,0,0.8228908777236938,
14,149,1,0.8216654658317566,
14,150,0,0.8254277110099792,
14,150,1,0.8287920951843262,
14,151,0,0.8234259486198425,
14,151,1,0.8274518251419067,
14,152,0,0.8231496214866638,
14,152,1,0.8184682130813599,
14,153,0,0.8258293867111206,
14,153,1,0.8208392858505249,
14,154,0,0.8254987001419067,
14,154,1,0.8240163326263428,
14,155,0,0.8221474885940552,
14,155,1,0.8222072124481201,
14,156,0,0.8244051337242126,
14,156,1,0.8296007513999939,
14,157,0,0.8256678581237793,
14,157,1,0.8314421772956848,
14,158,0,0.8246466517448425,
14,158,1,0.8279508352279663,
14,159,0,0.822169303894043,
14,159,1,0.8270093202590942,
14,160,0,0.8206871747970581,
14,160,1,0.8189144134521484,
14,161,0,0.8215459585189819,
14,161,1,0.8283389210700989,
14,162,0,0.8228853940963745,
14,162,1,0.8235056400299072,
14,163,0,0.8237690925598145,
14,163,1,0.8195161819458008,
14,164,0,0.8227186799049377,
14,164,1,0.826789379119873,
14,165,0,0.8222407698631287,
14,165,1,0.8207753300666809,
14,166,0,0.8284757733345032,
14,166,1,0.8298807144165039,
14,167,0,0.8218656182289124,
14,167,1,0.8255433440208435,
14,168,0,0.8243941068649292,
14,168,1,0.8277952671051025,
14,169,0,0.8232337236404419,
14,169,1,0.8281328082084656,
14,170,0,0.8244006633758545,
14,170,1,0.8227027654647827,
14,171,0,0.8250607252120972,
14,171,1,0.8187594413757324,
14,172,0,0.8260947465896606,
14,172,1,0.8260329365730286,
14,173,0,0.8234007954597473,
14,173,1,0.8234564661979675,
14,174,0,0.8222182393074036,
14,174,1,0.8272507190704346,
14,175,0,0.8258534669876099,
14,175,1,0.8361621499061584,
14,176,0,0.8244825601577759,
14,176,1,0.8211705684661865,
14,177,0,0.8270798921585083,
14,177,1,0.8226667046546936,
14,178,0,0.822973906993866,
14,178,1,0.8286057710647583,
14,179,0,0.8208590149879456,
14,179,1,0.8220062851905823,
14,180,0,0.825617790222168,
14,180,1,0.8286721706390381,
14,181,0,0.8215169310569763,
14,181,1,0.819479763507843,
14,182,0,0.8254525065422058,
14,182,1,0.8314772844314575,
14,183,0,0.8262107968330383,
14,183,1,0.8174444437026978,
14,184,0,0.8226697444915771,
14,184,1,0.8226019144058228,
14,185,0,0.8247023820877075,
14,185,1,0.8255628943443298,
14,186,0,0.8205508589744568,
14,186,1,0.8244560956954956,
14,187,0,0.821601152420044,
14,187,1,0.829420804977417,
14,188,0,0.824640691280365,
14,188,1,0.8240525722503662,
14,189,0,0.8259256482124329,
14,189,1,0.8188033699989319,
14,190,0,0.8206565976142883,
14,190,1,0.8297295570373535,
14,191,0,0.8229916095733643,
14,191,1,0.8243139982223511,
14,192,0,0.8231247663497925,
14,192,1,0.8202871084213257,
14,193,0,0.8259656429290771,
14,193,1,0.8233447670936584,
14,194,0,0.8237419128417969,
14,194,1,0.8244041204452515,
14,195,0,0.8277280330657959,
14,195,1,0.8193866014480591,
14,196,0,0.8198443651199341,
14,196,1,0.821992039680481,
14,197,0,0.8214461803436279,
14,197,1,0.8283733129501343,
14,198,0,0.8246840238571167,
14,198,1,0.8211783170700073,
14,199,0,0.8244028687477112,
14,199,1,0.818877637386322,
14,200,0,0.822554349899292,
14,200,1,0.8219674825668335,
14,201,0,0.8249683976173401,
14,201,1,0.8224226236343384,
14,202,0,0.8248870372772217,
14,202,1,0.815027117729187,
14,203,0,0.8226812481880188,
14,203,1,0.8254899978637695,
14,204,0,0.8261051774024963,
14,204,1,0.8157122135162354,
14,205,0,0.8233498930931091,
14,205,1,0.8280540704727173,
14,206,0,0.8269914388656616,
14,206,1,0.8249298930168152,
14,207,0,0.8226432800292969,
14,207,1,0.8273307085037231,
14,208,0,0.8216876983642578,
14,208,1,0.826337993144989,
14,209,0,0.8228980302810669,
14,209,1,0.8297191262245178,
14,210,0,0.8287179470062256,
14,210,1,0.8258702754974365,
14,211,0,0.8267844915390015,
14,211,1,0.8323265314102173,
14,212,0,0.8235931396484375,
14,212,1,0.8153690099716187,
14,213,0,0.8234186768531799,
14,213,1,0.8199886083602905,
14,214,0,0.8230233192443848,
14,214,1,0.8264431953430176,
14,215,0,0.8235149383544922,
14,215,1,0.8139764070510864,
14,216,0,0.826758623123169,
14,216,1,0.8288179636001587,
14,217,0,0.8220996856689453,
14,217,1,0.8185303211212158,
14,218,0,0.82416832447052,
14,218,1,0.8251221179962158,
14,219,0,0.8269307613372803,
14,219,1,0.8323010206222534,
14,220,0,0.8257802128791809,
14,220,1,0.8273104429244995,
14,221,0,0.8261706829071045,
14,221,1,0.8237661123275757,
14,222,0,0.8247985243797302,
14,222,1,0.8279582858085632,
14,223,0,0.8245989084243774,
14,223,1,0.8188713192939758,
14,224,0,0.8242329359054565,
14,224,1,0.8308228254318237,
14,225,0,0.826357901096344,
14,225,1,0.8244485855102539,
14,226,0,0.8231591582298279,
14,226,1,0.8256821632385254,
14,227,0,0.8233567476272583,
14,227,1,0.8223695755004883,
14,228,0,0.8262814283370972,
14,228,1,0.828331470489502,
14,229,0,0.8244055509567261,
14,229,1,0.8255807161331177,
14,230,0,0.8233423233032227,
14,230,1,0.8228293061256409,
14,231,0,0.8222640752792358,
14,231,1,0.8293672800064087,
14,232,0,0.8251482248306274,
14,232,1,0.8225833773612976,
14,233,0,0.8239371180534363,
14,233,1,0.8193618059158325,
14,234,0,0.8243001699447632,
14,234,1,0.8275576829910278,
14,235,0,0.82444167137146,
14,235,1,0.8221513032913208,
14,236,0,0.8219496011734009,
14,236,1,0.8189648985862732,
14,237,0,0.8250504732131958,
14,237,1,0.8228179812431335,
14,238,0,0.8267984390258789,
14,238,1,0.825088381767273,
14,239,0,0.8264080286026001,
14,239,1,0.827646017074585,
14,240,0,0.8258241415023804,
14,240,1,0.8226137757301331,
14,241,0,0.8226255774497986,
14,241,1,0.8223507404327393,
14,242,0,0.8220926523208618,
14,242,1,0.8255596160888672,
14,243,0,0.8233391642570496,
14,243,1,0.8193339705467224,
14,244,0,0.8238874077796936,
14,244,1,0.828930675983429,
14,245,0,0.8246908187866211,
14,245,1,0.8234003186225891,
14,246,0,0.8229370713233948,
14,246,1,0.8190312385559082,
14,247,0,0.8224959373474121,
14,247,1,0.8249197006225586,
14,248,0,0.8265562057495117,
14,248,1,0.8230503797531128,
14,249,0,0.8236755132675171,
14,249,1,0.8224512338638306,
14,250,0,0.8211443424224854,
14,250,1,0.8292990922927856,
14,251,0,0.8267244100570679,
14,251,1,0.8260691165924072,
14,252,0,0.8254503011703491,
14,252,1,0.8214751482009888,
14,253,0,0.8260277509689331,
14,253,1,0.8239260911941528,
14,254,0,0.8242636322975159,
14,254,1,0.8236008286476135,
14,255,0,0.8266780376434326,
14,255,1,0.8234424591064453,
14,256,0,0.8228321075439453,
14,256,1,0.8216394186019897,
14,257,0,0.8220895528793335,
14,257,1,0.8210967183113098,
14,258,0,0.8251112699508667,
14,258,1,0.829761266708374,
14,259,0,0.826298713684082,
14,259,1,0.8169369101524353,
14,260,0,0.8254588842391968,
14,260,1,0.8229759335517883,
14,261,0,0.8238639831542969,
14,261,1,0.8245047330856323,
14,262,0,0.8239402770996094,
14,262,1,0.8248528838157654,
14,263,0,0.8258917331695557,
14,263,1,0.8252950310707092,
14,264,0,0.8228705525398254,
14,264,1,0.8218991756439209,
14,265,0,0.8232464790344238,
14,265,1,0.827083945274353,
14,266,0,0.8256137371063232,
14,266,1,0.8286094665527344,
14,267,0,0.8216118216514587,
14,267,1,0.8215569853782654,
14,268,0,0.8207148313522339,
14,268,1,0.8269361257553101,
14,269,0,0.8206000924110413,
14,269,1,0.8186003565788269,
14,270,0,0.8261167407035828,
14,270,1,0.8201271891593933,
14,271,0,0.8257356286048889,
14,271,1,0.8260482549667358,
14,272,0,0.8242419958114624,
14,272,1,0.8242816925048828,
14,273,0,0.8238165378570557,
14,273,1,0.82447350025177,
14,274,0,0.8272902965545654,
14,274,1,0.8203048706054688,
14,275,0,0.8233871459960938,
14,275,1,0.8229396939277649,
14,276,0,0.8219305872917175,
14,276,1,0.8294149041175842,
14,277,0,0.8269283771514893,
14,277,1,0.8270878791809082,
14,278,0,0.825354814529419,
14,278,1,0.8189277648925781,
14,279,0,0.8235651850700378,
14,279,1,0.8226608037948608,
14,280,0,0.8240082263946533,
14,280,1,0.8268061876296997,
14,281,0,0.8254804015159607,
14,281,1,0.8241511583328247,
14,282,0,0.8240419030189514,
14,282,1,0.8259052634239197,
14,283,0,0.8249884843826294,
14,283,1,0.8266477584838867,
14,284,0,0.8254795074462891,
14,284,1,0.8215043544769287,
14,285,0,0.8244929313659668,
14,285,1,0.8281188607215881,
14,286,0,0.8230494856834412,
14,286,1,0.8264390826225281,
14,287,0,0.8240408897399902,
14,287,1,0.8271916508674622,
14,288,0,0.8227455615997314,
14,288,1,0.8239575028419495,
14,289,0,0.8213664293289185,
14,289,1,0.8271394968032837,
14,290,0,0.8223264217376709,
14,290,1,0.817109227180481,
14,291,0,0.8230376839637756,
14,291,1,0.8229951858520508,
14,292,0,0.8241049647331238,
14,292,1,0.8275036811828613,
14,293,0,0.8250975012779236,
14,293,1,0.8261440396308899,
14,294,0,0.8240832686424255,
14,294,1,0.8225427269935608,
14,295,0,0.8236151337623596,
14,295,1,0.8212332725524902,
14,296,0,0.8229931592941284,
14,296,1,0.8245522975921631,
14,297,0,0.8223140835762024,
14,297,1,0.8229491710662842,
14,298,0,0.8228962421417236,
14,298,1,0.8272090554237366,
14,299,0,0.8247087597846985,
14,299,1,0.8259906768798828,
14,300,0,0.8253791332244873,
14,300,1,0.8241262435913086,
14,301,0,0.824104368686676,
14,301,1,0.827141523361206,
14,302,0,0.8235487937927246,
14,302,1,0.8256453275680542,
14,303,0,0.8219416737556458,
14,303,1,0.8185241222381592,
14,304,0,0.8248199224472046,
14,304,1,0.8296763896942139,
14,305,0,0.8242182731628418,
14,305,1,0.8265081644058228,
14,306,0,0.823049783706665,
14,306,1,0.8261514902114868,
14,307,0,0.824763834476471,
14,307,1,0.8282256722450256,
14,308,0,0.8214218616485596,
14,308,1,0.821718692779541,
14,309,0,0.8268460631370544,
14,309,1,0.8295907974243164,
14,310,0,0.821603000164032,
14,310,1,0.8232929110527039,
14,311,0,0.8262048959732056,
14,311,1,0.8203098773956299,
14,312,0,0.824249267578125,
14,312,1,0.8274039030075073,
14,313,0,0.8231468200683594,
14,313,1,0.8265668749809265,
14,314,0,0.8248844146728516,
14,314,1,0.8241835832595825,
14,315,0,0.8240918517112732,
14,315,1,0.8242353200912476,
14,316,0,0.8233110308647156,
14,316,1,0.8260630369186401,
14,317,0,0.8252018690109253,
14,317,1,0.8211299180984497,
14,318,0,0.8246369361877441,
14,318,1,0.8276087641716003,
14,319,0,0.8240748643875122,
14,319,1,0.8226292729377747,
14,320,0,0.8256142735481262,
14,320,1,0.8169830441474915,
14,321,0,0.8233130574226379,
14,321,1,0.816649854183197,
14,322,0,0.824399471282959,
14,322,1,0.8345022201538086,
14,323,0,0.8224677443504333,
14,323,1,0.8231898546218872,
14,324,0,0.8235288262367249,
14,324,1,0.8223361968994141,
14,325,0,0.8246238231658936,
14,325,1,0.8239259719848633,
14,326,0,0.8233963251113892,
14,326,1,0.8231695294380188,
14,327,0,0.8262088298797607,
14,327,1,0.819553792476654,
14,328,0,0.8254878520965576,
14,328,1,0.8187430500984192,
14,329,0,0.8220987915992737,
14,329,1,0.8332391381263733,
14,330,0,0.8233133554458618,
14,330,1,0.8187862038612366,
14,331,0,0.824718177318573,
14,331,1,0.826867938041687,
14,332,0,0.8219413161277771,
14,332,1,0.8325064182281494,
14,333,0,0.8269792795181274,
14,333,1,0.8246095180511475,
14,334,0,0.8216956257820129,
14,334,1,0.8213111162185669,
14,335,0,0.82133948802948,
14,335,1,0.822448194026947,
14,336,0,0.8209750652313232,
14,336,1,0.8253670930862427,
14,337,0,0.825173020362854,
14,337,1,0.8227118253707886,
14,338,0,0.827003002166748,
14,338,1,0.8214098215103149,
14,339,0,0.8255161046981812,
14,339,1,0.8264177441596985,
14,340,0,0.8271869421005249,
14,340,1,0.820719838142395,
14,341,0,0.824872612953186,
14,341,1,0.8225749731063843,
14,342,0,0.8229551315307617,
14,342,1,0.8289781808853149,
14,343,0,0.82337886095047,
14,343,1,0.8232188820838928,
14,344,0,0.8272457122802734,
14,344,1,0.8251363635063171,
14,345,0,0.8249040842056274,
14,345,1,0.8243359327316284,
14,346,0,0.8282961249351501,
14,346,1,0.8237462639808655,
14,347,0,0.8257109522819519,
14,347,1,0.8137933015823364,
14,348,0,0.8288955092430115,
14,348,1,0.8223817348480225,
14,349,0,0.8237452507019043,
14,349,1,0.8309427499771118,
14,350,0,0.8237669467926025,
14,350,1,0.8303099870681763,
14,351,0,0.824255108833313,
14,351,1,0.8298286199569702,
14,352,0,0.827733039855957,
14,352,1,0.8219239711761475,
14,353,0,0.825651228427887,
14,353,1,0.8166986107826233,
14,354,0,0.8313390016555786,
14,354,1,0.8251476287841797,
14,355,0,0.8244333267211914,
14,355,1,0.8295563459396362,
14,356,0,0.8258686065673828,
14,356,1,0.8278167843818665,
14,357,0,0.8278897404670715,
14,357,1,0.822199821472168,
14,358,0,0.8269633054733276,
14,358,1,0.8234543204307556,
14,359,0,0.8251222968101501,
14,359,1,0.8252882957458496,
14,360,0,0.8224037289619446,
14,360,1,0.8214681148529053,
14,361,0,0.8266683220863342,
14,361,1,0.8257119655609131,
14,362,0,0.8239231109619141,
14,362,1,0.8221474885940552,
14,363,0,0.8233801126480103,
14,363,1,0.8203717470169067,
14,364,0,0.8243222236633301,
14,364,1,0.8236045837402344,
14,365,0,0.8226061463356018,
14,365,1,0.8291101455688477,
14,366,0,0.8245105743408203,
14,366,1,0.8248281478881836,
14,367,0,0.8220528364181519,
14,367,1,0.8318738341331482,
14,368,0,0.825355052947998,
14,368,1,0.8259193897247314,
14,369,0,0.8265449404716492,
14,369,1,0.827578067779541,
14,370,0,0.8258038759231567,
14,370,1,0.8305385112762451,
14,371,0,0.8246798515319824,
14,371,1,0.8247789144515991,
14,372,0,0.8252856731414795,
14,372,1,0.8215062618255615,
14,373,0,0.8283707499504089,
14,373,1,0.8165168166160583,
14,374,0,0.8247848749160767,
14,374,1,0.8271974921226501,
14,375,0,0.8247507810592651,
14,375,1,0.8216365575790405,
14,376,0,0.8250030875205994,
14,376,1,0.8248040676116943,
14,377,0,0.8267188668251038,
14,377,1,0.8228108882904053,
14,378,0,0.8232786655426025,
14,378,1,0.8275749087333679,
14,379,0,0.8249077200889587,
14,379,1,0.8271126747131348,
14,380,0,0.8257567882537842,
14,380,1,0.8245394229888916,
14,381,0,0.8245151042938232,
14,381,1,0.8226022720336914,
14,382,0,0.8258423805236816,
14,382,1,0.8213018774986267,
14,383,0,0.8223588466644287,
14,383,1,0.8240602612495422,
14,384,0,0.8225522041320801,
14,384,1,0.8197284936904907,
14,385,0,0.8285494446754456,
14,385,1,0.8249126076698303,
14,386,0,0.822144627571106,
14,386,1,0.8239182233810425,
14,387,0,0.8249900341033936,
14,387,1,0.8268216848373413,
14,388,0,0.8244694471359253,
14,388,1,0.8212135434150696,
14,389,0,0.8255818486213684,
14,389,1,0.82506263256073,
14,390,0,0.8236739635467529,
14,390,1,0.8255810141563416,
14,391,0,0.8265831470489502,
14,391,1,0.8267108201980591,
14,392,0,0.8247231245040894,
14,392,1,0.8218014240264893,
14,393,0,0.8264808654785156,
14,393,1,0.8245049715042114,
14,394,0,0.8253383040428162,
14,394,1,0.8208051919937134,
14,395,0,0.8257296681404114,
14,395,1,0.826734721660614,
14,396,0,0.8255266547203064,
14,396,1,0.8258756399154663,
14,397,0,0.8225387334823608,
14,397,1,0.8242273330688477,
14,398,0,0.8257864713668823,
14,398,1,0.822160005569458,
14,399,0,0.8258557915687561,
14,399,1,0.8301495909690857,
14,400,0,0.8245508670806885,
14,400,1,0.8292721509933472,
14,401,0,0.8255952000617981,
14,401,1,0.8211411237716675,
14,402,0,0.8267695903778076,
14,402,1,0.8242826461791992,
14,403,0,0.825177788734436,
14,403,1,0.8215311765670776,
14,404,0,0.8269712924957275,
14,404,1,0.8217663764953613,
14,405,0,0.8267973065376282,
14,405,1,0.8264853954315186,
14,406,0,0.8241656422615051,
14,406,1,0.822301983833313,
14,407,0,0.8243471384048462,
14,407,1,0.81963050365448,
14,408,0,0.8222050666809082,
14,408,1,0.8215620517730713,
14,409,0,0.8240280747413635,
14,409,1,0.8189337253570557,
14,410,0,0.8262370824813843,
14,410,1,0.8274149894714355,
14,411,0,0.8235758543014526,
14,411,1,0.8240463137626648,
14,412,0,0.8236372470855713,
14,412,1,0.8302537202835083,
14,413,0,0.8232181072235107,
14,413,1,0.8271588087081909,
14,414,0,0.8224220275878906,
14,414,1,0.8303244113922119,
14,415,0,0.8251543045043945,
14,415,1,0.8246728181838989,
14,416,0,0.8250660300254822,
14,416,1,0.8219542503356934,
14,417,0,0.8254561424255371,
14,417,1,0.8213138580322266,
14,418,0,0.8237019181251526,
14,418,1,0.8198350071907043,
14,419,0,0.8223236203193665,
14,419,1,0.8261592984199524,
14,420,0,0.8245913982391357,
14,420,1,0.8283300399780273,
14,421,0,0.8257814645767212,
14,421,1,0.8258728981018066,
14,422,0,0.8263837695121765,
14,422,1,0.8281704187393188,
14,423,0,0.8272287845611572,
14,423,1,0.8301123976707458,
14,424,0,0.8267181515693665,
14,424,1,0.823569655418396,
14,425,0,0.8237024545669556,
14,425,1,0.8294535279273987,
14,426,0,0.8247087001800537,
14,426,1,0.8270642757415771,
14,427,0,0.826923131942749,
14,427,1,0.8283568620681763,
14,428,0,0.8241893649101257,
14,428,1,0.8277605772018433,
14,429,0,0.82212233543396,
14,429,1,0.8254413604736328,
14,430,0,0.8269484043121338,
14,430,1,0.8222250938415527,
14,431,0,0.8243798613548279,
14,431,1,0.8243452906608582,
14,432,0,0.8265135288238525,
14,432,1,0.8242712020874023,
14,433,0,0.824297308921814,
14,433,1,0.8240132927894592,
14,434,0,0.8229186534881592,
14,434,1,0.8246667981147766,
14,435,0,0.8253902792930603,
14,435,1,0.8254426717758179,
14,436,0,0.8293957710266113,
14,436,1,0.8240875005722046,
14,437,0,0.8251551389694214,
14,437,1,0.8267630338668823,
14,438,0,0.8257589340209961,
14,438,1,0.8275797367095947,
14,439,0,0.8221195340156555,
14,439,1,0.8244321942329407,
14,440,0,0.8234091997146606,
14,440,1,0.8242690563201904,
14,441,0,0.8230017423629761,
14,441,1,0.8215001821517944,
14,442,0,0.8274739980697632,
14,442,1,0.8218019604682922,
14,443,0,0.8224806785583496,
14,443,1,0.8238054513931274,
14,444,0,0.824032187461853,
14,444,1,0.8230400085449219,
14,445,0,0.8261750340461731,
14,445,1,0.8256387710571289,
14,446,0,0.8255825042724609,
14,446,1,0.8209353685379028,
14,447,0,0.8193941116333008,
14,447,1,0.8237887620925903,
14,448,0,0.8216509819030762,
14,448,1,0.8257787227630615,
14,449,0,0.8274471163749695,
14,449,1,0.8198485374450684,
14,450,0,0.8252060413360596,
14,450,1,0.8205400109291077,
14,451,0,0.8240194320678711,
14,451,1,0.8210259079933167,
14,452,0,0.8275918960571289,
14,452,1,0.8199862837791443,
14,453,0,0.8287028074264526,
14,453,1,0.824113130569458,
14,454,0,0.8242858648300171,
14,454,1,0.8236377239227295,
14,455,0,0.8211514949798584,
14,455,1,0.829494059085846,
14,456,0,0.8237847089767456,
14,456,1,0.8355458974838257,
14,457,0,0.8240958452224731,
14,457,1,0.8291306495666504,
14,458,0,0.8258331418037415,
14,458,1,0.8265160322189331,
14,459,0,0.8239543437957764,
14,459,1,0.8243739604949951,
14,460,0,0.8225782513618469,
14,460,1,0.8314288854598999,
14,461,0,0.822730541229248,
14,461,1,0.8293014764785767,
14,462,0,0.8244556188583374,
14,462,1,0.8213130235671997,
14,463,0,0.8200972080230713,
14,463,1,0.8272914886474609,
14,464,0,0.8248553276062012,
14,464,1,0.8273565173149109,
14,465,0,0.8253180980682373,
14,465,1,0.823058009147644,
14,466,0,0.8253084421157837,
14,466,1,0.8250974416732788,
14,467,0,0.8241661787033081,
14,467,1,0.8254604935646057,
14,468,0,0.824175238609314,
14,468,1,0.8276395797729492,
14,469,0,0.8230313062667847,
14,469,1,0.8283666372299194,
14,470,0,0.8266730308532715,
14,470,1,0.8215120434761047,
14,471,0,0.8251831531524658,
14,471,1,0.8237430453300476,
14,472,0,0.8226176500320435,
14,472,1,0.828058123588562,
14,473,0,0.825875997543335,
14,473,1,0.8244627118110657,
14,474,0,0.8258297443389893,
14,474,1,0.8190827369689941,
14,475,0,0.8248389363288879,
14,475,1,0.8211091756820679,
14,476,0,0.8254642486572266,
14,476,1,0.8241877555847168,
14,477,0,0.8243258595466614,
14,477,1,0.8207625150680542,
14,478,0,0.8227400779724121,
14,478,1,0.8234168291091919,
14,479,0,0.8245772123336792,
14,479,1,0.8234991431236267,
14,480,0,0.8232307434082031,
14,480,1,0.826695442199707,
14,481,0,0.8215435743331909,
14,481,1,0.8256901502609253,
14,482,0,0.8235905170440674,
14,482,1,0.8266127109527588,
14,483,0,0.8256527185440063,
14,483,1,0.82172691822052,
14,484,0,0.826684832572937,
14,484,1,0.8278291821479797,
14,485,0,0.8237965703010559,
14,485,1,0.8272734880447388,
14,486,0,0.8263875842094421,
14,486,1,0.8199446201324463,
14,487,0,0.8252015113830566,
14,487,1,0.8270559310913086,
14,488,0,0.8246914148330688,
14,488,1,0.8260791897773743,
14,489,0,0.822930097579956,
14,489,1,0.8242935538291931,
14,490,0,0.8240819573402405,
14,490,1,0.8303338885307312,
14,491,0,0.8250869512557983,
14,491,1,0.8230358362197876,
14,492,0,0.8231223821640015,
14,492,1,0.8239172101020813,
14,493,0,0.8251782655715942,
14,493,1,0.8247894644737244,
14,494,0,0.824104368686676,
14,494,1,0.8266363143920898,
14,495,0,0.8232501149177551,
14,495,1,0.8307665586471558,
14,496,0,0.823939323425293,
14,496,1,0.8252807855606079,
14,497,0,0.8229115009307861,
14,497,1,0.8269886374473572,
14,498,0,0.8233156204223633,
14,498,1,0.8220438957214355,
14,499,0,0.8232384920120239,
14,499,1,0.828272819519043,
14,500,0,0.8231402635574341,
14,500,1,0.8163414001464844,
14,501,0,0.8242405652999878,
14,501,1,0.8282256126403809,
14,502,0,0.8250866532325745,
14,502,1,0.8195996284484863,
14,503,0,0.827646017074585,
14,503,1,0.8219455480575562,
14,504,0,0.8247841596603394,
14,504,1,0.828324556350708,
14,505,0,0.8250099420547485,
14,505,1,0.8256230354309082,
14,506,0,0.8263283371925354,
14,506,1,0.8165345788002014,
14,507,0,0.8248889446258545,
14,507,1,0.8249978423118591,
14,508,0,0.8230666518211365,
14,508,1,0.8253653049468994,
14,509,0,0.8256229758262634,
14,509,1,0.8253851532936096,
14,510,0,0.8256158828735352,
14,510,1,0.8227579593658447,
14,511,0,0.8259261250495911,
14,511,1,0.8317772150039673,
14,512,0,0.824654757976532,
14,512,1,0.8220705986022949,
14,513,0,0.8214315176010132,
14,513,1,0.8212941884994507,
14,514,0,0.8242886662483215,
14,514,1,0.828896701335907,
14,515,0,0.8238334655761719,
14,515,1,0.8276969194412231,
14,516,0,0.8240651488304138,
14,516,1,0.8252051472663879,
14,517,0,0.8252800703048706,
14,517,1,0.8251956701278687,
14,518,0,0.8257454037666321,
14,518,1,0.8233609199523926,
14,519,0,0.822806715965271,
14,519,1,0.8261165022850037,
14,520,0,0.8253954648971558,
14,520,1,0.8285779356956482,
14,521,0,0.8246475458145142,
14,521,1,0.8235764503479004,
14,522,0,0.8251516819000244,
14,522,1,0.8242766857147217,
14,523,0,0.8217498064041138,
14,523,1,0.8245580792427063,
14,524,0,0.8238149881362915,
14,524,1,0.8220525979995728,
14,525,0,0.825676441192627,
14,525,1,0.8225868940353394,
14,526,0,0.822180986404419,
14,526,1,0.8245230913162231,
14,527,0,0.8253961205482483,
14,527,1,0.8224014043807983,
14,528,0,0.8234784007072449,
14,528,1,0.8264465928077698,
14,529,0,0.8229674100875854,
14,529,1,0.8246440887451172,
14,530,0,0.8266326189041138,
14,530,1,0.824806272983551,
14,531,0,0.823573648929596,
14,531,1,0.8225565552711487,
14,532,0,0.8227794170379639,
14,532,1,0.8231949806213379,
14,533,0,0.8254466652870178,
14,533,1,0.8232736587524414,
14,534,0,0.8232545256614685,
14,534,1,0.8246959447860718,
14,535,0,0.8252690434455872,
14,535,1,0.8260256052017212,
14,536,0,0.8239560127258301,
14,536,1,0.8226323127746582,
14,537,0,0.8240773677825928,
14,537,1,0.823981523513794,
14,538,0,0.822297215461731,
14,538,1,0.8236904740333557,
14,539,0,0.8220905065536499,
14,539,1,0.8186554908752441,
14,540,0,0.8242020606994629,
14,540,1,0.8294342756271362,
14,541,0,0.8247956037521362,
14,541,1,0.8313868045806885,
14,542,0,0.8290183544158936,
14,542,1,0.8266922235488892,
14,543,0,0.8240996599197388,
14,543,1,0.8235620856285095,
14,544,0,0.824699342250824,
14,544,1,0.8187697529792786,
14,545,0,0.8216870427131653,
14,545,1,0.8234822750091553,
14,546,0,0.8260638117790222,
14,546,1,0.8230602741241455,
14,547,0,0.822174072265625,
14,547,1,0.8229494094848633,
14,548,0,0.8269787430763245,
14,548,1,0.8275229334831238,
14,549,0,0.8265024423599243,
14,549,1,0.8284897208213806,
14,550,0,0.8267996311187744,
14,550,1,0.8227519989013672,
14,551,0,0.8242232799530029,
14,551,1,0.8244941234588623,
14,552,0,0.8244801759719849,
14,552,1,0.8247554302215576,
14,553,0,0.8257343769073486,
14,553,1,0.8256366848945618,
14,554,0,0.8254574537277222,
14,554,1,0.8242202997207642,
14,555,0,0.8247921466827393,
14,555,1,0.8240625858306885,
14,556,0,0.8254495859146118,
14,556,1,0.8302520513534546,
14,557,0,0.8271333575248718,
14,557,1,0.82373046875,
14,558,0,0.8267108201980591,
14,558,1,0.8166870474815369,
14,559,0,0.8227850794792175,
14,559,1,0.825751006603241,
14,560,0,0.825900673866272,
14,560,1,0.8255512714385986,
14,561,0,0.8238195776939392,
14,561,1,0.817173957824707,
14,562,0,0.824992299079895,
14,562,1,0.8238182067871094,
14,563,0,0.8235301971435547,
14,563,1,0.8229485750198364,
14,564,0,0.827115535736084,
14,564,1,0.8227534294128418,
14,565,0,0.8239926099777222,
14,565,1,0.8285897970199585,
14,566,0,0.8266785740852356,
14,566,1,0.8297135829925537,
14,567,0,0.8246314525604248,
14,567,1,0.8235828280448914,
14,568,0,0.8224396705627441,
14,568,1,0.8254961967468262,
14,569,0,0.8232074975967407,
14,569,1,0.8219562768936157,
14,570,0,0.8237609267234802,
14,570,1,0.8246516585350037,
14,571,0,0.8254948854446411,
14,571,1,0.8230189085006714,
14,572,0,0.82664555311203,
14,572,1,0.8232777714729309,
14,573,0,0.8245221376419067,
14,573,1,0.8199673295021057,
14,574,0,0.8239506483078003,
14,574,1,0.8233379125595093,
14,575,0,0.8241307735443115,
14,575,1,0.8235719203948975,
14,576,0,0.8221050500869751,
14,576,1,0.8241214752197266,
14,577,0,0.8218530416488647,
14,577,1,0.8269287943840027,
14,578,0,0.8251224756240845,
14,578,1,0.8286486864089966,
14,579,0,0.8245478868484497,
14,579,1,0.8184162378311157,
14,580,0,0.8240275382995605,
14,580,1,0.823788583278656,
14,581,0,0.8261072039604187,
14,581,1,0.826493501663208,
14,582,0,0.8244799375534058,
14,582,1,0.8244810700416565,
14,583,0,0.823676347732544,
14,583,1,0.8211755752563477,
14,584,0,0.8234401941299438,
14,584,1,0.8268495798110962,
14,585,0,0.8259387016296387,
14,585,1,0.8189842700958252,
14,586,0,0.8227386474609375,
14,586,1,0.826248288154602,
14,587,0,0.8226842880249023,
14,587,1,0.8237223625183105,
14,588,0,0.8265325427055359,
14,588,1,0.8236930966377258,
14,589,0,0.8233621120452881,
14,589,1,0.8276560306549072,
14,590,0,0.822895348072052,
14,590,1,0.8236411809921265,
14,591,0,0.8257173299789429,
14,591,1,0.8154072761535645,
14,592,0,0.8271450400352478,
14,592,1,0.8236018419265747,
14,593,0,0.8251426219940186,
14,593,1,0.8212520480155945,
14,594,0,0.8224384188652039,
14,594,1,0.8235079646110535,
14,595,0,0.8225641846656799,
14,595,1,0.8217519521713257,
14,596,0,0.8246021270751953,
14,596,1,0.8225286602973938,
14,597,0,0.8273135423660278,
14,597,1,0.8228939771652222,
14,598,0,0.8233458399772644,
14,598,1,0.8231239318847656,
14,599,0,0.8288440108299255,
14,599,1,0.8257092237472534,
14,600,0,0.8242677450180054,
14,600,1,0.8208273649215698,
14,601,0,0.8219358325004578,
14,601,1,0.8280413746833801,
14,602,0,0.8263212442398071,
14,602,1,0.8228930234909058,
14,603,0,0.829825758934021,
14,603,1,0.8240406513214111,
14,604,0,0.824910044670105,
14,604,1,0.8253089785575867,
14,val,,,0.8251935458183288
15,0,0,0.821877121925354,
15,0,1,0.8307071924209595,
15,1,0,0.8242645859718323,
15,1,1,0.8299350142478943,
15,2,0,0.8255245089530945,
15,2,1,0.8234355449676514,
15,3,0,0.8240998983383179,
15,3,1,0.8316169381141663,
15,4,0,0.8233779668807983,
15,4,1,0.8227470517158508,
15,5,0,0.8228330612182617,
15,5,1,0.8317365646362305,
15,6,0,0.8269706964492798,
15,6,1,0.8215380907058716,
15,7,0,0.8231639862060547,
15,7,1,0.8245522379875183,
15,8,0,0.8194981813430786,
15,8,1,0.8229432106018066,
15,9,0,0.820935845375061,
15,9,1,0.8236223459243774,
15,10,0,0.8217925429344177,
15,10,1,0.8206480741500854,
15,11,0,0.8250150680541992,
15,11,1,0.816243588924408,
15,12,0,0.819654107093811,
15,12,1,0.823533833026886,
15,13,0,0.8238555192947388,
15,13,1,0.8301273584365845,
15,14,0,0.8227068185806274,
15,14,1,0.8257611989974976,
15,15,0,0.823054313659668,
15,15,1,0.819525420665741,
15,16,0,0.8252753019332886,
15,16,1,0.8227172493934631,
15,17,0,0.8222340941429138,
15,17,1,0.8232395648956299,
15,18,0,0.8236490488052368,
15,18,1,0.8254007697105408,
15,19,0,0.8244481682777405,
15,19,1,0.8181762099266052,
15,20,0,0.8224869966506958,
15,20,1,0.8218660354614258,
15,21,0,0.8244250416755676,
15,21,1,0.8230627775192261,
15,22,0,0.8264950513839722,
15,22,1,0.8251023888587952,
15,23,0,0.8244041800498962,
15,23,1,0.8212210536003113,
15,24,0,0.8212419748306274,
15,24,1,0.8201643824577332,
15,25,0,0.8202329277992249,
15,25,1,0.8198335766792297,
15,26,0,0.8228908777236938,
15,26,1,0.8163291215896606,
15,27,0,0.8212095499038696,
15,27,1,0.8300706148147583,
15,28,0,0.8202937841415405,
15,28,1,0.817626953125,
15,29,0,0.825770914554596,
15,29,1,0.8267385959625244,
15,30,0,0.8232045769691467,
15,30,1,0.8237078189849854,
15,31,0,0.8233047723770142,
15,31,1,0.8288094997406006,
15,32,0,0.8201094269752502,
15,32,1,0.823231041431427,
15,33,0,0.8253368735313416,
15,33,1,0.8248479962348938,
15,34,0,0.8244807720184326,
15,34,1,0.8196585178375244,
15,35,0,0.8216355443000793,
15,35,1,0.8216946125030518,
15,36,0,0.8199363946914673,
15,36,1,0.8270094394683838,
15,37,0,0.8237116932868958,
15,37,1,0.8192090392112732,
15,38,0,0.821253776550293,
15,38,1,0.8280881643295288,
15,39,0,0.8265502452850342,
15,39,1,0.822806715965271,
15,40,0,0.8243278861045837,
15,40,1,0.817778468132019,
15,41,0,0.8251689076423645,
15,41,1,0.8223873972892761,
15,42,0,0.8237190246582031,
15,42,1,0.8289910554885864,
15,43,0,0.824263334274292,
15,43,1,0.824958324432373,
15,44,0,0.8262404203414917,
15,44,1,0.824616551399231,
15,45,0,0.8212977647781372,
15,45,1,0.8245100378990173,
15,46,0,0.8240358829498291,
15,46,1,0.8207122087478638,
15,47,0,0.8239961862564087,
15,47,1,0.8212829232215881,
15,48,0,0.8268970251083374,
15,48,1,0.821489691734314,
15,49,0,0.8264327645301819,
15,49,1,0.8264396786689758,
15,50,0,0.8246775269508362,
15,50,1,0.8271857500076294,
15,51,0,0.8275481462478638,
15,51,1,0.82147216796875,
15,52,0,0.8254347443580627,
15,52,1,0.8308606743812561,
15,53,0,0.8257693648338318,
15,53,1,0.828519344329834,
15,54,0,0.8223519325256348,
15,54,1,0.8196302652359009,
15,55,0,0.8248487710952759,
15,55,1,0.8221167922019958,
15,56,0,0.8267801403999329,
15,56,1,0.81782066822052,
15,57,0,0.8245014548301697,
15,57,1,0.8208932876586914,
15,58,0,0.8274198770523071,
15,58,1,0.8291219472885132,
15,59,0,0.8250296115875244,
15,59,1,0.8227168917655945,
15,60,0,0.8248317241668701,
15,60,1,0.8223886489868164,
15,61,0,0.825301468372345,
15,61,1,0.8268508315086365,
15,62,0,0.825351893901825,
15,62,1,0.8213241100311279,
15,63,0,0.8247642517089844,
15,63,1,0.8210460543632507,
15,64,0,0.8231843709945679,
15,64,1,0.8335576057434082,
15,65,0,0.8247848749160767,
15,65,1,0.8246989250183105,
15,66,0,0.8244030475616455,
15,66,1,0.8253914713859558,
15,67,0,0.8264539837837219,
15,67,1,0.8171127438545227,
15,68,0,0.8245685696601868,
15,68,1,0.824750542640686,
15,69,0,0.8248596787452698,
15,69,1,0.818412184715271,
15,70,0,0.8208688497543335,
15,70,1,0.8278820514678955,
15,71,0,0.8265061378479004,
15,71,1,0.8271347284317017,
15,72,0,0.8217699527740479,
15,72,1,0.8227189779281616,
15,73,0,0.8226925730705261,
15,73,1,0.829975426197052,
15,74,0,0.8243288993835449,
15,74,1,0.8187631964683533,
15,75,0,0.8242558240890503,
15,75,1,0.8238400220870972,
15,76,0,0.8238359093666077,
15,76,1,0.8251380920410156,
15,77,0,0.821444034576416,
15,77,1,0.8272840976715088,
15,78,0,0.8283451199531555,
15,78,1,0.8258718848228455,
15,79,0,0.8239777684211731,
15,79,1,0.8246064186096191,
15,80,0,0.8246432542800903,
15,80,1,0.8267849683761597,
15,81,0,0.8254451751708984,
15,81,1,0.8264259099960327,
15,82,0,0.8270049691200256,
15,82,1,0.8215924501419067,
15,83,0,0.8224488496780396,
15,83,1,0.8240451812744141,
15,84,0,0.8221591114997864,
15,84,1,0.8185948133468628,
15,85,0,0.8211355209350586,
15,85,1,0.8273563385009766,
15,86,0,0.8219475150108337,
15,86,1,0.824787974357605,
15,87,0,0.8250815272331238,
15,87,1,0.8236469030380249,
15,88,0,0.8238202929496765,
15,88,1,0.819053053855896,
15,89,0,0.8235614895820618,
15,89,1,0.8252897262573242,
15,90,0,0.8221310973167419,
15,90,1,0.8259869813919067,
15,91,0,0.8240864872932434,
15,91,1,0.8212125301361084,
15,92,0,0.8239226341247559,
15,92,1,0.8263890147209167,
15,93,0,0.8254637718200684,
15,93,1,0.8257009983062744,
15,94,0,0.8253858089447021,
15,94,1,0.8253225088119507,
15,95,0,0.8237748146057129,
15,95,1,0.8237027525901794,
15,96,0,0.8262807130813599,
15,96,1,0.8236193656921387,
15,97,0,0.8253318071365356,
15,97,1,0.8218422532081604,
15,98,0,0.8222896456718445,
15,98,1,0.8265544772148132,
15,99,0,0.825503945350647,
15,99,1,0.822426438331604,
15,100,0,0.8231383562088013,
15,100,1,0.8309987187385559,
15,101,0,0.8229607343673706,
15,101,1,0.8323522806167603,
15,102,0,0.8235485553741455,
15,102,1,0.8277937769889832,
15,103,0,0.824942409992218,
15,103,1,0.8172183036804199,
15,104,0,0.8250068426132202,
15,104,1,0.8302946090698242,
15,105,0,0.8226535320281982,
15,105,1,0.8327406048774719,
15,106,0,0.8230968713760376,
15,106,1,0.8222460746765137,
15,107,0,0.8262012004852295,
15,107,1,0.8223003149032593,
15,108,0,0.8201473355293274,
15,108,1,0.8233609199523926,
15,109,0,0.8213780522346497,
15,109,1,0.8281674385070801,
15,110,0,0.8236459493637085,
15,110,1,0.825446367263794,
15,111,0,0.8236408233642578,
15,111,1,0.8205657005310059,
15,112,0,0.8250904083251953,
15,112,1,0.8220750093460083,
15,113,0,0.8259145617485046,
15,113,1,0.8329439163208008,
15,114,0,0.8279484510421753,
15,114,1,0.8200567364692688,
15,115,0,0.824323832988739,
15,115,1,0.8328165411949158,
15,116,0,0.8230506181716919,
15,116,1,0.8285305500030518,
15,117,0,0.824992835521698,
15,117,1,0.8158226013183594,
15,118,0,0.822196364402771,
15,118,1,0.8196589946746826,
15,119,0,0.824962854385376,
15,119,1,0.8229811191558838,
15,120,0,0.8244729042053223,
15,120,1,0.8230975866317749,
15,121,0,0.8244119882583618,
15,121,1,0.8242176175117493,
15,122,0,0.8254082798957825,
15,122,1,0.8261672854423523,
15,123,0,0.8236860632896423,
15,123,1,0.8213052749633789,
15,124,0,0.8257535696029663,
15,124,1,0.8272503018379211,
15,125,0,0.8221697211265564,
15,125,1,0.8195139169692993,
15,126,0,0.8252651691436768,
15,126,1,0.8152135014533997,
15,127,0,0.8245917558670044,
15,127,1,0.8256843090057373,
15,128,0,0.8209177255630493,
15,128,1,0.8214256763458252,
15,129,0,0.8226006627082825,
15,129,1,0.8223288059234619,
15,130,0,0.8233725428581238,
15,130,1,0.8226152658462524,
15,131,0,0.8252371549606323,
15,131,1,0.8296077847480774,
15,132,0,0.8251512050628662,
15,132,1,0.8243945837020874,
15,133,0,0.8230382800102234,
15,133,1,0.819271445274353,
15,134,0,0.8229350447654724,
15,134,1,0.8226826190948486,
15,135,0,0.8250672817230225,
15,135,1,0.8252930045127869,
15,136,0,0.8264138102531433,
15,136,1,0.8156444430351257,
15,137,0,0.8249303698539734,
15,137,1,0.8272032737731934,
15,138,0,0.8235350251197815,
15,138,1,0.8235783576965332,
15,139,0,0.8249017000198364,
15,139,1,0.8284424543380737,
15,140,0,0.8250027894973755,
15,140,1,0.8314461708068848,
15,141,0,0.8242899179458618,
15,141,1,0.8240225315093994,
15,142,0,0.8264315724372864,
15,142,1,0.8192040920257568,
15,143,0,0.826972484588623,
15,143,1,0.8242067098617554,
15,144,0,0.8234374523162842,
15,144,1,0.8221795558929443,
15,145,0,0.8242546319961548,
15,145,1,0.8193678855895996,
15,146,0,0.8248570561408997,
15,146,1,0.8229948282241821,
15,147,0,0.8225776553153992,
15,147,1,0.8256220817565918,
15,148,0,0.8234533071517944,
15,148,1,0.8237689733505249,
15,149,0,0.8225383758544922,
15,149,1,0.8226947784423828,
15,150,0,0.823587954044342,
15,150,1,0.8242050409317017,
15,151,0,0.8249202966690063,
15,151,1,0.8227428197860718,
15,152,0,0.8222975730895996,
15,152,1,0.8207935094833374,
15,153,0,0.8275917768478394,
15,153,1,0.8189554214477539,
15,154,0,0.8247101306915283,
15,154,1,0.830539345741272,
15,155,0,0.822697639465332,
15,155,1,0.8209562301635742,
15,156,0,0.8250787854194641,
15,156,1,0.816540002822876,
15,157,0,0.8250632882118225,
15,157,1,0.8258383274078369,
15,158,0,0.8257641792297363,
15,158,1,0.8299126625061035,
15,159,0,0.8228577375411987,
15,159,1,0.8251329660415649,
15,160,0,0.8190509080886841,
15,160,1,0.8243278861045837,
15,161,0,0.823924720287323,
15,161,1,0.8253324031829834,
15,162,0,0.82382732629776,
15,162,1,0.8193742036819458,
15,163,0,0.8228259086608887,
15,163,1,0.8247315883636475,
15,164,0,0.8248658180236816,
15,164,1,0.824273943901062,
15,165,0,0.822258710861206,
15,165,1,0.8164312839508057,
15,166,0,0.825934112071991,
15,166,1,0.8300906419754028,
15,167,0,0.823295533657074,
15,167,1,0.8181547522544861,
15,168,0,0.8255099058151245,
15,168,1,0.8320142030715942,
15,169,0,0.82529616355896,
15,169,1,0.8209075927734375,
15,170,0,0.8242906928062439,
15,170,1,0.8280671834945679,
15,171,0,0.8226152658462524,
15,171,1,0.8223468065261841,
15,172,0,0.8259778022766113,
15,172,1,0.8288638591766357,
15,173,0,0.8256077766418457,
15,173,1,0.8164482116699219,
15,174,0,0.8250199556350708,
15,174,1,0.8218827247619629,
15,175,0,0.8292443752288818,
15,175,1,0.8285340666770935,
15,176,0,0.8241785764694214,
15,176,1,0.816145122051239,
15,177,0,0.8256924152374268,
15,177,1,0.8233792185783386,
15,178,0,0.8239654302597046,
15,178,1,0.8266363739967346,
15,179,0,0.8214378356933594,
15,179,1,0.8174880743026733,
15,180,0,0.8259382843971252,
15,180,1,0.8266127109527588,
15,181,0,0.8220697045326233,
15,181,1,0.8177531361579895,
15,182,0,0.8256043195724487,
15,182,1,0.8211368322372437,
15,183,0,0.8269219398498535,
15,183,1,0.8186366558074951,
15,184,0,0.8212360143661499,
15,184,1,0.824877142906189,
15,185,0,0.8237998485565186,
15,185,1,0.8213294148445129,
15,186,0,0.8225935697555542,
15,186,1,0.8198660612106323,
15,187,0,0.8228646516799927,
15,187,1,0.824849545955658,
15,188,0,0.8209630846977234,
15,188,1,0.8249359130859375,
15,189,0,0.8248538970947266,
15,189,1,0.8285161256790161,
15,190,0,0.8205769658088684,
15,190,1,0.8233067989349365,
15,191,0,0.8261867761611938,
15,191,1,0.8250737190246582,
15,192,0,0.8224526643753052,
15,192,1,0.8227837681770325,
15,193,0,0.8251913785934448,
15,193,1,0.8239713907241821,
15,194,0,0.8229590654373169,
15,194,1,0.8212658166885376,
15,195,0,0.8258777856826782,
15,195,1,0.8206496238708496,
15,196,0,0.8239912986755371,
15,196,1,0.8138220310211182,
15,197,0,0.8233910799026489,
15,197,1,0.8199617266654968,
15,198,0,0.8234398365020752,
15,198,1,0.8207340240478516,
15,199,0,0.8236817717552185,
15,199,1,0.8257833123207092,
15,200,0,0.8236605525016785,
15,200,1,0.8169357776641846,
15,201,0,0.8258202075958252,
15,201,1,0.8225458264350891,
15,202,0,0.821127712726593,
15,202,1,0.8202245831489563,
15,203,0,0.823194682598114,
15,203,1,0.8174598813056946,
15,204,0,0.8251882791519165,
15,204,1,0.8193176984786987,
15,205,0,0.8243829011917114,
15,205,1,0.8260922431945801,
15,206,0,0.8235979676246643,
15,206,1,0.8271705508232117,
15,207,0,0.8217228651046753,
15,207,1,0.8221195936203003,
15,208,0,0.8199948072433472,
15,208,1,0.8261982798576355,
15,209,0,0.8248724341392517,
15,209,1,0.8244143724441528,
15,210,0,0.824898362159729,
15,210,1,0.8326880931854248,
15,211,0,0.8261129856109619,
15,211,1,0.8269609808921814,
15,212,0,0.8227401375770569,
15,212,1,0.8130761384963989,
15,213,0,0.8242456912994385,
15,213,1,0.8214858770370483,
15,214,0,0.8229871392250061,
15,214,1,0.8235616087913513,
15,215,0,0.8229357004165649,
15,215,1,0.8262755274772644,
15,216,0,0.8254481554031372,
15,216,1,0.8303589224815369,
15,217,0,0.8215527534484863,
15,217,1,0.8149068355560303,
15,218,0,0.8253712058067322,
15,218,1,0.818543553352356,
15,219,0,0.8276624083518982,
15,219,1,0.8193889856338501,
15,220,0,0.8278360366821289,
15,220,1,0.8211344480514526,
15,221,0,0.8270865678787231,
15,221,1,0.8228428959846497,
15,222,0,0.8259194493293762,
15,222,1,0.8235793113708496,
15,223,0,0.8218329548835754,
15,223,1,0.8320469856262207,
15,224,0,0.8254508376121521,
15,224,1,0.8257193565368652,
15,225,0,0.826392412185669,
15,225,1,0.8284343481063843,
15,226,0,0.8235018849372864,
15,226,1,0.822782039642334,
15,227,0,0.8239004611968994,
15,227,1,0.8235043287277222,
15,228,0,0.8260983228683472,
15,228,1,0.8301548361778259,
15,229,0,0.8264364004135132,
15,229,1,0.8223701119422913,
15,230,0,0.8253700733184814,
15,230,1,0.8229125142097473,
15,231,0,0.8228312730789185,
15,231,1,0.824059009552002,
15,232,0,0.8244372010231018,
15,232,1,0.8240751028060913,
15,233,0,0.8249273300170898,
15,233,1,0.8179826736450195,
15,234,0,0.8257021903991699,
15,234,1,0.8252159357070923,
15,235,0,0.8231565952301025,
15,235,1,0.821316123008728,
15,236,0,0.8223082423210144,
15,236,1,0.8210433721542358,
15,237,0,0.8258396983146667,
15,237,1,0.8229132890701294,
15,238,0,0.8232407569885254,
15,238,1,0.8262113332748413,
15,239,0,0.8275691866874695,
15,239,1,0.8238147497177124,
15,240,0,0.8253132104873657,
15,240,1,0.8250125050544739,
15,241,0,0.820339560508728,
15,241,1,0.825904905796051,
15,242,0,0.8233151435852051,
15,242,1,0.8259111642837524,
15,243,0,0.821662187576294,
15,243,1,0.8268146514892578,
15,244,0,0.8240535855293274,
15,244,1,0.8268309831619263,
15,245,0,0.8244981169700623,
15,245,1,0.8281493186950684,
15,246,0,0.825141429901123,
15,246,1,0.8238527774810791,
15,247,0,0.8248331546783447,
15,247,1,0.8238195776939392,
15,248,0,0.8255434036254883,
15,248,1,0.8276724219322205,
15,249,0,0.8253054618835449,
15,249,1,0.8247195482254028,
15,250,0,0.8255661725997925,
15,250,1,0.8182681798934937,
15,251,0,0.8264357447624207,
15,251,1,0.8250349760055542,
15,252,0,0.8223587274551392,
15,252,1,0.8264778852462769,
15,253,0,0.8242158889770508,
15,253,1,0.8301541805267334,
15,254,0,0.8236454725265503,
15,254,1,0.8223157525062561,
15,255,0,0.8267691135406494,
15,255,1,0.8247814178466797,
15,256,0,0.824163019657135,
15,256,1,0.8251688480377197,
15,257,0,0.8231018781661987,
15,257,1,0.827250599861145,
15,258,0,0.8245172500610352,
15,258,1,0.8314704895019531,
15,259,0,0.8258383870124817,
15,259,1,0.8253264427185059,
15,260,0,0.8236380815505981,
15,260,1,0.825278103351593,
15,261,0,0.822048544883728,
15,261,1,0.8247206211090088,
15,262,0,0.8220841884613037,
15,262,1,0.8215190172195435,
15,263,0,0.8265584111213684,
15,263,1,0.8242661356925964,
15,264,0,0.8211262226104736,
15,264,1,0.8254439830780029,
15,265,0,0.8248968124389648,
15,265,1,0.8229900598526001,
15,266,0,0.826462984085083,
15,266,1,0.8262140154838562,
15,267,0,0.8209484815597534,
15,267,1,0.8235458135604858,
15,268,0,0.823699414730072,
15,268,1,0.823314905166626,
15,269,0,0.8210327625274658,
15,269,1,0.8176538348197937,
15,270,0,0.824380099773407,
15,270,1,0.8264321088790894,
15,271,0,0.8248336315155029,
15,271,1,0.8259547352790833,
15,272,0,0.8237892389297485,
15,272,1,0.829764723777771,
15,273,0,0.8257680535316467,
15,273,1,0.8279851078987122,
15,274,0,0.8239387273788452,
15,274,1,0.8257049918174744,
15,275,0,0.8223910331726074,
15,275,1,0.8224622011184692,
15,276,0,0.8238078355789185,
15,276,1,0.8211208581924438,
15,277,0,0.8246712684631348,
15,277,1,0.8283467888832092,
15,278,0,0.822145402431488,
15,278,1,0.8256863355636597,
15,279,0,0.8258631825447083,
15,279,1,0.8229994773864746,
15,280,0,0.8217132687568665,
15,280,1,0.8273871541023254,
15,281,0,0.8250070214271545,
15,281,1,0.8264764547348022,
15,282,0,0.8240553736686707,
15,282,1,0.8196734189987183,
15,283,0,0.8222797513008118,
15,283,1,0.8254053592681885,
15,284,0,0.8256070613861084,
15,284,1,0.8216109871864319,
15,285,0,0.8252744078636169,
15,285,1,0.825756311416626,
15,286,0,0.8250482678413391,
15,286,1,0.8223156929016113,
15,287,0,0.822298526763916,
15,287,1,0.8249463438987732,
15,288,0,0.8241443037986755,
15,288,1,0.8212713599205017,
15,289,0,0.8240070939064026,
15,289,1,0.820903480052948,
15,290,0,0.8218088746070862,
15,290,1,0.8269646167755127,
15,291,0,0.8246396780014038,
15,291,1,0.8220434188842773,
15,292,0,0.8253787755966187,
15,292,1,0.8230553865432739,
15,293,0,0.8246210217475891,
15,293,1,0.8224487900733948,
15,294,0,0.8229095339775085,
15,294,1,0.8247212171554565,
15,295,0,0.8246748447418213,
15,295,1,0.8303609490394592,
15,296,0,0.8236349821090698,
15,296,1,0.817080020904541,
15,297,0,0.8242930173873901,
15,297,1,0.8217225074768066,
15,298,0,0.8252941370010376,
15,298,1,0.8232471942901611,
15,299,0,0.8257095813751221,
15,299,1,0.8328413963317871,
15,300,0,0.8254705667495728,
15,300,1,0.8291818499565125,
15,301,0,0.8235131502151489,
15,301,1,0.8276228904724121,
15,302,0,0.822638988494873,
15,302,1,0.8285268545150757,
15,303,0,0.8203482627868652,
15,303,1,0.8211057782173157,
15,304,0,0.8233897089958191,
15,304,1,0.8279475569725037,
15,305,0,0.8209401369094849,
15,305,1,0.8293126225471497,
15,306,0,0.8253173232078552,
15,306,1,0.8232302665710449,
15,307,0,0.826692521572113,
15,307,1,0.8276905417442322,
15,308,0,0.8234597444534302,
15,308,1,0.8247562646865845,
15,309,0,0.825251042842865,
15,309,1,0.8264617323875427,
15,310,0,0.8229279518127441,
15,310,1,0.8225567936897278,
15,311,0,0.8256525993347168,
15,311,1,0.8248289823532104,
15,312,0,0.8249518871307373,
15,312,1,0.820215106010437,
15,313,0,0.822823166847229,
15,313,1,0.8260993957519531,
15,314,0,0.8258227109909058,
15,314,1,0.8215219378471375,
15,315,0,0.8246839642524719,
15,315,1,0.8194841742515564,
15,316,0,0.8216753005981445,
15,316,1,0.8202522993087769,
15,317,0,0.8251863718032837,
15,317,1,0.8219268321990967,
15,318,0,0.8245980739593506,
15,318,1,0.8249611854553223,
15,319,0,0.8253100514411926,
15,319,1,0.8167878985404968,
15,320,0,0.8243418335914612,
15,320,1,0.8259273767471313,
15,321,0,0.821867823600769,
15,321,1,0.8228350877761841,
15,322,0,0.8256643414497375,
15,322,1,0.8309454917907715,
15,323,0,0.8243930339813232,
15,323,1,0.8239939212799072,
15,324,0,0.8250977993011475,
15,324,1,0.8270527124404907,
15,325,0,0.8263525366783142,
15,325,1,0.8227678537368774,
15,326,0,0.8205234408378601,
15,326,1,0.8300443887710571,
15,327,0,0.824968159198761,
15,327,1,0.823604941368103,
15,328,0,0.8242443799972534,
15,328,1,0.8280599117279053,
15,329,0,0.8260843753814697,
15,329,1,0.8205819129943848,
15,330,0,0.8209601640701294,
15,330,1,0.8176293969154358,
15,331,0,0.8238232731819153,
15,331,1,0.8263385891914368,
15,332,0,0.8242111206054688,
15,332,1,0.8244473934173584,
15,333,0,0.8268822431564331,
15,333,1,0.8286148309707642,
15,334,0,0.8209285140037537,
15,334,1,0.8244830965995789,
15,335,0,0.822304368019104,
15,335,1,0.8223426342010498,
15,336,0,0.819988489151001,
15,336,1,0.8238762021064758,
15,337,0,0.8207886219024658,
15,337,1,0.8250805139541626,
15,338,0,0.8255294561386108,
15,338,1,0.8244860172271729,
15,339,0,0.8243627548217773,
15,339,1,0.8270626068115234,
15,340,0,0.8276124000549316,
15,340,1,0.8234630227088928,
15,341,0,0.8262159824371338,
15,341,1,0.8193778991699219,
15,342,0,0.8235319256782532,
15,342,1,0.8257186412811279,
15,343,0,0.8242722749710083,
15,343,1,0.8244389295578003,
15,344,0,0.8263174295425415,
15,344,1,0.8203375339508057,
15,345,0,0.8231120109558105,
15,345,1,0.8249239921569824,
15,346,0,0.8267731666564941,
15,346,1,0.8229932188987732,
15,347,0,0.8220125436782837,
15,347,1,0.8234463930130005,
15,348,0,0.8249341249465942,
15,348,1,0.8263145685195923,
15,349,0,0.8260420560836792,
15,349,1,0.8240360021591187,
15,350,0,0.8243837356567383,
15,350,1,0.829388439655304,
15,351,0,0.8262235522270203,
15,351,1,0.8243507742881775,
15,352,0,0.8275620937347412,
15,352,1,0.8263708353042603,
15,353,0,0.822580873966217,
15,353,1,0.8303566575050354,
15,354,0,0.8283590078353882,
15,354,1,0.8291720151901245,
15,355,0,0.825769305229187,
15,355,1,0.8268541097640991,
15,356,0,0.825644850730896,
15,356,1,0.8259954452514648,
15,357,0,0.8247882127761841,
15,357,1,0.8214300870895386,
15,358,0,0.8237994909286499,
15,358,1,0.8283922076225281,
15,359,0,0.8264292478561401,
15,359,1,0.8271578550338745,
15,360,0,0.82382732629776,
15,360,1,0.8262444734573364,
15,361,0,0.8248411417007446,
15,361,1,0.8302747011184692,
15,362,0,0.8235474824905396,
15,362,1,0.8241995573043823,
15,363,0,0.825078010559082,
15,363,1,0.8276677131652832,
15,364,0,0.8242766261100769,
15,364,1,0.8240490555763245,
15,365,0,0.8251329660415649,
15,365,1,0.8234688639640808,
15,366,0,0.824933648109436,
15,366,1,0.8267512321472168,
15,367,0,0.8235346078872681,
15,367,1,0.827248215675354,
15,368,0,0.8240486979484558,
15,368,1,0.823361873626709,
15,369,0,0.8277468681335449,
15,369,1,0.8199302554130554,
15,370,0,0.8241791725158691,
15,370,1,0.8277480602264404,
15,371,0,0.8245367407798767,
15,371,1,0.8231456279754639,
15,372,0,0.8262709379196167,
15,372,1,0.8231554627418518,
15,373,0,0.8256149291992188,
15,373,1,0.824385404586792,
15,374,0,0.8236956000328064,
15,374,1,0.8290280103683472,
15,375,0,0.8237330317497253,
15,375,1,0.8210658431053162,
15,376,0,0.8236798644065857,
15,376,1,0.8283734321594238,
15,377,0,0.8266556262969971,
15,377,1,0.8219662308692932,
15,378,0,0.8231351375579834,
15,378,1,0.8248287439346313,
15,379,0,0.8251040577888489,
15,379,1,0.8230752944946289,
15,380,0,0.8273177146911621,
15,380,1,0.8198432922363281,
15,381,0,0.8234485387802124,
15,381,1,0.8207008838653564,
15,382,0,0.8245517015457153,
15,382,1,0.8211784362792969,
15,383,0,0.8224291801452637,
15,383,1,0.8244882225990295,
15,384,0,0.8216912746429443,
15,384,1,0.819914698600769,
15,385,0,0.8260204792022705,
15,385,1,0.8267094492912292,
15,386,0,0.8216111063957214,
15,386,1,0.8237830400466919,
15,387,0,0.8226473927497864,
15,387,1,0.8240999579429626,
15,388,0,0.8225234746932983,
15,388,1,0.8286217451095581,
15,389,0,0.821320652961731,
15,389,1,0.8254691362380981,
15,390,0,0.8233067989349365,
15,390,1,0.822136640548706,
15,391,0,0.824703574180603,
15,391,1,0.8279379606246948,
15,392,0,0.8237100839614868,
15,392,1,0.822350263595581,
15,393,0,0.8258641362190247,
15,393,1,0.827484667301178,
15,394,0,0.8229348063468933,
15,394,1,0.8276371955871582,
15,395,0,0.8263365030288696,
15,395,1,0.8265921473503113,
15,396,0,0.8279208540916443,
15,396,1,0.8247414231300354,
15,397,0,0.8245168924331665,
15,397,1,0.8266323804855347,
15,398,0,0.8240277767181396,
15,398,1,0.8203619122505188,
15,399,0,0.8243541717529297,
15,399,1,0.8274261951446533,
15,400,0,0.8266298174858093,
15,400,1,0.8218913674354553,
15,401,0,0.8243530988693237,
15,401,1,0.8285331726074219,
15,402,0,0.8255816698074341,
15,402,1,0.8320770263671875,
15,403,0,0.8231402635574341,
15,403,1,0.8223216533660889,
15,404,0,0.8263047933578491,
15,404,1,0.8220643401145935,
15,405,0,0.8243719339370728,
15,405,1,0.8313263654708862,
15,406,0,0.8218500018119812,
15,406,1,0.8220075368881226,
15,407,0,0.8234056234359741,
15,407,1,0.8211627006530762,
15,408,0,0.8221608400344849,
15,408,1,0.8193451166152954,
15,409,0,0.8245280981063843,
15,409,1,0.8230111598968506,
15,410,0,0.8224215507507324,
15,410,1,0.8287440538406372,
15,411,0,0.8259281516075134,
15,411,1,0.822802722454071,
15,412,0,0.826266884803772,
15,412,1,0.8205111026763916,
15,413,0,0.8240647315979004,
15,413,1,0.8240499496459961,
15,414,0,0.8236000537872314,
15,414,1,0.8271185159683228,
15,415,0,0.8255780339241028,
15,415,1,0.8218045234680176,
15,416,0,0.8242580890655518,
15,416,1,0.8198121786117554,
15,417,0,0.824638843536377,
15,417,1,0.8247547149658203,
15,418,0,0.821446418762207,
15,418,1,0.8210995197296143,
15,419,0,0.8247190713882446,
15,419,1,0.8255560398101807,
15,420,0,0.825778603553772,
15,420,1,0.8246984481811523,
15,421,0,0.8261803984642029,
15,421,1,0.824975848197937,
15,422,0,0.8263599872589111,
15,422,1,0.8246334195137024,
15,423,0,0.826470673084259,
15,423,1,0.8270260095596313,
15,424,0,0.8245552778244019,
15,424,1,0.8300390243530273,
15,425,0,0.8234173655509949,
15,425,1,0.8242975473403931,
15,426,0,0.8236547708511353,
15,426,1,0.8254926204681396,
15,427,0,0.82584547996521,
15,427,1,0.8277527689933777,
15,428,0,0.8254600763320923,
15,428,1,0.8248159885406494,
15,429,0,0.8251355290412903,
15,429,1,0.8239532113075256,
15,430,0,0.8260525465011597,
15,430,1,0.8192489743232727,
15,431,0,0.8239678144454956,
15,431,1,0.8238340616226196,
15,432,0,0.8253177404403687,
15,432,1,0.8224964141845703,
15,433,0,0.8231023550033569,
15,433,1,0.8259010314941406,
15,434,0,0.823633074760437,
15,434,1,0.8252083659172058,
15,435,0,0.8238884210586548,
15,435,1,0.8244568109512329,
15,436,0,0.8259638547897339,
15,436,1,0.8287453651428223,
15,437,0,0.8234604597091675,
15,437,1,0.828312337398529,
15,438,0,0.8277065753936768,
15,438,1,0.8219116926193237,
15,439,0,0.824353814125061,
15,439,1,0.8184614181518555,
15,440,0,0.8233568668365479,
15,440,1,0.822370707988739,
15,441,0,0.8227380514144897,
15,441,1,0.8220053315162659,
15,442,0,0.8258460760116577,
15,442,1,0.8217666745185852,
15,443,0,0.8212917447090149,
15,443,1,0.820222020149231,
15,444,0,0.8243443965911865,
15,444,1,0.8229466676712036,
15,445,0,0.8261572122573853,
15,445,1,0.8251582384109497,
15,446,0,0.823217511177063,
15,446,1,0.8243230581283569,
15,447,0,0.8195200562477112,
15,447,1,0.8278028964996338,
15,448,0,0.8229914903640747,
15,448,1,0.8193128108978271,
15,449,0,0.8242477774620056,
15,449,1,0.8284929394721985,
15,450,0,0.8226526379585266,
15,450,1,0.8232593536376953,
15,451,0,0.8259822726249695,
15,451,1,0.8238005638122559,
15,452,0,0.8260038495063782,
15,452,1,0.8223071098327637,
15,453,0,0.8292236328125,
15,453,1,0.8220598697662354,
15,454,0,0.8225123882293701,
15,454,1,0.8280316591262817,
15,455,0,0.8253887295722961,
15,455,1,0.8207333087921143,
15,456,0,0.8259551525115967,
15,456,1,0.8254433274269104,
15,457,0,0.8209217190742493,
15,457,1,0.8284643292427063,
15,458,0,0.8237258195877075,
15,458,1,0.8253832459449768,
15,459,0,0.8258731365203857,
15,459,1,0.820810079574585,
15,460,0,0.8242292404174805,
15,460,1,0.8269528150558472,
15,461,0,0.823313295841217,
15,461,1,0.8266483545303345,
15,462,0,0.8233909606933594,
15,462,1,0.8232800364494324,
15,463,0,0.8239492177963257,
15,463,1,0.8220609426498413,
15,464,0,0.8250190615653992,
15,464,1,0.8235901594161987,
15,465,0,0.8242114782333374,
15,465,1,0.820766031742096,
15,466,0,0.8250001668930054,
15,466,1,0.8282533884048462,
15,467,0,0.8251538872718811,
15,467,1,0.8264396786689758,
15,468,0,0.8252034187316895,
15,468,1,0.8278740644454956,
15,469,0,0.8237580060958862,
15,469,1,0.8197048902511597,
15,470,0,0.8243567943572998,
15,470,1,0.8301217555999756,
15,471,0,0.8272789120674133,
15,471,1,0.8207572102546692,
15,472,0,0.824419379234314,
15,472,1,0.8146154880523682,
15,473,0,0.8240159749984741,
15,473,1,0.8257561326026917,
15,474,0,0.8239375352859497,
15,474,1,0.8288757801055908,
15,475,0,0.8264696598052979,
15,475,1,0.8279955983161926,
15,476,0,0.8249828815460205,
15,476,1,0.8272468447685242,
15,477,0,0.8233236074447632,
15,477,1,0.8307355642318726,
15,478,0,0.8214473128318787,
15,478,1,0.8227460384368896,
15,479,0,0.8237009048461914,
15,479,1,0.8311331868171692,
15,480,0,0.8222848176956177,
15,480,1,0.8202309608459473,
15,481,0,0.8228583335876465,
15,481,1,0.827613353729248,
15,482,0,0.8244551420211792,
15,482,1,0.8242171406745911,
15,483,0,0.8269109725952148,
15,483,1,0.8295565843582153,
15,484,0,0.8282227516174316,
15,484,1,0.8269796371459961,
15,485,0,0.8263562917709351,
15,485,1,0.8256816864013672,
15,486,0,0.8247068524360657,
15,486,1,0.8187826871871948,
15,487,0,0.8252063393592834,
15,487,1,0.8243119716644287,
15,488,0,0.8242881298065186,
15,488,1,0.8258407115936279,
15,489,0,0.8234013319015503,
15,489,1,0.8239341974258423,
15,490,0,0.8274542093276978,
15,490,1,0.8231219053268433,
15,491,0,0.823492705821991,
15,491,1,0.826637327671051,
15,492,0,0.8234767317771912,
15,492,1,0.8247447609901428,
15,493,0,0.8224050402641296,
15,493,1,0.822232723236084,
15,494,0,0.8237748146057129,
15,494,1,0.8241021037101746,
15,495,0,0.8262926936149597,
15,495,1,0.8206660747528076,
15,496,0,0.8243223428726196,
15,496,1,0.8273658752441406,
15,497,0,0.8241358995437622,
15,497,1,0.8238735795021057,
15,498,0,0.8227636814117432,
15,498,1,0.82634437084198,
15,499,0,0.8244438171386719,
15,499,1,0.8231278657913208,
15,500,0,0.8221158981323242,
15,500,1,0.8187260627746582,
15,501,0,0.8237028121948242,
15,501,1,0.8213179111480713,
15,502,0,0.8205105662345886,
15,502,1,0.83207106590271,
15,503,0,0.8241981267929077,
15,503,1,0.8247718214988708,
15,504,0,0.8238687515258789,
15,504,1,0.8252847790718079,
15,505,0,0.8263444900512695,
15,505,1,0.8211803436279297,
15,506,0,0.8254019618034363,
15,506,1,0.8196057081222534,
15,507,0,0.8254330158233643,
15,507,1,0.8243597149848938,
15,508,0,0.8239887952804565,
15,508,1,0.8190283179283142,
15,509,0,0.8243657350540161,
15,509,1,0.8300217390060425,
15,510,0,0.8246713280677795,
15,510,1,0.8228728771209717,
15,511,0,0.826470136642456,
15,511,1,0.8276171088218689,
15,512,0,0.8243430256843567,
15,512,1,0.8241816759109497,
15,513,0,0.8208485841751099,
15,513,1,0.8226652145385742,
15,514,0,0.8268500566482544,
15,514,1,0.8188540935516357,
15,515,0,0.8241876363754272,
15,515,1,0.818212628364563,
15,516,0,0.823051393032074,
15,516,1,0.8259464502334595,
15,517,0,0.8241630792617798,
15,517,1,0.8275110721588135,
15,518,0,0.8240882158279419,
15,518,1,0.8293635845184326,
15,519,0,0.8239349722862244,
15,519,1,0.8183652758598328,
15,520,0,0.8239229321479797,
15,520,1,0.8226621150970459,
15,521,0,0.8239783644676208,
15,521,1,0.8253436088562012,
15,522,0,0.8251982927322388,
15,522,1,0.8258144855499268,
15,523,0,0.8205738067626953,
15,523,1,0.8257147669792175,
15,524,0,0.8218057155609131,
15,524,1,0.8299327492713928,
15,525,0,0.8232860565185547,
15,525,1,0.8258773684501648,
15,526,0,0.822722315788269,
15,526,1,0.8215343356132507,
15,527,0,0.824021577835083,
15,527,1,0.8240475654602051,
15,528,0,0.8243656754493713,
15,528,1,0.8226093649864197,
15,529,0,0.823869526386261,
15,529,1,0.826910674571991,
15,530,0,0.8281654715538025,
15,530,1,0.821574330329895,
15,531,0,0.8252707719802856,
15,531,1,0.8294415473937988,
15,532,0,0.8221784830093384,
15,532,1,0.8190770149230957,
15,533,0,0.8256407976150513,
15,533,1,0.8311200141906738,
15,534,0,0.8221114873886108,
15,534,1,0.8236701488494873,
15,535,0,0.823003888130188,
15,535,1,0.824589729309082,
15,536,0,0.8252671957015991,
15,536,1,0.8215160965919495,
15,537,0,0.8232656717300415,
15,537,1,0.8240683674812317,
15,538,0,0.8221392035484314,
15,538,1,0.8284428715705872,
15,539,0,0.8228754997253418,
15,539,1,0.8220658302307129,
15,540,0,0.8259480595588684,
15,540,1,0.825988233089447,
15,541,0,0.8253054022789001,
15,541,1,0.824167788028717,
15,542,0,0.8288819193840027,
15,542,1,0.8222079277038574,
15,543,0,0.8258178234100342,
15,543,1,0.8228753805160522,
15,544,0,0.8233429193496704,
15,544,1,0.8237174153327942,
15,545,0,0.8232697248458862,
15,545,1,0.8223799467086792,
15,546,0,0.8240810632705688,
15,546,1,0.8271145820617676,
15,547,0,0.8219863176345825,
15,547,1,0.8253897428512573,
15,548,0,0.8278651237487793,
15,548,1,0.8254450559616089,
15,549,0,0.826736569404602,
15,549,1,0.8261585831642151,
15,550,0,0.8263934850692749,
15,550,1,0.8273422718048096,
15,551,0,0.8224353790283203,
15,551,1,0.8238307237625122,
15,552,0,0.8244208097457886,
15,552,1,0.8243504762649536,
15,553,0,0.8236130475997925,
15,553,1,0.827849268913269,
15,554,0,0.82488614320755,
15,554,1,0.8238439559936523,
15,555,0,0.8252853155136108,
15,555,1,0.8283180594444275,
15,556,0,0.8262509107589722,
15,556,1,0.8322888612747192,
15,557,0,0.829210638999939,
15,557,1,0.8251470327377319,
15,558,0,0.8234978914260864,
15,558,1,0.8260647058486938,
15,559,0,0.8253297805786133,
15,559,1,0.8246855735778809,
15,560,0,0.8260867595672607,
15,560,1,0.8218923211097717,
15,561,0,0.8232924342155457,
15,561,1,0.826401948928833,
15,562,0,0.8236337900161743,
15,562,1,0.8262293338775635,
15,563,0,0.8216137886047363,
15,563,1,0.818385660648346,
15,564,0,0.8244419097900391,
15,564,1,0.8255531191825867,
15,565,0,0.8257278203964233,
15,565,1,0.8237099051475525,
15,566,0,0.8256726861000061,
15,566,1,0.8268136978149414,
15,567,0,0.8248035907745361,
15,567,1,0.8205574750900269,
15,568,0,0.8230063915252686,
15,568,1,0.8234338164329529,
15,569,0,0.8227807879447937,
15,569,1,0.8177277445793152,
15,570,0,0.8243116140365601,
15,570,1,0.8236225843429565,
15,571,0,0.8222127556800842,
15,571,1,0.825049102306366,
15,572,0,0.8276938199996948,
15,572,1,0.8221467733383179,
15,573,0,0.8252849578857422,
15,573,1,0.8247070908546448,
15,574,0,0.8246389627456665,
15,574,1,0.8210717439651489,
15,575,0,0.8248057961463928,
15,575,1,0.8250622749328613,
15,576,0,0.8231444954872131,
15,576,1,0.8206340074539185,
15,577,0,0.8223473429679871,
15,577,1,0.8241373896598816,
15,578,0,0.8251762390136719,
15,578,1,0.8260881304740906,
15,579,0,0.8217155337333679,
15,579,1,0.8248296976089478,
15,580,0,0.8234674334526062,
15,580,1,0.8210540413856506,
15,581,0,0.8255012035369873,
15,581,1,0.8308921456336975,
15,582,0,0.8231569528579712,
15,582,1,0.8295427560806274,
15,583,0,0.8241571187973022,
15,583,1,0.8236322402954102,
15,584,0,0.8215531706809998,
15,584,1,0.8272853493690491,
15,585,0,0.8254991173744202,
15,585,1,0.8314333558082581,
15,586,0,0.8245565891265869,
15,586,1,0.8201148509979248,
15,587,0,0.8234704732894897,
15,587,1,0.8230089545249939,
15,588,0,0.8237243294715881,
15,588,1,0.8285000324249268,
15,589,0,0.8262047171592712,
15,589,1,0.8265716433525085,
15,590,0,0.8227990865707397,
15,590,1,0.8258744478225708,
15,591,0,0.8252513408660889,
15,591,1,0.8204793930053711,
15,592,0,0.8270831108093262,
15,592,1,0.8292120695114136,
15,593,0,0.8248504996299744,
15,593,1,0.8245642185211182,
15,594,0,0.8226497173309326,
15,594,1,0.8276568055152893,
15,595,0,0.8205852508544922,
15,595,1,0.8212336301803589,
15,596,0,0.8260048031806946,
15,596,1,0.8171998262405396,
15,597,0,0.8266727924346924,
15,597,1,0.8244755864143372,
15,598,0,0.8219606280326843,
15,598,1,0.8276262283325195,
15,599,0,0.8261110782623291,
15,599,1,0.8252567052841187,
15,600,0,0.8235293030738831,
15,600,1,0.8199264407157898,
15,601,0,0.824238121509552,
15,601,1,0.8197418451309204,
15,602,0,0.8260174989700317,
15,602,1,0.8269867897033691,
15,603,0,0.8265066742897034,
15,603,1,0.8328679800033569,
15,604,0,0.8249607086181641,
15,604,1,0.8223592042922974,
15,val,,,0.825075539747874
16,0,0,0.8233228921890259,
16,0,1,0.8259029388427734,
16,1,0,0.8227512240409851,
16,1,1,0.8272125124931335,
16,2,0,0.8248344659805298,
16,2,1,0.8216009140014648,
16,3,0,0.8235615491867065,
16,3,1,0.8263007402420044,
16,4,0,0.8215591907501221,
16,4,1,0.8242697715759277,
16,5,0,0.8232200741767883,
16,5,1,0.8273496627807617,
16,6,0,0.8238292336463928,
16,6,1,0.828984797000885,
16,7,0,0.8225544095039368,
16,7,1,0.8241074085235596,
16,8,0,0.8176578283309937,
16,8,1,0.8269354701042175,
16,9,0,0.820716381072998,
16,9,1,0.8213346004486084,
16,10,0,0.8199412822723389,
16,10,1,0.8269583582878113,
16,11,0,0.8201578259468079,
16,11,1,0.820448637008667,
16,12,0,0.8209975957870483,
16,12,1,0.820853590965271,
16,13,0,0.8238558173179626,
16,13,1,0.8224921822547913,
16,14,0,0.8212791681289673,
16,14,1,0.8254421949386597,
16,15,0,0.8232221007347107,
16,15,1,0.823810338973999,
16,16,0,0.8213207721710205,
16,16,1,0.8250686526298523,
16,17,0,0.8247271776199341,
16,17,1,0.8223749399185181,
16,18,0,0.824885368347168,
16,18,1,0.8267954587936401,
16,19,0,0.8264132738113403,
16,19,1,0.8157683610916138,
16,20,0,0.8230607509613037,
16,20,1,0.8203610181808472,
16,21,0,0.8239610195159912,
16,21,1,0.828522801399231,
16,22,0,0.8255957365036011,
16,22,1,0.8232417106628418,
16,23,0,0.8213568925857544,
16,23,1,0.8265718817710876,
16,24,0,0.8233193159103394,
16,24,1,0.8237282037734985,
16,25,0,0.8187983632087708,
16,25,1,0.8200331926345825,
16,26,0,0.8196754455566406,
16,26,1,0.8235406875610352,
16,27,0,0.8247633576393127,
16,27,1,0.8188392519950867,
16,28,0,0.8214553594589233,
16,28,1,0.8151106834411621,
16,29,0,0.8252283334732056,
16,29,1,0.8268615007400513,
16,30,0,0.8200861215591431,
16,30,1,0.8260595798492432,
16,31,0,0.8250535130500793,
16,31,1,0.8171630501747131,
16,32,0,0.8211851119995117,
16,32,1,0.8232152462005615,
16,33,0,0.8258667588233948,
16,33,1,0.819694995880127,
16,34,0,0.8237498998641968,
16,34,1,0.8274000883102417,
16,35,0,0.8225667476654053,
16,35,1,0.8179668188095093,
16,36,0,0.8221959471702576,
16,36,1,0.8204391598701477,
16,37,0,0.8228065967559814,
16,37,1,0.8203997611999512,
16,38,0,0.8239880800247192,
16,38,1,0.8290046453475952,
16,39,0,0.8273885250091553,
16,39,1,0.8236011266708374,
16,40,0,0.8252943158149719,
16,40,1,0.8211780786514282,
16,41,0,0.8234126567840576,
16,41,1,0.8332951068878174,
16,42,0,0.826126754283905,
16,42,1,0.8238089084625244,
16,43,0,0.8226912617683411,
16,43,1,0.8289108276367188,
16,44,0,0.826646089553833,
16,44,1,0.8244293928146362,
16,45,0,0.8198307752609253,
16,45,1,0.8245445489883423,
16,46,0,0.8243377208709717,
16,46,1,0.8298965692520142,
16,47,0,0.8210948705673218,
16,47,1,0.8253760933876038,
16,48,0,0.8242130279541016,
16,48,1,0.8229978084564209,
16,49,0,0.8251782655715942,
16,49,1,0.8268126845359802,
16,50,0,0.8230193853378296,
16,50,1,0.8229823112487793,
16,51,0,0.8273892402648926,
16,51,1,0.8177546262741089,
16,52,0,0.8281657695770264,
16,52,1,0.8227702975273132,
16,53,0,0.8284297585487366,
16,53,1,0.8253951072692871,
16,54,0,0.824720561504364,
16,54,1,0.8180155754089355,
16,55,0,0.8267629146575928,
16,55,1,0.8261238932609558,
16,56,0,0.8236335515975952,
16,56,1,0.8305742740631104,
16,57,0,0.8225249648094177,
16,57,1,0.8238120079040527,
16,58,0,0.8272360563278198,
16,58,1,0.8297556042671204,
16,59,0,0.8225395083427429,
16,59,1,0.818623423576355,
16,60,0,0.8228007555007935,
16,60,1,0.8312467336654663,
16,61,0,0.8244746923446655,
16,61,1,0.8252121806144714,
16,62,0,0.8252664804458618,
16,62,1,0.8251734972000122,
16,63,0,0.8234087824821472,
16,63,1,0.8269453048706055,
16,64,0,0.8251556158065796,
16,64,1,0.8198599219322205,
16,65,0,0.8229351043701172,
16,65,1,0.8278734683990479,
16,66,0,0.8248875737190247,
16,66,1,0.8275980949401855,
16,67,0,0.8272056579589844,
16,67,1,0.821030855178833,
16,68,0,0.8242301344871521,
16,68,1,0.8294172883033752,
16,69,0,0.8249754309654236,
16,69,1,0.8222043514251709,
16,70,0,0.8220350742340088,
16,70,1,0.8202489614486694,
16,71,0,0.8247615098953247,
16,71,1,0.8217805624008179,
16,72,0,0.8216195106506348,
16,72,1,0.8234465718269348,
16,73,0,0.825695276260376,
16,73,1,0.820527195930481,
16,74,0,0.8201026320457458,
16,74,1,0.818016529083252,
16,75,0,0.8252742886543274,
16,75,1,0.8203786611557007,
16,76,0,0.8204944133758545,
16,76,1,0.8214582204818726,
16,77,0,0.8210699558258057,
16,77,1,0.8147327899932861,
16,78,0,0.8256532549858093,
16,78,1,0.8351830244064331,
16,79,0,0.8224207162857056,
16,79,1,0.8267227411270142,
16,80,0,0.825255274772644,
16,80,1,0.8287346363067627,
16,81,0,0.8233197331428528,
16,81,1,0.8269379138946533,
16,82,0,0.8225551247596741,
16,82,1,0.828860342502594,
16,83,0,0.8232051134109497,
16,83,1,0.8232964873313904,
16,84,0,0.8218408226966858,
16,84,1,0.82161945104599,
16,85,0,0.8257503509521484,
16,85,1,0.8205380439758301,
16,86,0,0.8239730596542358,
16,86,1,0.8215495944023132,
16,87,0,0.8232157230377197,
16,87,1,0.8229459524154663,
16,88,0,0.8238457441329956,
16,88,1,0.8246620297431946,
16,89,0,0.8232142925262451,
16,89,1,0.8269953727722168,
16,90,0,0.8216361999511719,
16,90,1,0.8285337686538696,
16,91,0,0.8238034248352051,
16,91,1,0.8256028890609741,
16,92,0,0.827069103717804,
16,92,1,0.8203101754188538,
16,93,0,0.8244854211807251,
16,93,1,0.8216602206230164,
16,94,0,0.8216373324394226,
16,94,1,0.8295954465866089,
16,95,0,0.8230363130569458,
16,95,1,0.8220087289810181,
16,96,0,0.823540210723877,
16,96,1,0.8236135840415955,
16,97,0,0.8210999369621277,
16,97,1,0.828412652015686,
16,98,0,0.8230208158493042,
16,98,1,0.8240017890930176,
16,99,0,0.8242611885070801,
16,99,1,0.8299020528793335,
16,100,0,0.8235928416252136,
16,100,1,0.8210890293121338,
16,101,0,0.8253328800201416,
16,101,1,0.8224996328353882,
16,102,0,0.820419192314148,
16,102,1,0.825029730796814,
16,103,0,0.8258346915245056,
16,103,1,0.8207266330718994,
16,104,0,0.8254987001419067,
16,104,1,0.8234401941299438,
16,105,0,0.8249242901802063,
16,105,1,0.8301166296005249,
16,106,0,0.8237258195877075,
16,106,1,0.8247071504592896,
16,107,0,0.8250448107719421,
16,107,1,0.8263987898826599,
16,108,0,0.8194012641906738,
16,108,1,0.8288899660110474,
16,109,0,0.8244501352310181,
16,109,1,0.8248181343078613,
16,110,0,0.8246930837631226,
16,110,1,0.8201850056648254,
16,111,0,0.8225721120834351,
16,111,1,0.8247511386871338,
16,112,0,0.8239392638206482,
16,112,1,0.8220796585083008,
16,113,0,0.8277915716171265,
16,113,1,0.8248040080070496,
16,114,0,0.8244617581367493,
16,114,1,0.8236778974533081,
16,115,0,0.8240447640419006,
16,115,1,0.832516074180603,
16,116,0,0.8241750001907349,
16,116,1,0.8241863250732422,
16,117,0,0.8231231570243835,
16,117,1,0.8266409039497375,
16,118,0,0.8220365643501282,
16,118,1,0.8224042057991028,
16,119,0,0.824057936668396,
16,119,1,0.8281786441802979,
16,120,0,0.8243011236190796,
16,120,1,0.8279160261154175,
16,121,0,0.8237400650978088,
16,121,1,0.8239050507545471,
16,122,0,0.8248025178909302,
16,122,1,0.8249724507331848,
16,123,0,0.8239656090736389,
16,123,1,0.8250044584274292,
16,124,0,0.8216344714164734,
16,124,1,0.8266677856445312,
16,125,0,0.8223398923873901,
16,125,1,0.822338879108429,
16,126,0,0.8239731788635254,
16,126,1,0.8200675249099731,
16,127,0,0.8242700099945068,
16,127,1,0.8242825865745544,
16,128,0,0.8218847513198853,
16,128,1,0.8193027973175049,
16,129,0,0.8260012865066528,
16,129,1,0.8194448947906494,
16,130,0,0.8226419687271118,
16,130,1,0.8229648470878601,
16,131,0,0.8253222703933716,
16,131,1,0.8293477296829224,
16,132,0,0.8228347301483154,
16,132,1,0.824103593826294,
16,133,0,0.8233041763305664,
16,133,1,0.8219428062438965,
16,134,0,0.8224903345108032,
16,134,1,0.8253650069236755,
16,135,0,0.8268930912017822,
16,135,1,0.8212162256240845,
16,136,0,0.8228231072425842,
16,136,1,0.8229417204856873,
16,137,0,0.8250333666801453,
16,137,1,0.8264434337615967,
16,138,0,0.8220470547676086,
16,138,1,0.8227657079696655,
16,139,0,0.8271173238754272,
16,139,1,0.822945773601532,
16,140,0,0.8257673382759094,
16,140,1,0.8238372206687927,
16,141,0,0.8249579668045044,
16,141,1,0.818787693977356,
16,142,0,0.8262685537338257,
16,142,1,0.8167208433151245,
16,143,0,0.8262897729873657,
16,143,1,0.824237048625946,
16,144,0,0.8232854604721069,
16,144,1,0.8205456733703613,
16,145,0,0.8231891393661499,
16,145,1,0.8276499509811401,
16,146,0,0.8243592977523804,
16,146,1,0.8260823488235474,
16,147,0,0.8235905170440674,
16,147,1,0.8250725269317627,
16,148,0,0.8238928914070129,
16,148,1,0.8240940570831299,
16,149,0,0.8244422078132629,
16,149,1,0.8240838050842285,
16,150,0,0.8245826363563538,
16,150,1,0.8270658850669861,
16,151,0,0.8228991031646729,
16,151,1,0.8223333954811096,
16,152,0,0.8224505186080933,
16,152,1,0.817142128944397,
16,153,0,0.8244407176971436,
16,153,1,0.8223005533218384,
16,154,0,0.8238527774810791,
16,154,1,0.8247326016426086,
16,155,0,0.8216979503631592,
16,155,1,0.8242992758750916,
16,156,0,0.8227754831314087,
16,156,1,0.8260961174964905,
16,157,0,0.825942873954773,
16,157,1,0.820290207862854,
16,158,0,0.8255916833877563,
16,158,1,0.8286858797073364,
16,159,0,0.8231551647186279,
16,159,1,0.8200357556343079,
16,160,0,0.8194234371185303,
16,160,1,0.8236019611358643,
16,161,0,0.8232282400131226,
16,161,1,0.8250101804733276,
16,162,0,0.8215153813362122,
16,162,1,0.8211307525634766,
16,163,0,0.8233357071876526,
16,163,1,0.8276504278182983,
16,164,0,0.8248875737190247,
16,164,1,0.8228275179862976,
16,165,0,0.8223646283149719,
16,165,1,0.8269727826118469,
16,166,0,0.827682614326477,
16,166,1,0.836696445941925,
16,167,0,0.8223214149475098,
16,167,1,0.8199656009674072,
16,168,0,0.8247390389442444,
16,168,1,0.8201918601989746,
16,169,0,0.8236408233642578,
16,169,1,0.8245559930801392,
16,170,0,0.8248605132102966,
16,170,1,0.8272708058357239,
16,171,0,0.8231015205383301,
16,171,1,0.8234543800354004,
16,172,0,0.8270637392997742,
16,172,1,0.8240816593170166,
16,173,0,0.8235102295875549,
16,173,1,0.8232635259628296,
16,174,0,0.8221590518951416,
16,174,1,0.8213011026382446,
16,175,0,0.8278958201408386,
16,175,1,0.829108476638794,
16,176,0,0.8204351663589478,
16,176,1,0.8207237720489502,
16,177,0,0.8252866864204407,
16,177,1,0.8247345089912415,
16,178,0,0.8232156038284302,
16,178,1,0.8226454257965088,
16,179,0,0.8226253986358643,
16,179,1,0.8191736936569214,
16,180,0,0.8274831175804138,
16,180,1,0.826185941696167,
16,181,0,0.8193987011909485,
16,181,1,0.8243170976638794,
16,182,0,0.8238956928253174,
16,182,1,0.8251305222511292,
16,183,0,0.8258856534957886,
16,183,1,0.825587809085846,
16,184,0,0.8228930234909058,
16,184,1,0.816177487373352,
16,185,0,0.8261188268661499,
16,185,1,0.8176532983779907,
16,186,0,0.8212591409683228,
16,186,1,0.8247069120407104,
16,187,0,0.8228276968002319,
16,187,1,0.8262169361114502,
16,188,0,0.8218890428543091,
16,188,1,0.8264087438583374,
16,189,0,0.8246772289276123,
16,189,1,0.8233732581138611,
16,190,0,0.822316586971283,
16,190,1,0.8195894956588745,
16,191,0,0.8246415257453918,
16,191,1,0.8243661522865295,
16,192,0,0.8202187418937683,
16,192,1,0.8236560821533203,
16,193,0,0.8238818049430847,
16,193,1,0.8261131048202515,
16,194,0,0.8241199254989624,
16,194,1,0.8094685077667236,
16,195,0,0.8243019580841064,
16,195,1,0.8181396722793579,
16,196,0,0.8218784332275391,
16,196,1,0.8184562921524048,
16,197,0,0.8209410905838013,
16,197,1,0.8224757313728333,
16,198,0,0.8230651617050171,
16,198,1,0.824982225894928,
16,199,0,0.8194669485092163,
16,199,1,0.8225318789482117,
16,200,0,0.8230931162834167,
16,200,1,0.8267987370491028,
16,201,0,0.8254097700119019,
16,201,1,0.8161332607269287,
16,202,0,0.8235191702842712,
16,202,1,0.8192831873893738,
16,203,0,0.8211783766746521,
16,203,1,0.8149023056030273,
16,204,0,0.8227665424346924,
16,204,1,0.8160570859909058,
16,205,0,0.8222124576568604,
16,205,1,0.8255354762077332,
16,206,0,0.8229522109031677,
16,206,1,0.823748767375946,
16,207,0,0.8207098841667175,
16,207,1,0.8221276998519897,
16,208,0,0.8236233592033386,
16,208,1,0.8140955567359924,
16,209,0,0.8258873224258423,
16,209,1,0.8202481865882874,
16,210,0,0.8285213708877563,
16,210,1,0.8224060535430908,
16,211,0,0.8238110542297363,
16,211,1,0.8286100625991821,
16,212,0,0.8207005262374878,
16,212,1,0.8239601850509644,
16,213,0,0.8214812278747559,
16,213,1,0.8246780037879944,
16,214,0,0.8264238834381104,
16,214,1,0.8195455074310303,
16,215,0,0.8221403360366821,
16,215,1,0.8269336819648743,
16,216,0,0.8268008232116699,
16,216,1,0.8287770748138428,
16,217,0,0.8213087916374207,
16,217,1,0.8201227188110352,
16,218,0,0.8241477608680725,
16,218,1,0.8179205060005188,
16,219,0,0.8258661031723022,
16,219,1,0.8282294273376465,
16,220,0,0.8261401653289795,
16,220,1,0.823196530342102,
16,221,0,0.826117217540741,
16,221,1,0.8231872916221619,
16,222,0,0.8231887817382812,
16,222,1,0.8247874975204468,
16,223,0,0.8222495317459106,
16,223,1,0.8286752700805664,
16,224,0,0.8262307643890381,
16,224,1,0.8228351473808289,
16,225,0,0.8264080882072449,
16,225,1,0.8249865770339966,
16,226,0,0.8249226212501526,
16,226,1,0.8245465755462646,
16,227,0,0.8230345249176025,
16,227,1,0.8233869075775146,
16,228,0,0.8244403600692749,
16,228,1,0.8234314322471619,
16,229,0,0.8230118155479431,
16,229,1,0.8278415203094482,
16,230,0,0.8215583562850952,
16,230,1,0.8263267874717712,
16,231,0,0.8259001970291138,
16,231,1,0.8256447315216064,
16,232,0,0.8249399662017822,
16,232,1,0.8202215433120728,
16,233,0,0.8245278596878052,
16,233,1,0.824652910232544,
16,234,0,0.8283915519714355,
16,234,1,0.8230913281440735,
16,235,0,0.8219443559646606,
16,235,1,0.8246911764144897,
16,236,0,0.8228100538253784,
16,236,1,0.8275726437568665,
16,237,0,0.8241696357727051,
16,237,1,0.8274142146110535,
16,238,0,0.8252162933349609,
16,238,1,0.8242202401161194,
16,239,0,0.8270701766014099,
16,239,1,0.8253178000450134,
16,240,0,0.8265732526779175,
16,240,1,0.8273991942405701,
16,241,0,0.8243932723999023,
16,241,1,0.81507408618927,
16,242,0,0.8224958181381226,
16,242,1,0.8251688480377197,
16,243,0,0.8234299421310425,
16,243,1,0.8286855220794678,
16,244,0,0.8262323141098022,
16,244,1,0.8276486992835999,
16,245,0,0.824333906173706,
16,245,1,0.8217632174491882,
16,246,0,0.8238669037818909,
16,246,1,0.8186246752738953,
16,247,0,0.8229348659515381,
16,247,1,0.8255088329315186,
16,248,0,0.8251466751098633,
16,248,1,0.8247783184051514,
16,249,0,0.8226968050003052,
16,249,1,0.8236578106880188,
16,250,0,0.8223162889480591,
16,250,1,0.8282265663146973,
16,251,0,0.8248492479324341,
16,251,1,0.8237847089767456,
16,252,0,0.8239525556564331,
16,252,1,0.8230441808700562,
16,253,0,0.8265262842178345,
16,253,1,0.8258476257324219,
16,254,0,0.8240476846694946,
16,254,1,0.8280173540115356,
16,255,0,0.8229795098304749,
16,255,1,0.8263298273086548,
16,256,0,0.8236728310585022,
16,256,1,0.8235386610031128,
16,257,0,0.8211063742637634,
16,257,1,0.8247514963150024,
16,258,0,0.8236649036407471,
16,258,1,0.8243780136108398,
16,259,0,0.8240373730659485,
16,259,1,0.8274216651916504,
16,260,0,0.8240258693695068,
16,260,1,0.8223189115524292,
16,261,0,0.8254998922348022,
16,261,1,0.821799635887146,
16,262,0,0.8242822885513306,
16,262,1,0.8253673911094666,
16,263,0,0.8247334957122803,
16,263,1,0.8279180526733398,
16,264,0,0.823440432548523,
16,264,1,0.825198769569397,
16,265,0,0.8225307464599609,
16,265,1,0.8226535320281982,
16,266,0,0.8256702423095703,
16,266,1,0.8230197429656982,
16,267,0,0.8209022283554077,
16,267,1,0.8228769302368164,
16,268,0,0.823721170425415,
16,268,1,0.8242686986923218,
16,269,0,0.8202916383743286,
16,269,1,0.8182177543640137,
16,270,0,0.824783444404602,
16,270,1,0.8264524936676025,
16,271,0,0.8272228240966797,
16,271,1,0.8242297172546387,
16,272,0,0.8233537077903748,
16,272,1,0.8270525932312012,
16,273,0,0.824431300163269,
16,273,1,0.8244566917419434,
16,274,0,0.8228802680969238,
16,274,1,0.8301453590393066,
16,275,0,0.8239247798919678,
16,275,1,0.8192734718322754,
16,276,0,0.8222227096557617,
16,276,1,0.8194260597229004,
16,277,0,0.8261591196060181,
16,277,1,0.8238115310668945,
16,278,0,0.8239575624465942,
16,278,1,0.8185899257659912,
16,279,0,0.8245904445648193,
16,279,1,0.8241322040557861,
16,280,0,0.82399582862854,
16,280,1,0.8228659629821777,
16,281,0,0.8246520161628723,
16,281,1,0.8287899494171143,
16,282,0,0.82575523853302,
16,282,1,0.8260307312011719,
16,283,0,0.8240390419960022,
16,283,1,0.8243494629859924,
16,284,0,0.823947548866272,
16,284,1,0.8218663334846497,
16,285,0,0.8238954544067383,
16,285,1,0.822044849395752,
16,286,0,0.8247695565223694,
16,286,1,0.8312586545944214,
16,287,0,0.8221263289451599,
16,287,1,0.8231951594352722,
16,288,0,0.8244794011116028,
16,288,1,0.8214190006256104,
16,289,0,0.8236307501792908,
16,289,1,0.8261976838111877,
16,290,0,0.8240727186203003,
16,290,1,0.82844078540802,
16,291,0,0.82383131980896,
16,291,1,0.8227338790893555,
16,292,0,0.8258084058761597,
16,292,1,0.8245189189910889,
16,293,0,0.8253224492073059,
16,293,1,0.826014518737793,
16,294,0,0.8232353925704956,
16,294,1,0.8249266147613525,
16,295,0,0.824318528175354,
16,295,1,0.8269218802452087,
16,296,0,0.8241609334945679,
16,296,1,0.8195987343788147,
16,297,0,0.8242142200469971,
16,297,1,0.8225887417793274,
16,298,0,0.8210747241973877,
16,298,1,0.8287643194198608,
16,299,0,0.8252019882202148,
16,299,1,0.8234521150588989,
16,300,0,0.8245811462402344,
16,300,1,0.8305381536483765,
16,301,0,0.8263180255889893,
16,301,1,0.8304967880249023,
16,302,0,0.8244391083717346,
16,302,1,0.8254572749137878,
16,303,0,0.8214361667633057,
16,303,1,0.8186136484146118,
16,304,0,0.8253231048583984,
16,304,1,0.826903223991394,
16,305,0,0.8245702385902405,
16,305,1,0.8283681869506836,
16,306,0,0.8236929774284363,
16,306,1,0.8226261138916016,
16,307,0,0.8261674642562866,
16,307,1,0.8249234557151794,
16,308,0,0.8225516080856323,
16,308,1,0.8230599761009216,
16,309,0,0.8253036737442017,
16,309,1,0.824979305267334,
16,310,0,0.822482705116272,
16,310,1,0.8242195248603821,
16,311,0,0.8225193023681641,
16,311,1,0.8300448060035706,
16,312,0,0.8228975534439087,
16,312,1,0.8276052474975586,
16,313,0,0.8245675563812256,
16,313,1,0.8217328190803528,
16,314,0,0.823716938495636,
16,314,1,0.8271862268447876,
16,315,0,0.8235324621200562,
16,315,1,0.8249794244766235,
16,316,0,0.8249322175979614,
16,316,1,0.8204813599586487,
16,317,0,0.8256429433822632,
16,317,1,0.8217574954032898,
16,318,0,0.8235821723937988,
16,318,1,0.8214108943939209,
16,319,0,0.8228813409805298,
16,319,1,0.8283587098121643,
16,320,0,0.8233689069747925,
16,320,1,0.8274005651473999,
16,321,0,0.823093056678772,
16,321,1,0.820243239402771,
16,322,0,0.8261673450469971,
16,322,1,0.8270443677902222,
16,323,0,0.8219113349914551,
16,323,1,0.8222376108169556,
16,324,0,0.8218863606452942,
16,324,1,0.8263566493988037,
16,325,0,0.8260621428489685,
16,325,1,0.8262176513671875,
16,326,0,0.8227472901344299,
16,326,1,0.824608564376831,
16,327,0,0.8221526145935059,
16,327,1,0.8197392821311951,
16,328,0,0.8252959251403809,
16,328,1,0.8261158466339111,
16,329,0,0.8239110112190247,
16,329,1,0.8228346705436707,
16,330,0,0.8208487629890442,
16,330,1,0.8216625452041626,
16,331,0,0.8253160715103149,
16,331,1,0.8221073150634766,
16,332,0,0.8229161500930786,
16,332,1,0.8253979682922363,
16,333,0,0.8237971067428589,
16,333,1,0.8251117467880249,
16,334,0,0.8234571218490601,
16,334,1,0.8157858848571777,
16,335,0,0.821905791759491,
16,335,1,0.8239339590072632,
16,336,0,0.8210999965667725,
16,336,1,0.8215410709381104,
16,337,0,0.8194758296012878,
16,337,1,0.8240097761154175,
16,338,0,0.8233753442764282,
16,338,1,0.8290226459503174,
16,339,0,0.8257224559783936,
16,339,1,0.8239343166351318,
16,340,0,0.8242976665496826,
16,340,1,0.8324757814407349,
16,341,0,0.8234015107154846,
16,341,1,0.8201953172683716,
16,342,0,0.8251923322677612,
16,342,1,0.8197245597839355,
16,343,0,0.821123480796814,
16,343,1,0.823606014251709,
16,344,0,0.8243770003318787,
16,344,1,0.8251668214797974,
16,345,0,0.8204660415649414,
16,345,1,0.8298600316047668,
16,346,0,0.8246805667877197,
16,346,1,0.8294526934623718,
16,347,0,0.8221855163574219,
16,347,1,0.8307942152023315,
16,348,0,0.8267161846160889,
16,348,1,0.8194845914840698,
16,349,0,0.8277443647384644,
16,349,1,0.8205866813659668,
16,350,0,0.8252987861633301,
16,350,1,0.8231472969055176,
16,351,0,0.8252483606338501,
16,351,1,0.8276462554931641,
16,352,0,0.8250306248664856,
16,352,1,0.817694902420044,
16,353,0,0.8229098320007324,
16,353,1,0.8316693902015686,
16,354,0,0.8282516002655029,
16,354,1,0.8300855755805969,
16,355,0,0.8245668411254883,
16,355,1,0.8205099701881409,
16,356,0,0.8238668441772461,
16,356,1,0.8262550830841064,
16,357,0,0.8251034021377563,
16,357,1,0.8275389671325684,
16,358,0,0.8266661167144775,
16,358,1,0.8275635242462158,
16,359,0,0.826637864112854,
16,359,1,0.8291189670562744,
16,360,0,0.823266327381134,
16,360,1,0.8216891884803772,
16,361,0,0.826061487197876,
16,361,1,0.829940915107727,
16,362,0,0.8233230710029602,
16,362,1,0.8207839727401733,
16,363,0,0.8251380324363708,
16,363,1,0.8222114443778992,
16,364,0,0.8235501646995544,
16,364,1,0.8222531080245972,
16,365,0,0.8248721957206726,
16,365,1,0.8217739462852478,
16,366,0,0.824654757976532,
16,366,1,0.8248932361602783,
16,367,0,0.8240150809288025,
16,367,1,0.8281008005142212,
16,368,0,0.8255977034568787,
16,368,1,0.8242837190628052,
16,369,0,0.8272141218185425,
16,369,1,0.8268017172813416,
16,370,0,0.8237839937210083,
16,370,1,0.82157963514328,
16,371,0,0.8247096538543701,
16,371,1,0.8182123303413391,
16,372,0,0.825352668762207,
16,372,1,0.8173863887786865,
16,373,0,0.8236396312713623,
16,373,1,0.8279870748519897,
16,374,0,0.825475811958313,
16,374,1,0.8215894103050232,
16,375,0,0.8231172561645508,
16,375,1,0.8303057551383972,
16,376,0,0.8234734535217285,
16,376,1,0.820031464099884,
16,377,0,0.8259513974189758,
16,377,1,0.823837161064148,
16,378,0,0.8252350091934204,
16,378,1,0.8266085386276245,
16,379,0,0.8251947164535522,
16,379,1,0.819390058517456,
16,380,0,0.8264484405517578,
16,380,1,0.8225278854370117,
16,381,0,0.823611855506897,
16,381,1,0.8291511535644531,
16,382,0,0.8250616788864136,
16,382,1,0.8225827217102051,
16,383,0,0.8252291083335876,
16,383,1,0.8266415596008301,
16,384,0,0.8207800388336182,
16,384,1,0.8226661682128906,
16,385,0,0.8249439001083374,
16,385,1,0.8287982940673828,
16,386,0,0.8221114277839661,
16,386,1,0.8190122842788696,
16,387,0,0.8238246440887451,
16,387,1,0.8244291543960571,
16,388,0,0.8218441605567932,
16,388,1,0.8239966630935669,
16,389,0,0.824998140335083,
16,389,1,0.822777271270752,
16,390,0,0.8252184391021729,
16,390,1,0.8296679258346558,
16,391,0,0.825762927532196,
16,391,1,0.8273289799690247,
16,392,0,0.8267854452133179,
16,392,1,0.8226691484451294,
16,393,0,0.8267724514007568,
16,393,1,0.8282296657562256,
16,394,0,0.824195146560669,
16,394,1,0.8184171915054321,
16,395,0,0.8278476595878601,
16,395,1,0.8241591453552246,
16,396,0,0.8260884284973145,
16,396,1,0.8255699276924133,
16,397,0,0.8245998024940491,
16,397,1,0.8233973979949951,
16,398,0,0.8259400129318237,
16,398,1,0.827755868434906,
16,399,0,0.8247330188751221,
16,399,1,0.8253360986709595,
16,400,0,0.8262770771980286,
16,400,1,0.8260748386383057,
16,401,0,0.8253743648529053,
16,401,1,0.8259795904159546,
16,402,0,0.8260060548782349,
16,402,1,0.8296327590942383,
16,403,0,0.8220046758651733,
16,403,1,0.8271438479423523,
16,404,0,0.8233175873756409,
16,404,1,0.8265277147293091,
16,405,0,0.824310302734375,
16,405,1,0.8180513381958008,
16,406,0,0.8241386413574219,
16,406,1,0.8242835998535156,
16,407,0,0.8229707479476929,
16,407,1,0.8182145953178406,
16,408,0,0.8237242698669434,
16,408,1,0.8252114057540894,
16,409,0,0.8247485160827637,
16,409,1,0.8228593468666077,
16,410,0,0.825354814529419,
16,410,1,0.8291453123092651,
16,411,0,0.8238620758056641,
16,411,1,0.8226245641708374,
16,412,0,0.8257181644439697,
16,412,1,0.8233755826950073,
16,413,0,0.823835015296936,
16,413,1,0.8269383311271667,
16,414,0,0.8236221075057983,
16,414,1,0.8233660459518433,
16,415,0,0.8255171179771423,
16,415,1,0.8224201202392578,
16,416,0,0.8252781629562378,
16,416,1,0.8262015581130981,
16,417,0,0.822761595249176,
16,417,1,0.8268258571624756,
16,418,0,0.8245062828063965,
16,418,1,0.8221856355667114,
16,419,0,0.8273446559906006,
16,419,1,0.8235318660736084,
16,420,0,0.8256435394287109,
16,420,1,0.8234450817108154,
16,421,0,0.8241512775421143,
16,421,1,0.8242229223251343,
16,422,0,0.825478196144104,
16,422,1,0.8281075954437256,
16,423,0,0.8281121253967285,
16,423,1,0.8250564932823181,
16,424,0,0.825141429901123,
16,424,1,0.8268517851829529,
16,425,0,0.8229925036430359,
16,425,1,0.8255375027656555,
16,426,0,0.8234589099884033,
16,426,1,0.8215004205703735,
16,427,0,0.8254858255386353,
16,427,1,0.8266923427581787,
16,428,0,0.8259574770927429,
16,428,1,0.8240577578544617,
16,429,0,0.8253252506256104,
16,429,1,0.8239930868148804,
16,430,0,0.8268522024154663,
16,430,1,0.8229795694351196,
16,431,0,0.8231859803199768,
16,431,1,0.8234944343566895,
16,432,0,0.822975218296051,
16,432,1,0.8255480527877808,
16,433,0,0.8259563446044922,
16,433,1,0.8275890350341797,
16,434,0,0.8258767127990723,
16,434,1,0.8257890939712524,
16,435,0,0.8261411190032959,
16,435,1,0.8273320198059082,
16,436,0,0.8258810043334961,
16,436,1,0.8293247222900391,
16,437,0,0.8252923488616943,
16,437,1,0.8229660391807556,
16,438,0,0.8262118101119995,
16,438,1,0.824988842010498,
16,439,0,0.8225650787353516,
16,439,1,0.8255086541175842,
16,440,0,0.8249013423919678,
16,440,1,0.8222671747207642,
16,441,0,0.8238265514373779,
16,441,1,0.822510302066803,
16,442,0,0.8236749172210693,
16,442,1,0.8233729004859924,
16,443,0,0.8223363161087036,
16,443,1,0.818215012550354,
16,444,0,0.8228155374526978,
16,444,1,0.8238424062728882,
16,445,0,0.8263517618179321,
16,445,1,0.8280436396598816,
16,446,0,0.825426459312439,
16,446,1,0.8188767433166504,
16,447,0,0.8239561915397644,
16,447,1,0.8173204064369202,
16,448,0,0.8230968713760376,
16,448,1,0.825806736946106,
16,449,0,0.8240935802459717,
16,449,1,0.8272053599357605,
16,450,0,0.8224910497665405,
16,450,1,0.8216111063957214,
16,451,0,0.8244415521621704,
16,451,1,0.819968581199646,
16,452,0,0.8235846757888794,
16,452,1,0.8278010487556458,
16,453,0,0.827670693397522,
16,453,1,0.8299022316932678,
16,454,0,0.8250600099563599,
16,454,1,0.8263643383979797,
16,455,0,0.8243401050567627,
16,455,1,0.8178354501724243,
16,456,0,0.8241775035858154,
16,456,1,0.8272882103919983,
16,457,0,0.8234311938285828,
16,457,1,0.8207883834838867,
16,458,0,0.8230432271957397,
16,458,1,0.8232934474945068,
16,459,0,0.8261474370956421,
16,459,1,0.8237417936325073,
16,460,0,0.8244801759719849,
16,460,1,0.8232204914093018,
16,461,0,0.8222373723983765,
16,461,1,0.8265328407287598,
16,462,0,0.8240230083465576,
16,462,1,0.818878710269928,
16,463,0,0.8218910098075867,
16,463,1,0.8270678520202637,
16,464,0,0.8245500922203064,
16,464,1,0.828395426273346,
16,465,0,0.8237721920013428,
16,465,1,0.8200712203979492,
16,466,0,0.8272477388381958,
16,466,1,0.8298349976539612,
16,467,0,0.8238080739974976,
16,467,1,0.8253843784332275,
16,468,0,0.8236761093139648,
16,468,1,0.8308535814285278,
16,469,0,0.8242102861404419,
16,469,1,0.8262278437614441,
16,470,0,0.824737548828125,
16,470,1,0.8271936774253845,
16,471,0,0.8241466283798218,
16,471,1,0.8252971172332764,
16,472,0,0.8256334662437439,
16,472,1,0.8218360543251038,
16,473,0,0.8237338066101074,
16,473,1,0.8258764147758484,
16,474,0,0.8243849873542786,
16,474,1,0.8241527676582336,
16,475,0,0.8251228928565979,
16,475,1,0.8233174085617065,
16,476,0,0.8245809078216553,
16,476,1,0.8259121179580688,
16,477,0,0.8242980241775513,
16,477,1,0.8207743167877197,
16,478,0,0.8235950469970703,
16,478,1,0.8233381509780884,
16,479,0,0.8255788087844849,
16,479,1,0.8217273354530334,
16,480,0,0.8249669075012207,
16,480,1,0.8225735425949097,
16,481,0,0.8233597874641418,
16,481,1,0.8238147497177124,
16,482,0,0.8252542614936829,
16,482,1,0.8199665546417236,
16,483,0,0.8248963952064514,
16,483,1,0.8261511325836182,
16,484,0,0.8264096975326538,
16,484,1,0.8274157047271729,
16,485,0,0.8251861333847046,
16,485,1,0.8230494856834412,
16,486,0,0.822421669960022,
16,486,1,0.8222494721412659,
16,487,0,0.8238192200660706,
16,487,1,0.8272656202316284,
16,488,0,0.8244543075561523,
16,488,1,0.8190885186195374,
16,489,0,0.8250170946121216,
16,489,1,0.8218539953231812,
16,490,0,0.8262948989868164,
16,490,1,0.8215048313140869,
16,491,0,0.8251388072967529,
16,491,1,0.8253979086875916,
16,492,0,0.8237590789794922,
16,492,1,0.8199586868286133,
16,493,0,0.8250216245651245,
16,493,1,0.8253264427185059,
16,494,0,0.8243957161903381,
16,494,1,0.8242466449737549,
16,495,0,0.8229116201400757,
16,495,1,0.8252654671669006,
16,496,0,0.8242869973182678,
16,496,1,0.8242833614349365,
16,497,0,0.8204596042633057,
16,497,1,0.8269878625869751,
16,498,0,0.8234050869941711,
16,498,1,0.8264636397361755,
16,499,0,0.8241462707519531,
16,499,1,0.825320839881897,
16,500,0,0.8194136023521423,
16,500,1,0.822178840637207,
16,501,0,0.8223945498466492,
16,501,1,0.8206407427787781,
16,502,0,0.8234974145889282,
16,502,1,0.8156051635742188,
16,503,0,0.8242894411087036,
16,503,1,0.8258669972419739,
16,504,0,0.824310839176178,
16,504,1,0.826392412185669,
16,505,0,0.8245306015014648,
16,505,1,0.8263776302337646,
16,506,0,0.8266716003417969,
16,506,1,0.8186179399490356,
16,507,0,0.8254808187484741,
16,507,1,0.8211907148361206,
16,508,0,0.8228606581687927,
16,508,1,0.818603515625,
16,509,0,0.8250730037689209,
16,509,1,0.8236072659492493,
16,510,0,0.8262448310852051,
16,510,1,0.8252108097076416,
16,511,0,0.8278574347496033,
16,511,1,0.8208752274513245,
16,512,0,0.8245927691459656,
16,512,1,0.8257776498794556,
16,513,0,0.8230959177017212,
16,513,1,0.8177952170372009,
16,514,0,0.8245759010314941,
16,514,1,0.8240845799446106,
16,515,0,0.8227241635322571,
16,515,1,0.8230078220367432,
16,516,0,0.8227998614311218,
16,516,1,0.8253869414329529,
16,517,0,0.8236770629882812,
16,517,1,0.8191289901733398,
16,518,0,0.8251950740814209,
16,518,1,0.8231980800628662,
16,519,0,0.8235739469528198,
16,519,1,0.8272305727005005,
16,520,0,0.825164794921875,
16,520,1,0.8193702697753906,
16,521,0,0.8240548968315125,
16,521,1,0.8282120227813721,
16,522,0,0.8255010843276978,
16,522,1,0.8170741200447083,
16,523,0,0.8224213123321533,
16,523,1,0.8279246091842651,
16,524,0,0.8203767538070679,
16,524,1,0.8230011463165283,
16,525,0,0.8235899806022644,
16,525,1,0.8235787153244019,
16,526,0,0.8239250779151917,
16,526,1,0.8222329616546631,
16,527,0,0.8254343271255493,
16,527,1,0.8296539783477783,
16,528,0,0.8229849934577942,
16,528,1,0.8221893310546875,
16,529,0,0.8212885856628418,
16,529,1,0.8253078460693359,
16,530,0,0.8274670839309692,
16,530,1,0.8276995420455933,
16,531,0,0.8236714601516724,
16,531,1,0.8261139988899231,
16,532,0,0.8229645490646362,
16,532,1,0.8217325806617737,
16,533,0,0.8243760466575623,
16,533,1,0.8289663791656494,
16,534,0,0.8238120079040527,
16,534,1,0.818406879901886,
16,535,0,0.8222219944000244,
16,535,1,0.8234893679618835,
16,536,0,0.8229047060012817,
16,536,1,0.8227802515029907,
16,537,0,0.8242231607437134,
16,537,1,0.8270837068557739,
16,538,0,0.8249268531799316,
16,538,1,0.8259279727935791,
16,539,0,0.8238124847412109,
16,539,1,0.8198550939559937,
16,540,0,0.8241696357727051,
16,540,1,0.8252716064453125,
16,541,0,0.8245056867599487,
16,541,1,0.8239566087722778,
16,542,0,0.8269817233085632,
16,542,1,0.8300747871398926,
16,543,0,0.8250179886817932,
16,543,1,0.8231624960899353,
16,544,0,0.8225514888763428,
16,544,1,0.8256343603134155,
16,545,0,0.8258899450302124,
16,545,1,0.8253802061080933,
16,546,0,0.8239682912826538,
16,546,1,0.8235409259796143,
16,547,0,0.8234912753105164,
16,547,1,0.823377251625061,
16,548,0,0.8271647095680237,
16,548,1,0.8323054313659668,
16,549,0,0.8267412781715393,
16,549,1,0.8249382972717285,
16,550,0,0.827057957649231,
16,550,1,0.8250548839569092,
16,551,0,0.8258159160614014,
16,551,1,0.8226261138916016,
16,552,0,0.8241481781005859,
16,552,1,0.8236091136932373,
16,553,0,0.8248189687728882,
16,553,1,0.8196901082992554,
16,554,0,0.8232043981552124,
16,554,1,0.8209775686264038,
16,555,0,0.8234885334968567,
16,555,1,0.8292278051376343,
16,556,0,0.8257910013198853,
16,556,1,0.8277851343154907,
16,557,0,0.8240845799446106,
16,557,1,0.8217049837112427,
16,558,0,0.8242318034172058,
16,558,1,0.8201522827148438,
16,559,0,0.8220951557159424,
16,559,1,0.8189412355422974,
16,560,0,0.8251874446868896,
16,560,1,0.8238107562065125,
16,561,0,0.8242874145507812,
16,561,1,0.8167606592178345,
16,562,0,0.8240435123443604,
16,562,1,0.82309889793396,
16,563,0,0.8223257660865784,
16,563,1,0.8184850215911865,
16,564,0,0.8256572484970093,
16,564,1,0.8157745599746704,
16,565,0,0.8247243165969849,
16,565,1,0.8214514255523682,
16,566,0,0.8278524875640869,
16,566,1,0.8218250274658203,
16,567,0,0.8238781094551086,
16,567,1,0.8203198909759521,
16,568,0,0.8238205909729004,
16,568,1,0.8262612223625183,
16,569,0,0.8221448659896851,
16,569,1,0.8174495100975037,
16,570,0,0.8252688646316528,
16,570,1,0.8238601684570312,
16,571,0,0.8232173919677734,
16,571,1,0.8278815746307373,
16,572,0,0.8287088871002197,
16,572,1,0.8297932147979736,
16,573,0,0.8238160610198975,
16,573,1,0.8320108652114868,
16,574,0,0.8250937461853027,
16,574,1,0.8245642781257629,
16,575,0,0.825715184211731,
16,575,1,0.8224242329597473,
16,576,0,0.8231714963912964,
16,576,1,0.8255122303962708,
16,577,0,0.8230700492858887,
16,577,1,0.8214733600616455,
16,578,0,0.8248984813690186,
16,578,1,0.8278037905693054,
16,579,0,0.8225195407867432,
16,579,1,0.8241409063339233,
16,580,0,0.8229143619537354,
16,580,1,0.8222044706344604,
16,581,0,0.8275562524795532,
16,581,1,0.8302444815635681,
16,582,0,0.8237733244895935,
16,582,1,0.8244593739509583,
16,583,0,0.8218749761581421,
16,583,1,0.8259449005126953,
16,584,0,0.8223099708557129,
16,584,1,0.8272064924240112,
16,585,0,0.823101282119751,
16,585,1,0.8319284319877625,
16,586,0,0.8215427398681641,
16,586,1,0.8255363702774048,
16,587,0,0.8232623338699341,
16,587,1,0.8233363628387451,
16,588,0,0.825402557849884,
16,588,1,0.8260424137115479,
16,589,0,0.8251276612281799,
16,589,1,0.8222189545631409,
16,590,0,0.8204509615898132,
16,590,1,0.8282229900360107,
16,591,0,0.825290322303772,
16,591,1,0.8225642442703247,
16,592,0,0.8272346258163452,
16,592,1,0.8237290978431702,
16,593,0,0.8234663009643555,
16,593,1,0.8217233419418335,
16,594,0,0.823302149772644,
16,594,1,0.8202303647994995,
16,595,0,0.8219528198242188,
16,595,1,0.8286631107330322,
16,596,0,0.8214724063873291,
16,596,1,0.8256715536117554,
16,597,0,0.8244458436965942,
16,597,1,0.8239822387695312,
16,598,0,0.8230799436569214,
16,598,1,0.8265424966812134,
16,599,0,0.82459557056427,
16,599,1,0.8348886370658875,
16,600,0,0.8211838603019714,
16,600,1,0.8291212916374207,
16,601,0,0.8225203156471252,
16,601,1,0.8222233057022095,
16,602,0,0.8250018358230591,
16,602,1,0.827117383480072,
16,603,0,0.8269725441932678,
16,603,1,0.8257642984390259,
16,604,0,0.8228772282600403,
16,604,1,0.8242579102516174,
16,val,,,0.8253207731246949
17,0,0,0.8204830288887024,
17,0,1,0.8325585722923279,
17,1,0,0.8252102136611938,
17,1,1,0.8314446210861206,
17,2,0,0.8267715573310852,
17,2,1,0.8178532123565674,
17,3,0,0.8245197534561157,
17,3,1,0.8263121843338013,
17,4,0,0.8218294382095337,
17,4,1,0.8245580196380615,
17,5,0,0.8230372071266174,
17,5,1,0.8276973962783813,
17,6,0,0.825837254524231,
17,6,1,0.8185731172561646,
17,7,0,0.8241170048713684,
17,7,1,0.8258199095726013,
17,8,0,0.8206335306167603,
17,8,1,0.8164937496185303,
17,9,0,0.8198766708374023,
17,9,1,0.8260042667388916,
17,10,0,0.8216729164123535,
17,10,1,0.8192269802093506,
17,11,0,0.8212158679962158,
17,11,1,0.8233432769775391,
17,12,0,0.8186975717544556,
17,12,1,0.8192309737205505,
17,13,0,0.8257826566696167,
17,13,1,0.8201149702072144,
17,14,0,0.8248929977416992,
17,14,1,0.821230947971344,
17,15,0,0.8235976696014404,
17,15,1,0.8170524835586548,
17,16,0,0.8212791681289673,
17,16,1,0.8249045610427856,
17,17,0,0.8236660361289978,
17,17,1,0.819851815700531,
17,18,0,0.8260571956634521,
17,18,1,0.8273067474365234,
17,19,0,0.8205475211143494,
17,19,1,0.8290810585021973,
17,20,0,0.8232188820838928,
17,20,1,0.8167701363563538,
17,21,0,0.8240785002708435,
17,21,1,0.8198772072792053,
17,22,0,0.8240540623664856,
17,22,1,0.8244544267654419,
17,23,0,0.819671094417572,
17,23,1,0.825681209564209,
17,24,0,0.823373556137085,
17,24,1,0.8198060393333435,
17,25,0,0.820986270904541,
17,25,1,0.8122147917747498,
17,26,0,0.8214026689529419,
17,26,1,0.8191349506378174,
17,27,0,0.8222589492797852,
17,27,1,0.8226529359817505,
17,28,0,0.8210304975509644,
17,28,1,0.8165689706802368,
17,29,0,0.8257043957710266,
17,29,1,0.8239977359771729,
17,30,0,0.8206932544708252,
17,30,1,0.8214117288589478,
17,31,0,0.8247853517532349,
17,31,1,0.8208622932434082,
17,32,0,0.8244343996047974,
17,32,1,0.8166179656982422,
17,33,0,0.8283859491348267,
17,33,1,0.8205775618553162,
17,34,0,0.8247426748275757,
17,34,1,0.8219234943389893,
17,35,0,0.8235962390899658,
17,35,1,0.8158426880836487,
17,36,0,0.8215411901473999,
17,36,1,0.819631814956665,
17,37,0,0.8227679133415222,
17,37,1,0.813741147518158,
17,38,0,0.8219286799430847,
17,38,1,0.8276992440223694,
17,39,0,0.8265219330787659,
17,39,1,0.8275213241577148,
17,40,0,0.8239749670028687,
17,40,1,0.8256522417068481,
17,41,0,0.8228506445884705,
17,41,1,0.8240931034088135,
17,42,0,0.8269782662391663,
17,42,1,0.8209339380264282,
17,43,0,0.8259178400039673,
17,43,1,0.820881724357605,
17,44,0,0.8260918855667114,
17,44,1,0.829815149307251,
17,45,0,0.820671558380127,
17,45,1,0.8208587169647217,
17,46,0,0.8226807117462158,
17,46,1,0.8296602964401245,
17,47,0,0.8191593885421753,
17,47,1,0.8332021236419678,
17,48,0,0.8224548697471619,
17,48,1,0.8262578845024109,
17,49,0,0.826357364654541,
17,49,1,0.8231391906738281,
17,50,0,0.8243508338928223,
17,50,1,0.8241190314292908,
17,51,0,0.8247089385986328,
17,51,1,0.8326691389083862,
17,52,0,0.8262538313865662,
17,52,1,0.8230218291282654,
17,53,0,0.8280155658721924,
17,53,1,0.8272924423217773,
17,54,0,0.8241514563560486,
17,54,1,0.8257895708084106,
17,55,0,0.8251842856407166,
17,55,1,0.8242850303649902,
17,56,0,0.8241008520126343,
17,56,1,0.8274096250534058,
17,57,0,0.8219824433326721,
17,57,1,0.8291455507278442,
17,58,0,0.8278577327728271,
17,58,1,0.8282379508018494,
17,59,0,0.8233418464660645,
17,59,1,0.8207069635391235,
17,60,0,0.823735773563385,
17,60,1,0.8278354406356812,
17,61,0,0.8242526054382324,
17,61,1,0.8155914545059204,
17,62,0,0.8259425163269043,
17,62,1,0.8222692012786865,
17,63,0,0.8232347965240479,
17,63,1,0.8226812481880188,
17,64,0,0.823215126991272,
17,64,1,0.8228127956390381,
17,65,0,0.823966383934021,
17,65,1,0.8201911449432373,
17,66,0,0.8243668675422668,
17,66,1,0.8247262239456177,
17,67,0,0.8240766525268555,
17,67,1,0.8233511447906494,
17,68,0,0.824721097946167,
17,68,1,0.8273311257362366,
17,69,0,0.8234303593635559,
17,69,1,0.8271302580833435,
17,70,0,0.8207175731658936,
17,70,1,0.8242444396018982,
17,71,0,0.8267883658409119,
17,71,1,0.8182169198989868,
17,72,0,0.8236578702926636,
17,72,1,0.8211731910705566,
17,73,0,0.8236948251724243,
17,73,1,0.8241521120071411,
17,74,0,0.8251075148582458,
17,74,1,0.8171826601028442,
17,75,0,0.8233696818351746,
17,75,1,0.829555094242096,
17,76,0,0.8220213651657104,
17,76,1,0.8175079226493835,
17,77,0,0.8193365335464478,
17,77,1,0.8221518993377686,
17,78,0,0.8273637294769287,
17,78,1,0.8290337324142456,
17,79,0,0.8220988512039185,
17,79,1,0.8255646228790283,
17,80,0,0.8243399262428284,
17,80,1,0.8259559869766235,
17,81,0,0.8240281939506531,
17,81,1,0.8229966163635254,
17,82,0,0.8220560550689697,
17,82,1,0.8286772966384888,
17,83,0,0.8225898742675781,
17,83,1,0.8203266859054565,
17,84,0,0.8215969800949097,
17,84,1,0.8225505948066711,
17,85,0,0.8244844675064087,
17,85,1,0.8243669271469116,
17,86,0,0.8240855932235718,
17,86,1,0.8187091946601868,
17,87,0,0.8237805366516113,
17,87,1,0.8279823064804077,
17,88,0,0.8247835636138916,
17,88,1,0.8191908597946167,
17,89,0,0.8238738775253296,
17,89,1,0.8251899480819702,
17,90,0,0.8250201940536499,
17,90,1,0.8191875219345093,
17,91,0,0.8258260488510132,
17,91,1,0.8190784454345703,
17,92,0,0.82502681016922,
17,92,1,0.8238471746444702,
17,93,0,0.8230975270271301,
17,93,1,0.8271140456199646,
17,94,0,0.826388955116272,
17,94,1,0.82308429479599,
17,95,0,0.8221175670623779,
17,95,1,0.8266141414642334,
17,96,0,0.8232505917549133,
17,96,1,0.8255419135093689,
17,97,0,0.8225647807121277,
17,97,1,0.8262706995010376,
17,98,0,0.8231083154678345,
17,98,1,0.831419825553894,
17,99,0,0.82280433177948,
17,99,1,0.8280352354049683,
17,100,0,0.8249286413192749,
17,100,1,0.8230680227279663,
17,101,0,0.8231993317604065,
17,101,1,0.8278584480285645,
17,102,0,0.8209972381591797,
17,102,1,0.822260856628418,
17,103,0,0.8255223035812378,
17,103,1,0.8212230801582336,
17,104,0,0.826687216758728,
17,104,1,0.8206460475921631,
17,105,0,0.8273119926452637,
17,105,1,0.8231995701789856,
17,106,0,0.8239415884017944,
17,106,1,0.8258064985275269,
17,107,0,0.8260416984558105,
17,107,1,0.8279697299003601,
17,108,0,0.8222090005874634,
17,108,1,0.8219131231307983,
17,109,0,0.8232930302619934,
17,109,1,0.8279259204864502,
17,110,0,0.8225835561752319,
17,110,1,0.8205820322036743,
17,111,0,0.8245267868041992,
17,111,1,0.8198459148406982,
17,112,0,0.8270449042320251,
17,112,1,0.8166184425354004,
17,113,0,0.824927568435669,
17,113,1,0.8242645263671875,
17,114,0,0.8247690200805664,
17,114,1,0.8263009786605835,
17,115,0,0.823815643787384,
17,115,1,0.8294979333877563,
17,116,0,0.8233785033226013,
17,116,1,0.8249795436859131,
17,117,0,0.8245412111282349,
17,117,1,0.8186606764793396,
17,118,0,0.823040246963501,
17,118,1,0.8205491304397583,
17,119,0,0.8238367438316345,
17,119,1,0.8237404823303223,
17,120,0,0.8225804567337036,
17,120,1,0.8232147693634033,
17,121,0,0.823083758354187,
17,121,1,0.8216908574104309,
17,122,0,0.8223626613616943,
17,122,1,0.8304946422576904,
17,123,0,0.8232390880584717,
17,123,1,0.8204401731491089,
17,124,0,0.8243077397346497,
17,124,1,0.8247549533843994,
17,125,0,0.8244297504425049,
17,125,1,0.8203142881393433,
17,126,0,0.8226189613342285,
17,126,1,0.8274917602539062,
17,127,0,0.8226033449172974,
17,127,1,0.8289772272109985,
17,128,0,0.82161545753479,
17,128,1,0.8257927298545837,
17,129,0,0.8204049468040466,
17,129,1,0.824373722076416,
17,130,0,0.8221044540405273,
17,130,1,0.8181319236755371,
17,131,0,0.8248529434204102,
17,131,1,0.8258945345878601,
17,132,0,0.8248363137245178,
17,132,1,0.8225089907646179,
17,133,0,0.8241733312606812,
17,133,1,0.8251932859420776,
17,134,0,0.8243728876113892,
17,134,1,0.8191874027252197,
17,135,0,0.8259085416793823,
17,135,1,0.8253551721572876,
17,136,0,0.8246486186981201,
17,136,1,0.8232207894325256,
17,137,0,0.8247071504592896,
17,137,1,0.8201594352722168,
17,138,0,0.8210650682449341,
17,138,1,0.8223264217376709,
17,139,0,0.8254859447479248,
17,139,1,0.827900767326355,
17,140,0,0.827074408531189,
17,140,1,0.8256382942199707,
17,141,0,0.8221019506454468,
17,141,1,0.8239818811416626,
17,142,0,0.8265334367752075,
17,142,1,0.8198089599609375,
17,143,0,0.8244855999946594,
17,143,1,0.8275164365768433,
17,144,0,0.8230869770050049,
17,144,1,0.8283511996269226,
17,145,0,0.825045108795166,
17,145,1,0.8236466646194458,
17,146,0,0.8257092237472534,
17,146,1,0.8219187259674072,
17,147,0,0.8225308656692505,
17,147,1,0.8242404460906982,
17,148,0,0.8222387433052063,
17,148,1,0.8162875175476074,
17,149,0,0.8246232271194458,
17,149,1,0.8200054168701172,
17,150,0,0.8256387710571289,
17,150,1,0.8258086442947388,
17,151,0,0.8234025239944458,
17,151,1,0.8260435461997986,
17,152,0,0.8226473331451416,
17,152,1,0.8142427206039429,
17,153,0,0.8243128657341003,
17,153,1,0.8203446865081787,
17,154,0,0.8239912390708923,
17,154,1,0.823596179485321,
17,155,0,0.8230767250061035,
17,155,1,0.8261281251907349,
17,156,0,0.8241503238677979,
17,156,1,0.8260266184806824,
17,157,0,0.8271214962005615,
17,157,1,0.8181739449501038,
17,158,0,0.8256950378417969,
17,158,1,0.8298475742340088,
17,159,0,0.823477566242218,
17,159,1,0.8238823413848877,
17,160,0,0.8205651044845581,
17,160,1,0.8226757645606995,
17,161,0,0.8236009478569031,
17,161,1,0.8244844079017639,
17,162,0,0.8251004219055176,
17,162,1,0.8208425045013428,
17,163,0,0.8206183910369873,
17,163,1,0.8273928165435791,
17,164,0,0.82450270652771,
17,164,1,0.8192065358161926,
17,165,0,0.8215641975402832,
17,165,1,0.8264672756195068,
17,166,0,0.8269123435020447,
17,166,1,0.8246314525604248,
17,167,0,0.8212116956710815,
17,167,1,0.8246414065361023,
17,168,0,0.8263952732086182,
17,168,1,0.822796106338501,
17,169,0,0.8215872049331665,
17,169,1,0.8277968168258667,
17,170,0,0.824813723564148,
17,170,1,0.8237110376358032,
17,171,0,0.8229609131813049,
17,171,1,0.815549910068512,
17,172,0,0.8256786465644836,
17,172,1,0.8310572504997253,
17,173,0,0.8268027305603027,
17,173,1,0.8173032999038696,
17,174,0,0.8225764632225037,
17,174,1,0.8232526779174805,
17,175,0,0.8271803259849548,
17,175,1,0.8316386938095093,
17,176,0,0.8215886354446411,
17,176,1,0.8192746639251709,
17,177,0,0.8218637108802795,
17,177,1,0.8307559490203857,
17,178,0,0.8235975503921509,
17,178,1,0.820468008518219,
17,179,0,0.8211455941200256,
17,179,1,0.8184525966644287,
17,180,0,0.8253016471862793,
17,180,1,0.8299654722213745,
17,181,0,0.8210163116455078,
17,181,1,0.8193784356117249,
17,182,0,0.8259670734405518,
17,182,1,0.8166780471801758,
17,183,0,0.8231841325759888,
17,183,1,0.8225393295288086,
17,184,0,0.8204571008682251,
17,184,1,0.8339928388595581,
17,185,0,0.8255078196525574,
17,185,1,0.8203136920928955,
17,186,0,0.8229244351387024,
17,186,1,0.8149913549423218,
17,187,0,0.8236567378044128,
17,187,1,0.8194088935852051,
17,188,0,0.8249096870422363,
17,188,1,0.8140503764152527,
17,189,0,0.823102593421936,
17,189,1,0.8313175439834595,
17,190,0,0.8255119323730469,
17,190,1,0.8225338459014893,
17,191,0,0.8228617906570435,
17,191,1,0.8219799399375916,
17,192,0,0.8213332295417786,
17,192,1,0.8176061511039734,
17,193,0,0.8249949812889099,
17,193,1,0.8213993906974792,
17,194,0,0.8224723935127258,
17,194,1,0.8192687034606934,
17,195,0,0.8239169716835022,
17,195,1,0.8211792707443237,
17,196,0,0.8212628364562988,
17,196,1,0.8239299058914185,
17,197,0,0.8228634595870972,
17,197,1,0.8196830749511719,
17,198,0,0.820671796798706,
17,198,1,0.8285521864891052,
17,199,0,0.8206541538238525,
17,199,1,0.8232886791229248,
17,200,0,0.820000171661377,
17,200,1,0.8315461874008179,
17,201,0,0.8212825059890747,
17,201,1,0.8318955898284912,
17,202,0,0.8185101747512817,
17,202,1,0.8217990398406982,
17,203,0,0.8205491304397583,
17,203,1,0.8273633718490601,
17,204,0,0.8224977254867554,
17,204,1,0.8257415890693665,
17,205,0,0.8221399784088135,
17,205,1,0.8229951858520508,
17,206,0,0.8215979337692261,
17,206,1,0.8268824815750122,
17,207,0,0.8204328417778015,
17,207,1,0.8227631449699402,
17,208,0,0.8231202960014343,
17,208,1,0.8192468285560608,
17,209,0,0.8247950077056885,
17,209,1,0.8231868147850037,
17,210,0,0.8274447917938232,
17,210,1,0.8257518410682678,
17,211,0,0.8232591152191162,
17,211,1,0.8175867199897766,
17,212,0,0.8208957314491272,
17,212,1,0.8203780055046082,
17,213,0,0.8217094540596008,
17,213,1,0.8246620893478394,
17,214,0,0.8231666088104248,
17,214,1,0.8237600922584534,
17,215,0,0.821534276008606,
17,215,1,0.8259516954421997,
17,216,0,0.8273438811302185,
17,216,1,0.8283742666244507,
17,217,0,0.8200030326843262,
17,217,1,0.8125230073928833,
17,218,0,0.8240469694137573,
17,218,1,0.820034921169281,
17,219,0,0.8289515972137451,
17,219,1,0.820858359336853,
17,220,0,0.8263282775878906,
17,220,1,0.8179090619087219,
17,221,0,0.8228425979614258,
17,221,1,0.8285770416259766,
17,222,0,0.8238592147827148,
17,222,1,0.8302977681159973,
17,223,0,0.8228241205215454,
17,223,1,0.8213544487953186,
17,224,0,0.8242889046669006,
17,224,1,0.8276296854019165,
17,225,0,0.8273651003837585,
17,225,1,0.8275319933891296,
17,226,0,0.8229222893714905,
17,226,1,0.8203045725822449,
17,227,0,0.8208779096603394,
17,227,1,0.822749674320221,
17,228,0,0.8248534798622131,
17,228,1,0.82436203956604,
17,229,0,0.8246461749076843,
17,229,1,0.8210583925247192,
17,230,0,0.8234038352966309,
17,230,1,0.8240438103675842,
17,231,0,0.8229713439941406,
17,231,1,0.8270518779754639,
17,232,0,0.8234961032867432,
17,232,1,0.8175722360610962,
17,233,0,0.8247566223144531,
17,233,1,0.8212703466415405,
17,234,0,0.8282375335693359,
17,234,1,0.823772668838501,
17,235,0,0.8236047625541687,
17,235,1,0.8222775459289551,
17,236,0,0.8209845423698425,
17,236,1,0.8250254392623901,
17,237,0,0.8245680332183838,
17,237,1,0.8286454677581787,
17,238,0,0.8248233795166016,
17,238,1,0.8227784633636475,
17,239,0,0.8271181583404541,
17,239,1,0.8282732367515564,
17,240,0,0.8246966004371643,
17,240,1,0.8247854709625244,
17,241,0,0.8249790668487549,
17,241,1,0.8239572644233704,
17,242,0,0.8223863840103149,
17,242,1,0.8222156167030334,
17,243,0,0.8191299438476562,
17,243,1,0.8228028416633606,
17,244,0,0.8259941339492798,
17,244,1,0.8198634386062622,
17,245,0,0.8243880271911621,
17,245,1,0.8281139135360718,
17,246,0,0.8201504945755005,
17,246,1,0.8220071792602539,
17,247,0,0.8255115747451782,
17,247,1,0.8250954747200012,
17,248,0,0.8244719505310059,
17,248,1,0.8243018388748169,
17,249,0,0.82574462890625,
17,249,1,0.8173204660415649,
17,250,0,0.821475088596344,
17,250,1,0.8250569105148315,
17,251,0,0.8290524482727051,
17,251,1,0.8198022842407227,
17,252,0,0.8232593536376953,
17,252,1,0.821560263633728,
17,253,0,0.8243863582611084,
17,253,1,0.826545238494873,
17,254,0,0.8221690654754639,
17,254,1,0.8282531499862671,
17,255,0,0.8246971964836121,
17,255,1,0.8224294185638428,
17,256,0,0.8212717175483704,
17,256,1,0.822964072227478,
17,257,0,0.8221131563186646,
17,257,1,0.8216737508773804,
17,258,0,0.82667475938797,
17,258,1,0.8202751874923706,
17,259,0,0.8250861167907715,
17,259,1,0.8222734332084656,
17,260,0,0.8268448114395142,
17,260,1,0.8198855519294739,
17,261,0,0.8264416456222534,
17,261,1,0.8281213045120239,
17,262,0,0.8246914148330688,
17,262,1,0.8247485756874084,
17,263,0,0.826863706111908,
17,263,1,0.8211764097213745,
17,264,0,0.8243790864944458,
17,264,1,0.8227047324180603,
17,265,0,0.8239784240722656,
17,265,1,0.821393609046936,
17,266,0,0.8249973654747009,
17,266,1,0.8250477313995361,
17,267,0,0.8225557804107666,
17,267,1,0.8215660452842712,
17,268,0,0.8206496238708496,
17,268,1,0.8283020257949829,
17,269,0,0.8161395192146301,
17,269,1,0.8171299695968628,
17,270,0,0.8229822516441345,
17,270,1,0.8285775780677795,
17,271,0,0.8262897729873657,
17,271,1,0.8195609450340271,
17,272,0,0.8261884450912476,
17,272,1,0.8171440362930298,
17,273,0,0.8230700492858887,
17,273,1,0.8230574131011963,
17,274,0,0.8252948522567749,
17,274,1,0.8251782655715942,
17,275,0,0.8230829238891602,
17,275,1,0.8183555603027344,
17,276,0,0.8233317136764526,
17,276,1,0.8259317874908447,
17,277,0,0.8264835476875305,
17,277,1,0.8270421028137207,
17,278,0,0.822561502456665,
17,278,1,0.8246182203292847,
17,279,0,0.827389121055603,
17,279,1,0.8223097324371338,
17,280,0,0.8242059946060181,
17,280,1,0.8203319907188416,
17,281,0,0.8255171775817871,
17,281,1,0.8306334614753723,
17,282,0,0.8237537145614624,
17,282,1,0.8242307901382446,
17,283,0,0.8235864639282227,
17,283,1,0.8271058201789856,
17,284,0,0.8247056007385254,
17,284,1,0.8241956830024719,
17,285,0,0.8244896531105042,
17,285,1,0.8241047859191895,
17,286,0,0.8229626417160034,
17,286,1,0.8256652355194092,
17,287,0,0.8238968253135681,
17,287,1,0.8249106407165527,
17,288,0,0.8208367228507996,
17,288,1,0.822062611579895,
17,289,0,0.8251944780349731,
17,289,1,0.8262631297111511,
17,290,0,0.8220681548118591,
17,290,1,0.8265069127082825,
17,291,0,0.8233317732810974,
17,291,1,0.827061653137207,
17,292,0,0.8255263566970825,
17,292,1,0.8243036866188049,
17,293,0,0.8236788511276245,
17,293,1,0.8285655975341797,
17,294,0,0.8240503072738647,
17,294,1,0.824938178062439,
17,295,0,0.8253499269485474,
17,295,1,0.8260226249694824,
17,296,0,0.8228402733802795,
17,296,1,0.8251063227653503,
17,297,0,0.8216787576675415,
17,297,1,0.823533296585083,
17,298,0,0.8235419988632202,
17,298,1,0.8215841054916382,
17,299,0,0.8258601427078247,
17,299,1,0.8207577466964722,
17,300,0,0.8272634744644165,
17,300,1,0.8263161182403564,
17,301,0,0.8250970244407654,
17,301,1,0.8218286633491516,
17,302,0,0.8235458731651306,
17,302,1,0.8223683834075928,
17,303,0,0.8202136754989624,
17,303,1,0.8205446004867554,
17,304,0,0.823633074760437,
17,304,1,0.8265412449836731,
17,305,0,0.8266018629074097,
17,305,1,0.8228323459625244,
17,306,0,0.8225739002227783,
17,306,1,0.8264429569244385,
17,307,0,0.8254659175872803,
17,307,1,0.8267578482627869,
17,308,0,0.8221179246902466,
17,308,1,0.8252495527267456,
17,309,0,0.8275583386421204,
17,309,1,0.8265872001647949,
17,310,0,0.8213706016540527,
17,310,1,0.8262373208999634,
17,311,0,0.8248131275177002,
17,311,1,0.8218719959259033,
17,312,0,0.8211338520050049,
17,312,1,0.8234736919403076,
17,313,0,0.8248213529586792,
17,313,1,0.8298244476318359,
17,314,0,0.8251017928123474,
17,314,1,0.8263282775878906,
17,315,0,0.8217544555664062,
17,315,1,0.8272473812103271,
17,316,0,0.8243482112884521,
17,316,1,0.8192945718765259,
17,317,0,0.8237545490264893,
17,317,1,0.8232160806655884,
17,318,0,0.8237163424491882,
17,318,1,0.8242884874343872,
17,319,0,0.8238111138343811,
17,319,1,0.8237532377243042,
17,320,0,0.8223601579666138,
17,320,1,0.8201845288276672,
17,321,0,0.8235116600990295,
17,321,1,0.8225749135017395,
17,322,0,0.8243356943130493,
17,322,1,0.8327879905700684,
17,323,0,0.8243938684463501,
17,323,1,0.8168087601661682,
17,324,0,0.8242815732955933,
17,324,1,0.8188968896865845,
17,325,0,0.8266036510467529,
17,325,1,0.8225435018539429,
17,326,0,0.8222218155860901,
17,326,1,0.8257726430892944,
17,327,0,0.8221842646598816,
17,327,1,0.8263011574745178,
17,328,0,0.8253680467605591,
17,328,1,0.8244615793228149,
17,329,0,0.8236075639724731,
17,329,1,0.8308331966400146,
17,330,0,0.8203269243240356,
17,330,1,0.8276036977767944,
17,331,0,0.8224514126777649,
17,331,1,0.821231484413147,
17,332,0,0.8231555223464966,
17,332,1,0.8237533569335938,
17,333,0,0.8258400559425354,
17,333,1,0.8241243362426758,
17,334,0,0.8214040994644165,
17,334,1,0.8126710653305054,
17,335,0,0.8194090127944946,
17,335,1,0.8221303224563599,
17,336,0,0.8219633102416992,
17,336,1,0.8235020041465759,
17,337,0,0.8219419121742249,
17,337,1,0.8265595436096191,
17,338,0,0.8250833749771118,
17,338,1,0.825376570224762,
17,339,0,0.8246995210647583,
17,339,1,0.8285548686981201,
17,340,0,0.8257138729095459,
17,340,1,0.8249149322509766,
17,341,0,0.8225089907646179,
17,341,1,0.8226469159126282,
17,342,0,0.8226892948150635,
17,342,1,0.8222131133079529,
17,343,0,0.8204081058502197,
17,343,1,0.8217533826828003,
17,344,0,0.8240983486175537,
17,344,1,0.8252741098403931,
17,345,0,0.8249963521957397,
17,345,1,0.8231270909309387,
17,346,0,0.8232705593109131,
17,346,1,0.8320450782775879,
17,347,0,0.822231650352478,
17,347,1,0.8261715769767761,
17,348,0,0.8241552114486694,
17,348,1,0.8256574869155884,
17,349,0,0.8269450664520264,
17,349,1,0.8197029232978821,
17,350,0,0.826665997505188,
17,350,1,0.8235419392585754,
17,351,0,0.8236942887306213,
17,351,1,0.8232262134552002,
17,352,0,0.8249123692512512,
17,352,1,0.824094295501709,
17,353,0,0.8238444924354553,
17,353,1,0.8242654800415039,
17,354,0,0.8288584351539612,
17,354,1,0.8274104595184326,
17,355,0,0.8250596523284912,
17,355,1,0.822058379650116,
17,356,0,0.8254990577697754,
17,356,1,0.8270835280418396,
17,357,0,0.826382577419281,
17,357,1,0.8209481239318848,
17,358,0,0.8246776461601257,
17,358,1,0.8287888765335083,
17,359,0,0.8243802189826965,
17,359,1,0.8286057710647583,
17,360,0,0.8232128024101257,
17,360,1,0.8217771053314209,
17,361,0,0.8251867294311523,
17,361,1,0.8311535120010376,
17,362,0,0.8251427412033081,
17,362,1,0.8130595684051514,
17,363,0,0.8237502574920654,
17,363,1,0.8274441361427307,
17,364,0,0.8225018978118896,
17,364,1,0.8200242519378662,
17,365,0,0.8225500583648682,
17,365,1,0.8297398090362549,
17,366,0,0.8247812390327454,
17,366,1,0.827710747718811,
17,367,0,0.8276265263557434,
17,367,1,0.8182397484779358,
17,368,0,0.8239266872406006,
17,368,1,0.8262811899185181,
17,369,0,0.8266513347625732,
17,369,1,0.8267509937286377,
17,370,0,0.8233225345611572,
17,370,1,0.8259634971618652,
17,371,0,0.8239397406578064,
17,371,1,0.8245567679405212,
17,372,0,0.8253397941589355,
17,372,1,0.8227531909942627,
17,373,0,0.8261570930480957,
17,373,1,0.8199805021286011,
17,374,0,0.8224300742149353,
17,374,1,0.8232401609420776,
17,375,0,0.826239824295044,
17,375,1,0.8238517045974731,
17,376,0,0.8233053088188171,
17,376,1,0.8230553865432739,
17,377,0,0.8261940479278564,
17,377,1,0.8228836059570312,
17,378,0,0.8243505954742432,
17,378,1,0.8254080414772034,
17,379,0,0.826032817363739,
17,379,1,0.8240082263946533,
17,380,0,0.8251283168792725,
17,380,1,0.8279551267623901,
17,381,0,0.8252934217453003,
17,381,1,0.8269692659378052,
17,382,0,0.8242986798286438,
17,382,1,0.827612578868866,
17,383,0,0.8227770924568176,
17,383,1,0.8185381293296814,
17,384,0,0.8209714889526367,
17,384,1,0.827113926410675,
17,385,0,0.8237793445587158,
17,385,1,0.8266973495483398,
17,386,0,0.8206665515899658,
17,386,1,0.8299667239189148,
17,387,0,0.823925256729126,
17,387,1,0.8221626281738281,
17,388,0,0.8237664699554443,
17,388,1,0.8174888491630554,
17,389,0,0.8236395120620728,
17,389,1,0.8235445022583008,
17,390,0,0.8254601955413818,
17,390,1,0.8238843083381653,
17,391,0,0.8246294260025024,
17,391,1,0.8296351432800293,
17,392,0,0.8241363167762756,
17,392,1,0.824550986289978,
17,393,0,0.826615571975708,
17,393,1,0.8217772245407104,
17,394,0,0.8249671459197998,
17,394,1,0.8259285092353821,
17,395,0,0.8245955109596252,
17,395,1,0.8291809558868408,
17,396,0,0.8284817337989807,
17,396,1,0.8220311999320984,
17,397,0,0.8242101669311523,
17,397,1,0.8240739107131958,
17,398,0,0.8241055607795715,
17,398,1,0.8218873143196106,
17,399,0,0.8241214156150818,
17,399,1,0.8272642493247986,
17,400,0,0.8256112933158875,
17,400,1,0.8283582329750061,
17,401,0,0.8246415853500366,
17,401,1,0.8221279382705688,
17,402,0,0.8258694410324097,
17,402,1,0.8247208595275879,
17,403,0,0.8240793943405151,
17,403,1,0.8247391581535339,
17,404,0,0.8242583274841309,
17,404,1,0.8271839022636414,
17,405,0,0.8252542018890381,
17,405,1,0.8253258466720581,
17,406,0,0.8255681991577148,
17,406,1,0.8208540081977844,
17,407,0,0.821285605430603,
17,407,1,0.8205196261405945,
17,408,0,0.8215157985687256,
17,408,1,0.8223501443862915,
17,409,0,0.8244540691375732,
17,409,1,0.8210288286209106,
17,410,0,0.8227656483650208,
17,410,1,0.8242191672325134,
17,411,0,0.823422908782959,
17,411,1,0.8288263082504272,
17,412,0,0.8244723677635193,
17,412,1,0.8255125880241394,
17,413,0,0.8250775337219238,
17,413,1,0.8251360058784485,
17,414,0,0.8215956687927246,
17,414,1,0.8248625993728638,
17,415,0,0.8227497339248657,
17,415,1,0.8283345699310303,
17,416,0,0.8243376016616821,
17,416,1,0.8242729306221008,
17,417,0,0.8243687748908997,
17,417,1,0.8245282173156738,
17,418,0,0.8230552673339844,
17,418,1,0.8231506943702698,
17,419,0,0.8228768706321716,
17,419,1,0.8262227773666382,
17,420,0,0.8259217143058777,
17,420,1,0.8221333622932434,
17,421,0,0.8245056867599487,
17,421,1,0.8285120129585266,
17,422,0,0.8265480399131775,
17,422,1,0.8230621218681335,
17,423,0,0.8257389068603516,
17,423,1,0.8267940282821655,
17,424,0,0.8264442682266235,
17,424,1,0.8256751894950867,
17,425,0,0.8229259252548218,
17,425,1,0.8207911849021912,
17,426,0,0.825614333152771,
17,426,1,0.8197383284568787,
17,427,0,0.824507474899292,
17,427,1,0.8259274363517761,
17,428,0,0.8227431774139404,
17,428,1,0.8238667249679565,
17,429,0,0.8246673345565796,
17,429,1,0.8278485536575317,
17,430,0,0.8255924582481384,
17,430,1,0.8250051140785217,
17,431,0,0.8244587779045105,
17,431,1,0.8252569437026978,
17,432,0,0.8246648907661438,
17,432,1,0.8223694562911987,
17,433,0,0.8229743838310242,
17,433,1,0.8234512805938721,
17,434,0,0.8239784836769104,
17,434,1,0.8256617784500122,
17,435,0,0.8232749700546265,
17,435,1,0.8251248598098755,
17,436,0,0.8260119557380676,
17,436,1,0.8279287815093994,
17,437,0,0.8227232694625854,
17,437,1,0.8240562677383423,
17,438,0,0.8257995843887329,
17,438,1,0.8247290849685669,
17,439,0,0.8232920169830322,
17,439,1,0.819533109664917,
17,440,0,0.8248253464698792,
17,440,1,0.8245607018470764,
17,441,0,0.8256713151931763,
17,441,1,0.8188996911048889,
17,442,0,0.8242887854576111,
17,442,1,0.8246495127677917,
17,443,0,0.8209327459335327,
17,443,1,0.8222869634628296,
17,444,0,0.8241252303123474,
17,444,1,0.8192349672317505,
17,445,0,0.8252077102661133,
17,445,1,0.8231418132781982,
17,446,0,0.8222724795341492,
17,446,1,0.8201717138290405,
17,447,0,0.824271559715271,
17,447,1,0.818357527256012,
17,448,0,0.8236207365989685,
17,448,1,0.8252298831939697,
17,449,0,0.8235458135604858,
17,449,1,0.8280592560768127,
17,450,0,0.8228691816329956,
17,450,1,0.8250495791435242,
17,451,0,0.8249954581260681,
17,451,1,0.8161485195159912,
17,452,0,0.8227813839912415,
17,452,1,0.8312074542045593,
17,453,0,0.8269736170768738,
17,453,1,0.8271268606185913,
17,454,0,0.822822093963623,
17,454,1,0.8295525908470154,
17,455,0,0.8235160112380981,
17,455,1,0.8217403888702393,
17,456,0,0.8267059326171875,
17,456,1,0.8265800476074219,
17,457,0,0.8260862231254578,
17,457,1,0.8262249231338501,
17,458,0,0.8243246674537659,
17,458,1,0.8212606906890869,
17,459,0,0.824880838394165,
17,459,1,0.8278768062591553,
17,460,0,0.8215051889419556,
17,460,1,0.8326918482780457,
17,461,0,0.8231777548789978,
17,461,1,0.8211302757263184,
17,462,0,0.8238769769668579,
17,462,1,0.8244566917419434,
17,463,0,0.8221341371536255,
17,463,1,0.8261715769767761,
17,464,0,0.8255316019058228,
17,464,1,0.8263726234436035,
17,465,0,0.8239332437515259,
17,465,1,0.8231408596038818,
17,466,0,0.8244842290878296,
17,466,1,0.82573002576828,
17,467,0,0.8247590065002441,
17,467,1,0.8283970355987549,
17,468,0,0.8260390758514404,
17,468,1,0.825885534286499,
17,469,0,0.8255531787872314,
17,469,1,0.8188756108283997,
17,470,0,0.8255997896194458,
17,470,1,0.8246551752090454,
17,471,0,0.8249844908714294,
17,471,1,0.8293288946151733,
17,472,0,0.8223918676376343,
17,472,1,0.8287366628646851,
17,473,0,0.8259947299957275,
17,473,1,0.8211190700531006,
17,474,0,0.8256576061248779,
17,474,1,0.8268082141876221,
17,475,0,0.826209545135498,
17,475,1,0.8287107348442078,
17,476,0,0.826181948184967,
17,476,1,0.8251652717590332,
17,477,0,0.8251787424087524,
17,477,1,0.8260692358016968,
17,478,0,0.8213997483253479,
17,478,1,0.8241122961044312,
17,479,0,0.823882520198822,
17,479,1,0.826998233795166,
17,480,0,0.8247842788696289,
17,480,1,0.8245113492012024,
17,481,0,0.8260769248008728,
17,481,1,0.8239838480949402,
17,482,0,0.8230355978012085,
17,482,1,0.82319176197052,
17,483,0,0.8259052634239197,
17,483,1,0.8243950605392456,
17,484,0,0.8281143307685852,
17,484,1,0.8265213370323181,
17,485,0,0.8247187733650208,
17,485,1,0.8298681974411011,
17,486,0,0.8249014019966125,
17,486,1,0.8213359117507935,
17,487,0,0.8259252309799194,
17,487,1,0.8220105171203613,
17,488,0,0.824713408946991,
17,488,1,0.8286123871803284,
17,489,0,0.8238474130630493,
17,489,1,0.8254645466804504,
17,490,0,0.8250156044960022,
17,490,1,0.826308012008667,
17,491,0,0.8238661289215088,
17,491,1,0.8244013786315918,
17,492,0,0.8242999315261841,
17,492,1,0.8169753551483154,
17,493,0,0.8242286443710327,
17,493,1,0.823628306388855,
17,494,0,0.8249808549880981,
17,494,1,0.8264397382736206,
17,495,0,0.8234782814979553,
17,495,1,0.8292880058288574,
17,496,0,0.8253078460693359,
17,496,1,0.8246508836746216,
17,497,0,0.8234198093414307,
17,497,1,0.8198876976966858,
17,498,0,0.8234789967536926,
17,498,1,0.8206048011779785,
17,499,0,0.8242924213409424,
17,499,1,0.8284465074539185,
17,500,0,0.8204107284545898,
17,500,1,0.825645923614502,
17,501,0,0.8219966888427734,
17,501,1,0.8228070139884949,
17,502,0,0.8220340609550476,
17,502,1,0.8246050477027893,
17,503,0,0.8250818252563477,
17,503,1,0.8237200975418091,
17,504,0,0.8253690600395203,
17,504,1,0.824652910232544,
17,505,0,0.8237425088882446,
17,505,1,0.8264915943145752,
17,506,0,0.8233547210693359,
17,506,1,0.822425365447998,
17,507,0,0.8248240947723389,
17,507,1,0.8263716697692871,
17,508,0,0.8231127262115479,
17,508,1,0.8231213092803955,
17,509,0,0.8258843421936035,
17,509,1,0.8239729404449463,
17,510,0,0.8250372409820557,
17,510,1,0.824047327041626,
17,511,0,0.8258528709411621,
17,511,1,0.8264293670654297,
17,512,0,0.8236365914344788,
17,512,1,0.8220552206039429,
17,513,0,0.8206634521484375,
17,513,1,0.8265534043312073,
17,514,0,0.8242989778518677,
17,514,1,0.8262578248977661,
17,515,0,0.819320797920227,
17,515,1,0.8278250694274902,
17,516,0,0.8243751525878906,
17,516,1,0.8224043250083923,
17,517,0,0.8208081126213074,
17,517,1,0.824349045753479,
17,518,0,0.8245906829833984,
17,518,1,0.8219772577285767,
17,519,0,0.823488712310791,
17,519,1,0.8275864124298096,
17,520,0,0.8244048357009888,
17,520,1,0.8191008567810059,
17,521,0,0.8249720335006714,
17,521,1,0.8228839635848999,
17,522,0,0.8258437514305115,
17,522,1,0.8219568133354187,
17,523,0,0.8230791687965393,
17,523,1,0.821596086025238,
17,524,0,0.8222512006759644,
17,524,1,0.8226372003555298,
17,525,0,0.8243106603622437,
17,525,1,0.8275642991065979,
17,526,0,0.8225170373916626,
17,526,1,0.82462477684021,
17,527,0,0.8224231004714966,
17,527,1,0.8250828981399536,
17,528,0,0.8239655494689941,
17,528,1,0.8224641680717468,
17,529,0,0.8220037221908569,
17,529,1,0.8269919157028198,
17,530,0,0.8264899849891663,
17,530,1,0.8264502286911011,
17,531,0,0.8263137936592102,
17,531,1,0.8153781890869141,
17,532,0,0.8228182792663574,
17,532,1,0.8210394382476807,
17,533,0,0.8269695043563843,
17,533,1,0.8201302289962769,
17,534,0,0.8207036256790161,
17,534,1,0.8215029835700989,
17,535,0,0.8227160573005676,
17,535,1,0.8268999457359314,
17,536,0,0.8235476016998291,
17,536,1,0.8163995742797852,
17,537,0,0.8234715461730957,
17,537,1,0.8226768970489502,
17,538,0,0.8229858875274658,
17,538,1,0.8255308866500854,
17,539,0,0.8235121369361877,
17,539,1,0.8209724426269531,
17,540,0,0.8244948387145996,
17,540,1,0.8245618343353271,
17,541,0,0.823729395866394,
17,541,1,0.8271152377128601,
17,542,0,0.8268986940383911,
17,542,1,0.826880693435669,
17,543,0,0.8230972290039062,
17,543,1,0.8292067646980286,
17,544,0,0.8213286399841309,
17,544,1,0.8323853015899658,
17,545,0,0.8246229887008667,
17,545,1,0.8229918479919434,
17,546,0,0.8248872756958008,
17,546,1,0.8250724077224731,
17,547,0,0.8231027126312256,
17,547,1,0.8200407028198242,
17,548,0,0.8247752785682678,
17,548,1,0.8259357213973999,
17,549,0,0.8251587152481079,
17,549,1,0.8231090307235718,
17,550,0,0.8256968259811401,
17,550,1,0.8216506242752075,
17,551,0,0.8232491612434387,
17,551,1,0.8218234777450562,
17,552,0,0.8246588110923767,
17,552,1,0.8248511552810669,
17,553,0,0.8239957690238953,
17,553,1,0.8229331374168396,
17,554,0,0.8227193355560303,
17,554,1,0.8280680775642395,
17,555,0,0.825948178768158,
17,555,1,0.8186275362968445,
17,556,0,0.8247116804122925,
17,556,1,0.8275471329689026,
17,557,0,0.8262104392051697,
17,557,1,0.8245377540588379,
17,558,0,0.8226621150970459,
17,558,1,0.8286899328231812,
17,559,0,0.8249374628067017,
17,559,1,0.8273391723632812,
17,560,0,0.8255380988121033,
17,560,1,0.8237030506134033,
17,561,0,0.8223019242286682,
17,561,1,0.815854012966156,
17,562,0,0.8225857019424438,
17,562,1,0.8189931511878967,
17,563,0,0.8204600214958191,
17,563,1,0.827134370803833,
17,564,0,0.8265567421913147,
17,564,1,0.8210203647613525,
17,565,0,0.8235089778900146,
17,565,1,0.8231493234634399,
17,566,0,0.8254895806312561,
17,566,1,0.824894368648529,
17,567,0,0.8231402039527893,
17,567,1,0.8275437355041504,
17,568,0,0.8234883546829224,
17,568,1,0.8229833841323853,
17,569,0,0.8215583562850952,
17,569,1,0.8221423625946045,
17,570,0,0.8223037719726562,
17,570,1,0.8271775841712952,
17,571,0,0.824141263961792,
17,571,1,0.8253834843635559,
17,572,0,0.8273581266403198,
17,572,1,0.8277743458747864,
17,573,0,0.8243449926376343,
17,573,1,0.8163385987281799,
17,574,0,0.8240907788276672,
17,574,1,0.8223093748092651,
17,575,0,0.8237751126289368,
17,575,1,0.8251554369926453,
17,576,0,0.8213927149772644,
17,576,1,0.8266623020172119,
17,577,0,0.82315593957901,
17,577,1,0.8246964812278748,
17,578,0,0.8242024779319763,
17,578,1,0.8264971971511841,
17,579,0,0.8233766555786133,
17,579,1,0.8232250809669495,
17,580,0,0.8230388164520264,
17,580,1,0.8236864805221558,
17,581,0,0.8265513777732849,
17,581,1,0.8271052241325378,
17,582,0,0.8221811056137085,
17,582,1,0.8186346888542175,
17,583,0,0.8256553411483765,
17,583,1,0.820001482963562,
17,584,0,0.8236851692199707,
17,584,1,0.819959282875061,
17,585,0,0.8266104459762573,
17,585,1,0.8235002756118774,
17,586,0,0.8211621046066284,
17,586,1,0.8246504068374634,
17,587,0,0.82394939661026,
17,587,1,0.8230641484260559,
17,588,0,0.8259541988372803,
17,588,1,0.8279785513877869,
17,589,0,0.8246656060218811,
17,589,1,0.8250580430030823,
17,590,0,0.8226494789123535,
17,590,1,0.8217496871948242,
17,591,0,0.8222736716270447,
17,591,1,0.8234026432037354,
17,592,0,0.8269467353820801,
17,592,1,0.823593020439148,
17,593,0,0.8236075639724731,
17,593,1,0.8255347609519958,
17,594,0,0.8230199813842773,
17,594,1,0.8250635862350464,
17,595,0,0.8217552900314331,
17,595,1,0.82033371925354,
17,596,0,0.8251842856407166,
17,596,1,0.8221194744110107,
17,597,0,0.8241318464279175,
17,597,1,0.8280821442604065,
17,598,0,0.824512779712677,
17,598,1,0.8260251879692078,
17,599,0,0.8245754837989807,
17,599,1,0.8314318060874939,
17,600,0,0.8214808106422424,
17,600,1,0.8182847499847412,
17,601,0,0.8226020336151123,
17,601,1,0.8236313462257385,
17,602,0,0.8266791701316833,
17,602,1,0.8213212490081787,
17,603,0,0.8268206715583801,
17,603,1,0.8298912644386292,
17,604,0,0.8253631591796875,
17,604,1,0.8247376680374146,
17,val,,,0.8256394934654235
18,0,0,0.8235578536987305,
18,0,1,0.8294859528541565,
18,1,0,0.827954888343811,
18,1,1,0.8244326114654541,
18,2,0,0.8241375088691711,
18,2,1,0.8303830027580261,
18,3,0,0.8255578875541687,
18,3,1,0.8247438669204712,
18,4,0,0.8223996758460999,
18,4,1,0.8240687251091003,
18,5,0,0.8250887393951416,
18,5,1,0.8218239545822144,
18,6,0,0.8234947919845581,
18,6,1,0.8250258564949036,
18,7,0,0.8240200281143188,
18,7,1,0.8223853707313538,
18,8,0,0.8221299052238464,
18,8,1,0.8189177513122559,
18,9,0,0.8220373392105103,
18,9,1,0.8230791091918945,
18,10,0,0.8216848373413086,
18,10,1,0.8251262903213501,
18,11,0,0.8202790021896362,
18,11,1,0.8204804062843323,
18,12,0,0.8213133811950684,
18,12,1,0.8153913021087646,
18,13,0,0.8262431621551514,
18,13,1,0.8156803846359253,
18,14,0,0.8238584399223328,
18,14,1,0.8225167989730835,
18,15,0,0.8231310844421387,
18,15,1,0.8224645853042603,
18,16,0,0.8221357464790344,
18,16,1,0.8219865560531616,
18,17,0,0.8240950107574463,
18,17,1,0.8205957412719727,
18,18,0,0.8248045444488525,
18,18,1,0.8201689720153809,
18,19,0,0.8195505142211914,
18,19,1,0.8265664577484131,
18,20,0,0.8213043808937073,
18,20,1,0.8205750584602356,
18,21,0,0.8239128589630127,
18,21,1,0.8150464296340942,
18,22,0,0.8241691589355469,
18,22,1,0.8266127109527588,
18,23,0,0.8197386264801025,
18,23,1,0.8252338171005249,
18,24,0,0.8243591785430908,
18,24,1,0.8227308988571167,
18,25,0,0.8195180892944336,
18,25,1,0.8195323944091797,
18,26,0,0.8209190368652344,
18,26,1,0.8224930763244629,
18,27,0,0.8203915953636169,
18,27,1,0.8278687000274658,
18,28,0,0.8185269832611084,
18,28,1,0.8250755071640015,
18,29,0,0.8264930844306946,
18,29,1,0.8195384740829468,
18,30,0,0.8217057585716248,
18,30,1,0.8236998319625854,
18,31,0,0.8215711712837219,
18,31,1,0.8254927396774292,
18,32,0,0.8233327865600586,
18,32,1,0.8244852423667908,
18,33,0,0.8262628316879272,
18,33,1,0.8261874318122864,
18,34,0,0.8246868848800659,
18,34,1,0.8174853324890137,
18,35,0,0.8194006085395813,
18,35,1,0.82542884349823,
18,36,0,0.820588231086731,
18,36,1,0.8252127170562744,
18,37,0,0.8223018050193787,
18,37,1,0.8166841268539429,
18,38,0,0.8212701082229614,
18,38,1,0.8290219306945801,
18,39,0,0.8264830112457275,
18,39,1,0.8262820839881897,
18,40,0,0.827573835849762,
18,40,1,0.819824755191803,
18,41,0,0.8228811621665955,
18,41,1,0.820488691329956,
18,42,0,0.8273831605911255,
18,42,1,0.8218979835510254,
18,43,0,0.8228112459182739,
18,43,1,0.8288256525993347,
18,44,0,0.823201060295105,
18,44,1,0.8288997411727905,
18,45,0,0.8189424276351929,
18,45,1,0.8244622349739075,
18,46,0,0.8225045204162598,
18,46,1,0.8307090997695923,
18,47,0,0.8233296871185303,
18,47,1,0.8209822177886963,
18,48,0,0.823442816734314,
18,48,1,0.8265893459320068,
18,49,0,0.8270161747932434,
18,49,1,0.8258543014526367,
18,50,0,0.823738157749176,
18,50,1,0.826059877872467,
18,51,0,0.8262010216712952,
18,51,1,0.8299139738082886,
18,52,0,0.8254823088645935,
18,52,1,0.8319916129112244,
18,53,0,0.8272334933280945,
18,53,1,0.8260941505432129,
18,54,0,0.8226697444915771,
18,54,1,0.8219515085220337,
18,55,0,0.8251713514328003,
18,55,1,0.8262187838554382,
18,56,0,0.8229343891143799,
18,56,1,0.8295385837554932,
18,57,0,0.8200366497039795,
18,57,1,0.824720025062561,
18,58,0,0.8282240033149719,
18,58,1,0.828528106212616,
18,59,0,0.8250139951705933,
18,59,1,0.8213568329811096,
18,60,0,0.8231781721115112,
18,60,1,0.8269134163856506,
18,61,0,0.8263971209526062,
18,61,1,0.8216894865036011,
18,62,0,0.8236656188964844,
18,62,1,0.8233321905136108,
18,63,0,0.8241097927093506,
18,63,1,0.8238420486450195,
18,64,0,0.824370265007019,
18,64,1,0.8246667981147766,
18,65,0,0.8217712640762329,
18,65,1,0.8297451734542847,
18,66,0,0.8227096796035767,
18,66,1,0.8301188945770264,
18,67,0,0.82501220703125,
18,67,1,0.8230846524238586,
18,68,0,0.8268811702728271,
18,68,1,0.827276885509491,
18,69,0,0.821702241897583,
18,69,1,0.8278093934059143,
18,70,0,0.8231899738311768,
18,70,1,0.823554277420044,
18,71,0,0.826659619808197,
18,71,1,0.8253480792045593,
18,72,0,0.8215247392654419,
18,72,1,0.818591833114624,
18,73,0,0.822671115398407,
18,73,1,0.8306609988212585,
18,74,0,0.8236944675445557,
18,74,1,0.8206452131271362,
18,75,0,0.8251407146453857,
18,75,1,0.8244190216064453,
18,76,0,0.822106122970581,
18,76,1,0.8229462504386902,
18,77,0,0.8227088451385498,
18,77,1,0.8233312368392944,
18,78,0,0.8278900980949402,
18,78,1,0.8258179426193237,
18,79,0,0.820449948310852,
18,79,1,0.8276163339614868,
18,80,0,0.8241739273071289,
18,80,1,0.8252257108688354,
18,81,0,0.8229119181632996,
18,81,1,0.8219469785690308,
18,82,0,0.8220703601837158,
18,82,1,0.8290418386459351,
18,83,0,0.8239766955375671,
18,83,1,0.8232870697975159,
18,84,0,0.8221076130867004,
18,84,1,0.8213916420936584,
18,85,0,0.82415771484375,
18,85,1,0.824491024017334,
18,86,0,0.8232101202011108,
18,86,1,0.8231977820396423,
18,87,0,0.8229693174362183,
18,87,1,0.8232784867286682,
18,88,0,0.8251453638076782,
18,88,1,0.8207935094833374,
18,89,0,0.8251021504402161,
18,89,1,0.8207440376281738,
18,90,0,0.823327898979187,
18,90,1,0.8258123993873596,
18,91,0,0.8242776393890381,
18,91,1,0.8204252123832703,
18,92,0,0.8242434859275818,
18,92,1,0.8244419693946838,
18,93,0,0.8249428868293762,
18,93,1,0.8253723382949829,
18,94,0,0.8256915807723999,
18,94,1,0.8195620775222778,
18,95,0,0.8236031532287598,
18,95,1,0.819905161857605,
18,96,0,0.8237658143043518,
18,96,1,0.8251532316207886,
18,97,0,0.8247324824333191,
18,97,1,0.8197798132896423,
18,98,0,0.8246966600418091,
18,98,1,0.8246473073959351,
18,99,0,0.8254219889640808,
18,99,1,0.8220275044441223,
18,100,0,0.8243006467819214,
18,100,1,0.8239972591400146,
18,101,0,0.8228024244308472,
18,101,1,0.8214312195777893,
18,102,0,0.8223366737365723,
18,102,1,0.8220412731170654,
18,103,0,0.8231430053710938,
18,103,1,0.8204928636550903,
18,104,0,0.8265684843063354,
18,104,1,0.8262550830841064,
18,105,0,0.8230773210525513,
18,105,1,0.8294485807418823,
18,106,0,0.824678897857666,
18,106,1,0.8225060701370239,
18,107,0,0.8251149654388428,
18,107,1,0.8242017030715942,
18,108,0,0.8207083940505981,
18,108,1,0.8263186812400818,
18,109,0,0.8241665363311768,
18,109,1,0.8220841884613037,
18,110,0,0.8248267769813538,
18,110,1,0.8119322061538696,
18,111,0,0.8231151103973389,
18,111,1,0.8261871337890625,
18,112,0,0.8262382745742798,
18,112,1,0.8188046813011169,
18,113,0,0.8264303207397461,
18,113,1,0.8274111747741699,
18,114,0,0.8245651125907898,
18,114,1,0.8267890810966492,
18,115,0,0.82374507188797,
18,115,1,0.830032467842102,
18,116,0,0.8245488405227661,
18,116,1,0.8217562437057495,
18,117,0,0.8213618993759155,
18,117,1,0.8173463344573975,
18,118,0,0.820852518081665,
18,118,1,0.8280823826789856,
18,119,0,0.8270565271377563,
18,119,1,0.8250386118888855,
18,120,0,0.8224227428436279,
18,120,1,0.8251177668571472,
18,121,0,0.822005033493042,
18,121,1,0.8264527320861816,
18,122,0,0.8235961198806763,
18,122,1,0.8234714865684509,
18,123,0,0.8242325782775879,
18,123,1,0.8187499046325684,
18,124,0,0.8228346109390259,
18,124,1,0.8234662413597107,
18,125,0,0.8227750658988953,
18,125,1,0.8208509683609009,
18,126,0,0.8240256309509277,
18,126,1,0.822862982749939,
18,127,0,0.8248058557510376,
18,127,1,0.8262563347816467,
18,128,0,0.8219406604766846,
18,128,1,0.818428635597229,
18,129,0,0.8196017146110535,
18,129,1,0.8245042562484741,
18,130,0,0.8218359351158142,
18,130,1,0.8224302530288696,
18,131,0,0.8234546780586243,
18,131,1,0.824771523475647,
18,132,0,0.824026346206665,
18,132,1,0.8212663531303406,
18,133,0,0.822363018989563,
18,133,1,0.8239531517028809,
18,134,0,0.8240028023719788,
18,134,1,0.815831184387207,
18,135,0,0.8270704746246338,
18,135,1,0.8247295618057251,
18,136,0,0.8222628831863403,
18,136,1,0.8225001096725464,
18,137,0,0.8247474431991577,
18,137,1,0.8228727579116821,
18,138,0,0.8219727873802185,
18,138,1,0.8205996751785278,
18,139,0,0.824653685092926,
18,139,1,0.8307954668998718,
18,140,0,0.8250744938850403,
18,140,1,0.8277746438980103,
18,141,0,0.8215559720993042,
18,141,1,0.8289352655410767,
18,142,0,0.8239837884902954,
18,142,1,0.8266988396644592,
18,143,0,0.824856162071228,
18,143,1,0.8229241967201233,
18,144,0,0.8232744932174683,
18,144,1,0.8212746977806091,
18,145,0,0.8223510980606079,
18,145,1,0.8220105171203613,
18,146,0,0.8248851299285889,
18,146,1,0.8270989656448364,
18,147,0,0.8211166858673096,
18,147,1,0.8224742412567139,
18,148,0,0.8210494518280029,
18,148,1,0.832665205001831,
18,149,0,0.822796642780304,
18,149,1,0.8237115144729614,
18,150,0,0.8250097036361694,
18,150,1,0.8216740489006042,
18,151,0,0.8238850831985474,
18,151,1,0.8229548931121826,
18,152,0,0.8220189213752747,
18,152,1,0.8202200531959534,
18,153,0,0.8244982361793518,
18,153,1,0.8225438594818115,
18,154,0,0.8238136768341064,
18,154,1,0.8238595724105835,
18,155,0,0.8225709199905396,
18,155,1,0.8238579630851746,
18,156,0,0.8243473768234253,
18,156,1,0.827480673789978,
18,157,0,0.8268306255340576,
18,157,1,0.8230301737785339,
18,158,0,0.8258198499679565,
18,158,1,0.8226703405380249,
18,159,0,0.8224636912345886,
18,159,1,0.826788067817688,
18,160,0,0.8209733963012695,
18,160,1,0.8225686550140381,
18,161,0,0.823409914970398,
18,161,1,0.8264240026473999,
18,162,0,0.8240814208984375,
18,162,1,0.8182762861251831,
18,163,0,0.8220645189285278,
18,163,1,0.8276479244232178,
18,164,0,0.8245517015457153,
18,164,1,0.8258321285247803,
18,165,0,0.8208150267601013,
18,165,1,0.8239493370056152,
18,166,0,0.8273001313209534,
18,166,1,0.8298709392547607,
18,167,0,0.8212267160415649,
18,167,1,0.8176127076148987,
18,168,0,0.8259442448616028,
18,168,1,0.822598934173584,
18,169,0,0.8233530521392822,
18,169,1,0.8239139318466187,
18,170,0,0.8220540285110474,
18,170,1,0.8256511688232422,
18,171,0,0.8241245150566101,
18,171,1,0.8184959888458252,
18,172,0,0.8249512314796448,
18,172,1,0.8295217752456665,
18,173,0,0.8233198523521423,
18,173,1,0.8247015476226807,
18,174,0,0.821678876876831,
18,174,1,0.8254978656768799,
18,175,0,0.8280120491981506,
18,175,1,0.8328158259391785,
18,176,0,0.823521614074707,
18,176,1,0.8195800185203552,
18,177,0,0.8254411220550537,
18,177,1,0.8273329734802246,
18,178,0,0.8246163129806519,
18,178,1,0.8288112282752991,
18,179,0,0.8208856582641602,
18,179,1,0.8212077617645264,
18,180,0,0.8257613182067871,
18,180,1,0.8230749368667603,
18,181,0,0.8189721703529358,
18,181,1,0.8271877765655518,
18,182,0,0.8229242563247681,
18,182,1,0.8245803117752075,
18,183,0,0.8239117860794067,
18,183,1,0.8238194584846497,
18,184,0,0.8220828771591187,
18,184,1,0.8192739486694336,
18,185,0,0.8231515884399414,
18,185,1,0.8247798681259155,
18,186,0,0.8200348019599915,
18,186,1,0.8302261829376221,
18,187,0,0.8220277428627014,
18,187,1,0.82467120885849,
18,188,0,0.8198415040969849,
18,188,1,0.8253872990608215,
18,189,0,0.8235725164413452,
18,189,1,0.8259440660476685,
18,190,0,0.8236199021339417,
18,190,1,0.8226813673973083,
18,191,0,0.821354866027832,
18,191,1,0.8188357353210449,
18,192,0,0.8236846923828125,
18,192,1,0.8151947259902954,
18,193,0,0.823996901512146,
18,193,1,0.8249131441116333,
18,194,0,0.8220623135566711,
18,194,1,0.8260916471481323,
18,195,0,0.8242127299308777,
18,195,1,0.8155747652053833,
18,196,0,0.8232924938201904,
18,196,1,0.8198894262313843,
18,197,0,0.8219597339630127,
18,197,1,0.8163977861404419,
18,198,0,0.8249258995056152,
18,198,1,0.8182703256607056,
18,199,0,0.8184336423873901,
18,199,1,0.827201247215271,
18,200,0,0.8239791393280029,
18,200,1,0.8095400929450989,
18,201,0,0.8206417560577393,
18,201,1,0.8300167322158813,
18,202,0,0.8188303709030151,
18,202,1,0.8134386539459229,
18,203,0,0.8205969929695129,
18,203,1,0.8137934803962708,
18,204,0,0.8233125805854797,
18,204,1,0.8207045197486877,
18,205,0,0.8227478861808777,
18,205,1,0.82081139087677,
18,206,0,0.824745774269104,
18,206,1,0.8243575692176819,
18,207,0,0.8196364045143127,
18,207,1,0.8177165985107422,
18,208,0,0.821436882019043,
18,208,1,0.8121764659881592,
18,209,0,0.8249034285545349,
18,209,1,0.8204216957092285,
18,210,0,0.8238868713378906,
18,210,1,0.8307187557220459,
18,211,0,0.825395405292511,
18,211,1,0.8188959360122681,
18,212,0,0.8188590407371521,
18,212,1,0.8261969089508057,
18,213,0,0.8239176273345947,
18,213,1,0.8154540061950684,
18,214,0,0.8235746622085571,
18,214,1,0.8273178339004517,
18,215,0,0.8229263424873352,
18,215,1,0.8235473036766052,
18,216,0,0.8256450891494751,
18,216,1,0.8271040320396423,
18,217,0,0.8182640671730042,
18,217,1,0.8185592889785767,
18,218,0,0.8200650215148926,
18,218,1,0.8166323900222778,
18,219,0,0.8240938186645508,
18,219,1,0.8368699550628662,
18,220,0,0.8251198530197144,
18,220,1,0.8259933590888977,
18,221,0,0.8245866298675537,
18,221,1,0.8274375200271606,
18,222,0,0.8235256671905518,
18,222,1,0.8285003304481506,
18,223,0,0.8216345310211182,
18,223,1,0.8233346939086914,
18,224,0,0.8216956853866577,
18,224,1,0.8240704536437988,
18,225,0,0.8240542411804199,
18,225,1,0.8260225653648376,
18,226,0,0.8219095468521118,
18,226,1,0.8273788094520569,
18,227,0,0.8228747248649597,
18,227,1,0.8166177272796631,
18,228,0,0.8233062028884888,
18,228,1,0.8252407908439636,
18,229,0,0.8249717950820923,
18,229,1,0.8237659335136414,
18,230,0,0.8248816132545471,
18,230,1,0.8164770007133484,
18,231,0,0.823905348777771,
18,231,1,0.8248240351676941,
18,232,0,0.8209563493728638,
18,232,1,0.8219937086105347,
18,233,0,0.8237592577934265,
18,233,1,0.8248305320739746,
18,234,0,0.8262743353843689,
18,234,1,0.8239270448684692,
18,235,0,0.8220549821853638,
18,235,1,0.8174599409103394,
18,236,0,0.8201225996017456,
18,236,1,0.8227608799934387,
18,237,0,0.8237866163253784,
18,237,1,0.8274867534637451,
18,238,0,0.8231993317604065,
18,238,1,0.8343105316162109,
18,239,0,0.8291670083999634,
18,239,1,0.8226887583732605,
18,240,0,0.8230931758880615,
18,240,1,0.8279068470001221,
18,241,0,0.8243060111999512,
18,241,1,0.8263949155807495,
18,242,0,0.8212419152259827,
18,242,1,0.8228833675384521,
18,243,0,0.8232474327087402,
18,243,1,0.8150730729103088,
18,244,0,0.8222365379333496,
18,244,1,0.8300563097000122,
18,245,0,0.8265523314476013,
18,245,1,0.8180163502693176,
18,246,0,0.820178747177124,
18,246,1,0.8262847661972046,
18,247,0,0.8259996175765991,
18,247,1,0.8267430067062378,
18,248,0,0.8256357908248901,
18,248,1,0.8160119652748108,
18,249,0,0.8250845670700073,
18,249,1,0.8237941265106201,
18,250,0,0.8236426115036011,
18,250,1,0.8247425556182861,
18,251,0,0.8238263130187988,
18,251,1,0.8304049372673035,
18,252,0,0.8225947618484497,
18,252,1,0.8290189504623413,
18,253,0,0.8247186541557312,
18,253,1,0.8237850069999695,
18,254,0,0.8225303888320923,
18,254,1,0.831966757774353,
18,255,0,0.824958086013794,
18,255,1,0.8273799419403076,
18,256,0,0.8229082226753235,
18,256,1,0.8237701654434204,
18,257,0,0.8235174417495728,
18,257,1,0.8176831007003784,
18,258,0,0.8234108686447144,
18,258,1,0.8231427073478699,
18,259,0,0.8222324848175049,
18,259,1,0.8272989988327026,
18,260,0,0.82344651222229,
18,260,1,0.822391152381897,
18,261,0,0.822989821434021,
18,261,1,0.8248845338821411,
18,262,0,0.8232003450393677,
18,262,1,0.8186222314834595,
18,263,0,0.82834792137146,
18,263,1,0.8236849308013916,
18,264,0,0.8230879306793213,
18,264,1,0.8212229609489441,
18,265,0,0.8234628438949585,
18,265,1,0.818286657333374,
18,266,0,0.8256765604019165,
18,266,1,0.8193327188491821,
18,267,0,0.8204057216644287,
18,267,1,0.8219116926193237,
18,268,0,0.8219485282897949,
18,268,1,0.8247876763343811,
18,269,0,0.8186391592025757,
18,269,1,0.8194057941436768,
18,270,0,0.8232871294021606,
18,270,1,0.8259238004684448,
18,271,0,0.825438380241394,
18,271,1,0.8206676244735718,
18,272,0,0.8240370750427246,
18,272,1,0.8271321058273315,
18,273,0,0.8243055939674377,
18,273,1,0.8227818012237549,
18,274,0,0.8246114253997803,
18,274,1,0.8297836780548096,
18,275,0,0.8206229209899902,
18,275,1,0.827390193939209,
18,276,0,0.8242553472518921,
18,276,1,0.8230838775634766,
18,277,0,0.8252130746841431,
18,277,1,0.829454779624939,
18,278,0,0.8232846260070801,
18,278,1,0.8191101551055908,
18,279,0,0.8252200484275818,
18,279,1,0.8250978589057922,
18,280,0,0.8234761953353882,
18,280,1,0.826254665851593,
18,281,0,0.8258072137832642,
18,281,1,0.8244041204452515,
18,282,0,0.8224020004272461,
18,282,1,0.8283755779266357,
18,283,0,0.82237309217453,
18,283,1,0.8301371335983276,
18,284,0,0.8231265544891357,
18,284,1,0.8238985538482666,
18,285,0,0.8228763341903687,
18,285,1,0.8244115710258484,
18,286,0,0.823828935623169,
18,286,1,0.8219456672668457,
18,287,0,0.8247145414352417,
18,287,1,0.8249753713607788,
18,288,0,0.8228528499603271,
18,288,1,0.8214430809020996,
18,289,0,0.8255698084831238,
18,289,1,0.8231807947158813,
18,290,0,0.8241903185844421,
18,290,1,0.8223605751991272,
18,291,0,0.8227865099906921,
18,291,1,0.8221615552902222,
18,292,0,0.8251687288284302,
18,292,1,0.8274867534637451,
18,293,0,0.8224438428878784,
18,293,1,0.8224683403968811,
18,294,0,0.822442889213562,
18,294,1,0.8254265785217285,
18,295,0,0.825785756111145,
18,295,1,0.8269894123077393,
18,296,0,0.822655439376831,
18,296,1,0.8237423896789551,
18,297,0,0.8225891590118408,
18,297,1,0.8249778151512146,
18,298,0,0.8214833736419678,
18,298,1,0.8220010995864868,
18,299,0,0.8259424567222595,
18,299,1,0.8237805366516113,
18,300,0,0.8249462842941284,
18,300,1,0.8281100988388062,
18,301,0,0.826539158821106,
18,301,1,0.8248067498207092,
18,302,0,0.8239415287971497,
18,302,1,0.8275660276412964,
18,303,0,0.8212775588035583,
18,303,1,0.819320559501648,
18,304,0,0.8242759704589844,
18,304,1,0.8271642923355103,
18,305,0,0.8229668140411377,
18,305,1,0.8274695873260498,
18,306,0,0.8244020938873291,
18,306,1,0.8235422372817993,
18,307,0,0.8253329396247864,
18,307,1,0.8223872184753418,
18,308,0,0.8221418857574463,
18,308,1,0.8194965124130249,
18,309,0,0.8256709575653076,
18,309,1,0.8236598968505859,
18,310,0,0.8239339590072632,
18,310,1,0.8218824863433838,
18,311,0,0.822095513343811,
18,311,1,0.8285550475120544,
18,312,0,0.8222941160202026,
18,312,1,0.8214541673660278,
18,313,0,0.8226331472396851,
18,313,1,0.8243006467819214,
18,314,0,0.8254951238632202,
18,314,1,0.8249138593673706,
18,315,0,0.8241269588470459,
18,315,1,0.8202236890792847,
18,316,0,0.8227576017379761,
18,316,1,0.8250892162322998,
18,317,0,0.8245662450790405,
18,317,1,0.822547435760498,
18,318,0,0.8246816396713257,
18,318,1,0.8266076445579529,
18,319,0,0.8242039680480957,
18,319,1,0.8238435387611389,
18,320,0,0.8233878016471863,
18,320,1,0.8299753665924072,
18,321,0,0.8218313455581665,
18,321,1,0.820455014705658,
18,322,0,0.8286945223808289,
18,322,1,0.8238714933395386,
18,323,0,0.8225622177124023,
18,323,1,0.8198064565658569,
18,324,0,0.8244301080703735,
18,324,1,0.8163295388221741,
18,325,0,0.8242394328117371,
18,325,1,0.8256752490997314,
18,326,0,0.8240492343902588,
18,326,1,0.8212072253227234,
18,327,0,0.8214049935340881,
18,327,1,0.8248989582061768,
18,328,0,0.8256456851959229,
18,328,1,0.8190981149673462,
18,329,0,0.8266496658325195,
18,329,1,0.8166444897651672,
18,330,0,0.8231441974639893,
18,330,1,0.8260777592658997,
18,331,0,0.8239157795906067,
18,331,1,0.8217946290969849,
18,332,0,0.8240871429443359,
18,332,1,0.8200187683105469,
18,333,0,0.8266215920448303,
18,333,1,0.8212280869483948,
18,334,0,0.8185775279998779,
18,334,1,0.8184397220611572,
18,335,0,0.8218685984611511,
18,335,1,0.8185714483261108,
18,336,0,0.8195035457611084,
18,336,1,0.822702169418335,
18,337,0,0.8212167024612427,
18,337,1,0.8252630829811096,
18,338,0,0.8254681825637817,
18,338,1,0.8169273734092712,
18,339,0,0.8254364728927612,
18,339,1,0.8231999278068542,
18,340,0,0.8249737024307251,
18,340,1,0.8273575305938721,
18,341,0,0.8214906454086304,
18,341,1,0.8307846188545227,
18,342,0,0.8205702304840088,
18,342,1,0.8214354515075684,
18,343,0,0.824310302734375,
18,343,1,0.8200715780258179,
18,344,0,0.8248353600502014,
18,344,1,0.8244438767433167,
18,345,0,0.8227502107620239,
18,345,1,0.8220325708389282,
18,346,0,0.8250105381011963,
18,346,1,0.821994960308075,
18,347,0,0.82404625415802,
18,347,1,0.8218547105789185,
18,348,0,0.8245840668678284,
18,348,1,0.8298142552375793,
18,349,0,0.8277415633201599,
18,349,1,0.818467378616333,
18,350,0,0.8228808641433716,
18,350,1,0.830214262008667,
18,351,0,0.8234705924987793,
18,351,1,0.8259282112121582,
18,352,0,0.8245866298675537,
18,352,1,0.8234941363334656,
18,353,0,0.8235233426094055,
18,353,1,0.8224294781684875,
18,354,0,0.8271388411521912,
18,354,1,0.8286755084991455,
18,355,0,0.8241701722145081,
18,355,1,0.8266591429710388,
18,356,0,0.8251109719276428,
18,356,1,0.8291885256767273,
18,357,0,0.8255785703659058,
18,357,1,0.824363648891449,
18,358,0,0.8265236020088196,
18,358,1,0.8236845135688782,
18,359,0,0.8250215649604797,
18,359,1,0.8298486471176147,
18,360,0,0.8244250416755676,
18,360,1,0.8239944577217102,
18,361,0,0.8250445127487183,
18,361,1,0.822820782661438,
18,362,0,0.824474036693573,
18,362,1,0.8222643733024597,
18,363,0,0.8230926990509033,
18,363,1,0.8275288343429565,
18,364,0,0.8225283026695251,
18,364,1,0.8242135643959045,
18,365,0,0.8224513530731201,
18,365,1,0.8275595307350159,
18,366,0,0.8255224823951721,
18,366,1,0.8298302888870239,
18,367,0,0.8240655064582825,
18,367,1,0.831017017364502,
18,368,0,0.8222911357879639,
18,368,1,0.8216749429702759,
18,369,0,0.8253192901611328,
18,369,1,0.8309392333030701,
18,370,0,0.8267061710357666,
18,370,1,0.8190619945526123,
18,371,0,0.8244551420211792,
18,371,1,0.820778489112854,
18,372,0,0.8252006769180298,
18,372,1,0.8255490064620972,
18,373,0,0.8270533084869385,
18,373,1,0.8190779089927673,
18,374,0,0.8241441249847412,
18,374,1,0.8210991621017456,
18,375,0,0.8256555199623108,
18,375,1,0.8208420872688293,
18,376,0,0.8233435153961182,
18,376,1,0.823233962059021,
18,377,0,0.8256879448890686,
18,377,1,0.8248614072799683,
18,378,0,0.8247107863426208,
18,378,1,0.8226742744445801,
18,379,0,0.8258920907974243,
18,379,1,0.819855809211731,
18,380,0,0.8245290517807007,
18,380,1,0.8255929350852966,
18,381,0,0.8228365182876587,
18,381,1,0.8277764320373535,
18,382,0,0.8252245187759399,
18,382,1,0.8266773223876953,
18,383,0,0.8262059688568115,
18,383,1,0.8195586204528809,
18,384,0,0.8220256567001343,
18,384,1,0.8215591907501221,
18,385,0,0.8245334625244141,
18,385,1,0.8263322114944458,
18,386,0,0.8228275179862976,
18,386,1,0.8230447769165039,
18,387,0,0.823700487613678,
18,387,1,0.8271260261535645,
18,388,0,0.8232241272926331,
18,388,1,0.8273576498031616,
18,389,0,0.8246862888336182,
18,389,1,0.8159990310668945,
18,390,0,0.8253029584884644,
18,390,1,0.8236648440361023,
18,391,0,0.8260127902030945,
18,391,1,0.8234268426895142,
18,392,0,0.8231223225593567,
18,392,1,0.8271254897117615,
18,393,0,0.8264759182929993,
18,393,1,0.822473406791687,
18,394,0,0.8231165409088135,
18,394,1,0.8208832144737244,
18,395,0,0.8258330225944519,
18,395,1,0.824444591999054,
18,396,0,0.82601398229599,
18,396,1,0.8282037377357483,
18,397,0,0.824353039264679,
18,397,1,0.8320382833480835,
18,398,0,0.8226822018623352,
18,398,1,0.8230046033859253,
18,399,0,0.8255000114440918,
18,399,1,0.8282830715179443,
18,400,0,0.8261147141456604,
18,400,1,0.8229225873947144,
18,401,0,0.8253426551818848,
18,401,1,0.830059289932251,
18,402,0,0.8271113634109497,
18,402,1,0.8199031352996826,
18,403,0,0.8249636888504028,
18,403,1,0.8210735321044922,
18,404,0,0.8237746953964233,
18,404,1,0.821121871471405,
18,405,0,0.825140118598938,
18,405,1,0.8227001428604126,
18,406,0,0.8243721723556519,
18,406,1,0.8242636919021606,
18,407,0,0.8216797709465027,
18,407,1,0.8296284079551697,
18,408,0,0.8243729472160339,
18,408,1,0.819669246673584,
18,409,0,0.824263334274292,
18,409,1,0.8246274590492249,
18,410,0,0.8238780498504639,
18,410,1,0.8243587017059326,
18,411,0,0.8247972726821899,
18,411,1,0.8250544667243958,
18,412,0,0.8253853917121887,
18,412,1,0.825718343257904,
18,413,0,0.823814868927002,
18,413,1,0.8230952620506287,
18,414,0,0.822738766670227,
18,414,1,0.8261855244636536,
18,415,0,0.8241190314292908,
18,415,1,0.8184714317321777,
18,416,0,0.824046790599823,
18,416,1,0.8221434354782104,
18,417,0,0.8242124319076538,
18,417,1,0.8199660778045654,
18,418,0,0.8246023058891296,
18,418,1,0.8237993717193604,
18,419,0,0.8253934383392334,
18,419,1,0.8229108452796936,
18,420,0,0.8258805871009827,
18,420,1,0.8285840749740601,
18,421,0,0.8267456889152527,
18,421,1,0.8243674039840698,
18,422,0,0.8249739408493042,
18,422,1,0.8215639591217041,
18,423,0,0.8263890743255615,
18,423,1,0.8254193067550659,
18,424,0,0.8245866894721985,
18,424,1,0.821015477180481,
18,425,0,0.8241141438484192,
18,425,1,0.8226727247238159,
18,426,0,0.8238548636436462,
18,426,1,0.8218526840209961,
18,427,0,0.825771689414978,
18,427,1,0.8225915431976318,
18,428,0,0.8248118162155151,
18,428,1,0.8228838443756104,
18,429,0,0.8252954483032227,
18,429,1,0.8188744187355042,
18,430,0,0.8247427940368652,
18,430,1,0.8227400779724121,
18,431,0,0.8246115446090698,
18,431,1,0.8245537877082825,
18,432,0,0.8240876197814941,
18,432,1,0.8228782415390015,
18,433,0,0.8227146863937378,
18,433,1,0.8275710344314575,
18,434,0,0.8247430324554443,
18,434,1,0.820563793182373,
18,435,0,0.8248271346092224,
18,435,1,0.8206113576889038,
18,436,0,0.8270391225814819,
18,436,1,0.8257321119308472,
18,437,0,0.8227183818817139,
18,437,1,0.827262818813324,
18,438,0,0.8252813220024109,
18,438,1,0.8249874711036682,
18,439,0,0.8206395506858826,
18,439,1,0.8218671083450317,
18,440,0,0.8246275186538696,
18,440,1,0.8257157206535339,
18,441,0,0.8239777088165283,
18,441,1,0.8268524408340454,
18,442,0,0.8229305744171143,
18,442,1,0.8218705654144287,
18,443,0,0.8207308650016785,
18,443,1,0.8173909187316895,
18,444,0,0.8242876529693604,
18,444,1,0.8257712125778198,
18,445,0,0.8246996402740479,
18,445,1,0.8296555280685425,
18,446,0,0.8244969844818115,
18,446,1,0.8231029510498047,
18,447,0,0.820824384689331,
18,447,1,0.8230580687522888,
18,448,0,0.8229449987411499,
18,448,1,0.8173872232437134,
18,449,0,0.8251514434814453,
18,449,1,0.8264697194099426,
18,450,0,0.8241050839424133,
18,450,1,0.82170170545578,
18,451,0,0.8245561718940735,
18,451,1,0.825205385684967,
18,452,0,0.8233224153518677,
18,452,1,0.8240132331848145,
18,453,0,0.8258781433105469,
18,453,1,0.8317399621009827,
18,454,0,0.8264346718788147,
18,454,1,0.816726803779602,
18,455,0,0.8221008777618408,
18,455,1,0.8295948505401611,
18,456,0,0.8209689855575562,
18,456,1,0.8320118188858032,
18,457,0,0.8248699307441711,
18,457,1,0.818122386932373,
18,458,0,0.8230005502700806,
18,458,1,0.8185982704162598,
18,459,0,0.8238134384155273,
18,459,1,0.8302211761474609,
18,460,0,0.8241438269615173,
18,460,1,0.8236302733421326,
18,461,0,0.8220717906951904,
18,461,1,0.8227012157440186,
18,462,0,0.8259636759757996,
18,462,1,0.8232939839363098,
18,463,0,0.8220721483230591,
18,463,1,0.8235670924186707,
18,464,0,0.8250372409820557,
18,464,1,0.824977457523346,
18,465,0,0.8258354663848877,
18,465,1,0.8240361213684082,
18,466,0,0.8227553367614746,
18,466,1,0.8306732177734375,
18,467,0,0.8241146802902222,
18,467,1,0.8247737884521484,
18,468,0,0.8274500966072083,
18,468,1,0.8203592300415039,
18,469,0,0.822234034538269,
18,469,1,0.8254891633987427,
18,470,0,0.8252345323562622,
18,470,1,0.8259849548339844,
18,471,0,0.8238773345947266,
18,471,1,0.822823703289032,
18,472,0,0.825761079788208,
18,472,1,0.8244845867156982,
18,473,0,0.8239728212356567,
18,473,1,0.8260064721107483,
18,474,0,0.8261157274246216,
18,474,1,0.8254339694976807,
18,475,0,0.8258546590805054,
18,475,1,0.826327919960022,
18,476,0,0.825351357460022,
18,476,1,0.8328736424446106,
18,477,0,0.8253767490386963,
18,477,1,0.8226527571678162,
18,478,0,0.8227050304412842,
18,478,1,0.8239476680755615,
18,479,0,0.8223245143890381,
18,479,1,0.822251558303833,
18,480,0,0.825068473815918,
18,480,1,0.8168507814407349,
18,481,0,0.8276075124740601,
18,481,1,0.8254919648170471,
18,482,0,0.8244697451591492,
18,482,1,0.8259007930755615,
18,483,0,0.8254381418228149,
18,483,1,0.8190655708312988,
18,484,0,0.8262925148010254,
18,484,1,0.8307847380638123,
18,485,0,0.8238128423690796,
18,485,1,0.8305432796478271,
18,486,0,0.8260190486907959,
18,486,1,0.8200218677520752,
18,487,0,0.8237043619155884,
18,487,1,0.8252452611923218,
18,488,0,0.8255916237831116,
18,488,1,0.8274348974227905,
18,489,0,0.8217391967773438,
18,489,1,0.8332040309906006,
18,490,0,0.8255329132080078,
18,490,1,0.8232840299606323,
18,491,0,0.8236652612686157,
18,491,1,0.8200690150260925,
18,492,0,0.8233286142349243,
18,492,1,0.8222712278366089,
18,493,0,0.8232719302177429,
18,493,1,0.8264772891998291,
18,494,0,0.8249630928039551,
18,494,1,0.8230108022689819,
18,495,0,0.8205703496932983,
18,495,1,0.8299344182014465,
18,496,0,0.8271771669387817,
18,496,1,0.8232743740081787,
18,497,0,0.8224178552627563,
18,497,1,0.824148416519165,
18,498,0,0.8257770538330078,
18,498,1,0.8179014921188354,
18,499,0,0.8287013173103333,
18,499,1,0.8261595964431763,
18,500,0,0.8209391236305237,
18,500,1,0.8225535750389099,
18,501,0,0.8246765732765198,
18,501,1,0.8283864259719849,
18,502,0,0.8230074644088745,
18,502,1,0.8290297985076904,
18,503,0,0.8252304196357727,
18,503,1,0.8298022747039795,
18,504,0,0.823155403137207,
18,504,1,0.8297393918037415,
18,505,0,0.8262313604354858,
18,505,1,0.822205662727356,
18,506,0,0.8242248296737671,
18,506,1,0.8240765333175659,
18,507,0,0.8255754113197327,
18,507,1,0.8282684683799744,
18,508,0,0.8197506666183472,
18,508,1,0.8236275315284729,
18,509,0,0.8254335522651672,
18,509,1,0.8221229910850525,
18,510,0,0.8251892924308777,
18,510,1,0.8258852958679199,
18,511,0,0.8281471729278564,
18,511,1,0.8230818510055542,
18,512,0,0.8235430717468262,
18,512,1,0.8181396722793579,
18,513,0,0.8216901421546936,
18,513,1,0.820909857749939,
18,514,0,0.8223124742507935,
18,514,1,0.8286784291267395,
18,515,0,0.8219742774963379,
18,515,1,0.8262932300567627,
18,516,0,0.8260071277618408,
18,516,1,0.8240042924880981,
18,517,0,0.8223847150802612,
18,517,1,0.8215533494949341,
18,518,0,0.8225761651992798,
18,518,1,0.8224387168884277,
18,519,0,0.8230400085449219,
18,519,1,0.8246691823005676,
18,520,0,0.8219623565673828,
18,520,1,0.8303055763244629,
18,521,0,0.8248797059059143,
18,521,1,0.8199458122253418,
18,522,0,0.8245441317558289,
18,522,1,0.8267699480056763,
18,523,0,0.8233317136764526,
18,523,1,0.8205909132957458,
18,524,0,0.8238839507102966,
18,524,1,0.8167482614517212,
18,525,0,0.822449803352356,
18,525,1,0.8222372531890869,
18,526,0,0.8238242864608765,
18,526,1,0.8204108476638794,
18,527,0,0.8232980966567993,
18,527,1,0.8296161890029907,
18,528,0,0.825455904006958,
18,528,1,0.8198487758636475,
18,529,0,0.8234913349151611,
18,529,1,0.8196505308151245,
18,530,0,0.826306164264679,
18,530,1,0.8250777721405029,
18,531,0,0.824884295463562,
18,531,1,0.8155002593994141,
18,532,0,0.8227846026420593,
18,532,1,0.8209637403488159,
18,533,0,0.8233051300048828,
18,533,1,0.8271905183792114,
18,534,0,0.8234028220176697,
18,534,1,0.8232002258300781,
18,535,0,0.8233544230461121,
18,535,1,0.8236136436462402,
18,536,0,0.824142336845398,
18,536,1,0.8162936568260193,
18,537,0,0.8249279260635376,
18,537,1,0.8246360421180725,
18,538,0,0.8217688798904419,
18,538,1,0.8284679651260376,
18,539,0,0.8235683441162109,
18,539,1,0.8203994631767273,
18,540,0,0.8222255706787109,
18,540,1,0.8269857168197632,
18,541,0,0.825013279914856,
18,541,1,0.825065553188324,
18,542,0,0.8278723955154419,
18,542,1,0.827489972114563,
18,543,0,0.8241098523139954,
18,543,1,0.8238261938095093,
18,544,0,0.8216995596885681,
18,544,1,0.8277398347854614,
18,545,0,0.8242778182029724,
18,545,1,0.8173347115516663,
18,546,0,0.8249055743217468,
18,546,1,0.8292773365974426,
18,547,0,0.8203490972518921,
18,547,1,0.8291687369346619,
18,548,0,0.8271498680114746,
18,548,1,0.8260626196861267,
18,549,0,0.8261120319366455,
18,549,1,0.8236168026924133,
18,550,0,0.8244751691818237,
18,550,1,0.8241466879844666,
18,551,0,0.8257299661636353,
18,551,1,0.8228776454925537,
18,552,0,0.8234412670135498,
18,552,1,0.8266063332557678,
18,553,0,0.8221230506896973,
18,553,1,0.8254998326301575,
18,554,0,0.8226358890533447,
18,554,1,0.8255899548530579,
18,555,0,0.8250482678413391,
18,555,1,0.8232722282409668,
18,556,0,0.8259603977203369,
18,556,1,0.8231382369995117,
18,557,0,0.826631486415863,
18,557,1,0.8254733085632324,
18,558,0,0.8246992826461792,
18,558,1,0.8219146132469177,
18,559,0,0.8228223919868469,
18,559,1,0.8226475715637207,
18,560,0,0.8262753486633301,
18,560,1,0.8236441612243652,
18,561,0,0.8213861584663391,
18,561,1,0.8215411901473999,
18,562,0,0.8228610754013062,
18,562,1,0.8256654739379883,
18,563,0,0.8217538595199585,
18,563,1,0.818800687789917,
18,564,0,0.8237299919128418,
18,564,1,0.8230358362197876,
18,565,0,0.8241012096405029,
18,565,1,0.8253813982009888,
18,566,0,0.8269844651222229,
18,566,1,0.819890022277832,
18,567,0,0.823865532875061,
18,567,1,0.818049967288971,
18,568,0,0.8233347535133362,
18,568,1,0.8230743408203125,
18,569,0,0.8234057426452637,
18,569,1,0.8139907121658325,
18,570,0,0.8247705698013306,
18,570,1,0.820536196231842,
18,571,0,0.821631669998169,
18,571,1,0.8246073722839355,
18,572,0,0.825016438961029,
18,572,1,0.8322728276252747,
18,573,0,0.8234201669692993,
18,573,1,0.825016975402832,
18,574,0,0.8228234052658081,
18,574,1,0.8269761204719543,
18,575,0,0.8235548734664917,
18,575,1,0.8246077299118042,
18,576,0,0.8249034881591797,
18,576,1,0.8165959119796753,
18,577,0,0.8238828182220459,
18,577,1,0.8191033005714417,
18,578,0,0.8229639530181885,
18,578,1,0.8233720660209656,
18,579,0,0.8237230181694031,
18,579,1,0.8202264308929443,
18,580,0,0.8231287002563477,
18,580,1,0.8209426403045654,
18,581,0,0.8258041739463806,
18,581,1,0.8242529034614563,
18,582,0,0.8234378695487976,
18,582,1,0.8191571831703186,
18,583,0,0.8242851495742798,
18,583,1,0.8209229707717896,
18,584,0,0.8227128982543945,
18,584,1,0.825644850730896,
18,585,0,0.8257178664207458,
18,585,1,0.820634126663208,
18,586,0,0.8213462829589844,
18,586,1,0.816329300403595,
18,587,0,0.8219249248504639,
18,587,1,0.8204113245010376,
18,588,0,0.8243799209594727,
18,588,1,0.8250925540924072,
18,589,0,0.8231557607650757,
18,589,1,0.826492428779602,
18,590,0,0.824465811252594,
18,590,1,0.8148638010025024,
18,591,0,0.8228062391281128,
18,591,1,0.8239446878433228,
18,592,0,0.8249208927154541,
18,592,1,0.8243381977081299,
18,593,0,0.8233892917633057,
18,593,1,0.818030595779419,
18,594,0,0.8245062828063965,
18,594,1,0.8221442699432373,
18,595,0,0.8222699165344238,
18,595,1,0.8239082098007202,
18,596,0,0.8251321315765381,
18,596,1,0.8205569982528687,
18,597,0,0.8248233795166016,
18,597,1,0.8251669406890869,
18,598,0,0.823847234249115,
18,598,1,0.824751615524292,
18,599,0,0.8262009024620056,
18,599,1,0.8278712034225464,
18,600,0,0.8223104476928711,
18,600,1,0.8287808895111084,
18,601,0,0.8227626085281372,
18,601,1,0.826644778251648,
18,602,0,0.8253685235977173,
18,602,1,0.8306991457939148,
18,603,0,0.8275477290153503,
18,603,1,0.829510509967804,
18,604,0,0.826026201248169,
18,604,1,0.8269789218902588,
18,val,,,0.825530260403951
19,0,0,0.8247917294502258,
19,0,1,0.8277076482772827,
19,1,0,0.8284832835197449,
19,1,1,0.8201695680618286,
19,2,0,0.8261182308197021,
19,2,1,0.8244410157203674,
19,3,0,0.82664954662323,
19,3,1,0.8258413076400757,
19,4,0,0.8247054219245911,
19,4,1,0.8204129934310913,
19,5,0,0.8259480595588684,
19,5,1,0.8222476840019226,
19,6,0,0.8245995044708252,
19,6,1,0.823479175567627,
19,7,0,0.8209937214851379,
19,7,1,0.8259735703468323,
19,8,0,0.8186624050140381,
19,8,1,0.824952244758606,
19,9,0,0.8204649686813354,
19,9,1,0.8212401270866394,
19,10,0,0.8214366436004639,
19,10,1,0.8186965584754944,
19,11,0,0.8214052319526672,
19,11,1,0.8210381269454956,
19,12,0,0.8185774683952332,
19,12,1,0.8247948884963989,
19,13,0,0.8265387415885925,
19,13,1,0.8139652013778687,
19,14,0,0.8246361017227173,
19,14,1,0.8211084604263306,
19,15,0,0.8225200772285461,
19,15,1,0.8184268474578857,
19,16,0,0.8228287696838379,
19,16,1,0.8258562088012695,
19,17,0,0.8227589130401611,
19,17,1,0.8249965906143188,
19,18,0,0.8239862322807312,
19,18,1,0.8258591890335083,
19,19,0,0.8226807713508606,
19,19,1,0.8200196623802185,
19,20,0,0.8213051557540894,
19,20,1,0.8245834708213806,
19,21,0,0.8233100175857544,
19,21,1,0.8262169361114502,
19,22,0,0.8261409997940063,
19,22,1,0.8189105987548828,
19,23,0,0.8203071355819702,
19,23,1,0.8238540291786194,
19,24,0,0.8232499957084656,
19,24,1,0.8231551051139832,
19,25,0,0.8187801837921143,
19,25,1,0.8170722126960754,
19,26,0,0.8194063901901245,
19,26,1,0.8168768286705017,
19,27,0,0.8207949995994568,
19,27,1,0.8244311213493347,
19,28,0,0.819641649723053,
19,28,1,0.8175152540206909,
19,29,0,0.8254897594451904,
19,29,1,0.8296236991882324,
19,30,0,0.8169595003128052,
19,30,1,0.8291775584220886,
19,31,0,0.8212578296661377,
19,31,1,0.8243367075920105,
19,32,0,0.8194870948791504,
19,32,1,0.8215916752815247,
19,33,0,0.8259563446044922,
19,33,1,0.8231651782989502,
19,34,0,0.8220003843307495,
19,34,1,0.8257961273193359,
19,35,0,0.8190500736236572,
19,35,1,0.8224703669548035,
19,36,0,0.8220221400260925,
19,36,1,0.8186153173446655,
19,37,0,0.8223728537559509,
19,37,1,0.8210493326187134,
19,38,0,0.8211377263069153,
19,38,1,0.8232516050338745,
19,39,0,0.8273318409919739,
19,39,1,0.8252989053726196,
19,40,0,0.8247300386428833,
19,40,1,0.8218995332717896,
19,41,0,0.8264946937561035,
19,41,1,0.8198405504226685,
19,42,0,0.8259570598602295,
19,42,1,0.82109534740448,
19,43,0,0.8235110640525818,
19,43,1,0.8250007629394531,
19,44,0,0.8260535597801208,
19,44,1,0.8213361501693726,
19,45,0,0.819409966468811,
19,45,1,0.823432207107544,
19,46,0,0.8240207433700562,
19,46,1,0.829064667224884,
19,47,0,0.8204159736633301,
19,47,1,0.82785964012146,
19,48,0,0.8246955871582031,
19,48,1,0.8184571266174316,
19,49,0,0.8267623782157898,
19,49,1,0.8267180919647217,
19,50,0,0.8228726387023926,
19,50,1,0.8227765560150146,
19,51,0,0.825874388217926,
19,51,1,0.8247454166412354,
19,52,0,0.8276659250259399,
19,52,1,0.8280099034309387,
19,53,0,0.8276989459991455,
19,53,1,0.8230373859405518,
19,54,0,0.8230298757553101,
19,54,1,0.8197538256645203,
19,55,0,0.8272328972816467,
19,55,1,0.8215086460113525,
19,56,0,0.8257506489753723,
19,56,1,0.8251056671142578,
19,57,0,0.8219023942947388,
19,57,1,0.8215395212173462,
19,58,0,0.8268845081329346,
19,58,1,0.8263055682182312,
19,59,0,0.8254086375236511,
19,59,1,0.8250491619110107,
19,60,0,0.8266318440437317,
19,60,1,0.8239784836769104,
19,61,0,0.8264904618263245,
19,61,1,0.8194172382354736,
19,62,0,0.8249119520187378,
19,62,1,0.8248946070671082,
19,63,0,0.8228719830513,
19,63,1,0.8272034525871277,
19,64,0,0.8237532377243042,
19,64,1,0.8270493149757385,
19,65,0,0.8244819045066833,
19,65,1,0.8271093368530273,
19,66,0,0.8232139348983765,
19,66,1,0.8259499073028564,
19,67,0,0.8243216276168823,
19,67,1,0.8235458135604858,
19,68,0,0.8251637816429138,
19,68,1,0.8272018432617188,
19,69,0,0.8250184059143066,
19,69,1,0.8160579204559326,
19,70,0,0.8245608806610107,
19,70,1,0.8190317749977112,
19,71,0,0.8253254890441895,
19,71,1,0.8235828876495361,
19,72,0,0.8225464820861816,
19,72,1,0.8223587274551392,
19,73,0,0.8234416246414185,
19,73,1,0.8223881721496582,
19,74,0,0.8245545625686646,
19,74,1,0.8220292329788208,
19,75,0,0.8248517513275146,
19,75,1,0.8231290578842163,
19,76,0,0.8230329751968384,
19,76,1,0.8213337659835815,
19,77,0,0.8216130137443542,
19,77,1,0.8249649405479431,
19,78,0,0.8285156488418579,
19,78,1,0.8262613415718079,
19,79,0,0.8236433267593384,
19,79,1,0.8252378106117249,
19,80,0,0.8248386383056641,
19,80,1,0.8231378793716431,
19,81,0,0.8235758543014526,
19,81,1,0.8254355192184448,
19,82,0,0.8243482708930969,
19,82,1,0.8212258219718933,
19,83,0,0.8256222605705261,
19,83,1,0.820948600769043,
19,84,0,0.819931149482727,
19,84,1,0.8214319944381714,
19,85,0,0.8238091468811035,
19,85,1,0.8244911432266235,
19,86,0,0.8229018449783325,
19,86,1,0.825965166091919,
19,87,0,0.8235385417938232,
19,87,1,0.8276917934417725,
19,88,0,0.8233029246330261,
19,88,1,0.8230630159378052,
19,89,0,0.823199450969696,
19,89,1,0.8248217701911926,
19,90,0,0.824130654335022,
19,90,1,0.8269349336624146,
19,91,0,0.8241771459579468,
19,91,1,0.8274735808372498,
19,92,0,0.8236976265907288,
19,92,1,0.8254280090332031,
19,93,0,0.8206667900085449,
19,93,1,0.8319393396377563,
19,94,0,0.8257073760032654,
19,94,1,0.8261629939079285,
19,95,0,0.8221881985664368,
19,95,1,0.8244909644126892,
19,96,0,0.8227370977401733,
19,96,1,0.8285859823226929,
19,97,0,0.8217721581459045,
19,97,1,0.8335170149803162,
19,98,0,0.8246979713439941,
19,98,1,0.8218517899513245,
19,99,0,0.824432373046875,
19,99,1,0.8220071792602539,
19,100,0,0.823405385017395,
19,100,1,0.8262741565704346,
19,101,0,0.8233340382575989,
19,101,1,0.8193731307983398,
19,102,0,0.8230125904083252,
19,102,1,0.8231251239776611,
19,103,0,0.824600338935852,
19,103,1,0.8257008790969849,
19,104,0,0.8254855871200562,
19,104,1,0.822117269039154,
19,105,0,0.8239849805831909,
19,105,1,0.8302232027053833,
19,106,0,0.8238577246665955,
19,106,1,0.8222305774688721,
19,107,0,0.8260272741317749,
19,107,1,0.8243696689605713,
19,108,0,0.8220829963684082,
19,108,1,0.8187819719314575,
19,109,0,0.8234905004501343,
19,109,1,0.8265082836151123,
19,110,0,0.8225815892219543,
19,110,1,0.8237663507461548,
19,111,0,0.8244119882583618,
19,111,1,0.8262823820114136,
19,112,0,0.8224789500236511,
19,112,1,0.8281389474868774,
19,113,0,0.8261909484863281,
19,113,1,0.82872474193573,
19,114,0,0.8279492855072021,
19,114,1,0.8198336958885193,
19,115,0,0.8244001865386963,
19,115,1,0.8281540274620056,
19,116,0,0.8237057328224182,
19,116,1,0.8214032053947449,
19,117,0,0.8241672515869141,
19,117,1,0.8138647079467773,
19,118,0,0.8231624364852905,
19,118,1,0.823649525642395,
19,119,0,0.8242578506469727,
19,119,1,0.8273845911026001,
19,120,0,0.8228759765625,
19,120,1,0.8223695158958435,
19,121,0,0.8235064744949341,
19,121,1,0.8216553330421448,
19,122,0,0.8247095346450806,
19,122,1,0.8169622421264648,
19,123,0,0.8208397030830383,
19,123,1,0.822504460811615,
19,124,0,0.822812557220459,
19,124,1,0.8223811388015747,
19,125,0,0.8217476606369019,
19,125,1,0.822844386100769,
19,126,0,0.8228043913841248,
19,126,1,0.825350284576416,
19,127,0,0.8233707547187805,
19,127,1,0.8251644968986511,
19,128,0,0.8206059336662292,
19,128,1,0.8198176622390747,
19,129,0,0.8204858303070068,
19,129,1,0.8275315761566162,
19,130,0,0.8216079473495483,
19,130,1,0.8197472095489502,
19,131,0,0.8227933049201965,
19,131,1,0.830829918384552,
19,132,0,0.8221635222434998,
19,132,1,0.8238409757614136,
19,133,0,0.8221417665481567,
19,133,1,0.8247489929199219,
19,134,0,0.8222780227661133,
19,134,1,0.8285967111587524,
19,135,0,0.8253980875015259,
19,135,1,0.8270338177680969,
19,136,0,0.8244686126708984,
19,136,1,0.8237303495407104,
19,137,0,0.824455738067627,
19,137,1,0.8272829055786133,
19,138,0,0.8207239508628845,
19,138,1,0.8223901987075806,
19,139,0,0.823582649230957,
19,139,1,0.8310891389846802,
19,140,0,0.8256075382232666,
19,140,1,0.8274708986282349,
19,141,0,0.820755124092102,
19,141,1,0.8262755870819092,
19,142,0,0.8268381953239441,
19,142,1,0.8198642730712891,
19,143,0,0.8253953456878662,
19,143,1,0.8230026960372925,
19,144,0,0.8222256302833557,
19,144,1,0.8234471082687378,
19,145,0,0.8230335712432861,
19,145,1,0.8204559087753296,
19,146,0,0.826271653175354,
19,146,1,0.821786105632782,
19,147,0,0.8225780725479126,
19,147,1,0.8251364827156067,
19,148,0,0.8234246373176575,
19,148,1,0.8252543807029724,
19,149,0,0.8194200992584229,
19,149,1,0.8302804231643677,
19,150,0,0.8231457471847534,
19,150,1,0.827470600605011,
19,151,0,0.8240277171134949,
19,151,1,0.8247566819190979,
19,152,0,0.8240820169448853,
19,152,1,0.8149712085723877,
19,153,0,0.822630763053894,
19,153,1,0.8254610300064087,
19,154,0,0.8236418962478638,
19,154,1,0.825211763381958,
19,155,0,0.8226989507675171,
19,155,1,0.8230342864990234,
19,156,0,0.8224354982376099,
19,156,1,0.828490674495697,
19,157,0,0.8261467814445496,
19,157,1,0.8288933634757996,
19,158,0,0.8276194334030151,
19,158,1,0.8234285116195679,
19,159,0,0.8243012428283691,
19,159,1,0.8165159225463867,
19,160,0,0.8191674947738647,
19,160,1,0.8229830861091614,
19,161,0,0.8243752717971802,
19,161,1,0.8211777806282043,
19,162,0,0.819336473941803,
19,162,1,0.8283106684684753,
19,163,0,0.8215724229812622,
19,163,1,0.8305104970932007,
19,164,0,0.825136661529541,
19,164,1,0.822685182094574,
19,165,0,0.8224700093269348,
19,165,1,0.8224759697914124,
19,166,0,0.8266290426254272,
19,166,1,0.8296148777008057,
19,167,0,0.8221086263656616,
19,167,1,0.8241649866104126,
19,168,0,0.8246129155158997,
19,168,1,0.823167622089386,
19,169,0,0.8200058341026306,
19,169,1,0.8254150748252869,
19,170,0,0.8234209418296814,
19,170,1,0.8225682973861694,
19,171,0,0.8222231268882751,
19,171,1,0.8239585757255554,
19,172,0,0.8243049383163452,
19,172,1,0.8280957341194153,
19,173,0,0.8229339122772217,
19,173,1,0.8266907930374146,
19,174,0,0.821391224861145,
19,174,1,0.8251633644104004,
19,175,0,0.8262643218040466,
19,175,1,0.826519250869751,
19,176,0,0.8228899240493774,
19,176,1,0.8165041208267212,
19,177,0,0.8255730867385864,
19,177,1,0.822658360004425,
19,178,0,0.8231834769248962,
19,178,1,0.8220686912536621,
19,179,0,0.8230823278427124,
19,179,1,0.8173024654388428,
19,180,0,0.8236624598503113,
19,180,1,0.8246495723724365,
19,181,0,0.8202284574508667,
19,181,1,0.8189553022384644,
19,182,0,0.8230167031288147,
19,182,1,0.8245923519134521,
19,183,0,0.8251269459724426,
19,183,1,0.829459547996521,
19,184,0,0.819868803024292,
19,184,1,0.8234574794769287,
19,185,0,0.8239433765411377,
19,185,1,0.8220559358596802,
19,186,0,0.8214290142059326,
19,186,1,0.8273622393608093,
19,187,0,0.8243054151535034,
19,187,1,0.8158634901046753,
19,188,0,0.8193283081054688,
19,188,1,0.8255218267440796,
19,189,0,0.8239151239395142,
19,189,1,0.8256770372390747,
19,190,0,0.8228598237037659,
19,190,1,0.8228397965431213,
19,191,0,0.8231455087661743,
19,191,1,0.8251868486404419,
19,192,0,0.8223371505737305,
19,192,1,0.8184161186218262,
19,193,0,0.8234207630157471,
19,193,1,0.8218623399734497,
19,194,0,0.8196767568588257,
19,194,1,0.8272430300712585,
19,195,0,0.8253097534179688,
19,195,1,0.8235705494880676,
19,196,0,0.8186553120613098,
19,196,1,0.8257521390914917,
19,197,0,0.8189797401428223,
19,197,1,0.8247580528259277,
19,198,0,0.8203705549240112,
19,198,1,0.8276821970939636,
19,199,0,0.8205504417419434,
19,199,1,0.8198239803314209,
19,200,0,0.8200438022613525,
19,200,1,0.8279337882995605,
19,201,0,0.8207972049713135,
19,201,1,0.8248655796051025,
19,202,0,0.8185778856277466,
19,202,1,0.8194037675857544,
19,203,0,0.8198357224464417,
19,203,1,0.8212831616401672,
19,204,0,0.8209022879600525,
19,204,1,0.8203389048576355,
19,205,0,0.8205348253250122,
19,205,1,0.8250432014465332,
19,206,0,0.8227503299713135,
19,206,1,0.8233692049980164,
19,207,0,0.8209665417671204,
19,207,1,0.8235865235328674,
19,208,0,0.8193191289901733,
19,208,1,0.820537269115448,
19,209,0,0.8228092789649963,
19,209,1,0.8214022517204285,
19,210,0,0.826069712638855,
19,210,1,0.8218463659286499,
19,211,0,0.8275389671325684,
19,211,1,0.8140363693237305,
19,212,0,0.8207181692123413,
19,212,1,0.8150594234466553,
19,213,0,0.8211902976036072,
19,213,1,0.8166722059249878,
19,214,0,0.8233578205108643,
19,214,1,0.8156392574310303,
19,215,0,0.8224645853042603,
19,215,1,0.820499837398529,
19,216,0,0.8256624341011047,
19,216,1,0.8341467380523682,
19,217,0,0.820116400718689,
19,217,1,0.8148443698883057,
19,218,0,0.8237411975860596,
19,218,1,0.8145859241485596,
19,219,0,0.827470064163208,
19,219,1,0.8274960517883301,
19,220,0,0.8261823058128357,
19,220,1,0.8243162631988525,
19,221,0,0.8253182768821716,
19,221,1,0.8218351602554321,
19,222,0,0.8260700702667236,
19,222,1,0.8210002183914185,
19,223,0,0.8229602575302124,
19,223,1,0.8190097212791443,
19,224,0,0.826335072517395,
19,224,1,0.8227165937423706,
19,225,0,0.8252074122428894,
19,225,1,0.831307053565979,
19,226,0,0.821153461933136,
19,226,1,0.8235790133476257,
19,227,0,0.8227276802062988,
19,227,1,0.8169277906417847,
19,228,0,0.8240411281585693,
19,228,1,0.8295087814331055,
19,229,0,0.8244286775588989,
19,229,1,0.8202832937240601,
19,230,0,0.8225786685943604,
19,230,1,0.8205021619796753,
19,231,0,0.8222873210906982,
19,231,1,0.8293325901031494,
19,232,0,0.8201303482055664,
19,232,1,0.8211321830749512,
19,233,0,0.8214095830917358,
19,233,1,0.8279834389686584,
19,234,0,0.8262045979499817,
19,234,1,0.8260294198989868,
19,235,0,0.8209401369094849,
19,235,1,0.8308249711990356,
19,236,0,0.8233745098114014,
19,236,1,0.8181971311569214,
19,237,0,0.8243609070777893,
19,237,1,0.8189285397529602,
19,238,0,0.8221826553344727,
19,238,1,0.8249590396881104,
19,239,0,0.8256676197052002,
19,239,1,0.8265281915664673,
19,240,0,0.825023889541626,
19,240,1,0.8260015845298767,
19,241,0,0.8242642879486084,
19,241,1,0.814440131187439,
19,242,0,0.8231908082962036,
19,242,1,0.8190510272979736,
19,243,0,0.8208062648773193,
19,243,1,0.8250782489776611,
19,244,0,0.8239864110946655,
19,244,1,0.8266342282295227,
19,245,0,0.8254202604293823,
19,245,1,0.8220900297164917,
19,246,0,0.8202589750289917,
19,246,1,0.8225312232971191,
19,247,0,0.823842465877533,
19,247,1,0.8236449956893921,
19,248,0,0.8234631419181824,
19,248,1,0.8239431381225586,
19,249,0,0.8253247737884521,
19,249,1,0.8215348720550537,
19,250,0,0.821428656578064,
19,250,1,0.8257437944412231,
19,251,0,0.8251579999923706,
19,251,1,0.8252739906311035,
19,252,0,0.822509765625,
19,252,1,0.8278986215591431,
19,253,0,0.8237292170524597,
19,253,1,0.8283648490905762,
19,254,0,0.821693480014801,
19,254,1,0.8243688344955444,
19,255,0,0.8249317407608032,
19,255,1,0.8249599933624268,
19,256,0,0.821779727935791,
19,256,1,0.8241594433784485,
19,257,0,0.8241324424743652,
19,257,1,0.81773442029953,
19,258,0,0.8254013657569885,
19,258,1,0.8279480338096619,
19,259,0,0.8219577074050903,
19,259,1,0.825114369392395,
19,260,0,0.8221836090087891,
19,260,1,0.8221297860145569,
19,261,0,0.8242901563644409,
19,261,1,0.8259070515632629,
19,262,0,0.8224002718925476,
19,262,1,0.8243576288223267,
19,263,0,0.8236187696456909,
19,263,1,0.8315268754959106,
19,264,0,0.8228139877319336,
19,264,1,0.8196247816085815,
19,265,0,0.8231363892555237,
19,265,1,0.8246029019355774,
19,266,0,0.8244264125823975,
19,266,1,0.8236939907073975,
19,267,0,0.8227366209030151,
19,267,1,0.8237353563308716,
19,268,0,0.8226058483123779,
19,268,1,0.8232855796813965,
19,269,0,0.8191540837287903,
19,269,1,0.8198350667953491,
19,270,0,0.8242261409759521,
19,270,1,0.8226584792137146,
19,271,0,0.8252810835838318,
19,271,1,0.8231592774391174,
19,272,0,0.822388768196106,
19,272,1,0.8288588523864746,
19,273,0,0.8249108791351318,
19,273,1,0.820199728012085,
19,274,0,0.8253017663955688,
19,274,1,0.8245219588279724,
19,275,0,0.8218832015991211,
19,275,1,0.8175671696662903,
19,276,0,0.8221487402915955,
19,276,1,0.8274199962615967,
19,277,0,0.8249050378799438,
19,277,1,0.8239892721176147,
19,278,0,0.821845293045044,
19,278,1,0.8251282572746277,
19,279,0,0.824721097946167,
19,279,1,0.8296740651130676,
19,280,0,0.8239220380783081,
19,280,1,0.8213427066802979,
19,281,0,0.8246570825576782,
19,281,1,0.8321815133094788,
19,282,0,0.8235605955123901,
19,282,1,0.8206586837768555,
19,283,0,0.8239165544509888,
19,283,1,0.8167216777801514,
19,284,0,0.8244706988334656,
19,284,1,0.8205403685569763,
19,285,0,0.8250536322593689,
19,285,1,0.8243026733398438,
19,286,0,0.8224387168884277,
19,286,1,0.8240901231765747,
19,287,0,0.8246507048606873,
19,287,1,0.828055739402771,
19,288,0,0.821631908416748,
19,288,1,0.8206194639205933,
19,289,0,0.8240350484848022,
19,289,1,0.8260000944137573,
19,290,0,0.8251028656959534,
19,290,1,0.8153098821640015,
19,291,0,0.8218990564346313,
19,291,1,0.8200448155403137,
19,292,0,0.8245329260826111,
19,292,1,0.8257737755775452,
19,293,0,0.8253241181373596,
19,293,1,0.8278281688690186,
19,294,0,0.8238990902900696,
19,294,1,0.8261699676513672,
19,295,0,0.8243313431739807,
19,295,1,0.8258246183395386,
19,296,0,0.8227977156639099,
19,296,1,0.823904812335968,
19,297,0,0.8234871625900269,
19,297,1,0.8226878046989441,
19,298,0,0.8233966827392578,
19,298,1,0.8256993293762207,
19,299,0,0.8243919610977173,
19,299,1,0.8246060013771057,
19,300,0,0.8254217505455017,
19,300,1,0.819738507270813,
19,301,0,0.8238288164138794,
19,301,1,0.8202937245368958,
19,302,0,0.8252086043357849,
19,302,1,0.8207922577857971,
19,303,0,0.820576548576355,
19,303,1,0.8193157911300659,
19,304,0,0.8232367038726807,
19,304,1,0.8265751600265503,
19,305,0,0.8249577879905701,
19,305,1,0.8245190382003784,
19,306,0,0.8232439160346985,
19,306,1,0.8291738033294678,
19,307,0,0.8249484300613403,
19,307,1,0.8313343524932861,
19,308,0,0.8233635425567627,
19,308,1,0.820389986038208,
19,309,0,0.8265348672866821,
19,309,1,0.8290814161300659,
19,310,0,0.8217520713806152,
19,310,1,0.8233184814453125,
19,311,0,0.8231661915779114,
19,311,1,0.8258243799209595,
19,312,0,0.823207676410675,
19,312,1,0.8273226022720337,
19,313,0,0.8227841854095459,
19,313,1,0.8282628655433655,
19,314,0,0.8235106468200684,
19,314,1,0.8240333795547485,
19,315,0,0.823837161064148,
19,315,1,0.8184272646903992,
19,316,0,0.8229283094406128,
19,316,1,0.8242053985595703,
19,317,0,0.8243476748466492,
19,317,1,0.8231763243675232,
19,318,0,0.8283727169036865,
19,318,1,0.819311261177063,
19,319,0,0.8236628770828247,
19,319,1,0.8294135928153992,
19,320,0,0.8232990503311157,
19,320,1,0.8270716667175293,
19,321,0,0.8207117319107056,
19,321,1,0.8243566751480103,
19,322,0,0.8259344100952148,
19,322,1,0.8293463587760925,
19,323,0,0.8245708346366882,
19,323,1,0.8191947340965271,
19,324,0,0.8224981427192688,
19,324,1,0.8285942673683167,
19,325,0,0.8237018585205078,
19,325,1,0.8303263783454895,
19,326,0,0.8241622447967529,
19,326,1,0.8248022198677063,
19,327,0,0.823404848575592,
19,327,1,0.8264757394790649,
19,328,0,0.823875904083252,
19,328,1,0.8258230686187744,
19,329,0,0.8219702243804932,
19,329,1,0.8320773839950562,
19,330,0,0.8232012987136841,
19,330,1,0.8255443572998047,
19,331,0,0.8219875693321228,
19,331,1,0.8263498544692993,
19,332,0,0.8217344284057617,
19,332,1,0.826487123966217,
19,333,0,0.8262626528739929,
19,333,1,0.8245904445648193,
19,334,0,0.8204431533813477,
19,334,1,0.8231655955314636,
19,335,0,0.8209891319274902,
19,335,1,0.8183935880661011,
19,336,0,0.8220206499099731,
19,336,1,0.8209355473518372,
19,337,0,0.8231821060180664,
19,337,1,0.8128422498703003,
19,338,0,0.8234803080558777,
19,338,1,0.8200602531433105,
19,339,0,0.8236514329910278,
19,339,1,0.8283633589744568,
19,340,0,0.8241932392120361,
19,340,1,0.8331772089004517,
19,341,0,0.8199896812438965,
19,341,1,0.8300357460975647,
19,342,0,0.8229871988296509,
19,342,1,0.825839638710022,
19,343,0,0.8228576183319092,
19,343,1,0.8272729516029358,
19,344,0,0.8243672251701355,
19,344,1,0.8256654739379883,
19,345,0,0.8217853903770447,
19,345,1,0.8265740871429443,
19,346,0,0.8239032030105591,
19,346,1,0.8219206929206848,
19,347,0,0.8212995529174805,
19,347,1,0.8277021646499634,
19,348,0,0.8223873972892761,
19,348,1,0.8266956210136414,
19,349,0,0.8253720998764038,
19,349,1,0.8315979242324829,
19,350,0,0.8223764896392822,
19,350,1,0.825710117816925,
19,351,0,0.822484016418457,
19,351,1,0.8220229148864746,
19,352,0,0.82368403673172,
19,352,1,0.8233579993247986,
19,353,0,0.8236641883850098,
19,353,1,0.8263625502586365,
19,354,0,0.8275521397590637,
19,354,1,0.8228013515472412,
19,355,0,0.8249707818031311,
19,355,1,0.8270195722579956,
19,356,0,0.8235330581665039,
19,356,1,0.8239083886146545,
19,357,0,0.8230705261230469,
19,357,1,0.8246911764144897,
19,358,0,0.8261556029319763,
19,358,1,0.8260842561721802,
19,359,0,0.8235028386116028,
19,359,1,0.8256633281707764,
19,360,0,0.8235304355621338,
19,360,1,0.8252836465835571,
19,361,0,0.8251879215240479,
19,361,1,0.8218866586685181,
19,362,0,0.8225046992301941,
19,362,1,0.8230793476104736,
19,363,0,0.8227106928825378,
19,363,1,0.8235844373703003,
19,364,0,0.8222931623458862,
19,364,1,0.8269228935241699,
19,365,0,0.8248264193534851,
19,365,1,0.8195651769638062,
19,366,0,0.8256281614303589,
19,366,1,0.821764349937439,
19,367,0,0.8238938450813293,
19,367,1,0.8290034532546997,
19,368,0,0.8227202296257019,
19,368,1,0.8250671625137329,
19,369,0,0.8281195163726807,
19,369,1,0.8214288353919983,
19,370,0,0.8253446221351624,
19,370,1,0.826676607131958,
19,371,0,0.8240008354187012,
19,371,1,0.8220274448394775,
19,372,0,0.824948787689209,
19,372,1,0.8280993700027466,
19,373,0,0.8234736323356628,
19,373,1,0.8307654857635498,
19,374,0,0.8245970010757446,
19,374,1,0.8202190399169922,
19,375,0,0.8257278203964233,
19,375,1,0.8241149187088013,
19,376,0,0.823000967502594,
19,376,1,0.8238499164581299,
19,377,0,0.825912356376648,
19,377,1,0.8218836784362793,
19,378,0,0.824347198009491,
19,378,1,0.8260948061943054,
19,379,0,0.8262628316879272,
19,379,1,0.8228594064712524,
19,380,0,0.823206901550293,
19,380,1,0.8246108293533325,
19,381,0,0.8216062784194946,
19,381,1,0.8273630142211914,
19,382,0,0.8254640102386475,
19,382,1,0.8235130310058594,
19,383,0,0.8238783478736877,
19,383,1,0.8224744200706482,
19,384,0,0.821160614490509,
19,384,1,0.8240089416503906,
19,385,0,0.8253198862075806,
19,385,1,0.8231258392333984,
19,386,0,0.8240017890930176,
19,386,1,0.8210400938987732,
19,387,0,0.8224718570709229,
19,387,1,0.8232597708702087,
19,388,0,0.8233712911605835,
19,388,1,0.8242610096931458,
19,389,0,0.8238341212272644,
19,389,1,0.8229843378067017,
19,390,0,0.8227179050445557,
19,390,1,0.8232969045639038,
19,391,0,0.8260369300842285,
19,391,1,0.8212326765060425,
19,392,0,0.8238428235054016,
19,392,1,0.8232548236846924,
19,393,0,0.8259967565536499,
19,393,1,0.8244298100471497,
19,394,0,0.8226369619369507,
19,394,1,0.8202759027481079,
19,395,0,0.8262817859649658,
19,395,1,0.8250318169593811,
19,396,0,0.8241420388221741,
19,396,1,0.8317200541496277,
19,397,0,0.8245943784713745,
19,397,1,0.8310492038726807,
19,398,0,0.8242132663726807,
19,398,1,0.8216785192489624,
19,399,0,0.8253660798072815,
19,399,1,0.8251136541366577,
19,400,0,0.8233452439308167,
19,400,1,0.8259294629096985,
19,401,0,0.8263359665870667,
19,401,1,0.8263250589370728,
19,402,0,0.8250561952590942,
19,402,1,0.826266884803772,
19,403,0,0.8241925239562988,
19,403,1,0.8254997730255127,
19,404,0,0.8248391151428223,
19,404,1,0.8223363161087036,
19,405,0,0.8248251676559448,
19,405,1,0.8268890976905823,
19,406,0,0.8244406580924988,
19,406,1,0.8230043053627014,
19,407,0,0.8230849504470825,
19,407,1,0.8249810338020325,
19,408,0,0.8222088813781738,
19,408,1,0.8266769051551819,
19,409,0,0.8237398862838745,
19,409,1,0.8219199180603027,
19,410,0,0.8246016502380371,
19,410,1,0.8238703012466431,
19,411,0,0.8248534202575684,
19,411,1,0.8286376595497131,
19,412,0,0.8249000310897827,
19,412,1,0.825542151927948,
19,413,0,0.8226139545440674,
19,413,1,0.8251368403434753,
19,414,0,0.8245099782943726,
19,414,1,0.8117881417274475,
19,415,0,0.8240653276443481,
19,415,1,0.8231865167617798,
19,416,0,0.8219740986824036,
19,416,1,0.8321882486343384,
19,417,0,0.8233339190483093,
19,417,1,0.82490074634552,
19,418,0,0.8230597972869873,
19,418,1,0.823900043964386,
19,419,0,0.8253809809684753,
19,419,1,0.8237835764884949,
19,420,0,0.8261153101921082,
19,420,1,0.823217511177063,
19,421,0,0.8256916999816895,
19,421,1,0.8238301277160645,
19,422,0,0.8249052166938782,
19,422,1,0.8214185237884521,
19,423,0,0.8253698945045471,
19,423,1,0.82806396484375,
19,424,0,0.821921169757843,
19,424,1,0.8268209099769592,
19,425,0,0.823124885559082,
19,425,1,0.826444149017334,
19,426,0,0.8233567476272583,
19,426,1,0.8246519565582275,
19,427,0,0.8231038451194763,
19,427,1,0.8261373043060303,
19,428,0,0.8267152309417725,
19,428,1,0.8231090307235718,
19,429,0,0.8248920440673828,
19,429,1,0.82608962059021,
19,430,0,0.824639081954956,
19,430,1,0.82358717918396,
19,431,0,0.8243982791900635,
19,431,1,0.8203765153884888,
19,432,0,0.8255157470703125,
19,432,1,0.8197189569473267,
19,433,0,0.8241344690322876,
19,433,1,0.825705349445343,
19,434,0,0.8258662819862366,
19,434,1,0.8235117197036743,
19,435,0,0.8249565958976746,
19,435,1,0.823623538017273,
19,436,0,0.8265671133995056,
19,436,1,0.824520468711853,
19,437,0,0.8233803510665894,
19,437,1,0.8259109854698181,
19,438,0,0.8243515491485596,
19,438,1,0.827072024345398,
19,439,0,0.8229597806930542,
19,439,1,0.8220870494842529,
19,440,0,0.826682448387146,
19,440,1,0.8201417326927185,
19,441,0,0.825242817401886,
19,441,1,0.8205431699752808,
19,442,0,0.8223706483840942,
19,442,1,0.8207014203071594,
19,443,0,0.8214254975318909,
19,443,1,0.8178678750991821,
19,444,0,0.8237218856811523,
19,444,1,0.8209147453308105,
19,445,0,0.8263539671897888,
19,445,1,0.821973443031311,
19,446,0,0.8243192434310913,
19,446,1,0.8217133283615112,
19,447,0,0.8197711706161499,
19,447,1,0.8258094191551208,
19,448,0,0.8204556107521057,
19,448,1,0.8193498253822327,
19,449,0,0.8252301812171936,
19,449,1,0.8255541324615479,
19,450,0,0.8222224712371826,
19,450,1,0.8153457641601562,
19,451,0,0.8225876092910767,
19,451,1,0.8191139698028564,
19,452,0,0.8247566223144531,
19,452,1,0.8239121437072754,
19,453,0,0.8263607025146484,
19,453,1,0.829608678817749,
19,454,0,0.8239637613296509,
19,454,1,0.8221432566642761,
19,455,0,0.8210262060165405,
19,455,1,0.825892448425293,
19,456,0,0.8226691484451294,
19,456,1,0.8299657106399536,
19,457,0,0.8247582316398621,
19,457,1,0.8148495554924011,
19,458,0,0.8216856718063354,
19,458,1,0.8208342790603638,
19,459,0,0.8233405351638794,
19,459,1,0.8299304246902466,
19,460,0,0.8258357048034668,
19,460,1,0.8192182779312134,
19,461,0,0.8201661109924316,
19,461,1,0.8211715817451477,
19,462,0,0.8230739235877991,
19,462,1,0.8268845081329346,
19,463,0,0.8209117650985718,
19,463,1,0.8272445797920227,
19,464,0,0.8249999284744263,
19,464,1,0.8248488903045654,
19,465,0,0.8247777223587036,
19,465,1,0.8259456157684326,
19,466,0,0.8247177004814148,
19,466,1,0.8256715536117554,
19,467,0,0.8242136836051941,
19,467,1,0.818950355052948,
19,468,0,0.822777271270752,
19,468,1,0.8298591375350952,
19,469,0,0.8212828040122986,
19,469,1,0.83051997423172,
19,470,0,0.8263877630233765,
19,470,1,0.8203731775283813,
19,471,0,0.8253324031829834,
19,471,1,0.8220365047454834,
19,472,0,0.8220386505126953,
19,472,1,0.8324183225631714,
19,473,0,0.8258940577507019,
19,473,1,0.819582462310791,
19,474,0,0.8282552361488342,
19,474,1,0.8214730024337769,
19,475,0,0.8252663612365723,
19,475,1,0.823949933052063,
19,476,0,0.8251532316207886,
19,476,1,0.8314439654350281,
19,477,0,0.8223670721054077,
19,477,1,0.823843240737915,
19,478,0,0.8207035660743713,
19,478,1,0.8191671371459961,
19,479,0,0.8216482996940613,
19,479,1,0.8277966976165771,
19,480,0,0.8236861228942871,
19,480,1,0.8215398788452148,
19,481,0,0.8243778347969055,
19,481,1,0.8242543935775757,
19,482,0,0.8220045566558838,
19,482,1,0.8272618055343628,
19,483,0,0.8257819414138794,
19,483,1,0.8263680934906006,
19,484,0,0.8261457085609436,
19,484,1,0.8330725431442261,
19,485,0,0.8243940472602844,
19,485,1,0.8284082412719727,
19,486,0,0.8248854279518127,
19,486,1,0.8210123777389526,
19,487,0,0.8257375955581665,
19,487,1,0.824046790599823,
19,488,0,0.8243016600608826,
19,488,1,0.828056812286377,
19,489,0,0.821993350982666,
19,489,1,0.8226228952407837,
19,490,0,0.8257957100868225,
19,490,1,0.8272074460983276,
19,491,0,0.8246288895606995,
19,491,1,0.82686448097229,
19,492,0,0.820321798324585,
19,492,1,0.8256780505180359,
19,493,0,0.8240239024162292,
19,493,1,0.8275264501571655,
19,494,0,0.8245092034339905,
19,494,1,0.8255099058151245,
19,495,0,0.8236778974533081,
19,495,1,0.8208659887313843,
19,496,0,0.8238491415977478,
19,496,1,0.8257201313972473,
19,497,0,0.8216480016708374,
19,497,1,0.8292184472084045,
19,498,0,0.825432300567627,
19,498,1,0.8189542293548584,
19,499,0,0.8253973722457886,
19,499,1,0.824451744556427,
19,500,0,0.8217781782150269,
19,500,1,0.8236790895462036,
19,501,0,0.8241929411888123,
19,501,1,0.8196575045585632,
19,502,0,0.8269996643066406,
19,502,1,0.818422794342041,
19,503,0,0.8260031938552856,
19,503,1,0.8294985890388489,
19,504,0,0.8259986639022827,
19,504,1,0.8229814767837524,
19,505,0,0.8259419798851013,
19,505,1,0.8241578340530396,
19,506,0,0.8223118782043457,
19,506,1,0.8247509002685547,
19,507,0,0.827234148979187,
19,507,1,0.822535514831543,
19,508,0,0.8225839138031006,
19,508,1,0.823896050453186,
19,509,0,0.8259390592575073,
19,509,1,0.8273767232894897,
19,510,0,0.8252754211425781,
19,510,1,0.8276576995849609,
19,511,0,0.8264507055282593,
19,511,1,0.8305171728134155,
19,512,0,0.8242970705032349,
19,512,1,0.8191112279891968,
19,513,0,0.8204150199890137,
19,513,1,0.8221504092216492,
19,514,0,0.8256530165672302,
19,514,1,0.821243941783905,
19,515,0,0.8221436738967896,
19,515,1,0.8246610164642334,
19,516,0,0.8248070478439331,
19,516,1,0.8267252445220947,
19,517,0,0.825226366519928,
19,517,1,0.8268663883209229,
19,518,0,0.8254716396331787,
19,518,1,0.8230639696121216,
19,519,0,0.824440598487854,
19,519,1,0.8222929239273071,
19,520,0,0.823650062084198,
19,520,1,0.8245355486869812,
19,521,0,0.8238431215286255,
19,521,1,0.8264005184173584,
19,522,0,0.8250881433486938,
19,522,1,0.8222541809082031,
19,523,0,0.8241355419158936,
19,523,1,0.8183138966560364,
19,524,0,0.8225985765457153,
19,524,1,0.8200868368148804,
19,525,0,0.8234992027282715,
19,525,1,0.8232749700546265,
19,526,0,0.8220565915107727,
19,526,1,0.8283612728118896,
19,527,0,0.8231395483016968,
19,527,1,0.8233996033668518,
19,528,0,0.8231427669525146,
19,528,1,0.8273812532424927,
19,529,0,0.8227880001068115,
19,529,1,0.8220146894454956,
19,530,0,0.8267651796340942,
19,530,1,0.8211091756820679,
19,531,0,0.8262730240821838,
19,531,1,0.8196166157722473,
19,532,0,0.8213165402412415,
19,532,1,0.8208688497543335,
19,533,0,0.8261733055114746,
19,533,1,0.8216724991798401,
19,534,0,0.8226040601730347,
19,534,1,0.8201141357421875,
19,535,0,0.8234878778457642,
19,535,1,0.824783444404602,
19,536,0,0.825485348701477,
19,536,1,0.8174847960472107,
19,537,0,0.821287214756012,
19,537,1,0.8256710767745972,
19,538,0,0.8234314322471619,
19,538,1,0.8273980021476746,
19,539,0,0.8220440149307251,
19,539,1,0.8269362449645996,
19,540,0,0.8246051073074341,
19,540,1,0.8249550461769104,
19,541,0,0.8243906497955322,
19,541,1,0.8238099813461304,
19,542,0,0.8261753916740417,
19,542,1,0.8340954780578613,
19,543,0,0.8247787356376648,
19,543,1,0.8263606429100037,
19,544,0,0.820641279220581,
19,544,1,0.8187940120697021,
19,545,0,0.8235601186752319,
19,545,1,0.8186010122299194,
19,546,0,0.8242174386978149,
19,546,1,0.8259543180465698,
19,547,0,0.8229862451553345,
19,547,1,0.8200642466545105,
19,548,0,0.8283151388168335,
19,548,1,0.8238568305969238,
19,549,0,0.8243522644042969,
19,549,1,0.8241891264915466,
19,550,0,0.8248708248138428,
19,550,1,0.8228840231895447,
19,551,0,0.8250097632408142,
19,551,1,0.8218821287155151,
19,552,0,0.8239070773124695,
19,552,1,0.8237571716308594,
19,553,0,0.8246486186981201,
19,553,1,0.8246994614601135,
19,554,0,0.8229250907897949,
19,554,1,0.8260635137557983,
19,555,0,0.8286496996879578,
19,555,1,0.8232721090316772,
19,556,0,0.8257628679275513,
19,556,1,0.8252750635147095,
19,557,0,0.8243957161903381,
19,557,1,0.8261843919754028,
19,558,0,0.8225286602973938,
19,558,1,0.8304122686386108,
19,559,0,0.8229892253875732,
19,559,1,0.8248841762542725,
19,560,0,0.8245092630386353,
19,560,1,0.823704719543457,
19,561,0,0.8215715885162354,
19,561,1,0.8265094757080078,
19,562,0,0.8230462670326233,
19,562,1,0.827864408493042,
19,563,0,0.8205252289772034,
19,563,1,0.8267550468444824,
19,564,0,0.8219488263130188,
19,564,1,0.8310617208480835,
19,565,0,0.8231287002563477,
19,565,1,0.8226821422576904,
19,566,0,0.824963390827179,
19,566,1,0.8289649486541748,
19,567,0,0.8253648281097412,
19,567,1,0.8198602199554443,
19,568,0,0.8239380717277527,
19,568,1,0.8172496557235718,
19,569,0,0.8207096457481384,
19,569,1,0.8228644728660583,
19,570,0,0.8230629563331604,
19,570,1,0.8236590623855591,
19,571,0,0.8216938376426697,
19,571,1,0.8245458602905273,
19,572,0,0.8269816040992737,
19,572,1,0.8243635296821594,
19,573,0,0.8229539394378662,
19,573,1,0.8185677528381348,
19,574,0,0.8252907991409302,
19,574,1,0.8201881647109985,
19,575,0,0.8227365016937256,
19,575,1,0.8234953284263611,
19,576,0,0.8201419115066528,
19,576,1,0.8226668238639832,
19,577,0,0.8228739500045776,
19,577,1,0.8211211562156677,
19,578,0,0.822910487651825,
19,578,1,0.8293442130088806,
19,579,0,0.8239235877990723,
19,579,1,0.8182430267333984,
19,580,0,0.8220022916793823,
19,580,1,0.8279917240142822,
19,581,0,0.8256784677505493,
19,581,1,0.8231374025344849,
19,582,0,0.8232064843177795,
19,582,1,0.8267396092414856,
19,583,0,0.8244384527206421,
19,583,1,0.8261929750442505,
19,584,0,0.8226865530014038,
19,584,1,0.8191774487495422,
19,585,0,0.8239336013793945,
19,585,1,0.8277039527893066,
19,586,0,0.8203848004341125,
19,586,1,0.8193994760513306,
19,587,0,0.8229966759681702,
19,587,1,0.8227649331092834,
19,588,0,0.8260226249694824,
19,588,1,0.8284497857093811,
19,589,0,0.8225631713867188,
19,589,1,0.8302425742149353,
19,590,0,0.8208290338516235,
19,590,1,0.8239089250564575,
19,591,0,0.8234134912490845,
19,591,1,0.8247634172439575,
19,592,0,0.8269758224487305,
19,592,1,0.8260864019393921,
19,593,0,0.8234378099441528,
19,593,1,0.8238015174865723,
19,594,0,0.8247532844543457,
19,594,1,0.8202690482139587,
19,595,0,0.8224020004272461,
19,595,1,0.827278733253479,
19,596,0,0.8226569294929504,
19,596,1,0.8244168758392334,
19,597,0,0.82573401927948,
19,597,1,0.822027862071991,
19,598,0,0.8255194425582886,
19,598,1,0.8255017399787903,
19,599,0,0.8251413702964783,
19,599,1,0.8310630321502686,
19,600,0,0.8245914578437805,
19,600,1,0.8187708854675293,
19,601,0,0.8228834867477417,
19,601,1,0.8196126222610474,
19,602,0,0.8238773941993713,
19,602,1,0.8239809274673462,
19,603,0,0.8282870054244995,
19,603,1,0.8275028467178345,
19,604,0,0.8253427147865295,
19,604,1,0.8242557644844055,
19,val,,,0.825268779595693
20,0,0,0.8230477571487427,
20,0,1,0.8178696632385254,
20,1,0,0.8227455615997314,
20,1,1,0.8324249982833862,
20,2,0,0.825188398361206,
20,2,1,0.8238623142242432,
20,3,0,0.8258593678474426,
20,3,1,0.8252242803573608,
20,4,0,0.8243257403373718,
20,4,1,0.818179190158844,
20,5,0,0.824365496635437,
20,5,1,0.8177940845489502,
20,6,0,0.8249590396881104,
20,6,1,0.8201497793197632,
20,7,0,0.8228402733802795,
20,7,1,0.8228852152824402,
20,8,0,0.8193026185035706,
20,8,1,0.8190058469772339,
20,9,0,0.8206921815872192,
20,9,1,0.8151899576187134,
20,10,0,0.8215406537055969,
20,10,1,0.8211092352867126,
20,11,0,0.8225769996643066,
20,11,1,0.8227983117103577,
20,12,0,0.8189910650253296,
20,12,1,0.8250349164009094,
20,13,0,0.822145938873291,
20,13,1,0.8286104202270508,
20,14,0,0.824962854385376,
20,14,1,0.823824405670166,
20,15,0,0.82265305519104,
20,15,1,0.8172910809516907,
20,16,0,0.823186457157135,
20,16,1,0.8244234919548035,
20,17,0,0.8220805525779724,
20,17,1,0.8286798000335693,
20,18,0,0.8221265077590942,
20,18,1,0.8269840478897095,
20,19,0,0.8220396041870117,
20,19,1,0.823222815990448,
20,20,0,0.8220965266227722,
20,20,1,0.8215309977531433,
20,21,0,0.8223013877868652,
20,21,1,0.8282310962677002,
20,22,0,0.8226255178451538,
20,22,1,0.8276792764663696,
20,23,0,0.8213232755661011,
20,23,1,0.8227654695510864,
20,24,0,0.8217958211898804,
20,24,1,0.8212595582008362,
20,25,0,0.8186931610107422,
20,25,1,0.8193422555923462,
20,26,0,0.8203120231628418,
20,26,1,0.8169324994087219,
20,27,0,0.8232022523880005,
20,27,1,0.8166924118995667,
20,28,0,0.8188406825065613,
20,28,1,0.8162075281143188,
20,29,0,0.8235369920730591,
20,29,1,0.8289213180541992,
20,30,0,0.8188997507095337,
20,30,1,0.8259641528129578,
20,31,0,0.8211146593093872,
20,31,1,0.827675461769104,
20,32,0,0.8180697560310364,
20,32,1,0.8221797943115234,
20,33,0,0.8248324394226074,
20,33,1,0.8223400712013245,
20,34,0,0.8212947249412537,
20,34,1,0.8271661996841431,
20,35,0,0.8205226063728333,
20,35,1,0.8198268413543701,
20,36,0,0.8191734552383423,
20,36,1,0.8244266510009766,
20,37,0,0.8215261101722717,
20,37,1,0.8267788887023926,
20,38,0,0.8207192420959473,
20,38,1,0.8277423977851868,
20,39,0,0.8239922523498535,
20,39,1,0.8203446865081787,
20,40,0,0.8234091401100159,
20,40,1,0.8167976140975952,
20,41,0,0.8242849111557007,
20,41,1,0.821888267993927,
20,42,0,0.824184775352478,
20,42,1,0.8284558653831482,
20,43,0,0.8235910534858704,
20,43,1,0.8240166306495667,
20,44,0,0.8270882368087769,
20,44,1,0.8221660852432251,
20,45,0,0.819843053817749,
20,45,1,0.82197505235672,
20,46,0,0.8235838413238525,
20,46,1,0.8196067810058594,
20,47,0,0.8221750259399414,
20,47,1,0.8243535161018372,
20,48,0,0.8234299421310425,
20,48,1,0.8226089477539062,
20,49,0,0.8291590809822083,
20,49,1,0.8203591108322144,
20,50,0,0.8236188292503357,
20,50,1,0.8257681131362915,
20,51,0,0.8250958323478699,
20,51,1,0.8317618370056152,
20,52,0,0.8247500658035278,
20,52,1,0.8287599086761475,
20,53,0,0.827578067779541,
20,53,1,0.8279831409454346,
20,54,0,0.8222150206565857,
20,54,1,0.8272907733917236,
20,55,0,0.8262691497802734,
20,55,1,0.824883759021759,
20,56,0,0.823708713054657,
20,56,1,0.8337533473968506,
20,57,0,0.820430338382721,
20,57,1,0.8247056007385254,
20,58,0,0.8273240923881531,
20,58,1,0.8272097110748291,
20,59,0,0.8220647573471069,
20,59,1,0.8253913521766663,
20,60,0,0.8271865844726562,
20,60,1,0.8216249942779541,
20,61,0,0.8241549730300903,
20,61,1,0.8298516869544983,
20,62,0,0.8260743618011475,
20,62,1,0.8291686773300171,
20,63,0,0.8224263787269592,
20,63,1,0.8301552534103394,
20,64,0,0.8216844797134399,
20,64,1,0.8272692561149597,
20,65,0,0.8217792510986328,
20,65,1,0.826216459274292,
20,66,0,0.8239558339118958,
20,66,1,0.8252978324890137,
20,67,0,0.8241194486618042,
20,67,1,0.8241584897041321,
20,68,0,0.8248841762542725,
20,68,1,0.8300440311431885,
20,69,0,0.821336030960083,
20,69,1,0.8316224813461304,
20,70,0,0.8236098289489746,
20,70,1,0.8180745244026184,
20,71,0,0.8233895301818848,
20,71,1,0.8238742351531982,
20,72,0,0.8223042488098145,
20,72,1,0.8183941841125488,
20,73,0,0.8238028883934021,
20,73,1,0.8267921805381775,
20,74,0,0.8209092617034912,
20,74,1,0.8229445219039917,
20,75,0,0.8239907622337341,
20,75,1,0.8237131834030151,
20,76,0,0.8201507329940796,
20,76,1,0.8267048597335815,
20,77,0,0.8222739100456238,
20,77,1,0.819597601890564,
20,78,0,0.8276525139808655,
20,78,1,0.832064688205719,
20,79,0,0.8217851519584656,
20,79,1,0.8272556662559509,
20,80,0,0.8244613409042358,
20,80,1,0.8267973065376282,
20,81,0,0.8230470418930054,
20,81,1,0.8232438564300537,
20,82,0,0.82188481092453,
20,82,1,0.8258037567138672,
20,83,0,0.8237699270248413,
20,83,1,0.8236755132675171,
20,84,0,0.8206684589385986,
20,84,1,0.8211994767189026,
20,85,0,0.8247475624084473,
20,85,1,0.8236517906188965,
20,86,0,0.8237103223800659,
20,86,1,0.8171704411506653,
20,87,0,0.8248904347419739,
20,87,1,0.8182554841041565,
20,88,0,0.8225758075714111,
20,88,1,0.8243858814239502,
20,89,0,0.8226717710494995,
20,89,1,0.8244578838348389,
20,90,0,0.8237612247467041,
20,90,1,0.8263349533081055,
20,91,0,0.8237451314926147,
20,91,1,0.8265087604522705,
20,92,0,0.8229570388793945,
20,92,1,0.8248299956321716,
20,93,0,0.8264597654342651,
20,93,1,0.8205227851867676,
20,94,0,0.8260672092437744,
20,94,1,0.8245137929916382,
20,95,0,0.8231062293052673,
20,95,1,0.8191545009613037,
20,96,0,0.8216328024864197,
20,96,1,0.8263700008392334,
20,97,0,0.8221515417098999,
20,97,1,0.8317025899887085,
20,98,0,0.8249932527542114,
20,98,1,0.8255733847618103,
20,99,0,0.8250316381454468,
20,99,1,0.8239559531211853,
20,100,0,0.8241987824440002,
20,100,1,0.8241068124771118,
20,101,0,0.8243504762649536,
20,101,1,0.8182109594345093,
20,102,0,0.8216763138771057,
20,102,1,0.8182117342948914,
20,103,0,0.8230997323989868,
20,103,1,0.824355959892273,
20,104,0,0.8238029479980469,
20,104,1,0.8305612206459045,
20,105,0,0.8266695737838745,
20,105,1,0.8264479637145996,
20,106,0,0.8240001201629639,
20,106,1,0.826886773109436,
20,107,0,0.8259763717651367,
20,107,1,0.8203265070915222,
20,108,0,0.8214160799980164,
20,108,1,0.8213820457458496,
20,109,0,0.8242038488388062,
20,109,1,0.8272762298583984,
20,110,0,0.8234239816665649,
20,110,1,0.8197842240333557,
20,111,0,0.825537919998169,
20,111,1,0.8216959834098816,
20,112,0,0.8206329941749573,
20,112,1,0.8346223831176758,
20,113,0,0.8255937099456787,
20,113,1,0.8263323307037354,
20,114,0,0.8250893354415894,
20,114,1,0.8236229419708252,
20,115,0,0.8247566223144531,
20,115,1,0.8224414587020874,
20,116,0,0.8222782611846924,
20,116,1,0.828930139541626,
20,117,0,0.8218749761581421,
20,117,1,0.8268377780914307,
20,118,0,0.823093593120575,
20,118,1,0.8255317211151123,
20,119,0,0.8255399465560913,
20,119,1,0.8223041892051697,
20,120,0,0.8232076168060303,
20,120,1,0.8220702409744263,
20,121,0,0.8232424259185791,
20,121,1,0.8251659274101257,
20,122,0,0.8238317370414734,
20,122,1,0.8242681622505188,
20,123,0,0.823114275932312,
20,123,1,0.8173460960388184,
20,124,0,0.8228246569633484,
20,124,1,0.8219828605651855,
20,125,0,0.8236690759658813,
20,125,1,0.818137526512146,
20,126,0,0.8263524770736694,
20,126,1,0.8188477754592896,
20,127,0,0.8228000402450562,
20,127,1,0.8294458389282227,
20,128,0,0.8206133246421814,
20,128,1,0.8205359578132629,
20,129,0,0.819210946559906,
20,129,1,0.8245872855186462,
20,130,0,0.820941686630249,
20,130,1,0.8213165402412415,
20,131,0,0.8261682987213135,
20,131,1,0.8237322568893433,
20,132,0,0.8222289085388184,
20,132,1,0.8237936496734619,
20,133,0,0.8200563788414001,
20,133,1,0.8271993398666382,
20,134,0,0.8222483396530151,
20,134,1,0.8198022842407227,
20,135,0,0.8246897459030151,
20,135,1,0.8304615020751953,
20,136,0,0.8246253728866577,
20,136,1,0.8240013718605042,
20,137,0,0.8262120485305786,
20,137,1,0.8208969831466675,
20,138,0,0.8223440647125244,
20,138,1,0.8164523243904114,
20,139,0,0.8255691528320312,
20,139,1,0.8302733898162842,
20,140,0,0.8259519338607788,
20,140,1,0.829917311668396,
20,141,0,0.8217998743057251,
20,141,1,0.8293673396110535,
20,142,0,0.8261499404907227,
20,142,1,0.8238623738288879,
20,143,0,0.8245956301689148,
20,143,1,0.8260554075241089,
20,144,0,0.824846088886261,
20,144,1,0.8215025663375854,
20,145,0,0.8231788873672485,
20,145,1,0.8247325420379639,
20,146,0,0.8245319128036499,
20,146,1,0.8244568705558777,
20,147,0,0.8207422494888306,
20,147,1,0.823214590549469,
20,148,0,0.8202718496322632,
20,148,1,0.8295542001724243,
20,149,0,0.8215713500976562,
20,149,1,0.8267878293991089,
20,150,0,0.8236492276191711,
20,150,1,0.8195310831069946,
20,151,0,0.8231072425842285,
20,151,1,0.8259985446929932,
20,152,0,0.823883056640625,
20,152,1,0.8184013962745667,
20,153,0,0.8233224153518677,
20,153,1,0.8248474597930908,
20,154,0,0.8230195045471191,
20,154,1,0.8252053260803223,
20,155,0,0.822740375995636,
20,155,1,0.8204710483551025,
20,156,0,0.8239399790763855,
20,156,1,0.824709415435791,
20,157,0,0.8245285749435425,
20,157,1,0.8267351388931274,
20,158,0,0.8264303803443909,
20,158,1,0.823550820350647,
20,159,0,0.823379635810852,
20,159,1,0.8190386891365051,
20,160,0,0.8193461298942566,
20,160,1,0.8210402131080627,
20,161,0,0.824495792388916,
20,161,1,0.8244829177856445,
20,162,0,0.8231403231620789,
20,162,1,0.8202675580978394,
20,163,0,0.8222780227661133,
20,163,1,0.8253965377807617,
20,164,0,0.8243418335914612,
20,164,1,0.8216375112533569,
20,165,0,0.8239492177963257,
20,165,1,0.8169825077056885,
20,166,0,0.8273153901100159,
20,166,1,0.8232322931289673,
20,167,0,0.8215904831886292,
20,167,1,0.8253835439682007,
20,168,0,0.8246960639953613,
20,168,1,0.829174280166626,
20,169,0,0.8244843482971191,
20,169,1,0.8180767893791199,
20,170,0,0.8253713846206665,
20,170,1,0.8165754675865173,
20,171,0,0.8213803768157959,
20,171,1,0.8198204040527344,
20,172,0,0.8265854120254517,
20,172,1,0.8194406628608704,
20,173,0,0.8246105909347534,
20,173,1,0.8182907104492188,
20,174,0,0.8248807191848755,
20,174,1,0.8205286860466003,
20,175,0,0.8307693004608154,
20,175,1,0.8216647505760193,
20,176,0,0.820991575717926,
20,176,1,0.81910240650177,
20,177,0,0.8274908065795898,
20,177,1,0.8212765455245972,
20,178,0,0.8220393657684326,
20,178,1,0.8279491662979126,
20,179,0,0.8213976621627808,
20,179,1,0.8182156085968018,
20,180,0,0.8240610361099243,
20,180,1,0.8257271647453308,
20,181,0,0.8214840292930603,
20,181,1,0.8179022073745728,
20,182,0,0.8246160745620728,
20,182,1,0.8232179284095764,
20,183,0,0.8255307674407959,
20,183,1,0.8237861394882202,
20,184,0,0.8248547315597534,
20,184,1,0.8114380836486816,
20,185,0,0.8239984512329102,
20,185,1,0.8292272090911865,
20,186,0,0.8242148160934448,
20,186,1,0.8136118650436401,
20,187,0,0.8202387690544128,
20,187,1,0.8136148452758789,
20,188,0,0.8220468759536743,
20,188,1,0.8186168670654297,
20,189,0,0.8266173601150513,
20,189,1,0.8125712871551514,
20,190,0,0.822632908821106,
20,190,1,0.8251696825027466,
20,191,0,0.8233492374420166,
20,191,1,0.8200972080230713,
20,192,0,0.8209844827651978,
20,192,1,0.8212823867797852,
20,193,0,0.8223533630371094,
20,193,1,0.8223685622215271,
20,194,0,0.8230457901954651,
20,194,1,0.8022321462631226,
20,195,0,0.8244184255599976,
20,195,1,0.8256537914276123,
20,196,0,0.8211716413497925,
20,196,1,0.8173035979270935,
20,197,0,0.8176354169845581,
20,197,1,0.8222986459732056,
20,198,0,0.8207602500915527,
20,198,1,0.8237166404724121,
20,199,0,0.8178612589836121,
20,199,1,0.8192933797836304,
20,200,0,0.8182166814804077,
20,200,1,0.8246976733207703,
20,201,0,0.8216040134429932,
20,201,1,0.8174393773078918,
20,202,0,0.8156415224075317,
20,202,1,0.8209383487701416,
20,203,0,0.8199936747550964,
20,203,1,0.8156992197036743,
20,204,0,0.8222665190696716,
20,204,1,0.8214974403381348,
20,205,0,0.8209991455078125,
20,205,1,0.825888991355896,
20,206,0,0.8216830492019653,
20,206,1,0.8144578337669373,
20,207,0,0.8189572691917419,
20,207,1,0.8283058404922485,
20,208,0,0.8203155398368835,
20,208,1,0.819046676158905,
20,209,0,0.8213363289833069,
20,209,1,0.8220003843307495,
20,210,0,0.8257176876068115,
20,210,1,0.8225873708724976,
20,211,0,0.8266077637672424,
20,211,1,0.812923014163971,
20,212,0,0.8166391253471375,
20,212,1,0.8253056406974792,
20,213,0,0.8219739198684692,
20,213,1,0.8173331022262573,
20,214,0,0.8227810859680176,
20,214,1,0.8228044509887695,
20,215,0,0.8203964829444885,
20,215,1,0.823345422744751,
20,216,0,0.826974630355835,
20,216,1,0.8267968893051147,
20,217,0,0.8160699009895325,
20,217,1,0.8230352401733398,
20,218,0,0.8224722743034363,
20,218,1,0.8196535706520081,
20,219,0,0.8278684616088867,
20,219,1,0.8232532739639282,
20,220,0,0.8255912661552429,
20,220,1,0.8215987086296082,
20,221,0,0.8259838819503784,
20,221,1,0.8204668760299683,
20,222,0,0.826597273349762,
20,222,1,0.8209003210067749,
20,223,0,0.8208911418914795,
20,223,1,0.8194795846939087,
20,224,0,0.8258890509605408,
20,224,1,0.8230452537536621,
20,225,0,0.8252622485160828,
20,225,1,0.8276934623718262,
20,226,0,0.8214902877807617,
20,226,1,0.8178414106369019,
20,227,0,0.8213710784912109,
20,227,1,0.8221631646156311,
20,228,0,0.8256997466087341,
20,228,1,0.8247641324996948,
20,229,0,0.8244510293006897,
20,229,1,0.826111912727356,
20,230,0,0.8243726491928101,
20,230,1,0.8236789703369141,
20,231,0,0.823973536491394,
20,231,1,0.8182782530784607,
20,232,0,0.8214552998542786,
20,232,1,0.8244656324386597,
20,233,0,0.8250527381896973,
20,233,1,0.8251851797103882,
20,234,0,0.8249903321266174,
20,234,1,0.8226802349090576,
20,235,0,0.822482705116272,
20,235,1,0.8199971318244934,
20,236,0,0.8221296668052673,
20,236,1,0.8203360438346863,
20,237,0,0.8240879774093628,
20,237,1,0.8153666257858276,
20,238,0,0.8252307772636414,
20,238,1,0.8261950016021729,
20,239,0,0.8277527093887329,
20,239,1,0.8273874521255493,
20,240,0,0.8257358074188232,
20,240,1,0.8231234550476074,
20,241,0,0.8236979246139526,
20,241,1,0.8223739266395569,
20,242,0,0.8223773241043091,
20,242,1,0.8247358798980713,
20,243,0,0.821197509765625,
20,243,1,0.8208833932876587,
20,244,0,0.8242326974868774,
20,244,1,0.8193201422691345,
20,245,0,0.8250523209571838,
20,245,1,0.8271920680999756,
20,246,0,0.8212135434150696,
20,246,1,0.8160693645477295,
20,247,0,0.826423168182373,
20,247,1,0.8289007544517517,
20,248,0,0.8235406875610352,
20,248,1,0.8315267562866211,
20,249,0,0.8262921571731567,
20,249,1,0.817844569683075,
20,250,0,0.8244243860244751,
20,250,1,0.82080078125,
20,251,0,0.8234468698501587,
20,251,1,0.8279843330383301,
20,252,0,0.8214320540428162,
20,252,1,0.8238843083381653,
20,253,0,0.8266057372093201,
20,253,1,0.8234235048294067,
20,254,0,0.8238509893417358,
20,254,1,0.8241754174232483,
20,255,0,0.8234164118766785,
20,255,1,0.8242734670639038,
20,256,0,0.8229416608810425,
20,256,1,0.816972017288208,
20,257,0,0.8227521181106567,
20,257,1,0.8213756680488586,
20,258,0,0.8248337507247925,
20,258,1,0.8292100429534912,
20,259,0,0.8248178958892822,
20,259,1,0.8226861953735352,
20,260,0,0.8230084776878357,
20,260,1,0.8223844766616821,
20,261,0,0.8244094848632812,
20,261,1,0.8209928274154663,
20,262,0,0.8241162300109863,
20,262,1,0.8159206509590149,
20,263,0,0.8262161016464233,
20,263,1,0.8244408369064331,
20,264,0,0.8218308091163635,
20,264,1,0.8237156867980957,
20,265,0,0.8218636512756348,
20,265,1,0.8248299360275269,
20,266,0,0.8236708641052246,
20,266,1,0.826195240020752,
20,267,0,0.8220490217208862,
20,267,1,0.8186392188072205,
20,268,0,0.8219203948974609,
20,268,1,0.8255079984664917,
20,269,0,0.8176461458206177,
20,269,1,0.8171313405036926,
20,270,0,0.825685977935791,
20,270,1,0.8232449293136597,
20,271,0,0.8255321383476257,
20,271,1,0.8267221450805664,
20,272,0,0.8240154981613159,
20,272,1,0.8144057989120483,
20,273,0,0.8235165476799011,
20,273,1,0.8215858936309814,
20,274,0,0.8256733417510986,
20,274,1,0.8276253938674927,
20,275,0,0.8211113214492798,
20,275,1,0.8245729207992554,
20,276,0,0.8240833878517151,
20,276,1,0.8207573890686035,
20,277,0,0.8258922100067139,
20,277,1,0.8221091032028198,
20,278,0,0.8221050500869751,
20,278,1,0.819510817527771,
20,279,0,0.8254982829093933,
20,279,1,0.8250287771224976,
20,280,0,0.8225449323654175,
20,280,1,0.8230032920837402,
20,281,0,0.8277512192726135,
20,281,1,0.8241677284240723,
20,282,0,0.8254808187484741,
20,282,1,0.8181619644165039,
20,283,0,0.823096752166748,
20,283,1,0.8287364840507507,
20,284,0,0.8217768669128418,
20,284,1,0.8335983753204346,
20,285,0,0.8247427940368652,
20,285,1,0.8243296146392822,
20,286,0,0.8233856558799744,
20,286,1,0.8303083777427673,
20,287,0,0.8227711915969849,
20,287,1,0.8245909214019775,
20,288,0,0.8226799964904785,
20,288,1,0.8173547387123108,
20,289,0,0.8259758353233337,
20,289,1,0.8187074661254883,
20,290,0,0.8211007118225098,
20,290,1,0.8264515995979309,
20,291,0,0.822494387626648,
20,291,1,0.8253211975097656,
20,292,0,0.825891375541687,
20,292,1,0.8235487937927246,
20,293,0,0.8246550559997559,
20,293,1,0.8254591226577759,
20,294,0,0.8227505683898926,
20,294,1,0.8209097981452942,
20,295,0,0.8271957635879517,
20,295,1,0.821938693523407,
20,296,0,0.822218120098114,
20,296,1,0.8190127611160278,
20,297,0,0.8220891356468201,
20,297,1,0.8207816481590271,
20,298,0,0.8228099942207336,
20,298,1,0.8266291618347168,
20,299,0,0.8252869844436646,
20,299,1,0.8188526034355164,
20,300,0,0.8257142305374146,
20,300,1,0.8247483968734741,
20,301,0,0.8254629969596863,
20,301,1,0.8247654438018799,
20,302,0,0.8235343098640442,
20,302,1,0.8225525617599487,
20,303,0,0.8202979564666748,
20,303,1,0.8243248462677002,
20,304,0,0.8253710269927979,
20,304,1,0.8187268972396851,
20,305,0,0.825861394405365,
20,305,1,0.8220124840736389,
20,306,0,0.821915864944458,
20,306,1,0.8207396268844604,
20,307,0,0.8262485861778259,
20,307,1,0.8240678906440735,
20,308,0,0.8213656544685364,
20,308,1,0.8231151700019836,
20,309,0,0.8275618553161621,
20,309,1,0.819023847579956,
20,310,0,0.8232877254486084,
20,310,1,0.8260564804077148,
20,311,0,0.8249884247779846,
20,311,1,0.8229633569717407,
20,312,0,0.8223042488098145,
20,312,1,0.8275233507156372,
20,313,0,0.8235626816749573,
20,313,1,0.8273289203643799,
20,314,0,0.824090301990509,
20,314,1,0.8289637565612793,
20,315,0,0.8254507184028625,
20,315,1,0.8228247761726379,
20,316,0,0.8230093717575073,
20,316,1,0.8252227306365967,
20,317,0,0.8235902190208435,
20,317,1,0.823054313659668,
20,318,0,0.8250285387039185,
20,318,1,0.8282750844955444,
20,319,0,0.8235254287719727,
20,319,1,0.822303831577301,
20,320,0,0.8229820132255554,
20,320,1,0.8224989175796509,
20,321,0,0.8229787349700928,
20,321,1,0.8245618939399719,
20,322,0,0.8281466960906982,
20,322,1,0.8242967128753662,
20,323,0,0.8251001834869385,
20,323,1,0.8149940371513367,
20,324,0,0.8239254951477051,
20,324,1,0.8196568489074707,
20,325,0,0.8249709010124207,
20,325,1,0.8230531215667725,
20,326,0,0.8251853585243225,
20,326,1,0.815092921257019,
20,327,0,0.8240900635719299,
20,327,1,0.8301244378089905,
20,328,0,0.8243280649185181,
20,328,1,0.8275324702262878,
20,329,0,0.8261481523513794,
20,329,1,0.8195062875747681,
20,330,0,0.819794774055481,
20,330,1,0.8256442546844482,
20,331,0,0.8227940797805786,
20,331,1,0.8274727463722229,
20,332,0,0.8205323219299316,
20,332,1,0.8250085711479187,
20,333,0,0.825208842754364,
20,333,1,0.8244554996490479,
20,334,0,0.8202483057975769,
20,334,1,0.8224837779998779,
20,335,0,0.8196069002151489,
20,335,1,0.8206796646118164,
20,336,0,0.8198363184928894,
20,336,1,0.824158787727356,
20,337,0,0.8214473128318787,
20,337,1,0.8230777978897095,
20,338,0,0.8226169347763062,
20,338,1,0.8241457939147949,
20,339,0,0.8243509531021118,
20,339,1,0.8275324702262878,
20,340,0,0.8241974115371704,
20,340,1,0.8299461603164673,
20,341,0,0.8234845995903015,
20,341,1,0.821826696395874,
20,342,0,0.8219211101531982,
20,342,1,0.8230659365653992,
20,343,0,0.8222731351852417,
20,343,1,0.8201560378074646,
20,344,0,0.8232992887496948,
20,344,1,0.8233305215835571,
20,345,0,0.8214824199676514,
20,345,1,0.8210593461990356,
20,346,0,0.8234533071517944,
20,346,1,0.8276675343513489,
20,347,0,0.8235733509063721,
20,347,1,0.8214422464370728,
20,348,0,0.8241215348243713,
20,348,1,0.8291049003601074,
20,349,0,0.8238222599029541,
20,349,1,0.8285629153251648,
20,350,0,0.8232636451721191,
20,350,1,0.8239513635635376,
20,351,0,0.8221704959869385,
20,351,1,0.8205533027648926,
20,352,0,0.8219618201255798,
20,352,1,0.8240042328834534,
20,353,0,0.8240195512771606,
20,353,1,0.8262673616409302,
20,354,0,0.8280114531517029,
20,354,1,0.8257095813751221,
20,355,0,0.8262023329734802,
20,355,1,0.8198443651199341,
20,356,0,0.8234780430793762,
20,356,1,0.8262590169906616,
20,357,0,0.8213598132133484,
20,357,1,0.8308618068695068,
20,358,0,0.8249266743659973,
20,358,1,0.8265450596809387,
20,359,0,0.8243420124053955,
20,359,1,0.8265517354011536,
20,360,0,0.8212054371833801,
20,360,1,0.8197236657142639,
20,361,0,0.8234256505966187,
20,361,1,0.8289874196052551,
20,362,0,0.8242408037185669,
20,362,1,0.8222820162773132,
20,363,0,0.8229349255561829,
20,363,1,0.8235036134719849,
20,364,0,0.8213133811950684,
20,364,1,0.8229973316192627,
20,365,0,0.8230705261230469,
20,365,1,0.8216100931167603,
20,366,0,0.8247586488723755,
20,366,1,0.8192331790924072,
20,367,0,0.8228573799133301,
20,367,1,0.8291255831718445,
20,368,0,0.8226097822189331,
20,368,1,0.8191937208175659,
20,369,0,0.8267374634742737,
20,369,1,0.8270435333251953,
20,370,0,0.8269749283790588,
20,370,1,0.8172061443328857,
20,371,0,0.8237022161483765,
20,371,1,0.8169017434120178,
20,372,0,0.8262354731559753,
20,372,1,0.8216240406036377,
20,373,0,0.8239566087722778,
20,373,1,0.8271505832672119,
20,374,0,0.8224012851715088,
20,374,1,0.8274572491645813,
20,375,0,0.8261129260063171,
20,375,1,0.8198820352554321,
20,376,0,0.8269728422164917,
20,376,1,0.820456862449646,
20,377,0,0.8250411748886108,
20,377,1,0.8278918266296387,
20,378,0,0.8247010707855225,
20,378,1,0.8277721405029297,
20,379,0,0.8263802528381348,
20,379,1,0.8292908668518066,
20,380,0,0.8240241408348083,
20,380,1,0.8266137838363647,
20,381,0,0.8221688270568848,
20,381,1,0.8244364857673645,
20,382,0,0.8268380165100098,
20,382,1,0.819462776184082,
20,383,0,0.8241738677024841,
20,383,1,0.8217412233352661,
20,384,0,0.8212758898735046,
20,384,1,0.8194088935852051,
20,385,0,0.8261851668357849,
20,385,1,0.8228164911270142,
20,386,0,0.8225704431533813,
20,386,1,0.8245714902877808,
20,387,0,0.823957085609436,
20,387,1,0.8206382393836975,
20,388,0,0.821733832359314,
20,388,1,0.824784517288208,
20,389,0,0.8232690095901489,
20,389,1,0.818970263004303,
20,390,0,0.8245919346809387,
20,390,1,0.8279825448989868,
20,391,0,0.8250921964645386,
20,391,1,0.8233411312103271,
20,392,0,0.8256567716598511,
20,392,1,0.827154278755188,
20,393,0,0.8267637491226196,
20,393,1,0.8256131410598755,
20,394,0,0.8237437009811401,
20,394,1,0.8202728033065796,
20,395,0,0.8258098363876343,
20,395,1,0.8260020613670349,
20,396,0,0.8263961672782898,
20,396,1,0.8266022205352783,
20,397,0,0.823995053768158,
20,397,1,0.8244052529335022,
20,398,0,0.824156641960144,
20,398,1,0.8256447315216064,
20,399,0,0.8241288065910339,
20,399,1,0.8270906805992126,
20,400,0,0.8265597820281982,
20,400,1,0.8236223459243774,
20,401,0,0.8246369361877441,
20,401,1,0.8258736729621887,
20,402,0,0.8268234133720398,
20,402,1,0.824904203414917,
20,403,0,0.8208315372467041,
20,403,1,0.8263923525810242,
20,404,0,0.8251734972000122,
20,404,1,0.8245227336883545,
20,405,0,0.8228014707565308,
20,405,1,0.8269733786582947,
20,406,0,0.8231413960456848,
20,406,1,0.8220059871673584,
20,407,0,0.8215161561965942,
20,407,1,0.8193278312683105,
20,408,0,0.8229305744171143,
20,408,1,0.8239631056785583,
20,409,0,0.8229286074638367,
20,409,1,0.8259909152984619,
20,410,0,0.8241697549819946,
20,410,1,0.8168314695358276,
20,411,0,0.8254274725914001,
20,411,1,0.8246601223945618,
20,412,0,0.8265021443367004,
20,412,1,0.8193413019180298,
20,413,0,0.8233020305633545,
20,413,1,0.8235317468643188,
20,414,0,0.8209121227264404,
20,414,1,0.8265952467918396,
20,415,0,0.8258142471313477,
20,415,1,0.8231278657913208,
20,416,0,0.8206680417060852,
20,416,1,0.8256078362464905,
20,417,0,0.8250892162322998,
20,417,1,0.822630763053894,
20,418,0,0.8225950002670288,
20,418,1,0.8251364231109619,
20,419,0,0.8246878385543823,
20,419,1,0.8259010314941406,
20,420,0,0.8243562579154968,
20,420,1,0.8287410736083984,
20,421,0,0.8225128650665283,
20,421,1,0.8309771418571472,
20,422,0,0.8227204084396362,
20,422,1,0.8255289793014526,
20,423,0,0.8257579803466797,
20,423,1,0.8216705322265625,
20,424,0,0.8227753639221191,
20,424,1,0.8240765333175659,
20,425,0,0.8248885869979858,
20,425,1,0.822943389415741,
20,426,0,0.82291579246521,
20,426,1,0.8275680541992188,
20,427,0,0.8242751359939575,
20,427,1,0.8221022486686707,
20,428,0,0.823792576789856,
20,428,1,0.8238294124603271,
20,429,0,0.8264928460121155,
20,429,1,0.8230196237564087,
20,430,0,0.8248881697654724,
20,430,1,0.8216049075126648,
20,431,0,0.8234102725982666,
20,431,1,0.8236109018325806,
20,432,0,0.8262253999710083,
20,432,1,0.8166471719741821,
20,433,0,0.82308030128479,
20,433,1,0.819918155670166,
20,434,0,0.8273954391479492,
20,434,1,0.824734091758728,
20,435,0,0.8225454092025757,
20,435,1,0.8226404190063477,
20,436,0,0.8257173299789429,
20,436,1,0.8246833086013794,
20,437,0,0.8252054452896118,
20,437,1,0.8281798958778381,
20,438,0,0.825310468673706,
20,438,1,0.8238733410835266,
20,439,0,0.821713924407959,
20,439,1,0.8280899524688721,
20,440,0,0.8250358700752258,
20,440,1,0.8263570070266724,
20,441,0,0.8243691921234131,
20,441,1,0.8281408548355103,
20,442,0,0.8227338194847107,
20,442,1,0.8218241930007935,
20,443,0,0.8219202756881714,
20,443,1,0.8215312361717224,
20,444,0,0.8228554725646973,
20,444,1,0.8228332996368408,
20,445,0,0.8238884210586548,
20,445,1,0.8280882239341736,
20,446,0,0.8221642374992371,
20,446,1,0.824194073677063,
20,447,0,0.8188062906265259,
20,447,1,0.8213613033294678,
20,448,0,0.8218075037002563,
20,448,1,0.8264169692993164,
20,449,0,0.8229807019233704,
20,449,1,0.8253779411315918,
20,450,0,0.8247829675674438,
20,450,1,0.819351315498352,
20,451,0,0.8245500326156616,
20,451,1,0.8236277103424072,
20,452,0,0.8241612911224365,
20,452,1,0.8222815990447998,
20,453,0,0.8270318508148193,
20,453,1,0.826857328414917,
20,454,0,0.8247532844543457,
20,454,1,0.8241488933563232,
20,455,0,0.8234375715255737,
20,455,1,0.8217490911483765,
20,456,0,0.823301374912262,
20,456,1,0.8256913423538208,
20,457,0,0.8227187395095825,
20,457,1,0.8247441053390503,
20,458,0,0.8198504447937012,
20,458,1,0.8240305185317993,
20,459,0,0.8245484232902527,
20,459,1,0.8245950937271118,
20,460,0,0.8251470923423767,
20,460,1,0.8245171308517456,
20,461,0,0.821958065032959,
20,461,1,0.822018027305603,
20,462,0,0.8254106044769287,
20,462,1,0.8183870911598206,
20,463,0,0.8227620720863342,
20,463,1,0.8211936354637146,
20,464,0,0.8246263265609741,
20,464,1,0.8297548294067383,
20,465,0,0.8230932950973511,
20,465,1,0.8254220485687256,
20,466,0,0.8248418569564819,
20,466,1,0.827483057975769,
20,467,0,0.8240739703178406,
20,467,1,0.8228549957275391,
20,468,0,0.8228173851966858,
20,468,1,0.8284175395965576,
20,469,0,0.8223350048065186,
20,469,1,0.8246381282806396,
20,470,0,0.8226129412651062,
20,470,1,0.8305909633636475,
20,471,0,0.8224365711212158,
20,471,1,0.8279021382331848,
20,472,0,0.8255559206008911,
20,472,1,0.8186973333358765,
20,473,0,0.8245888948440552,
20,473,1,0.8258364200592041,
20,474,0,0.8259901404380798,
20,474,1,0.8161898851394653,
20,475,0,0.8253858089447021,
20,475,1,0.8234771490097046,
20,476,0,0.8255770206451416,
20,476,1,0.8261226415634155,
20,477,0,0.8239278197288513,
20,477,1,0.8231924772262573,
20,478,0,0.8199201822280884,
20,478,1,0.8220891952514648,
20,479,0,0.8227143883705139,
20,479,1,0.8247734308242798,
20,480,0,0.8244690895080566,
20,480,1,0.8217978477478027,
20,481,0,0.8249188661575317,
20,481,1,0.8237056732177734,
20,482,0,0.8226353526115417,
20,482,1,0.8295332193374634,
20,483,0,0.8244606256484985,
20,483,1,0.8287485837936401,
20,484,0,0.8281729221343994,
20,484,1,0.823058009147644,
20,485,0,0.8253629207611084,
20,485,1,0.8262593150138855,
20,486,0,0.8240646123886108,
20,486,1,0.8253122568130493,
20,487,0,0.8246799111366272,
20,487,1,0.8277901411056519,
20,488,0,0.8258524537086487,
20,488,1,0.8245383501052856,
20,489,0,0.8242806196212769,
20,489,1,0.8255543112754822,
20,490,0,0.825047492980957,
20,490,1,0.8292895555496216,
20,491,0,0.8226131200790405,
20,491,1,0.8233413696289062,
20,492,0,0.8272451162338257,
20,492,1,0.8098486661911011,
20,493,0,0.824733555316925,
20,493,1,0.8251000046730042,
20,494,0,0.8237910866737366,
20,494,1,0.8210005760192871,
20,495,0,0.8223400712013245,
20,495,1,0.8296058177947998,
20,496,0,0.8242123126983643,
20,496,1,0.8254379034042358,
20,497,0,0.8243528604507446,
20,497,1,0.8221001625061035,
20,498,0,0.8270195722579956,
20,498,1,0.8187345266342163,
20,499,0,0.8230915665626526,
20,499,1,0.8261941075325012,
20,500,0,0.8219931125640869,
20,500,1,0.8231440782546997,
20,501,0,0.8234359622001648,
20,501,1,0.8274705410003662,
20,502,0,0.8244540691375732,
20,502,1,0.8271125555038452,
20,503,0,0.8261696100234985,
20,503,1,0.8288331031799316,
20,504,0,0.8273289799690247,
20,504,1,0.8270496129989624,
20,505,0,0.8245815634727478,
20,505,1,0.8249586820602417,
20,506,0,0.8238070607185364,
20,506,1,0.824196457862854,
20,507,0,0.8254871368408203,
20,507,1,0.825564980506897,
20,508,0,0.8240958452224731,
20,508,1,0.8210698366165161,
20,509,0,0.8247829079627991,
20,509,1,0.8241209983825684,
20,510,0,0.824383020401001,
20,510,1,0.8249878287315369,
20,511,0,0.8257348537445068,
20,511,1,0.8296054601669312,
20,512,0,0.8210916519165039,
20,512,1,0.8280664682388306,
20,513,0,0.8210300803184509,
20,513,1,0.822503924369812,
20,514,0,0.8261698484420776,
20,514,1,0.8276061415672302,
20,515,0,0.8226543664932251,
20,515,1,0.8248305916786194,
20,516,0,0.8269319534301758,
20,516,1,0.8258432149887085,
20,517,0,0.8247429132461548,
20,517,1,0.8247291445732117,
20,518,0,0.8238139152526855,
20,518,1,0.8233058452606201,
20,519,0,0.824306070804596,
20,519,1,0.8234168291091919,
20,520,0,0.8223898410797119,
20,520,1,0.8267698287963867,
20,521,0,0.8218826055526733,
20,521,1,0.8312497735023499,
20,522,0,0.8243980407714844,
20,522,1,0.8319391012191772,
20,523,0,0.8220052719116211,
20,523,1,0.829074501991272,
20,524,0,0.8212839365005493,
20,524,1,0.8259164094924927,
20,525,0,0.8252482414245605,
20,525,1,0.8248322010040283,
20,526,0,0.8241351842880249,
20,526,1,0.8238038420677185,
20,527,0,0.8231216669082642,
20,527,1,0.8280562162399292,
20,528,0,0.8227679133415222,
20,528,1,0.8242122530937195,
20,529,0,0.8246191740036011,
20,529,1,0.8190858364105225,
20,530,0,0.8234471082687378,
20,530,1,0.826908528804779,
20,531,0,0.8249813318252563,
20,531,1,0.8149369359016418,
20,532,0,0.8227347135543823,
20,532,1,0.8232132196426392,
20,533,0,0.8241263628005981,
20,533,1,0.8239591121673584,
20,534,0,0.82228684425354,
20,534,1,0.8265724182128906,
20,535,0,0.8238060474395752,
20,535,1,0.8223243355751038,
20,536,0,0.8237473368644714,
20,536,1,0.8185943365097046,
20,537,0,0.822641909122467,
20,537,1,0.8238477110862732,
20,538,0,0.8237566947937012,
20,538,1,0.8247389793395996,
20,539,0,0.8222821950912476,
20,539,1,0.8287514448165894,
20,540,0,0.8226552605628967,
20,540,1,0.825440526008606,
20,541,0,0.8229603171348572,
20,541,1,0.8279232382774353,
20,542,0,0.8269342184066772,
20,542,1,0.8251802921295166,
20,543,0,0.823944091796875,
20,543,1,0.8245277404785156,
20,544,0,0.8236552476882935,
20,544,1,0.8170651197433472,
20,545,0,0.8241833448410034,
20,545,1,0.8164807558059692,
20,546,0,0.8224937915802002,
20,546,1,0.8239285945892334,
20,547,0,0.8236517906188965,
20,547,1,0.8246898055076599,
20,548,0,0.8247486352920532,
20,548,1,0.830527126789093,
20,549,0,0.8247406482696533,
20,549,1,0.8249554634094238,
20,550,0,0.8245900869369507,
20,550,1,0.8215000629425049,
20,551,0,0.823182225227356,
20,551,1,0.8237317800521851,
20,552,0,0.8245894312858582,
20,552,1,0.8222988843917847,
20,553,0,0.8248724937438965,
20,553,1,0.824343204498291,
20,554,0,0.8234467506408691,
20,554,1,0.8213289976119995,
20,555,0,0.8249119520187378,
20,555,1,0.8242524266242981,
20,556,0,0.8235729336738586,
20,556,1,0.821181058883667,
20,557,0,0.8243741393089294,
20,557,1,0.8235251903533936,
20,558,0,0.8227759599685669,
20,558,1,0.8221718072891235,
20,559,0,0.8244686126708984,
20,559,1,0.8213559985160828,
20,560,0,0.8250298500061035,
20,560,1,0.8257469534873962,
20,561,0,0.8231635689735413,
20,561,1,0.8213570713996887,
20,562,0,0.8247790336608887,
20,562,1,0.8233413696289062,
20,563,0,0.8214893937110901,
20,563,1,0.8218857645988464,
20,564,0,0.8251752853393555,
20,564,1,0.8222581148147583,
20,565,0,0.8236072659492493,
20,565,1,0.8195768594741821,
20,566,0,0.8272536993026733,
20,566,1,0.8209699988365173,
20,567,0,0.8263360857963562,
20,567,1,0.8169198036193848,
20,568,0,0.8220751881599426,
20,568,1,0.8171213865280151,
20,569,0,0.8198879957199097,
20,569,1,0.8191477060317993,
20,570,0,0.8235484957695007,
20,570,1,0.8169776797294617,
20,571,0,0.8237543106079102,
20,571,1,0.8247403502464294,
20,572,0,0.8277149200439453,
20,572,1,0.8252514600753784,
20,573,0,0.8200955390930176,
20,573,1,0.8262801766395569,
20,574,0,0.8250634074211121,
20,574,1,0.8182493448257446,
20,575,0,0.8232746124267578,
20,575,1,0.82325279712677,
20,576,0,0.8206650018692017,
20,576,1,0.8242751359939575,
20,577,0,0.8235045671463013,
20,577,1,0.8193526268005371,
20,578,0,0.8220860958099365,
20,578,1,0.8248142004013062,
20,579,0,0.8249268531799316,
20,579,1,0.8169959783554077,
20,580,0,0.8202041387557983,
20,580,1,0.8253335356712341,
20,581,0,0.8252319693565369,
20,581,1,0.8281162977218628,
20,582,0,0.8246548771858215,
20,582,1,0.824084460735321,
20,583,0,0.8236491084098816,
20,583,1,0.8235807418823242,
20,584,0,0.8231196403503418,
20,584,1,0.8231005668640137,
20,585,0,0.8250854015350342,
20,585,1,0.8252452611923218,
20,586,0,0.8212426900863647,
20,586,1,0.8251376152038574,
20,587,0,0.8239681720733643,
20,587,1,0.8255751132965088,
20,588,0,0.8240076303482056,
20,588,1,0.8278352618217468,
20,589,0,0.8239467740058899,
20,589,1,0.8278236985206604,
20,590,0,0.8215899467468262,
20,590,1,0.821569561958313,
20,591,0,0.8228216171264648,
20,591,1,0.8208349347114563,
20,592,0,0.8254253268241882,
20,592,1,0.8282082676887512,
20,593,0,0.8221321105957031,
20,593,1,0.8314793109893799,
20,594,0,0.8235067129135132,
20,594,1,0.823662519454956,
20,595,0,0.8221477270126343,
20,595,1,0.8199127912521362,
20,596,0,0.824016809463501,
20,596,1,0.8216341733932495,
20,597,0,0.82422935962677,
20,597,1,0.8324118852615356,
20,598,0,0.8237242698669434,
20,598,1,0.8270153999328613,
20,599,0,0.8280106782913208,
20,599,1,0.8235077261924744,
20,600,0,0.8250104188919067,
20,600,1,0.814926028251648,
20,601,0,0.8250426054000854,
20,601,1,0.8226709365844727,
20,602,0,0.8243100047111511,
20,602,1,0.8260293006896973,
20,603,0,0.826737642288208,
20,603,1,0.8367642164230347,
20,604,0,0.8262799978256226,
20,604,1,0.8251916170120239,
20,val,,,0.825142301718394
21,0,0,0.8236995935440063,
21,0,1,0.8254080414772034,
21,1,0,0.8256970643997192,
21,1,1,0.8217571377754211,
21,2,0,0.823579728603363,
21,2,1,0.8320422768592834,
21,3,0,0.8261789679527283,
21,3,1,0.8193856477737427,
21,4,0,0.8223026990890503,
21,4,1,0.8213188052177429,
21,5,0,0.8237512111663818,
21,5,1,0.8171291351318359,
21,6,0,0.8244749307632446,
21,6,1,0.828769326210022,
21,7,0,0.8227902054786682,
21,7,1,0.8234550952911377,
21,8,0,0.8210453987121582,
21,8,1,0.8204605579376221,
21,9,0,0.8208008408546448,
21,9,1,0.8231531381607056,
21,10,0,0.8221055269241333,
21,10,1,0.8192297220230103,
21,11,0,0.8208326697349548,
21,11,1,0.8252521753311157,
21,12,0,0.8206977248191833,
21,12,1,0.818480372428894,
21,13,0,0.8240326046943665,
21,13,1,0.8224557638168335,
21,14,0,0.8239016532897949,
21,14,1,0.8246371746063232,
21,15,0,0.8245915174484253,
21,15,1,0.8163498044013977,
21,16,0,0.8233543038368225,
21,16,1,0.8169241547584534,
21,17,0,0.823731541633606,
21,17,1,0.8208714723587036,
21,18,0,0.8250828385353088,
21,18,1,0.8232663869857788,
21,19,0,0.8234602808952332,
21,19,1,0.8210809826850891,
21,20,0,0.8199005722999573,
21,20,1,0.8212339282035828,
21,21,0,0.8219141960144043,
21,21,1,0.824701189994812,
21,22,0,0.8229872584342957,
21,22,1,0.8302810192108154,
21,23,0,0.8218075633049011,
21,23,1,0.8212480545043945,
21,24,0,0.8207876682281494,
21,24,1,0.8274006843566895,
21,25,0,0.8176240921020508,
21,25,1,0.8166348934173584,
21,26,0,0.8196715116500854,
21,26,1,0.8185142874717712,
21,27,0,0.8232949376106262,
21,27,1,0.8189034461975098,
21,28,0,0.8187293410301208,
21,28,1,0.8143429160118103,
21,29,0,0.8243391513824463,
21,29,1,0.8319672346115112,
21,30,0,0.8198782801628113,
21,30,1,0.8212639093399048,
21,31,0,0.8202469348907471,
21,31,1,0.8262575268745422,
21,32,0,0.8233977556228638,
21,32,1,0.8099000453948975,
21,33,0,0.8236075639724731,
21,33,1,0.821382999420166,
21,34,0,0.8196454048156738,
21,34,1,0.8267186284065247,
21,35,0,0.8201918005943298,
21,35,1,0.8239076733589172,
21,36,0,0.8203181624412537,
21,36,1,0.8164920806884766,
21,37,0,0.8205095529556274,
21,37,1,0.8277969360351562,
21,38,0,0.8208467960357666,
21,38,1,0.8272271156311035,
21,39,0,0.8235361576080322,
21,39,1,0.8244695663452148,
21,40,0,0.8220218420028687,
21,40,1,0.820405125617981,
21,41,0,0.822137176990509,
21,41,1,0.8280250430107117,
21,42,0,0.8225639462471008,
21,42,1,0.831186056137085,
21,43,0,0.8220472931861877,
21,43,1,0.8235307931900024,
21,44,0,0.8238716721534729,
21,44,1,0.8231083750724792,
21,45,0,0.8204934597015381,
21,45,1,0.8225171566009521,
21,46,0,0.8242332935333252,
21,46,1,0.8243299722671509,
21,47,0,0.8219984769821167,
21,47,1,0.8216233849525452,
21,48,0,0.8241404891014099,
21,48,1,0.8210713863372803,
21,49,0,0.8260683417320251,
21,49,1,0.8287872076034546,
21,50,0,0.820277988910675,
21,50,1,0.830394983291626,
21,51,0,0.8256669044494629,
21,51,1,0.8315288424491882,
21,52,0,0.826323926448822,
21,52,1,0.826155424118042,
21,53,0,0.8266335129737854,
21,53,1,0.8308406472206116,
21,54,0,0.8208560943603516,
21,54,1,0.831185519695282,
21,55,0,0.8257617950439453,
21,55,1,0.8248938322067261,
21,56,0,0.8247737288475037,
21,56,1,0.8202913999557495,
21,57,0,0.8216387629508972,
21,57,1,0.8227028846740723,
21,58,0,0.8272368907928467,
21,58,1,0.8302142024040222,
21,59,0,0.8229904174804688,
21,59,1,0.8289281129837036,
21,60,0,0.8253652453422546,
21,60,1,0.8243991136550903,
21,61,0,0.8227444887161255,
21,61,1,0.8307773470878601,
21,62,0,0.824653685092926,
21,62,1,0.8247345685958862,
21,63,0,0.823233962059021,
21,63,1,0.8226683139801025,
21,64,0,0.8229382634162903,
21,64,1,0.8225855827331543,
21,65,0,0.8232569098472595,
21,65,1,0.8236722350120544,
21,66,0,0.824225902557373,
21,66,1,0.8216954469680786,
21,67,0,0.823818027973175,
21,67,1,0.8254713416099548,
21,68,0,0.8247877955436707,
21,68,1,0.8273491859436035,
21,69,0,0.8250186443328857,
21,69,1,0.8183406591415405,
21,70,0,0.8228318691253662,
21,70,1,0.8218666315078735,
21,71,0,0.8246867060661316,
21,71,1,0.8213070631027222,
21,72,0,0.8224530816078186,
21,72,1,0.8205674886703491,
21,73,0,0.8243342638015747,
21,73,1,0.8212565183639526,
21,74,0,0.8216663599014282,
21,74,1,0.822536826133728,
21,75,0,0.8249169588088989,
21,75,1,0.8224808573722839,
21,76,0,0.8232640624046326,
21,76,1,0.8242831826210022,
21,77,0,0.8212701082229614,
21,77,1,0.8212519884109497,
21,78,0,0.8277708292007446,
21,78,1,0.8311514854431152,
21,79,0,0.8225716352462769,
21,79,1,0.8260633945465088,
21,80,0,0.8250921964645386,
21,80,1,0.8253042697906494,
21,81,0,0.8236749768257141,
21,81,1,0.8214815855026245,
21,82,0,0.8228059411048889,
21,82,1,0.8182142972946167,
21,83,0,0.8233649730682373,
21,83,1,0.827724814414978,
21,84,0,0.8212909698486328,
21,84,1,0.821832537651062,
21,85,0,0.8269219994544983,
21,85,1,0.8197381496429443,
21,86,0,0.8245360255241394,
21,86,1,0.8257931470870972,
21,87,0,0.82233065366745,
21,87,1,0.8224663734436035,
21,88,0,0.8225473165512085,
21,88,1,0.8227524161338806,
21,89,0,0.8229886293411255,
21,89,1,0.8245604634284973,
21,90,0,0.8246617913246155,
21,90,1,0.8189765214920044,
21,91,0,0.8238508105278015,
21,91,1,0.8281517028808594,
21,92,0,0.8220251202583313,
21,92,1,0.8246563076972961,
21,93,0,0.8245794177055359,
21,93,1,0.8213590383529663,
21,94,0,0.8235903382301331,
21,94,1,0.8307739496231079,
21,95,0,0.8230530023574829,
21,95,1,0.8228448033332825,
21,96,0,0.8242524266242981,
21,96,1,0.8218138217926025,
21,97,0,0.8223211169242859,
21,97,1,0.8282871842384338,
21,98,0,0.8256129026412964,
21,98,1,0.8197036385536194,
21,99,0,0.8247878551483154,
21,99,1,0.8256195783615112,
21,100,0,0.8229658007621765,
21,100,1,0.8229049444198608,
21,101,0,0.8233041763305664,
21,101,1,0.8215227127075195,
21,102,0,0.8211997151374817,
21,102,1,0.8273798823356628,
21,103,0,0.8250438570976257,
21,103,1,0.8268495202064514,
21,104,0,0.8254510164260864,
21,104,1,0.8244026303291321,
21,105,0,0.8256970643997192,
21,105,1,0.8268920183181763,
21,106,0,0.8240913152694702,
21,106,1,0.8224411010742188,
21,107,0,0.8259763717651367,
21,107,1,0.8256661891937256,
21,108,0,0.8217878341674805,
21,108,1,0.8223366737365723,
21,109,0,0.822951078414917,
21,109,1,0.8216299414634705,
21,110,0,0.8229725360870361,
21,110,1,0.8233031034469604,
21,111,0,0.8255391120910645,
21,111,1,0.8295806050300598,
21,112,0,0.8240051865577698,
21,112,1,0.8269258737564087,
21,113,0,0.8281519412994385,
21,113,1,0.825066089630127,
21,114,0,0.8259279727935791,
21,114,1,0.8224344253540039,
21,115,0,0.8244887590408325,
21,115,1,0.8271181583404541,
21,116,0,0.8227922320365906,
21,116,1,0.8333195447921753,
21,117,0,0.821913480758667,
21,117,1,0.8227999210357666,
21,118,0,0.8251342177391052,
21,118,1,0.8204019665718079,
21,119,0,0.8257971405982971,
21,119,1,0.8279651999473572,
21,120,0,0.8233363628387451,
21,120,1,0.8251375555992126,
21,121,0,0.8223703503608704,
21,121,1,0.8260058164596558,
21,122,0,0.8251223564147949,
21,122,1,0.8221091032028198,
21,123,0,0.8237709403038025,
21,123,1,0.8175595998764038,
21,124,0,0.8225339651107788,
21,124,1,0.8256276845932007,
21,125,0,0.8239660859107971,
21,125,1,0.8193215131759644,
21,126,0,0.8229159116744995,
21,126,1,0.8197464346885681,
21,127,0,0.8225913047790527,
21,127,1,0.8229858875274658,
21,128,0,0.8211123943328857,
21,128,1,0.8194869160652161,
21,129,0,0.8219137191772461,
21,129,1,0.8217769861221313,
21,130,0,0.819989800453186,
21,130,1,0.8239451050758362,
21,131,0,0.8227654695510864,
21,131,1,0.8275761604309082,
21,132,0,0.8226864337921143,
21,132,1,0.8218972682952881,
21,133,0,0.8215568661689758,
21,133,1,0.8195825219154358,
21,134,0,0.822089433670044,
21,134,1,0.8266087770462036,
21,135,0,0.8257085084915161,
21,135,1,0.8217644691467285,
21,136,0,0.8241817951202393,
21,136,1,0.8218064308166504,
21,137,0,0.8251602649688721,
21,137,1,0.8215545415878296,
21,138,0,0.81865394115448,
21,138,1,0.8260011076927185,
21,139,0,0.8246070146560669,
21,139,1,0.8293278813362122,
21,140,0,0.8252263069152832,
21,140,1,0.823243260383606,
21,141,0,0.8211178779602051,
21,141,1,0.8194813132286072,
21,142,0,0.8269373178482056,
21,142,1,0.8204363584518433,
21,143,0,0.826351523399353,
21,143,1,0.8239818215370178,
21,144,0,0.8230162858963013,
21,144,1,0.8184598684310913,
21,145,0,0.8208556175231934,
21,145,1,0.8214856386184692,
21,146,0,0.8235400915145874,
21,146,1,0.821895956993103,
21,147,0,0.8227871656417847,
21,147,1,0.8184518814086914,
21,148,0,0.8212586045265198,
21,148,1,0.83409583568573,
21,149,0,0.8223650455474854,
21,149,1,0.816758394241333,
21,150,0,0.8232760429382324,
21,150,1,0.8233477473258972,
21,151,0,0.8247873783111572,
21,151,1,0.8241389989852905,
21,152,0,0.8219709396362305,
21,152,1,0.8259056806564331,
21,153,0,0.8235774040222168,
21,153,1,0.8234586119651794,
21,154,0,0.8251308798789978,
21,154,1,0.8259885311126709,
21,155,0,0.8237292766571045,
21,155,1,0.8189259171485901,
21,156,0,0.8232204914093018,
21,156,1,0.8223080635070801,
21,157,0,0.8258973956108093,
21,157,1,0.8195902705192566,
21,158,0,0.8275046944618225,
21,158,1,0.8254132270812988,
21,159,0,0.824237585067749,
21,159,1,0.8232822418212891,
21,160,0,0.8202946782112122,
21,160,1,0.8150669932365417,
21,161,0,0.8221104145050049,
21,161,1,0.8308532238006592,
21,162,0,0.8232559561729431,
21,162,1,0.8173720836639404,
21,163,0,0.8226773738861084,
21,163,1,0.8247982859611511,
21,164,0,0.8230566382408142,
21,164,1,0.8256268501281738,
21,165,0,0.8228384256362915,
21,165,1,0.8167588114738464,
21,166,0,0.8272201418876648,
21,166,1,0.8224751949310303,
21,167,0,0.8233567476272583,
21,167,1,0.8215627670288086,
21,168,0,0.8247124552726746,
21,168,1,0.8265565633773804,
21,169,0,0.8243023753166199,
21,169,1,0.8214237689971924,
21,170,0,0.8250890970230103,
21,170,1,0.8207190632820129,
21,171,0,0.8233274221420288,
21,171,1,0.8226288557052612,
21,172,0,0.8268150091171265,
21,172,1,0.8288300633430481,
21,173,0,0.8237801790237427,
21,173,1,0.8224069476127625,
21,174,0,0.8225072622299194,
21,174,1,0.8221985697746277,
21,175,0,0.8272258043289185,
21,175,1,0.8287293910980225,
21,176,0,0.8228877782821655,
21,176,1,0.8170591592788696,
21,177,0,0.8260815739631653,
21,177,1,0.8314522504806519,
21,178,0,0.8236874341964722,
21,178,1,0.8262133598327637,
21,179,0,0.8216527700424194,
21,179,1,0.8255373239517212,
21,180,0,0.8245777487754822,
21,180,1,0.825794517993927,
21,181,0,0.8215034008026123,
21,181,1,0.8176867961883545,
21,182,0,0.8272281885147095,
21,182,1,0.8181212544441223,
21,183,0,0.8252517580986023,
21,183,1,0.8225803375244141,
21,184,0,0.8220340609550476,
21,184,1,0.8258516192436218,
21,185,0,0.8245800733566284,
21,185,1,0.8213202357292175,
21,186,0,0.8222498297691345,
21,186,1,0.8239958882331848,
21,187,0,0.8203096389770508,
21,187,1,0.8232077360153198,
21,188,0,0.8223855495452881,
21,188,1,0.8179729580879211,
21,189,0,0.821150541305542,
21,189,1,0.8353284597396851,
21,190,0,0.8243899345397949,
21,190,1,0.8219598531723022,
21,191,0,0.8257412910461426,
21,191,1,0.8245704174041748,
21,192,0,0.8224831819534302,
21,192,1,0.8247305750846863,
21,193,0,0.824690580368042,
21,193,1,0.8203308582305908,
21,194,0,0.8220192193984985,
21,194,1,0.8191380500793457,
21,195,0,0.8247167468070984,
21,195,1,0.8180016875267029,
21,196,0,0.8211081624031067,
21,196,1,0.8188186883926392,
21,197,0,0.8228358626365662,
21,197,1,0.8206923604011536,
21,198,0,0.8254757523536682,
21,198,1,0.8228657245635986,
21,199,0,0.8215389251708984,
21,199,1,0.8190217018127441,
21,200,0,0.820233166217804,
21,200,1,0.8281632661819458,
21,201,0,0.8227826952934265,
21,201,1,0.821510910987854,
21,202,0,0.8214575052261353,
21,202,1,0.8156126737594604,
21,203,0,0.8202847838401794,
21,203,1,0.8288311958312988,
21,204,0,0.8206139802932739,
21,204,1,0.8245713710784912,
21,205,0,0.8221185207366943,
21,205,1,0.8237569332122803,
21,206,0,0.8244318962097168,
21,206,1,0.8147501349449158,
21,207,0,0.8213791847229004,
21,207,1,0.8174006938934326,
21,208,0,0.8196642398834229,
21,208,1,0.8279148936271667,
21,209,0,0.822674036026001,
21,209,1,0.8201479911804199,
21,210,0,0.8230512142181396,
21,210,1,0.8277369737625122,
21,211,0,0.8240671753883362,
21,211,1,0.8116422295570374,
21,212,0,0.8191043138504028,
21,212,1,0.8212605714797974,
21,213,0,0.8196151852607727,
21,213,1,0.8274259567260742,
21,214,0,0.8169058561325073,
21,214,1,0.8296804428100586,
21,215,0,0.8185063004493713,
21,215,1,0.8198722004890442,
21,216,0,0.8247470855712891,
21,216,1,0.8224203586578369,
21,217,0,0.8168845176696777,
21,217,1,0.8125982880592346,
21,218,0,0.8214313983917236,
21,218,1,0.8177846074104309,
21,219,0,0.8217278718948364,
21,219,1,0.8316423892974854,
21,220,0,0.8236419558525085,
21,220,1,0.8237038850784302,
21,221,0,0.8235737085342407,
21,221,1,0.8226766586303711,
21,222,0,0.8233173489570618,
21,222,1,0.8252843022346497,
21,223,0,0.8178483247756958,
21,223,1,0.8219953775405884,
21,224,0,0.8226386308670044,
21,224,1,0.8193623423576355,
21,225,0,0.8260251879692078,
21,225,1,0.822106122970581,
21,226,0,0.8223651647567749,
21,226,1,0.8209813833236694,
21,227,0,0.8202687501907349,
21,227,1,0.8174067735671997,
21,228,0,0.8234903216362,
21,228,1,0.8223599791526794,
21,229,0,0.8222531676292419,
21,229,1,0.8230409622192383,
21,230,0,0.8210279941558838,
21,230,1,0.8206954002380371,
21,231,0,0.8241362571716309,
21,231,1,0.8261491060256958,
21,232,0,0.8231165409088135,
21,232,1,0.8072689771652222,
21,233,0,0.8231881856918335,
21,233,1,0.827768087387085,
21,234,0,0.8252924680709839,
21,234,1,0.8313826322555542,
21,235,0,0.8183620572090149,
21,235,1,0.8211549520492554,
21,236,0,0.8189411759376526,
21,236,1,0.8187400102615356,
21,237,0,0.8252009153366089,
21,237,1,0.8251029253005981,
21,238,0,0.8247331380844116,
21,238,1,0.8297995924949646,
21,239,0,0.8275959491729736,
21,239,1,0.8257948160171509,
21,240,0,0.8252314329147339,
21,240,1,0.8269455432891846,
21,241,0,0.8227791786193848,
21,241,1,0.8261816501617432,
21,242,0,0.8229988813400269,
21,242,1,0.8153216242790222,
21,243,0,0.8206275105476379,
21,243,1,0.8233146667480469,
21,244,0,0.8248534798622131,
21,244,1,0.8175070285797119,
21,245,0,0.8262603282928467,
21,245,1,0.821031928062439,
21,246,0,0.8222099542617798,
21,246,1,0.8156871199607849,
21,247,0,0.8264942169189453,
21,247,1,0.8226743340492249,
21,248,0,0.827487587928772,
21,248,1,0.8188885450363159,
21,249,0,0.8267917633056641,
21,249,1,0.8251131176948547,
21,250,0,0.8226853609085083,
21,250,1,0.8220412731170654,
21,251,0,0.8237704038619995,
21,251,1,0.8296599984169006,
21,252,0,0.8236128687858582,
21,252,1,0.8273284435272217,
21,253,0,0.8265398740768433,
21,253,1,0.8271807432174683,
21,254,0,0.8229470252990723,
21,254,1,0.8273993730545044,
21,255,0,0.8242518901824951,
21,255,1,0.8248121738433838,
21,256,0,0.8225945234298706,
21,256,1,0.8279838562011719,
21,257,0,0.8225535154342651,
21,257,1,0.8222808241844177,
21,258,0,0.8244665861129761,
21,258,1,0.8292474150657654,
21,259,0,0.8208276629447937,
21,259,1,0.8290815353393555,
21,260,0,0.8220202326774597,
21,260,1,0.8290047645568848,
21,261,0,0.8235499858856201,
21,261,1,0.824817955493927,
21,262,0,0.8216952681541443,
21,262,1,0.8280332088470459,
21,263,0,0.8258802890777588,
21,263,1,0.8264778852462769,
21,264,0,0.8206812143325806,
21,264,1,0.8192147612571716,
21,265,0,0.8213392496109009,
21,265,1,0.825250506401062,
21,266,0,0.8268484473228455,
21,266,1,0.8191903829574585,
21,267,0,0.8219246864318848,
21,267,1,0.8188478946685791,
21,268,0,0.8209624290466309,
21,268,1,0.8183627128601074,
21,269,0,0.8188507556915283,
21,269,1,0.8188285827636719,
21,270,0,0.8237087726593018,
21,270,1,0.8232376575469971,
21,271,0,0.8242447972297668,
21,271,1,0.828727126121521,
21,272,0,0.8238719701766968,
21,272,1,0.821066677570343,
21,273,0,0.8214678764343262,
21,273,1,0.824221134185791,
21,274,0,0.8265982866287231,
21,274,1,0.8237987756729126,
21,275,0,0.8195956945419312,
21,275,1,0.829519510269165,
21,276,0,0.8199076056480408,
21,276,1,0.823829174041748,
21,277,0,0.8227888345718384,
21,277,1,0.8256556987762451,
21,278,0,0.8194199800491333,
21,278,1,0.8247050642967224,
21,279,0,0.8221019506454468,
21,279,1,0.8270155787467957,
21,280,0,0.8232181072235107,
21,280,1,0.8264496922492981,
21,281,0,0.8250479698181152,
21,281,1,0.8237571716308594,
21,282,0,0.8224658966064453,
21,282,1,0.8256367444992065,
21,283,0,0.8219740986824036,
21,283,1,0.8193663954734802,
21,284,0,0.8228787183761597,
21,284,1,0.8283717632293701,
21,285,0,0.8237646222114563,
21,285,1,0.8205438852310181,
21,286,0,0.821274995803833,
21,286,1,0.8212969303131104,
21,287,0,0.8248528838157654,
21,287,1,0.820698618888855,
21,288,0,0.822904646396637,
21,288,1,0.8163070678710938,
21,289,0,0.825836181640625,
21,289,1,0.8188271522521973,
21,290,0,0.8227400779724121,
21,290,1,0.82635498046875,
21,291,0,0.8218309879302979,
21,291,1,0.8256180286407471,
21,292,0,0.8254994750022888,
21,292,1,0.8222354650497437,
21,293,0,0.8240528106689453,
21,293,1,0.8223970532417297,
21,294,0,0.8244670629501343,
21,294,1,0.8241409063339233,
21,295,0,0.8255280256271362,
21,295,1,0.8236384391784668,
21,296,0,0.8213626146316528,
21,296,1,0.8250867128372192,
21,297,0,0.820417046546936,
21,297,1,0.8268661499023438,
21,298,0,0.8219383955001831,
21,298,1,0.8279697895050049,
21,299,0,0.8251349329948425,
21,299,1,0.8285450339317322,
21,300,0,0.8273829221725464,
21,300,1,0.8259302973747253,
21,301,0,0.826116681098938,
21,301,1,0.8264599442481995,
21,302,0,0.8226317167282104,
21,302,1,0.8240264654159546,
21,303,0,0.8222366571426392,
21,303,1,0.817070484161377,
21,304,0,0.8248310089111328,
21,304,1,0.8217984437942505,
21,305,0,0.8249272108078003,
21,305,1,0.8202366232872009,
21,306,0,0.8223447799682617,
21,306,1,0.8261370658874512,
21,307,0,0.8251110911369324,
21,307,1,0.8241410255432129,
21,308,0,0.8228129148483276,
21,308,1,0.8193429708480835,
21,309,0,0.8271713256835938,
21,309,1,0.8177690505981445,
21,310,0,0.8250505924224854,
21,310,1,0.8208455443382263,
21,311,0,0.823737621307373,
21,311,1,0.8218957781791687,
21,312,0,0.8229583501815796,
21,312,1,0.829563558101654,
21,313,0,0.8255822062492371,
21,313,1,0.8227550983428955,
21,314,0,0.8247576951980591,
21,314,1,0.8217248916625977,
21,315,0,0.8229973316192627,
21,315,1,0.8241411447525024,
21,316,0,0.8254135847091675,
21,316,1,0.8207118511199951,
21,317,0,0.8259397745132446,
21,317,1,0.8247108459472656,
21,318,0,0.8257050514221191,
21,318,1,0.8239156007766724,
21,319,0,0.8230662941932678,
21,319,1,0.8212471604347229,
21,320,0,0.8229260444641113,
21,320,1,0.8250094652175903,
21,321,0,0.8250138163566589,
21,321,1,0.8221771717071533,
21,322,0,0.8292006254196167,
21,322,1,0.8309237957000732,
21,323,0,0.8236862421035767,
21,323,1,0.8214734196662903,
21,324,0,0.8257942199707031,
21,324,1,0.8188410401344299,
21,325,0,0.8276970386505127,
21,325,1,0.8177865743637085,
21,326,0,0.822991132736206,
21,326,1,0.8222251534461975,
21,327,0,0.8235466480255127,
21,327,1,0.8255022764205933,
21,328,0,0.8243183493614197,
21,328,1,0.8280237913131714,
21,329,0,0.8239191770553589,
21,329,1,0.8194929957389832,
21,330,0,0.820855975151062,
21,330,1,0.8257666230201721,
21,331,0,0.8229936957359314,
21,331,1,0.8212673664093018,
21,332,0,0.8245238065719604,
21,332,1,0.8178421258926392,
21,333,0,0.8252066969871521,
21,333,1,0.8256043195724487,
21,334,0,0.8208632469177246,
21,334,1,0.8153383731842041,
21,335,0,0.8202413320541382,
21,335,1,0.817212700843811,
21,336,0,0.8209461569786072,
21,336,1,0.8196583986282349,
21,337,0,0.8191342353820801,
21,337,1,0.8163535594940186,
21,338,0,0.8221614360809326,
21,338,1,0.8225100040435791,
21,339,0,0.8251987099647522,
21,339,1,0.8262858390808105,
21,340,0,0.8233495950698853,
21,340,1,0.8307956457138062,
21,341,0,0.8209978342056274,
21,341,1,0.8214912414550781,
21,342,0,0.8215928673744202,
21,342,1,0.8234049081802368,
21,343,0,0.8216395378112793,
21,343,1,0.8232293128967285,
21,344,0,0.82591313123703,
21,344,1,0.8219860196113586,
21,345,0,0.8237215280532837,
21,345,1,0.8182032108306885,
21,346,0,0.8259221315383911,
21,346,1,0.8244269490242004,
21,347,0,0.8240424394607544,
21,347,1,0.8299226760864258,
21,348,0,0.8247734904289246,
21,348,1,0.8268114924430847,
21,349,0,0.8263555765151978,
21,349,1,0.8239368200302124,
21,350,0,0.8240715861320496,
21,350,1,0.8216193914413452,
21,351,0,0.8240143060684204,
21,351,1,0.8217817544937134,
21,352,0,0.8235855102539062,
21,352,1,0.8217004537582397,
21,353,0,0.8234943151473999,
21,353,1,0.8199084997177124,
21,354,0,0.8292659521102905,
21,354,1,0.8278248310089111,
21,355,0,0.8236861824989319,
21,355,1,0.8222370147705078,
21,356,0,0.8261266350746155,
21,356,1,0.8231872320175171,
21,357,0,0.8225125074386597,
21,357,1,0.820348858833313,
21,358,0,0.8246787190437317,
21,358,1,0.8255286812782288,
21,359,0,0.8252049684524536,
21,359,1,0.8281493186950684,
21,360,0,0.8241465091705322,
21,360,1,0.8197675943374634,
21,361,0,0.8251478672027588,
21,361,1,0.8186380863189697,
21,362,0,0.8222216963768005,
21,362,1,0.8220546245574951,
21,363,0,0.823614239692688,
21,363,1,0.8194099068641663,
21,364,0,0.8214852213859558,
21,364,1,0.826362133026123,
21,365,0,0.8240267038345337,
21,365,1,0.8167813420295715,
21,366,0,0.8241051435470581,
21,366,1,0.8187348246574402,
21,367,0,0.8241597414016724,
21,367,1,0.8290082812309265,
21,368,0,0.8245997428894043,
21,368,1,0.8230859637260437,
21,369,0,0.8243191242218018,
21,369,1,0.8324977159500122,
21,370,0,0.8253118991851807,
21,370,1,0.8201196789741516,
21,371,0,0.820715069770813,
21,371,1,0.8243846297264099,
21,372,0,0.8259608745574951,
21,372,1,0.8210404515266418,
21,373,0,0.8251255750656128,
21,373,1,0.8239861726760864,
21,374,0,0.8217779994010925,
21,374,1,0.8264577388763428,
21,375,0,0.8243595957756042,
21,375,1,0.8237175941467285,
21,376,0,0.8211410641670227,
21,376,1,0.8237963914871216,
21,377,0,0.8262218236923218,
21,377,1,0.8251510858535767,
21,378,0,0.8232558369636536,
21,378,1,0.8267081379890442,
21,379,0,0.8261091113090515,
21,379,1,0.8265215158462524,
21,380,0,0.8227920532226562,
21,380,1,0.8278000950813293,
21,381,0,0.8228497505187988,
21,381,1,0.8250632882118225,
21,382,0,0.8259085416793823,
21,382,1,0.8253980875015259,
21,383,0,0.8231980204582214,
21,383,1,0.8257870674133301,
21,384,0,0.8202806711196899,
21,384,1,0.8229027986526489,
21,385,0,0.8263964056968689,
21,385,1,0.8247207403182983,
21,386,0,0.8221367597579956,
21,386,1,0.824238657951355,
21,387,0,0.8220496773719788,
21,387,1,0.8259395360946655,
21,388,0,0.8233000040054321,
21,388,1,0.8143459558486938,
21,389,0,0.8245922327041626,
21,389,1,0.8169367909431458,
21,390,0,0.8212947845458984,
21,390,1,0.8257813453674316,
21,391,0,0.8231272101402283,
21,391,1,0.8306554555892944,
21,392,0,0.8246940970420837,
21,392,1,0.8265002369880676,
21,393,0,0.8248292207717896,
21,393,1,0.8250463604927063,
21,394,0,0.8221015334129333,
21,394,1,0.825203537940979,
21,395,0,0.8257858753204346,
21,395,1,0.8295354247093201,
21,396,0,0.8271608948707581,
21,396,1,0.8252909779548645,
21,397,0,0.8245314955711365,
21,397,1,0.8265830278396606,
21,398,0,0.8240259289741516,
21,398,1,0.8235413432121277,
21,399,0,0.8247247934341431,
21,399,1,0.8250569701194763,
21,400,0,0.8256517052650452,
21,400,1,0.8269078731536865,
21,401,0,0.8227697610855103,
21,401,1,0.8273273706436157,
21,402,0,0.8258954286575317,
21,402,1,0.8282400369644165,
21,403,0,0.8215770721435547,
21,403,1,0.8208990097045898,
21,404,0,0.8241935968399048,
21,404,1,0.8317708373069763,
21,405,0,0.8248059749603271,
21,405,1,0.8270103931427002,
21,406,0,0.8230605125427246,
21,406,1,0.8254743814468384,
21,407,0,0.8203808069229126,
21,407,1,0.8217308521270752,
21,408,0,0.8211493492126465,
21,408,1,0.822619616985321,
21,409,0,0.8220944404602051,
21,409,1,0.8275437355041504,
21,410,0,0.8242685198783875,
21,410,1,0.8249462842941284,
21,411,0,0.8252240419387817,
21,411,1,0.8248754739761353,
21,412,0,0.8248171210289001,
21,412,1,0.825028121471405,
21,413,0,0.8252806067466736,
21,413,1,0.8199875354766846,
21,414,0,0.8248826265335083,
21,414,1,0.8229735493659973,
21,415,0,0.8233110904693604,
21,415,1,0.822581946849823,
21,416,0,0.8244609236717224,
21,416,1,0.8267822265625,
21,417,0,0.8234342932701111,
21,417,1,0.8298622369766235,
21,418,0,0.824059247970581,
21,418,1,0.824084460735321,
21,419,0,0.8246752023696899,
21,419,1,0.8245662450790405,
21,420,0,0.8251256346702576,
21,420,1,0.8237062096595764,
21,421,0,0.8239070177078247,
21,421,1,0.8281596899032593,
21,422,0,0.8236820101737976,
21,422,1,0.8245558142662048,
21,423,0,0.8269378542900085,
21,423,1,0.8232144713401794,
21,424,0,0.8228363990783691,
21,424,1,0.8242744207382202,
21,425,0,0.8224413394927979,
21,425,1,0.821308970451355,
21,426,0,0.8224629163742065,
21,426,1,0.82289719581604,
21,427,0,0.822391152381897,
21,427,1,0.8290005922317505,
21,428,0,0.8259139657020569,
21,428,1,0.822283148765564,
21,429,0,0.8233144283294678,
21,429,1,0.8219059109687805,
21,430,0,0.8242324590682983,
21,430,1,0.8250375986099243,
21,431,0,0.8229306936264038,
21,431,1,0.8237705230712891,
21,432,0,0.8248323202133179,
21,432,1,0.8202511072158813,
21,433,0,0.8235504031181335,
21,433,1,0.8204895853996277,
21,434,0,0.8253254890441895,
21,434,1,0.825009822845459,
21,435,0,0.8217085599899292,
21,435,1,0.8282872438430786,
21,436,0,0.8254367113113403,
21,436,1,0.8254367113113403,
21,437,0,0.8227410316467285,
21,437,1,0.8242576122283936,
21,438,0,0.8255124092102051,
21,438,1,0.825230598449707,
21,439,0,1.1762592792510986,
21,439,1,0.8261590003967285,
21,440,0,0.8250417113304138,
21,440,1,0.8191964626312256,
21,441,0,0.8256529569625854,
21,441,1,0.8255495429039001,
21,442,0,0.8237545490264893,
21,442,1,0.8191248774528503,
21,443,0,0.8214086294174194,
21,443,1,0.8281904458999634,
21,444,0,0.8227691650390625,
21,444,1,0.8262073993682861,
21,445,0,0.8264039754867554,
21,445,1,0.8270437121391296,
21,446,0,0.8219881653785706,
21,446,1,0.8247829675674438,
21,447,0,0.8212342262268066,
21,447,1,0.8210721015930176,
21,448,0,0.8217109441757202,
21,448,1,0.826387345790863,
21,449,0,0.8244675397872925,
21,449,1,0.8213647603988647,
21,450,0,0.8242642879486084,
21,450,1,0.8150708079338074,
21,451,0,0.822034478187561,
21,451,1,0.826683521270752,
21,452,0,0.8246092796325684,
21,452,1,0.8235980272293091,
21,453,0,0.8245204091072083,
21,453,1,0.8281667232513428,
21,454,0,0.8239259719848633,
21,454,1,0.8227478265762329,
21,455,0,0.8227269649505615,
21,455,1,0.8215588331222534,
21,456,0,0.8261005282402039,
21,456,1,0.8237180709838867,
21,457,0,0.8233662843704224,
21,457,1,0.8211545944213867,
21,458,0,0.824042022228241,
21,458,1,0.8206939697265625,
21,459,0,0.8223172426223755,
21,459,1,0.8322652578353882,
21,460,0,0.8232879042625427,
21,460,1,0.8277014493942261,
21,461,0,0.8224706649780273,
21,461,1,0.8212878108024597,
21,462,0,0.8241498470306396,
21,462,1,0.8248800039291382,
21,463,0,0.8210822343826294,
21,463,1,0.8177800178527832,
21,464,0,0.8246200680732727,
21,464,1,0.8240966796875,
21,465,0,0.8235741853713989,
21,465,1,0.821266233921051,
21,466,0,0.825960636138916,
21,466,1,0.8293789625167847,
21,467,0,0.8255934715270996,
21,467,1,0.8219668865203857,
21,468,0,0.8235898017883301,
21,468,1,0.8276410102844238,
21,469,0,0.8247970938682556,
21,469,1,0.8190401792526245,
21,470,0,0.8244925737380981,
21,470,1,0.8229534029960632,
21,471,0,0.8233705759048462,
21,471,1,0.8295948505401611,
21,472,0,0.823639452457428,
21,472,1,0.8260013461112976,
21,473,0,0.8242504000663757,
21,473,1,0.819076418876648,
21,474,0,0.8254415392875671,
21,474,1,0.8230211734771729,
21,475,0,0.8254916071891785,
21,475,1,0.823837161064148,
21,476,0,0.8281505107879639,
21,476,1,0.8196010589599609,
21,477,0,0.8243503570556641,
21,477,1,0.824866533279419,
21,478,0,0.8211640119552612,
21,478,1,0.8288413286209106,
21,479,0,0.8236212730407715,
21,479,1,0.8162152171134949,
21,480,0,0.8235887885093689,
21,480,1,0.8170003890991211,
21,481,0,0.8254719376564026,
21,481,1,0.8214865922927856,
21,482,0,0.8257439136505127,
21,482,1,0.8216923475265503,
21,483,0,0.8273156881332397,
21,483,1,0.8255919814109802,
21,484,0,0.8268868923187256,
21,484,1,0.8271307945251465,
21,485,0,0.8223421573638916,
21,485,1,0.8292436599731445,
21,486,0,0.825287938117981,
21,486,1,0.82470703125,
21,487,0,0.8259283900260925,
21,487,1,0.8214195966720581,
21,488,0,0.8237156867980957,
21,488,1,0.8222413063049316,
21,489,0,0.8246698379516602,
21,489,1,0.8172222375869751,
21,490,0,0.8246082067489624,
21,490,1,0.8311071395874023,
21,491,0,0.8241192698478699,
21,491,1,0.8269492387771606,
21,492,0,0.8225729465484619,
21,492,1,0.817232072353363,
21,493,0,0.8245741724967957,
21,493,1,0.8249893188476562,
21,494,0,0.8223437666893005,
21,494,1,0.8266403675079346,
21,495,0,0.8219150304794312,
21,495,1,0.8271924257278442,
21,496,0,0.8250871896743774,
21,496,1,0.8279247879981995,
21,497,0,0.8219566345214844,
21,497,1,0.8267127871513367,
21,498,0,0.8227537870407104,
21,498,1,0.827343225479126,
21,499,0,0.8249065279960632,
21,499,1,0.8276463150978088,
21,500,0,0.8215665817260742,
21,500,1,0.8226589560508728,
21,501,0,0.8225905299186707,
21,501,1,0.8255482316017151,
21,502,0,0.8232600092887878,
21,502,1,0.8241278529167175,
21,503,0,0.8259067535400391,
21,503,1,0.8234374523162842,
21,504,0,0.8247461318969727,
21,504,1,0.8252409100532532,
21,505,0,0.8246644735336304,
21,505,1,0.8251276016235352,
21,506,0,0.8235492706298828,
21,506,1,0.8246232271194458,
21,507,0,0.8276119232177734,
21,507,1,0.8218620419502258,
21,508,0,0.8222666382789612,
21,508,1,0.8269435167312622,
21,509,0,0.826819658279419,
21,509,1,0.827842652797699,
21,510,0,0.8230870962142944,
21,510,1,0.8257026076316833,
21,511,0,0.8287325501441956,
21,511,1,0.8261727094650269,
21,512,0,0.8249826431274414,
21,512,1,0.8198543787002563,
21,513,0,0.8217206001281738,
21,513,1,0.8203912973403931,
21,514,0,0.8240722417831421,
21,514,1,0.8236477971076965,
21,515,0,0.8230644464492798,
21,515,1,0.8230572938919067,
21,516,0,0.8252319097518921,
21,516,1,0.8250926733016968,
21,517,0,0.8252169489860535,
21,517,1,0.8212517499923706,
21,518,0,0.8241115808486938,
21,518,1,0.8188437223434448,
21,519,0,0.8243668675422668,
21,519,1,0.8206656575202942,
21,520,0,0.8232312798500061,
21,520,1,0.8252914547920227,
21,521,0,0.8249725103378296,
21,521,1,0.825275182723999,
21,522,0,0.8281013369560242,
21,522,1,0.8216518759727478,
21,523,0,0.8225746750831604,
21,523,1,0.8239399790763855,
21,524,0,0.82038414478302,
21,524,1,0.823373019695282,
21,525,0,0.8225291967391968,
21,525,1,0.8262784481048584,
21,526,0,0.8238024711608887,
21,526,1,0.8210875391960144,
21,527,0,0.8269660472869873,
21,527,1,0.8182343244552612,
21,528,0,0.8241949677467346,
21,528,1,0.8187944889068604,
21,529,0,0.8229256868362427,
21,529,1,0.8253655433654785,
21,530,0,0.8257614970207214,
21,530,1,0.8263978958129883,
21,531,0,0.8243104815483093,
21,531,1,0.8210824131965637,
21,532,0,0.8231600522994995,
21,532,1,0.8248940110206604,
21,533,0,0.8259525299072266,
21,533,1,0.8200411796569824,
21,534,0,0.8228199481964111,
21,534,1,0.8232484459877014,
21,535,0,0.8236875534057617,
21,535,1,0.8259157538414001,
21,536,0,0.8233631253242493,
21,536,1,0.8193204402923584,
21,537,0,0.8240094184875488,
21,537,1,0.8161930441856384,
21,538,0,0.8239443898200989,
21,538,1,0.8136047124862671,
21,539,0,0.8217692375183105,
21,539,1,0.8259592056274414,
21,540,0,0.8212944269180298,
21,540,1,0.8309394121170044,
21,541,0,0.823077917098999,
21,541,1,0.8246160745620728,
21,542,0,0.8257532715797424,
21,542,1,0.8329002857208252,
21,543,0,0.8234556913375854,
21,543,1,0.8253173232078552,
21,544,0,0.8224948644638062,
21,544,1,0.8206349611282349,
21,545,0,0.8214520215988159,
21,545,1,0.8269333839416504,
21,546,0,0.8249613046646118,
21,546,1,0.8258044123649597,
21,547,0,0.8228452205657959,
21,547,1,0.8210369348526001,
21,548,0,0.8283450603485107,
21,548,1,0.8209566473960876,
21,549,0,0.8226088285446167,
21,549,1,0.8295902609825134,
21,550,0,0.827006459236145,
21,550,1,0.8223823308944702,
21,551,0,0.8246814608573914,
21,551,1,0.8232451677322388,
21,552,0,0.8245784044265747,
21,552,1,0.8238322734832764,
21,553,0,0.8232601284980774,
21,553,1,0.8251670002937317,
21,554,0,0.8229928016662598,
21,554,1,0.8220033645629883,
21,555,0,0.8255263566970825,
21,555,1,0.8234376907348633,
21,556,0,0.8258650302886963,
21,556,1,0.8229777812957764,
21,557,0,0.8254704475402832,
21,557,1,0.8258943557739258,
21,558,0,0.8203840255737305,
21,558,1,0.8245992064476013,
21,559,0,0.8247323036193848,
21,559,1,0.8260948657989502,
21,560,0,0.8245016932487488,
21,560,1,0.8233427405357361,
21,561,0,0.8215786814689636,
21,561,1,0.8174875378608704,
21,562,0,0.8228332996368408,
21,562,1,0.8273855447769165,
21,563,0,0.8219623565673828,
21,563,1,0.8173727989196777,
21,564,0,0.8253975510597229,
21,564,1,0.8240390419960022,
21,565,0,0.8218033313751221,
21,565,1,0.8256151676177979,
21,566,0,0.8263057470321655,
21,566,1,0.8264733552932739,
21,567,0,0.8234561681747437,
21,567,1,0.8188698291778564,
21,568,0,0.8212272524833679,
21,568,1,0.8242417573928833,
21,569,0,0.819725513458252,
21,569,1,0.8251942992210388,
21,570,0,0.8209930062294006,
21,570,1,0.8302897214889526,
21,571,0,0.8240358829498291,
21,571,1,0.8225858211517334,
21,572,0,0.8261111974716187,
21,572,1,0.8247202038764954,
21,573,0,0.8226504921913147,
21,573,1,0.8240011930465698,
21,574,0,0.8222846984863281,
21,574,1,0.8269973397254944,
21,575,0,0.8242843747138977,
21,575,1,0.8180355429649353,
21,576,0,0.8229613304138184,
21,576,1,0.8167491555213928,
21,577,0,0.8199236392974854,
21,577,1,0.8213627338409424,
21,578,0,0.8228361010551453,
21,578,1,0.815719723701477,
21,579,0,0.8211140632629395,
21,579,1,0.8264794945716858,
21,580,0,0.8222842812538147,
21,580,1,0.8205219507217407,
21,581,0,0.8254883289337158,
21,581,1,0.8213690519332886,
21,582,0,0.8225139379501343,
21,582,1,0.8161525130271912,
21,583,0,0.8240995407104492,
21,583,1,0.8196234703063965,
21,584,0,0.8220889568328857,
21,584,1,0.8198425769805908,
21,585,0,0.8241930603981018,
21,585,1,0.8203781247138977,
21,586,0,0.8223880529403687,
21,586,1,0.8205547332763672,
21,587,0,0.8222904205322266,
21,587,1,0.8233330845832825,
21,588,0,0.8233641386032104,
21,588,1,0.8268898129463196,
21,589,0,0.8250854015350342,
21,589,1,0.8222882747650146,
21,590,0,0.8210598230361938,
21,590,1,0.8260513544082642,
21,591,0,0.8259345293045044,
21,591,1,0.8153151273727417,
21,592,0,0.8250237703323364,
21,592,1,0.8291748762130737,
21,593,0,0.8236181139945984,
21,593,1,0.8188815116882324,
21,594,0,0.8231633901596069,
21,594,1,0.8211013078689575,
21,595,0,0.822907567024231,
21,595,1,0.8193223476409912,
21,596,0,0.8235725164413452,
21,596,1,0.8171180486679077,
21,597,0,0.8221811056137085,
21,597,1,0.8285646438598633,
21,598,0,0.8249302506446838,
21,598,1,0.8231469988822937,
21,599,0,0.8291773796081543,
21,599,1,0.8168564438819885,
21,600,0,0.8229575753211975,
21,600,1,0.8182424902915955,
21,601,0,0.8228397369384766,
21,601,1,0.8238690495491028,
21,602,0,0.826401948928833,
21,602,1,0.826184093952179,
21,603,0,0.8263983130455017,
21,603,1,0.8287746906280518,
21,604,0,0.8244316577911377,
21,604,1,0.8296190500259399,
21,val,,,0.8257663778464
22,0,0,0.8240913152694702,
22,0,1,0.8173607587814331,
22,1,0,0.8243142366409302,
22,1,1,0.8308734893798828,
22,2,0,0.8244163393974304,
22,2,1,0.8303180932998657,
22,3,0,0.827738881111145,
22,3,1,0.8238754272460938,
22,4,0,0.8211877346038818,
22,4,1,0.8274245858192444,
22,5,0,0.822888970375061,
22,5,1,0.8246318101882935,
22,6,0,0.824863076210022,
22,6,1,0.8267393112182617,
22,7,0,0.8239103555679321,
22,7,1,0.8160643577575684,
22,8,0,0.8198613524436951,
22,8,1,0.8196214437484741,
22,9,0,0.8210011720657349,
22,9,1,0.8214799165725708,
22,10,0,0.8219795227050781,
22,10,1,0.8219153881072998,
22,11,0,0.8223633766174316,
22,11,1,0.8231882452964783,
22,12,0,0.8199223279953003,
22,12,1,0.8218979835510254,
22,13,0,0.8250435590744019,
22,13,1,0.8240132331848145,
22,14,0,0.8253465890884399,
22,14,1,0.8250232338905334,
22,15,0,0.8215704560279846,
22,15,1,0.8197181820869446,
22,16,0,0.8219084739685059,
22,16,1,0.818450391292572,
22,17,0,0.8227307796478271,
22,17,1,0.8247873187065125,
22,18,0,0.8226038813591003,
22,18,1,0.8267219066619873,
22,19,0,0.8201889395713806,
22,19,1,0.8243380784988403,
22,20,0,0.8208346366882324,
22,20,1,0.8227561712265015,
22,21,0,0.8227332830429077,
22,21,1,0.8271496295928955,
22,22,0,0.82650226354599,
22,22,1,0.8171191811561584,
22,23,0,0.8239965438842773,
22,23,1,0.824575662612915,
22,24,0,0.8226016759872437,
22,24,1,0.8228174448013306,
22,25,0,0.8195561170578003,
22,25,1,0.8240041732788086,
22,26,0,0.8205099105834961,
22,26,1,0.8209519386291504,
22,27,0,0.8214794993400574,
22,27,1,0.8312615156173706,
22,28,0,0.8192755579948425,
22,28,1,0.820655107498169,
22,29,0,0.8274773359298706,
22,29,1,0.8182787895202637,
22,30,0,0.8190404772758484,
22,30,1,0.8274762034416199,
22,31,0,0.8218882083892822,
22,31,1,0.8250707983970642,
22,32,0,0.817070484161377,
22,32,1,0.8294358253479004,
22,33,0,0.8239933252334595,
22,33,1,0.8228984475135803,
22,34,0,0.8220341205596924,
22,34,1,0.8207724094390869,
22,35,0,0.8211817145347595,
22,35,1,0.8165503740310669,
22,36,0,0.8199295997619629,
22,36,1,0.8239945769309998,
22,37,0,0.8216761946678162,
22,37,1,0.8233836889266968,
22,38,0,0.8214325904846191,
22,38,1,0.8198485374450684,
22,39,0,0.8252211809158325,
22,39,1,0.8223109841346741,
22,40,0,0.8214602470397949,
22,40,1,0.8164089918136597,
22,41,0,0.821257472038269,
22,41,1,0.8230941295623779,
22,42,0,0.8249526023864746,
22,42,1,0.8263413906097412,
22,43,0,0.8232685923576355,
22,43,1,0.8201543092727661,
22,44,0,0.8251094818115234,
22,44,1,0.8212722539901733,
22,45,0,0.8179007768630981,
22,45,1,0.8191158175468445,
22,46,0,0.8236590623855591,
22,46,1,0.8182214498519897,
22,47,0,0.8220179677009583,
22,47,1,0.8263593316078186,
22,48,0,0.8217645287513733,
22,48,1,0.8322513699531555,
22,49,0,0.8269320726394653,
22,49,1,0.8266579508781433,
22,50,0,0.8213789463043213,
22,50,1,0.8291181325912476,
22,51,0,0.8259327411651611,
22,51,1,0.8238599300384521,
22,52,0,0.8281757831573486,
22,52,1,0.8246752023696899,
22,53,0,0.826390266418457,
22,53,1,0.8293545842170715,
22,54,0,0.8209164142608643,
22,54,1,0.8247226476669312,
22,55,0,0.8250074982643127,
22,55,1,0.816616952419281,
22,56,0,0.8246324062347412,
22,56,1,0.8267505764961243,
22,57,0,0.8200429677963257,
22,57,1,0.8277862071990967,
22,58,0,0.8279945850372314,
22,58,1,0.8265095353126526,
22,59,0,0.8205161094665527,
22,59,1,0.8296576738357544,
22,60,0,0.8265335559844971,
22,60,1,0.8231344223022461,
22,61,0,0.8251922726631165,
22,61,1,0.8257473111152649,
22,62,0,0.8266585469245911,
22,62,1,0.8242324590682983,
22,63,0,0.8219720125198364,
22,63,1,0.824055552482605,
22,64,0,0.8226961493492126,
22,64,1,0.8254838585853577,
22,65,0,0.8230892419815063,
22,65,1,0.8246106505393982,
22,66,0,0.8228439688682556,
22,66,1,0.8248090744018555,
22,67,0,0.8261511325836182,
22,67,1,0.8215572237968445,
22,68,0,0.8256349563598633,
22,68,1,0.8267999887466431,
22,69,0,0.8227904438972473,
22,69,1,0.8246707916259766,
22,70,0,0.8194131255149841,
22,70,1,0.8257778882980347,
22,71,0,0.8250898718833923,
22,71,1,0.8237788677215576,
22,72,0,0.8222597241401672,
22,72,1,0.8200441598892212,
22,73,0,0.8229660987854004,
22,73,1,0.823622465133667,
22,74,0,0.8206690549850464,
22,74,1,0.8208755254745483,
22,75,0,0.8240914344787598,
22,75,1,0.8262265920639038,
22,76,0,0.8230298757553101,
22,76,1,0.821979284286499,
22,77,0,0.8235165476799011,
22,77,1,0.8223048448562622,
22,78,0,0.8274962902069092,
22,78,1,0.8248632550239563,
22,79,0,0.823476254940033,
22,79,1,0.8206709623336792,
22,80,0,0.8237610459327698,
22,80,1,0.824140191078186,
22,81,0,0.8230332136154175,
22,81,1,0.8244436979293823,
22,82,0,0.8216229677200317,
22,82,1,0.8234062790870667,
22,83,0,0.8238986134529114,
22,83,1,0.8219369053840637,
22,84,0,0.8211922645568848,
22,84,1,0.8213526010513306,
22,85,0,0.8249489068984985,
22,85,1,0.8220043778419495,
22,86,0,0.8245527744293213,
22,86,1,0.8216702342033386,
22,87,0,0.8213328123092651,
22,87,1,0.8241610527038574,
22,88,0,0.8227070569992065,
22,88,1,0.82631516456604,
22,89,0,0.8229590058326721,
22,89,1,0.8251645565032959,
22,90,0,0.8232835531234741,
22,90,1,0.8229973316192627,
22,91,0,0.8249421119689941,
22,91,1,0.8253848552703857,
22,92,0,0.8244158029556274,
22,92,1,0.8241070508956909,
22,93,0,0.8225175142288208,
22,93,1,0.8306623697280884,
22,94,0,0.8267073631286621,
22,94,1,0.8236942291259766,
22,95,0,0.8234829306602478,
22,95,1,0.8227715492248535,
22,96,0,0.8208337426185608,
22,96,1,0.8284773826599121,
22,97,0,0.8223923444747925,
22,97,1,0.8273200392723083,
22,98,0,0.8267319202423096,
22,98,1,0.8234561681747437,
22,99,0,0.8231019377708435,
22,99,1,0.8267709016799927,
22,100,0,0.8220705389976501,
22,100,1,0.8220158815383911,
22,101,0,0.8233428001403809,
22,101,1,0.8212345838546753,
22,102,0,0.8211138248443604,
22,102,1,0.8284937143325806,
22,103,0,0.8239845633506775,
22,103,1,0.8266693353652954,
22,104,0,0.8243681788444519,
22,104,1,0.8324524164199829,
22,105,0,0.8273591995239258,
22,105,1,0.8213438987731934,
22,106,0,0.8256937265396118,
22,106,1,0.8190468549728394,
22,107,0,0.8280926942825317,
22,107,1,0.8254603147506714,
22,108,0,0.8243396282196045,
22,108,1,0.8203049898147583,
22,109,0,0.8251307010650635,
22,109,1,0.8212674856185913,
22,110,0,0.8202523589134216,
22,110,1,0.8216388821601868,
22,111,0,0.8256567716598511,
22,111,1,0.8212553858757019,
22,112,0,0.8270244002342224,
22,112,1,0.816856861114502,
22,113,0,0.8280186057090759,
22,113,1,0.8230681419372559,
22,114,0,0.8253932595252991,
22,114,1,0.8294873237609863,
22,115,0,0.8280022740364075,
22,115,1,0.8177197575569153,
22,116,0,0.8235113620758057,
22,116,1,0.8262426853179932,
22,117,0,0.8211860656738281,
22,117,1,0.8219909071922302,
22,118,0,0.8252723813056946,
22,118,1,0.8195804357528687,
22,119,0,0.8232978582382202,
22,119,1,0.8223959803581238,
22,120,0,0.8236476182937622,
22,120,1,0.8223496675491333,
22,121,0,0.8219801187515259,
22,121,1,0.8261740803718567,
22,122,0,0.8239349126815796,
22,122,1,0.820094108581543,
22,123,0,0.8220633864402771,
22,123,1,0.8228323459625244,
22,124,0,0.8235588073730469,
22,124,1,0.8236806392669678,
22,125,0,0.823613703250885,
22,125,1,0.8222758173942566,
22,126,0,0.8236543536186218,
22,126,1,0.8175897598266602,
22,127,0,0.8226521015167236,
22,127,1,0.8264073133468628,
22,128,0,0.8194401860237122,
22,128,1,0.8234196901321411,
22,129,0,0.8210314512252808,
22,129,1,0.8294061422348022,
22,130,0,0.8198564648628235,
22,130,1,0.8261915445327759,
22,131,0,0.8244675993919373,
22,131,1,0.8292213678359985,
22,132,0,0.8241338729858398,
22,132,1,0.822373628616333,
22,133,0,0.8228256106376648,
22,133,1,0.8191823959350586,
22,134,0,0.8220343589782715,
22,134,1,0.8265125751495361,
22,135,0,0.8246369957923889,
22,135,1,0.8295222520828247,
22,136,0,0.8248504996299744,
22,136,1,0.8214007616043091,
22,137,0,0.824093222618103,
22,137,1,0.8245686292648315,
22,138,0,0.8220654726028442,
22,138,1,0.8191608190536499,
22,139,0,0.8252937197685242,
22,139,1,0.8273869156837463,
22,140,0,0.8239171504974365,
22,140,1,0.8256048560142517,
22,141,0,0.8251470923423767,
22,141,1,0.8235161900520325,
22,142,0,0.8249580264091492,
22,142,1,0.8213952779769897,
22,143,0,0.8274749517440796,
22,143,1,0.8232539892196655,
22,144,0,0.8212341070175171,
22,144,1,0.8270078897476196,
22,145,0,0.8210423588752747,
22,145,1,0.8216735124588013,
22,146,0,0.825524091720581,
22,146,1,0.8194230794906616,
22,147,0,0.8239257335662842,
22,147,1,0.8149555325508118,
22,148,0,0.8212791681289673,
22,148,1,0.8262177109718323,
22,149,0,0.8246219754219055,
22,149,1,0.8127498626708984,
22,150,0,0.8235571384429932,
22,150,1,0.8235512971878052,
22,151,0,0.8240852355957031,
22,151,1,0.826170027256012,
22,152,0,0.8207236528396606,
22,152,1,0.8212268352508545,
22,153,0,0.8235890865325928,
22,153,1,0.818467378616333,
22,154,0,0.8231198191642761,
22,154,1,0.8253486156463623,
22,155,0,0.8210955858230591,
22,155,1,0.8283015489578247,
22,156,0,0.8257138133049011,
22,156,1,0.8194888234138489,
22,157,0,0.8253520131111145,
22,157,1,0.8260507583618164,
22,158,0,0.8272813558578491,
22,158,1,0.8251686692237854,
22,159,0,0.8251723051071167,
22,159,1,0.8215726017951965,
22,160,0,0.8183049559593201,
22,160,1,0.8227919936180115,
22,161,0,0.8230984210968018,
22,161,1,0.8223471641540527,
22,162,0,0.8234426975250244,
22,162,1,0.8211383819580078,
22,163,0,0.8241433501243591,
22,163,1,0.8243029713630676,
22,164,0,0.8233840465545654,
22,164,1,0.8287971019744873,
22,165,0,0.8195800185203552,
22,165,1,0.8253953456878662,
22,166,0,0.8276147842407227,
22,166,1,0.8235975503921509,
22,167,0,0.8232086300849915,
22,167,1,0.8224676847457886,
22,168,0,0.8257954120635986,
22,168,1,0.8185747861862183,
22,169,0,0.8232751488685608,
22,169,1,0.8219954967498779,
22,170,0,0.8230549097061157,
22,170,1,0.8266738653182983,
22,171,0,0.8219125866889954,
22,171,1,0.8182263970375061,
22,172,0,0.8243789672851562,
22,172,1,0.830853283405304,
22,173,0,0.8230166435241699,
22,173,1,0.8218381404876709,
22,174,0,0.8216336965560913,
22,174,1,0.8219362497329712,
22,175,0,0.8268065452575684,
22,175,1,0.8330973386764526,
22,176,0,0.8222776651382446,
22,176,1,0.8171746730804443,
22,177,0,0.8282753229141235,
22,177,1,0.8202333450317383,
22,178,0,0.8259893655776978,
22,178,1,0.8240541219711304,
22,179,0,0.8226222991943359,
22,179,1,0.8191142082214355,
22,180,0,0.8249735832214355,
22,180,1,0.8240820169448853,
22,181,0,0.8212141394615173,
22,181,1,0.817948043346405,
22,182,0,0.8222587704658508,
22,182,1,0.8300889134407043,
22,183,0,0.825562596321106,
22,183,1,0.8243715763092041,
22,184,0,0.8219577074050903,
22,184,1,0.824106752872467,
22,185,0,0.8233581781387329,
22,185,1,0.8196518421173096,
22,186,0,0.818411111831665,
22,186,1,0.8270480632781982,
22,187,0,0.8186126351356506,
22,187,1,0.8266997337341309,
22,188,0,0.820835530757904,
22,188,1,0.8249112367630005,
22,189,0,0.8241946697235107,
22,189,1,0.8263850808143616,
22,190,0,0.8226898312568665,
22,190,1,0.828752875328064,
22,191,0,0.8263813257217407,
22,191,1,0.8229978084564209,
22,192,0,0.8229496479034424,
22,192,1,0.8196607828140259,
22,193,0,0.8207998871803284,
22,193,1,0.8294171094894409,
22,194,0,0.8199961185455322,
22,194,1,0.8229560852050781,
22,195,0,0.8232491612434387,
22,195,1,0.8226535320281982,
22,196,0,0.819617748260498,
22,196,1,0.8264643549919128,
22,197,0,0.8205426931381226,
22,197,1,0.8203277587890625,
22,198,0,0.82464599609375,
22,198,1,0.8164446949958801,
22,199,0,0.8212389945983887,
22,199,1,0.8177457451820374,
22,200,0,0.8216859102249146,
22,200,1,0.8250566124916077,
22,201,0,0.8208211064338684,
22,201,1,0.8224412202835083,
22,202,0,0.8185996413230896,
22,202,1,0.8222223520278931,
22,203,0,0.820909857749939,
22,203,1,0.8229507207870483,
22,204,0,0.8218312859535217,
22,204,1,0.8184328675270081,
22,205,0,0.8239762187004089,
22,205,1,0.815201997756958,
22,206,0,0.8217291235923767,
22,206,1,0.8171260356903076,
22,207,0,0.8171297907829285,
22,207,1,0.8255431056022644,
22,208,0,0.8200438022613525,
22,208,1,0.8182465434074402,
22,209,0,0.824400007724762,
22,209,1,0.8229397535324097,
22,210,0,0.8219631314277649,
22,210,1,0.8194076418876648,
22,211,0,0.8217411041259766,
22,211,1,0.8250159025192261,
22,212,0,0.8180954456329346,
22,212,1,0.8182259798049927,
22,213,0,0.822163462638855,
22,213,1,0.8278816938400269,
22,214,0,0.8209120035171509,
22,214,1,0.8117583394050598,
22,215,0,0.8195500373840332,
22,215,1,0.8210139274597168,
22,216,0,0.8220072984695435,
22,216,1,0.8275555372238159,
22,217,0,0.8165650367736816,
22,217,1,0.8078441619873047,
22,218,0,0.8205342292785645,
22,218,1,0.8125967979431152,
22,219,0,0.8268056511878967,
22,219,1,0.8178558349609375,
22,220,0,0.8212491273880005,
22,220,1,0.8233827352523804,
22,221,0,0.8234236240386963,
22,221,1,0.8196773529052734,
22,222,0,0.8244173526763916,
22,222,1,0.8169622421264648,
22,223,0,0.8163138031959534,
22,223,1,0.8220864534378052,
22,224,0,0.8239527940750122,
22,224,1,0.8232179880142212,
22,225,0,0.8286925554275513,
22,225,1,0.8186087608337402,
22,226,0,0.8182462453842163,
22,226,1,0.8212676048278809,
22,227,0,0.818455159664154,
22,227,1,0.8188426494598389,
22,228,0,0.8236356973648071,
22,228,1,0.8230528831481934,
22,229,0,0.8237505555152893,
22,229,1,0.8245939016342163,
22,230,0,0.8200008869171143,
22,230,1,0.8276659250259399,
22,231,0,0.8246973156929016,
22,231,1,0.8165287375450134,
22,232,0,0.8196321725845337,
22,232,1,0.8133463859558105,
22,233,0,0.8237612247467041,
22,233,1,0.8197238445281982,
22,234,0,0.8268956542015076,
22,234,1,0.8228700160980225,
22,235,0,0.8180608749389648,
22,235,1,0.8224636316299438,
22,236,0,0.8206926584243774,
22,236,1,0.8185199499130249,
22,237,0,0.8221678733825684,
22,237,1,0.8291299343109131,
22,238,0,0.8227016925811768,
22,238,1,0.8260025978088379,
22,239,0,0.8270272612571716,
22,239,1,0.8247585892677307,
22,240,0,0.8267621994018555,
22,240,1,0.8282037973403931,
22,241,0,0.8227048516273499,
22,241,1,0.8257921934127808,
22,242,0,0.8208938241004944,
22,242,1,0.817363977432251,
22,243,0,0.8204962015151978,
22,243,1,0.8126477003097534,
22,244,0,0.8232874870300293,
22,244,1,0.8295859098434448,
22,245,0,0.8241274952888489,
22,245,1,0.8233855962753296,
22,246,0,0.8199856281280518,
22,246,1,0.8152835369110107,
22,247,0,0.8244834542274475,
22,247,1,0.8257478475570679,
22,248,0,0.8261906504631042,
22,248,1,0.8231747150421143,
22,249,0,0.8227301836013794,
22,249,1,0.8269650340080261,
22,250,0,0.8264399170875549,
22,250,1,0.8185757994651794,
22,251,0,0.8245044946670532,
22,251,1,0.8234752416610718,
22,252,0,0.8223941326141357,
22,252,1,0.824840247631073,
22,253,0,0.8247579336166382,
22,253,1,0.8220627307891846,
22,254,0,0.8255699872970581,
22,254,1,0.8168908357620239,
22,255,0,0.8268730640411377,
22,255,1,0.8275259733200073,
22,256,0,0.8227609395980835,
22,256,1,0.8191694021224976,
22,257,0,0.82292240858078,
22,257,1,0.8135979175567627,
22,258,0,0.8254329562187195,
22,258,1,0.824465274810791,
22,259,0,0.823463499546051,
22,259,1,0.8174702525138855,
22,260,0,0.822614312171936,
22,260,1,0.8206227421760559,
22,261,0,0.8248271346092224,
22,261,1,0.8198257684707642,
22,262,0,0.8232103586196899,
22,262,1,0.8197038769721985,
22,263,0,0.8267724514007568,
22,263,1,0.823806643486023,
22,264,0,0.8222302794456482,
22,264,1,0.8159993886947632,
22,265,0,0.8222863674163818,
22,265,1,0.8245818018913269,
22,266,0,0.8237416744232178,
22,266,1,0.8256021738052368,
22,267,0,0.8214483261108398,
22,267,1,0.8190116882324219,
22,268,0,0.8200926780700684,
22,268,1,0.8232598304748535,
22,269,0,0.816535472869873,
22,269,1,0.816861629486084,
22,270,0,0.8248133659362793,
22,270,1,0.821911096572876,
22,271,0,0.8254837393760681,
22,271,1,0.814643144607544,
22,272,0,0.8214620351791382,
22,272,1,0.8184899091720581,
22,273,0,0.8229560852050781,
22,273,1,0.8236792087554932,
22,274,0,0.8257601261138916,
22,274,1,0.8267941474914551,
22,275,0,0.8202483654022217,
22,275,1,0.8228211402893066,
22,276,0,0.8203747272491455,
22,276,1,0.8272706270217896,
22,277,0,0.8244878649711609,
22,277,1,0.8173154592514038,
22,278,0,0.8195130228996277,
22,278,1,0.8251568675041199,
22,279,0,0.8244107961654663,
22,279,1,0.8308690786361694,
22,280,0,0.822735071182251,
22,280,1,0.823383629322052,
22,281,0,0.825836718082428,
22,281,1,0.8261833786964417,
22,282,0,0.8233952522277832,
22,282,1,0.8181767463684082,
22,283,0,0.8213828802108765,
22,283,1,0.8218075037002563,
22,284,0,0.8230096101760864,
22,284,1,0.833928108215332,
22,285,0,0.8246685266494751,
22,285,1,0.8218393325805664,
22,286,0,0.8227519392967224,
22,286,1,0.8229387402534485,
22,287,0,0.8230202198028564,
22,287,1,0.8247984647750854,
22,288,0,0.8202344179153442,
22,288,1,0.8237842917442322,
22,289,0,0.8246968984603882,
22,289,1,0.8230149149894714,
22,290,0,0.8224454522132874,
22,290,1,0.8213772773742676,
22,291,0,0.8203384876251221,
22,291,1,0.8193390369415283,
22,292,0,0.8243135213851929,
22,292,1,0.8233116865158081,
22,293,0,0.827360987663269,
22,293,1,0.8191049695014954,
22,294,0,0.8226470351219177,
22,294,1,0.8243685960769653,
22,295,0,0.8252902030944824,
22,295,1,0.8267133235931396,
22,296,0,0.8220072388648987,
22,296,1,0.8213606476783752,
22,297,0,0.8214253187179565,
22,297,1,0.8258432149887085,
22,298,0,0.8223506808280945,
22,298,1,0.8233417868614197,
22,299,0,0.8254001140594482,
22,299,1,0.8228179216384888,
22,300,0,0.8265483379364014,
22,300,1,0.8248530626296997,
22,301,0,0.8237935304641724,
22,301,1,0.8231908679008484,
22,302,0,0.8237510919570923,
22,302,1,0.8193681836128235,
22,303,0,0.8213620781898499,
22,303,1,0.8241497874259949,
22,304,0,0.8270642757415771,
22,304,1,0.8251557946205139,
22,305,0,0.8248229026794434,
22,305,1,0.8263113498687744,
22,306,0,0.8244878053665161,
22,306,1,0.8199957609176636,
22,307,0,0.8232721090316772,
22,307,1,0.8279520273208618,
22,308,0,0.8213213682174683,
22,308,1,0.8215292692184448,
22,309,0,0.824005126953125,
22,309,1,0.8338127136230469,
22,310,0,0.8218234777450562,
22,310,1,0.8273346424102783,
22,311,0,0.8265722990036011,
22,311,1,0.8197953701019287,
22,312,0,0.8221006393432617,
22,312,1,0.8237167596817017,
22,313,0,0.826014518737793,
22,313,1,0.8240956664085388,
22,314,0,0.8244385123252869,
22,314,1,0.8243321180343628,
22,315,0,0.8251133561134338,
22,315,1,0.817339301109314,
22,316,0,0.8223850727081299,
22,316,1,0.8262394070625305,
22,317,0,0.82508385181427,
22,317,1,0.8275272250175476,
22,318,0,0.8266093134880066,
22,318,1,0.8265776038169861,
22,319,0,0.8225437998771667,
22,319,1,0.8267274498939514,
22,320,0,0.823763370513916,
22,320,1,0.8218331933021545,
22,321,0,0.8216265439987183,
22,321,1,0.8215932846069336,
22,322,0,0.8277000784873962,
22,322,1,0.8269177675247192,
22,323,0,0.8229767680168152,
22,323,1,0.8178405165672302,
22,324,0,0.824901282787323,
22,324,1,0.8236922025680542,
22,325,0,0.8249058723449707,
22,325,1,0.8280866146087646,
22,326,0,0.8221537470817566,
22,326,1,0.8254535794258118,
22,327,0,0.8246834874153137,
22,327,1,0.8206620812416077,
22,328,0,0.8211926817893982,
22,328,1,0.8317519426345825,
22,329,0,0.8239299058914185,
22,329,1,0.8261664509773254,
22,330,0,0.8227051496505737,
22,330,1,0.8177804350852966,
22,331,0,0.8222078680992126,
22,331,1,0.823000431060791,
22,332,0,0.8240336179733276,
22,332,1,0.8148941993713379,
22,333,0,0.8240561485290527,
22,333,1,0.8250377178192139,
22,334,0,0.8192713856697083,
22,334,1,0.8232731819152832,
22,335,0,0.8183817267417908,
22,335,1,0.8212031126022339,
22,336,0,0.8202936053276062,
22,336,1,0.822141170501709,
22,337,0,0.8227983117103577,
22,337,1,0.8126070499420166,
22,338,0,0.8218456506729126,
22,338,1,0.8184109926223755,
22,339,0,0.8238937258720398,
22,339,1,0.8283709287643433,
22,340,0,0.8228296041488647,
22,340,1,0.8296992778778076,
22,341,0,0.8217763900756836,
22,341,1,0.8193031549453735,
22,342,0,0.8217636346817017,
22,342,1,0.8131856918334961,
22,343,0,0.8235962986946106,
22,343,1,0.8144631385803223,
22,344,0,0.8260847330093384,
22,344,1,0.8237600326538086,
22,345,0,0.8240208625793457,
22,345,1,0.817379355430603,
22,346,0,0.8257254362106323,
22,346,1,0.8155379891395569,
22,347,0,0.8261748552322388,
22,347,1,0.8172325491905212,
22,348,0,0.8255321979522705,
22,348,1,0.8238717317581177,
22,349,0,0.8259429931640625,
22,349,1,0.8284149169921875,
22,350,0,0.82378089427948,
22,350,1,0.8208208680152893,
22,351,0,0.8221126794815063,
22,351,1,0.8203306794166565,
22,352,0,0.824410080909729,
22,352,1,0.8270096182823181,
22,353,0,0.821559488773346,
22,353,1,0.8233642578125,
22,354,0,0.82674640417099,
22,354,1,0.8308125138282776,
22,355,0,0.8243491053581238,
22,355,1,0.8237970471382141,
22,356,0,0.8250737190246582,
22,356,1,0.8261415362358093,
22,357,0,0.8212642073631287,
22,357,1,0.8257239460945129,
22,358,0,0.8220736384391785,
22,358,1,0.8317047357559204,
22,359,0,0.8251197338104248,
22,359,1,0.8308678865432739,
22,360,0,0.8216993808746338,
22,360,1,0.8221005797386169,
22,361,0,0.8231749534606934,
22,361,1,0.8286166787147522,
22,362,0,0.8223038911819458,
22,362,1,0.8205199837684631,
22,363,0,0.8216936588287354,
22,363,1,0.8228489756584167,
22,364,0,0.8235040903091431,
22,364,1,0.8229817152023315,
22,365,0,0.8224239945411682,
22,365,1,0.8269447088241577,
22,366,0,0.8231256008148193,
22,366,1,0.8267003893852234,
22,367,0,0.8251824378967285,
22,367,1,0.8239145278930664,
22,368,0,0.8234430551528931,
22,368,1,0.8250410556793213,
22,369,0,0.825822114944458,
22,369,1,0.8233769536018372,
22,370,0,0.8250142335891724,
22,370,1,0.827080488204956,
22,371,0,0.8222075700759888,
22,371,1,0.8272273540496826,
22,372,0,0.8260974287986755,
22,372,1,0.8206140995025635,
22,373,0,0.8245396018028259,
22,373,1,0.8221145868301392,
22,374,0,0.8224745988845825,
22,374,1,0.8252907395362854,
22,375,0,0.8237188458442688,
22,375,1,0.8270094394683838,
22,376,0,0.8234096765518188,
22,376,1,0.8190131783485413,
22,377,0,0.8246324062347412,
22,377,1,0.8243708610534668,
22,378,0,0.8223329782485962,
22,378,1,0.8244233131408691,
22,379,0,0.8260390758514404,
22,379,1,0.8259280920028687,
22,380,0,0.8251644968986511,
22,380,1,0.824260413646698,
22,381,0,0.8231096267700195,
22,381,1,0.8229076266288757,
22,382,0,0.8252977132797241,
22,382,1,0.8196142911911011,
22,383,0,0.8214566111564636,
22,383,1,0.8218241930007935,
22,384,0,0.8214766979217529,
22,384,1,0.8171436786651611,
22,385,0,0.8233867883682251,
22,385,1,0.828840970993042,
22,386,0,0.8233429193496704,
22,386,1,0.8170334100723267,
22,387,0,0.8236606121063232,
22,387,1,0.8201907277107239,
22,388,0,0.820933997631073,
22,388,1,0.8257156014442444,
22,389,0,0.8224145174026489,
22,389,1,0.8250766396522522,
22,390,0,0.8227943778038025,
22,390,1,0.8231027126312256,
22,391,0,0.8252245783805847,
22,391,1,0.8221698999404907,
22,392,0,0.8258885145187378,
22,392,1,0.8240506649017334,
22,393,0,0.8270937204360962,
22,393,1,0.8231607675552368,
22,394,0,0.8227933049201965,
22,394,1,0.8246759176254272,
22,395,0,0.8268688321113586,
22,395,1,0.8253538608551025,
22,396,0,0.8268182277679443,
22,396,1,0.8242043852806091,
22,397,0,0.8249033093452454,
22,397,1,0.823837399482727,
22,398,0,0.8231135010719299,
22,398,1,0.821479082107544,
22,399,0,0.8250079154968262,
22,399,1,0.831831693649292,
22,400,0,0.824097216129303,
22,400,1,0.8229184150695801,
22,401,0,0.8258069753646851,
22,401,1,0.8300665616989136,
22,402,0,0.8248244524002075,
22,402,1,0.8299064636230469,
22,403,0,0.8241689205169678,
22,403,1,0.8194993734359741,
22,404,0,0.8245111107826233,
22,404,1,0.8242663741111755,
22,405,0,0.8225756287574768,
22,405,1,0.8316171169281006,
22,406,0,0.8252831101417542,
22,406,1,0.8211326003074646,
22,407,0,0.8215729594230652,
22,407,1,0.8230167627334595,
22,408,0,0.8207169771194458,
22,408,1,0.8253082036972046,
22,409,0,0.8220618963241577,
22,409,1,0.8281558752059937,
22,410,0,0.8216553926467896,
22,410,1,0.8225801587104797,
22,411,0,0.8239180445671082,
22,411,1,0.8270319700241089,
22,412,0,0.8256481885910034,
22,412,1,0.8256211876869202,
22,413,0,0.8233645558357239,
22,413,1,0.8234241008758545,
22,414,0,0.822343111038208,
22,414,1,0.8277953863143921,
22,415,0,0.8245233297348022,
22,415,1,0.8229886293411255,
22,416,0,0.8227552175521851,
22,416,1,0.8202768564224243,
22,417,0,0.8232024908065796,
22,417,1,0.8314194679260254,
22,418,0,0.8222025632858276,
22,418,1,0.8237513899803162,
22,419,0,0.8234377503395081,
22,419,1,0.8289936780929565,
22,420,0,0.8261301517486572,
22,420,1,0.8255734443664551,
22,421,0,0.8272619247436523,
22,421,1,0.8234223127365112,
22,422,0,0.8240569829940796,
22,422,1,0.8268271088600159,
22,423,0,0.8254958391189575,
22,423,1,0.8241207599639893,
22,424,0,0.8241363763809204,
22,424,1,0.8224835991859436,
22,425,0,0.8230689764022827,
22,425,1,0.8219592571258545,
22,426,0,0.8228745460510254,
22,426,1,0.820468544960022,
22,427,0,0.8247990608215332,
22,427,1,0.8177611827850342,
22,428,0,0.8264136910438538,
22,428,1,0.8208025693893433,
22,429,0,0.8228569626808167,
22,429,1,0.8207788467407227,
22,430,0,0.8252449035644531,
22,430,1,0.8216012716293335,
22,431,0,0.8229816555976868,
22,431,1,0.822717547416687,
22,432,0,0.825150191783905,
22,432,1,0.8223376274108887,
22,433,0,0.8225988745689392,
22,433,1,0.8220533132553101,
22,434,0,0.8249930739402771,
22,434,1,0.8215136528015137,
22,435,0,0.8231109976768494,
22,435,1,0.8215351700782776,
22,436,0,0.8264850378036499,
22,436,1,0.8190798759460449,
22,437,0,0.8212534189224243,
22,437,1,0.8283207416534424,
22,438,0,0.8243016004562378,
22,438,1,0.8253949880599976,
22,439,0,0.8244383931159973,
22,439,1,0.8207716941833496,
22,440,0,0.8239055871963501,
22,440,1,0.8253284692764282,
22,441,0,0.8258408308029175,
22,441,1,0.8190683126449585,
22,442,0,0.8232963681221008,
22,442,1,0.8238447308540344,
22,443,0,0.8213746547698975,
22,443,1,0.8178030252456665,
22,444,0,0.8210616111755371,
22,444,1,0.8236202597618103,
22,445,0,0.8244312405586243,
22,445,1,0.8271304965019226,
22,446,0,0.821337103843689,
22,446,1,0.8256182670593262,
22,447,0,0.8188052177429199,
22,447,1,0.8291687965393066,
22,448,0,0.822014331817627,
22,448,1,0.8217514753341675,
22,449,0,0.823180079460144,
22,449,1,0.8194319605827332,
22,450,0,0.8218060731887817,
22,450,1,0.8242818117141724,
22,451,0,0.8239546418190002,
22,451,1,0.8239736557006836,
22,452,0,0.8229862451553345,
22,452,1,0.8252362608909607,
22,453,0,0.8265623450279236,
22,453,1,0.8285666108131409,
22,454,0,0.8225209712982178,
22,454,1,0.8257007598876953,
22,455,0,0.8240636587142944,
22,455,1,0.8207052946090698,
22,456,0,0.8249964714050293,
22,456,1,0.8194782733917236,
22,457,0,0.8234370350837708,
22,457,1,0.8192462921142578,
22,458,0,0.8225853443145752,
22,458,1,0.8241741061210632,
22,459,0,0.8245685696601868,
22,459,1,0.8209683299064636,
22,460,0,0.8220669627189636,
22,460,1,0.8264885544776917,
22,461,0,0.8236147165298462,
22,461,1,0.8219053745269775,
22,462,0,0.824865460395813,
22,462,1,0.8241465091705322,
22,463,0,0.8223822116851807,
22,463,1,0.8236857652664185,
22,464,0,0.823975145816803,
22,464,1,0.8288164734840393,
22,465,0,0.8222509622573853,
22,465,1,0.8296288847923279,
22,466,0,0.8237395286560059,
22,466,1,0.8245452642440796,
22,467,0,0.8218343257904053,
22,467,1,0.8232324123382568,
22,468,0,0.8246263861656189,
22,468,1,0.8219959735870361,
22,469,0,0.823277473449707,
22,469,1,0.8258324861526489,
22,470,0,0.826134443283081,
22,470,1,0.8235452771186829,
22,471,0,0.8252086043357849,
22,471,1,0.8205946087837219,
22,472,0,0.8230397701263428,
22,472,1,0.828342616558075,
22,473,0,0.82388836145401,
22,473,1,0.8284063339233398,
22,474,0,0.8260145783424377,
22,474,1,0.820785403251648,
22,475,0,0.8236011266708374,
22,475,1,0.8263556361198425,
22,476,0,0.8278746604919434,
22,476,1,0.8251000642776489,
22,477,0,0.8250296711921692,
22,477,1,0.8276008367538452,
22,478,0,0.82166588306427,
22,478,1,0.8179033994674683,
22,479,0,0.8230007886886597,
22,479,1,0.8196638226509094,
22,480,0,0.8207103610038757,
22,480,1,0.8251626491546631,
22,481,0,0.824558436870575,
22,481,1,0.8248779773712158,
22,482,0,0.8233420848846436,
22,482,1,0.8237643241882324,
22,483,0,0.8243651390075684,
22,483,1,0.8305129408836365,
22,484,0,0.8271317481994629,
22,484,1,0.8262633085250854,
22,485,0,0.8248299956321716,
22,485,1,0.8224927186965942,
22,486,0,0.8247566223144531,
22,486,1,0.8226480484008789,
22,487,0,0.8260948657989502,
22,487,1,0.8258944153785706,
22,488,0,0.8228846788406372,
22,488,1,0.82391357421875,
22,489,0,0.8219634294509888,
22,489,1,0.8240219354629517,
22,490,0,0.8261463046073914,
22,490,1,0.8242751359939575,
22,491,0,0.8232088088989258,
22,491,1,0.8239459991455078,
22,492,0,0.8246230483055115,
22,492,1,0.8133176565170288,
22,493,0,0.8224882483482361,
22,493,1,0.8292823433876038,
22,494,0,0.8218178749084473,
22,494,1,0.8230588436126709,
22,495,0,0.8233238458633423,
22,495,1,0.8260496258735657,
22,496,0,0.8264816403388977,
22,496,1,0.8233757019042969,
22,497,0,0.8227656483650208,
22,497,1,0.8219459652900696,
22,498,0,0.8236672282218933,
22,498,1,0.8274756669998169,
22,499,0,0.8263922929763794,
22,499,1,0.8221309781074524,
22,500,0,0.8195328116416931,
22,500,1,0.8221399188041687,
22,501,0,0.8231122493743896,
22,501,1,0.8263829350471497,
22,502,0,0.8231269121170044,
22,502,1,0.8187540769577026,
22,503,0,0.8261656761169434,
22,503,1,0.822903037071228,
22,504,0,0.8239148259162903,
22,504,1,0.8272328972816467,
22,505,0,0.8238413333892822,
22,505,1,0.8246952295303345,
22,506,0,0.8238672614097595,
22,506,1,0.8234996795654297,
22,507,0,0.827176034450531,
22,507,1,0.8249697685241699,
22,508,0,0.8215434551239014,
22,508,1,0.8249186873435974,
22,509,0,0.8266175985336304,
22,509,1,0.8230159878730774,
22,510,0,0.8257037401199341,
22,510,1,0.8245248794555664,
22,511,0,0.8300040364265442,
22,511,1,0.8256418108940125,
22,512,0,0.8210313320159912,
22,512,1,0.8240351676940918,
22,513,0,0.8189342021942139,
22,513,1,0.8243260979652405,
22,514,0,0.8273867964744568,
22,514,1,0.8238952159881592,
22,515,0,0.8212395310401917,
22,515,1,0.8268378376960754,
22,516,0,0.8273839354515076,
22,516,1,0.8239625096321106,
22,517,0,0.824535608291626,
22,517,1,0.8241485357284546,
22,518,0,0.8251737356185913,
22,518,1,0.8203740119934082,
22,519,0,0.8244615197181702,
22,519,1,0.8225553035736084,
22,520,0,0.8233736753463745,
22,520,1,0.8258271217346191,
22,521,0,0.8246289491653442,
22,521,1,0.822598934173584,
22,522,0,0.8260883092880249,
22,522,1,0.8266496658325195,
22,523,0,0.8238137364387512,
22,523,1,0.8219319581985474,
22,524,0,0.8216344714164734,
22,524,1,0.8235034942626953,
22,525,0,0.8254113793373108,
22,525,1,0.824802041053772,
22,526,0,0.8222649693489075,
22,526,1,0.8262779712677002,
22,527,0,0.8266814351081848,
22,527,1,0.8259881138801575,
22,528,0,0.8232349157333374,
22,528,1,0.8266111612319946,
22,529,0,0.8249797224998474,
22,529,1,0.8239191770553589,
22,530,0,0.8261157274246216,
22,530,1,0.8207755088806152,
22,531,0,0.8225380182266235,
22,531,1,0.8295600414276123,
22,532,0,0.8230077624320984,
22,532,1,0.82648766040802,
22,533,0,0.8254312872886658,
22,533,1,0.8290442824363708,
22,534,0,0.8234792947769165,
22,534,1,0.820305347442627,
22,535,0,0.8230912089347839,
22,535,1,0.8253400325775146,
22,536,0,0.82451331615448,
22,536,1,0.8214974999427795,
22,537,0,0.8212175369262695,
22,537,1,0.823994517326355,
22,538,0,0.8228203654289246,
22,538,1,0.823975145816803,
22,539,0,0.821204423904419,
22,539,1,0.8238706588745117,
22,540,0,0.8254771828651428,
22,540,1,0.8224707841873169,
22,541,0,0.8241448998451233,
22,541,1,0.827987790107727,
22,542,0,0.8267521858215332,
22,542,1,0.8237178921699524,
22,543,0,0.824946403503418,
22,543,1,0.8212212920188904,
22,544,0,0.8226038217544556,
22,544,1,0.8206088542938232,
22,545,0,0.8222112655639648,
22,545,1,0.8241424560546875,
22,546,0,0.8238131999969482,
22,546,1,0.8260552287101746,
22,547,0,0.8235315680503845,
22,547,1,0.8117799162864685,
22,548,0,0.8240880966186523,
22,548,1,0.8254599571228027,
22,549,0,0.8220522403717041,
22,549,1,0.8232457637786865,
22,550,0,0.8225774168968201,
22,550,1,0.8256806135177612,
22,551,0,0.825134813785553,
22,551,1,0.8225142359733582,
22,552,0,0.8209512233734131,
22,552,1,0.8307325839996338,
22,553,0,0.823026716709137,
22,553,1,0.8220356106758118,
22,554,0,0.824810802936554,
22,554,1,0.8228368163108826,
22,555,0,0.8285099267959595,
22,555,1,0.8195859789848328,
22,556,0,0.8248403072357178,
22,556,1,0.8265073299407959,
22,557,0,0.825347900390625,
22,557,1,0.8270822763442993,
22,558,0,0.8223643898963928,
22,558,1,0.8191567659378052,
22,559,0,0.8224020004272461,
22,559,1,0.8255833983421326,
22,560,0,0.8247787952423096,
22,560,1,0.8244632482528687,
22,561,0,0.8226338624954224,
22,561,1,0.815855860710144,
22,562,0,0.8252561092376709,
22,562,1,0.8241483569145203,
22,563,0,0.8212913870811462,
22,563,1,0.8217969536781311,
22,564,0,0.823449969291687,
22,564,1,0.829522430896759,
22,565,0,0.8221701383590698,
22,565,1,0.8180440664291382,
22,566,0,0.8231881260871887,
22,566,1,0.8244100213050842,
22,567,0,0.8244819045066833,
22,567,1,0.8257627487182617,
22,568,0,0.8204885721206665,
22,568,1,0.825947642326355,
22,569,0,0.820344865322113,
22,569,1,0.8226642608642578,
22,570,0,0.822911262512207,
22,570,1,0.8231319189071655,
22,571,0,0.8224269151687622,
22,571,1,0.824677050113678,
22,572,0,0.8259444832801819,
22,572,1,0.8261248469352722,
22,573,0,0.8233705163002014,
22,573,1,0.8167111277580261,
22,574,0,0.8228646516799927,
22,574,1,0.8289173245429993,
22,575,0,0.8225080370903015,
22,575,1,0.8197181224822998,
22,576,0,0.8200252056121826,
22,576,1,0.8251622915267944,
22,577,0,0.8227430582046509,
22,577,1,0.8193846940994263,
22,578,0,0.8222736120223999,
22,578,1,0.8228130340576172,
22,579,0,0.8211602568626404,
22,579,1,0.820550799369812,
22,580,0,0.8238151669502258,
22,580,1,0.8196102976799011,
22,581,0,0.8265770673751831,
22,581,1,0.8230026960372925,
22,582,0,0.8228715658187866,
22,582,1,0.818966805934906,
22,583,0,0.823055624961853,
22,583,1,0.8185089826583862,
22,584,0,0.8242035508155823,
22,584,1,0.8178201913833618,
22,585,0,0.8236953020095825,
22,585,1,0.8200074434280396,
22,586,0,0.820167601108551,
22,586,1,0.821060061454773,
22,587,0,0.8224973678588867,
22,587,1,0.8235441446304321,
22,588,0,0.8236863613128662,
22,588,1,0.8297675251960754,
22,589,0,0.8239246606826782,
22,589,1,0.8221267461776733,
22,590,0,0.8239713907241821,
22,590,1,0.8136428594589233,
22,591,0,0.8237890601158142,
22,591,1,0.8215285539627075,
22,592,0,0.8248982429504395,
22,592,1,0.8302277326583862,
22,593,0,0.8227658271789551,
22,593,1,0.8251105546951294,
22,594,0,0.8235621452331543,
22,594,1,0.8223022222518921,
22,595,0,0.8227041363716125,
22,595,1,0.8207159638404846,
22,596,0,0.8222571015357971,
22,596,1,0.8227188587188721,
22,597,0,0.8226020336151123,
22,597,1,0.8269346952438354,
22,598,0,0.8216763138771057,
22,598,1,0.8243240118026733,
22,599,0,0.8293778896331787,
22,599,1,0.819821834564209,
22,600,0,0.8236079216003418,
22,600,1,0.8163939714431763,
22,601,0,0.8235372304916382,
22,601,1,0.8224117755889893,
22,602,0,0.8227671384811401,
22,602,1,0.8280669450759888,
22,603,0,0.8259963989257812,
22,603,1,0.8311133980751038,
22,604,0,0.8248955607414246,
22,604,1,0.8272495269775391,
22,val,,,0.8255607763926188
