Using device: cuda
Train chunks: 80
Val chunks: 10
Test chunks: 10

Using STREAMING + FROBENIUS NORMALIZATION

============================================================
Training Transformer 8-qubit (v17 - Streaming + Frobenius)
Parameters: 1,611,072
Batch size: 8
============================================================

Epoch 1
  batch 100 loss = 0.986251
  batch 200 loss = 0.940212
  batch 300 loss = 0.900062
  batch 400 loss = 0.941909
  batch 500 loss = 0.938672
  batch 600 loss = 0.938478
  batch 700 loss = 0.938784
  batch 800 loss = 0.924095
  batch 900 loss = 0.899312
  batch 1000 loss = 0.897544
  batch 1100 loss = 0.902693
  batch 1200 loss = 0.903228
  batch 1300 loss = 0.931203
  batch 1400 loss = 0.939598
  batch 1500 loss = 0.939661
  batch 1600 loss = 0.937018
  batch 1700 loss = 0.938335
  batch 1800 loss = 0.912062
  batch 1900 loss = 0.889572
  batch 2000 loss = 0.884368
  batch 2100 loss = 0.912980
  batch 2200 loss = 0.941886
  batch 2300 loss = 0.895319
  batch 2400 loss = 0.892612
  batch 2500 loss = 0.900764
  batch 2600 loss = 0.912692
  batch 2700 loss = 0.906915
  batch 2800 loss = 0.883023
  batch 2900 loss = 0.930085
  batch 3000 loss = 0.932093
  batch 3100 loss = 0.938310
  batch 3200 loss = 0.939205
  batch 3300 loss = 0.940915
  batch 3400 loss = 0.900555
  batch 3500 loss = 0.891670
  batch 3600 loss = 0.934668
  batch 3700 loss = 0.937651
  batch 3800 loss = 0.937764
  batch 3900 loss = 0.933579
  batch 4000 loss = 0.937893
  batch 4100 loss = 0.937819
  batch 4200 loss = 0.931743
  batch 4300 loss = 0.909303
  batch 4400 loss = 0.938640
  batch 4500 loss = 0.938130
  batch 4600 loss = 0.922965
  batch 4700 loss = 0.936358
  batch 4800 loss = 0.924865
  batch 4900 loss = 0.926608
  batch 5000 loss = 0.920259
  batch 5100 loss = 0.908117
  batch 5200 loss = 0.897747
  batch 5300 loss = 0.887539
  batch 5400 loss = 0.920777
  batch 5500 loss = 0.917016
  batch 5600 loss = 0.937676
  batch 5700 loss = 0.885092
  batch 5800 loss = 0.936152
  batch 5900 loss = 0.905707
  batch 6000 loss = 0.883806
  batch 6100 loss = 0.934159
  batch 6200 loss = 0.910897
  batch 6300 loss = 0.925456
  batch 6400 loss = 0.911659
  batch 6500 loss = 0.910352
  batch 6600 loss = 0.935489
  batch 6700 loss = 0.937605
  batch 6800 loss = 0.879407
  batch 6900 loss = 0.895310
  batch 7000 loss = 0.909644
  batch 7100 loss = 0.898082
  batch 7200 loss = 0.934564
  batch 7300 loss = 0.904628
  batch 7400 loss = 0.938413
  batch 7500 loss = 0.936606
  batch 7600 loss = 0.907971
  batch 7700 loss = 0.913166
  batch 7800 loss = 0.894665
  batch 7900 loss = 0.904674
  batch 8000 loss = 0.903484
  batch 8100 loss = 0.929998
  batch 8200 loss = 0.938717
  batch 8300 loss = 0.938618
  batch 8400 loss = 0.914004
  batch 8500 loss = 0.918372
  batch 8600 loss = 0.930053
  batch 8700 loss = 0.940924
  batch 8800 loss = 0.938065
  batch 8900 loss = 0.940167
  batch 9000 loss = 0.933103
  batch 9100 loss = 0.932544
  batch 9200 loss = 0.914954
  batch 9300 loss = 0.908309
  batch 9400 loss = 0.904242
  batch 9500 loss = 0.888891
  batch 9600 loss = 0.890648
  batch 9700 loss = 0.936009
  batch 9800 loss = 0.935985
  batch 9900 loss = 0.928788
  batch 10000 loss = 0.927512
  Total batches: 10000, final loss = 0.927512
Validation loss: 0.928334
Saved BEST checkpoint
Epoch 2
  batch 100 loss = 0.887086
  batch 200 loss = 0.928273
  batch 300 loss = 0.880418
  batch 400 loss = 0.935522
  batch 500 loss = 0.938107
  batch 600 loss = 0.933502
  batch 700 loss = 0.935611
  batch 800 loss = 0.939326
  batch 900 loss = 0.915999
  batch 1000 loss = 0.899052
  batch 1100 loss = 0.880358
  batch 1200 loss = 0.898623
  batch 1300 loss = 0.938370
  batch 1400 loss = 0.918052
  batch 1500 loss = 0.914381
  batch 1600 loss = 0.908270
  batch 1700 loss = 0.899432
  batch 1800 loss = 0.939470
  batch 1900 loss = 0.920882
  batch 2000 loss = 0.906193
  batch 2100 loss = 0.936597
  batch 2200 loss = 0.901228
  batch 2300 loss = 0.934640
  batch 2400 loss = 0.938975
  batch 2500 loss = 0.937677
  batch 2600 loss = 0.885310
  batch 2700 loss = 0.920193
  batch 2800 loss = 0.896138
  batch 2900 loss = 0.939048
  batch 3000 loss = 0.936567
  batch 3100 loss = 0.936900
  batch 3200 loss = 0.916532
  batch 3300 loss = 0.928086
  batch 3400 loss = 0.919386
  batch 3500 loss = 0.907611
  batch 3600 loss = 0.911340
  batch 3700 loss = 0.937932
  batch 3800 loss = 0.887754
  batch 3900 loss = 0.938282
  batch 4000 loss = 0.937899
  batch 4100 loss = 0.910499
  batch 4200 loss = 0.892515
  batch 4300 loss = 0.905554
  batch 4400 loss = 0.915529
  batch 4500 loss = 0.913324
  batch 4600 loss = 0.905619
  batch 4700 loss = 0.893861
  batch 4800 loss = 0.893365
  batch 4900 loss = 0.937632
  batch 5000 loss = 0.934472
  batch 5100 loss = 0.936997
  batch 5200 loss = 0.939774
  batch 5300 loss = 0.925845
  batch 5400 loss = 0.932757
  batch 5500 loss = 0.920855
  batch 5600 loss = 0.928093
  batch 5700 loss = 0.901167
  batch 5800 loss = 0.911114
  batch 5900 loss = 0.939060
  batch 6000 loss = 0.941769
  batch 6100 loss = 0.902408
  batch 6200 loss = 0.931673
  batch 6300 loss = 0.931622
  batch 6400 loss = 0.929826
  batch 6500 loss = 0.934702
  batch 6600 loss = 0.936318
  batch 6700 loss = 0.906053
  batch 6800 loss = 0.923209
  batch 6900 loss = 0.923959
  batch 7000 loss = 0.927746
  batch 7100 loss = 0.931262
  batch 7200 loss = 0.907381
  batch 7300 loss = 0.936989
  batch 7400 loss = 0.938208
  batch 7500 loss = 0.937570
  batch 7600 loss = 0.936879
  batch 7700 loss = 0.894401
  batch 7800 loss = 0.904608
  batch 7900 loss = 0.879737
  batch 8000 loss = 0.900848
  batch 8100 loss = 0.926005
  batch 8200 loss = 0.937628
  batch 8300 loss = 0.940584
  batch 8400 loss = 0.907175
  batch 8500 loss = 0.906154
  batch 8600 loss = 0.896096
  batch 8700 loss = 0.929893
  batch 8800 loss = 0.928622
  batch 8900 loss = 0.917563
  batch 9000 loss = 0.908465
  batch 9100 loss = 0.899163
  batch 9200 loss = 0.912458
  batch 9300 loss = 0.911340
  batch 9400 loss = 0.936918
  batch 9500 loss = 0.938373
  batch 9600 loss = 0.934864
  batch 9700 loss = 0.920623
  batch 9800 loss = 0.935971
  batch 9900 loss = 0.901775
  batch 10000 loss = 0.907469
  Total batches: 10000, final loss = 0.907469
Validation loss: 0.926114
Saved BEST checkpoint
Epoch 3
  batch 100 loss = 0.900902
  batch 200 loss = 0.888565
  batch 300 loss = 0.892195
  batch 400 loss = 0.925243
  batch 500 loss = 0.932719
  batch 600 loss = 0.882206
  batch 700 loss = 0.888887
  batch 800 loss = 0.938361
  batch 900 loss = 0.937224
  batch 1000 loss = 0.937247
  batch 1100 loss = 0.895295
  batch 1200 loss = 0.932097
  batch 1300 loss = 0.914334
  batch 1400 loss = 0.938300
  batch 1500 loss = 0.934981
  batch 1600 loss = 0.889104
  batch 1700 loss = 0.904533
  batch 1800 loss = 0.937825
  batch 1900 loss = 0.906002
  batch 2000 loss = 0.897546
  batch 2100 loss = 0.907186
  batch 2200 loss = 0.907642
  batch 2300 loss = 0.939235
  batch 2400 loss = 0.909628
  batch 2500 loss = 0.897566
  batch 2600 loss = 0.937756
  batch 2700 loss = 0.909073
  batch 2800 loss = 0.937315
  batch 2900 loss = 0.885941
  batch 3000 loss = 0.889138
  batch 3100 loss = 0.934701
  batch 3200 loss = 0.881834
  batch 3300 loss = 0.926468
  batch 3400 loss = 0.909938
  batch 3500 loss = 0.915377
  batch 3600 loss = 0.898136
  batch 3700 loss = 0.935370
  batch 3800 loss = 0.938898
  batch 3900 loss = 0.914982
  batch 4000 loss = 0.899633
  batch 4100 loss = 0.937085
  batch 4200 loss = 0.897745
  batch 4300 loss = 0.937712
  batch 4400 loss = 0.925952
  batch 4500 loss = 0.920163
  batch 4600 loss = 0.908110
  batch 4700 loss = 0.907133
  batch 4800 loss = 0.938756
  batch 4900 loss = 0.886968
  batch 5000 loss = 0.905636
  batch 5100 loss = 0.925286
  batch 5200 loss = 0.937841
  batch 5300 loss = 0.905117
  batch 5400 loss = 0.936857
  batch 5500 loss = 0.935963
  batch 5600 loss = 0.933148
  batch 5700 loss = 0.905848
  batch 5800 loss = 0.906771
  batch 5900 loss = 0.937084
  batch 6000 loss = 0.936687
  batch 6100 loss = 0.908552
  batch 6200 loss = 0.892113
  batch 6300 loss = 0.937370
  batch 6400 loss = 0.901470
  batch 6500 loss = 0.898290
  batch 6600 loss = 0.922610
  batch 6700 loss = 0.930565
  batch 6800 loss = 0.917209
  batch 6900 loss = 0.938155
  batch 7000 loss = 0.937771
  batch 7100 loss = 0.894378
  batch 7200 loss = 0.933863
  batch 7300 loss = 0.904508
  batch 7400 loss = 0.929430
  batch 7500 loss = 0.914955
  batch 7600 loss = 0.936168
  batch 7700 loss = 0.932810
  batch 7800 loss = 0.926090
  batch 7900 loss = 0.936477
  batch 8000 loss = 0.936037
  batch 8100 loss = 0.915477
  batch 8200 loss = 0.928486
  batch 8300 loss = 0.889520
  batch 8400 loss = 0.935568
  batch 8500 loss = 0.935660
  batch 8600 loss = 0.929849
  batch 8700 loss = 0.892457
  batch 8800 loss = 0.908416
  batch 8900 loss = 0.937585
  batch 9000 loss = 0.934853
  batch 9100 loss = 0.929647
  batch 9200 loss = 0.886916
  batch 9300 loss = 0.917003
  batch 9400 loss = 0.928320
  batch 9500 loss = 0.922760
  batch 9600 loss = 0.898716
  batch 9700 loss = 0.912557
  batch 9800 loss = 0.895037
  batch 9900 loss = 0.929327
  batch 10000 loss = 0.937810
  Total batches: 10000, final loss = 0.937810
Validation loss: 0.926260
No improvement for 1 epochs
Epoch 4
  batch 100 loss = 0.870103
  batch 200 loss = 0.898809
  batch 300 loss = 0.905480
  batch 400 loss = 0.905333
  batch 500 loss = 0.906000
  batch 600 loss = 0.891942
  batch 700 loss = 0.937772
  batch 800 loss = 0.888292
  batch 900 loss = 0.889211
  batch 1000 loss = 0.890026
  batch 1100 loss = 0.898476
  batch 1200 loss = 0.885841
  batch 1300 loss = 0.891667
  batch 1400 loss = 0.918951
  batch 1500 loss = 0.909369
  batch 1600 loss = 0.927752
  batch 1700 loss = 0.940627
  batch 1800 loss = 0.925454
  batch 1900 loss = 0.937712
  batch 2000 loss = 0.936806
  batch 2100 loss = 0.907184
  batch 2200 loss = 0.932376
  batch 2300 loss = 0.933722
  batch 2400 loss = 0.888216
  batch 2500 loss = 0.895088
  batch 2600 loss = 0.880981
  batch 2700 loss = 0.934762
  batch 2800 loss = 0.933864
  batch 2900 loss = 0.887988
  batch 3000 loss = 0.897908
  batch 3100 loss = 0.903887
  batch 3200 loss = 0.925192
  batch 3300 loss = 0.937701
  batch 3400 loss = 0.879171
  batch 3500 loss = 0.908626
  batch 3600 loss = 0.923380
  batch 3700 loss = 0.897565
  batch 3800 loss = 0.938179
  batch 3900 loss = 0.916235
  batch 4000 loss = 0.907775
  batch 4100 loss = 0.884007
  batch 4200 loss = 0.938230
  batch 4300 loss = 0.939679
  batch 4400 loss = 0.934801
  batch 4500 loss = 0.926928
  batch 4600 loss = 0.900208
  batch 4700 loss = 0.898962
  batch 4800 loss = 0.922972
  batch 4900 loss = 0.881079
  batch 5000 loss = 0.901439
  batch 5100 loss = 0.903791
  batch 5200 loss = 0.932819
  batch 5300 loss = 0.932654
  batch 5400 loss = 0.934187
  batch 5500 loss = 0.934645
  batch 5600 loss = 0.933795
  batch 5700 loss = 0.931896
  batch 5800 loss = 0.929543
  batch 5900 loss = 0.909485
  batch 6000 loss = 0.897536
  batch 6100 loss = 0.936175
  batch 6200 loss = 0.896596
  batch 6300 loss = 0.893971
  batch 6400 loss = 0.936834
  batch 6500 loss = 0.935369
  batch 6600 loss = 0.932448
  batch 6700 loss = 0.933554
  batch 6800 loss = 0.904373
  batch 6900 loss = 0.916627
  batch 7000 loss = 0.919147
  batch 7100 loss = 0.887301
  batch 7200 loss = 0.935152
  batch 7300 loss = 0.917384
  batch 7400 loss = 0.903743
  batch 7500 loss = 0.882201
  batch 7600 loss = 0.928349
  batch 7700 loss = 0.903081
  batch 7800 loss = 0.911902
  batch 7900 loss = 0.894316
  batch 8000 loss = 0.899171
  batch 8100 loss = 0.930109
  batch 8200 loss = 0.905097
  batch 8300 loss = 0.894194
  batch 8400 loss = 0.944617
  batch 8500 loss = 0.937894
  batch 8600 loss = 0.935395
  batch 8700 loss = 0.905066
  batch 8800 loss = 0.918742
  batch 8900 loss = 0.925565
  batch 9000 loss = 0.937596
  batch 9100 loss = 0.937601
  batch 9200 loss = 0.936896
  batch 9300 loss = 0.938825
  batch 9400 loss = 0.933244
  batch 9500 loss = 0.930114
  batch 9600 loss = 0.922611
  batch 9700 loss = 0.891817
  batch 9800 loss = 0.890016
  batch 9900 loss = 0.937859
  batch 10000 loss = 0.934578
  Total batches: 10000, final loss = 0.934578
Validation loss: 0.925807
Saved BEST checkpoint
Epoch 5
  batch 100 loss = 0.901463
  batch 200 loss = 0.910888
  batch 300 loss = 0.893413
  batch 400 loss = 0.937500
  batch 500 loss = 0.936747
  batch 600 loss = 0.936499
  batch 700 loss = 0.915806
  batch 800 loss = 0.938482
  batch 900 loss = 0.910452
  batch 1000 loss = 0.885536
  batch 1100 loss = 0.937320
  batch 1200 loss = 0.912041
  batch 1300 loss = 0.887794
  batch 1400 loss = 0.940877
  batch 1500 loss = 0.936975
  batch 1600 loss = 0.895824
  batch 1700 loss = 0.912787
  batch 1800 loss = 0.889014
  batch 1900 loss = 0.936343
  batch 2000 loss = 0.935652
  batch 2100 loss = 0.885548
  batch 2200 loss = 0.938524
  batch 2300 loss = 0.895810
  batch 2400 loss = 0.944359
  batch 2500 loss = 0.938445
  batch 2600 loss = 0.885276
  batch 2700 loss = 0.931992
  batch 2800 loss = 0.929247
  batch 2900 loss = 0.935227
  batch 3000 loss = 0.936793
  batch 3100 loss = 0.930632
  batch 3200 loss = 0.933749
  batch 3300 loss = 0.932642
  batch 3400 loss = 0.902359
  batch 3500 loss = 0.874299
  batch 3600 loss = 0.871901
  batch 3700 loss = 0.930678
  batch 3800 loss = 0.920442
  batch 3900 loss = 0.879732
  batch 4000 loss = 0.888655
  batch 4100 loss = 0.926026
  batch 4200 loss = 0.895779
  batch 4300 loss = 0.935465
  batch 4400 loss = 0.937278
  batch 4500 loss = 0.927677
  batch 4600 loss = 0.903994
  batch 4700 loss = 0.869506
  batch 4800 loss = 0.887611
  batch 4900 loss = 0.904544
  batch 5000 loss = 0.900495
  batch 5100 loss = 0.909565
  batch 5200 loss = 0.885927
  batch 5300 loss = 0.941118
  batch 5400 loss = 0.875981
  batch 5500 loss = 0.864883
  batch 5600 loss = 0.928670
  batch 5700 loss = 0.901435
  batch 5800 loss = 0.925045
  batch 5900 loss = 0.946126
  batch 6000 loss = 0.938146
  batch 6100 loss = 0.884169
  batch 6200 loss = 0.908207
  batch 6300 loss = 0.869832
  batch 6400 loss = 0.934841
  batch 6500 loss = 0.931965
  batch 6600 loss = 0.925786
  batch 6700 loss = 0.931120
  batch 6800 loss = 0.935002
  batch 6900 loss = 0.902989
  batch 7000 loss = 0.885107
  batch 7100 loss = 0.877684
  batch 7200 loss = 0.932882
  batch 7300 loss = 0.888869
  batch 7400 loss = 0.901021
  batch 7500 loss = 0.890797
  batch 7600 loss = 0.898023
  batch 7700 loss = 0.902475
  batch 7800 loss = 0.917916
  batch 7900 loss = 0.896357
  batch 8000 loss = 0.891926
  batch 8100 loss = 0.860639
  batch 8200 loss = 0.884751
  batch 8300 loss = 0.890780
  batch 8400 loss = 0.868590
  batch 8500 loss = 0.891341
  batch 8600 loss = 0.875122
  batch 8700 loss = 0.933279
  batch 8800 loss = 0.938939
  batch 8900 loss = 0.936376
  batch 9000 loss = 0.928876
  batch 9100 loss = 0.856963
  batch 9200 loss = 0.858740
  batch 9300 loss = 0.924921
  batch 9400 loss = 0.893193
  batch 9500 loss = 0.911256
  batch 9600 loss = 0.880772
  batch 9700 loss = 0.940653
  batch 9800 loss = 0.938953
  batch 9900 loss = 0.913870
  batch 10000 loss = 0.907260
  Total batches: 10000, final loss = 0.907260
Validation loss: 0.918668
Saved BEST checkpoint
Epoch 6
  batch 100 loss = 0.868418
  batch 200 loss = 0.918647
  batch 300 loss = 0.934912
  batch 400 loss = 0.932661
  batch 500 loss = 0.927071
  batch 600 loss = 0.936148
  batch 700 loss = 0.879530
  batch 800 loss = 0.934702
  batch 900 loss = 0.939027
  batch 1000 loss = 0.938723
  batch 1100 loss = 0.884835
  batch 1200 loss = 0.908661
  batch 1300 loss = 0.881383
  batch 1400 loss = 0.891810
  batch 1500 loss = 0.907487
  batch 1600 loss = 0.900250
  batch 1700 loss = 0.890711
  batch 1800 loss = 0.873195
  batch 1900 loss = 0.861465
  batch 2000 loss = 0.860691
  batch 2100 loss = 0.934114
  batch 2200 loss = 0.936801
  batch 2300 loss = 0.888343
  batch 2400 loss = 0.926843
  batch 2500 loss = 0.922736
  batch 2600 loss = 0.873991
  batch 2700 loss = 0.936131
  batch 2800 loss = 0.928249
  batch 2900 loss = 0.882359
  batch 3000 loss = 0.877919
  batch 3100 loss = 0.868584
  batch 3200 loss = 0.935463
  batch 3300 loss = 0.866209
  batch 3400 loss = 0.935864
  batch 3500 loss = 0.937121
  batch 3600 loss = 0.879669
  batch 3700 loss = 0.930785
  batch 3800 loss = 0.861685
  batch 3900 loss = 0.938886
  batch 4000 loss = 0.928385
  batch 4100 loss = 0.871208
  batch 4200 loss = 0.882154
  batch 4300 loss = 0.921911
  batch 4400 loss = 0.873900
  batch 4500 loss = 0.887435
  batch 4600 loss = 0.936008
  batch 4700 loss = 0.880467
  batch 4800 loss = 0.935152
  batch 4900 loss = 0.939519
  batch 5000 loss = 0.935518
  batch 5100 loss = 0.879981
  batch 5200 loss = 0.885268
  batch 5300 loss = 0.933548
  batch 5400 loss = 0.927349
  batch 5500 loss = 0.937863
  batch 5600 loss = 0.862547
  batch 5700 loss = 0.862806
  batch 5800 loss = 0.899739
  batch 5900 loss = 0.870782
  batch 6000 loss = 0.874641
  batch 6100 loss = 0.933977
  batch 6200 loss = 0.932317
  batch 6300 loss = 0.878026
  batch 6400 loss = 0.932423
  batch 6500 loss = 0.932544
  batch 6600 loss = 0.886927
  batch 6700 loss = 0.917951
  batch 6800 loss = 0.921303
  batch 6900 loss = 0.868303
  batch 7000 loss = 0.868147
  batch 7100 loss = 0.871593
  batch 7200 loss = 0.931951
  batch 7300 loss = 0.858501
  batch 7400 loss = 0.933368
  batch 7500 loss = 0.933072
  batch 7600 loss = 0.908421
  batch 7700 loss = 0.868238
  batch 7800 loss = 0.902074
  batch 7900 loss = 0.903240
  batch 8000 loss = 0.877696
  batch 8100 loss = 0.912676
  batch 8200 loss = 0.931416
  batch 8300 loss = 0.903504
  batch 8400 loss = 0.917399
  batch 8500 loss = 0.915820
  batch 8600 loss = 0.881776
  batch 8700 loss = 0.938840
  batch 8800 loss = 0.882287
  batch 8900 loss = 0.938764
  batch 9000 loss = 0.939086
  batch 9100 loss = 0.868114
  batch 9200 loss = 0.885063
  batch 9300 loss = 0.909996
  batch 9400 loss = 0.932656
  batch 9500 loss = 0.923500
  batch 9600 loss = 0.933152
  batch 9700 loss = 0.852445
  batch 9800 loss = 0.937577
  batch 9900 loss = 0.865676
  batch 10000 loss = 0.871861
  Total batches: 10000, final loss = 0.871861
Validation loss: 0.915746
Saved BEST checkpoint
Epoch 7
  batch 100 loss = 0.932548
  batch 200 loss = 0.905939
  batch 300 loss = 0.892593
  batch 400 loss = 0.866270
  batch 500 loss = 0.876367
  batch 600 loss = 0.858395
  batch 700 loss = 0.933184
  batch 800 loss = 0.928667
  batch 900 loss = 0.900434
  batch 1000 loss = 0.902034
  batch 1100 loss = 0.906621
  batch 1200 loss = 0.865080
  batch 1300 loss = 0.938145
  batch 1400 loss = 0.871849
  batch 1500 loss = 0.840148
  batch 1600 loss = 0.856276
  batch 1700 loss = 0.900341
  batch 1800 loss = 0.913550
  batch 1900 loss = 0.928376
  batch 2000 loss = 0.930305
  batch 2100 loss = 0.935052
  batch 2200 loss = 0.861308
  batch 2300 loss = 0.854620
  batch 2400 loss = 0.932429
  batch 2500 loss = 0.937055
  batch 2600 loss = 0.932328
  batch 2700 loss = 0.880588
  batch 2800 loss = 0.883604
  batch 2900 loss = 0.936672
  batch 3000 loss = 0.919143
  batch 3100 loss = 0.871507
  batch 3200 loss = 0.892664
  batch 3300 loss = 0.880626
  batch 3400 loss = 0.937939
  batch 3500 loss = 0.939001
  batch 3600 loss = 0.934708
  batch 3700 loss = 0.883778
  batch 3800 loss = 0.928945
  batch 3900 loss = 0.930690
  batch 4000 loss = 0.927614
  batch 4100 loss = 0.837589
  batch 4200 loss = 0.926094
  batch 4300 loss = 0.854671
  batch 4400 loss = 0.919424
  batch 4500 loss = 0.905435
  batch 4600 loss = 0.870391
  batch 4700 loss = 0.834316
  batch 4800 loss = 0.938407
  batch 4900 loss = 0.914751
  batch 5000 loss = 0.905417
  batch 5100 loss = 0.858674
  batch 5200 loss = 0.939097
  batch 5300 loss = 0.927026
  batch 5400 loss = 0.878326
  batch 5500 loss = 0.876058
  batch 5600 loss = 0.937641
  batch 5700 loss = 0.896649
  batch 5800 loss = 0.907316
  batch 5900 loss = 0.918528
  batch 6000 loss = 0.914946
  batch 6100 loss = 0.890061
  batch 6200 loss = 0.896439
  batch 6300 loss = 0.922901
  batch 6400 loss = 0.939462
  batch 6500 loss = 0.935756
  batch 6600 loss = 0.935500
  batch 6700 loss = 0.937787
  batch 6800 loss = 0.867034
  batch 6900 loss = 0.880802
  batch 7000 loss = 0.853332
  batch 7100 loss = 0.934092
  batch 7200 loss = 0.862292
  batch 7300 loss = 0.936621
  batch 7400 loss = 0.877360
  batch 7500 loss = 0.870931
  batch 7600 loss = 0.819278
  batch 7700 loss = 0.837551
  batch 7800 loss = 0.837673
  batch 7900 loss = 0.870793
  batch 8000 loss = 0.875724
  batch 8100 loss = 0.932432
  batch 8200 loss = 0.918868
  batch 8300 loss = 0.862304
  batch 8400 loss = 0.939754
  batch 8500 loss = 0.937258
  batch 8600 loss = 0.906887
  batch 8700 loss = 0.936686
  batch 8800 loss = 0.847473
  batch 8900 loss = 0.864394
  batch 9000 loss = 0.847128
  batch 9100 loss = 0.846441
  batch 9200 loss = 0.936048
  batch 9300 loss = 0.871019
  batch 9400 loss = 0.886771
  batch 9500 loss = 0.895783
  batch 9600 loss = 0.932282
  batch 9700 loss = 0.872267
  batch 9800 loss = 0.934929
  batch 9900 loss = 0.929697
  batch 10000 loss = 0.935484
  Total batches: 10000, final loss = 0.935484
Validation loss: 0.912309
Saved BEST checkpoint
Epoch 8
  batch 100 loss = 0.896377
  batch 200 loss = 0.839073
  batch 300 loss = 0.880792
  batch 400 loss = 0.936998
  batch 500 loss = 0.935480
  batch 600 loss = 0.838092
  batch 700 loss = 0.933953
  batch 800 loss = 0.938493
  batch 900 loss = 0.942129
  batch 1000 loss = 0.932657
  batch 1100 loss = 0.919116
  batch 1200 loss = 0.902896
  batch 1300 loss = 0.926123
  batch 1400 loss = 0.847318
  batch 1500 loss = 0.825505
  batch 1600 loss = 0.851421
  batch 1700 loss = 0.891910
  batch 1800 loss = 0.841599
  batch 1900 loss = 0.934438
  batch 2000 loss = 0.933586
  batch 2100 loss = 0.860142
  batch 2200 loss = 0.892736
  batch 2300 loss = 0.869762
  batch 2400 loss = 0.935007
  batch 2500 loss = 0.935144
  batch 2600 loss = 0.855158
  batch 2700 loss = 0.877779
  batch 2800 loss = 0.841148
  batch 2900 loss = 0.856356
  batch 3000 loss = 0.859642
  batch 3100 loss = 0.939270
  batch 3200 loss = 0.884524
  batch 3300 loss = 0.935816
  batch 3400 loss = 0.932894
  batch 3500 loss = 0.934652
  batch 3600 loss = 0.936123
  batch 3700 loss = 0.846091
  batch 3800 loss = 0.847128
  batch 3900 loss = 0.844883
  batch 4000 loss = 0.829865
  batch 4100 loss = 0.931923
  batch 4200 loss = 0.886396
  batch 4300 loss = 0.852865
  batch 4400 loss = 0.937467
  batch 4500 loss = 0.936578
  batch 4600 loss = 0.936066
  batch 4700 loss = 0.872654
  batch 4800 loss = 0.936008
  batch 4900 loss = 0.882957
  batch 5000 loss = 0.892937
  batch 5100 loss = 0.860428
  batch 5200 loss = 0.921902
  batch 5300 loss = 0.921929
  batch 5400 loss = 0.937105
  batch 5500 loss = 0.934143
  batch 5600 loss = 0.933660
  batch 5700 loss = 0.823629
  batch 5800 loss = 0.891246
  batch 5900 loss = 0.912290
  batch 6000 loss = 0.882100
  batch 6100 loss = 0.841767
  batch 6200 loss = 0.866077
  batch 6300 loss = 0.872648
  batch 6400 loss = 0.938045
  batch 6500 loss = 0.927245
  batch 6600 loss = 0.887076
  batch 6700 loss = 0.854349
  batch 6800 loss = 0.867885
  batch 6900 loss = 0.931033
  batch 7000 loss = 0.931426
  batch 7100 loss = 0.869694
  batch 7200 loss = 0.907144
  batch 7300 loss = 0.909951
  batch 7400 loss = 0.907142
  batch 7500 loss = 0.878261
  batch 7600 loss = 0.938408
  batch 7700 loss = 0.899392
  batch 7800 loss = 0.936114
  batch 7900 loss = 0.857215
  batch 8000 loss = 0.868560
  batch 8100 loss = 0.926963
  batch 8200 loss = 0.861018
  batch 8300 loss = 0.847410
  batch 8400 loss = 0.939455
  batch 8500 loss = 0.923878
  batch 8600 loss = 0.936633
  batch 8700 loss = 0.925377
  batch 8800 loss = 0.919238
  batch 8900 loss = 0.938331
  batch 9000 loss = 0.938727
  batch 9100 loss = 0.924460
  batch 9200 loss = 0.927373
  batch 9300 loss = 0.935754
  batch 9400 loss = 0.890168
  batch 9500 loss = 0.883980
  batch 9600 loss = 0.841591
  batch 9700 loss = 0.857266
  batch 9800 loss = 0.931438
  batch 9900 loss = 0.919526
  batch 10000 loss = 0.911392
  Total batches: 10000, final loss = 0.911392
Validation loss: 0.906940
Saved BEST checkpoint
Epoch 9
  batch 100 loss = 0.906808
  batch 200 loss = 0.899637
  batch 300 loss = 0.874076
  batch 400 loss = 0.933327
  batch 500 loss = 0.934347
  batch 600 loss = 0.832811
  batch 700 loss = 0.937428
  batch 800 loss = 0.899748
  batch 900 loss = 0.867829
  batch 1000 loss = 0.862810
  batch 1100 loss = 0.936826
  batch 1200 loss = 0.876046
  batch 1300 loss = 0.892132
  batch 1400 loss = 0.898923
  batch 1500 loss = 0.879782
  batch 1600 loss = 0.930660
  batch 1700 loss = 0.870575
  batch 1800 loss = 0.935782
  batch 1900 loss = 0.936487
  batch 2000 loss = 0.937939
  batch 2100 loss = 0.925055
  batch 2200 loss = 0.860656
  batch 2300 loss = 0.846716
  batch 2400 loss = 0.908160
  batch 2500 loss = 0.907815
  batch 2600 loss = 0.931744
  batch 2700 loss = 0.937556
  batch 2800 loss = 0.934854
  batch 2900 loss = 0.840395
  batch 3000 loss = 0.866826
  batch 3100 loss = 0.869674
  batch 3200 loss = 0.932726
  batch 3300 loss = 0.846822
  batch 3400 loss = 0.894724
  batch 3500 loss = 0.900333
  batch 3600 loss = 0.867408
  batch 3700 loss = 0.932462
  batch 3800 loss = 0.898035
  batch 3900 loss = 0.833561
  batch 4000 loss = 0.870010
  batch 4100 loss = 0.936997
  batch 4200 loss = 0.850726
  batch 4300 loss = 0.854622
  batch 4400 loss = 0.905286
  batch 4500 loss = 0.892686
  batch 4600 loss = 0.829925
  batch 4700 loss = 0.849178
  batch 4800 loss = 0.879830
  batch 4900 loss = 0.905797
  batch 5000 loss = 0.907154
  batch 5100 loss = 0.865312
  batch 5200 loss = 0.917447
  batch 5300 loss = 0.928396
  batch 5400 loss = 0.877835
  batch 5500 loss = 0.872959
  batch 5600 loss = 0.842164
  batch 5700 loss = 0.869710
  batch 5800 loss = 0.901851
  batch 5900 loss = 0.933209
  batch 6000 loss = 0.939013
  batch 6100 loss = 0.936902
  batch 6200 loss = 0.908818
  batch 6300 loss = 0.934835
  batch 6400 loss = 0.891169
  batch 6500 loss = 0.912251
  batch 6600 loss = 0.868446
  batch 6700 loss = 0.930934
  batch 6800 loss = 0.893438
  batch 6900 loss = 0.926274
  batch 7000 loss = 0.930945
  batch 7100 loss = 0.817039
  batch 7200 loss = 0.922734
  batch 7300 loss = 0.840897
  batch 7400 loss = 0.927931
  batch 7500 loss = 0.924499
  batch 7600 loss = 0.934417
  batch 7700 loss = 0.841410
  batch 7800 loss = 0.933735
  batch 7900 loss = 0.827456
  batch 8000 loss = 0.832994
  batch 8100 loss = 0.812914
  batch 8200 loss = 0.934301
  batch 8300 loss = 0.854914
  batch 8400 loss = 0.843196
  batch 8500 loss = 0.830479
  batch 8600 loss = 0.837952
  batch 8700 loss = 0.854754
  batch 8800 loss = 0.926123
  batch 8900 loss = 0.935744
  batch 9000 loss = 0.933760
  batch 9100 loss = 0.851517
  batch 9200 loss = 0.927124
  batch 9300 loss = 0.936166
  batch 9400 loss = 0.931650
  batch 9500 loss = 0.932177
  batch 9600 loss = 0.939831
  batch 9700 loss = 0.841769
  batch 9800 loss = 0.867823
  batch 9900 loss = 0.856137
  batch 10000 loss = 0.810574
  Total batches: 10000, final loss = 0.810574
Validation loss: 0.912002
No improvement for 1 epochs
Epoch 10
  batch 100 loss = 0.885288
  batch 200 loss = 0.844589
  batch 300 loss = 0.935330
  batch 400 loss = 0.900478
  batch 500 loss = 0.909569
  batch 600 loss = 0.899174
  batch 700 loss = 0.897861
  batch 800 loss = 0.902875
  batch 900 loss = 0.898461
  batch 1000 loss = 0.915118
  batch 1100 loss = 0.893471
  batch 1200 loss = 0.849024
  batch 1300 loss = 0.852231
  batch 1400 loss = 0.940538
  batch 1500 loss = 0.938279
  batch 1600 loss = 0.872550
  batch 1700 loss = 0.883429
  batch 1800 loss = 0.852783
  batch 1900 loss = 0.933191
  batch 2000 loss = 0.918245
  batch 2100 loss = 0.816932
  batch 2200 loss = 0.868485
  batch 2300 loss = 0.852416
  batch 2400 loss = 0.835888
  batch 2500 loss = 0.852509
  batch 2600 loss = 0.898233
  batch 2700 loss = 0.937408
  batch 2800 loss = 0.916502
  batch 2900 loss = 0.908890
  batch 3000 loss = 0.880168
  batch 3100 loss = 0.896196
  batch 3200 loss = 0.935282
  batch 3300 loss = 0.938284
  batch 3400 loss = 0.853496
  batch 3500 loss = 0.859642
  batch 3600 loss = 0.937915
  batch 3700 loss = 0.864162
  batch 3800 loss = 0.864831
  batch 3900 loss = 0.945105
  batch 4000 loss = 0.931561
  batch 4100 loss = 0.900996
  batch 4200 loss = 0.926515
  batch 4300 loss = 0.910924
  batch 4400 loss = 0.937363
  batch 4500 loss = 0.931443
  batch 4600 loss = 0.868679
  batch 4700 loss = 0.788962
  batch 4800 loss = 0.934936
  batch 4900 loss = 0.930281
  batch 5000 loss = 0.927870
  batch 5100 loss = 0.934876
  batch 5200 loss = 0.861186
  batch 5300 loss = 0.935269
  batch 5400 loss = 0.846035
  batch 5500 loss = 0.818413
  batch 5600 loss = 0.933502
  batch 5700 loss = 0.848451
  batch 5800 loss = 0.855662
  batch 5900 loss = 0.913853
  batch 6000 loss = 0.922403
  batch 6100 loss = 0.925052
  batch 6200 loss = 0.924108
  batch 6300 loss = 0.869505
  batch 6400 loss = 0.853942
  batch 6500 loss = 0.852194
  batch 6600 loss = 0.864448
  batch 6700 loss = 0.845886
  batch 6800 loss = 0.844844
  batch 6900 loss = 0.938911
  batch 7000 loss = 0.936264
  batch 7100 loss = 0.925241
  batch 7200 loss = 0.870714
  batch 7300 loss = 0.864975
  batch 7400 loss = 0.910209
  batch 7500 loss = 0.934854
  batch 7600 loss = 0.925968
  batch 7700 loss = 0.844466
  batch 7800 loss = 0.933492
  batch 7900 loss = 0.849352
  batch 8000 loss = 0.821866
  batch 8100 loss = 0.930049
  batch 8200 loss = 0.918024
  batch 8300 loss = 0.851268
  batch 8400 loss = 0.861996
  batch 8500 loss = 0.867500
  batch 8600 loss = 0.935378
  batch 8700 loss = 0.939519
  batch 8800 loss = 0.825664
  batch 8900 loss = 0.939173
  batch 9000 loss = 0.935068
  batch 9100 loss = 0.922255
  batch 9200 loss = 0.911027
  batch 9300 loss = 0.844002
  batch 9400 loss = 0.876978
  batch 9500 loss = 0.864855
  batch 9600 loss = 0.881810
  batch 9700 loss = 0.939673
  batch 9800 loss = 0.854162
  batch 9900 loss = 0.925599
  batch 10000 loss = 0.920797
  Total batches: 10000, final loss = 0.920797
Validation loss: 0.906880
Saved BEST checkpoint
Epoch 11
  batch 100 loss = 0.937529
  batch 200 loss = 0.823769
  batch 300 loss = 0.935572
  batch 400 loss = 0.820739
  batch 500 loss = 0.839653
  batch 600 loss = 0.934285
  batch 700 loss = 0.830202
  batch 800 loss = 0.839035
  batch 900 loss = 0.895921
  batch 1000 loss = 0.901783
  batch 1100 loss = 0.853684
  batch 1200 loss = 0.785263
  batch 1300 loss = 0.933010
  batch 1400 loss = 0.842950
  batch 1500 loss = 0.840806
  batch 1600 loss = 0.858944
  batch 1700 loss = 0.925722
  batch 1800 loss = 0.893210
  batch 1900 loss = 0.836540
  batch 2000 loss = 0.838443
  batch 2100 loss = 0.890032
  batch 2200 loss = 0.935885
  batch 2300 loss = 0.854023
  batch 2400 loss = 0.919703
  batch 2500 loss = 0.924939
  batch 2600 loss = 0.902868
  batch 2700 loss = 0.838406
  batch 2800 loss = 0.887904
  batch 2900 loss = 0.936733
  batch 3000 loss = 0.935958
  batch 3100 loss = 0.933465
  batch 3200 loss = 0.937838
  batch 3300 loss = 0.936814
  batch 3400 loss = 0.854281
  batch 3500 loss = 0.807614
  batch 3600 loss = 0.916386
  batch 3700 loss = 0.842566
  batch 3800 loss = 0.935678
  batch 3900 loss = 0.847261
  batch 4000 loss = 0.850761
  batch 4100 loss = 0.937330
  batch 4200 loss = 0.829460
  batch 4300 loss = 0.888834
  batch 4400 loss = 0.904831
  batch 4500 loss = 0.921329
  batch 4600 loss = 0.874407
  batch 4700 loss = 0.917769
  batch 4800 loss = 0.842187
  batch 4900 loss = 0.888828
  batch 5000 loss = 0.854352
  batch 5100 loss = 0.845632
  batch 5200 loss = 0.853241
  batch 5300 loss = 0.832667
  batch 5400 loss = 0.850826
  batch 5500 loss = 0.849630
  batch 5600 loss = 0.935380
  batch 5700 loss = 0.933714
  batch 5800 loss = 0.927613
  batch 5900 loss = 0.932018
  batch 6000 loss = 0.929519
  batch 6100 loss = 0.839310
  batch 6200 loss = 0.937259
  batch 6300 loss = 0.933283
  batch 6400 loss = 0.939013
  batch 6500 loss = 0.932584
  batch 6600 loss = 0.894450
  batch 6700 loss = 0.865367
  batch 6800 loss = 0.846872
  batch 6900 loss = 0.937612
  batch 7000 loss = 0.935813
  batch 7100 loss = 0.892137
  batch 7200 loss = 0.931063
  batch 7300 loss = 0.884521
  batch 7400 loss = 0.866031
  batch 7500 loss = 0.869476
  batch 7600 loss = 0.880589
  batch 7700 loss = 0.926117
  batch 7800 loss = 0.936965
  batch 7900 loss = 0.819567
  batch 8000 loss = 0.810183
  batch 8100 loss = 0.861518
  batch 8200 loss = 0.918379
  batch 8300 loss = 0.871493
  batch 8400 loss = 0.841364
  batch 8500 loss = 0.832804
  batch 8600 loss = 0.932155
  batch 8700 loss = 0.897338
  batch 8800 loss = 0.902975
  batch 8900 loss = 0.889299
  batch 9000 loss = 0.875636
  batch 9100 loss = 0.916042
  batch 9200 loss = 0.869234
  batch 9300 loss = 0.936729
  batch 9400 loss = 0.879811
  batch 9500 loss = 0.897449
  batch 9600 loss = 0.880554
  batch 9700 loss = 0.890656
  batch 9800 loss = 0.938301
  batch 9900 loss = 0.882556
  batch 10000 loss = 0.837258
  Total batches: 10000, final loss = 0.837258
Validation loss: 0.911498
No improvement for 1 epochs
Epoch 12
  batch 100 loss = 0.937543
  batch 200 loss = 0.814979
  batch 300 loss = 0.876238
  batch 400 loss = 0.869114
  batch 500 loss = 0.835502
  batch 600 loss = 0.937234
  batch 700 loss = 0.857543
  batch 800 loss = 0.928979
  batch 900 loss = 0.924447
  batch 1000 loss = 0.928879
  batch 1100 loss = 0.813683
  batch 1200 loss = 0.886104
  batch 1300 loss = 0.902855
  batch 1400 loss = 0.828609
  batch 1500 loss = 0.841825
  batch 1600 loss = 0.904441
  batch 1700 loss = 0.816786
  batch 1800 loss = 0.915288
  batch 1900 loss = 0.843565
  batch 2000 loss = 0.825834
  batch 2100 loss = 0.874364
  batch 2200 loss = 0.841159
  batch 2300 loss = 0.858656
  batch 2400 loss = 0.852550
  batch 2500 loss = 0.864806
  batch 2600 loss = 0.907406
  batch 2700 loss = 0.874061
  batch 2800 loss = 0.886980
  batch 2900 loss = 0.934581
  batch 3000 loss = 0.934458
  batch 3100 loss = 0.926033
  batch 3200 loss = 0.851491
  batch 3300 loss = 0.935423
  batch 3400 loss = 0.933697
  batch 3500 loss = 0.930481
  batch 3600 loss = 0.932098
  batch 3700 loss = 0.934555
  batch 3800 loss = 0.831943
  batch 3900 loss = 0.927574
  batch 4000 loss = 0.923453
  batch 4100 loss = 0.932506
  batch 4200 loss = 0.931608
  batch 4300 loss = 0.872479
  batch 4400 loss = 0.937732
  batch 4500 loss = 0.936939
  batch 4600 loss = 0.838001
  batch 4700 loss = 0.868005
  batch 4800 loss = 0.931009
  batch 4900 loss = 0.925313
  batch 5000 loss = 0.925649
  batch 5100 loss = 0.822465
  batch 5200 loss = 0.925913
  batch 5300 loss = 0.901103
  batch 5400 loss = 0.840244
  batch 5500 loss = 0.815767
  batch 5600 loss = 0.928623
  batch 5700 loss = 0.815774
  batch 5800 loss = 0.793670
  batch 5900 loss = 0.834923
  batch 6000 loss = 0.843731
  batch 6100 loss = 0.934085
  batch 6200 loss = 0.835267
  batch 6300 loss = 0.830819
  batch 6400 loss = 0.883270
  batch 6500 loss = 0.849185
  batch 6600 loss = 0.815788
  batch 6700 loss = 0.875566
  batch 6800 loss = 0.857230
  batch 6900 loss = 0.935814
  batch 7000 loss = 0.937412
  batch 7100 loss = 0.830408
  batch 7200 loss = 0.933333
  batch 7300 loss = 0.926254
  batch 7400 loss = 0.932245
  batch 7500 loss = 0.935950
  batch 7600 loss = 0.853859
  batch 7700 loss = 0.900879
  batch 7800 loss = 0.925520
  batch 7900 loss = 0.905431
  batch 8000 loss = 0.906830
  batch 8100 loss = 0.933965
  batch 8200 loss = 0.892233
  batch 8300 loss = 0.928683
  batch 8400 loss = 0.838509
  batch 8500 loss = 0.809308
  batch 8600 loss = 0.831223
  batch 8700 loss = 0.914943
  batch 8800 loss = 0.936678
  batch 8900 loss = 0.902929
  batch 9000 loss = 0.888542
  batch 9100 loss = 0.870299
  batch 9200 loss = 0.867912
  batch 9300 loss = 0.880374
  batch 9400 loss = 0.862933
  batch 9500 loss = 0.904058
  batch 9600 loss = 0.880838
  batch 9700 loss = 0.933888
  batch 9800 loss = 0.860310
  batch 9900 loss = 0.930073
  batch 10000 loss = 0.927756
  Total batches: 10000, final loss = 0.927756
Validation loss: 0.902877
Saved BEST checkpoint
Epoch 13
  batch 100 loss = 0.878450
  batch 200 loss = 0.927402
  batch 300 loss = 0.832516
  batch 400 loss = 0.845456
  batch 500 loss = 0.830619
  batch 600 loss = 0.903550
  batch 700 loss = 0.901838
  batch 800 loss = 0.893763
  batch 900 loss = 0.840757
  batch 1000 loss = 0.825091
  batch 1100 loss = 0.805799
  batch 1200 loss = 0.900104
  batch 1300 loss = 0.934375
  batch 1400 loss = 0.938386
  batch 1500 loss = 0.936273
  batch 1600 loss = 0.938351
  batch 1700 loss = 0.932201
  batch 1800 loss = 0.902417
  batch 1900 loss = 0.898607
  batch 2000 loss = 0.907404
  batch 2100 loss = 0.808717
  batch 2200 loss = 0.937106
  batch 2300 loss = 0.837664
  batch 2400 loss = 0.869216
  batch 2500 loss = 0.839827
  batch 2600 loss = 0.924707
  batch 2700 loss = 0.933034
  batch 2800 loss = 0.936434
  batch 2900 loss = 0.861389
  batch 3000 loss = 0.854029
  batch 3100 loss = 0.816138
  batch 3200 loss = 0.899772
  batch 3300 loss = 0.920409
  batch 3400 loss = 0.843130
  batch 3500 loss = 0.874708
  batch 3600 loss = 0.833767
  batch 3700 loss = 0.840780
  batch 3800 loss = 0.846565
  batch 3900 loss = 0.927974
  batch 4000 loss = 0.924295
  batch 4100 loss = 0.925830
  batch 4200 loss = 0.832198
  batch 4300 loss = 0.843082
  batch 4400 loss = 0.866707
  batch 4500 loss = 0.886888
  batch 4600 loss = 0.920452
  batch 4700 loss = 0.896288
  batch 4800 loss = 0.841528
  batch 4900 loss = 0.846526
  batch 5000 loss = 0.860984
  batch 5100 loss = 0.857986
  batch 5200 loss = 0.840927
  batch 5300 loss = 0.930895
  batch 5400 loss = 0.879918
  batch 5500 loss = 0.868724
  batch 5600 loss = 0.909747
  batch 5700 loss = 0.864254
  batch 5800 loss = 0.888918
  batch 5900 loss = 0.849491
  batch 6000 loss = 0.871316
  batch 6100 loss = 0.896083
  batch 6200 loss = 0.937126
  batch 6300 loss = 0.939062
  batch 6400 loss = 0.935487
  batch 6500 loss = 0.937074
  batch 6600 loss = 0.821830
  batch 6700 loss = 0.933831
  batch 6800 loss = 0.860392
  batch 6900 loss = 0.923931
  batch 7000 loss = 0.925622
  batch 7100 loss = 0.864986
  batch 7200 loss = 0.852040
  batch 7300 loss = 0.844744
  batch 7400 loss = 0.908058
  batch 7500 loss = 0.932063
  batch 7600 loss = 0.934302
  batch 7700 loss = 0.816396
  batch 7800 loss = 0.934879
  batch 7900 loss = 0.931898
  batch 8000 loss = 0.923681
  batch 8100 loss = 0.936002
  batch 8200 loss = 0.831054
  batch 8300 loss = 0.849384
  batch 8400 loss = 0.924734
  batch 8500 loss = 0.917732
  batch 8600 loss = 0.937966
  batch 8700 loss = 0.868099
  batch 8800 loss = 0.875934
  batch 8900 loss = 0.905933
  batch 9000 loss = 0.907390
  batch 9100 loss = 0.931042
  batch 9200 loss = 0.931626
  batch 9300 loss = 0.933858
  batch 9400 loss = 0.929574
  batch 9500 loss = 0.925884
  batch 9600 loss = 0.890294
  batch 9700 loss = 0.939916
  batch 9800 loss = 0.816790
  batch 9900 loss = 0.914801
  batch 10000 loss = 0.917634
  Total batches: 10000, final loss = 0.917634
Validation loss: 0.900420
Saved BEST checkpoint
Epoch 14
  batch 100 loss = 0.858027
  batch 200 loss = 0.813839
  batch 300 loss = 0.938156
  batch 400 loss = 0.847043
  batch 500 loss = 0.836381
  batch 600 loss = 0.925376
  batch 700 loss = 0.823175
  batch 800 loss = 0.919638
  batch 900 loss = 0.931498
  batch 1000 loss = 0.930135
  batch 1100 loss = 0.930516
  batch 1200 loss = 0.925721
  batch 1300 loss = 0.845415
  batch 1400 loss = 0.941270
  batch 1500 loss = 0.937224
  batch 1600 loss = 0.929698
  batch 1700 loss = 0.881862
  batch 1800 loss = 0.840974
  batch 1900 loss = 0.938574
  batch 2000 loss = 0.936606
  batch 2100 loss = 0.930331
  batch 2200 loss = 0.854946
  batch 2300 loss = 0.884682
  batch 2400 loss = 0.928638
  batch 2500 loss = 0.922227
  batch 2600 loss = 0.936736
  batch 2700 loss = 0.875598
  batch 2800 loss = 0.930016
  batch 2900 loss = 0.836736
  batch 3000 loss = 0.779885
  batch 3100 loss = 0.847808
  batch 3200 loss = 0.886395
  batch 3300 loss = 0.878810
  batch 3400 loss = 0.922029
  batch 3500 loss = 0.922128
  batch 3600 loss = 0.845470
  batch 3700 loss = 0.931597
  batch 3800 loss = 0.934922
  batch 3900 loss = 0.924478
  batch 4000 loss = 0.927088
  batch 4100 loss = 0.818123
  batch 4200 loss = 0.932864
  batch 4300 loss = 0.833351
  batch 4400 loss = 0.880475
  batch 4500 loss = 0.908040
  batch 4600 loss = 0.897966
  batch 4700 loss = 0.941854
  batch 4800 loss = 0.912109
  batch 4900 loss = 0.865691
  batch 5000 loss = 0.868685
  batch 5100 loss = 0.851505
  batch 5200 loss = 0.909648
  batch 5300 loss = 0.934941
  batch 5400 loss = 0.868917
  batch 5500 loss = 0.871986
  batch 5600 loss = 0.925810
  batch 5700 loss = 0.816534
  batch 5800 loss = 0.873981
  batch 5900 loss = 0.833014
  batch 6000 loss = 0.859232
  batch 6100 loss = 0.928424
  batch 6200 loss = 0.930080
  batch 6300 loss = 0.912306
  batch 6400 loss = 0.903559
  batch 6500 loss = 0.904596
  batch 6600 loss = 0.899405
  batch 6700 loss = 0.825771
  batch 6800 loss = 0.882865
  batch 6900 loss = 0.930535
  batch 7000 loss = 0.932942
  batch 7100 loss = 0.829383
  batch 7200 loss = 0.916865
  batch 7300 loss = 0.815991
  batch 7400 loss = 0.823884
  batch 7500 loss = 0.817303
  batch 7600 loss = 0.797987
  batch 7700 loss = 0.870255
  batch 7800 loss = 0.823016
  batch 7900 loss = 0.839236
  batch 8000 loss = 0.866102
  batch 8100 loss = 0.923070
  batch 8200 loss = 0.922066
  batch 8300 loss = 0.827830
  batch 8400 loss = 0.837848
  batch 8500 loss = 0.840630
  batch 8600 loss = 0.818186
  batch 8700 loss = 0.934836
  batch 8800 loss = 0.837773
  batch 8900 loss = 0.855779
  batch 9000 loss = 0.794563
  batch 9100 loss = 0.933174
  batch 9200 loss = 0.825843
  batch 9300 loss = 0.895909
  batch 9400 loss = 0.886535
  batch 9500 loss = 0.904014
  batch 9600 loss = 0.931713
  batch 9700 loss = 0.823171
  batch 9800 loss = 0.839833
  batch 9900 loss = 0.930981
  batch 10000 loss = 0.936330
  Total batches: 10000, final loss = 0.936330
Validation loss: 0.903506
No improvement for 1 epochs
Epoch 15
  batch 100 loss = 0.880645
  batch 200 loss = 0.934659
  batch 300 loss = 0.898040
  batch 400 loss = 0.868679
  batch 500 loss = 0.868270
  batch 600 loss = 0.933999
  batch 700 loss = 0.930771
  batch 800 loss = 0.928636
  batch 900 loss = 0.825084
  batch 1000 loss = 0.834717
  batch 1100 loss = 0.936601
  batch 1200 loss = 0.903112
  batch 1300 loss = 0.941153
  batch 1400 loss = 0.875423
  batch 1500 loss = 0.859071
  batch 1600 loss = 0.879300
  batch 1700 loss = 0.925516
  batch 1800 loss = 0.892133
  batch 1900 loss = 0.937162
  batch 2000 loss = 0.935811
  batch 2100 loss = 0.834469
  batch 2200 loss = 0.935886
  batch 2300 loss = 0.920925
  batch 2400 loss = 0.835529
  batch 2500 loss = 0.817463
  batch 2600 loss = 0.877047
  batch 2700 loss = 0.833300
  batch 2800 loss = 0.842975
  batch 2900 loss = 0.816872
  batch 3000 loss = 0.802960
  batch 3100 loss = 0.935243
  batch 3200 loss = 0.840315
  batch 3300 loss = 0.934677
  batch 3400 loss = 0.856750
  batch 3500 loss = 0.827131
  batch 3600 loss = 0.847472
  batch 3700 loss = 0.788672
  batch 3800 loss = 0.856351
  batch 3900 loss = 0.923458
  batch 4000 loss = 0.918371
  batch 4100 loss = 0.841747
  batch 4200 loss = 0.921820
  batch 4300 loss = 0.940015
  batch 4400 loss = 0.868916
  batch 4500 loss = 0.853113
  batch 4600 loss = 0.928845
  batch 4700 loss = 0.837078
  batch 4800 loss = 0.936564
  batch 4900 loss = 0.903107
  batch 5000 loss = 0.921759
  batch 5100 loss = 0.854788
  batch 5200 loss = 0.923164
  batch 5300 loss = 0.896697
  batch 5400 loss = 0.856427
  batch 5500 loss = 0.863061
  batch 5600 loss = 0.785195
  batch 5700 loss = 0.827868
  batch 5800 loss = 0.925969
  batch 5900 loss = 0.935102
  batch 6000 loss = 0.936368
  batch 6100 loss = 0.922514
  batch 6200 loss = 0.930215
  batch 6300 loss = 0.887991
  batch 6400 loss = 0.907275
  batch 6500 loss = 0.868032
  batch 6600 loss = 0.809281
  batch 6700 loss = 0.822568
  batch 6800 loss = 0.926073
  batch 6900 loss = 0.784632
  batch 7000 loss = 0.851740
  batch 7100 loss = 0.831207
  batch 7200 loss = 0.931917
  batch 7300 loss = 0.849268
  batch 7400 loss = 0.824783
  batch 7500 loss = 0.823301
  batch 7600 loss = 0.919835
  batch 7700 loss = 0.839114
  batch 7800 loss = 0.872421
  batch 7900 loss = 0.934624
  batch 8000 loss = 0.937515
  batch 8100 loss = 0.870571
  batch 8200 loss = 0.810173
  batch 8300 loss = 0.938917
  batch 8400 loss = 0.892087
  batch 8500 loss = 0.874962
  batch 8600 loss = 0.923908
  batch 8700 loss = 0.883778
  batch 8800 loss = 0.935632
  batch 8900 loss = 0.826843
  batch 9000 loss = 0.838029
  batch 9100 loss = 0.891676
  batch 9200 loss = 0.837118
  batch 9300 loss = 0.921455
  batch 9400 loss = 0.874601
  batch 9500 loss = 0.870864
  batch 9600 loss = 0.921406
  batch 9700 loss = 0.894323
  batch 9800 loss = 0.861790
  batch 9900 loss = 0.819376
  batch 10000 loss = 0.846782
  Total batches: 10000, final loss = 0.846782
Validation loss: 0.902594
No improvement for 2 epochs
Epoch 16
  batch 100 loss = 0.859871
  batch 200 loss = 0.803676
  batch 300 loss = 0.905295
  batch 400 loss = 0.844640
  batch 500 loss = 0.858274
  batch 600 loss = 0.882601
  batch 700 loss = 0.845284
  batch 800 loss = 0.904386
  batch 900 loss = 0.934582
  batch 1000 loss = 0.938807
  batch 1100 loss = 0.920366
  batch 1200 loss = 0.930783
  batch 1300 loss = 0.937966
  batch 1400 loss = 0.926160
  batch 1500 loss = 0.933785
  batch 1600 loss = 0.937657
  batch 1700 loss = 0.836956
  batch 1800 loss = 0.919402
  batch 1900 loss = 0.938197
  batch 2000 loss = 0.931614
  batch 2100 loss = 0.936596
  batch 2200 loss = 0.815885
  batch 2300 loss = 0.937646
  batch 2400 loss = 0.915276
  batch 2500 loss = 0.921101
  batch 2600 loss = 0.934621
  batch 2700 loss = 0.919824
  batch 2800 loss = 0.850009
  batch 2900 loss = 0.877158
  batch 3000 loss = 0.870531
  batch 3100 loss = 0.820957
  batch 3200 loss = 0.830500
  batch 3300 loss = 0.883281
  batch 3400 loss = 0.928591
  batch 3500 loss = 0.932192
  batch 3600 loss = 0.931115
  batch 3700 loss = 0.827321
  batch 3800 loss = 0.817325
  batch 3900 loss = 0.933597
  batch 4000 loss = 0.919030
  batch 4100 loss = 0.855458
  batch 4200 loss = 0.927215
  batch 4300 loss = 0.858350
  batch 4400 loss = 0.853775
  batch 4500 loss = 0.871213
  batch 4600 loss = 0.838356
  batch 4700 loss = 0.922719
  batch 4800 loss = 0.874417
  batch 4900 loss = 0.793904
  batch 5000 loss = 0.817384
  batch 5100 loss = 0.889548
  batch 5200 loss = 0.909865
  batch 5300 loss = 0.930386
  batch 5400 loss = 0.858632
  batch 5500 loss = 0.861315
  batch 5600 loss = 0.936494
  batch 5700 loss = 0.904682
  batch 5800 loss = 0.920230
  batch 5900 loss = 0.933970
  batch 6000 loss = 0.934514
  batch 6100 loss = 0.933044
  batch 6200 loss = 0.922748
  batch 6300 loss = 0.937076
  batch 6400 loss = 0.837415
  batch 6500 loss = 0.831224
  batch 6600 loss = 0.878026
  batch 6700 loss = 0.933171
  batch 6800 loss = 0.797983
  batch 6900 loss = 0.930804
  batch 7000 loss = 0.935005
  batch 7100 loss = 0.936946
  batch 7200 loss = 0.823194
  batch 7300 loss = 0.893383
  batch 7400 loss = 0.913223
  batch 7500 loss = 0.894733
  batch 7600 loss = 0.846161
  batch 7700 loss = 0.900196
  batch 7800 loss = 0.935747
  batch 7900 loss = 0.867237
  batch 8000 loss = 0.869753
  batch 8100 loss = 0.789839
  batch 8200 loss = 0.837254
  batch 8300 loss = 0.860669
  batch 8400 loss = 0.846118
  batch 8500 loss = 0.828037
  batch 8600 loss = 0.924882
  batch 8700 loss = 0.829629
  batch 8800 loss = 0.928814
  batch 8900 loss = 0.891690
  batch 9000 loss = 0.901498
  batch 9100 loss = 0.786962
  batch 9200 loss = 0.899358
  batch 9300 loss = 0.820925
  batch 9400 loss = 0.831659
  batch 9500 loss = 0.843626
  batch 9600 loss = 0.830235
  batch 9700 loss = 0.842679
  batch 9800 loss = 0.830194
  batch 9900 loss = 0.825127
  batch 10000 loss = 0.839790
  Total batches: 10000, final loss = 0.839790
Validation loss: 0.901501
No improvement for 3 epochs
Epoch 17
  batch 100 loss = 0.794027
  batch 200 loss = 0.937311
  batch 300 loss = 0.924867
  batch 400 loss = 0.890168
  batch 500 loss = 0.899659
  batch 600 loss = 0.843357
  batch 700 loss = 0.829782
  batch 800 loss = 0.889988
  batch 900 loss = 0.932157
  batch 1000 loss = 0.936922
  batch 1100 loss = 0.920489
  batch 1200 loss = 0.917576
  batch 1300 loss = 0.916884
  batch 1400 loss = 0.866522
  batch 1500 loss = 0.836037
  batch 1600 loss = 0.829330
  batch 1700 loss = 0.799307
  batch 1800 loss = 0.843358
  batch 1900 loss = 0.914842
  batch 2000 loss = 0.892420
  batch 2100 loss = 0.939483
  batch 2200 loss = 0.807188
  batch 2300 loss = 0.928400
  batch 2400 loss = 0.848515
  batch 2500 loss = 0.790073
  batch 2600 loss = 0.918513
  batch 2700 loss = 0.831971
  batch 2800 loss = 0.893687
  batch 2900 loss = 0.828922
  batch 3000 loss = 0.856153
  batch 3100 loss = 0.853865
  batch 3200 loss = 0.933953
  batch 3300 loss = 0.877587
  batch 3400 loss = 0.832163
  batch 3500 loss = 0.797826
  batch 3600 loss = 0.937114
  batch 3700 loss = 0.850080
  batch 3800 loss = 0.837029
  batch 3900 loss = 0.910817
  batch 4000 loss = 0.898228
  batch 4100 loss = 0.931973
  batch 4200 loss = 0.932774
  batch 4300 loss = 0.887406
  batch 4400 loss = 0.820000
  batch 4500 loss = 0.852056
  batch 4600 loss = 0.802722
  batch 4700 loss = 0.923644
  batch 4800 loss = 0.933704
  batch 4900 loss = 0.885069
  batch 5000 loss = 0.876275
  batch 5100 loss = 0.866285
  batch 5200 loss = 0.816389
  batch 5300 loss = 0.853748
  batch 5400 loss = 0.836506
  batch 5500 loss = 0.850186
  batch 5600 loss = 0.933998
  batch 5700 loss = 0.842837
  batch 5800 loss = 0.799244
  batch 5900 loss = 0.811867
  batch 6000 loss = 0.805192
  batch 6100 loss = 0.798419
  batch 6200 loss = 0.927961
  batch 6300 loss = 0.928439
  batch 6400 loss = 0.937648
  batch 6500 loss = 0.936584
  batch 6600 loss = 0.873463
  batch 6700 loss = 0.840633
  batch 6800 loss = 0.838160
  batch 6900 loss = 0.824892
  batch 7000 loss = 0.825228
  batch 7100 loss = 0.938738
  batch 7200 loss = 0.933614
  batch 7300 loss = 0.927569
  batch 7400 loss = 0.910590
  batch 7500 loss = 0.920325
  batch 7600 loss = 0.874713
  batch 7700 loss = 0.941537
  batch 7800 loss = 0.854149
  batch 7900 loss = 0.919077
  batch 8000 loss = 0.926016
  batch 8100 loss = 0.938719
  batch 8200 loss = 0.774679
  batch 8300 loss = 0.933257
  batch 8400 loss = 0.822766
  batch 8500 loss = 0.818792
  batch 8600 loss = 0.926614
  batch 8700 loss = 0.937093
  batch 8800 loss = 0.883671
  batch 8900 loss = 0.882728
  batch 9000 loss = 0.862179
  batch 9100 loss = 0.805853
  batch 9200 loss = 0.924336
  batch 9300 loss = 0.863062
  batch 9400 loss = 0.921455
  batch 9500 loss = 0.920870
  batch 9600 loss = 0.913448
  batch 9700 loss = 0.873763
  batch 9800 loss = 0.922056
  batch 9900 loss = 0.894219
  batch 10000 loss = 0.886266
  Total batches: 10000, final loss = 0.886266
Validation loss: 0.903152
No improvement for 4 epochs
Epoch 18
  batch 100 loss = 0.818938
  batch 200 loss = 0.936936
  batch 300 loss = 0.920880
  batch 400 loss = 0.847309
  batch 500 loss = 0.808720
  batch 600 loss = 0.937131
  batch 700 loss = 0.931856
  batch 800 loss = 0.934076
  batch 900 loss = 0.808759
  batch 1000 loss = 0.810354
  batch 1100 loss = 0.869764
  batch 1200 loss = 0.921421
  batch 1300 loss = 0.885712
  batch 1400 loss = 0.828907
  batch 1500 loss = 0.848837
  batch 1600 loss = 0.819813
  batch 1700 loss = 0.911496
  batch 1800 loss = 0.823661
  batch 1900 loss = 0.934603
  batch 2000 loss = 0.923467
  batch 2100 loss = 0.917842
  batch 2200 loss = 0.834625
  batch 2300 loss = 0.872804
  batch 2400 loss = 0.879871
  batch 2500 loss = 0.879407
  batch 2600 loss = 0.825421
  batch 2700 loss = 0.755843
  batch 2800 loss = 0.830431
  batch 2900 loss = 0.932328
  batch 3000 loss = 0.938140
  batch 3100 loss = 0.871113
  batch 3200 loss = 0.794681
  batch 3300 loss = 0.845221
  batch 3400 loss = 0.917965
  batch 3500 loss = 0.930078
  batch 3600 loss = 0.928179
  batch 3700 loss = 0.874103
  batch 3800 loss = 0.882591
  batch 3900 loss = 0.812427
  batch 4000 loss = 0.826171
  batch 4100 loss = 0.861406
  batch 4200 loss = 0.842740
  batch 4300 loss = 0.904236
  batch 4400 loss = 0.927460
  batch 4500 loss = 0.904301
  batch 4600 loss = 0.922484
  batch 4700 loss = 0.812105
  batch 4800 loss = 0.935519
  batch 4900 loss = 0.923874
  batch 5000 loss = 0.925496
  batch 5100 loss = 0.886845
  batch 5200 loss = 0.874944
  batch 5300 loss = 0.820489
  batch 5400 loss = 0.912744
  batch 5500 loss = 0.894498
  batch 5600 loss = 0.841440
  batch 5700 loss = 0.835234
  batch 5800 loss = 0.927858
  batch 5900 loss = 0.872846
  batch 6000 loss = 0.858940
  batch 6100 loss = 0.810448
  batch 6200 loss = 0.792638
  batch 6300 loss = 0.891483
  batch 6400 loss = 0.802778
  batch 6500 loss = 0.803583
  batch 6600 loss = 0.934726
  batch 6700 loss = 0.794241
  batch 6800 loss = 0.918785
  batch 6900 loss = 0.939286
  batch 7000 loss = 0.939378
  batch 7100 loss = 0.931844
  batch 7200 loss = 0.797898
  batch 7300 loss = 0.931537
  batch 7400 loss = 0.917640
  batch 7500 loss = 0.915197
  batch 7600 loss = 0.863137
  batch 7700 loss = 0.937647
  batch 7800 loss = 0.818440
  batch 7900 loss = 0.825350
  batch 8000 loss = 0.804344
  batch 8100 loss = 0.862675
  batch 8200 loss = 0.817759
  batch 8300 loss = 0.944434
  batch 8400 loss = 0.929836
  batch 8500 loss = 0.934073
  batch 8600 loss = 0.928931
  batch 8700 loss = 0.918658
  batch 8800 loss = 0.831313
  batch 8900 loss = 0.936968
  batch 9000 loss = 0.935504
  batch 9100 loss = 0.830434
  batch 9200 loss = 0.890933
  batch 9300 loss = 0.930284
  batch 9400 loss = 0.818766
  batch 9500 loss = 0.860762
  batch 9600 loss = 0.937310
  batch 9700 loss = 0.928824
  batch 9800 loss = 0.936825
  batch 9900 loss = 0.914095
  batch 10000 loss = 0.904188
  Total batches: 10000, final loss = 0.904188
Validation loss: 0.893422
Saved BEST checkpoint
Epoch 19
  batch 100 loss = 0.784309
  batch 200 loss = 0.879198
  batch 300 loss = 0.928259
  batch 400 loss = 0.933002
  batch 500 loss = 0.919258
  batch 600 loss = 0.937382
  batch 700 loss = 0.794262
  batch 800 loss = 0.864514
  batch 900 loss = 0.886650
  batch 1000 loss = 0.859904
  batch 1100 loss = 0.890762
  batch 1200 loss = 0.905279
  batch 1300 loss = 0.822893
  batch 1400 loss = 0.806281
  batch 1500 loss = 0.816238
  batch 1600 loss = 0.936822
  batch 1700 loss = 0.928725
  batch 1800 loss = 0.828265
  batch 1900 loss = 0.852009
  batch 2000 loss = 0.875153
  batch 2100 loss = 0.847155
  batch 2200 loss = 0.820007
  batch 2300 loss = 0.935498
  batch 2400 loss = 0.836214
  batch 2500 loss = 0.845674
  batch 2600 loss = 0.808100
  batch 2700 loss = 0.930657
  batch 2800 loss = 0.865555
  batch 2900 loss = 0.809577
  batch 3000 loss = 0.807236
  batch 3100 loss = 0.931336
  batch 3200 loss = 0.933387
  batch 3300 loss = 0.917267
  batch 3400 loss = 0.819356
  batch 3500 loss = 0.822533
  batch 3600 loss = 0.920661
  batch 3700 loss = 0.867488
  batch 3800 loss = 0.824533
  batch 3900 loss = 0.826423
  batch 4000 loss = 0.832185
  batch 4100 loss = 0.831411
  batch 4200 loss = 0.920602
  batch 4300 loss = 0.931643
  batch 4400 loss = 0.926466
  batch 4500 loss = 0.920334
  batch 4600 loss = 0.818875
  batch 4700 loss = 0.791179
  batch 4800 loss = 0.791096
  batch 4900 loss = 0.936225
  batch 5000 loss = 0.936620
  batch 5100 loss = 0.827184
  batch 5200 loss = 0.920198
  batch 5300 loss = 0.934552
  batch 5400 loss = 0.897598
  batch 5500 loss = 0.894873
  batch 5600 loss = 0.929180
  batch 5700 loss = 0.859092
  batch 5800 loss = 0.936012
  batch 5900 loss = 0.809975
  batch 6000 loss = 0.778715
  batch 6100 loss = 0.853940
  batch 6200 loss = 0.902470
  batch 6300 loss = 0.928847
  batch 6400 loss = 0.819212
  batch 6500 loss = 0.793044
  batch 6600 loss = 0.923526
  batch 6700 loss = 0.806007
  batch 6800 loss = 0.822041
  batch 6900 loss = 0.918897
  batch 7000 loss = 0.907096
  batch 7100 loss = 0.930082
  batch 7200 loss = 0.792629
  batch 7300 loss = 0.917333
  batch 7400 loss = 0.821723
  batch 7500 loss = 0.812591
  batch 7600 loss = 0.891664
  batch 7700 loss = 0.809350
  batch 7800 loss = 0.937856
  batch 7900 loss = 0.933642
  batch 8000 loss = 0.937944
  batch 8100 loss = 0.853982
  batch 8200 loss = 0.937865
  batch 8300 loss = 0.857766
  batch 8400 loss = 0.817193
  batch 8500 loss = 0.809503
  batch 8600 loss = 0.932912
  batch 8700 loss = 0.805298
  batch 8800 loss = 0.888458
  batch 8900 loss = 0.861793
  batch 9000 loss = 0.856126
  batch 9100 loss = 0.868342
  batch 9200 loss = 0.901005
  batch 9300 loss = 0.821672
  batch 9400 loss = 0.891566
  batch 9500 loss = 0.871061
  batch 9600 loss = 0.932155
  batch 9700 loss = 0.939667
  batch 9800 loss = 0.935137
  batch 9900 loss = 0.893837
  batch 10000 loss = 0.892873
  Total batches: 10000, final loss = 0.892873
Validation loss: 0.892071
Saved BEST checkpoint
Epoch 20
  batch 100 loss = 0.816811
  batch 200 loss = 0.848093
  batch 300 loss = 0.811138
  batch 400 loss = 0.923450
  batch 500 loss = 0.916233
  batch 600 loss = 0.895022
  batch 700 loss = 0.831553
  batch 800 loss = 0.877135
  batch 900 loss = 0.813241
  batch 1000 loss = 0.843880
  batch 1100 loss = 0.929081
  batch 1200 loss = 0.820542
  batch 1300 loss = 0.912839
  batch 1400 loss = 0.837471
  batch 1500 loss = 0.820023
  batch 1600 loss = 0.926522
  batch 1700 loss = 0.884189
  batch 1800 loss = 0.799394
  batch 1900 loss = 0.931885
  batch 2000 loss = 0.933341
  batch 2100 loss = 0.881591
  batch 2200 loss = 0.923839
  batch 2300 loss = 0.826930
  batch 2400 loss = 0.844892
  batch 2500 loss = 0.815368
  batch 2600 loss = 0.830753
  batch 2700 loss = 0.918220
  batch 2800 loss = 0.874415
  batch 2900 loss = 0.819358
  batch 3000 loss = 0.823465
  batch 3100 loss = 0.813104
  batch 3200 loss = 0.814767
  batch 3300 loss = 0.766694
  batch 3400 loss = 0.860129
  batch 3500 loss = 0.864969
  batch 3600 loss = 0.885698
  batch 3700 loss = 0.936795
  batch 3800 loss = 0.819066
  batch 3900 loss = 0.899467
  batch 4000 loss = 0.911724
  batch 4100 loss = 0.840236
  batch 4200 loss = 0.926779
  batch 4300 loss = 0.932608
  batch 4400 loss = 0.920192
  batch 4500 loss = 0.913343
  batch 4600 loss = 0.936598
  batch 4700 loss = 0.936135
  batch 4800 loss = 0.924796
  batch 4900 loss = 0.933609
  batch 5000 loss = 0.931705
  batch 5100 loss = 0.812402
  batch 5200 loss = 0.888874
  batch 5300 loss = 0.937943
  batch 5400 loss = 0.791769
  batch 5500 loss = 0.804482
  batch 5600 loss = 0.819499
  batch 5700 loss = 0.906568
  batch 5800 loss = 0.932123
  batch 5900 loss = 0.892537
  batch 6000 loss = 0.904050
  batch 6100 loss = 0.921354
  batch 6200 loss = 0.826426
  batch 6300 loss = 0.792199
  batch 6400 loss = 0.937688
  batch 6500 loss = 0.929439
  batch 6600 loss = 0.827505
  batch 6700 loss = 0.935446
  batch 6800 loss = 0.930331
  batch 6900 loss = 0.865164
  batch 7000 loss = 0.871864
  batch 7100 loss = 0.782113
  batch 7200 loss = 0.934726
  batch 7300 loss = 0.937737
  batch 7400 loss = 0.932868
  batch 7500 loss = 0.935839
  batch 7600 loss = 0.793004
  batch 7700 loss = 0.817161
  batch 7800 loss = 0.938465
  batch 7900 loss = 0.876162
  batch 8000 loss = 0.852488
  batch 8100 loss = 0.859644
  batch 8200 loss = 0.833498
  batch 8300 loss = 0.864367
  batch 8400 loss = 0.840816
  batch 8500 loss = 0.849142
  batch 8600 loss = 0.778365
  batch 8700 loss = 0.935005
  batch 8800 loss = 0.937226
  batch 8900 loss = 0.930882
  batch 9000 loss = 0.923210
  batch 9100 loss = 0.841307
  batch 9200 loss = 0.901206
  batch 9300 loss = 0.912058
  batch 9400 loss = 0.859057
  batch 9500 loss = 0.812985
  batch 9600 loss = 0.889202
  batch 9700 loss = 0.924916
  batch 9800 loss = 0.937856
  batch 9900 loss = 0.922494
  batch 10000 loss = 0.921220
  Total batches: 10000, final loss = 0.921220
Validation loss: 0.890567
Saved BEST checkpoint
Epoch 21
  batch 100 loss = 0.817544
  batch 200 loss = 0.913685
  batch 300 loss = 0.934639
  batch 400 loss = 0.846080
  batch 500 loss = 0.802011
  batch 600 loss = 0.861939
  batch 700 loss = 0.807285
  batch 800 loss = 0.860901
  batch 900 loss = 0.929219
  batch 1000 loss = 0.932256
  batch 1100 loss = 0.930890
  batch 1200 loss = 0.817015
  batch 1300 loss = 0.922755
  batch 1400 loss = 0.938467
  batch 1500 loss = 0.937235
  batch 1600 loss = 0.932738
  batch 1700 loss = 0.906052
  batch 1800 loss = 0.877138
  batch 1900 loss = 0.852639
  batch 2000 loss = 0.830114
  batch 2100 loss = 0.885378
  batch 2200 loss = 0.813828
  batch 2300 loss = 0.900758
  batch 2400 loss = 0.818659
  batch 2500 loss = 0.857662
  batch 2600 loss = 0.935221
  batch 2700 loss = 0.937024
  batch 2800 loss = 0.865104
  batch 2900 loss = 0.931517
  batch 3000 loss = 0.930004
  batch 3100 loss = 0.837078
  batch 3200 loss = 0.825060
  batch 3300 loss = 0.932026
  batch 3400 loss = 0.939354
  batch 3500 loss = 0.937529
  batch 3600 loss = 0.880700
  batch 3700 loss = 0.938893
  batch 3800 loss = 0.788557
  batch 3900 loss = 0.861994
  batch 4000 loss = 0.878272
  batch 4100 loss = 0.903017
  batch 4200 loss = 0.816549
  batch 4300 loss = 0.804413
  batch 4400 loss = 0.777074
  batch 4500 loss = 0.807379
  batch 4600 loss = 0.871964
  batch 4700 loss = 0.933744
  batch 4800 loss = 0.932664
  batch 4900 loss = 0.846086
  batch 5000 loss = 0.874610
  batch 5100 loss = 0.832579
  batch 5200 loss = 0.919270
  batch 5300 loss = 0.828344
  batch 5400 loss = 0.845544
  batch 5500 loss = 0.837641
  batch 5600 loss = 0.813451
  batch 5700 loss = 0.934399
  batch 5800 loss = 0.937797
  batch 5900 loss = 0.829143
  batch 6000 loss = 0.797343
  batch 6100 loss = 0.911284
  batch 6200 loss = 0.789859
  batch 6300 loss = 0.751915
  batch 6400 loss = 0.883197
  batch 6500 loss = 0.879230
  batch 6600 loss = 0.929586
  batch 6700 loss = 0.811692
  batch 6800 loss = 0.896542
  batch 6900 loss = 0.890580
  batch 7000 loss = 0.879270
  batch 7100 loss = 0.818768
  batch 7200 loss = 0.929526
  batch 7300 loss = 0.804114
  batch 7400 loss = 0.729375
  batch 7500 loss = 0.795007
  batch 7600 loss = 0.888793
  batch 7700 loss = 0.926737
  batch 7800 loss = 0.810276
  batch 7900 loss = 0.938779
  batch 8000 loss = 0.938351
  batch 8100 loss = 0.841742
  batch 8200 loss = 0.881811
  batch 8300 loss = 0.930115
  batch 8400 loss = 0.919231
  batch 8500 loss = 0.893646
  batch 8600 loss = 0.926013
  batch 8700 loss = 0.924923
  batch 8800 loss = 0.806098
  batch 8900 loss = 0.931453
  batch 9000 loss = 0.933705
  batch 9100 loss = 0.923540
  batch 9200 loss = 0.932850
  batch 9300 loss = 0.900679
  batch 9400 loss = 0.888150
  batch 9500 loss = 0.871036
  batch 9600 loss = 0.814976
  batch 9700 loss = 0.787174
  batch 9800 loss = 0.935107
  batch 9900 loss = 0.814095
  batch 10000 loss = 0.835535
  Total batches: 10000, final loss = 0.835535
Validation loss: 0.892564
No improvement for 1 epochs
Epoch 22
  batch 100 loss = 0.839675
  batch 200 loss = 0.874835
  batch 300 loss = 0.828786
  batch 400 loss = 0.936001
  batch 500 loss = 0.937838
  batch 600 loss = 0.900963
  batch 700 loss = 0.819494
  batch 800 loss = 0.811848
  batch 900 loss = 0.809681
  batch 1000 loss = 0.861086
  batch 1100 loss = 0.891233
  batch 1200 loss = 0.917850
  batch 1300 loss = 0.878888
  batch 1400 loss = 0.902970
  batch 1500 loss = 0.898378
  batch 1600 loss = 0.920842
  batch 1700 loss = 0.856137
  batch 1800 loss = 0.934323
  batch 1900 loss = 0.938461
  batch 2000 loss = 0.937415
  batch 2100 loss = 0.880449
  batch 2200 loss = 0.804297
  batch 2300 loss = 0.857523
  batch 2400 loss = 0.874964
  batch 2500 loss = 0.872846
  batch 2600 loss = 0.931745
  batch 2700 loss = 0.933748
  batch 2800 loss = 0.882661
  batch 2900 loss = 0.863149
  batch 3000 loss = 0.857566
  batch 3100 loss = 0.933252
  batch 3200 loss = 0.931997
  batch 3300 loss = 0.936078
  batch 3400 loss = 0.933817
  batch 3500 loss = 0.939826
  batch 3600 loss = 0.930863
  batch 3700 loss = 0.891811
  batch 3800 loss = 0.814667
  batch 3900 loss = 0.825227
  batch 4000 loss = 0.850422
  batch 4100 loss = 0.921452
  batch 4200 loss = 0.887981
  batch 4300 loss = 0.934004
  batch 4400 loss = 0.932732
  batch 4500 loss = 0.933200
  batch 4600 loss = 0.860827
  batch 4700 loss = 0.793324
  batch 4800 loss = 0.938334
  batch 4900 loss = 0.935257
  batch 5000 loss = 0.936935
  batch 5100 loss = 0.841660
  batch 5200 loss = 0.942027
  batch 5300 loss = 0.919618
  batch 5400 loss = 0.787782
  batch 5500 loss = 0.801168
  batch 5600 loss = 0.929844
  batch 5700 loss = 0.939875
  batch 5800 loss = 0.851076
  batch 5900 loss = 0.768842
  batch 6000 loss = 0.809486
  batch 6100 loss = 0.932533
  batch 6200 loss = 0.933568
  batch 6300 loss = 0.784541
  batch 6400 loss = 0.838552
  batch 6500 loss = 0.771678
  batch 6600 loss = 0.795393
  batch 6700 loss = 0.926039
  batch 6800 loss = 0.926352
  batch 6900 loss = 0.784310
  batch 7000 loss = 0.816509
  batch 7100 loss = 0.849024
  batch 7200 loss = 0.889575
  batch 7300 loss = 0.793047
  batch 7400 loss = 0.837741
  batch 7500 loss = 0.824960
  batch 7600 loss = 0.888313
  batch 7700 loss = 0.875527
  batch 7800 loss = 0.853059
  batch 7900 loss = 0.811844
  batch 8000 loss = 0.816121
  batch 8100 loss = 0.929162
  batch 8200 loss = 0.824537
  batch 8300 loss = 0.855923
  batch 8400 loss = 0.803519
  batch 8500 loss = 0.802805
  batch 8600 loss = 0.822463
  batch 8700 loss = 0.818579
  batch 8800 loss = 0.926065
  batch 8900 loss = 0.928392
  batch 9000 loss = 0.939260
  batch 9100 loss = 0.820033
  batch 9200 loss = 0.919552
  batch 9300 loss = 0.824209
  batch 9400 loss = 0.900766
  batch 9500 loss = 0.927300
  batch 9600 loss = 0.933297
  batch 9700 loss = 0.786969
  batch 9800 loss = 0.788372
  batch 9900 loss = 0.860569
  batch 10000 loss = 0.873466
  Total batches: 10000, final loss = 0.873466
Validation loss: 0.901174
No improvement for 2 epochs
Epoch 23
  batch 100 loss = 0.918041
  batch 200 loss = 0.939810
  batch 300 loss = 0.765621
  batch 400 loss = 0.938263
  batch 500 loss = 0.933755
  batch 600 loss = 0.927860
  batch 700 loss = 0.937018
  batch 800 loss = 0.935180
  batch 900 loss = 0.889426
  batch 1000 loss = 0.901290
  batch 1100 loss = 0.920159
  batch 1200 loss = 0.812718
  batch 1300 loss = 0.939373
  batch 1400 loss = 0.830959
  batch 1500 loss = 0.835563
  batch 1600 loss = 0.817171
  batch 1700 loss = 0.792084
  batch 1800 loss = 0.832121
  batch 1900 loss = 0.811602
  batch 2000 loss = 0.801312
  batch 2100 loss = 0.773927
  batch 2200 loss = 0.933360
  batch 2300 loss = 0.900593
  batch 2400 loss = 0.823684
  batch 2500 loss = 0.836376
  batch 2600 loss = 0.924104
  batch 2700 loss = 0.916065
  batch 2800 loss = 0.926533
  batch 2900 loss = 0.833430
  batch 3000 loss = 0.814223
  batch 3100 loss = 0.936897
  batch 3200 loss = 0.797086
  batch 3300 loss = 0.753803
  batch 3400 loss = 0.887089
  batch 3500 loss = 0.908493
  batch 3600 loss = 0.809770
  batch 3700 loss = 0.930931
  batch 3800 loss = 0.936559
  batch 3900 loss = 0.907687
  batch 4000 loss = 0.886879
  batch 4100 loss = 0.853296
  batch 4200 loss = 0.830813
  batch 4300 loss = 0.932321
  batch 4400 loss = 0.867962
  batch 4500 loss = 0.877500
  batch 4600 loss = 0.838160
  batch 4700 loss = 0.835361
  batch 4800 loss = 0.882016
  batch 4900 loss = 0.937960
  batch 5000 loss = 0.937463
  batch 5100 loss = 0.930978
  batch 5200 loss = 0.877551
  batch 5300 loss = 0.902152
  batch 5400 loss = 0.851595
  batch 5500 loss = 0.874329
  batch 5600 loss = 0.927837
  batch 5700 loss = 0.929671
  batch 5800 loss = 0.930933
  batch 5900 loss = 0.915066
  batch 6000 loss = 0.922829
  batch 6100 loss = 0.832651
  batch 6200 loss = 0.933645
  batch 6300 loss = 0.871441
  batch 6400 loss = 0.792356
  batch 6500 loss = 0.789129
  batch 6600 loss = 0.927347
  batch 6700 loss = 0.859158
  batch 6800 loss = 0.805542
  batch 6900 loss = 0.924179
  batch 7000 loss = 0.925377
  batch 7100 loss = 0.902185
  batch 7200 loss = 0.773638
  batch 7300 loss = 0.915468
  batch 7400 loss = 0.932175
  batch 7500 loss = 0.930712
  batch 7600 loss = 0.913078
  batch 7700 loss = 0.859007
  batch 7800 loss = 0.864479
  batch 7900 loss = 0.823141
  batch 8000 loss = 0.803915
  batch 8100 loss = 0.847964
  batch 8200 loss = 0.829237
  batch 8300 loss = 0.934045
  batch 8400 loss = 0.900958
  batch 8500 loss = 0.858759
  batch 8600 loss = 0.938055
  batch 8700 loss = 0.806093
  batch 8800 loss = 0.818027
  batch 8900 loss = 0.812430
  batch 9000 loss = 0.809615
  batch 9100 loss = 0.802147
  batch 9200 loss = 0.849489
  batch 9300 loss = 0.813970
  batch 9400 loss = 0.888403
  batch 9500 loss = 0.862958
  batch 9600 loss = 0.934905
  batch 9700 loss = 0.826223
  batch 9800 loss = 0.932135
  batch 9900 loss = 0.796104
  batch 10000 loss = 0.803770
  Total batches: 10000, final loss = 0.803770
Validation loss: 0.893045
No improvement for 3 epochs
Epoch 24
  batch 100 loss = 0.781587
  batch 200 loss = 0.927450
  batch 300 loss = 0.940232
  batch 400 loss = 0.817830
  batch 500 loss = 0.815441
  batch 600 loss = 0.857364
  batch 700 loss = 0.811448
  batch 800 loss = 0.800529
  batch 900 loss = 0.892287
  batch 1000 loss = 0.898290
  batch 1100 loss = 0.921910
  batch 1200 loss = 0.883548
  batch 1300 loss = 0.796576
  batch 1400 loss = 0.927476
  batch 1500 loss = 0.911306
  batch 1600 loss = 0.920798
  batch 1700 loss = 0.931982
  batch 1800 loss = 0.792396
  batch 1900 loss = 0.909676
  batch 2000 loss = 0.924499
  batch 2100 loss = 0.926338
  batch 2200 loss = 0.914537
  batch 2300 loss = 0.937105
  batch 2400 loss = 0.937131
  batch 2500 loss = 0.937933
  batch 2600 loss = 0.797417
  batch 2700 loss = 0.807155
  batch 2800 loss = 0.903717
  batch 2900 loss = 0.877086
  batch 3000 loss = 0.855887
  batch 3100 loss = 0.840702
  batch 3200 loss = 0.903934
  batch 3300 loss = 0.773547
  batch 3400 loss = 0.917752
  batch 3500 loss = 0.921005
  batch 3600 loss = 0.793054
  batch 3700 loss = 0.932849
  batch 3800 loss = 0.925898
  batch 3900 loss = 0.792778
  batch 4000 loss = 0.790150
  batch 4100 loss = 0.935160
  batch 4200 loss = 0.818743
  batch 4300 loss = 0.794823
  batch 4400 loss = 0.904881
  batch 4500 loss = 0.909181
  batch 4600 loss = 0.939122
  batch 4700 loss = 0.823232
  batch 4800 loss = 0.935733
  batch 4900 loss = 0.866800
  batch 5000 loss = 0.850494
  batch 5100 loss = 0.894916
  batch 5200 loss = 0.932771
  batch 5300 loss = 0.849719
  batch 5400 loss = 0.814213
  batch 5500 loss = 0.802241
  batch 5600 loss = 0.918409
  batch 5700 loss = 0.922095
  batch 5800 loss = 0.814731
  batch 5900 loss = 0.864532
  batch 6000 loss = 0.856504
  batch 6100 loss = 0.829166
  batch 6200 loss = 0.807698
  batch 6300 loss = 0.861141
  batch 6400 loss = 0.933319
  batch 6500 loss = 0.920704
  batch 6600 loss = 0.802465
  batch 6700 loss = 0.818588
  batch 6800 loss = 0.918627
  batch 6900 loss = 0.812329
  batch 7000 loss = 0.867635
  batch 7100 loss = 0.796519
  batch 7200 loss = 0.909108
  batch 7300 loss = 0.935717
  batch 7400 loss = 0.931692
  batch 7500 loss = 0.932347
  batch 7600 loss = 0.899772
  batch 7700 loss = 0.776379
  batch 7800 loss = 0.821266
  batch 7900 loss = 0.869597
  batch 8000 loss = 0.863989
  batch 8100 loss = 0.821849
  batch 8200 loss = 0.930245
  batch 8300 loss = 0.830554
  batch 8400 loss = 0.938826
  batch 8500 loss = 0.928726
  batch 8600 loss = 0.834839
  batch 8700 loss = 0.937812
  batch 8800 loss = 0.855351
  batch 8900 loss = 0.805901
  batch 9000 loss = 0.822267
  batch 9100 loss = 0.934261
  batch 9200 loss = 0.830615
  batch 9300 loss = 0.820195
  batch 9400 loss = 0.913115
  batch 9500 loss = 0.890584
  batch 9600 loss = 0.786127
  batch 9700 loss = 0.938240
  batch 9800 loss = 0.897646
  batch 9900 loss = 0.926253
  batch 10000 loss = 0.935909
  Total batches: 10000, final loss = 0.935909
Validation loss: 0.888377
Saved BEST checkpoint
Epoch 25
  batch 100 loss = 0.800671
  batch 200 loss = 0.939895
  batch 300 loss = 0.933607
  batch 400 loss = 0.920425
  batch 500 loss = 0.934606
  batch 600 loss = 0.922115
  batch 700 loss = 0.821782
  batch 800 loss = 0.840014
  batch 900 loss = 0.791971
  batch 1000 loss = 0.799294
  batch 1100 loss = 0.772751
  batch 1200 loss = 0.882687
  batch 1300 loss = 0.933183
  batch 1400 loss = 0.948401
  batch 1500 loss = 0.925110
  batch 1600 loss = 0.927197
  batch 1700 loss = 0.869799
  batch 1800 loss = 0.925711
  batch 1900 loss = 0.931273
  batch 2000 loss = 0.932793
  batch 2100 loss = 0.931812
  batch 2200 loss = 0.933197
  batch 2300 loss = 0.802977
  batch 2400 loss = 0.805758
  batch 2500 loss = 0.824852
  batch 2600 loss = 0.908638
  batch 2700 loss = 0.811292
  batch 2800 loss = 0.860632
  batch 2900 loss = 0.833250
  batch 3000 loss = 0.852808
  batch 3100 loss = 0.824439
  batch 3200 loss = 0.921776
  batch 3300 loss = 0.856834
  batch 3400 loss = 0.870978
  batch 3500 loss = 0.851361
  batch 3600 loss = 0.881922
  batch 3700 loss = 0.932968
  batch 3800 loss = 0.818935
  batch 3900 loss = 0.884272
  batch 4000 loss = 0.883378
  batch 4100 loss = 0.884725
  batch 4200 loss = 0.936874
  batch 4300 loss = 0.867639
  batch 4400 loss = 0.935437
  batch 4500 loss = 0.925905
  batch 4600 loss = 0.919042
  batch 4700 loss = 0.931664
  batch 4800 loss = 0.911344
  batch 4900 loss = 0.923317
  batch 5000 loss = 0.907101
  batch 5100 loss = 0.824297
  batch 5200 loss = 0.784590
  batch 5300 loss = 0.881135
  batch 5400 loss = 0.870129
  batch 5500 loss = 0.877882
  batch 5600 loss = 0.934479
  batch 5700 loss = 0.867127
  batch 5800 loss = 0.935219
  batch 5900 loss = 0.916136
  batch 6000 loss = 0.928232
  batch 6100 loss = 0.853880
  batch 6200 loss = 0.839133
  batch 6300 loss = 0.810539
  batch 6400 loss = 0.844550
  batch 6500 loss = 0.853626
  batch 6600 loss = 0.821940
  batch 6700 loss = 0.811133
  batch 6800 loss = 0.779147
  batch 6900 loss = 0.822443
  batch 7000 loss = 0.845102
  batch 7100 loss = 0.834059
  batch 7200 loss = 0.763237
  batch 7300 loss = 0.938798
  batch 7400 loss = 0.810920
  batch 7500 loss = 0.770810
  batch 7600 loss = 0.813309
  batch 7700 loss = 0.751482
  batch 7800 loss = 0.927035
  batch 7900 loss = 0.934188
  batch 8000 loss = 0.931561
  batch 8100 loss = 0.821964
  batch 8200 loss = 0.932432
  batch 8300 loss = 0.896023
  batch 8400 loss = 0.932032
  batch 8500 loss = 0.934421
  batch 8600 loss = 0.937136
  batch 8700 loss = 0.812115
  batch 8800 loss = 0.818434
  batch 8900 loss = 0.772039
  batch 9000 loss = 0.794015
  batch 9100 loss = 0.866405
  batch 9200 loss = 0.921703
  batch 9300 loss = 0.922555
  batch 9400 loss = 0.788509
  batch 9500 loss = 0.828302
  batch 9600 loss = 0.762164
  batch 9700 loss = 0.823646
  batch 9800 loss = 0.921700
  batch 9900 loss = 0.928851
  batch 10000 loss = 0.935612
  Total batches: 10000, final loss = 0.935612
Validation loss: 0.889594
No improvement for 1 epochs
Epoch 26
  batch 100 loss = 0.925891
  batch 200 loss = 0.920339
  batch 300 loss = 0.875499
  batch 400 loss = 0.887471
  batch 500 loss = 0.924588
  batch 600 loss = 0.929696
  batch 700 loss = 0.931113
  batch 800 loss = 0.849723
  batch 900 loss = 0.909546
  batch 1000 loss = 0.922040
  batch 1100 loss = 0.898598
  batch 1200 loss = 0.931975
  batch 1300 loss = 0.797597
  batch 1400 loss = 0.822943
  batch 1500 loss = 0.857536
  batch 1600 loss = 0.892492
  batch 1700 loss = 0.790925
  batch 1800 loss = 0.795986
  batch 1900 loss = 0.935022
  batch 2000 loss = 0.937737
  batch 2100 loss = 0.790060
  batch 2200 loss = 0.923335
  batch 2300 loss = 0.936992
  batch 2400 loss = 0.878678
  batch 2500 loss = 0.888183
  batch 2600 loss = 0.929487
  batch 2700 loss = 0.767304
  batch 2800 loss = 0.837219
  batch 2900 loss = 0.936610
  batch 3000 loss = 0.935463
  batch 3100 loss = 0.874958
  batch 3200 loss = 0.780954
  batch 3300 loss = 0.934913
  batch 3400 loss = 0.779247
  batch 3500 loss = 0.813018
  batch 3600 loss = 0.821739
  batch 3700 loss = 0.822104
  batch 3800 loss = 0.913711
  batch 3900 loss = 0.931508
  batch 4000 loss = 0.935901
  batch 4100 loss = 0.813971
  batch 4200 loss = 0.845149
  batch 4300 loss = 0.924058
  batch 4400 loss = 0.930560
  batch 4500 loss = 0.927944
  batch 4600 loss = 0.830262
  batch 4700 loss = 0.936263
  batch 4800 loss = 0.929124
  batch 4900 loss = 0.933412
  batch 5000 loss = 0.940122
  batch 5100 loss = 0.922441
  batch 5200 loss = 0.937124
  batch 5300 loss = 0.813457
  batch 5400 loss = 0.756699
  batch 5500 loss = 0.782424
  batch 5600 loss = 0.763730
  batch 5700 loss = 0.893979
  batch 5800 loss = 0.929892
  batch 5900 loss = 0.921569
  batch 6000 loss = 0.924422
  batch 6100 loss = 0.810568
  batch 6200 loss = 0.815985
  batch 6300 loss = 0.923608
  batch 6400 loss = 0.874065
  batch 6500 loss = 0.853484
  batch 6600 loss = 0.921097
  batch 6700 loss = 0.804125
  batch 6800 loss = 0.746354
  batch 6900 loss = 0.903545
  batch 7000 loss = 0.891465
  batch 7100 loss = 0.919684
  batch 7200 loss = 0.827825
  batch 7300 loss = 0.913752
  batch 7400 loss = 0.882524
  batch 7500 loss = 0.878246
  batch 7600 loss = 0.928431
  batch 7700 loss = 0.932120
  batch 7800 loss = 0.882841
  batch 7900 loss = 0.797439
  batch 8000 loss = 0.769265
  batch 8100 loss = 0.801868
  batch 8200 loss = 0.877881
  batch 8300 loss = 0.795235
  batch 8400 loss = 0.808827
  batch 8500 loss = 0.808375
  batch 8600 loss = 0.856409
  batch 8700 loss = 0.839435
  batch 8800 loss = 0.811205
  batch 8900 loss = 0.943313
  batch 9000 loss = 0.932371
  batch 9100 loss = 0.840066
  batch 9200 loss = 0.880972
  batch 9300 loss = 0.936747
  batch 9400 loss = 0.821461
  batch 9500 loss = 0.780122
  batch 9600 loss = 0.828882
  batch 9700 loss = 0.923230
  batch 9800 loss = 0.798734
  batch 9900 loss = 0.814846
  batch 10000 loss = 0.819333
  Total batches: 10000, final loss = 0.819333
Validation loss: 0.887124
Saved BEST checkpoint
Epoch 27
  batch 100 loss = 0.927909
  batch 200 loss = 0.791531
  batch 300 loss = 0.812456
  batch 400 loss = 0.921135
  batch 500 loss = 0.917010
  batch 600 loss = 0.850428
  batch 700 loss = 0.894002
  batch 800 loss = 0.852364
  batch 900 loss = 0.945058
  batch 1000 loss = 0.932960
  batch 1100 loss = 0.769017
  batch 1200 loss = 0.924919
  batch 1300 loss = 0.762809
  batch 1400 loss = 0.928171
  batch 1500 loss = 0.917637
  batch 1600 loss = 0.751696
  batch 1700 loss = 0.725659
  batch 1800 loss = 0.899673
  batch 1900 loss = 0.871999
  batch 2000 loss = 0.838989
  batch 2100 loss = 0.849072
  batch 2200 loss = 0.917862
  batch 2300 loss = 0.936902
  batch 2400 loss = 0.786693
  batch 2500 loss = 0.707728
  batch 2600 loss = 0.762341
  batch 2700 loss = 0.879486
  batch 2800 loss = 0.920894
  batch 2900 loss = 0.863622
  batch 3000 loss = 0.844204
  batch 3100 loss = 0.919836
  batch 3200 loss = 0.937277
  batch 3300 loss = 0.939474
  batch 3400 loss = 0.755003
  batch 3500 loss = 0.773331
  batch 3600 loss = 0.930840
  batch 3700 loss = 0.816968
  batch 3800 loss = 0.860954
  batch 3900 loss = 0.815237
  batch 4000 loss = 0.773066
  batch 4100 loss = 0.889402
  batch 4200 loss = 0.917961
  batch 4300 loss = 0.806279
  batch 4400 loss = 0.878355
  batch 4500 loss = 0.901083
  batch 4600 loss = 0.759198
  batch 4700 loss = 0.934759
  batch 4800 loss = 0.828450
  batch 4900 loss = 0.913417
  batch 5000 loss = 0.923185
  batch 5100 loss = 0.902396
  batch 5200 loss = 0.932812
  batch 5300 loss = 0.870281
  batch 5400 loss = 0.771435
  batch 5500 loss = 0.795677
  batch 5600 loss = 0.861637
  batch 5700 loss = 0.884164
  batch 5800 loss = 0.802330
  batch 5900 loss = 0.813317
  batch 6000 loss = 0.802264
  batch 6100 loss = 0.778258
  batch 6200 loss = 0.936923
  batch 6300 loss = 0.841113
  batch 6400 loss = 0.762148
  batch 6500 loss = 0.769991
  batch 6600 loss = 0.862564
  batch 6700 loss = 0.935664
  batch 6800 loss = 0.867305
  batch 6900 loss = 0.836179
  batch 7000 loss = 0.818005
  batch 7100 loss = 0.936280
  batch 7200 loss = 0.940712
  batch 7300 loss = 0.786884
  batch 7400 loss = 0.934874
  batch 7500 loss = 0.933280
  batch 7600 loss = 0.928779
  batch 7700 loss = 0.823638
  batch 7800 loss = 0.928758
  batch 7900 loss = 0.929438
  batch 8000 loss = 0.940776
  batch 8100 loss = 0.797212
  batch 8200 loss = 0.934153
  batch 8300 loss = 0.879225
  batch 8400 loss = 0.797366
  batch 8500 loss = 0.795131
  batch 8600 loss = 0.933152
  batch 8700 loss = 0.810392
  batch 8800 loss = 0.924475
  batch 8900 loss = 0.801352
  batch 9000 loss = 0.781674
  batch 9100 loss = 0.767025
  batch 9200 loss = 0.822034
  batch 9300 loss = 0.876751
  batch 9400 loss = 0.930448
  batch 9500 loss = 0.933755
  batch 9600 loss = 0.925297
  batch 9700 loss = 0.818344
  batch 9800 loss = 0.846366
  batch 9900 loss = 0.904661
  batch 10000 loss = 0.886414
  Total batches: 10000, final loss = 0.886414
Validation loss: 0.885708
Saved BEST checkpoint
Epoch 28
  batch 100 loss = 0.896820
  batch 200 loss = 0.862287
  batch 300 loss = 0.933821
  batch 400 loss = 0.793543
  batch 500 loss = 0.798640
  batch 600 loss = 0.885416
  batch 700 loss = 0.821106
  batch 800 loss = 0.931856
  batch 900 loss = 0.917968
  batch 1000 loss = 0.922889
  batch 1100 loss = 0.916416
  batch 1200 loss = 0.879432
  batch 1300 loss = 0.927973
  batch 1400 loss = 0.783340
  batch 1500 loss = 0.789019
  batch 1600 loss = 0.925204
  batch 1700 loss = 0.935390
  batch 1800 loss = 0.883187
  batch 1900 loss = 0.808412
  batch 2000 loss = 0.784486
  batch 2100 loss = 0.918113
  batch 2200 loss = 0.930622
  batch 2300 loss = 0.929284
  batch 2400 loss = 0.938106
  batch 2500 loss = 0.931179
  batch 2600 loss = 0.774072
  batch 2700 loss = 0.767826
  batch 2800 loss = 0.780822
  batch 2900 loss = 0.865636
  batch 3000 loss = 0.809962
  batch 3100 loss = 0.873686
  batch 3200 loss = 0.823609
  batch 3300 loss = 0.915698
  batch 3400 loss = 0.782158
  batch 3500 loss = 0.838247
  batch 3600 loss = 0.915620
  batch 3700 loss = 0.749114
  batch 3800 loss = 0.918677
  batch 3900 loss = 0.936692
  batch 4000 loss = 0.932746
  batch 4100 loss = 0.931304
  batch 4200 loss = 0.804031
  batch 4300 loss = 0.937484
  batch 4400 loss = 0.787520
  batch 4500 loss = 0.772879
  batch 4600 loss = 0.834216
  batch 4700 loss = 0.864282
  batch 4800 loss = 0.847900
  batch 4900 loss = 0.882897
  batch 5000 loss = 0.900349
  batch 5100 loss = 0.922303
  batch 5200 loss = 0.925124
  batch 5300 loss = 0.788888
  batch 5400 loss = 0.778842
  batch 5500 loss = 0.756723
  batch 5600 loss = 0.880568
  batch 5700 loss = 0.875671
  batch 5800 loss = 0.912008
  batch 5900 loss = 0.923824
  batch 6000 loss = 0.915456
  batch 6100 loss = 0.803847
  batch 6200 loss = 0.792883
  batch 6300 loss = 0.708307
  batch 6400 loss = 0.917602
  batch 6500 loss = 0.911189
  batch 6600 loss = 0.934549
  batch 6700 loss = 0.931741
  batch 6800 loss = 0.786828
  batch 6900 loss = 0.912404
  batch 7000 loss = 0.917904
  batch 7100 loss = 0.792206
  batch 7200 loss = 0.786579
  batch 7300 loss = 0.919559
  batch 7400 loss = 0.875064
  batch 7500 loss = 0.835086
  batch 7600 loss = 0.806300
  batch 7700 loss = 0.938262
  batch 7800 loss = 0.814883
  batch 7900 loss = 0.782152
  batch 8000 loss = 0.766862
  batch 8100 loss = 0.937030
  batch 8200 loss = 0.801141
  batch 8300 loss = 0.932039
  batch 8400 loss = 0.781353
  batch 8500 loss = 0.809689
  batch 8600 loss = 0.862724
  batch 8700 loss = 0.852964
  batch 8800 loss = 0.803311
  batch 8900 loss = 0.932366
  batch 9000 loss = 0.905725
  batch 9100 loss = 0.941584
  batch 9200 loss = 0.809301
  batch 9300 loss = 0.848591
  batch 9400 loss = 0.926289
  batch 9500 loss = 0.929533
  batch 9600 loss = 0.889709
  batch 9700 loss = 0.826333
  batch 9800 loss = 0.794785
  batch 9900 loss = 0.796030
  batch 10000 loss = 0.762955
  Total batches: 10000, final loss = 0.762955
Validation loss: 0.886767
No improvement for 1 epochs
Epoch 29
  batch 100 loss = 0.772396
  batch 200 loss = 0.931492
  batch 300 loss = 0.936072
  batch 400 loss = 0.727115
  batch 500 loss = 0.823167
  batch 600 loss = 0.901107
  batch 700 loss = 0.786042
  batch 800 loss = 0.793846
  batch 900 loss = 0.813904
  batch 1000 loss = 0.745311
  batch 1100 loss = 0.930680
  batch 1200 loss = 0.832946
  batch 1300 loss = 0.838353
  batch 1400 loss = 0.915665
  batch 1500 loss = 0.926393
  batch 1600 loss = 0.855587
  batch 1700 loss = 0.904159
  batch 1800 loss = 0.913654
  batch 1900 loss = 0.873021
  batch 2000 loss = 0.853082
  batch 2100 loss = 0.787404
  batch 2200 loss = 0.930720
  batch 2300 loss = 0.804259
  batch 2400 loss = 0.786566
  batch 2500 loss = 0.786880
  batch 2600 loss = 0.812219
  batch 2700 loss = 0.926313
  batch 2800 loss = 0.925057
  batch 2900 loss = 0.934910
  batch 3000 loss = 0.937476
  batch 3100 loss = 0.905423
  batch 3200 loss = 0.870921
  batch 3300 loss = 0.931717
  batch 3400 loss = 0.939233
  batch 3500 loss = 0.928512
  batch 3600 loss = 0.861162
  batch 3700 loss = 0.935458
  batch 3800 loss = 0.777070
  batch 3900 loss = 0.928234
  batch 4000 loss = 0.926510
  batch 4100 loss = 0.925445
  batch 4200 loss = 0.812177
  batch 4300 loss = 0.772909
  batch 4400 loss = 0.876660
  batch 4500 loss = 0.900799
  batch 4600 loss = 0.897360
  batch 4700 loss = 0.916427
  batch 4800 loss = 0.766110
  batch 4900 loss = 0.785810
  batch 5000 loss = 0.809170
  batch 5100 loss = 0.934715
  batch 5200 loss = 0.826129
  batch 5300 loss = 0.794836
  batch 5400 loss = 0.884802
  batch 5500 loss = 0.870910
  batch 5600 loss = 0.756302
  batch 5700 loss = 0.783562
  batch 5800 loss = 0.939736
  batch 5900 loss = 0.836216
  batch 6000 loss = 0.777375
  batch 6100 loss = 0.870421
  batch 6200 loss = 0.901318
  batch 6300 loss = 0.939853
  batch 6400 loss = 0.936022
  batch 6500 loss = 0.929958
  batch 6600 loss = 0.813731
  batch 6700 loss = 0.789382
  batch 6800 loss = 0.858668
  batch 6900 loss = 0.898931
  batch 7000 loss = 0.922100
  batch 7100 loss = 0.929608
  batch 7200 loss = 0.873263
  batch 7300 loss = 0.870231
  batch 7400 loss = 0.915821
  batch 7500 loss = 0.917880
  batch 7600 loss = 0.921926
  batch 7700 loss = 0.932410
  batch 7800 loss = 0.938079
  batch 7900 loss = 0.796581
  batch 8000 loss = 0.798298
  batch 8100 loss = 0.828316
  batch 8200 loss = 0.785692
  batch 8300 loss = 0.862028
  batch 8400 loss = 0.821993
  batch 8500 loss = 0.794464
  batch 8600 loss = 0.793632
  batch 8700 loss = 0.910287
  batch 8800 loss = 0.819801
  batch 8900 loss = 0.759418
  batch 9000 loss = 0.809570
  batch 9100 loss = 0.902775
  batch 9200 loss = 0.931829
  batch 9300 loss = 0.803731
  batch 9400 loss = 0.942319
  batch 9500 loss = 0.936449
  batch 9600 loss = 0.843196
  batch 9700 loss = 0.766893
  batch 9800 loss = 0.920434
  batch 9900 loss = 0.904392
  batch 10000 loss = 0.839344
  Total batches: 10000, final loss = 0.839344
Validation loss: 0.892203
No improvement for 2 epochs
Epoch 30
  batch 100 loss = 0.761521
  batch 200 loss = 0.923941
  batch 300 loss = 0.783507
  batch 400 loss = 0.913994
  batch 500 loss = 0.918611
  batch 600 loss = 0.841785
  batch 700 loss = 0.762136
  batch 800 loss = 0.863572
  batch 900 loss = 0.851379
  batch 1000 loss = 0.818837
  batch 1100 loss = 0.886256
  batch 1200 loss = 0.918164
  batch 1300 loss = 0.938690
  batch 1400 loss = 0.930933
  batch 1500 loss = 0.935862
  batch 1600 loss = 0.787458
  batch 1700 loss = 0.851064
  batch 1800 loss = 0.867401
  batch 1900 loss = 0.921352
  batch 2000 loss = 0.943046
  batch 2100 loss = 0.915898
  batch 2200 loss = 0.929048
  batch 2300 loss = 0.897474
  batch 2400 loss = 0.770963
  batch 2500 loss = 0.814012
  batch 2600 loss = 0.786654
  batch 2700 loss = 0.787788
  batch 2800 loss = 0.898289
  batch 2900 loss = 0.862418
  batch 3000 loss = 0.866103
  batch 3100 loss = 0.767609
  batch 3200 loss = 0.875406
  batch 3300 loss = 0.844370
  batch 3400 loss = 0.830016
  batch 3500 loss = 0.790928
  batch 3600 loss = 0.820914
  batch 3700 loss = 0.937115
  batch 3800 loss = 0.927671
  batch 3900 loss = 0.934403
  batch 4000 loss = 0.934788
  batch 4100 loss = 0.757116
  batch 4200 loss = 0.916648
  batch 4300 loss = 0.813649
  batch 4400 loss = 0.822255
  batch 4500 loss = 0.826645
  batch 4600 loss = 0.931816
  batch 4700 loss = 0.851889
  batch 4800 loss = 0.936617
  batch 4900 loss = 0.940435
  batch 5000 loss = 0.932261
  batch 5100 loss = 0.937276
  batch 5200 loss = 0.899082
  batch 5300 loss = 0.805574
  batch 5400 loss = 0.784683
  batch 5500 loss = 0.792504
  batch 5600 loss = 0.805697
  batch 5700 loss = 0.763718
  batch 5800 loss = 0.937292
  batch 5900 loss = 0.775023
  batch 6000 loss = 0.750967
  batch 6100 loss = 0.942885
  batch 6200 loss = 0.918131
  batch 6300 loss = 0.920632
  batch 6400 loss = 0.938409
  batch 6500 loss = 0.936863
  batch 6600 loss = 0.920086
  batch 6700 loss = 0.810332
  batch 6800 loss = 0.809307
  batch 6900 loss = 0.785772
  batch 7000 loss = 0.786296
  batch 7100 loss = 0.775616
  batch 7200 loss = 0.935478
  batch 7300 loss = 0.801194
  batch 7400 loss = 0.811989
  batch 7500 loss = 0.794919
  batch 7600 loss = 0.895063
  batch 7700 loss = 0.922582
  batch 7800 loss = 0.896141
  batch 7900 loss = 0.867690
  batch 8000 loss = 0.893499
  batch 8100 loss = 0.791350
  batch 8200 loss = 0.866480
  batch 8300 loss = 0.879536
  batch 8400 loss = 0.866912
  batch 8500 loss = 0.864536
  batch 8600 loss = 0.935658
  batch 8700 loss = 0.885469
  batch 8800 loss = 0.932881
  batch 8900 loss = 0.759692
  batch 9000 loss = 0.763539
  batch 9100 loss = 0.736605
  batch 9200 loss = 0.903247
  batch 9300 loss = 0.846575
  batch 9400 loss = 0.867084
  batch 9500 loss = 0.824339
  batch 9600 loss = 0.920226
  batch 9700 loss = 0.936503
  batch 9800 loss = 0.931992
  batch 9900 loss = 0.936293
  batch 10000 loss = 0.934997
  Total batches: 10000, final loss = 0.934997
Validation loss: 0.882771
Saved BEST checkpoint
Epoch 31
  batch 100 loss = 0.806844
  batch 200 loss = 0.826636
  batch 300 loss = 0.778202
  batch 400 loss = 0.935812
  batch 500 loss = 0.920595
  batch 600 loss = 0.805241
  batch 700 loss = 0.924221
  batch 800 loss = 0.864014
  batch 900 loss = 0.745878
  batch 1000 loss = 0.799860
  batch 1100 loss = 0.847418
  batch 1200 loss = 0.872905
  batch 1300 loss = 0.916426
  batch 1400 loss = 0.908669
  batch 1500 loss = 0.916644
  batch 1600 loss = 0.936320
  batch 1700 loss = 0.924998
  batch 1800 loss = 0.856491
  batch 1900 loss = 0.783458
  batch 2000 loss = 0.791143
  batch 2100 loss = 0.872174
  batch 2200 loss = 0.902741
  batch 2300 loss = 0.936990
  batch 2400 loss = 0.800600
  batch 2500 loss = 0.771716
  batch 2600 loss = 0.864682
  batch 2700 loss = 0.836184
  batch 2800 loss = 0.929904
  batch 2900 loss = 0.929262
  batch 3000 loss = 0.919023
  batch 3100 loss = 0.829703
  batch 3200 loss = 0.924372
  batch 3300 loss = 0.858565
  batch 3400 loss = 0.892399
  batch 3500 loss = 0.897180
  batch 3600 loss = 0.826047
  batch 3700 loss = 0.939302
  batch 3800 loss = 0.747617
  batch 3900 loss = 0.909289
  batch 4000 loss = 0.921498
  batch 4100 loss = 0.782652
  batch 4200 loss = 0.812503
  batch 4300 loss = 0.845799
  batch 4400 loss = 0.767619
  batch 4500 loss = 0.853862
  batch 4600 loss = 0.920456
  batch 4700 loss = 0.761348
  batch 4800 loss = 0.862643
  batch 4900 loss = 0.744657
  batch 5000 loss = 0.740479
  batch 5100 loss = 0.921096
  batch 5200 loss = 0.935178
  batch 5300 loss = 0.775731
  batch 5400 loss = 0.938737
  batch 5500 loss = 0.930980
  batch 5600 loss = 0.804367
  batch 5700 loss = 0.782674
  batch 5800 loss = 0.896727
  batch 5900 loss = 0.934514
  batch 6000 loss = 0.934937
  batch 6100 loss = 0.793468
  batch 6200 loss = 0.810857
  batch 6300 loss = 0.907585
  batch 6400 loss = 0.925665
  batch 6500 loss = 0.928023
  batch 6600 loss = 0.939223
  batch 6700 loss = 0.761654
  batch 6800 loss = 0.910074
  batch 6900 loss = 0.932160
  batch 7000 loss = 0.935695
  batch 7100 loss = 0.938144
  batch 7200 loss = 0.910859
  batch 7300 loss = 0.739851
  batch 7400 loss = 0.912598
  batch 7500 loss = 0.929936
  batch 7600 loss = 0.938612
  batch 7700 loss = 0.795122
  batch 7800 loss = 0.751281
  batch 7900 loss = 0.922037
  batch 8000 loss = 0.924502
  batch 8100 loss = 0.911060
  batch 8200 loss = 0.878643
  batch 8300 loss = 0.783160
  batch 8400 loss = 0.924855
  batch 8500 loss = 0.922671
  batch 8600 loss = 0.933255
  batch 8700 loss = 0.810054
  batch 8800 loss = 0.896988
  batch 8900 loss = 0.920282
  batch 9000 loss = 0.926851
  batch 9100 loss = 0.884331
  batch 9200 loss = 0.803194
  batch 9300 loss = 0.936343
  batch 9400 loss = 0.775799
  batch 9500 loss = 0.811017
  batch 9600 loss = 0.866351
  batch 9700 loss = 0.780904
  batch 9800 loss = 0.812215
  batch 9900 loss = 0.745002
  batch 10000 loss = 0.799070
  Total batches: 10000, final loss = 0.799070
Validation loss: 0.884725
No improvement for 1 epochs
Epoch 32
  batch 100 loss = 0.771768
  batch 200 loss = 0.792422
  batch 300 loss = 0.770469
  batch 400 loss = 0.931413
  batch 500 loss = 0.941562
  batch 600 loss = 0.932203
  batch 700 loss = 0.851840
  batch 800 loss = 0.936477
  batch 900 loss = 0.809910
  batch 1000 loss = 0.809595
  batch 1100 loss = 0.893326
  batch 1200 loss = 0.907652
  batch 1300 loss = 0.934816
  batch 1400 loss = 0.820897
  batch 1500 loss = 0.774452
  batch 1600 loss = 0.935403
  batch 1700 loss = 0.758714
  batch 1800 loss = 0.893234
  batch 1900 loss = 0.909141
  batch 2000 loss = 0.925406
  batch 2100 loss = 0.929832
  batch 2200 loss = 0.935431
  batch 2300 loss = 0.796157
  batch 2400 loss = 0.819875
  batch 2500 loss = 0.805047
  batch 2600 loss = 0.749771
  batch 2700 loss = 0.907708
  batch 2800 loss = 0.935231
  batch 2900 loss = 0.783025
  batch 3000 loss = 0.738837
  batch 3100 loss = 0.894435
  batch 3200 loss = 0.865620
  batch 3300 loss = 0.841828
  batch 3400 loss = 0.830909
  batch 3500 loss = 0.825264
  batch 3600 loss = 0.829234
  batch 3700 loss = 0.937600
  batch 3800 loss = 0.937567
  batch 3900 loss = 0.803287
  batch 4000 loss = 0.741524
  batch 4100 loss = 0.775163
  batch 4200 loss = 0.924650
  batch 4300 loss = 0.724173
  batch 4400 loss = 0.842075
  batch 4500 loss = 0.839836
  batch 4600 loss = 0.780419
  batch 4700 loss = 0.793716
  batch 4800 loss = 0.849845
  batch 4900 loss = 0.926006
  batch 5000 loss = 0.938412
  batch 5100 loss = 0.919530
  batch 5200 loss = 0.805930
  batch 5300 loss = 0.920788
  batch 5400 loss = 0.780588
  batch 5500 loss = 0.781893
  batch 5600 loss = 0.773875
  batch 5700 loss = 0.936286
  batch 5800 loss = 0.761203
  batch 5900 loss = 0.883818
  batch 6000 loss = 0.858269
  batch 6100 loss = 0.800962
  batch 6200 loss = 0.759612
  batch 6300 loss = 0.862494
  batch 6400 loss = 0.930621
  batch 6500 loss = 0.923599
  batch 6600 loss = 0.828452
  batch 6700 loss = 0.928722
  batch 6800 loss = 0.825289
  batch 6900 loss = 0.916909
  batch 7000 loss = 0.922421
  batch 7100 loss = 0.926838
  batch 7200 loss = 0.820109
  batch 7300 loss = 0.922383
  batch 7400 loss = 0.738382
  batch 7500 loss = 0.713854
  batch 7600 loss = 0.792523
  batch 7700 loss = 0.822940
  batch 7800 loss = 0.920971
  batch 7900 loss = 0.923180
  batch 8000 loss = 0.935571
  batch 8100 loss = 0.844042
  batch 8200 loss = 0.870783
  batch 8300 loss = 0.712189
  batch 8400 loss = 0.776364
  batch 8500 loss = 0.736476
  batch 8600 loss = 0.830136
  batch 8700 loss = 0.815489
  batch 8800 loss = 0.872153
  batch 8900 loss = 0.923677
  batch 9000 loss = 0.920803
  batch 9100 loss = 0.926091
  batch 9200 loss = 0.937047
  batch 9300 loss = 0.895563
  batch 9400 loss = 0.747954
  batch 9500 loss = 0.797795
  batch 9600 loss = 0.936862
  batch 9700 loss = 0.923633
  batch 9800 loss = 0.918818
  batch 9900 loss = 0.764527
  batch 10000 loss = 0.795330
  Total batches: 10000, final loss = 0.795330
Validation loss: 0.884942
No improvement for 2 epochs
Epoch 33
  batch 100 loss = 0.906857
  batch 200 loss = 0.879665
  batch 300 loss = 0.938907
  batch 400 loss = 0.721886
  batch 500 loss = 0.800490
  batch 600 loss = 0.803393
  batch 700 loss = 0.761844
  batch 800 loss = 0.919564
  batch 900 loss = 0.792456
  batch 1000 loss = 0.805714
  batch 1100 loss = 0.852919
  batch 1200 loss = 0.902629
  batch 1300 loss = 0.916957
  batch 1400 loss = 0.833210
  batch 1500 loss = 0.804482
  batch 1600 loss = 0.919078
  batch 1700 loss = 0.817055
  batch 1800 loss = 0.919815
  batch 1900 loss = 0.771187
  batch 2000 loss = 0.829296
  batch 2100 loss = 0.912859
  batch 2200 loss = 0.938791
  batch 2300 loss = 0.733914
  batch 2400 loss = 0.753794
  batch 2500 loss = 0.771577
  batch 2600 loss = 0.856091
  batch 2700 loss = 0.721199
  batch 2800 loss = 0.846924
  batch 2900 loss = 0.932060
  batch 3000 loss = 0.928274
  batch 3100 loss = 0.797243
  batch 3200 loss = 0.758918
  batch 3300 loss = 0.916874
  batch 3400 loss = 0.856364
  batch 3500 loss = 0.864652
  batch 3600 loss = 0.911408
  batch 3700 loss = 0.868053
  batch 3800 loss = 0.724446
  batch 3900 loss = 0.937075
  batch 4000 loss = 0.930206
  batch 4100 loss = 0.812666
  batch 4200 loss = 0.924113
  batch 4300 loss = 0.789364
  batch 4400 loss = 0.897537
  batch 4500 loss = 0.859278
  batch 4600 loss = 0.730704
  batch 4700 loss = 0.845997
  batch 4800 loss = 0.934726
  batch 4900 loss = 0.920016
  batch 5000 loss = 0.934302
  batch 5100 loss = 0.936348
  batch 5200 loss = 0.875906
  batch 5300 loss = 0.827306
  batch 5400 loss = 0.906692
  batch 5500 loss = 0.920523
  batch 5600 loss = 0.938126
  batch 5700 loss = 0.829947
  batch 5800 loss = 0.817271
  batch 5900 loss = 0.833644
  batch 6000 loss = 0.839661
  batch 6100 loss = 0.865420
  batch 6200 loss = 0.762992
  batch 6300 loss = 0.934597
  batch 6400 loss = 0.932806
  batch 6500 loss = 0.931804
  batch 6600 loss = 0.916182
  batch 6700 loss = 0.917927
  batch 6800 loss = 0.935129
  batch 6900 loss = 0.924918
  batch 7000 loss = 0.933398
  batch 7100 loss = 0.931258
  batch 7200 loss = 0.687219
  batch 7300 loss = 0.920165
  batch 7400 loss = 0.931513
  batch 7500 loss = 0.922122
  batch 7600 loss = 0.803223
  batch 7700 loss = 0.763806
  batch 7800 loss = 0.792243
  batch 7900 loss = 0.928253
  batch 8000 loss = 0.923120
  batch 8100 loss = 0.821007
  batch 8200 loss = 0.734564
  batch 8300 loss = 0.911646
  batch 8400 loss = 0.795419
  batch 8500 loss = 0.757053
  batch 8600 loss = 0.794244
  batch 8700 loss = 0.927071
  batch 8800 loss = 0.935457
  batch 8900 loss = 0.807117
  batch 9000 loss = 0.819086
  batch 9100 loss = 0.910454
  batch 9200 loss = 0.870356
  batch 9300 loss = 0.928424
  batch 9400 loss = 0.747617
  batch 9500 loss = 0.750587
  batch 9600 loss = 0.852439
  batch 9700 loss = 0.936953
  batch 9800 loss = 0.785464
  batch 9900 loss = 0.896209
  batch 10000 loss = 0.865927
  Total batches: 10000, final loss = 0.865927
Validation loss: 0.877639
Saved BEST checkpoint
Epoch 34
  batch 100 loss = 0.937917
  batch 200 loss = 0.883546
  batch 300 loss = 0.940796
  batch 400 loss = 0.937890
  batch 500 loss = 0.933124
  batch 600 loss = 0.741587
  batch 700 loss = 0.917378
  batch 800 loss = 0.871701
  batch 900 loss = 0.910828
  batch 1000 loss = 0.905310
  batch 1100 loss = 0.803490
  batch 1200 loss = 0.929722
  batch 1300 loss = 0.870678
  batch 1400 loss = 0.919001
  batch 1500 loss = 0.920575
  batch 1600 loss = 0.803226
  batch 1700 loss = 0.785066
  batch 1800 loss = 0.921043
  batch 1900 loss = 0.791432
  batch 2000 loss = 0.787050
  batch 2100 loss = 0.823608
  batch 2200 loss = 0.887992
  batch 2300 loss = 0.793357
  batch 2400 loss = 0.933776
  batch 2500 loss = 0.938411
  batch 2600 loss = 0.933667
  batch 2700 loss = 0.912487
  batch 2800 loss = 0.802972
  batch 2900 loss = 0.791445
  batch 3000 loss = 0.792663
  batch 3100 loss = 0.934396
  batch 3200 loss = 0.921001
  batch 3300 loss = 0.915704
  batch 3400 loss = 0.910408
  batch 3500 loss = 0.913697
  batch 3600 loss = 0.853251
  batch 3700 loss = 0.922469
  batch 3800 loss = 0.768573
  batch 3900 loss = 0.813277
  batch 4000 loss = 0.755693
  batch 4100 loss = 0.866879
  batch 4200 loss = 0.738619
  batch 4300 loss = 0.821566
  batch 4400 loss = 0.757144
  batch 4500 loss = 0.734934
  batch 4600 loss = 0.924721
  batch 4700 loss = 0.936698
  batch 4800 loss = 0.777755
  batch 4900 loss = 0.906360
  batch 5000 loss = 0.921554
  batch 5100 loss = 0.761066
  batch 5200 loss = 0.929578
  batch 5300 loss = 0.909021
  batch 5400 loss = 0.939479
  batch 5500 loss = 0.935586
  batch 5600 loss = 0.903314
  batch 5700 loss = 0.862881
  batch 5800 loss = 0.731249
  batch 5900 loss = 0.859210
  batch 6000 loss = 0.882350
  batch 6100 loss = 0.825874
  batch 6200 loss = 0.925103
  batch 6300 loss = 0.778055
  batch 6400 loss = 0.933147
  batch 6500 loss = 0.929968
  batch 6600 loss = 0.814402
  batch 6700 loss = 0.840015
  batch 6800 loss = 0.802789
  batch 6900 loss = 0.778865
  batch 7000 loss = 0.754439
  batch 7100 loss = 0.815625
  batch 7200 loss = 0.930482
  batch 7300 loss = 0.791904
  batch 7400 loss = 0.819071
  batch 7500 loss = 0.858306
  batch 7600 loss = 0.920402
  batch 7700 loss = 0.927185
  batch 7800 loss = 0.854954
  batch 7900 loss = 0.804329
  batch 8000 loss = 0.760133
  batch 8100 loss = 0.737822
  batch 8200 loss = 0.939206
  batch 8300 loss = 0.914434
  batch 8400 loss = 0.935107
  batch 8500 loss = 0.937302
  batch 8600 loss = 0.857202
  batch 8700 loss = 0.801024
  batch 8800 loss = 0.866007
  batch 8900 loss = 0.926616
  batch 9000 loss = 0.925723
  batch 9100 loss = 0.825898
  batch 9200 loss = 0.780436
  batch 9300 loss = 0.765726
  batch 9400 loss = 0.880349
  batch 9500 loss = 0.836222
  batch 9600 loss = 0.764697
  batch 9700 loss = 0.931762
  batch 9800 loss = 0.738272
  batch 9900 loss = 0.781912
  batch 10000 loss = 0.844065
  Total batches: 10000, final loss = 0.844065
Validation loss: 0.876558
Saved BEST checkpoint
Epoch 35
  batch 100 loss = 0.934564
  batch 200 loss = 0.721421
  batch 300 loss = 0.917405
  batch 400 loss = 0.818741
  batch 500 loss = 0.771708
  batch 600 loss = 0.801339
  batch 700 loss = 0.929865
  batch 800 loss = 0.737241
  batch 900 loss = 0.761132
  batch 1000 loss = 0.774313
  batch 1100 loss = 0.915616
  batch 1200 loss = 0.915604
  batch 1300 loss = 0.929152
  batch 1400 loss = 0.756253
  batch 1500 loss = 0.782585
  batch 1600 loss = 0.827255
  batch 1700 loss = 0.793196
  batch 1800 loss = 0.927393
  batch 1900 loss = 0.762251
  batch 2000 loss = 0.773291
  batch 2100 loss = 0.854564
  batch 2200 loss = 0.815559
  batch 2300 loss = 0.928926
  batch 2400 loss = 0.889942
  batch 2500 loss = 0.884016
  batch 2600 loss = 0.921689
  batch 2700 loss = 0.934119
  batch 2800 loss = 0.929504
  batch 2900 loss = 0.931104
  batch 3000 loss = 0.929778
  batch 3100 loss = 0.900218
  batch 3200 loss = 0.894126
  batch 3300 loss = 0.912655
  batch 3400 loss = 0.942418
  batch 3500 loss = 0.920230
  batch 3600 loss = 0.808898
  batch 3700 loss = 0.897927
  batch 3800 loss = 0.852778
  batch 3900 loss = 0.934691
  batch 4000 loss = 0.935676
  batch 4100 loss = 0.939854
  batch 4200 loss = 0.937105
  batch 4300 loss = 0.741905
  batch 4400 loss = 0.796289
  batch 4500 loss = 0.767629
  batch 4600 loss = 0.763877
  batch 4700 loss = 0.821490
  batch 4800 loss = 0.867384
  batch 4900 loss = 0.866686
  batch 5000 loss = 0.881904
  batch 5100 loss = 0.733799
  batch 5200 loss = 0.922671
  batch 5300 loss = 0.881467
  batch 5400 loss = 0.885713
  batch 5500 loss = 0.887544
  batch 5600 loss = 0.817881
  batch 5700 loss = 0.785780
  batch 5800 loss = 0.843355
  batch 5900 loss = 0.771633
  batch 6000 loss = 0.788752
  batch 6100 loss = 0.905123
  batch 6200 loss = 0.735806
  batch 6300 loss = 0.936002
  batch 6400 loss = 0.933217
  batch 6500 loss = 0.930420
  batch 6600 loss = 0.809027
  batch 6700 loss = 0.908589
  batch 6800 loss = 0.935978
  batch 6900 loss = 0.857315
  batch 7000 loss = 0.809722
  batch 7100 loss = 0.898407
  batch 7200 loss = 0.861640
  batch 7300 loss = 0.766164
  batch 7400 loss = 0.931568
  batch 7500 loss = 0.930156
  batch 7600 loss = 0.775919
  batch 7700 loss = 0.731435
  batch 7800 loss = 0.932665
  batch 7900 loss = 0.929203
  batch 8000 loss = 0.934458
  batch 8100 loss = 0.897156
  batch 8200 loss = 0.877985
  batch 8300 loss = 0.699776
  batch 8400 loss = 0.785849
  batch 8500 loss = 0.751008
  batch 8600 loss = 0.792652
  batch 8700 loss = 0.924879
  batch 8800 loss = 0.920241
  batch 8900 loss = 0.933191
  batch 9000 loss = 0.926717
  batch 9100 loss = 0.851857
  batch 9200 loss = 0.769317
  batch 9300 loss = 0.908083
  batch 9400 loss = 0.805524
  batch 9500 loss = 0.782485
  batch 9600 loss = 0.859400
  batch 9700 loss = 0.759681
  batch 9800 loss = 0.852195
  batch 9900 loss = 0.750133
  batch 10000 loss = 0.781491
  Total batches: 10000, final loss = 0.781491
Validation loss: 0.881288
No improvement for 1 epochs
Epoch 36
  batch 100 loss = 0.902047
  batch 200 loss = 0.774827
  batch 300 loss = 0.880541
  batch 400 loss = 0.936349
  batch 500 loss = 0.938779
  batch 600 loss = 0.754383
  batch 700 loss = 0.752610
  batch 800 loss = 0.909957
  batch 900 loss = 0.927351
  batch 1000 loss = 0.929867
  batch 1100 loss = 0.791650
  batch 1200 loss = 0.936756
  batch 1300 loss = 0.800405
  batch 1400 loss = 0.763670
  batch 1500 loss = 0.832727
  batch 1600 loss = 0.931636
  batch 1700 loss = 0.896948
  batch 1800 loss = 0.930671
  batch 1900 loss = 0.878663
  batch 2000 loss = 0.885218
  batch 2100 loss = 0.937961
  batch 2200 loss = 0.710545
  batch 2300 loss = 0.774999
  batch 2400 loss = 0.863998
  batch 2500 loss = 0.873578
  batch 2600 loss = 0.716225
  batch 2700 loss = 0.749251
  batch 2800 loss = 0.765584
  batch 2900 loss = 0.934675
  batch 3000 loss = 0.935814
  batch 3100 loss = 0.925743
  batch 3200 loss = 0.919094
  batch 3300 loss = 0.752270
  batch 3400 loss = 0.929713
  batch 3500 loss = 0.921704
  batch 3600 loss = 0.909374
  batch 3700 loss = 0.769919
  batch 3800 loss = 0.857707
  batch 3900 loss = 0.895776
  batch 4000 loss = 0.855697
  batch 4100 loss = 0.908910
  batch 4200 loss = 0.741334
  batch 4300 loss = 0.778220
  batch 4400 loss = 0.773166
  batch 4500 loss = 0.820662
  batch 4600 loss = 0.930701
  batch 4700 loss = 0.929171
  batch 4800 loss = 0.929162
  batch 4900 loss = 0.757095
  batch 5000 loss = 0.811107
  batch 5100 loss = 0.847329
  batch 5200 loss = 0.848664
  batch 5300 loss = 0.907855
  batch 5400 loss = 0.789221
  batch 5500 loss = 0.729763
  batch 5600 loss = 0.929724
  batch 5700 loss = 0.936558
  batch 5800 loss = 0.932893
  batch 5900 loss = 0.782564
  batch 6000 loss = 0.817884
  batch 6100 loss = 0.810214
  batch 6200 loss = 0.934625
  batch 6300 loss = 0.790406
  batch 6400 loss = 0.863651
  batch 6500 loss = 0.877169
  batch 6600 loss = 0.837351
  batch 6700 loss = 0.934300
  batch 6800 loss = 0.827358
  batch 6900 loss = 0.934802
  batch 7000 loss = 0.931133
  batch 7100 loss = 0.842550
  batch 7200 loss = 0.876076
  batch 7300 loss = 0.809266
  batch 7400 loss = 0.916561
  batch 7500 loss = 0.929299
  batch 7600 loss = 0.783380
  batch 7700 loss = 0.930981
  batch 7800 loss = 0.864272
  batch 7900 loss = 0.788725
  batch 8000 loss = 0.749485
  batch 8100 loss = 0.875532
  batch 8200 loss = 0.920318
  batch 8300 loss = 0.937769
  batch 8400 loss = 0.843367
  batch 8500 loss = 0.862063
  batch 8600 loss = 0.746136
  batch 8700 loss = 0.860752
  batch 8800 loss = 0.815815
  batch 8900 loss = 0.931278
  batch 9000 loss = 0.934830
  batch 9100 loss = 0.786212
  batch 9200 loss = 0.929987
  batch 9300 loss = 0.854341
  batch 9400 loss = 0.929790
  batch 9500 loss = 0.925976
  batch 9600 loss = 0.769018
  batch 9700 loss = 0.854710
  batch 9800 loss = 0.792396
  batch 9900 loss = 0.773763
  batch 10000 loss = 0.777830
  Total batches: 10000, final loss = 0.777830
Validation loss: 0.881168
No improvement for 2 epochs
Epoch 37
  batch 100 loss = 0.759528
  batch 200 loss = 0.925235
  batch 300 loss = 0.895925
  batch 400 loss = 0.779849
  batch 500 loss = 0.834132
  batch 600 loss = 0.934129
  batch 700 loss = 0.922085
  batch 800 loss = 0.747054
  batch 900 loss = 0.886436
  batch 1000 loss = 0.857017
  batch 1100 loss = 0.930251
  batch 1200 loss = 0.802029
  batch 1300 loss = 0.882226
  batch 1400 loss = 0.818773
  batch 1500 loss = 0.777925
  batch 1600 loss = 0.926217
  batch 1700 loss = 0.815627
  batch 1800 loss = 0.825710
  batch 1900 loss = 0.737445
  batch 2000 loss = 0.706468
  batch 2100 loss = 0.930116
  batch 2200 loss = 0.833576
  batch 2300 loss = 0.844791
  batch 2400 loss = 0.918036
  batch 2500 loss = 0.927215
  batch 2600 loss = 0.870781
  batch 2700 loss = 0.923113
  batch 2800 loss = 0.736786
  batch 2900 loss = 0.756778
  batch 3000 loss = 0.768349
  batch 3100 loss = 0.916314
  batch 3200 loss = 0.758230
  batch 3300 loss = 0.929764
  batch 3400 loss = 0.691378
  batch 3500 loss = 0.794540
  batch 3600 loss = 0.716702
  batch 3700 loss = 0.822158
  batch 3800 loss = 0.773369
  batch 3900 loss = 0.940109
  batch 4000 loss = 0.936602
  batch 4100 loss = 0.831513
  batch 4200 loss = 0.936140
  batch 4300 loss = 0.785412
  batch 4400 loss = 0.936522
  batch 4500 loss = 0.924501
  batch 4600 loss = 0.797163
  batch 4700 loss = 0.892496
  batch 4800 loss = 0.734439
  batch 4900 loss = 0.925763
  batch 5000 loss = 0.910348
  batch 5100 loss = 0.938794
  batch 5200 loss = 0.825731
  batch 5300 loss = 0.830998
  batch 5400 loss = 0.927165
  batch 5500 loss = 0.899099
  batch 5600 loss = 0.936992
  batch 5700 loss = 0.932403
  batch 5800 loss = 0.879791
  batch 5900 loss = 0.797385
  batch 6000 loss = 0.814919
  batch 6100 loss = 0.872547
  batch 6200 loss = 0.907858
  batch 6300 loss = 0.894728
  batch 6400 loss = 0.936371
  batch 6500 loss = 0.931290
  batch 6600 loss = 0.714288
  batch 6700 loss = 0.746319
  batch 6800 loss = 0.726362
  batch 6900 loss = 0.791940
  batch 7000 loss = 0.763231
  batch 7100 loss = 0.844589
  batch 7200 loss = 0.764801
  batch 7300 loss = 0.933135
  batch 7400 loss = 0.834128
  batch 7500 loss = 0.867570
  batch 7600 loss = 0.791757
  batch 7700 loss = 0.783133
  batch 7800 loss = 0.771916
  batch 7900 loss = 0.932904
  batch 8000 loss = 0.936794
  batch 8100 loss = 0.909407
  batch 8200 loss = 0.790718
  batch 8300 loss = 0.894543
  batch 8400 loss = 0.788821
  batch 8500 loss = 0.760903
  batch 8600 loss = 0.856335
  batch 8700 loss = 0.897078
  batch 8800 loss = 0.921350
  batch 8900 loss = 0.935915
  batch 9000 loss = 0.933837
  batch 9100 loss = 0.860748
  batch 9200 loss = 0.792972
  batch 9300 loss = 0.876302
  batch 9400 loss = 0.932633
  batch 9500 loss = 0.930193
  batch 9600 loss = 0.923215
  batch 9700 loss = 0.931957
  batch 9800 loss = 0.780049
  batch 9900 loss = 0.917937
  batch 10000 loss = 0.929159
  Total batches: 10000, final loss = 0.929159
Validation loss: 0.878221
No improvement for 3 epochs
Epoch 38
  batch 100 loss = 0.799476
  batch 200 loss = 0.781839
  batch 300 loss = 0.764301
  batch 400 loss = 0.911397
  batch 500 loss = 0.933789
  batch 600 loss = 0.882598
  batch 700 loss = 0.915518
  batch 800 loss = 0.810522
  batch 900 loss = 0.807038
  batch 1000 loss = 0.846393
  batch 1100 loss = 0.878392
  batch 1200 loss = 0.735624
  batch 1300 loss = 0.909928
  batch 1400 loss = 0.858554
  batch 1500 loss = 0.840968
  batch 1600 loss = 0.727935
  batch 1700 loss = 0.936165
  batch 1800 loss = 0.924447
  batch 1900 loss = 0.772260
  batch 2000 loss = 0.739554
  batch 2100 loss = 0.785400
  batch 2200 loss = 0.725014
  batch 2300 loss = 0.837472
  batch 2400 loss = 0.763803
  batch 2500 loss = 0.722470
  batch 2600 loss = 0.929842
  batch 2700 loss = 0.819826
  batch 2800 loss = 0.819806
  batch 2900 loss = 0.784231
  batch 3000 loss = 0.828969
  batch 3100 loss = 0.842502
  batch 3200 loss = 0.887082
  batch 3300 loss = 0.929670
  batch 3400 loss = 0.854648
  batch 3500 loss = 0.834233
  batch 3600 loss = 0.917301
  batch 3700 loss = 0.927754
  batch 3800 loss = 0.789719
  batch 3900 loss = 0.930023
  batch 4000 loss = 0.933790
  batch 4100 loss = 0.770885
  batch 4200 loss = 0.772138
  batch 4300 loss = 0.775903
  batch 4400 loss = 0.937060
  batch 4500 loss = 0.937551
  batch 4600 loss = 0.924123
  batch 4700 loss = 0.928773
  batch 4800 loss = 0.759593
  batch 4900 loss = 0.935420
  batch 5000 loss = 0.937243
  batch 5100 loss = 0.931331
  batch 5200 loss = 0.763594
  batch 5300 loss = 0.850992
  batch 5400 loss = 0.762174
  batch 5500 loss = 0.743639
  batch 5600 loss = 0.889136
  batch 5700 loss = 0.936052
  batch 5800 loss = 0.732106
  batch 5900 loss = 0.934911
  batch 6000 loss = 0.941667
  batch 6100 loss = 0.791830
  batch 6200 loss = 0.762647
  batch 6300 loss = 0.924090
  batch 6400 loss = 0.786292
  batch 6500 loss = 0.802631
  batch 6600 loss = 0.937537
  batch 6700 loss = 0.898367
  batch 6800 loss = 0.794169
  batch 6900 loss = 0.937035
  batch 7000 loss = 0.937292
  batch 7100 loss = 0.934968
  batch 7200 loss = 0.919502
  batch 7300 loss = 0.921441
  batch 7400 loss = 0.929748
  batch 7500 loss = 0.919718
  batch 7600 loss = 0.854306
  batch 7700 loss = 0.906034
  batch 7800 loss = 0.931521
  batch 7900 loss = 0.788070
  batch 8000 loss = 0.784130
  batch 8100 loss = 0.819589
  batch 8200 loss = 0.856299
  batch 8300 loss = 0.925169
  batch 8400 loss = 0.810099
  batch 8500 loss = 0.768763
  batch 8600 loss = 0.843398
  batch 8700 loss = 0.938873
  batch 8800 loss = 0.817989
  batch 8900 loss = 0.879061
  batch 9000 loss = 0.884374
  batch 9100 loss = 0.764425
  batch 9200 loss = 0.898134
  batch 9300 loss = 0.830812
  batch 9400 loss = 0.753962
  batch 9500 loss = 0.834811
  batch 9600 loss = 0.782822
  batch 9700 loss = 0.827901
  batch 9800 loss = 0.936996
  batch 9900 loss = 0.924775
  batch 10000 loss = 0.918638
  Total batches: 10000, final loss = 0.918638
Validation loss: 0.877050
No improvement for 4 epochs
Epoch 39
  batch 100 loss = 0.934044
  batch 200 loss = 0.936907
  batch 300 loss = 0.917863
  batch 400 loss = 0.832348
  batch 500 loss = 0.837892
  batch 600 loss = 0.710598
  batch 700 loss = 0.931520
  batch 800 loss = 0.769738
  batch 900 loss = 0.718100
  batch 1000 loss = 0.780985
  batch 1100 loss = 0.834553
  batch 1200 loss = 0.862122
  batch 1300 loss = 0.789598
  batch 1400 loss = 0.718430
  batch 1500 loss = 0.782858
  batch 1600 loss = 0.786743
  batch 1700 loss = 0.924558
  batch 1800 loss = 0.850290
  batch 1900 loss = 0.936634
  batch 2000 loss = 0.930556
  batch 2100 loss = 0.804120
  batch 2200 loss = 0.937280
  batch 2300 loss = 0.721535
  batch 2400 loss = 0.918185
  batch 2500 loss = 0.914597
  batch 2600 loss = 0.753695
  batch 2700 loss = 0.793127
  batch 2800 loss = 0.775712
  batch 2900 loss = 0.796655
  batch 3000 loss = 0.791237
  batch 3100 loss = 0.920734
  batch 3200 loss = 0.759419
  batch 3300 loss = 0.917946
  batch 3400 loss = 0.894929
  batch 3500 loss = 0.864738
  batch 3600 loss = 0.937211
  batch 3700 loss = 0.755346
  batch 3800 loss = 0.704369
  batch 3900 loss = 0.881035
  batch 4000 loss = 0.821451
  batch 4100 loss = 0.931711
  batch 4200 loss = 0.797762
  batch 4300 loss = 0.923605
  batch 4400 loss = 0.903214
  batch 4500 loss = 0.915082
  batch 4600 loss = 0.857942
  batch 4700 loss = 0.930669
  batch 4800 loss = 0.933895
  batch 4900 loss = 0.908326
  batch 5000 loss = 0.919826
  batch 5100 loss = 0.743001
  batch 5200 loss = 0.764207
  batch 5300 loss = 0.925150
  batch 5400 loss = 0.716782
  batch 5500 loss = 0.724506
  batch 5600 loss = 0.930847
  batch 5700 loss = 0.836800
  batch 5800 loss = 0.921998
  batch 5900 loss = 0.776633
  batch 6000 loss = 0.779145
  batch 6100 loss = 0.806632
  batch 6200 loss = 0.831100
  batch 6300 loss = 0.917168
  batch 6400 loss = 0.793604
  batch 6500 loss = 0.794511
  batch 6600 loss = 0.876801
  batch 6700 loss = 0.734787
  batch 6800 loss = 0.775951
  batch 6900 loss = 0.809475
  batch 7000 loss = 0.796011
  batch 7100 loss = 0.813789
  batch 7200 loss = 0.793180
  batch 7300 loss = 0.817584
  batch 7400 loss = 0.877960
  batch 7500 loss = 0.843031
  batch 7600 loss = 0.850331
  batch 7700 loss = 0.917747
  batch 7800 loss = 0.919950
  batch 7900 loss = 0.871202
  batch 8000 loss = 0.897581
  batch 8100 loss = 0.858181
  batch 8200 loss = 0.857412
  batch 8300 loss = 0.927300
  batch 8400 loss = 0.939830
  batch 8500 loss = 0.938694
  batch 8600 loss = 0.775033
  batch 8700 loss = 0.872713
  batch 8800 loss = 0.937752
  batch 8900 loss = 0.929214
  batch 9000 loss = 0.937468
  batch 9100 loss = 0.917610
  batch 9200 loss = 0.871022
  batch 9300 loss = 0.936498
  batch 9400 loss = 0.922182
  batch 9500 loss = 0.916623
  batch 9600 loss = 0.938349
  batch 9700 loss = 0.762601
  batch 9800 loss = 0.812893
  batch 9900 loss = 0.772127
  batch 10000 loss = 0.781015
  Total batches: 10000, final loss = 0.781015
Validation loss: 0.879585
No improvement for 5 epochs
Epoch 40
  batch 100 loss = 0.743291
  batch 200 loss = 0.886375
  batch 300 loss = 0.833496
  batch 400 loss = 0.913908
  batch 500 loss = 0.919612
  batch 600 loss = 0.927907
  batch 700 loss = 0.901636
  batch 800 loss = 0.927188
  batch 900 loss = 0.860534
  batch 1000 loss = 0.876594
  batch 1100 loss = 0.772553
  batch 1200 loss = 0.919480
  batch 1300 loss = 0.933311
  batch 1400 loss = 0.934606
  batch 1500 loss = 0.936345
  batch 1600 loss = 0.870670
  batch 1700 loss = 0.924630
  batch 1800 loss = 0.822174
  batch 1900 loss = 0.919402
  batch 2000 loss = 0.925667
  batch 2100 loss = 0.932163
  batch 2200 loss = 0.817392
  batch 2300 loss = 0.795175
  batch 2400 loss = 0.916606
  batch 2500 loss = 0.921458
  batch 2600 loss = 0.776852
  batch 2700 loss = 0.925363
  batch 2800 loss = 0.928793
  batch 2900 loss = 0.789937
  batch 3000 loss = 0.832469
  batch 3100 loss = 0.902115
  batch 3200 loss = 0.734011
  batch 3300 loss = 0.855331
  batch 3400 loss = 0.758309
  batch 3500 loss = 0.733670
  batch 3600 loss = 0.714003
  batch 3700 loss = 0.931181
  batch 3800 loss = 0.777589
  batch 3900 loss = 0.905299
  batch 4000 loss = 0.900444
  batch 4100 loss = 0.929208
  batch 4200 loss = 0.791433
  batch 4300 loss = 0.914826
  batch 4400 loss = 0.853657
  batch 4500 loss = 0.854164
  batch 4600 loss = 0.931901
  batch 4700 loss = 0.785737
  batch 4800 loss = 0.734457
  batch 4900 loss = 0.726398
  batch 5000 loss = 0.772291
  batch 5100 loss = 0.936630
  batch 5200 loss = 0.769427
  batch 5300 loss = 0.762991
  batch 5400 loss = 0.857162
  batch 5500 loss = 0.856541
  batch 5600 loss = 0.739612
  batch 5700 loss = 0.941772
  batch 5800 loss = 0.917208
  batch 5900 loss = 0.694083
  batch 6000 loss = 0.762114
  batch 6100 loss = 0.935388
  batch 6200 loss = 0.900012
  batch 6300 loss = 0.836477
  batch 6400 loss = 0.923441
  batch 6500 loss = 0.915014
  batch 6600 loss = 0.743674
  batch 6700 loss = 0.854397
  batch 6800 loss = 0.770600
  batch 6900 loss = 0.744953
  batch 7000 loss = 0.762195
  batch 7100 loss = 0.775496
  batch 7200 loss = 0.928900
  batch 7300 loss = 0.883928
  batch 7400 loss = 0.753517
  batch 7500 loss = 0.770958
  batch 7600 loss = 0.705407
  batch 7700 loss = 0.937165
  batch 7800 loss = 0.794783
  batch 7900 loss = 0.789950
  batch 8000 loss = 0.863415
  batch 8100 loss = 0.771165
  batch 8200 loss = 0.896881
  batch 8300 loss = 0.890367
  batch 8400 loss = 0.746747
  batch 8500 loss = 0.710306
  batch 8600 loss = 0.778009
  batch 8700 loss = 0.882033
  batch 8800 loss = 0.934009
  batch 8900 loss = 0.873588
  batch 9000 loss = 0.842014
  batch 9100 loss = 0.935940
  batch 9200 loss = 0.796906
  batch 9300 loss = 0.838774
  batch 9400 loss = 0.934592
  batch 9500 loss = 0.928265
  batch 9600 loss = 0.783927
  batch 9700 loss = 0.776409
  batch 9800 loss = 0.853524
  batch 9900 loss = 0.929864
  batch 10000 loss = 0.929558
  Total batches: 10000, final loss = 0.929558
Validation loss: 0.874089
Saved BEST checkpoint
Epoch 41
  batch 100 loss = 0.905760
  batch 200 loss = 0.907246
  batch 300 loss = 0.932933
  batch 400 loss = 0.717761
  batch 500 loss = 0.775656
  batch 600 loss = 0.777316
  batch 700 loss = 0.789051
  batch 800 loss = 0.844442
  batch 900 loss = 0.928579
  batch 1000 loss = 0.930778
  batch 1100 loss = 0.843838
  batch 1200 loss = 0.776372
  batch 1300 loss = 0.781767
  batch 1400 loss = 0.743972
  batch 1500 loss = 0.725883
  batch 1600 loss = 0.927114
  batch 1700 loss = 0.882540
  batch 1800 loss = 0.925983
  batch 1900 loss = 0.928329
  batch 2000 loss = 0.926696
  batch 2100 loss = 0.810300
  batch 2200 loss = 0.916221
  batch 2300 loss = 0.810027
  batch 2400 loss = 0.865720
  batch 2500 loss = 0.790344
  batch 2600 loss = 0.868161
  batch 2700 loss = 0.907830
  batch 2800 loss = 0.780435
  batch 2900 loss = 0.813086
  batch 3000 loss = 0.873693
  batch 3100 loss = 0.775245
  batch 3200 loss = 0.938442
  batch 3300 loss = 0.770725
  batch 3400 loss = 0.773065
  batch 3500 loss = 0.784110
  batch 3600 loss = 0.777747
  batch 3700 loss = 0.926182
  batch 3800 loss = 0.847392
  batch 3900 loss = 0.749341
  batch 4000 loss = 0.739921
  batch 4100 loss = 0.792979
  batch 4200 loss = 0.772385
  batch 4300 loss = 0.929436
  batch 4400 loss = 0.934704
  batch 4500 loss = 0.935253
  batch 4600 loss = 0.788772
  batch 4700 loss = 0.826723
  batch 4800 loss = 0.931157
  batch 4900 loss = 0.807546
  batch 5000 loss = 0.800405
  batch 5100 loss = 0.772567
  batch 5200 loss = 0.936258
  batch 5300 loss = 0.862877
  batch 5400 loss = 0.920977
  batch 5500 loss = 0.921245
  batch 5600 loss = 0.941238
  batch 5700 loss = 0.926631
  batch 5800 loss = 0.766226
  batch 5900 loss = 0.938882
  batch 6000 loss = 0.935661
  batch 6100 loss = 0.933968
  batch 6200 loss = 0.709987
  batch 6300 loss = 0.774633
  batch 6400 loss = 0.921535
  batch 6500 loss = 0.903905
  batch 6600 loss = 0.946470
  batch 6700 loss = 0.875379
  batch 6800 loss = 0.928089
  batch 6900 loss = 0.910160
  batch 7000 loss = 0.912706
  batch 7100 loss = 0.749150
  batch 7200 loss = 0.935086
  batch 7300 loss = 0.924688
  batch 7400 loss = 0.867846
  batch 7500 loss = 0.815318
  batch 7600 loss = 0.770242
  batch 7700 loss = 0.748410
  batch 7800 loss = 0.795787
  batch 7900 loss = 0.885667
  batch 8000 loss = 0.880948
  batch 8100 loss = 0.870640
  batch 8200 loss = 0.937718
  batch 8300 loss = 0.800642
  batch 8400 loss = 0.920328
  batch 8500 loss = 0.904019
  batch 8600 loss = 0.928419
  batch 8700 loss = 0.907152
  batch 8800 loss = 0.930584
  batch 8900 loss = 0.808312
  batch 9000 loss = 0.777307
  batch 9100 loss = 0.909347
  batch 9200 loss = 0.809903
  batch 9300 loss = 0.886805
  batch 9400 loss = 0.839884
  batch 9500 loss = 0.792223
  batch 9600 loss = 0.800095
  batch 9700 loss = 0.875532
  batch 9800 loss = 0.826301
  batch 9900 loss = 0.871945
  batch 10000 loss = 0.891374
  Total batches: 10000, final loss = 0.891374
Validation loss: 0.875450
No improvement for 1 epochs
Epoch 42
  batch 100 loss = 0.910813
  batch 200 loss = 0.849803
  batch 300 loss = 0.705340
  batch 400 loss = 0.748803
  batch 500 loss = 0.741771
  batch 600 loss = 0.842915
  batch 700 loss = 0.866451
  batch 800 loss = 0.874138
  batch 900 loss = 0.743299
  batch 1000 loss = 0.777962
  batch 1100 loss = 0.789638
  batch 1200 loss = 0.922821
  batch 1300 loss = 0.903142
  batch 1400 loss = 0.832889
  batch 1500 loss = 0.825215
  batch 1600 loss = 0.875330
  batch 1700 loss = 0.917498
  batch 1800 loss = 0.755637
  batch 1900 loss = 0.878106
  batch 2000 loss = 0.868600
  batch 2100 loss = 0.906090
  batch 2200 loss = 0.926320
  batch 2300 loss = 0.751358
  batch 2400 loss = 0.819797
  batch 2500 loss = 0.833875
  batch 2600 loss = 0.802821
  batch 2700 loss = 0.785422
  batch 2800 loss = 0.930203
  batch 2900 loss = 0.928434
  batch 3000 loss = 0.933239
  batch 3100 loss = 0.893013
  batch 3200 loss = 0.741307
  batch 3300 loss = 0.933724
  batch 3400 loss = 0.935526
  batch 3500 loss = 0.925429
  batch 3600 loss = 0.917254
  batch 3700 loss = 0.939188
  batch 3800 loss = 0.852100
  batch 3900 loss = 0.886034
  batch 4000 loss = 0.870740
  batch 4100 loss = 0.928789
  batch 4200 loss = 0.762755
  batch 4300 loss = 0.933281
  batch 4400 loss = 0.812263
  batch 4500 loss = 0.725307
  batch 4600 loss = 0.843211
  batch 4700 loss = 0.835952
  batch 4800 loss = 0.826578
  batch 4900 loss = 0.913064
  batch 5000 loss = 0.898888
  batch 5100 loss = 0.912131
  batch 5200 loss = 0.931588
  batch 5300 loss = 0.918608
  batch 5400 loss = 0.929513
  batch 5500 loss = 0.913056
  batch 5600 loss = 0.737319
  batch 5700 loss = 0.704640
  batch 5800 loss = 0.911533
  batch 5900 loss = 0.787089
  batch 6000 loss = 0.772646
  batch 6100 loss = 0.910642
  batch 6200 loss = 0.928389
  batch 6300 loss = 0.753383
  batch 6400 loss = 0.790832
  batch 6500 loss = 0.771589
  batch 6600 loss = 0.718205
  batch 6700 loss = 0.939047
  batch 6800 loss = 0.937233
  batch 6900 loss = 0.812448
  batch 7000 loss = 0.775235
  batch 7100 loss = 0.933483
  batch 7200 loss = 0.777178
  batch 7300 loss = 0.935653
  batch 7400 loss = 0.860504
  batch 7500 loss = 0.876625
  batch 7600 loss = 0.842103
  batch 7700 loss = 0.816347
  batch 7800 loss = 0.903881
  batch 7900 loss = 0.852885
  batch 8000 loss = 0.875293
  batch 8100 loss = 0.931662
  batch 8200 loss = 0.779110
  batch 8300 loss = 0.764091
  batch 8400 loss = 0.782397
  batch 8500 loss = 0.774494
  batch 8600 loss = 0.935013
  batch 8700 loss = 0.784564
  batch 8800 loss = 0.784980
  batch 8900 loss = 0.886971
  batch 9000 loss = 0.904925
  batch 9100 loss = 0.839087
  batch 9200 loss = 0.720917
  batch 9300 loss = 0.938813
  batch 9400 loss = 0.930182
  batch 9500 loss = 0.928139
  batch 9600 loss = 0.747835
  batch 9700 loss = 0.882824
  batch 9800 loss = 0.877250
  batch 9900 loss = 0.936210
  batch 10000 loss = 0.924642
  Total batches: 10000, final loss = 0.924642
Validation loss: 0.881557
No improvement for 2 epochs
Epoch 43
  batch 100 loss = 0.933156
  batch 200 loss = 0.865477
  batch 300 loss = 0.931560
  batch 400 loss = 0.930438
  batch 500 loss = 0.939557
  batch 600 loss = 0.938009
  batch 700 loss = 0.902930
  batch 800 loss = 0.825028
  batch 900 loss = 0.755782
  batch 1000 loss = 0.754626
  batch 1100 loss = 0.918914
  batch 1200 loss = 0.932275
  batch 1300 loss = 0.775858
  batch 1400 loss = 0.937087
  batch 1500 loss = 0.937788
  batch 1600 loss = 0.788294
  batch 1700 loss = 0.705621
  batch 1800 loss = 0.931619
  batch 1900 loss = 0.775471
  batch 2000 loss = 0.778822
  batch 2100 loss = 0.828193
  batch 2200 loss = 0.766954
  batch 2300 loss = 0.745749
  batch 2400 loss = 0.935043
  batch 2500 loss = 0.930910
  batch 2600 loss = 0.799385
  batch 2700 loss = 0.843372
  batch 2800 loss = 0.781458
  batch 2900 loss = 0.922404
  batch 3000 loss = 0.925344
  batch 3100 loss = 0.921023
  batch 3200 loss = 0.908756
  batch 3300 loss = 0.931350
  batch 3400 loss = 0.799606
  batch 3500 loss = 0.791851
  batch 3600 loss = 0.924029
  batch 3700 loss = 0.789950
  batch 3800 loss = 0.773639
  batch 3900 loss = 0.845122
  batch 4000 loss = 0.867422
  batch 4100 loss = 0.772838
  batch 4200 loss = 0.843377
  batch 4300 loss = 0.932415
  batch 4400 loss = 0.910843
  batch 4500 loss = 0.933578
  batch 4600 loss = 0.924827
  batch 4700 loss = 0.825397
  batch 4800 loss = 0.775195
  batch 4900 loss = 0.924926
  batch 5000 loss = 0.926085
  batch 5100 loss = 0.934661
  batch 5200 loss = 0.850841
  batch 5300 loss = 0.883951
  batch 5400 loss = 0.921829
  batch 5500 loss = 0.929429
  batch 5600 loss = 0.933327
  batch 5700 loss = 0.921605
  batch 5800 loss = 0.789408
  batch 5900 loss = 0.780289
  batch 6000 loss = 0.778584
  batch 6100 loss = 0.920480
  batch 6200 loss = 0.756239
  batch 6300 loss = 0.919652
  batch 6400 loss = 0.905420
  batch 6500 loss = 0.905105
  batch 6600 loss = 0.824713
  batch 6700 loss = 0.819278
  batch 6800 loss = 0.936780
  batch 6900 loss = 0.756427
  batch 7000 loss = 0.753892
  batch 7100 loss = 0.800632
  batch 7200 loss = 0.902105
  batch 7300 loss = 0.808036
  batch 7400 loss = 0.906156
  batch 7500 loss = 0.909975
  batch 7600 loss = 0.875099
  batch 7700 loss = 0.766067
  batch 7800 loss = 0.700241
  batch 7900 loss = 0.748974
  batch 8000 loss = 0.747774
  batch 8100 loss = 0.768296
  batch 8200 loss = 0.933791
  batch 8300 loss = 0.915215
  batch 8400 loss = 0.932208
  batch 8500 loss = 0.918996
  batch 8600 loss = 0.798296
  batch 8700 loss = 0.926388
  batch 8800 loss = 0.832920
  batch 8900 loss = 0.816082
  batch 9000 loss = 0.810742
  batch 9100 loss = 0.910788
  batch 9200 loss = 0.811949
  batch 9300 loss = 0.860882
  batch 9400 loss = 0.821526
  batch 9500 loss = 0.795076
  batch 9600 loss = 0.810259
  batch 9700 loss = 0.790188
  batch 9800 loss = 0.757584
  batch 9900 loss = 0.792317
  batch 10000 loss = 0.698023
  Total batches: 10000, final loss = 0.698023
Validation loss: 0.878013
No improvement for 3 epochs
Epoch 44
  batch 100 loss = 0.893290
  batch 200 loss = 0.934489
  batch 300 loss = 0.727655
  batch 400 loss = 0.744858
  batch 500 loss = 0.753395
  batch 600 loss = 0.817203
  batch 700 loss = 0.823849
  batch 800 loss = 0.915937
  batch 900 loss = 0.936130
  batch 1000 loss = 0.929304
  batch 1100 loss = 0.916715
  batch 1200 loss = 0.923305
  batch 1300 loss = 0.934268
  batch 1400 loss = 0.929524
  batch 1500 loss = 0.914559
  batch 1600 loss = 0.917011
  batch 1700 loss = 0.800305
  batch 1800 loss = 0.765797
  batch 1900 loss = 0.732321
  batch 2000 loss = 0.783711
  batch 2100 loss = 0.796403
  batch 2200 loss = 0.930363
  batch 2300 loss = 0.850077
  batch 2400 loss = 0.920146
  batch 2500 loss = 0.911337
  batch 2600 loss = 0.938435
  batch 2700 loss = 0.934979
  batch 2800 loss = 0.896677
  batch 2900 loss = 0.761525
  batch 3000 loss = 0.772291
  batch 3100 loss = 0.841237
  batch 3200 loss = 0.785391
  batch 3300 loss = 0.917245
  batch 3400 loss = 0.752977
  batch 3500 loss = 0.797339
  batch 3600 loss = 0.930165
  batch 3700 loss = 0.938061
  batch 3800 loss = 0.919602
  batch 3900 loss = 0.918022
  batch 4000 loss = 0.905105
  batch 4100 loss = 0.864515
  batch 4200 loss = 0.795149
  batch 4300 loss = 0.913379
  batch 4400 loss = 0.925792
  batch 4500 loss = 0.926670
  batch 4600 loss = 0.819888
  batch 4700 loss = 0.760169
  batch 4800 loss = 0.932762
  batch 4900 loss = 0.742413
  batch 5000 loss = 0.761267
  batch 5100 loss = 0.754496
  batch 5200 loss = 0.908605
  batch 5300 loss = 0.720472
  batch 5400 loss = 0.782179
  batch 5500 loss = 0.799155
  batch 5600 loss = 0.775849
  batch 5700 loss = 0.859793
  batch 5800 loss = 0.922875
  batch 5900 loss = 0.929509
  batch 6000 loss = 0.930854
  batch 6100 loss = 0.781996
  batch 6200 loss = 0.855711
  batch 6300 loss = 0.918713
  batch 6400 loss = 0.830247
  batch 6500 loss = 0.811614
  batch 6600 loss = 0.797503
  batch 6700 loss = 0.891297
  batch 6800 loss = 0.833287
  batch 6900 loss = 0.796950
  batch 7000 loss = 0.789213
  batch 7100 loss = 0.920272
  batch 7200 loss = 0.752402
  batch 7300 loss = 0.903258
  batch 7400 loss = 0.932090
  batch 7500 loss = 0.937416
  batch 7600 loss = 0.797711
  batch 7700 loss = 0.928691
  batch 7800 loss = 0.931708
  batch 7900 loss = 0.791299
  batch 8000 loss = 0.782997
  batch 8100 loss = 0.743576
  batch 8200 loss = 0.900642
  batch 8300 loss = 0.744596
  batch 8400 loss = 0.844955
  batch 8500 loss = 0.829798
  batch 8600 loss = 0.768727
  batch 8700 loss = 0.798160
  batch 8800 loss = 0.754917
  batch 8900 loss = 0.808860
  batch 9000 loss = 0.753680
  batch 9100 loss = 0.826648
  batch 9200 loss = 0.866338
  batch 9300 loss = 0.723029
  batch 9400 loss = 0.927122
  batch 9500 loss = 0.925820
  batch 9600 loss = 0.772509
  batch 9700 loss = 0.935760
  batch 9800 loss = 0.935553
  batch 9900 loss = 0.854636
  batch 10000 loss = 0.848851
  Total batches: 10000, final loss = 0.848851
Validation loss: 0.869131
Saved BEST checkpoint
Epoch 45
  batch 100 loss = 0.831441
  batch 200 loss = 0.739857
  batch 300 loss = 0.905905
  batch 400 loss = 0.904139
  batch 500 loss = 0.908022
  batch 600 loss = 0.889893
  batch 700 loss = 0.936525
  batch 800 loss = 0.834912
  batch 900 loss = 0.912739
  batch 1000 loss = 0.913559
  batch 1100 loss = 0.854037
  batch 1200 loss = 0.833100
  batch 1300 loss = 0.889385
  batch 1400 loss = 0.739675
  batch 1500 loss = 0.826797
  batch 1600 loss = 0.935938
  batch 1700 loss = 0.935643
  batch 1800 loss = 0.829585
  batch 1900 loss = 0.737419
  batch 2000 loss = 0.729941
  batch 2100 loss = 0.792790
  batch 2200 loss = 0.932087
  batch 2300 loss = 0.938201
  batch 2400 loss = 0.877415
  batch 2500 loss = 0.864313
  batch 2600 loss = 0.856270
  batch 2700 loss = 0.760239
  batch 2800 loss = 0.932327
  batch 2900 loss = 0.932082
  batch 3000 loss = 0.939357
  batch 3100 loss = 0.920080
  batch 3200 loss = 0.932355
  batch 3300 loss = 0.815897
  batch 3400 loss = 0.804949
  batch 3500 loss = 0.775991
  batch 3600 loss = 0.807762
  batch 3700 loss = 0.738141
  batch 3800 loss = 0.770096
  batch 3900 loss = 0.853107
  batch 4000 loss = 0.826411
  batch 4100 loss = 0.936818
  batch 4200 loss = 0.805557
  batch 4300 loss = 0.713794
  batch 4400 loss = 0.921701
  batch 4500 loss = 0.929511
  batch 4600 loss = 0.928720
  batch 4700 loss = 0.800328
  batch 4800 loss = 0.945518
  batch 4900 loss = 0.856224
  batch 5000 loss = 0.845852
  batch 5100 loss = 0.695375
  batch 5200 loss = 0.793026
  batch 5300 loss = 0.933228
  batch 5400 loss = 0.900716
  batch 5500 loss = 0.912672
  batch 5600 loss = 0.845682
  batch 5700 loss = 0.794694
  batch 5800 loss = 0.684724
  batch 5900 loss = 0.938189
  batch 6000 loss = 0.934028
  batch 6100 loss = 0.932471
  batch 6200 loss = 0.780178
  batch 6300 loss = 0.741546
  batch 6400 loss = 0.860896
  batch 6500 loss = 0.867973
  batch 6600 loss = 0.809240
  batch 6700 loss = 0.934570
  batch 6800 loss = 0.816921
  batch 6900 loss = 0.925011
  batch 7000 loss = 0.898584
  batch 7100 loss = 0.936464
  batch 7200 loss = 0.802962
  batch 7300 loss = 0.930768
  batch 7400 loss = 0.922887
  batch 7500 loss = 0.927495
  batch 7600 loss = 0.933637
  batch 7700 loss = 0.833432
  batch 7800 loss = 0.717714
  batch 7900 loss = 0.731072
  batch 8000 loss = 0.724977
  batch 8100 loss = 0.927235
  batch 8200 loss = 0.884983
  batch 8300 loss = 0.877388
  batch 8400 loss = 0.929098
  batch 8500 loss = 0.931050
  batch 8600 loss = 0.868701
  batch 8700 loss = 0.729443
  batch 8800 loss = 0.757322
  batch 8900 loss = 0.806811
  batch 9000 loss = 0.768709
  batch 9100 loss = 0.872753
  batch 9200 loss = 0.918860
  batch 9300 loss = 0.936854
  batch 9400 loss = 0.712970
  batch 9500 loss = 0.757760
  batch 9600 loss = 0.844674
  batch 9700 loss = 0.859234
  batch 9800 loss = 0.810477
  batch 9900 loss = 0.934878
  batch 10000 loss = 0.917453
  Total batches: 10000, final loss = 0.917453
Validation loss: 0.876909
No improvement for 1 epochs
Epoch 46
  batch 100 loss = 0.834614
  batch 200 loss = 0.937767
  batch 300 loss = 0.924491
  batch 400 loss = 0.716799
  batch 500 loss = 0.750940
  batch 600 loss = 0.930521
  batch 700 loss = 0.938162
  batch 800 loss = 0.790942
  batch 900 loss = 0.909314
  batch 1000 loss = 0.858639
  batch 1100 loss = 0.930404
  batch 1200 loss = 0.760388
  batch 1300 loss = 0.864226
  batch 1400 loss = 0.825631
  batch 1500 loss = 0.738517
  batch 1600 loss = 0.904641
  batch 1700 loss = 0.806849
  batch 1800 loss = 0.759263
  batch 1900 loss = 0.707891
  batch 2000 loss = 0.726534
  batch 2100 loss = 0.760719
  batch 2200 loss = 0.905573
  batch 2300 loss = 0.765354
  batch 2400 loss = 0.725728
  batch 2500 loss = 0.713268
  batch 2600 loss = 0.749272
  batch 2700 loss = 0.860044
  batch 2800 loss = 0.862535
  batch 2900 loss = 0.928345
  batch 3000 loss = 0.935363
  batch 3100 loss = 0.929493
  batch 3200 loss = 0.927886
  batch 3300 loss = 0.826843
  batch 3400 loss = 0.933261
  batch 3500 loss = 0.933656
  batch 3600 loss = 0.917614
  batch 3700 loss = 0.811057
  batch 3800 loss = 0.929148
  batch 3900 loss = 0.940292
  batch 4000 loss = 0.936293
  batch 4100 loss = 0.905347
  batch 4200 loss = 0.865534
  batch 4300 loss = 0.770857
  batch 4400 loss = 0.843398
  batch 4500 loss = 0.812287
  batch 4600 loss = 0.846329
  batch 4700 loss = 0.768688
  batch 4800 loss = 0.688443
  batch 4900 loss = 0.772124
  batch 5000 loss = 0.770088
  batch 5100 loss = 0.910696
  batch 5200 loss = 0.787315
  batch 5300 loss = 0.916478
  batch 5400 loss = 0.814925
  batch 5500 loss = 0.778660
  batch 5600 loss = 0.852354
  batch 5700 loss = 0.760178
  batch 5800 loss = 0.752028
  batch 5900 loss = 0.888567
  batch 6000 loss = 0.900220
  batch 6100 loss = 0.931462
  batch 6200 loss = 0.786827
  batch 6300 loss = 0.838624
  batch 6400 loss = 0.915824
  batch 6500 loss = 0.923176
  batch 6600 loss = 0.929792
  batch 6700 loss = 0.861132
  batch 6800 loss = 0.808694
  batch 6900 loss = 0.784562
  batch 7000 loss = 0.816929
  batch 7100 loss = 0.929351
  batch 7200 loss = 0.915701
  batch 7300 loss = 0.909249
  batch 7400 loss = 0.935031
  batch 7500 loss = 0.935217
  batch 7600 loss = 0.901192
  batch 7700 loss = 0.931779
  batch 7800 loss = 0.917643
  batch 7900 loss = 0.762306
  batch 8000 loss = 0.819778
  batch 8100 loss = 0.725752
  batch 8200 loss = 0.772866
  batch 8300 loss = 0.928086
  batch 8400 loss = 0.711892
  batch 8500 loss = 0.753152
  batch 8600 loss = 0.693487
  batch 8700 loss = 0.870773
  batch 8800 loss = 0.913718
  batch 8900 loss = 0.771078
  batch 9000 loss = 0.754602
  batch 9100 loss = 0.765871
  batch 9200 loss = 0.872181
  batch 9300 loss = 0.709565
  batch 9400 loss = 0.714540
  batch 9500 loss = 0.744650
  batch 9600 loss = 0.935418
  batch 9700 loss = 0.934296
  batch 9800 loss = 0.750913
  batch 9900 loss = 0.917475
  batch 10000 loss = 0.919768
  Total batches: 10000, final loss = 0.919768
Validation loss: 0.873118
No improvement for 2 epochs
Epoch 47
  batch 100 loss = 0.936375
  batch 200 loss = 0.908453
  batch 300 loss = 0.942159
  batch 400 loss = 0.718574
  batch 500 loss = 0.777287
  batch 600 loss = 0.728034
  batch 700 loss = 0.760325
  batch 800 loss = 0.931384
  batch 900 loss = 0.925014
  batch 1000 loss = 0.922422
  batch 1100 loss = 0.860780
  batch 1200 loss = 0.888821
  batch 1300 loss = 0.755419
  batch 1400 loss = 0.879441
  batch 1500 loss = 0.857305
  batch 1600 loss = 0.929637
  batch 1700 loss = 0.759464
  batch 1800 loss = 0.763608
  batch 1900 loss = 0.754055
  batch 2000 loss = 0.811336
  batch 2100 loss = 0.922954
  batch 2200 loss = 0.777864
  batch 2300 loss = 0.929024
  batch 2400 loss = 0.826828
  batch 2500 loss = 0.823221
  batch 2600 loss = 0.824854
  batch 2700 loss = 0.778698
  batch 2800 loss = 0.864870
  batch 2900 loss = 0.800863
  batch 3000 loss = 0.821526
  batch 3100 loss = 0.727521
  batch 3200 loss = 0.781272
  batch 3300 loss = 0.921419
  batch 3400 loss = 0.751938
  batch 3500 loss = 0.761338
  batch 3600 loss = 0.804753
  batch 3700 loss = 0.751415
  batch 3800 loss = 0.745125
  batch 3900 loss = 0.714118
  batch 4000 loss = 0.735914
  batch 4100 loss = 0.906335
  batch 4200 loss = 0.925619
  batch 4300 loss = 0.935357
  batch 4400 loss = 0.948603
  batch 4500 loss = 0.927259
  batch 4600 loss = 0.839646
  batch 4700 loss = 0.909611
  batch 4800 loss = 0.919418
  batch 4900 loss = 0.931506
  batch 5000 loss = 0.931442
  batch 5100 loss = 0.913665
  batch 5200 loss = 0.793750
  batch 5300 loss = 0.857460
  batch 5400 loss = 0.696794
  batch 5500 loss = 0.736930
  batch 5600 loss = 0.796667
  batch 5700 loss = 0.721199
  batch 5800 loss = 0.929553
  batch 5900 loss = 0.933288
  batch 6000 loss = 0.924688
  batch 6100 loss = 0.737901
  batch 6200 loss = 0.822264
  batch 6300 loss = 0.852135
  batch 6400 loss = 0.752637
  batch 6500 loss = 0.770826
  batch 6600 loss = 0.850835
  batch 6700 loss = 0.728581
  batch 6800 loss = 0.681402
  batch 6900 loss = 0.939459
  batch 7000 loss = 0.935912
  batch 7100 loss = 0.741759
  batch 7200 loss = 0.822315
  batch 7300 loss = 0.935704
  batch 7400 loss = 0.921109
  batch 7500 loss = 0.918125
  batch 7600 loss = 0.936081
  batch 7700 loss = 0.766149
  batch 7800 loss = 0.769822
  batch 7900 loss = 0.882683
  batch 8000 loss = 0.853265
  batch 8100 loss = 0.723163
  batch 8200 loss = 0.791640
  batch 8300 loss = 0.792292
  batch 8400 loss = 0.936351
  batch 8500 loss = 0.918691
  batch 8600 loss = 0.925086
  batch 8700 loss = 0.837553
  batch 8800 loss = 0.748190
  batch 8900 loss = 0.938684
  batch 9000 loss = 0.934278
  batch 9100 loss = 0.800001
  batch 9200 loss = 0.940116
  batch 9300 loss = 0.926687
  batch 9400 loss = 0.911044
  batch 9500 loss = 0.898104
  batch 9600 loss = 0.913878
  batch 9700 loss = 0.793815
  batch 9800 loss = 0.919592
  batch 9900 loss = 0.921394
  batch 10000 loss = 0.890948
  Total batches: 10000, final loss = 0.890948
Validation loss: 0.869258
No improvement for 3 epochs
Epoch 48
  batch 100 loss = 0.936767
  batch 200 loss = 0.926490
  batch 300 loss = 0.732384
  batch 400 loss = 0.708703
  batch 500 loss = 0.762827
  batch 600 loss = 0.930425
  batch 700 loss = 0.774472
  batch 800 loss = 0.937388
  batch 900 loss = 0.920444
  batch 1000 loss = 0.924504
  batch 1100 loss = 0.766282
  batch 1200 loss = 0.926453
  batch 1300 loss = 0.839987
  batch 1400 loss = 0.922815
  batch 1500 loss = 0.912932
  batch 1600 loss = 0.932014
  batch 1700 loss = 0.774527
  batch 1800 loss = 0.899398
  batch 1900 loss = 0.725699
  batch 2000 loss = 0.746039
  batch 2100 loss = 0.727590
  batch 2200 loss = 0.790998
  batch 2300 loss = 0.811041
  batch 2400 loss = 0.917864
  batch 2500 loss = 0.894391
  batch 2600 loss = 0.805179
  batch 2700 loss = 0.917728
  batch 2800 loss = 0.932865
  batch 2900 loss = 0.921598
  batch 3000 loss = 0.913225
  batch 3100 loss = 0.941275
  batch 3200 loss = 0.868105
  batch 3300 loss = 0.860631
  batch 3400 loss = 0.777000
  batch 3500 loss = 0.706976
  batch 3600 loss = 0.764531
  batch 3700 loss = 0.825927
  batch 3800 loss = 0.931305
  batch 3900 loss = 0.878071
  batch 4000 loss = 0.818903
  batch 4100 loss = 0.797522
  batch 4200 loss = 0.824044
  batch 4300 loss = 0.768887
  batch 4400 loss = 0.931856
  batch 4500 loss = 0.932216
  batch 4600 loss = 0.918766
  batch 4700 loss = 0.687337
  batch 4800 loss = 0.751936
  batch 4900 loss = 0.940337
  batch 5000 loss = 0.937011
  batch 5100 loss = 0.756494
  batch 5200 loss = 0.817695
  batch 5300 loss = 0.914193
  batch 5400 loss = 0.936978
  batch 5500 loss = 0.935316
  batch 5600 loss = 0.740349
  batch 5700 loss = 0.765263
  batch 5800 loss = 0.736707
  batch 5900 loss = 0.924980
  batch 6000 loss = 0.934974
  batch 6100 loss = 0.772432
  batch 6200 loss = 0.925533
  batch 6300 loss = 0.718276
  batch 6400 loss = 0.904164
  batch 6500 loss = 0.863881
  batch 6600 loss = 0.726739
  batch 6700 loss = 0.848203
  batch 6800 loss = 0.817359
  batch 6900 loss = 0.802226
  batch 7000 loss = 0.814556
  batch 7100 loss = 0.937670
  batch 7200 loss = 0.924228
  batch 7300 loss = 0.930773
  batch 7400 loss = 0.768595
  batch 7500 loss = 0.778920
  batch 7600 loss = 0.771897
  batch 7700 loss = 0.934031
  batch 7800 loss = 0.933696
  batch 7900 loss = 0.818244
  batch 8000 loss = 0.860928
  batch 8100 loss = 0.784397
  batch 8200 loss = 0.936565
  batch 8300 loss = 0.927211
  batch 8400 loss = 0.823573
  batch 8500 loss = 0.779074
  batch 8600 loss = 0.922654
  batch 8700 loss = 0.841494
  batch 8800 loss = 0.772668
  batch 8900 loss = 0.700424
  batch 9000 loss = 0.799773
  batch 9100 loss = 0.863374
  batch 9200 loss = 0.872453
  batch 9300 loss = 0.873821
  batch 9400 loss = 0.874099
  batch 9500 loss = 0.869002
  batch 9600 loss = 0.919839
  batch 9700 loss = 0.846719
  batch 9800 loss = 0.869328
  batch 9900 loss = 0.774106
  batch 10000 loss = 0.744911
  Total batches: 10000, final loss = 0.744911
Validation loss: 0.875972
No improvement for 4 epochs
Epoch 49
  batch 100 loss = 0.939940
  batch 200 loss = 0.909444
  batch 300 loss = 0.779515
  batch 400 loss = 0.783749
  batch 500 loss = 0.753345
  batch 600 loss = 0.751661
  batch 700 loss = 0.766310
  batch 800 loss = 0.933972
  batch 900 loss = 0.680482
  batch 1000 loss = 0.750602
  batch 1100 loss = 0.851086
  batch 1200 loss = 0.923883
  batch 1300 loss = 0.941076
  batch 1400 loss = 0.905192
  batch 1500 loss = 0.930462
  batch 1600 loss = 0.794081
  batch 1700 loss = 0.937799
  batch 1800 loss = 0.745815
  batch 1900 loss = 0.838595
  batch 2000 loss = 0.839389
  batch 2100 loss = 0.933231
  batch 2200 loss = 0.926031
  batch 2300 loss = 0.866450
  batch 2400 loss = 0.889645
  batch 2500 loss = 0.884492
  batch 2600 loss = 0.740065
  batch 2700 loss = 0.921799
  batch 2800 loss = 0.911952
  batch 2900 loss = 0.893440
  batch 3000 loss = 0.865135
  batch 3100 loss = 0.860202
  batch 3200 loss = 0.937347
  batch 3300 loss = 0.792514
  batch 3400 loss = 0.769019
  batch 3500 loss = 0.770378
  batch 3600 loss = 0.905285
  batch 3700 loss = 0.942058
  batch 3800 loss = 0.931140
  batch 3900 loss = 0.650145
  batch 4000 loss = 0.797341
  batch 4100 loss = 0.778635
  batch 4200 loss = 0.895307
  batch 4300 loss = 0.773449
  batch 4400 loss = 0.794260
  batch 4500 loss = 0.791472
  batch 4600 loss = 0.917350
  batch 4700 loss = 0.934857
  batch 4800 loss = 0.710557
  batch 4900 loss = 0.868167
  batch 5000 loss = 0.892971
  batch 5100 loss = 0.871291
  batch 5200 loss = 0.890234
  batch 5300 loss = 0.804512
  batch 5400 loss = 0.823190
  batch 5500 loss = 0.844644
  batch 5600 loss = 0.915006
  batch 5700 loss = 0.772221
  batch 5800 loss = 0.791449
  batch 5900 loss = 0.937647
  batch 6000 loss = 0.937550
  batch 6100 loss = 0.919930
  batch 6200 loss = 0.755472
  batch 6300 loss = 0.911753
  batch 6400 loss = 0.941689
  batch 6500 loss = 0.937868
  batch 6600 loss = 0.848544
  batch 6700 loss = 0.917971
  batch 6800 loss = 0.917608
  batch 6900 loss = 0.839949
  batch 7000 loss = 0.837704
  batch 7100 loss = 0.676969
  batch 7200 loss = 0.802417
  batch 7300 loss = 0.858358
  batch 7400 loss = 0.761731
  batch 7500 loss = 0.761462
  batch 7600 loss = 0.834649
  batch 7700 loss = 0.748382
  batch 7800 loss = 0.826851
  batch 7900 loss = 0.921548
  batch 8000 loss = 0.927751
  batch 8100 loss = 0.916546
  batch 8200 loss = 0.897425
  batch 8300 loss = 0.804322
  batch 8400 loss = 0.742195
  batch 8500 loss = 0.810529
  batch 8600 loss = 0.773777
  batch 8700 loss = 0.778381
  batch 8800 loss = 0.808586
  batch 8900 loss = 0.756863
  batch 9000 loss = 0.703194
  batch 9100 loss = 0.798832
  batch 9200 loss = 0.748149
  batch 9300 loss = 0.841118
  batch 9400 loss = 0.756240
  batch 9500 loss = 0.790092
  batch 9600 loss = 0.930751
  batch 9700 loss = 0.932262
  batch 9800 loss = 0.863922
  batch 9900 loss = 0.903768
  batch 10000 loss = 0.920017
  Total batches: 10000, final loss = 0.920017
Validation loss: 0.869275
No improvement for 5 epochs
Epoch 50
  batch 100 loss = 0.710646
  batch 200 loss = 0.938023
  batch 300 loss = 0.716996
  batch 400 loss = 0.731905
  batch 500 loss = 0.752262
  batch 600 loss = 0.723414
  batch 700 loss = 0.791561
  batch 800 loss = 0.926866
  batch 900 loss = 0.939184
  batch 1000 loss = 0.930977
  batch 1100 loss = 0.940542
  batch 1200 loss = 0.765502
  batch 1300 loss = 0.868847
  batch 1400 loss = 0.836871
  batch 1500 loss = 0.818243
  batch 1600 loss = 0.932640
  batch 1700 loss = 0.804919
  batch 1800 loss = 0.917413
  batch 1900 loss = 0.719296
  batch 2000 loss = 0.746576
  batch 2100 loss = 0.923675
  batch 2200 loss = 0.838367
  batch 2300 loss = 0.741179
  batch 2400 loss = 0.702650
  batch 2500 loss = 0.736579
  batch 2600 loss = 0.764036
  batch 2700 loss = 0.933859
  batch 2800 loss = 0.723801
  batch 2900 loss = 0.757837
  batch 3000 loss = 0.784830
  batch 3100 loss = 0.874311
  batch 3200 loss = 0.822110
  batch 3300 loss = 0.834077
  batch 3400 loss = 0.772586
  batch 3500 loss = 0.731225
  batch 3600 loss = 0.925251
  batch 3700 loss = 0.841929
  batch 3800 loss = 0.911719
  batch 3900 loss = 0.744293
  batch 4000 loss = 0.781170
  batch 4100 loss = 0.926348
  batch 4200 loss = 0.750406
  batch 4300 loss = 0.941671
  batch 4400 loss = 0.850329
  batch 4500 loss = 0.842425
  batch 4600 loss = 0.912744
  batch 4700 loss = 0.881466
  batch 4800 loss = 0.935264
  batch 4900 loss = 0.923187
  batch 5000 loss = 0.932019
  batch 5100 loss = 0.922863
  batch 5200 loss = 0.873532
  batch 5300 loss = 0.933226
  batch 5400 loss = 0.898542
  batch 5500 loss = 0.904686
  batch 5600 loss = 0.867604
  batch 5700 loss = 0.933318
  batch 5800 loss = 0.897533
  batch 5900 loss = 0.796529
  batch 6000 loss = 0.755307
  batch 6100 loss = 0.837394
  batch 6200 loss = 0.878477
  batch 6300 loss = 0.888714
  batch 6400 loss = 0.945596
  batch 6500 loss = 0.931562
  batch 6600 loss = 0.750444
  batch 6700 loss = 0.810065
  batch 6800 loss = 0.775007
  batch 6900 loss = 0.823006
  batch 7000 loss = 0.779549
  batch 7100 loss = 0.849770
  batch 7200 loss = 0.911098
  batch 7300 loss = 0.896886
  batch 7400 loss = 0.831179
  batch 7500 loss = 0.844001
  batch 7600 loss = 0.907445
  batch 7700 loss = 0.724826
  batch 7800 loss = 0.934486
  batch 7900 loss = 0.867189
  batch 8000 loss = 0.830139
  batch 8100 loss = 0.806658
  batch 8200 loss = 0.770231
  batch 8300 loss = 0.924400
  batch 8400 loss = 0.785425
  batch 8500 loss = 0.739779
  batch 8600 loss = 0.937956
  batch 8700 loss = 0.934787
  batch 8800 loss = 0.799892
  batch 8900 loss = 0.770412
  batch 9000 loss = 0.775841
  batch 9100 loss = 0.909438
  batch 9200 loss = 0.745318
  batch 9300 loss = 0.922977
  batch 9400 loss = 0.934106
  batch 9500 loss = 0.927983
  batch 9600 loss = 0.728678
  batch 9700 loss = 0.768155
  batch 9800 loss = 0.930803
  batch 9900 loss = 0.745947
  batch 10000 loss = 0.772042
  Total batches: 10000, final loss = 0.772042
Validation loss: 0.871399
No improvement for 6 epochs
Epoch 51
  batch 100 loss = 0.737701
  batch 200 loss = 0.932987
  batch 300 loss = 0.802390
  batch 400 loss = 0.923341
  batch 500 loss = 0.913301
  batch 600 loss = 0.757133
  batch 700 loss = 0.920675
  batch 800 loss = 0.924117
  batch 900 loss = 0.776391
  batch 1000 loss = 0.721827
  batch 1100 loss = 0.683542
  batch 1200 loss = 0.739193
  batch 1300 loss = 0.939368
  batch 1400 loss = 0.876987
  batch 1500 loss = 0.872464
  batch 1600 loss = 0.740422
  batch 1700 loss = 0.730189
  batch 1800 loss = 0.933915
  batch 1900 loss = 0.935656
  batch 2000 loss = 0.937767
  batch 2100 loss = 0.868494
  batch 2200 loss = 0.932616
  batch 2300 loss = 0.913806
  batch 2400 loss = 0.848700
  batch 2500 loss = 0.825025
  batch 2600 loss = 0.775457
  batch 2700 loss = 0.910882
  batch 2800 loss = 0.932370
  batch 2900 loss = 0.749192
  batch 3000 loss = 0.758983
  batch 3100 loss = 0.863922
  batch 3200 loss = 0.705074
  batch 3300 loss = 0.739703
  batch 3400 loss = 0.898374
  batch 3500 loss = 0.928371
  batch 3600 loss = 0.934281
  batch 3700 loss = 0.763406
  batch 3800 loss = 0.797123
  batch 3900 loss = 0.852321
  batch 4000 loss = 0.848501
  batch 4100 loss = 0.845046
  batch 4200 loss = 0.936638
  batch 4300 loss = 0.795933
  batch 4400 loss = 0.756772
  batch 4500 loss = 0.761208
  batch 4600 loss = 0.781884
  batch 4700 loss = 0.694622
  batch 4800 loss = 0.928876
  batch 4900 loss = 0.940079
  batch 5000 loss = 0.935606
  batch 5100 loss = 0.749363
  batch 5200 loss = 0.727332
  batch 5300 loss = 0.924773
  batch 5400 loss = 0.911043
  batch 5500 loss = 0.933215
  batch 5600 loss = 0.828614
  batch 5700 loss = 0.780647
  batch 5800 loss = 0.925597
  batch 5900 loss = 0.939086
  batch 6000 loss = 0.933520
  batch 6100 loss = 0.826137
  batch 6200 loss = 0.806047
  batch 6300 loss = 0.766238
  batch 6400 loss = 0.858328
  batch 6500 loss = 0.839070
  batch 6600 loss = 0.927313
  batch 6700 loss = 0.717190
  batch 6800 loss = 0.899534
  batch 6900 loss = 0.856370
  batch 7000 loss = 0.872701
  batch 7100 loss = 0.820214
  batch 7200 loss = 0.930933
  batch 7300 loss = 0.831808
  batch 7400 loss = 0.825277
  batch 7500 loss = 0.802418
  batch 7600 loss = 0.840943
  batch 7700 loss = 0.768737
  batch 7800 loss = 0.930747
  batch 7900 loss = 0.922136
  batch 8000 loss = 0.936851
  batch 8100 loss = 0.723106
  batch 8200 loss = 0.763654
  batch 8300 loss = 0.790931
  batch 8400 loss = 0.780910
  batch 8500 loss = 0.803779
  batch 8600 loss = 0.868525
  batch 8700 loss = 0.932926
  batch 8800 loss = 0.754036
  batch 8900 loss = 0.929894
  batch 9000 loss = 0.918921
  batch 9100 loss = 0.925909
  batch 9200 loss = 0.931918
  batch 9300 loss = 0.902878
  batch 9400 loss = 0.879501
  batch 9500 loss = 0.913834
  batch 9600 loss = 0.927432
  batch 9700 loss = 0.853308
  batch 9800 loss = 0.824420
  batch 9900 loss = 0.873842
  batch 10000 loss = 0.855306
  Total batches: 10000, final loss = 0.855306
Validation loss: 0.868296
Saved BEST checkpoint
Epoch 52
  batch 100 loss = 0.764308
  batch 200 loss = 0.788670
  batch 300 loss = 0.933299
  batch 400 loss = 0.899705
  batch 500 loss = 0.913127
  batch 600 loss = 0.750805
  batch 700 loss = 0.768208
  batch 800 loss = 0.937542
  batch 900 loss = 0.753106
  batch 1000 loss = 0.777547
  batch 1100 loss = 0.754951
  batch 1200 loss = 0.741088
  batch 1300 loss = 0.925149
  batch 1400 loss = 0.904312
  batch 1500 loss = 0.872484
  batch 1600 loss = 0.761969
  batch 1700 loss = 0.891823
  batch 1800 loss = 0.929160
  batch 1900 loss = 0.853648
  batch 2000 loss = 0.838067
  batch 2100 loss = 0.937965
  batch 2200 loss = 0.933685
  batch 2300 loss = 0.733034
  batch 2400 loss = 0.718591
  batch 2500 loss = 0.729772
  batch 2600 loss = 0.799409
  batch 2700 loss = 0.930662
  batch 2800 loss = 0.919839
  batch 2900 loss = 0.846875
  batch 3000 loss = 0.831821
  batch 3100 loss = 0.725265
  batch 3200 loss = 0.809476
  batch 3300 loss = 0.732916
  batch 3400 loss = 0.928197
  batch 3500 loss = 0.928649
  batch 3600 loss = 0.937083
  batch 3700 loss = 0.839616
  batch 3800 loss = 0.922751
  batch 3900 loss = 0.811485
  batch 4000 loss = 0.842574
  batch 4100 loss = 0.823348
  batch 4200 loss = 0.878787
  batch 4300 loss = 0.913008
  batch 4400 loss = 0.738786
  batch 4500 loss = 0.726908
  batch 4600 loss = 0.926405
  batch 4700 loss = 0.914999
  batch 4800 loss = 0.925190
  batch 4900 loss = 0.814723
  batch 5000 loss = 0.797108
  batch 5100 loss = 0.929074
  batch 5200 loss = 0.731570
  batch 5300 loss = 0.885559
  batch 5400 loss = 0.911763
  batch 5500 loss = 0.932072
  batch 5600 loss = 0.837223
  batch 5700 loss = 0.935534
  batch 5800 loss = 0.719475
  batch 5900 loss = 0.737174
  batch 6000 loss = 0.799193
  batch 6100 loss = 0.937963
  batch 6200 loss = 0.791586
  batch 6300 loss = 0.900432
  batch 6400 loss = 0.821198
  batch 6500 loss = 0.837544
  batch 6600 loss = 0.831648
  batch 6700 loss = 0.734962
  batch 6800 loss = 0.709440
  batch 6900 loss = 0.817053
  batch 7000 loss = 0.792343
  batch 7100 loss = 0.936598
  batch 7200 loss = 0.760223
  batch 7300 loss = 0.772953
  batch 7400 loss = 0.939554
  batch 7500 loss = 0.924328
  batch 7600 loss = 0.934173
  batch 7700 loss = 0.823866
  batch 7800 loss = 0.789292
  batch 7900 loss = 0.873439
  batch 8000 loss = 0.864145
  batch 8100 loss = 0.930535
  batch 8200 loss = 0.768672
  batch 8300 loss = 0.810245
  batch 8400 loss = 0.916566
  batch 8500 loss = 0.916263
  batch 8600 loss = 0.931144
  batch 8700 loss = 0.930163
  batch 8800 loss = 0.885057
  batch 8900 loss = 0.781261
  batch 9000 loss = 0.802080
  batch 9100 loss = 0.819284
  batch 9200 loss = 0.923136
  batch 9300 loss = 0.934730
  batch 9400 loss = 0.872486
  batch 9500 loss = 0.845411
  batch 9600 loss = 0.721969
  batch 9700 loss = 0.702817
  batch 9800 loss = 0.940764
  batch 9900 loss = 0.849062
  batch 10000 loss = 0.857919
  Total batches: 10000, final loss = 0.857919
Validation loss: 0.873939
No improvement for 1 epochs
Epoch 53
  batch 100 loss = 0.930619
  batch 200 loss = 0.900833
  batch 300 loss = 0.838604
  batch 400 loss = 0.911114
  batch 500 loss = 0.919927
  batch 600 loss = 0.798300
  batch 700 loss = 0.859531
  batch 800 loss = 0.788490
  batch 900 loss = 0.715111
  batch 1000 loss = 0.780042
  batch 1100 loss = 0.804485
  batch 1200 loss = 0.759417
  batch 1300 loss = 0.933762
  batch 1400 loss = 0.917508
  batch 1500 loss = 0.917390
  batch 1600 loss = 0.930714
  batch 1700 loss = 0.858869
  batch 1800 loss = 0.746102
  batch 1900 loss = 0.929177
  batch 2000 loss = 0.936775
  batch 2100 loss = 0.707864
  batch 2200 loss = 0.859905
  batch 2300 loss = 0.922166
  batch 2400 loss = 0.912732
  batch 2500 loss = 0.906208
  batch 2600 loss = 0.939629
  batch 2700 loss = 0.910095
  batch 2800 loss = 0.920034
  batch 2900 loss = 0.928934
  batch 3000 loss = 0.930961
  batch 3100 loss = 0.921437
  batch 3200 loss = 0.885640
  batch 3300 loss = 0.697007
  batch 3400 loss = 0.757228
  batch 3500 loss = 0.753413
  batch 3600 loss = 0.778775
  batch 3700 loss = 0.732338
  batch 3800 loss = 0.744985
  batch 3900 loss = 0.934451
  batch 4000 loss = 0.925516
  batch 4100 loss = 0.751701
  batch 4200 loss = 0.937813
  batch 4300 loss = 0.871463
  batch 4400 loss = 0.743717
  batch 4500 loss = 0.851392
  batch 4600 loss = 0.753514
  batch 4700 loss = 0.788885
  batch 4800 loss = 0.735695
  batch 4900 loss = 0.935329
  batch 5000 loss = 0.936139
  batch 5100 loss = 0.785638
  batch 5200 loss = 0.855675
  batch 5300 loss = 0.758385
  batch 5400 loss = 0.727695
  batch 5500 loss = 0.803224
  batch 5600 loss = 0.903728
  batch 5700 loss = 0.932138
  batch 5800 loss = 0.938832
  batch 5900 loss = 0.778975
  batch 6000 loss = 0.768447
  batch 6100 loss = 0.916634
  batch 6200 loss = 0.758244
  batch 6300 loss = 0.935660
  batch 6400 loss = 0.862576
  batch 6500 loss = 0.854996
  batch 6600 loss = 0.711755
  batch 6700 loss = 0.904030
  batch 6800 loss = 0.803674
  batch 6900 loss = 0.759864
  batch 7000 loss = 0.753932
  batch 7100 loss = 0.883430
  batch 7200 loss = 0.879479
  batch 7300 loss = 0.929075
  batch 7400 loss = 0.933678
  batch 7500 loss = 0.937263
  batch 7600 loss = 0.931221
  batch 7700 loss = 0.930481
  batch 7800 loss = 0.756588
  batch 7900 loss = 0.749721
  batch 8000 loss = 0.775808
  batch 8100 loss = 0.793199
  batch 8200 loss = 0.809070
  batch 8300 loss = 0.919884
  batch 8400 loss = 0.707962
  batch 8500 loss = 0.738755
  batch 8600 loss = 0.724162
  batch 8700 loss = 0.768743
  batch 8800 loss = 0.738598
  batch 8900 loss = 0.897649
  batch 9000 loss = 0.913649
  batch 9100 loss = 0.727611
  batch 9200 loss = 0.916591
  batch 9300 loss = 0.861642
  batch 9400 loss = 0.882235
  batch 9500 loss = 0.888594
  batch 9600 loss = 0.734066
  batch 9700 loss = 0.827968
  batch 9800 loss = 0.920842
  batch 9900 loss = 0.907027
  batch 10000 loss = 0.903869
  Total batches: 10000, final loss = 0.903869
Validation loss: 0.873132
No improvement for 2 epochs
Epoch 54
  batch 100 loss = 0.867036
  batch 200 loss = 0.931760
  batch 300 loss = 0.914595
  batch 400 loss = 0.867690
  batch 500 loss = 0.793348
  batch 600 loss = 0.925582
  batch 700 loss = 0.720506
  batch 800 loss = 0.928695
  batch 900 loss = 0.790627
  batch 1000 loss = 0.739249
  batch 1100 loss = 0.919364
  batch 1200 loss = 0.818041
  batch 1300 loss = 0.934914
  batch 1400 loss = 0.861363
  batch 1500 loss = 0.849102
  batch 1600 loss = 0.843617
  batch 1700 loss = 0.903699
  batch 1800 loss = 0.666952
  batch 1900 loss = 0.914211
  batch 2000 loss = 0.908577
  batch 2100 loss = 0.783149
  batch 2200 loss = 0.740727
  batch 2300 loss = 0.918654
  batch 2400 loss = 0.937495
  batch 2500 loss = 0.937602
  batch 2600 loss = 0.931165
  batch 2700 loss = 0.935071
  batch 2800 loss = 0.913747
  batch 2900 loss = 0.830674
  batch 3000 loss = 0.835390
  batch 3100 loss = 0.689465
  batch 3200 loss = 0.797836
  batch 3300 loss = 0.814680
  batch 3400 loss = 0.936508
  batch 3500 loss = 0.934591
  batch 3600 loss = 0.936139
  batch 3700 loss = 0.851453
  batch 3800 loss = 0.824782
  batch 3900 loss = 0.867187
  batch 4000 loss = 0.862475
  batch 4100 loss = 0.935766
  batch 4200 loss = 0.888085
  batch 4300 loss = 0.936573
  batch 4400 loss = 0.804978
  batch 4500 loss = 0.790386
  batch 4600 loss = 0.930351
  batch 4700 loss = 0.906516
  batch 4800 loss = 0.869085
  batch 4900 loss = 0.934723
  batch 5000 loss = 0.934000
  batch 5100 loss = 0.723797
  batch 5200 loss = 0.835498
  batch 5300 loss = 0.801834
  batch 5400 loss = 0.904723
  batch 5500 loss = 0.916408
  batch 5600 loss = 0.855554
  batch 5700 loss = 0.913504
  batch 5800 loss = 0.722359
  batch 5900 loss = 0.773802
  batch 6000 loss = 0.748652
  batch 6100 loss = 0.804191
  batch 6200 loss = 0.844115
  batch 6300 loss = 0.934457
  batch 6400 loss = 0.925976
  batch 6500 loss = 0.922748
  batch 6600 loss = 0.726065
  batch 6700 loss = 0.931575
  batch 6800 loss = 0.864969
  batch 6900 loss = 0.881704
  batch 7000 loss = 0.868633
  batch 7100 loss = 0.912727
  batch 7200 loss = 0.824956
  batch 7300 loss = 0.937666
  batch 7400 loss = 0.913863
  batch 7500 loss = 0.910037
  batch 7600 loss = 0.684549
  batch 7700 loss = 0.771799
  batch 7800 loss = 0.782976
  batch 7900 loss = 0.712800
  batch 8000 loss = 0.793272
  batch 8100 loss = 0.720958
  batch 8200 loss = 0.890598
  batch 8300 loss = 0.782558
  batch 8400 loss = 0.774178
  batch 8500 loss = 0.789300
  batch 8600 loss = 0.912163
  batch 8700 loss = 0.742335
  batch 8800 loss = 0.798204
  batch 8900 loss = 0.845154
  batch 9000 loss = 0.873728
  batch 9100 loss = 0.923644
  batch 9200 loss = 0.735167
  batch 9300 loss = 0.779761
  batch 9400 loss = 0.761371
  batch 9500 loss = 0.788276
  batch 9600 loss = 0.802012
  batch 9700 loss = 0.926233
  batch 9800 loss = 0.936932
  batch 9900 loss = 0.791412
  batch 10000 loss = 0.795312
  Total batches: 10000, final loss = 0.795312
Validation loss: 0.868106
Saved BEST checkpoint
Epoch 55
  batch 100 loss = 0.737010
  batch 200 loss = 0.825179
  batch 300 loss = 0.934363
  batch 400 loss = 0.793180
  batch 500 loss = 0.776560
  batch 600 loss = 0.905597
  batch 700 loss = 0.860948
  batch 800 loss = 0.871525
  batch 900 loss = 0.727693
  batch 1000 loss = 0.729368
  batch 1100 loss = 0.751154
  batch 1200 loss = 0.854087
  batch 1300 loss = 0.929272
  batch 1400 loss = 0.728860
  batch 1500 loss = 0.726900
  batch 1600 loss = 0.811153
  batch 1700 loss = 0.795207
  batch 1800 loss = 0.828401
  batch 1900 loss = 0.914892
  batch 2000 loss = 0.918999
  batch 2100 loss = 0.923975
  batch 2200 loss = 0.879975
  batch 2300 loss = 0.926455
  batch 2400 loss = 0.926054
  batch 2500 loss = 0.934789
  batch 2600 loss = 0.735964
  batch 2700 loss = 0.926594
  batch 2800 loss = 0.738110
  batch 2900 loss = 0.754259
  batch 3000 loss = 0.755306
  batch 3100 loss = 0.929920
  batch 3200 loss = 0.767665
  batch 3300 loss = 0.924627
  batch 3400 loss = 0.934525
  batch 3500 loss = 0.939580
  batch 3600 loss = 0.935354
  batch 3700 loss = 0.890284
  batch 3800 loss = 0.935890
  batch 3900 loss = 0.738484
  batch 4000 loss = 0.777842
  batch 4100 loss = 0.765911
  batch 4200 loss = 0.762334
  batch 4300 loss = 0.774763
  batch 4400 loss = 0.740619
  batch 4500 loss = 0.769840
  batch 4600 loss = 0.923270
  batch 4700 loss = 0.818182
  batch 4800 loss = 0.905345
  batch 4900 loss = 0.740829
  batch 5000 loss = 0.756364
  batch 5100 loss = 0.876958
  batch 5200 loss = 0.925404
  batch 5300 loss = 0.686860
  batch 5400 loss = 0.925341
  batch 5500 loss = 0.931747
  batch 5600 loss = 0.793166
  batch 5700 loss = 0.769062
  batch 5800 loss = 0.831996
  batch 5900 loss = 0.883225
  batch 6000 loss = 0.844553
  batch 6100 loss = 0.926261
  batch 6200 loss = 0.934233
  batch 6300 loss = 0.932876
  batch 6400 loss = 0.838546
  batch 6500 loss = 0.831291
  batch 6600 loss = 0.908603
  batch 6700 loss = 0.819919
  batch 6800 loss = 0.764179
  batch 6900 loss = 0.770670
  batch 7000 loss = 0.765767
  batch 7100 loss = 0.802482
  batch 7200 loss = 0.823791
  batch 7300 loss = 0.770059
  batch 7400 loss = 0.885780
  batch 7500 loss = 0.866359
  batch 7600 loss = 0.936519
  batch 7700 loss = 0.890604
  batch 7800 loss = 0.750401
  batch 7900 loss = 0.939870
  batch 8000 loss = 0.937475
  batch 8100 loss = 0.914414
  batch 8200 loss = 0.780443
  batch 8300 loss = 0.742949
  batch 8400 loss = 0.935270
  batch 8500 loss = 0.937001
  batch 8600 loss = 0.860219
  batch 8700 loss = 0.919835
  batch 8800 loss = 0.922756
  batch 8900 loss = 0.731493
  batch 9000 loss = 0.744780
  batch 9100 loss = 0.704212
  batch 9200 loss = 0.921841
  batch 9300 loss = 0.906300
  batch 9400 loss = 0.903480
  batch 9500 loss = 0.924647
  batch 9600 loss = 0.671183
  batch 9700 loss = 0.774503
  batch 9800 loss = 0.922720
  batch 9900 loss = 0.822228
  batch 10000 loss = 0.735092
  Total batches: 10000, final loss = 0.735092
Validation loss: 0.875161
No improvement for 1 epochs
Epoch 56
  batch 100 loss = 0.921213
  batch 200 loss = 0.940046
  batch 300 loss = 0.828015
  batch 400 loss = 0.789543
  batch 500 loss = 0.770510
  batch 600 loss = 0.758177
  batch 700 loss = 0.937061
  batch 800 loss = 0.725417
  batch 900 loss = 0.931267
  batch 1000 loss = 0.936507
  batch 1100 loss = 0.932884
  batch 1200 loss = 0.842651
  batch 1300 loss = 0.923962
  batch 1400 loss = 0.812096
  batch 1500 loss = 0.816675
  batch 1600 loss = 0.829043
  batch 1700 loss = 0.736306
  batch 1800 loss = 0.935107
  batch 1900 loss = 0.795118
  batch 2000 loss = 0.808419
  batch 2100 loss = 0.804483
  batch 2200 loss = 0.830125
  batch 2300 loss = 0.935732
  batch 2400 loss = 0.817585
  batch 2500 loss = 0.879726
  batch 2600 loss = 0.917901
  batch 2700 loss = 0.764451
  batch 2800 loss = 0.914376
  batch 2900 loss = 0.874809
  batch 3000 loss = 0.865393
  batch 3100 loss = 0.737242
  batch 3200 loss = 0.930293
  batch 3300 loss = 0.932565
  batch 3400 loss = 0.918222
  batch 3500 loss = 0.893447
  batch 3600 loss = 0.723664
  batch 3700 loss = 0.859240
  batch 3800 loss = 0.722034
  batch 3900 loss = 0.936406
  batch 4000 loss = 0.940922
  batch 4100 loss = 0.885308
  batch 4200 loss = 0.674210
  batch 4300 loss = 0.787714
  batch 4400 loss = 0.789507
  batch 4500 loss = 0.755534
  batch 4600 loss = 0.747456
  batch 4700 loss = 0.801831
  batch 4800 loss = 0.902109
  batch 4900 loss = 0.754868
  batch 5000 loss = 0.766281
  batch 5100 loss = 0.718084
  batch 5200 loss = 0.713620
  batch 5300 loss = 0.931176
  batch 5400 loss = 0.898977
  batch 5500 loss = 0.906034
  batch 5600 loss = 0.914928
  batch 5700 loss = 0.745832
  batch 5800 loss = 0.799732
  batch 5900 loss = 0.778236
  batch 6000 loss = 0.774833
  batch 6100 loss = 0.888154
  batch 6200 loss = 0.911040
  batch 6300 loss = 0.925507
  batch 6400 loss = 0.914262
  batch 6500 loss = 0.920268
  batch 6600 loss = 0.768288
  batch 6700 loss = 0.769158
  batch 6800 loss = 0.927840
  batch 6900 loss = 0.784372
  batch 7000 loss = 0.745502
  batch 7100 loss = 0.846952
  batch 7200 loss = 0.908856
  batch 7300 loss = 0.869364
  batch 7400 loss = 0.936694
  batch 7500 loss = 0.935611
  batch 7600 loss = 0.927752
  batch 7700 loss = 0.747942
  batch 7800 loss = 0.841318
  batch 7900 loss = 0.837304
  batch 8000 loss = 0.804069
  batch 8100 loss = 0.737433
  batch 8200 loss = 0.764793
  batch 8300 loss = 0.807557
  batch 8400 loss = 0.926595
  batch 8500 loss = 0.924954
  batch 8600 loss = 0.729949
  batch 8700 loss = 0.861750
  batch 8800 loss = 0.925715
  batch 8900 loss = 0.932853
  batch 9000 loss = 0.924934
  batch 9100 loss = 0.940432
  batch 9200 loss = 0.858538
  batch 9300 loss = 0.898575
  batch 9400 loss = 0.727754
  batch 9500 loss = 0.772741
  batch 9600 loss = 0.934441
  batch 9700 loss = 0.780019
  batch 9800 loss = 0.914783
  batch 9900 loss = 0.864523
  batch 10000 loss = 0.837625
  Total batches: 10000, final loss = 0.837625
Validation loss: 0.868771
No improvement for 2 epochs
Epoch 57
  batch 100 loss = 0.797762
  batch 200 loss = 0.815827
  batch 300 loss = 0.820016
  batch 400 loss = 0.811359
  batch 500 loss = 0.783065
  batch 600 loss = 0.936387
  batch 700 loss = 0.900745
  batch 800 loss = 0.879461
  batch 900 loss = 0.758432
  batch 1000 loss = 0.720449
  batch 1100 loss = 0.822239
  batch 1200 loss = 0.832911
  batch 1300 loss = 0.908382
  batch 1400 loss = 0.921894
  batch 1500 loss = 0.920938
  batch 1600 loss = 0.854152
  batch 1700 loss = 0.825148
  batch 1800 loss = 0.734817
  batch 1900 loss = 0.936728
  batch 2000 loss = 0.933748
  batch 2100 loss = 0.934127
  batch 2200 loss = 0.926980
  batch 2300 loss = 0.721577
  batch 2400 loss = 0.795278
  batch 2500 loss = 0.798326
  batch 2600 loss = 0.723868
  batch 2700 loss = 0.788221
  batch 2800 loss = 0.912698
  batch 2900 loss = 0.870952
  batch 3000 loss = 0.847661
  batch 3100 loss = 0.808596
  batch 3200 loss = 0.726479
  batch 3300 loss = 0.919344
  batch 3400 loss = 0.934753
  batch 3500 loss = 0.934524
  batch 3600 loss = 0.816254
  batch 3700 loss = 0.810164
  batch 3800 loss = 0.708610
  batch 3900 loss = 0.846547
  batch 4000 loss = 0.764561
  batch 4100 loss = 0.913991
  batch 4200 loss = 0.789503
  batch 4300 loss = 0.914700
  batch 4400 loss = 0.878902
  batch 4500 loss = 0.841176
  batch 4600 loss = 0.659230
  batch 4700 loss = 0.730751
  batch 4800 loss = 0.706468
  batch 4900 loss = 0.917933
  batch 5000 loss = 0.932717
  batch 5100 loss = 0.920170
  batch 5200 loss = 0.930021
  batch 5300 loss = 0.790582
  batch 5400 loss = 0.781971
  batch 5500 loss = 0.777036
  batch 5600 loss = 0.761803
  batch 5700 loss = 0.764564
  batch 5800 loss = 0.866438
  batch 5900 loss = 0.708517
  batch 6000 loss = 0.794068
  batch 6100 loss = 0.806549
  batch 6200 loss = 0.938937
  batch 6300 loss = 0.915420
  batch 6400 loss = 0.936154
  batch 6500 loss = 0.933592
  batch 6600 loss = 0.782314
  batch 6700 loss = 0.926040
  batch 6800 loss = 0.793732
  batch 6900 loss = 0.757199
  batch 7000 loss = 0.775446
  batch 7100 loss = 0.936757
  batch 7200 loss = 0.762057
  batch 7300 loss = 0.805844
  batch 7400 loss = 0.928899
  batch 7500 loss = 0.933299
  batch 7600 loss = 0.928791
  batch 7700 loss = 0.911610
  batch 7800 loss = 0.934094
  batch 7900 loss = 0.908887
  batch 8000 loss = 0.906348
  batch 8100 loss = 0.748080
  batch 8200 loss = 0.907390
  batch 8300 loss = 0.842919
  batch 8400 loss = 0.932483
  batch 8500 loss = 0.930270
  batch 8600 loss = 0.729789
  batch 8700 loss = 0.936695
  batch 8800 loss = 0.813519
  batch 8900 loss = 0.895149
  batch 9000 loss = 0.904397
  batch 9100 loss = 0.910845
  batch 9200 loss = 0.674135
  batch 9300 loss = 0.927016
  batch 9400 loss = 0.928179
  batch 9500 loss = 0.935270
  batch 9600 loss = 0.892382
  batch 9700 loss = 0.730279
  batch 9800 loss = 0.837933
  batch 9900 loss = 0.717674
  batch 10000 loss = 0.750422
  Total batches: 10000, final loss = 0.750422
Validation loss: 0.873708
No improvement for 3 epochs
Epoch 58
  batch 100 loss = 0.936870
  batch 200 loss = 0.745495
  batch 300 loss = 0.869671
  batch 400 loss = 0.860588
  batch 500 loss = 0.834993
  batch 600 loss = 0.882578
  batch 700 loss = 0.803713
  batch 800 loss = 0.914539
  batch 900 loss = 0.734333
  batch 1000 loss = 0.731052
  batch 1100 loss = 0.754682
  batch 1200 loss = 0.861276
  batch 1300 loss = 0.889440
  batch 1400 loss = 0.853429
  batch 1500 loss = 0.797326
  batch 1600 loss = 0.759984
  batch 1700 loss = 0.879650
  batch 1800 loss = 0.918484
  batch 1900 loss = 0.856720
  batch 2000 loss = 0.887154
  batch 2100 loss = 0.869698
  batch 2200 loss = 0.927968
  batch 2300 loss = 0.923356
  batch 2400 loss = 0.784964
  batch 2500 loss = 0.803332
  batch 2600 loss = 0.922045
  batch 2700 loss = 0.742479
  batch 2800 loss = 0.847847
  batch 2900 loss = 0.769888
  batch 3000 loss = 0.804886
  batch 3100 loss = 0.769710
  batch 3200 loss = 0.831519
  batch 3300 loss = 0.859645
  batch 3400 loss = 0.899110
  batch 3500 loss = 0.918970
  batch 3600 loss = 0.921117
  batch 3700 loss = 0.808851
  batch 3800 loss = 0.853062
  batch 3900 loss = 0.808513
  batch 4000 loss = 0.835034
  batch 4100 loss = 0.757207
  batch 4200 loss = 0.764433
  batch 4300 loss = 0.914934
  batch 4400 loss = 0.773744
  batch 4500 loss = 0.733573
  batch 4600 loss = 0.756639
  batch 4700 loss = 0.752977
  batch 4800 loss = 0.827078
  batch 4900 loss = 0.741433
  batch 5000 loss = 0.751793
  batch 5100 loss = 0.889570
  batch 5200 loss = 0.931603
  batch 5300 loss = 0.753918
  batch 5400 loss = 0.833317
  batch 5500 loss = 0.838206
  batch 5600 loss = 0.735114
  batch 5700 loss = 0.773272
  batch 5800 loss = 0.922180
  batch 5900 loss = 0.741777
  batch 6000 loss = 0.659344
  batch 6100 loss = 0.935960
  batch 6200 loss = 0.681632
  batch 6300 loss = 0.663645
  batch 6400 loss = 0.726949
  batch 6500 loss = 0.792285
  batch 6600 loss = 0.936484
  batch 6700 loss = 0.935202
  batch 6800 loss = 0.905371
  batch 6900 loss = 0.765595
  batch 7000 loss = 0.758615
  batch 7100 loss = 0.922420
  batch 7200 loss = 0.912057
  batch 7300 loss = 0.784228
  batch 7400 loss = 0.928288
  batch 7500 loss = 0.936504
  batch 7600 loss = 0.707304
  batch 7700 loss = 0.935252
  batch 7800 loss = 0.923474
  batch 7900 loss = 0.937885
  batch 8000 loss = 0.934643
  batch 8100 loss = 0.741178
  batch 8200 loss = 0.764903
  batch 8300 loss = 0.699109
  batch 8400 loss = 0.916570
  batch 8500 loss = 0.925963
  batch 8600 loss = 0.924950
  batch 8700 loss = 0.694191
  batch 8800 loss = 0.914901
  batch 8900 loss = 0.897855
  batch 9000 loss = 0.913228
  batch 9100 loss = 0.779801
  batch 9200 loss = 0.937501
  batch 9300 loss = 0.933792
  batch 9400 loss = 0.929844
  batch 9500 loss = 0.931650
  batch 9600 loss = 0.928451
  batch 9700 loss = 0.735761
  batch 9800 loss = 0.823242
  batch 9900 loss = 0.933239
  batch 10000 loss = 0.927992
  Total batches: 10000, final loss = 0.927992
Validation loss: 0.875932
No improvement for 4 epochs
Epoch 59
  batch 100 loss = 0.924675
  batch 200 loss = 0.745380
  batch 300 loss = 0.930059
  batch 400 loss = 0.927596
  batch 500 loss = 0.924581
  batch 600 loss = 0.752019
  batch 700 loss = 0.747779
  batch 800 loss = 0.891871
  batch 900 loss = 0.722455
  batch 1000 loss = 0.708361
  batch 1100 loss = 0.791161
  batch 1200 loss = 0.858197
  batch 1300 loss = 0.908607
  batch 1400 loss = 0.795097
  batch 1500 loss = 0.800740
  batch 1600 loss = 0.712674
  batch 1700 loss = 0.765377
  batch 1800 loss = 0.915787
  batch 1900 loss = 0.768004
  batch 2000 loss = 0.673762
  batch 2100 loss = 0.730073
  batch 2200 loss = 0.757621
  batch 2300 loss = 0.934055
  batch 2400 loss = 0.919447
  batch 2500 loss = 0.933682
  batch 2600 loss = 0.888532
  batch 2700 loss = 0.935460
  batch 2800 loss = 0.778435
  batch 2900 loss = 0.936581
  batch 3000 loss = 0.937071
  batch 3100 loss = 0.885762
  batch 3200 loss = 0.771140
  batch 3300 loss = 0.865063
  batch 3400 loss = 0.927314
  batch 3500 loss = 0.933313
  batch 3600 loss = 0.692544
  batch 3700 loss = 0.843281
  batch 3800 loss = 0.662941
  batch 3900 loss = 0.720884
  batch 4000 loss = 0.722303
  batch 4100 loss = 0.734469
  batch 4200 loss = 0.766388
  batch 4300 loss = 0.922531
  batch 4400 loss = 0.912020
  batch 4500 loss = 0.924955
  batch 4600 loss = 0.873322
  batch 4700 loss = 0.865712
  batch 4800 loss = 0.913961
  batch 4900 loss = 0.823603
  batch 5000 loss = 0.832234
  batch 5100 loss = 0.906538
  batch 5200 loss = 0.914858
  batch 5300 loss = 0.775990
  batch 5400 loss = 0.937754
  batch 5500 loss = 0.927200
  batch 5600 loss = 0.926409
  batch 5700 loss = 0.835398
  batch 5800 loss = 0.891686
  batch 5900 loss = 0.697701
  batch 6000 loss = 0.731911
  batch 6100 loss = 0.901163
  batch 6200 loss = 0.701817
  batch 6300 loss = 0.905875
  batch 6400 loss = 0.935835
  batch 6500 loss = 0.935946
  batch 6600 loss = 0.722623
  batch 6700 loss = 0.937101
  batch 6800 loss = 0.925189
  batch 6900 loss = 0.825104
  batch 7000 loss = 0.850091
  batch 7100 loss = 0.769659
  batch 7200 loss = 0.933200
  batch 7300 loss = 0.902567
  batch 7400 loss = 0.936786
  batch 7500 loss = 0.938100
  batch 7600 loss = 0.934891
  batch 7700 loss = 0.789457
  batch 7800 loss = 0.908790
  batch 7900 loss = 0.760634
  batch 8000 loss = 0.811719
  batch 8100 loss = 0.795001
  batch 8200 loss = 0.924356
  batch 8300 loss = 0.688707
  batch 8400 loss = 0.941201
  batch 8500 loss = 0.936592
  batch 8600 loss = 0.777611
  batch 8700 loss = 0.863933
  batch 8800 loss = 0.928610
  batch 8900 loss = 0.846616
  batch 9000 loss = 0.871970
  batch 9100 loss = 0.929872
  batch 9200 loss = 0.757510
  batch 9300 loss = 0.728551
  batch 9400 loss = 0.736934
  batch 9500 loss = 0.761174
  batch 9600 loss = 0.841901
  batch 9700 loss = 0.829153
  batch 9800 loss = 0.806351
  batch 9900 loss = 0.747148
  batch 10000 loss = 0.718658
  Total batches: 10000, final loss = 0.718658
Validation loss: 0.870641
No improvement for 5 epochs
Epoch 60
  batch 100 loss = 0.693815
  batch 200 loss = 0.935998
  batch 300 loss = 0.904559
  batch 400 loss = 0.851614
  batch 500 loss = 0.853900
  batch 600 loss = 0.874869
  batch 700 loss = 0.746721
  batch 800 loss = 0.792769
  batch 900 loss = 0.806439
  batch 1000 loss = 0.817049
  batch 1100 loss = 0.762497
  batch 1200 loss = 0.801610
  batch 1300 loss = 0.926968
  batch 1400 loss = 0.805004
  batch 1500 loss = 0.832561
  batch 1600 loss = 0.921477
  batch 1700 loss = 0.888144
  batch 1800 loss = 0.937871
  batch 1900 loss = 0.910995
  batch 2000 loss = 0.912211
  batch 2100 loss = 0.764256
  batch 2200 loss = 0.874055
  batch 2300 loss = 0.746357
  batch 2400 loss = 0.704959
  batch 2500 loss = 0.675277
  batch 2600 loss = 0.897904
  batch 2700 loss = 0.929797
  batch 2800 loss = 0.929307
  batch 2900 loss = 0.931808
  batch 3000 loss = 0.926865
  batch 3100 loss = 0.896172
  batch 3200 loss = 0.734640
  batch 3300 loss = 0.765361
  batch 3400 loss = 0.866391
  batch 3500 loss = 0.853149
  batch 3600 loss = 0.818673
  batch 3700 loss = 0.712255
  batch 3800 loss = 0.803775
  batch 3900 loss = 0.773442
  batch 4000 loss = 0.796862
  batch 4100 loss = 0.898214
  batch 4200 loss = 0.905664
  batch 4300 loss = 0.930157
  batch 4400 loss = 0.802576
  batch 4500 loss = 0.683767
  batch 4600 loss = 0.725222
  batch 4700 loss = 0.904871
  batch 4800 loss = 0.802681
  batch 4900 loss = 0.770918
  batch 5000 loss = 0.777712
  batch 5100 loss = 0.734915
  batch 5200 loss = 0.877313
  batch 5300 loss = 0.937167
  batch 5400 loss = 0.846502
  batch 5500 loss = 0.839823
  batch 5600 loss = 0.934493
  batch 5700 loss = 0.768251
  batch 5800 loss = 0.860869
  batch 5900 loss = 0.754810
  batch 6000 loss = 0.760322
  batch 6100 loss = 0.926944
  batch 6200 loss = 0.927564
  batch 6300 loss = 0.714921
  batch 6400 loss = 0.916954
  batch 6500 loss = 0.915587
  batch 6600 loss = 0.935640
  batch 6700 loss = 0.769897
  batch 6800 loss = 0.781263
  batch 6900 loss = 0.855698
  batch 7000 loss = 0.868265
  batch 7100 loss = 0.932077
  batch 7200 loss = 0.855868
  batch 7300 loss = 0.896685
  batch 7400 loss = 0.922623
  batch 7500 loss = 0.909627
  batch 7600 loss = 0.823144
  batch 7700 loss = 0.656882
  batch 7800 loss = 0.809583
  batch 7900 loss = 0.759897
  batch 8000 loss = 0.773038
  batch 8100 loss = 0.930156
  batch 8200 loss = 0.735266
  batch 8300 loss = 0.803803
  batch 8400 loss = 0.800863
  batch 8500 loss = 0.801149
  batch 8600 loss = 0.935322
  batch 8700 loss = 0.768995
  batch 8800 loss = 0.757266
  batch 8900 loss = 0.924150
  batch 9000 loss = 0.925419
  batch 9100 loss = 0.744752
  batch 9200 loss = 0.941618
  batch 9300 loss = 0.927994
  batch 9400 loss = 0.754800
  batch 9500 loss = 0.741312
  batch 9600 loss = 0.821301
  batch 9700 loss = 0.869176
  batch 9800 loss = 0.814827
  batch 9900 loss = 0.927062
  batch 10000 loss = 0.931553
  Total batches: 10000, final loss = 0.931553
Validation loss: 0.870882
No improvement for 6 epochs
Epoch 61
  batch 100 loss = 0.926320
  batch 200 loss = 0.930521
  batch 300 loss = 0.793248
  batch 400 loss = 0.896536
  batch 500 loss = 0.874415
  batch 600 loss = 0.775850
  batch 700 loss = 0.796127
  batch 800 loss = 0.781416
  batch 900 loss = 0.923163
  batch 1000 loss = 0.906718
  batch 1100 loss = 0.771360
  batch 1200 loss = 0.927740
  batch 1300 loss = 0.717723
  batch 1400 loss = 0.931971
  batch 1500 loss = 0.927718
  batch 1600 loss = 0.934198
  batch 1700 loss = 0.917337
  batch 1800 loss = 0.928929
  batch 1900 loss = 0.936699
  batch 2000 loss = 0.934985
  batch 2100 loss = 0.871648
  batch 2200 loss = 0.930638
  batch 2300 loss = 0.908640
  batch 2400 loss = 0.936101
  batch 2500 loss = 0.939809
  batch 2600 loss = 0.774694
  batch 2700 loss = 0.912359
  batch 2800 loss = 0.700233
  batch 2900 loss = 0.923057
  batch 3000 loss = 0.922028
  batch 3100 loss = 0.933513
  batch 3200 loss = 0.740543
  batch 3300 loss = 0.776610
  batch 3400 loss = 0.858520
  batch 3500 loss = 0.846335
  batch 3600 loss = 0.755454
  batch 3700 loss = 0.763899
  batch 3800 loss = 0.722257
  batch 3900 loss = 0.732755
  batch 4000 loss = 0.866723
  batch 4100 loss = 0.748979
  batch 4200 loss = 0.931869
  batch 4300 loss = 0.843287
  batch 4400 loss = 0.846269
  batch 4500 loss = 0.808816
  batch 4600 loss = 0.821222
  batch 4700 loss = 0.879012
  batch 4800 loss = 0.847252
  batch 4900 loss = 0.756261
  batch 5000 loss = 0.760646
  batch 5100 loss = 0.922819
  batch 5200 loss = 0.743180
  batch 5300 loss = 0.926563
  batch 5400 loss = 0.755453
  batch 5500 loss = 0.786432
  batch 5600 loss = 0.933675
  batch 5700 loss = 0.922333
  batch 5800 loss = 0.693542
  batch 5900 loss = 0.895854
  batch 6000 loss = 0.906920
  batch 6100 loss = 0.934756
  batch 6200 loss = 0.937072
  batch 6300 loss = 0.897906
  batch 6400 loss = 0.819560
  batch 6500 loss = 0.843423
  batch 6600 loss = 0.912044
  batch 6700 loss = 0.754897
  batch 6800 loss = 0.636814
  batch 6900 loss = 0.744507
  batch 7000 loss = 0.772455
  batch 7100 loss = 0.935144
  batch 7200 loss = 0.779496
  batch 7300 loss = 0.798793
  batch 7400 loss = 0.874244
  batch 7500 loss = 0.872428
  batch 7600 loss = 0.933670
  batch 7700 loss = 0.818418
  batch 7800 loss = 0.882883
  batch 7900 loss = 0.839348
  batch 8000 loss = 0.839247
  batch 8100 loss = 0.816748
  batch 8200 loss = 0.908853
  batch 8300 loss = 0.707023
  batch 8400 loss = 0.840614
  batch 8500 loss = 0.885577
  batch 8600 loss = 0.829334
  batch 8700 loss = 0.766199
  batch 8800 loss = 0.911447
  batch 8900 loss = 0.784854
  batch 9000 loss = 0.811919
  batch 9100 loss = 0.910716
  batch 9200 loss = 0.752259
  batch 9300 loss = 0.739998
  batch 9400 loss = 0.819462
  batch 9500 loss = 0.865349
  batch 9600 loss = 0.778760
  batch 9700 loss = 0.927369
  batch 9800 loss = 0.909502
  batch 9900 loss = 0.840982
  batch 10000 loss = 0.806174
  Total batches: 10000, final loss = 0.806174
Validation loss: 0.868823
No improvement for 7 epochs
Epoch 62
  batch 100 loss = 0.868909
  batch 200 loss = 0.928619
  batch 300 loss = 0.715384
  batch 400 loss = 0.828859
  batch 500 loss = 0.885667
  batch 600 loss = 0.720133
  batch 700 loss = 0.918152
  batch 800 loss = 0.766206
  batch 900 loss = 0.817086
  batch 1000 loss = 0.840751
  batch 1100 loss = 0.786758
  batch 1200 loss = 0.732327
  batch 1300 loss = 0.883033
  batch 1400 loss = 0.739024
  batch 1500 loss = 0.746425
  batch 1600 loss = 0.805822
  batch 1700 loss = 0.658910
  batch 1800 loss = 0.706631
  batch 1900 loss = 0.776366
  batch 2000 loss = 0.784349
  batch 2100 loss = 0.754794
  batch 2200 loss = 0.938071
  batch 2300 loss = 0.820563
  batch 2400 loss = 0.742816
  batch 2500 loss = 0.727003
  batch 2600 loss = 0.929091
  batch 2700 loss = 0.803227
  batch 2800 loss = 0.915912
  batch 2900 loss = 0.786271
  batch 3000 loss = 0.727650
  batch 3100 loss = 0.930543
  batch 3200 loss = 0.925888
  batch 3300 loss = 0.916922
  batch 3400 loss = 0.828750
  batch 3500 loss = 0.796370
  batch 3600 loss = 0.896326
  batch 3700 loss = 0.762753
  batch 3800 loss = 0.928732
  batch 3900 loss = 0.724059
  batch 4000 loss = 0.737903
  batch 4100 loss = 0.917531
  batch 4200 loss = 0.761054
  batch 4300 loss = 0.928937
  batch 4400 loss = 0.837825
  batch 4500 loss = 0.839114
  batch 4600 loss = 0.927119
  batch 4700 loss = 0.915677
  batch 4800 loss = 0.726293
  batch 4900 loss = 0.865371
  batch 5000 loss = 0.831112
  batch 5100 loss = 0.855977
  batch 5200 loss = 0.739971
  batch 5300 loss = 0.864721
  batch 5400 loss = 0.887797
  batch 5500 loss = 0.881878
  batch 5600 loss = 0.750109
  batch 5700 loss = 0.762787
  batch 5800 loss = 0.926648
  batch 5900 loss = 0.904161
  batch 6000 loss = 0.868215
  batch 6100 loss = 0.779921
  batch 6200 loss = 0.920103
  batch 6300 loss = 0.918313
  batch 6400 loss = 0.848705
  batch 6500 loss = 0.869495
  batch 6600 loss = 0.905783
  batch 6700 loss = 0.761488
  batch 6800 loss = 0.713672
  batch 6900 loss = 0.936433
  batch 7000 loss = 0.936165
  batch 7100 loss = 0.935310
  batch 7200 loss = 0.909075
  batch 7300 loss = 0.888416
  batch 7400 loss = 0.929007
  batch 7500 loss = 0.932133
  batch 7600 loss = 0.869575
  batch 7700 loss = 0.914760
  batch 7800 loss = 0.756468
  batch 7900 loss = 0.829387
  batch 8000 loss = 0.777247
  batch 8100 loss = 0.907568
  batch 8200 loss = 0.783973
  batch 8300 loss = 0.849282
  batch 8400 loss = 0.933070
  batch 8500 loss = 0.934781
  batch 8600 loss = 0.784335
  batch 8700 loss = 0.925661
  batch 8800 loss = 0.771669
  batch 8900 loss = 0.818197
  batch 9000 loss = 0.808617
  batch 9100 loss = 0.930666
  batch 9200 loss = 0.758084
  batch 9300 loss = 0.709111
  batch 9400 loss = 0.938481
  batch 9500 loss = 0.938580
  batch 9600 loss = 0.934149
  batch 9700 loss = 0.929887
  batch 9800 loss = 0.770124
  batch 9900 loss = 0.897843
  batch 10000 loss = 0.901090
  Total batches: 10000, final loss = 0.901090
Validation loss: 0.865036
Saved BEST checkpoint
Epoch 63
  batch 100 loss = 0.745864
  batch 200 loss = 0.916801
  batch 300 loss = 0.730355
  batch 400 loss = 0.932487
  batch 500 loss = 0.940391
  batch 600 loss = 0.920640
  batch 700 loss = 0.823696
  batch 800 loss = 0.773981
  batch 900 loss = 0.847383
  batch 1000 loss = 0.848206
  batch 1100 loss = 0.818293
  batch 1200 loss = 0.726829
  batch 1300 loss = 0.860621
  batch 1400 loss = 0.804141
  batch 1500 loss = 0.790708
  batch 1600 loss = 0.913907
  batch 1700 loss = 0.865758
  batch 1800 loss = 0.929113
  batch 1900 loss = 0.818354
  batch 2000 loss = 0.799367
  batch 2100 loss = 0.692256
  batch 2200 loss = 0.923567
  batch 2300 loss = 0.937687
  batch 2400 loss = 0.939311
  batch 2500 loss = 0.930835
  batch 2600 loss = 0.842723
  batch 2700 loss = 0.925754
  batch 2800 loss = 0.729228
  batch 2900 loss = 0.921305
  batch 3000 loss = 0.893992
  batch 3100 loss = 0.801950
  batch 3200 loss = 0.897712
  batch 3300 loss = 0.841500
  batch 3400 loss = 0.914689
  batch 3500 loss = 0.920599
  batch 3600 loss = 0.826521
  batch 3700 loss = 0.931269
  batch 3800 loss = 0.860021
  batch 3900 loss = 0.726361
  batch 4000 loss = 0.730056
  batch 4100 loss = 0.856809
  batch 4200 loss = 0.865709
  batch 4300 loss = 0.814044
  batch 4400 loss = 0.835365
  batch 4500 loss = 0.784174
  batch 4600 loss = 0.770561
  batch 4700 loss = 0.933898
  batch 4800 loss = 0.753920
  batch 4900 loss = 0.893595
  batch 5000 loss = 0.917173
  batch 5100 loss = 0.733238
  batch 5200 loss = 0.749989
  batch 5300 loss = 0.935048
  batch 5400 loss = 0.920683
  batch 5500 loss = 0.922282
  batch 5600 loss = 0.923633
  batch 5700 loss = 0.773662
  batch 5800 loss = 0.861355
  batch 5900 loss = 0.760517
  batch 6000 loss = 0.737056
  batch 6100 loss = 0.796766
  batch 6200 loss = 0.937630
  batch 6300 loss = 0.843093
  batch 6400 loss = 0.892803
  batch 6500 loss = 0.876658
  batch 6600 loss = 0.856957
  batch 6700 loss = 0.912269
  batch 6800 loss = 0.703741
  batch 6900 loss = 0.941719
  batch 7000 loss = 0.933217
  batch 7100 loss = 0.730181
  batch 7200 loss = 0.920514
  batch 7300 loss = 0.762770
  batch 7400 loss = 0.744536
  batch 7500 loss = 0.753097
  batch 7600 loss = 0.918870
  batch 7700 loss = 0.912635
  batch 7800 loss = 0.922481
  batch 7900 loss = 0.907849
  batch 8000 loss = 0.916284
  batch 8100 loss = 0.763119
  batch 8200 loss = 0.920039
  batch 8300 loss = 0.772772
  batch 8400 loss = 0.934133
  batch 8500 loss = 0.935655
  batch 8600 loss = 0.834238
  batch 8700 loss = 0.766088
  batch 8800 loss = 0.939107
  batch 8900 loss = 0.742932
  batch 9000 loss = 0.735947
  batch 9100 loss = 0.936911
  batch 9200 loss = 0.685500
  batch 9300 loss = 0.905740
  batch 9400 loss = 0.673334
  batch 9500 loss = 0.708852
  batch 9600 loss = 0.770615
  batch 9700 loss = 0.723439
  batch 9800 loss = 0.926145
  batch 9900 loss = 0.877544
  batch 10000 loss = 0.804776
  Total batches: 10000, final loss = 0.804776
Validation loss: 0.875409
No improvement for 1 epochs
Epoch 64
  batch 100 loss = 0.929691
  batch 200 loss = 0.802831
  batch 300 loss = 0.700415
  batch 400 loss = 0.744885
  batch 500 loss = 0.709390
  batch 600 loss = 0.806986
  batch 700 loss = 0.676627
  batch 800 loss = 0.792177
  batch 900 loss = 0.925755
  batch 1000 loss = 0.923192
  batch 1100 loss = 0.689666
  batch 1200 loss = 0.926096
  batch 1300 loss = 0.834823
  batch 1400 loss = 0.748452
  batch 1500 loss = 0.741863
  batch 1600 loss = 0.917332
  batch 1700 loss = 0.760837
  batch 1800 loss = 0.929935
  batch 1900 loss = 0.829473
  batch 2000 loss = 0.885513
  batch 2100 loss = 0.749718
  batch 2200 loss = 0.796569
  batch 2300 loss = 0.928863
  batch 2400 loss = 0.821183
  batch 2500 loss = 0.749203
  batch 2600 loss = 0.912560
  batch 2700 loss = 0.912916
  batch 2800 loss = 0.789681
  batch 2900 loss = 0.926764
  batch 3000 loss = 0.898261
  batch 3100 loss = 0.917247
  batch 3200 loss = 0.731699
  batch 3300 loss = 0.940541
  batch 3400 loss = 0.935709
  batch 3500 loss = 0.940532
  batch 3600 loss = 0.756939
  batch 3700 loss = 0.792543
  batch 3800 loss = 0.922826
  batch 3900 loss = 0.937888
  batch 4000 loss = 0.929363
  batch 4100 loss = 0.666562
  batch 4200 loss = 0.811125
  batch 4300 loss = 0.879999
  batch 4400 loss = 0.876079
  batch 4500 loss = 0.927049
  batch 4600 loss = 0.696473
  batch 4700 loss = 0.934958
  batch 4800 loss = 0.834151
  batch 4900 loss = 0.929196
  batch 5000 loss = 0.930097
  batch 5100 loss = 0.782455
  batch 5200 loss = 0.928896
  batch 5300 loss = 0.759679
  batch 5400 loss = 0.935346
  batch 5500 loss = 0.929148
  batch 5600 loss = 0.794874
  batch 5700 loss = 0.788286
  batch 5800 loss = 0.783757
  batch 5900 loss = 0.911065
  batch 6000 loss = 0.916313
  batch 6100 loss = 0.730291
  batch 6200 loss = 0.817168
  batch 6300 loss = 0.846475
  batch 6400 loss = 0.922057
  batch 6500 loss = 0.921727
  batch 6600 loss = 0.924266
  batch 6700 loss = 0.858809
  batch 6800 loss = 0.937504
  batch 6900 loss = 0.742165
  batch 7000 loss = 0.666225
  batch 7100 loss = 0.932355
  batch 7200 loss = 0.900620
  batch 7300 loss = 0.865133
  batch 7400 loss = 0.719296
  batch 7500 loss = 0.725354
  batch 7600 loss = 0.843457
  batch 7700 loss = 0.852380
  batch 7800 loss = 0.820400
  batch 7900 loss = 0.729299
  batch 8000 loss = 0.784396
  batch 8100 loss = 0.791087
  batch 8200 loss = 0.874096
  batch 8300 loss = 0.935829
  batch 8400 loss = 0.862891
  batch 8500 loss = 0.874319
  batch 8600 loss = 0.935127
  batch 8700 loss = 0.758950
  batch 8800 loss = 0.817909
  batch 8900 loss = 0.716368
  batch 9000 loss = 0.768980
  batch 9100 loss = 0.914894
  batch 9200 loss = 0.822270
  batch 9300 loss = 0.907827
  batch 9400 loss = 0.803856
  batch 9500 loss = 0.808394
  batch 9600 loss = 0.715841
  batch 9700 loss = 0.924298
  batch 9800 loss = 0.902109
  batch 9900 loss = 0.826706
  batch 10000 loss = 0.822594
  Total batches: 10000, final loss = 0.822594
Validation loss: 0.865327
No improvement for 2 epochs
Epoch 65
  batch 100 loss = 0.934785
  batch 200 loss = 0.927641
  batch 300 loss = 0.752401
  batch 400 loss = 0.767932
  batch 500 loss = 0.876162
  batch 600 loss = 0.751364
  batch 700 loss = 0.927344
  batch 800 loss = 0.834911
  batch 900 loss = 0.923848
  batch 1000 loss = 0.932265
  batch 1100 loss = 0.795155
  batch 1200 loss = 0.692399
  batch 1300 loss = 0.905465
  batch 1400 loss = 0.762287
  batch 1500 loss = 0.732818
  batch 1600 loss = 0.936940
  batch 1700 loss = 0.754713
  batch 1800 loss = 0.781100
  batch 1900 loss = 0.808761
  batch 2000 loss = 0.874841
  batch 2100 loss = 0.748480
  batch 2200 loss = 0.853219
  batch 2300 loss = 0.851555
  batch 2400 loss = 0.932887
  batch 2500 loss = 0.937064
  batch 2600 loss = 0.781522
  batch 2700 loss = 0.815321
  batch 2800 loss = 0.931956
  batch 2900 loss = 0.807786
  batch 3000 loss = 0.814679
  batch 3100 loss = 0.896856
  batch 3200 loss = 0.752682
  batch 3300 loss = 0.732556
  batch 3400 loss = 0.857941
  batch 3500 loss = 0.793762
  batch 3600 loss = 0.936094
  batch 3700 loss = 0.835142
  batch 3800 loss = 0.937319
  batch 3900 loss = 0.752140
  batch 4000 loss = 0.743728
  batch 4100 loss = 0.715542
  batch 4200 loss = 0.781804
  batch 4300 loss = 0.903358
  batch 4400 loss = 0.840665
  batch 4500 loss = 0.859669
  batch 4600 loss = 0.926776
  batch 4700 loss = 0.731912
  batch 4800 loss = 0.938174
  batch 4900 loss = 0.851244
  batch 5000 loss = 0.880985
  batch 5100 loss = 0.812536
  batch 5200 loss = 0.855801
  batch 5300 loss = 0.695600
  batch 5400 loss = 0.926885
  batch 5500 loss = 0.894658
  batch 5600 loss = 0.838766
  batch 5700 loss = 0.867379
  batch 5800 loss = 0.767892
  batch 5900 loss = 0.789795
  batch 6000 loss = 0.764595
  batch 6100 loss = 0.936721
  batch 6200 loss = 0.937464
  batch 6300 loss = 0.830716
  batch 6400 loss = 0.935018
  batch 6500 loss = 0.933342
  batch 6600 loss = 0.911582
  batch 6700 loss = 0.923396
  batch 6800 loss = 0.924061
  batch 6900 loss = 0.913285
  batch 7000 loss = 0.904286
  batch 7100 loss = 0.735011
  batch 7200 loss = 0.937011
  batch 7300 loss = 0.922231
  batch 7400 loss = 0.917991
  batch 7500 loss = 0.926602
  batch 7600 loss = 0.793025
  batch 7700 loss = 0.934374
  batch 7800 loss = 0.750642
  batch 7900 loss = 0.927244
  batch 8000 loss = 0.925880
  batch 8100 loss = 0.931061
  batch 8200 loss = 0.785672
  batch 8300 loss = 0.936411
  batch 8400 loss = 0.753583
  batch 8500 loss = 0.742676
  batch 8600 loss = 0.890698
  batch 8700 loss = 0.764142
  batch 8800 loss = 0.791683
  batch 8900 loss = 0.752077
  batch 9000 loss = 0.691039
  batch 9100 loss = 0.838487
  batch 9200 loss = 0.902423
  batch 9300 loss = 0.904480
  batch 9400 loss = 0.836975
  batch 9500 loss = 0.884966
  batch 9600 loss = 0.752107
  batch 9700 loss = 0.915682
  batch 9800 loss = 0.739878
  batch 9900 loss = 0.709904
  batch 10000 loss = 0.774047
  Total batches: 10000, final loss = 0.774047
Validation loss: 0.864421
Saved BEST checkpoint
Epoch 66
  batch 100 loss = 0.933680
  batch 200 loss = 0.764459
  batch 300 loss = 0.753866
  batch 400 loss = 0.854226
  batch 500 loss = 0.844883
  batch 600 loss = 0.915164
  batch 700 loss = 0.816926
  batch 800 loss = 0.842324
  batch 900 loss = 0.924453
  batch 1000 loss = 0.933304
  batch 1100 loss = 0.786132
  batch 1200 loss = 0.919717
  batch 1300 loss = 0.917224
  batch 1400 loss = 0.688319
  batch 1500 loss = 0.741609
  batch 1600 loss = 0.696137
  batch 1700 loss = 0.928417
  batch 1800 loss = 0.788923
  batch 1900 loss = 0.767320
  batch 2000 loss = 0.761225
  batch 2100 loss = 0.925427
  batch 2200 loss = 0.751736
  batch 2300 loss = 0.930947
  batch 2400 loss = 0.932569
  batch 2500 loss = 0.935022
  batch 2600 loss = 0.887164
  batch 2700 loss = 0.938246
  batch 2800 loss = 0.928621
  batch 2900 loss = 0.773840
  batch 3000 loss = 0.753750
  batch 3100 loss = 0.813927
  batch 3200 loss = 0.764440
  batch 3300 loss = 0.811389
  batch 3400 loss = 0.718651
  batch 3500 loss = 0.740799
  batch 3600 loss = 0.921565
  batch 3700 loss = 0.843942
  batch 3800 loss = 0.775297
  batch 3900 loss = 0.869951
  batch 4000 loss = 0.877506
  batch 4100 loss = 0.893395
  batch 4200 loss = 0.829398
  batch 4300 loss = 0.909743
  batch 4400 loss = 0.828226
  batch 4500 loss = 0.888652
  batch 4600 loss = 0.822176
  batch 4700 loss = 0.705582
  batch 4800 loss = 0.757611
  batch 4900 loss = 0.772595
  batch 5000 loss = 0.765210
  batch 5100 loss = 0.768947
  batch 5200 loss = 0.775312
  batch 5300 loss = 0.761700
  batch 5400 loss = 0.744749
  batch 5500 loss = 0.737750
  batch 5600 loss = 0.794292
  batch 5700 loss = 0.934498
  batch 5800 loss = 0.915310
  batch 5900 loss = 0.853087
  batch 6000 loss = 0.845241
  batch 6100 loss = 0.931950
  batch 6200 loss = 0.729471
  batch 6300 loss = 0.770069
  batch 6400 loss = 0.846783
  batch 6500 loss = 0.808084
  batch 6600 loss = 0.862747
  batch 6700 loss = 0.884348
  batch 6800 loss = 0.921520
  batch 6900 loss = 0.914629
  batch 7000 loss = 0.919752
  batch 7100 loss = 0.782545
  batch 7200 loss = 0.931471
  batch 7300 loss = 0.935103
  batch 7400 loss = 0.940384
  batch 7500 loss = 0.937088
  batch 7600 loss = 0.932154
  batch 7700 loss = 0.903316
  batch 7800 loss = 0.798180
  batch 7900 loss = 0.927149
  batch 8000 loss = 0.913384
  batch 8100 loss = 0.895504
  batch 8200 loss = 0.726226
  batch 8300 loss = 0.909163
  batch 8400 loss = 0.760058
  batch 8500 loss = 0.768565
  batch 8600 loss = 0.934845
  batch 8700 loss = 0.787399
  batch 8800 loss = 0.935741
  batch 8900 loss = 0.921930
  batch 9000 loss = 0.919503
  batch 9100 loss = 0.880953
  batch 9200 loss = 0.810316
  batch 9300 loss = 0.734485
  batch 9400 loss = 0.875844
  batch 9500 loss = 0.862491
  batch 9600 loss = 0.634082
  batch 9700 loss = 0.940442
  batch 9800 loss = 0.914647
  batch 9900 loss = 0.728912
  batch 10000 loss = 0.749927
  Total batches: 10000, final loss = 0.749927
Validation loss: 0.868722
No improvement for 1 epochs
Epoch 67
  batch 100 loss = 0.919557
  batch 200 loss = 0.737487
  batch 300 loss = 0.751672
  batch 400 loss = 0.907010
  batch 500 loss = 0.914494
  batch 600 loss = 0.745772
  batch 700 loss = 0.904739
  batch 800 loss = 0.934153
  batch 900 loss = 0.929889
  batch 1000 loss = 0.917465
  batch 1100 loss = 0.770240
  batch 1200 loss = 0.729235
  batch 1300 loss = 0.807139
  batch 1400 loss = 0.754120
  batch 1500 loss = 0.814524
  batch 1600 loss = 0.781265
  batch 1700 loss = 0.914617
  batch 1800 loss = 0.745636
  batch 1900 loss = 0.856322
  batch 2000 loss = 0.828731
  batch 2100 loss = 0.777130
  batch 2200 loss = 0.743375
  batch 2300 loss = 0.909384
  batch 2400 loss = 0.933377
  batch 2500 loss = 0.936324
  batch 2600 loss = 0.738653
  batch 2700 loss = 0.907179
  batch 2800 loss = 0.708888
  batch 2900 loss = 0.936675
  batch 3000 loss = 0.927752
  batch 3100 loss = 0.778204
  batch 3200 loss = 0.827488
  batch 3300 loss = 0.731398
  batch 3400 loss = 0.772237
  batch 3500 loss = 0.774466
  batch 3600 loss = 0.925215
  batch 3700 loss = 0.805939
  batch 3800 loss = 0.716481
  batch 3900 loss = 0.684846
  batch 4000 loss = 0.686599
  batch 4100 loss = 0.901864
  batch 4200 loss = 0.836144
  batch 4300 loss = 0.722369
  batch 4400 loss = 0.929690
  batch 4500 loss = 0.940489
  batch 4600 loss = 0.856411
  batch 4700 loss = 0.934849
  batch 4800 loss = 0.836871
  batch 4900 loss = 0.746955
  batch 5000 loss = 0.736056
  batch 5100 loss = 0.923592
  batch 5200 loss = 0.807178
  batch 5300 loss = 0.930726
  batch 5400 loss = 0.905579
  batch 5500 loss = 0.910708
  batch 5600 loss = 0.883543
  batch 5700 loss = 0.852960
  batch 5800 loss = 0.936259
  batch 5900 loss = 0.778071
  batch 6000 loss = 0.731892
  batch 6100 loss = 0.933175
  batch 6200 loss = 0.879237
  batch 6300 loss = 0.764243
  batch 6400 loss = 0.805487
  batch 6500 loss = 0.866654
  batch 6600 loss = 0.928887
  batch 6700 loss = 0.743152
  batch 6800 loss = 0.895290
  batch 6900 loss = 0.818316
  batch 7000 loss = 0.753346
  batch 7100 loss = 0.937828
  batch 7200 loss = 0.755964
  batch 7300 loss = 0.919231
  batch 7400 loss = 0.709001
  batch 7500 loss = 0.658512
  batch 7600 loss = 0.928110
  batch 7700 loss = 0.782901
  batch 7800 loss = 0.916736
  batch 7900 loss = 0.934224
  batch 8000 loss = 0.929884
  batch 8100 loss = 0.938695
  batch 8200 loss = 0.925876
  batch 8300 loss = 0.821899
  batch 8400 loss = 0.919335
  batch 8500 loss = 0.923517
  batch 8600 loss = 0.927844
  batch 8700 loss = 0.823529
  batch 8800 loss = 0.865047
  batch 8900 loss = 0.777681
  batch 9000 loss = 0.775622
  batch 9100 loss = 0.761053
  batch 9200 loss = 0.731609
  batch 9300 loss = 0.917765
  batch 9400 loss = 0.781919
  batch 9500 loss = 0.748360
  batch 9600 loss = 0.840983
  batch 9700 loss = 0.862180
  batch 9800 loss = 0.933459
  batch 9900 loss = 0.727646
  batch 10000 loss = 0.710077
  Total batches: 10000, final loss = 0.710077
Validation loss: 0.866471
No improvement for 2 epochs
Epoch 68
  batch 100 loss = 0.711791
  batch 200 loss = 0.752810
  batch 300 loss = 0.929812
  batch 400 loss = 0.818794
  batch 500 loss = 0.806612
  batch 600 loss = 0.726880
  batch 700 loss = 0.917714
  batch 800 loss = 0.700855
  batch 900 loss = 0.878875
  batch 1000 loss = 0.868698
  batch 1100 loss = 0.798586
  batch 1200 loss = 0.815020
  batch 1300 loss = 0.935573
  batch 1400 loss = 0.766348
  batch 1500 loss = 0.771956
  batch 1600 loss = 0.932194
  batch 1700 loss = 0.907322
  batch 1800 loss = 0.789125
  batch 1900 loss = 0.758604
  batch 2000 loss = 0.717958
  batch 2100 loss = 0.819431
  batch 2200 loss = 0.925977
  batch 2300 loss = 0.930224
  batch 2400 loss = 0.877488
  batch 2500 loss = 0.864725
  batch 2600 loss = 0.723419
  batch 2700 loss = 0.857037
  batch 2800 loss = 0.792387
  batch 2900 loss = 0.889731
  batch 3000 loss = 0.896175
  batch 3100 loss = 0.909085
  batch 3200 loss = 0.788454
  batch 3300 loss = 0.819004
  batch 3400 loss = 0.783180
  batch 3500 loss = 0.800853
  batch 3600 loss = 0.800617
  batch 3700 loss = 0.903867
  batch 3800 loss = 0.928650
  batch 3900 loss = 0.802166
  batch 4000 loss = 0.807700
  batch 4100 loss = 0.905377
  batch 4200 loss = 0.687841
  batch 4300 loss = 0.773055
  batch 4400 loss = 0.766558
  batch 4500 loss = 0.843389
  batch 4600 loss = 0.911994
  batch 4700 loss = 0.697361
  batch 4800 loss = 0.809295
  batch 4900 loss = 0.777887
  batch 5000 loss = 0.750654
  batch 5100 loss = 0.740549
  batch 5200 loss = 0.730299
  batch 5300 loss = 0.922044
  batch 5400 loss = 0.762397
  batch 5500 loss = 0.752570
  batch 5600 loss = 0.937462
  batch 5700 loss = 0.740130
  batch 5800 loss = 0.707211
  batch 5900 loss = 0.787678
  batch 6000 loss = 0.756823
  batch 6100 loss = 0.764961
  batch 6200 loss = 0.931254
  batch 6300 loss = 0.927633
  batch 6400 loss = 0.933598
  batch 6500 loss = 0.932862
  batch 6600 loss = 0.893567
  batch 6700 loss = 0.931906
  batch 6800 loss = 0.937680
  batch 6900 loss = 0.923838
  batch 7000 loss = 0.932419
  batch 7100 loss = 0.749982
  batch 7200 loss = 0.894413
  batch 7300 loss = 0.889245
  batch 7400 loss = 0.773894
  batch 7500 loss = 0.730427
  batch 7600 loss = 0.744058
  batch 7700 loss = 0.908488
  batch 7800 loss = 0.833759
  batch 7900 loss = 0.940141
  batch 8000 loss = 0.934454
  batch 8100 loss = 0.911832
  batch 8200 loss = 0.926196
  batch 8300 loss = 0.927844
  batch 8400 loss = 0.703518
  batch 8500 loss = 0.763126
  batch 8600 loss = 0.936205
  batch 8700 loss = 0.762026
  batch 8800 loss = 0.756411
  batch 8900 loss = 0.912200
  batch 9000 loss = 0.885054
  batch 9100 loss = 0.929543
  batch 9200 loss = 0.784050
  batch 9300 loss = 0.747114
  batch 9400 loss = 0.819972
  batch 9500 loss = 0.779652
  batch 9600 loss = 0.730783
  batch 9700 loss = 0.721116
  batch 9800 loss = 0.909982
  batch 9900 loss = 0.934492
  batch 10000 loss = 0.926596
  Total batches: 10000, final loss = 0.926596
Validation loss: 0.864700
No improvement for 3 epochs
Epoch 69
  batch 100 loss = 0.919642
  batch 200 loss = 0.748402
  batch 300 loss = 0.912760
  batch 400 loss = 0.844837
  batch 500 loss = 0.838433
  batch 600 loss = 0.910180
  batch 700 loss = 0.880823
  batch 800 loss = 0.773548
  batch 900 loss = 0.813397
  batch 1000 loss = 0.852998
  batch 1100 loss = 0.787902
  batch 1200 loss = 0.763518
  batch 1300 loss = 0.769087
  batch 1400 loss = 0.905278
  batch 1500 loss = 0.915129
  batch 1600 loss = 0.902646
  batch 1700 loss = 0.795204
  batch 1800 loss = 0.926214
  batch 1900 loss = 0.910517
  batch 2000 loss = 0.915119
  batch 2100 loss = 0.725919
  batch 2200 loss = 0.703255
  batch 2300 loss = 0.827063
  batch 2400 loss = 0.935306
  batch 2500 loss = 0.934037
  batch 2600 loss = 0.871020
  batch 2700 loss = 0.909433
  batch 2800 loss = 0.666558
  batch 2900 loss = 0.740930
  batch 3000 loss = 0.778035
  batch 3100 loss = 0.915907
  batch 3200 loss = 0.776411
  batch 3300 loss = 0.918742
  batch 3400 loss = 0.913995
  batch 3500 loss = 0.911317
  batch 3600 loss = 0.938691
  batch 3700 loss = 0.767820
  batch 3800 loss = 0.733721
  batch 3900 loss = 0.842428
  batch 4000 loss = 0.790837
  batch 4100 loss = 0.764921
  batch 4200 loss = 0.660534
  batch 4300 loss = 0.854258
  batch 4400 loss = 0.817453
  batch 4500 loss = 0.761392
  batch 4600 loss = 0.888827
  batch 4700 loss = 0.782645
  batch 4800 loss = 0.762748
  batch 4900 loss = 0.885169
  batch 5000 loss = 0.904002
  batch 5100 loss = 0.935027
  batch 5200 loss = 0.931586
  batch 5300 loss = 0.710144
  batch 5400 loss = 0.740747
  batch 5500 loss = 0.800007
  batch 5600 loss = 0.928104
  batch 5700 loss = 0.881547
  batch 5800 loss = 0.752428
  batch 5900 loss = 0.916776
  batch 6000 loss = 0.923611
  batch 6100 loss = 0.934151
  batch 6200 loss = 0.666310
  batch 6300 loss = 0.682980
  batch 6400 loss = 0.713907
  batch 6500 loss = 0.769223
  batch 6600 loss = 0.670111
  batch 6700 loss = 0.928874
  batch 6800 loss = 0.891749
  batch 6900 loss = 0.842005
  batch 7000 loss = 0.794971
  batch 7100 loss = 0.748541
  batch 7200 loss = 0.937136
  batch 7300 loss = 0.925872
  batch 7400 loss = 0.837942
  batch 7500 loss = 0.844689
  batch 7600 loss = 0.744372
  batch 7700 loss = 0.853015
  batch 7800 loss = 0.743305
  batch 7900 loss = 0.887884
  batch 8000 loss = 0.840066
  batch 8100 loss = 0.829024
  batch 8200 loss = 0.700771
  batch 8300 loss = 0.935415
  batch 8400 loss = 0.935196
  batch 8500 loss = 0.934649
  batch 8600 loss = 0.823704
  batch 8700 loss = 0.925574
  batch 8800 loss = 0.938070
  batch 8900 loss = 0.789780
  batch 9000 loss = 0.751233
  batch 9100 loss = 0.912305
  batch 9200 loss = 0.769898
  batch 9300 loss = 0.799088
  batch 9400 loss = 0.917251
  batch 9500 loss = 0.931525
  batch 9600 loss = 0.696794
  batch 9700 loss = 0.895147
  batch 9800 loss = 0.936286
  batch 9900 loss = 0.902750
  batch 10000 loss = 0.923994
  Total batches: 10000, final loss = 0.923994
Validation loss: 0.874970
No improvement for 4 epochs
Epoch 70
  batch 100 loss = 0.834744
  batch 200 loss = 0.692780
  batch 300 loss = 0.825746
  batch 400 loss = 0.806931
  batch 500 loss = 0.775375
  batch 600 loss = 0.784106
  batch 700 loss = 0.818136
  batch 800 loss = 0.935897
  batch 900 loss = 0.916364
  batch 1000 loss = 0.861448
  batch 1100 loss = 0.943301
  batch 1200 loss = 0.936516
  batch 1300 loss = 0.898211
  batch 1400 loss = 0.899620
  batch 1500 loss = 0.924617
  batch 1600 loss = 0.777527
  batch 1700 loss = 0.842468
  batch 1800 loss = 0.934899
  batch 1900 loss = 0.698350
  batch 2000 loss = 0.725192
  batch 2100 loss = 0.912958
  batch 2200 loss = 0.925296
  batch 2300 loss = 0.725169
  batch 2400 loss = 0.798677
  batch 2500 loss = 0.855524
  batch 2600 loss = 0.939718
  batch 2700 loss = 0.797374
  batch 2800 loss = 0.934916
  batch 2900 loss = 0.927852
  batch 3000 loss = 0.929086
  batch 3100 loss = 0.737207
  batch 3200 loss = 0.907193
  batch 3300 loss = 0.933248
  batch 3400 loss = 0.933067
  batch 3500 loss = 0.936941
  batch 3600 loss = 0.926626
  batch 3700 loss = 0.769532
  batch 3800 loss = 0.694105
  batch 3900 loss = 0.912726
  batch 4000 loss = 0.914315
  batch 4100 loss = 0.721185
  batch 4200 loss = 0.931700
  batch 4300 loss = 0.923657
  batch 4400 loss = 0.853199
  batch 4500 loss = 0.805340
  batch 4600 loss = 0.753908
  batch 4700 loss = 0.869700
  batch 4800 loss = 0.699613
  batch 4900 loss = 0.666996
  batch 5000 loss = 0.747749
  batch 5100 loss = 0.757619
  batch 5200 loss = 0.911362
  batch 5300 loss = 0.935709
  batch 5400 loss = 0.927145
  batch 5500 loss = 0.930230
  batch 5600 loss = 0.933305
  batch 5700 loss = 0.781456
  batch 5800 loss = 0.839533
  batch 5900 loss = 0.784917
  batch 6000 loss = 0.783030
  batch 6100 loss = 0.793590
  batch 6200 loss = 0.789970
  batch 6300 loss = 0.884103
  batch 6400 loss = 0.767382
  batch 6500 loss = 0.773300
  batch 6600 loss = 0.930220
  batch 6700 loss = 0.784128
  batch 6800 loss = 0.795447
  batch 6900 loss = 0.831467
  batch 7000 loss = 0.728759
  batch 7100 loss = 0.921460
  batch 7200 loss = 0.847848
  batch 7300 loss = 0.710703
  batch 7400 loss = 0.911586
  batch 7500 loss = 0.902037
  batch 7600 loss = 0.922302
  batch 7700 loss = 0.909854
  batch 7800 loss = 0.773827
  batch 7900 loss = 0.925469
  batch 8000 loss = 0.918677
  batch 8100 loss = 0.784288
  batch 8200 loss = 0.909406
  batch 8300 loss = 0.792960
  batch 8400 loss = 0.800863
  batch 8500 loss = 0.824728
  batch 8600 loss = 0.912633
  batch 8700 loss = 0.834179
  batch 8800 loss = 0.792108
  batch 8900 loss = 0.712782
  batch 9000 loss = 0.718499
  batch 9100 loss = 0.859112
  batch 9200 loss = 0.756256
  batch 9300 loss = 0.937528
  batch 9400 loss = 0.735834
  batch 9500 loss = 0.759826
  batch 9600 loss = 0.739782
  batch 9700 loss = 0.870593
  batch 9800 loss = 0.767617
  batch 9900 loss = 0.830333
  batch 10000 loss = 0.761348
  Total batches: 10000, final loss = 0.761348
Validation loss: 0.861382
Saved BEST checkpoint
Epoch 71
  batch 100 loss = 0.757634
  batch 200 loss = 0.834270
  batch 300 loss = 0.934276
  batch 400 loss = 0.762418
  batch 500 loss = 0.795648
  batch 600 loss = 0.905091
  batch 700 loss = 0.920327
  batch 800 loss = 0.763503
  batch 900 loss = 0.826967
  batch 1000 loss = 0.813724
  batch 1100 loss = 0.935908
  batch 1200 loss = 0.913412
  batch 1300 loss = 0.781116
  batch 1400 loss = 0.928982
  batch 1500 loss = 0.935717
  batch 1600 loss = 0.854155
  batch 1700 loss = 0.937184
  batch 1800 loss = 0.835930
  batch 1900 loss = 0.822577
  batch 2000 loss = 0.787065
  batch 2100 loss = 0.943022
  batch 2200 loss = 0.937437
  batch 2300 loss = 0.746630
  batch 2400 loss = 0.697910
  batch 2500 loss = 0.723046
  batch 2600 loss = 0.766753
  batch 2700 loss = 0.698448
  batch 2800 loss = 0.915347
  batch 2900 loss = 0.851868
  batch 3000 loss = 0.783532
  batch 3100 loss = 0.879377
  batch 3200 loss = 0.902500
  batch 3300 loss = 0.932698
  batch 3400 loss = 0.930548
  batch 3500 loss = 0.917324
  batch 3600 loss = 0.746348
  batch 3700 loss = 0.931778
  batch 3800 loss = 0.759138
  batch 3900 loss = 0.914580
  batch 4000 loss = 0.908629
  batch 4100 loss = 0.749305
  batch 4200 loss = 0.855963
  batch 4300 loss = 0.937171
  batch 4400 loss = 0.698630
  batch 4500 loss = 0.716817
  batch 4600 loss = 0.729029
  batch 4700 loss = 0.813188
  batch 4800 loss = 0.938072
  batch 4900 loss = 0.764274
  batch 5000 loss = 0.795129
  batch 5100 loss = 0.754712
  batch 5200 loss = 0.914249
  batch 5300 loss = 0.794222
  batch 5400 loss = 0.729807
  batch 5500 loss = 0.765789
  batch 5600 loss = 0.773098
  batch 5700 loss = 0.775057
  batch 5800 loss = 0.929974
  batch 5900 loss = 0.769382
  batch 6000 loss = 0.727437
  batch 6100 loss = 0.924603
  batch 6200 loss = 0.885758
  batch 6300 loss = 0.895371
  batch 6400 loss = 0.913257
  batch 6500 loss = 0.884472
  batch 6600 loss = 0.934300
  batch 6700 loss = 0.772590
  batch 6800 loss = 0.901155
  batch 6900 loss = 0.919477
  batch 7000 loss = 0.924150
  batch 7100 loss = 0.783882
  batch 7200 loss = 0.936441
  batch 7300 loss = 0.742528
  batch 7400 loss = 0.938717
  batch 7500 loss = 0.931826
  batch 7600 loss = 0.777691
  batch 7700 loss = 0.705589
  batch 7800 loss = 0.810411
  batch 7900 loss = 0.772125
  batch 8000 loss = 0.764924
  batch 8100 loss = 0.725003
  batch 8200 loss = 0.937471
  batch 8300 loss = 0.865571
  batch 8400 loss = 0.838697
  batch 8500 loss = 0.695370
  batch 8600 loss = 0.765490
  batch 8700 loss = 0.816763
  batch 8800 loss = 0.911873
  batch 8900 loss = 0.932269
  batch 9000 loss = 0.925185
  batch 9100 loss = 0.938969
  batch 9200 loss = 0.836780
  batch 9300 loss = 0.928878
  batch 9400 loss = 0.801349
  batch 9500 loss = 0.674918
  batch 9600 loss = 0.833199
  batch 9700 loss = 0.911922
  batch 9800 loss = 0.746291
  batch 9900 loss = 0.845344
  batch 10000 loss = 0.835960
  Total batches: 10000, final loss = 0.835960
Validation loss: 0.860870
Saved BEST checkpoint
Epoch 72
  batch 100 loss = 0.787746
  batch 200 loss = 0.938153
  batch 300 loss = 0.896189
  batch 400 loss = 0.790017
  batch 500 loss = 0.746688
  batch 600 loss = 0.737756
  batch 700 loss = 0.896565
  batch 800 loss = 0.796885
  batch 900 loss = 0.939085
  batch 1000 loss = 0.935670
  batch 1100 loss = 0.749986
  batch 1200 loss = 0.774911
  batch 1300 loss = 0.869308
  batch 1400 loss = 0.722052
  batch 1500 loss = 0.797929
  batch 1600 loss = 0.928301
  batch 1700 loss = 0.715411
  batch 1800 loss = 0.926790
  batch 1900 loss = 0.860478
  batch 2000 loss = 0.930132
  batch 2100 loss = 0.773527
  batch 2200 loss = 0.934143
  batch 2300 loss = 0.821383
  batch 2400 loss = 0.800616
  batch 2500 loss = 0.808542
  batch 2600 loss = 0.908569
  batch 2700 loss = 0.810441
  batch 2800 loss = 0.923258
  batch 2900 loss = 0.793240
  batch 3000 loss = 0.859298
  batch 3100 loss = 0.666771
  batch 3200 loss = 0.670809
  batch 3300 loss = 0.936568
  batch 3400 loss = 0.743534
  batch 3500 loss = 0.811619
  batch 3600 loss = 0.862081
  batch 3700 loss = 0.835708
  batch 3800 loss = 0.887722
  batch 3900 loss = 0.933854
  batch 4000 loss = 0.916933
  batch 4100 loss = 0.687274
  batch 4200 loss = 0.900943
  batch 4300 loss = 0.910749
  batch 4400 loss = 0.918198
  batch 4500 loss = 0.904069
  batch 4600 loss = 0.926837
  batch 4700 loss = 0.712426
  batch 4800 loss = 0.773811
  batch 4900 loss = 0.918629
  batch 5000 loss = 0.923508
  batch 5100 loss = 0.734589
  batch 5200 loss = 0.673688
  batch 5300 loss = 0.896585
  batch 5400 loss = 0.928144
  batch 5500 loss = 0.923860
  batch 5600 loss = 0.796572
  batch 5700 loss = 0.837792
  batch 5800 loss = 0.938580
  batch 5900 loss = 0.938361
  batch 6000 loss = 0.928692
  batch 6100 loss = 0.894457
  batch 6200 loss = 0.940779
  batch 6300 loss = 0.872165
  batch 6400 loss = 0.909977
  batch 6500 loss = 0.892213
  batch 6600 loss = 0.737700
  batch 6700 loss = 0.943085
  batch 6800 loss = 0.831896
  batch 6900 loss = 0.926538
  batch 7000 loss = 0.939277
  batch 7100 loss = 0.679214
  batch 7200 loss = 0.902348
  batch 7300 loss = 0.801988
  batch 7400 loss = 0.841749
  batch 7500 loss = 0.837199
  batch 7600 loss = 0.879045
  batch 7700 loss = 0.924162
  batch 7800 loss = 0.717271
  batch 7900 loss = 0.742754
  batch 8000 loss = 0.792470
  batch 8100 loss = 0.871910
  batch 8200 loss = 0.700947
  batch 8300 loss = 0.922462
  batch 8400 loss = 0.807770
  batch 8500 loss = 0.795272
  batch 8600 loss = 0.919232
  batch 8700 loss = 0.747945
  batch 8800 loss = 0.696940
  batch 8900 loss = 0.661944
  batch 9000 loss = 0.723454
  batch 9100 loss = 0.928377
  batch 9200 loss = 0.931794
  batch 9300 loss = 0.786193
  batch 9400 loss = 0.738181
  batch 9500 loss = 0.736162
  batch 9600 loss = 0.720542
  batch 9700 loss = 0.769352
  batch 9800 loss = 0.717544
  batch 9900 loss = 0.816637
  batch 10000 loss = 0.854677
  Total batches: 10000, final loss = 0.854677
Validation loss: 0.863014
No improvement for 1 epochs
Epoch 73
  batch 100 loss = 0.775217
  batch 200 loss = 0.788292
  batch 300 loss = 0.830656
  batch 400 loss = 0.905210
  batch 500 loss = 0.921254
  batch 600 loss = 0.934147
  batch 700 loss = 0.826526
  batch 800 loss = 0.878896
  batch 900 loss = 0.727141
  batch 1000 loss = 0.752838
  batch 1100 loss = 0.687279
  batch 1200 loss = 0.790212
  batch 1300 loss = 0.922651
  batch 1400 loss = 0.934732
  batch 1500 loss = 0.937701
  batch 1600 loss = 0.836398
  batch 1700 loss = 0.819650
  batch 1800 loss = 0.731156
  batch 1900 loss = 0.913943
  batch 2000 loss = 0.921089
  batch 2100 loss = 0.793345
  batch 2200 loss = 0.872961
  batch 2300 loss = 0.725625
  batch 2400 loss = 0.767109
  batch 2500 loss = 0.732741
  batch 2600 loss = 0.929341
  batch 2700 loss = 0.798511
  batch 2800 loss = 0.830674
  batch 2900 loss = 0.763437
  batch 3000 loss = 0.730047
  batch 3100 loss = 0.927158
  batch 3200 loss = 0.906070
  batch 3300 loss = 0.936329
  batch 3400 loss = 0.929890
  batch 3500 loss = 0.925768
  batch 3600 loss = 0.698051
  batch 3700 loss = 0.761842
  batch 3800 loss = 0.903142
  batch 3900 loss = 0.733470
  batch 4000 loss = 0.774376
  batch 4100 loss = 0.810932
  batch 4200 loss = 0.870746
  batch 4300 loss = 0.933643
  batch 4400 loss = 0.707819
  batch 4500 loss = 0.793669
  batch 4600 loss = 0.735837
  batch 4700 loss = 0.853151
  batch 4800 loss = 0.837991
  batch 4900 loss = 0.896332
  batch 5000 loss = 0.902666
  batch 5100 loss = 0.856897
  batch 5200 loss = 0.837755
  batch 5300 loss = 0.785638
  batch 5400 loss = 0.752549
  batch 5500 loss = 0.690243
  batch 5600 loss = 0.762876
  batch 5700 loss = 0.867609
  batch 5800 loss = 0.746939
  batch 5900 loss = 0.916857
  batch 6000 loss = 0.928920
  batch 6100 loss = 0.927527
  batch 6200 loss = 0.938804
  batch 6300 loss = 0.917590
  batch 6400 loss = 0.941487
  batch 6500 loss = 0.931297
  batch 6600 loss = 0.730486
  batch 6700 loss = 0.807935
  batch 6800 loss = 0.927679
  batch 6900 loss = 0.851513
  batch 7000 loss = 0.881554
  batch 7100 loss = 0.899667
  batch 7200 loss = 0.690431
  batch 7300 loss = 0.728867
  batch 7400 loss = 0.778813
  batch 7500 loss = 0.783639
  batch 7600 loss = 0.751839
  batch 7700 loss = 0.726470
  batch 7800 loss = 0.805531
  batch 7900 loss = 0.932058
  batch 8000 loss = 0.939905
  batch 8100 loss = 0.935623
  batch 8200 loss = 0.719271
  batch 8300 loss = 0.934625
  batch 8400 loss = 0.927031
  batch 8500 loss = 0.925169
  batch 8600 loss = 0.911312
  batch 8700 loss = 0.801401
  batch 8800 loss = 0.737244
  batch 8900 loss = 0.926923
  batch 9000 loss = 0.925774
  batch 9100 loss = 0.683584
  batch 9200 loss = 0.706771
  batch 9300 loss = 0.936640
  batch 9400 loss = 0.921362
  batch 9500 loss = 0.904870
  batch 9600 loss = 0.914378
  batch 9700 loss = 0.916153
  batch 9800 loss = 0.735914
  batch 9900 loss = 0.936839
  batch 10000 loss = 0.927047
  Total batches: 10000, final loss = 0.927047
Validation loss: 0.862841
No improvement for 2 epochs
Epoch 74
  batch 100 loss = 0.673718
  batch 200 loss = 0.920187
  batch 300 loss = 0.881257
  batch 400 loss = 0.908948
  batch 500 loss = 0.905069
  batch 600 loss = 0.918795
  batch 700 loss = 0.735344
  batch 800 loss = 0.818697
  batch 900 loss = 0.912072
  batch 1000 loss = 0.906611
  batch 1100 loss = 0.927699
  batch 1200 loss = 0.792408
  batch 1300 loss = 0.927975
  batch 1400 loss = 0.841213
  batch 1500 loss = 0.853954
  batch 1600 loss = 0.750499
  batch 1700 loss = 0.884466
  batch 1800 loss = 0.936084
  batch 1900 loss = 0.796437
  batch 2000 loss = 0.840524
  batch 2100 loss = 0.815360
  batch 2200 loss = 0.916615
  batch 2300 loss = 0.795424
  batch 2400 loss = 0.888067
  batch 2500 loss = 0.891874
  batch 2600 loss = 0.902861
  batch 2700 loss = 0.939656
  batch 2800 loss = 0.837243
  batch 2900 loss = 0.932887
  batch 3000 loss = 0.935138
  batch 3100 loss = 0.935362
  batch 3200 loss = 0.797126
  batch 3300 loss = 0.785137
  batch 3400 loss = 0.942336
  batch 3500 loss = 0.937891
  batch 3600 loss = 0.931811
  batch 3700 loss = 0.748189
  batch 3800 loss = 0.771481
  batch 3900 loss = 0.914602
  batch 4000 loss = 0.911178
  batch 4100 loss = 0.864482
  batch 4200 loss = 0.702341
  batch 4300 loss = 0.897860
  batch 4400 loss = 0.907997
  batch 4500 loss = 0.905937
  batch 4600 loss = 0.759737
  batch 4700 loss = 0.917762
  batch 4800 loss = 0.765652
  batch 4900 loss = 0.794533
  batch 5000 loss = 0.684166
  batch 5100 loss = 0.935012
  batch 5200 loss = 0.933642
  batch 5300 loss = 0.766077
  batch 5400 loss = 0.913130
  batch 5500 loss = 0.861010
  batch 5600 loss = 0.921837
  batch 5700 loss = 0.791337
  batch 5800 loss = 0.743363
  batch 5900 loss = 0.785349
  batch 6000 loss = 0.829071
  batch 6100 loss = 0.826789
  batch 6200 loss = 0.749814
  batch 6300 loss = 0.928829
  batch 6400 loss = 0.929980
  batch 6500 loss = 0.918150
  batch 6600 loss = 0.685773
  batch 6700 loss = 0.915037
  batch 6800 loss = 0.832815
  batch 6900 loss = 0.696239
  batch 7000 loss = 0.757393
  batch 7100 loss = 0.748932
  batch 7200 loss = 0.766507
  batch 7300 loss = 0.798800
  batch 7400 loss = 0.724746
  batch 7500 loss = 0.751005
  batch 7600 loss = 0.714901
  batch 7700 loss = 0.864701
  batch 7800 loss = 0.926023
  batch 7900 loss = 0.814333
  batch 8000 loss = 0.862977
  batch 8100 loss = 0.935845
  batch 8200 loss = 0.913629
  batch 8300 loss = 0.895050
  batch 8400 loss = 0.926258
  batch 8500 loss = 0.938660
  batch 8600 loss = 0.925566
  batch 8700 loss = 0.781137
  batch 8800 loss = 0.733674
  batch 8900 loss = 0.743127
  batch 9000 loss = 0.638188
  batch 9100 loss = 0.902542
  batch 9200 loss = 0.795514
  batch 9300 loss = 0.754212
  batch 9400 loss = 0.742846
  batch 9500 loss = 0.706728
  batch 9600 loss = 0.714335
  batch 9700 loss = 0.870794
  batch 9800 loss = 0.789356
  batch 9900 loss = 0.912071
  batch 10000 loss = 0.930924
  Total batches: 10000, final loss = 0.930924
Validation loss: 0.865399
No improvement for 3 epochs
Epoch 75
  batch 100 loss = 0.932411
  batch 200 loss = 0.931682
  batch 300 loss = 0.916962
  batch 400 loss = 0.932530
  batch 500 loss = 0.921651
  batch 600 loss = 0.803732
  batch 700 loss = 0.700110
  batch 800 loss = 0.870734
  batch 900 loss = 0.706797
  batch 1000 loss = 0.760164
  batch 1100 loss = 0.901375
  batch 1200 loss = 0.746575
  batch 1300 loss = 0.723327
  batch 1400 loss = 0.932265
  batch 1500 loss = 0.928704
  batch 1600 loss = 0.781303
  batch 1700 loss = 0.939194
  batch 1800 loss = 0.927725
  batch 1900 loss = 0.774126
  batch 2000 loss = 0.751145
  batch 2100 loss = 0.910379
  batch 2200 loss = 0.761295
  batch 2300 loss = 0.766756
  batch 2400 loss = 0.802413
  batch 2500 loss = 0.836218
  batch 2600 loss = 0.840014
  batch 2700 loss = 0.870551
  batch 2800 loss = 0.843920
  batch 2900 loss = 0.764451
  batch 3000 loss = 0.796161
  batch 3100 loss = 0.896280
  batch 3200 loss = 0.774663
  batch 3300 loss = 0.762875
  batch 3400 loss = 0.925177
  batch 3500 loss = 0.913845
  batch 3600 loss = 0.915132
  batch 3700 loss = 0.720500
  batch 3800 loss = 0.692747
  batch 3900 loss = 0.748344
  batch 4000 loss = 0.793770
  batch 4100 loss = 0.919870
  batch 4200 loss = 0.787127
  batch 4300 loss = 0.878232
  batch 4400 loss = 0.750364
  batch 4500 loss = 0.742826
  batch 4600 loss = 0.711240
  batch 4700 loss = 0.929110
  batch 4800 loss = 0.897985
  batch 4900 loss = 0.911216
  batch 5000 loss = 0.901989
  batch 5100 loss = 0.927729
  batch 5200 loss = 0.923731
  batch 5300 loss = 0.784866
  batch 5400 loss = 0.779698
  batch 5500 loss = 0.839606
  batch 5600 loss = 0.731115
  batch 5700 loss = 0.919897
  batch 5800 loss = 0.930884
  batch 5900 loss = 0.879387
  batch 6000 loss = 0.859679
  batch 6100 loss = 0.769562
  batch 6200 loss = 0.677600
  batch 6300 loss = 0.911488
  batch 6400 loss = 0.939054
  batch 6500 loss = 0.934701
  batch 6600 loss = 0.838438
  batch 6700 loss = 0.854556
  batch 6800 loss = 0.824090
  batch 6900 loss = 0.739048
  batch 7000 loss = 0.767184
  batch 7100 loss = 0.906533
  batch 7200 loss = 0.764077
  batch 7300 loss = 0.843984
  batch 7400 loss = 0.721996
  batch 7500 loss = 0.727204
  batch 7600 loss = 0.897638
  batch 7700 loss = 0.888735
  batch 7800 loss = 0.913663
  batch 7900 loss = 0.939251
  batch 8000 loss = 0.934479
  batch 8100 loss = 0.806995
  batch 8200 loss = 0.706259
  batch 8300 loss = 0.851129
  batch 8400 loss = 0.786013
  batch 8500 loss = 0.767248
  batch 8600 loss = 0.919616
  batch 8700 loss = 0.930759
  batch 8800 loss = 0.739152
  batch 8900 loss = 0.795003
  batch 9000 loss = 0.745026
  batch 9100 loss = 0.726361
  batch 9200 loss = 0.931847
  batch 9300 loss = 0.934978
  batch 9400 loss = 0.664057
  batch 9500 loss = 0.755344
  batch 9600 loss = 0.756372
  batch 9700 loss = 0.774541
  batch 9800 loss = 0.932682
  batch 9900 loss = 0.830246
  batch 10000 loss = 0.824161
  Total batches: 10000, final loss = 0.824161
Validation loss: 0.862638
No improvement for 4 epochs
Epoch 76
  batch 100 loss = 0.913213
  batch 200 loss = 0.816561
  batch 300 loss = 0.909414
  batch 400 loss = 0.821501
  batch 500 loss = 0.857190
  batch 600 loss = 0.917070
  batch 700 loss = 0.773259
  batch 800 loss = 0.731761
  batch 900 loss = 0.909681
  batch 1000 loss = 0.907223
  batch 1100 loss = 0.931260
  batch 1200 loss = 0.932473
  batch 1300 loss = 0.919174
  batch 1400 loss = 0.761657
  batch 1500 loss = 0.731289
  batch 1600 loss = 0.936085
  batch 1700 loss = 0.740579
  batch 1800 loss = 0.940197
  batch 1900 loss = 0.752781
  batch 2000 loss = 0.783787
  batch 2100 loss = 0.775361
  batch 2200 loss = 0.845427
  batch 2300 loss = 0.819148
  batch 2400 loss = 0.938135
  batch 2500 loss = 0.934559
  batch 2600 loss = 0.749690
  batch 2700 loss = 0.800910
  batch 2800 loss = 0.841446
  batch 2900 loss = 0.809282
  batch 3000 loss = 0.827934
  batch 3100 loss = 0.929266
  batch 3200 loss = 0.801642
  batch 3300 loss = 0.737023
  batch 3400 loss = 0.913287
  batch 3500 loss = 0.927982
  batch 3600 loss = 0.810340
  batch 3700 loss = 0.936704
  batch 3800 loss = 0.887840
  batch 3900 loss = 0.663460
  batch 4000 loss = 0.770893
  batch 4100 loss = 0.918382
  batch 4200 loss = 0.796521
  batch 4300 loss = 0.890136
  batch 4400 loss = 0.923147
  batch 4500 loss = 0.910417
  batch 4600 loss = 0.743240
  batch 4700 loss = 0.840191
  batch 4800 loss = 0.814649
  batch 4900 loss = 0.656052
  batch 5000 loss = 0.784435
  batch 5100 loss = 0.910028
  batch 5200 loss = 0.886992
  batch 5300 loss = 0.692037
  batch 5400 loss = 0.919746
  batch 5500 loss = 0.904297
  batch 5600 loss = 0.935586
  batch 5700 loss = 0.849268
  batch 5800 loss = 0.775792
  batch 5900 loss = 0.934112
  batch 6000 loss = 0.926366
  batch 6100 loss = 0.814934
  batch 6200 loss = 0.684745
  batch 6300 loss = 0.925283
  batch 6400 loss = 0.722135
  batch 6500 loss = 0.766466
  batch 6600 loss = 0.891799
  batch 6700 loss = 0.935551
  batch 6800 loss = 0.850254
  batch 6900 loss = 0.750892
  batch 7000 loss = 0.796089
  batch 7100 loss = 0.772368
  batch 7200 loss = 0.937562
  batch 7300 loss = 0.780600
  batch 7400 loss = 0.771302
  batch 7500 loss = 0.801494
  batch 7600 loss = 0.739517
  batch 7700 loss = 0.904173
  batch 7800 loss = 0.923605
  batch 7900 loss = 0.760709
  batch 8000 loss = 0.747806
  batch 8100 loss = 0.715177
  batch 8200 loss = 0.800609
  batch 8300 loss = 0.931736
  batch 8400 loss = 0.932769
  batch 8500 loss = 0.932998
  batch 8600 loss = 0.741722
  batch 8700 loss = 0.917686
  batch 8800 loss = 0.859590
  batch 8900 loss = 0.848277
  batch 9000 loss = 0.811038
  batch 9100 loss = 0.937922
  batch 9200 loss = 0.862412
  batch 9300 loss = 0.909785
  batch 9400 loss = 0.708294
  batch 9500 loss = 0.690474
  batch 9600 loss = 0.784580
  batch 9700 loss = 0.720352
  batch 9800 loss = 0.894469
  batch 9900 loss = 0.930623
  batch 10000 loss = 0.935960
  Total batches: 10000, final loss = 0.935960
Validation loss: 0.869770
No improvement for 5 epochs
Epoch 77
  batch 100 loss = 0.695997
  batch 200 loss = 0.722296
  batch 300 loss = 0.749922
  batch 400 loss = 0.848624
  batch 500 loss = 0.871199
  batch 600 loss = 0.911309
  batch 700 loss = 0.809522
  batch 800 loss = 0.766202
  batch 900 loss = 0.900846
  batch 1000 loss = 0.898808
  batch 1100 loss = 0.924793
  batch 1200 loss = 0.758992
  batch 1300 loss = 0.705772
  batch 1400 loss = 0.756697
  batch 1500 loss = 0.770870
  batch 1600 loss = 0.923825
  batch 1700 loss = 0.913347
  batch 1800 loss = 0.853055
  batch 1900 loss = 0.829346
  batch 2000 loss = 0.794082
  batch 2100 loss = 0.932166
  batch 2200 loss = 0.862785
  batch 2300 loss = 0.926273
  batch 2400 loss = 0.744991
  batch 2500 loss = 0.720271
  batch 2600 loss = 0.874286
  batch 2700 loss = 0.837826
  batch 2800 loss = 0.887719
  batch 2900 loss = 0.762194
  batch 3000 loss = 0.769769
  batch 3100 loss = 0.925761
  batch 3200 loss = 0.816932
  batch 3300 loss = 0.936124
  batch 3400 loss = 0.932713
  batch 3500 loss = 0.921678
  batch 3600 loss = 0.864749
  batch 3700 loss = 0.792173
  batch 3800 loss = 0.938532
  batch 3900 loss = 0.929138
  batch 4000 loss = 0.925061
  batch 4100 loss = 0.919373
  batch 4200 loss = 0.923573
  batch 4300 loss = 0.743445
  batch 4400 loss = 0.853181
  batch 4500 loss = 0.831501
  batch 4600 loss = 0.862251
  batch 4700 loss = 0.919847
  batch 4800 loss = 0.918156
  batch 4900 loss = 0.878347
  batch 5000 loss = 0.805984
  batch 5100 loss = 0.775706
  batch 5200 loss = 0.849330
  batch 5300 loss = 0.800042
  batch 5400 loss = 0.712744
  batch 5500 loss = 0.756698
  batch 5600 loss = 0.922178
  batch 5700 loss = 0.745262
  batch 5800 loss = 0.752708
  batch 5900 loss = 0.920016
  batch 6000 loss = 0.928969
  batch 6100 loss = 0.758805
  batch 6200 loss = 0.949064
  batch 6300 loss = 0.750165
  batch 6400 loss = 0.646448
  batch 6500 loss = 0.690710
  batch 6600 loss = 0.925652
  batch 6700 loss = 0.912594
  batch 6800 loss = 0.706595
  batch 6900 loss = 0.873334
  batch 7000 loss = 0.817542
  batch 7100 loss = 0.937642
  batch 7200 loss = 0.735074
  batch 7300 loss = 0.868851
  batch 7400 loss = 0.745009
  batch 7500 loss = 0.698389
  batch 7600 loss = 0.768647
  batch 7700 loss = 0.911714
  batch 7800 loss = 0.738788
  batch 7900 loss = 0.843799
  batch 8000 loss = 0.780257
  batch 8100 loss = 0.724727
  batch 8200 loss = 0.920902
  batch 8300 loss = 0.804198
  batch 8400 loss = 0.766845
  batch 8500 loss = 0.795362
  batch 8600 loss = 0.725597
  batch 8700 loss = 0.716982
  batch 8800 loss = 0.936355
  batch 8900 loss = 0.769831
  batch 9000 loss = 0.691640
  batch 9100 loss = 0.919486
  batch 9200 loss = 0.918331
  batch 9300 loss = 0.732849
  batch 9400 loss = 0.936275
  batch 9500 loss = 0.941129
  batch 9600 loss = 0.752637
  batch 9700 loss = 0.917917
  batch 9800 loss = 0.918509
  batch 9900 loss = 0.929541
  batch 10000 loss = 0.924438
  Total batches: 10000, final loss = 0.924438
Validation loss: 0.862270
No improvement for 6 epochs
Epoch 78
  batch 100 loss = 0.925752
  batch 200 loss = 0.809777
  batch 300 loss = 0.923033
  batch 400 loss = 0.896131
  batch 500 loss = 0.904191
  batch 600 loss = 0.925034
  batch 700 loss = 0.918622
  batch 800 loss = 0.878610
  batch 900 loss = 0.939175
  batch 1000 loss = 0.935071
  batch 1100 loss = 0.814712
  batch 1200 loss = 0.743896
  batch 1300 loss = 0.716946
  batch 1400 loss = 0.854471
  batch 1500 loss = 0.801458
  batch 1600 loss = 0.919101
  batch 1700 loss = 0.744424
  batch 1800 loss = 0.735702
  batch 1900 loss = 0.935203
  batch 2000 loss = 0.924801
  batch 2100 loss = 0.860007
  batch 2200 loss = 0.939682
  batch 2300 loss = 0.791254
  batch 2400 loss = 0.708067
  batch 2500 loss = 0.729215
  batch 2600 loss = 0.695273
  batch 2700 loss = 0.928816
  batch 2800 loss = 0.915379
  batch 2900 loss = 0.717641
  batch 3000 loss = 0.761871
  batch 3100 loss = 0.778833
  batch 3200 loss = 0.897874
  batch 3300 loss = 0.721671
  batch 3400 loss = 0.873868
  batch 3500 loss = 0.917815
  batch 3600 loss = 0.789524
  batch 3700 loss = 0.782906
  batch 3800 loss = 0.784940
  batch 3900 loss = 0.922448
  batch 4000 loss = 0.919757
  batch 4100 loss = 0.764303
  batch 4200 loss = 0.823677
  batch 4300 loss = 0.932196
  batch 4400 loss = 0.930260
  batch 4500 loss = 0.929551
  batch 4600 loss = 0.935510
  batch 4700 loss = 0.939144
  batch 4800 loss = 0.751515
  batch 4900 loss = 0.873126
  batch 5000 loss = 0.822223
  batch 5100 loss = 0.925521
  batch 5200 loss = 0.823872
  batch 5300 loss = 0.697633
  batch 5400 loss = 0.785376
  batch 5500 loss = 0.723949
  batch 5600 loss = 0.760478
  batch 5700 loss = 0.907394
  batch 5800 loss = 0.938852
  batch 5900 loss = 0.705997
  batch 6000 loss = 0.738975
  batch 6100 loss = 0.701922
  batch 6200 loss = 0.746477
  batch 6300 loss = 0.908024
  batch 6400 loss = 0.752959
  batch 6500 loss = 0.779786
  batch 6600 loss = 0.921187
  batch 6700 loss = 0.787324
  batch 6800 loss = 0.877992
  batch 6900 loss = 0.918995
  batch 7000 loss = 0.917849
  batch 7100 loss = 0.873247
  batch 7200 loss = 0.728914
  batch 7300 loss = 0.747660
  batch 7400 loss = 0.930881
  batch 7500 loss = 0.917848
  batch 7600 loss = 0.830239
  batch 7700 loss = 0.822444
  batch 7800 loss = 0.938475
  batch 7900 loss = 0.707695
  batch 8000 loss = 0.725917
  batch 8100 loss = 0.815455
  batch 8200 loss = 0.899007
  batch 8300 loss = 0.728166
  batch 8400 loss = 0.926055
  batch 8500 loss = 0.932233
  batch 8600 loss = 0.749802
  batch 8700 loss = 0.807860
  batch 8800 loss = 0.721858
  batch 8900 loss = 0.852766
  batch 9000 loss = 0.853977
  batch 9100 loss = 0.888348
  batch 9200 loss = 0.934041
  batch 9300 loss = 0.897290
  batch 9400 loss = 0.785067
  batch 9500 loss = 0.808078
  batch 9600 loss = 0.856542
  batch 9700 loss = 0.681398
  batch 9800 loss = 0.794965
  batch 9900 loss = 0.922689
  batch 10000 loss = 0.932128
  Total batches: 10000, final loss = 0.932128
Validation loss: 0.862013
No improvement for 7 epochs
Epoch 79
  batch 100 loss = 0.799108
  batch 200 loss = 0.926170
  batch 300 loss = 0.890438
  batch 400 loss = 0.747286
  batch 500 loss = 0.693575
  batch 600 loss = 0.917084
  batch 700 loss = 0.747747
  batch 800 loss = 0.761431
  batch 900 loss = 0.799808
  batch 1000 loss = 0.811043
  batch 1100 loss = 0.936608
  batch 1200 loss = 0.913656
  batch 1300 loss = 0.900187
  batch 1400 loss = 0.833832
  batch 1500 loss = 0.826895
  batch 1600 loss = 0.936692
  batch 1700 loss = 0.735864
  batch 1800 loss = 0.913485
  batch 1900 loss = 0.745993
  batch 2000 loss = 0.766935
  batch 2100 loss = 0.769533
  batch 2200 loss = 0.739087
  batch 2300 loss = 0.929716
  batch 2400 loss = 0.830435
  batch 2500 loss = 0.850469
  batch 2600 loss = 0.691345
  batch 2700 loss = 0.931981
  batch 2800 loss = 0.730028
  batch 2900 loss = 0.919161
  batch 3000 loss = 0.917086
  batch 3100 loss = 0.780941
  batch 3200 loss = 0.743096
  batch 3300 loss = 0.828544
  batch 3400 loss = 0.873426
  batch 3500 loss = 0.889175
  batch 3600 loss = 0.846648
  batch 3700 loss = 0.835004
  batch 3800 loss = 0.923602
  batch 3900 loss = 0.702507
  batch 4000 loss = 0.692731
  batch 4100 loss = 0.919848
  batch 4200 loss = 0.721073
  batch 4300 loss = 0.936788
  batch 4400 loss = 0.795120
  batch 4500 loss = 0.792953
  batch 4600 loss = 0.815856
  batch 4700 loss = 0.669780
  batch 4800 loss = 0.798552
  batch 4900 loss = 0.930846
  batch 5000 loss = 0.931408
  batch 5100 loss = 0.789231
  batch 5200 loss = 0.763427
  batch 5300 loss = 0.752450
  batch 5400 loss = 0.751752
  batch 5500 loss = 0.739738
  batch 5600 loss = 0.755170
  batch 5700 loss = 0.719896
  batch 5800 loss = 0.770502
  batch 5900 loss = 0.717068
  batch 6000 loss = 0.697402
  batch 6100 loss = 0.934439
  batch 6200 loss = 0.907358
  batch 6300 loss = 0.916054
  batch 6400 loss = 0.790641
  batch 6500 loss = 0.741055
  batch 6600 loss = 0.915504
  batch 6700 loss = 0.910891
  batch 6800 loss = 0.931465
  batch 6900 loss = 0.921860
  batch 7000 loss = 0.917253
  batch 7100 loss = 0.747480
  batch 7200 loss = 0.757889
  batch 7300 loss = 0.812390
  batch 7400 loss = 0.831965
  batch 7500 loss = 0.828420
  batch 7600 loss = 0.754060
  batch 7700 loss = 0.668015
  batch 7800 loss = 0.832487
  batch 7900 loss = 0.765505
  batch 8000 loss = 0.807758
  batch 8100 loss = 0.809052
  batch 8200 loss = 0.843794
  batch 8300 loss = 0.710558
  batch 8400 loss = 0.936397
  batch 8500 loss = 0.930568
  batch 8600 loss = 0.921036
  batch 8700 loss = 0.937437
  batch 8800 loss = 0.933354
  batch 8900 loss = 0.933208
  batch 9000 loss = 0.940672
  batch 9100 loss = 0.938200
  batch 9200 loss = 0.852055
  batch 9300 loss = 0.929142
  batch 9400 loss = 0.935169
  batch 9500 loss = 0.933215
  batch 9600 loss = 0.938392
  batch 9700 loss = 0.759027
  batch 9800 loss = 0.914621
  batch 9900 loss = 0.888439
  batch 10000 loss = 0.909009
  Total batches: 10000, final loss = 0.909009
Validation loss: 0.861256
No improvement for 8 epochs
Epoch 80
  batch 100 loss = 0.742848
  batch 200 loss = 0.928694
  batch 300 loss = 0.767700
  batch 400 loss = 0.838657
  batch 500 loss = 0.828796
  batch 600 loss = 0.740949
  batch 700 loss = 0.920987
  batch 800 loss = 0.869822
  batch 900 loss = 0.927771
  batch 1000 loss = 0.938946
  batch 1100 loss = 0.807492
  batch 1200 loss = 0.721401
  batch 1300 loss = 0.754965
  batch 1400 loss = 0.750975
  batch 1500 loss = 0.775200
  batch 1600 loss = 0.759877
  batch 1700 loss = 0.847369
  batch 1800 loss = 0.803585
  batch 1900 loss = 0.713093
  batch 2000 loss = 0.679993
  batch 2100 loss = 0.826524
  batch 2200 loss = 0.881929
  batch 2300 loss = 0.924897
  batch 2400 loss = 0.936619
  batch 2500 loss = 0.930723
  batch 2600 loss = 0.764167
  batch 2700 loss = 0.794778
  batch 2800 loss = 0.940306
  batch 2900 loss = 0.742306
  batch 3000 loss = 0.663591
  batch 3100 loss = 0.884162
  batch 3200 loss = 0.923919
  batch 3300 loss = 0.761511
  batch 3400 loss = 0.725601
  batch 3500 loss = 0.679012
  batch 3600 loss = 0.733193
  batch 3700 loss = 0.932015
  batch 3800 loss = 0.779383
  batch 3900 loss = 0.731610
  batch 4000 loss = 0.779565
  batch 4100 loss = 0.644040
  batch 4200 loss = 0.918616
  batch 4300 loss = 0.930166
  batch 4400 loss = 0.758254
  batch 4500 loss = 0.788180
  batch 4600 loss = 0.917188
  batch 4700 loss = 0.867498
  batch 4800 loss = 0.855252
  batch 4900 loss = 0.706908
  batch 5000 loss = 0.734800
  batch 5100 loss = 0.719242
  batch 5200 loss = 0.931053
  batch 5300 loss = 0.910314
  batch 5400 loss = 0.915825
  batch 5500 loss = 0.911101
  batch 5600 loss = 0.758831
  batch 5700 loss = 0.929255
  batch 5800 loss = 0.739148
  batch 5900 loss = 0.739290
  batch 6000 loss = 0.622245
  batch 6100 loss = 0.777845
  batch 6200 loss = 0.921482
  batch 6300 loss = 0.766669
  batch 6400 loss = 0.866487
  batch 6500 loss = 0.875765
  batch 6600 loss = 0.882957
  batch 6700 loss = 0.936766
  batch 6800 loss = 0.773688
  batch 6900 loss = 0.904791
  batch 7000 loss = 0.914809
  batch 7100 loss = 0.758057
  batch 7200 loss = 0.756482
  batch 7300 loss = 0.844515
  batch 7400 loss = 0.718744
  batch 7500 loss = 0.761920
  batch 7600 loss = 0.769687
  batch 7700 loss = 0.940829
  batch 7800 loss = 0.921226
  batch 7900 loss = 0.924059
  batch 8000 loss = 0.936415
  batch 8100 loss = 0.933439
  batch 8200 loss = 0.802322
  batch 8300 loss = 0.927764
  batch 8400 loss = 0.809843
  batch 8500 loss = 0.792190
  batch 8600 loss = 0.849632
  batch 8700 loss = 0.912240
  batch 8800 loss = 0.753373
  batch 8900 loss = 0.935827
  batch 9000 loss = 0.931355
  batch 9100 loss = 0.829788
  batch 9200 loss = 0.847102
  batch 9300 loss = 0.751203
  batch 9400 loss = 0.932549
  batch 9500 loss = 0.928710
  batch 9600 loss = 0.870180
  batch 9700 loss = 0.922578
  batch 9800 loss = 0.920157
  batch 9900 loss = 0.931673
  batch 10000 loss = 0.928051
  Total batches: 10000, final loss = 0.928051
Validation loss: 0.861958
No improvement for 9 epochs
Epoch 81
  batch 100 loss = 0.712639
  batch 200 loss = 0.759879
  batch 300 loss = 0.929450
  batch 400 loss = 0.845885
  batch 500 loss = 0.834913
  batch 600 loss = 0.892976
  batch 700 loss = 0.902143
  batch 800 loss = 0.933229
  batch 900 loss = 0.763247
  batch 1000 loss = 0.717832
  batch 1100 loss = 0.912846
  batch 1200 loss = 0.844927
  batch 1300 loss = 0.662487
  batch 1400 loss = 0.930800
  batch 1500 loss = 0.918945
  batch 1600 loss = 0.929290
  batch 1700 loss = 0.926059
  batch 1800 loss = 0.932859
  batch 1900 loss = 0.936645
  batch 2000 loss = 0.938693
  batch 2100 loss = 0.795783
  batch 2200 loss = 0.748857
  batch 2300 loss = 0.932409
  batch 2400 loss = 0.849797
  batch 2500 loss = 0.884446
  batch 2600 loss = 0.938831
  batch 2700 loss = 0.840413
  batch 2800 loss = 0.721174
  batch 2900 loss = 0.916094
  batch 3000 loss = 0.928482
  batch 3100 loss = 0.862564
  batch 3200 loss = 0.716608
  batch 3300 loss = 0.809693
  batch 3400 loss = 0.765335
  batch 3500 loss = 0.671765
  batch 3600 loss = 0.678604
  batch 3700 loss = 0.833629
  batch 3800 loss = 0.686495
  batch 3900 loss = 0.741042
  batch 4000 loss = 0.747521
  batch 4100 loss = 0.878884
  batch 4200 loss = 0.817801
  batch 4300 loss = 0.936618
  batch 4400 loss = 0.749204
  batch 4500 loss = 0.771374
  batch 4600 loss = 0.934975
  batch 4700 loss = 0.734774
  batch 4800 loss = 0.820708
  batch 4900 loss = 0.927397
  batch 5000 loss = 0.927504
  batch 5100 loss = 0.767828
  batch 5200 loss = 0.928607
  batch 5300 loss = 0.773328
  batch 5400 loss = 0.912014
  batch 5500 loss = 0.920865
  batch 5600 loss = 0.929591
  batch 5700 loss = 0.732928
  batch 5800 loss = 0.795267
  batch 5900 loss = 0.907898
  batch 6000 loss = 0.899189
  batch 6100 loss = 0.923867
  batch 6200 loss = 0.860927
  batch 6300 loss = 0.775569
  batch 6400 loss = 0.717928
  batch 6500 loss = 0.771108
  batch 6600 loss = 0.853237
  batch 6700 loss = 0.912289
  batch 6800 loss = 0.793206
  batch 6900 loss = 0.868043
  batch 7000 loss = 0.855125
  batch 7100 loss = 0.782978
  batch 7200 loss = 0.749388
  batch 7300 loss = 0.918409
  batch 7400 loss = 0.928387
  batch 7500 loss = 0.911504
  batch 7600 loss = 0.855302
  batch 7700 loss = 0.737394
  batch 7800 loss = 0.916698
  batch 7900 loss = 0.742084
  batch 8000 loss = 0.741154
  batch 8100 loss = 0.773170
  batch 8200 loss = 0.773583
  batch 8300 loss = 0.898903
  batch 8400 loss = 0.924211
  batch 8500 loss = 0.933467
  batch 8600 loss = 0.930232
  batch 8700 loss = 0.684617
  batch 8800 loss = 0.938400
  batch 8900 loss = 0.902055
  batch 9000 loss = 0.889686
  batch 9100 loss = 0.824308
  batch 9200 loss = 0.874922
  batch 9300 loss = 0.773658
  batch 9400 loss = 0.764223
  batch 9500 loss = 0.792242
  batch 9600 loss = 0.791287
  batch 9700 loss = 0.874622
  batch 9800 loss = 0.918723
  batch 9900 loss = 0.742855
  batch 10000 loss = 0.804977
  Total batches: 10000, final loss = 0.804977
Validation loss: 0.862844
No improvement for 10 epochs
Epoch 82
  batch 100 loss = 0.938416
  batch 200 loss = 0.735492
  batch 300 loss = 0.782565
  batch 400 loss = 0.838283
  batch 500 loss = 0.883862
  batch 600 loss = 0.756354
  batch 700 loss = 0.934465
  batch 800 loss = 0.789919
  batch 900 loss = 0.900351
  batch 1000 loss = 0.907075
  batch 1100 loss = 0.931461
  batch 1200 loss = 0.767890
  batch 1300 loss = 0.793733
  batch 1400 loss = 0.806055
  batch 1500 loss = 0.799296
  batch 1600 loss = 0.928880
  batch 1700 loss = 0.764254
  batch 1800 loss = 0.765982
  batch 1900 loss = 0.921013
  batch 2000 loss = 0.923727
  batch 2100 loss = 0.921361
  batch 2200 loss = 0.902699
  batch 2300 loss = 0.810928
  batch 2400 loss = 0.882657
  batch 2500 loss = 0.879347
  batch 2600 loss = 0.889056
  batch 2700 loss = 0.925363
  batch 2800 loss = 0.702375
  batch 2900 loss = 0.914925
  batch 3000 loss = 0.907833
  batch 3100 loss = 0.897676
  batch 3200 loss = 0.817095
  batch 3300 loss = 0.784957
  batch 3400 loss = 0.932997
  batch 3500 loss = 0.937160
  batch 3600 loss = 0.805730
  batch 3700 loss = 0.939304
  batch 3800 loss = 0.729091
  batch 3900 loss = 0.702943
  batch 4000 loss = 0.751649
  batch 4100 loss = 0.760125
  batch 4200 loss = 0.912671
  batch 4300 loss = 0.658689
  batch 4400 loss = 0.852357
  batch 4500 loss = 0.836405
  batch 4600 loss = 0.706326
  batch 4700 loss = 0.829900
  batch 4800 loss = 0.820174
  batch 4900 loss = 0.922169
  batch 5000 loss = 0.925748
  batch 5100 loss = 0.856131
  batch 5200 loss = 0.855123
  batch 5300 loss = 0.886626
  batch 5400 loss = 0.731424
  batch 5500 loss = 0.783421
  batch 5600 loss = 0.922960
  batch 5700 loss = 0.813701
  batch 5800 loss = 0.923316
  batch 5900 loss = 0.797091
  batch 6000 loss = 0.825427
  batch 6100 loss = 0.929274
  batch 6200 loss = 0.931347
  batch 6300 loss = 0.914923
  batch 6400 loss = 0.803551
  batch 6500 loss = 0.749969
  batch 6600 loss = 0.931380
  batch 6700 loss = 0.771270
  batch 6800 loss = 0.778882
  batch 6900 loss = 0.926735
  batch 7000 loss = 0.927409
  batch 7100 loss = 0.744893
  batch 7200 loss = 0.936604
  batch 7300 loss = 0.748400
  batch 7400 loss = 0.759109
  batch 7500 loss = 0.771099
  batch 7600 loss = 0.737257
  batch 7700 loss = 0.921398
  batch 7800 loss = 0.620289
  batch 7900 loss = 0.930708
  batch 8000 loss = 0.920614
  batch 8100 loss = 0.818953
  batch 8200 loss = 0.918741
  batch 8300 loss = 0.743318
  batch 8400 loss = 0.871896
  batch 8500 loss = 0.883014
  batch 8600 loss = 0.933790
  batch 8700 loss = 0.819762
  batch 8800 loss = 0.940246
  batch 8900 loss = 0.859424
  batch 9000 loss = 0.832242
  batch 9100 loss = 0.740263
  batch 9200 loss = 0.924398
  batch 9300 loss = 0.725085
  batch 9400 loss = 0.911119
  batch 9500 loss = 0.906998
  batch 9600 loss = 0.928239
  batch 9700 loss = 0.728335
  batch 9800 loss = 0.745283
  batch 9900 loss = 0.631291
  batch 10000 loss = 0.747438
  Total batches: 10000, final loss = 0.747438
Validation loss: 0.860858
Saved BEST checkpoint
Epoch 83
  batch 100 loss = 0.918055
  batch 200 loss = 0.927748
  batch 300 loss = 0.765029
  batch 400 loss = 0.683331
  batch 500 loss = 0.719969
  batch 600 loss = 0.818432
  batch 700 loss = 0.740002
  batch 800 loss = 0.932052
  batch 900 loss = 0.753697
  batch 1000 loss = 0.733471
  batch 1100 loss = 0.938543
  batch 1200 loss = 0.740933
  batch 1300 loss = 0.712989
  batch 1400 loss = 0.757737
  batch 1500 loss = 0.795288
  batch 1600 loss = 0.918974
  batch 1700 loss = 0.736983
  batch 1800 loss = 0.808871
  batch 1900 loss = 0.757793
  batch 2000 loss = 0.756015
  batch 2100 loss = 0.877003
  batch 2200 loss = 0.778696
  batch 2300 loss = 0.934260
  batch 2400 loss = 0.774976
  batch 2500 loss = 0.776120
  batch 2600 loss = 0.924814
  batch 2700 loss = 0.934604
  batch 2800 loss = 0.742579
  batch 2900 loss = 0.925628
  batch 3000 loss = 0.912715
  batch 3100 loss = 0.788781
  batch 3200 loss = 0.933547
  batch 3300 loss = 0.793654
  batch 3400 loss = 0.732762
  batch 3500 loss = 0.722040
  batch 3600 loss = 0.731857
  batch 3700 loss = 0.741124
  batch 3800 loss = 0.914470
  batch 3900 loss = 0.932630
  batch 4000 loss = 0.926478
  batch 4100 loss = 0.842127
  batch 4200 loss = 0.850221
  batch 4300 loss = 0.745236
  batch 4400 loss = 0.937512
  batch 4500 loss = 0.928185
  batch 4600 loss = 0.730630
  batch 4700 loss = 0.737485
  batch 4800 loss = 0.764059
  batch 4900 loss = 0.843242
  batch 5000 loss = 0.844241
  batch 5100 loss = 0.925312
  batch 5200 loss = 0.856210
  batch 5300 loss = 0.853472
  batch 5400 loss = 0.788894
  batch 5500 loss = 0.761970
  batch 5600 loss = 0.902559
  batch 5700 loss = 0.922070
  batch 5800 loss = 0.758239
  batch 5900 loss = 0.776797
  batch 6000 loss = 0.763279
  batch 6100 loss = 0.905903
  batch 6200 loss = 0.923804
  batch 6300 loss = 0.938238
  batch 6400 loss = 0.921493
  batch 6500 loss = 0.909403
  batch 6600 loss = 0.848886
  batch 6700 loss = 0.900986
  batch 6800 loss = 0.862110
  batch 6900 loss = 0.831893
  batch 7000 loss = 0.823619
  batch 7100 loss = 0.677719
  batch 7200 loss = 0.938190
  batch 7300 loss = 0.891939
  batch 7400 loss = 0.887860
  batch 7500 loss = 0.864656
  batch 7600 loss = 0.936618
  batch 7700 loss = 0.904075
  batch 7800 loss = 0.932716
  batch 7900 loss = 0.771276
  batch 8000 loss = 0.744093
  batch 8100 loss = 0.777272
  batch 8200 loss = 0.776875
  batch 8300 loss = 0.741479
  batch 8400 loss = 0.795825
  batch 8500 loss = 0.828297
  batch 8600 loss = 0.816110
  batch 8700 loss = 0.924536
  batch 8800 loss = 0.760098
  batch 8900 loss = 0.881847
  batch 9000 loss = 0.898190
  batch 9100 loss = 0.937265
  batch 9200 loss = 0.906235
  batch 9300 loss = 0.927559
  batch 9400 loss = 0.752371
  batch 9500 loss = 0.757634
  batch 9600 loss = 0.836317
  batch 9700 loss = 0.935805
  batch 9800 loss = 0.810193
  batch 9900 loss = 0.688620
  batch 10000 loss = 0.696841
  Total batches: 10000, final loss = 0.696841
Validation loss: 0.859720
Saved BEST checkpoint
Epoch 84
  batch 100 loss = 0.774631
  batch 200 loss = 0.687983
  batch 300 loss = 0.933479
  batch 400 loss = 0.761699
  batch 500 loss = 0.876697
  batch 600 loss = 0.912210
  batch 700 loss = 0.720925
  batch 800 loss = 0.793412
  batch 900 loss = 0.728182
  batch 1000 loss = 0.765273
  batch 1100 loss = 0.758759
  batch 1200 loss = 0.793841
  batch 1300 loss = 0.888529
  batch 1400 loss = 0.933348
  batch 1500 loss = 0.915914
  batch 1600 loss = 0.847144
  batch 1700 loss = 0.910560
  batch 1800 loss = 0.820276
  batch 1900 loss = 0.701444
  batch 2000 loss = 0.772187
  batch 2100 loss = 0.711427
  batch 2200 loss = 0.896769
  batch 2300 loss = 0.904247
  batch 2400 loss = 0.926512
  batch 2500 loss = 0.933002
  batch 2600 loss = 0.928845
  batch 2700 loss = 0.753384
  batch 2800 loss = 0.827051
  batch 2900 loss = 0.935840
  batch 3000 loss = 0.934489
  batch 3100 loss = 0.713716
  batch 3200 loss = 0.901641
  batch 3300 loss = 0.763763
  batch 3400 loss = 0.935548
  batch 3500 loss = 0.933216
  batch 3600 loss = 0.884709
  batch 3700 loss = 0.760574
  batch 3800 loss = 0.704904
  batch 3900 loss = 0.936009
  batch 4000 loss = 0.937352
  batch 4100 loss = 0.682185
  batch 4200 loss = 0.928897
  batch 4300 loss = 0.683519
  batch 4400 loss = 0.747410
  batch 4500 loss = 0.731837
  batch 4600 loss = 0.717901
  batch 4700 loss = 0.928051
  batch 4800 loss = 0.818562
  batch 4900 loss = 0.906052
  batch 5000 loss = 0.911095
  batch 5100 loss = 0.827369
  batch 5200 loss = 0.804270
  batch 5300 loss = 0.685424
  batch 5400 loss = 0.747411
  batch 5500 loss = 0.787736
  batch 5600 loss = 0.933844
  batch 5700 loss = 0.727447
  batch 5800 loss = 0.928602
  batch 5900 loss = 0.934436
  batch 6000 loss = 0.935872
  batch 6100 loss = 0.842130
  batch 6200 loss = 0.938803
  batch 6300 loss = 0.671314
  batch 6400 loss = 0.783754
  batch 6500 loss = 0.734550
  batch 6600 loss = 0.923594
  batch 6700 loss = 0.841467
  batch 6800 loss = 0.884461
  batch 6900 loss = 0.718961
  batch 7000 loss = 0.706199
  batch 7100 loss = 0.852559
  batch 7200 loss = 0.711630
  batch 7300 loss = 0.888641
  batch 7400 loss = 0.759946
  batch 7500 loss = 0.756626
  batch 7600 loss = 0.729639
  batch 7700 loss = 0.805146
  batch 7800 loss = 0.781209
  batch 7900 loss = 0.875555
  batch 8000 loss = 0.859227
  batch 8100 loss = 0.935834
  batch 8200 loss = 0.707660
  batch 8300 loss = 0.896177
  batch 8400 loss = 0.842670
  batch 8500 loss = 0.847442
  batch 8600 loss = 0.928096
  batch 8700 loss = 0.937092
  batch 8800 loss = 0.943634
  batch 8900 loss = 0.727305
  batch 9000 loss = 0.716593
  batch 9100 loss = 0.825685
  batch 9200 loss = 0.930797
  batch 9300 loss = 0.751475
  batch 9400 loss = 0.827630
  batch 9500 loss = 0.794909
  batch 9600 loss = 0.910853
  batch 9700 loss = 0.926452
  batch 9800 loss = 0.909144
  batch 9900 loss = 0.908543
  batch 10000 loss = 0.905259
  Total batches: 10000, final loss = 0.905259
Validation loss: 0.862996
No improvement for 1 epochs
Epoch 85
  batch 100 loss = 0.740776
  batch 200 loss = 0.722358
  batch 300 loss = 0.729689
  batch 400 loss = 0.793537
  batch 500 loss = 0.765688
  batch 600 loss = 0.849922
  batch 700 loss = 0.911062
  batch 800 loss = 0.735824
  batch 900 loss = 0.919706
  batch 1000 loss = 0.923202
  batch 1100 loss = 0.906183
  batch 1200 loss = 0.718090
  batch 1300 loss = 0.919847
  batch 1400 loss = 0.932351
  batch 1500 loss = 0.916732
  batch 1600 loss = 0.902700
  batch 1700 loss = 0.846440
  batch 1800 loss = 0.888086
  batch 1900 loss = 0.659071
  batch 2000 loss = 0.713289
  batch 2100 loss = 0.909860
  batch 2200 loss = 0.909922
  batch 2300 loss = 0.928310
  batch 2400 loss = 0.937837
  batch 2500 loss = 0.938609
  batch 2600 loss = 0.932028
  batch 2700 loss = 0.700390
  batch 2800 loss = 0.864277
  batch 2900 loss = 0.907461
  batch 3000 loss = 0.912413
  batch 3100 loss = 0.926019
  batch 3200 loss = 0.801864
  batch 3300 loss = 0.727435
  batch 3400 loss = 0.695403
  batch 3500 loss = 0.700239
  batch 3600 loss = 0.766249
  batch 3700 loss = 0.930741
  batch 3800 loss = 0.935084
  batch 3900 loss = 0.917551
  batch 4000 loss = 0.913988
  batch 4100 loss = 0.720384
  batch 4200 loss = 0.938078
  batch 4300 loss = 0.712703
  batch 4400 loss = 0.776067
  batch 4500 loss = 0.736538
  batch 4600 loss = 0.929000
  batch 4700 loss = 0.907567
  batch 4800 loss = 0.821184
  batch 4900 loss = 0.739873
  batch 5000 loss = 0.711196
  batch 5100 loss = 0.935226
  batch 5200 loss = 0.763141
  batch 5300 loss = 0.933380
  batch 5400 loss = 0.928920
  batch 5500 loss = 0.924767
  batch 5600 loss = 0.917190
  batch 5700 loss = 0.854201
  batch 5800 loss = 0.920567
  batch 5900 loss = 0.878603
  batch 6000 loss = 0.909546
  batch 6100 loss = 0.764262
  batch 6200 loss = 0.803035
  batch 6300 loss = 0.905593
  batch 6400 loss = 0.783161
  batch 6500 loss = 0.881534
  batch 6600 loss = 0.725346
  batch 6700 loss = 0.930479
  batch 6800 loss = 0.936269
  batch 6900 loss = 0.769945
  batch 7000 loss = 0.782500
  batch 7100 loss = 0.776459
  batch 7200 loss = 0.928258
  batch 7300 loss = 0.725839
  batch 7400 loss = 0.753554
  batch 7500 loss = 0.737079
  batch 7600 loss = 0.741370
  batch 7700 loss = 0.746813
  batch 7800 loss = 0.832467
  batch 7900 loss = 0.708615
  batch 8000 loss = 0.754727
  batch 8100 loss = 0.765545
  batch 8200 loss = 0.936067
  batch 8300 loss = 0.913970
  batch 8400 loss = 0.798447
  batch 8500 loss = 0.823375
  batch 8600 loss = 0.855137
  batch 8700 loss = 0.879829
  batch 8800 loss = 0.929381
  batch 8900 loss = 0.815253
  batch 9000 loss = 0.745208
  batch 9100 loss = 0.732894
  batch 9200 loss = 0.895027
  batch 9300 loss = 0.809052
  batch 9400 loss = 0.808435
  batch 9500 loss = 0.842717
  batch 9600 loss = 0.769522
  batch 9700 loss = 0.761369
  batch 9800 loss = 0.770201
  batch 9900 loss = 0.766607
  batch 10000 loss = 0.720838
  Total batches: 10000, final loss = 0.720838
Validation loss: 0.861382
No improvement for 2 epochs
Epoch 86
  batch 100 loss = 0.916458
  batch 200 loss = 0.891311
  batch 300 loss = 0.820748
  batch 400 loss = 0.871471
  batch 500 loss = 0.863691
  batch 600 loss = 0.926011
  batch 700 loss = 0.737793
  batch 800 loss = 0.932135
  batch 900 loss = 0.727755
  batch 1000 loss = 0.780746
  batch 1100 loss = 0.764157
  batch 1200 loss = 0.908855
  batch 1300 loss = 0.921951
  batch 1400 loss = 0.849354
  batch 1500 loss = 0.852036
  batch 1600 loss = 0.704615
  batch 1700 loss = 0.907915
  batch 1800 loss = 0.824284
  batch 1900 loss = 0.736193
  batch 2000 loss = 0.707792
  batch 2100 loss = 0.694357
  batch 2200 loss = 0.762034
  batch 2300 loss = 0.751748
  batch 2400 loss = 0.915876
  batch 2500 loss = 0.897043
  batch 2600 loss = 0.920747
  batch 2700 loss = 0.921929
  batch 2800 loss = 0.742150
  batch 2900 loss = 0.939048
  batch 3000 loss = 0.935618
  batch 3100 loss = 0.761551
  batch 3200 loss = 0.683369
  batch 3300 loss = 0.801970
  batch 3400 loss = 0.930521
  batch 3500 loss = 0.936199
  batch 3600 loss = 0.937381
  batch 3700 loss = 0.932953
  batch 3800 loss = 0.781937
  batch 3900 loss = 0.784697
  batch 4000 loss = 0.758150
  batch 4100 loss = 0.897329
  batch 4200 loss = 0.854003
  batch 4300 loss = 0.931508
  batch 4400 loss = 0.937860
  batch 4500 loss = 0.902516
  batch 4600 loss = 0.841319
  batch 4700 loss = 0.894408
  batch 4800 loss = 0.740034
  batch 4900 loss = 0.925438
  batch 5000 loss = 0.923640
  batch 5100 loss = 0.667737
  batch 5200 loss = 0.943365
  batch 5300 loss = 0.737234
  batch 5400 loss = 0.719689
  batch 5500 loss = 0.672368
  batch 5600 loss = 0.771949
  batch 5700 loss = 0.675934
  batch 5800 loss = 0.740317
  batch 5900 loss = 0.750135
  batch 6000 loss = 0.831034
  batch 6100 loss = 0.900874
  batch 6200 loss = 0.762767
  batch 6300 loss = 0.720631
  batch 6400 loss = 0.934162
  batch 6500 loss = 0.936855
  batch 6600 loss = 0.931126
  batch 6700 loss = 0.935572
  batch 6800 loss = 0.751989
  batch 6900 loss = 0.674798
  batch 7000 loss = 0.755093
  batch 7100 loss = 0.923352
  batch 7200 loss = 0.858970
  batch 7300 loss = 0.782846
  batch 7400 loss = 0.883664
  batch 7500 loss = 0.868737
  batch 7600 loss = 0.760539
  batch 7700 loss = 0.755644
  batch 7800 loss = 0.918172
  batch 7900 loss = 0.825682
  batch 8000 loss = 0.823389
  batch 8100 loss = 0.759812
  batch 8200 loss = 0.936606
  batch 8300 loss = 0.911275
  batch 8400 loss = 0.931997
  batch 8500 loss = 0.902424
  batch 8600 loss = 0.875489
  batch 8700 loss = 0.772439
  batch 8800 loss = 0.790216
  batch 8900 loss = 0.936268
  batch 9000 loss = 0.942320
  batch 9100 loss = 0.935755
  batch 9200 loss = 0.828407
  batch 9300 loss = 0.779006
  batch 9400 loss = 0.879781
  batch 9500 loss = 0.890145
  batch 9600 loss = 0.787699
  batch 9700 loss = 0.923829
  batch 9800 loss = 0.739965
  batch 9900 loss = 0.839945
  batch 10000 loss = 0.830395
  Total batches: 10000, final loss = 0.830395
Validation loss: 0.859336
Saved BEST checkpoint
Epoch 87
  batch 100 loss = 0.776429
  batch 200 loss = 0.872689
  batch 300 loss = 0.904206
  batch 400 loss = 0.781323
  batch 500 loss = 0.700133
  batch 600 loss = 0.738310
  batch 700 loss = 0.928285
  batch 800 loss = 0.729750
  batch 900 loss = 0.730326
  batch 1000 loss = 0.710000
  batch 1100 loss = 0.672580
  batch 1200 loss = 0.890065
  batch 1300 loss = 0.925353
  batch 1400 loss = 0.746349
  batch 1500 loss = 0.805393
  batch 1600 loss = 0.733963
  batch 1700 loss = 0.929457
  batch 1800 loss = 0.755530
  batch 1900 loss = 0.938093
  batch 2000 loss = 0.931912
  batch 2100 loss = 0.778898
  batch 2200 loss = 0.711826
  batch 2300 loss = 0.935486
  batch 2400 loss = 0.915790
  batch 2500 loss = 0.928952
  batch 2600 loss = 0.754870
  batch 2700 loss = 0.907255
  batch 2800 loss = 0.812961
  batch 2900 loss = 0.921863
  batch 3000 loss = 0.916392
  batch 3100 loss = 0.802360
  batch 3200 loss = 0.761333
  batch 3300 loss = 0.922168
  batch 3400 loss = 0.903142
  batch 3500 loss = 0.915104
  batch 3600 loss = 0.790713
  batch 3700 loss = 0.774865
  batch 3800 loss = 0.746781
  batch 3900 loss = 0.743695
  batch 4000 loss = 0.718332
  batch 4100 loss = 0.847306
  batch 4200 loss = 0.723068
  batch 4300 loss = 0.919109
  batch 4400 loss = 0.731502
  batch 4500 loss = 0.732084
  batch 4600 loss = 0.909889
  batch 4700 loss = 0.760376
  batch 4800 loss = 0.935063
  batch 4900 loss = 0.933265
  batch 5000 loss = 0.929212
  batch 5100 loss = 0.939432
  batch 5200 loss = 0.866101
  batch 5300 loss = 0.693940
  batch 5400 loss = 0.844190
  batch 5500 loss = 0.860219
  batch 5600 loss = 0.759345
  batch 5700 loss = 0.930991
  batch 5800 loss = 0.815339
  batch 5900 loss = 0.827902
  batch 6000 loss = 0.881803
  batch 6100 loss = 0.726927
  batch 6200 loss = 0.669620
  batch 6300 loss = 0.911409
  batch 6400 loss = 0.917091
  batch 6500 loss = 0.912681
  batch 6600 loss = 0.920492
  batch 6700 loss = 0.933558
  batch 6800 loss = 0.800450
  batch 6900 loss = 0.752340
  batch 7000 loss = 0.746088
  batch 7100 loss = 0.703390
  batch 7200 loss = 0.831528
  batch 7300 loss = 0.842689
  batch 7400 loss = 0.650241
  batch 7500 loss = 0.686519
  batch 7600 loss = 0.783870
  batch 7700 loss = 0.751325
  batch 7800 loss = 0.924359
  batch 7900 loss = 0.784820
  batch 8000 loss = 0.836994
  batch 8100 loss = 0.860272
  batch 8200 loss = 0.922889
  batch 8300 loss = 0.785403
  batch 8400 loss = 0.660705
  batch 8500 loss = 0.703762
  batch 8600 loss = 0.925196
  batch 8700 loss = 0.934289
  batch 8800 loss = 0.701439
  batch 8900 loss = 0.907931
  batch 9000 loss = 0.921480
  batch 9100 loss = 0.922695
  batch 9200 loss = 0.936857
  batch 9300 loss = 0.801763
  batch 9400 loss = 0.694554
  batch 9500 loss = 0.780768
  batch 9600 loss = 0.690036
  batch 9700 loss = 0.899318
  batch 9800 loss = 0.933894
  batch 9900 loss = 0.887513
  batch 10000 loss = 0.878258
  Total batches: 10000, final loss = 0.878258
Validation loss: 0.862184
No improvement for 1 epochs
Epoch 88
  batch 100 loss = 0.939277
  batch 200 loss = 0.759193
  batch 300 loss = 0.937460
  batch 400 loss = 0.899523
  batch 500 loss = 0.907812
  batch 600 loss = 0.847045
  batch 700 loss = 0.927061
  batch 800 loss = 0.821404
  batch 900 loss = 0.916123
  batch 1000 loss = 0.891411
  batch 1100 loss = 0.687420
  batch 1200 loss = 0.927165
  batch 1300 loss = 0.774687
  batch 1400 loss = 0.931818
  batch 1500 loss = 0.920280
  batch 1600 loss = 0.703498
  batch 1700 loss = 0.684134
  batch 1800 loss = 0.934888
  batch 1900 loss = 0.750489
  batch 2000 loss = 0.749787
  batch 2100 loss = 0.818451
  batch 2200 loss = 0.829214
  batch 2300 loss = 0.930683
  batch 2400 loss = 0.915302
  batch 2500 loss = 0.905151
  batch 2600 loss = 0.842023
  batch 2700 loss = 0.874071
  batch 2800 loss = 0.728386
  batch 2900 loss = 0.877830
  batch 3000 loss = 0.905752
  batch 3100 loss = 0.910441
  batch 3200 loss = 0.807885
  batch 3300 loss = 0.943139
  batch 3400 loss = 0.907217
  batch 3500 loss = 0.900368
  batch 3600 loss = 0.930482
  batch 3700 loss = 0.786775
  batch 3800 loss = 0.778054
  batch 3900 loss = 0.759567
  batch 4000 loss = 0.703428
  batch 4100 loss = 0.719372
  batch 4200 loss = 0.926384
  batch 4300 loss = 0.826056
  batch 4400 loss = 0.910264
  batch 4500 loss = 0.914319
  batch 4600 loss = 0.936627
  batch 4700 loss = 0.886132
  batch 4800 loss = 0.772674
  batch 4900 loss = 0.903703
  batch 5000 loss = 0.926367
  batch 5100 loss = 0.934838
  batch 5200 loss = 0.901978
  batch 5300 loss = 0.796384
  batch 5400 loss = 0.903707
  batch 5500 loss = 0.912282
  batch 5600 loss = 0.685269
  batch 5700 loss = 0.726359
  batch 5800 loss = 0.938934
  batch 5900 loss = 0.758245
  batch 6000 loss = 0.742803
  batch 6100 loss = 0.724904
  batch 6200 loss = 0.770604
  batch 6300 loss = 0.824087
  batch 6400 loss = 0.739710
  batch 6500 loss = 0.796809
  batch 6600 loss = 0.853699
  batch 6700 loss = 0.907995
  batch 6800 loss = 0.644410
  batch 6900 loss = 0.792768
  batch 7000 loss = 0.757224
  batch 7100 loss = 0.816492
  batch 7200 loss = 0.822767
  batch 7300 loss = 0.931622
  batch 7400 loss = 0.935352
  batch 7500 loss = 0.936672
  batch 7600 loss = 0.803403
  batch 7700 loss = 0.861540
  batch 7800 loss = 0.779613
  batch 7900 loss = 0.748028
  batch 8000 loss = 0.787068
  batch 8100 loss = 0.801361
  batch 8200 loss = 0.920473
  batch 8300 loss = 0.730944
  batch 8400 loss = 0.745185
  batch 8500 loss = 0.773676
  batch 8600 loss = 0.714211
  batch 8700 loss = 0.928500
  batch 8800 loss = 0.839214
  batch 8900 loss = 0.646605
  batch 9000 loss = 0.756960
  batch 9100 loss = 0.758641
  batch 9200 loss = 0.879902
  batch 9300 loss = 0.893899
  batch 9400 loss = 0.832288
  batch 9500 loss = 0.776663
  batch 9600 loss = 0.747048
  batch 9700 loss = 0.890613
  batch 9800 loss = 0.926866
  batch 9900 loss = 0.932483
  batch 10000 loss = 0.927447
  Total batches: 10000, final loss = 0.927447
Validation loss: 0.861558
No improvement for 2 epochs
Epoch 89
  batch 100 loss = 0.919597
  batch 200 loss = 0.747631
  batch 300 loss = 0.770517
  batch 400 loss = 0.934349
  batch 500 loss = 0.933213
  batch 600 loss = 0.828663
  batch 700 loss = 0.793444
  batch 800 loss = 0.939415
  batch 900 loss = 0.697862
  batch 1000 loss = 0.699878
  batch 1100 loss = 0.932677
  batch 1200 loss = 0.668466
  batch 1300 loss = 0.912390
  batch 1400 loss = 0.781509
  batch 1500 loss = 0.765905
  batch 1600 loss = 0.826731
  batch 1700 loss = 0.937195
  batch 1800 loss = 0.906571
  batch 1900 loss = 0.765495
  batch 2000 loss = 0.740953
  batch 2100 loss = 0.921399
  batch 2200 loss = 0.725095
  batch 2300 loss = 0.879298
  batch 2400 loss = 0.779250
  batch 2500 loss = 0.745563
  batch 2600 loss = 0.914706
  batch 2700 loss = 0.779559
  batch 2800 loss = 0.924584
  batch 2900 loss = 0.901885
  batch 3000 loss = 0.919682
  batch 3100 loss = 0.937657
  batch 3200 loss = 0.735836
  batch 3300 loss = 0.921810
  batch 3400 loss = 0.822956
  batch 3500 loss = 0.887758
  batch 3600 loss = 0.680935
  batch 3700 loss = 0.928178
  batch 3800 loss = 0.934756
  batch 3900 loss = 0.819139
  batch 4000 loss = 0.865976
  batch 4100 loss = 0.757137
  batch 4200 loss = 0.712025
  batch 4300 loss = 0.917451
  batch 4400 loss = 0.923441
  batch 4500 loss = 0.922529
  batch 4600 loss = 0.940821
  batch 4700 loss = 0.938146
  batch 4800 loss = 0.733880
  batch 4900 loss = 0.835077
  batch 5000 loss = 0.856663
  batch 5100 loss = 0.929238
  batch 5200 loss = 0.721641
  batch 5300 loss = 0.747038
  batch 5400 loss = 0.921553
  batch 5500 loss = 0.914831
  batch 5600 loss = 0.740895
  batch 5700 loss = 0.720345
  batch 5800 loss = 0.743105
  batch 5900 loss = 0.807935
  batch 6000 loss = 0.844398
  batch 6100 loss = 0.715027
  batch 6200 loss = 0.738417
  batch 6300 loss = 0.896104
  batch 6400 loss = 0.782822
  batch 6500 loss = 0.787222
  batch 6600 loss = 0.781629
  batch 6700 loss = 0.762995
  batch 6800 loss = 0.842790
  batch 6900 loss = 0.744059
  batch 7000 loss = 0.762608
  batch 7100 loss = 0.788109
  batch 7200 loss = 0.886224
  batch 7300 loss = 0.855806
  batch 7400 loss = 0.920645
  batch 7500 loss = 0.926990
  batch 7600 loss = 0.812362
  batch 7700 loss = 0.819887
  batch 7800 loss = 0.921700
  batch 7900 loss = 0.699152
  batch 8000 loss = 0.732652
  batch 8100 loss = 0.685573
  batch 8200 loss = 0.850442
  batch 8300 loss = 0.760647
  batch 8400 loss = 0.813956
  batch 8500 loss = 0.831625
  batch 8600 loss = 0.809749
  batch 8700 loss = 0.769196
  batch 8800 loss = 0.917267
  batch 8900 loss = 0.705294
  batch 9000 loss = 0.733467
  batch 9100 loss = 0.930386
  batch 9200 loss = 0.908096
  batch 9300 loss = 0.925796
  batch 9400 loss = 0.940894
  batch 9500 loss = 0.921884
  batch 9600 loss = 0.893893
  batch 9700 loss = 0.926349
  batch 9800 loss = 0.812154
  batch 9900 loss = 0.930105
  batch 10000 loss = 0.934325
  Total batches: 10000, final loss = 0.934325
Validation loss: 0.861855
No improvement for 3 epochs
Epoch 90
  batch 100 loss = 0.760020
  batch 200 loss = 0.852858
  batch 300 loss = 0.704451
  batch 400 loss = 0.692941
  batch 500 loss = 0.723637
  batch 600 loss = 0.927397
  batch 700 loss = 0.939099
  batch 800 loss = 0.789135
  batch 900 loss = 0.858913
  batch 1000 loss = 0.859363
  batch 1100 loss = 0.792491
  batch 1200 loss = 0.927907
  batch 1300 loss = 0.797128
  batch 1400 loss = 0.828440
  batch 1500 loss = 0.824658
  batch 1600 loss = 0.688216
  batch 1700 loss = 0.909133
  batch 1800 loss = 0.877111
  batch 1900 loss = 0.866704
  batch 2000 loss = 0.892447
  batch 2100 loss = 0.915518
  batch 2200 loss = 0.868555
  batch 2300 loss = 0.759684
  batch 2400 loss = 0.933590
  batch 2500 loss = 0.929100
  batch 2600 loss = 0.780940
  batch 2700 loss = 0.934185
  batch 2800 loss = 0.928618
  batch 2900 loss = 0.714235
  batch 3000 loss = 0.760643
  batch 3100 loss = 0.902681
  batch 3200 loss = 0.806072
  batch 3300 loss = 0.798239
  batch 3400 loss = 0.739884
  batch 3500 loss = 0.766770
  batch 3600 loss = 0.923551
  batch 3700 loss = 0.915499
  batch 3800 loss = 0.926871
  batch 3900 loss = 0.721952
  batch 4000 loss = 0.831140
  batch 4100 loss = 0.657303
  batch 4200 loss = 0.914693
  batch 4300 loss = 0.708522
  batch 4400 loss = 0.733215
  batch 4500 loss = 0.784801
  batch 4600 loss = 0.930578
  batch 4700 loss = 0.749752
  batch 4800 loss = 0.706536
  batch 4900 loss = 0.930973
  batch 5000 loss = 0.931074
  batch 5100 loss = 0.824690
  batch 5200 loss = 0.936972
  batch 5300 loss = 0.775255
  batch 5400 loss = 0.847831
  batch 5500 loss = 0.813744
  batch 5600 loss = 0.723494
  batch 5700 loss = 0.720435
  batch 5800 loss = 0.719711
  batch 5900 loss = 0.720296
  batch 6000 loss = 0.711192
  batch 6100 loss = 0.922192
  batch 6200 loss = 0.722732
  batch 6300 loss = 0.852013
  batch 6400 loss = 0.929158
  batch 6500 loss = 0.918956
  batch 6600 loss = 0.893362
  batch 6700 loss = 0.892909
  batch 6800 loss = 0.897054
  batch 6900 loss = 0.932801
  batch 7000 loss = 0.938650
  batch 7100 loss = 0.768453
  batch 7200 loss = 0.928019
  batch 7300 loss = 0.916097
  batch 7400 loss = 0.931756
  batch 7500 loss = 0.933280
  batch 7600 loss = 0.927032
  batch 7700 loss = 0.905602
  batch 7800 loss = 0.719877
  batch 7900 loss = 0.677364
  batch 8000 loss = 0.716077
  batch 8100 loss = 0.847476
  batch 8200 loss = 0.907738
  batch 8300 loss = 0.723675
  batch 8400 loss = 0.794255
  batch 8500 loss = 0.756854
  batch 8600 loss = 0.826714
  batch 8700 loss = 0.641092
  batch 8800 loss = 0.799191
  batch 8900 loss = 0.737253
  batch 9000 loss = 0.803961
  batch 9100 loss = 0.747116
  batch 9200 loss = 0.877154
  batch 9300 loss = 0.712001
  batch 9400 loss = 0.777000
  batch 9500 loss = 0.746031
  batch 9600 loss = 0.907378
  batch 9700 loss = 0.935852
  batch 9800 loss = 0.937907
  batch 9900 loss = 0.769882
  batch 10000 loss = 0.703567
  Total batches: 10000, final loss = 0.703567
Validation loss: 0.860001
No improvement for 4 epochs
Epoch 91
  batch 100 loss = 0.782303
  batch 200 loss = 0.748020
  batch 300 loss = 0.727285
  batch 400 loss = 0.936638
  batch 500 loss = 0.935562
  batch 600 loss = 0.837620
  batch 700 loss = 0.900319
  batch 800 loss = 0.914804
  batch 900 loss = 0.782096
  batch 1000 loss = 0.712429
  batch 1100 loss = 0.774888
  batch 1200 loss = 0.759147
  batch 1300 loss = 0.729272
  batch 1400 loss = 0.721114
  batch 1500 loss = 0.742468
  batch 1600 loss = 0.756123
  batch 1700 loss = 0.836230
  batch 1800 loss = 0.873629
  batch 1900 loss = 0.919707
  batch 2000 loss = 0.915162
  batch 2100 loss = 0.807109
  batch 2200 loss = 0.724330
  batch 2300 loss = 0.768287
  batch 2400 loss = 0.870427
  batch 2500 loss = 0.853571
  batch 2600 loss = 0.747453
  batch 2700 loss = 0.559480
  batch 2800 loss = 0.928460
  batch 2900 loss = 0.895663
  batch 3000 loss = 0.925554
  batch 3100 loss = 0.936925
  batch 3200 loss = 0.815510
  batch 3300 loss = 0.929966
  batch 3400 loss = 0.925786
  batch 3500 loss = 0.924494
  batch 3600 loss = 0.929766
  batch 3700 loss = 0.728536
  batch 3800 loss = 0.814134
  batch 3900 loss = 0.715450
  batch 4000 loss = 0.740921
  batch 4100 loss = 0.809518
  batch 4200 loss = 0.681395
  batch 4300 loss = 0.894784
  batch 4400 loss = 0.937111
  batch 4500 loss = 0.938897
  batch 4600 loss = 0.709567
  batch 4700 loss = 0.779726
  batch 4800 loss = 0.756196
  batch 4900 loss = 0.929290
  batch 5000 loss = 0.937663
  batch 5100 loss = 0.786431
  batch 5200 loss = 0.770826
  batch 5300 loss = 0.796741
  batch 5400 loss = 0.840077
  batch 5500 loss = 0.850149
  batch 5600 loss = 0.934589
  batch 5700 loss = 0.922494
  batch 5800 loss = 0.909905
  batch 5900 loss = 0.863951
  batch 6000 loss = 0.881945
  batch 6100 loss = 0.893915
  batch 6200 loss = 0.755266
  batch 6300 loss = 0.873876
  batch 6400 loss = 0.912517
  batch 6500 loss = 0.923445
  batch 6600 loss = 0.877011
  batch 6700 loss = 0.751395
  batch 6800 loss = 0.904781
  batch 6900 loss = 0.936240
  batch 7000 loss = 0.935593
  batch 7100 loss = 0.737973
  batch 7200 loss = 0.919901
  batch 7300 loss = 0.736360
  batch 7400 loss = 0.934774
  batch 7500 loss = 0.930468
  batch 7600 loss = 0.921258
  batch 7700 loss = 0.919394
  batch 7800 loss = 0.750100
  batch 7900 loss = 0.924264
  batch 8000 loss = 0.929958
  batch 8100 loss = 0.902867
  batch 8200 loss = 0.789551
  batch 8300 loss = 0.781239
  batch 8400 loss = 0.751845
  batch 8500 loss = 0.708207
  batch 8600 loss = 0.916070
  batch 8700 loss = 0.931068
  batch 8800 loss = 0.744436
  batch 8900 loss = 0.930380
  batch 9000 loss = 0.925179
  batch 9100 loss = 0.909225
  batch 9200 loss = 0.834956
  batch 9300 loss = 0.842115
  batch 9400 loss = 0.780384
  batch 9500 loss = 0.690420
  batch 9600 loss = 0.747655
  batch 9700 loss = 0.817870
  batch 9800 loss = 0.850212
  batch 9900 loss = 0.871973
  batch 10000 loss = 0.871659
  Total batches: 10000, final loss = 0.871659
Validation loss: 0.860940
No improvement for 5 epochs
Epoch 92
  batch 100 loss = 0.700885
  batch 200 loss = 0.688713
  batch 300 loss = 0.760902
  batch 400 loss = 0.768227
  batch 500 loss = 0.728271
  batch 600 loss = 0.920022
  batch 700 loss = 0.698181
  batch 800 loss = 0.921016
  batch 900 loss = 0.716994
  batch 1000 loss = 0.766866
  batch 1100 loss = 0.750948
  batch 1200 loss = 0.876822
  batch 1300 loss = 0.909711
  batch 1400 loss = 0.721087
  batch 1500 loss = 0.747826
  batch 1600 loss = 0.909412
  batch 1700 loss = 0.684216
  batch 1800 loss = 0.766252
  batch 1900 loss = 0.934493
  batch 2000 loss = 0.935718
  batch 2100 loss = 0.782743
  batch 2200 loss = 0.666294
  batch 2300 loss = 0.911744
  batch 2400 loss = 0.900900
  batch 2500 loss = 0.904574
  batch 2600 loss = 0.911913
  batch 2700 loss = 0.934155
  batch 2800 loss = 0.914678
  batch 2900 loss = 0.898507
  batch 3000 loss = 0.896943
  batch 3100 loss = 0.916455
  batch 3200 loss = 0.769708
  batch 3300 loss = 0.920913
  batch 3400 loss = 0.824637
  batch 3500 loss = 0.867448
  batch 3600 loss = 0.853345
  batch 3700 loss = 0.914721
  batch 3800 loss = 0.930084
  batch 3900 loss = 0.701084
  batch 4000 loss = 0.686781
  batch 4100 loss = 0.709393
  batch 4200 loss = 0.764415
  batch 4300 loss = 0.848576
  batch 4400 loss = 0.782920
  batch 4500 loss = 0.773220
  batch 4600 loss = 0.807832
  batch 4700 loss = 0.744889
  batch 4800 loss = 0.781542
  batch 4900 loss = 0.933833
  batch 5000 loss = 0.929770
  batch 5100 loss = 0.902471
  batch 5200 loss = 0.913823
  batch 5300 loss = 0.771889
  batch 5400 loss = 0.923418
  batch 5500 loss = 0.924103
  batch 5600 loss = 0.771911
  batch 5700 loss = 0.697139
  batch 5800 loss = 0.937161
  batch 5900 loss = 0.692853
  batch 6000 loss = 0.757826
  batch 6100 loss = 0.908096
  batch 6200 loss = 0.853279
  batch 6300 loss = 0.931838
  batch 6400 loss = 0.709109
  batch 6500 loss = 0.787131
  batch 6600 loss = 0.767538
  batch 6700 loss = 0.938750
  batch 6800 loss = 0.741769
  batch 6900 loss = 0.808451
  batch 7000 loss = 0.863110
  batch 7100 loss = 0.935090
  batch 7200 loss = 0.926508
  batch 7300 loss = 0.751113
  batch 7400 loss = 0.790310
  batch 7500 loss = 0.726868
  batch 7600 loss = 0.845233
  batch 7700 loss = 0.815974
  batch 7800 loss = 0.939527
  batch 7900 loss = 0.691876
  batch 8000 loss = 0.693692
  batch 8100 loss = 0.931566
  batch 8200 loss = 0.752828
  batch 8300 loss = 0.793984
  batch 8400 loss = 0.783464
  batch 8500 loss = 0.786095
  batch 8600 loss = 0.625662
  batch 8700 loss = 0.903835
  batch 8800 loss = 0.799938
  batch 8900 loss = 0.936685
  batch 9000 loss = 0.931601
  batch 9100 loss = 0.918079
  batch 9200 loss = 0.815393
  batch 9300 loss = 0.858626
  batch 9400 loss = 0.738191
  batch 9500 loss = 0.720243
  batch 9600 loss = 0.886652
  batch 9700 loss = 0.722023
  batch 9800 loss = 0.914753
  batch 9900 loss = 0.798685
  batch 10000 loss = 0.823951
  Total batches: 10000, final loss = 0.823951
Validation loss: 0.858751
Saved BEST checkpoint
Epoch 93
  batch 100 loss = 0.797513
  batch 200 loss = 0.742214
  batch 300 loss = 0.935833
  batch 400 loss = 0.732999
  batch 500 loss = 0.684078
  batch 600 loss = 0.741826
  batch 700 loss = 0.761239
  batch 800 loss = 0.837782
  batch 900 loss = 0.855376
  batch 1000 loss = 0.837647
  batch 1100 loss = 0.938896
  batch 1200 loss = 0.792385
  batch 1300 loss = 0.919774
  batch 1400 loss = 0.703188
  batch 1500 loss = 0.748468
  batch 1600 loss = 0.926916
  batch 1700 loss = 0.816339
  batch 1800 loss = 0.790922
  batch 1900 loss = 0.878948
  batch 2000 loss = 0.777294
  batch 2100 loss = 0.938110
  batch 2200 loss = 0.777231
  batch 2300 loss = 0.912988
  batch 2400 loss = 0.931270
  batch 2500 loss = 0.925549
  batch 2600 loss = 0.643868
  batch 2700 loss = 0.802027
  batch 2800 loss = 0.929648
  batch 2900 loss = 0.904233
  batch 3000 loss = 0.923121
  batch 3100 loss = 0.827171
  batch 3200 loss = 0.720386
  batch 3300 loss = 0.709866
  batch 3400 loss = 0.832434
  batch 3500 loss = 0.870637
  batch 3600 loss = 0.877322
  batch 3700 loss = 0.933078
  batch 3800 loss = 0.930913
  batch 3900 loss = 0.762768
  batch 4000 loss = 0.705304
  batch 4100 loss = 0.761032
  batch 4200 loss = 0.911641
  batch 4300 loss = 0.679108
  batch 4400 loss = 0.906924
  batch 4500 loss = 0.875161
  batch 4600 loss = 0.802963
  batch 4700 loss = 0.782041
  batch 4800 loss = 0.898838
  batch 4900 loss = 0.772687
  batch 5000 loss = 0.780061
  batch 5100 loss = 0.728084
  batch 5200 loss = 0.916307
  batch 5300 loss = 0.926002
  batch 5400 loss = 0.923609
  batch 5500 loss = 0.908617
  batch 5600 loss = 0.919026
  batch 5700 loss = 0.861076
  batch 5800 loss = 0.815530
  batch 5900 loss = 0.935979
  batch 6000 loss = 0.940524
  batch 6100 loss = 0.942918
  batch 6200 loss = 0.805749
  batch 6300 loss = 0.737465
  batch 6400 loss = 0.933769
  batch 6500 loss = 0.935507
  batch 6600 loss = 0.920050
  batch 6700 loss = 0.721481
  batch 6800 loss = 0.892592
  batch 6900 loss = 0.759383
  batch 7000 loss = 0.815120
  batch 7100 loss = 0.708090
  batch 7200 loss = 0.934293
  batch 7300 loss = 0.784983
  batch 7400 loss = 0.911661
  batch 7500 loss = 0.894401
  batch 7600 loss = 0.916972
  batch 7700 loss = 0.758797
  batch 7800 loss = 0.671056
  batch 7900 loss = 0.916251
  batch 8000 loss = 0.893953
  batch 8100 loss = 0.917324
  batch 8200 loss = 0.860625
  batch 8300 loss = 0.924909
  batch 8400 loss = 0.823224
  batch 8500 loss = 0.719386
  batch 8600 loss = 0.784278
  batch 8700 loss = 0.917261
  batch 8800 loss = 0.936502
  batch 8900 loss = 0.756430
  batch 9000 loss = 0.770170
  batch 9100 loss = 0.924751
  batch 9200 loss = 0.847571
  batch 9300 loss = 0.705743
  batch 9400 loss = 0.754853
  batch 9500 loss = 0.737232
  batch 9600 loss = 0.851937
  batch 9700 loss = 0.714977
  batch 9800 loss = 0.740869
  batch 9900 loss = 0.733635
  batch 10000 loss = 0.780004
  Total batches: 10000, final loss = 0.780004
Validation loss: 0.859052
No improvement for 1 epochs
Epoch 94
  batch 100 loss = 0.696369
  batch 200 loss = 0.901741
  batch 300 loss = 0.923913
  batch 400 loss = 0.777430
  batch 500 loss = 0.800397
  batch 600 loss = 0.834620
  batch 700 loss = 0.942008
  batch 800 loss = 0.924304
  batch 900 loss = 0.923513
  batch 1000 loss = 0.905236
  batch 1100 loss = 0.709529
  batch 1200 loss = 0.918163
  batch 1300 loss = 0.830193
  batch 1400 loss = 0.767336
  batch 1500 loss = 0.769999
  batch 1600 loss = 0.729518
  batch 1700 loss = 0.808506
  batch 1800 loss = 0.911058
  batch 1900 loss = 0.827021
  batch 2000 loss = 0.830967
  batch 2100 loss = 0.792856
  batch 2200 loss = 0.785099
  batch 2300 loss = 0.755353
  batch 2400 loss = 0.910707
  batch 2500 loss = 0.929665
  batch 2600 loss = 0.701522
  batch 2700 loss = 0.821330
  batch 2800 loss = 0.929311
  batch 2900 loss = 0.795680
  batch 3000 loss = 0.804731
  batch 3100 loss = 0.743294
  batch 3200 loss = 0.727879
  batch 3300 loss = 0.933094
  batch 3400 loss = 0.925535
  batch 3500 loss = 0.927847
  batch 3600 loss = 0.934195
  batch 3700 loss = 0.850990
  batch 3800 loss = 0.801303
  batch 3900 loss = 0.703058
  batch 4000 loss = 0.738191
  batch 4100 loss = 0.831168
  batch 4200 loss = 0.928566
  batch 4300 loss = 0.930438
  batch 4400 loss = 0.888675
  batch 4500 loss = 0.906470
  batch 4600 loss = 0.755262
  batch 4700 loss = 0.753138
  batch 4800 loss = 0.728254
  batch 4900 loss = 0.935615
  batch 5000 loss = 0.937948
  batch 5100 loss = 0.706952
  batch 5200 loss = 0.905990
  batch 5300 loss = 0.906481
  batch 5400 loss = 0.937276
  batch 5500 loss = 0.896431
  batch 5600 loss = 0.735180
  batch 5700 loss = 0.910504
  batch 5800 loss = 0.658253
  batch 5900 loss = 0.762013
  batch 6000 loss = 0.736437
  batch 6100 loss = 0.858932
  batch 6200 loss = 0.794191
  batch 6300 loss = 0.744815
  batch 6400 loss = 0.929512
  batch 6500 loss = 0.922638
  batch 6600 loss = 0.864007
  batch 6700 loss = 0.718182
  batch 6800 loss = 0.734944
  batch 6900 loss = 0.793804
  batch 7000 loss = 0.763351
  batch 7100 loss = 0.931192
  batch 7200 loss = 0.889323
  batch 7300 loss = 0.928765
  batch 7400 loss = 0.935193
  batch 7500 loss = 0.940572
  batch 7600 loss = 0.829649
  batch 7700 loss = 0.792635
  batch 7800 loss = 0.832216
  batch 7900 loss = 0.751862
  batch 8000 loss = 0.750003
  batch 8100 loss = 0.940545
  batch 8200 loss = 0.773108
  batch 8300 loss = 0.898564
  batch 8400 loss = 0.935692
  batch 8500 loss = 0.929295
  batch 8600 loss = 0.698504
  batch 8700 loss = 0.683381
  batch 8800 loss = 0.768481
  batch 8900 loss = 0.940926
  batch 9000 loss = 0.916445
  batch 9100 loss = 0.762097
  batch 9200 loss = 0.716663
  batch 9300 loss = 0.847975
  batch 9400 loss = 0.938395
  batch 9500 loss = 0.934957
  batch 9600 loss = 0.891959
  batch 9700 loss = 0.630558
  batch 9800 loss = 0.921618
  batch 9900 loss = 0.896904
  batch 10000 loss = 0.901913
  Total batches: 10000, final loss = 0.901913
Validation loss: 0.866088
No improvement for 2 epochs
Epoch 95
  batch 100 loss = 0.752069
  batch 200 loss = 0.932915
  batch 300 loss = 0.866308
  batch 400 loss = 0.915980
  batch 500 loss = 0.912991
  batch 600 loss = 0.757059
  batch 700 loss = 0.938343
  batch 800 loss = 0.914140
  batch 900 loss = 0.694462
  batch 1000 loss = 0.723125
  batch 1100 loss = 0.760335
  batch 1200 loss = 0.902605
  batch 1300 loss = 0.760202
  batch 1400 loss = 0.795298
  batch 1500 loss = 0.847968
  batch 1600 loss = 0.748053
  batch 1700 loss = 0.703315
  batch 1800 loss = 0.887988
  batch 1900 loss = 0.892993
  batch 2000 loss = 0.920623
  batch 2100 loss = 0.916671
  batch 2200 loss = 0.825264
  batch 2300 loss = 0.936385
  batch 2400 loss = 0.813993
  batch 2500 loss = 0.816196
  batch 2600 loss = 0.887563
  batch 2700 loss = 0.762935
  batch 2800 loss = 0.929788
  batch 2900 loss = 0.794085
  batch 3000 loss = 0.787823
  batch 3100 loss = 0.926133
  batch 3200 loss = 0.771456
  batch 3300 loss = 0.722517
  batch 3400 loss = 0.782397
  batch 3500 loss = 0.760085
  batch 3600 loss = 0.850909
  batch 3700 loss = 0.936418
  batch 3800 loss = 0.709408
  batch 3900 loss = 0.739034
  batch 4000 loss = 0.783582
  batch 4100 loss = 0.925750
  batch 4200 loss = 0.762625
  batch 4300 loss = 0.886996
  batch 4400 loss = 0.798660
  batch 4500 loss = 0.753760
  batch 4600 loss = 0.909532
  batch 4700 loss = 0.725128
  batch 4800 loss = 0.905908
  batch 4900 loss = 0.774680
  batch 5000 loss = 0.684827
  batch 5100 loss = 0.759479
  batch 5200 loss = 0.809234
  batch 5300 loss = 0.844147
  batch 5400 loss = 0.699071
  batch 5500 loss = 0.731689
  batch 5600 loss = 0.816249
  batch 5700 loss = 0.931980
  batch 5800 loss = 0.834700
  batch 5900 loss = 0.783735
  batch 6000 loss = 0.853962
  batch 6100 loss = 0.924783
  batch 6200 loss = 0.853513
  batch 6300 loss = 0.662008
  batch 6400 loss = 0.741463
  batch 6500 loss = 0.778633
  batch 6600 loss = 0.722213
  batch 6700 loss = 0.925537
  batch 6800 loss = 0.904783
  batch 6900 loss = 0.782866
  batch 7000 loss = 0.814285
  batch 7100 loss = 0.769649
  batch 7200 loss = 0.935503
  batch 7300 loss = 0.738859
  batch 7400 loss = 0.846880
  batch 7500 loss = 0.820831
  batch 7600 loss = 0.916526
  batch 7700 loss = 0.881558
  batch 7800 loss = 0.679590
  batch 7900 loss = 0.935102
  batch 8000 loss = 0.937065
  batch 8100 loss = 0.926829
  batch 8200 loss = 0.895885
  batch 8300 loss = 0.752715
  batch 8400 loss = 0.926565
  batch 8500 loss = 0.923013
  batch 8600 loss = 0.875433
  batch 8700 loss = 0.926290
  batch 8800 loss = 0.723655
  batch 8900 loss = 0.711365
  batch 9000 loss = 0.772926
  batch 9100 loss = 0.894655
  batch 9200 loss = 0.777440
  batch 9300 loss = 0.928018
  batch 9400 loss = 0.759066
  batch 9500 loss = 0.754642
  batch 9600 loss = 0.797609
  batch 9700 loss = 0.708174
  batch 9800 loss = 0.927428
  batch 9900 loss = 0.930426
  batch 10000 loss = 0.928636
  Total batches: 10000, final loss = 0.928636
Validation loss: 0.859400
No improvement for 3 epochs
Epoch 96
  batch 100 loss = 0.852535
  batch 200 loss = 0.921148
  batch 300 loss = 0.936898
  batch 400 loss = 0.924848
  batch 500 loss = 0.928314
  batch 600 loss = 0.743952
  batch 700 loss = 0.769393
  batch 800 loss = 0.865862
  batch 900 loss = 0.855006
  batch 1000 loss = 0.805577
  batch 1100 loss = 0.923624
  batch 1200 loss = 0.759068
  batch 1300 loss = 0.890877
  batch 1400 loss = 0.747611
  batch 1500 loss = 0.729304
  batch 1600 loss = 0.737260
  batch 1700 loss = 0.756387
  batch 1800 loss = 0.791555
  batch 1900 loss = 0.770289
  batch 2000 loss = 0.801949
  batch 2100 loss = 0.938436
  batch 2200 loss = 0.931180
  batch 2300 loss = 0.766823
  batch 2400 loss = 0.728150
  batch 2500 loss = 0.740066
  batch 2600 loss = 0.940744
  batch 2700 loss = 0.923184
  batch 2800 loss = 0.705064
  batch 2900 loss = 0.743952
  batch 3000 loss = 0.727773
  batch 3100 loss = 0.735405
  batch 3200 loss = 0.921223
  batch 3300 loss = 0.873131
  batch 3400 loss = 0.935699
  batch 3500 loss = 0.936959
  batch 3600 loss = 0.753087
  batch 3700 loss = 0.884797
  batch 3800 loss = 0.901508
  batch 3900 loss = 0.858593
  batch 4000 loss = 0.868387
  batch 4100 loss = 0.722693
  batch 4200 loss = 0.748685
  batch 4300 loss = 0.744971
  batch 4400 loss = 0.899053
  batch 4500 loss = 0.897093
  batch 4600 loss = 0.921320
  batch 4700 loss = 0.758969
  batch 4800 loss = 0.921732
  batch 4900 loss = 0.780458
  batch 5000 loss = 0.855502
  batch 5100 loss = 0.834033
  batch 5200 loss = 0.801951
  batch 5300 loss = 0.717925
  batch 5400 loss = 0.939556
  batch 5500 loss = 0.935738
  batch 5600 loss = 0.745911
  batch 5700 loss = 0.773656
  batch 5800 loss = 0.663985
  batch 5900 loss = 0.748203
  batch 6000 loss = 0.738757
  batch 6100 loss = 0.899679
  batch 6200 loss = 0.675872
  batch 6300 loss = 0.799992
  batch 6400 loss = 0.817670
  batch 6500 loss = 0.851853
  batch 6600 loss = 0.810045
  batch 6700 loss = 0.927298
  batch 6800 loss = 0.936299
  batch 6900 loss = 0.708222
  batch 7000 loss = 0.787574
  batch 7100 loss = 0.701103
  batch 7200 loss = 0.927347
  batch 7300 loss = 0.830403
  batch 7400 loss = 0.936178
  batch 7500 loss = 0.928783
  batch 7600 loss = 0.911656
  batch 7700 loss = 0.937000
  batch 7800 loss = 0.921026
  batch 7900 loss = 0.893803
  batch 8000 loss = 0.889472
  batch 8100 loss = 0.840479
  batch 8200 loss = 0.917109
  batch 8300 loss = 0.874462
  batch 8400 loss = 0.683466
  batch 8500 loss = 0.709506
  batch 8600 loss = 0.809952
  batch 8700 loss = 0.759708
  batch 8800 loss = 0.937130
  batch 8900 loss = 0.926351
  batch 9000 loss = 0.927240
  batch 9100 loss = 0.728043
  batch 9200 loss = 0.908490
  batch 9300 loss = 0.930001
  batch 9400 loss = 0.783320
  batch 9500 loss = 0.742007
  batch 9600 loss = 0.870787
  batch 9700 loss = 0.882399
  batch 9800 loss = 0.839748
  batch 9900 loss = 0.695806
  batch 10000 loss = 0.786661
  Total batches: 10000, final loss = 0.786661
Validation loss: 0.863194
No improvement for 4 epochs
Epoch 97
  batch 100 loss = 0.922720
  batch 200 loss = 0.730307
  batch 300 loss = 0.714964
  batch 400 loss = 0.886855
  batch 500 loss = 0.892686
  batch 600 loss = 0.896052
  batch 700 loss = 0.801622
  batch 800 loss = 0.852647
  batch 900 loss = 0.847296
  batch 1000 loss = 0.825188
  batch 1100 loss = 0.780579
  batch 1200 loss = 0.734632
  batch 1300 loss = 0.912033
  batch 1400 loss = 0.750265
  batch 1500 loss = 0.700895
  batch 1600 loss = 0.878309
  batch 1700 loss = 0.857289
  batch 1800 loss = 0.715749
  batch 1900 loss = 0.795444
  batch 2000 loss = 0.829515
  batch 2100 loss = 0.738616
  batch 2200 loss = 0.932969
  batch 2300 loss = 0.765067
  batch 2400 loss = 0.782803
  batch 2500 loss = 0.680953
  batch 2600 loss = 0.714420
  batch 2700 loss = 0.929749
  batch 2800 loss = 0.917230
  batch 2900 loss = 0.884793
  batch 3000 loss = 0.908361
  batch 3100 loss = 0.750819
  batch 3200 loss = 0.925392
  batch 3300 loss = 0.840010
  batch 3400 loss = 0.807686
  batch 3500 loss = 0.820904
  batch 3600 loss = 0.937052
  batch 3700 loss = 0.928859
  batch 3800 loss = 0.749083
  batch 3900 loss = 0.922479
  batch 4000 loss = 0.934702
  batch 4100 loss = 0.733490
  batch 4200 loss = 0.782813
  batch 4300 loss = 0.710923
  batch 4400 loss = 0.922015
  batch 4500 loss = 0.930974
  batch 4600 loss = 0.911249
  batch 4700 loss = 0.751695
  batch 4800 loss = 0.910515
  batch 4900 loss = 0.649358
  batch 5000 loss = 0.775840
  batch 5100 loss = 0.731314
  batch 5200 loss = 0.917938
  batch 5300 loss = 0.848513
  batch 5400 loss = 0.704237
  batch 5500 loss = 0.697849
  batch 5600 loss = 0.822270
  batch 5700 loss = 0.858969
  batch 5800 loss = 0.930685
  batch 5900 loss = 0.825360
  batch 6000 loss = 0.791297
  batch 6100 loss = 0.700149
  batch 6200 loss = 0.917007
  batch 6300 loss = 0.768562
  batch 6400 loss = 0.784988
  batch 6500 loss = 0.787700
  batch 6600 loss = 0.736601
  batch 6700 loss = 0.940249
  batch 6800 loss = 0.852305
  batch 6900 loss = 0.929716
  batch 7000 loss = 0.929833
  batch 7100 loss = 0.904662
  batch 7200 loss = 0.918046
  batch 7300 loss = 0.936889
  batch 7400 loss = 0.861203
  batch 7500 loss = 0.886074
  batch 7600 loss = 0.747284
  batch 7700 loss = 0.698406
  batch 7800 loss = 0.750931
  batch 7900 loss = 0.937529
  batch 8000 loss = 0.934869
  batch 8100 loss = 0.877295
  batch 8200 loss = 0.801907
  batch 8300 loss = 0.892456
  batch 8400 loss = 0.937190
  batch 8500 loss = 0.933461
  batch 8600 loss = 0.922859
  batch 8700 loss = 0.933516
  batch 8800 loss = 0.925137
  batch 8900 loss = 0.741729
  batch 9000 loss = 0.724295
  batch 9100 loss = 0.747826
  batch 9200 loss = 0.714655
  batch 9300 loss = 0.938401
  batch 9400 loss = 0.747902
  batch 9500 loss = 0.667433
  batch 9600 loss = 0.858737
  batch 9700 loss = 0.879842
  batch 9800 loss = 0.742537
  batch 9900 loss = 0.635314
  batch 10000 loss = 0.694296
  Total batches: 10000, final loss = 0.694296
Validation loss: 0.860931
No improvement for 5 epochs
Epoch 98
  batch 100 loss = 0.852624
  batch 200 loss = 0.732918
  batch 300 loss = 0.822974
  batch 400 loss = 0.879132
  batch 500 loss = 0.837642
  batch 600 loss = 0.718691
  batch 700 loss = 0.935760
  batch 800 loss = 0.742776
  batch 900 loss = 0.925878
  batch 1000 loss = 0.930326
  batch 1100 loss = 0.816795
  batch 1200 loss = 0.756511
  batch 1300 loss = 0.916182
  batch 1400 loss = 0.723575
  batch 1500 loss = 0.734107
  batch 1600 loss = 0.775092
  batch 1700 loss = 0.935582
  batch 1800 loss = 0.761818
  batch 1900 loss = 0.763953
  batch 2000 loss = 0.778477
  batch 2100 loss = 0.934678
  batch 2200 loss = 0.822584
  batch 2300 loss = 0.937885
  batch 2400 loss = 0.831449
  batch 2500 loss = 0.771258
  batch 2600 loss = 0.906350
  batch 2700 loss = 0.765312
  batch 2800 loss = 0.919912
  batch 2900 loss = 0.754040
  batch 3000 loss = 0.773779
  batch 3100 loss = 0.685091
  batch 3200 loss = 0.916689
  batch 3300 loss = 0.866355
  batch 3400 loss = 0.933811
  batch 3500 loss = 0.941664
  batch 3600 loss = 0.854864
  batch 3700 loss = 0.744696
  batch 3800 loss = 0.887587
  batch 3900 loss = 0.878889
  batch 4000 loss = 0.876406
  batch 4100 loss = 0.714398
  batch 4200 loss = 0.748183
  batch 4300 loss = 0.752225
  batch 4400 loss = 0.921273
  batch 4500 loss = 0.932085
  batch 4600 loss = 0.754407
  batch 4700 loss = 0.830422
  batch 4800 loss = 0.932389
  batch 4900 loss = 0.925233
  batch 5000 loss = 0.923060
  batch 5100 loss = 0.734191
  batch 5200 loss = 0.800853
  batch 5300 loss = 0.917933
  batch 5400 loss = 0.910402
  batch 5500 loss = 0.911676
  batch 5600 loss = 0.928399
  batch 5700 loss = 0.919787
  batch 5800 loss = 0.852430
  batch 5900 loss = 0.807305
  batch 6000 loss = 0.836462
  batch 6100 loss = 0.892881
  batch 6200 loss = 0.751702
  batch 6300 loss = 0.720796
  batch 6400 loss = 0.920274
  batch 6500 loss = 0.931857
  batch 6600 loss = 0.714960
  batch 6700 loss = 0.916895
  batch 6800 loss = 0.691572
  batch 6900 loss = 0.920956
  batch 7000 loss = 0.922790
  batch 7100 loss = 0.758236
  batch 7200 loss = 0.926541
  batch 7300 loss = 0.857897
  batch 7400 loss = 0.921508
  batch 7500 loss = 0.919768
  batch 7600 loss = 0.742345
  batch 7700 loss = 0.725772
  batch 7800 loss = 0.938075
  batch 7900 loss = 0.830058
  batch 8000 loss = 0.819992
  batch 8100 loss = 0.939442
  batch 8200 loss = 0.924857
  batch 8300 loss = 0.687147
  batch 8400 loss = 0.891369
  batch 8500 loss = 0.888702
  batch 8600 loss = 0.936773
  batch 8700 loss = 0.866183
  batch 8800 loss = 0.776294
  batch 8900 loss = 0.901878
  batch 9000 loss = 0.928039
  batch 9100 loss = 0.640182
  batch 9200 loss = 0.815787
  batch 9300 loss = 0.765416
  batch 9400 loss = 0.906996
  batch 9500 loss = 0.861768
  batch 9600 loss = 0.907344
  batch 9700 loss = 0.916543
  batch 9800 loss = 0.802313
  batch 9900 loss = 0.753635
  batch 10000 loss = 0.763462
  Total batches: 10000, final loss = 0.763462
Validation loss: 0.859967
No improvement for 6 epochs
Epoch 99
  batch 100 loss = 0.715591
  batch 200 loss = 0.862131
  batch 300 loss = 0.916095
  batch 400 loss = 0.749485
  batch 500 loss = 0.770636
  batch 600 loss = 0.745289
  batch 700 loss = 0.766409
  batch 800 loss = 0.693029
  batch 900 loss = 0.799711
  batch 1000 loss = 0.778940
  batch 1100 loss = 0.753674
  batch 1200 loss = 0.649865
  batch 1300 loss = 0.710193
  batch 1400 loss = 0.930116
  batch 1500 loss = 0.934164
  batch 1600 loss = 0.923468
  batch 1700 loss = 0.931403
  batch 1800 loss = 0.906294
  batch 1900 loss = 0.737308
  batch 2000 loss = 0.768867
  batch 2100 loss = 0.777121
  batch 2200 loss = 0.858749
  batch 2300 loss = 0.911534
  batch 2400 loss = 0.717492
  batch 2500 loss = 0.749584
  batch 2600 loss = 0.935812
  batch 2700 loss = 0.833659
  batch 2800 loss = 0.790568
  batch 2900 loss = 0.939286
  batch 3000 loss = 0.936720
  batch 3100 loss = 0.936319
  batch 3200 loss = 0.818609
  batch 3300 loss = 0.933845
  batch 3400 loss = 0.936657
  batch 3500 loss = 0.929637
  batch 3600 loss = 0.939499
  batch 3700 loss = 0.757850
  batch 3800 loss = 0.923155
  batch 3900 loss = 0.772154
  batch 4000 loss = 0.763273
  batch 4100 loss = 0.738041
  batch 4200 loss = 0.768255
  batch 4300 loss = 0.789022
  batch 4400 loss = 0.859021
  batch 4500 loss = 0.854532
  batch 4600 loss = 0.733414
  batch 4700 loss = 0.700723
  batch 4800 loss = 0.901698
  batch 4900 loss = 0.730046
  batch 5000 loss = 0.739095
  batch 5100 loss = 0.927186
  batch 5200 loss = 0.726856
  batch 5300 loss = 0.920169
  batch 5400 loss = 0.788584
  batch 5500 loss = 0.709143
  batch 5600 loss = 0.891634
  batch 5700 loss = 0.816081
  batch 5800 loss = 0.937070
  batch 5900 loss = 0.933637
  batch 6000 loss = 0.929196
  batch 6100 loss = 0.736976
  batch 6200 loss = 0.691260
  batch 6300 loss = 0.715536
  batch 6400 loss = 0.822094
  batch 6500 loss = 0.799337
  batch 6600 loss = 0.757536
  batch 6700 loss = 0.806547
  batch 6800 loss = 0.911004
  batch 6900 loss = 0.927772
  batch 7000 loss = 0.922881
  batch 7100 loss = 0.939400
  batch 7200 loss = 0.873817
  batch 7300 loss = 0.716157
  batch 7400 loss = 0.902748
  batch 7500 loss = 0.908924
  batch 7600 loss = 0.880292
  batch 7700 loss = 0.925456
  batch 7800 loss = 0.867112
  batch 7900 loss = 0.790631
  batch 8000 loss = 0.783040
  batch 8100 loss = 0.925290
  batch 8200 loss = 0.899428
  batch 8300 loss = 0.919479
  batch 8400 loss = 0.837621
  batch 8500 loss = 0.806419
  batch 8600 loss = 0.783629
  batch 8700 loss = 0.730212
  batch 8800 loss = 0.732421
  batch 8900 loss = 0.905923
  batch 9000 loss = 0.898426
  batch 9100 loss = 0.740884
  batch 9200 loss = 0.687970
  batch 9300 loss = 0.926347
  batch 9400 loss = 0.931624
  batch 9500 loss = 0.932477
  batch 9600 loss = 0.780485
  batch 9700 loss = 0.687204
  batch 9800 loss = 0.778787
  batch 9900 loss = 0.932545
  batch 10000 loss = 0.932440
  Total batches: 10000, final loss = 0.932440
Validation loss: 0.859549
No improvement for 7 epochs
Epoch 100
  batch 100 loss = 0.707817
  batch 200 loss = 0.919572
  batch 300 loss = 0.741157
  batch 400 loss = 0.780195
  batch 500 loss = 0.795986
  batch 600 loss = 0.766747
  batch 700 loss = 0.864427
  batch 800 loss = 0.689386
  batch 900 loss = 0.922809
  batch 1000 loss = 0.901672
  batch 1100 loss = 0.872698
  batch 1200 loss = 0.894468
  batch 1300 loss = 0.881499
  batch 1400 loss = 0.798236
  batch 1500 loss = 0.772465
  batch 1600 loss = 0.758131
  batch 1700 loss = 0.934779
  batch 1800 loss = 0.889989
  batch 1900 loss = 0.873249
  batch 2000 loss = 0.873528
  batch 2100 loss = 0.761560
  batch 2200 loss = 0.848844
  batch 2300 loss = 0.782304
  batch 2400 loss = 0.935043
  batch 2500 loss = 0.937347
  batch 2600 loss = 0.717377
  batch 2700 loss = 0.939984
  batch 2800 loss = 0.754630
  batch 2900 loss = 0.674299
  batch 3000 loss = 0.638914
  batch 3100 loss = 0.931405
  batch 3200 loss = 0.757542
  batch 3300 loss = 0.908007
  batch 3400 loss = 0.937750
  batch 3500 loss = 0.932461
  batch 3600 loss = 0.852432
  batch 3700 loss = 0.940028
  batch 3800 loss = 0.920823
  batch 3900 loss = 0.864305
  batch 4000 loss = 0.892234
  batch 4100 loss = 0.754048
  batch 4200 loss = 0.937911
  batch 4300 loss = 0.685098
  batch 4400 loss = 0.705802
  batch 4500 loss = 0.685030
  batch 4600 loss = 0.936873
  batch 4700 loss = 0.840154
  batch 4800 loss = 0.927293
  batch 4900 loss = 0.936538
  batch 5000 loss = 0.928621
  batch 5100 loss = 0.712524
  batch 5200 loss = 0.826981
  batch 5300 loss = 0.734967
  batch 5400 loss = 0.653327
  batch 5500 loss = 0.769752
  batch 5600 loss = 0.819068
  batch 5700 loss = 0.750937
  batch 5800 loss = 0.917453
  batch 5900 loss = 0.900477
  batch 6000 loss = 0.907210
  batch 6100 loss = 0.905453
  batch 6200 loss = 0.910541
  batch 6300 loss = 0.920192
  batch 6400 loss = 0.649416
  batch 6500 loss = 0.723685
  batch 6600 loss = 0.834019
  batch 6700 loss = 0.689581
  batch 6800 loss = 0.934896
  batch 6900 loss = 0.798406
  batch 7000 loss = 0.817561
  batch 7100 loss = 0.930334
  batch 7200 loss = 0.859928
  batch 7300 loss = 0.775246
  batch 7400 loss = 0.913836
  batch 7500 loss = 0.892114
  batch 7600 loss = 0.737458
  batch 7700 loss = 0.931760
  batch 7800 loss = 0.933513
  batch 7900 loss = 0.739089
  batch 8000 loss = 0.677817
  batch 8100 loss = 0.730475
  batch 8200 loss = 0.852372
  batch 8300 loss = 0.927290
  batch 8400 loss = 0.770998
  batch 8500 loss = 0.795900
  batch 8600 loss = 0.897069
  batch 8700 loss = 0.732136
  batch 8800 loss = 0.714831
  batch 8900 loss = 0.827645
  batch 9000 loss = 0.804236
  batch 9100 loss = 0.716951
  batch 9200 loss = 0.856141
  batch 9300 loss = 0.915197
  batch 9400 loss = 0.922931
  batch 9500 loss = 0.927180
  batch 9600 loss = 0.750048
  batch 9700 loss = 0.808206
  batch 9800 loss = 0.802633
  batch 9900 loss = 0.753849
  batch 10000 loss = 0.754462
  Total batches: 10000, final loss = 0.754462
Validation loss: 0.861522
No improvement for 8 epochs

Training complete!
