epoch,chunk_id,batch,train_loss,val_loss
1,0,0,1.0258886814117432,
1,0,1,0.79180508852005,
1,1,0,0.9744240641593933,
1,1,1,0.9470272064208984,
1,2,0,0.9918274879455566,
1,2,1,0.9888380765914917,
1,3,0,0.9809884428977966,
1,3,1,0.9591725468635559,
1,4,0,0.9215782284736633,
1,4,1,0.9885639548301697,
1,5,0,1.001518726348877,
1,5,1,0.9751445055007935,
1,6,0,1.048277735710144,
1,6,1,0.9996833205223083,
1,7,0,1.0114225149154663,
1,7,1,0.9146840572357178,
1,8,0,0.9144879579544067,
1,8,1,1.0157421827316284,
1,9,0,0.9779039621353149,
1,9,1,1.0704798698425293,
1,10,0,1.004530668258667,
1,10,1,1.0040804147720337,
1,11,0,0.9611112475395203,
1,11,1,1.0178016424179077,
1,12,0,0.9711841940879822,
1,12,1,0.8696516752243042,
1,13,0,0.959212601184845,
1,13,1,0.9841792583465576,
1,14,0,0.9918487071990967,
1,14,1,1.0220450162887573,
1,15,0,0.9513562321662903,
1,15,1,0.9691567420959473,
1,16,0,1.0502985715866089,
1,16,1,0.8430891036987305,
1,17,0,0.9438748359680176,
1,17,1,1.0919338464736938,
1,18,0,0.9741072654724121,
1,18,1,0.946549117565155,
1,19,0,0.9770103693008423,
1,19,1,0.9117811918258667,
1,20,0,0.9252538084983826,
1,20,1,0.9547156095504761,
1,21,0,0.9934160709381104,
1,21,1,0.99892258644104,
1,22,0,0.9862605333328247,
1,22,1,0.8794910311698914,
1,23,0,1.0125081539154053,
1,23,1,1.016819715499878,
1,24,0,0.962873637676239,
1,24,1,1.0231826305389404,
1,25,0,0.9645591974258423,
1,25,1,1.0780764818191528,
1,26,0,0.9407740235328674,
1,26,1,0.9964278340339661,
1,27,0,1.0100953578948975,
1,27,1,1.0235480070114136,
1,28,0,0.9262593984603882,
1,28,1,1.001045823097229,
1,29,0,0.9633429050445557,
1,29,1,1.0450029373168945,
1,30,0,0.912299633026123,
1,30,1,0.879462480545044,
1,31,0,0.9714286923408508,
1,31,1,0.9435505270957947,
1,32,0,0.9636002779006958,
1,32,1,0.9957712888717651,
1,33,0,0.9220846891403198,
1,33,1,1.0,
1,34,0,0.919151782989502,
1,34,1,0.9445982575416565,
1,35,0,0.9721872806549072,
1,35,1,1.0102933645248413,
1,36,0,0.9073185324668884,
1,36,1,0.893299400806427,
1,37,0,0.926275908946991,
1,37,1,0.9649997353553772,
1,38,0,0.9968371987342834,
1,38,1,0.9720911979675293,
1,39,0,1.0041091442108154,
1,39,1,1.014146327972412,
1,40,0,1.0265978574752808,
1,40,1,0.9931826591491699,
1,41,0,0.9382236003875732,
1,41,1,0.9480929970741272,
1,42,0,0.968042254447937,
1,42,1,0.8448232412338257,
1,43,0,1.0190376043319702,
1,43,1,0.9497262239456177,
1,44,0,1.0090705156326294,
1,44,1,1.1715278625488281,
1,45,0,0.9788829684257507,
1,45,1,0.9896397590637207,
1,46,0,0.9239047169685364,
1,46,1,0.8829753398895264,
1,47,0,0.9513141512870789,
1,47,1,1.006295084953308,
1,48,0,0.9599738717079163,
1,48,1,0.9695878624916077,
1,49,0,0.9467651844024658,
1,49,1,0.9705691337585449,
1,50,0,0.9364057779312134,
1,50,1,0.9593825936317444,
1,51,0,0.9806966781616211,
1,51,1,0.9941707253456116,
1,52,0,0.9979642629623413,
1,52,1,1.0047744512557983,
1,53,0,0.9658957719802856,
1,53,1,1.0180574655532837,
1,54,0,1.0110307931900024,
1,54,1,0.96345055103302,
1,55,0,0.9849931597709656,
1,55,1,1.012811303138733,
1,56,0,1.0301727056503296,
1,56,1,0.9804733395576477,
1,57,0,0.987240731716156,
1,57,1,1.0281798839569092,
1,58,0,0.9718181490898132,
1,58,1,0.9736116528511047,
1,59,0,0.9239060878753662,
1,59,1,0.907425582408905,
1,60,0,0.9375240802764893,
1,60,1,0.9621368050575256,
1,61,0,0.9858025312423706,
1,61,1,1.0261623859405518,
1,62,0,0.9883136749267578,
1,62,1,0.9836607575416565,
1,63,0,0.9678213000297546,
1,63,1,0.9894018173217773,
1,64,0,1.0073086023330688,
1,64,1,1.0068248510360718,
1,65,0,0.9348277449607849,
1,65,1,1.0611261129379272,
1,66,0,0.9328962564468384,
1,66,1,0.9883567690849304,
1,67,0,0.9095361232757568,
1,67,1,0.9272571206092834,
1,68,0,0.9746196866035461,
1,68,1,0.9152175188064575,
1,69,0,0.9582107663154602,
1,69,1,0.9859071373939514,
1,70,0,0.9673606753349304,
1,70,1,1.0191370248794556,
1,71,0,1.0069904327392578,
1,71,1,1.0674508810043335,
1,72,0,0.9567090272903442,
1,72,1,0.9916340112686157,
1,73,0,0.932822048664093,
1,73,1,0.9846405982971191,
1,74,0,1.0338884592056274,
1,74,1,1.0067861080169678,
1,75,0,1.0276193618774414,
1,75,1,0.9288991093635559,
1,76,0,0.9444122314453125,
1,76,1,0.9237813949584961,
1,77,0,0.9747090935707092,
1,77,1,1.008239507675171,
1,78,0,1.015913963317871,
1,78,1,0.9533555507659912,
1,79,0,0.9724605083465576,
1,79,1,0.902993381023407,
1,80,0,1.0056689977645874,
1,80,1,1.0254777669906616,
1,81,0,1.010401964187622,
1,81,1,1.071790337562561,
1,82,0,1.030963659286499,
1,82,1,1.0359914302825928,
1,83,0,1.0426331758499146,
1,83,1,0.9646010398864746,
1,84,0,1.0177278518676758,
1,84,1,0.9287671446800232,
1,85,0,0.9849300384521484,
1,85,1,0.9571462869644165,
1,86,0,0.983607292175293,
1,86,1,1.0034205913543701,
1,87,0,1.010331392288208,
1,87,1,1.0223370790481567,
1,88,0,1.0120184421539307,
1,88,1,1.2409908771514893,
1,89,0,0.9695320129394531,
1,89,1,0.9985949397087097,
1,90,0,0.9491784572601318,
1,90,1,1.0547760725021362,
1,91,0,1.0033738613128662,
1,91,1,1.0033342838287354,
1,92,0,1.0487653017044067,
1,92,1,0.9447975158691406,
1,93,0,1.0177440643310547,
1,93,1,1.0731431245803833,
1,94,0,0.953820526599884,
1,94,1,0.8764950633049011,
1,95,0,0.9516218900680542,
1,95,1,1.019651174545288,
1,96,0,0.9868385195732117,
1,96,1,0.9574339985847473,
1,97,0,0.9395118355751038,
1,97,1,0.9241992831230164,
1,98,0,1.0114153623580933,
1,98,1,1.0322132110595703,
1,99,0,0.9827345609664917,
1,99,1,1.0306202173233032,
1,100,0,1.0161354541778564,
1,100,1,0.908612072467804,
1,101,0,1.009477138519287,
1,101,1,0.9905478358268738,
1,102,0,0.932945966720581,
1,102,1,1.0,
1,103,0,0.9898911118507385,
1,103,1,0.9985231757164001,
1,104,0,0.9917968511581421,
1,104,1,0.9473098516464233,
1,105,0,1.000891923904419,
1,105,1,0.9724274277687073,
1,106,0,0.9624763131141663,
1,106,1,0.9983952641487122,
1,107,0,1.0283839702606201,
1,107,1,1.0318111181259155,
1,108,0,1.063205599784851,
1,108,1,0.919061541557312,
1,109,0,1.007427453994751,
1,109,1,0.9698728919029236,
1,110,0,0.9312000274658203,
1,110,1,0.9377543926239014,
1,111,0,0.9953666925430298,
1,111,1,0.9585988521575928,
1,112,0,0.9881349205970764,
1,112,1,0.942861020565033,
1,113,0,0.972551167011261,
1,113,1,0.9947644472122192,
1,114,0,1.0206773281097412,
1,114,1,0.9703700542449951,
1,115,0,0.9712234735488892,
1,115,1,0.9330589175224304,
1,116,0,0.9564788341522217,
1,116,1,1.013657569885254,
1,117,0,0.9802839159965515,
1,117,1,0.970508873462677,
1,118,0,0.9975425004959106,
1,118,1,1.0465415716171265,
1,119,0,0.9767507314682007,
1,119,1,0.9234334826469421,
1,120,0,1.0167943239212036,
1,120,1,0.97334885597229,
1,121,0,0.9219942092895508,
1,121,1,0.97954261302948,
1,122,0,0.9484875202178955,
1,122,1,1.042880892753601,
1,123,0,1.022284746170044,
1,123,1,1.074588418006897,
1,124,0,0.9463463425636292,
1,124,1,0.9748205542564392,
1,125,0,0.9736644625663757,
1,125,1,0.9417063593864441,
1,126,0,0.9283329844474792,
1,126,1,0.9816103577613831,
1,127,0,0.9491915106773376,
1,127,1,0.9908698797225952,
1,128,0,0.9590014815330505,
1,128,1,0.9601584076881409,
1,129,0,0.9398725628852844,
1,129,1,0.9993739128112793,
1,130,0,1.0047681331634521,
1,130,1,0.9695019721984863,
1,131,0,0.9935764074325562,
1,131,1,0.8226243257522583,
1,132,0,1.0203416347503662,
1,132,1,0.8658561706542969,
1,133,0,0.9856336116790771,
1,133,1,0.9679983854293823,
1,134,0,0.9978682398796082,
1,134,1,1.0553512573242188,
1,135,0,0.9568426012992859,
1,135,1,1.089085578918457,
1,136,0,0.9612017869949341,
1,136,1,0.9634288549423218,
1,137,0,0.8904528021812439,
1,137,1,1.0273635387420654,
1,138,0,0.9894701838493347,
1,138,1,0.938260018825531,
1,139,0,0.9478918313980103,
1,139,1,1.1935327053070068,
1,140,0,0.9597203731536865,
1,140,1,1.0266507863998413,
1,141,0,0.9289776086807251,
1,141,1,0.8532149791717529,
1,142,0,0.9506451487541199,
1,142,1,0.899406909942627,
1,143,0,0.9774779081344604,
1,143,1,0.9162436723709106,
1,144,0,1.007178544998169,
1,144,1,0.9634565711021423,
1,145,0,0.9736249446868896,
1,145,1,1.1192622184753418,
1,146,0,0.9713672399520874,
1,146,1,0.998134195804596,
1,147,0,0.9661682844161987,
1,147,1,0.9937542676925659,
1,148,0,0.9926074147224426,
1,148,1,0.9287117123603821,
1,149,0,0.9823842644691467,
1,149,1,0.9905494451522827,
1,150,0,0.9675164818763733,
1,150,1,0.9134628176689148,
1,151,0,0.9877042174339294,
1,151,1,0.901860773563385,
1,152,0,0.9665695428848267,
1,152,1,0.9958062171936035,
1,153,0,0.9518393278121948,
1,153,1,0.9736770987510681,
1,154,0,0.975853681564331,
1,154,1,0.962242841720581,
1,155,0,0.9453932046890259,
1,155,1,1.003865361213684,
1,156,0,0.9921744465827942,
1,156,1,1.0038931369781494,
1,157,0,0.9749064445495605,
1,157,1,1.0408128499984741,
1,158,0,0.9729591608047485,
1,158,1,0.9558479189872742,
1,159,0,0.9581345915794373,
1,159,1,0.9424753785133362,
1,160,0,0.9871744513511658,
1,160,1,0.9704858064651489,
1,161,0,0.9975064992904663,
1,161,1,1.017481803894043,
1,162,0,0.9938784837722778,
1,162,1,1.026091456413269,
1,163,0,0.9764506816864014,
1,163,1,0.80393385887146,
1,164,0,0.9851508140563965,
1,164,1,0.9671053886413574,
1,165,0,0.9499872922897339,
1,165,1,1.0177578926086426,
1,166,0,0.9267480373382568,
1,166,1,0.932352602481842,
1,167,0,0.9800269603729248,
1,167,1,1.0053099393844604,
1,168,0,0.991054117679596,
1,168,1,1.0561221837997437,
1,169,0,1.0107496976852417,
1,169,1,0.9614161849021912,
1,170,0,0.9268798232078552,
1,170,1,0.9150826334953308,
1,171,0,0.9705255627632141,
1,171,1,0.9882960319519043,
1,172,0,0.998751163482666,
1,172,1,1.0139697790145874,
1,173,0,0.9788262844085693,
1,173,1,0.9971615672111511,
1,174,0,0.959151566028595,
1,174,1,1.0012996196746826,
1,175,0,0.9681668281555176,
1,175,1,0.9934495091438293,
1,176,0,0.9819624423980713,
1,176,1,0.9803981184959412,
1,177,0,0.9295893907546997,
1,177,1,0.9957457780838013,
1,178,0,0.9385119676589966,
1,178,1,0.9838248491287231,
1,179,0,0.9617732763290405,
1,179,1,0.8922384977340698,
1,180,0,0.996391773223877,
1,180,1,1.0170989036560059,
1,181,0,0.9757326245307922,
1,181,1,1.0,
1,182,0,0.9748666882514954,
1,182,1,0.95810467004776,
1,183,0,0.9678871035575867,
1,183,1,0.9558143615722656,
1,184,0,1.0081759691238403,
1,184,1,1.0011066198349,
1,185,0,0.956024169921875,
1,185,1,0.9894628524780273,
1,186,0,0.9458216428756714,
1,186,1,0.9696706533432007,
1,187,0,0.9859200716018677,
1,187,1,0.9850432872772217,
1,188,0,0.9582218527793884,
1,188,1,1.018958330154419,
1,189,0,0.9360713362693787,
1,189,1,0.959638237953186,
1,190,0,0.969809353351593,
1,190,1,0.9682115316390991,
1,191,0,0.9572022557258606,
1,191,1,1.143513560295105,
1,192,0,0.9768750667572021,
1,192,1,1.0201469659805298,
1,193,0,1.0172845125198364,
1,193,1,1.016422986984253,
1,194,0,0.9926128387451172,
1,194,1,0.9749627709388733,
1,195,0,0.9705080389976501,
1,195,1,1.0862724781036377,
1,196,0,0.967742919921875,
1,196,1,0.9990431666374207,
1,197,0,0.9655230641365051,
1,197,1,0.9615820646286011,
1,198,0,1.0190495252609253,
1,198,1,1.0228368043899536,
1,199,0,0.9918412566184998,
1,199,1,0.9942217469215393,
1,200,0,0.944196343421936,
1,200,1,0.8095676898956299,
1,201,0,0.9083467125892639,
1,201,1,1.1178034543991089,
1,202,0,0.9474325776100159,
1,202,1,0.9579116106033325,
1,203,0,0.9275678396224976,
1,203,1,1.0092072486877441,
1,204,0,1.0250444412231445,
1,204,1,0.9834660291671753,
1,205,0,0.9992927312850952,
1,205,1,1.0050771236419678,
1,206,0,0.9903082251548767,
1,206,1,1.0213035345077515,
1,207,0,0.9529315233230591,
1,207,1,1.006071925163269,
1,208,0,0.9787887930870056,
1,208,1,0.9137967228889465,
1,209,0,0.9516245126724243,
1,209,1,0.8868421316146851,
1,210,0,0.985104501247406,
1,210,1,0.8904035091400146,
1,211,0,1.01417875289917,
1,211,1,0.9910144209861755,
1,212,0,0.9938145875930786,
1,212,1,1.0076279640197754,
1,213,0,1.0033694505691528,
1,213,1,0.9834849834442139,
1,214,0,1.0088664293289185,
1,214,1,1.010394811630249,
1,215,0,0.9574804902076721,
1,215,1,0.9686062932014465,
1,216,0,0.952889084815979,
1,216,1,0.9401583075523376,
1,217,0,0.9766339659690857,
1,217,1,0.8336596488952637,
1,218,0,0.9861036539077759,
1,218,1,0.944770336151123,
1,219,0,0.9318541884422302,
1,219,1,0.9468198418617249,
1,220,0,1.022254228591919,
1,220,1,0.8826392889022827,
1,221,0,0.9173319339752197,
1,221,1,0.9773765206336975,
1,222,0,0.9957798719406128,
1,222,1,1.045081377029419,
1,223,0,0.94748455286026,
1,223,1,0.9718287587165833,
1,224,0,1.043480396270752,
1,224,1,1.050716519355774,
1,225,0,0.9458157420158386,
1,225,1,0.9808960556983948,
1,226,0,0.9646840691566467,
1,226,1,0.8814727663993835,
1,227,0,1.018298625946045,
1,227,1,0.9307436347007751,
1,228,0,0.9147726893424988,
1,228,1,0.9340624809265137,
1,229,0,0.9771546721458435,
1,229,1,1.0437642335891724,
1,230,0,0.9827861785888672,
1,230,1,1.0,
1,231,0,0.9910792112350464,
1,231,1,0.8708446621894836,
1,232,0,1.0117367506027222,
1,232,1,1.107932448387146,
1,233,0,0.9862576723098755,
1,233,1,0.9817018508911133,
1,234,0,1.0209091901779175,
1,234,1,0.9265552163124084,
1,235,0,0.9538747668266296,
1,235,1,0.9849376678466797,
1,236,0,0.9350869655609131,
1,236,1,1.0146996974945068,
1,237,0,1.0159814357757568,
1,237,1,0.9440233111381531,
1,238,0,0.9622139930725098,
1,238,1,1.0398417711257935,
1,239,0,0.9893335700035095,
1,239,1,1.0126398801803589,
1,240,0,0.9618170261383057,
1,240,1,0.982414722442627,
1,241,0,0.9170730710029602,
1,241,1,0.9805545210838318,
1,242,0,0.9868777394294739,
1,242,1,0.9759191274642944,
1,243,0,0.9383158683776855,
1,243,1,1.131003737449646,
1,244,0,0.9856849312782288,
1,244,1,0.9874048829078674,
1,245,0,0.9234455227851868,
1,245,1,0.9248805046081543,
1,246,0,0.9423711895942688,
1,246,1,0.939247727394104,
1,247,0,0.9679242372512817,
1,247,1,1.0062555074691772,
1,248,0,0.9643880724906921,
1,248,1,1.0431058406829834,
1,249,0,0.9892628788948059,
1,249,1,0.9801126718521118,
1,250,0,0.9524804353713989,
1,250,1,0.9784865975379944,
1,251,0,1.001212239265442,
1,251,1,0.9989444017410278,
1,252,0,0.9518617987632751,
1,252,1,1.0371832847595215,
1,253,0,0.947631299495697,
1,253,1,0.9929150938987732,
1,254,0,0.992299497127533,
1,254,1,1.0584146976470947,
1,255,0,0.9768686890602112,
1,255,1,0.994332492351532,
1,256,0,0.9809331297874451,
1,256,1,0.939705491065979,
1,257,0,0.9704493284225464,
1,257,1,0.9735539555549622,
1,258,0,0.9890164136886597,
1,258,1,0.9555667042732239,
1,259,0,1.0193668603897095,
1,259,1,0.8482062816619873,
1,260,0,0.9355453848838806,
1,260,1,0.9597227573394775,
1,261,0,1.018349528312683,
1,261,1,0.8853499889373779,
1,262,0,0.9825872778892517,
1,262,1,0.797914981842041,
1,263,0,0.9962155222892761,
1,263,1,0.9961695671081543,
1,264,0,0.9279146194458008,
1,264,1,0.9305208921432495,
1,265,0,0.9793713092803955,
1,265,1,0.8255309462547302,
1,266,0,0.9704099297523499,
1,266,1,0.9349710941314697,
1,267,0,0.9531847238540649,
1,267,1,0.9334135055541992,
1,268,0,1.010502815246582,
1,268,1,1.0009790658950806,
1,269,0,0.9562742710113525,
1,269,1,1.0130964517593384,
1,270,0,0.9373668432235718,
1,270,1,0.9961990118026733,
1,271,0,0.9463906288146973,
1,271,1,0.8479932546615601,
1,272,0,0.9875199198722839,
1,272,1,0.9431002140045166,
1,273,0,0.9571408629417419,
1,273,1,1.0234116315841675,
1,274,0,0.9552289843559265,
1,274,1,0.9589839577674866,
1,275,0,0.9702673554420471,
1,275,1,0.899071455001831,
1,276,0,0.9988501667976379,
1,276,1,0.9287841320037842,
1,277,0,0.9513720870018005,
1,277,1,0.9616076946258545,
1,278,0,0.9982358813285828,
1,278,1,0.965644121170044,
1,279,0,0.9786591529846191,
1,279,1,1.0564186573028564,
1,280,0,1.012893795967102,
1,280,1,0.9062412977218628,
1,281,0,0.9723720550537109,
1,281,1,1.0118532180786133,
1,282,0,0.977283775806427,
1,282,1,0.9053977727890015,
1,283,0,0.9667589664459229,
1,283,1,0.9861964583396912,
1,284,0,0.9729548096656799,
1,284,1,0.8114297986030579,
1,285,0,1.004318356513977,
1,285,1,0.885167121887207,
1,286,0,0.9687777161598206,
1,286,1,1.0159766674041748,
1,287,0,0.9732124209403992,
1,287,1,1.0376182794570923,
1,288,0,0.9323368668556213,
1,288,1,1.0279778242111206,
1,289,0,0.9666861295700073,
1,289,1,1.0221002101898193,
1,290,0,0.9693987369537354,
1,290,1,1.0315113067626953,
1,291,0,0.9620627164840698,
1,291,1,1.0354413986206055,
1,292,0,0.9445318579673767,
1,292,1,0.9638040065765381,
1,293,0,0.980771005153656,
1,293,1,1.074800729751587,
1,294,0,0.930184006690979,
1,294,1,0.855634331703186,
1,295,0,0.9151099920272827,
1,295,1,0.9822986125946045,
1,296,0,1.0051645040512085,
1,296,1,0.9624814391136169,
1,297,0,0.9923092722892761,
1,297,1,0.8490155935287476,
1,298,0,0.9920749068260193,
1,298,1,1.018872857093811,
1,299,0,0.9594461917877197,
1,299,1,0.9324026107788086,
1,300,0,0.9723431468009949,
1,300,1,1.0825786590576172,
1,301,0,1.014134407043457,
1,301,1,1.105180263519287,
1,302,0,1.0125700235366821,
1,302,1,1.0425479412078857,
1,303,0,0.9292359948158264,
1,303,1,0.9860377907752991,
1,304,0,1.0052051544189453,
1,304,1,0.9770497679710388,
1,305,0,0.9595438241958618,
1,305,1,1.0379036664962769,
1,306,0,1.0181643962860107,
1,306,1,0.9531762003898621,
1,307,0,0.9836702942848206,
1,307,1,0.9944464564323425,
1,308,0,0.9799207448959351,
1,308,1,0.9935441613197327,
1,309,0,0.968953549861908,
1,309,1,1.0791138410568237,
1,310,0,1.0357507467269897,
1,310,1,0.6856927871704102,
1,311,0,1.0085573196411133,
1,311,1,1.0077810287475586,
1,312,0,0.9740155935287476,
1,312,1,0.9708840847015381,
1,313,0,0.976973831653595,
1,313,1,0.9356508851051331,
1,314,0,0.9511663317680359,
1,314,1,1.015648603439331,
1,315,0,0.985622763633728,
1,315,1,0.9978627562522888,
1,316,0,0.9618042707443237,
1,316,1,0.9160001873970032,
1,317,0,0.9867479205131531,
1,317,1,0.976392924785614,
1,318,0,0.8936153650283813,
1,318,1,1.0625213384628296,
1,319,0,1.0219014883041382,
1,319,1,0.8406680822372437,
1,320,0,1.0662444829940796,
1,320,1,0.9441866278648376,
1,321,0,0.9547232985496521,
1,321,1,0.9111807346343994,
1,322,0,0.9275233149528503,
1,322,1,1.0071970224380493,
1,323,0,0.9826861023902893,
1,323,1,0.8405467867851257,
1,324,0,0.9960566163063049,
1,324,1,1.0847814083099365,
1,325,0,0.9645444750785828,
1,325,1,0.9711540937423706,
1,326,0,0.967549741268158,
1,326,1,1.0101065635681152,
1,327,0,0.9355661273002625,
1,327,1,1.0,
1,328,0,0.9757165908813477,
1,328,1,0.9599177241325378,
1,329,0,0.9487387537956238,
1,329,1,1.033290147781372,
1,330,0,0.9487444758415222,
1,330,1,1.0076544284820557,
1,331,0,0.8862932324409485,
1,331,1,0.8752408027648926,
1,332,0,0.9405824542045593,
1,332,1,0.9999958276748657,
1,333,0,0.9798437356948853,
1,333,1,1.0098198652267456,
1,334,0,0.9679127931594849,
1,334,1,0.808624267578125,
1,335,0,0.9960612058639526,
1,335,1,1.0491349697113037,
1,336,0,0.9992968440055847,
1,336,1,0.9181956052780151,
1,337,0,0.9992257952690125,
1,337,1,0.9539333581924438,
1,338,0,0.9388795495033264,
1,338,1,0.9947054982185364,
1,339,0,1.015426516532898,
1,339,1,0.9651224613189697,
1,340,0,0.9945117831230164,
1,340,1,0.729840874671936,
1,341,0,0.9705275893211365,
1,341,1,1.003279447555542,
1,342,0,0.8241983652114868,
1,342,1,0.9804498553276062,
1,343,0,0.9728299975395203,
1,343,1,1.0753918886184692,
1,344,0,0.9290896058082581,
1,344,1,0.9608151912689209,
1,345,0,1.0061653852462769,
1,345,1,0.987512469291687,
1,346,0,1.0037460327148438,
1,346,1,0.9926467537879944,
1,347,0,1.018290638923645,
1,347,1,1.0363727807998657,
1,348,0,0.9235801696777344,
1,348,1,0.9564173817634583,
1,349,0,0.9053945541381836,
1,349,1,0.953726589679718,
1,350,0,0.9822801947593689,
1,350,1,0.9729421734809875,
1,351,0,1.0069829225540161,
1,351,1,0.8792421817779541,
1,352,0,0.9547045826911926,
1,352,1,0.9260006546974182,
1,353,0,0.9737839698791504,
1,353,1,1.188473105430603,
1,354,0,0.9482524394989014,
1,354,1,1.0097252130508423,
1,355,0,0.9908939599990845,
1,355,1,0.9959586262702942,
1,356,0,1.0539079904556274,
1,356,1,1.1108568906784058,
1,357,0,0.9650247097015381,
1,357,1,1.0320367813110352,
1,358,0,0.9983418583869934,
1,358,1,0.9710018038749695,
1,359,0,0.9906668066978455,
1,359,1,1.029336929321289,
1,360,0,1.002229928970337,
1,360,1,1.0279841423034668,
1,361,0,0.9451748132705688,
1,361,1,0.8601811528205872,
1,362,0,0.9679408669471741,
1,362,1,0.9122548699378967,
1,363,0,0.9648132920265198,
1,363,1,1.0246676206588745,
1,364,0,0.958365797996521,
1,364,1,0.9133754968643188,
1,365,0,0.9919455051422119,
1,365,1,1.0192217826843262,
1,366,0,0.9393236637115479,
1,366,1,1.0212962627410889,
1,367,0,0.994688093662262,
1,367,1,1.026038646697998,
1,368,0,0.9110371470451355,
1,368,1,0.9936050772666931,
1,369,0,0.956584095954895,
1,369,1,0.9812771081924438,
1,370,0,0.9955424070358276,
1,370,1,0.917686402797699,
1,371,0,0.9217684268951416,
1,371,1,0.8350926637649536,
1,372,0,0.9657202363014221,
1,372,1,0.9438881874084473,
1,373,0,0.9866256713867188,
1,373,1,0.9655754566192627,
1,374,0,0.949682891368866,
1,374,1,1.0253058671951294,
1,375,0,0.9779880046844482,
1,375,1,1.0429189205169678,
1,376,0,0.9496399760246277,
1,376,1,0.9459095001220703,
1,377,0,1.01409912109375,
1,377,1,1.004158854484558,
1,378,0,0.9358313679695129,
1,378,1,1.0200575590133667,
1,379,0,0.9851263761520386,
1,379,1,1.0240987539291382,
1,380,0,0.9269444942474365,
1,380,1,1.0,
1,381,0,0.9356952905654907,
1,381,1,0.9694217443466187,
1,382,0,0.9261231422424316,
1,382,1,0.9560938477516174,
1,383,0,0.9690607786178589,
1,383,1,0.8911336064338684,
1,384,0,0.9944294691085815,
1,384,1,0.9693784713745117,
1,385,0,1.0239322185516357,
1,385,1,1.0450056791305542,
1,386,0,1.001632809638977,
1,386,1,1.0175637006759644,
1,387,0,1.0145877599716187,
1,387,1,1.181856393814087,
1,388,0,0.9959718585014343,
1,388,1,1.011506199836731,
1,389,0,0.9908860325813293,
1,389,1,0.9974055290222168,
1,390,0,0.9010876417160034,
1,390,1,1.0248863697052002,
1,391,0,1.001599907875061,
1,391,1,1.1639313697814941,
1,392,0,0.9698824286460876,
1,392,1,0.8534858226776123,
1,393,0,0.9932501316070557,
1,393,1,0.990884006023407,
1,394,0,0.9622527360916138,
1,394,1,0.9982518553733826,
1,395,0,0.9919704794883728,
1,395,1,0.9666175842285156,
1,396,0,0.9837084412574768,
1,396,1,1.007860541343689,
1,397,0,0.9685096144676208,
1,397,1,0.990010678768158,
1,398,0,0.9721246957778931,
1,398,1,0.9707964658737183,
1,399,0,0.9580944180488586,
1,399,1,0.9562703967094421,
1,400,0,1.0059242248535156,
1,400,1,0.9459288716316223,
1,401,0,0.994305431842804,
1,401,1,1.015769362449646,
1,402,0,0.9955262541770935,
1,402,1,1.0111842155456543,
1,403,0,1.0074117183685303,
1,403,1,0.9779534339904785,
1,404,0,0.9508966207504272,
1,404,1,0.911742091178894,
1,405,0,0.9642398357391357,
1,405,1,0.7525478601455688,
1,406,0,0.953818142414093,
1,406,1,1.0237149000167847,
1,407,0,1.0296961069107056,
1,407,1,0.9957717061042786,
1,408,0,0.9311903715133667,
1,408,1,1.027563214302063,
1,409,0,0.9760280847549438,
1,409,1,0.9995381236076355,
1,410,0,0.9280028939247131,
1,410,1,1.0390162467956543,
1,411,0,1.024854063987732,
1,411,1,0.9314185380935669,
1,412,0,0.9279624819755554,
1,412,1,0.9691177010536194,
1,413,0,1.0078035593032837,
1,413,1,1.0715160369873047,
1,414,0,0.9022421836853027,
1,414,1,0.794884443283081,
1,415,0,1.0062276124954224,
1,415,1,1.011833906173706,
1,416,0,0.984737753868103,
1,416,1,1.0094588994979858,
1,417,0,0.9222285151481628,
1,417,1,0.8557169437408447,
1,418,0,0.980463445186615,
1,418,1,0.9893810749053955,
1,419,0,1.0331217050552368,
1,419,1,0.852776288986206,
1,420,0,0.964806318283081,
1,420,1,0.8419936299324036,
1,421,0,1.023941993713379,
1,421,1,1.0953515768051147,
1,422,0,0.9866062998771667,
1,422,1,0.9150360226631165,
1,423,0,0.9756683111190796,
1,423,1,0.9537556767463684,
1,424,0,1.030933141708374,
1,424,1,0.8693424463272095,
1,425,0,0.9873948693275452,
1,425,1,1.0004204511642456,
1,426,0,0.9485136866569519,
1,426,1,0.9244685173034668,
1,427,0,0.947232186794281,
1,427,1,0.9813966155052185,
1,428,0,1.00443696975708,
1,428,1,0.9159598350524902,
1,429,0,0.9856677055358887,
1,429,1,1.014851450920105,
1,430,0,0.9800586104393005,
1,430,1,1.0155375003814697,
1,431,0,0.9965760111808777,
1,431,1,0.9902889728546143,
1,432,0,0.9760431051254272,
1,432,1,1.0514150857925415,
1,433,0,0.9935464262962341,
1,433,1,1.0000444650650024,
1,434,0,0.994493842124939,
1,434,1,0.9523096084594727,
1,435,0,0.9454994201660156,
1,435,1,0.8591001629829407,
1,436,0,0.9445946216583252,
1,436,1,0.922461211681366,
1,437,0,1.0068305730819702,
1,437,1,1.0437312126159668,
1,438,0,0.9140899181365967,
1,438,1,0.9845471382141113,
1,439,0,1.0134494304656982,
1,439,1,1.0502046346664429,
1,440,0,0.9962397217750549,
1,440,1,0.9510596990585327,
1,441,0,1.0196772813796997,
1,441,1,0.9675073027610779,
1,442,0,1.0072708129882812,
1,442,1,0.9346384406089783,
1,443,0,0.9873698949813843,
1,443,1,1.074225664138794,
1,444,0,0.9507104754447937,
1,444,1,1.056275725364685,
1,445,0,1.0403882265090942,
1,445,1,0.927844226360321,
1,446,0,0.9537566900253296,
1,446,1,0.988051176071167,
1,447,0,1.0164140462875366,
1,447,1,0.9275014996528625,
1,448,0,0.992385745048523,
1,448,1,0.988985002040863,
1,449,0,0.8883628845214844,
1,449,1,0.9895917177200317,
1,450,0,0.9343159198760986,
1,450,1,1.0,
1,451,0,1.0324535369873047,
1,451,1,0.9985105395317078,
1,452,0,0.9827075600624084,
1,452,1,0.8916221857070923,
1,453,0,0.9777450561523438,
1,453,1,0.9788053035736084,
1,454,0,1.0015122890472412,
1,454,1,1.0242371559143066,
1,455,0,0.9880259037017822,
1,455,1,0.9696351885795593,
1,456,0,0.951684832572937,
1,456,1,1.051662802696228,
1,457,0,0.9805318117141724,
1,457,1,0.9380140900611877,
1,458,0,0.9472693800926208,
1,458,1,0.9867719411849976,
1,459,0,0.9807062149047852,
1,459,1,0.9557572603225708,
1,460,0,0.9333339929580688,
1,460,1,1.056206226348877,
1,461,0,0.9362353682518005,
1,461,1,1.0257608890533447,
1,462,0,0.9735685586929321,
1,462,1,1.011858582496643,
1,463,0,0.9445810914039612,
1,463,1,0.9888371229171753,
1,464,0,0.9831387996673584,
1,464,1,0.9226793646812439,
1,465,0,0.9705166816711426,
1,465,1,0.9789366126060486,
1,466,0,0.9386672377586365,
1,466,1,0.8420488834381104,
1,467,0,0.958861231803894,
1,467,1,0.9789097905158997,
1,468,0,0.9960242509841919,
1,468,1,1.0256624221801758,
1,469,0,0.9874107241630554,
1,469,1,0.9979680180549622,
1,470,0,0.9774882197380066,
1,470,1,1.030366063117981,
1,471,0,0.9836170077323914,
1,471,1,1.0127222537994385,
1,472,0,1.047337293624878,
1,472,1,0.9949252605438232,
1,473,0,0.9433486461639404,
1,473,1,0.9643145203590393,
1,474,0,0.9665922522544861,
1,474,1,1.0620321035385132,
1,475,0,0.959700345993042,
1,475,1,0.8814486861228943,
1,476,0,0.9982407689094543,
1,476,1,0.9461231231689453,
1,477,0,0.9707686901092529,
1,477,1,0.8016960620880127,
1,478,0,0.9484675526618958,
1,478,1,0.9538518190383911,
1,479,0,0.9708490371704102,
1,479,1,1.006958246231079,
1,480,0,0.905987560749054,
1,480,1,0.9774717688560486,
1,481,0,0.9984221458435059,
1,481,1,0.8415888547897339,
1,482,0,0.9257677793502808,
1,482,1,1.0185167789459229,
1,483,0,0.9862869381904602,
1,483,1,0.9953246116638184,
1,484,0,0.973132848739624,
1,484,1,0.9510853886604309,
1,485,0,0.9947842955589294,
1,485,1,0.8989517688751221,
1,486,0,0.9719153046607971,
1,486,1,1.0101583003997803,
1,487,0,0.9827094078063965,
1,487,1,1.0159332752227783,
1,488,0,0.9270728826522827,
1,488,1,0.9722215533256531,
1,489,0,1.0317455530166626,
1,489,1,0.9981916546821594,
1,490,0,0.9481742978096008,
1,490,1,1.0559581518173218,
1,491,0,0.9953494071960449,
1,491,1,1.01935613155365,
1,492,0,0.9700873494148254,
1,492,1,0.9256795048713684,
1,493,0,1.01069176197052,
1,493,1,1.0005946159362793,
1,494,0,0.9722550511360168,
1,494,1,0.879906952381134,
1,495,0,0.9992261528968811,
1,495,1,0.9563224911689758,
1,496,0,0.988201916217804,
1,496,1,1.0159679651260376,
1,497,0,0.9792430996894836,
1,497,1,0.9300839900970459,
1,498,0,0.8417114019393921,
1,498,1,0.9782018661499023,
1,499,0,0.9757703542709351,
1,499,1,0.9585803747177124,
1,500,0,0.9705055952072144,
1,500,1,0.9959967732429504,
1,501,0,0.9731407761573792,
1,501,1,0.8152577877044678,
1,502,0,0.9393599629402161,
1,502,1,0.9994666576385498,
1,503,0,0.93027263879776,
1,503,1,1.020068645477295,
1,504,0,0.9958982467651367,
1,504,1,0.9232741594314575,
1,505,0,0.9544832706451416,
1,505,1,0.9165034294128418,
1,506,0,0.9726259112358093,
1,506,1,1.065410852432251,
1,507,0,1.0273851156234741,
1,507,1,1.0256227254867554,
1,508,0,0.9865862131118774,
1,508,1,0.9344876408576965,
1,509,0,1.0061105489730835,
1,509,1,1.0073472261428833,
1,510,0,1.0668081045150757,
1,510,1,0.9934486746788025,
1,511,0,1.013898491859436,
1,511,1,1.0015019178390503,
1,512,0,0.975948691368103,
1,512,1,0.9780609607696533,
1,513,0,0.9576566219329834,
1,513,1,0.9680683016777039,
1,514,0,1.0129987001419067,
1,514,1,0.9449012875556946,
1,515,0,0.9884339570999146,
1,515,1,1.008196234703064,
1,516,0,0.9484280347824097,
1,516,1,1.0307697057724,
1,517,0,0.9541413187980652,
1,517,1,1.0553169250488281,
1,518,0,0.9539072513580322,
1,518,1,0.9520991444587708,
1,519,0,0.9546645879745483,
1,519,1,1.121390700340271,
1,520,0,0.9932143688201904,
1,520,1,0.9809537529945374,
1,521,0,0.9975094199180603,
1,521,1,1.1019861698150635,
1,522,0,0.9925314784049988,
1,522,1,0.9748538732528687,
1,523,0,0.9842371940612793,
1,523,1,0.9130216240882874,
1,524,0,0.9591478705406189,
1,524,1,0.9485369920730591,
1,525,0,0.9135230779647827,
1,525,1,0.9595044255256653,
1,526,0,0.9897102117538452,
1,526,1,0.9366032481193542,
1,527,0,1.0211970806121826,
1,527,1,1.0657155513763428,
1,528,0,0.9809617400169373,
1,528,1,0.9223152995109558,
1,529,0,0.9920430183410645,
1,529,1,0.9885167479515076,
1,530,0,0.9914122819900513,
1,530,1,0.9249308705329895,
1,531,0,1.0178711414337158,
1,531,1,0.9846391677856445,
1,532,0,1.003800630569458,
1,532,1,1.0050458908081055,
1,533,0,0.9841095209121704,
1,533,1,0.967586100101471,
1,534,0,0.9782515168190002,
1,534,1,0.9804655313491821,
1,535,0,0.9911563396453857,
1,535,1,1.0218358039855957,
1,536,0,0.9940805435180664,
1,536,1,1.0262451171875,
1,537,0,0.8934586048126221,
1,537,1,0.9494006633758545,
1,538,0,1.023935317993164,
1,538,1,0.9992408156394958,
1,539,0,0.9326385855674744,
1,539,1,0.805776059627533,
1,540,0,0.9416657090187073,
1,540,1,0.9393004775047302,
1,541,0,0.9771461486816406,
1,541,1,1.0046013593673706,
1,542,0,0.9486929774284363,
1,542,1,1.0039162635803223,
1,543,0,0.9902160167694092,
1,543,1,0.9479182362556458,
1,544,0,0.990018904209137,
1,544,1,0.9599021077156067,
1,545,0,0.9985613822937012,
1,545,1,0.9637644290924072,
1,546,0,0.991128146648407,
1,546,1,0.9375960826873779,
1,547,0,0.9585543870925903,
1,547,1,0.9318097829818726,
1,548,0,0.9811137914657593,
1,548,1,0.8771462440490723,
1,549,0,0.9211676120758057,
1,549,1,0.9435721039772034,
1,550,0,0.9587791562080383,
1,550,1,0.9531057476997375,
1,551,0,1.0268161296844482,
1,551,1,0.9907834529876709,
1,552,0,0.9298559427261353,
1,552,1,0.9793233275413513,
1,553,0,0.9667269587516785,
1,553,1,1.02237868309021,
1,554,0,0.9566009044647217,
1,554,1,0.8960910439491272,
1,555,0,0.9240823984146118,
1,555,1,0.9113843441009521,
1,556,0,1.0011636018753052,
1,556,1,1.0223876237869263,
1,557,0,0.946793258190155,
1,557,1,0.9644227623939514,
1,558,0,0.9883415102958679,
1,558,1,1.0260964632034302,
1,559,0,0.9513832926750183,
1,559,1,0.9448955655097961,
1,560,0,1.0480988025665283,
1,560,1,0.9002798199653625,
1,561,0,0.9556270837783813,
1,561,1,1.0588147640228271,
1,562,0,0.9774506092071533,
1,562,1,0.9647539854049683,
1,563,0,0.9611908197402954,
1,563,1,0.8577659726142883,
1,564,0,1.004913091659546,
1,564,1,1.008971929550171,
1,565,0,0.9871861934661865,
1,565,1,0.7352713346481323,
1,566,0,1.019592523574829,
1,566,1,0.991953432559967,
1,567,0,0.9398791193962097,
1,567,1,0.8945809006690979,
1,568,0,0.9220872521400452,
1,568,1,1.019147276878357,
1,569,0,0.9658305048942566,
1,569,1,0.9029269814491272,
1,570,0,0.9209643602371216,
1,570,1,1.0203921794891357,
1,571,0,1.0103447437286377,
1,571,1,0.9659404158592224,
1,572,0,1.0114680528640747,
1,572,1,1.023577332496643,
1,573,0,1.0224840641021729,
1,573,1,0.9615107774734497,
1,574,0,0.9909971952438354,
1,574,1,1.0448378324508667,
1,575,0,0.9649698734283447,
1,575,1,0.9981594681739807,
1,576,0,0.9810845255851746,
1,576,1,0.9730178713798523,
1,577,0,0.9991980791091919,
1,577,1,0.9379907846450806,
1,578,0,0.9648373126983643,
1,578,1,1.017375111579895,
1,579,0,0.9645848274230957,
1,579,1,0.8827048540115356,
1,580,0,0.9221798777580261,
1,580,1,0.9481386542320251,
1,581,0,0.9390703439712524,
1,581,1,1.0092412233352661,
1,582,0,0.9300784468650818,
1,582,1,0.9316391944885254,
1,583,0,0.9843014478683472,
1,583,1,0.9981313347816467,
1,584,0,0.9238905906677246,
1,584,1,0.8388451933860779,
1,585,0,0.9772204160690308,
1,585,1,0.966580867767334,
1,586,0,0.9680579304695129,
1,586,1,0.7969779968261719,
1,587,0,0.9907932281494141,
1,587,1,0.9156644940376282,
1,588,0,0.9351809024810791,
1,588,1,1.028229832649231,
1,589,0,0.9352497458457947,
1,589,1,0.8857926726341248,
1,590,0,0.9692204594612122,
1,590,1,1.1193444728851318,
1,591,0,0.9905551075935364,
1,591,1,0.8158433437347412,
1,592,0,0.9186037182807922,
1,592,1,0.9261120557785034,
1,593,0,0.957122802734375,
1,593,1,0.9892464876174927,
1,594,0,0.940134584903717,
1,594,1,0.948541522026062,
1,595,0,0.9323891997337341,
1,595,1,0.8370959758758545,
1,596,0,1.0285698175430298,
1,596,1,0.9311054944992065,
1,597,0,0.997602105140686,
1,597,1,1.0560039281845093,
1,598,0,0.9797604084014893,
1,598,1,0.9886084794998169,
1,599,0,0.9642402529716492,
1,599,1,1.0270142555236816,
1,600,0,0.9989352226257324,
1,600,1,0.8942247629165649,
1,601,0,0.9702464938163757,
1,601,1,0.9970824122428894,
1,602,0,0.9980452060699463,
1,602,1,0.9084380865097046,
1,603,0,1.0155853033065796,
1,603,1,0.8812071681022644,
1,604,0,1.0110923051834106,
1,604,1,1.0220974683761597,
1,val,,,0.9709616974989573
2,0,0,0.9319124221801758,
2,0,1,1.0237594842910767,
2,1,0,0.9506231546401978,
2,1,1,1.0550096035003662,
2,2,0,0.9570046067237854,
2,2,1,0.90123450756073,
2,3,0,0.943352997303009,
2,3,1,1.0518052577972412,
2,4,0,0.8814777731895447,
2,4,1,1.001315951347351,
2,5,0,0.9469069242477417,
2,5,1,1.0078130960464478,
2,6,0,1.0006192922592163,
2,6,1,1.0586764812469482,
2,7,0,0.9725511074066162,
2,7,1,1.069159984588623,
2,8,0,0.9338893890380859,
2,8,1,0.9554464817047119,
2,9,0,0.9839954376220703,
2,9,1,0.9698980450630188,
2,10,0,1.0027260780334473,
2,10,1,0.9428343772888184,
2,11,0,1.018427848815918,
2,11,1,0.8180344104766846,
2,12,0,0.9650762677192688,
2,12,1,0.8711018562316895,
2,13,0,0.9556047916412354,
2,13,1,0.9843578338623047,
2,14,0,0.9850566983222961,
2,14,1,1.0309622287750244,
2,15,0,0.9376899003982544,
2,15,1,1.031448483467102,
2,16,0,0.9825206995010376,
2,16,1,1.091699481010437,
2,17,0,0.9558722376823425,
2,17,1,1.0699434280395508,
2,18,0,0.967132031917572,
2,18,1,0.9995151162147522,
2,19,0,0.9881992340087891,
2,19,1,0.8746257424354553,
2,20,0,0.9259887933731079,
2,20,1,0.9658541679382324,
2,21,0,1.0048589706420898,
2,21,1,0.944089949131012,
2,22,0,0.9934491515159607,
2,22,1,0.8966192007064819,
2,23,0,1.0034669637680054,
2,23,1,1.0255753993988037,
2,24,0,0.9973472356796265,
2,24,1,0.9043800830841064,
2,25,0,0.9853046536445618,
2,25,1,0.9628743529319763,
2,26,0,0.9488609433174133,
2,26,1,0.9999971389770508,
2,27,0,1.011612892150879,
2,27,1,1.0230064392089844,
2,28,0,0.9546455144882202,
2,28,1,0.8636392951011658,
2,29,0,0.9781815409660339,
2,29,1,1.0026991367340088,
2,30,0,0.9159321784973145,
2,30,1,0.8596154451370239,
2,31,0,0.9465283751487732,
2,31,1,1.0450936555862427,
2,32,0,0.9550873041152954,
2,32,1,1.0322903394699097,
2,33,0,0.933107852935791,
2,33,1,0.9672685265541077,
2,34,0,0.9090188145637512,
2,34,1,0.9743910431861877,
2,35,0,0.9639881253242493,
2,35,1,1.039920449256897,
2,36,0,0.9065055847167969,
2,36,1,0.8989488482475281,
2,37,0,0.9405101537704468,
2,37,1,0.9015843868255615,
2,38,0,0.995596170425415,
2,38,1,0.9782651662826538,
2,39,0,1.0115525722503662,
2,39,1,0.96699059009552,
2,40,0,1.0271655321121216,
2,40,1,0.9823720455169678,
2,41,0,0.9366275072097778,
2,41,1,0.9502047896385193,
2,42,0,0.9457105398178101,
2,42,1,0.9355725646018982,
2,43,0,1.0092427730560303,
2,43,1,0.9933636784553528,
2,44,0,1.0353422164916992,
2,44,1,1.0603458881378174,
2,45,0,0.9922005534172058,
2,45,1,0.9347591400146484,
2,46,0,0.9353104829788208,
2,46,1,0.823333203792572,
2,47,0,0.9490430355072021,
2,47,1,1.0191651582717896,
2,48,0,0.9612401127815247,
2,48,1,0.9668729901313782,
2,49,0,0.9348184466362,
2,49,1,1.0191441774368286,
2,50,0,0.9312629103660583,
2,50,1,0.9757111668586731,
2,51,0,0.9715675115585327,
2,51,1,1.0314903259277344,
2,52,0,0.9911046028137207,
2,52,1,1.0393545627593994,
2,53,0,0.996772289276123,
2,53,1,0.8959797024726868,
2,54,0,0.9757801294326782,
2,54,1,1.0990091562271118,
2,55,0,0.989185631275177,
2,55,1,0.9929643273353577,
2,56,0,1.0190540552139282,
2,56,1,1.0087248086929321,
2,57,0,1.0009856224060059,
2,57,1,0.9966784119606018,
2,58,0,0.9692867994308472,
2,58,1,0.9651609063148499,
2,59,0,0.9403731226921082,
2,59,1,0.8424065113067627,
2,60,0,0.9602689146995544,
2,60,1,0.8640369176864624,
2,61,0,0.9938157796859741,
2,61,1,1.004687786102295,
2,62,0,0.9921920895576477,
2,62,1,0.9660370349884033,
2,63,0,0.9706797003746033,
2,63,1,0.9779922962188721,
2,64,0,1.012848138809204,
2,64,1,0.98027503490448,
2,65,0,0.9511539936065674,
2,65,1,0.9959277510643005,
2,66,0,0.9194133877754211,
2,66,1,1.0217280387878418,
2,67,0,0.9199784398078918,
2,67,1,0.952547013759613,
2,68,0,0.963679313659668,
2,68,1,0.9830560684204102,
2,69,0,0.9921447038650513,
2,69,1,0.8957722187042236,
2,70,0,0.9750898480415344,
2,70,1,1.0177135467529297,
2,71,0,0.9934180974960327,
2,71,1,1.0039243698120117,
2,72,0,0.9606786966323853,
2,72,1,0.871707558631897,
2,73,0,0.955405056476593,
2,73,1,0.9826791286468506,
2,74,0,1.0340838432312012,
2,74,1,0.9999889731407166,
2,75,0,1.0224157571792603,
2,75,1,0.9667503237724304,
2,76,0,0.9259128570556641,
2,76,1,1.025880217552185,
2,77,0,1.0035966634750366,
2,77,1,0.9580766558647156,
2,78,0,0.9998474717140198,
2,78,1,1.0561926364898682,
2,79,0,0.9408908486366272,
2,79,1,0.9870651960372925,
2,80,0,1.0254464149475098,
2,80,1,1.0006518363952637,
2,81,0,1.0497794151306152,
2,81,1,1.0758389234542847,
2,82,0,1.02083158493042,
2,82,1,1.0,
2,83,0,1.03839111328125,
2,83,1,1.0390784740447998,
2,84,0,0.9918955564498901,
2,84,1,0.9264798164367676,
2,85,0,1.009540319442749,
2,85,1,0.9997753500938416,
2,86,0,0.9635756611824036,
2,86,1,1.0306153297424316,
2,87,0,1.02324378490448,
2,87,1,0.9428880214691162,
2,88,0,1.0535160303115845,
2,88,1,1.0794525146484375,
2,89,0,0.9383795261383057,
2,89,1,1.0293405055999756,
2,90,0,0.9324817657470703,
2,90,1,0.9539139866828918,
2,91,0,1.0104994773864746,
2,91,1,0.9218356609344482,
2,92,0,0.9282976388931274,
2,92,1,0.9863995909690857,
2,93,0,1.0138622522354126,
2,93,1,0.8724082708358765,
2,94,0,0.979489266872406,
2,94,1,0.8295755386352539,
2,95,0,0.9539228081703186,
2,95,1,0.9628483653068542,
2,96,0,0.9830148816108704,
2,96,1,0.932645320892334,
2,97,0,0.9709844589233398,
2,97,1,0.9139768481254578,
2,98,0,0.9937272071838379,
2,98,1,1.071939468383789,
2,99,0,1.0251479148864746,
2,99,1,0.9650076031684875,
2,100,0,0.9816741347312927,
2,100,1,0.9942197799682617,
2,101,0,1.002879023551941,
2,101,1,1.0231398344039917,
2,102,0,0.9431672692298889,
2,102,1,1.0461790561676025,
2,103,0,0.9994115233421326,
2,103,1,1.0407495498657227,
2,104,0,0.9650158286094666,
2,104,1,1.0148991346359253,
2,105,0,0.9809144139289856,
2,105,1,1.0574653148651123,
2,106,0,0.9777745008468628,
2,106,1,0.9290001392364502,
2,107,0,1.0066436529159546,
2,107,1,0.9393063187599182,
2,108,0,0.9958259463310242,
2,108,1,1.0320380926132202,
2,109,0,0.9821249842643738,
2,109,1,0.9764240980148315,
2,110,0,0.9458437561988831,
2,110,1,0.9455340504646301,
2,111,0,0.9983464479446411,
2,111,1,0.9645677804946899,
2,112,0,0.9380638599395752,
2,112,1,1.0447893142700195,
2,113,0,0.945497989654541,
2,113,1,1.0091959238052368,
2,114,0,0.9887943267822266,
2,114,1,0.9752029776573181,
2,115,0,0.9284932613372803,
2,115,1,0.9615831971168518,
2,116,0,0.9912724494934082,
2,116,1,0.8330117464065552,
2,117,0,0.9757976531982422,
2,117,1,0.9990566968917847,
2,118,0,0.9813302755355835,
2,118,1,1.0939663648605347,
2,119,0,0.9655318260192871,
2,119,1,0.9824324250221252,
2,120,0,0.9906883239746094,
2,120,1,1.0478845834732056,
2,121,0,0.934307336807251,
2,121,1,0.9085936546325684,
2,122,0,0.9752442836761475,
2,122,1,0.9580416679382324,
2,123,0,1.0362671613693237,
2,123,1,1.005576491355896,
2,124,0,0.9709171652793884,
2,124,1,0.8883929252624512,
2,125,0,0.9479559659957886,
2,125,1,1.0334843397140503,
2,126,0,0.9319950938224792,
2,126,1,0.9478680491447449,
2,127,0,0.9742987155914307,
2,127,1,0.9028337001800537,
2,128,0,0.9447178840637207,
2,128,1,0.9996324181556702,
2,129,0,0.9455755949020386,
2,129,1,0.9830672740936279,
2,130,0,0.9541382193565369,
2,130,1,1.1608045101165771,
2,131,0,0.9656777381896973,
2,131,1,0.9335504174232483,
2,132,0,0.9835284948348999,
2,132,1,1.006763219833374,
2,133,0,0.9859558343887329,
2,133,1,0.9735206365585327,
2,134,0,0.9993337988853455,
2,134,1,1.0544401407241821,
2,135,0,0.9813529849052429,
2,135,1,0.993491530418396,
2,136,0,0.9444389939308167,
2,136,1,1.0284087657928467,
2,137,0,0.9015091061592102,
2,137,1,0.9995628595352173,
2,138,0,0.966647744178772,
2,138,1,1.0163564682006836,
2,139,0,0.9974064230918884,
2,139,1,0.9995940327644348,
2,140,0,0.9807404279708862,
2,140,1,0.9701878428459167,
2,141,0,0.9212686419487,
2,141,1,0.8969488143920898,
2,142,0,0.9433948993682861,
2,142,1,0.8995825052261353,
2,143,0,0.9681505560874939,
2,143,1,0.9318026900291443,
2,144,0,0.9949257373809814,
2,144,1,1.0486605167388916,
2,145,0,1.0102571249008179,
2,145,1,0.9291333556175232,
2,146,0,0.9762519598007202,
2,146,1,0.9884218573570251,
2,147,0,0.96486896276474,
2,147,1,0.9825552105903625,
2,148,0,0.9936546683311462,
2,148,1,0.9656748175621033,
2,149,0,1.006844401359558,
2,149,1,0.8990277647972107,
2,150,0,0.9401646256446838,
2,150,1,1.0085557699203491,
2,151,0,0.9714505076408386,
2,151,1,1.0008108615875244,
2,152,0,0.9776102304458618,
2,152,1,0.9315377473831177,
2,153,0,0.9521506428718567,
2,153,1,1.0148676633834839,
2,154,0,0.9808834195137024,
2,154,1,0.9254735708236694,
2,155,0,0.9547670483589172,
2,155,1,1.0084359645843506,
2,156,0,0.9911525249481201,
2,156,1,1.012200117111206,
2,157,0,0.9898180961608887,
2,157,1,0.960902214050293,
2,158,0,0.9870089292526245,
2,158,1,0.9171221852302551,
2,159,0,0.9491478800773621,
2,159,1,0.9392347931861877,
2,160,0,0.9540456533432007,
2,160,1,1.1016803979873657,
2,161,0,1.0046465396881104,
2,161,1,0.9956383109092712,
2,162,0,0.9871538281440735,
2,162,1,1.0221794843673706,
2,163,0,1.0084724426269531,
2,163,1,0.6318144202232361,
2,164,0,0.9908704161643982,
2,164,1,0.9382195472717285,
2,165,0,0.9744745492935181,
2,165,1,0.9212265014648438,
2,166,0,0.9286521673202515,
2,166,1,0.9376822113990784,
2,167,0,0.9935597777366638,
2,167,1,0.9533199071884155,
2,168,0,0.9901302456855774,
2,168,1,1.0381534099578857,
2,169,0,0.9963512420654297,
2,169,1,1.008770227432251,
2,170,0,0.9103832840919495,
2,170,1,1.0115573406219482,
2,171,0,0.999253511428833,
2,171,1,0.8783881068229675,
2,172,0,0.991391658782959,
2,172,1,1.0481337308883667,
2,173,0,0.9698203802108765,
2,173,1,1.021477460861206,
2,174,0,0.9925988912582397,
2,174,1,0.8625757694244385,
2,175,0,0.9733547568321228,
2,175,1,0.9742438793182373,
2,176,0,0.9778974056243896,
2,176,1,0.988235354423523,
2,177,0,0.9248930215835571,
2,177,1,1.005355715751648,
2,178,0,0.9620094299316406,
2,178,1,0.8976345062255859,
2,179,0,0.9488176107406616,
2,179,1,0.9557858109474182,
2,180,0,1.0026755332946777,
2,180,1,1.021421194076538,
2,181,0,0.9652734398841858,
2,181,1,1.0406919717788696,
2,182,0,0.970792829990387,
2,182,1,0.9969147443771362,
2,183,0,0.9505810737609863,
2,183,1,1.0168826580047607,
2,184,0,1.0120078325271606,
2,184,1,0.9908978343009949,
2,185,0,0.9521658420562744,
2,185,1,0.9922336935997009,
2,186,0,0.946552038192749,
2,186,1,0.950674831867218,
2,187,0,0.974810004234314,
2,187,1,1.0184937715530396,
2,188,0,0.9598191976547241,
2,188,1,1.0223017930984497,
2,189,0,0.9139013290405273,
2,189,1,1.0171434879302979,
2,190,0,0.938812792301178,
2,190,1,1.087704062461853,
2,191,0,1.0012831687927246,
2,191,1,0.9567976593971252,
2,192,0,0.9947328567504883,
2,192,1,0.9472936987876892,
2,193,0,1.002646565437317,
2,193,1,1.0743188858032227,
2,194,0,0.9923417568206787,
2,194,1,0.977054238319397,
2,195,0,0.9641736745834351,
2,195,1,1.1003122329711914,
2,196,0,0.9601402878761292,
2,196,1,1.0251892805099487,
2,197,0,0.9586787223815918,
2,197,1,0.9909877181053162,
2,198,0,1.0190489292144775,
2,198,1,1.0212626457214355,
2,199,0,0.9895191192626953,
2,199,1,0.9993234276771545,
2,200,0,0.8979175090789795,
2,200,1,1.0002756118774414,
2,201,0,0.9533692598342896,
2,201,1,0.9473292827606201,
2,202,0,0.9628973603248596,
2,202,1,0.9028602838516235,
2,203,0,0.9289319515228271,
2,203,1,1.0015541315078735,
2,204,0,1.0080814361572266,
2,204,1,1.0509861707687378,
2,205,0,1.0014615058898926,
2,205,1,1.0044043064117432,
2,206,0,0.995863676071167,
2,206,1,1.0025451183319092,
2,207,0,0.9414167404174805,
2,207,1,1.0532045364379883,
2,208,0,0.9762632846832275,
2,208,1,0.9265220165252686,
2,209,0,0.9265183210372925,
2,209,1,0.9711154103279114,
2,210,0,0.9538167119026184,
2,210,1,1.0158716440200806,
2,211,0,1.0188156366348267,
2,211,1,0.9598052501678467,
2,212,0,1.0054914951324463,
2,212,1,0.956447422504425,
2,213,0,0.9999092817306519,
2,213,1,0.9883047342300415,
2,214,0,1.0035247802734375,
2,214,1,1.0284782648086548,
2,215,0,0.9431933164596558,
2,215,1,1.0323114395141602,
2,216,0,0.9683863520622253,
2,216,1,0.8647990226745605,
2,217,0,0.9641634821891785,
2,217,1,0.8792970180511475,
2,218,0,1.00435209274292,
2,218,1,0.8681395053863525,
2,219,0,0.9526326060295105,
2,219,1,0.8685980439186096,
2,220,0,0.9964761137962341,
2,220,1,0.9862621426582336,
2,221,0,0.9540647864341736,
2,221,1,0.8222078084945679,
2,222,0,0.9906805753707886,
2,222,1,1.0767217874526978,
2,223,0,0.9765920042991638,
2,223,1,0.8687946796417236,
2,224,0,1.0385706424713135,
2,224,1,1.0987606048583984,
2,225,0,0.9547911286354065,
2,225,1,0.9415384531021118,
2,226,0,0.9324140548706055,
2,226,1,1.0075159072875977,
2,227,0,1.0106494426727295,
2,227,1,0.9719861745834351,
2,228,0,0.9476105570793152,
2,228,1,0.8035727739334106,
2,229,0,0.9547553658485413,
2,229,1,1.0985121726989746,
2,230,0,1.0138434171676636,
2,230,1,0.8760505318641663,
2,231,0,0.9520033597946167,
2,231,1,1.042725682258606,
2,232,0,1.028871774673462,
2,232,1,1.045543909072876,
2,233,0,0.9771803021430969,
2,233,1,0.9967126846313477,
2,234,0,1.0010796785354614,
2,234,1,1.0093258619308472,
2,235,0,0.9440752267837524,
2,235,1,1.0129642486572266,
2,236,0,0.9430171251296997,
2,236,1,0.9778802394866943,
2,237,0,1.0024499893188477,
2,237,1,1.0340288877487183,
2,238,0,0.9717512130737305,
2,238,1,0.9647831916809082,
2,239,0,0.9767998456954956,
2,239,1,1.052295207977295,
2,240,0,0.9635003209114075,
2,240,1,0.9720286726951599,
2,241,0,0.9292356371879578,
2,241,1,0.935204029083252,
2,242,0,0.9789184331893921,
2,242,1,0.9888952970504761,
2,243,0,1.0064464807510376,
2,243,1,0.8723008036613464,
2,244,0,0.9905388951301575,
2,244,1,0.9691492319107056,
2,245,0,0.9322524666786194,
2,245,1,0.9364962577819824,
2,246,0,0.930762767791748,
2,246,1,0.9853812456130981,
2,247,0,0.9671415686607361,
2,247,1,0.9915961623191833,
2,248,0,0.9873285293579102,
2,248,1,0.9390697479248047,
2,249,0,0.9886340498924255,
2,249,1,0.993200421333313,
2,250,0,0.9701315760612488,
2,250,1,0.9315226078033447,
2,251,0,1.0070849657058716,
2,251,1,1.002216100692749,
2,252,0,0.9437509179115295,
2,252,1,1.0322712659835815,
2,253,0,0.9697884321212769,
2,253,1,0.896064043045044,
2,254,0,0.9886680245399475,
2,254,1,1.039443850517273,
2,255,0,0.9882575869560242,
2,255,1,0.9381741881370544,
2,256,0,0.9720128774642944,
2,256,1,0.9563555121421814,
2,257,0,0.9695406556129456,
2,257,1,0.9727931022644043,
2,258,0,0.9771484732627869,
2,258,1,1.011296033859253,
2,259,0,1.0009019374847412,
2,259,1,0.9112792015075684,
2,260,0,0.9809803366661072,
2,260,1,0.7934327721595764,
2,261,0,0.9854363799095154,
2,261,1,1.0135754346847534,
2,262,0,0.9312766194343567,
2,262,1,1.010174036026001,
2,263,0,1.0130784511566162,
2,263,1,0.9338221549987793,
2,264,0,0.9333261847496033,
2,264,1,0.9162465333938599,
2,265,0,0.9874817132949829,
2,265,1,0.8019752502441406,
2,266,0,0.9674825668334961,
2,266,1,0.9484174847602844,
2,267,0,0.9403188228607178,
2,267,1,0.9890966415405273,
2,268,0,1.0044746398925781,
2,268,1,1.0288370847702026,
2,269,0,0.9658013582229614,
2,269,1,1.0144197940826416,
2,270,0,0.9540760517120361,
2,270,1,0.9373347759246826,
2,271,0,0.9328653812408447,
2,271,1,0.8926897048950195,
2,272,0,0.9940253496170044,
2,272,1,0.9370344281196594,
2,273,0,0.9885584115982056,
2,273,1,0.9204854965209961,
2,274,0,0.9450037479400635,
2,274,1,0.9610668420791626,
2,275,0,0.9977802634239197,
2,275,1,0.7865821719169617,
2,276,0,0.990009069442749,
2,276,1,0.9840155839920044,
2,277,0,0.9548747539520264,
2,277,1,0.9623497724533081,
2,278,0,0.9805755019187927,
2,278,1,1.0166471004486084,
2,279,0,0.9999752640724182,
2,279,1,0.9773242473602295,
2,280,0,1.0202456712722778,
2,280,1,0.9001947641372681,
2,281,0,0.9757040739059448,
2,281,1,1.0305973291397095,
2,282,0,0.9815549850463867,
2,282,1,0.920440673828125,
2,283,0,0.9548929333686829,
2,283,1,1.0145249366760254,
2,284,0,0.9273340106010437,
2,284,1,0.9416748881340027,
2,285,0,0.9450211524963379,
2,285,1,1.0570826530456543,
2,286,0,0.9782701730728149,
2,286,1,0.9503577351570129,
2,287,0,1.0074288845062256,
2,287,1,0.8452849388122559,
2,288,0,0.9285725951194763,
2,288,1,1.0201116800308228,
2,289,0,0.9529864192008972,
2,289,1,1.0677388906478882,
2,290,0,0.9716811180114746,
2,290,1,1.011914849281311,
2,291,0,0.9749546647071838,
2,291,1,0.9763139486312866,
2,292,0,0.9566221237182617,
2,292,1,0.9270536303520203,
2,293,0,0.981225311756134,
2,293,1,1.075000286102295,
2,294,0,0.9089578986167908,
2,294,1,0.9378297924995422,
2,295,0,0.9032559394836426,
2,295,1,1.0260473489761353,
2,296,0,0.9929322004318237,
2,296,1,1.0111184120178223,
2,297,0,0.9651458263397217,
2,297,1,0.949414074420929,
2,298,0,0.980820894241333,
2,298,1,1.0519936084747314,
2,299,0,0.9547315835952759,
2,299,1,0.9569867849349976,
2,300,0,0.9457427859306335,
2,300,1,1.1712117195129395,
2,301,0,1.0411254167556763,
2,301,1,1.0048786401748657,
2,302,0,1.0263326168060303,
2,302,1,0.9874060750007629,
2,303,0,0.9485918283462524,
2,303,1,0.9048655033111572,
2,304,0,1.0025538206100464,
2,304,1,0.9829937815666199,
2,305,0,0.9797974228858948,
2,305,1,0.9518594145774841,
2,306,0,1.0108089447021484,
2,306,1,0.9888599514961243,
2,307,0,0.9916141033172607,
2,307,1,0.9695264101028442,
2,308,0,0.9815707206726074,
2,308,1,0.9745801687240601,
2,309,0,0.9874734878540039,
2,309,1,0.9990437030792236,
2,310,0,0.9983515739440918,
2,310,1,0.8349902629852295,
2,311,0,1.0195542573928833,
2,311,1,0.9633533954620361,
2,312,0,0.9764266014099121,
2,312,1,0.9592205882072449,
2,313,0,0.976647675037384,
2,313,1,0.9367725849151611,
2,314,0,0.9688414931297302,
2,314,1,0.9501232504844666,
2,315,0,0.9929461479187012,
2,315,1,0.9767959713935852,
2,316,0,0.9585263729095459,
2,316,1,0.9330349564552307,
2,317,0,0.9928337335586548,
2,317,1,0.9549221992492676,
2,318,0,0.895547091960907,
2,318,1,1.0567288398742676,
2,319,0,0.9548897743225098,
2,319,1,1.11172354221344,
2,320,0,1.0607542991638184,
2,320,1,0.9622241854667664,
2,321,0,0.971528947353363,
2,321,1,0.8450984954833984,
2,322,0,0.9304436445236206,
2,322,1,0.9933674931526184,
2,323,0,0.9599753022193909,
2,323,1,0.9305031895637512,
2,324,0,1.0308749675750732,
2,324,1,0.9415716528892517,
2,325,0,0.9779934883117676,
2,325,1,0.9205482602119446,
2,326,0,0.9670385122299194,
2,326,1,1.0117807388305664,
2,327,0,0.9379743337631226,
2,327,1,0.9899517297744751,
2,328,0,0.9849943518638611,
2,328,1,0.9160651564598083,
2,329,0,0.9763703346252441,
2,329,1,0.9258254766464233,
2,330,0,0.94950270652771,
2,330,1,1.008406162261963,
2,331,0,0.8852043747901917,
2,331,1,0.8830591440200806,
2,332,0,0.9423015713691711,
2,332,1,0.9934558868408203,
2,333,0,0.9826031923294067,
2,333,1,1.001027226448059,
2,334,0,0.9452404975891113,
2,334,1,0.9226875305175781,
2,335,0,1.021816611289978,
2,335,1,0.937763512134552,
2,336,0,0.9611184597015381,
2,336,1,1.0726673603057861,
2,337,0,0.9971493482589722,
2,337,1,0.9533774852752686,
2,338,0,0.9258973002433777,
2,338,1,1.0272603034973145,
2,339,0,1.013227939605713,
2,339,1,0.9729955196380615,
2,340,0,0.9399906992912292,
2,340,1,0.930142879486084,
2,341,0,0.9751592874526978,
2,341,1,0.9752229452133179,
2,342,0,0.8265596628189087,
2,342,1,0.9599261283874512,
2,343,0,0.9775272011756897,
2,343,1,1.0765180587768555,
2,344,0,0.9243411421775818,
2,344,1,0.9754578471183777,
2,345,0,0.9767712354660034,
2,345,1,1.091343641281128,
2,346,0,0.9958946108818054,
2,346,1,1.03268301486969,
2,347,0,0.9846140742301941,
2,347,1,1.153545618057251,
2,348,0,0.916807234287262,
2,348,1,0.9885852336883545,
2,349,0,0.9167182445526123,
2,349,1,0.9146065711975098,
2,350,0,0.936644971370697,
2,350,1,1.1516143083572388,
2,351,0,0.9504349827766418,
2,351,1,1.0992954969406128,
2,352,0,0.9198617339134216,
2,352,1,1.0664770603179932,
2,353,0,1.0314137935638428,
2,353,1,0.9588229060173035,
2,354,0,0.9474342465400696,
2,354,1,1.003190517425537,
2,355,0,0.9817955493927002,
2,355,1,1.023764967918396,
2,356,0,1.073936104774475,
2,356,1,1.0326865911483765,
2,357,0,0.9796985387802124,
2,357,1,0.974798321723938,
2,358,0,0.9628519415855408,
2,358,1,1.1212180852890015,
2,359,0,1.0139095783233643,
2,359,1,0.9546096920967102,
2,360,0,1.0217781066894531,
2,360,1,0.9611450433731079,
2,361,0,0.9553639888763428,
2,361,1,0.823086142539978,
2,362,0,0.9404808282852173,
2,362,1,1.0183342695236206,
2,363,0,1.0025523900985718,
2,363,1,0.8848515748977661,
2,364,0,0.9648665189743042,
2,364,1,0.8854538798332214,
2,365,0,0.9921079277992249,
2,365,1,1.0218315124511719,
2,366,0,0.9666167497634888,
2,366,1,0.9186782836914062,
2,367,0,1.002610683441162,
2,367,1,0.994685173034668,
2,368,0,0.9075994491577148,
2,368,1,0.997144341468811,
2,369,0,0.956964910030365,
2,369,1,0.981828510761261,
2,370,0,0.9416285157203674,
2,370,1,1.1335071325302124,
2,371,0,0.8867692947387695,
2,371,1,0.9739381074905396,
2,372,0,0.970902144908905,
2,372,1,0.9270293712615967,
2,373,0,0.9762507677078247,
2,373,1,1.0075397491455078,
2,374,0,0.9666523933410645,
2,374,1,0.9547219276428223,
2,375,0,0.9897536039352417,
2,375,1,0.9989148378372192,
2,376,0,0.9481896758079529,
2,376,1,0.9495425224304199,
2,377,0,1.0100117921829224,
2,377,1,1.0203839540481567,
2,378,0,0.9862275719642639,
2,378,1,0.8230223655700684,
2,379,0,0.9828357100486755,
2,379,1,1.0370205640792847,
2,380,0,0.9338133931159973,
2,380,1,0.9780238270759583,
2,381,0,0.940735399723053,
2,381,1,0.9632875919342041,
2,382,0,0.9326756000518799,
2,382,1,0.9332375526428223,
2,383,0,0.9424159526824951,
2,383,1,1.0014631748199463,
2,384,0,0.9831685423851013,
2,384,1,0.9960172176361084,
2,385,0,1.0312098264694214,
2,385,1,1.0207115411758423,
2,386,0,0.985895037651062,
2,386,1,1.0869888067245483,
2,387,0,1.0362931489944458,
2,387,1,1.0861455202102661,
2,388,0,0.9902837872505188,
2,388,1,1.0342669486999512,
2,389,0,0.9862186312675476,
2,389,1,1.0297423601150513,
2,390,0,0.9160411953926086,
2,390,1,0.9750680327415466,
2,391,0,1.0171215534210205,
2,391,1,1.0974513292312622,
2,392,0,0.9204473495483398,
2,392,1,1.0564380884170532,
2,393,0,0.979922890663147,
2,393,1,1.037611722946167,
2,394,0,0.95613694190979,
2,394,1,1.0315001010894775,
2,395,0,0.9781213998794556,
2,395,1,1.0283957719802856,
2,396,0,0.9922553300857544,
2,396,1,0.9706476926803589,
2,397,0,0.9651972055435181,
2,397,1,1.0122387409210205,
2,398,0,0.9772872924804688,
2,398,1,0.9748429656028748,
2,399,0,0.94454425573349,
2,399,1,1.0090904235839844,
2,400,0,0.9816088080406189,
2,400,1,1.0578819513320923,
2,401,0,0.9901226758956909,
2,401,1,1.025864839553833,
2,402,0,0.9798132181167603,
2,402,1,1.0726317167282104,
2,403,0,1.0036585330963135,
2,403,1,0.9915531277656555,
2,404,0,0.9266494512557983,
2,404,1,1.0006873607635498,
2,405,0,0.913016676902771,
2,405,1,0.9644052386283875,
2,406,0,0.9342150688171387,
2,406,1,1.092494010925293,
2,407,0,1.0064127445220947,
2,407,1,1.0881202220916748,
2,408,0,0.9735736846923828,
2,408,1,0.8704584836959839,
2,409,0,0.9856340289115906,
2,409,1,0.9616236090660095,
2,410,0,0.9206111431121826,
2,410,1,1.0577727556228638,
2,411,0,1.0059653520584106,
2,411,1,1.0133715867996216,
2,412,0,0.9456278681755066,
2,412,1,0.8962831497192383,
2,413,0,1.0082108974456787,
2,413,1,1.0640206336975098,
2,414,0,0.8629817962646484,
2,414,1,0.9391044974327087,
2,415,0,1.0084121227264404,
2,415,1,0.9968995451927185,
2,416,0,0.9974205493927002,
2,416,1,0.958926260471344,
2,417,0,0.9012319445610046,
2,417,1,0.9286373853683472,
2,418,0,0.9933086037635803,
2,418,1,0.9346347451210022,
2,419,0,0.9984104633331299,
2,419,1,0.9955450892448425,
2,420,0,0.9909790754318237,
2,420,1,0.7311471700668335,
2,421,0,1.0755386352539062,
2,421,1,0.8891587257385254,
2,422,0,0.9608463644981384,
2,422,1,1.0135465860366821,
2,423,0,0.9867728352546692,
2,423,1,0.9133012294769287,
2,424,0,1.0070290565490723,
2,424,1,0.9623033404350281,
2,425,0,0.9953078627586365,
2,425,1,0.9731811285018921,
2,426,0,0.9392998218536377,
2,426,1,0.9626322388648987,
2,427,0,0.9649209976196289,
2,427,1,0.9097521305084229,
2,428,0,0.9834681153297424,
2,428,1,1.0043342113494873,
2,429,0,0.9565467238426208,
2,429,1,1.1426323652267456,
2,430,0,0.9901648759841919,
2,430,1,0.981792688369751,
2,431,0,1.030949592590332,
2,431,1,0.855739951133728,
2,432,0,0.9916523694992065,
2,432,1,0.997905969619751,
2,433,0,0.9828631281852722,
2,433,1,1.0640220642089844,
2,434,0,0.9969101548194885,
2,434,1,0.9620451927185059,
2,435,0,0.8964756727218628,
2,435,1,1.0511995553970337,
2,436,0,0.93686842918396,
2,436,1,0.9514208436012268,
2,437,0,1.0080138444900513,
2,437,1,1.0358428955078125,
2,438,0,0.948119044303894,
2,438,1,0.8516148328781128,
2,439,0,1.0277800559997559,
2,439,1,0.9707826375961304,
2,440,0,0.9995257258415222,
2,440,1,0.9515507221221924,
2,441,0,1.01930570602417,
2,441,1,1.0021206140518188,
2,442,0,0.9974353313446045,
2,442,1,0.9842527508735657,
2,443,0,0.9905758500099182,
2,443,1,1.0652155876159668,
2,444,0,0.9901657104492188,
2,444,1,0.922600269317627,
2,445,0,1.04600989818573,
2,445,1,0.9068806171417236,
2,446,0,0.9772992730140686,
2,446,1,0.894866406917572,
2,447,0,0.9803999066352844,
2,447,1,1.0739294290542603,
2,448,0,0.9783852100372314,
2,448,1,1.0525625944137573,
2,449,0,0.8935562372207642,
2,449,1,0.965613067150116,
2,450,0,0.96421217918396,
2,450,1,0.8951826691627502,
2,451,0,1.0188720226287842,
2,451,1,1.0601236820220947,
2,452,0,0.9651989936828613,
2,452,1,0.9656418561935425,
2,453,0,0.9716288447380066,
2,453,1,1.0043821334838867,
2,454,0,1.0146491527557373,
2,454,1,0.9761696457862854,
2,455,0,0.9926306009292603,
2,455,1,0.9456813335418701,
2,456,0,0.9942551255226135,
2,456,1,0.8794628977775574,
2,457,0,0.9875627160072327,
2,457,1,0.9126960635185242,
2,458,0,0.9717393517494202,
2,458,1,0.8909436464309692,
2,459,0,0.9658638834953308,
2,459,1,1.0107008218765259,
2,460,0,0.967342734336853,
2,460,1,0.9223892688751221,
2,461,0,0.9664419293403625,
2,461,1,0.9040359258651733,
2,462,0,0.9548579454421997,
2,462,1,1.077431321144104,
2,463,0,0.9548254609107971,
2,463,1,0.9575076699256897,
2,464,0,0.9618126749992371,
2,464,1,1.0083668231964111,
2,465,0,0.9651417136192322,
2,465,1,1.0032600164413452,
2,466,0,0.9111310839653015,
2,466,1,0.9546142816543579,
2,467,0,0.9417901635169983,
2,467,1,1.0451442003250122,
2,468,0,0.9944854378700256,
2,468,1,1.027029037475586,
2,469,0,0.9726465940475464,
2,469,1,1.0562838315963745,
2,470,0,0.997904896736145,
2,470,1,0.9465782642364502,
2,471,0,0.9759562611579895,
2,471,1,1.0422980785369873,
2,472,0,1.0473182201385498,
2,472,1,1.000643253326416,
2,473,0,0.9420691728591919,
2,473,1,0.9632325172424316,
2,474,0,0.9988729953765869,
2,474,1,0.9343675971031189,
2,475,0,0.9341815710067749,
2,475,1,0.9824549555778503,
2,476,0,0.9515767097473145,
2,476,1,1.1224961280822754,
2,477,0,0.9773244261741638,
2,477,1,0.7634568214416504,
2,478,0,0.9603561758995056,
2,478,1,0.8978589773178101,
2,479,0,0.99085533618927,
2,479,1,0.9288290143013,
2,480,0,0.907672643661499,
2,480,1,0.9743263125419617,
2,481,0,0.9591991901397705,
2,481,1,1.0,
2,482,0,0.9470539093017578,
2,482,1,0.9314000606536865,
2,483,0,0.990985095500946,
2,483,1,0.9800384640693665,
2,484,0,0.9692708849906921,
2,484,1,0.9631897211074829,
2,485,0,0.9621191024780273,
2,485,1,1.0227718353271484,
2,486,0,0.9703283905982971,
2,486,1,1.0147426128387451,
2,487,0,0.9820264577865601,
2,487,1,1.0192614793777466,
2,488,0,0.9602570533752441,
2,488,1,0.8395995497703552,
2,489,0,1.0250816345214844,
2,489,1,1.0295013189315796,
2,490,0,0.9774017930030823,
2,490,1,0.9463143348693848,
2,491,0,1.0043445825576782,
2,491,1,0.9779655337333679,
2,492,0,0.9542278051376343,
2,492,1,0.9989069104194641,
2,493,0,1.0185078382492065,
2,493,1,0.9616587162017822,
2,494,0,0.9474815130233765,
2,494,1,0.9670531153678894,
2,495,0,0.972481906414032,
2,495,1,1.0638974905014038,
2,496,0,1.0094432830810547,
2,496,1,0.9301815629005432,
2,497,0,0.9618611335754395,
2,497,1,1.001124382019043,
2,498,0,0.8740047216415405,
2,498,1,0.8544954061508179,
2,499,0,0.9773432016372681,
2,499,1,0.9527548551559448,
2,500,0,0.9746757745742798,
2,500,1,0.9833613634109497,
2,501,0,0.9748217463493347,
2,501,1,0.8105109333992004,
2,502,0,0.9372256994247437,
2,502,1,1.0005333423614502,
2,503,0,0.9758152365684509,
2,503,1,0.8436928987503052,
2,504,0,0.9796240925788879,
2,504,1,0.9831113219261169,
2,505,0,0.9309830069541931,
2,505,1,1.006569504737854,
2,506,0,0.9880338907241821,
2,506,1,1.0031020641326904,
2,507,0,1.0429415702819824,
2,507,1,0.9551154375076294,
2,508,0,0.9803064465522766,
2,508,1,0.9658308625221252,
2,509,0,1.0120112895965576,
2,509,1,0.9975165128707886,
2,510,0,1.0764714479446411,
2,510,1,0.9543613195419312,
2,511,0,1.0047943592071533,
2,511,1,1.0282999277114868,
2,512,0,0.9839510917663574,
2,512,1,0.9656779170036316,
2,513,0,0.9800119996070862,
2,513,1,0.8881834745407104,
2,514,0,1.003717303276062,
2,514,1,0.9812160730361938,
2,515,0,1.0023959875106812,
2,515,1,0.9508285522460938,
2,516,0,0.9584798812866211,
2,516,1,0.9769948124885559,
2,517,0,0.982359766960144,
2,517,1,0.9642883539199829,
2,518,0,0.934532105922699,
2,518,1,1.0037354230880737,
2,519,0,0.9872967004776001,
2,519,1,0.9618753790855408,
2,520,0,1.0068179368972778,
2,520,1,0.9565281271934509,
2,521,0,1.0220649242401123,
2,521,1,1.054887294769287,
2,522,0,0.977789580821991,
2,522,1,1.0418800115585327,
2,523,0,0.9503257870674133,
2,523,1,1.0530438423156738,
2,524,0,0.9387828707695007,
2,524,1,1.0121784210205078,
2,525,0,0.9232178926467896,
2,525,1,0.9262804388999939,
2,526,0,0.9867819547653198,
2,526,1,0.9603782296180725,
2,527,0,0.9934393167495728,
2,527,1,1.1716368198394775,
2,528,0,0.9723518490791321,
2,528,1,0.983227014541626,
2,529,0,0.9920364022254944,
2,529,1,0.9992080926895142,
2,530,0,0.9763035178184509,
2,530,1,0.9827405214309692,
2,531,0,1.0138822793960571,
2,531,1,1.0003615617752075,
2,532,0,1.0022679567337036,
2,532,1,0.9989086389541626,
2,533,0,0.9728420376777649,
2,533,1,1.005880355834961,
2,534,0,0.9518855810165405,
2,534,1,1.0779956579208374,
2,535,0,0.9958705306053162,
2,535,1,1.01319420337677,
2,536,0,1.0001616477966309,
2,536,1,0.9919112324714661,
2,537,0,0.9110578298568726,
2,537,1,0.9121333360671997,
2,538,0,1.0081348419189453,
2,538,1,1.0743299722671509,
2,539,0,0.8995779752731323,
2,539,1,0.9482322931289673,
2,540,0,0.9826959371566772,
2,540,1,0.7605910301208496,
2,541,0,1.0143462419509888,
2,541,1,0.8669873476028442,
2,542,0,0.9718600511550903,
2,542,1,0.8902913331985474,
2,543,0,0.9781811237335205,
2,543,1,1.013680100440979,
2,544,0,0.9799163937568665,
2,544,1,0.9808958768844604,
2,545,0,1.0110220909118652,
2,545,1,0.9324674606323242,
2,546,0,0.9777660965919495,
2,546,1,0.9890084266662598,
2,547,0,0.9752001762390137,
2,547,1,0.9253773093223572,
2,548,0,0.961552083492279,
2,548,1,0.9160218834877014,
2,549,0,0.9274160861968994,
2,549,1,0.8832795023918152,
2,550,0,0.9543465375900269,
2,550,1,0.9585198760032654,
2,551,0,1.024538278579712,
2,551,1,1.0134729146957397,
2,552,0,0.9603549242019653,
2,552,1,0.8942242860794067,
2,553,0,0.980950117111206,
2,553,1,0.9704341888427734,
2,554,0,0.9606274366378784,
2,554,1,0.8947576284408569,
2,555,0,0.9098715782165527,
2,555,1,0.9444686770439148,
2,556,0,1.0160852670669556,
2,556,1,0.9531410932540894,
2,557,0,0.9390181303024292,
2,557,1,0.9646663069725037,
2,558,0,0.9905334711074829,
2,558,1,1.0191304683685303,
2,559,0,0.9681768417358398,
2,559,1,0.8758495450019836,
2,560,0,1.0365175008773804,
2,560,1,0.9606748819351196,
2,561,0,0.9710851311683655,
2,561,1,0.999758243560791,
2,562,0,1.0169477462768555,
2,562,1,0.8017528057098389,
2,563,0,0.9576607346534729,
2,563,1,0.8892971277236938,
2,564,0,0.9762798547744751,
2,564,1,1.1130341291427612,
2,565,0,0.9654317498207092,
2,565,1,0.8236695528030396,
2,566,0,1.0219553709030151,
2,566,1,0.983368992805481,
2,567,0,0.924339234828949,
2,567,1,0.9624161124229431,
2,568,0,0.9409054517745972,
2,568,1,0.9418758153915405,
2,569,0,0.9722938537597656,
2,569,1,0.8572244644165039,
2,570,0,0.9230930805206299,
2,570,1,1.027935266494751,
2,571,0,0.9944361448287964,
2,571,1,1.0210496187210083,
2,572,0,1.010716438293457,
2,572,1,1.0235276222229004,
2,573,0,1.0120294094085693,
2,573,1,0.9924727082252502,
2,574,0,0.9982439279556274,
2,574,1,1.021226406097412,
2,575,0,0.9731908440589905,
2,575,1,0.9743406772613525,
2,576,0,0.9699723720550537,
2,576,1,1.0147993564605713,
2,577,0,1.0072107315063477,
2,577,1,0.911704421043396,
2,578,0,0.9780130982398987,
2,578,1,0.9516440629959106,
2,579,0,0.9222975373268127,
2,579,1,1.0437803268432617,
2,580,0,0.9124157428741455,
2,580,1,0.9936822056770325,
2,581,0,0.9453878402709961,
2,581,1,0.9785759449005127,
2,582,0,0.9506849050521851,
2,582,1,0.8679934740066528,
2,583,0,0.9757164716720581,
2,583,1,1.0269489288330078,
2,584,0,0.8988775610923767,
2,584,1,0.9304784536361694,
2,585,0,0.9714711904525757,
2,585,1,0.9916542768478394,
2,586,0,0.9387693405151367,
2,586,1,0.9223748445510864,
2,587,0,0.9859340786933899,
2,587,1,0.9428365230560303,
2,588,0,0.9607659578323364,
2,588,1,0.927808403968811,
2,589,0,0.9302335977554321,
2,589,1,0.9079545736312866,
2,590,0,1.0002957582473755,
2,590,1,0.9996412992477417,
2,591,0,0.9474943280220032,
2,591,1,1.0092589855194092,
2,592,0,0.8992223739624023,
2,592,1,0.9990642666816711,
2,593,0,0.9528107643127441,
2,593,1,0.9993147253990173,
2,594,0,0.9371445775032043,
2,594,1,0.9673230051994324,
2,595,0,0.9283317923545837,
2,595,1,0.8693076372146606,
2,596,0,0.9932336807250977,
2,596,1,1.0808876752853394,
2,597,0,1.0181833505630493,
2,597,1,0.9694209098815918,
2,598,0,0.9800841808319092,
2,598,1,0.9855055809020996,
2,599,0,0.9852893352508545,
2,599,1,0.9480572938919067,
2,600,0,0.9707487225532532,
2,600,1,0.9971367716789246,
2,601,0,0.9860298037528992,
2,601,1,0.9270437955856323,
2,602,0,0.9721843600273132,
2,602,1,1.017285704612732,
2,603,0,1.0016778707504272,
2,603,1,0.944395899772644,
2,604,0,1.014445424079895,
2,604,1,0.9916290640830994,
2,val,,,0.9708655758698781
3,0,0,0.986202597618103,
3,0,1,0.7968478202819824,
3,1,0,0.9632181525230408,
3,1,1,1.0054676532745361,
3,2,0,0.9436588883399963,
3,2,1,0.9522802829742432,
3,3,0,1.0044665336608887,
3,3,1,0.8104321956634521,
3,4,0,0.9378365278244019,
3,4,1,0.773221492767334,
3,5,0,0.9672316312789917,
3,5,1,0.9214373826980591,
3,6,0,1.0087177753448486,
3,6,1,1.019485592842102,
3,7,0,0.9977271556854248,
3,7,1,0.96495121717453,
3,8,0,0.9188958406448364,
3,8,1,1.02188241481781,
3,9,0,1.0177658796310425,
3,9,1,0.8249874711036682,
3,10,0,1.006799578666687,
3,10,1,0.9122543931007385,
3,11,0,1.0174858570098877,
3,11,1,0.8403079509735107,
3,12,0,0.945300817489624,
3,12,1,0.9512549042701721,
3,13,0,0.9676991701126099,
3,13,1,0.9259924292564392,
3,14,0,1.0083601474761963,
3,14,1,0.9376295804977417,
3,15,0,0.9572286605834961,
3,15,1,0.9726994633674622,
3,16,0,0.9936910271644592,
3,16,1,1.0330933332443237,
3,17,0,0.9935526847839355,
3,17,1,0.9594089388847351,
3,18,0,0.9783310890197754,
3,18,1,0.9775525331497192,
3,19,0,0.9991493225097656,
3,19,1,0.8299759030342102,
3,20,0,0.9454958438873291,
3,20,1,0.9056287407875061,
3,21,0,0.9880953431129456,
3,21,1,1.000232219696045,
3,22,0,0.9600830078125,
3,22,1,1.0554308891296387,
3,23,0,1.023953914642334,
3,23,1,0.9353466629981995,
3,24,0,0.9624550342559814,
3,24,1,1.0507887601852417,
3,25,0,0.9715837836265564,
3,25,1,1.0029661655426025,
3,26,0,0.9525864720344543,
3,26,1,1.0005773305892944,
3,27,0,0.9895933866500854,
3,27,1,1.112990140914917,
3,28,0,0.9436607360839844,
3,28,1,0.9044017791748047,
3,29,0,0.9933515191078186,
3,29,1,0.9395760893821716,
3,30,0,0.9138820171356201,
3,30,1,0.867668092250824,
3,31,0,0.9649034738540649,
3,31,1,0.9742404222488403,
3,32,0,0.9837203621864319,
3,32,1,0.9146032929420471,
3,33,0,0.9464928507804871,
3,33,1,0.9244512319564819,
3,34,0,0.9006346464157104,
3,34,1,1.0078396797180176,
3,35,0,0.9885817766189575,
3,35,1,0.9402118921279907,
3,36,0,0.9160426259040833,
3,36,1,0.859454870223999,
3,37,0,0.9089020490646362,
3,37,1,1.0256798267364502,
3,38,0,1.0049396753311157,
3,38,1,0.9250385761260986,
3,39,0,1.0163720846176147,
3,39,1,0.9765222072601318,
3,40,0,1.0128459930419922,
3,40,1,1.0558134317398071,
3,41,0,0.9639895558357239,
3,41,1,0.8358569145202637,
3,42,0,0.9203025698661804,
3,42,1,1.0424760580062866,
3,43,0,1.0169239044189453,
3,43,1,0.9718477725982666,
3,44,0,1.0478495359420776,
3,44,1,0.9981200098991394,
3,45,0,0.9484081268310547,
3,45,1,1.0920771360397339,
3,46,0,0.9237199425697327,
3,46,1,0.8762706518173218,
3,47,0,0.9704391360282898,
3,47,1,0.9453078508377075,
3,48,0,0.9956527948379517,
3,48,1,0.8291327953338623,
3,49,0,0.9646332263946533,
3,49,1,0.909134566783905,
3,50,0,0.9643279314041138,
3,50,1,0.8428151607513428,
3,51,0,0.989503800868988,
3,51,1,0.9684579968452454,
3,52,0,1.0150219202041626,
3,52,1,0.9593771696090698,
3,53,0,0.9654594659805298,
3,53,1,1.0242904424667358,
3,54,0,0.9826230406761169,
3,54,1,1.0667729377746582,
3,55,0,0.9849424958229065,
3,55,1,1.0152589082717896,
3,56,0,1.0249074697494507,
3,56,1,0.9833027720451355,
3,57,0,0.9936449527740479,
3,57,1,1.0251946449279785,
3,58,0,0.9558271169662476,
3,58,1,1.0189553499221802,
3,59,0,0.9222036004066467,
3,59,1,0.9121508002281189,
3,60,0,0.9337292909622192,
3,60,1,0.9745054841041565,
3,61,0,0.9863843321800232,
3,61,1,1.0320950746536255,
3,62,0,0.9973691701889038,
3,62,1,0.9504510760307312,
3,63,0,0.9743853807449341,
3,63,1,0.9645869731903076,
3,64,0,0.9957098960876465,
3,64,1,1.053534984588623,
3,65,0,0.9789835214614868,
3,65,1,0.8847045302391052,
3,66,0,0.9342862367630005,
3,66,1,0.9615932703018188,
3,67,0,0.9371955394744873,
3,67,1,0.8782746195793152,
3,68,0,0.9791255593299866,
3,68,1,0.9167150855064392,
3,69,0,0.96092289686203,
3,69,1,1.0195465087890625,
3,70,0,0.965844988822937,
3,70,1,1.0486176013946533,
3,71,0,0.9964471459388733,
3,71,1,1.0074111223220825,
3,72,0,0.9329110383987427,
3,72,1,0.9894197583198547,
3,73,0,0.9558746814727783,
3,73,1,0.9678415656089783,
3,74,0,1.0425810813903809,
3,74,1,0.9683097004890442,
3,75,0,1.0149856805801392,
3,75,1,0.9923582077026367,
3,76,0,0.9780188202857971,
3,76,1,0.8088392615318298,
3,77,0,0.9823780059814453,
3,77,1,1.0380899906158447,
3,78,0,1.0217039585113525,
3,78,1,0.96787029504776,
3,79,0,0.9617022275924683,
3,79,1,0.9020921587944031,
3,80,0,1.0359163284301758,
3,80,1,0.9530428051948547,
3,81,0,1.0539683103561401,
3,81,1,1.046068549156189,
3,82,0,1.016396164894104,
3,82,1,1.0246288776397705,
3,83,0,1.029677152633667,
3,83,1,1.070181965827942,
3,84,0,1.00813889503479,
3,84,1,0.8684786558151245,
3,85,0,1.017247200012207,
3,85,1,0.964531421661377,
3,86,0,0.9855321645736694,
3,86,1,0.9375299215316772,
3,87,0,1.0138894319534302,
3,87,1,0.9764320850372314,
3,88,0,1.0756022930145264,
3,88,1,0.9904036521911621,
3,89,0,0.9432031512260437,
3,89,1,1.0141825675964355,
3,90,0,0.9394774436950684,
3,90,1,0.9216176271438599,
3,91,0,0.9925092458724976,
3,91,1,1.0000358819961548,
3,92,0,0.9172382354736328,
3,92,1,1.0322576761245728,
3,93,0,0.9833322763442993,
3,93,1,0.9932236075401306,
3,94,0,0.9343722462654114,
3,94,1,1.0146212577819824,
3,95,0,0.9760462045669556,
3,95,1,0.8769760727882385,
3,96,0,1.0016237497329712,
3,96,1,0.8639816641807556,
3,97,0,0.9740102291107178,
3,97,1,0.9126356840133667,
3,98,0,0.9965736269950867,
3,98,1,1.0612577199935913,
3,99,0,1.01515793800354,
3,99,1,1.011035680770874,
3,100,0,1.0027116537094116,
3,100,1,0.9136315584182739,
3,101,0,1.009092092514038,
3,101,1,0.9990031719207764,
3,102,0,0.957118034362793,
3,102,1,1.0042861700057983,
3,103,0,1.0060744285583496,
3,103,1,1.018255591392517,
3,104,0,0.9655016660690308,
3,104,1,1.0158865451812744,
3,105,0,0.998198390007019,
3,105,1,0.9952306151390076,
3,106,0,0.9622420072555542,
3,106,1,0.992526113986969,
3,107,0,0.9790079593658447,
3,107,1,1.018587350845337,
3,108,0,0.9939116835594177,
3,108,1,1.0068295001983643,
3,109,0,0.978074312210083,
3,109,1,0.9818986654281616,
3,110,0,0.9483039975166321,
3,110,1,0.9489743709564209,
3,111,0,0.9890553951263428,
3,111,1,1.0008264780044556,
3,112,0,0.9730925559997559,
3,112,1,0.8996481895446777,
3,113,0,0.9578636884689331,
3,113,1,0.9606926441192627,
3,114,0,1.0137640237808228,
3,114,1,0.8752464652061462,
3,115,0,0.9360793828964233,
3,115,1,0.9276863932609558,
3,116,0,0.947041392326355,
3,116,1,1.0013924837112427,
3,117,0,0.9823316335678101,
3,117,1,0.9747560024261475,
3,118,0,0.9863008856773376,
3,118,1,1.0653080940246582,
3,119,0,0.9762853980064392,
3,119,1,0.9345268607139587,
3,120,0,0.990822434425354,
3,120,1,1.0496513843536377,
3,121,0,0.9324309825897217,
3,121,1,0.9282323122024536,
3,122,0,0.974746823310852,
3,122,1,0.956597626209259,
3,123,0,1.0328253507614136,
3,123,1,1.019081473350525,
3,124,0,0.949868381023407,
3,124,1,0.9662864804267883,
3,125,0,0.9715744256973267,
3,125,1,0.9489454627037048,
3,126,0,0.9335888624191284,
3,126,1,0.9483157992362976,
3,127,0,0.9601038098335266,
3,127,1,0.9449412822723389,
3,128,0,0.9477039575576782,
3,128,1,1.0023866891860962,
3,129,0,0.9609461426734924,
3,129,1,0.9209706783294678,
3,130,0,0.9896087050437927,
3,130,1,1.0412356853485107,
3,131,0,0.9881625175476074,
3,131,1,0.8456189632415771,
3,132,0,0.9723619222640991,
3,132,1,1.0434759855270386,
3,133,0,0.9940056204795837,
3,133,1,0.931134045124054,
3,134,0,1.0006262063980103,
3,134,1,1.0575233697891235,
3,135,0,0.9798102974891663,
3,135,1,0.9933767914772034,
3,136,0,0.961388885974884,
3,136,1,0.9656630754470825,
3,137,0,0.9372054934501648,
3,137,1,0.8467348217964172,
3,138,0,0.9773425459861755,
3,138,1,0.9864663481712341,
3,139,0,1.006988525390625,
3,139,1,0.9606347680091858,
3,140,0,0.9774129390716553,
3,140,1,0.9683944582939148,
3,141,0,0.8976305723190308,
3,141,1,0.9883432984352112,
3,142,0,0.9456170797348022,
3,142,1,0.8995512127876282,
3,143,0,1.0010349750518799,
3,143,1,0.8010299205780029,
3,144,0,0.9828029870986938,
3,144,1,1.0868340730667114,
3,145,0,0.9706627726554871,
3,145,1,1.0940890312194824,
3,146,0,0.9739915132522583,
3,146,1,0.9956575036048889,
3,147,0,0.9577315449714661,
3,147,1,1.0155636072158813,
3,148,0,1.009259819984436,
3,148,1,0.908917248249054,
3,149,0,0.9866623878479004,
3,149,1,0.9812828302383423,
3,150,0,0.97160804271698,
3,150,1,0.8839296698570251,
3,151,0,0.9782760739326477,
3,151,1,0.9729224443435669,
3,152,0,0.9759706258773804,
3,152,1,0.9332250952720642,
3,153,0,0.960956335067749,
3,153,1,0.9871907830238342,
3,154,0,0.96297687292099,
3,154,1,0.9943823218345642,
3,155,0,0.9757120609283447,
3,155,1,0.9331953525543213,
3,156,0,0.9926707148551941,
3,156,1,1.0025639533996582,
3,157,0,1.0053610801696777,
3,157,1,0.9017458558082581,
3,158,0,0.9572538733482361,
3,158,1,1.0322136878967285,
3,159,0,0.9319211840629578,
3,159,1,1.0118181705474854,
3,160,0,0.98210608959198,
3,160,1,0.9934779405593872,
3,161,0,0.9942434430122375,
3,161,1,1.0378026962280273,
3,162,0,0.9960671067237854,
3,162,1,0.9872778654098511,
3,163,0,0.9114869832992554,
3,163,1,1.0231719017028809,
3,164,0,0.9759674668312073,
3,164,1,0.9955387711524963,
3,165,0,0.9593581557273865,
3,165,1,0.9762320518493652,
3,166,0,0.9230165481567383,
3,166,1,0.9528884887695312,
3,167,0,0.980821430683136,
3,167,1,1.0025314092636108,
3,168,0,0.9874878525733948,
3,168,1,1.0531363487243652,
3,169,0,1.015067458152771,
3,169,1,0.9357963800430298,
3,170,0,0.9319229125976562,
3,170,1,0.9099593162536621,
3,171,0,0.9722214937210083,
3,171,1,0.9829353094100952,
3,172,0,1.020249843597412,
3,172,1,0.9249285459518433,
3,173,0,0.9906783699989319,
3,173,1,0.9484283328056335,
3,174,0,0.9578299522399902,
3,174,1,1.001685380935669,
3,175,0,0.9873618483543396,
3,175,1,0.9178557395935059,
3,176,0,0.9912108182907104,
3,176,1,0.939316987991333,
3,177,0,0.9379839897155762,
3,177,1,0.9653507471084595,
3,178,0,0.9389179944992065,
3,178,1,0.9872193336486816,
3,179,0,0.9425373077392578,
3,179,1,0.9678264856338501,
3,180,0,0.9554595351219177,
3,180,1,1.1800463199615479,
3,181,0,0.9742349982261658,
3,181,1,1.0027828216552734,
3,182,0,0.9724990725517273,
3,182,1,0.9793918132781982,
3,183,0,0.9683218598365784,
3,183,1,0.9544785618782043,
3,184,0,1.0114202499389648,
3,184,1,0.995389997959137,
3,185,0,0.9556370377540588,
3,185,1,0.9831109642982483,
3,186,0,0.9696606397628784,
3,186,1,0.8567429780960083,
3,187,0,0.9825940728187561,
3,187,1,0.9902369976043701,
3,188,0,0.9806896448135376,
3,188,1,0.9339728951454163,
3,189,0,0.9407827258110046,
3,189,1,0.9246292114257812,
3,190,0,0.9705221056938171,
3,190,1,0.9634059071540833,
3,191,0,0.9998832941055298,
3,191,1,0.9707778692245483,
3,192,0,0.9829598069190979,
3,192,1,0.9924058318138123,
3,193,0,1.0189648866653442,
3,193,1,1.0108892917633057,
3,194,0,0.9896153807640076,
3,194,1,0.9880425333976746,
3,195,0,0.9909442067146301,
3,195,1,1.0005958080291748,
3,196,0,0.9956780672073364,
3,196,1,0.8845288753509521,
3,197,0,0.9570360779762268,
3,197,1,1.001859188079834,
3,198,0,1.0211472511291504,
3,198,1,1.010454773902893,
3,199,0,0.9998383522033691,
3,199,1,0.9609379172325134,
3,200,0,0.8990694284439087,
3,200,1,0.9881756901741028,
3,201,0,0.8994892239570618,
3,201,1,1.143135905265808,
3,202,0,0.9425966739654541,
3,202,1,0.9706529974937439,
3,203,0,0.9345121383666992,
3,203,1,0.9795801043510437,
3,204,0,1.0393108129501343,
3,204,1,0.951091468334198,
3,205,0,1.0104868412017822,
3,205,1,0.9768972396850586,
3,206,0,0.9945744276046753,
3,206,1,1.01737642288208,
3,207,0,0.9640783667564392,
3,207,1,0.9776493906974792,
3,208,0,0.9690685868263245,
3,208,1,0.9594132304191589,
3,209,0,0.9546688199043274,
3,209,1,0.8449348211288452,
3,210,0,0.9694063663482666,
3,210,1,0.962070107460022,
3,211,0,1.0167933702468872,
3,211,1,0.9489254355430603,
3,212,0,0.9932839274406433,
3,212,1,1.004271149635315,
3,213,0,0.9971889853477478,
3,213,1,0.9925224781036377,
3,214,0,1.0027941465377808,
3,214,1,1.012829303741455,
3,215,0,0.9421187043190002,
3,215,1,1.0361583232879639,
3,216,0,0.9508700370788574,
3,216,1,0.9356270432472229,
3,217,0,0.9414434432983398,
3,217,1,0.9535062909126282,
3,218,0,0.9650306701660156,
3,218,1,1.0625356435775757,
3,219,0,0.9276109933853149,
3,219,1,0.9608947038650513,
3,220,0,1.013377070426941,
3,220,1,0.9244818687438965,
3,221,0,0.9567349553108215,
3,221,1,0.8178857564926147,
3,222,0,1.007401466369629,
3,222,1,0.9933686852455139,
3,223,0,0.9719218611717224,
3,223,1,0.8726162314414978,
3,224,0,1.0354278087615967,
3,224,1,1.0875035524368286,
3,225,0,0.9454953670501709,
3,225,1,0.9787403345108032,
3,226,0,0.9567256569862366,
3,226,1,0.9091519713401794,
3,227,0,1.0163370370864868,
3,227,1,0.940304160118103,
3,228,0,0.9214407801628113,
3,228,1,0.9096071720123291,
3,229,0,0.9827785491943359,
3,229,1,1.0013271570205688,
3,230,0,0.9829455614089966,
3,230,1,0.9980289936065674,
3,231,0,0.9638509750366211,
3,231,1,0.9818800091743469,
3,232,0,1.0171287059783936,
3,232,1,1.0910574197769165,
3,233,0,0.9966552257537842,
3,233,1,0.9281527996063232,
3,234,0,0.9759277701377869,
3,234,1,1.109334111213684,
3,235,0,0.95355623960495,
3,235,1,0.976320743560791,
3,236,0,0.9796901941299438,
3,236,1,0.82889723777771,
3,237,0,1.02536940574646,
3,237,1,0.9323936104774475,
3,238,0,0.9727671146392822,
3,238,1,0.9694331884384155,
3,239,0,0.988846480846405,
3,239,1,1.005199909210205,
3,240,0,0.9620175361633301,
3,240,1,0.9775840640068054,
3,241,0,0.9213191270828247,
3,241,1,0.9690181016921997,
3,242,0,0.9920501708984375,
3,242,1,0.9430136680603027,
3,243,0,0.9566607475280762,
3,243,1,1.0716418027877808,
3,244,0,0.9866243004798889,
3,244,1,0.9798187017440796,
3,245,0,0.9198089838027954,
3,245,1,0.9862819910049438,
3,246,0,0.934246838092804,
3,246,1,0.9610061645507812,
3,247,0,0.9765161871910095,
3,247,1,0.9568691849708557,
3,248,0,0.9678356647491455,
3,248,1,1.0134263038635254,
3,249,0,0.9889049530029297,
3,249,1,0.9859501719474792,
3,250,0,0.9397295713424683,
3,250,1,1.0608004331588745,
3,251,0,1.0069462060928345,
3,251,1,1.0008060932159424,
3,252,0,0.9724338054656982,
3,252,1,0.9039381742477417,
3,253,0,0.9451991319656372,
3,253,1,0.9903178811073303,
3,254,0,0.9832751154899597,
3,254,1,1.0534460544586182,
3,255,0,0.9802234172821045,
3,255,1,0.9773235321044922,
3,256,0,0.9674681425094604,
3,256,1,0.9660115242004395,
3,257,0,0.9730918407440186,
3,257,1,0.9612309336662292,
3,258,0,1.0009713172912598,
3,258,1,0.9198826551437378,
3,259,0,0.9548882246017456,
3,259,1,1.0958083868026733,
3,260,0,0.9282934665679932,
3,260,1,1.0,
3,261,0,1.0085667371749878,
3,261,1,0.9249328970909119,
3,262,0,0.9526991248130798,
3,262,1,0.9243370294570923,
3,263,0,0.9985191226005554,
3,263,1,0.998204231262207,
3,264,0,0.9232302308082581,
3,264,1,0.9588412642478943,
3,265,0,0.9792833924293518,
3,265,1,0.8349454402923584,
3,266,0,0.9672877192497253,
3,266,1,0.9585047960281372,
3,267,0,0.9411724209785461,
3,267,1,0.9896656274795532,
3,268,0,1.0168224573135376,
3,268,1,0.9831149578094482,
3,269,0,0.958410382270813,
3,269,1,1.0387213230133057,
3,270,0,0.9550243616104126,
3,270,1,0.9388054013252258,
3,271,0,0.9447687268257141,
3,271,1,0.8468649387359619,
3,272,0,0.9676945805549622,
3,272,1,1.044488549232483,
3,273,0,0.9903138279914856,
3,273,1,0.9190480709075928,
3,274,0,0.9488919973373413,
3,274,1,0.9420475363731384,
3,275,0,0.9532729387283325,
3,275,1,0.9688968062400818,
3,276,0,0.9822743535041809,
3,276,1,1.0179778337478638,
3,277,0,0.942713737487793,
3,277,1,1.007481575012207,
3,278,0,0.99037766456604,
3,278,1,0.9787468910217285,
3,279,0,1.0160444974899292,
3,279,1,0.9144739508628845,
3,280,0,0.9956185221672058,
3,280,1,0.9869215488433838,
3,281,0,0.9876953363418579,
3,281,1,0.9856072664260864,
3,282,0,0.9843201637268066,
3,282,1,0.9100525379180908,
3,283,0,0.9511693120002747,
3,283,1,1.0243300199508667,
3,284,0,0.9099157452583313,
3,284,1,1.0013502836227417,
3,285,0,0.9613019227981567,
3,285,1,0.9941467642784119,
3,286,0,0.9657390713691711,
3,286,1,1.0016207695007324,
3,287,0,0.9752224087715149,
3,287,1,0.983352541923523,
3,288,0,0.9589034914970398,
3,288,1,0.907392680644989,
3,289,0,1.0034916400909424,
3,289,1,0.8648332357406616,
3,290,0,0.9839192032814026,
3,290,1,0.9753197431564331,
3,291,0,0.9596367478370667,
3,291,1,1.0395445823669434,
3,292,0,0.9474098682403564,
3,292,1,0.9523428678512573,
3,293,0,1.018895149230957,
3,293,1,0.9119619727134705,
3,294,0,0.9187293648719788,
3,294,1,0.8905507326126099,
3,295,0,0.9080878496170044,
3,295,1,1.0221561193466187,
3,296,0,1.0109912157058716,
3,296,1,0.9650477766990662,
3,297,0,0.9349918365478516,
3,297,1,0.9714698195457458,
3,298,0,0.9751720428466797,
3,298,1,1.0675039291381836,
3,299,0,0.9435133337974548,
3,299,1,1.0255006551742554,
3,300,0,0.9899771809577942,
3,300,1,0.9691763520240784,
3,301,0,1.0282913446426392,
3,301,1,1.07377290725708,
3,302,0,0.9963962435722351,
3,302,1,1.0982173681259155,
3,303,0,0.9488401412963867,
3,303,1,0.9143134951591492,
3,304,0,0.95709627866745,
3,304,1,1.0,
3,305,0,1.0141372680664062,
3,305,1,1.0688434839248657,
3,306,0,1.000535488128662,
3,306,1,0.9673795104026794,
3,307,0,1.014388084411621,
3,307,1,1.0054250955581665,
3,308,0,1.0277302265167236,
3,308,1,0.97808438539505,
3,309,0,1.002013921737671,
3,309,1,0.9994682669639587,
3,310,0,1.0634346008300781,
3,310,1,0.9424870014190674,
3,311,0,0.9913879036903381,
3,311,1,0.9965525269508362,
3,312,0,1.0015757083892822,
3,312,1,1.1254523992538452,
3,313,0,1.0323442220687866,
3,313,1,1.0151058435440063,
3,314,0,1.0404690504074097,
3,314,1,1.0225293636322021,
3,315,0,1.0168137550354004,
3,315,1,1.0350903272628784,
3,316,0,1.039734125137329,
3,316,1,1.0601855516433716,
3,317,0,1.0166575908660889,
3,317,1,1.0172065496444702,
3,318,0,1.0807908773422241,
3,318,1,1.0156673192977905,
3,319,0,1.0325140953063965,
3,319,1,0.9532533288002014,
3,320,0,0.9662578105926514,
3,320,1,0.9301045536994934,
3,321,0,1.03387451171875,
3,321,1,1.093859314918518,
3,322,0,1.0687453746795654,
3,322,1,0.9967719912528992,
3,323,0,1.0574296712875366,
3,323,1,0.9960739016532898,
3,324,0,0.9808021187782288,
3,324,1,1.0080609321594238,
3,325,0,0.9959936738014221,
3,325,1,1.1906673908233643,
3,326,0,1.0288032293319702,
3,326,1,0.9751221537590027,
3,327,0,1.0577844381332397,
3,327,1,0.980663001537323,
3,328,0,1.0163283348083496,
3,328,1,1.0694894790649414,
3,329,0,1.0523184537887573,
3,329,1,1.0109525918960571,
3,330,0,1.0245819091796875,
3,330,1,1.095474123954773,
3,331,0,0.9327296018600464,
3,331,1,0.9066965579986572,
3,332,0,0.9450334310531616,
3,332,1,0.9992495775222778,
3,333,0,1.0053952932357788,
3,333,1,0.9068495631217957,
3,334,0,0.9573968648910522,
3,334,1,0.8592594861984253,
3,335,0,0.9910397529602051,
3,335,1,1.0640392303466797,
3,336,0,0.9936739802360535,
3,336,1,0.9427040815353394,
3,337,0,0.9709126949310303,
3,337,1,1.0619529485702515,
3,338,0,0.9347550868988037,
3,338,1,1.0050104856491089,
3,339,0,1.0082730054855347,
3,339,1,0.9924275875091553,
3,340,0,0.9214636087417603,
3,340,1,1.013124704360962,
3,341,0,0.9892262816429138,
3,341,1,0.9301447868347168,
3,342,0,0.8130747675895691,
3,342,1,1.0224075317382812,
3,343,0,1.006142497062683,
3,343,1,0.9550998210906982,
3,344,0,0.9211635589599609,
3,344,1,0.9908965826034546,
3,345,0,1.0060532093048096,
3,345,1,0.9866131544113159,
3,346,0,0.9927170872688293,
3,346,1,1.0413297414779663,
3,347,0,1.0695912837982178,
3,347,1,0.8399716019630432,
3,348,0,0.938847005367279,
3,348,1,0.9047452211380005,
3,349,0,0.9204042553901672,
3,349,1,0.8789055347442627,
3,350,0,0.974247395992279,
3,350,1,1.0000463724136353,
3,351,0,0.9710419178009033,
3,351,1,1.0072805881500244,
3,352,0,0.9454131722450256,
3,352,1,0.9571253061294556,
3,353,0,1.0027433633804321,
3,353,1,1.0917680263519287,
3,354,0,0.9821450114250183,
3,354,1,0.8531058430671692,
3,355,0,0.9967671632766724,
3,355,1,0.9639872312545776,
3,356,0,1.0791770219802856,
3,356,1,1.0058112144470215,
3,357,0,0.9729672074317932,
3,357,1,0.9983330368995667,
3,358,0,1.0143721103668213,
3,358,1,0.9368555545806885,
3,359,0,0.9975472092628479,
3,359,1,1.0421100854873657,
3,360,0,1.0101666450500488,
3,360,1,1.0141806602478027,
3,361,0,0.9374091029167175,
3,361,1,0.8916378021240234,
3,362,0,0.973088264465332,
3,362,1,0.8918890953063965,
3,363,0,0.9663068652153015,
3,363,1,1.0547187328338623,
3,364,0,0.9316394925117493,
3,364,1,1.0023069381713867,
3,365,0,1.0001740455627441,
3,365,1,0.9888487458229065,
3,366,0,0.9546043276786804,
3,366,1,0.9633146524429321,
3,367,0,0.9843713641166687,
3,367,1,1.0441559553146362,
3,368,0,0.9289265871047974,
3,368,1,0.9226140975952148,
3,369,0,0.9611828327178955,
3,369,1,0.9825127124786377,
3,370,0,0.9626079797744751,
3,370,1,1.0775424242019653,
3,371,0,0.902759313583374,
3,371,1,0.9330384135246277,
3,372,0,0.9662860035896301,
3,372,1,0.9382365942001343,
3,373,0,0.9854336977005005,
3,373,1,0.9655003547668457,
3,374,0,0.9689978957176208,
3,374,1,0.9849383234977722,
3,375,0,0.9863396286964417,
3,375,1,0.9867120385169983,
3,376,0,0.989358127117157,
3,376,1,0.8321071863174438,
3,377,0,1.0202076435089111,
3,377,1,1.008677363395691,
3,378,0,0.9493066072463989,
3,378,1,0.9479478001594543,
3,379,0,0.9957368969917297,
3,379,1,0.9793109893798828,
3,380,0,0.9843918681144714,
3,380,1,0.7536925077438354,
3,381,0,0.9651639461517334,
3,381,1,0.8198733925819397,
3,382,0,0.9322332739830017,
3,382,1,0.9404692649841309,
3,383,0,0.9483909010887146,
3,383,1,0.9760414958000183,
3,384,0,1.0015513896942139,
3,384,1,0.9726049900054932,
3,385,0,1.0385757684707642,
3,385,1,0.97524493932724,
3,386,0,1.0005472898483276,
3,386,1,0.9847242832183838,
3,387,0,1.0219309329986572,
3,387,1,1.1775275468826294,
3,388,0,0.9956845045089722,
3,388,1,1.0194861888885498,
3,389,0,0.9858986139297485,
3,389,1,0.9927501082420349,
3,390,0,0.9234796762466431,
3,390,1,0.9181350469589233,
3,391,0,1.0478358268737793,
3,391,1,0.9812401533126831,
3,392,0,0.9422351121902466,
3,392,1,0.9682344794273376,
3,393,0,0.9942926168441772,
3,393,1,0.9924824237823486,
3,394,0,0.9946827292442322,
3,394,1,0.8658655881881714,
3,395,0,0.9799936413764954,
3,395,1,1.0089887380599976,
3,396,0,0.9662070274353027,
3,396,1,1.0712618827819824,
3,397,0,0.9645726084709167,
3,397,1,1.0015820264816284,
3,398,0,0.9858880043029785,
3,398,1,0.890056312084198,
3,399,0,0.9401652216911316,
3,399,1,1.0191766023635864,
3,400,0,0.9700635075569153,
3,400,1,1.061522364616394,
3,401,0,1.0015311241149902,
3,401,1,0.9737780690193176,
3,402,0,1.0110918283462524,
3,402,1,0.9388426542282104,
3,403,0,1.0031384229660034,
3,403,1,0.998729944229126,
3,404,0,0.9526654481887817,
3,404,1,0.9115232825279236,
3,405,0,0.884482741355896,
3,405,1,1.06459379196167,
3,406,0,0.963951587677002,
3,406,1,0.9923177361488342,
3,407,0,1.013588547706604,
3,407,1,1.0562776327133179,
3,408,0,0.9434244632720947,
3,408,1,0.9674631357192993,
3,409,0,0.973426878452301,
3,409,1,1.0020827054977417,
3,410,0,0.9617137908935547,
3,410,1,0.9061402678489685,
3,411,0,1.004878044128418,
3,411,1,1.0040167570114136,
3,412,0,0.9312131404876709,
3,412,1,0.9599452614784241,
3,413,0,1.0166281461715698,
3,413,1,1.0483152866363525,
3,414,0,0.8643770217895508,
3,414,1,0.9586914777755737,
3,415,0,1.000807523727417,
3,415,1,1.0371344089508057,
3,416,0,0.9988610744476318,
3,416,1,0.9541594982147217,
3,417,0,0.9186097979545593,
3,417,1,0.882508397102356,
3,418,0,0.9897058606147766,
3,418,1,0.9460418820381165,
3,419,0,1.0359586477279663,
3,419,1,0.8243280649185181,
3,420,0,0.9603258967399597,
3,420,1,0.8678175806999207,
3,421,0,1.0233027935028076,
3,421,1,1.1028066873550415,
3,422,0,0.9695587754249573,
3,422,1,0.9978454113006592,
3,423,0,0.9771240949630737,
3,423,1,0.9474392533302307,
3,424,0,0.9800102114677429,
3,424,1,1.0673637390136719,
3,425,0,0.9946682453155518,
3,425,1,0.9881421327590942,
3,426,0,0.9422295689582825,
3,426,1,0.9225859642028809,
3,427,0,0.9777098894119263,
3,427,1,0.8642775416374207,
3,428,0,1.0031312704086304,
3,428,1,0.9118658304214478,
3,429,0,1.0049405097961426,
3,429,1,0.924927830696106,
3,430,0,0.9821749925613403,
3,430,1,1.0035942792892456,
3,431,0,0.9838464260101318,
3,431,1,1.0471360683441162,
3,432,0,0.9969568848609924,
3,432,1,0.9604270458221436,
3,433,0,0.9681367874145508,
3,433,1,1.094358205795288,
3,434,0,0.984211266040802,
3,434,1,0.990847110748291,
3,435,0,0.9352737665176392,
3,435,1,0.901695191860199,
3,436,0,0.9408633708953857,
3,436,1,0.9340150952339172,
3,437,0,1.0030467510223389,
3,437,1,1.058213472366333,
3,438,0,0.9203181862831116,
3,438,1,0.9571963548660278,
3,439,0,1.0288053750991821,
3,439,1,0.9890459179878235,
3,440,0,0.9925105571746826,
3,440,1,0.9685686826705933,
3,441,0,1.019850254058838,
3,441,1,0.9647761583328247,
3,442,0,0.9752699732780457,
3,442,1,1.0674495697021484,
3,443,0,1.005739688873291,
3,443,1,1.000693917274475,
3,444,0,0.9618775844573975,
3,444,1,1.0165005922317505,
3,445,0,0.9935086965560913,
3,445,1,1.1167508363723755,
3,446,0,0.9610182642936707,
3,446,1,0.9538519978523254,
3,447,0,1.0068957805633545,
3,447,1,0.9614090919494629,
3,448,0,0.9922781586647034,
3,448,1,0.9903637766838074,
3,449,0,0.8856603503227234,
3,449,1,1.0011074542999268,
3,450,0,0.9358955025672913,
3,450,1,1.0,
3,451,0,1.0147309303283691,
3,451,1,1.0662896633148193,
3,452,0,0.9526005983352661,
3,452,1,1.0131205320358276,
3,453,0,0.9832445383071899,
3,453,1,0.9519566893577576,
3,454,0,1.0094678401947021,
3,454,1,0.9978551864624023,
3,455,0,0.9836981296539307,
3,455,1,0.9896731972694397,
3,456,0,0.9812255501747131,
3,456,1,0.9293602705001831,
3,457,0,0.9672902226448059,
3,457,1,0.9937049746513367,
3,458,0,0.9416679739952087,
3,458,1,1.0148464441299438,
3,459,0,0.9536455869674683,
3,459,1,1.063058853149414,
3,460,0,0.94709712266922,
3,460,1,1.001700520515442,
3,461,0,0.937597930431366,
3,461,1,1.0175248384475708,
3,462,0,0.9827640652656555,
3,462,1,0.9673365950584412,
3,463,0,0.9346557855606079,
3,463,1,1.0315613746643066,
3,464,0,0.9637002348899841,
3,464,1,0.9947552680969238,
3,465,0,0.9666805267333984,
3,465,1,0.9966898560523987,
3,466,0,0.9208133816719055,
3,466,1,0.9159068465232849,
3,467,0,0.9670719504356384,
3,467,1,0.9375706315040588,
3,468,0,1.0048409700393677,
3,468,1,0.9877011775970459,
3,469,0,0.9880037307739258,
3,469,1,1.000295877456665,
3,470,0,0.9881076216697693,
3,470,1,0.9801904559135437,
3,471,0,0.9853745698928833,
3,471,1,1.0135356187820435,
3,472,0,1.0524661540985107,
3,472,1,0.9732270240783691,
3,473,0,0.9453046321868896,
3,473,1,0.9493399858474731,
3,474,0,0.975287675857544,
3,474,1,1.0174086093902588,
3,475,0,0.953365683555603,
3,475,1,0.9194201231002808,
3,476,0,1.0031260251998901,
3,476,1,0.9274870157241821,
3,477,0,0.9142597913742065,
3,477,1,1.0380208492279053,
3,478,0,0.9373840689659119,
3,478,1,1.0003424882888794,
3,479,0,0.9664725065231323,
3,479,1,1.0245405435562134,
3,480,0,0.9290855526924133,
3,480,1,0.8804894685745239,
3,481,0,0.9658772349357605,
3,481,1,0.9798624515533447,
3,482,0,0.9462169408798218,
3,482,1,0.9286162853240967,
3,483,0,1.022508144378662,
3,483,1,0.858234167098999,
3,484,0,0.9604642391204834,
3,484,1,1.0071828365325928,
3,485,0,0.9712775349617004,
3,485,1,0.9955402612686157,
3,486,0,0.9808566570281982,
3,486,1,0.9799923300743103,
3,487,0,0.9835351705551147,
3,487,1,0.9948425889015198,
3,488,0,0.9728076457977295,
3,488,1,0.7895712852478027,
3,489,0,1.0293354988098145,
3,489,1,1.0013164281845093,
3,490,0,0.9627264738082886,
3,490,1,0.9801027774810791,
3,491,0,0.981452465057373,
3,491,1,1.0875751972198486,
3,492,0,0.9555723071098328,
3,492,1,0.9810305237770081,
3,493,0,1.0109004974365234,
3,493,1,1.0165685415267944,
3,494,0,0.9838648438453674,
3,494,1,0.8445314168930054,
3,495,0,0.9704263806343079,
3,495,1,1.0769641399383545,
3,496,0,1.0079361200332642,
3,496,1,0.9421129822731018,
3,497,0,0.9806087613105774,
3,497,1,0.9235458970069885,
3,498,0,0.8959653973579407,
3,498,1,0.7727517485618591,
3,499,0,0.9634284973144531,
3,499,1,1.0138665437698364,
3,500,0,0.9701732397079468,
3,500,1,0.9852057695388794,
3,501,0,0.9227445721626282,
3,501,1,1.0211620330810547,
3,502,0,0.9769352078437805,
3,502,1,0.8544546961784363,
3,503,0,0.981989860534668,
3,503,1,0.8138120174407959,
3,504,0,1.007654070854187,
3,504,1,0.8804721236228943,
3,505,0,0.9465375542640686,
3,505,1,0.9490768313407898,
3,506,0,0.9758992791175842,
3,506,1,1.0478079319000244,
3,507,0,0.9837396144866943,
3,507,1,1.2043999433517456,
3,508,0,0.9736294746398926,
3,508,1,0.9934130907058716,
3,509,0,1.0097869634628296,
3,509,1,0.992054283618927,
3,510,0,1.040068507194519,
3,510,1,1.0907647609710693,
3,511,0,1.0207488536834717,
3,511,1,0.9716842174530029,
3,512,0,0.9691937565803528,
3,512,1,1.007988691329956,
3,513,0,0.9635602235794067,
3,513,1,0.9500996470451355,
3,514,0,1.004971981048584,
3,514,1,0.9801931977272034,
3,515,0,0.9894446134567261,
3,515,1,0.999411940574646,
3,516,0,0.9485791921615601,
3,516,1,1.0285440683364868,
3,517,0,0.9941220879554749,
3,517,1,0.9053053259849548,
3,518,0,0.9846906065940857,
3,518,1,0.8276672959327698,
3,519,0,0.9895974397659302,
3,519,1,0.9755188822746277,
3,520,0,1.011712670326233,
3,520,1,0.9106608033180237,
3,521,0,1.004355788230896,
3,521,1,1.0731092691421509,
3,522,0,0.9868803024291992,
3,522,1,0.9867430925369263,
3,523,0,0.9887711405754089,
3,523,1,0.904748797416687,
3,524,0,0.9432133436203003,
3,524,1,1.0133283138275146,
3,525,0,0.9032092094421387,
3,525,1,1.0003724098205566,
3,526,0,0.9649384617805481,
3,526,1,1.0237720012664795,
3,527,0,1.0166374444961548,
3,527,1,1.0843230485916138,
3,528,0,0.9397626519203186,
3,528,1,1.0709859132766724,
3,529,0,0.9912179112434387,
3,529,1,0.9993400573730469,
3,530,0,0.9620842337608337,
3,530,1,1.042937159538269,
3,531,0,1.0154823064804077,
3,531,1,0.9874120950698853,
3,532,0,1.005600929260254,
3,532,1,0.9990842342376709,
3,533,0,0.9807787537574768,
3,533,1,0.9844362735748291,
3,534,0,0.9738696217536926,
3,534,1,1.00892972946167,
3,535,0,0.9937792420387268,
3,535,1,1.004239797592163,
3,536,0,0.9954046607017517,
3,536,1,1.0329535007476807,
3,537,0,0.891653299331665,
3,537,1,0.9568771123886108,
3,538,0,1.0196744203567505,
3,538,1,1.0177507400512695,
3,539,0,0.8862928748130798,
3,539,1,0.9951138496398926,
3,540,0,0.978600800037384,
3,540,1,0.7997696399688721,
3,541,0,0.9877350330352783,
3,541,1,0.9642331004142761,
3,542,0,0.9750471115112305,
3,542,1,0.9024478197097778,
3,543,0,0.9811261892318726,
3,543,1,0.9894857406616211,
3,544,0,0.9964160919189453,
3,544,1,0.9303964972496033,
3,545,0,0.9462805986404419,
3,545,1,1.1828094720840454,
3,546,0,0.9733180999755859,
3,546,1,1.0076442956924438,
3,547,0,0.9557461738586426,
3,547,1,0.9642235040664673,
3,548,0,0.9523072242736816,
3,548,1,0.972066342830658,
3,549,0,0.9164193272590637,
3,549,1,0.9412903785705566,
3,550,0,0.9451944231987,
3,550,1,0.9998301863670349,
3,551,0,1.0365190505981445,
3,551,1,0.9645501375198364,
3,552,0,0.9347716569900513,
3,552,1,0.9693166017532349,
3,553,0,0.9810982942581177,
3,553,1,0.9677393436431885,
3,554,0,0.9389215111732483,
3,554,1,0.9668843150138855,
3,555,0,0.9253649711608887,
3,555,1,0.8996095657348633,
3,556,0,1.0086190700531006,
3,556,1,0.987044632434845,
3,557,0,0.9362818002700806,
3,557,1,0.9980062246322632,
3,558,0,0.9996166825294495,
3,558,1,0.9843137860298157,
3,559,0,0.9511873722076416,
3,559,1,0.9490294456481934,
3,560,0,0.9999977946281433,
3,560,1,1.0994733572006226,
3,561,0,0.9965570569038391,
3,561,1,0.9001468420028687,
3,562,0,0.942169189453125,
3,562,1,1.1005396842956543,
3,563,0,0.93365478515625,
3,563,1,0.9794694185256958,
3,564,0,1.004793405532837,
3,564,1,1.001851201057434,
3,565,0,0.9382163882255554,
3,565,1,0.9341643452644348,
3,566,0,1.0188130140304565,
3,566,1,0.994733989238739,
3,567,0,0.9308539032936096,
3,567,1,0.9362748861312866,
3,568,0,0.9660316705703735,
3,568,1,0.848945677280426,
3,569,0,0.9736441373825073,
3,569,1,0.847740650177002,
3,570,0,0.960170328617096,
3,570,1,0.8761109113693237,
3,571,0,1.0008466243743896,
3,571,1,0.9848461151123047,
3,572,0,1.0166364908218384,
3,572,1,1.0100734233856201,
3,573,0,0.9987008571624756,
3,573,1,1.0387959480285645,
3,574,0,0.9897371530532837,
3,574,1,1.0543270111083984,
3,575,0,0.965533971786499,
3,575,1,1.000173568725586,
3,576,0,0.9968284964561462,
3,576,1,0.9117377400398254,
3,577,0,1.002357840538025,
3,577,1,0.9371211528778076,
3,578,0,0.9791278839111328,
3,578,1,0.9514026045799255,
3,579,0,0.9465413689613342,
3,579,1,0.9354578852653503,
3,580,0,0.910534679889679,
3,580,1,1.0025813579559326,
3,581,0,0.936193585395813,
3,581,1,1.013816475868225,
3,582,0,0.9197746515274048,
3,582,1,0.9976236820220947,
3,583,0,0.9841794967651367,
3,583,1,0.9923549890518188,
3,584,0,0.900202214717865,
3,584,1,0.9315071105957031,
3,585,0,0.9782636761665344,
3,585,1,0.9674743413925171,
3,586,0,0.9390707015991211,
3,586,1,0.9195414185523987,
3,587,0,0.969206690788269,
3,587,1,1.0099574327468872,
3,588,0,0.9458484649658203,
3,588,1,0.9875343441963196,
3,589,0,0.9293932318687439,
3,589,1,0.9096770286560059,
3,590,0,0.9997924566268921,
3,590,1,0.9998399019241333,
3,591,0,0.9719910025596619,
3,591,1,0.9069408774375916,
3,592,0,0.8884362578392029,
3,592,1,1.0353261232376099,
3,593,0,0.950999915599823,
3,593,1,1.0002764463424683,
3,594,0,0.9443199634552002,
3,594,1,0.9476526975631714,
3,595,0,0.9073849320411682,
3,595,1,0.9625754356384277,
3,596,0,1.0328850746154785,
3,596,1,0.9292985200881958,
3,597,0,0.9740781188011169,
3,597,1,1.1394110918045044,
3,598,0,0.9650298953056335,
3,598,1,1.045910358428955,
3,599,0,0.9924772381782532,
3,599,1,0.9253798723220825,
3,600,0,0.9852666854858398,
3,600,1,0.94077068567276,
3,601,0,0.9570000171661377,
3,601,1,1.0127298831939697,
3,602,0,0.9870548844337463,
3,602,1,0.9607835412025452,
3,603,0,0.9598590731620789,
3,603,1,1.1191413402557373,
3,604,0,1.0171427726745605,
3,604,1,0.9589875936508179,
3,val,,,0.9708765399456024
4,0,0,0.9504592418670654,
4,0,1,0.92244553565979,
4,1,0,0.9546380639076233,
4,1,1,1.0351405143737793,
4,2,0,0.9586679935455322,
4,2,1,0.9022737741470337,
4,3,0,0.9611677527427673,
4,3,1,0.9783420562744141,
4,4,0,0.8895297050476074,
4,4,1,0.9641673564910889,
4,5,0,0.9557422995567322,
4,5,1,0.9835383892059326,
4,6,0,1.0158551931381226,
4,6,1,1.0101357698440552,
4,7,0,0.9908471703529358,
4,7,1,0.9892158508300781,
4,8,0,0.929053544998169,
4,8,1,0.9745979905128479,
4,9,0,1.0001769065856934,
4,9,1,0.915695309638977,
4,10,0,1.0108342170715332,
4,10,1,0.9234679937362671,
4,11,0,0.9687123894691467,
4,11,1,1.0101938247680664,
4,12,0,0.946733295917511,
4,12,1,0.9524694085121155,
4,13,0,0.9700735807418823,
4,13,1,0.9266837239265442,
4,14,0,0.9902381300926208,
4,14,1,1.0116441249847412,
4,15,0,0.9832125902175903,
4,15,1,0.8441805243492126,
4,16,0,1.004928469657898,
4,16,1,1.0134330987930298,
4,17,0,0.974463939666748,
4,17,1,0.9794954657554626,
4,18,0,0.9502626657485962,
4,18,1,1.0418819189071655,
4,19,0,0.9501708745956421,
4,19,1,1.022687554359436,
4,20,0,0.9272753596305847,
4,20,1,0.9619297981262207,
4,21,0,0.9985213279724121,
4,21,1,0.9743512272834778,
4,22,0,0.9639126062393188,
4,22,1,1.001395583152771,
4,23,0,1.0019111633300781,
4,23,1,1.0386453866958618,
4,24,0,0.9778916835784912,
4,24,1,0.983188271522522,
4,25,0,0.9934653639793396,
4,25,1,0.938802182674408,
4,26,0,0.9563630223274231,
4,26,1,0.9620105028152466,
4,27,0,0.9923236966133118,
4,27,1,1.0998932123184204,
4,28,0,0.9204431176185608,
4,28,1,0.9991056323051453,
4,29,0,0.9784001111984253,
4,29,1,0.999657392501831,
4,30,0,0.9179202318191528,
4,30,1,0.8524351716041565,
4,31,0,0.9630460143089294,
4,31,1,0.9768311977386475,
4,32,0,0.9645156860351562,
4,32,1,0.992801308631897,
4,33,0,0.9470710754394531,
4,33,1,0.9052081108093262,
4,34,0,0.9254245758056641,
4,34,1,0.9092226624488831,
4,35,0,0.9378410577774048,
4,35,1,1.1466774940490723,
4,36,0,0.8995698690414429,
4,36,1,0.9234834909439087,
4,37,0,0.9216352701187134,
4,37,1,0.9787346124649048,
4,38,0,0.9986551403999329,
4,38,1,0.967682957649231,
4,39,0,1.0093297958374023,
4,39,1,0.9741764664649963,
4,40,0,0.9990900158882141,
4,40,1,1.0927165746688843,
4,41,0,0.9245571494102478,
4,41,1,0.9956169128417969,
4,42,0,0.9346781373023987,
4,42,1,0.9733504056930542,
4,43,0,0.9866510629653931,
4,43,1,1.0853983163833618,
4,44,0,1.049128532409668,
4,44,1,1.006471037864685,
4,45,0,0.948218047618866,
4,45,1,1.119328260421753,
4,46,0,0.9233174920082092,
4,46,1,0.8710577487945557,
4,47,0,0.9436324238777161,
4,47,1,1.0409923791885376,
4,48,0,0.9570080637931824,
4,48,1,0.9833919405937195,
4,49,0,0.9574258923530579,
4,49,1,0.927753746509552,
4,50,0,0.9398984313011169,
4,50,1,0.9409058094024658,
4,51,0,0.9739702939987183,
4,51,1,1.0234246253967285,
4,52,0,1.0141324996948242,
4,52,1,0.9401059746742249,
4,53,0,0.9691579937934875,
4,53,1,1.0115903615951538,
4,54,0,1.0047824382781982,
4,54,1,0.9862496256828308,
4,55,0,0.990767240524292,
4,55,1,0.989838719367981,
4,56,0,1.0228408575057983,
4,56,1,0.9960840344429016,
4,57,0,0.9876803159713745,
4,57,1,1.0228629112243652,
4,58,0,0.9704315066337585,
4,58,1,0.9735618233680725,
4,59,0,0.877926230430603,
4,59,1,1.0853272676467896,
4,60,0,0.9656309485435486,
4,60,1,0.8499172925949097,
4,61,0,0.9906034469604492,
4,61,1,1.0179753303527832,
4,62,0,0.9834030270576477,
4,62,1,0.9921084046363831,
4,63,0,0.9522600769996643,
4,63,1,1.0582166910171509,
4,64,0,0.9926033616065979,
4,64,1,1.0618791580200195,
4,65,0,0.973007082939148,
4,65,1,0.910771906375885,
4,66,0,0.9347654581069946,
4,66,1,0.9520856142044067,
4,67,0,0.9168027639389038,
4,67,1,0.9750785827636719,
4,68,0,0.9713460206985474,
4,68,1,0.9533858895301819,
4,69,0,1.006882905960083,
4,69,1,0.8437250256538391,
4,70,0,0.9979091286659241,
4,70,1,0.9282777905464172,
4,71,0,0.9921056628227234,
4,71,1,1.0097389221191406,
4,72,0,0.926025927066803,
4,72,1,1.008402705192566,
4,73,0,0.9618858098983765,
4,73,1,0.9621021151542664,
4,74,0,1.0405421257019043,
4,74,1,0.9692779183387756,
4,75,0,1.025215744972229,
4,75,1,0.9554355144500732,
4,76,0,0.9693922996520996,
4,76,1,0.8545643091201782,
4,77,0,1.0037038326263428,
4,77,1,0.9617063999176025,
4,78,0,1.0063743591308594,
4,78,1,1.0316473245620728,
4,79,0,0.9495956897735596,
4,79,1,0.9438693523406982,
4,80,0,1.038076400756836,
4,80,1,0.9474141001701355,
4,81,0,1.0495070219039917,
4,81,1,1.0798410177230835,
4,82,0,1.0223323106765747,
4,82,1,0.991608738899231,
4,83,0,1.0283328294754028,
4,83,1,1.0715217590332031,
4,84,0,0.9884446263313293,
4,84,1,0.9401701092720032,
4,85,0,1.0154002904891968,
4,85,1,0.9807950854301453,
4,86,0,0.9777774214744568,
4,86,1,0.9641091823577881,
4,87,0,1.0063997507095337,
4,87,1,1.0087828636169434,
4,88,0,1.070141315460205,
4,88,1,1.0033669471740723,
4,89,0,0.9832535982131958,
4,89,1,0.854909360408783,
4,90,0,0.9202861189842224,
4,90,1,1.0081058740615845,
4,91,0,0.9848691821098328,
4,91,1,1.0203797817230225,
4,92,0,0.9316336512565613,
4,92,1,0.9699645042419434,
4,93,0,0.9894504547119141,
4,93,1,0.9625499844551086,
4,94,0,0.9546266794204712,
4,94,1,0.9374053478240967,
4,95,0,0.9678356051445007,
4,95,1,0.9102643132209778,
4,96,0,0.9690260291099548,
4,96,1,0.9919226765632629,
4,97,0,0.9451519846916199,
4,97,1,1.0324665307998657,
4,98,0,1.0332815647125244,
4,98,1,0.9208565354347229,
4,99,0,1.0120677947998047,
4,99,1,1.0189626216888428,
4,100,0,0.9903843998908997,
4,100,1,0.9653339385986328,
4,101,0,0.9999985694885254,
4,101,1,1.0386133193969727,
4,102,0,1.014286994934082,
4,102,1,0.7783225774765015,
4,103,0,0.9947149157524109,
4,103,1,1.0624868869781494,
4,104,0,0.9698156714439392,
4,104,1,0.9929642081260681,
4,105,0,1.0062932968139648,
4,105,1,0.9570794105529785,
4,106,0,0.9894376397132874,
4,106,1,0.8788570165634155,
4,107,0,0.9825438857078552,
4,107,1,1.0144270658493042,
4,108,0,0.9909613132476807,
4,108,1,1.0275050401687622,
4,109,0,0.9822648167610168,
4,109,1,0.9760711193084717,
4,110,0,0.9715387225151062,
4,110,1,0.8456430435180664,
4,111,0,1.0006638765335083,
4,111,1,0.952944815158844,
4,112,0,0.9497373104095459,
4,112,1,1.0010443925857544,
4,113,0,0.9457100629806519,
4,113,1,1.0092461109161377,
4,114,0,0.9983381032943726,
4,114,1,0.9470629692077637,
4,115,0,0.920356273651123,
4,115,1,0.998698353767395,
4,116,0,0.9681785702705383,
4,116,1,0.9277559518814087,
4,117,0,0.9592506885528564,
4,117,1,1.0688244104385376,
4,118,0,0.9812442064285278,
4,118,1,1.0944368839263916,
4,119,0,0.9517174959182739,
4,119,1,1.0369576215744019,
4,120,0,1.0064020156860352,
4,120,1,1.0013643503189087,
4,121,0,0.9564552307128906,
4,121,1,0.8382335305213928,
4,122,0,0.9810802936553955,
4,122,1,0.9194685220718384,
4,123,0,1.0142710208892822,
4,123,1,1.107351303100586,
4,124,0,0.9376548528671265,
4,124,1,1.0006592273712158,
4,125,0,0.9863442182540894,
4,125,1,0.8931728005409241,
4,126,0,0.9268674850463867,
4,126,1,0.9955334067344666,
4,127,0,0.9598708152770996,
4,127,1,0.9359918832778931,
4,128,0,0.9947614669799805,
4,128,1,0.8357830047607422,
4,129,0,0.9416601657867432,
4,129,1,1.0024280548095703,
4,130,0,1.0188052654266357,
4,130,1,0.9445841908454895,
4,131,0,0.9514497518539429,
4,131,1,0.9954191446304321,
4,132,0,1.0079230070114136,
4,132,1,0.9072221517562866,
4,133,0,0.9743605852127075,
4,133,1,0.9888600707054138,
4,134,0,0.9989269375801086,
4,134,1,1.0699182748794556,
4,135,0,0.9950025081634521,
4,135,1,0.9225924015045166,
4,136,0,0.9606815576553345,
4,136,1,0.9801276326179504,
4,137,0,0.9292861223220825,
4,137,1,0.8583074808120728,
4,138,0,1.0005048513412476,
4,138,1,0.9036716818809509,
4,139,0,1.0035347938537598,
4,139,1,0.9739473462104797,
4,140,0,0.9639571905136108,
4,140,1,1.0074650049209595,
4,141,0,0.9120399355888367,
4,141,1,0.9315475225448608,
4,142,0,0.9480639696121216,
4,142,1,0.9003635048866272,
4,143,0,0.9949554204940796,
4,143,1,0.8290086388587952,
4,144,0,1.008721947669983,
4,144,1,0.9813330173492432,
4,145,0,1.0219172239303589,
4,145,1,0.8972133994102478,
4,146,0,0.9800899028778076,
4,146,1,0.9656763076782227,
4,147,0,0.9626661539077759,
4,147,1,1.0,
4,148,0,0.9917333126068115,
4,148,1,0.9682125449180603,
4,149,0,0.9861628413200378,
4,149,1,0.9802059531211853,
4,150,0,0.9451196789741516,
4,150,1,0.9981833100318909,
4,151,0,0.976081132888794,
4,151,1,0.9791945219039917,
4,152,0,0.9666262865066528,
4,152,1,0.9747111797332764,
4,153,0,0.95356684923172,
4,153,1,1.0155181884765625,
4,154,0,0.984101414680481,
4,154,1,0.9138297438621521,
4,155,0,0.9714618921279907,
4,155,1,0.9503334164619446,
4,156,0,0.9894042611122131,
4,156,1,1.0197745561599731,
4,157,0,0.9827640056610107,
4,157,1,0.9938674569129944,
4,158,0,0.9704489707946777,
4,158,1,0.9823012351989746,
4,159,0,0.9427090883255005,
4,159,1,0.9626110196113586,
4,160,0,0.9934558272361755,
4,160,1,0.9458466172218323,
4,161,0,1.0015990734100342,
4,161,1,1.0074318647384644,
4,162,0,0.9910537600517273,
4,162,1,0.9953048825263977,
4,163,0,0.9375736713409424,
4,163,1,0.9095768332481384,
4,164,0,0.9875898957252502,
4,164,1,0.9482489228248596,
4,165,0,0.9617359638214111,
4,165,1,0.9664229154586792,
4,166,0,0.9202096462249756,
4,166,1,0.9602822065353394,
4,167,0,0.9827408194541931,
4,167,1,0.9911423921585083,
4,168,0,1.0158932209014893,
4,168,1,0.9439976215362549,
4,169,0,0.9994773268699646,
4,169,1,0.9975727200508118,
4,170,0,0.9177978038787842,
4,170,1,0.9684470295906067,
4,171,0,0.9662542939186096,
4,171,1,1.0008654594421387,
4,172,0,0.9793025255203247,
4,172,1,1.087441086769104,
4,173,0,0.9769084453582764,
4,173,1,1.002771258354187,
4,174,0,0.9938933849334717,
4,174,1,0.8571668267250061,
4,175,0,0.9811338186264038,
4,175,1,0.9438743591308594,
4,176,0,0.9968225955963135,
4,176,1,0.9186570644378662,
4,177,0,0.9539124965667725,
4,177,1,0.9058451652526855,
4,178,0,0.9610552191734314,
4,178,1,0.8923051953315735,
4,179,0,0.9335229992866516,
4,179,1,1.0052869319915771,
4,180,0,1.0178993940353394,
4,180,1,0.9246466159820557,
4,181,0,0.9766342639923096,
4,181,1,0.994329571723938,
4,182,0,0.9827031493186951,
4,182,1,0.9318016767501831,
4,183,0,0.9551476240158081,
4,183,1,1.0122873783111572,
4,184,0,1.008893609046936,
4,184,1,0.9987853765487671,
4,185,0,0.9832717180252075,
4,185,1,0.883523166179657,
4,186,0,0.9761781692504883,
4,186,1,0.8445832133293152,
4,187,0,0.9746547937393188,
4,187,1,1.0252703428268433,
4,188,0,0.9783871173858643,
4,188,1,0.9417724013328552,
4,189,0,0.9503738284111023,
4,189,1,0.9108413457870483,
4,190,0,0.9549325704574585,
4,190,1,1.0218608379364014,
4,191,0,0.9985593557357788,
4,191,1,0.9822083115577698,
4,192,0,0.9842461347579956,
4,192,1,0.9973597526550293,
4,193,0,1.0192718505859375,
4,193,1,1.011724591255188,
4,194,0,0.9651777148246765,
4,194,1,1.0798145532608032,
4,195,0,0.9992693662643433,
4,195,1,0.9732764959335327,
4,196,0,0.9718194007873535,
4,196,1,0.9803460836410522,
4,197,0,0.9880066514015198,
4,197,1,0.8770685195922852,
4,198,0,1.0229860544204712,
4,198,1,1.0013864040374756,
4,199,0,0.9929493069648743,
4,199,1,0.9954430460929871,
4,200,0,0.9182031154632568,
4,200,1,0.9122465252876282,
4,201,0,0.9763892292976379,
4,201,1,0.8297658562660217,
4,202,0,0.9557622671127319,
4,202,1,0.913871169090271,
4,203,0,0.941258430480957,
4,203,1,0.950239896774292,
4,204,0,1.0363547801971436,
4,204,1,0.988283097743988,
4,205,0,0.9972385764122009,
4,205,1,1.0347144603729248,
4,206,0,1.0020477771759033,
4,206,1,0.9922188520431519,
4,207,0,1.0004944801330566,
4,207,1,0.8428367376327515,
4,208,0,0.9631755352020264,
4,208,1,0.9947649836540222,
4,209,0,0.9437519907951355,
4,209,1,0.8744608759880066,
4,210,0,0.9730913043022156,
4,210,1,0.9545959830284119,
4,211,0,1.0047496557235718,
4,211,1,0.9836450815200806,
4,212,0,1.0096535682678223,
4,212,1,0.9389353394508362,
4,213,0,0.9933785796165466,
4,213,1,0.9990142583847046,
4,214,0,1.0031869411468506,
4,214,1,0.995307207107544,
4,215,0,0.9718286395072937,
4,215,1,0.9266415238380432,
4,216,0,0.9343902468681335,
4,216,1,1.0004220008850098,
4,217,0,0.9393688440322876,
4,217,1,0.95247483253479,
4,218,0,0.9966025948524475,
4,218,1,0.9754876494407654,
4,219,0,0.9331883192062378,
4,219,1,0.9223461151123047,
4,220,0,1.016133427619934,
4,220,1,0.9145553708076477,
4,221,0,0.906592071056366,
4,221,1,1.037150263786316,
4,222,0,1.0044400691986084,
4,222,1,0.9756394028663635,
4,223,0,0.9350025057792664,
4,223,1,1.001664638519287,
4,224,0,1.031111717224121,
4,224,1,1.080796718597412,
4,225,0,0.9464715719223022,
4,225,1,0.9749119281768799,
4,226,0,0.9684469103813171,
4,226,1,0.866503119468689,
4,227,0,0.9891055226325989,
4,227,1,1.0454959869384766,
4,228,0,0.9435710310935974,
4,228,1,0.8147311210632324,
4,229,0,0.9963496923446655,
4,229,1,0.9650138020515442,
4,230,0,0.9965137839317322,
4,230,1,0.945684015750885,
4,231,0,0.9510642886161804,
4,231,1,1.0280187129974365,
4,232,0,1.0289769172668457,
4,232,1,1.0434939861297607,
4,233,0,0.9845237731933594,
4,233,1,0.9820092916488647,
4,234,0,0.9860864877700806,
4,234,1,1.0720113515853882,
4,235,0,0.9586142301559448,
4,235,1,0.9629710912704468,
4,236,0,0.9492999911308289,
4,236,1,0.959977924823761,
4,237,0,1.0053400993347168,
4,237,1,0.988757312297821,
4,238,0,0.9842257499694824,
4,238,1,0.9489995837211609,
4,239,0,1.0084795951843262,
4,239,1,0.935413658618927,
4,240,0,0.9838467836380005,
4,240,1,0.896984875202179,
4,241,0,0.9301992654800415,
4,241,1,0.9318722486495972,
4,242,0,0.99205482006073,
4,242,1,0.9534413814544678,
4,243,0,0.9478666186332703,
4,243,1,1.0977544784545898,
4,244,0,0.986513078212738,
4,244,1,0.9825067520141602,
4,245,0,0.9180495738983154,
4,245,1,0.9638540744781494,
4,246,0,0.9347438812255859,
4,246,1,0.9675365686416626,
4,247,0,0.9747964143753052,
4,247,1,0.9648066163063049,
4,248,0,0.9739466309547424,
4,248,1,0.9921190142631531,
4,249,0,0.9754908084869385,
4,249,1,1.0484164953231812,
4,250,0,0.9687752723693848,
4,250,1,0.9328578114509583,
4,251,0,1.004454255104065,
4,251,1,0.999462366104126,
4,252,0,0.954155445098877,
4,252,1,0.998538076877594,
4,253,0,0.9678429365158081,
4,253,1,0.903091549873352,
4,254,0,1.0040286779403687,
4,254,1,0.9818036556243896,
4,255,0,0.9898533821105957,
4,255,1,0.9414426684379578,
4,256,0,0.9840214252471924,
4,256,1,0.9156245589256287,
4,257,0,0.958450973033905,
4,257,1,1.0196079015731812,
4,258,0,0.9965455532073975,
4,258,1,0.9316341876983643,
4,259,0,1.0023702383041382,
4,259,1,0.903113603591919,
4,260,0,0.9305551648139954,
4,260,1,0.9839850068092346,
4,261,0,0.9978855848312378,
4,261,1,0.9657109379768372,
4,262,0,0.9459197521209717,
4,262,1,0.9474247694015503,
4,263,0,1.0175755023956299,
4,263,1,0.9045043587684631,
4,264,0,0.9064990282058716,
4,264,1,1.0174838304519653,
4,265,0,0.9391780495643616,
4,265,1,0.986383318901062,
4,266,0,0.9440115094184875,
4,266,1,1.0431002378463745,
4,267,0,0.9353174567222595,
4,267,1,1.0049233436584473,
4,268,0,1.011653184890747,
4,268,1,1.0008171796798706,
4,269,0,0.9644865393638611,
4,269,1,1.0057011842727661,
4,270,0,0.935191810131073,
4,270,1,1.0092849731445312,
4,271,0,0.9329525232315063,
4,271,1,0.8867846727371216,
4,272,0,0.9687893390655518,
4,272,1,1.041672945022583,
4,273,0,0.9770578145980835,
4,273,1,0.966373860836029,
4,274,0,0.9531376361846924,
4,274,1,0.9206777811050415,
4,275,0,0.9846153855323792,
4,275,1,0.833197832107544,
4,276,0,0.9900835752487183,
4,276,1,0.9842047691345215,
4,277,0,0.9636066555976868,
4,277,1,0.9303444623947144,
4,278,0,0.9923261404037476,
4,278,1,0.9695582389831543,
4,279,0,0.9991752505302429,
4,279,1,0.9812310338020325,
4,280,0,1.0191550254821777,
4,280,1,0.8994683623313904,
4,281,0,0.9765717387199402,
4,281,1,1.0368103981018066,
4,282,0,0.9661371111869812,
4,282,1,0.9899831414222717,
4,283,0,0.958845853805542,
4,283,1,0.9887677431106567,
4,284,0,0.9271569848060608,
4,284,1,0.9278754591941833,
4,285,0,0.985584557056427,
4,285,1,0.876732587814331,
4,286,0,0.9956986308097839,
4,286,1,0.8715341687202454,
4,287,0,0.981566846370697,
4,287,1,0.9309162497520447,
4,288,0,0.925883948802948,
4,288,1,1.021525263786316,
4,289,0,0.9914117455482483,
4,289,1,0.91619873046875,
4,290,0,0.9738636016845703,
4,290,1,0.9982561469078064,
4,291,0,0.9675456285476685,
4,291,1,0.9989990592002869,
4,292,0,0.9272053241729736,
4,292,1,1.0500797033309937,
4,293,0,1.0035953521728516,
4,293,1,0.9852733612060547,
4,294,0,0.9181730151176453,
4,294,1,0.8998907208442688,
4,295,0,0.9344692826271057,
4,295,1,0.8958802223205566,
4,296,0,0.9726497530937195,
4,296,1,1.0985597372055054,
4,297,0,0.9701608419418335,
4,297,1,0.9302686452865601,
4,298,0,0.9674227237701416,
4,298,1,1.1134788990020752,
4,299,0,0.9676305055618286,
4,299,1,0.8976498246192932,
4,300,0,1.0114268064498901,
4,300,1,0.9197741746902466,
4,301,0,1.0263525247573853,
4,301,1,1.0659842491149902,
4,302,0,1.0219578742980957,
4,302,1,1.0084328651428223,
4,303,0,0.9519649147987366,
4,303,1,0.896548867225647,
4,304,0,0.9967788457870483,
4,304,1,1.0045385360717773,
4,305,0,0.9625535607337952,
4,305,1,1.0213223695755005,
4,306,0,1.0020867586135864,
4,306,1,1.0260143280029297,
4,307,0,0.9832497835159302,
4,307,1,0.9957606196403503,
4,308,0,0.9919101595878601,
4,308,1,0.9397472143173218,
4,309,0,0.982141375541687,
4,309,1,1.0259226560592651,
4,310,0,0.9734737873077393,
4,310,1,0.9255869388580322,
4,311,0,0.99558424949646,
4,311,1,1.0618090629577637,
4,312,0,0.9728026986122131,
4,312,1,0.9771162271499634,
4,313,0,0.9804648756980896,
4,313,1,0.9295690655708313,
4,314,0,0.9633104801177979,
4,314,1,0.969182550907135,
4,315,0,0.990541398525238,
4,315,1,0.9729666709899902,
4,316,0,0.9450740218162537,
4,316,1,0.9842775464057922,
4,317,0,0.9760028123855591,
4,317,1,1.0134190320968628,
4,318,0,0.9195114374160767,
4,318,1,0.9705151915550232,
4,319,0,0.9952455163002014,
4,319,1,0.951390266418457,
4,320,0,1.0334270000457764,
4,320,1,1.0775537490844727,
4,321,0,0.9175114035606384,
4,321,1,1.0559364557266235,
4,322,0,0.9319015145301819,
4,322,1,0.9890361428260803,
4,323,0,0.9717734456062317,
4,323,1,0.8866300582885742,
4,324,0,0.9920458197593689,
4,324,1,1.100287914276123,
4,325,0,0.994737982749939,
4,325,1,0.8526523113250732,
4,326,0,0.9688959121704102,
4,326,1,1.0075401067733765,
4,327,0,0.9376637935638428,
4,327,1,0.994212806224823,
4,328,0,0.9588873982429504,
4,328,1,1.0215120315551758,
4,329,0,0.9553518295288086,
4,329,1,1.0047121047973633,
4,330,0,0.9810861945152283,
4,330,1,0.8766111731529236,
4,331,0,0.860220730304718,
4,331,1,0.9894081950187683,
4,332,0,0.9655390977859497,
4,332,1,0.895826518535614,
4,333,0,0.9981265068054199,
4,333,1,0.9376311302185059,
4,334,0,0.925112783908844,
4,334,1,0.9854007959365845,
4,335,0,0.9963499903678894,
4,335,1,1.0429526567459106,
4,336,0,0.9778454303741455,
4,336,1,1.0064265727996826,
4,337,0,0.9871236681938171,
4,337,1,0.998359203338623,
4,338,0,0.9466665983200073,
4,338,1,0.951748251914978,
4,339,0,1.0086095333099365,
4,339,1,0.999656617641449,
4,340,0,0.9330711960792542,
4,340,1,0.9687418937683105,
4,341,0,0.979702353477478,
4,341,1,0.9544863104820251,
4,342,0,0.825417160987854,
4,342,1,0.9727547764778137,
4,343,0,0.9727449417114258,
4,343,1,1.0881295204162598,
4,344,0,0.9293529391288757,
4,344,1,0.9544639587402344,
4,345,0,1.0082629919052124,
4,345,1,0.9711620211601257,
4,346,0,0.9952704310417175,
4,346,1,1.0338705778121948,
4,347,0,1.0247502326965332,
4,347,1,1.0028965473175049,
4,348,0,0.9173551797866821,
4,348,1,0.9875250458717346,
4,349,0,0.8978641033172607,
4,349,1,0.9677501916885376,
4,350,0,0.9396883845329285,
4,350,1,1.1373586654663086,
4,351,0,0.9418021440505981,
4,351,1,1.1305328607559204,
4,352,0,0.9569178223609924,
4,352,1,0.9158599972724915,
4,353,0,1.0512391328811646,
4,353,1,0.8931679725646973,
4,354,0,0.9695944786071777,
4,354,1,0.9138253927230835,
4,355,0,0.994397759437561,
4,355,1,0.974234402179718,
4,356,0,1.0777541399002075,
4,356,1,1.0170022249221802,
4,357,0,0.9729169011116028,
4,357,1,1.0009808540344238,
4,358,0,1.005824327468872,
4,358,1,0.9591230154037476,
4,359,0,0.9956752061843872,
4,359,1,1.0361979007720947,
4,360,0,1.0073282718658447,
4,360,1,1.0272302627563477,
4,361,0,0.9167760610580444,
4,361,1,0.9759342670440674,
4,362,0,0.957791268825531,
4,362,1,0.9513295888900757,
4,363,0,0.9723287224769592,
4,363,1,1.021880865097046,
4,364,0,0.9319175481796265,
4,364,1,1.0082672834396362,
4,365,0,0.9895127415657043,
4,365,1,1.0268924236297607,
4,366,0,0.943065345287323,
4,366,1,1.0,
4,367,0,1.0203701257705688,
4,367,1,0.9151982665061951,
4,368,0,0.9308123588562012,
4,368,1,0.9090461134910583,
4,369,0,0.9760568141937256,
4,369,1,0.9202773571014404,
4,370,0,0.9829248785972595,
4,370,1,0.9921557903289795,
4,371,0,0.9065498113632202,
4,371,1,0.909973680973053,
4,372,0,0.9624138474464417,
4,372,1,0.9614968299865723,
4,373,0,0.9754393100738525,
4,373,1,1.0061513185501099,
4,374,0,0.9476263523101807,
4,374,1,1.054655909538269,
4,375,0,0.9854113459587097,
4,375,1,1.0,
4,376,0,0.9790975451469421,
4,376,1,0.8596020936965942,
4,377,0,1.0186359882354736,
4,377,1,1.0049461126327515,
4,378,0,0.9392982721328735,
4,378,1,0.9974980354309082,
4,379,0,0.989058256149292,
4,379,1,1.0158623456954956,
4,380,0,0.9307146072387695,
4,380,1,0.9713709354400635,
4,381,0,0.9760262370109558,
4,381,1,0.7895584106445312,
4,382,0,0.9565807580947876,
4,382,1,0.848408579826355,
4,383,0,0.9442121982574463,
4,383,1,0.9902974367141724,
4,384,0,0.9889362454414368,
4,384,1,1.0098649263381958,
4,385,0,1.026600956916809,
4,385,1,1.0201473236083984,
4,386,0,1.0095471143722534,
4,386,1,0.9717584848403931,
4,387,0,1.0471909046173096,
4,387,1,1.0699107646942139,
4,388,0,0.9958747625350952,
4,388,1,1.014446496963501,
4,389,0,0.9831269979476929,
4,389,1,1.0098741054534912,
4,390,0,0.9655341506004333,
4,390,1,0.7592359185218811,
4,391,0,1.0400888919830322,
4,391,1,1.0088032484054565,
4,392,0,0.9348345398902893,
4,392,1,0.994909942150116,
4,393,0,0.9915663003921509,
4,393,1,1.0015771389007568,
4,394,0,0.9753685593605042,
4,394,1,0.9428671598434448,
4,395,0,0.9660949110984802,
4,395,1,1.071394920349121,
4,396,0,1.0040048360824585,
4,396,1,0.9249686002731323,
4,397,0,0.9733916521072388,
4,397,1,0.9669983386993408,
4,398,0,0.9658043384552002,
4,398,1,0.9722397923469543,
4,399,0,0.9806756973266602,
4,399,1,0.8582577109336853,
4,400,0,0.970907986164093,
4,400,1,1.0648224353790283,
4,401,0,1.017540454864502,
4,401,1,0.9125176668167114,
4,402,0,0.9957866072654724,
4,402,1,1.0135644674301147,
4,403,0,1.007592797279358,
4,403,1,0.976433277130127,
4,404,0,0.9478676319122314,
4,404,1,0.9330220818519592,
4,405,0,0.9533908367156982,
4,405,1,0.7908873558044434,
4,406,0,0.9359031915664673,
4,406,1,1.0936315059661865,
4,407,0,1.0326604843139648,
4,407,1,0.9840206503868103,
4,408,0,0.952244222164154,
4,408,1,0.9406030178070068,
4,409,0,0.9763882160186768,
4,409,1,0.9982149600982666,
4,410,0,0.9209913015365601,
4,410,1,1.0611611604690552,
4,411,0,0.9922889471054077,
4,411,1,1.0622652769088745,
4,412,0,0.9400694370269775,
4,412,1,0.9198406934738159,
4,413,0,1.001267433166504,
4,413,1,1.096389889717102,
4,414,0,0.8861165642738342,
4,414,1,0.8559385538101196,
4,415,0,0.9997105002403259,
4,415,1,1.0373423099517822,
4,416,0,0.9841618537902832,
4,416,1,1.0097901821136475,
4,417,0,0.9172667860984802,
4,417,1,0.8686713576316833,
4,418,0,0.9744869470596313,
4,418,1,1.0100077390670776,
4,419,0,0.9959489107131958,
4,419,1,0.9926626682281494,
4,420,0,0.9354046583175659,
4,420,1,0.9598889946937561,
4,421,0,1.0223528146743774,
4,421,1,1.0963979959487915,
4,422,0,0.9674895405769348,
4,422,1,1.0011299848556519,
4,423,0,0.9783095717430115,
4,423,1,0.9480299949645996,
4,424,0,1.0005810260772705,
4,424,1,0.9837397933006287,
4,425,0,0.9970135688781738,
4,425,1,0.9625620245933533,
4,426,0,0.9604341983795166,
4,426,1,0.8698917031288147,
4,427,0,0.9528989791870117,
4,427,1,0.9593873620033264,
4,428,0,1.0023102760314941,
4,428,1,0.9218485355377197,
4,429,0,1.0105245113372803,
4,429,1,0.9164189100265503,
4,430,0,0.9806685447692871,
4,430,1,1.0163360834121704,
4,431,0,1.0055631399154663,
4,431,1,0.950830340385437,
4,432,0,0.9872265458106995,
4,432,1,1.010179042816162,
4,433,0,0.9915095567703247,
4,433,1,1.0154850482940674,
4,434,0,0.9845874309539795,
4,434,1,1.0045671463012695,
4,435,0,0.89455246925354,
4,435,1,1.0584299564361572,
4,436,0,0.9209740161895752,
4,436,1,1.0147298574447632,
4,437,0,1.0050560235977173,
4,437,1,1.0452133417129517,
4,438,0,0.928065299987793,
4,438,1,0.9278362393379211,
4,439,0,1.018263339996338,
4,439,1,1.015275239944458,
4,440,0,0.9826613664627075,
4,440,1,1.0086625814437866,
4,441,0,1.0231062173843384,
4,441,1,0.9740908741950989,
4,442,0,0.9851746559143066,
4,442,1,1.0288569927215576,
4,443,0,1.0219306945800781,
4,443,1,0.9388925433158875,
4,444,0,0.970032274723053,
4,444,1,1.00278902053833,
4,445,0,1.0177958011627197,
4,445,1,1.0180953741073608,
4,446,0,0.9669464230537415,
4,446,1,0.9353417158126831,
4,447,0,1.0103199481964111,
4,447,1,0.9517616033554077,
4,448,0,0.9768103957176208,
4,448,1,1.0607632398605347,
4,449,0,0.896809995174408,
4,449,1,0.9502049684524536,
4,450,0,0.9457910060882568,
4,450,1,0.9614906311035156,
4,451,0,1.0249656438827515,
4,451,1,1.0445291996002197,
4,452,0,0.9614783525466919,
4,452,1,0.9839677214622498,
4,453,0,0.991756021976471,
4,453,1,0.9269882440567017,
4,454,0,1.004873275756836,
4,454,1,1.0164185762405396,
4,455,0,0.9887608289718628,
4,455,1,0.9363815784454346,
4,456,0,0.9742639660835266,
4,456,1,0.944747269153595,
4,457,0,0.979745090007782,
4,457,1,0.9375659227371216,
4,458,0,0.9545004367828369,
4,458,1,0.943204402923584,
4,459,0,0.9806960821151733,
4,459,1,0.9501751661300659,
4,460,0,0.9772942662239075,
4,460,1,0.8771752715110779,
4,461,0,0.9635148048400879,
4,461,1,0.8970757722854614,
4,462,0,0.9691625833511353,
4,462,1,1.0114208459854126,
4,463,0,0.9635326862335205,
4,463,1,0.927590548992157,
4,464,0,0.993658721446991,
4,464,1,0.897637128829956,
4,465,0,0.9806562662124634,
4,465,1,0.9370121359825134,
4,466,0,0.9138907790184021,
4,466,1,0.9436747431755066,
4,467,0,0.9734933376312256,
4,467,1,0.9159131050109863,
4,468,0,0.996743381023407,
4,468,1,1.0180373191833496,
4,469,0,0.9871135950088501,
4,469,1,1.00989830493927,
4,470,0,0.9979498982429504,
4,470,1,0.954970121383667,
4,471,0,0.9962406158447266,
4,471,1,0.9459944367408752,
4,472,0,1.0126681327819824,
4,472,1,1.1474623680114746,
4,473,0,0.9631690382957458,
4,473,1,0.8909180760383606,
4,474,0,0.9922864437103271,
4,474,1,0.972065806388855,
4,475,0,0.9490904211997986,
4,475,1,0.9048569202423096,
4,476,0,0.9831740260124207,
4,476,1,0.9749175310134888,
4,477,0,0.9265327453613281,
4,477,1,0.9259353280067444,
4,478,0,0.9474872946739197,
4,478,1,0.9550997614860535,
4,479,0,0.9826081395149231,
4,479,1,0.9810912609100342,
4,480,0,0.9209199547767639,
4,480,1,0.9348747134208679,
4,481,0,0.9791590571403503,
4,481,1,0.9128105640411377,
4,482,0,0.9602437615394592,
4,482,1,0.8760429620742798,
4,483,0,0.9755457639694214,
4,483,1,1.0449730157852173,
4,484,0,0.955635666847229,
4,484,1,1.0080115795135498,
4,485,0,0.9653372764587402,
4,485,1,1.0078043937683105,
4,486,0,0.968130350112915,
4,486,1,1.0236976146697998,
4,487,0,0.982235312461853,
4,487,1,1.0250989198684692,
4,488,0,0.9232068657875061,
4,488,1,0.9874618053436279,
4,489,0,1.0320326089859009,
4,489,1,1.00904381275177,
4,490,0,0.9674656987190247,
4,490,1,1.0044282674789429,
4,491,0,1.0143812894821167,
4,491,1,0.9279301762580872,
4,492,0,0.9703772664070129,
4,492,1,0.9331380724906921,
4,493,0,1.0123649835586548,
4,493,1,0.970969557762146,
4,494,0,0.9265214204788208,
4,494,1,1.0485339164733887,
4,495,0,0.9720335602760315,
4,495,1,1.063210129737854,
4,496,0,0.9968019127845764,
4,496,1,0.9888103604316711,
4,497,0,0.960387647151947,
4,497,1,1.0123109817504883,
4,498,0,0.8636187314987183,
4,498,1,0.8943549990653992,
4,499,0,0.9629408717155457,
4,499,1,1.0104641914367676,
4,500,0,0.9855056405067444,
4,500,1,0.9521627426147461,
4,501,0,0.9325205087661743,
4,501,1,0.988616943359375,
4,502,0,0.9473105669021606,
4,502,1,0.9512219429016113,
4,503,0,0.9254973530769348,
4,503,1,1.0438624620437622,
4,504,0,0.9643706679344177,
4,504,1,1.0344228744506836,
4,505,0,0.9292848110198975,
4,505,1,1.0044819116592407,
4,506,0,0.9999180436134338,
4,506,1,0.9671305418014526,
4,507,0,1.0369304418563843,
4,507,1,0.9785940647125244,
4,508,0,0.9819976091384888,
4,508,1,0.9591439366340637,
4,509,0,1.0124603509902954,
4,509,1,0.9972187280654907,
4,510,0,1.0644476413726807,
4,510,1,0.9978440403938293,
4,511,0,1.0097984075546265,
4,511,1,1.0054588317871094,
4,512,0,0.9733604192733765,
4,512,1,1.0125383138656616,
4,513,0,0.982512354850769,
4,513,1,0.877021312713623,
4,514,0,1.0047544240951538,
4,514,1,0.9782292246818542,
4,515,0,0.9967881441116333,
4,515,1,0.9723210334777832,
4,516,0,0.9535232186317444,
4,516,1,1.0012009143829346,
4,517,0,0.9667536020278931,
4,517,1,1.0205323696136475,
4,518,0,0.9763006567955017,
4,518,1,0.8376356363296509,
4,519,0,1.0083633661270142,
4,519,1,0.8827401399612427,
4,520,0,0.9794657826423645,
4,520,1,1.0608370304107666,
4,521,0,1.0337603092193604,
4,521,1,0.9967770576477051,
4,522,0,0.9830723404884338,
4,522,1,1.017601490020752,
4,523,0,0.9599184393882751,
4,523,1,1.0126734972000122,
4,524,0,0.9390968680381775,
4,524,1,1.0141336917877197,
4,525,0,0.9439781904220581,
4,525,1,0.8352420330047607,
4,526,0,0.961142361164093,
4,526,1,1.0605905055999756,
4,527,0,1.0190999507904053,
4,527,1,1.0755934715270996,
4,528,0,0.9705469012260437,
4,528,1,0.9789902567863464,
4,529,0,1.0014708042144775,
4,529,1,0.9621930122375488,
4,530,0,0.9797303676605225,
4,530,1,0.9730035662651062,
4,531,0,1.0190277099609375,
4,531,1,0.9775663614273071,
4,532,0,1.0024762153625488,
4,532,1,1.0045545101165771,
4,533,0,0.9687796831130981,
4,533,1,1.0252047777175903,
4,534,0,0.9754325151443481,
4,534,1,0.9847654700279236,
4,535,0,0.9933369159698486,
4,535,1,1.0220617055892944,
4,536,0,0.9992181062698364,
4,536,1,1.0069798231124878,
4,537,0,0.9455495476722717,
4,537,1,0.7621278762817383,
4,538,0,1.0234729051589966,
4,538,1,1.0114065408706665,
4,539,0,0.9360460042953491,
4,539,1,0.7959668040275574,
4,540,0,0.9222028851509094,
4,540,1,1.0088907480239868,
4,541,0,0.9796028137207031,
4,541,1,1.0002110004425049,
4,542,0,0.9631349444389343,
4,542,1,0.9314538836479187,
4,543,0,0.9819735288619995,
4,543,1,0.9959463477134705,
4,544,0,0.9614620208740234,
4,544,1,1.0619772672653198,
4,545,0,0.9946650862693787,
4,545,1,0.99632728099823,
4,546,0,0.967607855796814,
4,546,1,1.0242128372192383,
4,547,0,0.9736185073852539,
4,547,1,0.9117475748062134,
4,548,0,0.9692206978797913,
4,548,1,0.8944053649902344,
4,549,0,0.892251193523407,
4,549,1,1.029996395111084,
4,550,0,0.9445791244506836,
4,550,1,1.004239797592163,
4,551,0,1.011911392211914,
4,551,1,1.0604857206344604,
4,552,0,0.9436371326446533,
4,552,1,0.9443185329437256,
4,553,0,0.9969950914382935,
4,553,1,0.9052267074584961,
4,554,0,0.9614547491073608,
4,554,1,0.8761749863624573,
4,555,0,0.9026263356208801,
4,555,1,0.985371470451355,
4,556,0,1.0105868577957153,
4,556,1,0.9788028001785278,
4,557,0,0.9530073404312134,
4,557,1,0.9317874908447266,
4,558,0,0.999455988407135,
4,558,1,0.983593225479126,
4,559,0,0.9523398280143738,
4,559,1,0.9440375566482544,
4,560,0,1.0554789304733276,
4,560,1,0.8643590807914734,
4,561,0,0.972618818283081,
4,561,1,0.9947280287742615,
4,562,0,1.002810001373291,
4,562,1,0.8630982637405396,
4,563,0,0.9173717498779297,
4,563,1,1.038923740386963,
4,564,0,0.9864944815635681,
4,564,1,1.0799834728240967,
4,565,0,0.9435431361198425,
4,565,1,0.9023349285125732,
4,566,0,1.0181410312652588,
4,566,1,1.0,
4,567,0,0.9417401552200317,
4,567,1,0.8897179961204529,
4,568,0,0.9122058153152466,
4,568,1,1.0640153884887695,
4,569,0,0.9390357136726379,
4,569,1,0.9992790818214417,
4,570,0,0.9303013682365417,
4,570,1,0.9843540191650391,
4,571,0,0.9992164373397827,
4,571,1,1.0024635791778564,
4,572,0,1.0211036205291748,
4,572,1,0.985639750957489,
4,573,0,1.0030910968780518,
4,573,1,1.0297718048095703,
4,574,0,0.9822790026664734,
4,574,1,1.0892366170883179,
4,575,0,0.9723668694496155,
4,575,1,0.9754249453544617,
4,576,0,0.9769952297210693,
4,576,1,0.9896381497383118,
4,577,0,0.9777871966362,
4,577,1,1.0247719287872314,
4,578,0,1.0012987852096558,
4,578,1,0.8612029552459717,
4,579,0,0.9668334126472473,
4,579,1,0.8602034449577332,
4,580,0,0.9375936388969421,
4,580,1,0.8929437398910522,
4,581,0,0.9352643489837646,
4,581,1,1.0134859085083008,
4,582,0,0.9177700877189636,
4,582,1,0.9949259161949158,
4,583,0,0.9738610982894897,
4,583,1,1.0379996299743652,
4,584,0,0.9185888171195984,
4,584,1,0.8540260791778564,
4,585,0,0.9760463237762451,
4,585,1,0.9685343503952026,
4,586,0,0.9372657537460327,
4,586,1,0.9219930171966553,
4,587,0,0.9928077459335327,
4,587,1,0.9177124500274658,
4,588,0,0.9614198207855225,
4,588,1,0.9248971939086914,
4,589,0,0.9062958359718323,
4,589,1,1.000844955444336,
4,590,0,1.018445372581482,
4,590,1,0.9289792776107788,
4,591,0,0.9715506434440613,
4,591,1,0.903008759021759,
4,592,0,0.9119808077812195,
4,592,1,0.9518492221832275,
4,593,0,0.9707562923431396,
4,593,1,0.9351844787597656,
4,594,0,0.9541603922843933,
4,594,1,0.896717369556427,
4,595,0,0.9207873344421387,
4,595,1,0.9081852436065674,
4,596,0,1.0056854486465454,
4,596,1,1.0348340272903442,
4,597,0,1.0079095363616943,
4,597,1,1.0107848644256592,
4,598,0,0.9891628623008728,
4,598,1,0.9376246929168701,
4,599,0,1.006232500076294,
4,599,1,0.8687116503715515,
4,600,0,0.9673100709915161,
4,600,1,1.010431170463562,
4,601,0,0.9620476365089417,
4,601,1,1.002309799194336,
4,602,0,1.0070912837982178,
4,602,1,0.8856745958328247,
4,603,0,0.9966014623641968,
4,603,1,0.982720673084259,
4,604,0,0.9892867207527161,
4,604,1,1.0795680284500122,
4,val,,,0.9708654312292735
5,0,0,0.9697499871253967,
5,0,1,0.8470650315284729,
5,1,0,0.9691470265388489,
5,1,1,0.9709585309028625,
5,2,0,0.9584743976593018,
5,2,1,0.9013702273368835,
5,3,0,0.9496688842773438,
5,3,1,1.0224876403808594,
5,4,0,0.9359334111213684,
5,4,1,0.7824544310569763,
5,5,0,0.9560227394104004,
5,5,1,0.9878033995628357,
5,6,0,1.042500376701355,
5,6,1,0.9095733165740967,
5,7,0,0.9845792651176453,
5,7,1,1.0181102752685547,
5,8,0,0.9285200834274292,
5,8,1,0.9710360169410706,
5,9,0,0.9876221418380737,
5,9,1,0.9690954685211182,
5,10,0,0.9839130640029907,
5,10,1,1.0315033197402954,
5,11,0,0.956217348575592,
5,11,1,1.0559935569763184,
5,12,0,0.9488067030906677,
5,12,1,0.9391839504241943,
5,13,0,0.9517062306404114,
5,13,1,1.0,
5,14,0,0.9834318161010742,
5,14,1,1.0362308025360107,
5,15,0,0.9381841421127319,
5,15,1,1.0287503004074097,
5,16,0,0.9859315156936646,
5,16,1,1.0840506553649902,
5,17,0,0.9711802005767822,
5,17,1,0.9850611090660095,
5,18,0,0.960245668888092,
5,18,1,1.0129950046539307,
5,19,0,0.9799340963363647,
5,19,1,0.9096406698226929,
5,20,0,0.9244953989982605,
5,20,1,0.9635101556777954,
5,21,0,1.010380744934082,
5,21,1,0.9194967746734619,
5,22,0,0.9723439812660217,
5,22,1,0.9705212712287903,
5,23,0,1.0281362533569336,
5,23,1,0.9347290396690369,
5,24,0,0.9889236092567444,
5,24,1,0.9357591271400452,
5,25,0,0.9754176735877991,
5,25,1,1.001697063446045,
5,26,0,0.9426940083503723,
5,26,1,1.0126118659973145,
5,27,0,1.0114001035690308,
5,27,1,1.0192832946777344,
5,28,0,0.9327681660652161,
5,28,1,0.9570857286453247,
5,29,0,0.9643720984458923,
5,29,1,1.0547528266906738,
5,30,0,0.9126668572425842,
5,30,1,0.8758376240730286,
5,31,0,0.964650571346283,
5,31,1,0.9724796414375305,
5,32,0,0.9539930820465088,
5,32,1,1.0342693328857422,
5,33,0,0.9577803015708923,
5,33,1,0.8671948909759521,
5,34,0,0.932956337928772,
5,34,1,0.874346137046814,
5,35,0,0.9872963428497314,
5,35,1,0.9472295641899109,
5,36,0,0.9119913578033447,
5,36,1,0.8700386881828308,
5,37,0,0.9626385569572449,
5,37,1,0.8139553070068359,
5,38,0,1.0040016174316406,
5,38,1,0.9423438906669617,
5,39,0,1.0178903341293335,
5,39,1,0.946118950843811,
5,40,0,1.0129151344299316,
5,40,1,1.0481247901916504,
5,41,0,0.9439846873283386,
5,41,1,0.9120254516601562,
5,42,0,0.9308334589004517,
5,42,1,1.0025198459625244,
5,43,0,1.024678111076355,
5,43,1,0.9446287751197815,
5,44,0,1.0440115928649902,
5,44,1,1.0234254598617554,
5,45,0,0.9750974774360657,
5,45,1,0.9913955330848694,
5,46,0,0.9342690706253052,
5,46,1,0.8241227865219116,
5,47,0,0.9824780821800232,
5,47,1,0.890540599822998,
5,48,0,0.9936297535896301,
5,48,1,0.8383535146713257,
5,49,0,0.962866485118866,
5,49,1,0.8996649980545044,
5,50,0,0.950754702091217,
5,50,1,0.8960329294204712,
5,51,0,0.9817211627960205,
5,51,1,0.9947510957717896,
5,52,0,1.0286272764205933,
5,52,1,0.8880172967910767,
5,53,0,0.9705891609191895,
5,53,1,1.007533073425293,
5,54,0,0.9982459545135498,
5,54,1,1.0181406736373901,
5,55,0,0.9839013814926147,
5,55,1,1.0101016759872437,
5,56,0,1.0196115970611572,
5,56,1,1.0054545402526855,
5,57,0,0.9750531315803528,
5,57,1,1.0865955352783203,
5,58,0,0.9832322597503662,
5,58,1,0.9103931188583374,
5,59,0,0.8714601993560791,
5,59,1,1.1120802164077759,
5,60,0,0.9325929880142212,
5,60,1,0.9760615825653076,
5,61,0,0.9992252588272095,
5,61,1,0.9771183729171753,
5,62,0,0.9968119263648987,
5,62,1,0.9476094245910645,
5,63,0,0.9857284426689148,
5,63,1,0.9206926822662354,
5,64,0,1.0019139051437378,
5,64,1,1.0282167196273804,
5,65,0,0.9561112523078918,
5,65,1,0.9790668487548828,
5,66,0,0.9669815897941589,
5,66,1,0.8294360637664795,
5,67,0,0.9251076579093933,
5,67,1,0.9351682662963867,
5,68,0,0.9787514805793762,
5,68,1,0.923123836517334,
5,69,0,0.9503119587898254,
5,69,1,1.0601797103881836,
5,70,0,0.9805041551589966,
5,70,1,0.997574508190155,
5,71,0,0.9956343173980713,
5,71,1,0.9927124977111816,
5,72,0,0.9280490875244141,
5,72,1,0.9993102550506592,
5,73,0,0.955670952796936,
5,73,1,0.9851701259613037,
5,74,0,0.999333381652832,
5,74,1,1.1397281885147095,
5,75,0,1.0147625207901,
5,75,1,1.0040353536605835,
5,76,0,1.0024642944335938,
5,76,1,0.7131797671318054,
5,77,0,0.9759169816970825,
5,77,1,1.0730584859848022,
5,78,0,1.0024138689041138,
5,78,1,1.0504122972488403,
5,79,0,0.9330476522445679,
5,79,1,1.0238679647445679,
5,80,0,1.0178370475769043,
5,80,1,1.0253134965896606,
5,81,0,1.063355565071106,
5,81,1,1.0200399160385132,
5,82,0,1.0152838230133057,
5,82,1,1.012897253036499,
5,83,0,1.0493990182876587,
5,83,1,0.9947713017463684,
5,84,0,0.9803056716918945,
5,84,1,0.9702653288841248,
5,85,0,1.0147167444229126,
5,85,1,0.9900352954864502,
5,86,0,0.9704501032829285,
5,86,1,1.0067888498306274,
5,87,0,1.0122947692871094,
5,87,1,0.96909499168396,
5,88,0,1.0665669441223145,
5,88,1,1.00023353099823,
5,89,0,0.9658910036087036,
5,89,1,0.9339485168457031,
5,90,0,0.9213640093803406,
5,90,1,1.0049299001693726,
5,91,0,0.9899467825889587,
5,91,1,1.0078800916671753,
5,92,0,0.9211097955703735,
5,92,1,0.9901745319366455,
5,93,0,0.9733715057373047,
5,93,1,1.0137323141098022,
5,94,0,0.9580338001251221,
5,94,1,0.9300481677055359,
5,95,0,0.9665042757987976,
5,95,1,0.9128246903419495,
5,96,0,0.941195547580719,
5,96,1,1.1093525886535645,
5,97,0,0.946360170841217,
5,97,1,1.0300639867782593,
5,98,0,0.9897978901863098,
5,98,1,1.0740454196929932,
5,99,0,1.0157668590545654,
5,99,1,1.0112576484680176,
5,100,0,0.9862251877784729,
5,100,1,0.9746159315109253,
5,101,0,1.0184510946273804,
5,101,1,0.9750903248786926,
5,102,0,0.960220217704773,
5,102,1,1.0,
5,103,0,1.0116627216339111,
5,103,1,1.0079694986343384,
5,104,0,0.9681563377380371,
5,104,1,1.0028221607208252,
5,105,0,1.0036602020263672,
5,105,1,0.9716073274612427,
5,106,0,0.9620742797851562,
5,106,1,0.9998763799667358,
5,107,0,0.9987952709197998,
5,107,1,0.934319019317627,
5,108,0,0.9913412928581238,
5,108,1,1.010690450668335,
5,109,0,0.9916828274726868,
5,109,1,0.9213836193084717,
5,110,0,0.9389914274215698,
5,110,1,0.9944136142730713,
5,111,0,0.9900517463684082,
5,111,1,1.0083458423614502,
5,112,0,0.9541500210762024,
5,112,1,0.9729711413383484,
5,113,0,0.9562209248542786,
5,113,1,0.9609501361846924,
5,114,0,1.0008848905563354,
5,114,1,0.9118546843528748,
5,115,0,0.9077691435813904,
5,115,1,1.0288569927215576,
5,116,0,0.966853678226471,
5,116,1,0.9309819340705872,
5,117,0,0.9631410241127014,
5,117,1,1.0517799854278564,
5,118,0,1.0054534673690796,
5,118,1,0.9879134893417358,
5,119,0,0.9687970876693726,
5,119,1,0.9782215356826782,
5,120,0,0.9881369471549988,
5,120,1,1.0540732145309448,
5,121,0,0.9149782657623291,
5,121,1,0.9852801561355591,
5,122,0,0.9681776165962219,
5,122,1,0.9871084690093994,
5,123,0,1.0213109254837036,
5,123,1,1.0685620307922363,
5,124,0,0.9455201625823975,
5,124,1,0.9858187437057495,
5,125,0,0.9755089282989502,
5,125,1,0.9207676649093628,
5,126,0,0.9616685509681702,
5,126,1,0.8285033106803894,
5,127,0,0.9556208848953247,
5,127,1,0.973476767539978,
5,128,0,0.9539806842803955,
5,128,1,0.9709528088569641,
5,129,0,0.9524601101875305,
5,129,1,0.9523109793663025,
5,130,0,0.9834187030792236,
5,130,1,1.0528569221496582,
5,131,0,0.941349983215332,
5,131,1,1.0383177995681763,
5,132,0,0.9793883562088013,
5,132,1,1.015893578529358,
5,133,0,0.9719913601875305,
5,133,1,1.0242435932159424,
5,134,0,0.9954773187637329,
5,134,1,1.0737375020980835,
5,135,0,1.0178937911987305,
5,135,1,0.8486748337745667,
5,136,0,0.9657042026519775,
5,136,1,0.9456326365470886,
5,137,0,0.9219862818717957,
5,137,1,0.9065317511558533,
5,138,0,1.001325249671936,
5,138,1,0.8931201100349426,
5,139,0,1.0126285552978516,
5,139,1,0.9350246787071228,
5,140,0,0.9741886854171753,
5,140,1,0.9898735880851746,
5,141,0,0.9320709705352783,
5,141,1,0.856012225151062,
5,142,0,0.9545744061470032,
5,142,1,0.8638991117477417,
5,143,0,0.9685510993003845,
5,143,1,0.9326711297035217,
5,144,0,1.0097675323486328,
5,144,1,0.9885109066963196,
5,145,0,1.0087037086486816,
5,145,1,0.9283676147460938,
5,146,0,0.9788303971290588,
5,146,1,0.9716938138008118,
5,147,0,0.9665576815605164,
5,147,1,0.9768747091293335,
5,148,0,1.004173994064331,
5,148,1,0.9316229224205017,
5,149,0,1.0028446912765503,
5,149,1,0.9190549850463867,
5,150,0,0.9429506659507751,
5,150,1,1.0061533451080322,
5,151,0,0.9767171144485474,
5,151,1,0.9900389313697815,
5,152,0,0.9501244425773621,
5,152,1,1.0327918529510498,
5,153,0,0.9650327563285828,
5,153,1,0.989749014377594,
5,154,0,0.9543219804763794,
5,154,1,1.0311667919158936,
5,155,0,0.9704456925392151,
5,155,1,0.9751918315887451,
5,156,0,0.9890241622924805,
5,156,1,1.0213119983673096,
5,157,0,0.9789704084396362,
5,157,1,0.9993650317192078,
5,158,0,0.9666775465011597,
5,158,1,0.9946975708007812,
5,159,0,0.9294576048851013,
5,159,1,1.0093960762023926,
5,160,0,1.0026150941848755,
5,160,1,0.9092928767204285,
5,161,0,1.0069859027862549,
5,161,1,0.9821903109550476,
5,162,0,0.9873843193054199,
5,162,1,1.017432689666748,
5,163,0,0.9094460606575012,
5,163,1,1.020187497138977,
5,164,0,0.9795121550559998,
5,164,1,0.9831351637840271,
5,165,0,0.9734562039375305,
5,165,1,0.9243963956832886,
5,166,0,0.9128533601760864,
5,166,1,1.0037155151367188,
5,167,0,1.0067625045776367,
5,167,1,0.8992268443107605,
5,168,0,0.990766167640686,
5,168,1,1.0253033638000488,
5,169,0,0.9884217977523804,
5,169,1,1.029891848564148,
5,170,0,0.950890839099884,
5,170,1,0.858380913734436,
5,171,0,0.9825242757797241,
5,171,1,0.9481326937675476,
5,172,0,1.0253878831863403,
5,172,1,0.9153870940208435,
5,173,0,1.0053493976593018,
5,173,1,0.8795800805091858,
5,174,0,0.9556114077568054,
5,174,1,1.0122320652008057,
5,175,0,0.9701624512672424,
5,175,1,0.9816296100616455,
5,176,0,0.9870694279670715,
5,176,1,0.9490959644317627,
5,177,0,0.9417910575866699,
5,177,1,0.9453983306884766,
5,178,0,0.9660357236862183,
5,178,1,0.8745025992393494,
5,179,0,0.9550794363021851,
5,179,1,0.9135348200798035,
5,180,0,1.0102434158325195,
5,180,1,0.961814820766449,
5,181,0,0.977385938167572,
5,181,1,0.9939436316490173,
5,182,0,0.9675666689872742,
5,182,1,1.0014281272888184,
5,183,0,0.9572365283966064,
5,183,1,0.998845100402832,
5,184,0,1.0011600255966187,
5,184,1,1.0329853296279907,
5,185,0,0.960765540599823,
5,185,1,0.9606820344924927,
5,186,0,0.9636520147323608,
5,186,1,0.8833939433097839,
5,187,0,0.9911096692085266,
5,187,1,0.9612058401107788,
5,188,0,0.971261203289032,
5,188,1,0.9767434000968933,
5,189,0,0.9277713894844055,
5,189,1,0.9813122749328613,
5,190,0,0.9737966656684875,
5,190,1,0.9453046917915344,
5,191,0,1.0168758630752563,
5,191,1,0.9077655076980591,
5,192,0,0.9955927729606628,
5,192,1,0.9469205737113953,
5,193,0,1.0206691026687622,
5,193,1,0.9973914623260498,
5,194,0,0.9946383237838745,
5,194,1,0.9708801507949829,
5,195,0,0.9902650117874146,
5,195,1,1.0016940832138062,
5,196,0,0.9737439751625061,
5,196,1,0.9677618741989136,
5,197,0,0.9633525609970093,
5,197,1,0.9740114212036133,
5,198,0,1.01499605178833,
5,198,1,1.0355714559555054,
5,199,0,0.9797242283821106,
5,199,1,1.046224594116211,
5,200,0,0.9517894983291626,
5,200,1,0.7824713587760925,
5,201,0,0.9618605971336365,
5,201,1,0.8937069773674011,
5,202,0,0.9428116083145142,
5,202,1,0.9704065918922424,
5,203,0,0.9341193437576294,
5,203,1,0.9709395170211792,
5,204,0,1.0262329578399658,
5,204,1,1.0140546560287476,
5,205,0,1.005526065826416,
5,205,1,0.9992576241493225,
5,206,0,0.9986820220947266,
5,206,1,0.9995070695877075,
5,207,0,0.9567762613296509,
5,207,1,1.0115233659744263,
5,208,0,0.9829584956169128,
5,208,1,0.8987452983856201,
5,209,0,0.943583071231842,
5,209,1,0.8773600459098816,
5,210,0,0.9517408609390259,
5,210,1,1.0229804515838623,
5,211,0,1.0038065910339355,
5,211,1,1.0001907348632812,
5,212,0,0.9945274591445923,
5,212,1,1.0029360055923462,
5,213,0,1.0018879175186157,
5,213,1,0.9734222292900085,
5,214,0,1.0037004947662354,
5,214,1,1.0127346515655518,
5,215,0,0.9424991011619568,
5,215,1,1.035457730293274,
5,216,0,0.9452750086784363,
5,216,1,0.949495792388916,
5,217,0,0.9689856767654419,
5,217,1,0.8459192514419556,
5,218,0,0.9948469996452332,
5,218,1,0.9337417483329773,
5,219,0,0.9322348237037659,
5,219,1,0.9383633732795715,
5,220,0,1.0113877058029175,
5,220,1,0.9292060136795044,
5,221,0,0.9171434044837952,
5,221,1,0.9846170544624329,
5,222,0,1.004205346107483,
5,222,1,1.0048866271972656,
5,223,0,0.9715721011161804,
5,223,1,0.8709543943405151,
5,224,0,1.059640884399414,
5,224,1,0.992260217666626,
5,225,0,0.9625900387763977,
5,225,1,0.9054958820343018,
5,226,0,0.961361289024353,
5,226,1,0.8908133506774902,
5,227,0,1.0067561864852905,
5,227,1,0.9833306670188904,
5,228,0,0.9330727458000183,
5,228,1,0.8603588342666626,
5,229,0,0.9926764965057373,
5,229,1,0.9626965522766113,
5,230,0,0.9808963537216187,
5,230,1,1.0091694593429565,
5,231,0,0.9568911194801331,
5,231,1,1.0158931016921997,
5,232,0,1.0291509628295898,
5,232,1,1.0417863130569458,
5,233,0,0.9932573437690735,
5,233,1,0.9443829655647278,
5,234,0,1.0142042636871338,
5,234,1,0.9599536657333374,
5,235,0,0.9545415043830872,
5,235,1,0.9794148802757263,
5,236,0,0.9476180672645569,
5,236,1,0.9689048528671265,
5,237,0,0.9908928871154785,
5,237,1,1.0561435222625732,
5,238,0,0.9604325890541077,
5,238,1,1.0319058895111084,
5,239,0,1.0109384059906006,
5,239,1,0.9264332056045532,
5,240,0,0.9806902408599854,
5,240,1,0.9093743562698364,
5,241,0,0.9246011972427368,
5,241,1,0.9482021331787109,
5,242,0,0.9768948554992676,
5,242,1,1.0074182748794556,
5,243,0,0.9640888571739197,
5,243,1,1.0333024263381958,
5,244,0,0.9715578556060791,
5,244,1,1.0414254665374756,
5,245,0,0.9254710674285889,
5,245,1,0.9377670884132385,
5,246,0,0.931482195854187,
5,246,1,0.9774280190467834,
5,247,0,0.9739276170730591,
5,247,1,0.9736799001693726,
5,248,0,0.9888333678245544,
5,248,1,0.9332008361816406,
5,249,0,1.001236081123352,
5,249,1,0.9411740303039551,
5,250,0,0.9718406796455383,
5,250,1,0.9234471321105957,
5,251,0,1.009732961654663,
5,251,1,0.9853329062461853,
5,252,0,0.9853707551956177,
5,252,1,0.8641436696052551,
5,253,0,0.9598807692527771,
5,253,1,0.9317084550857544,
5,254,0,1.003849744796753,
5,254,1,0.9835097193717957,
5,255,0,0.9851447939872742,
5,255,1,0.9542974233627319,
5,256,0,0.9743533134460449,
5,256,1,0.941977322101593,
5,257,0,0.9702503085136414,
5,257,1,0.9618746042251587,
5,258,0,0.9875448942184448,
5,258,1,0.9662787318229675,
5,259,0,0.9899119734764099,
5,259,1,0.9631927013397217,
5,260,0,0.9224236011505127,
5,260,1,1.0161164999008179,
5,261,0,0.979823648929596,
5,261,1,1.0439262390136719,
5,262,0,0.9330446720123291,
5,262,1,0.997541069984436,
5,263,0,0.9941295385360718,
5,263,1,0.9990003705024719,
5,264,0,0.9205874800682068,
5,264,1,0.9649599194526672,
5,265,0,0.9510805606842041,
5,265,1,0.9366965293884277,
5,266,0,0.9386759996414185,
5,266,1,1.0718079805374146,
5,267,0,0.953721284866333,
5,267,1,0.927884578704834,
5,268,0,1.0156385898590088,
5,268,1,0.9857063293457031,
5,269,0,0.9658626914024353,
5,269,1,1.0,
5,270,0,0.9365739226341248,
5,270,1,1.0039823055267334,
5,271,0,0.9488652944564819,
5,271,1,0.8302274942398071,
5,272,0,0.9949095845222473,
5,272,1,0.9359549880027771,
5,273,0,0.9757047891616821,
5,273,1,0.9707136750221252,
5,274,0,0.9586162567138672,
5,274,1,0.9122001528739929,
5,275,0,0.9520200490951538,
5,275,1,0.9646473526954651,
5,276,0,0.9952815771102905,
5,276,1,0.9669407606124878,
5,277,0,0.942107617855072,
5,277,1,1.012536644935608,
5,278,0,0.9988704323768616,
5,278,1,0.9489933848381042,
5,279,0,1.0126807689666748,
5,279,1,0.933169960975647,
5,280,0,0.9935275912284851,
5,280,1,1.0075397491455078,
5,281,0,0.9903377294540405,
5,281,1,0.9750679135322571,
5,282,0,0.9703267216682434,
5,282,1,0.9673043489456177,
5,283,0,0.9424484372138977,
5,283,1,1.0565946102142334,
5,284,0,0.9399914145469666,
5,284,1,0.8843676447868347,
5,285,0,0.9582908153533936,
5,285,1,0.9977701306343079,
5,286,0,0.9717990159988403,
5,286,1,0.9723277688026428,
5,287,0,0.9351996183395386,
5,287,1,1.1163930892944336,
5,288,0,0.9238862991333008,
5,288,1,1.0346910953521729,
5,289,0,0.965751588344574,
5,289,1,1.0183886289596558,
5,290,0,0.96919184923172,
5,290,1,1.025776982307434,
5,291,0,0.9981803894042969,
5,291,1,0.8771832585334778,
5,292,0,0.9497799873352051,
5,292,1,0.9555376768112183,
5,293,0,0.991360604763031,
5,293,1,1.0327389240264893,
5,294,0,0.9171270728111267,
5,294,1,0.905551552772522,
5,295,0,0.9569080471992493,
5,295,1,0.8183523416519165,
5,296,0,1.011890172958374,
5,296,1,0.9298274517059326,
5,297,0,0.9313740134239197,
5,297,1,1.0877481698989868,
5,298,0,0.9963056445121765,
5,298,1,0.9959667325019836,
5,299,0,0.9455896615982056,
5,299,1,1.0,
5,300,0,0.9771235585212708,
5,300,1,1.052323341369629,
5,301,0,1.0295764207839966,
5,301,1,1.0502631664276123,
5,302,0,1.0408300161361694,
5,302,1,0.9208174347877502,
5,303,0,0.9685943126678467,
5,303,1,0.8306423425674438,
5,304,0,0.9940007328987122,
5,304,1,1.0082188844680786,
5,305,0,0.9635072350502014,
5,305,1,1.022013783454895,
5,306,0,0.9974716901779175,
5,306,1,1.0406217575073242,
5,307,0,0.9915059208869934,
5,307,1,0.9663556218147278,
5,308,0,0.9751495122909546,
5,308,1,1.0042599439620972,
5,309,0,1.0047369003295898,
5,309,1,0.9410067200660706,
5,310,0,0.9610074758529663,
5,310,1,0.9715814590454102,
5,311,0,1.0114436149597168,
5,311,1,1.002854585647583,
5,312,0,0.9680201411247253,
5,312,1,0.9968591928482056,
5,313,0,0.959723174571991,
5,313,1,1.0,
5,314,0,0.961182713508606,
5,314,1,0.9779996275901794,
5,315,0,1.017370581626892,
5,315,1,0.8611214756965637,
5,316,0,0.9665688872337341,
5,316,1,0.8948765993118286,
5,317,0,0.982262134552002,
5,317,1,0.9897881150245667,
5,318,0,0.9154120683670044,
5,318,1,0.9847113490104675,
5,319,0,1.0286283493041992,
5,319,1,0.8217170238494873,
5,320,0,1.0571635961532593,
5,320,1,0.9906055331230164,
5,321,0,0.9467825293540955,
5,321,1,0.9464455842971802,
5,322,0,0.9272224307060242,
5,322,1,1.0028562545776367,
5,323,0,0.941374659538269,
5,323,1,1.0017671585083008,
5,324,0,1.0155014991760254,
5,324,1,1.0068961381912231,
5,325,0,0.982075035572052,
5,325,1,0.8954576849937439,
5,326,0,0.9923075437545776,
5,326,1,0.9100725054740906,
5,327,0,0.9365970492362976,
5,327,1,1.0,
5,328,0,0.96010822057724,
5,328,1,1.017634630203247,
5,329,0,0.9538091421127319,
5,329,1,0.9946262240409851,
5,330,0,0.9965820908546448,
5,330,1,0.8111069202423096,
5,331,0,0.923038125038147,
5,331,1,0.7301536202430725,
5,332,0,0.9572546482086182,
5,332,1,0.9309746026992798,
5,333,0,0.9595087766647339,
5,333,1,1.0870451927185059,
5,334,0,0.9137094020843506,
5,334,1,1.0178272724151611,
5,335,0,1.0079350471496582,
5,335,1,1.0037750005722046,
5,336,0,0.9606519341468811,
5,336,1,1.0808911323547363,
5,337,0,0.9805383086204529,
5,337,1,1.0253998041152954,
5,338,0,0.9393346309661865,
5,338,1,0.9872585535049438,
5,339,0,1.0020681619644165,
5,339,1,1.0224992036819458,
5,340,0,0.9251086711883545,
5,340,1,0.991983950138092,
5,341,0,0.9697040319442749,
5,341,1,0.9914926290512085,
5,342,0,0.8587349653244019,
5,342,1,0.8400780558586121,
5,343,0,0.9978006482124329,
5,343,1,0.9872451424598694,
5,344,0,0.9209049940109253,
5,344,1,0.977649450302124,
5,345,0,1.0039334297180176,
5,345,1,0.9975837469100952,
5,346,0,1.0123924016952515,
5,346,1,0.9704048037528992,
5,347,0,0.9960777759552002,
5,347,1,1.127873420715332,
5,348,0,0.920641303062439,
5,348,1,0.9833324551582336,
5,349,0,0.8928704857826233,
5,349,1,0.9856458902359009,
5,350,0,1.0194345712661743,
5,350,1,0.8198608756065369,
5,351,0,0.983597993850708,
5,351,1,0.96242356300354,
5,352,0,0.9413002133369446,
5,352,1,0.9752033352851868,
5,353,0,0.9934771656990051,
5,353,1,1.1298391819000244,
5,354,0,0.9556800127029419,
5,354,1,0.9567613005638123,
5,355,0,0.9871333241462708,
5,355,1,1.0,
5,356,0,1.0489453077316284,
5,356,1,1.129472017288208,
5,357,0,0.9815952777862549,
5,357,1,0.9683126211166382,
5,358,0,1.0280542373657227,
5,358,1,0.8785265684127808,
5,359,0,1.0073212385177612,
5,359,1,0.9943860769271851,
5,360,0,1.006718635559082,
5,360,1,1.0264116525650024,
5,361,0,0.9537441730499268,
5,361,1,0.8165438175201416,
5,362,0,0.9495701193809509,
5,362,1,0.9816426038742065,
5,363,0,0.9872191548347473,
5,363,1,0.9676830768585205,
5,364,0,0.9395263195037842,
5,364,1,0.9645759463310242,
5,365,0,1.0056488513946533,
5,365,1,0.9740231037139893,
5,366,0,0.9603314399719238,
5,366,1,0.9340988397598267,
5,367,0,1.0064036846160889,
5,367,1,0.967049777507782,
5,368,0,0.9566094279289246,
5,368,1,0.8094021677970886,
5,369,0,0.9544435143470764,
5,369,1,1.0,
5,370,0,0.9628593921661377,
5,370,1,1.0711334943771362,
5,371,0,0.9211558699607849,
5,371,1,0.8494758605957031,
5,372,0,0.9485487341880798,
5,372,1,0.9983894228935242,
5,373,0,0.9853208065032959,
5,373,1,0.9703387022018433,
5,374,0,0.9478060007095337,
5,374,1,1.0648205280303955,
5,375,0,0.9792817831039429,
5,375,1,1.0192437171936035,
5,376,0,0.9531693458557129,
5,376,1,0.9591753482818604,
5,377,0,1.0292863845825195,
5,377,1,0.9666940569877625,
5,378,0,0.9522461295127869,
5,378,1,0.9478091597557068,
5,379,0,0.9885169863700867,
5,379,1,1.011368989944458,
5,380,0,0.9241539239883423,
5,380,1,0.9994616508483887,
5,381,0,0.9291545152664185,
5,381,1,0.9652177095413208,
5,382,0,0.9311023354530334,
5,382,1,0.9509168267250061,
5,383,0,0.9406600594520569,
5,383,1,1.0019432306289673,
5,384,0,0.9931238293647766,
5,384,1,0.9979685544967651,
5,385,0,1.0256993770599365,
5,385,1,1.0323659181594849,
5,386,0,1.0181392431259155,
5,386,1,0.931489884853363,
5,387,0,1.0718395709991455,
5,387,1,0.9763468503952026,
5,388,0,1.0016707181930542,
5,388,1,0.9944867491722107,
5,389,0,0.9698309302330017,
5,389,1,1.0522782802581787,
5,390,0,0.8927506804466248,
5,390,1,1.0538917779922485,
5,391,0,1.0480268001556396,
5,391,1,0.9817973375320435,
5,392,0,0.9525761604309082,
5,392,1,0.9247153401374817,
5,393,0,1.0060217380523682,
5,393,1,0.9445809125900269,
5,394,0,0.9516792893409729,
5,394,1,1.0344696044921875,
5,395,0,0.9733600616455078,
5,395,1,1.0414793491363525,
5,396,0,0.9892334342002869,
5,396,1,0.9775303602218628,
5,397,0,0.9637669920921326,
5,397,1,1.0,
5,398,0,0.9754798412322998,
5,398,1,0.9158914089202881,
5,399,0,0.964034914970398,
5,399,1,0.9356957077980042,
5,400,0,0.9915433526039124,
5,400,1,0.968580424785614,
5,401,0,1.00227689743042,
5,401,1,0.9726675152778625,
5,402,0,0.9977091550827026,
5,402,1,0.9952079653739929,
5,403,0,1.0045547485351562,
5,403,1,0.9872748255729675,
5,404,0,0.9381347894668579,
5,404,1,0.9846558570861816,
5,405,0,0.8977047204971313,
5,405,1,1.0002615451812744,
5,406,0,0.9880950450897217,
5,406,1,0.8968114852905273,
5,407,0,1.0210400819778442,
5,407,1,1.0161179304122925,
5,408,0,0.9279754161834717,
5,408,1,1.013499140739441,
5,409,0,0.9855449795722961,
5,409,1,0.9496049284934998,
5,410,0,0.9408917427062988,
5,410,1,0.9883898496627808,
5,411,0,0.9894700050354004,
5,411,1,1.058589220046997,
5,412,0,0.9447430968284607,
5,412,1,0.9109528064727783,
5,413,0,1.0187034606933594,
5,413,1,1.0570350885391235,
5,414,0,0.8940932750701904,
5,414,1,0.8719451427459717,
5,415,0,1.0098271369934082,
5,415,1,1.004982829093933,
5,416,0,0.9935723543167114,
5,416,1,0.9788583517074585,
5,417,0,0.9447452425956726,
5,417,1,0.7982509136199951,
5,418,0,0.9916279315948486,
5,418,1,0.9479684233665466,
5,419,0,0.9912787079811096,
5,419,1,0.9901660680770874,
5,420,0,0.9324477314949036,
5,420,1,0.9776024222373962,
5,421,0,1.018164873123169,
5,421,1,1.126799464225769,
5,422,0,0.97611403465271,
5,422,1,0.9843105673789978,
5,423,0,0.9705640077590942,
5,423,1,0.9643608331680298,
5,424,0,1.0184943675994873,
5,424,1,0.908433198928833,
5,425,0,0.994195818901062,
5,425,1,1.0000232458114624,
5,426,0,0.9408594369888306,
5,426,1,0.9019210338592529,
5,427,0,0.9436404705047607,
5,427,1,1.0145435333251953,
5,428,0,0.9766923785209656,
5,428,1,1.0092514753341675,
5,429,0,0.9825375080108643,
5,429,1,0.9941669702529907,
5,430,0,0.9789613485336304,
5,430,1,0.9996335506439209,
5,431,0,1.0200496912002563,
5,431,1,0.9101476073265076,
5,432,0,0.995211124420166,
5,432,1,0.9552054405212402,
5,433,0,0.995044469833374,
5,433,1,0.9835078120231628,
5,434,0,0.9813603162765503,
5,434,1,1.0007290840148926,
5,435,0,0.920778751373291,
5,435,1,0.9705434441566467,
5,436,0,0.943046510219574,
5,436,1,0.9226275086402893,
5,437,0,1.0508285760879517,
5,437,1,0.872241735458374,
5,438,0,0.9196382164955139,
5,438,1,0.9722095727920532,
5,439,0,1.0465911626815796,
5,439,1,0.9324443340301514,
5,440,0,0.9924450516700745,
5,440,1,0.9630415439605713,
5,441,0,1.0089848041534424,
5,441,1,0.9895925521850586,
5,442,0,1.0016429424285889,
5,442,1,0.957213282585144,
5,443,0,0.9905388355255127,
5,443,1,1.0629587173461914,
5,444,0,0.963859498500824,
5,444,1,1.0004339218139648,
5,445,0,1.0121554136276245,
5,445,1,1.0460261106491089,
5,446,0,0.9627067446708679,
5,446,1,0.9578725099563599,
5,447,0,0.9953351616859436,
5,447,1,1.0084627866744995,
5,448,0,0.9805269837379456,
5,448,1,1.0373257398605347,
5,449,0,0.9313173294067383,
5,449,1,0.8088817596435547,
5,450,0,0.9465903639793396,
5,450,1,0.9577350616455078,
5,451,0,1.0287683010101318,
5,451,1,1.0114758014678955,
5,452,0,0.9472998976707458,
5,452,1,1.0400753021240234,
5,453,0,0.9742482304573059,
5,453,1,0.9909157156944275,
5,454,0,1.0094149112701416,
5,454,1,1.0017861127853394,
5,455,0,0.9888969659805298,
5,455,1,0.9645981192588806,
5,456,0,0.9642687439918518,
5,456,1,1.0013912916183472,
5,457,0,0.9633220434188843,
5,457,1,1.0084309577941895,
5,458,0,0.9569044709205627,
5,458,1,0.9443162083625793,
5,459,0,0.9512785077095032,
5,459,1,1.0753415822982788,
5,460,0,0.9849543571472168,
5,460,1,0.8552984595298767,
5,461,0,0.9833662509918213,
5,461,1,0.8400670289993286,
5,462,0,0.9958882927894592,
5,462,1,0.9164206385612488,
5,463,0,0.9548492431640625,
5,463,1,0.9534197449684143,
5,464,0,0.9833868741989136,
5,464,1,0.9246979355812073,
5,465,0,0.9689606428146362,
5,465,1,0.988420307636261,
5,466,0,0.8999513387680054,
5,466,1,1.0,
5,467,0,0.9584674835205078,
5,467,1,0.9831042885780334,
5,468,0,1.0084333419799805,
5,468,1,0.9625057578086853,
5,469,0,0.9873781800270081,
5,469,1,1.0065193176269531,
5,470,0,0.9810022115707397,
5,470,1,1.0168066024780273,
5,471,0,0.986558198928833,
5,471,1,0.993355393409729,
5,472,0,1.0316327810287476,
5,472,1,1.0652329921722412,
5,473,0,0.9506038427352905,
5,473,1,0.9383175373077393,
5,474,0,0.9869572520256042,
5,474,1,0.9898846745491028,
5,475,0,0.9198379516601562,
5,475,1,1.0283371210098267,
5,476,0,0.9922865629196167,
5,476,1,0.948920726776123,
5,477,0,0.8913118839263916,
5,477,1,1.0905382633209229,
5,478,0,0.9412282109260559,
5,478,1,0.9759576916694641,
5,479,0,0.9822225570678711,
5,479,1,0.9707457423210144,
5,480,0,0.9202377796173096,
5,480,1,0.9275769591331482,
5,481,0,0.9418494701385498,
5,481,1,1.0706881284713745,
5,482,0,0.9597706198692322,
5,482,1,0.8733363151550293,
5,483,0,0.9858155846595764,
5,483,1,1.0032272338867188,
5,484,0,0.9642672538757324,
5,484,1,0.9840723872184753,
5,485,0,0.9750248193740845,
5,485,1,0.9782543778419495,
5,486,0,0.9736602306365967,
5,486,1,0.9960117340087891,
5,487,0,0.999858558177948,
5,487,1,0.9423750638961792,
5,488,0,0.9551319479942322,
5,488,1,0.8597829341888428,
5,489,0,1.0207098722457886,
5,489,1,1.047828197479248,
5,490,0,0.9628289341926575,
5,490,1,1.0009790658950806,
5,491,0,1.0162463188171387,
5,491,1,0.9347955584526062,
5,492,0,0.9633185267448425,
5,492,1,0.9598150849342346,
5,493,0,1.017258882522583,
5,493,1,0.9660305976867676,
5,494,0,0.9430496692657471,
5,494,1,0.9963855743408203,
5,495,0,0.9884201884269714,
5,495,1,0.9967133402824402,
5,496,0,0.9940764904022217,
5,496,1,0.9986469149589539,
5,497,0,0.9722177386283875,
5,497,1,0.960082471370697,
5,498,0,0.8911957740783691,
5,498,1,0.7848113179206848,
5,499,0,0.9732491374015808,
5,499,1,0.9690299034118652,
5,500,0,0.9789042472839355,
5,500,1,0.9648135304450989,
5,501,0,0.9244401454925537,
5,501,1,1.0098609924316406,
5,502,0,0.9395214915275574,
5,502,1,0.9824312925338745,
5,503,0,0.9565598368644714,
5,503,1,0.925898015499115,
5,504,0,0.9649922847747803,
5,504,1,1.033162236213684,
5,505,0,0.9681324362754822,
5,505,1,0.849467933177948,
5,506,0,1.0177477598190308,
5,506,1,0.8841664791107178,
5,507,0,1.0443274974822998,
5,507,1,0.9488719701766968,
5,508,0,0.9801671504974365,
5,508,1,0.9607942700386047,
5,509,0,1.010972261428833,
5,509,1,1.0,
5,510,0,1.0467069149017334,
5,510,1,1.0653678178787231,
5,511,0,1.0052517652511597,
5,511,1,1.0250438451766968,
5,512,0,1.0079665184020996,
5,512,1,0.8711082935333252,
5,513,0,0.980499804019928,
5,513,1,0.8884516954421997,
5,514,0,0.9716007709503174,
5,514,1,1.1119747161865234,
5,515,0,0.9903897643089294,
5,515,1,0.9957150220870972,
5,516,0,0.9527093172073364,
5,516,1,1.0016602277755737,
5,517,0,0.959323525428772,
5,517,1,1.0521942377090454,
5,518,0,0.9555113315582275,
5,518,1,0.9114919900894165,
5,519,0,0.9874740839004517,
5,519,1,0.9522034525871277,
5,520,0,0.9833560585975647,
5,520,1,1.0521488189697266,
5,521,0,1.0128549337387085,
5,521,1,1.0855941772460938,
5,522,0,0.9873404502868652,
5,522,1,1.0042147636413574,
5,523,0,0.9636391401290894,
5,523,1,0.9980899691581726,
5,524,0,0.9453193545341492,
5,524,1,0.9902179837226868,
5,525,0,0.9190537929534912,
5,525,1,0.9420788288116455,
5,526,0,0.9913861751556396,
5,526,1,0.9392433762550354,
5,527,0,0.9962495565414429,
5,527,1,1.1722997426986694,
5,528,0,0.975607693195343,
5,528,1,0.9695681929588318,
5,529,0,0.990277886390686,
5,529,1,1.0047153234481812,
5,530,0,0.9472339749336243,
5,530,1,1.0982544422149658,
5,531,0,1.011875867843628,
5,531,1,1.0052140951156616,
5,532,0,1.0177282094955444,
5,532,1,0.9405773282051086,
5,533,0,0.9939106702804565,
5,533,1,0.9283378720283508,
5,534,0,0.97441166639328,
5,534,1,0.9856516718864441,
5,535,0,1.009365439414978,
5,535,1,0.9516423940658569,
5,536,0,1.0039716958999634,
5,536,1,0.97816002368927,
5,537,0,0.919102132320404,
5,537,1,0.8751320242881775,
5,538,0,1.0183569192886353,
5,538,1,1.0300250053405762,
5,539,0,0.8846300840377808,
5,539,1,1.0024893283843994,
5,540,0,0.9256298542022705,
5,540,1,0.9887038469314575,
5,541,0,0.999245285987854,
5,541,1,0.9259675741195679,
5,542,0,0.9407994151115417,
5,542,1,1.0150103569030762,
5,543,0,0.9773427844047546,
5,543,1,1.0151472091674805,
5,544,0,0.9828069806098938,
5,544,1,0.979394257068634,
5,545,0,1.009770393371582,
5,545,1,0.9347245693206787,
5,546,0,0.9751264452934265,
5,546,1,0.9936317205429077,
5,547,0,0.9677407741546631,
5,547,1,0.942773699760437,
5,548,0,0.9702847003936768,
5,548,1,0.8852200508117676,
5,549,0,0.9035101532936096,
5,549,1,0.9852718114852905,
5,550,0,0.9570465087890625,
5,550,1,0.9391381740570068,
5,551,0,1.0082647800445557,
5,551,1,1.0784287452697754,
5,552,0,0.967238187789917,
5,552,1,0.860099196434021,
5,553,0,0.9734221696853638,
5,553,1,1.004650354385376,
5,554,0,0.9332150220870972,
5,554,1,0.9913097620010376,
5,555,0,0.9365512132644653,
5,555,1,0.8447469472885132,
5,556,0,1.0031678676605225,
5,556,1,1.0060232877731323,
5,557,0,0.9620888233184814,
5,557,1,0.8804464340209961,
5,558,0,1.0021727085113525,
5,558,1,0.9734452366828918,
5,559,0,0.9367226958274841,
5,559,1,1.0011364221572876,
5,560,0,1.0075350999832153,
5,560,1,1.0734343528747559,
5,561,0,0.9807453751564026,
5,561,1,0.9717668294906616,
5,562,0,0.9692288041114807,
5,562,1,0.9970908164978027,
5,563,0,0.9299932718276978,
5,563,1,0.9975417256355286,
5,564,0,1.01939857006073,
5,564,1,0.93107008934021,
5,565,0,0.9363211393356323,
5,565,1,0.9406121969223022,
5,566,0,1.0215327739715576,
5,566,1,0.9839507341384888,
5,567,0,0.9124600887298584,
5,567,1,1.0134501457214355,
5,568,0,0.9503878355026245,
5,568,1,0.909267246723175,
5,569,0,0.9474219083786011,
5,569,1,0.949527382850647,
5,570,0,0.9522255659103394,
5,570,1,0.9096024632453918,
5,571,0,0.9995715618133545,
5,571,1,1.0023528337478638,
5,572,0,1.018786072731018,
5,572,1,1.0001460313796997,
5,573,0,0.9933031797409058,
5,573,1,1.058308482170105,
5,574,0,1.0097767114639282,
5,574,1,0.9753707051277161,
5,575,0,0.9678239822387695,
5,575,1,0.9978168606758118,
5,576,0,0.9679512977600098,
5,576,1,1.0130387544631958,
5,577,0,1.0052348375320435,
5,577,1,0.9222584962844849,
5,578,0,0.962634265422821,
5,578,1,1.0221631526947021,
5,579,0,0.9592186212539673,
5,579,1,0.895915150642395,
5,580,0,0.9375553727149963,
5,580,1,0.8992425203323364,
5,581,0,0.9376451373100281,
5,581,1,1.0020476579666138,
5,582,0,0.9417264461517334,
5,582,1,0.9028390645980835,
5,583,0,0.9977337718009949,
5,583,1,0.9388247132301331,
5,584,0,0.931233823299408,
5,584,1,0.8059877157211304,
5,585,0,0.9711233973503113,
5,585,1,0.9921741485595703,
5,586,0,0.9191622138023376,
5,586,1,1.0,
5,587,0,0.9853248000144958,
5,587,1,0.9377970695495605,
5,588,0,0.9661878943443298,
5,588,1,0.9080007672309875,
5,589,0,0.9206976294517517,
5,589,1,0.9405240416526794,
5,590,0,0.9946328401565552,
5,590,1,1.0185918807983398,
5,591,0,0.9719581007957458,
5,591,1,0.9068812131881714,
5,592,0,0.8891957998275757,
5,592,1,1.040370225906372,
5,593,0,0.9438398480415344,
5,593,1,1.0315191745758057,
5,594,0,0.9503799676895142,
5,594,1,0.918976366519928,
5,595,0,0.9164744019508362,
5,595,1,0.9259408712387085,
5,596,0,1.002061367034912,
5,596,1,1.0438801050186157,
5,597,0,0.9956782460212708,
5,597,1,1.0556631088256836,
5,598,0,0.9829595685005188,
5,598,1,0.9689061641693115,
5,599,0,0.9850342869758606,
5,599,1,0.9524298310279846,
5,600,0,0.9870742559432983,
5,600,1,0.9239671230316162,
5,601,0,0.9808352589607239,
5,601,1,0.9255726933479309,
5,602,0,0.9787114858627319,
5,602,1,0.9958745837211609,
5,603,0,1.0213823318481445,
5,603,1,0.8718780279159546,
5,604,0,1.0030741691589355,
5,604,1,1.0214521884918213,
5,val,,,0.9708536779880523
6,0,0,0.972466230392456,
6,0,1,0.8269094228744507,
6,1,0,0.9784862399101257,
6,1,1,0.9333390593528748,
6,2,0,0.93772953748703,
6,2,1,0.9782084822654724,
6,3,0,0.9744822382926941,
6,3,1,0.9276261329650879,
6,4,0,0.8848294615745544,
6,4,1,0.982804536819458,
6,5,0,0.9636598825454712,
6,5,1,0.9476205110549927,
6,6,0,1.0392805337905884,
6,6,1,0.9057156443595886,
6,7,0,1.0249593257904053,
6,7,1,0.8520814180374146,
6,8,0,0.9792770743370056,
6,8,1,0.7768880724906921,
6,9,0,0.9991022944450378,
6,9,1,0.9119759798049927,
6,10,0,0.9881949424743652,
6,10,1,1.001274585723877,
6,11,0,0.9698548913002014,
6,11,1,1.0157396793365479,
6,12,0,0.9506790041923523,
6,12,1,0.9349848031997681,
6,13,0,0.9538609981536865,
6,13,1,0.9807392358779907,
6,14,0,0.9857630729675293,
6,14,1,1.0306516885757446,
6,15,0,0.9320686459541321,
6,15,1,1.0628575086593628,
6,16,0,1.0026516914367676,
6,16,1,1.013142466545105,
6,17,0,0.9620298743247986,
6,17,1,1.0395060777664185,
6,18,0,0.9654130339622498,
6,18,1,0.9968841671943665,
6,19,0,0.9683906435966492,
6,19,1,0.944837749004364,
6,20,0,0.9278879761695862,
6,20,1,0.9590954780578613,
6,21,0,0.9879040718078613,
6,21,1,1.0009410381317139,
6,22,0,0.9775115251541138,
6,22,1,0.9578792452812195,
6,23,0,1.0054888725280762,
6,23,1,1.0262283086776733,
6,24,0,1.0037176609039307,
6,24,1,0.8737329244613647,
6,25,0,0.9845806360244751,
6,25,1,0.9625980854034424,
6,26,0,0.9566527009010315,
6,26,1,0.9664986729621887,
6,27,0,1.0295125246047974,
6,27,1,0.9501554369926453,
6,28,0,0.924039363861084,
6,28,1,0.9827433824539185,
6,29,0,0.9880198240280151,
6,29,1,0.9646922945976257,
6,30,0,0.9037836790084839,
6,30,1,0.9052833318710327,
6,31,0,0.9588596820831299,
6,31,1,0.991553008556366,
6,32,0,0.9574024677276611,
6,32,1,1.0273503065109253,
6,33,0,0.9510883688926697,
6,33,1,0.8977512121200562,
6,34,0,0.9456164836883545,
6,34,1,0.8281000852584839,
6,35,0,0.9804643988609314,
6,35,1,0.9737252593040466,
6,36,0,0.9001293778419495,
6,36,1,0.9378397464752197,
6,37,0,0.9135255813598633,
6,37,1,1.0037484169006348,
6,38,0,0.991665244102478,
6,38,1,0.9932861328125,
6,39,0,1.0098284482955933,
6,39,1,0.9708449244499207,
6,40,0,1.0256431102752686,
6,40,1,0.9909659624099731,
6,41,0,0.9183927774429321,
6,41,1,1.021496295928955,
6,42,0,0.9679443836212158,
6,42,1,0.8440001606941223,
6,43,0,1.0282317399978638,
6,43,1,0.919945240020752,
6,44,0,1.0466134548187256,
6,44,1,1.0137630701065063,
6,45,0,0.9963593482971191,
6,45,1,0.9191712141036987,
6,46,0,0.8976597785949707,
6,46,1,0.9692467451095581,
6,47,0,0.9696594476699829,
6,47,1,0.9400437474250793,
6,48,0,0.9894607663154602,
6,48,1,0.8572078943252563,
6,49,0,0.9479097723960876,
6,49,1,0.9681692719459534,
6,50,0,0.9180222749710083,
6,50,1,1.0263289213180542,
6,51,0,0.9915886521339417,
6,51,1,0.9544139504432678,
6,52,0,0.983636200428009,
6,52,1,1.0658578872680664,
6,53,0,0.997256338596344,
6,53,1,0.8930332660675049,
6,54,0,1.0128135681152344,
6,54,1,0.9532070755958557,
6,55,0,0.9866335988044739,
6,55,1,1.0044821500778198,
6,56,0,1.0272235870361328,
6,56,1,0.9765405058860779,
6,57,0,0.9843151569366455,
6,57,1,1.047027349472046,
6,58,0,0.9701405763626099,
6,58,1,0.9652445912361145,
6,59,0,0.9389243721961975,
6,59,1,0.8355796337127686,
6,60,0,0.9358147382736206,
6,60,1,0.9613313674926758,
6,61,0,0.9938151240348816,
6,61,1,0.9991176724433899,
6,62,0,0.9910598397254944,
6,62,1,0.9734231233596802,
6,63,0,0.9671146273612976,
6,63,1,0.9992879629135132,
6,64,0,0.9955617189407349,
6,64,1,1.0438332557678223,
6,65,0,0.9451820254325867,
6,65,1,1.0227664709091187,
6,66,0,0.9516046643257141,
6,66,1,0.890567421913147,
6,67,0,0.9307742714881897,
6,67,1,0.9082050919532776,
6,68,0,0.9720139503479004,
6,68,1,0.9539229273796082,
6,69,0,0.9712191820144653,
6,69,1,0.9795016050338745,
6,70,0,0.9759238958358765,
6,70,1,1.016452431678772,
6,71,0,0.9935789704322815,
6,71,1,0.9996603727340698,
6,72,0,0.9593082666397095,
6,72,1,0.8746383786201477,
6,73,0,0.96382075548172,
6,73,1,0.9446611404418945,
6,74,0,1.019895076751709,
6,74,1,1.0523827075958252,
6,75,0,0.998482346534729,
6,75,1,1.067594289779663,
6,76,0,0.9184288382530212,
6,76,1,1.0500084161758423,
6,77,0,0.989100992679596,
6,77,1,1.006854772567749,
6,78,0,0.9978396892547607,
6,78,1,1.0589075088500977,
6,79,0,0.9610298275947571,
6,79,1,0.9044685959815979,
6,80,0,1.0279911756515503,
6,80,1,0.9858667850494385,
6,81,0,1.0505776405334473,
6,81,1,1.066210389137268,
6,82,0,1.0256311893463135,
6,82,1,0.9854917526245117,
6,83,0,1.0405585765838623,
6,83,1,1.0292826890945435,
6,84,0,0.9920416474342346,
6,84,1,0.9271361827850342,
6,85,0,1.013681411743164,
6,85,1,0.9839694499969482,
6,86,0,0.9768210053443909,
6,86,1,0.9743245244026184,
6,87,0,1.018144130706787,
6,87,1,0.9574978947639465,
6,88,0,1.0708361864089966,
6,88,1,1.0000349283218384,
6,89,0,0.9922389388084412,
6,89,1,0.8217630982398987,
6,90,0,0.9280434846878052,
6,90,1,0.9712738394737244,
6,91,0,0.9877620935440063,
6,91,1,1.0169093608856201,
6,92,0,0.9648934602737427,
6,92,1,0.8279972076416016,
6,93,0,0.9368417263031006,
6,93,1,1.1711399555206299,
6,94,0,0.9717918634414673,
6,94,1,0.8712186813354492,
6,95,0,0.9573456645011902,
6,95,1,0.9503173828125,
6,96,0,0.9705331325531006,
6,96,1,0.9864898920059204,
6,97,0,0.9519014954566956,
6,97,1,0.9990251064300537,
6,98,0,1.0335956811904907,
6,98,1,0.9143771529197693,
6,99,0,1.02978515625,
6,99,1,0.9459162354469299,
6,100,0,0.9896577596664429,
6,100,1,0.9694843888282776,
6,101,0,0.9933161735534668,
6,101,1,1.0641969442367554,
6,102,0,0.9700939059257507,
6,102,1,0.9491337537765503,
6,103,0,1.001879334449768,
6,103,1,1.0255149602890015,
6,104,0,0.9864507913589478,
6,104,1,0.9259762763977051,
6,105,0,1.0040634870529175,
6,105,1,0.9739006757736206,
6,106,0,0.9789592027664185,
6,106,1,0.926043689250946,
6,107,0,0.9924574494361877,
6,107,1,0.9838384985923767,
6,108,0,0.9977174997329712,
6,108,1,1.00787353515625,
6,109,0,0.9760429859161377,
6,109,1,1.0011337995529175,
6,110,0,0.9737125039100647,
6,110,1,0.8438096046447754,
6,111,0,0.9828379154205322,
6,111,1,1.0297527313232422,
6,112,0,0.9496787786483765,
6,112,1,1.0055485963821411,
6,113,0,0.9426503777503967,
6,113,1,1.0267759561538696,
6,114,0,0.9890919923782349,
6,114,1,0.9919044375419617,
6,115,0,0.9559395909309387,
6,115,1,0.8626439571380615,
6,116,0,0.9752497673034668,
6,116,1,0.8944764137268066,
6,117,0,0.9587968587875366,
6,117,1,1.0594005584716797,
6,118,0,1.0242072343826294,
6,118,1,0.9187725186347961,
6,119,0,0.9663295745849609,
6,119,1,0.975021243095398,
6,120,0,1.0194973945617676,
6,120,1,0.9413660168647766,
6,121,0,0.9275384545326233,
6,121,1,0.9505625367164612,
6,122,0,0.9534094333648682,
6,122,1,1.0234929323196411,
6,123,0,1.0130401849746704,
6,123,1,1.116573691368103,
6,124,0,0.9403852820396423,
6,124,1,0.9934530258178711,
6,125,0,0.9742264747619629,
6,125,1,0.9405921101570129,
6,126,0,0.933853030204773,
6,126,1,0.9615859985351562,
6,127,0,0.9564695358276367,
6,127,1,0.9545838832855225,
6,128,0,0.9551841616630554,
6,128,1,1.0001628398895264,
6,129,0,0.9483511447906494,
6,129,1,0.9779949188232422,
6,130,0,0.9973976612091064,
6,130,1,1.0363866090774536,
6,131,0,0.9866824150085449,
6,131,1,0.8628172278404236,
6,132,0,0.9744647145271301,
6,132,1,1.028222680091858,
6,133,0,0.9725470542907715,
6,133,1,1.0028773546218872,
6,134,0,1.0101715326309204,
6,134,1,1.0254359245300293,
6,135,0,0.9748371839523315,
6,135,1,1.0028148889541626,
6,136,0,0.972405195236206,
6,136,1,0.9412865042686462,
6,137,0,0.9173277020454407,
6,137,1,0.9127923846244812,
6,138,0,0.9904082417488098,
6,138,1,0.943081796169281,
6,139,0,0.9471313953399658,
6,139,1,1.1977139711380005,
6,140,0,0.9570643305778503,
6,140,1,1.0339053869247437,
6,141,0,0.8930612802505493,
6,141,1,1.0020488500595093,
6,142,0,0.9368687868118286,
6,142,1,0.9454934597015381,
6,143,0,0.9549462795257568,
6,143,1,0.9935078024864197,
6,144,0,1.0082814693450928,
6,144,1,0.9874730110168457,
6,145,0,0.9850717186927795,
6,145,1,1.0488454103469849,
6,146,0,0.9792462587356567,
6,146,1,0.9751227498054504,
6,147,0,0.9674353003501892,
6,147,1,0.9759058952331543,
6,148,0,0.9835303425788879,
6,148,1,1.000802993774414,
6,149,0,0.9772615432739258,
6,149,1,1.0121697187423706,
6,150,0,0.9438313841819763,
6,150,1,1.000139594078064,
6,151,0,0.9845404028892517,
6,151,1,0.9467997550964355,
6,152,0,0.961795449256897,
6,152,1,0.9942951798439026,
6,153,0,0.9529493451118469,
6,153,1,1.0114942789077759,
6,154,0,0.9828808903694153,
6,154,1,0.9129531383514404,
6,155,0,0.9747992157936096,
6,155,1,0.9301590919494629,
6,156,0,0.9840199947357178,
6,156,1,1.0399706363677979,
6,157,0,0.9822312593460083,
6,157,1,0.9917969703674316,
6,158,0,0.9572262763977051,
6,158,1,1.0262666940689087,
6,159,0,0.9496580958366394,
6,159,1,0.9378294944763184,
6,160,0,0.9976120591163635,
6,160,1,0.9246326684951782,
6,161,0,1.0010939836502075,
6,161,1,1.0099068880081177,
6,162,0,0.9928802847862244,
6,162,1,1.0004137754440308,
6,163,0,0.9798554182052612,
6,163,1,0.7476373910903931,
6,164,0,0.9802145957946777,
6,164,1,0.9880920052528381,
6,165,0,0.9413889050483704,
6,165,1,1.0397859811782837,
6,166,0,0.9273504018783569,
6,166,1,0.9304758310317993,
6,167,0,0.9831197261810303,
6,167,1,0.9887372255325317,
6,168,0,1.0029942989349365,
6,168,1,0.9959258437156677,
6,169,0,0.9917933344841003,
6,169,1,1.034073829650879,
6,170,0,0.9605987668037415,
6,170,1,0.7983151078224182,
6,171,0,0.9902055859565735,
6,171,1,0.9152980446815491,
6,172,0,0.9850748181343079,
6,172,1,1.0613809823989868,
6,173,0,0.9685142636299133,
6,173,1,1.0383028984069824,
6,174,0,0.9933235049247742,
6,174,1,0.8624131679534912,
6,175,0,0.9647682905197144,
6,175,1,1.008035659790039,
6,176,0,0.9766920208930969,
6,176,1,1.0,
6,177,0,0.9403775334358215,
6,177,1,0.9714275002479553,
6,178,0,0.9339293241500854,
6,178,1,1.0036678314208984,
6,179,0,0.9660699367523193,
6,179,1,0.8682751655578613,
6,180,0,1.016039490699768,
6,180,1,0.9230496883392334,
6,181,0,0.9826611876487732,
6,181,1,0.9738034009933472,
6,182,0,0.9761258959770203,
6,182,1,0.9589987397193909,
6,183,0,0.9822869896888733,
6,183,1,0.9145216941833496,
6,184,0,1.009804368019104,
6,184,1,0.9920709133148193,
6,185,0,0.9538506269454956,
6,185,1,0.9956229329109192,
6,186,0,0.9462026953697205,
6,186,1,0.9587224721908569,
6,187,0,0.9994086027145386,
6,187,1,0.9334631562232971,
6,188,0,0.97932368516922,
6,188,1,0.9350695610046387,
6,189,0,0.9307438135147095,
6,189,1,0.9856731295585632,
6,190,0,0.9763112664222717,
6,190,1,0.9408718943595886,
6,191,0,1.0194631814956665,
6,191,1,0.8971593976020813,
6,192,0,0.9854606986045837,
6,192,1,0.9964574575424194,
6,193,0,1.034921407699585,
6,193,1,0.9540383815765381,
6,194,0,0.9805114269256592,
6,194,1,1.017255187034607,
6,195,0,0.9703766107559204,
6,195,1,1.0890835523605347,
6,196,0,0.9925739169120789,
6,196,1,0.9009678363800049,
6,197,0,0.986351728439331,
6,197,1,0.8878133296966553,
6,198,0,1.0232210159301758,
6,198,1,1.0020639896392822,
6,199,0,0.9923269152641296,
6,199,1,1.0013902187347412,
6,200,0,0.9335987567901611,
6,200,1,0.8524410724639893,
6,201,0,0.9691010117530823,
6,201,1,0.8572592735290527,
6,202,0,0.934958279132843,
6,202,1,0.9976206421852112,
6,203,0,0.9282077550888062,
6,203,1,1.0,
6,204,0,1.0301928520202637,
6,204,1,1.019936203956604,
6,205,0,1.009734869003296,
6,205,1,0.989528477191925,
6,206,0,0.9989159107208252,
6,206,1,1.0026464462280273,
6,207,0,0.9609115123748779,
6,207,1,1.001063585281372,
6,208,0,0.9804255366325378,
6,208,1,0.9211448431015015,
6,209,0,0.9351935982704163,
6,209,1,0.902058482170105,
6,210,0,0.9756590723991394,
6,210,1,0.9390264749526978,
6,211,0,1.0019330978393555,
6,211,1,1.0004111528396606,
6,212,0,1.0070708990097046,
6,212,1,0.9469839930534363,
6,213,0,1.0009766817092896,
6,213,1,0.9683713316917419,
6,214,0,1.0252140760421753,
6,214,1,0.8976135849952698,
6,215,0,0.9687803983688354,
6,215,1,0.9326596856117249,
6,216,0,0.9362484216690063,
6,216,1,0.9980752468109131,
6,217,0,0.9246917963027954,
6,217,1,1.0088435411453247,
6,218,0,0.9821561574935913,
6,218,1,1.0290248394012451,
6,219,0,0.9387524127960205,
6,219,1,0.9028929471969604,
6,220,0,0.9980102777481079,
6,220,1,0.9912330508232117,
6,221,0,0.9313123226165771,
6,221,1,0.9411407709121704,
6,222,0,0.9831173419952393,
6,222,1,1.0575767755508423,
6,223,0,0.9585810303688049,
6,223,1,0.9084358811378479,
6,224,0,1.0481616258621216,
6,224,1,1.0144431591033936,
6,225,0,0.9407289624214172,
6,225,1,1.0004719495773315,
6,226,0,0.9635645151138306,
6,226,1,0.8818469643592834,
6,227,0,1.0268489122390747,
6,227,1,0.9017613530158997,
6,228,0,0.9264464378356934,
6,228,1,0.8890382051467896,
6,229,0,0.98104327917099,
6,229,1,1.0211505889892578,
6,230,0,0.9740637540817261,
6,230,1,1.038360834121704,
6,231,0,0.9439999461174011,
6,231,1,1.0587069988250732,
6,232,0,1.0305707454681396,
6,232,1,1.0351935625076294,
6,233,0,0.9987959861755371,
6,233,1,0.934292197227478,
6,234,0,1.0011446475982666,
6,234,1,1.00813627243042,
6,235,0,0.9830213189125061,
6,235,1,0.8695050477981567,
6,236,0,0.990469217300415,
6,236,1,0.7897946238517761,
6,237,0,0.9973582625389099,
6,237,1,1.0165270566940308,
6,238,0,0.9770740866661072,
6,238,1,0.9880350232124329,
6,239,0,0.9941158890724182,
6,239,1,0.9951286911964417,
6,240,0,0.9642676711082458,
6,240,1,0.968683660030365,
6,241,0,0.926596462726593,
6,241,1,0.9473437070846558,
6,242,0,0.9912670850753784,
6,242,1,0.9506998658180237,
6,243,0,0.9783105850219727,
6,243,1,0.9685293436050415,
6,244,0,1.0024033784866333,
6,244,1,0.9191633462905884,
6,245,0,0.9036298990249634,
6,245,1,0.9991371631622314,
6,246,0,0.9298412799835205,
6,246,1,0.9876329302787781,
6,247,0,0.9904639720916748,
6,247,1,0.9140170216560364,
6,248,0,0.9862740635871887,
6,248,1,0.9588096141815186,
6,249,0,0.977399468421936,
6,249,1,1.0313243865966797,
6,250,0,0.9558886289596558,
6,250,1,0.9643617868423462,
6,251,0,1.0121906995773315,
6,251,1,0.9699119925498962,
6,252,0,0.9701975584030151,
6,252,1,0.9377743601799011,
6,253,0,0.9535858631134033,
6,253,1,0.9643164873123169,
6,254,0,0.9978682398796082,
6,254,1,1.0204541683197021,
6,255,0,0.9866006970405579,
6,255,1,0.9565435647964478,
6,256,0,0.9663039445877075,
6,256,1,0.9925116300582886,
6,257,0,0.9638009667396545,
6,257,1,0.9972861409187317,
6,258,0,0.9786995649337769,
6,258,1,0.9998913407325745,
6,259,0,0.9933649897575378,
6,259,1,0.965385377407074,
6,260,0,0.9471258521080017,
6,260,1,0.9053945541381836,
6,261,0,0.9923107624053955,
6,261,1,0.9953405261039734,
6,262,0,0.954651951789856,
6,262,1,0.9130442142486572,
6,263,0,0.9967357516288757,
6,263,1,0.980065107345581,
6,264,0,0.9187946915626526,
6,264,1,0.9687345027923584,
6,265,0,0.9279334545135498,
6,265,1,1.01876699924469,
6,266,0,0.9550775289535522,
6,266,1,0.9947710633277893,
6,267,0,0.9793137311935425,
6,267,1,0.8301053047180176,
6,268,0,1.0119136571884155,
6,268,1,1.000022530555725,
6,269,0,0.9848048090934753,
6,269,1,0.902607798576355,
6,270,0,0.9410318732261658,
6,270,1,0.9831330180168152,
6,271,0,0.9064648747444153,
6,271,1,1.0018775463104248,
6,272,0,0.992258608341217,
6,272,1,0.9379745721817017,
6,273,0,0.9951921105384827,
6,273,1,0.8849385976791382,
6,274,0,0.9383552670478821,
6,274,1,0.996441125869751,
6,275,0,0.9411376118659973,
6,275,1,1.0093175172805786,
6,276,0,0.9932706356048584,
6,276,1,0.9688853025436401,
6,277,0,0.9491842985153198,
6,277,1,0.9765743613243103,
6,278,0,0.9888121485710144,
6,278,1,0.9885185956954956,
6,279,0,1.0003806352615356,
6,279,1,0.9818357229232788,
6,280,0,0.9928169250488281,
6,280,1,1.0023024082183838,
6,281,0,0.9682900309562683,
6,281,1,1.0599058866500854,
6,282,0,0.9617080688476562,
6,282,1,0.9904045462608337,
6,283,0,0.9461415410041809,
6,283,1,1.056972622871399,
6,284,0,0.9089239239692688,
6,284,1,1.0185573101043701,
6,285,0,0.9709957242012024,
6,285,1,0.9590505957603455,
6,286,0,0.9775176048278809,
6,286,1,0.9551743865013123,
6,287,0,0.9961795806884766,
6,287,1,0.9034516215324402,
6,288,0,0.9500004053115845,
6,288,1,0.936875581741333,
6,289,0,0.9871844053268433,
6,289,1,0.9415138959884644,
6,290,0,0.97715824842453,
6,290,1,0.9892248511314392,
6,291,0,1.0016353130340576,
6,291,1,0.8685446381568909,
6,292,0,0.9374971389770508,
6,292,1,0.9985323548316956,
6,293,0,1.0239465236663818,
6,293,1,0.8971530199050903,
6,294,0,0.9316228628158569,
6,294,1,0.8574796915054321,
6,295,0,0.9207247495651245,
6,295,1,0.9724268913269043,
6,296,0,0.9958057403564453,
6,296,1,0.9883540272712708,
6,297,0,0.9371430277824402,
6,297,1,1.041388988494873,
6,298,0,0.9659074544906616,
6,298,1,1.1035325527191162,
6,299,0,0.9496644139289856,
6,299,1,1.0,
6,300,0,0.9798130989074707,
6,300,1,1.0161412954330444,
6,301,0,1.0523630380630493,
6,301,1,0.9641789793968201,
6,302,0,1.0177353620529175,
6,302,1,1.006547451019287,
6,303,0,0.930658221244812,
6,303,1,0.9863892197608948,
6,304,0,0.9937015175819397,
6,304,1,1.006348729133606,
6,305,0,0.9605692028999329,
6,305,1,1.0250287055969238,
6,306,0,0.9885185956954956,
6,306,1,1.0763605833053589,
6,307,0,0.9916839003562927,
6,307,1,0.9650677442550659,
6,308,0,0.9876866340637207,
6,308,1,0.949442982673645,
6,309,0,0.9864258766174316,
6,309,1,1.0140072107315063,
6,310,0,0.9941405653953552,
6,310,1,0.8359931707382202,
6,311,0,1.0114586353302002,
6,311,1,0.998053252696991,
6,312,0,0.9570459723472595,
6,312,1,1.039016604423523,
6,313,0,0.9659496545791626,
6,313,1,0.9755941033363342,
6,314,0,0.9566476345062256,
6,314,1,0.9912492036819458,
6,315,0,0.9781061410903931,
6,315,1,1.0166136026382446,
6,316,0,0.9604025483131409,
6,316,1,0.9405874609947205,
6,317,0,1.0048391819000244,
6,317,1,0.9060993790626526,
6,318,0,0.9193978309631348,
6,318,1,0.9793665409088135,
6,319,0,0.9602385759353638,
6,319,1,1.0820417404174805,
6,320,0,1.0708396434783936,
6,320,1,0.9297919273376465,
6,321,0,0.9576773643493652,
6,321,1,0.9133134484291077,
6,322,0,0.9745082855224609,
6,322,1,0.8163354396820068,
6,323,0,0.9468050599098206,
6,323,1,0.9818686842918396,
6,324,0,0.9967858791351318,
6,324,1,1.0850791931152344,
6,325,0,0.977295994758606,
6,325,1,0.9216024279594421,
6,326,0,0.9816114902496338,
6,326,1,0.9649080634117126,
6,327,0,0.9470700025558472,
6,327,1,0.9591565728187561,
6,328,0,0.975549042224884,
6,328,1,0.9565970301628113,
6,329,0,0.9499624967575073,
6,329,1,1.0111820697784424,
6,330,0,0.9539839029312134,
6,330,1,0.9854075312614441,
6,331,0,0.8556533455848694,
6,331,1,0.9988190531730652,
6,332,0,0.9331241846084595,
6,332,1,1.0238168239593506,
6,333,0,0.9964713454246521,
6,333,1,0.9419475793838501,
6,334,0,0.9152956008911133,
6,334,1,0.9986157417297363,
6,335,0,1.0033507347106934,
6,335,1,1.0210310220718384,
6,336,0,0.9757749438285828,
6,336,1,1.0125349760055542,
6,337,0,0.9941396713256836,
6,337,1,0.966194212436676,
6,338,0,0.9423571228981018,
6,338,1,0.9758787155151367,
6,339,0,1.0075515508651733,
6,339,1,0.9985162019729614,
6,340,0,0.920157253742218,
6,340,1,1.016372561454773,
6,341,0,0.9776746034622192,
6,341,1,0.976155161857605,
6,342,0,0.8519366383552551,
6,342,1,0.8739013671875,
6,343,0,0.9757474064826965,
6,343,1,1.0787906646728516,
6,344,0,0.9231328964233398,
6,344,1,0.9792788624763489,
6,345,0,1.009386420249939,
6,345,1,0.9789149761199951,
6,346,0,0.9850069284439087,
6,346,1,1.0731474161148071,
6,347,0,0.9969444274902344,
6,347,1,1.1300699710845947,
6,348,0,0.9195741415023804,
6,348,1,0.9763076305389404,
6,349,0,0.9256848096847534,
6,349,1,0.8561948537826538,
6,350,0,0.9829567074775696,
6,350,1,0.9693820476531982,
6,351,0,0.9942605495452881,
6,351,1,0.921471118927002,
6,352,0,0.9645534157752991,
6,352,1,0.8773965239524841,
6,353,0,1.0376368761062622,
6,353,1,0.9605868458747864,
6,354,0,0.975858747959137,
6,354,1,0.8791861534118652,
6,355,0,0.9897104501724243,
6,355,1,0.990790843963623,
6,356,0,1.060194730758667,
6,356,1,1.0807640552520752,
6,357,0,0.9743228554725647,
6,357,1,0.9894412755966187,
6,358,0,0.9867740273475647,
6,358,1,1.046993613243103,
6,359,0,1.0097780227661133,
6,359,1,0.993645429611206,
6,360,0,1.0319080352783203,
6,360,1,0.935526430606842,
6,361,0,0.9163584113121033,
6,361,1,0.976280689239502,
6,362,0,0.9296047687530518,
6,362,1,1.0611263513565063,
6,363,0,1.0138825178146362,
6,363,1,0.8652416467666626,
6,364,0,0.9859059453010559,
6,364,1,0.7890490889549255,
6,365,0,0.990070104598999,
6,365,1,1.0265551805496216,
6,366,0,0.9644511342048645,
6,366,1,0.9197362661361694,
6,367,0,0.9821078181266785,
6,367,1,1.0575281381607056,
6,368,0,0.9245171546936035,
6,368,1,0.9377355575561523,
6,369,0,0.9397103786468506,
6,369,1,1.071692943572998,
6,370,0,0.9716792702674866,
6,370,1,1.034773588180542,
6,371,0,0.9056786298751831,
6,371,1,0.9195830821990967,
6,372,0,0.9595991373062134,
6,372,1,0.9584788680076599,
6,373,0,0.9795753359794617,
6,373,1,0.9913151264190674,
6,374,0,0.9487776756286621,
6,374,1,1.0634796619415283,
6,375,0,0.9796316623687744,
6,375,1,1.0180799961090088,
6,376,0,0.9817727208137512,
6,376,1,0.8596624135971069,
6,377,0,1.0126932859420776,
6,377,1,1.0422905683517456,
6,378,0,0.9622900485992432,
6,378,1,0.9041203260421753,
6,379,0,1.0072495937347412,
6,379,1,0.929004430770874,
6,380,0,0.9896867275238037,
6,380,1,0.727665364742279,
6,381,0,0.9157353639602661,
6,381,1,1.001172423362732,
6,382,0,0.9266543388366699,
6,382,1,0.9672436118125916,
6,383,0,0.9614728689193726,
6,383,1,0.9190869331359863,
6,384,0,1.015290379524231,
6,384,1,0.9357553720474243,
6,385,0,1.0227776765823364,
6,385,1,1.0332802534103394,
6,386,0,1.0075763463974,
6,386,1,0.9548954367637634,
6,387,0,1.0537480115890503,
6,387,1,1.0619078874588013,
6,388,0,1.0011119842529297,
6,388,1,1.0006352663040161,
6,389,0,0.9686686992645264,
6,389,1,1.0486409664154053,
6,390,0,0.9788732528686523,
6,390,1,0.693205714225769,
6,391,0,1.044106364250183,
6,391,1,1.003141164779663,
6,392,0,0.9489763975143433,
6,392,1,0.93927401304245,
6,393,0,1.0101163387298584,
6,393,1,0.9373815655708313,
6,394,0,0.9867240786552429,
6,394,1,0.8906278610229492,
6,395,0,1.0078693628311157,
6,395,1,0.8987804055213928,
6,396,0,1.003030776977539,
6,396,1,0.9260073900222778,
6,397,0,0.9630792140960693,
6,397,1,1.0,
6,398,0,0.9659278392791748,
6,398,1,0.9376076459884644,
6,399,0,0.9444792866706848,
6,399,1,1.0000754594802856,
6,400,0,0.9919813871383667,
6,400,1,0.9593466520309448,
6,401,0,1.0146328210830688,
6,401,1,0.9166008830070496,
6,402,0,1.0143588781356812,
6,402,1,0.9199963808059692,
6,403,0,1.0027894973754883,
6,403,1,0.9862715601921082,
6,404,0,0.9559215903282166,
6,404,1,0.914145290851593,
6,405,0,0.9403495788574219,
6,405,1,0.8296914100646973,
6,406,0,0.9769594073295593,
6,406,1,0.9521971940994263,
6,407,0,1.0276226997375488,
6,407,1,0.9860578775405884,
6,408,0,0.9293720126152039,
6,408,1,1.001772165298462,
6,409,0,0.9808938503265381,
6,409,1,0.9771819710731506,
6,410,0,0.9222344160079956,
6,410,1,1.0598608255386353,
6,411,0,0.9880056381225586,
6,411,1,1.066665530204773,
6,412,0,0.9426678419113159,
6,412,1,0.9306573867797852,
6,413,0,1.0286829471588135,
6,413,1,1.0114294290542603,
6,414,0,0.855215847492218,
6,414,1,1.0184290409088135,
6,415,0,1.0141383409500122,
6,415,1,0.9770342707633972,
6,416,0,0.9862374663352966,
6,416,1,1.0069541931152344,
6,417,0,0.8754010200500488,
6,417,1,1.0701791048049927,
6,418,0,0.9739890098571777,
6,418,1,1.0162745714187622,
6,419,0,0.9834082722663879,
6,419,1,1.0192111730575562,
6,420,0,0.9349367618560791,
6,420,1,0.9596876502037048,
6,421,0,1.0648685693740845,
6,421,1,0.9338033199310303,
6,422,0,0.9677217602729797,
6,422,1,1.0161207914352417,
6,423,0,0.9624831676483154,
6,423,1,1.006118893623352,
6,424,0,0.9964724779129028,
6,424,1,1.0027860403060913,
6,425,0,1.0021343231201172,
6,425,1,0.961083173751831,
6,426,0,0.9578348398208618,
6,426,1,0.8456487655639648,
6,427,0,0.9470423460006714,
6,427,1,0.9913197159767151,
6,428,0,0.9828553199768066,
6,428,1,0.9897991418838501,
6,429,0,0.9705331921577454,
6,429,1,1.056093692779541,
6,430,0,0.9815341830253601,
6,430,1,1.0005567073822021,
6,431,0,0.9718626737594604,
6,431,1,1.0944373607635498,
6,432,0,1.0048991441726685,
6,432,1,0.9197069406509399,
6,433,0,0.9963890314102173,
6,433,1,0.9856523275375366,
6,434,0,0.9869100451469421,
6,434,1,0.978559672832489,
6,435,0,0.9193313121795654,
6,435,1,0.9659360647201538,
6,436,0,0.9560635685920715,
6,436,1,0.871016263961792,
6,437,0,0.9895467162132263,
6,437,1,1.1132620573043823,
6,438,0,0.9242621660232544,
6,438,1,0.9499053955078125,
6,439,0,1.02681565284729,
6,439,1,0.9994754195213318,
6,440,0,0.9801658391952515,
6,440,1,1.0150096416473389,
6,441,0,1.0053224563598633,
6,441,1,1.0176126956939697,
6,442,0,1.0007339715957642,
6,442,1,0.9653496146202087,
6,443,0,0.9883391261100769,
6,443,1,1.0751979351043701,
6,444,0,0.9719817638397217,
6,444,1,0.9769695997238159,
6,445,0,1.0114723443984985,
6,445,1,1.044607162475586,
6,446,0,0.9508102536201477,
6,446,1,1.0,
6,447,0,0.9997711181640625,
6,447,1,0.9970150589942932,
6,448,0,0.9927605986595154,
6,448,1,0.9886749982833862,
6,449,0,0.9044061899185181,
6,449,1,0.9204486012458801,
6,450,0,0.945703387260437,
6,450,1,0.9556640386581421,
6,451,0,1.0363882780075073,
6,451,1,0.9815196990966797,
6,452,0,0.9498895406723022,
6,452,1,1.0239568948745728,
6,453,0,0.9621968269348145,
6,453,1,1.0379122495651245,
6,454,0,1.0030533075332642,
6,454,1,1.0249583721160889,
6,455,0,0.9984323382377625,
6,455,1,0.9175980091094971,
6,456,0,0.9679051041603088,
6,456,1,0.9756724238395691,
6,457,0,0.9507870674133301,
6,457,1,1.0611236095428467,
6,458,0,0.9679772257804871,
6,458,1,0.9007869362831116,
6,459,0,0.9795550107955933,
6,459,1,0.9581307768821716,
6,460,0,0.9828681349754333,
6,460,1,0.8553227186203003,
6,461,0,0.9432747960090637,
6,461,1,0.9895243644714355,
6,462,0,0.9834295511245728,
6,462,1,0.9710639715194702,
6,463,0,0.9457964301109314,
6,463,1,0.9881096482276917,
6,464,0,0.9902094006538391,
6,464,1,0.9014987945556641,
6,465,0,0.9830538034439087,
6,465,1,0.9347171783447266,
6,466,0,0.9520419239997864,
6,466,1,0.7968300580978394,
6,467,0,0.9595854878425598,
6,467,1,0.970331072807312,
6,468,0,1.0003482103347778,
6,468,1,1.002601146697998,
6,469,0,1.0015486478805542,
6,469,1,0.9466292858123779,
6,470,0,0.9821436405181885,
6,470,1,1.0164991617202759,
6,471,0,0.9890937209129333,
6,471,1,0.984779417514801,
6,472,0,1.0536340475082397,
6,472,1,0.9800999760627747,
6,473,0,0.9568326473236084,
6,473,1,0.9106717705726624,
6,474,0,0.9848763942718506,
6,474,1,0.9912757873535156,
6,475,0,0.9293538331985474,
6,475,1,0.9867505431175232,
6,476,0,0.9955875277519226,
6,476,1,0.9464737176895142,
6,477,0,0.916400671005249,
6,477,1,0.9944445490837097,
6,478,0,0.9908527135848999,
6,478,1,0.7735153436660767,
6,479,0,0.972087562084198,
6,479,1,1.0059623718261719,
6,480,0,0.9223676323890686,
6,480,1,0.919288694858551,
6,481,0,0.9859203100204468,
6,481,1,0.8917570114135742,
6,482,0,0.9274297952651978,
6,482,1,1.0111030340194702,
6,483,0,0.9938250184059143,
6,483,1,0.961510956287384,
6,484,0,0.9768242239952087,
6,484,1,0.9309636354446411,
6,485,0,0.9678770303726196,
6,485,1,1.0059345960617065,
6,486,0,0.9751554131507874,
6,486,1,0.9985145926475525,
6,487,0,0.9777017831802368,
6,487,1,1.0312443971633911,
6,488,0,0.9189906716346741,
6,488,1,0.9984093904495239,
6,489,0,1.0484954118728638,
6,489,1,0.9386814832687378,
6,490,0,0.9617983102798462,
6,490,1,1.004492998123169,
6,491,0,1.0171765089035034,
6,491,1,0.931805431842804,
6,492,0,0.970964252948761,
6,492,1,0.9272348284721375,
6,493,0,0.9964712262153625,
6,493,1,1.0487797260284424,
6,494,0,0.9474372863769531,
6,494,1,0.9741981029510498,
6,495,0,0.9708517789840698,
6,495,1,1.0673143863677979,
6,496,0,0.9904536008834839,
6,496,1,1.0164695978164673,
6,497,0,0.9794672727584839,
6,497,1,0.9360649585723877,
6,498,0,0.9065098166465759,
6,498,1,0.7239246964454651,
6,499,0,0.968738317489624,
6,499,1,0.9882110357284546,
6,500,0,0.9782370924949646,
6,500,1,0.9654751420021057,
6,501,0,0.9249071478843689,
6,501,1,1.0135648250579834,
6,502,0,0.9706334471702576,
6,502,1,0.8761458992958069,
6,503,0,0.9305833578109741,
6,503,1,1.0232796669006348,
6,504,0,0.984763503074646,
6,504,1,0.9625710248947144,
6,505,0,0.9856507778167725,
6,505,1,0.7913676500320435,
6,506,0,0.9818429946899414,
6,506,1,1.0343612432479858,
6,507,0,0.9807985424995422,
6,507,1,1.203362226486206,
6,508,0,0.9725023508071899,
6,508,1,0.9980232119560242,
6,509,0,0.9908146858215332,
6,509,1,1.0757033824920654,
6,510,0,1.0396562814712524,
6,510,1,1.0998554229736328,
6,511,0,1.0116124153137207,
6,511,1,1.0045654773712158,
6,512,0,0.9697616696357727,
6,512,1,1.0151302814483643,
6,513,0,0.9700154066085815,
6,513,1,0.9237724542617798,
6,514,0,1.0084244012832642,
6,514,1,0.9618349671363831,
6,515,0,0.9679555296897888,
6,515,1,1.0850404500961304,
6,516,0,0.9703196883201599,
6,516,1,0.9319080114364624,
6,517,0,0.9815505743026733,
6,517,1,0.9528337121009827,
6,518,0,0.9486144185066223,
6,518,1,0.9589062333106995,
6,519,0,0.9815801382064819,
6,519,1,0.9927578568458557,
6,520,0,0.9736298322677612,
6,520,1,1.0678483247756958,
6,521,0,1.0258649587631226,
6,521,1,1.017604947090149,
6,522,0,0.9866589903831482,
6,522,1,1.0055716037750244,
6,523,0,0.9635282754898071,
6,523,1,0.9968688488006592,
6,524,0,0.9755629301071167,
6,524,1,0.8690616488456726,
6,525,0,0.9123823642730713,
6,525,1,0.9630563259124756,
6,526,0,0.9764918088912964,
6,526,1,0.9956855773925781,
6,527,0,1.0660678148269653,
6,527,1,0.8885315656661987,
6,528,0,0.9904313683509827,
6,528,1,0.9032566547393799,
6,529,0,0.9957343935966492,
6,529,1,0.9881674647331238,
6,530,0,0.9611486196517944,
6,530,1,1.0482701063156128,
6,531,0,1.0179575681686401,
6,531,1,0.9829156398773193,
6,532,0,1.0041369199752808,
6,532,1,0.9998406767845154,
6,533,0,0.9834975600242615,
6,533,1,0.9661328792572021,
6,534,0,0.9954894781112671,
6,534,1,0.9046605229377747,
6,535,0,0.9974349737167358,
6,535,1,0.9985581040382385,
6,536,0,0.9970524907112122,
6,536,1,1.0187909603118896,
6,537,0,0.9139412641525269,
6,537,1,0.8901119232177734,
6,538,0,1.02793288230896,
6,538,1,0.9958664178848267,
6,539,0,0.9347052574157715,
6,539,1,0.8006550073623657,
6,540,0,0.9407578110694885,
6,540,1,0.9330542683601379,
6,541,0,0.9800947904586792,
6,541,1,1.0016454458236694,
6,542,0,0.970156192779541,
6,542,1,0.8999960422515869,
6,543,0,0.9818305969238281,
6,543,1,0.9962821006774902,
6,544,0,0.9818282127380371,
6,544,1,0.9787308573722839,
6,545,0,1.0110352039337158,
6,545,1,0.9281940460205078,
6,546,0,0.9675851464271545,
6,546,1,1.0211232900619507,
6,547,0,0.9722855091094971,
6,547,1,0.9258248805999756,
6,548,0,0.9473890066146851,
6,548,1,0.9845620393753052,
6,549,0,0.8975120186805725,
6,549,1,1.0074394941329956,
6,550,0,0.9517630338668823,
6,550,1,0.9714859127998352,
6,551,0,0.9939386248588562,
6,551,1,1.1319328546524048,
6,552,0,0.9587575793266296,
6,552,1,0.8830307722091675,
6,553,0,0.9803000688552856,
6,553,1,0.9687721729278564,
6,554,0,0.9333379864692688,
6,554,1,0.987496554851532,
6,555,0,0.9235947728157043,
6,555,1,0.8991749882698059,
6,556,0,0.9984385967254639,
6,556,1,1.0308303833007812,
6,557,0,0.960646390914917,
6,557,1,0.8976786136627197,
6,558,0,1.001717448234558,
6,558,1,0.9833307266235352,
6,559,0,0.9582631587982178,
6,559,1,0.919201135635376,
6,560,0,0.9976720809936523,
6,560,1,1.1003491878509521,
6,561,0,0.9408730864524841,
6,561,1,1.1150381565093994,
6,562,0,0.956911563873291,
6,562,1,1.0433131456375122,
6,563,0,0.9662932753562927,
6,563,1,0.8489631414413452,
6,564,0,1.0166127681732178,
6,564,1,0.9598225355148315,
6,565,0,0.9428180456161499,
6,565,1,0.9031846523284912,
6,566,0,1.0013896226882935,
6,566,1,1.060975432395935,
6,567,0,0.9426462650299072,
6,567,1,0.8901287317276001,
6,568,0,0.9829591512680054,
6,568,1,0.7754312753677368,
6,569,0,0.960569441318512,
6,569,1,0.9133358597755432,
6,570,0,0.9291900992393494,
6,570,1,0.9942463040351868,
6,571,0,1.0071945190429688,
6,571,1,0.9703576564788818,
6,572,0,1.0163272619247437,
6,572,1,1.0077283382415771,
6,573,0,0.9858306050300598,
6,573,1,1.1103442907333374,
6,574,0,0.9872912764549255,
6,574,1,1.05635404586792,
6,575,0,0.9673269391059875,
6,575,1,0.9890480041503906,
6,576,0,0.9742437601089478,
6,576,1,0.9921844005584717,
6,577,0,0.9794108867645264,
6,577,1,1.0133287906646729,
6,578,0,0.9884178042411804,
6,578,1,0.9257797002792358,
6,579,0,0.9630405306816101,
6,579,1,0.8944979906082153,
6,580,0,0.9352620840072632,
6,580,1,0.8916802406311035,
6,581,0,0.9376844167709351,
6,581,1,1.0140856504440308,
6,582,0,0.9156205058097839,
6,582,1,0.9842851758003235,
6,583,0,0.9779167175292969,
6,583,1,1.0236362218856812,
6,584,0,0.8908990025520325,
6,584,1,0.9722693562507629,
6,585,0,0.9716650247573853,
6,585,1,0.9933745265007019,
6,586,0,0.967033863067627,
6,586,1,0.7990132570266724,
6,587,0,0.9922335147857666,
6,587,1,0.9046054482460022,
6,588,0,0.9630979299545288,
6,588,1,0.9204734563827515,
6,589,0,0.9221792221069336,
6,589,1,0.9412545561790466,
6,590,0,0.9957631230354309,
6,590,1,1.0154783725738525,
6,591,0,0.9690799713134766,
6,591,1,0.9020827412605286,
6,592,0,0.9093824625015259,
6,592,1,0.9607642889022827,
6,593,0,0.9579691886901855,
6,593,1,0.994206964969635,
6,594,0,0.9560990929603577,
6,594,1,0.8863775730133057,
6,595,0,0.9102331399917603,
6,595,1,0.9364652633666992,
6,596,0,0.992138147354126,
6,596,1,1.0797317028045654,
6,597,0,1.0054830312728882,
6,597,1,1.015702247619629,
6,598,0,0.9769495725631714,
6,598,1,1.003605842590332,
6,599,0,0.9674853682518005,
6,599,1,1.0168488025665283,
6,600,0,0.9571819305419922,
6,600,1,1.0538897514343262,
6,601,0,0.9622362852096558,
6,601,1,1.0131670236587524,
6,602,0,1.004652500152588,
6,602,1,0.8935794234275818,
6,603,0,1.0232471227645874,
6,603,1,0.8596022129058838,
6,604,0,1.0004141330718994,
6,604,1,1.0458074808120728,
6,val,,,0.9708455395698548
7,0,0,0.9401814341545105,
7,0,1,0.9807536602020264,
7,1,0,0.9805729389190674,
7,1,1,0.9397844672203064,
7,2,0,0.9340766668319702,
7,2,1,0.989404559135437,
7,3,0,0.9875296950340271,
7,3,1,0.8768444061279297,
7,4,0,0.8823719024658203,
7,4,1,0.9994347095489502,
7,5,0,0.9545450806617737,
7,5,1,0.9700807929039001,
7,6,0,0.9957852959632874,
7,6,1,1.0643895864486694,
7,7,0,0.9730675220489502,
7,7,1,1.0666338205337524,
7,8,0,0.9187291264533997,
7,8,1,1.0229196548461914,
7,9,0,1.0137887001037598,
7,9,1,0.8403331637382507,
7,10,0,0.9776228666305542,
7,10,1,1.0369864702224731,
7,11,0,0.9697448015213013,
7,11,1,1.0238944292068481,
7,12,0,0.9209792613983154,
7,12,1,1.0487879514694214,
7,13,0,0.9609697461128235,
7,13,1,0.9605441689491272,
7,14,0,0.9902475476264954,
7,14,1,1.0024290084838867,
7,15,0,0.9679856300354004,
7,15,1,0.9157933592796326,
7,16,0,0.9820935726165771,
7,16,1,1.0825302600860596,
7,17,0,0.9615551829338074,
7,17,1,1.055677056312561,
7,18,0,0.9633187651634216,
7,18,1,1.0110079050064087,
7,19,0,0.9567629098892212,
7,19,1,0.9974737167358398,
7,20,0,0.9168938398361206,
7,20,1,1.002728819847107,
7,21,0,1.0005909204483032,
7,21,1,0.9567440152168274,
7,22,0,0.9740708470344543,
7,22,1,0.9768557548522949,
7,23,0,0.9941794872283936,
7,23,1,1.0605279207229614,
7,24,0,0.9682474136352539,
7,24,1,1.0207034349441528,
7,25,0,0.9817441701889038,
7,25,1,0.9737803339958191,
7,26,0,0.9572257399559021,
7,26,1,0.9675776362419128,
7,27,0,1.0223937034606934,
7,27,1,0.9799844622612,
7,28,0,0.9546167850494385,
7,28,1,0.8644140958786011,
7,29,0,0.9595218300819397,
7,29,1,1.0837199687957764,
7,30,0,0.9026163816452026,
7,30,1,0.905867874622345,
7,31,0,0.9482408165931702,
7,31,1,1.0368366241455078,
7,32,0,0.9625329971313477,
7,32,1,1.0001672506332397,
7,33,0,0.9352416396141052,
7,33,1,0.9612234830856323,
7,34,0,0.9463595747947693,
7,34,1,0.8313171863555908,
7,35,0,0.971762478351593,
7,35,1,1.0106861591339111,
7,36,0,0.9371967911720276,
7,36,1,0.7815959453582764,
7,37,0,0.9136287569999695,
7,37,1,1.0026501417160034,
7,38,0,1.0062910318374634,
7,38,1,0.9304685592651367,
7,39,0,0.9950494170188904,
7,39,1,1.0433273315429688,
7,40,0,1.0423063039779663,
7,40,1,0.9331852197647095,
7,41,0,0.9225027561187744,
7,41,1,1.0076979398727417,
7,42,0,0.92247474193573,
7,42,1,1.0240049362182617,
7,43,0,0.9920637607574463,
7,43,1,1.064035177230835,
7,44,0,1.0459126234054565,
7,44,1,1.0177910327911377,
7,45,0,0.9874699115753174,
7,45,1,0.9370096921920776,
7,46,0,0.956165075302124,
7,46,1,0.7419142723083496,
7,47,0,0.9510001540184021,
7,47,1,1.0138055086135864,
7,48,0,0.9490803480148315,
7,48,1,1.0187256336212158,
7,49,0,0.9409686923027039,
7,49,1,0.9948886036872864,
7,50,0,0.9477812051773071,
7,50,1,0.916408896446228,
7,51,0,0.968258798122406,
7,51,1,1.0459562540054321,
7,52,0,0.9879910945892334,
7,52,1,1.053985595703125,
7,53,0,0.9699981212615967,
7,53,1,1.0078315734863281,
7,54,0,0.9720039367675781,
7,54,1,1.1096782684326172,
7,55,0,0.9862339496612549,
7,55,1,1.0083520412445068,
7,56,0,1.0317037105560303,
7,56,1,0.9534527063369751,
7,57,0,1.0262752771377563,
7,57,1,0.8970049619674683,
7,58,0,0.9622792601585388,
7,58,1,0.9894118905067444,
7,59,0,0.9068103432655334,
7,59,1,0.9694288372993469,
7,60,0,0.9620019793510437,
7,60,1,0.8550747036933899,
7,61,0,1.0126967430114746,
7,61,1,0.9201295375823975,
7,62,0,0.9966933727264404,
7,62,1,0.9502801299095154,
7,63,0,0.9509185552597046,
7,63,1,1.0607386827468872,
7,64,0,0.9798781275749207,
7,64,1,1.112860083580017,
7,65,0,0.9509683847427368,
7,65,1,1.002678394317627,
7,66,0,0.9262865781784058,
7,66,1,1.0023268461227417,
7,67,0,0.9192219376564026,
7,67,1,0.9526742100715637,
7,68,0,0.9688153862953186,
7,68,1,0.9577295184135437,
7,69,0,0.9805089235305786,
7,69,1,0.9314429759979248,
7,70,0,0.9968146085739136,
7,70,1,0.9297157526016235,
7,71,0,0.9980112910270691,
7,71,1,1.0011236667633057,
7,72,0,0.9280623197555542,
7,72,1,1.0098340511322021,
7,73,0,0.9337359666824341,
7,73,1,1.0535348653793335,
7,74,0,1.0514973402023315,
7,74,1,0.9322221279144287,
7,75,0,0.9990586638450623,
7,75,1,1.0547350645065308,
7,76,0,0.949212372303009,
7,76,1,0.9229271411895752,
7,77,0,1.015628695487976,
7,77,1,0.8931340575218201,
7,78,0,1.0185737609863281,
7,78,1,0.9785599708557129,
7,79,0,0.9385308623313904,
7,79,1,1.0049996376037598,
7,80,0,0.9906250238418579,
7,80,1,1.1274800300598145,
7,81,0,1.0603201389312744,
7,81,1,1.020671010017395,
7,82,0,1.0156055688858032,
7,82,1,1.0206106901168823,
7,83,0,1.0379027128219604,
7,83,1,1.0429564714431763,
7,84,0,0.9740614295005798,
7,84,1,1.0041834115982056,
7,85,0,1.010986566543579,
7,85,1,0.998429000377655,
7,86,0,0.9779678583145142,
7,86,1,0.9679529070854187,
7,87,0,1.012436866760254,
7,87,1,0.9830086827278137,
7,88,0,1.0743690729141235,
7,88,1,0.990898072719574,
7,89,0,0.9371688365936279,
7,89,1,1.0418668985366821,
7,90,0,0.9487227201461792,
7,90,1,0.88359534740448,
7,91,0,0.986813485622406,
7,91,1,1.01607084274292,
7,92,0,0.9285594820976257,
7,92,1,0.9868543744087219,
7,93,0,0.9912511706352234,
7,93,1,0.9582141637802124,
7,94,0,0.9702430963516235,
7,94,1,0.869265079498291,
7,95,0,0.9457906484603882,
7,95,1,1.0022313594818115,
7,96,0,0.9692400097846985,
7,96,1,0.98307865858078,
7,97,0,0.9689005613327026,
7,97,1,0.9155937433242798,
7,98,0,1.0086175203323364,
7,98,1,1.0100668668746948,
7,99,0,1.008898377418518,
7,99,1,1.0282275676727295,
7,100,0,1.0023585557937622,
7,100,1,0.9150673151016235,
7,101,0,1.0035266876220703,
7,101,1,1.0257240533828735,
7,102,0,0.9536094665527344,
7,102,1,1.0137454271316528,
7,103,0,1.0158315896987915,
7,103,1,0.9772155284881592,
7,104,0,0.9619324207305908,
7,104,1,1.0301116704940796,
7,105,0,0.9857192039489746,
7,105,1,1.0404984951019287,
7,106,0,0.9668288826942444,
7,106,1,0.9729660153388977,
7,107,0,0.9851885437965393,
7,107,1,1.0108410120010376,
7,108,0,0.9940675497055054,
7,108,1,1.0195822715759277,
7,109,0,0.9776606559753418,
7,109,1,0.9977176189422607,
7,110,0,0.9132528305053711,
7,110,1,1.084385633468628,
7,111,0,0.990060031414032,
7,111,1,0.9987938404083252,
7,112,0,0.9563307166099548,
7,112,1,0.9751542210578918,
7,113,0,0.9760903716087341,
7,113,1,0.8904649019241333,
7,114,0,0.977699339389801,
7,114,1,1.027909278869629,
7,115,0,0.9267919063568115,
7,115,1,0.9753837585449219,
7,116,0,0.9653642177581787,
7,116,1,0.9356738328933716,
7,117,0,0.9743751883506775,
7,117,1,1.0039275884628296,
7,118,0,1.0060505867004395,
7,118,1,0.9939748644828796,
7,119,0,0.96598881483078,
7,119,1,0.9803624153137207,
7,120,0,1.005097508430481,
7,120,1,1.0020769834518433,
7,121,0,0.9436414837837219,
7,121,1,0.889363169670105,
7,122,0,0.9584192037582397,
7,122,1,1.009642243385315,
7,123,0,1.042646884918213,
7,123,1,0.9986565709114075,
7,124,0,0.9402484893798828,
7,124,1,0.991890013217926,
7,125,0,0.9654708504676819,
7,125,1,0.9760274887084961,
7,126,0,0.928907036781311,
7,126,1,0.980634868144989,
7,127,0,0.9613046050071716,
7,127,1,0.937291145324707,
7,128,0,0.9533028602600098,
7,128,1,0.9965740442276001,
7,129,0,0.962139904499054,
7,129,1,0.9214073419570923,
7,130,0,1.0221737623214722,
7,130,1,0.9341423511505127,
7,131,0,0.9442352056503296,
7,131,1,1.0235743522644043,
7,132,0,0.9841827154159546,
7,132,1,0.9995131492614746,
7,133,0,0.991339921951294,
7,133,1,0.9283367395401001,
7,134,0,1.0159103870391846,
7,134,1,0.9977520704269409,
7,135,0,0.9983583688735962,
7,135,1,0.9092134833335876,
7,136,0,0.9699137210845947,
7,136,1,0.9415702819824219,
7,137,0,0.8983720541000366,
7,137,1,0.9844919443130493,
7,138,0,1.0013068914413452,
7,138,1,0.9079338312149048,
7,139,0,0.9476498961448669,
7,139,1,1.1968406438827515,
7,140,0,0.9710192084312439,
7,140,1,0.9699692726135254,
7,141,0,0.9120115637779236,
7,141,1,0.9256242513656616,
7,142,0,0.9172196984291077,
7,142,1,1.029240369796753,
7,143,0,0.9478828310966492,
7,143,1,1.0244888067245483,
7,144,0,0.9852721095085144,
7,144,1,1.069797158241272,
7,145,0,1.0023748874664307,
7,145,1,0.9820230603218079,
7,146,0,0.9953927993774414,
7,146,1,0.9035853147506714,
7,147,0,0.9746025800704956,
7,147,1,0.9493493437767029,
7,148,0,0.989998996257782,
7,148,1,0.9664667248725891,
7,149,0,0.9730573296546936,
7,149,1,1.0271512269973755,
7,150,0,0.9703295826911926,
7,150,1,0.8937047719955444,
7,151,0,0.971771240234375,
7,151,1,0.9903650283813477,
7,152,0,0.967210054397583,
7,152,1,0.9757038354873657,
7,153,0,0.9540245532989502,
7,153,1,0.9976798892021179,
7,154,0,0.9925543069839478,
7,154,1,0.8815639019012451,
7,155,0,0.9586429595947266,
7,155,1,0.9888512492179871,
7,156,0,0.9923135042190552,
7,156,1,1.008131504058838,
7,157,0,0.9911588430404663,
7,157,1,0.9592585563659668,
7,158,0,0.9728158116340637,
7,158,1,0.9732558727264404,
7,159,0,0.9443215131759644,
7,159,1,0.9589421153068542,
7,160,0,0.9709870219230652,
7,160,1,1.0310137271881104,
7,161,0,1.0132097005844116,
7,161,1,0.9541206955909729,
7,162,0,0.9911553859710693,
7,162,1,0.9981980323791504,
7,163,0,1.0086313486099243,
7,163,1,0.6296696662902832,
7,164,0,0.9753943085670471,
7,164,1,0.9986653923988342,
7,165,0,0.9509554505348206,
7,165,1,1.018460988998413,
7,166,0,0.9485315084457397,
7,166,1,0.8491457104682922,
7,167,0,0.9756516218185425,
7,167,1,1.0244730710983276,
7,168,0,1.0048877000808716,
7,168,1,0.9836814999580383,
7,169,0,0.9936661720275879,
7,169,1,1.0208771228790283,
7,170,0,0.9049947261810303,
7,170,1,1.0175094604492188,
7,171,0,0.967989981174469,
7,171,1,0.9997475743293762,
7,172,0,1.0202516317367554,
7,172,1,0.9258283972740173,
7,173,0,0.9814055562019348,
7,173,1,0.9779180288314819,
7,174,0,1.0003535747528076,
7,174,1,0.8241633176803589,
7,175,0,0.9628929495811462,
7,175,1,1.015294075012207,
7,176,0,0.9756109714508057,
7,176,1,1.0,
7,177,0,0.9523693919181824,
7,177,1,0.9112162590026855,
7,178,0,0.9692183136940002,
7,178,1,0.8598884344100952,
7,179,0,0.919859766960144,
7,179,1,1.0616724491119385,
7,180,0,1.0163882970809937,
7,180,1,0.9236458539962769,
7,181,0,0.9630865454673767,
7,181,1,1.0564954280853271,
7,182,0,0.9646874070167542,
7,182,1,0.9996322989463806,
7,183,0,0.9693273901939392,
7,183,1,0.9546680450439453,
7,184,0,1.0041477680206299,
7,184,1,1.0160340070724487,
7,185,0,0.9520856142044067,
7,185,1,1.009629249572754,
7,186,0,0.9329665899276733,
7,186,1,1.0163545608520508,
7,187,0,0.9763094186782837,
7,187,1,1.019047737121582,
7,188,0,0.9621288180351257,
7,188,1,1.0003236532211304,
7,189,0,0.9401737451553345,
7,189,1,0.9403340220451355,
7,190,0,0.9628678560256958,
7,190,1,0.9902397990226746,
7,191,0,0.9962407350540161,
7,191,1,0.9905326962471008,
7,192,0,0.9861664175987244,
7,192,1,0.9868420362472534,
7,193,0,1.0274643898010254,
7,193,1,0.9766225218772888,
7,194,0,1.0022695064544678,
7,194,1,0.9317744970321655,
7,195,0,0.9872945547103882,
7,195,1,1.0241273641586304,
7,196,0,0.9723230004310608,
7,196,1,0.9783782958984375,
7,197,0,0.9667108654975891,
7,197,1,0.9644156098365784,
7,198,0,1.0203901529312134,
7,198,1,1.0125399827957153,
7,199,0,0.9935888648033142,
7,199,1,0.9890375137329102,
7,200,0,0.9179774522781372,
7,200,1,0.9163835048675537,
7,201,0,0.9537573456764221,
7,201,1,0.9209485650062561,
7,202,0,0.9338577389717102,
7,202,1,1.010240912437439,
7,203,0,0.9434160590171814,
7,203,1,0.9440087080001831,
7,204,0,1.0044265985488892,
7,204,1,1.1033074855804443,
7,205,0,1.0038107633590698,
7,205,1,1.0078530311584473,
7,206,0,0.9954195618629456,
7,206,1,1.0149993896484375,
7,207,0,0.9625875353813171,
7,207,1,0.9833906888961792,
7,208,0,0.9559147357940674,
7,208,1,1.0147944688796997,
7,209,0,0.9363760948181152,
7,209,1,0.912322461605072,
7,210,0,0.9695603251457214,
7,210,1,0.954429030418396,
7,211,0,1.0043275356292725,
7,211,1,0.9984641075134277,
7,212,0,0.9927358627319336,
7,212,1,1.0088566541671753,
7,213,0,0.9956368803977966,
7,213,1,0.9974539875984192,
7,214,0,1.0285743474960327,
7,214,1,0.9038621783256531,
7,215,0,0.9531821608543396,
7,215,1,1.0034443140029907,
7,216,0,0.9339190721511841,
7,216,1,1.0014604330062866,
7,217,0,0.9357326626777649,
7,217,1,0.9664080142974854,
7,218,0,0.988364577293396,
7,218,1,0.9776948690414429,
7,219,0,0.9240934252738953,
7,219,1,0.9615427255630493,
7,220,0,1.015917420387268,
7,220,1,0.9125761389732361,
7,221,0,0.9191150665283203,
7,221,1,0.987002432346344,
7,222,0,1.000009536743164,
7,222,1,1.0146698951721191,
7,223,0,0.9677822589874268,
7,223,1,0.8868827819824219,
7,224,0,1.0488158464431763,
7,224,1,1.020311713218689,
7,225,0,0.9684269428253174,
7,225,1,0.880081295967102,
7,226,0,0.9427307844161987,
7,226,1,0.9669705629348755,
7,227,0,1.0076348781585693,
7,227,1,0.9688693284988403,
7,228,0,0.933154284954071,
7,228,1,0.8594087362289429,
7,229,0,1.008329153060913,
7,229,1,0.9052818417549133,
7,230,0,0.9841775298118591,
7,230,1,0.9969934821128845,
7,231,0,0.9797183871269226,
7,231,1,0.9156403541564941,
7,232,0,1.0494251251220703,
7,232,1,0.9552943706512451,
7,233,0,0.9939873814582825,
7,233,1,0.9420143365859985,
7,234,0,1.0171194076538086,
7,234,1,0.9450854659080505,
7,235,0,0.9566880464553833,
7,235,1,0.9734883904457092,
7,236,0,0.9349285960197449,
7,236,1,1.0094789266586304,
7,237,0,1.0066077709197998,
7,237,1,0.9900367856025696,
7,238,0,0.9700953364372253,
7,238,1,0.9934300184249878,
7,239,0,1.0028456449508667,
7,239,1,0.9496570229530334,
7,240,0,0.9583120346069336,
7,240,1,0.995476245880127,
7,241,0,0.9403722286224365,
7,241,1,0.8939948678016663,
7,242,0,0.9764297604560852,
7,242,1,1.0141156911849976,
7,243,0,0.9641732573509216,
7,243,1,1.0330973863601685,
7,244,0,0.979843020439148,
7,244,1,1.0078821182250977,
7,245,0,0.9291806817054749,
7,245,1,0.9281073212623596,
7,246,0,0.9410229921340942,
7,246,1,0.9452104568481445,
7,247,0,0.9819236397743225,
7,247,1,0.9354718327522278,
7,248,0,0.9730982780456543,
7,248,1,1.0066235065460205,
7,249,0,0.9923599362373352,
7,249,1,0.9808525443077087,
7,250,0,0.97064208984375,
7,250,1,0.9263458251953125,
7,251,0,1.0085529088974,
7,251,1,0.9831447601318359,
7,252,0,0.9360795021057129,
7,252,1,1.0646696090698242,
7,253,0,0.9678030610084534,
7,253,1,0.9031549692153931,
7,254,0,0.9975518584251404,
7,254,1,1.0039502382278442,
7,255,0,0.9818660616874695,
7,255,1,0.9665311574935913,
7,256,0,0.9706451296806335,
7,256,1,0.9577400088310242,
7,257,0,0.9711511135101318,
7,257,1,0.966791570186615,
7,258,0,1.0020495653152466,
7,258,1,0.9105848073959351,
7,259,0,1.0008552074432373,
7,259,1,0.9078523516654968,
7,260,0,0.9371387362480164,
7,260,1,0.9604935646057129,
7,261,0,0.9801419973373413,
7,261,1,1.0425593852996826,
7,262,0,0.9665176868438721,
7,262,1,0.8604459762573242,
7,263,0,0.9648966789245605,
7,263,1,1.130097508430481,
7,264,0,0.939395010471344,
7,264,1,0.8880760669708252,
7,265,0,0.9303717613220215,
7,265,1,1.0233070850372314,
7,266,0,0.9638933539390564,
7,266,1,0.9647871851921082,
7,267,0,0.9666784405708313,
7,267,1,0.8857152462005615,
7,268,0,1.0090876817703247,
7,268,1,1.0125868320465088,
7,269,0,0.993046224117279,
7,269,1,0.8993304371833801,
7,270,0,0.9539186358451843,
7,270,1,0.938679039478302,
7,271,0,0.9258456826210022,
7,271,1,0.9154324531555176,
7,272,0,0.9903175234794617,
7,272,1,0.9535794854164124,
7,273,0,0.9904632568359375,
7,273,1,0.920478343963623,
7,274,0,0.9489375352859497,
7,274,1,0.9397116899490356,
7,275,0,0.950674295425415,
7,275,1,0.9802647829055786,
7,276,0,0.989242672920227,
7,276,1,0.9908552765846252,
7,277,0,0.9534386396408081,
7,277,1,0.9744420647621155,
7,278,0,0.9931482672691345,
7,278,1,0.9665870666503906,
7,279,0,0.9905609488487244,
7,279,1,1.0247125625610352,
7,280,0,1.012712001800537,
7,280,1,0.9268722534179688,
7,281,0,0.9981192946434021,
7,281,1,0.9518141150474548,
7,282,0,0.9756085872650146,
7,282,1,0.9520753622055054,
7,283,0,0.946962833404541,
7,283,1,1.033229947090149,
7,284,0,0.9090286493301392,
7,284,1,0.9989065527915955,
7,285,0,0.9889452457427979,
7,285,1,0.8546359539031982,
7,286,0,0.9697209596633911,
7,286,1,0.9731637239456177,
7,287,0,0.9680258631706238,
7,287,1,0.9807326197624207,
7,288,0,0.9665268063545227,
7,288,1,0.8570308685302734,
7,289,0,0.9526583552360535,
7,289,1,1.0667705535888672,
7,290,0,0.9789295196533203,
7,290,1,0.9793528318405151,
7,291,0,0.9659097790718079,
7,291,1,1.0077641010284424,
7,292,0,0.9388803243637085,
7,292,1,0.9988117218017578,
7,293,0,1.0134202241897583,
7,293,1,0.9559166431427002,
7,294,0,0.9196097254753113,
7,294,1,0.9029926657676697,
7,295,0,0.92720627784729,
7,295,1,0.9263471364974976,
7,296,0,0.9756284356117249,
7,296,1,1.0778876543045044,
7,297,0,0.9676076769828796,
7,297,1,0.9343761801719666,
7,298,0,0.997344434261322,
7,298,1,0.9873265624046326,
7,299,0,0.9428057670593262,
7,299,1,1.0122274160385132,
7,300,0,1.0027873516082764,
7,300,1,0.945340633392334,
7,301,0,1.0191236734390259,
7,301,1,1.098427653312683,
7,302,0,1.0260604619979858,
7,302,1,0.9893141984939575,
7,303,0,0.9691269397735596,
7,303,1,0.8304283618927002,
7,304,0,1.0011231899261475,
7,304,1,0.9857031106948853,
7,305,0,0.9660109877586365,
7,305,1,1.0050761699676514,
7,306,0,1.0104179382324219,
7,306,1,0.9879873991012573,
7,307,0,0.9834316372871399,
7,307,1,0.9936362504959106,
7,308,0,0.9782705903053284,
7,308,1,0.9953569173812866,
7,309,0,0.9808601140975952,
7,309,1,1.031823754310608,
7,310,0,0.9472200274467468,
7,310,1,1.0291295051574707,
7,311,0,0.9985795617103577,
7,311,1,1.0456147193908691,
7,312,0,0.9825726747512817,
7,312,1,0.9396538734436035,
7,313,0,0.9620274305343628,
7,313,1,0.9938846826553345,
7,314,0,0.9877651929855347,
7,314,1,0.8766480684280396,
7,315,0,0.9816194176673889,
7,315,1,1.0157097578048706,
7,316,0,0.9533551335334778,
7,316,1,0.9571216106414795,
7,317,0,0.9837718605995178,
7,317,1,0.9907475709915161,
7,318,0,0.9335262179374695,
7,318,1,0.9083090424537659,
7,319,0,0.9832920432090759,
7,319,1,0.9948934316635132,
7,320,0,1.0247842073440552,
7,320,1,1.1146972179412842,
7,321,0,0.9681775569915771,
7,321,1,0.8603164553642273,
7,322,0,0.9315872192382812,
7,322,1,0.9929008483886719,
7,323,0,0.9528499841690063,
7,323,1,0.9561469554901123,
7,324,0,1.0271509885787964,
7,324,1,0.9588904976844788,
7,325,0,0.957220196723938,
7,325,1,1.001725435256958,
7,326,0,0.9798173308372498,
7,326,1,0.9662768244743347,
7,327,0,0.973309338092804,
7,327,1,0.8573718667030334,
7,328,0,0.9591342210769653,
7,328,1,1.016760230064392,
7,329,0,0.9555049538612366,
7,329,1,1.0017584562301636,
7,330,0,0.9634331464767456,
7,330,1,0.9440109133720398,
7,331,0,0.8651981353759766,
7,331,1,0.966036856174469,
7,332,0,0.951714038848877,
7,332,1,0.9562041163444519,
7,333,0,1.0019962787628174,
7,333,1,0.9242368936538696,
7,334,0,0.9433215856552124,
7,334,1,0.9188507795333862,
7,335,0,1.0225633382797241,
7,335,1,0.9349005222320557,
7,336,0,0.9912448525428772,
7,336,1,0.9519651532173157,
7,337,0,1.0081675052642822,
7,337,1,0.9155019521713257,
7,338,0,0.9240232706069946,
7,338,1,1.0304452180862427,
7,339,0,0.9975193738937378,
7,339,1,1.0395265817642212,
7,340,0,0.9259240627288818,
7,340,1,0.99187833070755,
7,341,0,0.9756972789764404,
7,341,1,0.9689725637435913,
7,342,0,0.8407216668128967,
7,342,1,0.9044878482818604,
7,343,0,0.9770368933677673,
7,343,1,1.077322006225586,
7,344,0,0.9288792610168457,
7,344,1,0.9537792801856995,
7,345,0,1.0134541988372803,
7,345,1,0.9523456692695618,
7,346,0,1.019335389137268,
7,346,1,0.9387384057044983,
7,347,0,1.046829104423523,
7,347,1,0.9134529829025269,
7,348,0,0.9219523668289185,
7,348,1,0.9699634313583374,
7,349,0,0.9350744485855103,
7,349,1,0.8266843557357788,
7,350,0,0.9853842258453369,
7,350,1,0.9599131941795349,
7,351,0,0.9927688241004944,
7,351,1,0.9230781197547913,
7,352,0,0.9849622249603271,
7,352,1,0.8033973574638367,
7,353,0,1.0022869110107422,
7,353,1,1.0932681560516357,
7,354,0,0.9329747557640076,
7,354,1,1.052403450012207,
7,355,0,0.9960587024688721,
7,355,1,0.9636282324790955,
7,356,0,1.063822865486145,
7,356,1,1.0710362195968628,
7,357,0,0.966671347618103,
7,357,1,1.0233855247497559,
7,358,0,0.9799756407737732,
7,358,1,1.0594172477722168,
7,359,0,1.0100336074829102,
7,359,1,0.9820581078529358,
7,360,0,1.0090031623840332,
7,360,1,1.017234444618225,
7,361,0,0.9398530721664429,
7,361,1,0.8751599192619324,
7,362,0,0.9569159150123596,
7,362,1,0.9606190919876099,
7,363,0,1.006611943244934,
7,363,1,0.8885107636451721,
7,364,0,0.971531867980957,
7,364,1,0.8436130285263062,
7,365,0,0.9964959621429443,
7,365,1,1.003111481666565,
7,366,0,0.9396942257881165,
7,366,1,1.0124194622039795,
7,367,0,1.0053954124450684,
7,367,1,0.9725006818771362,
7,368,0,0.9085655808448792,
7,368,1,0.9976515769958496,
7,369,0,0.9624465107917786,
7,369,1,0.9675388932228088,
7,370,0,0.9817601442337036,
7,370,1,0.9875699281692505,
7,371,0,0.8961579203605652,
7,371,1,0.9436885118484497,
7,372,0,0.9843828082084656,
7,372,1,0.8717713356018066,
7,373,0,0.9765464067459106,
7,373,1,1.0020948648452759,
7,374,0,0.9494200348854065,
7,374,1,1.0537760257720947,
7,375,0,0.985094428062439,
7,375,1,0.9985017776489258,
7,376,0,0.9822972416877747,
7,376,1,0.84034663438797,
7,377,0,1.0339857339859009,
7,377,1,0.9493938088417053,
7,378,0,0.9441083073616028,
7,378,1,0.9752559661865234,
7,379,0,0.9828299283981323,
7,379,1,1.0393775701522827,
7,380,0,0.9851202964782715,
7,380,1,0.7554103136062622,
7,381,0,0.9436165690422058,
7,381,1,0.914945125579834,
7,382,0,0.9260075092315674,
7,382,1,0.9651027321815491,
7,383,0,0.9574828147888184,
7,383,1,0.9321317672729492,
7,384,0,0.9775172472000122,
7,384,1,1.0555983781814575,
7,385,0,1.048237681388855,
7,385,1,0.9465616941452026,
7,386,0,0.992520272731781,
7,386,1,1.0347795486450195,
7,387,0,1.03736412525177,
7,387,1,1.1106722354888916,
7,388,0,1.0008641481399536,
7,388,1,1.0000673532485962,
7,389,0,0.9950002431869507,
7,389,1,0.952530562877655,
7,390,0,0.956292450428009,
7,390,1,0.7954356670379639,
7,391,0,1.0278289318084717,
7,391,1,1.0613449811935425,
7,392,0,0.9351218938827515,
7,392,1,0.9986997842788696,
7,393,0,1.0071004629135132,
7,393,1,0.9411905407905579,
7,394,0,0.9735625386238098,
7,394,1,0.949284553527832,
7,395,0,0.9839555025100708,
7,395,1,1.0002585649490356,
7,396,0,0.9859808087348938,
7,396,1,0.987810492515564,
7,397,0,0.9729917645454407,
7,397,1,0.9737313985824585,
7,398,0,0.9536091685295105,
7,398,1,1.0154961347579956,
7,399,0,0.952297031879425,
7,399,1,0.974115252494812,
7,400,0,0.9860900044441223,
7,400,1,1.0101795196533203,
7,401,0,0.9841564893722534,
7,401,1,1.0459482669830322,
7,402,0,0.9978560209274292,
7,402,1,0.9950382113456726,
7,403,0,1.0075557231903076,
7,403,1,0.9744447469711304,
7,404,0,0.9457982778549194,
7,404,1,0.9349809288978577,
7,405,0,0.9109585285186768,
7,405,1,0.9496161937713623,
7,406,0,0.9848371148109436,
7,406,1,0.9022891521453857,
7,407,0,1.029268503189087,
7,407,1,1.0,
7,408,0,0.9309036135673523,
7,408,1,1.0203735828399658,
7,409,0,0.9732909202575684,
7,409,1,0.999494731426239,
7,410,0,0.942430317401886,
7,410,1,0.9718919992446899,
7,411,0,1.0041141510009766,
7,411,1,1.013007402420044,
7,412,0,0.9286887049674988,
7,412,1,0.9661378264427185,
7,413,0,1.0493522882461548,
7,413,1,0.9034876823425293,
7,414,0,0.8828349709510803,
7,414,1,0.8807566165924072,
7,415,0,1.0094469785690308,
7,415,1,1.0014976263046265,
7,416,0,1.000518798828125,
7,416,1,0.94464111328125,
7,417,0,0.8676455020904541,
7,417,1,1.0766851902008057,
7,418,0,0.9735606908798218,
7,418,1,1.01259183883667,
7,419,0,0.9887146949768066,
7,419,1,1.0185538530349731,
7,420,0,0.934260368347168,
7,420,1,0.962915301322937,
7,421,0,1.0176743268966675,
7,421,1,1.1221914291381836,
7,422,0,0.9855592846870422,
7,422,1,0.929179847240448,
7,423,0,0.9681174755096436,
7,423,1,0.9846687912940979,
7,424,0,1.0041366815567017,
7,424,1,0.9739896059036255,
7,425,0,0.9911272525787354,
7,425,1,0.9994331002235413,
7,426,0,0.9114314317703247,
7,426,1,1.0451860427856445,
7,427,0,0.9337242841720581,
7,427,1,1.0353184938430786,
7,428,0,0.980105459690094,
7,428,1,1.000160574913025,
7,429,0,0.9953562021255493,
7,429,1,0.9680836796760559,
7,430,0,1.008208990097046,
7,430,1,0.9002560377120972,
7,431,0,0.9934094548225403,
7,431,1,1.003478765487671,
7,432,0,0.9840596318244934,
7,432,1,1.0102505683898926,
7,433,0,0.9989060163497925,
7,433,1,0.9816016554832458,
7,434,0,1.000519037246704,
7,434,1,0.9297227263450623,
7,435,0,0.9446494579315186,
7,435,1,0.8587257266044617,
7,436,0,0.9560365080833435,
7,436,1,0.8738497495651245,
7,437,0,1.0017848014831543,
7,437,1,1.0669132471084595,
7,438,0,0.9230085611343384,
7,438,1,0.9527925252914429,
7,439,0,1.026296615600586,
7,439,1,0.9912824034690857,
7,440,0,0.9927212595939636,
7,440,1,0.9699387550354004,
7,441,0,1.014150857925415,
7,441,1,0.9998415112495422,
7,442,0,1.0071752071380615,
7,442,1,0.937657356262207,
7,443,0,0.9904335141181946,
7,443,1,1.0645793676376343,
7,444,0,0.9899605512619019,
7,444,1,0.9236115217208862,
7,445,0,1.039199709892273,
7,445,1,0.9297186136245728,
7,446,0,0.9619767069816589,
7,446,1,0.9514696002006531,
7,447,0,1.0002000331878662,
7,447,1,0.9975200891494751,
7,448,0,0.9899957180023193,
7,448,1,1.010169267654419,
7,449,0,0.9390572309494019,
7,449,1,0.7881969213485718,
7,450,0,0.9388586282730103,
7,450,1,1.0,
7,451,0,1.0204014778137207,
7,451,1,1.0605313777923584,
7,452,0,0.9591555595397949,
7,452,1,1.000535249710083,
7,453,0,0.9952030777931213,
7,453,1,0.9079197645187378,
7,454,0,1.0097960233688354,
7,454,1,1.000890851020813,
7,455,0,0.9752946496009827,
7,455,1,0.9858762621879578,
7,456,0,0.9972720742225647,
7,456,1,0.8454289436340332,
7,457,0,0.9697796106338501,
7,457,1,0.9818921089172363,
7,458,0,0.9395684003829956,
7,458,1,0.9992903470993042,
7,459,0,0.9659416079521179,
7,459,1,1.0128419399261475,
7,460,0,0.9784187078475952,
7,460,1,0.8732771873474121,
7,461,0,0.9555303454399109,
7,461,1,0.9362855553627014,
7,462,0,0.9682210087776184,
7,462,1,1.0196164846420288,
7,463,0,0.9477866888046265,
7,463,1,0.9888514280319214,
7,464,0,0.972693920135498,
7,464,1,0.991258978843689,
7,465,0,0.9789395928382874,
7,465,1,0.9387162923812866,
7,466,0,0.8976974487304688,
7,466,1,1.0068978071212769,
7,467,0,0.9584298729896545,
7,467,1,0.9774957299232483,
7,468,0,1.0021939277648926,
7,468,1,0.9987257719039917,
7,469,0,0.9817506670951843,
7,469,1,1.0265145301818848,
7,470,0,0.9946246147155762,
7,470,1,0.9728361964225769,
7,471,0,0.9903581142425537,
7,471,1,0.9731242060661316,
7,472,0,1.0130101442337036,
7,472,1,1.146106243133545,
7,473,0,0.9449694156646729,
7,473,1,0.9583078026771545,
7,474,0,0.9926936030387878,
7,474,1,0.9727779030799866,
7,475,0,0.9197491407394409,
7,475,1,1.0265192985534668,
7,476,0,0.9450422525405884,
7,476,1,1.127765417098999,
7,477,0,0.9455640316009521,
7,477,1,0.8577978610992432,
7,478,0,0.9319406151771545,
7,478,1,1.0253028869628906,
7,479,0,0.9910906553268433,
7,479,1,0.9406318068504333,
7,480,0,0.9132524728775024,
7,480,1,0.9571926593780518,
7,481,0,0.9603573083877563,
7,481,1,0.9879360198974609,
7,482,0,0.9540219306945801,
7,482,1,0.9015085101127625,
7,483,0,1.0395011901855469,
7,483,1,0.792057991027832,
7,484,0,0.9602805376052856,
7,484,1,0.9902576208114624,
7,485,0,0.9836381673812866,
7,485,1,0.9380345940589905,
7,486,0,0.9836357831954956,
7,486,1,0.9602305889129639,
7,487,0,0.9814565777778625,
7,487,1,1.0293973684310913,
7,488,0,0.9362499117851257,
7,488,1,0.9339886903762817,
7,489,0,1.0042822360992432,
7,489,1,1.1197468042373657,
7,490,0,0.9864758849143982,
7,490,1,0.9255979657173157,
7,491,0,0.9908206462860107,
7,491,1,1.0187909603118896,
7,492,0,0.9630899429321289,
7,492,1,0.9598759412765503,
7,493,0,1.006079077720642,
7,493,1,0.9982218146324158,
7,494,0,0.952564001083374,
7,494,1,0.9465110301971436,
7,495,0,0.9713708758354187,
7,495,1,1.064480185508728,
7,496,0,0.9947336912155151,
7,496,1,0.9971383213996887,
7,497,0,0.9752557873725891,
7,497,1,0.9508581757545471,
7,498,0,0.8581531047821045,
7,498,1,0.9170411229133606,
7,499,0,0.9788792133331299,
7,499,1,0.9514086842536926,
7,500,0,0.9792714715003967,
7,500,1,0.9653261303901672,
7,501,0,0.9295061230659485,
7,501,1,0.9834877848625183,
7,502,0,0.9424285292625427,
7,502,1,0.9690134525299072,
7,503,0,0.946705162525177,
7,503,1,0.9655694365501404,
7,504,0,0.9845882654190063,
7,504,1,0.961585283279419,
7,505,0,0.956445038318634,
7,505,1,0.8996257781982422,
7,506,0,0.9859461188316345,
7,506,1,1.016990065574646,
7,507,0,0.9921223521232605,
7,507,1,1.1638039350509644,
7,508,0,0.9844202399253845,
7,508,1,0.9526807069778442,
7,509,0,1.0072938203811646,
7,509,1,1.0069326162338257,
7,510,0,1.0515062808990479,
7,510,1,1.04412841796875,
7,511,0,1.0425821542739868,
7,511,1,0.8723163604736328,
7,512,0,0.9770728349685669,
7,512,1,0.9929627776145935,
7,513,0,0.9425679445266724,
7,513,1,1.0391209125518799,
7,514,0,1.0065906047821045,
7,514,1,0.9710961580276489,
7,515,0,0.9928335547447205,
7,515,1,0.9875731468200684,
7,516,0,0.9538769125938416,
7,516,1,0.9955927133560181,
7,517,0,1.0003461837768555,
7,517,1,0.8899688124656677,
7,518,0,0.9567862153053284,
7,518,1,0.9179660081863403,
7,519,0,0.983252763748169,
7,519,1,0.974018394947052,
7,520,0,1.0054937601089478,
7,520,1,0.9567777514457703,
7,521,0,1.039764165878296,
7,521,1,0.9791469573974609,
7,522,0,0.9796570539474487,
7,522,1,1.0411627292633057,
7,523,0,0.9781081080436707,
7,523,1,0.9342054128646851,
7,524,0,0.9699729681015015,
7,524,1,0.8844356536865234,
7,525,0,0.9352996945381165,
7,525,1,0.8736076354980469,
7,526,0,0.9625924229621887,
7,526,1,1.0552175045013428,
7,527,0,1.0452311038970947,
7,527,1,0.9722377061843872,
7,528,0,0.9479191899299622,
7,528,1,1.0846184492111206,
7,529,0,0.9932251572608948,
7,529,1,0.9947993755340576,
7,530,0,1.0072373151779175,
7,530,1,0.8614106178283691,
7,531,0,1.023317813873291,
7,531,1,0.9640527367591858,
7,532,0,1.0062520503997803,
7,532,1,0.9902042746543884,
7,533,0,0.984363317489624,
7,533,1,0.9681103825569153,
7,534,0,0.9905733466148376,
7,534,1,0.9133012890815735,
7,535,0,0.9858609437942505,
7,535,1,1.0495911836624146,
7,536,0,1.0038936138153076,
7,536,1,0.9831465482711792,
7,537,0,0.8959439992904663,
7,537,1,0.9782967567443848,
7,538,0,1.0224789381027222,
7,538,1,1.0161446332931519,
7,539,0,0.9262155294418335,
7,539,1,0.8424106240272522,
7,540,0,0.9777425527572632,
7,540,1,0.7847594022750854,
7,541,0,0.9948160648345947,
7,541,1,0.9433110356330872,
7,542,0,0.9509497880935669,
7,542,1,0.9738142490386963,
7,543,0,0.994439423084259,
7,543,1,0.945758581161499,
7,544,0,0.9760966300964355,
7,544,1,0.9990525841712952,
7,545,0,1.0016305446624756,
7,545,1,0.9636714458465576,
7,546,0,0.9719266295433044,
7,546,1,1.0003033876419067,
7,547,0,0.9551048278808594,
7,547,1,1.0099698305130005,
7,548,0,0.958874523639679,
7,548,1,0.9294034242630005,
7,549,0,0.9532655477523804,
7,549,1,0.7790690660476685,
7,550,0,0.9536768794059753,
7,550,1,0.9668773412704468,
7,551,0,1.0404140949249268,
7,551,1,0.955095648765564,
7,552,0,0.9291348457336426,
7,552,1,1.0234230756759644,
7,553,0,0.9967933297157288,
7,553,1,0.9087149500846863,
7,554,0,0.9621541500091553,
7,554,1,0.8813526034355164,
7,555,0,0.9299715757369995,
7,555,1,0.8634254932403564,
7,556,0,1.0238816738128662,
7,556,1,0.923686146736145,
7,557,0,0.9467840790748596,
7,557,1,0.9358881711959839,
7,558,0,1.0029345750808716,
7,558,1,0.9713054299354553,
7,559,0,0.9675216674804688,
7,559,1,0.8793551921844482,
7,560,0,1.045358657836914,
7,560,1,0.9289065599441528,
7,561,0,0.9782088398933411,
7,561,1,0.9750977158546448,
7,562,0,0.9933626055717468,
7,562,1,0.9018083214759827,
7,563,0,0.9617546200752258,
7,563,1,0.8858438730239868,
7,564,0,0.9952573180198669,
7,564,1,1.0303754806518555,
7,565,0,0.9689769744873047,
7,565,1,0.8168235421180725,
7,566,0,1.0181668996810913,
7,566,1,0.9981545209884644,
7,567,0,0.9747016429901123,
7,567,1,0.7711914777755737,
7,568,0,0.9331129789352417,
7,568,1,0.9786952137947083,
7,569,0,0.9294363856315613,
7,569,1,1.0128060579299927,
7,570,0,0.9615456461906433,
7,570,1,0.8833444118499756,
7,571,0,0.9889596104621887,
7,571,1,1.017441987991333,
7,572,0,1.010707974433899,
7,572,1,1.028560996055603,
7,573,0,0.9681179523468018,
7,573,1,1.1330549716949463,
7,574,0,0.9848535656929016,
7,574,1,1.0765420198440552,
7,575,0,0.9626541137695312,
7,575,1,1.0195244550704956,
7,576,0,0.9969159960746765,
7,576,1,0.9045401811599731,
7,577,0,0.987748384475708,
7,577,1,1.0040696859359741,
7,578,0,0.9552015066146851,
7,578,1,1.030537724494934,
7,579,0,0.9157304167747498,
7,579,1,1.0475205183029175,
7,580,0,0.9166736602783203,
7,580,1,1.001829981803894,
7,581,0,0.9629223942756653,
7,581,1,0.891126811504364,
7,582,0,0.96075439453125,
7,582,1,0.8586965799331665,
7,583,0,0.9957801103591919,
7,583,1,0.9471279382705688,
7,584,0,0.9173643589019775,
7,584,1,0.8528509140014648,
7,585,0,0.9849125146865845,
7,585,1,0.9481687545776367,
7,586,0,0.9311949014663696,
7,586,1,0.9638763666152954,
7,587,0,0.9993489980697632,
7,587,1,0.8963314890861511,
7,588,0,0.9543794393539429,
7,588,1,0.9581750631332397,
7,589,0,0.9182871580123901,
7,589,1,0.955989420413971,
7,590,0,1.0001797676086426,
7,590,1,1.0002470016479492,
7,591,0,0.9538876414299011,
7,591,1,1.0015395879745483,
7,592,0,0.9024684429168701,
7,592,1,0.9824008345603943,
7,593,0,0.9590418934822083,
7,593,1,0.9627169370651245,
7,594,0,0.9659172296524048,
7,594,1,0.8621727824211121,
7,595,0,0.9142822027206421,
7,595,1,0.9519432783126831,
7,596,0,1.0166432857513428,
7,596,1,1.001036286354065,
7,597,0,0.983243465423584,
7,597,1,1.1060389280319214,
7,598,0,0.9721094965934753,
7,598,1,1.0115041732788086,
7,599,0,0.9884341955184937,
7,599,1,0.939923107624054,
7,600,0,0.9769617319107056,
7,600,1,0.9705169796943665,
7,601,0,0.9591091871261597,
7,601,1,0.9994186162948608,
7,602,0,0.9760861396789551,
7,602,1,1.0061427354812622,
7,603,0,0.9768461585044861,
7,603,1,1.065352201461792,
7,604,0,1.0265063047409058,
7,604,1,0.9144056439399719,
7,val,,,0.9710168047746023
8,0,0,0.9294462203979492,
8,0,1,0.9931480288505554,
8,1,0,0.973919153213501,
8,1,1,0.9508585929870605,
8,2,0,0.9364941120147705,
8,2,1,0.9986363053321838,
8,3,0,0.9857752323150635,
8,3,1,0.8805054426193237,
8,4,0,0.9261025786399841,
8,4,1,0.8165251612663269,
8,5,0,0.9563727974891663,
8,5,1,0.9918792843818665,
8,6,0,1.037810206413269,
8,6,1,0.9342499375343323,
8,7,0,0.9853736162185669,
8,7,1,1.017776608467102,
8,8,0,0.9322990775108337,
8,8,1,0.9465852975845337,
8,9,0,0.9915964007377625,
8,9,1,0.9618216753005981,
8,10,0,0.9960298538208008,
8,10,1,0.9928350448608398,
8,11,0,0.9642473459243774,
8,11,1,1.0232975482940674,
8,12,0,0.9509740471839905,
8,12,1,0.9427967667579651,
8,13,0,0.9687038660049438,
8,13,1,0.926155686378479,
8,14,0,0.9964494705200195,
8,14,1,0.9973694682121277,
8,15,0,0.9773730635643005,
8,15,1,0.8663020133972168,
8,16,0,0.9863134622573853,
8,16,1,1.089249849319458,
8,17,0,0.9558801054954529,
8,17,1,1.0377801656723022,
8,18,0,0.981086254119873,
8,18,1,0.924509584903717,
8,19,0,0.9527872800827026,
8,19,1,1.0152579545974731,
8,20,0,0.9181960821151733,
8,20,1,0.9960153102874756,
8,21,0,0.9835628867149353,
8,21,1,1.035982370376587,
8,22,0,0.9449809193611145,
8,22,1,1.0702462196350098,
8,23,0,0.9803873300552368,
8,23,1,1.1245955228805542,
8,24,0,0.938092827796936,
8,24,1,1.1298002004623413,
8,25,0,0.9889914393424988,
8,25,1,0.9589625000953674,
8,26,0,0.9705386161804199,
8,26,1,0.8985185027122498,
8,27,0,1.0252227783203125,
8,27,1,0.9715043306350708,
