epoch,chunk_id,batch,train_loss,val_loss
1,0,0,1.0034544467926025,
1,1,0,0.9940919876098633,
1,2,0,0.9831047654151917,
1,3,0,0.9894310235977173,
1,4,0,0.9762461185455322,
1,5,0,0.9861578941345215,
1,6,0,0.9708715081214905,
1,7,0,0.9739422798156738,
1,8,0,0.9741798639297485,
1,9,0,0.9793428778648376,
1,10,0,0.9647541046142578,
1,11,0,0.9652814269065857,
1,12,0,0.9690319895744324,
1,13,0,0.955870509147644,
1,14,0,0.972417950630188,
1,15,0,0.9607100486755371,
1,16,0,0.9516802430152893,
1,17,0,0.9652244448661804,
1,18,0,0.9549223184585571,
1,19,0,0.9577046036720276,
1,20,0,0.9462937116622925,
1,21,0,0.9363362193107605,
1,22,0,0.9372497797012329,
1,23,0,0.9331676959991455,
1,24,0,0.9401454329490662,
1,25,0,0.9285764098167419,
1,26,0,0.9285501837730408,
1,27,0,0.9284128546714783,
1,28,0,0.918969988822937,
1,29,0,0.9183499217033386,
1,30,0,0.9137619733810425,
1,31,0,0.9011479616165161,
1,32,0,0.9078455567359924,
1,33,0,0.9136801362037659,
1,34,0,0.8941683769226074,
1,35,0,0.9015967845916748,
1,36,0,0.8904463648796082,
1,37,0,0.88157719373703,
1,38,0,0.8890737891197205,
1,39,0,0.8903758525848389,
1,40,0,0.8725967407226562,
1,41,0,0.8884090185165405,
1,42,0,0.8834682703018188,
1,43,0,0.8784654140472412,
1,44,0,0.8711339831352234,
1,45,0,0.8528363108634949,
1,46,0,0.868532657623291,
1,47,0,0.8537887334823608,
1,48,0,0.8620381355285645,
1,49,0,0.8712756633758545,
1,50,0,0.8624807596206665,
1,51,0,0.8651937246322632,
1,52,0,0.867949366569519,
1,53,0,0.8547435998916626,
1,54,0,0.851645827293396,
1,55,0,0.8544613122940063,
1,56,0,0.8521487712860107,
1,57,0,0.8437438011169434,
1,58,0,0.8571854829788208,
1,59,0,0.8443291783332825,
1,60,0,0.8515833616256714,
1,61,0,0.8468982577323914,
1,62,0,0.8428643941879272,
1,63,0,0.8494213819503784,
1,64,0,0.8463821411132812,
1,65,0,0.8396726846694946,
1,66,0,0.8390586376190186,
1,67,0,0.839422345161438,
1,68,0,0.8460465669631958,
1,69,0,0.8410326242446899,
1,70,0,0.8389683365821838,
1,71,0,0.8413906693458557,
1,72,0,0.8329780697822571,
1,73,0,0.8429047465324402,
1,74,0,0.8353080153465271,
1,75,0,0.8361362218856812,
1,76,0,0.8348673582077026,
1,77,0,0.8336694836616516,
1,78,0,0.8401336669921875,
1,79,0,0.8378512859344482,
1,80,0,0.8419796824455261,
1,81,0,0.837753415107727,
1,82,0,0.8308668732643127,
1,83,0,0.8407938480377197,
1,84,0,0.835171639919281,
1,85,0,0.8348046541213989,
1,86,0,0.8397103548049927,
1,87,0,0.8378189206123352,
1,88,0,0.8360087871551514,
1,89,0,0.8359702825546265,
1,90,0,0.8274796009063721,
1,91,0,0.8344525694847107,
1,92,0,0.8334694504737854,
1,93,0,0.8378920555114746,
1,94,0,0.8399718403816223,
1,95,0,0.8392617106437683,
1,96,0,0.8326820731163025,
1,97,0,0.8431500792503357,
1,98,0,0.8348723649978638,
1,99,0,0.8382030725479126,
1,100,0,0.8341646194458008,
1,101,0,0.8381327986717224,
1,102,0,0.8375165462493896,
1,103,0,0.8432082533836365,
1,104,0,0.8391088247299194,
1,105,0,0.8401212096214294,
1,106,0,0.8325555920600891,
1,107,0,0.8387842774391174,
1,108,0,0.8361209630966187,
1,109,0,0.8395959734916687,
1,110,0,0.8400605320930481,
1,111,0,0.8408303260803223,
1,112,0,0.8349788188934326,
1,113,0,0.8396852612495422,
1,114,0,0.8355700373649597,
1,115,0,0.8346698880195618,
1,116,0,0.8354810476303101,
1,117,0,0.8388979434967041,
1,118,0,0.8339554071426392,
1,119,0,0.835618257522583,
1,120,0,0.8392276763916016,
1,121,0,0.8352786898612976,
1,122,0,0.8361241817474365,
1,123,0,0.8338310122489929,
1,124,0,0.8330737948417664,
1,125,0,0.8320544958114624,
1,126,0,0.8336467146873474,
1,127,0,0.8331664800643921,
1,128,0,0.8304502367973328,
1,129,0,0.8309115171432495,
1,130,0,0.8353503942489624,
1,131,0,0.8353254795074463,
1,132,0,0.8337143659591675,
1,133,0,0.8323808312416077,
1,134,0,0.8290760517120361,
1,135,0,0.8391304612159729,
1,136,0,0.8338712453842163,
1,137,0,0.8333317041397095,
1,138,0,0.8331979513168335,
1,139,0,0.8412953615188599,
1,140,0,0.8402742743492126,
1,141,0,0.8333262801170349,
1,142,0,0.8381062746047974,
1,143,0,0.8355850577354431,
1,144,0,0.8387796878814697,
1,145,0,0.8327227234840393,
1,146,0,0.8378711938858032,
1,147,0,0.8272103071212769,
1,148,0,0.8357574939727783,
1,149,0,0.832956075668335,
1,150,0,0.8356338143348694,
1,151,0,0.8328980207443237,
1,152,0,0.8306119441986084,
1,153,0,0.8317531943321228,
1,154,0,0.8317238092422485,
1,155,0,0.83180832862854,
1,156,0,0.8351882696151733,
1,157,0,0.8334779739379883,
1,158,0,0.8340272307395935,
1,159,0,0.8329474925994873,
1,160,0,0.8283398747444153,
1,161,0,0.8377131223678589,
1,162,0,0.8313362002372742,
1,163,0,0.8294674158096313,
1,164,0,0.8332927823066711,
1,165,0,0.8306055665016174,
1,166,0,0.8405086994171143,
1,167,0,0.8321448564529419,
1,168,0,0.8374691009521484,
1,169,0,0.8293495774269104,
1,170,0,0.83250492811203,
1,171,0,0.8300780653953552,
1,172,0,0.8363896012306213,
1,173,0,0.8301281929016113,
1,174,0,0.8322283029556274,
1,175,0,0.8382725715637207,
1,176,0,0.8321687579154968,
1,177,0,0.8345490097999573,
1,178,0,0.8297694325447083,
1,179,0,0.8279876112937927,
1,180,0,0.8362202644348145,
1,181,0,0.8281823396682739,
1,182,0,0.8311973810195923,
1,183,0,0.8345529437065125,
1,184,0,0.8324333429336548,
1,185,0,0.8350906372070312,
1,186,0,0.8294847011566162,
1,187,0,0.8288426399230957,
1,188,0,0.8299258947372437,
1,189,0,0.8356897234916687,
1,190,0,0.8284094929695129,
1,191,0,0.8332173228263855,
1,192,0,0.8297543525695801,
1,193,0,0.8283736705780029,
1,194,0,0.8280284404754639,
1,195,0,0.832982063293457,
1,196,0,0.8279759287834167,
1,197,0,0.8300235867500305,
1,198,0,0.8363101482391357,
1,199,0,0.8293451070785522,
1,200,0,0.8330956101417542,
1,201,0,0.832402229309082,
1,202,0,0.8295048475265503,
1,203,0,0.829342246055603,
1,204,0,0.8323120474815369,
1,205,0,0.8294464349746704,
1,206,0,0.8321012258529663,
1,207,0,0.8274055123329163,
1,208,0,0.8309296369552612,
1,209,0,0.8362415432929993,
1,210,0,0.8377254009246826,
1,211,0,0.834845781326294,
1,212,0,0.8314292430877686,
1,213,0,0.8284311294555664,
1,214,0,0.8297004699707031,
1,215,0,0.8339139223098755,
1,216,0,0.8376026153564453,
1,217,0,0.8289046883583069,
1,218,0,0.8286279439926147,
1,219,0,0.8364173173904419,
1,220,0,0.8325425982475281,
1,221,0,0.833989679813385,
1,222,0,0.8336939811706543,
1,223,0,0.8292054533958435,
1,224,0,0.8313881158828735,
1,225,0,0.8334278464317322,
1,226,0,0.8259596824645996,
1,227,0,0.8295112252235413,
1,228,0,0.834551990032196,
1,229,0,0.83123779296875,
1,230,0,0.8333431482315063,
1,231,0,0.8305668234825134,
1,232,0,0.8296027779579163,
1,233,0,0.8302069902420044,
1,234,0,0.8306623101234436,
1,235,0,0.8258320689201355,
1,236,0,0.8240389823913574,
1,237,0,0.8315710425376892,
1,238,0,0.8310937285423279,
1,239,0,0.8360877633094788,
1,240,0,0.8287197351455688,
1,241,0,0.8289424777030945,
1,242,0,0.8288339376449585,
1,243,0,0.8282473683357239,
1,244,0,0.8299904465675354,
1,245,0,0.8339005708694458,
1,246,0,0.8294860124588013,
1,247,0,0.8344600200653076,
1,248,0,0.8326866030693054,
1,249,0,0.8308783173561096,
1,250,0,0.8277822732925415,
1,251,0,0.8292350172996521,
1,252,0,0.8316386938095093,
1,253,0,0.8305842280387878,
1,254,0,0.8291293382644653,
1,255,0,0.8313876390457153,
1,256,0,0.8318604826927185,
1,257,0,0.8307844996452332,
1,258,0,0.832024097442627,
1,259,0,0.8306863903999329,
1,260,0,0.828777551651001,
1,261,0,0.8297789096832275,
1,262,0,0.8339720368385315,
1,263,0,0.8312550783157349,
1,264,0,0.8280325531959534,
1,265,0,0.8325537443161011,
1,266,0,0.8303825259208679,
1,267,0,0.8291733860969543,
1,268,0,0.8289395570755005,
1,269,0,0.8217276334762573,
1,270,0,0.8340023756027222,
1,271,0,0.8344573378562927,
1,272,0,0.8344876766204834,
1,273,0,0.8331937789916992,
1,274,0,0.8331826329231262,
1,275,0,0.8320484161376953,
1,276,0,0.8307749629020691,
1,277,0,0.833619236946106,
1,278,0,0.8289210796356201,
1,279,0,0.8327181339263916,
1,280,0,0.8339963555335999,
1,281,0,0.8308358192443848,
1,282,0,0.8308042883872986,
1,283,0,0.828626275062561,
1,284,0,0.8302827477455139,
1,285,0,0.8301399350166321,
1,286,0,0.8302421569824219,
1,287,0,0.8317087292671204,
1,288,0,0.8283401727676392,
1,289,0,0.8296694755554199,
1,290,0,0.8308226466178894,
1,291,0,0.829582691192627,
1,292,0,0.832332193851471,
1,293,0,0.8336475491523743,
1,294,0,0.8323607444763184,
1,295,0,0.8322271108627319,
1,296,0,0.8250507712364197,
1,297,0,0.8298819661140442,
1,298,0,0.8275584578514099,
1,299,0,0.832575798034668,
1,300,0,0.8329851627349854,
1,301,0,0.8317924737930298,
1,302,0,0.8302048444747925,
1,303,0,0.8226803541183472,
1,304,0,0.8337219953536987,
1,305,0,0.8328561782836914,
1,306,0,0.8258571624755859,
1,307,0,0.8330124616622925,
1,308,0,0.825051486492157,
1,309,0,0.8331488966941833,
1,310,0,0.8249982595443726,
1,311,0,0.8310868740081787,
1,312,0,0.8302334547042847,
1,313,0,0.8261499404907227,
1,314,0,0.8301863670349121,
1,315,0,0.829004168510437,
1,316,0,0.8294181823730469,
1,317,0,0.8304535150527954,
1,318,0,0.8330378532409668,
1,319,0,0.8308460712432861,
1,320,0,0.8293529152870178,
1,321,0,0.8284021615982056,
1,322,0,0.8359495401382446,
1,323,0,0.8293459415435791,
1,324,0,0.8296285271644592,
1,325,0,0.8322714567184448,
1,326,0,0.8318424224853516,
1,327,0,0.8298449516296387,
1,328,0,0.8335460424423218,
1,329,0,0.8291648626327515,
1,330,0,0.8282013535499573,
1,331,0,0.8321661949157715,
1,332,0,0.8294821381568909,
1,333,0,0.8332632780075073,
1,334,0,0.8245538473129272,
1,335,0,0.8274324536323547,
1,336,0,0.8272596001625061,
1,337,0,0.8288460969924927,
1,338,0,0.8341761827468872,
1,339,0,0.8325437307357788,
1,340,0,0.8327946662902832,
1,341,0,0.8294099569320679,
1,342,0,0.8327880501747131,
1,343,0,0.8293923139572144,
1,344,0,0.8347544074058533,
1,345,0,0.8299378156661987,
1,346,0,0.8334985971450806,
1,347,0,0.8303255438804626,
1,348,0,0.8338993191719055,
1,349,0,0.8307102918624878,
1,350,0,0.8272672295570374,
1,351,0,0.8320281505584717,
1,352,0,0.8317759037017822,
1,353,0,0.8300368785858154,
1,354,0,0.8359016180038452,
1,355,0,0.8320693969726562,
1,356,0,0.833709180355072,
1,357,0,0.8310344219207764,
1,358,0,0.8316659331321716,
1,359,0,0.8304036855697632,
1,360,0,0.8305396437644958,
1,361,0,0.830253005027771,
1,362,0,0.8275755643844604,
1,363,0,0.8280116319656372,
1,364,0,0.8258805274963379,
1,365,0,0.8277484774589539,
1,366,0,0.8305361270904541,
1,367,0,0.8292011022567749,
1,368,0,0.8312640190124512,
1,369,0,0.8310351371765137,
1,370,0,0.8296347260475159,
1,371,0,0.8267738819122314,
1,372,0,0.8329939842224121,
1,373,0,0.829228401184082,
1,374,0,0.8284878730773926,
1,375,0,0.8323231339454651,
1,376,0,0.8299658894538879,
1,377,0,0.8334139585494995,
1,378,0,0.8286558985710144,
1,379,0,0.830731987953186,
1,380,0,0.8319742679595947,
1,381,0,0.8286647796630859,
1,382,0,0.8315230011940002,
1,383,0,0.8271888494491577,
1,384,0,0.8219122886657715,
1,385,0,0.8335273861885071,
1,386,0,0.8279564380645752,
1,387,0,0.8281776905059814,
1,388,0,0.8232996463775635,
1,389,0,0.8274776339530945,
1,390,0,0.8284145593643188,
1,391,0,0.8315245509147644,
1,392,0,0.8315414190292358,
1,393,0,0.8287573456764221,
1,394,0,0.8276739716529846,
1,395,0,0.8346526622772217,
1,396,0,0.8317041397094727,
1,397,0,0.8289633989334106,
1,398,0,0.8299422860145569,
1,399,0,0.8271909952163696,
1,400,0,0.8327867984771729,
1,401,0,0.8339928388595581,
1,402,0,0.832852303981781,
1,403,0,0.8288789391517639,
1,404,0,0.8274791836738586,
1,405,0,0.8300988078117371,
1,406,0,0.8281156420707703,
1,407,0,0.8268347978591919,
1,408,0,0.8278799057006836,
1,409,0,0.8271297216415405,
1,410,0,0.8298377990722656,
1,411,0,0.8313704133033752,
1,412,0,0.8316848278045654,
1,413,0,0.8288190364837646,
1,414,0,0.8299576640129089,
1,415,0,0.8279381394386292,
1,416,0,0.8274734616279602,
1,417,0,0.8299573659896851,
1,418,0,0.8253421783447266,
1,419,0,0.8300075531005859,
1,420,0,0.8327038288116455,
1,421,0,0.831645667552948,
1,422,0,0.8313155174255371,
1,423,0,0.830551028251648,
1,424,0,0.8317781090736389,
1,425,0,0.8285936117172241,
1,426,0,0.8268017172813416,
1,427,0,0.8284109830856323,
1,428,0,0.831490159034729,
1,429,0,0.8312770128250122,
1,430,0,0.832610011100769,
1,431,0,0.8275641798973083,
1,432,0,0.8309854865074158,
1,433,0,0.8296052813529968,
1,434,0,0.8317581415176392,
1,435,0,0.8285732269287109,
1,436,0,0.8306713104248047,
1,437,0,0.8290196657180786,
1,438,0,0.8301467895507812,
1,439,0,0.826946496963501,
1,440,0,0.8283332586288452,
1,441,0,0.8273442387580872,
1,442,0,0.8276192545890808,
1,443,0,0.8249784708023071,
1,444,0,0.8280923366546631,
1,445,0,0.8303804993629456,
1,446,0,0.8285254240036011,
1,447,0,0.8244679570198059,
1,448,0,0.827321469783783,
1,449,0,0.8274065256118774,
1,450,0,0.8287160396575928,
1,451,0,0.8290698528289795,
1,452,0,0.8286078572273254,
1,453,0,0.8315045237541199,
1,454,0,0.8293801546096802,
1,455,0,0.8282498717308044,
1,456,0,0.8289904594421387,
1,457,0,0.8274844288825989,
1,458,0,0.8290180563926697,
1,459,0,0.8291077613830566,
1,460,0,0.8298171162605286,
1,461,0,0.8239748477935791,
1,462,0,0.8304389715194702,
1,463,0,0.8279561400413513,
1,464,0,0.8301132321357727,
1,465,0,0.8311034440994263,
1,466,0,0.8331606984138489,
1,467,0,0.8293556571006775,
1,468,0,0.829164445400238,
1,469,0,0.8304981589317322,
1,470,0,0.83016437292099,
1,471,0,0.8320465087890625,
1,472,0,0.8259972929954529,
1,473,0,0.8283677101135254,
1,474,0,0.8291586637496948,
1,475,0,0.8310353755950928,
1,476,0,0.8320306539535522,
1,477,0,0.8297569751739502,
1,478,0,0.8266412019729614,
1,479,0,0.8313901424407959,
1,480,0,0.8235708475112915,
1,481,0,0.8274754881858826,
1,482,0,0.8288591504096985,
1,483,0,0.8304965496063232,
1,484,0,0.8344553112983704,
1,485,0,0.8308290243148804,
1,486,0,0.8274911046028137,
1,487,0,0.8264644145965576,
1,488,0,0.82956862449646,
1,489,0,0.8285934925079346,
1,490,0,0.8321874141693115,
1,491,0,0.8259398341178894,
1,492,0,0.827673077583313,
1,493,0,0.8280290365219116,
1,494,0,0.8266196846961975,
1,495,0,0.8302159309387207,
1,496,0,0.8272873163223267,
1,497,0,0.8264394402503967,
1,498,0,0.8281449675559998,
1,499,0,0.8285261392593384,
1,500,0,0.8259745836257935,
1,501,0,0.826821506023407,
1,502,0,0.8267621994018555,
1,503,0,0.8313525915145874,
1,504,0,0.8298333287239075,
1,505,0,0.8300649523735046,
1,506,0,0.8302750587463379,
1,507,0,0.8312220573425293,
1,508,0,0.828147292137146,
1,509,0,0.8326870203018188,
1,510,0,0.8278563022613525,
1,511,0,0.8331409096717834,
1,512,0,0.8262853622436523,
1,513,0,0.8243399858474731,
1,514,0,0.8325310945510864,
1,515,0,0.8274365663528442,
1,516,0,0.8283627033233643,
1,517,0,0.8305412530899048,
1,518,0,0.8266196846961975,
1,519,0,0.8261330127716064,
1,520,0,0.8314743638038635,
1,521,0,0.8284150958061218,
1,522,0,0.8312031030654907,
1,523,0,0.8260985016822815,
1,524,0,0.8260208964347839,
1,525,0,0.8308035135269165,
1,526,0,0.8291274309158325,
1,527,0,0.8338269591331482,
1,528,0,0.8278066515922546,
1,529,0,0.8296337723731995,
1,530,0,0.8309496641159058,
1,531,0,0.8274909853935242,
1,532,0,0.8261670470237732,
1,533,0,0.8325163125991821,
1,534,0,0.8262282013893127,
1,535,0,0.8284857273101807,
1,536,0,0.8297097086906433,
1,537,0,0.8264042735099792,
1,538,0,0.8295845985412598,
1,539,0,0.8262256383895874,
1,540,0,0.8303823471069336,
1,541,0,0.8282972574234009,
1,542,0,0.8324090242385864,
1,543,0,0.8298583626747131,
1,544,0,0.8273096084594727,
1,545,0,0.8293704390525818,
1,546,0,0.8279962539672852,
1,547,0,0.8262961506843567,
1,548,0,0.8341267108917236,
1,549,0,0.8338332176208496,
1,550,0,0.8289433717727661,
1,551,0,0.8274475336074829,
1,552,0,0.8293468952178955,
1,553,0,0.8309956789016724,
1,554,0,0.8286504745483398,
1,555,0,0.8300572633743286,
1,556,0,0.829234778881073,
1,557,0,0.8309372663497925,
1,558,0,0.8275396227836609,
1,559,0,0.8282298445701599,
1,560,0,0.8300942182540894,
1,561,0,0.8273712396621704,
1,562,0,0.8265678286552429,
1,563,0,0.8265324831008911,
1,564,0,0.8292560577392578,
1,565,0,0.8269954919815063,
1,566,0,0.8307083249092102,
1,567,0,0.8290886878967285,
1,568,0,0.827422022819519,
1,569,0,0.8270226716995239,
1,570,0,0.8277169466018677,
1,571,0,0.8276197910308838,
1,572,0,0.831902027130127,
1,573,0,0.8291642665863037,
1,574,0,0.8274190425872803,
1,575,0,0.8251214027404785,
1,576,0,0.8254209756851196,
1,577,0,0.8261559009552002,
1,578,0,0.8273054957389832,
1,579,0,0.8271772861480713,
1,580,0,0.828396737575531,
1,581,0,0.8299399614334106,
1,582,0,0.8257923126220703,
1,583,0,0.8286270499229431,
1,584,0,0.8252183198928833,
1,585,0,0.8292814493179321,
1,586,0,0.8233620524406433,
1,587,0,0.8249865770339966,
1,588,0,0.8314352631568909,
1,589,0,0.8301091194152832,
1,590,0,0.8264235854148865,
1,591,0,0.8265237808227539,
1,592,0,0.8305214643478394,
1,593,0,0.8291112780570984,
1,594,0,0.8284264802932739,
1,595,0,0.8273007869720459,
1,596,0,0.8253995776176453,
1,597,0,0.8289153575897217,
1,598,0,0.8278525471687317,
1,599,0,0.8335810303688049,
1,600,0,0.8279784917831421,
1,601,0,0.8277541399002075,
1,602,0,0.8290398716926575,
1,603,0,0.8320344686508179,
1,604,0,0.8300943374633789,
1,val,,,0.8270860091845195
2,0,0,0.8284586668014526,
2,1,0,0.8312020897865295,
2,2,0,0.8312693238258362,
2,3,0,0.8302915096282959,
2,4,0,0.8262110948562622,
2,5,0,0.8279189467430115,
2,6,0,0.8304350972175598,
2,7,0,0.8269081115722656,
2,8,0,0.8241031169891357,
2,9,0,0.8267340064048767,
2,10,0,0.8283273577690125,
2,11,0,0.8251577615737915,
2,12,0,0.8256497383117676,
2,13,0,0.82923424243927,
2,14,0,0.8283559679985046,
2,15,0,0.8262592554092407,
2,16,0,0.8251838684082031,
2,17,0,0.8249704241752625,
2,18,0,0.8283653855323792,
2,19,0,0.8269367218017578,
2,20,0,0.8247624039649963,
2,21,0,0.8270460367202759,
2,22,0,0.8294656872749329,
2,23,0,0.8257905840873718,
2,24,0,0.8277614116668701,
2,25,0,0.8236116766929626,
2,26,0,0.8240768909454346,
2,27,0,0.8285433650016785,
2,28,0,0.8241232633590698,
2,29,0,0.8306807279586792,
2,30,0,0.8276731967926025,
2,31,0,0.828029990196228,
2,32,0,0.8249576687812805,
2,33,0,0.8316585421562195,
2,34,0,0.8263185024261475,
2,35,0,0.8233973383903503,
2,36,0,0.8262001276016235,
2,37,0,0.8261644244194031,
2,38,0,0.8264275789260864,
2,39,0,0.8308533430099487,
2,40,0,0.8253492712974548,
2,41,0,0.8299463391304016,
2,42,0,0.8321718573570251,
2,43,0,0.8283581733703613,
2,44,0,0.8302791118621826,
2,45,0,0.82289057970047,
2,46,0,0.8286769986152649,
2,47,0,0.8262925744056702,
2,48,0,0.8268301486968994,
2,49,0,0.831322431564331,
2,50,0,0.8284828066825867,
2,51,0,0.8321899175643921,
2,52,0,0.8344810009002686,
2,53,0,0.8327443599700928,
2,54,0,0.8282783627510071,
2,55,0,0.8315454721450806,
2,56,0,0.8307778835296631,
2,57,0,0.8258164525032043,
2,58,0,0.8327726125717163,
2,59,0,0.8257648944854736,
2,60,0,0.8332107663154602,
2,61,0,0.8292536735534668,
2,62,0,0.8279543519020081,
2,63,0,0.8275138139724731,
2,64,0,0.828315019607544,
2,65,0,0.8259989619255066,
2,66,0,0.8273518681526184,
2,67,0,0.8280280828475952,
2,68,0,0.8297971487045288,
2,69,0,0.8250695466995239,
2,70,0,0.8239174485206604,
2,71,0,0.8306471705436707,
2,72,0,0.8250491619110107,
2,73,0,0.8285823464393616,
2,74,0,0.8258823752403259,
2,75,0,0.8270692229270935,
2,76,0,0.8267771005630493,
2,77,0,0.824753999710083,
2,78,0,0.8332966566085815,
2,79,0,0.8264809250831604,
2,80,0,0.8285683393478394,
2,81,0,0.8280153274536133,
2,82,0,0.8272596001625061,
2,83,0,0.8285450339317322,
2,84,0,0.82282555103302,
2,85,0,0.82947838306427,
2,86,0,0.828029990196228,
2,87,0,0.8289190530776978,
2,88,0,0.8280137777328491,
2,89,0,0.8286972641944885,
2,90,0,0.8255772590637207,
2,91,0,0.8275690674781799,
2,92,0,0.8256229162216187,
2,93,0,0.8283539414405823,
2,94,0,0.829377293586731,
2,95,0,0.8264049291610718,
2,96,0,0.8261415958404541,
2,97,0,0.8291322588920593,
2,98,0,0.8294515013694763,
2,99,0,0.8274851441383362,
2,100,0,0.8261712193489075,
2,101,0,0.8286036252975464,
2,102,0,0.8267151117324829,
2,103,0,0.8308954834938049,
2,104,0,0.8308514356613159,
2,105,0,0.8338544368743896,
2,106,0,0.8269708752632141,
2,107,0,0.8311151266098022,
2,108,0,0.8281506299972534,
2,109,0,0.8289998769760132,
2,110,0,0.826697587966919,
2,111,0,0.8299609422683716,
2,112,0,0.8285651206970215,
2,113,0,0.8336623311042786,
2,114,0,0.8316259384155273,
2,115,0,0.8277369141578674,
2,116,0,0.8266997337341309,
2,117,0,0.8271307349205017,
2,118,0,0.8288542628288269,
2,119,0,0.826879620552063,
2,120,0,0.8296005725860596,
2,121,0,0.8278600573539734,
2,122,0,0.8298685550689697,
2,123,0,0.8256309628486633,
2,124,0,0.8274900913238525,
2,125,0,0.8270231485366821,
2,126,0,0.8275338411331177,
2,127,0,0.8275209069252014,
2,128,0,0.8248755931854248,
2,129,0,0.8256286978721619,
2,130,0,0.8270498514175415,
2,131,0,0.8281723856925964,
2,132,0,0.8254541158676147,
2,133,0,0.8270192742347717,
2,134,0,0.8269699811935425,
2,135,0,0.829891562461853,
2,136,0,0.8276576399803162,
2,137,0,0.8261868357658386,
2,138,0,0.8260985612869263,
2,139,0,0.8302234411239624,
2,140,0,0.831332802772522,
2,141,0,0.8269710540771484,
2,142,0,0.8275753259658813,
2,143,0,0.8299657106399536,
2,144,0,0.8271092772483826,
2,145,0,0.8263624906539917,
2,146,0,0.828421413898468,
2,147,0,0.8248893022537231,
2,148,0,0.8283607959747314,
2,149,0,0.8270413875579834,
2,150,0,0.8283132314682007,
2,151,0,0.8276207447052002,
2,152,0,0.8272785544395447,
2,153,0,0.8268575668334961,
2,154,0,0.8289824724197388,
2,155,0,0.8266086578369141,
2,156,0,0.8269258737564087,
2,157,0,0.8275415301322937,
2,158,0,0.8291864395141602,
2,159,0,0.8259353637695312,
2,160,0,0.8225426077842712,
2,161,0,0.8286572694778442,
2,162,0,0.8253780007362366,
2,163,0,0.8279646635055542,
2,164,0,0.8282682299613953,
2,165,0,0.8229166865348816,
2,166,0,0.831961989402771,
2,167,0,0.8262195587158203,
2,168,0,0.8292977809906006,
2,169,0,0.8254290819168091,
2,170,0,0.827788770198822,
2,171,0,0.8221161365509033,
2,172,0,0.8332525491714478,
2,173,0,0.8261692523956299,
2,174,0,0.8264215588569641,
2,175,0,0.833836555480957,
2,176,0,0.8252997398376465,
2,177,0,0.8299679160118103,
2,178,0,0.8260601162910461,
2,179,0,0.825027585029602,
2,180,0,0.8282215595245361,
2,181,0,0.8248713612556458,
2,182,0,0.8278805017471313,
2,183,0,0.8272924423217773,
2,184,0,0.827910840511322,
2,185,0,0.8294256329536438,
2,186,0,0.8247973918914795,
2,187,0,0.8265255093574524,
2,188,0,0.8256440758705139,
2,189,0,0.8272565007209778,
2,190,0,0.8251577615737915,
2,191,0,0.8269909024238586,
2,192,0,0.8244192600250244,
2,193,0,0.8284934163093567,
2,194,0,0.8251379132270813,
2,195,0,0.8296704292297363,
2,196,0,0.822955846786499,
2,197,0,0.825715184211731,
2,198,0,0.8280508518218994,
2,199,0,0.8248434662818909,
2,200,0,0.8269056081771851,
2,201,0,0.8278335332870483,
2,202,0,0.8252795934677124,
2,203,0,0.827125072479248,
2,204,0,0.8262660503387451,
2,205,0,0.8272315263748169,
2,206,0,0.8273987174034119,
2,207,0,0.8238476514816284,
2,208,0,0.8282585740089417,
2,209,0,0.8275237083435059,
2,210,0,0.8329227566719055,
2,211,0,0.8285854458808899,
2,212,0,0.8268330097198486,
2,213,0,0.8243750333786011,
2,214,0,0.8270962834358215,
2,215,0,0.8275907039642334,
2,216,0,0.831762433052063,
2,217,0,0.8257364630699158,
2,218,0,0.8233485221862793,
2,219,0,0.8304093480110168,
2,220,0,0.8275937438011169,
2,221,0,0.8290044069290161,
2,222,0,0.8274540901184082,
2,223,0,0.8254391551017761,
2,224,0,0.8283543586730957,
2,225,0,0.8285553455352783,
2,226,0,0.8243764638900757,
2,227,0,0.8271404504776001,
2,228,0,0.8285489678382874,
2,229,0,0.8280652761459351,
2,230,0,0.8257030248641968,
2,231,0,0.8257455229759216,
2,232,0,0.8260632157325745,
2,233,0,0.8286563754081726,
2,234,0,0.8279458284378052,
2,235,0,0.8242415189743042,
2,236,0,0.8217551112174988,
2,237,0,0.8283853530883789,
2,238,0,0.8299086093902588,
2,239,0,0.8303722143173218,
2,240,0,0.8280033469200134,
2,241,0,0.8278660774230957,
2,242,0,0.8253636360168457,
2,243,0,0.8248670101165771,
2,244,0,0.826617956161499,
2,245,0,0.828108012676239,
2,246,0,0.8270502686500549,
2,247,0,0.8284263014793396,
2,248,0,0.8297678828239441,
2,249,0,0.8287146091461182,
2,250,0,0.8246268033981323,
2,251,0,0.8261411190032959,
2,252,0,0.8283305168151855,
2,253,0,0.826744019985199,
2,254,0,0.8257098197937012,
2,255,0,0.8289272785186768,
2,256,0,0.8279510140419006,
2,257,0,0.8275665640830994,
2,258,0,0.8284268379211426,
2,259,0,0.8278646469116211,
2,260,0,0.827214777469635,
2,261,0,0.8259462118148804,
2,262,0,0.8263930678367615,
2,263,0,0.8285840153694153,
2,264,0,0.8225482702255249,
2,265,0,0.8266515135765076,
2,266,0,0.8282899856567383,
2,267,0,0.8272490501403809,
2,268,0,0.8266667723655701,
2,269,0,0.8210167288780212,
2,270,0,0.8282404541969299,
2,271,0,0.8294084072113037,
2,272,0,0.8297069072723389,
2,273,0,0.8315427303314209,
2,274,0,0.8275462985038757,
2,275,0,0.8259637355804443,
2,276,0,0.8265040516853333,
2,277,0,0.8291893005371094,
2,278,0,0.8249120116233826,
2,279,0,0.8303369283676147,
2,280,0,0.8295427560806274,
2,281,0,0.8271538615226746,
2,282,0,0.8278331160545349,
2,283,0,0.8270925283432007,
2,284,0,0.8258746266365051,
2,285,0,0.8267732858657837,
2,286,0,0.8282315135002136,
2,287,0,0.8269736170768738,
2,288,0,0.8233340382575989,
2,289,0,0.8267685770988464,
2,290,0,0.8250247240066528,
2,291,0,0.8250872492790222,
2,292,0,0.8284788131713867,
2,293,0,0.830955445766449,
2,294,0,0.8280608654022217,
2,295,0,0.826345682144165,
2,296,0,0.8243048787117004,
2,297,0,0.8233436346054077,
2,298,0,0.8247318863868713,
2,299,0,0.8295294046401978,
2,300,0,0.827767550945282,
2,301,0,0.8275178670883179,
2,302,0,0.8294790387153625,
2,303,0,0.8221360445022583,
2,304,0,0.8291317820549011,
2,305,0,0.8277530074119568,
2,306,0,0.8249714970588684,
2,307,0,0.8282583355903625,
2,308,0,0.8234544992446899,
2,309,0,0.8293077349662781,
2,310,0,0.8236094117164612,
2,311,0,0.8279787302017212,
2,312,0,0.8264650702476501,
2,313,0,0.8269550800323486,
2,314,0,0.8282057046890259,
2,315,0,0.8272700309753418,
2,316,0,0.8260260820388794,
2,317,0,0.8283106088638306,
2,318,0,0.827103853225708,
2,319,0,0.8276334404945374,
2,320,0,0.824213981628418,
2,321,0,0.8253742456436157,
2,322,0,0.8332458734512329,
2,323,0,0.8276450634002686,
2,324,0,0.8263007998466492,
2,325,0,0.8291240334510803,
2,326,0,0.8274006247520447,
2,327,0,0.8263633251190186,
2,328,0,0.8286358118057251,
2,329,0,0.8263252973556519,
2,330,0,0.825191855430603,
2,331,0,0.8272099494934082,
2,332,0,0.8269851803779602,
2,333,0,0.8297320604324341,
2,334,0,0.8229693174362183,
2,335,0,0.8250523805618286,
2,336,0,0.8245469331741333,
2,337,0,0.824683427810669,
2,338,0,0.8274978399276733,
2,339,0,0.8283094167709351,
2,340,0,0.8284232020378113,
2,341,0,0.8272849321365356,
2,342,0,0.8264263272285461,
2,343,0,0.8260738849639893,
2,344,0,0.8300901055335999,
2,345,0,0.8249303102493286,
2,346,0,0.828242301940918,
2,347,0,0.827295184135437,
2,348,0,0.8309072852134705,
2,349,0,0.8254345655441284,
2,350,0,0.8260934352874756,
2,351,0,0.829664945602417,
2,352,0,0.8287122845649719,
2,353,0,0.8265122771263123,
2,354,0,0.832204282283783,
2,355,0,0.8293742537498474,
2,356,0,0.8272461295127869,
2,357,0,0.8278487920761108,
2,358,0,0.8284823298454285,
2,359,0,0.8292766213417053,
2,360,0,0.8259257674217224,
2,361,0,0.8272244334220886,
2,362,0,0.8241775035858154,
2,363,0,0.8268213868141174,
2,364,0,0.8238850831985474,
2,365,0,0.8244225382804871,
2,366,0,0.8274741172790527,
2,367,0,0.8257516622543335,
2,368,0,0.8299379348754883,
2,369,0,0.8290983438491821,
2,370,0,0.8278207182884216,
2,371,0,0.8255852460861206,
2,372,0,0.8276758193969727,
2,373,0,0.825439453125,
2,374,0,0.8280220031738281,
2,375,0,0.8278321027755737,
2,376,0,0.8258863687515259,
2,377,0,0.8286404013633728,
2,378,0,0.8249536156654358,
2,379,0,0.8277199268341064,
2,380,0,0.8273751139640808,
2,381,0,0.825627863407135,
2,382,0,0.8273284435272217,
2,383,0,0.8239333629608154,
2,384,0,0.821139931678772,
2,385,0,0.828609049320221,
2,386,0,0.8226004838943481,
2,387,0,0.8262730836868286,
2,388,0,0.8230915665626526,
2,389,0,0.8254627585411072,
2,390,0,0.8242473602294922,
2,391,0,0.8296239376068115,
2,392,0,0.8290111422538757,
2,393,0,0.8276780843734741,
2,394,0,0.8250882625579834,
2,395,0,0.8286411762237549,
2,396,0,0.8294452428817749,
2,397,0,0.8276174664497375,
2,398,0,0.8282546401023865,
2,399,0,0.8263466358184814,
2,400,0,0.8309949040412903,
2,401,0,0.82981276512146,
2,402,0,0.8305405378341675,
2,403,0,0.8266610503196716,
2,404,0,0.8268681168556213,
2,405,0,0.8297192454338074,
2,406,0,0.8261825442314148,
2,407,0,0.8226855993270874,
2,408,0,0.8229159116744995,
2,409,0,0.8242533206939697,
2,410,0,0.8276495933532715,
2,411,0,0.8267148733139038,
2,412,0,0.829393744468689,
2,413,0,0.8268861770629883,
2,414,0,0.8247856497764587,
2,415,0,0.8263441920280457,
2,416,0,0.8277984857559204,
2,417,0,0.82789146900177,
2,418,0,0.8235043883323669,
2,419,0,0.8248770236968994,
2,420,0,0.827945351600647,
2,421,0,0.8299112915992737,
2,422,0,0.8282856345176697,
2,423,0,0.8301715850830078,
2,424,0,0.8273959159851074,
2,425,0,0.8260108232498169,
2,426,0,0.8272827863693237,
2,427,0,0.8243824243545532,
2,428,0,0.8266900181770325,
2,429,0,0.8284510970115662,
2,430,0,0.8299708962440491,
2,431,0,0.8267898559570312,
2,432,0,0.8286301493644714,
2,433,0,0.8275741338729858,
2,434,0,0.8299480676651001,
2,435,0,0.8259755969047546,
2,436,0,0.8285043239593506,
2,437,0,0.8279812335968018,
2,438,0,0.8296336531639099,
2,439,0,0.8244385719299316,
2,440,0,0.8258759379386902,
2,441,0,0.8258637189865112,
2,442,0,0.825706422328949,
2,443,0,0.8243749737739563,
2,444,0,0.824181318283081,
2,445,0,0.828403115272522,
2,446,0,0.8257561326026917,
2,447,0,0.8238347172737122,
2,448,0,0.8234784603118896,
2,449,0,0.8246210813522339,
2,450,0,0.8263702392578125,
2,451,0,0.8255613446235657,
2,452,0,0.8257536292076111,
2,453,0,0.8304944038391113,
2,454,0,0.8292171955108643,
2,455,0,0.8258007764816284,
2,456,0,0.8265588283538818,
2,457,0,0.8264305591583252,
2,458,0,0.8258705735206604,
2,459,0,0.8268817067146301,
2,460,0,0.827078640460968,
2,461,0,0.8221704959869385,
2,462,0,0.8258411288261414,
2,463,0,0.8283625245094299,
2,464,0,0.8274673819541931,
2,465,0,0.8258821368217468,
2,466,0,0.8300796151161194,
2,467,0,0.8271018862724304,
2,468,0,0.8282263278961182,
2,469,0,0.8272625207901001,
2,470,0,0.8276721835136414,
2,471,0,0.8264040946960449,
2,472,0,0.8256065845489502,
2,473,0,0.8276851177215576,
2,474,0,0.8263015151023865,
2,475,0,0.8284872770309448,
2,476,0,0.8284648656845093,
2,477,0,0.8258622884750366,
2,478,0,0.8239885568618774,
2,479,0,0.8274270296096802,
2,480,0,0.8210507035255432,
2,481,0,0.826903760433197,
2,482,0,0.8243160247802734,
2,483,0,0.8299314379692078,
2,484,0,0.831685483455658,
2,485,0,0.8265208601951599,
2,486,0,0.8243252038955688,
2,487,0,0.8253946304321289,
2,488,0,0.8258703351020813,
2,489,0,0.8269305229187012,
2,490,0,0.8287367820739746,
2,491,0,0.8236583471298218,
2,492,0,0.8258460164070129,
2,493,0,0.8265072107315063,
2,494,0,0.8252174258232117,
2,495,0,0.8270089626312256,
2,496,0,0.8257783055305481,
2,497,0,0.8249505758285522,
2,498,0,0.8263118267059326,
2,499,0,0.8268731236457825,
2,500,0,0.8199708461761475,
2,501,0,0.824523389339447,
2,502,0,0.8248426914215088,
2,503,0,0.8282871842384338,
2,504,0,0.8254092931747437,
2,505,0,0.8272112607955933,
2,506,0,0.8269546031951904,
2,507,0,0.8283483386039734,
2,508,0,0.8267250657081604,
2,509,0,0.8305453658103943,
2,510,0,0.8241099715232849,
2,511,0,0.8312575221061707,
2,512,0,0.824245274066925,
2,513,0,0.8214865326881409,
2,514,0,0.8290890455245972,
2,515,0,0.8244552612304688,
2,516,0,0.8257686495780945,
2,517,0,0.8265149593353271,
2,518,0,0.8252263069152832,
2,519,0,0.8279403448104858,
2,520,0,0.8252292275428772,
2,521,0,0.8245497941970825,
2,522,0,0.8283706903457642,
2,523,0,0.8238884210586548,
2,524,0,0.8236639499664307,
2,525,0,0.8272415995597839,
2,526,0,0.8273080587387085,
2,527,0,0.8307644128799438,
2,528,0,0.8268623352050781,
2,529,0,0.8274756073951721,
2,530,0,0.8272455930709839,
2,531,0,0.8231863975524902,
2,532,0,0.8237674236297607,
2,533,0,0.8288820385932922,
2,534,0,0.8247541785240173,
2,535,0,0.824667751789093,
2,536,0,0.8261537551879883,
2,537,0,0.825873613357544,
2,538,0,0.8246192336082458,
2,539,0,0.8250463604927063,
2,540,0,0.8298935890197754,
2,541,0,0.8258723616600037,
2,542,0,0.8296635150909424,
2,543,0,0.8259124159812927,
2,544,0,0.8234566450119019,
2,545,0,0.8266270160675049,
2,546,0,0.8265841007232666,
2,547,0,0.8238354921340942,
2,548,0,0.8307660818099976,
2,549,0,0.8294210433959961,
2,550,0,0.8267086148262024,
2,551,0,0.8247033357620239,
2,552,0,0.825670063495636,
2,553,0,0.8280096054077148,
2,554,0,0.8267641067504883,
2,555,0,0.826902449131012,
2,556,0,0.8265109062194824,
2,557,0,0.8277904391288757,
2,558,0,0.8270015716552734,
2,559,0,0.8236924409866333,
2,560,0,0.827553927898407,
2,561,0,0.8235795497894287,
2,562,0,0.8252475261688232,
2,563,0,0.8254596590995789,
2,564,0,0.8271424770355225,
2,565,0,0.8247955441474915,
2,566,0,0.8286862969398499,
2,567,0,0.824873685836792,
2,568,0,0.8233247995376587,
2,569,0,0.826348066329956,
2,570,0,0.8236109018325806,
2,571,0,0.8248392343521118,
2,572,0,0.82915198802948,
2,573,0,0.8266280889511108,
2,574,0,0.8256921172142029,
2,575,0,0.8211917281150818,
2,576,0,0.8209775686264038,
2,577,0,0.8228415250778198,
2,578,0,0.8249784708023071,
2,579,0,0.825543999671936,
2,580,0,0.8260575532913208,
2,581,0,0.8288317322731018,
2,582,0,0.823742151260376,
2,583,0,0.8245161771774292,
2,584,0,0.8248623609542847,
2,585,0,0.8274348378181458,
2,586,0,0.8222953081130981,
2,587,0,0.8252401351928711,
2,588,0,0.8262159824371338,
2,589,0,0.825471043586731,
2,590,0,0.8232647776603699,
2,591,0,0.8228555917739868,
2,592,0,0.8284887075424194,
2,593,0,0.8246363401412964,
2,594,0,0.8243957757949829,
2,595,0,0.8269668817520142,
2,596,0,0.8256884217262268,
2,597,0,0.8249638080596924,
2,598,0,0.8232542276382446,
2,599,0,0.831048309803009,
2,600,0,0.8273823261260986,
2,601,0,0.8224949240684509,
2,602,0,0.8244203329086304,
2,603,0,0.8303892612457275,
2,604,0,0.8264521360397339,
2,val,,,0.8250129707654317
3,0,0,0.8269104957580566,
3,1,0,0.828260600566864,
3,2,0,0.8264510631561279,
3,3,0,0.8284399509429932,
3,4,0,0.8255687355995178,
3,5,0,0.826370120048523,
3,6,0,0.8290269374847412,
3,7,0,0.8251878619194031,
3,8,0,0.8218672871589661,
3,9,0,0.8244033455848694,
3,10,0,0.8236939907073975,
3,11,0,0.8249491453170776,
3,12,0,0.8190599083900452,
3,13,0,0.8271692395210266,
3,14,0,0.8251885771751404,
3,15,0,0.822806179523468,
3,16,0,0.8242877721786499,
3,17,0,0.8257120847702026,
3,18,0,0.8261953592300415,
3,19,0,0.8238710165023804,
3,20,0,0.8246369361877441,
3,21,0,0.8270738124847412,
3,22,0,0.826875627040863,
3,23,0,0.8227924108505249,
3,24,0,0.8255736827850342,
3,25,0,0.8215845823287964,
3,26,0,0.8223199844360352,
3,27,0,0.8230321407318115,
3,28,0,0.8232362270355225,
3,29,0,0.829285204410553,
3,30,0,0.8240066766738892,
3,31,0,0.824803352355957,
3,32,0,0.8221050500869751,
3,33,0,0.8284320831298828,
3,34,0,0.8240156769752502,
3,35,0,0.8222085237503052,
3,36,0,0.8234636187553406,
3,37,0,0.822312593460083,
3,38,0,0.8234820365905762,
3,39,0,0.8255318403244019,
3,40,0,0.8238404989242554,
3,41,0,0.8290753960609436,
3,42,0,0.8273282051086426,
3,43,0,0.8267825245857239,
3,44,0,0.8286380767822266,
3,45,0,0.8210134506225586,
3,46,0,0.8272871375083923,
3,47,0,0.8237385153770447,
3,48,0,0.8261105418205261,
3,49,0,0.8281275629997253,
3,50,0,0.82611083984375,
3,51,0,0.8305068016052246,
3,52,0,0.8305119872093201,
3,53,0,0.8288986682891846,
3,54,0,0.8251610994338989,
3,55,0,0.8280553817749023,
3,56,0,0.8237115144729614,
3,57,0,0.823252260684967,
3,58,0,0.830635666847229,
3,59,0,0.8266080021858215,
3,60,0,0.8307337760925293,
3,61,0,0.8252660036087036,
3,62,0,0.8251016139984131,
3,63,0,0.826541543006897,
3,64,0,0.8249200582504272,
3,65,0,0.8253188133239746,
3,66,0,0.8228979110717773,
3,67,0,0.8268550634384155,
3,68,0,0.8292748928070068,
3,69,0,0.8263887763023376,
3,70,0,0.819568395614624,
3,71,0,0.8258717060089111,
3,72,0,0.8219699859619141,
3,73,0,0.8241024017333984,
3,74,0,0.8235403299331665,
3,75,0,0.8248730301856995,
3,76,0,0.824016809463501,
3,77,0,0.8222762942314148,
3,78,0,0.8279649615287781,
3,79,0,0.8204392790794373,
3,80,0,0.8251492977142334,
3,81,0,0.824935257434845,
3,82,0,0.8255876302719116,
3,83,0,0.8256480097770691,
3,84,0,0.8215092420578003,
3,85,0,0.8265241980552673,
3,86,0,0.8240005373954773,
3,87,0,0.8266280889511108,
3,88,0,0.8240013122558594,
3,89,0,0.8246775269508362,
3,90,0,0.8236469030380249,
3,91,0,0.824543833732605,
3,92,0,0.8241935968399048,
3,93,0,0.8276275992393494,
3,94,0,0.8268041610717773,
3,95,0,0.8193947672843933,
3,96,0,0.8253403306007385,
3,97,0,0.8223406076431274,
3,98,0,0.8259618282318115,
3,99,0,0.8247357606887817,
3,100,0,0.8233798742294312,
3,101,0,0.8270615339279175,
3,102,0,0.8212993144989014,
3,103,0,0.8270094990730286,
3,104,0,0.8272125720977783,
3,105,0,0.832233190536499,
3,106,0,0.8231449127197266,
3,107,0,0.8286300897598267,
3,108,0,0.8254915475845337,
3,109,0,0.8275090456008911,
3,110,0,0.8237367868423462,
3,111,0,0.8283792734146118,
3,112,0,0.8239760398864746,
3,113,0,0.8299201726913452,
3,114,0,0.827529788017273,
3,115,0,0.8211058378219604,
3,116,0,0.8197279572486877,
3,117,0,0.8239754438400269,
3,118,0,0.8265693187713623,
3,119,0,0.8243083953857422,
3,120,0,0.82667475938797,
3,121,0,0.825035572052002,
3,122,0,0.8210935592651367,
3,123,0,0.8195559978485107,
3,124,0,0.8234410285949707,
3,125,0,0.819375216960907,
3,126,0,0.8254790306091309,
3,127,0,0.8233429789543152,
3,128,0,0.8230696320533752,
3,129,0,0.8217241764068604,
3,130,0,0.8257376551628113,
3,131,0,0.8293519020080566,
3,132,0,0.8220551013946533,
3,133,0,0.8223114609718323,
3,134,0,0.8226977586746216,
3,135,0,0.8236984610557556,
3,136,0,0.8269710540771484,
3,137,0,0.8232905864715576,
3,138,0,0.8243608474731445,
3,139,0,0.8275091648101807,
3,140,0,0.8290342688560486,
3,141,0,0.8228239417076111,
3,142,0,0.8175604343414307,
3,143,0,0.8247811198234558,
3,144,0,0.8238427639007568,
3,145,0,0.8186595439910889,
3,146,0,0.8263543248176575,
3,147,0,0.8268628716468811,
3,148,0,0.8202340602874756,
3,149,0,0.8187479972839355,
3,150,0,0.8281781673431396,
3,151,0,0.8232868909835815,
3,152,0,0.8236154913902283,
3,153,0,0.821685254573822,
3,154,0,0.828917384147644,
3,155,0,0.8298469185829163,
3,156,0,0.8234055638313293,
3,157,0,0.8260462284088135,
3,158,0,0.8203774690628052,
3,159,0,0.8209430575370789,
3,160,0,0.8183910846710205,
3,161,0,0.8265297412872314,
3,162,0,0.8230759501457214,
3,163,0,0.8269006609916687,
3,164,0,0.8234960436820984,
3,165,0,0.8224800825119019,
3,166,0,0.8302080631256104,
3,167,0,0.8257923126220703,
3,168,0,0.8265208601951599,
3,169,0,0.8172022700309753,
3,170,0,0.8185572028160095,
3,171,0,0.8230975270271301,
3,172,0,0.8310104012489319,
3,173,0,0.8200926780700684,
3,174,0,0.819062352180481,
3,175,0,0.8292211890220642,
3,176,0,0.824356198310852,
3,177,0,0.8288173675537109,
3,178,0,0.8272088766098022,
3,179,0,0.8214479684829712,
3,180,0,0.8292796015739441,
3,181,0,0.8215795755386353,
3,182,0,0.8223075270652771,
3,183,0,0.8205423355102539,
3,184,0,0.8264428377151489,
3,185,0,0.8278592824935913,
3,186,0,0.8246986269950867,
3,187,0,0.8261245489120483,
3,188,0,0.823559045791626,
3,189,0,0.8226536512374878,
3,190,0,0.8161903619766235,
3,191,0,0.8198204040527344,
3,192,0,0.8206735849380493,
3,193,0,0.822725236415863,
3,194,0,0.8226584196090698,
3,195,0,0.8236710429191589,
3,196,0,0.8149381875991821,
3,197,0,0.8207205533981323,
3,198,0,0.8202672004699707,
3,199,0,0.8266094923019409,
3,200,0,0.8245665431022644,
3,201,0,0.8228873014450073,
3,202,0,0.8272170424461365,
3,203,0,0.8275436162948608,
3,204,0,0.8263806104660034,
3,205,0,0.8297059535980225,
3,206,0,0.8210549354553223,
3,207,0,0.8194483518600464,
3,208,0,0.8266369104385376,
3,209,0,0.8244928121566772,
3,210,0,0.8297165632247925,
3,211,0,0.8202720880508423,
3,212,0,0.827579140663147,
3,213,0,0.8207308053970337,
3,214,0,0.8266036510467529,
3,215,0,0.8195566534996033,
3,216,0,0.8313232660293579,
3,217,0,0.8282728791236877,
3,218,0,0.8167734146118164,
3,219,0,0.8232724070549011,
3,220,0,0.8219939470291138,
3,221,0,0.8267411589622498,
3,222,0,0.8166354298591614,
3,223,0,0.818508505821228,
3,224,0,0.8285456299781799,
3,225,0,0.8148975372314453,
3,226,0,0.8207671046257019,
3,227,0,0.8226350545883179,
3,228,0,0.831108033657074,
3,229,0,0.8298423886299133,
3,230,0,0.8240544199943542,
3,231,0,0.8161351084709167,
3,232,0,0.8221499919891357,
3,233,0,0.827175498008728,
3,234,0,0.8248645067214966,
3,235,0,0.8222201466560364,
3,236,0,0.8123724460601807,
3,237,0,0.824997067451477,
3,238,0,0.8276347517967224,
3,239,0,0.8301081657409668,
3,240,0,0.8211289048194885,
3,241,0,0.8259775042533875,
3,242,0,0.8206459283828735,
3,243,0,0.8211418390274048,
3,244,0,0.8187878131866455,
3,245,0,0.8276479840278625,
3,246,0,0.8233008980751038,
3,247,0,0.8285134434700012,
3,248,0,0.8260335326194763,
3,249,0,0.8231966495513916,
3,250,0,0.8215522170066833,
3,251,0,0.8289197087287903,
3,252,0,0.8272831439971924,
3,253,0,0.8157610297203064,
3,254,0,0.8110275864601135,
3,255,0,0.8268145322799683,
3,256,0,0.8254159688949585,
3,257,0,0.824836015701294,
3,258,0,0.8225446939468384,
3,259,0,0.8272317051887512,
3,260,0,0.8185813426971436,
3,261,0,0.8194260001182556,
3,262,0,0.8170951008796692,
3,263,0,0.8294632434844971,
3,264,0,0.8168666362762451,
3,265,0,0.8139687776565552,
3,266,0,0.8192101120948792,
3,267,0,0.8224306702613831,
3,268,0,0.8257905840873718,
3,269,0,0.8185819387435913,
3,270,0,0.8275455832481384,
3,271,0,0.8212710022926331,
3,272,0,0.8266885280609131,
3,273,0,0.8284620046615601,
3,274,0,0.8259438276290894,
3,275,0,0.8105165958404541,
3,276,0,0.8260954022407532,
3,277,0,0.8253718614578247,
3,278,0,0.8106343150138855,
3,279,0,0.8207416534423828,
3,280,0,0.8267486095428467,
3,281,0,0.8215476870536804,
3,282,0,0.828824520111084,
3,283,0,0.8156771659851074,
3,284,0,0.8191629648208618,
3,285,0,0.8251773715019226,
3,286,0,0.8243972659111023,
3,287,0,0.8220630288124084,
3,288,0,0.8240038156509399,
3,289,0,0.8166068196296692,
3,290,0,0.8246711492538452,
3,291,0,0.8243054151535034,
3,292,0,0.8239926099777222,
3,293,0,0.8206013441085815,
3,294,0,0.8259553909301758,
3,295,0,0.8127164840698242,
3,296,0,0.8140561580657959,
3,297,0,0.8241634964942932,
3,298,0,0.8180732131004333,
3,299,0,0.8260881900787354,
3,300,0,0.8189181089401245,
3,301,0,0.8233712315559387,
3,302,0,0.8360679149627686,
3,303,0,0.818831741809845,
3,304,0,0.8250070810317993,
3,305,0,0.8283050656318665,
3,306,0,0.8152415752410889,
3,307,0,0.819951057434082,
3,308,0,0.8219289779663086,
3,309,0,0.8187607526779175,
3,310,0,0.8138877749443054,
3,311,0,0.8160600066184998,
3,312,0,0.8219736814498901,
3,313,0,0.8215495944023132,
3,314,0,0.8205634951591492,
3,315,0,0.8238266110420227,
3,316,0,0.8213999271392822,
3,317,0,0.8253494501113892,
3,318,0,0.8270896673202515,
3,319,0,0.8260800242424011,
3,320,0,0.813174843788147,
3,321,0,0.8035681247711182,
3,322,0,0.82927006483078,
3,323,0,0.8264815211296082,
3,324,0,0.8228698968887329,
3,325,0,0.827180027961731,
3,326,0,0.8268315196037292,
3,327,0,0.8150014877319336,
3,328,0,0.8200674057006836,
3,329,0,0.8180992603302002,
3,330,0,0.82295823097229,
3,331,0,0.8181999921798706,
3,332,0,0.8243585228919983,
3,333,0,0.8284007906913757,
3,334,0,0.8142976760864258,
3,335,0,0.8234237432479858,
3,336,0,0.8217573761940002,
3,337,0,0.8076398372650146,
3,338,0,0.8255681991577148,
3,339,0,0.8293538093566895,
3,340,0,0.8260875344276428,
3,341,0,0.8204801678657532,
3,342,0,0.8232909440994263,
3,343,0,0.8235040903091431,
3,344,0,0.8265542387962341,
3,345,0,0.8115378618240356,
3,346,0,0.8188220858573914,
3,347,0,0.8241175413131714,
3,348,0,0.8285812139511108,
3,349,0,0.8246637582778931,
3,350,0,0.8138862252235413,
3,351,0,0.8239573240280151,
3,352,0,0.8244695067405701,
3,353,0,0.8195245265960693,
3,354,0,0.8314132690429688,
3,355,0,0.8152527213096619,
3,356,0,0.8353070020675659,
3,357,0,0.8282521963119507,
3,358,0,0.8264660239219666,
3,359,0,0.8217924237251282,
3,360,0,0.8221015334129333,
3,361,0,0.8177554607391357,
3,362,0,0.8225570321083069,
3,363,0,0.8231311440467834,
3,364,0,0.8148818016052246,
3,365,0,0.8149775862693787,
3,366,0,0.8178757429122925,
3,367,0,0.811102032661438,
3,368,0,0.8251461386680603,
3,369,0,0.8226621150970459,
3,370,0,0.8204039335250854,
3,371,0,0.8338850140571594,
3,372,0,0.8211181163787842,
3,373,0,0.8221383690834045,
3,374,0,0.8146839141845703,
3,375,0,0.8137669563293457,
3,376,0,0.8231862187385559,
3,377,0,0.8286271095275879,
3,378,0,0.8053916692733765,
3,379,0,0.8244886994361877,
3,380,0,0.8074933886528015,
3,381,0,0.8160579204559326,
3,382,0,0.8095510601997375,
3,383,0,0.8044683933258057,
3,384,0,0.8200559616088867,
3,385,0,0.8270843625068665,
3,386,0,0.8120539784431458,
3,387,0,0.8171627521514893,
3,388,0,0.805812656879425,
3,389,0,0.8257945775985718,
3,390,0,0.8081813454627991,
3,391,0,0.8199096918106079,
3,392,0,0.8275196552276611,
3,393,0,0.8204932808876038,
3,394,0,0.8172808885574341,
3,395,0,0.8288945555686951,
3,396,0,0.822296142578125,
3,397,0,0.8265422582626343,
3,398,0,0.8246026039123535,
3,399,0,0.809478223323822,
3,400,0,0.8266915082931519,
3,401,0,0.8169375061988831,
3,402,0,0.8269757628440857,
3,403,0,0.8240581154823303,
3,404,0,0.8165247440338135,
3,405,0,0.8255382180213928,
3,406,0,0.8207456469535828,
3,407,0,0.8148745894432068,
3,408,0,0.8115638494491577,
3,409,0,0.8119898438453674,
3,410,0,0.8093101382255554,
3,411,0,0.8158878684043884,
3,412,0,0.8275095224380493,
3,413,0,0.826732337474823,
3,414,0,0.807489275932312,
3,415,0,0.8189303278923035,
3,416,0,0.8283203840255737,
3,417,0,0.8151355981826782,
3,418,0,0.8081504106521606,
3,419,0,0.7975156307220459,
3,420,0,0.8145096898078918,
3,421,0,0.8256813287734985,
3,422,0,0.8285835981369019,
3,423,0,0.8273618817329407,
3,424,0,0.8102670311927795,
3,425,0,0.8287408351898193,
3,426,0,0.8213239908218384,
3,427,0,0.8149019479751587,
3,428,0,0.8211627006530762,
3,429,0,0.8225494623184204,
3,430,0,0.8284531235694885,
3,431,0,0.8200928568840027,
3,432,0,0.8263034820556641,
3,433,0,0.819728434085846,
3,434,0,0.8288524746894836,
3,435,0,0.8068389892578125,
3,436,0,0.818263590335846,
3,437,0,0.8122386932373047,
3,438,0,0.8277186155319214,
3,439,0,0.8164259791374207,
3,440,0,0.8175575733184814,
3,441,0,0.8166429400444031,
3,442,0,0.8160648345947266,
3,443,0,0.823845624923706,
3,444,0,0.8184412717819214,
3,445,0,0.8302386403083801,
3,446,0,0.8311939239501953,
3,447,0,0.8195351958274841,
3,448,0,0.8090537786483765,
3,449,0,0.8210221529006958,
3,450,0,0.8269279599189758,
3,451,0,0.8273827433586121,
3,452,0,0.8188945055007935,
3,453,0,0.8302273154258728,
3,454,0,0.8307884335517883,
3,455,0,0.8188820481300354,
3,456,0,0.8220082521438599,
3,457,0,0.8232386112213135,
3,458,0,0.8195633888244629,
3,459,0,0.8175005912780762,
3,460,0,0.8195608854293823,
3,461,0,0.8081735968589783,
3,462,0,0.8152520656585693,
3,463,0,0.8153439164161682,
3,464,0,0.8201355934143066,
3,465,0,0.811875581741333,
3,466,0,0.8282430768013,
3,467,0,0.8236621022224426,
3,468,0,0.8231316804885864,
3,469,0,0.8244442939758301,
3,470,0,0.8130079507827759,
3,471,0,0.8257656693458557,
3,472,0,0.8150420784950256,
3,473,0,0.8204004168510437,
3,474,0,0.8218231797218323,
3,475,0,0.8273276686668396,
3,476,0,0.8207558393478394,
3,477,0,0.8167017102241516,
3,478,0,0.8257258534431458,
3,479,0,0.8259836435317993,
3,480,0,0.8114087581634521,
3,481,0,0.8259174823760986,
3,482,0,0.8089439868927002,
3,483,0,0.8254959583282471,
3,484,0,0.8418857455253601,
3,485,0,0.8209463357925415,
3,486,0,0.8060007691383362,
3,487,0,0.8333724141120911,
3,488,0,0.8012006282806396,
3,489,0,0.8171334266662598,
3,490,0,0.8241717219352722,
3,491,0,0.8114141821861267,
3,492,0,0.82537841796875,
3,493,0,0.8245265483856201,
3,494,0,0.8182001113891602,
3,495,0,0.8152006268501282,
3,496,0,0.8286617994308472,
3,497,0,0.8221392631530762,
3,498,0,0.8246831297874451,
3,499,0,0.7919574975967407,
3,500,0,0.8039328455924988,
3,501,0,0.8150463104248047,
3,502,0,0.8139835596084595,
3,503,0,0.817310631275177,
3,504,0,0.8129889369010925,
3,505,0,0.8179411888122559,
3,506,0,0.8206139206886292,
3,507,0,0.8127728700637817,
3,508,0,0.8248997926712036,
3,509,0,0.8183728456497192,
3,510,0,0.8125596642494202,
3,511,0,0.8297514319419861,
3,512,0,0.8197903633117676,
3,513,0,0.8238393664360046,
3,514,0,0.8283451199531555,
3,515,0,0.8167852163314819,
3,516,0,0.8151347041130066,
3,517,0,0.8158420324325562,
3,518,0,0.8254451155662537,
3,519,0,0.8195768594741821,
3,520,0,0.8084295988082886,
3,521,0,0.8085513114929199,
3,522,0,0.8248331546783447,
3,523,0,0.8234242796897888,
3,524,0,0.8161841630935669,
3,525,0,0.8190014958381653,
3,526,0,0.8189520835876465,
3,527,0,0.817597508430481,
3,528,0,0.8289163112640381,
3,529,0,0.82676762342453,
3,530,0,0.8218775391578674,
3,531,0,0.8140352368354797,
3,532,0,0.8173466920852661,
3,533,0,0.8277664184570312,
3,534,0,0.8205875158309937,
3,535,0,0.8133206367492676,
3,536,0,0.8207815885543823,
3,537,0,0.8209331035614014,
3,538,0,0.804828405380249,
3,539,0,0.8059816360473633,
3,540,0,0.8364430665969849,
3,541,0,0.827235221862793,
3,542,0,0.8239352107048035,
3,543,0,0.7970751523971558,
3,544,0,0.8073086738586426,
3,545,0,0.8114140033721924,
3,546,0,0.8224145770072937,
3,547,0,0.8163597583770752,
3,548,0,0.8234890699386597,
3,549,0,0.8239476680755615,
3,550,0,0.8098694682121277,
3,551,0,0.817283570766449,
3,552,0,0.8123407959938049,
3,553,0,0.8172227144241333,
3,554,0,0.8165149688720703,
3,555,0,0.8144735097885132,
3,556,0,0.8307037353515625,
3,557,0,0.8218160271644592,
3,558,0,0.821125864982605,
3,559,0,0.8075466752052307,
3,560,0,0.8195068836212158,
3,561,0,0.8091786503791809,
3,562,0,0.8240042328834534,
3,563,0,0.8257231712341309,
3,564,0,0.828835666179657,
3,565,0,0.8110266327857971,
3,566,0,0.8278200626373291,
3,567,0,0.8223049640655518,
3,568,0,0.8129844665527344,
3,569,0,0.8191812038421631,
3,570,0,0.8083198070526123,
3,571,0,0.8104125261306763,
3,572,0,0.8276064395904541,
3,573,0,0.8314142227172852,
3,574,0,0.8233177661895752,
3,575,0,0.8015766143798828,
3,576,0,0.8027137517929077,
3,577,0,0.8049254417419434,
3,578,0,0.8115667104721069,
3,579,0,0.8203544020652771,
3,580,0,0.8237564563751221,
3,581,0,0.827825665473938,
3,582,0,0.8175668716430664,
3,583,0,0.820243239402771,
3,584,0,0.8246225714683533,
3,585,0,0.813899576663971,
3,586,0,0.8056947588920593,
3,587,0,0.8243913650512695,
3,588,0,0.8220490217208862,
3,589,0,0.8032217621803284,
3,590,0,0.8156477808952332,
3,591,0,0.8037230372428894,
3,592,0,0.8298808932304382,
3,593,0,0.8058955669403076,
3,594,0,0.8126590847969055,
3,595,0,0.8292797803878784,
3,596,0,0.8220239877700806,
3,597,0,0.8216103315353394,
3,598,0,0.8034752607345581,
3,599,0,0.8301804661750793,
3,600,0,0.8272380828857422,
3,601,0,0.8031899333000183,
3,602,0,0.8044410943984985,
3,603,0,0.8301272988319397,
3,604,0,0.8070699572563171,
3,val,,,0.8193792605400085
4,0,0,0.8177837133407593,
4,1,0,0.8311947584152222,
4,2,0,0.8033918142318726,
4,3,0,0.8238813877105713,
4,4,0,0.82020503282547,
4,5,0,0.8231878280639648,
4,6,0,0.8292171955108643,
4,7,0,0.8177523016929626,
4,8,0,0.8219950199127197,
4,9,0,0.8214945793151855,
4,10,0,0.8085863590240479,
4,11,0,0.8281636238098145,
4,12,0,0.8034438490867615,
4,13,0,0.8219308853149414,
4,14,0,0.8299993276596069,
4,15,0,0.8251309990882874,
4,16,0,0.8239822387695312,
4,17,0,0.8221897482872009,
4,18,0,0.823174774646759,
4,19,0,0.8099142909049988,
4,20,0,0.8204500675201416,
4,21,0,0.8316726684570312,
4,22,0,0.821869969367981,
4,23,0,0.8149659633636475,
4,24,0,0.8217793107032776,
4,25,0,0.8162213563919067,
4,26,0,0.8218047022819519,
4,27,0,0.8118103742599487,
4,28,0,0.8294598460197449,
4,29,0,0.8335931897163391,
4,30,0,0.8204803466796875,
4,31,0,0.8161370158195496,
4,32,0,0.8204761743545532,
4,33,0,0.8224905133247375,
4,34,0,0.8147000074386597,
4,35,0,0.8151359558105469,
4,36,0,0.8126897215843201,
4,37,0,0.8094120025634766,
4,38,0,0.819665253162384,
4,39,0,0.810598611831665,
4,40,0,0.8139612078666687,
4,41,0,0.8241928219795227,
4,42,0,0.8174289464950562,
4,43,0,0.8233471512794495,
4,44,0,0.8145773410797119,
4,45,0,0.8134399056434631,
4,46,0,0.8218889236450195,
4,47,0,0.816540002822876,
4,48,0,0.8262108564376831,
4,49,0,0.819225013256073,
4,50,0,0.8259212374687195,
4,51,0,0.8282586932182312,
4,52,0,0.8244603276252747,
4,53,0,0.8304359912872314,
4,54,0,0.8172130584716797,
4,55,0,0.825576663017273,
4,56,0,0.8010271787643433,
4,57,0,0.8198027610778809,
4,58,0,0.8202018141746521,
4,59,0,0.8229872584342957,
4,60,0,0.8254910111427307,
4,61,0,0.82747882604599,
4,62,0,0.8091984987258911,
4,63,0,0.8207523822784424,
4,64,0,0.8163368701934814,
4,65,0,0.8215690851211548,
4,66,0,0.8035731315612793,
4,67,0,0.8153045773506165,
4,68,0,0.8270696401596069,
4,69,0,0.8249295353889465,
4,70,0,0.7994560599327087,
4,71,0,0.8172800540924072,
4,72,0,0.8142972588539124,
4,73,0,0.8129670023918152,
4,74,0,0.8159937858581543,
4,75,0,0.8148491382598877,
4,76,0,0.811152994632721,
4,77,0,0.8155679702758789,
4,78,0,0.818169355392456,
4,79,0,0.8020198345184326,
4,80,0,0.8159347772598267,
4,81,0,0.8075847029685974,
4,82,0,0.8217164278030396,
4,83,0,0.8208365440368652,
4,84,0,0.8174889087677002,
4,85,0,0.8252071738243103,
4,86,0,0.8167766332626343,
4,87,0,0.8233441114425659,
4,88,0,0.8217200040817261,
4,89,0,0.8204408884048462,
4,90,0,0.8223868608474731,
4,91,0,0.8144918084144592,
4,92,0,0.8238958716392517,
4,93,0,0.827082633972168,
4,94,0,0.814551591873169,
4,95,0,0.7965906262397766,
4,96,0,0.824746310710907,
4,97,0,0.8027473092079163,
4,98,0,0.820654034614563,
4,99,0,0.8268240690231323,
4,100,0,0.8162130117416382,
4,101,0,0.8246133327484131,
4,102,0,0.8041595220565796,
4,103,0,0.8148431181907654,
4,104,0,0.8125182390213013,
4,105,0,0.8196684122085571,
4,106,0,0.8072227239608765,
4,107,0,0.8136162161827087,
4,108,0,0.8206306099891663,
4,109,0,0.8135992884635925,
4,110,0,0.819496214389801,
4,111,0,0.8192600011825562,
4,112,0,0.8106824159622192,
4,113,0,0.8237842321395874,
4,114,0,0.8165757656097412,
4,115,0,0.7960555553436279,
4,116,0,0.8031221032142639,
4,117,0,0.8127321600914001,
4,118,0,0.8293709754943848,
4,119,0,0.8074837923049927,
4,120,0,0.8183857798576355,
4,121,0,0.8227896094322205,
4,122,0,0.8012733459472656,
4,123,0,0.8019487261772156,
4,124,0,0.8124145865440369,
4,125,0,0.8037271499633789,
4,126,0,0.8265069127082825,
4,127,0,0.8071541786193848,
4,128,0,0.8144980669021606,
4,129,0,0.8007261753082275,
4,130,0,0.8237580060958862,
4,131,0,0.8361520171165466,
4,132,0,0.8115240931510925,
4,133,0,0.8222401142120361,
4,134,0,0.8114984035491943,
4,135,0,0.8193325400352478,
4,136,0,0.823875904083252,
4,137,0,0.8085925579071045,
4,138,0,0.8234079480171204,
4,139,0,0.8139013051986694,
4,140,0,0.8235569596290588,
4,141,0,0.8246945738792419,
4,142,0,0.8008901476860046,
4,143,0,0.8134317398071289,
4,144,0,0.81456458568573,
4,145,0,0.7980261445045471,
4,146,0,0.8233909010887146,
4,147,0,0.8363888263702393,
4,148,0,0.8114535808563232,
4,149,0,0.7987779974937439,
4,150,0,0.8277420997619629,
4,151,0,0.8056790232658386,
4,152,0,0.8223984241485596,
4,153,0,0.8096355199813843,
4,154,0,0.8264337778091431,
4,155,0,0.834505558013916,
4,156,0,0.8115873336791992,
4,157,0,0.8251524567604065,
4,158,0,0.8068045377731323,
4,159,0,0.8072479963302612,
4,160,0,0.8059872388839722,
4,161,0,0.8205257654190063,
4,162,0,0.8152400255203247,
4,163,0,0.8260385990142822,
4,164,0,0.8105894327163696,
4,165,0,0.810865581035614,
4,166,0,0.8200153708457947,
4,167,0,0.824713408946991,
4,168,0,0.8137785196304321,
4,169,0,0.7998597621917725,
4,170,0,0.8054189085960388,
4,171,0,0.8165279626846313,
4,172,0,0.8314151167869568,
4,173,0,0.8075471520423889,
4,174,0,0.8008090257644653,
4,175,0,0.824537456035614,
4,176,0,0.8257849812507629,
4,177,0,0.8275376558303833,
4,178,0,0.8230694532394409,
4,179,0,0.8189390897750854,
4,180,0,0.8254905939102173,
4,181,0,0.8129092454910278,
4,182,0,0.812418520450592,
4,183,0,0.8098406195640564,
4,184,0,0.8251804113388062,
4,185,0,0.8239222764968872,
4,186,0,0.8215663433074951,
4,187,0,0.8281739950180054,
4,188,0,0.8198801279067993,
4,189,0,0.8188800811767578,
4,190,0,0.8008127212524414,
4,191,0,0.8047426342964172,
4,192,0,0.8163430690765381,
4,193,0,0.8161764740943909,
4,194,0,0.813068687915802,
4,195,0,0.8178139328956604,
4,196,0,0.7998930215835571,
4,197,0,0.7986997365951538,
4,198,0,0.8085348606109619,
4,199,0,0.8228833675384521,
4,200,0,0.8147919178009033,
4,201,0,0.8106022477149963,
4,202,0,0.8241699934005737,
4,203,0,0.8275358080863953,
4,204,0,0.8226211071014404,
4,205,0,0.8346700072288513,
4,206,0,0.8064175844192505,
4,207,0,0.801776111125946,
4,208,0,0.8224163055419922,
4,209,0,0.8152546286582947,
4,210,0,0.8296827077865601,
4,211,0,0.805605947971344,
4,212,0,0.8209872841835022,
4,213,0,0.8123147487640381,
4,214,0,0.825230062007904,
4,215,0,0.8169655203819275,
4,216,0,0.8298268914222717,
4,217,0,0.8221132755279541,
4,218,0,0.8124005794525146,
4,219,0,0.8028595447540283,
4,220,0,0.810102105140686,
4,221,0,0.82942795753479,
4,222,0,0.7983280420303345,
4,223,0,0.8060253262519836,
4,224,0,0.8269780874252319,
4,225,0,0.7938307523727417,
4,226,0,0.8153135180473328,
4,227,0,0.8159518241882324,
4,228,0,0.8316565752029419,
4,229,0,0.8285611271858215,
4,230,0,0.8151518106460571,
4,231,0,0.8009566068649292,
4,232,0,0.8164660930633545,
4,233,0,0.827440619468689,
4,234,0,0.8123822212219238,
4,235,0,0.8104877471923828,
4,236,0,0.7968470454216003,
4,237,0,0.8184969425201416,
4,238,0,0.8262211680412292,
4,239,0,0.8278297185897827,
4,240,0,0.8079901337623596,
4,241,0,0.8267862796783447,
4,242,0,0.8105332255363464,
4,243,0,0.8118635416030884,
4,244,0,0.801490306854248,
4,245,0,0.8237851858139038,
4,246,0,0.818854570388794,
4,247,0,0.8249502182006836,
4,248,0,0.8195027112960815,
4,249,0,0.8151727914810181,
4,250,0,0.8218369483947754,
4,251,0,0.8307337164878845,
4,252,0,0.8253660202026367,
4,253,0,0.7983198761940002,
4,254,0,0.7897983193397522,
4,255,0,0.8270410299301147,
4,256,0,0.8191062211990356,
4,257,0,0.8252909183502197,
4,258,0,0.8153853416442871,
4,259,0,0.8229508996009827,
4,260,0,0.8055528402328491,
4,261,0,0.7994173169136047,
4,262,0,0.7933276295661926,
4,263,0,0.8308762311935425,
4,264,0,0.8054189682006836,
4,265,0,0.7942899465560913,
4,266,0,0.8068767786026001,
4,267,0,0.8164898157119751,
4,268,0,0.8243616819381714,
4,269,0,0.8147820830345154,
4,270,0,0.8212663531303406,
4,271,0,0.8107158541679382,
4,272,0,0.8260175585746765,
4,273,0,0.8290871977806091,
4,274,0,0.8226426839828491,
4,275,0,0.7921485900878906,
4,276,0,0.8204793334007263,
4,277,0,0.8177852630615234,
4,278,0,0.7946045398712158,
4,279,0,0.8144419193267822,
4,280,0,0.8208925724029541,
4,281,0,0.8022752404212952,
4,282,0,0.8236268758773804,
4,283,0,0.8126253485679626,
4,284,0,0.8072495460510254,
4,285,0,0.8183835744857788,
4,286,0,0.8239560127258301,
4,287,0,0.8082027435302734,
4,288,0,0.8206142783164978,
4,289,0,0.8032727241516113,
4,290,0,0.8248594403266907,
4,291,0,0.8226546049118042,
4,292,0,0.8193176984786987,
4,293,0,0.7965757250785828,
4,294,0,0.8217798471450806,
4,295,0,0.7996134757995605,
4,296,0,0.8004803657531738,
4,297,0,0.8236334323883057,
4,298,0,0.8087729215621948,
4,299,0,0.823663592338562,
4,300,0,0.805983304977417,
4,301,0,0.8187148571014404,
4,302,0,0.8382702469825745,
4,303,0,0.8154966831207275,
4,304,0,0.8172248005867004,
4,305,0,0.8198786973953247,
4,306,0,0.7989841103553772,
4,307,0,0.801895260810852,
4,308,0,0.8166520595550537,
4,309,0,0.8090331554412842,
4,310,0,0.8027619123458862,
4,311,0,0.8003854155540466,
4,312,0,0.8190693259239197,
4,313,0,0.8193066120147705,
4,314,0,0.8132320046424866,
4,315,0,0.8156744837760925,
4,316,0,0.8141394853591919,
4,317,0,0.8235068321228027,
4,318,0,0.8243790864944458,
4,319,0,0.8248583078384399,
4,320,0,0.7981189489364624,
4,321,0,0.7876564860343933,
4,322,0,0.829570472240448,
4,323,0,0.826729416847229,
4,324,0,0.8174620270729065,
4,325,0,0.8280273675918579,
4,326,0,0.8234041333198547,
4,327,0,0.8056653738021851,
4,328,0,0.8012449741363525,
4,329,0,0.7972773313522339,
4,330,0,0.8180474638938904,
4,331,0,0.8077565431594849,
4,332,0,0.8200085163116455,
4,333,0,0.8212898373603821,
4,334,0,0.7995187640190125,
4,335,0,0.820591926574707,
4,336,0,0.8172516226768494,
4,337,0,0.7897602319717407,
4,338,0,0.8206145167350769,
4,339,0,0.8233000636100769,
4,340,0,0.8200023174285889,
4,341,0,0.8069124817848206,
4,342,0,0.8214102387428284,
4,343,0,0.821211576461792,
4,344,0,0.825311005115509,
4,345,0,0.7999738454818726,
4,346,0,0.8092837929725647,
4,347,0,0.8209760189056396,
4,348,0,0.8305902481079102,
4,349,0,0.8081539869308472,
4,350,0,0.7966365814208984,
4,351,0,0.8190430998802185,
4,352,0,0.8209630846977234,
4,353,0,0.812117874622345,
4,354,0,0.8299844264984131,
4,355,0,0.8062347769737244,
4,356,0,0.8351925015449524,
4,357,0,0.8217408657073975,
4,358,0,0.8239589929580688,
4,359,0,0.8160994648933411,
4,360,0,0.8140308856964111,
4,361,0,0.8106725215911865,
4,362,0,0.8193594217300415,
4,363,0,0.820662260055542,
4,364,0,0.8044314980506897,
4,365,0,0.7988879680633545,
4,366,0,0.8064389228820801,
4,367,0,0.7977870106697083,
4,368,0,0.8177611827850342,
4,369,0,0.8191877603530884,
4,370,0,0.8164445161819458,
4,371,0,0.8390636444091797,
4,372,0,0.8205254077911377,
4,373,0,0.8194008469581604,
4,374,0,0.8020406365394592,
4,375,0,0.7990623712539673,
4,376,0,0.8198747634887695,
4,377,0,0.8273475766181946,
4,378,0,0.7882804274559021,
4,379,0,0.8190335035324097,
4,380,0,0.7861185669898987,
4,381,0,0.7989667057991028,
4,382,0,0.7923867106437683,
4,383,0,0.7831648588180542,
4,384,0,0.8173633217811584,
4,385,0,0.8231225609779358,
4,386,0,0.8074072599411011,
4,387,0,0.8150432705879211,
4,388,0,0.7894364595413208,
4,389,0,0.8230215311050415,
4,390,0,0.7886999845504761,
4,391,0,0.8147531747817993,
4,392,0,0.8264796733856201,
4,393,0,0.8146411776542664,
4,394,0,0.8048926591873169,
4,395,0,0.8243024945259094,
4,396,0,0.8133887052536011,
4,397,0,0.8197915554046631,
4,398,0,0.8199179768562317,
4,399,0,0.795661449432373,
4,400,0,0.8231433629989624,
4,401,0,0.8044615983963013,
4,402,0,0.815910279750824,
4,403,0,0.8112733364105225,
4,404,0,0.8055012226104736,
4,405,0,0.8238141536712646,
4,406,0,0.8112684488296509,
4,407,0,0.8100231885910034,
4,408,0,0.8005234599113464,
4,409,0,0.793570876121521,
4,410,0,0.7908827662467957,
4,411,0,0.7945237755775452,
4,412,0,0.8274781703948975,
4,413,0,0.8234224915504456,
4,414,0,0.7919118404388428,
4,415,0,0.8116847276687622,
4,416,0,0.8277722597122192,
4,417,0,0.7949583530426025,
4,418,0,0.787514865398407,
4,419,0,0.7782988548278809,
4,420,0,0.806196928024292,
4,421,0,0.8243817090988159,
4,422,0,0.8266249895095825,
4,423,0,0.8281794190406799,
4,424,0,0.7980843782424927,
4,425,0,0.8272379636764526,
4,426,0,0.8198896050453186,
4,427,0,0.7990506887435913,
4,428,0,0.8069733381271362,
4,429,0,0.8188600540161133,
4,430,0,0.8273652791976929,
4,431,0,0.8166605234146118,
4,432,0,0.8206720352172852,
4,433,0,0.8109599947929382,
4,434,0,0.8310084342956543,
4,435,0,0.786615252494812,
4,436,0,0.8021799325942993,
4,437,0,0.8037870526313782,
4,438,0,0.8266039490699768,
4,439,0,0.8064920902252197,
4,440,0,0.8030158877372742,
4,441,0,0.8075370192527771,
4,442,0,0.805351734161377,
4,443,0,0.8216097354888916,
4,444,0,0.8081734776496887,
4,445,0,0.8318319320678711,
4,446,0,0.826217532157898,
4,447,0,0.812353253364563,
4,448,0,0.7972555756568909,
4,449,0,0.8105832934379578,
4,450,0,0.8254466652870178,
4,451,0,0.8237318396568298,
4,452,0,0.8049212098121643,
4,453,0,0.8271635174751282,
4,454,0,0.8343425393104553,
4,455,0,0.8143413662910461,
4,456,0,0.8187763690948486,
4,457,0,0.8211336731910706,
4,458,0,0.8205319046974182,
4,459,0,0.8052284717559814,
4,460,0,0.8167144060134888,
4,461,0,0.7952099442481995,
4,462,0,0.803097665309906,
4,463,0,0.8029266595840454,
4,464,0,0.8110088109970093,
4,465,0,0.8034562468528748,
4,466,0,0.8264425992965698,
4,467,0,0.8211818933486938,
4,468,0,0.8172131180763245,
4,469,0,0.8213754892349243,
4,470,0,0.7958437204360962,
4,471,0,0.8186483979225159,
4,472,0,0.7977297306060791,
4,473,0,0.812874436378479,
4,474,0,0.8184840083122253,
4,475,0,0.825684666633606,
4,476,0,0.8159563541412354,
4,477,0,0.8059549927711487,
4,478,0,0.8265832662582397,
4,479,0,0.8255475163459778,
4,480,0,0.8030990958213806,
4,481,0,0.8226091265678406,
4,482,0,0.7936988472938538,
4,483,0,0.8205204010009766,
4,484,0,0.8419226408004761,
4,485,0,0.815604031085968,
4,486,0,0.7909943461418152,
4,487,0,0.8350822329521179,
4,488,0,0.7936586141586304,
4,489,0,0.811173677444458,
4,490,0,0.8162193298339844,
4,491,0,0.7986241579055786,
4,492,0,0.8220594525337219,
4,493,0,0.8252742290496826,
4,494,0,0.8171594142913818,
4,495,0,0.8066645264625549,
4,496,0,0.8198835849761963,
4,497,0,0.8195375204086304,
4,498,0,0.8187322020530701,
4,499,0,0.7721462845802307,
4,500,0,0.7892406582832336,
4,501,0,0.8039565086364746,
4,502,0,0.797599196434021,
4,503,0,0.8047842383384705,
4,504,0,0.7982757091522217,
4,505,0,0.8111328482627869,
4,506,0,0.8159945011138916,
4,507,0,0.797698974609375,
4,508,0,0.8236215710639954,
4,509,0,0.8117959499359131,
4,510,0,0.8042277097702026,
4,511,0,0.8290764093399048,
4,512,0,0.814261257648468,
4,513,0,0.8239283561706543,
4,514,0,0.8255479335784912,
4,515,0,0.8059354424476624,
4,516,0,0.8049071431159973,
4,517,0,0.8019031286239624,
4,518,0,0.8139613270759583,
4,519,0,0.8109915852546692,
4,520,0,0.7948148846626282,
4,521,0,0.7928639650344849,
4,522,0,0.8233059644699097,
4,523,0,0.8246042132377625,
4,524,0,0.8102799654006958,
4,525,0,0.8135565519332886,
4,526,0,0.8174926042556763,
4,527,0,0.8053702116012573,
4,528,0,0.8240770101547241,
4,529,0,0.8235436081886292,
4,530,0,0.8135188221931458,
4,531,0,0.7953497171401978,
4,532,0,0.8132957816123962,
4,533,0,0.826984703540802,
4,534,0,0.8162637948989868,
4,535,0,0.7992184162139893,
4,536,0,0.8167887330055237,
4,537,0,0.8165707588195801,
4,538,0,0.780956506729126,
4,539,0,0.7894449830055237,
4,540,0,0.8313938975334167,
4,541,0,0.8242982625961304,
4,542,0,0.8133673667907715,
4,543,0,0.7802456617355347,
4,544,0,0.7906485199928284,
4,545,0,0.7924959063529968,
4,546,0,0.8198451399803162,
4,547,0,0.8086819052696228,
4,548,0,0.8169668912887573,
4,549,0,0.8194727301597595,
4,550,0,0.8018472194671631,
4,551,0,0.8116656541824341,
4,552,0,0.79722660779953,
4,553,0,0.8060041069984436,
4,554,0,0.8073337078094482,
4,555,0,0.7997499704360962,
4,556,0,0.8294532299041748,
4,557,0,0.8134791851043701,
4,558,0,0.8132251501083374,
4,559,0,0.790063738822937,
4,560,0,0.8123604655265808,
4,561,0,0.8021999001502991,
4,562,0,0.8173726201057434,
4,563,0,0.828264594078064,
4,564,0,0.8244603276252747,
4,565,0,0.7901617288589478,
4,566,0,0.8261972069740295,
4,567,0,0.8130979537963867,
4,568,0,0.7978461980819702,
4,569,0,0.8167150616645813,
4,570,0,0.7981890439987183,
4,571,0,0.7987091541290283,
4,572,0,0.8268759250640869,
4,573,0,0.8340498208999634,
4,574,0,0.8210947513580322,
4,575,0,0.7820715308189392,
4,576,0,0.7795955538749695,
4,577,0,0.789795994758606,
4,578,0,0.8072373270988464,
4,579,0,0.8147745132446289,
4,580,0,0.8196942210197449,
4,581,0,0.8231551051139832,
4,582,0,0.8100011944770813,
4,583,0,0.8155549764633179,
4,584,0,0.8209362030029297,
4,585,0,0.806181788444519,
4,586,0,0.7912084460258484,
4,587,0,0.8316553831100464,
4,588,0,0.8149479627609253,
4,589,0,0.7884519696235657,
4,590,0,0.816157341003418,
4,591,0,0.7906702756881714,
4,592,0,0.8271412253379822,
4,593,0,0.7923859357833862,
4,594,0,0.8046852946281433,
4,595,0,0.8301655054092407,
4,596,0,0.8171818852424622,
4,597,0,0.8172710537910461,
4,598,0,0.7879248857498169,
4,599,0,0.8260567784309387,
4,600,0,0.8244466781616211,
4,601,0,0.7866697907447815,
4,602,0,0.7930039167404175,
4,603,0,0.8288780450820923,
4,604,0,0.7915440797805786,
4,val,,,0.815044907728831
5,0,0,0.8059906959533691,
5,1,0,0.8296186327934265,
5,2,0,0.793517529964447,
5,3,0,0.824038565158844,
5,4,0,0.8155513405799866,
5,5,0,0.8171812891960144,
5,6,0,0.8261700868606567,
5,7,0,0.8111137747764587,
5,8,0,0.8189750909805298,
5,9,0,0.8200719356536865,
5,10,0,0.7937558889389038,
5,11,0,0.8291620016098022,
5,12,0,0.7899788618087769,
5,13,0,0.8186198472976685,
5,14,0,0.8325489163398743,
5,15,0,0.8221587538719177,
5,16,0,0.8218561410903931,
5,17,0,0.8177839517593384,
5,18,0,0.8249497413635254,
5,19,0,0.8006085753440857,
5,20,0,0.8172260522842407,
5,21,0,0.8258564472198486,
5,22,0,0.816764235496521,
5,23,0,0.8077818751335144,
5,24,0,0.8171819448471069,
5,25,0,0.8127779960632324,
5,26,0,0.8217089772224426,
5,27,0,0.8084730505943298,
5,28,0,0.8291372060775757,
5,29,0,0.8339781761169434,
5,30,0,0.8162035346031189,
5,31,0,0.8097671270370483,
5,32,0,0.8145867586135864,
5,33,0,0.8134880065917969,
5,34,0,0.80927574634552,
5,35,0,0.8129377365112305,
5,36,0,0.800972580909729,
5,37,0,0.8030503988265991,
5,38,0,0.8124881982803345,
5,39,0,0.802000880241394,
5,40,0,0.8067810535430908,
5,41,0,0.8144950270652771,
5,42,0,0.8098886013031006,
5,43,0,0.822762668132782,
5,44,0,0.8034564256668091,
5,45,0,0.8066692352294922,
5,46,0,0.8161298036575317,
5,47,0,0.7986344695091248,
5,48,0,0.8239225745201111,
5,49,0,0.8072164058685303,
5,50,0,0.8249145150184631,
5,51,0,0.8250409364700317,
5,52,0,0.8242137432098389,
5,53,0,0.8292455077171326,
5,54,0,0.8078247308731079,
5,55,0,0.826890230178833,
5,56,0,0.7863683104515076,
5,57,0,0.8158543705940247,
5,58,0,0.8122099041938782,
5,59,0,0.8231521248817444,
5,60,0,0.8233330249786377,
5,61,0,0.8266512751579285,
5,62,0,0.7916414737701416,
5,63,0,0.814246654510498,
5,64,0,0.8087748289108276,
5,65,0,0.8163689970970154,
5,66,0,0.7903450131416321,
5,67,0,0.8060492277145386,
5,68,0,0.8279896974563599,
5,69,0,0.828005313873291,
5,70,0,0.7857831120491028,
5,71,0,0.8112042546272278,
5,72,0,0.8014546036720276,
5,73,0,0.802268385887146,
5,74,0,0.8103998899459839,
5,75,0,0.810254693031311,
5,76,0,0.8015875816345215,
5,77,0,0.8146349191665649,
5,78,0,0.8175097107887268,
5,79,0,0.7908204793930054,
5,80,0,0.8097455501556396,
5,81,0,0.7969777584075928,
5,82,0,0.8195462822914124,
5,83,0,0.8185303211212158,
5,84,0,0.8164650797843933,
5,85,0,0.8197698593139648,
5,86,0,0.811489462852478,
5,87,0,0.8225582838058472,
5,88,0,0.8221962451934814,
5,89,0,0.8161803483963013,
5,90,0,0.822218120098114,
5,91,0,0.8023883104324341,
5,92,0,0.8204602599143982,
5,93,0,0.8273797035217285,
5,94,0,0.8034552335739136,
5,95,0,0.7799033522605896,
5,96,0,0.8217198848724365,
5,97,0,0.7928463816642761,
5,98,0,0.8149663209915161,
5,99,0,0.8252936005592346,
5,100,0,0.8158017992973328,
5,101,0,0.8250045776367188,
5,102,0,0.7931345701217651,
5,103,0,0.8107611536979675,
5,104,0,0.8064413666725159,
5,105,0,0.8072912096977234,
5,106,0,0.7912644147872925,
5,107,0,0.8058812618255615,
5,108,0,0.8128415942192078,
5,109,0,0.8038344383239746,
5,110,0,0.8173683881759644,
5,111,0,0.8183978199958801,
5,112,0,0.793980598449707,
5,113,0,0.8206449747085571,
5,114,0,0.8078048229217529,
5,115,0,0.783051609992981,
5,116,0,0.7898216843605042,
5,117,0,0.7988337874412537,
5,118,0,0.8280001282691956,
5,119,0,0.7970815896987915,
5,120,0,0.8132522106170654,
5,121,0,0.8203211426734924,
5,122,0,0.7915406227111816,
5,123,0,0.7873963713645935,
5,124,0,0.803534209728241,
5,125,0,0.7921485900878906,
5,126,0,0.8213891983032227,
5,127,0,0.7992219924926758,
5,128,0,0.8067420721054077,
5,129,0,0.7871565818786621,
5,130,0,0.8224080204963684,
5,131,0,0.8358094692230225,
5,132,0,0.8006656169891357,
5,133,0,0.81915682554245,
5,134,0,0.8044867515563965,
5,135,0,0.8136795163154602,
5,136,0,0.8227149844169617,
5,137,0,0.7953134775161743,
5,138,0,0.8232696652412415,
5,139,0,0.8065067529678345,
5,140,0,0.820326566696167,
5,141,0,0.8181402087211609,
5,142,0,0.7848958373069763,
5,143,0,0.8063427805900574,
5,144,0,0.8079792261123657,
5,145,0,0.7848090529441833,
5,146,0,0.8227735757827759,
5,147,0,0.837300181388855,
5,148,0,0.8099921941757202,
5,149,0,0.7793834209442139,
5,150,0,0.8274179697036743,
5,151,0,0.7998939752578735,
5,152,0,0.8191781044006348,
5,153,0,0.8009809851646423,
5,154,0,0.828558087348938,
5,155,0,0.8336522579193115,
5,156,0,0.8042526245117188,
5,157,0,0.8226029276847839,
5,158,0,0.7987357974052429,
5,159,0,0.7950314283370972,
5,160,0,0.7959012985229492,
5,161,0,0.8118587136268616,
5,162,0,0.809935986995697,
5,163,0,0.8240670561790466,
5,164,0,0.8084217309951782,
5,165,0,0.802375316619873,
5,166,0,0.8112093210220337,
5,167,0,0.8224331140518188,
5,168,0,0.8005644679069519,
5,169,0,0.7862582206726074,
5,170,0,0.7948713302612305,
5,171,0,0.8136202692985535,
5,172,0,0.8271305561065674,
5,173,0,0.8001998066902161,
5,174,0,0.7836720943450928,
5,175,0,0.8213364481925964,
5,176,0,0.8230408430099487,
5,177,0,0.8281104564666748,
5,178,0,0.8186158537864685,
5,179,0,0.8155617713928223,
5,180,0,0.8244253396987915,
5,181,0,0.8105484247207642,
5,182,0,0.8102291226387024,
5,183,0,0.8024009466171265,
5,184,0,0.8227667808532715,
5,185,0,0.8182629942893982,
5,186,0,0.8197833299636841,
5,187,0,0.8274071216583252,
5,188,0,0.8173648715019226,
5,189,0,0.8186274766921997,
5,190,0,0.7914411425590515,
5,191,0,0.79896479845047,
5,192,0,0.8087589740753174,
5,193,0,0.8145581483840942,
5,194,0,0.8060610294342041,
5,195,0,0.8162286877632141,
5,196,0,0.7806885242462158,
5,197,0,0.7773053646087646,
5,198,0,0.7996796369552612,
5,199,0,0.8242040872573853,
5,200,0,0.8116064071655273,
5,201,0,0.8047963380813599,
5,202,0,0.8236085772514343,
5,203,0,0.8256574869155884,
5,204,0,0.8196338415145874,
5,205,0,0.8296560049057007,
5,206,0,0.7911949157714844,
5,207,0,0.7948848605155945,
5,208,0,0.8212180137634277,
5,209,0,0.8064246773719788,
5,210,0,0.8289452195167542,
5,211,0,0.7990730404853821,
5,212,0,0.8155084252357483,
5,213,0,0.8027321696281433,
5,214,0,0.8218580484390259,
5,215,0,0.8112964630126953,
5,216,0,0.8269443511962891,
5,217,0,0.8227673768997192,
5,218,0,0.8096108436584473,
5,219,0,0.7882285118103027,
5,220,0,0.7944251298904419,
5,221,0,0.8337333798408508,
5,222,0,0.7852042317390442,
5,223,0,0.793995201587677,
5,224,0,0.828397274017334,
5,225,0,0.7739908695220947,
5,226,0,0.812401294708252,
5,227,0,0.8168831467628479,
5,228,0,0.8281372785568237,
5,229,0,0.8249632716178894,
5,230,0,0.8086627125740051,
5,231,0,0.7893921732902527,
5,232,0,0.8068984150886536,
5,233,0,0.8229084610939026,
5,234,0,0.8041439056396484,
5,235,0,0.8029803037643433,
5,236,0,0.7846989631652832,
5,237,0,0.8091083765029907,
5,238,0,0.8268548250198364,
5,239,0,0.8278626799583435,
5,240,0,0.8007335066795349,
5,241,0,0.8277610540390015,
5,242,0,0.8049895167350769,
5,243,0,0.8075180649757385,
5,244,0,0.7880821824073792,
5,245,0,0.8175605535507202,
5,246,0,0.8201998472213745,
5,247,0,0.8222862482070923,
5,248,0,0.815258264541626,
5,249,0,0.804222583770752,
5,250,0,0.8205676078796387,
5,251,0,0.8314563035964966,
5,252,0,0.8204635381698608,
5,253,0,0.7846693992614746,
5,254,0,0.776641845703125,
5,255,0,0.8287298679351807,
5,256,0,0.8193328380584717,
5,257,0,0.8251374959945679,
5,258,0,0.8112064003944397,
5,259,0,0.8255100250244141,
5,260,0,0.7934659123420715,
5,261,0,0.7863514423370361,
5,262,0,0.7772113084793091,
5,263,0,0.8283072710037231,
5,264,0,0.7971389889717102,
5,265,0,0.7811302542686462,
5,266,0,0.7965252995491028,
5,267,0,0.815219521522522,
5,268,0,0.8210827112197876,
5,269,0,0.8094342947006226,
5,270,0,0.8157620429992676,
5,271,0,0.796622097492218,
5,272,0,0.8219292759895325,
5,273,0,0.8251442909240723,
5,274,0,0.8183119297027588,
5,275,0,0.7797852754592896,
5,276,0,0.8189199566841125,
5,277,0,0.8144503831863403,
5,278,0,0.7806153297424316,
5,279,0,0.8135247230529785,
5,280,0,0.8186245560646057,
5,281,0,0.7885432839393616,
5,282,0,0.816053569316864,
5,283,0,0.806753396987915,
5,284,0,0.7976263761520386,
5,285,0,0.8092664480209351,
5,286,0,0.821837842464447,
5,287,0,0.8009445071220398,
5,288,0,0.8219118118286133,
5,289,0,0.7942146062850952,
5,290,0,0.8214795589447021,
5,291,0,0.8208502531051636,
5,292,0,0.8124793171882629,
5,293,0,0.7795125246047974,
5,294,0,0.821364164352417,
5,295,0,0.7860981225967407,
5,296,0,0.799607515335083,
5,297,0,0.823839545249939,
5,298,0,0.7975555658340454,
5,299,0,0.817542314529419,
5,300,0,0.7929372787475586,
5,301,0,0.8161921501159668,
5,302,0,0.8401355147361755,
5,303,0,0.8137579560279846,
5,304,0,0.8062945604324341,
5,305,0,0.8167339563369751,
5,306,0,0.7815529108047485,
5,307,0,0.7822638154029846,
5,308,0,0.8102313876152039,
5,309,0,0.8002034425735474,
5,310,0,0.7955392599105835,
5,311,0,0.7936919331550598,
5,312,0,0.8128591179847717,
5,313,0,0.8127679824829102,
5,314,0,0.8086479306221008,
5,315,0,0.8105098009109497,
5,316,0,0.8124504089355469,
5,317,0,0.821631669998169,
5,318,0,0.821509838104248,
5,319,0,0.824123740196228,
5,320,0,0.7860304117202759,
5,321,0,0.7785956859588623,
5,322,0,0.8295084834098816,
5,323,0,0.8231697082519531,
5,324,0,0.8148653507232666,
5,325,0,0.831917941570282,
5,326,0,0.8231940269470215,
5,327,0,0.7973282933235168,
5,328,0,0.784250020980835,
5,329,0,0.7765482068061829,
5,330,0,0.8114233613014221,
5,331,0,0.7967472076416016,
5,332,0,0.8145618438720703,
5,333,0,0.8120648264884949,
5,334,0,0.7910596132278442,
5,335,0,0.8173179030418396,
5,336,0,0.8121430277824402,
5,337,0,0.7787051200866699,
5,338,0,0.8168278932571411,
5,339,0,0.8204505443572998,
5,340,0,0.8144300580024719,
5,341,0,0.7968152761459351,
5,342,0,0.8170770406723022,
5,343,0,0.8199175596237183,
5,344,0,0.8211238980293274,
5,345,0,0.7853646278381348,
5,346,0,0.8028014302253723,
5,347,0,0.8188067078590393,
5,348,0,0.8343892097473145,
5,349,0,0.8015711307525635,
5,350,0,0.7882275581359863,
5,351,0,0.8127061724662781,
5,352,0,0.8204898834228516,
5,353,0,0.8070672154426575,
5,354,0,0.8310347199440002,
5,355,0,0.800270676612854,
5,356,0,0.8338512182235718,
5,357,0,0.8196665644645691,
5,358,0,0.8235217332839966,
5,359,0,0.8110216856002808,
5,360,0,0.8049296140670776,
5,361,0,0.8024091124534607,
5,362,0,0.8143515586853027,
5,363,0,0.8175842761993408,
5,364,0,0.7985069751739502,
5,365,0,0.7863552570343018,
5,366,0,0.7908810377120972,
5,367,0,0.7850422263145447,
5,368,0,0.8127663731575012,
5,369,0,0.8184155821800232,
5,370,0,0.8105542659759521,
5,371,0,0.8383272886276245,
5,372,0,0.8166034817695618,
5,373,0,0.8193958401679993,
5,374,0,0.7948998808860779,
5,375,0,0.7888744473457336,
5,376,0,0.8152488470077515,
5,377,0,0.8290078639984131,
5,378,0,0.7730327844619751,
5,379,0,0.8168861269950867,
5,380,0,0.7699661254882812,
5,381,0,0.7802749872207642,
5,382,0,0.7786768674850464,
5,383,0,0.7726200222969055,
5,384,0,0.815959632396698,
5,385,0,0.8197765946388245,
5,386,0,0.8025324940681458,
5,387,0,0.8156551122665405,
5,388,0,0.7762895226478577,
5,389,0,0.8259333372116089,
5,390,0,0.7784920930862427,
5,391,0,0.8094748258590698,
5,392,0,0.8251501321792603,
5,393,0,0.8087082505226135,
5,394,0,0.7946127653121948,
5,395,0,0.8201005458831787,
5,396,0,0.8098702430725098,
5,397,0,0.8210115432739258,
5,398,0,0.8209856748580933,
5,399,0,0.7853243350982666,
5,400,0,0.8210553526878357,
5,401,0,0.7933405637741089,
5,402,0,0.8104782104492188,
5,403,0,0.8052951693534851,
5,404,0,0.7966246604919434,
5,405,0,0.8238767981529236,
5,406,0,0.8011364936828613,
5,407,0,0.8075968027114868,
5,408,0,0.792528510093689,
5,409,0,0.7831448316574097,
5,410,0,0.7792976498603821,
5,411,0,0.7854539752006531,
5,412,0,0.8296060562133789,
5,413,0,0.8211671113967896,
5,414,0,0.7769099473953247,
5,415,0,0.8035377860069275,
5,416,0,0.8261469006538391,
5,417,0,0.7824496030807495,
5,418,0,0.7728267908096313,
5,419,0,0.7620908617973328,
5,420,0,0.8006025552749634,
5,421,0,0.819571852684021,
5,422,0,0.8264148235321045,
5,423,0,0.8266668915748596,
5,424,0,0.788077712059021,
5,425,0,0.8240481019020081,
5,426,0,0.8116024732589722,
5,427,0,0.7887133359909058,
5,428,0,0.8000943064689636,
5,429,0,0.8127318024635315,
5,430,0,0.8235323429107666,
5,431,0,0.8042452931404114,
5,432,0,0.8159818649291992,
5,433,0,0.8079527020454407,
5,434,0,0.8328438401222229,
5,435,0,0.7720118761062622,
5,436,0,0.7908263206481934,
5,437,0,0.7931544780731201,
5,438,0,0.8230795860290527,
5,439,0,0.7999470829963684,
5,440,0,0.7943819761276245,
5,441,0,0.8037692308425903,
5,442,0,0.7992954254150391,
5,443,0,0.8200215697288513,
5,444,0,0.8066791892051697,
5,445,0,0.8329082727432251,
5,446,0,0.8236995935440063,
5,447,0,0.8053498268127441,
5,448,0,0.7834660410881042,
5,449,0,0.7993600964546204,
5,450,0,0.8233754634857178,
5,451,0,0.8255277872085571,
5,452,0,0.7923222780227661,
5,453,0,0.8280276656150818,
5,454,0,0.8292720317840576,
5,455,0,0.810701310634613,
5,456,0,0.8136683702468872,
5,457,0,0.8174976110458374,
5,458,0,0.8192184567451477,
5,459,0,0.7951418161392212,
5,460,0,0.8108519911766052,
5,461,0,0.7839359641075134,
5,462,0,0.7987474799156189,
5,463,0,0.7948299050331116,
5,464,0,0.8061981201171875,
5,465,0,0.7940595149993896,
5,466,0,0.828696608543396,
5,467,0,0.8156749606132507,
5,468,0,0.8125930428504944,
5,469,0,0.8234738111495972,
5,470,0,0.7845035195350647,
5,471,0,0.8152580261230469,
5,472,0,0.7868865132331848,
5,473,0,0.8082446455955505,
5,474,0,0.814976155757904,
5,475,0,0.8246093988418579,
5,476,0,0.8108124732971191,
5,477,0,0.7950278520584106,
5,478,0,0.8268355131149292,
5,479,0,0.8243117332458496,
5,480,0,0.785272479057312,
5,481,0,0.8170196413993835,
5,482,0,0.7802928686141968,
5,483,0,0.8227325677871704,
5,484,0,0.8408128023147583,
5,485,0,0.812490701675415,
5,486,0,0.7763788104057312,
5,487,0,0.8328293561935425,
5,488,0,0.7852135896682739,
5,489,0,0.8061472773551941,
5,490,0,0.8107388615608215,
5,491,0,0.7829183340072632,
5,492,0,0.8147916197776794,
5,493,0,0.8256681561470032,
5,494,0,0.8154135346412659,
5,495,0,0.7998403310775757,
5,496,0,0.8172314167022705,
5,497,0,0.8160725235939026,
5,498,0,0.8129669427871704,
5,499,0,0.7551966905593872,
5,500,0,0.7737376689910889,
5,501,0,0.793247640132904,
5,502,0,0.7843507528305054,
5,503,0,0.797321617603302,
5,504,0,0.7896786332130432,
5,505,0,0.8063392043113708,
5,506,0,0.8078786134719849,
5,507,0,0.7832331657409668,
5,508,0,0.8170037269592285,
5,509,0,0.8044452667236328,
5,510,0,0.8043540716171265,
5,511,0,0.8221046924591064,
5,512,0,0.80955570936203,
5,513,0,0.8214861154556274,
5,514,0,0.8189070820808411,
5,515,0,0.7882430553436279,
5,516,0,0.794174313545227,
5,517,0,0.7880210876464844,
5,518,0,0.8058821558952332,
5,519,0,0.8051093816757202,
5,520,0,0.7825604677200317,
5,521,0,0.7855193018913269,
5,522,0,0.8166904449462891,
5,523,0,0.825177788734436,
5,524,0,0.8052011132240295,
5,525,0,0.8096919655799866,
5,526,0,0.8135315179824829,
5,527,0,0.7977633476257324,
5,528,0,0.821281373500824,
5,529,0,0.8154028058052063,
5,530,0,0.8081374764442444,
5,531,0,0.7820960283279419,
5,532,0,0.8082626461982727,
5,533,0,0.8312667012214661,
5,534,0,0.8123499751091003,
5,535,0,0.7890015244483948,
5,536,0,0.8095970153808594,
5,537,0,0.8112967610359192,
5,538,0,0.7663827538490295,
5,539,0,0.7788794040679932,
5,540,0,0.8250071406364441,
5,541,0,0.8232759833335876,
5,542,0,0.8082795143127441,
5,543,0,0.7687388062477112,
5,544,0,0.7777209281921387,
5,545,0,0.7752602696418762,
5,546,0,0.8188048601150513,
5,547,0,0.8019876480102539,
5,548,0,0.8100084066390991,
5,549,0,0.8161261081695557,
5,550,0,0.7986031770706177,
5,551,0,0.8036274313926697,
5,552,0,0.7847563028335571,
5,553,0,0.8005417585372925,
5,554,0,0.7998669743537903,
5,555,0,0.7934232354164124,
5,556,0,0.8173777461051941,
5,557,0,0.8054717183113098,
5,558,0,0.8086307048797607,
5,559,0,0.7775353789329529,
5,560,0,0.8081252574920654,
5,561,0,0.7950185537338257,
5,562,0,0.812544584274292,
5,563,0,0.8256608247756958,
5,564,0,0.814751386642456,
5,565,0,0.7769090533256531,
5,566,0,0.8259786367416382,
5,567,0,0.8006902933120728,
5,568,0,0.7833453416824341,
5,569,0,0.812786877155304,
5,570,0,0.7854410409927368,
5,571,0,0.7982361316680908,
5,572,0,0.8246532678604126,
5,573,0,0.8315612077713013,
5,574,0,0.8179523348808289,
5,575,0,0.768430769443512,
5,576,0,0.753925085067749,
5,577,0,0.7767665386199951,
5,578,0,0.8060407638549805,
5,579,0,0.8147590756416321,
5,580,0,0.808994472026825,
5,581,0,0.8197277188301086,
5,582,0,0.79979008436203,
5,583,0,0.8066984415054321,
5,584,0,0.814315676689148,
5,585,0,0.8001397848129272,
5,586,0,0.7747613787651062,
5,587,0,0.8314926624298096,
5,588,0,0.8036460280418396,
5,589,0,0.7797619104385376,
5,590,0,0.8143812417984009,
5,591,0,0.7785086035728455,
5,592,0,0.8219685554504395,
5,593,0,0.7812913656234741,
5,594,0,0.7948320508003235,
5,595,0,0.82792067527771,
5,596,0,0.8146139979362488,
5,597,0,0.8161102533340454,
5,598,0,0.7735863327980042,
5,599,0,0.8268523812294006,
5,600,0,0.8212819695472717,
5,601,0,0.774834930896759,
5,602,0,0.7823978066444397,
5,603,0,0.8275982737541199,
5,604,0,0.7791414856910706,
5,val,,,0.8117066065470377
6,0,0,0.80134117603302,
6,1,0,0.8291011452674866,
6,2,0,0.778693437576294,
6,3,0,0.8185678124427795,
6,4,0,0.8153101801872253,
6,5,0,0.8130853772163391,
6,6,0,0.8249689340591431,
6,7,0,0.8080268502235413,
6,8,0,0.8168846368789673,
6,9,0,0.8186699151992798,
6,10,0,0.7856214642524719,
6,11,0,0.8319364190101624,
6,12,0,0.7799462080001831,
6,13,0,0.813151478767395,
6,14,0,0.8286364674568176,
6,15,0,0.8176012635231018,
6,16,0,0.8158124089241028,
6,17,0,0.8120537400245667,
6,18,0,0.8216750621795654,
6,19,0,0.7971041798591614,
6,20,0,0.8129644989967346,
6,21,0,0.8212800025939941,
6,22,0,0.8102390766143799,
6,23,0,0.8025112748146057,
6,24,0,0.8136653900146484,
6,25,0,0.8056581020355225,
6,26,0,0.8206090927124023,
6,27,0,0.806938886642456,
6,28,0,0.824302077293396,
6,29,0,0.8344635963439941,
6,30,0,0.8077715635299683,
6,31,0,0.8043174743652344,
6,32,0,0.8107104897499084,
6,33,0,0.8033767342567444,
6,34,0,0.8024468421936035,
6,35,0,0.8103094100952148,
6,36,0,0.7907748222351074,
6,37,0,0.8007273077964783,
6,38,0,0.809240460395813,
6,39,0,0.7962799072265625,
6,40,0,0.7980421781539917,
6,41,0,0.8005403280258179,
6,42,0,0.8030956983566284,
6,43,0,0.8227947950363159,
6,44,0,0.795376181602478,
6,45,0,0.7989552617073059,
6,46,0,0.8117321729660034,
6,47,0,0.7831651568412781,
6,48,0,0.8233413696289062,
6,49,0,0.7977412343025208,
6,50,0,0.826718270778656,
6,51,0,0.8231519460678101,
6,52,0,0.8248308300971985,
6,53,0,0.8250390291213989,
6,54,0,0.7967053055763245,
6,55,0,0.8227077722549438,
6,56,0,0.7702813148498535,
6,57,0,0.8129385113716125,
6,58,0,0.8070244789123535,
6,59,0,0.8236312866210938,
6,60,0,0.8185818195343018,
6,61,0,0.824981153011322,
6,62,0,0.7780364751815796,
6,63,0,0.8111695647239685,
6,64,0,0.8015979528427124,
6,65,0,0.8139481544494629,
6,66,0,0.7788465619087219,
6,67,0,0.7982906103134155,
6,68,0,0.8255413770675659,
6,69,0,0.8288278579711914,
6,70,0,0.7687541842460632,
6,71,0,0.8069198727607727,
6,72,0,0.7953864336013794,
6,73,0,0.7944211363792419,
6,74,0,0.8038889169692993,
6,75,0,0.8025163412094116,
6,76,0,0.7929623126983643,
6,77,0,0.8129415512084961,
6,78,0,0.8170469999313354,
6,79,0,0.7804610729217529,
6,80,0,0.805302619934082,
6,81,0,0.7845752239227295,
6,82,0,0.8120489120483398,
6,83,0,0.8149316310882568,
6,84,0,0.816394567489624,
6,85,0,0.8175764083862305,
6,86,0,0.8020620942115784,
6,87,0,0.8181329369544983,
6,88,0,0.8214128017425537,
6,89,0,0.8116323947906494,
6,90,0,0.8189167380332947,
6,91,0,0.7886298894882202,
6,92,0,0.8138183355331421,
6,93,0,0.8253873586654663,
6,94,0,0.7966510057449341,
6,95,0,0.7677090167999268,
6,96,0,0.820268988609314,
6,97,0,0.7771402597427368,
6,98,0,0.8127630949020386,
6,99,0,0.8191043734550476,
6,100,0,0.8170844316482544,
6,101,0,0.816994309425354,
6,102,0,0.7873468995094299,
6,103,0,0.8074570894241333,
6,104,0,0.8035589456558228,
6,105,0,0.8032217025756836,
6,106,0,0.7731367349624634,
6,107,0,0.7989431619644165,
6,108,0,0.8097867965698242,
6,109,0,0.7961916327476501,
6,110,0,0.812932014465332,
6,111,0,0.818080484867096,
6,112,0,0.7818930745124817,
6,113,0,0.8162345290184021,
6,114,0,0.8008096218109131,
6,115,0,0.772696316242218,
6,116,0,0.7789723873138428,
6,117,0,0.7867365479469299,
6,118,0,0.8271985650062561,
6,119,0,0.7915840744972229,
6,120,0,0.8105090260505676,
6,121,0,0.8209893703460693,
6,122,0,0.787682831287384,
6,123,0,0.7732659578323364,
6,124,0,0.794451117515564,
6,125,0,0.7852746844291687,
6,126,0,0.8167167901992798,
6,127,0,0.792570173740387,
6,128,0,0.8034549951553345,
6,129,0,0.7806835174560547,
6,130,0,0.8189683556556702,
6,131,0,0.8323366045951843,
6,132,0,0.787954568862915,
6,133,0,0.8130136132240295,
6,134,0,0.7986822128295898,
6,135,0,0.805747389793396,
6,136,0,0.8219228982925415,
6,137,0,0.7847632169723511,
6,138,0,0.8207650184631348,
6,139,0,0.7997704148292542,
6,140,0,0.8186797499656677,
6,141,0,0.8094596266746521,
6,142,0,0.7737045884132385,
6,143,0,0.7969990968704224,
6,144,0,0.8011136054992676,
6,145,0,0.7731313109397888,
6,146,0,0.817885160446167,
6,147,0,0.8369794487953186,
6,148,0,0.810030460357666,
6,149,0,0.7666752338409424,
6,150,0,0.8252869844436646,
6,151,0,0.7931170463562012,
6,152,0,0.8171722888946533,
6,153,0,0.7952539920806885,
6,154,0,0.8261272311210632,
6,155,0,0.828919529914856,
6,156,0,0.8004763722419739,
6,157,0,0.8219808340072632,
6,158,0,0.7915671467781067,
6,159,0,0.7875948548316956,
6,160,0,0.7907086610794067,
6,161,0,0.8057112097740173,
6,162,0,0.8072474598884583,
6,163,0,0.8266971707344055,
6,164,0,0.8053500652313232,
6,165,0,0.7925986051559448,
6,166,0,0.800922691822052,
6,167,0,0.8239336013793945,
6,168,0,0.7818261981010437,
6,169,0,0.7737860083580017,
6,170,0,0.7859257459640503,
6,171,0,0.8098955750465393,
6,172,0,0.8232654333114624,
6,173,0,0.7858343124389648,
6,174,0,0.7709474563598633,
6,175,0,0.8118718862533569,
6,176,0,0.8216619491577148,
6,177,0,0.8249088525772095,
6,178,0,0.8161957263946533,
6,179,0,0.8105409741401672,
6,180,0,0.8229362964630127,
6,181,0,0.8064287304878235,
6,182,0,0.8036688566207886,
6,183,0,0.7923310399055481,
6,184,0,0.8217418789863586,
6,185,0,0.812488317489624,
6,186,0,0.8161846995353699,
6,187,0,0.821098268032074,
6,188,0,0.8109090328216553,
6,189,0,0.8119975328445435,
6,190,0,0.7816407084465027,
6,191,0,0.7898352146148682,
6,192,0,0.797764003276825,
6,193,0,0.8149914741516113,
6,194,0,0.8049179911613464,
6,195,0,0.8137094974517822,
6,196,0,0.7697948217391968,
6,197,0,0.7582488656044006,
6,198,0,0.7937238812446594,
6,199,0,0.8253083229064941,
6,200,0,0.8107466697692871,
6,201,0,0.8016221523284912,
6,202,0,0.825758695602417,
6,203,0,0.8248654007911682,
6,204,0,0.8202241659164429,
6,205,0,0.8265424370765686,
6,206,0,0.7784860730171204,
6,207,0,0.7842497229576111,
6,208,0,0.8181393146514893,
6,209,0,0.7998509407043457,
6,210,0,0.8270928263664246,
6,211,0,0.795730471611023,
6,212,0,0.8082389831542969,
6,213,0,0.7929360866546631,
6,214,0,0.8186991214752197,
6,215,0,0.8051110506057739,
6,216,0,0.8260141015052795,
6,217,0,0.8195051550865173,
6,218,0,0.8065151572227478,
6,219,0,0.7817349433898926,
6,220,0,0.7802500128746033,
6,221,0,0.8324945569038391,
6,222,0,0.7776172757148743,
6,223,0,0.7801010608673096,
6,224,0,0.8282003998756409,
6,225,0,0.7585934400558472,
6,226,0,0.8085029125213623,
6,227,0,0.81597501039505,
6,228,0,0.8193257451057434,
6,229,0,0.8219483494758606,
6,230,0,0.8025181293487549,
6,231,0,0.7775814533233643,
6,232,0,0.8025426864624023,
6,233,0,0.8222734332084656,
6,234,0,0.7941468358039856,
6,235,0,0.792861819267273,
6,236,0,0.7757706642150879,
6,237,0,0.7984205484390259,
6,238,0,0.825369656085968,
6,239,0,0.8285118341445923,
6,240,0,0.7973613739013672,
6,241,0,0.8240145444869995,
6,242,0,0.7971230745315552,
6,243,0,0.8011493682861328,
6,244,0,0.7796537280082703,
6,245,0,0.8122969269752502,
6,246,0,0.820165753364563,
6,247,0,0.8171727657318115,
6,248,0,0.8150067329406738,
6,249,0,0.7985097169876099,
6,250,0,0.8167117238044739,
6,251,0,0.8316017389297485,
6,252,0,0.8225655555725098,
6,253,0,0.7758517265319824,
6,254,0,0.7576674818992615,
6,255,0,0.8236528635025024,
6,256,0,0.8151126503944397,
6,257,0,0.8259451985359192,
6,258,0,0.8049299716949463,
6,259,0,0.8268181085586548,
6,260,0,0.7816068530082703,
6,261,0,0.7751814723014832,
6,262,0,0.7604962587356567,
6,263,0,0.8254222869873047,
6,264,0,0.7957435846328735,
6,265,0,0.7758088707923889,
6,266,0,0.7818308472633362,
6,267,0,0.8120803236961365,
6,268,0,0.8209012746810913,
6,269,0,0.8069964647293091,
6,270,0,0.8135404586791992,
6,271,0,0.7861368656158447,
6,272,0,0.8156651854515076,
6,273,0,0.8220169544219971,
6,274,0,0.8141927123069763,
6,275,0,0.7642808556556702,
6,276,0,0.813093900680542,
6,277,0,0.8086898326873779,
6,278,0,0.7699063420295715,
6,279,0,0.807625412940979,
6,280,0,0.8171260356903076,
6,281,0,0.7772167921066284,
6,282,0,0.812107264995575,
6,283,0,0.8001347184181213,
6,284,0,0.7853036522865295,
6,285,0,0.8012585043907166,
6,286,0,0.8207741379737854,
6,287,0,0.7942982912063599,
6,288,0,0.8194294571876526,
6,289,0,0.7878957986831665,
6,290,0,0.8226678371429443,
6,291,0,0.8208439946174622,
6,292,0,0.8079532384872437,
6,293,0,0.7609254717826843,
6,294,0,0.8220446109771729,
6,295,0,0.7720153331756592,
6,296,0,0.7943083643913269,
6,297,0,0.8241945505142212,
6,298,0,0.785869836807251,
6,299,0,0.8120061159133911,
6,300,0,0.7821568846702576,
6,301,0,0.8136414885520935,
6,302,0,0.8412269353866577,
6,303,0,0.8139643669128418,
6,304,0,0.7982627749443054,
6,305,0,0.8166013956069946,
6,306,0,0.766108512878418,
6,307,0,0.7616640329360962,
6,308,0,0.8082431554794312,
6,309,0,0.7908146381378174,
6,310,0,0.793299674987793,
6,311,0,0.7826228737831116,
6,312,0,0.8104871511459351,
6,313,0,0.8085998892784119,
6,314,0,0.8068125247955322,
6,315,0,0.8057782053947449,
6,316,0,0.8101643919944763,
6,317,0,0.8206870555877686,
6,318,0,0.8165096044540405,
6,319,0,0.8250858783721924,
6,320,0,0.7805989980697632,
6,321,0,0.7688125371932983,
6,322,0,0.8253124952316284,
6,323,0,0.8185057640075684,
6,324,0,0.815645158290863,
6,325,0,0.8265342712402344,
6,326,0,0.8222739696502686,
6,327,0,0.7861852049827576,
6,328,0,0.7759321331977844,
6,329,0,0.7559909820556641,
6,330,0,0.8032878637313843,
6,331,0,0.7862246632575989,
6,332,0,0.8123162388801575,
6,333,0,0.8043019771575928,
6,334,0,0.7824229001998901,
6,335,0,0.8156704902648926,
6,336,0,0.8077749013900757,
6,337,0,0.7637594938278198,
6,338,0,0.8178012371063232,
6,339,0,0.8139503002166748,
6,340,0,0.8117804527282715,
6,341,0,0.7903149724006653,
6,342,0,0.8115804195404053,
6,343,0,0.8194481730461121,
6,344,0,0.819044828414917,
6,345,0,0.7633745670318604,
6,346,0,0.7867418527603149,
6,347,0,0.8147776126861572,
6,348,0,0.8354873657226562,
6,349,0,0.7979386448860168,
6,350,0,0.7807262539863586,
6,351,0,0.8022056818008423,
6,352,0,0.8193997144699097,
6,353,0,0.7972161173820496,
6,354,0,0.8305559158325195,
6,355,0,0.7943660020828247,
6,356,0,0.833090603351593,
6,357,0,0.8168457746505737,
6,358,0,0.8213287591934204,
6,359,0,0.8055709004402161,
6,360,0,0.7985143065452576,
6,361,0,0.791227400302887,
6,362,0,0.8055534362792969,
6,363,0,0.8172140121459961,
6,364,0,0.7904041409492493,
6,365,0,0.7748172283172607,
6,366,0,0.7726258039474487,
6,367,0,0.7776231169700623,
6,368,0,0.8079975247383118,
6,369,0,0.8172850012779236,
6,370,0,0.8033872842788696,
6,371,0,0.837121307849884,
6,372,0,0.8152123689651489,
6,373,0,0.8177764415740967,
6,374,0,0.788569450378418,
6,375,0,0.7780093550682068,
6,376,0,0.8193831443786621,
6,377,0,0.8291070461273193,
6,378,0,0.7600259780883789,
6,379,0,0.8203275799751282,
6,380,0,0.7570629715919495,
6,381,0,0.7692462205886841,
6,382,0,0.7661870121955872,
6,383,0,0.7574211359024048,
6,384,0,0.8155436515808105,
6,385,0,0.8156835436820984,
6,386,0,0.7933486104011536,
6,387,0,0.8156254291534424,
6,388,0,0.7673031091690063,
6,389,0,0.8274410367012024,
6,390,0,0.7629230618476868,
6,391,0,0.7994089126586914,
6,392,0,0.8207762241363525,
6,393,0,0.8029868006706238,
6,394,0,0.7883768677711487,
6,395,0,0.8174949884414673,
6,396,0,0.8028445839881897,
6,397,0,0.815633237361908,
6,398,0,0.8234623074531555,
6,399,0,0.7760978937149048,
6,400,0,0.8191428780555725,
6,401,0,0.7797284722328186,
6,402,0,0.8014862537384033,
6,403,0,0.8014106154441833,
6,404,0,0.7923161387443542,
6,405,0,0.823312520980835,
6,406,0,0.7931574583053589,
6,407,0,0.7967569231987,
6,408,0,0.7833417057991028,
6,409,0,0.7762771248817444,
6,410,0,0.7705488801002502,
6,411,0,0.772057056427002,
6,412,0,0.8284289240837097,
6,413,0,0.818935751914978,
6,414,0,0.7588493824005127,
6,415,0,0.7990380525588989,
6,416,0,0.8256112337112427,
6,417,0,0.768031120300293,
6,418,0,0.7581454515457153,
6,419,0,0.7480182647705078,
6,420,0,0.7989071607589722,
6,421,0,0.8177558183670044,
6,422,0,0.8254339694976807,
6,423,0,0.8261194229125977,
6,424,0,0.78122478723526,
6,425,0,0.8203318119049072,
6,426,0,0.8122371435165405,
6,427,0,0.7827725410461426,
6,428,0,0.7989124059677124,
6,429,0,0.8122530579566956,
6,430,0,0.8219597339630127,
6,431,0,0.7854154109954834,
6,432,0,0.8155384063720703,
6,433,0,0.8005164861679077,
6,434,0,0.8293091058731079,
6,435,0,0.7567297220230103,
6,436,0,0.7874151468276978,
6,437,0,0.7832656502723694,
6,438,0,0.821945071220398,
6,439,0,0.797968327999115,
6,440,0,0.7789042592048645,
6,441,0,0.798361599445343,
6,442,0,0.7963429093360901,
6,443,0,0.8195722103118896,
6,444,0,0.80283123254776,
6,445,0,0.8305459022521973,
6,446,0,0.8238383531570435,
6,447,0,0.8000794649124146,
6,448,0,0.7723628878593445,
6,449,0,0.7979559898376465,
6,450,0,0.8240695595741272,
6,451,0,0.8124755620956421,
6,452,0,0.7817894816398621,
6,453,0,0.8271709680557251,
6,454,0,0.8235676288604736,
6,455,0,0.8048382997512817,
6,456,0,0.8144158124923706,
6,457,0,0.8125765323638916,
6,458,0,0.8168479204177856,
6,459,0,0.7870340943336487,
6,460,0,0.7998812198638916,
6,461,0,0.7723363637924194,
6,462,0,0.7935100197792053,
6,463,0,0.7924149632453918,
6,464,0,0.7972196936607361,
6,465,0,0.7803009748458862,
6,466,0,0.8249698281288147,
6,467,0,0.8057689666748047,
6,468,0,0.8114173412322998,
6,469,0,0.8309235572814941,
6,470,0,0.7745904326438904,
6,471,0,0.8146544694900513,
6,472,0,0.7832577228546143,
6,473,0,0.8061786890029907,
6,474,0,0.8119305372238159,
6,475,0,0.8190613389015198,
6,476,0,0.8072758913040161,
6,477,0,0.7847779393196106,
6,478,0,0.8267010450363159,
6,479,0,0.821320652961731,
6,480,0,0.7718639373779297,
6,481,0,0.8124092221260071,
6,482,0,0.7661126852035522,
6,483,0,0.8217766880989075,
6,484,0,0.8356730937957764,
6,485,0,0.8122571110725403,
6,486,0,0.7603078484535217,
6,487,0,0.8309684991836548,
6,488,0,0.7736462354660034,
6,489,0,0.8012726902961731,
6,490,0,0.8031954765319824,
6,491,0,0.7765026092529297,
6,492,0,0.8079334497451782,
6,493,0,0.8241972327232361,
6,494,0,0.8102917075157166,
6,495,0,0.7907904386520386,
6,496,0,0.8134360313415527,
6,497,0,0.814032256603241,
6,498,0,0.8069640398025513,
6,499,0,0.741966724395752,
6,500,0,0.761139452457428,
6,501,0,0.7868225574493408,
6,502,0,0.7710174918174744,
6,503,0,0.7871791124343872,
6,504,0,0.7841395139694214,
6,505,0,0.8029441237449646,
6,506,0,0.7994159460067749,
6,507,0,0.7755347490310669,
6,508,0,0.8176077604293823,
6,509,0,0.798980176448822,
6,510,0,0.8027784824371338,
6,511,0,0.8195738196372986,
6,512,0,0.7995569705963135,
6,513,0,0.8221396207809448,
6,514,0,0.806762158870697,
6,515,0,0.7703356742858887,
6,516,0,0.7837363481521606,
6,517,0,0.778542160987854,
6,518,0,0.8008661270141602,
6,519,0,0.7995328307151794,
6,520,0,0.7712960839271545,
6,521,0,0.7730399966239929,
6,522,0,0.8109304904937744,
6,523,0,0.8245294094085693,
6,524,0,0.8035483956336975,
6,525,0,0.8048434257507324,
6,526,0,0.8117291331291199,
6,527,0,0.7930684685707092,
6,528,0,0.8168350458145142,
6,529,0,0.814422607421875,
6,530,0,0.8022357225418091,
6,531,0,0.7665309906005859,
6,532,0,0.8034501075744629,
6,533,0,0.8244901299476624,
6,534,0,0.8101218342781067,
6,535,0,0.7838506698608398,
6,536,0,0.8031716346740723,
6,537,0,0.8105143308639526,
6,538,0,0.75246262550354,
6,539,0,0.7696564197540283,
6,540,0,0.8229009509086609,
6,541,0,0.8240338563919067,
6,542,0,0.7986781597137451,
6,543,0,0.7583784461021423,
6,544,0,0.7675125598907471,
6,545,0,0.7640377283096313,
6,546,0,0.8186784982681274,
6,547,0,0.799425482749939,
6,548,0,0.806093692779541,
6,549,0,0.8131489753723145,
6,550,0,0.7942917346954346,
6,551,0,0.7973319292068481,
6,552,0,0.7713280916213989,
6,553,0,0.7950394749641418,
6,554,0,0.788936197757721,
6,555,0,0.7841777205467224,
6,556,0,0.810616135597229,
6,557,0,0.7992067337036133,
6,558,0,0.8057636022567749,
6,559,0,0.7581647038459778,
6,560,0,0.8051106929779053,
6,561,0,0.7861648201942444,
6,562,0,0.8078876733779907,
6,563,0,0.8236151933670044,
6,564,0,0.8077653646469116,
6,565,0,0.7686207890510559,
6,566,0,0.8242667317390442,
6,567,0,0.7883940935134888,
6,568,0,0.768389105796814,
6,569,0,0.8068140149116516,
6,570,0,0.7709006667137146,
6,571,0,0.7953609228134155,
6,572,0,0.8256568908691406,
6,573,0,0.8254973292350769,
6,574,0,0.8148558139801025,
6,575,0,0.7542344331741333,
6,576,0,0.7382079362869263,
6,577,0,0.7682332396507263,
6,578,0,0.807038426399231,
6,579,0,0.8065965175628662,
6,580,0,0.8045530915260315,
6,581,0,0.8164183497428894,
6,582,0,0.79290372133255,
6,583,0,0.7983027696609497,
6,584,0,0.8100189566612244,
6,585,0,0.7907463312149048,
6,586,0,0.7616997361183167,
6,587,0,0.8276403546333313,
6,588,0,0.797069251537323,
6,589,0,0.7705651521682739,
6,590,0,0.8120241165161133,
6,591,0,0.762493371963501,
6,592,0,0.8182889819145203,
6,593,0,0.7699233293533325,
6,594,0,0.780866265296936,
6,595,0,0.830823540687561,
6,596,0,0.8131402730941772,
6,597,0,0.8108482360839844,
6,598,0,0.7609272003173828,
6,599,0,0.8245861530303955,
6,600,0,0.8220596313476562,
6,601,0,0.7582865357398987,
6,602,0,0.7750627994537354,
6,603,0,0.8268677592277527,
6,604,0,0.7665985822677612,
6,val,,,0.8098792378107706
7,0,0,0.7968215942382812,
7,1,0,0.827499270439148,
7,2,0,0.767364501953125,
7,3,0,0.8176889419555664,
7,4,0,0.8102559447288513,
7,5,0,0.8133604526519775,
7,6,0,0.825173020362854,
7,7,0,0.8039346933364868,
7,8,0,0.8172210454940796,
7,9,0,0.8195253610610962,
7,10,0,0.7760557532310486,
7,11,0,0.8330128192901611,
7,12,0,0.7697558403015137,
7,13,0,0.807441234588623,
7,14,0,0.8259862661361694,
7,15,0,0.8157222270965576,
7,16,0,0.8053673505783081,
7,17,0,0.808914065361023,
7,18,0,0.8232333064079285,
7,19,0,0.7953822016716003,
7,20,0,0.8080339431762695,
7,21,0,0.8201127052307129,
7,22,0,0.8058391213417053,
7,23,0,0.8018075227737427,
7,24,0,0.8101283311843872,
7,25,0,0.8033397793769836,
7,26,0,0.8179875016212463,
7,27,0,0.801511287689209,
7,28,0,0.8183292150497437,
7,29,0,0.8337002396583557,
7,30,0,0.8013357520103455,
7,31,0,0.7996344566345215,
7,32,0,0.8048019409179688,
7,33,0,0.7999753952026367,
7,34,0,0.7907567024230957,
7,35,0,0.8098052740097046,
7,36,0,0.7832602262496948,
7,37,0,0.7964450120925903,
7,38,0,0.8046921491622925,
7,39,0,0.7881951928138733,
7,40,0,0.7883528470993042,
7,41,0,0.7980254888534546,
7,42,0,0.7956894040107727,
7,43,0,0.8213022947311401,
7,44,0,0.7893199920654297,
7,45,0,0.7986449003219604,
7,46,0,0.8069872260093689,
7,47,0,0.7719789743423462,
7,48,0,0.8209866881370544,
7,49,0,0.7904068827629089,
7,50,0,0.8228501677513123,
7,51,0,0.8213298320770264,
7,52,0,0.8267819881439209,
7,53,0,0.8210597634315491,
7,54,0,0.7861236929893494,
7,55,0,0.8184164762496948,
7,56,0,0.7613726854324341,
7,57,0,0.8071720004081726,
7,58,0,0.8030004501342773,
7,59,0,0.8247533440589905,
7,60,0,0.814592182636261,
7,61,0,0.8240616321563721,
7,62,0,0.7672930955886841,
7,63,0,0.8066173791885376,
7,64,0,0.7989778518676758,
7,65,0,0.8113489747047424,
7,66,0,0.7680628895759583,
7,67,0,0.792474091053009,
7,68,0,0.8223605155944824,
7,69,0,0.8289836645126343,
7,70,0,0.7529414892196655,
7,71,0,0.8038967847824097,
7,72,0,0.7946187853813171,
7,73,0,0.7878777980804443,
7,74,0,0.799401044845581,
7,75,0,0.8016433119773865,
7,76,0,0.7868392467498779,
7,77,0,0.812892735004425,
7,78,0,0.8145624399185181,
7,79,0,0.7678011655807495,
7,80,0,0.8003109693527222,
7,81,0,0.7788097262382507,
7,82,0,0.809946596622467,
7,83,0,0.8121330738067627,
7,84,0,0.8144831657409668,
7,85,0,0.8161225318908691,
7,86,0,0.798837423324585,
7,87,0,0.8180834054946899,
7,88,0,0.8141016960144043,
7,89,0,0.8066744804382324,
7,90,0,0.8174042105674744,
7,91,0,0.7743699550628662,
7,92,0,0.8127889633178711,
7,93,0,0.8245431184768677,
7,94,0,0.7881578803062439,
7,95,0,0.7548772692680359,
7,96,0,0.8196075558662415,
7,97,0,0.765052080154419,
7,98,0,0.8118422031402588,
7,99,0,0.8179121613502502,
7,100,0,0.8084474205970764,
7,101,0,0.8118585348129272,
7,102,0,0.7818241715431213,
7,103,0,0.8054894804954529,
7,104,0,0.7971974611282349,
7,105,0,0.7924236059188843,
7,106,0,0.7607311010360718,
7,107,0,0.7877610921859741,
7,108,0,0.8088255524635315,
7,109,0,0.7908192873001099,
7,110,0,0.8140314817428589,
7,111,0,0.8169415593147278,
7,112,0,0.7719780206680298,
7,113,0,0.8131175637245178,
7,114,0,0.7922701835632324,
7,115,0,0.762334942817688,
7,116,0,0.7690213918685913,
7,117,0,0.7735827565193176,
7,118,0,0.827851414680481,
7,119,0,0.7877662777900696,
7,120,0,0.8100485801696777,
7,121,0,0.822247326374054,
7,122,0,0.7798526883125305,
7,123,0,0.7634661793708801,
7,124,0,0.788189709186554,
7,125,0,0.776711106300354,
7,126,0,0.8150148391723633,
7,127,0,0.7845196723937988,
7,128,0,0.8049148321151733,
7,129,0,0.7750129699707031,
7,130,0,0.8182335495948792,
7,131,0,0.8302121758460999,
7,132,0,0.7827673554420471,
7,133,0,0.8151928186416626,
7,134,0,0.78943932056427,
7,135,0,0.7969362139701843,
7,136,0,0.8207279443740845,
7,137,0,0.7765260934829712,
7,138,0,0.8206828832626343,
7,139,0,0.7927364706993103,
7,140,0,0.8188713788986206,
7,141,0,0.7997804880142212,
7,142,0,0.7647892236709595,
7,143,0,0.7884591221809387,
7,144,0,0.7925974130630493,
7,145,0,0.7582612633705139,
7,146,0,0.8172757625579834,
7,147,0,0.8269951343536377,
7,148,0,0.8054781556129456,
7,149,0,0.758124053478241,
7,150,0,0.8246415853500366,
7,151,0,0.7904950976371765,
7,152,0,0.8138612508773804,
7,153,0,0.7934523224830627,
7,154,0,0.8247849941253662,
7,155,0,0.8231003284454346,
7,156,0,0.7995354533195496,
7,157,0,0.8137784600257874,
7,158,0,0.7816671133041382,
7,159,0,0.7762712836265564,
7,160,0,0.7858667373657227,
7,161,0,0.8053854703903198,
7,162,0,0.8055726885795593,
7,163,0,0.8262125253677368,
7,164,0,0.7997264266014099,
7,165,0,0.7852341532707214,
7,166,0,0.7890571355819702,
7,167,0,0.8221776485443115,
7,168,0,0.766168475151062,
7,169,0,0.7670935988426208,
7,170,0,0.7809944748878479,
7,171,0,0.8082108497619629,
7,172,0,0.8210870623588562,
7,173,0,0.7793446779251099,
7,174,0,0.7635861039161682,
7,175,0,0.8038619160652161,
7,176,0,0.8237104415893555,
7,177,0,0.8234631419181824,
7,178,0,0.8112490773200989,
7,179,0,0.8075090050697327,
7,180,0,0.8199687004089355,
7,181,0,0.8037312626838684,
7,182,0,0.799078106880188,
7,183,0,0.7838069200515747,
7,184,0,0.8223106265068054,
7,185,0,0.8065866827964783,
7,186,0,0.8135683536529541,
7,187,0,0.8172421455383301,
7,188,0,0.809300422668457,
7,189,0,0.8077929019927979,
7,190,0,0.773447573184967,
7,191,0,0.7837397456169128,
7,192,0,0.7894608974456787,
7,193,0,0.8147651553153992,
7,194,0,0.7982186675071716,
7,195,0,0.8100144863128662,
7,196,0,0.7615137100219727,
7,197,0,0.7405375242233276,
7,198,0,0.7828779816627502,
7,199,0,0.8225820064544678,
7,200,0,0.8099586963653564,
7,201,0,0.7999201416969299,
7,202,0,0.8243914842605591,
7,203,0,0.8234462141990662,
7,204,0,0.8205453753471375,
7,205,0,0.8191543817520142,
7,206,0,0.7654416561126709,
7,207,0,0.7792363166809082,
7,208,0,0.8190702199935913,
7,209,0,0.7915130853652954,
7,210,0,0.8270151615142822,
7,211,0,0.7881007194519043,
7,212,0,0.7993468046188354,
7,213,0,0.7834655046463013,
7,214,0,0.8169304728507996,
7,215,0,0.8023850321769714,
7,216,0,0.8208516836166382,
7,217,0,0.8156082630157471,
7,218,0,0.8012168407440186,
7,219,0,0.7676166296005249,
7,220,0,0.7661105990409851,
7,221,0,0.8338034152984619,
7,222,0,0.7753390073776245,
7,223,0,0.7681453227996826,
7,224,0,0.8306660056114197,
7,225,0,0.7381043434143066,
7,226,0,0.8021997809410095,
7,227,0,0.811762809753418,
7,228,0,0.8146771192550659,
7,229,0,0.8204194903373718,
7,230,0,0.7935044765472412,
7,231,0,0.7719351053237915,
7,232,0,0.7903276681900024,
7,233,0,0.8190334439277649,
7,234,0,0.7900822758674622,
7,235,0,0.7820485830307007,
7,236,0,0.7645037770271301,
7,237,0,0.7891429662704468,
7,238,0,0.8252979516983032,
7,239,0,0.8262747526168823,
7,240,0,0.7948327660560608,
7,241,0,0.8204549551010132,
7,242,0,0.7949433326721191,
7,243,0,0.7954312562942505,
7,244,0,0.7725294828414917,
7,245,0,0.8089098930358887,
7,246,0,0.8172229528427124,
7,247,0,0.8164322376251221,
7,248,0,0.8070933818817139,
7,249,0,0.7938151359558105,
7,250,0,0.8102439641952515,
7,251,0,0.8297751545906067,
7,252,0,0.8220165967941284,
7,253,0,0.762311577796936,
7,254,0,0.7421272993087769,
7,255,0,0.8208051919937134,
7,256,0,0.8148581981658936,
7,257,0,0.8215321898460388,
7,258,0,0.7999750971794128,
7,259,0,0.8248268365859985,
7,260,0,0.7683647274971008,
7,261,0,0.7630290389060974,
7,262,0,0.7477185130119324,
7,263,0,0.8219844698905945,
7,264,0,0.7904356718063354,
7,265,0,0.7638462781906128,
7,266,0,0.7711433172225952,
7,267,0,0.8129610419273376,
7,268,0,0.8195377588272095,
7,269,0,0.8015145659446716,
7,270,0,0.8121756911277771,
7,271,0,0.7730544805526733,
7,272,0,0.8112499117851257,
7,273,0,0.8244444131851196,
7,274,0,0.8100613951683044,
7,275,0,0.7539886236190796,
7,276,0,0.8098680973052979,
7,277,0,0.8067086935043335,
7,278,0,0.7600736618041992,
7,279,0,0.7988916635513306,
7,280,0,0.8117727041244507,
7,281,0,0.7663945555686951,
7,282,0,0.8056279420852661,
7,283,0,0.7950423359870911,
7,284,0,0.7758328914642334,
7,285,0,0.796135663986206,
7,286,0,0.8162975311279297,
7,287,0,0.7916746735572815,
7,288,0,0.8201422095298767,
7,289,0,0.7829204797744751,
7,290,0,0.819297194480896,
7,291,0,0.8201440572738647,
7,292,0,0.8063403964042664,
7,293,0,0.7407101988792419,
7,294,0,0.8166171908378601,
7,295,0,0.7550540566444397,
7,296,0,0.7790499329566956,
7,297,0,0.8241016864776611,
7,298,0,0.7784450650215149,
7,299,0,0.8076222538948059,
7,300,0,0.7713282108306885,
7,301,0,0.8104028105735779,
7,302,0,0.8373066186904907,
7,303,0,0.809567928314209,
7,304,0,0.787568211555481,
7,305,0,0.8157274723052979,
7,306,0,0.7559831738471985,
7,307,0,0.7527413368225098,
7,308,0,0.8051068782806396,
7,309,0,0.7821405529975891,
7,310,0,0.7853861451148987,
7,311,0,0.774208664894104,
7,312,0,0.8033765554428101,
7,313,0,0.8039417862892151,
7,314,0,0.8049267530441284,
7,315,0,0.8015376329421997,
7,316,0,0.8091397881507874,
7,317,0,0.8164511919021606,
7,318,0,0.815438985824585,
7,319,0,0.8220243453979492,
7,320,0,0.7709096670150757,
7,321,0,0.7633322477340698,
7,322,0,0.8255511522293091,
7,323,0,0.8227710723876953,
7,324,0,0.8129914402961731,
7,325,0,0.8319262266159058,
7,326,0,0.818873405456543,
7,327,0,0.7778555154800415,
7,328,0,0.7634480595588684,
7,329,0,0.7487850785255432,
7,330,0,0.8042440414428711,
7,331,0,0.7782174348831177,
7,332,0,0.805251955986023,
7,333,0,0.7974333167076111,
7,334,0,0.7786802053451538,
7,335,0,0.8148473501205444,
7,336,0,0.8035165071487427,
7,337,0,0.7511552572250366,
7,338,0,0.813485860824585,
7,339,0,0.8122116327285767,
7,340,0,0.8075836896896362,
7,341,0,0.7855359315872192,
7,342,0,0.8109611868858337,
7,343,0,0.8191030621528625,
7,344,0,0.8144599199295044,
7,345,0,0.7424013614654541,
7,346,0,0.7757755517959595,
7,347,0,0.8071178197860718,
7,348,0,0.8357245922088623,
7,349,0,0.7952023148536682,
7,350,0,0.7790387868881226,
7,351,0,0.791839599609375,
7,352,0,0.8160657286643982,
7,353,0,0.7907763719558716,
7,354,0,0.833199143409729,
7,355,0,0.7848650813102722,
7,356,0,0.8283722400665283,
7,357,0,0.8088991641998291,
7,358,0,0.8212064504623413,
7,359,0,0.8103001117706299,
7,360,0,0.7944892644882202,
7,361,0,0.7811393141746521,
7,362,0,0.7994234561920166,
7,363,0,0.8145000338554382,
7,364,0,0.7809680700302124,
7,365,0,0.7632045745849609,
7,366,0,0.7587311267852783,
7,367,0,0.7646213173866272,
7,368,0,0.8038333654403687,
7,369,0,0.8184208869934082,
7,370,0,0.8014642000198364,
7,371,0,0.830366849899292,
7,372,0,0.803615927696228,
7,373,0,0.813185453414917,
7,374,0,0.7824732065200806,
7,375,0,0.7708940505981445,
7,376,0,0.8123077154159546,
7,377,0,0.8278383016586304,
7,378,0,0.7512839436531067,
7,379,0,0.8192471861839294,
7,380,0,0.7419472932815552,
7,381,0,0.7541865110397339,
7,382,0,0.7568982839584351,
7,383,0,0.7449509501457214,
7,384,0,0.8191393613815308,
7,385,0,0.814238429069519,
7,386,0,0.7845097780227661,
7,387,0,0.8108054399490356,
7,388,0,0.7547740340232849,
7,389,0,0.8250739574432373,
7,390,0,0.7498923540115356,
7,391,0,0.7930097579956055,
7,392,0,0.819902777671814,
7,393,0,0.7996622323989868,
7,394,0,0.7805255651473999,
7,395,0,0.815434455871582,
7,396,0,0.799014687538147,
7,397,0,0.814295768737793,
7,398,0,0.8173442482948303,
7,399,0,0.7706493735313416,
7,400,0,0.819898784160614,
7,401,0,0.774691641330719,
7,402,0,0.7964131236076355,
7,403,0,0.7984831929206848,
7,404,0,0.7895731925964355,
7,405,0,0.822952926158905,
7,406,0,0.7877852916717529,
7,407,0,0.7893751859664917,
7,408,0,0.7697462439537048,
7,409,0,0.7678343057632446,
7,410,0,0.7633161544799805,
7,411,0,0.7588289976119995,
7,412,0,0.8268882036209106,
7,413,0,0.8191163539886475,
7,414,0,0.7432634234428406,
7,415,0,0.794289231300354,
7,416,0,0.8260197043418884,
7,417,0,0.7592567205429077,
7,418,0,0.7401768565177917,
7,419,0,0.7383760809898376,
7,420,0,0.7944647073745728,
7,421,0,0.8108676075935364,
7,422,0,0.8245012760162354,
7,423,0,0.8256285190582275,
7,424,0,0.7707511782646179,
7,425,0,0.8198336362838745,
7,426,0,0.8103533387184143,
7,427,0,0.7786433696746826,
7,428,0,0.7914474010467529,
7,429,0,0.8065437078475952,
7,430,0,0.8167276978492737,
7,431,0,0.7735607624053955,
7,432,0,0.8154286742210388,
7,433,0,0.7988731265068054,
7,434,0,0.8297529816627502,
7,435,0,0.7407612800598145,
7,436,0,0.7802947163581848,
7,437,0,0.7744961380958557,
7,438,0,0.8195686936378479,
7,439,0,0.7927167415618896,
7,440,0,0.7660348415374756,
7,441,0,0.7987779974937439,
7,442,0,0.790160059928894,
7,443,0,0.8171263337135315,
7,444,0,0.7996631860733032,
7,445,0,0.8251320123672485,
7,446,0,0.8143160939216614,
7,447,0,0.7953883409500122,
7,448,0,0.7567113637924194,
7,449,0,0.7949310541152954,
7,450,0,0.8248569965362549,
7,451,0,0.806982696056366,
7,452,0,0.7734909057617188,
7,453,0,0.826237142086029,
7,454,0,0.82026207447052,
7,455,0,0.8014213442802429,
7,456,0,0.8132199048995972,
7,457,0,0.8080743551254272,
7,458,0,0.8119379878044128,
7,459,0,0.7804248332977295,
7,460,0,0.7932720184326172,
7,461,0,0.759865939617157,
7,462,0,0.7883117198944092,
7,463,0,0.7871859669685364,
7,464,0,0.7927002906799316,
7,465,0,0.7688970565795898,
7,466,0,0.8197475075721741,
7,467,0,0.7988530397415161,
7,468,0,0.809124231338501,
7,469,0,0.8272432684898376,
7,470,0,0.7638652920722961,
7,471,0,0.811257004737854,
7,472,0,0.7724936604499817,
7,473,0,0.7996119856834412,
7,474,0,0.8093093633651733,
7,475,0,0.8157365322113037,
7,476,0,0.8049601316452026,
7,477,0,0.7751600742340088,
7,478,0,0.8247765302658081,
7,479,0,0.825213611125946,
7,480,0,0.758185863494873,
7,481,0,0.8097984790802002,
7,482,0,0.7564870119094849,
7,483,0,0.8216801881790161,
7,484,0,0.8279367089271545,
7,485,0,0.8025062680244446,
7,486,0,0.743166446685791,
7,487,0,0.8314525485038757,
7,488,0,0.764693558216095,
7,489,0,0.7941290140151978,
7,490,0,0.7912570238113403,
7,491,0,0.7667508721351624,
7,492,0,0.8019605875015259,
7,493,0,0.8266530632972717,
7,494,0,0.8079065084457397,
7,495,0,0.7841651439666748,
7,496,0,0.8079456686973572,
7,497,0,0.8083738684654236,
7,498,0,0.8047246336936951,
7,499,0,0.7309826612472534,
7,500,0,0.746086835861206,
7,501,0,0.7813156843185425,
7,502,0,0.7581488490104675,
7,503,0,0.7790315747261047,
7,504,0,0.7775025367736816,
7,505,0,0.8002912402153015,
7,506,0,0.795287013053894,
7,507,0,0.7667257189750671,
7,508,0,0.8170819878578186,
7,509,0,0.7939134836196899,
7,510,0,0.8012416362762451,
7,511,0,0.8151003122329712,
7,512,0,0.7948920726776123,
7,513,0,0.8222231268882751,
7,514,0,0.7973417639732361,
7,515,0,0.760779619216919,
7,516,0,0.7748381495475769,
7,517,0,0.7682785987854004,
7,518,0,0.7947221994400024,
7,519,0,0.7956242561340332,
7,520,0,0.7625942826271057,
7,521,0,0.7640364766120911,
7,522,0,0.8090972304344177,
7,523,0,0.8248996734619141,
7,524,0,0.7996052503585815,
7,525,0,0.8019320964813232,
7,526,0,0.8103132247924805,
7,527,0,0.7878776788711548,
7,528,0,0.8133835792541504,
7,529,0,0.8054936528205872,
7,530,0,0.7944089770317078,
7,531,0,0.7591726183891296,
7,532,0,0.80060213804245,
7,533,0,0.8240954279899597,
7,534,0,0.8062460422515869,
7,535,0,0.7737051248550415,
7,536,0,0.7956092953681946,
7,537,0,0.8073133230209351,
7,538,0,0.7395973205566406,
7,539,0,0.7629424929618835,
7,540,0,0.8111295700073242,
7,541,0,0.8202793598175049,
7,542,0,0.7937195301055908,
7,543,0,0.7407459020614624,
7,544,0,0.7591605186462402,
7,545,0,0.7593581676483154,
7,546,0,0.8157501220703125,
7,547,0,0.7953087091445923,
7,548,0,0.7974240779876709,
7,549,0,0.8102445006370544,
7,550,0,0.7876594066619873,
7,551,0,0.7877342700958252,
7,552,0,0.7560003995895386,
7,553,0,0.7932620644569397,
7,554,0,0.782273530960083,
7,555,0,0.7729027271270752,
7,556,0,0.8059455156326294,
7,557,0,0.7944362163543701,
7,558,0,0.8014647960662842,
7,559,0,0.7405067682266235,
7,560,0,0.8032941222190857,
7,561,0,0.776600182056427,
7,562,0,0.8094148635864258,
7,563,0,0.821345865726471,
7,564,0,0.7960778474807739,
7,565,0,0.7622913718223572,
7,566,0,0.8204447627067566,
7,567,0,0.7832468152046204,
7,568,0,0.754211962223053,
7,569,0,0.8006906509399414,
7,570,0,0.7601514458656311,
7,571,0,0.7838541269302368,
7,572,0,0.8247459530830383,
7,573,0,0.823948860168457,
7,574,0,0.8137279748916626,
7,575,0,0.7387706637382507,
7,576,0,0.7162477970123291,
7,577,0,0.7542245984077454,
7,578,0,0.8062480092048645,
7,579,0,0.8070179224014282,
7,580,0,0.8080567121505737,
7,581,0,0.8120974898338318,
7,582,0,0.7864319086074829,
7,583,0,0.7948862910270691,
7,584,0,0.8075892925262451,
7,585,0,0.789048433303833,
7,586,0,0.7485911846160889,
7,587,0,0.8303676843643188,
7,588,0,0.7867227792739868,
7,589,0,0.7641445398330688,
7,590,0,0.810173511505127,
7,591,0,0.7508198618888855,
7,592,0,0.820667564868927,
7,593,0,0.7622365355491638,
7,594,0,0.767639696598053,
7,595,0,0.8219982385635376,
7,596,0,0.8096994161605835,
7,597,0,0.802839457988739,
7,598,0,0.7477235794067383,
7,599,0,0.820797324180603,
7,600,0,0.8199578523635864,
7,601,0,0.7450025081634521,
7,602,0,0.7705334424972534,
7,603,0,0.822873592376709,
7,604,0,0.7558454275131226,
7,val,,,0.8081036933263143
8,0,0,0.7940608263015747,
8,1,0,0.8237451910972595,
8,2,0,0.7566609978675842,
8,3,0,0.8142478466033936,
8,4,0,0.809614360332489,
8,5,0,0.8063790798187256,
8,6,0,0.8256453275680542,
8,7,0,0.7984102964401245,
8,8,0,0.8164180517196655,
8,9,0,0.8202841877937317,
8,10,0,0.774639368057251,
8,11,0,0.8285490870475769,
8,12,0,0.7616788148880005,
8,13,0,0.8056665658950806,
8,14,0,0.8202921152114868,
8,15,0,0.8107883334159851,
8,16,0,0.8061878681182861,
8,17,0,0.8035730719566345,
8,18,0,0.8215075731277466,
8,19,0,0.7881413102149963,
8,20,0,0.8061496615409851,
8,21,0,0.8174682259559631,
8,22,0,0.7976438999176025,
8,23,0,0.7994742393493652,
8,24,0,0.8065793514251709,
8,25,0,0.7950302958488464,
8,26,0,0.8106690645217896,
8,27,0,0.7989072799682617,
8,28,0,0.8132045269012451,
8,29,0,0.8284401893615723,
8,30,0,0.7966967225074768,
8,31,0,0.7982422113418579,
8,32,0,0.800934374332428,
8,33,0,0.7989066243171692,
8,34,0,0.786338210105896,
8,35,0,0.8091616630554199,
8,36,0,0.776642918586731,
8,37,0,0.7999824285507202,
8,38,0,0.7998324036598206,
8,39,0,0.7811519503593445,
8,40,0,0.7838208079338074,
8,41,0,0.7963603734970093,
8,42,0,0.7917075753211975,
8,43,0,0.8227537870407104,
8,44,0,0.7811810374259949,
8,45,0,0.7973443269729614,
8,46,0,0.8039802312850952,
8,47,0,0.7602077126502991,
8,48,0,0.8198509812355042,
8,49,0,0.7777020335197449,
8,50,0,0.8231896162033081,
8,51,0,0.8239986300468445,
8,52,0,0.8259249925613403,
8,53,0,0.8161227703094482,
8,54,0,0.775818943977356,
8,55,0,0.8187180757522583,
8,56,0,0.7479070425033569,
8,57,0,0.8009222745895386,
8,58,0,0.7978293895721436,
8,59,0,0.8243790864944458,
8,60,0,0.8091321587562561,
8,61,0,0.8246815800666809,
8,62,0,0.7519439458847046,
8,63,0,0.8042948842048645,
8,64,0,0.7926899194717407,
8,65,0,0.8116984963417053,
8,66,0,0.7580024600028992,
8,67,0,0.785100519657135,
8,68,0,0.8222730159759521,
8,69,0,0.8286253213882446,
8,70,0,0.7386862635612488,
8,71,0,0.7982417345046997,
8,72,0,0.7798677086830139,
8,73,0,0.7788041234016418,
8,74,0,0.7964347004890442,
8,75,0,0.7990773916244507,
8,76,0,0.7805108428001404,
8,77,0,0.8120036721229553,
8,78,0,0.8154131174087524,
8,79,0,0.7578858733177185,
8,80,0,0.7986399531364441,
8,81,0,0.772706151008606,
8,82,0,0.8065925240516663,
8,83,0,0.8082769513130188,
8,84,0,0.8151270151138306,
8,85,0,0.8117575645446777,
8,86,0,0.7925122976303101,
8,87,0,0.815473198890686,
8,88,0,0.8113200664520264,
8,89,0,0.8053471446037292,
8,90,0,0.8130756616592407,
8,91,0,0.7628944516181946,
8,92,0,0.8059612512588501,
8,93,0,0.826260507106781,
8,94,0,0.7767083048820496,
8,95,0,0.7385773658752441,
8,96,0,0.8122346997261047,
8,97,0,0.7427736520767212,
8,98,0,0.8112762570381165,
8,99,0,0.8119449615478516,
8,100,0,0.8030399680137634,
8,101,0,0.8015058040618896,
8,102,0,0.7707377672195435,
8,103,0,0.8000937700271606,
8,104,0,0.7917004823684692,
8,105,0,0.7829530835151672,
8,106,0,0.7417097091674805,
8,107,0,0.7778758406639099,
8,108,0,0.802781343460083,
8,109,0,0.7845667004585266,
8,110,0,0.8085048794746399,
8,111,0,0.8165971636772156,
8,112,0,0.7525844573974609,
8,113,0,0.8109740614891052,
8,114,0,0.781408429145813,
8,115,0,0.7521166801452637,
8,116,0,0.7590188384056091,
8,117,0,0.7577292919158936,
8,118,0,0.8249315023422241,
8,119,0,0.7826213836669922,
8,120,0,0.808731734752655,
8,121,0,0.8226389288902283,
8,122,0,0.7746363878250122,
8,123,0,0.7537014484405518,
8,124,0,0.7801782488822937,
8,125,0,0.7633001804351807,
8,126,0,0.8088997602462769,
8,127,0,0.7776397466659546,
8,128,0,0.7974414825439453,
8,129,0,0.7691824436187744,
8,130,0,0.817786455154419,
8,131,0,0.8279651403427124,
8,132,0,0.7751075029373169,
8,133,0,0.8148399591445923,
8,134,0,0.7810571789741516,
8,135,0,0.7933157086372375,
8,136,0,0.8198849558830261,
8,137,0,0.7678120136260986,
8,138,0,0.8171977400779724,
8,139,0,0.7880942821502686,
8,140,0,0.8180174827575684,
8,141,0,0.7924060821533203,
8,142,0,0.7537342309951782,
8,143,0,0.7797936201095581,
8,144,0,0.7827193737030029,
8,145,0,0.7479583024978638,
8,146,0,0.8154780268669128,
8,147,0,0.8176164031028748,
8,148,0,0.8010600805282593,
8,149,0,0.7448433637619019,
8,150,0,0.8243073225021362,
8,151,0,0.781679093837738,
8,152,0,0.8122360706329346,
8,153,0,0.7859392166137695,
8,154,0,0.8253666162490845,
8,155,0,0.8185539841651917,
8,156,0,0.7954834699630737,
8,157,0,0.8095493912696838,
8,158,0,0.7716701030731201,
8,159,0,0.7695671319961548,
8,160,0,0.7779451012611389,
8,161,0,0.7984844446182251,
8,162,0,0.8068207502365112,
8,163,0,0.8266665935516357,
8,164,0,0.7980716824531555,
8,165,0,0.7777475714683533,
8,166,0,0.7747926115989685,
8,167,0,0.8166137933731079,
8,168,0,0.7463939189910889,
8,169,0,0.7510221004486084,
8,170,0,0.7760067582130432,
8,171,0,0.8036431670188904,
8,172,0,0.8222854137420654,
8,173,0,0.7721619009971619,
8,174,0,0.755660891532898,
8,175,0,0.7981807589530945,
8,176,0,0.8204261064529419,
8,177,0,0.8247842788696289,
8,178,0,0.8112457990646362,
8,179,0,0.8038310408592224,
8,180,0,0.8192062377929688,
8,181,0,0.8033943772315979,
8,182,0,0.7917600870132446,
8,183,0,0.7727921009063721,
8,184,0,0.8254026770591736,
8,185,0,0.8029645681381226,
8,186,0,0.809941291809082,
8,187,0,0.8172818422317505,
8,188,0,0.8059372901916504,
8,189,0,0.8053408861160278,
8,190,0,0.7611561417579651,
8,191,0,0.7692317962646484,
8,192,0,0.7788525819778442,
8,193,0,0.8105172514915466,
8,194,0,0.8000298738479614,
8,195,0,0.8110752105712891,
8,196,0,0.7475991249084473,
8,197,0,0.7274730205535889,
8,198,0,0.769145131111145,
8,199,0,0.8224352598190308,
8,200,0,0.8091132044792175,
8,201,0,0.7993635535240173,
8,202,0,0.8236820101737976,
8,203,0,0.8214214444160461,
8,204,0,0.8232782483100891,
8,205,0,0.8181167840957642,
8,206,0,0.7596818208694458,
8,207,0,0.7713704109191895,
8,208,0,0.8173990249633789,
8,209,0,0.7847498655319214,
8,210,0,0.8256206512451172,
8,211,0,0.7827587127685547,
8,212,0,0.7934306859970093,
8,213,0,0.7769331336021423,
8,214,0,0.8149080872535706,
8,215,0,0.7989484071731567,
8,216,0,0.8177170157432556,
8,217,0,0.8145686388015747,
8,218,0,0.7883714437484741,
8,219,0,0.7545394897460938,
8,220,0,0.7548031806945801,
8,221,0,0.8270103931427002,
8,222,0,0.769001841545105,
8,223,0,0.7553656697273254,
8,224,0,0.8302850723266602,
8,225,0,0.7253631949424744,
8,226,0,0.7951818704605103,
8,227,0,0.8040055632591248,
8,228,0,0.8070720434188843,
8,229,0,0.8150504231452942,
8,230,0,0.7851711511611938,
8,231,0,0.7598841190338135,
8,232,0,0.7805982828140259,
8,233,0,0.8140462636947632,
8,234,0,0.7896559238433838,
8,235,0,0.7760448455810547,
8,236,0,0.7532652616500854,
8,237,0,0.780859649181366,
8,238,0,0.8226926326751709,
8,239,0,0.8270857334136963,
8,240,0,0.7901248335838318,
8,241,0,0.8216785788536072,
8,242,0,0.7890294194221497,
8,243,0,0.7919955849647522,
8,244,0,0.7638726234436035,
8,245,0,0.8068849444389343,
8,246,0,0.8175985813140869,
8,247,0,0.8119710683822632,
8,248,0,0.8061609864234924,
8,249,0,0.7807610034942627,
8,250,0,0.8065012097358704,
8,251,0,0.8218452334403992,
8,252,0,0.818744421005249,
8,253,0,0.7467412352561951,
8,254,0,0.7243959307670593,
8,255,0,0.8156673908233643,
8,256,0,0.8097267150878906,
8,257,0,0.8234008550643921,
8,258,0,0.7946729063987732,
8,259,0,0.8207475543022156,
8,260,0,0.7614502906799316,
8,261,0,0.7529474496841431,
8,262,0,0.7376658916473389,
8,263,0,0.8203397989273071,
8,264,0,0.786052405834198,
8,265,0,0.7588492035865784,
8,266,0,0.7573878169059753,
8,267,0,0.8117103576660156,
8,268,0,0.820763111114502,
8,269,0,0.7984586954116821,
8,270,0,0.8073441982269287,
8,271,0,0.7610458731651306,
8,272,0,0.8059365153312683,
8,273,0,0.821454644203186,
8,274,0,0.8098598718643188,
8,275,0,0.736953854560852,
8,276,0,0.8077496290206909,
8,277,0,0.8074725866317749,
8,278,0,0.7514654397964478,
8,279,0,0.7990056276321411,
8,280,0,0.8096060156822205,
8,281,0,0.7536713480949402,
8,282,0,0.8031613826751709,
8,283,0,0.7867699265480042,
8,284,0,0.7685573697090149,
8,285,0,0.7907949686050415,
8,286,0,0.8163337111473083,
8,287,0,0.7846865057945251,
8,288,0,0.8208547830581665,
8,289,0,0.7757112383842468,
8,290,0,0.8195252418518066,
8,291,0,0.8203483819961548,
8,292,0,0.7989576458930969,
8,293,0,0.7331880331039429,
8,294,0,0.8160486221313477,
8,295,0,0.7448225617408752,
8,296,0,0.7723796367645264,
8,297,0,0.8249872922897339,
8,298,0,0.7660380601882935,
8,299,0,0.8066208958625793,
8,300,0,0.7515632510185242,
8,301,0,0.8088794946670532,
8,302,0,0.8321802020072937,
8,303,0,0.8074134588241577,
8,304,0,0.7772760987281799,
8,305,0,0.8068373203277588,
8,306,0,0.739629864692688,
8,307,0,0.7339156866073608,
8,308,0,0.7976092100143433,
8,309,0,0.7677242755889893,
8,310,0,0.7820927500724792,
8,311,0,0.7609943747520447,
8,312,0,0.7991079688072205,
8,313,0,0.7972447872161865,
8,314,0,0.8042024374008179,
8,315,0,0.7981294989585876,
8,316,0,0.8041694760322571,
8,317,0,0.819375216960907,
8,318,0,0.8117354512214661,
8,319,0,0.8186784982681274,
8,320,0,0.7648177742958069,
8,321,0,0.7503365278244019,
8,322,0,0.8248693943023682,
8,323,0,0.8199296593666077,
8,324,0,0.8074272871017456,
8,325,0,0.8300061225891113,
8,326,0,0.8182581663131714,
8,327,0,0.7662295699119568,
8,328,0,0.7545578479766846,
8,329,0,0.7257174253463745,
8,330,0,0.7968042492866516,
8,331,0,0.772203803062439,
8,332,0,0.8002574443817139,
8,333,0,0.7869724035263062,
8,334,0,0.7701539993286133,
8,335,0,0.8131491541862488,
8,336,0,0.8025152683258057,
8,337,0,0.7414109706878662,
8,338,0,0.8137550950050354,
8,339,0,0.8067196607589722,
8,340,0,0.806038498878479,
8,341,0,0.7774506211280823,
8,342,0,0.8110848665237427,
8,343,0,0.8166118264198303,
8,344,0,0.8095168471336365,
8,345,0,0.7290523052215576,
8,346,0,0.763666033744812,
8,347,0,0.8059818744659424,
8,348,0,0.8389491438865662,
8,349,0,0.7803472876548767,
8,350,0,0.7737055420875549,
8,351,0,0.7800312042236328,
8,352,0,0.8090188503265381,
8,353,0,0.7839381694793701,
8,354,0,0.8300740718841553,
8,355,0,0.7770547270774841,
8,356,0,0.8258931636810303,
8,357,0,0.8047782182693481,
8,358,0,0.8159772157669067,
8,359,0,0.8043336272239685,
8,360,0,0.786801815032959,
8,361,0,0.774205207824707,
8,362,0,0.7938272953033447,
8,363,0,0.8124086260795593,
8,364,0,0.7720140814781189,
8,365,0,0.7415447235107422,
8,366,0,0.7453933954238892,
8,367,0,0.750851035118103,
8,368,0,0.8038381338119507,
8,369,0,0.8214666247367859,
8,370,0,0.7957178354263306,
8,371,0,0.8291585445404053,
8,372,0,0.7966074347496033,
8,373,0,0.8102113604545593,
8,374,0,0.7782394289970398,
8,375,0,0.7580836415290833,
8,376,0,0.8112293481826782,
8,377,0,0.8244998455047607,
8,378,0,0.7396160364151001,
8,379,0,0.8202290534973145,
8,380,0,0.7295100092887878,
8,381,0,0.7394911050796509,
8,382,0,0.7397060394287109,
8,383,0,0.735280454158783,
8,384,0,0.8189571499824524,
8,385,0,0.8134205341339111,
8,386,0,0.7796499133110046,
8,387,0,0.8037711381912231,
8,388,0,0.7424682974815369,
8,389,0,0.823626697063446,
8,390,0,0.7344995737075806,
8,391,0,0.7849655151367188,
8,392,0,0.8189747929573059,
8,393,0,0.7972758412361145,
8,394,0,0.7708272337913513,
8,395,0,0.8157941102981567,
8,396,0,0.7932791709899902,
8,397,0,0.811416506767273,
8,398,0,0.8174589276313782,
8,399,0,0.761367678642273,
8,400,0,0.8152410984039307,
8,401,0,0.7646047472953796,
8,402,0,0.7910739779472351,
8,403,0,0.797340989112854,
8,404,0,0.7809988260269165,
8,405,0,0.8255581259727478,
8,406,0,0.7756129503250122,
8,407,0,0.7822903394699097,
8,408,0,0.7538428902626038,
8,409,0,0.7575604319572449,
8,410,0,0.7556349039077759,
8,411,0,0.7477152347564697,
8,412,0,0.8237883448600769,
8,413,0,0.8192416429519653,
8,414,0,0.7330865859985352,
8,415,0,0.7904804944992065,
8,416,0,0.8287856578826904,
8,417,0,0.7495241165161133,
8,418,0,0.7288438677787781,
8,419,0,0.7244255542755127,
8,420,0,0.7902653813362122,
8,421,0,0.808268666267395,
8,422,0,0.8198748230934143,
8,423,0,0.8233694434165955,
8,424,0,0.7664939165115356,
8,425,0,0.8136371970176697,
8,426,0,0.805183470249176,
8,427,0,0.7693547010421753,
8,428,0,0.7857272624969482,
8,429,0,0.8111249208450317,
8,430,0,0.8107160329818726,
8,431,0,0.7606014013290405,
8,432,0,0.8112777471542358,
8,433,0,0.7945903539657593,
8,434,0,0.8262177109718323,
8,435,0,0.718448281288147,
8,436,0,0.7697065472602844,
8,437,0,0.7665681838989258,
8,438,0,0.8189619183540344,
8,439,0,0.7893005609512329,
8,440,0,0.7496914267539978,
8,441,0,0.7944854497909546,
8,442,0,0.78935706615448,
8,443,0,0.8145642280578613,
8,444,0,0.7965425252914429,
8,445,0,0.8213295340538025,
8,446,0,0.8113142251968384,
8,447,0,0.7888013124465942,
8,448,0,0.7441418170928955,
8,449,0,0.7955409288406372,
8,450,0,0.8256784677505493,
8,451,0,0.8020360469818115,
8,452,0,0.7646905183792114,
8,453,0,0.8231290578842163,
8,454,0,0.815182626247406,
8,455,0,0.7975694537162781,
8,456,0,0.8081568479537964,
8,457,0,0.805982232093811,
8,458,0,0.8089504241943359,
8,459,0,0.7682609558105469,
8,460,0,0.7854200005531311,
8,461,0,0.7425388693809509,
8,462,0,0.780267059803009,
8,463,0,0.7821515202522278,
8,464,0,0.7867933511734009,
8,465,0,0.7507843375205994,
8,466,0,0.8156740069389343,
8,467,0,0.7987425923347473,
8,468,0,0.8020346164703369,
8,469,0,0.8257437348365784,
8,470,0,0.7522425651550293,
8,471,0,0.8056008219718933,
8,472,0,0.7631059885025024,
8,473,0,0.7989695072174072,
8,474,0,0.8071160316467285,
8,475,0,0.81697678565979,
8,476,0,0.8053625226020813,
8,477,0,0.7715734243392944,
8,478,0,0.8262922763824463,
8,479,0,0.8251409530639648,
8,480,0,0.7444146871566772,
8,481,0,0.8066689372062683,
8,482,0,0.7411855459213257,
8,483,0,0.816243588924408,
8,484,0,0.8213987350463867,
8,485,0,0.7981821298599243,
8,486,0,0.7256776094436646,
8,487,0,0.821087121963501,
8,488,0,0.7535830140113831,
8,489,0,0.7891793251037598,
8,490,0,0.7891729474067688,
8,491,0,0.758743166923523,
8,492,0,0.7973595261573792,
8,493,0,0.822780430316925,
8,494,0,0.8024144768714905,
8,495,0,0.773449182510376,
8,496,0,0.7997775673866272,
8,497,0,0.8056149482727051,
8,498,0,0.7966347336769104,
8,499,0,0.718597412109375,
8,500,0,0.7325319647789001,
8,501,0,0.7739118337631226,
8,502,0,0.7471535205841064,
8,503,0,0.7737540602684021,
8,504,0,0.7668743133544922,
8,505,0,0.7958095073699951,
8,506,0,0.7904258370399475,
8,507,0,0.7612388134002686,
8,508,0,0.8143678903579712,
8,509,0,0.788806676864624,
8,510,0,0.7991103529930115,
8,511,0,0.8103032112121582,
8,512,0,0.7830644845962524,
8,513,0,0.8200762271881104,
8,514,0,0.7862604260444641,
8,515,0,0.7495370507240295,
8,516,0,0.7622277140617371,
8,517,0,0.7588599324226379,
8,518,0,0.7891114950180054,
8,519,0,0.7928769588470459,
8,520,0,0.7477970123291016,
8,521,0,0.7560139894485474,
8,522,0,0.8016523718833923,
8,523,0,0.8263115286827087,
8,524,0,0.7976938486099243,
8,525,0,0.7969754338264465,
8,526,0,0.8057757019996643,
8,527,0,0.7784964442253113,
8,528,0,0.8087782859802246,
8,529,0,0.8055551648139954,
8,530,0,0.7893863916397095,
8,531,0,0.7388255596160889,
8,532,0,0.795798122882843,
8,533,0,0.8253962993621826,
8,534,0,0.8009741306304932,
8,535,0,0.7627718448638916,
8,536,0,0.789411187171936,
8,537,0,0.8057820796966553,
8,538,0,0.7193944454193115,
8,539,0,0.7539801597595215,
8,540,0,0.8085400462150574,
8,541,0,0.8186787366867065,
8,542,0,0.7901599407196045,
8,543,0,0.7252984046936035,
8,544,0,0.7446686029434204,
8,545,0,0.7457646727561951,
8,546,0,0.8012707233428955,
8,547,0,0.7933384776115417,
8,548,0,0.7981975078582764,
8,549,0,0.8083704113960266,
8,550,0,0.7825705409049988,
8,551,0,0.7826544642448425,
8,552,0,0.7403520941734314,
8,553,0,0.7890197038650513,
8,554,0,0.7733530402183533,
8,555,0,0.7642377018928528,
8,556,0,0.7973783016204834,
8,557,0,0.7858657836914062,
8,558,0,0.7959257364273071,
8,559,0,0.7260186672210693,
8,560,0,0.8004853129386902,
8,561,0,0.7666418552398682,
8,562,0,0.8045318722724915,
8,563,0,0.8167887330055237,
8,564,0,0.7905620336532593,
8,565,0,0.7566689848899841,
8,566,0,0.8256007432937622,
8,567,0,0.7793331146240234,
8,568,0,0.7380906343460083,
8,569,0,0.7978342771530151,
8,570,0,0.7483842968940735,
8,571,0,0.7755340337753296,
8,572,0,0.8253538012504578,
8,573,0,0.816584050655365,
8,574,0,0.8119462728500366,
8,575,0,0.7278473377227783,
8,576,0,0.6970943212509155,
8,577,0,0.7513009905815125,
8,578,0,0.8034223318099976,
8,579,0,0.8016373515129089,
8,580,0,0.8048376441001892,
8,581,0,0.8077821135520935,
8,582,0,0.7776218056678772,
8,583,0,0.79120934009552,
8,584,0,0.8013797998428345,
8,585,0,0.7826077938079834,
8,586,0,0.7448298931121826,
8,587,0,0.8310917615890503,
8,588,0,0.7766273021697998,
8,589,0,0.750590443611145,
8,590,0,0.8066591024398804,
8,591,0,0.7336605787277222,
8,592,0,0.8190609216690063,
8,593,0,0.7539651393890381,
8,594,0,0.7513291835784912,
8,595,0,0.8226438760757446,
8,596,0,0.8102868795394897,
8,597,0,0.7895418405532837,
8,598,0,0.7338986396789551,
8,599,0,0.8200403451919556,
8,600,0,0.8171236515045166,
8,601,0,0.7305967807769775,
8,602,0,0.7624582052230835,
8,603,0,0.8221959471702576,
8,604,0,0.7448235750198364,
8,val,,,0.8061818631490072
9,0,0,0.7892580032348633,
9,1,0,0.8229148983955383,
9,2,0,0.7471418380737305,
9,3,0,0.8120187520980835,
9,4,0,0.8037969470024109,
9,5,0,0.8032419681549072,
9,6,0,0.8245842456817627,
9,7,0,0.7962630987167358,
9,8,0,0.8129968643188477,
9,9,0,0.8180218935012817,
9,10,0,0.7717016339302063,
9,11,0,0.8288767337799072,
9,12,0,0.7508603930473328,
9,13,0,0.8029927611351013,
9,14,0,0.8143540024757385,
9,15,0,0.8038790225982666,
9,16,0,0.7963817715644836,
9,17,0,0.8002148866653442,
9,18,0,0.8168739080429077,
9,19,0,0.7805501222610474,
9,20,0,0.8018383979797363,
9,21,0,0.8147671818733215,
9,22,0,0.7931691408157349,
9,23,0,0.7954209446907043,
9,24,0,0.8024840354919434,
9,25,0,0.7908979654312134,
9,26,0,0.8022698163986206,
9,27,0,0.7977465391159058,
9,28,0,0.8061851859092712,
9,29,0,0.823395848274231,
9,30,0,0.7899287939071655,
9,31,0,0.7879807353019714,
9,32,0,0.799301266670227,
9,33,0,0.7957116961479187,
9,34,0,0.7761545777320862,
9,35,0,0.8086148500442505,
9,36,0,0.7680352926254272,
9,37,0,0.795867383480072,
9,38,0,0.8009742498397827,
9,39,0,0.7783944606781006,
9,40,0,0.7718061208724976,
9,41,0,0.7907989621162415,
9,42,0,0.7846630811691284,
9,43,0,0.8232024908065796,
9,44,0,0.7743053436279297,
9,45,0,0.7924104332923889,
9,46,0,0.7983474731445312,
9,47,0,0.753415584564209,
9,48,0,0.8148828148841858,
9,49,0,0.7654247879981995,
9,50,0,0.8208467960357666,
9,51,0,0.8146545886993408,
9,52,0,0.8264489769935608,
9,53,0,0.8118980526924133,
9,54,0,0.764686644077301,
9,55,0,0.8204944133758545,
9,56,0,0.7385674715042114,
9,57,0,0.798722505569458,
9,58,0,0.7941986918449402,
9,59,0,0.8258835077285767,
9,60,0,0.8066545128822327,
9,61,0,0.8228123784065247,
9,62,0,0.7361327409744263,
9,63,0,0.8032528162002563,
9,64,0,0.7877941131591797,
9,65,0,0.8098040223121643,
9,66,0,0.7460929155349731,
9,67,0,0.776502788066864,
9,68,0,0.8164455890655518,
9,69,0,0.8308011889457703,
9,70,0,0.7170592546463013,
9,71,0,0.7918530702590942,
9,72,0,0.7700760364532471,
9,73,0,0.7713848352432251,
9,74,0,0.7941896319389343,
9,75,0,0.795007050037384,
9,76,0,0.7752846479415894,
9,77,0,0.8134908080101013,
9,78,0,0.8111169934272766,
9,79,0,0.7451072931289673,
9,80,0,0.789146363735199,
9,81,0,0.7673901319503784,
9,82,0,0.8013908267021179,
9,83,0,0.806038498878479,
9,84,0,0.8181531429290771,
9,85,0,0.809761643409729,
9,86,0,0.7861292362213135,
9,87,0,0.8182217478752136,
9,88,0,0.8082793951034546,
9,89,0,0.79938805103302,
9,90,0,0.8157073259353638,
9,91,0,0.7507753372192383,
9,92,0,0.8042120933532715,
9,93,0,0.8273835182189941,
9,94,0,0.7715939879417419,
9,95,0,0.7224613428115845,
9,96,0,0.8127608895301819,
9,97,0,0.7369116544723511,
9,98,0,0.8090789914131165,
9,99,0,0.807153582572937,
9,100,0,0.7943242192268372,
9,101,0,0.7961384057998657,
9,102,0,0.764549732208252,
9,103,0,0.8018630743026733,
9,104,0,0.7806411385536194,
9,105,0,0.7785936594009399,
9,106,0,0.7236647605895996,
9,107,0,0.7678457498550415,
9,108,0,0.7986232042312622,
9,109,0,0.781129002571106,
9,110,0,0.8133262991905212,
9,111,0,0.8158940076828003,
9,112,0,0.7360996603965759,
9,113,0,0.8041093349456787,
9,114,0,0.7770156860351562,
9,115,0,0.7403454780578613,
9,116,0,0.739466667175293,
9,117,0,0.7380930781364441,
9,118,0,0.8186912536621094,
9,119,0,0.7708452939987183,
9,120,0,0.8033140897750854,
9,121,0,0.8242908120155334,
9,122,0,0.7692456841468811,
9,123,0,0.7377467155456543,
9,124,0,0.774427056312561,
9,125,0,0.750665545463562,
9,126,0,0.8036957383155823,
9,127,0,0.7633783221244812,
9,128,0,0.7990829944610596,
9,129,0,0.7627407312393188,
9,130,0,0.8144540786743164,
9,131,0,0.8248567581176758,
9,132,0,0.7662621140480042,
9,133,0,0.8133577704429626,
9,134,0,0.773632287979126,
9,135,0,0.7869818806648254,
9,136,0,0.816765308380127,
9,137,0,0.7509360909461975,
9,138,0,0.8183860182762146,
9,139,0,0.7826670408248901,
9,140,0,0.8161120414733887,
9,141,0,0.7861304879188538,
9,142,0,0.7387710809707642,
9,143,0,0.7674135565757751,
9,144,0,0.775610089302063,
9,145,0,0.7374736070632935,
9,146,0,0.8158290982246399,
9,147,0,0.8136756420135498,
9,148,0,0.7951462864875793,
9,149,0,0.7338176965713501,
9,150,0,0.8183541297912598,
9,151,0,0.7748332619667053,
9,152,0,0.8139815926551819,
9,153,0,0.7785401344299316,
9,154,0,0.8295222520828247,
9,155,0,0.8111824989318848,
9,156,0,0.7837115526199341,
9,157,0,0.8029983043670654,
9,158,0,0.7624591588973999,
9,159,0,0.7556613683700562,
9,160,0,0.7746829986572266,
9,161,0,0.7966090440750122,
9,162,0,0.7993897199630737,
9,163,0,0.8260526657104492,
9,164,0,0.7922554016113281,
9,165,0,0.7703498601913452,
9,166,0,0.7643885612487793,
9,167,0,0.8204993009567261,
9,168,0,0.7256285548210144,
9,169,0,0.7378336787223816,
9,170,0,0.7729150056838989,
9,171,0,0.7983534336090088,
9,172,0,0.817949652671814,
9,173,0,0.756020188331604,
9,174,0,0.7455170154571533,
9,175,0,0.7932388782501221,
9,176,0,0.8172197341918945,
9,177,0,0.827872633934021,
9,178,0,0.8073245286941528,
9,179,0,0.7986387014389038,
9,180,0,0.8188087940216064,
9,181,0,0.8003726005554199,
9,182,0,0.7901352643966675,
9,183,0,0.7620705366134644,
9,184,0,0.8255400657653809,
9,185,0,0.7973232269287109,
9,186,0,0.8005620241165161,
9,187,0,0.8132408857345581,
9,188,0,0.8053781986236572,
9,189,0,0.8033879399299622,
9,190,0,0.7531052827835083,
9,191,0,0.7519241571426392,
9,192,0,0.7686876058578491,
9,193,0,0.8086504340171814,
9,194,0,0.7942368984222412,
9,195,0,0.8023627996444702,
9,196,0,0.7386296391487122,
9,197,0,0.7112388610839844,
9,198,0,0.7596883773803711,
9,199,0,0.825240433216095,
9,200,0,0.8032702803611755,
9,201,0,0.7975558638572693,
9,202,0,0.820874810218811,
9,203,0,0.8191718459129333,
9,204,0,0.8172882795333862,
9,205,0,0.8189173936843872,
9,206,0,0.7541942596435547,
9,207,0,0.7588181495666504,
9,208,0,0.8140809535980225,
9,209,0,0.77862548828125,
9,210,0,0.828685462474823,
9,211,0,0.7768778204917908,
9,212,0,0.791441798210144,
9,213,0,0.7689576148986816,
9,214,0,0.8109843134880066,
9,215,0,0.789387583732605,
9,216,0,0.8173073530197144,
9,217,0,0.8123424053192139,
9,218,0,0.784758448600769,
9,219,0,0.7396751642227173,
9,220,0,0.7438297271728516,
9,221,0,0.8216807842254639,
9,222,0,0.7589010000228882,
9,223,0,0.7350829839706421,
9,224,0,0.8264312148094177,
9,225,0,0.7111483812332153,
9,226,0,0.7891189455986023,
9,227,0,0.7973136305809021,
9,228,0,0.8038703203201294,
9,229,0,0.8138815760612488,
9,230,0,0.7832455635070801,
9,231,0,0.7430869340896606,
9,232,0,0.7702644467353821,
9,233,0,0.8125565052032471,
9,234,0,0.7835427522659302,
9,235,0,0.7642181515693665,
9,236,0,0.7391912937164307,
9,237,0,0.7730247974395752,
9,238,0,0.8243321776390076,
9,239,0,0.825690507888794,
9,240,0,0.7859007120132446,
9,241,0,0.817054271697998,
9,242,0,0.77889484167099,
9,243,0,0.7874681949615479,
9,244,0,0.7598680257797241,
9,245,0,0.8039014339447021,
9,246,0,0.8142259120941162,
9,247,0,0.8053849339485168,
9,248,0,0.8091602325439453,
9,249,0,0.7759536504745483,
9,250,0,0.8009418249130249,
9,251,0,0.8165287375450134,
9,252,0,0.8148423433303833,
9,253,0,0.7364209890365601,
9,254,0,0.7096370458602905,
9,255,0,0.8123823404312134,
9,256,0,0.8062641024589539,
9,257,0,0.8191564679145813,
9,258,0,0.7862998247146606,
9,259,0,0.8225076198577881,
9,260,0,0.7507957220077515,
9,261,0,0.743402898311615,
9,262,0,0.726057767868042,
9,263,0,0.8208193182945251,
9,264,0,0.7781956195831299,
9,265,0,0.7493979930877686,
9,266,0,0.7450190782546997,
9,267,0,0.8100417852401733,
9,268,0,0.8215959668159485,
9,269,0,0.796664834022522,
9,270,0,0.806128978729248,
9,271,0,0.745229184627533,
9,272,0,0.8020198941230774,
9,273,0,0.8220456838607788,
9,274,0,0.804023027420044,
9,275,0,0.7243933081626892,
9,276,0,0.8012617826461792,
9,277,0,0.8021883368492126,
9,278,0,0.7436200380325317,
9,279,0,0.789359450340271,
9,280,0,0.8086037635803223,
9,281,0,0.7472683191299438,
9,282,0,0.8007742166519165,
9,283,0,0.7782690525054932,
9,284,0,0.7540582418441772,
9,285,0,0.7848148345947266,
9,286,0,0.8162074685096741,
9,287,0,0.7842812538146973,
9,288,0,0.820602297782898,
9,289,0,0.7784761786460876,
9,290,0,0.8219112753868103,
9,291,0,0.8223277926445007,
9,292,0,0.7941019535064697,
9,293,0,0.7124608755111694,
9,294,0,0.8094377517700195,
9,295,0,0.7341293096542358,
9,296,0,0.7604554295539856,
9,297,0,0.82452392578125,
9,298,0,0.7569283843040466,
9,299,0,0.8018167018890381,
9,300,0,0.7349552512168884,
9,301,0,0.8083471655845642,
9,302,0,0.8385236263275146,
9,303,0,0.805361807346344,
9,304,0,0.7684184312820435,
9,305,0,0.8103557825088501,
9,306,0,0.7251300811767578,
9,307,0,0.7167578935623169,
9,308,0,0.7942554354667664,
9,309,0,0.7649037837982178,
9,310,0,0.782644510269165,
9,311,0,0.7568195462226868,
9,312,0,0.7934679985046387,
9,313,0,0.7914558053016663,
9,314,0,0.8015613555908203,
9,315,0,0.794945478439331,
9,316,0,0.808173418045044,
9,317,0,0.8177466988563538,
9,318,0,0.8102066516876221,
9,319,0,0.8207104206085205,
9,320,0,0.7603564858436584,
9,321,0,0.740939736366272,
9,322,0,0.8238640427589417,
9,323,0,0.8179727792739868,
9,324,0,0.7964084148406982,
9,325,0,0.8299742341041565,
9,326,0,0.8191444873809814,
9,327,0,0.7582775354385376,
9,328,0,0.7368183135986328,
9,329,0,0.7085803747177124,
9,330,0,0.7913258075714111,
9,331,0,0.7636622786521912,
9,332,0,0.7998369932174683,
9,333,0,0.780332088470459,
9,334,0,0.7602609395980835,
9,335,0,0.806571364402771,
9,336,0,0.7999142408370972,
9,337,0,0.7315140962600708,
9,338,0,0.8071529865264893,
9,339,0,0.801204264163971,
9,340,0,0.8004810810089111,
9,341,0,0.7763662934303284,
9,342,0,0.8094042539596558,
9,343,0,0.8132979869842529,
9,344,0,0.8053984045982361,
9,345,0,0.714513897895813,
9,346,0,0.7555786371231079,
9,347,0,0.8039889335632324,
9,348,0,0.8373464345932007,
9,349,0,0.7731406688690186,
9,350,0,0.7674450874328613,
9,351,0,0.7704846858978271,
9,352,0,0.802391529083252,
9,353,0,0.7744042873382568,
9,354,0,0.8311804533004761,
9,355,0,0.7678727507591248,
9,356,0,0.8175078630447388,
9,357,0,0.7978342771530151,
9,358,0,0.8159359693527222,
9,359,0,0.802735447883606,
9,360,0,0.7781837582588196,
9,361,0,0.7609025835990906,
9,362,0,0.7903435230255127,
9,363,0,0.8033791184425354,
9,364,0,0.7574235200881958,
9,365,0,0.7249224185943604,
9,366,0,0.7273352742195129,
9,367,0,0.7363214492797852,
9,368,0,0.8012198805809021,
9,369,0,0.8152323961257935,
9,370,0,0.7868779301643372,
9,371,0,0.8204273581504822,
9,372,0,0.7846715450286865,
9,373,0,0.8111785650253296,
9,374,0,0.7742674946784973,
9,375,0,0.745940089225769,
9,376,0,0.8023152351379395,
9,377,0,0.8246416449546814,
9,378,0,0.7291499376296997,
9,379,0,0.8237116932868958,
9,380,0,0.7114964723587036,
9,381,0,0.7234499454498291,
9,382,0,0.7301857471466064,
9,383,0,0.7160941958427429,
9,384,0,0.8175854086875916,
9,385,0,0.8062921762466431,
9,386,0,0.7712036371231079,
9,387,0,0.7988036274909973,
9,388,0,0.7319527864456177,
9,389,0,0.8241279125213623,
9,390,0,0.7078737020492554,
9,391,0,0.776448130607605,
9,392,0,0.820479691028595,
9,393,0,0.7940496206283569,
9,394,0,0.756086528301239,
9,395,0,0.8120724558830261,
9,396,0,0.7889039516448975,
9,397,0,0.8106969594955444,
9,398,0,0.8199926018714905,
9,399,0,0.7576358318328857,
9,400,0,0.8139059543609619,
9,401,0,0.7510087490081787,
9,402,0,0.7932885885238647,
9,403,0,0.7966766357421875,
9,404,0,0.7731015682220459,
9,405,0,0.8194448351860046,
9,406,0,0.7625817656517029,
9,407,0,0.7722030282020569,
9,408,0,0.7339338064193726,
9,409,0,0.7479607462882996,
9,410,0,0.7496092319488525,
9,411,0,0.736278235912323,
9,412,0,0.8213382363319397,
9,413,0,0.8148828744888306,
9,414,0,0.7222749590873718,
9,415,0,0.7911274433135986,
9,416,0,0.8272744417190552,
9,417,0,0.7373477816581726,
9,418,0,0.7112336754798889,
9,419,0,0.7029498815536499,
9,420,0,0.7827244997024536,
9,421,0,0.8057856559753418,
9,422,0,0.8201181888580322,
9,423,0,0.8223645687103271,
9,424,0,0.7546576857566833,
9,425,0,0.8101551532745361,
9,426,0,0.8027886748313904,
9,427,0,0.7600294947624207,
9,428,0,0.7751581072807312,
9,429,0,0.8027338981628418,
9,430,0,0.8098269104957581,
9,431,0,0.749817967414856,
9,432,0,0.8089596033096313,
9,433,0,0.7930296063423157,
9,434,0,0.8234885931015015,
9,435,0,0.7089824080467224,
9,436,0,0.7595030069351196,
9,437,0,0.7565840482711792,
9,438,0,0.8152827620506287,
9,439,0,0.7863439321517944,
9,440,0,0.7336077690124512,
9,441,0,0.7849653363227844,
9,442,0,0.7815307378768921,
9,443,0,0.8153865933418274,
9,444,0,0.791805624961853,
9,445,0,0.8173222541809082,
9,446,0,0.8089278340339661,
9,447,0,0.785082995891571,
9,448,0,0.7282165884971619,
9,449,0,0.7889127135276794,
9,450,0,0.8209420442581177,
9,451,0,0.7949740886688232,
9,452,0,0.7560526132583618,
9,453,0,0.8225035071372986,
9,454,0,0.812995970249176,
9,455,0,0.7909724712371826,
9,456,0,0.8058205246925354,
9,457,0,0.804573655128479,
9,458,0,0.8043885231018066,
9,459,0,0.7548443078994751,
9,460,0,0.7773458361625671,
9,461,0,0.7288113832473755,
9,462,0,0.7724640965461731,
9,463,0,0.7811709642410278,
9,464,0,0.7809847593307495,
9,465,0,0.7346881628036499,
9,466,0,0.8087988495826721,
9,467,0,0.7882823944091797,
9,468,0,0.8004251718521118,
9,469,0,0.8243813514709473,
9,470,0,0.7440299987792969,
9,471,0,0.7980790138244629,
9,472,0,0.7543652653694153,
9,473,0,0.79459547996521,
9,474,0,0.8076028227806091,
9,475,0,0.8164017200469971,
9,476,0,0.8015347719192505,
9,477,0,0.7587601542472839,
9,478,0,0.8255857229232788,
9,479,0,0.820581316947937,
9,480,0,0.7194080948829651,
9,481,0,0.801694393157959,
9,482,0,0.7299944758415222,
9,483,0,0.810481071472168,
9,484,0,0.8121558427810669,
9,485,0,0.7866579294204712,
9,486,0,0.7057820558547974,
9,487,0,0.8121693730354309,
9,488,0,0.7440897822380066,
9,489,0,0.7845390439033508,
9,490,0,0.7837427258491516,
9,491,0,0.745187520980835,
9,492,0,0.7959990501403809,
9,493,0,0.8193607330322266,
9,494,0,0.803775429725647,
9,495,0,0.7622548341751099,
9,496,0,0.7908481359481812,
9,497,0,0.8010010719299316,
9,498,0,0.7984808683395386,
9,499,0,0.7135249376296997,
9,500,0,0.7137200832366943,
9,501,0,0.7676522731781006,
9,502,0,0.7352243661880493,
9,503,0,0.7652720212936401,
9,504,0,0.7601894736289978,
9,505,0,0.7906118631362915,
9,506,0,0.7824100255966187,
9,507,0,0.7515398263931274,
9,508,0,0.814462423324585,
9,509,0,0.7822781205177307,
9,510,0,0.7973887324333191,
9,511,0,0.8063269257545471,
9,512,0,0.773476243019104,
9,513,0,0.8232746720314026,
9,514,0,0.7794128656387329,
9,515,0,0.7399022579193115,
9,516,0,0.7489266991615295,
9,517,0,0.7489321231842041,
9,518,0,0.7907735705375671,
9,519,0,0.7869825959205627,
9,520,0,0.7328822612762451,
9,521,0,0.7428190112113953,
9,522,0,0.800319492816925,
9,523,0,0.8238086700439453,
9,524,0,0.7932247519493103,
9,525,0,0.7973099946975708,
9,526,0,0.8042306900024414,
9,527,0,0.7741771936416626,
9,528,0,0.8072550296783447,
9,529,0,0.8038331866264343,
9,530,0,0.789986789226532,
9,531,0,0.7271329164505005,
9,532,0,0.7947596907615662,
9,533,0,0.8199913501739502,
9,534,0,0.7939972281455994,
9,535,0,0.747882604598999,
9,536,0,0.7854229211807251,
9,537,0,0.8021975755691528,
9,538,0,0.7032942771911621,
9,539,0,0.7454723715782166,
9,540,0,0.8033228516578674,
9,541,0,0.8179687261581421,
9,542,0,0.7854853868484497,
9,543,0,0.709945559501648,
9,544,0,0.7361428737640381,
9,545,0,0.736027181148529,
9,546,0,0.7985562682151794,
9,547,0,0.7910999059677124,
9,548,0,0.7876690626144409,
9,549,0,0.8062314987182617,
9,550,0,0.778873085975647,
9,551,0,0.7742100954055786,
9,552,0,0.7232391834259033,
9,553,0,0.785449743270874,
9,554,0,0.766633152961731,
9,555,0,0.7554939389228821,
9,556,0,0.793118953704834,
9,557,0,0.7844664454460144,
9,558,0,0.7925233840942383,
9,559,0,0.7097921371459961,
9,560,0,0.799940824508667,
9,561,0,0.7565822601318359,
9,562,0,0.8004205226898193,
9,563,0,0.8172821998596191,
9,564,0,0.779694676399231,
9,565,0,0.7450659275054932,
9,566,0,0.8229794502258301,
9,567,0,0.7746807932853699,
9,568,0,0.7204045057296753,
9,569,0,0.793668270111084,
9,570,0,0.7384234666824341,
9,571,0,0.7696207165718079,
9,572,0,0.8209162950515747,
9,573,0,0.8126968741416931,
9,574,0,0.8100979328155518,
9,575,0,0.7036615610122681,
9,576,0,0.6874805092811584,
9,577,0,0.737449049949646,
9,578,0,0.8020337820053101,
9,579,0,0.8039898872375488,
9,580,0,0.8013239502906799,
9,581,0,0.8007297515869141,
9,582,0,0.768834114074707,
9,583,0,0.7876201272010803,
9,584,0,0.7976102828979492,
9,585,0,0.7755478620529175,
9,586,0,0.7341704368591309,
9,587,0,0.8256576061248779,
9,588,0,0.7688032984733582,
9,589,0,0.7423783540725708,
9,590,0,0.8075470924377441,
9,591,0,0.7180225253105164,
9,592,0,0.816407322883606,
9,593,0,0.7390738725662231,
9,594,0,0.7418186664581299,
9,595,0,0.8205346465110779,
9,596,0,0.8123551607131958,
9,597,0,0.7834998369216919,
9,598,0,0.7257359027862549,
9,599,0,0.8175384402275085,
9,600,0,0.8150429725646973,
9,601,0,0.7252049446105957,
9,602,0,0.7476665377616882,
9,603,0,0.8242853879928589,
9,604,0,0.737674355506897,
9,val,,,0.8054704252878825
10,0,0,0.7850114703178406,
10,1,0,0.8226193189620972,
10,2,0,0.738348126411438,
10,3,0,0.810827374458313,
10,4,0,0.8028985857963562,
10,5,0,0.8029012680053711,
10,6,0,0.8213339447975159,
10,7,0,0.7906414270401001,
10,8,0,0.8128682374954224,
10,9,0,0.8162561655044556,
10,10,0,0.761540949344635,
10,11,0,0.8174704313278198,
10,12,0,0.7438318133354187,
10,13,0,0.8025754690170288,
10,14,0,0.8154913187026978,
10,15,0,0.7933153510093689,
10,16,0,0.791945219039917,
10,17,0,0.7994749546051025,
10,18,0,0.8207205533981323,
10,19,0,0.7777802348136902,
10,20,0,0.8038867712020874,
10,21,0,0.8103799819946289,
10,22,0,0.7862142324447632,
10,23,0,0.7943502068519592,
10,24,0,0.802115261554718,
10,25,0,0.7804830074310303,
10,26,0,0.8017151951789856,
10,27,0,0.7981545329093933,
10,28,0,0.8040220141410828,
10,29,0,0.8225157856941223,
10,30,0,0.790532648563385,
10,31,0,0.7851689457893372,
10,32,0,0.7984061241149902,
10,33,0,0.7864161133766174,
10,34,0,0.7684106826782227,
10,35,0,0.8097330927848816,
10,36,0,0.7637467384338379,
10,37,0,0.7865821123123169,
10,38,0,0.7893933057785034,
10,39,0,0.7689855694770813,
10,40,0,0.7621287703514099,
10,41,0,0.78968346118927,
10,42,0,0.782486617565155,
10,43,0,0.8207622170448303,
10,44,0,0.767951488494873,
10,45,0,0.7923885583877563,
10,46,0,0.7951985597610474,
10,47,0,0.736316442489624,
10,48,0,0.8152219653129578,
10,49,0,0.7550178170204163,
10,50,0,0.8240470886230469,
10,51,0,0.819936215877533,
10,52,0,0.8247687816619873,
10,53,0,0.8080621957778931,
10,54,0,0.7570651769638062,
10,55,0,0.8187682628631592,
10,56,0,0.7265782356262207,
10,57,0,0.7860288023948669,
10,58,0,0.786686897277832,
10,59,0,0.8255434632301331,
10,60,0,0.8072486519813538,
10,61,0,0.8259748220443726,
10,62,0,0.7238450050354004,
10,63,0,0.7981553673744202,
10,64,0,0.7844380140304565,
10,65,0,0.80362468957901,
10,66,0,0.7354020476341248,
10,67,0,0.7715524435043335,
10,68,0,0.811302661895752,
10,69,0,0.8309412002563477,
10,70,0,0.7031571269035339,
10,71,0,0.7880841493606567,
10,72,0,0.7659904956817627,
10,73,0,0.7655998468399048,
10,74,0,0.7864245772361755,
10,75,0,0.797374963760376,
10,76,0,0.7717006802558899,
10,77,0,0.8106011152267456,
10,78,0,0.8079954385757446,
10,79,0,0.735356330871582,
10,80,0,0.7827113270759583,
10,81,0,0.7582422494888306,
10,82,0,0.7972275018692017,
10,83,0,0.8026626110076904,
10,84,0,0.8191512227058411,
10,85,0,0.8121790885925293,
10,86,0,0.7823569178581238,
10,87,0,0.8154537677764893,
10,88,0,0.7989474534988403,
10,89,0,0.7936711311340332,
10,90,0,0.8171590566635132,
10,91,0,0.7424216270446777,
10,92,0,0.8028268814086914,
10,93,0,0.8270748257637024,
10,94,0,0.7629878520965576,
10,95,0,0.7013916373252869,
10,96,0,0.8083110451698303,
10,97,0,0.7205911874771118,
10,98,0,0.8069899678230286,
10,99,0,0.7977582216262817,
10,100,0,0.7882959842681885,
10,101,0,0.796018660068512,
10,102,0,0.7553244829177856,
10,103,0,0.799303412437439,
10,104,0,0.7820587754249573,
10,105,0,0.7705042958259583,
10,106,0,0.7096120715141296,
10,107,0,0.7625182867050171,
10,108,0,0.7988957762718201,
10,109,0,0.7781639099121094,
10,110,0,0.8073068261146545,
10,111,0,0.8161413669586182,
10,112,0,0.7100294232368469,
10,113,0,0.8028783798217773,
10,114,0,0.773942232131958,
10,115,0,0.7288440465927124,
10,116,0,0.727826714515686,
10,117,0,0.7189563512802124,
10,118,0,0.8190532922744751,
10,119,0,0.7632413506507874,
10,120,0,0.8042616844177246,
10,121,0,0.8265805244445801,
10,122,0,0.7521057724952698,
10,123,0,0.7183362245559692,
10,124,0,0.7659095525741577,
10,125,0,0.7382436990737915,
10,126,0,0.7971706390380859,
10,127,0,0.7554353475570679,
10,128,0,0.7938240766525269,
10,129,0,0.7580111026763916,
10,130,0,0.8138585686683655,
10,131,0,0.8225342035293579,
10,132,0,0.755721926689148,
10,133,0,0.8115137219429016,
10,134,0,0.7646468877792358,
10,135,0,0.7794011235237122,
10,136,0,0.8214836120605469,
10,137,0,0.743800163269043,
10,138,0,0.8220560550689697,
10,139,0,0.7811665534973145,
10,140,0,0.8129191994667053,
10,141,0,0.7748108506202698,
10,142,0,0.7310774326324463,
10,143,0,0.7607576847076416,
10,144,0,0.7617488503456116,
10,145,0,0.7307546734809875,
10,146,0,0.813453197479248,
10,147,0,0.8080524802207947,
10,148,0,0.7876148819923401,
10,149,0,0.7212084531784058,
10,150,0,0.8209839463233948,
10,151,0,0.7707898616790771,
10,152,0,0.8137683272361755,
10,153,0,0.7736179828643799,
10,154,0,0.8300718069076538,
10,155,0,0.8031687140464783,
10,156,0,0.7812925577163696,
10,157,0,0.7968200445175171,
10,158,0,0.7525090575218201,
10,159,0,0.7454179525375366,
10,160,0,0.7704936265945435,
10,161,0,0.7918458580970764,
10,162,0,0.7967340350151062,
10,163,0,0.8245276212692261,
10,164,0,0.7869808673858643,
10,165,0,0.761966347694397,
10,166,0,0.7568854093551636,
10,167,0,0.8141542673110962,
10,168,0,0.7066120505332947,
10,169,0,0.7240675091743469,
10,170,0,0.7669810056686401,
10,171,0,0.7866335511207581,
10,172,0,0.8162582516670227,
10,173,0,0.7443662881851196,
10,174,0,0.7380844354629517,
10,175,0,0.7886568903923035,
10,176,0,0.8186893463134766,
10,177,0,0.8256676197052002,
10,178,0,0.8016694784164429,
10,179,0,0.7912299633026123,
10,180,0,0.8165572881698608,
10,181,0,0.7983960509300232,
10,182,0,0.776929497718811,
10,183,0,0.7521824240684509,
10,184,0,0.8222924470901489,
10,185,0,0.7939836978912354,
10,186,0,0.7990975379943848,
10,187,0,0.8156932592391968,
10,188,0,0.8063090443611145,
10,189,0,0.8004740476608276,
10,190,0,0.7512363195419312,
10,191,0,0.7357428073883057,
10,192,0,0.7527877688407898,
10,193,0,0.809546947479248,
10,194,0,0.7960400581359863,
10,195,0,0.7974477410316467,
10,196,0,0.7250360250473022,
10,197,0,0.6921346187591553,
10,198,0,0.750332236289978,
10,199,0,0.8245277404785156,
10,200,0,0.7932999134063721,
10,201,0,0.798470675945282,
10,202,0,0.8212323784828186,
10,203,0,0.8208372592926025,
10,204,0,0.8242526054382324,
10,205,0,0.8125101327896118,
10,206,0,0.7389086484909058,
10,207,0,0.7485256195068359,
10,208,0,0.8163349032402039,
10,209,0,0.7698302268981934,
10,210,0,0.8305478096008301,
10,211,0,0.7672153115272522,
10,212,0,0.7803188562393188,
10,213,0,0.7608668804168701,
10,214,0,0.8111788034439087,
10,215,0,0.7784003019332886,
10,216,0,0.8133198618888855,
10,217,0,0.8058149814605713,
10,218,0,0.7722223997116089,
10,219,0,0.7251994609832764,
10,220,0,0.7353909015655518,
10,221,0,0.8156836628913879,
10,222,0,0.7542906999588013,
10,223,0,0.7254778146743774,
10,224,0,0.8304035067558289,
10,225,0,0.6995605230331421,
10,226,0,0.7829181551933289,
10,227,0,0.7929233908653259,
10,228,0,0.7944891452789307,
10,229,0,0.8119068145751953,
10,230,0,0.7839001417160034,
10,231,0,0.7349432706832886,
10,232,0,0.7652415037155151,
10,233,0,0.8065451383590698,
10,234,0,0.7798790335655212,
10,235,0,0.7582353353500366,
10,236,0,0.7252404689788818,
10,237,0,0.7655611634254456,
10,238,0,0.8226770758628845,
10,239,0,0.8272974491119385,
10,240,0,0.7825993299484253,
10,241,0,0.8099327683448792,
10,242,0,0.7739506959915161,
10,243,0,0.7810033559799194,
10,244,0,0.7509821653366089,
10,245,0,0.791908323764801,
10,246,0,0.8147960305213928,
10,247,0,0.7983806729316711,
10,248,0,0.8073927760124207,
10,249,0,0.7723763585090637,
10,250,0,0.7985976934432983,
10,251,0,0.8138874173164368,
10,252,0,0.8134135603904724,
10,253,0,0.7283216714859009,
10,254,0,0.6915766000747681,
10,255,0,0.815884530544281,
10,256,0,0.8023324012756348,
10,257,0,0.8180115222930908,
10,258,0,0.7793389558792114,
10,259,0,0.8226112127304077,
10,260,0,0.7440734505653381,
10,261,0,0.7355259656906128,
10,262,0,0.7120591998100281,
10,263,0,0.8116053342819214,
10,264,0,0.7725216746330261,
10,265,0,0.7387620210647583,
10,266,0,0.7263380289077759,
10,267,0,0.8069438338279724,
10,268,0,0.8186636567115784,
10,269,0,0.7893835306167603,
10,270,0,0.8020367622375488,
10,271,0,0.7337604761123657,
10,272,0,0.7975341081619263,
10,273,0,0.8229625225067139,
10,274,0,0.8021109700202942,
10,275,0,0.6996154189109802,
10,276,0,0.7983867526054382,
10,277,0,0.808223307132721,
10,278,0,0.7325583696365356,
10,279,0,0.7899667024612427,
10,280,0,0.8021134734153748,
10,281,0,0.735664963722229,
10,282,0,0.7984937429428101,
10,283,0,0.7678565979003906,
10,284,0,0.7415710687637329,
10,285,0,0.7773461937904358,
10,286,0,0.8117789030075073,
10,287,0,0.7739695310592651,
10,288,0,0.8233139514923096,
10,289,0,0.7699987888336182,
10,290,0,0.821323573589325,
10,291,0,0.8209713697433472,
10,292,0,0.7923356890678406,
10,293,0,0.6986281275749207,
10,294,0,0.8002090454101562,
10,295,0,0.7167050838470459,
10,296,0,0.7541539669036865,
10,297,0,0.8266720175743103,
10,298,0,0.7453815340995789,
10,299,0,0.7974447011947632,
10,300,0,0.7275750637054443,
10,301,0,0.7996937036514282,
10,302,0,0.8283036351203918,
10,303,0,0.8079859018325806,
10,304,0,0.7648018598556519,
10,305,0,0.8007076978683472,
10,306,0,0.705696702003479,
10,307,0,0.706347644329071,
10,308,0,0.7918703556060791,
10,309,0,0.758084774017334,
10,310,0,0.7723260521888733,
10,311,0,0.7457195520401001,
10,312,0,0.7866036891937256,
10,313,0,0.7895066738128662,
10,314,0,0.8004527688026428,
10,315,0,0.7968860268592834,
10,316,0,0.801586925983429,
10,317,0,0.8159244060516357,
10,318,0,0.8095458745956421,
10,319,0,0.8198888301849365,
10,320,0,0.7515984773635864,
10,321,0,0.7315582036972046,
10,322,0,0.8237555623054504,
10,323,0,0.8227524757385254,
10,324,0,0.7922807931900024,
10,325,0,0.8262238502502441,
10,326,0,0.8151371479034424,
10,327,0,0.7447672486305237,
10,328,0,0.7320345640182495,
10,329,0,0.7000374794006348,
10,330,0,0.7894641160964966,
10,331,0,0.7583787441253662,
10,332,0,0.79579758644104,
10,333,0,0.7719483971595764,
10,334,0,0.7581716179847717,
10,335,0,0.8061909079551697,
10,336,0,0.7962132692337036,
10,337,0,0.7143639326095581,
10,338,0,0.8015292882919312,
10,339,0,0.7973244786262512,
10,340,0,0.8000119924545288,
10,341,0,0.769582986831665,
10,342,0,0.8058927059173584,
10,343,0,0.8158456683158875,
10,344,0,0.8003334999084473,
10,345,0,0.6930779814720154,
10,346,0,0.7466765642166138,
10,347,0,0.7971389889717102,
10,348,0,0.8311040997505188,
10,349,0,0.7602300643920898,
10,350,0,0.7595694065093994,
10,351,0,0.7543760538101196,
10,352,0,0.8014190793037415,
10,353,0,0.767947793006897,
10,354,0,0.831152081489563,
10,355,0,0.7540744543075562,
10,356,0,0.8103250861167908,
10,357,0,0.7804229259490967,
10,358,0,0.8114217519760132,
10,359,0,0.7978305220603943,
10,360,0,0.7721947431564331,
10,361,0,0.7531472444534302,
10,362,0,0.7757226228713989,
10,363,0,0.7973695993423462,
10,364,0,0.7433673143386841,
10,365,0,0.70814448595047,
10,366,0,0.7155386209487915,
10,367,0,0.7209849953651428,
10,368,0,0.7975878715515137,
10,369,0,0.8180672526359558,
10,370,0,0.7794181704521179,
10,371,0,0.8190953731536865,
10,372,0,0.7834401726722717,
10,373,0,0.8046973943710327,
10,374,0,0.7636779546737671,
10,375,0,0.7376569509506226,
10,376,0,0.8006860613822937,
10,377,0,0.8259411454200745,
10,378,0,0.7182030081748962,
10,379,0,0.8193591833114624,
10,380,0,0.6903619170188904,
10,381,0,0.7081006765365601,
10,382,0,0.7163925170898438,
10,383,0,0.7047094106674194,
10,384,0,0.8094882369041443,
10,385,0,0.8113853931427002,
10,386,0,0.7619307637214661,
10,387,0,0.7861402034759521,
10,388,0,0.7208894491195679,
10,389,0,0.8262229561805725,
10,390,0,0.6974215507507324,
10,391,0,0.7720699906349182,
10,392,0,0.8205239772796631,
10,393,0,0.790608286857605,
10,394,0,0.7579358816146851,
10,395,0,0.812100350856781,
10,396,0,0.7874897718429565,
10,397,0,0.8024048209190369,
10,398,0,0.8182042241096497,
10,399,0,0.7513822913169861,
10,400,0,0.8107427358627319,
10,401,0,0.7413663864135742,
10,402,0,0.7858330607414246,
10,403,0,0.7934486865997314,
10,404,0,0.7736284732818604,
10,405,0,0.822257399559021,
10,406,0,0.7553368806838989,
10,407,0,0.7682584524154663,
10,408,0,0.7235747575759888,
10,409,0,0.7413707971572876,
10,410,0,0.7350159883499146,
10,411,0,0.7182458639144897,
10,412,0,0.8232952356338501,
10,413,0,0.8135464787483215,
10,414,0,0.7126602530479431,
10,415,0,0.7845137715339661,
10,416,0,0.8271594047546387,
10,417,0,0.7305426001548767,
10,418,0,0.7019006013870239,
10,419,0,0.6898673176765442,
10,420,0,0.7747777700424194,
10,421,0,0.805424153804779,
10,422,0,0.8189305663108826,
10,423,0,0.8198099732398987,
10,424,0,0.7491086721420288,
10,425,0,0.8080669641494751,
10,426,0,0.801200270652771,
10,427,0,0.7527129650115967,
10,428,0,0.7689345479011536,
10,429,0,0.8006491661071777,
10,430,0,0.8032619953155518,
10,431,0,0.7375842332839966,
10,432,0,0.8036767244338989,
10,433,0,0.7871158123016357,
10,434,0,0.8229819536209106,
10,435,0,0.6945970058441162,
10,436,0,0.7545591592788696,
10,437,0,0.7521725296974182,
10,438,0,0.8192406296730042,
10,439,0,0.7770812511444092,
10,440,0,0.7210342884063721,
10,441,0,0.7857024073600769,
10,442,0,0.7755547165870667,
10,443,0,0.8130608201026917,
10,444,0,0.7846561074256897,
10,445,0,0.812997579574585,
10,446,0,0.8052626848220825,
10,447,0,0.7786732316017151,
10,448,0,0.7192292213439941,
10,449,0,0.7841403484344482,
10,450,0,0.821873664855957,
10,451,0,0.7938740849494934,
10,452,0,0.7421205043792725,
10,453,0,0.8229840993881226,
10,454,0,0.8133285045623779,
10,455,0,0.790104329586029,
10,456,0,0.8040128946304321,
10,457,0,0.8045406341552734,
10,458,0,0.7986767888069153,
10,459,0,0.7504722476005554,
10,460,0,0.7707760334014893,
10,461,0,0.7182403802871704,
10,462,0,0.7692433595657349,
10,463,0,0.7770624160766602,
10,464,0,0.7727794051170349,
10,465,0,0.7252156138420105,
10,466,0,0.8027883768081665,
10,467,0,0.782157301902771,
10,468,0,0.7976698875427246,
10,469,0,0.8229088187217712,
10,470,0,0.7280552387237549,
10,471,0,0.7961427569389343,
10,472,0,0.746424674987793,
10,473,0,0.7866581678390503,
10,474,0,0.8028280735015869,
10,475,0,0.8126044273376465,
10,476,0,0.7996992468833923,
10,477,0,0.7402414083480835,
10,478,0,0.8234460949897766,
10,479,0,0.8209357261657715,
10,480,0,0.7089715600013733,
10,481,0,0.7970621585845947,
10,482,0,0.7147647142410278,
10,483,0,0.809718132019043,
10,484,0,0.8061670064926147,
10,485,0,0.7822256088256836,
10,486,0,0.6859968900680542,
10,487,0,0.8071905374526978,
10,488,0,0.737334132194519,
10,489,0,0.7732987403869629,
10,490,0,0.7742363214492798,
10,491,0,0.731353759765625,
10,492,0,0.7918497323989868,
10,493,0,0.8175764083862305,
10,494,0,0.8022057414054871,
10,495,0,0.7569687962532043,
10,496,0,0.7872086763381958,
10,497,0,0.7960858345031738,
10,498,0,0.7917597889900208,
10,499,0,0.6897754073143005,
10,500,0,0.7000197768211365,
10,501,0,0.7587118148803711,
10,502,0,0.7234925031661987,
10,503,0,0.7628556489944458,
10,504,0,0.7581546902656555,
10,505,0,0.7959564924240112,
10,506,0,0.7787303924560547,
10,507,0,0.7425510883331299,
10,508,0,0.8144755363464355,
10,509,0,0.7822233438491821,
10,510,0,0.7851079106330872,
10,511,0,0.8000608086585999,
10,512,0,0.7704634666442871,
10,513,0,0.8199829459190369,
10,514,0,0.7654507756233215,
10,515,0,0.7297434210777283,
10,516,0,0.7419950366020203,
10,517,0,0.740971028804779,
10,518,0,0.7852606177330017,
10,519,0,0.7834606170654297,
10,520,0,0.7190134525299072,
10,521,0,0.7351484298706055,
10,522,0,0.7925879955291748,
10,523,0,0.8236553072929382,
10,524,0,0.7910497784614563,
10,525,0,0.7916780710220337,
10,526,0,0.8014416098594666,
10,527,0,0.7709732055664062,
10,528,0,0.8014185428619385,
10,529,0,0.8098594546318054,
10,530,0,0.7813100814819336,
10,531,0,0.7184499502182007,
10,532,0,0.7919692993164062,
10,533,0,0.8238421082496643,
10,534,0,0.7956839799880981,
10,535,0,0.7431619167327881,
10,536,0,0.7784807682037354,
10,537,0,0.8021917939186096,
10,538,0,0.6851592659950256,
10,539,0,0.736055850982666,
10,540,0,0.7969842553138733,
10,541,0,0.819547712802887,
10,542,0,0.7789888978004456,
10,543,0,0.6962347030639648,
10,544,0,0.7250691652297974,
10,545,0,0.7293652296066284,
10,546,0,0.7978506684303284,
10,547,0,0.7890428900718689,
10,548,0,0.7844313383102417,
10,549,0,0.798846960067749,
10,550,0,0.7765293717384338,
10,551,0,0.7689821720123291,
10,552,0,0.711074948310852,
10,553,0,0.7788753509521484,
10,554,0,0.7587382197380066,
10,555,0,0.7432670593261719,
10,556,0,0.7831045389175415,
10,557,0,0.7775022387504578,
10,558,0,0.7884303331375122,
10,559,0,0.6937954425811768,
10,560,0,0.7968479990959167,
10,561,0,0.7469565868377686,
10,562,0,0.8028891682624817,
10,563,0,0.8140947818756104,
10,564,0,0.7784967422485352,
10,565,0,0.7354912161827087,
10,566,0,0.8282632827758789,
10,567,0,0.7674010396003723,
10,568,0,0.7044841051101685,
10,569,0,0.790785551071167,
10,570,0,0.7318007349967957,
10,571,0,0.7689414024353027,
10,572,0,0.8179913759231567,
10,573,0,0.8102958798408508,
10,574,0,0.8094202876091003,
10,575,0,0.6897150278091431,
10,576,0,0.6694697141647339,
10,577,0,0.7308506965637207,
10,578,0,0.8000266551971436,
10,579,0,0.8028956651687622,
10,580,0,0.8002464771270752,
10,581,0,0.7916817665100098,
10,582,0,0.7584318518638611,
10,583,0,0.7821263074874878,
10,584,0,0.7960453629493713,
10,585,0,0.7701923251152039,
10,586,0,0.7202855348587036,
10,587,0,0.8261626958847046,
10,588,0,0.7552340030670166,
10,589,0,0.7332775592803955,
10,590,0,0.8000077605247498,
10,591,0,0.7171013355255127,
10,592,0,0.8194155097007751,
10,593,0,0.7274030447006226,
10,594,0,0.7281808257102966,
10,595,0,0.8204036951065063,
10,596,0,0.814515233039856,
10,597,0,0.7762553095817566,
10,598,0,0.7205289006233215,
10,599,0,0.8142165541648865,
10,600,0,0.8116297721862793,
10,601,0,0.7077130079269409,
10,602,0,0.7468687295913696,
10,603,0,0.8224442005157471,
10,604,0,0.7299544811248779,
10,val,,,0.804890038172404
11,0,0,0.7833618521690369,
11,1,0,0.8193230032920837,
11,2,0,0.7182703018188477,
11,3,0,0.8043051362037659,
11,4,0,0.791640043258667,
11,5,0,0.7998989820480347,
11,6,0,0.8234397768974304,
11,7,0,0.7821922302246094,
11,8,0,0.8147964477539062,
11,9,0,0.8172498941421509,
11,10,0,0.7581313848495483,
11,11,0,0.8117771744728088,
11,12,0,0.7342643737792969,
11,13,0,0.7940940260887146,
11,14,0,0.8026595115661621,
11,15,0,0.7863072156906128,
11,16,0,0.7760792970657349,
11,17,0,0.7915071845054626,
11,18,0,0.8184692859649658,
11,19,0,0.777329683303833,
11,20,0,0.7993715405464172,
11,21,0,0.8048608303070068,
11,22,0,0.7767154574394226,
11,23,0,0.7849706411361694,
11,24,0,0.7939949631690979,
11,25,0,0.7739911079406738,
11,26,0,0.791240394115448,
11,27,0,0.7923270463943481,
11,28,0,0.7900278568267822,
11,29,0,0.8129396438598633,
11,30,0,0.7846097946166992,
11,31,0,0.7746421098709106,
11,32,0,0.7966005802154541,
11,33,0,0.7861116528511047,
11,34,0,0.7596794366836548,
11,35,0,0.8075445294380188,
11,36,0,0.7556226849555969,
11,37,0,0.78838050365448,
11,38,0,0.7789856791496277,
11,39,0,0.7596918940544128,
11,40,0,0.7554479241371155,
11,41,0,0.790726900100708,
11,42,0,0.7728960514068604,
11,43,0,0.824200451374054,
11,44,0,0.7594922184944153,
11,45,0,0.7857992053031921,
11,46,0,0.7889696359634399,
11,47,0,0.7275288105010986,
11,48,0,0.8127162456512451,
11,49,0,0.7503872513771057,
11,50,0,0.8218232989311218,
11,51,0,0.8168364763259888,
11,52,0,0.8235746622085571,
11,53,0,0.8046311140060425,
11,54,0,0.7476710081100464,
11,55,0,0.8162542581558228,
11,56,0,0.7071709632873535,
11,57,0,0.7814648151397705,
11,58,0,0.7793843150138855,
11,59,0,0.8213921785354614,
11,60,0,0.8017650246620178,
11,61,0,0.8256693482398987,
11,62,0,0.7180730104446411,
11,63,0,0.7935470342636108,
11,64,0,0.775901198387146,
11,65,0,0.8001635074615479,
11,66,0,0.727147102355957,
11,67,0,0.760972261428833,
11,68,0,0.8060302138328552,
11,69,0,0.8315318822860718,
11,70,0,0.6864174008369446,
11,71,0,0.7781366109848022,
11,72,0,0.7531775236129761,
11,73,0,0.7593039870262146,
11,74,0,0.7846536040306091,
11,75,0,0.7985000610351562,
11,76,0,0.7712929248809814,
11,77,0,0.8095066547393799,
11,78,0,0.8067915439605713,
11,79,0,0.7309005260467529,
11,80,0,0.7769786715507507,
11,81,0,0.7481476664543152,
11,82,0,0.7892513871192932,
11,83,0,0.8013108968734741,
11,84,0,0.815044641494751,
11,85,0,0.8086740374565125,
11,86,0,0.7783640027046204,
11,87,0,0.8133722543716431,
11,88,0,0.7965003252029419,
11,89,0,0.7923410534858704,
11,90,0,0.8138220310211182,
11,91,0,0.731889009475708,
11,92,0,0.7958309054374695,
11,93,0,0.825260579586029,
11,94,0,0.7576271891593933,
11,95,0,0.6816568374633789,
11,96,0,0.8029119968414307,
11,97,0,0.7108228802680969,
11,98,0,0.8037348985671997,
11,99,0,0.7914165258407593,
11,100,0,0.7826088070869446,
11,101,0,0.7880144715309143,
11,102,0,0.7520857453346252,
11,103,0,0.7982837557792664,
11,104,0,0.7803592681884766,
11,105,0,0.7643947601318359,
11,106,0,0.6934202313423157,
11,107,0,0.7525372505187988,
11,108,0,0.7950274348258972,
11,109,0,0.7686968445777893,
11,110,0,0.8080529570579529,
11,111,0,0.8188534379005432,
11,112,0,0.6987354755401611,
11,113,0,0.8009577393531799,
11,114,0,0.7692848443984985,
11,115,0,0.7189182639122009,
11,116,0,0.714814305305481,
11,117,0,0.7030810117721558,
11,118,0,0.8139678239822388,
11,119,0,0.7587703466415405,
11,120,0,0.8015738725662231,
11,121,0,0.8192195296287537,
11,122,0,0.7439372539520264,
11,123,0,0.702826738357544,
11,124,0,0.7557464838027954,
11,125,0,0.7245222926139832,
11,126,0,0.7907758951187134,
11,127,0,0.7467165589332581,
11,128,0,0.7889159917831421,
11,129,0,0.7511484622955322,
11,130,0,0.8106962442398071,
11,131,0,0.8158491253852844,
11,132,0,0.7462862730026245,
11,133,0,0.813873291015625,
11,134,0,0.7518510222434998,
11,135,0,0.7738859057426453,
11,136,0,0.8143506646156311,
11,137,0,0.7330731153488159,
11,138,0,0.817491352558136,
11,139,0,0.775485098361969,
11,140,0,0.8119428753852844,
11,141,0,0.767459511756897,
11,142,0,0.7162405252456665,
11,143,0,0.7508771419525146,
11,144,0,0.7491780519485474,
11,145,0,0.7196565866470337,
11,146,0,0.8032659888267517,
11,147,0,0.8014603853225708,
11,148,0,0.783416748046875,
11,149,0,0.7103009223937988,
11,150,0,0.8157331943511963,
11,151,0,0.7638295888900757,
11,152,0,0.8167697191238403,
11,153,0,0.7693188786506653,
11,154,0,0.830153226852417,
11,155,0,0.7932674288749695,
11,156,0,0.7743760943412781,
11,157,0,0.7911573648452759,
11,158,0,0.740017294883728,
11,159,0,0.7331569194793701,
11,160,0,0.7634639143943787,
11,161,0,0.7887986898422241,
11,162,0,0.7925413846969604,
11,163,0,0.8198550343513489,
11,164,0,0.7810145616531372,
11,165,0,0.7573497295379639,
11,166,0,0.7417397499084473,
11,167,0,0.8138511776924133,
11,168,0,0.6838880181312561,
11,169,0,0.7048114538192749,
11,170,0,0.759600043296814,
11,171,0,0.7806665897369385,
11,172,0,0.8165755867958069,
11,173,0,0.7268915176391602,
11,174,0,0.7270277738571167,
11,175,0,0.7853698134422302,
11,176,0,0.819414496421814,
11,177,0,0.8258453607559204,
11,178,0,0.8036767840385437,
11,179,0,0.7891266942024231,
11,180,0,0.8115050196647644,
11,181,0,0.796805202960968,
11,182,0,0.7711187601089478,
11,183,0,0.741860568523407,
11,184,0,0.8231127858161926,
11,185,0,0.7926470041275024,
11,186,0,0.7970967888832092,
11,187,0,0.8136168718338013,
11,188,0,0.8016543984413147,
11,189,0,0.7979605197906494,
11,190,0,0.7358391284942627,
11,191,0,0.7180668115615845,
11,192,0,0.7382924556732178,
11,193,0,0.8084245324134827,
11,194,0,0.7927249073982239,
11,195,0,0.7965835332870483,
11,196,0,0.7010815143585205,
11,197,0,0.6870102882385254,
11,198,0,0.7396509647369385,
11,199,0,0.8211721181869507,
11,200,0,0.7862331867218018,
11,201,0,0.7998302578926086,
11,202,0,0.8218036890029907,
11,203,0,0.8134122490882874,
11,204,0,0.821047306060791,
11,205,0,0.8037760257720947,
11,206,0,0.7336193323135376,
11,207,0,0.7398011684417725,
11,208,0,0.8100823163986206,
11,209,0,0.7652350664138794,
11,210,0,0.8298754096031189,
11,211,0,0.7628991007804871,
11,212,0,0.7756749391555786,
11,213,0,0.7514000535011292,
11,214,0,0.8105399012565613,
11,215,0,0.7709519267082214,
11,216,0,0.8151478171348572,
11,217,0,0.8036280274391174,
11,218,0,0.7664396166801453,
11,219,0,0.7103158831596375,
11,220,0,0.7242673635482788,
11,221,0,0.8094903230667114,
11,222,0,0.7384592294692993,
11,223,0,0.7018754482269287,
11,224,0,0.8256350755691528,
11,225,0,0.6805347204208374,
11,226,0,0.7765566110610962,
11,227,0,0.791110634803772,
11,228,0,0.792012631893158,
11,229,0,0.8121330738067627,
11,230,0,0.7755894064903259,
11,231,0,0.714744508266449,
11,232,0,0.7547467350959778,
11,233,0,0.8035582900047302,
11,234,0,0.7742052674293518,
11,235,0,0.7494356036186218,
11,236,0,0.7100414037704468,
11,237,0,0.7576067447662354,
11,238,0,0.8225396871566772,
11,239,0,0.8273247480392456,
11,240,0,0.7767550349235535,
11,241,0,0.8064010739326477,
11,242,0,0.7691138982772827,
11,243,0,0.7701687216758728,
11,244,0,0.7458292841911316,
11,245,0,0.7874889373779297,
11,246,0,0.8159235715866089,
11,247,0,0.7955113053321838,
11,248,0,0.8061174154281616,
11,249,0,0.7686760425567627,
11,250,0,0.7914838790893555,
11,251,0,0.8084640502929688,
11,252,0,0.8176162838935852,
11,253,0,0.7199598550796509,
11,254,0,0.676742672920227,
11,255,0,0.8087724447250366,
11,256,0,0.7969474792480469,
11,257,0,0.8200594186782837,
11,258,0,0.7673242092132568,
11,259,0,0.8189267516136169,
11,260,0,0.7293342351913452,
11,261,0,0.719165563583374,
11,262,0,0.7024239301681519,
11,263,0,0.8056357502937317,
11,264,0,0.7684239149093628,
11,265,0,0.7287951707839966,
11,266,0,0.7125844955444336,
11,267,0,0.8051328063011169,
11,268,0,0.8183050751686096,
11,269,0,0.7894436120986938,
11,270,0,0.7963854074478149,
11,271,0,0.7118673324584961,
11,272,0,0.7975035905838013,
11,273,0,0.824009895324707,
11,274,0,0.7985888719558716,
11,275,0,0.6754959225654602,
11,276,0,0.8004184365272522,
11,277,0,0.8073686957359314,
11,278,0,0.719214677810669,
11,279,0,0.7822514772415161,
11,280,0,0.8007087707519531,
11,281,0,0.7339035272598267,
11,282,0,0.7893564105033875,
11,283,0,0.7569442391395569,
11,284,0,0.7297810316085815,
11,285,0,0.7714314460754395,
11,286,0,0.8141759037971497,
11,287,0,0.7690378427505493,
11,288,0,0.8204233646392822,
11,289,0,0.7581607103347778,
11,290,0,0.8178191781044006,
11,291,0,0.8227658271789551,
11,292,0,0.7911314964294434,
11,293,0,0.6895138025283813,
11,294,0,0.7995864152908325,
11,295,0,0.7065545320510864,
11,296,0,0.7383918762207031,
11,297,0,0.8245734572410583,
11,298,0,0.7322463989257812,
11,299,0,0.7963763475418091,
11,300,0,0.7078269720077515,
11,301,0,0.8020451068878174,
11,302,0,0.8221871852874756,
11,303,0,0.8065094351768494,
11,304,0,0.7553941011428833,
11,305,0,0.7982085943222046,
11,306,0,0.6968594789505005,
11,307,0,0.692348837852478,
11,308,0,0.7930294275283813,
11,309,0,0.7456129789352417,
11,310,0,0.7695133686065674,
11,311,0,0.7392970323562622,
11,312,0,0.7804509401321411,
11,313,0,0.7845172882080078,
11,314,0,0.8026611804962158,
11,315,0,0.7953984141349792,
11,316,0,0.8005977869033813,
11,317,0,0.8191148042678833,
11,318,0,0.8096598386764526,
11,319,0,0.81380295753479,
11,320,0,0.7495191097259521,
11,321,0,0.7276840209960938,
11,322,0,0.8238994479179382,
11,323,0,0.8265610337257385,
11,324,0,0.7821377515792847,
11,325,0,0.8310763239860535,
11,326,0,0.811909556388855,
11,327,0,0.7374259233474731,
11,328,0,0.7161930799484253,
11,329,0,0.6796578764915466,
11,330,0,0.7882343530654907,
11,331,0,0.7508773803710938,
11,332,0,0.7875607013702393,
11,333,0,0.7664672136306763,
11,334,0,0.7511293888092041,
11,335,0,0.8045852184295654,
11,336,0,0.7895486354827881,
11,337,0,0.7044870853424072,
11,338,0,0.7952941656112671,
11,339,0,0.7857900857925415,
11,340,0,0.7980329394340515,
11,341,0,0.7643620371818542,
11,342,0,0.8091326951980591,
11,343,0,0.8130525946617126,
11,344,0,0.7967993021011353,
11,345,0,0.680358350276947,
11,346,0,0.7383936643600464,
11,347,0,0.799562394618988,
11,348,0,0.8286325931549072,
11,349,0,0.7473610043525696,
11,350,0,0.7570787072181702,
11,351,0,0.7383807897567749,
11,352,0,0.8006874322891235,
11,353,0,0.7638894319534302,
11,354,0,0.8318395614624023,
11,355,0,0.7507866024971008,
11,356,0,0.8047592043876648,
11,357,0,0.7754613757133484,
11,358,0,0.8082903027534485,
11,359,0,0.7965656518936157,
11,360,0,0.756091296672821,
11,361,0,0.7419571876525879,
11,362,0,0.7741310596466064,
11,363,0,0.791357159614563,
11,364,0,0.7315729856491089,
11,365,0,0.6924112439155579,
11,366,0,0.7038373351097107,
11,367,0,0.7093253135681152,
11,368,0,0.793939471244812,
11,369,0,0.8176729083061218,
11,370,0,0.7797329425811768,
11,371,0,0.8077602982521057,
11,372,0,0.7701470851898193,
11,373,0,0.8008050322532654,
11,374,0,0.7553586959838867,
11,375,0,0.730928897857666,
11,376,0,0.7967058420181274,
11,377,0,0.8218317031860352,
11,378,0,0.7097429037094116,
11,379,0,0.8164639472961426,
11,380,0,0.6872190237045288,
11,381,0,0.698257327079773,
11,382,0,0.7126846313476562,
11,383,0,0.6980446577072144,
11,384,0,0.8163937330245972,
11,385,0,0.7993969917297363,
11,386,0,0.7511239051818848,
11,387,0,0.7796134948730469,
11,388,0,0.7080569267272949,
11,389,0,0.8225224018096924,
11,390,0,0.6813275814056396,
11,391,0,0.7635894417762756,
11,392,0,0.8230928182601929,
11,393,0,0.7820408344268799,
11,394,0,0.7458280324935913,
11,395,0,0.8113538026809692,
11,396,0,0.7846282720565796,
11,397,0,0.8029707670211792,
11,398,0,0.821919322013855,
11,399,0,0.7443564534187317,
11,400,0,0.8136799335479736,
11,401,0,0.7320870757102966,
11,402,0,0.7837137579917908,
11,403,0,0.7955594658851624,
11,404,0,0.7660007476806641,
11,405,0,0.8182036876678467,
11,406,0,0.7460511922836304,
11,407,0,0.7605375051498413,
11,408,0,0.7051935195922852,
11,409,0,0.7288474440574646,
11,410,0,0.7283991575241089,
11,411,0,0.7061805129051208,
11,412,0,0.8232722878456116,
11,413,0,0.8112612366676331,
11,414,0,0.6985755562782288,
11,415,0,0.7835454344749451,
11,416,0,0.831104576587677,
11,417,0,0.7165931463241577,
11,418,0,0.6911466121673584,
11,419,0,0.6737407445907593,
11,420,0,0.7705543637275696,
11,421,0,0.8019855618476868,
11,422,0,0.8165467977523804,
11,423,0,0.8196486830711365,
11,424,0,0.7377175688743591,
11,425,0,0.8055840730667114,
11,426,0,0.7930178642272949,
11,427,0,0.738724946975708,
11,428,0,0.7689085006713867,
11,429,0,0.7999149560928345,
11,430,0,0.8026587963104248,
11,431,0,0.724590539932251,
11,432,0,0.8063148260116577,
11,433,0,0.7807585000991821,
11,434,0,0.8210490345954895,
11,435,0,0.6797142028808594,
11,436,0,0.735386073589325,
11,437,0,0.7451432943344116,
11,438,0,0.8103703260421753,
11,439,0,0.7724602818489075,
11,440,0,0.708571195602417,
11,441,0,0.77713543176651,
11,442,0,0.7695866823196411,
11,443,0,0.8107859492301941,
11,444,0,0.7833858728408813,
11,445,0,0.8122290372848511,
11,446,0,0.8002428412437439,
11,447,0,0.7814590334892273,
11,448,0,0.7011183500289917,
11,449,0,0.780254602432251,
11,450,0,0.8176959156990051,
11,451,0,0.7888131141662598,
11,452,0,0.7325965762138367,
11,453,0,0.8217108249664307,
11,454,0,0.8127384185791016,
11,455,0,0.7863346338272095,
11,456,0,0.8029841780662537,
11,457,0,0.7996276617050171,
11,458,0,0.7958539724349976,
11,459,0,0.7339153289794922,
11,460,0,0.7602455615997314,
11,461,0,0.7025024890899658,
11,462,0,0.7618765234947205,
11,463,0,0.7703682780265808,
11,464,0,0.7702377438545227,
11,465,0,0.7108285427093506,
11,466,0,0.7972279191017151,
11,467,0,0.7739443778991699,
11,468,0,0.8008240461349487,
11,469,0,0.8154157400131226,
11,470,0,0.7142617702484131,
11,471,0,0.792451798915863,
11,472,0,0.7387481927871704,
11,473,0,0.7876095771789551,
11,474,0,0.7992010116577148,
11,475,0,0.8158314228057861,
11,476,0,0.7959439158439636,
11,477,0,0.732679009437561,
11,478,0,0.8196282982826233,
11,479,0,0.8197367191314697,
11,480,0,0.6972026824951172,
11,481,0,0.7938072085380554,
11,482,0,0.699701189994812,
11,483,0,0.8043555021286011,
11,484,0,0.8035508394241333,
11,485,0,0.7810813784599304,
11,486,0,0.6697025299072266,
11,487,0,0.8015619516372681,
11,488,0,0.7281010746955872,
11,489,0,0.76866614818573,
11,490,0,0.7706660032272339,
11,491,0,0.7180711030960083,
11,492,0,0.7857733368873596,
11,493,0,0.8206261396408081,
11,494,0,0.7983812093734741,
11,495,0,0.7491587400436401,
11,496,0,0.7771037220954895,
11,497,0,0.7913180589675903,
11,498,0,0.7877639532089233,
11,499,0,0.673655092716217,
11,500,0,0.6823488473892212,
11,501,0,0.7516560554504395,
11,502,0,0.7046266794204712,
11,503,0,0.7498162984848022,
11,504,0,0.7429546117782593,
11,505,0,0.7882734537124634,
11,506,0,0.7747960686683655,
11,507,0,0.7384028434753418,
11,508,0,0.8137933611869812,
11,509,0,0.7740921974182129,
11,510,0,0.7803898453712463,
11,511,0,0.7935149073600769,
11,512,0,0.758496880531311,
11,513,0,0.816851019859314,
11,514,0,0.7540934085845947,
11,515,0,0.7251486778259277,
11,516,0,0.7346105575561523,
11,517,0,0.7307355403900146,
11,518,0,0.773882269859314,
11,519,0,0.7814154624938965,
11,520,0,0.7086769342422485,
11,521,0,0.7232567071914673,
11,522,0,0.7938038110733032,
11,523,0,0.8190436959266663,
11,524,0,0.7872998118400574,
11,525,0,0.7847436666488647,
11,526,0,0.8018735647201538,
11,527,0,0.7683444023132324,
11,528,0,0.8061953783035278,
11,529,0,0.8041791915893555,
11,530,0,0.7774045467376709,
11,531,0,0.7021409869194031,
11,532,0,0.7899300456047058,
11,533,0,0.8248438239097595,
11,534,0,0.7938262820243835,
11,535,0,0.7339650392532349,
11,536,0,0.773841381072998,
11,537,0,0.79774010181427,
11,538,0,0.6744496822357178,
11,539,0,0.7321873903274536,
11,540,0,0.7929229736328125,
11,541,0,0.8166406154632568,
11,542,0,0.7754965424537659,
11,543,0,0.6937394142150879,
11,544,0,0.7190267443656921,
11,545,0,0.7240790128707886,
11,546,0,0.7872494459152222,
11,547,0,0.7862858176231384,
11,548,0,0.7783055305480957,
11,549,0,0.7993322610855103,
11,550,0,0.7666128277778625,
11,551,0,0.7597000598907471,
11,552,0,0.7002747654914856,
11,553,0,0.7741554975509644,
11,554,0,0.7552661895751953,
11,555,0,0.7325433492660522,
11,556,0,0.7792778015136719,
11,557,0,0.7734745740890503,
11,558,0,0.7845987677574158,
11,559,0,0.6815768480300903,
11,560,0,0.7980619072914124,
11,561,0,0.7398799657821655,
11,562,0,0.8001262545585632,
11,563,0,0.8116989135742188,
11,564,0,0.7622647285461426,
11,565,0,0.7344883680343628,
11,566,0,0.8251282572746277,
11,567,0,0.7599338293075562,
11,568,0,0.6935851573944092,
11,569,0,0.7868686318397522,
11,570,0,0.7187345027923584,
11,571,0,0.7542586326599121,
11,572,0,0.8217589855194092,
11,573,0,0.7972016930580139,
11,574,0,0.8062455654144287,
11,575,0,0.6757642030715942,
11,576,0,0.6512919664382935,
11,577,0,0.7234699726104736,
11,578,0,0.7991335988044739,
11,579,0,0.8043931126594543,
11,580,0,0.8002253770828247,
11,581,0,0.7885369658470154,
11,582,0,0.7554088830947876,
11,583,0,0.776913046836853,
11,584,0,0.7928954362869263,
11,585,0,0.767386794090271,
11,586,0,0.7108673453330994,
11,587,0,0.8147780299186707,
11,588,0,0.7451074123382568,
11,589,0,0.7232483625411987,
11,590,0,0.7971101999282837,
11,591,0,0.6973040103912354,
11,592,0,0.8178750276565552,
11,593,0,0.7204306125640869,
11,594,0,0.7173781394958496,
11,595,0,0.8252718448638916,
11,596,0,0.8189902305603027,
11,597,0,0.7698116898536682,
11,598,0,0.6936967372894287,
11,599,0,0.8102428913116455,
11,600,0,0.811285674571991,
11,601,0,0.6935110092163086,
11,602,0,0.744183361530304,
11,603,0,0.818619966506958,
11,604,0,0.7219880223274231,
11,val,,,0.8046030441919962
12,0,0,0.7777701616287231,
12,1,0,0.8151847124099731,
12,2,0,0.7071501016616821,
12,3,0,0.8030446171760559,
12,4,0,0.790786623954773,
12,5,0,0.7974650859832764,
12,6,0,0.8228483200073242,
12,7,0,0.7756320834159851,
12,8,0,0.8103504180908203,
12,9,0,0.8154552578926086,
12,10,0,0.7587844133377075,
12,11,0,0.8073590397834778,
12,12,0,0.7232334017753601,
12,13,0,0.7915477752685547,
12,14,0,0.7989742755889893,
12,15,0,0.7787296772003174,
12,16,0,0.7747483849525452,
12,17,0,0.7897624969482422,
12,18,0,0.8172382712364197,
12,19,0,0.7708857655525208,
12,20,0,0.7986408472061157,
12,21,0,0.8076973557472229,
12,22,0,0.7779704332351685,
12,23,0,0.786998987197876,
12,24,0,0.793394148349762,
12,25,0,0.764147937297821,
12,26,0,0.7903703451156616,
12,27,0,0.7914460301399231,
12,28,0,0.7913342714309692,
12,29,0,0.811028778553009,
12,30,0,0.7820593118667603,
12,31,0,0.7736207246780396,
12,32,0,0.7906044721603394,
12,33,0,0.7779890298843384,
12,34,0,0.7561942934989929,
12,35,0,0.8027242422103882,
12,36,0,0.7471673488616943,
12,37,0,0.7823873162269592,
12,38,0,0.7751537561416626,
12,39,0,0.7587830424308777,
12,40,0,0.741236686706543,
12,41,0,0.7805079817771912,
12,42,0,0.7719132304191589,
12,43,0,0.8190598487854004,
12,44,0,0.7531358599662781,
12,45,0,0.7815744876861572,
12,46,0,0.7861182689666748,
12,47,0,0.7112632393836975,
12,48,0,0.8088803887367249,
12,49,0,0.7363563776016235,
12,50,0,0.8203287720680237,
12,51,0,0.8183000087738037,
12,52,0,0.8222793340682983,
12,53,0,0.8060413599014282,
12,54,0,0.7386256456375122,
12,55,0,0.8199272155761719,
12,56,0,0.6934158802032471,
12,57,0,0.7756911516189575,
12,58,0,0.7735253572463989,
12,59,0,0.8261070847511292,
12,60,0,0.8040732145309448,
12,61,0,0.825986921787262,
12,62,0,0.7074168920516968,
12,63,0,0.7891396284103394,
12,64,0,0.7735780477523804,
12,65,0,0.8015377521514893,
12,66,0,0.7145805358886719,
12,67,0,0.7547978162765503,
12,68,0,0.7997453212738037,
12,69,0,0.8267199397087097,
12,70,0,0.6754906177520752,
12,71,0,0.7742725610733032,
12,72,0,0.7454185485839844,
12,73,0,0.753287672996521,
12,74,0,0.7811261415481567,
12,75,0,0.7984412908554077,
12,76,0,0.7623100876808167,
12,77,0,0.8059933185577393,
12,78,0,0.8062812089920044,
12,79,0,0.7180969715118408,
12,80,0,0.7681881785392761,
12,81,0,0.746686577796936,
12,82,0,0.7867856621742249,
12,83,0,0.8021441698074341,
12,84,0,0.8153039216995239,
12,85,0,0.8062754273414612,
12,86,0,0.7734310030937195,
12,87,0,0.811630129814148,
12,88,0,0.7850860357284546,
12,89,0,0.7862244844436646,
12,90,0,0.8133535981178284,
12,91,0,0.7221850156784058,
12,92,0,0.7884368300437927,
12,93,0,0.8259770274162292,
12,94,0,0.7427698373794556,
12,95,0,0.662511944770813,
12,96,0,0.8032212257385254,
12,97,0,0.6995898485183716,
12,98,0,0.8002381324768066,
12,99,0,0.7806664705276489,
12,100,0,0.7754201889038086,
12,101,0,0.7808730602264404,
12,102,0,0.7416815757751465,
12,103,0,0.7941796183586121,
12,104,0,0.7779031991958618,
12,105,0,0.7617961764335632,
12,106,0,0.684590220451355,
12,107,0,0.7446858882904053,
12,108,0,0.7957828044891357,
12,109,0,0.7670118808746338,
12,110,0,0.8094799518585205,
12,111,0,0.8178325891494751,
12,112,0,0.6712896823883057,
12,113,0,0.7989078164100647,
12,114,0,0.7660184502601624,
12,115,0,0.710610032081604,
12,116,0,0.7081855535507202,
12,117,0,0.6921619176864624,
12,118,0,0.8173146843910217,
12,119,0,0.753187358379364,
12,120,0,0.7942182421684265,
12,121,0,0.8190597891807556,
12,122,0,0.7372002601623535,
12,123,0,0.6916308403015137,
12,124,0,0.7530573606491089,
12,125,0,0.7133342623710632,
12,126,0,0.7863644361495972,
12,127,0,0.7330493330955505,
12,128,0,0.7868781685829163,
12,129,0,0.7456165552139282,
12,130,0,0.8106331825256348,
12,131,0,0.8097249269485474,
12,132,0,0.73484206199646,
12,133,0,0.8112550973892212,
12,134,0,0.7421990633010864,
12,135,0,0.7643086314201355,
12,136,0,0.8177433013916016,
12,137,0,0.7276150584220886,
12,138,0,0.818375289440155,
12,139,0,0.772382915019989,
12,140,0,0.8090212941169739,
12,141,0,0.7586921453475952,
12,142,0,0.7036198377609253,
12,143,0,0.7471977472305298,
12,144,0,0.7372076511383057,
12,145,0,0.7053195238113403,
12,146,0,0.8012888431549072,
12,147,0,0.8007941842079163,
12,148,0,0.7758859395980835,
12,149,0,0.6925194263458252,
12,150,0,0.8150456547737122,
12,151,0,0.753452718257904,
12,152,0,0.8159497976303101,
12,153,0,0.7677170038223267,
12,154,0,0.8256998062133789,
12,155,0,0.7849444150924683,
12,156,0,0.76059889793396,
12,157,0,0.788054347038269,
12,158,0,0.7373937368392944,
12,159,0,0.7259548902511597,
12,160,0,0.7609604001045227,
12,161,0,0.7848455905914307,
12,162,0,0.7937829494476318,
12,163,0,0.8186471462249756,
12,164,0,0.7739717960357666,
12,165,0,0.7515497207641602,
12,166,0,0.7389776110649109,
12,167,0,0.8133535385131836,
12,168,0,0.6734057664871216,
12,169,0,0.6976017951965332,
12,170,0,0.7577467560768127,
12,171,0,0.7746381163597107,
12,172,0,0.8090866208076477,
12,173,0,0.7134724855422974,
12,174,0,0.7193910479545593,
12,175,0,0.7797532677650452,
12,176,0,0.8202943205833435,
12,177,0,0.8215765953063965,
12,178,0,0.798094630241394,
12,179,0,0.7843273282051086,
12,180,0,0.813411295413971,
12,181,0,0.7885282039642334,
12,182,0,0.7703900933265686,
12,183,0,0.7295321226119995,
12,184,0,0.8152772188186646,
12,185,0,0.7892399430274963,
12,186,0,0.7937228679656982,
12,187,0,0.8116147518157959,
12,188,0,0.7982981204986572,
12,189,0,0.7925625443458557,
12,190,0,0.7232882976531982,
12,191,0,0.7084650993347168,
12,192,0,0.7218839526176453,
12,193,0,0.8086039423942566,
12,194,0,0.7895731925964355,
12,195,0,0.7893255949020386,
12,196,0,0.6879956722259521,
12,197,0,0.6686050891876221,
12,198,0,0.7424067854881287,
12,199,0,0.8162575364112854,
12,200,0,0.7847798466682434,
12,201,0,0.7917097806930542,
12,202,0,0.8237963318824768,
12,203,0,0.8091224431991577,
12,204,0,0.8243743777275085,
12,205,0,0.8028176426887512,
12,206,0,0.7222497463226318,
12,207,0,0.7323716878890991,
12,208,0,0.815048098564148,
12,209,0,0.7579174637794495,
12,210,0,0.8264694809913635,
12,211,0,0.754916787147522,
12,212,0,0.7702792882919312,
12,213,0,0.745631217956543,
12,214,0,0.8057608604431152,
12,215,0,0.7651511430740356,
12,216,0,0.8106222152709961,
12,217,0,0.7996373772621155,
12,218,0,0.7573428750038147,
12,219,0,0.7024422883987427,
12,220,0,0.7159847021102905,
12,221,0,0.8064524531364441,
12,222,0,0.728439211845398,
12,223,0,0.6884726881980896,
12,224,0,0.8295552134513855,
12,225,0,0.6771749258041382,
12,226,0,0.7682713270187378,
12,227,0,0.7839757204055786,
12,228,0,0.7881223559379578,
12,229,0,0.8042266368865967,
12,230,0,0.7763962745666504,
12,231,0,0.7054905891418457,
12,232,0,0.7512224912643433,
12,233,0,0.8033592700958252,
12,234,0,0.7675390243530273,
12,235,0,0.7401144504547119,
12,236,0,0.6987878084182739,
12,237,0,0.7435594797134399,
12,238,0,0.8213663697242737,
12,239,0,0.8288611769676208,
12,240,0,0.7740763425827026,
12,241,0,0.8058100342750549,
12,242,0,0.7584301829338074,
12,243,0,0.7680394649505615,
12,244,0,0.7381329536437988,
12,245,0,0.7826610803604126,
12,246,0,0.8136902451515198,
12,247,0,0.79686439037323,
12,248,0,0.8078420162200928,
12,249,0,0.7594606876373291,
12,250,0,0.7847765684127808,
12,251,0,0.800197184085846,
12,252,0,0.8160111904144287,
12,253,0,0.7111862897872925,
12,254,0,0.6609545350074768,
12,255,0,0.8041728734970093,
12,256,0,0.7983089685440063,
12,257,0,0.8236488103866577,
12,258,0,0.7667759656906128,
12,259,0,0.8231762647628784,
12,260,0,0.7244428396224976,
12,261,0,0.7072392702102661,
12,262,0,0.6949666142463684,
12,263,0,0.7997961640357971,
12,264,0,0.7639029622077942,
12,265,0,0.7197293043136597,
12,266,0,0.6987249255180359,
12,267,0,0.797437310218811,
12,268,0,0.8156325221061707,
12,269,0,0.7871088981628418,
12,270,0,0.7953019142150879,
12,271,0,0.7006300687789917,
12,272,0,0.7912598848342896,
12,273,0,0.8217398524284363,
12,274,0,0.797258734703064,
12,275,0,0.6668758988380432,
12,276,0,0.7935420274734497,
12,277,0,0.8046083450317383,
12,278,0,0.7058347463607788,
12,279,0,0.7799383401870728,
12,280,0,0.7966190576553345,
12,281,0,0.7186247110366821,
12,282,0,0.786540150642395,
12,283,0,0.7426221370697021,
12,284,0,0.7164920568466187,
12,285,0,0.7683238983154297,
12,286,0,0.8125028610229492,
12,287,0,0.7660611867904663,
12,288,0,0.8123294115066528,
12,289,0,0.7560732960700989,
12,290,0,0.8178408145904541,
12,291,0,0.8177677392959595,
12,292,0,0.7843273282051086,
12,293,0,0.675102949142456,
12,294,0,0.7980368733406067,
12,295,0,0.6863250136375427,
12,296,0,0.7310736179351807,
12,297,0,0.815566897392273,
12,298,0,0.7255362868309021,
12,299,0,0.7917463779449463,
12,300,0,0.6993541121482849,
12,301,0,0.7974709272384644,
12,302,0,0.8181487321853638,
12,303,0,0.7991507053375244,
12,304,0,0.7448371648788452,
12,305,0,0.7958459258079529,
12,306,0,0.6812509894371033,
12,307,0,0.6788187026977539,
12,308,0,0.7830379605293274,
12,309,0,0.74224853515625,
12,310,0,0.76019686460495,
12,311,0,0.7269512414932251,
12,312,0,0.7768417596817017,
12,313,0,0.7795525789260864,
12,314,0,0.7942231297492981,
12,315,0,0.7905594110488892,
12,316,0,0.803058922290802,
12,317,0,0.808477520942688,
12,318,0,0.8037344813346863,
12,319,0,0.8212395310401917,
12,320,0,0.7397059202194214,
12,321,0,0.7116917371749878,
12,322,0,0.8226600289344788,
12,323,0,0.8269544839859009,
12,324,0,0.7780846357345581,
12,325,0,0.826303243637085,
12,326,0,0.8126096725463867,
12,327,0,0.7225038409233093,
12,328,0,0.7083301544189453,
12,329,0,0.6623245477676392,
12,330,0,0.7810530066490173,
12,331,0,0.7488722801208496,
12,332,0,0.7893557548522949,
12,333,0,0.7635018229484558,
12,334,0,0.7411489486694336,
12,335,0,0.8044782876968384,
12,336,0,0.7880412340164185,
12,337,0,0.6968178749084473,
12,338,0,0.7946425676345825,
12,339,0,0.7812936902046204,
12,340,0,0.7956026792526245,
12,341,0,0.7601293921470642,
12,342,0,0.8073181509971619,
12,343,0,0.8061668872833252,
12,344,0,0.7902382612228394,
12,345,0,0.6778920292854309,
12,346,0,0.7301420569419861,
12,347,0,0.7964897155761719,
12,348,0,0.8304057121276855,
12,349,0,0.7378722429275513,
12,350,0,0.7514752745628357,
12,351,0,0.7379550933837891,
12,352,0,0.7911429405212402,
12,353,0,0.7543131113052368,
12,354,0,0.8294888734817505,
12,355,0,0.7351577877998352,
12,356,0,0.803520679473877,
12,357,0,0.7712110280990601,
12,358,0,0.8056809902191162,
12,359,0,0.7973006367683411,
12,360,0,0.7489615678787231,
12,361,0,0.7336618900299072,
12,362,0,0.7651808857917786,
12,363,0,0.7921715974807739,
12,364,0,0.7264434099197388,
12,365,0,0.680433452129364,
12,366,0,0.6915320158004761,
12,367,0,0.6923439502716064,
12,368,0,0.791472315788269,
12,369,0,0.8143430352210999,
12,370,0,0.7730976939201355,
12,371,0,0.795867919921875,
12,372,0,0.7591565847396851,
12,373,0,0.7979918122291565,
12,374,0,0.7529926896095276,
12,375,0,0.7218536138534546,
12,376,0,0.797416627407074,
12,377,0,0.8201062679290771,
12,378,0,0.6973567008972168,
12,379,0,0.8178755044937134,
12,380,0,0.6747702360153198,
12,381,0,0.6837887167930603,
12,382,0,0.7038669586181641,
12,383,0,0.6881563663482666,
12,384,0,0.8095582723617554,
12,385,0,0.8009012937545776,
12,386,0,0.7400385141372681,
12,387,0,0.7718713879585266,
12,388,0,0.6930261850357056,
12,389,0,0.8192561864852905,
12,390,0,0.6659692525863647,
12,391,0,0.7641229629516602,
12,392,0,0.8155720829963684,
12,393,0,0.7821615934371948,
12,394,0,0.7412246465682983,
12,395,0,0.8034205436706543,
12,396,0,0.780193567276001,
12,397,0,0.8011752367019653,
12,398,0,0.8234716653823853,
12,399,0,0.7357823848724365,
12,400,0,0.8129570484161377,
12,401,0,0.7265324592590332,
12,402,0,0.7787205576896667,
12,403,0,0.7954738140106201,
12,404,0,0.7535714507102966,
12,405,0,0.8188714981079102,
12,406,0,0.7401601076126099,
12,407,0,0.7611087560653687,
12,408,0,0.6885179281234741,
12,409,0,0.7186679840087891,
12,410,0,0.7205691337585449,
12,411,0,0.6914368867874146,
12,412,0,0.8173904418945312,
12,413,0,0.8109340071678162,
12,414,0,0.6861286163330078,
12,415,0,0.7786431908607483,
12,416,0,0.8344240784645081,
12,417,0,0.7068543434143066,
12,418,0,0.6810829639434814,
12,419,0,0.654219388961792,
12,420,0,0.7659742832183838,
12,421,0,0.8029652833938599,
12,422,0,0.8170983791351318,
12,423,0,0.8185858130455017,
12,424,0,0.720574140548706,
12,425,0,0.7995127439498901,
12,426,0,0.7874865531921387,
12,427,0,0.7290893793106079,
12,428,0,0.7599167823791504,
12,429,0,0.79811692237854,
12,430,0,0.7973340749740601,
12,431,0,0.720618486404419,
12,432,0,0.7994558811187744,
12,433,0,0.7781038284301758,
12,434,0,0.8174856901168823,
12,435,0,0.6763578653335571,
12,436,0,0.7320485711097717,
12,437,0,0.735185980796814,
12,438,0,0.8137970566749573,
12,439,0,0.7611931562423706,
12,440,0,0.6941388845443726,
12,441,0,0.7740756273269653,
12,442,0,0.7679088711738586,
12,443,0,0.809623658657074,
12,444,0,0.7869886755943298,
12,445,0,0.806313693523407,
12,446,0,0.7981300950050354,
12,447,0,0.7718550562858582,
12,448,0,0.6926936507225037,
12,449,0,0.7816821932792664,
12,450,0,0.8183764219284058,
12,451,0,0.7817732095718384,
12,452,0,0.7197750806808472,
12,453,0,0.8236048817634583,
12,454,0,0.8076223134994507,
12,455,0,0.7792099118232727,
12,456,0,0.8001106381416321,
12,457,0,0.7998002171516418,
12,458,0,0.7839948534965515,
12,459,0,0.7303907871246338,
12,460,0,0.7471392154693604,
12,461,0,0.6930068135261536,
12,462,0,0.7573698163032532,
12,463,0,0.771363377571106,
12,464,0,0.7635809779167175,
12,465,0,0.6977577209472656,
12,466,0,0.7869275212287903,
12,467,0,0.7668787240982056,
12,468,0,0.7885915040969849,
12,469,0,0.8235200643539429,
12,470,0,0.7072076797485352,
12,471,0,0.7874029278755188,
12,472,0,0.7350996136665344,
12,473,0,0.7835938930511475,
12,474,0,0.8016706705093384,
12,475,0,0.8091042637825012,
12,476,0,0.7926586866378784,
12,477,0,0.7226970195770264,
12,478,0,0.8259402513504028,
12,479,0,0.8260972499847412,
12,480,0,0.6833057403564453,
12,481,0,0.7899616956710815,
12,482,0,0.688711404800415,
12,483,0,0.8042835593223572,
12,484,0,0.7918505668640137,
12,485,0,0.7747901678085327,
12,486,0,0.6549911499023438,
12,487,0,0.7943226099014282,
12,488,0,0.7159183025360107,
12,489,0,0.7626923322677612,
12,490,0,0.7647644281387329,
12,491,0,0.702804684638977,
12,492,0,0.7798870801925659,
12,493,0,0.8217542767524719,
12,494,0,0.7971706390380859,
12,495,0,0.7426912784576416,
12,496,0,0.7665320038795471,
12,497,0,0.7851394414901733,
12,498,0,0.7865604162216187,
12,499,0,0.6678011417388916,
12,500,0,0.6643941402435303,
12,501,0,0.7454599142074585,
12,502,0,0.6992867588996887,
12,503,0,0.7384645342826843,
12,504,0,0.7331907153129578,
12,505,0,0.7829858660697937,
12,506,0,0.7645100951194763,
12,507,0,0.7234337329864502,
12,508,0,0.8109331130981445,
12,509,0,0.768047571182251,
12,510,0,0.781948447227478,
12,511,0,0.7890787720680237,
12,512,0,0.7493351697921753,
12,513,0,0.8135313987731934,
12,514,0,0.7452150583267212,
12,515,0,0.7132617235183716,
12,516,0,0.7179702520370483,
12,517,0,0.7164983749389648,
12,518,0,0.7650769948959351,
12,519,0,0.772484302520752,
12,520,0,0.6918296813964844,
12,521,0,0.7109801769256592,
12,522,0,0.7939163446426392,
12,523,0,0.8176377415657043,
12,524,0,0.7869781255722046,
12,525,0,0.7805837988853455,
12,526,0,0.7967243790626526,
12,527,0,0.7700929045677185,
12,528,0,0.7968229055404663,
12,529,0,0.8030467629432678,
12,530,0,0.7711203694343567,
12,531,0,0.6946427822113037,
12,532,0,0.7883129119873047,
12,533,0,0.8221596479415894,
12,534,0,0.7873474359512329,
12,535,0,0.7301918268203735,
12,536,0,0.7680433392524719,
12,537,0,0.7926534414291382,
12,538,0,0.6570526361465454,
12,539,0,0.7231757640838623,
12,540,0,0.7913026809692383,
12,541,0,0.815626859664917,
12,542,0,0.7703237533569336,
12,543,0,0.6806420087814331,
12,544,0,0.7070832252502441,
12,545,0,0.707295298576355,
12,546,0,0.7811620831489563,
12,547,0,0.7826612591743469,
12,548,0,0.7677358388900757,
12,549,0,0.7966586351394653,
12,550,0,0.7580764293670654,
12,551,0,0.7540116906166077,
12,552,0,0.6881515979766846,
12,553,0,0.7687575817108154,
12,554,0,0.7433363795280457,
12,555,0,0.725549578666687,
12,556,0,0.7643652558326721,
12,557,0,0.7680255174636841,
12,558,0,0.7829651236534119,
12,559,0,0.6702626347541809,
12,560,0,0.7957158088684082,
12,561,0,0.7275843620300293,
12,562,0,0.7973124980926514,
12,563,0,0.8098593354225159,
12,564,0,0.7575538754463196,
12,565,0,0.723049521446228,
12,566,0,0.8268805146217346,
12,567,0,0.7530819773674011,
12,568,0,0.684499979019165,
12,569,0,0.7847698330879211,
12,570,0,0.7106696963310242,
12,571,0,0.7420558929443359,
12,572,0,0.8216584324836731,
12,573,0,0.793807864189148,
12,574,0,0.8092487454414368,
12,575,0,0.6689108610153198,
12,576,0,0.6443883180618286,
12,577,0,0.7138032913208008,
12,578,0,0.7924028038978577,
12,579,0,0.7984151244163513,
12,580,0,0.796135425567627,
12,581,0,0.7743164300918579,
12,582,0,0.7424936890602112,
12,583,0,0.7728429436683655,
12,584,0,0.7921264171600342,
12,585,0,0.7589863538742065,
12,586,0,0.7034957408905029,
12,587,0,0.8299505710601807,
12,588,0,0.7335644960403442,
12,589,0,0.7143720388412476,
12,590,0,0.7961747646331787,
12,591,0,0.6860469579696655,
12,592,0,0.8166865706443787,
12,593,0,0.7130789756774902,
12,594,0,0.6984294652938843,
12,595,0,0.81956547498703,
12,596,0,0.8125796318054199,
12,597,0,0.7577592134475708,
12,598,0,0.6859090924263,
12,599,0,0.8034040927886963,
12,600,0,0.8094305992126465,
12,601,0,0.6812925338745117,
12,602,0,0.7296881079673767,
12,603,0,0.8276914954185486,
12,604,0,0.7069344520568848,
12,val,,,0.8048028635978699
13,0,0,0.7711215019226074,
13,1,0,0.8127018213272095,
13,2,0,0.6975647211074829,
13,3,0,0.8042096495628357,
13,4,0,0.7834888100624084,
13,5,0,0.7951469421386719,
13,6,0,0.8221544623374939,
13,7,0,0.7740553021430969,
13,8,0,0.8144950270652771,
13,9,0,0.8191783428192139,
13,10,0,0.7452960014343262,
13,11,0,0.8031213283538818,
13,12,0,0.710084080696106,
13,13,0,0.7909298539161682,
13,14,0,0.7925547361373901,
13,15,0,0.7658308148384094,
13,16,0,0.7686160802841187,
13,17,0,0.7876806855201721,
13,18,0,0.8164666295051575,
13,19,0,0.7655280828475952,
13,20,0,0.7940241694450378,
13,21,0,0.8036877512931824,
13,22,0,0.7765033841133118,
13,23,0,0.7828813195228577,
13,24,0,0.7966282367706299,
13,25,0,0.7520214915275574,
13,26,0,0.7802756428718567,
13,27,0,0.7828732132911682,
13,28,0,0.7881594896316528,
13,29,0,0.8031712770462036,
13,30,0,0.7818757891654968,
13,31,0,0.7648147940635681,
13,32,0,0.7940050363540649,
13,33,0,0.7815176248550415,
13,34,0,0.7429434061050415,
13,35,0,0.8066625595092773,
13,36,0,0.7432588338851929,
13,37,0,0.778767466545105,
13,38,0,0.7800589799880981,
13,39,0,0.7446038126945496,
13,40,0,0.7387123703956604,
13,41,0,0.7825767993927002,
13,42,0,0.763030469417572,
13,43,0,0.8227882981300354,
13,44,0,0.7456817626953125,
13,45,0,0.7786519527435303,
13,46,0,0.7770205140113831,
13,47,0,0.7093290090560913,
13,48,0,0.8068457245826721,
13,49,0,0.7356261610984802,
13,50,0,0.8191065192222595,
13,51,0,0.8163385987281799,
13,52,0,0.8198827505111694,
13,53,0,0.8000159859657288,
13,54,0,0.7292853593826294,
13,55,0,0.814713716506958,
13,56,0,0.6858103275299072,
13,57,0,0.7706488966941833,
13,58,0,0.7666053175926208,
13,59,0,0.8278229832649231,
13,60,0,0.7986840009689331,
13,61,0,0.8269250392913818,
13,62,0,0.6958614587783813,
13,63,0,0.7854832410812378,
13,64,0,0.7708587050437927,
13,65,0,0.7989205121994019,
13,66,0,0.7050527334213257,
13,67,0,0.7531889081001282,
13,68,0,0.7989325523376465,
13,69,0,0.8268383145332336,
13,70,0,0.6614961624145508,
13,71,0,0.7686569094657898,
13,72,0,0.733163595199585,
13,73,0,0.747452437877655,
13,74,0,0.7805167436599731,
13,75,0,0.7959142923355103,
13,76,0,0.7581323385238647,
13,77,0,0.8072118759155273,
13,78,0,0.8037937879562378,
13,79,0,0.710503339767456,
13,80,0,0.7650919556617737,
13,81,0,0.7335035800933838,
13,82,0,0.7879949808120728,
13,83,0,0.7935745120048523,
13,84,0,0.8167786598205566,
13,85,0,0.8045532703399658,
13,86,0,0.7727725505828857,
13,87,0,0.8090918064117432,
13,88,0,0.7785952687263489,
13,89,0,0.7787509560585022,
13,90,0,0.8105801939964294,
13,91,0,0.7151926755905151,
13,92,0,0.7861362099647522,
13,93,0,0.8232260942459106,
13,94,0,0.7373913526535034,
13,95,0,0.6511543989181519,
13,96,0,0.7912254333496094,
13,97,0,0.6775442361831665,
13,98,0,0.7970273494720459,
13,99,0,0.7703066468238831,
13,100,0,0.7690510749816895,
13,101,0,0.7699679136276245,
13,102,0,0.7363353967666626,
13,103,0,0.7956784963607788,
13,104,0,0.7689672112464905,
13,105,0,0.7522642016410828,
13,106,0,0.6691900491714478,
13,107,0,0.7334480285644531,
13,108,0,0.7969652414321899,
13,109,0,0.7640200257301331,
13,110,0,0.8005643486976624,
13,111,0,0.8185670375823975,
13,112,0,0.6599103212356567,
13,113,0,0.7900864481925964,
13,114,0,0.7613629102706909,
13,115,0,0.7003800868988037,
13,116,0,0.6904774904251099,
13,117,0,0.6811971664428711,
13,118,0,0.8210344910621643,
13,119,0,0.7412320375442505,
13,120,0,0.7942272424697876,
13,121,0,0.8167088031768799,
13,122,0,0.7298293113708496,
13,123,0,0.6822752952575684,
13,124,0,0.745221734046936,
13,125,0,0.7086981534957886,
13,126,0,0.7809932231903076,
13,127,0,0.7244250774383545,
13,128,0,0.781535267829895,
13,129,0,0.7430920004844666,
13,130,0,0.8103604912757874,
13,131,0,0.8046565055847168,
13,132,0,0.7278451919555664,
13,133,0,0.8076589703559875,
13,134,0,0.7398107051849365,
13,135,0,0.7599508166313171,
13,136,0,0.8206831812858582,
13,137,0,0.7171927094459534,
13,138,0,0.8164970278739929,
13,139,0,0.7704473733901978,
13,140,0,0.8061161041259766,
13,141,0,0.7519809603691101,
13,142,0,0.6903759837150574,
13,143,0,0.7374935150146484,
13,144,0,0.7276374101638794,
13,145,0,0.6966228485107422,
13,146,0,0.7890963554382324,
13,147,0,0.7931790947914124,
13,148,0,0.7699876427650452,
13,149,0,0.6809260249137878,
13,150,0,0.8183422088623047,
13,151,0,0.7454999685287476,
13,152,0,0.8150001764297485,
13,153,0,0.7627878189086914,
13,154,0,0.8265479803085327,
13,155,0,0.7774365544319153,
13,156,0,0.7553710341453552,
13,157,0,0.7834029793739319,
13,158,0,0.7248535752296448,
13,159,0,0.7073688507080078,
13,160,0,0.7621537446975708,
13,161,0,0.7810511589050293,
13,162,0,0.7869304418563843,
13,163,0,0.8175250887870789,
13,164,0,0.7743237018585205,
13,165,0,0.7481775283813477,
13,166,0,0.7291903495788574,
13,167,0,0.8112388253211975,
13,168,0,0.659207284450531,
13,169,0,0.6832407116889954,
13,170,0,0.7548197507858276,
13,171,0,0.7655931115150452,
13,172,0,0.804131269454956,
13,173,0,0.7065882682800293,
13,174,0,0.706701397895813,
13,175,0,0.7763164043426514,
13,176,0,0.8196659684181213,
13,177,0,0.8284436464309692,
13,178,0,0.7896617650985718,
13,179,0,0.7813707590103149,
13,180,0,0.8096497654914856,
13,181,0,0.7878499031066895,
13,182,0,0.7606813311576843,
13,183,0,0.7176973819732666,
13,184,0,0.8156713843345642,
13,185,0,0.7930499315261841,
13,186,0,0.7993723154067993,
13,187,0,0.8155134916305542,
13,188,0,0.796649694442749,
13,189,0,0.7839035391807556,
13,190,0,0.7216842770576477,
13,191,0,0.696186363697052,
13,192,0,0.7040057182312012,
13,193,0,0.8055233955383301,
13,194,0,0.7873066663742065,
13,195,0,0.7834954261779785,
13,196,0,0.6718374490737915,
13,197,0,0.6497899293899536,
13,198,0,0.7260199785232544,
13,199,0,0.8215471506118774,
13,200,0,0.7798964381217957,
13,201,0,0.7906177639961243,
13,202,0,0.8188477754592896,
13,203,0,0.8131442070007324,
13,204,0,0.8242485523223877,
13,205,0,0.7943547964096069,
13,206,0,0.7218494415283203,
13,207,0,0.7251719832420349,
13,208,0,0.8141862750053406,
13,209,0,0.7530271410942078,
13,210,0,0.8305848836898804,
13,211,0,0.7511774301528931,
13,212,0,0.7636833786964417,
13,213,0,0.7320547103881836,
13,214,0,0.8040071725845337,
13,215,0,0.7594900727272034,
13,216,0,0.8125240206718445,
13,217,0,0.8019649982452393,
13,218,0,0.7517202496528625,
13,219,0,0.6889771223068237,
13,220,0,0.6982064247131348,
13,221,0,0.7937453985214233,
13,222,0,0.7163616418838501,
13,223,0,0.6797139644622803,
13,224,0,0.8256791830062866,
13,225,0,0.6603196859359741,
13,226,0,0.7610346078872681,
13,227,0,0.7792905569076538,
13,228,0,0.7866767644882202,
13,229,0,0.8062757253646851,
13,230,0,0.7690736055374146,
13,231,0,0.6937494277954102,
13,232,0,0.743383526802063,
13,233,0,0.7994472980499268,
13,234,0,0.7623767256736755,
13,235,0,0.728851318359375,
13,236,0,0.6791625022888184,
13,237,0,0.7455152869224548,
13,238,0,0.8214572668075562,
13,239,0,0.8288776874542236,
13,240,0,0.7722756862640381,
13,241,0,0.8070703744888306,
13,242,0,0.7486096024513245,
13,243,0,0.7592307329177856,
13,244,0,0.7402338981628418,
13,245,0,0.7781894207000732,
13,246,0,0.8128031492233276,
13,247,0,0.7916707992553711,
13,248,0,0.8031414747238159,
13,249,0,0.758823037147522,
13,250,0,0.7788141369819641,
13,251,0,0.794590950012207,
13,252,0,0.8137056827545166,
13,253,0,0.7076386213302612,
13,254,0,0.652249276638031,
13,255,0,0.8056108951568604,
13,256,0,0.7997475862503052,
13,257,0,0.8274728655815125,
13,258,0,0.7556539177894592,
13,259,0,0.8195255994796753,
13,260,0,0.7149596214294434,
13,261,0,0.6987332105636597,
13,262,0,0.6820106506347656,
13,263,0,0.8023368120193481,
13,264,0,0.7613227367401123,
13,265,0,0.7138004302978516,
13,266,0,0.693958044052124,
13,267,0,0.7991507649421692,
13,268,0,0.8184834122657776,
13,269,0,0.784447193145752,
13,270,0,0.7869207859039307,
13,271,0,0.6838258504867554,
13,272,0,0.7865833640098572,
13,273,0,0.8156768083572388,
13,274,0,0.794579029083252,
13,275,0,0.6457080841064453,
13,276,0,0.7950435876846313,
13,277,0,0.7980644106864929,
13,278,0,0.7017244696617126,
13,279,0,0.7685057520866394,
13,280,0,0.7894719243049622,
13,281,0,0.7083009481430054,
13,282,0,0.7837090492248535,
13,283,0,0.737095296382904,
13,284,0,0.7109735012054443,
13,285,0,0.7626112699508667,
13,286,0,0.8108294010162354,
13,287,0,0.7646899819374084,
13,288,0,0.821020245552063,
13,289,0,0.7526375651359558,
13,290,0,0.8153213858604431,
13,291,0,0.8168272972106934,
13,292,0,0.7850279211997986,
13,293,0,0.6598653793334961,
13,294,0,0.788269579410553,
13,295,0,0.6882902383804321,
13,296,0,0.7243149280548096,
13,297,0,0.8189617395401001,
13,298,0,0.7200253009796143,
13,299,0,0.7915748357772827,
13,300,0,0.6828058958053589,
13,301,0,0.7966243028640747,
13,302,0,0.8088823556900024,
13,303,0,0.7983772158622742,
13,304,0,0.7367196083068848,
13,305,0,0.7935530543327332,
13,306,0,0.6661776304244995,
13,307,0,0.6700497269630432,
13,308,0,0.7758654356002808,
13,309,0,0.7287039756774902,
13,310,0,0.7550052404403687,
13,311,0,0.7252554297447205,
13,312,0,0.7769132852554321,
13,313,0,0.7725502252578735,
13,314,0,0.7967664003372192,
13,315,0,0.7893045544624329,
13,316,0,0.7993253469467163,
13,317,0,0.8091818690299988,
13,318,0,0.8025898933410645,
13,319,0,0.8175824284553528,
13,320,0,0.7319717407226562,
13,321,0,0.6992140412330627,
13,322,0,0.8209353685379028,
13,323,0,0.8262495994567871,
13,324,0,0.7678705453872681,
13,325,0,0.8246692419052124,
13,326,0,0.8166792392730713,
13,327,0,0.7160332202911377,
13,328,0,0.6989893913269043,
13,329,0,0.6558973789215088,
13,330,0,0.7770203351974487,
13,331,0,0.7452119588851929,
13,332,0,0.7866765856742859,
13,333,0,0.762401282787323,
13,334,0,0.7328658103942871,
13,335,0,0.8042439818382263,
13,336,0,0.7804156541824341,
13,337,0,0.6935093402862549,
13,338,0,0.7905816435813904,
13,339,0,0.772539496421814,
13,340,0,0.7969421744346619,
13,341,0,0.7580994367599487,
13,342,0,0.8089081048965454,
13,343,0,0.8135504722595215,
13,344,0,0.7838795781135559,
13,345,0,0.6646213531494141,
13,346,0,0.7166337966918945,
13,347,0,0.7944356203079224,
13,348,0,0.8272361755371094,
13,349,0,0.7338780164718628,
13,350,0,0.7432202100753784,
13,351,0,0.7307431697845459,
13,352,0,0.7947791218757629,
13,353,0,0.7544816732406616,
13,354,0,0.8288964629173279,
13,355,0,0.7334978580474854,
13,356,0,0.7951722741127014,
13,357,0,0.767822265625,
13,358,0,0.8075171113014221,
13,359,0,0.7816128730773926,
13,360,0,0.742527961730957,
13,361,0,0.725547194480896,
13,362,0,0.7611154317855835,
13,363,0,0.7923585772514343,
13,364,0,0.7221558094024658,
13,365,0,0.6650676131248474,
13,366,0,0.6826968193054199,
13,367,0,0.6818459033966064,
13,368,0,0.7900235056877136,
13,369,0,0.809625506401062,
13,370,0,0.7607977986335754,
13,371,0,0.794414758682251,
13,372,0,0.7505201101303101,
13,373,0,0.7936944365501404,
13,374,0,0.7422939538955688,
13,375,0,0.7155545949935913,
13,376,0,0.7860574722290039,
13,377,0,0.8220041990280151,
13,378,0,0.6826236248016357,
13,379,0,0.8089624047279358,
13,380,0,0.6606756448745728,
13,381,0,0.6803667545318604,
13,382,0,0.6873136758804321,
13,383,0,0.6697109937667847,
13,384,0,0.8075649738311768,
13,385,0,0.8010030388832092,
13,386,0,0.7359490394592285,
13,387,0,0.7609539031982422,
13,388,0,0.6838849782943726,
13,389,0,0.8203364610671997,
13,390,0,0.6628412008285522,
13,391,0,0.7525081634521484,
13,392,0,0.8203920722007751,
13,393,0,0.7771111726760864,
13,394,0,0.7294703722000122,
13,395,0,0.804834246635437,
13,396,0,0.7796649932861328,
13,397,0,0.8025116324424744,
13,398,0,0.8186686635017395,
13,399,0,0.7306406497955322,
13,400,0,0.804959774017334,
13,401,0,0.7182371020317078,
13,402,0,0.7737382650375366,
13,403,0,0.7902131080627441,
13,404,0,0.7495737075805664,
13,405,0,0.8211984634399414,
13,406,0,0.7264723777770996,
13,407,0,0.7572376132011414,
13,408,0,0.6791033744812012,
13,409,0,0.7074388265609741,
13,410,0,0.7102700471878052,
13,411,0,0.6873775720596313,
13,412,0,0.8196011185646057,
13,413,0,0.808784544467926,
13,414,0,0.6769530773162842,
13,415,0,0.7769297361373901,
13,416,0,0.8324166536331177,
13,417,0,0.695771336555481,
13,418,0,0.6677247881889343,
13,419,0,0.6394760608673096,
13,420,0,0.753202497959137,
13,421,0,0.7982603311538696,
13,422,0,0.8164652585983276,
13,423,0,0.814476728439331,
13,424,0,0.7163214683532715,
13,425,0,0.7939237952232361,
13,426,0,0.7933732867240906,
13,427,0,0.7240173816680908,
13,428,0,0.7585631608963013,
13,429,0,0.793918251991272,
13,430,0,0.794925332069397,
13,431,0,0.7135216593742371,
13,432,0,0.7984126806259155,
13,433,0,0.7691681385040283,
13,434,0,0.821865439414978,
13,435,0,0.6596871614456177,
13,436,0,0.7205380201339722,
13,437,0,0.7280060052871704,
13,438,0,0.8143080472946167,
13,439,0,0.7559675574302673,
13,440,0,0.6794053912162781,
13,441,0,0.7684932947158813,
13,442,0,0.7576928734779358,
13,443,0,0.8098896741867065,
13,444,0,0.7854512333869934,
13,445,0,0.7963111400604248,
13,446,0,0.7971258163452148,
13,447,0,0.7689603567123413,
13,448,0,0.6794586181640625,
13,449,0,0.7722450494766235,
13,450,0,0.8168690204620361,
13,451,0,0.7760813236236572,
13,452,0,0.7100152969360352,
13,453,0,0.8226621150970459,
13,454,0,0.8054562211036682,
13,455,0,0.7801069617271423,
13,456,0,0.7962905168533325,
13,457,0,0.796310544013977,
13,458,0,0.782517671585083,
13,459,0,0.720887303352356,
13,460,0,0.7420088052749634,
13,461,0,0.6836361885070801,
13,462,0,0.7551031112670898,
13,463,0,0.7666276693344116,
13,464,0,0.7547501921653748,
13,465,0,0.6870710849761963,
13,466,0,0.7834972143173218,
13,467,0,0.7627218961715698,
13,468,0,0.7945839166641235,
13,469,0,0.8160286545753479,
13,470,0,0.6938420534133911,
13,471,0,0.7875433564186096,
13,472,0,0.7227060198783875,
13,473,0,0.7797066569328308,
13,474,0,0.7974044680595398,
13,475,0,0.8131290674209595,
13,476,0,0.8012033700942993,
13,477,0,0.7055364847183228,
13,478,0,0.8244224190711975,
13,479,0,0.8205061554908752,
13,480,0,0.6672837734222412,
13,481,0,0.7872735857963562,
13,482,0,0.6744303703308105,
13,483,0,0.7945893406867981,
13,484,0,0.7901906371116638,
13,485,0,0.7737826108932495,
13,486,0,0.6447312235832214,
13,487,0,0.7943317890167236,
13,488,0,0.7069758176803589,
13,489,0,0.7638314962387085,
13,490,0,0.7663138508796692,
13,491,0,0.6926177144050598,
13,492,0,0.7757409811019897,
13,493,0,0.82423335313797,
13,494,0,0.7940059304237366,
13,495,0,0.7339773178100586,
13,496,0,0.76035475730896,
13,497,0,0.7819994688034058,
13,498,0,0.7770137190818787,
13,499,0,0.6561024188995361,
13,500,0,0.6482674479484558,
13,501,0,0.7420951128005981,
13,502,0,0.6878479719161987,
13,503,0,0.7396684885025024,
13,504,0,0.7249798774719238,
13,505,0,0.7777369022369385,
13,506,0,0.7599756717681885,
13,507,0,0.7186061143875122,
13,508,0,0.8100298643112183,
13,509,0,0.7627926468849182,
13,510,0,0.7726137042045593,
13,511,0,0.7792938351631165,
13,512,0,0.7406877279281616,
13,513,0,0.815782368183136,
13,514,0,0.7399042844772339,
13,515,0,0.7099592685699463,
13,516,0,0.7096907496452332,
13,517,0,0.7047934532165527,
13,518,0,0.7537972927093506,
13,519,0,0.7651318311691284,
13,520,0,0.689223051071167,
13,521,0,0.7097737193107605,
13,522,0,0.7857469320297241,
13,523,0,0.8135446906089783,
13,524,0,0.7818368673324585,
13,525,0,0.7776823043823242,
13,526,0,0.7961892485618591,
13,527,0,0.7631884813308716,
13,528,0,0.7870497107505798,
13,529,0,0.7995525002479553,
13,530,0,0.7777865529060364,
13,531,0,0.6794856786727905,
13,532,0,0.7860949635505676,
13,533,0,0.8267574310302734,
13,534,0,0.7813599705696106,
13,535,0,0.7109947204589844,
13,536,0,0.7632599472999573,
13,537,0,0.7959316968917847,
13,538,0,0.6472340226173401,
13,539,0,0.722487211227417,
13,540,0,0.7753405570983887,
13,541,0,0.8161291480064392,
13,542,0,0.767208456993103,
13,543,0,0.6687859296798706,
13,544,0,0.7041466236114502,
13,545,0,0.6993992328643799,
13,546,0,0.7798478603363037,
13,547,0,0.7804319858551025,
13,548,0,0.7598726749420166,
13,549,0,0.7960357069969177,
13,550,0,0.7585620284080505,
13,551,0,0.75123530626297,
13,552,0,0.6770391464233398,
13,553,0,0.7687809467315674,
13,554,0,0.7425651550292969,
13,555,0,0.7119929790496826,
13,556,0,0.7603341341018677,
13,557,0,0.7690060138702393,
13,558,0,0.7773585319519043,
13,559,0,0.6674744486808777,
13,560,0,0.7952940464019775,
13,561,0,0.7168290615081787,
13,562,0,0.7879843711853027,
13,563,0,0.7988609075546265,
13,564,0,0.7482521533966064,
13,565,0,0.7122268080711365,
13,566,0,0.827491044998169,
13,567,0,0.7437193393707275,
13,568,0,0.6719352602958679,
13,569,0,0.7770476937294006,
13,570,0,0.6992546319961548,
13,571,0,0.7301312685012817,
13,572,0,0.8238828182220459,
13,573,0,0.7902113199234009,
13,574,0,0.8086668252944946,
13,575,0,0.648287296295166,
13,576,0,0.6277147531509399,
13,577,0,0.7090808153152466,
13,578,0,0.7983496189117432,
13,579,0,0.7975568175315857,
13,580,0,0.7908814549446106,
13,581,0,0.7718490958213806,
13,582,0,0.7317668795585632,
13,583,0,0.7727298140525818,
13,584,0,0.7852848172187805,
13,585,0,0.7565581202507019,
13,586,0,0.6927180290222168,
13,587,0,0.8208395838737488,
13,588,0,0.733491063117981,
13,589,0,0.7074427604675293,
13,590,0,0.7963135242462158,
13,591,0,0.6868519186973572,
13,592,0,0.8150557279586792,
13,593,0,0.7000811696052551,
13,594,0,0.6900372505187988,
13,595,0,0.8227825164794922,
13,596,0,0.8169574737548828,
13,597,0,0.7500869035720825,
13,598,0,0.668507993221283,
13,599,0,0.8008091449737549,
13,600,0,0.8129319548606873,
13,601,0,0.6714679002761841,
13,602,0,0.7201048135757446,
13,603,0,0.8247494101524353,
13,604,0,0.7061033248901367,
13,val,,,0.8057393280665079
14,0,0,0.7733428478240967,
14,1,0,0.8143437504768372,
14,2,0,0.6859948635101318,
14,3,0,0.790473461151123,
14,4,0,0.7744826078414917,
14,5,0,0.7973609566688538,
14,6,0,0.8191573023796082,
14,7,0,0.7699570059776306,
14,8,0,0.8097326159477234,
14,9,0,0.8165103197097778,
14,10,0,0.7516447901725769,
14,11,0,0.7928047180175781,
14,12,0,0.7065808176994324,
14,13,0,0.7855461239814758,
14,14,0,0.7872766256332397,
14,15,0,0.7652928829193115,
14,16,0,0.7562476992607117,
14,17,0,0.7855315804481506,
14,18,0,0.817058801651001,
14,19,0,0.764849841594696,
14,20,0,0.7917344570159912,
14,21,0,0.7952500581741333,
14,22,0,0.7703981995582581,
14,23,0,0.777387261390686,
14,24,0,0.7914072275161743,
14,25,0,0.7466540336608887,
14,26,0,0.7764184474945068,
14,27,0,0.7754554748535156,
14,28,0,0.7822962999343872,
14,29,0,0.7937494516372681,
14,30,0,0.7759770750999451,
14,31,0,0.758690595626831,
14,32,0,0.7921037673950195,
14,33,0,0.776020348072052,
14,34,0,0.7357850074768066,
14,35,0,0.8021641969680786,
14,36,0,0.7377378344535828,
14,37,0,0.7751591801643372,
14,38,0,0.7581878304481506,
14,39,0,0.742719292640686,
14,40,0,0.7358638048171997,
14,41,0,0.777623176574707,
14,42,0,0.7631686329841614,
14,43,0,0.824724018573761,
14,44,0,0.7384755611419678,
14,45,0,0.7751758098602295,
14,46,0,0.7778186202049255,
14,47,0,0.6990070343017578,
14,48,0,0.8043993711471558,
14,49,0,0.7246267795562744,
14,50,0,0.8186646699905396,
14,51,0,0.8160871267318726,
14,52,0,0.8187775611877441,
14,53,0,0.7971600294113159,
14,54,0,0.7205888628959656,
14,55,0,0.8113493919372559,
14,56,0,0.6693465709686279,
14,57,0,0.7591423988342285,
14,58,0,0.7630759477615356,
14,59,0,0.8218998908996582,
14,60,0,0.7983545660972595,
14,61,0,0.8274832963943481,
14,62,0,0.6854497194290161,
14,63,0,0.7812743186950684,
14,64,0,0.7635236382484436,
14,65,0,0.7993217706680298,
14,66,0,0.7015610933303833,
14,67,0,0.7477884292602539,
14,68,0,0.7892230749130249,
14,69,0,0.8250711560249329,
14,70,0,0.6492124795913696,
14,71,0,0.7618080377578735,
14,72,0,0.7264617681503296,
14,73,0,0.7466704249382019,
14,74,0,0.7702426910400391,
14,75,0,0.7907971143722534,
14,76,0,0.7565428614616394,
14,77,0,0.8045862913131714,
14,78,0,0.8045423626899719,
14,79,0,0.6978886127471924,
14,80,0,0.7542774677276611,
14,81,0,0.7234627604484558,
14,82,0,0.7814019918441772,
14,83,0,0.7960842847824097,
14,84,0,0.8168715834617615,
14,85,0,0.8065229654312134,
14,86,0,0.7620160579681396,
14,87,0,0.8034718036651611,
14,88,0,0.763120710849762,
14,89,0,0.7716821432113647,
14,90,0,0.8144888281822205,
14,91,0,0.7052183151245117,
14,92,0,0.782538652420044,
14,93,0,0.8275963068008423,
14,94,0,0.7316669821739197,
14,95,0,0.6310397982597351,
14,96,0,0.7890675663948059,
14,97,0,0.6671870946884155,
14,98,0,0.7982298135757446,
14,99,0,0.766894519329071,
14,100,0,0.75409996509552,
14,101,0,0.7683215737342834,
14,102,0,0.7225632667541504,
14,103,0,0.7930375933647156,
14,104,0,0.7573462128639221,
14,105,0,0.7519648671150208,
14,106,0,0.6567007303237915,
14,107,0,0.7331143617630005,
14,108,0,0.7925536632537842,
14,109,0,0.7561663389205933,
14,110,0,0.8058350086212158,
14,111,0,0.81639164686203,
14,112,0,0.6431529521942139,
14,113,0,0.7862693667411804,
14,114,0,0.7557330131530762,
14,115,0,0.6892044544219971,
14,116,0,0.6859884858131409,
14,117,0,0.667197585105896,
14,118,0,0.818305492401123,
14,119,0,0.736687183380127,
14,120,0,0.7893887758255005,
14,121,0,0.8166391253471375,
14,122,0,0.724342942237854,
14,123,0,0.6662427186965942,
14,124,0,0.7393689155578613,
14,125,0,0.6991012096405029,
14,126,0,0.7767511606216431,
14,127,0,0.7165665626525879,
14,128,0,0.785333514213562,
14,129,0,0.7333338260650635,
14,130,0,0.809982180595398,
14,131,0,0.7979519963264465,
14,132,0,0.7216696739196777,
14,133,0,0.8124859929084778,
14,134,0,0.7247110605239868,
14,135,0,0.7487483024597168,
14,136,0,0.8150885701179504,
14,137,0,0.7000213861465454,
14,138,0,0.8176357746124268,
14,139,0,0.7671346664428711,
14,140,0,0.8064002990722656,
14,141,0,0.7453782558441162,
14,142,0,0.685758113861084,
14,143,0,0.7301861643791199,
14,144,0,0.710246741771698,
14,145,0,0.6815270185470581,
14,146,0,0.7854404449462891,
14,147,0,0.7786194086074829,
14,148,0,0.767877995967865,
14,149,0,0.6671334505081177,
14,150,0,0.8178006410598755,
14,151,0,0.7416220307350159,
14,152,0,0.8173582553863525,
14,153,0,0.7558372616767883,
14,154,0,0.8265569806098938,
14,155,0,0.7789713144302368,
14,156,0,0.7532583475112915,
14,157,0,0.7784899473190308,
14,158,0,0.7184960842132568,
14,159,0,0.7034072875976562,
14,160,0,0.7539597749710083,
14,161,0,0.7804121971130371,
14,162,0,0.7847537994384766,
14,163,0,0.8158752918243408,
14,164,0,0.7675091624259949,
14,165,0,0.7431879043579102,
14,166,0,0.7226834297180176,
14,167,0,0.8077031970024109,
14,168,0,0.6550567150115967,
14,169,0,0.6834729909896851,
14,170,0,0.75017911195755,
14,171,0,0.7594287991523743,
14,172,0,0.8062486052513123,
14,173,0,0.6952311992645264,
14,174,0,0.7014518976211548,
14,175,0,0.7712134122848511,
14,176,0,0.8197368383407593,
14,177,0,0.8244695067405701,
14,178,0,0.7901042699813843,
14,179,0,0.7773023843765259,
14,180,0,0.810610830783844,
14,181,0,0.7829062342643738,
14,182,0,0.7525634765625,
14,183,0,0.7039014101028442,
14,184,0,0.8189684748649597,
14,185,0,0.7877867221832275,
14,186,0,0.7906729578971863,
14,187,0,0.8141593933105469,
14,188,0,0.794098973274231,
14,189,0,0.7842508554458618,
14,190,0,0.7077801823616028,
14,191,0,0.6773209571838379,
14,192,0,0.6958575248718262,
14,193,0,0.8072894811630249,
14,194,0,0.78876793384552,
14,195,0,0.7852998971939087,
14,196,0,0.6670314073562622,
14,197,0,0.6411172151565552,
14,198,0,0.7194365859031677,
14,199,0,0.821061372756958,
14,200,0,0.7695170044898987,
14,201,0,0.7892783880233765,
14,202,0,0.8174062371253967,
14,203,0,0.8112659454345703,
14,204,0,0.8258423805236816,
14,205,0,0.7891271710395813,
14,206,0,0.7072349786758423,
14,207,0,0.7127940058708191,
14,208,0,0.8146169185638428,
14,209,0,0.7482995986938477,
14,210,0,0.8296278715133667,
14,211,0,0.7574981451034546,
14,212,0,0.7565891146659851,
14,213,0,0.7240393161773682,
14,214,0,0.7999348640441895,
14,215,0,0.7415081262588501,
14,216,0,0.8076477646827698,
14,217,0,0.7990756630897522,
14,218,0,0.7467753887176514,
14,219,0,0.6724374890327454,
14,220,0,0.6941198110580444,
14,221,0,0.7878620624542236,
14,222,0,0.7038129568099976,
14,223,0,0.6732804775238037,
14,224,0,0.8178458213806152,
14,225,0,0.6485489010810852,
14,226,0,0.755620539188385,
14,227,0,0.7768017649650574,
14,228,0,0.779120683670044,
14,229,0,0.8067634105682373,
14,230,0,0.765666663646698,
14,231,0,0.6808639764785767,
14,232,0,0.74174565076828,
14,233,0,0.7985203266143799,
14,234,0,0.7519494295120239,
14,235,0,0.725308895111084,
14,236,0,0.6737798452377319,
14,237,0,0.7351136207580566,
14,238,0,0.8226191997528076,
14,239,0,0.8341957330703735,
14,240,0,0.7737105488777161,
14,241,0,0.7991812825202942,
14,242,0,0.7530954480171204,
14,243,0,0.7490319013595581,
14,244,0,0.736316442489624,
14,245,0,0.7735873460769653,
14,246,0,0.8128418326377869,
14,247,0,0.790960967540741,
14,248,0,0.8087562918663025,
14,249,0,0.75957190990448,
14,250,0,0.7742022275924683,
14,251,0,0.7921119928359985,
14,252,0,0.8152804374694824,
14,253,0,0.6921197175979614,
14,254,0,0.6321945786476135,
14,255,0,0.7966317534446716,
14,256,0,0.7883913516998291,
14,257,0,0.8212681412696838,
14,258,0,0.7554740309715271,
14,259,0,0.8196461200714111,
14,260,0,0.7102358937263489,
14,261,0,0.6925767660140991,
14,262,0,0.673392653465271,
14,263,0,0.7994798421859741,
14,264,0,0.7541916370391846,
14,265,0,0.7024829387664795,
14,266,0,0.6778355836868286,
14,267,0,0.8011026382446289,
14,268,0,0.8158022165298462,
14,269,0,0.7770571708679199,
14,270,0,0.786007821559906,
14,271,0,0.6785266399383545,
14,272,0,0.7838522791862488,
14,273,0,0.8215310573577881,
14,274,0,0.7884148955345154,
14,275,0,0.641865611076355,
14,276,0,0.7949848771095276,
14,277,0,0.8046355843544006,
14,278,0,0.6935569047927856,
14,279,0,0.7717026472091675,
14,280,0,0.7881301045417786,
14,281,0,0.7075157165527344,
14,282,0,0.7733036875724792,
14,283,0,0.7348630428314209,
14,284,0,0.708526611328125,
14,285,0,0.7595572471618652,
14,286,0,0.8063969016075134,
14,287,0,0.7571412324905396,
14,288,0,0.8118286728858948,
14,289,0,0.738184928894043,
14,290,0,0.813547670841217,
14,291,0,0.8188345432281494,
14,292,0,0.7824013233184814,
14,293,0,0.650424599647522,
14,294,0,0.7834688425064087,
14,295,0,0.6835694313049316,
14,296,0,0.7150363922119141,
14,297,0,0.8235492706298828,
14,298,0,0.717644453048706,
14,299,0,0.784199595451355,
14,300,0,0.6759707927703857,
14,301,0,0.7923693656921387,
14,302,0,0.8083205819129944,
14,303,0,0.7964868545532227,
14,304,0,0.7309286594390869,
14,305,0,0.7858333587646484,
14,306,0,0.6501582860946655,
14,307,0,0.654771089553833,
14,308,0,0.7752135992050171,
14,309,0,0.7226969003677368,
14,310,0,0.7520644664764404,
14,311,0,0.7119969129562378,
14,312,0,0.7632607817649841,
14,313,0,0.768890917301178,
14,314,0,0.7927016615867615,
14,315,0,0.7805806398391724,
14,316,0,0.7997841835021973,
14,317,0,0.8029950261116028,
14,318,0,0.800484836101532,
14,319,0,0.8172723054885864,
14,320,0,0.7217128276824951,
14,321,0,0.693534791469574,
14,322,0,0.8273090124130249,
14,323,0,0.8236266374588013,
14,324,0,0.7586891651153564,
14,325,0,0.8225071430206299,
14,326,0,0.8131089210510254,
14,327,0,0.7094293236732483,
14,328,0,0.6936569213867188,
14,329,0,0.6462495923042297,
14,330,0,0.7759823799133301,
14,331,0,0.7436223030090332,
14,332,0,0.7857213020324707,
14,333,0,0.7446362972259521,
14,334,0,0.7327219247817993,
14,335,0,0.7968838214874268,
14,336,0,0.7809151411056519,
14,337,0,0.6747815608978271,
14,338,0,0.7822385430335999,
14,339,0,0.7658112645149231,
14,340,0,0.7920371294021606,
14,341,0,0.7533220052719116,
14,342,0,0.8060574531555176,
14,343,0,0.807665228843689,
14,344,0,0.7813394069671631,
14,345,0,0.6428685188293457,
14,346,0,0.7073091268539429,
14,347,0,0.7890939116477966,
14,348,0,0.8269814252853394,
14,349,0,0.722504734992981,
14,350,0,0.7464557886123657,
14,351,0,0.7218613624572754,
14,352,0,0.7800216674804688,
14,353,0,0.7484924793243408,
14,354,0,0.8249756097793579,
14,355,0,0.7244453430175781,
14,356,0,0.7872069478034973,
14,357,0,0.7565991878509521,
14,358,0,0.8030396699905396,
14,359,0,0.7900996208190918,
14,360,0,0.7341485023498535,
14,361,0,0.7086970806121826,
14,362,0,0.754848301410675,
14,363,0,0.7788317203521729,
14,364,0,0.7137974500656128,
14,365,0,0.6539764404296875,
14,366,0,0.6635510325431824,
14,367,0,0.6718347072601318,
14,368,0,0.7900292277336121,
14,369,0,0.8136001825332642,
14,370,0,0.7588486671447754,
14,371,0,0.7825902104377747,
14,372,0,0.7459205985069275,
14,373,0,0.7928230166435242,
14,374,0,0.7322819232940674,
14,375,0,0.7067055702209473,
14,376,0,0.7836018800735474,
14,377,0,0.8213661909103394,
14,378,0,0.6759580373764038,
14,379,0,0.8162742257118225,
14,380,0,0.6518497467041016,
14,381,0,0.6666728854179382,
14,382,0,0.6798306703567505,
14,383,0,0.6668694019317627,
14,384,0,0.8048655390739441,
14,385,0,0.7981733083724976,
14,386,0,0.7225155830383301,
14,387,0,0.7515264749526978,
14,388,0,0.6816015243530273,
14,389,0,0.8188831210136414,
14,390,0,0.6503424644470215,
14,391,0,0.7520142197608948,
14,392,0,0.8119052648544312,
14,393,0,0.7732045650482178,
14,394,0,0.7205065488815308,
14,395,0,0.7969413995742798,
14,396,0,0.7732048630714417,
14,397,0,0.7935689687728882,
14,398,0,0.8236199021339417,
14,399,0,0.7234905958175659,
14,400,0,0.8059614896774292,
14,401,0,0.715491533279419,
14,402,0,0.7699128985404968,
14,403,0,0.7894381880760193,
14,404,0,0.741105318069458,
14,405,0,0.8164846301078796,
14,406,0,0.7233074903488159,
14,407,0,0.749972939491272,
14,408,0,0.6645472645759583,
14,409,0,0.7016798257827759,
14,410,0,0.7072020769119263,
14,411,0,0.6705089211463928,
14,412,0,0.8224796056747437,
14,413,0,0.8064957857131958,
14,414,0,0.6743797063827515,
14,415,0,0.7667311429977417,
14,416,0,0.8289985656738281,
14,417,0,0.6902469396591187,
14,418,0,0.6631530523300171,
14,419,0,0.6286004781723022,
14,420,0,0.7489583492279053,
14,421,0,0.7983375787734985,
14,422,0,0.8112658262252808,
14,423,0,0.8098757266998291,
14,424,0,0.7076880931854248,
14,425,0,0.7864344120025635,
14,426,0,0.7874037027359009,
14,427,0,0.7125155329704285,
14,428,0,0.7495354413986206,
14,429,0,0.7952774167060852,
14,430,0,0.7876946926116943,
14,431,0,0.6965122222900391,
14,432,0,0.7958702445030212,
14,433,0,0.7700635194778442,
14,434,0,0.8187832832336426,
14,435,0,0.6573597192764282,
14,436,0,0.7070337533950806,
14,437,0,0.7232866287231445,
14,438,0,0.8149683475494385,
14,439,0,0.7544225454330444,
14,440,0,0.6709140539169312,
14,441,0,0.7651628851890564,
14,442,0,0.7553204894065857,
14,443,0,0.8056013584136963,
14,444,0,0.7825685739517212,
14,445,0,0.7930733561515808,
14,446,0,0.7941215634346008,
14,447,0,0.7642492055892944,
14,448,0,0.6757683753967285,
14,449,0,0.7703070044517517,
14,450,0,0.8168959021568298,
14,451,0,0.7721911072731018,
14,452,0,0.7044800519943237,
14,453,0,0.8178126811981201,
14,454,0,0.796247124671936,
14,455,0,0.7681509852409363,
14,456,0,0.7963777780532837,
14,457,0,0.800048828125,
14,458,0,0.7752597332000732,
14,459,0,0.7042958736419678,
14,460,0,0.7289739847183228,
14,461,0,0.6752015352249146,
14,462,0,0.752435564994812,
14,463,0,0.7674450874328613,
14,464,0,0.7520544528961182,
14,465,0,0.6664086580276489,
14,466,0,0.7758401036262512,
14,467,0,0.7586067914962769,
14,468,0,0.7900974154472351,
14,469,0,0.8136290311813354,
14,470,0,0.6814213991165161,
14,471,0,0.7793935537338257,
14,472,0,0.7106618881225586,
14,473,0,0.7768654227256775,
14,474,0,0.7957281470298767,
14,475,0,0.8132535815238953,
14,476,0,0.7991403937339783,
14,477,0,0.6968742609024048,
14,478,0,0.8263053894042969,
14,479,0,0.8195428252220154,
14,480,0,0.6561691761016846,
14,481,0,0.7859310507774353,
14,482,0,0.6669185757637024,
14,483,0,0.7870941758155823,
14,484,0,0.7800201773643494,
14,485,0,0.7648483514785767,
14,486,0,0.6315428018569946,
14,487,0,0.7864313125610352,
14,488,0,0.7097877264022827,
14,489,0,0.7571448683738708,
14,490,0,0.7585654854774475,
14,491,0,0.6784547567367554,
14,492,0,0.7647908926010132,
14,493,0,0.8179205656051636,
14,494,0,0.7939234972000122,
14,495,0,0.7252849340438843,
14,496,0,0.755062460899353,
14,497,0,0.7800164818763733,
14,498,0,0.7720009088516235,
14,499,0,0.6427848935127258,
14,500,0,0.6281506419181824,
14,501,0,0.7345342636108398,
14,502,0,0.6746281385421753,
14,503,0,0.7209343910217285,
14,504,0,0.7158663272857666,
14,505,0,0.7781544923782349,
14,506,0,0.7624866962432861,
14,507,0,0.7034021615982056,
14,508,0,0.8084433078765869,
14,509,0,0.7620764374732971,
14,510,0,0.7639468908309937,
14,511,0,0.778485894203186,
14,512,0,0.7349854707717896,
14,513,0,0.813096284866333,
14,514,0,0.7231171131134033,
14,515,0,0.6983191967010498,
14,516,0,0.6985406875610352,
14,517,0,0.7038753032684326,
14,518,0,0.745437741279602,
14,519,0,0.7593365907669067,
14,520,0,0.6707849502563477,
14,521,0,0.6954210996627808,
14,522,0,0.7868959903717041,
14,523,0,0.8096385598182678,
14,524,0,0.7816466689109802,
14,525,0,0.7698901891708374,
14,526,0,0.7963796257972717,
14,527,0,0.7580238580703735,
14,528,0,0.7862259149551392,
14,529,0,0.8041363954544067,
14,530,0,0.7697712182998657,
14,531,0,0.666046142578125,
14,532,0,0.7809152007102966,
14,533,0,0.8226537108421326,
14,534,0,0.7801843285560608,
14,535,0,0.7021565437316895,
14,536,0,0.7622237801551819,
14,537,0,0.7829463481903076,
14,538,0,0.6375758051872253,
14,539,0,0.7101702094078064,
14,540,0,0.7650967836380005,
14,541,0,0.8136679530143738,
14,542,0,0.7635525465011597,
14,543,0,0.664408802986145,
14,544,0,0.6990433931350708,
14,545,0,0.6952294111251831,
14,546,0,0.7722263336181641,
14,547,0,0.7782232761383057,
14,548,0,0.7525233626365662,
14,549,0,0.7947075366973877,
14,550,0,0.7525026202201843,
14,551,0,0.7529876828193665,
14,552,0,0.6646410226821899,
14,553,0,0.7676447629928589,
14,554,0,0.7351031303405762,
14,555,0,0.7129167318344116,
14,556,0,0.7492795586585999,
14,557,0,0.7626355886459351,
14,558,0,0.7712723016738892,
14,559,0,0.6518383026123047,
14,560,0,0.7967410087585449,
14,561,0,0.7067731022834778,
14,562,0,0.7882920503616333,
14,563,0,0.7973988652229309,
14,564,0,0.7388427257537842,
14,565,0,0.7114870548248291,
14,566,0,0.8304670453071594,
14,567,0,0.7413114905357361,
14,568,0,0.66538405418396,
14,569,0,0.7759516835212708,
14,570,0,0.6944026350975037,
14,571,0,0.7274941205978394,
14,572,0,0.8153654932975769,
14,573,0,0.7831364870071411,
14,574,0,0.8023120760917664,
14,575,0,0.6368836164474487,
14,576,0,0.6212584972381592,
14,577,0,0.7036929130554199,
14,578,0,0.7962843775749207,
14,579,0,0.7924336194992065,
14,580,0,0.7915264368057251,
14,581,0,0.7630268335342407,
14,582,0,0.7182083129882812,
14,583,0,0.7676846981048584,
14,584,0,0.7874480485916138,
14,585,0,0.7489326000213623,
14,586,0,0.6876172423362732,
14,587,0,0.8271509408950806,
14,588,0,0.7110769748687744,
14,589,0,0.7066287994384766,
14,590,0,0.7943220734596252,
14,591,0,0.6769245266914368,
14,592,0,0.8200899362564087,
14,593,0,0.6879770159721375,
14,594,0,0.6840275526046753,
14,595,0,0.8251619935035706,
14,596,0,0.8114480376243591,
14,597,0,0.7391132116317749,
14,598,0,0.6572413444519043,
14,599,0,0.7970608472824097,
14,600,0,0.8113937377929688,
14,601,0,0.660433292388916,
14,602,0,0.7100441455841064,
14,603,0,0.8233191967010498,
14,604,0,0.6918091177940369,
14,val,,,0.8063064606984457
15,0,0,0.7720573544502258,
15,1,0,0.8090651631355286,
15,2,0,0.6780692934989929,
15,3,0,0.7963190674781799,
15,4,0,0.7746759653091431,
15,5,0,0.7905364036560059,
15,6,0,0.8195104598999023,
15,7,0,0.7656376957893372,
15,8,0,0.8064584136009216,
15,9,0,0.8149046897888184,
15,10,0,0.7401821613311768,
15,11,0,0.7943997979164124,
15,12,0,0.6986881494522095,
15,13,0,0.7829148173332214,
15,14,0,0.7901524305343628,
15,15,0,0.7581371068954468,
15,16,0,0.7473430633544922,
15,17,0,0.7843632698059082,
15,18,0,0.8138158917427063,
15,19,0,0.7563297748565674,
15,20,0,0.7938508987426758,
15,21,0,0.7936959266662598,
15,22,0,0.7643954157829285,
15,23,0,0.777157723903656,
15,24,0,0.7818866968154907,
15,25,0,0.741346538066864,
15,26,0,0.7566715478897095,
15,27,0,0.7713505029678345,
15,28,0,0.7735778093338013,
15,29,0,0.7888171672821045,
15,30,0,0.7773972749710083,
15,31,0,0.7569973468780518,
15,32,0,0.7905821204185486,
15,33,0,0.7706430554389954,
15,34,0,0.7290467619895935,
15,35,0,0.8054787516593933,
15,36,0,0.7348103523254395,
15,37,0,0.7764466404914856,
15,38,0,0.7556490898132324,
15,39,0,0.7289013266563416,
15,40,0,0.714457631111145,
15,41,0,0.7757450938224792,
15,42,0,0.7601982951164246,
15,43,0,0.8215813636779785,
15,44,0,0.7357281446456909,
15,45,0,0.7693259119987488,
15,46,0,0.7717008590698242,
15,47,0,0.6913557052612305,
15,48,0,0.7985972762107849,
15,49,0,0.7131539583206177,
15,50,0,0.818384051322937,
15,51,0,0.8105398416519165,
15,52,0,0.8195300102233887,
15,53,0,0.7916738986968994,
15,54,0,0.706971287727356,
15,55,0,0.8112987279891968,
15,56,0,0.6584621667861938,
15,57,0,0.7583078742027283,
15,58,0,0.7575621008872986,
15,59,0,0.8203803300857544,
15,60,0,0.7929098606109619,
15,61,0,0.827389657497406,
15,62,0,0.6772061586380005,
15,63,0,0.779244601726532,
15,64,0,0.756057858467102,
15,65,0,0.7994692325592041,
15,66,0,0.6909618377685547,
15,67,0,0.7427631616592407,
15,68,0,0.7801149487495422,
15,69,0,0.8201165199279785,
15,70,0,0.6307330131530762,
15,71,0,0.7537428140640259,
15,72,0,0.7194482088088989,
15,73,0,0.7339420318603516,
15,74,0,0.7715759873390198,
15,75,0,0.7907787561416626,
15,76,0,0.7539411783218384,
15,77,0,0.8023852109909058,
15,78,0,0.8051660656929016,
15,79,0,0.6919901371002197,
15,80,0,0.7559216618537903,
15,81,0,0.7191210985183716,
15,82,0,0.7761165499687195,
15,83,0,0.7935574650764465,
15,84,0,0.8175952434539795,
15,85,0,0.801414966583252,
15,86,0,0.7606738805770874,
15,87,0,0.8058918714523315,
15,88,0,0.7632445096969604,
15,89,0,0.764641523361206,
15,90,0,0.8136036396026611,
15,91,0,0.6949016451835632,
15,92,0,0.7688324451446533,
15,93,0,0.8237622380256653,
15,94,0,0.7252421379089355,
15,95,0,0.6220117807388306,
15,96,0,0.7857905626296997,
15,97,0,0.658103346824646,
15,98,0,0.7919511198997498,
15,99,0,0.7521902322769165,
15,100,0,0.7481168508529663,
15,101,0,0.7574220299720764,
15,102,0,0.7069929838180542,
15,103,0,0.7928535342216492,
15,104,0,0.7636640667915344,
15,105,0,0.7418951988220215,
15,106,0,0.6518914699554443,
15,107,0,0.7224510312080383,
15,108,0,0.794679582118988,
15,109,0,0.7537720799446106,
15,110,0,0.8063046932220459,
15,111,0,0.8138596415519714,
15,112,0,0.6328026056289673,
15,113,0,0.7781599760055542,
15,114,0,0.7665615081787109,
15,115,0,0.6810789108276367,
15,116,0,0.6731112003326416,
15,117,0,0.6710218191146851,
15,118,0,0.8167153000831604,
15,119,0,0.7370357513427734,
15,120,0,0.7909174561500549,
15,121,0,0.8166073560714722,
15,122,0,0.7207620143890381,
15,123,0,0.6595590710639954,
15,124,0,0.7351735830307007,
15,125,0,0.6886402368545532,
15,126,0,0.7685047388076782,
15,127,0,0.7062257528305054,
15,128,0,0.7838559150695801,
15,129,0,0.7301125526428223,
15,130,0,0.8112086653709412,
15,131,0,0.7941585779190063,
15,132,0,0.7093802690505981,
15,133,0,0.8111222982406616,
15,134,0,0.721977174282074,
15,135,0,0.7437161207199097,
15,136,0,0.818541407585144,
15,137,0,0.6962032318115234,
15,138,0,0.818652331829071,
15,139,0,0.7613409757614136,
15,140,0,0.8053096532821655,
15,141,0,0.7326908111572266,
15,142,0,0.6729907989501953,
15,143,0,0.721697211265564,
15,144,0,0.7014890313148499,
15,145,0,0.6718865633010864,
15,146,0,0.783058762550354,
15,147,0,0.7845930457115173,
15,148,0,0.7599838972091675,
15,149,0,0.649911105632782,
15,150,0,0.8180806040763855,
15,151,0,0.7391083240509033,
15,152,0,0.8136599659919739,
15,153,0,0.751359760761261,
15,154,0,0.8217888474464417,
15,155,0,0.7569178342819214,
15,156,0,0.7381600141525269,
15,157,0,0.7778714895248413,
15,158,0,0.7083318829536438,
15,159,0,0.6939033269882202,
15,160,0,0.7499588131904602,
15,161,0,0.7769524455070496,
15,162,0,0.7835052609443665,
15,163,0,0.8163900971412659,
15,164,0,0.7723208069801331,
15,165,0,0.7417156100273132,
15,166,0,0.7133173942565918,
15,167,0,0.8094848990440369,
15,168,0,0.6425485014915466,
15,169,0,0.6648231744766235,
15,170,0,0.7444679737091064,
15,171,0,0.7528250813484192,
15,172,0,0.8011451959609985,
15,173,0,0.6897226572036743,
15,174,0,0.6969150304794312,
15,175,0,0.7721442580223083,
15,176,0,0.8146364092826843,
15,177,0,0.832530677318573,
15,178,0,0.7846143841743469,
15,179,0,0.7716637253761292,
15,180,0,0.8113276362419128,
15,181,0,0.7806286215782166,
15,182,0,0.7561742067337036,
15,183,0,0.6943589448928833,
15,184,0,0.8136357665061951,
15,185,0,0.7844722270965576,
15,186,0,0.7921354174613953,
15,187,0,0.8091383576393127,
15,188,0,0.7958557605743408,
15,189,0,0.778667688369751,
15,190,0,0.7027196884155273,
15,191,0,0.675871729850769,
15,192,0,0.689966082572937,
15,193,0,0.8003714084625244,
15,194,0,0.7898045778274536,
15,195,0,0.778941810131073,
15,196,0,0.6519631147384644,
15,197,0,0.6357169151306152,
15,198,0,0.711691677570343,
15,199,0,0.8177999258041382,
15,200,0,0.766403317451477,
15,201,0,0.7912545204162598,
15,202,0,0.8186623454093933,
15,203,0,0.8118572235107422,
15,204,0,0.8265523314476013,
15,205,0,0.7769537568092346,
15,206,0,0.7067518830299377,
15,207,0,0.7132077217102051,
15,208,0,0.8199803233146667,
15,209,0,0.7392829656600952,
15,210,0,0.8288245797157288,
15,211,0,0.7488259077072144,
15,212,0,0.7580432891845703,
15,213,0,0.7132010459899902,
15,214,0,0.7966316938400269,
15,215,0,0.7401331663131714,
15,216,0,0.8080222606658936,
15,217,0,0.7947970628738403,
15,218,0,0.7344232797622681,
15,219,0,0.6651371717453003,
15,220,0,0.6747051477432251,
15,221,0,0.7811930775642395,
15,222,0,0.6993238925933838,
15,223,0,0.6469718217849731,
15,224,0,0.8182698488235474,
15,225,0,0.6352527141571045,
15,226,0,0.745803713798523,
15,227,0,0.7697950005531311,
15,228,0,0.7711036801338196,
15,229,0,0.7992458343505859,
15,230,0,0.7625377178192139,
15,231,0,0.6769906282424927,
15,232,0,0.7335115671157837,
15,233,0,0.7954610586166382,
15,234,0,0.7413588166236877,
15,235,0,0.7166029214859009,
15,236,0,0.6573081016540527,
15,237,0,0.7292214632034302,
15,238,0,0.8264408111572266,
15,239,0,0.8283116221427917,
15,240,0,0.7707260847091675,
15,241,0,0.8024153709411621,
15,242,0,0.7372138500213623,
15,243,0,0.7449014186859131,
15,244,0,0.7233422994613647,
15,245,0,0.7670083045959473,
15,246,0,0.809961199760437,
15,247,0,0.7874184250831604,
15,248,0,0.8032353520393372,
15,249,0,0.7546061277389526,
15,250,0,0.7736422419548035,
15,251,0,0.7828861474990845,
15,252,0,0.8155210614204407,
15,253,0,0.6887204647064209,
15,254,0,0.6339178681373596,
15,255,0,0.7957456111907959,
15,256,0,0.7868718504905701,
15,257,0,0.8205202221870422,
15,258,0,0.7455967664718628,
15,259,0,0.8243002891540527,
15,260,0,0.7034294605255127,
15,261,0,0.6814717650413513,
15,262,0,0.6679303646087646,
15,263,0,0.7833643555641174,
15,264,0,0.7595232725143433,
15,265,0,0.6871527433395386,
15,266,0,0.677588939666748,
15,267,0,0.7939531803131104,
15,268,0,0.8159462809562683,
15,269,0,0.779276430606842,
15,270,0,0.7848148941993713,
15,271,0,0.6718719601631165,
15,272,0,0.7849254608154297,
15,273,0,0.8123653531074524,
15,274,0,0.7871949076652527,
15,275,0,0.6256616115570068,
15,276,0,0.7876251935958862,
15,277,0,0.8033574819564819,
15,278,0,0.6750932335853577,
15,279,0,0.7696026563644409,
15,280,0,0.7836756110191345,
15,281,0,0.6965198516845703,
15,282,0,0.7766801118850708,
15,283,0,0.7300289869308472,
15,284,0,0.6977049112319946,
15,285,0,0.7552169561386108,
15,286,0,0.8059598207473755,
15,287,0,0.7525781393051147,
15,288,0,0.8154087066650391,
15,289,0,0.7316180467605591,
15,290,0,0.8197448253631592,
15,291,0,0.8133212327957153,
15,292,0,0.7777557969093323,
15,293,0,0.6405321359634399,
15,294,0,0.7814359664916992,
15,295,0,0.6621545553207397,
15,296,0,0.7049434185028076,
15,297,0,0.8269277811050415,
15,298,0,0.7036659717559814,
15,299,0,0.7837272882461548,
15,300,0,0.6556189060211182,
15,301,0,0.792880654335022,
15,302,0,0.7941305041313171,
15,303,0,0.7994484305381775,
15,304,0,0.7230130434036255,
15,305,0,0.7800223231315613,
15,306,0,0.6424546241760254,
15,307,0,0.6521278619766235,
15,308,0,0.7762360572814941,
15,309,0,0.7211775779724121,
15,310,0,0.750591516494751,
15,311,0,0.705163836479187,
15,312,0,0.7603718638420105,
15,313,0,0.7677886486053467,
15,314,0,0.7839332222938538,
15,315,0,0.7854229807853699,
15,316,0,0.7978046536445618,
15,317,0,0.8052099347114563,
15,318,0,0.8048799633979797,
15,319,0,0.8183623552322388,
15,320,0,0.7125164866447449,
15,321,0,0.6871254444122314,
15,322,0,0.819932758808136,
15,323,0,0.8268524408340454,
15,324,0,0.7535784244537354,
15,325,0,0.8291910886764526,
15,326,0,0.8169777393341064,
15,327,0,0.6998189687728882,
15,328,0,0.6872652769088745,
15,329,0,0.6465355157852173,
15,330,0,0.7676373720169067,
15,331,0,0.7409021258354187,
15,332,0,0.7814260721206665,
15,333,0,0.7371199131011963,
15,334,0,0.7253983020782471,
15,335,0,0.802028477191925,
15,336,0,0.7745180130004883,
15,337,0,0.6700427532196045,
15,338,0,0.7781771421432495,
15,339,0,0.7603223919868469,
15,340,0,0.7892827391624451,
15,341,0,0.7542749643325806,
15,342,0,0.8024272918701172,
15,343,0,0.8036684989929199,
15,344,0,0.779626190662384,
15,345,0,0.6339633464813232,
15,346,0,0.7068703770637512,
15,347,0,0.7873317003250122,
15,348,0,0.8229544162750244,
15,349,0,0.7055141925811768,
15,350,0,0.7354080677032471,
15,351,0,0.7174158096313477,
15,352,0,0.7792213559150696,
15,353,0,0.7367339134216309,
15,354,0,0.8249861001968384,
15,355,0,0.7148240804672241,
15,356,0,0.783139705657959,
15,357,0,0.7572431564331055,
15,358,0,0.8005753755569458,
15,359,0,0.7854254841804504,
15,360,0,0.7369364500045776,
15,361,0,0.703681468963623,
15,362,0,0.7430199384689331,
15,363,0,0.7737914323806763,
15,364,0,0.6993211507797241,
15,365,0,0.6385416984558105,
15,366,0,0.6615567207336426,
15,367,0,0.6630383133888245,
15,368,0,0.7861974835395813,
15,369,0,0.8097826838493347,
15,370,0,0.74830162525177,
15,371,0,0.7708751559257507,
15,372,0,0.7394065856933594,
15,373,0,0.7869924306869507,
15,374,0,0.7366420030593872,
15,375,0,0.6958671808242798,
15,376,0,0.7786321640014648,
15,377,0,0.8279867768287659,
15,378,0,0.6641229391098022,
15,379,0,0.807753324508667,
15,380,0,0.6414765119552612,
15,381,0,0.6487556099891663,
15,382,0,0.6794769763946533,
15,383,0,0.6496874094009399,
15,384,0,0.8052148222923279,
15,385,0,0.7957582473754883,
15,386,0,0.7174631357192993,
15,387,0,0.7373844981193542,
15,388,0,0.6674280166625977,
15,389,0,0.8202811479568481,
15,390,0,0.6461418867111206,
15,391,0,0.7495267391204834,
15,392,0,0.8135156631469727,
15,393,0,0.7695081830024719,
15,394,0,0.7176001071929932,
15,395,0,0.7932301759719849,
15,396,0,0.7617858648300171,
15,397,0,0.7949209213256836,
15,398,0,0.8269339203834534,
15,399,0,0.7160197496414185,
15,400,0,0.8034295439720154,
15,401,0,0.6969946622848511,
15,402,0,0.7664638161659241,
15,403,0,0.7893567085266113,
15,404,0,0.7388743162155151,
15,405,0,0.8122366666793823,
15,406,0,0.7199966311454773,
15,407,0,0.7438013553619385,
15,408,0,0.6575127840042114,
15,409,0,0.6948033571243286,
15,410,0,0.691023051738739,
15,411,0,0.6624038219451904,
15,412,0,0.8244033455848694,
15,413,0,0.8021242618560791,
15,414,0,0.6574020385742188,
15,415,0,0.7625362873077393,
15,416,0,0.8290649056434631,
15,417,0,0.6823314428329468,
15,418,0,0.6544277667999268,
15,419,0,0.6134504079818726,
15,420,0,0.7336391806602478,
15,421,0,0.7982707023620605,
15,422,0,0.8088651895523071,
15,423,0,0.8088183403015137,
15,424,0,0.691665530204773,
15,425,0,0.7787145376205444,
15,426,0,0.7801014184951782,
15,427,0,0.7115391492843628,
15,428,0,0.7446435689926147,
15,429,0,0.7917267680168152,
15,430,0,0.7908663749694824,
15,431,0,0.6831885576248169,
15,432,0,0.795768678188324,
15,433,0,0.7587385773658752,
15,434,0,0.8211102485656738,
15,435,0,0.6473983526229858,
15,436,0,0.7019609212875366,
15,437,0,0.7107876539230347,
15,438,0,0.8083332180976868,
15,439,0,0.7457799911499023,
15,440,0,0.6603644490242004,
15,441,0,0.7670310735702515,
15,442,0,0.7493916749954224,
15,443,0,0.8032463788986206,
15,444,0,0.7826588749885559,
15,445,0,0.7889293432235718,
15,446,0,0.7846619486808777,
15,447,0,0.7682681083679199,
15,448,0,0.6576545238494873,
15,449,0,0.7689648866653442,
15,450,0,0.8133378624916077,
15,451,0,0.7710181474685669,
15,452,0,0.6889145374298096,
15,453,0,0.8203365206718445,
15,454,0,0.7992510199546814,
15,455,0,0.7639530897140503,
15,456,0,0.7944324612617493,
15,457,0,0.7994011640548706,
15,458,0,0.7676262259483337,
15,459,0,0.7049385905265808,
15,460,0,0.7244653701782227,
15,461,0,0.6645796298980713,
15,462,0,0.7461750507354736,
15,463,0,0.7674271464347839,
15,464,0,0.7461973428726196,
15,465,0,0.661689043045044,
15,466,0,0.7681246995925903,
15,467,0,0.7526406049728394,
15,468,0,0.7935922741889954,
15,469,0,0.8107079267501831,
15,470,0,0.6772580146789551,
15,471,0,0.7673403024673462,
15,472,0,0.7092845439910889,
15,473,0,0.7745623588562012,
15,474,0,0.7985241413116455,
15,475,0,0.8097746968269348,
15,476,0,0.8026591539382935,
15,477,0,0.6847521662712097,
15,478,0,0.825019896030426,
15,479,0,0.8162583112716675,
15,480,0,0.6450115442276001,
15,481,0,0.7784508466720581,
15,482,0,0.6580646634101868,
15,483,0,0.7840858101844788,
15,484,0,0.7724586129188538,
15,485,0,0.7589139938354492,
15,486,0,0.6221883296966553,
15,487,0,0.7858665585517883,
15,488,0,0.6964417099952698,
15,489,0,0.7542452216148376,
15,490,0,0.752836287021637,
15,491,0,0.6753735542297363,
15,492,0,0.7587352991104126,
15,493,0,0.8226194381713867,
15,494,0,0.7903963327407837,
15,495,0,0.7187893390655518,
15,496,0,0.7433770895004272,
15,497,0,0.7715400457382202,
15,498,0,0.7632539868354797,
15,499,0,0.6347806453704834,
15,500,0,0.6219212412834167,
15,501,0,0.7251079082489014,
15,502,0,0.6621593236923218,
15,503,0,0.7200301885604858,
15,504,0,0.7182967662811279,
15,505,0,0.774103045463562,
15,506,0,0.7474277019500732,
15,507,0,0.705359697341919,
15,508,0,0.8124868869781494,
15,509,0,0.7601266503334045,
15,510,0,0.7584081888198853,
15,511,0,0.7713556885719299,
15,512,0,0.7264801263809204,
15,513,0,0.8105363249778748,
15,514,0,0.7184748649597168,
15,515,0,0.6813504099845886,
15,516,0,0.6929442882537842,
15,517,0,0.6904418468475342,
15,518,0,0.7434627413749695,
15,519,0,0.7557048797607422,
15,520,0,0.6539067029953003,
15,521,0,0.6862542033195496,
15,522,0,0.7758265137672424,
15,523,0,0.8100111484527588,
15,524,0,0.7757744193077087,
15,525,0,0.7617498636245728,
15,526,0,0.7899191975593567,
15,527,0,0.7592241764068604,
15,528,0,0.778641402721405,
15,529,0,0.7983887791633606,
15,530,0,0.7718395590782166,
15,531,0,0.6565428972244263,
15,532,0,0.7748258113861084,
15,533,0,0.8227860331535339,
15,534,0,0.7778047323226929,
15,535,0,0.6978952884674072,
15,536,0,0.7557781934738159,
15,537,0,0.7829827070236206,
15,538,0,0.6369487047195435,
15,539,0,0.7112699747085571,
15,540,0,0.7559212446212769,
15,541,0,0.8154770731925964,
15,542,0,0.7613759636878967,
15,543,0,0.646172046661377,
15,544,0,0.6848599910736084,
15,545,0,0.6882758140563965,
15,546,0,0.7630338668823242,
15,547,0,0.7777464985847473,
15,548,0,0.751422643661499,
15,549,0,0.7874186038970947,
15,550,0,0.7533256411552429,
15,551,0,0.7485580444335938,
15,552,0,0.6619172096252441,
15,553,0,0.7564852237701416,
15,554,0,0.7357993125915527,
15,555,0,0.696609616279602,
15,556,0,0.7423604726791382,
15,557,0,0.7587870955467224,
15,558,0,0.7676259279251099,
15,559,0,0.6478104591369629,
15,560,0,0.7981701493263245,
15,561,0,0.7075192928314209,
15,562,0,0.7812442183494568,
15,563,0,0.7888987064361572,
15,564,0,0.7314106822013855,
15,565,0,0.6971251964569092,
15,566,0,0.825497031211853,
15,567,0,0.726821780204773,
15,568,0,0.6482225656509399,
15,569,0,0.7717993855476379,
15,570,0,0.6855086088180542,
15,571,0,0.7115194797515869,
15,572,0,0.8142887353897095,
15,573,0,0.769938588142395,
15,574,0,0.7999625205993652,
15,575,0,0.6291723251342773,
15,576,0,0.6193017959594727,
15,577,0,0.6937246322631836,
15,578,0,0.7827657461166382,
15,579,0,0.7907346487045288,
15,580,0,0.7879844903945923,
15,581,0,0.7496572732925415,
15,582,0,0.7159692049026489,
15,583,0,0.7650899291038513,
15,584,0,0.779929518699646,
15,585,0,0.749396026134491,
15,586,0,0.6764851212501526,
15,587,0,0.8190760612487793,
15,588,0,0.7125251889228821,
15,589,0,0.6982804536819458,
15,590,0,0.7940593361854553,
15,591,0,0.6716286540031433,
15,592,0,0.8172515034675598,
15,593,0,0.6755813956260681,
15,594,0,0.671688437461853,
15,595,0,0.8287529349327087,
15,596,0,0.8128038644790649,
15,597,0,0.7278569936752319,
15,598,0,0.6431816816329956,
15,599,0,0.7904275059700012,
15,600,0,0.8079550266265869,
15,601,0,0.6487207412719727,
15,602,0,0.7121999263763428,
15,603,0,0.8185376524925232,
15,604,0,0.6889524459838867,
15,val,,,0.8061064386367798
16,0,0,0.764216959476471,
16,1,0,0.8117808699607849,
16,2,0,0.6753681898117065,
16,3,0,0.7914485931396484,
16,4,0,0.7595545649528503,
16,5,0,0.7951661348342896,
16,6,0,0.818718671798706,
16,7,0,0.7639561295509338,
16,8,0,0.803324282169342,
16,9,0,0.8119775652885437,
16,10,0,0.737728476524353,
16,11,0,0.784084677696228,
16,12,0,0.6891835331916809,
16,13,0,0.784208357334137,
16,14,0,0.7772732973098755,
16,15,0,0.7467144727706909,
16,16,0,0.7438456416130066,
16,17,0,0.7782222628593445,
16,18,0,0.8178872466087341,
16,19,0,0.7511829137802124,
16,20,0,0.7894838452339172,
16,21,0,0.7857800126075745,
16,22,0,0.7733261585235596,
16,23,0,0.7717386484146118,
16,24,0,0.7832929491996765,
16,25,0,0.723658561706543,
16,26,0,0.7595077157020569,
16,27,0,0.763120710849762,
16,28,0,0.7683338522911072,
16,29,0,0.7822884321212769,
16,30,0,0.7724778652191162,
16,31,0,0.7493705153465271,
16,32,0,0.7902855277061462,
16,33,0,0.7774661779403687,
16,34,0,0.7276829481124878,
16,35,0,0.8000591993331909,
16,36,0,0.7238909006118774,
16,37,0,0.7680959105491638,
16,38,0,0.7513567209243774,
16,39,0,0.7286403179168701,
16,40,0,0.7080551981925964,
16,41,0,0.7676764130592346,
16,42,0,0.7578893899917603,
16,43,0,0.8196075558662415,
16,44,0,0.7255452871322632,
16,45,0,0.7662615776062012,
16,46,0,0.7733732461929321,
16,47,0,0.6780658960342407,
16,48,0,0.803726851940155,
16,49,0,0.710227370262146,
16,50,0,0.8198822736740112,
16,51,0,0.8052293062210083,
16,52,0,0.8155134916305542,
16,53,0,0.7865034341812134,
16,54,0,0.6982934474945068,
16,55,0,0.8057267665863037,
16,56,0,0.6543518900871277,
16,57,0,0.7484642863273621,
16,58,0,0.75041264295578,
16,59,0,0.8197275400161743,
16,60,0,0.80085688829422,
16,61,0,0.8257941007614136,
16,62,0,0.6638261675834656,
16,63,0,0.7724723219871521,
16,64,0,0.751820981502533,
16,65,0,0.7975055575370789,
16,66,0,0.6789309978485107,
16,67,0,0.7391217947006226,
16,68,0,0.775549054145813,
16,69,0,0.8146306872367859,
16,70,0,0.6252390742301941,
16,71,0,0.7456245422363281,
16,72,0,0.7109239101409912,
16,73,0,0.732756495475769,
16,74,0,0.7671658992767334,
16,75,0,0.7884148359298706,
16,76,0,0.7449135780334473,
16,77,0,0.8047167062759399,
16,78,0,0.7944099307060242,
16,79,0,0.6845712065696716,
16,80,0,0.741712749004364,
16,81,0,0.7130631804466248,
16,82,0,0.7716493606567383,
16,83,0,0.7887568473815918,
16,84,0,0.8155627846717834,
16,85,0,0.7990962862968445,
16,86,0,0.75516676902771,
16,87,0,0.8014723658561707,
16,88,0,0.7540331482887268,
16,89,0,0.7610041499137878,
16,90,0,0.812117338180542,
16,91,0,0.6907199621200562,
16,92,0,0.7682815194129944,
16,93,0,0.8221022486686707,
16,94,0,0.7182892560958862,
16,95,0,0.6111981272697449,
16,96,0,0.7819417715072632,
16,97,0,0.6505913734436035,
16,98,0,0.7907317876815796,
16,99,0,0.7399970293045044,
16,100,0,0.743507981300354,
16,101,0,0.7518793940544128,
16,102,0,0.7103179693222046,
16,103,0,0.790901780128479,
16,104,0,0.7601670622825623,
16,105,0,0.7405149936676025,
16,106,0,0.6332104206085205,
16,107,0,0.7096096277236938,
16,108,0,0.7906767129898071,
16,109,0,0.7492269277572632,
16,110,0,0.8045445680618286,
16,111,0,0.8139058351516724,
16,112,0,0.6144405603408813,
16,113,0,0.7751948237419128,
16,114,0,0.7566232681274414,
16,115,0,0.6769942045211792,
16,116,0,0.6583358645439148,
16,117,0,0.6518709659576416,
16,118,0,0.8171079158782959,
16,119,0,0.7222775816917419,
16,120,0,0.7870903611183167,
16,121,0,0.817609429359436,
16,122,0,0.7168329954147339,
16,123,0,0.6479884386062622,
16,124,0,0.7256437540054321,
16,125,0,0.677090585231781,
16,126,0,0.7662529945373535,
16,127,0,0.7014629244804382,
16,128,0,0.7764657139778137,
16,129,0,0.7248243093490601,
16,130,0,0.8094369173049927,
16,131,0,0.797524094581604,
16,132,0,0.7061740756034851,
16,133,0,0.8008952140808105,
16,134,0,0.7120943069458008,
16,135,0,0.72594153881073,
16,136,0,0.8145666122436523,
16,137,0,0.6928391456604004,
16,138,0,0.8160315752029419,
16,139,0,0.7628638744354248,
16,140,0,0.8034999370574951,
16,141,0,0.7280094623565674,
16,142,0,0.662260890007019,
16,143,0,0.7222719192504883,
16,144,0,0.6933374404907227,
16,145,0,0.664150595664978,
16,146,0,0.7795723676681519,
16,147,0,0.7802268266677856,
16,148,0,0.7497201561927795,
16,149,0,0.6539456844329834,
16,150,0,0.8156064748764038,
16,151,0,0.7280727624893188,
16,152,0,0.8160354495048523,
16,153,0,0.751314640045166,
16,154,0,0.827378511428833,
16,155,0,0.7541443109512329,
16,156,0,0.7272798418998718,
16,157,0,0.7682889699935913,
16,158,0,0.6999169588088989,
16,159,0,0.6811736822128296,
16,160,0,0.7456097602844238,
16,161,0,0.7761520743370056,
16,162,0,0.7797332406044006,
16,163,0,0.8223861455917358,
16,164,0,0.7665365934371948,
16,165,0,0.7366651296615601,
16,166,0,0.7107068300247192,
16,167,0,0.8098001480102539,
16,168,0,0.6318222284317017,
16,169,0,0.6536147594451904,
16,170,0,0.7455307245254517,
16,171,0,0.7422945499420166,
16,172,0,0.7900844812393188,
16,173,0,0.6782194972038269,
16,174,0,0.6845356822013855,
16,175,0,0.7629436254501343,
16,176,0,0.8110021948814392,
16,177,0,0.8267905116081238,
16,178,0,0.7852773666381836,
16,179,0,0.7738734483718872,
16,180,0,0.809474527835846,
16,181,0,0.7881329655647278,
16,182,0,0.748256504535675,
16,183,0,0.685664176940918,
16,184,0,0.8123441934585571,
16,185,0,0.7788642048835754,
16,186,0,0.7870519161224365,
16,187,0,0.7980536222457886,
16,188,0,0.7877914905548096,
16,189,0,0.7646282911300659,
16,190,0,0.6947253942489624,
16,191,0,0.6517931222915649,
16,192,0,0.6650339365005493,
16,193,0,0.7967789173126221,
16,194,0,0.7842295169830322,
16,195,0,0.7770196795463562,
16,196,0,0.639041543006897,
16,197,0,0.6224135756492615,
16,198,0,0.7066158056259155,
16,199,0,0.8138954043388367,
16,200,0,0.7652516961097717,
16,201,0,0.7850848436355591,
16,202,0,0.8159329891204834,
16,203,0,0.8183897733688354,
16,204,0,0.8208522200584412,
16,205,0,0.775151789188385,
16,206,0,0.7033373117446899,
16,207,0,0.6970192193984985,
16,208,0,0.8173070549964905,
16,209,0,0.7372822165489197,
16,210,0,0.8187673687934875,
16,211,0,0.7371722459793091,
16,212,0,0.7423745393753052,
16,213,0,0.7093923687934875,
16,214,0,0.7955412864685059,
16,215,0,0.7219878435134888,
16,216,0,0.8058031797409058,
16,217,0,0.7895441055297852,
16,218,0,0.7215615510940552,
16,219,0,0.6565086841583252,
16,220,0,0.6599737405776978,
16,221,0,0.7750241160392761,
16,222,0,0.6863555908203125,
16,223,0,0.6342078447341919,
16,224,0,0.8176785707473755,
16,225,0,0.6311172842979431,
16,226,0,0.7417492866516113,
16,227,0,0.7714632749557495,
16,228,0,0.7676774263381958,
16,229,0,0.805559515953064,
16,230,0,0.7631325721740723,
16,231,0,0.6643131971359253,
16,232,0,0.7233779430389404,
16,233,0,0.7930073142051697,
16,234,0,0.7374032735824585,
16,235,0,0.7070341110229492,
16,236,0,0.653661847114563,
16,237,0,0.7310149669647217,
16,238,0,0.8313934803009033,
16,239,0,0.8320763111114502,
16,240,0,0.7651492357254028,
16,241,0,0.796659529209137,
16,242,0,0.7358009219169617,
16,243,0,0.728445827960968,
16,244,0,0.7251349091529846,
16,245,0,0.7572774887084961,
16,246,0,0.8097732663154602,
16,247,0,0.7836290001869202,
16,248,0,0.8002684712409973,
16,249,0,0.7410916686058044,
16,250,0,0.7691147923469543,
16,251,0,0.7836776971817017,
16,252,0,0.8182538747787476,
16,253,0,0.6806291341781616,
16,254,0,0.6171830892562866,
16,255,0,0.7973262667655945,
16,256,0,0.7835158109664917,
16,257,0,0.8182404041290283,
16,258,0,0.734824538230896,
16,259,0,0.8197528123855591,
16,260,0,0.6955606341362,
16,261,0,0.6662082672119141,
16,262,0,0.6560187339782715,
16,263,0,0.7839856147766113,
16,264,0,0.7484842538833618,
16,265,0,0.683013916015625,
16,266,0,0.6704037189483643,
16,267,0,0.7966060638427734,
16,268,0,0.8151270747184753,
16,269,0,0.7748128175735474,
16,270,0,0.7798315286636353,
16,271,0,0.657387375831604,
16,272,0,0.7777612209320068,
16,273,0,0.8195220232009888,
16,274,0,0.7874356508255005,
16,275,0,0.6179841756820679,
16,276,0,0.7876234650611877,
16,277,0,0.7969426512718201,
16,278,0,0.6797885298728943,
16,279,0,0.7573644518852234,
16,280,0,0.7846447229385376,
16,281,0,0.6974608302116394,
16,282,0,0.7631124258041382,
16,283,0,0.7159909009933472,
16,284,0,0.6916545629501343,
16,285,0,0.7474998235702515,
16,286,0,0.8073413968086243,
16,287,0,0.7529263496398926,
16,288,0,0.8099693655967712,
16,289,0,0.7344294786453247,
16,290,0,0.8151054978370667,
16,291,0,0.81833416223526,
16,292,0,0.7749968767166138,
16,293,0,0.6406347751617432,
16,294,0,0.7703700065612793,
16,295,0,0.6546432971954346,
16,296,0,0.6986045837402344,
16,297,0,0.8260320425033569,
16,298,0,0.6959433555603027,
16,299,0,0.7783528566360474,
16,300,0,0.6603129506111145,
16,301,0,0.7924686670303345,
16,302,0,0.7902101278305054,
16,303,0,0.8018816113471985,
16,304,0,0.7165417671203613,
16,305,0,0.7835966944694519,
16,306,0,0.6328493356704712,
16,307,0,0.6414597034454346,
16,308,0,0.7729990482330322,
16,309,0,0.7143995761871338,
16,310,0,0.7428692579269409,
16,311,0,0.6985104084014893,
16,312,0,0.7590963244438171,
16,313,0,0.7575730681419373,
16,314,0,0.779974102973938,
16,315,0,0.7878687977790833,
16,316,0,0.7940146923065186,
16,317,0,0.7962028384208679,
16,318,0,0.8016926646232605,
16,319,0,0.8185712099075317,
16,320,0,0.7058396339416504,
16,321,0,0.6784565448760986,
16,322,0,0.825884222984314,
16,323,0,0.8234663009643555,
16,324,0,0.7426899671554565,
16,325,0,0.8263948559761047,
16,326,0,0.8164995908737183,
16,327,0,0.7057504653930664,
16,328,0,0.6776667237281799,
16,329,0,0.6325924396514893,
16,330,0,0.7658597230911255,
16,331,0,0.7361408472061157,
16,332,0,0.7826428413391113,
16,333,0,0.7348848581314087,
16,334,0,0.7135398387908936,
16,335,0,0.8019357919692993,
16,336,0,0.7771317958831787,
16,337,0,0.6568517684936523,
16,338,0,0.7750794887542725,
16,339,0,0.7568677663803101,
16,340,0,0.7948355078697205,
16,341,0,0.7467966079711914,
16,342,0,0.8016383647918701,
16,343,0,0.8069474697113037,
16,344,0,0.768919825553894,
16,345,0,0.6210081577301025,
16,346,0,0.6921811103820801,
16,347,0,0.7864239811897278,
16,348,0,0.8205345869064331,
16,349,0,0.711179256439209,
16,350,0,0.7274967432022095,
16,351,0,0.7011617422103882,
16,352,0,0.7824958562850952,
16,353,0,0.7251368761062622,
16,354,0,0.8258882164955139,
16,355,0,0.7064507007598877,
16,356,0,0.7797911763191223,
16,357,0,0.7409336566925049,
16,358,0,0.7999950647354126,
16,359,0,0.7881671190261841,
16,360,0,0.7188944816589355,
16,361,0,0.6975433230400085,
16,362,0,0.7434453964233398,
16,363,0,0.7679402232170105,
16,364,0,0.693076491355896,
16,365,0,0.625486433506012,
16,366,0,0.65486741065979,
16,367,0,0.6453241109848022,
16,368,0,0.7868819832801819,
16,369,0,0.8080158829689026,
16,370,0,0.7459958791732788,
16,371,0,0.7590025067329407,
16,372,0,0.7349356412887573,
16,373,0,0.7900546789169312,
16,374,0,0.7323455810546875,
16,375,0,0.6945692300796509,
16,376,0,0.7715054750442505,
16,377,0,0.8154175281524658,
16,378,0,0.6602903604507446,
16,379,0,0.8122681379318237,
16,380,0,0.6268903017044067,
16,381,0,0.6503867506980896,
16,382,0,0.6651802062988281,
16,383,0,0.6507338285446167,
16,384,0,0.7954241037368774,
16,385,0,0.7942793965339661,
16,386,0,0.7100667357444763,
16,387,0,0.7368305921554565,
16,388,0,0.6484092473983765,
16,389,0,0.8211877942085266,
16,390,0,0.6257349848747253,
16,391,0,0.7471749782562256,
16,392,0,0.817335307598114,
16,393,0,0.7691821455955505,
16,394,0,0.7115064859390259,
16,395,0,0.7940404415130615,
16,396,0,0.7629866003990173,
16,397,0,0.7910116910934448,
16,398,0,0.8165223002433777,
16,399,0,0.7089619636535645,
16,400,0,0.8091740608215332,
16,401,0,0.6953076720237732,
16,402,0,0.765683650970459,
16,403,0,0.7885146141052246,
16,404,0,0.7342004776000977,
16,405,0,0.8261739611625671,
16,406,0,0.714451789855957,
16,407,0,0.7353862524032593,
16,408,0,0.6503257155418396,
16,409,0,0.6892595291137695,
16,410,0,0.6780107021331787,
16,411,0,0.6560818552970886,
16,412,0,0.8254027366638184,
16,413,0,0.8033678531646729,
16,414,0,0.6590213775634766,
16,415,0,0.7633398175239563,
16,416,0,0.8257997035980225,
16,417,0,0.6685232520103455,
16,418,0,0.6386455297470093,
16,419,0,0.6100883483886719,
16,420,0,0.7330363392829895,
16,421,0,0.7981241345405579,
16,422,0,0.8074479103088379,
16,423,0,0.8067739009857178,
16,424,0,0.6820656657218933,
16,425,0,0.7722568511962891,
16,426,0,0.7842216491699219,
16,427,0,0.7035781741142273,
16,428,0,0.7430251836776733,
16,429,0,0.7911387085914612,
16,430,0,0.7890213131904602,
16,431,0,0.6770752668380737,
16,432,0,0.7970801591873169,
16,433,0,0.7571157217025757,
16,434,0,0.8163934350013733,
16,435,0,0.6363708972930908,
16,436,0,0.6922158002853394,
16,437,0,0.710487961769104,
16,438,0,0.8141101598739624,
16,439,0,0.7370885610580444,
16,440,0,0.6433192491531372,
16,441,0,0.7560003995895386,
16,442,0,0.7460025548934937,
16,443,0,0.8058559894561768,
16,444,0,0.7794081568717957,
16,445,0,0.7870297431945801,
16,446,0,0.7733321785926819,
16,447,0,0.7554011344909668,
16,448,0,0.6465474367141724,
16,449,0,0.7646399140357971,
16,450,0,0.8128869533538818,
16,451,0,0.7607415318489075,
16,452,0,0.6901798248291016,
16,453,0,0.8235566020011902,
16,454,0,0.791237473487854,
16,455,0,0.7606338262557983,
16,456,0,0.7939105033874512,
16,457,0,0.7931053042411804,
16,458,0,0.7570778727531433,
16,459,0,0.6915030479431152,
16,460,0,0.717738151550293,
16,461,0,0.6603402495384216,
16,462,0,0.7439217567443848,
16,463,0,0.7648434042930603,
16,464,0,0.7438255548477173,
16,465,0,0.6474892497062683,
16,466,0,0.7562651038169861,
16,467,0,0.7434649467468262,
16,468,0,0.787285327911377,
16,469,0,0.8102325797080994,
16,470,0,0.6597996950149536,
16,471,0,0.7653032541275024,
16,472,0,0.705316960811615,
16,473,0,0.7724528312683105,
16,474,0,0.7899807095527649,
16,475,0,0.8054009675979614,
16,476,0,0.797127902507782,
16,477,0,0.6742044687271118,
16,478,0,0.8285285234451294,
16,479,0,0.8148500919342041,
16,480,0,0.6379913091659546,
16,481,0,0.7724388837814331,
16,482,0,0.6465710401535034,
16,483,0,0.7751049995422363,
16,484,0,0.7676881551742554,
16,485,0,0.7602506875991821,
16,486,0,0.6088333129882812,
16,487,0,0.7808389067649841,
16,488,0,0.6849290728569031,
16,489,0,0.748933732509613,
16,490,0,0.7490515112876892,
16,491,0,0.6642286777496338,
16,492,0,0.7577785849571228,
16,493,0,0.8218472003936768,
16,494,0,0.7938339114189148,
16,495,0,0.7101002931594849,
16,496,0,0.7441892623901367,
16,497,0,0.7701219320297241,
16,498,0,0.7566461563110352,
16,499,0,0.6285741329193115,
16,500,0,0.6140453815460205,
16,501,0,0.7179262042045593,
16,502,0,0.6519312858581543,
16,503,0,0.722872257232666,
16,504,0,0.6996394991874695,
16,505,0,0.7816110253334045,
16,506,0,0.7511855363845825,
16,507,0,0.6951884627342224,
16,508,0,0.8096344470977783,
16,509,0,0.7476910352706909,
16,510,0,0.7559316158294678,
16,511,0,0.7666301727294922,
16,512,0,0.7286299467086792,
16,513,0,0.8104904890060425,
16,514,0,0.716177225112915,
16,515,0,0.6836997270584106,
16,516,0,0.6815770268440247,
16,517,0,0.6789673566818237,
16,518,0,0.7438325881958008,
16,519,0,0.7479259967803955,
16,520,0,0.6494455337524414,
16,521,0,0.6843931674957275,
16,522,0,0.7709696888923645,
16,523,0,0.8109921216964722,
16,524,0,0.7800605893135071,
16,525,0,0.7620477676391602,
16,526,0,0.7870759963989258,
16,527,0,0.7569934129714966,
16,528,0,0.7673271298408508,
16,529,0,0.796791136264801,
16,530,0,0.7547035813331604,
16,531,0,0.6451057195663452,
16,532,0,0.7773615121841431,
16,533,0,0.8231509327888489,
16,534,0,0.7692376971244812,
16,535,0,0.7005362510681152,
16,536,0,0.755496621131897,
16,537,0,0.7838478684425354,
16,538,0,0.6222038269042969,
16,539,0,0.7027889490127563,
16,540,0,0.7577356100082397,
16,541,0,0.8059335947036743,
16,542,0,0.7483601570129395,
16,543,0,0.6418889760971069,
16,544,0,0.6810603141784668,
16,545,0,0.6796223521232605,
16,546,0,0.7555351257324219,
16,547,0,0.7749823331832886,
16,548,0,0.7380480766296387,
16,549,0,0.7882496118545532,
16,550,0,0.7422423362731934,
16,551,0,0.7400511503219604,
16,552,0,0.6448778510093689,
16,553,0,0.7543312907218933,
16,554,0,0.7258404493331909,
16,555,0,0.6911410689353943,
16,556,0,0.7348979711532593,
16,557,0,0.7605981826782227,
16,558,0,0.7590965628623962,
16,559,0,0.6385754346847534,
16,560,0,0.7974448800086975,
16,561,0,0.6933926939964294,
16,562,0,0.7761160135269165,
16,563,0,0.781993567943573,
16,564,0,0.7277947664260864,
16,565,0,0.6842748522758484,
16,566,0,0.8218212127685547,
16,567,0,0.7312132716178894,
16,568,0,0.6471697092056274,
16,569,0,0.7651812434196472,
16,570,0,0.6763689517974854,
16,571,0,0.70887291431427,
16,572,0,0.8248453736305237,
16,573,0,0.7659851312637329,
16,574,0,0.8008032441139221,
16,575,0,0.6205582022666931,
16,576,0,0.61248779296875,
16,577,0,0.6821684241294861,
16,578,0,0.7742046117782593,
16,579,0,0.7870908975601196,
16,580,0,0.7859867811203003,
16,581,0,0.7520485520362854,
16,582,0,0.7043657302856445,
16,583,0,0.7571028470993042,
16,584,0,0.7681348323822021,
16,585,0,0.7476341724395752,
16,586,0,0.6631602048873901,
16,587,0,0.8181898593902588,
16,588,0,0.6978743076324463,
16,589,0,0.6904292106628418,
16,590,0,0.7871788740158081,
16,591,0,0.6661832332611084,
16,592,0,0.8121868968009949,
16,593,0,0.674835205078125,
16,594,0,0.6672919988632202,
16,595,0,0.827448308467865,
16,596,0,0.808306097984314,
16,597,0,0.7343050837516785,
16,598,0,0.6355099678039551,
16,599,0,0.7890684604644775,
16,600,0,0.8098165392875671,
16,601,0,0.644609808921814,
16,602,0,0.7022446990013123,
16,603,0,0.8195977210998535,
16,604,0,0.6742899417877197,
16,val,,,0.8066333023707072
17,0,0,0.755225658416748,
17,1,0,0.8074251413345337,
17,2,0,0.6651411652565002,
17,3,0,0.7878135442733765,
17,4,0,0.7570018172264099,
17,5,0,0.788424551486969,
17,6,0,0.8182525634765625,
17,7,0,0.7499321103096008,
17,8,0,0.8036839365959167,
17,9,0,0.815990149974823,
17,10,0,0.7327635288238525,
17,11,0,0.7799482345581055,
17,12,0,0.6803689002990723,
17,13,0,0.7777096629142761,
17,14,0,0.7600936889648438,
17,15,0,0.7403892278671265,
17,16,0,0.7368882894515991,
17,17,0,0.7732943296432495,
17,18,0,0.8142701983451843,
17,19,0,0.7487854957580566,
17,20,0,0.7870242595672607,
17,21,0,0.7719724178314209,
17,22,0,0.7562775015830994,
17,23,0,0.7744444608688354,
17,24,0,0.7799593210220337,
17,25,0,0.7188948392868042,
17,26,0,0.7527247071266174,
17,27,0,0.7617031335830688,
17,28,0,0.7576653957366943,
17,29,0,0.7843872904777527,
17,30,0,0.7668303847312927,
17,31,0,0.7432249784469604,
17,32,0,0.7834120988845825,
17,33,0,0.7709692120552063,
17,34,0,0.7193681001663208,
17,35,0,0.7982049584388733,
17,36,0,0.7244422435760498,
17,37,0,0.7707942724227905,
17,38,0,0.736182689666748,
17,39,0,0.7223803400993347,
17,40,0,0.7071904540061951,
17,41,0,0.7733461856842041,
17,42,0,0.751503050327301,
17,43,0,0.8191094398498535,
17,44,0,0.7249813079833984,
17,45,0,0.7664411067962646,
17,46,0,0.7672601342201233,
17,47,0,0.6739673018455505,
17,48,0,0.7999402284622192,
17,49,0,0.7023378610610962,
17,50,0,0.8186443448066711,
17,51,0,0.8117285966873169,
17,52,0,0.8190532922744751,
17,53,0,0.792428195476532,
17,54,0,0.6951501965522766,
17,55,0,0.8054285049438477,
17,56,0,0.6294963359832764,
17,57,0,0.7435392737388611,
17,58,0,0.7470403909683228,
17,59,0,0.8264353275299072,
17,60,0,0.7904330492019653,
17,61,0,0.8223967552185059,
17,62,0,0.6587662696838379,
17,63,0,0.765687108039856,
17,64,0,0.7445915937423706,
17,65,0,0.7858633995056152,
17,66,0,0.6729305982589722,
17,67,0,0.7327626943588257,
17,68,0,0.7671111226081848,
17,69,0,0.8188954591751099,
17,70,0,0.6099835634231567,
17,71,0,0.7474900484085083,
17,72,0,0.7014793157577515,
17,73,0,0.7276746034622192,
17,74,0,0.7567264437675476,
17,75,0,0.7876875996589661,
17,76,0,0.7410081028938293,
17,77,0,0.8035665154457092,
17,78,0,0.7932454943656921,
17,79,0,0.6763356924057007,
17,80,0,0.7380819320678711,
17,81,0,0.7055350542068481,
17,82,0,0.7666106224060059,
17,83,0,0.7872108221054077,
17,84,0,0.8154972195625305,
17,85,0,0.8065950274467468,
17,86,0,0.7521815896034241,
17,87,0,0.7959732413291931,
17,88,0,0.7371993064880371,
17,89,0,0.7452422976493835,
17,90,0,0.8097049593925476,
17,91,0,0.6831947565078735,
17,92,0,0.7572405338287354,
17,93,0,0.8199450373649597,
17,94,0,0.7094618082046509,
17,95,0,0.598050594329834,
17,96,0,0.7770506143569946,
17,97,0,0.6340548992156982,
17,98,0,0.7929081320762634,
17,99,0,0.729341447353363,
17,100,0,0.7332122325897217,
17,101,0,0.7446756362915039,
17,102,0,0.6939315795898438,
17,103,0,0.7848038077354431,
17,104,0,0.7650622725486755,
17,105,0,0.7415460348129272,
17,106,0,0.6314307451248169,
17,107,0,0.6930720806121826,
17,108,0,0.7857401967048645,
17,109,0,0.7486904859542847,
17,110,0,0.8070612549781799,
17,111,0,0.8152035474777222,
17,112,0,0.5991071462631226,
17,113,0,0.7714049816131592,
17,114,0,0.750971794128418,
17,115,0,0.6676610112190247,
17,116,0,0.6583086252212524,
17,117,0,0.6379084587097168,
17,118,0,0.824504554271698,
17,119,0,0.7175718545913696,
17,120,0,0.788726270198822,
17,121,0,0.8084242343902588,
17,122,0,0.7138070464134216,
17,123,0,0.6437691450119019,
17,124,0,0.722028374671936,
17,125,0,0.6726245880126953,
17,126,0,0.7628089189529419,
17,127,0,0.6987367272377014,
17,128,0,0.7739659547805786,
17,129,0,0.723474383354187,
17,130,0,0.8074257969856262,
17,131,0,0.7862757444381714,
17,132,0,0.7033777236938477,
17,133,0,0.8065701723098755,
17,134,0,0.7048594951629639,
17,135,0,0.7289149165153503,
17,136,0,0.8185287117958069,
17,137,0,0.6852447986602783,
17,138,0,0.8241705894470215,
17,139,0,0.7605544328689575,
17,140,0,0.8032775521278381,
17,141,0,0.7189919948577881,
17,142,0,0.6549810171127319,
17,143,0,0.7114624977111816,
17,144,0,0.6853984594345093,
17,145,0,0.6614916920661926,
17,146,0,0.7699892520904541,
17,147,0,0.7709985971450806,
17,148,0,0.7531174421310425,
17,149,0,0.6387850046157837,
17,150,0,0.8098710775375366,
17,151,0,0.7280856966972351,
17,152,0,0.8167028427124023,
17,153,0,0.7435773611068726,
17,154,0,0.8260907530784607,
17,155,0,0.7464861869812012,
17,156,0,0.730010449886322,
17,157,0,0.7663089036941528,
17,158,0,0.6937177777290344,
17,159,0,0.6799430251121521,
17,160,0,0.7438611388206482,
17,161,0,0.7708595991134644,
17,162,0,0.7759391069412231,
17,163,0,0.814504861831665,
17,164,0,0.7587367296218872,
17,165,0,0.7384090423583984,
17,166,0,0.700887143611908,
17,167,0,0.8136727809906006,
17,168,0,0.6296338438987732,
17,169,0,0.6561461091041565,
17,170,0,0.742632269859314,
17,171,0,0.737666130065918,
17,172,0,0.7899352312088013,
17,173,0,0.6632853746414185,
17,174,0,0.6825491189956665,
17,175,0,0.7617899179458618,
17,176,0,0.8068895936012268,
17,177,0,0.8180151581764221,
17,178,0,0.7842222452163696,
17,179,0,0.7735303044319153,
17,180,0,0.8044174313545227,
17,181,0,0.7858186960220337,
17,182,0,0.7529261708259583,
17,183,0,0.6720180511474609,
17,184,0,0.8189786672592163,
17,185,0,0.7822296023368835,
17,186,0,0.7817440032958984,
17,187,0,0.8085571527481079,
17,188,0,0.7907776832580566,
17,189,0,0.7689538598060608,
17,190,0,0.6990025043487549,
17,191,0,0.6397984027862549,
17,192,0,0.66172194480896,
17,193,0,0.7997249364852905,
17,194,0,0.7883527874946594,
17,195,0,0.7717868089675903,
17,196,0,0.6269820928573608,
17,197,0,0.6090736389160156,
17,198,0,0.6945395469665527,
17,199,0,0.8140534162521362,
17,200,0,0.754464328289032,
17,201,0,0.7873998284339905,
17,202,0,0.8204118609428406,
17,203,0,0.8050997853279114,
17,204,0,0.8216414451599121,
17,205,0,0.7673954963684082,
17,206,0,0.6978379487991333,
17,207,0,0.6928980350494385,
17,208,0,0.8139813542366028,
17,209,0,0.7253748178482056,
17,210,0,0.8223026394844055,
17,211,0,0.7334997653961182,
17,212,0,0.731421709060669,
17,213,0,0.6979162693023682,
17,214,0,0.7977451086044312,
17,215,0,0.7131926417350769,
17,216,0,0.8059430122375488,
17,217,0,0.7891494035720825,
17,218,0,0.7310223579406738,
17,219,0,0.643492579460144,
17,220,0,0.6535464525222778,
17,221,0,0.7759715914726257,
17,222,0,0.6849889755249023,
17,223,0,0.62697833776474,
17,224,0,0.8195642232894897,
17,225,0,0.6151346564292908,
17,226,0,0.7296539545059204,
17,227,0,0.7558563947677612,
17,228,0,0.7534897923469543,
17,229,0,0.7993327379226685,
17,230,0,0.7550386190414429,
17,231,0,0.6501456499099731,
17,232,0,0.7198500633239746,
17,233,0,0.7844439744949341,
17,234,0,0.7299455404281616,
17,235,0,0.7024083137512207,
17,236,0,0.6473858952522278,
17,237,0,0.7143336534500122,
17,238,0,0.823675274848938,
17,239,0,0.8320725560188293,
17,240,0,0.762910783290863,
17,241,0,0.804602861404419,
17,242,0,0.7315111756324768,
17,243,0,0.7271890640258789,
17,244,0,0.7139711380004883,
17,245,0,0.7456198930740356,
17,246,0,0.8111749291419983,
17,247,0,0.78899085521698,
17,248,0,0.8100562691688538,
17,249,0,0.7314178943634033,
17,250,0,0.7610055208206177,
17,251,0,0.7663374543190002,
17,252,0,0.8112018704414368,
17,253,0,0.6739411354064941,
17,254,0,0.609000563621521,
17,255,0,0.7922918796539307,
17,256,0,0.7817752361297607,
17,257,0,0.8217202425003052,
17,258,0,0.7175252437591553,
17,259,0,0.8197154402732849,
17,260,0,0.6886152029037476,
17,261,0,0.6644710302352905,
17,262,0,0.6490899920463562,
17,263,0,0.779511570930481,
17,264,0,0.7527503371238708,
17,265,0,0.6658151149749756,
17,266,0,0.6534034609794617,
17,267,0,0.7947362661361694,
17,268,0,0.8172401189804077,
17,269,0,0.7752617597579956,
17,270,0,0.7841567993164062,
17,271,0,0.6487375497817993,
17,272,0,0.7771247625350952,
17,273,0,0.8124182820320129,
17,274,0,0.7793958783149719,
17,275,0,0.6030092239379883,
17,276,0,0.7882887125015259,
17,277,0,0.8053017854690552,
17,278,0,0.6635843515396118,
17,279,0,0.7640098333358765,
17,280,0,0.7739369869232178,
17,281,0,0.6871638298034668,
17,282,0,0.762316882610321,
17,283,0,0.7110049724578857,
17,284,0,0.6861509084701538,
17,285,0,0.7512456774711609,
17,286,0,0.7969750165939331,
17,287,0,0.752856433391571,
17,288,0,0.8054578304290771,
17,289,0,0.7214256525039673,
17,290,0,0.8180534839630127,
17,291,0,0.81918865442276,
17,292,0,0.7790073156356812,
17,293,0,0.6187993288040161,
17,294,0,0.7640843391418457,
17,295,0,0.6380503177642822,
17,296,0,0.6899552345275879,
17,297,0,0.8155962228775024,
17,298,0,0.6969965696334839,
17,299,0,0.7734485268592834,
17,300,0,0.6440638899803162,
17,301,0,0.7916123270988464,
17,302,0,0.7802462577819824,
17,303,0,0.8017261624336243,
17,304,0,0.7123578786849976,
17,305,0,0.769809365272522,
17,306,0,0.6190629005432129,
17,307,0,0.6323065757751465,
17,308,0,0.7712166905403137,
17,309,0,0.7005273699760437,
17,310,0,0.7415322065353394,
17,311,0,0.6925193071365356,
17,312,0,0.7502528429031372,
17,313,0,0.756227970123291,
17,314,0,0.7801517844200134,
17,315,0,0.7831517457962036,
17,316,0,0.7932213544845581,
17,317,0,0.8048324584960938,
17,318,0,0.8016236424446106,
17,319,0,0.8172401189804077,
17,320,0,0.6933645009994507,
17,321,0,0.6629427671432495,
17,322,0,0.8225294947624207,
17,323,0,0.827319860458374,
17,324,0,0.7387852668762207,
17,325,0,0.8225820064544678,
17,326,0,0.8103376626968384,
17,327,0,0.685462474822998,
17,328,0,0.6694735288619995,
17,329,0,0.6147935390472412,
17,330,0,0.7593521475791931,
17,331,0,0.7372890710830688,
17,332,0,0.7755197286605835,
17,333,0,0.7229487895965576,
17,334,0,0.7131553888320923,
17,335,0,0.7957977652549744,
17,336,0,0.7770141363143921,
17,337,0,0.6529898643493652,
17,338,0,0.7552602887153625,
17,339,0,0.7528939843177795,
17,340,0,0.7941832542419434,
17,341,0,0.7410962581634521,
17,342,0,0.7982933521270752,
17,343,0,0.8022920489311218,
17,344,0,0.7710721492767334,
17,345,0,0.6125208139419556,
17,346,0,0.695955753326416,
17,347,0,0.7865055799484253,
17,348,0,0.8227176666259766,
17,349,0,0.6980881690979004,
17,350,0,0.7259194850921631,
17,351,0,0.6941869258880615,
17,352,0,0.7744349837303162,
17,353,0,0.7191562056541443,
17,354,0,0.8182883262634277,
17,355,0,0.7022271156311035,
17,356,0,0.770686686038971,
17,357,0,0.7421967387199402,
17,358,0,0.7967715263366699,
17,359,0,0.78337562084198,
17,360,0,0.712936520576477,
17,361,0,0.6855953931808472,
17,362,0,0.7420617341995239,
17,363,0,0.76773601770401,
17,364,0,0.685227632522583,
17,365,0,0.6233466863632202,
17,366,0,0.6454468965530396,
17,367,0,0.6408495903015137,
17,368,0,0.7930961847305298,
17,369,0,0.8101218342781067,
17,370,0,0.7416042685508728,
17,371,0,0.7572357654571533,
17,372,0,0.7274661064147949,
17,373,0,0.7815538644790649,
17,374,0,0.726577639579773,
17,375,0,0.685489296913147,
17,376,0,0.7587894201278687,
17,377,0,0.8229056596755981,
17,378,0,0.646852433681488,
17,379,0,0.8166052103042603,
17,380,0,0.6160278916358948,
17,381,0,0.6376614570617676,
17,382,0,0.6634081602096558,
17,383,0,0.6427973508834839,
17,384,0,0.7983623743057251,
17,385,0,0.7990121841430664,
17,386,0,0.6883317232131958,
17,387,0,0.7251478433609009,
17,388,0,0.6463000774383545,
17,389,0,0.8195745348930359,
17,390,0,0.620954155921936,
17,391,0,0.739511251449585,
17,392,0,0.8233157396316528,
17,393,0,0.764008104801178,
17,394,0,0.7044991254806519,
17,395,0,0.7955213189125061,
17,396,0,0.7549395561218262,
17,397,0,0.7862129807472229,
17,398,0,0.8161166906356812,
17,399,0,0.7004978060722351,
17,400,0,0.8021923899650574,
17,401,0,0.6875258684158325,
17,402,0,0.760940432548523,
17,403,0,0.7882710695266724,
17,404,0,0.7261832356452942,
17,405,0,0.8154512643814087,
17,406,0,0.7082008719444275,
17,407,0,0.7288661003112793,
17,408,0,0.6348493099212646,
17,409,0,0.6688305735588074,
17,410,0,0.6735726594924927,
17,411,0,0.6416034698486328,
17,412,0,0.8249685764312744,
17,413,0,0.8025071024894714,
17,414,0,0.6493468284606934,
17,415,0,0.7668203711509705,
17,416,0,0.8329355716705322,
17,417,0,0.6624574661254883,
17,418,0,0.6295118927955627,
17,419,0,0.5914285182952881,
17,420,0,0.7272213697433472,
17,421,0,0.7963418960571289,
17,422,0,0.8111112117767334,
17,423,0,0.8072014451026917,
17,424,0,0.6848973631858826,
17,425,0,0.7679264545440674,
17,426,0,0.7836333513259888,
17,427,0,0.6888070106506348,
17,428,0,0.7402995824813843,
17,429,0,0.7903895974159241,
17,430,0,0.7849960923194885,
17,431,0,0.6751631498336792,
17,432,0,0.7951673269271851,
17,433,0,0.7542949914932251,
17,434,0,0.8177207112312317,
17,435,0,0.6267019510269165,
17,436,0,0.6926219463348389,
17,437,0,0.7058042287826538,
17,438,0,0.8093694448471069,
17,439,0,0.7284224033355713,
17,440,0,0.6440495252609253,
17,441,0,0.7576324343681335,
17,442,0,0.7350510358810425,
17,443,0,0.8083864450454712,
17,444,0,0.7748122215270996,
17,445,0,0.7724806070327759,
17,446,0,0.7746794819831848,
17,447,0,0.7584465742111206,
17,448,0,0.6397203207015991,
17,449,0,0.7590694427490234,
17,450,0,0.8149084448814392,
17,451,0,0.7453993558883667,
17,452,0,0.6753734350204468,
17,453,0,0.8174663186073303,
17,454,0,0.7780214548110962,
17,455,0,0.7565960884094238,
17,456,0,0.7833436727523804,
17,457,0,0.788515567779541,
17,458,0,0.7514641284942627,
17,459,0,0.6954457759857178,
17,460,0,0.7024118900299072,
17,461,0,0.6535009145736694,
17,462,0,0.7360331416130066,
17,463,0,0.7649708390235901,
17,464,0,0.7338054180145264,
17,465,0,0.6356569528579712,
17,466,0,0.7454044818878174,
17,467,0,0.7351459264755249,
17,468,0,0.7807402610778809,
17,469,0,0.8088893294334412,
17,470,0,0.6571029424667358,
17,471,0,0.7566510438919067,
17,472,0,0.6991232633590698,
17,473,0,0.7624715566635132,
17,474,0,0.7875503897666931,
17,475,0,0.8078503608703613,
17,476,0,0.7977558970451355,
17,477,0,0.6759847402572632,
17,478,0,0.8287976384162903,
17,479,0,0.8167892098426819,
17,480,0,0.6173675656318665,
17,481,0,0.7744260430335999,
17,482,0,0.6381900310516357,
17,483,0,0.7696408033370972,
17,484,0,0.7582927346229553,
17,485,0,0.749363899230957,
17,486,0,0.5982106924057007,
17,487,0,0.7690518498420715,
17,488,0,0.6758029460906982,
17,489,0,0.7413201332092285,
17,490,0,0.7466458082199097,
17,491,0,0.6568392515182495,
17,492,0,0.748089075088501,
17,493,0,0.8184216022491455,
17,494,0,0.7877421379089355,
17,495,0,0.7096195220947266,
17,496,0,0.7306444644927979,
17,497,0,0.7670438885688782,
17,498,0,0.7513371109962463,
17,499,0,0.6208916902542114,
17,500,0,0.6005376577377319,
17,501,0,0.7060601711273193,
17,502,0,0.6335200071334839,
17,503,0,0.7111884355545044,
17,504,0,0.7064436078071594,
17,505,0,0.77555251121521,
17,506,0,0.7454638481140137,
17,507,0,0.6863656044006348,
17,508,0,0.8039249181747437,
17,509,0,0.7478241920471191,
17,510,0,0.7492920160293579,
17,511,0,0.7664694786071777,
17,512,0,0.7178918123245239,
17,513,0,0.8061645030975342,
17,514,0,0.702721118927002,
17,515,0,0.6750267744064331,
17,516,0,0.6703377962112427,
17,517,0,0.6712546348571777,
17,518,0,0.7244911193847656,
17,519,0,0.7468206882476807,
17,520,0,0.6426733136177063,
17,521,0,0.6730968952178955,
17,522,0,0.7632225155830383,
17,523,0,0.8015003204345703,
17,524,0,0.7780601978302002,
17,525,0,0.7602580785751343,
17,526,0,0.7870135307312012,
17,527,0,0.7499781847000122,
17,528,0,0.765548586845398,
17,529,0,0.8018757104873657,
17,530,0,0.7603509426116943,
17,531,0,0.6384283304214478,
17,532,0,0.7764707207679749,
17,533,0,0.8265061974525452,
17,534,0,0.765518844127655,
17,535,0,0.685510516166687,
17,536,0,0.7468728423118591,
17,537,0,0.7795097231864929,
17,538,0,0.619410514831543,
17,539,0,0.7043617963790894,
17,540,0,0.7427136898040771,
17,541,0,0.8052104115486145,
17,542,0,0.7537528872489929,
17,543,0,0.6417063474655151,
17,544,0,0.6824158430099487,
17,545,0,0.6698393821716309,
17,546,0,0.7451158761978149,
17,547,0,0.770117461681366,
17,548,0,0.7275251150131226,
17,549,0,0.7787943482398987,
17,550,0,0.7363993525505066,
17,551,0,0.7394278049468994,
17,552,0,0.6488493084907532,
17,553,0,0.7463085055351257,
17,554,0,0.7261633276939392,
17,555,0,0.6861070394515991,
17,556,0,0.7313269376754761,
17,557,0,0.7547744512557983,
17,558,0,0.7567850351333618,
17,559,0,0.6261849403381348,
17,560,0,0.8004022240638733,
17,561,0,0.6926456689834595,
17,562,0,0.7797551155090332,
17,563,0,0.7804263830184937,
17,564,0,0.7143780589103699,
17,565,0,0.6848907470703125,
17,566,0,0.8284142017364502,
17,567,0,0.7143136262893677,
17,568,0,0.6370880603790283,
17,569,0,0.763498067855835,
17,570,0,0.66752028465271,
17,571,0,0.6937063932418823,
17,572,0,0.8195639252662659,
17,573,0,0.7530215382575989,
17,574,0,0.7965142726898193,
17,575,0,0.6123790144920349,
17,576,0,0.5962069034576416,
17,577,0,0.6718136072158813,
17,578,0,0.7765040397644043,
17,579,0,0.7905689477920532,
17,580,0,0.7830091118812561,
17,581,0,0.737613320350647,
17,582,0,0.7037962079048157,
17,583,0,0.7565443515777588,
17,584,0,0.7665899991989136,
17,585,0,0.738784670829773,
17,586,0,0.6569987535476685,
17,587,0,0.8173181414604187,
17,588,0,0.6864414811134338,
17,589,0,0.6868209838867188,
17,590,0,0.7900708317756653,
17,591,0,0.657315731048584,
17,592,0,0.8093797564506531,
17,593,0,0.664409339427948,
17,594,0,0.6457231044769287,
17,595,0,0.820101797580719,
17,596,0,0.808905839920044,
17,597,0,0.7133861780166626,
17,598,0,0.6250646114349365,
17,599,0,0.7836891412734985,
17,600,0,0.8150439858436584,
17,601,0,0.6393462419509888,
17,602,0,0.6948046684265137,
17,603,0,0.8192927837371826,
17,604,0,0.6742150783538818,
17,val,,,0.8070225413640341
18,0,0,0.7629720568656921,
18,1,0,0.8073536157608032,
18,2,0,0.6645110845565796,
18,3,0,0.7864831686019897,
18,4,0,0.748467206954956,
18,5,0,0.7876367568969727,
18,6,0,0.8194583654403687,
18,7,0,0.758879542350769,
18,8,0,0.8102519512176514,
18,9,0,0.8103471994400024,
18,10,0,0.735328197479248,
18,11,0,0.7657747268676758,
18,12,0,0.6711916327476501,
18,13,0,0.7765480279922485,
18,14,0,0.7604787349700928,
18,15,0,0.7369785308837891,
18,16,0,0.7346733808517456,
18,17,0,0.7732757925987244,
18,18,0,0.8165472149848938,
18,19,0,0.7468686103820801,
18,20,0,0.7821184992790222,
18,21,0,0.7684450149536133,
18,22,0,0.7500469088554382,
18,23,0,0.7725642323493958,
18,24,0,0.7789914011955261,
18,25,0,0.7064093351364136,
18,26,0,0.739624559879303,
18,27,0,0.7542507648468018,
18,28,0,0.749265193939209,
18,29,0,0.7741036415100098,
18,30,0,0.7660042643547058,
18,31,0,0.7389130592346191,
18,32,0,0.791483998298645,
18,33,0,0.7721350789070129,
18,34,0,0.7161058187484741,
18,35,0,0.7926937341690063,
18,36,0,0.7163754105567932,
18,37,0,0.7721818685531616,
18,38,0,0.7307111024856567,
18,39,0,0.7239943742752075,
18,40,0,0.7071334719657898,
18,41,0,0.7728366255760193,
18,42,0,0.7469482421875,
18,43,0,0.8169183731079102,
18,44,0,0.7253029346466064,
18,45,0,0.7691082954406738,
18,46,0,0.7709143757820129,
18,47,0,0.666985809803009,
18,48,0,0.7947114706039429,
18,49,0,0.6989202499389648,
18,50,0,0.816535234451294,
18,51,0,0.810201108455658,
18,52,0,0.8207298517227173,
18,53,0,0.7768684029579163,
18,54,0,0.6924062967300415,
18,55,0,0.8125976920127869,
18,56,0,0.6259920597076416,
18,57,0,0.7305843234062195,
18,58,0,0.7471338510513306,
18,59,0,0.8218516111373901,
18,60,0,0.7910412549972534,
18,61,0,0.8190073370933533,
18,62,0,0.6542401313781738,
18,63,0,0.7631374001502991,
18,64,0,0.7387892007827759,
18,65,0,0.7877031564712524,
18,66,0,0.6638416051864624,
18,67,0,0.7285176515579224,
18,68,0,0.7666798233985901,
18,69,0,0.819412887096405,
18,70,0,0.5992443561553955,
18,71,0,0.7339239120483398,
18,72,0,0.6889777183532715,
18,73,0,0.7220639586448669,
18,74,0,0.7529018521308899,
18,75,0,0.7858597040176392,
18,76,0,0.7424640655517578,
18,77,0,0.8019294142723083,
18,78,0,0.7820539474487305,
18,79,0,0.657468855381012,
18,80,0,0.7299927473068237,
18,81,0,0.7016937136650085,
18,82,0,0.7660878300666809,
18,83,0,0.7888466119766235,
18,84,0,0.8166152238845825,
18,85,0,0.7954614162445068,
18,86,0,0.7498980760574341,
18,87,0,0.8025873303413391,
18,88,0,0.7325450778007507,
18,89,0,0.7424142360687256,
18,90,0,0.8052552938461304,
18,91,0,0.6765069365501404,
18,92,0,0.7480655908584595,
18,93,0,0.8232187032699585,
18,94,0,0.7003011703491211,
18,95,0,0.5755983591079712,
18,96,0,0.7706348299980164,
18,97,0,0.6324158906936646,
18,98,0,0.7832316756248474,
18,99,0,0.7290900945663452,
18,100,0,0.7224160432815552,
18,101,0,0.736531138420105,
18,102,0,0.6891863346099854,
18,103,0,0.7817953824996948,
18,104,0,0.7513506412506104,
18,105,0,0.7323152422904968,
18,106,0,0.6234235763549805,
18,107,0,0.698798656463623,
18,108,0,0.7862995266914368,
18,109,0,0.7435173988342285,
18,110,0,0.804201066493988,
18,111,0,0.8103142976760864,
18,112,0,0.5860505104064941,
18,113,0,0.7690664529800415,
18,114,0,0.7539834976196289,
18,115,0,0.6579831838607788,
18,116,0,0.6476556062698364,
18,117,0,0.6327232122421265,
18,118,0,0.823938250541687,
18,119,0,0.7136739492416382,
18,120,0,0.791655421257019,
18,121,0,0.8050963878631592,
18,122,0,0.7021608352661133,
18,123,0,0.6254187822341919,
18,124,0,0.7171921730041504,
18,125,0,0.668612003326416,
18,126,0,0.7620382308959961,
18,127,0,0.6827783584594727,
18,128,0,0.779918909072876,
18,129,0,0.7154617309570312,
18,130,0,0.8118410706520081,
18,131,0,0.7809522151947021,
18,132,0,0.6922833323478699,
18,133,0,0.8069844841957092,
18,134,0,0.7005926370620728,
18,135,0,0.7257513999938965,
18,136,0,0.8179168105125427,
18,137,0,0.6745176315307617,
18,138,0,0.819999098777771,
18,139,0,0.7600294351577759,
18,140,0,0.7949002981185913,
18,141,0,0.7097301483154297,
18,142,0,0.6498366594314575,
18,143,0,0.7012404203414917,
18,144,0,0.6808130741119385,
18,145,0,0.6520589590072632,
18,146,0,0.7643228769302368,
18,147,0,0.7661296725273132,
18,148,0,0.7439844608306885,
18,149,0,0.641157865524292,
18,150,0,0.8014756441116333,
18,151,0,0.721828818321228,
18,152,0,0.8139217495918274,
18,153,0,0.7396188974380493,
18,154,0,0.8154900074005127,
18,155,0,0.7320106029510498,
18,156,0,0.7204113006591797,
18,157,0,0.7527496814727783,
18,158,0,0.6823021173477173,
18,159,0,0.6756885051727295,
18,160,0,0.7431254386901855,
18,161,0,0.7669322490692139,
18,162,0,0.7820908427238464,
18,163,0,0.8154317736625671,
18,164,0,0.7524434328079224,
18,165,0,0.7245783805847168,
18,166,0,0.6992063522338867,
18,167,0,0.809866726398468,
18,168,0,0.608016848564148,
18,169,0,0.6435178518295288,
18,170,0,0.736133337020874,
18,171,0,0.7322055101394653,
18,172,0,0.7846091985702515,
18,173,0,0.6658908724784851,
18,174,0,0.6762925982475281,
18,175,0,0.7578088641166687,
18,176,0,0.8092052936553955,
18,177,0,0.8199382424354553,
18,178,0,0.780055046081543,
18,179,0,0.7634658217430115,
18,180,0,0.8089336156845093,
18,181,0,0.7853206992149353,
18,182,0,0.7425359487533569,
18,183,0,0.6669583916664124,
18,184,0,0.8194892406463623,
18,185,0,0.781232476234436,
18,186,0,0.7753100395202637,
18,187,0,0.8031556010246277,
18,188,0,0.7803512215614319,
18,189,0,0.7580944299697876,
18,190,0,0.6886340379714966,
18,191,0,0.6415489912033081,
18,192,0,0.6500463485717773,
18,193,0,0.8012989163398743,
18,194,0,0.7824422121047974,
18,195,0,0.7682241201400757,
18,196,0,0.6199084520339966,
18,197,0,0.6005678176879883,
18,198,0,0.6937582492828369,
18,199,0,0.8120301961898804,
18,200,0,0.7515566945075989,
18,201,0,0.7815029621124268,
18,202,0,0.8172621726989746,
18,203,0,0.8069778084754944,
18,204,0,0.8231561183929443,
18,205,0,0.7664908766746521,
18,206,0,0.6924364566802979,
18,207,0,0.6883401870727539,
18,208,0,0.8119739294052124,
18,209,0,0.722614049911499,
18,210,0,0.8244889378547668,
18,211,0,0.7372100353240967,
18,212,0,0.7258164286613464,
18,213,0,0.6892503499984741,
18,214,0,0.8001307845115662,
18,215,0,0.7095545530319214,
18,216,0,0.8078844547271729,
18,217,0,0.7912514805793762,
18,218,0,0.7139703035354614,
18,219,0,0.6300535202026367,
18,220,0,0.6424890756607056,
18,221,0,0.7618385553359985,
18,222,0,0.6870614886283875,
18,223,0,0.613412618637085,
18,224,0,0.8161988258361816,
18,225,0,0.6058794260025024,
18,226,0,0.7277119755744934,
18,227,0,0.7365127801895142,
18,228,0,0.754352867603302,
18,229,0,0.799625813961029,
18,230,0,0.7531256675720215,
18,231,0,0.6379213333129883,
18,232,0,0.7142449021339417,
18,233,0,0.7806482315063477,
18,234,0,0.7190958261489868,
18,235,0,0.6970469951629639,
18,236,0,0.6309175491333008,
18,237,0,0.7099006175994873,
18,238,0,0.8266780376434326,
18,239,0,0.8310954570770264,
18,240,0,0.7588586807250977,
18,241,0,0.8006811738014221,
18,242,0,0.7181392908096313,
18,243,0,0.7151658535003662,
18,244,0,0.7055470943450928,
18,245,0,0.7419127225875854,
18,246,0,0.8062111139297485,
18,247,0,0.7790887951850891,
18,248,0,0.7986164689064026,
18,249,0,0.7261205911636353,
18,250,0,0.7520620226860046,
18,251,0,0.7695245146751404,
18,252,0,0.809011697769165,
18,253,0,0.6706010699272156,
18,254,0,0.5981631278991699,
18,255,0,0.790407121181488,
18,256,0,0.7808476686477661,
18,257,0,0.8166592121124268,
18,258,0,0.7146903276443481,
18,259,0,0.8245763778686523,
18,260,0,0.6772034168243408,
18,261,0,0.6557180285453796,
18,262,0,0.6358731985092163,
18,263,0,0.7718275785446167,
18,264,0,0.7456884384155273,
18,265,0,0.667656660079956,
18,266,0,0.6403744220733643,
18,267,0,0.7915794849395752,
18,268,0,0.8102087378501892,
18,269,0,0.7692444324493408,
18,270,0,0.7796874046325684,
18,271,0,0.6390137672424316,
18,272,0,0.7759475708007812,
18,273,0,0.8121877908706665,
18,274,0,0.7778371572494507,
18,275,0,0.6045856475830078,
18,276,0,0.7837663292884827,
18,277,0,0.8008804321289062,
18,278,0,0.6523452997207642,
18,279,0,0.7503949999809265,
18,280,0,0.7690703868865967,
18,281,0,0.6765362024307251,
18,282,0,0.759294867515564,
18,283,0,0.6935314536094666,
18,284,0,0.6790441274642944,
18,285,0,0.744106113910675,
18,286,0,0.8066840767860413,
18,287,0,0.7499806880950928,
18,288,0,0.8059122562408447,
18,289,0,0.7134460210800171,
18,290,0,0.8135244250297546,
18,291,0,0.8211445808410645,
18,292,0,0.7782880663871765,
18,293,0,0.6077398061752319,
18,294,0,0.7507686614990234,
18,295,0,0.6373119354248047,
18,296,0,0.6811084747314453,
18,297,0,0.8194581270217896,
18,298,0,0.6899791359901428,
18,299,0,0.7748331427574158,
18,300,0,0.6330505609512329,
18,301,0,0.785874605178833,
18,302,0,0.7769671082496643,
18,303,0,0.8009960055351257,
18,304,0,0.7081375122070312,
18,305,0,0.7666340470314026,
18,306,0,0.6165789365768433,
18,307,0,0.6336972713470459,
18,308,0,0.7693577408790588,
18,309,0,0.6976687908172607,
18,310,0,0.7426213026046753,
18,311,0,0.6805272102355957,
18,312,0,0.7463409304618835,
18,313,0,0.7506750822067261,
18,314,0,0.7774602770805359,
18,315,0,0.7862816452980042,
18,316,0,0.7964869737625122,
18,317,0,0.7978544235229492,
18,318,0,0.7967614531517029,
18,319,0,0.812245786190033,
18,320,0,0.6864421367645264,
18,321,0,0.6650377511978149,
18,322,0,0.8233996033668518,
18,323,0,0.8257454037666321,
18,324,0,0.7383965849876404,
18,325,0,0.8242298364639282,
18,326,0,0.8161398768424988,
18,327,0,0.6865240931510925,
18,328,0,0.6656193733215332,
18,329,0,0.601001501083374,
18,330,0,0.7600759267807007,
18,331,0,0.7280113697052002,
18,332,0,0.7714328169822693,
18,333,0,0.709160566329956,
18,334,0,0.7114344835281372,
18,335,0,0.8000859022140503,
18,336,0,0.7667133212089539,
18,337,0,0.6512879133224487,
18,338,0,0.7459863424301147,
18,339,0,0.7436554431915283,
18,340,0,0.787261962890625,
18,341,0,0.7412672638893127,
18,342,0,0.8042086362838745,
18,343,0,0.7983229160308838,
18,344,0,0.7675542235374451,
18,345,0,0.6100670099258423,
18,346,0,0.6785153746604919,
18,347,0,0.7823781967163086,
18,348,0,0.8216272592544556,
18,349,0,0.6925356388092041,
18,350,0,0.7154263257980347,
18,351,0,0.6907142400741577,
18,352,0,0.7684339284896851,
18,353,0,0.7209243774414062,
18,354,0,0.8190844655036926,
18,355,0,0.7041323184967041,
18,356,0,0.7623935341835022,
18,357,0,0.737820029258728,
18,358,0,0.7925795316696167,
18,359,0,0.7789333462715149,
18,360,0,0.7039599418640137,
18,361,0,0.6717501878738403,
18,362,0,0.7328011989593506,
18,363,0,0.7488467693328857,
18,364,0,0.6788397431373596,
18,365,0,0.6112865805625916,
18,366,0,0.6329682469367981,
18,367,0,0.6342496275901794,
18,368,0,0.785071611404419,
18,369,0,0.8145076632499695,
18,370,0,0.7370115518569946,
18,371,0,0.7487008571624756,
18,372,0,0.718580961227417,
18,373,0,0.7798377871513367,
18,374,0,0.7167558670043945,
18,375,0,0.6768547296524048,
18,376,0,0.7580744028091431,
18,377,0,0.822729229927063,
18,378,0,0.6373156905174255,
18,379,0,0.8165022134780884,
18,380,0,0.6090404987335205,
18,381,0,0.6310160160064697,
18,382,0,0.6468794345855713,
18,383,0,0.6293901205062866,
18,384,0,0.7969565391540527,
18,385,0,0.7866137027740479,
18,386,0,0.6933523416519165,
18,387,0,0.7238236665725708,
18,388,0,0.6300274729728699,
18,389,0,0.8229817152023315,
18,390,0,0.6192425489425659,
18,391,0,0.7318397760391235,
18,392,0,0.8138466477394104,
18,393,0,0.764946699142456,
18,394,0,0.6930723190307617,
18,395,0,0.796308159828186,
18,396,0,0.7532663345336914,
18,397,0,0.7883182764053345,
18,398,0,0.8194471001625061,
18,399,0,0.6975089311599731,
18,400,0,0.7990085482597351,
18,401,0,0.682266354560852,
18,402,0,0.7513189315795898,
18,403,0,0.7809672355651855,
18,404,0,0.7223610281944275,
18,405,0,0.814307689666748,
18,406,0,0.6947729587554932,
18,407,0,0.7244150042533875,
18,408,0,0.633058488368988,
18,409,0,0.6721747517585754,
18,410,0,0.669397234916687,
18,411,0,0.6203217506408691,
18,412,0,0.8248838186264038,
18,413,0,0.7982133030891418,
18,414,0,0.6430277824401855,
18,415,0,0.7574861645698547,
18,416,0,0.8373662829399109,
18,417,0,0.6566880941390991,
18,418,0,0.635435938835144,
18,419,0,0.5844709873199463,
18,420,0,0.728290855884552,
18,421,0,0.798801600933075,
18,422,0,0.8096776604652405,
18,423,0,0.8095029592514038,
18,424,0,0.6679823398590088,
18,425,0,0.7614225149154663,
18,426,0,0.7719442248344421,
18,427,0,0.6921448707580566,
18,428,0,0.7300758361816406,
18,429,0,0.7851390242576599,
18,430,0,0.78379225730896,
18,431,0,0.6658509969711304,
18,432,0,0.7899582982063293,
18,433,0,0.7525073885917664,
18,434,0,0.8180505633354187,
18,435,0,0.6216714382171631,
18,436,0,0.6870832443237305,
18,437,0,0.6962511539459229,
18,438,0,0.805194616317749,
18,439,0,0.7217432260513306,
18,440,0,0.6432573795318604,
18,441,0,0.7500622272491455,
18,442,0,0.7320750951766968,
18,443,0,0.8038644194602966,
18,444,0,0.7719348073005676,
18,445,0,0.7670786380767822,
18,446,0,0.7652280330657959,
18,447,0,0.745790421962738,
18,448,0,0.6333884000778198,
18,449,0,0.7636206150054932,
18,450,0,0.8076778650283813,
18,451,0,0.7399723529815674,
18,452,0,0.6706039309501648,
18,453,0,0.8143599629402161,
18,454,0,0.7726536989212036,
18,455,0,0.7510203123092651,
18,456,0,0.7881351113319397,
18,457,0,0.7903810143470764,
18,458,0,0.7466344833374023,
18,459,0,0.6926482915878296,
18,460,0,0.6977725625038147,
18,461,0,0.6525911092758179,
18,462,0,0.7416690587997437,
18,463,0,0.7566057443618774,
18,464,0,0.7449460029602051,
18,465,0,0.6214107275009155,
18,466,0,0.7410198450088501,
18,467,0,0.727028489112854,
18,468,0,0.7858639359474182,
18,469,0,0.8122382164001465,
18,470,0,0.6529335379600525,
18,471,0,0.7424095869064331,
18,472,0,0.6939870119094849,
18,473,0,0.7615255117416382,
18,474,0,0.7886078357696533,
18,475,0,0.8013524413108826,
18,476,0,0.7971428632736206,
18,477,0,0.6637219786643982,
18,478,0,0.8266571164131165,
18,479,0,0.8157544732093811,
18,480,0,0.6160440444946289,
18,481,0,0.7656750082969666,
18,482,0,0.6185547113418579,
18,483,0,0.762852668762207,
18,484,0,0.7495124340057373,
18,485,0,0.7438660860061646,
18,486,0,0.5780504941940308,
18,487,0,0.7694793939590454,
18,488,0,0.6701592206954956,
18,489,0,0.7434602975845337,
18,490,0,0.7371320724487305,
18,491,0,0.6482210159301758,
18,492,0,0.751205563545227,
18,493,0,0.8192595839500427,
18,494,0,0.7903455495834351,
18,495,0,0.70030677318573,
18,496,0,0.7201032042503357,
18,497,0,0.7610215544700623,
18,498,0,0.754239559173584,
18,499,0,0.6163527965545654,
18,500,0,0.5975882411003113,
18,501,0,0.7076289653778076,
18,502,0,0.642425537109375,
18,503,0,0.7015622854232788,
18,504,0,0.6830748319625854,
18,505,0,0.7710332870483398,
18,506,0,0.7487800121307373,
18,507,0,0.6880803108215332,
18,508,0,0.8029403686523438,
18,509,0,0.7415006160736084,
18,510,0,0.7435694932937622,
18,511,0,0.7569082975387573,
18,512,0,0.714134931564331,
18,513,0,0.8095505833625793,
18,514,0,0.6961643695831299,
18,515,0,0.6690905094146729,
18,516,0,0.6612812280654907,
18,517,0,0.6675599813461304,
18,518,0,0.7178449034690857,
18,519,0,0.7440447807312012,
18,520,0,0.638924241065979,
18,521,0,0.6632439494132996,
18,522,0,0.7659532427787781,
18,523,0,0.796798825263977,
18,524,0,0.7755269408226013,
18,525,0,0.7576716542243958,
18,526,0,0.7926642298698425,
18,527,0,0.7331832647323608,
18,528,0,0.7646670937538147,
18,529,0,0.7926599383354187,
18,530,0,0.7587496638298035,
18,531,0,0.6298513412475586,
18,532,0,0.7694619297981262,
18,533,0,0.8237244486808777,
18,534,0,0.7647562623023987,
18,535,0,0.6880080699920654,
18,536,0,0.7469028234481812,
18,537,0,0.7823877334594727,
18,538,0,0.6023156642913818,
18,539,0,0.6942489147186279,
18,540,0,0.7268589735031128,
18,541,0,0.8046220541000366,
18,542,0,0.7444299459457397,
18,543,0,0.6462956666946411,
18,544,0,0.6689695119857788,
18,545,0,0.6593878269195557,
18,546,0,0.7396440505981445,
18,547,0,0.7683389782905579,
18,548,0,0.7272830009460449,
18,549,0,0.7724469900131226,
18,550,0,0.7263773083686829,
18,551,0,0.736495852470398,
18,552,0,0.6283687353134155,
18,553,0,0.7575064897537231,
18,554,0,0.7230955362319946,
18,555,0,0.6796475648880005,
18,556,0,0.7189069390296936,
18,557,0,0.7444445490837097,
18,558,0,0.7593759298324585,
18,559,0,0.6213616728782654,
18,560,0,0.7950613498687744,
18,561,0,0.6818674802780151,
18,562,0,0.7750758528709412,
18,563,0,0.7687961459159851,
18,564,0,0.7053518295288086,
18,565,0,0.6749937534332275,
18,566,0,0.8269438147544861,
18,567,0,0.7055765390396118,
18,568,0,0.6312956809997559,
18,569,0,0.7676048278808594,
18,570,0,0.667998194694519,
18,571,0,0.6939526796340942,
18,572,0,0.8224753737449646,
18,573,0,0.7443506121635437,
18,574,0,0.7925984263420105,
18,575,0,0.6004608869552612,
18,576,0,0.5789129734039307,
18,577,0,0.6804742813110352,
18,578,0,0.7781887054443359,
18,579,0,0.7898976802825928,
18,580,0,0.7789309024810791,
18,581,0,0.7354921102523804,
18,582,0,0.6978785991668701,
18,583,0,0.749213695526123,
18,584,0,0.7660601139068604,
18,585,0,0.7381865978240967,
18,586,0,0.6463656425476074,
18,587,0,0.8119985461235046,
18,588,0,0.6802130937576294,
18,589,0,0.6726080179214478,
18,590,0,0.7884023785591125,
18,591,0,0.65461266040802,
18,592,0,0.8077121376991272,
18,593,0,0.6566316485404968,
18,594,0,0.6433765888214111,
18,595,0,0.8258471488952637,
18,596,0,0.8103851079940796,
18,597,0,0.7090901136398315,
18,598,0,0.6251964569091797,
18,599,0,0.7723250985145569,
18,600,0,0.8108717203140259,
18,601,0,0.6221045255661011,
18,602,0,0.6873034238815308,
18,603,0,0.8248206377029419,
18,604,0,0.6711363792419434,
18,val,,,0.807321105003357
19,0,0,0.7511102557182312,
19,1,0,0.8043137788772583,
19,2,0,0.646465539932251,
19,3,0,0.78826904296875,
19,4,0,0.7394068837165833,
19,5,0,0.7927443385124207,
19,6,0,0.8198595643043518,
19,7,0,0.744019627571106,
19,8,0,0.8096465468406677,
19,9,0,0.8100659251213074,
19,10,0,0.7236825227737427,
19,11,0,0.7634470462799072,
19,12,0,0.6626476645469666,
19,13,0,0.7724395990371704,
19,14,0,0.755378782749176,
19,15,0,0.7250722646713257,
19,16,0,0.7360708713531494,
19,17,0,0.7764566540718079,
19,18,0,0.8198710680007935,
19,19,0,0.7314989566802979,
19,20,0,0.7840099930763245,
19,21,0,0.7676304578781128,
19,22,0,0.7478159666061401,
19,23,0,0.7647312879562378,
19,24,0,0.778690755367279,
19,25,0,0.6964230537414551,
19,26,0,0.734298825263977,
19,27,0,0.741716742515564,
19,28,0,0.7423194646835327,
19,29,0,0.7737427949905396,
19,30,0,0.7646459341049194,
19,31,0,0.7340947389602661,
19,32,0,0.7897800803184509,
19,33,0,0.7602530717849731,
19,34,0,0.7011127471923828,
19,35,0,0.7919718027114868,
19,36,0,0.7039288878440857,
19,37,0,0.7593279480934143,
19,38,0,0.723272442817688,
19,39,0,0.7131285667419434,
19,40,0,0.6870453357696533,
19,41,0,0.7638823986053467,
19,42,0,0.7529170513153076,
19,43,0,0.811123251914978,
19,44,0,0.7163206934928894,
19,45,0,0.7608642578125,
19,46,0,0.7725362181663513,
19,47,0,0.6700939536094666,
19,48,0,0.796720027923584,
19,49,0,0.687735915184021,
19,50,0,0.8175783157348633,
19,51,0,0.8101843595504761,
19,52,0,0.8240806460380554,
19,53,0,0.7698317766189575,
19,54,0,0.6768490672111511,
19,55,0,0.810522198677063,
19,56,0,0.6165685653686523,
19,57,0,0.7257623672485352,
19,58,0,0.7443928122520447,
19,59,0,0.8216317892074585,
19,60,0,0.7958044409751892,
19,61,0,0.8200052976608276,
19,62,0,0.6399028301239014,
19,63,0,0.7626469731330872,
19,64,0,0.7394829988479614,
19,65,0,0.7851170897483826,
19,66,0,0.6587750911712646,
19,67,0,0.7199121713638306,
19,68,0,0.7593041658401489,
19,69,0,0.8223077058792114,
19,70,0,0.5884914398193359,
19,71,0,0.7423759698867798,
19,72,0,0.6808373928070068,
19,73,0,0.7169306874275208,
19,74,0,0.7527264356613159,
19,75,0,0.7850463390350342,
19,76,0,0.7375292181968689,
19,77,0,0.8013574481010437,
19,78,0,0.7805827856063843,
19,79,0,0.65947425365448,
19,80,0,0.7309458255767822,
19,81,0,0.6905646324157715,
19,82,0,0.7655364274978638,
19,83,0,0.7844550609588623,
19,84,0,0.8124515414237976,
19,85,0,0.7997850775718689,
19,86,0,0.7462368011474609,
19,87,0,0.8007931709289551,
19,88,0,0.7290154695510864,
19,89,0,0.7399666905403137,
19,90,0,0.8079409599304199,
19,91,0,0.669691801071167,
19,92,0,0.7473921179771423,
19,93,0,0.8237104415893555,
19,94,0,0.6921945810317993,
19,95,0,0.5774602890014648,
19,96,0,0.7635600566864014,
19,97,0,0.6270456910133362,
19,98,0,0.7879636287689209,
19,99,0,0.7194544076919556,
19,100,0,0.7103414535522461,
19,101,0,0.7299060821533203,
19,102,0,0.6784554719924927,
19,103,0,0.7814996242523193,
19,104,0,0.7492958903312683,
19,105,0,0.7252629995346069,
19,106,0,0.6006420254707336,
19,107,0,0.6830464601516724,
19,108,0,0.7822890281677246,
19,109,0,0.7378252744674683,
19,110,0,0.8032698035240173,
19,111,0,0.808273196220398,
19,112,0,0.577765941619873,
19,113,0,0.7681341171264648,
19,114,0,0.742734432220459,
19,115,0,0.6510165333747864,
19,116,0,0.6377285718917847,
19,117,0,0.6222109794616699,
19,118,0,0.8218956589698792,
19,119,0,0.7019374370574951,
19,120,0,0.7849881649017334,
19,121,0,0.8054079413414001,
19,122,0,0.6953999996185303,
19,123,0,0.6334187984466553,
19,124,0,0.7078988552093506,
19,125,0,0.656546413898468,
19,126,0,0.753258466720581,
19,127,0,0.6807092428207397,
19,128,0,0.7743079662322998,
19,129,0,0.7134937047958374,
19,130,0,0.808984637260437,
19,131,0,0.7835686802864075,
19,132,0,0.6844502687454224,
19,133,0,0.8019652366638184,
19,134,0,0.6934102773666382,
19,135,0,0.7086424827575684,
19,136,0,0.8107073903083801,
19,137,0,0.6701516509056091,
19,138,0,0.8177793025970459,
19,139,0,0.7589184641838074,
19,140,0,0.8030850887298584,
19,141,0,0.7065943479537964,
19,142,0,0.6363574266433716,
19,143,0,0.6993671655654907,
19,144,0,0.6659865379333496,
19,145,0,0.6385630369186401,
19,146,0,0.7524905204772949,
19,147,0,0.746440052986145,
19,148,0,0.7338271141052246,
19,149,0,0.6208212375640869,
19,150,0,0.8122768998146057,
19,151,0,0.7141202688217163,
19,152,0,0.8193591237068176,
19,153,0,0.7345837354660034,
19,154,0,0.8186794519424438,
19,155,0,0.7297400236129761,
19,156,0,0.7096918821334839,
19,157,0,0.7517843246459961,
19,158,0,0.6851968765258789,
19,159,0,0.6667733192443848,
19,160,0,0.733489453792572,
19,161,0,0.764003574848175,
19,162,0,0.7742667198181152,
19,163,0,0.8130133748054504,
19,164,0,0.7502305507659912,
19,165,0,0.7237326502799988,
19,166,0,0.6865494251251221,
19,167,0,0.811021089553833,
19,168,0,0.6108424663543701,
19,169,0,0.6370153427124023,
19,170,0,0.7322885394096375,
19,171,0,0.7242457270622253,
19,172,0,0.7837361097335815,
19,173,0,0.6558231711387634,
19,174,0,0.6727028489112854,
19,175,0,0.7538271546363831,
19,176,0,0.8179120421409607,
19,177,0,0.8231458067893982,
19,178,0,0.7814613580703735,
19,179,0,0.7628735899925232,
19,180,0,0.8068740367889404,
19,181,0,0.7770072817802429,
19,182,0,0.734477162361145,
19,183,0,0.6566139459609985,
19,184,0,0.8188279867172241,
19,185,0,0.777249276638031,
19,186,0,0.7821131944656372,
19,187,0,0.8016696572303772,
19,188,0,0.7737518548965454,
19,189,0,0.7553922533988953,
19,190,0,0.6730213165283203,
19,191,0,0.6293157339096069,
19,192,0,0.6423688530921936,
19,193,0,0.7979809045791626,
19,194,0,0.7871019840240479,
19,195,0,0.7581892013549805,
19,196,0,0.6171177625656128,
19,197,0,0.5873039960861206,
19,198,0,0.6925908923149109,
19,199,0,0.8095915913581848,
19,200,0,0.7543739676475525,
19,201,0,0.7933146357536316,
19,202,0,0.8135555386543274,
19,203,0,0.8062379956245422,
19,204,0,0.8263932466506958,
19,205,0,0.7632402777671814,
19,206,0,0.6814493536949158,
19,207,0,0.6856149435043335,
19,208,0,0.8104888796806335,
19,209,0,0.7137624025344849,
19,210,0,0.825890064239502,
19,211,0,0.7340977191925049,
19,212,0,0.7277535200119019,
19,213,0,0.683207631111145,
19,214,0,0.7993100881576538,
19,215,0,0.7035146951675415,
19,216,0,0.8084270358085632,
19,217,0,0.7834620475769043,
19,218,0,0.7101505994796753,
19,219,0,0.6302117109298706,
19,220,0,0.6396965980529785,
19,221,0,0.7538682222366333,
19,222,0,0.6629859209060669,
19,223,0,0.599543571472168,
19,224,0,0.8174156546592712,
19,225,0,0.6064246296882629,
19,226,0,0.7174770832061768,
19,227,0,0.734001874923706,
19,228,0,0.744166374206543,
19,229,0,0.8014047741889954,
19,230,0,0.7506836652755737,
19,231,0,0.6340997219085693,
19,232,0,0.7021702527999878,
19,233,0,0.7844006419181824,
19,234,0,0.721603274345398,
19,235,0,0.6925125122070312,
19,236,0,0.6176612377166748,
19,237,0,0.7063455581665039,
19,238,0,0.8271024823188782,
19,239,0,0.8309735059738159,
19,240,0,0.7581084370613098,
19,241,0,0.8016572594642639,
19,242,0,0.7170045375823975,
19,243,0,0.7083456516265869,
19,244,0,0.7048890590667725,
19,245,0,0.7261170744895935,
19,246,0,0.8074638843536377,
19,247,0,0.7807862758636475,
19,248,0,0.8000560998916626,
19,249,0,0.7159256339073181,
19,250,0,0.753556489944458,
19,251,0,0.765696108341217,
19,252,0,0.8152408599853516,
19,253,0,0.662592351436615,
19,254,0,0.5829240679740906,
19,255,0,0.7849990725517273,
19,256,0,0.7783597111701965,
19,257,0,0.8198210000991821,
19,258,0,0.7049922943115234,
19,259,0,0.8205353617668152,
19,260,0,0.6748966574668884,
19,261,0,0.6487401723861694,
19,262,0,0.635586142539978,
19,263,0,0.768588662147522,
19,264,0,0.747490644454956,
19,265,0,0.6592787504196167,
19,266,0,0.6412632465362549,
19,267,0,0.794137716293335,
19,268,0,0.8141264915466309,
19,269,0,0.7727842926979065,
19,270,0,0.7817707061767578,
19,271,0,0.6249160766601562,
19,272,0,0.7708398103713989,
19,273,0,0.8127045631408691,
19,274,0,0.7751331925392151,
19,275,0,0.5926542282104492,
19,276,0,0.7795759439468384,
19,277,0,0.8010420799255371,
19,278,0,0.6488349437713623,
19,279,0,0.7599189877510071,
19,280,0,0.7659775614738464,
19,281,0,0.6781055927276611,
19,282,0,0.754260778427124,
19,283,0,0.6960088610649109,
19,284,0,0.6729828119277954,
19,285,0,0.7389791011810303,
19,286,0,0.799294650554657,
19,287,0,0.7457379102706909,
19,288,0,0.8124495148658752,
19,289,0,0.7121555805206299,
19,290,0,0.8132486343383789,
19,291,0,0.8203705549240112,
19,292,0,0.7667938470840454,
19,293,0,0.603122889995575,
19,294,0,0.7457383871078491,
19,295,0,0.6267231702804565,
19,296,0,0.6841333508491516,
19,297,0,0.8188008069992065,
19,298,0,0.6817483901977539,
19,299,0,0.7753949761390686,
19,300,0,0.6268972158432007,
19,301,0,0.7852195501327515,
19,302,0,0.7752305269241333,
19,303,0,0.8023121356964111,
19,304,0,0.6988586187362671,
19,305,0,0.7646903395652771,
19,306,0,0.61567223072052,
19,307,0,0.6196022629737854,
19,308,0,0.7640087604522705,
19,309,0,0.6901705265045166,
19,310,0,0.7350381016731262,
19,311,0,0.6748334169387817,
19,312,0,0.7416911125183105,
19,313,0,0.7431660890579224,
19,314,0,0.7725315093994141,
19,315,0,0.7812369465827942,
19,316,0,0.7953530550003052,
19,317,0,0.7994799613952637,
19,318,0,0.7930865287780762,
19,319,0,0.818982720375061,
19,320,0,0.6722297668457031,
19,321,0,0.671768307685852,
19,322,0,0.821617603302002,
19,323,0,0.8249744176864624,
19,324,0,0.7253082990646362,
19,325,0,0.820804238319397,
19,326,0,0.8168767690658569,
19,327,0,0.6748590469360352,
19,328,0,0.6657425761222839,
19,329,0,0.5968886613845825,
19,330,0,0.7555409669876099,
19,331,0,0.7293578386306763,
19,332,0,0.775070071220398,
19,333,0,0.7093216776847839,
19,334,0,0.6994103193283081,
19,335,0,0.8002709150314331,
19,336,0,0.7620214223861694,
19,337,0,0.6467609405517578,
19,338,0,0.7512960433959961,
19,339,0,0.7294249534606934,
19,340,0,0.7998343110084534,
19,341,0,0.7396055459976196,
19,342,0,0.8001929521560669,
19,343,0,0.7955052852630615,
19,344,0,0.7565881013870239,
19,345,0,0.6076078414916992,
19,346,0,0.6752873659133911,
19,347,0,0.7834627628326416,
19,348,0,0.8209664821624756,
19,349,0,0.6700237989425659,
19,350,0,0.7158730030059814,
19,351,0,0.6917712092399597,
19,352,0,0.7686144113540649,
19,353,0,0.7048497200012207,
19,354,0,0.8183485865592957,
19,355,0,0.6951131820678711,
19,356,0,0.7579976320266724,
19,357,0,0.7186805009841919,
19,358,0,0.7924696207046509,
19,359,0,0.77964848279953,
19,360,0,0.7064486742019653,
19,361,0,0.6730233430862427,
19,362,0,0.7332578301429749,
19,363,0,0.7464289665222168,
19,364,0,0.6657334566116333,
19,365,0,0.6107161045074463,
19,366,0,0.633521318435669,
19,367,0,0.6218669414520264,
19,368,0,0.7865746021270752,
19,369,0,0.8118380308151245,
19,370,0,0.7271809577941895,
19,371,0,0.7402434349060059,
19,372,0,0.7120729684829712,
19,373,0,0.7731621861457825,
19,374,0,0.7160028219223022,
19,375,0,0.672747015953064,
19,376,0,0.7461989521980286,
19,377,0,0.8158071041107178,
19,378,0,0.6440367102622986,
19,379,0,0.8117826581001282,
19,380,0,0.5957531929016113,
19,381,0,0.6266810297966003,
19,382,0,0.6401480436325073,
19,383,0,0.6219193339347839,
19,384,0,0.7992492914199829,
19,385,0,0.7876682281494141,
19,386,0,0.6733728647232056,
19,387,0,0.7167670726776123,
19,388,0,0.6264064908027649,
19,389,0,0.8171858787536621,
19,390,0,0.5992588996887207,
19,391,0,0.7232879400253296,
19,392,0,0.8189307451248169,
19,393,0,0.7560234665870667,
19,394,0,0.6859722137451172,
19,395,0,0.7986530661582947,
19,396,0,0.7495874762535095,
19,397,0,0.7883558869361877,
19,398,0,0.811287522315979,
19,399,0,0.6999144554138184,
19,400,0,0.7986567616462708,
19,401,0,0.6769866943359375,
19,402,0,0.7515574097633362,
19,403,0,0.7810985445976257,
19,404,0,0.7139696478843689,
19,405,0,0.8157097101211548,
19,406,0,0.6932065486907959,
19,407,0,0.7232044339179993,
19,408,0,0.6163365840911865,
19,409,0,0.6674015522003174,
19,410,0,0.6472641825675964,
19,411,0,0.624210000038147,
19,412,0,0.8285507559776306,
19,413,0,0.7998006939888,
19,414,0,0.6365435123443604,
19,415,0,0.7576485872268677,
19,416,0,0.8347519636154175,
19,417,0,0.6468663215637207,
19,418,0,0.6306453943252563,
19,419,0,0.5831301212310791,
19,420,0,0.7182462215423584,
19,421,0,0.796283483505249,
19,422,0,0.8065965175628662,
19,423,0,0.8115220665931702,
19,424,0,0.6595026850700378,
19,425,0,0.7573903799057007,
19,426,0,0.7671257257461548,
19,427,0,0.6894112825393677,
19,428,0,0.7326363325119019,
19,429,0,0.7814692258834839,
19,430,0,0.7838762998580933,
19,431,0,0.6538912057876587,
19,432,0,0.7899482846260071,
19,433,0,0.7454142570495605,
19,434,0,0.8132495880126953,
19,435,0,0.6165434122085571,
19,436,0,0.6679894924163818,
19,437,0,0.6864766478538513,
19,438,0,0.8068317174911499,
19,439,0,0.7171812057495117,
19,440,0,0.6399393081665039,
19,441,0,0.741264820098877,
19,442,0,0.7232652306556702,
19,443,0,0.8020228743553162,
19,444,0,0.7727363109588623,
19,445,0,0.7593733072280884,
19,446,0,0.7581424117088318,
19,447,0,0.7526057958602905,
19,448,0,0.623748779296875,
19,449,0,0.7565022706985474,
19,450,0,0.8138670325279236,
19,451,0,0.7483565211296082,
19,452,0,0.6639573574066162,
19,453,0,0.8126639723777771,
19,454,0,0.7652978897094727,
19,455,0,0.7500429749488831,
19,456,0,0.7869212627410889,
19,457,0,0.7775803208351135,
19,458,0,0.740108847618103,
19,459,0,0.6735838651657104,
19,460,0,0.6881091594696045,
19,461,0,0.641486644744873,
19,462,0,0.7332179546356201,
19,463,0,0.7598535418510437,
19,464,0,0.7325615286827087,
19,465,0,0.6193302869796753,
19,466,0,0.7281005382537842,
19,467,0,0.7298325300216675,
19,468,0,0.7816823720932007,
19,469,0,0.805989146232605,
19,470,0,0.6394819021224976,
19,471,0,0.743067741394043,
19,472,0,0.6884951591491699,
19,473,0,0.7563419342041016,
19,474,0,0.7819443941116333,
19,475,0,0.7990442514419556,
19,476,0,0.7889713644981384,
19,477,0,0.6565443277359009,
19,478,0,0.8236815333366394,
19,479,0,0.8106705546379089,
19,480,0,0.6188867092132568,
19,481,0,0.7688900232315063,
19,482,0,0.6082942485809326,
19,483,0,0.7583383917808533,
19,484,0,0.7443181276321411,
19,485,0,0.7443227767944336,
19,486,0,0.5802916288375854,
19,487,0,0.7487915754318237,
19,488,0,0.6610431671142578,
19,489,0,0.7351535558700562,
19,490,0,0.744878888130188,
19,491,0,0.6385146379470825,
19,492,0,0.7361983060836792,
19,493,0,0.8199566602706909,
19,494,0,0.7827128171920776,
19,495,0,0.6930670738220215,
19,496,0,0.7169990539550781,
19,497,0,0.7583509683609009,
19,498,0,0.7517075538635254,
19,499,0,0.6095389723777771,
19,500,0,0.5871167182922363,
19,501,0,0.6953698396682739,
19,502,0,0.6170952320098877,
19,503,0,0.6857278347015381,
19,504,0,0.6786727905273438,
19,505,0,0.7678356766700745,
19,506,0,0.7359790802001953,
19,507,0,0.6872766017913818,
19,508,0,0.8086163997650146,
19,509,0,0.7403887510299683,
19,510,0,0.726967453956604,
19,511,0,0.7554847002029419,
19,512,0,0.7121162414550781,
19,513,0,0.7998153567314148,
19,514,0,0.6859216690063477,
19,515,0,0.6476380825042725,
19,516,0,0.6534252166748047,
19,517,0,0.6565597057342529,
19,518,0,0.7134326696395874,
19,519,0,0.7412666082382202,
19,520,0,0.6284492015838623,
19,521,0,0.657340407371521,
19,522,0,0.7621056437492371,
19,523,0,0.7958940267562866,
19,524,0,0.7706038355827332,
19,525,0,0.7455809116363525,
19,526,0,0.7866833806037903,
19,527,0,0.7330739498138428,
19,528,0,0.757541835308075,
19,529,0,0.796177864074707,
19,530,0,0.7546377182006836,
19,531,0,0.6133104562759399,
19,532,0,0.7612034678459167,
19,533,0,0.8258134126663208,
19,534,0,0.7649246454238892,
19,535,0,0.6746832132339478,
19,536,0,0.7375718951225281,
19,537,0,0.7879893183708191,
19,538,0,0.6025199294090271,
19,539,0,0.6882818937301636,
19,540,0,0.7259320616722107,
19,541,0,0.8011664748191833,
19,542,0,0.7465286254882812,
19,543,0,0.6333543658256531,
19,544,0,0.6702584028244019,
19,545,0,0.656064510345459,
19,546,0,0.7334898710250854,
19,547,0,0.7658257484436035,
19,548,0,0.7227756977081299,
19,549,0,0.7731314301490784,
19,550,0,0.7259535789489746,
19,551,0,0.7290846109390259,
19,552,0,0.6241958141326904,
19,553,0,0.7435035705566406,
19,554,0,0.714047908782959,
19,555,0,0.6773344278335571,
19,556,0,0.7141857743263245,
19,557,0,0.7443360090255737,
19,558,0,0.7538486123085022,
19,559,0,0.6197197437286377,
19,560,0,0.7945113778114319,
19,561,0,0.6795533895492554,
19,562,0,0.7797876596450806,
19,563,0,0.7739132642745972,
19,564,0,0.7064095735549927,
19,565,0,0.6733461618423462,
19,566,0,0.8214779496192932,
19,567,0,0.6983040571212769,
19,568,0,0.6235677003860474,
19,569,0,0.7565697431564331,
19,570,0,0.6623518466949463,
19,571,0,0.6756960153579712,
19,572,0,0.8174595832824707,
19,573,0,0.742933988571167,
19,574,0,0.7957435250282288,
19,575,0,0.5943765640258789,
19,576,0,0.5856621265411377,
19,577,0,0.6652480363845825,
19,578,0,0.7786864042282104,
19,579,0,0.7900766134262085,
19,580,0,0.7763593792915344,
19,581,0,0.7297520637512207,
19,582,0,0.6894642114639282,
19,583,0,0.7489993572235107,
19,584,0,0.7640053033828735,
19,585,0,0.7327836751937866,
19,586,0,0.6414327621459961,
19,587,0,0.8148177266120911,
19,588,0,0.6660583019256592,
19,589,0,0.6786159873008728,
19,590,0,0.7833812236785889,
19,591,0,0.647716760635376,
19,592,0,0.8051536083221436,
19,593,0,0.6469272971153259,
19,594,0,0.6345124244689941,
19,595,0,0.8148351907730103,
19,596,0,0.8066380023956299,
19,597,0,0.6969338655471802,
19,598,0,0.5972877740859985,
19,599,0,0.7683464884757996,
19,600,0,0.8122255802154541,
19,601,0,0.6131039261817932,
19,602,0,0.678480863571167,
19,603,0,0.8219693303108215,
19,604,0,0.6567819714546204,
19,val,,,0.8087924806276957
20,0,0,0.7464906573295593,
20,1,0,0.805734395980835,
20,2,0,0.6443825960159302,
20,3,0,0.7797003984451294,
20,4,0,0.733802318572998,
20,5,0,0.7940056324005127,
20,6,0,0.8209683299064636,
20,7,0,0.7428760528564453,
20,8,0,0.803989827632904,
20,9,0,0.8134555220603943,
20,10,0,0.7301961183547974,
20,11,0,0.7625719308853149,
20,12,0,0.6609815359115601,
20,13,0,0.770492434501648,
20,14,0,0.7545815110206604,
20,15,0,0.7204838991165161,
20,16,0,0.7180392742156982,
20,17,0,0.7685478329658508,
20,18,0,0.8137564659118652,
20,19,0,0.7341902256011963,
20,20,0,0.7733802199363708,
20,21,0,0.7595841884613037,
20,22,0,0.7512814402580261,
20,23,0,0.761743426322937,
20,24,0,0.779991626739502,
20,25,0,0.6898006796836853,
20,26,0,0.7234117984771729,
20,27,0,0.7363088130950928,
20,28,0,0.738971471786499,
20,29,0,0.7646956443786621,
20,30,0,0.7623940110206604,
20,31,0,0.7228584885597229,
20,32,0,0.7891022562980652,
20,33,0,0.7583626508712769,
20,34,0,0.7008662223815918,
20,35,0,0.7917520403862,
20,36,0,0.705085277557373,
20,37,0,0.7596157789230347,
20,38,0,0.719042181968689,
20,39,0,0.7041205167770386,
20,40,0,0.6849710941314697,
20,41,0,0.7614063620567322,
20,42,0,0.7430073618888855,
20,43,0,0.812838077545166,
20,44,0,0.7084946632385254,
20,45,0,0.7644022107124329,
20,46,0,0.772246241569519,
20,47,0,0.64935302734375,
20,48,0,0.8045396208763123,
20,49,0,0.6796825528144836,
20,50,0,0.8198689222335815,
20,51,0,0.8014782667160034,
20,52,0,0.8172023892402649,
20,53,0,0.7659353613853455,
20,54,0,0.6665568351745605,
20,55,0,0.809185266494751,
20,56,0,0.608176589012146,
20,57,0,0.7197656631469727,
20,58,0,0.7347466945648193,
20,59,0,0.8241018056869507,
20,60,0,0.7968471646308899,
20,61,0,0.8204824328422546,
20,62,0,0.6392903327941895,
20,63,0,0.7569882273674011,
20,64,0,0.7368773818016052,
20,65,0,0.780411422252655,
20,66,0,0.6533976793289185,
20,67,0,0.7105737924575806,
20,68,0,0.7603217363357544,
20,69,0,0.8176645636558533,
20,70,0,0.5873951315879822,
20,71,0,0.7301275134086609,
20,72,0,0.6715404987335205,
20,73,0,0.7111791372299194,
20,74,0,0.7501161098480225,
20,75,0,0.7834430932998657,
20,76,0,0.7371323108673096,
20,77,0,0.8077428936958313,
20,78,0,0.7771408557891846,
20,79,0,0.652047872543335,
20,80,0,0.7283403277397156,
20,81,0,0.6861851215362549,
20,82,0,0.7543653249740601,
20,83,0,0.779629647731781,
20,84,0,0.8149132132530212,
20,85,0,0.7960560321807861,
20,86,0,0.7491249442100525,
20,87,0,0.7910757660865784,
20,88,0,0.7264406681060791,
20,89,0,0.7281475067138672,
20,90,0,0.8043990135192871,
20,91,0,0.6548773050308228,
20,92,0,0.736461877822876,
20,93,0,0.8138450384140015,
20,94,0,0.692548394203186,
20,95,0,0.571478009223938,
20,96,0,0.7659127712249756,
20,97,0,0.6152366399765015,
20,98,0,0.7866963744163513,
20,99,0,0.7151467800140381,
20,100,0,0.70354163646698,
20,101,0,0.7154279947280884,
20,102,0,0.6749380230903625,
20,103,0,0.7723554372787476,
20,104,0,0.7459914684295654,
20,105,0,0.715909481048584,
20,106,0,0.6033562421798706,
20,107,0,0.6806665658950806,
20,108,0,0.7806192636489868,
20,109,0,0.7374374270439148,
20,110,0,0.8009185791015625,
20,111,0,0.8028305768966675,
20,112,0,0.571894645690918,
20,113,0,0.7658129334449768,
20,114,0,0.7430866360664368,
20,115,0,0.6579930782318115,
20,116,0,0.6326562762260437,
20,117,0,0.6175650358200073,
20,118,0,0.8220372200012207,
20,119,0,0.7012776136398315,
20,120,0,0.7825964093208313,
20,121,0,0.8066612482070923,
20,122,0,0.6883373856544495,
20,123,0,0.6159141659736633,
20,124,0,0.7064435482025146,
20,125,0,0.6542537212371826,
20,126,0,0.7476675510406494,
20,127,0,0.6762975454330444,
20,128,0,0.7739616632461548,
20,129,0,0.7072577476501465,
20,130,0,0.8077471256256104,
20,131,0,0.7813796997070312,
20,132,0,0.6829912662506104,
20,133,0,0.8059220314025879,
20,134,0,0.6801435947418213,
20,135,0,0.6952170133590698,
20,136,0,0.8076121807098389,
20,137,0,0.655454158782959,
20,138,0,0.8206838965415955,
20,139,0,0.7537829875946045,
20,140,0,0.7989829778671265,
20,141,0,0.6928455829620361,
20,142,0,0.6411092281341553,
20,143,0,0.6917259693145752,
20,144,0,0.6597433090209961,
20,145,0,0.6226931810379028,
20,146,0,0.7532269358634949,
20,147,0,0.7402231693267822,
20,148,0,0.7313758730888367,
20,149,0,0.6138100624084473,
20,150,0,0.8130247592926025,
20,151,0,0.7116403579711914,
20,152,0,0.8119609355926514,
20,153,0,0.7291728258132935,
20,154,0,0.8161674737930298,
20,155,0,0.7216302752494812,
20,156,0,0.704100489616394,
20,157,0,0.7445672750473022,
20,158,0,0.6647233366966248,
20,159,0,0.657497763633728,
20,160,0,0.7288408279418945,
20,161,0,0.7581125497817993,
20,162,0,0.7819607853889465,
20,163,0,0.8123721480369568,
20,164,0,0.7497028112411499,
20,165,0,0.7161403894424438,
20,166,0,0.6910362243652344,
20,167,0,0.8106101751327515,
20,168,0,0.5916344523429871,
20,169,0,0.6278800964355469,
20,170,0,0.7243982553482056,
20,171,0,0.725196123123169,
20,172,0,0.7668905854225159,
20,173,0,0.6439079642295837,
20,174,0,0.6713571548461914,
20,175,0,0.7474615573883057,
20,176,0,0.8153662085533142,
20,177,0,0.8294937014579773,
20,178,0,0.7725602984428406,
20,179,0,0.7625867128372192,
20,180,0,0.8079160451889038,
20,181,0,0.7807472944259644,
20,182,0,0.7247747778892517,
20,183,0,0.6466519236564636,
20,184,0,0.8230881690979004,
20,185,0,0.7706591486930847,
20,186,0,0.7760769128799438,
20,187,0,0.8022484183311462,
20,188,0,0.7751122117042542,
20,189,0,0.7457218170166016,
20,190,0,0.674653947353363,
20,191,0,0.6228054761886597,
20,192,0,0.6305696368217468,
20,193,0,0.8029294013977051,
20,194,0,0.7941855192184448,
20,195,0,0.7620673179626465,
20,196,0,0.6084671020507812,
20,197,0,0.5773650407791138,
20,198,0,0.679112434387207,
20,199,0,0.8107702732086182,
20,200,0,0.7471343278884888,
20,201,0,0.7822169661521912,
20,202,0,0.8099466562271118,
20,203,0,0.8028269410133362,
20,204,0,0.8238683342933655,
20,205,0,0.751140832901001,
20,206,0,0.6765558123588562,
20,207,0,0.6823384165763855,
20,208,0,0.8205759525299072,
20,209,0,0.7167964577674866,
20,210,0,0.8221709132194519,
20,211,0,0.7382177710533142,
20,212,0,0.721420407295227,
20,213,0,0.6704244613647461,
20,214,0,0.7947584390640259,
20,215,0,0.6952929496765137,
20,216,0,0.8088792562484741,
20,217,0,0.7883747220039368,
20,218,0,0.7038463354110718,
20,219,0,0.6202512979507446,
20,220,0,0.627223014831543,
20,221,0,0.760047197341919,
20,222,0,0.6623445749282837,
20,223,0,0.5991244316101074,
20,224,0,0.8137216567993164,
20,225,0,0.5960032939910889,
20,226,0,0.7142773866653442,
20,227,0,0.7318986654281616,
20,228,0,0.7336300611495972,
20,229,0,0.8061890602111816,
20,230,0,0.7414674758911133,
20,231,0,0.6202584505081177,
20,232,0,0.6954684257507324,
20,233,0,0.7811596989631653,
20,234,0,0.709705114364624,
20,235,0,0.6812307834625244,
20,236,0,0.622717022895813,
20,237,0,0.7072153091430664,
20,238,0,0.8303597569465637,
20,239,0,0.8323273062705994,
20,240,0,0.7585346698760986,
20,241,0,0.7972660660743713,
20,242,0,0.7017503976821899,
20,243,0,0.7011617422103882,
20,244,0,0.7123465538024902,
20,245,0,0.7258287668228149,
20,246,0,0.8041426539421082,
20,247,0,0.7875747680664062,
20,248,0,0.8055605888366699,
20,249,0,0.7139664888381958,
20,250,0,0.7444323897361755,
20,251,0,0.7475124597549438,
20,252,0,0.8157168030738831,
20,253,0,0.6635652780532837,
20,254,0,0.5785696506500244,
20,255,0,0.7825841307640076,
20,256,0,0.7667566537857056,
20,257,0,0.8156988620758057,
20,258,0,0.6990302801132202,
20,259,0,0.8187803030014038,
20,260,0,0.6627286672592163,
20,261,0,0.6462825536727905,
20,262,0,0.6247369050979614,
20,263,0,0.7675628662109375,
20,264,0,0.7398707866668701,
20,265,0,0.653174102306366,
20,266,0,0.6287773847579956,
20,267,0,0.7930174469947815,
20,268,0,0.8090588450431824,
20,269,0,0.7717558145523071,
20,270,0,0.7794934511184692,
20,271,0,0.6161291599273682,
20,272,0,0.7698878645896912,
20,273,0,0.8138225674629211,
20,274,0,0.7729951739311218,
20,275,0,0.5804672241210938,
20,276,0,0.7737860083580017,
20,277,0,0.7977789640426636,
20,278,0,0.6408635973930359,
20,279,0,0.7402117252349854,
20,280,0,0.7593286037445068,
20,281,0,0.6674662232398987,
20,282,0,0.754375159740448,
20,283,0,0.689574122428894,
20,284,0,0.6620765924453735,
20,285,0,0.7385993003845215,
20,286,0,0.7980785965919495,
20,287,0,0.7368751764297485,
20,288,0,0.8072611093521118,
20,289,0,0.7047590613365173,
20,290,0,0.8142332434654236,
20,291,0,0.8252112865447998,
20,292,0,0.768865704536438,
20,293,0,0.6085850596427917,
20,294,0,0.7429798245429993,
20,295,0,0.6168692111968994,
20,296,0,0.6780551671981812,
20,297,0,0.8186323046684265,
20,298,0,0.6739798784255981,
20,299,0,0.7726105451583862,
20,300,0,0.6240127086639404,
20,301,0,0.7839958071708679,
20,302,0,0.7749093770980835,
20,303,0,0.8043280243873596,
20,304,0,0.7013530731201172,
20,305,0,0.7617040872573853,
20,306,0,0.5909883379936218,
20,307,0,0.6136460900306702,
20,308,0,0.7657690048217773,
20,309,0,0.6819216012954712,
20,310,0,0.7302387356758118,
20,311,0,0.6713260412216187,
20,312,0,0.7411092519760132,
20,313,0,0.744531512260437,
20,314,0,0.7688903212547302,
20,315,0,0.7808699607849121,
20,316,0,0.7881592512130737,
20,317,0,0.7973143458366394,
20,318,0,0.7974954843521118,
20,319,0,0.8147112727165222,
20,320,0,0.669069230556488,
20,321,0,0.6536009311676025,
20,322,0,0.8235655426979065,
20,323,0,0.8245836496353149,
20,324,0,0.7177934050559998,
20,325,0,0.8242664933204651,
20,326,0,0.8103999495506287,
20,327,0,0.6627131104469299,
20,328,0,0.6660150289535522,
20,329,0,0.5985926389694214,
20,330,0,0.7571249604225159,
20,331,0,0.7314265370368958,
20,332,0,0.766309380531311,
20,333,0,0.6976445913314819,
20,334,0,0.6949775218963623,
20,335,0,0.8010963201522827,
20,336,0,0.7616239786148071,
20,337,0,0.6398035287857056,
20,338,0,0.7406708002090454,
20,339,0,0.7267521619796753,
20,340,0,0.7959431409835815,
20,341,0,0.7418333888053894,
20,342,0,0.8072560429573059,
20,343,0,0.7912341356277466,
20,344,0,0.756659984588623,
20,345,0,0.585828959941864,
20,346,0,0.6738383769989014,
20,347,0,0.7697634100914001,
20,348,0,0.8263790011405945,
20,349,0,0.6782590746879578,
20,350,0,0.7085565328598022,
20,351,0,0.6824915409088135,
20,352,0,0.7714293599128723,
20,353,0,0.7010382413864136,
20,354,0,0.8183488249778748,
20,355,0,0.6879465579986572,
20,356,0,0.7476644515991211,
20,357,0,0.7196844816207886,
20,358,0,0.7932925224304199,
20,359,0,0.773043155670166,
20,360,0,0.6997884511947632,
20,361,0,0.6680845022201538,
20,362,0,0.7281185388565063,
20,363,0,0.743984043598175,
20,364,0,0.666419267654419,
20,365,0,0.5915354490280151,
20,366,0,0.6165502071380615,
20,367,0,0.6183586120605469,
20,368,0,0.7886919379234314,
20,369,0,0.8146052360534668,
20,370,0,0.7294446229934692,
20,371,0,0.7406619787216187,
20,372,0,0.7087129354476929,
20,373,0,0.7730535864830017,
20,374,0,0.712132453918457,
20,375,0,0.6664555668830872,
20,376,0,0.7387068271636963,
20,377,0,0.8209916949272156,
20,378,0,0.6240888833999634,
20,379,0,0.8121162056922913,
20,380,0,0.5883793830871582,
20,381,0,0.6197130680084229,
20,382,0,0.6346859931945801,
20,383,0,0.6132597923278809,
20,384,0,0.7990671396255493,
20,385,0,0.7868661880493164,
20,386,0,0.6716243028640747,
20,387,0,0.7007960081100464,
20,388,0,0.6225432753562927,
20,389,0,0.8117460608482361,
20,390,0,0.6036419868469238,
20,391,0,0.7244402170181274,
20,392,0,0.8081454038619995,
20,393,0,0.7592179775238037,
20,394,0,0.6942741870880127,
20,395,0,0.7811192870140076,
20,396,0,0.7387807369232178,
20,397,0,0.784220814704895,
20,398,0,0.8164992332458496,
20,399,0,0.6780105829238892,
20,400,0,0.7928033471107483,
20,401,0,0.6738618612289429,
20,402,0,0.7513298988342285,
20,403,0,0.7817813158035278,
20,404,0,0.7149882316589355,
20,405,0,0.8117855787277222,
20,406,0,0.6844170093536377,
20,407,0,0.7157639265060425,
20,408,0,0.6171831488609314,
20,409,0,0.6617122888565063,
20,410,0,0.6495604515075684,
20,411,0,0.608317494392395,
20,412,0,0.8276576995849609,
20,413,0,0.7971453666687012,
20,414,0,0.6310195922851562,
20,415,0,0.7555696368217468,
20,416,0,0.8310040235519409,
20,417,0,0.6427074670791626,
20,418,0,0.6111419200897217,
20,419,0,0.5645862817764282,
20,420,0,0.701441764831543,
20,421,0,0.7928200960159302,
20,422,0,0.8092401027679443,
20,423,0,0.805223286151886,
20,424,0,0.6529529094696045,
20,425,0,0.7601758241653442,
20,426,0,0.7610995769500732,
20,427,0,0.6782647967338562,
20,428,0,0.7258683443069458,
20,429,0,0.7912977933883667,
20,430,0,0.7809333801269531,
20,431,0,0.6442130208015442,
20,432,0,0.7873977422714233,
20,433,0,0.7424793243408203,
20,434,0,0.8179569840431213,
20,435,0,0.6054031252861023,
20,436,0,0.6598010063171387,
20,437,0,0.6825929880142212,
20,438,0,0.8058095574378967,
20,439,0,0.7140787839889526,
20,440,0,0.6107989549636841,
20,441,0,0.7449780702590942,
20,442,0,0.7210878133773804,
20,443,0,0.8044141530990601,
20,444,0,0.7670904397964478,
20,445,0,0.7417609691619873,
20,446,0,0.7525792717933655,
20,447,0,0.7437908053398132,
20,448,0,0.6061816215515137,
20,449,0,0.7539867758750916,
20,450,0,0.8112515807151794,
20,451,0,0.7291427254676819,
20,452,0,0.6550734639167786,
20,453,0,0.816428005695343,
20,454,0,0.7636905908584595,
20,455,0,0.7448921203613281,
20,456,0,0.7862498760223389,
20,457,0,0.7911511659622192,
20,458,0,0.7368241548538208,
20,459,0,0.6828805208206177,
20,460,0,0.6747231483459473,
20,461,0,0.6320756673812866,
20,462,0,0.7299021482467651,
20,463,0,0.7575815320014954,
20,464,0,0.7293390035629272,
20,465,0,0.6130449771881104,
20,466,0,0.7217172384262085,
20,467,0,0.7130650877952576,
20,468,0,0.7797359228134155,
20,469,0,0.8105804324150085,
20,470,0,0.632819414138794,
20,471,0,0.7305035591125488,
20,472,0,0.6778753995895386,
20,473,0,0.7519297003746033,
20,474,0,0.7808068990707397,
20,475,0,0.8076793551445007,
20,476,0,0.7938681244850159,
20,477,0,0.6486209630966187,
20,478,0,0.8310611248016357,
20,479,0,0.806930661201477,
20,480,0,0.5938107967376709,
20,481,0,0.7618523836135864,
20,482,0,0.6176084280014038,
20,483,0,0.7490721940994263,
20,484,0,0.7455039024353027,
20,485,0,0.7385629415512085,
20,486,0,0.5681474208831787,
20,487,0,0.753635048866272,
20,488,0,0.6548758745193481,
20,489,0,0.7259818315505981,
20,490,0,0.7293867468833923,
20,491,0,0.6313642263412476,
20,492,0,0.7407960295677185,
20,493,0,0.8202562928199768,
20,494,0,0.7788201570510864,
20,495,0,0.6894056797027588,
20,496,0,0.7061985731124878,
20,497,0,0.7568711042404175,
20,498,0,0.7415733337402344,
20,499,0,0.6053097248077393,
20,500,0,0.5685036182403564,
20,501,0,0.6897467374801636,
20,502,0,0.613419771194458,
20,503,0,0.6892691254615784,
20,504,0,0.6805749535560608,
20,505,0,0.7703598737716675,
20,506,0,0.7303436994552612,
20,507,0,0.6784589290618896,
20,508,0,0.8003721237182617,
20,509,0,0.7288545370101929,
20,510,0,0.7222650051116943,
20,511,0,0.7525362968444824,
20,512,0,0.6981453895568848,
20,513,0,0.8127101063728333,
20,514,0,0.667576789855957,
20,515,0,0.6351854801177979,
20,516,0,0.6571557521820068,
20,517,0,0.6525421142578125,
20,518,0,0.702924370765686,
20,519,0,0.735100269317627,
20,520,0,0.6132946014404297,
20,521,0,0.6540830135345459,
20,522,0,0.7539635896682739,
20,523,0,0.7939716577529907,
20,524,0,0.77970951795578,
20,525,0,0.7379133701324463,
20,526,0,0.7847339510917664,
20,527,0,0.7355533242225647,
20,528,0,0.7567844390869141,
20,529,0,0.7958084344863892,
20,530,0,0.767706573009491,
20,531,0,0.6067893505096436,
20,532,0,0.7729300260543823,
20,533,0,0.8291992545127869,
20,534,0,0.7586106657981873,
20,535,0,0.6607372760772705,
20,536,0,0.7415899038314819,
20,537,0,0.7921456098556519,
20,538,0,0.5926579236984253,
20,539,0,0.6873582601547241,
20,540,0,0.7141827344894409,
20,541,0,0.7988942861557007,
20,542,0,0.7407965660095215,
20,543,0,0.6138917207717896,
20,544,0,0.6623538136482239,
20,545,0,0.6447069644927979,
20,546,0,0.717179536819458,
20,547,0,0.7625678777694702,
20,548,0,0.6999157667160034,
20,549,0,0.7766045928001404,
20,550,0,0.7253099679946899,
20,551,0,0.7263484001159668,
20,552,0,0.6194397211074829,
20,553,0,0.743480920791626,
20,554,0,0.7106019854545593,
20,555,0,0.6697427034378052,
20,556,0,0.7010592222213745,
20,557,0,0.7489503622055054,
20,558,0,0.7476798295974731,
20,559,0,0.6081669330596924,
20,560,0,0.7945617437362671,
20,561,0,0.6790413856506348,
20,562,0,0.7762497663497925,
20,563,0,0.7656655311584473,
20,564,0,0.6986628770828247,
20,565,0,0.6702269315719604,
20,566,0,0.8305954337120056,
20,567,0,0.6930801868438721,
20,568,0,0.6116124391555786,
20,569,0,0.7506843209266663,
20,570,0,0.6449251174926758,
20,571,0,0.6862360239028931,
20,572,0,0.8125325441360474,
20,573,0,0.7293789386749268,
20,574,0,0.7929040789604187,
20,575,0,0.5935533046722412,
20,576,0,0.5728335380554199,
20,577,0,0.6557015180587769,
20,578,0,0.7688478827476501,
20,579,0,0.7906926870346069,
20,580,0,0.7831053137779236,
20,581,0,0.7322331070899963,
20,582,0,0.6792764663696289,
20,583,0,0.7482783198356628,
20,584,0,0.7594138979911804,
20,585,0,0.7259488105773926,
20,586,0,0.6395765542984009,
20,587,0,0.8133067488670349,
20,588,0,0.6703407764434814,
20,589,0,0.6687430143356323,
20,590,0,0.7795946598052979,
20,591,0,0.643131673336029,
20,592,0,0.8071855902671814,
20,593,0,0.6544697284698486,
20,594,0,0.6378791332244873,
20,595,0,0.8139670491218567,
20,596,0,0.8013153076171875,
20,597,0,0.6890109777450562,
20,598,0,0.5986078977584839,
20,599,0,0.7665334343910217,
20,600,0,0.8141332864761353,
20,601,0,0.6137385368347168,
20,602,0,0.6853508353233337,
20,603,0,0.820847749710083,
20,604,0,0.6603729128837585,
20,val,,,0.8079385288556417
21,0,0,0.7376997470855713,
21,1,0,0.8037112951278687,
21,2,0,0.6439652442932129,
21,3,0,0.7777095437049866,
21,4,0,0.7252318859100342,
21,5,0,0.7918235063552856,
21,6,0,0.8213137984275818,
21,7,0,0.745988130569458,
21,8,0,0.8041363954544067,
21,9,0,0.8094937801361084,
21,10,0,0.7177333831787109,
21,11,0,0.7489415407180786,
21,12,0,0.6492046117782593,
21,13,0,0.7587844133377075,
21,14,0,0.7549996376037598,
21,15,0,0.7182953357696533,
21,16,0,0.7132251262664795,
21,17,0,0.7658909559249878,
21,18,0,0.8120144605636597,
21,19,0,0.7270580530166626,
21,20,0,0.7690160870552063,
21,21,0,0.7474822998046875,
21,22,0,0.7390990257263184,
21,23,0,0.7615346908569336,
21,24,0,0.7804381847381592,
21,25,0,0.675950288772583,
21,26,0,0.7185149788856506,
21,27,0,0.7213218808174133,
21,28,0,0.7361663579940796,
21,29,0,0.7619996666908264,
21,30,0,0.7629122734069824,
21,31,0,0.7310189008712769,
21,32,0,0.7865022420883179,
21,33,0,0.7641368508338928,
21,34,0,0.7031809091567993,
21,35,0,0.7970407605171204,
21,36,0,0.6883314847946167,
21,37,0,0.7506540417671204,
21,38,0,0.7028119564056396,
21,39,0,0.7034974098205566,
21,40,0,0.6778565645217896,
21,41,0,0.7625268697738647,
21,42,0,0.7430486083030701,
21,43,0,0.8180329203605652,
21,44,0,0.7042717337608337,
21,45,0,0.7532204985618591,
21,46,0,0.7688758373260498,
21,47,0,0.6549985408782959,
21,48,0,0.8042813539505005,
21,49,0,0.6839370131492615,
21,50,0,0.8255558609962463,
21,51,0,0.8064979910850525,
21,52,0,0.819644570350647,
21,53,0,0.7585901618003845,
21,54,0,0.6662923693656921,
21,55,0,0.802521824836731,
21,56,0,0.6077829599380493,
21,57,0,0.7137668132781982,
21,58,0,0.7303596138954163,
21,59,0,0.8172850608825684,
21,60,0,0.7963950037956238,
21,61,0,0.8159892559051514,
21,62,0,0.6306440234184265,
21,63,0,0.7523118853569031,
21,64,0,0.7301207780838013,
21,65,0,0.7919647693634033,
21,66,0,0.6504038572311401,
21,67,0,0.7115125060081482,
21,68,0,0.7493271827697754,
21,69,0,0.8144694566726685,
21,70,0,0.5764955878257751,
21,71,0,0.7312371134757996,
21,72,0,0.6680810451507568,
21,73,0,0.7139338254928589,
21,74,0,0.7474027276039124,
21,75,0,0.7870461940765381,
21,76,0,0.728766679763794,
21,77,0,0.8047469258308411,
21,78,0,0.779232382774353,
21,79,0,0.6468731760978699,
21,80,0,0.7176039218902588,
21,81,0,0.6891101598739624,
21,82,0,0.7571377754211426,
21,83,0,0.783549427986145,
21,84,0,0.8181688189506531,
21,85,0,0.7975714802742004,
21,86,0,0.7401225566864014,
21,87,0,0.7891420125961304,
21,88,0,0.7124128341674805,
21,89,0,0.7258739471435547,
21,90,0,0.7990764379501343,
21,91,0,0.6603067517280579,
21,92,0,0.7382650375366211,
21,93,0,0.821796715259552,
21,94,0,0.6923526525497437,
21,95,0,0.558253288269043,
21,96,0,0.756736695766449,
21,97,0,0.6123074889183044,
21,98,0,0.7769714593887329,
21,99,0,0.7048957347869873,
21,100,0,0.7013582587242126,
21,101,0,0.7086483240127563,
21,102,0,0.6696555614471436,
21,103,0,0.7737731337547302,
21,104,0,0.7370346784591675,
21,105,0,0.7155406475067139,
21,106,0,0.5910188555717468,
21,107,0,0.6703895330429077,
21,108,0,0.7723956108093262,
21,109,0,0.7344802618026733,
21,110,0,0.802010178565979,
21,111,0,0.8011909127235413,
21,112,0,0.5736854076385498,
21,113,0,0.7623564004898071,
21,114,0,0.7397208213806152,
21,115,0,0.6359355449676514,
21,116,0,0.6180346012115479,
21,117,0,0.6124290823936462,
21,118,0,0.8250802755355835,
21,119,0,0.691567599773407,
21,120,0,0.7876911759376526,
21,121,0,0.8006441593170166,
21,122,0,0.6835168600082397,
21,123,0,0.6068905591964722,
21,124,0,0.7015084028244019,
21,125,0,0.650097131729126,
21,126,0,0.7453156113624573,
21,127,0,0.6677007675170898,
21,128,0,0.7723062634468079,
21,129,0,0.6973387002944946,
21,130,0,0.8048524260520935,
21,131,0,0.7654252648353577,
21,132,0,0.6766281127929688,
21,133,0,0.8019065856933594,
21,134,0,0.6778837442398071,
21,135,0,0.6992332935333252,
21,136,0,0.8170229196548462,
21,137,0,0.6624760627746582,
21,138,0,0.8132654428482056,
21,139,0,0.7525063753128052,
21,140,0,0.799584150314331,
21,141,0,0.6886379718780518,
21,142,0,0.6297569274902344,
21,143,0,0.6795908212661743,
21,144,0,0.6559067964553833,
21,145,0,0.616117000579834,
21,146,0,0.7437273263931274,
21,147,0,0.7433980703353882,
21,148,0,0.722927987575531,
21,149,0,0.6101980209350586,
21,150,0,0.8070807456970215,
21,151,0,0.6985716819763184,
21,152,0,0.8130102157592773,
21,153,0,0.7303904294967651,
21,154,0,0.8108780384063721,
21,155,0,0.7085577845573425,
21,156,0,0.7127561569213867,
21,157,0,0.7333766222000122,
21,158,0,0.6720610857009888,
21,159,0,0.6546505689620972,
21,160,0,0.7273448705673218,
21,161,0,0.7506309151649475,
21,162,0,0.773548424243927,
21,163,0,0.8119694590568542,
21,164,0,0.7373408079147339,
21,165,0,0.7175338268280029,
21,166,0,0.6768254041671753,
21,167,0,0.8051087856292725,
21,168,0,0.597069263458252,
21,169,0,0.6207900047302246,
21,170,0,0.7231314182281494,
21,171,0,0.7117509841918945,
21,172,0,0.7614847421646118,
21,173,0,0.6384354829788208,
21,174,0,0.6648858189582825,
21,175,0,0.7453665733337402,
21,176,0,0.8185441493988037,
21,177,0,0.8266782164573669,
21,178,0,0.7741982340812683,
21,179,0,0.764473557472229,
21,180,0,0.807868242263794,
21,181,0,0.7725087404251099,
21,182,0,0.7278223037719727,
21,183,0,0.6368985176086426,
21,184,0,0.8223915100097656,
21,185,0,0.7744631767272949,
21,186,0,0.7736127972602844,
21,187,0,0.8079810738563538,
21,188,0,0.772119402885437,
21,189,0,0.7404705286026001,
21,190,0,0.6727137565612793,
21,191,0,0.6126313209533691,
21,192,0,0.6297481656074524,
21,193,0,0.8053746819496155,
21,194,0,0.787371814250946,
21,195,0,0.7582802176475525,
21,196,0,0.5947892665863037,
21,197,0,0.5797157287597656,
21,198,0,0.6734100580215454,
21,199,0,0.8041337132453918,
21,200,0,0.7437500953674316,
21,201,0,0.7927026152610779,
21,202,0,0.8215124011039734,
21,203,0,0.8032950162887573,
21,204,0,0.8239005208015442,
21,205,0,0.7540228366851807,
21,206,0,0.670339047908783,
21,207,0,0.6747738122940063,
21,208,0,0.8118411898612976,
21,209,0,0.7078582048416138,
21,210,0,0.8217704892158508,
21,211,0,0.735938549041748,
21,212,0,0.7051457166671753,
21,213,0,0.6790642142295837,
21,214,0,0.798366129398346,
21,215,0,0.698704719543457,
21,216,0,0.8084673881530762,
21,217,0,0.7853404879570007,
21,218,0,0.6942663788795471,
21,219,0,0.6143093705177307,
21,220,0,0.6217650771141052,
21,221,0,0.7536685466766357,
21,222,0,0.6583489179611206,
21,223,0,0.5867844820022583,
21,224,0,0.8266745805740356,
21,225,0,0.5898889303207397,
21,226,0,0.7028868198394775,
21,227,0,0.716364860534668,
21,228,0,0.733877420425415,
21,229,0,0.8051814436912537,
21,230,0,0.740878701210022,
21,231,0,0.6137071847915649,
21,232,0,0.6937116384506226,
21,233,0,0.7840205430984497,
21,234,0,0.6936303377151489,
21,235,0,0.6696422100067139,
21,236,0,0.6083921194076538,
21,237,0,0.7003605365753174,
21,238,0,0.8233049511909485,
21,239,0,0.8345022797584534,
21,240,0,0.7519409656524658,
21,241,0,0.7978980541229248,
21,242,0,0.7014874815940857,
21,243,0,0.6944417357444763,
21,244,0,0.6911259889602661,
21,245,0,0.7189823389053345,
21,246,0,0.8026269674301147,
21,247,0,0.7765969038009644,
21,248,0,0.8034908175468445,
21,249,0,0.7082289457321167,
21,250,0,0.7468724250793457,
21,251,0,0.7446725368499756,
21,252,0,0.8130100965499878,
21,253,0,0.6605862379074097,
21,254,0,0.5801725387573242,
21,255,0,0.7832566499710083,
21,256,0,0.7701202034950256,
21,257,0,0.8180027604103088,
21,258,0,0.6932343244552612,
21,259,0,0.8157200217247009,
21,260,0,0.6546009182929993,
21,261,0,0.635159969329834,
21,262,0,0.6253269910812378,
21,263,0,0.7588858604431152,
21,264,0,0.7407439947128296,
21,265,0,0.6500474214553833,
21,266,0,0.6249584555625916,
21,267,0,0.7903879880905151,
21,268,0,0.8128135204315186,
21,269,0,0.7737674117088318,
21,270,0,0.7792285680770874,
21,271,0,0.6171772480010986,
21,272,0,0.7722681760787964,
21,273,0,0.8089456558227539,
21,274,0,0.7785578370094299,
21,275,0,0.5748494863510132,
21,276,0,0.782225489616394,
21,277,0,0.7867037057876587,
21,278,0,0.6415261626243591,
21,279,0,0.743537187576294,
21,280,0,0.7614518404006958,
21,281,0,0.6646841764450073,
21,282,0,0.7420654296875,
21,283,0,0.6722666025161743,
21,284,0,0.6646779775619507,
21,285,0,0.733555018901825,
21,286,0,0.7965944409370422,
21,287,0,0.737571656703949,
21,288,0,0.8027858734130859,
21,289,0,0.7014951109886169,
21,290,0,0.8138841390609741,
21,291,0,0.8230533003807068,
21,292,0,0.7702434062957764,
21,293,0,0.5871352553367615,
21,294,0,0.7310730218887329,
21,295,0,0.6167840957641602,
21,296,0,0.6740269064903259,
21,297,0,0.8175482153892517,
21,298,0,0.6654683351516724,
21,299,0,0.7650730609893799,
21,300,0,0.6119476556777954,
21,301,0,0.7767785787582397,
21,302,0,0.7638633847236633,
21,303,0,0.7994298338890076,
21,304,0,0.6839405298233032,
21,305,0,0.7456834316253662,
21,306,0,0.5886528491973877,
21,307,0,0.6157904863357544,
21,308,0,0.758763313293457,
21,309,0,0.6757971048355103,
21,310,0,0.7357485294342041,
21,311,0,0.6679376363754272,
21,312,0,0.7412051558494568,
21,313,0,0.7411817312240601,
21,314,0,0.7683902978897095,
21,315,0,0.7739699482917786,
21,316,0,0.7883750200271606,
21,317,0,0.7878979444503784,
21,318,0,0.7902562618255615,
21,319,0,0.8197280764579773,
21,320,0,0.6583337187767029,
21,321,0,0.6581344604492188,
21,322,0,0.8207241892814636,
21,323,0,0.8274828195571899,
21,324,0,0.7144730091094971,
21,325,0,0.8207657933235168,
21,326,0,0.81294846534729,
21,327,0,0.6543380618095398,
21,328,0,0.647133469581604,
21,329,0,0.5840804576873779,
21,330,0,0.7530807852745056,
21,331,0,0.7222998142242432,
21,332,0,0.7710940837860107,
21,333,0,0.6735320687294006,
21,334,0,0.6975314617156982,
21,335,0,0.7948082685470581,
21,336,0,0.7588305473327637,
21,337,0,0.6362875699996948,
21,338,0,0.7318418025970459,
21,339,0,0.7226639986038208,
21,340,0,0.7878786325454712,
21,341,0,0.7328628301620483,
21,342,0,0.7954350113868713,
21,343,0,0.795232355594635,
21,344,0,0.7585525512695312,
21,345,0,0.5864589214324951,
21,346,0,0.6684286594390869,
21,347,0,0.768563985824585,
21,348,0,0.8125734925270081,
21,349,0,0.6671584844589233,
21,350,0,0.7041913270950317,
21,351,0,0.6738771200180054,
21,352,0,0.7617470026016235,
21,353,0,0.6993863582611084,
21,354,0,0.8223296403884888,
21,355,0,0.6874988079071045,
21,356,0,0.7429032325744629,
21,357,0,0.7120194435119629,
21,358,0,0.7956383228302002,
21,359,0,0.7875145673751831,
21,360,0,0.6868072152137756,
21,361,0,0.6638259291648865,
21,362,0,0.7245222330093384,
21,363,0,0.7358310222625732,
21,364,0,0.6600785255432129,
21,365,0,0.586805522441864,
21,366,0,0.6070200204849243,
21,367,0,0.6104766130447388,
21,368,0,0.781532883644104,
21,369,0,0.8142737150192261,
21,370,0,0.7168593406677246,
21,371,0,0.7277011871337891,
21,372,0,0.7010176181793213,
21,373,0,0.7719455361366272,
21,374,0,0.7058740854263306,
21,375,0,0.6582084894180298,
21,376,0,0.7329236268997192,
21,377,0,0.8168068528175354,
21,378,0,0.6194002628326416,
21,379,0,0.8111635446548462,
21,380,0,0.5848355293273926,
21,381,0,0.6197608709335327,
21,382,0,0.6320313215255737,
21,383,0,0.6167769432067871,
21,384,0,0.799618124961853,
21,385,0,0.7859289050102234,
21,386,0,0.6540608406066895,
21,387,0,0.7049205303192139,
21,388,0,0.6199004650115967,
21,389,0,0.8179879188537598,
21,390,0,0.5909744501113892,
21,391,0,0.7208747267723083,
21,392,0,0.8186975121498108,
21,393,0,0.7530703544616699,
21,394,0,0.6887304782867432,
21,395,0,0.7841113805770874,
21,396,0,0.7394490242004395,
21,397,0,0.78851717710495,
21,398,0,0.8265712857246399,
21,399,0,0.6707155704498291,
21,400,0,0.7965503931045532,
21,401,0,0.6608456373214722,
21,402,0,0.7439357042312622,
21,403,0,0.774846076965332,
21,404,0,0.7179408073425293,
21,405,0,0.8169286847114563,
21,406,0,0.6815404295921326,
21,407,0,0.7174752354621887,
21,408,0,0.6087950468063354,
21,409,0,0.6509535312652588,
21,410,0,0.6428718566894531,
21,411,0,0.6066067218780518,
21,412,0,0.8297258615493774,
21,413,0,0.7995578050613403,
21,414,0,0.6264779567718506,
21,415,0,0.7435795068740845,
21,416,0,0.8335393667221069,
21,417,0,0.645341157913208,
21,418,0,0.6096879243850708,
21,419,0,0.5560998916625977,
21,420,0,0.7060791254043579,
21,421,0,0.7982061505317688,
21,422,0,0.8096506595611572,
21,423,0,0.8110643625259399,
21,424,0,0.6442145109176636,
21,425,0,0.7502829432487488,
21,426,0,0.7628897428512573,
21,427,0,0.6727257966995239,
21,428,0,0.7189120054244995,
21,429,0,0.789105236530304,
21,430,0,0.7789022326469421,
21,431,0,0.6282885074615479,
21,432,0,0.7917959094047546,
21,433,0,0.7497411966323853,
21,434,0,0.8162403106689453,
21,435,0,0.6087307929992676,
21,436,0,0.6554303169250488,
21,437,0,0.6724493503570557,
21,438,0,0.8092166781425476,
21,439,0,0.7103760242462158,
21,440,0,0.6068064570426941,
21,441,0,0.7450228929519653,
21,442,0,0.7159619331359863,
21,443,0,0.8062803149223328,
21,444,0,0.7686086893081665,
21,445,0,0.745024561882019,
21,446,0,0.7409068942070007,
21,447,0,0.7583761811256409,
21,448,0,0.6101455688476562,
21,449,0,0.7490845918655396,
21,450,0,0.8118030428886414,
21,451,0,0.7383926510810852,
21,452,0,0.6463450789451599,
21,453,0,0.8171077370643616,
21,454,0,0.7636650800704956,
21,455,0,0.7362169027328491,
21,456,0,0.7882280945777893,
21,457,0,0.7833751440048218,
21,458,0,0.7262763977050781,
21,459,0,0.6668002605438232,
21,460,0,0.670156717300415,
21,461,0,0.6240439414978027,
21,462,0,0.7278034687042236,
21,463,0,0.7409700155258179,
21,464,0,0.71989905834198,
21,465,0,0.6057103872299194,
21,466,0,0.7297368049621582,
21,467,0,0.7135078310966492,
21,468,0,0.7737560272216797,
21,469,0,0.8049389123916626,
21,470,0,0.6282795667648315,
21,471,0,0.7293311357498169,
21,472,0,0.6726309657096863,
21,473,0,0.7548247575759888,
21,474,0,0.7851299047470093,
21,475,0,0.8084858059883118,
21,476,0,0.7969231605529785,
21,477,0,0.6441363096237183,
21,478,0,0.8267954587936401,
21,479,0,0.8085986971855164,
21,480,0,0.5942199230194092,
21,481,0,0.7590628862380981,
21,482,0,0.600488543510437,
21,483,0,0.7421343326568604,
21,484,0,0.7370976209640503,
21,485,0,0.7398672103881836,
21,486,0,0.5478684902191162,
21,487,0,0.7557675242424011,
21,488,0,0.6483231782913208,
21,489,0,0.731425404548645,
21,490,0,0.7374781966209412,
21,491,0,0.6376968026161194,
21,492,0,0.7342268228530884,
21,493,0,0.8171517848968506,
21,494,0,0.7846490740776062,
21,495,0,0.6901021003723145,
21,496,0,0.702009916305542,
21,497,0,0.7548547387123108,
21,498,0,0.7409522533416748,
21,499,0,0.5907671451568604,
21,500,0,0.5776668787002563,
21,501,0,0.6886792182922363,
21,502,0,0.6132659912109375,
21,503,0,0.6702307462692261,
21,504,0,0.6696799993515015,
21,505,0,0.7649902105331421,
21,506,0,0.7341486811637878,
21,507,0,0.678363561630249,
21,508,0,0.8034790754318237,
21,509,0,0.7326314449310303,
21,510,0,0.7211819291114807,
21,511,0,0.7483469843864441,
21,512,0,0.6952264308929443,
21,513,0,0.7990036010742188,
21,514,0,0.6630074977874756,
21,515,0,0.6212162971496582,
21,516,0,0.6415308713912964,
21,517,0,0.6397582292556763,
21,518,0,0.6916282176971436,
21,519,0,0.7365957498550415,
21,520,0,0.6014052033424377,
21,521,0,0.649300217628479,
21,522,0,0.7550019025802612,
21,523,0,0.7925278544425964,
21,524,0,0.7772954106330872,
21,525,0,0.7342580556869507,
21,526,0,0.7874462008476257,
21,527,0,0.7300602197647095,
21,528,0,0.748570442199707,
21,529,0,0.7921896576881409,
21,530,0,0.7469366788864136,
21,531,0,0.586827278137207,
21,532,0,0.7639028429985046,
21,533,0,0.8212898373603821,
21,534,0,0.7656494379043579,
21,535,0,0.6543642282485962,
21,536,0,0.7299156188964844,
21,537,0,0.7744137644767761,
21,538,0,0.5840815305709839,
21,539,0,0.6898225545883179,
21,540,0,0.7173682451248169,
21,541,0,0.8006066679954529,
21,542,0,0.7371441125869751,
21,543,0,0.6224901676177979,
21,544,0,0.6545518040657043,
21,545,0,0.6461049914360046,
21,546,0,0.7195641398429871,
21,547,0,0.7586939930915833,
21,548,0,0.6987738609313965,
21,549,0,0.7709733247756958,
21,550,0,0.7177833318710327,
21,551,0,0.7237873077392578,
21,552,0,0.622280478477478,
21,553,0,0.7549120187759399,
21,554,0,0.7013453245162964,
21,555,0,0.6701817512512207,
21,556,0,0.701529860496521,
21,557,0,0.742691159248352,
21,558,0,0.7480204105377197,
21,559,0,0.6160866022109985,
21,560,0,0.7874716520309448,
21,561,0,0.6704356670379639,
21,562,0,0.7867653369903564,
21,563,0,0.7530475854873657,
21,564,0,0.6755406856536865,
21,565,0,0.6527529954910278,
21,566,0,0.8263978958129883,
21,567,0,0.6846590638160706,
21,568,0,0.61048424243927,
21,569,0,0.7524877786636353,
21,570,0,0.6462224721908569,
21,571,0,0.6649502515792847,
21,572,0,0.8176334500312805,
21,573,0,0.7185104489326477,
21,574,0,0.7949643135070801,
21,575,0,0.585983395576477,
21,576,0,0.5756151676177979,
21,577,0,0.653347909450531,
21,578,0,0.7711472511291504,
21,579,0,0.7716087102890015,
21,580,0,0.7764992713928223,
21,581,0,0.7246232032775879,
21,582,0,0.689376950263977,
21,583,0,0.7410464286804199,
21,584,0,0.7573469281196594,
21,585,0,0.7347475290298462,
21,586,0,0.631530225276947,
21,587,0,0.8106735944747925,
21,588,0,0.6610203981399536,
21,589,0,0.6694211959838867,
21,590,0,0.7906152009963989,
21,591,0,0.6424372792243958,
21,592,0,0.8040626049041748,
21,593,0,0.6404434442520142,
21,594,0,0.617093563079834,
21,595,0,0.8190847039222717,
21,596,0,0.8159835338592529,
21,597,0,0.6799463033676147,
21,598,0,0.5895015001296997,
21,599,0,0.7669692635536194,
21,600,0,0.8043960332870483,
21,601,0,0.6109875440597534,
21,602,0,0.6755017638206482,
21,603,0,0.8163111805915833,
21,604,0,0.6469712257385254,
21,val,,,0.8077525138854981
22,0,0,0.732075572013855,
22,1,0,0.8038666844367981,
22,2,0,0.6328297853469849,
22,3,0,0.7789468765258789,
22,4,0,0.7247775793075562,
22,5,0,0.7855182886123657,
22,6,0,0.8193881511688232,
22,7,0,0.7409570217132568,
22,8,0,0.8042248487472534,
22,9,0,0.8081263303756714,
22,10,0,0.7101589441299438,
22,11,0,0.7537335157394409,
22,12,0,0.6367762088775635,
22,13,0,0.758648157119751,
22,14,0,0.7501189112663269,
22,15,0,0.7061089277267456,
22,16,0,0.7115943431854248,
22,17,0,0.763028085231781,
22,18,0,0.8170881271362305,
22,19,0,0.7237339019775391,
22,20,0,0.7714786529541016,
22,21,0,0.7394744157791138,
22,22,0,0.7399824857711792,
22,23,0,0.759125292301178,
22,24,0,0.7648929357528687,
22,25,0,0.6709063053131104,
22,26,0,0.7051066756248474,
22,27,0,0.716147243976593,
22,28,0,0.7251169681549072,
22,29,0,0.7538918852806091,
22,30,0,0.763008177280426,
22,31,0,0.7157026529312134,
22,32,0,0.7879016995429993,
22,33,0,0.7617623209953308,
22,34,0,0.6957418322563171,
22,35,0,0.7873325347900391,
22,36,0,0.6969424486160278,
22,37,0,0.7634968161582947,
22,38,0,0.7001548409461975,
22,39,0,0.6996556520462036,
22,40,0,0.6735331416130066,
22,41,0,0.7646653652191162,
22,42,0,0.7371304035186768,
22,43,0,0.8056939840316772,
22,44,0,0.6959438323974609,
22,45,0,0.7587094902992249,
22,46,0,0.7623527646064758,
22,47,0,0.6366158723831177,
22,48,0,0.7924275994300842,
22,49,0,0.6716095805168152,
22,50,0,0.8254987001419067,
22,51,0,0.8048694729804993,
22,52,0,0.8186135292053223,
22,53,0,0.7576975226402283,
22,54,0,0.6499080657958984,
22,55,0,0.7931303381919861,
22,56,0,0.5940780639648438,
22,57,0,0.7115902900695801,
22,58,0,0.7269080877304077,
22,59,0,0.8156052827835083,
22,60,0,0.7989663481712341,
22,61,0,0.8187234997749329,
22,62,0,0.6267900466918945,
22,63,0,0.7476421594619751,
22,64,0,0.7268854379653931,
22,65,0,0.7780240774154663,
22,66,0,0.6394411325454712,
22,67,0,0.7098948955535889,
22,68,0,0.7406938076019287,
22,69,0,0.8081540465354919,
22,70,0,0.5721241235733032,
22,71,0,0.7282655835151672,
22,72,0,0.6567990779876709,
22,73,0,0.7015154361724854,
22,74,0,0.7460474967956543,
22,75,0,0.7872055768966675,
22,76,0,0.7298594117164612,
22,77,0,0.8030110001564026,
22,78,0,0.7706847786903381,
22,79,0,0.6502640247344971,
22,80,0,0.7148392200469971,
22,81,0,0.6926130056381226,
22,82,0,0.7456023693084717,
22,83,0,0.7866236567497253,
22,84,0,0.8113980889320374,
22,85,0,0.8055518865585327,
22,86,0,0.7405945062637329,
22,87,0,0.7896695137023926,
22,88,0,0.6998291015625,
22,89,0,0.713590145111084,
22,90,0,0.8062604665756226,
22,91,0,0.6517152786254883,
22,92,0,0.7280420064926147,
22,93,0,0.8164270520210266,
22,94,0,0.6809530258178711,
22,95,0,0.5639151334762573,
22,96,0,0.7434930205345154,
22,97,0,0.5991837382316589,
22,98,0,0.7834252119064331,
22,99,0,0.7025096416473389,
22,100,0,0.6824082732200623,
22,101,0,0.7070307731628418,
22,102,0,0.6725761890411377,
22,103,0,0.7697354555130005,
22,104,0,0.7425922751426697,
22,105,0,0.7063304781913757,
22,106,0,0.5966306924819946,
22,107,0,0.6553670763969421,
22,108,0,0.7719917893409729,
22,109,0,0.7424993515014648,
22,110,0,0.7982728481292725,
22,111,0,0.8050262928009033,
22,112,0,0.5511784553527832,
22,113,0,0.7554631233215332,
22,114,0,0.7341039776802063,
22,115,0,0.6316934823989868,
22,116,0,0.6151084899902344,
22,117,0,0.5986703634262085,
22,118,0,0.8189587593078613,
22,119,0,0.6806612014770508,
22,120,0,0.7812402844429016,
22,121,0,0.8034469485282898,
22,122,0,0.6792817115783691,
22,123,0,0.6094844341278076,
22,124,0,0.695575475692749,
22,125,0,0.6387845277786255,
22,126,0,0.7355944514274597,
22,127,0,0.650070071220398,
22,128,0,0.7631576061248779,
22,129,0,0.6985243558883667,
22,130,0,0.8078357577323914,
22,131,0,0.7678600549697876,
22,132,0,0.6755511164665222,
22,133,0,0.8030887246131897,
22,134,0,0.6855747699737549,
22,135,0,0.6896684169769287,
22,136,0,0.8124594688415527,
22,137,0,0.6434324979782104,
22,138,0,0.8150814175605774,
22,139,0,0.7500874400138855,
22,140,0,0.7965868711471558,
22,141,0,0.6897317171096802,
22,142,0,0.6199655532836914,
22,143,0,0.685447096824646,
22,144,0,0.6431673765182495,
22,145,0,0.624182403087616,
22,146,0,0.7394037246704102,
22,147,0,0.7361629009246826,
22,148,0,0.719778299331665,
22,149,0,0.6005737781524658,
22,150,0,0.8019609451293945,
22,151,0,0.6874852180480957,
22,152,0,0.8085161447525024,
22,153,0,0.7254225015640259,
22,154,0,0.8165339827537537,
22,155,0,0.7053468227386475,
22,156,0,0.6901026964187622,
22,157,0,0.7347136735916138,
22,158,0,0.6575183868408203,
22,159,0,0.654110312461853,
22,160,0,0.7246605157852173,
22,161,0,0.7492519617080688,
22,162,0,0.7697980999946594,
22,163,0,0.814660906791687,
22,164,0,0.7401496171951294,
22,165,0,0.7204456329345703,
22,166,0,0.6759098768234253,
22,167,0,0.796460747718811,
22,168,0,0.5824307203292847,
22,169,0,0.6137371063232422,
22,170,0,0.7202610969543457,
22,171,0,0.705676794052124,
22,172,0,0.7554976344108582,
22,173,0,0.620140552520752,
22,174,0,0.655246913433075,
22,175,0,0.7398014068603516,
22,176,0,0.8203600645065308,
22,177,0,0.8247230648994446,
22,178,0,0.7718987464904785,
22,179,0,0.7572040557861328,
22,180,0,0.8001662492752075,
22,181,0,0.7776228785514832,
22,182,0,0.7259823083877563,
22,183,0,0.6302448511123657,
22,184,0,0.8245768547058105,
22,185,0,0.7721613049507141,
22,186,0,0.7691652178764343,
22,187,0,0.8025957345962524,
22,188,0,0.7657419443130493,
22,189,0,0.7275307178497314,
22,190,0,0.6665918827056885,
22,191,0,0.6139907240867615,
22,192,0,0.6214442253112793,
22,193,0,0.7993516325950623,
22,194,0,0.7765235900878906,
22,195,0,0.7600648403167725,
22,196,0,0.5790116190910339,
22,197,0,0.5790039896965027,
22,198,0,0.6787906885147095,
22,199,0,0.8074686527252197,
22,200,0,0.7439781427383423,
22,201,0,0.7807403802871704,
22,202,0,0.821918785572052,
22,203,0,0.8102828860282898,
22,204,0,0.8229361772537231,
22,205,0,0.7492430210113525,
22,206,0,0.6585628390312195,
22,207,0,0.666278064250946,
22,208,0,0.8050965666770935,
22,209,0,0.7111095190048218,
22,210,0,0.8263514637947083,
22,211,0,0.7321079969406128,
22,212,0,0.708946168422699,
22,213,0,0.6596118807792664,
22,214,0,0.7955061197280884,
22,215,0,0.6818230748176575,
22,216,0,0.800757884979248,
22,217,0,0.7821409702301025,
22,218,0,0.6815255880355835,
22,219,0,0.6115856170654297,
22,220,0,0.6103905439376831,
22,221,0,0.742177426815033,
22,222,0,0.6544698476791382,
22,223,0,0.5764012336730957,
22,224,0,0.8290405869483948,
22,225,0,0.5701173543930054,
22,226,0,0.6901242733001709,
22,227,0,0.7192395925521851,
22,228,0,0.7277790307998657,
22,229,0,0.8003787398338318,
22,230,0,0.737321674823761,
22,231,0,0.6062008142471313,
22,232,0,0.6894242763519287,
22,233,0,0.7758321762084961,
22,234,0,0.7007616758346558,
22,235,0,0.6757913827896118,
22,236,0,0.5908821821212769,
22,237,0,0.6887742877006531,
22,238,0,0.8225247263908386,
22,239,0,0.8330315947532654,
22,240,0,0.749769926071167,
22,241,0,0.7969607710838318,
22,242,0,0.6998907327651978,
22,243,0,0.6864014863967896,
22,244,0,0.6872931718826294,
22,245,0,0.7126226425170898,
22,246,0,0.8062648177146912,
22,247,0,0.7728006839752197,
22,248,0,0.7997181415557861,
22,249,0,0.6978623867034912,
22,250,0,0.7351973056793213,
22,251,0,0.7413595914840698,
22,252,0,0.8164465427398682,
22,253,0,0.6509552001953125,
22,254,0,0.5729249715805054,
22,255,0,0.7760224342346191,
22,256,0,0.7694200873374939,
22,257,0,0.8170263767242432,
22,258,0,0.6780424118041992,
22,259,0,0.8189079165458679,
22,260,0,0.6544252634048462,
22,261,0,0.6268297433853149,
22,262,0,0.6146458387374878,
22,263,0,0.7536541223526001,
22,264,0,0.7357240915298462,
22,265,0,0.645020604133606,
22,266,0,0.6182019710540771,
22,267,0,0.7869659662246704,
22,268,0,0.8117560744285583,
22,269,0,0.7639181017875671,
22,270,0,0.7716147303581238,
22,271,0,0.600468635559082,
22,272,0,0.7629998326301575,
22,273,0,0.8104397058486938,
22,274,0,0.7666307091712952,
22,275,0,0.5619639158248901,
22,276,0,0.7752319574356079,
22,277,0,0.7942686080932617,
22,278,0,0.6331126689910889,
22,279,0,0.7358199954032898,
22,280,0,0.7498488426208496,
22,281,0,0.6514878273010254,
22,282,0,0.731952428817749,
22,283,0,0.668796181678772,
22,284,0,0.6511266231536865,
22,285,0,0.7318600416183472,
22,286,0,0.8036876916885376,
22,287,0,0.7361964583396912,
22,288,0,0.8078030943870544,
22,289,0,0.6950913667678833,
22,290,0,0.814349889755249,
22,291,0,0.822199821472168,
22,292,0,0.7652511596679688,
22,293,0,0.5930616855621338,
22,294,0,0.7281258702278137,
22,295,0,0.6009197235107422,
22,296,0,0.6671352386474609,
22,297,0,0.8070478439331055,
22,298,0,0.662287712097168,
22,299,0,0.7662594318389893,
22,300,0,0.5971685647964478,
22,301,0,0.7787768840789795,
22,302,0,0.7568485736846924,
22,303,0,0.7937781810760498,
22,304,0,0.6894495487213135,
22,305,0,0.738341212272644,
22,306,0,0.5901272296905518,
22,307,0,0.606586217880249,
22,308,0,0.7613551020622253,
22,309,0,0.6728641986846924,
22,310,0,0.7287646532058716,
22,311,0,0.665787935256958,
22,312,0,0.7433721423149109,
22,313,0,0.7323919534683228,
22,314,0,0.7690069079399109,
22,315,0,0.77225261926651,
22,316,0,0.7818763256072998,
22,317,0,0.794777512550354,
22,318,0,0.7914462089538574,
22,319,0,0.8193507790565491,
22,320,0,0.6546741724014282,
22,321,0,0.6518480777740479,
22,322,0,0.8202005624771118,
22,323,0,0.8195092082023621,
22,324,0,0.6961448192596436,
22,325,0,0.8207653760910034,
22,326,0,0.8083600401878357,
22,327,0,0.6535362005233765,
22,328,0,0.6456011533737183,
22,329,0,0.5639753341674805,
22,330,0,0.7517201900482178,
22,331,0,0.7285566926002502,
22,332,0,0.7673380970954895,
22,333,0,0.683933675289154,
22,334,0,0.68956059217453,
22,335,0,0.8025205731391907,
22,336,0,0.7560191750526428,
22,337,0,0.6283005475997925,
22,338,0,0.728166401386261,
22,339,0,0.7144112586975098,
22,340,0,0.7825693488121033,
22,341,0,0.7364648580551147,
22,342,0,0.7949150800704956,
22,343,0,0.7928964495658875,
22,344,0,0.7534365057945251,
22,345,0,0.5696725845336914,
22,346,0,0.665735125541687,
22,347,0,0.7644978761672974,
22,348,0,0.8251582980155945,
22,349,0,0.6457297801971436,
22,350,0,0.6966389417648315,
22,351,0,0.67274010181427,
22,352,0,0.7597655057907104,
22,353,0,0.6840012073516846,
22,354,0,0.8197062015533447,
22,355,0,0.6873918771743774,
22,356,0,0.7457269430160522,
22,357,0,0.7056093811988831,
22,358,0,0.7913870215415955,
22,359,0,0.7839351892471313,
22,360,0,0.6865403652191162,
22,361,0,0.648016631603241,
22,362,0,0.7306011319160461,
22,363,0,0.737086296081543,
22,364,0,0.6510331630706787,
22,365,0,0.5749425888061523,
22,366,0,0.6048784255981445,
22,367,0,0.6106399297714233,
22,368,0,0.7879524230957031,
22,369,0,0.812443196773529,
22,370,0,0.7149513959884644,
22,371,0,0.7216619253158569,
22,372,0,0.6945024728775024,
22,373,0,0.767902672290802,
22,374,0,0.6916887760162354,
22,375,0,0.6612570285797119,
22,376,0,0.7215380668640137,
22,377,0,0.810823917388916,
22,378,0,0.6265199184417725,
22,379,0,0.817572295665741,
22,380,0,0.5730640888214111,
22,381,0,0.6080981492996216,
22,382,0,0.6267431974411011,
22,383,0,0.604809045791626,
22,384,0,0.8027936220169067,
22,385,0,0.7956700921058655,
22,386,0,0.6399540901184082,
22,387,0,0.6973868608474731,
22,388,0,0.6126701831817627,
22,389,0,0.8173955678939819,
22,390,0,0.58454430103302,
22,391,0,0.718530535697937,
22,392,0,0.8087366819381714,
22,393,0,0.750914454460144,
22,394,0,0.6677369475364685,
22,395,0,0.784683346748352,
22,396,0,0.723656177520752,
22,397,0,0.7849509716033936,
22,398,0,0.809097945690155,
22,399,0,0.6748599410057068,
22,400,0,0.7869406342506409,
22,401,0,0.661705493927002,
22,402,0,0.7435797452926636,
22,403,0,0.7740408182144165,
22,404,0,0.7070856094360352,
22,405,0,0.8103611469268799,
22,406,0,0.6801921129226685,
22,407,0,0.7063896656036377,
22,408,0,0.5960456132888794,
22,409,0,0.6419718265533447,
22,410,0,0.6352874040603638,
22,411,0,0.607474684715271,
22,412,0,0.8297134637832642,
22,413,0,0.7996194362640381,
22,414,0,0.6208966970443726,
22,415,0,0.7443410158157349,
22,416,0,0.833581805229187,
22,417,0,0.6372717618942261,
22,418,0,0.5941751003265381,
22,419,0,0.5574630498886108,
22,420,0,0.6944023370742798,
22,421,0,0.7961491346359253,
22,422,0,0.8006922602653503,
22,423,0,0.8104581832885742,
22,424,0,0.6332602500915527,
22,425,0,0.7481619119644165,
22,426,0,0.7664636373519897,
22,427,0,0.6658028364181519,
22,428,0,0.7141122817993164,
22,429,0,0.7877759337425232,
22,430,0,0.7799615859985352,
22,431,0,0.6290226578712463,
22,432,0,0.7926707863807678,
22,433,0,0.7421339750289917,
22,434,0,0.81584233045578,
22,435,0,0.6058365106582642,
22,436,0,0.6519972681999207,
22,437,0,0.6890836954116821,
22,438,0,0.8015520572662354,
22,439,0,0.7088496685028076,
22,440,0,0.5940790176391602,
22,441,0,0.7448499202728271,
22,442,0,0.711129903793335,
22,443,0,0.8031793832778931,
22,444,0,0.7577323913574219,
22,445,0,0.7348400354385376,
22,446,0,0.7381350994110107,
22,447,0,0.7504233121871948,
22,448,0,0.5899394750595093,
22,449,0,0.747423529624939,
22,450,0,0.799689531326294,
22,451,0,0.7189743518829346,
22,452,0,0.6437405347824097,
22,453,0,0.8143218159675598,
22,454,0,0.7599613070487976,
22,455,0,0.7334722280502319,
22,456,0,0.7887489795684814,
22,457,0,0.7859140634536743,
22,458,0,0.721217930316925,
22,459,0,0.6580352783203125,
22,460,0,0.67047518491745,
22,461,0,0.6199215650558472,
22,462,0,0.7222924828529358,
22,463,0,0.7413575649261475,
22,464,0,0.728914737701416,
22,465,0,0.5972566604614258,
22,466,0,0.7048772573471069,
22,467,0,0.7095261812210083,
22,468,0,0.774135947227478,
22,469,0,0.8047285079956055,
22,470,0,0.6311044692993164,
22,471,0,0.7287160754203796,
22,472,0,0.6728817224502563,
22,473,0,0.7446742057800293,
22,474,0,0.786223292350769,
22,475,0,0.806564450263977,
22,476,0,0.7930811643600464,
22,477,0,0.6378945708274841,
22,478,0,0.8209139704704285,
22,479,0,0.8021935224533081,
22,480,0,0.5857585668563843,
22,481,0,0.7603431940078735,
22,482,0,0.5876930952072144,
22,483,0,0.7264573574066162,
22,484,0,0.7266272306442261,
22,485,0,0.7269465923309326,
22,486,0,0.5472253561019897,
22,487,0,0.7384527921676636,
22,488,0,0.6313741207122803,
22,489,0,0.7215009927749634,
22,490,0,0.7271937727928162,
22,491,0,0.6272711157798767,
22,492,0,0.7282567024230957,
22,493,0,0.8200887441635132,
22,494,0,0.7816182971000671,
22,495,0,0.6779463291168213,
22,496,0,0.6980024576187134,
22,497,0,0.7500542402267456,
22,498,0,0.7326177358627319,
22,499,0,0.5935486555099487,
22,500,0,0.5630513429641724,
22,501,0,0.681726336479187,
22,502,0,0.6048345565795898,
22,503,0,0.6619781851768494,
22,504,0,0.6630452275276184,
22,505,0,0.7718251943588257,
22,506,0,0.724932074546814,
22,507,0,0.6731375455856323,
22,508,0,0.8075278997421265,
22,509,0,0.7349516153335571,
22,510,0,0.7077130079269409,
22,511,0,0.7412986755371094,
22,512,0,0.6900476217269897,
22,513,0,0.8108115196228027,
22,514,0,0.6580251455307007,
22,515,0,0.6111626029014587,
22,516,0,0.6399033665657043,
22,517,0,0.62870192527771,
22,518,0,0.6941752433776855,
22,519,0,0.7304251194000244,
22,520,0,0.5964701175689697,
22,521,0,0.6443675756454468,
22,522,0,0.754102349281311,
22,523,0,0.7919434309005737,
22,524,0,0.7727243304252625,
22,525,0,0.7353569865226746,
22,526,0,0.7870254516601562,
22,527,0,0.7318630218505859,
22,528,0,0.7461109161376953,
22,529,0,0.7920507192611694,
22,530,0,0.7480829954147339,
22,531,0,0.5929546356201172,
22,532,0,0.7624167203903198,
22,533,0,0.8235278725624084,
22,534,0,0.7618584632873535,
22,535,0,0.6630066633224487,
22,536,0,0.7331072092056274,
22,537,0,0.7778356671333313,
22,538,0,0.5750521421432495,
22,539,0,0.6798447966575623,
22,540,0,0.72579026222229,
22,541,0,0.7989933490753174,
22,542,0,0.7333246469497681,
22,543,0,0.5959645509719849,
22,544,0,0.6496759057044983,
22,545,0,0.6342014670372009,
22,546,0,0.7038381099700928,
22,547,0,0.7574425935745239,
22,548,0,0.6924381256103516,
22,549,0,0.7611839771270752,
22,550,0,0.7201989889144897,
22,551,0,0.7206108570098877,
22,552,0,0.6029640436172485,
22,553,0,0.7408881187438965,
22,554,0,0.7052813768386841,
22,555,0,0.6530438661575317,
22,556,0,0.6869571208953857,
22,557,0,0.7389683723449707,
22,558,0,0.744257926940918,
22,559,0,0.6102189421653748,
22,560,0,0.7894799709320068,
22,561,0,0.6608694791793823,
22,562,0,0.7806956171989441,
22,563,0,0.7492469549179077,
22,564,0,0.675267219543457,
22,565,0,0.6528295278549194,
22,566,0,0.8338861465454102,
22,567,0,0.6742721796035767,
22,568,0,0.6036213636398315,
22,569,0,0.7534341216087341,
22,570,0,0.6340498924255371,
22,571,0,0.6636101007461548,
22,572,0,0.816958487033844,
22,573,0,0.7221434116363525,
22,574,0,0.7917612791061401,
22,575,0,0.584983229637146,
22,576,0,0.5531655550003052,
22,577,0,0.6479130387306213,
22,578,0,0.766739010810852,
22,579,0,0.7803460955619812,
22,580,0,0.7681737542152405,
22,581,0,0.7123128771781921,
22,582,0,0.6743630170822144,
22,583,0,0.734122633934021,
22,584,0,0.753884494304657,
22,585,0,0.7238078117370605,
22,586,0,0.6212670803070068,
22,587,0,0.8078034520149231,
22,588,0,0.6465581655502319,
22,589,0,0.6509978175163269,
22,590,0,0.7833308577537537,
22,591,0,0.6469053030014038,
22,592,0,0.8000512719154358,
22,593,0,0.628358006477356,
22,594,0,0.6104096174240112,
22,595,0,0.8122714757919312,
22,596,0,0.8152501583099365,
22,597,0,0.6777439117431641,
22,598,0,0.5870996713638306,
22,599,0,0.7548408508300781,
22,600,0,0.8088205456733704,
22,601,0,0.6012382507324219,
22,602,0,0.6691945791244507,
22,603,0,0.8168724775314331,
22,604,0,0.6480139493942261,
22,val,,,0.8091203649838765
23,0,0,0.7280822992324829,
23,1,0,0.7998132109642029,
23,2,0,0.6311739683151245,
23,3,0,0.7717307209968567,
23,4,0,0.7142103910446167,
23,5,0,0.7840466499328613,
23,6,0,0.8186066150665283,
23,7,0,0.7484937906265259,
23,8,0,0.802559494972229,
23,9,0,0.8107655644416809,
23,10,0,0.7101078033447266,
23,11,0,0.7393489480018616,
23,12,0,0.631665825843811,
23,13,0,0.7593339085578918,
23,14,0,0.7325546741485596,
23,15,0,0.6969221830368042,
23,16,0,0.7109981775283813,
23,17,0,0.7654772400856018,
23,18,0,0.8094236254692078,
23,19,0,0.7130081653594971,
23,20,0,0.7683075070381165,
23,21,0,0.7466895580291748,
23,22,0,0.7318664789199829,
23,23,0,0.7537162899971008,
23,24,0,0.7717321515083313,
23,25,0,0.6664010286331177,
23,26,0,0.7076592445373535,
23,27,0,0.7140552401542664,
23,28,0,0.7139872908592224,
23,29,0,0.7465921640396118,
23,30,0,0.751946747303009,
23,31,0,0.7056901454925537,
23,32,0,0.7762507200241089,
23,33,0,0.7596560716629028,
23,34,0,0.69978928565979,
23,35,0,0.7889066934585571,
23,36,0,0.6873457431793213,
23,37,0,0.7603227496147156,
23,38,0,0.683696985244751,
23,39,0,0.6867940425872803,
23,40,0,0.6723552942276001,
23,41,0,0.7612075805664062,
23,42,0,0.7324880361557007,
23,43,0,0.8089297413825989,
23,44,0,0.6825668215751648,
23,45,0,0.7607688903808594,
23,46,0,0.7645623683929443,
23,47,0,0.6350563764572144,
23,48,0,0.7977474331855774,
23,49,0,0.6681798696517944,
23,50,0,0.8221977949142456,
23,51,0,0.8060352802276611,
23,52,0,0.8075282573699951,
23,53,0,0.7424722909927368,
23,54,0,0.6515053510665894,
23,55,0,0.8080567121505737,
23,56,0,0.5813403129577637,
23,57,0,0.7139382362365723,
23,58,0,0.7196450233459473,
23,59,0,0.8102847337722778,
23,60,0,0.7998946905136108,
23,61,0,0.815459132194519,
23,62,0,0.6110734939575195,
23,63,0,0.7470797300338745,
23,64,0,0.7258241176605225,
23,65,0,0.7868740558624268,
23,66,0,0.6353663206100464,
23,67,0,0.6957652568817139,
23,68,0,0.7376673221588135,
23,69,0,0.8173396587371826,
23,70,0,0.5563470125198364,
23,71,0,0.7217681407928467,
23,72,0,0.6476329565048218,
23,73,0,0.693774938583374,
23,74,0,0.7313691973686218,
23,75,0,0.7795525789260864,
23,76,0,0.7294857501983643,
23,77,0,0.7995547652244568,
23,78,0,0.7687809467315674,
23,79,0,0.6312829256057739,
23,80,0,0.7125488519668579,
23,81,0,0.674893319606781,
23,82,0,0.7513442635536194,
23,83,0,0.7820202708244324,
23,84,0,0.818473756313324,
23,85,0,0.7987604141235352,
23,86,0,0.7388529181480408,
23,87,0,0.783530592918396,
23,88,0,0.705981969833374,
23,89,0,0.7159116268157959,
23,90,0,0.8070966601371765,
23,91,0,0.6436382532119751,
23,92,0,0.7265844345092773,
23,93,0,0.8215541839599609,
23,94,0,0.6898387670516968,
23,95,0,0.5455200672149658,
23,96,0,0.7374070882797241,
23,97,0,0.6028088927268982,
23,98,0,0.7794118523597717,
23,99,0,0.6915134191513062,
23,100,0,0.6793490648269653,
23,101,0,0.6849306225776672,
23,102,0,0.6582472324371338,
23,103,0,0.7693317532539368,
23,104,0,0.7377201914787292,
23,105,0,0.7082624435424805,
23,106,0,0.581798791885376,
23,107,0,0.6464452743530273,
23,108,0,0.7721816301345825,
23,109,0,0.7309055328369141,
23,110,0,0.8039505481719971,
23,111,0,0.8013201355934143,
23,112,0,0.5413552522659302,
23,113,0,0.7517024278640747,
23,114,0,0.7435694932937622,
23,115,0,0.6196274757385254,
23,116,0,0.610882043838501,
23,117,0,0.5911213159561157,
23,118,0,0.825054943561554,
23,119,0,0.6881206035614014,
23,120,0,0.780256986618042,
23,121,0,0.8035299777984619,
23,122,0,0.6752197742462158,
23,123,0,0.6017049551010132,
23,124,0,0.6961531043052673,
23,125,0,0.6365803480148315,
23,126,0,0.729863166809082,
23,127,0,0.6520919799804688,
23,128,0,0.7679513096809387,
23,129,0,0.6988179683685303,
23,130,0,0.8061400055885315,
23,131,0,0.7698320150375366,
23,132,0,0.6834157109260559,
23,133,0,0.7985016703605652,
23,134,0,0.6662822961807251,
23,135,0,0.6822640895843506,
23,136,0,0.8091673851013184,
23,137,0,0.6468865275382996,
23,138,0,0.8277430534362793,
23,139,0,0.7500907182693481,
23,140,0,0.7905703783035278,
23,141,0,0.6781982183456421,
23,142,0,0.6153062582015991,
23,143,0,0.6679214239120483,
23,144,0,0.6393660306930542,
23,145,0,0.6044963598251343,
23,146,0,0.7331401705741882,
23,147,0,0.7212682962417603,
23,148,0,0.7085731029510498,
23,149,0,0.6001423597335815,
23,150,0,0.7924915552139282,
23,151,0,0.693568229675293,
23,152,0,0.8155808448791504,
23,153,0,0.7235144376754761,
23,154,0,0.8086937665939331,
23,155,0,0.6937227249145508,
23,156,0,0.6913118362426758,
23,157,0,0.725653886795044,
23,158,0,0.656028151512146,
23,159,0,0.6503163576126099,
23,160,0,0.7180883884429932,
23,161,0,0.7546937465667725,
23,162,0,0.7670304775238037,
23,163,0,0.8063149452209473,
23,164,0,0.7370256185531616,
23,165,0,0.70826256275177,
23,166,0,0.6633039712905884,
23,167,0,0.795560896396637,
23,168,0,0.5789083242416382,
23,169,0,0.605128824710846,
23,170,0,0.7190661430358887,
23,171,0,0.7096217274665833,
23,172,0,0.7513803839683533,
23,173,0,0.6038979291915894,
23,174,0,0.6581766605377197,
23,175,0,0.7444119453430176,
23,176,0,0.8106722235679626,
23,177,0,0.8229885101318359,
23,178,0,0.7710071802139282,
23,179,0,0.7572241425514221,
23,180,0,0.8038323521614075,
23,181,0,0.7748859524726868,
23,182,0,0.7204558849334717,
23,183,0,0.6381372213363647,
23,184,0,0.8095613121986389,
23,185,0,0.7729442119598389,
23,186,0,0.7749316096305847,
23,187,0,0.7965970039367676,
23,188,0,0.7632306814193726,
23,189,0,0.7286022305488586,
23,190,0,0.6497744917869568,
23,191,0,0.6020045280456543,
23,192,0,0.6209626197814941,
23,193,0,0.7993801236152649,
23,194,0,0.7743301391601562,
23,195,0,0.7551696300506592,
23,196,0,0.5840803980827332,
23,197,0,0.5657064318656921,
23,198,0,0.6676574945449829,
23,199,0,0.8030543923377991,
23,200,0,0.7387533187866211,
23,201,0,0.7776874303817749,
23,202,0,0.8060289621353149,
23,203,0,0.7969952821731567,
23,204,0,0.8218539953231812,
23,205,0,0.738269031047821,
23,206,0,0.6609737873077393,
23,207,0,0.6601470708847046,
23,208,0,0.810570240020752,
23,209,0,0.6972204446792603,
23,210,0,0.8228169679641724,
23,211,0,0.721542239189148,
23,212,0,0.7043477892875671,
23,213,0,0.6591649055480957,
23,214,0,0.7854682803153992,
23,215,0,0.67535799741745,
23,216,0,0.8092860579490662,
23,217,0,0.7867193818092346,
23,218,0,0.6773606538772583,
23,219,0,0.5978600978851318,
23,220,0,0.6018182039260864,
23,221,0,0.7439432144165039,
23,222,0,0.639689564704895,
23,223,0,0.5744889974594116,
23,224,0,0.824985146522522,
23,225,0,0.5852030515670776,
23,226,0,0.681376576423645,
23,227,0,0.7191194891929626,
23,228,0,0.7278410196304321,
23,229,0,0.8011730909347534,
23,230,0,0.7407416105270386,
23,231,0,0.5966383218765259,
23,232,0,0.6738249063491821,
23,233,0,0.7800899744033813,
23,234,0,0.6878349781036377,
23,235,0,0.665061354637146,
23,236,0,0.5950701236724854,
23,237,0,0.6879094839096069,
23,238,0,0.814401388168335,
23,239,0,0.8266693949699402,
23,240,0,0.7420318126678467,
23,241,0,0.785885214805603,
23,242,0,0.6886835098266602,
23,243,0,0.6754401922225952,
23,244,0,0.6773208975791931,
23,245,0,0.7118501663208008,
23,246,0,0.7975279688835144,
23,247,0,0.771754264831543,
23,248,0,0.7969605922698975,
23,249,0,0.7039828300476074,
23,250,0,0.7300459146499634,
23,251,0,0.7305999994277954,
23,252,0,0.8139675855636597,
23,253,0,0.6488709449768066,
23,254,0,0.5604586601257324,
23,255,0,0.7791746258735657,
23,256,0,0.7669680714607239,
23,257,0,0.8126240372657776,
23,258,0,0.6776596307754517,
23,259,0,0.8199427127838135,
23,260,0,0.6446999907493591,
23,261,0,0.6330530643463135,
23,262,0,0.6020047664642334,
23,263,0,0.746634304523468,
23,264,0,0.7392047643661499,
23,265,0,0.6333341002464294,
23,266,0,0.6078734397888184,
23,267,0,0.7885330319404602,
23,268,0,0.8037548661231995,
23,269,0,0.7637879848480225,
23,270,0,0.7760103344917297,
23,271,0,0.5931569933891296,
23,272,0,0.7618311643600464,
23,273,0,0.8098354339599609,
23,274,0,0.7675474286079407,
23,275,0,0.5623888969421387,
23,276,0,0.785389244556427,
23,277,0,0.7946031093597412,
23,278,0,0.637759804725647,
23,279,0,0.733678936958313,
23,280,0,0.7539076805114746,
23,281,0,0.6657532453536987,
23,282,0,0.7388855218887329,
23,283,0,0.667041540145874,
23,284,0,0.6555299758911133,
23,285,0,0.7219140529632568,
23,286,0,0.7971831560134888,
23,287,0,0.7358787059783936,
23,288,0,0.8068928718566895,
23,289,0,0.6810907125473022,
23,290,0,0.8087239861488342,
23,291,0,0.8258479237556458,
23,292,0,0.7631822228431702,
23,293,0,0.5808901786804199,
23,294,0,0.724254846572876,
23,295,0,0.5977838039398193,
23,296,0,0.6751072406768799,
23,297,0,0.8106819987297058,
23,298,0,0.6686773896217346,
23,299,0,0.7570505738258362,
23,300,0,0.5955872535705566,
23,301,0,0.7695114612579346,
23,302,0,0.761104166507721,
23,303,0,0.7928140759468079,
23,304,0,0.6723009347915649,
23,305,0,0.7366892099380493,
23,306,0,0.5791403651237488,
23,307,0,0.6113701462745667,
23,308,0,0.763615071773529,
23,309,0,0.6597061157226562,
23,310,0,0.7199878096580505,
23,311,0,0.6496715545654297,
23,312,0,0.7353522777557373,
23,313,0,0.7335594892501831,
23,314,0,0.7625804543495178,
23,315,0,0.7594342827796936,
23,316,0,0.7829535603523254,
23,317,0,0.7882410287857056,
23,318,0,0.7921019196510315,
23,319,0,0.8058153390884399,
23,320,0,0.652438759803772,
23,321,0,0.6203972101211548,
23,322,0,0.8243082761764526,
23,323,0,0.822293221950531,
23,324,0,0.7036718726158142,
23,325,0,0.8139493465423584,
23,326,0,0.8082128763198853,
23,327,0,0.6439424753189087,
23,328,0,0.6431866884231567,
23,329,0,0.5589315891265869,
23,330,0,0.7483978271484375,
23,331,0,0.7148196697235107,
23,332,0,0.7629808187484741,
23,333,0,0.6600638628005981,
23,334,0,0.6818439960479736,
23,335,0,0.7905322909355164,
23,336,0,0.7524791359901428,
23,337,0,0.6292271614074707,
23,338,0,0.7222633361816406,
23,339,0,0.7110225558280945,
23,340,0,0.7834632396697998,
23,341,0,0.7375566959381104,
23,342,0,0.7954074144363403,
23,343,0,0.7897451519966125,
23,344,0,0.7518490552902222,
23,345,0,0.5725079774856567,
23,346,0,0.6468127965927124,
23,347,0,0.7722225189208984,
23,348,0,0.817997395992279,
23,349,0,0.6507587432861328,
23,350,0,0.7008794546127319,
23,351,0,0.6646654009819031,
23,352,0,0.760677695274353,
23,353,0,0.6903632879257202,
23,354,0,0.8203707337379456,
23,355,0,0.6774996519088745,
23,356,0,0.750072717666626,
23,357,0,0.7017138004302979,
23,358,0,0.7899807691574097,
23,359,0,0.786025881767273,
23,360,0,0.6742099523544312,
23,361,0,0.6543144583702087,
23,362,0,0.7220940589904785,
23,363,0,0.7261830568313599,
23,364,0,0.6427325010299683,
23,365,0,0.5700132250785828,
23,366,0,0.5988771915435791,
23,367,0,0.6013152599334717,
23,368,0,0.7828195691108704,
23,369,0,0.8138976693153381,
23,370,0,0.7127577066421509,
23,371,0,0.7130643725395203,
23,372,0,0.6841176748275757,
23,373,0,0.7634546756744385,
23,374,0,0.6962622404098511,
23,375,0,0.6502764225006104,
23,376,0,0.7096959352493286,
23,377,0,0.8120691776275635,
23,378,0,0.599511981010437,
23,379,0,0.8144186735153198,
23,380,0,0.5632461309432983,
23,381,0,0.597042977809906,
23,382,0,0.6247138381004333,
23,383,0,0.5951564311981201,
23,384,0,0.7966450452804565,
23,385,0,0.7833858728408813,
23,386,0,0.6518454551696777,
23,387,0,0.6886627674102783,
23,388,0,0.6085735559463501,
23,389,0,0.8180182576179504,
23,390,0,0.5824804306030273,
23,391,0,0.7232015132904053,
23,392,0,0.812709391117096,
23,393,0,0.7510870695114136,
23,394,0,0.6677765250205994,
23,395,0,0.7881051301956177,
23,396,0,0.7297722101211548,
23,397,0,0.7932794094085693,
23,398,0,0.8084275722503662,
23,399,0,0.6707352995872498,
23,400,0,0.7882158756256104,
23,401,0,0.6501998901367188,
23,402,0,0.7379053831100464,
23,403,0,0.7735167145729065,
23,404,0,0.7035726308822632,
23,405,0,0.8111486434936523,
23,406,0,0.6761473417282104,
23,407,0,0.6971151828765869,
23,408,0,0.598527193069458,
23,409,0,0.63746577501297,
23,410,0,0.6264997720718384,
23,411,0,0.587979793548584,
23,412,0,0.8253124356269836,
23,413,0,0.7995928525924683,
23,414,0,0.6183885931968689,
23,415,0,0.7433945536613464,
23,416,0,0.8327854871749878,
23,417,0,0.6288191080093384,
23,418,0,0.5854512453079224,
23,419,0,0.5520603656768799,
23,420,0,0.6907112002372742,
23,421,0,0.8032299280166626,
23,422,0,0.8112161755561829,
23,423,0,0.804487407207489,
23,424,0,0.6399343013763428,
23,425,0,0.7534216642379761,
23,426,0,0.7631922364234924,
23,427,0,0.6605851650238037,
23,428,0,0.7121628522872925,
23,429,0,0.7808409333229065,
23,430,0,0.7813639044761658,
23,431,0,0.620480477809906,
23,432,0,0.7859225869178772,
23,433,0,0.7355700731277466,
23,434,0,0.8169256448745728,
23,435,0,0.6035572290420532,
23,436,0,0.6431111097335815,
23,437,0,0.6857418417930603,
23,438,0,0.8118801116943359,
23,439,0,0.6984591484069824,
23,440,0,0.5887489318847656,
23,441,0,0.7418979406356812,
23,442,0,0.7092790603637695,
23,443,0,0.8058407306671143,
23,444,0,0.7685572504997253,
23,445,0,0.7351531982421875,
23,446,0,0.7423481941223145,
23,447,0,0.7415275573730469,
23,448,0,0.5999875068664551,
23,449,0,0.742921769618988,
23,450,0,0.8032253980636597,
23,451,0,0.7170926332473755,
23,452,0,0.636797308921814,
23,453,0,0.8125227689743042,
23,454,0,0.7491060495376587,
23,455,0,0.7271798849105835,
23,456,0,0.7802154421806335,
23,457,0,0.7786586284637451,
23,458,0,0.7118573188781738,
23,459,0,0.6580182313919067,
23,460,0,0.669127881526947,
23,461,0,0.6244206428527832,
23,462,0,0.723978579044342,
23,463,0,0.7471874952316284,
23,464,0,0.7253099679946899,
23,465,0,0.5884696245193481,
23,466,0,0.7042025923728943,
23,467,0,0.7120593786239624,
23,468,0,0.7754011154174805,
23,469,0,0.8025710582733154,
23,470,0,0.6153500080108643,
23,471,0,0.7172607183456421,
23,472,0,0.6556414365768433,
23,473,0,0.7427902221679688,
23,474,0,0.7698367834091187,
23,475,0,0.8025920987129211,
23,476,0,0.7889458537101746,
23,477,0,0.639959454536438,
23,478,0,0.8221896886825562,
23,479,0,0.8044651746749878,
23,480,0,0.5690197944641113,
23,481,0,0.7541306614875793,
23,482,0,0.5770925283432007,
23,483,0,0.7301625609397888,
23,484,0,0.7240499258041382,
23,485,0,0.7219082713127136,
23,486,0,0.5557949542999268,
23,487,0,0.7325090169906616,
23,488,0,0.6442209482192993,
23,489,0,0.7212904095649719,
23,490,0,0.7192659378051758,
23,491,0,0.6345435380935669,
23,492,0,0.7242642045021057,
23,493,0,0.8196782469749451,
23,494,0,0.789109468460083,
23,495,0,0.6722284555435181,
23,496,0,0.685602068901062,
23,497,0,0.7436087131500244,
23,498,0,0.7187663316726685,
23,499,0,0.6023026704788208,
23,500,0,0.568092942237854,
23,501,0,0.6761934161186218,
23,502,0,0.5869084596633911,
23,503,0,0.6583864688873291,
23,504,0,0.659193754196167,
23,505,0,0.766040563583374,
23,506,0,0.7226839065551758,
23,507,0,0.6599115133285522,
23,508,0,0.8055209517478943,
23,509,0,0.724018931388855,
23,510,0,0.7020653486251831,
23,511,0,0.7343013286590576,
23,512,0,0.6850513815879822,
23,513,0,0.8090004324913025,
23,514,0,0.6453174948692322,
23,515,0,0.6124048233032227,
23,516,0,0.627135694026947,
23,517,0,0.6142065525054932,
23,518,0,0.6862462759017944,
23,519,0,0.7295197248458862,
23,520,0,0.6135560870170593,
23,521,0,0.6363877058029175,
23,522,0,0.7507510185241699,
23,523,0,0.7904717922210693,
23,524,0,0.7662316560745239,
23,525,0,0.7303720712661743,
23,526,0,0.7898283004760742,
23,527,0,0.7232427597045898,
23,528,0,0.7476471662521362,
23,529,0,0.788253903388977,
23,530,0,0.7522164583206177,
23,531,0,0.5882289409637451,
23,532,0,0.7611073851585388,
23,533,0,0.819622814655304,
23,534,0,0.7520461678504944,
23,535,0,0.6516633033752441,
23,536,0,0.7274175882339478,
23,537,0,0.7855643630027771,
23,538,0,0.5697640180587769,
23,539,0,0.6791186332702637,
23,540,0,0.7096439599990845,
23,541,0,0.7897068858146667,
23,542,0,0.7357344627380371,
23,543,0,0.6070717573165894,
23,544,0,0.6355416178703308,
23,545,0,0.6293501853942871,
23,546,0,0.703464150428772,
23,547,0,0.7540811896324158,
23,548,0,0.6848584413528442,
23,549,0,0.7616515755653381,
23,550,0,0.7120898365974426,
23,551,0,0.7180813550949097,
23,552,0,0.5924161672592163,
23,553,0,0.7449796199798584,
23,554,0,0.7073858976364136,
23,555,0,0.6593329906463623,
23,556,0,0.6842352747917175,
23,557,0,0.7358295321464539,
23,558,0,0.7421684265136719,
23,559,0,0.608163595199585,
23,560,0,0.7761282920837402,
23,561,0,0.666817843914032,
23,562,0,0.7757798433303833,
23,563,0,0.7472076416015625,
23,564,0,0.6761519908905029,
23,565,0,0.645186185836792,
23,566,0,0.834656834602356,
23,567,0,0.6700361967086792,
23,568,0,0.6026797294616699,
23,569,0,0.7521337270736694,
23,570,0,0.6351841688156128,
23,571,0,0.6520131826400757,
23,572,0,0.8181565403938293,
23,573,0,0.7157483100891113,
23,574,0,0.7884302735328674,
23,575,0,0.5956615209579468,
23,576,0,0.5645835399627686,
23,577,0,0.63762366771698,
23,578,0,0.7604485750198364,
23,579,0,0.7745333909988403,
23,580,0,0.765705943107605,
23,581,0,0.7061395645141602,
23,582,0,0.6771513223648071,
23,583,0,0.7342256307601929,
23,584,0,0.7449996471405029,
23,585,0,0.7184133529663086,
23,586,0,0.616787314414978,
23,587,0,0.8141208291053772,
23,588,0,0.6451445817947388,
23,589,0,0.6632331609725952,
23,590,0,0.7745672464370728,
23,591,0,0.6312920451164246,
23,592,0,0.7927123308181763,
23,593,0,0.6343722343444824,
23,594,0,0.6162147521972656,
23,595,0,0.8073804974555969,
23,596,0,0.80234295129776,
23,597,0,0.6769005656242371,
23,598,0,0.5694249868392944,
23,599,0,0.7488282918930054,
23,600,0,0.8023061752319336,
23,601,0,0.5863471031188965,
23,602,0,0.665374219417572,
23,603,0,0.8171514868736267,
23,604,0,0.6340374946594238,
23,val,,,0.8107587925593058
24,0,0,0.7281503677368164,
24,1,0,0.8047753572463989,
24,2,0,0.6271438002586365,
24,3,0,0.7710170745849609,
24,4,0,0.7161494493484497,
24,5,0,0.7817005515098572,
24,6,0,0.8194597363471985,
24,7,0,0.7352356910705566,
24,8,0,0.7981795072555542,
24,9,0,0.8128668665885925,
24,10,0,0.7062778472900391,
24,11,0,0.7357820272445679,
24,12,0,0.6315388083457947,
24,13,0,0.7617802023887634,
24,14,0,0.7342765927314758,
24,15,0,0.6968136429786682,
24,16,0,0.701799213886261,
24,17,0,0.7605831623077393,
24,18,0,0.8174815773963928,
24,19,0,0.710064709186554,
24,20,0,0.7636798620223999,
24,21,0,0.7360647916793823,
24,22,0,0.7327390909194946,
24,23,0,0.7517977952957153,
24,24,0,0.7666503190994263,
24,25,0,0.6534677743911743,
24,26,0,0.6909301280975342,
24,27,0,0.695003867149353,
24,28,0,0.7098487615585327,
24,29,0,0.7380024194717407,
24,30,0,0.7600380778312683,
24,31,0,0.7093548774719238,
24,32,0,0.7880796194076538,
24,33,0,0.757483959197998,
24,34,0,0.6838233470916748,
24,35,0,0.7955052852630615,
24,36,0,0.6950075030326843,
24,37,0,0.7576362490653992,
24,38,0,0.6749290227890015,
24,39,0,0.6939743757247925,
24,40,0,0.6562657356262207,
24,41,0,0.7602198719978333,
24,42,0,0.7278480529785156,
24,43,0,0.8046642541885376,
24,44,0,0.6801831722259521,
24,45,0,0.7629812359809875,
24,46,0,0.7645609378814697,
24,47,0,0.6288301348686218,
24,48,0,0.7942532896995544,
24,49,0,0.6616767644882202,
24,50,0,0.8236581683158875,
24,51,0,0.8015362620353699,
24,52,0,0.8150629997253418,
24,53,0,0.7441757917404175,
24,54,0,0.6555508971214294,
24,55,0,0.7955232858657837,
24,56,0,0.5927740335464478,
24,57,0,0.6897616386413574,
24,58,0,0.7184360027313232,
24,59,0,0.8133885264396667,
24,60,0,0.7921555042266846,
24,61,0,0.8101875185966492,
24,62,0,0.6212593913078308,
24,63,0,0.7413644790649414,
24,64,0,0.7267080545425415,
24,65,0,0.7781454920768738,
24,66,0,0.6322433948516846,
24,67,0,0.6978024840354919,
24,68,0,0.7271816730499268,
24,69,0,0.8142110705375671,
24,70,0,0.5522817373275757,
24,71,0,0.7173295021057129,
24,72,0,0.6484372019767761,
24,73,0,0.6934812068939209,
24,74,0,0.739963173866272,
24,75,0,0.782029390335083,
24,76,0,0.7345763444900513,
24,77,0,0.804002583026886,
24,78,0,0.76259845495224,
24,79,0,0.6282262206077576,
24,80,0,0.7059857249259949,
24,81,0,0.6775462627410889,
24,82,0,0.7388589382171631,
24,83,0,0.7773718237876892,
24,84,0,0.8136592507362366,
24,85,0,0.8055635690689087,
24,86,0,0.7369965314865112,
24,87,0,0.7863574028015137,
24,88,0,0.701290488243103,
24,89,0,0.7104153633117676,
24,90,0,0.7958876490592957,
24,91,0,0.6386924982070923,
24,92,0,0.7238659858703613,
24,93,0,0.817991316318512,
24,94,0,0.6668603420257568,
24,95,0,0.5359939336776733,
24,96,0,0.7369756698608398,
24,97,0,0.5944110155105591,
24,98,0,0.7768322229385376,
24,99,0,0.6889466047286987,
24,100,0,0.682559609413147,
24,101,0,0.6867724657058716,
24,102,0,0.6596564054489136,
24,103,0,0.7637560367584229,
24,104,0,0.7344458103179932,
24,105,0,0.6978615522384644,
24,106,0,0.573952853679657,
24,107,0,0.6444113254547119,
24,108,0,0.763852059841156,
24,109,0,0.7278671264648438,
24,110,0,0.7956972122192383,
24,111,0,0.794278085231781,
24,112,0,0.5442917346954346,
24,113,0,0.7551478147506714,
24,114,0,0.7454590797424316,
24,115,0,0.6256866455078125,
24,116,0,0.5970332026481628,
24,117,0,0.5852847099304199,
24,118,0,0.8345136642456055,
24,119,0,0.6717808246612549,
24,120,0,0.78025883436203,
24,121,0,0.7975002527236938,
24,122,0,0.6729092597961426,
24,123,0,0.5970282554626465,
24,124,0,0.6973145008087158,
24,125,0,0.6240832805633545,
24,126,0,0.731047511100769,
24,127,0,0.6479734182357788,
24,128,0,0.7643007040023804,
24,129,0,0.684261679649353,
24,130,0,0.8071820735931396,
24,131,0,0.7565000653266907,
24,132,0,0.6629873514175415,
24,133,0,0.8042235374450684,
24,134,0,0.6661052107810974,
24,135,0,0.6757510900497437,
24,136,0,0.8139700889587402,
24,137,0,0.6422384977340698,
24,138,0,0.8125367164611816,
24,139,0,0.7513633966445923,
24,140,0,0.7969683408737183,
24,141,0,0.6758859157562256,
24,142,0,0.6119346618652344,
24,143,0,0.6631101965904236,
24,144,0,0.6387922763824463,
24,145,0,0.6052306890487671,
24,146,0,0.7227928638458252,
24,147,0,0.7277663350105286,
24,148,0,0.7043447494506836,
24,149,0,0.586195170879364,
24,150,0,0.8013925552368164,
24,151,0,0.6834948062896729,
24,152,0,0.8125592470169067,
24,153,0,0.7343193888664246,
24,154,0,0.8124774694442749,
24,155,0,0.6875733137130737,
24,156,0,0.6843327283859253,
24,157,0,0.7207973003387451,
24,158,0,0.6413437128067017,
24,159,0,0.6386159062385559,
24,160,0,0.7236862182617188,
24,161,0,0.7453571557998657,
24,162,0,0.7650148868560791,
24,163,0,0.8171913623809814,
24,164,0,0.7344490885734558,
24,165,0,0.705906867980957,
24,166,0,0.6621341109275818,
24,167,0,0.7977282404899597,
24,168,0,0.5670360326766968,
24,169,0,0.5999412536621094,
24,170,0,0.7086019515991211,
24,171,0,0.6984818577766418,
24,172,0,0.7446061372756958,
24,173,0,0.5993760824203491,
24,174,0,0.6460323333740234,
24,175,0,0.7395565509796143,
24,176,0,0.8211236000061035,
24,177,0,0.8278860449790955,
24,178,0,0.7631663084030151,
24,179,0,0.764298141002655,
24,180,0,0.8042874932289124,
24,181,0,0.7683022618293762,
24,182,0,0.7232381701469421,
24,183,0,0.6167573928833008,
24,184,0,0.8133692741394043,
24,185,0,0.7719332575798035,
24,186,0,0.7676163911819458,
24,187,0,0.789564847946167,
24,188,0,0.7645389437675476,
24,189,0,0.7200980186462402,
24,190,0,0.6454667448997498,
24,191,0,0.5962364673614502,
24,192,0,0.6049144864082336,
24,193,0,0.7964838743209839,
24,194,0,0.7824884653091431,
24,195,0,0.7565097212791443,
24,196,0,0.5757553577423096,
24,197,0,0.553958535194397,
24,198,0,0.6601485013961792,
24,199,0,0.7990133762359619,
24,200,0,0.7305847406387329,
24,201,0,0.7723946571350098,
24,202,0,0.8050569891929626,
24,203,0,0.7994189262390137,
24,204,0,0.8233306407928467,
24,205,0,0.7379329204559326,
24,206,0,0.6543463468551636,
24,207,0,0.6564639806747437,
24,208,0,0.8071240782737732,
24,209,0,0.7071244716644287,
24,210,0,0.8155421018600464,
24,211,0,0.7195993065834045,
24,212,0,0.699662446975708,
24,213,0,0.6490674018859863,
24,214,0,0.7881913185119629,
24,215,0,0.6753327250480652,
24,216,0,0.802534282207489,
24,217,0,0.7821758985519409,
24,218,0,0.6764001846313477,
24,219,0,0.5856544375419617,
24,220,0,0.6107193231582642,
24,221,0,0.7377134561538696,
24,222,0,0.6426821947097778,
24,223,0,0.573837161064148,
24,224,0,0.8221853971481323,
24,225,0,0.5654032230377197,
24,226,0,0.6886981725692749,
24,227,0,0.7060654163360596,
24,228,0,0.710760235786438,
24,229,0,0.7910332679748535,
24,230,0,0.7368046045303345,
24,231,0,0.5938422679901123,
24,232,0,0.6700729131698608,
24,233,0,0.7771042585372925,
24,234,0,0.6840761303901672,
24,235,0,0.6647605895996094,
24,236,0,0.5875633955001831,
24,237,0,0.6886469721794128,
24,238,0,0.814846932888031,
24,239,0,0.8278408050537109,
24,240,0,0.744755208492279,
24,241,0,0.7913607358932495,
24,242,0,0.6766005754470825,
24,243,0,0.6672132015228271,
24,244,0,0.677376389503479,
24,245,0,0.704190731048584,
24,246,0,0.8009293079376221,
24,247,0,0.7676901817321777,
24,248,0,0.7957620024681091,
24,249,0,0.6834022998809814,
24,250,0,0.7265267372131348,
24,251,0,0.7191481590270996,
24,252,0,0.8127313256263733,
24,253,0,0.6385411024093628,
24,254,0,0.5545146465301514,
24,255,0,0.7689716815948486,
24,256,0,0.7617244124412537,
24,257,0,0.8133077621459961,
24,258,0,0.6703125238418579,
24,259,0,0.8214431405067444,
24,260,0,0.6391155123710632,
24,261,0,0.624704122543335,
24,262,0,0.5976583957672119,
24,263,0,0.7397165298461914,
24,264,0,0.7305729389190674,
24,265,0,0.6274843215942383,
24,266,0,0.5979999303817749,
24,267,0,0.7862511873245239,
24,268,0,0.8035905361175537,
24,269,0,0.7699263095855713,
24,270,0,0.77781081199646,
24,271,0,0.5825603008270264,
24,272,0,0.7575679421424866,
24,273,0,0.8044516444206238,
24,274,0,0.7662245035171509,
24,275,0,0.5560356974601746,
24,276,0,0.7800841927528381,
24,277,0,0.7983962893486023,
24,278,0,0.6222662925720215,
24,279,0,0.7304186224937439,
24,280,0,0.7408784627914429,
24,281,0,0.6487005949020386,
24,282,0,0.732909619808197,
24,283,0,0.6629163026809692,
24,284,0,0.6462632417678833,
24,285,0,0.7226998805999756,
24,286,0,0.7873364686965942,
24,287,0,0.7300761938095093,
24,288,0,0.8065770268440247,
24,289,0,0.6813380718231201,
24,290,0,0.809570848941803,
24,291,0,0.8200750350952148,
24,292,0,0.7547488808631897,
24,293,0,0.580297589302063,
24,294,0,0.7089921236038208,
24,295,0,0.5969185829162598,
24,296,0,0.6711990237236023,
24,297,0,0.8121314644813538,
24,298,0,0.6535711288452148,
24,299,0,0.7656203508377075,
24,300,0,0.6057015657424927,
24,301,0,0.7859042882919312,
24,302,0,0.7505942583084106,
24,303,0,0.8014253377914429,
24,304,0,0.6714587211608887,
24,305,0,0.7369378805160522,
24,306,0,0.5668356418609619,
24,307,0,0.6014613509178162,
24,308,0,0.7654197216033936,
24,309,0,0.6653382182121277,
24,310,0,0.7212013602256775,
24,311,0,0.6561159491539001,
24,312,0,0.7416568994522095,
24,313,0,0.7376791834831238,
24,314,0,0.7618756294250488,
24,315,0,0.763809084892273,
24,316,0,0.790292501449585,
24,317,0,0.7885127067565918,
24,318,0,0.7891331315040588,
24,319,0,0.8061032295227051,
24,320,0,0.645881175994873,
24,321,0,0.6272783279418945,
24,322,0,0.8259031176567078,
24,323,0,0.8210503458976746,
24,324,0,0.696050763130188,
24,325,0,0.811709463596344,
24,326,0,0.8032411336898804,
24,327,0,0.6331477761268616,
24,328,0,0.6333723068237305,
24,329,0,0.5527944564819336,
24,330,0,0.7427157163619995,
24,331,0,0.7213424444198608,
24,332,0,0.7557147741317749,
24,333,0,0.6595361232757568,
24,334,0,0.6933531761169434,
24,335,0,0.7934898138046265,
24,336,0,0.7511110901832581,
24,337,0,0.6263926029205322,
24,338,0,0.7159831523895264,
24,339,0,0.7078456282615662,
24,340,0,0.7862078547477722,
24,341,0,0.7258715629577637,
24,342,0,0.7944703102111816,
24,343,0,0.7936139702796936,
24,344,0,0.7531675100326538,
24,345,0,0.5699700117111206,
24,346,0,0.6486775875091553,
24,347,0,0.7594694495201111,
24,348,0,0.8249748349189758,
24,349,0,0.6451514959335327,
24,350,0,0.692936897277832,
24,351,0,0.6533464193344116,
24,352,0,0.7663759589195251,
24,353,0,0.6811124086380005,
24,354,0,0.8223682641983032,
24,355,0,0.6729578375816345,
24,356,0,0.7354635000228882,
24,357,0,0.698096513748169,
24,358,0,0.802240788936615,
24,359,0,0.7757531404495239,
24,360,0,0.6746760606765747,
24,361,0,0.6473079323768616,
24,362,0,0.7265207767486572,
24,363,0,0.7282502055168152,
24,364,0,0.6429034471511841,
24,365,0,0.5743219256401062,
24,366,0,0.5861186981201172,
24,367,0,0.5824531316757202,
24,368,0,0.7879793643951416,
24,369,0,0.8112437725067139,
24,370,0,0.7065161466598511,
24,371,0,0.7046273946762085,
24,372,0,0.6761230230331421,
24,373,0,0.7642563581466675,
24,374,0,0.7002564668655396,
24,375,0,0.6412333250045776,
24,376,0,0.7112568616867065,
24,377,0,0.8096074461936951,
24,378,0,0.6145944595336914,
24,379,0,0.811068058013916,
24,380,0,0.5545824766159058,
24,381,0,0.612011194229126,
24,382,0,0.610584557056427,
24,383,0,0.5777930021286011,
24,384,0,0.8079668283462524,
24,385,0,0.7795558571815491,
24,386,0,0.6356768012046814,
24,387,0,0.6781566739082336,
24,388,0,0.6038796305656433,
24,389,0,0.813929557800293,
24,390,0,0.5735732913017273,
24,391,0,0.7241722345352173,
24,392,0,0.8106799125671387,
24,393,0,0.754705011844635,
24,394,0,0.6551887392997742,
24,395,0,0.7853991985321045,
24,396,0,0.7247703075408936,
24,397,0,0.7920645475387573,
24,398,0,0.8053797483444214,
24,399,0,0.6620934009552002,
24,400,0,0.7937260866165161,
24,401,0,0.647942304611206,
24,402,0,0.7360711097717285,
24,403,0,0.76939457654953,
24,404,0,0.7033717632293701,
24,405,0,0.8055146932601929,
24,406,0,0.6562497615814209,
24,407,0,0.6968610286712646,
24,408,0,0.591469943523407,
24,409,0,0.6303529739379883,
24,410,0,0.6207897067070007,
24,411,0,0.5788806676864624,
24,412,0,0.8278191685676575,
24,413,0,0.7933631539344788,
24,414,0,0.6074001789093018,
24,415,0,0.7397685050964355,
24,416,0,0.8230870366096497,
24,417,0,0.6231424808502197,
24,418,0,0.5970465540885925,
24,419,0,0.5455127954483032,
24,420,0,0.674057126045227,
24,421,0,0.7996344566345215,
24,422,0,0.8044763803482056,
24,423,0,0.8088045120239258,
24,424,0,0.6250702142715454,
24,425,0,0.7304455041885376,
24,426,0,0.7718470692634583,
24,427,0,0.6589981913566589,
24,428,0,0.7070050835609436,
24,429,0,0.785396158695221,
24,430,0,0.7785153388977051,
24,431,0,0.6132891178131104,
24,432,0,0.7835843563079834,
24,433,0,0.7320791482925415,
24,434,0,0.8222561478614807,
24,435,0,0.5958164930343628,
24,436,0,0.6379044055938721,
24,437,0,0.6659762263298035,
24,438,0,0.808700680732727,
24,439,0,0.6944627165794373,
24,440,0,0.5844743251800537,
24,441,0,0.7299175262451172,
24,442,0,0.7111159563064575,
24,443,0,0.8031352162361145,
24,444,0,0.7660661935806274,
24,445,0,0.7273024916648865,
24,446,0,0.728479266166687,
24,447,0,0.740990400314331,
24,448,0,0.5920537710189819,
24,449,0,0.7511469125747681,
24,450,0,0.8078528642654419,
24,451,0,0.723122775554657,
24,452,0,0.6324068903923035,
24,453,0,0.8150014877319336,
24,454,0,0.7399255037307739,
24,455,0,0.7289146780967712,
24,456,0,0.7772675156593323,
24,457,0,0.7884044051170349,
24,458,0,0.7137347459793091,
24,459,0,0.6491321325302124,
24,460,0,0.6533811092376709,
24,461,0,0.6215745210647583,
24,462,0,0.7230476140975952,
24,463,0,0.7388820052146912,
24,464,0,0.731024444103241,
24,465,0,0.5909943580627441,
24,466,0,0.7076587677001953,
24,467,0,0.69456946849823,
24,468,0,0.7732533812522888,
24,469,0,0.8073371052742004,
24,470,0,0.615747332572937,
24,471,0,0.7086266875267029,
24,472,0,0.654339075088501,
24,473,0,0.745843768119812,
24,474,0,0.7742822170257568,
24,475,0,0.8029499650001526,
24,476,0,0.792352557182312,
24,477,0,0.6219053268432617,
24,478,0,0.8124858140945435,
24,479,0,0.8035135865211487,
24,480,0,0.5840040445327759,
24,481,0,0.760280966758728,
24,482,0,0.5718563795089722,
24,483,0,0.7351973056793213,
24,484,0,0.7239387035369873,
24,485,0,0.7226699590682983,
24,486,0,0.551292896270752,
24,487,0,0.7292397022247314,
24,488,0,0.6270172595977783,
24,489,0,0.7159280180931091,
24,490,0,0.7154486775398254,
24,491,0,0.6199948787689209,
24,492,0,0.7302929162979126,
24,493,0,0.8184957504272461,
24,494,0,0.7773738503456116,
24,495,0,0.6797428131103516,
24,496,0,0.6793245077133179,
24,497,0,0.740698516368866,
24,498,0,0.720889687538147,
24,499,0,0.596439003944397,
24,500,0,0.5456985235214233,
24,501,0,0.6790523529052734,
24,502,0,0.5815421938896179,
24,503,0,0.6541810035705566,
24,504,0,0.6564056873321533,
24,505,0,0.7593951225280762,
24,506,0,0.7157249450683594,
24,507,0,0.6560825705528259,
24,508,0,0.8048381209373474,
24,509,0,0.7226568460464478,
24,510,0,0.7040479183197021,
24,511,0,0.7337104082107544,
24,512,0,0.672684907913208,
24,513,0,0.8073731064796448,
24,514,0,0.6447874903678894,
24,515,0,0.6052341461181641,
24,516,0,0.622260332107544,
24,517,0,0.6289457082748413,
24,518,0,0.6729617714881897,
24,519,0,0.7305943965911865,
24,520,0,0.5969693660736084,
24,521,0,0.6356019973754883,
24,522,0,0.7517783045768738,
24,523,0,0.7848206162452698,
24,524,0,0.7657806873321533,
24,525,0,0.7250001430511475,
24,526,0,0.7884953618049622,
24,527,0,0.7206978797912598,
24,528,0,0.7341150641441345,
24,529,0,0.793892502784729,
24,530,0,0.7415484189987183,
24,531,0,0.5668560266494751,
24,532,0,0.7576848864555359,
24,533,0,0.8149924874305725,
24,534,0,0.7555550336837769,
24,535,0,0.63629150390625,
24,536,0,0.7276307940483093,
24,537,0,0.7762396335601807,
24,538,0,0.5635163187980652,
24,539,0,0.6857576370239258,
24,540,0,0.6990011930465698,
24,541,0,0.7939294576644897,
24,542,0,0.738716721534729,
24,543,0,0.6054800748825073,
24,544,0,0.6389527320861816,
24,545,0,0.6307690143585205,
24,546,0,0.704553484916687,
24,547,0,0.7407447099685669,
24,548,0,0.6784669160842896,
24,549,0,0.7667258977890015,
24,550,0,0.7108902931213379,
24,551,0,0.7168428301811218,
24,552,0,0.5952802896499634,
24,553,0,0.7399095296859741,
24,554,0,0.6975780725479126,
24,555,0,0.6370912194252014,
24,556,0,0.6726913452148438,
24,557,0,0.7317619919776917,
24,558,0,0.7395799160003662,
24,559,0,0.5915056467056274,
24,560,0,0.7909603118896484,
24,561,0,0.6508297920227051,
24,562,0,0.7730481624603271,
24,563,0,0.7288280725479126,
24,564,0,0.6630688905715942,
24,565,0,0.6392645835876465,
24,566,0,0.826633632183075,
24,567,0,0.6707083582878113,
24,568,0,0.6052510142326355,
24,569,0,0.7457894086837769,
24,570,0,0.6295556426048279,
24,571,0,0.6373745203018188,
24,572,0,0.8169928789138794,
24,573,0,0.7085304260253906,
24,574,0,0.7882144451141357,
24,575,0,0.5735710859298706,
24,576,0,0.5605983734130859,
24,577,0,0.6373727321624756,
24,578,0,0.7572969198226929,
24,579,0,0.7795106172561646,
24,580,0,0.7595679759979248,
24,581,0,0.7119368314743042,
24,582,0,0.6610119342803955,
24,583,0,0.7366139888763428,
24,584,0,0.740777850151062,
24,585,0,0.7205797433853149,
24,586,0,0.6186376810073853,
24,587,0,0.8068486452102661,
24,588,0,0.6516467928886414,
24,589,0,0.6454865336418152,
24,590,0,0.7794264554977417,
24,591,0,0.62285315990448,
24,592,0,0.7940711379051208,
24,593,0,0.6344084739685059,
24,594,0,0.6035211086273193,
24,595,0,0.8118373155593872,
24,596,0,0.8021983504295349,
24,597,0,0.6689957976341248,
24,598,0,0.5716860294342041,
24,599,0,0.7407325506210327,
24,600,0,0.8068084120750427,
24,601,0,0.5896733999252319,
24,602,0,0.66179358959198,
24,603,0,0.8122554421424866,
24,604,0,0.6335576176643372,
24,val,,,0.8102706758181254
25,0,0,0.7411249876022339,
25,1,0,0.7971155643463135,
25,2,0,0.6257429122924805,
25,3,0,0.7784706950187683,
25,4,0,0.7196177244186401,
25,5,0,0.7834099531173706,
25,6,0,0.8101590275764465,
25,7,0,0.7278445959091187,
25,8,0,0.8041406273841858,
25,9,0,0.8177407383918762,
25,10,0,0.7028193473815918,
25,11,0,0.7330942153930664,
25,12,0,0.6221916675567627,
25,13,0,0.7568620443344116,
25,14,0,0.7314037680625916,
25,15,0,0.6959826350212097,
25,16,0,0.6973916292190552,
25,17,0,0.7559825778007507,
25,18,0,0.8132054805755615,
25,19,0,0.7155059576034546,
25,20,0,0.7586263418197632,
25,21,0,0.7352892160415649,
25,22,0,0.7143775224685669,
25,23,0,0.7502847909927368,
25,24,0,0.7636646628379822,
25,25,0,0.6648598909378052,
25,26,0,0.6923314332962036,
25,27,0,0.7017343044281006,
25,28,0,0.7148904204368591,
25,29,0,0.7371560335159302,
25,30,0,0.7453029155731201,
25,31,0,0.7063295841217041,
25,32,0,0.7855649590492249,
25,33,0,0.7586003541946411,
25,34,0,0.6792550086975098,
25,35,0,0.7921915650367737,
25,36,0,0.6854352951049805,
25,37,0,0.7479549646377563,
25,38,0,0.6776584386825562,
25,39,0,0.6838102340698242,
25,40,0,0.6604260206222534,
25,41,0,0.7579375505447388,
25,42,0,0.7214420437812805,
25,43,0,0.8093000650405884,
25,44,0,0.6808644533157349,
25,45,0,0.7476423978805542,
25,46,0,0.7722418904304504,
25,47,0,0.6346278190612793,
25,48,0,0.7933139801025391,
25,49,0,0.6512155532836914,
25,50,0,0.8247302174568176,
25,51,0,0.8007687926292419,
25,52,0,0.8127498030662537,
25,53,0,0.7378134727478027,
25,54,0,0.6496608257293701,
25,55,0,0.8042330145835876,
25,56,0,0.5766918063163757,
25,57,0,0.6932957172393799,
25,58,0,0.7180291414260864,
25,59,0,0.8107424974441528,
25,60,0,0.800638735294342,
25,61,0,0.8173697590827942,
25,62,0,0.6113278865814209,
25,63,0,0.748591423034668,
25,64,0,0.7256330251693726,
25,65,0,0.769140362739563,
25,66,0,0.6277683973312378,
25,67,0,0.6922221183776855,
25,68,0,0.725106954574585,
25,69,0,0.8122332096099854,
25,70,0,0.5554096698760986,
25,71,0,0.7089493274688721,
25,72,0,0.662179708480835,
25,73,0,0.6944720149040222,
25,74,0,0.7267535328865051,
25,75,0,0.7725654244422913,
25,76,0,0.7292580604553223,
25,77,0,0.8032474517822266,
25,78,0,0.755744993686676,
25,79,0,0.6170716285705566,
25,80,0,0.7035679817199707,
25,81,0,0.6722058653831482,
25,82,0,0.7356675863265991,
25,83,0,0.7846492528915405,
25,84,0,0.8105498552322388,
25,85,0,0.7939363718032837,
25,86,0,0.7390999794006348,
25,87,0,0.7837262749671936,
25,88,0,0.6991667151451111,
25,89,0,0.704108715057373,
25,90,0,0.7995026111602783,
25,91,0,0.6286348104476929,
25,92,0,0.7110661268234253,
25,93,0,0.8182043433189392,
25,94,0,0.6737178564071655,
25,95,0,0.5278350114822388,
25,96,0,0.7359178066253662,
25,97,0,0.5755723714828491,
25,98,0,0.7775486707687378,
25,99,0,0.679438591003418,
25,100,0,0.675717294216156,
25,101,0,0.6731078624725342,
25,102,0,0.6499749422073364,
25,103,0,0.7625673413276672,
25,104,0,0.7361816167831421,
25,105,0,0.7039512395858765,
25,106,0,0.5613605380058289,
25,107,0,0.6382772922515869,
25,108,0,0.7582593560218811,
25,109,0,0.7317211627960205,
25,110,0,0.7937757968902588,
25,111,0,0.7988457679748535,
25,112,0,0.5332044959068298,
25,113,0,0.7543961405754089,
25,114,0,0.7333258390426636,
25,115,0,0.6112939715385437,
25,116,0,0.6036614179611206,
25,117,0,0.5701415538787842,
25,118,0,0.822979211807251,
25,119,0,0.6762166023254395,
25,120,0,0.7816784977912903,
25,121,0,0.7911478877067566,
25,122,0,0.6597416400909424,
25,123,0,0.5847464799880981,
25,124,0,0.6892353892326355,
25,125,0,0.6163983345031738,
25,126,0,0.7216280698776245,
25,127,0,0.6449562311172485,
25,128,0,0.7652084231376648,
25,129,0,0.6873935461044312,
25,130,0,0.805828869342804,
25,131,0,0.7546891570091248,
25,132,0,0.6588481664657593,
25,133,0,0.7915099263191223,
25,134,0,0.6557187438011169,
25,135,0,0.6777216792106628,
25,136,0,0.8042784333229065,
25,137,0,0.6437317132949829,
25,138,0,0.8119621872901917,
25,139,0,0.7444251775741577,
25,140,0,0.7980099320411682,
25,141,0,0.6637430191040039,
25,142,0,0.6097166538238525,
25,143,0,0.6532077789306641,
25,144,0,0.6414960622787476,
25,145,0,0.5941389799118042,
25,146,0,0.7164250612258911,
25,147,0,0.7180595397949219,
25,148,0,0.6992270350456238,
25,149,0,0.5795114040374756,
25,150,0,0.7956405282020569,
25,151,0,0.6890842914581299,
25,152,0,0.8138214349746704,
25,153,0,0.7248067855834961,
25,154,0,0.8051282167434692,
25,155,0,0.676950991153717,
25,156,0,0.6824344396591187,
25,157,0,0.724179744720459,
25,158,0,0.6355293989181519,
25,159,0,0.6331900358200073,
25,160,0,0.7157574892044067,
25,161,0,0.7510151863098145,
25,162,0,0.7569332122802734,
25,163,0,0.8168235421180725,
25,164,0,0.7292841076850891,
25,165,0,0.7055799961090088,
25,166,0,0.6601256132125854,
25,167,0,0.8019143342971802,
25,168,0,0.5664169788360596,
25,169,0,0.5952662229537964,
25,170,0,0.7157607078552246,
25,171,0,0.6919546127319336,
25,172,0,0.73426753282547,
25,173,0,0.6132739186286926,
25,174,0,0.6524940729141235,
25,175,0,0.7307878732681274,
25,176,0,0.810279369354248,
25,177,0,0.8334298729896545,
25,178,0,0.764446496963501,
25,179,0,0.7523923516273499,
25,180,0,0.79831862449646,
25,181,0,0.7696020603179932,
25,182,0,0.7089933156967163,
25,183,0,0.6176977157592773,
25,184,0,0.8205708265304565,
25,185,0,0.7668125033378601,
25,186,0,0.7764515280723572,
25,187,0,0.7925110459327698,
25,188,0,0.754077136516571,
25,189,0,0.7144497632980347,
25,190,0,0.6466987133026123,
25,191,0,0.5995073318481445,
25,192,0,0.5919917821884155,
25,193,0,0.8056073188781738,
25,194,0,0.7777907848358154,
25,195,0,0.7601245641708374,
25,196,0,0.5755873918533325,
25,197,0,0.5387133359909058,
25,198,0,0.6455072164535522,
25,199,0,0.8134262561798096,
25,200,0,0.7319923639297485,
25,201,0,0.7655456066131592,
25,202,0,0.8178082704544067,
25,203,0,0.8058840036392212,
25,204,0,0.8191584944725037,
25,205,0,0.7268795967102051,
25,206,0,0.6496295928955078,
25,207,0,0.6574121713638306,
25,208,0,0.8121112585067749,
25,209,0,0.6905865669250488,
25,210,0,0.8261093497276306,
25,211,0,0.725436806678772,
25,212,0,0.6896681785583496,
25,213,0,0.6583617329597473,
25,214,0,0.8002008199691772,
25,215,0,0.6738961935043335,
25,216,0,0.8126562833786011,
25,217,0,0.7902002930641174,
25,218,0,0.6637341976165771,
25,219,0,0.5836644172668457,
25,220,0,0.5976616144180298,
25,221,0,0.7284115552902222,
25,222,0,0.6337730288505554,
25,223,0,0.5790935754776001,
25,224,0,0.8315418362617493,
25,225,0,0.5572769045829773,
25,226,0,0.6757180094718933,
25,227,0,0.7085007429122925,
25,228,0,0.7169408798217773,
25,229,0,0.8041664958000183,
25,230,0,0.7281741499900818,
25,231,0,0.5869224071502686,
25,232,0,0.6724817752838135,
25,233,0,0.7728493213653564,
25,234,0,0.6741398572921753,
25,235,0,0.660157322883606,
25,236,0,0.5927726030349731,
25,237,0,0.695989727973938,
25,238,0,0.8132542967796326,
25,239,0,0.8357492685317993,
25,240,0,0.7415803670883179,
25,241,0,0.7901779413223267,
25,242,0,0.6749634742736816,
25,243,0,0.6690493822097778,
25,244,0,0.6693606376647949,
25,245,0,0.6899135112762451,
25,246,0,0.7935090065002441,
25,247,0,0.7635932564735413,
25,248,0,0.7889918088912964,
25,249,0,0.6895582675933838,
25,250,0,0.7263127565383911,
25,251,0,0.7088397741317749,
25,252,0,0.812373697757721,
25,253,0,0.6446787714958191,
25,254,0,0.5517137050628662,
25,255,0,0.7823181748390198,
25,256,0,0.75895094871521,
25,257,0,0.8189254999160767,
25,258,0,0.6652059555053711,
25,259,0,0.8167601227760315,
25,260,0,0.636437177658081,
25,261,0,0.6183013319969177,
25,262,0,0.6128436326980591,
25,263,0,0.7405551671981812,
25,264,0,0.7297376990318298,
25,265,0,0.6200772523880005,
25,266,0,0.5983790755271912,
25,267,0,0.7809377908706665,
25,268,0,0.8116012811660767,
25,269,0,0.7690836191177368,
25,270,0,0.7701222896575928,
25,271,0,0.5813257694244385,
25,272,0,0.7602470517158508,
25,273,0,0.8129305243492126,
25,274,0,0.7665975689888,
25,275,0,0.5499792098999023,
25,276,0,0.7794615626335144,
25,277,0,0.7885047197341919,
25,278,0,0.6190279722213745,
25,279,0,0.7180553674697876,
25,280,0,0.7357399463653564,
25,281,0,0.6392999887466431,
25,282,0,0.7360881567001343,
25,283,0,0.655890703201294,
25,284,0,0.6348716020584106,
25,285,0,0.7149988412857056,
25,286,0,0.8022587895393372,
25,287,0,0.7236614227294922,
25,288,0,0.7998486757278442,
25,289,0,0.6756938695907593,
25,290,0,0.8109861612319946,
25,291,0,0.815351665019989,
25,292,0,0.7575680017471313,
25,293,0,0.5691249370574951,
25,294,0,0.7056506872177124,
25,295,0,0.5933210253715515,
25,296,0,0.665463924407959,
25,297,0,0.8007486462593079,
25,298,0,0.6553632020950317,
25,299,0,0.754997730255127,
25,300,0,0.5922853946685791,
25,301,0,0.7737417817115784,
25,302,0,0.7443034052848816,
25,303,0,0.8029080033302307,
25,304,0,0.660742998123169,
25,305,0,0.7221612930297852,
25,306,0,0.5729873180389404,
25,307,0,0.5952867269515991,
25,308,0,0.7572028636932373,
25,309,0,0.6668918132781982,
25,310,0,0.7098817825317383,
25,311,0,0.64972984790802,
25,312,0,0.7323644757270813,
25,313,0,0.7358881831169128,
25,314,0,0.7558924555778503,
25,315,0,0.7594047784805298,
25,316,0,0.7801205515861511,
25,317,0,0.7786923050880432,
25,318,0,0.7936335206031799,
25,319,0,0.8058457374572754,
25,320,0,0.6501362323760986,
25,321,0,0.6113113164901733,
25,322,0,0.8235725164413452,
25,323,0,0.8194193840026855,
25,324,0,0.6871410012245178,
25,325,0,0.8211506605148315,
25,326,0,0.8054032325744629,
25,327,0,0.6391558647155762,
25,328,0,0.6262936592102051,
25,329,0,0.5509220361709595,
25,330,0,0.7390878200531006,
25,331,0,0.7089862823486328,
25,332,0,0.7594631910324097,
25,333,0,0.6463893055915833,
25,334,0,0.6888620257377625,
25,335,0,0.792255699634552,
25,336,0,0.7500644326210022,
25,337,0,0.6186840534210205,
25,338,0,0.7156057357788086,
25,339,0,0.7156176567077637,
25,340,0,0.7889823317527771,
25,341,0,0.7321425080299377,
25,342,0,0.801852285861969,
25,343,0,0.7844722867012024,
25,344,0,0.7454253435134888,
25,345,0,0.5595543384552002,
25,346,0,0.641197919845581,
25,347,0,0.7561995983123779,
25,348,0,0.8204976320266724,
25,349,0,0.6356159448623657,
25,350,0,0.6895432472229004,
25,351,0,0.6401779055595398,
25,352,0,0.7618488669395447,
25,353,0,0.6714092493057251,
25,354,0,0.8265442252159119,
25,355,0,0.6741735339164734,
25,356,0,0.7286980152130127,
25,357,0,0.6875096559524536,
25,358,0,0.7975552678108215,
25,359,0,0.7860097885131836,
25,360,0,0.6693152189254761,
25,361,0,0.6474565267562866,
25,362,0,0.7173874974250793,
25,363,0,0.7279372215270996,
25,364,0,0.641803503036499,
25,365,0,0.5649147033691406,
25,366,0,0.5797531604766846,
25,367,0,0.583539605140686,
25,368,0,0.7820843458175659,
25,369,0,0.8080424666404724,
25,370,0,0.7057660818099976,
25,371,0,0.703099250793457,
25,372,0,0.6793999671936035,
25,373,0,0.7602014541625977,
25,374,0,0.6933351755142212,
25,375,0,0.6342313885688782,
25,376,0,0.7126427888870239,
25,377,0,0.8085041046142578,
25,378,0,0.5963456630706787,
25,379,0,0.8004210591316223,
25,380,0,0.5646028518676758,
25,381,0,0.5973659753799438,
25,382,0,0.6190274953842163,
25,383,0,0.6033300161361694,
25,384,0,0.8000136017799377,
25,385,0,0.7808967232704163,
25,386,0,0.6284000873565674,
25,387,0,0.6816781759262085,
25,388,0,0.6017690896987915,
25,389,0,0.8191584348678589,
25,390,0,0.5737132430076599,
25,391,0,0.7106728553771973,
25,392,0,0.8154346346855164,
25,393,0,0.7505532503128052,
25,394,0,0.6577723026275635,
25,395,0,0.7795760631561279,
25,396,0,0.714911937713623,
25,397,0,0.7844491600990295,
25,398,0,0.814133882522583,
25,399,0,0.6599347591400146,
25,400,0,0.7938534021377563,
25,401,0,0.6456097364425659,
25,402,0,0.7416673898696899,
25,403,0,0.7727575302124023,
25,404,0,0.7054964303970337,
25,405,0,0.811622142791748,
25,406,0,0.6713181734085083,
25,407,0,0.6933714747428894,
25,408,0,0.5816683769226074,
25,409,0,0.6271781325340271,
25,410,0,0.630285918712616,
25,411,0,0.5868191719055176,
25,412,0,0.8226603269577026,
25,413,0,0.794562578201294,
25,414,0,0.6033188700675964,
25,415,0,0.7333351969718933,
25,416,0,0.8225999474525452,
25,417,0,0.6137458086013794,
25,418,0,0.5757669806480408,
25,419,0,0.5464739799499512,
25,420,0,0.6752164363861084,
25,421,0,0.8003958463668823,
25,422,0,0.7994210124015808,
25,423,0,0.8007778525352478,
25,424,0,0.619633674621582,
25,425,0,0.7198842763900757,
25,426,0,0.7626495361328125,
25,427,0,0.6532517671585083,
25,428,0,0.7004729509353638,
25,429,0,0.7807345390319824,
25,430,0,0.7785558104515076,
25,431,0,0.6140862703323364,
25,432,0,0.7819388508796692,
25,433,0,0.7391360998153687,
25,434,0,0.818655252456665,
25,435,0,0.5897760391235352,
25,436,0,0.6387406587600708,
25,437,0,0.6683330535888672,
25,438,0,0.8065396547317505,
25,439,0,0.6931456327438354,
25,440,0,0.5750124454498291,
25,441,0,0.7289371490478516,
25,442,0,0.704776406288147,
25,443,0,0.8007495999336243,
25,444,0,0.762962281703949,
25,445,0,0.7246568202972412,
25,446,0,0.7156921625137329,
25,447,0,0.7424337863922119,
25,448,0,0.5857406854629517,
25,449,0,0.739490270614624,
25,450,0,0.8074654340744019,
25,451,0,0.7018551826477051,
25,452,0,0.6295836567878723,
25,453,0,0.8208916187286377,
25,454,0,0.7351306676864624,
25,455,0,0.7208366394042969,
25,456,0,0.7855455875396729,
25,457,0,0.7808940410614014,
25,458,0,0.7042946815490723,
25,459,0,0.6515986919403076,
25,460,0,0.6516914367675781,
25,461,0,0.6024820804595947,
25,462,0,0.721605658531189,
25,463,0,0.7419254183769226,
25,464,0,0.7323445081710815,
25,465,0,0.583376407623291,
25,466,0,0.7032589912414551,
25,467,0,0.6914606094360352,
25,468,0,0.7787681818008423,
25,469,0,0.8106259107589722,
25,470,0,0.6128088235855103,
25,471,0,0.7078511714935303,
25,472,0,0.6438456773757935,
25,473,0,0.7402254343032837,
25,474,0,0.7723488807678223,
25,475,0,0.8071454167366028,
25,476,0,0.7877553105354309,
25,477,0,0.6273554563522339,
25,478,0,0.8124251365661621,
25,479,0,0.8013322949409485,
25,480,0,0.5727938413619995,
25,481,0,0.7559375762939453,
25,482,0,0.568202018737793,
25,483,0,0.7259883284568787,
25,484,0,0.71319580078125,
25,485,0,0.7243735790252686,
25,486,0,0.5345854759216309,
25,487,0,0.7285773158073425,
25,488,0,0.6414341330528259,
25,489,0,0.7143360376358032,
25,490,0,0.7237573862075806,
25,491,0,0.6169449090957642,
25,492,0,0.7248405814170837,
25,493,0,0.8201051950454712,
25,494,0,0.7771750092506409,
25,495,0,0.6648800373077393,
25,496,0,0.6814142465591431,
25,497,0,0.7284426689147949,
25,498,0,0.7114760875701904,
25,499,0,0.5687221884727478,
25,500,0,0.542245626449585,
25,501,0,0.6691814661026001,
25,502,0,0.5826342105865479,
25,503,0,0.6509555578231812,
25,504,0,0.6569459438323975,
25,505,0,0.7685788869857788,
25,506,0,0.7109913229942322,
25,507,0,0.6609883308410645,
25,508,0,0.8130766153335571,
25,509,0,0.723865270614624,
25,510,0,0.6955734491348267,
25,511,0,0.729529619216919,
25,512,0,0.6759703159332275,
25,513,0,0.8074793219566345,
25,514,0,0.6201266050338745,
25,515,0,0.6105508208274841,
25,516,0,0.6111184358596802,
25,517,0,0.612823486328125,
25,518,0,0.6732120513916016,
25,519,0,0.7315475940704346,
25,520,0,0.5830940008163452,
25,521,0,0.625611424446106,
25,522,0,0.7448307871818542,
25,523,0,0.7879748940467834,
25,524,0,0.7669100165367126,
25,525,0,0.7233505249023438,
25,526,0,0.7853153347969055,
25,527,0,0.7237861156463623,
25,528,0,0.7287367582321167,
25,529,0,0.7854313850402832,
25,530,0,0.7476334571838379,
25,531,0,0.5636963844299316,
25,532,0,0.7549259066581726,
25,533,0,0.8224644660949707,
25,534,0,0.7507836222648621,
25,535,0,0.6373268365859985,
25,536,0,0.7278870344161987,
25,537,0,0.7751808762550354,
25,538,0,0.5594403147697449,
25,539,0,0.6638385653495789,
25,540,0,0.6947466135025024,
25,541,0,0.794262707233429,
25,542,0,0.7304201722145081,
25,543,0,0.6103756427764893,
25,544,0,0.6261019706726074,
25,545,0,0.6180756092071533,
25,546,0,0.6846640110015869,
25,547,0,0.7475112676620483,
25,548,0,0.6705684661865234,
25,549,0,0.7624425888061523,
25,550,0,0.7042269706726074,
25,551,0,0.712530255317688,
25,552,0,0.5909397602081299,
25,553,0,0.7343869209289551,
25,554,0,0.6926838159561157,
25,555,0,0.6436548233032227,
25,556,0,0.662808895111084,
25,557,0,0.7304401993751526,
25,558,0,0.7396113276481628,
25,559,0,0.5817069411277771,
25,560,0,0.7865023612976074,
25,561,0,0.6462295055389404,
25,562,0,0.7688032984733582,
25,563,0,0.7239009141921997,
25,564,0,0.6605623960494995,
25,565,0,0.6358227729797363,
25,566,0,0.8328858017921448,
25,567,0,0.668724536895752,
25,568,0,0.5925631523132324,
25,569,0,0.7515903115272522,
25,570,0,0.6342431902885437,
25,571,0,0.6347863674163818,
25,572,0,0.8217418789863586,
25,573,0,0.6991499066352844,
25,574,0,0.7820603251457214,
25,575,0,0.5762276649475098,
25,576,0,0.5487856268882751,
25,577,0,0.6326200366020203,
25,578,0,0.7543593645095825,
25,579,0,0.7767564058303833,
25,580,0,0.7619658708572388,
25,581,0,0.691331684589386,
25,582,0,0.6498311758041382,
25,583,0,0.7277445793151855,
25,584,0,0.7434585094451904,
25,585,0,0.7106031179428101,
25,586,0,0.6189733147621155,
25,587,0,0.8106091618537903,
25,588,0,0.6381706595420837,
25,589,0,0.6495159864425659,
25,590,0,0.7797388434410095,
25,591,0,0.6222845315933228,
25,592,0,0.7956240177154541,
25,593,0,0.6291922330856323,
25,594,0,0.6035041809082031,
25,595,0,0.8203944563865662,
25,596,0,0.8090245723724365,
25,597,0,0.6648093461990356,
25,598,0,0.5522494316101074,
25,599,0,0.7422350645065308,
25,600,0,0.7971948385238647,
25,601,0,0.5831778049468994,
25,602,0,0.6616396307945251,
25,603,0,0.8151470422744751,
25,604,0,0.6343506574630737,
25,val,,,0.8112352800369262
26,0,0,0.7230530977249146,
26,1,0,0.7985811233520508,
26,2,0,0.6148884296417236,
26,3,0,0.770706057548523,
26,4,0,0.7121126651763916,
26,5,0,0.7794722318649292,
26,6,0,0.8165853023529053,
26,7,0,0.7348663210868835,
26,8,0,0.8041402697563171,
26,9,0,0.8136171102523804,
26,10,0,0.7033441066741943,
26,11,0,0.7341458797454834,
26,12,0,0.6246621608734131,
26,13,0,0.7558882832527161,
26,14,0,0.7220872640609741,
26,15,0,0.6781141757965088,
26,16,0,0.688191294670105,
26,17,0,0.7504076957702637,
26,18,0,0.811693549156189,
26,19,0,0.7018551230430603,
26,20,0,0.7532418370246887,
26,21,0,0.7389818429946899,
26,22,0,0.7127782106399536,
26,23,0,0.7467546463012695,
26,24,0,0.7619478702545166,
26,25,0,0.6558010578155518,
26,26,0,0.6769027709960938,
26,27,0,0.6935266256332397,
26,28,0,0.6956019401550293,
26,29,0,0.7266151905059814,
26,30,0,0.7484911680221558,
26,31,0,0.7050921320915222,
26,32,0,0.7774904370307922,
26,33,0,0.7505674362182617,
26,34,0,0.6850450038909912,
26,35,0,0.7932497262954712,
26,36,0,0.6785807013511658,
26,37,0,0.7575358152389526,
26,38,0,0.6657865047454834,
26,39,0,0.6830458641052246,
26,40,0,0.6516503691673279,
26,41,0,0.7615827918052673,
26,42,0,0.7276993989944458,
26,43,0,0.8030713796615601,
26,44,0,0.6811820268630981,
26,45,0,0.7466391324996948,
26,46,0,0.7667198181152344,
26,47,0,0.6288010478019714,
26,48,0,0.7939720749855042,
26,49,0,0.6470030546188354,
26,50,0,0.8246243000030518,
26,51,0,0.8012175559997559,
26,52,0,0.8084359169006348,
26,53,0,0.7435417175292969,
26,54,0,0.6468027234077454,
26,55,0,0.8084403872489929,
26,56,0,0.5668132305145264,
26,57,0,0.6939139366149902,
26,58,0,0.704919695854187,
26,59,0,0.8204583525657654,
26,60,0,0.8013299703598022,
26,61,0,0.8106952905654907,
26,62,0,0.6077407598495483,
26,63,0,0.7370774149894714,
26,64,0,0.7193562984466553,
26,65,0,0.7696546912193298,
26,66,0,0.625497579574585,
26,67,0,0.6917141675949097,
26,68,0,0.7231886386871338,
26,69,0,0.8118672370910645,
26,70,0,0.5450886487960815,
26,71,0,0.7091256976127625,
26,72,0,0.6440377235412598,
26,73,0,0.6856817007064819,
26,74,0,0.7346515655517578,
26,75,0,0.7786188125610352,
26,76,0,0.7183451652526855,
26,77,0,0.7958346605300903,
26,78,0,0.7558244466781616,
26,79,0,0.6185663342475891,
26,80,0,0.6981485486030579,
26,81,0,0.6680371761322021,
26,82,0,0.746792197227478,
26,83,0,0.774592399597168,
26,84,0,0.8160826563835144,
26,85,0,0.7948020696640015,
26,86,0,0.737533450126648,
26,87,0,0.7882556319236755,
26,88,0,0.6974198222160339,
26,89,0,0.7003830075263977,
26,90,0,0.8018911480903625,
26,91,0,0.6251988410949707,
26,92,0,0.7025638818740845,
26,93,0,0.8144516944885254,
26,94,0,0.668682336807251,
26,95,0,0.515228271484375,
26,96,0,0.7351305484771729,
26,97,0,0.5811694860458374,
26,98,0,0.7713073492050171,
26,99,0,0.6685869693756104,
26,100,0,0.6531317234039307,
26,101,0,0.6652910709381104,
26,102,0,0.6458257436752319,
26,103,0,0.7634036540985107,
26,104,0,0.722522497177124,
26,105,0,0.6994895935058594,
26,106,0,0.5630559325218201,
26,107,0,0.6385005712509155,
26,108,0,0.7652146220207214,
26,109,0,0.7262281179428101,
26,110,0,0.7968400120735168,
26,111,0,0.7980539202690125,
26,112,0,0.5366668701171875,
26,113,0,0.7548471689224243,
26,114,0,0.7348241209983826,
26,115,0,0.6154277920722961,
26,116,0,0.5967766642570496,
26,117,0,0.57168048620224,
26,118,0,0.8164235949516296,
26,119,0,0.6660672426223755,
26,120,0,0.7801578640937805,
26,121,0,0.7949103116989136,
26,122,0,0.6552473306655884,
26,123,0,0.5819240808486938,
26,124,0,0.6873323917388916,
26,125,0,0.6205402612686157,
26,126,0,0.7206138372421265,
26,127,0,0.6485481858253479,
26,128,0,0.7622954249382019,
26,129,0,0.6786853075027466,
26,130,0,0.8107449412345886,
26,131,0,0.7521233558654785,
26,132,0,0.6572296619415283,
26,133,0,0.7956846952438354,
26,134,0,0.6644143462181091,
26,135,0,0.6626526117324829,
26,136,0,0.8063784837722778,
26,137,0,0.627469539642334,
26,138,0,0.8160936832427979,
26,139,0,0.7558382749557495,
26,140,0,0.7980120778083801,
26,141,0,0.6600983738899231,
26,142,0,0.6001343727111816,
26,143,0,0.6479584574699402,
26,144,0,0.6319909691810608,
26,145,0,0.5917215347290039,
26,146,0,0.7122310400009155,
26,147,0,0.7044280767440796,
26,148,0,0.6950588226318359,
26,149,0,0.5775865316390991,
26,150,0,0.7917024493217468,
26,151,0,0.6844322681427002,
26,152,0,0.8064805269241333,
26,153,0,0.7176060676574707,
26,154,0,0.8027652502059937,
26,155,0,0.6716279983520508,
26,156,0,0.6777771711349487,
26,157,0,0.7110728025436401,
26,158,0,0.6308608055114746,
26,159,0,0.6300857663154602,
26,160,0,0.7025255560874939,
26,161,0,0.7538779377937317,
26,162,0,0.761748194694519,
26,163,0,0.8248063325881958,
26,164,0,0.7234463691711426,
26,165,0,0.7050474882125854,
26,166,0,0.6489685773849487,
26,167,0,0.7984743118286133,
26,168,0,0.5542800426483154,
26,169,0,0.5925375819206238,
26,170,0,0.7205730676651001,
26,171,0,0.6872744560241699,
26,172,0,0.7250015139579773,
26,173,0,0.5918861627578735,
26,174,0,0.6415436267852783,
26,175,0,0.7332289218902588,
26,176,0,0.8084859848022461,
26,177,0,0.8248855471611023,
26,178,0,0.7637943625450134,
26,179,0,0.7521001696586609,
26,180,0,0.7998473644256592,
26,181,0,0.7663172483444214,
26,182,0,0.7132411003112793,
26,183,0,0.6056472063064575,
26,184,0,0.8136969804763794,
26,185,0,0.7668887972831726,
26,186,0,0.7774955034255981,
26,187,0,0.7995285391807556,
26,188,0,0.7521260976791382,
26,189,0,0.7089685201644897,
26,190,0,0.6397567987442017,
26,191,0,0.592117965221405,
26,192,0,0.5937034487724304,
26,193,0,0.8033724427223206,
26,194,0,0.7745473980903625,
26,195,0,0.749767541885376,
26,196,0,0.5496402978897095,
26,197,0,0.5423272848129272,
26,198,0,0.6450307369232178,
26,199,0,0.7952278852462769,
26,200,0,0.723354697227478,
26,201,0,0.7610700130462646,
26,202,0,0.800548791885376,
26,203,0,0.8024823665618896,
26,204,0,0.8145814538002014,
26,205,0,0.7316330671310425,
26,206,0,0.6529743671417236,
26,207,0,0.6494160890579224,
26,208,0,0.8061156868934631,
26,209,0,0.6883550882339478,
26,210,0,0.8194465041160583,
26,211,0,0.7182235717773438,
26,212,0,0.6892960071563721,
26,213,0,0.6405218243598938,
26,214,0,0.7929748296737671,
26,215,0,0.6637129783630371,
26,216,0,0.8071674704551697,
26,217,0,0.7800434231758118,
26,218,0,0.6551841497421265,
26,219,0,0.5901150107383728,
26,220,0,0.5967271327972412,
26,221,0,0.7294925451278687,
26,222,0,0.6185886859893799,
26,223,0,0.5622082948684692,
26,224,0,0.8291693925857544,
26,225,0,0.5524915456771851,
26,226,0,0.682311475276947,
26,227,0,0.7030722498893738,
26,228,0,0.708349347114563,
26,229,0,0.7933102250099182,
26,230,0,0.7333033084869385,
26,231,0,0.5747206211090088,
26,232,0,0.6617838144302368,
26,233,0,0.7634842395782471,
26,234,0,0.6746775507926941,
26,235,0,0.6583175659179688,
26,236,0,0.5826579332351685,
26,237,0,0.6705953478813171,
26,238,0,0.8166854381561279,
26,239,0,0.8236892223358154,
26,240,0,0.7405685186386108,
26,241,0,0.7832023501396179,
26,242,0,0.6611899137496948,
26,243,0,0.6642380952835083,
26,244,0,0.6727719306945801,
26,245,0,0.6863175630569458,
26,246,0,0.8021938800811768,
26,247,0,0.7575677633285522,
26,248,0,0.795009970664978,
26,249,0,0.6853402853012085,
26,250,0,0.7094881534576416,
26,251,0,0.7144640684127808,
26,252,0,0.8074055910110474,
26,253,0,0.6271027326583862,
26,254,0,0.5509321689605713,
26,255,0,0.7742915749549866,
26,256,0,0.7658286094665527,
26,257,0,0.8167396783828735,
26,258,0,0.6568671464920044,
26,259,0,0.8251088857650757,
26,260,0,0.6320630311965942,
26,261,0,0.6168310642242432,
26,262,0,0.5964587926864624,
26,263,0,0.7353893518447876,
26,264,0,0.7239295244216919,
26,265,0,0.6227380633354187,
26,266,0,0.5930015444755554,
26,267,0,0.7800083160400391,
26,268,0,0.8108116388320923,
26,269,0,0.7672263383865356,
26,270,0,0.7836548089981079,
26,271,0,0.5898241400718689,
26,272,0,0.7550759315490723,
26,273,0,0.8141409158706665,
26,274,0,0.7652544975280762,
26,275,0,0.5356838703155518,
26,276,0,0.7828900814056396,
26,277,0,0.7957500219345093,
26,278,0,0.6136956214904785,
26,279,0,0.7175353765487671,
26,280,0,0.7328605651855469,
26,281,0,0.6465064883232117,
26,282,0,0.7246749997138977,
26,283,0,0.6399859189987183,
26,284,0,0.6418014764785767,
26,285,0,0.7207780480384827,
26,286,0,0.795412540435791,
26,287,0,0.7288120985031128,
26,288,0,0.8067696690559387,
26,289,0,0.6791080236434937,
26,290,0,0.8097038865089417,
26,291,0,0.8247610926628113,
26,292,0,0.7568848729133606,
26,293,0,0.5705000758171082,
26,294,0,0.7087437510490417,
26,295,0,0.574349045753479,
26,296,0,0.6573898196220398,
26,297,0,0.8050200343132019,
26,298,0,0.6581839323043823,
26,299,0,0.7575322389602661,
26,300,0,0.582776665687561,
26,301,0,0.7709940671920776,
26,302,0,0.7483787536621094,
26,303,0,0.7984411716461182,
26,304,0,0.6541023254394531,
26,305,0,0.7238399386405945,
26,306,0,0.5568623542785645,
26,307,0,0.5856993198394775,
26,308,0,0.7592271566390991,
26,309,0,0.6450456976890564,
26,310,0,0.7060272693634033,
26,311,0,0.6346578598022461,
26,312,0,0.725441575050354,
26,313,0,0.7294363975524902,
26,314,0,0.755940318107605,
26,315,0,0.7679754495620728,
26,316,0,0.7771085500717163,
26,317,0,0.7885627746582031,
26,318,0,0.7916349768638611,
26,319,0,0.8177778720855713,
26,320,0,0.6402208805084229,
26,321,0,0.6181501150131226,
26,322,0,0.8199944496154785,
26,323,0,0.8226450681686401,
26,324,0,0.6824700832366943,
26,325,0,0.8235421776771545,
26,326,0,0.8095696568489075,
26,327,0,0.6160330772399902,
26,328,0,0.6386611461639404,
26,329,0,0.551153302192688,
26,330,0,0.7294594049453735,
26,331,0,0.714800238609314,
26,332,0,0.7585544586181641,
26,333,0,0.6621591448783875,
26,334,0,0.6865246891975403,
26,335,0,0.7918565273284912,
26,336,0,0.7558397054672241,
26,337,0,0.6150084733963013,
26,338,0,0.7052875757217407,
26,339,0,0.6944291591644287,
26,340,0,0.7901308536529541,
26,341,0,0.7278459072113037,
26,342,0,0.7912424802780151,
26,343,0,0.7783988118171692,
26,344,0,0.7360187768936157,
26,345,0,0.5527729988098145,
26,346,0,0.6459128856658936,
26,347,0,0.7601454257965088,
26,348,0,0.8218519687652588,
26,349,0,0.6445664763450623,
26,350,0,0.683201789855957,
26,351,0,0.640011191368103,
26,352,0,0.7543365359306335,
26,353,0,0.6695040464401245,
26,354,0,0.8148090243339539,
26,355,0,0.6746199131011963,
26,356,0,0.7241770625114441,
26,357,0,0.671968936920166,
26,358,0,0.7963886260986328,
26,359,0,0.7854640483856201,
26,360,0,0.665103554725647,
26,361,0,0.6404167413711548,
26,362,0,0.7213290929794312,
26,363,0,0.7208060026168823,
26,364,0,0.6267333030700684,
26,365,0,0.5693635940551758,
26,366,0,0.5660980939865112,
26,367,0,0.5827904939651489,
26,368,0,0.7804928421974182,
26,369,0,0.8202781677246094,
26,370,0,0.7022683620452881,
26,371,0,0.7046303749084473,
26,372,0,0.6568244695663452,
26,373,0,0.756730318069458,
26,374,0,0.6983362436294556,
26,375,0,0.6252232193946838,
26,376,0,0.7165486812591553,
26,377,0,0.8020339608192444,
26,378,0,0.5881621837615967,
26,379,0,0.8034536838531494,
26,380,0,0.5471764802932739,
26,381,0,0.5886372327804565,
26,382,0,0.602847695350647,
26,383,0,0.5837095975875854,
26,384,0,0.8113788962364197,
26,385,0,0.7768443822860718,
26,386,0,0.6264938116073608,
26,387,0,0.6727126836776733,
26,388,0,0.6094721555709839,
26,389,0,0.8206912875175476,
26,390,0,0.5734304189682007,
26,391,0,0.7205319404602051,
26,392,0,0.8112075328826904,
26,393,0,0.7480310201644897,
26,394,0,0.6363722085952759,
26,395,0,0.7813001275062561,
26,396,0,0.7121368646621704,
26,397,0,0.7827796339988708,
26,398,0,0.8085919618606567,
26,399,0,0.6560268402099609,
26,400,0,0.7902466058731079,
26,401,0,0.6357553005218506,
26,402,0,0.7354871034622192,
26,403,0,0.7589969635009766,
26,404,0,0.7000848054885864,
26,405,0,0.8024995923042297,
26,406,0,0.6594642400741577,
26,407,0,0.6973888874053955,
26,408,0,0.5807520151138306,
26,409,0,0.6273293495178223,
26,410,0,0.6203235983848572,
26,411,0,0.5672827959060669,
26,412,0,0.8211527466773987,
26,413,0,0.7978401780128479,
26,414,0,0.5914958715438843,
26,415,0,0.7357418537139893,
26,416,0,0.8366484045982361,
26,417,0,0.6139311194419861,
26,418,0,0.5607039928436279,
26,419,0,0.5384262800216675,
26,420,0,0.6694897413253784,
26,421,0,0.8010587692260742,
26,422,0,0.8029733896255493,
26,423,0,0.8127353191375732,
26,424,0,0.6259446144104004,
26,425,0,0.722734808921814,
26,426,0,0.7596830129623413,
26,427,0,0.649641215801239,
26,428,0,0.7087920308113098,
26,429,0,0.7853689789772034,
26,430,0,0.7762810587882996,
26,431,0,0.6086293458938599,
26,432,0,0.7945407629013062,
26,433,0,0.728929340839386,
26,434,0,0.8165649175643921,
26,435,0,0.592768669128418,
26,436,0,0.6337587833404541,
26,437,0,0.653390645980835,
26,438,0,0.80311119556427,
26,439,0,0.6898192167282104,
26,440,0,0.583126425743103,
26,441,0,0.7254704236984253,
26,442,0,0.7015585899353027,
26,443,0,0.8008770942687988,
26,444,0,0.7569245100021362,
26,445,0,0.711669921875,
26,446,0,0.7247287034988403,
26,447,0,0.7561122179031372,
26,448,0,0.5899198055267334,
26,449,0,0.7461994886398315,
26,450,0,0.8077546954154968,
26,451,0,0.6840015649795532,
26,452,0,0.6234318017959595,
26,453,0,0.8134422302246094,
26,454,0,0.7419158220291138,
26,455,0,0.7153838872909546,
26,456,0,0.7863091826438904,
26,457,0,0.786616325378418,
26,458,0,0.6953245401382446,
26,459,0,0.6475402116775513,
26,460,0,0.6429861783981323,
26,461,0,0.6138091087341309,
26,462,0,0.7123117446899414,
26,463,0,0.7301679253578186,
26,464,0,0.718195915222168,
26,465,0,0.5623024702072144,
26,466,0,0.6952039003372192,
26,467,0,0.6950445175170898,
26,468,0,0.7725746035575867,
26,469,0,0.8087612390518188,
26,470,0,0.611357569694519,
26,471,0,0.7074886560440063,
26,472,0,0.64524906873703,
26,473,0,0.7383155226707458,
26,474,0,0.7807306051254272,
26,475,0,0.7987372279167175,
26,476,0,0.7924831509590149,
26,477,0,0.6095848679542542,
26,478,0,0.8212277293205261,
26,479,0,0.7925723195075989,
26,480,0,0.565085768699646,
26,481,0,0.7480626106262207,
26,482,0,0.5720987319946289,
26,483,0,0.7131457328796387,
26,484,0,0.7081145644187927,
26,485,0,0.7206880450248718,
26,486,0,0.5347404479980469,
26,487,0,0.7171069979667664,
26,488,0,0.6326344013214111,
26,489,0,0.712899923324585,
26,490,0,0.7178272008895874,
26,491,0,0.6159114241600037,
26,492,0,0.715141773223877,
26,493,0,0.8156594038009644,
26,494,0,0.7771523594856262,
26,495,0,0.6558089852333069,
26,496,0,0.6778286695480347,
26,497,0,0.7392285466194153,
26,498,0,0.7081425189971924,
26,499,0,0.5653743743896484,
26,500,0,0.5405702590942383,
26,501,0,0.6716121435165405,
26,502,0,0.5839228630065918,
26,503,0,0.6437644958496094,
26,504,0,0.6524664163589478,
26,505,0,0.7630308270454407,
26,506,0,0.709444522857666,
26,507,0,0.6492178440093994,
26,508,0,0.8108220100402832,
26,509,0,0.7293787002563477,
26,510,0,0.692288875579834,
26,511,0,0.7198514938354492,
26,512,0,0.6657595038414001,
26,513,0,0.8064118027687073,
26,514,0,0.6209723949432373,
26,515,0,0.600122332572937,
26,516,0,0.6162989139556885,
26,517,0,0.6111000776290894,
26,518,0,0.6573233604431152,
26,519,0,0.717387318611145,
26,520,0,0.579962432384491,
26,521,0,0.6218494176864624,
26,522,0,0.751151442527771,
26,523,0,0.7784411907196045,
26,524,0,0.7633803486824036,
26,525,0,0.7134510278701782,
26,526,0,0.7675936222076416,
26,527,0,0.7138605117797852,
26,528,0,0.7226762771606445,
26,529,0,0.7894940376281738,
26,530,0,0.7394055128097534,
26,531,0,0.5718331336975098,
26,532,0,0.7476818561553955,
26,533,0,0.8194516897201538,
26,534,0,0.7506281733512878,
26,535,0,0.6373646259307861,
26,536,0,0.7228788137435913,
26,537,0,0.7761959433555603,
26,538,0,0.549666166305542,
26,539,0,0.6762293577194214,
26,540,0,0.6913516521453857,
26,541,0,0.8001658916473389,
26,542,0,0.7399436235427856,
26,543,0,0.5846686363220215,
26,544,0,0.6296309232711792,
26,545,0,0.6206213235855103,
26,546,0,0.6871374845504761,
26,547,0,0.7379521131515503,
26,548,0,0.6718963384628296,
26,549,0,0.7557895183563232,
26,550,0,0.7007367610931396,
26,551,0,0.6995365619659424,
26,552,0,0.5745444297790527,
26,553,0,0.7298887968063354,
26,554,0,0.7004666328430176,
26,555,0,0.6440889835357666,
26,556,0,0.6603728532791138,
26,557,0,0.7274688482284546,
26,558,0,0.736669659614563,
26,559,0,0.580091655254364,
26,560,0,0.7827732563018799,
26,561,0,0.645865797996521,
26,562,0,0.7897620797157288,
26,563,0,0.729362964630127,
26,564,0,0.6535860300064087,
26,565,0,0.6321367025375366,
26,566,0,0.8319379091262817,
26,567,0,0.6488649845123291,
26,568,0,0.587792158126831,
26,569,0,0.7416854500770569,
26,570,0,0.6294411420822144,
26,571,0,0.6424678564071655,
26,572,0,0.8156003952026367,
26,573,0,0.7038421034812927,
26,574,0,0.7908175587654114,
26,575,0,0.568403959274292,
26,576,0,0.5368366241455078,
26,577,0,0.6176722049713135,
26,578,0,0.7504967451095581,
26,579,0,0.7783838510513306,
26,580,0,0.7612506151199341,
26,581,0,0.6930810213088989,
26,582,0,0.6498991250991821,
26,583,0,0.7291195392608643,
26,584,0,0.7379562854766846,
26,585,0,0.7054896354675293,
26,586,0,0.6082340478897095,
26,587,0,0.8016523122787476,
26,588,0,0.6272786855697632,
26,589,0,0.63657146692276,
26,590,0,0.7751020193099976,
26,591,0,0.619186282157898,
26,592,0,0.7843635082244873,
26,593,0,0.6279388666152954,
26,594,0,0.603512704372406,
26,595,0,0.8124473094940186,
26,596,0,0.8083954453468323,
26,597,0,0.6537185311317444,
26,598,0,0.5611865520477295,
26,599,0,0.7238291501998901,
26,600,0,0.7876553535461426,
26,601,0,0.5877488851547241,
26,602,0,0.6510985493659973,
26,603,0,0.8170795440673828,
26,604,0,0.623041033744812,
26,val,,,0.8115762646993001
