epoch,chunk_id,batch,train_loss,val_loss
1,0,0,0.5419365763664246,
1,1,0,0.818227231502533,
1,2,0,0.6786501407623291,
1,3,0,0.8939946293830872,
1,4,0,0.47485214471817017,
1,5,0,0.8117648959159851,
1,6,0,0.20608854293823242,
1,7,0,0.62284255027771,
1,8,0,0.392860472202301,
1,9,0,0.8312089443206787,
1,10,0,0.08087795972824097,
1,11,0,0.9194192886352539,
1,12,0,0.8280779123306274,
1,13,0,0.8261839747428894,
1,14,0,0.7857014536857605,
1,15,0,0.828076183795929,
1,16,0,0.6653156280517578,
1,17,0,0.42415815591812134,
1,18,0,0.8235776424407959,
1,19,0,0.827529788017273,
1,20,0,0.7976535558700562,
1,21,0,0.6085018515586853,
1,22,0,0.42257630825042725,
1,23,0,0.7717337012290955,
1,24,0,0.8267598152160645,
1,25,0,0.7902833223342896,
1,26,0,0.8366257548332214,
1,27,0,0.5431439280509949,
1,28,0,0.4023100733757019,
1,29,0,0.6094292402267456,
1,30,0,0.8313722014427185,
1,31,0,0.8666074275970459,
1,32,0,0.5876232385635376,
1,33,0,0.7947349548339844,
1,34,0,0.8708851337432861,
1,35,0,0.39636868238449097,
1,36,0,0.5733217000961304,
1,37,0,0.8325941562652588,
1,38,0,0.2097775936126709,
1,39,0,0.83504319190979,
1,40,0,0.17871034145355225,
1,41,0,0.7056918144226074,
1,42,0,0.5812346935272217,
1,43,0,0.04398554563522339,
1,44,0,0.7985725402832031,
1,45,0,0.5796558260917664,
1,46,0,0.049930572509765625,
1,47,0,0.05227547883987427,
1,48,0,0.8333286046981812,
1,49,0,0.3285992741584778,
1,50,0,0.8325624465942383,
1,51,0,0.42498713731765747,
1,52,0,0.44247251749038696,
1,53,0,0.05216270685195923,
1,54,0,0.8390085697174072,
1,55,0,0.563485860824585,
1,56,0,0.8072893023490906,
1,57,0,0.5931731462478638,
1,58,0,0.8608426451683044,
1,59,0,0.457344114780426,
1,60,0,0.5291842818260193,
1,61,0,0.6612985134124756,
1,62,0,0.8215999603271484,
1,63,0,0.3412431478500366,
1,64,0,0.31547218561172485,
1,65,0,0.7897616028785706,
1,66,0,0.7598453760147095,
1,67,0,0.47006481885910034,
1,68,0,0.8563714027404785,
1,69,0,0.46400022506713867,
1,70,0,0.5267360210418701,
1,71,0,0.6794482469558716,
1,72,0,0.7333880662918091,
1,73,0,0.8313265442848206,
1,74,0,0.8281423449516296,
1,75,0,0.6905045509338379,
1,76,0,0.8210985660552979,
1,77,0,0.7770146131515503,
1,78,0,0.17630833387374878,
1,79,0,0.9460758566856384,
1,80,0,0.5540717840194702,
1,81,0,0.8327115178108215,
1,82,0,0.05498826503753662,
1,83,0,0.9197804927825928,
1,84,0,0.8478856086730957,
1,85,0,0.591988742351532,
1,86,0,0.9504784345626831,
1,87,0,0.6363875865936279,
1,88,0,0.8243796825408936,
1,89,0,0.49578797817230225,
1,90,0,0.7797250747680664,
1,91,0,0.8320370316505432,
1,92,0,0.840216875076294,
1,93,0,0.8332196474075317,
1,94,0,0.5082417726516724,
1,95,0,0.9344654679298401,
1,96,0,0.35049253702163696,
1,97,0,0.8409830331802368,
1,98,0,0.6631529331207275,
1,99,0,0.9180853366851807,
1,100,0,0.7816780209541321,
1,101,0,0.712007999420166,
1,102,0,0.9040135145187378,
1,103,0,0.8322116732597351,
1,104,0,0.8321812152862549,
1,105,0,0.3709874153137207,
1,106,0,0.9352405667304993,
1,107,0,0.8256198167800903,
1,108,0,0.6942771673202515,
1,109,0,0.8281943798065186,
1,110,0,0.9687108993530273,
1,111,0,0.8248760104179382,
1,112,0,0.8326988220214844,
1,113,0,0.44923752546310425,
1,114,0,0.32031697034835815,
1,115,0,0.9616119265556335,
1,116,0,0.8238224983215332,
1,117,0,0.46160608530044556,
1,118,0,0.8166564702987671,
1,119,0,0.352178156375885,
1,120,0,0.8266271352767944,
1,121,0,0.8432446718215942,
1,122,0,0.7605353593826294,
1,123,0,0.06907212734222412,
1,124,0,0.503771960735321,
1,125,0,0.782181441783905,
1,126,0,0.9217236638069153,
1,127,0,0.8265563249588013,
1,128,0,0.8863604068756104,
1,129,0,0.8352608680725098,
1,130,0,0.7509533166885376,
1,131,0,0.9369879364967346,
1,132,0,0.8345614671707153,
1,133,0,0.3167952299118042,
1,134,0,0.5239766836166382,
1,135,0,0.5707904100418091,
1,136,0,0.05757957696914673,
1,137,0,0.13777196407318115,
1,138,0,0.3151060938835144,
1,139,0,0.5704886317253113,
1,140,0,0.9255604147911072,
1,141,0,0.8225148916244507,
1,142,0,0.9233927130699158,
1,143,0,0.7952810525894165,
1,144,0,0.8171403408050537,
1,145,0,0.26796406507492065,
1,146,0,0.749687671661377,
1,147,0,0.2902217507362366,
1,148,0,0.7982321977615356,
1,149,0,0.8009482026100159,
1,150,0,0.8209236264228821,
1,151,0,0.8799405097961426,
1,152,0,0.7747207283973694,
1,153,0,0.8292044401168823,
1,154,0,0.8276353478431702,
1,155,0,0.7663571238517761,
1,156,0,0.051400840282440186,
1,157,0,0.6694915294647217,
1,158,0,0.8008110523223877,
1,159,0,0.8132330179214478,
1,160,0,0.42592477798461914,
1,161,0,0.061026573181152344,
1,162,0,0.8292624950408936,
1,163,0,0.3331444263458252,
1,164,0,0.4103359580039978,
1,165,0,0.7539900541305542,
1,166,0,0.2976398468017578,
1,167,0,0.992074191570282,
1,168,0,0.8415077328681946,
1,169,0,0.15081501007080078,
1,170,0,0.8676021099090576,
1,171,0,0.776252806186676,
1,172,0,0.7698777318000793,
1,173,0,0.6793588399887085,
1,174,0,0.7780882120132446,
1,175,0,0.47506123781204224,
1,176,0,0.7843784689903259,
1,177,0,0.31790339946746826,
1,178,0,0.8330897688865662,
1,179,0,0.35790950059890747,
1,180,0,0.816288948059082,
1,181,0,0.8091612458229065,
1,182,0,0.3396393656730652,
1,183,0,0.17871171236038208,
1,184,0,0.7920273542404175,
1,185,0,0.7740470767021179,
1,186,0,0.3122122287750244,
1,187,0,0.788646936416626,
1,188,0,0.7672083973884583,
1,189,0,0.3071745038032532,
1,190,0,0.06715017557144165,
1,191,0,0.46739983558654785,
1,192,0,0.7707200646400452,
1,193,0,0.7714350819587708,
1,194,0,0.7688577771186829,
1,195,0,0.847475528717041,
1,196,0,0.770912766456604,
1,197,0,0.1976531744003296,
1,198,0,0.8132582902908325,
1,199,0,0.2932150363922119,
1,200,0,0.8280502557754517,
1,201,0,0.050903499126434326,
1,202,0,0.2989364266395569,
1,203,0,0.8365035057067871,
1,204,0,0.34820467233657837,
1,205,0,0.24674993753433228,
1,206,0,0.3678542971611023,
1,207,0,0.15539151430130005,
1,208,0,0.529438853263855,
1,209,0,0.7915502786636353,
1,210,0,0.3282824754714966,
1,211,0,0.8307281136512756,
1,212,0,0.5374933481216431,
1,213,0,0.8187925815582275,
1,214,0,0.8372966647148132,
1,215,0,0.9612806439399719,
1,216,0,0.5229222774505615,
1,217,0,0.828844428062439,
1,218,0,0.9838581085205078,
1,219,0,0.7677883505821228,
1,220,0,0.2709121108055115,
1,221,0,0.7786280512809753,
1,222,0,0.33072978258132935,
1,223,0,0.4932427406311035,
1,224,0,0.9236759543418884,
1,225,0,0.3092777132987976,
1,226,0,0.8150386214256287,
1,227,0,0.1771939992904663,
1,228,0,0.742641270160675,
1,229,0,0.4968414902687073,
1,230,0,0.47154539823532104,
1,231,0,0.9168716669082642,
1,232,0,0.8432526588439941,
1,233,0,0.8299494981765747,
1,234,0,0.8191448450088501,
1,235,0,0.04536682367324829,
1,236,0,0.4952147603034973,
1,237,0,0.8277999758720398,
1,238,0,0.5424997210502625,
1,239,0,0.4138801693916321,
1,240,0,0.8196306228637695,
1,241,0,0.9173488020896912,
1,242,0,0.8268890380859375,
1,243,0,0.4994599223136902,
1,244,0,0.31672149896621704,
1,245,0,0.050475478172302246,
1,246,0,0.4413931965827942,
1,247,0,0.8315416574478149,
1,248,0,0.4741676449775696,
1,249,0,0.8198409080505371,
1,250,0,0.12791138887405396,
1,251,0,0.8365303874015808,
1,252,0,0.7874366641044617,
1,253,0,0.7804935574531555,
1,254,0,0.042808711528778076,
1,255,0,0.7708861231803894,
1,256,0,0.599862813949585,
1,257,0,0.8426204919815063,
1,258,0,0.9219498038291931,
1,259,0,0.8619422316551208,
1,260,0,0.56766676902771,
1,261,0,0.7656107544898987,
1,262,0,0.946874737739563,
1,263,0,0.7611286640167236,
1,264,0,0.3286951184272766,
1,265,0,0.9506706595420837,
1,266,0,0.85191810131073,
1,267,0,0.8426980972290039,
1,268,0,0.3515644669532776,
1,269,0,0.5252971053123474,
1,270,0,0.6390116214752197,
1,271,0,0.8276770114898682,
1,272,0,0.3910592198371887,
1,273,0,0.8420329689979553,
1,274,0,0.8300797343254089,
1,275,0,0.16792088747024536,
1,276,0,0.8178622126579285,
1,277,0,0.06518393754959106,
1,278,0,0.5687488317489624,
1,279,0,0.7690913677215576,
1,280,0,0.7978338003158569,
1,281,0,0.8059512376785278,
1,282,0,0.7738235592842102,
1,283,0,0.7847338914871216,
1,284,0,0.8459908962249756,
1,285,0,0.9425606727600098,
1,286,0,0.6854115128517151,
1,287,0,0.7572561502456665,
1,288,0,0.9273219704627991,
1,289,0,0.5926393866539001,
1,290,0,0.8296593427658081,
1,291,0,0.04902637004852295,
1,292,0,0.44575202465057373,
1,293,0,0.8416318893432617,
1,294,0,0.8364362120628357,
1,295,0,0.9763153195381165,
1,296,0,0.48842674493789673,
1,297,0,0.051869869232177734,
1,298,0,0.853926956653595,
1,299,0,0.8203433156013489,
1,300,0,0.4485025405883789,
1,301,0,0.48238569498062134,
1,302,0,0.8334963917732239,
1,303,0,0.6358298063278198,
1,304,0,0.8358244895935059,
1,305,0,0.5358806848526001,
1,306,0,0.25925445556640625,
1,307,0,0.8315955996513367,
1,308,0,0.8352736830711365,
1,309,0,0.20431888103485107,
1,310,0,0.8243975639343262,
1,311,0,0.4472922086715698,
1,312,0,0.8226236701011658,
1,313,0,0.8176954984664917,
1,314,0,0.4218493103981018,
1,315,0,0.8781165480613708,
1,316,0,0.8310429453849792,
1,317,0,0.7026538848876953,
1,318,0,0.34605592489242554,
1,319,0,0.3564303517341614,
1,320,0,0.7664269804954529,
1,321,0,0.9283945560455322,
1,322,0,0.9630963802337646,
1,323,0,0.307788610458374,
1,324,0,0.8388589024543762,
1,325,0,0.8041736483573914,
1,326,0,0.8076976537704468,
1,327,0,0.755861759185791,
1,328,0,0.77149498462677,
1,329,0,0.7876659035682678,
1,330,0,0.38517123460769653,
1,331,0,0.33204132318496704,
1,332,0,0.9526748657226562,
1,333,0,0.27616459131240845,
1,334,0,0.8836286067962646,
1,335,0,0.39636802673339844,
1,336,0,0.8258394002914429,
1,337,0,0.5001049041748047,
1,338,0,0.6698615550994873,
1,339,0,0.8087022304534912,
1,340,0,0.8390516638755798,
1,341,0,0.06040990352630615,
1,342,0,0.7693877220153809,
1,343,0,0.6480637788772583,
1,344,0,0.8240129947662354,
1,345,0,0.8225927948951721,
1,346,0,0.26014047861099243,
1,347,0,0.17433148622512817,
1,348,0,0.769230842590332,
1,349,0,0.9535580277442932,
1,350,0,0.8705178499221802,
1,351,0,0.7841863036155701,
1,352,0,0.827815055847168,
1,353,0,0.8432345986366272,
1,354,0,0.6671444177627563,
1,355,0,0.16759902238845825,
1,356,0,0.9550541639328003,
1,357,0,0.7909289002418518,
1,358,0,0.2102845311164856,
1,359,0,0.793601930141449,
1,360,0,0.918107271194458,
1,361,0,0.8405379056930542,
1,362,0,0.28165173530578613,
1,363,0,0.31555497646331787,
1,364,0,0.7743234038352966,
1,365,0,0.9596848487854004,
1,366,0,0.9181706309318542,
1,367,0,0.8300105333328247,
1,368,0,0.927374005317688,
1,369,0,0.8178565502166748,
1,370,0,0.6552428007125854,
1,371,0,0.7664836645126343,
1,372,0,0.8153234720230103,
1,373,0,0.9144032597541809,
1,374,0,0.43084317445755005,
1,375,0,0.810171365737915,
1,376,0,0.7991273403167725,
1,377,0,0.35044920444488525,
1,378,0,0.4239034056663513,
1,379,0,0.9080537557601929,
1,380,0,0.3646630048751831,
1,381,0,0.32634437084198,
1,382,0,0.341322124004364,
1,383,0,0.8335286378860474,
1,384,0,0.3634142279624939,
1,385,0,0.34691065549850464,
1,386,0,0.2691650986671448,
1,387,0,0.44590336084365845,
1,388,0,0.05819404125213623,
1,389,0,0.7951247692108154,
1,390,0,0.7673078775405884,
1,391,0,0.7463332414627075,
1,392,0,0.7078248262405396,
1,393,0,0.32336193323135376,
1,394,0,0.49244117736816406,
1,395,0,0.8200811147689819,
1,396,0,0.16424626111984253,
1,397,0,0.20114564895629883,
1,398,0,0.8096799850463867,
1,399,0,0.3158951997756958,
1,400,0,0.7684521079063416,
1,401,0,0.7800359725952148,
1,402,0,0.8300881385803223,
1,403,0,0.808334231376648,
1,404,0,0.33864688873291016,
1,405,0,0.06796395778656006,
1,406,0,0.7766581773757935,
1,407,0,0.8420121669769287,
1,408,0,0.8569504022598267,
1,409,0,0.7439360022544861,
1,410,0,0.8382840752601624,
1,411,0,0.3189021944999695,
1,412,0,0.839261531829834,
1,413,0,0.06925982236862183,
1,414,0,0.799789547920227,
1,415,0,0.6704850196838379,
1,416,0,0.8552587032318115,
1,417,0,0.05627685785293579,
1,418,0,0.568168044090271,
1,419,0,0.5274842977523804,
1,420,0,0.27578896284103394,
1,421,0,0.2893659472465515,
1,422,0,0.9023667573928833,
1,423,0,0.8361614942550659,
1,424,0,0.9336516857147217,
1,425,0,0.820514440536499,
1,426,0,0.824447751045227,
1,427,0,0.80962735414505,
1,428,0,0.5267800092697144,
1,429,0,0.8242499828338623,
1,430,0,0.29346638917922974,
1,431,0,0.8039482831954956,
1,432,0,0.8243117928504944,
1,433,0,0.8256291151046753,
1,434,0,0.8297263383865356,
1,435,0,0.822100818157196,
1,436,0,0.6356115341186523,
1,437,0,0.053666651248931885,
1,438,0,0.7576489448547363,
1,439,0,0.23073619604110718,
1,440,0,0.8320388793945312,
1,441,0,0.797272264957428,
1,442,0,0.8246505856513977,
1,443,0,0.8201905488967896,
1,444,0,0.7796845436096191,
1,445,0,0.8217291831970215,
1,446,0,0.7778034806251526,
1,447,0,0.3278912901878357,
1,448,0,0.053285181522369385,
1,449,0,0.8080685138702393,
1,450,0,0.7894469499588013,
1,451,0,0.28960978984832764,
1,452,0,0.9306820631027222,
1,453,0,0.32390862703323364,
1,454,0,0.4751250147819519,
1,455,0,0.6040611267089844,
1,456,0,0.74917072057724,
1,457,0,0.6896037459373474,
1,458,0,0.555185079574585,
1,459,0,0.942767858505249,
1,460,0,0.8242373466491699,
1,461,0,0.47639161348342896,
1,462,0,0.8147610425949097,
1,463,0,0.15583419799804688,
1,464,0,0.6460018157958984,
1,465,0,0.7674609422683716,
1,466,0,0.04786640405654907,
1,467,0,0.8125584721565247,
1,468,0,0.6717495322227478,
1,469,0,0.8063498139381409,
1,470,0,0.36268311738967896,
1,471,0,0.05522441864013672,
1,472,0,0.8408980965614319,
1,473,0,0.844611406326294,
1,474,0,0.058226943016052246,
1,475,0,0.828328549861908,
1,476,0,0.5072797536849976,
1,477,0,0.9409498572349548,
1,478,0,0.5590187311172485,
1,479,0,0.5198213458061218,
1,480,0,0.69046950340271,
1,481,0,0.17720144987106323,
1,482,0,0.8857343792915344,
1,483,0,0.8333691358566284,
1,484,0,0.8404690027236938,
1,485,0,0.4412134289741516,
1,486,0,0.7486315965652466,
1,487,0,0.3571215867996216,
1,488,0,0.7797807455062866,
1,489,0,0.8355258703231812,
1,490,0,0.7791395783424377,
1,491,0,0.8282203078269958,
1,492,0,0.6779614686965942,
1,493,0,0.7677174806594849,
1,494,0,0.05987679958343506,
1,495,0,0.39740878343582153,
1,496,0,0.3140549659729004,
1,497,0,0.7913681268692017,
1,498,0,0.45879751443862915,
1,499,0,0.8434455990791321,
1,500,0,0.8892611861228943,
1,501,0,0.7774795889854431,
1,502,0,0.8340691924095154,
1,503,0,0.21618646383285522,
1,504,0,0.768290102481842,
1,505,0,0.4808388352394104,
1,506,0,0.7761667370796204,
1,507,0,0.2816789150238037,
1,508,0,0.8442874550819397,
1,509,0,0.8374302983283997,
1,510,0,0.9627946615219116,
1,511,0,0.7915879487991333,
1,512,0,0.2729575037956238,
1,513,0,0.7482398748397827,
1,514,0,0.8242716193199158,
1,515,0,0.82123863697052,
1,516,0,0.7604274749755859,
1,517,0,0.4070521593093872,
1,518,0,0.26007044315338135,
1,519,0,0.30302757024765015,
1,520,0,0.9498710036277771,
1,521,0,0.9369503259658813,
1,522,0,0.36957699060440063,
1,523,0,0.8556029200553894,
1,524,0,0.7606219053268433,
1,525,0,0.05305749177932739,
1,526,0,0.33541178703308105,
1,527,0,0.8373910188674927,
1,528,0,0.05431431531906128,
1,529,0,0.8993802070617676,
1,530,0,0.8432636260986328,
1,531,0,0.8366125226020813,
1,532,0,0.8017631769180298,
1,533,0,0.8263371586799622,
1,534,0,0.3895975947380066,
1,535,0,0.9117248058319092,
1,536,0,0.8080931901931763,
1,537,0,0.3088057041168213,
1,538,0,0.8258193135261536,
1,539,0,0.8845435380935669,
1,540,0,0.78005051612854,
1,541,0,0.4461249113082886,
1,542,0,0.343170702457428,
1,543,0,0.8409155607223511,
1,544,0,0.06231069564819336,
1,545,0,0.44485795497894287,
1,546,0,0.46673810482025146,
1,547,0,0.061948955059051514,
1,548,0,0.7954100966453552,
1,549,0,0.33036190271377563,
1,550,0,0.830070972442627,
1,551,0,0.8412948250770569,
1,552,0,0.7501852512359619,
1,553,0,0.4780575633049011,
1,554,0,0.6816335916519165,
1,555,0,0.27509862184524536,
1,556,0,0.7814933061599731,
1,557,0,0.957426905632019,
1,558,0,0.40429747104644775,
1,559,0,0.67588210105896,
1,560,0,0.7946044206619263,
1,561,0,0.90639728307724,
1,562,0,0.17581039667129517,
1,563,0,0.9642270803451538,
1,564,0,0.5169031620025635,
1,565,0,0.3783774971961975,
1,566,0,0.413169264793396,
1,567,0,0.8423154950141907,
1,568,0,0.2314351201057434,
1,569,0,0.8338251709938049,
1,570,0,0.65773606300354,
1,571,0,0.6349040269851685,
1,572,0,0.34227830171585083,
1,573,0,0.9799405932426453,
1,574,0,0.3288871645927429,
1,575,0,0.3003309965133667,
1,576,0,0.8381416201591492,
1,577,0,0.3084157109260559,
1,578,0,0.32057005167007446,
1,579,0,0.7991824150085449,
1,580,0,0.3029663562774658,
1,581,0,0.41929394006729126,
1,582,0,0.92500901222229,
1,583,0,0.7803066372871399,
1,584,0,0.49126356840133667,
1,585,0,0.8197265267372131,
1,586,0,0.8314509987831116,
1,587,0,0.6256659030914307,
1,588,0,0.2512016296386719,
1,589,0,0.775425910949707,
1,590,0,0.831167459487915,
1,591,0,0.28434979915618896,
1,592,0,0.8158553838729858,
1,593,0,0.8384531736373901,
1,594,0,0.8271694183349609,
1,595,0,0.7618392109870911,
1,596,0,0.4807589650154114,
1,597,0,0.17071276903152466,
1,598,0,0.3408512473106384,
1,599,0,0.37196213006973267,
1,600,0,0.8221091032028198,
1,601,0,0.43008917570114136,
1,602,0,0.1916966438293457,
1,603,0,0.325514018535614,
1,604,0,0.758224606513977,
1,605,0,0.8034709095954895,
1,606,0,0.3123762607574463,
1,607,0,0.8164247274398804,
1,608,0,0.761054515838623,
1,609,0,0.8505450487136841,
1,610,0,0.840063214302063,
1,611,0,0.8660206198692322,
1,612,0,0.6902604103088379,
1,613,0,0.804725706577301,
1,614,0,0.8309540152549744,
1,615,0,0.4299103617668152,
1,616,0,0.9507030248641968,
1,617,0,0.31417375802993774,
1,618,0,0.17702406644821167,
1,619,0,0.4304847717285156,
1,620,0,0.8372468948364258,
1,621,0,0.4587528109550476,
1,622,0,0.8423357009887695,
1,623,0,0.47307300567626953,
1,624,0,0.337593138217926,
1,625,0,0.8478971123695374,
1,626,0,0.8465517163276672,
1,627,0,0.8163130879402161,
1,628,0,0.8519129753112793,
1,629,0,0.5178400278091431,
1,630,0,0.0653427243232727,
1,631,0,0.18479806184768677,
1,632,0,0.8207096457481384,
1,633,0,0.7772781848907471,
1,634,0,0.9512504935264587,
1,635,0,0.5146392583847046,
1,636,0,0.8122334480285645,
1,637,0,0.7374414205551147,
1,638,0,0.9798040390014648,
1,639,0,0.7757222652435303,
1,640,0,0.15862607955932617,
1,641,0,0.7837574481964111,
1,642,0,0.7851323485374451,
1,643,0,0.4646990895271301,
1,644,0,0.451477587223053,
1,645,0,0.9243636727333069,
1,646,0,0.8447090983390808,
1,647,0,0.788824737071991,
1,648,0,0.8212510347366333,
1,649,0,0.04885280132293701,
1,650,0,0.7835751175880432,
1,651,0,0.4851147532463074,
1,652,0,0.7701504230499268,
1,653,0,0.6122490763664246,
1,654,0,0.7806979417800903,
1,655,0,0.25909197330474854,
1,656,0,0.2676299214363098,
1,657,0,0.39350616931915283,
1,658,0,0.8231720328330994,
1,659,0,0.05321997404098511,
1,660,0,0.840682327747345,
1,661,0,0.8325238823890686,
1,662,0,0.8415939807891846,
1,663,0,0.7511167526245117,
1,664,0,0.8392284512519836,
1,665,0,0.46873706579208374,
1,666,0,0.056520819664001465,
1,667,0,0.8191285133361816,
1,668,0,0.3156639337539673,
1,669,0,0.4747310280799866,
1,670,0,0.42025047540664673,
1,671,0,0.780174732208252,
1,672,0,0.18269091844558716,
1,673,0,0.29971760511398315,
1,674,0,0.4446316361427307,
1,675,0,0.7824538350105286,
1,676,0,0.1702912449836731,
1,677,0,0.6335593461990356,
1,678,0,0.9327566623687744,
1,679,0,0.8088923692703247,
1,680,0,0.0620802640914917,
1,681,0,0.9785207509994507,
1,682,0,0.3388962745666504,
1,683,0,0.37339383363723755,
1,684,0,0.9603551626205444,
1,685,0,0.8205534815788269,
1,686,0,0.9192356467247009,
1,687,0,0.6448206305503845,
1,688,0,0.2963130474090576,
1,689,0,0.7688729763031006,
1,690,0,0.8347842693328857,
1,691,0,0.16718155145645142,
1,692,0,0.3708263635635376,
1,693,0,0.7293418645858765,
1,694,0,0.7807114124298096,
1,695,0,0.7791354656219482,
1,696,0,0.1971113085746765,
1,697,0,0.7760947942733765,
1,698,0,0.8434759378433228,
1,699,0,0.49394941329956055,
1,700,0,0.2893087863922119,
1,701,0,0.8441336154937744,
1,702,0,0.7974303364753723,
1,703,0,0.9388289451599121,
1,704,0,0.16329658031463623,
1,705,0,0.05667024850845337,
1,706,0,0.8396657109260559,
1,707,0,0.8191852569580078,
1,708,0,0.8644834756851196,
1,709,0,0.7686102986335754,
1,710,0,0.44288909435272217,
1,711,0,0.38026338815689087,
1,712,0,0.3099580407142639,
1,713,0,0.4496743083000183,
1,714,0,0.8502525091171265,
1,715,0,0.47497254610061646,
1,716,0,0.7785625457763672,
1,717,0,0.6835638880729675,
1,718,0,0.8458348512649536,
1,719,0,0.8304000496864319,
1,720,0,0.7986240386962891,
1,721,0,0.8084760904312134,
1,722,0,0.848261833190918,
1,723,0,0.1763768196105957,
1,724,0,0.7755516767501831,
1,725,0,0.20663142204284668,
1,726,0,0.8213099837303162,
1,727,0,0.8072989583015442,
1,728,0,0.20082813501358032,
1,729,0,0.4578492045402527,
1,730,0,0.40251415967941284,
1,731,0,0.8299582004547119,
1,732,0,0.8367154002189636,
1,733,0,0.4356503486633301,
1,734,0,0.8125990033149719,
1,735,0,0.3297020196914673,
1,736,0,0.7682431936264038,
1,737,0,0.9343922138214111,
1,738,0,0.8333669900894165,
1,739,0,0.6436545848846436,
1,740,0,0.31326478719711304,
1,741,0,0.723257303237915,
1,742,0,0.8345493078231812,
1,743,0,0.8421981930732727,
1,744,0,0.8977527022361755,
1,745,0,0.31197673082351685,
1,746,0,0.756414532661438,
1,747,0,0.9811786413192749,
1,748,0,0.7437114715576172,
1,749,0,0.831785261631012,
1,750,0,0.815093994140625,
1,751,0,0.8292533755302429,
1,752,0,0.8239731788635254,
1,753,0,0.5130946040153503,
1,754,0,0.7967402935028076,
1,755,0,0.8389933109283447,
1,756,0,0.8282438516616821,
1,757,0,0.835706353187561,
1,758,0,0.7637475728988647,
1,759,0,0.054677367210388184,
1,760,0,0.4869733452796936,
1,761,0,0.7687370777130127,
1,762,0,0.785990834236145,
1,763,0,0.35123610496520996,
1,764,0,0.32882529497146606,
1,765,0,0.8055029511451721,
1,766,0,0.17784899473190308,
1,767,0,0.7653261423110962,
1,768,0,0.8279150724411011,
1,769,0,0.21017056703567505,
1,770,0,0.8788933753967285,
1,771,0,0.7864477634429932,
1,772,0,0.8125720024108887,
1,773,0,0.21235114336013794,
1,774,0,0.8511875867843628,
1,775,0,0.8136981725692749,
1,776,0,0.2880343198776245,
1,777,0,0.9749762415885925,
1,778,0,0.4469495415687561,
1,779,0,0.8361418843269348,
1,780,0,0.774978518486023,
1,781,0,0.830083966255188,
1,782,0,0.42127901315689087,
1,783,0,0.8129133582115173,
1,784,0,0.4430556297302246,
1,785,0,0.0477985143661499,
1,786,0,0.5207656621932983,
1,787,0,0.2827613949775696,
1,788,0,0.968052327632904,
1,789,0,0.3338223099708557,
1,790,0,0.8369359374046326,
1,791,0,0.5084339380264282,
1,792,0,0.3709230422973633,
1,793,0,0.8089455366134644,
1,794,0,0.8305035829544067,
1,795,0,0.2922334671020508,
1,796,0,0.8293631672859192,
1,797,0,0.06315475702285767,
1,798,0,0.4975850582122803,
1,799,0,0.8283087611198425,
1,val,,,0.6084951508045197
2,0,0,0.4326724410057068,
2,1,0,0.8230526447296143,
2,2,0,0.6860138177871704,
2,3,0,0.9286795854568481,
2,4,0,0.42037153244018555,
2,5,0,0.7842863202095032,
2,6,0,0.1732320785522461,
2,7,0,0.5096545219421387,
2,8,0,0.2609592080116272,
2,9,0,0.8216857314109802,
2,10,0,0.06723076105117798,
2,11,0,0.9510535001754761,
2,12,0,0.833693265914917,
2,13,0,0.821061372756958,
2,14,0,0.7574799656867981,
2,15,0,0.8245434761047363,
2,16,0,0.5567165613174438,
2,17,0,0.4038386344909668,
2,18,0,0.8089885711669922,
2,19,0,0.8341696858406067,
2,20,0,0.7634430527687073,
2,21,0,0.5108704566955566,
2,22,0,0.30378037691116333,
2,23,0,0.7141132354736328,
2,24,0,0.8264933228492737,
2,25,0,0.7476760149002075,
2,26,0,0.8391513228416443,
2,27,0,0.4184541702270508,
2,28,0,0.3003506064414978,
2,29,0,0.4943033456802368,
2,30,0,0.8297953605651855,
2,31,0,0.893771767616272,
2,32,0,0.4787405729293823,
2,33,0,0.7646728754043579,
2,34,0,0.8977679014205933,
2,35,0,0.2928803563117981,
2,36,0,0.45626163482666016,
2,37,0,0.8279257416725159,
2,38,0,0.20009154081344604,
2,39,0,0.8423137664794922,
2,40,0,0.16687065362930298,
2,41,0,0.6529157161712646,
2,42,0,0.4857410192489624,
2,43,0,0.04545706510543823,
2,44,0,0.7636748552322388,
2,45,0,0.48658519983291626,
2,46,0,0.05242568254470825,
2,47,0,0.05321645736694336,
2,48,0,0.8359366655349731,
2,49,0,0.3210115432739258,
2,50,0,0.8386141657829285,
2,51,0,0.4162205457687378,
2,52,0,0.4357837438583374,
2,53,0,0.05384969711303711,
2,54,0,0.8513267636299133,
2,55,0,0.47189557552337646,
2,56,0,0.7996147871017456,
2,57,0,0.5162644386291504,
2,58,0,0.8968243598937988,
2,59,0,0.37636059522628784,
2,60,0,0.4458155632019043,
2,61,0,0.6243371963500977,
2,62,0,0.8250478506088257,
2,63,0,0.2824048399925232,
2,64,0,0.2710256576538086,
2,65,0,0.8072775602340698,
2,66,0,0.7520368099212646,
2,67,0,0.45766353607177734,
2,68,0,0.8881229758262634,
2,69,0,0.463569700717926,
2,70,0,0.5157935619354248,
2,71,0,0.6424342393875122,
2,72,0,0.6918843984603882,
2,73,0,0.8394075632095337,
2,74,0,0.8241639137268066,
2,75,0,0.6985781788825989,
2,76,0,0.8124938011169434,
2,77,0,0.7876085042953491,
2,78,0,0.1710229516029358,
2,79,0,0.955180823802948,
2,80,0,0.5045104026794434,
2,81,0,0.8202341794967651,
2,82,0,0.05434781312942505,
2,83,0,0.9244526624679565,
2,84,0,0.8587082624435425,
2,85,0,0.5381240844726562,
2,86,0,0.9629803895950317,
2,87,0,0.5962597131729126,
2,88,0,0.8212524056434631,
2,89,0,0.4905000329017639,
2,90,0,0.7587820887565613,
2,91,0,0.8402103185653687,
2,92,0,0.8459607362747192,
2,93,0,0.8263901472091675,
2,94,0,0.49761444330215454,
2,95,0,0.9431039690971375,
2,96,0,0.30184584856033325,
2,97,0,0.8408746123313904,
2,98,0,0.6239229440689087,
2,99,0,0.9250582456588745,
2,100,0,0.7656266093254089,
2,101,0,0.6843214631080627,
2,102,0,0.918286144733429,
2,103,0,0.8419819474220276,
2,104,0,0.8307656049728394,
2,105,0,0.36216074228286743,
2,106,0,0.9446797966957092,
2,107,0,0.8208289742469788,
2,108,0,0.651688814163208,
2,109,0,0.819267749786377,
2,110,0,0.9821990132331848,
2,111,0,0.8256918787956238,
2,112,0,0.8332245945930481,
2,113,0,0.43785369396209717,
2,114,0,0.27500152587890625,
2,115,0,0.9715989232063293,
2,116,0,0.8265214562416077,
2,117,0,0.40485507249832153,
2,118,0,0.816729724407196,
2,119,0,0.3408913016319275,
2,120,0,0.826979398727417,
2,121,0,0.8453578352928162,
2,122,0,0.7389980554580688,
2,123,0,0.0685194730758667,
2,124,0,0.44908952713012695,
2,125,0,0.7734234929084778,
2,126,0,0.934018075466156,
2,127,0,0.8276903033256531,
2,128,0,0.8995880484580994,
2,129,0,0.8396579623222351,
2,130,0,0.7576048970222473,
2,131,0,0.9481483101844788,
2,132,0,0.8453102111816406,
2,133,0,0.26792675256729126,
2,134,0,0.46450358629226685,
2,135,0,0.518399715423584,
2,136,0,0.05844402313232422,
2,137,0,0.13600701093673706,
2,138,0,0.27479398250579834,
2,139,0,0.5146012306213379,
2,140,0,0.9373076558113098,
2,141,0,0.8323752880096436,
2,142,0,0.9353533387184143,
2,143,0,0.7920328378677368,
2,144,0,0.8157321214675903,
2,145,0,0.23275506496429443,
2,146,0,0.7198442220687866,
2,147,0,0.2566103935241699,
2,148,0,0.7950459122657776,
2,149,0,0.7954815626144409,
2,150,0,0.814262330532074,
2,151,0,0.8907533288002014,
2,152,0,0.7558143138885498,
2,153,0,0.8268155455589294,
2,154,0,0.8276215195655823,
2,155,0,0.7420449256896973,
2,156,0,0.05239790678024292,
2,157,0,0.6430771946907043,
2,158,0,0.787643551826477,
2,159,0,0.8084322214126587,
2,160,0,0.37520933151245117,
2,161,0,0.061362266540527344,
2,162,0,0.8323284387588501,
2,163,0,0.29654836654663086,
2,164,0,0.40542447566986084,
2,165,0,0.7325500249862671,
2,166,0,0.264289915561676,
2,167,0,0.9981931447982788,
2,168,0,0.8417890667915344,
2,169,0,0.1510722041130066,
2,170,0,0.8752480149269104,
2,171,0,0.756650984287262,
2,172,0,0.7502608299255371,
2,173,0,0.6553621292114258,
2,174,0,0.7623857855796814,
2,175,0,0.43656784296035767,
2,176,0,0.772627055644989,
2,177,0,0.31620025634765625,
2,178,0,0.8349600434303284,
2,179,0,0.3573804497718811,
2,180,0,0.8177540302276611,
2,181,0,0.8147165179252625,
2,182,0,0.3338986039161682,
2,183,0,0.17819136381149292,
2,184,0,0.7896921038627625,
2,185,0,0.7592505812644958,
2,186,0,0.30967456102371216,
2,187,0,0.7870720624923706,
2,188,0,0.7664735913276672,
2,189,0,0.28242242336273193,
2,190,0,0.06686210632324219,
2,191,0,0.45843786001205444,
2,192,0,0.7703071236610413,
2,193,0,0.7570441961288452,
2,194,0,0.7524279952049255,
2,195,0,0.8497635126113892,
2,196,0,0.7618075609207153,
2,197,0,0.19697529077529907,
2,198,0,0.8153012990951538,
2,199,0,0.2669987678527832,
2,200,0,0.8252784013748169,
2,201,0,0.05213594436645508,
2,202,0,0.29565608501434326,
2,203,0,0.8378082513809204,
2,204,0,0.3445013165473938,
2,205,0,0.24307137727737427,
2,206,0,0.3647252917289734,
2,207,0,0.15501075983047485,
2,208,0,0.503849983215332,
2,209,0,0.7914642095565796,
2,210,0,0.32311928272247314,
2,211,0,0.8308226466178894,
2,212,0,0.5112018585205078,
2,213,0,0.8174978494644165,
2,214,0,0.8400053977966309,
2,215,0,0.9595676064491272,
2,216,0,0.4901174306869507,
2,217,0,0.8280171155929565,
2,218,0,0.9826551675796509,
2,219,0,0.7530369162559509,
2,220,0,0.26440680027008057,
2,221,0,0.7601386308670044,
2,222,0,0.32616013288497925,
2,223,0,0.48823851346969604,
2,224,0,0.9300956130027771,
2,225,0,0.30260974168777466,
2,226,0,0.8165187239646912,
2,227,0,0.1748242974281311,
2,228,0,0.7408770322799683,
2,229,0,0.45375001430511475,
2,230,0,0.4673420786857605,
2,231,0,0.9152652621269226,
2,232,0,0.8459950685501099,
2,233,0,0.8321123123168945,
2,234,0,0.8166954517364502,
2,235,0,0.045699119567871094,
2,236,0,0.46536511182785034,
2,237,0,0.8315145373344421,
2,238,0,0.5018553733825684,
2,239,0,0.41108638048171997,
2,240,0,0.8172330856323242,
2,241,0,0.9136025309562683,
2,242,0,0.8270543813705444,
2,243,0,0.46612948179244995,
2,244,0,0.31295478343963623,
2,245,0,0.051143527030944824,
2,246,0,0.43741899728775024,
2,247,0,0.8316445350646973,
2,248,0,0.4658670425415039,
2,249,0,0.8216241002082825,
2,250,0,0.12654244899749756,
2,251,0,0.8404306173324585,
2,252,0,0.7840055823326111,
2,253,0,0.7827382683753967,
2,254,0,0.04366189241409302,
2,255,0,0.7638047337532043,
2,256,0,0.5842890739440918,
2,257,0,0.842633068561554,
2,258,0,0.9180502891540527,
2,259,0,0.8701349496841431,
2,260,0,0.5444080829620361,
2,261,0,0.7575817704200745,
2,262,0,0.9402700066566467,
2,263,0,0.7470096349716187,
2,264,0,0.3100306987762451,
2,265,0,0.9433910250663757,
2,266,0,0.8525571823120117,
2,267,0,0.8412302136421204,
2,268,0,0.34598106145858765,
2,269,0,0.49609827995300293,
2,270,0,0.625145435333252,
2,271,0,0.827642560005188,
2,272,0,0.3863897919654846,
2,273,0,0.8441013693809509,
2,274,0,0.8364566564559937,
2,275,0,0.16720086336135864,
2,276,0,0.8145493268966675,
2,277,0,0.06554466485977173,
2,278,0,0.5536043643951416,
2,279,0,0.7564045786857605,
2,280,0,0.7995794415473938,
2,281,0,0.7981828451156616,
2,282,0,0.7664193511009216,
2,283,0,0.773760199546814,
2,284,0,0.8511098623275757,
2,285,0,0.9359498023986816,
2,286,0,0.6740254759788513,
2,287,0,0.7470415830612183,
2,288,0,0.9151224493980408,
2,289,0,0.5645804405212402,
2,290,0,0.8312795758247375,
2,291,0,0.04968076944351196,
2,292,0,0.4191705584526062,
2,293,0,0.8414750099182129,
2,294,0,0.8360514044761658,
2,295,0,0.9679150581359863,
2,296,0,0.4854242205619812,
2,297,0,0.052614033222198486,
2,298,0,0.8565146327018738,
2,299,0,0.8184072971343994,
2,300,0,0.4431689977645874,
2,301,0,0.44878119230270386,
2,302,0,0.8357078433036804,
2,303,0,0.6200432181358337,
2,304,0,0.8375808000564575,
2,305,0,0.4998965263366699,
2,306,0,0.2452600598335266,
2,307,0,0.8308069109916687,
2,308,0,0.8377915620803833,
2,309,0,0.20399224758148193,
2,310,0,0.824535608291626,
2,311,0,0.4158371090888977,
2,312,0,0.8235344886779785,
2,313,0,0.8197424411773682,
2,314,0,0.4167223572731018,
2,315,0,0.8741186857223511,
2,316,0,0.8335369229316711,
2,317,0,0.7001079320907593,
2,318,0,0.34187763929367065,
2,319,0,0.33738982677459717,
2,320,0,0.7568817138671875,
2,321,0,0.919601321220398,
2,322,0,0.9516705274581909,
2,323,0,0.3045334815979004,
2,324,0,0.8438948392868042,
2,325,0,0.8052880167961121,
2,326,0,0.8091713190078735,
2,327,0,0.7440322637557983,
2,328,0,0.7592769265174866,
2,329,0,0.7842850089073181,
2,330,0,0.3790256381034851,
2,331,0,0.32838112115859985,
2,332,0,0.9379158616065979,
2,333,0,0.2646484971046448,
2,334,0,0.8719562292098999,
2,335,0,0.3892161250114441,
2,336,0,0.8263473510742188,
2,337,0,0.48726707696914673,
2,338,0,0.6588003635406494,
2,339,0,0.8049519062042236,
2,340,0,0.8422371745109558,
2,341,0,0.060665905475616455,
2,342,0,0.7647274732589722,
2,343,0,0.6399025917053223,
2,344,0,0.8261738419532776,
2,345,0,0.824688196182251,
2,346,0,0.25137484073638916,
2,347,0,0.1735876202583313,
2,348,0,0.7634614109992981,
2,349,0,0.9336877465248108,
2,350,0,0.850631594657898,
2,351,0,0.7794801592826843,
2,352,0,0.8254046440124512,
2,353,0,0.8384301662445068,
2,354,0,0.6611055135726929,
2,355,0,0.1665775179862976,
2,356,0,0.9387797117233276,
2,357,0,0.7735077142715454,
2,358,0,0.2095842957496643,
2,359,0,0.7877300977706909,
2,360,0,0.9042977690696716,
2,361,0,0.8424739837646484,
2,362,0,0.27151286602020264,
2,363,0,0.31436485052108765,
2,364,0,0.7687232494354248,
2,365,0,0.9421384930610657,
2,366,0,0.8971271514892578,
2,367,0,0.8326702117919922,
2,368,0,0.9009310603141785,
2,369,0,0.8192375898361206,
2,370,0,0.6521055698394775,
2,371,0,0.7558673024177551,
2,372,0,0.8218616843223572,
2,373,0,0.8967584371566772,
2,374,0,0.42710548639297485,
2,375,0,0.7938392162322998,
2,376,0,0.7854193449020386,
2,377,0,0.34836816787719727,
2,378,0,0.4195302128791809,
2,379,0,0.8841902017593384,
2,380,0,0.3607829809188843,
2,381,0,0.32493799924850464,
2,382,0,0.33643466234207153,
2,383,0,0.8344089984893799,
2,384,0,0.3562467694282532,
2,385,0,0.3460419774055481,
2,386,0,0.2626360058784485,
2,387,0,0.444277822971344,
2,388,0,0.05921822786331177,
2,389,0,0.7897530198097229,
2,390,0,0.7640680074691772,
2,391,0,0.7261654734611511,
2,392,0,0.7019449472427368,
2,393,0,0.32098841667175293,
2,394,0,0.49183017015457153,
2,395,0,0.8208633661270142,
2,396,0,0.1630253791809082,
2,397,0,0.19408589601516724,
2,398,0,0.8047380447387695,
2,399,0,0.3132263422012329,
2,400,0,0.7568341493606567,
2,401,0,0.7809205055236816,
2,402,0,0.8288100957870483,
2,403,0,0.8092650771141052,
2,404,0,0.3346596360206604,
2,405,0,0.06844425201416016,
2,406,0,0.7743403315544128,
2,407,0,0.8430801033973694,
2,408,0,0.8346347808837891,
2,409,0,0.7325763702392578,
2,410,0,0.8426094055175781,
2,411,0,0.31697046756744385,
2,412,0,0.8152732253074646,
2,413,0,0.06967717409133911,
2,414,0,0.7945635318756104,
2,415,0,0.6668708324432373,
2,416,0,0.8560130000114441,
2,417,0,0.057286620140075684,
2,418,0,0.540926456451416,
2,419,0,0.5064195990562439,
2,420,0,0.2712734341621399,
2,421,0,0.2774137854576111,
2,422,0,0.8758996725082397,
2,423,0,0.8364859223365784,
2,424,0,0.913685142993927,
2,425,0,0.8175393342971802,
2,426,0,0.8207414150238037,
2,427,0,0.8087975978851318,
2,428,0,0.49444061517715454,
2,429,0,0.8205836415290833,
2,430,0,0.2757778763771057,
2,431,0,0.8009921908378601,
2,432,0,0.813532829284668,
2,433,0,0.8250829577445984,
2,434,0,0.8309574723243713,
2,435,0,0.8191493153572083,
2,436,0,0.6271587610244751,
2,437,0,0.053650736808776855,
2,438,0,0.7423956394195557,
2,439,0,0.2283327579498291,
2,440,0,0.8363750576972961,
2,441,0,0.7963470816612244,
2,442,0,0.8236815333366394,
2,443,0,0.8198423385620117,
2,444,0,0.7707216739654541,
2,445,0,0.8246259093284607,
2,446,0,0.7602880597114563,
2,447,0,0.3250771164894104,
2,448,0,0.053978145122528076,
2,449,0,0.806443452835083,
2,450,0,0.7914586663246155,
2,451,0,0.27666592597961426,
2,452,0,0.9034328460693359,
2,453,0,0.3135190010070801,
2,454,0,0.448259174823761,
2,455,0,0.5990071296691895,
2,456,0,0.7383096218109131,
2,457,0,0.6806261539459229,
2,458,0,0.5387513637542725,
2,459,0,0.9123073816299438,
2,460,0,0.8232752084732056,
2,461,0,0.472223162651062,
2,462,0,0.8106465339660645,
2,463,0,0.1555578112602234,
2,464,0,0.6381028890609741,
2,465,0,0.7576694488525391,
2,466,0,0.048228919506073,
2,467,0,0.8152745962142944,
2,468,0,0.6647466421127319,
2,469,0,0.8032772541046143,
2,470,0,0.36021602153778076,
2,471,0,0.05598241090774536,
2,472,0,0.8405619263648987,
2,473,0,0.842619001865387,
2,474,0,0.058519721031188965,
2,475,0,0.8295637369155884,
2,476,0,0.486763060092926,
2,477,0,0.918813943862915,
2,478,0,0.5416049957275391,
2,479,0,0.5022273063659668,
2,480,0,0.6857705116271973,
2,481,0,0.17614489793777466,
2,482,0,0.8733396530151367,
2,483,0,0.8344643115997314,
2,484,0,0.8401232957839966,
2,485,0,0.4392085075378418,
2,486,0,0.7357210516929626,
2,487,0,0.35174560546875,
2,488,0,0.759058952331543,
2,489,0,0.8337761163711548,
2,490,0,0.774142861366272,
2,491,0,0.826759934425354,
2,492,0,0.6726198196411133,
2,493,0,0.7647790908813477,
2,494,0,0.05985260009765625,
2,495,0,0.38070106506347656,
2,496,0,0.3034231662750244,
2,497,0,0.7846304774284363,
2,498,0,0.4574900269508362,
2,499,0,0.8431222438812256,
2,500,0,0.8612015247344971,
2,501,0,0.7735313177108765,
2,502,0,0.8353967666625977,
2,503,0,0.21453601121902466,
2,504,0,0.7676897644996643,
2,505,0,0.4790441393852234,
2,506,0,0.7728393077850342,
2,507,0,0.28108078241348267,
2,508,0,0.8451217412948608,
2,509,0,0.8382877707481384,
2,510,0,0.9197293519973755,
2,511,0,0.7869659662246704,
2,512,0,0.26253050565719604,
2,513,0,0.7397055625915527,
2,514,0,0.820787787437439,
2,515,0,0.8118451833724976,
2,516,0,0.7522451877593994,
2,517,0,0.4062145948410034,
2,518,0,0.2595520615577698,
2,519,0,0.3020678758621216,
2,520,0,0.9051561951637268,
2,521,0,0.9044426679611206,
2,522,0,0.36760377883911133,
2,523,0,0.8597846031188965,
2,524,0,0.7525604367256165,
2,525,0,0.053300440311431885,
2,526,0,0.33326154947280884,
2,527,0,0.8391219973564148,
2,528,0,0.05463796854019165,
2,529,0,0.8686606884002686,
2,530,0,0.8198412656784058,
2,531,0,0.8406730890274048,
2,532,0,0.7989401817321777,
2,533,0,0.8288944363594055,
2,534,0,0.3897872567176819,
2,535,0,0.880903959274292,
2,536,0,0.8048166036605835,
2,537,0,0.3000122308731079,
2,538,0,0.8274268507957458,
2,539,0,0.8386029601097107,
2,540,0,0.7758816480636597,
2,541,0,0.4417322278022766,
2,542,0,0.34421205520629883,
2,543,0,0.8471145033836365,
2,544,0,0.06313914060592651,
2,545,0,0.4320979118347168,
2,546,0,0.4625481367111206,
2,547,0,0.06254768371582031,
2,548,0,0.7870738506317139,
2,549,0,0.3319958448410034,
2,550,0,0.832983672618866,
2,551,0,0.8430871963500977,
2,552,0,0.7397080659866333,
2,553,0,0.46429210901260376,
2,554,0,0.6786921620368958,
2,555,0,0.27390867471694946,
2,556,0,0.7834426164627075,
2,557,0,0.910443902015686,
2,558,0,0.4042409658432007,
2,559,0,0.6731396913528442,
2,560,0,0.792048990726471,
2,561,0,0.8779933452606201,
2,562,0,0.17502057552337646,
2,563,0,0.9115869998931885,
2,564,0,0.49987149238586426,
2,565,0,0.37105703353881836,
2,566,0,0.38993293046951294,
2,567,0,0.8376209139823914,
2,568,0,0.22532564401626587,
2,569,0,0.8342978358268738,
2,570,0,0.6552410125732422,
2,571,0,0.6272467970848083,
2,572,0,0.33701092004776,
2,573,0,0.9296581745147705,
2,574,0,0.32581663131713867,
2,575,0,0.2985520362854004,
2,576,0,0.8198671936988831,
2,577,0,0.30643540620803833,
2,578,0,0.321402370929718,
2,579,0,0.7963782548904419,
2,580,0,0.29995816946029663,
2,581,0,0.41448670625686646,
2,582,0,0.8861843943595886,
2,583,0,0.7794711589813232,
2,584,0,0.467581570148468,
2,585,0,0.8179720640182495,
2,586,0,0.8305518627166748,
2,587,0,0.6261080503463745,
2,588,0,0.24326848983764648,
2,589,0,0.7359656095504761,
2,590,0,0.8287214040756226,
2,591,0,0.2806050181388855,
2,592,0,0.8146231770515442,
2,593,0,0.8354738354682922,
2,594,0,0.8255922794342041,
2,595,0,0.7543492913246155,
2,596,0,0.4642825722694397,
2,597,0,0.17071086168289185,
2,598,0,0.33950167894363403,
2,599,0,0.3570018410682678,
2,600,0,0.7877840995788574,
2,601,0,0.43060851097106934,
2,602,0,0.19298362731933594,
2,603,0,0.32003962993621826,
2,604,0,0.7531189322471619,
2,605,0,0.7992234826087952,
2,606,0,0.3125731945037842,
2,607,0,0.7729085683822632,
2,608,0,0.720667839050293,
2,609,0,0.838956356048584,
2,610,0,0.8412023186683655,
2,611,0,0.8637512922286987,
2,612,0,0.6856676340103149,
2,613,0,0.779486894607544,
2,614,0,0.8325372338294983,
2,615,0,0.4105221629142761,
2,616,0,0.9068188667297363,
2,617,0,0.3149035573005676,
2,618,0,0.1774052381515503,
2,619,0,0.4298272728919983,
2,620,0,0.8401293158531189,
2,621,0,0.45407557487487793,
2,622,0,0.7972880601882935,
2,623,0,0.46020597219467163,
2,624,0,0.3352835774421692,
2,625,0,0.8488854765892029,
2,626,0,0.8352130651473999,
2,627,0,0.8193853497505188,
2,628,0,0.8514594435691833,
2,629,0,0.5058079957962036,
2,630,0,0.06638610363006592,
2,631,0,0.1853387951850891,
2,632,0,0.8193275928497314,
2,633,0,0.747860312461853,
2,634,0,0.8909810781478882,
2,635,0,0.4919348359107971,
2,636,0,0.8136840462684631,
2,637,0,0.7206103801727295,
2,638,0,0.9250551462173462,
2,639,0,0.7630922794342041,
2,640,0,0.15965574979782104,
2,641,0,0.7787062525749207,
2,642,0,0.7822954654693604,
2,643,0,0.44691258668899536,
2,644,0,0.4306686520576477,
2,645,0,0.8652870059013367,
2,646,0,0.8427228927612305,
2,647,0,0.7808651924133301,
2,648,0,0.8211656808853149,
2,649,0,0.04963427782058716,
2,650,0,0.7737933397293091,
2,651,0,0.45800530910491943,
2,652,0,0.7317535877227783,
2,653,0,0.6074938774108887,
2,654,0,0.7697134017944336,
2,655,0,0.26137828826904297,
2,656,0,0.26140278577804565,
2,657,0,0.3940921425819397,
2,658,0,0.7781438827514648,
2,659,0,0.054607927799224854,
2,660,0,0.8475016951560974,
2,661,0,0.7863153219223022,
2,662,0,0.8392102718353271,
2,663,0,0.7427375316619873,
2,664,0,0.8436400890350342,
2,665,0,0.4466492533683777,
2,666,0,0.057651400566101074,
2,667,0,0.8101979494094849,
2,668,0,0.31142371892929077,
2,669,0,0.4751332402229309,
2,670,0,0.41596925258636475,
2,671,0,0.7736831903457642,
2,672,0,0.18433839082717896,
2,673,0,0.29519206285476685,
2,674,0,0.4369348883628845,
2,675,0,0.7721073031425476,
2,676,0,0.17090898752212524,
2,677,0,0.631629228591919,
2,678,0,0.8874025940895081,
2,679,0,0.8105312585830688,
2,680,0,0.06574457883834839,
2,681,0,0.8999256491661072,
2,682,0,0.3370800018310547,
2,683,0,0.3623936176300049,
2,684,0,0.8988668918609619,
2,685,0,0.8189350366592407,
2,686,0,0.8604865074157715,
2,687,0,0.642174243927002,
2,688,0,0.29590678215026855,
2,689,0,0.7738474607467651,
2,690,0,0.8422354459762573,
2,691,0,0.16655796766281128,
2,692,0,0.3703451156616211,
2,693,0,0.7177009582519531,
2,694,0,0.7740159034729004,
2,695,0,0.7741239070892334,
2,696,0,0.19735372066497803,
2,697,0,0.764460027217865,
2,698,0,0.8429787755012512,
2,699,0,0.4703133702278137,
2,700,0,0.27774131298065186,
2,701,0,0.8417829275131226,
2,702,0,0.7929977178573608,
2,703,0,0.8645322322845459,
2,704,0,0.16283446550369263,
2,705,0,0.05769014358520508,
2,706,0,0.8435477614402771,
2,707,0,0.8165640830993652,
2,708,0,0.8498149514198303,
2,709,0,0.763164222240448,
2,710,0,0.4278404116630554,
2,711,0,0.3732678294181824,
2,712,0,0.309135377407074,
2,713,0,0.4405394196510315,
2,714,0,0.8482838273048401,
2,715,0,0.46495693922042847,
2,716,0,0.774117112159729,
2,717,0,0.6922390460968018,
2,718,0,0.8351469039916992,
2,719,0,0.830791175365448,
2,720,0,0.7980216145515442,
2,721,0,0.800737202167511,
2,722,0,0.8212022185325623,
2,723,0,0.17627006769180298,
2,724,0,0.7373981475830078,
2,725,0,0.20614886283874512,
2,726,0,0.8252606987953186,
2,727,0,0.8102316856384277,
2,728,0,0.20102280378341675,
2,729,0,0.4566667675971985,
2,730,0,0.39682507514953613,
2,731,0,0.8289546966552734,
2,732,0,0.8175873756408691,
2,733,0,0.4432344436645508,
2,734,0,0.8170221447944641,
2,735,0,0.3297043442726135,
2,736,0,0.7660067081451416,
2,737,0,0.8761272430419922,
2,738,0,0.8177017569541931,
2,739,0,0.64742112159729,
2,740,0,0.3120928406715393,
2,741,0,0.7124307155609131,
2,742,0,0.8360695838928223,
2,743,0,0.8474102020263672,
2,744,0,0.8274890184402466,
2,745,0,0.3088575005531311,
2,746,0,0.7491342425346375,
2,747,0,0.9071707725524902,
2,748,0,0.741478681564331,
2,749,0,0.830894410610199,
2,750,0,0.8222472071647644,
2,751,0,0.8289703130722046,
2,752,0,0.7931505441665649,
2,753,0,0.49294692277908325,
2,754,0,0.7588447332382202,
2,755,0,0.842621386051178,
2,756,0,0.8296539187431335,
2,757,0,0.838600218296051,
2,758,0,0.7206156253814697,
2,759,0,0.055091261863708496,
2,760,0,0.46421414613723755,
2,761,0,0.7631968855857849,
2,762,0,0.7819827198982239,
2,763,0,0.35399138927459717,
2,764,0,0.3262717127799988,
2,765,0,0.8044447302818298,
2,766,0,0.1793675422668457,
2,767,0,0.7561705112457275,
2,768,0,0.8313051462173462,
2,769,0,0.2072470784187317,
2,770,0,0.8145701289176941,
2,771,0,0.7448499202728271,
2,772,0,0.8118706941604614,
2,773,0,0.21234112977981567,
2,774,0,0.8577006459236145,
2,775,0,0.8121824264526367,
2,776,0,0.2803547978401184,
2,777,0,0.8886669874191284,
2,778,0,0.445608913898468,
2,779,0,0.8381447792053223,
2,780,0,0.7748264074325562,
2,781,0,0.8324248790740967,
2,782,0,0.4281225800514221,
2,783,0,0.8171724081039429,
2,784,0,0.4210382103919983,
2,785,0,0.04987877607345581,
2,786,0,0.5055691003799438,
2,787,0,0.27292001247406006,
2,788,0,0.906218409538269,
2,789,0,0.32941633462905884,
2,790,0,0.799625813961029,
2,791,0,0.4908624291419983,
2,792,0,0.36770331859588623,
2,793,0,0.8087660670280457,
2,794,0,0.8355505466461182,
2,795,0,0.2923014760017395,
2,796,0,0.831311047077179,
2,797,0,0.06435757875442505,
2,798,0,0.48345184326171875,
2,799,0,0.8295839428901672,
2,val,,,0.5937716126441955
3,0,0,0.42661094665527344,
3,1,0,0.8199129104614258,
3,2,0,0.6530354022979736,
3,3,0,0.8704022169113159,
3,4,0,0.41875559091567993,
3,5,0,0.777508020401001,
3,6,0,0.173242449760437,
3,7,0,0.4878914952278137,
3,8,0,0.2640463709831238,
3,9,0,0.8199305534362793,
3,10,0,0.06850510835647583,
3,11,0,0.889558732509613,
3,12,0,0.8337516784667969,
3,13,0,0.8261738419532776,
3,14,0,0.7534728050231934,
3,15,0,0.823239803314209,
3,16,0,0.5319725275039673,
3,17,0,0.4046176075935364,
3,18,0,0.8095682263374329,
3,19,0,0.8385412096977234,
3,20,0,0.7518054842948914,
3,21,0,0.49456650018692017,
3,22,0,0.29503440856933594,
3,23,0,0.6999997496604919,
3,24,0,0.824212372303009,
3,25,0,0.7386695742607117,
3,26,0,0.8404043316841125,
3,27,0,0.3979799151420593,
3,28,0,0.293826699256897,
3,29,0,0.4739050269126892,
3,30,0,0.8333688974380493,
3,31,0,0.8287242650985718,
3,32,0,0.46363431215286255,
3,33,0,0.7583515644073486,
3,34,0,0.8317810297012329,
3,35,0,0.28512370586395264,
3,36,0,0.438681423664093,
3,37,0,0.8290199637413025,
3,38,0,0.1999729871749878,
3,39,0,0.8450923562049866,
3,40,0,0.1677117943763733,
3,41,0,0.6562734246253967,
3,42,0,0.47526711225509644,
3,43,0,0.04618912935256958,
3,44,0,0.7548791170120239,
3,45,0,0.4783831238746643,
3,46,0,0.05214500427246094,
3,47,0,0.05333554744720459,
3,48,0,0.8387231826782227,
3,49,0,0.3204953074455261,
3,50,0,0.8416536450386047,
3,51,0,0.3996061086654663,
3,52,0,0.4362814426422119,
3,53,0,0.05472993850708008,
3,54,0,0.8518658876419067,
3,55,0,0.4615798592567444,
3,56,0,0.7984659671783447,
3,57,0,0.5086994171142578,
3,58,0,0.8803467750549316,
3,59,0,0.37283027172088623,
3,60,0,0.436461865901947,
3,61,0,0.6216598749160767,
3,62,0,0.8278354406356812,
3,63,0,0.28008556365966797,
3,64,0,0.2695816159248352,
3,65,0,0.7678200602531433,
3,66,0,0.745002269744873,
3,67,0,0.45383816957473755,
3,68,0,0.8581274747848511,
3,69,0,0.4629824757575989,
3,70,0,0.5140293836593628,
3,71,0,0.6399892568588257,
3,72,0,0.679809033870697,
3,73,0,0.8144088387489319,
3,74,0,0.8227883577346802,
3,75,0,0.6497242450714111,
3,76,0,0.8135424852371216,
3,77,0,0.742949366569519,
3,78,0,0.17060232162475586,
3,79,0,0.8678067326545715,
3,80,0,0.4939945340156555,
3,81,0,0.8179490566253662,
3,82,0,0.056547343730926514,
3,83,0,0.8504911661148071,
3,84,0,0.8405534625053406,
3,85,0,0.5367076396942139,
3,86,0,0.8666995167732239,
3,87,0,0.6035169363021851,
3,88,0,0.8225963115692139,
3,89,0,0.4903116822242737,
3,90,0,0.7513543963432312,
3,91,0,0.8208529353141785,
3,92,0,0.8513917922973633,
3,93,0,0.8249498009681702,
3,94,0,0.4964016079902649,
3,95,0,0.8649395704269409,
3,96,0,0.2913557291030884,
3,97,0,0.8432490825653076,
3,98,0,0.636081874370575,
3,99,0,0.8626703023910522,
3,100,0,0.7616037726402283,
3,101,0,0.6800363063812256,
3,102,0,0.8534934520721436,
3,103,0,0.7922801971435547,
3,104,0,0.8395445346832275,
3,105,0,0.3560935854911804,
3,106,0,0.8716596961021423,
3,107,0,0.8247073888778687,
3,108,0,0.6491883993148804,
3,109,0,0.8231282234191895,
3,110,0,0.8940830230712891,
3,111,0,0.822921872138977,
3,112,0,0.8384602069854736,
3,113,0,0.43979936838150024,
3,114,0,0.2729049324989319,
3,115,0,0.8948360681533813,
3,116,0,0.820141077041626,
3,117,0,0.38331669569015503,
3,118,0,0.8237431645393372,
3,119,0,0.3395271301269531,
3,120,0,0.8282203674316406,
3,121,0,0.844593346118927,
3,122,0,0.7337366342544556,
3,123,0,0.06940490007400513,
3,124,0,0.4288068413734436,
3,125,0,0.7736425995826721,
3,126,0,0.8685408234596252,
3,127,0,0.8283029198646545,
3,128,0,0.8421324491500854,
3,129,0,0.8430339097976685,
3,130,0,0.7281941175460815,
3,131,0,0.8810313940048218,
3,132,0,0.7966527342796326,
3,133,0,0.2704848051071167,
3,134,0,0.44409114122390747,
3,135,0,0.49721258878707886,
3,136,0,0.05971771478652954,
3,137,0,0.1380518078804016,
3,138,0,0.26899129152297974,
3,139,0,0.4969838261604309,
3,140,0,0.8442010879516602,
3,141,0,0.7898586988449097,
3,142,0,0.8732959032058716,
3,143,0,0.7839054465293884,
3,144,0,0.8170198202133179,
3,145,0,0.22984015941619873,
3,146,0,0.7021268010139465,
3,147,0,0.24844801425933838,
3,148,0,0.7955564260482788,
3,149,0,0.7914068102836609,
3,150,0,0.8102317452430725,
3,151,0,0.8368315100669861,
3,152,0,0.7388501167297363,
3,153,0,0.826763391494751,
3,154,0,0.8274930715560913,
3,155,0,0.7231156229972839,
3,156,0,0.053609371185302734,
3,157,0,0.6412646770477295,
3,158,0,0.7812137603759766,
3,159,0,0.8089582920074463,
3,160,0,0.3650078773498535,
3,161,0,0.06840646266937256,
3,162,0,0.8388131856918335,
3,163,0,0.2903138995170593,
3,164,0,0.4004173278808594,
3,165,0,0.7292897701263428,
3,166,0,0.25766998529434204,
3,167,0,0.8827850222587585,
3,168,0,0.8480236530303955,
3,169,0,0.15267819166183472,
3,170,0,0.8034613728523254,
3,171,0,0.7489930391311646,
3,172,0,0.743797779083252,
3,173,0,0.652829110622406,
3,174,0,0.7598853707313538,
3,175,0,0.42476534843444824,
3,176,0,0.7689042091369629,
3,177,0,0.3169440031051636,
3,178,0,0.8374229669570923,
3,179,0,0.35001152753829956,
3,180,0,0.8102077841758728,
3,181,0,0.8057750463485718,
3,182,0,0.33331888914108276,
3,183,0,0.181083083152771,
3,184,0,0.7930229902267456,
3,185,0,0.7538466453552246,
3,186,0,0.3075435161590576,
3,187,0,0.7514330148696899,
3,188,0,0.7441273927688599,
3,189,0,0.2783328890800476,
3,190,0,0.06865882873535156,
3,191,0,0.45826053619384766,
3,192,0,0.7905521392822266,
3,193,0,0.7492599487304688,
3,194,0,0.7465919852256775,
3,195,0,0.8604578971862793,
3,196,0,0.7579953074455261,
3,197,0,0.19808804988861084,
3,198,0,0.8113162517547607,
3,199,0,0.2641547918319702,
3,200,0,0.7606902122497559,
3,201,0,0.05321013927459717,
3,202,0,0.2985350489616394,
3,203,0,0.8396389484405518,
3,204,0,0.346602201461792,
3,205,0,0.2529589533805847,
3,206,0,0.35786157846450806,
3,207,0,0.15587002038955688,
3,208,0,0.48975276947021484,
3,209,0,0.7908573746681213,
3,210,0,0.3306617736816406,
3,211,0,0.8283851146697998,
3,212,0,0.5020853877067566,
3,213,0,0.8121576905250549,
3,214,0,0.8401265144348145,
3,215,0,0.8790572881698608,
3,216,0,0.47022998332977295,
3,217,0,0.8316605091094971,
3,218,0,0.8829934000968933,
3,219,0,0.7361372709274292,
3,220,0,0.26625144481658936,
3,221,0,0.7503958940505981,
3,222,0,0.3240475654602051,
3,223,0,0.4880971312522888,
3,224,0,0.8481100797653198,
3,225,0,0.3028828501701355,
3,226,0,0.8189843893051147,
3,227,0,0.17461717128753662,
3,228,0,0.7087472677230835,
3,229,0,0.4338935613632202,
3,230,0,0.4663458466529846,
3,231,0,0.8443741798400879,
3,232,0,0.8543161749839783,
3,233,0,0.8419666290283203,
3,234,0,0.8245211243629456,
3,235,0,0.046592772006988525,
3,236,0,0.4527457356452942,
3,237,0,0.8337975740432739,
3,238,0,0.4806356430053711,
3,239,0,0.4250922203063965,
3,240,0,0.8188669681549072,
3,241,0,0.8650244474411011,
3,242,0,0.8261873722076416,
3,243,0,0.4489564895629883,
3,244,0,0.31399816274642944,
3,245,0,0.052701354026794434,
3,246,0,0.43707913160324097,
3,247,0,0.8365098237991333,
3,248,0,0.46732616424560547,
3,249,0,0.8170487880706787,
3,250,0,0.1275985836982727,
3,251,0,0.8465029001235962,
3,252,0,0.7874205112457275,
3,253,0,0.7809944748878479,
3,254,0,0.04688900709152222,
3,255,0,0.7582679986953735,
3,256,0,0.5936233997344971,
3,257,0,0.8478420376777649,
3,258,0,0.8573389649391174,
3,259,0,0.8577766418457031,
3,260,0,0.5297108888626099,
3,261,0,0.7513724565505981,
3,262,0,0.8741641044616699,
3,263,0,0.7365756630897522,
3,264,0,0.3022341728210449,
3,265,0,0.894178569316864,
3,266,0,0.8558672070503235,
3,267,0,0.8429096937179565,
3,268,0,0.3411973714828491,
3,269,0,0.477586567401886,
3,270,0,0.619207501411438,
3,271,0,0.8147915005683899,
3,272,0,0.38593292236328125,
3,273,0,0.8461838960647583,
3,274,0,0.8301684260368347,
3,275,0,0.16755330562591553,
3,276,0,0.8172294497489929,
3,277,0,0.0671268105506897,
3,278,0,0.5736274719238281,
3,279,0,0.7515062093734741,
3,280,0,0.7872141003608704,
3,281,0,0.7971755266189575,
3,282,0,0.7726962566375732,
3,283,0,0.7656803131103516,
3,284,0,0.8464969396591187,
3,285,0,0.8500857353210449,
3,286,0,0.669852614402771,
3,287,0,0.7352749109268188,
3,288,0,0.8416401743888855,
3,289,0,0.542844295501709,
3,290,0,0.8290766477584839,
3,291,0,0.05017203092575073,
3,292,0,0.4009862542152405,
3,293,0,0.8441746234893799,
3,294,0,0.8373863101005554,
3,295,0,0.9050178527832031,
3,296,0,0.4865303635597229,
3,297,0,0.05355149507522583,
3,298,0,0.8555279970169067,
3,299,0,0.8137539625167847,
3,300,0,0.4446633458137512,
3,301,0,0.43364042043685913,
3,302,0,0.8394445776939392,
3,303,0,0.6205077171325684,
3,304,0,0.8415229320526123,
3,305,0,0.48414117097854614,
3,306,0,0.24016016721725464,
3,307,0,0.8350158929824829,
3,308,0,0.8401156663894653,
3,309,0,0.2140234112739563,
3,310,0,0.8218064904212952,
3,311,0,0.40062713623046875,
3,312,0,0.8247641324996948,
3,313,0,0.8194912672042847,
3,314,0,0.42016875743865967,
3,315,0,0.8187602162361145,
3,316,0,0.8367705941200256,
3,317,0,0.695726752281189,
3,318,0,0.36813682317733765,
3,319,0,0.33291661739349365,
3,320,0,0.7509810328483582,
3,321,0,0.8642343878746033,
3,322,0,0.8645920753479004,
3,323,0,0.30573493242263794,
3,324,0,0.8477807641029358,
3,325,0,0.8131897449493408,
3,326,0,0.8105571269989014,
3,327,0,0.7388317584991455,
3,328,0,0.7280256748199463,
3,329,0,0.7888587117195129,
3,330,0,0.3830485939979553,
3,331,0,0.3399389982223511,
3,332,0,0.8702799081802368,
3,333,0,0.26067817211151123,
3,334,0,0.8253280520439148,
3,335,0,0.38800740242004395,
3,336,0,0.8296736478805542,
3,337,0,0.4709776043891907,
3,338,0,0.6578314304351807,
3,339,0,0.8070612549781799,
3,340,0,0.843670129776001,
3,341,0,0.06164747476577759,
3,342,0,0.769145667552948,
3,343,0,0.6285585165023804,
3,344,0,0.8277979493141174,
3,345,0,0.826819658279419,
3,346,0,0.2528659701347351,
3,347,0,0.17938119173049927,
3,348,0,0.7573519945144653,
3,349,0,0.8772355914115906,
3,350,0,0.8233107924461365,
3,351,0,0.7761362195014954,
3,352,0,0.8263533115386963,
3,353,0,0.8412461876869202,
3,354,0,0.6669193506240845,
3,355,0,0.16636234521865845,
3,356,0,0.8734479546546936,
3,357,0,0.7511646747589111,
3,358,0,0.20950013399124146,
3,359,0,0.7851110696792603,
3,360,0,0.8655756711959839,
3,361,0,0.8465168476104736,
3,362,0,0.2637997269630432,
3,363,0,0.3131762146949768,
3,364,0,0.7596007585525513,
3,365,0,0.8881199359893799,
3,366,0,0.8512405157089233,
3,367,0,0.8368515372276306,
3,368,0,0.8418921232223511,
3,369,0,0.8158355951309204,
3,370,0,0.6379292011260986,
3,371,0,0.7160305976867676,
3,372,0,0.822077214717865,
3,373,0,0.8570057153701782,
3,374,0,0.43648916482925415,
3,375,0,0.7660783529281616,
3,376,0,0.7768963575363159,
3,377,0,0.344570517539978,
3,378,0,0.4248769283294678,
3,379,0,0.8590043187141418,
3,380,0,0.36061811447143555,
3,381,0,0.3252832293510437,
3,382,0,0.33377474546432495,
3,383,0,0.8389091491699219,
3,384,0,0.3627937436103821,
3,385,0,0.34406578540802,
3,386,0,0.25301438570022583,
3,387,0,0.44285106658935547,
3,388,0,0.059988975524902344,
3,389,0,0.7912394404411316,
3,390,0,0.7641085982322693,
3,391,0,0.697661817073822,
3,392,0,0.6915707588195801,
3,393,0,0.32327884435653687,
3,394,0,0.4923626780509949,
3,395,0,0.8151572942733765,
3,396,0,0.16592615842819214,
3,397,0,0.19598597288131714,
3,398,0,0.8026845455169678,
3,399,0,0.3155500292778015,
3,400,0,0.731461226940155,
3,401,0,0.782024085521698,
3,402,0,0.8327727913856506,
3,403,0,0.8151461482048035,
3,404,0,0.33637571334838867,
3,405,0,0.07760339975357056,
3,406,0,0.7794615626335144,
3,407,0,0.8454176187515259,
3,408,0,0.8077170252799988,
3,409,0,0.719483494758606,
3,410,0,0.8402928113937378,
3,411,0,0.31439143419265747,
3,412,0,0.8077402710914612,
3,413,0,0.069915771484375,
3,414,0,0.7877373099327087,
3,415,0,0.6641199588775635,
3,416,0,0.8718826770782471,
3,417,0,0.06624794006347656,
3,418,0,0.5137736797332764,
3,419,0,0.4860149621963501,
3,420,0,0.2745012044906616,
3,421,0,0.26615458726882935,
3,422,0,0.837587833404541,
3,423,0,0.8398205637931824,
3,424,0,0.8683434724807739,
3,425,0,0.8171574473381042,
3,426,0,0.8202273845672607,
3,427,0,0.8097999095916748,
3,428,0,0.4757035970687866,
3,429,0,0.8185386657714844,
3,430,0,0.26707732677459717,
3,431,0,0.8048995733261108,
3,432,0,0.7660931348800659,
3,433,0,0.827571451663971,
3,434,0,0.8310337066650391,
3,435,0,0.8184901475906372,
3,436,0,0.6204921007156372,
3,437,0,0.0585361123085022,
3,438,0,0.7189282178878784,
3,439,0,0.22702765464782715,
3,440,0,0.8417378664016724,
3,441,0,0.7960340976715088,
3,442,0,0.8246549367904663,
3,443,0,0.8190956711769104,
3,444,0,0.7636856436729431,
3,445,0,0.8260363936424255,
3,446,0,0.7725680470466614,
3,447,0,0.32724761962890625,
3,448,0,0.05987054109573364,
3,449,0,0.8042706251144409,
3,450,0,0.7955546379089355,
3,451,0,0.26891762018203735,
3,452,0,0.8303492069244385,
3,453,0,0.30214715003967285,
3,454,0,0.43414372205734253,
3,455,0,0.599916934967041,
3,456,0,0.7334810495376587,
3,457,0,0.6801269054412842,
3,458,0,0.5276399850845337,
3,459,0,0.8553907871246338,
3,460,0,0.8230472803115845,
3,461,0,0.4713606834411621,
3,462,0,0.8106032609939575,
3,463,0,0.15557861328125,
3,464,0,0.634421169757843,
3,465,0,0.7517625093460083,
3,466,0,0.0485571026802063,
3,467,0,0.8155725598335266,
3,468,0,0.6563005447387695,
3,469,0,0.8042474389076233,
3,470,0,0.3533104658126831,
3,471,0,0.056804358959198,
3,472,0,0.8428345918655396,
3,473,0,0.842955470085144,
3,474,0,0.06097179651260376,
3,475,0,0.8304475545883179,
3,476,0,0.47496163845062256,
3,477,0,0.8652657270431519,
3,478,0,0.5323233604431152,
3,479,0,0.49313074350357056,
3,480,0,0.6864793300628662,
3,481,0,0.17766302824020386,
3,482,0,0.8278135061264038,
3,483,0,0.8350896239280701,
3,484,0,0.8382800817489624,
3,485,0,0.45151907205581665,
3,486,0,0.7280845046043396,
3,487,0,0.3521801829338074,
3,488,0,0.7449753284454346,
3,489,0,0.8345832228660583,
3,490,0,0.7701452970504761,
3,491,0,0.8271547555923462,
3,492,0,0.6687893271446228,
3,493,0,0.7588819265365601,
3,494,0,0.06002622842788696,
3,495,0,0.3697362542152405,
3,496,0,0.2951645851135254,
3,497,0,0.7816611528396606,
3,498,0,0.4566378593444824,
3,499,0,0.8452259302139282,
3,500,0,0.8456657528877258,
3,501,0,0.7720561027526855,
3,502,0,0.8371318578720093,
3,503,0,0.2129867672920227,
3,504,0,0.7633324861526489,
3,505,0,0.4776782989501953,
3,506,0,0.7701994180679321,
3,507,0,0.28209733963012695,
3,508,0,0.846045732498169,
3,509,0,0.8399695158004761,
3,510,0,0.8697010278701782,
3,511,0,0.7893891334533691,
3,512,0,0.2575162649154663,
3,513,0,0.7321267127990723,
3,514,0,0.8183981776237488,
3,515,0,0.8198841214179993,
3,516,0,0.7474937438964844,
3,517,0,0.40622836351394653,
3,518,0,0.2574082016944885,
3,519,0,0.3004623055458069,
3,520,0,0.8534321188926697,
3,521,0,0.8479536771774292,
3,522,0,0.3719978928565979,
3,523,0,0.8603522181510925,
3,524,0,0.747128963470459,
3,525,0,0.05624186992645264,
3,526,0,0.33692389726638794,
3,527,0,0.8407880663871765,
3,528,0,0.05698937177658081,
3,529,0,0.8357082009315491,
3,530,0,0.8078345060348511,
3,531,0,0.8425950407981873,
3,532,0,0.8011430501937866,
3,533,0,0.830388605594635,
3,534,0,0.38730156421661377,
3,535,0,0.846250057220459,
3,536,0,0.8014503121376038,
3,537,0,0.2868030071258545,
3,538,0,0.8277983069419861,
3,539,0,0.8090717792510986,
3,540,0,0.7904138565063477,
3,541,0,0.4366539716720581,
3,542,0,0.3467260003089905,
3,543,0,0.8471238613128662,
3,544,0,0.06725293397903442,
3,545,0,0.41768282651901245,
3,546,0,0.46457892656326294,
3,547,0,0.06341177225112915,
3,548,0,0.7842081189155579,
3,549,0,0.3376510739326477,
3,550,0,0.8358012437820435,
3,551,0,0.8457958698272705,
3,552,0,0.7316666841506958,
3,553,0,0.45129281282424927,
3,554,0,0.6699516773223877,
3,555,0,0.2732853889465332,
3,556,0,0.7822650074958801,
3,557,0,0.8527803421020508,
3,558,0,0.40173178911209106,
3,559,0,0.6710292100906372,
3,560,0,0.7893198132514954,
3,561,0,0.8410232067108154,
3,562,0,0.17563742399215698,
3,563,0,0.8750199675559998,
3,564,0,0.4903697371482849,
3,565,0,0.3689621686935425,
3,566,0,0.381527841091156,
3,567,0,0.844343900680542,
3,568,0,0.22113066911697388,
3,569,0,0.8364464044570923,
3,570,0,0.657812237739563,
3,571,0,0.6226083040237427,
3,572,0,0.33928805589675903,
3,573,0,0.900900661945343,
3,574,0,0.3374638557434082,
3,575,0,0.29802894592285156,
3,576,0,0.7954133749008179,
3,577,0,0.3048660159111023,
3,578,0,0.32048970460891724,
3,579,0,0.7952674031257629,
3,580,0,0.29866182804107666,
3,581,0,0.41328465938568115,
3,582,0,0.8452406525611877,
3,583,0,0.7716184854507446,
3,584,0,0.45555180311203003,
3,585,0,0.8184749484062195,
3,586,0,0.8318800330162048,
3,587,0,0.6128612756729126,
3,588,0,0.23825734853744507,
3,589,0,0.7232339382171631,
3,590,0,0.8284035921096802,
3,591,0,0.2736850380897522,
3,592,0,0.8145591020584106,
3,593,0,0.8350501656532288,
3,594,0,0.8231809139251709,
3,595,0,0.748429536819458,
3,596,0,0.4479350447654724,
3,597,0,0.17088013887405396,
3,598,0,0.33845311403274536,
3,599,0,0.35270506143569946,
3,600,0,0.7533894777297974,
3,601,0,0.4325668215751648,
3,602,0,0.19188231229782104,
3,603,0,0.3190372586250305,
3,604,0,0.7491898536682129,
3,605,0,0.7984251976013184,
3,606,0,0.3166566491127014,
3,607,0,0.7564167976379395,
3,608,0,0.7139543294906616,
3,609,0,0.8415470719337463,
3,610,0,0.8435903787612915,
3,611,0,0.856690526008606,
3,612,0,0.6853179931640625,
3,613,0,0.7648206353187561,
3,614,0,0.836124062538147,
3,615,0,0.4021185040473938,
3,616,0,0.8760977983474731,
3,617,0,0.31294816732406616,
3,618,0,0.17677533626556396,
3,619,0,0.42838287353515625,
3,620,0,0.8429481387138367,
3,621,0,0.4358980655670166,
3,622,0,0.7944069504737854,
3,623,0,0.4404880404472351,
3,624,0,0.33213669061660767,
3,625,0,0.8518709540367126,
3,626,0,0.824558436870575,
3,627,0,0.8186603784561157,
3,628,0,0.8528394103050232,
3,629,0,0.49279099702835083,
3,630,0,0.06605100631713867,
3,631,0,0.18658447265625,
3,632,0,0.8171660304069519,
3,633,0,0.7400113344192505,
3,634,0,0.8581223487854004,
3,635,0,0.4876364469528198,
3,636,0,0.8124925494194031,
3,637,0,0.7204512357711792,
3,638,0,0.8793111443519592,
3,639,0,0.7619567513465881,
3,640,0,0.1658608317375183,
3,641,0,0.7743580341339111,
3,642,0,0.7815061807632446,
3,643,0,0.44377976655960083,
3,644,0,0.4208686947822571,
3,645,0,0.8253874778747559,
3,646,0,0.8228283524513245,
3,647,0,0.7815645337104797,
3,648,0,0.8189702033996582,
3,649,0,0.050823211669921875,
3,650,0,0.7708590030670166,
3,651,0,0.4504353404045105,
3,652,0,0.7048677802085876,
3,653,0,0.608141303062439,
3,654,0,0.7670444250106812,
3,655,0,0.26285332441329956,
3,656,0,0.2664056420326233,
3,657,0,0.3937801122665405,
3,658,0,0.7548368573188782,
3,659,0,0.05468636751174927,
3,660,0,0.848953366279602,
3,661,0,0.7678057551383972,
3,662,0,0.827314555644989,
3,663,0,0.736496090888977,
3,664,0,0.8427867889404297,
3,665,0,0.4356040954589844,
3,666,0,0.06015622615814209,
3,667,0,0.817094624042511,
3,668,0,0.31221598386764526,
3,669,0,0.47017019987106323,
3,670,0,0.3964512348175049,
3,671,0,0.7650209069252014,
3,672,0,0.18229961395263672,
3,673,0,0.29517799615859985,
3,674,0,0.41762328147888184,
3,675,0,0.7664913535118103,
3,676,0,0.16979652643203735,
3,677,0,0.6279469728469849,
3,678,0,0.8643515706062317,
3,679,0,0.8088220357894897,
3,680,0,0.07054269313812256,
3,681,0,0.8814475536346436,
3,682,0,0.33925479650497437,
3,683,0,0.363097608089447,
3,684,0,0.8843415975570679,
3,685,0,0.8194129467010498,
3,686,0,0.826418936252594,
3,687,0,0.6429188251495361,
3,688,0,0.29830580949783325,
3,689,0,0.770455539226532,
3,690,0,0.8435142040252686,
3,691,0,0.1665349006652832,
3,692,0,0.3733444809913635,
3,693,0,0.7134496569633484,
3,694,0,0.7705478668212891,
3,695,0,0.772168755531311,
3,696,0,0.19726693630218506,
3,697,0,0.7605578899383545,
3,698,0,0.8463398218154907,
3,699,0,0.46176981925964355,
3,700,0,0.27518385648727417,
3,701,0,0.8419126868247986,
3,702,0,0.7912726402282715,
3,703,0,0.8625357747077942,
3,704,0,0.17520636320114136,
3,705,0,0.05811786651611328,
3,706,0,0.8459746837615967,
3,707,0,0.8183749914169312,
3,708,0,0.8534493446350098,
3,709,0,0.7588530778884888,
3,710,0,0.42015087604522705,
3,711,0,0.3593236207962036,
3,712,0,0.30799591541290283,
3,713,0,0.433380663394928,
3,714,0,0.8437962532043457,
3,715,0,0.46270543336868286,
3,716,0,0.7691465616226196,
3,717,0,0.6771296262741089,
3,718,0,0.8397629857063293,
3,719,0,0.8307703733444214,
3,720,0,0.799472987651825,
3,721,0,0.7923387885093689,
3,722,0,0.7942665815353394,
3,723,0,0.195855975151062,
3,724,0,0.7401341199874878,
3,725,0,0.2058095932006836,
3,726,0,0.8265752792358398,
3,727,0,0.8107365965843201,
3,728,0,0.20188915729522705,
3,729,0,0.45850712060928345,
3,730,0,0.4017067551612854,
3,731,0,0.8308479189872742,
3,732,0,0.8263124823570251,
3,733,0,0.44027775526046753,
3,734,0,0.8217484951019287,
3,735,0,0.34113234281539917,
3,736,0,0.756622314453125,
3,737,0,0.854487419128418,
3,738,0,0.8164701461791992,
3,739,0,0.6388422846794128,
3,740,0,0.31751489639282227,
3,741,0,0.7053020000457764,
3,742,0,0.8323439359664917,
3,743,0,0.8490570187568665,
3,744,0,0.8318760395050049,
3,745,0,0.3158748745918274,
3,746,0,0.745051383972168,
3,747,0,0.8826998472213745,
3,748,0,0.7328476905822754,
3,749,0,0.8300501704216003,
3,750,0,0.8281426429748535,
3,751,0,0.8302158117294312,
3,752,0,0.7708763480186462,
3,753,0,0.4838266372680664,
3,754,0,0.7429109811782837,
3,755,0,0.8428442478179932,
3,756,0,0.8282341957092285,
3,757,0,0.8403465747833252,
3,758,0,0.7166554927825928,
3,759,0,0.0569767951965332,
3,760,0,0.4595109820365906,
3,761,0,0.7512154579162598,
3,762,0,0.7803105115890503,
3,763,0,0.3490172028541565,
3,764,0,0.32438409328460693,
3,765,0,0.806106448173523,
3,766,0,0.1778293251991272,
3,767,0,0.7530783414840698,
3,768,0,0.8296754956245422,
3,769,0,0.20731765031814575,
3,770,0,0.8047600984573364,
3,771,0,0.7383729219436646,
3,772,0,0.804507315158844,
3,773,0,0.21197229623794556,
3,774,0,0.8527557253837585,
3,775,0,0.8130898475646973,
3,776,0,0.2793552279472351,
3,777,0,0.8851593732833862,
3,778,0,0.4440159797668457,
3,779,0,0.8398438096046448,
3,780,0,0.768582284450531,
3,781,0,0.8326186537742615,
3,782,0,0.42211484909057617,
3,783,0,0.8150107860565186,
3,784,0,0.41227561235427856,
3,785,0,0.04856586456298828,
3,786,0,0.4939851760864258,
3,787,0,0.2715214490890503,
3,788,0,0.8792995810508728,
3,789,0,0.33696258068084717,
3,790,0,0.7900074124336243,
3,791,0,0.4874361753463745,
3,792,0,0.36568135023117065,
3,793,0,0.8025176525115967,
3,794,0,0.8357468843460083,
3,795,0,0.2928624153137207,
3,796,0,0.8310215473175049,
3,797,0,0.06416374444961548,
3,798,0,0.4750451445579529,
3,799,0,0.8291885852813721,
3,val,,,0.5900994282960892
4,0,0,0.4180188775062561,
4,1,0,0.8196993470191956,
4,2,0,0.6642806529998779,
4,3,0,0.8468201160430908,
4,4,0,0.418830931186676,
4,5,0,0.771998941898346,
4,6,0,0.17311817407608032,
4,7,0,0.48226791620254517,
4,8,0,0.2593997120857239,
4,9,0,0.8197856545448303,
4,10,0,0.06849688291549683,
4,11,0,0.8735264539718628,
4,12,0,0.8342682719230652,
4,13,0,0.8260484933853149,
4,14,0,0.7517784833908081,
4,15,0,0.8216123580932617,
4,16,0,0.5274806022644043,
4,17,0,0.4046611189842224,
4,18,0,0.8089742660522461,
4,19,0,0.8333587646484375,
4,20,0,0.7480318546295166,
4,21,0,0.49073636531829834,
4,22,0,0.2873837351799011,
4,23,0,0.6955041885375977,
4,24,0,0.82494056224823,
4,25,0,0.7342987060546875,
4,26,0,0.8416105508804321,
4,27,0,0.3945115804672241,
4,28,0,0.29103171825408936,
4,29,0,0.46963632106781006,
4,30,0,0.832253098487854,
4,31,0,0.8167780041694641,
4,32,0,0.4591514468193054,
4,33,0,0.7530769109725952,
4,34,0,0.8202903270721436,
4,35,0,0.28157514333724976,
4,36,0,0.440345823764801,
4,37,0,0.827807605266571,
4,38,0,0.19963127374649048,
4,39,0,0.8442608714103699,
4,40,0,0.16716021299362183,
4,41,0,0.6564009189605713,
4,42,0,0.470943808555603,
4,43,0,0.046975135803222656,
4,44,0,0.7516878247261047,
4,45,0,0.47443461418151855,
4,46,0,0.05208474397659302,
4,47,0,0.05409032106399536,
4,48,0,0.8382287621498108,
4,49,0,0.3206896185874939,
4,50,0,0.8391953110694885,
4,51,0,0.3989928364753723,
4,52,0,0.4416995644569397,
4,53,0,0.05508917570114136,
4,54,0,0.8514924645423889,
4,55,0,0.4575445055961609,
4,56,0,0.7965633869171143,
4,57,0,0.5041112899780273,
4,58,0,0.8752884864807129,
4,59,0,0.36648988723754883,
4,60,0,0.4299788475036621,
4,61,0,0.6201328039169312,
4,62,0,0.8282808065414429,
4,63,0,0.27908849716186523,
4,64,0,0.26899904012680054,
4,65,0,0.7701845765113831,
4,66,0,0.7393999099731445,
4,67,0,0.4532521963119507,
4,68,0,0.8446987867355347,
4,69,0,0.47176724672317505,
4,70,0,0.5148321390151978,
4,71,0,0.6324446201324463,
4,72,0,0.6753758192062378,
4,73,0,0.8094152808189392,
4,74,0,0.82109135389328,
4,75,0,0.6502054333686829,
4,76,0,0.8131564855575562,
4,77,0,0.7420782446861267,
4,78,0,0.17051583528518677,
4,79,0,0.8336759805679321,
4,80,0,0.4866291880607605,
4,81,0,0.8149206638336182,
4,82,0,0.054427921772003174,
4,83,0,0.8368765711784363,
4,84,0,0.8296070098876953,
4,85,0,0.5232720375061035,
4,86,0,0.8431718349456787,
4,87,0,0.5958131551742554,
4,88,0,0.821074366569519,
4,89,0,0.49037694931030273,
4,90,0,0.7516506314277649,
4,91,0,0.8326931595802307,
4,92,0,0.8506293892860413,
4,93,0,0.8241690397262573,
4,94,0,0.49325454235076904,
4,95,0,0.874489426612854,
4,96,0,0.2885403633117676,
4,97,0,0.8442224860191345,
4,98,0,0.6366591453552246,
4,99,0,0.851966142654419,
4,100,0,0.7580485939979553,
4,101,0,0.6767328977584839,
4,102,0,0.8284706473350525,
4,103,0,0.785932719707489,
4,104,0,0.8390757441520691,
4,105,0,0.35960012674331665,
4,106,0,0.8505757451057434,
4,107,0,0.8248352408409119,
4,108,0,0.650139331817627,
4,109,0,0.8216040134429932,
4,110,0,0.8927265405654907,
4,111,0,0.8241819143295288,
4,112,0,0.8395200371742249,
4,113,0,0.43786466121673584,
4,114,0,0.2653573155403137,
4,115,0,0.8727602958679199,
4,116,0,0.8264167308807373,
4,117,0,0.38133418560028076,
4,118,0,0.8172916173934937,
4,119,0,0.339246928691864,
4,120,0,0.8286487460136414,
4,121,0,0.8446241021156311,
4,122,0,0.7313024997711182,
4,123,0,0.06949156522750854,
4,124,0,0.4262765645980835,
4,125,0,0.7673558592796326,
4,126,0,0.8700283765792847,
4,127,0,0.8275754451751709,
4,128,0,0.8343977928161621,
4,129,0,0.8431826233863831,
4,130,0,0.7271605730056763,
4,131,0,0.8639702796936035,
4,132,0,0.7969980835914612,
4,133,0,0.25739389657974243,
4,134,0,0.4405129551887512,
4,135,0,0.49178546667099,
4,136,0,0.05976587533950806,
4,137,0,0.1372736692428589,
4,138,0,0.26923292875289917,
4,139,0,0.4890546202659607,
4,140,0,0.8619095087051392,
4,141,0,0.7873629927635193,
4,142,0,0.8550076484680176,
4,143,0,0.7951952815055847,
4,144,0,0.8163992166519165,
4,145,0,0.23484712839126587,
4,146,0,0.695270299911499,
4,147,0,0.24458271265029907,
4,148,0,0.7995218634605408,
4,149,0,0.7892302870750427,
4,150,0,0.8080639243125916,
4,151,0,0.8406546711921692,
4,152,0,0.7360020875930786,
4,153,0,0.8255075216293335,
4,154,0,0.829262375831604,
4,155,0,0.7204641103744507,
4,156,0,0.05350005626678467,
4,157,0,0.639417827129364,
4,158,0,0.77876877784729,
4,159,0,0.8084604740142822,
4,160,0,0.3667338490486145,
4,161,0,0.07211476564407349,
4,162,0,0.8385454416275024,
4,163,0,0.2902091145515442,
4,164,0,0.3997969627380371,
4,165,0,0.7276804447174072,
4,166,0,0.25647056102752686,
4,167,0,0.8816642165184021,
4,168,0,0.8479593396186829,
4,169,0,0.15734195709228516,
4,170,0,0.8040403723716736,
4,171,0,0.7448816895484924,
4,172,0,0.7423692941665649,
4,173,0,0.6491951942443848,
4,174,0,0.7570433020591736,
4,175,0,0.42311275005340576,
4,176,0,0.7673972845077515,
4,177,0,0.31706875562667847,
4,178,0,0.8371374011039734,
4,179,0,0.35647153854370117,
4,180,0,0.8095972537994385,
4,181,0,0.8100245594978333,
4,182,0,0.33304405212402344,
4,183,0,0.1786785125732422,
4,184,0,0.7957314252853394,
4,185,0,0.7508203983306885,
4,186,0,0.3041243553161621,
4,187,0,0.7410284280776978,
4,188,0,0.7357323169708252,
4,189,0,0.27445584535598755,
4,190,0,0.07016485929489136,
4,191,0,0.4654218554496765,
4,192,0,0.7858535647392273,
4,193,0,0.7458146810531616,
4,194,0,0.7435345649719238,
4,195,0,0.8607387542724609,
4,196,0,0.7550697326660156,
4,197,0,0.19740837812423706,
4,198,0,0.8009018898010254,
4,199,0,0.2593687176704407,
4,200,0,0.7772449254989624,
4,201,0,0.05283069610595703,
4,202,0,0.297237753868103,
4,203,0,0.8392120003700256,
4,204,0,0.35399025678634644,
4,205,0,0.25960612297058105,
4,206,0,0.35365885496139526,
4,207,0,0.15552061796188354,
4,208,0,0.4872509241104126,
4,209,0,0.7961219549179077,
4,210,0,0.3187299370765686,
4,211,0,0.8274639248847961,
4,212,0,0.4982541799545288,
4,213,0,0.8116744160652161,
4,214,0,0.8397499918937683,
4,215,0,0.8593524098396301,
4,216,0,0.4607098698616028,
4,217,0,0.8304809331893921,
4,218,0,0.8693951964378357,
4,219,0,0.7329586744308472,
4,220,0,0.27104657888412476,
4,221,0,0.7476769685745239,
4,222,0,0.3241119384765625,
4,223,0,0.48837757110595703,
4,224,0,0.8379217982292175,
4,225,0,0.3011060953140259,
4,226,0,0.8173748254776001,
4,227,0,0.17533493041992188,
4,228,0,0.7211957573890686,
4,229,0,0.4295211434364319,
4,230,0,0.4653990864753723,
4,231,0,0.8328510522842407,
4,232,0,0.852776825428009,
4,233,0,0.841954231262207,
4,234,0,0.8247124552726746,
4,235,0,0.04640597105026245,
4,236,0,0.4479646682739258,
4,237,0,0.8347952961921692,
4,238,0,0.478723406791687,
4,239,0,0.4264346957206726,
4,240,0,0.8175475001335144,
4,241,0,0.8431985378265381,
4,242,0,0.8296235203742981,
4,243,0,0.44698411226272583,
4,244,0,0.31296396255493164,
4,245,0,0.05262726545333862,
4,246,0,0.4374011158943176,
4,247,0,0.8359870910644531,
4,248,0,0.46569663286209106,
4,249,0,0.8208762407302856,
4,250,0,0.12699270248413086,
4,251,0,0.8455396890640259,
4,252,0,0.7802835702896118,
4,253,0,0.7841036915779114,
4,254,0,0.044083595275878906,
4,255,0,0.7565652132034302,
4,256,0,0.5814508199691772,
4,257,0,0.8461214900016785,
4,258,0,0.8584800958633423,
4,259,0,0.8511332869529724,
4,260,0,0.5249776840209961,
4,261,0,0.7490435838699341,
4,262,0,0.854762077331543,
4,263,0,0.7361501455307007,
4,264,0,0.30099016427993774,
4,265,0,0.8800936937332153,
4,266,0,0.8402875661849976,
4,267,0,0.8417750597000122,
4,268,0,0.3419559597969055,
4,269,0,0.47017180919647217,
4,270,0,0.6112022399902344,
4,271,0,0.8112468719482422,
4,272,0,0.38598376512527466,
4,273,0,0.8448985815048218,
4,274,0,0.8181524276733398,
4,275,0,0.16670453548431396,
4,276,0,0.8156722187995911,
4,277,0,0.06798982620239258,
4,278,0,0.5658228397369385,
4,279,0,0.7448217868804932,
4,280,0,0.7920417785644531,
4,281,0,0.7954832911491394,
4,282,0,0.7658193111419678,
4,283,0,0.763801097869873,
4,284,0,0.8419298529624939,
4,285,0,0.8547595739364624,
4,286,0,0.6712601184844971,
4,287,0,0.7354930639266968,
4,288,0,0.8431696891784668,
4,289,0,0.5396465063095093,
4,290,0,0.8288509249687195,
4,291,0,0.050749003887176514,
4,292,0,0.3979949951171875,
4,293,0,0.8446393013000488,
4,294,0,0.8373671770095825,
4,295,0,0.8596584796905518,
4,296,0,0.48591578006744385,
4,297,0,0.058480143547058105,
4,298,0,0.8550897240638733,
4,299,0,0.8115969896316528,
4,300,0,0.44451403617858887,
4,301,0,0.42401373386383057,
4,302,0,0.8389857411384583,
4,303,0,0.6212297677993774,
4,304,0,0.8420074582099915,
4,305,0,0.47867679595947266,
4,306,0,0.2400529980659485,
4,307,0,0.8339981436729431,
4,308,0,0.8415755033493042,
4,309,0,0.2104366421699524,
4,310,0,0.8210071325302124,
4,311,0,0.3967719078063965,
4,312,0,0.8247248530387878,
4,313,0,0.8186269998550415,
4,314,0,0.4199109673500061,
4,315,0,0.8167210817337036,
4,316,0,0.8366631865501404,
4,317,0,0.6952636241912842,
4,318,0,0.35275202989578247,
4,319,0,0.3271903991699219,
4,320,0,0.7486624717712402,
4,321,0,0.8555266857147217,
4,322,0,0.8759037852287292,
4,323,0,0.3057311177253723,
4,324,0,0.8474725484848022,
4,325,0,0.8052682876586914,
4,326,0,0.810390055179596,
4,327,0,0.7361395359039307,
4,328,0,0.7411495447158813,
4,329,0,0.7861388921737671,
4,330,0,0.38532984256744385,
4,331,0,0.33886945247650146,
4,332,0,0.8583181500434875,
4,333,0,0.26050859689712524,
4,334,0,0.81550532579422,
4,335,0,0.3882766366004944,
4,336,0,0.8313949108123779,
4,337,0,0.459966242313385,
4,338,0,0.6545917987823486,
4,339,0,0.8046733140945435,
4,340,0,0.8441206216812134,
4,341,0,0.061884284019470215,
4,342,0,0.7546077966690063,
4,343,0,0.6293365955352783,
4,344,0,0.8277860879898071,
4,345,0,0.8268795013427734,
4,346,0,0.25157028436660767,
4,347,0,0.17945992946624756,
4,348,0,0.7563208341598511,
4,349,0,0.8741347193717957,
4,350,0,0.7933324575424194,
4,351,0,0.7749974727630615,
4,352,0,0.8260102272033691,
4,353,0,0.8299810886383057,
4,354,0,0.6712872982025146,
4,355,0,0.16688305139541626,
4,356,0,0.8519641160964966,
4,357,0,0.7501368522644043,
4,358,0,0.20951592922210693,
4,359,0,0.7844768762588501,
4,360,0,0.8585659265518188,
4,361,0,0.8467973470687866,
4,362,0,0.26356369256973267,
4,363,0,0.31351715326309204,
4,364,0,0.7569621205329895,
4,365,0,0.8830867409706116,
4,366,0,0.856033980846405,
4,367,0,0.8379263877868652,
4,368,0,0.8303223252296448,
4,369,0,0.8150507211685181,
4,370,0,0.6364336013793945,
4,371,0,0.7148551940917969,
4,372,0,0.8147583603858948,
4,373,0,0.8575260043144226,
4,374,0,0.43380206823349,
4,375,0,0.7668424844741821,
4,376,0,0.7737953662872314,
4,377,0,0.3452131748199463,
4,378,0,0.42054641246795654,
4,379,0,0.8490589261054993,
4,380,0,0.35542112588882446,
4,381,0,0.32399433851242065,
4,382,0,0.3310890793800354,
4,383,0,0.8392038345336914,
4,384,0,0.37214064598083496,
4,385,0,0.34444206953048706,
4,386,0,0.24814289808273315,
4,387,0,0.4435451626777649,
4,388,0,0.059230148792266846,
4,389,0,0.7929040193557739,
4,390,0,0.7646088600158691,
4,391,0,0.6893622875213623,
4,392,0,0.6909964084625244,
4,393,0,0.31529200077056885,
4,394,0,0.4921690821647644,
4,395,0,0.814846396446228,
4,396,0,0.16485077142715454,
4,397,0,0.19318121671676636,
4,398,0,0.802596926689148,
4,399,0,0.31861037015914917,
4,400,0,0.7366747856140137,
4,401,0,0.7785260081291199,
4,402,0,0.8330187797546387,
4,403,0,0.8117551207542419,
4,404,0,0.33283209800720215,
4,405,0,0.07200402021408081,
4,406,0,0.7690863609313965,
4,407,0,0.8463464975357056,
4,408,0,0.8114982843399048,
4,409,0,0.7148287296295166,
4,410,0,0.839992880821228,
4,411,0,0.3153548240661621,
4,412,0,0.801535427570343,
4,413,0,0.0703592300415039,
4,414,0,0.7850346565246582,
4,415,0,0.6578618288040161,
4,416,0,0.8530258536338806,
4,417,0,0.06848126649856567,
4,418,0,0.5090798139572144,
4,419,0,0.48344576358795166,
4,420,0,0.26985031366348267,
4,421,0,0.26518118381500244,
4,422,0,0.8340252041816711,
4,423,0,0.83918297290802,
4,424,0,0.8719221949577332,
4,425,0,0.8167272806167603,
4,426,0,0.8181872367858887,
4,427,0,0.8088709712028503,
4,428,0,0.46770769357681274,
4,429,0,0.8178964853286743,
4,430,0,0.26621943712234497,
4,431,0,0.7975044250488281,
4,432,0,0.761576771736145,
4,433,0,0.8265273571014404,
4,434,0,0.8309349417686462,
4,435,0,0.8163928985595703,
4,436,0,0.6205490827560425,
4,437,0,0.05786210298538208,
4,438,0,0.7179871797561646,
4,439,0,0.22495460510253906,
4,440,0,0.8426803350448608,
4,441,0,0.7909673452377319,
4,442,0,0.8248920440673828,
4,443,0,0.8188185095787048,
4,444,0,0.7626336216926575,
4,445,0,0.8254099488258362,
4,446,0,0.7713792324066162,
4,447,0,0.3261992931365967,
4,448,0,0.061254680156707764,
4,449,0,0.803451657295227,
4,450,0,0.7820518016815186,
4,451,0,0.26674801111221313,
4,452,0,0.8395467400550842,
4,453,0,0.2973230481147766,
4,454,0,0.42975175380706787,
4,455,0,0.5957186222076416,
4,456,0,0.7308531999588013,
4,457,0,0.676094651222229,
4,458,0,0.5240645408630371,
4,459,0,0.8523964881896973,
4,460,0,0.8226219415664673,
4,461,0,0.4704905152320862,
4,462,0,0.8088567852973938,
4,463,0,0.15614527463912964,
4,464,0,0.6328698992729187,
4,465,0,0.7477248907089233,
4,466,0,0.04879218339920044,
4,467,0,0.8137303590774536,
4,468,0,0.653326690196991,
4,469,0,0.7972363233566284,
4,470,0,0.35421645641326904,
4,471,0,0.05847293138504028,
4,472,0,0.842255711555481,
4,473,0,0.8408401012420654,
4,474,0,0.05990779399871826,
4,475,0,0.8298711180686951,
4,476,0,0.46841293573379517,
4,477,0,0.8619239926338196,
4,478,0,0.5272228717803955,
4,479,0,0.489168643951416,
4,480,0,0.6788705587387085,
4,481,0,0.17679822444915771,
4,482,0,0.8212592601776123,
4,483,0,0.8352465629577637,
4,484,0,0.838386595249176,
4,485,0,0.456484854221344,
4,486,0,0.7245196104049683,
4,487,0,0.3511727452278137,
4,488,0,0.7461397647857666,
4,489,0,0.8345186114311218,
4,490,0,0.7672861814498901,
4,491,0,0.8264662027359009,
4,492,0,0.6668031811714172,
4,493,0,0.758336067199707,
4,494,0,0.060287654399871826,
4,495,0,0.36582428216934204,
4,496,0,0.29311418533325195,
4,497,0,0.7797731161117554,
4,498,0,0.4568951725959778,
4,499,0,0.845260500907898,
4,500,0,0.8294603824615479,
4,501,0,0.7712727189064026,
4,502,0,0.8380948901176453,
4,503,0,0.21267879009246826,
4,504,0,0.7637497186660767,
4,505,0,0.47750425338745117,
4,506,0,0.7691572308540344,
4,507,0,0.28127896785736084,
4,508,0,0.8461634516716003,
4,509,0,0.8405934572219849,
4,510,0,0.8837358951568604,
4,511,0,0.7851495742797852,
4,512,0,0.2570551037788391,
4,513,0,0.7297958135604858,
4,514,0,0.8144651651382446,
4,515,0,0.819192111492157,
4,516,0,0.7448242902755737,
4,517,0,0.41096168756484985,
4,518,0,0.24737590551376343,
4,519,0,0.30025535821914673,
4,520,0,0.8545931577682495,
4,521,0,0.8455132842063904,
4,522,0,0.380428671836853,
4,523,0,0.860312819480896,
4,524,0,0.7532889246940613,
4,525,0,0.05506545305252075,
4,526,0,0.33642202615737915,
4,527,0,0.8402048945426941,
4,528,0,0.05771338939666748,
4,529,0,0.8387959003448486,
4,530,0,0.8050712943077087,
4,531,0,0.8445980548858643,
4,532,0,0.8010009527206421,
4,533,0,0.8308941125869751,
4,534,0,0.3856539726257324,
4,535,0,0.8569324016571045,
4,536,0,0.798815131187439,
4,537,0,0.28536731004714966,
4,538,0,0.8273667693138123,
4,539,0,0.8110201954841614,
4,540,0,0.7716248631477356,
4,541,0,0.4359737038612366,
4,542,0,0.3444211483001709,
4,543,0,0.8463800549507141,
4,544,0,0.06322962045669556,
4,545,0,0.40616512298583984,
4,546,0,0.4635453224182129,
4,547,0,0.0632704496383667,
4,548,0,0.7825724482536316,
4,549,0,0.3288620114326477,
4,550,0,0.8356938362121582,
4,551,0,0.8453177213668823,
4,552,0,0.7290811538696289,
4,553,0,0.449857234954834,
4,554,0,0.6684259176254272,
4,555,0,0.2727055549621582,
4,556,0,0.7773793935775757,
4,557,0,0.8389016389846802,
4,558,0,0.4005817770957947,
4,559,0,0.6664828062057495,
4,560,0,0.7885347008705139,
4,561,0,0.8291099071502686,
4,562,0,0.17489486932754517,
4,563,0,0.8493334054946899,
4,564,0,0.48691773414611816,
4,565,0,0.37210506200790405,
4,566,0,0.3787243962287903,
4,567,0,0.8465403318405151,
4,568,0,0.22019058465957642,
4,569,0,0.8348252773284912,
4,570,0,0.656244158744812,
4,571,0,0.6217033267021179,
4,572,0,0.3392941355705261,
4,573,0,0.8853828310966492,
4,574,0,0.3406575322151184,
4,575,0,0.29770517349243164,
4,576,0,0.8045963048934937,
4,577,0,0.3044232726097107,
4,578,0,0.3186028003692627,
4,579,0,0.7943730354309082,
4,580,0,0.29979950189590454,
4,581,0,0.4128807783126831,
4,582,0,0.8541456460952759,
4,583,0,0.7729144096374512,
4,584,0,0.4511786103248596,
4,585,0,0.8150307536125183,
4,586,0,0.8323893547058105,
4,587,0,0.6103588342666626,
4,588,0,0.23716670274734497,
4,589,0,0.7335671186447144,
4,590,0,0.8270931839942932,
4,591,0,0.2711108326911926,
4,592,0,0.8147794008255005,
4,593,0,0.8335520029067993,
4,594,0,0.8217176198959351,
4,595,0,0.7475512027740479,
4,596,0,0.44489479064941406,
4,597,0,0.17100733518600464,
4,598,0,0.3375282883644104,
4,599,0,0.3498373031616211,
4,600,0,0.7776777148246765,
4,601,0,0.4337329864501953,
4,602,0,0.1922054886817932,
4,603,0,0.31702953577041626,
4,604,0,0.747483491897583,
4,605,0,0.7995867729187012,
4,606,0,0.3169509768486023,
4,607,0,0.7545191645622253,
4,608,0,0.7069700360298157,
4,609,0,0.8437482714653015,
4,610,0,0.8412058353424072,
4,611,0,0.850993812084198,
4,612,0,0.6806762218475342,
4,613,0,0.7620445489883423,
4,614,0,0.834709644317627,
4,615,0,0.3988213539123535,
4,616,0,0.8647082448005676,
4,617,0,0.3204560875892639,
4,618,0,0.17508047819137573,
4,619,0,0.4307423233985901,
4,620,0,0.8414343595504761,
4,621,0,0.4283455014228821,
4,622,0,0.7913014888763428,
4,623,0,0.43639594316482544,
4,624,0,0.3449174165725708,
4,625,0,0.8504805564880371,
4,626,0,0.8279258012771606,
4,627,0,0.8187631964683533,
4,628,0,0.849948525428772,
4,629,0,0.4880855679512024,
4,630,0,0.06615293025970459,
4,631,0,0.1834133267402649,
4,632,0,0.8164539933204651,
4,633,0,0.7332875728607178,
4,634,0,0.8581669926643372,
4,635,0,0.48516392707824707,
4,636,0,0.8143023252487183,
4,637,0,0.7143474817276001,
4,638,0,0.8540170788764954,
4,639,0,0.7607440948486328,
4,640,0,0.1628279685974121,
4,641,0,0.7655686140060425,
4,642,0,0.7808937430381775,
4,643,0,0.4339412450790405,
4,644,0,0.41534900665283203,
4,645,0,0.8191986083984375,
4,646,0,0.8424950838088989,
4,647,0,0.7804927229881287,
4,648,0,0.8191326260566711,
4,649,0,0.05117708444595337,
4,650,0,0.7689118385314941,
4,651,0,0.44792574644088745,
4,652,0,0.7218799591064453,
4,653,0,0.6029123067855835,
4,654,0,0.7657409310340881,
4,655,0,0.2795136570930481,
4,656,0,0.25753313302993774,
4,657,0,0.39272505044937134,
4,658,0,0.7472234964370728,
4,659,0,0.05447959899902344,
4,660,0,0.8495798110961914,
4,661,0,0.7691998481750488,
4,662,0,0.8264604806900024,
4,663,0,0.7333800792694092,
4,664,0,0.842965841293335,
4,665,0,0.4341641664505005,
4,666,0,0.058930277824401855,
4,667,0,0.8226404190063477,
4,668,0,0.31153416633605957,
4,669,0,0.4705258011817932,
4,670,0,0.39270836114883423,
4,671,0,0.7638861536979675,
4,672,0,0.18180042505264282,
4,673,0,0.2961962819099426,
4,674,0,0.41775232553482056,
4,675,0,0.7643375396728516,
4,676,0,0.1689380407333374,
4,677,0,0.6226273775100708,
4,678,0,0.8606590032577515,
4,679,0,0.8072109222412109,
4,680,0,0.07084035873413086,
4,681,0,0.857333779335022,
4,682,0,0.33583909273147583,
4,683,0,0.3605636954307556,
4,684,0,0.8560399413108826,
4,685,0,0.8162615299224854,
4,686,0,0.8255630135536194,
4,687,0,0.6409293413162231,
4,688,0,0.2967451214790344,
4,689,0,0.7690153121948242,
4,690,0,0.8438430428504944,
4,691,0,0.16614538431167603,
4,692,0,0.3704862594604492,
4,693,0,0.7114425897598267,
4,694,0,0.7689475417137146,
4,695,0,0.7740764617919922,
4,696,0,0.19685059785842896,
4,697,0,0.7577207088470459,
4,698,0,0.8460505604743958,
4,699,0,0.46070635318756104,
4,700,0,0.27391165494918823,
4,701,0,0.8454877734184265,
4,702,0,0.7895456552505493,
4,703,0,0.844822347164154,
4,704,0,0.17483383417129517,
4,705,0,0.0573764443397522,
4,706,0,0.8460734486579895,
4,707,0,0.8161132335662842,
4,708,0,0.8481133580207825,
4,709,0,0.7581701874732971,
4,710,0,0.41921448707580566,
4,711,0,0.36602288484573364,
4,712,0,0.3081403374671936,
4,713,0,0.43312978744506836,
4,714,0,0.8418864011764526,
4,715,0,0.4574897289276123,
4,716,0,0.7698618173599243,
4,717,0,0.6846815943717957,
4,718,0,0.8319681882858276,
4,719,0,0.8302398324012756,
4,720,0,0.798324704170227,
4,721,0,0.7941666841506958,
4,722,0,0.8026614189147949,
4,723,0,0.1859796643257141,
4,724,0,0.7337658405303955,
4,725,0,0.20591676235198975,
4,726,0,0.826839029788971,
4,727,0,0.8098444938659668,
4,728,0,0.19986218214035034,
4,729,0,0.45663195848464966,
4,730,0,0.3915037512779236,
4,731,0,0.8287534117698669,
4,732,0,0.8174616694450378,
4,733,0,0.41809308528900146,
4,734,0,0.82155442237854,
4,735,0,0.33320605754852295,
4,736,0,0.7599778771400452,
4,737,0,0.8353517055511475,
4,738,0,0.8299224972724915,
4,739,0,0.6350821852684021,
4,740,0,0.3138882517814636,
4,741,0,0.7032324075698853,
4,742,0,0.8313793540000916,
4,743,0,0.8501420021057129,
4,744,0,0.8543455600738525,
4,745,0,0.31302976608276367,
4,746,0,0.7431676387786865,
4,747,0,0.8783228397369385,
4,748,0,0.7403740286827087,
4,749,0,0.8300448060035706,
4,750,0,0.8278725743293762,
4,751,0,0.8295823335647583,
4,752,0,0.7667144536972046,
4,753,0,0.4811268448829651,
4,754,0,0.7487375736236572,
4,755,0,0.8429679274559021,
4,756,0,0.83097243309021,
4,757,0,0.8405314683914185,
4,758,0,0.7176927924156189,
4,759,0,0.05579251050949097,
4,760,0,0.4553278088569641,
4,761,0,0.750651478767395,
4,762,0,0.7798453569412231,
4,763,0,0.3481188416481018,
4,764,0,0.3287063241004944,
4,765,0,0.8053848743438721,
4,766,0,0.17847251892089844,
4,767,0,0.7531859278678894,
4,768,0,0.829269528388977,
4,769,0,0.2064921259880066,
4,770,0,0.8177542090415955,
4,771,0,0.7263021469116211,
4,772,0,0.8086186647415161,
4,773,0,0.2117912769317627,
4,774,0,0.8456637263298035,
4,775,0,0.8158659934997559,
4,776,0,0.2747145891189575,
4,777,0,0.8487077951431274,
4,778,0,0.44318073987960815,
4,779,0,0.8403457999229431,
4,780,0,0.7679648995399475,
4,781,0,0.8322978019714355,
4,782,0,0.4307713508605957,
4,783,0,0.8119649291038513,
4,784,0,0.4145929217338562,
4,785,0,0.048277437686920166,
4,786,0,0.493122398853302,
4,787,0,0.2674221992492676,
4,788,0,0.8679193258285522,
4,789,0,0.33360767364501953,
4,790,0,0.7866735458374023,
4,791,0,0.48397356271743774,
4,792,0,0.36382222175598145,
4,793,0,0.803989589214325,
4,794,0,0.8354251980781555,
4,795,0,0.29212522506713867,
4,796,0,0.8307815790176392,
4,797,0,0.06356275081634521,
4,798,0,0.4755623936653137,
4,799,0,0.8295830488204956,
4,val,,,0.5889955872297287
5,0,0,0.4161149859428406,
5,1,0,0.8196324706077576,
5,2,0,0.6621557474136353,
5,3,0,0.852302074432373,
5,4,0,0.41712528467178345,
5,5,0,0.7706188559532166,
5,6,0,0.17322921752929688,
5,7,0,0.4811479449272156,
5,8,0,0.2539331316947937,
5,9,0,0.8189078569412231,
5,10,0,0.06847941875457764,
5,11,0,0.8641155958175659,
5,12,0,0.8325770497322083,
5,13,0,0.8252085447311401,
5,14,0,0.7509041428565979,
5,15,0,0.8203385472297668,
5,16,0,0.523047149181366,
5,17,0,0.40512019395828247,
5,18,0,0.8089588284492493,
5,19,0,0.8398756980895996,
5,20,0,0.7455888986587524,
5,21,0,0.4880279302597046,
5,22,0,0.28563785552978516,
5,23,0,0.6925594806671143,
5,24,0,0.8237173557281494,
5,25,0,0.7319438457489014,
5,26,0,0.8399174809455872,
5,27,0,0.3920992612838745,
5,28,0,0.2903297543525696,
5,29,0,0.4692678451538086,
5,30,0,0.8321975469589233,
5,31,0,0.8075979948043823,
5,32,0,0.4571775197982788,
5,33,0,0.7515586018562317,
5,34,0,0.8136329650878906,
5,35,0,0.2802855968475342,
5,36,0,0.43250519037246704,
5,37,0,0.826766848564148,
5,38,0,0.19877177476882935,
5,39,0,0.8437165021896362,
5,40,0,0.16709250211715698,
5,41,0,0.6593170166015625,
5,42,0,0.46859514713287354,
5,43,0,0.046191275119781494,
5,44,0,0.7492291331291199,
5,45,0,0.47278815507888794,
5,46,0,0.05315667390823364,
5,47,0,0.05361384153366089,
5,48,0,0.8377468585968018,
5,49,0,0.32061511278152466,
5,50,0,0.8397289514541626,
5,51,0,0.3967922329902649,
5,52,0,0.4411062002182007,
5,53,0,0.05438786745071411,
5,54,0,0.8523279428482056,
5,55,0,0.45547395944595337,
5,56,0,0.79578697681427,
5,57,0,0.5026853084564209,
5,58,0,0.8799550533294678,
5,59,0,0.36662518978118896,
5,60,0,0.42942607402801514,
5,61,0,0.6158078908920288,
5,62,0,0.8283654451370239,
5,63,0,0.2789251208305359,
5,64,0,0.26735633611679077,
5,65,0,0.7775673866271973,
5,66,0,0.7361737489700317,
5,67,0,0.4516674876213074,
5,68,0,0.8513906598091125,
5,69,0,0.46600931882858276,
5,70,0,0.5140773057937622,
5,71,0,0.6321079730987549,
5,72,0,0.6740461587905884,
5,73,0,0.8159528374671936,
5,74,0,0.8203989863395691,
5,75,0,0.6541638374328613,
5,76,0,0.8131292462348938,
5,77,0,0.7392971515655518,
5,78,0,0.17050302028656006,
5,79,0,0.8441483974456787,
5,80,0,0.4863325357437134,
5,81,0,0.815393328666687,
5,82,0,0.05375939607620239,
5,83,0,0.8324820399284363,
5,84,0,0.8396719694137573,
5,85,0,0.5141924619674683,
5,86,0,0.8457132577896118,
5,87,0,0.5894051790237427,
5,88,0,0.8204955458641052,
5,89,0,0.4903109669685364,
5,90,0,0.7465484738349915,
5,91,0,0.8266077637672424,
5,92,0,0.8491954207420349,
5,93,0,0.8223584890365601,
5,94,0,0.4952157139778137,
5,95,0,0.856167733669281,
5,96,0,0.2868650555610657,
5,97,0,0.843354344367981,
5,98,0,0.6367647647857666,
5,99,0,0.8401894569396973,
5,100,0,0.7583759427070618,
5,101,0,0.6716760396957397,
5,102,0,0.8333835601806641,
5,103,0,0.7932188510894775,
5,104,0,0.8397250175476074,
5,105,0,0.3504537343978882,
5,106,0,0.8405018448829651,
5,107,0,0.8248732686042786,
5,108,0,0.6479360461235046,
5,109,0,0.8209500908851624,
5,110,0,0.8802927732467651,
5,111,0,0.8339803218841553,
5,112,0,0.8380287289619446,
5,113,0,0.4354141354560852,
5,114,0,0.2640492916107178,
5,115,0,0.8557590842247009,
5,116,0,0.8293293714523315,
5,117,0,0.37942278385162354,
5,118,0,0.8151195049285889,
5,119,0,0.3384106755256653,
5,120,0,0.8271980285644531,
5,121,0,0.8457425832748413,
5,122,0,0.7298170328140259,
5,123,0,0.0693541169166565,
5,124,0,0.4244157075881958,
5,125,0,0.7658931612968445,
5,126,0,0.8718577027320862,
5,127,0,0.8268798589706421,
5,128,0,0.8302457928657532,
5,129,0,0.8426673412322998,
5,130,0,0.7284718751907349,
5,131,0,0.8601974248886108,
5,132,0,0.8035559058189392,
5,133,0,0.2523496747016907,
5,134,0,0.4344862699508667,
5,135,0,0.49076807498931885,
5,136,0,0.05930137634277344,
5,137,0,0.13578325510025024,
5,138,0,0.26448071002960205,
5,139,0,0.4867219924926758,
5,140,0,0.8313211798667908,
5,141,0,0.7736615538597107,
5,142,0,0.8426268696784973,
5,143,0,0.7864288687705994,
5,144,0,0.8153759837150574,
5,145,0,0.22980481386184692,
5,146,0,0.6944891810417175,
5,147,0,0.24438530206680298,
5,148,0,0.7922239899635315,
5,149,0,0.7889424562454224,
5,150,0,0.8075324296951294,
5,151,0,0.8458535671234131,
5,152,0,0.7350849509239197,
5,153,0,0.8241698741912842,
5,154,0,0.828301191329956,
5,155,0,0.7186346650123596,
5,156,0,0.053612709045410156,
5,157,0,0.6345565319061279,
5,158,0,0.7776248455047607,
5,159,0,0.8071062564849854,
5,160,0,0.3732064962387085,
5,161,0,0.06578880548477173,
5,162,0,0.8387663960456848,
5,163,0,0.2884741425514221,
5,164,0,0.40038108825683594,
5,165,0,0.7259721755981445,
5,166,0,0.2579752206802368,
5,167,0,0.8938248157501221,
5,168,0,0.8465256094932556,
5,169,0,0.15450507402420044,
5,170,0,0.783867597579956,
5,171,0,0.7440080642700195,
5,172,0,0.739716649055481,
5,173,0,0.6473970413208008,
5,174,0,0.7558280825614929,
5,175,0,0.42080157995224,
5,176,0,0.7669658660888672,
5,177,0,0.3168432116508484,
5,178,0,0.837409496307373,
5,179,0,0.346499502658844,
5,180,0,0.8158743381500244,
5,181,0,0.8025964498519897,
5,182,0,0.33289939165115356,
5,183,0,0.17827749252319336,
5,184,0,0.7832630276679993,
5,185,0,0.7481479644775391,
5,186,0,0.306118905544281,
5,187,0,0.7441412210464478,
5,188,0,0.7410614490509033,
5,189,0,0.27489912509918213,
5,190,0,0.06971436738967896,
5,191,0,0.46290379762649536,
5,192,0,0.7840033173561096,
5,193,0,0.7431445121765137,
5,194,0,0.7408384084701538,
5,195,0,0.8613803386688232,
5,196,0,0.7525181770324707,
5,197,0,0.19751089811325073,
5,198,0,0.8105413913726807,
5,199,0,0.2575657367706299,
5,200,0,0.7655369639396667,
5,201,0,0.052913010120391846,
5,202,0,0.29693347215652466,
5,203,0,0.8388081789016724,
5,204,0,0.34765690565109253,
5,205,0,0.25363272428512573,
5,206,0,0.35145699977874756,
5,207,0,0.15622955560684204,
5,208,0,0.48452699184417725,
5,209,0,0.7871037721633911,
5,210,0,0.32130134105682373,
5,211,0,0.8264821767807007,
5,212,0,0.49789220094680786,
5,213,0,0.8105225563049316,
5,214,0,0.8395792245864868,
5,215,0,0.8801904916763306,
5,216,0,0.46013885736465454,
5,217,0,0.8304888010025024,
5,218,0,0.865592896938324,
5,219,0,0.7333078980445862,
5,220,0,0.26119786500930786,
5,221,0,0.7448552846908569,
5,222,0,0.3240700364112854,
5,223,0,0.4889020323753357,
5,224,0,0.847942590713501,
5,225,0,0.3032100796699524,
5,226,0,0.818074107170105,
5,227,0,0.17504054307937622,
5,228,0,0.7149711847305298,
5,229,0,0.42686641216278076,
5,230,0,0.4656030535697937,
5,231,0,0.8349013328552246,
5,232,0,0.8539239168167114,
5,233,0,0.842889666557312,
5,234,0,0.825758159160614,
5,235,0,0.04629093408584595,
5,236,0,0.4474443197250366,
5,237,0,0.8347994089126587,
5,238,0,0.4737682342529297,
5,239,0,0.4252592921257019,
5,240,0,0.8183043003082275,
5,241,0,0.8365976214408875,
5,242,0,0.8256336450576782,
5,243,0,0.4457632303237915,
5,244,0,0.313026487827301,
5,245,0,0.05252283811569214,
5,246,0,0.4375765919685364,
5,247,0,0.8363058567047119,
5,248,0,0.46395111083984375,
5,249,0,0.8175506591796875,
5,250,0,0.12708568572998047,
5,251,0,0.8460674285888672,
5,252,0,0.7825501561164856,
5,253,0,0.7858887314796448,
5,254,0,0.04423445463180542,
5,255,0,0.7543746829032898,
5,256,0,0.5841269493103027,
5,257,0,0.8469736576080322,
5,258,0,0.8413135409355164,
5,259,0,0.8533893823623657,
5,260,0,0.5223676562309265,
5,261,0,0.7489593029022217,
5,262,0,0.8553365468978882,
5,263,0,0.7316659688949585,
5,264,0,0.2953973412513733,
5,265,0,0.8609797358512878,
5,266,0,0.831942617893219,
5,267,0,0.8414736986160278,
5,268,0,0.3380497097969055,
5,269,0,0.47138798236846924,
5,270,0,0.6130411028862,
5,271,0,0.8122040629386902,
5,272,0,0.38577693700790405,
5,273,0,0.8448355793952942,
5,274,0,0.8164049386978149,
5,275,0,0.16716575622558594,
5,276,0,0.814951479434967,
5,277,0,0.06682449579238892,
5,278,0,0.5657711029052734,
5,279,0,0.7436056137084961,
5,280,0,0.7864500880241394,
5,281,0,0.7945887446403503,
5,282,0,0.7558237314224243,
5,283,0,0.7626370787620544,
5,284,0,0.835662305355072,
5,285,0,0.8497480750083923,
5,286,0,0.669461190700531,
5,287,0,0.7329883575439453,
5,288,0,0.8402798771858215,
5,289,0,0.5364324450492859,
5,290,0,0.8277779221534729,
5,291,0,0.05042988061904907,
5,292,0,0.39664405584335327,
5,293,0,0.8440982103347778,
5,294,0,0.8379316329956055,
5,295,0,0.8732688426971436,
5,296,0,0.4849904179573059,
5,297,0,0.05337733030319214,
5,298,0,0.8544195890426636,
5,299,0,0.8113016486167908,
5,300,0,0.4398224949836731,
5,301,0,0.4213547706604004,
5,302,0,0.8387125134468079,
5,303,0,0.6113835573196411,
5,304,0,0.8425129652023315,
5,305,0,0.47626131772994995,
5,306,0,0.24108630418777466,
5,307,0,0.8335015177726746,
5,308,0,0.8414974212646484,
5,309,0,0.2137049436569214,
5,310,0,0.8202313184738159,
5,311,0,0.39485102891921997,
5,312,0,0.8237713575363159,
5,313,0,0.8183891773223877,
5,314,0,0.42125052213668823,
5,315,0,0.8161030411720276,
5,316,0,0.8372547626495361,
5,317,0,0.7183536291122437,
5,318,0,0.3770865201950073,
5,319,0,0.32818323373794556,
5,320,0,0.7465232610702515,
5,321,0,0.8496398329734802,
5,322,0,0.8469780683517456,
5,323,0,0.3071289658546448,
5,324,0,0.8486676216125488,
5,325,0,0.7997440099716187,
5,326,0,0.8105658292770386,
5,327,0,0.7341732382774353,
5,328,0,0.7315967082977295,
5,329,0,0.7751702666282654,
5,330,0,0.38035762310028076,
5,331,0,0.33307069540023804,
5,332,0,0.840299129486084,
5,333,0,0.2544141411781311,
5,334,0,0.8183472156524658,
5,335,0,0.38607096672058105,
5,336,0,0.8298238515853882,
5,337,0,0.46163004636764526,
5,338,0,0.6503326296806335,
5,339,0,0.8073916435241699,
5,340,0,0.8434871435165405,
5,341,0,0.061650097370147705,
5,342,0,0.7525492906570435,
5,343,0,0.6333160400390625,
5,344,0,0.8279436826705933,
5,345,0,0.8280937671661377,
5,346,0,0.24556958675384521,
5,347,0,0.17957627773284912,
5,348,0,0.7554877996444702,
5,349,0,0.8573263883590698,
5,350,0,0.8027411699295044,
5,351,0,0.7739695906639099,
5,352,0,0.8258798718452454,
5,353,0,0.8410113453865051,
5,354,0,0.6653398275375366,
5,355,0,0.16572189331054688,
5,356,0,0.8624227046966553,
5,357,0,0.7658611536026001,
5,358,0,0.20811468362808228,
5,359,0,0.7829440236091614,
5,360,0,0.864415168762207,
5,361,0,0.8469724655151367,
5,362,0,0.261100709438324,
5,363,0,0.3132820725440979,
5,364,0,0.7551348209381104,
5,365,0,0.8689951300621033,
5,366,0,0.8407498598098755,
5,367,0,0.8377281427383423,
5,368,0,0.8430615067481995,
5,369,0,0.8142962455749512,
5,370,0,0.6358264684677124,
5,371,0,0.7168068885803223,
5,372,0,0.8100526332855225,
5,373,0,0.8547065854072571,
5,374,0,0.43709880113601685,
5,375,0,0.7554489374160767,
5,376,0,0.7663838863372803,
5,377,0,0.3457324504852295,
5,378,0,0.42266255617141724,
5,379,0,0.845017671585083,
5,380,0,0.36311662197113037,
5,381,0,0.32523655891418457,
5,382,0,0.33066970109939575,
5,383,0,0.8397305011749268,
5,384,0,0.36149317026138306,
5,385,0,0.34330928325653076,
5,386,0,0.25101155042648315,
5,387,0,0.4448043704032898,
5,388,0,0.060838520526885986,
5,389,0,0.7847938537597656,
5,390,0,0.7633658051490784,
5,391,0,0.694554328918457,
5,392,0,0.6891574859619141,
5,393,0,0.3227303624153137,
5,394,0,0.4923156499862671,
5,395,0,0.8133277893066406,
5,396,0,0.16221904754638672,
5,397,0,0.1896136999130249,
5,398,0,0.801254153251648,
5,399,0,0.31307101249694824,
5,400,0,0.734558641910553,
5,401,0,0.7757086753845215,
5,402,0,0.8324418067932129,
5,403,0,0.8206813335418701,
5,404,0,0.3335399627685547,
5,405,0,0.07298648357391357,
5,406,0,0.7819135189056396,
5,407,0,0.8443548083305359,
5,408,0,0.8099989891052246,
5,409,0,0.7113515734672546,
5,410,0,0.8384705781936646,
5,411,0,0.3114844560623169,
5,412,0,0.8036413192749023,
5,413,0,0.07013356685638428,
5,414,0,0.7833566665649414,
5,415,0,0.6596794128417969,
5,416,0,0.8517107963562012,
5,417,0,0.061624348163604736,
5,418,0,0.504368782043457,
5,419,0,0.479919970035553,
5,420,0,0.27412259578704834,
5,421,0,0.26483064889907837,
5,422,0,0.8233706951141357,
5,423,0,0.8389922976493835,
5,424,0,0.8601762056350708,
5,425,0,0.8161539435386658,
5,426,0,0.8169156908988953,
5,427,0,0.8096541166305542,
5,428,0,0.4642232060432434,
5,429,0,0.8168185949325562,
5,430,0,0.268179714679718,
5,431,0,0.8034635186195374,
5,432,0,0.7685887217521667,
5,433,0,0.8267720937728882,
5,434,0,0.8310579061508179,
5,435,0,0.8166998028755188,
5,436,0,0.6170134544372559,
5,437,0,0.055274009704589844,
5,438,0,0.7108485698699951,
5,439,0,0.2261054515838623,
5,440,0,0.8440326452255249,
5,441,0,0.7938872575759888,
5,442,0,0.8253862857818604,
5,443,0,0.8183831572532654,
5,444,0,0.7590591311454773,
5,445,0,0.8262893557548523,
5,446,0,0.7425984144210815,
5,447,0,0.3224066495895386,
5,448,0,0.06098651885986328,
5,449,0,0.8030625581741333,
5,450,0,0.7774718403816223,
5,451,0,0.2637670636177063,
5,452,0,0.8233221769332886,
5,453,0,0.3031928539276123,
5,454,0,0.42684197425842285,
5,455,0,0.5949189066886902,
5,456,0,0.7298858165740967,
5,457,0,0.6708244681358337,
5,458,0,0.5224243402481079,
5,459,0,0.8416547775268555,
5,460,0,0.8225124478340149,
5,461,0,0.4713250398635864,
5,462,0,0.808580756187439,
5,463,0,0.15902012586593628,
5,464,0,0.6288182735443115,
5,465,0,0.7460492849349976,
5,466,0,0.04905414581298828,
5,467,0,0.8143954277038574,
5,468,0,0.6542469263076782,
5,469,0,0.7956730127334595,
5,470,0,0.35371220111846924,
5,471,0,0.05673772096633911,
5,472,0,0.8428837060928345,
5,473,0,0.8407994508743286,
5,474,0,0.05976378917694092,
5,475,0,0.8295935392379761,
5,476,0,0.46697455644607544,
5,477,0,0.8612903356552124,
5,478,0,0.5254577994346619,
5,479,0,0.48781609535217285,
5,480,0,0.6796039342880249,
5,481,0,0.17635220289230347,
5,482,0,0.8166559934616089,
5,483,0,0.8355056047439575,
5,484,0,0.838401198387146,
5,485,0,0.43878084421157837,
5,486,0,0.7226364612579346,
5,487,0,0.351337730884552,
5,488,0,0.7470576167106628,
5,489,0,0.8351271152496338,
5,490,0,0.7661941647529602,
5,491,0,0.8260033130645752,
5,492,0,0.666721522808075,
5,493,0,0.7645601630210876,
5,494,0,0.060470640659332275,
5,495,0,0.36411184072494507,
5,496,0,0.29143261909484863,
5,497,0,0.7790524363517761,
5,498,0,0.45684176683425903,
5,499,0,0.8450016975402832,
5,500,0,0.8163589835166931,
5,501,0,0.7706142663955688,
5,502,0,0.8367425203323364,
5,503,0,0.2134111523628235,
5,504,0,0.762497067451477,
5,505,0,0.47763586044311523,
5,506,0,0.7685025334358215,
5,507,0,0.28117436170578003,
5,508,0,0.8463354706764221,
5,509,0,0.8408443927764893,
5,510,0,0.8467576503753662,
5,511,0,0.7806525826454163,
5,512,0,0.2549484968185425,
5,513,0,0.7283296585083008,
5,514,0,0.8141723275184631,
5,515,0,0.8010339736938477,
5,516,0,0.743310809135437,
5,517,0,0.40955907106399536,
5,518,0,0.2483556866645813,
5,519,0,0.2999241352081299,
5,520,0,0.849357008934021,
5,521,0,0.8500443696975708,
5,522,0,0.37435853481292725,
5,523,0,0.8600568175315857,
5,524,0,0.747583270072937,
5,525,0,0.054827868938446045,
5,526,0,0.3330649733543396,
5,527,0,0.8395233154296875,
5,528,0,0.05638331174850464,
5,529,0,0.8465960621833801,
5,530,0,0.8084151744842529,
5,531,0,0.8441075086593628,
5,532,0,0.7999409437179565,
5,533,0,0.8305800557136536,
5,534,0,0.38661903142929077,
5,535,0,0.845594048500061,
5,536,0,0.7967695593833923,
5,537,0,0.2845677137374878,
5,538,0,0.8276202082633972,
5,539,0,0.8103412389755249,
5,540,0,0.785979151725769,
5,541,0,0.4350894093513489,
5,542,0,0.33859318494796753,
5,543,0,0.8483651876449585,
5,544,0,0.06564003229141235,
5,545,0,0.4138522744178772,
5,546,0,0.4660186767578125,
5,547,0,0.06296384334564209,
5,548,0,0.7808867692947388,
5,549,0,0.32820558547973633,
5,550,0,0.8359917998313904,
5,551,0,0.8453020453453064,
5,552,0,0.7274279594421387,
5,553,0,0.4470551609992981,
5,554,0,0.6679484248161316,
5,555,0,0.2721809148788452,
5,556,0,0.775032639503479,
5,557,0,0.8325091600418091,
5,558,0,0.39994561672210693,
5,559,0,0.6710485219955444,
5,560,0,0.7876184582710266,
5,561,0,0.8373643755912781,
5,562,0,0.17451000213623047,
5,563,0,0.8405991196632385,
5,564,0,0.48476994037628174,
5,565,0,0.3666866421699524,
5,566,0,0.3770688772201538,
5,567,0,0.829419732093811,
5,568,0,0.2196522355079651,
5,569,0,0.8276774287223816,
5,570,0,0.6521889567375183,
5,571,0,0.6182659864425659,
5,572,0,0.33552396297454834,
5,573,0,0.8563600778579712,
5,574,0,0.32879638671875,
5,575,0,0.30341285467147827,
5,576,0,0.7942060232162476,
5,577,0,0.30401259660720825,
5,578,0,0.3203586935997009,
5,579,0,0.7921109795570374,
5,580,0,0.2946265935897827,
5,581,0,0.4108542203903198,
5,582,0,0.8622249960899353,
5,583,0,0.7736188173294067,
5,584,0,0.4470272660255432,
5,585,0,0.8160834312438965,
5,586,0,0.831748902797699,
5,587,0,0.6068758368492126,
5,588,0,0.23704129457473755,
5,589,0,0.7216335535049438,
5,590,0,0.8271159529685974,
5,591,0,0.2690991163253784,
5,592,0,0.814326822757721,
5,593,0,0.8345190286636353,
5,594,0,0.825158953666687,
5,595,0,0.7471389770507812,
5,596,0,0.440893292427063,
5,597,0,0.1711972951889038,
5,598,0,0.3364672064781189,
5,599,0,0.34870535135269165,
5,600,0,0.7642674446105957,
5,601,0,0.43579167127609253,
5,602,0,0.1922631859779358,
5,603,0,0.316567599773407,
5,604,0,0.7461423277854919,
5,605,0,0.7912687659263611,
5,606,0,0.31534343957901,
5,607,0,0.758242666721344,
5,608,0,0.6951272487640381,
5,609,0,0.8304674625396729,
5,610,0,0.8423017263412476,
5,611,0,0.85035240650177,
5,612,0,0.6857651472091675,
5,613,0,0.7664915323257446,
5,614,0,0.8348841071128845,
5,615,0,0.39635682106018066,
5,616,0,0.8612738847732544,
5,617,0,0.30887287855148315,
5,618,0,0.17486149072647095,
5,619,0,0.4291974902153015,
5,620,0,0.8416119813919067,
5,621,0,0.43349123001098633,
5,622,0,0.783669114112854,
5,623,0,0.4369521141052246,
5,624,0,0.35094696283340454,
5,625,0,0.851798415184021,
5,626,0,0.8407058715820312,
5,627,0,0.8177734613418579,
5,628,0,0.8502076864242554,
5,629,0,0.4869228005409241,
5,630,0,0.06611144542694092,
5,631,0,0.1836603879928589,
5,632,0,0.8174147009849548,
5,633,0,0.7337453365325928,
5,634,0,0.8676836490631104,
5,635,0,0.48595744371414185,
5,636,0,0.8121517300605774,
5,637,0,0.7097699642181396,
5,638,0,0.85467928647995,
5,639,0,0.7581669688224792,
5,640,0,0.15928781032562256,
5,641,0,0.761845052242279,
5,642,0,0.7814440131187439,
5,643,0,0.43476611375808716,
5,644,0,0.4209645390510559,
5,645,0,0.8205235004425049,
5,646,0,0.8279525637626648,
5,647,0,0.7793083190917969,
5,648,0,0.8172931671142578,
5,649,0,0.050475120544433594,
5,650,0,0.7670307159423828,
5,651,0,0.4445481300354004,
5,652,0,0.7144238352775574,
5,653,0,0.6021049618721008,
5,654,0,0.7636897563934326,
5,655,0,0.2623034119606018,
5,656,0,0.26372426748275757,
5,657,0,0.3920307755470276,
5,658,0,0.7418710589408875,
5,659,0,0.055000364780426025,
5,660,0,0.8488627076148987,
5,661,0,0.7552739977836609,
5,662,0,0.8229471445083618,
5,663,0,0.73240065574646,
5,664,0,0.8419818878173828,
5,665,0,0.4327848553657532,
5,666,0,0.058870673179626465,
5,667,0,0.818041205406189,
5,668,0,0.3116028904914856,
5,669,0,0.4731397032737732,
5,670,0,0.39268040657043457,
5,671,0,0.7622314095497131,
5,672,0,0.18136614561080933,
5,673,0,0.293022096157074,
5,674,0,0.4140015244483948,
5,675,0,0.7621082663536072,
5,676,0,0.1721852421760559,
5,677,0,0.6252585649490356,
5,678,0,0.8675447702407837,
5,679,0,0.8114709854125977,
5,680,0,0.06350171566009521,
5,681,0,0.8645689487457275,
5,682,0,0.34321290254592896,
5,683,0,0.35768747329711914,
5,684,0,0.8481565713882446,
5,685,0,0.8163361549377441,
5,686,0,0.8077300190925598,
5,687,0,0.6337238550186157,
5,688,0,0.29748159646987915,
5,689,0,0.7732391357421875,
5,690,0,0.8434070944786072,
5,691,0,0.1664743423461914,
5,692,0,0.37233608961105347,
5,693,0,0.7121962904930115,
5,694,0,0.7679469585418701,
5,695,0,0.7696332335472107,
5,696,0,0.19743382930755615,
5,697,0,0.7563706636428833,
5,698,0,0.8471378684043884,
5,699,0,0.45704716444015503,
5,700,0,0.27177268266677856,
5,701,0,0.8385323286056519,
5,702,0,0.7893378138542175,
5,703,0,0.8598372936248779,
5,704,0,0.1630571484565735,
5,705,0,0.0578039288520813,
5,706,0,0.8454968929290771,
5,707,0,0.816095232963562,
5,708,0,0.8468196988105774,
5,709,0,0.7559239268302917,
5,710,0,0.4189292788505554,
5,711,0,0.3609490990638733,
5,712,0,0.307789146900177,
5,713,0,0.43103551864624023,
5,714,0,0.8451003432273865,
5,715,0,0.45894140005111694,
5,716,0,0.7702206373214722,
5,717,0,0.682439923286438,
5,718,0,0.8337087631225586,
5,719,0,0.8289389610290527,
5,720,0,0.7966915965080261,
5,721,0,0.7964079976081848,
5,722,0,0.7926444411277771,
5,723,0,0.19412308931350708,
5,724,0,0.735882043838501,
5,725,0,0.20616823434829712,
5,726,0,0.8268710970878601,
5,727,0,0.8093907833099365,
5,728,0,0.199862539768219,
5,729,0,0.45550596714019775,
5,730,0,0.38641834259033203,
5,731,0,0.8285685181617737,
5,732,0,0.816724419593811,
5,733,0,0.4330615997314453,
5,734,0,0.819724977016449,
5,735,0,0.3384040594100952,
5,736,0,0.7572636604309082,
5,737,0,0.8589926362037659,
5,738,0,0.8228850364685059,
5,739,0,0.6361002922058105,
5,740,0,0.3191078305244446,
5,741,0,0.7060271501541138,
5,742,0,0.8321202993392944,
5,743,0,0.8499476313591003,
5,744,0,0.8222219944000244,
5,745,0,0.3109155297279358,
5,746,0,0.7436503171920776,
5,747,0,0.8780548572540283,
5,748,0,0.7295291423797607,
5,749,0,0.8288094997406006,
5,750,0,0.8120020031929016,
5,751,0,0.8281500339508057,
5,752,0,0.7738156914710999,
5,753,0,0.4811541438102722,
5,754,0,0.746402382850647,
5,755,0,0.8413503170013428,
5,756,0,0.8276656866073608,
5,757,0,0.8401027321815491,
5,758,0,0.7080680131912231,
5,759,0,0.05577421188354492,
5,760,0,0.4538482427597046,
5,761,0,0.7474898099899292,
5,762,0,0.7781890034675598,
5,763,0,0.3501003384590149,
5,764,0,0.3243958353996277,
5,765,0,0.8046080470085144,
5,766,0,0.17709052562713623,
5,767,0,0.7499802112579346,
5,768,0,0.8310366868972778,
5,769,0,0.20664119720458984,
5,770,0,0.7898384928703308,
5,771,0,0.7253209352493286,
5,772,0,0.8009525537490845,
5,773,0,0.2126733660697937,
5,774,0,0.84002685546875,
5,775,0,0.8141368627548218,
5,776,0,0.27359539270401,
5,777,0,0.8554259538650513,
5,778,0,0.44272398948669434,
5,779,0,0.8398551940917969,
5,780,0,0.7653425931930542,
5,781,0,0.8329131603240967,
5,782,0,0.4290505647659302,
5,783,0,0.8119049668312073,
5,784,0,0.4089217185974121,
5,785,0,0.048713505268096924,
5,786,0,0.48899441957473755,
5,787,0,0.2679635286331177,
5,788,0,0.8660513162612915,
5,789,0,0.33286207914352417,
5,790,0,0.7834303975105286,
5,791,0,0.4856420159339905,
5,792,0,0.363180935382843,
5,793,0,0.8058546185493469,
5,794,0,0.8348615169525146,
5,795,0,0.29261213541030884,
5,796,0,0.8338862061500549,
5,797,0,0.063995361328125,
5,798,0,0.4703925848007202,
5,799,0,0.8289914131164551,
5,val,,,0.5877848041057586
6,0,0,0.41391295194625854,
6,1,0,0.8185337781906128,
6,2,0,0.6650908589363098,
6,3,0,0.8431664109230042,
6,4,0,0.4171128273010254,
6,5,0,0.7689406275749207,
6,6,0,0.1733187437057495,
6,7,0,0.4781714677810669,
6,8,0,0.2627300024032593,
6,9,0,0.8188748359680176,
6,10,0,0.06854856014251709,
6,11,0,0.8534464836120605,
6,12,0,0.8331813216209412,
6,13,0,0.8253141045570374,
6,14,0,0.7506939172744751,
6,15,0,0.8205926418304443,
6,16,0,0.5214842557907104,
6,17,0,0.404272198677063,
6,18,0,0.8089338541030884,
6,19,0,0.8364948630332947,
6,20,0,0.7445138692855835,
6,21,0,0.4865989685058594,
6,22,0,0.2844368815422058,
6,23,0,0.6899008750915527,
6,24,0,0.8232580423355103,
6,25,0,0.7307034730911255,
6,26,0,0.8394900560379028,
6,27,0,0.39063817262649536,
6,28,0,0.28899914026260376,
6,29,0,0.4653492569923401,
6,30,0,0.8315678834915161,
6,31,0,0.8183744549751282,
6,32,0,0.45657551288604736,
6,33,0,0.7519436478614807,
6,34,0,0.8278149962425232,
6,35,0,0.2798529267311096,
6,36,0,0.4302883744239807,
6,37,0,0.8266870975494385,
6,38,0,0.1996890902519226,
6,39,0,0.8443168997764587,
6,40,0,0.1666582226753235,
6,41,0,0.6480668783187866,
6,42,0,0.4703139066696167,
6,43,0,0.05269002914428711,
6,44,0,0.7494017481803894,
6,45,0,0.47180354595184326,
6,46,0,0.051675617694854736,
6,47,0,0.053652942180633545,
6,48,0,0.8368395566940308,
6,49,0,0.3202575445175171,
6,50,0,0.8399065732955933,
6,51,0,0.40004318952560425,
6,52,0,0.44318145513534546,
6,53,0,0.05461013317108154,
6,54,0,0.8512621521949768,
6,55,0,0.4539110064506531,
6,56,0,0.7952670454978943,
6,57,0,0.5014848709106445,
6,58,0,0.8735990524291992,
6,59,0,0.3661402463912964,
6,60,0,0.428127646446228,
6,61,0,0.6158856153488159,
6,62,0,0.8294912576675415,
6,63,0,0.27532655000686646,
6,64,0,0.26670771837234497,
6,65,0,0.7626223564147949,
6,66,0,0.7338869571685791,
6,67,0,0.45306825637817383,
6,68,0,0.8404237627983093,
6,69,0,0.47255152463912964,
6,70,0,0.5111969709396362,
6,71,0,0.6318881511688232,
6,72,0,0.6720527410507202,
6,73,0,0.8259125351905823,
6,74,0,0.8204324245452881,
6,75,0,0.6609323024749756,
6,76,0,0.8130768537521362,
6,77,0,0.7362313270568848,
6,78,0,0.16994744539260864,
6,79,0,0.8327202796936035,
6,80,0,0.48441821336746216,
6,81,0,0.8144335746765137,
6,82,0,0.05444973707199097,
6,83,0,0.8388944864273071,
6,84,0,0.829889178276062,
6,85,0,0.5121887922286987,
6,86,0,0.8566624522209167,
6,87,0,0.5850342512130737,
6,88,0,0.820192277431488,
6,89,0,0.4901195764541626,
6,90,0,0.7443360090255737,
6,91,0,0.8188276886940002,
6,92,0,0.8485130667686462,
6,93,0,0.8220259547233582,
6,94,0,0.495444118976593,
6,95,0,0.8642777800559998,
6,96,0,0.2841457724571228,
6,97,0,0.8436933755874634,
6,98,0,0.6333298087120056,
6,99,0,0.8566519021987915,
6,100,0,0.7558150291442871,
6,101,0,0.6768916845321655,
6,102,0,0.8278831839561462,
6,103,0,0.7796798944473267,
6,104,0,0.8398252129554749,
6,105,0,0.35397106409072876,
6,106,0,0.8453733325004578,
6,107,0,0.8239151835441589,
6,108,0,0.6479451060295105,
6,109,0,0.8242805600166321,
6,110,0,0.8622920513153076,
6,111,0,0.8165150880813599,
6,112,0,0.839926540851593,
6,113,0,0.4368094205856323,
6,114,0,0.26498228311538696,
6,115,0,0.8412333726882935,
6,116,0,0.8260060548782349,
6,117,0,0.3756895661354065,
6,118,0,0.8224287033081055,
6,119,0,0.33809220790863037,
6,120,0,0.8268173336982727,
6,121,0,0.844192385673523,
6,122,0,0.7295387983322144,
6,123,0,0.06953048706054688,
6,124,0,0.42372196912765503,
6,125,0,0.7650579810142517,
6,126,0,0.8614419102668762,
6,127,0,0.8269696831703186,
6,128,0,0.8373820185661316,
6,129,0,0.8415998816490173,
6,130,0,0.7250559329986572,
6,131,0,0.8577661514282227,
6,132,0,0.7859101295471191,
6,133,0,0.24991565942764282,
6,134,0,0.43832820653915405,
6,135,0,0.4900878071784973,
6,136,0,0.05926549434661865,
6,137,0,0.13656014204025269,
6,138,0,0.2648618817329407,
6,139,0,0.4866141080856323,
6,140,0,0.8368727564811707,
6,141,0,0.7735786437988281,
6,142,0,0.838363766670227,
6,143,0,0.7890190482139587,
6,144,0,0.8164499402046204,
6,145,0,0.2314300537109375,
6,146,0,0.693260669708252,
6,147,0,0.24479472637176514,
6,148,0,0.794404149055481,
6,149,0,0.7902438640594482,
6,150,0,0.8048610091209412,
6,151,0,0.8285014033317566,
6,152,0,0.732985258102417,
6,153,0,0.8234136700630188,
6,154,0,0.8288251161575317,
6,155,0,0.7160469889640808,
6,156,0,0.05296516418457031,
6,157,0,0.6370345950126648,
6,158,0,0.7761424779891968,
6,159,0,0.8072198033332825,
6,160,0,0.36189454793930054,
6,161,0,0.07091176509857178,
6,162,0,0.8393292427062988,
6,163,0,0.28602176904678345,
6,164,0,0.4034884572029114,
6,165,0,0.7253879904747009,
6,166,0,0.25574976205825806,
6,167,0,0.8641862869262695,
6,168,0,0.8471380472183228,
6,169,0,0.15299183130264282,
6,170,0,0.7925791144371033,
6,171,0,0.7428408861160278,
6,172,0,0.7383782267570496,
6,173,0,0.647209107875824,
6,174,0,0.7549362182617188,
6,175,0,0.42028599977493286,
6,176,0,0.7654934525489807,
6,177,0,0.3168523907661438,
6,178,0,0.837338387966156,
6,179,0,0.3487856984138489,
6,180,0,0.8065353035926819,
6,181,0,0.8029466867446899,
6,182,0,0.333030104637146,
6,183,0,0.17896080017089844,
6,184,0,0.793514609336853,
6,185,0,0.7478621006011963,
6,186,0,0.3062770366668701,
6,187,0,0.7553849816322327,
6,188,0,0.7423204779624939,
6,189,0,0.27289533615112305,
6,190,0,0.07335025072097778,
6,191,0,0.45676422119140625,
6,192,0,0.7959495782852173,
6,193,0,0.7432230710983276,
6,194,0,0.740315318107605,
6,195,0,0.8607147932052612,
6,196,0,0.7528055310249329,
6,197,0,0.1972530484199524,
6,198,0,0.798073410987854,
6,199,0,0.25635093450546265,
6,200,0,0.7654845714569092,
6,201,0,0.0527644157409668,
6,202,0,0.2959497570991516,
6,203,0,0.838921308517456,
6,204,0,0.3408675193786621,
6,205,0,0.26298779249191284,
6,206,0,0.35297900438308716,
6,207,0,0.15604668855667114,
6,208,0,0.48332393169403076,
6,209,0,0.7987626791000366,
6,210,0,0.3130587339401245,
6,211,0,0.827107310295105,
6,212,0,0.49745088815689087,
6,213,0,0.8116025924682617,
6,214,0,0.8400933742523193,
6,215,0,0.8513253331184387,
6,216,0,0.4588888883590698,
6,217,0,0.8299776911735535,
6,218,0,0.8694971799850464,
6,219,0,0.7289018630981445,
6,220,0,0.26238948106765747,
6,221,0,0.7455061674118042,
6,222,0,0.32361000776290894,
6,223,0,0.48744821548461914,
6,224,0,0.8405821919441223,
6,225,0,0.3042823076248169,
6,226,0,0.8191316723823547,
6,227,0,0.17440706491470337,
6,228,0,0.7212177515029907,
6,229,0,0.4263041615486145,
6,230,0,0.4648475646972656,
6,231,0,0.8308448195457458,
6,232,0,0.852836012840271,
6,233,0,0.8419359922409058,
6,234,0,0.8235763907432556,
6,235,0,0.04608827829360962,
6,236,0,0.44686776399612427,
6,237,0,0.8341859579086304,
6,238,0,0.47361522912979126,
6,239,0,0.43119364976882935,
6,240,0,0.8178091049194336,
6,241,0,0.8322346210479736,
6,242,0,0.8244897127151489,
6,243,0,0.4437999725341797,
6,244,0,0.31328725814819336,
6,245,0,0.05241715908050537,
6,246,0,0.43791478872299194,
6,247,0,0.8366767168045044,
6,248,0,0.46347594261169434,
6,249,0,0.8179107904434204,
6,250,0,0.1285455822944641,
6,251,0,0.8464190363883972,
6,252,0,0.7789690494537354,
6,253,0,0.7861361503601074,
6,254,0,0.043878376483917236,
6,255,0,0.7531223893165588,
6,256,0,0.5781470537185669,
6,257,0,0.8469327092170715,
6,258,0,0.8468786478042603,
6,259,0,0.8497311472892761,
6,260,0,0.5215970277786255,
6,261,0,0.748785674571991,
6,262,0,0.8562716841697693,
6,263,0,0.7338792681694031,
6,264,0,0.297706663608551,
6,265,0,0.8691401481628418,
6,266,0,0.8391598463058472,
6,267,0,0.8400683403015137,
6,268,0,0.3373497724533081,
6,269,0,0.46904706954956055,
6,270,0,0.6156662106513977,
6,271,0,0.8085453510284424,
6,272,0,0.3849613070487976,
6,273,0,0.8444151282310486,
6,274,0,0.8200503587722778,
6,275,0,0.16638201475143433,
6,276,0,0.814911425113678,
6,277,0,0.06629675626754761,
6,278,0,0.5606697797775269,
6,279,0,0.7439746856689453,
6,280,0,0.7828037142753601,
6,281,0,0.7940759658813477,
6,282,0,0.7579385042190552,
6,283,0,0.7593948841094971,
6,284,0,0.8484891057014465,
6,285,0,0.859332799911499,
6,286,0,0.6570976972579956,
6,287,0,0.7307490110397339,
6,288,0,0.8194205164909363,
6,289,0,0.5303652286529541,
6,290,0,0.8276454210281372,
6,291,0,0.05036008358001709,
6,292,0,0.3948695659637451,
6,293,0,0.8443331122398376,
6,294,0,0.8383507132530212,
6,295,0,0.8658772706985474,
6,296,0,0.4848847985267639,
6,297,0,0.05423551797866821,
6,298,0,0.8556365370750427,
6,299,0,0.8105397820472717,
6,300,0,0.44049394130706787,
6,301,0,0.4262399673461914,
6,302,0,0.8392576575279236,
6,303,0,0.61329185962677,
6,304,0,0.8418924808502197,
6,305,0,0.4759746193885803,
6,306,0,0.24104690551757812,
6,307,0,0.8338194489479065,
6,308,0,0.8401287794113159,
6,309,0,0.210590660572052,
6,310,0,0.8197007179260254,
6,311,0,0.393562376499176,
6,312,0,0.823718786239624,
6,313,0,0.8174999952316284,
6,314,0,0.41898006200790405,
6,315,0,0.8110811114311218,
6,316,0,0.8368788957595825,
6,317,0,0.7129935026168823,
6,318,0,0.3774378299713135,
6,319,0,0.32687461376190186,
6,320,0,0.7470941543579102,
6,321,0,0.859075129032135,
6,322,0,0.8536471128463745,
6,323,0,0.3044065237045288,
6,324,0,0.8474500179290771,
6,325,0,0.813420295715332,
6,326,0,0.810362696647644,
6,327,0,0.7327682375907898,
6,328,0,0.726302981376648,
6,329,0,0.7768046855926514,
6,330,0,0.3860308527946472,
6,331,0,0.3468892574310303,
6,332,0,0.8627726435661316,
6,333,0,0.2533629536628723,
6,334,0,0.8238610625267029,
6,335,0,0.37992334365844727,
6,336,0,0.8293286561965942,
6,337,0,0.45879846811294556,
6,338,0,0.6528067588806152,
6,339,0,0.8023532629013062,
6,340,0,0.8427300453186035,
6,341,0,0.06145477294921875,
6,342,0,0.7585404515266418,
6,343,0,0.6255530118942261,
6,344,0,0.8277220726013184,
6,345,0,0.8286110758781433,
6,346,0,0.25594139099121094,
6,347,0,0.1749231219291687,
6,348,0,0.7548530101776123,
6,349,0,0.8520442247390747,
6,350,0,0.8111197352409363,
6,351,0,0.7744538187980652,
6,352,0,0.825195848941803,
6,353,0,0.8351505398750305,
6,354,0,0.662359356880188,
6,355,0,0.16640788316726685,
6,356,0,0.8464646935462952,
6,357,0,0.7508066296577454,
6,358,0,0.20792841911315918,
6,359,0,0.782784104347229,
6,360,0,0.8570523262023926,
6,361,0,0.8463118076324463,
6,362,0,0.259369432926178,
6,363,0,0.312916100025177,
6,364,0,0.7554110884666443,
6,365,0,0.8761083483695984,
6,366,0,0.8461315631866455,
6,367,0,0.8364438414573669,
6,368,0,0.8456093072891235,
6,369,0,0.8139640688896179,
6,370,0,0.6357526183128357,
6,371,0,0.7137097120285034,
6,372,0,0.8206812143325806,
6,373,0,0.853752613067627,
6,374,0,0.43426257371902466,
6,375,0,0.7629587650299072,
6,376,0,0.7677395343780518,
6,377,0,0.3436453938484192,
6,378,0,0.42075592279434204,
6,379,0,0.8487057089805603,
6,380,0,0.35703498125076294,
6,381,0,0.32347536087036133,
6,382,0,0.33141541481018066,
6,383,0,0.8397790193557739,
6,384,0,0.3624268174171448,
6,385,0,0.34023594856262207,
6,386,0,0.24919629096984863,
6,387,0,0.44323647022247314,
6,388,0,0.05889403820037842,
6,389,0,0.7900561094284058,
6,390,0,0.7616720199584961,
6,391,0,0.6957234144210815,
6,392,0,0.6879352927207947,
6,393,0,0.31907737255096436,
6,394,0,0.48828959465026855,
6,395,0,0.8127923607826233,
6,396,0,0.16199177503585815,
6,397,0,0.19116532802581787,
6,398,0,0.8012437224388123,
6,399,0,0.3089520335197449,
6,400,0,0.7214782238006592,
6,401,0,0.7799625396728516,
6,402,0,0.8321573138237,
6,403,0,0.8050174713134766,
6,404,0,0.3315468430519104,
6,405,0,0.0744214653968811,
6,406,0,0.7743503451347351,
6,407,0,0.8433798551559448,
6,408,0,0.8070962429046631,
6,409,0,0.7121692299842834,
6,410,0,0.8393540382385254,
6,411,0,0.3148685097694397,
6,412,0,0.8103299140930176,
6,413,0,0.07001054286956787,
6,414,0,0.7830298542976379,
6,415,0,0.657548189163208,
6,416,0,0.8454551696777344,
6,417,0,0.06915903091430664,
6,418,0,0.5042059421539307,
6,419,0,0.4800992012023926,
6,420,0,0.26673412322998047,
6,421,0,0.2629971504211426,
6,422,0,0.8327214121818542,
6,423,0,0.8390613794326782,
6,424,0,0.8462642431259155,
6,425,0,0.8147366642951965,
6,426,0,0.8170263767242432,
6,427,0,0.8089057803153992,
6,428,0,0.4655908942222595,
6,429,0,0.8166713118553162,
6,430,0,0.2664952278137207,
6,431,0,0.7945308685302734,
6,432,0,0.7612345814704895,
6,433,0,0.8262205123901367,
6,434,0,0.8310296535491943,
6,435,0,0.8155186176300049,
6,436,0,0.6155580282211304,
6,437,0,0.05667048692703247,
6,438,0,0.717383861541748,
6,439,0,0.22608166933059692,
6,440,0,0.8430300951004028,
6,441,0,0.7872285842895508,
6,442,0,0.8245196342468262,
6,443,0,0.8181567192077637,
6,444,0,0.7601761817932129,
6,445,0,0.8252208232879639,
6,446,0,0.7616750001907349,
6,447,0,0.3176632523536682,
6,448,0,0.061129093170166016,
6,449,0,0.8024033904075623,
6,450,0,0.7879507541656494,
6,451,0,0.2636624574661255,
6,452,0,0.8219940066337585,
6,453,0,0.2981908917427063,
6,454,0,0.4250989556312561,
6,455,0,0.5829765796661377,
6,456,0,0.7286365032196045,
6,457,0,0.6739580631256104,
6,458,0,0.5208315849304199,
6,459,0,0.8491753339767456,
6,460,0,0.8220768570899963,
6,461,0,0.46935713291168213,
6,462,0,0.8083204030990601,
6,463,0,0.15504348278045654,
6,464,0,0.6266909837722778,
6,465,0,0.7454934120178223,
6,466,0,0.04887950420379639,
6,467,0,0.8142285346984863,
6,468,0,0.6516629457473755,
6,469,0,0.797046422958374,
6,470,0,0.3502303957939148,
6,471,0,0.0560760498046875,
6,472,0,0.8427593111991882,
6,473,0,0.8386704325675964,
6,474,0,0.05871635675430298,
6,475,0,0.8291119337081909,
6,476,0,0.4653337001800537,
6,477,0,0.8419932723045349,
6,478,0,0.524390697479248,
6,479,0,0.4866942763328552,
6,480,0,0.6794869899749756,
6,481,0,0.17651736736297607,
6,482,0,0.8351542949676514,
6,483,0,0.8352433443069458,
6,484,0,0.8371927738189697,
6,485,0,0.45718812942504883,
6,486,0,0.7219135761260986,
6,487,0,0.35161924362182617,
6,488,0,0.7265636920928955,
6,489,0,0.834437370300293,
6,490,0,0.765944242477417,
6,491,0,0.8261675834655762,
6,492,0,0.6638433933258057,
6,493,0,0.7496088743209839,
6,494,0,0.0603255033493042,
6,495,0,0.3672592043876648,
6,496,0,0.2914729714393616,
6,497,0,0.778043270111084,
6,498,0,0.45579004287719727,
6,499,0,0.8451299667358398,
6,500,0,0.8094466924667358,
6,501,0,0.7705318331718445,
6,502,0,0.8353886604309082,
6,503,0,0.21235036849975586,
6,504,0,0.7586478590965271,
6,505,0,0.4765879511833191,
6,506,0,0.7680310010910034,
6,507,0,0.2826117277145386,
6,508,0,0.8465324640274048,
6,509,0,0.8402374982833862,
6,510,0,0.8581145405769348,
6,511,0,0.7770955562591553,
6,512,0,0.2540317177772522,
6,513,0,0.7269436120986938,
6,514,0,0.812566876411438,
6,515,0,0.8050104975700378,
6,516,0,0.7430025339126587,
6,517,0,0.41272932291030884,
6,518,0,0.24754983186721802,
6,519,0,0.299293577671051,
6,520,0,0.8482854962348938,
6,521,0,0.8399288654327393,
6,522,0,0.37310343980789185,
6,523,0,0.8639768362045288,
6,524,0,0.749271810054779,
6,525,0,0.05427825450897217,
6,526,0,0.33222508430480957,
6,527,0,0.8402637839317322,
6,528,0,0.05699700117111206,
6,529,0,0.8366732597351074,
6,530,0,0.8046689033508301,
6,531,0,0.8455594778060913,
6,532,0,0.7996932864189148,
6,533,0,0.8301107287406921,
6,534,0,0.38164734840393066,
6,535,0,0.8439880609512329,
6,536,0,0.7967379689216614,
6,537,0,0.28312480449676514,
6,538,0,0.8277668952941895,
6,539,0,0.819922685623169,
6,540,0,0.7841150164604187,
6,541,0,0.43375998735427856,
6,542,0,0.3406570553779602,
6,543,0,0.8469393253326416,
6,544,0,0.06256675720214844,
6,545,0,0.40113765001296997,
6,546,0,0.4622225761413574,
6,547,0,0.06305080652236938,
6,548,0,0.7805682420730591,
6,549,0,0.3236948251724243,
6,550,0,0.8359594345092773,
6,551,0,0.8461264371871948,
6,552,0,0.7270029187202454,
6,553,0,0.44690948724746704,
6,554,0,0.6667652130126953,
6,555,0,0.27212315797805786,
6,556,0,0.7747267484664917,
6,557,0,0.833669900894165,
6,558,0,0.40037602186203003,
6,559,0,0.660799503326416,
6,560,0,0.7875398397445679,
6,561,0,0.8323695659637451,
6,562,0,0.17365247011184692,
6,563,0,0.8502269983291626,
6,564,0,0.4840880036354065,
6,565,0,0.36404895782470703,
6,566,0,0.37915468215942383,
6,567,0,0.8348740339279175,
6,568,0,0.21971458196640015,
6,569,0,0.8218952417373657,
6,570,0,0.6506659984588623,
6,571,0,0.6171584725379944,
6,572,0,0.32701998949050903,
6,573,0,0.8668727874755859,
6,574,0,0.3337777256965637,
6,575,0,0.29941320419311523,
6,576,0,0.7988811731338501,
6,577,0,0.30286598205566406,
6,578,0,0.3196653723716736,
6,579,0,0.7953011989593506,
6,580,0,0.29381823539733887,
6,581,0,0.4115666151046753,
6,582,0,0.8503319025039673,
6,583,0,0.7761696577072144,
6,584,0,0.44817352294921875,
6,585,0,0.8151240348815918,
6,586,0,0.8322452902793884,
6,587,0,0.6039829850196838,
6,588,0,0.23633795976638794,
6,589,0,0.732785701751709,
6,590,0,0.8268643617630005,
6,591,0,0.270063579082489,
6,592,0,0.8145134449005127,
6,593,0,0.8344992399215698,
6,594,0,0.8207476139068604,
6,595,0,0.7445945739746094,
6,596,0,0.4391719698905945,
6,597,0,0.1708713173866272,
6,598,0,0.3364906907081604,
6,599,0,0.34699565172195435,
6,600,0,0.764503538608551,
6,601,0,0.4333289861679077,
6,602,0,0.1918187141418457,
6,603,0,0.3114009499549866,
6,604,0,0.7448890209197998,
6,605,0,0.7979544401168823,
6,606,0,0.3104757070541382,
6,607,0,0.752658486366272,
6,608,0,0.7063013315200806,
6,609,0,0.8441385626792908,
6,610,0,0.841059684753418,
6,611,0,0.8622763156890869,
6,612,0,0.6806962490081787,
6,613,0,0.7692248821258545,
6,614,0,0.8372762203216553,
6,615,0,0.39719969034194946,
6,616,0,0.8666334748268127,
6,617,0,0.3126146197319031,
6,618,0,0.17431724071502686,
6,619,0,0.42964380979537964,
6,620,0,0.8395718336105347,
6,621,0,0.43017882108688354,
6,622,0,0.789323091506958,
6,623,0,0.43261927366256714,
6,624,0,0.3495095372200012,
6,625,0,0.851600170135498,
6,626,0,0.8233221769332886,
6,627,0,0.821973443031311,
6,628,0,0.8498144745826721,
6,629,0,0.4848540425300598,
6,630,0,0.06583595275878906,
6,631,0,0.18245607614517212,
6,632,0,0.8162051439285278,
6,633,0,0.7344585061073303,
6,634,0,0.8475384712219238,
6,635,0,0.4838586449623108,
6,636,0,0.8113901615142822,
6,637,0,0.7156890630722046,
6,638,0,0.8423061966896057,
6,639,0,0.7576770782470703,
6,640,0,0.16006600856781006,
6,641,0,0.77215176820755,
6,642,0,0.7810555100440979,
6,643,0,0.43333715200424194,
6,644,0,0.4189685583114624,
6,645,0,0.8249160051345825,
6,646,0,0.8336512446403503,
6,647,0,0.7817665934562683,
6,648,0,0.8184397220611572,
6,649,0,0.050267040729522705,
6,650,0,0.768710196018219,
6,651,0,0.444266140460968,
6,652,0,0.7063385248184204,
6,653,0,0.5956491231918335,
6,654,0,0.7646057605743408,
6,655,0,0.2612228989601135,
6,656,0,0.2548139691352844,
6,657,0,0.39218443632125854,
6,658,0,0.7444396018981934,
6,659,0,0.054409682750701904,
6,660,0,0.8492829203605652,
6,661,0,0.751075267791748,
6,662,0,0.8251171708106995,
6,663,0,0.7339749336242676,
6,664,0,0.8423035740852356,
6,665,0,0.4335571527481079,
6,666,0,0.05740171670913696,
6,667,0,0.8150899410247803,
6,668,0,0.30462348461151123,
6,669,0,0.4717235565185547,
6,670,0,0.3902135491371155,
6,671,0,0.7655630111694336,
6,672,0,0.1810207962989807,
6,673,0,0.28999853134155273,
6,674,0,0.4152408242225647,
6,675,0,0.7641350030899048,
6,676,0,0.17149007320404053,
6,677,0,0.6183547973632812,
6,678,0,0.8599053025245667,
6,679,0,0.8092128038406372,
6,680,0,0.06325036287307739,
6,681,0,0.8477075099945068,
6,682,0,0.33746469020843506,
6,683,0,0.3538673520088196,
6,684,0,0.840462863445282,
6,685,0,0.8178511261940002,
6,686,0,0.8108602166175842,
6,687,0,0.6339322328567505,
6,688,0,0.29546141624450684,
6,689,0,0.7649169564247131,
6,690,0,0.846084475517273,
6,691,0,0.16590601205825806,
6,692,0,0.3724934458732605,
6,693,0,0.7110291719436646,
6,694,0,0.7679183483123779,
6,695,0,0.7688688039779663,
6,696,0,0.19612205028533936,
6,697,0,0.757168710231781,
6,698,0,0.8437480330467224,
6,699,0,0.457089900970459,
6,700,0,0.2733650207519531,
6,701,0,0.8411004543304443,
6,702,0,0.7880023717880249,
6,703,0,0.8278219699859619,
6,704,0,0.16297054290771484,
6,705,0,0.05752694606781006,
6,706,0,0.8456374406814575,
6,707,0,0.8163055181503296,
6,708,0,0.8383905291557312,
6,709,0,0.7556915283203125,
6,710,0,0.4171416163444519,
6,711,0,0.36429768800735474,
6,712,0,0.30776602029800415,
6,713,0,0.42963284254074097,
6,714,0,0.8441677093505859,
6,715,0,0.45617473125457764,
6,716,0,0.7679606676101685,
6,717,0,0.6781657934188843,
6,718,0,0.8254072666168213,
6,719,0,0.8274101614952087,
6,720,0,0.7977110743522644,
6,721,0,0.7875226140022278,
6,722,0,0.8038132190704346,
6,723,0,0.19198399782180786,
6,724,0,0.7440906763076782,
6,725,0,0.20479220151901245,
6,726,0,0.8283456563949585,
6,727,0,0.8105964064598083,
6,728,0,0.19991493225097656,
6,729,0,0.45536136627197266,
6,730,0,0.3856502175331116,
6,731,0,0.8284428715705872,
6,732,0,0.8237167596817017,
6,733,0,0.40352046489715576,
6,734,0,0.8216280341148376,
6,735,0,0.3344419598579407,
6,736,0,0.756883978843689,
6,737,0,0.8340356349945068,
6,738,0,0.8254476189613342,
6,739,0,0.6357662081718445,
6,740,0,0.3178359270095825,
6,741,0,0.7024796009063721,
6,742,0,0.83119797706604,
6,743,0,0.8490462303161621,
6,744,0,0.8084070086479187,
6,745,0,0.29952698945999146,
6,746,0,0.7433357238769531,
6,747,0,0.8542182445526123,
6,748,0,0.7303265333175659,
6,749,0,0.828977108001709,
6,750,0,0.7975180149078369,
6,751,0,0.8296362161636353,
6,752,0,0.765196681022644,
6,753,0,0.4802406430244446,
6,754,0,0.7455415725708008,
6,755,0,0.8425562381744385,
6,756,0,0.8279100656509399,
6,757,0,0.8393450379371643,
6,758,0,0.7113227248191833,
6,759,0,0.054946303367614746,
6,760,0,0.45336002111434937,
6,761,0,0.7466390132904053,
6,762,0,0.7784290909767151,
6,763,0,0.34885483980178833,
6,764,0,0.32380181550979614,
6,765,0,0.8036018013954163,
6,766,0,0.17767363786697388,
6,767,0,0.7518609762191772,
6,768,0,0.829785943031311,
6,769,0,0.20611387491226196,
6,770,0,0.8071739673614502,
6,771,0,0.7499790191650391,
6,772,0,0.8104637265205383,
6,773,0,0.21233755350112915,
6,774,0,0.8418426513671875,
6,775,0,0.8051782846450806,
6,776,0,0.2735195755958557,
6,777,0,0.8564307689666748,
6,778,0,0.4423806071281433,
6,779,0,0.8410964608192444,
6,780,0,0.7669071555137634,
6,781,0,0.8324370384216309,
6,782,0,0.42093437910079956,
6,783,0,0.811909019947052,
6,784,0,0.4076502323150635,
6,785,0,0.04869651794433594,
6,786,0,0.4877546429634094,
6,787,0,0.2655976414680481,
6,788,0,0.8463258743286133,
6,789,0,0.324465811252594,
6,790,0,0.7817670106887817,
6,791,0,0.48251116275787354,
6,792,0,0.36081284284591675,
6,793,0,0.8017396330833435,
6,794,0,0.8361798524856567,
6,795,0,0.292353093624115,
6,796,0,0.8312735557556152,
6,797,0,0.06292468309402466,
6,798,0,0.4715571999549866,
6,799,0,0.8284115791320801,
6,val,,,0.5873351418972015
7,0,0,0.40883874893188477,
7,1,0,0.8189022541046143,
7,2,0,0.6692376732826233,
7,3,0,0.8458216190338135,
7,4,0,0.4177839756011963,
7,5,0,0.7689544558525085,
7,6,0,0.17303597927093506,
7,7,0,0.4797561764717102,
7,8,0,0.25799959897994995,
7,9,0,0.8185085654258728,
7,10,0,0.06855016946792603,
7,11,0,0.8478236198425293,
7,12,0,0.8326210379600525,
7,13,0,0.8255115747451782,
7,14,0,0.7509993314743042,
7,15,0,0.8199776411056519,
7,16,0,0.5220798850059509,
7,17,0,0.4036718010902405,
7,18,0,0.8087588548660278,
7,19,0,0.8332659602165222,
7,20,0,0.7440047264099121,
7,21,0,0.4864261746406555,
7,22,0,0.28620046377182007,
7,23,0,0.6895629167556763,
7,24,0,0.8241686820983887,
7,25,0,0.7300729751586914,
7,26,0,0.8399883508682251,
7,27,0,0.391357958316803,
7,28,0,0.28871363401412964,
7,29,0,0.4649696946144104,
7,30,0,0.8321149349212646,
7,31,0,0.8228747248649597,
7,32,0,0.4552615284919739,
7,33,0,0.7498341798782349,
7,34,0,0.8116320967674255,
7,35,0,0.2795787453651428,
7,36,0,0.4315260052680969,
7,37,0,0.8262986540794373,
7,38,0,0.1986713409423828,
7,39,0,0.8440038561820984,
7,40,0,0.16643506288528442,
7,41,0,0.6487089991569519,
7,42,0,0.4677545428276062,
7,43,0,0.04793250560760498,
7,44,0,0.7482062578201294,
7,45,0,0.47126567363739014,
7,46,0,0.05187040567398071,
7,47,0,0.053062260150909424,
7,48,0,0.8370517492294312,
7,49,0,0.3201121687889099,
7,50,0,0.839500367641449,
7,51,0,0.4003995656967163,
7,52,0,0.4380640983581543,
7,53,0,0.054395854473114014,
7,54,0,0.851798415184021,
7,55,0,0.4539670944213867,
7,56,0,0.7948850393295288,
7,57,0,0.5017573833465576,
7,58,0,0.8631089329719543,
7,59,0,0.3649447560310364,
7,60,0,0.4277566075325012,
7,61,0,0.618611752986908,
7,62,0,0.8299525380134583,
7,63,0,0.2756696939468384,
7,64,0,0.26661062240600586,
7,65,0,0.7703765034675598,
7,66,0,0.7347372770309448,
7,67,0,0.4504168629646301,
7,68,0,0.8379878997802734,
7,69,0,0.4743846654891968,
7,70,0,0.5147725343704224,
7,71,0,0.6262615919113159,
7,72,0,0.6727792620658875,
7,73,0,0.8136521577835083,
7,74,0,0.8208150267601013,
7,75,0,0.654812216758728,
7,76,0,0.8121380805969238,
7,77,0,0.735818088054657,
7,78,0,0.16956710815429688,
7,79,0,0.8241819143295288,
7,80,0,0.4831143021583557,
7,81,0,0.8131285905838013,
7,82,0,0.05440026521682739,
7,83,0,0.841804027557373,
7,84,0,0.836597204208374,
7,85,0,0.5113667249679565,
7,86,0,0.8471945524215698,
7,87,0,0.5837633609771729,
7,88,0,0.8157902956008911,
7,89,0,0.4902201294898987,
7,90,0,0.7411201000213623,
7,91,0,0.8310578465461731,
7,92,0,0.849902331829071,
7,93,0,0.8193414807319641,
7,94,0,0.49244314432144165,
7,95,0,0.8533803224563599,
7,96,0,0.28186970949172974,
7,97,0,0.8443509936332703,
7,98,0,0.6267954111099243,
7,99,0,0.8507084846496582,
7,100,0,0.756520688533783,
7,101,0,0.6736398339271545,
7,102,0,0.833304762840271,
7,103,0,0.7868820428848267,
7,104,0,0.8395655155181885,
7,105,0,0.3473542332649231,
7,106,0,0.8443785309791565,
7,107,0,0.8240485191345215,
7,108,0,0.6415563821792603,
7,109,0,0.821119487285614,
7,110,0,0.8663897514343262,
7,111,0,0.8178520798683167,
7,112,0,0.8417726159095764,
7,113,0,0.4364568591117859,
7,114,0,0.2635388970375061,
7,115,0,0.8487958312034607,
7,116,0,0.8212711811065674,
7,117,0,0.37493228912353516,
7,118,0,0.8147189617156982,
7,119,0,0.3382377624511719,
7,120,0,0.8265810012817383,
7,121,0,0.8453273177146912,
7,122,0,0.7277160882949829,
7,123,0,0.06892919540405273,
7,124,0,0.4221895933151245,
7,125,0,0.7679734230041504,
7,126,0,0.8591368198394775,
7,127,0,0.8280872106552124,
7,128,0,0.8306980729103088,
7,129,0,0.8428999185562134,
7,130,0,0.7267868518829346,
7,131,0,0.8479676246643066,
7,132,0,0.7881902456283569,
7,133,0,0.2519405484199524,
7,134,0,0.4371030926704407,
7,135,0,0.4886711835861206,
7,136,0,0.058935344219207764,
7,137,0,0.13613754510879517,
7,138,0,0.2648831009864807,
7,139,0,0.48432308435440063,
7,140,0,0.8465127348899841,
7,141,0,0.7816073298454285,
7,142,0,0.8467018008232117,
7,143,0,0.7858690023422241,
7,144,0,0.8160024881362915,
7,145,0,0.22880250215530396,
7,146,0,0.6973528861999512,
7,147,0,0.24324870109558105,
7,148,0,0.7856563329696655,
7,149,0,0.7890625,
7,150,0,0.8070871829986572,
7,151,0,0.831192672252655,
7,152,0,0.7325126528739929,
7,153,0,0.8224297761917114,
7,154,0,0.8290289044380188,
7,155,0,0.7160754203796387,
7,156,0,0.05311208963394165,
7,157,0,0.6328606605529785,
7,158,0,0.7762133479118347,
7,159,0,0.8066752552986145,
7,160,0,0.3619702458381653,
7,161,0,0.07145339250564575,
7,162,0,0.837821900844574,
7,163,0,0.28521597385406494,
7,164,0,0.3981063961982727,
7,165,0,0.7253146171569824,
7,166,0,0.2567000985145569,
7,167,0,0.847068190574646,
7,168,0,0.8447074294090271,
7,169,0,0.15241342782974243,
7,170,0,0.7879220247268677,
7,171,0,0.7419095039367676,
7,172,0,0.7380222678184509,
7,173,0,0.6433713436126709,
7,174,0,0.7550739049911499,
7,175,0,0.41916507482528687,
7,176,0,0.7645790576934814,
7,177,0,0.3157672882080078,
7,178,0,0.8372558355331421,
7,179,0,0.34675848484039307,
7,180,0,0.8025743961334229,
7,181,0,0.804876446723938,
7,182,0,0.33261317014694214,
7,183,0,0.17832106351852417,
7,184,0,0.7897005081176758,
7,185,0,0.7473835945129395,
7,186,0,0.30586957931518555,
7,187,0,0.7484006881713867,
7,188,0,0.7368133068084717,
7,189,0,0.2721719741821289,
7,190,0,0.06978833675384521,
7,191,0,0.45909053087234497,
7,192,0,0.786181628704071,
7,193,0,0.7424008846282959,
7,194,0,0.7391130328178406,
7,195,0,0.8618091940879822,
7,196,0,0.7516310811042786,
7,197,0,0.1969396471977234,
7,198,0,0.8076518774032593,
7,199,0,0.25917941331863403,
7,200,0,0.7556158304214478,
7,201,0,0.05285245180130005,
7,202,0,0.2939338684082031,
7,203,0,0.8388355374336243,
7,204,0,0.34017664194107056,
7,205,0,0.2621176838874817,
7,206,0,0.3508754372596741,
7,207,0,0.15584123134613037,
7,208,0,0.4839155077934265,
7,209,0,0.7856460809707642,
7,210,0,0.31254249811172485,
7,211,0,0.8254525661468506,
7,212,0,0.49721813201904297,
7,213,0,0.8089449405670166,
7,214,0,0.8380021452903748,
7,215,0,0.8620202541351318,
7,216,0,0.4568811058998108,
7,217,0,0.8310524225234985,
7,218,0,0.8618184924125671,
7,219,0,0.7301383018493652,
7,220,0,0.2603767514228821,
7,221,0,0.7435357570648193,
7,222,0,0.32322436571121216,
7,223,0,0.4887163043022156,
7,224,0,0.8249797224998474,
7,225,0,0.302055299282074,
7,226,0,0.8188470005989075,
7,227,0,0.17383289337158203,
7,228,0,0.7115492820739746,
7,229,0,0.4245281219482422,
7,230,0,0.46406179666519165,
7,231,0,0.8209112286567688,
7,232,0,0.8564410209655762,
7,233,0,0.8418394327163696,
7,234,0,0.8257939219474792,
7,235,0,0.04721611738204956,
7,236,0,0.44484978914260864,
7,237,0,0.8346161246299744,
7,238,0,0.47103196382522583,
7,239,0,0.4214676022529602,
7,240,0,0.818411648273468,
7,241,0,0.8314952254295349,
7,242,0,0.8246285319328308,
7,243,0,0.4410703778266907,
7,244,0,0.31317687034606934,
7,245,0,0.05187034606933594,
7,246,0,0.43693989515304565,
7,247,0,0.8364382982254028,
7,248,0,0.4623461961746216,
7,249,0,0.8138185739517212,
7,250,0,0.12828826904296875,
7,251,0,0.8467316031455994,
7,252,0,0.7747288942337036,
7,253,0,0.7674545049667358,
7,254,0,0.04435044527053833,
7,255,0,0.7526124715805054,
7,256,0,0.5776568651199341,
7,257,0,0.8463327288627625,
7,258,0,0.837957501411438,
7,259,0,0.8476270437240601,
7,260,0,0.5208511352539062,
7,261,0,0.7475226521492004,
7,262,0,0.8563017845153809,
7,263,0,0.7302837371826172,
7,264,0,0.2935658097267151,
7,265,0,0.8659167289733887,
7,266,0,0.8200244903564453,
7,267,0,0.8404932022094727,
7,268,0,0.3356476426124573,
7,269,0,0.46983397006988525,
7,270,0,0.6101698875427246,
7,271,0,0.8154240846633911,
7,272,0,0.3842206597328186,
7,273,0,0.8441615700721741,
7,274,0,0.811269998550415,
7,275,0,0.16532021760940552,
7,276,0,0.8151787519454956,
7,277,0,0.06572532653808594,
7,278,0,0.554325520992279,
7,279,0,0.7431414127349854,
7,280,0,0.7900996208190918,
7,281,0,0.7932045459747314,
7,282,0,0.7523650527000427,
7,283,0,0.7572765350341797,
7,284,0,0.8508601784706116,
7,285,0,0.8540881872177124,
7,286,0,0.6581519842147827,
7,287,0,0.7289664149284363,
7,288,0,0.8331499099731445,
7,289,0,0.529076337814331,
7,290,0,0.8269398212432861,
7,291,0,0.049729883670806885,
7,292,0,0.3914923667907715,
7,293,0,0.8444201946258545,
7,294,0,0.8385071158409119,
7,295,0,0.8653795719146729,
7,296,0,0.4846982955932617,
7,297,0,0.05308800935745239,
7,298,0,0.8535066246986389,
7,299,0,0.8116883039474487,
7,300,0,0.43556565046310425,
7,301,0,0.42321711778640747,
7,302,0,0.8399746417999268,
7,303,0,0.6081463098526001,
7,304,0,0.842619776725769,
7,305,0,0.4755353331565857,
7,306,0,0.24292850494384766,
7,307,0,0.8339649438858032,
7,308,0,0.8409419655799866,
7,309,0,0.2047865390777588,
7,310,0,0.8221886157989502,
7,311,0,0.39281636476516724,
7,312,0,0.826521635055542,
7,313,0,0.8170874714851379,
7,314,0,0.41653871536254883,
7,315,0,0.8130699396133423,
7,316,0,0.8373700976371765,
7,317,0,0.6976799964904785,
7,318,0,0.33897656202316284,
7,319,0,0.32609879970550537,
7,320,0,0.7470960021018982,
7,321,0,0.8569377660751343,
7,322,0,0.8486903309822083,
7,323,0,0.30397123098373413,
7,324,0,0.8479178547859192,
7,325,0,0.8025805950164795,
7,326,0,0.8097293376922607,
7,327,0,0.7351021766662598,
7,328,0,0.7189102172851562,
7,329,0,0.7790895104408264,
7,330,0,0.3825744390487671,
7,331,0,0.3503427505493164,
7,332,0,0.8514164686203003,
7,333,0,0.255298912525177,
7,334,0,0.8251568078994751,
7,335,0,0.38007527589797974,
7,336,0,0.8293638229370117,
7,337,0,0.4507918953895569,
7,338,0,0.6467963457107544,
7,339,0,0.7923747301101685,
7,340,0,0.8453677892684937,
7,341,0,0.0613439679145813,
7,342,0,0.757715106010437,
7,343,0,0.6291779279708862,
7,344,0,0.8287591338157654,
7,345,0,0.828630805015564,
7,346,0,0.2470751404762268,
7,347,0,0.18543052673339844,
7,348,0,0.7544386982917786,
7,349,0,0.8665869235992432,
7,350,0,0.7952022552490234,
7,351,0,0.7733840346336365,
7,352,0,0.8261387348175049,
7,353,0,0.8228220343589783,
7,354,0,0.6485930681228638,
7,355,0,0.16534793376922607,
7,356,0,0.8373181223869324,
7,357,0,0.7539864778518677,
7,358,0,0.20765739679336548,
7,359,0,0.781741738319397,
7,360,0,0.859454870223999,
7,361,0,0.8476772308349609,
7,362,0,0.25667089223861694,
7,363,0,0.3124709725379944,
7,364,0,0.7533804178237915,
7,365,0,0.8761693835258484,
7,366,0,0.8348797559738159,
7,367,0,0.8373119831085205,
7,368,0,0.8299071788787842,
7,369,0,0.8140468597412109,
7,370,0,0.6319206953048706,
7,371,0,0.7049475908279419,
7,372,0,0.8224606513977051,
7,373,0,0.845529317855835,
7,374,0,0.4242263436317444,
7,375,0,0.7520610094070435,
7,376,0,0.7627430558204651,
7,377,0,0.346413791179657,
7,378,0,0.42293602228164673,
7,379,0,0.8584248423576355,
7,380,0,0.3546615242958069,
7,381,0,0.3240368962287903,
7,382,0,0.3301258087158203,
7,383,0,0.8392017483711243,
7,384,0,0.36346435546875,
7,385,0,0.34104734659194946,
7,386,0,0.24778670072555542,
7,387,0,0.44310635328292847,
7,388,0,0.05924421548843384,
7,389,0,0.7853658199310303,
7,390,0,0.7649956345558167,
7,391,0,0.6977925300598145,
7,392,0,0.6870626211166382,
7,393,0,0.31716686487197876,
7,394,0,0.48809128999710083,
7,395,0,0.811530351638794,
7,396,0,0.16494274139404297,
7,397,0,0.18795716762542725,
7,398,0,0.800849974155426,
7,399,0,0.30985724925994873,
7,400,0,0.7224969863891602,
7,401,0,0.7802425026893616,
7,402,0,0.8323240280151367,
7,403,0,0.8102902770042419,
7,404,0,0.32897239923477173,
7,405,0,0.06798702478408813,
7,406,0,0.7739571928977966,
7,407,0,0.8435811996459961,
7,408,0,0.8083170652389526,
7,409,0,0.7096001505851746,
7,410,0,0.839507520198822,
7,411,0,0.3146038055419922,
7,412,0,0.8114052414894104,
7,413,0,0.06958752870559692,
7,414,0,0.7822052836418152,
7,415,0,0.6613136529922485,
7,416,0,0.8450591564178467,
7,417,0,0.06633222103118896,
7,418,0,0.503156304359436,
7,419,0,0.4776620864868164,
7,420,0,0.2705917954444885,
7,421,0,0.2628653645515442,
7,422,0,0.8302615284919739,
7,423,0,0.8383467793464661,
7,424,0,0.8451285362243652,
7,425,0,0.815733790397644,
7,426,0,0.8165022134780884,
7,427,0,0.8090341091156006,
7,428,0,0.4628518223762512,
7,429,0,0.8159798383712769,
7,430,0,0.26539045572280884,
7,431,0,0.8006988167762756,
7,432,0,0.7800711393356323,
7,433,0,0.8277983665466309,
7,434,0,0.8326093554496765,
7,435,0,0.8142344355583191,
7,436,0,0.6158930063247681,
7,437,0,0.053618431091308594,
7,438,0,0.7168542146682739,
7,439,0,0.22342336177825928,
7,440,0,0.8446359634399414,
7,441,0,0.7877554893493652,
7,442,0,0.8230419158935547,
7,443,0,0.8180189728736877,
7,444,0,0.7613847255706787,
7,445,0,0.8261973261833191,
7,446,0,0.7662549614906311,
7,447,0,0.3191787004470825,
7,448,0,0.060322344303131104,
7,449,0,0.8017939329147339,
7,450,0,0.7793136835098267,
7,451,0,0.2637976408004761,
7,452,0,0.8332139253616333,
7,453,0,0.2967901825904846,
7,454,0,0.42655593156814575,
7,455,0,0.5955320596694946,
7,456,0,0.7281899452209473,
7,457,0,0.6708046197891235,
7,458,0,0.5212056636810303,
7,459,0,0.8498889803886414,
7,460,0,0.821997880935669,
7,461,0,0.470014750957489,
7,462,0,0.8079984188079834,
7,463,0,0.15576905012130737,
7,464,0,0.6228396892547607,
7,465,0,0.7464971542358398,
7,466,0,0.048312366008758545,
7,467,0,0.8153395056724548,
7,468,0,0.6504244804382324,
7,469,0,0.7946797609329224,
7,470,0,0.34721213579177856,
7,471,0,0.056123554706573486,
7,472,0,0.8420959711074829,
7,473,0,0.8401169180870056,
7,474,0,0.05788618326187134,
7,475,0,0.8304595351219177,
7,476,0,0.4654785990715027,
7,477,0,0.8475675582885742,
7,478,0,0.5243678092956543,
7,479,0,0.48676741123199463,
7,480,0,0.6747795343399048,
7,481,0,0.17527806758880615,
7,482,0,0.8251247406005859,
7,483,0,0.8339167237281799,
7,484,0,0.8377657532691956,
7,485,0,0.44192636013031006,
7,486,0,0.7223349809646606,
7,487,0,0.350857138633728,
7,488,0,0.7462266683578491,
7,489,0,0.835004985332489,
7,490,0,0.766187310218811,
7,491,0,0.8275760412216187,
7,492,0,0.6584385633468628,
7,493,0,0.7524435520172119,
7,494,0,0.060434043407440186,
7,495,0,0.3646291494369507,
7,496,0,0.2910757064819336,
7,497,0,0.778002917766571,
7,498,0,0.45459216833114624,
7,499,0,0.8445231914520264,
7,500,0,0.8216853737831116,
7,501,0,0.7707031965255737,
7,502,0,0.8340501189231873,
7,503,0,0.21088552474975586,
7,504,0,0.7589026093482971,
7,505,0,0.47580671310424805,
7,506,0,0.7688214778900146,
7,507,0,0.27980250120162964,
7,508,0,0.8459078669548035,
7,509,0,0.8416156768798828,
7,510,0,0.8501670360565186,
7,511,0,0.779000461101532,
7,512,0,0.25398558378219604,
7,513,0,0.7262898683547974,
7,514,0,0.8093438148498535,
7,515,0,0.7972697615623474,
7,516,0,0.7435984015464783,
7,517,0,0.4145314693450928,
7,518,0,0.2459932565689087,
7,519,0,0.2986549735069275,
7,520,0,0.841460108757019,
7,521,0,0.86029452085495,
7,522,0,0.3684462904930115,
7,523,0,0.862095832824707,
7,524,0,0.7475602626800537,
7,525,0,0.05398291349411011,
7,526,0,0.3298566937446594,
7,527,0,0.8407564759254456,
7,528,0,0.0554652214050293,
7,529,0,0.831955075263977,
7,530,0,0.7969266176223755,
7,531,0,0.8444854021072388,
7,532,0,0.8008400797843933,
7,533,0,0.8295100927352905,
7,534,0,0.3811010718345642,
7,535,0,0.8442015647888184,
7,536,0,0.7968999147415161,
7,537,0,0.2820284962654114,
7,538,0,0.8272972106933594,
7,539,0,0.8071698546409607,
7,540,0,0.7889440059661865,
7,541,0,0.4330495595932007,
7,542,0,0.33755624294281006,
7,543,0,0.84810870885849,
7,544,0,0.06424683332443237,
7,545,0,0.40947580337524414,
7,546,0,0.46770817041397095,
7,547,0,0.06260967254638672,
7,548,0,0.7810312509536743,
7,549,0,0.3261229991912842,
7,550,0,0.8362267017364502,
7,551,0,0.8450435996055603,
7,552,0,0.726642370223999,
7,553,0,0.44674617052078247,
7,554,0,0.6676255464553833,
7,555,0,0.27107590436935425,
7,556,0,0.7727192044258118,
7,557,0,0.8422260880470276,
7,558,0,0.39647358655929565,
7,559,0,0.6607671976089478,
7,560,0,0.7870355844497681,
7,561,0,0.8412197828292847,
7,562,0,0.1739254593849182,
7,563,0,0.8646798133850098,
7,564,0,0.4837356209754944,
7,565,0,0.35981374979019165,
7,566,0,0.3751028776168823,
7,567,0,0.8397995829582214,
7,568,0,0.2189599871635437,
7,569,0,0.8305591940879822,
7,570,0,0.6471375226974487,
7,571,0,0.6159901022911072,
7,572,0,0.33923816680908203,
7,573,0,0.8614088892936707,
7,574,0,0.3365858197212219,
7,575,0,0.2976735234260559,
7,576,0,0.8007610440254211,
7,577,0,0.3011929988861084,
7,578,0,0.31750601530075073,
7,579,0,0.7881196737289429,
7,580,0,0.2982324957847595,
7,581,0,0.4106088876724243,
7,582,0,0.8642059564590454,
7,583,0,0.7705533504486084,
7,584,0,0.4471655488014221,
7,585,0,0.8174391388893127,
7,586,0,0.8321895003318787,
7,587,0,0.6026097536087036,
7,588,0,0.23717540502548218,
7,589,0,0.7231985926628113,
7,590,0,0.8273787498474121,
7,591,0,0.26930803060531616,
7,592,0,0.813011884689331,
7,593,0,0.8332968950271606,
7,594,0,0.8201104998588562,
7,595,0,0.7448583841323853,
7,596,0,0.43978720903396606,
7,597,0,0.1702917218208313,
7,598,0,0.33532172441482544,
7,599,0,0.3488612771034241,
7,600,0,0.7544658780097961,
7,601,0,0.4315951466560364,
7,602,0,0.19179803133010864,
7,603,0,0.3128872513771057,
7,604,0,0.7478269934654236,
7,605,0,0.7894188165664673,
7,606,0,0.3088723421096802,
7,607,0,0.7563791275024414,
7,608,0,0.7068119049072266,
7,609,0,0.8358584642410278,
7,610,0,0.8403757214546204,
7,611,0,0.8529534339904785,
7,612,0,0.6794500946998596,
7,613,0,0.7635277509689331,
7,614,0,0.834648072719574,
7,615,0,0.39488643407821655,
7,616,0,0.8544007539749146,
7,617,0,0.31039828062057495,
7,618,0,0.17349392175674438,
7,619,0,0.42743855714797974,
7,620,0,0.8384020328521729,
7,621,0,0.4285609722137451,
7,622,0,0.7836242914199829,
7,623,0,0.4363335371017456,
7,624,0,0.3449171781539917,
7,625,0,0.8527271151542664,
7,626,0,0.8246229887008667,
7,627,0,0.8195368051528931,
7,628,0,0.8506642580032349,
7,629,0,0.48488980531692505,
7,630,0,0.06514167785644531,
7,631,0,0.18367993831634521,
7,632,0,0.8142432570457458,
7,633,0,0.7375237941741943,
7,634,0,0.8402244448661804,
7,635,0,0.48574113845825195,
7,636,0,0.8152185678482056,
7,637,0,0.7090647220611572,
7,638,0,0.8485674262046814,
7,639,0,0.7577860355377197,
7,640,0,0.15926438570022583,
7,641,0,0.77211993932724,
7,642,0,0.7806340456008911,
7,643,0,0.43300801515579224,
7,644,0,0.4130944609642029,
7,645,0,0.8283513784408569,
7,646,0,0.8333212733268738,
7,647,0,0.778258204460144,
7,648,0,0.8177862763404846,
7,649,0,0.05043506622314453,
7,650,0,0.7676050066947937,
7,651,0,0.4427672028541565,
7,652,0,0.7086220979690552,
7,653,0,0.5971473455429077,
7,654,0,0.7640564441680908,
7,655,0,0.2605128288269043,
7,656,0,0.2617664933204651,
7,657,0,0.3921365737915039,
7,658,0,0.7477080821990967,
7,659,0,0.05363452434539795,
7,660,0,0.8494861125946045,
7,661,0,0.7693554162979126,
7,662,0,0.8336774110794067,
7,663,0,0.7296630144119263,
7,664,0,0.8426231145858765,
7,665,0,0.4315798878669739,
7,666,0,0.05740994215011597,
7,667,0,0.8134384155273438,
7,668,0,0.30138736963272095,
7,669,0,0.470927357673645,
7,670,0,0.39565736055374146,
7,671,0,0.7613152861595154,
7,672,0,0.17975348234176636,
7,673,0,0.2860097885131836,
7,674,0,0.4157314896583557,
7,675,0,0.7629103064537048,
7,676,0,0.1723148226737976,
7,677,0,0.6231114864349365,
7,678,0,0.8711476922035217,
7,679,0,0.809688925743103,
7,680,0,0.06455570459365845,
7,681,0,0.8560994267463684,
7,682,0,0.34048211574554443,
7,683,0,0.3561099171638489,
7,684,0,0.8403254151344299,
7,685,0,0.8192002773284912,
7,686,0,0.8180286288261414,
7,687,0,0.6314164400100708,
7,688,0,0.29568052291870117,
7,689,0,0.7707076668739319,
7,690,0,0.8417024612426758,
7,691,0,0.16513872146606445,
7,692,0,0.36624574661254883,
7,693,0,0.711272656917572,
7,694,0,0.7683506011962891,
7,695,0,0.7677067518234253,
7,696,0,0.19612061977386475,
7,697,0,0.7552437782287598,
7,698,0,0.8432782888412476,
7,699,0,0.45598864555358887,
7,700,0,0.27287787199020386,
7,701,0,0.8401410579681396,
7,702,0,0.7874310612678528,
7,703,0,0.8298371434211731,
7,704,0,0.1703723669052124,
7,705,0,0.05693453550338745,
7,706,0,0.8458003401756287,
7,707,0,0.8139866590499878,
7,708,0,0.838843822479248,
7,709,0,0.7566217184066772,
7,710,0,0.4170317053794861,
7,711,0,0.36191946268081665,
7,712,0,0.3049694895744324,
7,713,0,0.429643452167511,
7,714,0,0.8426065444946289,
7,715,0,0.45691806077957153,
7,716,0,0.7664885520935059,
7,717,0,0.6632211208343506,
7,718,0,0.8254719376564026,
7,719,0,0.8324840664863586,
7,720,0,0.7981299161911011,
7,721,0,0.7896605730056763,
7,722,0,0.8016741275787354,
7,723,0,0.1781390905380249,
7,724,0,0.7367945909500122,
7,725,0,0.20542550086975098,
7,726,0,0.8261390328407288,
7,727,0,0.8112679719924927,
7,728,0,0.19967013597488403,
7,729,0,0.45523566007614136,
7,730,0,0.38736850023269653,
7,731,0,0.8282089233398438,
7,732,0,0.814787745475769,
7,733,0,0.4042757749557495,
7,734,0,0.820572018623352,
7,735,0,0.3407021164894104,
7,736,0,0.7558969855308533,
7,737,0,0.8254201412200928,
7,738,0,0.8162373900413513,
7,739,0,0.6415146589279175,
7,740,0,0.3159802556037903,
7,741,0,0.7066652774810791,
7,742,0,0.8344060182571411,
7,743,0,0.8499980568885803,
7,744,0,0.8283178806304932,
7,745,0,0.31343942880630493,
7,746,0,0.7443692088127136,
7,747,0,0.8622123003005981,
7,748,0,0.7315704822540283,
7,749,0,0.828853964805603,
7,750,0,0.8217056393623352,
7,751,0,0.8281377553939819,
7,752,0,0.7672455310821533,
7,753,0,0.4780687689781189,
7,754,0,0.7422991394996643,
7,755,0,0.8427760601043701,
7,756,0,0.827797532081604,
7,757,0,0.8403764963150024,
7,758,0,0.7270313501358032,
7,759,0,0.05444943904876709,
7,760,0,0.451410174369812,
7,761,0,0.7472467422485352,
7,762,0,0.7778538465499878,
7,763,0,0.34664058685302734,
7,764,0,0.323616623878479,
7,765,0,0.8051332235336304,
7,766,0,0.1780903935432434,
7,767,0,0.751202404499054,
7,768,0,0.8295413851737976,
7,769,0,0.2044108510017395,
7,770,0,0.799409806728363,
7,771,0,0.7215153574943542,
7,772,0,0.8050573468208313,
7,773,0,0.21232068538665771,
7,774,0,0.8577191233634949,
7,775,0,0.8211891651153564,
7,776,0,0.2716977000236511,
7,777,0,0.8575690984725952,
7,778,0,0.4408976435661316,
7,779,0,0.8403340578079224,
7,780,0,0.7684930562973022,
7,781,0,0.8328299522399902,
7,782,0,0.42418503761291504,
7,783,0,0.8115718364715576,
7,784,0,0.4087342619895935,
7,785,0,0.04808074235916138,
7,786,0,0.48865604400634766,
7,787,0,0.2643275856971741,
7,788,0,0.8504143953323364,
7,789,0,0.3268529176712036,
7,790,0,0.7789010405540466,
7,791,0,0.48410171270370483,
7,792,0,0.36025339365005493,
7,793,0,0.8043066263198853,
7,794,0,0.8358242511749268,
7,795,0,0.2913963198661804,
7,796,0,0.8304848670959473,
7,797,0,0.06239372491836548,
7,798,0,0.47384852170944214,
7,799,0,0.8291336894035339,
7,val,,,0.587318902015686
8,0,0,0.40960222482681274,
8,1,0,0.8182566165924072,
8,2,0,0.6694214344024658,
8,3,0,0.8442721366882324,
8,4,0,0.4175181984901428,
8,5,0,0.7693943381309509,
8,6,0,0.1721842885017395,
8,7,0,0.4780200123786926,
8,8,0,0.25040537118911743,
8,9,0,0.8198409676551819,
8,10,0,0.0672755241394043,
8,11,0,0.858995795249939,
8,12,0,0.8321804404258728,
8,13,0,0.824626088142395,
8,14,0,0.7522068619728088,
8,15,0,0.8211299180984497,
8,16,0,0.5256277322769165,
8,17,0,0.4026954770088196,
8,18,0,0.8089594841003418,
8,19,0,0.8285260200500488,
8,20,0,0.7445206642150879,
8,21,0,0.4863441586494446,
8,22,0,0.2839265465736389,
8,23,0,0.6893488168716431,
8,24,0,0.8235340118408203,
8,25,0,0.7299144864082336,
8,26,0,0.8395645618438721,
8,27,0,0.39014220237731934,
8,28,0,0.2871095538139343,
8,29,0,0.4651774764060974,
8,30,0,0.8334998488426208,
8,31,0,0.811372697353363,
8,32,0,0.454897940158844,
8,33,0,0.7496438026428223,
8,34,0,0.8139994740486145,
8,35,0,0.27850091457366943,
8,36,0,0.4293884038925171,
8,37,0,0.827198326587677,
8,38,0,0.19775772094726562,
8,39,0,0.8447253704071045,
8,40,0,0.1651538610458374,
8,41,0,0.642507791519165,
8,42,0,0.4690384864807129,
8,43,0,0.0477176308631897,
8,44,0,0.7476791143417358,
8,45,0,0.4708685874938965,
8,46,0,0.05233556032180786,
8,47,0,0.052261412143707275,
8,48,0,0.8366644382476807,
8,49,0,0.31851547956466675,
8,50,0,0.8394656777381897,
8,51,0,0.394411563873291,
8,52,0,0.4367675185203552,
8,53,0,0.05324971675872803,
8,54,0,0.8525381684303284,
8,55,0,0.4519572854042053,
8,56,0,0.7946448922157288,
8,57,0,0.5009763240814209,
8,58,0,0.8762569427490234,
8,59,0,0.3649507164955139,
8,60,0,0.42624449729919434,
8,61,0,0.6139336824417114,
8,62,0,0.8274726271629333,
8,63,0,0.2763303518295288,
8,64,0,0.26454228162765503,
8,65,0,0.7678701281547546,
8,66,0,0.7293487787246704,
8,67,0,0.4488424062728882,
8,68,0,0.828009307384491,
8,69,0,0.46995216608047485,
8,70,0,0.5109689235687256,
8,71,0,0.6277374029159546,
8,72,0,0.6699556112289429,
8,73,0,0.8118953704833984,
8,74,0,0.8202608227729797,
8,75,0,0.6590018272399902,
8,76,0,0.8130741715431213,
8,77,0,0.7462351322174072,
8,78,0,0.16799640655517578,
8,79,0,0.8244250416755676,
8,80,0,0.4848281741142273,
8,81,0,0.8121019005775452,
8,82,0,0.05327892303466797,
8,83,0,0.8282731175422668,
8,84,0,0.8359885215759277,
8,85,0,0.5133458375930786,
8,86,0,0.8338674902915955,
8,87,0,0.5832923650741577,
8,88,0,0.8188750147819519,
8,89,0,0.4899135231971741,
8,90,0,0.7452400922775269,
8,91,0,0.8304558992385864,
8,92,0,0.8510546684265137,
8,93,0,0.8207526206970215,
8,94,0,0.4919195771217346,
8,95,0,0.8550739288330078,
8,96,0,0.28155094385147095,
8,97,0,0.8439507484436035,
8,98,0,0.619033932685852,
8,99,0,0.8399893045425415,
8,100,0,0.7547996640205383,
8,101,0,0.6734493970870972,
8,102,0,0.8205064535140991,
8,103,0,0.7880886197090149,
8,104,0,0.8400177359580994,
8,105,0,0.3458155393600464,
8,106,0,0.8450180292129517,
8,107,0,0.8240165114402771,
8,108,0,0.642475962638855,
8,109,0,0.8205589056015015,
8,110,0,0.8643655180931091,
8,111,0,0.8166100382804871,
8,112,0,0.8395640254020691,
8,113,0,0.435535192489624,
8,114,0,0.2622905373573303,
8,115,0,0.8390758037567139,
8,116,0,0.840119481086731,
8,117,0,0.3750632405281067,
8,118,0,0.8155602812767029,
8,119,0,0.33828532695770264,
8,120,0,0.8263219594955444,
8,121,0,0.8444907665252686,
8,122,0,0.7287380695343018,
8,123,0,0.06881695985794067,
8,124,0,0.42019444704055786,
8,125,0,0.762669026851654,
8,126,0,0.8516006469726562,
8,127,0,0.8265908360481262,
8,128,0,0.835991621017456,
8,129,0,0.8418629169464111,
8,130,0,0.728323221206665,
8,131,0,0.8559798002243042,
8,132,0,0.7977460026741028,
8,133,0,0.2514079213142395,
8,134,0,0.4338744878768921,
8,135,0,0.48781144618988037,
8,136,0,0.058788001537323,
8,137,0,0.1358686089515686,
8,138,0,0.263979971408844,
8,139,0,0.4835778474807739,
8,140,0,0.8263068199157715,
8,141,0,0.7796913385391235,
8,142,0,0.8627793788909912,
8,143,0,0.7823830842971802,
8,144,0,0.8168230056762695,
8,145,0,0.22426611185073853,
8,146,0,0.6946108341217041,
8,147,0,0.2437431812286377,
8,148,0,0.7849817872047424,
8,149,0,0.788726270198822,
8,150,0,0.806306004524231,
8,151,0,0.8431558012962341,
8,152,0,0.7321453094482422,
8,153,0,0.8239591121673584,
8,154,0,0.8290891647338867,
8,155,0,0.7153039574623108,
8,156,0,0.05260676145553589,
8,157,0,0.6338458061218262,
8,158,0,0.7761943936347961,
8,159,0,0.8060717582702637,
8,160,0,0.36360734701156616,
8,161,0,0.07264584302902222,
8,162,0,0.8380783796310425,
8,163,0,0.2873995900154114,
8,164,0,0.3952658772468567,
8,165,0,0.7241654396057129,
8,166,0,0.2552186846733093,
8,167,0,0.8518714308738708,
8,168,0,0.8481766581535339,
8,169,0,0.15145260095596313,
8,170,0,0.7790195345878601,
8,171,0,0.7420946359634399,
8,172,0,0.7378672361373901,
8,173,0,0.6438576579093933,
8,174,0,0.7544575929641724,
8,175,0,0.4189310073852539,
8,176,0,0.7663701772689819,
8,177,0,0.3157104253768921,
8,178,0,0.8376460075378418,
8,179,0,0.3487693667411804,
8,180,0,0.793912947177887,
8,181,0,0.8008323311805725,
8,182,0,0.331887423992157,
8,183,0,0.17798978090286255,
8,184,0,0.7923669219017029,
8,185,0,0.7463246583938599,
8,186,0,0.3014379143714905,
8,187,0,0.7437351942062378,
8,188,0,0.7338076829910278,
8,189,0,0.2719479203224182,
8,190,0,0.06896811723709106,
8,191,0,0.46221786737442017,
8,192,0,0.7841616868972778,
8,193,0,0.7419087886810303,
8,194,0,0.7385005950927734,
8,195,0,0.8622404932975769,
8,196,0,0.7506836652755737,
8,197,0,0.19593572616577148,
8,198,0,0.8129130601882935,
8,199,0,0.2560393810272217,
8,200,0,0.757478654384613,
8,201,0,0.05342787504196167,
8,202,0,0.2969704270362854,
8,203,0,0.8385702967643738,
8,204,0,0.3378591537475586,
8,205,0,0.26287829875946045,
8,206,0,0.3520205616950989,
8,207,0,0.1545153260231018,
8,208,0,0.48128634691238403,
8,209,0,0.7904341220855713,
8,210,0,0.3101208806037903,
8,211,0,0.8269193172454834,
8,212,0,0.49384254217147827,
8,213,0,0.8036360740661621,
8,214,0,0.8399845361709595,
8,215,0,0.847439169883728,
8,216,0,0.4571269750595093,
8,217,0,0.8301276564598083,
8,218,0,0.8660339713096619,
8,219,0,0.7306523323059082,
8,220,0,0.26137882471084595,
8,221,0,0.7431526184082031,
8,222,0,0.3233868479728699,
8,223,0,0.48841607570648193,
8,224,0,0.8334664106369019,
8,225,0,0.29715096950531006,
8,226,0,0.8177587985992432,
8,227,0,0.17322683334350586,
8,228,0,0.7146240472793579,
8,229,0,0.42424988746643066,
8,230,0,0.46282386779785156,
8,231,0,0.8383979797363281,
8,232,0,0.8539036512374878,
8,233,0,0.8469305038452148,
8,234,0,0.8257972002029419,
8,235,0,0.04690361022949219,
8,236,0,0.4453583359718323,
8,237,0,0.8346522450447083,
8,238,0,0.4710560441017151,
8,239,0,0.42663705348968506,
8,240,0,0.8178617358207703,
8,241,0,0.8463523983955383,
8,242,0,0.8237884640693665,
8,243,0,0.4436628222465515,
8,244,0,0.31406545639038086,
8,245,0,0.05134856700897217,
8,246,0,0.4347051978111267,
8,247,0,0.8373982310295105,
8,248,0,0.4605851173400879,
8,249,0,0.815581202507019,
8,250,0,0.1282840371131897,
8,251,0,0.8458921909332275,
8,252,0,0.774646520614624,
8,253,0,0.7786552906036377,
8,254,0,0.04275470972061157,
8,255,0,0.7529578804969788,
8,256,0,0.5737205743789673,
8,257,0,0.8469938635826111,
8,258,0,0.8323351740837097,
8,259,0,0.8539186716079712,
8,260,0,0.5200128555297852,
8,261,0,0.7475029230117798,
8,262,0,0.8471394181251526,
8,263,0,0.7308997511863708,
8,264,0,0.29442912340164185,
8,265,0,0.8642561435699463,
8,266,0,0.8270711898803711,
8,267,0,0.8415721654891968,
8,268,0,0.3384113907814026,
8,269,0,0.47044527530670166,
8,270,0,0.6077525615692139,
8,271,0,0.8121263980865479,
8,272,0,0.38512706756591797,
8,273,0,0.8439726829528809,
8,274,0,0.81727135181427,
8,275,0,0.16397839784622192,
8,276,0,0.8140079975128174,
8,277,0,0.06462961435317993,
8,278,0,0.5622897148132324,
8,279,0,0.7416825294494629,
8,280,0,0.778884768486023,
8,281,0,0.7931835055351257,
8,282,0,0.7520842552185059,
8,283,0,0.7578287720680237,
8,284,0,0.8274722695350647,
8,285,0,0.8462007641792297,
8,286,0,0.667323112487793,
8,287,0,0.7288171052932739,
8,288,0,0.8473309874534607,
8,289,0,0.5283648371696472,
8,290,0,0.8272849321365356,
8,291,0,0.04943883419036865,
8,292,0,0.39265793561935425,
8,293,0,0.8441826105117798,
8,294,0,0.837058424949646,
8,295,0,0.8517535328865051,
8,296,0,0.48329466581344604,
8,297,0,0.053314387798309326,
8,298,0,0.8534284830093384,
8,299,0,0.8104022741317749,
8,300,0,0.4336813688278198,
8,301,0,0.41970497369766235,
8,302,0,0.8397572040557861,
8,303,0,0.6079824566841125,
8,304,0,0.8422579169273376,
8,305,0,0.4730485677719116,
8,306,0,0.23977899551391602,
8,307,0,0.836240828037262,
8,308,0,0.841799795627594,
8,309,0,0.2066112756729126,
8,310,0,0.8180448412895203,
8,311,0,0.396362841129303,
8,312,0,0.8234707117080688,
8,313,0,0.8170995116233826,
8,314,0,0.41943359375,
8,315,0,0.8085247278213501,
8,316,0,0.8382671475410461,
8,317,0,0.7210361361503601,
8,318,0,0.3756735920906067,
8,319,0,0.32900792360305786,
8,320,0,0.7459594011306763,
8,321,0,0.8500009775161743,
8,322,0,0.8389593362808228,
8,323,0,0.30269724130630493,
8,324,0,0.8481519222259521,
8,325,0,0.8049492835998535,
8,326,0,0.8102737665176392,
8,327,0,0.7322789430618286,
8,328,0,0.719272255897522,
8,329,0,0.7759114503860474,
8,330,0,0.3764735460281372,
8,331,0,0.3405115008354187,
8,332,0,0.8445967435836792,
8,333,0,0.2551773190498352,
8,334,0,0.813833475112915,
8,335,0,0.3813474774360657,
8,336,0,0.8307196497917175,
8,337,0,0.4497823715209961,
8,338,0,0.648284912109375,
8,339,0,0.796838104724884,
8,340,0,0.844197690486908,
8,341,0,0.06038093566894531,
8,342,0,0.7535853385925293,
8,343,0,0.6291875839233398,
8,344,0,0.8283591270446777,
8,345,0,0.8280171751976013,
8,346,0,0.26234400272369385,
8,347,0,0.1850656270980835,
8,348,0,0.7537866830825806,
8,349,0,0.8465865850448608,
8,350,0,0.7973853349685669,
8,351,0,0.7728756666183472,
8,352,0,0.8238987922668457,
8,353,0,0.8313537240028381,
8,354,0,0.6459280252456665,
8,355,0,0.16366708278656006,
8,356,0,0.866455078125,
8,357,0,0.7533068656921387,
8,358,0,0.2082759141921997,
8,359,0,0.7819309830665588,
8,360,0,0.8448114395141602,
8,361,0,0.8476025462150574,
8,362,0,0.25843173265457153,
8,363,0,0.3127649426460266,
8,364,0,0.7533816695213318,
8,365,0,0.8740144371986389,
8,366,0,0.8498926758766174,
8,367,0,0.8379379510879517,
8,368,0,0.8305060863494873,
8,369,0,0.8143885731697083,
8,370,0,0.6339519023895264,
8,371,0,0.734467625617981,
8,372,0,0.8275717496871948,
8,373,0,0.8488754034042358,
8,374,0,0.4238109588623047,
8,375,0,0.7571443915367126,
8,376,0,0.7620207667350769,
8,377,0,0.3438161015510559,
8,378,0,0.409997820854187,
8,379,0,0.8521544337272644,
8,380,0,0.35256558656692505,
8,381,0,0.3257330656051636,
8,382,0,0.3276095986366272,
8,383,0,0.8404571413993835,
8,384,0,0.3447003960609436,
8,385,0,0.33915573358535767,
8,386,0,0.24686270952224731,
8,387,0,0.442716121673584,
8,388,0,0.05858832597732544,
8,389,0,0.7888668775558472,
8,390,0,0.7649542093276978,
8,391,0,0.693429708480835,
8,392,0,0.6873300075531006,
8,393,0,0.3134479522705078,
8,394,0,0.4868454933166504,
8,395,0,0.8146222829818726,
8,396,0,0.16231000423431396,
8,397,0,0.18671369552612305,
8,398,0,0.8005983829498291,
8,399,0,0.30990922451019287,
8,400,0,0.710013747215271,
8,401,0,0.7739449739456177,
8,402,0,0.8323726058006287,
8,403,0,0.8047714829444885,
8,404,0,0.3308202624320984,
8,405,0,0.07174843549728394,
8,406,0,0.7701122760772705,
8,407,0,0.8430666923522949,
8,408,0,0.7966830730438232,
8,409,0,0.7091249227523804,
8,410,0,0.8381049036979675,
8,411,0,0.3099192976951599,
8,412,0,0.802079439163208,
8,413,0,0.06912457942962646,
8,414,0,0.7814104557037354,
8,415,0,0.6518508195877075,
8,416,0,0.8432270288467407,
8,417,0,0.06242591142654419,
8,418,0,0.5004960298538208,
8,419,0,0.4788423180580139,
8,420,0,0.27010101079940796,
8,421,0,0.26421356201171875,
8,422,0,0.8231598138809204,
8,423,0,0.8390852212905884,
8,424,0,0.8584237098693848,
8,425,0,0.8142596483230591,
8,426,0,0.8156872391700745,
8,427,0,0.8106091022491455,
8,428,0,0.46058404445648193,
8,429,0,0.8171852827072144,
8,430,0,0.2683265805244446,
8,431,0,0.8014256954193115,
8,432,0,0.7680367231369019,
8,433,0,0.8278980851173401,
8,434,0,0.8283618688583374,
8,435,0,0.8169685006141663,
8,436,0,0.6211570501327515,
8,437,0,0.056219279766082764,
8,438,0,0.7157047986984253,
8,439,0,0.22418910264968872,
8,440,0,0.8449649810791016,
8,441,0,0.7874928116798401,
8,442,0,0.8251453638076782,
8,443,0,0.817271888256073,
8,444,0,0.7581554651260376,
8,445,0,0.8274489641189575,
8,446,0,0.7521302700042725,
8,447,0,0.3176363706588745,
8,448,0,0.05509793758392334,
8,449,0,0.8031850457191467,
8,450,0,0.7804774045944214,
8,451,0,0.26579856872558594,
8,452,0,0.8307282328605652,
8,453,0,0.30133914947509766,
8,454,0,0.42876243591308594,
8,455,0,0.5861479043960571,
8,456,0,0.7269377708435059,
8,457,0,0.6712387800216675,
8,458,0,0.5212596654891968,
8,459,0,0.852483332157135,
8,460,0,0.8203722238540649,
8,461,0,0.46918898820877075,
8,462,0,0.80820232629776,
8,463,0,0.15468722581863403,
8,464,0,0.6258033514022827,
8,465,0,0.744724690914154,
8,466,0,0.047154247760772705,
8,467,0,0.8164376616477966,
8,468,0,0.6496325731277466,
8,469,0,0.7957080602645874,
8,470,0,0.347328245639801,
8,471,0,0.05654352903366089,
8,472,0,0.8431835770606995,
8,473,0,0.8409412503242493,
8,474,0,0.0579218864440918,
8,475,0,0.8299196362495422,
8,476,0,0.4636381268501282,
8,477,0,0.8517459034919739,
8,478,0,0.5229355096817017,
8,479,0,0.4854392409324646,
8,480,0,0.6717929840087891,
8,481,0,0.17584151029586792,
8,482,0,0.8146462440490723,
8,483,0,0.8358522057533264,
8,484,0,0.8372236490249634,
8,485,0,0.4520230293273926,
8,486,0,0.7212932109832764,
8,487,0,0.3458098769187927,
8,488,0,0.739886999130249,
8,489,0,0.8334873914718628,
8,490,0,0.7669770121574402,
8,491,0,0.8263416290283203,
8,492,0,0.6584830284118652,
8,493,0,0.7543187141418457,
8,494,0,0.06010681390762329,
8,495,0,0.36171960830688477,
8,496,0,0.289725124835968,
8,497,0,0.7770733833312988,
8,498,0,0.45556771755218506,
8,499,0,0.8452029824256897,
8,500,0,0.8204221129417419,
8,501,0,0.7700484991073608,
8,502,0,0.8362377882003784,
8,503,0,0.2102421522140503,
8,504,0,0.7568959593772888,
8,505,0,0.4743255376815796,
8,506,0,0.7684189081192017,
8,507,0,0.27961885929107666,
8,508,0,0.8454864621162415,
8,509,0,0.8427988290786743,
8,510,0,0.8502087593078613,
8,511,0,0.7717516422271729,
8,512,0,0.254520058631897,
8,513,0,0.7274154424667358,
8,514,0,0.8177286982536316,
8,515,0,0.8126798272132874,
8,516,0,0.741789698600769,
8,517,0,0.40740251541137695,
8,518,0,0.24445170164108276,
8,519,0,0.2978630065917969,
8,520,0,0.8407317996025085,
8,521,0,0.8413567543029785,
8,522,0,0.3696897625923157,
8,523,0,0.8619275689125061,
8,524,0,0.7435320615768433,
8,525,0,0.054615795612335205,
8,526,0,0.33062058687210083,
8,527,0,0.8412906527519226,
8,528,0,0.05379408597946167,
8,529,0,0.8246414065361023,
8,530,0,0.8023634552955627,
8,531,0,0.8440792560577393,
8,532,0,0.7997612357139587,
8,533,0,0.829426646232605,
8,534,0,0.38479357957839966,
8,535,0,0.8442427515983582,
8,536,0,0.7951794862747192,
8,537,0,0.2819611430168152,
8,538,0,0.8289453983306885,
8,539,0,0.8069608807563782,
8,540,0,0.7882406711578369,
8,541,0,0.4326830506324768,
8,542,0,0.33998048305511475,
8,543,0,0.8459920883178711,
8,544,0,0.06228846311569214,
8,545,0,0.4101530909538269,
8,546,0,0.45598477125167847,
8,547,0,0.06265819072723389,
8,548,0,0.7807151079177856,
8,549,0,0.32847392559051514,
8,550,0,0.8376066088676453,
8,551,0,0.8454795479774475,
8,552,0,0.727228045463562,
8,553,0,0.44615036249160767,
8,554,0,0.6666662693023682,
8,555,0,0.2701128125190735,
8,556,0,0.7799063920974731,
8,557,0,0.8430018424987793,
8,558,0,0.3968575596809387,
8,559,0,0.6604757308959961,
8,560,0,0.7878448963165283,
8,561,0,0.8379218578338623,
8,562,0,0.17278367280960083,
8,563,0,0.8495967388153076,
8,564,0,0.48331958055496216,
8,565,0,0.3574228286743164,
8,566,0,0.37438660860061646,
8,567,0,0.8304945230484009,
8,568,0,0.218999445438385,
8,569,0,0.8207947015762329,
8,570,0,0.6452109813690186,
8,571,0,0.6162245273590088,
8,572,0,0.3339253067970276,
8,573,0,0.8612585663795471,
8,574,0,0.32489651441574097,
8,575,0,0.29496896266937256,
8,576,0,0.8012000322341919,
8,577,0,0.3000717759132385,
8,578,0,0.31553149223327637,
8,579,0,0.7877335548400879,
8,580,0,0.28978079557418823,
8,581,0,0.4109654426574707,
8,582,0,0.8400060534477234,
8,583,0,0.7777263522148132,
8,584,0,0.44575703144073486,
8,585,0,0.8155263662338257,
8,586,0,0.8324694633483887,
8,587,0,0.6013318300247192,
8,588,0,0.2365151047706604,
8,589,0,0.7204655408859253,
8,590,0,0.8269835114479065,
8,591,0,0.269426167011261,
8,592,0,0.8136563301086426,
8,593,0,0.8351585268974304,
8,594,0,0.819837212562561,
8,595,0,0.7440376281738281,
8,596,0,0.4376751780509949,
8,597,0,0.17003190517425537,
8,598,0,0.3353479504585266,
8,599,0,0.345254123210907,
8,600,0,0.7657009363174438,
8,601,0,0.43108320236206055,
8,602,0,0.19186168909072876,
8,603,0,0.31213808059692383,
8,604,0,0.7449339628219604,
8,605,0,0.794540286064148,
8,606,0,0.31725960969924927,
8,607,0,0.7570012807846069,
8,608,0,0.703525185585022,
8,609,0,0.8337739706039429,
8,610,0,0.8399979472160339,
8,611,0,0.8778489828109741,
8,612,0,0.6769035458564758,
8,613,0,0.763710618019104,
8,614,0,0.8333107233047485,
8,615,0,0.39460933208465576,
8,616,0,0.8582136034965515,
8,617,0,0.31046730279922485,
8,618,0,0.17339551448822021,
8,619,0,0.4255366325378418,
8,620,0,0.8444586992263794,
8,621,0,0.42502719163894653,
8,622,0,0.7919853925704956,
8,623,0,0.43218594789505005,
8,624,0,0.33492952585220337,
8,625,0,0.852307140827179,
8,626,0,0.8215430974960327,
8,627,0,0.8195178508758545,
8,628,0,0.8495643734931946,
8,629,0,0.481694757938385,
8,630,0,0.06503063440322876,
8,631,0,0.18381458520889282,
8,632,0,0.8169450163841248,
8,633,0,0.7425437569618225,
8,634,0,0.8567366003990173,
8,635,0,0.485812246799469,
8,636,0,0.8139450550079346,
8,637,0,0.7154759168624878,
8,638,0,0.8402360677719116,
8,639,0,0.7590705752372742,
8,640,0,0.15969783067703247,
8,641,0,0.760812520980835,
8,642,0,0.780689001083374,
8,643,0,0.43336206674575806,
8,644,0,0.4195464849472046,
8,645,0,0.826305091381073,
8,646,0,0.8392213582992554,
8,647,0,0.7770400047302246,
8,648,0,0.8172051906585693,
8,649,0,0.04956996440887451,
8,650,0,0.7691271305084229,
8,651,0,0.4439937472343445,
8,652,0,0.7057303190231323,
8,653,0,0.5933582782745361,
8,654,0,0.7625780701637268,
8,655,0,0.2621380686759949,
8,656,0,0.25922828912734985,
8,657,0,0.3903880715370178,
8,658,0,0.7456245422363281,
8,659,0,0.05354815721511841,
8,660,0,0.849521279335022,
8,661,0,0.7574949860572815,
8,662,0,0.8287834525108337,
8,663,0,0.7334139347076416,
8,664,0,0.8430181741714478,
8,665,0,0.43226176500320435,
8,666,0,0.05664956569671631,
8,667,0,0.8139234781265259,
8,668,0,0.30370235443115234,
8,669,0,0.4713427424430847,
8,670,0,0.3917502164840698,
8,671,0,0.7622707486152649,
8,672,0,0.1803053617477417,
8,673,0,0.2841235399246216,
8,674,0,0.4150127172470093,
8,675,0,0.7643635272979736,
8,676,0,0.1691436767578125,
8,677,0,0.6161839365959167,
8,678,0,0.8598305583000183,
8,679,0,0.8081244230270386,
8,680,0,0.061960577964782715,
8,681,0,0.8659144043922424,
8,682,0,0.34055793285369873,
8,683,0,0.35113823413848877,
8,684,0,0.8393620252609253,
8,685,0,0.8157157301902771,
8,686,0,0.806867241859436,
8,687,0,0.6332651972770691,
8,688,0,0.2945792078971863,
8,689,0,0.7653470635414124,
8,690,0,0.8449443578720093,
8,691,0,0.16522175073623657,
8,692,0,0.3670136332511902,
8,693,0,0.7083678245544434,
8,694,0,0.7654104828834534,
8,695,0,0.7673383355140686,
8,696,0,0.19500893354415894,
8,697,0,0.7562498450279236,
8,698,0,0.8441596627235413,
8,699,0,0.4557347893714905,
8,700,0,0.2696543335914612,
8,701,0,0.8396556973457336,
8,702,0,0.7890257835388184,
8,703,0,0.8572244644165039,
8,704,0,0.16139447689056396,
8,705,0,0.0578455924987793,
8,706,0,0.8473907709121704,
8,707,0,0.8123589754104614,
8,708,0,0.8512539863586426,
8,709,0,0.7554335594177246,
8,710,0,0.41567307710647583,
8,711,0,0.3585602045059204,
8,712,0,0.3033710718154907,
8,713,0,0.43079686164855957,
8,714,0,0.8410849571228027,
8,715,0,0.45718955993652344,
8,716,0,0.7679900527000427,
8,717,0,0.6771580576896667,
8,718,0,0.8335112929344177,
8,719,0,0.8311471343040466,
8,720,0,0.7929741740226746,
8,721,0,0.7956916689872742,
8,722,0,0.7936676740646362,
8,723,0,0.1890750527381897,
8,724,0,0.7346572875976562,
8,725,0,0.20512866973876953,
8,726,0,0.828090488910675,
8,727,0,0.8113348484039307,
8,728,0,0.19992542266845703,
8,729,0,0.45383220911026,
8,730,0,0.3808562755584717,
8,731,0,0.8328354358673096,
8,732,0,0.8041460514068604,
8,733,0,0.4272211790084839,
8,734,0,0.8207899332046509,
8,735,0,0.3367341160774231,
8,736,0,0.7544663548469543,
8,737,0,0.8276355266571045,
8,738,0,0.8221901059150696,
8,739,0,0.6332957148551941,
8,740,0,0.3150082230567932,
8,741,0,0.7026020288467407,
8,742,0,0.8341719508171082,
8,743,0,0.8471437096595764,
8,744,0,0.8110449314117432,
8,745,0,0.29912644624710083,
8,746,0,0.7437030076980591,
8,747,0,0.8610262274742126,
8,748,0,0.7339456081390381,
8,749,0,0.8285611271858215,
8,750,0,0.8141361474990845,
8,751,0,0.8268874883651733,
8,752,0,0.7790187001228333,
8,753,0,0.4791994094848633,
8,754,0,0.7455639839172363,
8,755,0,0.8434590697288513,
8,756,0,0.8304977416992188,
8,757,0,0.8399813771247864,
8,758,0,0.7189604043960571,
8,759,0,0.05380821228027344,
8,760,0,0.45016950368881226,
8,761,0,0.7480225563049316,
8,762,0,0.7782512903213501,
8,763,0,0.3455720543861389,
8,764,0,0.3232848048210144,
8,765,0,0.8037528395652771,
8,766,0,0.17641210556030273,
8,767,0,0.7497708201408386,
8,768,0,0.8286761045455933,
8,769,0,0.20424842834472656,
8,770,0,0.7869294881820679,
8,771,0,0.7206542491912842,
8,772,0,0.8035827875137329,
8,773,0,0.21134525537490845,
8,774,0,0.847163736820221,
8,775,0,0.8119929432868958,
8,776,0,0.26975780725479126,
8,777,0,0.8546216487884521,
8,778,0,0.4408443570137024,
8,779,0,0.8403431177139282,
8,780,0,0.7626998424530029,
8,781,0,0.8319101333618164,
8,782,0,0.4163129925727844,
8,783,0,0.8113073110580444,
8,784,0,0.408051073551178,
8,785,0,0.047927260398864746,
8,786,0,0.48529648780822754,
8,787,0,0.26738715171813965,
8,788,0,0.8588414192199707,
8,789,0,0.32473117113113403,
8,790,0,0.775187075138092,
8,791,0,0.48282819986343384,
8,792,0,0.3607174754142761,
8,793,0,0.8004127144813538,
8,794,0,0.83575040102005,
8,795,0,0.29126936197280884,
8,796,0,0.8309391140937805,
8,797,0,0.06241971254348755,
8,798,0,0.46914273500442505,
8,799,0,0.8287093639373779,
8,val,,,0.5867738723754883
9,0,0,0.41102367639541626,
9,1,0,0.8188286423683167,
9,2,0,0.6648143529891968,
9,3,0,0.8427689075469971,
9,4,0,0.4159412980079651,
9,5,0,0.7681241035461426,
9,6,0,0.17228209972381592,
9,7,0,0.47882258892059326,
9,8,0,0.25636833906173706,
9,9,0,0.8208301663398743,
9,10,0,0.067302405834198,
9,11,0,0.8487963080406189,
9,12,0,0.8302503824234009,
9,13,0,0.8262727856636047,
9,14,0,0.7495546340942383,
9,15,0,0.8198193311691284,
9,16,0,0.5207898616790771,
9,17,0,0.40176182985305786,
9,18,0,0.8090295791625977,
9,19,0,0.8352267146110535,
9,20,0,0.7437868118286133,
9,21,0,0.4867457151412964,
9,22,0,0.28329724073410034,
9,23,0,0.6882680654525757,
9,24,0,0.8245329260826111,
9,25,0,0.7291736006736755,
9,26,0,0.8397212624549866,
9,27,0,0.38979893922805786,
9,28,0,0.2877916097640991,
9,29,0,0.46584218740463257,
9,30,0,0.8342850804328918,
9,31,0,0.8121668100357056,
9,32,0,0.4561224579811096,
9,33,0,0.7498960494995117,
9,34,0,0.8174968361854553,
9,35,0,0.27782773971557617,
9,36,0,0.431871235370636,
9,37,0,0.8260395526885986,
9,38,0,0.19997531175613403,
9,39,0,0.8464002013206482,
9,40,0,0.16585034132003784,
9,41,0,0.6422457695007324,
9,42,0,0.4684584140777588,
9,43,0,0.049926936626434326,
9,44,0,0.7466591596603394,
9,45,0,0.47039324045181274,
9,46,0,0.05242878198623657,
9,47,0,0.05306929349899292,
9,48,0,0.8400318622589111,
9,49,0,0.3186512589454651,
9,50,0,0.8403359651565552,
9,51,0,0.38958412408828735,
9,52,0,0.4335111379623413,
9,53,0,0.053142428398132324,
9,54,0,0.8524213433265686,
9,55,0,0.45183074474334717,
9,56,0,0.7954471111297607,
9,57,0,0.5007091760635376,
9,58,0,0.8709229230880737,
9,59,0,0.3637586236000061,
9,60,0,0.425972044467926,
9,61,0,0.6106884479522705,
9,62,0,0.8279664516448975,
9,63,0,0.2756447196006775,
9,64,0,0.2635258436203003,
9,65,0,0.7703120708465576,
9,66,0,0.7321022748947144,
9,67,0,0.449887216091156,
9,68,0,0.8329535126686096,
9,69,0,0.47171086072921753,
9,70,0,0.5103230476379395,
9,71,0,0.6282259225845337,
9,72,0,0.670232892036438,
9,73,0,0.8140578866004944,
9,74,0,0.8206332921981812,
9,75,0,0.6533188819885254,
9,76,0,0.8115617036819458,
9,77,0,0.7424876689910889,
9,78,0,0.1667364239692688,
9,79,0,0.8267621994018555,
9,80,0,0.4833245873451233,
9,81,0,0.8148582577705383,
9,82,0,0.05267220735549927,
9,83,0,0.8317450881004333,
9,84,0,0.8298256993293762,
9,85,0,0.5110766887664795,
9,86,0,0.8326337337493896,
9,87,0,0.5791059732437134,
9,88,0,0.8169550895690918,
9,89,0,0.4900534749031067,
9,90,0,0.7431180477142334,
9,91,0,0.8233146667480469,
9,92,0,0.8509891629219055,
9,93,0,0.8205105662345886,
9,94,0,0.49078941345214844,
9,95,0,0.8361635804176331,
9,96,0,0.28236109018325806,
9,97,0,0.8445538282394409,
9,98,0,0.6264549493789673,
9,99,0,0.8406559824943542,
9,100,0,0.7558943629264832,
9,101,0,0.6719939708709717,
9,102,0,0.8246999979019165,
9,103,0,0.7795811295509338,
9,104,0,0.8403302431106567,
9,105,0,0.3439949154853821,
9,106,0,0.8574729561805725,
9,107,0,0.8245105743408203,
9,108,0,0.6431790590286255,
9,109,0,0.8204562664031982,
9,110,0,0.8540672659873962,
9,111,0,0.8149811029434204,
9,112,0,0.8399513363838196,
9,113,0,0.43554413318634033,
9,114,0,0.2621421217918396,
9,115,0,0.8508995771408081,
9,116,0,0.8235043287277222,
9,117,0,0.37506169080734253,
9,118,0,0.8168517351150513,
9,119,0,0.33828383684158325,
9,120,0,0.82698655128479,
9,121,0,0.8449199199676514,
9,122,0,0.7273553609848022,
9,123,0,0.0688672661781311,
9,124,0,0.4184321165084839,
9,125,0,0.7612534761428833,
9,126,0,0.8529525399208069,
9,127,0,0.8252995014190674,
9,128,0,0.8391993641853333,
9,129,0,0.8422650098800659,
9,130,0,0.7299009561538696,
9,131,0,0.8637925386428833,
9,132,0,0.7919168472290039,
9,133,0,0.25026851892471313,
9,134,0,0.43254441022872925,
9,135,0,0.4870827794075012,
9,136,0,0.05815845727920532,
9,137,0,0.13507872819900513,
9,138,0,0.26523059606552124,
9,139,0,0.48380333185195923,
9,140,0,0.8367109298706055,
9,141,0,0.7920565009117126,
9,142,0,0.8345475196838379,
9,143,0,0.7976279854774475,
9,144,0,0.816152811050415,
9,145,0,0.22492718696594238,
9,146,0,0.6908669471740723,
9,147,0,0.24285703897476196,
9,148,0,0.7871605753898621,
9,149,0,0.7894588112831116,
9,150,0,0.8077240586280823,
9,151,0,0.8430379033088684,
9,152,0,0.7330234050750732,
9,153,0,0.8224642872810364,
9,154,0,0.8287176489830017,
9,155,0,0.7151896953582764,
9,156,0,0.051584601402282715,
9,157,0,0.6311650276184082,
9,158,0,0.7759791612625122,
9,159,0,0.806952178478241,
9,160,0,0.3633800148963928,
9,161,0,0.07068270444869995,
9,162,0,0.8380416035652161,
9,163,0,0.2854348421096802,
9,164,0,0.39782893657684326,
9,165,0,0.7240656614303589,
9,166,0,0.2566351294517517,
9,167,0,0.8451719284057617,
9,168,0,0.847044825553894,
9,169,0,0.15000438690185547,
9,170,0,0.7869009375572205,
9,171,0,0.7412659525871277,
9,172,0,0.737578272819519,
9,173,0,0.6445209980010986,
9,174,0,0.7543579339981079,
9,175,0,0.4190278649330139,
9,176,0,0.7654600739479065,
9,177,0,0.313961923122406,
9,178,0,0.8377331495285034,
9,179,0,0.35577231645584106,
9,180,0,0.7978644371032715,
9,181,0,0.8072125315666199,
9,182,0,0.3319094777107239,
9,183,0,0.17828291654586792,
9,184,0,0.785453200340271,
9,185,0,0.7457120418548584,
9,186,0,0.30010277032852173,
9,187,0,0.7403759956359863,
9,188,0,0.7306358814239502,
9,189,0,0.27101564407348633,
9,190,0,0.0682116150856018,
9,191,0,0.45913922786712646,
9,192,0,0.7752789258956909,
9,193,0,0.7402662038803101,
9,194,0,0.7373329401016235,
9,195,0,0.8619665503501892,
9,196,0,0.7500805854797363,
9,197,0,0.19517189264297485,
9,198,0,0.8086885809898376,
9,199,0,0.2564471364021301,
9,200,0,0.7725258469581604,
9,201,0,0.050866007804870605,
9,202,0,0.293239951133728,
9,203,0,0.8383857011795044,
9,204,0,0.33915990591049194,
9,205,0,0.24608248472213745,
9,206,0,0.34662389755249023,
9,207,0,0.1547774076461792,
9,208,0,0.480815052986145,
9,209,0,0.7878910899162292,
9,210,0,0.3130391836166382,
9,211,0,0.8224673271179199,
9,212,0,0.4937942624092102,
9,213,0,0.8083454966545105,
9,214,0,0.8407796025276184,
9,215,0,0.8685426712036133,
9,216,0,0.4573642611503601,
9,217,0,0.8302974104881287,
9,218,0,0.8600208759307861,
9,219,0,0.7279098033905029,
9,220,0,0.26238590478897095,
9,221,0,0.743903636932373,
9,222,0,0.32273054122924805,
9,223,0,0.4877699017524719,
9,224,0,0.8198140859603882,
9,225,0,0.30132728815078735,
9,226,0,0.8172924518585205,
9,227,0,0.17379730939865112,
9,228,0,0.7119855284690857,
9,229,0,0.42502427101135254,
9,230,0,0.46148574352264404,
9,231,0,0.8484243750572205,
9,232,0,0.8537862300872803,
9,233,0,0.8430202603340149,
9,234,0,0.8244734406471252,
9,235,0,0.04603898525238037,
9,236,0,0.44426852464675903,
9,237,0,0.8346700072288513,
9,238,0,0.46950870752334595,
9,239,0,0.4343145489692688,
9,240,0,0.8180229067802429,
9,241,0,0.829979658126831,
9,242,0,0.824532151222229,
9,243,0,0.4416211247444153,
9,244,0,0.3125201463699341,
9,245,0,0.05128985643386841,
9,246,0,0.4354739189147949,
9,247,0,0.8365993499755859,
9,248,0,0.4597969055175781,
9,249,0,0.8175807595252991,
9,250,0,0.12611347436904907,
9,251,0,0.8466421365737915,
9,252,0,0.7764707803726196,
9,253,0,0.7664621472358704,
9,254,0,0.04256570339202881,
9,255,0,0.7524739503860474,
9,256,0,0.5769168734550476,
9,257,0,0.8477015495300293,
9,258,0,0.8392829298973083,
9,259,0,0.8454293608665466,
9,260,0,0.5194613337516785,
9,261,0,0.7472044825553894,
9,262,0,0.8481621742248535,
9,263,0,0.7283977270126343,
9,264,0,0.2939775586128235,
9,265,0,0.8769398927688599,
9,266,0,0.8235032558441162,
9,267,0,0.8417598009109497,
9,268,0,0.32663726806640625,
9,269,0,0.4669612646102905,
9,270,0,0.6054258346557617,
9,271,0,0.8065663576126099,
9,272,0,0.3844223618507385,
9,273,0,0.8446972370147705,
9,274,0,0.8247239589691162,
9,275,0,0.16258764266967773,
9,276,0,0.814537763595581,
9,277,0,0.06406772136688232,
9,278,0,0.5471252202987671,
9,279,0,0.7409482002258301,
9,280,0,0.7803312540054321,
9,281,0,0.7933045625686646,
9,282,0,0.7615699172019958,
9,283,0,0.7564653158187866,
9,284,0,0.8405479192733765,
9,285,0,0.8575620055198669,
9,286,0,0.6617499589920044,
9,287,0,0.7313953042030334,
9,288,0,0.8211886286735535,
9,289,0,0.5280270576477051,
9,290,0,0.8287151455879211,
9,291,0,0.04890185594558716,
9,292,0,0.39239925146102905,
9,293,0,0.8451834917068481,
9,294,0,0.8383486866950989,
9,295,0,0.856221079826355,
9,296,0,0.4828122854232788,
9,297,0,0.05181080102920532,
9,298,0,0.8550764918327332,
9,299,0,0.8117336630821228,
9,300,0,0.435907244682312,
9,301,0,0.41769665479660034,
9,302,0,0.8402339220046997,
9,303,0,0.6024490594863892,
9,304,0,0.8424797058105469,
9,305,0,0.4723714590072632,
9,306,0,0.24140304327011108,
9,307,0,0.8331189155578613,
9,308,0,0.8424054384231567,
9,309,0,0.20300263166427612,
9,310,0,0.820080578327179,
9,311,0,0.3913765549659729,
9,312,0,0.8218286037445068,
9,313,0,0.8165796399116516,
9,314,0,0.41329050064086914,
9,315,0,0.8109356760978699,
9,316,0,0.836621880531311,
9,317,0,0.6897448301315308,
9,318,0,0.3695707321166992,
9,319,0,0.3258470296859741,
9,320,0,0.745084285736084,
9,321,0,0.8443474769592285,
9,322,0,0.8468074202537537,
9,323,0,0.30385780334472656,
9,324,0,0.8493114709854126,
9,325,0,0.8018061518669128,
9,326,0,0.8081088066101074,
9,327,0,0.7311764359474182,
9,328,0,0.7226086854934692,
9,329,0,0.7764596343040466,
9,330,0,0.3734052777290344,
9,331,0,0.3293326497077942,
9,332,0,0.8377801179885864,
9,333,0,0.25384050607681274,
9,334,0,0.8118515610694885,
9,335,0,0.38199174404144287,
9,336,0,0.8309379816055298,
9,337,0,0.4529755711555481,
9,338,0,0.6481491327285767,
9,339,0,0.7959648966789246,
9,340,0,0.8443028926849365,
9,341,0,0.05962306261062622,
9,342,0,0.7513965964317322,
9,343,0,0.624121904373169,
9,344,0,0.8285455703735352,
9,345,0,0.8281046748161316,
9,346,0,0.24877887964248657,
9,347,0,0.1769769787788391,
9,348,0,0.7543544173240662,
9,349,0,0.8426072001457214,
9,350,0,0.8051561713218689,
9,351,0,0.772153377532959,
9,352,0,0.8257385492324829,
9,353,0,0.8294073343276978,
9,354,0,0.6623657941818237,
9,355,0,0.16390228271484375,
9,356,0,0.8430060148239136,
9,357,0,0.7597801685333252,
9,358,0,0.20774656534194946,
9,359,0,0.7810810804367065,
9,360,0,0.8639652132987976,
9,361,0,0.8472915887832642,
9,362,0,0.25983697175979614,
9,363,0,0.31282955408096313,
9,364,0,0.7527735233306885,
9,365,0,0.8739767074584961,
9,366,0,0.8325673937797546,
9,367,0,0.8376376628875732,
9,368,0,0.8254201412200928,
9,369,0,0.8100028038024902,
9,370,0,0.6291999220848083,
9,371,0,0.71321702003479,
9,372,0,0.8201845288276672,
9,373,0,0.8514344692230225,
9,374,0,0.42706626653671265,
9,375,0,0.7828155755996704,
9,376,0,0.7695059180259705,
9,377,0,0.34011173248291016,
9,378,0,0.41959714889526367,
9,379,0,0.849746584892273,
9,380,0,0.351093590259552,
9,381,0,0.3244013786315918,
9,382,0,0.32737767696380615,
9,383,0,0.840173602104187,
9,384,0,0.3497043251991272,
9,385,0,0.33847981691360474,
9,386,0,0.24337399005889893,
9,387,0,0.4414108395576477,
9,388,0,0.05866605043411255,
9,389,0,0.7832534313201904,
9,390,0,0.769091010093689,
9,391,0,0.70633465051651,
9,392,0,0.6890251636505127,
9,393,0,0.3128226399421692,
9,394,0,0.48448503017425537,
9,395,0,0.8122177124023438,
9,396,0,0.16155070066452026,
9,397,0,0.18569374084472656,
9,398,0,0.801424503326416,
9,399,0,0.3080452084541321,
9,400,0,0.7149986028671265,
9,401,0,0.7718234062194824,
9,402,0,0.8321334719657898,
9,403,0,0.8128117322921753,
9,404,0,0.32849758863449097,
9,405,0,0.06857794523239136,
9,406,0,0.7716825008392334,
9,407,0,0.8433536887168884,
9,408,0,0.8068568110466003,
9,409,0,0.7086125016212463,
9,410,0,0.8403680920600891,
9,411,0,0.31266915798187256,
9,412,0,0.8087838292121887,
9,413,0,0.0687757134437561,
9,414,0,0.7814422845840454,
9,415,0,0.654554009437561,
9,416,0,0.8391905426979065,
9,417,0,0.05882823467254639,
9,418,0,0.49884992837905884,
9,419,0,0.478471577167511,
9,420,0,0.26636064052581787,
9,421,0,0.2619454264640808,
9,422,0,0.8246830105781555,
9,423,0,0.8403605818748474,
9,424,0,0.8353573083877563,
9,425,0,0.8154343366622925,
9,426,0,0.8166364431381226,
9,427,0,0.8088842630386353,
9,428,0,0.4607396721839905,
9,429,0,0.8171234130859375,
9,430,0,0.2654748558998108,
9,431,0,0.8001362085342407,
9,432,0,0.7577374577522278,
9,433,0,0.8277059197425842,
9,434,0,0.8318604826927185,
9,435,0,0.8164290189743042,
9,436,0,0.6154856085777283,
9,437,0,0.0532417893409729,
9,438,0,0.719674825668335,
9,439,0,0.22277981042861938,
9,440,0,0.8450755476951599,
9,441,0,0.7910106778144836,
9,442,0,0.8251997828483582,
9,443,0,0.8193435668945312,
9,444,0,0.7564813494682312,
9,445,0,0.8261739015579224,
9,446,0,0.7600051760673523,
9,447,0,0.3179454803466797,
9,448,0,0.056455016136169434,
9,449,0,0.8022329211235046,
9,450,0,0.7886974215507507,
9,451,0,0.2622373104095459,
9,452,0,0.8221701979637146,
9,453,0,0.29628318548202515,
9,454,0,0.4227482080459595,
9,455,0,0.5855169296264648,
9,456,0,0.7277786731719971,
9,457,0,0.6703908443450928,
9,458,0,0.518976628780365,
9,459,0,0.8379393815994263,
9,460,0,0.8235613107681274,
9,461,0,0.4687221646308899,
9,462,0,0.8076388239860535,
9,463,0,0.1540735363960266,
9,464,0,0.620063066482544,
9,465,0,0.7448621988296509,
9,466,0,0.045846760272979736,
9,467,0,0.8149237632751465,
9,468,0,0.647794246673584,
9,469,0,0.7924174070358276,
9,470,0,0.3458889126777649,
9,471,0,0.055049777030944824,
9,472,0,0.8424199223518372,
9,473,0,0.8400604128837585,
9,474,0,0.057135939598083496,
9,475,0,0.8298910856246948,
9,476,0,0.46334314346313477,
9,477,0,0.8355040550231934,
9,478,0,0.5229922533035278,
9,479,0,0.4850308895111084,
9,480,0,0.681469202041626,
9,481,0,0.17699086666107178,
9,482,0,0.8100479245185852,
9,483,0,0.8355591893196106,
9,484,0,0.8356447815895081,
9,485,0,0.4493773579597473,
9,486,0,0.7197243571281433,
9,487,0,0.34322720766067505,
9,488,0,0.74247145652771,
9,489,0,0.8369000554084778,
9,490,0,0.7645993232727051,
9,491,0,0.8268923163414001,
9,492,0,0.6584052443504333,
9,493,0,0.7500513195991516,
9,494,0,0.0598638653755188,
9,495,0,0.3634498715400696,
9,496,0,0.29109877347946167,
9,497,0,0.7768298387527466,
9,498,0,0.45521897077560425,
9,499,0,0.8456469178199768,
9,500,0,0.825665295124054,
9,501,0,0.7704325914382935,
9,502,0,0.8367215991020203,
9,503,0,0.20983028411865234,
9,504,0,0.758066713809967,
9,505,0,0.47487932443618774,
9,506,0,0.7675958871841431,
9,507,0,0.2797054052352905,
9,508,0,0.8460824489593506,
9,509,0,0.8420006632804871,
9,510,0,0.8394118547439575,
9,511,0,0.7813981175422668,
9,512,0,0.2534952759742737,
9,513,0,0.7250078916549683,
9,514,0,0.8133283853530884,
9,515,0,0.808551013469696,
9,516,0,0.7414807677268982,
9,517,0,0.41138535737991333,
9,518,0,0.24594634771347046,
9,519,0,0.2963653802871704,
9,520,0,0.8352762460708618,
9,521,0,0.8530506491661072,
9,522,0,0.3784193992614746,
9,523,0,0.8635099530220032,
9,524,0,0.7425479888916016,
9,525,0,0.054437994956970215,
9,526,0,0.33335334062576294,
9,527,0,0.8394627571105957,
9,528,0,0.05386388301849365,
9,529,0,0.8302983045578003,
9,530,0,0.8032054305076599,
9,531,0,0.8434523344039917,
9,532,0,0.8000426292419434,
9,533,0,0.8303701877593994,
9,534,0,0.3847142457962036,
9,535,0,0.8509216904640198,
9,536,0,0.7952941656112671,
9,537,0,0.281863272190094,
9,538,0,0.8272406458854675,
9,539,0,0.8106516003608704,
9,540,0,0.7812098860740662,
9,541,0,0.43076711893081665,
9,542,0,0.33599191904067993,
9,543,0,0.8466159105300903,
9,544,0,0.06177395582199097,
9,545,0,0.4061442017555237,
9,546,0,0.46070653200149536,
9,547,0,0.06284493207931519,
9,548,0,0.779291033744812,
9,549,0,0.32537299394607544,
9,550,0,0.8378564715385437,
9,551,0,0.8459509015083313,
9,552,0,0.7265274524688721,
9,553,0,0.444770872592926,
9,554,0,0.6642845869064331,
9,555,0,0.27011042833328247,
9,556,0,0.7784977555274963,
9,557,0,0.8422158360481262,
9,558,0,0.3966788053512573,
9,559,0,0.663090169429779,
9,560,0,0.7863714098930359,
9,561,0,0.8458124399185181,
9,562,0,0.17426162958145142,
9,563,0,0.835378885269165,
9,564,0,0.48259109258651733,
9,565,0,0.3623228073120117,
9,566,0,0.37572741508483887,
9,567,0,0.8329123258590698,
9,568,0,0.219093918800354,
9,569,0,0.8268011808395386,
9,570,0,0.6441946029663086,
9,571,0,0.6161350011825562,
9,572,0,0.33928900957107544,
9,573,0,0.8534663915634155,
9,574,0,0.3360346555709839,
9,575,0,0.2972591519355774,
9,576,0,0.8080216646194458,
9,577,0,0.2988462448120117,
9,578,0,0.3156973123550415,
9,579,0,0.7881670594215393,
9,580,0,0.2907610535621643,
9,581,0,0.41017037630081177,
9,582,0,0.8410439491271973,
9,583,0,0.7692155838012695,
9,584,0,0.4456855058670044,
9,585,0,0.8165212869644165,
9,586,0,0.8335385322570801,
9,587,0,0.6017700433731079,
9,588,0,0.2357558012008667,
9,589,0,0.7189301252365112,
9,590,0,0.8253434896469116,
9,591,0,0.26807141304016113,
9,592,0,0.8150509595870972,
9,593,0,0.834013819694519,
9,594,0,0.8215013742446899,
9,595,0,0.7479318380355835,
9,596,0,0.4373186230659485,
9,597,0,0.1704055666923523,
9,598,0,0.33438098430633545,
9,599,0,0.3452678322792053,
9,600,0,0.7592491507530212,
9,601,0,0.4319780468940735,
9,602,0,0.19236594438552856,
9,603,0,0.3113911747932434,
9,604,0,0.7457320690155029,
9,605,0,0.7934018969535828,
9,606,0,0.3093469738960266,
9,607,0,0.7614917159080505,
9,608,0,0.6981209516525269,
9,609,0,0.8363250494003296,
9,610,0,0.8439856767654419,
9,611,0,0.8432707786560059,
9,612,0,0.6766846179962158,
9,613,0,0.773210346698761,
9,614,0,0.8349244594573975,
9,615,0,0.39405304193496704,
9,616,0,0.8543305397033691,
9,617,0,0.3060773015022278,
9,618,0,0.173039972782135,
9,619,0,0.4255083203315735,
9,620,0,0.84023118019104,
9,621,0,0.42832064628601074,
9,622,0,0.7913004755973816,
9,623,0,0.4310283660888672,
9,624,0,0.3380066752433777,
9,625,0,0.8540084958076477,
9,626,0,0.834715723991394,
9,627,0,0.8188337087631226,
9,628,0,0.8510079979896545,
9,629,0,0.4810526967048645,
9,630,0,0.06454753875732422,
9,631,0,0.18117433786392212,
9,632,0,0.8134323358535767,
9,633,0,0.7462317943572998,
9,634,0,0.8423429727554321,
9,635,0,0.4827651381492615,
9,636,0,0.8127163052558899,
9,637,0,0.7125201225280762,
9,638,0,0.8467187285423279,
9,639,0,0.757103681564331,
9,640,0,0.1582161784172058,
9,641,0,0.7633711099624634,
9,642,0,0.7811270356178284,
9,643,0,0.43046021461486816,
9,644,0,0.4165182113647461,
9,645,0,0.8309940099716187,
9,646,0,0.8322388529777527,
9,647,0,0.7769373655319214,
9,648,0,0.8162338733673096,
9,649,0,0.048817336559295654,
9,650,0,0.7627467513084412,
9,651,0,0.4420994520187378,
9,652,0,0.7151039838790894,
9,653,0,0.5903774499893188,
9,654,0,0.7631894946098328,
9,655,0,0.25077152252197266,
9,656,0,0.2551690936088562,
9,657,0,0.3901234269142151,
9,658,0,0.7474579215049744,
9,659,0,0.053529441356658936,
9,660,0,0.8491761088371277,
9,661,0,0.7537863254547119,
9,662,0,0.8334743976593018,
9,663,0,0.7316631078720093,
9,664,0,0.8430038690567017,
9,665,0,0.4320288896560669,
9,666,0,0.056321680545806885,
9,667,0,0.8182500004768372,
9,668,0,0.30654722452163696,
9,669,0,0.47006332874298096,
9,670,0,0.386075496673584,
9,671,0,0.7646827697753906,
9,672,0,0.17780911922454834,
9,673,0,0.2884420156478882,
9,674,0,0.4144051671028137,
9,675,0,0.7614603638648987,
9,676,0,0.16943281888961792,
9,677,0,0.6161376237869263,
9,678,0,0.8510921597480774,
9,679,0,0.8093948364257812,
9,680,0,0.06179839372634888,
9,681,0,0.8614373207092285,
9,682,0,0.3339498043060303,
9,683,0,0.35090577602386475,
9,684,0,0.8546794652938843,
9,685,0,0.8202396631240845,
9,686,0,0.8237630724906921,
9,687,0,0.6296212673187256,
9,688,0,0.2945239543914795,
9,689,0,0.766706645488739,
9,690,0,0.8438766598701477,
9,691,0,0.16473102569580078,
9,692,0,0.3664892315864563,
9,693,0,0.7098919153213501,
9,694,0,0.7671762108802795,
9,695,0,0.7701795697212219,
9,696,0,0.1943812370300293,
9,697,0,0.7559928894042969,
9,698,0,0.8468888998031616,
9,699,0,0.45595693588256836,
9,700,0,0.2711372971534729,
9,701,0,0.8390933275222778,
9,702,0,0.7896994352340698,
9,703,0,0.8432813882827759,
9,704,0,0.1730983853340149,
9,705,0,0.05644214153289795,
9,706,0,0.8471269607543945,
9,707,0,0.8118348121643066,
9,708,0,0.8410566449165344,
9,709,0,0.7549287676811218,
9,710,0,0.41425925493240356,
9,711,0,0.35921740531921387,
9,712,0,0.30265432596206665,
9,713,0,0.42987173795700073,
9,714,0,0.8411449790000916,
9,715,0,0.4554477334022522,
9,716,0,0.7671528458595276,
9,717,0,0.6597716212272644,
9,718,0,0.8289584517478943,
9,719,0,0.8278719782829285,
9,720,0,0.7948693037033081,
9,721,0,0.7901745438575745,
9,722,0,0.7829797863960266,
9,723,0,0.1878495216369629,
9,724,0,0.7391982078552246,
9,725,0,0.20384639501571655,
9,726,0,0.8281564116477966,
9,727,0,0.8103369474411011,
9,728,0,0.20047569274902344,
9,729,0,0.4553092122077942,
9,730,0,0.38350409269332886,
9,731,0,0.8306111693382263,
9,732,0,0.8281087279319763,
9,733,0,0.4209590554237366,
9,734,0,0.8209105730056763,
9,735,0,0.3318377137184143,
9,736,0,0.7555670738220215,
9,737,0,0.8273019194602966,
9,738,0,0.8179335594177246,
9,739,0,0.633622944355011,
9,740,0,0.30970340967178345,
9,741,0,0.7004518508911133,
9,742,0,0.8338465690612793,
9,743,0,0.8463762402534485,
9,744,0,0.8077970743179321,
9,745,0,0.2974105477333069,
9,746,0,0.7413498163223267,
9,747,0,0.8666709661483765,
9,748,0,0.7368993163108826,
9,749,0,0.8321884870529175,
9,750,0,0.827592670917511,
9,751,0,0.8278121948242188,
9,752,0,0.7717787623405457,
9,753,0,0.47891443967819214,
9,754,0,0.7446012496948242,
9,755,0,0.8441066741943359,
9,756,0,0.8297198414802551,
9,757,0,0.8394004702568054,
9,758,0,0.7174393534660339,
9,759,0,0.053753554821014404,
9,760,0,0.4511606693267822,
9,761,0,0.7480959892272949,
9,762,0,0.778588056564331,
9,763,0,0.3467751741409302,
9,764,0,0.32401007413864136,
9,765,0,0.8040214776992798,
9,766,0,0.17706257104873657,
9,767,0,0.7511937022209167,
9,768,0,0.8293985724449158,
9,769,0,0.2036818265914917,
9,770,0,0.7829147577285767,
9,771,0,0.7297269105911255,
9,772,0,0.8058755397796631,
9,773,0,0.2110692262649536,
9,774,0,0.8405664563179016,
9,775,0,0.8051899671554565,
9,776,0,0.2705000638961792,
9,777,0,0.8571904897689819,
9,778,0,0.44008690118789673,
9,779,0,0.8401125073432922,
9,780,0,0.7695536613464355,
9,781,0,0.8328161239624023,
9,782,0,0.41785943508148193,
9,783,0,0.8109800219535828,
9,784,0,0.407224178314209,
9,785,0,0.04814040660858154,
9,786,0,0.48634010553359985,
9,787,0,0.2652255892753601,
9,788,0,0.8506007790565491,
9,789,0,0.3210592269897461,
9,790,0,0.7759044766426086,
9,791,0,0.48142218589782715,
9,792,0,0.3591700792312622,
9,793,0,0.7977948784828186,
9,794,0,0.8356513381004333,
9,795,0,0.2905406951904297,
9,796,0,0.8307734727859497,
9,797,0,0.061815619468688965,
9,798,0,0.4736517667770386,
9,799,0,0.8290428519248962,
9,val,,,0.586702071428299
10,0,0,0.41014283895492554,
10,1,0,0.8184230923652649,
10,2,0,0.6651577353477478,
10,3,0,0.8509236574172974,
10,4,0,0.41662853956222534,
10,5,0,0.7686614394187927,
10,6,0,0.1725437045097351,
10,7,0,0.47918814420700073,
10,8,0,0.25140446424484253,
10,9,0,0.8180641531944275,
10,10,0,0.0672646164894104,
10,11,0,0.8531396389007568,
10,12,0,0.8335437178611755,
10,13,0,0.8254116773605347,
10,14,0,0.7524887323379517,
10,15,0,0.8206210136413574,
10,16,0,0.5206688642501831,
10,17,0,0.40099143981933594,
10,18,0,0.8085201382637024,
10,19,0,0.8253563642501831,
10,20,0,0.7448132634162903,
10,21,0,0.4871976375579834,
10,22,0,0.28333109617233276,
10,23,0,0.6885101795196533,
10,24,0,0.8233238458633423,
10,25,0,0.7288488745689392,
10,26,0,0.8402867317199707,
10,27,0,0.3894168734550476,
10,28,0,0.2878216505050659,
10,29,0,0.46618586778640747,
10,30,0,0.8312690258026123,
10,31,0,0.8045650720596313,
10,32,0,0.45423179864883423,
10,33,0,0.7492475509643555,
10,34,0,0.8138860464096069,
10,35,0,0.2780294418334961,
10,36,0,0.42937517166137695,
10,37,0,0.8274809718132019,
10,38,0,0.19905555248260498,
10,39,0,0.844656229019165,
10,40,0,0.16471391916275024,
10,41,0,0.6392979621887207,
10,42,0,0.4675813317298889,
10,43,0,0.04429948329925537,
10,44,0,0.7466155290603638,
10,45,0,0.4702337384223938,
10,46,0,0.05186516046524048,
10,47,0,0.052474796772003174,
10,48,0,0.837302029132843,
10,49,0,0.31829625368118286,
10,50,0,0.8414493799209595,
10,51,0,0.39441603422164917,
10,52,0,0.43282073736190796,
10,53,0,0.052864253520965576,
10,54,0,0.8517313599586487,
10,55,0,0.4508700966835022,
10,56,0,0.7957396507263184,
10,57,0,0.5003833770751953,
10,58,0,0.8665984272956848,
10,59,0,0.36332231760025024,
10,60,0,0.42728835344314575,
10,61,0,0.612786054611206,
10,62,0,0.8296738266944885,
10,63,0,0.2777971029281616,
10,64,0,0.2631794810295105,
10,65,0,0.7690925002098083,
10,66,0,0.7248841524124146,
10,67,0,0.44791364669799805,
10,68,0,0.8467249870300293,
10,69,0,0.4668622612953186,
10,70,0,0.5123633146286011,
10,71,0,0.6257598400115967,
10,72,0,0.6695427894592285,
10,73,0,0.8182002305984497,
10,74,0,0.8213304877281189,
10,75,0,0.653741717338562,
10,76,0,0.811130166053772,
10,77,0,0.7595458030700684,
10,78,0,0.16756904125213623,
10,79,0,0.8289171457290649,
10,80,0,0.4843321442604065,
10,81,0,0.8132398724555969,
10,82,0,0.05186861753463745,
10,83,0,0.8244669437408447,
10,84,0,0.828003466129303,
10,85,0,0.5146974325180054,
10,86,0,0.8379154801368713,
10,87,0,0.5821163654327393,
10,88,0,0.8182533979415894,
10,89,0,0.48948293924331665,
10,90,0,0.7435792088508606,
10,91,0,0.8218495845794678,
10,92,0,0.8509206771850586,
10,93,0,0.8210110068321228,
10,94,0,0.49109965562820435,
10,95,0,0.8452295660972595,
10,96,0,0.281466543674469,
10,97,0,0.8426350951194763,
10,98,0,0.6150070428848267,
10,99,0,0.8426924347877502,
10,100,0,0.7550875544548035,
10,101,0,0.6720784902572632,
10,102,0,0.832407534122467,
10,103,0,0.7876336574554443,
10,104,0,0.8403413891792297,
10,105,0,0.34487783908843994,
10,106,0,0.8494946956634521,
10,107,0,0.8245031833648682,
10,108,0,0.6401466131210327,
10,109,0,0.8211821913719177,
10,110,0,0.8545128107070923,
10,111,0,0.8241586089134216,
10,112,0,0.8384747505187988,
10,113,0,0.4347838759422302,
10,114,0,0.26073551177978516,
10,115,0,0.8454039692878723,
10,116,0,0.832551896572113,
10,117,0,0.3738906979560852,
10,118,0,0.8211338520050049,
10,119,0,0.3375268578529358,
10,120,0,0.8270288109779358,
10,121,0,0.8444589376449585,
10,122,0,0.72841477394104,
10,123,0,0.06874561309814453,
10,124,0,0.4207075238227844,
10,125,0,0.7582427263259888,
10,126,0,0.8638525605201721,
10,127,0,0.8261421918869019,
10,128,0,0.831800639629364,
10,129,0,0.8438724875450134,
10,130,0,0.7282195091247559,
10,131,0,0.859486997127533,
10,132,0,0.7923429608345032,
10,133,0,0.2505107522010803,
10,134,0,0.4340251088142395,
10,135,0,0.4874334931373596,
10,136,0,0.058209121227264404,
10,137,0,0.13473355770111084,
10,138,0,0.2637486457824707,
10,139,0,0.4828804135322571,
10,140,0,0.8422379493713379,
10,141,0,0.7822192907333374,
10,142,0,0.8354912400245667,
10,143,0,0.7887038588523865,
10,144,0,0.8160571455955505,
10,145,0,0.22511625289916992,
10,146,0,0.6979142427444458,
10,147,0,0.24305349588394165,
10,148,0,0.7911754846572876,
10,149,0,0.7885401248931885,
10,150,0,0.8064660429954529,
10,151,0,0.8496219515800476,
10,152,0,0.7322779893875122,
10,153,0,0.8222958445549011,
10,154,0,0.8285549879074097,
10,155,0,0.7144651412963867,
10,156,0,0.0519445538520813,
10,157,0,0.6318849325180054,
10,158,0,0.7753880023956299,
10,159,0,0.8062635660171509,
10,160,0,0.3586849570274353,
10,161,0,0.06337881088256836,
10,162,0,0.8375107645988464,
10,163,0,0.28508180379867554,
10,164,0,0.3934710621833801,
10,165,0,0.7237187027931213,
10,166,0,0.2558479905128479,
10,167,0,0.8466492295265198,
10,168,0,0.8458247184753418,
10,169,0,0.14917999505996704,
10,170,0,0.7826707363128662,
10,171,0,0.7409396767616272,
10,172,0,0.7369565963745117,
10,173,0,0.6414991617202759,
10,174,0,0.753933846950531,
10,175,0,0.4184948801994324,
10,176,0,0.7650207877159119,
10,177,0,0.3142797350883484,
10,178,0,0.8377412557601929,
10,179,0,0.3453800082206726,
10,180,0,0.7974351048469543,
10,181,0,0.807080090045929,
10,182,0,0.33196330070495605,
10,183,0,0.17798805236816406,
10,184,0,0.7916560173034668,
10,185,0,0.7473728656768799,
10,186,0,0.3053414225578308,
10,187,0,0.7410968542098999,
10,188,0,0.7494766712188721,
10,189,0,0.2708393931388855,
10,190,0,0.06693971157073975,
10,191,0,0.4598742127418518,
10,192,0,0.7665306329727173,
10,193,0,0.740892767906189,
10,194,0,0.7381672859191895,
10,195,0,0.8616867065429688,
10,196,0,0.7508268356323242,
10,197,0,0.19399386644363403,
10,198,0,0.812078058719635,
10,199,0,0.2581600546836853,
10,200,0,0.751829981803894,
10,201,0,0.050801098346710205,
10,202,0,0.291534960269928,
10,203,0,0.8380169868469238,
10,204,0,0.3360919952392578,
10,205,0,0.2481766939163208,
10,206,0,0.3564454913139343,
10,207,0,0.15363121032714844,
10,208,0,0.4830682873725891,
10,209,0,0.781795859336853,
10,210,0,0.308552086353302,
10,211,0,0.823754608631134,
10,212,0,0.49410998821258545,
10,213,0,0.8035844564437866,
10,214,0,0.8405154943466187,
10,215,0,0.8525586724281311,
10,216,0,0.4553844928741455,
10,217,0,0.8301775455474854,
10,218,0,0.868066132068634,
10,219,0,0.7310380339622498,
10,220,0,0.26337897777557373,
10,221,0,0.7421286106109619,
10,222,0,0.3222860097885132,
10,223,0,0.48728299140930176,
10,224,0,0.8281450867652893,
10,225,0,0.3013882637023926,
10,226,0,0.817391037940979,
10,227,0,0.17302054166793823,
10,228,0,0.7109628915786743,
10,229,0,0.42334574460983276,
10,230,0,0.4594426155090332,
10,231,0,0.8466070890426636,
10,232,0,0.8537937998771667,
10,233,0,0.8444165587425232,
10,234,0,0.8262670636177063,
10,235,0,0.045622050762176514,
10,236,0,0.4442470669746399,
10,237,0,0.83519446849823,
10,238,0,0.47071170806884766,
10,239,0,0.4342917203903198,
10,240,0,0.8179308772087097,
10,241,0,0.8343436121940613,
10,242,0,0.8238416910171509,
10,243,0,0.44288015365600586,
10,244,0,0.31265389919281006,
10,245,0,0.05166584253311157,
10,246,0,0.4343610405921936,
10,247,0,0.8362847566604614,
10,248,0,0.45823246240615845,
10,249,0,0.8273769617080688,
10,250,0,0.12824952602386475,
10,251,0,0.8454108238220215,
10,252,0,0.7753134965896606,
10,253,0,0.7710607051849365,
10,254,0,0.04222899675369263,
10,255,0,0.7525151371955872,
10,256,0,0.5700721144676208,
10,257,0,0.8476314544677734,
10,258,0,0.853258490562439,
10,259,0,0.851929783821106,
10,260,0,0.5189847946166992,
10,261,0,0.7471746206283569,
10,262,0,0.8433921337127686,
10,263,0,0.7315481305122375,
10,264,0,0.29390662908554077,
10,265,0,0.8540494441986084,
10,266,0,0.8368300199508667,
10,267,0,0.8426918983459473,
10,268,0,0.33870601654052734,
10,269,0,0.466869056224823,
10,270,0,0.603413999080658,
10,271,0,0.8079684972763062,
10,272,0,0.3841041326522827,
10,273,0,0.8451792001724243,
10,274,0,0.8238179087638855,
10,275,0,0.16216546297073364,
10,276,0,0.8132607340812683,
10,277,0,0.06393754482269287,
10,278,0,0.5501646995544434,
10,279,0,0.7407488822937012,
10,280,0,0.7865123748779297,
10,281,0,0.7937211990356445,
10,282,0,0.7504329085350037,
10,283,0,0.7583326101303101,
10,284,0,0.8394436836242676,
10,285,0,0.8386955261230469,
10,286,0,0.659827709197998,
10,287,0,0.7283694744110107,
10,288,0,0.8184400200843811,
10,289,0,0.5269461870193481,
10,290,0,0.8277759552001953,
10,291,0,0.04941082000732422,
10,292,0,0.3918183445930481,
10,293,0,0.8434666395187378,
10,294,0,0.837852418422699,
10,295,0,0.841229259967804,
10,296,0,0.48266732692718506,
10,297,0,0.051856398582458496,
10,298,0,0.8556570410728455,
10,299,0,0.8111585378646851,
10,300,0,0.43477243185043335,
10,301,0,0.4185789227485657,
10,302,0,0.8403117656707764,
10,303,0,0.6044802069664001,
10,304,0,0.8428479433059692,
10,305,0,0.4732736349105835,
10,306,0,0.23857074975967407,
10,307,0,0.835020899772644,
10,308,0,0.8416832685470581,
10,309,0,0.20269596576690674,
10,310,0,0.8193314075469971,
10,311,0,0.39327144622802734,
10,312,0,0.8246728181838989,
10,313,0,0.8172863721847534,
10,314,0,0.41736841201782227,
10,315,0,0.812820553779602,
10,316,0,0.8355811238288879,
10,317,0,0.6944053173065186,
10,318,0,0.346219539642334,
10,319,0,0.3283235430717468,
10,320,0,0.7457878589630127,
10,321,0,0.8400664925575256,
10,322,0,0.8536302447319031,
10,323,0,0.30362391471862793,
10,324,0,0.8469825983047485,
10,325,0,0.7942598462104797,
10,326,0,0.8108432292938232,
10,327,0,0.7364556789398193,
10,328,0,0.7224134206771851,
10,329,0,0.7758875489234924,
10,330,0,0.380401611328125,
10,331,0,0.33517980575561523,
10,332,0,0.8430283665657043,
10,333,0,0.25146758556365967,
10,334,0,0.8048566579818726,
10,335,0,0.3777925372123718,
10,336,0,0.8289315700531006,
10,337,0,0.45628881454467773,
10,338,0,0.6392687559127808,
10,339,0,0.7899219989776611,
10,340,0,0.8433049321174622,
10,341,0,0.061281025409698486,
10,342,0,0.7538039684295654,
10,343,0,0.6254922747612,
10,344,0,0.8277826905250549,
10,345,0,0.827423632144928,
10,346,0,0.2400645613670349,
10,347,0,0.18473994731903076,
10,348,0,0.7539075613021851,
10,349,0,0.8489108085632324,
10,350,0,0.7992310523986816,
10,351,0,0.7723860144615173,
10,352,0,0.8257676362991333,
10,353,0,0.8365302085876465,
10,354,0,0.6500997543334961,
10,355,0,0.16423529386520386,
10,356,0,0.840013861656189,
10,357,0,0.7535879611968994,
10,358,0,0.2068668007850647,
10,359,0,0.7820200324058533,
10,360,0,0.8436993956565857,
10,361,0,0.8487539887428284,
10,362,0,0.2569390535354614,
10,363,0,0.3127381205558777,
10,364,0,0.7542424201965332,
10,365,0,0.8686975240707397,
10,366,0,0.8414916396141052,
10,367,0,0.8398560285568237,
10,368,0,0.8243894577026367,
10,369,0,0.814215898513794,
10,370,0,0.6370403170585632,
10,371,0,0.7085386514663696,
10,372,0,0.8194206357002258,
10,373,0,0.8413072824478149,
10,374,0,0.43505746126174927,
10,375,0,0.7595972418785095,
10,376,0,0.7801607251167297,
10,377,0,0.3409022092819214,
10,378,0,0.4186193346977234,
10,379,0,0.8456834554672241,
10,380,0,0.34806257486343384,
10,381,0,0.32427507638931274,
10,382,0,0.3264005184173584,
10,383,0,0.8377496600151062,
10,384,0,0.34802645444869995,
10,385,0,0.3383309841156006,
10,386,0,0.24466419219970703,
10,387,0,0.4406580924987793,
10,388,0,0.05734950304031372,
10,389,0,0.7841131687164307,
10,390,0,0.7596549391746521,
10,391,0,0.690851092338562,
10,392,0,0.6818298101425171,
10,393,0,0.3153116703033447,
10,394,0,0.4876123070716858,
10,395,0,0.8125220537185669,
10,396,0,0.16086995601654053,
10,397,0,0.18838506937026978,
10,398,0,0.8010786175727844,
10,399,0,0.30932772159576416,
10,400,0,0.7104791402816772,
10,401,0,0.7702637314796448,
10,402,0,0.8326817750930786,
10,403,0,0.8024622797966003,
10,404,0,0.32691943645477295,
10,405,0,0.06635397672653198,
10,406,0,0.7654076814651489,
10,407,0,0.8451360464096069,
10,408,0,0.8112679719924927,
10,409,0,0.7076846361160278,
10,410,0,0.8396824598312378,
10,411,0,0.31288009881973267,
10,412,0,0.8029983043670654,
10,413,0,0.06812649965286255,
10,414,0,0.7806704044342041,
10,415,0,0.6500424742698669,
10,416,0,0.8446348309516907,
10,417,0,0.0573156476020813,
10,418,0,0.4985281229019165,
10,419,0,0.47686272859573364,
10,420,0,0.26341235637664795,
10,421,0,0.26249486207962036,
10,422,0,0.8215292692184448,
10,423,0,0.839985191822052,
10,424,0,0.839484453201294,
10,425,0,0.8149629831314087,
10,426,0,0.8144813776016235,
10,427,0,0.8088386654853821,
10,428,0,0.4573335647583008,
10,429,0,0.816098153591156,
10,430,0,0.26289039850234985,
10,431,0,0.7908562421798706,
10,432,0,0.7644093632698059,
10,433,0,0.8271575570106506,
10,434,0,0.8317044377326965,
10,435,0,0.8165565729141235,
10,436,0,0.6136400699615479,
10,437,0,0.05311697721481323,
10,438,0,0.7215406894683838,
10,439,0,0.22365176677703857,
10,440,0,0.8465300798416138,
10,441,0,0.7960759401321411,
10,442,0,0.8257784843444824,
10,443,0,0.818873405456543,
10,444,0,0.7602242231369019,
10,445,0,0.8265585899353027,
10,446,0,0.7436659336090088,
10,447,0,0.3172709345817566,
10,448,0,0.05632591247558594,
10,449,0,0.8023978471755981,
10,450,0,0.77363520860672,
10,451,0,0.2623447775840759,
10,452,0,0.8195602893829346,
10,453,0,0.29673147201538086,
10,454,0,0.42292165756225586,
10,455,0,0.5810153484344482,
10,456,0,0.7274311780929565,
10,457,0,0.6700174808502197,
10,458,0,0.518572211265564,
10,459,0,0.8321218490600586,
10,460,0,0.8218649625778198,
10,461,0,0.4684869050979614,
10,462,0,0.8073427081108093,
10,463,0,0.15462714433670044,
10,464,0,0.6170141696929932,
10,465,0,0.7430243492126465,
10,466,0,0.046064674854278564,
10,467,0,0.815245509147644,
10,468,0,0.6499108076095581,
10,469,0,0.7956893444061279,
10,470,0,0.3493383526802063,
10,471,0,0.054763972759246826,
10,472,0,0.8431805372238159,
10,473,0,0.8401805758476257,
10,474,0,0.05730170011520386,
10,475,0,0.8301421403884888,
10,476,0,0.4626801609992981,
10,477,0,0.8369243741035461,
10,478,0,0.5217200517654419,
10,479,0,0.4846798777580261,
10,480,0,0.678093671798706,
10,481,0,0.1764768362045288,
10,482,0,0.8160353302955627,
10,483,0,0.8345489501953125,
10,484,0,0.8374944925308228,
10,485,0,0.4578131437301636,
10,486,0,0.7192116975784302,
10,487,0,0.34198397397994995,
10,488,0,0.735893964767456,
10,489,0,0.8342370390892029,
10,490,0,0.7647255659103394,
10,491,0,0.8258680105209351,
10,492,0,0.6576661467552185,
10,493,0,0.7466031312942505,
10,494,0,0.059776365756988525,
10,495,0,0.3632362484931946,
10,496,0,0.2897590398788452,
10,497,0,0.7761350274085999,
10,498,0,0.4543917775154114,
10,499,0,0.8448319435119629,
10,500,0,0.8209187984466553,
10,501,0,0.7696921825408936,
10,502,0,0.8373402953147888,
10,503,0,0.20935440063476562,
10,504,0,0.7559866309165955,
10,505,0,0.4733416438102722,
10,506,0,0.7696546316146851,
10,507,0,0.27838242053985596,
10,508,0,0.8464207649230957,
10,509,0,0.8421926498413086,
10,510,0,0.8548010587692261,
10,511,0,0.7785158157348633,
10,512,0,0.2534356713294983,
10,513,0,0.7249017357826233,
10,514,0,0.8139058351516724,
10,515,0,0.8008166551589966,
10,516,0,0.7415484189987183,
10,517,0,0.40845584869384766,
10,518,0,0.2460656762123108,
10,519,0,0.29641395807266235,
10,520,0,0.830793559551239,
10,521,0,0.8576546907424927,
10,522,0,0.37079864740371704,
10,523,0,0.8626919984817505,
10,524,0,0.7393724918365479,
10,525,0,0.053754985332489014,
10,526,0,0.32879704236984253,
10,527,0,0.8394126296043396,
10,528,0,0.05379408597946167,
10,529,0,0.8316246867179871,
10,530,0,0.8063021898269653,
10,531,0,0.8447870016098022,
10,532,0,0.7992822527885437,
10,533,0,0.8307745456695557,
10,534,0,0.3806571960449219,
10,535,0,0.8411998748779297,
10,536,0,0.7953798770904541,
10,537,0,0.2813975214958191,
10,538,0,0.8267929553985596,
10,539,0,0.806541383266449,
10,540,0,0.781688392162323,
10,541,0,0.43027836084365845,
10,542,0,0.3372974395751953,
10,543,0,0.8459987640380859,
10,544,0,0.06147497892379761,
10,545,0,0.40938884019851685,
10,546,0,0.4610480070114136,
10,547,0,0.06292802095413208,
10,548,0,0.7795287370681763,
10,549,0,0.3194982409477234,
10,550,0,0.8383657336235046,
10,551,0,0.8452303409576416,
10,552,0,0.7276948690414429,
10,553,0,0.44438713788986206,
10,554,0,0.6628788709640503,
10,555,0,0.2694277763366699,
10,556,0,0.7733992338180542,
10,557,0,0.8299351334571838,
10,558,0,0.3978082537651062,
10,559,0,0.6620405912399292,
10,560,0,0.7858142852783203,
10,561,0,0.8363585472106934,
10,562,0,0.17253148555755615,
10,563,0,0.8262313008308411,
10,564,0,0.48230332136154175,
10,565,0,0.36048442125320435,
10,566,0,0.3746776580810547,
10,567,0,0.8355118632316589,
10,568,0,0.21878153085708618,
10,569,0,0.8232113718986511,
10,570,0,0.6497259140014648,
10,571,0,0.6130342483520508,
10,572,0,0.3295922875404358,
10,573,0,0.8582949638366699,
10,574,0,0.3297041058540344,
10,575,0,0.2974141836166382,
10,576,0,0.797576904296875,
10,577,0,0.29875409603118896,
10,578,0,0.31661325693130493,
10,579,0,0.7866007685661316,
10,580,0,0.2925170063972473,
10,581,0,0.41002416610717773,
10,582,0,0.8376991748809814,
10,583,0,0.7712562084197998,
10,584,0,0.4431636929512024,
10,585,0,0.8161711096763611,
10,586,0,0.8316513299942017,
10,587,0,0.6012522578239441,
10,588,0,0.23557806015014648,
10,589,0,0.7336746454238892,
10,590,0,0.8256855010986328,
10,591,0,0.2667752504348755,
10,592,0,0.8163900971412659,
10,593,0,0.8353161811828613,
10,594,0,0.8204982280731201,
10,595,0,0.7490801811218262,
10,596,0,0.4366222023963928,
10,597,0,0.16978025436401367,
10,598,0,0.33333277702331543,
10,599,0,0.34486281871795654,
10,600,0,0.7638638615608215,
10,601,0,0.4279760718345642,
10,602,0,0.19156301021575928,
10,603,0,0.31139642000198364,
10,604,0,0.745890736579895,
10,605,0,0.7996028661727905,
10,606,0,0.3103317618370056,
10,607,0,0.7569845914840698,
10,608,0,0.7199220061302185,
10,609,0,0.8342269062995911,
10,610,0,0.8424108028411865,
10,611,0,0.8455373048782349,
10,612,0,0.6755555868148804,
10,613,0,0.7655779719352722,
10,614,0,0.8355032205581665,
10,615,0,0.3937736749649048,
10,616,0,0.8569456934928894,
10,617,0,0.30471545457839966,
10,618,0,0.17296254634857178,
10,619,0,0.4251190423965454,
10,620,0,0.8435801267623901,
10,621,0,0.42880141735076904,
10,622,0,0.7964854836463928,
10,623,0,0.4343491196632385,
10,624,0,0.3254436254501343,
10,625,0,0.8520207405090332,
10,626,0,0.8413312435150146,
10,627,0,0.8215203881263733,
10,628,0,0.8533782958984375,
10,629,0,0.4835847020149231,
10,630,0,0.06396806240081787,
10,631,0,0.18122178316116333,
10,632,0,0.8133981227874756,
10,633,0,0.7357728481292725,
10,634,0,0.8386651277542114,
10,635,0,0.4814857244491577,
10,636,0,0.8134227991104126,
10,637,0,0.7090851068496704,
10,638,0,0.8467854857444763,
10,639,0,0.7556416392326355,
10,640,0,0.15843582153320312,
10,641,0,0.7648107409477234,
10,642,0,0.7802190780639648,
10,643,0,0.42719608545303345,
10,644,0,0.41684895753860474,
10,645,0,0.8198313117027283,
10,646,0,0.8293326497077942,
10,647,0,0.7716733813285828,
10,648,0,0.8168604969978333,
10,649,0,0.04922729730606079,
10,650,0,0.7650461792945862,
10,651,0,0.4416857361793518,
10,652,0,0.7112334966659546,
10,653,0,0.5896009802818298,
10,654,0,0.7627769708633423,
10,655,0,0.25913405418395996,
10,656,0,0.2555685043334961,
10,657,0,0.3902108669281006,
10,658,0,0.7601361274719238,
10,659,0,0.05277162790298462,
10,660,0,0.8476807475090027,
10,661,0,0.7549759149551392,
10,662,0,0.8262151479721069,
10,663,0,0.7332279682159424,
10,664,0,0.8414261937141418,
10,665,0,0.430813193321228,
10,666,0,0.05627328157424927,
10,667,0,0.8117384314537048,
10,668,0,0.3066473603248596,
10,669,0,0.4670436382293701,
10,670,0,0.3885369300842285,
10,671,0,0.7601667046546936,
10,672,0,0.1801532506942749,
10,673,0,0.2846273183822632,
10,674,0,0.41390228271484375,
10,675,0,0.7617437839508057,
10,676,0,0.16707134246826172,
10,677,0,0.610540509223938,
10,678,0,0.8505962491035461,
10,679,0,0.8094858527183533,
10,680,0,0.06271445751190186,
10,681,0,0.8301424980163574,
10,682,0,0.3392157554626465,
10,683,0,0.3490048050880432,
10,684,0,0.8331156969070435,
10,685,0,0.8184486627578735,
10,686,0,0.8179621696472168,
10,687,0,0.6286972761154175,
10,688,0,0.2940629720687866,
10,689,0,0.7615107297897339,
10,690,0,0.844140887260437,
10,691,0,0.16544026136398315,
10,692,0,0.3677920699119568,
10,693,0,0.7082157135009766,
10,694,0,0.7688542604446411,
10,695,0,0.7685527801513672,
10,696,0,0.19514399766921997,
10,697,0,0.7557761073112488,
10,698,0,0.845720648765564,
10,699,0,0.45440179109573364,
10,700,0,0.26954972743988037,
10,701,0,0.8372538089752197,
10,702,0,0.7889717817306519,
10,703,0,0.8417713046073914,
10,704,0,0.17157095670700073,
10,705,0,0.05652099847793579,
10,706,0,0.8490386009216309,
10,707,0,0.8112854361534119,
10,708,0,0.8526673913002014,
10,709,0,0.7541983127593994,
10,710,0,0.41480714082717896,
10,711,0,0.3564632534980774,
10,712,0,0.3044615387916565,
10,713,0,0.42890405654907227,
10,714,0,0.8410837054252625,
10,715,0,0.45599365234375,
10,716,0,0.7686088681221008,
10,717,0,0.6670026183128357,
10,718,0,0.8352018594741821,
10,719,0,0.8291950225830078,
10,720,0,0.795866072177887,
10,721,0,0.7837508916854858,
10,722,0,0.7973548173904419,
10,723,0,0.18173152208328247,
10,724,0,0.7342040538787842,
10,725,0,0.20555543899536133,
10,726,0,0.8268619179725647,
10,727,0,0.8128347396850586,
10,728,0,0.19918256998062134,
10,729,0,0.4541558027267456,
10,730,0,0.37991446256637573,
10,731,0,0.8302701711654663,
10,732,0,0.8107359409332275,
10,733,0,0.41079217195510864,
10,734,0,0.8221293091773987,
10,735,0,0.33727073669433594,
10,736,0,0.7483187913894653,
10,737,0,0.8370277881622314,
10,738,0,0.8266295790672302,
10,739,0,0.6304152011871338,
10,740,0,0.3104820251464844,
10,741,0,0.6991581320762634,
10,742,0,0.8332487344741821,
10,743,0,0.8478468060493469,
10,744,0,0.8207495212554932,
10,745,0,0.29981184005737305,
10,746,0,0.7425458431243896,
10,747,0,0.8777605891227722,
10,748,0,0.7272487878799438,
10,749,0,0.8280042409896851,
10,750,0,0.8369874954223633,
10,751,0,0.8296530842781067,
10,752,0,0.7635672092437744,
10,753,0,0.47788482904434204,
10,754,0,0.7433129549026489,
10,755,0,0.8418869972229004,
10,756,0,0.8267697095870972,
10,757,0,0.8401833772659302,
10,758,0,0.7147735357284546,
10,759,0,0.05427032709121704,
10,760,0,0.4499794840812683,
10,761,0,0.7458962202072144,
10,762,0,0.7781910300254822,
10,763,0,0.3477311134338379,
10,764,0,0.3229154944419861,
10,765,0,0.8048858642578125,
10,766,0,0.1768994927406311,
10,767,0,0.7496060729026794,
10,768,0,0.8298819065093994,
10,769,0,0.20304715633392334,
10,770,0,0.7963844537734985,
10,771,0,0.7269935607910156,
10,772,0,0.8001247644424438,
10,773,0,0.21079808473587036,
10,774,0,0.8459547758102417,
10,775,0,0.7990822792053223,
10,776,0,0.2713947892189026,
10,777,0,0.8480781316757202,
10,778,0,0.4415551424026489,
10,779,0,0.8377771973609924,
10,780,0,0.7615950703620911,
10,781,0,0.8327595591545105,
10,782,0,0.418377161026001,
10,783,0,0.8102588057518005,
10,784,0,0.4063727855682373,
10,785,0,0.047583162784576416,
10,786,0,0.48546284437179565,
10,787,0,0.2629767060279846,
10,788,0,0.8527390360832214,
10,789,0,0.3128729462623596,
10,790,0,0.7769031524658203,
10,791,0,0.47976672649383545,
10,792,0,0.3587654232978821,
10,793,0,0.8017630577087402,
10,794,0,0.8365570902824402,
10,795,0,0.2904568910598755,
10,796,0,0.8304626941680908,
10,797,0,0.06234663724899292,
10,798,0,0.47365331649780273,
10,799,0,0.8286588788032532,
10,val,,,0.5865162682533264
11,0,0,0.4125264286994934,
11,1,0,0.8198714852333069,
11,2,0,0.6683939099311829,
11,3,0,0.8482114672660828,
11,4,0,0.4165183901786804,
11,5,0,0.7678465843200684,
11,6,0,0.17261219024658203,
11,7,0,0.47744834423065186,
11,8,0,0.24937528371810913,
11,9,0,0.8175285458564758,
11,10,0,0.06658655405044556,
11,11,0,0.8432484865188599,
11,12,0,0.830970287322998,
11,13,0,0.8260571956634521,
11,14,0,0.751396894454956,
11,15,0,0.8190608620643616,
11,16,0,0.5194240808486938,
11,17,0,0.40267181396484375,
11,18,0,0.8081871867179871,
11,19,0,0.821877658367157,
11,20,0,0.7412846088409424,
11,21,0,0.48497486114501953,
11,22,0,0.28310447931289673,
11,23,0,0.6874221563339233,
11,24,0,0.8235170841217041,
11,25,0,0.7287430763244629,
11,26,0,0.8413979411125183,
11,27,0,0.3886789083480835,
11,28,0,0.28726983070373535,
11,29,0,0.465182363986969,
11,30,0,0.8309046030044556,
11,31,0,0.802886962890625,
11,32,0,0.45374995470046997,
11,33,0,0.7497835159301758,
11,34,0,0.8327778577804565,
11,35,0,0.2778124213218689,
11,36,0,0.4291478991508484,
11,37,0,0.8263723254203796,
11,38,0,0.1970425248146057,
11,39,0,0.845167875289917,
11,40,0,0.16432416439056396,
11,41,0,0.639283299446106,
11,42,0,0.46750640869140625,
11,43,0,0.04690539836883545,
11,44,0,0.745765209197998,
11,45,0,0.47034794092178345,
11,46,0,0.05192774534225464,
11,47,0,0.05166834592819214,
11,48,0,0.8382728099822998,
11,49,0,0.31747275590896606,
11,50,0,0.840996503829956,
11,51,0,0.39160388708114624,
11,52,0,0.43539589643478394,
11,53,0,0.05263394117355347,
11,54,0,0.8518078327178955,
11,55,0,0.45155131816864014,
11,56,0,0.7951173186302185,
11,57,0,0.5000313520431519,
11,58,0,0.8721507787704468,
11,59,0,0.3609556555747986,
11,60,0,0.42524003982543945,
11,61,0,0.6085056066513062,
11,62,0,0.8281510472297668,
11,63,0,0.27585798501968384,
11,64,0,0.26233142614364624,
11,65,0,0.7757366299629211,
11,66,0,0.726737380027771,
11,67,0,0.4461674690246582,
11,68,0,0.833069920539856,
11,69,0,0.46653133630752563,
11,70,0,0.5110057592391968,
11,71,0,0.626001238822937,
11,72,0,0.669021487236023,
11,73,0,0.8077890872955322,
11,74,0,0.8207471966743469,
11,75,0,0.645472526550293,
11,76,0,0.8117085099220276,
11,77,0,0.7390024662017822,
11,78,0,0.16578233242034912,
11,79,0,0.8324058055877686,
11,80,0,0.4828782081604004,
11,81,0,0.8130344748497009,
11,82,0,0.05259972810745239,
11,83,0,0.8300706148147583,
11,84,0,0.8268206119537354,
11,85,0,0.5115780234336853,
11,86,0,0.8356249928474426,
11,87,0,0.5801535844802856,
11,88,0,0.8188575506210327,
11,89,0,0.4885748624801636,
11,90,0,0.7428193688392639,
11,91,0,0.8289633989334106,
11,92,0,0.8519631624221802,
11,93,0,0.821516215801239,
11,94,0,0.49014413356781006,
11,95,0,0.8405108451843262,
11,96,0,0.2816419005393982,
11,97,0,0.843002200126648,
11,98,0,0.6176398992538452,
11,99,0,0.8326715230941772,
11,100,0,0.7553056478500366,
11,101,0,0.672052264213562,
11,102,0,0.824914276599884,
11,103,0,0.7899860143661499,
11,104,0,0.8432615995407104,
11,105,0,0.33934682607650757,
11,106,0,0.8459387421607971,
11,107,0,0.8226827383041382,
11,108,0,0.6340241432189941,
11,109,0,0.82029789686203,
11,110,0,0.8651602268218994,
11,111,0,0.815148115158081,
11,112,0,0.8394784927368164,
11,113,0,0.43426793813705444,
11,114,0,0.2610505223274231,
11,115,0,0.8422726392745972,
11,116,0,0.8168544173240662,
11,117,0,0.3723676800727844,
11,118,0,0.8109127879142761,
11,119,0,0.33741670846939087,
11,120,0,0.8263855576515198,
11,121,0,0.8413483500480652,
11,122,0,0.7273446321487427,
11,123,0,0.06848526000976562,
11,124,0,0.42090994119644165,
11,125,0,0.7583225965499878,
11,126,0,0.8474972248077393,
11,127,0,0.8258106708526611,
11,128,0,0.8299949169158936,
11,129,0,0.8427653312683105,
11,130,0,0.7313469052314758,
11,131,0,0.859065055847168,
11,132,0,0.7912875413894653,
11,133,0,0.24793988466262817,
11,134,0,0.4333447217941284,
11,135,0,0.48743659257888794,
11,136,0,0.058293044567108154,
11,137,0,0.13540971279144287,
11,138,0,0.2623624801635742,
11,139,0,0.4828376770019531,
11,140,0,0.8299449682235718,
11,141,0,0.776244044303894,
11,142,0,0.830379843711853,
11,143,0,0.7807937264442444,
11,144,0,0.815857470035553,
11,145,0,0.22276324033737183,
11,146,0,0.6993255615234375,
11,147,0,0.24221056699752808,
11,148,0,0.7834759950637817,
11,149,0,0.787336528301239,
11,150,0,0.8057955503463745,
11,151,0,0.8133646249771118,
11,152,0,0.7349202632904053,
11,153,0,0.8229299783706665,
11,154,0,0.828230082988739,
11,155,0,0.7151546478271484,
11,156,0,0.051850974559783936,
11,157,0,0.6298091411590576,
11,158,0,0.7757533192634583,
11,159,0,0.8057690858840942,
11,160,0,0.35565125942230225,
11,161,0,0.07182788848876953,
11,162,0,0.8388943672180176,
11,163,0,0.28519344329833984,
11,164,0,0.3959246277809143,
11,165,0,0.7233946323394775,
11,166,0,0.25763577222824097,
11,167,0,0.8482430577278137,
11,168,0,0.8492065668106079,
11,169,0,0.1490820050239563,
11,170,0,0.7912949323654175,
11,171,0,0.740005373954773,
11,172,0,0.7365641593933105,
11,173,0,0.6389895677566528,
11,174,0,0.7546370029449463,
11,175,0,0.418393075466156,
11,176,0,0.7654556632041931,
11,177,0,0.31304943561553955,
11,178,0,0.8381852507591248,
11,179,0,0.34492748975753784,
11,180,0,0.8028749823570251,
11,181,0,0.8041102886199951,
11,182,0,0.3312033414840698,
11,183,0,0.1779058575630188,
11,184,0,0.7804649472236633,
11,185,0,0.7468985915184021,
11,186,0,0.30372244119644165,
11,187,0,0.7431586980819702,
11,188,0,0.7436146140098572,
11,189,0,0.2707555890083313,
11,190,0,0.06686151027679443,
11,191,0,0.45678287744522095,
11,192,0,0.7761077880859375,
11,193,0,0.74051833152771,
11,194,0,0.7378493547439575,
11,195,0,0.8621003031730652,
11,196,0,0.7508865594863892,
11,197,0,0.19367295503616333,
11,198,0,0.792570948600769,
11,199,0,0.25711947679519653,
11,200,0,0.7657123804092407,
11,201,0,0.051020681858062744,
11,202,0,0.291769802570343,
11,203,0,0.8375183343887329,
11,204,0,0.339407742023468,
11,205,0,0.2657179832458496,
11,206,0,0.34823358058929443,
11,207,0,0.15378934144973755,
11,208,0,0.4812629818916321,
11,209,0,0.7885563969612122,
11,210,0,0.31180036067962646,
11,211,0,0.826794445514679,
11,212,0,0.49605363607406616,
11,213,0,0.8007158637046814,
11,214,0,0.8397099375724792,
11,215,0,0.8680817484855652,
11,216,0,0.454645037651062,
11,217,0,0.8314528465270996,
11,218,0,0.8538084030151367,
11,219,0,0.729061484336853,
11,220,0,0.25960344076156616,
11,221,0,0.742531418800354,
11,222,0,0.3207259178161621,
11,223,0,0.4874882698059082,
11,224,0,0.8238466382026672,
11,225,0,0.2987937927246094,
11,226,0,0.8172665238380432,
11,227,0,0.17397814989089966,
11,228,0,0.7196301221847534,
11,229,0,0.425670862197876,
11,230,0,0.4600667357444763,
11,231,0,0.826855480670929,
11,232,0,0.8538086414337158,
11,233,0,0.8450331091880798,
11,234,0,0.8254469037055969,
11,235,0,0.045691490173339844,
11,236,0,0.444416344165802,
11,237,0,0.8347195386886597,
11,238,0,0.46938496828079224,
11,239,0,0.4362161159515381,
11,240,0,0.8176000118255615,
11,241,0,0.8335390686988831,
11,242,0,0.8249416947364807,
11,243,0,0.4429783821105957,
11,244,0,0.31277304887771606,
11,245,0,0.051332294940948486,
11,246,0,0.4338151812553406,
11,247,0,0.8363882899284363,
11,248,0,0.46004360914230347,
11,249,0,0.8207611441612244,
11,250,0,0.1257893443107605,
11,251,0,0.8460670709609985,
11,252,0,0.776782751083374,
11,253,0,0.7742857933044434,
11,254,0,0.04315185546875,
11,255,0,0.7522318959236145,
11,256,0,0.5682319402694702,
11,257,0,0.8458939790725708,
11,258,0,0.841247022151947,
11,259,0,0.8448008894920349,
11,260,0,0.5193629264831543,
11,261,0,0.7461009621620178,
11,262,0,0.8400834798812866,
11,263,0,0.7302614450454712,
11,264,0,0.2927064895629883,
11,265,0,0.8640274405479431,
11,266,0,0.8369876146316528,
11,267,0,0.8426980972290039,
11,268,0,0.3306208848953247,
11,269,0,0.46511000394821167,
11,270,0,0.6046805381774902,
11,271,0,0.8075778484344482,
11,272,0,0.3835185170173645,
11,273,0,0.8449282050132751,
11,274,0,0.8147725462913513,
11,275,0,0.16268908977508545,
11,276,0,0.813616156578064,
11,277,0,0.06387001276016235,
11,278,0,0.5627138018608093,
11,279,0,0.7408549785614014,
11,280,0,0.795382022857666,
11,281,0,0.792415201663971,
11,282,0,0.7529062032699585,
11,283,0,0.758162260055542,
11,284,0,0.83731609582901,
11,285,0,0.8586291670799255,
11,286,0,0.6533910036087036,
11,287,0,0.7298520803451538,
11,288,0,0.8183043599128723,
11,289,0,0.5278892517089844,
11,290,0,0.8278666138648987,
11,291,0,0.04867208003997803,
11,292,0,0.39240825176239014,
11,293,0,0.8437296152114868,
11,294,0,0.8392902612686157,
11,295,0,0.8497587442398071,
11,296,0,0.4830201268196106,
11,297,0,0.05105018615722656,
11,298,0,0.8564035892486572,
11,299,0,0.812462329864502,
11,300,0,0.4337581396102905,
11,301,0,0.41781747341156006,
11,302,0,0.8406069278717041,
11,303,0,0.607093334197998,
11,304,0,0.8428260684013367,
11,305,0,0.47262197732925415,
11,306,0,0.23864799737930298,
11,307,0,0.8317862749099731,
11,308,0,0.841119647026062,
11,309,0,0.20365417003631592,
11,310,0,0.8203108906745911,
11,311,0,0.39281225204467773,
11,312,0,0.8255066871643066,
11,313,0,0.8182048797607422,
11,314,0,0.41901522874832153,
11,315,0,0.8121366500854492,
11,316,0,0.8369427919387817,
11,317,0,0.6926817893981934,
11,318,0,0.3655966520309448,
11,319,0,0.32486432790756226,
11,320,0,0.7442573308944702,
11,321,0,0.849449872970581,
11,322,0,0.8550653457641602,
11,323,0,0.30260390043258667,
11,324,0,0.8507223725318909,
11,325,0,0.8038081526756287,
11,326,0,0.8090784549713135,
11,327,0,0.731777548789978,
11,328,0,0.7276124954223633,
11,329,0,0.7772626876831055,
11,330,0,0.3749770522117615,
11,331,0,0.3429902195930481,
11,332,0,0.8337346911430359,
11,333,0,0.2516701817512512,
11,334,0,0.8241754174232483,
11,335,0,0.3756658434867859,
11,336,0,0.8312687277793884,
11,337,0,0.4566470980644226,
11,338,0,0.6426659226417542,
11,339,0,0.808847963809967,
11,340,0,0.8434388041496277,
11,341,0,0.06039315462112427,
11,342,0,0.7458893060684204,
11,343,0,0.6228336095809937,
11,344,0,0.8275250196456909,
11,345,0,0.8271644711494446,
11,346,0,0.2526729702949524,
11,347,0,0.177922785282135,
11,348,0,0.7551182508468628,
11,349,0,0.8453012704849243,
11,350,0,0.806847870349884,
11,351,0,0.7729674577713013,
11,352,0,0.8252562284469604,
11,353,0,0.8407378792762756,
11,354,0,0.6423487663269043,
11,355,0,0.16596239805221558,
11,356,0,0.8428443074226379,
11,357,0,0.7485443353652954,
11,358,0,0.2067093849182129,
11,359,0,0.7808414697647095,
11,360,0,0.8504060506820679,
11,361,0,0.8466839790344238,
11,362,0,0.25740087032318115,
11,363,0,0.31206077337265015,
11,364,0,0.7531723380088806,
11,365,0,0.8682131171226501,
11,366,0,0.8366576433181763,
11,367,0,0.8372349143028259,
11,368,0,0.8291340470314026,
11,369,0,0.8138947486877441,
11,370,0,0.6270549297332764,
11,371,0,0.7270363569259644,
11,372,0,0.8229073286056519,
11,373,0,0.8597379326820374,
11,374,0,0.4357917904853821,
11,375,0,0.7534080147743225,
11,376,0,0.7632840871810913,
11,377,0,0.34058427810668945,
11,378,0,0.41243237257003784,
11,379,0,0.8309850692749023,
11,380,0,0.3438364267349243,
11,381,0,0.32519131898880005,
11,382,0,0.3253819942474365,
11,383,0,0.8404726982116699,
11,384,0,0.3450773358345032,
11,385,0,0.33834415674209595,
11,386,0,0.24706727266311646,
11,387,0,0.44054192304611206,
11,388,0,0.05715519189834595,
11,389,0,0.788060188293457,
11,390,0,0.7593620419502258,
11,391,0,0.7003085613250732,
11,392,0,0.6830142736434937,
11,393,0,0.31274110078811646,
11,394,0,0.48623907566070557,
11,395,0,0.8126068115234375,
11,396,0,0.16093480587005615,
11,397,0,0.1870381236076355,
11,398,0,0.8003506660461426,
11,399,0,0.3037980794906616,
11,400,0,0.7157341837882996,
11,401,0,0.7692281603813171,
11,402,0,0.8327755331993103,
11,403,0,0.8052712082862854,
11,404,0,0.3253985047340393,
11,405,0,0.06743627786636353,
11,406,0,0.7640567421913147,
11,407,0,0.843929648399353,
11,408,0,0.7941008806228638,
11,409,0,0.7084382772445679,
11,410,0,0.8387326002120972,
11,411,0,0.30903780460357666,
11,412,0,0.8079326748847961,
11,413,0,0.0678284764289856,
11,414,0,0.7810015082359314,
11,415,0,0.6507841348648071,
11,416,0,0.8393453359603882,
11,417,0,0.05870705842971802,
11,418,0,0.4999505281448364,
11,419,0,0.476199209690094,
11,420,0,0.26089972257614136,
11,421,0,0.2618165612220764,
11,422,0,0.8258755207061768,
11,423,0,0.8391809463500977,
11,424,0,0.8437913656234741,
11,425,0,0.8142145276069641,
11,426,0,0.8156050443649292,
11,427,0,0.8095382452011108,
11,428,0,0.4586034417152405,
11,429,0,0.8152927160263062,
11,430,0,0.26276737451553345,
11,431,0,0.7946720719337463,
11,432,0,0.7621470093727112,
11,433,0,0.826717734336853,
11,434,0,0.8300340175628662,
11,435,0,0.8158919811248779,
11,436,0,0.6140646934509277,
11,437,0,0.05284994840621948,
11,438,0,0.7138432264328003,
11,439,0,0.22320419549942017,
11,440,0,0.8453723192214966,
11,441,0,0.7881859540939331,
11,442,0,0.8247401118278503,
11,443,0,0.8179510235786438,
11,444,0,0.7556982636451721,
11,445,0,0.8254964351654053,
11,446,0,0.7466679811477661,
11,447,0,0.3194308280944824,
11,448,0,0.05275207757949829,
11,449,0,0.801842212677002,
11,450,0,0.7768335342407227,
11,451,0,0.2635510563850403,
11,452,0,0.826263964176178,
11,453,0,0.2963598370552063,
11,454,0,0.4231730103492737,
11,455,0,0.5884102582931519,
11,456,0,0.7269082069396973,
11,457,0,0.6713323593139648,
11,458,0,0.5177756547927856,
11,459,0,0.831816554069519,
11,460,0,0.8217364549636841,
11,461,0,0.46907806396484375,
11,462,0,0.8081983923912048,
11,463,0,0.1531381607055664,
11,464,0,0.6236082911491394,
11,465,0,0.7435337901115417,
11,466,0,0.04714161157608032,
11,467,0,0.8153260350227356,
11,468,0,0.6463838815689087,
11,469,0,0.7923510074615479,
11,470,0,0.3544403910636902,
11,471,0,0.055340588092803955,
11,472,0,0.8423906564712524,
11,473,0,0.8392469882965088,
11,474,0,0.05739384889602661,
11,475,0,0.8295024633407593,
11,476,0,0.4622849225997925,
11,477,0,0.8481348752975464,
11,478,0,0.5215612649917603,
11,479,0,0.48478013277053833,
11,480,0,0.6773384809494019,
11,481,0,0.1750066876411438,
11,482,0,0.8080830574035645,
11,483,0,0.8333307504653931,
11,484,0,0.8376936316490173,
11,485,0,0.45578867197036743,
11,486,0,0.719404399394989,
11,487,0,0.3441696763038635,
11,488,0,0.7336381673812866,
11,489,0,0.8347263336181641,
11,490,0,0.7634649872779846,
11,491,0,0.8270391821861267,
11,492,0,0.6571369171142578,
11,493,0,0.750916600227356,
11,494,0,0.05937480926513672,
11,495,0,0.36371904611587524,
11,496,0,0.2891911268234253,
11,497,0,0.7770229578018188,
11,498,0,0.45321494340896606,
11,499,0,0.8441423773765564,
11,500,0,0.8159651160240173,
11,501,0,0.770134687423706,
11,502,0,0.8373320698738098,
11,503,0,0.20811980962753296,
11,504,0,0.7531165480613708,
11,505,0,0.4749353528022766,
11,506,0,0.7675806283950806,
11,507,0,0.280609667301178,
11,508,0,0.8467125296592712,
11,509,0,0.8427168726921082,
11,510,0,0.8455333113670349,
11,511,0,0.7765732407569885,
11,512,0,0.2527919411659241,
11,513,0,0.7258574962615967,
11,514,0,0.8310343027114868,
11,515,0,0.8295120596885681,
11,516,0,0.7437210083007812,
11,517,0,0.4048535227775574,
11,518,0,0.24157917499542236,
11,519,0,0.29621362686157227,
11,520,0,0.8417189121246338,
11,521,0,0.8386478424072266,
11,522,0,0.3768347501754761,
11,523,0,0.8637416958808899,
11,524,0,0.7373206615447998,
11,525,0,0.052734196186065674,
11,526,0,0.32901179790496826,
11,527,0,0.8422621488571167,
11,528,0,0.05273360013961792,
11,529,0,0.8271216750144958,
11,530,0,0.8049102425575256,
11,531,0,0.8454053401947021,
11,532,0,0.7995120286941528,
11,533,0,0.8301491141319275,
11,534,0,0.3808654546737671,
11,535,0,0.8400421142578125,
11,536,0,0.7954965233802795,
11,537,0,0.2813999056816101,
11,538,0,0.828927755355835,
11,539,0,0.8085494041442871,
11,540,0,0.7846631407737732,
11,541,0,0.43046003580093384,
11,542,0,0.3346835970878601,
11,543,0,0.8471276164054871,
11,544,0,0.06106191873550415,
11,545,0,0.4075295925140381,
11,546,0,0.45646077394485474,
11,547,0,0.06260383129119873,
11,548,0,0.779729425907135,
11,549,0,0.3207250237464905,
11,550,0,0.8364388942718506,
11,551,0,0.8449454307556152,
11,552,0,0.7265292406082153,
11,553,0,0.4452831745147705,
11,554,0,0.6642117500305176,
11,555,0,0.2689654231071472,
11,556,0,0.7721117734909058,
11,557,0,0.8270286321640015,
11,558,0,0.3960762023925781,
11,559,0,0.6572800874710083,
11,560,0,0.7860314249992371,
11,561,0,0.8400391340255737,
11,562,0,0.17293071746826172,
11,563,0,0.8455402851104736,
11,564,0,0.48272645473480225,
11,565,0,0.3653128743171692,
11,566,0,0.37557798624038696,
11,567,0,0.8258538246154785,
11,568,0,0.2179011106491089,
11,569,0,0.8332828879356384,
11,570,0,0.6415512561798096,
11,571,0,0.6136772632598877,
11,572,0,0.3292236924171448,
11,573,0,0.8752476572990417,
11,574,0,0.3271254897117615,
11,575,0,0.2943018674850464,
11,576,0,0.7999293804168701,
11,577,0,0.29934388399124146,
11,578,0,0.31533175706863403,
11,579,0,0.792178213596344,
11,580,0,0.29624730348587036,
11,581,0,0.4128926992416382,
11,582,0,0.8418653011322021,
11,583,0,0.7696993947029114,
11,584,0,0.4454345703125,
11,585,0,0.8154422044754028,
11,586,0,0.8316375017166138,
11,587,0,0.6012417078018188,
11,588,0,0.23612534999847412,
11,589,0,0.7356255054473877,
11,590,0,0.8257794380187988,
11,591,0,0.2684161067008972,
11,592,0,0.8144853115081787,
11,593,0,0.8348924517631531,
11,594,0,0.8204300999641418,
11,595,0,0.7462193965911865,
11,596,0,0.4380982518196106,
11,597,0,0.16938549280166626,
11,598,0,0.33345574140548706,
11,599,0,0.3470762372016907,
11,600,0,0.7564911842346191,
11,601,0,0.43035006523132324,
11,602,0,0.19131165742874146,
11,603,0,0.3163546919822693,
11,604,0,0.7442028522491455,
11,605,0,0.7881481051445007,
11,606,0,0.3119490146636963,
11,607,0,0.7691152095794678,
11,608,0,0.7108551263809204,
11,609,0,0.8305726051330566,
11,610,0,0.8397842645645142,
11,611,0,0.8425926566123962,
11,612,0,0.6738548278808594,
11,613,0,0.7616904973983765,
11,614,0,0.833794116973877,
11,615,0,0.3938363194465637,
11,616,0,0.8457063436508179,
11,617,0,0.3066743016242981,
11,618,0,0.17135417461395264,
11,619,0,0.42365437746047974,
11,620,0,0.8429538011550903,
11,621,0,0.4245350956916809,
11,622,0,0.7857285141944885,
11,623,0,0.4294756054878235,
11,624,0,0.32955509424209595,
11,625,0,0.8526759147644043,
11,626,0,0.8315082788467407,
11,627,0,0.8184905052185059,
11,628,0,0.8498169183731079,
11,629,0,0.48266535997390747,
11,630,0,0.06414002180099487,
11,631,0,0.18113279342651367,
11,632,0,0.8158658146858215,
11,633,0,0.7326042056083679,
11,634,0,0.8545067310333252,
11,635,0,0.4836171865463257,
11,636,0,0.811307430267334,
11,637,0,0.7142730951309204,
11,638,0,0.8602269887924194,
11,639,0,0.7617124319076538,
11,640,0,0.15916746854782104,
11,641,0,0.7633801698684692,
11,642,0,0.783515453338623,
11,643,0,0.42978435754776,
11,644,0,0.41665250062942505,
11,645,0,0.8277159333229065,
11,646,0,0.831224799156189,
11,647,0,0.7718480825424194,
11,648,0,0.8167142271995544,
11,649,0,0.04967916011810303,
11,650,0,0.764815628528595,
11,651,0,0.443473756313324,
11,652,0,0.7135493755340576,
11,653,0,0.5922702550888062,
11,654,0,0.7617045044898987,
11,655,0,0.2499445080757141,
11,656,0,0.25645214319229126,
11,657,0,0.3872677683830261,
11,658,0,0.7571203112602234,
11,659,0,0.053314387798309326,
11,660,0,0.848477303981781,
11,661,0,0.752426028251648,
11,662,0,0.8211973309516907,
11,663,0,0.7315328121185303,
11,664,0,0.8435873985290527,
11,665,0,0.43144696950912476,
11,666,0,0.05628412961959839,
11,667,0,0.8165073394775391,
11,668,0,0.3020312190055847,
11,669,0,0.4690924882888794,
11,670,0,0.3888583779335022,
11,671,0,0.761109471321106,
11,672,0,0.17825275659561157,
11,673,0,0.2849169373512268,
11,674,0,0.41141366958618164,
11,675,0,0.7613161206245422,
11,676,0,0.1663697361946106,
11,677,0,0.6100620031356812,
11,678,0,0.8471227884292603,
11,679,0,0.8079958558082581,
11,680,0,0.061070263385772705,
11,681,0,0.8645017147064209,
11,682,0,0.337912380695343,
11,683,0,0.3605842590332031,
11,684,0,0.8321021795272827,
11,685,0,0.8139784336090088,
11,686,0,0.806561291217804,
11,687,0,0.6275333166122437,
11,688,0,0.294675350189209,
11,689,0,0.7642749547958374,
11,690,0,0.8427468538284302,
11,691,0,0.1650732159614563,
11,692,0,0.36826783418655396,
11,693,0,0.7090886831283569,
11,694,0,0.7673584222793579,
11,695,0,0.7666767239570618,
11,696,0,0.1935046911239624,
11,697,0,0.754652738571167,
11,698,0,0.8470988273620605,
11,699,0,0.45433932542800903,
11,700,0,0.26946717500686646,
11,701,0,0.8365458846092224,
11,702,0,0.787365734577179,
11,703,0,0.8323988914489746,
11,704,0,0.17080241441726685,
11,705,0,0.056500136852264404,
11,706,0,0.8463419079780579,
11,707,0,0.8146892786026001,
11,708,0,0.8447703123092651,
11,709,0,0.7547578811645508,
11,710,0,0.4152424931526184,
11,711,0,0.35681039094924927,
11,712,0,0.3041234612464905,
11,713,0,0.42765384912490845,
11,714,0,0.8383654952049255,
11,715,0,0.45452600717544556,
11,716,0,0.7666846513748169,
11,717,0,0.6665362119674683,
11,718,0,0.8303233981132507,
11,719,0,0.8285490870475769,
11,720,0,0.7969809770584106,
11,721,0,0.7829889059066772,
11,722,0,0.7945653200149536,
11,723,0,0.17907196283340454,
11,724,0,0.7247382402420044,
11,725,0,0.2045167088508606,
11,726,0,0.8280318379402161,
11,727,0,0.8102124929428101,
11,728,0,0.1999613642692566,
11,729,0,0.45465385913848877,
11,730,0,0.38275206089019775,
11,731,0,0.8310657739639282,
11,732,0,0.825086236000061,
11,733,0,0.4128316044807434,
11,734,0,0.8189200162887573,
11,735,0,0.3364303708076477,
11,736,0,0.7587270736694336,
11,737,0,0.8251785635948181,
11,738,0,0.8210452198982239,
11,739,0,0.6324005126953125,
11,740,0,0.31499820947647095,
11,741,0,0.7075183391571045,
11,742,0,0.8366255760192871,
11,743,0,0.8527143001556396,
11,744,0,0.8236710429191589,
11,745,0,0.3029741048812866,
11,746,0,0.7428277730941772,
11,747,0,0.8476557731628418,
11,748,0,0.7397298216819763,
11,749,0,0.8296253681182861,
11,750,0,0.8289152383804321,
11,751,0,0.8279119729995728,
11,752,0,0.7643492817878723,
11,753,0,0.4775034785270691,
11,754,0,0.7504804134368896,
11,755,0,0.8406128883361816,
11,756,0,0.8258431553840637,
11,757,0,0.8412457704544067,
11,758,0,0.7075549364089966,
11,759,0,0.05343228578567505,
11,760,0,0.45014268159866333,
11,761,0,0.7429583668708801,
11,762,0,0.7764145135879517,
11,763,0,0.34478241205215454,
11,764,0,0.32260197401046753,
11,765,0,0.8076460361480713,
11,766,0,0.17696571350097656,
11,767,0,0.7493551969528198,
11,768,0,0.8293489217758179,
11,769,0,0.20329779386520386,
11,770,0,0.7821824550628662,
11,771,0,0.7312793731689453,
11,772,0,0.804858922958374,
11,773,0,0.2102181315422058,
11,774,0,0.8421541452407837,
11,775,0,0.8054748177528381,
11,776,0,0.2701115012168884,
11,777,0,0.8698453903198242,
11,778,0,0.4397578239440918,
11,779,0,0.8377680778503418,
11,780,0,0.7609463930130005,
11,781,0,0.8325374126434326,
11,782,0,0.4174920916557312,
11,783,0,0.8118491768836975,
11,784,0,0.40699225664138794,
11,785,0,0.0481300950050354,
11,786,0,0.4874776601791382,
11,787,0,0.2633073925971985,
11,788,0,0.8473733067512512,
11,789,0,0.31962698698043823,
11,790,0,0.7846162915229797,
11,791,0,0.479603111743927,
11,792,0,0.35609811544418335,
11,793,0,0.7995683550834656,
11,794,0,0.8362544178962708,
11,795,0,0.29041165113449097,
11,796,0,0.8325851559638977,
11,797,0,0.06224459409713745,
11,798,0,0.46985357999801636,
11,799,0,0.8289157152175903,
11,val,,,0.5862153327465057
12,0,0,0.40870988368988037,
12,1,0,0.8183892965316772,
12,2,0,0.6622065305709839,
12,3,0,0.8531153202056885,
12,4,0,0.4158705472946167,
12,5,0,0.7676543593406677,
12,6,0,0.17214220762252808,
12,7,0,0.4770802855491638,
12,8,0,0.2503764033317566,
12,9,0,0.8183884024620056,
12,10,0,0.06607455015182495,
12,11,0,0.8392800688743591,
12,12,0,0.8335462808609009,
12,13,0,0.8254244923591614,
12,14,0,0.7508429288864136,
12,15,0,0.8186253309249878,
12,16,0,0.5182167887687683,
12,17,0,0.4010820984840393,
12,18,0,0.8076561689376831,
12,19,0,0.821479856967926,
12,20,0,0.7422078847885132,
12,21,0,0.4841815233230591,
12,22,0,0.2825424075126648,
12,23,0,0.6887609362602234,
12,24,0,0.8245323896408081,
12,25,0,0.7278212308883667,
12,26,0,0.8398718237876892,
12,27,0,0.3881537914276123,
12,28,0,0.2873018980026245,
12,29,0,0.46499103307724,
12,30,0,0.8314847946166992,
12,31,0,0.8012740612030029,
12,32,0,0.45330673456192017,
12,33,0,0.7493178844451904,
12,34,0,0.8217393159866333,
12,35,0,0.2776779532432556,
12,36,0,0.4268973469734192,
12,37,0,0.8264438509941101,
12,38,0,0.1982538104057312,
12,39,0,0.8457006812095642,
12,40,0,0.16433292627334595,
12,41,0,0.6388591527938843,
12,42,0,0.46763867139816284,
12,43,0,0.044978201389312744,
12,44,0,0.7468182444572449,
12,45,0,0.46984297037124634,
12,46,0,0.05167996883392334,
12,47,0,0.051647722721099854,
12,48,0,0.8371405005455017,
12,49,0,0.3161594271659851,
12,50,0,0.843447208404541,
12,51,0,0.39144086837768555,
12,52,0,0.4332655072212219,
12,53,0,0.05221349000930786,
12,54,0,0.8542854189872742,
12,55,0,0.4500265121459961,
12,56,0,0.7949948310852051,
12,57,0,0.4990686774253845,
12,58,0,0.8875847458839417,
12,59,0,0.362437903881073,
12,60,0,0.4264429211616516,
12,61,0,0.611851692199707,
12,62,0,0.8287771344184875,
12,63,0,0.275002121925354,
12,64,0,0.2631707787513733,
12,65,0,0.769661545753479,
12,66,0,0.7290308475494385,
12,67,0,0.4468703269958496,
12,68,0,0.8387643694877625,
12,69,0,0.46233242750167847,
12,70,0,0.5110480189323425,
12,71,0,0.6241465210914612,
12,72,0,0.670905351638794,
12,73,0,0.8052634000778198,
12,74,0,0.8201349973678589,
12,75,0,0.645668625831604,
12,76,0,0.8117688894271851,
12,77,0,0.7345799207687378,
12,78,0,0.1659073829650879,
12,79,0,0.8328107595443726,
12,80,0,0.48270612955093384,
12,81,0,0.8147811889648438,
12,82,0,0.052203238010406494,
12,83,0,0.8219193816184998,
12,84,0,0.846793532371521,
12,85,0,0.5143533945083618,
12,86,0,0.8356751799583435,
12,87,0,0.5788122415542603,
12,88,0,0.8185960054397583,
12,89,0,0.4884565472602844,
12,90,0,0.7418407201766968,
12,91,0,0.8217946290969849,
12,92,0,0.8504911661148071,
12,93,0,0.8206179738044739,
12,94,0,0.4905666708946228,
12,95,0,0.8436374068260193,
12,96,0,0.28137946128845215,
12,97,0,0.8419390916824341,
12,98,0,0.6170482635498047,
12,99,0,0.8387575745582581,
12,100,0,0.7540295720100403,
12,101,0,0.6713457107543945,
12,102,0,0.8365700244903564,
12,103,0,0.7831370234489441,
12,104,0,0.8409057259559631,
12,105,0,0.3412831425666809,
12,106,0,0.835777997970581,
12,107,0,0.8242805004119873,
12,108,0,0.6398965120315552,
12,109,0,0.8206797242164612,
12,110,0,0.8463512659072876,
12,111,0,0.8179646134376526,
12,112,0,0.837979793548584,
12,113,0,0.4325152039527893,
12,114,0,0.26191145181655884,
12,115,0,0.8486547470092773,
12,116,0,0.828060507774353,
12,117,0,0.3742777109146118,
12,118,0,0.8269317150115967,
12,119,0,0.33771204948425293,
12,120,0,0.8266091346740723,
12,121,0,0.8429882526397705,
12,122,0,0.7281598448753357,
12,123,0,0.06828838586807251,
12,124,0,0.4190647602081299,
12,125,0,0.7588385939598083,
12,126,0,0.8527167439460754,
12,127,0,0.8258260488510132,
12,128,0,0.8327531814575195,
12,129,0,0.8417332172393799,
12,130,0,0.7359886169433594,
12,131,0,0.8545651435852051,
12,132,0,0.7942442297935486,
12,133,0,0.2490096092224121,
12,134,0,0.4318878650665283,
12,135,0,0.48769766092300415,
12,136,0,0.05826932191848755,
12,137,0,0.1347675323486328,
12,138,0,0.2627387046813965,
12,139,0,0.4826347231864929,
12,140,0,0.8332378268241882,
12,141,0,0.779074490070343,
12,142,0,0.8475880026817322,
12,143,0,0.7825543284416199,
12,144,0,0.8162742257118225,
12,145,0,0.22200053930282593,
12,146,0,0.6950681209564209,
12,147,0,0.242051362991333,
12,148,0,0.784128725528717,
12,149,0,0.7874504327774048,
12,150,0,0.8055893182754517,
12,151,0,0.82728111743927,
12,152,0,0.7324687242507935,
12,153,0,0.823131799697876,
12,154,0,0.8268933296203613,
12,155,0,0.7145620584487915,
12,156,0,0.05109220743179321,
12,157,0,0.6285943388938904,
12,158,0,0.7749742269515991,
12,159,0,0.8068504929542542,
12,160,0,0.3546023964881897,
12,161,0,0.06838482618331909,
12,162,0,0.8378169536590576,
12,163,0,0.2847617268562317,
12,164,0,0.3951057195663452,
12,165,0,0.7239396572113037,
12,166,0,0.2563020586967468,
12,167,0,0.8375716805458069,
12,168,0,0.8454923033714294,
12,169,0,0.1480417251586914,
12,170,0,0.7781134247779846,
12,171,0,0.7401717901229858,
12,172,0,0.7362174391746521,
12,173,0,0.6405378580093384,
12,174,0,0.7544226050376892,
12,175,0,0.41840457916259766,
12,176,0,0.7652778625488281,
12,177,0,0.31375986337661743,
12,178,0,0.8382278680801392,
12,179,0,0.3454456329345703,
12,180,0,0.7943461537361145,
12,181,0,0.8051416873931885,
12,182,0,0.3309658169746399,
12,183,0,0.17698097229003906,
12,184,0,0.7827907800674438,
12,185,0,0.7455558776855469,
12,186,0,0.29382169246673584,
12,187,0,0.7381837368011475,
12,188,0,0.7529866695404053,
12,189,0,0.27019280195236206,
12,190,0,0.06860291957855225,
12,191,0,0.4641764760017395,
12,192,0,0.7617567777633667,
12,193,0,0.7398896217346191,
12,194,0,0.7364450693130493,
12,195,0,0.8614727258682251,
12,196,0,0.7505377531051636,
12,197,0,0.19361436367034912,
12,198,0,0.8115296363830566,
12,199,0,0.2562829852104187,
12,200,0,0.7598351836204529,
12,201,0,0.05000627040863037,
12,202,0,0.2901913523674011,
12,203,0,0.8377882838249207,
12,204,0,0.34284722805023193,
12,205,0,0.24299103021621704,
12,206,0,0.35319429636001587,
12,207,0,0.15356045961380005,
12,208,0,0.4816625714302063,
12,209,0,0.7818060517311096,
12,210,0,0.31214064359664917,
12,211,0,0.8264848589897156,
12,212,0,0.49089014530181885,
12,213,0,0.8102335333824158,
12,214,0,0.8373435139656067,
12,215,0,0.8491822481155396,
12,216,0,0.45476704835891724,
12,217,0,0.8323811888694763,
12,218,0,0.8625035285949707,
12,219,0,0.7246496677398682,
12,220,0,0.2582359313964844,
12,221,0,0.7442588210105896,
12,222,0,0.3206315040588379,
12,223,0,0.48794758319854736,
12,224,0,0.8324255347251892,
12,225,0,0.29962027072906494,
12,226,0,0.8176333904266357,
12,227,0,0.1726551055908203,
12,228,0,0.7221949100494385,
12,229,0,0.4235226511955261,
12,230,0,0.4598103165626526,
12,231,0,0.8235530257225037,
12,232,0,0.8538261651992798,
12,233,0,0.8447529077529907,
12,234,0,0.8265025615692139,
12,235,0,0.046461284160614014,
12,236,0,0.44511860609054565,
12,237,0,0.8340656757354736,
12,238,0,0.47068774700164795,
12,239,0,0.4275856614112854,
12,240,0,0.8191972374916077,
12,241,0,0.8313259482383728,
12,242,0,0.8254587650299072,
12,243,0,0.4421168565750122,
12,244,0,0.31069743633270264,
12,245,0,0.050692081451416016,
12,246,0,0.43568307161331177,
12,247,0,0.836961567401886,
12,248,0,0.4565775990486145,
12,249,0,0.8169302940368652,
12,250,0,0.12451839447021484,
12,251,0,0.8463245034217834,
12,252,0,0.7752135396003723,
12,253,0,0.7626982927322388,
12,254,0,0.04328078031539917,
12,255,0,0.752350926399231,
12,256,0,0.5682501792907715,
12,257,0,0.8484007120132446,
12,258,0,0.8335410356521606,
12,259,0,0.8644814491271973,
12,260,0,0.5186481475830078,
12,261,0,0.7464801073074341,
12,262,0,0.857972264289856,
12,263,0,0.7279456257820129,
12,264,0,0.29387080669403076,
12,265,0,0.859210193157196,
12,266,0,0.8241503834724426,
12,267,0,0.8411052227020264,
12,268,0,0.3301265835762024,
12,269,0,0.4638504385948181,
12,270,0,0.5998820662498474,
12,271,0,0.8173352479934692,
12,272,0,0.3834376335144043,
12,273,0,0.844843864440918,
12,274,0,0.8056820034980774,
12,275,0,0.16149556636810303,
12,276,0,0.8143725991249084,
12,277,0,0.06555920839309692,
12,278,0,0.5490630865097046,
12,279,0,0.7419877052307129,
12,280,0,0.7797061204910278,
12,281,0,0.7927550673484802,
12,282,0,0.7539907693862915,
12,283,0,0.754905104637146,
12,284,0,0.8401412963867188,
12,285,0,0.8378924131393433,
12,286,0,0.6653711795806885,
12,287,0,0.7275048494338989,
12,288,0,0.83079993724823,
12,289,0,0.5270282626152039,
12,290,0,0.8276868462562561,
12,291,0,0.04898107051849365,
12,292,0,0.3910897970199585,
12,293,0,0.8447115421295166,
12,294,0,0.8392804265022278,
12,295,0,0.8638802766799927,
12,296,0,0.4829966425895691,
12,297,0,0.05308014154434204,
12,298,0,0.8552414774894714,
12,299,0,0.8107738494873047,
12,300,0,0.4343941807746887,
12,301,0,0.41575783491134644,
12,302,0,0.8405706882476807,
12,303,0,0.6063680052757263,
12,304,0,0.8421807289123535,
12,305,0,0.4714251756668091,
12,306,0,0.2381906509399414,
12,307,0,0.8346876502037048,
12,308,0,0.8413205146789551,
12,309,0,0.20069056749343872,
12,310,0,0.8203505277633667,
12,311,0,0.39052897691726685,
12,312,0,0.8240033984184265,
12,313,0,0.8182511329650879,
12,314,0,0.4220433831214905,
12,315,0,0.8075487613677979,
12,316,0,0.83528733253479,
12,317,0,0.695873498916626,
12,318,0,0.3665563464164734,
12,319,0,0.3253527283668518,
12,320,0,0.744177520275116,
12,321,0,0.8425072431564331,
12,322,0,0.8542957901954651,
12,323,0,0.30266326665878296,
12,324,0,0.8474165797233582,
12,325,0,0.7989488840103149,
12,326,0,0.8103150129318237,
12,327,0,0.7309457063674927,
12,328,0,0.7227444648742676,
12,329,0,0.7776357531547546,
12,330,0,0.38178253173828125,
12,331,0,0.3312984108924866,
12,332,0,0.8521291613578796,
12,333,0,0.2503649592399597,
12,334,0,0.814704954624176,
12,335,0,0.37491321563720703,
12,336,0,0.8299665451049805,
12,337,0,0.45658308267593384,
12,338,0,0.6431617736816406,
12,339,0,0.8122726678848267,
12,340,0,0.8434924483299255,
12,341,0,0.06187295913696289,
12,342,0,0.7458165884017944,
12,343,0,0.6227701902389526,
12,344,0,0.8270683288574219,
12,345,0,0.8279063105583191,
12,346,0,0.24429327249526978,
12,347,0,0.17522352933883667,
12,348,0,0.7548302412033081,
12,349,0,0.8413366675376892,
12,350,0,0.8066223859786987,
12,351,0,0.7723501324653625,
12,352,0,0.8259338140487671,
12,353,0,0.8285053372383118,
12,354,0,0.6579771041870117,
12,355,0,0.16341179609298706,
12,356,0,0.8405210971832275,
12,357,0,0.7509256601333618,
12,358,0,0.2072240710258484,
12,359,0,0.780532717704773,
12,360,0,0.8464137315750122,
12,361,0,0.8469816446304321,
12,362,0,0.25628334283828735,
12,363,0,0.31222230195999146,
12,364,0,0.7528849840164185,
12,365,0,0.874822735786438,
12,366,0,0.8434398770332336,
12,367,0,0.8371614217758179,
12,368,0,0.8405250906944275,
12,369,0,0.8134276866912842,
12,370,0,0.62824547290802,
12,371,0,0.7284369468688965,
12,372,0,0.8180953860282898,
12,373,0,0.8382428884506226,
12,374,0,0.4282701015472412,
12,375,0,0.7621707916259766,
12,376,0,0.7684148550033569,
12,377,0,0.33924537897109985,
12,378,0,0.41510921716690063,
12,379,0,0.839057445526123,
12,380,0,0.34632253646850586,
12,381,0,0.32487934827804565,
12,382,0,0.3255234360694885,
12,383,0,0.8409668803215027,
12,384,0,0.34229975938796997,
12,385,0,0.3385475277900696,
12,386,0,0.24236375093460083,
12,387,0,0.4412412643432617,
12,388,0,0.05759483575820923,
12,389,0,0.782137393951416,
12,390,0,0.7598530054092407,
12,391,0,0.7029646635055542,
12,392,0,0.6824643611907959,
12,393,0,0.31220006942749023,
12,394,0,0.4874657392501831,
12,395,0,0.8112728595733643,
12,396,0,0.16041308641433716,
12,397,0,0.18790757656097412,
12,398,0,0.7991816997528076,
12,399,0,0.30964893102645874,
12,400,0,0.7205753326416016,
12,401,0,0.7631404399871826,
12,402,0,0.831448495388031,
12,403,0,0.8018943071365356,
12,404,0,0.32834357023239136,
12,405,0,0.06606769561767578,
12,406,0,0.7690239548683167,
12,407,0,0.8424797058105469,
12,408,0,0.8020236492156982,
12,409,0,0.7074376344680786,
12,410,0,0.8376238346099854,
12,411,0,0.3096703290939331,
12,412,0,0.8061352968215942,
12,413,0,0.06827503442764282,
12,414,0,0.781520664691925,
12,415,0,0.6477683782577515,
12,416,0,0.8525650501251221,
12,417,0,0.05561929941177368,
12,418,0,0.5002299547195435,
12,419,0,0.4747994542121887,
12,420,0,0.26369553804397583,
12,421,0,0.2612547278404236,
12,422,0,0.8230124711990356,
12,423,0,0.8391789197921753,
12,424,0,0.8417002558708191,
12,425,0,0.8139070868492126,
12,426,0,0.8138760924339294,
12,427,0,0.8089458346366882,
12,428,0,0.45784711837768555,
12,429,0,0.8162698149681091,
12,430,0,0.2632966637611389,
12,431,0,0.7906040549278259,
12,432,0,0.773056149482727,
12,433,0,0.8266592025756836,
12,434,0,0.830194890499115,
12,435,0,0.8173561692237854,
12,436,0,0.6119807958602905,
12,437,0,0.05292654037475586,
12,438,0,0.7176382541656494,
12,439,0,0.22328531742095947,
12,440,0,0.8491355776786804,
12,441,0,0.7832485437393188,
12,442,0,0.8237448334693909,
12,443,0,0.8175157904624939,
12,444,0,0.7604522705078125,
12,445,0,0.8260449171066284,
12,446,0,0.7599694132804871,
12,447,0,0.32203245162963867,
12,448,0,0.05422019958496094,
12,449,0,0.8018648624420166,
12,450,0,0.7823110818862915,
12,451,0,0.2624816298484802,
12,452,0,0.8220300078392029,
12,453,0,0.2981637120246887,
12,454,0,0.4226544499397278,
12,455,0,0.5813561677932739,
12,456,0,0.7288672924041748,
12,457,0,0.6682384014129639,
12,458,0,0.5182284116744995,
12,459,0,0.8356217741966248,
12,460,0,0.8207642436027527,
12,461,0,0.46860724687576294,
12,462,0,0.8078657984733582,
12,463,0,0.15371865034103394,
12,464,0,0.6167298555374146,
12,465,0,0.7437054514884949,
12,466,0,0.04551893472671509,
12,467,0,0.8159916400909424,
12,468,0,0.6442464590072632,
12,469,0,0.7992219924926758,
12,470,0,0.3473812937736511,
12,471,0,0.05551832914352417,
12,472,0,0.8426592350006104,
12,473,0,0.8398045301437378,
12,474,0,0.0572393536567688,
12,475,0,0.831336498260498,
12,476,0,0.46515989303588867,
12,477,0,0.8474609851837158,
12,478,0,0.5220741033554077,
12,479,0,0.4854710102081299,
12,480,0,0.6764765977859497,
12,481,0,0.17468535900115967,
12,482,0,0.8153750896453857,
12,483,0,0.836162805557251,
12,484,0,0.8376057147979736,
12,485,0,0.44884443283081055,
12,486,0,0.7192360758781433,
12,487,0,0.3423961400985718,
12,488,0,0.7413864135742188,
12,489,0,0.8325218558311462,
12,490,0,0.7641580104827881,
12,491,0,0.8251602649688721,
12,492,0,0.6554002165794373,
12,493,0,0.7420282363891602,
12,494,0,0.05958801507949829,
12,495,0,0.3643096089363098,
12,496,0,0.2887237071990967,
12,497,0,0.7766140699386597,
12,498,0,0.45373111963272095,
12,499,0,0.8453530073165894,
12,500,0,0.8106207251548767,
12,501,0,0.7703633904457092,
12,502,0,0.8364865183830261,
12,503,0,0.20927762985229492,
12,504,0,0.7596051096916199,
12,505,0,0.4746149778366089,
12,506,0,0.7685331702232361,
12,507,0,0.27982085943222046,
12,508,0,0.8461037874221802,
12,509,0,0.8437240123748779,
12,510,0,0.8406403660774231,
12,511,0,0.7835672497749329,
12,512,0,0.252472460269928,
12,513,0,0.7283467054367065,
12,514,0,0.8090167045593262,
12,515,0,0.8191839456558228,
12,516,0,0.7415405511856079,
12,517,0,0.4102156162261963,
12,518,0,0.24069863557815552,
12,519,0,0.2958067059516907,
12,520,0,0.8468163013458252,
12,521,0,0.8428263068199158,
12,522,0,0.3724992871284485,
12,523,0,0.8619832396507263,
12,524,0,0.7463304996490479,
12,525,0,0.052998244762420654,
12,526,0,0.32752805948257446,
12,527,0,0.8398782014846802,
12,528,0,0.05403852462768555,
12,529,0,0.8272483944892883,
12,530,0,0.8151480555534363,
12,531,0,0.8451746702194214,
12,532,0,0.7998740673065186,
12,533,0,0.832298219203949,
12,534,0,0.3819881081581116,
12,535,0,0.834868848323822,
12,536,0,0.7948433756828308,
12,537,0,0.2814558148384094,
12,538,0,0.8276503682136536,
12,539,0,0.8067222237586975,
12,540,0,0.7889690399169922,
12,541,0,0.4319687485694885,
12,542,0,0.33545857667922974,
12,543,0,0.8459165096282959,
12,544,0,0.061233699321746826,
12,545,0,0.40315473079681396,
12,546,0,0.4590831398963928,
12,547,0,0.06281143426895142,
12,548,0,0.7808150053024292,
12,549,0,0.32103633880615234,
12,550,0,0.835864245891571,
12,551,0,0.8440734148025513,
12,552,0,0.7261883020401001,
12,553,0,0.44603729248046875,
12,554,0,0.6636040210723877,
12,555,0,0.26856762170791626,
12,556,0,0.7759042382240295,
12,557,0,0.8295260667800903,
12,558,0,0.3964915871620178,
12,559,0,0.6553982496261597,
12,560,0,0.7867081761360168,
12,561,0,0.8360934257507324,
12,562,0,0.17294013500213623,
12,563,0,0.8263424634933472,
12,564,0,0.48266011476516724,
12,565,0,0.34972286224365234,
12,566,0,0.37459659576416016,
12,567,0,0.8317936658859253,
12,568,0,0.21711570024490356,
12,569,0,0.8213999271392822,
12,570,0,0.6436731219291687,
12,571,0,0.6120350360870361,
12,572,0,0.33022958040237427,
12,573,0,0.8447892665863037,
12,574,0,0.3289638161659241,
12,575,0,0.2920911908149719,
12,576,0,0.8011507987976074,
12,577,0,0.29931730031967163,
12,578,0,0.3159780502319336,
12,579,0,0.7920619249343872,
12,580,0,0.28926634788513184,
12,581,0,0.4092710614204407,
12,582,0,0.8334503769874573,
12,583,0,0.7678228616714478,
12,584,0,0.44422298669815063,
12,585,0,0.8159134387969971,
12,586,0,0.8316625356674194,
12,587,0,0.6005246639251709,
12,588,0,0.23539751768112183,
12,589,0,0.7236419320106506,
12,590,0,0.8238526582717896,
12,591,0,0.2683682441711426,
12,592,0,0.8151712417602539,
12,593,0,0.8333542346954346,
12,594,0,0.8213786482810974,
12,595,0,0.7436703443527222,
12,596,0,0.4360843300819397,
12,597,0,0.16913241147994995,
12,598,0,0.3339584469795227,
12,599,0,0.3442096710205078,
12,600,0,0.755948007106781,
12,601,0,0.43084287643432617,
12,602,0,0.19208961725234985,
12,603,0,0.3117219805717468,
12,604,0,0.7454403638839722,
12,605,0,0.7923102974891663,
12,606,0,0.308171808719635,
12,607,0,0.7692381143569946,
12,608,0,0.7023504972457886,
12,609,0,0.8301164507865906,
12,610,0,0.8411095142364502,
12,611,0,0.8506431579589844,
12,612,0,0.6712595820426941,
12,613,0,0.7623451948165894,
12,614,0,0.8362951278686523,
12,615,0,0.39310455322265625,
12,616,0,0.8634300827980042,
12,617,0,0.30399662256240845,
12,618,0,0.17344987392425537,
12,619,0,0.424078106880188,
12,620,0,0.8437750339508057,
12,621,0,0.4259408116340637,
12,622,0,0.8039727210998535,
12,623,0,0.431377112865448,
12,624,0,0.3421163558959961,
12,625,0,0.8544736504554749,
12,626,0,0.8183907270431519,
12,627,0,0.8186471462249756,
12,628,0,0.8512067794799805,
12,629,0,0.4819490909576416,
12,630,0,0.06484085321426392,
12,631,0,0.18119865655899048,
12,632,0,0.8150607347488403,
12,633,0,0.7437582015991211,
12,634,0,0.8454975485801697,
12,635,0,0.48329979181289673,
12,636,0,0.8159224987030029,
12,637,0,0.7112128734588623,
12,638,0,0.8454903364181519,
12,639,0,0.7575065493583679,
12,640,0,0.15795010328292847,
12,641,0,0.759218692779541,
12,642,0,0.7822695970535278,
12,643,0,0.427314817905426,
12,644,0,0.41516220569610596,
12,645,0,0.8146567940711975,
12,646,0,0.8396939635276794,
12,647,0,0.7722495794296265,
12,648,0,0.8161764144897461,
12,649,0,0.04941844940185547,
12,650,0,0.766105055809021,
12,651,0,0.4413830041885376,
12,652,0,0.713701605796814,
12,653,0,0.592657744884491,
12,654,0,0.7622418999671936,
12,655,0,0.25218552350997925,
12,656,0,0.2550233006477356,
12,657,0,0.3905032277107239,
12,658,0,0.7464257478713989,
12,659,0,0.05322176218032837,
12,660,0,0.8482519388198853,
12,661,0,0.7661170363426208,
12,662,0,0.8317910432815552,
12,663,0,0.7306993007659912,
12,664,0,0.8433871269226074,
12,665,0,0.4304279088973999,
12,666,0,0.05606275796890259,
12,667,0,0.8157073855400085,
12,668,0,0.3091197609901428,
12,669,0,0.46743911504745483,
12,670,0,0.3858541250228882,
12,671,0,0.7613810300827026,
12,672,0,0.1772441864013672,
12,673,0,0.2860112190246582,
12,674,0,0.4147093892097473,
12,675,0,0.7622221112251282,
12,676,0,0.16695481538772583,
12,677,0,0.6150219440460205,
12,678,0,0.8545835018157959,
12,679,0,0.8098845481872559,
12,680,0,0.061439335346221924,
12,681,0,0.8334885835647583,
12,682,0,0.33706337213516235,
12,683,0,0.35032111406326294,
12,684,0,0.8389626145362854,
12,685,0,0.8191787004470825,
12,686,0,0.8121286630630493,
12,687,0,0.6273793578147888,
12,688,0,0.29411834478378296,
12,689,0,0.7576098442077637,
12,690,0,0.8432605862617493,
12,691,0,0.16540271043777466,
12,692,0,0.36544835567474365,
12,693,0,0.7106598615646362,
12,694,0,0.7663403749465942,
12,695,0,0.7678408026695251,
12,696,0,0.19292527437210083,
12,697,0,0.7538239359855652,
12,698,0,0.844419002532959,
12,699,0,0.4546680450439453,
12,700,0,0.2695541977882385,
12,701,0,0.8363320231437683,
12,702,0,0.7880080342292786,
12,703,0,0.8399775624275208,
12,704,0,0.16849982738494873,
12,705,0,0.05727177858352661,
12,706,0,0.8465993404388428,
12,707,0,0.8150500655174255,
12,708,0,0.8489763736724854,
12,709,0,0.7537702322006226,
12,710,0,0.4122698903083801,
12,711,0,0.35736846923828125,
12,712,0,0.3037930130958557,
12,713,0,0.4285363554954529,
12,714,0,0.8469669818878174,
12,715,0,0.4550376534461975,
12,716,0,0.7682105898857117,
12,717,0,0.6616584658622742,
12,718,0,0.8236367702484131,
12,719,0,0.830172598361969,
12,720,0,0.798755943775177,
12,721,0,0.7874459624290466,
12,722,0,0.7943863272666931,
12,723,0,0.17411929368972778,
12,724,0,0.7384989261627197,
12,725,0,0.2045654058456421,
12,726,0,0.8247306942939758,
12,727,0,0.8084378242492676,
12,728,0,0.19916599988937378,
12,729,0,0.45286184549331665,
12,730,0,0.375984787940979,
12,731,0,0.8303836584091187,
12,732,0,0.8202797174453735,
12,733,0,0.4019971489906311,
12,734,0,0.820742666721344,
12,735,0,0.3344990015029907,
12,736,0,0.7558932304382324,
12,737,0,0.8330823183059692,
12,738,0,0.8198537230491638,
12,739,0,0.6313351392745972,
12,740,0,0.3103836178779602,
12,741,0,0.7060201168060303,
12,742,0,0.8364810943603516,
12,743,0,0.8475483655929565,
12,744,0,0.8227354288101196,
12,745,0,0.2934085726737976,
12,746,0,0.7437002658843994,
12,747,0,0.843927800655365,
12,748,0,0.7225207090377808,
12,749,0,0.8296217322349548,
12,750,0,0.8173478841781616,
12,751,0,0.8285945057868958,
12,752,0,0.7675395011901855,
12,753,0,0.4776219129562378,
12,754,0,0.7444512844085693,
12,755,0,0.8445552587509155,
12,756,0,0.829568088054657,
12,757,0,0.8388946652412415,
12,758,0,0.7114614248275757,
12,759,0,0.053708553314208984,
12,760,0,0.4494960904121399,
12,761,0,0.7432184219360352,
12,762,0,0.7763650417327881,
12,763,0,0.3425043821334839,
12,764,0,0.32346493005752563,
12,765,0,0.8071279525756836,
12,766,0,0.17637062072753906,
12,767,0,0.7469052672386169,
12,768,0,0.8300248384475708,
12,769,0,0.2039209008216858,
12,770,0,0.7857707142829895,
12,771,0,0.7246318459510803,
12,772,0,0.8079440593719482,
12,773,0,0.21096497774124146,
12,774,0,0.8391705751419067,
12,775,0,0.8011261224746704,
12,776,0,0.2707090377807617,
12,777,0,0.8521609902381897,
12,778,0,0.43902891874313354,
12,779,0,0.8388907313346863,
12,780,0,0.7634556889533997,
12,781,0,0.8320684432983398,
12,782,0,0.41808319091796875,
12,783,0,0.8107474446296692,
12,784,0,0.40572619438171387,
12,785,0,0.04747849702835083,
12,786,0,0.48619580268859863,
12,787,0,0.26272809505462646,
12,788,0,0.8478459119796753,
12,789,0,0.31732845306396484,
12,790,0,0.7758429050445557,
12,791,0,0.4787617325782776,
12,792,0,0.3552694320678711,
12,793,0,0.7995238304138184,
12,794,0,0.8348066210746765,
12,795,0,0.29087334871292114,
12,796,0,0.8298265933990479,
12,797,0,0.06242406368255615,
12,798,0,0.47073954343795776,
12,799,0,0.8283397555351257,
12,val,,,0.5860059344768525
13,0,0,0.407306969165802,
13,1,0,0.818649172782898,
13,2,0,0.6737504005432129,
13,3,0,0.8576047420501709,
13,4,0,0.4161030054092407,
13,5,0,0.7692797183990479,
13,6,0,0.17157572507858276,
13,7,0,0.47710055112838745,
13,8,0,0.2531951069831848,
13,9,0,0.8185994029045105,
13,10,0,0.06611520051956177,
13,11,0,0.8543097376823425,
13,12,0,0.8345471620559692,
13,13,0,0.8256839513778687,
13,14,0,0.752294659614563,
13,15,0,0.8179900050163269,
13,16,0,0.5202093124389648,
13,17,0,0.4016346335411072,
13,18,0,0.8084275722503662,
13,19,0,0.8222042322158813,
13,20,0,0.7440063953399658,
13,21,0,0.4848613739013672,
13,22,0,0.2817137837409973,
13,23,0,0.6872631311416626,
13,24,0,0.824100136756897,
13,25,0,0.7284888029098511,
13,26,0,0.8397154211997986,
13,27,0,0.38902920484542847,
13,28,0,0.2878788709640503,
13,29,0,0.4629841446876526,
13,30,0,0.8323235511779785,
13,31,0,0.8084532022476196,
13,32,0,0.4539331793785095,
13,33,0,0.749363899230957,
13,34,0,0.8146567940711975,
13,35,0,0.2776089310646057,
13,36,0,0.43125176429748535,
13,37,0,0.8266544938087463,
13,38,0,0.19806671142578125,
13,39,0,0.844724714756012,
13,40,0,0.1643075942993164,
13,41,0,0.6373858451843262,
13,42,0,0.46754151582717896,
13,43,0,0.042131006717681885,
13,44,0,0.7453837394714355,
13,45,0,0.4707546830177307,
13,46,0,0.051626741886138916,
13,47,0,0.05200248956680298,
13,48,0,0.8382400870323181,
13,49,0,0.31897956132888794,
13,50,0,0.8407794833183289,
13,51,0,0.3880000710487366,
13,52,0,0.43475472927093506,
13,53,0,0.053294837474823,
13,54,0,0.8530024290084839,
13,55,0,0.45030033588409424,
13,56,0,0.7951156497001648,
13,57,0,0.4990893006324768,
13,58,0,0.8667654395103455,
13,59,0,0.36097317934036255,
13,60,0,0.427726149559021,
13,61,0,0.6080756187438965,
13,62,0,0.8277597427368164,
13,63,0,0.2754831314086914,
13,64,0,0.2636352777481079,
13,65,0,0.7677130103111267,
13,66,0,0.729627788066864,
13,67,0,0.44661539793014526,
13,68,0,0.8349446654319763,
13,69,0,0.46559077501296997,
13,70,0,0.5105609893798828,
13,71,0,0.6243352890014648,
13,72,0,0.668312132358551,
13,73,0,0.8079695701599121,
13,74,0,0.8205404281616211,
13,75,0,0.6425495147705078,
13,76,0,0.8113932013511658,
13,77,0,0.74066162109375,
13,78,0,0.16478288173675537,
13,79,0,0.8367971777915955,
13,80,0,0.48288804292678833,
13,81,0,0.8129205703735352,
13,82,0,0.05176198482513428,
13,83,0,0.8318496942520142,
13,84,0,0.8292461633682251,
13,85,0,0.5158969163894653,
13,86,0,0.8388965129852295,
13,87,0,0.5822948217391968,
13,88,0,0.8172619342803955,
13,89,0,0.48917078971862793,
13,90,0,0.7404453754425049,
13,91,0,0.8370370864868164,
13,92,0,0.8489038944244385,
13,93,0,0.8203846216201782,
13,94,0,0.4893125295639038,
13,95,0,0.842442512512207,
13,96,0,0.2807832360267639,
13,97,0,0.8441558480262756,
13,98,0,0.6153366565704346,
13,99,0,0.8350284695625305,
13,100,0,0.7532513737678528,
13,101,0,0.6702250242233276,
13,102,0,0.8223154544830322,
13,103,0,0.7898659110069275,
13,104,0,0.8407284021377563,
13,105,0,0.3417070508003235,
13,106,0,0.8355714678764343,
13,107,0,0.8236615061759949,
13,108,0,0.6397390365600586,
13,109,0,0.8232764005661011,
13,110,0,0.8498741388320923,
13,111,0,0.8201138377189636,
13,112,0,0.8372034430503845,
13,113,0,0.43478137254714966,
13,114,0,0.2608414888381958,
13,115,0,0.8274792432785034,
13,116,0,0.813614547252655,
13,117,0,0.3748466372489929,
13,118,0,0.8199265003204346,
13,119,0,0.33742624521255493,
13,120,0,0.8261091709136963,
13,121,0,0.8383070826530457,
13,122,0,0.7270517349243164,
13,123,0,0.06845569610595703,
13,124,0,0.4185652732849121,
13,125,0,0.759628415107727,
13,126,0,0.8597590327262878,
13,127,0,0.8277602195739746,
13,128,0,0.8418838977813721,
13,129,0,0.8420552611351013,
13,130,0,0.7221337556838989,
13,131,0,0.8471413254737854,
13,132,0,0.7913957238197327,
13,133,0,0.24843770265579224,
13,134,0,0.4294138550758362,
13,135,0,0.4867514967918396,
13,136,0,0.058544695377349854,
13,137,0,0.1350693702697754,
13,138,0,0.26247942447662354,
13,139,0,0.48174673318862915,
13,140,0,0.8278118968009949,
13,141,0,0.7738825082778931,
13,142,0,0.8453721404075623,
13,143,0,0.7774410247802734,
13,144,0,0.8159013390541077,
13,145,0,0.22314155101776123,
13,146,0,0.6961908340454102,
13,147,0,0.24174422025680542,
13,148,0,0.7794396877288818,
13,149,0,0.7881110906600952,
13,150,0,0.8058065176010132,
13,151,0,0.8250633478164673,
13,152,0,0.7342771291732788,
13,153,0,0.8235999345779419,
13,154,0,0.8311821222305298,
13,155,0,0.7152018547058105,
13,156,0,0.05160599946975708,
13,157,0,0.6294705271720886,
13,158,0,0.7751162648200989,
13,159,0,0.8051983714103699,
13,160,0,0.35753995180130005,
13,161,0,0.06644999980926514,
13,162,0,0.839781641960144,
13,163,0,0.28427934646606445,
13,164,0,0.3907826542854309,
13,165,0,0.7252784371376038,
13,166,0,0.25324350595474243,
13,167,0,0.891842782497406,
13,168,0,0.8466730117797852,
13,169,0,0.14892786741256714,
13,170,0,0.7735285758972168,
13,171,0,0.7408198118209839,
13,172,0,0.7367261648178101,
13,173,0,0.6401578187942505,
13,174,0,0.7553572058677673,
13,175,0,0.4181283712387085,
13,176,0,0.7652299404144287,
13,177,0,0.3134928345680237,
13,178,0,0.8382723927497864,
13,179,0,0.34285908937454224,
13,180,0,0.7991102933883667,
13,181,0,0.7992492914199829,
13,182,0,0.33089572191238403,
13,183,0,0.1766539216041565,
13,184,0,0.7806721925735474,
13,185,0,0.7466949224472046,
13,186,0,0.2973375916481018,
13,187,0,0.7625370621681213,
13,188,0,0.7390118837356567,
13,189,0,0.2698681354522705,
13,190,0,0.06715905666351318,
13,191,0,0.4649151563644409,
13,192,0,0.7731243371963501,
13,193,0,0.740036129951477,
13,194,0,0.7378489971160889,
13,195,0,0.8621518015861511,
13,196,0,0.7506927251815796,
13,197,0,0.19230729341506958,
13,198,0,0.8108835220336914,
13,199,0,0.2568187713623047,
13,200,0,0.7617836594581604,
13,201,0,0.04966467618942261,
13,202,0,0.2922673225402832,
13,203,0,0.838982105255127,
13,204,0,0.3368813395500183,
13,205,0,0.26617199182510376,
13,206,0,0.35101020336151123,
13,207,0,0.1534164547920227,
13,208,0,0.48249006271362305,
13,209,0,0.7844798564910889,
13,210,0,0.308837890625,
13,211,0,0.8271092176437378,
13,212,0,0.49128419160842896,
13,213,0,0.8028420209884644,
13,214,0,0.8403998017311096,
13,215,0,0.8366197347640991,
13,216,0,0.45359569787979126,
13,217,0,0.8317283391952515,
13,218,0,0.8443677425384521,
13,219,0,0.7278385162353516,
13,220,0,0.2572627067565918,
13,221,0,0.7436211109161377,
13,222,0,0.32118749618530273,
13,223,0,0.4871056079864502,
13,224,0,0.8324401378631592,
13,225,0,0.2964099645614624,
13,226,0,0.8188129663467407,
13,227,0,0.1732274889945984,
13,228,0,0.7271531820297241,
13,229,0,0.42249828577041626,
13,230,0,0.4589548707008362,
13,231,0,0.8244914412498474,
13,232,0,0.8538558483123779,
13,233,0,0.8459194898605347,
13,234,0,0.8272767066955566,
13,235,0,0.045449256896972656,
13,236,0,0.44383805990219116,
13,237,0,0.835853099822998,
13,238,0,0.46877652406692505,
13,239,0,0.419974684715271,
13,240,0,0.8186047077178955,
13,241,0,0.8402585387229919,
13,242,0,0.8248636722564697,
13,243,0,0.44156140089035034,
13,244,0,0.3121998906135559,
13,245,0,0.050700366497039795,
13,246,0,0.4334426522254944,
13,247,0,0.8353888988494873,
13,248,0,0.45713740587234497,
13,249,0,0.8151119947433472,
13,250,0,0.1260237693786621,
13,251,0,0.8464714884757996,
13,252,0,0.7845084071159363,
13,253,0,0.7683892250061035,
13,254,0,0.04280048608779907,
13,255,0,0.7520362734794617,
13,256,0,0.5686086416244507,
13,257,0,0.8478988409042358,
13,258,0,0.83260577917099,
13,259,0,0.8449094295501709,
13,260,0,0.5179530382156372,
13,261,0,0.7472585439682007,
13,262,0,0.838185727596283,
13,263,0,0.7303391098976135,
13,264,0,0.29115867614746094,
13,265,0,0.8603041172027588,
13,266,0,0.820030927658081,
13,267,0,0.8413674831390381,
13,268,0,0.3281283974647522,
13,269,0,0.4641421437263489,
13,270,0,0.6017451286315918,
13,271,0,0.8124205470085144,
13,272,0,0.3839537501335144,
13,273,0,0.8449610471725464,
13,274,0,0.8110133409500122,
13,275,0,0.16166573762893677,
13,276,0,0.8148521184921265,
13,277,0,0.06398773193359375,
13,278,0,0.5581414103507996,
13,279,0,0.7412936687469482,
13,280,0,0.7813995480537415,
13,281,0,0.7937575578689575,
13,282,0,0.7489631772041321,
13,283,0,0.757401168346405,
13,284,0,0.8360882997512817,
13,285,0,0.8480020761489868,
13,286,0,0.6569816470146179,
13,287,0,0.7291264533996582,
13,288,0,0.8187301754951477,
13,289,0,0.5268744826316833,
13,290,0,0.8296312689781189,
13,291,0,0.048657774925231934,
13,292,0,0.3908470869064331,
13,293,0,0.8440302014350891,
13,294,0,0.8377298712730408,
13,295,0,0.8674911856651306,
13,296,0,0.48257094621658325,
13,297,0,0.05190521478652954,
13,298,0,0.8494685888290405,
13,299,0,0.8117808699607849,
13,300,0,0.4335523247718811,
13,301,0,0.41497230529785156,
13,302,0,0.8421123027801514,
13,303,0,0.6029753684997559,
13,304,0,0.8444048166275024,
13,305,0,0.47164613008499146,
13,306,0,0.23819392919540405,
13,307,0,0.8337153196334839,
13,308,0,0.8415549993515015,
13,309,0,0.20084959268569946,
13,310,0,0.8204298615455627,
13,311,0,0.3905654549598694,
13,312,0,0.8231826424598694,
13,313,0,0.817451000213623,
13,314,0,0.41457879543304443,
13,315,0,0.806534469127655,
13,316,0,0.8370039463043213,
13,317,0,0.6855760812759399,
13,318,0,0.37644630670547485,
13,319,0,0.32393038272857666,
13,320,0,0.7444441318511963,
13,321,0,0.8341633677482605,
13,322,0,0.8415080308914185,
13,323,0,0.30219364166259766,
13,324,0,0.8498136401176453,
13,325,0,0.7976852655410767,
13,326,0,0.8092260360717773,
13,327,0,0.7319902181625366,
13,328,0,0.722846269607544,
13,329,0,0.7693069577217102,
13,330,0,0.3741525411605835,
13,331,0,0.34111136198043823,
13,332,0,0.8361966013908386,
13,333,0,0.24958652257919312,
13,334,0,0.8192754983901978,
13,335,0,0.373440146446228,
13,336,0,0.8309440016746521,
13,337,0,0.4554804563522339,
13,338,0,0.6431913375854492,
13,339,0,0.7940492630004883,
13,340,0,0.8461931943893433,
13,341,0,0.05947434902191162,
13,342,0,0.7447088956832886,
13,343,0,0.6295571327209473,
13,344,0,0.8278782367706299,
13,345,0,0.827387273311615,
13,346,0,0.24078232049942017,
13,347,0,0.1819477677345276,
13,348,0,0.755297064781189,
13,349,0,0.8600420355796814,
13,350,0,0.802786111831665,
13,351,0,0.7730676531791687,
13,352,0,0.8270376920700073,
13,353,0,0.8235431909561157,
13,354,0,0.6531995534896851,
13,355,0,0.1640048623085022,
13,356,0,0.8344308733940125,
13,357,0,0.7602876424789429,
13,358,0,0.2069324254989624,
13,359,0,0.7809909582138062,
13,360,0,0.8591639995574951,
13,361,0,0.8484914302825928,
13,362,0,0.254852294921875,
13,363,0,0.3123181462287903,
13,364,0,0.754127025604248,
13,365,0,0.868258535861969,
13,366,0,0.8419699668884277,
13,367,0,0.8375125527381897,
13,368,0,0.8438274264335632,
13,369,0,0.8136305212974548,
13,370,0,0.6251180171966553,
13,371,0,0.7157202959060669,
13,372,0,0.8277324438095093,
13,373,0,0.8442926406860352,
13,374,0,0.4445177912712097,
13,375,0,0.763860285282135,
13,376,0,0.7802902460098267,
13,377,0,0.3402002453804016,
13,378,0,0.4154508709907532,
13,379,0,0.8477669358253479,
13,380,0,0.3443966507911682,
13,381,0,0.32430702447891235,
13,382,0,0.3255416750907898,
13,383,0,0.844876766204834,
13,384,0,0.3446057438850403,
13,385,0,0.33799034357070923,
13,386,0,0.2438969612121582,
13,387,0,0.4421597123146057,
13,388,0,0.05704200267791748,
13,389,0,0.790378987789154,
13,390,0,0.7600147128105164,
13,391,0,0.6863711476325989,
13,392,0,0.6827036142349243,
13,393,0,0.31342124938964844,
13,394,0,0.4860246777534485,
13,395,0,0.8123417496681213,
13,396,0,0.16186434030532837,
13,397,0,0.18800026178359985,
13,398,0,0.8012600541114807,
13,399,0,0.30432450771331787,
13,400,0,0.7108519077301025,
13,401,0,0.7670663595199585,
13,402,0,0.8315696120262146,
13,403,0,0.8015608787536621,
13,404,0,0.3252512812614441,
13,405,0,0.0705762505531311,
13,406,0,0.7680712938308716,
13,407,0,0.8437830805778503,
13,408,0,0.8057255744934082,
13,409,0,0.707970380783081,
13,410,0,0.8400893807411194,
13,411,0,0.31034231185913086,
13,412,0,0.7965210676193237,
13,413,0,0.06781196594238281,
13,414,0,0.7811870574951172,
13,415,0,0.6437307596206665,
13,416,0,0.8455250263214111,
13,417,0,0.05520200729370117,
13,418,0,0.5016026496887207,
13,419,0,0.47633904218673706,
13,420,0,0.26287662982940674,
13,421,0,0.2607555389404297,
13,422,0,0.8305053114891052,
13,423,0,0.8385688662528992,
13,424,0,0.8366101980209351,
13,425,0,0.8122897148132324,
13,426,0,0.8149658441543579,
13,427,0,0.8108116388320923,
13,428,0,0.4590667486190796,
13,429,0,0.8163937926292419,
13,430,0,0.265855610370636,
13,431,0,0.7964865565299988,
13,432,0,0.755172848701477,
13,433,0,0.8268546462059021,
13,434,0,0.8305079340934753,
13,435,0,0.8160258531570435,
13,436,0,0.6087152361869812,
13,437,0,0.052467167377471924,
13,438,0,0.7158019542694092,
13,439,0,0.223016619682312,
13,440,0,0.8470882177352905,
13,441,0,0.7854323387145996,
13,442,0,0.8226923942565918,
13,443,0,0.8170416951179504,
13,444,0,0.7571850419044495,
13,445,0,0.8275499939918518,
13,446,0,0.763839840888977,
13,447,0,0.31433677673339844,
13,448,0,0.05460697412490845,
13,449,0,0.8024691939353943,
13,450,0,0.780710756778717,
13,451,0,0.2621472477912903,
13,452,0,0.8259260654449463,
13,453,0,0.29618126153945923,
13,454,0,0.4216984510421753,
13,455,0,0.5782009363174438,
13,456,0,0.7272707223892212,
13,457,0,0.66855788230896,
13,458,0,0.5188353061676025,
13,459,0,0.8337085843086243,
13,460,0,0.819891631603241,
13,461,0,0.4684140086174011,
13,462,0,0.8068409562110901,
13,463,0,0.15279120206832886,
13,464,0,0.6164244413375854,
13,465,0,0.743483304977417,
13,466,0,0.04582071304321289,
13,467,0,0.8148736953735352,
13,468,0,0.644133448600769,
13,469,0,0.7909500002861023,
13,470,0,0.3515697121620178,
13,471,0,0.055869460105895996,
13,472,0,0.841224193572998,
13,473,0,0.8391911387443542,
13,474,0,0.05631148815155029,
13,475,0,0.8287516236305237,
13,476,0,0.46356523036956787,
13,477,0,0.8278100490570068,
13,478,0,0.5213848352432251,
13,479,0,0.4847871661186218,
13,480,0,0.6757949590682983,
13,481,0,0.17547208070755005,
13,482,0,0.8159542083740234,
13,483,0,0.8366819620132446,
13,484,0,0.8366561532020569,
13,485,0,0.45775067806243896,
13,486,0,0.7192295789718628,
13,487,0,0.34573113918304443,
13,488,0,0.7279249429702759,
13,489,0,0.83771151304245,
13,490,0,0.7636831402778625,
13,491,0,0.8269532918930054,
13,492,0,0.6503190398216248,
13,493,0,0.7485058903694153,
13,494,0,0.05972200632095337,
13,495,0,0.3630640506744385,
13,496,0,0.2883363366127014,
13,497,0,0.7771458625793457,
13,498,0,0.4539511799812317,
13,499,0,0.8470842838287354,
13,500,0,0.80927574634552,
13,501,0,0.7702228426933289,
13,502,0,0.8372994065284729,
13,503,0,0.20781123638153076,
13,504,0,0.7500318288803101,
13,505,0,0.4742318391799927,
13,506,0,0.7668993473052979,
13,507,0,0.27902495861053467,
13,508,0,0.8473827838897705,
13,509,0,0.8438255786895752,
13,510,0,0.8605835437774658,
13,511,0,0.7803999185562134,
13,512,0,0.2515658736228943,
13,513,0,0.7264854311943054,
13,514,0,0.8090395927429199,
13,515,0,0.7998534440994263,
13,516,0,0.7427319288253784,
13,517,0,0.4071198105812073,
13,518,0,0.2394571304321289,
13,519,0,0.29517102241516113,
13,520,0,0.848553478717804,
13,521,0,0.8529940843582153,
13,522,0,0.37387144565582275,
13,523,0,0.8605374693870544,
13,524,0,0.7393043041229248,
13,525,0,0.05276775360107422,
13,526,0,0.3270573019981384,
13,527,0,0.8421255350112915,
13,528,0,0.05171346664428711,
13,529,0,0.8325845003128052,
13,530,0,0.8097823262214661,
13,531,0,0.844692587852478,
13,532,0,0.8004292249679565,
13,533,0,0.8299236297607422,
13,534,0,0.38126450777053833,
13,535,0,0.8452752828598022,
13,536,0,0.7951585054397583,
13,537,0,0.2809556722640991,
13,538,0,0.8275514245033264,
13,539,0,0.8145418763160706,
13,540,0,0.7788723111152649,
13,541,0,0.432331383228302,
13,542,0,0.3356238007545471,
13,543,0,0.8455317616462708,
13,544,0,0.06207561492919922,
13,545,0,0.400543212890625,
13,546,0,0.4593767523765564,
13,547,0,0.06253248453140259,
13,548,0,0.7788613438606262,
13,549,0,0.3194899559020996,
13,550,0,0.8358965516090393,
13,551,0,0.8467975854873657,
13,552,0,0.7275041341781616,
13,553,0,0.4453499913215637,
13,554,0,0.6623584032058716,
13,555,0,0.2685950994491577,
13,556,0,0.7729558348655701,
13,557,0,0.8280696272850037,
13,558,0,0.3967195153236389,
13,559,0,0.6529417037963867,
13,560,0,0.7856324911117554,
13,561,0,0.8498877882957458,
13,562,0,0.17235791683197021,
13,563,0,0.8334715366363525,
13,564,0,0.48316192626953125,
13,565,0,0.3519344925880432,
13,566,0,0.3745349645614624,
13,567,0,0.8295599818229675,
13,568,0,0.21791589260101318,
13,569,0,0.8248672485351562,
13,570,0,0.6408882141113281,
13,571,0,0.6116890907287598,
13,572,0,0.3289947509765625,
13,573,0,0.8657392263412476,
13,574,0,0.3211633563041687,
13,575,0,0.29794079065322876,
13,576,0,0.7932242751121521,
13,577,0,0.29865580797195435,
13,578,0,0.31462109088897705,
13,579,0,0.7877458333969116,
13,580,0,0.29175716638565063,
13,581,0,0.41074663400650024,
13,582,0,0.8519315123558044,
13,583,0,0.7661226391792297,
13,584,0,0.4458180069923401,
13,585,0,0.8167314529418945,
13,586,0,0.8310497403144836,
13,587,0,0.5964887142181396,
13,588,0,0.23554450273513794,
13,589,0,0.7270834445953369,
13,590,0,0.8277784585952759,
13,591,0,0.2664346694946289,
13,592,0,0.8156527280807495,
13,593,0,0.8346025943756104,
13,594,0,0.8191672563552856,
13,595,0,0.7473007440567017,
13,596,0,0.43576306104660034,
13,597,0,0.16900545358657837,
13,598,0,0.3326539397239685,
13,599,0,0.34512025117874146,
13,600,0,0.7607761025428772,
13,601,0,0.42827308177948,
13,602,0,0.19172430038452148,
13,603,0,0.3141443133354187,
13,604,0,0.7452765703201294,
13,605,0,0.7883903980255127,
13,606,0,0.3087792992591858,
13,607,0,0.7688611745834351,
13,608,0,0.716303825378418,
13,609,0,0.831224799156189,
13,610,0,0.840825617313385,
13,611,0,0.8439228534698486,
13,612,0,0.6743003129959106,
13,613,0,0.7609034776687622,
13,614,0,0.835155189037323,
13,615,0,0.3930359482765198,
13,616,0,0.846325695514679,
13,617,0,0.3049221634864807,
13,618,0,0.1718418002128601,
13,619,0,0.42382341623306274,
13,620,0,0.8427571058273315,
13,621,0,0.4256342649459839,
13,622,0,0.7886623740196228,
13,623,0,0.43088895082473755,
13,624,0,0.33232980966567993,
13,625,0,0.8504775762557983,
13,626,0,0.8218140602111816,
13,627,0,0.8211661577224731,
13,628,0,0.8550325632095337,
13,629,0,0.4808011054992676,
13,630,0,0.06430321931838989,
13,631,0,0.1815606951713562,
13,632,0,0.8165794610977173,
13,633,0,0.7337149381637573,
13,634,0,0.8400073647499084,
13,635,0,0.48387575149536133,
13,636,0,0.8115655183792114,
13,637,0,0.7110891342163086,
13,638,0,0.837860643863678,
13,639,0,0.7571020126342773,
13,640,0,0.15898817777633667,
13,641,0,0.7750995755195618,
13,642,0,0.7807666063308716,
13,643,0,0.42894208431243896,
13,644,0,0.4143325686454773,
13,645,0,0.8141632080078125,
13,646,0,0.8271021842956543,
13,647,0,0.7821129560470581,
13,648,0,0.8171855211257935,
13,649,0,0.04933929443359375,
13,650,0,0.7688148617744446,
13,651,0,0.4418519139289856,
13,652,0,0.7096619009971619,
13,653,0,0.5925343036651611,
13,654,0,0.7608950734138489,
13,655,0,0.2493274211883545,
13,656,0,0.25820404291152954,
13,657,0,0.38765770196914673,
13,658,0,0.7561076879501343,
13,659,0,0.05262488126754761,
13,660,0,0.8493768572807312,
13,661,0,0.7567342519760132,
13,662,0,0.8223205804824829,
13,663,0,0.7324013113975525,
13,664,0,0.8421749472618103,
13,665,0,0.431327223777771,
13,666,0,0.059640705585479736,
13,667,0,0.8188627362251282,
13,668,0,0.3019474744796753,
13,669,0,0.466499924659729,
13,670,0,0.3884454369544983,
13,671,0,0.7636821269989014,
13,672,0,0.1788473129272461,
13,673,0,0.2810378670692444,
13,674,0,0.4123905897140503,
13,675,0,0.7622919082641602,
13,676,0,0.16780394315719604,
13,677,0,0.6105575561523438,
13,678,0,0.8552981615066528,
13,679,0,0.8118906021118164,
13,680,0,0.061358630657196045,
13,681,0,0.8480014801025391,
13,682,0,0.33451908826828003,
13,683,0,0.3491004705429077,
13,684,0,0.8348188996315002,
13,685,0,0.8212597966194153,
13,686,0,0.8200410604476929,
13,687,0,0.6279057264328003,
13,688,0,0.29553860425949097,
13,689,0,0.7711888551712036,
13,690,0,0.8421761989593506,
13,691,0,0.16473454236984253,
13,692,0,0.3663488030433655,
13,693,0,0.7115801572799683,
13,694,0,0.7649633288383484,
13,695,0,0.7689847946166992,
13,696,0,0.19493472576141357,
13,697,0,0.754500150680542,
13,698,0,0.8453826904296875,
13,699,0,0.4553855061531067,
13,700,0,0.27022939920425415,
13,701,0,0.8380123376846313,
13,702,0,0.7889934778213501,
13,703,0,0.8466924428939819,
13,704,0,0.1610431671142578,
13,705,0,0.05626869201660156,
13,706,0,0.8451708555221558,
13,707,0,0.8109742999076843,
13,708,0,0.8495213985443115,
13,709,0,0.7527772188186646,
13,710,0,0.4135749936103821,
13,711,0,0.3542802929878235,
13,712,0,0.3041076064109802,
13,713,0,0.42949753999710083,
13,714,0,0.8384937047958374,
13,715,0,0.457139790058136,
13,716,0,0.7640623450279236,
13,717,0,0.6576446294784546,
13,718,0,0.8260214328765869,
13,719,0,0.8272950053215027,
13,720,0,0.7939860820770264,
13,721,0,0.7822777032852173,
13,722,0,0.7918976545333862,
13,723,0,0.17873716354370117,
13,724,0,0.7229048609733582,
13,725,0,0.2035312056541443,
13,726,0,0.8249443769454956,
13,727,0,0.8109444975852966,
13,728,0,0.19972878694534302,
13,729,0,0.4537861943244934,
13,730,0,0.3791108727455139,
13,731,0,0.8319330215454102,
13,732,0,0.8098177313804626,
13,733,0,0.411072313785553,
13,734,0,0.8229334354400635,
13,735,0,0.3410691022872925,
13,736,0,0.760417640209198,
13,737,0,0.8189213275909424,
13,738,0,0.8171302080154419,
13,739,0,0.6244958639144897,
13,740,0,0.31942474842071533,
13,741,0,0.6990325450897217,
13,742,0,0.8317449688911438,
13,743,0,0.8526986241340637,
13,744,0,0.8161284923553467,
13,745,0,0.2971206307411194,
13,746,0,0.7428646087646484,
13,747,0,0.8580504655838013,
13,748,0,0.7209258675575256,
13,749,0,0.8287298679351807,
13,750,0,0.8340151309967041,
13,751,0,0.8280352354049683,
13,752,0,0.7747623920440674,
13,753,0,0.47672200202941895,
13,754,0,0.7470380067825317,
13,755,0,0.8397407531738281,
13,756,0,0.8300271034240723,
13,757,0,0.8400142788887024,
13,758,0,0.7152644395828247,
13,759,0,0.05387359857559204,
13,760,0,0.4500243663787842,
13,761,0,0.7444170713424683,
13,762,0,0.7767358422279358,
13,763,0,0.3442494869232178,
13,764,0,0.3221023678779602,
13,765,0,0.8057012557983398,
13,766,0,0.1761798858642578,
13,767,0,0.7511123418807983,
13,768,0,0.8293178081512451,
13,769,0,0.20297670364379883,
13,770,0,0.7862452268600464,
13,771,0,0.7201931476593018,
13,772,0,0.8026277422904968,
13,773,0,0.21065527200698853,
13,774,0,0.8406124114990234,
13,775,0,0.8023532629013062,
13,776,0,0.2687411904335022,
13,777,0,0.8374350070953369,
13,778,0,0.4412742853164673,
13,779,0,0.8374005556106567,
13,780,0,0.7609785199165344,
13,781,0,0.8318871259689331,
13,782,0,0.4202268719673157,
13,783,0,0.8109999895095825,
13,784,0,0.4061756730079651,
13,785,0,0.04822462797164917,
13,786,0,0.4854305386543274,
13,787,0,0.26346999406814575,
13,788,0,0.8497118353843689,
13,789,0,0.3142848610877991,
13,790,0,0.7872645258903503,
13,791,0,0.479390025138855,
13,792,0,0.35916781425476074,
13,793,0,0.8015689849853516,
13,794,0,0.836638867855072,
13,795,0,0.290083646774292,
13,796,0,0.8285893201828003,
13,797,0,0.062129080295562744,
13,798,0,0.47191667556762695,
13,799,0,0.828894853591919,
13,val,,,0.5861522513628006
14,0,0,0.40882939100265503,
14,1,0,0.8177981972694397,
14,2,0,0.6751660108566284,
14,3,0,0.8605348467826843,
14,4,0,0.4164234399795532,
14,5,0,0.7698941230773926,
14,6,0,0.17129379510879517,
14,7,0,0.4770236611366272,
14,8,0,0.25019222497940063,
14,9,0,0.8200163841247559,
14,10,0,0.06607252359390259,
14,11,0,0.8365971446037292,
14,12,0,0.8350859880447388,
14,13,0,0.8269506096839905,
14,14,0,0.7504215240478516,
14,15,0,0.8194049000740051,
14,16,0,0.519049346446991,
14,17,0,0.4002581238746643,
14,18,0,0.8097126483917236,
14,19,0,0.8248270153999329,
14,20,0,0.7439774870872498,
14,21,0,0.4851577877998352,
14,22,0,0.28269755840301514,
14,23,0,0.6890004277229309,
14,24,0,0.8260472416877747,
14,25,0,0.728453516960144,
14,26,0,0.8410321474075317,
14,27,0,0.3890225291252136,
14,28,0,0.2861263155937195,
14,29,0,0.4646414518356323,
14,30,0,0.8311908841133118,
14,31,0,0.8085367679595947,
14,32,0,0.45388972759246826,
14,33,0,0.7501799464225769,
14,34,0,0.8119573593139648,
14,35,0,0.27662229537963867,
14,36,0,0.43157660961151123,
14,37,0,0.8268057107925415,
14,38,0,0.19744282960891724,
14,39,0,0.8432823419570923,
14,40,0,0.16406744718551636,
14,41,0,0.6368541717529297,
14,42,0,0.46745824813842773,
14,43,0,0.04497414827346802,
14,44,0,0.746928334236145,
14,45,0,0.47006767988204956,
14,46,0,0.05184173583984375,
14,47,0,0.05139368772506714,
14,48,0,0.8369945287704468,
14,49,0,0.31570494174957275,
14,50,0,0.840721845626831,
14,51,0,0.3853716254234314,
14,52,0,0.4323538541793823,
14,53,0,0.05288058519363403,
14,54,0,0.8515989780426025,
14,55,0,0.4503384232521057,
14,56,0,0.7933286428451538,
14,57,0,0.5000941157341003,
14,58,0,0.8675283789634705,
14,59,0,0.35994774103164673,
14,60,0,0.4244421720504761,
14,61,0,0.6096746921539307,
14,62,0,0.8274585604667664,
14,63,0,0.27362895011901855,
14,64,0,0.26226240396499634,
14,65,0,0.7667123079299927,
14,66,0,0.7269995212554932,
14,67,0,0.446010947227478,
14,68,0,0.8403293490409851,
14,69,0,0.4639078974723816,
14,70,0,0.5088702440261841,
14,71,0,0.6244856715202332,
14,72,0,0.6699795722961426,
14,73,0,0.8074156641960144,
14,74,0,0.8206943273544312,
14,75,0,0.652942955493927,
14,76,0,0.8119146823883057,
14,77,0,0.7556362152099609,
14,78,0,0.165471613407135,
14,79,0,0.8227675557136536,
14,80,0,0.4815259575843811,
14,81,0,0.8150453567504883,
14,82,0,0.05180603265762329,
14,83,0,0.8190255761146545,
14,84,0,0.8355470299720764,
14,85,0,0.5136570930480957,
14,86,0,0.836257815361023,
14,87,0,0.5763342380523682,
14,88,0,0.817793607711792,
14,89,0,0.48872601985931396,
14,90,0,0.7419772148132324,
14,91,0,0.8237520456314087,
14,92,0,0.8519547581672668,
14,93,0,0.8187909126281738,
14,94,0,0.48921871185302734,
14,95,0,0.8318875432014465,
14,96,0,0.28092527389526367,
14,97,0,0.8417450189590454,
14,98,0,0.6163171529769897,
14,99,0,0.8330405950546265,
14,100,0,0.7541453242301941,
14,101,0,0.6685459613800049,
14,102,0,0.820933997631073,
14,103,0,0.7859969735145569,
14,104,0,0.8375834822654724,
14,105,0,0.352975070476532,
14,106,0,0.8396306037902832,
14,107,0,0.8243921995162964,
14,108,0,0.6396726965904236,
14,109,0,0.8207826614379883,
14,110,0,0.8615744113922119,
14,111,0,0.8169559240341187,
14,112,0,0.8363370895385742,
14,113,0,0.4333952069282532,
14,114,0,0.2606596350669861,
14,115,0,0.8301486372947693,
14,116,0,0.8262321949005127,
14,117,0,0.37256890535354614,
14,118,0,0.8140270709991455,
14,119,0,0.33709001541137695,
14,120,0,0.8274034261703491,
14,121,0,0.8422866463661194,
14,122,0,0.7323617339134216,
14,123,0,0.06787872314453125,
14,124,0,0.4189258813858032,
14,125,0,0.7580373883247375,
14,126,0,0.8551043272018433,
14,127,0,0.8271130919456482,
14,128,0,0.8232918977737427,
14,129,0,0.8448255062103271,
14,130,0,0.7310270071029663,
14,131,0,0.8379959464073181,
14,132,0,0.7809051275253296,
14,133,0,0.24735099077224731,
14,134,0,0.4336164593696594,
14,135,0,0.48738694190979004,
14,136,0,0.0581018328666687,
14,137,0,0.13520431518554688,
14,138,0,0.26267844438552856,
14,139,0,0.48269200325012207,
14,140,0,0.8183079957962036,
14,141,0,0.7812016010284424,
14,142,0,0.8362311124801636,
14,143,0,0.7800129055976868,
14,144,0,0.8156981468200684,
14,145,0,0.221701979637146,
14,146,0,0.6951947808265686,
14,147,0,0.24138450622558594,
14,148,0,0.7859251499176025,
14,149,0,0.7886319160461426,
14,150,0,0.8052573204040527,
14,151,0,0.8332706689834595,
14,152,0,0.7337887287139893,
14,153,0,0.8221630454063416,
14,154,0,0.8290921449661255,
14,155,0,0.7135878801345825,
14,156,0,0.05122518539428711,
14,157,0,0.6290470361709595,
14,158,0,0.7758239507675171,
14,159,0,0.8071187734603882,
14,160,0,0.35028672218322754,
14,161,0,0.06176048517227173,
14,162,0,0.8389045000076294,
14,163,0,0.28493744134902954,
14,164,0,0.39121806621551514,
14,165,0,0.7253289222717285,
14,166,0,0.25446927547454834,
14,167,0,0.8465952277183533,
14,168,0,0.8452908992767334,
14,169,0,0.14925718307495117,
14,170,0,0.7752801179885864,
14,171,0,0.7404935359954834,
14,172,0,0.737615704536438,
14,173,0,0.6412299871444702,
14,174,0,0.7548556327819824,
14,175,0,0.4186304807662964,
14,176,0,0.7645518183708191,
14,177,0,0.31270354986190796,
14,178,0,0.8392518758773804,
14,179,0,0.3391292095184326,
14,180,0,0.793053150177002,
14,181,0,0.8080401420593262,
14,182,0,0.33097749948501587,
14,183,0,0.17654895782470703,
14,184,0,0.7799630761146545,
14,185,0,0.7457127571105957,
14,186,0,0.2937930226325989,
14,187,0,0.7394357919692993,
14,188,0,0.7395762205123901,
14,189,0,0.26955097913742065,
14,190,0,0.06836509704589844,
14,191,0,0.4643669128417969,
14,192,0,0.7824528813362122,
14,193,0,0.7422512173652649,
14,194,0,0.7385114431381226,
14,195,0,0.8630849123001099,
14,196,0,0.7520484328269958,
14,197,0,0.19465941190719604,
14,198,0,0.8192965388298035,
14,199,0,0.2556923031806946,
14,200,0,0.7633458971977234,
14,201,0,0.049237608909606934,
14,202,0,0.29050666093826294,
14,203,0,0.8377506136894226,
14,204,0,0.3380742073059082,
14,205,0,0.26857680082321167,
14,206,0,0.3465176224708557,
14,207,0,0.1546916961669922,
14,208,0,0.48188966512680054,
14,209,0,0.7826331853866577,
14,210,0,0.3083689212799072,
14,211,0,0.8240146636962891,
14,212,0,0.4875154495239258,
14,213,0,0.7984766960144043,
14,214,0,0.8381399512290955,
14,215,0,0.8445780277252197,
14,216,0,0.4547803997993469,
14,217,0,0.8305004835128784,
14,218,0,0.8557344079017639,
14,219,0,0.7283096313476562,
14,220,0,0.25944024324417114,
14,221,0,0.7438926696777344,
14,222,0,0.3203426003456116,
14,223,0,0.4870249629020691,
14,224,0,0.8273571729660034,
14,225,0,0.2984371781349182,
14,226,0,0.8183315992355347,
14,227,0,0.17319375276565552,
14,228,0,0.7055537104606628,
14,229,0,0.4234582781791687,
14,230,0,0.45940160751342773,
14,231,0,0.8456072807312012,
14,232,0,0.8531084656715393,
14,233,0,0.8450254797935486,
14,234,0,0.8272822499275208,
14,235,0,0.04605585336685181,
14,236,0,0.444824755191803,
14,237,0,0.8335015773773193,
14,238,0,0.4704018235206604,
14,239,0,0.4252282381057739,
14,240,0,0.8182861804962158,
14,241,0,0.8470052480697632,
14,242,0,0.8258571624755859,
14,243,0,0.4405898451805115,
14,244,0,0.31133878231048584,
14,245,0,0.05092734098434448,
14,246,0,0.43293094635009766,
14,247,0,0.8362653255462646,
14,248,0,0.4563749432563782,
14,249,0,0.8200849890708923,
14,250,0,0.12403446435928345,
14,251,0,0.8457366228103638,
14,252,0,0.7741655111312866,
14,253,0,0.7688133716583252,
14,254,0,0.04183298349380493,
14,255,0,0.7528938055038452,
14,256,0,0.5648682117462158,
14,257,0,0.8499207496643066,
14,258,0,0.8322760462760925,
14,259,0,0.8571617603302002,
14,260,0,0.5193244814872742,
14,261,0,0.7473336458206177,
14,262,0,0.8357341289520264,
14,263,0,0.7304471731185913,
14,264,0,0.291830837726593,
14,265,0,0.8418387174606323,
14,266,0,0.8324988484382629,
14,267,0,0.8410607576370239,
14,268,0,0.33518439531326294,
14,269,0,0.46562737226486206,
14,270,0,0.6039769649505615,
14,271,0,0.8225218653678894,
14,272,0,0.38435274362564087,
14,273,0,0.8463398814201355,
14,274,0,0.8143073916435242,
14,275,0,0.16237550973892212,
14,276,0,0.8169487118721008,
14,277,0,0.0644262433052063,
14,278,0,0.5532705783843994,
14,279,0,0.741954505443573,
14,280,0,0.7770386934280396,
14,281,0,0.7926347851753235,
14,282,0,0.749841570854187,
14,283,0,0.7561081051826477,
14,284,0,0.8367923498153687,
14,285,0,0.8337806463241577,
14,286,0,0.6581746339797974,
14,287,0,0.7269876003265381,
14,288,0,0.8206456899642944,
14,289,0,0.5272400379180908,
14,290,0,0.8292521238327026,
14,291,0,0.04842311143875122,
14,292,0,0.3902992010116577,
14,293,0,0.8449873924255371,
14,294,0,0.8381798267364502,
14,295,0,0.8499912619590759,
14,296,0,0.4832921028137207,
14,297,0,0.05172616243362427,
14,298,0,0.8541476130485535,
14,299,0,0.8108808398246765,
14,300,0,0.43500012159347534,
14,301,0,0.4176936149597168,
14,302,0,0.8407188057899475,
14,303,0,0.6048851609230042,
14,304,0,0.8409686088562012,
14,305,0,0.47311192750930786,
14,306,0,0.23741227388381958,
14,307,0,0.833804190158844,
14,308,0,0.8398196697235107,
14,309,0,0.2025032639503479,
14,310,0,0.8185838460922241,
14,311,0,0.39165985584259033,
14,312,0,0.8234846591949463,
14,313,0,0.8176178336143494,
14,314,0,0.4153469204902649,
14,315,0,0.8065075278282166,
14,316,0,0.8367066383361816,
14,317,0,0.6916109323501587,
14,318,0,0.3758545517921448,
14,319,0,0.3222656846046448,
14,320,0,0.7442454099655151,
14,321,0,0.8535306453704834,
14,322,0,0.8345667123794556,
14,323,0,0.301810085773468,
14,324,0,0.8515300750732422,
14,325,0,0.798734724521637,
14,326,0,0.8097351789474487,
14,327,0,0.7320532202720642,
14,328,0,0.7234203815460205,
14,329,0,0.770295262336731,
14,330,0,0.3745066523551941,
14,331,0,0.3425648808479309,
14,332,0,0.8398922681808472,
14,333,0,0.2518930435180664,
14,334,0,0.8140217661857605,
14,335,0,0.37952959537506104,
14,336,0,0.8318095207214355,
14,337,0,0.452872097492218,
14,338,0,0.6358512043952942,
14,339,0,0.7935266494750977,
14,340,0,0.8449687957763672,
14,341,0,0.06038999557495117,
14,342,0,0.7544697523117065,
14,343,0,0.6152091026306152,
14,344,0,0.8280250430107117,
14,345,0,0.8270130157470703,
14,346,0,0.24088358879089355,
14,347,0,0.17307311296463013,
14,348,0,0.7565017342567444,
14,349,0,0.8441973328590393,
14,350,0,0.7935728430747986,
14,351,0,0.7728556990623474,
14,352,0,0.8234243392944336,
14,353,0,0.8211270570755005,
14,354,0,0.6450596451759338,
14,355,0,0.16298502683639526,
14,356,0,0.8371281027793884,
14,357,0,0.778755784034729,
14,358,0,0.20696932077407837,
14,359,0,0.7793303728103638,
14,360,0,0.8537049889564514,
14,361,0,0.8474153876304626,
14,362,0,0.25535058975219727,
14,363,0,0.31209486722946167,
14,364,0,0.7537556290626526,
14,365,0,0.8575653433799744,
14,366,0,0.8367586731910706,
14,367,0,0.836299479007721,
14,368,0,0.8329242467880249,
14,369,0,0.8101239800453186,
14,370,0,0.6246007680892944,
14,371,0,0.7219451665878296,
14,372,0,0.8255483508110046,
14,373,0,0.85713130235672,
14,374,0,0.4455749988555908,
14,375,0,0.7522479295730591,
14,376,0,0.7677857279777527,
14,377,0,0.33937281370162964,
14,378,0,0.41432076692581177,
14,379,0,0.8654201030731201,
14,380,0,0.3481462597846985,
14,381,0,0.3239293098449707,
14,382,0,0.32642269134521484,
14,383,0,0.840491533279419,
14,384,0,0.33711642026901245,
14,385,0,0.3369484543800354,
14,386,0,0.2439902424812317,
14,387,0,0.44144123792648315,
14,388,0,0.057730257511138916,
14,389,0,0.7852563858032227,
14,390,0,0.7586208581924438,
14,391,0,0.706727147102356,
14,392,0,0.6800277233123779,
14,393,0,0.3113364577293396,
14,394,0,0.48557907342910767,
14,395,0,0.8128838539123535,
14,396,0,0.16074085235595703,
14,397,0,0.18542486429214478,
14,398,0,0.8001179099082947,
14,399,0,0.30352383852005005,
14,400,0,0.7074531316757202,
14,401,0,0.7669812440872192,
14,402,0,0.8319876194000244,
14,403,0,0.8003097176551819,
14,404,0,0.32527828216552734,
14,405,0,0.06497687101364136,
14,406,0,0.7686622142791748,
14,407,0,0.8441067337989807,
14,408,0,0.8228150606155396,
14,409,0,0.7079256176948547,
14,410,0,0.8384180068969727,
14,411,0,0.3101752996444702,
14,412,0,0.8203482031822205,
14,413,0,0.06846767663955688,
14,414,0,0.7802646160125732,
14,415,0,0.6504068374633789,
14,416,0,0.8355942368507385,
14,417,0,0.0582849383354187,
14,418,0,0.4974901080131531,
14,419,0,0.4754910469055176,
14,420,0,0.26369404792785645,
14,421,0,0.26002126932144165,
14,422,0,0.8267061710357666,
14,423,0,0.8375999927520752,
14,424,0,0.8414190411567688,
14,425,0,0.8162691593170166,
14,426,0,0.8161855936050415,
14,427,0,0.8116352558135986,
14,428,0,0.46025311946868896,
14,429,0,0.8149290084838867,
14,430,0,0.2644573450088501,
14,431,0,0.7931488156318665,
14,432,0,0.7630028128623962,
14,433,0,0.8248576521873474,
14,434,0,0.8309779167175293,
14,435,0,0.8159075975418091,
14,436,0,0.6139999628067017,
14,437,0,0.05393332242965698,
14,438,0,0.7247084379196167,
14,439,0,0.22345131635665894,
14,440,0,0.844714343547821,
14,441,0,0.7873858213424683,
14,442,0,0.8209639191627502,
14,443,0,0.8164818286895752,
14,444,0,0.757667064666748,
14,445,0,0.8265115022659302,
14,446,0,0.7614551186561584,
14,447,0,0.31628990173339844,
14,448,0,0.05321234464645386,
14,449,0,0.8011348843574524,
14,450,0,0.7754604816436768,
14,451,0,0.26244693994522095,
14,452,0,0.8280026912689209,
14,453,0,0.2950924038887024,
14,454,0,0.42145204544067383,
14,455,0,0.5799217224121094,
14,456,0,0.7270402908325195,
14,457,0,0.6659303903579712,
14,458,0,0.5178188681602478,
14,459,0,0.8387479186058044,
14,460,0,0.821481466293335,
14,461,0,0.469241201877594,
14,462,0,0.8082543015480042,
14,463,0,0.153150737285614,
14,464,0,0.6138292551040649,
14,465,0,0.7443845272064209,
14,466,0,0.04662168025970459,
14,467,0,0.8155770897865295,
14,468,0,0.6423962116241455,
14,469,0,0.7906299829483032,
14,470,0,0.3443458676338196,
14,471,0,0.05473136901855469,
14,472,0,0.840262770652771,
14,473,0,0.8399466276168823,
14,474,0,0.058729350566864014,
14,475,0,0.8292966485023499,
14,476,0,0.4624653458595276,
14,477,0,0.8388096690177917,
14,478,0,0.5227746367454529,
14,479,0,0.4853938817977905,
14,480,0,0.6740740537643433,
14,481,0,0.17522889375686646,
14,482,0,0.8280076384544373,
14,483,0,0.8324887752532959,
14,484,0,0.8374799489974976,
14,485,0,0.45758455991744995,
14,486,0,0.7208544015884399,
14,487,0,0.3420332670211792,
14,488,0,0.7452062368392944,
14,489,0,0.8379168510437012,
14,490,0,0.7635794878005981,
14,491,0,0.8253793716430664,
14,492,0,0.6524412631988525,
14,493,0,0.742729902267456,
14,494,0,0.05985599756240845,
14,495,0,0.36280518770217896,
14,496,0,0.28820711374282837,
14,497,0,0.7776367664337158,
14,498,0,0.4537060856819153,
14,499,0,0.8447723388671875,
14,500,0,0.8051960468292236,
14,501,0,0.7721171975135803,
14,502,0,0.8353237509727478,
14,503,0,0.20962882041931152,
14,504,0,0.7560665607452393,
14,505,0,0.47415488958358765,
14,506,0,0.7682866454124451,
14,507,0,0.27897554636001587,
14,508,0,0.8454267978668213,
14,509,0,0.8418094515800476,
14,510,0,0.8602588772773743,
14,511,0,0.7705944180488586,
14,512,0,0.2523108124732971,
14,513,0,0.7262203097343445,
14,514,0,0.8149034380912781,
14,515,0,0.8037267923355103,
14,516,0,0.74183189868927,
14,517,0,0.40711575746536255,
14,518,0,0.23965245485305786,
14,519,0,0.2959783673286438,
14,520,0,0.8387715220451355,
14,521,0,0.863037109375,
14,522,0,0.3618146777153015,
14,523,0,0.8612509369850159,
14,524,0,0.7404360771179199,
14,525,0,0.05273103713989258,
14,526,0,0.32532042264938354,
14,527,0,0.840444803237915,
14,528,0,0.05283719301223755,
14,529,0,0.826198935508728,
14,530,0,0.8074119687080383,
14,531,0,0.8471276760101318,
14,532,0,0.802219033241272,
14,533,0,0.8297328948974609,
14,534,0,0.38415640592575073,
14,535,0,0.8397345542907715,
14,536,0,0.7937722206115723,
14,537,0,0.2803412079811096,
14,538,0,0.8276171684265137,
14,539,0,0.8045191168785095,
14,540,0,0.7803452014923096,
14,541,0,0.43076562881469727,
14,542,0,0.33563345670700073,
14,543,0,0.8488757610321045,
14,544,0,0.061385154724121094,
14,545,0,0.40504324436187744,
14,546,0,0.4543047547340393,
14,547,0,0.061611950397491455,
14,548,0,0.7787341475486755,
14,549,0,0.31904542446136475,
14,550,0,0.835709810256958,
14,551,0,0.8445849418640137,
14,552,0,0.7264884114265442,
14,553,0,0.4454115033149719,
14,554,0,0.6615225076675415,
14,555,0,0.26897335052490234,
14,556,0,0.776423990726471,
14,557,0,0.8383913636207581,
14,558,0,0.3978496193885803,
14,559,0,0.654281735420227,
14,560,0,0.7871670126914978,
14,561,0,0.8376473188400269,
14,562,0,0.17266446352005005,
14,563,0,0.8373520970344543,
14,564,0,0.48326414823532104,
14,565,0,0.3543555736541748,
14,566,0,0.37426239252090454,
14,567,0,0.8243938088417053,
14,568,0,0.2167866826057434,
14,569,0,0.8190325498580933,
14,570,0,0.6406440734863281,
14,571,0,0.609281063079834,
14,572,0,0.33250337839126587,
14,573,0,0.8553972840309143,
14,574,0,0.3240055441856384,
14,575,0,0.29537445306777954,
14,576,0,0.782414436340332,
14,577,0,0.30048668384552,
14,578,0,0.3148576021194458,
14,579,0,0.7882075309753418,
14,580,0,0.2904673218727112,
14,581,0,0.41055160760879517,
14,582,0,0.8442712426185608,
14,583,0,0.7656521201133728,
14,584,0,0.44517093896865845,
14,585,0,0.8169072270393372,
14,586,0,0.8345032930374146,
14,587,0,0.5953370332717896,
14,588,0,0.23445194959640503,
14,589,0,0.7305902242660522,
14,590,0,0.8249053955078125,
14,591,0,0.2665185332298279,
14,592,0,0.8153343796730042,
14,593,0,0.8344472050666809,
14,594,0,0.8208611011505127,
14,595,0,0.7453452944755554,
14,596,0,0.43531256914138794,
14,597,0,0.16933685541152954,
14,598,0,0.3329153060913086,
14,599,0,0.34408479928970337,
14,600,0,0.7613078355789185,
14,601,0,0.4344059228897095,
14,602,0,0.19111210107803345,
14,603,0,0.31091052293777466,
14,604,0,0.7462316751480103,
14,605,0,0.786361575126648,
14,606,0,0.31253600120544434,
14,607,0,0.7629374861717224,
14,608,0,0.7099858522415161,
14,609,0,0.8317601084709167,
14,610,0,0.8408864736557007,
14,611,0,0.8487905263900757,
14,612,0,0.6737529635429382,
14,613,0,0.7604696154594421,
14,614,0,0.8357514142990112,
14,615,0,0.3940618634223938,
14,616,0,0.8605296611785889,
14,617,0,0.3038911819458008,
14,618,0,0.17085379362106323,
14,619,0,0.4236646294593811,
14,620,0,0.8430166840553284,
14,621,0,0.4259381890296936,
14,622,0,0.7903203368186951,
14,623,0,0.4319377541542053,
14,624,0,0.3320513367652893,
14,625,0,0.8515561819076538,
14,626,0,0.8397870659828186,
14,627,0,0.8177543878555298,
14,628,0,0.8521856069564819,
14,629,0,0.4811689257621765,
14,630,0,0.06458616256713867,
14,631,0,0.181327223777771,
14,632,0,0.8182362914085388,
14,633,0,0.7349379062652588,
14,634,0,0.8430137038230896,
14,635,0,0.48384684324264526,
14,636,0,0.8154094219207764,
14,637,0,0.7143228054046631,
14,638,0,0.838578999042511,
14,639,0,0.7584679126739502,
14,640,0,0.1589614748954773,
14,641,0,0.7605715394020081,
14,642,0,0.7785618305206299,
14,643,0,0.42765241861343384,
14,644,0,0.4152444005012512,
14,645,0,0.8154381513595581,
14,646,0,0.8315111994743347,
14,647,0,0.7716741561889648,
14,648,0,0.8159265518188477,
14,649,0,0.0491032600402832,
14,650,0,0.7651071548461914,
14,651,0,0.4436793923377991,
14,652,0,0.7062257528305054,
14,653,0,0.585891604423523,
14,654,0,0.7628751397132874,
14,655,0,0.24819928407669067,
14,656,0,0.25553059577941895,
14,657,0,0.3881482481956482,
14,658,0,0.7397279143333435,
14,659,0,0.052430689334869385,
14,660,0,0.8488150835037231,
14,661,0,0.7575340270996094,
14,662,0,0.8229445219039917,
14,663,0,0.7318977117538452,
14,664,0,0.8420858383178711,
14,665,0,0.4305070638656616,
14,666,0,0.057483971118927,
14,667,0,0.8135691285133362,
14,668,0,0.3057607412338257,
14,669,0,0.4662628173828125,
14,670,0,0.3875598907470703,
14,671,0,0.7608453631401062,
14,672,0,0.17743796110153198,
14,673,0,0.28472620248794556,
14,674,0,0.4133973717689514,
14,675,0,0.7602425813674927,
14,676,0,0.16522938013076782,
14,677,0,0.6136588454246521,
14,678,0,0.8596317768096924,
14,679,0,0.807407557964325,
14,680,0,0.06182211637496948,
14,681,0,0.830596387386322,
14,682,0,0.3322380781173706,
14,683,0,0.35035640001296997,
14,684,0,0.8351810574531555,
14,685,0,0.8158727884292603,
14,686,0,0.8111749887466431,
14,687,0,0.6232223510742188,
14,688,0,0.29432255029678345,
14,689,0,0.7721899747848511,
14,690,0,0.8424307107925415,
14,691,0,0.16580945253372192,
14,692,0,0.3659573197364807,
14,693,0,0.7083829641342163,
14,694,0,0.7641585469245911,
14,695,0,0.7680717706680298,
14,696,0,0.19346529245376587,
14,697,0,0.7537779808044434,
14,698,0,0.8446518182754517,
14,699,0,0.45489901304244995,
14,700,0,0.26897501945495605,
14,701,0,0.8400598764419556,
14,702,0,0.7894070148468018,
14,703,0,0.8405565023422241,
14,704,0,0.16623574495315552,
14,705,0,0.05715596675872803,
14,706,0,0.8461158275604248,
14,707,0,0.8157244920730591,
14,708,0,0.8468678593635559,
14,709,0,0.7546997666358948,
14,710,0,0.4134267568588257,
14,711,0,0.36067551374435425,
14,712,0,0.3055698275566101,
14,713,0,0.4290158748626709,
14,714,0,0.8412036895751953,
14,715,0,0.45571237802505493,
14,716,0,0.7674726843833923,
14,717,0,0.6564012765884399,
14,718,0,0.833098828792572,
14,719,0,0.8282133936882019,
14,720,0,0.7940329313278198,
14,721,0,0.7828262448310852,
14,722,0,0.8014439940452576,
14,723,0,0.1793975830078125,
14,724,0,0.7259150743484497,
14,725,0,0.2046629786491394,
14,726,0,0.8309988379478455,
14,727,0,0.8134726285934448,
14,728,0,0.19884973764419556,
14,729,0,0.45371121168136597,
14,730,0,0.3803466558456421,
14,731,0,0.833125650882721,
14,732,0,0.8089181184768677,
14,733,0,0.4095410108566284,
14,734,0,0.82354736328125,
14,735,0,0.33513718843460083,
14,736,0,0.7532746195793152,
14,737,0,0.8229662179946899,
14,738,0,0.8175954222679138,
14,739,0,0.6249355673789978,
14,740,0,0.3114376664161682,
14,741,0,0.6998077630996704,
14,742,0,0.8321835398674011,
14,743,0,0.8460565209388733,
14,744,0,0.8135157227516174,
14,745,0,0.2921227216720581,
14,746,0,0.7440587282180786,
14,747,0,0.8618290424346924,
14,748,0,0.7259140014648438,
14,749,0,0.8273360729217529,
14,750,0,0.805666983127594,
14,751,0,0.8280075788497925,
14,752,0,0.7644332647323608,
14,753,0,0.47591662406921387,
14,754,0,0.7484028339385986,
14,755,0,0.8428924679756165,
14,756,0,0.830720067024231,
14,757,0,0.8400083184242249,
14,758,0,0.7175217866897583,
14,759,0,0.053630053997039795,
14,760,0,0.448655903339386,
14,761,0,0.746307373046875,
14,762,0,0.7773439884185791,
14,763,0,0.3437400460243225,
14,764,0,0.32195693254470825,
14,765,0,0.8047519326210022,
14,766,0,0.17718827724456787,
14,767,0,0.750564455986023,
14,768,0,0.8283812999725342,
14,769,0,0.20374798774719238,
14,770,0,0.787264347076416,
14,771,0,0.7318668365478516,
14,772,0,0.8059239387512207,
14,773,0,0.21061354875564575,
14,774,0,0.8489701747894287,
14,775,0,0.7989758849143982,
14,776,0,0.2685545086860657,
14,777,0,0.8363924622535706,
14,778,0,0.44128888845443726,
14,779,0,0.838119387626648,
14,780,0,0.7604541182518005,
14,781,0,0.8338956832885742,
14,782,0,0.4177969694137573,
14,783,0,0.8117904663085938,
14,784,0,0.4064805507659912,
14,785,0,0.04766899347305298,
14,786,0,0.4857034683227539,
14,787,0,0.26324111223220825,
14,788,0,0.8389819860458374,
14,789,0,0.31093764305114746,
14,790,0,0.7843390107154846,
14,791,0,0.4811311364173889,
14,792,0,0.3561626672744751,
14,793,0,0.8007429242134094,
14,794,0,0.8357673287391663,
14,795,0,0.29040199518203735,
14,796,0,0.82957524061203,
14,797,0,0.06181526184082031,
14,798,0,0.4703081250190735,
14,799,0,0.8294925689697266,
14,val,,,0.5861082357168198
15,0,0,0.4080048203468323,
15,1,0,0.81854647397995,
15,2,0,0.6744740009307861,
15,3,0,0.8593751192092896,
15,4,0,0.4174543023109436,
15,5,0,0.7680971026420593,
15,6,0,0.17179781198501587,
15,7,0,0.477742075920105,
15,8,0,0.25192928314208984,
15,9,0,0.8169658184051514,
15,10,0,0.06594473123550415,
15,11,0,0.8330649137496948,
15,12,0,0.8335825800895691,
15,13,0,0.8257941603660583,
15,14,0,0.7519965171813965,
15,15,0,0.8207000494003296,
15,16,0,0.5202614665031433,
15,17,0,0.4008849263191223,
15,18,0,0.8091424107551575,
15,19,0,0.8299098014831543,
15,20,0,0.7402373552322388,
15,21,0,0.4852714538574219,
15,22,0,0.2827463746070862,
15,23,0,0.6894272565841675,
15,24,0,0.8232399225234985,
15,25,0,0.7290729880332947,
15,26,0,0.8380050659179688,
15,27,0,0.3891046643257141,
15,28,0,0.2859548330307007,
15,29,0,0.464499831199646,
15,30,0,0.8314406275749207,
15,31,0,0.8060920238494873,
15,32,0,0.45384442806243896,
15,33,0,0.7482851147651672,
15,34,0,0.8130995035171509,
15,35,0,0.2767767310142517,
15,36,0,0.42785900831222534,
15,37,0,0.8270139694213867,
15,38,0,0.19726723432540894,
15,39,0,0.8428254127502441,
15,40,0,0.16533738374710083,
15,41,0,0.6319828629493713,
15,42,0,0.4669508934020996,
15,43,0,0.04266613721847534,
15,44,0,0.7476770877838135,
15,45,0,0.4699863791465759,
15,46,0,0.05201536417007446,
15,47,0,0.052499473094940186,
15,48,0,0.8394227027893066,
15,49,0,0.31953102350234985,
15,50,0,0.8415483832359314,
15,51,0,0.3848046064376831,
15,52,0,0.435993492603302,
15,53,0,0.05212593078613281,
15,54,0,0.853257954120636,
15,55,0,0.45042043924331665,
15,56,0,0.7949094176292419,
15,57,0,0.4999192953109741,
15,58,0,0.8567155003547668,
15,59,0,0.36085569858551025,
15,60,0,0.4256959557533264,
15,61,0,0.6070412397384644,
15,62,0,0.8281725645065308,
15,63,0,0.272665798664093,
15,64,0,0.2609882950782776,
15,65,0,0.7705593705177307,
15,66,0,0.7349354028701782,
15,67,0,0.4475315809249878,
15,68,0,0.8310099244117737,
15,69,0,0.4651857018470764,
15,70,0,0.510053813457489,
15,71,0,0.6208653450012207,
15,72,0,0.669255256652832,
15,73,0,0.8010582327842712,
15,74,0,0.8215634822845459,
15,75,0,0.6554296016693115,
15,76,0,0.8119868040084839,
15,77,0,0.7451993227005005,
15,78,0,0.16551434993743896,
15,79,0,0.8236569166183472,
15,80,0,0.4820944666862488,
15,81,0,0.814399242401123,
15,82,0,0.05550104379653931,
15,83,0,0.826131284236908,
15,84,0,0.8314321637153625,
15,85,0,0.511718213558197,
15,86,0,0.8400455713272095,
15,87,0,0.5759936571121216,
15,88,0,0.8202883005142212,
15,89,0,0.4886382222175598,
15,90,0,0.7439076900482178,
15,91,0,0.836532711982727,
15,92,0,0.8500396013259888,
15,93,0,0.8196545243263245,
15,94,0,0.49016809463500977,
15,95,0,0.8361358046531677,
15,96,0,0.2808516025543213,
15,97,0,0.8430708050727844,
15,98,0,0.6167730093002319,
15,99,0,0.8401389718055725,
15,100,0,0.7551451325416565,
15,101,0,0.6737202405929565,
15,102,0,0.8404226303100586,
15,103,0,0.7877389192581177,
15,104,0,0.8401453495025635,
15,105,0,0.34797030687332153,
15,106,0,0.860671877861023,
15,107,0,0.8222130537033081,
15,108,0,0.6379985809326172,
15,109,0,0.8244144916534424,
15,110,0,0.8420438766479492,
15,111,0,0.8178152441978455,
15,112,0,0.8353519439697266,
15,113,0,0.43330663442611694,
15,114,0,0.2600463032722473,
15,115,0,0.8259163498878479,
15,116,0,0.8174472451210022,
15,117,0,0.37196028232574463,
15,118,0,0.8211148381233215,
15,119,0,0.3371451497077942,
15,120,0,0.8263250589370728,
15,121,0,0.8378980755805969,
15,122,0,0.7274446487426758,
15,123,0,0.07125264406204224,
15,124,0,0.41861510276794434,
15,125,0,0.7571070194244385,
15,126,0,0.8485289216041565,
15,127,0,0.824707567691803,
15,128,0,0.820536732673645,
15,129,0,0.8422133922576904,
15,130,0,0.7317186594009399,
15,131,0,0.8484464883804321,
15,132,0,0.7870484590530396,
15,133,0,0.2472226619720459,
15,134,0,0.4319801330566406,
15,135,0,0.4877009987831116,
15,136,0,0.058865249156951904,
15,137,0,0.13485240936279297,
15,138,0,0.26236122846603394,
15,139,0,0.4845317602157593,
15,140,0,0.8173608779907227,
15,141,0,0.7821299433708191,
15,142,0,0.8344672918319702,
15,143,0,0.7851682305335999,
15,144,0,0.8151957988739014,
15,145,0,0.22269350290298462,
15,146,0,0.6952641010284424,
15,147,0,0.2408682107925415,
15,148,0,0.7804312705993652,
15,149,0,0.7880379557609558,
15,150,0,0.8048926591873169,
15,151,0,0.8336026668548584,
15,152,0,0.7358853220939636,
15,153,0,0.8208001852035522,
15,154,0,0.8297386765480042,
15,155,0,0.7148548364639282,
15,156,0,0.05089443922042847,
15,157,0,0.6276414394378662,
15,158,0,0.7750257253646851,
15,159,0,0.8072248101234436,
15,160,0,0.35518455505371094,
15,161,0,0.0613824725151062,
15,162,0,0.83887779712677,
15,163,0,0.28682613372802734,
15,164,0,0.39136868715286255,
15,165,0,0.7239298820495605,
15,166,0,0.2540186643600464,
15,167,0,0.8537153601646423,
15,168,0,0.8452768921852112,
15,169,0,0.14887577295303345,
15,170,0,0.7757747173309326,
15,171,0,0.740150511264801,
15,172,0,0.7356148958206177,
15,173,0,0.6383399963378906,
15,174,0,0.7547924518585205,
15,175,0,0.4182412624359131,
15,176,0,0.7649393677711487,
15,177,0,0.312161386013031,
15,178,0,0.8366370797157288,
15,179,0,0.34360677003860474,
15,180,0,0.7930916547775269,
15,181,0,0.8015470504760742,
15,182,0,0.3312535285949707,
15,183,0,0.17635762691497803,
15,184,0,0.7787999510765076,
15,185,0,0.7452448606491089,
15,186,0,0.29790812730789185,
15,187,0,0.7416481971740723,
15,188,0,0.7509297132492065,
15,189,0,0.26946407556533813,
15,190,0,0.06745010614395142,
15,191,0,0.4602964520454407,
15,192,0,0.7726398706436157,
15,193,0,0.7408360242843628,
15,194,0,0.738791823387146,
15,195,0,0.8616377711296082,
15,196,0,0.7526971101760864,
15,197,0,0.19311463832855225,
15,198,0,0.8033340573310852,
15,199,0,0.2537382245063782,
15,200,0,0.7622806429862976,
15,201,0,0.049546122550964355,
15,202,0,0.29171043634414673,
15,203,0,0.8380256295204163,
15,204,0,0.33868706226348877,
15,205,0,0.24484914541244507,
15,206,0,0.34663283824920654,
15,207,0,0.1533544659614563,
15,208,0,0.4809487462043762,
15,209,0,0.7772282361984253,
15,210,0,0.31575554609298706,
15,211,0,0.8258160948753357,
15,212,0,0.4929906725883484,
15,213,0,0.8091763854026794,
15,214,0,0.8365257978439331,
15,215,0,0.8403753042221069,
15,216,0,0.4545385241508484,
15,217,0,0.8306894898414612,
15,218,0,0.8452080488204956,
15,219,0,0.7313876748085022,
15,220,0,0.25897377729415894,
15,221,0,0.7431695461273193,
15,222,0,0.32117384672164917,
15,223,0,0.487392783164978,
15,224,0,0.8204825520515442,
15,225,0,0.2959970235824585,
15,226,0,0.8173585534095764,
15,227,0,0.17285984754562378,
15,228,0,0.7328099012374878,
15,229,0,0.42304837703704834,
15,230,0,0.46105462312698364,
15,231,0,0.8267187476158142,
15,232,0,0.854948878288269,
15,233,0,0.8437941074371338,
15,234,0,0.8264718651771545,
15,235,0,0.047825634479522705,
15,236,0,0.44475531578063965,
15,237,0,0.8352634310722351,
15,238,0,0.4690917730331421,
15,239,0,0.42271292209625244,
15,240,0,0.8203926086425781,
15,241,0,0.8266880512237549,
15,242,0,0.8250911235809326,
15,243,0,0.44045478105545044,
15,244,0,0.3123035430908203,
15,245,0,0.05079752206802368,
15,246,0,0.4344441890716553,
15,247,0,0.8377923965454102,
15,248,0,0.4564615488052368,
15,249,0,0.813689649105072,
15,250,0,0.12504231929779053,
15,251,0,0.845811665058136,
15,252,0,0.7814300060272217,
15,253,0,0.7687057852745056,
15,254,0,0.04264146089553833,
15,255,0,0.7514126896858215,
15,256,0,0.5650414228439331,
15,257,0,0.8489267230033875,
15,258,0,0.8318629264831543,
15,259,0,0.8559554219245911,
15,260,0,0.5182782411575317,
15,261,0,0.7462573051452637,
15,262,0,0.8528268337249756,
15,263,0,0.7293899059295654,
15,264,0,0.29099041223526,
15,265,0,0.8516960144042969,
15,266,0,0.8189272880554199,
15,267,0,0.844855546951294,
15,268,0,0.3210143446922302,
15,269,0,0.46410202980041504,
15,270,0,0.5997097492218018,
15,271,0,0.822034478187561,
15,272,0,0.3846701383590698,
15,273,0,0.8434736728668213,
15,274,0,0.8147802352905273,
15,275,0,0.16279679536819458,
15,276,0,0.8144996762275696,
15,277,0,0.06319159269332886,
15,278,0,0.5487365126609802,
15,279,0,0.739904522895813,
15,280,0,0.7757828235626221,
15,281,0,0.7923308610916138,
15,282,0,0.7459254264831543,
15,283,0,0.7553240060806274,
15,284,0,0.8219262361526489,
15,285,0,0.8352698087692261,
15,286,0,0.6565502882003784,
15,287,0,0.7297409176826477,
15,288,0,0.8236729502677917,
15,289,0,0.5249245166778564,
15,290,0,0.8277522325515747,
15,291,0,0.048355281352996826,
15,292,0,0.39077073335647583,
15,293,0,0.8450303077697754,
15,294,0,0.8377879858016968,
15,295,0,0.8475778102874756,
15,296,0,0.4834098815917969,
15,297,0,0.05173969268798828,
15,298,0,0.8550760746002197,
15,299,0,0.8124397993087769,
15,300,0,0.43387556076049805,
15,301,0,0.4173040986061096,
15,302,0,0.8411363959312439,
15,303,0,0.6090449094772339,
15,304,0,0.8449928760528564,
15,305,0,0.47152167558670044,
15,306,0,0.23770970106124878,
15,307,0,0.8340652585029602,
15,308,0,0.84224534034729,
15,309,0,0.20006400346755981,
15,310,0,0.8180990219116211,
15,311,0,0.39107590913772583,
15,312,0,0.8241252303123474,
15,313,0,0.8177155256271362,
15,314,0,0.41407912969589233,
15,315,0,0.8076763153076172,
15,316,0,0.837390661239624,
15,317,0,0.6876760721206665,
15,318,0,0.3708949685096741,
15,319,0,0.3231537938117981,
15,320,0,0.7436844706535339,
15,321,0,0.8466266393661499,
15,322,0,0.8559693098068237,
15,323,0,0.30190974473953247,
15,324,0,0.8485102653503418,
15,325,0,0.7949172258377075,
15,326,0,0.8107980489730835,
15,327,0,0.7340890765190125,
15,328,0,0.7272921204566956,
15,329,0,0.7710288763046265,
15,330,0,0.38220518827438354,
15,331,0,0.3426010012626648,
15,332,0,0.8333791494369507,
15,333,0,0.2506723999977112,
15,334,0,0.819252610206604,
15,335,0,0.3752634525299072,
15,336,0,0.8311913013458252,
15,337,0,0.4546462893486023,
15,338,0,0.6318936944007874,
15,339,0,0.8091362714767456,
15,340,0,0.8434917330741882,
15,341,0,0.06004142761230469,
15,342,0,0.74940025806427,
15,343,0,0.6212202310562134,
15,344,0,0.8277978897094727,
15,345,0,0.8277775645256042,
15,346,0,0.247575581073761,
15,347,0,0.17476272583007812,
15,348,0,0.7542146444320679,
15,349,0,0.8433752059936523,
15,350,0,0.7906004190444946,
15,351,0,0.7748805284500122,
15,352,0,0.8255956172943115,
15,353,0,0.8268319964408875,
15,354,0,0.6499351263046265,
15,355,0,0.1632353663444519,
15,356,0,0.8569456934928894,
15,357,0,0.7576935887336731,
15,358,0,0.2075602412223816,
15,359,0,0.7825660705566406,
15,360,0,0.8535983562469482,
15,361,0,0.8489787578582764,
15,362,0,0.2543996572494507,
15,363,0,0.31309837102890015,
15,364,0,0.7516467571258545,
15,365,0,0.8568105697631836,
15,366,0,0.8331453800201416,
15,367,0,0.8370493650436401,
15,368,0,0.8353252410888672,
15,369,0,0.8112446069717407,
15,370,0,0.6251862049102783,
15,371,0,0.7075816988945007,
15,372,0,0.8313182592391968,
15,373,0,0.8419031500816345,
15,374,0,0.4486766457557678,
15,375,0,0.752545177936554,
15,376,0,0.7678675055503845,
15,377,0,0.33866435289382935,
15,378,0,0.4147205352783203,
15,379,0,0.8397023677825928,
15,380,0,0.3469421863555908,
15,381,0,0.32364827394485474,
15,382,0,0.32827508449554443,
15,383,0,0.8421257138252258,
15,384,0,0.34336787462234497,
15,385,0,0.3377382159233093,
15,386,0,0.24161821603775024,
15,387,0,0.4403987526893616,
15,388,0,0.05718028545379639,
15,389,0,0.7835785150527954,
15,390,0,0.7576395273208618,
15,391,0,0.7031052112579346,
15,392,0,0.681098461151123,
15,393,0,0.31278926134109497,
15,394,0,0.48502206802368164,
15,395,0,0.8100305795669556,
15,396,0,0.16062241792678833,
15,397,0,0.18774324655532837,
15,398,0,0.8009032607078552,
15,399,0,0.30704450607299805,
15,400,0,0.709753155708313,
15,401,0,0.7617199420928955,
15,402,0,0.8305987119674683,
15,403,0,0.8050841093063354,
15,404,0,0.3286370038986206,
15,405,0,0.06584149599075317,
15,406,0,0.7609002590179443,
15,407,0,0.8420064449310303,
15,408,0,0.8088314533233643,
15,409,0,0.7088311910629272,
15,410,0,0.8377906680107117,
15,411,0,0.3077610731124878,
15,412,0,0.8274482488632202,
15,413,0,0.06873852014541626,
15,414,0,0.7802314162254333,
15,415,0,0.6494187116622925,
15,416,0,0.8307070732116699,
15,417,0,0.056203246116638184,
15,418,0,0.499228835105896,
15,419,0,0.47604942321777344,
15,420,0,0.26156264543533325,
15,421,0,0.26096123456954956,
15,422,0,0.8259270787239075,
15,423,0,0.838935136795044,
15,424,0,0.8393561840057373,
15,425,0,0.8138507008552551,
15,426,0,0.8135801553726196,
15,427,0,0.8081169724464417,
15,428,0,0.4593362808227539,
15,429,0,0.8146365284919739,
15,430,0,0.26536691188812256,
15,431,0,0.7915988564491272,
15,432,0,0.7554185390472412,
15,433,0,0.8255667686462402,
15,434,0,0.8298680186271667,
15,435,0,0.8159613609313965,
15,436,0,0.6114267110824585,
15,437,0,0.05228203535079956,
15,438,0,0.7230424284934998,
15,439,0,0.22342360019683838,
15,440,0,0.848477303981781,
15,441,0,0.7864152193069458,
15,442,0,0.8239234685897827,
15,443,0,0.81682950258255,
15,444,0,0.7578074932098389,
15,445,0,0.8274886608123779,
15,446,0,0.7701604962348938,
15,447,0,0.31319475173950195,
15,448,0,0.05216503143310547,
15,449,0,0.801544189453125,
15,450,0,0.7771334052085876,
15,451,0,0.2621937394142151,
15,452,0,0.8384658694267273,
15,453,0,0.29387813806533813,
15,454,0,0.42178285121917725,
15,455,0,0.577784538269043,
15,456,0,0.7271555662155151,
15,457,0,0.6657149791717529,
15,458,0,0.5196368098258972,
15,459,0,0.8265435695648193,
15,460,0,0.8213526606559753,
15,461,0,0.4689779281616211,
15,462,0,0.8082367181777954,
15,463,0,0.15292364358901978,
15,464,0,0.6156154870986938,
15,465,0,0.7450820207595825,
15,466,0,0.046015143394470215,
15,467,0,0.8185445070266724,
15,468,0,0.6426860690116882,
15,469,0,0.7902883291244507,
15,470,0,0.3466964364051819,
15,471,0,0.05459028482437134,
15,472,0,0.8423683643341064,
15,473,0,0.842341423034668,
15,474,0,0.05738621950149536,
15,475,0,0.8284444212913513,
15,476,0,0.4630661606788635,
15,477,0,0.8376259207725525,
15,478,0,0.5221782922744751,
15,479,0,0.4852418899536133,
15,480,0,0.6720038652420044,
15,481,0,0.17465263605117798,
15,482,0,0.8232470750808716,
15,483,0,0.8361610770225525,
15,484,0,0.8362565040588379,
15,485,0,0.4490792155265808,
15,486,0,0.7183781862258911,
15,487,0,0.3398604989051819,
15,488,0,0.7300335168838501,
15,489,0,0.8353818655014038,
15,490,0,0.763949453830719,
15,491,0,0.8256335258483887,
15,492,0,0.6503221988677979,
15,493,0,0.7461214065551758,
15,494,0,0.05938798189163208,
15,495,0,0.3638342618942261,
15,496,0,0.2886241674423218,
15,497,0,0.7767635583877563,
15,498,0,0.4531601071357727,
15,499,0,0.8454993367195129,
15,500,0,0.805815577507019,
15,501,0,0.7706150412559509,
15,502,0,0.8352255821228027,
15,503,0,0.2088208794593811,
15,504,0,0.7538443207740784,
15,505,0,0.4745211601257324,
15,506,0,0.7675943374633789,
15,507,0,0.2792566418647766,
15,508,0,0.8443602323532104,
15,509,0,0.8416855335235596,
15,510,0,0.8549120426177979,
15,511,0,0.7722910642623901,
15,512,0,0.2505393624305725,
15,513,0,0.7275091409683228,
15,514,0,0.8132116794586182,
15,515,0,0.8041585087776184,
15,516,0,0.7413332462310791,
15,517,0,0.4018040895462036,
15,518,0,0.24022793769836426,
15,519,0,0.29627496004104614,
15,520,0,0.8338000774383545,
15,521,0,0.8448482751846313,
15,522,0,0.3701680302619934,
15,523,0,0.8609317541122437,
15,524,0,0.7448745965957642,
15,525,0,0.052913665771484375,
15,526,0,0.3257363438606262,
15,527,0,0.8395962119102478,
15,528,0,0.05217379331588745,
15,529,0,0.8290157318115234,
15,530,0,0.8018426299095154,
15,531,0,0.8430801033973694,
15,532,0,0.8009433746337891,
15,533,0,0.8299456834793091,
15,534,0,0.3810862898826599,
15,535,0,0.833085834980011,
15,536,0,0.7956434488296509,
15,537,0,0.28043127059936523,
15,538,0,0.8277719616889954,
15,539,0,0.8118951320648193,
15,540,0,0.7904790639877319,
15,541,0,0.43044614791870117,
15,542,0,0.334999144077301,
15,543,0,0.8458583354949951,
15,544,0,0.061217308044433594,
15,545,0,0.40285903215408325,
15,546,0,0.4558780789375305,
15,547,0,0.06162679195404053,
15,548,0,0.778313398361206,
15,549,0,0.31915807723999023,
15,550,0,0.838268518447876,
15,551,0,0.843990683555603,
15,552,0,0.7264670133590698,
15,553,0,0.44481372833251953,
15,554,0,0.6628431081771851,
15,555,0,0.2696833610534668,
15,556,0,0.770541250705719,
15,557,0,0.8462957143783569,
15,558,0,0.3967266082763672,
15,559,0,0.6568355560302734,
15,560,0,0.7883784770965576,
15,561,0,0.8373961448669434,
15,562,0,0.17383509874343872,
15,563,0,0.8359643220901489,
15,564,0,0.48198431730270386,
15,565,0,0.3574243187904358,
15,566,0,0.3739285469055176,
15,567,0,0.8229383230209351,
15,568,0,0.21736371517181396,
15,569,0,0.8224811553955078,
15,570,0,0.6384336948394775,
15,571,0,0.6106035709381104,
15,572,0,0.3297317624092102,
15,573,0,0.8692722320556641,
15,574,0,0.32355594635009766,
15,575,0,0.29872649908065796,
15,576,0,0.7864149808883667,
15,577,0,0.29907500743865967,
15,578,0,0.31492263078689575,
15,579,0,0.7818275690078735,
15,580,0,0.2888813614845276,
15,581,0,0.4115414023399353,
15,582,0,0.8266827464103699,
15,583,0,0.7658417224884033,
15,584,0,0.44498926401138306,
15,585,0,0.8156511783599854,
15,586,0,0.8326804041862488,
15,587,0,0.5941848754882812,
15,588,0,0.23516631126403809,
15,589,0,0.7268470525741577,
15,590,0,0.8253582119941711,
15,591,0,0.26567399501800537,
15,592,0,0.8155176043510437,
15,593,0,0.8336883783340454,
15,594,0,0.8225401639938354,
15,595,0,0.7431391477584839,
15,596,0,0.4344560503959656,
15,597,0,0.1687571406364441,
15,598,0,0.3320162892341614,
15,599,0,0.345653235912323,
15,600,0,0.7669328451156616,
15,601,0,0.4309045672416687,
15,602,0,0.19128185510635376,
15,603,0,0.31829535961151123,
15,604,0,0.7457180023193359,
15,605,0,0.7890013456344604,
15,606,0,0.3072859048843384,
15,607,0,0.7569043040275574,
15,608,0,0.7188597917556763,
15,609,0,0.8320274353027344,
15,610,0,0.845937967300415,
15,611,0,0.8510885238647461,
15,612,0,0.6659989356994629,
15,613,0,0.7685055732727051,
15,614,0,0.8351930379867554,
15,615,0,0.39480799436569214,
15,616,0,0.8468824028968811,
15,617,0,0.30275779962539673,
15,618,0,0.17070358991622925,
15,619,0,0.4243369698524475,
15,620,0,0.8405172228813171,
15,621,0,0.4218985438346863,
15,622,0,0.7913881540298462,
15,623,0,0.43114691972732544,
15,624,0,0.3393023610115051,
15,625,0,0.8535025119781494,
15,626,0,0.8295520544052124,
15,627,0,0.8229039907455444,
15,628,0,0.8501033186912537,
15,629,0,0.48039835691452026,
15,630,0,0.06395310163497925,
15,631,0,0.18205440044403076,
15,632,0,0.8159604668617249,
15,633,0,0.7353857755661011,
15,634,0,0.8446381092071533,
15,635,0,0.48390769958496094,
15,636,0,0.8164159655570984,
15,637,0,0.711890697479248,
15,638,0,0.8404453992843628,
15,639,0,0.7566989660263062,
15,640,0,0.15777432918548584,
15,641,0,0.770324170589447,
15,642,0,0.781319797039032,
15,643,0,0.4274902939796448,
15,644,0,0.411299467086792,
15,645,0,0.8219935297966003,
15,646,0,0.8281922936439514,
15,647,0,0.7760632634162903,
15,648,0,0.8153287172317505,
15,649,0,0.048702776432037354,
15,650,0,0.7640911936759949,
15,651,0,0.44254928827285767,
15,652,0,0.7122489213943481,
15,653,0,0.5838851928710938,
15,654,0,0.7612936496734619,
15,655,0,0.251345157623291,
15,656,0,0.25388526916503906,
15,657,0,0.38942545652389526,
15,658,0,0.7458577156066895,
15,659,0,0.052029967308044434,
15,660,0,0.8482096791267395,
15,661,0,0.7569618225097656,
15,662,0,0.8215034604072571,
15,663,0,0.729016125202179,
15,664,0,0.8412322998046875,
15,665,0,0.43095463514328003,
15,666,0,0.056224048137664795,
15,667,0,0.8140076994895935,
15,668,0,0.3040013909339905,
15,669,0,0.4672695994377136,
15,670,0,0.38378065824508667,
15,671,0,0.7613459825515747,
15,672,0,0.17721402645111084,
15,673,0,0.28128576278686523,
15,674,0,0.4132547974586487,
15,675,0,0.7616042494773865,
15,676,0,0.16776692867279053,
15,677,0,0.6092193126678467,
15,678,0,0.8572856187820435,
15,679,0,0.8068338632583618,
15,680,0,0.0618169903755188,
15,681,0,0.8477689027786255,
15,682,0,0.33570611476898193,
15,683,0,0.3498380780220032,
15,684,0,0.8415786027908325,
15,685,0,0.8157703876495361,
15,686,0,0.8129470944404602,
15,687,0,0.6242775917053223,
15,688,0,0.29447007179260254,
15,689,0,0.7556731700897217,
15,690,0,0.8409566283226013,
15,691,0,0.1664312481880188,
15,692,0,0.3671324849128723,
15,693,0,0.7094256281852722,
15,694,0,0.7649340033531189,
15,695,0,0.7691328525543213,
15,696,0,0.19298934936523438,
15,697,0,0.7549750804901123,
15,698,0,0.8447126150131226,
15,699,0,0.45403462648391724,
15,700,0,0.26983851194381714,
15,701,0,0.83662348985672,
15,702,0,0.7875239849090576,
15,703,0,0.8457818031311035,
15,704,0,0.1631951928138733,
15,705,0,0.05673825740814209,
15,706,0,0.846893846988678,
15,707,0,0.81636643409729,
15,708,0,0.8390839695930481,
15,709,0,0.7546011209487915,
15,710,0,0.4124254584312439,
15,711,0,0.35806208848953247,
15,712,0,0.3027687072753906,
15,713,0,0.42795348167419434,
15,714,0,0.8461633324623108,
15,715,0,0.45404893159866333,
15,716,0,0.7715671062469482,
15,717,0,0.6609741449356079,
15,718,0,0.8334841132164001,
15,719,0,0.828393280506134,
15,720,0,0.797909140586853,
15,721,0,0.781112790107727,
15,722,0,0.7872000336647034,
15,723,0,0.17514121532440186,
15,724,0,0.7281583547592163,
15,725,0,0.20405209064483643,
15,726,0,0.8279088139533997,
15,727,0,0.809520423412323,
15,728,0,0.1993686556816101,
15,729,0,0.45373064279556274,
15,730,0,0.3758448362350464,
15,731,0,0.8304051160812378,
15,732,0,0.8105851411819458,
15,733,0,0.40119796991348267,
15,734,0,0.8233633041381836,
15,735,0,0.33724862337112427,
15,736,0,0.7603932619094849,
15,737,0,0.8287101984024048,
15,738,0,0.8220119476318359,
15,739,0,0.6233980655670166,
15,740,0,0.3116634488105774,
15,741,0,0.7000902891159058,
15,742,0,0.8300080895423889,
15,743,0,0.849087119102478,
15,744,0,0.8103009462356567,
15,745,0,0.28773313760757446,
15,746,0,0.7418416142463684,
15,747,0,0.8628044724464417,
15,748,0,0.7179909944534302,
15,749,0,0.8276858925819397,
15,750,0,0.8169785737991333,
15,751,0,0.8283407092094421,
15,752,0,0.7709771394729614,
15,753,0,0.47563284635543823,
15,754,0,0.7420614957809448,
15,755,0,0.8423696756362915,
15,756,0,0.8283028602600098,
15,757,0,0.8417131900787354,
15,758,0,0.7134177684783936,
15,759,0,0.0542789101600647,
15,760,0,0.4482852816581726,
15,761,0,0.744290828704834,
15,762,0,0.7779650688171387,
15,763,0,0.3442349433898926,
15,764,0,0.3217431902885437,
15,765,0,0.8055533766746521,
15,766,0,0.17593973875045776,
15,767,0,0.7497234344482422,
15,768,0,0.829020619392395,
15,769,0,0.20324379205703735,
15,770,0,0.7928186655044556,
15,771,0,0.722934365272522,
15,772,0,0.8016029000282288,
15,773,0,0.2099083662033081,
15,774,0,0.8397747874259949,
15,775,0,0.7951346039772034,
15,776,0,0.2680509686470032,
15,777,0,0.836848258972168,
15,778,0,0.4389766454696655,
15,779,0,0.8397395014762878,
15,780,0,0.7613235116004944,
15,781,0,0.8328233361244202,
15,782,0,0.4157666563987732,
15,783,0,0.8103102445602417,
15,784,0,0.40709197521209717,
15,785,0,0.04725301265716553,
15,786,0,0.4853730797767639,
15,787,0,0.26121193170547485,
15,788,0,0.8324886560440063,
15,789,0,0.3150891661643982,
15,790,0,0.7773839831352234,
15,791,0,0.4795909523963928,
15,792,0,0.3554028868675232,
15,793,0,0.80108642578125,
15,794,0,0.8350523710250854,
15,795,0,0.2900843620300293,
15,796,0,0.8291957378387451,
15,797,0,0.06292206048965454,
15,798,0,0.4704665541648865,
15,799,0,0.8289240002632141,
15,val,,,0.5859437793493271
16,0,0,0.4056386351585388,
16,1,0,0.8190470337867737,
16,2,0,0.6680265665054321,
16,3,0,0.8485606908798218,
16,4,0,0.4155429005622864,
16,5,0,0.7679175734519958,
16,6,0,0.17174941301345825,
16,7,0,0.4761868119239807,
16,8,0,0.2608415484428406,
16,9,0,0.8171982765197754,
16,10,0,0.06678235530853271,
16,11,0,0.8318875432014465,
16,12,0,0.8318881988525391,
16,13,0,0.8240474462509155,
16,14,0,0.7482138872146606,
16,15,0,0.8181239366531372,
16,16,0,0.5208985805511475,
16,17,0,0.3990766406059265,
16,18,0,0.8084410429000854,
16,19,0,0.8342324495315552,
16,20,0,0.7450698614120483,
16,21,0,0.4852874279022217,
16,22,0,0.28131842613220215,
16,23,0,0.6883659362792969,
16,24,0,0.822211742401123,
16,25,0,0.7305189371109009,
16,26,0,0.841005802154541,
16,27,0,0.3888912796974182,
16,28,0,0.28476208448410034,
16,29,0,0.46336859464645386,
16,30,0,0.8285236358642578,
16,31,0,0.803269624710083,
16,32,0,0.45404309034347534,
16,33,0,0.7495695948600769,
16,34,0,0.8071500658988953,
16,35,0,0.27616626024246216,
16,36,0,0.4282587766647339,
16,37,0,0.8269146084785461,
16,38,0,0.19733721017837524,
16,39,0,0.8434069156646729,
16,40,0,0.16629046201705933,
16,41,0,0.6350276470184326,
16,42,0,0.4686053395271301,
16,43,0,0.04259592294692993,
16,44,0,0.7455446124076843,
16,45,0,0.4697383642196655,
16,46,0,0.051787376403808594,
16,47,0,0.05175548791885376,
16,48,0,0.8354411125183105,
16,49,0,0.3193705081939697,
16,50,0,0.8420021533966064,
16,51,0,0.39393794536590576,
16,52,0,0.43238431215286255,
16,53,0,0.052813708782196045,
16,54,0,0.8518469929695129,
16,55,0,0.45173174142837524,
16,56,0,0.7932888865470886,
16,57,0,0.49997758865356445,
16,58,0,0.857490599155426,
16,59,0,0.36150264739990234,
16,60,0,0.42476391792297363,
16,61,0,0.6038306951522827,
16,62,0,0.8314602971076965,
16,63,0,0.27056074142456055,
16,64,0,0.26241302490234375,
16,65,0,0.7642351984977722,
16,66,0,0.7291487455368042,
16,67,0,0.44658946990966797,
16,68,0,0.8243598937988281,
16,69,0,0.4676814675331116,
16,70,0,0.5105550289154053,
16,71,0,0.6224555969238281,
16,72,0,0.6698647737503052,
16,73,0,0.809285044670105,
16,74,0,0.8236111998558044,
16,75,0,0.655686616897583,
16,76,0,0.8114871382713318,
16,77,0,0.7388875484466553,
16,78,0,0.16472548246383667,
16,79,0,0.8392177224159241,
16,80,0,0.48296481370925903,
16,81,0,0.8155865669250488,
16,82,0,0.05184417963027954,
16,83,0,0.8294893503189087,
16,84,0,0.8390949964523315,
16,85,0,0.5097639560699463,
16,86,0,0.8396843075752258,
16,87,0,0.5754008293151855,
16,88,0,0.8195052146911621,
16,89,0,0.48806947469711304,
16,90,0,0.7433706521987915,
16,91,0,0.8220928311347961,
16,92,0,0.8508674502372742,
16,93,0,0.8215671181678772,
16,94,0,0.48929697275161743,
16,95,0,0.8393672108650208,
16,96,0,0.2804478406906128,
16,97,0,0.8411434888839722,
16,98,0,0.613534688949585,
16,99,0,0.8385643362998962,
16,100,0,0.7541184425354004,
16,101,0,0.6740539073944092,
16,102,0,0.8362346291542053,
16,103,0,0.778309166431427,
16,104,0,0.8399253487586975,
16,105,0,0.3408682942390442,
16,106,0,0.8356754183769226,
16,107,0,0.8214480876922607,
16,108,0,0.6381653547286987,
16,109,0,0.821906328201294,
16,110,0,0.8648813962936401,
16,111,0,0.8230297565460205,
16,112,0,0.837427020072937,
16,113,0,0.43317461013793945,
16,114,0,0.26040440797805786,
16,115,0,0.8256088495254517,
16,116,0,0.8284118175506592,
16,117,0,0.37173765897750854,
16,118,0,0.8141396045684814,
16,119,0,0.33750951290130615,
16,120,0,0.8261572122573853,
16,121,0,0.8389753103256226,
16,122,0,0.7287282943725586,
16,123,0,0.06796318292617798,
16,124,0,0.4194486737251282,
16,125,0,0.7639211416244507,
16,126,0,0.86361163854599,
16,127,0,0.8247216939926147,
16,128,0,0.8300216794013977,
16,129,0,0.8410266637802124,
16,130,0,0.7267075777053833,
16,131,0,0.8498523235321045,
16,132,0,0.8002904057502747,
16,133,0,0.24819737672805786,
16,134,0,0.4344508647918701,
16,135,0,0.4875253438949585,
16,136,0,0.05792558193206787,
16,137,0,0.13507992029190063,
16,138,0,0.2613425850868225,
16,139,0,0.484005331993103,
16,140,0,0.8206135630607605,
16,141,0,0.7862516641616821,
16,142,0,0.8320651650428772,
16,143,0,0.7816545963287354,
16,144,0,0.8143036365509033,
16,145,0,0.2221558690071106,
16,146,0,0.6980170011520386,
16,147,0,0.24117422103881836,
16,148,0,0.7739405632019043,
16,149,0,0.7898313403129578,
16,150,0,0.8058322668075562,
16,151,0,0.8359822630882263,
16,152,0,0.7349616289138794,
16,153,0,0.8229960799217224,
16,154,0,0.8266374468803406,
16,155,0,0.7156684398651123,
16,156,0,0.05086570978164673,
16,157,0,0.628010094165802,
16,158,0,0.7739583849906921,
16,159,0,0.8048189878463745,
16,160,0,0.35508257150650024,
16,161,0,0.06702697277069092,
16,162,0,0.8378965854644775,
16,163,0,0.2833789587020874,
16,164,0,0.3937063217163086,
16,165,0,0.7233989238739014,
16,166,0,0.2524520754814148,
16,167,0,0.8391560912132263,
16,168,0,0.8421918749809265,
16,169,0,0.14825153350830078,
16,170,0,0.7818146347999573,
16,171,0,0.7408504486083984,
16,172,0,0.737125039100647,
16,173,0,0.6365714073181152,
16,174,0,0.7542093992233276,
16,175,0,0.41761499643325806,
16,176,0,0.7645879983901978,
16,177,0,0.3115463852882385,
16,178,0,0.836948037147522,
16,179,0,0.3434508442878723,
16,180,0,0.7942113876342773,
16,181,0,0.8082895874977112,
16,182,0,0.3313182592391968,
16,183,0,0.1761985421180725,
16,184,0,0.783396303653717,
16,185,0,0.7456858158111572,
16,186,0,0.3018309473991394,
16,187,0,0.7375149726867676,
16,188,0,0.7462848424911499,
16,189,0,0.26864099502563477,
16,190,0,0.06747788190841675,
16,191,0,0.45508700609207153,
16,192,0,0.7864774465560913,
16,193,0,0.7401527166366577,
16,194,0,0.7374045848846436,
16,195,0,0.861404299736023,
16,196,0,0.7503083348274231,
16,197,0,0.19200122356414795,
16,198,0,0.8062896132469177,
16,199,0,0.2550245523452759,
16,200,0,0.7675392627716064,
16,201,0,0.051945388317108154,
16,202,0,0.2908626198768616,
16,203,0,0.8355008959770203,
16,204,0,0.3382091522216797,
16,205,0,0.25240737199783325,
16,206,0,0.35180264711380005,
16,207,0,0.1532292366027832,
16,208,0,0.4807601571083069,
16,209,0,0.7947323322296143,
16,210,0,0.3080514073371887,
16,211,0,0.8241583108901978,
16,212,0,0.4916995167732239,
16,213,0,0.8044838309288025,
16,214,0,0.8379414081573486,
16,215,0,0.8414868116378784,
16,216,0,0.45350074768066406,
16,217,0,0.8312380313873291,
16,218,0,0.842617392539978,
16,219,0,0.7272146940231323,
16,220,0,0.25613147020339966,
16,221,0,0.746995210647583,
16,222,0,0.32085245847702026,
16,223,0,0.48662763833999634,
16,224,0,0.829748272895813,
16,225,0,0.29578596353530884,
16,226,0,0.8170494437217712,
16,227,0,0.17337185144424438,
16,228,0,0.7296313047409058,
16,229,0,0.4244247078895569,
16,230,0,0.46215587854385376,
16,231,0,0.8285619020462036,
16,232,0,0.8549950122833252,
16,233,0,0.8453981280326843,
16,234,0,0.8266932964324951,
16,235,0,0.04631716012954712,
16,236,0,0.44448405504226685,
16,237,0,0.834592342376709,
16,238,0,0.46985602378845215,
16,239,0,0.4233853220939636,
16,240,0,0.8172029852867126,
16,241,0,0.8285232186317444,
16,242,0,0.8250824213027954,
16,243,0,0.4409564137458801,
16,244,0,0.31198108196258545,
16,245,0,0.05073726177215576,
16,246,0,0.43235284090042114,
16,247,0,0.8353163599967957,
16,248,0,0.4554708003997803,
16,249,0,0.8136631846427917,
16,250,0,0.12432128190994263,
16,251,0,0.8453758358955383,
16,252,0,0.7734155654907227,
16,253,0,0.7646403312683105,
16,254,0,0.041398048400878906,
16,255,0,0.7529301643371582,
16,256,0,0.5617518424987793,
16,257,0,0.8486533164978027,
16,258,0,0.8453715443611145,
16,259,0,0.8578866720199585,
16,260,0,0.5172631740570068,
16,261,0,0.7465787529945374,
16,262,0,0.8568458557128906,
16,263,0,0.731489896774292,
16,264,0,0.29109954833984375,
16,265,0,0.8643178939819336,
16,266,0,0.8204123377799988,
16,267,0,0.8381322622299194,
16,268,0,0.32029199600219727,
16,269,0,0.4624367356300354,
16,270,0,0.6011282205581665,
16,271,0,0.8106829524040222,
16,272,0,0.3837643265724182,
16,273,0,0.8429696559906006,
16,274,0,0.8151513338088989,
16,275,0,0.16161423921585083,
16,276,0,0.8127617835998535,
16,277,0,0.06356573104858398,
16,278,0,0.5468013286590576,
16,279,0,0.7401372194290161,
16,280,0,0.7692477703094482,
16,281,0,0.7924586534500122,
16,282,0,0.7457540035247803,
16,283,0,0.7577134966850281,
16,284,0,0.8283739686012268,
16,285,0,0.8295276165008545,
16,286,0,0.6529944539070129,
16,287,0,0.7300084829330444,
16,288,0,0.8277493715286255,
16,289,0,0.524091362953186,
16,290,0,0.827553391456604,
16,291,0,0.04784202575683594,
16,292,0,0.38886797428131104,
16,293,0,0.8467223644256592,
16,294,0,0.8385909199714661,
16,295,0,0.8415811061859131,
16,296,0,0.48358505964279175,
16,297,0,0.05228900909423828,
16,298,0,0.855110228061676,
16,299,0,0.8116835951805115,
16,300,0,0.4313187003135681,
16,301,0,0.41415828466415405,
16,302,0,0.8452016711235046,
16,303,0,0.600979208946228,
16,304,0,0.8448008298873901,
16,305,0,0.47100865840911865,
16,306,0,0.23640817403793335,
16,307,0,0.8365716338157654,
16,308,0,0.8425727486610413,
16,309,0,0.20307797193527222,
16,310,0,0.8196632862091064,
16,311,0,0.3913586735725403,
16,312,0,0.8259410858154297,
16,313,0,0.8186119794845581,
16,314,0,0.41509395837783813,
16,315,0,0.8028148412704468,
16,316,0,0.8364105224609375,
16,317,0,0.6721256971359253,
16,318,0,0.37316519021987915,
16,319,0,0.32180213928222656,
16,320,0,0.7445476055145264,
16,321,0,0.8490719795227051,
16,322,0,0.8372368812561035,
16,323,0,0.30246520042419434,
16,324,0,0.8514982461929321,
16,325,0,0.802617073059082,
16,326,0,0.812853217124939,
16,327,0,0.7336357831954956,
16,328,0,0.7281240224838257,
16,329,0,0.7681657075881958,
16,330,0,0.37723320722579956,
16,331,0,0.3434898257255554,
16,332,0,0.8246846199035645,
16,333,0,0.24988508224487305,
16,334,0,0.8190025091171265,
16,335,0,0.3814796805381775,
16,336,0,0.831765353679657,
16,337,0,0.44831275939941406,
16,338,0,0.6347984075546265,
16,339,0,0.7908855676651001,
16,340,0,0.8407740592956543,
16,341,0,0.05949687957763672,
16,342,0,0.7493860721588135,
16,343,0,0.6246088147163391,
16,344,0,0.827199399471283,
16,345,0,0.8272267580032349,
16,346,0,0.24226373434066772,
16,347,0,0.17228162288665771,
16,348,0,0.7553539276123047,
16,349,0,0.8490778207778931,
16,350,0,0.7986798286437988,
16,351,0,0.7722106575965881,
16,352,0,0.8224183917045593,
16,353,0,0.8235468864440918,
16,354,0,0.6487931609153748,
16,355,0,0.16262519359588623,
16,356,0,0.8426803946495056,
16,357,0,0.7393871545791626,
16,358,0,0.20670682191848755,
16,359,0,0.7819172143936157,
16,360,0,0.8630838394165039,
16,361,0,0.8464751839637756,
16,362,0,0.2544398903846741,
16,363,0,0.3120182156562805,
16,364,0,0.753618597984314,
16,365,0,0.8599736094474792,
16,366,0,0.8299196362495422,
16,367,0,0.8366442918777466,
16,368,0,0.8275390267372131,
16,369,0,0.8113602995872498,
16,370,0,0.6238296031951904,
16,371,0,0.7336503863334656,
16,372,0,0.8250957727432251,
16,373,0,0.8408467173576355,
16,374,0,0.4255402684211731,
16,375,0,0.7479168176651001,
16,376,0,0.7674114108085632,
16,377,0,0.3386545181274414,
16,378,0,0.4128924012184143,
16,379,0,0.8253058195114136,
16,380,0,0.3435022234916687,
16,381,0,0.32366085052490234,
16,382,0,0.3264908194541931,
16,383,0,0.8429830074310303,
16,384,0,0.346327006816864,
16,385,0,0.34149259328842163,
16,386,0,0.24209272861480713,
16,387,0,0.4430115818977356,
16,388,0,0.057039737701416016,
16,389,0,0.7815889716148376,
16,390,0,0.7587369084358215,
16,391,0,0.7006164789199829,
16,392,0,0.6822478771209717,
16,393,0,0.3122625946998596,
16,394,0,0.4846612811088562,
16,395,0,0.8117383718490601,
16,396,0,0.16093462705612183,
16,397,0,0.18517953157424927,
16,398,0,0.8014023900032043,
16,399,0,0.30734461545944214,
16,400,0,0.7313076853752136,
16,401,0,0.7632072567939758,
16,402,0,0.8312962651252747,
16,403,0,0.7989159822463989,
16,404,0,0.325827956199646,
16,405,0,0.06459999084472656,
16,406,0,0.7690702080726624,
16,407,0,0.841689944267273,
16,408,0,0.815997838973999,
16,409,0,0.7093290090560913,
16,410,0,0.8378342986106873,
16,411,0,0.30953550338745117,
16,412,0,0.7825984954833984,
16,413,0,0.06934624910354614,
16,414,0,0.7819256782531738,
16,415,0,0.6533405780792236,
16,416,0,0.8418718576431274,
16,417,0,0.05546891689300537,
16,418,0,0.49910449981689453,
16,419,0,0.47657060623168945,
16,420,0,0.2624877691268921,
16,421,0,0.2594454884529114,
16,422,0,0.8232982158660889,
16,423,0,0.8381200432777405,
16,424,0,0.823289155960083,
16,425,0,0.812983512878418,
16,426,0,0.8124677538871765,
16,427,0,0.8068704009056091,
16,428,0,0.4593464136123657,
16,429,0,0.8146637678146362,
16,430,0,0.2650131583213806,
16,431,0,0.7954221963882446,
16,432,0,0.7555269002914429,
16,433,0,0.8286622166633606,
16,434,0,0.8299160599708557,
16,435,0,0.8220576643943787,
16,436,0,0.6085736155509949,
16,437,0,0.05188024044036865,
16,438,0,0.7163282632827759,
16,439,0,0.22367256879806519,
16,440,0,0.8487594723701477,
16,441,0,0.7903124094009399,
16,442,0,0.8255334496498108,
16,443,0,0.8171245455741882,
16,444,0,0.7593026161193848,
16,445,0,0.8281375169754028,
16,446,0,0.7659387588500977,
16,447,0,0.3138321042060852,
16,448,0,0.05638551712036133,
16,449,0,0.800523579120636,
16,450,0,0.7824100255966187,
16,451,0,0.26137709617614746,
16,452,0,0.8217302560806274,
16,453,0,0.2962970733642578,
16,454,0,0.4225451350212097,
16,455,0,0.5779156684875488,
16,456,0,0.7297950983047485,
16,457,0,0.6679098010063171,
16,458,0,0.5196061134338379,
16,459,0,0.826227068901062,
16,460,0,0.820823073387146,
16,461,0,0.4686840772628784,
16,462,0,0.8078937530517578,
16,463,0,0.15298748016357422,
16,464,0,0.6121329665184021,
16,465,0,0.7445428371429443,
16,466,0,0.046115875244140625,
16,467,0,0.8134725093841553,
16,468,0,0.6390204429626465,
16,469,0,0.7992674708366394,
16,470,0,0.34648609161376953,
16,471,0,0.05498361587524414,
16,472,0,0.8398021459579468,
16,473,0,0.8399706482887268,
16,474,0,0.05693131685256958,
16,475,0,0.8293305039405823,
16,476,0,0.4628300666809082,
16,477,0,0.8360224962234497,
16,478,0,0.5227026343345642,
16,479,0,0.48566871881484985,
16,480,0,0.6748709678649902,
16,481,0,0.17536741495132446,
16,482,0,0.8337126970291138,
16,483,0,0.8361864686012268,
16,484,0,0.8415277004241943,
16,485,0,0.45464032888412476,
16,486,0,0.7197171449661255,
16,487,0,0.3408999443054199,
16,488,0,0.7320830821990967,
16,489,0,0.8369629383087158,
16,490,0,0.7636151313781738,
16,491,0,0.8292087316513062,
16,492,0,0.6524097919464111,
16,493,0,0.7472946643829346,
16,494,0,0.06103360652923584,
16,495,0,0.363747775554657,
16,496,0,0.2871432900428772,
16,497,0,0.7789021134376526,
16,498,0,0.453644335269928,
16,499,0,0.8430541753768921,
16,500,0,0.8170254230499268,
16,501,0,0.7697015404701233,
16,502,0,0.8385350704193115,
16,503,0,0.20865947008132935,
16,504,0,0.7525560855865479,
16,505,0,0.4738612174987793,
16,506,0,0.7677552103996277,
16,507,0,0.2790696620941162,
16,508,0,0.8455727100372314,
16,509,0,0.8410593271255493,
16,510,0,0.8480749130249023,
16,511,0,0.7675806879997253,
16,512,0,0.2512301802635193,
16,513,0,0.7265076637268066,
16,514,0,0.8070119619369507,
16,515,0,0.8045232892036438,
16,516,0,0.742679238319397,
16,517,0,0.4064207077026367,
16,518,0,0.23760825395584106,
16,519,0,0.29627853631973267,
16,520,0,0.8399693965911865,
16,521,0,0.8487212657928467,
16,522,0,0.36454588174819946,
16,523,0,0.8636583685874939,
16,524,0,0.7376517057418823,
16,525,0,0.05278635025024414,
16,526,0,0.323519229888916,
16,527,0,0.8400295376777649,
16,528,0,0.05225163698196411,
16,529,0,0.8341560363769531,
16,530,0,0.8036366701126099,
16,531,0,0.844799816608429,
16,532,0,0.8003551363945007,
16,533,0,0.8314887285232544,
16,534,0,0.38172829151153564,
16,535,0,0.8395029306411743,
16,536,0,0.7960354089736938,
16,537,0,0.28086745738983154,
16,538,0,0.8273001909255981,
16,539,0,0.8104248046875,
16,540,0,0.7833461761474609,
16,541,0,0.4313259720802307,
16,542,0,0.33555370569229126,
16,543,0,0.8458465337753296,
16,544,0,0.061651408672332764,
16,545,0,0.4049301743507385,
16,546,0,0.45591866970062256,
16,547,0,0.06274563074111938,
16,548,0,0.7789654731750488,
16,549,0,0.3171248435974121,
16,550,0,0.836553692817688,
16,551,0,0.8427965641021729,
16,552,0,0.7250068187713623,
16,553,0,0.4459574818611145,
16,554,0,0.6600141525268555,
16,555,0,0.2692033648490906,
16,556,0,0.7753292322158813,
16,557,0,0.8335509300231934,
16,558,0,0.3975743055343628,
16,559,0,0.6505539417266846,
16,560,0,0.7873092293739319,
16,561,0,0.8372595310211182,
16,562,0,0.17261141538619995,
16,563,0,0.8406885266304016,
16,564,0,0.48281896114349365,
16,565,0,0.34632301330566406,
16,566,0,0.37417203187942505,
16,567,0,0.8257536888122559,
16,568,0,0.2171955108642578,
16,569,0,0.8183276057243347,
16,570,0,0.6400268077850342,
16,571,0,0.6097128391265869,
16,572,0,0.3239455223083496,
16,573,0,0.8505560159683228,
16,574,0,0.3224555253982544,
16,575,0,0.29448527097702026,
16,576,0,0.7996478080749512,
16,577,0,0.29961663484573364,
16,578,0,0.31667661666870117,
16,579,0,0.7914682626724243,
16,580,0,0.2877596616744995,
16,581,0,0.41088831424713135,
16,582,0,0.8296329379081726,
16,583,0,0.7718557119369507,
16,584,0,0.44468986988067627,
16,585,0,0.8154871463775635,
16,586,0,0.8360158205032349,
16,587,0,0.5961390733718872,
16,588,0,0.23558872938156128,
16,589,0,0.7237133979797363,
16,590,0,0.827097475528717,
16,591,0,0.2659270167350769,
16,592,0,0.8184694051742554,
16,593,0,0.8360577821731567,
16,594,0,0.8222330808639526,
16,595,0,0.7425825595855713,
16,596,0,0.4359387159347534,
16,597,0,0.16919231414794922,
16,598,0,0.3315185308456421,
16,599,0,0.34526926279067993,
16,600,0,0.7711299061775208,
16,601,0,0.43311166763305664,
16,602,0,0.19088059663772583,
16,603,0,0.3107603192329407,
16,604,0,0.7466270923614502,
16,605,0,0.7868697047233582,
16,606,0,0.3108525276184082,
16,607,0,0.7780026197433472,
16,608,0,0.7074836492538452,
16,609,0,0.8356638550758362,
16,610,0,0.840343713760376,
16,611,0,0.8545873165130615,
16,612,0,0.6685341596603394,
16,613,0,0.7685308456420898,
16,614,0,0.834028959274292,
16,615,0,0.39332324266433716,
16,616,0,0.8480692505836487,
16,617,0,0.3058815598487854,
16,618,0,0.17059117555618286,
16,619,0,0.42715883255004883,
16,620,0,0.8410936594009399,
16,621,0,0.4274941086769104,
16,622,0,0.7891955971717834,
16,623,0,0.43146419525146484,
16,624,0,0.3365371823310852,
16,625,0,0.8513277173042297,
16,626,0,0.8211039304733276,
16,627,0,0.8207517266273499,
16,628,0,0.84978187084198,
16,629,0,0.48267173767089844,
16,630,0,0.0646020770072937,
16,631,0,0.18090254068374634,
16,632,0,0.8150034546852112,
16,633,0,0.7357456088066101,
16,634,0,0.8347692489624023,
16,635,0,0.48462170362472534,
16,636,0,0.8115710616111755,
16,637,0,0.709438681602478,
16,638,0,0.8401638865470886,
16,639,0,0.757221519947052,
16,640,0,0.15820693969726562,
16,641,0,0.7616315484046936,
16,642,0,0.7791971564292908,
16,643,0,0.4275858402252197,
16,644,0,0.4108494520187378,
16,645,0,0.8349506855010986,
16,646,0,0.8292040824890137,
16,647,0,0.7702486515045166,
16,648,0,0.8195239305496216,
16,649,0,0.048389732837677,
16,650,0,0.7657033801078796,
16,651,0,0.4426458477973938,
16,652,0,0.7142679691314697,
16,653,0,0.5859302282333374,
16,654,0,0.7641406059265137,
16,655,0,0.24997061491012573,
16,656,0,0.2562137246131897,
16,657,0,0.3891030550003052,
16,658,0,0.7478060722351074,
16,659,0,0.05142897367477417,
16,660,0,0.8489564061164856,
16,661,0,0.7513195872306824,
16,662,0,0.8284953832626343,
16,663,0,0.730139970779419,
16,664,0,0.8420537710189819,
16,665,0,0.43059682846069336,
16,666,0,0.05649298429489136,
16,667,0,0.8257719874382019,
16,668,0,0.30284982919692993,
16,669,0,0.4668619632720947,
16,670,0,0.38892751932144165,
16,671,0,0.7608809471130371,
16,672,0,0.17857414484024048,
16,673,0,0.288415789604187,
16,674,0,0.4134684205055237,
16,675,0,0.7617759108543396,
16,676,0,0.16615086793899536,
16,677,0,0.610421895980835,
16,678,0,0.8757238388061523,
16,679,0,0.8076660633087158,
16,680,0,0.061698317527770996,
16,681,0,0.8402044773101807,
16,682,0,0.33166342973709106,
16,683,0,0.3502698540687561,
16,684,0,0.8368924260139465,
16,685,0,0.8165556788444519,
16,686,0,0.8184017539024353,
16,687,0,0.624954104423523,
16,688,0,0.29477936029434204,
16,689,0,0.7606398463249207,
16,690,0,0.8423672318458557,
16,691,0,0.16422134637832642,
16,692,0,0.36393487453460693,
16,693,0,0.7088217735290527,
16,694,0,0.7652328610420227,
16,695,0,0.7696306109428406,
16,696,0,0.19401949644088745,
16,697,0,0.7555549144744873,
16,698,0,0.8445539474487305,
16,699,0,0.45541608333587646,
16,700,0,0.26926279067993164,
16,701,0,0.8384959697723389,
16,702,0,0.7899854779243469,
16,703,0,0.8387059569358826,
16,704,0,0.15979021787643433,
16,705,0,0.05604439973831177,
16,706,0,0.846701979637146,
16,707,0,0.8098154664039612,
16,708,0,0.8438363671302795,
16,709,0,0.7531231641769409,
16,710,0,0.41367626190185547,
16,711,0,0.3557415008544922,
16,712,0,0.30282676219940186,
16,713,0,0.4267590641975403,
16,714,0,0.839745283126831,
16,715,0,0.45537060499191284,
16,716,0,0.7666419148445129,
16,717,0,0.6617656946182251,
16,718,0,0.8249066472053528,
16,719,0,0.8268517255783081,
16,720,0,0.7966705560684204,
16,721,0,0.7842637300491333,
16,722,0,0.7878608703613281,
16,723,0,0.17216497659683228,
16,724,0,0.7215637564659119,
16,725,0,0.20461684465408325,
16,726,0,0.831966757774353,
16,727,0,0.8112084865570068,
16,728,0,0.19941949844360352,
16,729,0,0.45210331678390503,
16,730,0,0.3838191628456116,
16,731,0,0.8284466862678528,
16,732,0,0.8028608560562134,
16,733,0,0.4076577425003052,
16,734,0,0.8238978981971741,
16,735,0,0.3386518955230713,
16,736,0,0.7614167928695679,
16,737,0,0.8250593543052673,
16,738,0,0.8316155076026917,
16,739,0,0.6263729929924011,
16,740,0,0.3142850995063782,
16,741,0,0.7012162208557129,
16,742,0,0.8288220167160034,
16,743,0,0.8504823446273804,
16,744,0,0.8043761849403381,
16,745,0,0.29325371980667114,
16,746,0,0.7424107789993286,
16,747,0,0.8709250688552856,
16,748,0,0.7326723337173462,
16,749,0,0.8285633325576782,
16,750,0,0.8303704857826233,
16,751,0,0.8281688094139099,
16,752,0,0.7620429396629333,
16,753,0,0.4777878522872925,
16,754,0,0.7397041320800781,
16,755,0,0.8421223163604736,
16,756,0,0.8254321217536926,
16,757,0,0.8393110036849976,
16,758,0,0.710518479347229,
16,759,0,0.053962886333465576,
16,760,0,0.4498758912086487,
16,761,0,0.7454301118850708,
16,762,0,0.7774857878684998,
16,763,0,0.34252554178237915,
16,764,0,0.3216935992240906,
16,765,0,0.8077780604362488,
16,766,0,0.17650848627090454,
16,767,0,0.7515442967414856,
16,768,0,0.8303951025009155,
16,769,0,0.20336681604385376,
16,770,0,0.7984927892684937,
16,771,0,0.7288358211517334,
16,772,0,0.8087719082832336,
16,773,0,0.2098490595817566,
16,774,0,0.8445492386817932,
16,775,0,0.7991896867752075,
16,776,0,0.2671695351600647,
16,777,0,0.8362996578216553,
16,778,0,0.43887317180633545,
16,779,0,0.8384748697280884,
16,780,0,0.7621713876724243,
16,781,0,0.8309747576713562,
16,782,0,0.41600531339645386,
16,783,0,0.8099430799484253,
16,784,0,0.40713709592819214,
16,785,0,0.04777240753173828,
16,786,0,0.4872298836708069,
16,787,0,0.26335763931274414,
16,788,0,0.8461188673973083,
16,789,0,0.31802088022232056,
16,790,0,0.7824998497962952,
16,791,0,0.4802103042602539,
16,792,0,0.3549426198005676,
16,793,0,0.801008939743042,
16,794,0,0.8383327722549438,
16,795,0,0.2896460294723511,
16,796,0,0.8295313119888306,
16,797,0,0.061235010623931885,
16,798,0,0.47376686334609985,
16,799,0,0.8273839354515076,
16,val,,,0.5863274586200714
17,0,0,0.4074214696884155,
17,1,0,0.8193949460983276,
17,2,0,0.6812865734100342,
17,3,0,0.8460279703140259,
17,4,0,0.41395169496536255,
17,5,0,0.7679396271705627,
17,6,0,0.17189377546310425,
17,7,0,0.47923731803894043,
17,8,0,0.2549719214439392,
17,9,0,0.8170382380485535,
17,10,0,0.06570631265640259,
17,11,0,0.8406317234039307,
17,12,0,0.8306986093521118,
17,13,0,0.8242676258087158,
17,14,0,0.7487202286720276,
17,15,0,0.8192734718322754,
17,16,0,0.5198389291763306,
17,17,0,0.39873653650283813,
17,18,0,0.809589147567749,
17,19,0,0.8186576962471008,
17,20,0,0.7427483797073364,
17,21,0,0.48517274856567383,
17,22,0,0.28159254789352417,
17,23,0,0.6885358095169067,
17,24,0,0.8225680589675903,
17,25,0,0.7277215719223022,
17,26,0,0.8398018479347229,
17,27,0,0.3885388970375061,
17,28,0,0.28535085916519165,
17,29,0,0.46444839239120483,
17,30,0,0.8316560983657837,
17,31,0,0.8026576638221741,
17,32,0,0.4550296664237976,
17,33,0,0.7475916147232056,
17,34,0,0.8196566700935364,
17,35,0,0.274757981300354,
17,36,0,0.4301972985267639,
17,37,0,0.8272284865379333,
17,38,0,0.19725704193115234,
17,39,0,0.8499806523323059,
17,40,0,0.16460686922073364,
17,41,0,0.6325968503952026,
17,42,0,0.46734321117401123,
17,43,0,0.04213505983352661,
17,44,0,0.7483387589454651,
17,45,0,0.47071772813796997,
17,46,0,0.052152037620544434,
17,47,0,0.05071878433227539,
17,48,0,0.838504433631897,
17,49,0,0.3175848126411438,
17,50,0,0.8412737846374512,
17,51,0,0.3956243395805359,
17,52,0,0.43233412504196167,
17,53,0,0.05256766080856323,
17,54,0,0.8519546985626221,
17,55,0,0.4500802159309387,
17,56,0,0.7959389686584473,
17,57,0,0.4995437264442444,
17,58,0,0.8552278280258179,
17,59,0,0.36066484451293945,
17,60,0,0.42539769411087036,
17,61,0,0.606781005859375,
17,62,0,0.8278564214706421,
17,63,0,0.27027827501296997,
17,64,0,0.262450635433197,
17,65,0,0.7692148685455322,
17,66,0,0.7214294672012329,
17,67,0,0.4485255479812622,
17,68,0,0.8340338468551636,
17,69,0,0.46183890104293823,
17,70,0,0.5082223415374756,
17,71,0,0.622166633605957,
17,72,0,0.6714932322502136,
17,73,0,0.7985618710517883,
17,74,0,0.8197565078735352,
17,75,0,0.6440168619155884,
17,76,0,0.8123804926872253,
17,77,0,0.7396301627159119,
17,78,0,0.16574370861053467,
17,79,0,0.8231037855148315,
17,80,0,0.48052269220352173,
17,81,0,0.8147379159927368,
17,82,0,0.05307263135910034,
17,83,0,0.8204473257064819,
17,84,0,0.8270182609558105,
17,85,0,0.5132520198822021,
17,86,0,0.8347242474555969,
17,87,0,0.5777431726455688,
17,88,0,0.8192787170410156,
17,89,0,0.48699331283569336,
17,90,0,0.7435724139213562,
17,91,0,0.8270500898361206,
17,92,0,0.8499858975410461,
17,93,0,0.8213526010513306,
17,94,0,0.48922020196914673,
17,95,0,0.8400622606277466,
17,96,0,0.28029143810272217,
17,97,0,0.8404783606529236,
17,98,0,0.6138638257980347,
17,99,0,0.8359527587890625,
17,100,0,0.7530902624130249,
17,101,0,0.6682677268981934,
17,102,0,0.8284168243408203,
17,103,0,0.7905257940292358,
17,104,0,0.8433618545532227,
17,105,0,0.34321725368499756,
17,106,0,0.8468694686889648,
17,107,0,0.8213897347450256,
17,108,0,0.6434450745582581,
17,109,0,0.8230660557746887,
17,110,0,0.8541353940963745,
17,111,0,0.8165117502212524,
17,112,0,0.8383660316467285,
17,113,0,0.4341418147087097,
17,114,0,0.2598673701286316,
17,115,0,0.8500878810882568,
17,116,0,0.8184363842010498,
17,117,0,0.3721822500228882,
17,118,0,0.8188973665237427,
17,119,0,0.33794933557510376,
17,120,0,0.8251065015792847,
17,121,0,0.8436425924301147,
17,122,0,0.7304738759994507,
17,123,0,0.06814557313919067,
17,124,0,0.41849762201309204,
17,125,0,0.7570205926895142,
17,126,0,0.8474670648574829,
17,127,0,0.8256059885025024,
17,128,0,0.8378340601921082,
17,129,0,0.8410611748695374,
17,130,0,0.7272353172302246,
17,131,0,0.8490999937057495,
17,132,0,0.787402868270874,
17,133,0,0.2462865114212036,
17,134,0,0.43007761240005493,
17,135,0,0.4875043034553528,
17,136,0,0.057654738426208496,
17,137,0,0.13534116744995117,
17,138,0,0.26195043325424194,
17,139,0,0.4820321202278137,
17,140,0,0.822530210018158,
17,141,0,0.7783503532409668,
17,142,0,0.8269950747489929,
17,143,0,0.7845051884651184,
17,144,0,0.816912829875946,
17,145,0,0.22104889154434204,
17,146,0,0.6927747130393982,
17,147,0,0.24042946100234985,
17,148,0,0.7731707096099854,
17,149,0,0.7898179292678833,
17,150,0,0.8054212331771851,
17,151,0,0.8542406558990479,
17,152,0,0.7330350875854492,
17,153,0,0.8236169815063477,
17,154,0,0.8302096128463745,
17,155,0,0.7142009735107422,
17,156,0,0.051051974296569824,
17,157,0,0.6274733543395996,
17,158,0,0.7742093801498413,
17,159,0,0.8051635026931763,
17,160,0,0.3598679304122925,
17,161,0,0.06131941080093384,
17,162,0,0.8365579843521118,
17,163,0,0.2837062478065491,
17,164,0,0.3851494789123535,
17,165,0,0.7249579429626465,
17,166,0,0.25303179025650024,
17,167,0,0.8802226781845093,
17,168,0,0.8442729115486145,
17,169,0,0.14800405502319336,
17,170,0,0.7761568427085876,
17,171,0,0.7404404878616333,
17,172,0,0.7370467782020569,
17,173,0,0.638298511505127,
17,174,0,0.7556596398353577,
17,175,0,0.4180195927619934,
17,176,0,0.765217125415802,
17,177,0,0.3125755190849304,
17,178,0,0.8377016186714172,
17,179,0,0.3444048762321472,
17,180,0,0.7946016192436218,
17,181,0,0.8026544451713562,
17,182,0,0.33165961503982544,
17,183,0,0.1756618618965149,
17,184,0,0.7886103987693787,
17,185,0,0.7456530332565308,
17,186,0,0.2982338070869446,
17,187,0,0.7446706295013428,
17,188,0,0.7521730661392212,
17,189,0,0.26932650804519653,
17,190,0,0.06664931774139404,
17,191,0,0.4552167057991028,
17,192,0,0.7740923762321472,
17,193,0,0.7399322986602783,
17,194,0,0.7382304668426514,
17,195,0,0.8605831265449524,
17,196,0,0.7507287263870239,
17,197,0,0.19387298822402954,
17,198,0,0.796844482421875,
17,199,0,0.2533801794052124,
17,200,0,0.7583187222480774,
17,201,0,0.049334704875946045,
17,202,0,0.2905133366584778,
17,203,0,0.8376370072364807,
17,204,0,0.3343857526779175,
17,205,0,0.26444047689437866,
17,206,0,0.34698551893234253,
17,207,0,0.15315645933151245,
17,208,0,0.48156529664993286,
17,209,0,0.7878412008285522,
17,210,0,0.3106463551521301,
17,211,0,0.8306204080581665,
17,212,0,0.49108266830444336,
17,213,0,0.8076678514480591,
17,214,0,0.8405870199203491,
17,215,0,0.8484587073326111,
17,216,0,0.4548377990722656,
17,217,0,0.8296389579772949,
17,218,0,0.8512130975723267,
17,219,0,0.729638934135437,
17,220,0,0.25820398330688477,
17,221,0,0.7477325797080994,
17,222,0,0.32284146547317505,
17,223,0,0.4864482879638672,
17,224,0,0.8201068639755249,
17,225,0,0.296136736869812,
17,226,0,0.8169798851013184,
17,227,0,0.17279183864593506,
17,228,0,0.70978182554245,
17,229,0,0.4237580895423889,
17,230,0,0.4647975564002991,
17,231,0,0.8337470889091492,
17,232,0,0.8536586761474609,
17,233,0,0.8419252634048462,
17,234,0,0.8269569873809814,
17,235,0,0.04595613479614258,
17,236,0,0.44439733028411865,
17,237,0,0.8345984220504761,
17,238,0,0.4689972400665283,
17,239,0,0.42096590995788574,
17,240,0,0.8183945417404175,
17,241,0,0.8247138261795044,
17,242,0,0.8245387077331543,
17,243,0,0.44059914350509644,
17,244,0,0.3113061189651489,
17,245,0,0.05116766691207886,
17,246,0,0.4343600869178772,
17,247,0,0.8330036997795105,
17,248,0,0.45629334449768066,
17,249,0,0.8176352977752686,
17,250,0,0.12348824739456177,
17,251,0,0.8472568392753601,
17,252,0,0.7787072658538818,
17,253,0,0.7694189548492432,
17,254,0,0.04221445322036743,
17,255,0,0.751193642616272,
17,256,0,0.5629124045372009,
17,257,0,0.8475697636604309,
17,258,0,0.8333960771560669,
17,259,0,0.8489058613777161,
17,260,0,0.5183557868003845,
17,261,0,0.7443934679031372,
17,262,0,0.8470892906188965,
17,263,0,0.7291947603225708,
17,264,0,0.2936502695083618,
17,265,0,0.8439494967460632,
17,266,0,0.8201133608818054,
17,267,0,0.8405088186264038,
17,268,0,0.32766246795654297,
17,269,0,0.4606369733810425,
17,270,0,0.5991605520248413,
17,271,0,0.8084418177604675,
17,272,0,0.38371169567108154,
17,273,0,0.842790424823761,
17,274,0,0.8152498006820679,
17,275,0,0.1623346209526062,
17,276,0,0.814900279045105,
17,277,0,0.0627242922782898,
17,278,0,0.5377178192138672,
17,279,0,0.740638017654419,
17,280,0,0.7719812989234924,
17,281,0,0.7926653623580933,
17,282,0,0.7451634407043457,
17,283,0,0.7564190030097961,
17,284,0,0.8455509543418884,
17,285,0,0.835379958152771,
17,286,0,0.657410740852356,
17,287,0,0.7285793423652649,
17,288,0,0.8173800706863403,
17,289,0,0.525855302810669,
17,290,0,0.8285084962844849,
17,291,0,0.047502338886260986,
17,292,0,0.3900771737098694,
17,293,0,0.8435640931129456,
17,294,0,0.8375128507614136,
17,295,0,0.8609617948532104,
17,296,0,0.4830520749092102,
17,297,0,0.05793893337249756,
17,298,0,0.8517013192176819,
17,299,0,0.8113982081413269,
17,300,0,0.4318684935569763,
17,301,0,0.4163627624511719,
17,302,0,0.8425315022468567,
17,303,0,0.6012920141220093,
17,304,0,0.8410670757293701,
17,305,0,0.4719346761703491,
17,306,0,0.23665058612823486,
17,307,0,0.8348120450973511,
17,308,0,0.8423271775245667,
17,309,0,0.19914501905441284,
17,310,0,0.8175219893455505,
17,311,0,0.3917563557624817,
17,312,0,0.8241938352584839,
17,313,0,0.8209535479545593,
17,314,0,0.4194859266281128,
17,315,0,0.8274731636047363,
17,316,0,0.838044285774231,
17,317,0,0.6750337481498718,
17,318,0,0.3728061318397522,
17,319,0,0.32307881116867065,
17,320,0,0.7448015213012695,
17,321,0,0.844928503036499,
17,322,0,0.8395346999168396,
17,323,0,0.3023054599761963,
17,324,0,0.8506504893302917,
17,325,0,0.797622561454773,
17,326,0,0.8108348846435547,
17,327,0,0.7343537211418152,
17,328,0,0.7302372455596924,
17,329,0,0.7686800360679626,
17,330,0,0.3767654299736023,
17,331,0,0.336992084980011,
17,332,0,0.8306180834770203,
17,333,0,0.25016599893569946,
17,334,0,0.8118687868118286,
17,335,0,0.37264484167099,
17,336,0,0.8298181891441345,
17,337,0,0.45214247703552246,
17,338,0,0.6331645250320435,
17,339,0,0.7956192493438721,
17,340,0,0.8445630669593811,
17,341,0,0.060337841510772705,
17,342,0,0.7453889846801758,
17,343,0,0.6188932061195374,
17,344,0,0.8266561627388,
17,345,0,0.8275423049926758,
17,346,0,0.2447131872177124,
17,347,0,0.17095792293548584,
17,348,0,0.7548607587814331,
17,349,0,0.8468015193939209,
17,350,0,0.7931579947471619,
17,351,0,0.7732813358306885,
17,352,0,0.8254819512367249,
17,353,0,0.8254606127738953,
17,354,0,0.6504641175270081,
17,355,0,0.16273552179336548,
17,356,0,0.8459079265594482,
17,357,0,0.747679591178894,
17,358,0,0.2068413496017456,
17,359,0,0.7834599018096924,
17,360,0,0.8495830297470093,
17,361,0,0.8463924527168274,
17,362,0,0.2541886568069458,
17,363,0,0.3119533658027649,
17,364,0,0.7527681589126587,
17,365,0,0.8613659143447876,
17,366,0,0.8427760004997253,
17,367,0,0.8379626274108887,
17,368,0,0.8478075265884399,
17,369,0,0.8139066696166992,
17,370,0,0.6280243396759033,
17,371,0,0.7118347883224487,
17,372,0,0.8237560987472534,
17,373,0,0.8449040651321411,
17,374,0,0.44485366344451904,
17,375,0,0.7552030086517334,
17,376,0,0.7723067998886108,
17,377,0,0.3394166827201843,
17,378,0,0.4126654267311096,
17,379,0,0.8448061943054199,
17,380,0,0.3465595841407776,
17,381,0,0.3233199715614319,
17,382,0,0.32673031091690063,
17,383,0,0.8396925330162048,
17,384,0,0.3403016924858093,
17,385,0,0.3362460732460022,
17,386,0,0.24314332008361816,
17,387,0,0.4409245252609253,
17,388,0,0.057219088077545166,
17,389,0,0.7863765358924866,
17,390,0,0.7567680478096008,
17,391,0,0.700629711151123,
17,392,0,0.6799662113189697,
17,393,0,0.3118986487388611,
17,394,0,0.4851296544075012,
17,395,0,0.8135585784912109,
17,396,0,0.1609209179878235,
17,397,0,0.18664008378982544,
17,398,0,0.8011009693145752,
17,399,0,0.30475932359695435,
17,400,0,0.7105786800384521,
17,401,0,0.768046498298645,
17,402,0,0.8314370512962341,
17,403,0,0.8020980358123779,
17,404,0,0.3243982195854187,
17,405,0,0.06550866365432739,
17,406,0,0.7668927907943726,
17,407,0,0.8417860269546509,
17,408,0,0.8044359683990479,
17,409,0,0.7072269916534424,
17,410,0,0.8365601897239685,
17,411,0,0.30894243717193604,
17,412,0,0.7899330258369446,
17,413,0,0.06893908977508545,
17,414,0,0.7804373502731323,
17,415,0,0.6442177295684814,
17,416,0,0.8608121871948242,
17,417,0,0.055529773235321045,
17,418,0,0.500748336315155,
17,419,0,0.47588640451431274,
17,420,0,0.26092106103897095,
17,421,0,0.2597922086715698,
17,422,0,0.8188316226005554,
17,423,0,0.8384716510772705,
17,424,0,0.8280358910560608,
17,425,0,0.8134777545928955,
17,426,0,0.8142802119255066,
17,427,0,0.8051960468292236,
17,428,0,0.4597018361091614,
17,429,0,0.814907968044281,
17,430,0,0.2641758918762207,
17,431,0,0.7915149927139282,
17,432,0,0.7584553956985474,
17,433,0,0.8290833830833435,
17,434,0,0.8304538130760193,
17,435,0,0.815804660320282,
17,436,0,0.6107306480407715,
17,437,0,0.05364471673965454,
17,438,0,0.7215670347213745,
17,439,0,0.2231481671333313,
17,440,0,0.8469232320785522,
17,441,0,0.7870190143585205,
17,442,0,0.822696328163147,
17,443,0,0.8190058469772339,
17,444,0,0.7546719312667847,
17,445,0,0.8264076709747314,
17,446,0,0.7557225227355957,
17,447,0,0.31523597240448,
17,448,0,0.05328923463821411,
17,449,0,0.7993761897087097,
17,450,0,0.7759751677513123,
17,451,0,0.2614705562591553,
17,452,0,0.8222713470458984,
17,453,0,0.29309195280075073,
17,454,0,0.4249139428138733,
17,455,0,0.5818860530853271,
17,456,0,0.7271087169647217,
17,457,0,0.6663020849227905,
17,458,0,0.5185386538505554,
17,459,0,0.8284350633621216,
17,460,0,0.8218918442726135,
17,461,0,0.46914196014404297,
17,462,0,0.8080794811248779,
17,463,0,0.15361374616622925,
17,464,0,0.6086577773094177,
17,465,0,0.7411714792251587,
17,466,0,0.046652376651763916,
17,467,0,0.8160472512245178,
17,468,0,0.6396147608757019,
17,469,0,0.7876150012016296,
17,470,0,0.3422120213508606,
17,471,0,0.054282546043395996,
17,472,0,0.8400743007659912,
17,473,0,0.8403629064559937,
17,474,0,0.05638837814331055,
17,475,0,0.8317397236824036,
17,476,0,0.46230828762054443,
17,477,0,0.8384886384010315,
17,478,0,0.5219436883926392,
17,479,0,0.4852845072746277,
17,480,0,0.6756777763366699,
17,481,0,0.17449331283569336,
17,482,0,0.8102936148643494,
17,483,0,0.8365240097045898,
17,484,0,0.8417479395866394,
17,485,0,0.45288896560668945,
17,486,0,0.71738600730896,
17,487,0,0.3418882489204407,
17,488,0,0.7427202463150024,
17,489,0,0.8368977308273315,
17,490,0,0.7632208466529846,
17,491,0,0.8253896832466125,
17,492,0,0.6530871391296387,
17,493,0,0.7447577118873596,
17,494,0,0.059429049491882324,
17,495,0,0.362793505191803,
17,496,0,0.2880759835243225,
17,497,0,0.7756274938583374,
17,498,0,0.4535192847251892,
17,499,0,0.8423236012458801,
17,500,0,0.8049191236495972,
17,501,0,0.7696593999862671,
17,502,0,0.8351439237594604,
17,503,0,0.2110273241996765,
17,504,0,0.7511066198348999,
17,505,0,0.47341209650039673,
17,506,0,0.7703934907913208,
17,507,0,0.27876734733581543,
17,508,0,0.84783536195755,
17,509,0,0.8421486616134644,
17,510,0,0.8395490646362305,
17,511,0,0.7711639404296875,
17,512,0,0.25170040130615234,
17,513,0,0.726456344127655,
17,514,0,0.810322642326355,
17,515,0,0.8128359317779541,
17,516,0,0.7424222826957703,
17,517,0,0.4021233916282654,
17,518,0,0.23767447471618652,
17,519,0,0.2967095971107483,
17,520,0,0.8350618481636047,
17,521,0,0.8431139588356018,
17,522,0,0.3589504361152649,
17,523,0,0.8620546460151672,
17,524,0,0.7391905784606934,
17,525,0,0.05266207456588745,
17,526,0,0.3207821249961853,
17,527,0,0.8390471935272217,
17,528,0,0.05252283811569214,
17,529,0,0.8290605545043945,
17,530,0,0.7970017194747925,
17,531,0,0.843105137348175,
17,532,0,0.8007774949073792,
17,533,0,0.8361552953720093,
17,534,0,0.3823448419570923,
17,535,0,0.8304845094680786,
17,536,0,0.7955950498580933,
17,537,0,0.2796950340270996,
17,538,0,0.8308776617050171,
17,539,0,0.8245992064476013,
17,540,0,0.7834559082984924,
17,541,0,0.4323791265487671,
17,542,0,0.33506155014038086,
17,543,0,0.8450714349746704,
17,544,0,0.061138689517974854,
17,545,0,0.4036439061164856,
17,546,0,0.45415008068084717,
17,547,0,0.06169700622558594,
17,548,0,0.7777430415153503,
17,549,0,0.31901246309280396,
17,550,0,0.8372836709022522,
17,551,0,0.8460730314254761,
17,552,0,0.7279179096221924,
17,553,0,0.44625240564346313,
17,554,0,0.6613368988037109,
17,555,0,0.27034175395965576,
17,556,0,0.7692590355873108,
17,557,0,0.8390825986862183,
17,558,0,0.3979206085205078,
17,559,0,0.6523828506469727,
17,560,0,0.7866648435592651,
17,561,0,0.8306353092193604,
17,562,0,0.17272096872329712,
17,563,0,0.8287624716758728,
17,564,0,0.483212947845459,
17,565,0,0.34511709213256836,
17,566,0,0.37444525957107544,
17,567,0,0.8327038288116455,
17,568,0,0.21842265129089355,
17,569,0,0.8287585973739624,
17,570,0,0.6389156579971313,
17,571,0,0.6113265752792358,
17,572,0,0.32646888494491577,
17,573,0,0.8587606549263,
17,574,0,0.3217180371284485,
17,575,0,0.29138094186782837,
17,576,0,0.7958385944366455,
17,577,0,0.29872840642929077,
17,578,0,0.314849853515625,
17,579,0,0.7857261896133423,
17,580,0,0.2904823422431946,
17,581,0,0.4105924963951111,
17,582,0,0.8439352512359619,
17,583,0,0.7667388319969177,
17,584,0,0.4460153579711914,
17,585,0,0.816996693611145,
17,586,0,0.8362752199172974,
17,587,0,0.5975809097290039,
17,588,0,0.23481476306915283,
17,589,0,0.7153110504150391,
17,590,0,0.8265157341957092,
17,591,0,0.2668634057044983,
17,592,0,0.8164044618606567,
17,593,0,0.8358659744262695,
17,594,0,0.8244081139564514,
17,595,0,0.7471372485160828,
17,596,0,0.43690329790115356,
17,597,0,0.16836410760879517,
17,598,0,0.33371269702911377,
17,599,0,0.3445017337799072,
17,600,0,0.7607135772705078,
17,601,0,0.43803542852401733,
17,602,0,0.19054126739501953,
17,603,0,0.3098348379135132,
17,604,0,0.7425878047943115,
17,605,0,0.7912396192550659,
17,606,0,0.3131182789802551,
17,607,0,0.7787034511566162,
17,608,0,0.704848051071167,
17,609,0,0.8301198482513428,
17,610,0,0.839307427406311,
17,611,0,0.8417563438415527,
17,612,0,0.6717925071716309,
17,613,0,0.7658268213272095,
17,614,0,0.8334959745407104,
17,615,0,0.3933272361755371,
17,616,0,0.8486759662628174,
17,617,0,0.30272209644317627,
17,618,0,0.17083203792572021,
17,619,0,0.42293864488601685,
17,620,0,0.8436288833618164,
17,621,0,0.4221087098121643,
17,622,0,0.7951593995094299,
17,623,0,0.4311066269874573,
17,624,0,0.3226979374885559,
17,625,0,0.8525713682174683,
17,626,0,0.8385467529296875,
17,627,0,0.8181305527687073,
17,628,0,0.851794958114624,
17,629,0,0.4841141700744629,
17,630,0,0.06549853086471558,
17,631,0,0.1820858120918274,
17,632,0,0.8149583339691162,
17,633,0,0.7370955944061279,
17,634,0,0.8410518169403076,
17,635,0,0.4816551208496094,
17,636,0,0.8142465353012085,
17,637,0,0.7114505767822266,
17,638,0,0.8363885879516602,
17,639,0,0.7560745477676392,
17,640,0,0.1559789776802063,
17,641,0,0.7595006227493286,
17,642,0,0.778850793838501,
17,643,0,0.4264647960662842,
17,644,0,0.4118908643722534,
17,645,0,0.8153489828109741,
17,646,0,0.8272313475608826,
17,647,0,0.7758358120918274,
17,648,0,0.8163376450538635,
17,649,0,0.05054348707199097,
17,650,0,0.7637239694595337,
17,651,0,0.44153648614883423,
17,652,0,0.7087552547454834,
17,653,0,0.5862463712692261,
17,654,0,0.7606385350227356,
17,655,0,0.2469547986984253,
17,656,0,0.2531566023826599,
17,657,0,0.3897644877433777,
17,658,0,0.7430433034896851,
17,659,0,0.05035430192947388,
17,660,0,0.8473801016807556,
17,661,0,0.7674871683120728,
17,662,0,0.8211694955825806,
17,663,0,0.7323359251022339,
17,664,0,0.8405969738960266,
17,665,0,0.4303355813026428,
17,666,0,0.05571717023849487,
17,667,0,0.8153702020645142,
17,668,0,0.3011115789413452,
17,669,0,0.4662891626358032,
17,670,0,0.38850289583206177,
17,671,0,0.760725736618042,
17,672,0,0.17760449647903442,
17,673,0,0.2832871079444885,
17,674,0,0.41200870275497437,
17,675,0,0.7602661848068237,
17,676,0,0.1688089370727539,
17,677,0,0.6094048023223877,
17,678,0,0.8540509939193726,
17,679,0,0.8084878921508789,
17,680,0,0.061603844165802,
17,681,0,0.8398535251617432,
17,682,0,0.33965176343917847,
17,683,0,0.35122251510620117,
17,684,0,0.8494750261306763,
17,685,0,0.8172903656959534,
17,686,0,0.8152608275413513,
17,687,0,0.6242430210113525,
17,688,0,0.29248517751693726,
17,689,0,0.7573001384735107,
17,690,0,0.8430849313735962,
17,691,0,0.16491323709487915,
17,692,0,0.3640347123146057,
17,693,0,0.7086871862411499,
17,694,0,0.7651917934417725,
17,695,0,0.7671219110488892,
17,696,0,0.1928490400314331,
17,697,0,0.7540647983551025,
17,698,0,0.8459467887878418,
17,699,0,0.45484787225723267,
17,700,0,0.26794588565826416,
17,701,0,0.8400712609291077,
17,702,0,0.788951575756073,
17,703,0,0.8362406492233276,
17,704,0,0.1621667742729187,
17,705,0,0.055559515953063965,
17,706,0,0.8473663926124573,
17,707,0,0.813180685043335,
17,708,0,0.8452088832855225,
17,709,0,0.7541227340698242,
17,710,0,0.4121297597885132,
17,711,0,0.3579389452934265,
17,712,0,0.30221229791641235,
17,713,0,0.4274790287017822,
17,714,0,0.8408392667770386,
17,715,0,0.4535514712333679,
17,716,0,0.7642624378204346,
17,717,0,0.6508586406707764,
17,718,0,0.8244595527648926,
17,719,0,0.825724720954895,
17,720,0,0.8004178404808044,
17,721,0,0.7888921499252319,
17,722,0,0.7870597243309021,
17,723,0,0.17571097612380981,
17,724,0,0.7351037263870239,
17,725,0,0.2046152949333191,
17,726,0,0.826890230178833,
17,727,0,0.8148859739303589,
17,728,0,0.19891220331192017,
17,729,0,0.45174938440322876,
17,730,0,0.3789075016975403,
17,731,0,0.8286760449409485,
17,732,0,0.8210867047309875,
17,733,0,0.4091107249259949,
17,734,0,0.8249902129173279,
17,735,0,0.3382886052131653,
17,736,0,0.7565950751304626,
17,737,0,0.8203518986701965,
17,738,0,0.820388674736023,
17,739,0,0.6244335174560547,
17,740,0,0.31086283922195435,
17,741,0,0.700756311416626,
17,742,0,0.8346127867698669,
17,743,0,0.8487297296524048,
17,744,0,0.8123414516448975,
17,745,0,0.28989076614379883,
17,746,0,0.7454149723052979,
17,747,0,0.8464726805686951,
17,748,0,0.7223072648048401,
17,749,0,0.8269882798194885,
17,750,0,0.8133743405342102,
17,751,0,0.8282946348190308,
17,752,0,0.788022518157959,
17,753,0,0.4760987162590027,
17,754,0,0.7406589984893799,
17,755,0,0.8390580415725708,
17,756,0,0.8318802714347839,
17,757,0,0.8379819989204407,
17,758,0,0.7210143804550171,
17,759,0,0.05310112237930298,
17,760,0,0.4487608075141907,
17,761,0,0.7450076341629028,
17,762,0,0.7778860926628113,
17,763,0,0.34385615587234497,
17,764,0,0.3221524953842163,
17,765,0,0.8041343688964844,
17,766,0,0.17710977792739868,
17,767,0,0.7494480609893799,
17,768,0,0.8299964666366577,
17,769,0,0.20246988534927368,
17,770,0,0.8083710074424744,
17,771,0,0.7259361743927002,
17,772,0,0.8019763231277466,
17,773,0,0.20919924974441528,
17,774,0,0.8423179984092712,
17,775,0,0.7963584065437317,
17,776,0,0.2679268717765808,
17,777,0,0.8428805470466614,
17,778,0,0.44089609384536743,
17,779,0,0.8391073346138,
17,780,0,0.7672076225280762,
17,781,0,0.8333646655082703,
17,782,0,0.4148252606391907,
17,783,0,0.8088546991348267,
17,784,0,0.4065065383911133,
17,785,0,0.046688616275787354,
17,786,0,0.4847181439399719,
17,787,0,0.26221150159835815,
17,788,0,0.8457085490226746,
17,789,0,0.3093392252922058,
17,790,0,0.7760337591171265,
17,791,0,0.4788205027580261,
17,792,0,0.3555672764778137,
17,793,0,0.8038233518600464,
17,794,0,0.8368029594421387,
17,795,0,0.28973424434661865,
17,796,0,0.8303326964378357,
17,797,0,0.06160593032836914,
17,798,0,0.46786314249038696,
17,799,0,0.8277570009231567,
17,val,,,0.5859570944309235
18,0,0,0.4067286252975464,
18,1,0,0.8175884485244751,
18,2,0,0.6731796860694885,
18,3,0,0.8556978702545166,
18,4,0,0.4142342209815979,
18,5,0,0.766731321811676,
18,6,0,0.17186343669891357,
18,7,0,0.4766884446144104,
18,8,0,0.26420480012893677,
18,9,0,0.8192785382270813,
18,10,0,0.0658232569694519,
18,11,0,0.8434261083602905,
18,12,0,0.8329922556877136,
18,13,0,0.8256633877754211,
18,14,0,0.7525305151939392,
18,15,0,0.8224738836288452,
18,16,0,0.5218729376792908,
18,17,0,0.3993504047393799,
18,18,0,0.8082101345062256,
18,19,0,0.8183809518814087,
18,20,0,0.7423303127288818,
18,21,0,0.4845767021179199,
18,22,0,0.28188931941986084,
18,23,0,0.6882239580154419,
18,24,0,0.82330322265625,
18,25,0,0.729098916053772,
18,26,0,0.8399035334587097,
18,27,0,0.38936835527420044,
18,28,0,0.28599220514297485,
18,29,0,0.46397167444229126,
18,30,0,0.8325991034507751,
18,31,0,0.8091065883636475,
18,32,0,0.4550313949584961,
18,33,0,0.748907208442688,
18,34,0,0.8177350163459778,
18,35,0,0.27599382400512695,
18,36,0,0.429928719997406,
18,37,0,0.8275655508041382,
18,38,0,0.19617974758148193,
18,39,0,0.8421131372451782,
18,40,0,0.16506296396255493,
18,41,0,0.631049633026123,
18,42,0,0.46740835905075073,
18,43,0,0.04256296157836914,
18,44,0,0.7471725940704346,
18,45,0,0.47046560049057007,
18,46,0,0.05142354965209961,
18,47,0,0.05000197887420654,
18,48,0,0.837299644947052,
18,49,0,0.31850486993789673,
18,50,0,0.8415809869766235,
18,51,0,0.3852825164794922,
18,52,0,0.4318540692329407,
18,53,0,0.05114775896072388,
18,54,0,0.8524231314659119,
18,55,0,0.4503301978111267,
18,56,0,0.7948601245880127,
18,57,0,0.5002305507659912,
18,58,0,0.8679989576339722,
18,59,0,0.3618471026420593,
18,60,0,0.42491722106933594,
18,61,0,0.6066566705703735,
18,62,0,0.8277870416641235,
18,63,0,0.272738516330719,
18,64,0,0.2619398236274719,
18,65,0,0.766299843788147,
18,66,0,0.723799467086792,
18,67,0,0.4456849694252014,
18,68,0,0.8255948424339294,
18,69,0,0.46221810579299927,
18,70,0,0.5095466375350952,
18,71,0,0.6232562065124512,
18,72,0,0.6703893542289734,
18,73,0,0.8039478063583374,
18,74,0,0.8206071853637695,
18,75,0,0.6381519436836243,
18,76,0,0.8137352466583252,
18,77,0,0.7440186738967896,
18,78,0,0.16476553678512573,
18,79,0,0.8206433057785034,
18,80,0,0.4814915060997009,
18,81,0,0.8153919577598572,
18,82,0,0.05120784044265747,
18,83,0,0.8480583429336548,
18,84,0,0.8269917964935303,
18,85,0,0.5088626146316528,
18,86,0,0.8456296920776367,
18,87,0,0.5801440477371216,
18,88,0,0.819484531879425,
18,89,0,0.48639166355133057,
18,90,0,0.7418241500854492,
18,91,0,0.819770097732544,
18,92,0,0.851382315158844,
18,93,0,0.8206968903541565,
18,94,0,0.48916882276535034,
18,95,0,0.8325812220573425,
18,96,0,0.28000742197036743,
18,97,0,0.842155933380127,
18,98,0,0.618554949760437,
18,99,0,0.8472394943237305,
18,100,0,0.7537397146224976,
18,101,0,0.6656194925308228,
18,102,0,0.8228800892829895,
18,103,0,0.7986351251602173,
18,104,0,0.8384110331535339,
18,105,0,0.3499181270599365,
18,106,0,0.8477884531021118,
18,107,0,0.8225356340408325,
18,108,0,0.6390905380249023,
18,109,0,0.8245474696159363,
18,110,0,0.8472192287445068,
18,111,0,0.8134477734565735,
18,112,0,0.8359987139701843,
18,113,0,0.4322283864021301,
18,114,0,0.2619783878326416,
18,115,0,0.8432716131210327,
18,116,0,0.8176625967025757,
18,117,0,0.37196284532546997,
18,118,0,0.8079779744148254,
18,119,0,0.33759599924087524,
18,120,0,0.8256546258926392,
18,121,0,0.841609537601471,
18,122,0,0.7282618284225464,
18,123,0,0.06811654567718506,
18,124,0,0.41952019929885864,
18,125,0,0.7583773732185364,
18,126,0,0.8476459980010986,
18,127,0,0.8239595293998718,
18,128,0,0.8198056221008301,
18,129,0,0.8416030406951904,
18,130,0,0.7434107661247253,
18,131,0,0.8589012622833252,
18,132,0,0.7909644246101379,
18,133,0,0.24597108364105225,
18,134,0,0.4331047534942627,
18,135,0,0.4866098165512085,
18,136,0,0.05758386850357056,
18,137,0,0.13733482360839844,
18,138,0,0.261524498462677,
18,139,0,0.4819996953010559,
18,140,0,0.8286404609680176,
18,141,0,0.7839035987854004,
18,142,0,0.8354253172874451,
18,143,0,0.7817159295082092,
18,144,0,0.8151761293411255,
18,145,0,0.22137808799743652,
18,146,0,0.6932319402694702,
18,147,0,0.24039030075073242,
18,148,0,0.7727771401405334,
18,149,0,0.7917554974555969,
18,150,0,0.8053088188171387,
18,151,0,0.8488333225250244,
18,152,0,0.7344397306442261,
18,153,0,0.8236975073814392,
18,154,0,0.8288294076919556,
18,155,0,0.7128615379333496,
18,156,0,0.051440298557281494,
18,157,0,0.6265147924423218,
18,158,0,0.7747735381126404,
18,159,0,0.8072035908699036,
18,160,0,0.3492254614830017,
18,161,0,0.061996281147003174,
18,162,0,0.8374745845794678,
18,163,0,0.2831854820251465,
18,164,0,0.38571202754974365,
18,165,0,0.7244943380355835,
18,166,0,0.25235283374786377,
18,167,0,0.8612838387489319,
18,168,0,0.8475465774536133,
18,169,0,0.1504085659980774,
18,170,0,0.772992730140686,
18,171,0,0.7418500185012817,
18,172,0,0.7369424104690552,
18,173,0,0.63913893699646,
18,174,0,0.7553926110267639,
18,175,0,0.4187186360359192,
18,176,0,0.7638978362083435,
18,177,0,0.31200969219207764,
18,178,0,0.8376912474632263,
18,179,0,0.3422044515609741,
18,180,0,0.7956939935684204,
18,181,0,0.8018794059753418,
18,182,0,0.3309873342514038,
18,183,0,0.17695003747940063,
18,184,0,0.7806377410888672,
18,185,0,0.7454208135604858,
18,186,0,0.29999738931655884,
18,187,0,0.7414944171905518,
18,188,0,0.7549817562103271,
18,189,0,0.26911693811416626,
18,190,0,0.06652867794036865,
18,191,0,0.462099552154541,
18,192,0,0.7555288076400757,
18,193,0,0.7395420670509338,
18,194,0,0.737797200679779,
18,195,0,0.8610597848892212,
18,196,0,0.7490705847740173,
18,197,0,0.1919829249382019,
18,198,0,0.801785945892334,
18,199,0,0.2564573287963867,
18,200,0,0.7528650760650635,
18,201,0,0.049598097801208496,
18,202,0,0.29056835174560547,
18,203,0,0.836799144744873,
18,204,0,0.3314259648323059,
18,205,0,0.2566215991973877,
18,206,0,0.3461058735847473,
18,207,0,0.15354615449905396,
18,208,0,0.48157888650894165,
18,209,0,0.7824527025222778,
18,210,0,0.3083227872848511,
18,211,0,0.8280837535858154,
18,212,0,0.4910404086112976,
18,213,0,0.7970049381256104,
18,214,0,0.8396300077438354,
18,215,0,0.8362687826156616,
18,216,0,0.4538620710372925,
18,217,0,0.8307785987854004,
18,218,0,0.855892539024353,
18,219,0,0.729354977607727,
18,220,0,0.25535720586776733,
18,221,0,0.7432584166526794,
18,222,0,0.3203299641609192,
18,223,0,0.4857805371284485,
18,224,0,0.8232883810997009,
18,225,0,0.29537433385849,
18,226,0,0.8174293637275696,
18,227,0,0.17361527681350708,
18,228,0,0.7173733115196228,
18,229,0,0.42258644104003906,
18,230,0,0.4592205286026001,
18,231,0,0.8280414342880249,
18,232,0,0.8545660972595215,
18,233,0,0.8471406102180481,
18,234,0,0.8235877156257629,
18,235,0,0.046674132347106934,
18,236,0,0.4453642964363098,
18,237,0,0.8339066505432129,
18,238,0,0.4679340124130249,
18,239,0,0.4204801321029663,
18,240,0,0.8176764249801636,
18,241,0,0.8327792882919312,
18,242,0,0.8270297050476074,
18,243,0,0.44023972749710083,
18,244,0,0.3109140992164612,
18,245,0,0.05074232816696167,
18,246,0,0.434575617313385,
18,247,0,0.8395435810089111,
18,248,0,0.45525604486465454,
18,249,0,0.8134867548942566,
18,250,0,0.12503260374069214,
18,251,0,0.8469765186309814,
18,252,0,0.7726455926895142,
18,253,0,0.7639216780662537,
18,254,0,0.041067302227020264,
18,255,0,0.7510436177253723,
18,256,0,0.5627323389053345,
18,257,0,0.8474228382110596,
18,258,0,0.8270688652992249,
18,259,0,0.848480224609375,
18,260,0,0.5180690288543701,
18,261,0,0.7503868937492371,
18,262,0,0.8453699350357056,
18,263,0,0.7304383516311646,
18,264,0,0.29098278284072876,
18,265,0,0.8475873470306396,
18,266,0,0.8235408067703247,
18,267,0,0.8392524719238281,
18,268,0,0.3218037486076355,
18,269,0,0.45854049921035767,
18,270,0,0.6019401550292969,
18,271,0,0.8078159093856812,
18,272,0,0.383971631526947,
18,273,0,0.8430535793304443,
18,274,0,0.8125343322753906,
18,275,0,0.16272467374801636,
18,276,0,0.8156881928443909,
18,277,0,0.06291848421096802,
18,278,0,0.5526599287986755,
18,279,0,0.7399719953536987,
18,280,0,0.7823731899261475,
18,281,0,0.7928075194358826,
18,282,0,0.7471103668212891,
18,283,0,0.7557682991027832,
18,284,0,0.8379429578781128,
18,285,0,0.8427133560180664,
18,286,0,0.6538861393928528,
18,287,0,0.7276496291160583,
18,288,0,0.8178135752677917,
18,289,0,0.523579478263855,
18,290,0,0.8279079794883728,
18,291,0,0.04819422960281372,
18,292,0,0.38864952325820923,
18,293,0,0.8436949253082275,
18,294,0,0.8362287878990173,
18,295,0,0.841003954410553,
18,296,0,0.48289793729782104,
18,297,0,0.0508686900138855,
18,298,0,0.8516041040420532,
18,299,0,0.8108543753623962,
18,300,0,0.4320402145385742,
18,301,0,0.41546720266342163,
18,302,0,0.8426511287689209,
18,303,0,0.6018377542495728,
18,304,0,0.8421996831893921,
18,305,0,0.47169560194015503,
18,306,0,0.23552310466766357,
18,307,0,0.8337518572807312,
18,308,0,0.8419451117515564,
18,309,0,0.20050305128097534,
18,310,0,0.8204494118690491,
18,311,0,0.3915026783943176,
18,312,0,0.8244462609291077,
18,313,0,0.8174958825111389,
18,314,0,0.4138234257698059,
18,315,0,0.803608775138855,
18,316,0,0.8360409140586853,
18,317,0,0.6947304606437683,
18,318,0,0.3752579689025879,
18,319,0,0.32250916957855225,
18,320,0,0.7458802461624146,
18,321,0,0.8358747363090515,
18,322,0,0.8308094143867493,
18,323,0,0.30249643325805664,
18,324,0,0.850055456161499,
18,325,0,0.7948163151741028,
18,326,0,0.8092982172966003,
18,327,0,0.7352224588394165,
18,328,0,0.7230911254882812,
18,329,0,0.7694811224937439,
18,330,0,0.3770967721939087,
18,331,0,0.3359602093696594,
18,332,0,0.8581559062004089,
18,333,0,0.2486392855644226,
18,334,0,0.8104113340377808,
18,335,0,0.3715463876724243,
18,336,0,0.8328895568847656,
18,337,0,0.44784826040267944,
18,338,0,0.6331367492675781,
18,339,0,0.7960454225540161,
18,340,0,0.8425765037536621,
18,341,0,0.05961328744888306,
18,342,0,0.7430356740951538,
18,343,0,0.6175451278686523,
18,344,0,0.8267925381660461,
18,345,0,0.8278817534446716,
18,346,0,0.2432708740234375,
18,347,0,0.17549437284469604,
18,348,0,0.7548991441726685,
18,349,0,0.831818699836731,
18,350,0,0.7925531268119812,
18,351,0,0.7725843191146851,
18,352,0,0.8246759176254272,
18,353,0,0.8220899701118469,
18,354,0,0.6508282423019409,
18,355,0,0.16255980730056763,
18,356,0,0.8512871265411377,
18,357,0,0.7438567876815796,
18,358,0,0.20667815208435059,
18,359,0,0.7816277146339417,
18,360,0,0.8529067039489746,
18,361,0,0.8472410440444946,
18,362,0,0.25382715463638306,
18,363,0,0.31189221143722534,
18,364,0,0.7524864077568054,
18,365,0,0.8587439060211182,
18,366,0,0.8532416820526123,
18,367,0,0.8365355134010315,
18,368,0,0.8225146532058716,
18,369,0,0.8139277100563049,
18,370,0,0.6223347187042236,
18,371,0,0.7045344114303589,
18,372,0,0.8241657614707947,
18,373,0,0.8452564477920532,
18,374,0,0.445517361164093,
18,375,0,0.7695248126983643,
18,376,0,0.7742093801498413,
18,377,0,0.33919525146484375,
18,378,0,0.4129824638366699,
18,379,0,0.8546945452690125,
18,380,0,0.33858543634414673,
18,381,0,0.3233676552772522,
18,382,0,0.3282155394554138,
18,383,0,0.8406482338905334,
18,384,0,0.3369836211204529,
18,385,0,0.33690232038497925,
18,386,0,0.2434166669845581,
18,387,0,0.4402812719345093,
18,388,0,0.057095348834991455,
18,389,0,0.7834978103637695,
18,390,0,0.7603825926780701,
18,391,0,0.7060128450393677,
18,392,0,0.6842377185821533,
18,393,0,0.31284403800964355,
18,394,0,0.4840221405029297,
18,395,0,0.8137560486793518,
18,396,0,0.16213136911392212,
18,397,0,0.1851617693901062,
18,398,0,0.8025469779968262,
18,399,0,0.30385977029800415,
18,400,0,0.7112401723861694,
18,401,0,0.7677708864212036,
18,402,0,0.8325239419937134,
18,403,0,0.8027095198631287,
18,404,0,0.32433372735977173,
18,405,0,0.06506490707397461,
18,406,0,0.7601481676101685,
18,407,0,0.8427190780639648,
18,408,0,0.7898496985435486,
18,409,0,0.7074195146560669,
18,410,0,0.8358428478240967,
18,411,0,0.31186234951019287,
18,412,0,0.8139057159423828,
18,413,0,0.06878405809402466,
18,414,0,0.7807254195213318,
18,415,0,0.6440643072128296,
18,416,0,0.8393921256065369,
18,417,0,0.056556105613708496,
18,418,0,0.49845272302627563,
18,419,0,0.47459834814071655,
18,420,0,0.25592344999313354,
18,421,0,0.25858956575393677,
18,422,0,0.8480239510536194,
18,423,0,0.839669942855835,
18,424,0,0.8318324685096741,
18,425,0,0.813720166683197,
18,426,0,0.8126940727233887,
18,427,0,0.8104313015937805,
18,428,0,0.45737123489379883,
18,429,0,0.8144971132278442,
18,430,0,0.2627792954444885,
18,431,0,0.796729326248169,
18,432,0,0.7577104568481445,
18,433,0,0.8250378370285034,
18,434,0,0.829486608505249,
18,435,0,0.814184308052063,
18,436,0,0.6096632480621338,
18,437,0,0.051352858543395996,
18,438,0,0.7203143835067749,
18,439,0,0.22213703393936157,
18,440,0,0.8498576879501343,
18,441,0,0.7853914499282837,
18,442,0,0.824462354183197,
18,443,0,0.8157645463943481,
18,444,0,0.7581033706665039,
18,445,0,0.8258535861968994,
18,446,0,0.7387351989746094,
18,447,0,0.3198196291923523,
18,448,0,0.05610513687133789,
18,449,0,0.8011404275894165,
18,450,0,0.7814981937408447,
18,451,0,0.2614327073097229,
18,452,0,0.8351336717605591,
18,453,0,0.295446515083313,
18,454,0,0.4217590093612671,
18,455,0,0.5776091814041138,
18,456,0,0.7267321348190308,
18,457,0,0.6658262014389038,
18,458,0,0.5182989835739136,
18,459,0,0.8223128914833069,
18,460,0,0.8200234174728394,
18,461,0,0.46820545196533203,
18,462,0,0.806398332118988,
18,463,0,0.154246985912323,
18,464,0,0.609286904335022,
18,465,0,0.7433042526245117,
18,466,0,0.046652376651763916,
18,467,0,0.8140039443969727,
18,468,0,0.6414837837219238,
18,469,0,0.786958634853363,
18,470,0,0.34123116731643677,
18,471,0,0.054913341999053955,
18,472,0,0.841145396232605,
18,473,0,0.8400470018386841,
18,474,0,0.05683070421218872,
18,475,0,0.8294485807418823,
18,476,0,0.4625047445297241,
18,477,0,0.8257742524147034,
18,478,0,0.5215046405792236,
18,479,0,0.484391987323761,
18,480,0,0.6705695390701294,
18,481,0,0.17472153902053833,
18,482,0,0.8161438703536987,
18,483,0,0.836736798286438,
18,484,0,0.8358728289604187,
18,485,0,0.46046197414398193,
18,486,0,0.7180043458938599,
18,487,0,0.3397967219352722,
18,488,0,0.7345630526542664,
18,489,0,0.8386567234992981,
18,490,0,0.7609527111053467,
18,491,0,0.8273014426231384,
18,492,0,0.647594153881073,
18,493,0,0.745235800743103,
18,494,0,0.05998218059539795,
18,495,0,0.3609592914581299,
18,496,0,0.28676271438598633,
18,497,0,0.7774500846862793,
18,498,0,0.45388609170913696,
18,499,0,0.8416010141372681,
18,500,0,0.8112455606460571,
18,501,0,0.7726997137069702,
18,502,0,0.8423826694488525,
18,503,0,0.2074940800666809,
18,504,0,0.7496672868728638,
18,505,0,0.47571617364883423,
18,506,0,0.7700318098068237,
18,507,0,0.2789912819862366,
18,508,0,0.8458375930786133,
18,509,0,0.8386601209640503,
18,510,0,0.8351709842681885,
18,511,0,0.7690445780754089,
18,512,0,0.24996083974838257,
18,513,0,0.7284953594207764,
18,514,0,0.8137187361717224,
18,515,0,0.8141611814498901,
18,516,0,0.7430397868156433,
18,517,0,0.4114820957183838,
18,518,0,0.23641043901443481,
18,519,0,0.2965148687362671,
18,520,0,0.8374043703079224,
18,521,0,0.8428390026092529,
18,522,0,0.3653167486190796,
18,523,0,0.8626804351806641,
18,524,0,0.7371567487716675,
18,525,0,0.053838133811950684,
18,526,0,0.32113009691238403,
18,527,0,0.839106559753418,
18,528,0,0.05343204736709595,
18,529,0,0.8301808834075928,
18,530,0,0.7955928444862366,
18,531,0,0.8438425660133362,
18,532,0,0.801842987537384,
18,533,0,0.8299246430397034,
18,534,0,0.38086700439453125,
18,535,0,0.8353379368782043,
18,536,0,0.792873740196228,
18,537,0,0.28098011016845703,
18,538,0,0.8251373767852783,
18,539,0,0.8260183334350586,
18,540,0,0.785345196723938,
18,541,0,0.43107134103775024,
18,542,0,0.33545202016830444,
18,543,0,0.8441621661186218,
18,544,0,0.06154745817184448,
18,545,0,0.40524935722351074,
18,546,0,0.4555569887161255,
18,547,0,0.06170135736465454,
18,548,0,0.7785786390304565,
18,549,0,0.3205932378768921,
18,550,0,0.8342117071151733,
18,551,0,0.8442482352256775,
18,552,0,0.7274706363677979,
18,553,0,0.44562846422195435,
18,554,0,0.6628223657608032,
18,555,0,0.2700898051261902,
18,556,0,0.771171510219574,
18,557,0,0.830964982509613,
18,558,0,0.3969463109970093,
18,559,0,0.6534969806671143,
18,560,0,0.7875249981880188,
18,561,0,0.8311229348182678,
18,562,0,0.17182427644729614,
18,563,0,0.8409087061882019,
18,564,0,0.4825434684753418,
18,565,0,0.34386444091796875,
18,566,0,0.3727431893348694,
18,567,0,0.8283157348632812,
18,568,0,0.21702176332473755,
18,569,0,0.8188680410385132,
18,570,0,0.6381031274795532,
18,571,0,0.6105968952178955,
18,572,0,0.32715481519699097,
18,573,0,0.8573035001754761,
18,574,0,0.3237515091896057,
18,575,0,0.2939024567604065,
18,576,0,0.7982337474822998,
18,577,0,0.30096518993377686,
18,578,0,0.31471723318099976,
18,579,0,0.783588707447052,
18,580,0,0.28809261322021484,
18,581,0,0.4120754599571228,
18,582,0,0.8228363990783691,
18,583,0,0.7652705907821655,
18,584,0,0.4463955760002136,
18,585,0,0.8145878314971924,
18,586,0,0.831703782081604,
18,587,0,0.5928069949150085,
18,588,0,0.2348664402961731,
18,589,0,0.7207109928131104,
18,590,0,0.8253603577613831,
18,591,0,0.26644545793533325,
18,592,0,0.816508948802948,
18,593,0,0.8328919410705566,
18,594,0,0.8204352855682373,
18,595,0,0.7441098690032959,
18,596,0,0.43731755018234253,
18,597,0,0.16854768991470337,
18,598,0,0.32823610305786133,
18,599,0,0.3446766138076782,
18,600,0,0.771377682685852,
18,601,0,0.43076449632644653,
18,602,0,0.1911015510559082,
18,603,0,0.3097609281539917,
18,604,0,0.7504210472106934,
18,605,0,0.7873705625534058,
18,606,0,0.30967605113983154,
18,607,0,0.7624844312667847,
18,608,0,0.708762526512146,
18,609,0,0.8310149908065796,
18,610,0,0.8426527976989746,
18,611,0,0.8650553822517395,
18,612,0,0.6664524078369141,
18,613,0,0.768007218837738,
18,614,0,0.8345175981521606,
18,615,0,0.39419156312942505,
18,616,0,0.8535960912704468,
18,617,0,0.3037290573120117,
18,618,0,0.17124241590499878,
18,619,0,0.4223853349685669,
18,620,0,0.8415723443031311,
18,621,0,0.42645102739334106,
18,622,0,0.793340802192688,
18,623,0,0.4312138557434082,
18,624,0,0.3245033025741577,
18,625,0,0.8538935780525208,
18,626,0,0.8306506872177124,
18,627,0,0.8220025897026062,
18,628,0,0.8481871485710144,
18,629,0,0.4813738465309143,
18,630,0,0.06424397230148315,
18,631,0,0.18109923601150513,
18,632,0,0.81439608335495,
18,633,0,0.7379089593887329,
18,634,0,0.8554705381393433,
18,635,0,0.48308253288269043,
18,636,0,0.8149422407150269,
18,637,0,0.714022159576416,
18,638,0,0.8418091535568237,
18,639,0,0.7558232545852661,
18,640,0,0.15667152404785156,
18,641,0,0.764746904373169,
18,642,0,0.7833618521690369,
18,643,0,0.42724305391311646,
18,644,0,0.415915310382843,
18,645,0,0.8224480152130127,
18,646,0,0.8434076905250549,
18,647,0,0.7724114060401917,
18,648,0,0.8147833347320557,
18,649,0,0.04823482036590576,
18,650,0,0.76459801197052,
18,651,0,0.4434412121772766,
18,652,0,0.7177554368972778,
18,653,0,0.5840181112289429,
18,654,0,0.7617999911308289,
18,655,0,0.24960166215896606,
18,656,0,0.2544219493865967,
18,657,0,0.39013946056365967,
18,658,0,0.7469717264175415,
18,659,0,0.05234307050704956,
18,660,0,0.8475700616836548,
18,661,0,0.7540925145149231,
18,662,0,0.8268736600875854,
18,663,0,0.7303739786148071,
18,664,0,0.8410503268241882,
18,665,0,0.43180960416793823,
18,666,0,0.0557551383972168,
18,667,0,0.8255735635757446,
18,668,0,0.3037864565849304,
18,669,0,0.4678352475166321,
18,670,0,0.387337863445282,
18,671,0,0.7634153962135315,
18,672,0,0.1769307255744934,
18,673,0,0.2856593132019043,
18,674,0,0.4154118299484253,
18,675,0,0.7620037198066711,
18,676,0,0.16560989618301392,
18,677,0,0.6095852851867676,
18,678,0,0.8517189025878906,
18,679,0,0.8084962964057922,
18,680,0,0.06170302629470825,
18,681,0,0.8388532400131226,
18,682,0,0.33756357431411743,
18,683,0,0.3512859344482422,
18,684,0,0.8406577110290527,
18,685,0,0.8134799003601074,
18,686,0,0.8150372505187988,
18,687,0,0.6251100897789001,
18,688,0,0.29564785957336426,
18,689,0,0.7604244947433472,
18,690,0,0.843156099319458,
18,691,0,0.164897620677948,
18,692,0,0.36674100160598755,
18,693,0,0.7082775831222534,
18,694,0,0.766830325126648,
18,695,0,0.768868088722229,
18,696,0,0.19275623559951782,
18,697,0,0.7557049989700317,
18,698,0,0.8424752354621887,
18,699,0,0.4555303454399109,
18,700,0,0.26870661973953247,
18,701,0,0.8345868587493896,
18,702,0,0.7874329686164856,
18,703,0,0.8377361297607422,
18,704,0,0.16274726390838623,
18,705,0,0.05602329969406128,
18,706,0,0.8443363308906555,
18,707,0,0.8097144365310669,
18,708,0,0.8461278080940247,
18,709,0,0.7536888718605042,
18,710,0,0.4133725166320801,
18,711,0,0.3563811182975769,
18,712,0,0.3028509020805359,
18,713,0,0.4273081421852112,
18,714,0,0.8391435146331787,
18,715,0,0.454995334148407,
18,716,0,0.7677357792854309,
18,717,0,0.6560381650924683,
18,718,0,0.8246968388557434,
18,719,0,0.8318799734115601,
18,720,0,0.7933361530303955,
18,721,0,0.7880142331123352,
18,722,0,0.786952018737793,
18,723,0,0.18623244762420654,
18,724,0,0.7291003465652466,
18,725,0,0.20454472303390503,
18,726,0,0.8274029493331909,
18,727,0,0.8142186403274536,
18,728,0,0.1990984082221985,
18,729,0,0.45411592721939087,
18,730,0,0.3780098557472229,
18,731,0,0.8328133821487427,
18,732,0,0.8125386238098145,
18,733,0,0.4055829644203186,
18,734,0,0.8249198198318481,
18,735,0,0.3314542770385742,
18,736,0,0.7625806331634521,
18,737,0,0.8282051086425781,
18,738,0,0.8167699575424194,
18,739,0,0.6277977228164673,
18,740,0,0.3078685402870178,
18,741,0,0.7042331695556641,
18,742,0,0.8302268385887146,
18,743,0,0.8484091758728027,
18,744,0,0.8049701452255249,
18,745,0,0.2890835404396057,
18,746,0,0.7435085773468018,
18,747,0,0.86295485496521,
18,748,0,0.7417237162590027,
18,749,0,0.8289352655410767,
18,750,0,0.8282911777496338,
18,751,0,0.8273912668228149,
18,752,0,0.7651470899581909,
18,753,0,0.47638338804244995,
18,754,0,0.7468107342720032,
18,755,0,0.8413800001144409,
18,756,0,0.8283520936965942,
18,757,0,0.8402420282363892,
18,758,0,0.7122119665145874,
18,759,0,0.053896427154541016,
18,760,0,0.4520210027694702,
18,761,0,0.7434089183807373,
18,762,0,0.7782183289527893,
18,763,0,0.3431089520454407,
18,764,0,0.3223581314086914,
18,765,0,0.8039025664329529,
18,766,0,0.1760958433151245,
18,767,0,0.7510143518447876,
18,768,0,0.8284767866134644,
18,769,0,0.20441758632659912,
18,770,0,0.7852012515068054,
18,771,0,0.7200013399124146,
18,772,0,0.8011093139648438,
18,773,0,0.20862817764282227,
18,774,0,0.846396803855896,
18,775,0,0.797700822353363,
18,776,0,0.26678282022476196,
18,777,0,0.849244236946106,
18,778,0,0.439167857170105,
18,779,0,0.8360568284988403,
18,780,0,0.7597336769104004,
18,781,0,0.8335142135620117,
18,782,0,0.4155350923538208,
18,783,0,0.8119369745254517,
18,784,0,0.40620964765548706,
18,785,0,0.047854721546173096,
18,786,0,0.4857326149940491,
18,787,0,0.2612152099609375,
18,788,0,0.8409229516983032,
18,789,0,0.3147094249725342,
18,790,0,0.7867766618728638,
18,791,0,0.4790711998939514,
18,792,0,0.355582058429718,
18,793,0,0.7992837429046631,
18,794,0,0.8345745801925659,
18,795,0,0.2903628945350647,
18,796,0,0.8296656608581543,
18,797,0,0.06128054857254028,
18,798,0,0.4686177968978882,
18,799,0,0.8267661929130554,
18,val,,,0.5860888916254043
19,0,0,0.4067033529281616,
19,1,0,0.8206430673599243,
19,2,0,0.6674942970275879,
19,3,0,0.8469504714012146,
19,4,0,0.4126105308532715,
19,5,0,0.7670414447784424,
19,6,0,0.17198514938354492,
19,7,0,0.4767119288444519,
19,8,0,0.2562432885169983,
19,9,0,0.8188549280166626,
19,10,0,0.06689184904098511,
19,11,0,0.8289185762405396,
19,12,0,0.8338491916656494,
19,13,0,0.8250951170921326,
19,14,0,0.7490108013153076,
19,15,0,0.8182557821273804,
19,16,0,0.5201634168624878,
19,17,0,0.3987162709236145,
19,18,0,0.807948112487793,
19,19,0,0.8223534226417542,
19,20,0,0.7419962882995605,
19,21,0,0.48557811975479126,
19,22,0,0.2807844281196594,
19,23,0,0.6904315948486328,
19,24,0,0.8251112699508667,
19,25,0,0.7281607985496521,
19,26,0,0.8385903239250183,
19,27,0,0.3876798748970032,
19,28,0,0.285571813583374,
19,29,0,0.4628673195838928,
19,30,0,0.8297144174575806,
19,31,0,0.8162347674369812,
19,32,0,0.45417070388793945,
19,33,0,0.7505366206169128,
19,34,0,0.8144227862358093,
19,35,0,0.2748919129371643,
19,36,0,0.4277039170265198,
19,37,0,0.825692355632782,
19,38,0,0.19654101133346558,
19,39,0,0.8451017141342163,
19,40,0,0.16393715143203735,
19,41,0,0.6317976713180542,
19,42,0,0.4676206707954407,
19,43,0,0.042437076568603516,
19,44,0,0.7474517822265625,
19,45,0,0.4699702262878418,
19,46,0,0.05135762691497803,
19,47,0,0.05061608552932739,
19,48,0,0.8359805345535278,
19,49,0,0.31613683700561523,
19,50,0,0.8416276574134827,
19,51,0,0.38635557889938354,
19,52,0,0.43339425325393677,
19,53,0,0.05122727155685425,
19,54,0,0.8537512421607971,
19,55,0,0.4499567151069641,
19,56,0,0.7939713597297668,
19,57,0,0.49954354763031006,
19,58,0,0.866599977016449,
19,59,0,0.36159807443618774,
19,60,0,0.42377787828445435,
19,61,0,0.6035594344139099,
19,62,0,0.8278042078018188,
19,63,0,0.2715134620666504,
19,64,0,0.2616596817970276,
19,65,0,0.764112651348114,
19,66,0,0.7220715284347534,
19,67,0,0.4472237229347229,
19,68,0,0.8306300640106201,
19,69,0,0.4666169285774231,
19,70,0,0.5119771957397461,
19,71,0,0.6203629970550537,
19,72,0,0.6725561022758484,
19,73,0,0.7993887662887573,
19,74,0,0.8187416195869446,
19,75,0,0.6494107246398926,
19,76,0,0.8131735920906067,
19,77,0,0.7345352172851562,
19,78,0,0.16472816467285156,
19,79,0,0.8276318311691284,
19,80,0,0.4810345768928528,
19,81,0,0.8150862455368042,
19,82,0,0.05266910791397095,
19,83,0,0.833241879940033,
19,84,0,0.8292989134788513,
19,85,0,0.5108332633972168,
19,86,0,0.8331820368766785,
19,87,0,0.5745641589164734,
19,88,0,0.816116452217102,
19,89,0,0.4865037798881531,
19,90,0,0.7417514324188232,
19,91,0,0.8168973326683044,
19,92,0,0.8502154350280762,
19,93,0,0.8180446624755859,
19,94,0,0.49048513174057007,
19,95,0,0.8322538137435913,
19,96,0,0.280272901058197,
19,97,0,0.8424955606460571,
19,98,0,0.6177106499671936,
19,99,0,0.8332517147064209,
19,100,0,0.7545604705810547,
19,101,0,0.6724033355712891,
19,102,0,0.8395514488220215,
19,103,0,0.7841751575469971,
19,104,0,0.8388821482658386,
19,105,0,0.33937788009643555,
19,106,0,0.8365107774734497,
19,107,0,0.8231518268585205,
19,108,0,0.6377356052398682,
19,109,0,0.8193309903144836,
19,110,0,0.8456414341926575,
19,111,0,0.8175811767578125,
19,112,0,0.8390275239944458,
19,113,0,0.43296802043914795,
19,114,0,0.25985270738601685,
19,115,0,0.8303191661834717,
19,116,0,0.8203859925270081,
19,117,0,0.37969523668289185,
19,118,0,0.815850555896759,
19,119,0,0.33621901273727417,
19,120,0,0.8302872180938721,
19,121,0,0.8454655408859253,
19,122,0,0.7328254580497742,
19,123,0,0.06869065761566162,
19,124,0,0.42019814252853394,
19,125,0,0.75716632604599,
19,126,0,0.8513362407684326,
19,127,0,0.8220369219779968,
19,128,0,0.8253178596496582,
19,129,0,0.8422213196754456,
19,130,0,0.7362046241760254,
19,131,0,0.8520334362983704,
19,132,0,0.7864677309989929,
19,133,0,0.24397563934326172,
19,134,0,0.4268505573272705,
19,135,0,0.48496013879776,
19,136,0,0.05784958600997925,
19,137,0,0.13714247941970825,
19,138,0,0.2594636082649231,
19,139,0,0.48037248849868774,
19,140,0,0.8339870572090149,
19,141,0,0.7820879220962524,
19,142,0,0.8398618698120117,
19,143,0,0.775364100933075,
19,144,0,0.81391441822052,
19,145,0,0.22298341989517212,
19,146,0,0.6931023597717285,
19,147,0,0.24049502611160278,
19,148,0,0.7745343446731567,
19,149,0,0.78728848695755,
19,150,0,0.8059571981430054,
19,151,0,0.823909342288971,
19,152,0,0.7315483093261719,
19,153,0,0.8234644532203674,
19,154,0,0.8305380940437317,
19,155,0,0.7121067047119141,
19,156,0,0.050943732261657715,
19,157,0,0.6253650188446045,
19,158,0,0.7745188474655151,
19,159,0,0.8061401844024658,
19,160,0,0.3548150062561035,
19,161,0,0.06188333034515381,
19,162,0,0.8393846750259399,
19,163,0,0.2834681272506714,
19,164,0,0.39143478870391846,
19,165,0,0.7257689237594604,
19,166,0,0.25294679403305054,
19,167,0,0.8406895995140076,
19,168,0,0.8476102948188782,
19,169,0,0.14854907989501953,
19,170,0,0.7881163358688354,
19,171,0,0.7433643341064453,
19,172,0,0.7370942831039429,
19,173,0,0.6378496885299683,
19,174,0,0.7576276063919067,
19,175,0,0.41763836145401,
19,176,0,0.7648331522941589,
19,177,0,0.312519907951355,
19,178,0,0.8376031517982483,
19,179,0,0.3424341082572937,
19,180,0,0.8070180416107178,
19,181,0,0.7974339723587036,
19,182,0,0.3311341404914856,
19,183,0,0.17859619855880737,
19,184,0,0.7828990817070007,
19,185,0,0.7449793219566345,
19,186,0,0.29312998056411743,
19,187,0,0.7374994158744812,
19,188,0,0.7416454553604126,
19,189,0,0.2696877121925354,
19,190,0,0.06774938106536865,
19,191,0,0.45872628688812256,
19,192,0,0.7545455694198608,
19,193,0,0.740461528301239,
19,194,0,0.7376445531845093,
19,195,0,0.8593140244483948,
19,196,0,0.7483834028244019,
19,197,0,0.19191217422485352,
19,198,0,0.8155015110969543,
19,199,0,0.2554469108581543,
19,200,0,0.7687938213348389,
19,201,0,0.04964637756347656,
19,202,0,0.2891976833343506,
19,203,0,0.837165355682373,
19,204,0,0.33625251054763794,
19,205,0,0.26019567251205444,
19,206,0,0.3466852307319641,
19,207,0,0.15192729234695435,
19,208,0,0.48066097497940063,
19,209,0,0.7796200513839722,
19,210,0,0.30370789766311646,
19,211,0,0.8289485573768616,
19,212,0,0.4896358251571655,
19,213,0,0.7975144982337952,
19,214,0,0.837581217288971,
19,215,0,0.8361141681671143,
19,216,0,0.4549804925918579,
19,217,0,0.8290663361549377,
19,218,0,0.8452754616737366,
19,219,0,0.7288612127304077,
19,220,0,0.256550669670105,
19,221,0,0.7414702773094177,
19,222,0,0.3220593333244324,
19,223,0,0.4875001907348633,
19,224,0,0.8276020288467407,
19,225,0,0.29570382833480835,
19,226,0,0.8174616098403931,
19,227,0,0.17263543605804443,
19,228,0,0.7188456058502197,
19,229,0,0.4235495924949646,
19,230,0,0.4583871364593506,
19,231,0,0.8246289491653442,
19,232,0,0.8539626002311707,
19,233,0,0.8461199998855591,
19,234,0,0.8281593918800354,
19,235,0,0.04486894607543945,
19,236,0,0.44537365436553955,
19,237,0,0.8335369825363159,
19,238,0,0.4690935015678406,
19,239,0,0.41450411081314087,
19,240,0,0.8173370361328125,
19,241,0,0.8384009599685669,
19,242,0,0.8246232271194458,
19,243,0,0.44169843196868896,
19,244,0,0.31004321575164795,
19,245,0,0.05078160762786865,
19,246,0,0.43242985010147095,
19,247,0,0.8389222621917725,
19,248,0,0.455982506275177,
19,249,0,0.8163833618164062,
19,250,0,0.12578505277633667,
19,251,0,0.8463583588600159,
19,252,0,0.7749620676040649,
19,253,0,0.7645748853683472,
19,254,0,0.04129105806350708,
19,255,0,0.752578854560852,
19,256,0,0.5600640177726746,
19,257,0,0.8464756608009338,
19,258,0,0.8320233821868896,
19,259,0,0.8468021154403687,
19,260,0,0.5180482864379883,
19,261,0,0.7451832294464111,
19,262,0,0.8366972208023071,
19,263,0,0.7273106575012207,
19,264,0,0.2909475564956665,
19,265,0,0.8557676076889038,
19,266,0,0.8215488195419312,
19,267,0,0.8438094258308411,
19,268,0,0.32380956411361694,
19,269,0,0.46039754152297974,
19,270,0,0.5966418981552124,
19,271,0,0.8072561621665955,
19,272,0,0.3841756582260132,
19,273,0,0.8433005809783936,
19,274,0,0.8189548850059509,
19,275,0,0.1628243327140808,
19,276,0,0.8145169019699097,
19,277,0,0.06321066617965698,
19,278,0,0.5515905618667603,
19,279,0,0.7414960861206055,
19,280,0,0.7707691788673401,
19,281,0,0.7931979298591614,
19,282,0,0.7478688955307007,
19,283,0,0.7558842301368713,
19,284,0,0.8455736637115479,
19,285,0,0.8358795642852783,
19,286,0,0.6522266864776611,
19,287,0,0.72854083776474,
19,288,0,0.8385838866233826,
19,289,0,0.5264495611190796,
19,290,0,0.826990008354187,
19,291,0,0.048933982849121094,
19,292,0,0.39032793045043945,
19,293,0,0.8451136350631714,
19,294,0,0.8393504619598389,
19,295,0,0.8396419286727905,
19,296,0,0.4843820333480835,
19,297,0,0.05296868085861206,
19,298,0,0.8511967062950134,
19,299,0,0.8105363845825195,
19,300,0,0.4308397173881531,
19,301,0,0.41456228494644165,
19,302,0,0.842506468296051,
19,303,0,0.6008869409561157,
19,304,0,0.8464423418045044,
19,305,0,0.47169214487075806,
19,306,0,0.23543745279312134,
19,307,0,0.8342709541320801,
19,308,0,0.8433414697647095,
19,309,0,0.1997968554496765,
19,310,0,0.8177139759063721,
19,311,0,0.39123523235321045,
19,312,0,0.8258147239685059,
19,313,0,0.8183555006980896,
19,314,0,0.41399431228637695,
19,315,0,0.8014293909072876,
19,316,0,0.836699366569519,
19,317,0,0.6959927082061768,
19,318,0,0.377585232257843,
19,319,0,0.3209386467933655,
19,320,0,0.7466726303100586,
19,321,0,0.839146614074707,
19,322,0,0.8361324071884155,
19,323,0,0.30169475078582764,
19,324,0,0.850472629070282,
19,325,0,0.7917010188102722,
19,326,0,0.8101069927215576,
19,327,0,0.7348791360855103,
19,328,0,0.7276133298873901,
19,329,0,0.77201247215271,
19,330,0,0.3724743723869324,
19,331,0,0.3368895649909973,
19,332,0,0.8345568776130676,
19,333,0,0.25022536516189575,
19,334,0,0.8067456483840942,
19,335,0,0.37119847536087036,
19,336,0,0.8292980194091797,
19,337,0,0.45282596349716187,
19,338,0,0.6355558633804321,
19,339,0,0.7902507781982422,
19,340,0,0.8428395986557007,
19,341,0,0.05919694900512695,
19,342,0,0.7473565936088562,
19,343,0,0.6181185245513916,
19,344,0,0.8267152309417725,
19,345,0,0.8277760148048401,
19,346,0,0.23717886209487915,
19,347,0,0.17062526941299438,
19,348,0,0.7542186379432678,
19,349,0,0.8265435695648193,
19,350,0,0.8035176992416382,
19,351,0,0.7719687223434448,
19,352,0,0.8246227502822876,
19,353,0,0.8206351399421692,
19,354,0,0.6360584497451782,
19,355,0,0.16239583492279053,
19,356,0,0.8350748419761658,
19,357,0,0.7659200429916382,
19,358,0,0.20778197050094604,
19,359,0,0.7824661731719971,
19,360,0,0.848623514175415,
19,361,0,0.8463496565818787,
19,362,0,0.25442779064178467,
19,363,0,0.31182724237442017,
19,364,0,0.7528879046440125,
19,365,0,0.8520916700363159,
19,366,0,0.8279818296432495,
19,367,0,0.8365283608436584,
19,368,0,0.8318166136741638,
19,369,0,0.8109050989151001,
19,370,0,0.6238220930099487,
19,371,0,0.7159063816070557,
19,372,0,0.8240379095077515,
19,373,0,0.8581567406654358,
19,374,0,0.4368820786476135,
19,375,0,0.7540150284767151,
19,376,0,0.7619611620903015,
19,377,0,0.34116417169570923,
19,378,0,0.4091552495956421,
19,379,0,0.8383854627609253,
19,380,0,0.3378966450691223,
19,381,0,0.32238322496414185,
19,382,0,0.32600170373916626,
19,383,0,0.842270016670227,
19,384,0,0.33610349893569946,
19,385,0,0.3360500931739807,
19,386,0,0.24113136529922485,
19,387,0,0.43961864709854126,
19,388,0,0.05769842863082886,
19,389,0,0.7799348831176758,
19,390,0,0.7629233002662659,
19,391,0,0.6936423778533936,
19,392,0,0.67862868309021,
19,393,0,0.3113253712654114,
19,394,0,0.4848203659057617,
19,395,0,0.8180145621299744,
19,396,0,0.16103112697601318,
19,397,0,0.18607252836227417,
19,398,0,0.8005332350730896,
19,399,0,0.30241185426712036,
19,400,0,0.7062047719955444,
19,401,0,0.756104052066803,
19,402,0,0.8307319283485413,
19,403,0,0.8013067245483398,
19,404,0,0.3231322169303894,
19,405,0,0.06596046686172485,
19,406,0,0.7623375654220581,
19,407,0,0.8409892320632935,
19,408,0,0.8012821078300476,
19,409,0,0.7056781053543091,
19,410,0,0.8351683020591736,
19,411,0,0.30791741609573364,
19,412,0,0.82033371925354,
19,413,0,0.06867676973342896,
19,414,0,0.7796324491500854,
19,415,0,0.6412898898124695,
19,416,0,0.8372205495834351,
19,417,0,0.0554468035697937,
19,418,0,0.4964590072631836,
19,419,0,0.47456032037734985,
19,420,0,0.2584580183029175,
19,421,0,0.2589540481567383,
19,422,0,0.8390859365463257,
19,423,0,0.8409038782119751,
19,424,0,0.8362492918968201,
19,425,0,0.8132229447364807,
19,426,0,0.8128828406333923,
19,427,0,0.810297966003418,
19,428,0,0.4573153853416443,
19,429,0,0.814434289932251,
19,430,0,0.26404958963394165,
19,431,0,0.7883362770080566,
19,432,0,0.7534449100494385,
19,433,0,0.825391411781311,
19,434,0,0.8310967087745667,
19,435,0,0.8168889284133911,
19,436,0,0.6090224981307983,
19,437,0,0.05163097381591797,
19,438,0,0.7045917510986328,
19,439,0,0.22244268655776978,
19,440,0,0.850261390209198,
19,441,0,0.7818081378936768,
19,442,0,0.8275969624519348,
19,443,0,0.8159606456756592,
19,444,0,0.7552226781845093,
19,445,0,0.8276534080505371,
19,446,0,0.742538571357727,
19,447,0,0.31385594606399536,
19,448,0,0.05211305618286133,
19,449,0,0.8000735640525818,
19,450,0,0.785146176815033,
19,451,0,0.26243048906326294,
19,452,0,0.8193228840827942,
19,453,0,0.2939509153366089,
19,454,0,0.42203086614608765,
19,455,0,0.5780483484268188,
19,456,0,0.7240395545959473,
19,457,0,0.665241539478302,
19,458,0,0.5169521570205688,
19,459,0,0.835189938545227,
19,460,0,0.8204725980758667,
19,461,0,0.4678497910499573,
19,462,0,0.8072310090065002,
19,463,0,0.1532735824584961,
19,464,0,0.6106419563293457,
19,465,0,0.7454302310943604,
19,466,0,0.045124590396881104,
19,467,0,0.8184384107589722,
19,468,0,0.6379698514938354,
19,469,0,0.7879119515419006,
19,470,0,0.34832167625427246,
19,471,0,0.05510568618774414,
19,472,0,0.8451395630836487,
19,473,0,0.8379346132278442,
19,474,0,0.05667358636856079,
19,475,0,0.8289765119552612,
19,476,0,0.4621272087097168,
19,477,0,0.8402172923088074,
19,478,0,0.5215334296226501,
19,479,0,0.48493462800979614,
19,480,0,0.673762321472168,
19,481,0,0.17458611726760864,
19,482,0,0.8259899020195007,
19,483,0,0.8340840339660645,
19,484,0,0.8359138369560242,
19,485,0,0.4660337567329407,
19,486,0,0.7184955477714539,
19,487,0,0.3377549648284912,
19,488,0,0.7320849895477295,
19,489,0,0.8342229723930359,
19,490,0,0.7721794843673706,
19,491,0,0.8253592252731323,
19,492,0,0.6500568985939026,
19,493,0,0.7484015226364136,
19,494,0,0.05931508541107178,
19,495,0,0.3604876399040222,
19,496,0,0.28580957651138306,
19,497,0,0.777126669883728,
19,498,0,0.45291566848754883,
19,499,0,0.8445558547973633,
19,500,0,0.8034524321556091,
19,501,0,0.7702428698539734,
19,502,0,0.8357898592948914,
19,503,0,0.20824146270751953,
19,504,0,0.7514934539794922,
19,505,0,0.47355353832244873,
19,506,0,0.7670935392379761,
19,507,0,0.2771272659301758,
19,508,0,0.8422026634216309,
19,509,0,0.8415731191635132,
19,510,0,0.8328229784965515,
19,511,0,0.7666462659835815,
19,512,0,0.2505412697792053,
19,513,0,0.7273770570755005,
19,514,0,0.8210878372192383,
19,515,0,0.8164659738540649,
19,516,0,0.7422094941139221,
19,517,0,0.41286975145339966,
19,518,0,0.23747128248214722,
19,519,0,0.2952312231063843,
19,520,0,0.8313471078872681,
19,521,0,0.8502406477928162,
19,522,0,0.35647904872894287,
19,523,0,0.8592612743377686,
19,524,0,0.7359663248062134,
19,525,0,0.05272328853607178,
19,526,0,0.3217724561691284,
19,527,0,0.843088686466217,
19,528,0,0.05919599533081055,
19,529,0,0.8236515522003174,
19,530,0,0.8051538467407227,
19,531,0,0.843202531337738,
19,532,0,0.8041279911994934,
19,533,0,0.8295562863349915,
19,534,0,0.3806830644607544,
19,535,0,0.8468959927558899,
19,536,0,0.799059271812439,
19,537,0,0.2794361114501953,
19,538,0,0.8264865279197693,
19,539,0,0.8060221672058105,
19,540,0,0.790542483329773,
19,541,0,0.43089956045150757,
19,542,0,0.33693867921829224,
19,543,0,0.8470470905303955,
19,544,0,0.061679184436798096,
19,545,0,0.40205544233322144,
19,546,0,0.4540262818336487,
19,547,0,0.06131476163864136,
19,548,0,0.7775225639343262,
19,549,0,0.31464797258377075,
19,550,0,0.8372979164123535,
19,551,0,0.8429420590400696,
19,552,0,0.7289363741874695,
19,553,0,0.4455394148826599,
19,554,0,0.6616753339767456,
19,555,0,0.269292414188385,
19,556,0,0.7709205746650696,
19,557,0,0.8263379335403442,
19,558,0,0.39652544260025024,
19,559,0,0.6514671444892883,
19,560,0,0.7868205308914185,
19,561,0,0.835587203502655,
19,562,0,0.17268234491348267,
19,563,0,0.8368897438049316,
19,564,0,0.48263728618621826,
19,565,0,0.3442966938018799,
19,566,0,0.3733252286911011,
19,567,0,0.8200516700744629,
19,568,0,0.2177467942237854,
19,569,0,0.8219249248504639,
19,570,0,0.6333584785461426,
19,571,0,0.609716534614563,
19,572,0,0.3280906677246094,
19,573,0,0.8484955430030823,
19,574,0,0.3262014389038086,
19,575,0,0.2917490601539612,
19,576,0,0.8105465769767761,
19,577,0,0.2986711263656616,
19,578,0,0.3151460886001587,
19,579,0,0.7923281788825989,
19,580,0,0.28902292251586914,
19,581,0,0.4097382426261902,
19,582,0,0.8394997715950012,
19,583,0,0.7644212245941162,
19,584,0,0.4454337954521179,
19,585,0,0.815636396408081,
19,586,0,0.8316352963447571,
19,587,0,0.5901553630828857,
19,588,0,0.23403769731521606,
19,589,0,0.7222805023193359,
19,590,0,0.8253795504570007,
19,591,0,0.26562201976776123,
19,592,0,0.8178980350494385,
19,593,0,0.832476794719696,
19,594,0,0.822482705116272,
19,595,0,0.7431803345680237,
19,596,0,0.4347200393676758,
19,597,0,0.1690637469291687,
19,598,0,0.3257448673248291,
19,599,0,0.34499531984329224,
19,600,0,0.7609714269638062,
19,601,0,0.4362916946411133,
19,602,0,0.19121044874191284,
19,603,0,0.3127688765525818,
19,604,0,0.7452515363693237,
19,605,0,0.7973854541778564,
19,606,0,0.30673879384994507,
19,607,0,0.7585998773574829,
19,608,0,0.7099481821060181,
19,609,0,0.8323774337768555,
19,610,0,0.8425936698913574,
19,611,0,0.8578628897666931,
19,612,0,0.6710549592971802,
19,613,0,0.7633313536643982,
19,614,0,0.8356686234474182,
19,615,0,0.3933325409889221,
19,616,0,0.8515002131462097,
19,617,0,0.30377423763275146,
19,618,0,0.1712331771850586,
19,619,0,0.4246886372566223,
19,620,0,0.8421494960784912,
19,621,0,0.42611241340637207,
19,622,0,0.7857723236083984,
19,623,0,0.43189913034439087,
19,624,0,0.33378493785858154,
19,625,0,0.8523101806640625,
19,626,0,0.824929416179657,
19,627,0,0.8189027905464172,
19,628,0,0.8520442247390747,
19,629,0,0.4803615212440491,
19,630,0,0.06401413679122925,
19,631,0,0.18114840984344482,
19,632,0,0.8173158168792725,
19,633,0,0.7297521233558655,
19,634,0,0.8360850811004639,
19,635,0,0.48210984468460083,
19,636,0,0.8132055401802063,
19,637,0,0.7104958295822144,
19,638,0,0.832646906375885,
19,639,0,0.7569310069084167,
19,640,0,0.15481460094451904,
19,641,0,0.7588540315628052,
19,642,0,0.7804056406021118,
19,643,0,0.426821768283844,
19,644,0,0.41566258668899536,
19,645,0,0.8113783597946167,
19,646,0,0.8301216959953308,
19,647,0,0.7756114602088928,
19,648,0,0.8169308304786682,
19,649,0,0.04846590757369995,
19,650,0,0.7630950212478638,
19,651,0,0.4418984055519104,
19,652,0,0.7167234420776367,
19,653,0,0.5841628909111023,
19,654,0,0.7610608339309692,
19,655,0,0.24855118989944458,
19,656,0,0.253038227558136,
19,657,0,0.3910831809043884,
19,658,0,0.7439521551132202,
19,659,0,0.05146217346191406,
19,660,0,0.8468004465103149,
19,661,0,0.7612290978431702,
19,662,0,0.829987645149231,
19,663,0,0.7331907749176025,
19,664,0,0.8420839309692383,
19,665,0,0.43109047412872314,
19,666,0,0.05516177415847778,
19,667,0,0.8186485767364502,
19,668,0,0.2986220121383667,
19,669,0,0.4648895859718323,
19,670,0,0.3868999481201172,
19,671,0,0.7621817588806152,
19,672,0,0.1785985827445984,
19,673,0,0.2828521728515625,
19,674,0,0.4131477475166321,
19,675,0,0.7615927457809448,
19,676,0,0.16533201932907104,
19,677,0,0.6118237376213074,
19,678,0,0.8489698171615601,
19,679,0,0.8111366629600525,
19,680,0,0.06157797574996948,
19,681,0,0.8334077000617981,
19,682,0,0.3356126546859741,
19,683,0,0.3486248850822449,
19,684,0,0.8392015099525452,
19,685,0,0.8139454126358032,
19,686,0,0.8210090398788452,
19,687,0,0.6253738403320312,
19,688,0,0.29390865564346313,
19,689,0,0.7594941854476929,
19,690,0,0.8410789966583252,
19,691,0,0.16529959440231323,
19,692,0,0.36935746669769287,
19,693,0,0.7089700698852539,
19,694,0,0.7653524875640869,
19,695,0,0.7677807211875916,
19,696,0,0.1945449709892273,
19,697,0,0.7538415193557739,
19,698,0,0.841812252998352,
19,699,0,0.4544345736503601,
19,700,0,0.26759153604507446,
19,701,0,0.8424144983291626,
19,702,0,0.7878560423851013,
19,703,0,0.8349208831787109,
19,704,0,0.160569965839386,
19,705,0,0.05612790584564209,
19,706,0,0.8449974656105042,
19,707,0,0.8141096830368042,
19,708,0,0.8367769122123718,
19,709,0,0.7535583972930908,
19,710,0,0.41448771953582764,
19,711,0,0.3548772931098938,
19,712,0,0.30492454767227173,
19,713,0,0.4267957806587219,
19,714,0,0.8451974987983704,
19,715,0,0.4547138810157776,
19,716,0,0.767903208732605,
19,717,0,0.6663690805435181,
19,718,0,0.824688732624054,
19,719,0,0.8281066417694092,
19,720,0,0.7946880459785461,
19,721,0,0.7839809656143188,
19,722,0,0.7930797338485718,
19,723,0,0.17229896783828735,
19,724,0,0.7230648994445801,
19,725,0,0.20467954874038696,
19,726,0,0.8263171911239624,
19,727,0,0.811683177947998,
19,728,0,0.19892168045043945,
19,729,0,0.4520069360733032,
19,730,0,0.3747856020927429,
19,731,0,0.8298666477203369,
19,732,0,0.8376542925834656,
19,733,0,0.4123302102088928,
19,734,0,0.8241246342658997,
19,735,0,0.3340262770652771,
19,736,0,0.7583922147750854,
19,737,0,0.8193235993385315,
19,738,0,0.8260467052459717,
19,739,0,0.6249234080314636,
19,740,0,0.3118882179260254,
19,741,0,0.7003488540649414,
19,742,0,0.8290204405784607,
19,743,0,0.8468248248100281,
19,744,0,0.8153900504112244,
19,745,0,0.28766512870788574,
19,746,0,0.7420952916145325,
19,747,0,0.8461679220199585,
19,748,0,0.7234430909156799,
19,749,0,0.8302163481712341,
19,750,0,0.807138204574585,
19,751,0,0.8290501832962036,
19,752,0,0.7676482796669006,
19,753,0,0.47615742683410645,
19,754,0,0.7390122413635254,
19,755,0,0.8440625667572021,
19,756,0,0.8282098770141602,
19,757,0,0.8402557373046875,
19,758,0,0.7121771574020386,
19,759,0,0.0544549822807312,
19,760,0,0.44934022426605225,
19,761,0,0.7447737455368042,
19,762,0,0.7776246666908264,
19,763,0,0.34389668703079224,
19,764,0,0.321550190448761,
19,765,0,0.8045074939727783,
19,766,0,0.17590218782424927,
19,767,0,0.7513836026191711,
19,768,0,0.8289015293121338,
19,769,0,0.2038586139678955,
19,770,0,0.7874294519424438,
19,771,0,0.7215485572814941,
19,772,0,0.8046587705612183,
19,773,0,0.20865660905838013,
19,774,0,0.8524560332298279,
19,775,0,0.7931585311889648,
19,776,0,0.2672780156135559,
19,777,0,0.8395302295684814,
19,778,0,0.4391975998878479,
19,779,0,0.838079571723938,
19,780,0,0.7645605206489563,
19,781,0,0.8341008424758911,
19,782,0,0.41466355323791504,
19,783,0,0.8103868365287781,
19,784,0,0.40601587295532227,
19,785,0,0.04691588878631592,
19,786,0,0.4838239550590515,
19,787,0,0.2609063982963562,
19,788,0,0.8318608999252319,
19,789,0,0.3095247149467468,
19,790,0,0.7817639708518982,
19,791,0,0.4771992564201355,
19,792,0,0.3536495566368103,
19,793,0,0.8043121695518494,
19,794,0,0.8339414000511169,
19,795,0,0.28980541229248047,
19,796,0,0.8320595622062683,
19,797,0,0.06179159879684448,
19,798,0,0.46627312898635864,
19,799,0,0.829383909702301,
19,val,,,0.5860085886716843
20,0,0,0.40638643503189087,
20,1,0,0.817425549030304,
20,2,0,0.6589046716690063,
20,3,0,0.8787201046943665,
20,4,0,0.41188234090805054,
20,5,0,0.7684565186500549,
20,6,0,0.17209243774414062,
20,7,0,0.4776633381843567,
20,8,0,0.25190263986587524,
20,9,0,0.8190240263938904,
20,10,0,0.06628113985061646,
20,11,0,0.8401879072189331,
20,12,0,0.8330172300338745,
20,13,0,0.8269473910331726,
20,14,0,0.750946044921875,
20,15,0,0.8213481307029724,
20,16,0,0.5199017524719238,
20,17,0,0.39783430099487305,
20,18,0,0.8083160519599915,
20,19,0,0.8244102597236633,
20,20,0,0.7437137365341187,
20,21,0,0.48543184995651245,
20,22,0,0.2802737355232239,
20,23,0,0.6883958578109741,
20,24,0,0.8262230157852173,
20,25,0,0.7283200025558472,
20,26,0,0.8371825814247131,
20,27,0,0.38796114921569824,
20,28,0,0.28602850437164307,
20,29,0,0.46412503719329834,
20,30,0,0.831579327583313,
20,31,0,0.8011696338653564,
20,32,0,0.454903781414032,
20,33,0,0.749406099319458,
20,34,0,0.8140422105789185,
20,35,0,0.2753608822822571,
20,36,0,0.42832261323928833,
20,37,0,0.8261618614196777,
20,38,0,0.19726067781448364,
20,39,0,0.8449190258979797,
20,40,0,0.16382521390914917,
20,41,0,0.6248635053634644,
20,42,0,0.46606117486953735,
20,43,0,0.042110443115234375,
20,44,0,0.7469013929367065,
20,45,0,0.46996843814849854,
20,46,0,0.05120307207107544,
20,47,0,0.052030742168426514,
20,48,0,0.8377658128738403,
20,49,0,0.316486120223999,
20,50,0,0.8424662351608276,
20,51,0,0.3855958580970764,
20,52,0,0.43220144510269165,
20,53,0,0.052550315856933594,
20,54,0,0.851945698261261,
20,55,0,0.44951242208480835,
20,56,0,0.7941789627075195,
20,57,0,0.49911028146743774,
20,58,0,0.8653783202171326,
20,59,0,0.3618502616882324,
20,60,0,0.4237731695175171,
20,61,0,0.6051121950149536,
20,62,0,0.8250648379325867,
20,63,0,0.26995664834976196,
20,64,0,0.26219087839126587,
20,65,0,0.7676246166229248,
20,66,0,0.7364226579666138,
20,67,0,0.44915950298309326,
20,68,0,0.836293637752533,
20,69,0,0.46370750665664673,
20,70,0,0.5094170570373535,
20,71,0,0.6212140321731567,
20,72,0,0.6698412895202637,
20,73,0,0.8087124824523926,
20,74,0,0.8207547664642334,
20,75,0,0.6575475335121155,
20,76,0,0.8129115104675293,
20,77,0,0.7371417880058289,
20,78,0,0.16485482454299927,
20,79,0,0.8410736322402954,
20,80,0,0.4800863265991211,
20,81,0,0.8151195049285889,
20,82,0,0.05090385675430298,
20,83,0,0.8236058354377747,
20,84,0,0.8358597755432129,
20,85,0,0.5118511915206909,
20,86,0,0.8332224488258362,
20,87,0,0.5732747912406921,
20,88,0,0.8188045620918274,
20,89,0,0.48581939935684204,
20,90,0,0.741973876953125,
20,91,0,0.8330387473106384,
20,92,0,0.8484796285629272,
20,93,0,0.8198110461235046,
20,94,0,0.4897674322128296,
20,95,0,0.8385663032531738,
20,96,0,0.2809212803840637,
20,97,0,0.8419154286384583,
20,98,0,0.6112579107284546,
20,99,0,0.8470072746276855,
20,100,0,0.7530357837677002,
20,101,0,0.6658077239990234,
20,102,0,0.8193304538726807,
20,103,0,0.7845509648323059,
20,104,0,0.8373336791992188,
20,105,0,0.3398418426513672,
20,106,0,0.8482404351234436,
20,107,0,0.820422887802124,
20,108,0,0.6383601427078247,
20,109,0,0.8217096328735352,
20,110,0,0.8462709188461304,
20,111,0,0.8153281807899475,
20,112,0,0.8389421105384827,
20,113,0,0.4328179955482483,
20,114,0,0.25958889722824097,
20,115,0,0.8318747282028198,
20,116,0,0.8216319680213928,
20,117,0,0.3715043067932129,
20,118,0,0.821198582649231,
20,119,0,0.3364245295524597,
20,120,0,0.8254356384277344,
20,121,0,0.8430963754653931,
20,122,0,0.727889895439148,
20,123,0,0.0681503415107727,
20,124,0,0.41752928495407104,
20,125,0,0.7569910287857056,
20,126,0,0.8618648648262024,
20,127,0,0.8241879940032959,
20,128,0,0.8242148756980896,
20,129,0,0.8405877947807312,
20,130,0,0.7207112312316895,
20,131,0,0.8458963632583618,
20,132,0,0.8009342551231384,
20,133,0,0.24485766887664795,
20,134,0,0.42899614572525024,
20,135,0,0.4873252511024475,
20,136,0,0.05786120891571045,
20,137,0,0.13466483354568481,
20,138,0,0.259085476398468,
20,139,0,0.48230063915252686,
20,140,0,0.83372962474823,
20,141,0,0.7732292413711548,
20,142,0,0.8456423282623291,
20,143,0,0.7790254354476929,
20,144,0,0.8144065141677856,
20,145,0,0.22011631727218628,
20,146,0,0.6935561895370483,
20,147,0,0.23983699083328247,
20,148,0,0.7798869609832764,
20,149,0,0.7893730401992798,
20,150,0,0.8037072420120239,
20,151,0,0.8337913751602173,
20,152,0,0.7342510223388672,
20,153,0,0.8220983147621155,
20,154,0,0.8282300233840942,
20,155,0,0.7141969203948975,
20,156,0,0.05045133829116821,
20,157,0,0.6240558624267578,
20,158,0,0.7730203866958618,
20,159,0,0.8068063259124756,
20,160,0,0.3574345111846924,
20,161,0,0.06217479705810547,
20,162,0,0.8393789529800415,
20,163,0,0.28289347887039185,
20,164,0,0.38664090633392334,
20,165,0,0.7248870134353638,
20,166,0,0.25270700454711914,
20,167,0,0.8379895091056824,
20,168,0,0.8463964462280273,
20,169,0,0.1482599377632141,
20,170,0,0.7946924567222595,
20,171,0,0.7420600652694702,
20,172,0,0.7347105145454407,
20,173,0,0.6373668909072876,
20,174,0,0.7547814846038818,
20,175,0,0.4178868532180786,
20,176,0,0.7660412788391113,
20,177,0,0.3124280571937561,
20,178,0,0.8376690745353699,
20,179,0,0.3427963852882385,
20,180,0,0.7965848445892334,
20,181,0,0.7966201305389404,
20,182,0,0.33089303970336914,
20,183,0,0.1759769320487976,
20,184,0,0.780258297920227,
20,185,0,0.7447190284729004,
20,186,0,0.2929459810256958,
20,187,0,0.7413629293441772,
20,188,0,0.7535034418106079,
20,189,0,0.26988160610198975,
20,190,0,0.06723421812057495,
20,191,0,0.4571179151535034,
20,192,0,0.7670116424560547,
20,193,0,0.7402603626251221,
20,194,0,0.7379840612411499,
20,195,0,0.860987663269043,
20,196,0,0.7478145956993103,
20,197,0,0.1950281858444214,
20,198,0,0.8010571599006653,
20,199,0,0.2538805603981018,
20,200,0,0.7503964900970459,
20,201,0,0.05128192901611328,
20,202,0,0.2865660786628723,
20,203,0,0.8352048397064209,
20,204,0,0.3331204652786255,
20,205,0,0.26872575283050537,
20,206,0,0.34748202562332153,
20,207,0,0.15267068147659302,
20,208,0,0.48128318786621094,
20,209,0,0.7810791730880737,
20,210,0,0.3050817847251892,
20,211,0,0.8246456980705261,
20,212,0,0.49092531204223633,
20,213,0,0.8086007237434387,
20,214,0,0.8370420336723328,
20,215,0,0.8340947031974792,
20,216,0,0.4573752284049988,
20,217,0,0.8298385143280029,
20,218,0,0.8407473564147949,
20,219,0,0.7300863862037659,
20,220,0,0.25633180141448975,
20,221,0,0.7439295649528503,
20,222,0,0.32142066955566406,
20,223,0,0.4852603077888489,
20,224,0,0.8355320692062378,
20,225,0,0.29654574394226074,
20,226,0,0.8168920874595642,
20,227,0,0.1742989420890808,
20,228,0,0.7218155264854431,
20,229,0,0.42318350076675415,
20,230,0,0.459322988986969,
20,231,0,0.8318517804145813,
20,232,0,0.8530666828155518,
20,233,0,0.8462850451469421,
20,234,0,0.8287503719329834,
20,235,0,0.046586692333221436,
20,236,0,0.444116473197937,
20,237,0,0.8341307044029236,
20,238,0,0.4686090350151062,
20,239,0,0.41367727518081665,
20,240,0,0.8178367018699646,
20,241,0,0.8287808895111084,
20,242,0,0.8245769739151001,
20,243,0,0.440280020236969,
20,244,0,0.3119726777076721,
20,245,0,0.05120664834976196,
20,246,0,0.434472918510437,
20,247,0,0.8406550884246826,
20,248,0,0.4548059105873108,
20,249,0,0.8221654891967773,
20,250,0,0.12519550323486328,
20,251,0,0.8485797047615051,
20,252,0,0.7758666276931763,
20,253,0,0.7667104005813599,
20,254,0,0.04184514284133911,
20,255,0,0.7525081634521484,
20,256,0,0.5628907680511475,
20,257,0,0.848793625831604,
20,258,0,0.8311217427253723,
20,259,0,0.8428380489349365,
20,260,0,0.5178004503250122,
20,261,0,0.7460516095161438,
20,262,0,0.8457211852073669,
20,263,0,0.7273433208465576,
20,264,0,0.2911002039909363,
20,265,0,0.8468412160873413,
20,266,0,0.8369488716125488,
20,267,0,0.8419091105461121,
20,268,0,0.32610368728637695,
20,269,0,0.4610172510147095,
20,270,0,0.5938243269920349,
20,271,0,0.8059505820274353,
20,272,0,0.38543111085891724,
20,273,0,0.8436715602874756,
20,274,0,0.8090509176254272,
20,275,0,0.16141605377197266,
20,276,0,0.8140240907669067,
20,277,0,0.06425267457962036,
20,278,0,0.5559841990470886,
20,279,0,0.7401683330535889,
20,280,0,0.7769094109535217,
20,281,0,0.7928224802017212,
20,282,0,0.7456702589988708,
20,283,0,0.757645845413208,
20,284,0,0.8344862461090088,
20,285,0,0.8357721567153931,
20,286,0,0.6530548334121704,
20,287,0,0.7286317348480225,
20,288,0,0.8249970078468323,
20,289,0,0.525277853012085,
20,290,0,0.8306031823158264,
20,291,0,0.04824715852737427,
20,292,0,0.389173686504364,
20,293,0,0.8447132110595703,
20,294,0,0.8372390270233154,
20,295,0,0.8463669419288635,
20,296,0,0.48412758111953735,
20,297,0,0.051210761070251465,
20,298,0,0.8459169864654541,
20,299,0,0.8091077208518982,
20,300,0,0.43152159452438354,
20,301,0,0.4147236943244934,
20,302,0,0.8422082662582397,
20,303,0,0.5985673666000366,
20,304,0,0.8409339189529419,
20,305,0,0.4716866612434387,
20,306,0,0.23521500825881958,
20,307,0,0.8334103226661682,
20,308,0,0.8416082262992859,
20,309,0,0.19892245531082153,
20,310,0,0.8203420042991638,
20,311,0,0.39088350534439087,
20,312,0,0.8233775496482849,
20,313,0,0.8184807300567627,
20,314,0,0.4190027713775635,
20,315,0,0.8078070282936096,
20,316,0,0.8371504545211792,
20,317,0,0.669151246547699,
20,318,0,0.37445777654647827,
20,319,0,0.3216741681098938,
20,320,0,0.7441108226776123,
20,321,0,0.835801899433136,
20,322,0,0.835520327091217,
20,323,0,0.30130600929260254,
20,324,0,0.8494346141815186,
20,325,0,0.7934193015098572,
20,326,0,0.8105725049972534,
20,327,0,0.7328810691833496,
20,328,0,0.724563479423523,
20,329,0,0.7686104774475098,
20,330,0,0.3706815838813782,
20,331,0,0.3281642198562622,
20,332,0,0.8321399688720703,
20,333,0,0.24729245901107788,
20,334,0,0.8216449618339539,
20,335,0,0.3746693730354309,
20,336,0,0.8318361043930054,
20,337,0,0.45509177446365356,
20,338,0,0.6288282871246338,
20,339,0,0.7917036414146423,
20,340,0,0.8416308164596558,
20,341,0,0.060333251953125,
20,342,0,0.7431654334068298,
20,343,0,0.6181153059005737,
20,344,0,0.8255058526992798,
20,345,0,0.8274799585342407,
20,346,0,0.24077540636062622,
20,347,0,0.17196494340896606,
20,348,0,0.7550727128982544,
20,349,0,0.8492431640625,
20,350,0,0.7948060631752014,
20,351,0,0.7728976011276245,
20,352,0,0.8244332671165466,
20,353,0,0.8243867754936218,
20,354,0,0.6490210294723511,
20,355,0,0.16329193115234375,
20,356,0,0.831997811794281,
20,357,0,0.7491796016693115,
20,358,0,0.20616120100021362,
20,359,0,0.7812236547470093,
20,360,0,0.8420252799987793,
20,361,0,0.8463400602340698,
20,362,0,0.2542884945869446,
20,363,0,0.31132107973098755,
20,364,0,0.7524043917655945,
20,365,0,0.8605685830116272,
20,366,0,0.8469634652137756,
20,367,0,0.8371655941009521,
20,368,0,0.835081934928894,
20,369,0,0.8147387504577637,
20,370,0,0.6239957809448242,
20,371,0,0.7214891910552979,
20,372,0,0.8236407041549683,
20,373,0,0.8379924893379211,
20,374,0,0.4404047131538391,
20,375,0,0.7623477578163147,
20,376,0,0.763367772102356,
20,377,0,0.3399561643600464,
20,378,0,0.4087538719177246,
20,379,0,0.8420698642730713,
20,380,0,0.34213370084762573,
20,381,0,0.32299309968948364,
20,382,0,0.32677799463272095,
20,383,0,0.8407171368598938,
20,384,0,0.3404873013496399,
20,385,0,0.3377153277397156,
20,386,0,0.24143189191818237,
20,387,0,0.44052696228027344,
20,388,0,0.05771350860595703,
20,389,0,0.7815059423446655,
20,390,0,0.7590756416320801,
20,391,0,0.6969777941703796,
20,392,0,0.6789617538452148,
20,393,0,0.31206876039505005,
20,394,0,0.4845495820045471,
20,395,0,0.8117446303367615,
20,396,0,0.1593475341796875,
20,397,0,0.18676334619522095,
20,398,0,0.8005451560020447,
20,399,0,0.30283838510513306,
20,400,0,0.7190899848937988,
20,401,0,0.7703109383583069,
20,402,0,0.8312153220176697,
20,403,0,0.8002553582191467,
20,404,0,0.3253660798072815,
20,405,0,0.0641789436340332,
20,406,0,0.7662457227706909,
20,407,0,0.8410782217979431,
20,408,0,0.806746244430542,
20,409,0,0.7081473469734192,
20,410,0,0.8361999988555908,
20,411,0,0.30778801441192627,
20,412,0,0.8027835488319397,
20,413,0,0.06831121444702148,
20,414,0,0.7801513075828552,
20,415,0,0.6438215970993042,
20,416,0,0.8343221545219421,
20,417,0,0.05866605043411255,
20,418,0,0.4969106912612915,
20,419,0,0.4752376675605774,
20,420,0,0.25986403226852417,
20,421,0,0.2590520977973938,
20,422,0,0.8258653879165649,
20,423,0,0.8404244184494019,
20,424,0,0.8335248231887817,
20,425,0,0.8172371983528137,
20,426,0,0.8138622641563416,
20,427,0,0.8091158270835876,
20,428,0,0.4577414393424988,
20,429,0,0.8142110109329224,
20,430,0,0.2642236351966858,
20,431,0,0.8089766502380371,
20,432,0,0.7563170194625854,
20,433,0,0.8254787921905518,
20,434,0,0.8282270431518555,
20,435,0,0.8149079084396362,
20,436,0,0.60956871509552,
20,437,0,0.053780436515808105,
20,438,0,0.7131867408752441,
20,439,0,0.2232731580734253,
20,440,0,0.8485068082809448,
20,441,0,0.7884527444839478,
20,442,0,0.8251693248748779,
20,443,0,0.8157901763916016,
20,444,0,0.7543368339538574,
20,445,0,0.8263490200042725,
20,446,0,0.7527574896812439,
20,447,0,0.3127363324165344,
20,448,0,0.05177265405654907,
20,449,0,0.7994059324264526,
20,450,0,0.7799140214920044,
20,451,0,0.2611237168312073,
20,452,0,0.8213592171669006,
20,453,0,0.293448805809021,
20,454,0,0.4227675199508667,
20,455,0,0.5739561319351196,
20,456,0,0.7262018918991089,
20,457,0,0.6637781262397766,
20,458,0,0.5179144144058228,
20,459,0,0.8411426544189453,
20,460,0,0.8204313516616821,
20,461,0,0.46746712923049927,
20,462,0,0.8065409064292908,
20,463,0,0.1534457802772522,
20,464,0,0.6083937883377075,
20,465,0,0.7437158823013306,
20,466,0,0.046595096588134766,
20,467,0,0.8153796792030334,
20,468,0,0.6363015174865723,
20,469,0,0.7887734174728394,
20,470,0,0.3408780097961426,
20,471,0,0.05437314510345459,
20,472,0,0.8437585830688477,
20,473,0,0.8381208777427673,
20,474,0,0.05718296766281128,
20,475,0,0.8292462825775146,
20,476,0,0.46240049600601196,
20,477,0,0.8542888164520264,
20,478,0,0.522274374961853,
20,479,0,0.48574358224868774,
20,480,0,0.6741057634353638,
20,481,0,0.17462271451950073,
20,482,0,0.8135030269622803,
20,483,0,0.8343971967697144,
20,484,0,0.8373516798019409,
20,485,0,0.4388987421989441,
20,486,0,0.7189929485321045,
20,487,0,0.3386848568916321,
20,488,0,0.7242872714996338,
20,489,0,0.8348240256309509,
20,490,0,0.76427161693573,
20,491,0,0.8271300196647644,
20,492,0,0.6497266292572021,
20,493,0,0.745932936668396,
20,494,0,0.06173759698867798,
20,495,0,0.360609233379364,
20,496,0,0.2862721085548401,
20,497,0,0.7759865522384644,
20,498,0,0.4510257840156555,
20,499,0,0.847042441368103,
20,500,0,0.8025560975074768,
20,501,0,0.7704371809959412,
20,502,0,0.8346428871154785,
20,503,0,0.20873165130615234,
20,504,0,0.7511858940124512,
20,505,0,0.47265249490737915,
20,506,0,0.7685507535934448,
20,507,0,0.27682650089263916,
20,508,0,0.8473690748214722,
20,509,0,0.8415459394454956,
20,510,0,0.8322452306747437,
20,511,0,0.7707807421684265,
20,512,0,0.24986684322357178,
20,513,0,0.7272059917449951,
20,514,0,0.8131046891212463,
20,515,0,0.8115179538726807,
20,516,0,0.7419230937957764,
20,517,0,0.40540051460266113,
20,518,0,0.23659688234329224,
20,519,0,0.295195996761322,
20,520,0,0.8318612575531006,
20,521,0,0.8392415046691895,
20,522,0,0.3593125343322754,
20,523,0,0.859705924987793,
20,524,0,0.7400839328765869,
20,525,0,0.052337825298309326,
20,526,0,0.3209272027015686,
20,527,0,0.8402621746063232,
20,528,0,0.05260360240936279,
20,529,0,0.8259961605072021,
20,530,0,0.8087596297264099,
20,531,0,0.843090295791626,
20,532,0,0.8010401725769043,
20,533,0,0.8301824927330017,
20,534,0,0.3821011185646057,
20,535,0,0.8387434482574463,
20,536,0,0.7940545678138733,
20,537,0,0.280028760433197,
20,538,0,0.8261747360229492,
20,539,0,0.8114535212516785,
20,540,0,0.784798264503479,
20,541,0,0.4303814172744751,
20,542,0,0.33533960580825806,
20,543,0,0.842277467250824,
20,544,0,0.061856627464294434,
20,545,0,0.4021762013435364,
20,546,0,0.45529115200042725,
20,547,0,0.0628705620765686,
20,548,0,0.783547043800354,
20,549,0,0.31579941511154175,
20,550,0,0.8371514081954956,
20,551,0,0.84320467710495,
20,552,0,0.7264608144760132,
20,553,0,0.44530582427978516,
20,554,0,0.6601786613464355,
20,555,0,0.2688788175582886,
20,556,0,0.7711923718452454,
20,557,0,0.8309878706932068,
20,558,0,0.39562225341796875,
20,559,0,0.647911787033081,
20,560,0,0.7864755392074585,
20,561,0,0.8302845358848572,
20,562,0,0.17199963331222534,
20,563,0,0.8288209438323975,
20,564,0,0.4822602868080139,
20,565,0,0.34384751319885254,
20,566,0,0.3728983998298645,
20,567,0,0.8253210186958313,
20,568,0,0.21707093715667725,
20,569,0,0.8227437734603882,
20,570,0,0.636191725730896,
20,571,0,0.6082569360733032,
20,572,0,0.3217342495918274,
20,573,0,0.8449312448501587,
20,574,0,0.3210020661354065,
20,575,0,0.29266059398651123,
20,576,0,0.798687756061554,
20,577,0,0.29977381229400635,
20,578,0,0.3135867714881897,
20,579,0,0.7857609391212463,
20,580,0,0.29175394773483276,
20,581,0,0.4088282585144043,
20,582,0,0.825905442237854,
20,583,0,0.7739794254302979,
20,584,0,0.4450947642326355,
20,585,0,0.8155937194824219,
20,586,0,0.8304160833358765,
20,587,0,0.5914162397384644,
20,588,0,0.23443365097045898,
20,589,0,0.7238389253616333,
20,590,0,0.8259413838386536,
20,591,0,0.26560187339782715,
20,592,0,0.81742262840271,
20,593,0,0.8362957239151001,
20,594,0,0.8191839456558228,
20,595,0,0.748046875,
20,596,0,0.4349115490913391,
20,597,0,0.16959744691848755,
20,598,0,0.324673056602478,
20,599,0,0.3453591465950012,
20,600,0,0.777584969997406,
20,601,0,0.43521571159362793,
20,602,0,0.19074493646621704,
20,603,0,0.31119364500045776,
20,604,0,0.7442411184310913,
20,605,0,0.7900221943855286,
20,606,0,0.3061841130256653,
20,607,0,0.7683038115501404,
20,608,0,0.717045247554779,
20,609,0,0.836231529712677,
20,610,0,0.8444164991378784,
20,611,0,0.8455261588096619,
20,612,0,0.6667487621307373,
20,613,0,0.7665233612060547,
20,614,0,0.8330579400062561,
20,615,0,0.3952295184135437,
20,616,0,0.8470659255981445,
20,617,0,0.30099350214004517,
20,618,0,0.17085367441177368,
20,619,0,0.4259679913520813,
20,620,0,0.844491720199585,
20,621,0,0.4251347780227661,
20,622,0,0.7912596464157104,
20,623,0,0.4318302273750305,
20,624,0,0.3297988176345825,
20,625,0,0.852112889289856,
20,626,0,0.8340256810188293,
20,627,0,0.8225821256637573,
20,628,0,0.8521077632904053,
20,629,0,0.4798436760902405,
20,630,0,0.06530988216400146,
20,631,0,0.18081128597259521,
20,632,0,0.8164385557174683,
20,633,0,0.7430166006088257,
20,634,0,0.8374683856964111,
20,635,0,0.48218590021133423,
20,636,0,0.8174775838851929,
20,637,0,0.7112139463424683,
20,638,0,0.8249481320381165,
20,639,0,0.7583960294723511,
20,640,0,0.15503978729248047,
20,641,0,0.7578141093254089,
20,642,0,0.7857128381729126,
20,643,0,0.42759519815444946,
20,644,0,0.4134594798088074,
20,645,0,0.823597252368927,
20,646,0,0.8265864849090576,
20,647,0,0.7707771062850952,
20,648,0,0.8150949478149414,
20,649,0,0.04987210035324097,
20,650,0,0.7654666900634766,
20,651,0,0.44169479608535767,
20,652,0,0.7114512920379639,
20,653,0,0.5839258432388306,
20,654,0,0.7609059810638428,
20,655,0,0.25090694427490234,
20,656,0,0.2531495690345764,
20,657,0,0.39113152027130127,
20,658,0,0.738493800163269,
20,659,0,0.0511590838432312,
20,660,0,0.8477696180343628,
20,661,0,0.7520158290863037,
20,662,0,0.8227783441543579,
20,663,0,0.7315789461135864,
20,664,0,0.8394451141357422,
20,665,0,0.43080025911331177,
20,666,0,0.055915236473083496,
20,667,0,0.8193027377128601,
20,668,0,0.3010557293891907,
20,669,0,0.46587973833084106,
20,670,0,0.38315361738204956,
20,671,0,0.761465847492218,
20,672,0,0.17736774682998657,
20,673,0,0.282142698764801,
20,674,0,0.4127104878425598,
20,675,0,0.7609737515449524,
20,676,0,0.166398823261261,
20,677,0,0.6070995330810547,
20,678,0,0.8501059412956238,
20,679,0,0.8109531402587891,
20,680,0,0.06129014492034912,
20,681,0,0.8431118130683899,
20,682,0,0.3372423052787781,
20,683,0,0.34674620628356934,
20,684,0,0.8302145004272461,
20,685,0,0.812639057636261,
20,686,0,0.8096639513969421,
20,687,0,0.6252743601799011,
20,688,0,0.29357898235321045,
20,689,0,0.7599367499351501,
20,690,0,0.8413780331611633,
20,691,0,0.16517120599746704,
20,692,0,0.3640642762184143,
20,693,0,0.7135947942733765,
20,694,0,0.7618679404258728,
20,695,0,0.7658645510673523,
20,696,0,0.1930130124092102,
20,697,0,0.7533209919929504,
20,698,0,0.8440123796463013,
20,699,0,0.4553123116493225,
20,700,0,0.26688671112060547,
20,701,0,0.8353959918022156,
20,702,0,0.7867852449417114,
20,703,0,0.8306884169578552,
20,704,0,0.16257578134536743,
20,705,0,0.057238876819610596,
20,706,0,0.8447917103767395,
20,707,0,0.8097518682479858,
20,708,0,0.8495051264762878,
20,709,0,0.7530025243759155,
20,710,0,0.4118395447731018,
20,711,0,0.3550150990486145,
20,712,0,0.3018627166748047,
20,713,0,0.42625391483306885,
20,714,0,0.8414465188980103,
20,715,0,0.4540420174598694,
20,716,0,0.7673629522323608,
20,717,0,0.6553251147270203,
20,718,0,0.831850528717041,
20,719,0,0.8289865255355835,
20,720,0,0.7960242629051208,
20,721,0,0.7808876633644104,
20,722,0,0.7904754877090454,
20,723,0,0.1748361587524414,
20,724,0,0.7225281000137329,
20,725,0,0.20460152626037598,
20,726,0,0.8297604322433472,
20,727,0,0.8145757913589478,
20,728,0,0.19953876733779907,
20,729,0,0.45337730646133423,
20,730,0,0.37458592653274536,
20,731,0,0.8284218311309814,
20,732,0,0.8143787980079651,
20,733,0,0.4020673632621765,
20,734,0,0.8226931095123291,
20,735,0,0.3362625241279602,
20,736,0,0.7477545738220215,
20,737,0,0.821996808052063,
20,738,0,0.8155527710914612,
20,739,0,0.6274733543395996,
20,740,0,0.31074827909469604,
20,741,0,0.6996145248413086,
20,742,0,0.8315663933753967,
20,743,0,0.8481295108795166,
20,744,0,0.80548095703125,
20,745,0,0.29532670974731445,
20,746,0,0.7454501986503601,
20,747,0,0.84820556640625,
20,748,0,0.7256567478179932,
20,749,0,0.8310401439666748,
20,750,0,0.8348119258880615,
20,751,0,0.8260904550552368,
20,752,0,0.7692035436630249,
20,753,0,0.4768108129501343,
20,754,0,0.7373590469360352,
20,755,0,0.8415195941925049,
20,756,0,0.8276726007461548,
20,757,0,0.8389390110969543,
20,758,0,0.7239585518836975,
20,759,0,0.053182005882263184,
20,760,0,0.4513087868690491,
20,761,0,0.7435484528541565,
20,762,0,0.7767118811607361,
20,763,0,0.3456565737724304,
20,764,0,0.3228815793991089,
20,765,0,0.8020912408828735,
20,766,0,0.18378770351409912,
20,767,0,0.748677670955658,
20,768,0,0.82813560962677,
20,769,0,0.20306462049484253,
20,770,0,0.8041244149208069,
20,771,0,0.7337337732315063,
20,772,0,0.8004971742630005,
20,773,0,0.20816075801849365,
20,774,0,0.8425845503807068,
20,775,0,0.7980619072914124,
20,776,0,0.2655337452888489,
20,777,0,0.8345390558242798,
20,778,0,0.4382186532020569,
20,779,0,0.8419753909111023,
20,780,0,0.7625662088394165,
20,781,0,0.8301375508308411,
20,782,0,0.41443902254104614,
20,783,0,0.8104885816574097,
20,784,0,0.4068818688392639,
20,785,0,0.04683119058609009,
20,786,0,0.4836803078651428,
20,787,0,0.2610504627227783,
20,788,0,0.8526134490966797,
20,789,0,0.3094123601913452,
20,790,0,0.7828153967857361,
20,791,0,0.47926026582717896,
20,792,0,0.35488349199295044,
20,793,0,0.8032971024513245,
20,794,0,0.8347793817520142,
20,795,0,0.2891252636909485,
20,796,0,0.83111172914505,
20,797,0,0.0626291036605835,
20,798,0,0.47132593393325806,
20,799,0,0.8270694017410278,
20,val,,,0.586376138329506
21,0,0,0.40704286098480225,
21,1,0,0.819276750087738,
21,2,0,0.68385249376297,
21,3,0,0.8495004177093506,
21,4,0,0.4138337969779968,
21,5,0,0.7677460312843323,
21,6,0,0.17262941598892212,
21,7,0,0.47794562578201294,
21,8,0,0.24666863679885864,
21,9,0,0.8170253038406372,
21,10,0,0.06628233194351196,
21,11,0,0.8312041759490967,
21,12,0,0.8306728601455688,
21,13,0,0.8221995234489441,
21,14,0,0.7523633241653442,
21,15,0,0.8208268880844116,
21,16,0,0.5188726782798767,
21,17,0,0.3990495800971985,
21,18,0,0.8064556121826172,
21,19,0,0.8179786205291748,
21,20,0,0.7418017387390137,
21,21,0,0.4831309914588928,
21,22,0,0.2805817127227783,
21,23,0,0.6883032321929932,
21,24,0,0.8211321830749512,
21,25,0,0.7278639078140259,
21,26,0,0.8381598591804504,
21,27,0,0.38841474056243896,
21,28,0,0.2835676074028015,
21,29,0,0.4616418480873108,
21,30,0,0.8318493366241455,
21,31,0,0.8076806664466858,
21,32,0,0.4536481499671936,
21,33,0,0.7483832240104675,
21,34,0,0.8070408701896667,
21,35,0,0.27512264251708984,
21,36,0,0.42708879709243774,
21,37,0,0.8260006904602051,
21,38,0,0.19622087478637695,
21,39,0,0.8417993187904358,
21,40,0,0.16356754302978516,
21,41,0,0.6320476531982422,
21,42,0,0.4664176106452942,
21,43,0,0.04190051555633545,
21,44,0,0.7451997995376587,
21,45,0,0.47099024057388306,
21,46,0,0.051319658756256104,
21,47,0,0.05097532272338867,
21,48,0,0.836200475692749,
21,49,0,0.3153143525123596,
21,50,0,0.8414306044578552,
21,51,0,0.3848351240158081,
21,52,0,0.43061214685440063,
21,53,0,0.051472365856170654,
21,54,0,0.8563390970230103,
21,55,0,0.45188504457473755,
21,56,0,0.7947495579719543,
21,57,0,0.5007573366165161,
21,58,0,0.851285457611084,
21,59,0,0.36057740449905396,
21,60,0,0.42386800050735474,
21,61,0,0.6022214293479919,
21,62,0,0.8282442092895508,
21,63,0,0.2697070837020874,
21,64,0,0.2614390254020691,
21,65,0,0.7806704044342041,
21,66,0,0.7201220989227295,
21,67,0,0.4477546811103821,
21,68,0,0.840179443359375,
21,69,0,0.46204549074172974,
21,70,0,0.5091545581817627,
21,71,0,0.6249600648880005,
21,72,0,0.6692156195640564,
21,73,0,0.7977094650268555,
21,74,0,0.8208582401275635,
21,75,0,0.6522887945175171,
21,76,0,0.8131135106086731,
21,77,0,0.7378264665603638,
21,78,0,0.16465413570404053,
21,79,0,0.8243376612663269,
21,80,0,0.4783269762992859,
21,81,0,0.8122218251228333,
21,82,0,0.05206620693206787,
21,83,0,0.8439355492591858,
21,84,0,0.8274732232093811,
21,85,0,0.5137959718704224,
21,86,0,0.854571521282196,
21,87,0,0.5742069482803345,
21,88,0,0.8184215426445007,
21,89,0,0.4878942370414734,
21,90,0,0.7436611652374268,
21,91,0,0.8262829780578613,
21,92,0,0.8501906394958496,
21,93,0,0.819774329662323,
21,94,0,0.4900495409965515,
21,95,0,0.8346502780914307,
21,96,0,0.28047609329223633,
21,97,0,0.8397955894470215,
21,98,0,0.6120771169662476,
21,99,0,0.8357493281364441,
21,100,0,0.7522642016410828,
21,101,0,0.665749192237854,
21,102,0,0.8238281011581421,
21,103,0,0.7838667035102844,
21,104,0,0.8393042087554932,
21,105,0,0.33918195962905884,
21,106,0,0.8545522689819336,
21,107,0,0.8210189938545227,
21,108,0,0.6355116367340088,
21,109,0,0.8214751482009888,
21,110,0,0.8545315861701965,
21,111,0,0.817920446395874,
21,112,0,0.8362705707550049,
21,113,0,0.43375450372695923,
21,114,0,0.25876957178115845,
21,115,0,0.8254470825195312,
21,116,0,0.8193033933639526,
21,117,0,0.37100791931152344,
21,118,0,0.8117438554763794,
21,119,0,0.3364449143409729,
21,120,0,0.8231804370880127,
21,121,0,0.83746737241745,
21,122,0,0.729284405708313,
21,123,0,0.0683404803276062,
21,124,0,0.41833609342575073,
21,125,0,0.7571201920509338,
21,126,0,0.8617698550224304,
21,127,0,0.8245814442634583,
21,128,0,0.8183270692825317,
21,129,0,0.8408129215240479,
21,130,0,0.720068097114563,
21,131,0,0.842889666557312,
21,132,0,0.780044674873352,
21,133,0,0.2442837357521057,
21,134,0,0.4273495674133301,
21,135,0,0.48711103200912476,
21,136,0,0.05820733308792114,
21,137,0,0.13450199365615845,
21,138,0,0.25949448347091675,
21,139,0,0.4813072085380554,
21,140,0,0.8306065201759338,
21,141,0,0.772193431854248,
21,142,0,0.8539894819259644,
21,143,0,0.7795250415802002,
21,144,0,0.8155654072761536,
21,145,0,0.2201671600341797,
21,146,0,0.6989063024520874,
21,147,0,0.24036157131195068,
21,148,0,0.7728565335273743,
21,149,0,0.7901755571365356,
21,150,0,0.8055813908576965,
21,151,0,0.8241262435913086,
21,152,0,0.7368373274803162,
21,153,0,0.8256224393844604,
21,154,0,0.8283249139785767,
21,155,0,0.713913083076477,
21,156,0,0.05059385299682617,
21,157,0,0.6275718212127686,
21,158,0,0.7770366072654724,
21,159,0,0.8076006174087524,
21,160,0,0.3541693687438965,
21,161,0,0.061529338359832764,
21,162,0,0.8384312987327576,
21,163,0,0.2826433777809143,
21,164,0,0.3877641558647156,
21,165,0,0.725083589553833,
21,166,0,0.2518298029899597,
21,167,0,0.8348581790924072,
21,168,0,0.8447062373161316,
21,169,0,0.14829224348068237,
21,170,0,0.7742762565612793,
21,171,0,0.740924060344696,
21,172,0,0.7364518642425537,
21,173,0,0.6353223323822021,
21,174,0,0.7550330758094788,
21,175,0,0.41736525297164917,
21,176,0,0.7630857229232788,
21,177,0,0.3102352023124695,
21,178,0,0.8353350162506104,
21,179,0,0.34275561571121216,
21,180,0,0.7925481200218201,
21,181,0,0.7991360425949097,
21,182,0,0.3312179446220398,
21,183,0,0.17607438564300537,
21,184,0,0.787192165851593,
21,185,0,0.7452802062034607,
21,186,0,0.29240041971206665,
21,187,0,0.7406392693519592,
21,188,0,0.7411409616470337,
21,189,0,0.2692252993583679,
21,190,0,0.07015770673751831,
21,191,0,0.45580989122390747,
21,192,0,0.7780962586402893,
21,193,0,0.7397140860557556,
21,194,0,0.7385869026184082,
21,195,0,0.8627952933311462,
21,196,0,0.7474721670150757,
21,197,0,0.1918119192123413,
21,198,0,0.8132076859474182,
21,199,0,0.25342875719070435,
21,200,0,0.7644541263580322,
21,201,0,0.04979991912841797,
21,202,0,0.2903807759284973,
21,203,0,0.8387337923049927,
21,204,0,0.33652806282043457,
21,205,0,0.2630045413970947,
21,206,0,0.3441804051399231,
21,207,0,0.15277785062789917,
21,208,0,0.480396032333374,
21,209,0,0.7888926267623901,
21,210,0,0.3087480664253235,
21,211,0,0.8249213099479675,
21,212,0,0.4889771342277527,
21,213,0,0.8195650577545166,
21,214,0,0.8362762331962585,
21,215,0,0.8550054430961609,
21,216,0,0.4545961022377014,
21,217,0,0.8322667479515076,
21,218,0,0.849824845790863,
21,219,0,0.7282896041870117,
21,220,0,0.2557932734489441,
21,221,0,0.7442569732666016,
21,222,0,0.3206446170806885,
21,223,0,0.4851531982421875,
21,224,0,0.8229465484619141,
21,225,0,0.29451096057891846,
21,226,0,0.8172509074211121,
21,227,0,0.1728668212890625,
21,228,0,0.7142632007598877,
21,229,0,0.42442846298217773,
21,230,0,0.45830273628234863,
21,231,0,0.829454243183136,
21,232,0,0.8540284037590027,
21,233,0,0.8462077975273132,
21,234,0,0.8266499042510986,
21,235,0,0.04683399200439453,
21,236,0,0.44475656747817993,
21,237,0,0.8338363170623779,
21,238,0,0.47006112337112427,
21,239,0,0.4204210042953491,
21,240,0,0.8171054124832153,
21,241,0,0.820618748664856,
21,242,0,0.8248939514160156,
21,243,0,0.44048744440078735,
21,244,0,0.31123000383377075,
21,245,0,0.05120694637298584,
21,246,0,0.43245381116867065,
21,247,0,0.8354284167289734,
21,248,0,0.4556627869606018,
21,249,0,0.8167722821235657,
21,250,0,0.12325859069824219,
21,251,0,0.8460780382156372,
21,252,0,0.7746845483779907,
21,253,0,0.7634035348892212,
21,254,0,0.042448997497558594,
21,255,0,0.7527920603752136,
21,256,0,0.559683084487915,
21,257,0,0.845262348651886,
21,258,0,0.8308767676353455,
21,259,0,0.8532679677009583,
21,260,0,0.5170394778251648,
21,261,0,0.7431331872940063,
21,262,0,0.8463656306266785,
21,263,0,0.7267889976501465,
21,264,0,0.29157692193984985,
21,265,0,0.8477694988250732,
21,266,0,0.8279336094856262,
21,267,0,0.8371297121047974,
21,268,0,0.32479655742645264,
21,269,0,0.4599655270576477,
21,270,0,0.5960885882377625,
21,271,0,0.8089526295661926,
21,272,0,0.3838754892349243,
21,273,0,0.842275083065033,
21,274,0,0.8090205192565918,
21,275,0,0.16272640228271484,
21,276,0,0.8148629069328308,
21,277,0,0.06422710418701172,
21,278,0,0.5398692488670349,
21,279,0,0.7403440475463867,
21,280,0,0.7710878849029541,
21,281,0,0.7938959002494812,
21,282,0,0.7466704249382019,
21,283,0,0.7550325393676758,
21,284,0,0.8415748476982117,
21,285,0,0.8321667909622192,
21,286,0,0.6478811502456665,
21,287,0,0.7284135222434998,
21,288,0,0.8199287056922913,
21,289,0,0.5252023935317993,
21,290,0,0.8255290389060974,
21,291,0,0.04781585931777954,
21,292,0,0.38961178064346313,
21,293,0,0.8430426120758057,
21,294,0,0.8395111560821533,
21,295,0,0.8361451029777527,
21,296,0,0.48324859142303467,
21,297,0,0.05071526765823364,
21,298,0,0.852478563785553,
21,299,0,0.8114763498306274,
21,300,0,0.4302760362625122,
21,301,0,0.4144490957260132,
21,302,0,0.8419827818870544,
21,303,0,0.5996425151824951,
21,304,0,0.8438243269920349,
21,305,0,0.47062498331069946,
21,306,0,0.2350202202796936,
21,307,0,0.8319525718688965,
21,308,0,0.8403496146202087,
21,309,0,0.1982066035270691,
21,310,0,0.8171457052230835,
21,311,0,0.3907366394996643,
21,312,0,0.8230245113372803,
21,313,0,0.8162723183631897,
21,314,0,0.4212970733642578,
21,315,0,0.8053207993507385,
21,316,0,0.8361799716949463,
21,317,0,0.6703505516052246,
21,318,0,0.37162065505981445,
21,319,0,0.319990873336792,
21,320,0,0.7434653043746948,
21,321,0,0.8368878960609436,
21,322,0,0.8576822876930237,
21,323,0,0.30052632093429565,
21,324,0,0.8470592498779297,
21,325,0,0.7920024991035461,
21,326,0,0.8099043965339661,
21,327,0,0.7356330156326294,
21,328,0,0.7208406925201416,
21,329,0,0.7736788988113403,
21,330,0,0.37058037519454956,
21,331,0,0.3289991021156311,
21,332,0,0.8310489058494568,
21,333,0,0.24874597787857056,
21,334,0,0.803033709526062,
21,335,0,0.3744259476661682,
21,336,0,0.8240064382553101,
21,337,0,0.4510868191719055,
21,338,0,0.6313973665237427,
21,339,0,0.7940037250518799,
21,340,0,0.8445744514465332,
21,341,0,0.061603844165802,
21,342,0,0.7459062933921814,
21,343,0,0.6158292293548584,
21,344,0,0.827184796333313,
21,345,0,0.829908013343811,
21,346,0,0.23636126518249512,
21,347,0,0.1708768606185913,
21,348,0,0.7528842687606812,
21,349,0,0.8368498682975769,
21,350,0,0.8006991147994995,
21,351,0,0.7722326517105103,
21,352,0,0.8298064470291138,
21,353,0,0.8240376114845276,
21,354,0,0.6516025066375732,
21,355,0,0.1631869077682495,
21,356,0,0.8510027527809143,
21,357,0,0.7497108578681946,
21,358,0,0.20682674646377563,
21,359,0,0.783117413520813,
21,360,0,0.8380706310272217,
21,361,0,0.8466670513153076,
21,362,0,0.2537129521369934,
21,363,0,0.3115648031234741,
21,364,0,0.7517743110656738,
21,365,0,0.8565455675125122,
21,366,0,0.8281940221786499,
21,367,0,0.8380863070487976,
21,368,0,0.829067587852478,
21,369,0,0.813196063041687,
21,370,0,0.6225425601005554,
21,371,0,0.7353020906448364,
21,372,0,0.8247527480125427,
21,373,0,0.8521006107330322,
21,374,0,0.4468512535095215,
21,375,0,0.7543917894363403,
21,376,0,0.7584413290023804,
21,377,0,0.3385009169578552,
21,378,0,0.4131852984428406,
21,379,0,0.8183783292770386,
21,380,0,0.3409503698348999,
21,381,0,0.3223567605018616,
21,382,0,0.32518672943115234,
21,383,0,0.839592456817627,
21,384,0,0.3368082046508789,
21,385,0,0.3373330235481262,
21,386,0,0.24064689874649048,
21,387,0,0.44048011302948,
21,388,0,0.057825446128845215,
21,389,0,0.7792250514030457,
21,390,0,0.7579753994941711,
21,391,0,0.7024291753768921,
21,392,0,0.6830533742904663,
21,393,0,0.31113553047180176,
21,394,0,0.48407697677612305,
21,395,0,0.8151187896728516,
21,396,0,0.1597188115119934,
21,397,0,0.1854456067085266,
21,398,0,0.8004186153411865,
21,399,0,0.30444151163101196,
21,400,0,0.718112587928772,
21,401,0,0.7577603459358215,
21,402,0,0.8314282298088074,
21,403,0,0.7986717224121094,
21,404,0,0.32310396432876587,
21,405,0,0.06641948223114014,
21,406,0,0.7535030245780945,
21,407,0,0.8394399881362915,
21,408,0,0.8003717064857483,
21,409,0,0.7086862921714783,
21,410,0,0.8374147415161133,
21,411,0,0.3067165017127991,
21,412,0,0.811467170715332,
21,413,0,0.0697738528251648,
21,414,0,0.780506432056427,
21,415,0,0.6461131572723389,
21,416,0,0.8420829772949219,
21,417,0,0.05597800016403198,
21,418,0,0.49628782272338867,
21,419,0,0.4745470881462097,
21,420,0,0.2598775029182434,
21,421,0,0.26115351915359497,
21,422,0,0.8225361108779907,
21,423,0,0.8353430032730103,
21,424,0,0.8413333892822266,
21,425,0,0.8136628270149231,
21,426,0,0.8130486011505127,
21,427,0,0.8109747171401978,
21,428,0,0.45709294080734253,
21,429,0,0.8172922134399414,
21,430,0,0.26393377780914307,
21,431,0,0.7900267839431763,
21,432,0,0.7498723864555359,
21,433,0,0.8244636058807373,
21,434,0,0.8284183740615845,
21,435,0,0.818073034286499,
21,436,0,0.6076312065124512,
21,437,0,0.051603496074676514,
21,438,0,0.719502329826355,
21,439,0,0.2217298150062561,
21,440,0,0.8495026230812073,
21,441,0,0.7843183279037476,
21,442,0,0.8248298168182373,
21,443,0,0.8219532370567322,
21,444,0,0.758777379989624,
21,445,0,0.8275921940803528,
21,446,0,0.7573966383934021,
21,447,0,0.31369608640670776,
21,448,0,0.05194145441055298,
21,449,0,0.8022802472114563,
21,450,0,0.7726640105247498,
21,451,0,0.26149946451187134,
21,452,0,0.8379585146903992,
21,453,0,0.29331427812576294,
21,454,0,0.4208548665046692,
21,455,0,0.5755835771560669,
21,456,0,0.7290958166122437,
21,457,0,0.6641608476638794,
21,458,0,0.5165879130363464,
21,459,0,0.8296561241149902,
21,460,0,0.821042537689209,
21,461,0,0.4683537483215332,
21,462,0,0.8050562143325806,
21,463,0,0.15353184938430786,
21,464,0,0.6078604459762573,
21,465,0,0.7468969821929932,
21,466,0,0.04595834016799927,
21,467,0,0.8153508901596069,
21,468,0,0.636960506439209,
21,469,0,0.7907425165176392,
21,470,0,0.34365183115005493,
21,471,0,0.055259883403778076,
21,472,0,0.8410460352897644,
21,473,0,0.8389984369277954,
21,474,0,0.057902634143829346,
21,475,0,0.8304294943809509,
21,476,0,0.4629756212234497,
21,477,0,0.833820104598999,
21,478,0,0.5214039087295532,
21,479,0,0.48589015007019043,
21,480,0,0.6750764846801758,
21,481,0,0.17460393905639648,
21,482,0,0.8119618892669678,
21,483,0,0.8355826735496521,
21,484,0,0.8350099921226501,
21,485,0,0.45803123712539673,
21,486,0,0.7164328098297119,
21,487,0,0.3398240804672241,
21,488,0,0.7262085676193237,
21,489,0,0.8333656787872314,
21,490,0,0.7622023820877075,
21,491,0,0.8286122679710388,
21,492,0,0.6470171213150024,
21,493,0,0.7437278032302856,
21,494,0,0.06037253141403198,
21,495,0,0.36468178033828735,
21,496,0,0.2847411632537842,
21,497,0,0.7779718637466431,
21,498,0,0.4526163339614868,
21,499,0,0.8414926528930664,
21,500,0,0.8059850931167603,
21,501,0,0.768936038017273,
21,502,0,0.836552083492279,
21,503,0,0.20748448371887207,
21,504,0,0.7493161559104919,
21,505,0,0.47376948595046997,
21,506,0,0.7697018384933472,
21,507,0,0.27784478664398193,
21,508,0,0.8444568514823914,
21,509,0,0.8418313264846802,
21,510,0,0.8469616174697876,
21,511,0,0.7804720401763916,
21,512,0,0.2495354413986206,
21,513,0,0.7262548208236694,
21,514,0,0.8063230514526367,
21,515,0,0.8164096474647522,
21,516,0,0.74260413646698,
21,517,0,0.40119069814682007,
21,518,0,0.2361350655555725,
21,519,0,0.2965753674507141,
21,520,0,0.8369598388671875,
21,521,0,0.8326525688171387,
21,522,0,0.3631443977355957,
21,523,0,0.8632506132125854,
21,524,0,0.7412137985229492,
21,525,0,0.054248809814453125,
21,526,0,0.31907373666763306,
21,527,0,0.8377578854560852,
21,528,0,0.05334967374801636,
21,529,0,0.8275300860404968,
21,530,0,0.8011610507965088,
21,531,0,0.8436225056648254,
21,532,0,0.8015498518943787,
21,533,0,0.8296773433685303,
21,534,0,0.38094907999038696,
21,535,0,0.8508944511413574,
21,536,0,0.7922995686531067,
21,537,0,0.27967625856399536,
21,538,0,0.8251538276672363,
21,539,0,0.8097424507141113,
21,540,0,0.7824994325637817,
21,541,0,0.43231838941574097,
21,542,0,0.3356364369392395,
21,543,0,0.8496376276016235,
21,544,0,0.061023592948913574,
21,545,0,0.4016643166542053,
21,546,0,0.453111469745636,
21,547,0,0.06132763624191284,
21,548,0,0.7778361439704895,
21,549,0,0.31793832778930664,
21,550,0,0.8374608755111694,
21,551,0,0.8421616554260254,
21,552,0,0.7271254062652588,
21,553,0,0.4461076855659485,
21,554,0,0.6590548753738403,
21,555,0,0.26882249116897583,
21,556,0,0.7744258046150208,
21,557,0,0.8319470882415771,
21,558,0,0.3973553776741028,
21,559,0,0.649599552154541,
21,560,0,0.7895725965499878,
21,561,0,0.8305309414863586,
21,562,0,0.17252635955810547,
21,563,0,0.8354107141494751,
21,564,0,0.4818020462989807,
21,565,0,0.3493947982788086,
21,566,0,0.37306827306747437,
21,567,0,0.8229035139083862,
21,568,0,0.21700525283813477,
21,569,0,0.8247877359390259,
21,570,0,0.6375880241394043,
21,571,0,0.6095055341720581,
21,572,0,0.32486146688461304,
21,573,0,0.8374075889587402,
21,574,0,0.32051515579223633,
21,575,0,0.2957790493965149,
21,576,0,0.8055930137634277,
21,577,0,0.3010028004646301,
21,578,0,0.31284523010253906,
21,579,0,0.7910422682762146,
21,580,0,0.2936434745788574,
21,581,0,0.40842026472091675,
21,582,0,0.8189539313316345,
21,583,0,0.7676454186439514,
21,584,0,0.4456403851509094,
21,585,0,0.817840039730072,
21,586,0,0.8312909007072449,
21,587,0,0.5893654823303223,
21,588,0,0.23402315378189087,
21,589,0,0.7167572379112244,
21,590,0,0.8257554769515991,
21,591,0,0.2653195858001709,
21,592,0,0.8165228366851807,
21,593,0,0.8334583640098572,
21,594,0,0.8188893795013428,
21,595,0,0.746773898601532,
21,596,0,0.4355011582374573,
21,597,0,0.16853713989257812,
21,598,0,0.3217034935951233,
21,599,0,0.3452852964401245,
21,600,0,0.7683444023132324,
21,601,0,0.43094348907470703,
21,602,0,0.19020062685012817,
21,603,0,0.30871832370758057,
21,604,0,0.7455582022666931,
21,605,0,0.7851312756538391,
21,606,0,0.30674272775650024,
21,607,0,0.7595728039741516,
21,608,0,0.7008954286575317,
21,609,0,0.8423609733581543,
21,610,0,0.8390582203865051,
21,611,0,0.8593758344650269,
21,612,0,0.6664101481437683,
21,613,0,0.7652485966682434,
21,614,0,0.8341742753982544,
21,615,0,0.3936402201652527,
21,616,0,0.8488999009132385,
21,617,0,0.3009895086288452,
21,618,0,0.1709262728691101,
21,619,0,0.42325741052627563,
21,620,0,0.8384315967559814,
21,621,0,0.4227610230445862,
21,622,0,0.7864581346511841,
21,623,0,0.43123120069503784,
21,624,0,0.3312406539916992,
21,625,0,0.8521830439567566,
21,626,0,0.8223584294319153,
21,627,0,0.8187524676322937,
21,628,0,0.8491606116294861,
21,629,0,0.48062098026275635,
21,630,0,0.06574803590774536,
21,631,0,0.1810302734375,
21,632,0,0.8131088018417358,
21,633,0,0.731598973274231,
21,634,0,0.8470215201377869,
21,635,0,0.48281317949295044,
21,636,0,0.8144464492797852,
21,637,0,0.7140272855758667,
21,638,0,0.8510965704917908,
21,639,0,0.7556695342063904,
21,640,0,0.154837965965271,
21,641,0,0.7572914361953735,
21,642,0,0.7777466177940369,
21,643,0,0.42716526985168457,
21,644,0,0.41445833444595337,
21,645,0,0.8339537978172302,
21,646,0,0.8380864858627319,
21,647,0,0.7726590633392334,
21,648,0,0.8142194151878357,
21,649,0,0.04920995235443115,
21,650,0,0.7651655673980713,
21,651,0,0.4430636167526245,
21,652,0,0.712855875492096,
21,653,0,0.5854330062866211,
21,654,0,0.7624038457870483,
21,655,0,0.2453831434249878,
21,656,0,0.2522152066230774,
21,657,0,0.3902316689491272,
21,658,0,0.753456175327301,
21,659,0,0.051518023014068604,
21,660,0,0.8462299108505249,
21,661,0,0.76509028673172,
21,662,0,0.8315019607543945,
21,663,0,0.7308017611503601,
21,664,0,0.8401200771331787,
21,665,0,0.4308481812477112,
21,666,0,0.0577472448348999,
21,667,0,0.8155819177627563,
21,668,0,0.3034021854400635,
21,669,0,0.4642722010612488,
21,670,0,0.3828168511390686,
21,671,0,0.7642884254455566,
21,672,0,0.1775350570678711,
21,673,0,0.2809569239616394,
21,674,0,0.4111800193786621,
21,675,0,0.7606512308120728,
21,676,0,0.16738277673721313,
21,677,0,0.606590986251831,
21,678,0,0.8596014976501465,
21,679,0,0.8081527352333069,
21,680,0,0.06213778257369995,
21,681,0,0.8421117067337036,
21,682,0,0.33765584230422974,
21,683,0,0.3569415807723999,
21,684,0,0.8436414003372192,
21,685,0,0.8139305114746094,
21,686,0,0.8113809823989868,
21,687,0,0.6233359575271606,
21,688,0,0.2930506467819214,
21,689,0,0.762900710105896,
21,690,0,0.8425825238227844,
21,691,0,0.16548097133636475,
21,692,0,0.3651319146156311,
21,693,0,0.7093309164047241,
21,694,0,0.7660521268844604,
21,695,0,0.7650812864303589,
21,696,0,0.1932758092880249,
21,697,0,0.7554367780685425,
21,698,0,0.8430477976799011,
21,699,0,0.4553506374359131,
21,700,0,0.2671372890472412,
21,701,0,0.8368273973464966,
21,702,0,0.7871496677398682,
21,703,0,0.8247766494750977,
21,704,0,0.16051959991455078,
21,705,0,0.056123316287994385,
21,706,0,0.8461878895759583,
21,707,0,0.8104291558265686,
21,708,0,0.8542747497558594,
21,709,0,0.7543224692344666,
21,710,0,0.4123747944831848,
21,711,0,0.354203999042511,
21,712,0,0.3018343448638916,
21,713,0,0.4279089570045471,
21,714,0,0.8503922820091248,
21,715,0,0.45346564054489136,
21,716,0,0.7679622769355774,
21,717,0,0.6542959213256836,
21,718,0,0.8270026445388794,
21,719,0,0.8254171013832092,
21,720,0,0.7976723909378052,
21,721,0,0.7803791165351868,
21,722,0,0.7907100319862366,
21,723,0,0.1732509732246399,
21,724,0,0.7216397523880005,
21,725,0,0.20284324884414673,
21,726,0,0.832166850566864,
21,727,0,0.8081718683242798,
21,728,0,0.19853907823562622,
21,729,0,0.4523468613624573,
21,730,0,0.3819984197616577,
21,731,0,0.8277884721755981,
21,732,0,0.8100515604019165,
21,733,0,0.41326987743377686,
21,734,0,0.8228841423988342,
21,735,0,0.3343672752380371,
21,736,0,0.7559245228767395,
21,737,0,0.8207352161407471,
21,738,0,0.8263514041900635,
21,739,0,0.6244534254074097,
21,740,0,0.31068140268325806,
21,741,0,0.6975550651550293,
21,742,0,0.8283649682998657,
21,743,0,0.8486924767494202,
21,744,0,0.8059213161468506,
21,745,0,0.2869758605957031,
21,746,0,0.7411607503890991,
21,747,0,0.8476059436798096,
21,748,0,0.7306479811668396,
21,749,0,0.8312845826148987,
21,750,0,0.8363466262817383,
21,751,0,0.8252565264701843,
21,752,0,0.771075963973999,
21,753,0,0.47672587633132935,
21,754,0,0.7394907474517822,
21,755,0,0.8401886224746704,
21,756,0,0.827567458152771,
21,757,0,0.8415455222129822,
21,758,0,0.7039262652397156,
21,759,0,0.05314481258392334,
21,760,0,0.45034921169281006,
21,761,0,0.7442061901092529,
21,762,0,0.7775248885154724,
21,763,0,0.34388619661331177,
21,764,0,0.32189399003982544,
21,765,0,0.8056473135948181,
21,766,0,0.17671889066696167,
21,767,0,0.7462801933288574,
21,768,0,0.8319423794746399,
21,769,0,0.2042989730834961,
21,770,0,0.7895726561546326,
21,771,0,0.7305282950401306,
21,772,0,0.8046059608459473,
21,773,0,0.20990562438964844,
21,774,0,0.8521742224693298,
21,775,0,0.7969722747802734,
21,776,0,0.2647436261177063,
21,777,0,0.840932309627533,
21,778,0,0.4393053650856018,
21,779,0,0.8368231058120728,
21,780,0,0.759533166885376,
21,781,0,0.8297762870788574,
21,782,0,0.41400575637817383,
21,783,0,0.8120983839035034,
21,784,0,0.407159686088562,
21,785,0,0.05043083429336548,
21,786,0,0.48409920930862427,
21,787,0,0.25964462757110596,
21,788,0,0.8420212268829346,
21,789,0,0.30766451358795166,
21,790,0,0.7835628390312195,
21,791,0,0.47878503799438477,
21,792,0,0.35542112588882446,
21,793,0,0.7990808486938477,
21,794,0,0.8331634998321533,
21,795,0,0.2892375588417053,
21,796,0,0.830829381942749,
21,797,0,0.06250858306884766,
21,798,0,0.47012728452682495,
21,799,0,0.8286029696464539,
21,val,,,0.5861794197559357
22,0,0,0.4057157635688782,
22,1,0,0.8170033693313599,
22,2,0,0.6765553951263428,
22,3,0,0.8522782325744629,
22,4,0,0.41214239597320557,
22,5,0,0.7666938900947571,
22,6,0,0.1709480881690979,
22,7,0,0.4772551655769348,
22,8,0,0.2506332993507385,
22,9,0,0.816007137298584,
22,10,0,0.0663267970085144,
22,11,0,0.841494619846344,
22,12,0,0.8330519795417786,
22,13,0,0.8247264623641968,
22,14,0,0.7515754103660583,
22,15,0,0.817816436290741,
22,16,0,0.5192331075668335,
22,17,0,0.39976221323013306,
22,18,0,0.8086580038070679,
22,19,0,0.8191781044006348,
22,20,0,0.7398406267166138,
22,21,0,0.48538637161254883,
22,22,0,0.2809199094772339,
22,23,0,0.6881825923919678,
22,24,0,0.8220508098602295,
22,25,0,0.7291175127029419,
22,26,0,0.8411638736724854,
22,27,0,0.38944631814956665,
22,28,0,0.28436195850372314,
22,29,0,0.461215078830719,
22,30,0,0.832168459892273,
22,31,0,0.8116487264633179,
22,32,0,0.4540587067604065,
22,33,0,0.7504429221153259,
22,34,0,0.80788654088974,
22,35,0,0.2748126983642578,
22,36,0,0.42777085304260254,
22,37,0,0.8242919445037842,
22,38,0,0.1971758008003235,
22,39,0,0.8425740003585815,
22,40,0,0.16343146562576294,
22,41,0,0.6320000886917114,
22,42,0,0.46636539697647095,
22,43,0,0.04172772169113159,
22,44,0,0.7460006475448608,
22,45,0,0.46870023012161255,
22,46,0,0.05092543363571167,
22,47,0,0.05172538757324219,
22,48,0,0.8357973694801331,
22,49,0,0.31615597009658813,
22,50,0,0.8409088850021362,
22,51,0,0.38443028926849365,
22,52,0,0.4323939085006714,
22,53,0,0.05188465118408203,
22,54,0,0.8531686663627625,
22,55,0,0.4507881999015808,
22,56,0,0.7984225153923035,
22,57,0,0.5008245706558228,
22,58,0,0.860263466835022,
22,59,0,0.36192989349365234,
22,60,0,0.42446136474609375,
22,61,0,0.5987480878829956,
22,62,0,0.8289171457290649,
22,63,0,0.27145916223526,
22,64,0,0.26240938901901245,
22,65,0,0.7659622430801392,
22,66,0,0.7217656373977661,
22,67,0,0.4480210542678833,
22,68,0,0.8199729323387146,
22,69,0,0.4623921513557434,
22,70,0,0.5081055164337158,
22,71,0,0.6220636367797852,
22,72,0,0.6727889180183411,
22,73,0,0.8107571601867676,
22,74,0,0.8190311193466187,
22,75,0,0.6425024271011353,
22,76,0,0.8143605589866638,
22,77,0,0.7481950521469116,
22,78,0,0.16855370998382568,
22,79,0,0.8244792222976685,
22,80,0,0.4776455760002136,
22,81,0,0.8109248876571655,
22,82,0,0.051985740661621094,
22,83,0,0.8234990239143372,
22,84,0,0.8390821218490601,
22,85,0,0.5085766315460205,
22,86,0,0.8487005829811096,
22,87,0,0.5729607343673706,
22,88,0,0.8161001801490784,
22,89,0,0.48799169063568115,
22,90,0,0.7408864498138428,
22,91,0,0.819266140460968,
22,92,0,0.8500349521636963,
22,93,0,0.8213211297988892,
22,94,0,0.4891958236694336,
22,95,0,0.8297840356826782,
22,96,0,0.2810857892036438,
22,97,0,0.8440104126930237,
22,98,0,0.6067023277282715,
22,99,0,0.8405558466911316,
22,100,0,0.7538963556289673,
22,101,0,0.6657430529594421,
22,102,0,0.8366003036499023,
22,103,0,0.785352349281311,
22,104,0,0.838299572467804,
22,105,0,0.3449174761772156,
22,106,0,0.8314701318740845,
22,107,0,0.8220385313034058,
22,108,0,0.641075849533081,
22,109,0,0.8231932520866394,
22,110,0,0.8584049940109253,
22,111,0,0.8137267827987671,
22,112,0,0.8427048921585083,
22,113,0,0.4334883689880371,
22,114,0,0.25945621728897095,
22,115,0,0.8346930742263794,
22,116,0,0.8172482252120972,
22,117,0,0.3722827434539795,
22,118,0,0.8181604146957397,
22,119,0,0.33683615922927856,
22,120,0,0.8259111642837524,
22,121,0,0.8368360996246338,
22,122,0,0.7331379652023315,
22,123,0,0.06882697343826294,
22,124,0,0.4177839756011963,
22,125,0,0.7585569620132446,
22,126,0,0.8404638767242432,
22,127,0,0.8237369060516357,
22,128,0,0.836638867855072,
22,129,0,0.8416958451271057,
22,130,0,0.727263331413269,
22,131,0,0.8418247103691101,
22,132,0,0.7885518074035645,
22,133,0,0.24464857578277588,
22,134,0,0.42741745710372925,
22,135,0,0.4857792258262634,
22,136,0,0.056805968284606934,
22,137,0,0.13519877195358276,
22,138,0,0.2602812647819519,
22,139,0,0.4804174304008484,
22,140,0,0.8219118118286133,
22,141,0,0.7803347706794739,
22,142,0,0.8314420580863953,
22,143,0,0.7816764116287231,
22,144,0,0.8149718046188354,
22,145,0,0.21924418210983276,
22,146,0,0.6934543251991272,
22,147,0,0.2399720549583435,
22,148,0,0.7718759179115295,
22,149,0,0.7897210717201233,
22,150,0,0.8032483458518982,
22,151,0,0.815505862236023,
22,152,0,0.7337201833724976,
22,153,0,0.8227230310440063,
22,154,0,0.8284444212913513,
22,155,0,0.7128021717071533,
22,156,0,0.05061817169189453,
22,157,0,0.625255286693573,
22,158,0,0.7748034000396729,
22,159,0,0.8056976199150085,
22,160,0,0.3559108376502991,
22,161,0,0.063385009765625,
22,162,0,0.8386025428771973,
22,163,0,0.2828475832939148,
22,164,0,0.3847525715827942,
22,165,0,0.7245073318481445,
22,166,0,0.25294333696365356,
22,167,0,0.8433863520622253,
22,168,0,0.8451193571090698,
22,169,0,0.14890915155410767,
22,170,0,0.7744117975234985,
22,171,0,0.7389848828315735,
22,172,0,0.7362748384475708,
22,173,0,0.6370259523391724,
22,174,0,0.7549871206283569,
22,175,0,0.4164379835128784,
22,176,0,0.7678242921829224,
22,177,0,0.31130725145339966,
22,178,0,0.8367950320243835,
22,179,0,0.33773690462112427,
22,180,0,0.7975107431411743,
22,181,0,0.7979851961135864,
22,182,0,0.3311504125595093,
22,183,0,0.176683247089386,
22,184,0,0.7809959053993225,
22,185,0,0.7463415861129761,
22,186,0,0.2933182716369629,
22,187,0,0.7418467998504639,
22,188,0,0.7509952783584595,
22,189,0,0.2688083052635193,
22,190,0,0.06649446487426758,
22,191,0,0.45534956455230713,
22,192,0,0.7728947997093201,
22,193,0,0.7394002079963684,
22,194,0,0.7376841306686401,
22,195,0,0.8613336086273193,
22,196,0,0.7526796460151672,
22,197,0,0.19161176681518555,
22,198,0,0.8062059283256531,
22,199,0,0.2528260350227356,
22,200,0,0.7627672553062439,
22,201,0,0.04939812421798706,
22,202,0,0.28755539655685425,
22,203,0,0.8359829187393188,
22,204,0,0.3324469327926636,
22,205,0,0.2523611783981323,
22,206,0,0.3428497910499573,
22,207,0,0.15234285593032837,
22,208,0,0.4794955849647522,
22,209,0,0.7876998782157898,
22,210,0,0.30861932039260864,
22,211,0,0.820144772529602,
22,212,0,0.4892900586128235,
22,213,0,0.8039306998252869,
22,214,0,0.8400928974151611,
22,215,0,0.8453589081764221,
22,216,0,0.4536527395248413,
22,217,0,0.8300082087516785,
22,218,0,0.8441646099090576,
22,219,0,0.7330300807952881,
22,220,0,0.2559642791748047,
22,221,0,0.7444958686828613,
22,222,0,0.3203659653663635,
22,223,0,0.4871613383293152,
22,224,0,0.8347283005714417,
22,225,0,0.293830931186676,
22,226,0,0.8169790506362915,
22,227,0,0.173628032207489,
22,228,0,0.7281619906425476,
22,229,0,0.42388927936553955,
22,230,0,0.45847225189208984,
22,231,0,0.8370270729064941,
22,232,0,0.8532651662826538,
22,233,0,0.8517993092536926,
22,234,0,0.8292651772499084,
22,235,0,0.04458731412887573,
22,236,0,0.44448477029800415,
22,237,0,0.8327345848083496,
22,238,0,0.4695050120353699,
22,239,0,0.4177016615867615,
22,240,0,0.8166196346282959,
22,241,0,0.8231768012046814,
22,242,0,0.8240768909454346,
22,243,0,0.44113069772720337,
22,244,0,0.31424760818481445,
22,245,0,0.050975143909454346,
22,246,0,0.43232065439224243,
22,247,0,0.8360227346420288,
22,248,0,0.45372647047042847,
22,249,0,0.8187644481658936,
22,250,0,0.12287050485610962,
22,251,0,0.8462311625480652,
22,252,0,0.7716354131698608,
22,253,0,0.7607192993164062,
22,254,0,0.04085355997085571,
22,255,0,0.7534432411193848,
22,256,0,0.5608781576156616,
22,257,0,0.8476992845535278,
22,258,0,0.8345428705215454,
22,259,0,0.8442447185516357,
22,260,0,0.5167911052703857,
22,261,0,0.743283748626709,
22,262,0,0.8292616009712219,
22,263,0,0.727340579032898,
22,264,0,0.2895534038543701,
22,265,0,0.8500056862831116,
22,266,0,0.82194983959198,
22,267,0,0.8408661484718323,
22,268,0,0.3225177526473999,
22,269,0,0.4567892551422119,
22,270,0,0.5988733172416687,
22,271,0,0.8039572834968567,
22,272,0,0.38311487436294556,
22,273,0,0.8419783115386963,
22,274,0,0.8210691213607788,
22,275,0,0.16189420223236084,
22,276,0,0.8155994415283203,
22,277,0,0.06521803140640259,
22,278,0,0.5429462194442749,
22,279,0,0.7415425777435303,
22,280,0,0.7688796520233154,
22,281,0,0.7923486232757568,
22,282,0,0.7448369264602661,
22,283,0,0.755341649055481,
22,284,0,0.859554648399353,
22,285,0,0.8365085124969482,
22,286,0,0.6532503366470337,
22,287,0,0.7286703586578369,
22,288,0,0.8172287940979004,
22,289,0,0.5243200659751892,
22,290,0,0.8261274695396423,
22,291,0,0.04814630746841431,
22,292,0,0.38793134689331055,
22,293,0,0.8463538885116577,
22,294,0,0.8387814164161682,
22,295,0,0.8437405824661255,
22,296,0,0.4824361801147461,
22,297,0,0.05101734399795532,
22,298,0,0.847017765045166,
22,299,0,0.8107258677482605,
22,300,0,0.4309077262878418,
22,301,0,0.41322046518325806,
22,302,0,0.8426859974861145,
22,303,0,0.5966763496398926,
22,304,0,0.8425947427749634,
22,305,0,0.47188252210617065,
22,306,0,0.23641759157180786,
22,307,0,0.8314662575721741,
22,308,0,0.8429778814315796,
22,309,0,0.20075613260269165,
22,310,0,0.8206604719161987,
22,311,0,0.39071470499038696,
22,312,0,0.8217614889144897,
22,313,0,0.8158087134361267,
22,314,0,0.41203171014785767,
22,315,0,0.7965627908706665,
22,316,0,0.84186190366745,
22,317,0,0.6862659454345703,
22,318,0,0.37382417917251587,
22,319,0,0.3223811984062195,
22,320,0,0.7448016405105591,
22,321,0,0.8380182981491089,
22,322,0,0.8326094150543213,
22,323,0,0.3004228472709656,
22,324,0,0.8459941148757935,
22,325,0,0.7929108142852783,
22,326,0,0.8097410798072815,
22,327,0,0.7336892485618591,
22,328,0,0.7313594222068787,
22,329,0,0.7686464786529541,
22,330,0,0.3692507743835449,
22,331,0,0.32464706897735596,
22,332,0,0.8449667096138,
22,333,0,0.24704676866531372,
22,334,0,0.8333130478858948,
22,335,0,0.3692939281463623,
22,336,0,0.8345452547073364,
22,337,0,0.45132964849472046,
22,338,0,0.630182147026062,
22,339,0,0.7896795272827148,
22,340,0,0.8414702415466309,
22,341,0,0.060056209564208984,
22,342,0,0.7568589448928833,
22,343,0,0.6153930425643921,
22,344,0,0.8250002264976501,
22,345,0,0.8309177160263062,
22,346,0,0.2366679310798645,
22,347,0,0.1683090329170227,
22,348,0,0.7511980533599854,
22,349,0,0.83200603723526,
22,350,0,0.7872236967086792,
22,351,0,0.7720882892608643,
22,352,0,0.8244668245315552,
22,353,0,0.8206345438957214,
22,354,0,0.6430805921554565,
22,355,0,0.1634402871131897,
22,356,0,0.8342792391777039,
22,357,0,0.7457821369171143,
22,358,0,0.2056397795677185,
22,359,0,0.779657781124115,
22,360,0,0.8405802845954895,
22,361,0,0.8474178314208984,
22,362,0,0.2533918023109436,
22,363,0,0.3112422823905945,
22,364,0,0.7508369088172913,
22,365,0,0.8562037944793701,
22,366,0,0.8407227993011475,
22,367,0,0.8357366323471069,
22,368,0,0.828115701675415,
22,369,0,0.8118639588356018,
22,370,0,0.6228179335594177,
22,371,0,0.7248588800430298,
22,372,0,0.8184295296669006,
22,373,0,0.8388354778289795,
22,374,0,0.4350847601890564,
22,375,0,0.7630666494369507,
22,376,0,0.7664940357208252,
22,377,0,0.3397536277770996,
22,378,0,0.40856683254241943,
22,379,0,0.8337754011154175,
22,380,0,0.3422079086303711,
22,381,0,0.32311779260635376,
22,382,0,0.3247984051704407,
22,383,0,0.8463274836540222,
22,384,0,0.34259033203125,
22,385,0,0.3348970413208008,
22,386,0,0.24069619178771973,
22,387,0,0.44038981199264526,
22,388,0,0.05736732482910156,
22,389,0,0.7862951755523682,
22,390,0,0.7587001919746399,
22,391,0,0.6885474920272827,
22,392,0,0.6768759489059448,
22,393,0,0.3116193413734436,
22,394,0,0.4837188720703125,
22,395,0,0.8103666305541992,
22,396,0,0.1593744158744812,
22,397,0,0.185760498046875,
22,398,0,0.7962847352027893,
22,399,0,0.30294114351272583,
22,400,0,0.7254499197006226,
22,401,0,0.7584278583526611,
22,402,0,0.8338907361030579,
22,403,0,0.8008126616477966,
22,404,0,0.3222285509109497,
22,405,0,0.06462818384170532,
22,406,0,0.7578098773956299,
22,407,0,0.8404933214187622,
22,408,0,0.8089905977249146,
22,409,0,0.7088370323181152,
22,410,0,0.8435649871826172,
22,411,0,0.308293879032135,
22,412,0,0.7956564426422119,
22,413,0,0.06858748197555542,
22,414,0,0.7807019948959351,
22,415,0,0.6441998481750488,
22,416,0,0.83491051197052,
22,417,0,0.055436015129089355,
22,418,0,0.4977717399597168,
22,419,0,0.474489688873291,
22,420,0,0.2557711601257324,
22,421,0,0.2576673626899719,
22,422,0,0.8237583637237549,
22,423,0,0.8399391770362854,
22,424,0,0.8341695070266724,
22,425,0,0.8139005303382874,
22,426,0,0.8144774436950684,
22,427,0,0.8139960169792175,
22,428,0,0.45998305082321167,
22,429,0,0.8117957711219788,
22,430,0,0.26361995935440063,
22,431,0,0.7950559258460999,
22,432,0,0.7473081350326538,
22,433,0,0.8244103789329529,
22,434,0,0.8272983431816101,
22,435,0,0.8159393072128296,
22,436,0,0.6087526082992554,
22,437,0,0.051290035247802734,
22,438,0,0.7282711267471313,
22,439,0,0.22257506847381592,
22,440,0,0.8504651784896851,
22,441,0,0.7850825786590576,
22,442,0,0.8250511884689331,
22,443,0,0.813093900680542,
22,444,0,0.7528911232948303,
22,445,0,0.8235737085342407,
22,446,0,0.7571473717689514,
22,447,0,0.3122101426124573,
22,448,0,0.05522763729095459,
22,449,0,0.8012933731079102,
22,450,0,0.7831217050552368,
22,451,0,0.26283323764801025,
22,452,0,0.8207359910011292,
22,453,0,0.2924961447715759,
22,454,0,0.42188936471939087,
22,455,0,0.5705966949462891,
22,456,0,0.7259058356285095,
22,457,0,0.66477370262146,
22,458,0,0.5179696083068848,
22,459,0,0.8211285471916199,
22,460,0,0.8188079595565796,
22,461,0,0.4670303463935852,
22,462,0,0.8125075101852417,
22,463,0,0.15227562189102173,
22,464,0,0.6064271330833435,
22,465,0,0.7457365989685059,
22,466,0,0.04533928632736206,
22,467,0,0.8157321214675903,
22,468,0,0.6415086984634399,
22,469,0,0.7880628108978271,
22,470,0,0.34181106090545654,
22,471,0,0.05600243806838989,
22,472,0,0.839952826499939,
22,473,0,0.8451895713806152,
22,474,0,0.05746704339981079,
22,475,0,0.8321014642715454,
22,476,0,0.46401268243789673,
22,477,0,0.8297571539878845,
22,478,0,0.5221366882324219,
22,479,0,0.48576778173446655,
22,480,0,0.6708357334136963,
22,481,0,0.17364579439163208,
22,482,0,0.8157169818878174,
22,483,0,0.8345016241073608,
22,484,0,0.8357938528060913,
22,485,0,0.4633145332336426,
22,486,0,0.7232605814933777,
22,487,0,0.3431093692779541,
22,488,0,0.7470399737358093,
22,489,0,0.8377661108970642,
22,490,0,0.7618725895881653,
22,491,0,0.8220981955528259,
22,492,0,0.6477247476577759,
22,493,0,0.747140645980835,
22,494,0,0.0593036413192749,
22,495,0,0.36525237560272217,
22,496,0,0.28430652618408203,
22,497,0,0.7773667573928833,
22,498,0,0.45018309354782104,
22,499,0,0.841781735420227,
22,500,0,0.8123431205749512,
22,501,0,0.7707310914993286,
22,502,0,0.8352444767951965,
22,503,0,0.20936304330825806,
22,504,0,0.7502158880233765,
22,505,0,0.47189968824386597,
22,506,0,0.7681105732917786,
22,507,0,0.2775728702545166,
22,508,0,0.8472054600715637,
22,509,0,0.8420146703720093,
22,510,0,0.8349913358688354,
22,511,0,0.7774683833122253,
22,512,0,0.2508804202079773,
22,513,0,0.7272177934646606,
22,514,0,0.8126722574234009,
22,515,0,0.8026344180107117,
22,516,0,0.7407627105712891,
22,517,0,0.40294796228408813,
22,518,0,0.23600506782531738,
22,519,0,0.29493045806884766,
22,520,0,0.8436640501022339,
22,521,0,0.8305283188819885,
22,522,0,0.35903674364089966,
22,523,0,0.8612828850746155,
22,524,0,0.7363005876541138,
22,525,0,0.0532078742980957,
22,526,0,0.3248690366744995,
22,527,0,0.8372054696083069,
22,528,0,0.054156601428985596,
22,529,0,0.826578676700592,
22,530,0,0.8007838726043701,
22,531,0,0.8417607545852661,
22,532,0,0.8014206886291504,
22,533,0,0.8289934396743774,
22,534,0,0.3814098834991455,
22,535,0,0.8319734334945679,
22,536,0,0.7909092307090759,
22,537,0,0.27925336360931396,
22,538,0,0.8250572681427002,
22,539,0,0.801329493522644,
22,540,0,0.7908516526222229,
22,541,0,0.43140876293182373,
22,542,0,0.3342704176902771,
22,543,0,0.8444362878799438,
22,544,0,0.06158071756362915,
22,545,0,0.40108877420425415,
22,546,0,0.4558979868888855,
22,547,0,0.06199359893798828,
22,548,0,0.7774583101272583,
22,549,0,0.3170008659362793,
22,550,0,0.8363717198371887,
22,551,0,0.8425813913345337,
22,552,0,0.7294445037841797,
22,553,0,0.4431467056274414,
22,554,0,0.6573204398155212,
22,555,0,0.2668924927711487,
22,556,0,0.7718610167503357,
22,557,0,0.8439371585845947,
22,558,0,0.39389896392822266,
22,559,0,0.6456958055496216,
22,560,0,0.7871360182762146,
22,561,0,0.8276816010475159,
22,562,0,0.1719508171081543,
22,563,0,0.8360283374786377,
22,564,0,0.48154717683792114,
22,565,0,0.34575891494750977,
22,566,0,0.3729587197303772,
22,567,0,0.8225240111351013,
22,568,0,0.21578115224838257,
22,569,0,0.8183383941650391,
22,570,0,0.6342748999595642,
22,571,0,0.6074008941650391,
22,572,0,0.32367295026779175,
22,573,0,0.8452366590499878,
22,574,0,0.320212721824646,
22,575,0,0.2927108407020569,
22,576,0,0.788841724395752,
22,577,0,0.29959744215011597,
22,578,0,0.31396931409835815,
22,579,0,0.7892194986343384,
22,580,0,0.29639917612075806,
22,581,0,0.40871673822402954,
22,582,0,0.8251165151596069,
22,583,0,0.7655895948410034,
22,584,0,0.44288188219070435,
22,585,0,0.8148502707481384,
22,586,0,0.8332824110984802,
22,587,0,0.5873550176620483,
22,588,0,0.2336999773979187,
22,589,0,0.7087796926498413,
22,590,0,0.8246822953224182,
22,591,0,0.2649241089820862,
22,592,0,0.8170471787452698,
22,593,0,0.8321120738983154,
22,594,0,0.819252610206604,
22,595,0,0.7436940670013428,
22,596,0,0.43468499183654785,
22,597,0,0.16905933618545532,
22,598,0,0.3166954517364502,
22,599,0,0.3438289165496826,
22,600,0,0.762793779373169,
22,601,0,0.4324442744255066,
22,602,0,0.190940260887146,
22,603,0,0.31195276975631714,
22,604,0,0.7496075630187988,
22,605,0,0.7858269810676575,
22,606,0,0.31805312633514404,
22,607,0,0.7627458572387695,
22,608,0,0.7079886198043823,
22,609,0,0.8419233560562134,
22,610,0,0.8393316268920898,
22,611,0,0.8638062477111816,
22,612,0,0.6650787591934204,
22,613,0,0.7671148777008057,
22,614,0,0.8313866257667542,
22,615,0,0.3934550881385803,
22,616,0,0.8382549285888672,
22,617,0,0.30045086145401,
22,618,0,0.1704602837562561,
22,619,0,0.4244670867919922,
22,620,0,0.8431001901626587,
22,621,0,0.42505401372909546,
22,622,0,0.7930191159248352,
22,623,0,0.43178510665893555,
22,624,0,0.3272586464881897,
22,625,0,0.856029748916626,
22,626,0,0.836103618144989,
22,627,0,0.8174321055412292,
22,628,0,0.8509806394577026,
22,629,0,0.48150432109832764,
22,630,0,0.06460839509963989,
22,631,0,0.18032300472259521,
22,632,0,0.8169499039649963,
22,633,0,0.7605977058410645,
22,634,0,0.8359047770500183,
22,635,0,0.4809357523918152,
22,636,0,0.8139306902885437,
22,637,0,0.7106053829193115,
22,638,0,0.8319563269615173,
22,639,0,0.7580453157424927,
22,640,0,0.15534257888793945,
22,641,0,0.7587074637413025,
22,642,0,0.7793102264404297,
22,643,0,0.4305562376976013,
22,644,0,0.4111647605895996,
22,645,0,0.8224928975105286,
22,646,0,0.8293133974075317,
22,647,0,0.7705631256103516,
22,648,0,0.8151859045028687,
22,649,0,0.04828691482543945,
22,650,0,0.7644714117050171,
22,651,0,0.44111067056655884,
22,652,0,0.707743763923645,
22,653,0,0.5846410989761353,
22,654,0,0.7613519430160522,
22,655,0,0.24570965766906738,
22,656,0,0.2544049620628357,
22,657,0,0.38905054330825806,
22,658,0,0.7414546012878418,
22,659,0,0.05219155550003052,
22,660,0,0.8466883301734924,
22,661,0,0.7613363862037659,
22,662,0,0.8269175887107849,
22,663,0,0.7300288677215576,
22,664,0,0.8394596576690674,
22,665,0,0.4310838580131531,
22,666,0,0.055916786193847656,
22,667,0,0.8182604312896729,
22,668,0,0.30061566829681396,
22,669,0,0.4656013250350952,
22,670,0,0.3822023272514343,
22,671,0,0.7644842863082886,
22,672,0,0.17924195528030396,
22,673,0,0.2814069390296936,
22,674,0,0.4122721552848816,
22,675,0,0.7620283365249634,
22,676,0,0.16526871919631958,
22,677,0,0.6054810285568237,
22,678,0,0.8443154692649841,
22,679,0,0.8141134977340698,
22,680,0,0.06087607145309448,
22,681,0,0.8321220278739929,
22,682,0,0.3324185013771057,
22,683,0,0.34692293405532837,
22,684,0,0.8564519286155701,
22,685,0,0.8183594942092896,
22,686,0,0.8172488212585449,
22,687,0,0.6221603155136108,
22,688,0,0.2937251329421997,
22,689,0,0.7567281126976013,
22,690,0,0.8413423299789429,
22,691,0,0.16471576690673828,
22,692,0,0.36504894495010376,
22,693,0,0.7078290581703186,
22,694,0,0.7657719850540161,
22,695,0,0.766140341758728,
22,696,0,0.19311511516571045,
22,697,0,0.752763569355011,
22,698,0,0.844216525554657,
22,699,0,0.4536113739013672,
22,700,0,0.2654264569282532,
22,701,0,0.8395419716835022,
22,702,0,0.7864280343055725,
22,703,0,0.8382791876792908,
22,704,0,0.16070324182510376,
22,705,0,0.05645561218261719,
22,706,0,0.8457601070404053,
22,707,0,0.8106386661529541,
22,708,0,0.841180145740509,
22,709,0,0.7553455233573914,
22,710,0,0.41199785470962524,
22,711,0,0.3554069399833679,
22,712,0,0.3015063405036926,
22,713,0,0.42777734994888306,
22,714,0,0.8532314300537109,
22,715,0,0.45424890518188477,
22,716,0,0.7688814997673035,
22,717,0,0.6504718065261841,
22,718,0,0.8290723562240601,
22,719,0,0.8266767263412476,
22,720,0,0.7927661538124084,
22,721,0,0.7860878705978394,
22,722,0,0.7877426743507385,
22,723,0,0.17092496156692505,
22,724,0,0.7335662841796875,
22,725,0,0.2033705711364746,
22,726,0,0.8284463882446289,
22,727,0,0.8105710744857788,
22,728,0,0.1997581124305725,
22,729,0,0.4539245367050171,
22,730,0,0.38427358865737915,
22,731,0,0.8280903697013855,
22,732,0,0.8263067007064819,
22,733,0,0.407417356967926,
22,734,0,0.8239794969558716,
22,735,0,0.33666712045669556,
22,736,0,0.7559939622879028,
22,737,0,0.8142792582511902,
22,738,0,0.8230583667755127,
22,739,0,0.6247138977050781,
22,740,0,0.3084182143211365,
22,741,0,0.6977079510688782,
22,742,0,0.8305134773254395,
22,743,0,0.8468022346496582,
22,744,0,0.8115795254707336,
22,745,0,0.29130393266677856,
22,746,0,0.7421518564224243,
22,747,0,0.8449991941452026,
22,748,0,0.7254631519317627,
22,749,0,0.8296825885772705,
22,750,0,0.8200432658195496,
22,751,0,0.8263702988624573,
22,752,0,0.769318699836731,
22,753,0,0.4765017628669739,
22,754,0,0.7388687133789062,
22,755,0,0.8414535522460938,
22,756,0,0.8325655460357666,
22,757,0,0.8398271203041077,
22,758,0,0.7054589986801147,
22,759,0,0.05343884229660034,
22,760,0,0.44859105348587036,
22,761,0,0.7466391324996948,
22,762,0,0.7790813446044922,
22,763,0,0.3431466817855835,
22,764,0,0.3220285177230835,
22,765,0,0.8064489364624023,
22,766,0,0.17883145809173584,
22,767,0,0.75071781873703,
22,768,0,0.8289555907249451,
22,769,0,0.20212799310684204,
22,770,0,0.791522204875946,
22,771,0,0.7230496406555176,
22,772,0,0.8020803332328796,
22,773,0,0.20883405208587646,
22,774,0,0.8386673927307129,
22,775,0,0.8124620318412781,
22,776,0,0.2640852928161621,
22,777,0,0.8353868126869202,
22,778,0,0.43995314836502075,
22,779,0,0.8371710777282715,
22,780,0,0.7640841007232666,
22,781,0,0.8303059935569763,
22,782,0,0.41838109493255615,
22,783,0,0.8097314834594727,
22,784,0,0.4076160192489624,
22,785,0,0.04668557643890381,
22,786,0,0.4850427508354187,
22,787,0,0.25982964038848877,
22,788,0,0.8443799614906311,
22,789,0,0.3101823925971985,
22,790,0,0.7804028987884521,
22,791,0,0.47768735885620117,
22,792,0,0.3533654808998108,
22,793,0,0.7984426021575928,
22,794,0,0.8370025157928467,
22,795,0,0.28902822732925415,
22,796,0,0.8328434824943542,
22,797,0,0.06131678819656372,
22,798,0,0.4687977433204651,
22,799,0,0.8300501108169556,
22,val,,,0.5863438946008682
23,0,0,0.4038313031196594,
23,1,0,0.8186965584754944,
23,2,0,0.6558768153190613,
23,3,0,0.8411852717399597,
23,4,0,0.413533091545105,
23,5,0,0.7678703665733337,
23,6,0,0.1707974076271057,
23,7,0,0.4776269197463989,
23,8,0,0.25246739387512207,
23,9,0,0.818252682685852,
23,10,0,0.06610018014907837,
23,11,0,0.8402070999145508,
23,12,0,0.8304029703140259,
23,13,0,0.8251956105232239,
23,14,0,0.7513331174850464,
23,15,0,0.8240875005722046,
23,16,0,0.5172791481018066,
23,17,0,0.39774012565612793,
23,18,0,0.811476469039917,
23,19,0,0.8139975070953369,
23,20,0,0.7422171831130981,
23,21,0,0.48503947257995605,
23,22,0,0.2790972590446472,
23,23,0,0.6864781379699707,
23,24,0,0.8275871276855469,
23,25,0,0.7276589274406433,
23,26,0,0.8388760685920715,
23,27,0,0.38765859603881836,
23,28,0,0.2845471501350403,
23,29,0,0.4597216248512268,
23,30,0,0.8365281820297241,
23,31,0,0.8009356260299683,
23,32,0,0.4529045820236206,
23,33,0,0.7475121021270752,
23,34,0,0.8102057576179504,
23,35,0,0.2747167944908142,
23,36,0,0.4264269471168518,
23,37,0,0.8260990977287292,
23,38,0,0.19612503051757812,
23,39,0,0.8442839980125427,
23,40,0,0.16551989316940308,
23,41,0,0.6312421560287476,
23,42,0,0.46646106243133545,
23,43,0,0.04476660490036011,
23,44,0,0.746404767036438,
23,45,0,0.46657466888427734,
23,46,0,0.051940739154815674,
23,47,0,0.052674293518066406,
23,48,0,0.8389029502868652,
23,49,0,0.3154335618019104,
23,50,0,0.8403493165969849,
23,51,0,0.38786780834198,
23,52,0,0.43329954147338867,
23,53,0,0.05151212215423584,
23,54,0,0.8521047830581665,
23,55,0,0.45056015253067017,
23,56,0,0.7941683530807495,
23,57,0,0.4983840584754944,
23,58,0,0.8674744367599487,
23,59,0,0.360673725605011,
23,60,0,0.4234115481376648,
23,61,0,0.6043025255203247,
23,62,0,0.828082263469696,
23,63,0,0.2697824239730835,
23,64,0,0.26284104585647583,
23,65,0,0.7697478532791138,
23,66,0,0.719224214553833,
23,67,0,0.4454832673072815,
23,68,0,0.8242881298065186,
23,69,0,0.4635310769081116,
23,70,0,0.5133630633354187,
23,71,0,0.6203281283378601,
23,72,0,0.6689488887786865,
23,73,0,0.7996022701263428,
23,74,0,0.8205339908599854,
23,75,0,0.6576897501945496,
23,76,0,0.8149100542068481,
23,77,0,0.7373117208480835,
23,78,0,0.1654963493347168,
23,79,0,0.8261620998382568,
23,80,0,0.4758755564689636,
23,81,0,0.8134949207305908,
23,82,0,0.051195502281188965,
23,83,0,0.8156000375747681,
23,84,0,0.8388364911079407,
23,85,0,0.5078346133232117,
23,86,0,0.8558859825134277,
23,87,0,0.5731848478317261,
23,88,0,0.8210885524749756,
23,89,0,0.4888497591018677,
23,90,0,0.7406681776046753,
23,91,0,0.8224870562553406,
23,92,0,0.8488286137580872,
23,93,0,0.8183966875076294,
23,94,0,0.48857390880584717,
23,95,0,0.839709460735321,
23,96,0,0.2794385552406311,
23,97,0,0.8409237861633301,
23,98,0,0.6133447885513306,
23,99,0,0.826051652431488,
23,100,0,0.7512373328208923,
23,101,0,0.6660648584365845,
23,102,0,0.8131860494613647,
23,103,0,0.7880753874778748,
23,104,0,0.8423840999603271,
23,105,0,0.33574962615966797,
23,106,0,0.8274344801902771,
23,107,0,0.8226341009140015,
23,108,0,0.6315563917160034,
23,109,0,0.8224773406982422,
23,110,0,0.8456242084503174,
23,111,0,0.8249266147613525,
23,112,0,0.8365008234977722,
23,113,0,0.43123871088027954,
23,114,0,0.25904422998428345,
23,115,0,0.8308279514312744,
23,116,0,0.8190273642539978,
23,117,0,0.3711748719215393,
23,118,0,0.8265237808227539,
23,119,0,0.33641088008880615,
23,120,0,0.8270479440689087,
23,121,0,0.8379074931144714,
23,122,0,0.7303366661071777,
23,123,0,0.06898611783981323,
23,124,0,0.4175451397895813,
23,125,0,0.7563640475273132,
23,126,0,0.8532127141952515,
23,127,0,0.8240363597869873,
23,128,0,0.8250824809074402,
23,129,0,0.8398398756980896,
23,130,0,0.7286710143089294,
23,131,0,0.8371840715408325,
23,132,0,0.7914784550666809,
23,133,0,0.24361556768417358,
23,134,0,0.42716169357299805,
23,135,0,0.4846324324607849,
23,136,0,0.05708110332489014,
23,137,0,0.13480502367019653,
23,138,0,0.259052574634552,
23,139,0,0.48195672035217285,
23,140,0,0.8214769959449768,
23,141,0,0.7748193740844727,
23,142,0,0.8285617828369141,
23,143,0,0.7782055139541626,
23,144,0,0.8164887428283691,
23,145,0,0.2195698618888855,
23,146,0,0.6923216581344604,
23,147,0,0.2396639585494995,
23,148,0,0.7766721844673157,
23,149,0,0.7859708070755005,
23,150,0,0.8028445243835449,
23,151,0,0.8304466009140015,
23,152,0,0.7316166162490845,
23,153,0,0.8247540593147278,
23,154,0,0.8286155462265015,
23,155,0,0.7141973972320557,
23,156,0,0.05156087875366211,
23,157,0,0.6254305839538574,
23,158,0,0.7737335562705994,
23,159,0,0.8081505298614502,
23,160,0,0.3471111059188843,
23,161,0,0.060748279094696045,
23,162,0,0.8411880135536194,
23,163,0,0.2827324867248535,
23,164,0,0.38571590185165405,
23,165,0,0.7245001792907715,
23,166,0,0.252038836479187,
23,167,0,0.8530053496360779,
23,168,0,0.8446112871170044,
23,169,0,0.14686107635498047,
23,170,0,0.7751321196556091,
23,171,0,0.7413842678070068,
23,172,0,0.7357833385467529,
23,173,0,0.635616660118103,
23,174,0,0.7542549967765808,
23,175,0,0.41710251569747925,
23,176,0,0.7639041543006897,
23,177,0,0.31218183040618896,
23,178,0,0.8406386375427246,
23,179,0,0.3425182104110718,
23,180,0,0.7939080595970154,
23,181,0,0.8035597205162048,
23,182,0,0.33079731464385986,
23,183,0,0.17539912462234497,
23,184,0,0.7814842462539673,
23,185,0,0.7451748847961426,
23,186,0,0.291792094707489,
23,187,0,0.739730954170227,
23,188,0,0.7733660936355591,
23,189,0,0.2682860493659973,
23,190,0,0.06717890501022339,
23,191,0,0.45568710565567017,
23,192,0,0.7749447822570801,
23,193,0,0.7400908470153809,
23,194,0,0.7373255491256714,
23,195,0,0.8614130616188049,
23,196,0,0.7502233982086182,
23,197,0,0.19423961639404297,
23,198,0,0.8001661896705627,
23,199,0,0.2539861798286438,
23,200,0,0.7593357563018799,
23,201,0,0.04973679780960083,
23,202,0,0.28276699781417847,
23,203,0,0.8377832174301147,
23,204,0,0.3311960697174072,
23,205,0,0.26426082849502563,
23,206,0,0.3425946831703186,
23,207,0,0.15265542268753052,
23,208,0,0.47990959882736206,
23,209,0,0.7848340272903442,
23,210,0,0.30602461099624634,
23,211,0,0.8226336240768433,
23,212,0,0.48903709650039673,
23,213,0,0.7982896566390991,
23,214,0,0.8373302221298218,
23,215,0,0.8494424223899841,
23,216,0,0.45229417085647583,
23,217,0,0.8302422165870667,
23,218,0,0.8549323678016663,
23,219,0,0.7285851240158081,
23,220,0,0.25791025161743164,
23,221,0,0.7425976991653442,
23,222,0,0.3193451166152954,
23,223,0,0.485506534576416,
23,224,0,0.8292855024337769,
23,225,0,0.3002259135246277,
23,226,0,0.8176077604293823,
23,227,0,0.17264699935913086,
23,228,0,0.7190099954605103,
23,229,0,0.42290979623794556,
23,230,0,0.4598459005355835,
23,231,0,0.829489529132843,
23,232,0,0.855792760848999,
23,233,0,0.843033492565155,
23,234,0,0.8285385966300964,
23,235,0,0.044780611991882324,
23,236,0,0.4421553611755371,
23,237,0,0.8349887132644653,
23,238,0,0.4689091444015503,
23,239,0,0.4293178915977478,
23,240,0,0.8174495697021484,
23,241,0,0.8518545031547546,
23,242,0,0.8242812156677246,
23,243,0,0.4397757053375244,
23,244,0,0.3135133981704712,
23,245,0,0.051255881786346436,
23,246,0,0.43192940950393677,
23,247,0,0.837108314037323,
23,248,0,0.45347917079925537,
23,249,0,0.820549488067627,
23,250,0,0.1282094120979309,
23,251,0,0.846734344959259,
23,252,0,0.7745282053947449,
23,253,0,0.7669185400009155,
23,254,0,0.04146897792816162,
23,255,0,0.752754807472229,
23,256,0,0.5616819858551025,
23,257,0,0.8465237021446228,
23,258,0,0.837552547454834,
23,259,0,0.8443949222564697,
23,260,0,0.5162781476974487,
23,261,0,0.7431933879852295,
23,262,0,0.8315998315811157,
23,263,0,0.7275194525718689,
23,264,0,0.2910774350166321,
23,265,0,0.8549637198448181,
23,266,0,0.820527970790863,
23,267,0,0.8356367945671082,
23,268,0,0.3244035840034485,
23,269,0,0.4620685577392578,
23,270,0,0.5997655391693115,
23,271,0,0.8061918020248413,
23,272,0,0.3842814564704895,
23,273,0,0.8429337739944458,
23,274,0,0.8175012469291687,
23,275,0,0.1627488136291504,
23,276,0,0.8192110061645508,
23,277,0,0.06346356868743896,
23,278,0,0.5343128442764282,
23,279,0,0.7416591644287109,
23,280,0,0.7807164192199707,
23,281,0,0.7925039529800415,
23,282,0,0.7470732927322388,
23,283,0,0.756165087223053,
23,284,0,0.8493928909301758,
23,285,0,0.8533060550689697,
23,286,0,0.6485443115234375,
23,287,0,0.7304357290267944,
23,288,0,0.8141917586326599,
23,289,0,0.5248801708221436,
23,290,0,0.825822651386261,
23,291,0,0.04827243089675903,
23,292,0,0.38958948850631714,
23,293,0,0.8433405160903931,
23,294,0,0.8346864581108093,
23,295,0,0.8381737470626831,
23,296,0,0.4838562607765198,
23,297,0,0.05260026454925537,
23,298,0,0.8477623462677002,
23,299,0,0.8112554550170898,
23,300,0,0.4294458031654358,
23,301,0,0.41441529989242554,
23,302,0,0.8423727750778198,
23,303,0,0.59898442029953,
23,304,0,0.8457915782928467,
23,305,0,0.47127312421798706,
23,306,0,0.23453634977340698,
23,307,0,0.833598792552948,
23,308,0,0.8411868810653687,
23,309,0,0.20061653852462769,
23,310,0,0.8185595870018005,
23,311,0,0.390175998210907,
23,312,0,0.824674665927887,
23,313,0,0.818801760673523,
23,314,0,0.41619765758514404,
23,315,0,0.8006645441055298,
23,316,0,0.8406867384910583,
23,317,0,0.670624852180481,
23,318,0,0.36631715297698975,
23,319,0,0.3215630054473877,
23,320,0,0.7447205781936646,
23,321,0,0.8303026556968689,
23,322,0,0.8414002060890198,
23,323,0,0.3002684712409973,
23,324,0,0.849062979221344,
23,325,0,0.7942037582397461,
23,326,0,0.8131586313247681,
23,327,0,0.7321746349334717,
23,328,0,0.7250895500183105,
23,329,0,0.7679807543754578,
23,330,0,0.3767266869544983,
23,331,0,0.3301007151603699,
23,332,0,0.8374923467636108,
23,333,0,0.2476627230644226,
23,334,0,0.8068397641181946,
23,335,0,0.3742278218269348,
23,336,0,0.8307536840438843,
23,337,0,0.45142507553100586,
23,338,0,0.6317046880722046,
23,339,0,0.7944126129150391,
23,340,0,0.8415055871009827,
23,341,0,0.0596088171005249,
23,342,0,0.7457108497619629,
23,343,0,0.6140581369400024,
23,344,0,0.8247039914131165,
23,345,0,0.8282953500747681,
23,346,0,0.23520976305007935,
23,347,0,0.16881734132766724,
23,348,0,0.7526181936264038,
23,349,0,0.8290315270423889,
23,350,0,0.7893224358558655,
23,351,0,0.7733603119850159,
23,352,0,0.8242921233177185,
23,353,0,0.819991946220398,
23,354,0,0.6467428207397461,
23,355,0,0.16355597972869873,
23,356,0,0.8412753343582153,
23,357,0,0.7411594390869141,
23,358,0,0.2071128487586975,
23,359,0,0.7814220190048218,
23,360,0,0.8497083187103271,
23,361,0,0.8463391661643982,
23,362,0,0.2525292634963989,
23,363,0,0.31193864345550537,
23,364,0,0.752285361289978,
23,365,0,0.8489688634872437,
23,366,0,0.8384507894515991,
23,367,0,0.8352565765380859,
23,368,0,0.8365371823310852,
23,369,0,0.8193501830101013,
23,370,0,0.6223983764648438,
23,371,0,0.7291749715805054,
23,372,0,0.8239454627037048,
23,373,0,0.8397522568702698,
23,374,0,0.4415704011917114,
23,375,0,0.7640136480331421,
23,376,0,0.7651073932647705,
23,377,0,0.33815449476242065,
23,378,0,0.40786129236221313,
23,379,0,0.8479952812194824,
23,380,0,0.3496249318122864,
23,381,0,0.32162994146347046,
23,382,0,0.32557982206344604,
23,383,0,0.8413316011428833,
23,384,0,0.34081536531448364,
23,385,0,0.33649951219558716,
23,386,0,0.24054962396621704,
23,387,0,0.4411405324935913,
23,388,0,0.05697137117385864,
23,389,0,0.7820252180099487,
23,390,0,0.7586881518363953,
23,391,0,0.7013874053955078,
23,392,0,0.6781517863273621,
23,393,0,0.30916619300842285,
23,394,0,0.4796467423439026,
23,395,0,0.8122565150260925,
23,396,0,0.15951591730117798,
23,397,0,0.18580085039138794,
23,398,0,0.7995685338973999,
23,399,0,0.3024978041648865,
23,400,0,0.7142475843429565,
23,401,0,0.7655953764915466,
23,402,0,0.8310791850090027,
23,403,0,0.8040329813957214,
23,404,0,0.326665461063385,
23,405,0,0.06596595048904419,
23,406,0,0.7645498514175415,
23,407,0,0.8445940017700195,
23,408,0,0.8016760349273682,
23,409,0,0.7069591283798218,
23,410,0,0.8345041275024414,
23,411,0,0.3078422546386719,
23,412,0,0.8075287938117981,
23,413,0,0.07081019878387451,
23,414,0,0.7801731824874878,
23,415,0,0.6461492776870728,
23,416,0,0.8307613134384155,
23,417,0,0.05534905195236206,
23,418,0,0.4972496032714844,
23,419,0,0.4738062620162964,
23,420,0,0.2592366933822632,
23,421,0,0.25817787647247314,
23,422,0,0.815040111541748,
23,423,0,0.8380916118621826,
23,424,0,0.8291674852371216,
23,425,0,0.8145597577095032,
23,426,0,0.8120254874229431,
23,427,0,0.815885603427887,
23,428,0,0.45936065912246704,
23,429,0,0.8152289390563965,
23,430,0,0.2641056180000305,
23,431,0,0.7892204523086548,
23,432,0,0.7495712041854858,
23,433,0,0.8251517415046692,
23,434,0,0.8308843970298767,
23,435,0,0.8147764205932617,
23,436,0,0.6064325571060181,
23,437,0,0.05140388011932373,
23,438,0,0.7152611017227173,
23,439,0,0.22143840789794922,
23,440,0,0.8544591665267944,
23,441,0,0.7850853204727173,
23,442,0,0.8261830806732178,
23,443,0,0.8167890310287476,
23,444,0,0.7600864171981812,
23,445,0,0.8296120166778564,
23,446,0,0.7594527006149292,
23,447,0,0.31148505210876465,
23,448,0,0.052547335624694824,
23,449,0,0.8012830018997192,
23,450,0,0.7713123559951782,
23,451,0,0.26051223278045654,
23,452,0,0.8339728116989136,
23,453,0,0.2926204800605774,
23,454,0,0.4203869700431824,
23,455,0,0.5745840072631836,
23,456,0,0.7251838445663452,
23,457,0,0.6627204418182373,
23,458,0,0.5173739194869995,
23,459,0,0.8313902616500854,
23,460,0,0.8207285404205322,
23,461,0,0.46849048137664795,
23,462,0,0.8069041967391968,
23,463,0,0.1542533040046692,
23,464,0,0.6078194379806519,
23,465,0,0.7431240081787109,
23,466,0,0.045687854290008545,
23,467,0,0.8167267441749573,
23,468,0,0.6372838020324707,
23,469,0,0.7997573614120483,
23,470,0,0.3407164216041565,
23,471,0,0.05379295349121094,
23,472,0,0.839743971824646,
23,473,0,0.8370879292488098,
23,474,0,0.05782449245452881,
23,475,0,0.8291594982147217,
23,476,0,0.4621344208717346,
23,477,0,0.8347576856613159,
23,478,0,0.5219529867172241,
23,479,0,0.4843760132789612,
23,480,0,0.6636216044425964,
23,481,0,0.17467576265335083,
23,482,0,0.8104555606842041,
23,483,0,0.832017719745636,
23,484,0,0.8407291769981384,
23,485,0,0.44939523935317993,
23,486,0,0.7187212109565735,
23,487,0,0.33648860454559326,
23,488,0,0.7268843650817871,
23,489,0,0.8344039916992188,
23,490,0,0.7641303539276123,
23,491,0,0.82647305727005,
23,492,0,0.6471112966537476,
23,493,0,0.7408565282821655,
23,494,0,0.05935513973236084,
23,495,0,0.3611462712287903,
23,496,0,0.2833898663520813,
23,497,0,0.7781038284301758,
23,498,0,0.4486144781112671,
23,499,0,0.8414501547813416,
23,500,0,0.8210760951042175,
23,501,0,0.7693612575531006,
23,502,0,0.8377934694290161,
23,503,0,0.2074887752532959,
23,504,0,0.7472066879272461,
23,505,0,0.4726238250732422,
23,506,0,0.765628457069397,
23,507,0,0.27816683053970337,
23,508,0,0.8524649739265442,
23,509,0,0.8440967798233032,
23,510,0,0.8332720994949341,
23,511,0,0.7669404745101929,
23,512,0,0.25013601779937744,
23,513,0,0.725820779800415,
23,514,0,0.8169097304344177,
23,515,0,0.8136047720909119,
23,516,0,0.7411917448043823,
23,517,0,0.40078288316726685,
23,518,0,0.23591285943984985,
23,519,0,0.2966853976249695,
23,520,0,0.8392118215560913,
23,521,0,0.8342980742454529,
23,522,0,0.3566387891769409,
23,523,0,0.8591775894165039,
23,524,0,0.7410634756088257,
23,525,0,0.05336129665374756,
23,526,0,0.3262236714363098,
23,527,0,0.8369402885437012,
23,528,0,0.05305814743041992,
23,529,0,0.8316173553466797,
23,530,0,0.8042482733726501,
23,531,0,0.8420839309692383,
23,532,0,0.8050843477249146,
23,533,0,0.8293455243110657,
23,534,0,0.3799489736557007,
23,535,0,0.8278193473815918,
23,536,0,0.7930924296379089,
23,537,0,0.27934080362319946,
23,538,0,0.8258150219917297,
23,539,0,0.8167871832847595,
23,540,0,0.7857858538627625,
23,541,0,0.42972928285598755,
23,542,0,0.334991455078125,
23,543,0,0.846542239189148,
23,544,0,0.060312747955322266,
23,545,0,0.4026898145675659,
23,546,0,0.451360285282135,
23,547,0,0.06210535764694214,
23,548,0,0.776955246925354,
23,549,0,0.31716471910476685,
23,550,0,0.8347049951553345,
23,551,0,0.8419514894485474,
23,552,0,0.7276076674461365,
23,553,0,0.444729208946228,
23,554,0,0.6603472232818604,
23,555,0,0.2671288847923279,
23,556,0,0.7715805768966675,
23,557,0,0.8224496841430664,
23,558,0,0.3953576683998108,
23,559,0,0.648063063621521,
23,560,0,0.7826555967330933,
23,561,0,0.8239461779594421,
23,562,0,0.1718529462814331,
23,563,0,0.8258056044578552,
23,564,0,0.47888070344924927,
23,565,0,0.3559649586677551,
23,566,0,0.37328875064849854,
23,567,0,0.8235831260681152,
23,568,0,0.2155752182006836,
23,569,0,0.8249770402908325,
23,570,0,0.6347484588623047,
23,571,0,0.6077353954315186,
23,572,0,0.3274645209312439,
23,573,0,0.872306227684021,
23,574,0,0.32343119382858276,
23,575,0,0.29058921337127686,
23,576,0,0.7886311411857605,
23,577,0,0.2981413006782532,
23,578,0,0.31345129013061523,
23,579,0,0.7831148505210876,
23,580,0,0.29243767261505127,
23,581,0,0.4115934371948242,
23,582,0,0.8260035514831543,
23,583,0,0.7666087746620178,
23,584,0,0.44461745023727417,
23,585,0,0.8136321902275085,
23,586,0,0.8311516046524048,
23,587,0,0.5880241394042969,
23,588,0,0.23426824808120728,
23,589,0,0.7206645011901855,
23,590,0,0.823962926864624,
23,591,0,0.26451998949050903,
23,592,0,0.8170889616012573,
23,593,0,0.8371250033378601,
23,594,0,0.8187853097915649,
23,595,0,0.7448875308036804,
23,596,0,0.4349460005760193,
23,597,0,0.16772449016571045,
23,598,0,0.315296471118927,
23,599,0,0.3452921509742737,
23,600,0,0.7668464183807373,
23,601,0,0.42854541540145874,
23,602,0,0.19058024883270264,
23,603,0,0.3094256520271301,
23,604,0,0.7464279532432556,
23,605,0,0.7852596044540405,
23,606,0,0.30599546432495117,
23,607,0,0.7567746639251709,
23,608,0,0.7052621245384216,
23,609,0,0.8332892656326294,
23,610,0,0.8382524251937866,
23,611,0,0.8598321080207825,
23,612,0,0.6636394262313843,
23,613,0,0.7662942409515381,
23,614,0,0.8368080258369446,
23,615,0,0.3928949236869812,
23,616,0,0.8432709574699402,
23,617,0,0.3058900237083435,
23,618,0,0.16989469528198242,
23,619,0,0.42447686195373535,
23,620,0,0.8415722250938416,
23,621,0,0.4223218560218811,
23,622,0,0.7817716598510742,
23,623,0,0.4291331171989441,
23,624,0,0.32164865732192993,
23,625,0,0.8553160429000854,
23,626,0,0.8177971243858337,
23,627,0,0.81980299949646,
23,628,0,0.8487899303436279,
23,629,0,0.48159825801849365,
23,630,0,0.06393623352050781,
23,631,0,0.18052977323532104,
23,632,0,0.8137897849082947,
23,633,0,0.7305043935775757,
23,634,0,0.8334826231002808,
23,635,0,0.4832882881164551,
23,636,0,0.8150719404220581,
23,637,0,0.71189284324646,
23,638,0,0.8288297653198242,
23,639,0,0.7600771188735962,
23,640,0,0.15473252534866333,
23,641,0,0.7558200359344482,
23,642,0,0.7764132022857666,
23,643,0,0.42628830671310425,
23,644,0,0.41380882263183594,
23,645,0,0.818869948387146,
23,646,0,0.8275131583213806,
23,647,0,0.7721531391143799,
23,648,0,0.8155152797698975,
23,649,0,0.049356043338775635,
23,650,0,0.7656058669090271,
23,651,0,0.4413037896156311,
23,652,0,0.7170534133911133,
23,653,0,0.5848071575164795,
23,654,0,0.7627989053726196,
23,655,0,0.24466979503631592,
23,656,0,0.2521129250526428,
23,657,0,0.386308491230011,
23,658,0,0.7610493898391724,
23,659,0,0.052518248558044434,
23,660,0,0.8482933044433594,
23,661,0,0.7575244903564453,
23,662,0,0.8231901526451111,
23,663,0,0.7290366291999817,
23,664,0,0.8402577638626099,
23,665,0,0.4310482144355774,
23,666,0,0.056027770042419434,
23,667,0,0.8159172534942627,
23,668,0,0.297329306602478,
23,669,0,0.4679029583930969,
23,670,0,0.3883116841316223,
23,671,0,0.7611820697784424,
23,672,0,0.17811715602874756,
23,673,0,0.28353458642959595,
23,674,0,0.41302716732025146,
23,675,0,0.7624686360359192,
23,676,0,0.16479527950286865,
23,677,0,0.6087300777435303,
23,678,0,0.8449659943580627,
23,679,0,0.8092555403709412,
23,680,0,0.06081026792526245,
23,681,0,0.8333029747009277,
23,682,0,0.33835703134536743,
23,683,0,0.34808748960494995,
23,684,0,0.837861955165863,
23,685,0,0.8161142468452454,
23,686,0,0.8154914975166321,
23,687,0,0.6221100091934204,
23,688,0,0.29205548763275146,
23,689,0,0.7567758560180664,
23,690,0,0.8423311710357666,
23,691,0,0.16426312923431396,
23,692,0,0.3651670217514038,
23,693,0,0.707908034324646,
23,694,0,0.7672249674797058,
23,695,0,0.7673355340957642,
23,696,0,0.19469672441482544,
23,697,0,0.7555400133132935,
23,698,0,0.8442741632461548,
23,699,0,0.45495355129241943,
23,700,0,0.2644193172454834,
23,701,0,0.8473762273788452,
23,702,0,0.7880098819732666,
23,703,0,0.8260608911514282,
23,704,0,0.16185855865478516,
23,705,0,0.05515009164810181,
23,706,0,0.8455023765563965,
23,707,0,0.8224154114723206,
23,708,0,0.8450784087181091,
23,709,0,0.7544617652893066,
23,710,0,0.41205137968063354,
23,711,0,0.3567025661468506,
23,712,0,0.3047441244125366,
23,713,0,0.42575889825820923,
23,714,0,0.8461658954620361,
23,715,0,0.4526110291481018,
23,716,0,0.769229531288147,
23,717,0,0.6678823232650757,
23,718,0,0.8322861790657043,
23,719,0,0.82603919506073,
23,720,0,0.7939908504486084,
23,721,0,0.7841697335243225,
23,722,0,0.7802683711051941,
23,723,0,0.17274290323257446,
23,724,0,0.7288151383399963,
23,725,0,0.20364981889724731,
23,726,0,0.8259594440460205,
23,727,0,0.8078868985176086,
23,728,0,0.19960689544677734,
23,729,0,0.45516711473464966,
23,730,0,0.3787933588027954,
23,731,0,0.8285571336746216,
23,732,0,0.8118492364883423,
23,733,0,0.40770816802978516,
23,734,0,0.8232418298721313,
23,735,0,0.3317810893058777,
23,736,0,0.7527183294296265,
23,737,0,0.822915256023407,
23,738,0,0.8351259827613831,
23,739,0,0.617896556854248,
23,740,0,0.30924147367477417,
23,741,0,0.6970560550689697,
23,742,0,0.8266400098800659,
23,743,0,0.8465371131896973,
23,744,0,0.808379054069519,
23,745,0,0.28679901361465454,
23,746,0,0.7396215200424194,
23,747,0,0.8613634705543518,
23,748,0,0.7235500812530518,
23,749,0,0.8221920132637024,
23,750,0,0.8210927248001099,
23,751,0,0.825011134147644,
23,752,0,0.772804856300354,
23,753,0,0.4762449264526367,
23,754,0,0.7388206720352173,
23,755,0,0.8359276056289673,
23,756,0,0.8272773027420044,
23,757,0,0.8404396772384644,
23,758,0,0.7057839632034302,
23,759,0,0.05288964509963989,
23,760,0,0.4492787718772888,
23,761,0,0.7463670969009399,
23,762,0,0.7772058248519897,
23,763,0,0.3440617322921753,
23,764,0,0.3212551474571228,
23,765,0,0.8056667447090149,
23,766,0,0.1758008599281311,
23,767,0,0.7504295706748962,
23,768,0,0.8306233882904053,
23,769,0,0.20379382371902466,
23,770,0,0.7889538407325745,
23,771,0,0.7263938188552856,
23,772,0,0.799429178237915,
23,773,0,0.20781481266021729,
23,774,0,0.8410924673080444,
23,775,0,0.7962417602539062,
23,776,0,0.2655523419380188,
23,777,0,0.8283718228340149,
23,778,0,0.438575804233551,
23,779,0,0.8419360518455505,
23,780,0,0.7591556310653687,
23,781,0,0.830560028553009,
23,782,0,0.4129803776741028,
23,783,0,0.8073944449424744,
23,784,0,0.40562742948532104,
23,785,0,0.04740935564041138,
23,786,0,0.4833574891090393,
23,787,0,0.26008397340774536,
23,788,0,0.8475744724273682,
23,789,0,0.30990010499954224,
23,790,0,0.78699791431427,
23,791,0,0.4772873520851135,
23,792,0,0.3533848524093628,
23,793,0,0.798832356929779,
23,794,0,0.8374816179275513,
23,795,0,0.28962409496307373,
23,796,0,0.8326027393341064,
23,797,0,0.062530517578125,
23,798,0,0.4650723338127136,
23,799,0,0.8280470371246338,
23,val,,,0.5858504754304886
24,0,0,0.4025874733924866,
24,1,0,0.8162230849266052,
24,2,0,0.6629776954650879,
24,3,0,0.8421369791030884,
24,4,0,0.4138956665992737,
24,5,0,0.7705205678939819,
24,6,0,0.17062169313430786,
24,7,0,0.4764755964279175,
24,8,0,0.24953711032867432,
24,9,0,0.8169670104980469,
24,10,0,0.06598907709121704,
24,11,0,0.8436220288276672,
24,12,0,0.8332655429840088,
24,13,0,0.8263178467750549,
24,14,0,0.7515491247177124,
24,15,0,0.8214514255523682,
24,16,0,0.5162064433097839,
24,17,0,0.3986576199531555,
24,18,0,0.8092455863952637,
24,19,0,0.8183815479278564,
24,20,0,0.7458869218826294,
24,21,0,0.4834027886390686,
24,22,0,0.2790642976760864,
24,23,0,0.6899119019508362,
24,24,0,0.8227829933166504,
24,25,0,0.7301959991455078,
24,26,0,0.8414804339408875,
24,27,0,0.38853979110717773,
24,28,0,0.28375184535980225,
24,29,0,0.4604123830795288,
24,30,0,0.8291510939598083,
24,31,0,0.8134880065917969,
24,32,0,0.45424503087997437,
24,33,0,0.7486552596092224,
24,34,0,0.825443685054779,
24,35,0,0.27511507272720337,
24,36,0,0.4283742308616638,
24,37,0,0.8266958594322205,
24,38,0,0.19626790285110474,
24,39,0,0.8441009521484375,
24,40,0,0.16387403011322021,
24,41,0,0.6278811097145081,
24,42,0,0.4654572606086731,
24,43,0,0.04296433925628662,
24,44,0,0.7464550733566284,
24,45,0,0.4657788872718811,
24,46,0,0.05110442638397217,
24,47,0,0.051646292209625244,
24,48,0,0.8341782689094543,
24,49,0,0.3136032819747925,
24,50,0,0.8420408368110657,
24,51,0,0.3882752060890198,
24,52,0,0.42966943979263306,
24,53,0,0.05171447992324829,
24,54,0,0.8525211811065674,
24,55,0,0.4506416320800781,
24,56,0,0.7955033183097839,
24,57,0,0.4982892870903015,
24,58,0,0.8520729541778564,
24,59,0,0.3593921661376953,
24,60,0,0.4248678684234619,
24,61,0,0.601373553276062,
24,62,0,0.8298854827880859,
24,63,0,0.27047401666641235,
24,64,0,0.2623816132545471,
24,65,0,0.7669550180435181,
24,66,0,0.719903826713562,
24,67,0,0.44820183515548706,
24,68,0,0.8322116136550903,
24,69,0,0.4612351655960083,
24,70,0,0.5100739002227783,
24,71,0,0.6187041997909546,
24,72,0,0.6701716780662537,
24,73,0,0.8044799566268921,
24,74,0,0.8200179934501648,
24,75,0,0.652112603187561,
24,76,0,0.814365804195404,
24,77,0,0.740498423576355,
24,78,0,0.1659907102584839,
24,79,0,0.8201737999916077,
24,80,0,0.47797566652297974,
24,81,0,0.8126131892204285,
24,82,0,0.05192983150482178,
24,83,0,0.8128532767295837,
24,84,0,0.8273190855979919,
24,85,0,0.5093684196472168,
24,86,0,0.8344076871871948,
24,87,0,0.5709346532821655,
24,88,0,0.8175328373908997,
24,89,0,0.48711323738098145,
24,90,0,0.7410712242126465,
24,91,0,0.820494532585144,
24,92,0,0.8491284251213074,
24,93,0,0.8175218105316162,
24,94,0,0.49120527505874634,
24,95,0,0.8488653898239136,
24,96,0,0.2792983651161194,
24,97,0,0.8389624357223511,
24,98,0,0.6051080226898193,
24,99,0,0.8375527858734131,
24,100,0,0.7511028051376343,
24,101,0,0.6655113101005554,
24,102,0,0.8134543895721436,
24,103,0,0.7909722328186035,
24,104,0,0.8418668508529663,
24,105,0,0.3407432436943054,
24,106,0,0.843936026096344,
24,107,0,0.8201713562011719,
24,108,0,0.631659984588623,
24,109,0,0.8184146285057068,
24,110,0,0.8536428213119507,
24,111,0,0.814300537109375,
24,112,0,0.8408801555633545,
24,113,0,0.432353675365448,
24,114,0,0.2588566541671753,
24,115,0,0.8326526284217834,
24,116,0,0.8215780258178711,
24,117,0,0.3705912232398987,
24,118,0,0.8140071630477905,
24,119,0,0.3357500433921814,
24,120,0,0.8256149291992188,
24,121,0,0.8383989334106445,
24,122,0,0.7354577779769897,
24,123,0,0.06921100616455078,
24,124,0,0.4165358543395996,
24,125,0,0.7590711116790771,
24,126,0,0.8603772521018982,
24,127,0,0.8241286277770996,
24,128,0,0.8210266828536987,
24,129,0,0.8404791355133057,
24,130,0,0.7258005142211914,
24,131,0,0.8427808880805969,
24,132,0,0.7826799750328064,
24,133,0,0.24398928880691528,
24,134,0,0.4260466694831848,
24,135,0,0.48592692613601685,
24,136,0,0.05653887987136841,
24,137,0,0.1360257863998413,
24,138,0,0.2604186534881592,
24,139,0,0.48082631826400757,
24,140,0,0.8184954524040222,
24,141,0,0.7758057713508606,
24,142,0,0.8404086828231812,
24,143,0,0.7795382142066956,
24,144,0,0.815892219543457,
24,145,0,0.22068798542022705,
24,146,0,0.6888729333877563,
24,147,0,0.23980599641799927,
24,148,0,0.7739012837409973,
24,149,0,0.7876805663108826,
24,150,0,0.8053116798400879,
24,151,0,0.8231045007705688,
24,152,0,0.7335649728775024,
24,153,0,0.8231024742126465,
24,154,0,0.8329413533210754,
24,155,0,0.7131513357162476,
24,156,0,0.051619887351989746,
24,157,0,0.6239120960235596,
24,158,0,0.7749772071838379,
24,159,0,0.8056809902191162,
24,160,0,0.35086822509765625,
24,161,0,0.060688555240631104,
24,162,0,0.8383195996284485,
24,163,0,0.2821863293647766,
24,164,0,0.38591545820236206,
24,165,0,0.7244919538497925,
24,166,0,0.262442946434021,
24,167,0,0.84003084897995,
24,168,0,0.8464397192001343,
24,169,0,0.14911490678787231,
24,170,0,0.7727804183959961,
24,171,0,0.7410905361175537,
24,172,0,0.7386125326156616,
24,173,0,0.6374088525772095,
24,174,0,0.754848062992096,
24,175,0,0.41637134552001953,
24,176,0,0.7658727765083313,
24,177,0,0.31216830015182495,
24,178,0,0.8370041251182556,
24,179,0,0.3399122357368469,
24,180,0,0.7906426787376404,
24,181,0,0.804714560508728,
24,182,0,0.3311465382575989,
24,183,0,0.17524796724319458,
24,184,0,0.7864189147949219,
24,185,0,0.7437222003936768,
24,186,0,0.2932685613632202,
24,187,0,0.7395963668823242,
24,188,0,0.7458878755569458,
24,189,0,0.26864320039749146,
24,190,0,0.06587886810302734,
24,191,0,0.4603329300880432,
24,192,0,0.7546700239181519,
24,193,0,0.7402650117874146,
24,194,0,0.7385598421096802,
24,195,0,0.8611174821853638,
24,196,0,0.749677836894989,
24,197,0,0.19305473566055298,
24,198,0,0.8093841671943665,
24,199,0,0.25441116094589233,
24,200,0,0.7543968558311462,
24,201,0,0.049168407917022705,
24,202,0,0.2843002676963806,
24,203,0,0.8365464210510254,
24,204,0,0.32898664474487305,
24,205,0,0.2651146650314331,
24,206,0,0.34036076068878174,
24,207,0,0.15256547927856445,
24,208,0,0.47881728410720825,
24,209,0,0.7808443307876587,
24,210,0,0.308061420917511,
24,211,0,0.8247043490409851,
24,212,0,0.4894779920578003,
24,213,0,0.8030506372451782,
24,214,0,0.8370825052261353,
24,215,0,0.8699809312820435,
24,216,0,0.45586544275283813,
24,217,0,0.8305959105491638,
24,218,0,0.8368702530860901,
24,219,0,0.7316219806671143,
24,220,0,0.25616538524627686,
24,221,0,0.7441757917404175,
24,222,0,0.31860530376434326,
24,223,0,0.4848952889442444,
24,224,0,0.8333412408828735,
24,225,0,0.29447615146636963,
24,226,0,0.816020131111145,
24,227,0,0.17267769575119019,
24,228,0,0.7085487246513367,
24,229,0,0.4229550361633301,
24,230,0,0.45813828706741333,
24,231,0,0.8281553387641907,
24,232,0,0.8536278009414673,
24,233,0,0.8497759699821472,
24,234,0,0.8276538848876953,
24,235,0,0.04493147134780884,
24,236,0,0.44232290983200073,
24,237,0,0.8334112763404846,
24,238,0,0.4690104126930237,
24,239,0,0.4095262289047241,
24,240,0,0.8190158605575562,
24,241,0,0.8343188166618347,
24,242,0,0.8258837461471558,
24,243,0,0.43848854303359985,
24,244,0,0.3089178204536438,
24,245,0,0.05134469270706177,
24,246,0,0.4336209297180176,
24,247,0,0.8347924947738647,
24,248,0,0.45286720991134644,
24,249,0,0.814165472984314,
24,250,0,0.12274760007858276,
24,251,0,0.8456919193267822,
24,252,0,0.7741866111755371,
24,253,0,0.760239839553833,
24,254,0,0.040957748889923096,
24,255,0,0.7537212371826172,
24,256,0,0.5611281394958496,
24,257,0,0.8508481979370117,
24,258,0,0.8506350517272949,
24,259,0,0.8462763428688049,
24,260,0,0.5172421932220459,
24,261,0,0.7439905405044556,
24,262,0,0.8419832587242126,
24,263,0,0.7266155481338501,
24,264,0,0.29085737466812134,
24,265,0,0.8510377407073975,
24,266,0,0.8193020820617676,
24,267,0,0.8349434733390808,
24,268,0,0.3256042003631592,
24,269,0,0.4570443630218506,
24,270,0,0.6005009412765503,
24,271,0,0.8085864782333374,
24,272,0,0.38276511430740356,
24,273,0,0.8456242084503174,
24,274,0,0.8121068477630615,
24,275,0,0.16266268491744995,
24,276,0,0.8148637413978577,
24,277,0,0.0630839467048645,
24,278,0,0.5430846214294434,
24,279,0,0.739865779876709,
24,280,0,0.7788822650909424,
24,281,0,0.7911626696586609,
24,282,0,0.7474123239517212,
24,283,0,0.754165768623352,
24,284,0,0.8428370952606201,
24,285,0,0.835882306098938,
24,286,0,0.6471023559570312,
24,287,0,0.7285988330841064,
24,288,0,0.8243427276611328,
24,289,0,0.5214276313781738,
24,290,0,0.8306215405464172,
24,291,0,0.04806709289550781,
24,292,0,0.38898468017578125,
24,293,0,0.8465266823768616,
24,294,0,0.83515864610672,
24,295,0,0.8360149264335632,
24,296,0,0.48362094163894653,
24,297,0,0.05098921060562134,
24,298,0,0.8501927852630615,
24,299,0,0.8115790486335754,
24,300,0,0.4326246976852417,
24,301,0,0.41401469707489014,
24,302,0,0.8418879508972168,
24,303,0,0.6024186611175537,
24,304,0,0.8443009853363037,
24,305,0,0.47002077102661133,
24,306,0,0.2356153130531311,
24,307,0,0.8336930871009827,
24,308,0,0.8419893980026245,
24,309,0,0.2013424038887024,
24,310,0,0.8172128200531006,
24,311,0,0.38982582092285156,
24,312,0,0.8227522373199463,
24,313,0,0.8158986568450928,
24,314,0,0.4123985767364502,
24,315,0,0.8100061416625977,
24,316,0,0.83452308177948,
24,317,0,0.6626886129379272,
24,318,0,0.3719121217727661,
24,319,0,0.32013803720474243,
24,320,0,0.7446470856666565,
24,321,0,0.8401403427124023,
24,322,0,0.8452844619750977,
24,323,0,0.30196917057037354,
24,324,0,0.8555004596710205,
24,325,0,0.800786018371582,
24,326,0,0.812484622001648,
24,327,0,0.7332066297531128,
24,328,0,0.7236530780792236,
24,329,0,0.7695419192314148,
24,330,0,0.3684905767440796,
24,331,0,0.3237948417663574,
24,332,0,0.8313650488853455,
24,333,0,0.24771887063980103,
24,334,0,0.8087420463562012,
24,335,0,0.3698314428329468,
24,336,0,0.8308529257774353,
24,337,0,0.4463390111923218,
24,338,0,0.6321492195129395,
24,339,0,0.7982387542724609,
24,340,0,0.8437761664390564,
24,341,0,0.05893981456756592,
24,342,0,0.7581658363342285,
24,343,0,0.6174208521842957,
24,344,0,0.8247669339179993,
24,345,0,0.8278095722198486,
24,346,0,0.23536813259124756,
24,347,0,0.16944462060928345,
24,348,0,0.7529820799827576,
24,349,0,0.8440992832183838,
24,350,0,0.7996606230735779,
24,351,0,0.7721771597862244,
24,352,0,0.8260500431060791,
24,353,0,0.8327988386154175,
24,354,0,0.6452651023864746,
24,355,0,0.16322451829910278,
24,356,0,0.8355342149734497,
24,357,0,0.7410306334495544,
24,358,0,0.20579028129577637,
24,359,0,0.781165361404419,
24,360,0,0.8397180438041687,
24,361,0,0.8455567359924316,
24,362,0,0.25262218713760376,
24,363,0,0.3110021948814392,
24,364,0,0.7517794370651245,
24,365,0,0.863700270652771,
24,366,0,0.8240535259246826,
24,367,0,0.8367037177085876,
24,368,0,0.8224676847457886,
24,369,0,0.8090606331825256,
24,370,0,0.6226277947425842,
24,371,0,0.7347214221954346,
24,372,0,0.8301743865013123,
24,373,0,0.8377451300621033,
24,374,0,0.4268038868904114,
24,375,0,0.7525838613510132,
24,376,0,0.7643862366676331,
24,377,0,0.3384823203086853,
24,378,0,0.4064449071884155,
24,379,0,0.8376757502555847,
24,380,0,0.34478944540023804,
24,381,0,0.3225550055503845,
24,382,0,0.3249116539955139,
24,383,0,0.8442655205726624,
24,384,0,0.34245043992996216,
24,385,0,0.3351324796676636,
24,386,0,0.24068009853363037,
24,387,0,0.43961238861083984,
24,388,0,0.06033182144165039,
24,389,0,0.78755122423172,
24,390,0,0.7598705887794495,
24,391,0,0.6966820955276489,
24,392,0,0.6801871657371521,
24,393,0,0.3094775080680847,
24,394,0,0.4831274747848511,
24,395,0,0.8126860857009888,
24,396,0,0.16236454248428345,
24,397,0,0.18582171201705933,
24,398,0,0.8002229928970337,
24,399,0,0.305139422416687,
24,400,0,0.7078415155410767,
24,401,0,0.7571821212768555,
24,402,0,0.8308929204940796,
24,403,0,0.8058937191963196,
24,404,0,0.327747642993927,
24,405,0,0.06531864404678345,
24,406,0,0.7646754384040833,
24,407,0,0.8396079540252686,
24,408,0,0.8108898401260376,
24,409,0,0.7073799967765808,
24,410,0,0.8359650373458862,
24,411,0,0.3071663975715637,
24,412,0,0.8123623132705688,
24,413,0,0.0683894157409668,
24,414,0,0.7796803116798401,
24,415,0,0.6435503959655762,
24,416,0,0.8480269908905029,
24,417,0,0.05698448419570923,
24,418,0,0.4982042908668518,
24,419,0,0.4753974676132202,
24,420,0,0.2600167989730835,
24,421,0,0.25815141201019287,
24,422,0,0.8175790309906006,
24,423,0,0.8355502486228943,
24,424,0,0.8395647406578064,
24,425,0,0.8138838410377502,
24,426,0,0.8148414492607117,
24,427,0,0.8111621141433716,
24,428,0,0.45974022150039673,
24,429,0,0.816591739654541,
24,430,0,0.264534056186676,
24,431,0,0.7884047031402588,
24,432,0,0.7493652105331421,
24,433,0,0.8261910080909729,
24,434,0,0.8302043080329895,
24,435,0,0.8216946721076965,
24,436,0,0.6061205863952637,
24,437,0,0.05134296417236328,
24,438,0,0.7140076160430908,
24,439,0,0.2217388153076172,
24,440,0,0.848161518573761,
24,441,0,0.7924686670303345,
24,442,0,0.8269811868667603,
24,443,0,0.8180820941925049,
24,444,0,0.7544655203819275,
24,445,0,0.8273324966430664,
24,446,0,0.7499583959579468,
24,447,0,0.31970155239105225,
24,448,0,0.05263882875442505,
24,449,0,0.8000068068504333,
24,450,0,0.7762007713317871,
24,451,0,0.2604231834411621,
24,452,0,0.8201558589935303,
24,453,0,0.2922782897949219,
24,454,0,0.4216540455818176,
24,455,0,0.5726172924041748,
24,456,0,0.7269170880317688,
24,457,0,0.6650987863540649,
24,458,0,0.5181306600570679,
24,459,0,0.8323788642883301,
24,460,0,0.821573793888092,
24,461,0,0.46667617559432983,
24,462,0,0.8064247369766235,
24,463,0,0.1529051661491394,
24,464,0,0.6071202754974365,
24,465,0,0.7443064451217651,
24,466,0,0.0465545654296875,
24,467,0,0.8160448670387268,
24,468,0,0.6416529417037964,
24,469,0,0.7881290316581726,
24,470,0,0.343114972114563,
24,471,0,0.05508852005004883,
24,472,0,0.8434204459190369,
24,473,0,0.8391357064247131,
24,474,0,0.0574641227722168,
24,475,0,0.8283684849739075,
24,476,0,0.4631968140602112,
24,477,0,0.8390437364578247,
24,478,0,0.5216951370239258,
24,479,0,0.4848882555961609,
24,480,0,0.6711978912353516,
24,481,0,0.17394578456878662,
24,482,0,0.8093104958534241,
24,483,0,0.8334865570068359,
24,484,0,0.836181104183197,
24,485,0,0.4469757080078125,
24,486,0,0.717298686504364,
24,487,0,0.3416447639465332,
24,488,0,0.7181105613708496,
24,489,0,0.8366552591323853,
24,490,0,0.7618054747581482,
24,491,0,0.8255863189697266,
24,492,0,0.6486929655075073,
24,493,0,0.7459110021591187,
24,494,0,0.05899149179458618,
24,495,0,0.3606923818588257,
24,496,0,0.28348398208618164,
24,497,0,0.7787476181983948,
24,498,0,0.4477608799934387,
24,499,0,0.8405635356903076,
24,500,0,0.8102561235427856,
24,501,0,0.7710127830505371,
24,502,0,0.8336401581764221,
24,503,0,0.20795029401779175,
24,504,0,0.7482510805130005,
24,505,0,0.47084885835647583,
24,506,0,0.7669095396995544,
24,507,0,0.277884840965271,
24,508,0,0.8441334962844849,
24,509,0,0.8405064344406128,
24,510,0,0.8292770981788635,
24,511,0,0.7656753659248352,
24,512,0,0.249081552028656,
24,513,0,0.7249658107757568,
24,514,0,0.8107420802116394,
24,515,0,0.8080233335494995,
24,516,0,0.7421111464500427,
24,517,0,0.40305835008621216,
24,518,0,0.23532134294509888,
24,519,0,0.2962263822555542,
24,520,0,0.8321272134780884,
24,521,0,0.8360892534255981,
24,522,0,0.3593621850013733,
24,523,0,0.8589146137237549,
24,524,0,0.7314479351043701,
24,525,0,0.053420424461364746,
24,526,0,0.32690316438674927,
24,527,0,0.8389503359794617,
24,528,0,0.052836477756500244,
24,529,0,0.8253904581069946,
24,530,0,0.8036292195320129,
24,531,0,0.8440234661102295,
24,532,0,0.8045844435691833,
24,533,0,0.8284658789634705,
24,534,0,0.380868136882782,
24,535,0,0.8318384289741516,
24,536,0,0.7907761335372925,
24,537,0,0.27938830852508545,
24,538,0,0.8254635334014893,
24,539,0,0.819928765296936,
24,540,0,0.7851470112800598,
24,541,0,0.4308621883392334,
24,542,0,0.33532679080963135,
24,543,0,0.8429147601127625,
24,544,0,0.06153297424316406,
24,545,0,0.3992813229560852,
24,546,0,0.45290422439575195,
24,547,0,0.06192094087600708,
24,548,0,0.7782259583473206,
24,549,0,0.3134429454803467,
24,550,0,0.8319414258003235,
24,551,0,0.8442603349685669,
24,552,0,0.7261524200439453,
24,553,0,0.44101840257644653,
24,554,0,0.6579992175102234,
24,555,0,0.2683836817741394,
24,556,0,0.7773086428642273,
24,557,0,0.8326472043991089,
24,558,0,0.39505672454833984,
24,559,0,0.6458337306976318,
24,560,0,0.7888429164886475,
24,561,0,0.8143943548202515,
24,562,0,0.1726476550102234,
24,563,0,0.8225294351577759,
24,564,0,0.47692686319351196,
24,565,0,0.344163715839386,
24,566,0,0.3729025721549988,
24,567,0,0.8345638513565063,
24,568,0,0.21636080741882324,
24,569,0,0.8234362602233887,
24,570,0,0.6344527006149292,
24,571,0,0.6079738140106201,
24,572,0,0.32535749673843384,
24,573,0,0.8549562096595764,
24,574,0,0.32223474979400635,
24,575,0,0.2927129864692688,
24,576,0,0.8019395470619202,
24,577,0,0.29808610677719116,
24,578,0,0.3140786290168762,
24,579,0,0.7849605083465576,
24,580,0,0.291012167930603,
24,581,0,0.4101269245147705,
24,582,0,0.8246107697486877,
24,583,0,0.7674087285995483,
24,584,0,0.4427608251571655,
24,585,0,0.8156792521476746,
24,586,0,0.8337854146957397,
24,587,0,0.5861711502075195,
24,588,0,0.23507559299468994,
24,589,0,0.7207965850830078,
24,590,0,0.8291752338409424,
24,591,0,0.26331186294555664,
24,592,0,0.8157246708869934,
24,593,0,0.8314130902290344,
24,594,0,0.8191272616386414,
24,595,0,0.7413854598999023,
24,596,0,0.4362335205078125,
24,597,0,0.16718560457229614,
24,598,0,0.3127044439315796,
24,599,0,0.34647828340530396,
24,600,0,0.7638009786605835,
24,601,0,0.42919623851776123,
24,602,0,0.19075047969818115,
24,603,0,0.3122602105140686,
24,604,0,0.7474678754806519,
24,605,0,0.7892414927482605,
24,606,0,0.30527472496032715,
24,607,0,0.765890896320343,
24,608,0,0.7016667127609253,
24,609,0,0.8328551054000854,
24,610,0,0.8402275443077087,
24,611,0,0.8510165810585022,
24,612,0,0.6672378778457642,
24,613,0,0.7667701244354248,
24,614,0,0.8341325521469116,
24,615,0,0.3940196633338928,
24,616,0,0.8348764777183533,
24,617,0,0.30091458559036255,
24,618,0,0.17050713300704956,
24,619,0,0.4242898225784302,
24,620,0,0.8425137996673584,
24,621,0,0.4252546429634094,
24,622,0,0.784264326095581,
24,623,0,0.43158048391342163,
24,624,0,0.32264071702957153,
24,625,0,0.8510448932647705,
24,626,0,0.8215667605400085,
24,627,0,0.8192678093910217,
24,628,0,0.8546777963638306,
24,629,0,0.4816358685493469,
24,630,0,0.06525182723999023,
24,631,0,0.1801636815071106,
24,632,0,0.8170121908187866,
24,633,0,0.734593391418457,
24,634,0,0.8421887755393982,
24,635,0,0.4848793148994446,
24,636,0,0.8165545463562012,
24,637,0,0.711037278175354,
24,638,0,0.843626081943512,
24,639,0,0.7587515115737915,
24,640,0,0.15544384717941284,
24,641,0,0.7616758346557617,
24,642,0,0.778336763381958,
24,643,0,0.4248855710029602,
24,644,0,0.41195666790008545,
24,645,0,0.8241908550262451,
24,646,0,0.8328492045402527,
24,647,0,0.7715933322906494,
24,648,0,0.8143962621688843,
24,649,0,0.049534380435943604,
24,650,0,0.765015721321106,
24,651,0,0.44202494621276855,
24,652,0,0.7251067757606506,
24,653,0,0.5839914679527283,
24,654,0,0.7623674273490906,
24,655,0,0.24954521656036377,
24,656,0,0.2510386109352112,
24,657,0,0.38803309202194214,
24,658,0,0.7369948625564575,
24,659,0,0.05134397745132446,
24,660,0,0.8479602336883545,
24,661,0,0.762826681137085,
24,662,0,0.8301922678947449,
24,663,0,0.7315118312835693,
24,664,0,0.8407663106918335,
24,665,0,0.4309176206588745,
24,666,0,0.055947840213775635,
24,667,0,0.8116047978401184,
24,668,0,0.3012254238128662,
24,669,0,0.4631398916244507,
24,670,0,0.3823227882385254,
24,671,0,0.7611477375030518,
24,672,0,0.17794549465179443,
24,673,0,0.282132625579834,
24,674,0,0.41135507822036743,
24,675,0,0.7633549571037292,
24,676,0,0.16476744413375854,
24,677,0,0.6057356595993042,
24,678,0,0.8440805673599243,
24,679,0,0.8070003986358643,
24,680,0,0.060563087463378906,
24,681,0,0.8215615749359131,
24,682,0,0.33679282665252686,
24,683,0,0.3513123393058777,
24,684,0,0.8297622203826904,
24,685,0,0.8143773078918457,
24,686,0,0.8050179481506348,
24,687,0,0.6211355924606323,
24,688,0,0.29149580001831055,
24,689,0,0.7617470622062683,
24,690,0,0.8419949412345886,
24,691,0,0.1645715832710266,
24,692,0,0.36394596099853516,
24,693,0,0.7100776433944702,
24,694,0,0.7655245065689087,
24,695,0,0.7697336077690125,
24,696,0,0.19319134950637817,
24,697,0,0.7527603507041931,
24,698,0,0.8486103415489197,
24,699,0,0.45332133769989014,
24,700,0,0.26408445835113525,
24,701,0,0.8374241590499878,
24,702,0,0.7875528931617737,
24,703,0,0.8215717077255249,
24,704,0,0.16088008880615234,
24,705,0,0.055932044982910156,
24,706,0,0.8458331823348999,
24,707,0,0.810776948928833,
24,708,0,0.8516987562179565,
24,709,0,0.753478467464447,
24,710,0,0.4118824005126953,
24,711,0,0.35642296075820923,
24,712,0,0.30201900005340576,
24,713,0,0.4249671697616577,
24,714,0,0.8465229868888855,
24,715,0,0.45356500148773193,
24,716,0,0.7693080902099609,
24,717,0,0.6512733697891235,
24,718,0,0.837188720703125,
24,719,0,0.8267979025840759,
24,720,0,0.7932149171829224,
24,721,0,0.7977516055107117,
24,722,0,0.781794011592865,
24,723,0,0.17269420623779297,
24,724,0,0.7261156439781189,
24,725,0,0.20312172174453735,
24,726,0,0.8271390795707703,
24,727,0,0.809935450553894,
24,728,0,0.19890642166137695,
24,729,0,0.4518951177597046,
24,730,0,0.3773004412651062,
24,731,0,0.8284682631492615,
24,732,0,0.8153032064437866,
24,733,0,0.41525131464004517,
24,734,0,0.8235465288162231,
24,735,0,0.33756572008132935,
24,736,0,0.7580077648162842,
24,737,0,0.8213391900062561,
24,738,0,0.8240368962287903,
24,739,0,0.6259111166000366,
24,740,0,0.30811411142349243,
24,741,0,0.6973820924758911,
24,742,0,0.8278834819793701,
24,743,0,0.8461381793022156,
24,744,0,0.8087884783744812,
24,745,0,0.29436933994293213,
24,746,0,0.7426710724830627,
24,747,0,0.8591082096099854,
24,748,0,0.732207179069519,
24,749,0,0.8279573917388916,
24,750,0,0.8174493312835693,
24,751,0,0.8275961875915527,
24,752,0,0.7818065285682678,
24,753,0,0.4763956069946289,
24,754,0,0.7406426072120667,
24,755,0,0.8401488065719604,
24,756,0,0.8292346000671387,
24,757,0,0.8385971784591675,
24,758,0,0.7127612829208374,
24,759,0,0.05403774976730347,
24,760,0,0.4513588547706604,
24,761,0,0.7439929246902466,
24,762,0,0.7807896137237549,
24,763,0,0.3438776135444641,
24,764,0,0.32188618183135986,
24,765,0,0.8059295415878296,
24,766,0,0.1757381558418274,
24,767,0,0.7522428631782532,
24,768,0,0.8293789625167847,
24,769,0,0.20263463258743286,
24,770,0,0.792130172252655,
24,771,0,0.7188739776611328,
24,772,0,0.799737274646759,
24,773,0,0.20959168672561646,
24,774,0,0.8410059213638306,
24,775,0,0.8009543418884277,
24,776,0,0.2668042778968811,
24,777,0,0.8272144794464111,
24,778,0,0.4375932216644287,
24,779,0,0.8370975255966187,
24,780,0,0.7637423276901245,
24,781,0,0.8304686546325684,
24,782,0,0.41427093744277954,
24,783,0,0.8092936873435974,
24,784,0,0.40577495098114014,
24,785,0,0.04779088497161865,
24,786,0,0.4831419587135315,
24,787,0,0.2598472237586975,
24,788,0,0.832163393497467,
24,789,0,0.3172686696052551,
24,790,0,0.7737988829612732,
24,791,0,0.47883546352386475,
24,792,0,0.35377174615859985,
24,793,0,0.8008669018745422,
24,794,0,0.8365356922149658,
24,795,0,0.28980952501296997,
24,796,0,0.8308207988739014,
24,797,0,0.06325769424438477,
24,798,0,0.4656553864479065,
24,799,0,0.8300870060920715,
24,val,,,0.5865867239236832
25,0,0,0.4044550657272339,
25,1,0,0.8163134455680847,
25,2,0,0.6831624507904053,
25,3,0,0.8406946659088135,
25,4,0,0.414750874042511,
25,5,0,0.7675111293792725,
25,6,0,0.17168569564819336,
25,7,0,0.47742074728012085,
25,8,0,0.2459004521369934,
25,9,0,0.816420316696167,
25,10,0,0.06551539897918701,
25,11,0,0.8284949064254761,
25,12,0,0.8368908762931824,
25,13,0,0.8258295655250549,
25,14,0,0.7502070665359497,
25,15,0,0.8200674653053284,
25,16,0,0.5177930593490601,
25,17,0,0.4013495445251465,
25,18,0,0.8075047731399536,
25,19,0,0.8194772005081177,
25,20,0,0.7407152652740479,
25,21,0,0.48433107137680054,
25,22,0,0.27819687128067017,
25,23,0,0.690003514289856,
25,24,0,0.8216325044631958,
25,25,0,0.7296213507652283,
25,26,0,0.839142918586731,
25,27,0,0.38858622312545776,
25,28,0,0.2844281792640686,
25,29,0,0.4606374502182007,
25,30,0,0.8300403952598572,
25,31,0,0.8013215065002441,
25,32,0,0.45334774255752563,
25,33,0,0.7501827478408813,
25,34,0,0.8051331043243408,
25,35,0,0.273140013217926,
25,36,0,0.4267275929450989,
25,37,0,0.8253644108772278,
25,38,0,0.19551897048950195,
25,39,0,0.8457099199295044,
25,40,0,0.16402757167816162,
25,41,0,0.6245622634887695,
25,42,0,0.4649394154548645,
25,43,0,0.04298478364944458,
25,44,0,0.7464172840118408,
25,45,0,0.46630144119262695,
25,46,0,0.05155593156814575,
25,47,0,0.05320727825164795,
25,48,0,0.8366725444793701,
25,49,0,0.3146224617958069,
25,50,0,0.8402800559997559,
25,51,0,0.38031893968582153,
25,52,0,0.42999887466430664,
25,53,0,0.05080366134643555,
25,54,0,0.8547573685646057,
25,55,0,0.4495753049850464,
25,56,0,0.795375406742096,
25,57,0,0.49841004610061646,
25,58,0,0.8596301078796387,
25,59,0,0.3607648015022278,
25,60,0,0.42315423488616943,
25,61,0,0.6004403829574585,
25,62,0,0.8257654905319214,
25,63,0,0.2706218361854553,
25,64,0,0.26091331243515015,
25,65,0,0.7626821994781494,
25,66,0,0.7249994277954102,
25,67,0,0.44287109375,
25,68,0,0.819912314414978,
25,69,0,0.46165359020233154,
25,70,0,0.5089561939239502,
25,71,0,0.6176747679710388,
25,72,0,0.6688127517700195,
25,73,0,0.8131557703018188,
25,74,0,0.8209794759750366,
25,75,0,0.6613454222679138,
25,76,0,0.8126900792121887,
25,77,0,0.7514854669570923,
25,78,0,0.16668301820755005,
25,79,0,0.8278732895851135,
25,80,0,0.47421473264694214,
25,81,0,0.8095704317092896,
25,82,0,0.0509185791015625,
25,83,0,0.8097698092460632,
25,84,0,0.8368955254554749,
25,85,0,0.5091829299926758,
25,86,0,0.8343549966812134,
25,87,0,0.571052074432373,
25,88,0,0.8157428503036499,
25,89,0,0.48742610216140747,
25,90,0,0.7409535646438599,
25,91,0,0.8216201066970825,
25,92,0,0.8485783338546753,
25,93,0,0.8199887275695801,
25,94,0,0.49010980129241943,
25,95,0,0.8233228921890259,
25,96,0,0.27881962060928345,
25,97,0,0.8396353721618652,
25,98,0,0.6122322678565979,
25,99,0,0.8283442258834839,
25,100,0,0.7506883144378662,
25,101,0,0.6667153835296631,
25,102,0,0.8156481385231018,
25,103,0,0.779218316078186,
25,104,0,0.8405326008796692,
25,105,0,0.343677818775177,
25,106,0,0.8478131890296936,
25,107,0,0.8211925625801086,
25,108,0,0.6288038492202759,
25,109,0,0.8229489326477051,
25,110,0,0.8503221273422241,
25,111,0,0.8347538709640503,
25,112,0,0.8328670859336853,
25,113,0,0.43149083852767944,
25,114,0,0.25797563791275024,
25,115,0,0.8321353793144226,
25,116,0,0.8191514015197754,
25,117,0,0.37153154611587524,
25,118,0,0.8125474452972412,
25,119,0,0.33713841438293457,
25,120,0,0.8231960535049438,
25,121,0,0.8489457368850708,
25,122,0,0.7310482263565063,
25,123,0,0.0673413872718811,
25,124,0,0.4178479313850403,
25,125,0,0.7646198868751526,
25,126,0,0.8485455513000488,
25,127,0,0.8259745240211487,
25,128,0,0.8242878913879395,
25,129,0,0.8402312994003296,
25,130,0,0.7288956642150879,
25,131,0,0.8435879349708557,
25,132,0,0.7855496406555176,
25,133,0,0.24392086267471313,
25,134,0,0.4290621280670166,
25,135,0,0.4849262833595276,
25,136,0,0.056089937686920166,
25,137,0,0.1341291069984436,
25,138,0,0.2592441439628601,
25,139,0,0.4813230633735657,
25,140,0,0.8163147568702698,
25,141,0,0.7784168124198914,
25,142,0,0.8317506313323975,
25,143,0,0.7749032974243164,
25,144,0,0.8153541088104248,
25,145,0,0.21981757879257202,
25,146,0,0.6901994943618774,
25,147,0,0.23972445726394653,
25,148,0,0.770355761051178,
25,149,0,0.7892998456954956,
25,150,0,0.8078828454017639,
25,151,0,0.8233219385147095,
25,152,0,0.7337716817855835,
25,153,0,0.8254485726356506,
25,154,0,0.8278008699417114,
25,155,0,0.7131522297859192,
25,156,0,0.050593435764312744,
25,157,0,0.6273483037948608,
25,158,0,0.7747105360031128,
25,159,0,0.8057733178138733,
25,160,0,0.35412776470184326,
25,161,0,0.06120109558105469,
25,162,0,0.8386053442955017,
25,163,0,0.2813398838043213,
25,164,0,0.3881697654724121,
25,165,0,0.721575140953064,
25,166,0,0.2521018981933594,
25,167,0,0.8574718236923218,
25,168,0,0.8428513407707214,
25,169,0,0.14726239442825317,
25,170,0,0.7804781794548035,
25,171,0,0.7395374774932861,
25,172,0,0.7371501326560974,
25,173,0,0.6358940005302429,
25,174,0,0.7552304267883301,
25,175,0,0.41700369119644165,
25,176,0,0.759380578994751,
25,177,0,0.312385618686676,
25,178,0,0.8363631963729858,
25,179,0,0.3426346778869629,
25,180,0,0.8033612370491028,
25,181,0,0.8051841259002686,
25,182,0,0.3299802541732788,
25,183,0,0.17666614055633545,
25,184,0,0.7822398543357849,
25,185,0,0.7445039749145508,
25,186,0,0.298816978931427,
25,187,0,0.7428686618804932,
25,188,0,0.7486962080001831,
25,189,0,0.2685249447822571,
25,190,0,0.06644141674041748,
25,191,0,0.4560225009918213,
25,192,0,0.7780832052230835,
25,193,0,0.739294171333313,
25,194,0,0.7386306524276733,
25,195,0,0.8605960607528687,
25,196,0,0.7533705234527588,
25,197,0,0.19309473037719727,
25,198,0,0.8016993403434753,
25,199,0,0.254902184009552,
25,200,0,0.750601053237915,
25,201,0,0.04847198724746704,
25,202,0,0.28465157747268677,
25,203,0,0.8347017168998718,
25,204,0,0.33051300048828125,
25,205,0,0.2689560055732727,
25,206,0,0.34076637029647827,
25,207,0,0.1532408595085144,
25,208,0,0.47879350185394287,
25,209,0,0.7814477682113647,
25,210,0,0.30578750371932983,
25,211,0,0.8228850364685059,
25,212,0,0.48941975831985474,
25,213,0,0.8015243411064148,
25,214,0,0.8371375799179077,
25,215,0,0.8304358720779419,
25,216,0,0.4537516236305237,
25,217,0,0.8301568627357483,
25,218,0,0.8389004468917847,
25,219,0,0.7344822883605957,
25,220,0,0.25770020484924316,
25,221,0,0.7431420087814331,
25,222,0,0.3192639946937561,
25,223,0,0.4863928556442261,
25,224,0,0.8164586424827576,
25,225,0,0.2989742159843445,
25,226,0,0.8162215948104858,
25,227,0,0.1738935112953186,
25,228,0,0.7238153219223022,
25,229,0,0.42288142442703247,
25,230,0,0.45812612771987915,
25,231,0,0.8335745334625244,
25,232,0,0.8533863425254822,
25,233,0,0.8452956676483154,
25,234,0,0.825480043888092,
25,235,0,0.045398712158203125,
25,236,0,0.44215714931488037,
25,237,0,0.8327539563179016,
25,238,0,0.46918362379074097,
25,239,0,0.4156113266944885,
25,240,0,0.8196286559104919,
25,241,0,0.843421995639801,
25,242,0,0.8257961273193359,
25,243,0,0.439582884311676,
25,244,0,0.3086133599281311,
25,245,0,0.05074816942214966,
25,246,0,0.4330366253852844,
25,247,0,0.8356162309646606,
25,248,0,0.45410120487213135,
25,249,0,0.8161911368370056,
25,250,0,0.12268716096878052,
25,251,0,0.8466528654098511,
25,252,0,0.7715555429458618,
25,253,0,0.7706077098846436,
25,254,0,0.041030287742614746,
25,255,0,0.751402735710144,
25,256,0,0.5590231418609619,
25,257,0,0.8475998640060425,
25,258,0,0.8398212790489197,
25,259,0,0.8572671413421631,
25,260,0,0.5173946619033813,
25,261,0,0.7442173957824707,
25,262,0,0.836268424987793,
25,263,0,0.7274869680404663,
25,264,0,0.29029756784439087,
25,265,0,0.8474190831184387,
25,266,0,0.8177990913391113,
25,267,0,0.8399448394775391,
25,268,0,0.31887632608413696,
25,269,0,0.45983922481536865,
25,270,0,0.5934492349624634,
25,271,0,0.8139663934707642,
25,272,0,0.38474732637405396,
25,273,0,0.847347617149353,
25,274,0,0.8103490471839905,
25,275,0,0.1630879044532776,
25,276,0,0.8117130994796753,
25,277,0,0.06292915344238281,
25,278,0,0.541395902633667,
25,279,0,0.7410242557525635,
25,280,0,0.7738170027732849,
25,281,0,0.7947230339050293,
25,282,0,0.7470283508300781,
25,283,0,0.756975531578064,
25,284,0,0.8541667461395264,
25,285,0,0.8286712169647217,
25,286,0,0.6567931771278381,
25,287,0,0.7266358137130737,
25,288,0,0.814010500907898,
25,289,0,0.5232223868370056,
25,290,0,0.8274889588356018,
25,291,0,0.04754561185836792,
25,292,0,0.3902154564857483,
25,293,0,0.8421585559844971,
25,294,0,0.8396380543708801,
25,295,0,0.8334292769432068,
25,296,0,0.4819604158401489,
25,297,0,0.051432132720947266,
25,298,0,0.8474591374397278,
25,299,0,0.8105702996253967,
25,300,0,0.4304776191711426,
25,301,0,0.4152568578720093,
25,302,0,0.8430601954460144,
25,303,0,0.5957763195037842,
25,304,0,0.843701183795929,
25,305,0,0.47150522470474243,
25,306,0,0.2341969609260559,
25,307,0,0.8318749666213989,
25,308,0,0.8413762450218201,
25,309,0,0.1991281509399414,
25,310,0,0.8159881830215454,
25,311,0,0.39074140787124634,
25,312,0,0.8222259283065796,
25,313,0,0.8159174919128418,
25,314,0,0.42077910900115967,
25,315,0,0.8002110719680786,
25,316,0,0.8351470232009888,
25,317,0,0.6656436324119568,
25,318,0,0.37076717615127563,
25,319,0,0.3222578167915344,
25,320,0,0.7440423965454102,
25,321,0,0.8392326235771179,
25,322,0,0.8369228839874268,
25,323,0,0.2999904751777649,
25,324,0,0.8493133783340454,
25,325,0,0.7952055335044861,
25,326,0,0.8078925013542175,
25,327,0,0.7327556610107422,
25,328,0,0.7265497446060181,
25,329,0,0.7725639343261719,
25,330,0,0.36969929933547974,
25,331,0,0.3247571587562561,
25,332,0,0.8370987772941589,
25,333,0,0.24814993143081665,
25,334,0,0.8047829866409302,
25,335,0,0.3718641996383667,
25,336,0,0.8339202404022217,
25,337,0,0.4458070397377014,
25,338,0,0.6321830749511719,
25,339,0,0.7898711562156677,
25,340,0,0.8419662714004517,
25,341,0,0.05963456630706787,
25,342,0,0.7417492866516113,
25,343,0,0.6133233904838562,
25,344,0,0.8236103057861328,
25,345,0,0.8292072415351868,
25,346,0,0.23408430814743042,
25,347,0,0.1704050898551941,
25,348,0,0.7521877884864807,
25,349,0,0.8366391658782959,
25,350,0,0.8109544515609741,
25,351,0,0.7718397974967957,
25,352,0,0.8238217234611511,
25,353,0,0.8247162699699402,
25,354,0,0.6459058523178101,
25,355,0,0.1620391607284546,
25,356,0,0.8437700867652893,
25,357,0,0.7439875602722168,
25,358,0,0.2077113389968872,
25,359,0,0.7822796702384949,
25,360,0,0.8496115207672119,
25,361,0,0.8483434915542603,
25,362,0,0.25314176082611084,
25,363,0,0.3112630844116211,
25,364,0,0.7556002736091614,
25,365,0,0.8463675379753113,
25,366,0,0.826166570186615,
25,367,0,0.8362281322479248,
25,368,0,0.8236812949180603,
25,369,0,0.8102557063102722,
25,370,0,0.6272597312927246,
25,371,0,0.724319577217102,
25,372,0,0.832248330116272,
25,373,0,0.8459175825119019,
25,374,0,0.42588329315185547,
25,375,0,0.7448206543922424,
25,376,0,0.7638691067695618,
25,377,0,0.34000909328460693,
25,378,0,0.41188257932662964,
25,379,0,0.8377195000648499,
25,380,0,0.34006744623184204,
25,381,0,0.32220131158828735,
25,382,0,0.3250274658203125,
25,383,0,0.8430020809173584,
25,384,0,0.33596915006637573,
25,385,0,0.337116003036499,
25,386,0,0.23974859714508057,
25,387,0,0.4388498067855835,
25,388,0,0.05741262435913086,
25,389,0,0.7835150957107544,
25,390,0,0.7597802877426147,
25,391,0,0.7022322416305542,
25,392,0,0.6751701831817627,
25,393,0,0.30725187063217163,
25,394,0,0.4835904836654663,
25,395,0,0.8127435445785522,
25,396,0,0.15774458646774292,
25,397,0,0.18608301877975464,
25,398,0,0.7966885566711426,
25,399,0,0.3061777353286743,
25,400,0,0.7130869030952454,
25,401,0,0.7607672810554504,
25,402,0,0.8317737579345703,
25,403,0,0.8012421727180481,
25,404,0,0.32430893182754517,
25,405,0,0.06545579433441162,
25,406,0,0.7603844404220581,
25,407,0,0.8383806943893433,
25,408,0,0.7954673171043396,
25,409,0,0.7088930606842041,
25,410,0,0.840214192867279,
25,411,0,0.305894136428833,
25,412,0,0.8105424046516418,
25,413,0,0.06953686475753784,
25,414,0,0.7798810601234436,
25,415,0,0.640741765499115,
25,416,0,0.8343128561973572,
25,417,0,0.05474454164505005,
25,418,0,0.49811744689941406,
25,419,0,0.47499388456344604,
25,420,0,0.2649000287055969,
25,421,0,0.2577541470527649,
25,422,0,0.8234351277351379,
25,423,0,0.8377917408943176,
25,424,0,0.8275322914123535,
25,425,0,0.8193916082382202,
25,426,0,0.8139748573303223,
25,427,0,0.8140170574188232,
25,428,0,0.45817840099334717,
25,429,0,0.8154418468475342,
25,430,0,0.2638242840766907,
25,431,0,0.7895623445510864,
25,432,0,0.748534619808197,
25,433,0,0.8248614072799683,
25,434,0,0.8292366862297058,
25,435,0,0.8158468008041382,
25,436,0,0.6059219837188721,
25,437,0,0.05203425884246826,
25,438,0,0.7117328643798828,
25,439,0,0.22263741493225098,
25,440,0,0.8499609231948853,
25,441,0,0.7837681770324707,
25,442,0,0.8222928047180176,
25,443,0,0.8155598640441895,
25,444,0,0.7555943131446838,
25,445,0,0.8270387649536133,
25,446,0,0.7574754953384399,
25,447,0,0.31159859895706177,
25,448,0,0.05265527963638306,
25,449,0,0.8011782169342041,
25,450,0,0.774276614189148,
25,451,0,0.2598716616630554,
25,452,0,0.834032416343689,
25,453,0,0.2926945686340332,
25,454,0,0.42140311002731323,
25,455,0,0.5764533877372742,
25,456,0,0.7266273498535156,
25,457,0,0.6646768450737,
25,458,0,0.5167150497436523,
25,459,0,0.8306119441986084,
25,460,0,0.8189217448234558,
25,461,0,0.46734100580215454,
25,462,0,0.8065329790115356,
25,463,0,0.1538183093070984,
25,464,0,0.6063809394836426,
25,465,0,0.740249752998352,
25,466,0,0.04665142297744751,
25,467,0,0.8160781860351562,
25,468,0,0.636749267578125,
25,469,0,0.7934189438819885,
25,470,0,0.34063178300857544,
25,471,0,0.05394476652145386,
25,472,0,0.8405527472496033,
25,473,0,0.8364569544792175,
25,474,0,0.0570642352104187,
25,475,0,0.8293970227241516,
25,476,0,0.46301090717315674,
25,477,0,0.8306645750999451,
25,478,0,0.5207805633544922,
25,479,0,0.48468315601348877,
25,480,0,0.6741675138473511,
25,481,0,0.1750631332397461,
25,482,0,0.8215076923370361,
25,483,0,0.8370460271835327,
25,484,0,0.8349940776824951,
25,485,0,0.4436512589454651,
25,486,0,0.7187427282333374,
25,487,0,0.3368126153945923,
25,488,0,0.7397343516349792,
25,489,0,0.8325782418251038,
25,490,0,0.7620485424995422,
25,491,0,0.8248897790908813,
25,492,0,0.6455323696136475,
25,493,0,0.740670919418335,
25,494,0,0.05882549285888672,
25,495,0,0.36038434505462646,
25,496,0,0.2815951108932495,
25,497,0,0.7777436375617981,
25,498,0,0.4530982971191406,
25,499,0,0.8483841419219971,
25,500,0,0.8143554925918579,
25,501,0,0.7699906826019287,
25,502,0,0.8390063643455505,
25,503,0,0.20837849378585815,
25,504,0,0.7521387934684753,
25,505,0,0.4709267020225525,
25,506,0,0.7673901915550232,
25,507,0,0.278764009475708,
25,508,0,0.8433789014816284,
25,509,0,0.8411738872528076,
25,510,0,0.8325067758560181,
25,511,0,0.7759497165679932,
25,512,0,0.24877548217773438,
25,513,0,0.7278286218643188,
25,514,0,0.819454550743103,
25,515,0,0.8106861710548401,
25,516,0,0.7451359629631042,
25,517,0,0.40098124742507935,
25,518,0,0.23604679107666016,
25,519,0,0.29475921392440796,
25,520,0,0.828158974647522,
25,521,0,0.8378781676292419,
25,522,0,0.355419397354126,
25,523,0,0.8579678535461426,
25,524,0,0.730212390422821,
25,525,0,0.052516162395477295,
25,526,0,0.32354676723480225,
25,527,0,0.8393390774726868,
25,528,0,0.05248147249221802,
25,529,0,0.8316736221313477,
25,530,0,0.8103474378585815,
25,531,0,0.8422561883926392,
25,532,0,0.8030544519424438,
25,533,0,0.8314459323883057,
25,534,0,0.3823118209838867,
25,535,0,0.8247461318969727,
25,536,0,0.7917507290840149,
25,537,0,0.27996164560317993,
25,538,0,0.8300778865814209,
25,539,0,0.811508059501648,
25,540,0,0.7856153249740601,
25,541,0,0.4325575828552246,
25,542,0,0.33486878871917725,
25,543,0,0.8489900827407837,
25,544,0,0.06014949083328247,
25,545,0,0.39809197187423706,
25,546,0,0.45251309871673584,
25,547,0,0.06161832809448242,
25,548,0,0.776913046836853,
25,549,0,0.3148984909057617,
25,550,0,0.8369978666305542,
25,551,0,0.8438637852668762,
25,552,0,0.7270869016647339,
25,553,0,0.4434283375740051,
25,554,0,0.6584701538085938,
25,555,0,0.2651270627975464,
25,556,0,0.770847499370575,
25,557,0,0.8177983164787292,
25,558,0,0.3944634199142456,
25,559,0,0.6491504907608032,
25,560,0,0.7880322933197021,
25,561,0,0.8328564167022705,
25,562,0,0.17211109399795532,
25,563,0,0.825843095779419,
25,564,0,0.4780762791633606,
25,565,0,0.3456140160560608,
25,566,0,0.3722384572029114,
25,567,0,0.825998842716217,
25,568,0,0.21513116359710693,
25,569,0,0.820007860660553,
25,570,0,0.636673092842102,
25,571,0,0.6076079607009888,
25,572,0,0.3214067220687866,
25,573,0,0.8623030781745911,
25,574,0,0.32022374868392944,
25,575,0,0.291645884513855,
25,576,0,0.7983754873275757,
25,577,0,0.2958301901817322,
25,578,0,0.3125726580619812,
25,579,0,0.7833669781684875,
25,580,0,0.28768545389175415,
25,581,0,0.4105568528175354,
25,582,0,0.8184069395065308,
25,583,0,0.7664974927902222,
25,584,0,0.44314271211624146,
25,585,0,0.8124918937683105,
25,586,0,0.8284479975700378,
25,587,0,0.5868412852287292,
25,588,0,0.23389536142349243,
25,589,0,0.7140462398529053,
25,590,0,0.8284801244735718,
25,591,0,0.26337897777557373,
25,592,0,0.8171218633651733,
25,593,0,0.8309783339500427,
25,594,0,0.8180308938026428,
25,595,0,0.7435686588287354,
25,596,0,0.4344419836997986,
25,597,0,0.16756200790405273,
25,598,0,0.31426793336868286,
25,599,0,0.34504401683807373,
25,600,0,0.7574928402900696,
25,601,0,0.43040353059768677,
25,602,0,0.18957233428955078,
25,603,0,0.30843186378479004,
25,604,0,0.7466080188751221,
25,605,0,0.7882392406463623,
25,606,0,0.3094704747200012,
25,607,0,0.7617236375808716,
25,608,0,0.7080696821212769,
25,609,0,0.8303196430206299,
25,610,0,0.8479582071304321,
25,611,0,0.8462954163551331,
25,612,0,0.666120171546936,
25,613,0,0.7723390460014343,
25,614,0,0.8339539766311646,
25,615,0,0.39344990253448486,
25,616,0,0.8376348614692688,
25,617,0,0.2996443510055542,
25,618,0,0.17104148864746094,
25,619,0,0.42174625396728516,
25,620,0,0.8409426212310791,
25,621,0,0.42339426279067993,
25,622,0,0.7871522307395935,
25,623,0,0.4298446774482727,
25,624,0,0.32011890411376953,
25,625,0,0.853890061378479,
25,626,0,0.8286150097846985,
25,627,0,0.8184353709220886,
25,628,0,0.8489306569099426,
25,629,0,0.4817606806755066,
25,630,0,0.06493335962295532,
25,631,0,0.1822957992553711,
25,632,0,0.8153021335601807,
25,633,0,0.7290821671485901,
25,634,0,0.8407994508743286,
25,635,0,0.48325997591018677,
25,636,0,0.8124402165412903,
25,637,0,0.7132737040519714,
25,638,0,0.8268725872039795,
25,639,0,0.7586601376533508,
25,640,0,0.15531760454177856,
25,641,0,0.7627636194229126,
25,642,0,0.7794109582901001,
25,643,0,0.4286106824874878,
25,644,0,0.4130443334579468,
25,645,0,0.8168824911117554,
25,646,0,0.8277660608291626,
25,647,0,0.7707459926605225,
25,648,0,0.8142938613891602,
25,649,0,0.05226689577102661,
25,650,0,0.7713555097579956,
25,651,0,0.4419305920600891,
25,652,0,0.7110574245452881,
25,653,0,0.5802730917930603,
25,654,0,0.761377215385437,
25,655,0,0.25478875637054443,
25,656,0,0.25601667165756226,
25,657,0,0.3855026364326477,
25,658,0,0.7577589154243469,
25,659,0,0.0517657995223999,
25,660,0,0.8471778631210327,
25,661,0,0.7635773420333862,
25,662,0,0.8275612592697144,
25,663,0,0.7317854166030884,
25,664,0,0.8457928895950317,
25,665,0,0.43106919527053833,
25,666,0,0.056452274322509766,
25,667,0,0.8201174139976501,
25,668,0,0.30167466402053833,
25,669,0,0.46631956100463867,
25,670,0,0.38678187131881714,
25,671,0,0.7615705132484436,
25,672,0,0.18052011728286743,
25,673,0,0.2767959237098694,
25,674,0,0.41712456941604614,
25,675,0,0.761333703994751,
25,676,0,0.16610896587371826,
25,677,0,0.6064493656158447,
25,678,0,0.8426382541656494,
25,679,0,0.8087624907493591,
25,680,0,0.061747848987579346,
25,681,0,0.8395544290542603,
25,682,0,0.3384783864021301,
25,683,0,0.34753143787384033,
25,684,0,0.8434678316116333,
25,685,0,0.8214669227600098,
25,686,0,0.8082356452941895,
25,687,0,0.6221630573272705,
25,688,0,0.292275607585907,
25,689,0,0.7585984468460083,
25,690,0,0.8401675820350647,
25,691,0,0.16419333219528198,
25,692,0,0.3641875386238098,
25,693,0,0.708794355392456,
25,694,0,0.7651917338371277,
25,695,0,0.7672258019447327,
25,696,0,0.1935020089149475,
25,697,0,0.753603994846344,
25,698,0,0.8434880375862122,
25,699,0,0.4537326693534851,
25,700,0,0.26471853256225586,
25,701,0,0.835334837436676,
25,702,0,0.7861937284469604,
25,703,0,0.8333858251571655,
25,704,0,0.15895718336105347,
25,705,0,0.05597579479217529,
25,706,0,0.8447622060775757,
25,707,0,0.8129115700721741,
25,708,0,0.8455530405044556,
25,709,0,0.754381537437439,
25,710,0,0.41176849603652954,
25,711,0,0.3559630513191223,
25,712,0,0.2992211580276489,
25,713,0,0.4278448224067688,
25,714,0,0.84025639295578,
25,715,0,0.45225685834884644,
25,716,0,0.7703215479850769,
25,717,0,0.6542351245880127,
25,718,0,0.8314430713653564,
25,719,0,0.8270058035850525,
25,720,0,0.7947860360145569,
25,721,0,0.7853931784629822,
25,722,0,0.7839331030845642,
25,723,0,0.17055147886276245,
25,724,0,0.7226212620735168,
25,725,0,0.20336586236953735,
25,726,0,0.8325927257537842,
25,727,0,0.8126611113548279,
25,728,0,0.2000616192817688,
25,729,0,0.45154380798339844,
25,730,0,0.3737267255783081,
25,731,0,0.8288611173629761,
25,732,0,0.8255224823951721,
25,733,0,0.4007047414779663,
25,734,0,0.8238106966018677,
25,735,0,0.33207786083221436,
25,736,0,0.7555285692214966,
25,737,0,0.816399872303009,
25,738,0,0.819061279296875,
25,739,0,0.6259435415267944,
25,740,0,0.3073311448097229,
25,741,0,0.6980124711990356,
25,742,0,0.8322111964225769,
25,743,0,0.8470094203948975,
25,744,0,0.8220082521438599,
25,745,0,0.2906716465950012,
25,746,0,0.7420949935913086,
25,747,0,0.8627414107322693,
25,748,0,0.7261639833450317,
25,749,0,0.8248906135559082,
25,750,0,0.8374645113945007,
25,751,0,0.8256893157958984,
25,752,0,0.7690223455429077,
25,753,0,0.4759054183959961,
25,754,0,0.7405672669410706,
25,755,0,0.8451964259147644,
25,756,0,0.8307623863220215,
25,757,0,0.8375792503356934,
25,758,0,0.7050767540931702,
25,759,0,0.05342787504196167,
25,760,0,0.44932878017425537,
25,761,0,0.7440609931945801,
25,762,0,0.7787044048309326,
25,763,0,0.34404903650283813,
25,764,0,0.32010775804519653,
25,765,0,0.8048607110977173,
25,766,0,0.17514020204544067,
25,767,0,0.7519682049751282,
25,768,0,0.8289592266082764,
25,769,0,0.2030261754989624,
25,770,0,0.7998457551002502,
25,771,0,0.7304219007492065,
25,772,0,0.8029996156692505,
25,773,0,0.20715147256851196,
25,774,0,0.847015380859375,
25,775,0,0.8007857203483582,
25,776,0,0.263616144657135,
25,777,0,0.8434491157531738,
25,778,0,0.43661898374557495,
25,779,0,0.8373953700065613,
25,780,0,0.7603490948677063,
25,781,0,0.8299866318702698,
25,782,0,0.41412419080734253,
25,783,0,0.8090808391571045,
25,784,0,0.4058719277381897,
25,785,0,0.04652118682861328,
25,786,0,0.4837340712547302,
25,787,0,0.2585901618003845,
25,788,0,0.8406486511230469,
25,789,0,0.31621384620666504,
25,790,0,0.782626748085022,
25,791,0,0.4768331050872803,
25,792,0,0.3578147292137146,
25,793,0,0.7993340492248535,
25,794,0,0.8342071175575256,
25,795,0,0.28904277086257935,
25,796,0,0.8307808041572571,
25,797,0,0.061297595500946045,
25,798,0,0.4653546214103699,
25,799,0,0.8287111520767212,
25,val,,,0.5866330856084824
26,0,0,0.4063047766685486,
26,1,0,0.81629478931427,
26,2,0,0.6732112169265747,
26,3,0,0.8426637649536133,
26,4,0,0.413268506526947,
26,5,0,0.7694116830825806,
26,6,0,0.17282968759536743,
26,7,0,0.4772385358810425,
26,8,0,0.2493329644203186,
26,9,0,0.8158735632896423,
26,10,0,0.0657685399055481,
26,11,0,0.8447725176811218,
26,12,0,0.831366777420044,
26,13,0,0.8246086835861206,
26,14,0,0.7504216432571411,
26,15,0,0.814678430557251,
26,16,0,0.5169212222099304,
26,17,0,0.39991408586502075,
26,18,0,0.8090536594390869,
26,19,0,0.8275914192199707,
26,20,0,0.7424577474594116,
26,21,0,0.48336130380630493,
26,22,0,0.2791973948478699,
26,23,0,0.6878293752670288,
26,24,0,0.8199623823165894,
26,25,0,0.7288713455200195,
26,26,0,0.836057722568512,
26,27,0,0.3866937756538391,
26,28,0,0.28330886363983154,
26,29,0,0.4590630531311035,
26,30,0,0.8317701816558838,
26,31,0,0.8058136701583862,
26,32,0,0.45473843812942505,
26,33,0,0.7500317692756653,
26,34,0,0.8019505143165588,
26,35,0,0.274328351020813,
26,36,0,0.42527443170547485,
26,37,0,0.825129508972168,
26,38,0,0.19519442319869995,
26,39,0,0.843011200428009,
26,40,0,0.16423910856246948,
26,41,0,0.6283416748046875,
26,42,0,0.4639573097229004,
26,43,0,0.04437524080276489,
26,44,0,0.7440468668937683,
26,45,0,0.46718674898147583,
26,46,0,0.050525009632110596,
26,47,0,0.05135536193847656,
26,48,0,0.8360474109649658,
26,49,0,0.3136419653892517,
26,50,0,0.8434292674064636,
26,51,0,0.3852129578590393,
26,52,0,0.4320133328437805,
26,53,0,0.0525088906288147,
26,54,0,0.8529211282730103,
26,55,0,0.4504014849662781,
26,56,0,0.7935159802436829,
26,57,0,0.4963145852088928,
26,58,0,0.8541707992553711,
26,59,0,0.3601987957954407,
26,60,0,0.4231724739074707,
26,61,0,0.6018710136413574,
26,62,0,0.8252958655357361,
26,63,0,0.2684404253959656,
26,64,0,0.26092106103897095,
26,65,0,0.7574766874313354,
26,66,0,0.7226008176803589,
26,67,0,0.44408130645751953,
26,68,0,0.8463518619537354,
26,69,0,0.46070975065231323,
26,70,0,0.5073139071464539,
26,71,0,0.6208933591842651,
26,72,0,0.6703282594680786,
26,73,0,0.802607536315918,
26,74,0,0.8184674978256226,
26,75,0,0.6428688764572144,
26,76,0,0.8167502284049988,
26,77,0,0.7374804019927979,
26,78,0,0.16442090272903442,
26,79,0,0.8300831317901611,
26,80,0,0.47347837686538696,
26,81,0,0.8166057467460632,
26,82,0,0.05289798974990845,
26,83,0,0.8180968761444092,
26,84,0,0.839384138584137,
26,85,0,0.5100140571594238,
26,86,0,0.8358732461929321,
26,87,0,0.572283923625946,
26,88,0,0.8173272013664246,
26,89,0,0.48784339427948,
26,90,0,0.7392755746841431,
26,91,0,0.8199509978294373,
26,92,0,0.8491018414497375,
26,93,0,0.819170355796814,
26,94,0,0.4896475076675415,
26,95,0,0.85091632604599,
26,96,0,0.2788696885108948,
26,97,0,0.8396685719490051,
26,98,0,0.6132520437240601,
26,99,0,0.8342946171760559,
26,100,0,0.7465529441833496,
26,101,0,0.6638647317886353,
26,102,0,0.8386379480361938,
26,103,0,0.7912879586219788,
26,104,0,0.839079737663269,
26,105,0,0.33751779794692993,
26,106,0,0.8340973258018494,
26,107,0,0.8238502144813538,
26,108,0,0.6307668089866638,
26,109,0,0.823506236076355,
26,110,0,0.8570900559425354,
26,111,0,0.8181031942367554,
26,112,0,0.8353810906410217,
26,113,0,0.42977333068847656,
26,114,0,0.25780969858169556,
26,115,0,0.8323560953140259,
26,116,0,0.8235601186752319,
26,117,0,0.3704138398170471,
26,118,0,0.81739342212677,
26,119,0,0.3381689190864563,
26,120,0,0.8251068592071533,
26,121,0,0.839916467666626,
26,122,0,0.7259470224380493,
26,123,0,0.06811350584030151,
26,124,0,0.4168357849121094,
26,125,0,0.7578496336936951,
26,126,0,0.8476196527481079,
26,127,0,0.823326587677002,
26,128,0,0.8173226714134216,
26,129,0,0.8392175436019897,
26,130,0,0.721759557723999,
26,131,0,0.8419208526611328,
26,132,0,0.7778484225273132,
26,133,0,0.24307900667190552,
26,134,0,0.4272668957710266,
26,135,0,0.485307514667511,
26,136,0,0.056829988956451416,
26,137,0,0.1354866623878479,
26,138,0,0.2581092119216919,
26,139,0,0.4796620011329651,
26,140,0,0.8197858929634094,
26,141,0,0.7790789604187012,
26,142,0,0.8422118425369263,
26,143,0,0.7806184887886047,
26,144,0,0.8158835768699646,
26,145,0,0.21989762783050537,
26,146,0,0.6966105699539185,
26,147,0,0.2392568588256836,
26,148,0,0.7713629007339478,
26,149,0,0.7893255352973938,
26,150,0,0.8044480085372925,
26,151,0,0.8215271830558777,
26,152,0,0.7332655191421509,
26,153,0,0.823057234287262,
26,154,0,0.828870952129364,
26,155,0,0.7131212949752808,
26,156,0,0.05075174570083618,
26,157,0,0.6238687038421631,
26,158,0,0.7734280228614807,
26,159,0,0.805214524269104,
26,160,0,0.35188597440719604,
26,161,0,0.06173759698867798,
26,162,0,0.8378751277923584,
26,163,0,0.28076571226119995,
26,164,0,0.38546425104141235,
26,165,0,0.7255808711051941,
26,166,0,0.25192803144454956,
26,167,0,0.8544232845306396,
26,168,0,0.8502075672149658,
26,169,0,0.14589786529541016,
26,170,0,0.7846356630325317,
26,171,0,0.7411925792694092,
26,172,0,0.7373472452163696,
26,173,0,0.6360206604003906,
26,174,0,0.7540585994720459,
26,175,0,0.4165090322494507,
26,176,0,0.7645108103752136,
26,177,0,0.3088877201080322,
26,178,0,0.8409110307693481,
26,179,0,0.3403318524360657,
26,180,0,0.8076100945472717,
26,181,0,0.8078139424324036,
26,182,0,0.3305850625038147,
26,183,0,0.17475730180740356,
26,184,0,0.7843751907348633,
26,185,0,0.7440404891967773,
26,186,0,0.2989909052848816,
26,187,0,0.7419443130493164,
26,188,0,0.7581002712249756,
26,189,0,0.26753664016723633,
26,190,0,0.06679791212081909,
26,191,0,0.4580559730529785,
26,192,0,0.7577168941497803,
26,193,0,0.7400630116462708,
26,194,0,0.7381130456924438,
26,195,0,0.8619523048400879,
26,196,0,0.7517944574356079,
26,197,0,0.1929604411125183,
26,198,0,0.803541362285614,
26,199,0,0.255043089389801,
26,200,0,0.7540814876556396,
26,201,0,0.050990939140319824,
26,202,0,0.28802716732025146,
26,203,0,0.8367095589637756,
26,204,0,0.33704549074172974,
26,205,0,0.2544543147087097,
26,206,0,0.34819871187210083,
26,207,0,0.15254122018814087,
26,208,0,0.48006898164749146,
26,209,0,0.780177891254425,
26,210,0,0.30446702241897583,
26,211,0,0.825626790523529,
26,212,0,0.4898452162742615,
26,213,0,0.7981212139129639,
26,214,0,0.8368895053863525,
26,215,0,0.8275142908096313,
26,216,0,0.45327645540237427,
26,217,0,0.8301703929901123,
26,218,0,0.8421856760978699,
26,219,0,0.7297810316085815,
26,220,0,0.2553892135620117,
26,221,0,0.7425864934921265,
26,222,0,0.31813740730285645,
26,223,0,0.48476552963256836,
26,224,0,0.8251371383666992,
26,225,0,0.293489933013916,
26,226,0,0.8159930109977722,
26,227,0,0.17385566234588623,
26,228,0,0.7092890739440918,
26,229,0,0.4237426519393921,
26,230,0,0.4588261842727661,
26,231,0,0.8299610018730164,
26,232,0,0.8523235321044922,
26,233,0,0.8439575433731079,
26,234,0,0.8230636119842529,
26,235,0,0.04559326171875,
26,236,0,0.443669855594635,
26,237,0,0.8334879279136658,
26,238,0,0.4686307907104492,
26,239,0,0.41650664806365967,
26,240,0,0.8158813714981079,
26,241,0,0.8393813967704773,
26,242,0,0.8253751993179321,
26,243,0,0.44006145000457764,
26,244,0,0.3094743490219116,
26,245,0,0.05066949129104614,
26,246,0,0.43174266815185547,
26,247,0,0.8364834785461426,
26,248,0,0.454623281955719,
26,249,0,0.816439688205719,
26,250,0,0.12258821725845337,
26,251,0,0.8458337783813477,
26,252,0,0.7725101113319397,
26,253,0,0.7629287838935852,
26,254,0,0.041085779666900635,
26,255,0,0.7518179416656494,
26,256,0,0.564833402633667,
26,257,0,0.8451777100563049,
26,258,0,0.8241012692451477,
26,259,0,0.8448390364646912,
26,260,0,0.5188816785812378,
26,261,0,0.7420099973678589,
26,262,0,0.8512449860572815,
26,263,0,0.7292544841766357,
26,264,0,0.28967922925949097,
26,265,0,0.8484693765640259,
26,266,0,0.8181020617485046,
26,267,0,0.8377274870872498,
26,268,0,0.32579392194747925,
26,269,0,0.458804190158844,
26,270,0,0.5978623628616333,
26,271,0,0.8087224960327148,
26,272,0,0.3857223391532898,
26,273,0,0.8414939045906067,
26,274,0,0.8081833124160767,
26,275,0,0.1626308560371399,
26,276,0,0.8149181604385376,
26,277,0,0.06334638595581055,
26,278,0,0.5469361543655396,
26,279,0,0.7444776892662048,
26,280,0,0.7792068719863892,
26,281,0,0.7924954891204834,
26,282,0,0.7455333471298218,
26,283,0,0.7555688619613647,
26,284,0,0.844982385635376,
26,285,0,0.8329583406448364,
26,286,0,0.6494511365890503,
26,287,0,0.7259761095046997,
26,288,0,0.843977689743042,
26,289,0,0.5226746797561646,
26,290,0,0.8266382813453674,
26,291,0,0.04735410213470459,
26,292,0,0.3881235718727112,
26,293,0,0.8442217707633972,
26,294,0,0.8360488414764404,
26,295,0,0.8501738905906677,
26,296,0,0.4824414849281311,
26,297,0,0.06331855058670044,
26,298,0,0.8499640822410583,
26,299,0,0.8108004927635193,
26,300,0,0.4310373067855835,
26,301,0,0.4137578010559082,
26,302,0,0.8414357304573059,
26,303,0,0.5979082584381104,
26,304,0,0.8443269729614258,
26,305,0,0.4710029363632202,
26,306,0,0.23431384563446045,
26,307,0,0.8350627422332764,
26,308,0,0.84117591381073,
26,309,0,0.20070302486419678,
26,310,0,0.8208126425743103,
26,311,0,0.39107322692871094,
26,312,0,0.8226976990699768,
26,313,0,0.8174057602882385,
26,314,0,0.4102345108985901,
26,315,0,0.8210786581039429,
26,316,0,0.8382551074028015,
26,317,0,0.6695898771286011,
26,318,0,0.37521636486053467,
26,319,0,0.3211725354194641,
26,320,0,0.7470101118087769,
26,321,0,0.8353933095932007,
26,322,0,0.8357858061790466,
26,323,0,0.2980034351348877,
26,324,0,0.8485174179077148,
26,325,0,0.7951080799102783,
26,326,0,0.807530403137207,
26,327,0,0.7339622974395752,
26,328,0,0.7254630923271179,
26,329,0,0.7694436311721802,
26,330,0,0.36808401346206665,
26,331,0,0.32321977615356445,
26,332,0,0.8301607370376587,
26,333,0,0.25013428926467896,
26,334,0,0.8063750863075256,
26,335,0,0.3686754107475281,
26,336,0,0.8306083679199219,
26,337,0,0.4507119059562683,
26,338,0,0.6284233331680298,
26,339,0,0.7897449135780334,
26,340,0,0.8430218696594238,
26,341,0,0.05919557809829712,
26,342,0,0.7454699277877808,
26,343,0,0.616207480430603,
26,344,0,0.822471559047699,
26,345,0,0.8283719420433044,
26,346,0,0.23373252153396606,
26,347,0,0.16882818937301636,
26,348,0,0.752656102180481,
26,349,0,0.8322672843933105,
26,350,0,0.8013237714767456,
26,351,0,0.7744287252426147,
26,352,0,0.8289716839790344,
26,353,0,0.82649827003479,
26,354,0,0.6434937715530396,
26,355,0,0.16313081979751587,
26,356,0,0.8319204449653625,
26,357,0,0.7560773491859436,
26,358,0,0.2066730260848999,
26,359,0,0.7808694839477539,
26,360,0,0.843529462814331,
26,361,0,0.845953643321991,
26,362,0,0.2511071562767029,
26,363,0,0.31085872650146484,
26,364,0,0.7530683875083923,
26,365,0,0.8469551801681519,
26,366,0,0.8458133935928345,
26,367,0,0.8348584771156311,
26,368,0,0.8299024105072021,
26,369,0,0.8101014494895935,
26,370,0,0.6192258596420288,
26,371,0,0.726249098777771,
26,372,0,0.8229044675827026,
26,373,0,0.8327962160110474,
26,374,0,0.43783843517303467,
26,375,0,0.7629003524780273,
26,376,0,0.7584559917449951,
26,377,0,0.3376258611679077,
26,378,0,0.4125022888183594,
26,379,0,0.8385528326034546,
26,380,0,0.34838950634002686,
26,381,0,0.32183170318603516,
26,382,0,0.32402312755584717,
26,383,0,0.8443797826766968,
26,384,0,0.33796870708465576,
26,385,0,0.33512020111083984,
26,386,0,0.23890608549118042,
26,387,0,0.43899208307266235,
26,388,0,0.0583685040473938,
26,389,0,0.7835888266563416,
26,390,0,0.7556967735290527,
26,391,0,0.7064714431762695,
26,392,0,0.6753102540969849,
26,393,0,0.3090605139732361,
26,394,0,0.48202162981033325,
26,395,0,0.8136458992958069,
26,396,0,0.15936279296875,
26,397,0,0.1847909688949585,
26,398,0,0.802006721496582,
26,399,0,0.30393391847610474,
26,400,0,0.7295644283294678,
26,401,0,0.7607690095901489,
26,402,0,0.8334550857543945,
26,403,0,0.798375129699707,
26,404,0,0.3218246102333069,
26,405,0,0.06496083736419678,
26,406,0,0.7645310759544373,
26,407,0,0.843576192855835,
26,408,0,0.8108729720115662,
26,409,0,0.7098406553268433,
26,410,0,0.8357137441635132,
26,411,0,0.30645352602005005,
26,412,0,0.8081614375114441,
26,413,0,0.06861287355422974,
26,414,0,0.7801116704940796,
26,415,0,0.6476227045059204,
26,416,0,0.8328652381896973,
26,417,0,0.05497157573699951,
26,418,0,0.4997144341468811,
26,419,0,0.4753301739692688,
26,420,0,0.26012659072875977,
26,421,0,0.2579262852668762,
26,422,0,0.8240827322006226,
26,423,0,0.8378296494483948,
26,424,0,0.8387647867202759,
26,425,0,0.8117328882217407,
26,426,0,0.8128297924995422,
26,427,0,0.8112121820449829,
26,428,0,0.4585779905319214,
26,429,0,0.813640296459198,
26,430,0,0.26193034648895264,
26,431,0,0.7910433411598206,
26,432,0,0.7474814653396606,
26,433,0,0.8262907266616821,
26,434,0,0.8290544748306274,
26,435,0,0.817375659942627,
26,436,0,0.6063897013664246,
26,437,0,0.05134999752044678,
26,438,0,0.7076838612556458,
26,439,0,0.2211320996284485,
26,440,0,0.8523616790771484,
26,441,0,0.7832857370376587,
26,442,0,0.8270532488822937,
26,443,0,0.8149158954620361,
26,444,0,0.7562750577926636,
26,445,0,0.8260934352874756,
26,446,0,0.763028621673584,
26,447,0,0.3137187957763672,
26,448,0,0.05254095792770386,
26,449,0,0.8028766512870789,
26,450,0,0.7800846695899963,
26,451,0,0.2598469853401184,
26,452,0,0.8139148354530334,
26,453,0,0.2956451177597046,
26,454,0,0.42208749055862427,
26,455,0,0.5730473399162292,
26,456,0,0.726923942565918,
26,457,0,0.6631718873977661,
26,458,0,0.518258273601532,
26,459,0,0.8281154036521912,
26,460,0,0.8211743831634521,
26,461,0,0.46736443042755127,
26,462,0,0.8063310384750366,
26,463,0,0.15362107753753662,
26,464,0,0.6060359477996826,
26,465,0,0.7477942705154419,
26,466,0,0.04702788591384888,
26,467,0,0.8154726624488831,
26,468,0,0.6384590268135071,
26,469,0,0.7892124056816101,
26,470,0,0.33971279859542847,
26,471,0,0.05426836013793945,
26,472,0,0.8400819301605225,
26,473,0,0.8443465828895569,
26,474,0,0.05667382478713989,
26,475,0,0.8286534547805786,
26,476,0,0.4631820321083069,
26,477,0,0.8549576997756958,
26,478,0,0.5230605602264404,
26,479,0,0.48400843143463135,
26,480,0,0.6705667972564697,
26,481,0,0.17361527681350708,
26,482,0,0.8165141344070435,
26,483,0,0.835040807723999,
26,484,0,0.8394860625267029,
26,485,0,0.4512227177619934,
26,486,0,0.7181706428527832,
26,487,0,0.3416050672531128,
26,488,0,0.7197502851486206,
26,489,0,0.8355954885482788,
26,490,0,0.7617658972740173,
26,491,0,0.825946033000946,
26,492,0,0.6469153761863708,
26,493,0,0.7483412623405457,
26,494,0,0.05868750810623169,
26,495,0,0.3616451025009155,
26,496,0,0.2817673683166504,
26,497,0,0.7784830927848816,
26,498,0,0.44651561975479126,
26,499,0,0.8433624505996704,
26,500,0,0.8080331683158875,
26,501,0,0.7691613435745239,
26,502,0,0.8340141177177429,
26,503,0,0.20800739526748657,
26,504,0,0.7499376535415649,
26,505,0,0.46935540437698364,
26,506,0,0.7693151235580444,
26,507,0,0.27811580896377563,
26,508,0,0.8443631529808044,
26,509,0,0.8417575359344482,
26,510,0,0.8368768095970154,
26,511,0,0.7683278322219849,
26,512,0,0.24929237365722656,
26,513,0,0.7269728183746338,
26,514,0,0.8161576390266418,
26,515,0,0.8021448850631714,
26,516,0,0.7416872382164001,
26,517,0,0.40224987268447876,
26,518,0,0.2352159023284912,
26,519,0,0.29685574769973755,
26,520,0,0.8489682078361511,
26,521,0,0.8282253742218018,
26,522,0,0.361050009727478,
26,523,0,0.8595851063728333,
26,524,0,0.7507156729698181,
26,525,0,0.053801119327545166,
26,526,0,0.3234444260597229,
26,527,0,0.8369072079658508,
26,528,0,0.05431777238845825,
26,529,0,0.8243471384048462,
26,530,0,0.8015488386154175,
26,531,0,0.8435664176940918,
26,532,0,0.8001854419708252,
26,533,0,0.8321937322616577,
26,534,0,0.3812099099159241,
26,535,0,0.8406651020050049,
26,536,0,0.7929738759994507,
26,537,0,0.2785075902938843,
26,538,0,0.8255140781402588,
26,539,0,0.7981635332107544,
26,540,0,0.7749162912368774,
26,541,0,0.4302424192428589,
26,542,0,0.3361665606498718,
26,543,0,0.8420986533164978,
26,544,0,0.06089073419570923,
26,545,0,0.3988170623779297,
26,546,0,0.4496840834617615,
26,547,0,0.06185340881347656,
26,548,0,0.7808151841163635,
26,549,0,0.31419456005096436,
26,550,0,0.8367522358894348,
26,551,0,0.843146800994873,
26,552,0,0.727870762348175,
26,553,0,0.44038254022598267,
26,554,0,0.659538209438324,
26,555,0,0.26313120126724243,
26,556,0,0.7709130644798279,
26,557,0,0.8236315846443176,
26,558,0,0.39563101530075073,
26,559,0,0.6460694670677185,
26,560,0,0.7835354208946228,
26,561,0,0.8264772891998291,
26,562,0,0.1717280149459839,
26,563,0,0.8359630107879639,
26,564,0,0.4771912693977356,
26,565,0,0.3521822690963745,
26,566,0,0.37037068605422974,
26,567,0,0.8317313194274902,
26,568,0,0.21482282876968384,
26,569,0,0.8182238936424255,
26,570,0,0.6338057518005371,
26,571,0,0.6032696962356567,
26,572,0,0.32221245765686035,
26,573,0,0.8525387048721313,
26,574,0,0.32309848070144653,
26,575,0,0.2942829132080078,
26,576,0,0.799720048904419,
26,577,0,0.2965361475944519,
26,578,0,0.3130086660385132,
26,579,0,0.7898361682891846,
26,580,0,0.2883227467536926,
26,581,0,0.40676671266555786,
26,582,0,0.827151894569397,
26,583,0,0.7693411111831665,
26,584,0,0.4423847794532776,
26,585,0,0.8161720037460327,
26,586,0,0.8308767676353455,
26,587,0,0.5863842368125916,
26,588,0,0.23471438884735107,
26,589,0,0.7174050807952881,
26,590,0,0.8226628303527832,
26,591,0,0.2627294659614563,
26,592,0,0.8185803890228271,
26,593,0,0.8318536281585693,
26,594,0,0.8222261071205139,
26,595,0,0.746225118637085,
26,596,0,0.4351455569267273,
26,597,0,0.16666316986083984,
26,598,0,0.3144848942756653,
26,599,0,0.34362947940826416,
26,600,0,0.7675508260726929,
26,601,0,0.4320898652076721,
26,602,0,0.1905253529548645,
26,603,0,0.3077099919319153,
26,604,0,0.7480067014694214,
26,605,0,0.7876837849617004,
26,606,0,0.3055728077888489,
26,607,0,0.7702893614768982,
26,608,0,0.7142354249954224,
26,609,0,0.8363954424858093,
26,610,0,0.8403085470199585,
26,611,0,0.8455333709716797,
26,612,0,0.6637375950813293,
26,613,0,0.7693411111831665,
26,614,0,0.8370582461357117,
26,615,0,0.393132746219635,
26,616,0,0.8444610834121704,
26,617,0,0.30523794889450073,
26,618,0,0.17101478576660156,
26,619,0,0.42167025804519653,
26,620,0,0.8401806354522705,
26,621,0,0.42437660694122314,
26,622,0,0.7835679650306702,
26,623,0,0.4302448034286499,
26,624,0,0.32343387603759766,
26,625,0,0.851706862449646,
26,626,0,0.8324576020240784,
26,627,0,0.8207365870475769,
26,628,0,0.8547011613845825,
26,629,0,0.4794638752937317,
26,630,0,0.06341773271560669,
26,631,0,0.17965131998062134,
26,632,0,0.8151161670684814,
26,633,0,0.7345302104949951,
26,634,0,0.8352014422416687,
26,635,0,0.48371922969818115,
26,636,0,0.8131990432739258,
26,637,0,0.7109107971191406,
26,638,0,0.8290700316429138,
26,639,0,0.7616047263145447,
26,640,0,0.15576171875,
26,641,0,0.7656211256980896,
26,642,0,0.7787050008773804,
26,643,0,0.42613446712493896,
26,644,0,0.4122372269630432,
26,645,0,0.8190716505050659,
26,646,0,0.8394894003868103,
26,647,0,0.7725696563720703,
26,648,0,0.8177552819252014,
26,649,0,0.04813259840011597,
26,650,0,0.7657336592674255,
26,651,0,0.4413157105445862,
26,652,0,0.7094870805740356,
26,653,0,0.5818427801132202,
26,654,0,0.763762891292572,
26,655,0,0.2511761784553528,
26,656,0,0.2514467239379883,
26,657,0,0.3856188654899597,
26,658,0,0.746749758720398,
26,659,0,0.05206871032714844,
26,660,0,0.8463144302368164,
26,661,0,0.7504212856292725,
26,662,0,0.8224072456359863,
26,663,0,0.7297828197479248,
26,664,0,0.8389719724655151,
26,665,0,0.4318491816520691,
26,666,0,0.05641382932662964,
26,667,0,0.8123444318771362,
26,668,0,0.3055664896965027,
26,669,0,0.46486371755599976,
26,670,0,0.3872333765029907,
26,671,0,0.7613276243209839,
26,672,0,0.17768782377243042,
26,673,0,0.28099024295806885,
26,674,0,0.4143117070198059,
26,675,0,0.7646899819374084,
26,676,0,0.1626611351966858,
26,677,0,0.6045082807540894,
26,678,0,0.8570456504821777,
26,679,0,0.8079878687858582,
26,680,0,0.06411617994308472,
26,681,0,0.8456805944442749,
26,682,0,0.33330005407333374,
26,683,0,0.34614723920822144,
26,684,0,0.825588583946228,
26,685,0,0.8148071765899658,
26,686,0,0.8051160573959351,
26,687,0,0.6214349269866943,
26,688,0,0.2926877737045288,
26,689,0,0.7574785351753235,
26,690,0,0.8409659266471863,
26,691,0,0.16410952806472778,
26,692,0,0.36283355951309204,
26,693,0,0.7078769207000732,
26,694,0,0.7615195512771606,
26,695,0,0.7681350708007812,
26,696,0,0.1954013705253601,
26,697,0,0.7529719471931458,
26,698,0,0.8432350754737854,
26,699,0,0.45213860273361206,
26,700,0,0.26362890005111694,
26,701,0,0.8339756727218628,
26,702,0,0.7870045304298401,
26,703,0,0.8294157981872559,
26,704,0,0.15986019372940063,
26,705,0,0.05513840913772583,
26,706,0,0.8452877402305603,
26,707,0,0.8092155456542969,
26,708,0,0.8476212024688721,
26,709,0,0.7536290287971497,
26,710,0,0.41180217266082764,
26,711,0,0.3622598648071289,
26,712,0,0.2985419034957886,
26,713,0,0.42644810676574707,
26,714,0,0.8481859564781189,
26,715,0,0.45159071683883667,
26,716,0,0.7687206864356995,
26,717,0,0.6541063785552979,
26,718,0,0.8283370137214661,
26,719,0,0.8264466524124146,
26,720,0,0.7957443594932556,
26,721,0,0.7804951667785645,
26,722,0,0.78481125831604,
26,723,0,0.17083054780960083,
26,724,0,0.7205581068992615,
26,725,0,0.20448237657546997,
26,726,0,0.8280885815620422,
26,727,0,0.811587929725647,
26,728,0,0.19967085123062134,
26,729,0,0.4526405930519104,
26,730,0,0.3746284246444702,
26,731,0,0.8306007385253906,
26,732,0,0.812762975692749,
26,733,0,0.4042244553565979,
26,734,0,0.8218806982040405,
26,735,0,0.3254554867744446,
26,736,0,0.7573784589767456,
26,737,0,0.8373370170593262,
26,738,0,0.8227588534355164,
26,739,0,0.6253751516342163,
26,740,0,0.30762338638305664,
26,741,0,0.6982293725013733,
26,742,0,0.8294124603271484,
26,743,0,0.8510744571685791,
26,744,0,0.8151575922966003,
26,745,0,0.29012107849121094,
26,746,0,0.7427847981452942,
26,747,0,0.8478502631187439,
26,748,0,0.7226258516311646,
26,749,0,0.8268988132476807,
26,750,0,0.827316403388977,
26,751,0,0.8310837745666504,
26,752,0,0.767981767654419,
26,753,0,0.4769168496131897,
26,754,0,0.7363426685333252,
26,755,0,0.840448260307312,
26,756,0,0.8279640674591064,
26,757,0,0.8398813009262085,
26,758,0,0.704849123954773,
26,759,0,0.05473119020462036,
26,760,0,0.4506976008415222,
26,761,0,0.7452769875526428,
26,762,0,0.7776412963867188,
26,763,0,0.34349745512008667,
26,764,0,0.3195081353187561,
26,765,0,0.8035363554954529,
26,766,0,0.17520827054977417,
26,767,0,0.7520140409469604,
26,768,0,0.8302808403968811,
26,769,0,0.20254993438720703,
26,770,0,0.7873020172119141,
26,771,0,0.7238361835479736,
26,772,0,0.8006149530410767,
26,773,0,0.20892435312271118,
26,774,0,0.8412466645240784,
26,775,0,0.7955357432365417,
26,776,0,0.2649576663970947,
26,777,0,0.8367803692817688,
26,778,0,0.43736058473587036,
26,779,0,0.8363102078437805,
26,780,0,0.7635806798934937,
26,781,0,0.8343156576156616,
26,782,0,0.4152306318283081,
26,783,0,0.8099173903465271,
26,784,0,0.4050825834274292,
26,785,0,0.046129703521728516,
26,786,0,0.4825837016105652,
26,787,0,0.2596701383590698,
26,788,0,0.8458354473114014,
26,789,0,0.31850218772888184,
26,790,0,0.7784839868545532,
26,791,0,0.47912436723709106,
26,792,0,0.3534495234489441,
26,793,0,0.8031935691833496,
26,794,0,0.8356963396072388,
26,795,0,0.28967195749282837,
26,796,0,0.8299088478088379,
26,797,0,0.06663435697555542,
26,798,0,0.4672679305076599,
26,799,0,0.8279917240142822,
26,val,,,0.5865300929546357
27,0,0,0.40261346101760864,
27,1,0,0.8193033933639526,
27,2,0,0.679069995880127,
27,3,0,0.8407859802246094,
27,4,0,0.4152528643608093,
27,5,0,0.7670338749885559,
27,6,0,0.1706937551498413,
27,7,0,0.4776533246040344,
27,8,0,0.25112980604171753,
27,9,0,0.8178848624229431,
27,10,0,0.06542092561721802,
27,11,0,0.8425176739692688,
27,12,0,0.8362289667129517,
27,13,0,0.8288528323173523,
27,14,0,0.7502413988113403,
27,15,0,0.8177383542060852,
27,16,0,0.5164486169815063,
27,17,0,0.4015539288520813,
27,18,0,0.8093687891960144,
27,19,0,0.8298471570014954,
27,20,0,0.7448889017105103,
27,21,0,0.4823177456855774,
27,22,0,0.2780420184135437,
27,23,0,0.687801718711853,
27,24,0,0.8239068984985352,
27,25,0,0.7277206182479858,
27,26,0,0.8363032937049866,
27,27,0,0.3881762623786926,
27,28,0,0.28369027376174927,
27,29,0,0.45880335569381714,
27,30,0,0.8316977620124817,
27,31,0,0.8071042895317078,
27,32,0,0.4539388418197632,
27,33,0,0.7502232789993286,
27,34,0,0.8032900094985962,
27,35,0,0.2748783826828003,
27,36,0,0.42573630809783936,
27,37,0,0.8270442485809326,
27,38,0,0.19735640287399292,
27,39,0,0.844293475151062,
27,40,0,0.16340118646621704,
27,41,0,0.6273057460784912,
27,42,0,0.46221786737442017,
27,43,0,0.043140709400177,
27,44,0,0.7459632158279419,
27,45,0,0.46496593952178955,
27,46,0,0.05201214551925659,
27,47,0,0.0515478253364563,
27,48,0,0.8354498147964478,
27,49,0,0.31144267320632935,
27,50,0,0.843991219997406,
27,51,0,0.3835957646369934,
27,52,0,0.4315398335456848,
27,53,0,0.05098283290863037,
27,54,0,0.8525052070617676,
27,55,0,0.45138198137283325,
27,56,0,0.7952011823654175,
27,57,0,0.49724823236465454,
27,58,0,0.8536837100982666,
27,59,0,0.35964900255203247,
27,60,0,0.4230149984359741,
27,61,0,0.6025645732879639,
27,62,0,0.8266403675079346,
27,63,0,0.26868271827697754,
27,64,0,0.26147663593292236,
27,65,0,0.7699602246284485,
27,66,0,0.7245946526527405,
27,67,0,0.44793081283569336,
27,68,0,0.8193961977958679,
27,69,0,0.4594864249229431,
27,70,0,0.5092248320579529,
27,71,0,0.6173689365386963,
27,72,0,0.6710595488548279,
27,73,0,0.7962391376495361,
27,74,0,0.8181760907173157,
27,75,0,0.6471728086471558,
27,76,0,0.8122783303260803,
27,77,0,0.741603434085846,
27,78,0,0.16719484329223633,
27,79,0,0.8296281695365906,
27,80,0,0.474590539932251,
27,81,0,0.8092015385627747,
27,82,0,0.05307823419570923,
27,83,0,0.8120826482772827,
27,84,0,0.839993417263031,
27,85,0,0.5104153156280518,
27,86,0,0.8306955099105835,
27,87,0,0.5717014670372009,
27,88,0,0.8179522752761841,
27,89,0,0.4906193017959595,
27,90,0,0.7388540506362915,
27,91,0,0.8315138220787048,
27,92,0,0.8518602848052979,
27,93,0,0.8186914920806885,
27,94,0,0.4904899597167969,
27,95,0,0.8430885672569275,
27,96,0,0.27886414527893066,
27,97,0,0.8395667672157288,
27,98,0,0.610390305519104,
27,99,0,0.8377389907836914,
27,100,0,0.7461568117141724,
27,101,0,0.6681413650512695,
27,102,0,0.8129248023033142,
27,103,0,0.7875428199768066,
27,104,0,0.8366307020187378,
27,105,0,0.3376842141151428,
27,106,0,0.837397575378418,
27,107,0,0.819666862487793,
27,108,0,0.63923180103302,
27,109,0,0.8225327730178833,
27,110,0,0.868918776512146,
27,111,0,0.8193910717964172,
27,112,0,0.8366195559501648,
27,113,0,0.43063098192214966,
27,114,0,0.25764721632003784,
27,115,0,0.8354020714759827,
27,116,0,0.8206475377082825,
27,117,0,0.36986666917800903,
27,118,0,0.8108295202255249,
27,119,0,0.3357534408569336,
27,120,0,0.8285506367683411,
27,121,0,0.8364024758338928,
27,122,0,0.7302416563034058,
27,123,0,0.06780213117599487,
27,124,0,0.41652148962020874,
27,125,0,0.7627759575843811,
27,126,0,0.8441900610923767,
27,127,0,0.8225893974304199,
27,128,0,0.8191365003585815,
27,129,0,0.8406626582145691,
27,130,0,0.7318330407142639,
27,131,0,0.8408159017562866,
27,132,0,0.7796767354011536,
27,133,0,0.244615375995636,
27,134,0,0.4276706576347351,
27,135,0,0.48489898443222046,
27,136,0,0.05671042203903198,
27,137,0,0.13451558351516724,
27,138,0,0.2577267289161682,
27,139,0,0.48069363832473755,
27,140,0,0.8304046988487244,
27,141,0,0.7683061957359314,
27,142,0,0.834257960319519,
27,143,0,0.7803061008453369,
27,144,0,0.8156367540359497,
27,145,0,0.21931546926498413,
27,146,0,0.6973124742507935,
27,147,0,0.23847883939743042,
27,148,0,0.7728005647659302,
27,149,0,0.7907971739768982,
27,150,0,0.808661937713623,
27,151,0,0.8212969899177551,
27,152,0,0.7348177433013916,
27,153,0,0.8248535394668579,
27,154,0,0.8298839926719666,
27,155,0,0.7138302326202393,
27,156,0,0.05046117305755615,
27,157,0,0.6254957914352417,
27,158,0,0.777073323726654,
27,159,0,0.8061216473579407,
27,160,0,0.3517712354660034,
27,161,0,0.06119203567504883,
27,162,0,0.8397002220153809,
27,163,0,0.2824661135673523,
27,164,0,0.3923221230506897,
27,165,0,0.7243459224700928,
27,166,0,0.2598608136177063,
27,167,0,0.845436155796051,
27,168,0,0.8464136123657227,
27,169,0,0.14549636840820312,
27,170,0,0.7817365527153015,
27,171,0,0.7417340278625488,
27,172,0,0.7372165322303772,
27,173,0,0.635344386100769,
27,174,0,0.7544880509376526,
27,175,0,0.4148237705230713,
27,176,0,0.7636923789978027,
27,177,0,0.3086898922920227,
27,178,0,0.8372253775596619,
27,179,0,0.35176414251327515,
27,180,0,0.7952809929847717,
27,181,0,0.802098274230957,
27,182,0,0.33069103956222534,
27,183,0,0.17717629671096802,
27,184,0,0.7798414826393127,
27,185,0,0.7452059984207153,
27,186,0,0.29355525970458984,
27,187,0,0.7445542812347412,
27,188,0,0.7617071270942688,
27,189,0,0.26708269119262695,
27,190,0,0.066825270652771,
27,191,0,0.45417308807373047,
27,192,0,0.7780367136001587,
27,193,0,0.7400021553039551,
27,194,0,0.7379923462867737,
27,195,0,0.8603312969207764,
27,196,0,0.7474117279052734,
27,197,0,0.19190090894699097,
27,198,0,0.8035798072814941,
27,199,0,0.2538774013519287,
27,200,0,0.7629826068878174,
27,201,0,0.05168706178665161,
27,202,0,0.2837785482406616,
27,203,0,0.8375000953674316,
27,204,0,0.3319329023361206,
27,205,0,0.26136696338653564,
27,206,0,0.3427165746688843,
27,207,0,0.1537456512451172,
27,208,0,0.4769527316093445,
27,209,0,0.7987644076347351,
27,210,0,0.30613893270492554,
27,211,0,0.8220818042755127,
27,212,0,0.48750144243240356,
27,213,0,0.8019095063209534,
27,214,0,0.8363082408905029,
27,215,0,0.8499765396118164,
27,216,0,0.4538293480873108,
27,217,0,0.8312853574752808,
27,218,0,0.8454746603965759,
27,219,0,0.7315155267715454,
27,220,0,0.2559018135070801,
27,221,0,0.7441439032554626,
27,222,0,0.31756705045700073,
27,223,0,0.4847426414489746,
27,224,0,0.8181942105293274,
27,225,0,0.29483723640441895,
27,226,0,0.8147788643836975,
27,227,0,0.17229324579238892,
27,228,0,0.7214187383651733,
27,229,0,0.42410123348236084,
27,230,0,0.45742350816726685,
27,231,0,0.8218927383422852,
27,232,0,0.8530209064483643,
27,233,0,0.8444637656211853,
27,234,0,0.8271154165267944,
27,235,0,0.044976770877838135,
27,236,0,0.441047728061676,
27,237,0,0.831010103225708,
27,238,0,0.4678652882575989,
27,239,0,0.4189176559448242,
27,240,0,0.819418728351593,
27,241,0,0.8156201839447021,
27,242,0,0.8271250128746033,
27,243,0,0.43922585248947144,
27,244,0,0.3087034225463867,
27,245,0,0.052308082580566406,
27,246,0,0.4319232106208801,
27,247,0,0.8368874192237854,
27,248,0,0.45425641536712646,
27,249,0,0.8192800283432007,
27,250,0,0.1325884461402893,
27,251,0,0.8458517789840698,
27,252,0,0.7734062075614929,
27,253,0,0.7642782926559448,
27,254,0,0.04138076305389404,
27,255,0,0.7510576248168945,
27,256,0,0.5594611167907715,
27,257,0,0.8474518656730652,
27,258,0,0.8334550857543945,
27,259,0,0.8471890091896057,
27,260,0,0.5177246928215027,
27,261,0,0.7433322072029114,
27,262,0,0.8257542848587036,
27,263,0,0.729488730430603,
27,264,0,0.29055464267730713,
27,265,0,0.8348371982574463,
27,266,0,0.8212553262710571,
27,267,0,0.8354752063751221,
27,268,0,0.31987714767456055,
27,269,0,0.4605404734611511,
27,270,0,0.5982655882835388,
27,271,0,0.8146867752075195,
27,272,0,0.38317614793777466,
27,273,0,0.8414636850357056,
27,274,0,0.8171384930610657,
27,275,0,0.16316968202590942,
27,276,0,0.815813422203064,
27,277,0,0.06398314237594604,
27,278,0,0.5341076850891113,
27,279,0,0.7411787509918213,
27,280,0,0.7707973122596741,
27,281,0,0.7910435795783997,
27,282,0,0.7465109825134277,
27,283,0,0.7588021755218506,
27,284,0,0.8357401490211487,
27,285,0,0.8321166634559631,
27,286,0,0.6534343957901001,
27,287,0,0.7279466390609741,
27,288,0,0.8295924663543701,
27,289,0,0.5235779285430908,
27,290,0,0.8279709815979004,
27,291,0,0.04714155197143555,
27,292,0,0.38729339838027954,
27,293,0,0.8404666185379028,
27,294,0,0.839000940322876,
27,295,0,0.8380176424980164,
27,296,0,0.4813576340675354,
27,297,0,0.051535606384277344,
27,298,0,0.8556385636329651,
27,299,0,0.8142978549003601,
27,300,0,0.4278098940849304,
27,301,0,0.4151262044906616,
27,302,0,0.8424875736236572,
27,303,0,0.5985051989555359,
27,304,0,0.8426479697227478,
27,305,0,0.46981894969940186,
27,306,0,0.2340245246887207,
27,307,0,0.8308143019676208,
27,308,0,0.8420184850692749,
27,309,0,0.1974608302116394,
27,310,0,0.8177685737609863,
27,311,0,0.39027994871139526,
27,312,0,0.8230365514755249,
27,313,0,0.8206028938293457,
27,314,0,0.4133507013320923,
27,315,0,0.7991445660591125,
27,316,0,0.8406916856765747,
27,317,0,0.663419246673584,
27,318,0,0.36533522605895996,
27,319,0,0.3201647400856018,
27,320,0,0.7444487810134888,
27,321,0,0.8403097987174988,
27,322,0,0.8353308439254761,
27,323,0,0.2997983694076538,
27,324,0,0.84996497631073,
27,325,0,0.796062707901001,
27,326,0,0.8095828890800476,
27,327,0,0.7314819097518921,
27,328,0,0.7252134680747986,
27,329,0,0.7746731042861938,
27,330,0,0.3699488043785095,
27,331,0,0.32088547945022583,
27,332,0,0.8218197226524353,
27,333,0,0.246226966381073,
27,334,0,0.8168933391571045,
27,335,0,0.3758500814437866,
27,336,0,0.8296469449996948,
27,337,0,0.4485945701599121,
27,338,0,0.6306938529014587,
27,339,0,0.7903454303741455,
27,340,0,0.8399652242660522,
27,341,0,0.059894561767578125,
27,342,0,0.750950813293457,
27,343,0,0.614291787147522,
27,344,0,0.8248234987258911,
27,345,0,0.8279629945755005,
27,346,0,0.23624271154403687,
27,347,0,0.16970908641815186,
27,348,0,0.7503657937049866,
27,349,0,0.8335610628128052,
27,350,0,0.7915329933166504,
27,351,0,0.7727159857749939,
27,352,0,0.8225966691970825,
27,353,0,0.8211738467216492,
27,354,0,0.6441915035247803,
27,355,0,0.16316449642181396,
27,356,0,0.8307105302810669,
27,357,0,0.7593334913253784,
27,358,0,0.206407368183136,
27,359,0,0.7777131795883179,
27,360,0,0.8453190922737122,
27,361,0,0.846082866191864,
27,362,0,0.2522720694541931,
27,363,0,0.3128274083137512,
27,364,0,0.7528600096702576,
27,365,0,0.849039614200592,
27,366,0,0.8234826326370239,
27,367,0,0.8386155366897583,
27,368,0,0.8276704549789429,
27,369,0,0.8144248127937317,
27,370,0,0.6191011667251587,
27,371,0,0.7325366735458374,
27,372,0,0.8210770487785339,
27,373,0,0.8415804505348206,
27,374,0,0.4389227032661438,
27,375,0,0.7559902667999268,
27,376,0,0.77324378490448,
27,377,0,0.33737725019454956,
27,378,0,0.4077826142311096,
27,379,0,0.8327755928039551,
27,380,0,0.3454247713088989,
27,381,0,0.32170599699020386,
27,382,0,0.32480043172836304,
27,383,0,0.8408870697021484,
27,384,0,0.3376010060310364,
27,385,0,0.33544713258743286,
27,386,0,0.23777741193771362,
27,387,0,0.43911176919937134,
27,388,0,0.05818301439285278,
27,389,0,0.7936288714408875,
27,390,0,0.7582848072052002,
27,391,0,0.6934046745300293,
27,392,0,0.6777374148368835,
27,393,0,0.3091714382171631,
27,394,0,0.4828331470489502,
27,395,0,0.812806248664856,
27,396,0,0.16195470094680786,
27,397,0,0.18542689085006714,
27,398,0,0.8037433624267578,
27,399,0,0.3016863465309143,
27,400,0,0.7095940709114075,
27,401,0,0.7601350545883179,
27,402,0,0.8299476504325867,
27,403,0,0.8081462979316711,
27,404,0,0.3212628960609436,
27,405,0,0.06507956981658936,
27,406,0,0.7594888210296631,
27,407,0,0.8417260646820068,
27,408,0,0.8170100450515747,
27,409,0,0.7111493349075317,
27,410,0,0.8359175324440002,
27,411,0,0.3067893981933594,
27,412,0,0.7983845472335815,
27,413,0,0.06833553314208984,
27,414,0,0.7801387906074524,
27,415,0,0.644362211227417,
27,416,0,0.855013906955719,
27,417,0,0.0554388165473938,
27,418,0,0.49793124198913574,
27,419,0,0.4760977625846863,
27,420,0,0.2564912438392639,
27,421,0,0.25886744260787964,
27,422,0,0.8201204538345337,
27,423,0,0.8378498554229736,
27,424,0,0.8269638419151306,
27,425,0,0.814587414264679,
27,426,0,0.8123536109924316,
27,427,0,0.8098253011703491,
27,428,0,0.4592173099517822,
27,429,0,0.81798255443573,
27,430,0,0.2593267560005188,
27,431,0,0.7835475206375122,
27,432,0,0.7455687522888184,
27,433,0,0.822822630405426,
27,434,0,0.8295260071754456,
27,435,0,0.8154093027114868,
27,436,0,0.6065924167633057,
27,437,0,0.05165755748748779,
27,438,0,0.7249058485031128,
27,439,0,0.22227084636688232,
27,440,0,0.8414003849029541,
27,441,0,0.7828425168991089,
27,442,0,0.8244010210037231,
27,443,0,0.8149776458740234,
27,444,0,0.7560436725616455,
27,445,0,0.8246201276779175,
27,446,0,0.767411470413208,
27,447,0,0.3125298023223877,
27,448,0,0.05295407772064209,
27,449,0,0.7991603016853333,
27,450,0,0.7759960889816284,
27,451,0,0.25963258743286133,
27,452,0,0.8158271908760071,
27,453,0,0.2939131259918213,
27,454,0,0.4217977523803711,
27,455,0,0.5748760104179382,
27,456,0,0.7260830402374268,
27,457,0,0.6627442836761475,
27,458,0,0.5176138877868652,
27,459,0,0.8258845210075378,
27,460,0,0.817954957485199,
27,461,0,0.4653483033180237,
27,462,0,0.807551383972168,
27,463,0,0.1521102786064148,
27,464,0,0.6078819036483765,
27,465,0,0.744398832321167,
27,466,0,0.04517173767089844,
27,467,0,0.8160022497177124,
27,468,0,0.6351433396339417,
27,469,0,0.7896987795829773,
27,470,0,0.3374311327934265,
27,471,0,0.05331611633300781,
27,472,0,0.8426377773284912,
27,473,0,0.8373780250549316,
27,474,0,0.05671823024749756,
27,475,0,0.8303864002227783,
27,476,0,0.46383166313171387,
27,477,0,0.8231745958328247,
27,478,0,0.5207154750823975,
27,479,0,0.483892023563385,
27,480,0,0.6694079637527466,
27,481,0,0.1731342077255249,
27,482,0,0.8206295967102051,
27,483,0,0.8399143815040588,
27,484,0,0.8329914808273315,
27,485,0,0.4556781053543091,
27,486,0,0.7166971564292908,
27,487,0,0.3374227285385132,
27,488,0,0.7314728498458862,
27,489,0,0.8355808258056641,
27,490,0,0.7610902786254883,
27,491,0,0.825434684753418,
27,492,0,0.646746039390564,
27,493,0,0.7419772148132324,
27,494,0,0.060340285301208496,
27,495,0,0.3632727265357971,
27,496,0,0.27993863821029663,
27,497,0,0.7765135169029236,
27,498,0,0.44563645124435425,
27,499,0,0.8417753577232361,
27,500,0,0.8050463199615479,
27,501,0,0.7706575393676758,
27,502,0,0.8348168134689331,
27,503,0,0.20857036113739014,
27,504,0,0.7490689158439636,
27,505,0,0.46903151273727417,
27,506,0,0.7688933610916138,
27,507,0,0.278850257396698,
27,508,0,0.8443316221237183,
27,509,0,0.8409162759780884,
27,510,0,0.8357889652252197,
27,511,0,0.7720802426338196,
27,512,0,0.24809563159942627,
27,513,0,0.7294943928718567,
27,514,0,0.8114725351333618,
27,515,0,0.8126901388168335,
27,516,0,0.7450208067893982,
27,517,0,0.40057551860809326,
27,518,0,0.23672187328338623,
27,519,0,0.29536157846450806,
27,520,0,0.8423964977264404,
27,521,0,0.839751660823822,
27,522,0,0.35764461755752563,
27,523,0,0.8600640296936035,
27,524,0,0.7374727725982666,
27,525,0,0.05364418029785156,
27,526,0,0.32323557138442993,
27,527,0,0.8379067182540894,
27,528,0,0.054335951805114746,
27,529,0,0.8272629976272583,
27,530,0,0.7967478036880493,
27,531,0,0.8499835729598999,
27,532,0,0.8006173372268677,
27,533,0,0.8327471017837524,
27,534,0,0.3800197243690491,
27,535,0,0.8303593397140503,
27,536,0,0.7957697510719299,
27,537,0,0.2798653244972229,
27,538,0,0.8257887959480286,
27,539,0,0.8058733940124512,
27,540,0,0.7888674139976501,
27,541,0,0.4311431646347046,
27,542,0,0.33505523204803467,
27,543,0,0.8464666604995728,
27,544,0,0.0608210563659668,
27,545,0,0.40337735414505005,
27,546,0,0.45002472400665283,
27,547,0,0.061435043811798096,
27,548,0,0.7780334949493408,
27,549,0,0.3186107873916626,
27,550,0,0.8347154259681702,
27,551,0,0.8465060591697693,
27,552,0,0.7277283072471619,
27,553,0,0.4416337013244629,
27,554,0,0.6572675108909607,
27,555,0,0.2627010941505432,
27,556,0,0.7737280130386353,
27,557,0,0.826215386390686,
27,558,0,0.3942604660987854,
27,559,0,0.6470139026641846,
27,560,0,0.7843096256256104,
27,561,0,0.835728645324707,
27,562,0,0.17108601331710815,
27,563,0,0.8262941837310791,
27,564,0,0.47801828384399414,
27,565,0,0.34205514192581177,
27,566,0,0.37324100732803345,
27,567,0,0.8280966877937317,
27,568,0,0.21453195810317993,
27,569,0,0.8160383701324463,
27,570,0,0.6368256211280823,
27,571,0,0.6060329675674438,
27,572,0,0.3220835328102112,
27,573,0,0.8494086265563965,
27,574,0,0.3221665024757385,
27,575,0,0.2920098900794983,
27,576,0,0.7917232513427734,
27,577,0,0.295488178730011,
27,578,0,0.31314897537231445,
27,579,0,0.7925058603286743,
27,580,0,0.287802517414093,
27,581,0,0.4087456464767456,
27,582,0,0.8204349279403687,
27,583,0,0.7674360871315002,
27,584,0,0.44324320554733276,
27,585,0,0.8145164251327515,
27,586,0,0.8314674496650696,
27,587,0,0.5862680673599243,
27,588,0,0.23389673233032227,
27,589,0,0.7178384065628052,
27,590,0,0.826047420501709,
27,591,0,0.26205605268478394,
27,592,0,0.8177722692489624,
27,593,0,0.8298468589782715,
27,594,0,0.8184249997138977,
27,595,0,0.7438854575157166,
27,596,0,0.43380290269851685,
27,597,0,0.16767823696136475,
27,598,0,0.31503039598464966,
27,599,0,0.34408408403396606,
27,600,0,0.757476270198822,
27,601,0,0.42810511589050293,
27,602,0,0.19034039974212646,
27,603,0,0.3068090081214905,
27,604,0,0.7467153072357178,
27,605,0,0.7899690866470337,
27,606,0,0.30640435218811035,
27,607,0,0.7633787989616394,
27,608,0,0.7101524472236633,
27,609,0,0.8391867876052856,
27,610,0,0.8403184413909912,
27,611,0,0.8686249256134033,
27,612,0,0.6671617031097412,
27,613,0,0.7738527059555054,
27,614,0,0.8332071900367737,
27,615,0,0.3939865231513977,
27,616,0,0.8420727252960205,
27,617,0,0.29805612564086914,
27,618,0,0.16938740015029907,
27,619,0,0.4237130880355835,
27,620,0,0.840110182762146,
27,621,0,0.4254687428474426,
27,622,0,0.7944256067276001,
27,623,0,0.43229037523269653,
27,624,0,0.32146579027175903,
27,625,0,0.8550207018852234,
27,626,0,0.8242565393447876,
27,627,0,0.8213225603103638,
27,628,0,0.8507246375083923,
27,629,0,0.4818578362464905,
27,630,0,0.06460380554199219,
27,631,0,0.17943859100341797,
27,632,0,0.8169487714767456,
27,633,0,0.7337148189544678,
27,634,0,0.8388340473175049,
27,635,0,0.4847310781478882,
27,636,0,0.8118616938591003,
27,637,0,0.7104778289794922,
27,638,0,0.8186111450195312,
27,639,0,0.7592779397964478,
27,640,0,0.15424996614456177,
27,641,0,0.7640612721443176,
27,642,0,0.7778381109237671,
27,643,0,0.4272403120994568,
27,644,0,0.41094714403152466,
27,645,0,0.8109434843063354,
27,646,0,0.8377334475517273,
27,647,0,0.7736098170280457,
27,648,0,0.8193329572677612,
27,649,0,0.047406554222106934,
27,650,0,0.7650981545448303,
27,651,0,0.44180458784103394,
27,652,0,0.713367223739624,
27,653,0,0.5836455821990967,
27,654,0,0.7599974274635315,
27,655,0,0.2456287145614624,
27,656,0,0.2517571449279785,
27,657,0,0.38672691583633423,
27,658,0,0.7433607578277588,
27,659,0,0.05240267515182495,
27,660,0,0.8461973071098328,
27,661,0,0.7549636363983154,
27,662,0,0.8246652483940125,
27,663,0,0.7368001937866211,
27,664,0,0.8490999341011047,
27,665,0,0.43120765686035156,
27,666,0,0.056888580322265625,
27,667,0,0.8136506080627441,
27,668,0,0.29847145080566406,
27,669,0,0.4639761447906494,
27,670,0,0.38401299715042114,
27,671,0,0.7641159892082214,
27,672,0,0.17829769849777222,
27,673,0,0.27678728103637695,
27,674,0,0.4120141267776489,
27,675,0,0.7613524198532104,
27,676,0,0.16322803497314453,
27,677,0,0.6053346395492554,
27,678,0,0.8409901261329651,
27,679,0,0.8068077564239502,
27,680,0,0.05958038568496704,
27,681,0,0.8291193246841431,
27,682,0,0.330787718296051,
27,683,0,0.3495808243751526,
27,684,0,0.8366796970367432,
27,685,0,0.8155723810195923,
27,686,0,0.8064873218536377,
27,687,0,0.6248087882995605,
27,688,0,0.29011237621307373,
27,689,0,0.7602128982543945,
27,690,0,0.8411878347396851,
27,691,0,0.16393184661865234,
27,692,0,0.3662184476852417,
27,693,0,0.7080177664756775,
27,694,0,0.7693596482276917,
27,695,0,0.7686493992805481,
27,696,0,0.19245624542236328,
27,697,0,0.7532176375389099,
27,698,0,0.847983717918396,
27,699,0,0.44980186223983765,
27,700,0,0.2639317512512207,
27,701,0,0.8355972170829773,
27,702,0,0.7891137003898621,
27,703,0,0.8385635614395142,
27,704,0,0.16261154413223267,
27,705,0,0.05606842041015625,
27,706,0,0.8468334674835205,
27,707,0,0.8169832229614258,
27,708,0,0.8395692110061646,
27,709,0,0.7550005912780762,
27,710,0,0.4125922918319702,
27,711,0,0.3548140525817871,
27,712,0,0.29799705743789673,
27,713,0,0.42663753032684326,
27,714,0,0.8419874906539917,
27,715,0,0.452151358127594,
27,716,0,0.7684553265571594,
27,717,0,0.6603070497512817,
27,718,0,0.835029661655426,
27,719,0,0.8290175199508667,
27,720,0,0.7934693098068237,
27,721,0,0.7805818319320679,
27,722,0,0.7833561897277832,
27,723,0,0.1706492304801941,
27,724,0,0.7211289405822754,
27,725,0,0.2037990689277649,
27,726,0,0.8296111226081848,
27,727,0,0.8078644275665283,
27,728,0,0.19915491342544556,
27,729,0,0.4517003893852234,
27,730,0,0.37588030099868774,
27,731,0,0.8280694484710693,
27,732,0,0.8110665082931519,
27,733,0,0.4087572693824768,
27,734,0,0.8228654861450195,
27,735,0,0.3282891511917114,
27,736,0,0.7550826072692871,
27,737,0,0.8146833777427673,
27,738,0,0.8192061185836792,
27,739,0,0.6221713423728943,
27,740,0,0.3074033856391907,
27,741,0,0.6978906393051147,
27,742,0,0.8267155289649963,
27,743,0,0.8528367877006531,
27,744,0,0.8155984282493591,
27,745,0,0.2898958921432495,
27,746,0,0.742071807384491,
27,747,0,0.8478555679321289,
27,748,0,0.7274404764175415,
27,749,0,0.8294236660003662,
27,750,0,0.8276311159133911,
27,751,0,0.8282744884490967,
27,752,0,0.7667983770370483,
27,753,0,0.47659528255462646,
27,754,0,0.7391761541366577,
27,755,0,0.8404842615127563,
27,756,0,0.8273218870162964,
27,757,0,0.8401967883110046,
27,758,0,0.7025446891784668,
27,759,0,0.05276620388031006,
27,760,0,0.4483676552772522,
27,761,0,0.7440401315689087,
27,762,0,0.7766698598861694,
27,763,0,0.34285837411880493,
27,764,0,0.3204534649848938,
27,765,0,0.8057003021240234,
27,766,0,0.17501026391983032,
27,767,0,0.7516835927963257,
27,768,0,0.8285510540008545,
27,769,0,0.2022714614868164,
27,770,0,0.7957885265350342,
27,771,0,0.7296742796897888,
27,772,0,0.7977431416511536,
27,773,0,0.20779740810394287,
27,774,0,0.8534266948699951,
27,775,0,0.7996910810470581,
27,776,0,0.26290959119796753,
27,777,0,0.830272912979126,
27,778,0,0.4361156225204468,
27,779,0,0.8377194404602051,
27,780,0,0.7571519613265991,
27,781,0,0.8345884084701538,
27,782,0,0.4166176915168762,
27,783,0,0.8096190094947815,
27,784,0,0.40533995628356934,
27,785,0,0.04628878831863403,
27,786,0,0.48351311683654785,
27,787,0,0.2586733102798462,
27,788,0,0.8324068188667297,
27,789,0,0.3181014060974121,
27,790,0,0.7788367867469788,
27,791,0,0.4775218963623047,
27,792,0,0.35461223125457764,
27,793,0,0.800661563873291,
27,794,0,0.8355652689933777,
27,795,0,0.2895827889442444,
27,796,0,0.8316892981529236,
27,797,0,0.06179159879684448,
27,798,0,0.46493738889694214,
27,799,0,0.8274803757667542,
27,val,,,0.5863003510236741
28,0,0,0.4045490622520447,
28,1,0,0.8155491352081299,
28,2,0,0.6749858856201172,
28,3,0,0.8483425378799438,
28,4,0,0.41118812561035156,
28,5,0,0.768092691898346,
28,6,0,0.1699589490890503,
28,7,0,0.4788283109664917,
28,8,0,0.2469482421875,
28,9,0,0.8183768391609192,
28,10,0,0.06689774990081787,
28,11,0,0.8432658910751343,
28,12,0,0.8319244384765625,
28,13,0,0.8253510594367981,
28,14,0,0.7494021654129028,
28,15,0,0.8219075202941895,
28,16,0,0.5179307460784912,
28,17,0,0.3995402455329895,
28,18,0,0.8130804300308228,
28,19,0,0.8198637962341309,
28,20,0,0.7434080243110657,
28,21,0,0.4818441867828369,
28,22,0,0.27720266580581665,
28,23,0,0.6875391006469727,
28,24,0,0.8268706798553467,
28,25,0,0.7287098169326782,
28,26,0,0.8409388065338135,
28,27,0,0.38746166229248047,
28,28,0,0.2833215594291687,
28,29,0,0.4626670479774475,
28,30,0,0.8285358548164368,
28,31,0,0.8020797371864319,
28,32,0,0.45111721754074097,
28,33,0,0.7495629787445068,
28,34,0,0.8064023852348328,
28,35,0,0.2741173505783081,
28,36,0,0.42725658416748047,
28,37,0,0.8269975185394287,
28,38,0,0.19659548997879028,
28,39,0,0.8418670296669006,
28,40,0,0.1640889048576355,
28,41,0,0.6257408857345581,
28,42,0,0.4640623927116394,
28,43,0,0.04190593957901001,
28,44,0,0.7463541030883789,
28,45,0,0.4636223316192627,
28,46,0,0.05115652084350586,
28,47,0,0.051325201988220215,
28,48,0,0.8365033864974976,
28,49,0,0.31132441759109497,
28,50,0,0.8431239128112793,
28,51,0,0.38102322816848755,
28,52,0,0.4321134686470032,
28,53,0,0.050676703453063965,
28,54,0,0.8523086905479431,
28,55,0,0.44971275329589844,
28,56,0,0.7936704158782959,
28,57,0,0.49805957078933716,
28,58,0,0.8553603291511536,
28,59,0,0.3640402555465698,
28,60,0,0.42383939027786255,
28,61,0,0.6012596487998962,
28,62,0,0.8283334970474243,
28,63,0,0.26879626512527466,
28,64,0,0.26178914308547974,
28,65,0,0.7565816044807434,
28,66,0,0.7244088649749756,
28,67,0,0.4420870542526245,
28,68,0,0.8253400325775146,
28,69,0,0.4599466323852539,
28,70,0,0.508918285369873,
28,71,0,0.6221729516983032,
28,72,0,0.6694231033325195,
28,73,0,0.8045787215232849,
28,74,0,0.8173630833625793,
28,75,0,0.6539105176925659,
28,76,0,0.8135949373245239,
28,77,0,0.7413650751113892,
28,78,0,0.16417044401168823,
28,79,0,0.8208829164505005,
28,80,0,0.469668447971344,
28,81,0,0.8127695322036743,
28,82,0,0.050746262073516846,
28,83,0,0.8225437998771667,
28,84,0,0.8334733247756958,
28,85,0,0.5068886280059814,
28,86,0,0.8218272924423218,
28,87,0,0.5713169574737549,
28,88,0,0.8156076073646545,
28,89,0,0.48971182107925415,
28,90,0,0.740753173828125,
28,91,0,0.8205814361572266,
28,92,0,0.8487318158149719,
28,93,0,0.8189342021942139,
28,94,0,0.49142855405807495,
28,95,0,0.8309267163276672,
28,96,0,0.2801405191421509,
28,97,0,0.8402541875839233,
28,98,0,0.6076933741569519,
28,99,0,0.8269675374031067,
28,100,0,0.7476696372032166,
28,101,0,0.6635215878486633,
28,102,0,0.8183931112289429,
28,103,0,0.7834850549697876,
28,104,0,0.8417276740074158,
28,105,0,0.35030555725097656,
28,106,0,0.829434335231781,
28,107,0,0.8232077360153198,
28,108,0,0.6351301670074463,
28,109,0,0.8255489468574524,
28,110,0,0.8382688164710999,
28,111,0,0.8186062574386597,
28,112,0,0.8436713814735413,
28,113,0,0.43164879083633423,
28,114,0,0.25834566354751587,
28,115,0,0.8452651500701904,
28,116,0,0.8213109970092773,
28,117,0,0.36961954832077026,
28,118,0,0.8202290534973145,
28,119,0,0.33565807342529297,
28,120,0,0.8245144486427307,
28,121,0,0.8406349420547485,
28,122,0,0.729405403137207,
28,123,0,0.06787759065628052,
28,124,0,0.41642504930496216,
28,125,0,0.7577502727508545,
28,126,0,0.8402988910675049,
28,127,0,0.8233711123466492,
28,128,0,0.8191838264465332,
28,129,0,0.8434551954269409,
28,130,0,0.7325694561004639,
28,131,0,0.8337567448616028,
28,132,0,0.7849789261817932,
28,133,0,0.24439620971679688,
28,134,0,0.427528440952301,
28,135,0,0.4853832721710205,
28,136,0,0.05698287487030029,
28,137,0,0.1352691650390625,
28,138,0,0.2630893588066101,
28,139,0,0.48091769218444824,
28,140,0,0.8118112087249756,
28,141,0,0.7756388187408447,
28,142,0,0.8279308080673218,
28,143,0,0.7778817415237427,
28,144,0,0.816628098487854,
28,145,0,0.21976113319396973,
28,146,0,0.6906697154045105,
28,147,0,0.23892229795455933,
28,148,0,0.7730013132095337,
28,149,0,0.7855826616287231,
28,150,0,0.80446457862854,
28,151,0,0.8251640200614929,
28,152,0,0.7323826551437378,
28,153,0,0.8260294198989868,
28,154,0,0.8267180919647217,
28,155,0,0.7130820751190186,
28,156,0,0.050450146198272705,
28,157,0,0.6234383583068848,
28,158,0,0.7739769220352173,
28,159,0,0.806780219078064,
28,160,0,0.35010194778442383,
28,161,0,0.06025034189224243,
28,162,0,0.839774489402771,
28,163,0,0.2810683846473694,
28,164,0,0.39025211334228516,
28,165,0,0.7255884408950806,
28,166,0,0.25192558765411377,
28,167,0,0.8329533338546753,
28,168,0,0.8429946899414062,
28,169,0,0.14561861753463745,
28,170,0,0.7886016964912415,
28,171,0,0.7390549182891846,
28,172,0,0.7381643056869507,
28,173,0,0.6373330354690552,
28,174,0,0.7553116083145142,
28,175,0,0.4180154800415039,
28,176,0,0.7640635371208191,
28,177,0,0.3099837303161621,
28,178,0,0.8354586958885193,
28,179,0,0.3411303162574768,
28,180,0,0.7916178703308105,
28,181,0,0.80672687292099,
28,182,0,0.3312215805053711,
28,183,0,0.1760314702987671,
28,184,0,0.779559850692749,
28,185,0,0.7442723512649536,
28,186,0,0.28765177726745605,
28,187,0,0.7425819039344788,
28,188,0,0.7433632612228394,
28,189,0,0.2667883634567261,
28,190,0,0.06596642732620239,
28,191,0,0.4602728486061096,
28,192,0,0.7752748131752014,
28,193,0,0.738652229309082,
28,194,0,0.7376758456230164,
28,195,0,0.8613787293434143,
28,196,0,0.7475007772445679,
28,197,0,0.19213134050369263,
28,198,0,0.8000516891479492,
28,199,0,0.25442302227020264,
28,200,0,0.7615283727645874,
28,201,0,0.049363791942596436,
28,202,0,0.2875768542289734,
28,203,0,0.8352228403091431,
28,204,0,0.333293616771698,
28,205,0,0.2592676281929016,
28,206,0,0.3380644917488098,
28,207,0,0.1533767580986023,
28,208,0,0.47666603326797485,
28,209,0,0.7825335264205933,
28,210,0,0.3048626184463501,
28,211,0,0.8283503651618958,
28,212,0,0.4865418076515198,
28,213,0,0.8091716766357422,
28,214,0,0.8373063802719116,
28,215,0,0.850793719291687,
28,216,0,0.4514022469520569,
28,217,0,0.8282180428504944,
28,218,0,0.8380954265594482,
28,219,0,0.7301170229911804,
28,220,0,0.2567146420478821,
28,221,0,0.7417644262313843,
28,222,0,0.3177836537361145,
28,223,0,0.48715806007385254,
28,224,0,0.8261898159980774,
28,225,0,0.29403841495513916,
28,226,0,0.8175449967384338,
28,227,0,0.17352867126464844,
28,228,0,0.7159644961357117,
28,229,0,0.4229987859725952,
28,230,0,0.4571413993835449,
28,231,0,0.8224745392799377,
28,232,0,0.8522854447364807,
28,233,0,0.8463252186775208,
28,234,0,0.8264316320419312,
28,235,0,0.044374823570251465,
28,236,0,0.44343942403793335,
28,237,0,0.8322141766548157,
28,238,0,0.47039633989334106,
28,239,0,0.4124361276626587,
28,240,0,0.8180843591690063,
28,241,0,0.826339840888977,
28,242,0,0.8233652114868164,
28,243,0,0.44008105993270874,
28,244,0,0.3069801926612854,
28,245,0,0.050991594791412354,
28,246,0,0.43162137269973755,
28,247,0,0.8383548259735107,
28,248,0,0.45247894525527954,
28,249,0,0.814643144607544,
28,250,0,0.12491941452026367,
28,251,0,0.8466153740882874,
28,252,0,0.7721303701400757,
28,253,0,0.7583296298980713,
28,254,0,0.04051387310028076,
28,255,0,0.7531641721725464,
28,256,0,0.558380126953125,
28,257,0,0.8510171175003052,
28,258,0,0.8397702574729919,
28,259,0,0.8462755084037781,
28,260,0,0.5162050724029541,
28,261,0,0.7443175911903381,
28,262,0,0.8300284743309021,
28,263,0,0.727311372756958,
28,264,0,0.29052531719207764,
28,265,0,0.8427402973175049,
28,266,0,0.8201373815536499,
28,267,0,0.8362249135971069,
28,268,0,0.32058513164520264,
28,269,0,0.45967990159988403,
28,270,0,0.5962411165237427,
28,271,0,0.8115970492362976,
28,272,0,0.382904052734375,
28,273,0,0.84259432554245,
28,274,0,0.81109219789505,
28,275,0,0.16375023126602173,
28,276,0,0.8147377967834473,
28,277,0,0.06312578916549683,
28,278,0,0.5406503677368164,
28,279,0,0.7415081858634949,
28,280,0,0.7671903371810913,
28,281,0,0.7920355796813965,
28,282,0,0.7436995506286621,
28,283,0,0.7544237375259399,
28,284,0,0.8276414275169373,
28,285,0,0.833034336566925,
28,286,0,0.645924985408783,
28,287,0,0.7270829677581787,
28,288,0,0.8272777199745178,
28,289,0,0.5208275318145752,
28,290,0,0.825426459312439,
28,291,0,0.04792022705078125,
28,292,0,0.3875923156738281,
28,293,0,0.8470714092254639,
28,294,0,0.8371895551681519,
28,295,0,0.8361600041389465,
28,296,0,0.4843708276748657,
28,297,0,0.05103588104248047,
28,298,0,0.8525348901748657,
28,299,0,0.8110945224761963,
28,300,0,0.42708665132522583,
28,301,0,0.41381269693374634,
28,302,0,0.8419231176376343,
28,303,0,0.5964638590812683,
28,304,0,0.8481330871582031,
28,305,0,0.4677615761756897,
28,306,0,0.23837846517562866,
28,307,0,0.8354894518852234,
28,308,0,0.8424439430236816,
28,309,0,0.2017918825149536,
28,310,0,0.8176071643829346,
28,311,0,0.3897607922554016,
28,312,0,0.8224493265151978,
28,313,0,0.8167791962623596,
28,314,0,0.4136708378791809,
28,315,0,0.8079487681388855,
28,316,0,0.8375104069709778,
28,317,0,0.6693768501281738,
28,318,0,0.3637855648994446,
28,319,0,0.3206480145454407,
28,320,0,0.7451567649841309,
28,321,0,0.8359268307685852,
28,322,0,0.8298250436782837,
28,323,0,0.29828375577926636,
28,324,0,0.8469343781471252,
28,325,0,0.7919756174087524,
28,326,0,0.8075948357582092,
28,327,0,0.730432391166687,
28,328,0,0.7261531352996826,
28,329,0,0.771601676940918,
28,330,0,0.3658026456832886,
28,331,0,0.3215087652206421,
28,332,0,0.8281861543655396,
28,333,0,0.24604195356369019,
28,334,0,0.7951849699020386,
28,335,0,0.3674759864807129,
28,336,0,0.8295783996582031,
28,337,0,0.44658881425857544,
28,338,0,0.6310819387435913,
28,339,0,0.7872239351272583,
28,340,0,0.8393549919128418,
28,341,0,0.06002730131149292,
28,342,0,0.7407701015472412,
28,343,0,0.6166661977767944,
28,344,0,0.827964723110199,
28,345,0,0.8303793668746948,
28,346,0,0.23302894830703735,
28,347,0,0.1690937876701355,
28,348,0,0.7592746615409851,
28,349,0,0.848690927028656,
28,350,0,0.7925520539283752,
28,351,0,0.7713159322738647,
28,352,0,0.8228997588157654,
28,353,0,0.8367516994476318,
28,354,0,0.6454309225082397,
28,355,0,0.16251885890960693,
28,356,0,0.8454121947288513,
28,357,0,0.7475777268409729,
28,358,0,0.20701509714126587,
28,359,0,0.7813685536384583,
28,360,0,0.8374733328819275,
28,361,0,0.8455345630645752,
28,362,0,0.25040167570114136,
28,363,0,0.3116839528083801,
28,364,0,0.7522684335708618,
28,365,0,0.8469172716140747,
28,366,0,0.837230920791626,
28,367,0,0.837578535079956,
28,368,0,0.8210400938987732,
28,369,0,0.8107074499130249,
28,370,0,0.6189560890197754,
28,371,0,0.7234649658203125,
28,372,0,0.8210639953613281,
28,373,0,0.8412150144577026,
28,374,0,0.4223847985267639,
28,375,0,0.7591999769210815,
28,376,0,0.7574741244316101,
28,377,0,0.33823394775390625,
28,378,0,0.4062952399253845,
28,379,0,0.8401904106140137,
28,380,0,0.3523872494697571,
28,381,0,0.32146626710891724,
28,382,0,0.32442766427993774,
28,383,0,0.8411797285079956,
28,384,0,0.3385978937149048,
28,385,0,0.3357711434364319,
28,386,0,0.238250732421875,
28,387,0,0.4385131597518921,
28,388,0,0.05719977617263794,
28,389,0,0.7836639881134033,
28,390,0,0.7574572563171387,
28,391,0,0.7005271315574646,
28,392,0,0.6767947673797607,
28,393,0,0.3058679699897766,
28,394,0,0.48162925243377686,
28,395,0,0.8124686479568481,
28,396,0,0.1584678292274475,
28,397,0,0.18432170152664185,
28,398,0,0.8011663556098938,
28,399,0,0.30599504709243774,
28,400,0,0.7112621068954468,
28,401,0,0.7623319625854492,
28,402,0,0.8307823538780212,
28,403,0,0.8057922124862671,
28,404,0,0.32287150621414185,
28,405,0,0.06399476528167725,
28,406,0,0.7600744962692261,
28,407,0,0.8428223133087158,
28,408,0,0.8007057905197144,
28,409,0,0.7093274593353271,
28,410,0,0.8421982526779175,
28,411,0,0.3089916706085205,
28,412,0,0.803207516670227,
28,413,0,0.06870114803314209,
28,414,0,0.7819870114326477,
28,415,0,0.6380776166915894,
28,416,0,0.8350932598114014,
28,417,0,0.055155932903289795,
28,418,0,0.4978432059288025,
28,419,0,0.47533637285232544,
28,420,0,0.26114338636398315,
28,421,0,0.25729161500930786,
28,422,0,0.8188306093215942,
28,423,0,0.8419687151908875,
28,424,0,0.8222468495368958,
28,425,0,0.8133264780044556,
28,426,0,0.8127196431159973,
28,427,0,0.8052660822868347,
28,428,0,0.4577639698982239,
28,429,0,0.8131489753723145,
28,430,0,0.2629198431968689,
28,431,0,0.8014195561408997,
28,432,0,0.7524576783180237,
28,433,0,0.8244146108627319,
28,434,0,0.8277769684791565,
28,435,0,0.8182451725006104,
28,436,0,0.6054984331130981,
28,437,0,0.05196601152420044,
28,438,0,0.7144525051116943,
28,439,0,0.22191792726516724,
28,440,0,0.8453826904296875,
28,441,0,0.7890410423278809,
28,442,0,0.8231928944587708,
28,443,0,0.8162665963172913,
28,444,0,0.755272388458252,
28,445,0,0.826229453086853,
28,446,0,0.7588270902633667,
28,447,0,0.3156111240386963,
28,448,0,0.0520666241645813,
28,449,0,0.7960983514785767,
28,450,0,0.7820825576782227,
28,451,0,0.26144880056381226,
28,452,0,0.814323902130127,
28,453,0,0.29245299100875854,
28,454,0,0.4217216968536377,
28,455,0,0.5706123113632202,
28,456,0,0.726044774055481,
28,457,0,0.6610563397407532,
28,458,0,0.5174276828765869,
28,459,0,0.8234544992446899,
28,460,0,0.8194682002067566,
28,461,0,0.4660768508911133,
28,462,0,0.809150218963623,
28,463,0,0.15282028913497925,
28,464,0,0.6061663627624512,
28,465,0,0.7445989847183228,
28,466,0,0.04495877027511597,
28,467,0,0.8176888227462769,
28,468,0,0.6355732679367065,
28,469,0,0.7901115417480469,
28,470,0,0.3413633704185486,
28,471,0,0.054077208042144775,
28,472,0,0.840083658695221,
28,473,0,0.8368907570838928,
28,474,0,0.058705687522888184,
28,475,0,0.829506516456604,
28,476,0,0.4655110836029053,
28,477,0,0.8307795524597168,
28,478,0,0.5207018852233887,
28,479,0,0.48347318172454834,
28,480,0,0.6705054044723511,
28,481,0,0.17394715547561646,
28,482,0,0.8105906248092651,
28,483,0,0.8403032422065735,
28,484,0,0.8345235586166382,
28,485,0,0.4461899399757385,
28,486,0,0.7221823334693909,
28,487,0,0.3359432816505432,
28,488,0,0.721112847328186,
28,489,0,0.8344396948814392,
28,490,0,0.7651440501213074,
28,491,0,0.8267457485198975,
28,492,0,0.6462030410766602,
28,493,0,0.7470548152923584,
28,494,0,0.05938488245010376,
28,495,0,0.3610982894897461,
28,496,0,0.2813197374343872,
28,497,0,0.77806556224823,
28,498,0,0.44604188203811646,
28,499,0,0.8444096446037292,
28,500,0,0.8081248998641968,
28,501,0,0.7686242461204529,
28,502,0,0.8339599967002869,
28,503,0,0.20737320184707642,
28,504,0,0.745959997177124,
28,505,0,0.4737256169319153,
28,506,0,0.7652866244316101,
28,507,0,0.27702462673187256,
28,508,0,0.8431971669197083,
28,509,0,0.8435156345367432,
28,510,0,0.8289337158203125,
28,511,0,0.7682256698608398,
28,512,0,0.24831843376159668,
28,513,0,0.7266054153442383,
28,514,0,0.8109133839607239,
28,515,0,0.8043409585952759,
28,516,0,0.7427661418914795,
28,517,0,0.4012420177459717,
28,518,0,0.23487883806228638,
28,519,0,0.29608702659606934,
28,520,0,0.8261337280273438,
28,521,0,0.8343557119369507,
28,522,0,0.3545311689376831,
28,523,0,0.8619915246963501,
28,524,0,0.7360962629318237,
28,525,0,0.05170571804046631,
28,526,0,0.3249637484550476,
28,527,0,0.8454957008361816,
28,528,0,0.05210191011428833,
28,529,0,0.8176992535591125,
28,530,0,0.8005614280700684,
28,531,0,0.8447259664535522,
28,532,0,0.8015048503875732,
28,533,0,0.8298178911209106,
28,534,0,0.3805493116378784,
28,535,0,0.833487331867218,
28,536,0,0.7923632264137268,
28,537,0,0.2789863348007202,
28,538,0,0.8229483366012573,
28,539,0,0.8048191070556641,
28,540,0,0.7833282351493835,
28,541,0,0.43112486600875854,
28,542,0,0.333556592464447,
28,543,0,0.8414409756660461,
28,544,0,0.06085020303726196,
28,545,0,0.39972352981567383,
28,546,0,0.45394670963287354,
28,547,0,0.06191682815551758,
28,548,0,0.7755323648452759,
28,549,0,0.3145514130592346,
28,550,0,0.8365283012390137,
28,551,0,0.8416217565536499,
28,552,0,0.7270256280899048,
28,553,0,0.4387819766998291,
28,554,0,0.6556196212768555,
28,555,0,0.26210498809814453,
28,556,0,0.7710883617401123,
28,557,0,0.8265978693962097,
28,558,0,0.39591532945632935,
28,559,0,0.6432510614395142,
28,560,0,0.788320004940033,
28,561,0,0.8305079936981201,
28,562,0,0.173364520072937,
28,563,0,0.823486328125,
28,564,0,0.47413647174835205,
28,565,0,0.3403264880180359,
28,566,0,0.37209802865982056,
28,567,0,0.8312718868255615,
28,568,0,0.21526652574539185,
28,569,0,0.8291715383529663,
28,570,0,0.6342111825942993,
28,571,0,0.606017529964447,
28,572,0,0.32694482803344727,
28,573,0,0.8410558700561523,
28,574,0,0.32214850187301636,
28,575,0,0.2926599383354187,
28,576,0,0.8060658574104309,
28,577,0,0.29349422454833984,
28,578,0,0.3135371208190918,
28,579,0,0.7878572940826416,
28,580,0,0.2891048789024353,
28,581,0,0.41025835275650024,
28,582,0,0.8226510882377625,
28,583,0,0.7743854522705078,
28,584,0,0.44401973485946655,
28,585,0,0.8131765723228455,
28,586,0,0.8329856991767883,
28,587,0,0.5874596834182739,
28,588,0,0.23460036516189575,
28,589,0,0.7094382047653198,
28,590,0,0.8243581056594849,
28,591,0,0.2611159086227417,
28,592,0,0.8163795471191406,
28,593,0,0.8385339975357056,
28,594,0,0.8267800807952881,
28,595,0,0.7377766370773315,
28,596,0,0.4363192319869995,
28,597,0,0.1666927933692932,
28,598,0,0.3154970407485962,
28,599,0,0.34397876262664795,
28,600,0,0.7504087090492249,
28,601,0,0.42865878343582153,
28,602,0,0.19151002168655396,
28,603,0,0.31259554624557495,
28,604,0,0.7464207410812378,
28,605,0,0.7944716215133667,
28,606,0,0.3051522970199585,
28,607,0,0.7534592747688293,
28,608,0,0.7161831855773926,
28,609,0,0.8356759548187256,
28,610,0,0.8376765847206116,
28,611,0,0.8463242053985596,
28,612,0,0.663738489151001,
28,613,0,0.7651423215866089,
28,614,0,0.8322870135307312,
28,615,0,0.3944314122200012,
28,616,0,0.8393847942352295,
28,617,0,0.29952698945999146,
28,618,0,0.17055779695510864,
28,619,0,0.4249197840690613,
28,620,0,0.8339784741401672,
28,621,0,0.4242984652519226,
28,622,0,0.7764816284179688,
28,623,0,0.4305587410926819,
28,624,0,0.32130396366119385,
28,625,0,0.8532271385192871,
28,626,0,0.8178385496139526,
28,627,0,0.8217548131942749,
28,628,0,0.8466747999191284,
28,629,0,0.48011499643325806,
28,630,0,0.06373661756515503,
28,631,0,0.17997300624847412,
28,632,0,0.8138706684112549,
28,633,0,0.7291202545166016,
28,634,0,0.8387607932090759,
28,635,0,0.48167353868484497,
28,636,0,0.8128972053527832,
28,637,0,0.7081936597824097,
28,638,0,0.8336591124534607,
28,639,0,0.7595052123069763,
28,640,0,0.1557489037513733,
28,641,0,0.7583813667297363,
28,642,0,0.7826850414276123,
28,643,0,0.42799192667007446,
28,644,0,0.4105994701385498,
28,645,0,0.819854736328125,
28,646,0,0.8370509147644043,
28,647,0,0.7768017053604126,
28,648,0,0.8140392899513245,
28,649,0,0.04732513427734375,
28,650,0,0.7651837468147278,
28,651,0,0.4409058690071106,
28,652,0,0.7082685232162476,
28,653,0,0.5778006911277771,
28,654,0,0.7633872032165527,
28,655,0,0.24542468786239624,
28,656,0,0.24927294254302979,
28,657,0,0.3867532014846802,
28,658,0,0.7385939955711365,
28,659,0,0.0514184832572937,
28,660,0,0.8526982069015503,
28,661,0,0.7611702680587769,
28,662,0,0.8246923685073853,
28,663,0,0.7319819927215576,
28,664,0,0.8401675224304199,
28,665,0,0.4321445822715759,
28,666,0,0.05667179822921753,
28,667,0,0.8184047937393188,
28,668,0,0.29781800508499146,
28,669,0,0.46646004915237427,
28,670,0,0.38617169857025146,
28,671,0,0.7629484534263611,
28,672,0,0.17730575799942017,
28,673,0,0.28410565853118896,
28,674,0,0.41197556257247925,
28,675,0,0.7616657018661499,
28,676,0,0.16407239437103271,
28,677,0,0.6051639318466187,
28,678,0,0.83809494972229,
28,679,0,0.8075864315032959,
28,680,0,0.060838520526885986,
28,681,0,0.8386881947517395,
28,682,0,0.336425244808197,
28,683,0,0.36363619565963745,
28,684,0,0.8349345326423645,
28,685,0,0.8137051463127136,
28,686,0,0.8178385496139526,
28,687,0,0.6198157072067261,
28,688,0,0.2918510437011719,
28,689,0,0.7567901015281677,
28,690,0,0.8435170650482178,
28,691,0,0.16367512941360474,
28,692,0,0.36370301246643066,
28,693,0,0.7078666687011719,
28,694,0,0.7633712291717529,
28,695,0,0.7655441761016846,
28,696,0,0.19333207607269287,
28,697,0,0.7594319581985474,
28,698,0,0.8491884469985962,
28,699,0,0.4532216787338257,
28,700,0,0.2636682391166687,
28,701,0,0.8357906341552734,
28,702,0,0.7872718572616577,
28,703,0,0.8171181678771973,
28,704,0,0.1591833233833313,
28,705,0,0.05528831481933594,
28,706,0,0.8459339737892151,
28,707,0,0.8180440664291382,
28,708,0,0.8396214246749878,
28,709,0,0.7545746564865112,
28,710,0,0.41239815950393677,
28,711,0,0.3538230061531067,
28,712,0,0.2971728444099426,
28,713,0,0.4254680275917053,
28,714,0,0.8487824201583862,
28,715,0,0.45250415802001953,
28,716,0,0.7677173614501953,
28,717,0,0.6524840593338013,
28,718,0,0.8350468873977661,
28,719,0,0.8259238004684448,
28,720,0,0.7921945452690125,
28,721,0,0.7915374636650085,
28,722,0,0.7845263481140137,
28,723,0,0.17300087213516235,
28,724,0,0.7359646558761597,
28,725,0,0.20658785104751587,
28,726,0,0.8283659219741821,
28,727,0,0.8129258751869202,
28,728,0,0.19989287853240967,
28,729,0,0.4536065459251404,
28,730,0,0.3733087182044983,
28,731,0,0.8293185234069824,
28,732,0,0.8215160369873047,
28,733,0,0.40972697734832764,
28,734,0,0.823218822479248,
28,735,0,0.32503288984298706,
28,736,0,0.7532668113708496,
28,737,0,0.8206267356872559,
28,738,0,0.8179318904876709,
28,739,0,0.6210312843322754,
28,740,0,0.30716031789779663,
28,741,0,0.6996358633041382,
28,742,0,0.8285020589828491,
28,743,0,0.8535633683204651,
28,744,0,0.7997788190841675,
28,745,0,0.286568820476532,
28,746,0,0.7418957948684692,
28,747,0,0.855344295501709,
28,748,0,0.7250560522079468,
28,749,0,0.8298946619033813,
28,750,0,0.8213655948638916,
28,751,0,0.8276983499526978,
28,752,0,0.7749096155166626,
28,753,0,0.47580230236053467,
28,754,0,0.7351216077804565,
28,755,0,0.8439596891403198,
28,756,0,0.8283334970474243,
28,757,0,0.8424392938613892,
28,758,0,0.719958484172821,
28,759,0,0.053181469440460205,
28,760,0,0.4478684067726135,
28,761,0,0.745166540145874,
28,762,0,0.7774614095687866,
28,763,0,0.34483009576797485,
28,764,0,0.3198801875114441,
28,765,0,0.8025105595588684,
28,766,0,0.17903172969818115,
28,767,0,0.750895619392395,
28,768,0,0.8276727199554443,
28,769,0,0.203721821308136,
28,770,0,0.7952935695648193,
28,771,0,0.7358980178833008,
28,772,0,0.8061058521270752,
28,773,0,0.2073993682861328,
28,774,0,0.8373334407806396,
28,775,0,0.8005188703536987,
28,776,0,0.2637442350387573,
28,777,0,0.8324304819107056,
28,778,0,0.43535614013671875,
28,779,0,0.8376321792602539,
28,780,0,0.7600995302200317,
28,781,0,0.830069899559021,
28,782,0,0.41174179315567017,
28,783,0,0.8102759718894958,
28,784,0,0.4051867127418518,
28,785,0,0.04810601472854614,
28,786,0,0.4838460683822632,
28,787,0,0.26043760776519775,
28,788,0,0.8444845676422119,
28,789,0,0.3110952377319336,
28,790,0,0.792565107345581,
28,791,0,0.4757195711135864,
28,792,0,0.35404443740844727,
28,793,0,0.7978023886680603,
28,794,0,0.8355388045310974,
28,795,0,0.29007285833358765,
28,796,0,0.8314287066459656,
28,797,0,0.06142157316207886,
28,798,0,0.46582943201065063,
28,799,0,0.8284139633178711,
28,val,,,0.5868689215183258
29,0,0,0.4012770652770996,
29,1,0,0.8152572512626648,
29,2,0,0.6832262277603149,
29,3,0,0.8463887572288513,
29,4,0,0.413057804107666,
29,5,0,0.7686265707015991,
29,6,0,0.17117410898208618,
29,7,0,0.47645390033721924,
29,8,0,0.25399547815322876,
29,9,0,0.8162696361541748,
29,10,0,0.06575000286102295,
29,11,0,0.835672914981842,
29,12,0,0.8331986665725708,
29,13,0,0.8238337635993958,
29,14,0,0.7527475953102112,
29,15,0,0.8188748955726624,
29,16,0,0.5162732601165771,
29,17,0,0.39798426628112793,
29,18,0,0.8080710172653198,
29,19,0,0.8154122233390808,
29,20,0,0.7439568042755127,
29,21,0,0.4808717370033264,
29,22,0,0.27741187810897827,
29,23,0,0.6872777938842773,
29,24,0,0.8213117122650146,
29,25,0,0.7293130159378052,
29,26,0,0.8430052399635315,
29,27,0,0.38714683055877686,
29,28,0,0.2834697365760803,
29,29,0,0.4606969952583313,
29,30,0,0.8314602375030518,
29,31,0,0.7956914901733398,
29,32,0,0.4500744938850403,
29,33,0,0.748412013053894,
29,34,0,0.804266631603241,
29,35,0,0.2727835774421692,
29,36,0,0.42702585458755493,
29,37,0,0.8263165354728699,
29,38,0,0.19480973482131958,
29,39,0,0.8439278602600098,
29,40,0,0.16306954622268677,
29,41,0,0.6212831735610962,
29,42,0,0.4639464020729065,
29,43,0,0.041561126708984375,
29,44,0,0.7452386617660522,
29,45,0,0.4669035077095032,
29,46,0,0.05069977045059204,
29,47,0,0.05206984281539917,
29,48,0,0.837532103061676,
29,49,0,0.3126537799835205,
29,50,0,0.8413575887680054,
29,51,0,0.3842373490333557,
29,52,0,0.430512011051178,
29,53,0,0.05062901973724365,
29,54,0,0.851990282535553,
29,55,0,0.4504600167274475,
29,56,0,0.7942579984664917,
29,57,0,0.4965234398841858,
29,58,0,0.8515428304672241,
29,59,0,0.3623461127281189,
29,60,0,0.42323166131973267,
29,61,0,0.5994105339050293,
29,62,0,0.8261575102806091,
29,63,0,0.2683267593383789,
29,64,0,0.2603899836540222,
29,65,0,0.759210467338562,
29,66,0,0.7263908386230469,
29,67,0,0.44373971223831177,
29,68,0,0.8289989233016968,
29,69,0,0.4614418148994446,
29,70,0,0.5087029933929443,
29,71,0,0.6182434558868408,
29,72,0,0.6685181856155396,
29,73,0,0.8073456287384033,
29,74,0,0.8186824321746826,
29,75,0,0.6388928890228271,
29,76,0,0.8138699531555176,
29,77,0,0.7382258176803589,
29,78,0,0.16663628816604614,
29,79,0,0.8238133788108826,
29,80,0,0.47219860553741455,
29,81,0,0.8128959536552429,
29,82,0,0.051342546939849854,
29,83,0,0.8206160664558411,
29,84,0,0.8337141275405884,
29,85,0,0.5102230310440063,
29,86,0,0.8357451558113098,
29,87,0,0.5722389221191406,
29,88,0,0.8181581497192383,
29,89,0,0.48807382583618164,
29,90,0,0.7401940822601318,
29,91,0,0.825454592704773,
29,92,0,0.8492013812065125,
29,93,0,0.8177810311317444,
29,94,0,0.48957812786102295,
29,95,0,0.8199775218963623,
29,96,0,0.27871209383010864,
29,97,0,0.8399706482887268,
29,98,0,0.6155773401260376,
29,99,0,0.8280824422836304,
29,100,0,0.7507887482643127,
29,101,0,0.6661942005157471,
29,102,0,0.8192845582962036,
29,103,0,0.788621723651886,
29,104,0,0.8415244817733765,
29,105,0,0.3398595452308655,
29,106,0,0.8317394256591797,
29,107,0,0.818871021270752,
29,108,0,0.6323257684707642,
29,109,0,0.821677565574646,
29,110,0,0.8472763895988464,
29,111,0,0.8157641887664795,
29,112,0,0.8361083269119263,
29,113,0,0.4300239682197571,
29,114,0,0.25671297311782837,
29,115,0,0.825025737285614,
29,116,0,0.819643497467041,
29,117,0,0.36812907457351685,
29,118,0,0.8143909573554993,
29,119,0,0.33532220125198364,
29,120,0,0.8265408277511597,
29,121,0,0.8412440419197083,
29,122,0,0.7314953804016113,
29,123,0,0.06890809535980225,
29,124,0,0.417574942111969,
29,125,0,0.7635184526443481,
29,126,0,0.8459803462028503,
29,127,0,0.8236812353134155,
29,128,0,0.8298593759536743,
29,129,0,0.8416694402694702,
29,130,0,0.7262153625488281,
29,131,0,0.8390464186668396,
29,132,0,0.794933021068573,
29,133,0,0.24306762218475342,
29,134,0,0.4274575114250183,
29,135,0,0.4851532578468323,
29,136,0,0.05680084228515625,
29,137,0,0.134446918964386,
29,138,0,0.2571583390235901,
29,139,0,0.4817291498184204,
29,140,0,0.8259798288345337,
29,141,0,0.7698822617530823,
29,142,0,0.8295614719390869,
29,143,0,0.7814540266990662,
29,144,0,0.8148890137672424,
29,145,0,0.21991252899169922,
29,146,0,0.6914849281311035,
29,147,0,0.23886358737945557,
29,148,0,0.7798407673835754,
29,149,0,0.7898950576782227,
29,150,0,0.8044633865356445,
29,151,0,0.8198484182357788,
29,152,0,0.7342272996902466,
29,153,0,0.8230017423629761,
29,154,0,0.829041063785553,
29,155,0,0.7142120599746704,
29,156,0,0.0509222149848938,
29,157,0,0.6257542967796326,
29,158,0,0.7739480137825012,
29,159,0,0.8060128688812256,
29,160,0,0.34942352771759033,
29,161,0,0.06138485670089722,
29,162,0,0.8385478258132935,
29,163,0,0.2813023328781128,
29,164,0,0.3908539414405823,
29,165,0,0.7211248874664307,
29,166,0,0.25224095582962036,
29,167,0,0.845413327217102,
29,168,0,0.8470097184181213,
29,169,0,0.1454252004623413,
29,170,0,0.7795379757881165,
29,171,0,0.7411438822746277,
29,172,0,0.7370864152908325,
29,173,0,0.6350280046463013,
29,174,0,0.7549387812614441,
29,175,0,0.415416419506073,
29,176,0,0.7622355222702026,
29,177,0,0.3126605153083801,
29,178,0,0.8377622365951538,
29,179,0,0.33964788913726807,
29,180,0,0.7970048189163208,
29,181,0,0.8036350011825562,
29,182,0,0.3297739624977112,
29,183,0,0.17571419477462769,
29,184,0,0.7790072560310364,
29,185,0,0.7438549995422363,
29,186,0,0.28733354806900024,
29,187,0,0.7491568326950073,
29,188,0,0.7613382339477539,
29,189,0,0.2662009596824646,
29,190,0,0.06796824932098389,
29,191,0,0.4581857919692993,
29,192,0,0.7833548784255981,
29,193,0,0.7400654554367065,
29,194,0,0.7379976511001587,
29,195,0,0.8622084259986877,
29,196,0,0.7539463639259338,
29,197,0,0.19460803270339966,
29,198,0,0.8000074028968811,
29,199,0,0.2528066635131836,
29,200,0,0.7507134079933167,
29,201,0,0.04905182123184204,
29,202,0,0.28488510847091675,
29,203,0,0.8375236988067627,
29,204,0,0.33160674571990967,
29,205,0,0.25723719596862793,
29,206,0,0.3374205231666565,
29,207,0,0.1537683606147766,
29,208,0,0.47577857971191406,
29,209,0,0.7832101583480835,
29,210,0,0.30650073289871216,
29,211,0,0.8259575963020325,
29,212,0,0.48571592569351196,
29,213,0,0.801020622253418,
29,214,0,0.837205171585083,
29,215,0,0.8371121883392334,
29,216,0,0.45304644107818604,
29,217,0,0.829541027545929,
29,218,0,0.8374018669128418,
29,219,0,0.731574535369873,
29,220,0,0.2554381489753723,
29,221,0,0.7427552938461304,
29,222,0,0.31653839349746704,
29,223,0,0.48470818996429443,
29,224,0,0.826309323310852,
29,225,0,0.2952013611793518,
29,226,0,0.8165194988250732,
29,227,0,0.17341631650924683,
29,228,0,0.7193878889083862,
29,229,0,0.4235383868217468,
29,230,0,0.456806480884552,
29,231,0,0.8250354528427124,
29,232,0,0.8530404567718506,
29,233,0,0.8462464213371277,
29,234,0,0.8275474309921265,
29,235,0,0.04440242052078247,
29,236,0,0.4419909119606018,
29,237,0,0.8317995071411133,
29,238,0,0.4691699743270874,
29,239,0,0.41399258375167847,
29,240,0,0.8157686591148376,
29,241,0,0.8180285692214966,
29,242,0,0.8241426348686218,
29,243,0,0.4395825266838074,
29,244,0,0.3093075752258301,
29,245,0,0.05079156160354614,
29,246,0,0.43095529079437256,
29,247,0,0.8376557230949402,
29,248,0,0.4541180729866028,
29,249,0,0.8186322450637817,
29,250,0,0.12538033723831177,
29,251,0,0.8457549214363098,
29,252,0,0.7728518843650818,
29,253,0,0.755202054977417,
29,254,0,0.041310667991638184,
29,255,0,0.7505890130996704,
29,256,0,0.557360053062439,
29,257,0,0.8438647985458374,
29,258,0,0.8308422565460205,
29,259,0,0.8527772426605225,
29,260,0,0.5170685052871704,
29,261,0,0.7430474758148193,
29,262,0,0.828624963760376,
29,263,0,0.7275590896606445,
29,264,0,0.2889103889465332,
29,265,0,0.8427419662475586,
29,266,0,0.8195372819900513,
29,267,0,0.833836555480957,
29,268,0,0.327494740486145,
29,269,0,0.4584401249885559,
29,270,0,0.5968855619430542,
29,271,0,0.8124812245368958,
29,272,0,0.38441377878189087,
29,273,0,0.8418653011322021,
29,274,0,0.8112441897392273,
29,275,0,0.16156870126724243,
29,276,0,0.8153693079948425,
29,277,0,0.06460922956466675,
29,278,0,0.5362428426742554,
29,279,0,0.7414244413375854,
29,280,0,0.7687960863113403,
29,281,0,0.7914297580718994,
29,282,0,0.7436754703521729,
29,283,0,0.7552604079246521,
29,284,0,0.8432096242904663,
29,285,0,0.8227694034576416,
29,286,0,0.6560067534446716,
29,287,0,0.7267769575119019,
29,288,0,0.8272793292999268,
29,289,0,0.5207003355026245,
29,290,0,0.8265110850334167,
29,291,0,0.04721790552139282,
29,292,0,0.38784515857696533,
29,293,0,0.8431249260902405,
29,294,0,0.8383679389953613,
29,295,0,0.8381547331809998,
29,296,0,0.4818480610847473,
29,297,0,0.05092364549636841,
29,298,0,0.8519742488861084,
29,299,0,0.8108424544334412,
29,300,0,0.42400556802749634,
29,301,0,0.41362911462783813,
29,302,0,0.8424520492553711,
29,303,0,0.5945897102355957,
29,304,0,0.8426513671875,
29,305,0,0.4677956700325012,
29,306,0,0.23349791765213013,
29,307,0,0.8339378833770752,
29,308,0,0.8416936993598938,
29,309,0,0.20077264308929443,
29,310,0,0.8172411322593689,
29,311,0,0.3890703320503235,
29,312,0,0.8232312202453613,
29,313,0,0.8179419636726379,
29,314,0,0.42108219861984253,
29,315,0,0.8028182983398438,
29,316,0,0.8345201015472412,
29,317,0,0.6618734002113342,
29,318,0,0.3740576505661011,
29,319,0,0.31800878047943115,
29,320,0,0.7481045722961426,
29,321,0,0.8334009647369385,
29,322,0,0.8376160860061646,
29,323,0,0.297443151473999,
29,324,0,0.8529729247093201,
29,325,0,0.7924461364746094,
29,326,0,0.8073307275772095,
29,327,0,0.7349207997322083,
29,328,0,0.7423638701438904,
29,329,0,0.7725799679756165,
29,330,0,0.36757898330688477,
29,331,0,0.32123661041259766,
29,332,0,0.8392554521560669,
29,333,0,0.24768590927124023,
29,334,0,0.803778350353241,
29,335,0,0.37021535634994507,
29,336,0,0.83039391040802,
29,337,0,0.4458690285682678,
29,338,0,0.6283015012741089,
29,339,0,0.7848349213600159,
29,340,0,0.8479408025741577,
29,341,0,0.058879196643829346,
29,342,0,0.7424343824386597,
29,343,0,0.6149636507034302,
29,344,0,0.8227100968360901,
29,345,0,0.8286777138710022,
29,346,0,0.2330111265182495,
29,347,0,0.16800814867019653,
29,348,0,0.753555953502655,
29,349,0,0.8250846266746521,
29,350,0,0.7901299595832825,
29,351,0,0.7716289758682251,
29,352,0,0.8213366270065308,
29,353,0,0.8403083682060242,
29,354,0,0.6492393016815186,
29,355,0,0.16432952880859375,
29,356,0,0.8319340348243713,
29,357,0,0.7381104230880737,
29,358,0,0.20653420686721802,
29,359,0,0.7814670205116272,
29,360,0,0.8474671244621277,
29,361,0,0.8455364108085632,
29,362,0,0.2512364983558655,
29,363,0,0.3120471239089966,
29,364,0,0.7531938552856445,
29,365,0,0.8406500816345215,
29,366,0,0.8333983421325684,
29,367,0,0.8378713130950928,
29,368,0,0.8331465721130371,
29,369,0,0.81168133020401,
29,370,0,0.6193557977676392,
29,371,0,0.7274185419082642,
29,372,0,0.8187941312789917,
29,373,0,0.841323971748352,
29,374,0,0.44290637969970703,
29,375,0,0.763605535030365,
29,376,0,0.7720950245857239,
29,377,0,0.33658599853515625,
29,378,0,0.4065869450569153,
29,379,0,0.8302002549171448,
29,380,0,0.3457077145576477,
29,381,0,0.3216003179550171,
29,382,0,0.3253529667854309,
29,383,0,0.8388965725898743,
29,384,0,0.3445318937301636,
29,385,0,0.3338242173194885,
29,386,0,0.23831570148468018,
29,387,0,0.43921810388565063,
29,388,0,0.05753570795059204,
29,389,0,0.7907565236091614,
29,390,0,0.7567130327224731,
29,391,0,0.7059968709945679,
29,392,0,0.6741247773170471,
29,393,0,0.30657923221588135,
29,394,0,0.4813194274902344,
29,395,0,0.8165931105613708,
29,396,0,0.1588175892829895,
29,397,0,0.1846957802772522,
29,398,0,0.8005128502845764,
29,399,0,0.30133527517318726,
29,400,0,0.7038689851760864,
29,401,0,0.7560607194900513,
29,402,0,0.8360414505004883,
29,403,0,0.8072068095207214,
29,404,0,0.3219922184944153,
29,405,0,0.06874877214431763,
29,406,0,0.7608922123908997,
29,407,0,0.8398637771606445,
29,408,0,0.7927715182304382,
29,409,0,0.7082998752593994,
29,410,0,0.8351004719734192,
29,411,0,0.3063787817955017,
29,412,0,0.8004463315010071,
29,413,0,0.06885290145874023,
29,414,0,0.7800796031951904,
29,415,0,0.6395456790924072,
29,416,0,0.8369794487953186,
29,417,0,0.055005550384521484,
29,418,0,0.5005248785018921,
29,419,0,0.47542673349380493,
29,420,0,0.2604029178619385,
29,421,0,0.2597194314002991,
29,422,0,0.8212350010871887,
29,423,0,0.8412907123565674,
29,424,0,0.8246943354606628,
29,425,0,0.8117858171463013,
29,426,0,0.8160189986228943,
29,427,0,0.811458945274353,
29,428,0,0.4569109082221985,
29,429,0,0.8130249381065369,
29,430,0,0.26174765825271606,
29,431,0,0.7859336733818054,
29,432,0,0.7459920644760132,
29,433,0,0.8231682181358337,
29,434,0,0.8266322612762451,
29,435,0,0.8111057281494141,
29,436,0,0.606114387512207,
29,437,0,0.05141526460647583,
29,438,0,0.7129265069961548,
29,439,0,0.22282153367996216,
29,440,0,0.8428739905357361,
29,441,0,0.7835031747817993,
29,442,0,0.8239614367485046,
29,443,0,0.8170686364173889,
29,444,0,0.7561084628105164,
29,445,0,0.8218998312950134,
29,446,0,0.7460486888885498,
29,447,0,0.3109326958656311,
29,448,0,0.0518527626991272,
29,449,0,0.7979682087898254,
29,450,0,0.7717412710189819,
29,451,0,0.2581849694252014,
29,452,0,0.8183552026748657,
29,453,0,0.2912316918373108,
29,454,0,0.42047613859176636,
29,455,0,0.5712144374847412,
29,456,0,0.7269906401634216,
29,457,0,0.6601415872573853,
29,458,0,0.5158165693283081,
29,459,0,0.8246107697486877,
29,460,0,0.818382978439331,
29,461,0,0.46466052532196045,
29,462,0,0.8084472417831421,
29,463,0,0.15316981077194214,
29,464,0,0.6044145822525024,
29,465,0,0.7430899143218994,
29,466,0,0.04508131742477417,
29,467,0,0.8135116100311279,
29,468,0,0.6333921551704407,
29,469,0,0.7906699180603027,
29,470,0,0.3453124761581421,
29,471,0,0.053803443908691406,
29,472,0,0.8396092057228088,
29,473,0,0.8495138883590698,
29,474,0,0.05659204721450806,
29,475,0,0.8280383348464966,
29,476,0,0.464535653591156,
29,477,0,0.8237008452415466,
29,478,0,0.5207139253616333,
29,479,0,0.48333168029785156,
29,480,0,0.6682112216949463,
29,481,0,0.1738024353981018,
29,482,0,0.8155549168586731,
29,483,0,0.8331758379936218,
29,484,0,0.8349729776382446,
29,485,0,0.44029003381729126,
29,486,0,0.7225087881088257,
29,487,0,0.33676737546920776,
29,488,0,0.7209628820419312,
29,489,0,0.8321993947029114,
29,490,0,0.7643183469772339,
29,491,0,0.8258085250854492,
29,492,0,0.6477851867675781,
29,493,0,0.7441415786743164,
29,494,0,0.05982387065887451,
29,495,0,0.3598722815513611,
29,496,0,0.280906081199646,
29,497,0,0.7790349721908569,
29,498,0,0.4476040005683899,
29,499,0,0.8415948152542114,
29,500,0,0.7964391708374023,
29,501,0,0.7723416090011597,
29,502,0,0.8332452178001404,
29,503,0,0.20844221115112305,
29,504,0,0.7517369985580444,
29,505,0,0.47240447998046875,
29,506,0,0.7653371095657349,
29,507,0,0.2771035432815552,
29,508,0,0.8458234071731567,
29,509,0,0.8452799320220947,
29,510,0,0.8428114056587219,
29,511,0,0.7760646343231201,
29,512,0,0.24861687421798706,
29,513,0,0.7260406017303467,
29,514,0,0.8098651170730591,
29,515,0,0.8085407614707947,
29,516,0,0.7428929805755615,
29,517,0,0.40357476472854614,
29,518,0,0.2336246371269226,
29,519,0,0.2951672673225403,
29,520,0,0.8343448638916016,
29,521,0,0.8300392031669617,
29,522,0,0.3586665391921997,
29,523,0,0.8635609745979309,
29,524,0,0.73395836353302,
29,525,0,0.051589787006378174,
29,526,0,0.32308757305145264,
29,527,0,0.8385261297225952,
29,528,0,0.05282783508300781,
29,529,0,0.823894202709198,
29,530,0,0.8058606386184692,
29,531,0,0.8462026119232178,
29,532,0,0.7996694445610046,
29,533,0,0.8284401893615723,
29,534,0,0.38034588098526,
29,535,0,0.8304407000541687,
29,536,0,0.7918832302093506,
29,537,0,0.2787720561027527,
29,538,0,0.8248811960220337,
29,539,0,0.8064500093460083,
29,540,0,0.789337694644928,
29,541,0,0.4300236701965332,
29,542,0,0.3354960083961487,
29,543,0,0.8449479341506958,
29,544,0,0.06097066402435303,
29,545,0,0.4014595150947571,
29,546,0,0.4525999426841736,
29,547,0,0.06206279993057251,
29,548,0,0.7765090465545654,
29,549,0,0.31511813402175903,
29,550,0,0.8339898586273193,
29,551,0,0.8413757681846619,
29,552,0,0.7281332015991211,
29,553,0,0.4398263692855835,
29,554,0,0.6563381552696228,
29,555,0,0.26455003023147583,
29,556,0,0.7717962861061096,
29,557,0,0.8390838503837585,
29,558,0,0.39405518770217896,
29,559,0,0.6431103944778442,
29,560,0,0.7869250774383545,
29,561,0,0.8296292424201965,
29,562,0,0.1724858283996582,
29,563,0,0.8250483274459839,
29,564,0,0.47314995527267456,
29,565,0,0.34482812881469727,
29,566,0,0.37100130319595337,
29,567,0,0.8342037200927734,
29,568,0,0.2152523398399353,
29,569,0,0.8219382762908936,
29,570,0,0.6337823271751404,
29,571,0,0.6043788194656372,
29,572,0,0.33431166410446167,
29,573,0,0.8434902429580688,
29,574,0,0.3219107389450073,
29,575,0,0.2908134460449219,
29,576,0,0.7938979268074036,
29,577,0,0.2944321632385254,
29,578,0,0.31427353620529175,
29,579,0,0.7876178026199341,
29,580,0,0.28935420513153076,
29,581,0,0.40731626749038696,
29,582,0,0.8236469626426697,
29,583,0,0.7710655331611633,
29,584,0,0.4428892135620117,
29,585,0,0.8151341676712036,
29,586,0,0.8311830163002014,
29,587,0,0.5874289274215698,
29,588,0,0.23414313793182373,
29,589,0,0.7194631099700928,
29,590,0,0.8324276208877563,
29,591,0,0.26046550273895264,
29,592,0,0.8196435570716858,
29,593,0,0.8288988471031189,
29,594,0,0.8189265727996826,
29,595,0,0.7399256825447083,
29,596,0,0.4357532262802124,
29,597,0,0.16690576076507568,
29,598,0,0.3065199851989746,
29,599,0,0.34378504753112793,
29,600,0,0.7475817203521729,
29,601,0,0.4258002042770386,
29,602,0,0.19047468900680542,
29,603,0,0.31173914670944214,
29,604,0,0.7470722198486328,
29,605,0,0.7892745733261108,
29,606,0,0.30640584230422974,
29,607,0,0.7535320520401001,
29,608,0,0.7085391283035278,
29,609,0,0.8316958546638489,
29,610,0,0.8469463586807251,
29,611,0,0.8578884601593018,
29,612,0,0.6679445505142212,
29,613,0,0.7607830166816711,
29,614,0,0.8323736190795898,
29,615,0,0.3927444815635681,
29,616,0,0.8403720855712891,
29,617,0,0.2975021004676819,
29,618,0,0.1720004677772522,
29,619,0,0.41958123445510864,
29,620,0,0.8383601307868958,
29,621,0,0.423437237739563,
29,622,0,0.78440260887146,
29,623,0,0.4313318133354187,
29,624,0,0.3269440531730652,
29,625,0,0.8506017327308655,
29,626,0,0.8223494291305542,
29,627,0,0.8166730403900146,
29,628,0,0.8531922101974487,
29,629,0,0.4796733856201172,
29,630,0,0.06572914123535156,
29,631,0,0.18049317598342896,
29,632,0,0.8164357542991638,
29,633,0,0.733222246170044,
29,634,0,0.8330743312835693,
29,635,0,0.4828333854675293,
29,636,0,0.812508225440979,
29,637,0,0.7093594074249268,
29,638,0,0.826670229434967,
29,639,0,0.7584180235862732,
29,640,0,0.15615862607955933,
29,641,0,0.7553886771202087,
29,642,0,0.7750937938690186,
29,643,0,0.4246249794960022,
29,644,0,0.4085572361946106,
29,645,0,0.8234056234359741,
29,646,0,0.8281137943267822,
29,647,0,0.7708868384361267,
29,648,0,0.8147323727607727,
29,649,0,0.04927206039428711,
29,650,0,0.7643650770187378,
29,651,0,0.44045960903167725,
29,652,0,0.7188113927841187,
29,653,0,0.5808233618736267,
29,654,0,0.7609182596206665,
29,655,0,0.24401861429214478,
29,656,0,0.2506752610206604,
29,657,0,0.3836217522621155,
29,658,0,0.7411938309669495,
29,659,0,0.05159097909927368,
29,660,0,0.8479249477386475,
29,661,0,0.7695413827896118,
29,662,0,0.8292059898376465,
29,663,0,0.7312188744544983,
29,664,0,0.8421367406845093,
29,665,0,0.4305614233016968,
29,666,0,0.05567967891693115,
29,667,0,0.8154082298278809,
29,668,0,0.2987876534461975,
29,669,0,0.4654204845428467,
29,670,0,0.3840476870536804,
29,671,0,0.7648252844810486,
29,672,0,0.17900818586349487,
29,673,0,0.27883368730545044,
29,674,0,0.41180747747421265,
29,675,0,0.7649334669113159,
29,676,0,0.16643983125686646,
29,677,0,0.6047084331512451,
29,678,0,0.842326283454895,
29,679,0,0.806337833404541,
29,680,0,0.06058269739151001,
29,681,0,0.8241190314292908,
29,682,0,0.3373833894729614,
29,683,0,0.34642183780670166,
29,684,0,0.8338983654975891,
29,685,0,0.8150629997253418,
29,686,0,0.8201642036437988,
29,687,0,0.6200709342956543,
29,688,0,0.29265910387039185,
29,689,0,0.7603616714477539,
29,690,0,0.8411086201667786,
29,691,0,0.16385012865066528,
29,692,0,0.36360347270965576,
29,693,0,0.7068887948989868,
29,694,0,0.7637006044387817,
29,695,0,0.7671777009963989,
29,696,0,0.1919773817062378,
29,697,0,0.7516206502914429,
29,698,0,0.843770444393158,
29,699,0,0.45199620723724365,
29,700,0,0.2642836570739746,
29,701,0,0.8386608362197876,
29,702,0,0.7871445417404175,
29,703,0,0.8270144462585449,
29,704,0,0.15708482265472412,
29,705,0,0.05696326494216919,
29,706,0,0.8453840613365173,
29,707,0,0.8116546869277954,
29,708,0,0.8592538833618164,
29,709,0,0.7547317743301392,
29,710,0,0.41215264797210693,
29,711,0,0.35216355323791504,
29,712,0,0.3030150532722473,
29,713,0,0.42554229497909546,
29,714,0,0.8437557220458984,
29,715,0,0.4507611393928528,
29,716,0,0.7725158929824829,
29,717,0,0.6492693424224854,
29,718,0,0.8375898599624634,
29,719,0,0.8246858716011047,
29,720,0,0.792081892490387,
29,721,0,0.787510097026825,
29,722,0,0.7834398746490479,
29,723,0,0.17276066541671753,
29,724,0,0.7223984003067017,
29,725,0,0.20308494567871094,
29,726,0,0.8233659863471985,
29,727,0,0.8094340562820435,
29,728,0,0.19924455881118774,
29,729,0,0.4536040425300598,
29,730,0,0.377557635307312,
29,731,0,0.8273143768310547,
29,732,0,0.8009125590324402,
29,733,0,0.4081189036369324,
29,734,0,0.8236281275749207,
29,735,0,0.33475714921951294,
29,736,0,0.759723424911499,
29,737,0,0.8184561133384705,
29,738,0,0.8173165321350098,
29,739,0,0.6300579905509949,
29,740,0,0.30784177780151367,
29,741,0,0.6993614435195923,
29,742,0,0.8298417329788208,
29,743,0,0.8462777137756348,
29,744,0,0.8150517344474792,
29,745,0,0.2927258610725403,
29,746,0,0.7439531087875366,
29,747,0,0.8360335826873779,
29,748,0,0.7179681062698364,
29,749,0,0.8201805949211121,
29,750,0,0.8249734044075012,
29,751,0,0.8234637975692749,
29,752,0,0.7679812908172607,
29,753,0,0.4762324094772339,
29,754,0,0.7353549003601074,
29,755,0,0.8408123254776001,
29,756,0,0.8234864473342896,
29,757,0,0.8394932150840759,
29,758,0,0.7075073719024658,
29,759,0,0.05272960662841797,
29,760,0,0.45073264837265015,
29,761,0,0.7449912428855896,
29,762,0,0.7767090201377869,
29,763,0,0.34370332956314087,
29,764,0,0.31832367181777954,
29,765,0,0.8094857335090637,
29,766,0,0.1750810742378235,
29,767,0,0.7512795329093933,
29,768,0,0.8308661580085754,
29,769,0,0.20327329635620117,
29,770,0,0.7913913726806641,
29,771,0,0.7181656360626221,
29,772,0,0.8000653386116028,
29,773,0,0.20682626962661743,
29,774,0,0.8491495251655579,
29,775,0,0.796776294708252,
29,776,0,0.26493746042251587,
29,777,0,0.8315281271934509,
29,778,0,0.43568503856658936,
29,779,0,0.8365398645401001,
29,780,0,0.7576730847358704,
29,781,0,0.8335618376731873,
29,782,0,0.41163355112075806,
29,783,0,0.8107198476791382,
29,784,0,0.40487539768218994,
29,785,0,0.0478590726852417,
29,786,0,0.48309558629989624,
29,787,0,0.2586694359779358,
29,788,0,0.8292920589447021,
29,789,0,0.3109751343727112,
29,790,0,0.7852921485900879,
29,791,0,0.47768646478652954,
29,792,0,0.3524666428565979,
29,793,0,0.8004053235054016,
29,794,0,0.8337051272392273,
29,795,0,0.2895280122756958,
29,796,0,0.8273976445198059,
29,797,0,0.06230640411376953,
29,798,0,0.46556299924850464,
29,799,0,0.8281370401382446,
29,val,,,0.586195056438446
30,0,0,0.40068548917770386,
30,1,0,0.8148263692855835,
30,2,0,0.6856472492218018,
30,3,0,0.8403365612030029,
30,4,0,0.4131741523742676,
30,5,0,0.7682512998580933,
30,6,0,0.17089861631393433,
30,7,0,0.4777880311012268,
30,8,0,0.247530996799469,
30,9,0,0.8196793794631958,
30,10,0,0.06569212675094604,
30,11,0,0.8302629590034485,
30,12,0,0.8317724466323853,
30,13,0,0.8236104249954224,
30,14,0,0.7499582767486572,
30,15,0,0.8199711441993713,
30,16,0,0.5159151554107666,
30,17,0,0.39777469635009766,
30,18,0,0.8088781833648682,
30,19,0,0.816373884677887,
30,20,0,0.7444698810577393,
30,21,0,0.4798223376274109,
30,22,0,0.2763046622276306,
30,23,0,0.6867756843566895,
30,24,0,0.8212838768959045,
30,25,0,0.7280060052871704,
30,26,0,0.8374658823013306,
30,27,0,0.3877111077308655,
30,28,0,0.2826753258705139,
30,29,0,0.45739680528640747,
30,30,0,0.8297436237335205,
30,31,0,0.79591965675354,
30,32,0,0.44924455881118774,
30,33,0,0.750555157661438,
30,34,0,0.8051222562789917,
30,35,0,0.27264004945755005,
30,36,0,0.42593955993652344,
30,37,0,0.8265764713287354,
30,38,0,0.1952837109565735,
30,39,0,0.8419257998466492,
30,40,0,0.16493737697601318,
30,41,0,0.6276147365570068,
30,42,0,0.462862491607666,
30,43,0,0.043149352073669434,
30,44,0,0.7449429035186768,
30,45,0,0.464333176612854,
30,46,0,0.051630377769470215,
30,47,0,0.05079859495162964,
30,48,0,0.8369235396385193,
30,49,0,0.3121640086174011,
30,50,0,0.8429446220397949,
30,51,0,0.38026154041290283,
30,52,0,0.4304073452949524,
30,53,0,0.05015665292739868,
30,54,0,0.8531343340873718,
30,55,0,0.4488409757614136,
30,56,0,0.7939737439155579,
30,57,0,0.4940899610519409,
30,58,0,0.8495027422904968,
30,59,0,0.3581816554069519,
30,60,0,0.4221534729003906,
30,61,0,0.5984689593315125,
30,62,0,0.8269052505493164,
30,63,0,0.2674019932746887,
30,64,0,0.26021385192871094,
30,65,0,0.7572807669639587,
30,66,0,0.7201972007751465,
30,67,0,0.43860751390457153,
30,68,0,0.8541297316551208,
30,69,0,0.459539532661438,
30,70,0,0.5069178342819214,
30,71,0,0.6191978454589844,
30,72,0,0.6708276867866516,
30,73,0,0.8062371611595154,
30,74,0,0.8225317597389221,
30,75,0,0.6336995363235474,
30,76,0,0.8137810230255127,
30,77,0,0.7275295257568359,
30,78,0,0.16380900144577026,
30,79,0,0.8347164988517761,
30,80,0,0.4693312644958496,
30,81,0,0.8143053650856018,
30,82,0,0.05160033702850342,
30,83,0,0.8138580918312073,
30,84,0,0.8408780694007874,
30,85,0,0.5114631652832031,
30,86,0,0.8270333409309387,
30,87,0,0.5711308717727661,
30,88,0,0.8169394731521606,
30,89,0,0.48747187852859497,
30,90,0,0.7410959005355835,
30,91,0,0.8211626410484314,
30,92,0,0.855160653591156,
30,93,0,0.818490207195282,
30,94,0,0.4868106245994568,
30,95,0,0.8367455005645752,
30,96,0,0.27988654375076294,
30,97,0,0.8432114124298096,
30,98,0,0.6112275123596191,
30,99,0,0.8317183256149292,
30,100,0,0.7484921216964722,
30,101,0,0.6634426116943359,
30,102,0,0.8168435096740723,
30,103,0,0.7870882749557495,
30,104,0,0.8397664427757263,
30,105,0,0.33953696489334106,
30,106,0,0.8315508961677551,
30,107,0,0.8196349143981934,
30,108,0,0.6386597156524658,
30,109,0,0.8205363154411316,
30,110,0,0.840663731098175,
30,111,0,0.8162564635276794,
30,112,0,0.8365896940231323,
30,113,0,0.4289654493331909,
30,114,0,0.25793445110321045,
30,115,0,0.8267496824264526,
30,116,0,0.817010760307312,
30,117,0,0.36960428953170776,
30,118,0,0.810349702835083,
30,119,0,0.3361022472381592,
30,120,0,0.8281806111335754,
30,121,0,0.8363487124443054,
30,122,0,0.7293857336044312,
30,123,0,0.0680205225944519,
30,124,0,0.41682201623916626,
30,125,0,0.7606288194656372,
30,126,0,0.851264238357544,
30,127,0,0.8264724612236023,
30,128,0,0.8229268789291382,
30,129,0,0.839091956615448,
30,130,0,0.7244391441345215,
30,131,0,0.8342747688293457,
30,132,0,0.7918820977210999,
30,133,0,0.24294739961624146,
30,134,0,0.4257991909980774,
30,135,0,0.48393183946609497,
30,136,0,0.056617915630340576,
30,137,0,0.13359886407852173,
30,138,0,0.25779807567596436,
30,139,0,0.48097729682922363,
30,140,0,0.8200860619544983,
30,141,0,0.7754298448562622,
30,142,0,0.8344728946685791,
30,143,0,0.7731574177742004,
30,144,0,0.8159459829330444,
30,145,0,0.21942150592803955,
30,146,0,0.6990578174591064,
30,147,0,0.241077721118927,
30,148,0,0.775009274482727,
30,149,0,0.7879536747932434,
30,150,0,0.8059825301170349,
30,151,0,0.8322905898094177,
30,152,0,0.7339954972267151,
30,153,0,0.8237097263336182,
30,154,0,0.828843355178833,
30,155,0,0.7135051488876343,
30,156,0,0.051496028900146484,
30,157,0,0.6257725954055786,
30,158,0,0.7770503163337708,
30,159,0,0.8041821718215942,
30,160,0,0.3458813428878784,
30,161,0,0.06096780300140381,
30,162,0,0.838811457157135,
30,163,0,0.2806069850921631,
30,164,0,0.382987380027771,
30,165,0,0.722298264503479,
30,166,0,0.25157415866851807,
30,167,0,0.8370615243911743,
30,168,0,0.8430436253547668,
30,169,0,0.14479702711105347,
30,170,0,0.7741634845733643,
30,171,0,0.7413902282714844,
30,172,0,0.7388423681259155,
30,173,0,0.6347947120666504,
30,174,0,0.7544348239898682,
30,175,0,0.41285568475723267,
30,176,0,0.7663543224334717,
30,177,0,0.31008774042129517,
30,178,0,0.8378934264183044,
30,179,0,0.335094153881073,
30,180,0,0.7935565710067749,
30,181,0,0.7982845902442932,
30,182,0,0.3295512795448303,
30,183,0,0.17410725355148315,
30,184,0,0.7826104760169983,
30,185,0,0.7449742555618286,
30,186,0,0.28881603479385376,
30,187,0,0.7399612665176392,
30,188,0,0.7621084451675415,
30,189,0,0.2675212621688843,
30,190,0,0.06542319059371948,
30,191,0,0.4603511691093445,
30,192,0,0.7725440859794617,
30,193,0,0.7395474314689636,
30,194,0,0.7374790906906128,
30,195,0,0.8611836433410645,
30,196,0,0.7526968121528625,
30,197,0,0.19214189052581787,
30,198,0,0.8054454326629639,
30,199,0,0.2531638741493225,
30,200,0,0.7508872151374817,
30,201,0,0.049015820026397705,
30,202,0,0.28413188457489014,
30,203,0,0.8359709978103638,
30,204,0,0.33045482635498047,
30,205,0,0.2610242962837219,
30,206,0,0.3463152050971985,
30,207,0,0.15435349941253662,
30,208,0,0.4768725633621216,
30,209,0,0.7829352617263794,
30,210,0,0.30241984128952026,
30,211,0,0.8220469951629639,
30,212,0,0.49187880754470825,
30,213,0,0.8052014708518982,
30,214,0,0.8387066125869751,
30,215,0,0.8282164335250854,
30,216,0,0.4543820023536682,
30,217,0,0.8296456336975098,
30,218,0,0.8408253788948059,
30,219,0,0.7318427562713623,
30,220,0,0.25746017694473267,
30,221,0,0.7448310256004333,
30,222,0,0.31792497634887695,
30,223,0,0.4845584034919739,
30,224,0,0.8241634368896484,
30,225,0,0.2947012782096863,
30,226,0,0.8167943954467773,
30,227,0,0.17245405912399292,
30,228,0,0.7182927131652832,
30,229,0,0.4230661988258362,
30,230,0,0.4561355710029602,
30,231,0,0.8331310153007507,
30,232,0,0.8533082604408264,
30,233,0,0.8455326557159424,
30,234,0,0.8280995488166809,
30,235,0,0.04815405607223511,
30,236,0,0.4391537308692932,
30,237,0,0.832965075969696,
30,238,0,0.4680982232093811,
30,239,0,0.40959346294403076,
30,240,0,0.8172978162765503,
30,241,0,0.828755259513855,
30,242,0,0.8242404460906982,
30,243,0,0.4379507899284363,
30,244,0,0.30900800228118896,
30,245,0,0.05232435464859009,
30,246,0,0.43176358938217163,
30,247,0,0.8349981307983398,
30,248,0,0.45047640800476074,
30,249,0,0.816799521446228,
30,250,0,0.12327688932418823,
30,251,0,0.8460836410522461,
30,252,0,0.7735164761543274,
30,253,0,0.7678359746932983,
30,254,0,0.04114502668380737,
30,255,0,0.7524648904800415,
30,256,0,0.5586603879928589,
30,257,0,0.8460356593132019,
30,258,0,0.8534809350967407,
30,259,0,0.8411847949028015,
30,260,0,0.5154796838760376,
30,261,0,0.7465201020240784,
30,262,0,0.8257116675376892,
30,263,0,0.7265169620513916,
30,264,0,0.28902530670166016,
30,265,0,0.840267539024353,
30,266,0,0.8381857872009277,
30,267,0,0.8347766995429993,
30,268,0,0.31952786445617676,
30,269,0,0.4592062830924988,
30,270,0,0.5974351167678833,
30,271,0,0.8114243745803833,
30,272,0,0.383297324180603,
30,273,0,0.8410836458206177,
30,274,0,0.8124262690544128,
30,275,0,0.161318838596344,
30,276,0,0.8147079348564148,
30,277,0,0.06362253427505493,
30,278,0,0.5431820750236511,
30,279,0,0.7407518625259399,
30,280,0,0.7727596163749695,
30,281,0,0.795773983001709,
30,282,0,0.7568064332008362,
30,283,0,0.7547482252120972,
30,284,0,0.8529919385910034,
30,285,0,0.8303514719009399,
30,286,0,0.6483654975891113,
30,287,0,0.7261862754821777,
30,288,0,0.8154093027114868,
30,289,0,0.5240491628646851,
30,290,0,0.827741265296936,
30,291,0,0.04873281717300415,
30,292,0,0.3877769112586975,
30,293,0,0.8436672687530518,
30,294,0,0.8326371908187866,
30,295,0,0.8354208469390869,
30,296,0,0.4830630421638489,
30,297,0,0.051197588443756104,
30,298,0,0.8489307165145874,
30,299,0,0.8097971081733704,
30,300,0,0.4263935685157776,
30,301,0,0.41605204343795776,
30,302,0,0.8400189280509949,
30,303,0,0.5954462885856628,
30,304,0,0.8403704762458801,
30,305,0,0.47034841775894165,
30,306,0,0.23551040887832642,
30,307,0,0.8308224678039551,
30,308,0,0.8403543829917908,
30,309,0,0.19827967882156372,
30,310,0,0.8226491808891296,
30,311,0,0.3900931477546692,
30,312,0,0.8223297595977783,
30,313,0,0.8177738785743713,
30,314,0,0.4133061170578003,
30,315,0,0.8062530159950256,
30,316,0,0.8340209722518921,
30,317,0,0.6540226936340332,
30,318,0,0.36111241579055786,
30,319,0,0.31956374645233154,
30,320,0,0.7446157932281494,
30,321,0,0.8386072516441345,
30,322,0,0.8388367891311646,
30,323,0,0.2978735566139221,
30,324,0,0.8493626117706299,
30,325,0,0.7956250905990601,
30,326,0,0.8066526055335999,
30,327,0,0.7324427366256714,
30,328,0,0.7333799004554749,
30,329,0,0.7672285437583923,
30,330,0,0.3690240979194641,
30,331,0,0.32687145471572876,
30,332,0,0.8234459161758423,
30,333,0,0.24711233377456665,
30,334,0,0.8041081428527832,
30,335,0,0.36763888597488403,
30,336,0,0.8289077877998352,
30,337,0,0.4456779956817627,
30,338,0,0.6259728074073792,
30,339,0,0.7896744608879089,
30,340,0,0.8405617475509644,
30,341,0,0.05935955047607422,
30,342,0,0.7395203113555908,
30,343,0,0.6211729645729065,
30,344,0,0.8234798312187195,
30,345,0,0.8278845548629761,
30,346,0,0.2355058193206787,
30,347,0,0.16836470365524292,
30,348,0,0.7560864686965942,
30,349,0,0.8338717818260193,
30,350,0,0.7974678874015808,
30,351,0,0.7708584666252136,
30,352,0,0.8210804462432861,
30,353,0,0.8229525685310364,
30,354,0,0.6445691585540771,
30,355,0,0.16228967905044556,
30,356,0,0.8295817375183105,
30,357,0,0.7444133758544922,
30,358,0,0.20603346824645996,
30,359,0,0.7808465957641602,
30,360,0,0.8332247138023376,
30,361,0,0.8464672565460205,
30,362,0,0.25104600191116333,
30,363,0,0.3117595314979553,
30,364,0,0.7525290846824646,
30,365,0,0.8477830290794373,
30,366,0,0.8286841511726379,
30,367,0,0.8364304304122925,
30,368,0,0.8226080536842346,
30,369,0,0.8086755871772766,
30,370,0,0.6183085441589355,
30,371,0,0.7189116477966309,
30,372,0,0.8148555159568787,
30,373,0,0.8336848020553589,
30,374,0,0.4351479411125183,
30,375,0,0.7496343851089478,
30,376,0,0.763736367225647,
30,377,0,0.3403857350349426,
30,378,0,0.4051433801651001,
30,379,0,0.8238561749458313,
30,380,0,0.3405250310897827,
30,381,0,0.32123005390167236,
30,382,0,0.32275164127349854,
30,383,0,0.8418387174606323,
30,384,0,0.33667999505996704,
30,385,0,0.3311019539833069,
30,386,0,0.2380121350288391,
30,387,0,0.4386826157569885,
30,388,0,0.05826300382614136,
30,389,0,0.7806000709533691,
30,390,0,0.7575250864028931,
30,391,0,0.6956717371940613,
30,392,0,0.6793082356452942,
30,393,0,0.3083406090736389,
30,394,0,0.4811413884162903,
30,395,0,0.8085722923278809,
30,396,0,0.15915948152542114,
30,397,0,0.18427979946136475,
30,398,0,0.8004384636878967,
30,399,0,0.3022087812423706,
30,400,0,0.7094665765762329,
30,401,0,0.7668005228042603,
30,402,0,0.830794095993042,
30,403,0,0.7989961504936218,
30,404,0,0.3293030858039856,
30,405,0,0.06441962718963623,
30,406,0,0.7625446319580078,
30,407,0,0.8387235403060913,
30,408,0,0.7942556142807007,
30,409,0,0.7103489637374878,
30,410,0,0.8343057632446289,
30,411,0,0.3065006136894226,
30,412,0,0.7999027967453003,
30,413,0,0.06794625520706177,
30,414,0,0.781575083732605,
30,415,0,0.6395676136016846,
30,416,0,0.8502548933029175,
30,417,0,0.056208014488220215,
30,418,0,0.5002518892288208,
30,419,0,0.4758467674255371,
30,420,0,0.2657959461212158,
30,421,0,0.25679677724838257,
30,422,0,0.8223394155502319,
30,423,0,0.8378227949142456,
30,424,0,0.8277896642684937,
30,425,0,0.8128457069396973,
30,426,0,0.8121404647827148,
30,427,0,0.8156757354736328,
30,428,0,0.45927733182907104,
30,429,0,0.8198579549789429,
30,430,0,0.2608213424682617,
30,431,0,0.7950589060783386,
30,432,0,0.7543109059333801,
30,433,0,0.8320056796073914,
30,434,0,0.8301506042480469,
30,435,0,0.8205130696296692,
30,436,0,0.6011817455291748,
30,437,0,0.051534056663513184,
30,438,0,0.7106594443321228,
30,439,0,0.22122496366500854,
30,440,0,0.8482234477996826,
30,441,0,0.7835788726806641,
30,442,0,0.8220881819725037,
30,443,0,0.8169237375259399,
30,444,0,0.7554180026054382,
30,445,0,0.8236561417579651,
30,446,0,0.7355831861495972,
30,447,0,0.3124997615814209,
30,448,0,0.05236625671386719,
30,449,0,0.7992396950721741,
30,450,0,0.7700490355491638,
30,451,0,0.25919246673583984,
30,452,0,0.81397944688797,
30,453,0,0.2917930483818054,
30,454,0,0.42333686351776123,
30,455,0,0.5735456943511963,
30,456,0,0.7256081104278564,
30,457,0,0.6630649566650391,
30,458,0,0.5182517766952515,
30,459,0,0.8227759599685669,
30,460,0,0.8224984407424927,
30,461,0,0.46380358934402466,
30,462,0,0.8057776689529419,
30,463,0,0.1522572636604309,
30,464,0,0.6096237897872925,
30,465,0,0.7463933825492859,
30,466,0,0.047044336795806885,
30,467,0,0.8143020868301392,
30,468,0,0.63673335313797,
30,469,0,0.7918839454650879,
30,470,0,0.33920103311538696,
30,471,0,0.05352628231048584,
30,472,0,0.8380948305130005,
30,473,0,0.8432108163833618,
30,474,0,0.05735379457473755,
30,475,0,0.8300309777259827,
30,476,0,0.46271753311157227,
30,477,0,0.8276516199111938,
30,478,0,0.5205330848693848,
30,479,0,0.48221349716186523,
30,480,0,0.6667439937591553,
30,481,0,0.17347437143325806,
30,482,0,0.8163545727729797,
30,483,0,0.8376088738441467,
30,484,0,0.8345729112625122,
30,485,0,0.43888795375823975,
30,486,0,0.7208355665206909,
30,487,0,0.33506858348846436,
30,488,0,0.7289713621139526,
30,489,0,0.8377954363822937,
30,490,0,0.7616925835609436,
30,491,0,0.823759138584137,
30,492,0,0.6428374648094177,
30,493,0,0.7452054023742676,
30,494,0,0.05975872278213501,
30,495,0,0.3601408004760742,
30,496,0,0.2796318531036377,
30,497,0,0.7769157886505127,
30,498,0,0.45161646604537964,
30,499,0,0.8457845449447632,
30,500,0,0.8021109104156494,
30,501,0,0.7693251371383667,
30,502,0,0.8328197002410889,
30,503,0,0.20855557918548584,
30,504,0,0.752385675907135,
30,505,0,0.4699152112007141,
30,506,0,0.7695046663284302,
30,507,0,0.2768624424934387,
30,508,0,0.8424066305160522,
30,509,0,0.8416700959205627,
30,510,0,0.8290684223175049,
30,511,0,0.7653744220733643,
30,512,0,0.24911469221115112,
30,513,0,0.725984513759613,
30,514,0,0.818300724029541,
30,515,0,0.8260056972503662,
30,516,0,0.7430343627929688,
30,517,0,0.40000391006469727,
30,518,0,0.2336794137954712,
30,519,0,0.29583436250686646,
30,520,0,0.8270171284675598,
30,521,0,0.8417307734489441,
30,522,0,0.35462576150894165,
30,523,0,0.856793999671936,
30,524,0,0.7315541505813599,
30,525,0,0.05086630582809448,
30,526,0,0.3241952061653137,
30,527,0,0.83602374792099,
30,528,0,0.052916884422302246,
30,529,0,0.8243987560272217,
30,530,0,0.8052455186843872,
30,531,0,0.8443982005119324,
30,532,0,0.8010126352310181,
30,533,0,0.8319633603096008,
30,534,0,0.38102900981903076,
30,535,0,0.8299165368080139,
30,536,0,0.7944373488426208,
30,537,0,0.2785566449165344,
30,538,0,0.8244363069534302,
30,539,0,0.8004849553108215,
30,540,0,0.784146785736084,
30,541,0,0.43044203519821167,
30,542,0,0.33552688360214233,
30,543,0,0.8407936692237854,
30,544,0,0.061705589294433594,
30,545,0,0.40182191133499146,
30,546,0,0.4600457549095154,
30,547,0,0.061295509338378906,
30,548,0,0.7766097784042358,
30,549,0,0.31166958808898926,
30,550,0,0.8362073302268982,
30,551,0,0.8417374491691589,
30,552,0,0.7267811298370361,
30,553,0,0.4377845525741577,
30,554,0,0.6552494764328003,
30,555,0,0.2628559470176697,
30,556,0,0.7777765393257141,
30,557,0,0.8277477025985718,
30,558,0,0.3959512710571289,
30,559,0,0.6434484720230103,
30,560,0,0.7877533435821533,
30,561,0,0.8341464400291443,
30,562,0,0.17046743631362915,
30,563,0,0.8249748349189758,
30,564,0,0.47971969842910767,
30,565,0,0.342241108417511,
30,566,0,0.37128788232803345,
30,567,0,0.8268399834632874,
30,568,0,0.2153019905090332,
30,569,0,0.8228461146354675,
30,570,0,0.6245229244232178,
30,571,0,0.6058275699615479,
30,572,0,0.32301419973373413,
30,573,0,0.8396372199058533,
30,574,0,0.32025468349456787,
30,575,0,0.2903941869735718,
30,576,0,0.7945809364318848,
30,577,0,0.2922137975692749,
30,578,0,0.3141132593154907,
30,579,0,0.7833645343780518,
30,580,0,0.28735190629959106,
30,581,0,0.4054131507873535,
30,582,0,0.8260139226913452,
30,583,0,0.7686269879341125,
30,584,0,0.4431902766227722,
30,585,0,0.8127070069313049,
30,586,0,0.8322991728782654,
30,587,0,0.586909294128418,
30,588,0,0.2339983582496643,
30,589,0,0.7163610458374023,
30,590,0,0.8273061513900757,
30,591,0,0.2610355019569397,
30,592,0,0.8176294565200806,
30,593,0,0.8278085589408875,
30,594,0,0.8184713125228882,
30,595,0,0.73411625623703,
30,596,0,0.43736112117767334,
30,597,0,0.1670805811882019,
30,598,0,0.3083806037902832,
30,599,0,0.34454840421676636,
30,600,0,0.7504293322563171,
30,601,0,0.42471784353256226,
30,602,0,0.19030094146728516,
30,603,0,0.3077767491340637,
30,604,0,0.7482025623321533,
30,605,0,0.7890998125076294,
30,606,0,0.30467653274536133,
30,607,0,0.75303715467453,
30,608,0,0.7175425887107849,
30,609,0,0.8358142375946045,
30,610,0,0.8430548906326294,
30,611,0,0.8552581667900085,
30,612,0,0.6584612131118774,
30,613,0,0.7630322575569153,
30,614,0,0.8342109322547913,
30,615,0,0.3924769163131714,
30,616,0,0.8525959253311157,
30,617,0,0.2992866635322571,
30,618,0,0.1697116494178772,
30,619,0,0.420535147190094,
30,620,0,0.8388338088989258,
30,621,0,0.4187090992927551,
30,622,0,0.7867504954338074,
30,623,0,0.42885732650756836,
30,624,0,0.32590585947036743,
30,625,0,0.8537395596504211,
30,626,0,0.8213140964508057,
30,627,0,0.8187375068664551,
30,628,0,0.8489652872085571,
30,629,0,0.47981196641921997,
30,630,0,0.06397897005081177,
30,631,0,0.1790684461593628,
30,632,0,0.8138039112091064,
30,633,0,0.7264329791069031,
30,634,0,0.839092493057251,
30,635,0,0.48183155059814453,
30,636,0,0.8118466734886169,
30,637,0,0.712255597114563,
30,638,0,0.8272758722305298,
30,639,0,0.7567367553710938,
30,640,0,0.15662944316864014,
30,641,0,0.7557881474494934,
30,642,0,0.779090404510498,
30,643,0,0.42513060569763184,
30,644,0,0.40835434198379517,
30,645,0,0.8086726069450378,
30,646,0,0.8282375335693359,
30,647,0,0.7723066210746765,
30,648,0,0.8142227530479431,
30,649,0,0.04805886745452881,
30,650,0,0.7665340900421143,
30,651,0,0.44039517641067505,
30,652,0,0.7176542282104492,
30,653,0,0.5834314823150635,
30,654,0,0.7609946727752686,
30,655,0,0.24416178464889526,
30,656,0,0.25051552057266235,
30,657,0,0.38329750299453735,
30,658,0,0.7431679964065552,
30,659,0,0.051538288593292236,
30,660,0,0.8475345373153687,
30,661,0,0.7610697150230408,
30,662,0,0.8260441422462463,
30,663,0,0.7307475805282593,
30,664,0,0.8422587513923645,
30,665,0,0.4307352304458618,
30,666,0,0.056858062744140625,
30,667,0,0.8126916885375977,
30,668,0,0.29659563302993774,
30,669,0,0.46371763944625854,
30,670,0,0.3792415261268616,
30,671,0,0.76192307472229,
30,672,0,0.1789190173149109,
30,673,0,0.2838515639305115,
30,674,0,0.41122037172317505,
30,675,0,0.7627674341201782,
30,676,0,0.16344565153121948,
30,677,0,0.6027641892433167,
30,678,0,0.835266649723053,
30,679,0,0.8040022850036621,
30,680,0,0.06034642457962036,
30,681,0,0.8205510973930359,
30,682,0,0.3388552665710449,
30,683,0,0.3520357012748718,
30,684,0,0.8248782157897949,
30,685,0,0.815321147441864,
30,686,0,0.8028702139854431,
30,687,0,0.6198904514312744,
30,688,0,0.289653480052948,
30,689,0,0.7538853883743286,
30,690,0,0.8437944650650024,
30,691,0,0.16395264863967896,
30,692,0,0.36500442028045654,
30,693,0,0.7080283164978027,
30,694,0,0.7656413316726685,
30,695,0,0.7704728841781616,
30,696,0,0.19094055891036987,
30,697,0,0.7542523145675659,
30,698,0,0.8433154225349426,
30,699,0,0.4524322748184204,
30,700,0,0.26512789726257324,
30,701,0,0.8362723588943481,
30,702,0,0.7851632833480835,
30,703,0,0.821878969669342,
30,704,0,0.16205501556396484,
30,705,0,0.055113792419433594,
30,706,0,0.846746563911438,
30,707,0,0.8052304983139038,
30,708,0,0.8460177183151245,
30,709,0,0.7557141184806824,
30,710,0,0.4130616784095764,
30,711,0,0.35465097427368164,
30,712,0,0.2967885732650757,
30,713,0,0.425872266292572,
30,714,0,0.841138482093811,
30,715,0,0.44873321056365967,
30,716,0,0.7685099840164185,
30,717,0,0.6528627276420593,
30,718,0,0.8282590508460999,
30,719,0,0.8247164487838745,
30,720,0,0.7892048358917236,
30,721,0,0.7901111841201782,
30,722,0,0.7839123010635376,
30,723,0,0.17173278331756592,
30,724,0,0.7173570394515991,
30,725,0,0.20269012451171875,
30,726,0,0.8287081122398376,
30,727,0,0.8114985823631287,
30,728,0,0.19922477006912231,
30,729,0,0.45069724321365356,
30,730,0,0.3779662847518921,
30,731,0,0.827231228351593,
30,732,0,0.811822772026062,
30,733,0,0.40517622232437134,
30,734,0,0.8256961703300476,
30,735,0,0.32407015562057495,
30,736,0,0.7494323253631592,
30,737,0,0.8110668063163757,
30,738,0,0.8200178146362305,
30,739,0,0.6231981515884399,
30,740,0,0.30773675441741943,
30,741,0,0.6977536678314209,
30,742,0,0.8286184668540955,
30,743,0,0.8457909226417542,
30,744,0,0.8098651170730591,
30,745,0,0.2900083661079407,
30,746,0,0.7419039011001587,
30,747,0,0.8344090580940247,
30,748,0,0.7345033884048462,
30,749,0,0.8282082676887512,
30,750,0,0.8188958168029785,
30,751,0,0.8275396823883057,
30,752,0,0.7684686779975891,
30,753,0,0.4750763773918152,
30,754,0,0.7439765930175781,
30,755,0,0.8401757478713989,
30,756,0,0.8302999138832092,
30,757,0,0.8392016887664795,
30,758,0,0.7022100687026978,
30,759,0,0.0531885027885437,
30,760,0,0.4470008611679077,
30,761,0,0.7443892955780029,
30,762,0,0.7790963053703308,
30,763,0,0.34147268533706665,
30,764,0,0.3179629445075989,
30,765,0,0.8060093522071838,
30,766,0,0.17437702417373657,
30,767,0,0.7501137852668762,
30,768,0,0.8309969902038574,
30,769,0,0.20286041498184204,
30,770,0,0.7837255001068115,
30,771,0,0.7232451438903809,
30,772,0,0.8037244081497192,
30,773,0,0.20785880088806152,
30,774,0,0.8418068289756775,
30,775,0,0.7982568740844727,
30,776,0,0.26333463191986084,
30,777,0,0.8286504745483398,
30,778,0,0.43670791387557983,
30,779,0,0.8359626531600952,
30,780,0,0.7577780485153198,
30,781,0,0.8319607377052307,
30,782,0,0.411470890045166,
30,783,0,0.8090465068817139,
30,784,0,0.4050961136817932,
30,785,0,0.04726123809814453,
30,786,0,0.48580777645111084,
30,787,0,0.25976336002349854,
30,788,0,0.8243861198425293,
30,789,0,0.3118870258331299,
30,790,0,0.7796117067337036,
30,791,0,0.478889524936676,
30,792,0,0.3525371551513672,
30,793,0,0.8034828901290894,
30,794,0,0.8342426419258118,
30,795,0,0.2892787456512451,
30,796,0,0.8292544484138489,
30,797,0,0.06259191036224365,
30,798,0,0.4690098166465759,
30,799,0,0.8273485898971558,
30,val,,,0.5865594863891601
31,0,0,0.40517598390579224,
31,1,0,0.8147991299629211,
31,2,0,0.67475426197052,
31,3,0,0.8489078283309937,
31,4,0,0.41205787658691406,
31,5,0,0.7676408886909485,
31,6,0,0.17145806550979614,
31,7,0,0.4759352207183838,
31,8,0,0.2479630708694458,
31,9,0,0.8157408237457275,
31,10,0,0.06488257646560669,
31,11,0,0.8389438390731812,
31,12,0,0.8323036432266235,
31,13,0,0.8253087401390076,
31,14,0,0.7467988729476929,
31,15,0,0.8179978132247925,
31,16,0,0.5153710246086121,
31,17,0,0.3989354968070984,
31,18,0,0.8096619248390198,
31,19,0,0.8107661604881287,
31,20,0,0.7461980581283569,
31,21,0,0.48149538040161133,
31,22,0,0.27488821744918823,
31,23,0,0.685700535774231,
31,24,0,0.823615312576294,
31,25,0,0.7282353639602661,
31,26,0,0.8382278680801392,
31,27,0,0.3874683976173401,
31,28,0,0.2845778465270996,
31,29,0,0.4573526382446289,
31,30,0,0.8368837833404541,
31,31,0,0.8026434779167175,
31,32,0,0.44982147216796875,
31,33,0,0.7487326860427856,
31,34,0,0.8010181784629822,
31,35,0,0.2724367380142212,
31,36,0,0.4253142476081848,
31,37,0,0.8260216116905212,
31,38,0,0.19734984636306763,
31,39,0,0.8435360193252563,
31,40,0,0.16317540407180786,
31,41,0,0.6208173036575317,
31,42,0,0.46195822954177856,
31,43,0,0.04051285982131958,
31,44,0,0.7449700236320496,
31,45,0,0.4633939862251282,
31,46,0,0.051012396812438965,
31,47,0,0.0523076057434082,
31,48,0,0.8365373015403748,
31,49,0,0.30961519479751587,
31,50,0,0.839675784111023,
31,51,0,0.37948495149612427,
31,52,0,0.429806113243103,
31,53,0,0.05017012357711792,
31,54,0,0.8550573587417603,
31,55,0,0.4492519497871399,
31,56,0,0.7942081093788147,
31,57,0,0.4934445023536682,
31,58,0,0.860348641872406,
31,59,0,0.35755640268325806,
31,60,0,0.4229097366333008,
31,61,0,0.5969513654708862,
31,62,0,0.8245618939399719,
31,63,0,0.2683029770851135,
31,64,0,0.2598767876625061,
31,65,0,0.7548651695251465,
31,66,0,0.7210040092468262,
31,67,0,0.4380989074707031,
31,68,0,0.8261760473251343,
31,69,0,0.45694929361343384,
31,70,0,0.511245608329773,
31,71,0,0.6202172040939331,
31,72,0,0.6708531379699707,
31,73,0,0.8072178363800049,
31,74,0,0.8186397552490234,
31,75,0,0.6518281698226929,
31,76,0,0.8163310289382935,
31,77,0,0.7265704870223999,
31,78,0,0.16603881120681763,
31,79,0,0.8266831636428833,
31,80,0,0.4678037762641907,
31,81,0,0.8097028732299805,
31,82,0,0.05037003755569458,
31,83,0,0.8167309165000916,
31,84,0,0.8290835022926331,
31,85,0,0.5076758861541748,
31,86,0,0.8246859908103943,
31,87,0,0.5701021552085876,
31,88,0,0.8154016137123108,
31,89,0,0.48685359954833984,
31,90,0,0.7382998466491699,
31,91,0,0.8221251964569092,
31,92,0,0.8455360531806946,
31,93,0,0.8182606101036072,
31,94,0,0.4891882538795471,
31,95,0,0.8274649381637573,
31,96,0,0.27962225675582886,
31,97,0,0.8383375406265259,
31,98,0,0.6092568635940552,
31,99,0,0.8323565721511841,
31,100,0,0.7454624772071838,
31,101,0,0.6641143560409546,
31,102,0,0.8155094385147095,
31,103,0,0.7821773290634155,
31,104,0,0.8409622311592102,
31,105,0,0.3392140865325928,
31,106,0,0.8310424089431763,
31,107,0,0.8213636875152588,
31,108,0,0.6302276849746704,
31,109,0,0.8233594298362732,
31,110,0,0.8419332504272461,
31,111,0,0.8130772113800049,
31,112,0,0.8399159908294678,
31,113,0,0.42677056789398193,
31,114,0,0.25607234239578247,
31,115,0,0.821020245552063,
31,116,0,0.8168313503265381,
31,117,0,0.3693616986274719,
31,118,0,0.8063613176345825,
31,119,0,0.3353920578956604,
31,120,0,0.8256430625915527,
31,121,0,0.8426159620285034,
31,122,0,0.7295628786087036,
31,123,0,0.06877344846725464,
31,124,0,0.4161631464958191,
31,125,0,0.7576712369918823,
31,126,0,0.8455734252929688,
31,127,0,0.8246020078659058,
31,128,0,0.8195039629936218,
31,129,0,0.8428046703338623,
31,130,0,0.7222492694854736,
31,131,0,0.8300038576126099,
31,132,0,0.7821088433265686,
31,133,0,0.24246400594711304,
31,134,0,0.4257134199142456,
31,135,0,0.484280526638031,
31,136,0,0.05547910928726196,
31,137,0,0.13528013229370117,
31,138,0,0.25694340467453003,
31,139,0,0.47992217540740967,
31,140,0,0.8341666460037231,
31,141,0,0.7800529599189758,
31,142,0,0.8421868085861206,
31,143,0,0.7734366059303284,
31,144,0,0.8158021569252014,
31,145,0,0.21785670518875122,
31,146,0,0.6910996437072754,
31,147,0,0.2387455701828003,
31,148,0,0.7699000239372253,
31,149,0,0.7887812256813049,
31,150,0,0.8047633767127991,
31,151,0,0.8261397480964661,
31,152,0,0.7332848310470581,
31,153,0,0.8253135085105896,
31,154,0,0.8321017026901245,
31,155,0,0.7127852439880371,
31,156,0,0.04942113161087036,
31,157,0,0.623544454574585,
31,158,0,0.7768023610115051,
31,159,0,0.8064461946487427,
31,160,0,0.34840965270996094,
31,161,0,0.06006908416748047,
31,162,0,0.8380807042121887,
31,163,0,0.28041350841522217,
31,164,0,0.39214402437210083,
31,165,0,0.7222070693969727,
31,166,0,0.25145798921585083,
31,167,0,0.8396269679069519,
31,168,0,0.8472295999526978,
31,169,0,0.14361572265625,
31,170,0,0.7770005464553833,
31,171,0,0.7411422729492188,
31,172,0,0.73594731092453,
31,173,0,0.6365529894828796,
31,174,0,0.7544568777084351,
31,175,0,0.41192835569381714,
31,176,0,0.7637616395950317,
31,177,0,0.30849146842956543,
31,178,0,0.8375116586685181,
31,179,0,0.3373183012008667,
31,180,0,0.7926439642906189,
31,181,0,0.7969444394111633,
31,182,0,0.32830244302749634,
31,183,0,0.17532575130462646,
31,184,0,0.7844610214233398,
31,185,0,0.7445225715637207,
31,186,0,0.29535359144210815,
31,187,0,0.7494630813598633,
31,188,0,0.7570288181304932,
31,189,0,0.26605165004730225,
31,190,0,0.06538468599319458,
31,191,0,0.45427292585372925,
31,192,0,0.7801457047462463,
31,193,0,0.7388908267021179,
31,194,0,0.7382601499557495,
31,195,0,0.861064612865448,
31,196,0,0.7511786222457886,
31,197,0,0.19308459758758545,
31,198,0,0.8045380711555481,
31,199,0,0.2517499327659607,
31,200,0,0.7458171844482422,
31,201,0,0.048391520977020264,
31,202,0,0.2862173914909363,
31,203,0,0.836398720741272,
31,204,0,0.32857853174209595,
31,205,0,0.26595693826675415,
31,206,0,0.34542423486709595,
31,207,0,0.15357166528701782,
31,208,0,0.4814932942390442,
31,209,0,0.77956223487854,
31,210,0,0.30362576246261597,
31,211,0,0.8260346055030823,
31,212,0,0.4879949688911438,
31,213,0,0.7963169813156128,
31,214,0,0.8390527367591858,
31,215,0,0.8364602327346802,
31,216,0,0.452007532119751,
31,217,0,0.8288931846618652,
31,218,0,0.8371922373771667,
31,219,0,0.7264876961708069,
31,220,0,0.2544834017753601,
31,221,0,0.7442055940628052,
31,222,0,0.31844109296798706,
31,223,0,0.4870787262916565,
31,224,0,0.818681001663208,
31,225,0,0.29876911640167236,
31,226,0,0.8164024949073792,
31,227,0,0.17174893617630005,
31,228,0,0.7146470546722412,
31,229,0,0.42346692085266113,
31,230,0,0.45672768354415894,
31,231,0,0.8202307224273682,
31,232,0,0.8499259352684021,
31,233,0,0.8456090092658997,
31,234,0,0.82826828956604,
31,235,0,0.04480332136154175,
31,236,0,0.44058990478515625,
31,237,0,0.8338999152183533,
31,238,0,0.4666525721549988,
31,239,0,0.4106702208518982,
31,240,0,0.8176357746124268,
31,241,0,0.8201110363006592,
31,242,0,0.8233954906463623,
31,243,0,0.4398312568664551,
31,244,0,0.3114936947822571,
31,245,0,0.05131012201309204,
31,246,0,0.43169963359832764,
31,247,0,0.8363258838653564,
31,248,0,0.4486744999885559,
31,249,0,0.8157875537872314,
31,250,0,0.12318724393844604,
31,251,0,0.8465909957885742,
31,252,0,0.7736992835998535,
31,253,0,0.7645713090896606,
31,254,0,0.04379689693450928,
31,255,0,0.7513853311538696,
31,256,0,0.5581468343734741,
31,257,0,0.8439639806747437,
31,258,0,0.8275278210639954,
31,259,0,0.8505254983901978,
31,260,0,0.5148974657058716,
31,261,0,0.7448155283927917,
31,262,0,0.838926374912262,
31,263,0,0.7263932228088379,
31,264,0,0.29023563861846924,
31,265,0,0.8377094864845276,
31,266,0,0.8206934928894043,
31,267,0,0.8337231874465942,
31,268,0,0.3226702809333801,
31,269,0,0.45860373973846436,
31,270,0,0.5946010947227478,
31,271,0,0.8114016056060791,
31,272,0,0.3830755949020386,
31,273,0,0.8449792265892029,
31,274,0,0.8075838685035706,
31,275,0,0.16199827194213867,
31,276,0,0.8147311210632324,
31,277,0,0.06377124786376953,
31,278,0,0.5439833402633667,
31,279,0,0.7427550554275513,
31,280,0,0.7800881266593933,
31,281,0,0.7940381169319153,
31,282,0,0.7437882423400879,
31,283,0,0.757010281085968,
31,284,0,0.8239782452583313,
31,285,0,0.83509761095047,
31,286,0,0.6499547958374023,
31,287,0,0.728490948677063,
31,288,0,0.8158289194107056,
31,289,0,0.5235360860824585,
31,290,0,0.8276931643486023,
31,291,0,0.04877680540084839,
31,292,0,0.38719892501831055,
31,293,0,0.8460844159126282,
31,294,0,0.8351647853851318,
31,295,0,0.8362681865692139,
31,296,0,0.48194509744644165,
31,297,0,0.0515863299369812,
31,298,0,0.8468158841133118,
31,299,0,0.8104811310768127,
31,300,0,0.4262186288833618,
31,301,0,0.4132991433143616,
31,302,0,0.8435505628585815,
31,303,0,0.5954651832580566,
31,304,0,0.8431029319763184,
31,305,0,0.4702844023704529,
31,306,0,0.23337900638580322,
31,307,0,0.8310651779174805,
31,308,0,0.8407529592514038,
31,309,0,0.1960667371749878,
31,310,0,0.8175129890441895,
31,311,0,0.38977211713790894,
31,312,0,0.8194196820259094,
31,313,0,0.8144376277923584,
31,314,0,0.4126351475715637,
31,315,0,0.8018444180488586,
31,316,0,0.8336753845214844,
31,317,0,0.6564507484436035,
31,318,0,0.3716740012168884,
31,319,0,0.3197474479675293,
31,320,0,0.7478723526000977,
31,321,0,0.8250452280044556,
31,322,0,0.8306494951248169,
31,323,0,0.29957979917526245,
31,324,0,0.8472892045974731,
31,325,0,0.7922394275665283,
31,326,0,0.8108081817626953,
31,327,0,0.7355166077613831,
31,328,0,0.7347441911697388,
31,329,0,0.7680338025093079,
31,330,0,0.36934614181518555,
31,331,0,0.3319852352142334,
31,332,0,0.8217852711677551,
31,333,0,0.24603325128555298,
31,334,0,0.8042154312133789,
31,335,0,0.3675536513328552,
31,336,0,0.8296277523040771,
31,337,0,0.448397159576416,
31,338,0,0.6318804621696472,
31,339,0,0.7924899458885193,
31,340,0,0.8398607969284058,
31,341,0,0.05908477306365967,
31,342,0,0.7396032214164734,
31,343,0,0.6149999499320984,
31,344,0,0.8241555690765381,
31,345,0,0.8289849758148193,
31,346,0,0.23312926292419434,
31,347,0,0.16892153024673462,
31,348,0,0.7586936950683594,
31,349,0,0.8311777710914612,
31,350,0,0.7851992249488831,
31,351,0,0.7718164920806885,
31,352,0,0.823811948299408,
31,353,0,0.8318467140197754,
31,354,0,0.6322964429855347,
31,355,0,0.1662256121635437,
31,356,0,0.828883707523346,
31,357,0,0.7370296716690063,
31,358,0,0.2061535120010376,
31,359,0,0.7810025811195374,
31,360,0,0.8505806922912598,
31,361,0,0.8449702262878418,
31,362,0,0.25017887353897095,
31,363,0,0.31201010942459106,
31,364,0,0.7543222308158875,
31,365,0,0.8408170938491821,
31,366,0,0.8424615859985352,
31,367,0,0.8341295123100281,
31,368,0,0.824028730392456,
31,369,0,0.8118900656700134,
31,370,0,0.622519850730896,
31,371,0,0.7056567668914795,
31,372,0,0.8267838954925537,
31,373,0,0.8318857550621033,
31,374,0,0.4374297857284546,
31,375,0,0.7571445107460022,
31,376,0,0.7681583166122437,
31,377,0,0.3365320563316345,
31,378,0,0.40497225522994995,
31,379,0,0.8369643688201904,
31,380,0,0.3415403366088867,
31,381,0,0.32242220640182495,
31,382,0,0.32294243574142456,
31,383,0,0.8408516049385071,
31,384,0,0.3363685607910156,
31,385,0,0.33194005489349365,
31,386,0,0.23737376928329468,
31,387,0,0.44124919176101685,
31,388,0,0.05706596374511719,
31,389,0,0.7803384065628052,
31,390,0,0.7597494125366211,
31,391,0,0.689329981803894,
31,392,0,0.671974778175354,
31,393,0,0.30886560678482056,
31,394,0,0.47822707891464233,
31,395,0,0.8084211349487305,
31,396,0,0.15847092866897583,
31,397,0,0.18376857042312622,
31,398,0,0.8023151159286499,
31,399,0,0.30359917879104614,
31,400,0,0.7116570472717285,
31,401,0,0.7646423578262329,
31,402,0,0.8344261646270752,
31,403,0,0.8042290806770325,
31,404,0,0.3202524781227112,
31,405,0,0.06445461511611938,
31,406,0,0.7513599395751953,
31,407,0,0.8439360857009888,
31,408,0,0.8007221221923828,
31,409,0,0.7080132365226746,
31,410,0,0.834403395652771,
31,411,0,0.3076164126396179,
31,412,0,0.7833442091941833,
31,413,0,0.06879997253417969,
31,414,0,0.7816566228866577,
31,415,0,0.6495506763458252,
31,416,0,0.8428142070770264,
31,417,0,0.055550456047058105,
31,418,0,0.496904194355011,
31,419,0,0.47457176446914673,
31,420,0,0.2580728530883789,
31,421,0,0.2581236958503723,
31,422,0,0.8272168636322021,
31,423,0,0.8382497429847717,
31,424,0,0.8226349949836731,
31,425,0,0.8130707144737244,
31,426,0,0.8120694160461426,
31,427,0,0.8115330934524536,
31,428,0,0.4581642746925354,
31,429,0,0.8141720294952393,
31,430,0,0.2614430785179138,
31,431,0,0.7908869385719299,
31,432,0,0.7500053644180298,
31,433,0,0.8254683017730713,
31,434,0,0.8288081288337708,
31,435,0,0.8127238750457764,
31,436,0,0.605247974395752,
31,437,0,0.05110567808151245,
31,438,0,0.7253046035766602,
31,439,0,0.22332119941711426,
31,440,0,0.8494606018066406,
31,441,0,0.7823933959007263,
31,442,0,0.8195887207984924,
31,443,0,0.8153955936431885,
31,444,0,0.7537041902542114,
31,445,0,0.82650226354599,
31,446,0,0.7513848543167114,
31,447,0,0.30993735790252686,
31,448,0,0.05203169584274292,
31,449,0,0.8016936182975769,
31,450,0,0.7814266085624695,
31,451,0,0.26069098711013794,
31,452,0,0.8149203658103943,
31,453,0,0.28798115253448486,
31,454,0,0.4213762879371643,
31,455,0,0.5687236785888672,
31,456,0,0.7262153625488281,
31,457,0,0.6618872880935669,
31,458,0,0.5164732933044434,
31,459,0,0.8257862329483032,
31,460,0,0.8176879286766052,
31,461,0,0.4645317792892456,
31,462,0,0.8075352311134338,
31,463,0,0.1518886685371399,
31,464,0,0.603568434715271,
31,465,0,0.7411410808563232,
31,466,0,0.04607731103897095,
31,467,0,0.814761221408844,
31,468,0,0.6386619806289673,
31,469,0,0.7954976558685303,
31,470,0,0.3387495279312134,
31,471,0,0.05462092161178589,
31,472,0,0.8383328318595886,
31,473,0,0.8364672660827637,
31,474,0,0.05821114778518677,
31,475,0,0.8276891708374023,
31,476,0,0.46119505167007446,
31,477,0,0.8335063457489014,
31,478,0,0.519776463508606,
31,479,0,0.48333704471588135,
31,480,0,0.6688531637191772,
31,481,0,0.17308813333511353,
31,482,0,0.8104590177536011,
31,483,0,0.8316534757614136,
31,484,0,0.8340439200401306,
31,485,0,0.44678306579589844,
31,486,0,0.7213115096092224,
31,487,0,0.33346444368362427,
31,488,0,0.7283569574356079,
31,489,0,0.8318294286727905,
31,490,0,0.7638523578643799,
31,491,0,0.828511118888855,
31,492,0,0.6427199840545654,
31,493,0,0.7394177317619324,
31,494,0,0.058452308177948,
31,495,0,0.3591378927230835,
31,496,0,0.27887582778930664,
31,497,0,0.7772791385650635,
31,498,0,0.444908082485199,
31,499,0,0.8399843573570251,
31,500,0,0.8068701028823853,
31,501,0,0.7700240612030029,
31,502,0,0.8372136354446411,
31,503,0,0.2069152593612671,
31,504,0,0.7476856708526611,
31,505,0,0.46786248683929443,
31,506,0,0.7695454359054565,
31,507,0,0.27704113721847534,
31,508,0,0.8424178957939148,
31,509,0,0.8400677442550659,
31,510,0,0.8353947401046753,
31,511,0,0.7672795653343201,
31,512,0,0.24857252836227417,
31,513,0,0.7271108031272888,
31,514,0,0.8117279410362244,
31,515,0,0.8131033182144165,
31,516,0,0.7410627603530884,
31,517,0,0.39907246828079224,
31,518,0,0.23372560739517212,
31,519,0,0.29592961072921753,
31,520,0,0.8332703113555908,
31,521,0,0.8451260328292847,
31,522,0,0.35453587770462036,
31,523,0,0.8557325005531311,
31,524,0,0.7359035611152649,
31,525,0,0.0526544451713562,
31,526,0,0.3228011727333069,
31,527,0,0.8357570767402649,
31,528,0,0.05362558364868164,
31,529,0,0.8294388055801392,
31,530,0,0.796113133430481,
31,531,0,0.8439944982528687,
31,532,0,0.8024913668632507,
31,533,0,0.8287261128425598,
31,534,0,0.37978214025497437,
31,535,0,0.824152946472168,
31,536,0,0.7904741764068604,
31,537,0,0.2789348363876343,
31,538,0,0.8226615786552429,
31,539,0,0.8073320388793945,
31,540,0,0.7738606929779053,
31,541,0,0.43217384815216064,
31,542,0,0.3356773257255554,
31,543,0,0.8407831788063049,
31,544,0,0.06021612882614136,
31,545,0,0.39846402406692505,
31,546,0,0.4514923095703125,
31,547,0,0.061411917209625244,
31,548,0,0.7752923369407654,
31,549,0,0.31272125244140625,
31,550,0,0.8367373943328857,
31,551,0,0.8419018387794495,
31,552,0,0.7264849543571472,
31,553,0,0.43575721979141235,
31,554,0,0.6532514095306396,
31,555,0,0.2613028287887573,
31,556,0,0.772769033908844,
31,557,0,0.8240819573402405,
31,558,0,0.3944125771522522,
31,559,0,0.643108069896698,
31,560,0,0.7887119650840759,
31,561,0,0.8253729343414307,
31,562,0,0.16999179124832153,
31,563,0,0.8288693428039551,
31,564,0,0.4731888771057129,
31,565,0,0.3467203378677368,
31,566,0,0.3710438013076782,
31,567,0,0.8302990198135376,
31,568,0,0.2141869068145752,
31,569,0,0.822803258895874,
31,570,0,0.6262399554252625,
31,571,0,0.6049301624298096,
31,572,0,0.32105517387390137,
31,573,0,0.8446567058563232,
31,574,0,0.3261679410934448,
31,575,0,0.28864389657974243,
31,576,0,0.7844669222831726,
31,577,0,0.2925602197647095,
31,578,0,0.312849223613739,
31,579,0,0.7942489385604858,
31,580,0,0.2869744300842285,
31,581,0,0.40440088510513306,
31,582,0,0.8233000636100769,
31,583,0,0.7693219780921936,
31,584,0,0.4429577589035034,
31,585,0,0.8190360069274902,
31,586,0,0.8318859338760376,
31,587,0,0.5835765600204468,
31,588,0,0.23406022787094116,
31,589,0,0.7153100967407227,
31,590,0,0.8247056603431702,
31,591,0,0.2597387433052063,
31,592,0,0.8167150020599365,
31,593,0,0.8312458395957947,
31,594,0,0.824824869632721,
31,595,0,0.7491956949234009,
31,596,0,0.4352748394012451,
31,597,0,0.16829967498779297,
31,598,0,0.3104374408721924,
31,599,0,0.3438020348548889,
31,600,0,0.7559016942977905,
31,601,0,0.4260573983192444,
31,602,0,0.18997174501419067,
31,603,0,0.3155664801597595,
31,604,0,0.7482272386550903,
31,605,0,0.7890112400054932,
31,606,0,0.3063417077064514,
31,607,0,0.7504340410232544,
31,608,0,0.7188113927841187,
31,609,0,0.8426018357276917,
31,610,0,0.8437998294830322,
31,611,0,0.8503466844558716,
31,612,0,0.6617810726165771,
31,613,0,0.7575651407241821,
31,614,0,0.8378186821937561,
31,615,0,0.3924657702445984,
31,616,0,0.8451114892959595,
31,617,0,0.2976118326187134,
31,618,0,0.17140614986419678,
31,619,0,0.4132147431373596,
31,620,0,0.8383462429046631,
31,621,0,0.42829638719558716,
31,622,0,0.7889702916145325,
31,623,0,0.4311255216598511,
31,624,0,0.32384878396987915,
31,625,0,0.8526723980903625,
31,626,0,0.8293361067771912,
31,627,0,0.8178049325942993,
31,628,0,0.8494950532913208,
31,629,0,0.47909945249557495,
31,630,0,0.06320363283157349,
31,631,0,0.18031585216522217,
31,632,0,0.8151271343231201,
31,633,0,0.7318048477172852,
31,634,0,0.8390373587608337,
31,635,0,0.48181378841400146,
31,636,0,0.8127789497375488,
31,637,0,0.7154785990715027,
31,638,0,0.8264323472976685,
31,639,0,0.7567613124847412,
31,640,0,0.1529800295829773,
31,641,0,0.7580799460411072,
31,642,0,0.7830556631088257,
31,643,0,0.42543601989746094,
31,644,0,0.4086742401123047,
31,645,0,0.8253195881843567,
31,646,0,0.8269906640052795,
31,647,0,0.7745464444160461,
31,648,0,0.8128653168678284,
31,649,0,0.047372639179229736,
31,650,0,0.7660538554191589,
31,651,0,0.4413050413131714,
31,652,0,0.7107959985733032,
31,653,0,0.5816224813461304,
31,654,0,0.7612746357917786,
31,655,0,0.24253123998641968,
31,656,0,0.25035667419433594,
31,657,0,0.3815373182296753,
31,658,0,0.7426962852478027,
31,659,0,0.0516090989112854,
31,660,0,0.8456875085830688,
31,661,0,0.7593135237693787,
31,662,0,0.8276984691619873,
31,663,0,0.7312986850738525,
31,664,0,0.8419962525367737,
31,665,0,0.42932987213134766,
31,666,0,0.055851757526397705,
31,667,0,0.8140988349914551,
31,668,0,0.30155473947525024,
31,669,0,0.4640481472015381,
31,670,0,0.3819954991340637,
31,671,0,0.7640858888626099,
31,672,0,0.17793136835098267,
31,673,0,0.28409653902053833,
31,674,0,0.4106101989746094,
31,675,0,0.7607958316802979,
31,676,0,0.1628844141960144,
31,677,0,0.6014751195907593,
31,678,0,0.8438760042190552,
31,679,0,0.8042789697647095,
31,680,0,0.060386061668395996,
31,681,0,0.8321909308433533,
31,682,0,0.33032357692718506,
31,683,0,0.34649229049682617,
31,684,0,0.8222795128822327,
31,685,0,0.8172708749771118,
31,686,0,0.8027061223983765,
31,687,0,0.6210836172103882,
31,688,0,0.29009413719177246,
31,689,0,0.7590351104736328,
31,690,0,0.8433829545974731,
31,691,0,0.16442662477493286,
31,692,0,0.3609381318092346,
31,693,0,0.7080994844436646,
31,694,0,0.7689058184623718,
31,695,0,0.7650260925292969,
31,696,0,0.19063186645507812,
31,697,0,0.7525053024291992,
31,698,0,0.8451544046401978,
31,699,0,0.44860124588012695,
31,700,0,0.26371216773986816,
31,701,0,0.8354345560073853,
31,702,0,0.7874963283538818,
31,703,0,0.8361363410949707,
31,704,0,0.1572210192680359,
31,705,0,0.054815828800201416,
31,706,0,0.846538782119751,
31,707,0,0.8068290948867798,
31,708,0,0.8426721096038818,
31,709,0,0.754621684551239,
31,710,0,0.411357581615448,
31,711,0,0.3548159599304199,
31,712,0,0.2947806119918823,
31,713,0,0.4268191456794739,
31,714,0,0.8482983112335205,
31,715,0,0.4475899934768677,
31,716,0,0.7688583135604858,
31,717,0,0.6533219814300537,
31,718,0,0.8259672522544861,
31,719,0,0.8310848474502563,
31,720,0,0.7935932874679565,
31,721,0,0.7818120718002319,
31,722,0,0.7913299798965454,
31,723,0,0.17132508754730225,
31,724,0,0.7287372350692749,
31,725,0,0.20343375205993652,
31,726,0,0.8274751901626587,
31,727,0,0.8128360509872437,
31,728,0,0.19788455963134766,
31,729,0,0.4504457712173462,
31,730,0,0.3752073049545288,
31,731,0,0.8329129815101624,
31,732,0,0.831965446472168,
31,733,0,0.4058321714401245,
31,734,0,0.8228898048400879,
31,735,0,0.3242490887641907,
31,736,0,0.7514042258262634,
31,737,0,0.8134837746620178,
31,738,0,0.8234370350837708,
31,739,0,0.6193157434463501,
31,740,0,0.30836713314056396,
31,741,0,0.6957050561904907,
31,742,0,0.8288624286651611,
31,743,0,0.8460223078727722,
31,744,0,0.8098591566085815,
31,745,0,0.2943897843360901,
31,746,0,0.7428114414215088,
31,747,0,0.8327354788780212,
31,748,0,0.7253059148788452,
31,749,0,0.8255742788314819,
31,750,0,0.8320819735527039,
31,751,0,0.8250970244407654,
31,752,0,0.768534243106842,
31,753,0,0.4760100245475769,
31,754,0,0.7369140386581421,
31,755,0,0.8368003964424133,
31,756,0,0.827033519744873,
31,757,0,0.8387424945831299,
31,758,0,0.7044658660888672,
31,759,0,0.052697181701660156,
31,760,0,0.44790971279144287,
31,761,0,0.7429606914520264,
31,762,0,0.7776602506637573,
31,763,0,0.34326279163360596,
31,764,0,0.3209686875343323,
31,765,0,0.8072633743286133,
31,766,0,0.1759481430053711,
31,767,0,0.7515150308609009,
31,768,0,0.8289209604263306,
31,769,0,0.20336824655532837,
31,770,0,0.7908790111541748,
31,771,0,0.7231515049934387,
31,772,0,0.8040239810943604,
31,773,0,0.2066156268119812,
31,774,0,0.8502600789070129,
31,775,0,0.7949307560920715,
31,776,0,0.26152437925338745,
31,777,0,0.8373229503631592,
31,778,0,0.4348698854446411,
31,779,0,0.835374116897583,
31,780,0,0.7570453882217407,
31,781,0,0.8318802118301392,
31,782,0,0.4099200367927551,
31,783,0,0.8090774416923523,
31,784,0,0.406072199344635,
31,785,0,0.04723554849624634,
31,786,0,0.4834449887275696,
31,787,0,0.25835472345352173,
31,788,0,0.8274340629577637,
31,789,0,0.30574899911880493,
31,790,0,0.776318371295929,
31,791,0,0.4756740927696228,
31,792,0,0.3526220917701721,
31,793,0,0.7981322407722473,
31,794,0,0.8345558643341064,
31,795,0,0.2899094223976135,
31,796,0,0.8303960561752319,
31,797,0,0.06367093324661255,
31,798,0,0.4633597731590271,
31,799,0,0.8263912200927734,
31,val,,,0.586263564825058
32,0,0,0.40189850330352783,
32,1,0,0.8159976601600647,
32,2,0,0.6816885471343994,
32,3,0,0.8398259282112122,
32,4,0,0.41067570447921753,
32,5,0,0.7678580284118652,
32,6,0,0.1707022786140442,
32,7,0,0.47480422258377075,
32,8,0,0.24388951063156128,
32,9,0,0.8195832371711731,
32,10,0,0.06491124629974365,
32,11,0,0.8397855758666992,
32,12,0,0.8352786898612976,
32,13,0,0.8250789046287537,
32,14,0,0.7527442574501038,
32,15,0,0.8243314027786255,
32,16,0,0.514366090297699,
32,17,0,0.40125179290771484,
32,18,0,0.810046911239624,
32,19,0,0.8119960427284241,
32,20,0,0.7427705526351929,
32,21,0,0.4788280129432678,
32,22,0,0.2756474018096924,
32,23,0,0.6867654323577881,
32,24,0,0.8223259449005127,
32,25,0,0.7282979488372803,
32,26,0,0.8407508730888367,
32,27,0,0.3881436586380005,
32,28,0,0.2821233868598938,
32,29,0,0.45840567350387573,
32,30,0,0.8314240574836731,
32,31,0,0.7942510843276978,
32,32,0,0.44859832525253296,
32,33,0,0.75113445520401,
32,34,0,0.815151572227478,
32,35,0,0.27160221338272095,
32,36,0,0.42442548274993896,
32,37,0,0.8257979154586792,
32,38,0,0.1960223913192749,
32,39,0,0.8396709561347961,
32,40,0,0.16530925035476685,
32,41,0,0.6220361590385437,
32,42,0,0.4630615711212158,
32,43,0,0.0425146222114563,
32,44,0,0.7453761100769043,
32,45,0,0.4693325161933899,
32,46,0,0.050841689109802246,
32,47,0,0.05051308870315552,
32,48,0,0.833896279335022,
32,49,0,0.3109648823738098,
32,50,0,0.8416604995727539,
32,51,0,0.3917502164840698,
32,52,0,0.42926889657974243,
32,53,0,0.05160093307495117,
32,54,0,0.8515279293060303,
32,55,0,0.4494193196296692,
32,56,0,0.7933059930801392,
32,57,0,0.49660927057266235,
32,58,0,0.8570044040679932,
32,59,0,0.3591952323913574,
32,60,0,0.42209750413894653,
32,61,0,0.5966315269470215,
32,62,0,0.8251338005065918,
32,63,0,0.26831185817718506,
32,64,0,0.25987178087234497,
32,65,0,0.7649424076080322,
32,66,0,0.7226196527481079,
32,67,0,0.43637925386428833,
32,68,0,0.8279593586921692,
32,69,0,0.45526647567749023,
32,70,0,0.5062254667282104,
32,71,0,0.6196441650390625,
32,72,0,0.6720649003982544,
32,73,0,0.8150447607040405,
32,74,0,0.8194258213043213,
32,75,0,0.636610746383667,
32,76,0,0.8149517178535461,
32,77,0,0.7350410223007202,
32,78,0,0.16443735361099243,
32,79,0,0.8185383677482605,
32,80,0,0.46687227487564087,
32,81,0,0.8121766448020935,
32,82,0,0.05103302001953125,
32,83,0,0.8171560764312744,
32,84,0,0.8302803635597229,
32,85,0,0.5083537101745605,
32,86,0,0.8264833688735962,
32,87,0,0.5733683109283447,
32,88,0,0.8192716240882874,
32,89,0,0.48652416467666626,
32,90,0,0.7471499443054199,
32,91,0,0.83118736743927,
32,92,0,0.8462173342704773,
32,93,0,0.8192275762557983,
32,94,0,0.4861410856246948,
32,95,0,0.8209254741668701,
32,96,0,0.27985626459121704,
32,97,0,0.8400232791900635,
32,98,0,0.6075032353401184,
32,99,0,0.8298323154449463,
32,100,0,0.7484866380691528,
32,101,0,0.6713970899581909,
32,102,0,0.826965868473053,
32,103,0,0.7852003574371338,
32,104,0,0.843290388584137,
32,105,0,0.3389202356338501,
32,106,0,0.8363631963729858,
32,107,0,0.8225630521774292,
32,108,0,0.6295585632324219,
32,109,0,0.8215245008468628,
32,110,0,0.8352168202400208,
32,111,0,0.8225259780883789,
32,112,0,0.8355059027671814,
32,113,0,0.4265163540840149,
32,114,0,0.2568816542625427,
32,115,0,0.8330488801002502,
32,116,0,0.8208671808242798,
32,117,0,0.3709692358970642,
32,118,0,0.8202589750289917,
32,119,0,0.3364890217781067,
32,120,0,0.8247957229614258,
32,121,0,0.8367105722427368,
32,122,0,0.730898380279541,
32,123,0,0.06727749109268188,
32,124,0,0.4172073006629944,
32,125,0,0.7573167085647583,
32,126,0,0.8360317945480347,
32,127,0,0.8229982256889343,
32,128,0,0.8200109601020813,
32,129,0,0.8381511569023132,
32,130,0,0.7233099937438965,
32,131,0,0.8251495361328125,
32,132,0,0.7873831391334534,
32,133,0,0.2443608045578003,
32,134,0,0.4286237955093384,
32,135,0,0.4869002103805542,
32,136,0,0.05721491575241089,
32,137,0,0.13539475202560425,
32,138,0,0.25829511880874634,
32,139,0,0.481203556060791,
32,140,0,0.8082143068313599,
32,141,0,0.776881754398346,
32,142,0,0.8284654021263123,
32,143,0,0.7744608521461487,
32,144,0,0.814203143119812,
32,145,0,0.22113138437271118,
32,146,0,0.693244993686676,
32,147,0,0.23864513635635376,
32,148,0,0.7747256755828857,
32,149,0,0.7898894548416138,
32,150,0,0.8038880228996277,
32,151,0,0.8264282941818237,
32,152,0,0.7344952821731567,
32,153,0,0.8239777088165283,
32,154,0,0.8285782337188721,
32,155,0,0.7133289575576782,
32,156,0,0.04886424541473389,
32,157,0,0.6289151906967163,
32,158,0,0.7749502658843994,
32,159,0,0.8068849444389343,
32,160,0,0.34824711084365845,
32,161,0,0.06119269132614136,
32,162,0,0.836179256439209,
32,163,0,0.27965492010116577,
32,164,0,0.38288313150405884,
32,165,0,0.7246167659759521,
32,166,0,0.25129538774490356,
32,167,0,0.8440948724746704,
32,168,0,0.8424157500267029,
32,169,0,0.14561766386032104,
32,170,0,0.7835614681243896,
32,171,0,0.7408847808837891,
32,172,0,0.7371189594268799,
32,173,0,0.6346780061721802,
32,174,0,0.7530401349067688,
32,175,0,0.4107045531272888,
32,176,0,0.7650303840637207,
32,177,0,0.3095494508743286,
32,178,0,0.8353594541549683,
32,179,0,0.33862757682800293,
32,180,0,0.79292893409729,
32,181,0,0.7990564107894897,
32,182,0,0.3266831040382385,
32,183,0,0.1777275800704956,
32,184,0,0.7879762649536133,
32,185,0,0.7444621324539185,
32,186,0,0.2995845675468445,
32,187,0,0.7415480017662048,
32,188,0,0.735424280166626,
32,189,0,0.26392728090286255,
32,190,0,0.06554752588272095,
32,191,0,0.4537252187728882,
32,192,0,0.7790911197662354,
32,193,0,0.740941047668457,
32,194,0,0.7406439185142517,
32,195,0,0.8587446212768555,
32,196,0,0.7513489723205566,
32,197,0,0.19175773859024048,
32,198,0,0.7976436614990234,
32,199,0,0.2518078684806824,
32,200,0,0.7511819005012512,
32,201,0,0.047895729541778564,
32,202,0,0.28753310441970825,
32,203,0,0.8359642028808594,
32,204,0,0.33413147926330566,
32,205,0,0.25778627395629883,
32,206,0,0.3380187153816223,
32,207,0,0.15273606777191162,
32,208,0,0.47765201330184937,
32,209,0,0.7865788340568542,
32,210,0,0.30120307207107544,
32,211,0,0.8219809532165527,
32,212,0,0.4879612326622009,
32,213,0,0.8122219443321228,
32,214,0,0.8350507616996765,
32,215,0,0.8368169069290161,
32,216,0,0.45402657985687256,
32,217,0,0.8319047093391418,
32,218,0,0.837307870388031,
32,219,0,0.726836621761322,
32,220,0,0.2541559338569641,
32,221,0,0.7446203231811523,
32,222,0,0.31780940294265747,
32,223,0,0.4844101667404175,
32,224,0,0.8148743510246277,
32,225,0,0.29328978061676025,
32,226,0,0.8194230794906616,
32,227,0,0.17136341333389282,
32,228,0,0.7112597227096558,
32,229,0,0.4234786629676819,
32,230,0,0.45655518770217896,
32,231,0,0.8173497915267944,
32,232,0,0.8510080575942993,
32,233,0,0.8453935384750366,
32,234,0,0.8260593414306641,
32,235,0,0.04494243860244751,
32,236,0,0.4408103823661804,
32,237,0,0.8323323726654053,
32,238,0,0.46869903802871704,
32,239,0,0.4091320037841797,
32,240,0,0.8205289244651794,
32,241,0,0.8220392465591431,
32,242,0,0.8228729367256165,
32,243,0,0.44032007455825806,
32,244,0,0.30739837884902954,
32,245,0,0.05098086595535278,
32,246,0,0.43123865127563477,
32,247,0,0.8361254930496216,
32,248,0,0.45516419410705566,
32,249,0,0.8136521577835083,
32,250,0,0.12267857789993286,
32,251,0,0.8516948819160461,
32,252,0,0.7698341608047485,
32,253,0,0.7562748789787292,
32,254,0,0.04074960947036743,
32,255,0,0.7480612397193909,
32,256,0,0.5566484332084656,
32,257,0,0.8457558155059814,
32,258,0,0.837482750415802,
32,259,0,0.8425000309944153,
32,260,0,0.5133370161056519,
32,261,0,0.7452995777130127,
32,262,0,0.8329592347145081,
32,263,0,0.7265832424163818,
32,264,0,0.287935733795166,
32,265,0,0.848861038684845,
32,266,0,0.8328147530555725,
32,267,0,0.8328585028648376,
32,268,0,0.3203848600387573,
32,269,0,0.45682626962661743,
32,270,0,0.5957732200622559,
32,271,0,0.8062235116958618,
32,272,0,0.38345867395401,
32,273,0,0.8450618982315063,
32,274,0,0.8225288987159729,
32,275,0,0.16330486536026,
32,276,0,0.8157166242599487,
32,277,0,0.06302899122238159,
32,278,0,0.5449270009994507,
32,279,0,0.7421762943267822,
32,280,0,0.7788646221160889,
32,281,0,0.7920083403587341,
32,282,0,0.7464889287948608,
32,283,0,0.7562965154647827,
32,284,0,0.849043071269989,
32,285,0,0.8379507064819336,
32,286,0,0.6494793891906738,
32,287,0,0.7280192375183105,
32,288,0,0.8138822317123413,
32,289,0,0.5251583456993103,
32,290,0,0.8253155946731567,
32,291,0,0.04695594310760498,
32,292,0,0.3869675397872925,
32,293,0,0.8452582359313965,
32,294,0,0.8334951996803284,
32,295,0,0.8316630125045776,
32,296,0,0.48090386390686035,
32,297,0,0.05130559206008911,
32,298,0,0.8534024953842163,
32,299,0,0.8111520409584045,
32,300,0,0.42597299814224243,
32,301,0,0.41248810291290283,
32,302,0,0.8425746560096741,
32,303,0,0.5978569984436035,
32,304,0,0.8436696529388428,
32,305,0,0.46856433153152466,
32,306,0,0.23287445306777954,
32,307,0,0.8317420482635498,
32,308,0,0.8395363688468933,
32,309,0,0.20116251707077026,
32,310,0,0.8179712295532227,
32,311,0,0.390217125415802,
32,312,0,0.8250207304954529,
32,313,0,0.8155912160873413,
32,314,0,0.4154183268547058,
32,315,0,0.7930659055709839,
32,316,0,0.8437662124633789,
32,317,0,0.6534762382507324,
32,318,0,0.37039822340011597,
32,319,0,0.3168424367904663,
32,320,0,0.7447521090507507,
32,321,0,0.8279175758361816,
32,322,0,0.8309631943702698,
32,323,0,0.2977498173713684,
32,324,0,0.8488431572914124,
32,325,0,0.7999377250671387,
32,326,0,0.8090749979019165,
32,327,0,0.7328448295593262,
32,328,0,0.7256524562835693,
32,329,0,0.7695642113685608,
32,330,0,0.3677382469177246,
32,331,0,0.3211212158203125,
32,332,0,0.8374046087265015,
32,333,0,0.24539297819137573,
32,334,0,0.8070397973060608,
32,335,0,0.368783175945282,
32,336,0,0.8284105658531189,
32,337,0,0.44298839569091797,
32,338,0,0.6321619153022766,
32,339,0,0.788593590259552,
32,340,0,0.839914083480835,
32,341,0,0.05887681245803833,
32,342,0,0.7400308847427368,
32,343,0,0.6138020753860474,
32,344,0,0.8192000985145569,
32,345,0,0.8274691700935364,
32,346,0,0.2335573434829712,
32,347,0,0.16956079006195068,
32,348,0,0.7498476505279541,
32,349,0,0.8230591416358948,
32,350,0,0.7970877289772034,
32,351,0,0.7729552984237671,
32,352,0,0.8200443387031555,
32,353,0,0.8247013092041016,
32,354,0,0.6486610174179077,
32,355,0,0.1620200276374817,
32,356,0,0.8371503949165344,
32,357,0,0.7291818857192993,
32,358,0,0.2065901756286621,
32,359,0,0.7807894349098206,
32,360,0,0.8340688943862915,
32,361,0,0.8443964719772339,
32,362,0,0.24935847520828247,
32,363,0,0.3116782307624817,
32,364,0,0.7510334253311157,
32,365,0,0.8419266939163208,
32,366,0,0.8245774507522583,
32,367,0,0.8348372578620911,
32,368,0,0.8256816864013672,
32,369,0,0.8167873024940491,
32,370,0,0.6187492609024048,
32,371,0,0.723301112651825,
32,372,0,0.832349419593811,
32,373,0,0.8366814255714417,
32,374,0,0.4279342293739319,
32,375,0,0.7413733005523682,
32,376,0,0.7673964500427246,
32,377,0,0.33475977182388306,
32,378,0,0.40313535928726196,
32,379,0,0.844793438911438,
32,380,0,0.3471227288246155,
32,381,0,0.3206806778907776,
32,382,0,0.3224635720252991,
32,383,0,0.8406814336776733,
32,384,0,0.33794718980789185,
32,385,0,0.3305392861366272,
32,386,0,0.23635709285736084,
32,387,0,0.44057971239089966,
32,388,0,0.05840110778808594,
32,389,0,0.7818843722343445,
32,390,0,0.7566624283790588,
32,391,0,0.7053195834159851,
32,392,0,0.6716897487640381,
32,393,0,0.3064756989479065,
32,394,0,0.47747260332107544,
32,395,0,0.8108723759651184,
32,396,0,0.15835148096084595,
32,397,0,0.18330544233322144,
32,398,0,0.8029914498329163,
32,399,0,0.30327826738357544,
32,400,0,0.7079302072525024,
32,401,0,0.7588804364204407,
32,402,0,0.8300918340682983,
32,403,0,0.800357460975647,
32,404,0,0.32663917541503906,
32,405,0,0.06563031673431396,
32,406,0,0.759065568447113,
32,407,0,0.8410901427268982,
32,408,0,0.8058744668960571,
32,409,0,0.7105895280838013,
32,410,0,0.8336628675460815,
32,411,0,0.3060607314109802,
32,412,0,0.792763888835907,
32,413,0,0.06811386346817017,
32,414,0,0.7814211249351501,
32,415,0,0.6461423635482788,
32,416,0,0.831635057926178,
32,417,0,0.055387794971466064,
32,418,0,0.49919217824935913,
32,419,0,0.4747469425201416,
32,420,0,0.2570141553878784,
32,421,0,0.2574455142021179,
32,422,0,0.8239439725875854,
32,423,0,0.8374559879302979,
32,424,0,0.8252418637275696,
32,425,0,0.8124417662620544,
32,426,0,0.8139721155166626,
32,427,0,0.8130086660385132,
32,428,0,0.460044264793396,
32,429,0,0.812370240688324,
32,430,0,0.2603296637535095,
32,431,0,0.7888870239257812,
32,432,0,0.7505600452423096,
32,433,0,0.8237764835357666,
32,434,0,0.8300367593765259,
32,435,0,0.8231775760650635,
32,436,0,0.6056092977523804,
32,437,0,0.0522037148475647,
32,438,0,0.7150514125823975,
32,439,0,0.2209426760673523,
32,440,0,0.8512682914733887,
32,441,0,0.7826328277587891,
32,442,0,0.8234906196594238,
32,443,0,0.8197729587554932,
32,444,0,0.7549681663513184,
32,445,0,0.8303034901618958,
32,446,0,0.7432593703269958,
32,447,0,0.3127724528312683,
32,448,0,0.05337369441986084,
32,449,0,0.7987741231918335,
32,450,0,0.7756055593490601,
32,451,0,0.25875216722488403,
32,452,0,0.8237602710723877,
32,453,0,0.28948432207107544,
32,454,0,0.4206976890563965,
32,455,0,0.5791727304458618,
32,456,0,0.725462794303894,
32,457,0,0.6614505052566528,
32,458,0,0.5164296627044678,
32,459,0,0.8168593049049377,
32,460,0,0.8195104598999023,
32,461,0,0.4662337899208069,
32,462,0,0.8063229918479919,
32,463,0,0.16056758165359497,
32,464,0,0.6057658195495605,
32,465,0,0.7443842887878418,
32,466,0,0.04506528377532959,
32,467,0,0.8141595721244812,
32,468,0,0.6380144357681274,
32,469,0,0.7907556295394897,
32,470,0,0.34437453746795654,
32,471,0,0.052485525608062744,
32,472,0,0.8390817642211914,
32,473,0,0.836651623249054,
32,474,0,0.05632120370864868,
32,475,0,0.8286396861076355,
32,476,0,0.4617260694503784,
32,477,0,0.834620475769043,
32,478,0,0.5197202563285828,
32,479,0,0.4817468523979187,
32,480,0,0.6678882837295532,
32,481,0,0.17309540510177612,
32,482,0,0.8028013706207275,
32,483,0,0.8338260054588318,
32,484,0,0.8393090963363647,
32,485,0,0.4342688322067261,
32,486,0,0.7173460721969604,
32,487,0,0.3336413502693176,
32,488,0,0.7158570289611816,
32,489,0,0.833227276802063,
32,490,0,0.7639150023460388,
32,491,0,0.8241721391677856,
32,492,0,0.6425403356552124,
32,493,0,0.7394022941589355,
32,494,0,0.061679184436798096,
32,495,0,0.3593982458114624,
32,496,0,0.28007036447525024,
32,497,0,0.7776545286178589,
32,498,0,0.4480438232421875,
32,499,0,0.8419787287712097,
32,500,0,0.8060948252677917,
32,501,0,0.7693148851394653,
32,502,0,0.8368600010871887,
32,503,0,0.20880001783370972,
32,504,0,0.7511035799980164,
32,505,0,0.4678437113761902,
32,506,0,0.7682865262031555,
32,507,0,0.2768594026565552,
32,508,0,0.842825710773468,
32,509,0,0.8435888290405273,
32,510,0,0.8266071677207947,
32,511,0,0.7665296792984009,
32,512,0,0.24841660261154175,
32,513,0,0.7257921099662781,
32,514,0,0.807518482208252,
32,515,0,0.8093712329864502,
32,516,0,0.7405740022659302,
32,517,0,0.39982324838638306,
32,518,0,0.2334643006324768,
32,519,0,0.2951938509941101,
32,520,0,0.8231018781661987,
32,521,0,0.8340050578117371,
32,522,0,0.36182522773742676,
32,523,0,0.8574438691139221,
32,524,0,0.7340255975723267,
32,525,0,0.051383793354034424,
32,526,0,0.3239712715148926,
32,527,0,0.8372093439102173,
32,528,0,0.052520155906677246,
32,529,0,0.8195977807044983,
32,530,0,0.794704794883728,
32,531,0,0.848238468170166,
32,532,0,0.8010762929916382,
32,533,0,0.832431435585022,
32,534,0,0.38079535961151123,
32,535,0,0.8274571299552917,
32,536,0,0.7918814420700073,
32,537,0,0.2787702679634094,
32,538,0,0.8275823593139648,
32,539,0,0.8030954599380493,
32,540,0,0.788273811340332,
32,541,0,0.42976808547973633,
32,542,0,0.33449238538742065,
32,543,0,0.8438541889190674,
32,544,0,0.06150561571121216,
32,545,0,0.3993585705757141,
32,546,0,0.45152193307876587,
32,547,0,0.06266200542449951,
32,548,0,0.780579686164856,
32,549,0,0.3142088055610657,
32,550,0,0.8359391093254089,
32,551,0,0.8428107500076294,
32,552,0,0.7272862792015076,
32,553,0,0.4385637044906616,
32,554,0,0.6514903903007507,
32,555,0,0.2584403157234192,
32,556,0,0.7752830982208252,
32,557,0,0.8247280716896057,
32,558,0,0.3929321765899658,
32,559,0,0.6491231918334961,
32,560,0,0.7864272594451904,
32,561,0,0.8312965631484985,
32,562,0,0.1706591248512268,
32,563,0,0.8279280662536621,
32,564,0,0.4752327799797058,
32,565,0,0.3440728187561035,
32,566,0,0.3713124394416809,
32,567,0,0.8239700198173523,
32,568,0,0.21376878023147583,
32,569,0,0.8163695931434631,
32,570,0,0.6283131837844849,
32,571,0,0.6060605049133301,
32,572,0,0.3180217146873474,
32,573,0,0.8581620454788208,
32,574,0,0.32235974073410034,
32,575,0,0.289598286151886,
32,576,0,0.7840286493301392,
32,577,0,0.29420167207717896,
32,578,0,0.31330764293670654,
32,579,0,0.7824369668960571,
32,580,0,0.2889958620071411,
32,581,0,0.4063931703567505,
32,582,0,0.8229047060012817,
32,583,0,0.7662256956100464,
32,584,0,0.4402879476547241,
32,585,0,0.8099600076675415,
32,586,0,0.830502986907959,
32,587,0,0.5898966789245605,
32,588,0,0.23357325792312622,
32,589,0,0.7130122184753418,
32,590,0,0.8227150440216064,
32,591,0,0.2587631344795227,
32,592,0,0.8175677061080933,
32,593,0,0.8272606730461121,
32,594,0,0.8184522390365601,
32,595,0,0.7345399856567383,
32,596,0,0.434201717376709,
32,597,0,0.16714704036712646,
32,598,0,0.3065505623817444,
32,599,0,0.34252244234085083,
32,600,0,0.7623516917228699,
32,601,0,0.42055636644363403,
32,602,0,0.19026201963424683,
32,603,0,0.31007272005081177,
32,604,0,0.7460324168205261,
32,605,0,0.7853367924690247,
32,606,0,0.30357587337493896,
32,607,0,0.7517563104629517,
32,608,0,0.7056139707565308,
32,609,0,0.8424346446990967,
32,610,0,0.8372694253921509,
32,611,0,0.8393269777297974,
32,612,0,0.656955361366272,
32,613,0,0.7707117795944214,
32,614,0,0.8369836807250977,
32,615,0,0.39129501581192017,
32,616,0,0.8385249376296997,
32,617,0,0.29818010330200195,
32,618,0,0.1703958511352539,
32,619,0,0.41277992725372314,
32,620,0,0.8433926701545715,
32,621,0,0.4231911897659302,
32,622,0,0.7830057144165039,
32,623,0,0.4288325309753418,
32,624,0,0.3241245150566101,
32,625,0,0.8515419363975525,
32,626,0,0.8201078176498413,
32,627,0,0.8162441253662109,
32,628,0,0.8593777418136597,
32,629,0,0.47870272397994995,
32,630,0,0.06340819597244263,
32,631,0,0.17946940660476685,
32,632,0,0.8137378692626953,
32,633,0,0.7270159721374512,
32,634,0,0.8381725549697876,
32,635,0,0.4806349277496338,
32,636,0,0.8112598657608032,
32,637,0,0.7104449272155762,
32,638,0,0.8322767615318298,
32,639,0,0.7586548328399658,
32,640,0,0.15425938367843628,
32,641,0,0.7604899406433105,
32,642,0,0.7717081308364868,
32,643,0,0.4258188009262085,
32,644,0,0.41334855556488037,
32,645,0,0.8104693293571472,
32,646,0,0.841539204120636,
32,647,0,0.7688825726509094,
32,648,0,0.8266314268112183,
32,649,0,0.047366201877593994,
32,650,0,0.7652777433395386,
32,651,0,0.4389420747756958,
32,652,0,0.7125365734100342,
32,653,0,0.5785344839096069,
32,654,0,0.7612465023994446,
32,655,0,0.2441437840461731,
32,656,0,0.2500130534172058,
32,657,0,0.3808358907699585,
32,658,0,0.7422001361846924,
32,659,0,0.05179101228713989,
32,660,0,0.8479743003845215,
32,661,0,0.7574083209037781,
32,662,0,0.8264512419700623,
32,663,0,0.7327128648757935,
32,664,0,0.8397778868675232,
32,665,0,0.4311060905456543,
32,666,0,0.05632573366165161,
32,667,0,0.8132921457290649,
32,668,0,0.30020540952682495,
32,669,0,0.46441054344177246,
32,670,0,0.3814138174057007,
32,671,0,0.7608835101127625,
32,672,0,0.1779923439025879,
32,673,0,0.27593713998794556,
32,674,0,0.4116409420967102,
32,675,0,0.7632694244384766,
32,676,0,0.16388893127441406,
32,677,0,0.6039272546768188,
32,678,0,0.8341334462165833,
32,679,0,0.8062105178833008,
32,680,0,0.059559166431427,
32,681,0,0.8365565538406372,
32,682,0,0.3347879648208618,
32,683,0,0.35580623149871826,
32,684,0,0.8201772570610046,
32,685,0,0.8128033876419067,
32,686,0,0.805448055267334,
32,687,0,0.6199665665626526,
32,688,0,0.2891858220100403,
32,689,0,0.7548028230667114,
32,690,0,0.8381050825119019,
32,691,0,0.16563278436660767,
32,692,0,0.36555343866348267,
32,693,0,0.7112091183662415,
32,694,0,0.7629414796829224,
32,695,0,0.7653650045394897,
32,696,0,0.19408035278320312,
32,697,0,0.7533845901489258,
32,698,0,0.8435231447219849,
32,699,0,0.4527032971382141,
32,700,0,0.2625117897987366,
32,701,0,0.8334968686103821,
32,702,0,0.7885098457336426,
32,703,0,0.8252917528152466,
32,704,0,0.1563674807548523,
32,705,0,0.05523473024368286,
32,706,0,0.8445145487785339,
32,707,0,0.809301495552063,
32,708,0,0.8347508311271667,
32,709,0,0.7537525296211243,
32,710,0,0.41162383556365967,
32,711,0,0.3528919816017151,
32,712,0,0.29861241579055786,
32,713,0,0.4240316152572632,
32,714,0,0.8426705002784729,
32,715,0,0.44744378328323364,
32,716,0,0.771608293056488,
32,717,0,0.6491159200668335,
32,718,0,0.8243922591209412,
32,719,0,0.8242016434669495,
32,720,0,0.7922215461730957,
32,721,0,0.7794343829154968,
32,722,0,0.7855579853057861,
32,723,0,0.17141491174697876,
32,724,0,0.7173252105712891,
32,725,0,0.20628106594085693,
32,726,0,0.8265523910522461,
32,727,0,0.8104488253593445,
32,728,0,0.20020610094070435,
32,729,0,0.44949406385421753,
32,730,0,0.37869328260421753,
32,731,0,0.8310748934745789,
32,732,0,0.8139026761054993,
32,733,0,0.4101460576057434,
32,734,0,0.8251155018806458,
32,735,0,0.32503509521484375,
32,736,0,0.7571666836738586,
32,737,0,0.817233145236969,
32,738,0,0.8179961442947388,
32,739,0,0.6211239695549011,
32,740,0,0.30776482820510864,
32,741,0,0.6943104267120361,
32,742,0,0.8313091397285461,
32,743,0,0.8511722683906555,
32,744,0,0.8155545592308044,
32,745,0,0.2857179045677185,
32,746,0,0.7416089773178101,
32,747,0,0.8438290357589722,
32,748,0,0.7303062677383423,
32,749,0,0.8296323418617249,
32,750,0,0.8299891948699951,
32,751,0,0.8264077305793762,
32,752,0,0.7733535170555115,
32,753,0,0.4752330183982849,
32,754,0,0.7368304133415222,
32,755,0,0.8430824279785156,
32,756,0,0.829405665397644,
32,757,0,0.8422849178314209,
32,758,0,0.7052547335624695,
32,759,0,0.05571174621582031,
32,760,0,0.44895797967910767,
32,761,0,0.7459009885787964,
32,762,0,0.7777242064476013,
32,763,0,0.34057217836380005,
32,764,0,0.3200398087501526,
32,765,0,0.8069274425506592,
32,766,0,0.17455244064331055,
32,767,0,0.7508877515792847,
32,768,0,0.8284315466880798,
32,769,0,0.20431023836135864,
32,770,0,0.7956500053405762,
32,771,0,0.7211941480636597,
32,772,0,0.8014697432518005,
32,773,0,0.20794260501861572,
32,774,0,0.8411011695861816,
32,775,0,0.800739049911499,
32,776,0,0.2638542056083679,
32,777,0,0.825493335723877,
32,778,0,0.4360164403915405,
32,779,0,0.839589536190033,
32,780,0,0.7592313289642334,
32,781,0,0.8326735496520996,
32,782,0,0.41087979078292847,
32,783,0,0.8080333471298218,
32,784,0,0.4052700996398926,
32,785,0,0.04724043607711792,
32,786,0,0.4830625653266907,
32,787,0,0.2591271996498108,
32,788,0,0.8304540514945984,
32,789,0,0.3069875240325928,
32,790,0,0.7803075313568115,
32,791,0,0.4765508770942688,
32,792,0,0.3551793694496155,
32,793,0,0.7991259694099426,
32,794,0,0.8332767486572266,
32,795,0,0.2898004651069641,
32,796,0,0.8276224136352539,
32,797,0,0.061848342418670654,
32,798,0,0.46992027759552,
32,799,0,0.8305040001869202,
32,val,,,0.587125256061554
33,0,0,0.40070855617523193,
33,1,0,0.816567599773407,
33,2,0,0.6835885643959045,
33,3,0,0.8370678424835205,
33,4,0,0.410849392414093,
33,5,0,0.7671533823013306,
33,6,0,0.17093521356582642,
33,7,0,0.47596555948257446,
33,8,0,0.25125443935394287,
33,9,0,0.8158657550811768,
33,10,0,0.06692558526992798,
33,11,0,0.8321475386619568,
33,12,0,0.8372457027435303,
33,13,0,0.8252542614936829,
33,14,0,0.7537053823471069,
33,15,0,0.8173737525939941,
33,16,0,0.5149005651473999,
33,17,0,0.3971419930458069,
33,18,0,0.808566153049469,
33,19,0,0.8157268762588501,
33,20,0,0.7421888113021851,
33,21,0,0.47958678007125854,
33,22,0,0.27824866771698,
33,23,0,0.6870317459106445,
33,24,0,0.8257297873497009,
33,25,0,0.7311996817588806,
33,26,0,0.8407438397407532,
33,27,0,0.38824111223220825,
33,28,0,0.2832221984863281,
33,29,0,0.4584429860115051,
33,30,0,0.8302943706512451,
33,31,0,0.8002846240997314,
33,32,0,0.4535379409790039,
33,33,0,0.7488493919372559,
33,34,0,0.805669903755188,
33,35,0,0.2742224931716919,
33,36,0,0.42627865076065063,
33,37,0,0.8256967067718506,
33,38,0,0.1961084008216858,
33,39,0,0.8414812088012695,
33,40,0,0.16500729322433472,
33,41,0,0.6213034391403198,
33,42,0,0.46477192640304565,
33,43,0,0.045782625675201416,
33,44,0,0.7430259585380554,
33,45,0,0.4632592797279358,
33,46,0,0.0509648323059082,
33,47,0,0.05001610517501831,
33,48,0,0.8346622586250305,
33,49,0,0.3117520809173584,
33,50,0,0.8434591293334961,
33,51,0,0.3781060576438904,
33,52,0,0.4313027858734131,
33,53,0,0.05060344934463501,
33,54,0,0.8521906137466431,
33,55,0,0.4495643377304077,
33,56,0,0.7933958172798157,
33,57,0,0.49400079250335693,
33,58,0,0.8600130677223206,
33,59,0,0.35856664180755615,
33,60,0,0.4232831597328186,
33,61,0,0.596770703792572,
33,62,0,0.8287351131439209,
33,63,0,0.26762568950653076,
33,64,0,0.25994735956192017,
33,65,0,0.7684503793716431,
33,66,0,0.7283467054367065,
33,67,0,0.43690574169158936,
33,68,0,0.8261972665786743,
33,69,0,0.4523754119873047,
33,70,0,0.5115659236907959,
33,71,0,0.6176170110702515,
33,72,0,0.6702749133110046,
33,73,0,0.816092312335968,
33,74,0,0.8215972781181335,
33,75,0,0.6489088535308838,
33,76,0,0.8135584592819214,
33,77,0,0.730122447013855,
33,78,0,0.16470420360565186,
33,79,0,0.8510732650756836,
33,80,0,0.46616512537002563,
33,81,0,0.8139713406562805,
33,82,0,0.0519137978553772,
33,83,0,0.8241549134254456,
33,84,0,0.8330763578414917,
33,85,0,0.5092703700065613,
33,86,0,0.8383749723434448,
33,87,0,0.5710448026657104,
33,88,0,0.8165461421012878,
33,89,0,0.48772794008255005,
33,90,0,0.739316999912262,
33,91,0,0.8211721777915955,
33,92,0,0.8485888242721558,
33,93,0,0.8192040324211121,
33,94,0,0.48424363136291504,
33,95,0,0.8235127925872803,
33,96,0,0.2793528437614441,
33,97,0,0.8389947414398193,
33,98,0,0.6067303419113159,
33,99,0,0.8395810127258301,
33,100,0,0.7484238743782043,
33,101,0,0.6674913167953491,
33,102,0,0.817615807056427,
33,103,0,0.7932006120681763,
33,104,0,0.8362923860549927,
33,105,0,0.3385550379753113,
33,106,0,0.8385280966758728,
33,107,0,0.8195540904998779,
33,108,0,0.629787802696228,
33,109,0,0.8197588920593262,
33,110,0,0.8345347046852112,
33,111,0,0.8202698826789856,
33,112,0,0.8385403156280518,
33,113,0,0.42590010166168213,
33,114,0,0.25840145349502563,
33,115,0,0.829036295413971,
33,116,0,0.82342529296875,
33,117,0,0.3726566433906555,
33,118,0,0.821007251739502,
33,119,0,0.33592307567596436,
33,120,0,0.8270299434661865,
33,121,0,0.8419889211654663,
33,122,0,0.731220006942749,
33,123,0,0.06785410642623901,
33,124,0,0.4170530438423157,
33,125,0,0.7699607610702515,
33,126,0,0.8411993980407715,
33,127,0,0.822269856929779,
33,128,0,0.8275487422943115,
33,129,0,0.8394641876220703,
33,130,0,0.7260342836380005,
33,131,0,0.8413197994232178,
33,132,0,0.7843383550643921,
33,133,0,0.24376678466796875,
33,134,0,0.42636144161224365,
33,135,0,0.4860237240791321,
33,136,0,0.059919893741607666,
33,137,0,0.13426131010055542,
33,138,0,0.25728029012680054,
33,139,0,0.4812081456184387,
33,140,0,0.8196940422058105,
33,141,0,0.77255779504776,
33,142,0,0.8297082185745239,
33,143,0,0.7808221578598022,
33,144,0,0.8162760138511658,
33,145,0,0.2185208797454834,
33,146,0,0.6898248195648193,
33,147,0,0.23939263820648193,
33,148,0,0.7794876098632812,
33,149,0,0.7891789674758911,
33,150,0,0.8047491312026978,
33,151,0,0.8361266851425171,
33,152,0,0.7346086502075195,
33,153,0,0.8222015500068665,
33,154,0,0.8280161619186401,
33,155,0,0.7147046327590942,
33,156,0,0.04982185363769531,
33,157,0,0.6245216131210327,
33,158,0,0.7740702629089355,
33,159,0,0.805808424949646,
33,160,0,0.3504496216773987,
33,161,0,0.06333500146865845,
33,162,0,0.8368293046951294,
33,163,0,0.2805176377296448,
33,164,0,0.3848274350166321,
33,165,0,0.725576639175415,
33,166,0,0.2512168884277344,
33,167,0,0.84913170337677,
33,168,0,0.8413650989532471,
33,169,0,0.1455509066581726,
33,170,0,0.7676584124565125,
33,171,0,0.7448804378509521,
33,172,0,0.7379957437515259,
33,173,0,0.6343134641647339,
33,174,0,0.7526155114173889,
33,175,0,0.4112754464149475,
33,176,0,0.7634608149528503,
33,177,0,0.31170207262039185,
33,178,0,0.8353025913238525,
33,179,0,0.33482009172439575,
33,180,0,0.8054630160331726,
33,181,0,0.7989755868911743,
33,182,0,0.32916945219039917,
33,183,0,0.17578810453414917,
33,184,0,0.784997820854187,
33,185,0,0.7435077428817749,
33,186,0,0.2890530228614807,
33,187,0,0.7363897562026978,
33,188,0,0.7450181245803833,
33,189,0,0.26720553636550903,
33,190,0,0.06764966249465942,
33,191,0,0.4525091052055359,
33,192,0,0.7491276264190674,
33,193,0,0.7393449544906616,
33,194,0,0.7371848821640015,
33,195,0,0.8591946959495544,
33,196,0,0.7502971887588501,
33,197,0,0.1918361783027649,
33,198,0,0.7960307598114014,
33,199,0,0.25058209896087646,
33,200,0,0.7525574564933777,
33,201,0,0.04882240295410156,
33,202,0,0.2859611511230469,
33,203,0,0.8374381065368652,
33,204,0,0.333376407623291,
33,205,0,0.24416577816009521,
33,206,0,0.3372569680213928,
33,207,0,0.15303707122802734,
33,208,0,0.47651439905166626,
33,209,0,0.792346179485321,
33,210,0,0.3023495078086853,
33,211,0,0.8240795731544495,
33,212,0,0.48519331216812134,
33,213,0,0.814184844493866,
33,214,0,0.8408077955245972,
33,215,0,0.8366979360580444,
33,216,0,0.45441073179244995,
33,217,0,0.8319559097290039,
33,218,0,0.8505028486251831,
33,219,0,0.7332953214645386,
33,220,0,0.2551622986793518,
33,221,0,0.744826078414917,
33,222,0,0.3168267607688904,
33,223,0,0.4846814274787903,
33,224,0,0.8284022212028503,
33,225,0,0.294320285320282,
33,226,0,0.819455623626709,
33,227,0,0.17208749055862427,
33,228,0,0.7029534578323364,
33,229,0,0.4236512780189514,
33,230,0,0.45516592264175415,
33,231,0,0.8284794092178345,
33,232,0,0.8542724847793579,
33,233,0,0.8424650430679321,
33,234,0,0.8271625638008118,
33,235,0,0.051006019115448,
33,236,0,0.4387691617012024,
33,237,0,0.8334476947784424,
33,238,0,0.4688591957092285,
33,239,0,0.40834200382232666,
33,240,0,0.8174381852149963,
33,241,0,0.8210694789886475,
33,242,0,0.8240594863891602,
33,243,0,0.4399179220199585,
33,244,0,0.30752211809158325,
33,245,0,0.05096721649169922,
33,246,0,0.43386775255203247,
33,247,0,0.8355172872543335,
33,248,0,0.4510244131088257,
33,249,0,0.8161118030548096,
33,250,0,0.12247884273529053,
33,251,0,0.8454369306564331,
33,252,0,0.7835596799850464,
33,253,0,0.7608347535133362,
33,254,0,0.03972053527832031,
33,255,0,0.751065731048584,
33,256,0,0.5569123029708862,
33,257,0,0.8534246683120728,
33,258,0,0.8286234140396118,
33,259,0,0.8493966460227966,
33,260,0,0.5136548280715942,
33,261,0,0.7452254295349121,
33,262,0,0.8315127491950989,
33,263,0,0.7277039289474487,
33,264,0,0.2891919016838074,
33,265,0,0.8366879224777222,
33,266,0,0.8268941640853882,
33,267,0,0.8342711329460144,
33,268,0,0.31960636377334595,
33,269,0,0.4566414952278137,
33,270,0,0.5969077348709106,
33,271,0,0.8128983974456787,
33,272,0,0.3812631368637085,
33,273,0,0.8403408527374268,
33,274,0,0.804270327091217,
33,275,0,0.16121989488601685,
33,276,0,0.8159503936767578,
33,277,0,0.06291866302490234,
33,278,0,0.5346857905387878,
33,279,0,0.7394620180130005,
33,280,0,0.7657794952392578,
33,281,0,0.7919247150421143,
33,282,0,0.7434178590774536,
33,283,0,0.7546213865280151,
33,284,0,0.8225865960121155,
33,285,0,0.83253014087677,
33,286,0,0.6567543745040894,
33,287,0,0.7263085842132568,
33,288,0,0.8219153881072998,
33,289,0,0.5196360349655151,
33,290,0,0.8296748995780945,
33,291,0,0.04636526107788086,
33,292,0,0.38438349962234497,
33,293,0,0.8428984880447388,
33,294,0,0.8366195559501648,
33,295,0,0.8276159763336182,
33,296,0,0.4819822311401367,
33,297,0,0.053150475025177,
33,298,0,0.8527430295944214,
33,299,0,0.8102207183837891,
33,300,0,0.42628008127212524,
33,301,0,0.4106038212776184,
33,302,0,0.8414369821548462,
33,303,0,0.5951098203659058,
33,304,0,0.8426122665405273,
33,305,0,0.4685526490211487,
33,306,0,0.2347591519355774,
33,307,0,0.8322998285293579,
33,308,0,0.8420427441596985,
33,309,0,0.1957138180732727,
33,310,0,0.8166230916976929,
33,311,0,0.38936948776245117,
33,312,0,0.8203153610229492,
33,313,0,0.8183050155639648,
33,314,0,0.42152804136276245,
33,315,0,0.7945172190666199,
33,316,0,0.8422932028770447,
33,317,0,0.6646981239318848,
33,318,0,0.37127166986465454,
33,319,0,0.31981515884399414,
33,320,0,0.7439889907836914,
33,321,0,0.8352188467979431,
33,322,0,0.8337106704711914,
33,323,0,0.29620641469955444,
33,324,0,0.8467567563056946,
33,325,0,0.790499210357666,
33,326,0,0.8076756596565247,
33,327,0,0.7327741384506226,
33,328,0,0.7254067659378052,
33,329,0,0.76889967918396,
33,330,0,0.3698490262031555,
33,331,0,0.3194933533668518,
33,332,0,0.8260824680328369,
33,333,0,0.2462853193283081,
33,334,0,0.8053028583526611,
33,335,0,0.36557114124298096,
33,336,0,0.8295273184776306,
33,337,0,0.44386231899261475,
33,338,0,0.6281834840774536,
33,339,0,0.7923094630241394,
33,340,0,0.8414313793182373,
33,341,0,0.05996513366699219,
33,342,0,0.7397691011428833,
33,343,0,0.6136223077774048,
33,344,0,0.8177902698516846,
33,345,0,0.8278859853744507,
33,346,0,0.23427432775497437,
33,347,0,0.18629413843154907,
33,348,0,0.7516298294067383,
33,349,0,0.8227380514144897,
33,350,0,0.7873654365539551,
33,351,0,0.7729591727256775,
33,352,0,0.8195269107818604,
33,353,0,0.820317804813385,
33,354,0,0.6422111988067627,
33,355,0,0.16221624612808228,
33,356,0,0.8476021885871887,
33,357,0,0.7509467601776123,
33,358,0,0.20646649599075317,
33,359,0,0.7810743451118469,
33,360,0,0.8368149399757385,
33,361,0,0.8457919359207153,
33,362,0,0.24926519393920898,
33,363,0,0.31132030487060547,
33,364,0,0.7504696249961853,
33,365,0,0.8448227643966675,
33,366,0,0.8263813853263855,
33,367,0,0.8350520133972168,
33,368,0,0.8307479023933411,
33,369,0,0.8116679191589355,
33,370,0,0.615298867225647,
33,371,0,0.7086272239685059,
33,372,0,0.8272085189819336,
33,373,0,0.8320750594139099,
33,374,0,0.4212362766265869,
33,375,0,0.7545678615570068,
33,376,0,0.7566274404525757,
33,377,0,0.3368178606033325,
33,378,0,0.40188807249069214,
33,379,0,0.8339501619338989,
33,380,0,0.34692811965942383,
33,381,0,0.32060277462005615,
33,382,0,0.3189840316772461,
33,383,0,0.8489702939987183,
33,384,0,0.3344777822494507,
33,385,0,0.33055466413497925,
33,386,0,0.2367599606513977,
33,387,0,0.4402490258216858,
33,388,0,0.056974947452545166,
33,389,0,0.7825912237167358,
33,390,0,0.7567089200019836,
33,391,0,0.7024896144866943,
33,392,0,0.6736393570899963,
33,393,0,0.31104886531829834,
33,394,0,0.4783058762550354,
33,395,0,0.8088219165802002,
33,396,0,0.15696030855178833,
33,397,0,0.18420487642288208,
33,398,0,0.8000797033309937,
33,399,0,0.30170804262161255,
33,400,0,0.7131073474884033,
33,401,0,0.7509947419166565,
33,402,0,0.8314919471740723,
33,403,0,0.7983763813972473,
33,404,0,0.3214344382286072,
33,405,0,0.06594783067703247,
33,406,0,0.7642294764518738,
33,407,0,0.8373953104019165,
33,408,0,0.803688108921051,
33,409,0,0.7077493667602539,
33,410,0,0.8373979330062866,
33,411,0,0.30675989389419556,
33,412,0,0.7933966517448425,
33,413,0,0.06797343492507935,
33,414,0,0.7801255583763123,
33,415,0,0.635906457901001,
33,416,0,0.8475850820541382,
33,417,0,0.06122243404388428,
33,418,0,0.49738234281539917,
33,419,0,0.47267454862594604,
33,420,0,0.2579140067100525,
33,421,0,0.2572697401046753,
33,422,0,0.8230093717575073,
33,423,0,0.8380781412124634,
33,424,0,0.8273496031761169,
33,425,0,0.8169565200805664,
33,426,0,0.8136531710624695,
33,427,0,0.8108569383621216,
33,428,0,0.4570460915565491,
33,429,0,0.8137519359588623,
33,430,0,0.2593393921852112,
33,431,0,0.7903960943222046,
33,432,0,0.7471709251403809,
33,433,0,0.8297785520553589,
33,434,0,0.8334656953811646,
33,435,0,0.8169785737991333,
33,436,0,0.6039372682571411,
33,437,0,0.055480003356933594,
33,438,0,0.7141501307487488,
33,439,0,0.22228676080703735,
33,440,0,0.8471148014068604,
33,441,0,0.7825584411621094,
33,442,0,0.8252575397491455,
33,443,0,0.8147897720336914,
33,444,0,0.756026566028595,
33,445,0,0.8256543278694153,
33,446,0,0.7547887563705444,
33,447,0,0.31056082248687744,
33,448,0,0.052203357219696045,
33,449,0,0.7983901500701904,
33,450,0,0.7844178676605225,
33,451,0,0.2568379044532776,
33,452,0,0.8282185792922974,
33,453,0,0.2899290919303894,
33,454,0,0.42018091678619385,
33,455,0,0.570521354675293,
33,456,0,0.7265416383743286,
33,457,0,0.6635267734527588,
33,458,0,0.5183180570602417,
33,459,0,0.8337942361831665,
33,460,0,0.8183151483535767,
33,461,0,0.465071439743042,
33,462,0,0.8063311576843262,
33,463,0,0.15101248025894165,
33,464,0,0.6065073013305664,
33,465,0,0.7437942028045654,
33,466,0,0.04545837640762329,
33,467,0,0.8134600520133972,
33,468,0,0.6345676183700562,
33,469,0,0.7904694080352783,
33,470,0,0.34409230947494507,
33,471,0,0.05327969789505005,
33,472,0,0.8398955464363098,
33,473,0,0.8350391387939453,
33,474,0,0.058381080627441406,
33,475,0,0.827601432800293,
33,476,0,0.46191054582595825,
33,477,0,0.8350809812545776,
33,478,0,0.5218335390090942,
33,479,0,0.4827597141265869,
33,480,0,0.6655222177505493,
33,481,0,0.17234838008880615,
33,482,0,0.8089354038238525,
33,483,0,0.8346519470214844,
33,484,0,0.8349681496620178,
33,485,0,0.4461570382118225,
33,486,0,0.7221338152885437,
33,487,0,0.3362341523170471,
33,488,0,0.7179254293441772,
33,489,0,0.834289014339447,
33,490,0,0.7624547481536865,
33,491,0,0.8244405388832092,
33,492,0,0.6438519358634949,
33,493,0,0.7384482622146606,
33,494,0,0.05931633710861206,
33,495,0,0.36074382066726685,
33,496,0,0.27962416410446167,
33,497,0,0.777574360370636,
33,498,0,0.4462626576423645,
33,499,0,0.8454473614692688,
33,500,0,0.8067054152488708,
33,501,0,0.7687584161758423,
33,502,0,0.8410869836807251,
33,503,0,0.20948266983032227,
33,504,0,0.7459579706192017,
33,505,0,0.4726928472518921,
33,506,0,0.7690427303314209,
33,507,0,0.27792227268218994,
33,508,0,0.8461348414421082,
33,509,0,0.8414825201034546,
33,510,0,0.8299493193626404,
33,511,0,0.7622820734977722,
33,512,0,0.2484915852546692,
33,513,0,0.7272392511367798,
33,514,0,0.8152817487716675,
33,515,0,0.8053855895996094,
33,516,0,0.7420881986618042,
33,517,0,0.40169209241867065,
33,518,0,0.23336124420166016,
33,519,0,0.295427143573761,
33,520,0,0.8278006315231323,
33,521,0,0.8298881649971008,
33,522,0,0.3536425828933716,
33,523,0,0.8575118780136108,
33,524,0,0.7337738275527954,
33,525,0,0.05234318971633911,
33,526,0,0.3217971920967102,
33,527,0,0.8416221141815186,
33,528,0,0.053672194480895996,
33,529,0,0.8236551284790039,
33,530,0,0.8036496043205261,
33,531,0,0.8506959080696106,
33,532,0,0.8043501973152161,
33,533,0,0.8286449909210205,
33,534,0,0.3800928592681885,
33,535,0,0.8185930252075195,
33,536,0,0.7914316654205322,
33,537,0,0.27822649478912354,
33,538,0,0.8249215483665466,
33,539,0,0.8075540661811829,
33,540,0,0.7908649444580078,
33,541,0,0.4305787682533264,
33,542,0,0.3348599076271057,
33,543,0,0.8427890539169312,
33,544,0,0.06119590997695923,
33,545,0,0.39733272790908813,
33,546,0,0.4495593309402466,
33,547,0,0.06159025430679321,
33,548,0,0.7749128341674805,
33,549,0,0.31367528438568115,
33,550,0,0.8361541032791138,
33,551,0,0.8415148854255676,
33,552,0,0.7261465191841125,
33,553,0,0.43816083669662476,
33,554,0,0.6539013385772705,
33,555,0,0.2599638104438782,
33,556,0,0.7730469703674316,
33,557,0,0.8355035781860352,
33,558,0,0.39396530389785767,
33,559,0,0.6433340311050415,
33,560,0,0.7898451685905457,
33,561,0,0.8192020654678345,
33,562,0,0.170432448387146,
33,563,0,0.8205338716506958,
33,564,0,0.4767690896987915,
33,565,0,0.344255268573761,
33,566,0,0.3708379864692688,
33,567,0,0.8331727981567383,
33,568,0,0.21449172496795654,
33,569,0,0.822444498538971,
33,570,0,0.6346620321273804,
33,571,0,0.6050456762313843,
33,572,0,0.3193930387496948,
33,573,0,0.8427901268005371,
33,574,0,0.3226207494735718,
33,575,0,0.2885321378707886,
33,576,0,0.8029288053512573,
33,577,0,0.29096680879592896,
33,578,0,0.31488150358200073,
33,579,0,0.7848688364028931,
33,580,0,0.28646451234817505,
33,581,0,0.3996458053588867,
33,582,0,0.8207327723503113,
33,583,0,0.7677241563796997,
33,584,0,0.44147759675979614,
33,585,0,0.8138892650604248,
33,586,0,0.8310409188270569,
33,587,0,0.5859125852584839,
33,588,0,0.231914222240448,
33,589,0,0.7069194316864014,
33,590,0,0.8245291709899902,
33,591,0,0.25779253244400024,
33,592,0,0.8169671297073364,
33,593,0,0.8260650634765625,
33,594,0,0.8216525912284851,
33,595,0,0.7382878065109253,
33,596,0,0.43371057510375977,
33,597,0,0.16613233089447021,
33,598,0,0.3064120411872864,
33,599,0,0.34200000762939453,
33,600,0,0.7630547285079956,
33,601,0,0.42149192094802856,
33,602,0,0.18981540203094482,
33,603,0,0.3098207116127014,
33,604,0,0.7471103668212891,
33,605,0,0.7929332852363586,
33,606,0,0.31036269664764404,
33,607,0,0.7464863061904907,
33,608,0,0.7239153385162354,
33,609,0,0.8363181948661804,
33,610,0,0.8365910649299622,
33,611,0,0.8474133610725403,
33,612,0,0.6572899222373962,
33,613,0,0.7676762938499451,
33,614,0,0.8318138122558594,
33,615,0,0.39136821031570435,
33,616,0,0.8415708541870117,
33,617,0,0.2983251214027405,
33,618,0,0.16933280229568481,
33,619,0,0.4160369038581848,
33,620,0,0.8403494358062744,
33,621,0,0.4224458932876587,
33,622,0,0.778679370880127,
33,623,0,0.4256972074508667,
33,624,0,0.32742756605148315,
33,625,0,0.850511372089386,
33,626,0,0.827583909034729,
33,627,0,0.8220571279525757,
33,628,0,0.8470571041107178,
33,629,0,0.47770410776138306,
33,630,0,0.06935662031173706,
33,631,0,0.179792582988739,
33,632,0,0.8158712387084961,
33,633,0,0.7230867743492126,
33,634,0,0.8336607217788696,
33,635,0,0.48006540536880493,
33,636,0,0.817253828048706,
33,637,0,0.7097042798995972,
33,638,0,0.8256776928901672,
33,639,0,0.7561339139938354,
33,640,0,0.15366828441619873,
33,641,0,0.7559627890586853,
33,642,0,0.777213454246521,
33,643,0,0.4241294860839844,
33,644,0,0.40525156259536743,
33,645,0,0.8084693551063538,
33,646,0,0.8267942667007446,
33,647,0,0.7695242762565613,
33,648,0,0.8144224286079407,
33,649,0,0.048220038414001465,
33,650,0,0.764814019203186,
33,651,0,0.43895983695983887,
33,652,0,0.7094404697418213,
33,653,0,0.5765020251274109,
33,654,0,0.7612193822860718,
33,655,0,0.2492753267288208,
33,656,0,0.24989163875579834,
33,657,0,0.3798897862434387,
33,658,0,0.7449921369552612,
33,659,0,0.053111255168914795,
33,660,0,0.8443289995193481,
33,661,0,0.7543119192123413,
33,662,0,0.8290766477584839,
33,663,0,0.7342545986175537,
33,664,0,0.8417313098907471,
33,665,0,0.43113356828689575,
33,666,0,0.05724143981933594,
33,667,0,0.8185760974884033,
33,668,0,0.29649847745895386,
33,669,0,0.46351438760757446,
33,670,0,0.38012534379959106,
33,671,0,0.7632147073745728,
33,672,0,0.17645263671875,
33,673,0,0.278656542301178,
33,674,0,0.41415244340896606,
33,675,0,0.7612133026123047,
33,676,0,0.16163253784179688,
33,677,0,0.6029214859008789,
33,678,0,0.8365707397460938,
33,679,0,0.8097864985466003,
33,680,0,0.06034564971923828,
33,681,0,0.8233432173728943,
33,682,0,0.3307740092277527,
33,683,0,0.35224753618240356,
33,684,0,0.8304318189620972,
33,685,0,0.815773069858551,
33,686,0,0.8090119361877441,
33,687,0,0.6199266910552979,
33,688,0,0.2880766987800598,
33,689,0,0.758669912815094,
33,690,0,0.8418881893157959,
33,691,0,0.1652328372001648,
33,692,0,0.36442744731903076,
33,693,0,0.7067021727561951,
33,694,0,0.7621286511421204,
33,695,0,0.7650724053382874,
33,696,0,0.19001871347427368,
33,697,0,0.7525357604026794,
33,698,0,0.8442820906639099,
33,699,0,0.4485059380531311,
33,700,0,0.26348578929901123,
33,701,0,0.8349267840385437,
33,702,0,0.785306453704834,
33,703,0,0.83708655834198,
33,704,0,0.15742528438568115,
33,705,0,0.055235207080841064,
33,706,0,0.8491169214248657,
33,707,0,0.8091246485710144,
33,708,0,0.8542414307594299,
33,709,0,0.7536808848381042,
33,710,0,0.41203516721725464,
33,711,0,0.3541465401649475,
33,712,0,0.2968372106552124,
33,713,0,0.4251895546913147,
33,714,0,0.8531637191772461,
33,715,0,0.44777315855026245,
33,716,0,0.7730298638343811,
33,717,0,0.6570749282836914,
33,718,0,0.8246797323226929,
33,719,0,0.825880229473114,
33,720,0,0.7917991876602173,
33,721,0,0.7825470566749573,
33,722,0,0.7787436246871948,
33,723,0,0.17054063081741333,
33,724,0,0.7203025817871094,
33,725,0,0.20308786630630493,
33,726,0,0.8308985233306885,
33,727,0,0.813880443572998,
33,728,0,0.19811809062957764,
33,729,0,0.45258206129074097,
33,730,0,0.37218981981277466,
33,731,0,0.8271991014480591,
33,732,0,0.8148071765899658,
33,733,0,0.4049074053764343,
33,734,0,0.8229478001594543,
33,735,0,0.32397371530532837,
33,736,0,0.7512791156768799,
33,737,0,0.8211361169815063,
33,738,0,0.8248807787895203,
33,739,0,0.6220799684524536,
33,740,0,0.3085246682167053,
33,741,0,0.6989322900772095,
33,742,0,0.8263521194458008,
33,743,0,0.8537773489952087,
33,744,0,0.8027206063270569,
33,745,0,0.2945213317871094,
33,746,0,0.7421517372131348,
33,747,0,0.8335052132606506,
33,748,0,0.7261480093002319,
33,749,0,0.8261330723762512,
33,750,0,0.8269578218460083,
33,751,0,0.8261460065841675,
33,752,0,0.7701947689056396,
33,753,0,0.47534698247909546,
33,754,0,0.739609956741333,
33,755,0,0.843766450881958,
33,756,0,0.8245422840118408,
33,757,0,0.8361246585845947,
33,758,0,0.7048238515853882,
33,759,0,0.053803980350494385,
33,760,0,0.44515329599380493,
33,761,0,0.7466561794281006,
33,762,0,0.7773457765579224,
33,763,0,0.3410525918006897,
33,764,0,0.31817662715911865,
33,765,0,0.8058997988700867,
33,766,0,0.17581325769424438,
33,767,0,0.7525224089622498,
33,768,0,0.8301767706871033,
33,769,0,0.20159614086151123,
33,770,0,0.795358419418335,
33,771,0,0.7198022603988647,
33,772,0,0.803488552570343,
33,773,0,0.20634126663208008,
33,774,0,0.8453730940818787,
33,775,0,0.8066095113754272,
33,776,0,0.2631978988647461,
33,777,0,0.822516679763794,
33,778,0,0.43487292528152466,
33,779,0,0.8378665447235107,
33,780,0,0.7643541693687439,
33,781,0,0.8270236253738403,
33,782,0,0.41032129526138306,
33,783,0,0.809670627117157,
33,784,0,0.405295729637146,
33,785,0,0.04671198129653931,
33,786,0,0.4844292998313904,
33,787,0,0.2578360438346863,
33,788,0,0.8352091908454895,
33,789,0,0.3071768879890442,
33,790,0,0.7760325074195862,
33,791,0,0.47652673721313477,
33,792,0,0.35213595628738403,
33,793,0,0.7974406480789185,
33,794,0,0.8368854522705078,
33,795,0,0.29016923904418945,
33,796,0,0.8298132419586182,
33,797,0,0.062083899974823,
33,798,0,0.4637208580970764,
33,799,0,0.8253014087677002,
33,val,,,0.5866489171981811
34,0,0,0.40623360872268677,
34,1,0,0.818241536617279,
34,2,0,0.6622264385223389,
34,3,0,0.8425726294517517,
34,4,0,0.4119133949279785,
34,5,0,0.7670604586601257,
34,6,0,0.17247921228408813,
34,7,0,0.4769272208213806,
34,8,0,0.24788647890090942,
34,9,0,0.8151015043258667,
34,10,0,0.06693220138549805,
34,11,0,0.8416740298271179,
34,12,0,0.8333130478858948,
34,13,0,0.8261410593986511,
34,14,0,0.7499010562896729,
34,15,0,0.8238500356674194,
34,16,0,0.5146292448043823,
34,17,0,0.40200501680374146,
34,18,0,0.8095866441726685,
34,19,0,0.815096914768219,
34,20,0,0.7435557842254639,
34,21,0,0.4790192246437073,
34,22,0,0.2742699980735779,
34,23,0,0.6884369254112244,
34,24,0,0.8260225057601929,
34,25,0,0.7281373739242554,
34,26,0,0.8373998403549194,
34,27,0,0.3871387243270874,
34,28,0,0.28415894508361816,
34,29,0,0.4603980779647827,
34,30,0,0.8300952911376953,
34,31,0,0.7983521819114685,
34,32,0,0.44857531785964966,
34,33,0,0.7492847442626953,
34,34,0,0.808504581451416,
34,35,0,0.27384239435195923,
34,36,0,0.42581504583358765,
34,37,0,0.8253566026687622,
34,38,0,0.19528847932815552,
34,39,0,0.843651294708252,
34,40,0,0.1626971960067749,
34,41,0,0.6216475963592529,
34,42,0,0.46230608224868774,
34,43,0,0.04197120666503906,
34,44,0,0.7431322932243347,
34,45,0,0.46271616220474243,
34,46,0,0.05071002244949341,
34,47,0,0.050775349140167236,
34,48,0,0.8355172872543335,
34,49,0,0.31046390533447266,
34,50,0,0.8427550196647644,
34,51,0,0.3780630826950073,
34,52,0,0.42887717485427856,
34,53,0,0.05180978775024414,
34,54,0,0.8515462875366211,
34,55,0,0.448728084564209,
34,56,0,0.7928755283355713,
34,57,0,0.4924745559692383,
34,58,0,0.8466311693191528,
34,59,0,0.3576330542564392,
34,60,0,0.42226719856262207,
34,61,0,0.6000550985336304,
34,62,0,0.8265892863273621,
34,63,0,0.26761162281036377,
34,64,0,0.2608962655067444,
34,65,0,0.7641623020172119,
34,66,0,0.7255755662918091,
34,67,0,0.4339239001274109,
34,68,0,0.817933201789856,
34,69,0,0.44965559244155884,
34,70,0,0.512108564376831,
34,71,0,0.6174235343933105,
34,72,0,0.6704483032226562,
34,73,0,0.7986584901809692,
34,74,0,0.8168772459030151,
34,75,0,0.6454218626022339,
34,76,0,0.8114833235740662,
34,77,0,0.7234750390052795,
34,78,0,0.16191136837005615,
34,79,0,0.8199494481086731,
34,80,0,0.4644503593444824,
34,81,0,0.8108487129211426,
34,82,0,0.0502246618270874,
34,83,0,0.8314773440361023,
34,84,0,0.8356900215148926,
34,85,0,0.5071976184844971,
34,86,0,0.8205534219741821,
34,87,0,0.5755774974822998,
34,88,0,0.8164535760879517,
34,89,0,0.48780250549316406,
34,90,0,0.7394746541976929,
34,91,0,0.8216036558151245,
34,92,0,0.8481678366661072,
34,93,0,0.8171589374542236,
34,94,0,0.49024176597595215,
34,95,0,0.83649080991745,
34,96,0,0.2782546877861023,
34,97,0,0.8406378030776978,
34,98,0,0.6086286306381226,
34,99,0,0.841331958770752,
34,100,0,0.7497274279594421,
34,101,0,0.6654367446899414,
34,102,0,0.8181503415107727,
34,103,0,0.7873757481575012,
34,104,0,0.8371915817260742,
34,105,0,0.3452083468437195,
34,106,0,0.8416122198104858,
34,107,0,0.8232089877128601,
34,108,0,0.627150297164917,
34,109,0,0.8247135281562805,
34,110,0,0.8334276080131531,
34,111,0,0.8138903975486755,
34,112,0,0.8391107320785522,
34,113,0,0.4257274270057678,
34,114,0,0.2585597634315491,
34,115,0,0.8259828686714172,
34,116,0,0.820253849029541,
34,117,0,0.36913496255874634,
34,118,0,0.8118568062782288,
34,119,0,0.33497124910354614,
34,120,0,0.8232966065406799,
34,121,0,0.8357537388801575,
34,122,0,0.7297632098197937,
34,123,0,0.0670555830001831,
34,124,0,0.41706639528274536,
34,125,0,0.7628422379493713,
34,126,0,0.8417803645133972,
34,127,0,0.8222482204437256,
34,128,0,0.8196680545806885,
34,129,0,0.8387334942817688,
34,130,0,0.7196439504623413,
34,131,0,0.8308510780334473,
34,132,0,0.7765048742294312,
34,133,0,0.24286985397338867,
34,134,0,0.42361384630203247,
34,135,0,0.48542696237564087,
34,136,0,0.057075679302215576,
34,137,0,0.1335805058479309,
34,138,0,0.25679516792297363,
34,139,0,0.47843438386917114,
34,140,0,0.8160929679870605,
34,141,0,0.7746811509132385,
34,142,0,0.8312717080116272,
34,143,0,0.7705322504043579,
34,144,0,0.8148906230926514,
34,145,0,0.21922779083251953,
34,146,0,0.6890198588371277,
34,147,0,0.23790550231933594,
34,148,0,0.7677672505378723,
34,149,0,0.7873648405075073,
34,150,0,0.8047342896461487,
34,151,0,0.8275132179260254,
34,152,0,0.7326967716217041,
34,153,0,0.8219828605651855,
34,154,0,0.8270795345306396,
34,155,0,0.7118642330169678,
34,156,0,0.05015832185745239,
34,157,0,0.6240164041519165,
34,158,0,0.7743028402328491,
34,159,0,0.8079571723937988,
34,160,0,0.34605515003204346,
34,161,0,0.06209522485733032,
34,162,0,0.8417006134986877,
34,163,0,0.2793242335319519,
34,164,0,0.3878193497657776,
34,165,0,0.7270044088363647,
34,166,0,0.2519388794898987,
34,167,0,0.8377969861030579,
34,168,0,0.844893753528595,
34,169,0,0.1438525915145874,
34,170,0,0.7704970240592957,
34,171,0,0.7412415742874146,
34,172,0,0.7408448457717896,
34,173,0,0.6357827186584473,
34,174,0,0.7546340227127075,
34,175,0,0.4106742739677429,
34,176,0,0.7639903426170349,
34,177,0,0.308665931224823,
34,178,0,0.836467444896698,
34,179,0,0.345828115940094,
34,180,0,0.792033314704895,
34,181,0,0.8061308264732361,
34,182,0,0.32882505655288696,
34,183,0,0.1756972074508667,
34,184,0,0.7861058712005615,
34,185,0,0.7435010671615601,
34,186,0,0.2890186905860901,
34,187,0,0.7388601303100586,
34,188,0,0.7547149062156677,
34,189,0,0.2632417678833008,
34,190,0,0.06546145677566528,
34,191,0,0.4531320333480835,
34,192,0,0.7686959505081177,
34,193,0,0.7393156290054321,
34,194,0,0.7368803024291992,
34,195,0,0.8609535694122314,
34,196,0,0.7498407363891602,
34,197,0,0.19251364469528198,
34,198,0,0.8035800457000732,
34,199,0,0.25064295530319214,
34,200,0,0.7522543668746948,
34,201,0,0.050998032093048096,
34,202,0,0.28335028886795044,
34,203,0,0.8370489478111267,
34,204,0,0.33268672227859497,
34,205,0,0.24503296613693237,
34,206,0,0.3361210823059082,
34,207,0,0.1528548002243042,
34,208,0,0.47616297006607056,
34,209,0,0.7831852436065674,
34,210,0,0.3002302050590515,
34,211,0,0.822077751159668,
34,212,0,0.4898260831832886,
34,213,0,0.7957793474197388,
34,214,0,0.8365747332572937,
34,215,0,0.8284988403320312,
34,216,0,0.45383328199386597,
34,217,0,0.830622673034668,
34,218,0,0.8408958911895752,
34,219,0,0.7317215800285339,
34,220,0,0.2537236213684082,
34,221,0,0.7434245347976685,
34,222,0,0.3173866868019104,
34,223,0,0.4835858941078186,
34,224,0,0.8223470449447632,
34,225,0,0.2930920720100403,
34,226,0,0.8156029582023621,
34,227,0,0.17159831523895264,
34,228,0,0.709109902381897,
34,229,0,0.4224543571472168,
34,230,0,0.45563679933547974,
34,231,0,0.8237012028694153,
34,232,0,0.8542098999023438,
34,233,0,0.8450055122375488,
34,234,0,0.8268452882766724,
34,235,0,0.04598844051361084,
34,236,0,0.43601369857788086,
34,237,0,0.8336725234985352,
34,238,0,0.46773940324783325,
34,239,0,0.40572506189346313,
34,240,0,0.8167312145233154,
34,241,0,0.8286249041557312,
34,242,0,0.8232882022857666,
34,243,0,0.4392330050468445,
34,244,0,0.3069493770599365,
34,245,0,0.05071371793746948,
34,246,0,0.4306281805038452,
34,247,0,0.8357861042022705,
34,248,0,0.4498278498649597,
34,249,0,0.8182947635650635,
34,250,0,0.12223374843597412,
34,251,0,0.849433958530426,
34,252,0,0.7728345394134521,
34,253,0,0.7597877979278564,
34,254,0,0.03974217176437378,
34,255,0,0.7549326419830322,
34,256,0,0.5532557964324951,
34,257,0,0.8418436646461487,
34,258,0,0.8265495896339417,
34,259,0,0.8510235548019409,
34,260,0,0.5113720893859863,
34,261,0,0.7457209825515747,
34,262,0,0.834226131439209,
34,263,0,0.7292928099632263,
34,264,0,0.2875523567199707,
34,265,0,0.8414080739021301,
34,266,0,0.8184835314750671,
34,267,0,0.8376336693763733,
34,268,0,0.3206084370613098,
34,269,0,0.45756006240844727,
34,270,0,0.5946800708770752,
34,271,0,0.813667356967926,
34,272,0,0.38337022066116333,
34,273,0,0.8418650031089783,
34,274,0,0.8130600452423096,
34,275,0,0.16172170639038086,
34,276,0,0.8153965473175049,
34,277,0,0.06341248750686646,
34,278,0,0.5332678556442261,
34,279,0,0.7397794723510742,
34,280,0,0.7691985964775085,
34,281,0,0.7950090765953064,
34,282,0,0.7419116497039795,
34,283,0,0.7564351558685303,
34,284,0,0.8366836905479431,
34,285,0,0.8338378071784973,
34,286,0,0.6500624418258667,
34,287,0,0.7300025224685669,
34,288,0,0.8170273303985596,
34,289,0,0.5192590951919556,
34,290,0,0.826708197593689,
34,291,0,0.04699331521987915,
34,292,0,0.38477712869644165,
34,293,0,0.84343421459198,
34,294,0,0.8375674486160278,
34,295,0,0.8315841555595398,
34,296,0,0.4809598922729492,
34,297,0,0.05152779817581177,
34,298,0,0.850088357925415,
34,299,0,0.811245858669281,
34,300,0,0.42229223251342773,
34,301,0,0.41179579496383667,
34,302,0,0.8410657644271851,
34,303,0,0.5953953266143799,
34,304,0,0.8413429856300354,
34,305,0,0.468363881111145,
34,306,0,0.23376613855361938,
34,307,0,0.8322643041610718,
34,308,0,0.8424930572509766,
34,309,0,0.19762498140335083,
34,310,0,0.8167153000831604,
34,311,0,0.38861173391342163,
34,312,0,0.8236665725708008,
34,313,0,0.816161036491394,
34,314,0,0.4169541001319885,
34,315,0,0.8086726665496826,
34,316,0,0.8356778025627136,
34,317,0,0.658879280090332,
34,318,0,0.33987700939178467,
34,319,0,0.31506502628326416,
34,320,0,0.7450690269470215,
34,321,0,0.8280449509620667,
34,322,0,0.8232477307319641,
34,323,0,0.29695063829421997,
34,324,0,0.8475653529167175,
34,325,0,0.795242190361023,
34,326,0,0.8087377548217773,
34,327,0,0.7371758222579956,
34,328,0,0.7254238128662109,
34,329,0,0.7688193321228027,
34,330,0,0.3694363236427307,
34,331,0,0.32055574655532837,
34,332,0,0.8264076709747314,
34,333,0,0.2445172667503357,
34,334,0,0.8101274371147156,
34,335,0,0.37066417932510376,
34,336,0,0.8279531002044678,
34,337,0,0.44311028718948364,
34,338,0,0.627961277961731,
34,339,0,0.786959707736969,
34,340,0,0.839620053768158,
34,341,0,0.05827254056930542,
34,342,0,0.7532084584236145,
34,343,0,0.6110708713531494,
34,344,0,0.8172265887260437,
34,345,0,0.8272697925567627,
34,346,0,0.2341896891593933,
34,347,0,0.16912728548049927,
34,348,0,0.7496763467788696,
34,349,0,0.823775589466095,
34,350,0,0.7907284498214722,
34,351,0,0.7717763185501099,
34,352,0,0.8182066679000854,
34,353,0,0.821520209312439,
34,354,0,0.6432019472122192,
34,355,0,0.16227322816848755,
34,356,0,0.8348375558853149,
34,357,0,0.7293804883956909,
34,358,0,0.2077961564064026,
34,359,0,0.7791109085083008,
34,360,0,0.8478879928588867,
34,361,0,0.8432727456092834,
34,362,0,0.24926936626434326,
34,363,0,0.31232744455337524,
34,364,0,0.7542703151702881,
34,365,0,0.8491854071617126,
34,366,0,0.8294278383255005,
34,367,0,0.8370763063430786,
34,368,0,0.8311612010002136,
34,369,0,0.8121131658554077,
34,370,0,0.6215323209762573,
34,371,0,0.7016259431838989,
34,372,0,0.8209371566772461,
34,373,0,0.834393322467804,
34,374,0,0.4221566915512085,
34,375,0,0.7559317350387573,
34,376,0,0.7635163068771362,
34,377,0,0.333212673664093,
34,378,0,0.40416401624679565,
34,379,0,0.8297165632247925,
34,380,0,0.3442232012748718,
34,381,0,0.3208858370780945,
34,382,0,0.3197987675666809,
34,383,0,0.8416038155555725,
34,384,0,0.33612531423568726,
34,385,0,0.32689380645751953,
34,386,0,0.23658615350723267,
34,387,0,0.4372837543487549,
34,388,0,0.05649667978286743,
34,389,0,0.7818106412887573,
34,390,0,0.7566457390785217,
34,391,0,0.7103952169418335,
34,392,0,0.6711145639419556,
34,393,0,0.3061215281486511,
34,394,0,0.47862303256988525,
34,395,0,0.8062353134155273,
34,396,0,0.15523868799209595,
34,397,0,0.18432462215423584,
34,398,0,0.8001475930213928,
34,399,0,0.3033544421195984,
34,400,0,0.7135960459709167,
34,401,0,0.7569725513458252,
34,402,0,0.8308920860290527,
34,403,0,0.8099123239517212,
34,404,0,0.3257381319999695,
34,405,0,0.06420612335205078,
34,406,0,0.7655664682388306,
34,407,0,0.8370662927627563,
34,408,0,0.8012089729309082,
34,409,0,0.7104352712631226,
34,410,0,0.8330821990966797,
34,411,0,0.30651766061782837,
34,412,0,0.7894376516342163,
34,413,0,0.06825637817382812,
34,414,0,0.780724287033081,
34,415,0,0.6354485750198364,
34,416,0,0.8371633291244507,
34,417,0,0.05577057600021362,
34,418,0,0.49917876720428467,
34,419,0,0.4728732109069824,
34,420,0,0.2604333758354187,
34,421,0,0.25604885816574097,
34,422,0,0.8253751993179321,
34,423,0,0.8357019424438477,
34,424,0,0.8330689072608948,
34,425,0,0.8168241381645203,
34,426,0,0.8158801198005676,
34,427,0,0.8103851079940796,
34,428,0,0.45674169063568115,
34,429,0,0.8149991035461426,
34,430,0,0.2594831585884094,
34,431,0,0.7974714040756226,
34,432,0,0.7491596937179565,
34,433,0,0.8244631886482239,
34,434,0,0.8253819346427917,
34,435,0,0.820705771446228,
34,436,0,0.604167103767395,
34,437,0,0.05190187692642212,
34,438,0,0.7094951868057251,
34,439,0,0.22121316194534302,
34,440,0,0.8485999703407288,
34,441,0,0.7900617122650146,
34,442,0,0.8246455192565918,
34,443,0,0.8145043253898621,
34,444,0,0.7576325535774231,
34,445,0,0.8245792984962463,
34,446,0,0.7551910877227783,
34,447,0,0.3153206706047058,
34,448,0,0.05398738384246826,
34,449,0,0.7995083928108215,
34,450,0,0.7771974802017212,
34,451,0,0.25756531953811646,
34,452,0,0.8121901750564575,
34,453,0,0.2896921634674072,
34,454,0,0.42006033658981323,
34,455,0,0.5665105581283569,
34,456,0,0.7267954349517822,
34,457,0,0.6613706350326538,
34,458,0,0.5182451605796814,
34,459,0,0.8275087475776672,
34,460,0,0.8208500742912292,
34,461,0,0.46343761682510376,
34,462,0,0.8057743906974792,
34,463,0,0.1514928936958313,
34,464,0,0.6039929389953613,
34,465,0,0.7450408935546875,
34,466,0,0.044820964336395264,
34,467,0,0.8138994574546814,
34,468,0,0.6382787227630615,
34,469,0,0.7910712957382202,
34,470,0,0.3365553617477417,
34,471,0,0.05308246612548828,
34,472,0,0.8379923105239868,
34,473,0,0.8389508724212646,
34,474,0,0.05840641260147095,
34,475,0,0.8276999592781067,
34,476,0,0.4611740708351135,
34,477,0,0.8290141820907593,
34,478,0,0.5211856365203857,
34,479,0,0.4820822477340698,
34,480,0,0.668218731880188,
34,481,0,0.17325037717819214,
34,482,0,0.8133330345153809,
34,483,0,0.8332679867744446,
34,484,0,0.8330211639404297,
34,485,0,0.44535791873931885,
34,486,0,0.7182015180587769,
34,487,0,0.3334549069404602,
34,488,0,0.7175617218017578,
34,489,0,0.8391320705413818,
34,490,0,0.7665363550186157,
34,491,0,0.8296692371368408,
34,492,0,0.6439985036849976,
34,493,0,0.7359801530838013,
34,494,0,0.059910356998443604,
34,495,0,0.35723716020584106,
34,496,0,0.2799210548400879,
34,497,0,0.7767460942268372,
34,498,0,0.44793689250946045,
34,499,0,0.8431391716003418,
34,500,0,0.8060210943222046,
34,501,0,0.767727792263031,
34,502,0,0.8334084749221802,
34,503,0,0.20884692668914795,
34,504,0,0.7464724779129028,
34,505,0,0.46961426734924316,
34,506,0,0.7663979530334473,
34,507,0,0.2792307734489441,
34,508,0,0.8426581025123596,
34,509,0,0.8414345383644104,
34,510,0,0.8210892081260681,
34,511,0,0.7615611553192139,
34,512,0,0.24812638759613037,
34,513,0,0.7266688346862793,
34,514,0,0.811738133430481,
34,515,0,0.8071868419647217,
34,516,0,0.7414458990097046,
34,517,0,0.3987017869949341,
34,518,0,0.2329276204109192,
34,519,0,0.29496628046035767,
34,520,0,0.8326218724250793,
34,521,0,0.832187294960022,
34,522,0,0.3545452356338501,
34,523,0,0.8691675662994385,
34,524,0,0.7365789413452148,
34,525,0,0.05939483642578125,
34,526,0,0.3218059539794922,
34,527,0,0.8440420031547546,
34,528,0,0.054549992084503174,
34,529,0,0.8365544676780701,
34,530,0,0.8037720918655396,
34,531,0,0.8432465195655823,
34,532,0,0.8012204170227051,
34,533,0,0.8290147185325623,
34,534,0,0.3830452561378479,
34,535,0,0.8161302804946899,
34,536,0,0.7933931350708008,
34,537,0,0.27834463119506836,
34,538,0,0.8277522921562195,
34,539,0,0.8175666928291321,
34,540,0,0.7869231104850769,
34,541,0,0.4282435178756714,
34,542,0,0.33370620012283325,
34,543,0,0.8405576944351196,
34,544,0,0.06069982051849365,
34,545,0,0.3931926488876343,
34,546,0,0.4489145278930664,
34,547,0,0.061171114444732666,
34,548,0,0.7745185494422913,
34,549,0,0.3121193051338196,
34,550,0,0.8358407616615295,
34,551,0,0.84306401014328,
34,552,0,0.7263510227203369,
34,553,0,0.43370115756988525,
34,554,0,0.6540803909301758,
34,555,0,0.25716763734817505,
34,556,0,0.7721226215362549,
34,557,0,0.8273594975471497,
34,558,0,0.3929150700569153,
34,559,0,0.642524242401123,
34,560,0,0.7828267812728882,
34,561,0,0.8251171112060547,
34,562,0,0.1692289113998413,
34,563,0,0.819069504737854,
34,564,0,0.47504955530166626,
34,565,0,0.3387671113014221,
34,566,0,0.369739830493927,
34,567,0,0.8306105136871338,
34,568,0,0.21354520320892334,
34,569,0,0.8172913193702698,
34,570,0,0.6317881345748901,
34,571,0,0.6049420237541199,
34,572,0,0.33051633834838867,
34,573,0,0.8390401601791382,
34,574,0,0.3215123414993286,
34,575,0,0.28565651178359985,
34,576,0,0.7838367223739624,
34,577,0,0.2911379933357239,
34,578,0,0.3151959180831909,
34,579,0,0.784849226474762,
34,580,0,0.28963226079940796,
34,581,0,0.4001334309577942,
34,582,0,0.8310507535934448,
34,583,0,0.7718195915222168,
34,584,0,0.4419305920600891,
34,585,0,0.8128401041030884,
34,586,0,0.831358790397644,
34,587,0,0.58439040184021,
34,588,0,0.2326514720916748,
34,589,0,0.7024236917495728,
34,590,0,0.8225274085998535,
34,591,0,0.2571015954017639,
34,592,0,0.8172348737716675,
34,593,0,0.8266035318374634,
34,594,0,0.8171415328979492,
34,595,0,0.7474969625473022,
34,596,0,0.43514615297317505,
34,597,0,0.16662555932998657,
34,598,0,0.3106623888015747,
34,599,0,0.3457358479499817,
34,600,0,0.7665777206420898,
34,601,0,0.42540693283081055,
34,602,0,0.19131356477737427,
34,603,0,0.3096696138381958,
34,604,0,0.7467513084411621,
34,605,0,0.7882732152938843,
34,606,0,0.3041419982910156,
34,607,0,0.7538782358169556,
34,608,0,0.7162079811096191,
34,609,0,0.8315590620040894,
34,610,0,0.8391227126121521,
34,611,0,0.8471925258636475,
34,612,0,0.6579499244689941,
34,613,0,0.7600448131561279,
34,614,0,0.8315274119377136,
34,615,0,0.3904544711112976,
34,616,0,0.8330080509185791,
34,617,0,0.29794013500213623,
34,618,0,0.1696685552597046,
34,619,0,0.4242314100265503,
34,620,0,0.8376777172088623,
34,621,0,0.4230237603187561,
34,622,0,0.7777389883995056,
34,623,0,0.4276338815689087,
34,624,0,0.32437801361083984,
34,625,0,0.8459581732749939,
34,626,0,0.8105074167251587,
34,627,0,0.8220826387405396,
34,628,0,0.8468638062477112,
34,629,0,0.47752267122268677,
34,630,0,0.0639687180519104,
34,631,0,0.1816396713256836,
34,632,0,0.8122509717941284,
34,633,0,0.7251030206680298,
34,634,0,0.8378188610076904,
34,635,0,0.48079514503479004,
34,636,0,0.81221604347229,
34,637,0,0.7096375226974487,
34,638,0,0.8285301327705383,
34,639,0,0.7560616135597229,
34,640,0,0.1550777554512024,
34,641,0,0.7573996186256409,
34,642,0,0.7794350385665894,
34,643,0,0.42385154962539673,
34,644,0,0.4045780897140503,
34,645,0,0.8059362769126892,
34,646,0,0.8275800347328186,
34,647,0,0.775660514831543,
34,648,0,0.8144574761390686,
34,649,0,0.04747283458709717,
34,650,0,0.7643008828163147,
34,651,0,0.438230037689209,
34,652,0,0.7144162654876709,
34,653,0,0.5789541602134705,
34,654,0,0.7607889771461487,
34,655,0,0.24594295024871826,
34,656,0,0.24890422821044922,
34,657,0,0.37824201583862305,
34,658,0,0.7373400926589966,
34,659,0,0.051855266094207764,
34,660,0,0.846085786819458,
34,661,0,0.7643559575080872,
34,662,0,0.8323708772659302,
34,663,0,0.7297500371932983,
34,664,0,0.8388686180114746,
34,665,0,0.4291459918022156,
34,666,0,0.05591011047363281,
34,667,0,0.8168051838874817,
34,668,0,0.30248814821243286,
34,669,0,0.46308690309524536,
34,670,0,0.3795531392097473,
34,671,0,0.7606939673423767,
34,672,0,0.17694997787475586,
34,673,0,0.2791364789009094,
34,674,0,0.4120304584503174,
34,675,0,0.7614726424217224,
34,676,0,0.16299968957901,
34,677,0,0.6011725664138794,
34,678,0,0.8414654731750488,
34,679,0,0.8076803088188171,
34,680,0,0.0606154203414917,
34,681,0,0.8255281448364258,
34,682,0,0.3330574631690979,
34,683,0,0.3465198278427124,
34,684,0,0.8217598795890808,
34,685,0,0.8140804767608643,
34,686,0,0.8139531016349792,
34,687,0,0.619399905204773,
34,688,0,0.2847558259963989,
34,689,0,0.7564638257026672,
34,690,0,0.841081976890564,
34,691,0,0.1632654070854187,
34,692,0,0.36037832498550415,
34,693,0,0.7084039449691772,
34,694,0,0.7628270983695984,
34,695,0,0.7649028301239014,
34,696,0,0.19415950775146484,
34,697,0,0.7537292242050171,
34,698,0,0.8441091775894165,
34,699,0,0.44790011644363403,
34,700,0,0.2644519805908203,
34,701,0,0.833125650882721,
34,702,0,0.7876508235931396,
34,703,0,0.8355814218521118,
34,704,0,0.1557956337928772,
34,705,0,0.0556984543800354,
34,706,0,0.8448922634124756,
34,707,0,0.8108600378036499,
34,708,0,0.838594377040863,
34,709,0,0.7544509172439575,
34,710,0,0.41387850046157837,
34,711,0,0.3543286919593811,
34,712,0,0.2964353561401367,
34,713,0,0.4244998097419739,
34,714,0,0.846220076084137,
34,715,0,0.4463561177253723,
34,716,0,0.7658969759941101,
34,717,0,0.6546115279197693,
34,718,0,0.8380742073059082,
34,719,0,0.8291559815406799,
34,720,0,0.7933326959609985,
34,721,0,0.783842921257019,
34,722,0,0.7803832292556763,
34,723,0,0.17176443338394165,
34,724,0,0.7176367044448853,
34,725,0,0.20443129539489746,
34,726,0,0.8263041377067566,
34,727,0,0.8145411610603333,
34,728,0,0.1977825164794922,
34,729,0,0.45085179805755615,
34,730,0,0.3771207928657532,
34,731,0,0.8281076550483704,
34,732,0,0.8232444524765015,
34,733,0,0.4062095284461975,
34,734,0,0.823355495929718,
34,735,0,0.32597512006759644,
34,736,0,0.7512794733047485,
34,737,0,0.8124024868011475,
34,738,0,0.8196061253547668,
34,739,0,0.6164078712463379,
34,740,0,0.3097715973854065,
34,741,0,0.6977621912956238,
34,742,0,0.8252154588699341,
34,743,0,0.844922661781311,
34,744,0,0.8154177069664001,
34,745,0,0.28609752655029297,
34,746,0,0.7420656681060791,
34,747,0,0.8382711410522461,
34,748,0,0.7355461120605469,
34,749,0,0.8245713710784912,
34,750,0,0.8277004957199097,
34,751,0,0.8289209008216858,
34,752,0,0.7721958160400391,
34,753,0,0.4762002229690552,
34,754,0,0.7376148104667664,
34,755,0,0.8396119475364685,
34,756,0,0.829627275466919,
34,757,0,0.8394222855567932,
34,758,0,0.7145204544067383,
34,759,0,0.05341482162475586,
34,760,0,0.4472382664680481,
34,761,0,0.7453269362449646,
34,762,0,0.7771742343902588,
34,763,0,0.3434178829193115,
34,764,0,0.32152944803237915,
34,765,0,0.8076032400131226,
34,766,0,0.17397791147232056,
34,767,0,0.7456907033920288,
34,768,0,0.8310441970825195,
34,769,0,0.20195037126541138,
34,770,0,0.7928275465965271,
34,771,0,0.7244921922683716,
34,772,0,0.7984800338745117,
34,773,0,0.20590156316757202,
34,774,0,0.8347017168998718,
34,775,0,0.7961893081665039,
34,776,0,0.2658815383911133,
34,777,0,0.8273450136184692,
34,778,0,0.4329862594604492,
34,779,0,0.8351750373840332,
34,780,0,0.7624184489250183,
34,781,0,0.8287888169288635,
34,782,0,0.41229134798049927,
34,783,0,0.8086192607879639,
34,784,0,0.40383583307266235,
34,785,0,0.046514809131622314,
34,786,0,0.48222607374191284,
34,787,0,0.25719887018203735,
34,788,0,0.8290858268737793,
34,789,0,0.30873602628707886,
34,790,0,0.7748889923095703,
34,791,0,0.4756086468696594,
34,792,0,0.35292690992355347,
34,793,0,0.8010082244873047,
34,794,0,0.8343341946601868,
34,795,0,0.2890509366989136,
34,796,0,0.833400547504425,
34,797,0,0.062417030334472656,
34,798,0,0.46659326553344727,
34,799,0,0.8280726671218872,
34,val,,,0.5865282982587814
35,0,0,0.40106576681137085,
35,1,0,0.820712685585022,
35,2,0,0.6747302412986755,
35,3,0,0.8363242745399475,
35,4,0,0.40780818462371826,
35,5,0,0.7671734094619751,
35,6,0,0.17181605100631714,
35,7,0,0.47635984420776367,
35,8,0,0.24289453029632568,
35,9,0,0.8183482885360718,
35,10,0,0.06595820188522339,
35,11,0,0.8334826827049255,
35,12,0,0.833649754524231,
35,13,0,0.8269785046577454,
35,14,0,0.7483668327331543,
35,15,0,0.8165976405143738,
35,16,0,0.5152739882469177,
35,17,0,0.39684897661209106,
35,18,0,0.8065274953842163,
35,19,0,0.8238774538040161,
35,20,0,0.7428006529808044,
35,21,0,0.47918766736984253,
35,22,0,0.27639299631118774,
35,23,0,0.6877191066741943,
35,24,0,0.8226969242095947,
35,25,0,0.7281469106674194,
35,26,0,0.8371463418006897,
35,27,0,0.38702327013015747,
35,28,0,0.2814844250679016,
35,29,0,0.45693570375442505,
35,30,0,0.8336712718009949,
35,31,0,0.7943920493125916,
35,32,0,0.4476078152656555,
35,33,0,0.7503618001937866,
35,34,0,0.805923581123352,
35,35,0,0.2720489501953125,
35,36,0,0.42627066373825073,
35,37,0,0.8250738978385925,
35,38,0,0.1962476372718811,
35,39,0,0.845924973487854,
35,40,0,0.16285359859466553,
35,41,0,0.6240288019180298,
35,42,0,0.46156156063079834,
35,43,0,0.04075753688812256,
35,44,0,0.7452595233917236,
35,45,0,0.4612380266189575,
35,46,0,0.050253868103027344,
35,47,0,0.05028313398361206,
35,48,0,0.8363023996353149,
35,49,0,0.3160244822502136,
35,50,0,0.8380728960037231,
35,51,0,0.3763505816459656,
35,52,0,0.4308963418006897,
35,53,0,0.05152130126953125,
35,54,0,0.8512767553329468,
35,55,0,0.44966423511505127,
35,56,0,0.7916821241378784,
35,57,0,0.49310117959976196,
35,58,0,0.8476250767707825,
35,59,0,0.35774654150009155,
35,60,0,0.422538161277771,
35,61,0,0.597317099571228,
35,62,0,0.825821578502655,
35,63,0,0.2662809491157532,
35,64,0,0.259315550327301,
35,65,0,0.760837197303772,
35,66,0,0.7220669388771057,
35,67,0,0.4302598834037781,
35,68,0,0.8190528154373169,
35,69,0,0.4511035680770874,
35,70,0,0.507662296295166,
35,71,0,0.6186912059783936,
35,72,0,0.6719533205032349,
35,73,0,0.8018056750297546,
35,74,0,0.8224321603775024,
35,75,0,0.6473186016082764,
35,76,0,0.8142321705818176,
35,77,0,0.741051197052002,
35,78,0,0.1634817123413086,
35,79,0,0.8178794384002686,
35,80,0,0.4716888666152954,
35,81,0,0.8157638311386108,
35,82,0,0.05037581920623779,
35,83,0,0.816026508808136,
35,84,0,0.8421087861061096,
35,85,0,0.5081483125686646,
35,86,0,0.8176053762435913,
35,87,0,0.573882520198822,
35,88,0,0.8193461894989014,
35,89,0,0.4872371554374695,
35,90,0,0.7460116147994995,
35,91,0,0.832897424697876,
35,92,0,0.8497970700263977,
35,93,0,0.8182539939880371,
35,94,0,0.48703670501708984,
35,95,0,0.8223147392272949,
35,96,0,0.27856701612472534,
35,97,0,0.8381826877593994,
35,98,0,0.6078664064407349,
35,99,0,0.8319430351257324,
35,100,0,0.7468535900115967,
35,101,0,0.665600597858429,
35,102,0,0.8126923441886902,
35,103,0,0.782403290271759,
35,104,0,0.8377694487571716,
35,105,0,0.3374335765838623,
35,106,0,0.8338466286659241,
35,107,0,0.8188772201538086,
35,108,0,0.6333650350570679,
35,109,0,0.8210717439651489,
35,110,0,0.8354259729385376,
35,111,0,0.8165760040283203,
35,112,0,0.8381744623184204,
35,113,0,0.42269474267959595,
35,114,0,0.2580816149711609,
35,115,0,0.821409285068512,
35,116,0,0.8209322690963745,
35,117,0,0.36934518814086914,
35,118,0,0.8167282342910767,
35,119,0,0.3350406289100647,
35,120,0,0.8232945203781128,
35,121,0,0.8343603610992432,
35,122,0,0.7295806407928467,
35,123,0,0.06759727001190186,
35,124,0,0.4167945981025696,
35,125,0,0.7631261944770813,
35,126,0,0.8428239226341248,
35,127,0,0.8218338489532471,
35,128,0,0.8171367645263672,
35,129,0,0.8379026055335999,
35,130,0,0.7307716608047485,
35,131,0,0.848640501499176,
35,132,0,0.7842373847961426,
35,133,0,0.24242645502090454,
35,134,0,0.42461735010147095,
35,135,0,0.4853745698928833,
35,136,0,0.055764734745025635,
35,137,0,0.1341381072998047,
35,138,0,0.2562141418457031,
35,139,0,0.479744017124176,
35,140,0,0.8099457621574402,
35,141,0,0.7815839052200317,
35,142,0,0.8274983167648315,
35,143,0,0.7747012972831726,
35,144,0,0.8143701553344727,
35,145,0,0.21770477294921875,
35,146,0,0.6898968815803528,
35,147,0,0.2392600178718567,
35,148,0,0.7833319902420044,
35,149,0,0.7877855896949768,
35,150,0,0.8061272501945496,
35,151,0,0.8143311738967896,
35,152,0,0.7340826988220215,
35,153,0,0.8230101466178894,
35,154,0,0.8254359364509583,
35,155,0,0.7150192260742188,
35,156,0,0.04911839962005615,
35,157,0,0.6235818266868591,
35,158,0,0.7731871604919434,
35,159,0,0.80451500415802,
35,160,0,0.34871530532836914,
35,161,0,0.060050010681152344,
35,162,0,0.840062141418457,
35,163,0,0.28017979860305786,
35,164,0,0.3858951926231384,
35,165,0,0.7259218692779541,
35,166,0,0.2516213655471802,
35,167,0,0.8445368409156799,
35,168,0,0.8405839800834656,
35,169,0,0.1441141963005066,
35,170,0,0.7676531076431274,
35,171,0,0.7413765788078308,
35,172,0,0.737999439239502,
35,173,0,0.6331350207328796,
35,174,0,0.7565386891365051,
35,175,0,0.41216856241226196,
35,176,0,0.7647489905357361,
35,177,0,0.310871958732605,
35,178,0,0.8362986445426941,
35,179,0,0.34340494871139526,
35,180,0,0.8016819953918457,
35,181,0,0.8111465573310852,
35,182,0,0.327966570854187,
35,183,0,0.17702466249465942,
35,184,0,0.7842331528663635,
35,185,0,0.7472416162490845,
35,186,0,0.2867186665534973,
35,187,0,0.7388836145401001,
35,188,0,0.7548361420631409,
35,189,0,0.2636452913284302,
35,190,0,0.06508004665374756,
35,191,0,0.4531462788581848,
35,192,0,0.7726626992225647,
35,193,0,0.7398009896278381,
35,194,0,0.7418738007545471,
35,195,0,0.85807204246521,
35,196,0,0.7492424845695496,
35,197,0,0.19381237030029297,
35,198,0,0.8040329217910767,
35,199,0,0.25110989809036255,
35,200,0,0.7488381862640381,
35,201,0,0.04926955699920654,
35,202,0,0.29239875078201294,
35,203,0,0.8360002636909485,
35,204,0,0.33257347345352173,
35,205,0,0.24889516830444336,
35,206,0,0.3449137210845947,
35,207,0,0.1540866494178772,
35,208,0,0.4751846194267273,
35,209,0,0.7835095524787903,
35,210,0,0.3185511827468872,
35,211,0,0.8218315839767456,
35,212,0,0.48830533027648926,
35,213,0,0.800285279750824,
35,214,0,0.8361660242080688,
35,215,0,0.8327499628067017,
35,216,0,0.4545651078224182,
35,217,0,0.8279910683631897,
35,218,0,0.8450790643692017,
35,219,0,0.7294620871543884,
35,220,0,0.2533189058303833,
35,221,0,0.7427682876586914,
35,222,0,0.3196259140968323,
35,223,0,0.4838883876800537,
35,224,0,0.8222718834877014,
35,225,0,0.29334694147109985,
35,226,0,0.8166514039039612,
35,227,0,0.17358213663101196,
35,228,0,0.7071866393089294,
35,229,0,0.42360353469848633,
35,230,0,0.4554136395454407,
35,231,0,0.8267484307289124,
35,232,0,0.8562088012695312,
35,233,0,0.8455445170402527,
35,234,0,0.827853798866272,
35,235,0,0.045176029205322266,
35,236,0,0.43975573778152466,
35,237,0,0.8328942656517029,
35,238,0,0.46773022413253784,
35,239,0,0.4092223048210144,
35,240,0,0.8166090250015259,
35,241,0,0.8251454830169678,
35,242,0,0.8249229192733765,
35,243,0,0.43952643871307373,
35,244,0,0.3074609637260437,
35,245,0,0.05052107572555542,
35,246,0,0.4297884702682495,
35,247,0,0.8350198864936829,
35,248,0,0.4487655758857727,
35,249,0,0.8160030841827393,
35,250,0,0.12175828218460083,
35,251,0,0.8454445600509644,
35,252,0,0.7714072465896606,
35,253,0,0.7517411708831787,
35,254,0,0.04063069820404053,
35,255,0,0.7534161806106567,
35,256,0,0.5574390292167664,
35,257,0,0.8489810824394226,
35,258,0,0.8346467018127441,
35,259,0,0.8441043496131897,
35,260,0,0.5115154981613159,
35,261,0,0.7448329329490662,
35,262,0,0.8349413871765137,
35,263,0,0.7257964015007019,
35,264,0,0.2870376706123352,
35,265,0,0.8366296887397766,
35,266,0,0.830435037612915,
35,267,0,0.8395922183990479,
35,268,0,0.3173227906227112,
35,269,0,0.4584028124809265,
35,270,0,0.5907520055770874,
35,271,0,0.804295539855957,
35,272,0,0.3835609555244446,
35,273,0,0.8421064615249634,
35,274,0,0.8305750489234924,
35,275,0,0.16065728664398193,
35,276,0,0.8175111413002014,
35,277,0,0.06575185060501099,
35,278,0,0.5385435819625854,
35,279,0,0.7401279211044312,
35,280,0,0.7694400548934937,
35,281,0,0.7922781705856323,
35,282,0,0.7433184385299683,
35,283,0,0.7553973197937012,
35,284,0,0.8495656251907349,
35,285,0,0.8247815370559692,
35,286,0,0.6496376991271973,
35,287,0,0.7277182340621948,
35,288,0,0.8125967383384705,
35,289,0,0.5188515186309814,
35,290,0,0.8239766955375671,
35,291,0,0.04769676923751831,
35,292,0,0.38448238372802734,
35,293,0,0.8460116386413574,
35,294,0,0.8348900079727173,
35,295,0,0.8332827091217041,
35,296,0,0.4833832383155823,
35,297,0,0.05115729570388794,
35,298,0,0.8556301593780518,
35,299,0,0.812006950378418,
35,300,0,0.423021137714386,
35,301,0,0.41144639253616333,
35,302,0,0.8401462435722351,
35,303,0,0.5990592241287231,
35,304,0,0.8434232473373413,
35,305,0,0.4681572914123535,
35,306,0,0.23396015167236328,
35,307,0,0.832171618938446,
35,308,0,0.840674638748169,
35,309,0,0.19652920961380005,
35,310,0,0.819888710975647,
35,311,0,0.38772910833358765,
35,312,0,0.8188686966896057,
35,313,0,0.8185439705848694,
35,314,0,0.41635847091674805,
35,315,0,0.7986074686050415,
35,316,0,0.8335227966308594,
35,317,0,0.6698790788650513,
35,318,0,0.3524358868598938,
35,319,0,0.31780940294265747,
35,320,0,0.7442160844802856,
35,321,0,0.8262971043586731,
35,322,0,0.829596996307373,
35,323,0,0.29583853483200073,
35,324,0,0.8487228155136108,
35,325,0,0.8014167547225952,
35,326,0,0.8115563988685608,
35,327,0,0.7325360774993896,
35,328,0,0.7334977388381958,
35,329,0,0.7678314447402954,
35,330,0,0.36834484338760376,
35,331,0,0.322174072265625,
35,332,0,0.8230995535850525,
35,333,0,0.24543964862823486,
35,334,0,0.8028631210327148,
35,335,0,0.3697943687438965,
35,336,0,0.8295612931251526,
35,337,0,0.44137364625930786,
35,338,0,0.6317973136901855,
35,339,0,0.7905268669128418,
35,340,0,0.8438194990158081,
35,341,0,0.0598483681678772,
35,342,0,0.7404754757881165,
35,343,0,0.610461950302124,
35,344,0,0.8171610832214355,
35,345,0,0.8279552459716797,
35,346,0,0.23863214254379272,
35,347,0,0.16898095607757568,
35,348,0,0.7479968667030334,
35,349,0,0.8221318125724792,
35,350,0,0.7974035143852234,
35,351,0,0.7713505029678345,
35,352,0,0.8236068487167358,
35,353,0,0.818803608417511,
35,354,0,0.6461924314498901,
35,355,0,0.16457444429397583,
35,356,0,0.8324135541915894,
35,357,0,0.7401072978973389,
35,358,0,0.20638203620910645,
35,359,0,0.779337465763092,
35,360,0,0.8381514549255371,
35,361,0,0.8438180088996887,
35,362,0,0.24886775016784668,
35,363,0,0.3117510676383972,
35,364,0,0.752124011516571,
35,365,0,0.8537169098854065,
35,366,0,0.8253453969955444,
35,367,0,0.8364956974983215,
35,368,0,0.820509135723114,
35,369,0,0.8081156015396118,
35,370,0,0.6178246736526489,
35,371,0,0.7146399021148682,
35,372,0,0.8198702931404114,
35,373,0,0.8272651433944702,
35,374,0,0.41683095693588257,
35,375,0,0.7503311634063721,
35,376,0,0.7638489007949829,
35,377,0,0.33529335260391235,
35,378,0,0.4055776000022888,
35,379,0,0.838336706161499,
35,380,0,0.3365791440010071,
35,381,0,0.3217468857765198,
35,382,0,0.3177213668823242,
35,383,0,0.847438395023346,
35,384,0,0.33650845289230347,
35,385,0,0.32469499111175537,
35,386,0,0.23612016439437866,
35,387,0,0.438632071018219,
35,388,0,0.05715310573577881,
35,389,0,0.7806954979896545,
35,390,0,0.7542346119880676,
35,391,0,0.7109944820404053,
35,392,0,0.6731586456298828,
35,393,0,0.30592143535614014,
35,394,0,0.47426843643188477,
35,395,0,0.814166784286499,
35,396,0,0.15668541193008423,
35,397,0,0.1845458745956421,
35,398,0,0.7982332110404968,
35,399,0,0.30161380767822266,
35,400,0,0.7109432220458984,
35,401,0,0.759519100189209,
35,402,0,0.8314344882965088,
35,403,0,0.806523323059082,
35,404,0,0.32124125957489014,
35,405,0,0.06523042917251587,
35,406,0,0.7618551850318909,
35,407,0,0.8388663530349731,
35,408,0,0.7978123426437378,
35,409,0,0.7109925746917725,
35,410,0,0.8338575959205627,
35,411,0,0.30573660135269165,
35,412,0,0.7963409423828125,
35,413,0,0.06791818141937256,
35,414,0,0.7799932360649109,
35,415,0,0.6385980844497681,
35,416,0,0.843654990196228,
35,417,0,0.0568353533744812,
35,418,0,0.496847927570343,
35,419,0,0.4738770127296448,
35,420,0,0.2546624541282654,
35,421,0,0.2598515748977661,
35,422,0,0.8189861178398132,
35,423,0,0.8357563018798828,
35,424,0,0.8404426574707031,
35,425,0,0.8126006126403809,
35,426,0,0.8113210201263428,
35,427,0,0.815461277961731,
35,428,0,0.45675456523895264,
35,429,0,0.8134599924087524,
35,430,0,0.2622183561325073,
35,431,0,0.7899999618530273,
35,432,0,0.746307373046875,
35,433,0,0.8241739273071289,
35,434,0,0.8276305198669434,
35,435,0,0.8140854835510254,
35,436,0,0.6036570072174072,
35,437,0,0.05195862054824829,
35,438,0,0.7236244678497314,
35,439,0,0.2198379635810852,
35,440,0,0.8491750955581665,
35,441,0,0.7831171751022339,
35,442,0,0.8203697204589844,
35,443,0,0.8112615942955017,
35,444,0,0.75650954246521,
35,445,0,0.8281721472740173,
35,446,0,0.7407987117767334,
35,447,0,0.3126745820045471,
35,448,0,0.055707454681396484,
35,449,0,0.7990758419036865,
35,450,0,0.7857569456100464,
35,451,0,0.25935178995132446,
35,452,0,0.8129281997680664,
35,453,0,0.2877102494239807,
35,454,0,0.41948574781417847,
35,455,0,0.5680903196334839,
35,456,0,0.725100040435791,
35,457,0,0.6620769500732422,
35,458,0,0.5159866809844971,
35,459,0,0.8327757120132446,
35,460,0,0.8165050745010376,
35,461,0,0.46684712171554565,
35,462,0,0.8077945113182068,
35,463,0,0.15037018060684204,
35,464,0,0.6057369112968445,
35,465,0,0.7451627254486084,
35,466,0,0.053089439868927,
35,467,0,0.8134160041809082,
35,468,0,0.6330375671386719,
35,469,0,0.799845814704895,
35,470,0,0.33835381269454956,
35,471,0,0.05380237102508545,
35,472,0,0.8432459831237793,
35,473,0,0.8358207941055298,
35,474,0,0.057617008686065674,
35,475,0,0.8299327492713928,
35,476,0,0.46261703968048096,
35,477,0,0.8334433436393738,
35,478,0,0.5207874774932861,
35,479,0,0.48078346252441406,
35,480,0,0.6671406030654907,
35,481,0,0.17213886976242065,
35,482,0,0.81566321849823,
35,483,0,0.8331156969070435,
35,484,0,0.8344026803970337,
35,485,0,0.46351903676986694,
35,486,0,0.7184454202651978,
35,487,0,0.3340686559677124,
35,488,0,0.7166434526443481,
35,489,0,0.8357666730880737,
35,490,0,0.7691938281059265,
35,491,0,0.8238940834999084,
35,492,0,0.6404526233673096,
35,493,0,0.740254819393158,
35,494,0,0.05964648723602295,
35,495,0,0.35951459407806396,
35,496,0,0.27899354696273804,
35,497,0,0.7772356271743774,
35,498,0,0.44819337129592896,
35,499,0,0.8401155471801758,
35,500,0,0.8035443425178528,
35,501,0,0.7689309120178223,
35,502,0,0.8331620693206787,
35,503,0,0.20680475234985352,
35,504,0,0.7479050755500793,
35,505,0,0.4684048295021057,
35,506,0,0.7673755288124084,
35,507,0,0.2786865830421448,
35,508,0,0.8394717574119568,
35,509,0,0.8411024808883667,
35,510,0,0.8220492601394653,
35,511,0,0.7688223719596863,
35,512,0,0.24719494581222534,
35,513,0,0.7228132486343384,
35,514,0,0.8096665143966675,
35,515,0,0.8028707504272461,
35,516,0,0.7398988604545593,
35,517,0,0.40028226375579834,
35,518,0,0.23151469230651855,
35,519,0,0.29706794023513794,
35,520,0,0.8228538632392883,
35,521,0,0.8328918218612671,
35,522,0,0.3545653820037842,
35,523,0,0.8571633696556091,
35,524,0,0.7294702529907227,
35,525,0,0.05180102586746216,
35,526,0,0.32551318407058716,
35,527,0,0.8366498947143555,
35,528,0,0.051533520221710205,
35,529,0,0.8220402598381042,
35,530,0,0.7960238456726074,
35,531,0,0.8468912243843079,
35,532,0,0.8023925423622131,
35,533,0,0.8329157829284668,
35,534,0,0.37876373529434204,
35,535,0,0.8192670941352844,
35,536,0,0.7921007871627808,
35,537,0,0.27981287240982056,
35,538,0,0.8242059946060181,
35,539,0,0.8089638948440552,
35,540,0,0.7872973680496216,
35,541,0,0.4289543032646179,
35,542,0,0.334292471408844,
35,543,0,0.8417394757270813,
35,544,0,0.061343252658843994,
35,545,0,0.39481526613235474,
35,546,0,0.44821929931640625,
35,547,0,0.06097954511642456,
35,548,0,0.7757854461669922,
35,549,0,0.31379491090774536,
35,550,0,0.8370243906974792,
35,551,0,0.8420286774635315,
35,552,0,0.7284046411514282,
35,553,0,0.4334518313407898,
35,554,0,0.6512162685394287,
35,555,0,0.2589232325553894,
35,556,0,0.7693760991096497,
35,557,0,0.8226261138916016,
35,558,0,0.39471518993377686,
35,559,0,0.6424371004104614,
35,560,0,0.7891228199005127,
35,561,0,0.8392582535743713,
35,562,0,0.16930121183395386,
35,563,0,0.8171012997627258,
35,564,0,0.46839606761932373,
35,565,0,0.3409327268600464,
35,566,0,0.372189998626709,
35,567,0,0.8194771409034729,
35,568,0,0.21403133869171143,
35,569,0,0.8212408423423767,
35,570,0,0.632473349571228,
35,571,0,0.6010286211967468,
35,572,0,0.3191652297973633,
35,573,0,0.8345303535461426,
35,574,0,0.3211119771003723,
35,575,0,0.2851904630661011,
35,576,0,0.795817494392395,
35,577,0,0.29543548822402954,
35,578,0,0.312203586101532,
35,579,0,0.7832360863685608,
35,580,0,0.28912365436553955,
35,581,0,0.39551860094070435,
35,582,0,0.8225774765014648,
35,583,0,0.768315851688385,
35,584,0,0.4400278925895691,
35,585,0,0.8157318234443665,
35,586,0,0.8258132934570312,
35,587,0,0.5835185050964355,
35,588,0,0.23260313272476196,
35,589,0,0.7192116975784302,
35,590,0,0.8218503594398499,
35,591,0,0.25910645723342896,
35,592,0,0.8167513012886047,
35,593,0,0.8303710222244263,
35,594,0,0.8205334544181824,
35,595,0,0.7358990907669067,
35,596,0,0.43362361192703247,
35,597,0,0.16854268312454224,
35,598,0,0.3038085103034973,
35,599,0,0.3422356843948364,
35,600,0,0.7552887797355652,
35,601,0,0.4210875630378723,
35,602,0,0.18992853164672852,
35,603,0,0.3173373341560364,
35,604,0,0.7470763921737671,
35,605,0,0.8009365797042847,
35,606,0,0.3057883381843567,
35,607,0,0.7524366974830627,
35,608,0,0.7117794752120972,
35,609,0,0.8354823589324951,
35,610,0,0.8429850339889526,
35,611,0,0.8539586067199707,
35,612,0,0.6563386917114258,
35,613,0,0.7658520340919495,
35,614,0,0.8337348699569702,
35,615,0,0.39255839586257935,
35,616,0,0.8360016942024231,
35,617,0,0.30040961503982544,
35,618,0,0.17029798030853271,
35,619,0,0.4169955849647522,
35,620,0,0.8450308442115784,
35,621,0,0.4236869812011719,
35,622,0,0.7733954787254333,
35,623,0,0.42993277311325073,
35,624,0,0.32533007860183716,
35,625,0,0.8511846661567688,
35,626,0,0.8241399526596069,
35,627,0,0.8180248737335205,
35,628,0,0.8564202189445496,
35,629,0,0.47904831171035767,
35,630,0,0.06351906061172485,
35,631,0,0.17930656671524048,
35,632,0,0.8199021220207214,
35,633,0,0.7274825572967529,
35,634,0,0.8363694548606873,
35,635,0,0.47994786500930786,
35,636,0,0.8123928904533386,
35,637,0,0.7133113145828247,
35,638,0,0.8351342082023621,
35,639,0,0.7574375867843628,
35,640,0,0.15305554866790771,
35,641,0,0.7699717879295349,
35,642,0,0.7802289128303528,
35,643,0,0.4223290681838989,
35,644,0,0.40345656871795654,
35,645,0,0.8132084608078003,
35,646,0,0.8284726142883301,
35,647,0,0.770785927772522,
35,648,0,0.8193695545196533,
35,649,0,0.046292126178741455,
35,650,0,0.7648149132728577,
35,651,0,0.43888264894485474,
35,652,0,0.7155709266662598,
35,653,0,0.5793441534042358,
35,654,0,0.7627359628677368,
35,655,0,0.2534042000770569,
35,656,0,0.24986201524734497,
35,657,0,0.37696951627731323,
35,658,0,0.753328800201416,
35,659,0,0.05219799280166626,
35,660,0,0.8444398045539856,
35,661,0,0.7546085119247437,
35,662,0,0.8414763808250427,
35,663,0,0.7330243587493896,
35,664,0,0.8385401964187622,
35,665,0,0.4306486248970032,
35,666,0,0.055604755878448486,
35,667,0,0.8156450390815735,
35,668,0,0.2974584698677063,
35,669,0,0.4629461169242859,
35,670,0,0.3798688054084778,
35,671,0,0.7611472606658936,
35,672,0,0.17667251825332642,
35,673,0,0.2777988314628601,
35,674,0,0.4105680584907532,
35,675,0,0.7615242004394531,
35,676,0,0.16509389877319336,
35,677,0,0.6076052188873291,
35,678,0,0.8336186408996582,
35,679,0,0.8075950741767883,
35,680,0,0.0601235032081604,
35,681,0,0.8377707004547119,
35,682,0,0.33025795221328735,
35,683,0,0.34748774766921997,
35,684,0,0.8179655075073242,
35,685,0,0.8117890357971191,
35,686,0,0.8179069757461548,
35,687,0,0.6216331720352173,
35,688,0,0.28924471139907837,
35,689,0,0.7579430341720581,
35,690,0,0.838771402835846,
35,691,0,0.16432464122772217,
35,692,0,0.3625521659851074,
35,693,0,0.7072129845619202,
35,694,0,0.7623567581176758,
35,695,0,0.7684416770935059,
35,696,0,0.19242554903030396,
35,697,0,0.7534130215644836,
35,698,0,0.8426787853240967,
35,699,0,0.44574981927871704,
35,700,0,0.2644524574279785,
35,701,0,0.8317149877548218,
35,702,0,0.7875331044197083,
35,703,0,0.825094997882843,
35,704,0,0.15963059663772583,
35,705,0,0.055091679096221924,
35,706,0,0.8433942198753357,
35,707,0,0.8057355284690857,
35,708,0,0.8448389172554016,
35,709,0,0.7542177438735962,
35,710,0,0.4123694896697998,
35,711,0,0.3523136377334595,
35,712,0,0.293948233127594,
35,713,0,0.4229535460472107,
35,714,0,0.845800518989563,
35,715,0,0.445176899433136,
35,716,0,0.7707698941230774,
35,717,0,0.6563847064971924,
35,718,0,0.8265653252601624,
35,719,0,0.8250751495361328,
35,720,0,0.7942267060279846,
35,721,0,0.7844770550727844,
35,722,0,0.7886707186698914,
35,723,0,0.16999679803848267,
35,724,0,0.7167767882347107,
35,725,0,0.2043474316596985,
35,726,0,0.8265682458877563,
35,727,0,0.8148922920227051,
35,728,0,0.19989395141601562,
35,729,0,0.4504436254501343,
35,730,0,0.37700897455215454,
35,731,0,0.8267363905906677,
35,732,0,0.8203663229942322,
35,733,0,0.4055747985839844,
35,734,0,0.824237048625946,
35,735,0,0.3229842782020569,
35,736,0,0.7577906847000122,
35,737,0,0.8073391318321228,
35,738,0,0.8225086331367493,
35,739,0,0.6208063960075378,
35,740,0,0.3067225217819214,
35,741,0,0.6961520910263062,
35,742,0,0.8260915279388428,
35,743,0,0.8444063663482666,
35,744,0,0.8073612451553345,
35,745,0,0.2867315411567688,
35,746,0,0.7436217665672302,
35,747,0,0.8370121717453003,
35,748,0,0.7254275679588318,
35,749,0,0.8204717040061951,
35,750,0,0.8336369395256042,
35,751,0,0.8235303163528442,
35,752,0,0.7678217887878418,
35,753,0,0.4746347665786743,
35,754,0,0.7355286478996277,
35,755,0,0.8395134806632996,
35,756,0,0.8272654414176941,
35,757,0,0.8400166630744934,
35,758,0,0.7025331258773804,
35,759,0,0.0537567138671875,
35,760,0,0.4494507312774658,
35,761,0,0.7444294691085815,
35,762,0,0.7777356505393982,
35,763,0,0.34182852506637573,
35,764,0,0.31704479455947876,
35,765,0,0.806762158870697,
35,766,0,0.17402631044387817,
35,767,0,0.7474809885025024,
35,768,0,0.8306800127029419,
35,769,0,0.20118480920791626,
35,770,0,0.7905963659286499,
35,771,0,0.7240220904350281,
35,772,0,0.8009899854660034,
35,773,0,0.20488661527633667,
35,774,0,0.8507531881332397,
35,775,0,0.795768678188324,
35,776,0,0.2631914019584656,
35,777,0,0.8251901865005493,
35,778,0,0.4302697777748108,
35,779,0,0.8347343802452087,
35,780,0,0.7575973868370056,
35,781,0,0.8358911275863647,
35,782,0,0.41243183612823486,
35,783,0,0.8091989755630493,
35,784,0,0.4043334722518921,
35,785,0,0.0472753643989563,
35,786,0,0.48030078411102295,
35,787,0,0.25789326429367065,
35,788,0,0.8317447304725647,
35,789,0,0.30370599031448364,
35,790,0,0.7770777344703674,
35,791,0,0.47582364082336426,
35,792,0,0.35342055559158325,
35,793,0,0.8008454442024231,
35,794,0,0.8342851400375366,
35,795,0,0.28889328241348267,
35,796,0,0.829047679901123,
35,797,0,0.061703383922576904,
35,798,0,0.46258580684661865,
35,799,0,0.8300062417984009,
35,val,,,0.5861209839582443
36,0,0,0.39939600229263306,
36,1,0,0.8164284229278564,
36,2,0,0.6700959205627441,
36,3,0,0.8377553820610046,
36,4,0,0.4082968831062317,
36,5,0,0.7663390636444092,
36,6,0,0.17150741815567017,
36,7,0,0.4766283631324768,
36,8,0,0.2421289086341858,
36,9,0,0.817539393901825,
36,10,0,0.0663447380065918,
36,11,0,0.8264265060424805,
36,12,0,0.8322060108184814,
36,13,0,0.8254697918891907,
36,14,0,0.7491459846496582,
36,15,0,0.8177646398544312,
36,16,0,0.5118071436882019,
36,17,0,0.3968047499656677,
36,18,0,0.8101018071174622,
36,19,0,0.8131535053253174,
36,20,0,0.7415817975997925,
36,21,0,0.476908802986145,
36,22,0,0.27460944652557373,
36,23,0,0.6871172189712524,
36,24,0,0.821344256401062,
36,25,0,0.7271132469177246,
36,26,0,0.8404979109764099,
36,27,0,0.38570696115493774,
36,28,0,0.28267014026641846,
36,29,0,0.4553301930427551,
36,30,0,0.8335161209106445,
36,31,0,0.794414758682251,
36,32,0,0.446499228477478,
36,33,0,0.7479315996170044,
36,34,0,0.808251142501831,
36,35,0,0.2732606530189514,
36,36,0,0.4240962862968445,
36,37,0,0.8268186450004578,
36,38,0,0.19669586420059204,
36,39,0,0.8418611288070679,
36,40,0,0.16279762983322144,
36,41,0,0.618930459022522,
36,42,0,0.4631088376045227,
36,43,0,0.04014688730239868,
36,44,0,0.7459508180618286,
36,45,0,0.46367818117141724,
36,46,0,0.05075967311859131,
36,47,0,0.049763500690460205,
36,48,0,0.8350599408149719,
36,49,0,0.3074840307235718,
36,50,0,0.8410325646400452,
36,51,0,0.3795388340950012,
36,52,0,0.43019038438796997,
36,53,0,0.051453471183776855,
36,54,0,0.8517975211143494,
36,55,0,0.44915932416915894,
36,56,0,0.7965683937072754,
36,57,0,0.49225765466690063,
36,58,0,0.881810188293457,
36,59,0,0.356645405292511,
36,60,0,0.42222505807876587,
36,61,0,0.5948086977005005,
36,62,0,0.8263511657714844,
36,63,0,0.2684270739555359,
36,64,0,0.2602270841598511,
36,65,0,0.7531694769859314,
36,66,0,0.7259379625320435,
36,67,0,0.43158674240112305,
36,68,0,0.8180216550827026,
36,69,0,0.44746750593185425,
36,70,0,0.5050386190414429,
36,71,0,0.6139681339263916,
36,72,0,0.6689252257347107,
36,73,0,0.8100427985191345,
36,74,0,0.8220193386077881,
36,75,0,0.6398595571517944,
36,76,0,0.8095338940620422,
36,77,0,0.7286903858184814,
36,78,0,0.1630868911743164,
36,79,0,0.8191691637039185,
36,80,0,0.46387040615081787,
36,81,0,0.8075397610664368,
36,82,0,0.05193215608596802,
36,83,0,0.8267967700958252,
36,84,0,0.8329514265060425,
36,85,0,0.5072683691978455,
36,86,0,0.8303587436676025,
36,87,0,0.5721851587295532,
36,88,0,0.8177334070205688,
36,89,0,0.4880993366241455,
36,90,0,0.7446340322494507,
36,91,0,0.8317973613739014,
36,92,0,0.8469935655593872,
36,93,0,0.8178020119667053,
36,94,0,0.48291778564453125,
36,95,0,0.8184263706207275,
36,96,0,0.27951711416244507,
36,97,0,0.8383527994155884,
36,98,0,0.6047993898391724,
36,99,0,0.834992527961731,
36,100,0,0.7441529035568237,
36,101,0,0.6631742715835571,
36,102,0,0.8278213143348694,
36,103,0,0.7914345264434814,
36,104,0,0.8387693166732788,
36,105,0,0.33840590715408325,
36,106,0,0.8242666125297546,
36,107,0,0.8192499279975891,
36,108,0,0.6295483112335205,
36,109,0,0.8205424547195435,
36,110,0,0.8465197086334229,
36,111,0,0.8185396194458008,
36,112,0,0.8385220766067505,
36,113,0,0.43358659744262695,
36,114,0,0.2573390007019043,
36,115,0,0.8251955509185791,
36,116,0,0.8362354040145874,
36,117,0,0.37005186080932617,
36,118,0,0.8124034404754639,
36,119,0,0.3368740677833557,
36,120,0,0.8214050531387329,
36,121,0,0.8429698944091797,
36,122,0,0.7269803881645203,
36,123,0,0.06775760650634766,
36,124,0,0.41773778200149536,
36,125,0,0.7575452327728271,
36,126,0,0.8475040197372437,
36,127,0,0.8254222273826599,
36,128,0,0.8115605115890503,
36,129,0,0.8372663855552673,
36,130,0,0.7238461375236511,
36,131,0,0.8348109126091003,
36,132,0,0.7805294990539551,
36,133,0,0.24236345291137695,
36,134,0,0.4260786175727844,
36,135,0,0.4873884916305542,
36,136,0,0.05799919366836548,
36,137,0,0.13460558652877808,
36,138,0,0.2569899559020996,
36,139,0,0.4793398976325989,
36,140,0,0.8182492852210999,
36,141,0,0.7686814069747925,
36,142,0,0.8348549604415894,
36,143,0,0.783137321472168,
36,144,0,0.8146137595176697,
36,145,0,0.21906977891921997,
36,146,0,0.6921007633209229,
36,147,0,0.23728227615356445,
36,148,0,0.7752528786659241,
36,149,0,0.7874826788902283,
36,150,0,0.8056960105895996,
36,151,0,0.8342231512069702,
36,152,0,0.7328078150749207,
36,153,0,0.8207846879959106,
36,154,0,0.8284851908683777,
36,155,0,0.7151474952697754,
36,156,0,0.04945021867752075,
36,157,0,0.6220465898513794,
36,158,0,0.7727911472320557,
36,159,0,0.8053207397460938,
36,160,0,0.34951841831207275,
36,161,0,0.06017798185348511,
36,162,0,0.8375799059867859,
36,163,0,0.2788269519805908,
36,164,0,0.3941238522529602,
36,165,0,0.7244091033935547,
36,166,0,0.2511600852012634,
36,167,0,0.8328329920768738,
36,168,0,0.8417840003967285,
36,169,0,0.14356613159179688,
36,170,0,0.7705577611923218,
36,171,0,0.7416542768478394,
36,172,0,0.7418085336685181,
36,173,0,0.6329467296600342,
36,174,0,0.7513715028762817,
36,175,0,0.4119310975074768,
36,176,0,0.7640650272369385,
36,177,0,0.30945146083831787,
36,178,0,0.83416348695755,
36,179,0,0.33813977241516113,
36,180,0,0.7913500070571899,
36,181,0,0.8094195127487183,
36,182,0,0.32921773195266724,
36,183,0,0.17427021265029907,
36,184,0,0.7825412154197693,
36,185,0,0.7441487312316895,
36,186,0,0.2848021388053894,
36,187,0,0.7350841760635376,
36,188,0,0.747638463973999,
36,189,0,0.26118361949920654,
36,190,0,0.06547027826309204,
36,191,0,0.45276564359664917,
36,192,0,0.7925087809562683,
36,193,0,0.7391691207885742,
36,194,0,0.7374609708786011,
36,195,0,0.8586740493774414,
36,196,0,0.7490484118461609,
36,197,0,0.19031983613967896,
36,198,0,0.8013019561767578,
36,199,0,0.25028401613235474,
36,200,0,0.7513904571533203,
36,201,0,0.04926496744155884,
36,202,0,0.2859202027320862,
36,203,0,0.8339780569076538,
36,204,0,0.3310982584953308,
36,205,0,0.24765223264694214,
36,206,0,0.3369552493095398,
36,207,0,0.1542690396308899,
36,208,0,0.4739376902580261,
36,209,0,0.7795076966285706,
36,210,0,0.3013190031051636,
36,211,0,0.8225943446159363,
36,212,0,0.48769891262054443,
36,213,0,0.7975165247917175,
36,214,0,0.8331913948059082,
36,215,0,0.8454086780548096,
36,216,0,0.45151960849761963,
36,217,0,0.8303729891777039,
36,218,0,0.828529953956604,
36,219,0,0.7344063520431519,
36,220,0,0.25436538457870483,
36,221,0,0.7429161071777344,
36,222,0,0.3175972104072571,
36,223,0,0.4836452603340149,
36,224,0,0.8206952810287476,
36,225,0,0.29676753282546997,
36,226,0,0.8159914016723633,
36,227,0,0.17303311824798584,
36,228,0,0.7071943283081055,
36,229,0,0.42242932319641113,
36,230,0,0.4535834789276123,
36,231,0,0.8314944505691528,
36,232,0,0.84952712059021,
36,233,0,0.8445051908493042,
36,234,0,0.8285227417945862,
36,235,0,0.04610586166381836,
36,236,0,0.4380927085876465,
36,237,0,0.833833634853363,
36,238,0,0.4666593670845032,
36,239,0,0.4050711393356323,
36,240,0,0.817549467086792,
36,241,0,0.8291196227073669,
36,242,0,0.824598491191864,
36,243,0,0.4398724436759949,
36,244,0,0.3065323829650879,
36,245,0,0.05042839050292969,
36,246,0,0.43200087547302246,
36,247,0,0.8361784219741821,
36,248,0,0.4503100514411926,
36,249,0,0.8176040649414062,
36,250,0,0.12141817808151245,
36,251,0,0.8451021313667297,
36,252,0,0.7754577994346619,
36,253,0,0.756490170955658,
36,254,0,0.040377795696258545,
36,255,0,0.7534152269363403,
36,256,0,0.5546964406967163,
36,257,0,0.841895580291748,
36,258,0,0.8271594047546387,
36,259,0,0.8485064506530762,
36,260,0,0.5096959471702576,
36,261,0,0.7491718530654907,
36,262,0,0.8303747177124023,
36,263,0,0.7272380590438843,
36,264,0,0.28731781244277954,
36,265,0,0.8359583616256714,
36,266,0,0.8281230330467224,
36,267,0,0.8397665619850159,
36,268,0,0.3225252032279968,
36,269,0,0.4562721252441406,
36,270,0,0.5949363708496094,
36,271,0,0.8279989361763,
36,272,0,0.38503509759902954,
36,273,0,0.8422443866729736,
36,274,0,0.8078939318656921,
36,275,0,0.16146248579025269,
36,276,0,0.8138753175735474,
36,277,0,0.06256181001663208,
36,278,0,0.5352885723114014,
36,279,0,0.7418345808982849,
36,280,0,0.7680203318595886,
36,281,0,0.7910993695259094,
36,282,0,0.741621732711792,
36,283,0,0.7561718821525574,
36,284,0,0.847549557685852,
36,285,0,0.8381960391998291,
36,286,0,0.6592811346054077,
36,287,0,0.7277681231498718,
36,288,0,0.8190208673477173,
36,289,0,0.5218929052352905,
36,290,0,0.8267722129821777,
36,291,0,0.04778796434402466,
36,292,0,0.38523417711257935,
36,293,0,0.84075528383255,
36,294,0,0.8357137441635132,
36,295,0,0.8482322096824646,
36,296,0,0.4827483892440796,
36,297,0,0.051061809062957764,
36,298,0,0.8448418378829956,
36,299,0,0.8102127313613892,
36,300,0,0.4169774651527405,
36,301,0,0.41113364696502686,
36,302,0,0.8385809063911438,
36,303,0,0.5944292545318604,
36,304,0,0.8420962691307068,
36,305,0,0.46627408266067505,
36,306,0,0.23152923583984375,
36,307,0,0.83476722240448,
36,308,0,0.8434758186340332,
36,309,0,0.20024865865707397,
36,310,0,0.8159922361373901,
36,311,0,0.3897619843482971,
36,312,0,0.8218562602996826,
36,313,0,0.8154761791229248,
36,314,0,0.4124796390533447,
36,315,0,0.8031507730484009,
36,316,0,0.8370288014411926,
36,317,0,0.664133608341217,
36,318,0,0.3737817406654358,
36,319,0,0.3164697289466858,
36,320,0,0.7441727519035339,
36,321,0,0.8321967124938965,
36,322,0,0.8219027519226074,
36,323,0,0.2978776693344116,
36,324,0,0.8481221199035645,
36,325,0,0.7985880970954895,
36,326,0,0.8078087568283081,
36,327,0,0.7367935180664062,
36,328,0,0.7304806113243103,
36,329,0,0.774863064289093,
36,330,0,0.36769992113113403,
36,331,0,0.32361698150634766,
36,332,0,0.8299469351768494,
36,333,0,0.24539637565612793,
36,334,0,0.806316077709198,
36,335,0,0.3771260380744934,
36,336,0,0.8281194567680359,
36,337,0,0.4425262212753296,
36,338,0,0.6299257278442383,
36,339,0,0.7895424365997314,
36,340,0,0.8445343375205994,
36,341,0,0.0590968132019043,
36,342,0,0.7485809326171875,
36,343,0,0.6115589141845703,
36,344,0,0.8216858506202698,
36,345,0,0.8267368674278259,
36,346,0,0.23093169927597046,
36,347,0,0.16752487421035767,
36,348,0,0.748913049697876,
36,349,0,0.8246676325798035,
36,350,0,0.7898114323616028,
36,351,0,0.7724295854568481,
36,352,0,0.8226820826530457,
36,353,0,0.8214212656021118,
36,354,0,0.6481209993362427,
36,355,0,0.1622152328491211,
36,356,0,0.8314955830574036,
36,357,0,0.756108820438385,
36,358,0,0.20649129152297974,
36,359,0,0.7786111831665039,
36,360,0,0.8510057926177979,
36,361,0,0.8437062501907349,
36,362,0,0.24979454278945923,
36,363,0,0.3114702105522156,
36,364,0,0.7554327249526978,
36,365,0,0.8457174301147461,
36,366,0,0.8263086080551147,
36,367,0,0.832822322845459,
36,368,0,0.8287177085876465,
36,369,0,0.8074424266815186,
36,370,0,0.6153616309165955,
36,371,0,0.7257251739501953,
36,372,0,0.8257739543914795,
36,373,0,0.8356297612190247,
36,374,0,0.41834497451782227,
36,375,0,0.743293285369873,
36,376,0,0.7638713121414185,
36,377,0,0.33331018686294556,
36,378,0,0.40264755487442017,
36,379,0,0.838931143283844,
36,380,0,0.3401985764503479,
36,381,0,0.32020318508148193,
36,382,0,0.3219788670539856,
36,383,0,0.8404433727264404,
36,384,0,0.33152246475219727,
36,385,0,0.32596129179000854,
36,386,0,0.23567038774490356,
36,387,0,0.4383384585380554,
36,388,0,0.05763453245162964,
36,389,0,0.7810097932815552,
36,390,0,0.7561343908309937,
36,391,0,0.7041501998901367,
36,392,0,0.672600507736206,
36,393,0,0.31016480922698975,
36,394,0,0.4752960801124573,
36,395,0,0.8107646107673645,
36,396,0,0.1555880308151245,
36,397,0,0.18291890621185303,
36,398,0,0.8009486198425293,
36,399,0,0.30362212657928467,
36,400,0,0.7067615985870361,
36,401,0,0.75413978099823,
36,402,0,0.8302388787269592,
36,403,0,0.8028219938278198,
36,404,0,0.319019615650177,
36,405,0,0.06297463178634644,
36,406,0,0.7607153654098511,
36,407,0,0.8359798192977905,
36,408,0,0.7858225703239441,
36,409,0,0.7063636779785156,
36,410,0,0.8313289880752563,
36,411,0,0.30554038286209106,
36,412,0,0.7909625172615051,
36,413,0,0.06822234392166138,
36,414,0,0.7815765142440796,
36,415,0,0.6333519220352173,
36,416,0,0.8344030976295471,
36,417,0,0.0554385781288147,
36,418,0,0.49686241149902344,
36,419,0,0.4730793833732605,
36,420,0,0.2553483247756958,
36,421,0,0.2564235329627991,
36,422,0,0.8257046937942505,
36,423,0,0.834412693977356,
36,424,0,0.8198238611221313,
36,425,0,0.8131961822509766,
36,426,0,0.8161147832870483,
36,427,0,0.8137648701667786,
36,428,0,0.45677268505096436,
36,429,0,0.8127726912498474,
36,430,0,0.2619818449020386,
36,431,0,0.7970224022865295,
36,432,0,0.7531641125679016,
36,433,0,0.8271529674530029,
36,434,0,0.8257611989974976,
36,435,0,0.8211530447006226,
36,436,0,0.6045135855674744,
36,437,0,0.05333346128463745,
36,438,0,0.7089971303939819,
36,439,0,0.22001725435256958,
36,440,0,0.8476262092590332,
36,441,0,0.7841733694076538,
36,442,0,0.8223356008529663,
36,443,0,0.813801646232605,
36,444,0,0.7570705413818359,
36,445,0,0.8238329887390137,
36,446,0,0.7525588870048523,
36,447,0,0.3111812472343445,
36,448,0,0.05190235376358032,
36,449,0,0.7987788915634155,
36,450,0,0.7744898200035095,
36,451,0,0.258969247341156,
36,452,0,0.8377394080162048,
36,453,0,0.2872355580329895,
36,454,0,0.420024573802948,
36,455,0,0.5702519416809082,
36,456,0,0.7257063388824463,
36,457,0,0.6597065329551697,
36,458,0,0.5159295797348022,
36,459,0,0.8243809938430786,
36,460,0,0.8170775771141052,
36,461,0,0.4636726379394531,
36,462,0,0.8060373067855835,
36,463,0,0.15112560987472534,
36,464,0,0.6049001812934875,
36,465,0,0.745590090751648,
36,466,0,0.04690057039260864,
36,467,0,0.8167365789413452,
36,468,0,0.6327414512634277,
36,469,0,0.788988471031189,
36,470,0,0.3365281820297241,
36,471,0,0.05300027132034302,
36,472,0,0.8385390639305115,
36,473,0,0.8397702574729919,
36,474,0,0.056675732135772705,
36,475,0,0.8280013799667358,
36,476,0,0.46176373958587646,
36,477,0,0.8275967836380005,
36,478,0,0.5219826698303223,
36,479,0,0.48075902462005615,
36,480,0,0.65934157371521,
36,481,0,0.17309701442718506,
36,482,0,0.8040426969528198,
36,483,0,0.8369455337524414,
36,484,0,0.8343241810798645,
36,485,0,0.4348064661026001,
36,486,0,0.7177976965904236,
36,487,0,0.3375023603439331,
36,488,0,0.7123957276344299,
36,489,0,0.8333737850189209,
36,490,0,0.7603170275688171,
36,491,0,0.8242899179458618,
36,492,0,0.6433407664299011,
36,493,0,0.7411335706710815,
36,494,0,0.05911022424697876,
36,495,0,0.3554794192314148,
36,496,0,0.2788535952568054,
36,497,0,0.7773237228393555,
36,498,0,0.44961655139923096,
36,499,0,0.8416680097579956,
36,500,0,0.8079169988632202,
36,501,0,0.769964337348938,
36,502,0,0.8306156396865845,
36,503,0,0.2073078155517578,
36,504,0,0.7451233267784119,
36,505,0,0.46554332971572876,
36,506,0,0.7683157920837402,
36,507,0,0.2777829170227051,
36,508,0,0.8418906927108765,
36,509,0,0.8393707275390625,
36,510,0,0.8240987062454224,
36,511,0,0.7626813650131226,
36,512,0,0.24779409170150757,
36,513,0,0.7255053520202637,
36,514,0,0.8033577799797058,
36,515,0,0.805870771408081,
36,516,0,0.7369842529296875,
36,517,0,0.3995864987373352,
36,518,0,0.23060423135757446,
36,519,0,0.29745805263519287,
36,520,0,0.821607768535614,
36,521,0,0.8306838274002075,
36,522,0,0.3587338924407959,
36,523,0,0.856456995010376,
36,524,0,0.7389820218086243,
36,525,0,0.05255371332168579,
36,526,0,0.3218889832496643,
36,527,0,0.8348504304885864,
36,528,0,0.052089035511016846,
36,529,0,0.8285965323448181,
36,530,0,0.7986031770706177,
36,531,0,0.8427313566207886,
36,532,0,0.7978392839431763,
36,533,0,0.8266153931617737,
36,534,0,0.37937647104263306,
36,535,0,0.820586085319519,
36,536,0,0.7908779382705688,
36,537,0,0.27770286798477173,
36,538,0,0.8244789838790894,
36,539,0,0.8074910640716553,
36,540,0,0.787235677242279,
36,541,0,0.42775893211364746,
36,542,0,0.3345104455947876,
36,543,0,0.8406897187232971,
36,544,0,0.0601428747177124,
36,545,0,0.3957751393318176,
36,546,0,0.4528045654296875,
36,547,0,0.062026798725128174,
36,548,0,0.7749790549278259,
36,549,0,0.31149041652679443,
36,550,0,0.8360046744346619,
36,551,0,0.8401911854743958,
36,552,0,0.7285237312316895,
36,553,0,0.4340454339981079,
36,554,0,0.6508339643478394,
36,555,0,0.26086169481277466,
36,556,0,0.7703043818473816,
36,557,0,0.8278304934501648,
36,558,0,0.3952430486679077,
36,559,0,0.6414724588394165,
36,560,0,0.7856312990188599,
36,561,0,0.8177611231803894,
36,562,0,0.16960102319717407,
36,563,0,0.8284550309181213,
36,564,0,0.47244793176651,
36,565,0,0.33708763122558594,
36,566,0,0.3693896532058716,
36,567,0,0.8362991809844971,
36,568,0,0.2130853533744812,
36,569,0,0.8198721408843994,
36,570,0,0.6250722408294678,
36,571,0,0.604196310043335,
36,572,0,0.3154835104942322,
36,573,0,0.8411409854888916,
36,574,0,0.320561945438385,
36,575,0,0.28658854961395264,
36,576,0,0.8017191886901855,
36,577,0,0.2944168448448181,
36,578,0,0.31239110231399536,
36,579,0,0.7862833738327026,
36,580,0,0.2886415123939514,
36,581,0,0.3998299241065979,
36,582,0,0.8296502232551575,
36,583,0,0.7660568952560425,
36,584,0,0.4395003318786621,
36,585,0,0.8133053779602051,
36,586,0,0.8319312930107117,
36,587,0,0.5825901031494141,
36,588,0,0.2303345799446106,
36,589,0,0.7171351313591003,
36,590,0,0.8222746849060059,
36,591,0,0.25508153438568115,
36,592,0,0.8208847641944885,
36,593,0,0.8252841830253601,
36,594,0,0.8191804885864258,
36,595,0,0.7554426789283752,
36,596,0,0.43521177768707275,
36,597,0,0.16844671964645386,
36,598,0,0.3029334545135498,
36,599,0,0.3407058119773865,
36,600,0,0.7498433589935303,
36,601,0,0.42397749423980713,
36,602,0,0.19152820110321045,
36,603,0,0.3048577904701233,
36,604,0,0.7450970411300659,
36,605,0,0.7845097780227661,
36,606,0,0.3047340512275696,
36,607,0,0.7526566982269287,
36,608,0,0.7155765891075134,
36,609,0,0.8349432945251465,
36,610,0,0.8346824049949646,
36,611,0,0.8561145663261414,
36,612,0,0.6591551303863525,
36,613,0,0.7644388675689697,
36,614,0,0.8309544324874878,
36,615,0,0.3910341262817383,
36,616,0,0.8444474339485168,
36,617,0,0.3081817626953125,
36,618,0,0.16940009593963623,
36,619,0,0.41451507806777954,
36,620,0,0.8377620577812195,
36,621,0,0.4216100573539734,
36,622,0,0.7773259282112122,
36,623,0,0.4265686273574829,
36,624,0,0.3209819197654724,
36,625,0,0.8490918874740601,
36,626,0,0.8120782971382141,
36,627,0,0.8195704221725464,
36,628,0,0.8429829478263855,
36,629,0,0.4757566452026367,
36,630,0,0.06304663419723511,
36,631,0,0.17901992797851562,
36,632,0,0.8135765790939331,
36,633,0,0.720273494720459,
36,634,0,0.8351434469223022,
36,635,0,0.47975003719329834,
36,636,0,0.8122903108596802,
36,637,0,0.7146164178848267,
36,638,0,0.8206337690353394,
36,639,0,0.7539113759994507,
36,640,0,0.1520875096321106,
36,641,0,0.7570455074310303,
36,642,0,0.7827025651931763,
36,643,0,0.4244891405105591,
36,644,0,0.3998044729232788,
36,645,0,0.8083548545837402,
36,646,0,0.8275893926620483,
36,647,0,0.7715679407119751,
36,648,0,0.8154941201210022,
36,649,0,0.04757404327392578,
36,650,0,0.7640514969825745,
36,651,0,0.43812084197998047,
36,652,0,0.7062606811523438,
36,653,0,0.5797245502471924,
36,654,0,0.7634638547897339,
36,655,0,0.24830669164657593,
36,656,0,0.2490646243095398,
36,657,0,0.3787458539009094,
36,658,0,0.7370624542236328,
36,659,0,0.05161350965499878,
36,660,0,0.8476259708404541,
36,661,0,0.7491005659103394,
36,662,0,0.8268662691116333,
36,663,0,0.7275480628013611,
36,664,0,0.841585636138916,
36,665,0,0.4279462695121765,
36,666,0,0.05649501085281372,
36,667,0,0.8168239593505859,
36,668,0,0.29778456687927246,
36,669,0,0.46426457166671753,
36,670,0,0.37968558073043823,
36,671,0,0.7609443664550781,
36,672,0,0.17573457956314087,
36,673,0,0.27836596965789795,
36,674,0,0.4095856547355652,
36,675,0,0.7621321678161621,
36,676,0,0.16305214166641235,
36,677,0,0.6042101979255676,
36,678,0,0.8355368971824646,
36,679,0,0.8054941296577454,
36,680,0,0.06160527467727661,
36,681,0,0.8360821008682251,
36,682,0,0.3289390206336975,
36,683,0,0.3494342565536499,
36,684,0,0.8329017162322998,
36,685,0,0.8208274245262146,
36,686,0,0.8083493709564209,
36,687,0,0.6219052076339722,
36,688,0,0.2880057096481323,
36,689,0,0.7596765756607056,
36,690,0,0.8409360647201538,
36,691,0,0.1629912257194519,
36,692,0,0.3635355830192566,
36,693,0,0.7074244022369385,
36,694,0,0.7658073306083679,
36,695,0,0.7650009989738464,
36,696,0,0.19123733043670654,
36,697,0,0.7530547380447388,
36,698,0,0.8491149544715881,
36,699,0,0.44967347383499146,
36,700,0,0.2645167112350464,
36,701,0,0.8366851210594177,
36,702,0,0.7876145839691162,
36,703,0,0.821188747882843,
36,704,0,0.15785294771194458,
36,705,0,0.05673617124557495,
36,706,0,0.8487059473991394,
36,707,0,0.8052226305007935,
36,708,0,0.8449381589889526,
36,709,0,0.7581145763397217,
36,710,0,0.4114835858345032,
36,711,0,0.35387760400772095,
36,712,0,0.2997139096260071,
36,713,0,0.4223651885986328,
36,714,0,0.8442794680595398,
36,715,0,0.4464234709739685,
36,716,0,0.7687825560569763,
36,717,0,0.6560524702072144,
36,718,0,0.8352460861206055,
36,719,0,0.8278892040252686,
36,720,0,0.7919279336929321,
36,721,0,0.7830248475074768,
36,722,0,0.7874931693077087,
36,723,0,0.17141515016555786,
36,724,0,0.7168908715248108,
36,725,0,0.20386344194412231,
36,726,0,0.8279862999916077,
36,727,0,0.8092626333236694,
36,728,0,0.1973332166671753,
36,729,0,0.45164400339126587,
36,730,0,0.3704566955566406,
36,731,0,0.8272677659988403,
36,732,0,0.8073900938034058,
36,733,0,0.4093761444091797,
36,734,0,0.8232247829437256,
36,735,0,0.32270318269729614,
36,736,0,0.7540804147720337,
36,737,0,0.8119230270385742,
36,738,0,0.8231149911880493,
36,739,0,0.6200813055038452,
36,740,0,0.30814188718795776,
36,741,0,0.6950887441635132,
36,742,0,0.8273840546607971,
36,743,0,0.8461437225341797,
36,744,0,0.8021270036697388,
36,745,0,0.29034101963043213,
36,746,0,0.7417131662368774,
36,747,0,0.833166241645813,
36,748,0,0.7349564433097839,
36,749,0,0.8249770402908325,
36,750,0,0.8319239020347595,
36,751,0,0.8252283334732056,
36,752,0,0.7625214457511902,
36,753,0,0.4741377830505371,
36,754,0,0.7408024668693542,
36,755,0,0.8394824266433716,
36,756,0,0.8281893730163574,
36,757,0,0.8381643295288086,
36,758,0,0.7082087993621826,
36,759,0,0.0523838996887207,
36,760,0,0.4480670690536499,
36,761,0,0.7434066534042358,
36,762,0,0.7772623300552368,
36,763,0,0.3397592306137085,
36,764,0,0.31780076026916504,
36,765,0,0.8040194511413574,
36,766,0,0.17429453134536743,
36,767,0,0.7541636228561401,
36,768,0,0.8283579349517822,
36,769,0,0.20240050554275513,
36,770,0,0.7881407737731934,
36,771,0,0.7219329476356506,
36,772,0,0.8043164014816284,
36,773,0,0.20614242553710938,
36,774,0,0.8373776078224182,
36,775,0,0.799159586429596,
36,776,0,0.2647078037261963,
36,777,0,0.8217265009880066,
36,778,0,0.4338234066963196,
36,779,0,0.8333178162574768,
36,780,0,0.7555462718009949,
36,781,0,0.828493058681488,
36,782,0,0.4112233519554138,
36,783,0,0.8063099980354309,
36,784,0,0.4041981101036072,
36,785,0,0.04672485589981079,
36,786,0,0.4841254949569702,
36,787,0,0.25838905572891235,
36,788,0,0.8267481923103333,
36,789,0,0.3095768094062805,
36,790,0,0.778046727180481,
36,791,0,0.4798310399055481,
36,792,0,0.3503543734550476,
36,793,0,0.8068735599517822,
36,794,0,0.8358423113822937,
36,795,0,0.28869467973709106,
36,796,0,0.8285646438598633,
36,797,0,0.06152963638305664,
36,798,0,0.46300506591796875,
36,799,0,0.8268757462501526,
36,val,,,0.5863075947761536
37,0,0,0.3987281918525696,
37,1,0,0.8148314952850342,
37,2,0,0.6779583096504211,
37,3,0,0.8321024775505066,
37,4,0,0.407135546207428,
37,5,0,0.7675811052322388,
37,6,0,0.17044293880462646,
37,7,0,0.47506415843963623,
37,8,0,0.24210089445114136,
37,9,0,0.8180220127105713,
37,10,0,0.06541997194290161,
37,11,0,0.8247023224830627,
37,12,0,0.8326880931854248,
37,13,0,0.8237919211387634,
37,14,0,0.749373197555542,
37,15,0,0.8169021010398865,
37,16,0,0.5105953216552734,
37,17,0,0.3968234062194824,
37,18,0,0.808686375617981,
37,19,0,0.8244490623474121,
37,20,0,0.7423908710479736,
37,21,0,0.47689878940582275,
37,22,0,0.2758029103279114,
37,23,0,0.6860390901565552,
37,24,0,0.8205731511116028,
37,25,0,0.727019190788269,
37,26,0,0.8392754793167114,
37,27,0,0.3850075602531433,
37,28,0,0.2815799117088318,
37,29,0,0.45514047145843506,
37,30,0,0.8371882438659668,
37,31,0,0.8026643991470337,
37,32,0,0.4485366940498352,
37,33,0,0.753750741481781,
37,34,0,0.8086076974868774,
37,35,0,0.2709694504737854,
37,36,0,0.42701971530914307,
37,37,0,0.824059247970581,
37,38,0,0.19537580013275146,
37,39,0,0.841192364692688,
37,40,0,0.1637905240058899,
37,41,0,0.6242889165878296,
37,42,0,0.4607863426208496,
37,43,0,0.04064929485321045,
37,44,0,0.7464351654052734,
37,45,0,0.4606693387031555,
37,46,0,0.051922500133514404,
37,47,0,0.0498773455619812,
37,48,0,0.8341206312179565,
37,49,0,0.30714350938796997,
37,50,0,0.8411117792129517,
37,51,0,0.3761892318725586,
37,52,0,0.43126171827316284,
37,53,0,0.05168724060058594,
37,54,0,0.8525197505950928,
37,55,0,0.44793635606765747,
37,56,0,0.7913137078285217,
37,57,0,0.49842995405197144,
37,58,0,0.8542150855064392,
37,59,0,0.35856014490127563,
37,60,0,0.42103296518325806,
37,61,0,0.5987669229507446,
37,62,0,0.8253511786460876,
37,63,0,0.2667849659919739,
37,64,0,0.2593466639518738,
37,65,0,0.7714935541152954,
37,66,0,0.728807806968689,
37,67,0,0.436867892742157,
37,68,0,0.8345557451248169,
37,69,0,0.44565141201019287,
37,70,0,0.5045380592346191,
37,71,0,0.6163122653961182,
37,72,0,0.6688005924224854,
37,73,0,0.8068869113922119,
37,74,0,0.8182145357131958,
37,75,0,0.6410911083221436,
37,76,0,0.8133295178413391,
37,77,0,0.7245502471923828,
37,78,0,0.16242599487304688,
37,79,0,0.8187875747680664,
37,80,0,0.4781293272972107,
37,81,0,0.815258800983429,
37,82,0,0.051331400871276855,
37,83,0,0.8099691867828369,
37,84,0,0.8288729190826416,
37,85,0,0.5064812898635864,
37,86,0,0.8133757710456848,
37,87,0,0.570409893989563,
37,88,0,0.8143373727798462,
37,89,0,0.48887109756469727,
37,90,0,0.7392711639404297,
37,91,0,0.8464092016220093,
37,92,0,0.8519437313079834,
37,93,0,0.8163432478904724,
37,94,0,0.4837590456008911,
37,95,0,0.8235526084899902,
37,96,0,0.27855587005615234,
37,97,0,0.8411120772361755,
37,98,0,0.6112682223320007,
37,99,0,0.8213400840759277,
37,100,0,0.7464302778244019,
37,101,0,0.663817822933197,
37,102,0,0.8246928453445435,
37,103,0,0.7819045782089233,
37,104,0,0.8381154537200928,
37,105,0,0.33372199535369873,
37,106,0,0.8284034729003906,
37,107,0,0.8197745680809021,
37,108,0,0.6303918957710266,
37,109,0,0.817634105682373,
37,110,0,0.8518757820129395,
37,111,0,0.8146500587463379,
37,112,0,0.8342271447181702,
37,113,0,0.4301198720932007,
37,114,0,0.2576919198036194,
37,115,0,0.8284411430358887,
37,116,0,0.8189296126365662,
37,117,0,0.3697274923324585,
37,118,0,0.8099883198738098,
37,119,0,0.33653420209884644,
37,120,0,0.8216713666915894,
37,121,0,0.8397296667098999,
37,122,0,0.7293040752410889,
37,123,0,0.0683090090751648,
37,124,0,0.4160034656524658,
37,125,0,0.7595264911651611,
37,126,0,0.8321409225463867,
37,127,0,0.822789192199707,
37,128,0,0.81964111328125,
37,129,0,0.840477466583252,
37,130,0,0.72550368309021,
37,131,0,0.8379538059234619,
37,132,0,0.7834431529045105,
37,133,0,0.24217623472213745,
37,134,0,0.42449283599853516,
37,135,0,0.4860571622848511,
37,136,0,0.055699169635772705,
37,137,0,0.1346915364265442,
37,138,0,0.2575419545173645,
37,139,0,0.4776822328567505,
37,140,0,0.8126679062843323,
37,141,0,0.7742790579795837,
37,142,0,0.8247664570808411,
37,143,0,0.781992495059967,
37,144,0,0.814716100692749,
37,145,0,0.21768850088119507,
37,146,0,0.6882550716400146,
37,147,0,0.23709970712661743,
37,148,0,0.7782408595085144,
37,149,0,0.7886635065078735,
37,150,0,0.807043194770813,
37,151,0,0.8157461881637573,
37,152,0,0.7336399555206299,
37,153,0,0.8215236067771912,
37,154,0,0.8253110647201538,
37,155,0,0.7138018608093262,
37,156,0,0.049421608448028564,
37,157,0,0.6241613030433655,
37,158,0,0.7772022485733032,
37,159,0,0.8064125180244446,
37,160,0,0.34585100412368774,
37,161,0,0.059808552265167236,
37,162,0,0.8379913568496704,
37,163,0,0.2798915505409241,
37,164,0,0.38305383920669556,
37,165,0,0.7247360944747925,
37,166,0,0.25128114223480225,
37,167,0,0.8336108326911926,
37,168,0,0.8418785929679871,
37,169,0,0.14354020357131958,
37,170,0,0.7762089967727661,
37,171,0,0.7410620450973511,
37,172,0,0.7385238409042358,
37,173,0,0.6337600946426392,
37,174,0,0.7513118982315063,
37,175,0,0.4074208736419678,
37,176,0,0.7642148733139038,
37,177,0,0.30776309967041016,
37,178,0,0.8349417448043823,
37,179,0,0.34239083528518677,
37,180,0,0.8006950616836548,
37,181,0,0.8001776933670044,
37,182,0,0.3283543586730957,
37,183,0,0.17752015590667725,
37,184,0,0.7855620384216309,
37,185,0,0.744516134262085,
37,186,0,0.28914302587509155,
37,187,0,0.7379876375198364,
37,188,0,0.7501717209815979,
37,189,0,0.2610499858856201,
37,190,0,0.06510734558105469,
37,191,0,0.45191794633865356,
37,192,0,0.776889443397522,
37,193,0,0.7401348948478699,
37,194,0,0.7382974624633789,
37,195,0,0.8601506948471069,
37,196,0,0.7487555742263794,
37,197,0,0.19000691175460815,
37,198,0,0.8036977052688599,
37,199,0,0.25041061639785767,
37,200,0,0.7551636099815369,
37,201,0,0.048439204692840576,
37,202,0,0.2842421531677246,
37,203,0,0.8368923664093018,
37,204,0,0.33446913957595825,
37,205,0,0.24391067028045654,
37,206,0,0.33677518367767334,
37,207,0,0.15328580141067505,
37,208,0,0.47440892457962036,
37,209,0,0.7929999828338623,
37,210,0,0.29807281494140625,
37,211,0,0.8171601295471191,
37,212,0,0.4858133792877197,
37,213,0,0.809629499912262,
37,214,0,0.835668683052063,
37,215,0,0.8305496573448181,
37,216,0,0.4521934390068054,
37,217,0,0.8283444046974182,
37,218,0,0.840137243270874,
37,219,0,0.7268095016479492,
37,220,0,0.2528236508369446,
37,221,0,0.743868350982666,
37,222,0,0.3179035186767578,
37,223,0,0.48382776975631714,
37,224,0,0.8223863840103149,
37,225,0,0.2963734269142151,
37,226,0,0.8153427839279175,
37,227,0,0.17381399869918823,
37,228,0,0.7114132642745972,
37,229,0,0.4228397011756897,
37,230,0,0.45359253883361816,
37,231,0,0.8292421698570251,
37,232,0,0.8506637811660767,
37,233,0,0.843183159828186,
37,234,0,0.824571967124939,
37,235,0,0.0443456768989563,
37,236,0,0.45643728971481323,
37,237,0,0.8352811932563782,
37,238,0,0.4661070704460144,
37,239,0,0.4097965955734253,
37,240,0,0.8192380666732788,
37,241,0,0.8252248764038086,
37,242,0,0.8233954310417175,
37,243,0,0.43924570083618164,
37,244,0,0.30664241313934326,
37,245,0,0.05210334062576294,
37,246,0,0.4309924244880676,
37,247,0,0.8336949944496155,
37,248,0,0.4519038796424866,
37,249,0,0.8192676305770874,
37,250,0,0.1303887963294983,
37,251,0,0.8451327681541443,
37,252,0,0.7711438536643982,
37,253,0,0.7592238187789917,
37,254,0,0.039619266986846924,
37,255,0,0.7549693584442139,
37,256,0,0.5538109540939331,
37,257,0,0.8457837104797363,
37,258,0,0.8260030150413513,
37,259,0,0.8630873560905457,
37,260,0,0.5106146335601807,
37,261,0,0.7479400038719177,
37,262,0,0.8225209712982178,
37,263,0,0.7276678085327148,
37,264,0,0.2874653935432434,
37,265,0,0.8498494029045105,
37,266,0,0.8291632533073425,
37,267,0,0.8298361301422119,
37,268,0,0.3223947286605835,
37,269,0,0.4584309458732605,
37,270,0,0.5988298654556274,
37,271,0,0.808790385723114,
37,272,0,0.3813524842262268,
37,273,0,0.8398313522338867,
37,274,0,0.8207769989967346,
37,275,0,0.16046637296676636,
37,276,0,0.8133484125137329,
37,277,0,0.06318062543869019,
37,278,0,0.5307037234306335,
37,279,0,0.7408285140991211,
37,280,0,0.7728356122970581,
37,281,0,0.7906297445297241,
37,282,0,0.7422783374786377,
37,283,0,0.75439453125,
37,284,0,0.843035101890564,
37,285,0,0.8332042694091797,
37,286,0,0.6494723558425903,
37,287,0,0.7294211983680725,
37,288,0,0.8275454044342041,
37,289,0,0.5256742238998413,
37,290,0,0.8292319178581238,
37,291,0,0.047879695892333984,
37,292,0,0.383979856967926,
37,293,0,0.8414647579193115,
37,294,0,0.8404368162155151,
37,295,0,0.8318287134170532,
37,296,0,0.4806954264640808,
37,297,0,0.05086153745651245,
37,298,0,0.8515169024467468,
37,299,0,0.8091331124305725,
37,300,0,0.42089539766311646,
37,301,0,0.41358762979507446,
37,302,0,0.8410794138908386,
37,303,0,0.5935580730438232,
37,304,0,0.8410626649856567,
37,305,0,0.4678645133972168,
37,306,0,0.231708824634552,
37,307,0,0.8307963609695435,
37,308,0,0.8370406627655029,
37,309,0,0.19961076974868774,
37,310,0,0.8180887699127197,
37,311,0,0.3884735107421875,
37,312,0,0.8199490904808044,
37,313,0,0.8179985284805298,
37,314,0,0.4128844141960144,
37,315,0,0.7962765693664551,
37,316,0,0.838293731212616,
37,317,0,0.6655277609825134,
37,318,0,0.3716481328010559,
37,319,0,0.31449657678604126,
37,320,0,0.7434563040733337,
37,321,0,0.8266742825508118,
37,322,0,0.825427770614624,
37,323,0,0.294564425945282,
37,324,0,0.8469407558441162,
37,325,0,0.7982346415519714,
37,326,0,0.8080962896347046,
37,327,0,0.7334789037704468,
37,328,0,0.7312719821929932,
37,329,0,0.7721338272094727,
37,330,0,0.3647992014884949,
37,331,0,0.31941574811935425,
37,332,0,0.8311704397201538,
37,333,0,0.24478250741958618,
37,334,0,0.8118113875389099,
37,335,0,0.36660462617874146,
37,336,0,0.828281819820404,
37,337,0,0.4473244547843933,
37,338,0,0.6314926147460938,
37,339,0,0.7969316840171814,
37,340,0,0.8400773406028748,
37,341,0,0.05952739715576172,
37,342,0,0.7377429604530334,
37,343,0,0.6105104684829712,
37,344,0,0.8174589276313782,
37,345,0,0.8271148204803467,
37,346,0,0.23216795921325684,
37,347,0,0.17652183771133423,
37,348,0,0.7475181818008423,
37,349,0,0.8227078914642334,
37,350,0,0.781623125076294,
37,351,0,0.7732964158058167,
37,352,0,0.822223961353302,
37,353,0,0.8261281847953796,
37,354,0,0.6336593627929688,
37,355,0,0.16188085079193115,
37,356,0,0.8268637657165527,
37,357,0,0.7447340488433838,
37,358,0,0.20598459243774414,
37,359,0,0.7782307267189026,
37,360,0,0.8343635201454163,
37,361,0,0.8426238298416138,
37,362,0,0.24826794862747192,
37,363,0,0.3102717399597168,
37,364,0,0.7529535293579102,
37,365,0,0.8467161059379578,
37,366,0,0.8256558179855347,
37,367,0,0.8367294669151306,
37,368,0,0.8157755732536316,
37,369,0,0.8164654970169067,
37,370,0,0.617396354675293,
37,371,0,0.7194360494613647,
37,372,0,0.8286728858947754,
37,373,0,0.8355662822723389,
37,374,0,0.4247997999191284,
37,375,0,0.748393714427948,
37,376,0,0.7652472257614136,
37,377,0,0.33750516176223755,
37,378,0,0.401459276676178,
37,379,0,0.8274919986724854,
37,380,0,0.3377752900123596,
37,381,0,0.3203939199447632,
37,382,0,0.3159986138343811,
37,383,0,0.841964602470398,
37,384,0,0.3400925397872925,
37,385,0,0.3346337676048279,
37,386,0,0.23612260818481445,
37,387,0,0.4368351101875305,
37,388,0,0.057850182056427,
37,389,0,0.7885587811470032,
37,390,0,0.749485969543457,
37,391,0,0.70914626121521,
37,392,0,0.6726890802383423,
37,393,0,0.30784767866134644,
37,394,0,0.4743078351020813,
37,395,0,0.8136849999427795,
37,396,0,0.15358740091323853,
37,397,0,0.18390309810638428,
37,398,0,0.7954191565513611,
37,399,0,0.3034406304359436,
37,400,0,0.7092658877372742,
37,401,0,0.7554631233215332,
37,402,0,0.8330298066139221,
37,403,0,0.8097491264343262,
37,404,0,0.32182782888412476,
37,405,0,0.06476575136184692,
37,406,0,0.7560403347015381,
37,407,0,0.8348818421363831,
37,408,0,0.7993710041046143,
37,409,0,0.7118937373161316,
37,410,0,0.8373056650161743,
37,411,0,0.3054812550544739,
37,412,0,0.8085416555404663,
37,413,0,0.06887340545654297,
37,414,0,0.7817548513412476,
37,415,0,0.6367021799087524,
37,416,0,0.8332009315490723,
37,417,0,0.055479347705841064,
37,418,0,0.50002121925354,
37,419,0,0.47409528493881226,
37,420,0,0.25711798667907715,
37,421,0,0.2558057904243469,
37,422,0,0.8221776485443115,
37,423,0,0.8380948305130005,
37,424,0,0.8257977366447449,
37,425,0,0.8134934902191162,
37,426,0,0.8125980496406555,
37,427,0,0.8058229684829712,
37,428,0,0.45496684312820435,
37,429,0,0.8123555183410645,
37,430,0,0.2600165009498596,
37,431,0,0.7994783520698547,
37,432,0,0.754013180732727,
37,433,0,0.8237062692642212,
37,434,0,0.8238004446029663,
37,435,0,0.8100265264511108,
37,436,0,0.6027930974960327,
37,437,0,0.05158430337905884,
37,438,0,0.7047724723815918,
37,439,0,0.22013568878173828,
37,440,0,0.8438643217086792,
37,441,0,0.7808426022529602,
37,442,0,0.8218652009963989,
37,443,0,0.8099833726882935,
37,444,0,0.75790935754776,
37,445,0,0.8237369656562805,
37,446,0,0.7410274744033813,
37,447,0,0.3090183138847351,
37,448,0,0.05274707078933716,
37,449,0,0.7970420122146606,
37,450,0,0.7750649452209473,
37,451,0,0.25672346353530884,
37,452,0,0.8196532726287842,
37,453,0,0.2861410975456238,
37,454,0,0.41905826330184937,
37,455,0,0.5669689178466797,
37,456,0,0.7272019386291504,
37,457,0,0.6614382266998291,
37,458,0,0.5157719850540161,
37,459,0,0.8221356868743896,
37,460,0,0.8180500864982605,
37,461,0,0.46284323930740356,
37,462,0,0.8050140738487244,
37,463,0,0.14978963136672974,
37,464,0,0.6029683351516724,
37,465,0,0.7426348924636841,
37,466,0,0.04716157913208008,
37,467,0,0.8149627447128296,
37,468,0,0.6319703459739685,
37,469,0,0.7900305390357971,
37,470,0,0.34126967191696167,
37,471,0,0.052865803241729736,
37,472,0,0.8432860374450684,
37,473,0,0.8350064158439636,
37,474,0,0.05819815397262573,
37,475,0,0.8313515782356262,
37,476,0,0.46329838037490845,
37,477,0,0.8297203779220581,
37,478,0,0.5188560485839844,
37,479,0,0.4787777066230774,
37,480,0,0.6678069829940796,
37,481,0,0.17302310466766357,
37,482,0,0.8061434626579285,
37,483,0,0.8414065837860107,
37,484,0,0.8351074457168579,
37,485,0,0.43270015716552734,
37,486,0,0.7181090712547302,
37,487,0,0.3355615735054016,
37,488,0,0.7136094570159912,
37,489,0,0.8324785232543945,
37,490,0,0.765535831451416,
37,491,0,0.8236987590789795,
37,492,0,0.6443959474563599,
37,493,0,0.73836350440979,
37,494,0,0.05797630548477173,
37,495,0,0.35473108291625977,
37,496,0,0.2793193459510803,
37,497,0,0.7787582874298096,
37,498,0,0.44785642623901367,
37,499,0,0.8434281945228577,
37,500,0,0.8073109984397888,
37,501,0,0.7683417797088623,
37,502,0,0.8320862650871277,
37,503,0,0.20721471309661865,
37,504,0,0.7466856241226196,
37,505,0,0.46766066551208496,
37,506,0,0.7653210163116455,
37,507,0,0.27948808670043945,
37,508,0,0.8414480686187744,
37,509,0,0.8428484201431274,
37,510,0,0.8236420154571533,
37,511,0,0.7628584504127502,
37,512,0,0.2483530044555664,
37,513,0,0.7289943099021912,
37,514,0,0.8042492866516113,
37,515,0,0.8254619836807251,
37,516,0,0.7441226243972778,
37,517,0,0.4005153775215149,
37,518,0,0.23287922143936157,
37,519,0,0.2951011061668396,
37,520,0,0.8227323293685913,
37,521,0,0.8340198397636414,
37,522,0,0.34917372465133667,
37,523,0,0.858902633190155,
37,524,0,0.7322636842727661,
37,525,0,0.05209141969680786,
37,526,0,0.32189881801605225,
37,527,0,0.8336336016654968,
37,528,0,0.05140453577041626,
37,529,0,0.8240479826927185,
37,530,0,0.8009401559829712,
37,531,0,0.8447059392929077,
37,532,0,0.8021143674850464,
37,533,0,0.8280891180038452,
37,534,0,0.3789098858833313,
37,535,0,0.8256997466087341,
37,536,0,0.7911317348480225,
37,537,0,0.2783275246620178,
37,538,0,0.8242881298065186,
37,539,0,0.803329586982727,
37,540,0,0.7813940644264221,
37,541,0,0.4249420762062073,
37,542,0,0.3342234492301941,
37,543,0,0.8459787368774414,
37,544,0,0.060595571994781494,
37,545,0,0.3942788243293762,
37,546,0,0.4555705189704895,
37,547,0,0.06074368953704834,
37,548,0,0.7732917070388794,
37,549,0,0.3145831227302551,
37,550,0,0.836811900138855,
37,551,0,0.8424434661865234,
37,552,0,0.7251748442649841,
37,553,0,0.4323768615722656,
37,554,0,0.6520186066627502,
37,555,0,0.2556716799736023,
37,556,0,0.7662064433097839,
37,557,0,0.8308531641960144,
37,558,0,0.39451873302459717,
37,559,0,0.6416475176811218,
37,560,0,0.7876862287521362,
37,561,0,0.8298735022544861,
37,562,0,0.16883248090744019,
37,563,0,0.826568603515625,
37,564,0,0.4662413001060486,
37,565,0,0.3453429937362671,
37,566,0,0.3681612014770508,
37,567,0,0.8251053094863892,
37,568,0,0.21280604600906372,
37,569,0,0.8264462351799011,
37,570,0,0.6295797824859619,
37,571,0,0.601737380027771,
37,572,0,0.31751763820648193,
37,573,0,0.8383638262748718,
37,574,0,0.3224223852157593,
37,575,0,0.28740793466567993,
37,576,0,0.7855992913246155,
37,577,0,0.2929764986038208,
37,578,0,0.31412726640701294,
37,579,0,0.7866206765174866,
37,580,0,0.28687554597854614,
37,581,0,0.39493751525878906,
37,582,0,0.823765754699707,
37,583,0,0.7675340175628662,
37,584,0,0.43806755542755127,
37,585,0,0.8109556436538696,
37,586,0,0.8306955099105835,
37,587,0,0.5836421251296997,
37,588,0,0.22970694303512573,
37,589,0,0.7108168601989746,
37,590,0,0.8275840878486633,
37,591,0,0.2592218518257141,
37,592,0,0.8161889314651489,
37,593,0,0.8287283182144165,
37,594,0,0.817615270614624,
37,595,0,0.7397815585136414,
37,596,0,0.43157798051834106,
37,597,0,0.16958695650100708,
37,598,0,0.30859071016311646,
37,599,0,0.33943653106689453,
37,600,0,0.7621335983276367,
37,601,0,0.4175761342048645,
37,602,0,0.19091111421585083,
37,603,0,0.3066670298576355,
37,604,0,0.7495774030685425,
37,605,0,0.7872574925422668,
37,606,0,0.31008613109588623,
37,607,0,0.7580560445785522,
37,608,0,0.7175294756889343,
37,609,0,0.8312361240386963,
37,610,0,0.8352897763252258,
37,611,0,0.8439176678657532,
37,612,0,0.6557044982910156,
37,613,0,0.7659683227539062,
37,614,0,0.8266830444335938,
37,615,0,0.3915659785270691,
37,616,0,0.8341997861862183,
37,617,0,0.3000895380973816,
37,618,0,0.16987943649291992,
37,619,0,0.42048197984695435,
37,620,0,0.8474899530410767,
37,621,0,0.421786367893219,
37,622,0,0.7819398045539856,
37,623,0,0.4286179542541504,
37,624,0,0.32632333040237427,
37,625,0,0.8517820835113525,
37,626,0,0.8132423758506775,
37,627,0,0.8183705806732178,
37,628,0,0.8443447351455688,
37,629,0,0.47736722230911255,
37,630,0,0.06351238489151001,
37,631,0,0.1792672872543335,
37,632,0,0.8192921876907349,
37,633,0,0.723919153213501,
37,634,0,0.8375702500343323,
37,635,0,0.48175692558288574,
37,636,0,0.8141824007034302,
37,637,0,0.7091520428657532,
37,638,0,0.8242719173431396,
37,639,0,0.7588101029396057,
37,640,0,0.1521056890487671,
37,641,0,0.7523694038391113,
37,642,0,0.7777798771858215,
37,643,0,0.42039674520492554,
37,644,0,0.40214914083480835,
37,645,0,0.8113226294517517,
37,646,0,0.835500180721283,
37,647,0,0.7755069732666016,
37,648,0,0.8135489225387573,
37,649,0,0.04716068506240845,
37,650,0,0.7636731266975403,
37,651,0,0.4370077848434448,
37,652,0,0.7162622213363647,
37,653,0,0.5799681544303894,
37,654,0,0.7615628242492676,
37,655,0,0.24413526058197021,
37,656,0,0.250122606754303,
37,657,0,0.3757885694503784,
37,658,0,0.74566650390625,
37,659,0,0.05311030149459839,
37,660,0,0.8462578058242798,
37,661,0,0.7566950917243958,
37,662,0,0.8439372777938843,
37,663,0,0.7332090139389038,
37,664,0,0.8457328677177429,
37,665,0,0.4299624562263489,
37,666,0,0.055422186851501465,
37,667,0,0.8228733539581299,
37,668,0,0.3006160855293274,
37,669,0,0.46826058626174927,
37,670,0,0.3803158402442932,
37,671,0,0.7623959183692932,
37,672,0,0.1786218285560608,
37,673,0,0.27753913402557373,
37,674,0,0.4115642309188843,
37,675,0,0.7623492479324341,
37,676,0,0.16296130418777466,
37,677,0,0.6041660308837891,
37,678,0,0.8359442949295044,
37,679,0,0.807976484298706,
37,680,0,0.060047686100006104,
37,681,0,0.8184983730316162,
37,682,0,0.3328373432159424,
37,683,0,0.3511495590209961,
37,684,0,0.8209275007247925,
37,685,0,0.8145710825920105,
37,686,0,0.8133167624473572,
37,687,0,0.6225419044494629,
37,688,0,0.28640419244766235,
37,689,0,0.7618026733398438,
37,690,0,0.8378900289535522,
37,691,0,0.1628057360649109,
37,692,0,0.36414772272109985,
37,693,0,0.7099946737289429,
37,694,0,0.7646291255950928,
37,695,0,0.7644084692001343,
37,696,0,0.19080102443695068,
37,697,0,0.7530953884124756,
37,698,0,0.841751217842102,
37,699,0,0.4463845491409302,
37,700,0,0.2635829448699951,
37,701,0,0.8410568833351135,
37,702,0,0.7865827083587646,
37,703,0,0.8170195817947388,
37,704,0,0.15595895051956177,
37,705,0,0.055922865867614746,
37,706,0,0.8440811634063721,
37,707,0,0.8038535118103027,
37,708,0,0.8367646932601929,
37,709,0,0.7536753416061401,
37,710,0,0.41110485792160034,
37,711,0,0.35350942611694336,
37,712,0,0.2944279909133911,
37,713,0,0.42154890298843384,
37,714,0,0.8482578992843628,
37,715,0,0.44360142946243286,
37,716,0,0.7684136629104614,
37,717,0,0.6562042236328125,
37,718,0,0.824705958366394,
37,719,0,0.8273628354072571,
37,720,0,0.7919277548789978,
37,721,0,0.7837613821029663,
37,722,0,0.7777448892593384,
37,723,0,0.1716267466545105,
37,724,0,0.7180277109146118,
37,725,0,0.20351523160934448,
37,726,0,0.8305787444114685,
37,727,0,0.8134123682975769,
37,728,0,0.19770294427871704,
37,729,0,0.44995051622390747,
37,730,0,0.37398582696914673,
37,731,0,0.8294470310211182,
37,732,0,0.836517333984375,
37,733,0,0.4048023223876953,
37,734,0,0.8232858777046204,
37,735,0,0.3224090337753296,
37,736,0,0.7547945976257324,
37,737,0,0.8201307654380798,
37,738,0,0.8193129301071167,
37,739,0,0.6230331063270569,
37,740,0,0.3067739009857178,
37,741,0,0.6984223127365112,
37,742,0,0.8302086591720581,
37,743,0,0.8452035188674927,
37,744,0,0.8125299215316772,
37,745,0,0.29087191820144653,
37,746,0,0.7414133548736572,
37,747,0,0.8358953595161438,
37,748,0,0.7180405259132385,
37,749,0,0.8264565467834473,
37,750,0,0.8302525877952576,
37,751,0,0.8270694613456726,
37,752,0,0.7614200115203857,
37,753,0,0.4763878583908081,
37,754,0,0.7374883890151978,
37,755,0,0.8403873443603516,
37,756,0,0.8300588130950928,
37,757,0,0.8380258083343506,
37,758,0,0.7093389630317688,
37,759,0,0.05325275659561157,
37,760,0,0.44575035572052,
37,761,0,0.7449891567230225,
37,762,0,0.777166485786438,
37,763,0,0.3395611643791199,
37,764,0,0.3182738423347473,
37,765,0,0.802611768245697,
37,766,0,0.1742544174194336,
37,767,0,0.7501606941223145,
37,768,0,0.8291709423065186,
37,769,0,0.20203524827957153,
37,770,0,0.8024570345878601,
37,771,0,0.7326111793518066,
37,772,0,0.7982694506645203,
37,773,0,0.20531821250915527,
37,774,0,0.8408846259117126,
37,775,0,0.802260160446167,
37,776,0,0.26345789432525635,
37,777,0,0.8296342492103577,
37,778,0,0.4307593107223511,
37,779,0,0.8390346765518188,
37,780,0,0.764202356338501,
37,781,0,0.8293417096138,
37,782,0,0.41064029932022095,
37,783,0,0.8082798719406128,
37,784,0,0.40321165323257446,
37,785,0,0.047586917877197266,
37,786,0,0.48128777742385864,
37,787,0,0.259709894657135,
37,788,0,0.8407055139541626,
37,789,0,0.30200278759002686,
37,790,0,0.776404082775116,
37,791,0,0.47882354259490967,
37,792,0,0.3515404462814331,
37,793,0,0.7990903854370117,
37,794,0,0.8364962339401245,
37,795,0,0.28872138261795044,
37,796,0,0.8287355899810791,
37,797,0,0.06125009059906006,
37,798,0,0.4655531644821167,
37,799,0,0.8286516070365906,
37,val,,,0.5867673659324646
38,0,0,0.39855265617370605,
38,1,0,0.8170655369758606,
38,2,0,0.6803606748580933,
38,3,0,0.8346906304359436,
38,4,0,0.4144665002822876,
38,5,0,0.7651219367980957,
38,6,0,0.1709882616996765,
38,7,0,0.47330963611602783,
38,8,0,0.25379878282546997,
38,9,0,0.8152382373809814,
38,10,0,0.06726700067520142,
38,11,0,0.8359187841415405,
38,12,0,0.8309916257858276,
38,13,0,0.827158510684967,
38,14,0,0.7476116418838501,
38,15,0,0.8209031820297241,
38,16,0,0.5099079608917236,
38,17,0,0.39716726541519165,
38,18,0,0.8081878423690796,
38,19,0,0.8164269924163818,
38,20,0,0.7397656440734863,
38,21,0,0.47730571031570435,
38,22,0,0.2757507562637329,
38,23,0,0.6870462894439697,
38,24,0,0.8259596228599548,
38,25,0,0.7263927459716797,
38,26,0,0.8384899497032166,
38,27,0,0.38534772396087646,
38,28,0,0.2840096354484558,
38,29,0,0.4586079716682434,
38,30,0,0.8326537609100342,
38,31,0,0.7904441952705383,
38,32,0,0.4530212879180908,
38,33,0,0.7483081817626953,
38,34,0,0.8014605045318604,
38,35,0,0.27166515588760376,
38,36,0,0.4250641465187073,
38,37,0,0.8247644305229187,
38,38,0,0.19555145502090454,
38,39,0,0.8455063104629517,
38,40,0,0.16427171230316162,
38,41,0,0.6257877945899963,
38,42,0,0.46202629804611206,
38,43,0,0.043621718883514404,
38,44,0,0.7433823347091675,
38,45,0,0.4606074094772339,
38,46,0,0.05037564039230347,
38,47,0,0.05125647783279419,
38,48,0,0.8376929759979248,
38,49,0,0.306077778339386,
38,50,0,0.8388662338256836,
38,51,0,0.3868284821510315,
38,52,0,0.43228453397750854,
38,53,0,0.05097752809524536,
38,54,0,0.8520113229751587,
38,55,0,0.4495634436607361,
38,56,0,0.7931424975395203,
38,57,0,0.4929938316345215,
38,58,0,0.8492577075958252,
38,59,0,0.35743558406829834,
38,60,0,0.4226621389389038,
38,61,0,0.6027389764785767,
38,62,0,0.8265790343284607,
38,63,0,0.267769455909729,
38,64,0,0.2606208920478821,
38,65,0,0.7588744759559631,
38,66,0,0.7277206182479858,
38,67,0,0.4247697591781616,
38,68,0,0.8354941606521606,
38,69,0,0.4443742036819458,
38,70,0,0.5037391185760498,
38,71,0,0.6221702098846436,
38,72,0,0.6686363220214844,
38,73,0,0.8028402328491211,
38,74,0,0.8174424171447754,
38,75,0,0.6398732662200928,
38,76,0,0.8119615316390991,
38,77,0,0.7312178015708923,
38,78,0,0.16130071878433228,
38,79,0,0.8271846771240234,
38,80,0,0.4694390296936035,
38,81,0,0.8123766183853149,
38,82,0,0.05040377378463745,
38,83,0,0.8149902820587158,
38,84,0,0.833430290222168,
38,85,0,0.5086147785186768,
38,86,0,0.8312181234359741,
38,87,0,0.5708569884300232,
38,88,0,0.8153613805770874,
38,89,0,0.48630619049072266,
38,90,0,0.7394850254058838,
38,91,0,0.8248530030250549,
38,92,0,0.8449874520301819,
38,93,0,0.8198349475860596,
38,94,0,0.4823663830757141,
38,95,0,0.8223376274108887,
38,96,0,0.27827900648117065,
38,97,0,0.8386764526367188,
38,98,0,0.6040469408035278,
38,99,0,0.8319137096405029,
38,100,0,0.7476896047592163,
38,101,0,0.6690115928649902,
38,102,0,0.8090551495552063,
38,103,0,0.7888527512550354,
38,104,0,0.8357653617858887,
38,105,0,0.33627092838287354,
38,106,0,0.8299034237861633,
38,107,0,0.8196941614151001,
38,108,0,0.6286202073097229,
38,109,0,0.8240044713020325,
38,110,0,0.8451677560806274,
38,111,0,0.8179829120635986,
38,112,0,0.8343279361724854,
38,113,0,0.42605453729629517,
38,114,0,0.2574782967567444,
38,115,0,0.8271220326423645,
38,116,0,0.8220738768577576,
38,117,0,0.37005192041397095,
38,118,0,0.8089205622673035,
38,119,0,0.3369032144546509,
38,120,0,0.8234267234802246,
38,121,0,0.8414830565452576,
38,122,0,0.7296173572540283,
38,123,0,0.06745177507400513,
38,124,0,0.41576868295669556,
38,125,0,0.7629097104072571,
38,126,0,0.833143413066864,
38,127,0,0.8235719203948975,
38,128,0,0.8210204243659973,
38,129,0,0.8379414081573486,
38,130,0,0.7173080444335938,
38,131,0,0.8275324106216431,
38,132,0,0.7782289385795593,
38,133,0,0.24184679985046387,
38,134,0,0.4242369532585144,
38,135,0,0.4841822385787964,
38,136,0,0.05753374099731445,
38,137,0,0.1344018578529358,
38,138,0,0.25872308015823364,
38,139,0,0.4779268503189087,
38,140,0,0.8262000679969788,
38,141,0,0.7736490368843079,
38,142,0,0.8315910696983337,
38,143,0,0.7754794359207153,
38,144,0,0.8197356462478638,
38,145,0,0.21897703409194946,
38,146,0,0.6897055506706238,
38,147,0,0.23904186487197876,
38,148,0,0.7714324593544006,
38,149,0,0.7883137464523315,
38,150,0,0.8069043159484863,
38,151,0,0.8227053880691528,
38,152,0,0.7330447435379028,
38,153,0,0.8248040080070496,
38,154,0,0.8281614184379578,
38,155,0,0.7136428356170654,
38,156,0,0.0504797101020813,
38,157,0,0.6260998845100403,
38,158,0,0.7767345309257507,
38,159,0,0.8065001368522644,
38,160,0,0.35001564025878906,
38,161,0,0.06420183181762695,
38,162,0,0.8368992209434509,
38,163,0,0.2793770432472229,
38,164,0,0.3822445869445801,
38,165,0,0.7239121198654175,
38,166,0,0.25136101245880127,
38,167,0,0.8418073058128357,
38,168,0,0.8428618311882019,
38,169,0,0.14447933435440063,
38,170,0,0.7670145630836487,
38,171,0,0.7416882514953613,
38,172,0,0.7396230697631836,
38,173,0,0.6359556913375854,
38,174,0,0.7545794248580933,
38,175,0,0.40719932317733765,
38,176,0,0.7629165053367615,
38,177,0,0.30723339319229126,
38,178,0,0.8350698947906494,
38,179,0,0.33274227380752563,
38,180,0,0.8035843372344971,
38,181,0,0.8016694784164429,
38,182,0,0.32745230197906494,
38,183,0,0.1754346489906311,
38,184,0,0.7904698848724365,
38,185,0,0.7442988753318787,
38,186,0,0.2914719581604004,
38,187,0,0.743725061416626,
38,188,0,0.762698769569397,
38,189,0,0.26397705078125,
38,190,0,0.06763076782226562,
38,191,0,0.4521560072898865,
38,192,0,0.7547357082366943,
38,193,0,0.7409560680389404,
38,194,0,0.7380266189575195,
38,195,0,0.8586992025375366,
38,196,0,0.7464947700500488,
38,197,0,0.1924164891242981,
38,198,0,0.7960057258605957,
38,199,0,0.24919414520263672,
38,200,0,0.7443052530288696,
38,201,0,0.049491703510284424,
38,202,0,0.28278523683547974,
38,203,0,0.8373643159866333,
38,204,0,0.32773882150650024,
38,205,0,0.25395268201828003,
38,206,0,0.33854275941848755,
38,207,0,0.15256011486053467,
38,208,0,0.4756762981414795,
38,209,0,0.7716727256774902,
38,210,0,0.30241042375564575,
38,211,0,0.8223996758460999,
38,212,0,0.4875865578651428,
38,213,0,0.8017627000808716,
38,214,0,0.834150493144989,
38,215,0,0.828758716583252,
38,216,0,0.4539628028869629,
38,217,0,0.8286967277526855,
38,218,0,0.8362892866134644,
38,219,0,0.735263466835022,
38,220,0,0.25427573919296265,
38,221,0,0.7421913146972656,
38,222,0,0.3161391019821167,
38,223,0,0.48329484462738037,
38,224,0,0.8190210461616516,
38,225,0,0.29250216484069824,
38,226,0,0.8188344240188599,
38,227,0,0.1728687286376953,
38,228,0,0.7082557678222656,
38,229,0,0.42297202348709106,
38,230,0,0.45448291301727295,
38,231,0,0.8280319571495056,
38,232,0,0.8526153564453125,
38,233,0,0.8431217074394226,
38,234,0,0.8253821730613708,
38,235,0,0.045686423778533936,
38,236,0,0.43693065643310547,
38,237,0,0.8330622315406799,
38,238,0,0.46553701162338257,
38,239,0,0.4040406346321106,
38,240,0,0.8173444867134094,
38,241,0,0.8244852423667908,
38,242,0,0.8238334655761719,
38,243,0,0.4387367367744446,
38,244,0,0.30548328161239624,
38,245,0,0.0506017804145813,
38,246,0,0.43114978075027466,
38,247,0,0.8345686197280884,
38,248,0,0.4519006609916687,
38,249,0,0.8192078471183777,
38,250,0,0.12220972776412964,
38,251,0,0.84620201587677,
38,252,0,0.7700313329696655,
38,253,0,0.7736649513244629,
38,254,0,0.04085761308670044,
38,255,0,0.7508824467658997,
38,256,0,0.5579941272735596,
38,257,0,0.8461474776268005,
38,258,0,0.8283200263977051,
38,259,0,0.8496445417404175,
38,260,0,0.508834719657898,
38,261,0,0.7479960918426514,
38,262,0,0.8269172310829163,
38,263,0,0.7266930341720581,
38,264,0,0.2873448133468628,
38,265,0,0.8395665884017944,
38,266,0,0.8254644870758057,
38,267,0,0.8383699059486389,
38,268,0,0.31559282541275024,
38,269,0,0.45761460065841675,
38,270,0,0.5988938808441162,
38,271,0,0.8067008256912231,
38,272,0,0.38324421644210815,
38,273,0,0.8387894630432129,
38,274,0,0.8097452521324158,
38,275,0,0.16044175624847412,
38,276,0,0.8139054179191589,
38,277,0,0.06243181228637695,
38,278,0,0.5367251634597778,
38,279,0,0.7396485805511475,
38,280,0,0.7714754343032837,
38,281,0,0.79268878698349,
38,282,0,0.7439731359481812,
38,283,0,0.7556437849998474,
38,284,0,0.83784019947052,
38,285,0,0.8261250853538513,
38,286,0,0.6387737989425659,
38,287,0,0.728253960609436,
38,288,0,0.8258194327354431,
38,289,0,0.5190185308456421,
38,290,0,0.829675018787384,
38,291,0,0.047421276569366455,
38,292,0,0.38241422176361084,
38,293,0,0.8364797830581665,
38,294,0,0.8373668193817139,
38,295,0,0.8346937894821167,
38,296,0,0.4816509485244751,
38,297,0,0.05420815944671631,
38,298,0,0.8465453386306763,
38,299,0,0.8088377118110657,
38,300,0,0.4258708357810974,
38,301,0,0.412195086479187,
38,302,0,0.8408646583557129,
38,303,0,0.5975653529167175,
38,304,0,0.8451512455940247,
38,305,0,0.46666598320007324,
38,306,0,0.23126202821731567,
38,307,0,0.8311604261398315,
38,308,0,0.8408660888671875,
38,309,0,0.19674068689346313,
38,310,0,0.8153597116470337,
38,311,0,0.3873913884162903,
38,312,0,0.8217462301254272,
38,313,0,0.8158929347991943,
38,314,0,0.4166455864906311,
38,315,0,0.7947295904159546,
38,316,0,0.8327562808990479,
38,317,0,0.6853131055831909,
38,318,0,0.3719943165779114,
38,319,0,0.3133969306945801,
38,320,0,0.746036171913147,
38,321,0,0.8293145895004272,
38,322,0,0.8215463161468506,
38,323,0,0.294180691242218,
38,324,0,0.850612998008728,
38,325,0,0.791448175907135,
38,326,0,0.8086485266685486,
38,327,0,0.7325280904769897,
38,328,0,0.7214399576187134,
38,329,0,0.7674413919448853,
38,330,0,0.3698866367340088,
38,331,0,0.32115447521209717,
38,332,0,0.8244900107383728,
38,333,0,0.24437260627746582,
38,334,0,0.8037006855010986,
38,335,0,0.3661887049674988,
38,336,0,0.8288179039955139,
38,337,0,0.436784029006958,
38,338,0,0.6289597749710083,
38,339,0,0.7899584770202637,
38,340,0,0.8403627276420593,
38,341,0,0.05968892574310303,
38,342,0,0.7418278455734253,
38,343,0,0.6098647117614746,
38,344,0,0.817830502986908,
38,345,0,0.826935350894928,
38,346,0,0.2357412576675415,
38,347,0,0.16845703125,
38,348,0,0.7470176219940186,
38,349,0,0.827390193939209,
38,350,0,0.7873870134353638,
38,351,0,0.7726384401321411,
38,352,0,0.8277804851531982,
38,353,0,0.8209041953086853,
38,354,0,0.6432644724845886,
38,355,0,0.16257226467132568,
38,356,0,0.8334410786628723,
38,357,0,0.7364801168441772,
38,358,0,0.20669680833816528,
38,359,0,0.781022846698761,
38,360,0,0.8414715528488159,
38,361,0,0.843076229095459,
38,362,0,0.2535582184791565,
38,363,0,0.3105700612068176,
38,364,0,0.7551800012588501,
38,365,0,0.8466122150421143,
38,366,0,0.8386900424957275,
38,367,0,0.8346009850502014,
38,368,0,0.818856954574585,
38,369,0,0.8102815747261047,
38,370,0,0.618586540222168,
38,371,0,0.708742082118988,
38,372,0,0.8308513164520264,
38,373,0,0.8351840376853943,
38,374,0,0.4291924834251404,
38,375,0,0.758929431438446,
38,376,0,0.7676413059234619,
38,377,0,0.33288633823394775,
38,378,0,0.4011074900627136,
38,379,0,0.8312064409255981,
38,380,0,0.33936214447021484,
38,381,0,0.32244306802749634,
38,382,0,0.3181331753730774,
38,383,0,0.8392527103424072,
38,384,0,0.32898032665252686,
38,385,0,0.3266385793685913,
38,386,0,0.2361278533935547,
38,387,0,0.4373229146003723,
38,388,0,0.056638121604919434,
38,389,0,0.7820245623588562,
38,390,0,0.755587637424469,
38,391,0,0.7034158706665039,
38,392,0,0.6734715700149536,
38,393,0,0.30644482374191284,
38,394,0,0.47758549451828003,
38,395,0,0.8088803291320801,
38,396,0,0.1568489670753479,
38,397,0,0.18460136651992798,
38,398,0,0.8001402020454407,
38,399,0,0.3028775453567505,
38,400,0,0.7136942148208618,
38,401,0,0.7587703466415405,
38,402,0,0.8292273879051208,
38,403,0,0.8013481497764587,
38,404,0,0.32326316833496094,
38,405,0,0.0630388855934143,
38,406,0,0.764735758304596,
38,407,0,0.8391627669334412,
38,408,0,0.7849512100219727,
38,409,0,0.7089574337005615,
38,410,0,0.8321695327758789,
38,411,0,0.30825740098953247,
38,412,0,0.7973496913909912,
38,413,0,0.06836134195327759,
38,414,0,0.7806500196456909,
38,415,0,0.6333702802658081,
38,416,0,0.8464685678482056,
38,417,0,0.05582958459854126,
38,418,0,0.4999915361404419,
38,419,0,0.4729880094528198,
38,420,0,0.2535915970802307,
38,421,0,0.25567764043807983,
38,422,0,0.8178926110267639,
38,423,0,0.841861367225647,
38,424,0,0.8247942328453064,
38,425,0,0.8163027763366699,
38,426,0,0.8137822151184082,
38,427,0,0.8062990307807922,
38,428,0,0.45511358976364136,
38,429,0,0.8160397410392761,
38,430,0,0.26162803173065186,
38,431,0,0.7961937189102173,
38,432,0,0.7499144077301025,
38,433,0,0.8261855840682983,
38,434,0,0.8221521973609924,
38,435,0,0.8144739270210266,
38,436,0,0.6030851602554321,
38,437,0,0.052532732486724854,
38,438,0,0.7075251340866089,
38,439,0,0.2217736840248108,
38,440,0,0.8498035669326782,
38,441,0,0.7802752256393433,
38,442,0,0.8229702115058899,
38,443,0,0.8184059858322144,
38,444,0,0.7584740519523621,
38,445,0,0.8241792917251587,
38,446,0,0.741741418838501,
38,447,0,0.3094436526298523,
38,448,0,0.052314162254333496,
38,449,0,0.7989968657493591,
38,450,0,0.7715959548950195,
38,451,0,0.2570568919181824,
38,452,0,0.8123854994773865,
38,453,0,0.28612929582595825,
38,454,0,0.4177417755126953,
38,455,0,0.5710238218307495,
38,456,0,0.7254984974861145,
38,457,0,0.6592738628387451,
38,458,0,0.514123797416687,
38,459,0,0.8268850445747375,
38,460,0,0.8189987540245056,
38,461,0,0.46359366178512573,
38,462,0,0.8061935901641846,
38,463,0,0.1530059576034546,
38,464,0,0.6025604605674744,
38,465,0,0.745688796043396,
38,466,0,0.04638642072677612,
38,467,0,0.8133372068405151,
38,468,0,0.6318494081497192,
38,469,0,0.7907392382621765,
38,470,0,0.34457528591156006,
38,471,0,0.0531315803527832,
38,472,0,0.839303731918335,
38,473,0,0.8381717205047607,
38,474,0,0.057791709899902344,
38,475,0,0.82796311378479,
38,476,0,0.458978533744812,
38,477,0,0.8350945711135864,
38,478,0,0.5195279121398926,
38,479,0,0.4782748222351074,
38,480,0,0.6674630641937256,
38,481,0,0.17246359586715698,
38,482,0,0.8052031397819519,
38,483,0,0.8326774835586548,
38,484,0,0.8339823484420776,
38,485,0,0.431193470954895,
38,486,0,0.7197567224502563,
38,487,0,0.3320174217224121,
38,488,0,0.7118496894836426,
38,489,0,0.8384717106819153,
38,490,0,0.7679190635681152,
38,491,0,0.8251420855522156,
38,492,0,0.6399744153022766,
38,493,0,0.7370434999465942,
38,494,0,0.05943375825881958,
38,495,0,0.35556238889694214,
38,496,0,0.27713096141815186,
38,497,0,0.7773512601852417,
38,498,0,0.45106810331344604,
38,499,0,0.8395171761512756,
38,500,0,0.8082387447357178,
38,501,0,0.7679840326309204,
38,502,0,0.8328357338905334,
38,503,0,0.20759183168411255,
38,504,0,0.7474656105041504,
38,505,0,0.4724121689796448,
38,506,0,0.7642682790756226,
38,507,0,0.27696454524993896,
38,508,0,0.8405216932296753,
38,509,0,0.839790940284729,
38,510,0,0.8350132703781128,
38,511,0,0.7674849033355713,
38,512,0,0.2472861409187317,
38,513,0,0.7244995832443237,
38,514,0,0.8167614936828613,
38,515,0,0.8002505302429199,
38,516,0,0.7418188452720642,
38,517,0,0.39633864164352417,
38,518,0,0.23045319318771362,
38,519,0,0.29623496532440186,
38,520,0,0.833483099937439,
38,521,0,0.837830662727356,
38,522,0,0.3520073890686035,
38,523,0,0.8560706377029419,
38,524,0,0.7295873165130615,
38,525,0,0.052845656871795654,
38,526,0,0.3197724223136902,
38,527,0,0.8346785306930542,
38,528,0,0.053911030292510986,
38,529,0,0.8206309676170349,
38,530,0,0.7931129932403564,
38,531,0,0.8413025140762329,
38,532,0,0.7998124361038208,
38,533,0,0.8330467343330383,
38,534,0,0.3797297477722168,
38,535,0,0.8204563856124878,
38,536,0,0.7944391369819641,
38,537,0,0.2782502770423889,
38,538,0,0.82389235496521,
38,539,0,0.8068440556526184,
38,540,0,0.7893644571304321,
38,541,0,0.42381227016448975,
38,542,0,0.3333585858345032,
38,543,0,0.8435698747634888,
38,544,0,0.060486018657684326,
38,545,0,0.39288175106048584,
38,546,0,0.4497445821762085,
38,547,0,0.06020641326904297,
38,548,0,0.7748579978942871,
38,549,0,0.31066781282424927,
38,550,0,0.834937334060669,
38,551,0,0.8440266251564026,
38,552,0,0.7249702215194702,
38,553,0,0.4381048083305359,
38,554,0,0.6517215967178345,
38,555,0,0.2597184181213379,
38,556,0,0.7727929949760437,
38,557,0,0.8209770321846008,
38,558,0,0.39261680841445923,
38,559,0,0.6389976143836975,
38,560,0,0.7893639206886292,
38,561,0,0.8267995119094849,
38,562,0,0.16905546188354492,
38,563,0,0.8506667017936707,
38,564,0,0.4642511010169983,
38,565,0,0.3379555344581604,
38,566,0,0.3701828718185425,
38,567,0,0.8334133625030518,
38,568,0,0.2120954990386963,
38,569,0,0.8317192792892456,
38,570,0,0.6249574422836304,
38,571,0,0.6002386808395386,
38,572,0,0.3184970021247864,
38,573,0,0.8407062292098999,
38,574,0,0.3216174840927124,
38,575,0,0.28738027811050415,
38,576,0,0.790816605091095,
38,577,0,0.2931053042411804,
38,578,0,0.3151471018791199,
38,579,0,0.7916085124015808,
38,580,0,0.28646230697631836,
38,581,0,0.40381890535354614,
38,582,0,0.8195813298225403,
38,583,0,0.7681578397750854,
38,584,0,0.438362717628479,
38,585,0,0.8176618814468384,
38,586,0,0.8364030122756958,
38,587,0,0.5828161239624023,
38,588,0,0.23299521207809448,
38,589,0,0.7155196070671082,
38,590,0,0.8227708339691162,
38,591,0,0.25672823190689087,
38,592,0,0.8185324668884277,
38,593,0,0.831240177154541,
38,594,0,0.8182341456413269,
38,595,0,0.7362698316574097,
38,596,0,0.43471527099609375,
38,597,0,0.1668180227279663,
38,598,0,0.30924880504608154,
38,599,0,0.34123438596725464,
38,600,0,0.7549011707305908,
38,601,0,0.4248163104057312,
38,602,0,0.19188058376312256,
38,603,0,0.3060147166252136,
38,604,0,0.741436243057251,
38,605,0,0.788756251335144,
38,606,0,0.3031154274940491,
38,607,0,0.7478083372116089,
38,608,0,0.7095358371734619,
38,609,0,0.8328997492790222,
38,610,0,0.8357663154602051,
38,611,0,0.8433570861816406,
38,612,0,0.6541585326194763,
38,613,0,0.7647255063056946,
38,614,0,0.8294599056243896,
38,615,0,0.389512300491333,
38,616,0,0.8368427157402039,
38,617,0,0.30095672607421875,
38,618,0,0.1704181432723999,
38,619,0,0.4155990481376648,
38,620,0,0.8375436663627625,
38,621,0,0.4198468327522278,
38,622,0,0.7801782488822937,
38,623,0,0.4239659309387207,
38,624,0,0.32318705320358276,
38,625,0,0.8492553234100342,
38,626,0,0.8168271780014038,
38,627,0,0.8208411335945129,
38,628,0,0.8420664072036743,
38,629,0,0.4770103096961975,
38,630,0,0.06286126375198364,
38,631,0,0.17925721406936646,
38,632,0,0.8149406313896179,
38,633,0,0.7269724607467651,
38,634,0,0.8310357928276062,
38,635,0,0.47831112146377563,
38,636,0,0.8131449222564697,
38,637,0,0.7077552080154419,
38,638,0,0.826144278049469,
38,639,0,0.7583266496658325,
38,640,0,0.15306025743484497,
38,641,0,0.7554515600204468,
38,642,0,0.7781338691711426,
38,643,0,0.4211149215698242,
38,644,0,0.4055095314979553,
38,645,0,0.8106006383895874,
38,646,0,0.8358480930328369,
38,647,0,0.7716038823127747,
38,648,0,0.8127276301383972,
38,649,0,0.04754382371902466,
38,650,0,0.7654016017913818,
38,651,0,0.4353475570678711,
38,652,0,0.7092820405960083,
38,653,0,0.5836327075958252,
38,654,0,0.761617124080658,
38,655,0,0.2425830364227295,
38,656,0,0.2501022219657898,
38,657,0,0.3819751739501953,
38,658,0,0.7354694604873657,
38,659,0,0.05115699768066406,
38,660,0,0.84767746925354,
38,661,0,0.7597013711929321,
38,662,0,0.8272638916969299,
38,663,0,0.72855544090271,
38,664,0,0.83858722448349,
38,665,0,0.4292488694190979,
38,666,0,0.057211458683013916,
38,667,0,0.8216663002967834,
38,668,0,0.3066410422325134,
38,669,0,0.46285033226013184,
38,670,0,0.3793599605560303,
38,671,0,0.7609543204307556,
38,672,0,0.1808808445930481,
38,673,0,0.2767047882080078,
38,674,0,0.4077438712120056,
38,675,0,0.7604618072509766,
38,676,0,0.16223162412643433,
38,677,0,0.6024254560470581,
38,678,0,0.8338518142700195,
38,679,0,0.8032269477844238,
38,680,0,0.060182929039001465,
38,681,0,0.8260043859481812,
38,682,0,0.33794867992401123,
38,683,0,0.34842729568481445,
38,684,0,0.8264826536178589,
38,685,0,0.8154571056365967,
38,686,0,0.8119667768478394,
38,687,0,0.620989203453064,
38,688,0,0.2865251302719116,
38,689,0,0.7691905498504639,
38,690,0,0.8416994214057922,
38,691,0,0.162134051322937,
38,692,0,0.36263370513916016,
38,693,0,0.7088607549667358,
38,694,0,0.7641416788101196,
38,695,0,0.7648241519927979,
38,696,0,0.19076955318450928,
38,697,0,0.7538663148880005,
38,698,0,0.843044102191925,
38,699,0,0.44419366121292114,
38,700,0,0.26223307847976685,
38,701,0,0.8328539729118347,
38,702,0,0.7874519228935242,
38,703,0,0.8372158408164978,
38,704,0,0.157701313495636,
38,705,0,0.05575752258300781,
38,706,0,0.8442855477333069,
38,707,0,0.8051886558532715,
38,708,0,0.8520050048828125,
38,709,0,0.753112256526947,
38,710,0,0.4114716649055481,
38,711,0,0.350369393825531,
38,712,0,0.2925272583961487,
38,713,0,0.4242125153541565,
38,714,0,0.8450682759284973,
38,715,0,0.4419599771499634,
38,716,0,0.7675482034683228,
38,717,0,0.6534961462020874,
38,718,0,0.8252454996109009,
38,719,0,0.824076235294342,
38,720,0,0.7978391647338867,
38,721,0,0.7895864844322205,
38,722,0,0.7828241586685181,
38,723,0,0.17058807611465454,
38,724,0,0.7180116176605225,
38,725,0,0.20371347665786743,
38,726,0,0.8284322023391724,
38,727,0,0.8102372884750366,
38,728,0,0.1988336443901062,
38,729,0,0.4498499631881714,
38,730,0,0.37536007165908813,
38,731,0,0.8350778222084045,
38,732,0,0.8140129446983337,
38,733,0,0.41597890853881836,
38,734,0,0.8202906250953674,
38,735,0,0.32600587606430054,
38,736,0,0.750503420829773,
38,737,0,0.8124057650566101,
38,738,0,0.8208743929862976,
38,739,0,0.6198223829269409,
38,740,0,0.30707645416259766,
38,741,0,0.6974105834960938,
38,742,0,0.828183650970459,
38,743,0,0.8502854108810425,
38,744,0,0.8204401135444641,
38,745,0,0.28761470317840576,
38,746,0,0.7393265962600708,
38,747,0,0.8419516086578369,
38,748,0,0.7233035564422607,
38,749,0,0.8226415514945984,
38,750,0,0.8268552422523499,
38,751,0,0.8228590488433838,
38,752,0,0.764721155166626,
38,753,0,0.475321888923645,
38,754,0,0.7357335686683655,
38,755,0,0.8393695950508118,
38,756,0,0.8317810297012329,
38,757,0,0.8383417725563049,
38,758,0,0.7130099534988403,
38,759,0,0.05398589372634888,
38,760,0,0.44565343856811523,
38,761,0,0.7445852756500244,
38,762,0,0.7773574590682983,
38,763,0,0.3400377631187439,
38,764,0,0.3206357955932617,
38,765,0,0.8070258498191833,
38,766,0,0.1739864945411682,
38,767,0,0.7523020505905151,
38,768,0,0.8310458660125732,
38,769,0,0.1999964714050293,
38,770,0,0.7813998460769653,
38,771,0,0.7207507491111755,
38,772,0,0.8020685911178589,
38,773,0,0.20485496520996094,
38,774,0,0.8391083478927612,
38,775,0,0.7927462458610535,
38,776,0,0.26310068368911743,
38,777,0,0.8193175792694092,
38,778,0,0.43737512826919556,
38,779,0,0.8343095779418945,
38,780,0,0.7540644407272339,
38,781,0,0.8297354578971863,
38,782,0,0.41218674182891846,
38,783,0,0.8117262721061707,
38,784,0,0.40274178981781006,
38,785,0,0.04612046480178833,
38,786,0,0.48075276613235474,
38,787,0,0.2545320391654968,
38,788,0,0.8283329010009766,
38,789,0,0.3050161600112915,
38,790,0,0.7737874984741211,
38,791,0,0.4755321741104126,
38,792,0,0.35602909326553345,
38,793,0,0.8029441833496094,
38,794,0,0.834309995174408,
38,795,0,0.28887319564819336,
38,796,0,0.8283514976501465,
38,797,0,0.0615120530128479,
38,798,0,0.46502190828323364,
38,799,0,0.8280242085456848,
38,val,,,0.5866855502128601
