Using device: cuda
Train chunks: 80
Val chunks: 10
Test chunks: 10

Using FROBENIUS NORMALIZATION

============================================================
Training MLP Wide (v17 - Frobenius normalized)
Parameters: 5,288,352
Batch size: 64
============================================================

Epoch 1
  chunk 0 final batch loss = 0.829540
  chunk 1 final batch loss = 0.827305
  chunk 2 final batch loss = 0.825360
  chunk 3 final batch loss = 0.826056
  chunk 4 final batch loss = 0.826341
  chunk 5 final batch loss = 0.824746
  chunk 6 final batch loss = 0.822850
  chunk 7 final batch loss = 0.824449
  chunk 8 final batch loss = 0.805709
  chunk 9 final batch loss = 0.823264
  chunk 10 final batch loss = 0.812172
  chunk 11 final batch loss = 0.823617
  chunk 12 final batch loss = 0.823315
  chunk 13 final batch loss = 0.823766
  chunk 14 final batch loss = 0.822562
  chunk 15 final batch loss = 0.809608
  chunk 16 final batch loss = 0.770478
  chunk 17 final batch loss = 0.794063
  chunk 18 final batch loss = 0.820068
  chunk 19 final batch loss = 0.677722
  chunk 20 final batch loss = 0.825114
  chunk 21 final batch loss = 0.813639
  chunk 22 final batch loss = 0.817571
  chunk 23 final batch loss = 0.808143
  chunk 24 final batch loss = 0.819512
  chunk 25 final batch loss = 0.713012
  chunk 26 final batch loss = 0.831735
  chunk 27 final batch loss = 0.578061
  chunk 28 final batch loss = 0.560438
  chunk 29 final batch loss = 0.829420
  chunk 30 final batch loss = 0.596655
  chunk 31 final batch loss = 0.562888
  chunk 32 final batch loss = 0.820137
  chunk 33 final batch loss = 0.524932
  chunk 34 final batch loss = 0.681615
  chunk 35 final batch loss = 0.819951
  chunk 36 final batch loss = 0.804276
  chunk 37 final batch loss = 0.740144
  chunk 38 final batch loss = 0.504866
  chunk 39 final batch loss = 0.839551
  chunk 40 final batch loss = 0.485191
  chunk 41 final batch loss = 0.761841
  chunk 42 final batch loss = 0.466170
  chunk 43 final batch loss = 0.824353
  chunk 44 final batch loss = 0.552433
  chunk 45 final batch loss = 0.828353
  chunk 46 final batch loss = 0.471068
  chunk 47 final batch loss = 0.468688
  chunk 48 final batch loss = 0.464475
  chunk 49 final batch loss = 0.821051
  chunk 50 final batch loss = 0.764156
  chunk 51 final batch loss = 0.507415
  chunk 52 final batch loss = 0.366836
  chunk 53 final batch loss = 0.731025
  chunk 54 final batch loss = 0.483651
  chunk 55 final batch loss = 0.403801
  chunk 56 final batch loss = 0.808102
  chunk 57 final batch loss = 0.819861
  chunk 58 final batch loss = 0.758875
  chunk 59 final batch loss = 0.416169
  chunk 60 final batch loss = 0.768637
  chunk 61 final batch loss = 0.486242
  chunk 62 final batch loss = 0.456628
  chunk 63 final batch loss = 0.825934
  chunk 64 final batch loss = 0.815275
  chunk 65 final batch loss = 0.516615
  chunk 66 final batch loss = 0.766859
  chunk 67 final batch loss = 0.822084
  chunk 68 final batch loss = 0.614115
  chunk 69 final batch loss = 0.706933
  chunk 70 final batch loss = 0.367660
  chunk 71 final batch loss = 0.776208
  chunk 72 final batch loss = 0.806478
  chunk 73 final batch loss = 0.580410
  chunk 74 final batch loss = 0.669960
  chunk 75 final batch loss = 0.379558
  chunk 76 final batch loss = 0.320065
  chunk 77 final batch loss = 0.605769
  chunk 78 final batch loss = 0.823471
  chunk 79 final batch loss = 0.746090
Validation loss: 0.609328
Saved BEST checkpoint
Epoch 2
  chunk 0 final batch loss = 0.820404
  chunk 1 final batch loss = 0.816532
  chunk 2 final batch loss = 0.649903
  chunk 3 final batch loss = 0.422666
  chunk 4 final batch loss = 0.823207
  chunk 5 final batch loss = 0.713648
  chunk 6 final batch loss = 0.343383
  chunk 7 final batch loss = 0.583099
  chunk 8 final batch loss = 0.460544
  chunk 9 final batch loss = 0.766750
  chunk 10 final batch loss = 0.609030
  chunk 11 final batch loss = 0.838006
  chunk 12 final batch loss = 0.789882
  chunk 13 final batch loss = 0.786457
  chunk 14 final batch loss = 0.585288
  chunk 15 final batch loss = 0.453041
  chunk 16 final batch loss = 0.436410
  chunk 17 final batch loss = 0.588668
  chunk 18 final batch loss = 0.749445
  chunk 19 final batch loss = 0.373518
  chunk 20 final batch loss = 0.842225
  chunk 21 final batch loss = 0.752032
  chunk 22 final batch loss = 0.817798
  chunk 23 final batch loss = 0.741205
  chunk 24 final batch loss = 0.813131
  chunk 25 final batch loss = 0.462280
  chunk 26 final batch loss = 0.816769
  chunk 27 final batch loss = 0.325153
  chunk 28 final batch loss = 0.358986
  chunk 29 final batch loss = 0.833248
  chunk 30 final batch loss = 0.395109
  chunk 31 final batch loss = 0.411214
  chunk 32 final batch loss = 0.800334
  chunk 33 final batch loss = 0.379494
  chunk 34 final batch loss = 0.545405
  chunk 35 final batch loss = 0.818548
  chunk 36 final batch loss = 0.773899
  chunk 37 final batch loss = 0.676794
  chunk 38 final batch loss = 0.344927
  chunk 39 final batch loss = 0.825386
  chunk 40 final batch loss = 0.377186
  chunk 41 final batch loss = 0.738060
  chunk 42 final batch loss = 0.341559
  chunk 43 final batch loss = 0.817070
  chunk 44 final batch loss = 0.423988
  chunk 45 final batch loss = 0.815468
  chunk 46 final batch loss = 0.361929
  chunk 47 final batch loss = 0.342705
  chunk 48 final batch loss = 0.382297
  chunk 49 final batch loss = 0.828434
  chunk 50 final batch loss = 0.752884
  chunk 51 final batch loss = 0.427441
  chunk 52 final batch loss = 0.333082
  chunk 53 final batch loss = 0.662108
  chunk 54 final batch loss = 0.466903
  chunk 55 final batch loss = 0.359493
  chunk 56 final batch loss = 0.784659
  chunk 57 final batch loss = 0.806611
  chunk 58 final batch loss = 0.721648
  chunk 59 final batch loss = 0.379633
  chunk 60 final batch loss = 0.723544
  chunk 61 final batch loss = 0.383171
  chunk 62 final batch loss = 0.399106
  chunk 63 final batch loss = 0.816395
  chunk 64 final batch loss = 0.817291
  chunk 65 final batch loss = 0.413459
  chunk 66 final batch loss = 0.737181
  chunk 67 final batch loss = 0.808805
  chunk 68 final batch loss = 0.583800
  chunk 69 final batch loss = 0.699715
  chunk 70 final batch loss = 0.316649
  chunk 71 final batch loss = 0.757070
  chunk 72 final batch loss = 0.785400
  chunk 73 final batch loss = 0.500629
  chunk 74 final batch loss = 0.653297
  chunk 75 final batch loss = 0.336486
  chunk 76 final batch loss = 0.274875
  chunk 77 final batch loss = 0.599962
  chunk 78 final batch loss = 0.808878
  chunk 79 final batch loss = 0.728983
Validation loss: 0.556753
Saved BEST checkpoint
Epoch 3
  chunk 0 final batch loss = 0.811432
  chunk 1 final batch loss = 0.809266
  chunk 2 final batch loss = 0.558951
  chunk 3 final batch loss = 0.399297
  chunk 4 final batch loss = 0.811848
  chunk 5 final batch loss = 0.638292
  chunk 6 final batch loss = 0.302760
  chunk 7 final batch loss = 0.572130
  chunk 8 final batch loss = 0.423531
  chunk 9 final batch loss = 0.695647
  chunk 10 final batch loss = 0.524531
  chunk 11 final batch loss = 0.823715
  chunk 12 final batch loss = 0.780947
  chunk 13 final batch loss = 0.786813
  chunk 14 final batch loss = 0.562570
  chunk 15 final batch loss = 0.418243
  chunk 16 final batch loss = 0.394599
  chunk 17 final batch loss = 0.536292
  chunk 18 final batch loss = 0.764729
  chunk 19 final batch loss = 0.351650
  chunk 20 final batch loss = 0.819830
  chunk 21 final batch loss = 0.762696
  chunk 22 final batch loss = 0.815165
  chunk 23 final batch loss = 0.749486
  chunk 24 final batch loss = 0.802472
  chunk 25 final batch loss = 0.426379
  chunk 26 final batch loss = 0.819707
  chunk 27 final batch loss = 0.306491
  chunk 28 final batch loss = 0.305376
  chunk 29 final batch loss = 0.808077
  chunk 30 final batch loss = 0.416342
  chunk 31 final batch loss = 0.368719
  chunk 32 final batch loss = 0.781646
  chunk 33 final batch loss = 0.325927
  chunk 34 final batch loss = 0.501804
  chunk 35 final batch loss = 0.820612
  chunk 36 final batch loss = 0.742741
  chunk 37 final batch loss = 0.633164
  chunk 38 final batch loss = 0.345674
  chunk 39 final batch loss = 0.825080
  chunk 40 final batch loss = 0.352247
  chunk 41 final batch loss = 0.719246
  chunk 42 final batch loss = 0.307316
  chunk 43 final batch loss = 0.813561
  chunk 44 final batch loss = 0.396246
  chunk 45 final batch loss = 0.804405
  chunk 46 final batch loss = 0.312248
  chunk 47 final batch loss = 0.341671
  chunk 48 final batch loss = 0.376262
  chunk 49 final batch loss = 0.810378
  chunk 50 final batch loss = 0.728719
  chunk 51 final batch loss = 0.416496
  chunk 52 final batch loss = 0.293767
  chunk 53 final batch loss = 0.617112
  chunk 54 final batch loss = 0.441871
  chunk 55 final batch loss = 0.359417
  chunk 56 final batch loss = 0.783093
  chunk 57 final batch loss = 0.796751
  chunk 58 final batch loss = 0.726897
  chunk 59 final batch loss = 0.363240
  chunk 60 final batch loss = 0.716948
  chunk 61 final batch loss = 0.356681
  chunk 62 final batch loss = 0.368227
  chunk 63 final batch loss = 0.802413
  chunk 64 final batch loss = 0.808327
  chunk 65 final batch loss = 0.451642
  chunk 66 final batch loss = 0.710992
  chunk 67 final batch loss = 0.811843
  chunk 68 final batch loss = 0.499508
  chunk 69 final batch loss = 0.710396
  chunk 70 final batch loss = 0.303778
  chunk 71 final batch loss = 0.754626
  chunk 72 final batch loss = 0.782862
  chunk 73 final batch loss = 0.496664
  chunk 74 final batch loss = 0.653010
  chunk 75 final batch loss = 0.309186
  chunk 76 final batch loss = 0.270169
  chunk 77 final batch loss = 0.545763
  chunk 78 final batch loss = 0.818555
  chunk 79 final batch loss = 0.725162
Validation loss: 0.538709
Saved BEST checkpoint
Epoch 4
  chunk 0 final batch loss = 0.802719
  chunk 1 final batch loss = 0.813885
  chunk 2 final batch loss = 0.569353
  chunk 3 final batch loss = 0.395914
  chunk 4 final batch loss = 0.788908
  chunk 5 final batch loss = 0.625406
  chunk 6 final batch loss = 0.309344
  chunk 7 final batch loss = 0.559367
  chunk 8 final batch loss = 0.401068
  chunk 9 final batch loss = 0.698509
  chunk 10 final batch loss = 0.514156
  chunk 11 final batch loss = 0.828676
  chunk 12 final batch loss = 0.778839
  chunk 13 final batch loss = 0.766967
  chunk 14 final batch loss = 0.518196
  chunk 15 final batch loss = 0.404578
  chunk 16 final batch loss = 0.380317
  chunk 17 final batch loss = 0.512240
  chunk 18 final batch loss = 0.704727
  chunk 19 final batch loss = 0.339911
  chunk 20 final batch loss = 0.815486
  chunk 21 final batch loss = 0.727871
  chunk 22 final batch loss = 0.798469
  chunk 23 final batch loss = 0.728627
  chunk 24 final batch loss = 0.815126
  chunk 25 final batch loss = 0.421403
  chunk 26 final batch loss = 0.815895
  chunk 27 final batch loss = 0.274728
  chunk 28 final batch loss = 0.294783
  chunk 29 final batch loss = 0.807719
  chunk 30 final batch loss = 0.397703
  chunk 31 final batch loss = 0.342908
  chunk 32 final batch loss = 0.776961
  chunk 33 final batch loss = 0.327929
  chunk 34 final batch loss = 0.516429
  chunk 35 final batch loss = 0.813384
  chunk 36 final batch loss = 0.730837
  chunk 37 final batch loss = 0.601633
  chunk 38 final batch loss = 0.298578
  chunk 39 final batch loss = 0.825796
  chunk 40 final batch loss = 0.313360
  chunk 41 final batch loss = 0.696210
  chunk 42 final batch loss = 0.326712
  chunk 43 final batch loss = 0.817732
  chunk 44 final batch loss = 0.406744
  chunk 45 final batch loss = 0.814725
  chunk 46 final batch loss = 0.326537
  chunk 47 final batch loss = 0.296014
  chunk 48 final batch loss = 0.341870
  chunk 49 final batch loss = 0.813351
  chunk 50 final batch loss = 0.740028
  chunk 51 final batch loss = 0.372666
  chunk 52 final batch loss = 0.283067
  chunk 53 final batch loss = 0.599044
  chunk 54 final batch loss = 0.381506
  chunk 55 final batch loss = 0.300148
  chunk 56 final batch loss = 0.773496
  chunk 57 final batch loss = 0.784135
  chunk 58 final batch loss = 0.703043
  chunk 59 final batch loss = 0.313754
  chunk 60 final batch loss = 0.719744
  chunk 61 final batch loss = 0.377909
  chunk 62 final batch loss = 0.362422
  chunk 63 final batch loss = 0.812371
  chunk 64 final batch loss = 0.801803
  chunk 65 final batch loss = 0.406510
  chunk 66 final batch loss = 0.701957
  chunk 67 final batch loss = 0.819033
  chunk 68 final batch loss = 0.515760
  chunk 69 final batch loss = 0.676448
  chunk 70 final batch loss = 0.305859
  chunk 71 final batch loss = 0.706398
  chunk 72 final batch loss = 0.773980
  chunk 73 final batch loss = 0.439611
  chunk 74 final batch loss = 0.616895
  chunk 75 final batch loss = 0.318039
  chunk 76 final batch loss = 0.261163
  chunk 77 final batch loss = 0.493162
  chunk 78 final batch loss = 0.791783
  chunk 79 final batch loss = 0.698793
Validation loss: 0.530041
Saved BEST checkpoint
Epoch 5
  chunk 0 final batch loss = 0.806455
  chunk 1 final batch loss = 0.802274
  chunk 2 final batch loss = 0.506187
  chunk 3 final batch loss = 0.367422
  chunk 4 final batch loss = 0.778836
  chunk 5 final batch loss = 0.616274
  chunk 6 final batch loss = 0.283306
  chunk 7 final batch loss = 0.536568
  chunk 8 final batch loss = 0.420085
  chunk 9 final batch loss = 0.688272
  chunk 10 final batch loss = 0.553506
  chunk 11 final batch loss = 0.830580
  chunk 12 final batch loss = 0.760599
  chunk 13 final batch loss = 0.778521
  chunk 14 final batch loss = 0.535192
  chunk 15 final batch loss = 0.398704
  chunk 16 final batch loss = 0.318871
  chunk 17 final batch loss = 0.494497
  chunk 18 final batch loss = 0.678561
  chunk 19 final batch loss = 0.340888
  chunk 20 final batch loss = 0.818496
  chunk 21 final batch loss = 0.739339
  chunk 22 final batch loss = 0.793919
  chunk 23 final batch loss = 0.736478
  chunk 24 final batch loss = 0.813395
  chunk 25 final batch loss = 0.420487
  chunk 26 final batch loss = 0.794261
  chunk 27 final batch loss = 0.283061
  chunk 28 final batch loss = 0.318219
  chunk 29 final batch loss = 0.813354
  chunk 30 final batch loss = 0.323387
  chunk 31 final batch loss = 0.378451
  chunk 32 final batch loss = 0.756888
  chunk 33 final batch loss = 0.296839
  chunk 34 final batch loss = 0.439249
  chunk 35 final batch loss = 0.813220
  chunk 36 final batch loss = 0.744404
  chunk 37 final batch loss = 0.594552
  chunk 38 final batch loss = 0.280102
  chunk 39 final batch loss = 0.827175
  chunk 40 final batch loss = 0.322618
  chunk 41 final batch loss = 0.721885
  chunk 42 final batch loss = 0.292618
  chunk 43 final batch loss = 0.814840
  chunk 44 final batch loss = 0.425317
  chunk 45 final batch loss = 0.813100
  chunk 46 final batch loss = 0.316620
  chunk 47 final batch loss = 0.316196
  chunk 48 final batch loss = 0.350489
  chunk 49 final batch loss = 0.796696
  chunk 50 final batch loss = 0.722106
  chunk 51 final batch loss = 0.397095
  chunk 52 final batch loss = 0.271401
  chunk 53 final batch loss = 0.550022
  chunk 54 final batch loss = 0.410111
  chunk 55 final batch loss = 0.300219
  chunk 56 final batch loss = 0.764619
  chunk 57 final batch loss = 0.784402
  chunk 58 final batch loss = 0.713849
  chunk 59 final batch loss = 0.341982
  chunk 60 final batch loss = 0.697849
  chunk 61 final batch loss = 0.378629
  chunk 62 final batch loss = 0.338637
  chunk 63 final batch loss = 0.783492
  chunk 64 final batch loss = 0.787230
  chunk 65 final batch loss = 0.397004
  chunk 66 final batch loss = 0.696959
  chunk 67 final batch loss = 0.812477
  chunk 68 final batch loss = 0.546916
  chunk 69 final batch loss = 0.718443
  chunk 70 final batch loss = 0.296155
  chunk 71 final batch loss = 0.720772
  chunk 72 final batch loss = 0.748700
  chunk 73 final batch loss = 0.464983
  chunk 74 final batch loss = 0.578721
  chunk 75 final batch loss = 0.282612
  chunk 76 final batch loss = 0.247879
  chunk 77 final batch loss = 0.471511
  chunk 78 final batch loss = 0.815671
  chunk 79 final batch loss = 0.698585
Validation loss: 0.515781
Saved BEST checkpoint
Epoch 6
  chunk 0 final batch loss = 0.805726
  chunk 1 final batch loss = 0.803493
  chunk 2 final batch loss = 0.484332
  chunk 3 final batch loss = 0.376705
  chunk 4 final batch loss = 0.773162
  chunk 5 final batch loss = 0.591010
  chunk 6 final batch loss = 0.271968
  chunk 7 final batch loss = 0.500380
  chunk 8 final batch loss = 0.404469
  chunk 9 final batch loss = 0.733781
  chunk 10 final batch loss = 0.499825
  chunk 11 final batch loss = 0.824845
  chunk 12 final batch loss = 0.775348
  chunk 13 final batch loss = 0.761329
  chunk 14 final batch loss = 0.540184
  chunk 15 final batch loss = 0.344612
  chunk 16 final batch loss = 0.368913
  chunk 17 final batch loss = 0.479332
  chunk 18 final batch loss = 0.673406
  chunk 19 final batch loss = 0.297987
  chunk 20 final batch loss = 0.817475
  chunk 21 final batch loss = 0.730896
  chunk 22 final batch loss = 0.810881
  chunk 23 final batch loss = 0.734336
  chunk 24 final batch loss = 0.800821
  chunk 25 final batch loss = 0.382415
  chunk 26 final batch loss = 0.792481
  chunk 27 final batch loss = 0.247358
  chunk 28 final batch loss = 0.312342
  chunk 29 final batch loss = 0.822465
  chunk 30 final batch loss = 0.377832
  chunk 31 final batch loss = 0.350502
  chunk 32 final batch loss = 0.742534
  chunk 33 final batch loss = 0.273837
  chunk 34 final batch loss = 0.509433
  chunk 35 final batch loss = 0.811783
  chunk 36 final batch loss = 0.722415
  chunk 37 final batch loss = 0.562321
  chunk 38 final batch loss = 0.274612
  chunk 39 final batch loss = 0.823284
  chunk 40 final batch loss = 0.315084
  chunk 41 final batch loss = 0.701717
  chunk 42 final batch loss = 0.292581
  chunk 43 final batch loss = 0.809408
  chunk 44 final batch loss = 0.391019
  chunk 45 final batch loss = 0.788777
  chunk 46 final batch loss = 0.313534
  chunk 47 final batch loss = 0.284512
  chunk 48 final batch loss = 0.371633
  chunk 49 final batch loss = 0.807410
  chunk 50 final batch loss = 0.701107
  chunk 51 final batch loss = 0.375932
  chunk 52 final batch loss = 0.284650
  chunk 53 final batch loss = 0.566316
  chunk 54 final batch loss = 0.384259
  chunk 55 final batch loss = 0.297581
  chunk 56 final batch loss = 0.767239
  chunk 57 final batch loss = 0.782253
  chunk 58 final batch loss = 0.674210
  chunk 59 final batch loss = 0.345405
  chunk 60 final batch loss = 0.707478
  chunk 61 final batch loss = 0.346710
  chunk 62 final batch loss = 0.337276
  chunk 63 final batch loss = 0.795848
  chunk 64 final batch loss = 0.804181
  chunk 65 final batch loss = 0.403976
  chunk 66 final batch loss = 0.650339
  chunk 67 final batch loss = 0.820663
  chunk 68 final batch loss = 0.497699
  chunk 69 final batch loss = 0.714312
  chunk 70 final batch loss = 0.281538
  chunk 71 final batch loss = 0.753305
  chunk 72 final batch loss = 0.762015
  chunk 73 final batch loss = 0.513692
  chunk 74 final batch loss = 0.572619
  chunk 75 final batch loss = 0.292645
  chunk 76 final batch loss = 0.259417
  chunk 77 final batch loss = 0.480418
  chunk 78 final batch loss = 0.801466
  chunk 79 final batch loss = 0.697166
Validation loss: 0.509165
Saved BEST checkpoint
Epoch 7
  chunk 0 final batch loss = 0.808858
  chunk 1 final batch loss = 0.799204
  chunk 2 final batch loss = 0.525470
  chunk 3 final batch loss = 0.359505
  chunk 4 final batch loss = 0.770974
  chunk 5 final batch loss = 0.597563
  chunk 6 final batch loss = 0.278643
  chunk 7 final batch loss = 0.473007
  chunk 8 final batch loss = 0.419759
  chunk 9 final batch loss = 0.680442
  chunk 10 final batch loss = 0.496300
  chunk 11 final batch loss = 0.824556
  chunk 12 final batch loss = 0.763967
  chunk 13 final batch loss = 0.718585
  chunk 14 final batch loss = 0.502973
  chunk 15 final batch loss = 0.336495
  chunk 16 final batch loss = 0.341138
  chunk 17 final batch loss = 0.456005
  chunk 18 final batch loss = 0.645065
  chunk 19 final batch loss = 0.288434
  chunk 20 final batch loss = 0.817054
  chunk 21 final batch loss = 0.713853
  chunk 22 final batch loss = 0.801405
  chunk 23 final batch loss = 0.701398
  chunk 24 final batch loss = 0.799106
  chunk 25 final batch loss = 0.367744
  chunk 26 final batch loss = 0.807571
  chunk 27 final batch loss = 0.267807
  chunk 28 final batch loss = 0.284700
  chunk 29 final batch loss = 0.817481
  chunk 30 final batch loss = 0.348614
  chunk 31 final batch loss = 0.341308
  chunk 32 final batch loss = 0.775111
  chunk 33 final batch loss = 0.300787
  chunk 34 final batch loss = 0.413872
  chunk 35 final batch loss = 0.812786
  chunk 36 final batch loss = 0.742403
  chunk 37 final batch loss = 0.583542
  chunk 38 final batch loss = 0.292228
  chunk 39 final batch loss = 0.825486
  chunk 40 final batch loss = 0.301900
  chunk 41 final batch loss = 0.719159
  chunk 42 final batch loss = 0.296592
  chunk 43 final batch loss = 0.811383
  chunk 44 final batch loss = 0.426026
  chunk 45 final batch loss = 0.771245
  chunk 46 final batch loss = 0.273214
  chunk 47 final batch loss = 0.281854
  chunk 48 final batch loss = 0.306108
  chunk 49 final batch loss = 0.813996
  chunk 50 final batch loss = 0.693026
  chunk 51 final batch loss = 0.331376
  chunk 52 final batch loss = 0.273208
  chunk 53 final batch loss = 0.575711
  chunk 54 final batch loss = 0.395859
  chunk 55 final batch loss = 0.285213
  chunk 56 final batch loss = 0.765481
  chunk 57 final batch loss = 0.784136
  chunk 58 final batch loss = 0.694348
  chunk 59 final batch loss = 0.295540
  chunk 60 final batch loss = 0.711237
  chunk 61 final batch loss = 0.318380
  chunk 62 final batch loss = 0.335607
  chunk 63 final batch loss = 0.786692
  chunk 64 final batch loss = 0.795747
  chunk 65 final batch loss = 0.384197
  chunk 66 final batch loss = 0.697945
  chunk 67 final batch loss = 0.805531
  chunk 68 final batch loss = 0.492489
  chunk 69 final batch loss = 0.718711
  chunk 70 final batch loss = 0.295047
  chunk 71 final batch loss = 0.725155
  chunk 72 final batch loss = 0.751538
  chunk 73 final batch loss = 0.495056
  chunk 74 final batch loss = 0.515744
  chunk 75 final batch loss = 0.273601
  chunk 76 final batch loss = 0.252370
  chunk 77 final batch loss = 0.488642
  chunk 78 final batch loss = 0.806449
  chunk 79 final batch loss = 0.678102
Validation loss: 0.503706
Saved BEST checkpoint
Epoch 8
  chunk 0 final batch loss = 0.811404
  chunk 1 final batch loss = 0.804335
  chunk 2 final batch loss = 0.479605
  chunk 3 final batch loss = 0.334270
  chunk 4 final batch loss = 0.789644
  chunk 5 final batch loss = 0.593858
  chunk 6 final batch loss = 0.266387
  chunk 7 final batch loss = 0.485722
  chunk 8 final batch loss = 0.386946
  chunk 9 final batch loss = 0.669950
  chunk 10 final batch loss = 0.476789
  chunk 11 final batch loss = 0.824486
  chunk 12 final batch loss = 0.751567
  chunk 13 final batch loss = 0.748014
  chunk 14 final batch loss = 0.470001
  chunk 15 final batch loss = 0.364836
  chunk 16 final batch loss = 0.352478
  chunk 17 final batch loss = 0.482365
  chunk 18 final batch loss = 0.653332
  chunk 19 final batch loss = 0.310191
  chunk 20 final batch loss = 0.816452
  chunk 21 final batch loss = 0.702768
  chunk 22 final batch loss = 0.780779
  chunk 23 final batch loss = 0.682387
  chunk 24 final batch loss = 0.808112
  chunk 25 final batch loss = 0.354990
  chunk 26 final batch loss = 0.808192
  chunk 27 final batch loss = 0.254490
  chunk 28 final batch loss = 0.293253
  chunk 29 final batch loss = 0.811390
  chunk 30 final batch loss = 0.317001
  chunk 31 final batch loss = 0.312530
  chunk 32 final batch loss = 0.753843
  chunk 33 final batch loss = 0.304654
  chunk 34 final batch loss = 0.443561
  chunk 35 final batch loss = 0.807773
  chunk 36 final batch loss = 0.763180
  chunk 37 final batch loss = 0.573396
  chunk 38 final batch loss = 0.253438
  chunk 39 final batch loss = 0.817292
  chunk 40 final batch loss = 0.289473
  chunk 41 final batch loss = 0.717374
  chunk 42 final batch loss = 0.290292
  chunk 43 final batch loss = 0.804815
  chunk 44 final batch loss = 0.407946
  chunk 45 final batch loss = 0.782824
  chunk 46 final batch loss = 0.295713
  chunk 47 final batch loss = 0.304002
  chunk 48 final batch loss = 0.338126
  chunk 49 final batch loss = 0.812333
  chunk 50 final batch loss = 0.746915
  chunk 51 final batch loss = 0.332422
  chunk 52 final batch loss = 0.266501
  chunk 53 final batch loss = 0.566598
  chunk 54 final batch loss = 0.372849
  chunk 55 final batch loss = 0.306838
  chunk 56 final batch loss = 0.773632
  chunk 57 final batch loss = 0.792526
  chunk 58 final batch loss = 0.693216
  chunk 59 final batch loss = 0.313386
  chunk 60 final batch loss = 0.704894
  chunk 61 final batch loss = 0.341431
  chunk 62 final batch loss = 0.319238
  chunk 63 final batch loss = 0.779708
  chunk 64 final batch loss = 0.809408
  chunk 65 final batch loss = 0.378859
  chunk 66 final batch loss = 0.694283
  chunk 67 final batch loss = 0.810700
  chunk 68 final batch loss = 0.485209
  chunk 69 final batch loss = 0.696186
  chunk 70 final batch loss = 0.262663
  chunk 71 final batch loss = 0.725596
  chunk 72 final batch loss = 0.711050
  chunk 73 final batch loss = 0.432982
  chunk 74 final batch loss = 0.555111
  chunk 75 final batch loss = 0.272640
  chunk 76 final batch loss = 0.256962
  chunk 77 final batch loss = 0.466273
  chunk 78 final batch loss = 0.799573
  chunk 79 final batch loss = 0.654532
Validation loss: 0.499866
Saved BEST checkpoint
Epoch 9
  chunk 0 final batch loss = 0.809762
  chunk 1 final batch loss = 0.807826
  chunk 2 final batch loss = 0.459751
  chunk 3 final batch loss = 0.355115
  chunk 4 final batch loss = 0.765308
  chunk 5 final batch loss = 0.548119
  chunk 6 final batch loss = 0.275542
  chunk 7 final batch loss = 0.495982
  chunk 8 final batch loss = 0.398847
  chunk 9 final batch loss = 0.660765
  chunk 10 final batch loss = 0.487395
  chunk 11 final batch loss = 0.825930
  chunk 12 final batch loss = 0.765735
  chunk 13 final batch loss = 0.744031
  chunk 14 final batch loss = 0.442249
  chunk 15 final batch loss = 0.335417
  chunk 16 final batch loss = 0.336925
  chunk 17 final batch loss = 0.450898
  chunk 18 final batch loss = 0.674665
  chunk 19 final batch loss = 0.264488
  chunk 20 final batch loss = 0.818862
  chunk 21 final batch loss = 0.676806
  chunk 22 final batch loss = 0.839659
  chunk 23 final batch loss = 0.715347
  chunk 24 final batch loss = 0.779343
  chunk 25 final batch loss = 0.350774
  chunk 26 final batch loss = 0.809384
  chunk 27 final batch loss = 0.232232
  chunk 28 final batch loss = 0.277595
  chunk 29 final batch loss = 0.813201
  chunk 30 final batch loss = 0.349059
  chunk 31 final batch loss = 0.345886
  chunk 32 final batch loss = 0.753371
  chunk 33 final batch loss = 0.282012
  chunk 34 final batch loss = 0.446278
  chunk 35 final batch loss = 0.809310
  chunk 36 final batch loss = 0.742575
  chunk 37 final batch loss = 0.512008
  chunk 38 final batch loss = 0.273852
  chunk 39 final batch loss = 0.829392
  chunk 40 final batch loss = 0.301631
  chunk 41 final batch loss = 0.741324
  chunk 42 final batch loss = 0.279961
  chunk 43 final batch loss = 0.815060
  chunk 44 final batch loss = 0.406288
  chunk 45 final batch loss = 0.795464
  chunk 46 final batch loss = 0.303971
  chunk 47 final batch loss = 0.273949
  chunk 48 final batch loss = 0.332697
  chunk 49 final batch loss = 0.815131
  chunk 50 final batch loss = 0.741808
  chunk 51 final batch loss = 0.345462
  chunk 52 final batch loss = 0.263748
  chunk 53 final batch loss = 0.559977
  chunk 54 final batch loss = 0.424315
  chunk 55 final batch loss = 0.272501
  chunk 56 final batch loss = 0.723601
  chunk 57 final batch loss = 0.783210
  chunk 58 final batch loss = 0.720565
  chunk 59 final batch loss = 0.296005
  chunk 60 final batch loss = 0.687157
  chunk 61 final batch loss = 0.317005
  chunk 62 final batch loss = 0.336157
  chunk 63 final batch loss = 0.793350
  chunk 64 final batch loss = 0.798430
  chunk 65 final batch loss = 0.385253
  chunk 66 final batch loss = 0.714195
  chunk 67 final batch loss = 0.796822
  chunk 68 final batch loss = 0.492694
  chunk 69 final batch loss = 0.695295
  chunk 70 final batch loss = 0.273840
  chunk 71 final batch loss = 0.711674
  chunk 72 final batch loss = 0.749881
  chunk 73 final batch loss = 0.454181
  chunk 74 final batch loss = 0.579926
  chunk 75 final batch loss = 0.277190
  chunk 76 final batch loss = 0.239741
  chunk 77 final batch loss = 0.485883
  chunk 78 final batch loss = 0.808427
  chunk 79 final batch loss = 0.679052
Validation loss: 0.499436
Saved BEST checkpoint
Epoch 10
  chunk 0 final batch loss = 0.808681
  chunk 1 final batch loss = 0.804321
  chunk 2 final batch loss = 0.477902
  chunk 3 final batch loss = 0.337717
  chunk 4 final batch loss = 0.775404
  chunk 5 final batch loss = 0.523749
  chunk 6 final batch loss = 0.289970
  chunk 7 final batch loss = 0.423080
  chunk 8 final batch loss = 0.405483
  chunk 9 final batch loss = 0.690289
  chunk 10 final batch loss = 0.446189
  chunk 11 final batch loss = 0.822284
  chunk 12 final batch loss = 0.773647
  chunk 13 final batch loss = 0.732003
  chunk 14 final batch loss = 0.476732
  chunk 15 final batch loss = 0.311092
  chunk 16 final batch loss = 0.317676
  chunk 17 final batch loss = 0.498225
  chunk 18 final batch loss = 0.678267
  chunk 19 final batch loss = 0.306542
  chunk 20 final batch loss = 0.802540
  chunk 21 final batch loss = 0.685788
  chunk 22 final batch loss = 0.802696
  chunk 23 final batch loss = 0.728993
  chunk 24 final batch loss = 0.800486
  chunk 25 final batch loss = 0.334569
  chunk 26 final batch loss = 0.793923
  chunk 27 final batch loss = 0.253994
  chunk 28 final batch loss = 0.268018
  chunk 29 final batch loss = 0.805279
  chunk 30 final batch loss = 0.323490
  chunk 31 final batch loss = 0.322165
  chunk 32 final batch loss = 0.773629
  chunk 33 final batch loss = 0.268070
  chunk 34 final batch loss = 0.434960
  chunk 35 final batch loss = 0.809673
  chunk 36 final batch loss = 0.730234
  chunk 37 final batch loss = 0.560549
  chunk 38 final batch loss = 0.305170
  chunk 39 final batch loss = 0.826300
  chunk 40 final batch loss = 0.295214
  chunk 41 final batch loss = 0.718341
  chunk 42 final batch loss = 0.311520
  chunk 43 final batch loss = 0.796319
  chunk 44 final batch loss = 0.357828
  chunk 45 final batch loss = 0.752260
  chunk 46 final batch loss = 0.280410
  chunk 47 final batch loss = 0.279716
  chunk 48 final batch loss = 0.338042
  chunk 49 final batch loss = 0.783629
  chunk 50 final batch loss = 0.713503
  chunk 51 final batch loss = 0.333364
  chunk 52 final batch loss = 0.248270
  chunk 53 final batch loss = 0.553099
  chunk 54 final batch loss = 0.375382
  chunk 55 final batch loss = 0.300700
  chunk 56 final batch loss = 0.739254
  chunk 57 final batch loss = 0.776486
  chunk 58 final batch loss = 0.625741
  chunk 59 final batch loss = 0.300404
  chunk 60 final batch loss = 0.647163
  chunk 61 final batch loss = 0.325699
  chunk 62 final batch loss = 0.348816
  chunk 63 final batch loss = 0.780847
  chunk 64 final batch loss = 0.788229
  chunk 65 final batch loss = 0.380478
  chunk 66 final batch loss = 0.679459
  chunk 67 final batch loss = 0.810621
  chunk 68 final batch loss = 0.479117
  chunk 69 final batch loss = 0.707356
  chunk 70 final batch loss = 0.274522
  chunk 71 final batch loss = 0.681098
  chunk 72 final batch loss = 0.729972
  chunk 73 final batch loss = 0.446845
  chunk 74 final batch loss = 0.557241
  chunk 75 final batch loss = 0.278058
  chunk 76 final batch loss = 0.257815
  chunk 77 final batch loss = 0.423385
  chunk 78 final batch loss = 0.811772
  chunk 79 final batch loss = 0.664656
Validation loss: 0.492716
Saved BEST checkpoint
Epoch 11
  chunk 0 final batch loss = 0.803989
  chunk 1 final batch loss = 0.792951
  chunk 2 final batch loss = 0.455921
  chunk 3 final batch loss = 0.335106
  chunk 4 final batch loss = 0.787028
  chunk 5 final batch loss = 0.615209
  chunk 6 final batch loss = 0.268692
  chunk 7 final batch loss = 0.466313
  chunk 8 final batch loss = 0.395315
  chunk 9 final batch loss = 0.662004
  chunk 10 final batch loss = 0.487134
  chunk 11 final batch loss = 0.818790
  chunk 12 final batch loss = 0.764002
  chunk 13 final batch loss = 0.728672
  chunk 14 final batch loss = 0.454250
  chunk 15 final batch loss = 0.319607
  chunk 16 final batch loss = 0.327010
  chunk 17 final batch loss = 0.468980
  chunk 18 final batch loss = 0.665960
  chunk 19 final batch loss = 0.275566
  chunk 20 final batch loss = 0.814247
  chunk 21 final batch loss = 0.702605
  chunk 22 final batch loss = 0.784512
  chunk 23 final batch loss = 0.711442
  chunk 24 final batch loss = 0.802023
  chunk 25 final batch loss = 0.334253
  chunk 26 final batch loss = 0.812058
  chunk 27 final batch loss = 0.253571
  chunk 28 final batch loss = 0.260360
  chunk 29 final batch loss = 0.822070
  chunk 30 final batch loss = 0.347862
  chunk 31 final batch loss = 0.319791
  chunk 32 final batch loss = 0.715925
  chunk 33 final batch loss = 0.273275
  chunk 34 final batch loss = 0.434733
  chunk 35 final batch loss = 0.807361
  chunk 36 final batch loss = 0.737299
  chunk 37 final batch loss = 0.550200
  chunk 38 final batch loss = 0.264077
  chunk 39 final batch loss = 0.828744
  chunk 40 final batch loss = 0.296088
  chunk 41 final batch loss = 0.695232
  chunk 42 final batch loss = 0.271897
  chunk 43 final batch loss = 0.808780
  chunk 44 final batch loss = 0.362814
  chunk 45 final batch loss = 0.763404
  chunk 46 final batch loss = 0.268865
  chunk 47 final batch loss = 0.262082
  chunk 48 final batch loss = 0.342268
  chunk 49 final batch loss = 0.787851
  chunk 50 final batch loss = 0.664675
  chunk 51 final batch loss = 0.312446
  chunk 52 final batch loss = 0.269354
  chunk 53 final batch loss = 0.515494
  chunk 54 final batch loss = 0.364706
  chunk 55 final batch loss = 0.305403
  chunk 56 final batch loss = 0.747493
  chunk 57 final batch loss = 0.753706
  chunk 58 final batch loss = 0.691065
  chunk 59 final batch loss = 0.283396
  chunk 60 final batch loss = 0.696317
  chunk 61 final batch loss = 0.346506
  chunk 62 final batch loss = 0.304587
  chunk 63 final batch loss = 0.785391
  chunk 64 final batch loss = 0.791641
  chunk 65 final batch loss = 0.389281
  chunk 66 final batch loss = 0.673548
  chunk 67 final batch loss = 0.803630
  chunk 68 final batch loss = 0.425553
  chunk 69 final batch loss = 0.663112
  chunk 70 final batch loss = 0.254896
  chunk 71 final batch loss = 0.712219
  chunk 72 final batch loss = 0.727002
  chunk 73 final batch loss = 0.396809
  chunk 74 final batch loss = 0.522865
  chunk 75 final batch loss = 0.279480
  chunk 76 final batch loss = 0.233285
  chunk 77 final batch loss = 0.467201
  chunk 78 final batch loss = 0.811627
  chunk 79 final batch loss = 0.626788
Validation loss: 0.488437
Saved BEST checkpoint
Epoch 12
  chunk 0 final batch loss = 0.800620
  chunk 1 final batch loss = 0.795991
  chunk 2 final batch loss = 0.494823
  chunk 3 final batch loss = 0.323393
  chunk 4 final batch loss = 0.786639
  chunk 5 final batch loss = 0.564269
  chunk 6 final batch loss = 0.269283
  chunk 7 final batch loss = 0.450140
  chunk 8 final batch loss = 0.363943
  chunk 9 final batch loss = 0.660734
  chunk 10 final batch loss = 0.431769
  chunk 11 final batch loss = 0.815447
  chunk 12 final batch loss = 0.721250
  chunk 13 final batch loss = 0.760396
  chunk 14 final batch loss = 0.412934
  chunk 15 final batch loss = 0.306780
  chunk 16 final batch loss = 0.346411
  chunk 17 final batch loss = 0.448956
  chunk 18 final batch loss = 0.688520
  chunk 19 final batch loss = 0.278761
  chunk 20 final batch loss = 0.800966
  chunk 21 final batch loss = 0.679959
  chunk 22 final batch loss = 0.822577
  chunk 23 final batch loss = 0.703157
  chunk 24 final batch loss = 0.802838
  chunk 25 final batch loss = 0.319833
  chunk 26 final batch loss = 0.781573
  chunk 27 final batch loss = 0.250014
  chunk 28 final batch loss = 0.258834
  chunk 29 final batch loss = 0.818017
  chunk 30 final batch loss = 0.308867
  chunk 31 final batch loss = 0.314803
  chunk 32 final batch loss = 0.732120
  chunk 33 final batch loss = 0.264682
  chunk 34 final batch loss = 0.468795
  chunk 35 final batch loss = 0.800939
  chunk 36 final batch loss = 0.721624
  chunk 37 final batch loss = 0.539400
  chunk 38 final batch loss = 0.256587
  chunk 39 final batch loss = 0.825394
  chunk 40 final batch loss = 0.266407
  chunk 41 final batch loss = 0.661599
  chunk 42 final batch loss = 0.320941
  chunk 43 final batch loss = 0.806837
  chunk 44 final batch loss = 0.388426
  chunk 45 final batch loss = 0.760769
  chunk 46 final batch loss = 0.289129
  chunk 47 final batch loss = 0.281291
  chunk 48 final batch loss = 0.307608
  chunk 49 final batch loss = 0.833912
  chunk 50 final batch loss = 0.716626
  chunk 51 final batch loss = 0.318018
  chunk 52 final batch loss = 0.260919
  chunk 53 final batch loss = 0.535065
  chunk 54 final batch loss = 0.389038
  chunk 55 final batch loss = 0.309810
  chunk 56 final batch loss = 0.752530
  chunk 57 final batch loss = 0.743644
  chunk 58 final batch loss = 0.703918
  chunk 59 final batch loss = 0.283784
  chunk 60 final batch loss = 0.695614
  chunk 61 final batch loss = 0.351401
  chunk 62 final batch loss = 0.348395
  chunk 63 final batch loss = 0.747144
  chunk 64 final batch loss = 0.787081
  chunk 65 final batch loss = 0.371485
  chunk 66 final batch loss = 0.679391
  chunk 67 final batch loss = 0.794838
  chunk 68 final batch loss = 0.471243
  chunk 69 final batch loss = 0.659527
  chunk 70 final batch loss = 0.267120
  chunk 71 final batch loss = 0.698925
  chunk 72 final batch loss = 0.739001
  chunk 73 final batch loss = 0.433515
  chunk 74 final batch loss = 0.555403
  chunk 75 final batch loss = 0.277441
  chunk 76 final batch loss = 0.258556
  chunk 77 final batch loss = 0.407864
  chunk 78 final batch loss = 0.798720
  chunk 79 final batch loss = 0.597885
Validation loss: 0.482589
Saved BEST checkpoint
Epoch 13
  chunk 0 final batch loss = 0.796062
  chunk 1 final batch loss = 0.799772
  chunk 2 final batch loss = 0.452263
  chunk 3 final batch loss = 0.325160
  chunk 4 final batch loss = 0.771087
  chunk 5 final batch loss = 0.551525
  chunk 6 final batch loss = 0.222734
  chunk 7 final batch loss = 0.452979
  chunk 8 final batch loss = 0.379991
  chunk 9 final batch loss = 0.635989
  chunk 10 final batch loss = 0.444200
  chunk 11 final batch loss = 0.828680
  chunk 12 final batch loss = 0.717519
  chunk 13 final batch loss = 0.726844
  chunk 14 final batch loss = 0.415258
  chunk 15 final batch loss = 0.318705
  chunk 16 final batch loss = 0.314321
  chunk 17 final batch loss = 0.465620
  chunk 18 final batch loss = 0.654467
  chunk 19 final batch loss = 0.297371
  chunk 20 final batch loss = 0.808089
  chunk 21 final batch loss = 0.664611
  chunk 22 final batch loss = 0.820909
  chunk 23 final batch loss = 0.712125
  chunk 24 final batch loss = 0.813974
  chunk 25 final batch loss = 0.330522
  chunk 26 final batch loss = 0.792469
  chunk 27 final batch loss = 0.256941
  chunk 28 final batch loss = 0.282106
  chunk 29 final batch loss = 0.805544
  chunk 30 final batch loss = 0.329610
  chunk 31 final batch loss = 0.301548
  chunk 32 final batch loss = 0.693839
  chunk 33 final batch loss = 0.276253
  chunk 34 final batch loss = 0.437486
  chunk 35 final batch loss = 0.802108
  chunk 36 final batch loss = 0.719111
  chunk 37 final batch loss = 0.550357
  chunk 38 final batch loss = 0.274764
  chunk 39 final batch loss = 0.819812
  chunk 40 final batch loss = 0.298003
  chunk 41 final batch loss = 0.663381
  chunk 42 final batch loss = 0.282461
  chunk 43 final batch loss = 0.798922
  chunk 44 final batch loss = 0.382902
  chunk 45 final batch loss = 0.781797
  chunk 46 final batch loss = 0.247917
  chunk 47 final batch loss = 0.238245
  chunk 48 final batch loss = 0.317078
  chunk 49 final batch loss = 0.814155
  chunk 50 final batch loss = 0.713699
  chunk 51 final batch loss = 0.357257
  chunk 52 final batch loss = 0.254975
  chunk 53 final batch loss = 0.515590
  chunk 54 final batch loss = 0.378666
  chunk 55 final batch loss = 0.312932
  chunk 56 final batch loss = 0.724018
  chunk 57 final batch loss = 0.784013
  chunk 58 final batch loss = 0.690336
  chunk 59 final batch loss = 0.277527
  chunk 60 final batch loss = 0.669746
  chunk 61 final batch loss = 0.314699
  chunk 62 final batch loss = 0.290757
  chunk 63 final batch loss = 0.795312
  chunk 64 final batch loss = 0.796774
  chunk 65 final batch loss = 0.372235
  chunk 66 final batch loss = 0.641641
  chunk 67 final batch loss = 0.820001
  chunk 68 final batch loss = 0.476402
  chunk 69 final batch loss = 0.643807
  chunk 70 final batch loss = 0.266115
  chunk 71 final batch loss = 0.643737
  chunk 72 final batch loss = 0.742432
  chunk 73 final batch loss = 0.442832
  chunk 74 final batch loss = 0.508200
  chunk 75 final batch loss = 0.276997
  chunk 76 final batch loss = 0.240191
  chunk 77 final batch loss = 0.483450
  chunk 78 final batch loss = 0.807988
  chunk 79 final batch loss = 0.650178
Validation loss: 0.483890
No improvement for 1 epochs
Epoch 14
  chunk 0 final batch loss = 0.812691
  chunk 1 final batch loss = 0.794477
  chunk 2 final batch loss = 0.428498
  chunk 3 final batch loss = 0.307609
  chunk 4 final batch loss = 0.753258
  chunk 5 final batch loss = 0.557246
  chunk 6 final batch loss = 0.259080
  chunk 7 final batch loss = 0.462804
  chunk 8 final batch loss = 0.376337
  chunk 9 final batch loss = 0.672576
  chunk 10 final batch loss = 0.465409
  chunk 11 final batch loss = 0.820499
  chunk 12 final batch loss = 0.746792
  chunk 13 final batch loss = 0.731043
  chunk 14 final batch loss = 0.481911
  chunk 15 final batch loss = 0.331362
  chunk 16 final batch loss = 0.302393
  chunk 17 final batch loss = 0.431038
  chunk 18 final batch loss = 0.631979
  chunk 19 final batch loss = 0.262727
  chunk 20 final batch loss = 0.813819
  chunk 21 final batch loss = 0.688352
  chunk 22 final batch loss = 0.805082
  chunk 23 final batch loss = 0.695505
  chunk 24 final batch loss = 0.809489
  chunk 25 final batch loss = 0.325636
  chunk 26 final batch loss = 0.788733
  chunk 27 final batch loss = 0.247390
  chunk 28 final batch loss = 0.268350
  chunk 29 final batch loss = 0.805426
  chunk 30 final batch loss = 0.340176
  chunk 31 final batch loss = 0.317263
  chunk 32 final batch loss = 0.739028
  chunk 33 final batch loss = 0.297823
  chunk 34 final batch loss = 0.432872
  chunk 35 final batch loss = 0.800978
  chunk 36 final batch loss = 0.732365
  chunk 37 final batch loss = 0.522142
  chunk 38 final batch loss = 0.262789
  chunk 39 final batch loss = 0.829785
  chunk 40 final batch loss = 0.274028
  chunk 41 final batch loss = 0.671344
  chunk 42 final batch loss = 0.280885
  chunk 43 final batch loss = 0.796361
  chunk 44 final batch loss = 0.379675
  chunk 45 final batch loss = 0.754554
  chunk 46 final batch loss = 0.276683
  chunk 47 final batch loss = 0.257221
  chunk 48 final batch loss = 0.322170
  chunk 49 final batch loss = 0.811106
  chunk 50 final batch loss = 0.658102
  chunk 51 final batch loss = 0.310448
  chunk 52 final batch loss = 0.276373
  chunk 53 final batch loss = 0.522094
  chunk 54 final batch loss = 0.376696
  chunk 55 final batch loss = 0.273226
  chunk 56 final batch loss = 0.754108
  chunk 57 final batch loss = 0.770814
  chunk 58 final batch loss = 0.664384
  chunk 59 final batch loss = 0.270240
  chunk 60 final batch loss = 0.711342
  chunk 61 final batch loss = 0.308639
  chunk 62 final batch loss = 0.311173
  chunk 63 final batch loss = 0.763530
  chunk 64 final batch loss = 0.798184
  chunk 65 final batch loss = 0.403022
  chunk 66 final batch loss = 0.650227
  chunk 67 final batch loss = 0.793978
  chunk 68 final batch loss = 0.435948
  chunk 69 final batch loss = 0.669019
  chunk 70 final batch loss = 0.256306
  chunk 71 final batch loss = 0.687655
  chunk 72 final batch loss = 0.741955
  chunk 73 final batch loss = 0.444083
  chunk 74 final batch loss = 0.596021
  chunk 75 final batch loss = 0.243863
  chunk 76 final batch loss = 0.245035
  chunk 77 final batch loss = 0.438416
  chunk 78 final batch loss = 0.797935
  chunk 79 final batch loss = 0.597236
Validation loss: 0.482937
No improvement for 2 epochs
Epoch 15
  chunk 0 final batch loss = 0.811320
  chunk 1 final batch loss = 0.794859
  chunk 2 final batch loss = 0.450451
  chunk 3 final batch loss = 0.320427
  chunk 4 final batch loss = 0.767788
  chunk 5 final batch loss = 0.554469
  chunk 6 final batch loss = 0.255792
  chunk 7 final batch loss = 0.397672
  chunk 8 final batch loss = 0.374974
  chunk 9 final batch loss = 0.639907
  chunk 10 final batch loss = 0.445090
  chunk 11 final batch loss = 0.822539
  chunk 12 final batch loss = 0.735885
  chunk 13 final batch loss = 0.738817
  chunk 14 final batch loss = 0.439412
  chunk 15 final batch loss = 0.307234
  chunk 16 final batch loss = 0.285288
  chunk 17 final batch loss = 0.443668
  chunk 18 final batch loss = 0.602422
  chunk 19 final batch loss = 0.273262
  chunk 20 final batch loss = 0.802694
  chunk 21 final batch loss = 0.698740
  chunk 22 final batch loss = 0.784472
  chunk 23 final batch loss = 0.650497
  chunk 24 final batch loss = 0.797425
  chunk 25 final batch loss = 0.317398
  chunk 26 final batch loss = 0.806506
  chunk 27 final batch loss = 0.241558
  chunk 28 final batch loss = 0.275429
  chunk 29 final batch loss = 0.808567
  chunk 30 final batch loss = 0.320897
  chunk 31 final batch loss = 0.291790
  chunk 32 final batch loss = 0.742242
  chunk 33 final batch loss = 0.277100
  chunk 34 final batch loss = 0.420823
  chunk 35 final batch loss = 0.791751
  chunk 36 final batch loss = 0.685907
  chunk 37 final batch loss = 0.549365
  chunk 38 final batch loss = 0.261345
  chunk 39 final batch loss = 0.814396
  chunk 40 final batch loss = 0.292248
  chunk 41 final batch loss = 0.691041
  chunk 42 final batch loss = 0.274686
  chunk 43 final batch loss = 0.802892
  chunk 44 final batch loss = 0.384179
  chunk 45 final batch loss = 0.772280
  chunk 46 final batch loss = 0.257448
  chunk 47 final batch loss = 0.275829
  chunk 48 final batch loss = 0.322599
  chunk 49 final batch loss = 0.793246
  chunk 50 final batch loss = 0.702385
  chunk 51 final batch loss = 0.307427
  chunk 52 final batch loss = 0.258217
  chunk 53 final batch loss = 0.536216
  chunk 54 final batch loss = 0.384086
  chunk 55 final batch loss = 0.280808
  chunk 56 final batch loss = 0.748170
  chunk 57 final batch loss = 0.758774
  chunk 58 final batch loss = 0.639181
  chunk 59 final batch loss = 0.293333
  chunk 60 final batch loss = 0.704401
  chunk 61 final batch loss = 0.304802
  chunk 62 final batch loss = 0.295572
  chunk 63 final batch loss = 0.778007
  chunk 64 final batch loss = 0.794919
  chunk 65 final batch loss = 0.361623
  chunk 66 final batch loss = 0.633651
  chunk 67 final batch loss = 0.798585
  chunk 68 final batch loss = 0.469126
  chunk 69 final batch loss = 0.640021
  chunk 70 final batch loss = 0.257106
  chunk 71 final batch loss = 0.682882
  chunk 72 final batch loss = 0.709515
  chunk 73 final batch loss = 0.415672
  chunk 74 final batch loss = 0.530355
  chunk 75 final batch loss = 0.250550
  chunk 76 final batch loss = 0.235084
  chunk 77 final batch loss = 0.430896
  chunk 78 final batch loss = 0.787852
  chunk 79 final batch loss = 0.669544
Validation loss: 0.479480
Saved BEST checkpoint
Epoch 16
  chunk 0 final batch loss = 0.799603
  chunk 1 final batch loss = 0.798156
  chunk 2 final batch loss = 0.464502
  chunk 3 final batch loss = 0.308633
  chunk 4 final batch loss = 0.737629
  chunk 5 final batch loss = 0.552868
  chunk 6 final batch loss = 0.250557
  chunk 7 final batch loss = 0.494042
  chunk 8 final batch loss = 0.366597
  chunk 9 final batch loss = 0.647437
  chunk 10 final batch loss = 0.428651
  chunk 11 final batch loss = 0.822607
  chunk 12 final batch loss = 0.710465
  chunk 13 final batch loss = 0.708794
  chunk 14 final batch loss = 0.437627
  chunk 15 final batch loss = 0.313269
  chunk 16 final batch loss = 0.315956
  chunk 17 final batch loss = 0.435137
  chunk 18 final batch loss = 0.638602
  chunk 19 final batch loss = 0.285350
  chunk 20 final batch loss = 0.803132
  chunk 21 final batch loss = 0.660752
  chunk 22 final batch loss = 0.794843
  chunk 23 final batch loss = 0.672857
  chunk 24 final batch loss = 0.794633
  chunk 25 final batch loss = 0.316253
  chunk 26 final batch loss = 0.800333
  chunk 27 final batch loss = 0.222519
  chunk 28 final batch loss = 0.265113
  chunk 29 final batch loss = 0.784476
  chunk 30 final batch loss = 0.313134
  chunk 31 final batch loss = 0.322677
  chunk 32 final batch loss = 0.726973
  chunk 33 final batch loss = 0.257291
  chunk 34 final batch loss = 0.402762
  chunk 35 final batch loss = 0.812276
  chunk 36 final batch loss = 0.692317
  chunk 37 final batch loss = 0.523261
  chunk 38 final batch loss = 0.280431
  chunk 39 final batch loss = 0.818619
  chunk 40 final batch loss = 0.276333
  chunk 41 final batch loss = 0.651838
  chunk 42 final batch loss = 0.255788
  chunk 43 final batch loss = 0.804074
  chunk 44 final batch loss = 0.389001
  chunk 45 final batch loss = 0.729618
  chunk 46 final batch loss = 0.269571
  chunk 47 final batch loss = 0.275880
  chunk 48 final batch loss = 0.295508
  chunk 49 final batch loss = 0.807059
  chunk 50 final batch loss = 0.676676
  chunk 51 final batch loss = 0.328330
  chunk 52 final batch loss = 0.256046
  chunk 53 final batch loss = 0.534595
  chunk 54 final batch loss = 0.386892
  chunk 55 final batch loss = 0.261327
  chunk 56 final batch loss = 0.749865
  chunk 57 final batch loss = 0.759148
  chunk 58 final batch loss = 0.702723
  chunk 59 final batch loss = 0.268860
  chunk 60 final batch loss = 0.684699
  chunk 61 final batch loss = 0.327332
  chunk 62 final batch loss = 0.315143
  chunk 63 final batch loss = 0.780793
  chunk 64 final batch loss = 0.801128
  chunk 65 final batch loss = 0.360498
  chunk 66 final batch loss = 0.647647
  chunk 67 final batch loss = 0.799809
  chunk 68 final batch loss = 0.436615
  chunk 69 final batch loss = 0.622662
  chunk 70 final batch loss = 0.254526
  chunk 71 final batch loss = 0.734592
  chunk 72 final batch loss = 0.741210
  chunk 73 final batch loss = 0.411482
  chunk 74 final batch loss = 0.515612
  chunk 75 final batch loss = 0.268361
  chunk 76 final batch loss = 0.254408
  chunk 77 final batch loss = 0.458697
  chunk 78 final batch loss = 0.795306
  chunk 79 final batch loss = 0.643098
Validation loss: 0.476137
Saved BEST checkpoint
Epoch 17
  chunk 0 final batch loss = 0.797843
  chunk 1 final batch loss = 0.791397
  chunk 2 final batch loss = 0.445427
  chunk 3 final batch loss = 0.315975
  chunk 4 final batch loss = 0.766625
  chunk 5 final batch loss = 0.515965
  chunk 6 final batch loss = 0.244814
  chunk 7 final batch loss = 0.453232
  chunk 8 final batch loss = 0.379483
  chunk 9 final batch loss = 0.633267
  chunk 10 final batch loss = 0.440522
  chunk 11 final batch loss = 0.827674
  chunk 12 final batch loss = 0.729485
  chunk 13 final batch loss = 0.750377
  chunk 14 final batch loss = 0.481196
  chunk 15 final batch loss = 0.319674
  chunk 16 final batch loss = 0.332624
  chunk 17 final batch loss = 0.389864
  chunk 18 final batch loss = 0.600780
  chunk 19 final batch loss = 0.274028
  chunk 20 final batch loss = 0.794741
  chunk 21 final batch loss = 0.723549
  chunk 22 final batch loss = 0.788066
  chunk 23 final batch loss = 0.660093
  chunk 24 final batch loss = 0.805751
  chunk 25 final batch loss = 0.332461
  chunk 26 final batch loss = 0.787195
  chunk 27 final batch loss = 0.241737
  chunk 28 final batch loss = 0.288218
  chunk 29 final batch loss = 0.789365
  chunk 30 final batch loss = 0.315481
  chunk 31 final batch loss = 0.310266
  chunk 32 final batch loss = 0.761331
  chunk 33 final batch loss = 0.246235
  chunk 34 final batch loss = 0.406622
  chunk 35 final batch loss = 0.798718
  chunk 36 final batch loss = 0.713003
  chunk 37 final batch loss = 0.524432
  chunk 38 final batch loss = 0.285611
  chunk 39 final batch loss = 0.825099
  chunk 40 final batch loss = 0.296059
  chunk 41 final batch loss = 0.710438
  chunk 42 final batch loss = 0.284183
  chunk 43 final batch loss = 0.801503
  chunk 44 final batch loss = 0.333868
  chunk 45 final batch loss = 0.720490
  chunk 46 final batch loss = 0.283320
  chunk 47 final batch loss = 0.257309
  chunk 48 final batch loss = 0.307055
  chunk 49 final batch loss = 0.806104
  chunk 50 final batch loss = 0.680394
  chunk 51 final batch loss = 0.307044
  chunk 52 final batch loss = 0.261637
  chunk 53 final batch loss = 0.471243
  chunk 54 final batch loss = 0.365373
  chunk 55 final batch loss = 0.289080
  chunk 56 final batch loss = 0.742848
  chunk 57 final batch loss = 0.761342
  chunk 58 final batch loss = 0.696801
  chunk 59 final batch loss = 0.277605
  chunk 60 final batch loss = 0.661965
  chunk 61 final batch loss = 0.312701
  chunk 62 final batch loss = 0.330637
  chunk 63 final batch loss = 0.790682
  chunk 64 final batch loss = 0.794082
  chunk 65 final batch loss = 0.367597
  chunk 66 final batch loss = 0.654241
  chunk 67 final batch loss = 0.804255
  chunk 68 final batch loss = 0.408173
  chunk 69 final batch loss = 0.630049
  chunk 70 final batch loss = 0.261186
  chunk 71 final batch loss = 0.721535
  chunk 72 final batch loss = 0.741312
  chunk 73 final batch loss = 0.455730
  chunk 74 final batch loss = 0.534147
  chunk 75 final batch loss = 0.283500
  chunk 76 final batch loss = 0.257660
  chunk 77 final batch loss = 0.459764
  chunk 78 final batch loss = 0.804018
  chunk 79 final batch loss = 0.576858
Validation loss: 0.476313
No improvement for 1 epochs
Epoch 18
  chunk 0 final batch loss = 0.809796
  chunk 1 final batch loss = 0.803298
  chunk 2 final batch loss = 0.437907
  chunk 3 final batch loss = 0.354724
  chunk 4 final batch loss = 0.771117
  chunk 5 final batch loss = 0.535698
  chunk 6 final batch loss = 0.249503
  chunk 7 final batch loss = 0.404079
  chunk 8 final batch loss = 0.356210
  chunk 9 final batch loss = 0.623806
  chunk 10 final batch loss = 0.450943
  chunk 11 final batch loss = 0.826843
  chunk 12 final batch loss = 0.734797
  chunk 13 final batch loss = 0.725185
  chunk 14 final batch loss = 0.499901
  chunk 15 final batch loss = 0.323955
  chunk 16 final batch loss = 0.310596
  chunk 17 final batch loss = 0.430368
  chunk 18 final batch loss = 0.640856
  chunk 19 final batch loss = 0.269025
  chunk 20 final batch loss = 0.806382
  chunk 21 final batch loss = 0.655856
  chunk 22 final batch loss = 0.807467
  chunk 23 final batch loss = 0.661119
  chunk 24 final batch loss = 0.781906
  chunk 25 final batch loss = 0.297344
  chunk 26 final batch loss = 0.786051
  chunk 27 final batch loss = 0.247162
  chunk 28 final batch loss = 0.255007
  chunk 29 final batch loss = 0.811381
  chunk 30 final batch loss = 0.323389
  chunk 31 final batch loss = 0.304324
  chunk 32 final batch loss = 0.727877
  chunk 33 final batch loss = 0.263567
  chunk 34 final batch loss = 0.453659
  chunk 35 final batch loss = 0.795249
  chunk 36 final batch loss = 0.686425
  chunk 37 final batch loss = 0.511186
  chunk 38 final batch loss = 0.288674
  chunk 39 final batch loss = 0.834719
  chunk 40 final batch loss = 0.294143
  chunk 41 final batch loss = 0.664145
  chunk 42 final batch loss = 0.258239
  chunk 43 final batch loss = 0.805665
  chunk 44 final batch loss = 0.378131
  chunk 45 final batch loss = 0.789915
  chunk 46 final batch loss = 0.267792
  chunk 47 final batch loss = 0.247278
  chunk 48 final batch loss = 0.287848
  chunk 49 final batch loss = 0.809002
  chunk 50 final batch loss = 0.673343
  chunk 51 final batch loss = 0.312034
  chunk 52 final batch loss = 0.251032
  chunk 53 final batch loss = 0.497982
  chunk 54 final batch loss = 0.352120
  chunk 55 final batch loss = 0.291003
  chunk 56 final batch loss = 0.725516
  chunk 57 final batch loss = 0.735689
  chunk 58 final batch loss = 0.677287
  chunk 59 final batch loss = 0.259226
  chunk 60 final batch loss = 0.706097
  chunk 61 final batch loss = 0.322111
  chunk 62 final batch loss = 0.318634
  chunk 63 final batch loss = 0.765578
  chunk 64 final batch loss = 0.788834
  chunk 65 final batch loss = 0.366486
  chunk 66 final batch loss = 0.614992
  chunk 67 final batch loss = 0.805729
  chunk 68 final batch loss = 0.441725
  chunk 69 final batch loss = 0.616262
  chunk 70 final batch loss = 0.265583
  chunk 71 final batch loss = 0.632663
  chunk 72 final batch loss = 0.735879
  chunk 73 final batch loss = 0.424945
  chunk 74 final batch loss = 0.539361
  chunk 75 final batch loss = 0.268381
  chunk 76 final batch loss = 0.262348
  chunk 77 final batch loss = 0.420933
  chunk 78 final batch loss = 0.778691
  chunk 79 final batch loss = 0.604029
Validation loss: 0.475693
Saved BEST checkpoint
Epoch 19
  chunk 0 final batch loss = 0.807182
  chunk 1 final batch loss = 0.796057
  chunk 2 final batch loss = 0.443312
  chunk 3 final batch loss = 0.330887
  chunk 4 final batch loss = 0.762978
  chunk 5 final batch loss = 0.555576
  chunk 6 final batch loss = 0.256313
  chunk 7 final batch loss = 0.445445
  chunk 8 final batch loss = 0.366076
  chunk 9 final batch loss = 0.616358
  chunk 10 final batch loss = 0.453117
  chunk 11 final batch loss = 0.816112
  chunk 12 final batch loss = 0.717548
  chunk 13 final batch loss = 0.745432
  chunk 14 final batch loss = 0.499109
  chunk 15 final batch loss = 0.333289
  chunk 16 final batch loss = 0.291464
  chunk 17 final batch loss = 0.447286
  chunk 18 final batch loss = 0.629288
  chunk 19 final batch loss = 0.266381
  chunk 20 final batch loss = 0.794441
  chunk 21 final batch loss = 0.655036
  chunk 22 final batch loss = 0.795084
  chunk 23 final batch loss = 0.713577
  chunk 24 final batch loss = 0.791293
  chunk 25 final batch loss = 0.311927
  chunk 26 final batch loss = 0.792329
  chunk 27 final batch loss = 0.254873
  chunk 28 final batch loss = 0.270040
  chunk 29 final batch loss = 0.798178
  chunk 30 final batch loss = 0.345941
  chunk 31 final batch loss = 0.308729
  chunk 32 final batch loss = 0.713437
  chunk 33 final batch loss = 0.268254
  chunk 34 final batch loss = 0.354936
  chunk 35 final batch loss = 0.815195
  chunk 36 final batch loss = 0.708434
  chunk 37 final batch loss = 0.496622
  chunk 38 final batch loss = 0.262317
  chunk 39 final batch loss = 0.826274
  chunk 40 final batch loss = 0.256027
  chunk 41 final batch loss = 0.656118
  chunk 42 final batch loss = 0.262178
  chunk 43 final batch loss = 0.797895
  chunk 44 final batch loss = 0.365813
  chunk 45 final batch loss = 0.748999
  chunk 46 final batch loss = 0.249860
  chunk 47 final batch loss = 0.254907
  chunk 48 final batch loss = 0.289804
  chunk 49 final batch loss = 0.809451
  chunk 50 final batch loss = 0.690630
  chunk 51 final batch loss = 0.312989
  chunk 52 final batch loss = 0.267578
  chunk 53 final batch loss = 0.490467
  chunk 54 final batch loss = 0.367537
  chunk 55 final batch loss = 0.287356
  chunk 56 final batch loss = 0.731994
  chunk 57 final batch loss = 0.765411
  chunk 58 final batch loss = 0.647682
  chunk 59 final batch loss = 0.275640
  chunk 60 final batch loss = 0.671688
  chunk 61 final batch loss = 0.331269
  chunk 62 final batch loss = 0.312349
  chunk 63 final batch loss = 0.780936
  chunk 64 final batch loss = 0.782493
  chunk 65 final batch loss = 0.368216
  chunk 66 final batch loss = 0.609938
  chunk 67 final batch loss = 0.802128
  chunk 68 final batch loss = 0.390565
  chunk 69 final batch loss = 0.687887
  chunk 70 final batch loss = 0.270377
  chunk 71 final batch loss = 0.652930
  chunk 72 final batch loss = 0.699366
  chunk 73 final batch loss = 0.402853
  chunk 74 final batch loss = 0.505816
  chunk 75 final batch loss = 0.264632
  chunk 76 final batch loss = 0.257745
  chunk 77 final batch loss = 0.443014
  chunk 78 final batch loss = 0.794932
  chunk 79 final batch loss = 0.632886
Validation loss: 0.474504
Saved BEST checkpoint
Epoch 20
  chunk 0 final batch loss = 0.792561
  chunk 1 final batch loss = 0.805346
  chunk 2 final batch loss = 0.425647
  chunk 3 final batch loss = 0.324974
  chunk 4 final batch loss = 0.748674
  chunk 5 final batch loss = 0.521779
  chunk 6 final batch loss = 0.253717
  chunk 7 final batch loss = 0.406108
  chunk 8 final batch loss = 0.355048
  chunk 9 final batch loss = 0.618705
  chunk 10 final batch loss = 0.432845
  chunk 11 final batch loss = 0.829074
  chunk 12 final batch loss = 0.715063
  chunk 13 final batch loss = 0.740514
  chunk 14 final batch loss = 0.395236
  chunk 15 final batch loss = 0.292158
  chunk 16 final batch loss = 0.310357
  chunk 17 final batch loss = 0.441469
  chunk 18 final batch loss = 0.655795
  chunk 19 final batch loss = 0.278431
  chunk 20 final batch loss = 0.813139
  chunk 21 final batch loss = 0.683713
  chunk 22 final batch loss = 0.803807
  chunk 23 final batch loss = 0.680113
  chunk 24 final batch loss = 0.793305
  chunk 25 final batch loss = 0.329653
  chunk 26 final batch loss = 0.791493
  chunk 27 final batch loss = 0.223854
  chunk 28 final batch loss = 0.269268
  chunk 29 final batch loss = 0.814760
  chunk 30 final batch loss = 0.326311
  chunk 31 final batch loss = 0.307678
  chunk 32 final batch loss = 0.746515
  chunk 33 final batch loss = 0.267206
  chunk 34 final batch loss = 0.429277
  chunk 35 final batch loss = 0.796329
  chunk 36 final batch loss = 0.682332
  chunk 37 final batch loss = 0.520204
  chunk 38 final batch loss = 0.261778
  chunk 39 final batch loss = 0.828864
  chunk 40 final batch loss = 0.272814
  chunk 41 final batch loss = 0.680730
  chunk 42 final batch loss = 0.284955
  chunk 43 final batch loss = 0.805307
  chunk 44 final batch loss = 0.361371
  chunk 45 final batch loss = 0.784526
  chunk 46 final batch loss = 0.219748
  chunk 47 final batch loss = 0.284952
  chunk 48 final batch loss = 0.311710
  chunk 49 final batch loss = 0.760078
  chunk 50 final batch loss = 0.676866
  chunk 51 final batch loss = 0.326781
  chunk 52 final batch loss = 0.236272
  chunk 53 final batch loss = 0.531973
  chunk 54 final batch loss = 0.362904
  chunk 55 final batch loss = 0.257986
  chunk 56 final batch loss = 0.716256
  chunk 57 final batch loss = 0.738029
  chunk 58 final batch loss = 0.661069
  chunk 59 final batch loss = 0.272594
  chunk 60 final batch loss = 0.665249
  chunk 61 final batch loss = 0.317659
  chunk 62 final batch loss = 0.308258
  chunk 63 final batch loss = 0.767367
  chunk 64 final batch loss = 0.808303
  chunk 65 final batch loss = 0.348394
  chunk 66 final batch loss = 0.649819
  chunk 67 final batch loss = 0.815115
  chunk 68 final batch loss = 0.446151
  chunk 69 final batch loss = 0.681583
  chunk 70 final batch loss = 0.264966
  chunk 71 final batch loss = 0.646315
  chunk 72 final batch loss = 0.721166
  chunk 73 final batch loss = 0.402270
  chunk 74 final batch loss = 0.561160
  chunk 75 final batch loss = 0.280576
  chunk 76 final batch loss = 0.252461
  chunk 77 final batch loss = 0.423914
  chunk 78 final batch loss = 0.790334
  chunk 79 final batch loss = 0.615451
Validation loss: 0.474451
Saved BEST checkpoint
Epoch 21
  chunk 0 final batch loss = 0.796820
  chunk 1 final batch loss = 0.782923
  chunk 2 final batch loss = 0.389971
  chunk 3 final batch loss = 0.304598
  chunk 4 final batch loss = 0.770568
  chunk 5 final batch loss = 0.524433
  chunk 6 final batch loss = 0.256360
  chunk 7 final batch loss = 0.447327
  chunk 8 final batch loss = 0.376460
  chunk 9 final batch loss = 0.617093
  chunk 10 final batch loss = 0.393977
  chunk 11 final batch loss = 0.829125
  chunk 12 final batch loss = 0.706085
  chunk 13 final batch loss = 0.735369
  chunk 14 final batch loss = 0.442611
  chunk 15 final batch loss = 0.312858
  chunk 16 final batch loss = 0.303108
  chunk 17 final batch loss = 0.439991
  chunk 18 final batch loss = 0.597479
  chunk 19 final batch loss = 0.271358
  chunk 20 final batch loss = 0.808216
  chunk 21 final batch loss = 0.655235
  chunk 22 final batch loss = 0.779426
  chunk 23 final batch loss = 0.669038
  chunk 24 final batch loss = 0.793023
  chunk 25 final batch loss = 0.334351
  chunk 26 final batch loss = 0.770294
  chunk 27 final batch loss = 0.252506
  chunk 28 final batch loss = 0.250646
  chunk 29 final batch loss = 0.810951
  chunk 30 final batch loss = 0.328011
  chunk 31 final batch loss = 0.294511
  chunk 32 final batch loss = 0.686770
  chunk 33 final batch loss = 0.258304
  chunk 34 final batch loss = 0.419005
  chunk 35 final batch loss = 0.807288
  chunk 36 final batch loss = 0.708710
  chunk 37 final batch loss = 0.493110
  chunk 38 final batch loss = 0.286620
  chunk 39 final batch loss = 0.822220
  chunk 40 final batch loss = 0.281404
  chunk 41 final batch loss = 0.666632
  chunk 42 final batch loss = 0.245394
  chunk 43 final batch loss = 0.797217
  chunk 44 final batch loss = 0.371271
  chunk 45 final batch loss = 0.761193
  chunk 46 final batch loss = 0.262858
  chunk 47 final batch loss = 0.269203
  chunk 48 final batch loss = 0.320626
  chunk 49 final batch loss = 0.784764
  chunk 50 final batch loss = 0.647868
  chunk 51 final batch loss = 0.289758
  chunk 52 final batch loss = 0.233546
  chunk 53 final batch loss = 0.525656
  chunk 54 final batch loss = 0.367664
  chunk 55 final batch loss = 0.282890
  chunk 56 final batch loss = 0.728182
  chunk 57 final batch loss = 0.765916
  chunk 58 final batch loss = 0.655869
  chunk 59 final batch loss = 0.262110
  chunk 60 final batch loss = 0.665299
  chunk 61 final batch loss = 0.329734
  chunk 62 final batch loss = 0.277996
  chunk 63 final batch loss = 0.725937
  chunk 64 final batch loss = 0.792937
  chunk 65 final batch loss = 0.364811
  chunk 66 final batch loss = 0.692647
  chunk 67 final batch loss = 0.805782
  chunk 68 final batch loss = 0.434932
  chunk 69 final batch loss = 0.633306
  chunk 70 final batch loss = 0.249965
  chunk 71 final batch loss = 0.682069
  chunk 72 final batch loss = 0.735563
  chunk 73 final batch loss = 0.382967
  chunk 74 final batch loss = 0.508324
  chunk 75 final batch loss = 0.264812
  chunk 76 final batch loss = 0.245087
  chunk 77 final batch loss = 0.421933
  chunk 78 final batch loss = 0.781781
  chunk 79 final batch loss = 0.658744
Validation loss: 0.470828
Saved BEST checkpoint
Epoch 22
  chunk 0 final batch loss = 0.786942
  chunk 1 final batch loss = 0.773461
  chunk 2 final batch loss = 0.391072
  chunk 3 final batch loss = 0.307854
  chunk 4 final batch loss = 0.748980
  chunk 5 final batch loss = 0.534702
  chunk 6 final batch loss = 0.250730
  chunk 7 final batch loss = 0.439797
  chunk 8 final batch loss = 0.351072
  chunk 9 final batch loss = 0.684857
  chunk 10 final batch loss = 0.399537
  chunk 11 final batch loss = 0.816268
  chunk 12 final batch loss = 0.739948
  chunk 13 final batch loss = 0.720938
  chunk 14 final batch loss = 0.405131
  chunk 15 final batch loss = 0.304310
  chunk 16 final batch loss = 0.280658
  chunk 17 final batch loss = 0.443149
  chunk 18 final batch loss = 0.630745
  chunk 19 final batch loss = 0.256676
  chunk 20 final batch loss = 0.790394
  chunk 21 final batch loss = 0.652605
  chunk 22 final batch loss = 0.772520
  chunk 23 final batch loss = 0.606604
  chunk 24 final batch loss = 0.780774
  chunk 25 final batch loss = 0.279170
  chunk 26 final batch loss = 0.774571
  chunk 27 final batch loss = 0.249530
  chunk 28 final batch loss = 0.244103
  chunk 29 final batch loss = 0.799261
  chunk 30 final batch loss = 0.302245
  chunk 31 final batch loss = 0.305227
  chunk 32 final batch loss = 0.737087
  chunk 33 final batch loss = 0.259974
  chunk 34 final batch loss = 0.389515
  chunk 35 final batch loss = 0.796963
  chunk 36 final batch loss = 0.680796
  chunk 37 final batch loss = 0.515175
  chunk 38 final batch loss = 0.259882
  chunk 39 final batch loss = 0.828021
  chunk 40 final batch loss = 0.293305
  chunk 41 final batch loss = 0.650825
  chunk 42 final batch loss = 0.273860
  chunk 43 final batch loss = 0.797206
  chunk 44 final batch loss = 0.330397
  chunk 45 final batch loss = 0.750734
  chunk 46 final batch loss = 0.271662
  chunk 47 final batch loss = 0.261681
  chunk 48 final batch loss = 0.312432
  chunk 49 final batch loss = 0.771974
  chunk 50 final batch loss = 0.634123
  chunk 51 final batch loss = 0.319043
  chunk 52 final batch loss = 0.234590
  chunk 53 final batch loss = 0.503822
  chunk 54 final batch loss = 0.349988
  chunk 55 final batch loss = 0.275961
  chunk 56 final batch loss = 0.699493
  chunk 57 final batch loss = 0.774091
  chunk 58 final batch loss = 0.646186
  chunk 59 final batch loss = 0.243905
  chunk 60 final batch loss = 0.674333
  chunk 61 final batch loss = 0.315330
  chunk 62 final batch loss = 0.311719
  chunk 63 final batch loss = 0.761385
  chunk 64 final batch loss = 0.797069
  chunk 65 final batch loss = 0.355216
  chunk 66 final batch loss = 0.602081
  chunk 67 final batch loss = 0.784876
  chunk 68 final batch loss = 0.419307
  chunk 69 final batch loss = 0.674932
  chunk 70 final batch loss = 0.263286
  chunk 71 final batch loss = 0.641250
  chunk 72 final batch loss = 0.720318
  chunk 73 final batch loss = 0.425553
  chunk 74 final batch loss = 0.497842
  chunk 75 final batch loss = 0.274711
  chunk 76 final batch loss = 0.236368
  chunk 77 final batch loss = 0.416193
  chunk 78 final batch loss = 0.765243
  chunk 79 final batch loss = 0.657719
Validation loss: 0.470440
Saved BEST checkpoint
Epoch 23
  chunk 0 final batch loss = 0.789493
  chunk 1 final batch loss = 0.796361
  chunk 2 final batch loss = 0.404692
  chunk 3 final batch loss = 0.298489
  chunk 4 final batch loss = 0.754906
  chunk 5 final batch loss = 0.523041
  chunk 6 final batch loss = 0.228178
  chunk 7 final batch loss = 0.434715
  chunk 8 final batch loss = 0.371032
  chunk 9 final batch loss = 0.619205
  chunk 10 final batch loss = 0.391265
  chunk 11 final batch loss = 0.828098
  chunk 12 final batch loss = 0.718312
  chunk 13 final batch loss = 0.680672
  chunk 14 final batch loss = 0.436572
  chunk 15 final batch loss = 0.297991
  chunk 16 final batch loss = 0.299833
  chunk 17 final batch loss = 0.421680
  chunk 18 final batch loss = 0.590036
  chunk 19 final batch loss = 0.275222
  chunk 20 final batch loss = 0.795392
  chunk 21 final batch loss = 0.647398
  chunk 22 final batch loss = 0.786302
  chunk 23 final batch loss = 0.644100
  chunk 24 final batch loss = 0.798710
  chunk 25 final batch loss = 0.306098
  chunk 26 final batch loss = 0.771687
  chunk 27 final batch loss = 0.221490
  chunk 28 final batch loss = 0.267289
  chunk 29 final batch loss = 0.818230
  chunk 30 final batch loss = 0.324807
  chunk 31 final batch loss = 0.296755
  chunk 32 final batch loss = 0.694865
  chunk 33 final batch loss = 0.254240
  chunk 34 final batch loss = 0.396280
  chunk 35 final batch loss = 0.786717
  chunk 36 final batch loss = 0.691475
  chunk 37 final batch loss = 0.503753
  chunk 38 final batch loss = 0.285269
  chunk 39 final batch loss = 0.821362
  chunk 40 final batch loss = 0.269583
  chunk 41 final batch loss = 0.663105
  chunk 42 final batch loss = 0.271741
  chunk 43 final batch loss = 0.796077
  chunk 44 final batch loss = 0.351240
  chunk 45 final batch loss = 0.765081
  chunk 46 final batch loss = 0.257468
  chunk 47 final batch loss = 0.265397
  chunk 48 final batch loss = 0.293270
  chunk 49 final batch loss = 0.813597
  chunk 50 final batch loss = 0.644532
  chunk 51 final batch loss = 0.310913
  chunk 52 final batch loss = 0.252563
  chunk 53 final batch loss = 0.478069
  chunk 54 final batch loss = 0.351397
  chunk 55 final batch loss = 0.273628
  chunk 56 final batch loss = 0.714602
  chunk 57 final batch loss = 0.745841
  chunk 58 final batch loss = 0.694433
  chunk 59 final batch loss = 0.258582
  chunk 60 final batch loss = 0.634371
  chunk 61 final batch loss = 0.283348
  chunk 62 final batch loss = 0.305139
  chunk 63 final batch loss = 0.763679
  chunk 64 final batch loss = 0.798964
  chunk 65 final batch loss = 0.379372
  chunk 66 final batch loss = 0.656247
  chunk 67 final batch loss = 0.779979
  chunk 68 final batch loss = 0.420442
  chunk 69 final batch loss = 0.668675
  chunk 70 final batch loss = 0.254540
  chunk 71 final batch loss = 0.693095
  chunk 72 final batch loss = 0.730911
  chunk 73 final batch loss = 0.423278
  chunk 74 final batch loss = 0.479669
  chunk 75 final batch loss = 0.274859
  chunk 76 final batch loss = 0.257260
  chunk 77 final batch loss = 0.431251
  chunk 78 final batch loss = 0.788534
  chunk 79 final batch loss = 0.618155
Validation loss: 0.469796
Saved BEST checkpoint
Epoch 24
  chunk 0 final batch loss = 0.792312
  chunk 1 final batch loss = 0.783023
  chunk 2 final batch loss = 0.415393
  chunk 3 final batch loss = 0.303135
  chunk 4 final batch loss = 0.769293
  chunk 5 final batch loss = 0.521453
  chunk 6 final batch loss = 0.261574
  chunk 7 final batch loss = 0.403372
  chunk 8 final batch loss = 0.346032
  chunk 9 final batch loss = 0.638115
  chunk 10 final batch loss = 0.409377
  chunk 11 final batch loss = 0.812555
  chunk 12 final batch loss = 0.738345
  chunk 13 final batch loss = 0.724316
  chunk 14 final batch loss = 0.459183
  chunk 15 final batch loss = 0.299757
  chunk 16 final batch loss = 0.315577
  chunk 17 final batch loss = 0.389023
  chunk 18 final batch loss = 0.574089
  chunk 19 final batch loss = 0.261698
  chunk 20 final batch loss = 0.795687
  chunk 21 final batch loss = 0.674211
  chunk 22 final batch loss = 0.786906
  chunk 23 final batch loss = 0.691246
  chunk 24 final batch loss = 0.803796
  chunk 25 final batch loss = 0.303227
  chunk 26 final batch loss = 0.795227
  chunk 27 final batch loss = 0.230306
  chunk 28 final batch loss = 0.238319
  chunk 29 final batch loss = 0.781393
  chunk 30 final batch loss = 0.324664
  chunk 31 final batch loss = 0.269019
  chunk 32 final batch loss = 0.708174
  chunk 33 final batch loss = 0.258615
  chunk 34 final batch loss = 0.398712
  chunk 35 final batch loss = 0.792141
  chunk 36 final batch loss = 0.706062
  chunk 37 final batch loss = 0.505812
  chunk 38 final batch loss = 0.265289
  chunk 39 final batch loss = 0.814912
  chunk 40 final batch loss = 0.290112
  chunk 41 final batch loss = 0.618076
  chunk 42 final batch loss = 0.234361
  chunk 43 final batch loss = 0.806826
  chunk 44 final batch loss = 0.356999
  chunk 45 final batch loss = 0.751213
  chunk 46 final batch loss = 0.263303
  chunk 47 final batch loss = 0.262446
  chunk 48 final batch loss = 0.302943
  chunk 49 final batch loss = 0.794327
  chunk 50 final batch loss = 0.700752
  chunk 51 final batch loss = 0.278441
  chunk 52 final batch loss = 0.260060
  chunk 53 final batch loss = 0.521031
  chunk 54 final batch loss = 0.374794
  chunk 55 final batch loss = 0.282368
  chunk 56 final batch loss = 0.700910
  chunk 57 final batch loss = 0.764780
  chunk 58 final batch loss = 0.654100
  chunk 59 final batch loss = 0.257239
  chunk 60 final batch loss = 0.649729
  chunk 61 final batch loss = 0.304663
  chunk 62 final batch loss = 0.305566
  chunk 63 final batch loss = 0.797010
  chunk 64 final batch loss = 0.777166
  chunk 65 final batch loss = 0.372843
  chunk 66 final batch loss = 0.645932
  chunk 67 final batch loss = 0.791806
  chunk 68 final batch loss = 0.437697
  chunk 69 final batch loss = 0.623284
  chunk 70 final batch loss = 0.253601
  chunk 71 final batch loss = 0.711291
  chunk 72 final batch loss = 0.742231
  chunk 73 final batch loss = 0.411642
  chunk 74 final batch loss = 0.540569
  chunk 75 final batch loss = 0.238679
  chunk 76 final batch loss = 0.247621
  chunk 77 final batch loss = 0.439820
  chunk 78 final batch loss = 0.809833
  chunk 79 final batch loss = 0.620011
Validation loss: 0.466779
Saved BEST checkpoint
Epoch 25
  chunk 0 final batch loss = 0.777540
  chunk 1 final batch loss = 0.796869
  chunk 2 final batch loss = 0.424824
  chunk 3 final batch loss = 0.305657
  chunk 4 final batch loss = 0.743748
  chunk 5 final batch loss = 0.514752
  chunk 6 final batch loss = 0.227303
  chunk 7 final batch loss = 0.439333
  chunk 8 final batch loss = 0.358443
  chunk 9 final batch loss = 0.583790
  chunk 10 final batch loss = 0.444947
  chunk 11 final batch loss = 0.821708
  chunk 12 final batch loss = 0.738044
  chunk 13 final batch loss = 0.713994
  chunk 14 final batch loss = 0.433776
  chunk 15 final batch loss = 0.310345
  chunk 16 final batch loss = 0.292853
  chunk 17 final batch loss = 0.364623
  chunk 18 final batch loss = 0.594459
  chunk 19 final batch loss = 0.245444
  chunk 20 final batch loss = 0.810765
  chunk 21 final batch loss = 0.638247
  chunk 22 final batch loss = 0.770631
  chunk 23 final batch loss = 0.665217
  chunk 24 final batch loss = 0.803111
  chunk 25 final batch loss = 0.303774
  chunk 26 final batch loss = 0.805619
  chunk 27 final batch loss = 0.239185
  chunk 28 final batch loss = 0.262447
  chunk 29 final batch loss = 0.798702
  chunk 30 final batch loss = 0.316451
  chunk 31 final batch loss = 0.295590
  chunk 32 final batch loss = 0.714650
  chunk 33 final batch loss = 0.250765
  chunk 34 final batch loss = 0.392787
  chunk 35 final batch loss = 0.790352
  chunk 36 final batch loss = 0.667032
  chunk 37 final batch loss = 0.478636
  chunk 38 final batch loss = 0.255097
  chunk 39 final batch loss = 0.819149
  chunk 40 final batch loss = 0.277064
  chunk 41 final batch loss = 0.639439
  chunk 42 final batch loss = 0.250459
  chunk 43 final batch loss = 0.801025
  chunk 44 final batch loss = 0.337979
  chunk 45 final batch loss = 0.750107
  chunk 46 final batch loss = 0.243318
  chunk 47 final batch loss = 0.281842
  chunk 48 final batch loss = 0.304746
  chunk 49 final batch loss = 0.809379
  chunk 50 final batch loss = 0.648345
  chunk 51 final batch loss = 0.290942
  chunk 52 final batch loss = 0.240099
  chunk 53 final batch loss = 0.458371
  chunk 54 final batch loss = 0.334577
  chunk 55 final batch loss = 0.280090
  chunk 56 final batch loss = 0.710115
  chunk 57 final batch loss = 0.722473
  chunk 58 final batch loss = 0.635138
  chunk 59 final batch loss = 0.268277
  chunk 60 final batch loss = 0.675698
  chunk 61 final batch loss = 0.299966
  chunk 62 final batch loss = 0.335464
  chunk 63 final batch loss = 0.752559
  chunk 64 final batch loss = 0.784532
  chunk 65 final batch loss = 0.347179
  chunk 66 final batch loss = 0.637136
  chunk 67 final batch loss = 0.804820
  chunk 68 final batch loss = 0.449868
  chunk 69 final batch loss = 0.634884
  chunk 70 final batch loss = 0.251125
  chunk 71 final batch loss = 0.666249
  chunk 72 final batch loss = 0.699472
  chunk 73 final batch loss = 0.405704
  chunk 74 final batch loss = 0.507656
  chunk 75 final batch loss = 0.267848
  chunk 76 final batch loss = 0.248736
  chunk 77 final batch loss = 0.452531
  chunk 78 final batch loss = 0.778305
  chunk 79 final batch loss = 0.623213
Validation loss: 0.467024
No improvement for 1 epochs
Epoch 26
  chunk 0 final batch loss = 0.798126
  chunk 1 final batch loss = 0.795595
  chunk 2 final batch loss = 0.417132
  chunk 3 final batch loss = 0.309743
  chunk 4 final batch loss = 0.712127
  chunk 5 final batch loss = 0.512928
  chunk 6 final batch loss = 0.258283
  chunk 7 final batch loss = 0.441561
  chunk 8 final batch loss = 0.342215
  chunk 9 final batch loss = 0.628457
  chunk 10 final batch loss = 0.445378
  chunk 11 final batch loss = 0.820926
  chunk 12 final batch loss = 0.710780
  chunk 13 final batch loss = 0.716509
  chunk 14 final batch loss = 0.397267
  chunk 15 final batch loss = 0.305403
  chunk 16 final batch loss = 0.293797
  chunk 17 final batch loss = 0.414861
  chunk 18 final batch loss = 0.558302
  chunk 19 final batch loss = 0.264467
  chunk 20 final batch loss = 0.805240
  chunk 21 final batch loss = 0.690582
  chunk 22 final batch loss = 0.813632
  chunk 23 final batch loss = 0.667867
  chunk 24 final batch loss = 0.804429
  chunk 25 final batch loss = 0.312739
  chunk 26 final batch loss = 0.806139
  chunk 27 final batch loss = 0.238562
  chunk 28 final batch loss = 0.259244
  chunk 29 final batch loss = 0.797365
  chunk 30 final batch loss = 0.297807
  chunk 31 final batch loss = 0.313494
  chunk 32 final batch loss = 0.737810
  chunk 33 final batch loss = 0.251525
  chunk 34 final batch loss = 0.402695
  chunk 35 final batch loss = 0.776389
  chunk 36 final batch loss = 0.682317
  chunk 37 final batch loss = 0.481750
  chunk 38 final batch loss = 0.252634
  chunk 39 final batch loss = 0.818823
  chunk 40 final batch loss = 0.281214
  chunk 41 final batch loss = 0.699307
  chunk 42 final batch loss = 0.276386
  chunk 43 final batch loss = 0.801623
  chunk 44 final batch loss = 0.364735
  chunk 45 final batch loss = 0.726058
  chunk 46 final batch loss = 0.260639
  chunk 47 final batch loss = 0.248454
  chunk 48 final batch loss = 0.280028
  chunk 49 final batch loss = 0.819709
  chunk 50 final batch loss = 0.616575
  chunk 51 final batch loss = 0.308684
  chunk 52 final batch loss = 0.238112
  chunk 53 final batch loss = 0.512009
  chunk 54 final batch loss = 0.344689
  chunk 55 final batch loss = 0.272058
  chunk 56 final batch loss = 0.713154
  chunk 57 final batch loss = 0.743827
  chunk 58 final batch loss = 0.635670
  chunk 59 final batch loss = 0.258977
  chunk 60 final batch loss = 0.651601
  chunk 61 final batch loss = 0.322338
  chunk 62 final batch loss = 0.293598
  chunk 63 final batch loss = 0.754772
  chunk 64 final batch loss = 0.767699
  chunk 65 final batch loss = 0.373437
  chunk 66 final batch loss = 0.616115
  chunk 67 final batch loss = 0.815606
  chunk 68 final batch loss = 0.367801
  chunk 69 final batch loss = 0.657483
  chunk 70 final batch loss = 0.252463
  chunk 71 final batch loss = 0.673977
  chunk 72 final batch loss = 0.711787
  chunk 73 final batch loss = 0.385934
  chunk 74 final batch loss = 0.495440
  chunk 75 final batch loss = 0.242240
  chunk 76 final batch loss = 0.243691
  chunk 77 final batch loss = 0.470884
  chunk 78 final batch loss = 0.816855
  chunk 79 final batch loss = 0.638108
Validation loss: 0.464984
Saved BEST checkpoint
Epoch 27
  chunk 0 final batch loss = 0.789788
  chunk 1 final batch loss = 0.786472
  chunk 2 final batch loss = 0.408148
  chunk 3 final batch loss = 0.294652
  chunk 4 final batch loss = 0.764012
  chunk 5 final batch loss = 0.565189
  chunk 6 final batch loss = 0.247346
  chunk 7 final batch loss = 0.435690
  chunk 8 final batch loss = 0.348676
  chunk 9 final batch loss = 0.616958
  chunk 10 final batch loss = 0.436136
  chunk 11 final batch loss = 0.828135
  chunk 12 final batch loss = 0.698285
  chunk 13 final batch loss = 0.718620
  chunk 14 final batch loss = 0.450856
  chunk 15 final batch loss = 0.301969
  chunk 16 final batch loss = 0.302495
  chunk 17 final batch loss = 0.393586
  chunk 18 final batch loss = 0.556467
  chunk 19 final batch loss = 0.267260
  chunk 20 final batch loss = 0.800857
  chunk 21 final batch loss = 0.654048
  chunk 22 final batch loss = 0.754141
  chunk 23 final batch loss = 0.666266
  chunk 24 final batch loss = 0.759966
  chunk 25 final batch loss = 0.272694
  chunk 26 final batch loss = 0.782862
  chunk 27 final batch loss = 0.230105
  chunk 28 final batch loss = 0.271078
  chunk 29 final batch loss = 0.798319
  chunk 30 final batch loss = 0.303168
  chunk 31 final batch loss = 0.297173
  chunk 32 final batch loss = 0.733410
  chunk 33 final batch loss = 0.226449
  chunk 34 final batch loss = 0.407402
  chunk 35 final batch loss = 0.790941
  chunk 36 final batch loss = 0.676397
  chunk 37 final batch loss = 0.464594
  chunk 38 final batch loss = 0.236003
  chunk 39 final batch loss = 0.822659
  chunk 40 final batch loss = 0.284853
  chunk 41 final batch loss = 0.624715
  chunk 42 final batch loss = 0.263542
  chunk 43 final batch loss = 0.800004
  chunk 44 final batch loss = 0.346326
  chunk 45 final batch loss = 0.743856
  chunk 46 final batch loss = 0.258953
  chunk 47 final batch loss = 0.256177
  chunk 48 final batch loss = 0.305983
  chunk 49 final batch loss = 0.797415
  chunk 50 final batch loss = 0.710698
  chunk 51 final batch loss = 0.294708
  chunk 52 final batch loss = 0.257738
  chunk 53 final batch loss = 0.522409
  chunk 54 final batch loss = 0.339704
  chunk 55 final batch loss = 0.282369
  chunk 56 final batch loss = 0.722300
  chunk 57 final batch loss = 0.729562
  chunk 58 final batch loss = 0.669635
  chunk 59 final batch loss = 0.243797
  chunk 60 final batch loss = 0.641276
  chunk 61 final batch loss = 0.312118
  chunk 62 final batch loss = 0.298419
  chunk 63 final batch loss = 0.766375
  chunk 64 final batch loss = 0.772991
  chunk 65 final batch loss = 0.337986
  chunk 66 final batch loss = 0.627606
  chunk 67 final batch loss = 0.796602
  chunk 68 final batch loss = 0.431820
  chunk 69 final batch loss = 0.638788
  chunk 70 final batch loss = 0.250568
  chunk 71 final batch loss = 0.677466
  chunk 72 final batch loss = 0.718581
  chunk 73 final batch loss = 0.373643
  chunk 74 final batch loss = 0.476549
  chunk 75 final batch loss = 0.272000
  chunk 76 final batch loss = 0.239323
  chunk 77 final batch loss = 0.432760
  chunk 78 final batch loss = 0.788137
  chunk 79 final batch loss = 0.604753
Validation loss: 0.464463
Saved BEST checkpoint
Epoch 28
  chunk 0 final batch loss = 0.815565
  chunk 1 final batch loss = 0.789999
  chunk 2 final batch loss = 0.406069
  chunk 3 final batch loss = 0.300042
  chunk 4 final batch loss = 0.742274
  chunk 5 final batch loss = 0.523091
  chunk 6 final batch loss = 0.231947
  chunk 7 final batch loss = 0.431919
  chunk 8 final batch loss = 0.342547
  chunk 9 final batch loss = 0.584168
  chunk 10 final batch loss = 0.468854
  chunk 11 final batch loss = 0.815470
  chunk 12 final batch loss = 0.739726
  chunk 13 final batch loss = 0.702658
  chunk 14 final batch loss = 0.419315
  chunk 15 final batch loss = 0.282679
  chunk 16 final batch loss = 0.304798
  chunk 17 final batch loss = 0.400657
  chunk 18 final batch loss = 0.646991
  chunk 19 final batch loss = 0.262243
  chunk 20 final batch loss = 0.784072
  chunk 21 final batch loss = 0.653495
  chunk 22 final batch loss = 0.772909
  chunk 23 final batch loss = 0.643359
  chunk 24 final batch loss = 0.793112
  chunk 25 final batch loss = 0.302169
  chunk 26 final batch loss = 0.779043
  chunk 27 final batch loss = 0.235345
  chunk 28 final batch loss = 0.253996
  chunk 29 final batch loss = 0.812026
  chunk 30 final batch loss = 0.316983
  chunk 31 final batch loss = 0.298747
  chunk 32 final batch loss = 0.722892
  chunk 33 final batch loss = 0.263143
  chunk 34 final batch loss = 0.383670
  chunk 35 final batch loss = 0.803946
  chunk 36 final batch loss = 0.686007
  chunk 37 final batch loss = 0.541457
  chunk 38 final batch loss = 0.272051
  chunk 39 final batch loss = 0.822184
  chunk 40 final batch loss = 0.249464
  chunk 41 final batch loss = 0.649622
  chunk 42 final batch loss = 0.268418
  chunk 43 final batch loss = 0.795726
  chunk 44 final batch loss = 0.347687
  chunk 45 final batch loss = 0.741365
  chunk 46 final batch loss = 0.241919
  chunk 47 final batch loss = 0.232747
  chunk 48 final batch loss = 0.321263
  chunk 49 final batch loss = 0.753331
  chunk 50 final batch loss = 0.580623
  chunk 51 final batch loss = 0.318587
  chunk 52 final batch loss = 0.247834
  chunk 53 final batch loss = 0.472630
  chunk 54 final batch loss = 0.331577
  chunk 55 final batch loss = 0.260888
  chunk 56 final batch loss = 0.723325
  chunk 57 final batch loss = 0.739032
  chunk 58 final batch loss = 0.637111
  chunk 59 final batch loss = 0.246931
  chunk 60 final batch loss = 0.619377
  chunk 61 final batch loss = 0.307839
  chunk 62 final batch loss = 0.316592
  chunk 63 final batch loss = 0.770661
  chunk 64 final batch loss = 0.782670
  chunk 65 final batch loss = 0.362787
  chunk 66 final batch loss = 0.673001
  chunk 67 final batch loss = 0.796515
  chunk 68 final batch loss = 0.416240
  chunk 69 final batch loss = 0.618871
  chunk 70 final batch loss = 0.260186
  chunk 71 final batch loss = 0.594445
  chunk 72 final batch loss = 0.675226
  chunk 73 final batch loss = 0.355412
  chunk 74 final batch loss = 0.483766
  chunk 75 final batch loss = 0.251144
  chunk 76 final batch loss = 0.224920
  chunk 77 final batch loss = 0.417650
  chunk 78 final batch loss = 0.775217
  chunk 79 final batch loss = 0.620656
Validation loss: 0.464032
Saved BEST checkpoint
Epoch 29
  chunk 0 final batch loss = 0.789865
  chunk 1 final batch loss = 0.786505
  chunk 2 final batch loss = 0.395222
  chunk 3 final batch loss = 0.290369
  chunk 4 final batch loss = 0.748425
  chunk 5 final batch loss = 0.549664
  chunk 6 final batch loss = 0.254968
  chunk 7 final batch loss = 0.355435
  chunk 8 final batch loss = 0.325553
  chunk 9 final batch loss = 0.599143
  chunk 10 final batch loss = 0.405550
  chunk 11 final batch loss = 0.826294
  chunk 12 final batch loss = 0.724978
  chunk 13 final batch loss = 0.713039
  chunk 14 final batch loss = 0.386576
  chunk 15 final batch loss = 0.330199
  chunk 16 final batch loss = 0.309887
  chunk 17 final batch loss = 0.398918
  chunk 18 final batch loss = 0.633725
  chunk 19 final batch loss = 0.248435
  chunk 20 final batch loss = 0.806765
  chunk 21 final batch loss = 0.667265
  chunk 22 final batch loss = 0.784472
  chunk 23 final batch loss = 0.663277
  chunk 24 final batch loss = 0.777001
  chunk 25 final batch loss = 0.308306
  chunk 26 final batch loss = 0.796751
  chunk 27 final batch loss = 0.248635
  chunk 28 final batch loss = 0.251477
  chunk 29 final batch loss = 0.800492
  chunk 30 final batch loss = 0.307765
  chunk 31 final batch loss = 0.283944
  chunk 32 final batch loss = 0.697438
  chunk 33 final batch loss = 0.242142
  chunk 34 final batch loss = 0.421980
  chunk 35 final batch loss = 0.794878
  chunk 36 final batch loss = 0.617579
  chunk 37 final batch loss = 0.539476
  chunk 38 final batch loss = 0.255130
  chunk 39 final batch loss = 0.813108
  chunk 40 final batch loss = 0.267516
  chunk 41 final batch loss = 0.633243
  chunk 42 final batch loss = 0.257515
  chunk 43 final batch loss = 0.777268
  chunk 44 final batch loss = 0.370845
  chunk 45 final batch loss = 0.738406
  chunk 46 final batch loss = 0.235657
  chunk 47 final batch loss = 0.257718
  chunk 48 final batch loss = 0.312544
  chunk 49 final batch loss = 0.795192
  chunk 50 final batch loss = 0.636204
  chunk 51 final batch loss = 0.282523
  chunk 52 final batch loss = 0.232597
  chunk 53 final batch loss = 0.522980
  chunk 54 final batch loss = 0.332305
  chunk 55 final batch loss = 0.258262
  chunk 56 final batch loss = 0.716651
  chunk 57 final batch loss = 0.766346
  chunk 58 final batch loss = 0.664855
  chunk 59 final batch loss = 0.262692
  chunk 60 final batch loss = 0.683424
  chunk 61 final batch loss = 0.314928
  chunk 62 final batch loss = 0.287595
  chunk 63 final batch loss = 0.763484
  chunk 64 final batch loss = 0.773210
  chunk 65 final batch loss = 0.373242
  chunk 66 final batch loss = 0.648004
  chunk 67 final batch loss = 0.779148
  chunk 68 final batch loss = 0.395632
  chunk 69 final batch loss = 0.625284
  chunk 70 final batch loss = 0.260732
  chunk 71 final batch loss = 0.642754
  chunk 72 final batch loss = 0.692777
  chunk 73 final batch loss = 0.410191
  chunk 74 final batch loss = 0.513967
  chunk 75 final batch loss = 0.278859
  chunk 76 final batch loss = 0.235839
  chunk 77 final batch loss = 0.406584
  chunk 78 final batch loss = 0.801355
  chunk 79 final batch loss = 0.618559
Validation loss: 0.466256
No improvement for 1 epochs
Epoch 30
  chunk 0 final batch loss = 0.793581
  chunk 1 final batch loss = 0.793974
  chunk 2 final batch loss = 0.345017
  chunk 3 final batch loss = 0.305130
  chunk 4 final batch loss = 0.776421
  chunk 5 final batch loss = 0.519865
  chunk 6 final batch loss = 0.249174
  chunk 7 final batch loss = 0.441653
  chunk 8 final batch loss = 0.358686
  chunk 9 final batch loss = 0.643861
  chunk 10 final batch loss = 0.403027
  chunk 11 final batch loss = 0.810852
  chunk 12 final batch loss = 0.699978
  chunk 13 final batch loss = 0.688598
  chunk 14 final batch loss = 0.403490
  chunk 15 final batch loss = 0.270635
  chunk 16 final batch loss = 0.288808
  chunk 17 final batch loss = 0.404054
  chunk 18 final batch loss = 0.507489
  chunk 19 final batch loss = 0.256235
  chunk 20 final batch loss = 0.769823
  chunk 21 final batch loss = 0.659403
  chunk 22 final batch loss = 0.792133
  chunk 23 final batch loss = 0.647848
  chunk 24 final batch loss = 0.795158
  chunk 25 final batch loss = 0.327557
  chunk 26 final batch loss = 0.782017
  chunk 27 final batch loss = 0.224917
  chunk 28 final batch loss = 0.237239
  chunk 29 final batch loss = 0.793492
  chunk 30 final batch loss = 0.333570
  chunk 31 final batch loss = 0.286570
  chunk 32 final batch loss = 0.709538
  chunk 33 final batch loss = 0.268343
  chunk 34 final batch loss = 0.365887
  chunk 35 final batch loss = 0.806717
  chunk 36 final batch loss = 0.676499
  chunk 37 final batch loss = 0.469470
  chunk 38 final batch loss = 0.281051
  chunk 39 final batch loss = 0.817566
  chunk 40 final batch loss = 0.257967
  chunk 41 final batch loss = 0.661530
  chunk 42 final batch loss = 0.256401
  chunk 43 final batch loss = 0.784540
  chunk 44 final batch loss = 0.346265
  chunk 45 final batch loss = 0.739563
  chunk 46 final batch loss = 0.239282
  chunk 47 final batch loss = 0.253393
  chunk 48 final batch loss = 0.300061
  chunk 49 final batch loss = 0.770244
  chunk 50 final batch loss = 0.657934
  chunk 51 final batch loss = 0.307679
  chunk 52 final batch loss = 0.264560
  chunk 53 final batch loss = 0.486765
  chunk 54 final batch loss = 0.360836
  chunk 55 final batch loss = 0.277359
  chunk 56 final batch loss = 0.684055
  chunk 57 final batch loss = 0.729476
  chunk 58 final batch loss = 0.684596
  chunk 59 final batch loss = 0.274326
  chunk 60 final batch loss = 0.632500
  chunk 61 final batch loss = 0.324527
  chunk 62 final batch loss = 0.307986
  chunk 63 final batch loss = 0.766602
  chunk 64 final batch loss = 0.767612
  chunk 65 final batch loss = 0.341212
  chunk 66 final batch loss = 0.632142
  chunk 67 final batch loss = 0.787297
  chunk 68 final batch loss = 0.426450
  chunk 69 final batch loss = 0.576273
  chunk 70 final batch loss = 0.239032
  chunk 71 final batch loss = 0.641378
  chunk 72 final batch loss = 0.701172
  chunk 73 final batch loss = 0.387842
  chunk 74 final batch loss = 0.525775
  chunk 75 final batch loss = 0.260081
  chunk 76 final batch loss = 0.242919
  chunk 77 final batch loss = 0.398620
  chunk 78 final batch loss = 0.783249
  chunk 79 final batch loss = 0.599300
Validation loss: 0.460609
Saved BEST checkpoint
Epoch 31
  chunk 0 final batch loss = 0.811580
  chunk 1 final batch loss = 0.789632
  chunk 2 final batch loss = 0.382079
  chunk 3 final batch loss = 0.300252
  chunk 4 final batch loss = 0.743536
  chunk 5 final batch loss = 0.506188
  chunk 6 final batch loss = 0.245772
  chunk 7 final batch loss = 0.426962
  chunk 8 final batch loss = 0.325129
  chunk 9 final batch loss = 0.602904
  chunk 10 final batch loss = 0.433193
  chunk 11 final batch loss = 0.819288
  chunk 12 final batch loss = 0.719214
  chunk 13 final batch loss = 0.713918
  chunk 14 final batch loss = 0.403526
  chunk 15 final batch loss = 0.313844
  chunk 16 final batch loss = 0.275407
  chunk 17 final batch loss = 0.404078
  chunk 18 final batch loss = 0.614008
  chunk 19 final batch loss = 0.282558
  chunk 20 final batch loss = 0.779666
  chunk 21 final batch loss = 0.654926
  chunk 22 final batch loss = 0.778650
  chunk 23 final batch loss = 0.688015
  chunk 24 final batch loss = 0.782642
  chunk 25 final batch loss = 0.299121
  chunk 26 final batch loss = 0.774962
  chunk 27 final batch loss = 0.228078
  chunk 28 final batch loss = 0.254404
  chunk 29 final batch loss = 0.793494
  chunk 30 final batch loss = 0.294299
  chunk 31 final batch loss = 0.293478
  chunk 32 final batch loss = 0.707815
  chunk 33 final batch loss = 0.233853
  chunk 34 final batch loss = 0.388147
  chunk 35 final batch loss = 0.794939
  chunk 36 final batch loss = 0.643811
  chunk 37 final batch loss = 0.490446
  chunk 38 final batch loss = 0.240209
  chunk 39 final batch loss = 0.819695
  chunk 40 final batch loss = 0.275087
  chunk 41 final batch loss = 0.663548
  chunk 42 final batch loss = 0.265055
  chunk 43 final batch loss = 0.781753
  chunk 44 final batch loss = 0.323761
  chunk 45 final batch loss = 0.751676
  chunk 46 final batch loss = 0.225993
  chunk 47 final batch loss = 0.270746
  chunk 48 final batch loss = 0.284277
  chunk 49 final batch loss = 0.797989
  chunk 50 final batch loss = 0.603900
  chunk 51 final batch loss = 0.268780
  chunk 52 final batch loss = 0.259266
  chunk 53 final batch loss = 0.507766
  chunk 54 final batch loss = 0.350721
  chunk 55 final batch loss = 0.273803
  chunk 56 final batch loss = 0.710646
  chunk 57 final batch loss = 0.752849
  chunk 58 final batch loss = 0.663942
  chunk 59 final batch loss = 0.251516
  chunk 60 final batch loss = 0.631440
  chunk 61 final batch loss = 0.296161
  chunk 62 final batch loss = 0.303646
  chunk 63 final batch loss = 0.763690
  chunk 64 final batch loss = 0.796322
  chunk 65 final batch loss = 0.323206
  chunk 66 final batch loss = 0.618312
  chunk 67 final batch loss = 0.796738
  chunk 68 final batch loss = 0.408421
  chunk 69 final batch loss = 0.641583
  chunk 70 final batch loss = 0.257752
  chunk 71 final batch loss = 0.634875
  chunk 72 final batch loss = 0.732673
  chunk 73 final batch loss = 0.383882
  chunk 74 final batch loss = 0.502572
  chunk 75 final batch loss = 0.260606
  chunk 76 final batch loss = 0.252085
  chunk 77 final batch loss = 0.401994
  chunk 78 final batch loss = 0.788501
  chunk 79 final batch loss = 0.665749
Validation loss: 0.462849
No improvement for 1 epochs
Epoch 32
  chunk 0 final batch loss = 0.780694
  chunk 1 final batch loss = 0.776967
  chunk 2 final batch loss = 0.407145
  chunk 3 final batch loss = 0.334167
  chunk 4 final batch loss = 0.754045
  chunk 5 final batch loss = 0.541704
  chunk 6 final batch loss = 0.243933
  chunk 7 final batch loss = 0.443359
  chunk 8 final batch loss = 0.336626
  chunk 9 final batch loss = 0.585099
  chunk 10 final batch loss = 0.420145
  chunk 11 final batch loss = 0.821543
  chunk 12 final batch loss = 0.681281
  chunk 13 final batch loss = 0.700561
  chunk 14 final batch loss = 0.384553
  chunk 15 final batch loss = 0.304065
  chunk 16 final batch loss = 0.269335
  chunk 17 final batch loss = 0.382875
  chunk 18 final batch loss = 0.664281
  chunk 19 final batch loss = 0.249168
  chunk 20 final batch loss = 0.769632
  chunk 21 final batch loss = 0.631139
  chunk 22 final batch loss = 0.794652
  chunk 23 final batch loss = 0.638884
  chunk 24 final batch loss = 0.803662
  chunk 25 final batch loss = 0.303997
  chunk 26 final batch loss = 0.766930
  chunk 27 final batch loss = 0.199229
  chunk 28 final batch loss = 0.245759
  chunk 29 final batch loss = 0.796254
  chunk 30 final batch loss = 0.274483
  chunk 31 final batch loss = 0.296247
  chunk 32 final batch loss = 0.677769
  chunk 33 final batch loss = 0.248810
  chunk 34 final batch loss = 0.376680
  chunk 35 final batch loss = 0.775814
  chunk 36 final batch loss = 0.604974
  chunk 37 final batch loss = 0.465982
  chunk 38 final batch loss = 0.261699
  chunk 39 final batch loss = 0.818181
  chunk 40 final batch loss = 0.252271
  chunk 41 final batch loss = 0.612159
  chunk 42 final batch loss = 0.270399
  chunk 43 final batch loss = 0.809448
  chunk 44 final batch loss = 0.350787
  chunk 45 final batch loss = 0.738691
  chunk 46 final batch loss = 0.259851
  chunk 47 final batch loss = 0.248984
  chunk 48 final batch loss = 0.285248
  chunk 49 final batch loss = 0.790541
  chunk 50 final batch loss = 0.655207
  chunk 51 final batch loss = 0.269636
  chunk 52 final batch loss = 0.253064
  chunk 53 final batch loss = 0.496641
  chunk 54 final batch loss = 0.339800
  chunk 55 final batch loss = 0.288756
  chunk 56 final batch loss = 0.732391
  chunk 57 final batch loss = 0.737304
  chunk 58 final batch loss = 0.656568
  chunk 59 final batch loss = 0.250416
  chunk 60 final batch loss = 0.597998
  chunk 61 final batch loss = 0.285341
  chunk 62 final batch loss = 0.289427
  chunk 63 final batch loss = 0.765208
  chunk 64 final batch loss = 0.763937
  chunk 65 final batch loss = 0.361145
  chunk 66 final batch loss = 0.655614
  chunk 67 final batch loss = 0.782225
  chunk 68 final batch loss = 0.372985
  chunk 69 final batch loss = 0.604609
  chunk 70 final batch loss = 0.241838
  chunk 71 final batch loss = 0.615797
  chunk 72 final batch loss = 0.716403
  chunk 73 final batch loss = 0.386784
  chunk 74 final batch loss = 0.537979
  chunk 75 final batch loss = 0.251578
  chunk 76 final batch loss = 0.242823
  chunk 77 final batch loss = 0.379474
  chunk 78 final batch loss = 0.779416
  chunk 79 final batch loss = 0.610357
Validation loss: 0.461717
No improvement for 2 epochs
Epoch 33
  chunk 0 final batch loss = 0.788618
  chunk 1 final batch loss = 0.773187
  chunk 2 final batch loss = 0.374028
  chunk 3 final batch loss = 0.305912
  chunk 4 final batch loss = 0.734377
  chunk 5 final batch loss = 0.499781
  chunk 6 final batch loss = 0.216443
  chunk 7 final batch loss = 0.454062
  chunk 8 final batch loss = 0.313324
  chunk 9 final batch loss = 0.641109
  chunk 10 final batch loss = 0.422577
  chunk 11 final batch loss = 0.824168
  chunk 12 final batch loss = 0.685349
  chunk 13 final batch loss = 0.655756
  chunk 14 final batch loss = 0.436154
  chunk 15 final batch loss = 0.279254
  chunk 16 final batch loss = 0.283275
  chunk 17 final batch loss = 0.372721
  chunk 18 final batch loss = 0.584237
  chunk 19 final batch loss = 0.274403
  chunk 20 final batch loss = 0.785313
  chunk 21 final batch loss = 0.619370
  chunk 22 final batch loss = 0.796074
  chunk 23 final batch loss = 0.665188
  chunk 24 final batch loss = 0.757259
  chunk 25 final batch loss = 0.285910
  chunk 26 final batch loss = 0.757819
  chunk 27 final batch loss = 0.223270
  chunk 28 final batch loss = 0.258975
  chunk 29 final batch loss = 0.775966
  chunk 30 final batch loss = 0.319889
  chunk 31 final batch loss = 0.310612
  chunk 32 final batch loss = 0.711307
  chunk 33 final batch loss = 0.229592
  chunk 34 final batch loss = 0.412122
  chunk 35 final batch loss = 0.767453
  chunk 36 final batch loss = 0.614104
  chunk 37 final batch loss = 0.510529
  chunk 38 final batch loss = 0.254900
  chunk 39 final batch loss = 0.820924
  chunk 40 final batch loss = 0.264380
  chunk 41 final batch loss = 0.647958
  chunk 42 final batch loss = 0.240022
  chunk 43 final batch loss = 0.796765
  chunk 44 final batch loss = 0.319761
  chunk 45 final batch loss = 0.752140
  chunk 46 final batch loss = 0.244493
  chunk 47 final batch loss = 0.244832
  chunk 48 final batch loss = 0.279788
  chunk 49 final batch loss = 0.806541
  chunk 50 final batch loss = 0.611740
  chunk 51 final batch loss = 0.290715
  chunk 52 final batch loss = 0.238691
  chunk 53 final batch loss = 0.432905
  chunk 54 final batch loss = 0.340106
  chunk 55 final batch loss = 0.278662
  chunk 56 final batch loss = 0.677482
  chunk 57 final batch loss = 0.698971
  chunk 58 final batch loss = 0.633611
  chunk 59 final batch loss = 0.257280
  chunk 60 final batch loss = 0.619656
  chunk 61 final batch loss = 0.270662
  chunk 62 final batch loss = 0.318714
  chunk 63 final batch loss = 0.760866
  chunk 64 final batch loss = 0.787921
  chunk 65 final batch loss = 0.361064
  chunk 66 final batch loss = 0.675525
  chunk 67 final batch loss = 0.797481
  chunk 68 final batch loss = 0.387946
  chunk 69 final batch loss = 0.668597
  chunk 70 final batch loss = 0.240585
  chunk 71 final batch loss = 0.654797
  chunk 72 final batch loss = 0.712065
  chunk 73 final batch loss = 0.399979
  chunk 74 final batch loss = 0.476724
  chunk 75 final batch loss = 0.257406
  chunk 76 final batch loss = 0.231989
  chunk 77 final batch loss = 0.436885
  chunk 78 final batch loss = 0.798182
  chunk 79 final batch loss = 0.600751
Validation loss: 0.461379
No improvement for 3 epochs
Epoch 34
  chunk 0 final batch loss = 0.767413
  chunk 1 final batch loss = 0.791673
  chunk 2 final batch loss = 0.369492
  chunk 3 final batch loss = 0.297248
  chunk 4 final batch loss = 0.748849
  chunk 5 final batch loss = 0.517903
  chunk 6 final batch loss = 0.245262
  chunk 7 final batch loss = 0.411386
  chunk 8 final batch loss = 0.337151
  chunk 9 final batch loss = 0.609689
  chunk 10 final batch loss = 0.432019
  chunk 11 final batch loss = 0.816866
  chunk 12 final batch loss = 0.718061
  chunk 13 final batch loss = 0.669970
  chunk 14 final batch loss = 0.383985
  chunk 15 final batch loss = 0.282128
  chunk 16 final batch loss = 0.265068
  chunk 17 final batch loss = 0.400961
  chunk 18 final batch loss = 0.615776
  chunk 19 final batch loss = 0.266313
  chunk 20 final batch loss = 0.801192
  chunk 21 final batch loss = 0.640007
  chunk 22 final batch loss = 0.779711
  chunk 23 final batch loss = 0.650285
  chunk 24 final batch loss = 0.794046
  chunk 25 final batch loss = 0.308806
  chunk 26 final batch loss = 0.775871
  chunk 27 final batch loss = 0.244117
  chunk 28 final batch loss = 0.282457
  chunk 29 final batch loss = 0.800584
  chunk 30 final batch loss = 0.305430
  chunk 31 final batch loss = 0.282647
  chunk 32 final batch loss = 0.672901
  chunk 33 final batch loss = 0.235747
  chunk 34 final batch loss = 0.365127
  chunk 35 final batch loss = 0.794715
  chunk 36 final batch loss = 0.611830
  chunk 37 final batch loss = 0.494077
  chunk 38 final batch loss = 0.248741
  chunk 39 final batch loss = 0.825926
  chunk 40 final batch loss = 0.260666
  chunk 41 final batch loss = 0.688578
  chunk 42 final batch loss = 0.266380
  chunk 43 final batch loss = 0.797245
  chunk 44 final batch loss = 0.326023
  chunk 45 final batch loss = 0.750594
  chunk 46 final batch loss = 0.260796
  chunk 47 final batch loss = 0.254835
  chunk 48 final batch loss = 0.309501
  chunk 49 final batch loss = 0.782617
  chunk 50 final batch loss = 0.686338
  chunk 51 final batch loss = 0.285082
  chunk 52 final batch loss = 0.229014
  chunk 53 final batch loss = 0.535459
  chunk 54 final batch loss = 0.359430
  chunk 55 final batch loss = 0.272846
  chunk 56 final batch loss = 0.702863
  chunk 57 final batch loss = 0.760672
  chunk 58 final batch loss = 0.584590
  chunk 59 final batch loss = 0.260413
  chunk 60 final batch loss = 0.618902
  chunk 61 final batch loss = 0.284786
  chunk 62 final batch loss = 0.287235
  chunk 63 final batch loss = 0.736119
  chunk 64 final batch loss = 0.775346
  chunk 65 final batch loss = 0.339424
  chunk 66 final batch loss = 0.638137
  chunk 67 final batch loss = 0.779082
  chunk 68 final batch loss = 0.375511
  chunk 69 final batch loss = 0.636720
  chunk 70 final batch loss = 0.247019
  chunk 71 final batch loss = 0.599849
  chunk 72 final batch loss = 0.731313
  chunk 73 final batch loss = 0.353262
  chunk 74 final batch loss = 0.505193
  chunk 75 final batch loss = 0.238291
  chunk 76 final batch loss = 0.240809
  chunk 77 final batch loss = 0.434966
  chunk 78 final batch loss = 0.779462
  chunk 79 final batch loss = 0.565014
Validation loss: 0.460457
Saved BEST checkpoint
Epoch 35
  chunk 0 final batch loss = 0.786865
  chunk 1 final batch loss = 0.779092
  chunk 2 final batch loss = 0.404948
  chunk 3 final batch loss = 0.337374
  chunk 4 final batch loss = 0.712130
  chunk 5 final batch loss = 0.543668
  chunk 6 final batch loss = 0.244159
  chunk 7 final batch loss = 0.385977
  chunk 8 final batch loss = 0.353540
  chunk 9 final batch loss = 0.654460
  chunk 10 final batch loss = 0.428352
  chunk 11 final batch loss = 0.811691
  chunk 12 final batch loss = 0.708542
  chunk 13 final batch loss = 0.707514
  chunk 14 final batch loss = 0.382998
  chunk 15 final batch loss = 0.282861
  chunk 16 final batch loss = 0.310501
  chunk 17 final batch loss = 0.415571
  chunk 18 final batch loss = 0.643005
  chunk 19 final batch loss = 0.265599
  chunk 20 final batch loss = 0.799704
  chunk 21 final batch loss = 0.670066
  chunk 22 final batch loss = 0.801258
  chunk 23 final batch loss = 0.614430
  chunk 24 final batch loss = 0.796907
  chunk 25 final batch loss = 0.286769
  chunk 26 final batch loss = 0.767236
  chunk 27 final batch loss = 0.222782
  chunk 28 final batch loss = 0.260516
  chunk 29 final batch loss = 0.815188
  chunk 30 final batch loss = 0.298651
  chunk 31 final batch loss = 0.286578
  chunk 32 final batch loss = 0.701672
  chunk 33 final batch loss = 0.247615
  chunk 34 final batch loss = 0.362993
  chunk 35 final batch loss = 0.799654
  chunk 36 final batch loss = 0.672550
  chunk 37 final batch loss = 0.516275
  chunk 38 final batch loss = 0.247302
  chunk 39 final batch loss = 0.819034
  chunk 40 final batch loss = 0.260142
  chunk 41 final batch loss = 0.596944
  chunk 42 final batch loss = 0.275378
  chunk 43 final batch loss = 0.804459
  chunk 44 final batch loss = 0.346732
  chunk 45 final batch loss = 0.741492
  chunk 46 final batch loss = 0.253677
  chunk 47 final batch loss = 0.252558
  chunk 48 final batch loss = 0.292924
  chunk 49 final batch loss = 0.812188
  chunk 50 final batch loss = 0.619208
  chunk 51 final batch loss = 0.309449
  chunk 52 final batch loss = 0.258359
  chunk 53 final batch loss = 0.500144
  chunk 54 final batch loss = 0.325446
  chunk 55 final batch loss = 0.242772
  chunk 56 final batch loss = 0.702214
  chunk 57 final batch loss = 0.733932
  chunk 58 final batch loss = 0.669404
  chunk 59 final batch loss = 0.269743
  chunk 60 final batch loss = 0.604536
  chunk 61 final batch loss = 0.296178
  chunk 62 final batch loss = 0.286079
  chunk 63 final batch loss = 0.753319
  chunk 64 final batch loss = 0.779412
  chunk 65 final batch loss = 0.342221
  chunk 66 final batch loss = 0.550541
  chunk 67 final batch loss = 0.786777
  chunk 68 final batch loss = 0.354566
  chunk 69 final batch loss = 0.594863
  chunk 70 final batch loss = 0.250497
  chunk 71 final batch loss = 0.599756
  chunk 72 final batch loss = 0.716191
  chunk 73 final batch loss = 0.366303
  chunk 74 final batch loss = 0.453129
  chunk 75 final batch loss = 0.262574
  chunk 76 final batch loss = 0.237861
  chunk 77 final batch loss = 0.401737
  chunk 78 final batch loss = 0.791579
  chunk 79 final batch loss = 0.557085
Validation loss: 0.460590
No improvement for 1 epochs
Epoch 36
  chunk 0 final batch loss = 0.782795
  chunk 1 final batch loss = 0.792231
  chunk 2 final batch loss = 0.386886
  chunk 3 final batch loss = 0.305055
  chunk 4 final batch loss = 0.746846
  chunk 5 final batch loss = 0.467178
  chunk 6 final batch loss = 0.234121
  chunk 7 final batch loss = 0.415799
  chunk 8 final batch loss = 0.340421
  chunk 9 final batch loss = 0.581546
  chunk 10 final batch loss = 0.409676
  chunk 11 final batch loss = 0.812614
  chunk 12 final batch loss = 0.756562
  chunk 13 final batch loss = 0.731126
  chunk 14 final batch loss = 0.390905
  chunk 15 final batch loss = 0.279592
  chunk 16 final batch loss = 0.290247
  chunk 17 final batch loss = 0.403730
  chunk 18 final batch loss = 0.561859
  chunk 19 final batch loss = 0.258858
  chunk 20 final batch loss = 0.798587
  chunk 21 final batch loss = 0.664168
  chunk 22 final batch loss = 0.777572
  chunk 23 final batch loss = 0.648599
  chunk 24 final batch loss = 0.757230
  chunk 25 final batch loss = 0.311666
  chunk 26 final batch loss = 0.789923
  chunk 27 final batch loss = 0.252830
  chunk 28 final batch loss = 0.265884
  chunk 29 final batch loss = 0.758508
  chunk 30 final batch loss = 0.295767
  chunk 31 final batch loss = 0.277003
  chunk 32 final batch loss = 0.665126
  chunk 33 final batch loss = 0.247028
  chunk 34 final batch loss = 0.399220
  chunk 35 final batch loss = 0.795434
  chunk 36 final batch loss = 0.667230
  chunk 37 final batch loss = 0.497404
  chunk 38 final batch loss = 0.269355
  chunk 39 final batch loss = 0.828999
  chunk 40 final batch loss = 0.274977
  chunk 41 final batch loss = 0.655170
  chunk 42 final batch loss = 0.264642
  chunk 43 final batch loss = 0.795432
  chunk 44 final batch loss = 0.338081
  chunk 45 final batch loss = 0.754310
  chunk 46 final batch loss = 0.246689
  chunk 47 final batch loss = 0.242727
  chunk 48 final batch loss = 0.298235
  chunk 49 final batch loss = 0.758747
  chunk 50 final batch loss = 0.589622
  chunk 51 final batch loss = 0.294686
  chunk 52 final batch loss = 0.229753
  chunk 53 final batch loss = 0.503984
  chunk 54 final batch loss = 0.324943
  chunk 55 final batch loss = 0.251717
  chunk 56 final batch loss = 0.703597
  chunk 57 final batch loss = 0.754168
  chunk 58 final batch loss = 0.633692
  chunk 59 final batch loss = 0.257790
  chunk 60 final batch loss = 0.637784
  chunk 61 final batch loss = 0.301959
  chunk 62 final batch loss = 0.301212
  chunk 63 final batch loss = 0.745610
  chunk 64 final batch loss = 0.747601
  chunk 65 final batch loss = 0.313865
  chunk 66 final batch loss = 0.579079
  chunk 67 final batch loss = 0.764803
  chunk 68 final batch loss = 0.401522
  chunk 69 final batch loss = 0.613879
  chunk 70 final batch loss = 0.235392
  chunk 71 final batch loss = 0.585900
  chunk 72 final batch loss = 0.696547
  chunk 73 final batch loss = 0.365232
  chunk 74 final batch loss = 0.512886
  chunk 75 final batch loss = 0.259966
  chunk 76 final batch loss = 0.238843
  chunk 77 final batch loss = 0.434885
  chunk 78 final batch loss = 0.783446
  chunk 79 final batch loss = 0.586680
Validation loss: 0.462701
No improvement for 2 epochs
Epoch 37
  chunk 0 final batch loss = 0.775203
  chunk 1 final batch loss = 0.785696
  chunk 2 final batch loss = 0.352445
  chunk 3 final batch loss = 0.299729
  chunk 4 final batch loss = 0.771881
  chunk 5 final batch loss = 0.500350
  chunk 6 final batch loss = 0.232858
  chunk 7 final batch loss = 0.392236
  chunk 8 final batch loss = 0.384551
  chunk 9 final batch loss = 0.585924
  chunk 10 final batch loss = 0.383015
  chunk 11 final batch loss = 0.818021
  chunk 12 final batch loss = 0.724533
  chunk 13 final batch loss = 0.708330
  chunk 14 final batch loss = 0.409388
  chunk 15 final batch loss = 0.307051
  chunk 16 final batch loss = 0.298196
  chunk 17 final batch loss = 0.396863
  chunk 18 final batch loss = 0.601991
  chunk 19 final batch loss = 0.291350
  chunk 20 final batch loss = 0.781492
  chunk 21 final batch loss = 0.638181
  chunk 22 final batch loss = 0.750736
  chunk 23 final batch loss = 0.653742
  chunk 24 final batch loss = 0.762285
  chunk 25 final batch loss = 0.311541
  chunk 26 final batch loss = 0.779785
  chunk 27 final batch loss = 0.238164
  chunk 28 final batch loss = 0.233347
  chunk 29 final batch loss = 0.800115
  chunk 30 final batch loss = 0.296993
  chunk 31 final batch loss = 0.283251
  chunk 32 final batch loss = 0.693533
  chunk 33 final batch loss = 0.261650
  chunk 34 final batch loss = 0.384742
  chunk 35 final batch loss = 0.777128
  chunk 36 final batch loss = 0.631540
  chunk 37 final batch loss = 0.533314
  chunk 38 final batch loss = 0.264437
  chunk 39 final batch loss = 0.811217
  chunk 40 final batch loss = 0.253572
  chunk 41 final batch loss = 0.628080
  chunk 42 final batch loss = 0.247274
  chunk 43 final batch loss = 0.781310
  chunk 44 final batch loss = 0.339876
  chunk 45 final batch loss = 0.730156
  chunk 46 final batch loss = 0.232591
  chunk 47 final batch loss = 0.235802
  chunk 48 final batch loss = 0.305584
  chunk 49 final batch loss = 0.776427
  chunk 50 final batch loss = 0.587947
  chunk 51 final batch loss = 0.305690
  chunk 52 final batch loss = 0.240682
  chunk 53 final batch loss = 0.506863
  chunk 54 final batch loss = 0.361606
  chunk 55 final batch loss = 0.264192
  chunk 56 final batch loss = 0.718165
  chunk 57 final batch loss = 0.753090
  chunk 58 final batch loss = 0.626831
  chunk 59 final batch loss = 0.249915
  chunk 60 final batch loss = 0.638039
  chunk 61 final batch loss = 0.275447
  chunk 62 final batch loss = 0.292866
  chunk 63 final batch loss = 0.762767
  chunk 64 final batch loss = 0.762858
  chunk 65 final batch loss = 0.350156
  chunk 66 final batch loss = 0.635475
  chunk 67 final batch loss = 0.769826
  chunk 68 final batch loss = 0.357521
  chunk 69 final batch loss = 0.605194
  chunk 70 final batch loss = 0.268064
  chunk 71 final batch loss = 0.664973
  chunk 72 final batch loss = 0.702930
  chunk 73 final batch loss = 0.393491
  chunk 74 final batch loss = 0.462127
  chunk 75 final batch loss = 0.239339
  chunk 76 final batch loss = 0.216913
  chunk 77 final batch loss = 0.427844
  chunk 78 final batch loss = 0.772653
  chunk 79 final batch loss = 0.582242
Validation loss: 0.460641
No improvement for 3 epochs
Epoch 38
  chunk 0 final batch loss = 0.788937
  chunk 1 final batch loss = 0.781245
  chunk 2 final batch loss = 0.397581
  chunk 3 final batch loss = 0.308467
  chunk 4 final batch loss = 0.744547
  chunk 5 final batch loss = 0.476372
  chunk 6 final batch loss = 0.264368
  chunk 7 final batch loss = 0.455454
  chunk 8 final batch loss = 0.350864
  chunk 9 final batch loss = 0.630776
  chunk 10 final batch loss = 0.415511
  chunk 11 final batch loss = 0.816354
  chunk 12 final batch loss = 0.728656
  chunk 13 final batch loss = 0.703966
  chunk 14 final batch loss = 0.387143
  chunk 15 final batch loss = 0.258094
  chunk 16 final batch loss = 0.300699
  chunk 17 final batch loss = 0.390789
  chunk 18 final batch loss = 0.630444
  chunk 19 final batch loss = 0.268525
  chunk 20 final batch loss = 0.775957
  chunk 21 final batch loss = 0.636770
  chunk 22 final batch loss = 0.760390
  chunk 23 final batch loss = 0.654328
  chunk 24 final batch loss = 0.784399
  chunk 25 final batch loss = 0.306817
  chunk 26 final batch loss = 0.759723
  chunk 27 final batch loss = 0.242160
  chunk 28 final batch loss = 0.235520
  chunk 29 final batch loss = 0.765273
  chunk 30 final batch loss = 0.277607
  chunk 31 final batch loss = 0.294398
  chunk 32 final batch loss = 0.726270
  chunk 33 final batch loss = 0.250234
  chunk 34 final batch loss = 0.396116
  chunk 35 final batch loss = 0.779364
  chunk 36 final batch loss = 0.625759
  chunk 37 final batch loss = 0.504054
  chunk 38 final batch loss = 0.232382
  chunk 39 final batch loss = 0.812834
  chunk 40 final batch loss = 0.249813
  chunk 41 final batch loss = 0.600975
  chunk 42 final batch loss = 0.264571
  chunk 43 final batch loss = 0.785005
  chunk 44 final batch loss = 0.354198
  chunk 45 final batch loss = 0.712251
  chunk 46 final batch loss = 0.229815
  chunk 47 final batch loss = 0.239228
  chunk 48 final batch loss = 0.301446
  chunk 49 final batch loss = 0.776833
  chunk 50 final batch loss = 0.609370
  chunk 51 final batch loss = 0.280807
  chunk 52 final batch loss = 0.218765
  chunk 53 final batch loss = 0.487843
  chunk 54 final batch loss = 0.299602
  chunk 55 final batch loss = 0.272268
  chunk 56 final batch loss = 0.695169
  chunk 57 final batch loss = 0.742906
  chunk 58 final batch loss = 0.659778
  chunk 59 final batch loss = 0.236742
  chunk 60 final batch loss = 0.644815
  chunk 61 final batch loss = 0.304458
  chunk 62 final batch loss = 0.281902
  chunk 63 final batch loss = 0.761066
  chunk 64 final batch loss = 0.772866
  chunk 65 final batch loss = 0.324290
  chunk 66 final batch loss = 0.627525
  chunk 67 final batch loss = 0.771974
  chunk 68 final batch loss = 0.397017
  chunk 69 final batch loss = 0.626690
  chunk 70 final batch loss = 0.242066
  chunk 71 final batch loss = 0.640367
  chunk 72 final batch loss = 0.679200
  chunk 73 final batch loss = 0.439730
  chunk 74 final batch loss = 0.451429
  chunk 75 final batch loss = 0.266177
  chunk 76 final batch loss = 0.234746
  chunk 77 final batch loss = 0.396010
  chunk 78 final batch loss = 0.764265
  chunk 79 final batch loss = 0.598113
Validation loss: 0.459955
Saved BEST checkpoint
Epoch 39
  chunk 0 final batch loss = 0.790016
  chunk 1 final batch loss = 0.772610
  chunk 2 final batch loss = 0.393539
  chunk 3 final batch loss = 0.297254
  chunk 4 final batch loss = 0.749960
  chunk 5 final batch loss = 0.549096
  chunk 6 final batch loss = 0.230030
  chunk 7 final batch loss = 0.381916
  chunk 8 final batch loss = 0.343655
  chunk 9 final batch loss = 0.631209
  chunk 10 final batch loss = 0.410630
  chunk 11 final batch loss = 0.821963
  chunk 12 final batch loss = 0.714883
  chunk 13 final batch loss = 0.639078
  chunk 14 final batch loss = 0.367180
  chunk 15 final batch loss = 0.293115
  chunk 16 final batch loss = 0.304270
  chunk 17 final batch loss = 0.390497
  chunk 18 final batch loss = 0.577105
  chunk 19 final batch loss = 0.263428
  chunk 20 final batch loss = 0.803487
  chunk 21 final batch loss = 0.627661
  chunk 22 final batch loss = 0.766564
  chunk 23 final batch loss = 0.622658
  chunk 24 final batch loss = 0.773573
  chunk 25 final batch loss = 0.301830
  chunk 26 final batch loss = 0.762539
  chunk 27 final batch loss = 0.237309
  chunk 28 final batch loss = 0.262942
  chunk 29 final batch loss = 0.787921
  chunk 30 final batch loss = 0.290439
  chunk 31 final batch loss = 0.275367
  chunk 32 final batch loss = 0.709527
  chunk 33 final batch loss = 0.238444
  chunk 34 final batch loss = 0.409347
  chunk 35 final batch loss = 0.796704
  chunk 36 final batch loss = 0.630289
  chunk 37 final batch loss = 0.486050
  chunk 38 final batch loss = 0.250050
  chunk 39 final batch loss = 0.817786
  chunk 40 final batch loss = 0.266958
  chunk 41 final batch loss = 0.644682
  chunk 42 final batch loss = 0.259586
  chunk 43 final batch loss = 0.802821
  chunk 44 final batch loss = 0.322568
  chunk 45 final batch loss = 0.721488
  chunk 46 final batch loss = 0.257433
  chunk 47 final batch loss = 0.268438
  chunk 48 final batch loss = 0.274586
  chunk 49 final batch loss = 0.784749
  chunk 50 final batch loss = 0.637579
  chunk 51 final batch loss = 0.287658
  chunk 52 final batch loss = 0.272010
  chunk 53 final batch loss = 0.466471
  chunk 54 final batch loss = 0.335176
  chunk 55 final batch loss = 0.262060
  chunk 56 final batch loss = 0.719048
  chunk 57 final batch loss = 0.732120
  chunk 58 final batch loss = 0.619753
  chunk 59 final batch loss = 0.273243
  chunk 60 final batch loss = 0.583661
  chunk 61 final batch loss = 0.302174
  chunk 62 final batch loss = 0.311598
  chunk 63 final batch loss = 0.761529
  chunk 64 final batch loss = 0.791333
  chunk 65 final batch loss = 0.337702
  chunk 66 final batch loss = 0.615413
  chunk 67 final batch loss = 0.781741
  chunk 68 final batch loss = 0.359802
  chunk 69 final batch loss = 0.608320
  chunk 70 final batch loss = 0.256966
  chunk 71 final batch loss = 0.558754
  chunk 72 final batch loss = 0.728377
  chunk 73 final batch loss = 0.357436
  chunk 74 final batch loss = 0.516568
  chunk 75 final batch loss = 0.266432
  chunk 76 final batch loss = 0.231146
  chunk 77 final batch loss = 0.409154
  chunk 78 final batch loss = 0.769054
  chunk 79 final batch loss = 0.596198
Validation loss: 0.461792
No improvement for 1 epochs
Epoch 40
  chunk 0 final batch loss = 0.780806
  chunk 1 final batch loss = 0.785570
  chunk 2 final batch loss = 0.396608
  chunk 3 final batch loss = 0.302717
  chunk 4 final batch loss = 0.745565
  chunk 5 final batch loss = 0.547084
  chunk 6 final batch loss = 0.235237
  chunk 7 final batch loss = 0.412456
  chunk 8 final batch loss = 0.329866
  chunk 9 final batch loss = 0.556267
  chunk 10 final batch loss = 0.424545
  chunk 11 final batch loss = 0.829605
  chunk 12 final batch loss = 0.709971
  chunk 13 final batch loss = 0.669066
  chunk 14 final batch loss = 0.407324
  chunk 15 final batch loss = 0.299993
  chunk 16 final batch loss = 0.281808
  chunk 17 final batch loss = 0.373214
  chunk 18 final batch loss = 0.662105
  chunk 19 final batch loss = 0.248447
  chunk 20 final batch loss = 0.763295
  chunk 21 final batch loss = 0.630140
  chunk 22 final batch loss = 0.720725
  chunk 23 final batch loss = 0.674297
  chunk 24 final batch loss = 0.778812
  chunk 25 final batch loss = 0.303693
  chunk 26 final batch loss = 0.748455
  chunk 27 final batch loss = 0.242975
  chunk 28 final batch loss = 0.244694
  chunk 29 final batch loss = 0.783329
  chunk 30 final batch loss = 0.296173
  chunk 31 final batch loss = 0.258765
  chunk 32 final batch loss = 0.706923
  chunk 33 final batch loss = 0.258268
  chunk 34 final batch loss = 0.409107
  chunk 35 final batch loss = 0.781448
  chunk 36 final batch loss = 0.653622
  chunk 37 final batch loss = 0.492167
  chunk 38 final batch loss = 0.248334
  chunk 39 final batch loss = 0.824552
  chunk 40 final batch loss = 0.256952
  chunk 41 final batch loss = 0.639802
  chunk 42 final batch loss = 0.259021
  chunk 43 final batch loss = 0.778060
  chunk 44 final batch loss = 0.318171
  chunk 45 final batch loss = 0.711114
  chunk 46 final batch loss = 0.255926
  chunk 47 final batch loss = 0.240369
  chunk 48 final batch loss = 0.304153
  chunk 49 final batch loss = 0.777417
  chunk 50 final batch loss = 0.635825
  chunk 51 final batch loss = 0.300233
  chunk 52 final batch loss = 0.258343
  chunk 53 final batch loss = 0.483457
  chunk 54 final batch loss = 0.326777
  chunk 55 final batch loss = 0.261573
  chunk 56 final batch loss = 0.694486
  chunk 57 final batch loss = 0.754078
  chunk 58 final batch loss = 0.606294
  chunk 59 final batch loss = 0.252213
  chunk 60 final batch loss = 0.579071
  chunk 61 final batch loss = 0.281059
  chunk 62 final batch loss = 0.308209
  chunk 63 final batch loss = 0.747627
  chunk 64 final batch loss = 0.772506
  chunk 65 final batch loss = 0.339908
  chunk 66 final batch loss = 0.602454
  chunk 67 final batch loss = 0.792198
  chunk 68 final batch loss = 0.393093
  chunk 69 final batch loss = 0.576948
  chunk 70 final batch loss = 0.229720
  chunk 71 final batch loss = 0.576651
  chunk 72 final batch loss = 0.691797
  chunk 73 final batch loss = 0.361964
  chunk 74 final batch loss = 0.542255
  chunk 75 final batch loss = 0.257791
  chunk 76 final batch loss = 0.240010
  chunk 77 final batch loss = 0.403058
  chunk 78 final batch loss = 0.766038
  chunk 79 final batch loss = 0.558754
Validation loss: 0.459442
Saved BEST checkpoint
Epoch 41
  chunk 0 final batch loss = 0.785144
  chunk 1 final batch loss = 0.786571
  chunk 2 final batch loss = 0.414772
  chunk 3 final batch loss = 0.295926
  chunk 4 final batch loss = 0.742239
  chunk 5 final batch loss = 0.501617
  chunk 6 final batch loss = 0.255656
  chunk 7 final batch loss = 0.407657
  chunk 8 final batch loss = 0.344954
  chunk 9 final batch loss = 0.599475
  chunk 10 final batch loss = 0.397387
  chunk 11 final batch loss = 0.824666
  chunk 12 final batch loss = 0.695721
  chunk 13 final batch loss = 0.698184
  chunk 14 final batch loss = 0.351467
  chunk 15 final batch loss = 0.287423
  chunk 16 final batch loss = 0.292556
  chunk 17 final batch loss = 0.334158
  chunk 18 final batch loss = 0.588010
  chunk 19 final batch loss = 0.253070
  chunk 20 final batch loss = 0.782004
  chunk 21 final batch loss = 0.628225
  chunk 22 final batch loss = 0.776244
  chunk 23 final batch loss = 0.657241
  chunk 24 final batch loss = 0.782640
  chunk 25 final batch loss = 0.293182
  chunk 26 final batch loss = 0.746620
  chunk 27 final batch loss = 0.254003
  chunk 28 final batch loss = 0.241327
  chunk 29 final batch loss = 0.759525
  chunk 30 final batch loss = 0.291384
  chunk 31 final batch loss = 0.301469
  chunk 32 final batch loss = 0.694988
  chunk 33 final batch loss = 0.248003
  chunk 34 final batch loss = 0.370066
  chunk 35 final batch loss = 0.771946
  chunk 36 final batch loss = 0.582571
  chunk 37 final batch loss = 0.496303
  chunk 38 final batch loss = 0.231201
  chunk 39 final batch loss = 0.816817
  chunk 40 final batch loss = 0.260674
  chunk 41 final batch loss = 0.588407
  chunk 42 final batch loss = 0.243769
  chunk 43 final batch loss = 0.801301
  chunk 44 final batch loss = 0.325566
  chunk 45 final batch loss = 0.721095
  chunk 46 final batch loss = 0.211832
  chunk 47 final batch loss = 0.238865
  chunk 48 final batch loss = 0.283219
  chunk 49 final batch loss = 0.761107
  chunk 50 final batch loss = 0.574784
  chunk 51 final batch loss = 0.274937
  chunk 52 final batch loss = 0.247912
  chunk 53 final batch loss = 0.501831
  chunk 54 final batch loss = 0.347671
  chunk 55 final batch loss = 0.235086
  chunk 56 final batch loss = 0.694044
  chunk 57 final batch loss = 0.734419
  chunk 58 final batch loss = 0.603794
  chunk 59 final batch loss = 0.256831
  chunk 60 final batch loss = 0.568319
  chunk 61 final batch loss = 0.313073
  chunk 62 final batch loss = 0.291486
  chunk 63 final batch loss = 0.738036
  chunk 64 final batch loss = 0.774598
  chunk 65 final batch loss = 0.353461
  chunk 66 final batch loss = 0.602540
  chunk 67 final batch loss = 0.773962
  chunk 68 final batch loss = 0.363036
  chunk 69 final batch loss = 0.587500
  chunk 70 final batch loss = 0.259186
  chunk 71 final batch loss = 0.620527
  chunk 72 final batch loss = 0.727009
  chunk 73 final batch loss = 0.355128
  chunk 74 final batch loss = 0.461112
  chunk 75 final batch loss = 0.264286
  chunk 76 final batch loss = 0.225298
  chunk 77 final batch loss = 0.381753
  chunk 78 final batch loss = 0.768457
  chunk 79 final batch loss = 0.599556
Validation loss: 0.460435
No improvement for 1 epochs
Epoch 42
  chunk 0 final batch loss = 0.771250
  chunk 1 final batch loss = 0.790301
  chunk 2 final batch loss = 0.376832
  chunk 3 final batch loss = 0.304967
  chunk 4 final batch loss = 0.742969
  chunk 5 final batch loss = 0.515315
  chunk 6 final batch loss = 0.260359
  chunk 7 final batch loss = 0.349179
  chunk 8 final batch loss = 0.351770
  chunk 9 final batch loss = 0.611226
  chunk 10 final batch loss = 0.449742
  chunk 11 final batch loss = 0.816141
  chunk 12 final batch loss = 0.686550
  chunk 13 final batch loss = 0.679349
  chunk 14 final batch loss = 0.424538
  chunk 15 final batch loss = 0.291313
  chunk 16 final batch loss = 0.291604
  chunk 17 final batch loss = 0.385310
  chunk 18 final batch loss = 0.555512
  chunk 19 final batch loss = 0.262920
  chunk 20 final batch loss = 0.782540
  chunk 21 final batch loss = 0.609104
  chunk 22 final batch loss = 0.750042
  chunk 23 final batch loss = 0.570766
  chunk 24 final batch loss = 0.767802
  chunk 25 final batch loss = 0.291521
  chunk 26 final batch loss = 0.780643
  chunk 27 final batch loss = 0.243520
  chunk 28 final batch loss = 0.256354
  chunk 29 final batch loss = 0.733649
  chunk 30 final batch loss = 0.290333
  chunk 31 final batch loss = 0.285077
  chunk 32 final batch loss = 0.729947
  chunk 33 final batch loss = 0.234190
  chunk 34 final batch loss = 0.465157
  chunk 35 final batch loss = 0.780263
  chunk 36 final batch loss = 0.650775
  chunk 37 final batch loss = 0.448227
  chunk 38 final batch loss = 0.262635
  chunk 39 final batch loss = 0.797552
  chunk 40 final batch loss = 0.265454
  chunk 41 final batch loss = 0.615173
  chunk 42 final batch loss = 0.290323
  chunk 43 final batch loss = 0.795773
  chunk 44 final batch loss = 0.364987
  chunk 45 final batch loss = 0.736989
  chunk 46 final batch loss = 0.247819
  chunk 47 final batch loss = 0.254455
  chunk 48 final batch loss = 0.302642
  chunk 49 final batch loss = 0.786373
  chunk 50 final batch loss = 0.604717
  chunk 51 final batch loss = 0.294571
  chunk 52 final batch loss = 0.242086
  chunk 53 final batch loss = 0.509688
  chunk 54 final batch loss = 0.351816
  chunk 55 final batch loss = 0.278789
  chunk 56 final batch loss = 0.718145
  chunk 57 final batch loss = 0.712701
  chunk 58 final batch loss = 0.621626
  chunk 59 final batch loss = 0.254869
  chunk 60 final batch loss = 0.576532
  chunk 61 final batch loss = 0.280038
  chunk 62 final batch loss = 0.291867
  chunk 63 final batch loss = 0.686601
  chunk 64 final batch loss = 0.757193
  chunk 65 final batch loss = 0.344116
  chunk 66 final batch loss = 0.604281
  chunk 67 final batch loss = 0.806455
  chunk 68 final batch loss = 0.372964
  chunk 69 final batch loss = 0.581884
  chunk 70 final batch loss = 0.255347
  chunk 71 final batch loss = 0.589990
  chunk 72 final batch loss = 0.708086
  chunk 73 final batch loss = 0.330697
  chunk 74 final batch loss = 0.474198
  chunk 75 final batch loss = 0.255886
  chunk 76 final batch loss = 0.214840
  chunk 77 final batch loss = 0.427852
  chunk 78 final batch loss = 0.764945
  chunk 79 final batch loss = 0.579283
Validation loss: 0.457732
Saved BEST checkpoint
Epoch 43
  chunk 0 final batch loss = 0.791216
  chunk 1 final batch loss = 0.794995
  chunk 2 final batch loss = 0.366301
  chunk 3 final batch loss = 0.298067
  chunk 4 final batch loss = 0.728252
  chunk 5 final batch loss = 0.437322
  chunk 6 final batch loss = 0.249283
  chunk 7 final batch loss = 0.389627
  chunk 8 final batch loss = 0.325286
  chunk 9 final batch loss = 0.601424
  chunk 10 final batch loss = 0.445011
  chunk 11 final batch loss = 0.811445
  chunk 12 final batch loss = 0.717443
  chunk 13 final batch loss = 0.709629
  chunk 14 final batch loss = 0.407885
  chunk 15 final batch loss = 0.292297
  chunk 16 final batch loss = 0.284542
  chunk 17 final batch loss = 0.360821
  chunk 18 final batch loss = 0.638762
  chunk 19 final batch loss = 0.256607
  chunk 20 final batch loss = 0.802919
  chunk 21 final batch loss = 0.645985
  chunk 22 final batch loss = 0.758989
  chunk 23 final batch loss = 0.603785
  chunk 24 final batch loss = 0.769417
  chunk 25 final batch loss = 0.288775
  chunk 26 final batch loss = 0.756071
  chunk 27 final batch loss = 0.246455
  chunk 28 final batch loss = 0.263386
  chunk 29 final batch loss = 0.744454
  chunk 30 final batch loss = 0.285907
  chunk 31 final batch loss = 0.308758
  chunk 32 final batch loss = 0.682634
  chunk 33 final batch loss = 0.245701
  chunk 34 final batch loss = 0.352467
  chunk 35 final batch loss = 0.780971
  chunk 36 final batch loss = 0.701994
  chunk 37 final batch loss = 0.513209
  chunk 38 final batch loss = 0.257075
  chunk 39 final batch loss = 0.814106
  chunk 40 final batch loss = 0.256619
  chunk 41 final batch loss = 0.594084
  chunk 42 final batch loss = 0.248548
  chunk 43 final batch loss = 0.795338
  chunk 44 final batch loss = 0.348742
  chunk 45 final batch loss = 0.750422
  chunk 46 final batch loss = 0.227955
  chunk 47 final batch loss = 0.257683
  chunk 48 final batch loss = 0.306712
  chunk 49 final batch loss = 0.771563
  chunk 50 final batch loss = 0.629292
  chunk 51 final batch loss = 0.306366
  chunk 52 final batch loss = 0.251725
  chunk 53 final batch loss = 0.492914
  chunk 54 final batch loss = 0.336547
  chunk 55 final batch loss = 0.269797
  chunk 56 final batch loss = 0.691089
  chunk 57 final batch loss = 0.762015
  chunk 58 final batch loss = 0.605757
  chunk 59 final batch loss = 0.266275
  chunk 60 final batch loss = 0.590671
  chunk 61 final batch loss = 0.302840
  chunk 62 final batch loss = 0.305749
  chunk 63 final batch loss = 0.732295
  chunk 64 final batch loss = 0.778363
  chunk 65 final batch loss = 0.338175
  chunk 66 final batch loss = 0.632183
  chunk 67 final batch loss = 0.802191
  chunk 68 final batch loss = 0.402786
  chunk 69 final batch loss = 0.607434
  chunk 70 final batch loss = 0.258354
  chunk 71 final batch loss = 0.609035
  chunk 72 final batch loss = 0.676282
  chunk 73 final batch loss = 0.387951
  chunk 74 final batch loss = 0.471184
  chunk 75 final batch loss = 0.255487
  chunk 76 final batch loss = 0.233903
  chunk 77 final batch loss = 0.376049
  chunk 78 final batch loss = 0.783771
  chunk 79 final batch loss = 0.576678
Validation loss: 0.459534
No improvement for 1 epochs
Epoch 44
  chunk 0 final batch loss = 0.796354
  chunk 1 final batch loss = 0.785170
  chunk 2 final batch loss = 0.370369
  chunk 3 final batch loss = 0.282077
  chunk 4 final batch loss = 0.731170
  chunk 5 final batch loss = 0.481942
  chunk 6 final batch loss = 0.237749
  chunk 7 final batch loss = 0.376286
  chunk 8 final batch loss = 0.326002
  chunk 9 final batch loss = 0.606291
  chunk 10 final batch loss = 0.433801
  chunk 11 final batch loss = 0.824110
  chunk 12 final batch loss = 0.693914
  chunk 13 final batch loss = 0.698683
  chunk 14 final batch loss = 0.372063
  chunk 15 final batch loss = 0.273798
  chunk 16 final batch loss = 0.278004
  chunk 17 final batch loss = 0.382143
  chunk 18 final batch loss = 0.570324
  chunk 19 final batch loss = 0.261584
  chunk 20 final batch loss = 0.786026
  chunk 21 final batch loss = 0.631275
  chunk 22 final batch loss = 0.748561
  chunk 23 final batch loss = 0.588972
  chunk 24 final batch loss = 0.723140
  chunk 25 final batch loss = 0.295894
  chunk 26 final batch loss = 0.775912
  chunk 27 final batch loss = 0.218152
  chunk 28 final batch loss = 0.251914
  chunk 29 final batch loss = 0.773417
  chunk 30 final batch loss = 0.303598
  chunk 31 final batch loss = 0.277285
  chunk 32 final batch loss = 0.689852
  chunk 33 final batch loss = 0.250187
  chunk 34 final batch loss = 0.371556
  chunk 35 final batch loss = 0.800234
  chunk 36 final batch loss = 0.615011
  chunk 37 final batch loss = 0.461511
  chunk 38 final batch loss = 0.256335
  chunk 39 final batch loss = 0.822616
  chunk 40 final batch loss = 0.243008
  chunk 41 final batch loss = 0.620500
  chunk 42 final batch loss = 0.260031
  chunk 43 final batch loss = 0.786233
  chunk 44 final batch loss = 0.339972
  chunk 45 final batch loss = 0.740675
  chunk 46 final batch loss = 0.242258
  chunk 47 final batch loss = 0.259202
  chunk 48 final batch loss = 0.294290
  chunk 49 final batch loss = 0.778324
  chunk 50 final batch loss = 0.617293
  chunk 51 final batch loss = 0.265835
  chunk 52 final batch loss = 0.241889
  chunk 53 final batch loss = 0.528664
  chunk 54 final batch loss = 0.355349
  chunk 55 final batch loss = 0.272117
  chunk 56 final batch loss = 0.704853
  chunk 57 final batch loss = 0.727490
  chunk 58 final batch loss = 0.629507
  chunk 59 final batch loss = 0.249606
  chunk 60 final batch loss = 0.580168
  chunk 61 final batch loss = 0.288713
  chunk 62 final batch loss = 0.277352
  chunk 63 final batch loss = 0.733333
  chunk 64 final batch loss = 0.772357
  chunk 65 final batch loss = 0.326779
  chunk 66 final batch loss = 0.599295
  chunk 67 final batch loss = 0.790565
  chunk 68 final batch loss = 0.356875
  chunk 69 final batch loss = 0.589403
  chunk 70 final batch loss = 0.261188
  chunk 71 final batch loss = 0.537547
  chunk 72 final batch loss = 0.678368
  chunk 73 final batch loss = 0.365644
  chunk 74 final batch loss = 0.479699
  chunk 75 final batch loss = 0.255319
  chunk 76 final batch loss = 0.235538
  chunk 77 final batch loss = 0.428637
  chunk 78 final batch loss = 0.770559
  chunk 79 final batch loss = 0.573983
Validation loss: 0.460059
No improvement for 2 epochs
Epoch 45
  chunk 0 final batch loss = 0.785211
  chunk 1 final batch loss = 0.798846
  chunk 2 final batch loss = 0.396118
  chunk 3 final batch loss = 0.284583
  chunk 4 final batch loss = 0.740790
  chunk 5 final batch loss = 0.487570
  chunk 6 final batch loss = 0.245881
  chunk 7 final batch loss = 0.370549
  chunk 8 final batch loss = 0.324582
  chunk 9 final batch loss = 0.544142
  chunk 10 final batch loss = 0.427626
  chunk 11 final batch loss = 0.812022
  chunk 12 final batch loss = 0.722393
  chunk 13 final batch loss = 0.706526
  chunk 14 final batch loss = 0.374521
  chunk 15 final batch loss = 0.292587
  chunk 16 final batch loss = 0.276575
  chunk 17 final batch loss = 0.362325
  chunk 18 final batch loss = 0.520237
  chunk 19 final batch loss = 0.281628
  chunk 20 final batch loss = 0.781796
  chunk 21 final batch loss = 0.584723
  chunk 22 final batch loss = 0.744977
  chunk 23 final batch loss = 0.618292
  chunk 24 final batch loss = 0.774609
  chunk 25 final batch loss = 0.280973
  chunk 26 final batch loss = 0.757024
  chunk 27 final batch loss = 0.232464
  chunk 28 final batch loss = 0.242188
  chunk 29 final batch loss = 0.778578
  chunk 30 final batch loss = 0.307996
  chunk 31 final batch loss = 0.294495
  chunk 32 final batch loss = 0.723303
  chunk 33 final batch loss = 0.259124
  chunk 34 final batch loss = 0.358513
  chunk 35 final batch loss = 0.790062
  chunk 36 final batch loss = 0.621929
  chunk 37 final batch loss = 0.438965
  chunk 38 final batch loss = 0.241330
  chunk 39 final batch loss = 0.812657
  chunk 40 final batch loss = 0.282351
  chunk 41 final batch loss = 0.685255
  chunk 42 final batch loss = 0.247108
  chunk 43 final batch loss = 0.793234
  chunk 44 final batch loss = 0.332931
  chunk 45 final batch loss = 0.750482
  chunk 46 final batch loss = 0.246219
  chunk 47 final batch loss = 0.241774
  chunk 48 final batch loss = 0.303387
  chunk 49 final batch loss = 0.763011
  chunk 50 final batch loss = 0.598168
  chunk 51 final batch loss = 0.270128
  chunk 52 final batch loss = 0.247609
  chunk 53 final batch loss = 0.426798
  chunk 54 final batch loss = 0.355702
  chunk 55 final batch loss = 0.269869
  chunk 56 final batch loss = 0.681764
  chunk 57 final batch loss = 0.705484
  chunk 58 final batch loss = 0.576013
  chunk 59 final batch loss = 0.266131
  chunk 60 final batch loss = 0.591014
  chunk 61 final batch loss = 0.301396
  chunk 62 final batch loss = 0.314137
  chunk 63 final batch loss = 0.748063
  chunk 64 final batch loss = 0.771904
  chunk 65 final batch loss = 0.341083
  chunk 66 final batch loss = 0.663422
  chunk 67 final batch loss = 0.793283
  chunk 68 final batch loss = 0.376840
  chunk 69 final batch loss = 0.595394
  chunk 70 final batch loss = 0.251557
  chunk 71 final batch loss = 0.608516
  chunk 72 final batch loss = 0.701383
  chunk 73 final batch loss = 0.332988
  chunk 74 final batch loss = 0.469631
  chunk 75 final batch loss = 0.238373
  chunk 76 final batch loss = 0.223536
  chunk 77 final batch loss = 0.451048
  chunk 78 final batch loss = 0.764399
  chunk 79 final batch loss = 0.565463
Validation loss: 0.455653
Saved BEST checkpoint
Epoch 46
  chunk 0 final batch loss = 0.767230
  chunk 1 final batch loss = 0.783742
  chunk 2 final batch loss = 0.389797
  chunk 3 final batch loss = 0.318142
  chunk 4 final batch loss = 0.711348
  chunk 5 final batch loss = 0.503557
  chunk 6 final batch loss = 0.240002
  chunk 7 final batch loss = 0.412088
  chunk 8 final batch loss = 0.341366
  chunk 9 final batch loss = 0.582167
  chunk 10 final batch loss = 0.386949
  chunk 11 final batch loss = 0.817838
  chunk 12 final batch loss = 0.718541
  chunk 13 final batch loss = 0.692180
  chunk 14 final batch loss = 0.406272
  chunk 15 final batch loss = 0.270807
  chunk 16 final batch loss = 0.287135
  chunk 17 final batch loss = 0.369491
  chunk 18 final batch loss = 0.547084
  chunk 19 final batch loss = 0.241049
  chunk 20 final batch loss = 0.779544
  chunk 21 final batch loss = 0.634027
  chunk 22 final batch loss = 0.744407
  chunk 23 final batch loss = 0.613949
  chunk 24 final batch loss = 0.762235
  chunk 25 final batch loss = 0.275644
  chunk 26 final batch loss = 0.777041
  chunk 27 final batch loss = 0.254486
  chunk 28 final batch loss = 0.241197
  chunk 29 final batch loss = 0.777529
  chunk 30 final batch loss = 0.288963
  chunk 31 final batch loss = 0.282638
  chunk 32 final batch loss = 0.692510
  chunk 33 final batch loss = 0.256701
  chunk 34 final batch loss = 0.376248
  chunk 35 final batch loss = 0.794435
  chunk 36 final batch loss = 0.609406
  chunk 37 final batch loss = 0.466127
  chunk 38 final batch loss = 0.237493
  chunk 39 final batch loss = 0.818959
  chunk 40 final batch loss = 0.261184
  chunk 41 final batch loss = 0.630038
  chunk 42 final batch loss = 0.256188
  chunk 43 final batch loss = 0.795741
  chunk 44 final batch loss = 0.324706
  chunk 45 final batch loss = 0.744899
  chunk 46 final batch loss = 0.243227
  chunk 47 final batch loss = 0.251788
  chunk 48 final batch loss = 0.316806
  chunk 49 final batch loss = 0.748679
  chunk 50 final batch loss = 0.576092
  chunk 51 final batch loss = 0.282557
  chunk 52 final batch loss = 0.235315
  chunk 53 final batch loss = 0.470562
  chunk 54 final batch loss = 0.345057
  chunk 55 final batch loss = 0.249693
  chunk 56 final batch loss = 0.681934
  chunk 57 final batch loss = 0.748268
  chunk 58 final batch loss = 0.609942
  chunk 59 final batch loss = 0.263270
  chunk 60 final batch loss = 0.586776
  chunk 61 final batch loss = 0.297315
  chunk 62 final batch loss = 0.274571
  chunk 63 final batch loss = 0.766130
  chunk 64 final batch loss = 0.773316
  chunk 65 final batch loss = 0.346619
  chunk 66 final batch loss = 0.612879
  chunk 67 final batch loss = 0.799865
  chunk 68 final batch loss = 0.400717
  chunk 69 final batch loss = 0.613593
  chunk 70 final batch loss = 0.270452
  chunk 71 final batch loss = 0.551619
  chunk 72 final batch loss = 0.686813
  chunk 73 final batch loss = 0.350991
  chunk 74 final batch loss = 0.491101
  chunk 75 final batch loss = 0.258321
  chunk 76 final batch loss = 0.219713
  chunk 77 final batch loss = 0.439588
  chunk 78 final batch loss = 0.743582
  chunk 79 final batch loss = 0.586485
Validation loss: 0.458940
No improvement for 1 epochs
Epoch 47
  chunk 0 final batch loss = 0.770060
  chunk 1 final batch loss = 0.783046
  chunk 2 final batch loss = 0.363379
  chunk 3 final batch loss = 0.282671
  chunk 4 final batch loss = 0.731887
  chunk 5 final batch loss = 0.498073
  chunk 6 final batch loss = 0.241081
  chunk 7 final batch loss = 0.441133
  chunk 8 final batch loss = 0.344711
  chunk 9 final batch loss = 0.598429
  chunk 10 final batch loss = 0.409529
  chunk 11 final batch loss = 0.829911
  chunk 12 final batch loss = 0.664747
  chunk 13 final batch loss = 0.732220
  chunk 14 final batch loss = 0.376429
  chunk 15 final batch loss = 0.279937
  chunk 16 final batch loss = 0.291951
  chunk 17 final batch loss = 0.400314
  chunk 18 final batch loss = 0.607119
  chunk 19 final batch loss = 0.271766
  chunk 20 final batch loss = 0.770241
  chunk 21 final batch loss = 0.624310
  chunk 22 final batch loss = 0.730281
  chunk 23 final batch loss = 0.586718
  chunk 24 final batch loss = 0.766140
  chunk 25 final batch loss = 0.295626
  chunk 26 final batch loss = 0.757020
  chunk 27 final batch loss = 0.228223
  chunk 28 final batch loss = 0.234019
  chunk 29 final batch loss = 0.764778
  chunk 30 final batch loss = 0.298193
  chunk 31 final batch loss = 0.306368
  chunk 32 final batch loss = 0.703915
  chunk 33 final batch loss = 0.237989
  chunk 34 final batch loss = 0.376908
  chunk 35 final batch loss = 0.789025
  chunk 36 final batch loss = 0.605499
  chunk 37 final batch loss = 0.528687
  chunk 38 final batch loss = 0.250173
  chunk 39 final batch loss = 0.815293
  chunk 40 final batch loss = 0.244113
  chunk 41 final batch loss = 0.584346
  chunk 42 final batch loss = 0.254909
  chunk 43 final batch loss = 0.786235
  chunk 44 final batch loss = 0.320250
  chunk 45 final batch loss = 0.758859
  chunk 46 final batch loss = 0.239017
  chunk 47 final batch loss = 0.248952
  chunk 48 final batch loss = 0.260776
  chunk 49 final batch loss = 0.780031
  chunk 50 final batch loss = 0.590601
  chunk 51 final batch loss = 0.295038
  chunk 52 final batch loss = 0.250386
  chunk 53 final batch loss = 0.475023
  chunk 54 final batch loss = 0.315939
  chunk 55 final batch loss = 0.247370
  chunk 56 final batch loss = 0.694442
  chunk 57 final batch loss = 0.744568
  chunk 58 final batch loss = 0.598908
  chunk 59 final batch loss = 0.274121
  chunk 60 final batch loss = 0.602699
  chunk 61 final batch loss = 0.314666
  chunk 62 final batch loss = 0.288825
  chunk 63 final batch loss = 0.771184
  chunk 64 final batch loss = 0.752687
  chunk 65 final batch loss = 0.353696
  chunk 66 final batch loss = 0.645734
  chunk 67 final batch loss = 0.791945
  chunk 68 final batch loss = 0.367309
  chunk 69 final batch loss = 0.539365
  chunk 70 final batch loss = 0.236555
  chunk 71 final batch loss = 0.570022
  chunk 72 final batch loss = 0.698573
  chunk 73 final batch loss = 0.345310
  chunk 74 final batch loss = 0.486332
  chunk 75 final batch loss = 0.244017
  chunk 76 final batch loss = 0.240701
  chunk 77 final batch loss = 0.402967
  chunk 78 final batch loss = 0.735285
  chunk 79 final batch loss = 0.595695
Validation loss: 0.458785
No improvement for 2 epochs
Epoch 48
  chunk 0 final batch loss = 0.757656
  chunk 1 final batch loss = 0.794938
  chunk 2 final batch loss = 0.371706
  chunk 3 final batch loss = 0.325512
  chunk 4 final batch loss = 0.745215
  chunk 5 final batch loss = 0.505865
  chunk 6 final batch loss = 0.243049
  chunk 7 final batch loss = 0.375946
  chunk 8 final batch loss = 0.347175
  chunk 9 final batch loss = 0.573162
  chunk 10 final batch loss = 0.432973
  chunk 11 final batch loss = 0.811289
  chunk 12 final batch loss = 0.671880
  chunk 13 final batch loss = 0.703060
  chunk 14 final batch loss = 0.414120
  chunk 15 final batch loss = 0.290291
  chunk 16 final batch loss = 0.278067
  chunk 17 final batch loss = 0.420882
  chunk 18 final batch loss = 0.632632
  chunk 19 final batch loss = 0.245807
  chunk 20 final batch loss = 0.769086
  chunk 21 final batch loss = 0.597940
  chunk 22 final batch loss = 0.769530
  chunk 23 final batch loss = 0.571802
  chunk 24 final batch loss = 0.789417
  chunk 25 final batch loss = 0.304763
  chunk 26 final batch loss = 0.770475
  chunk 27 final batch loss = 0.247311
  chunk 28 final batch loss = 0.252723
  chunk 29 final batch loss = 0.763739
  chunk 30 final batch loss = 0.319099
  chunk 31 final batch loss = 0.272237
  chunk 32 final batch loss = 0.687686
  chunk 33 final batch loss = 0.245400
  chunk 34 final batch loss = 0.385769
  chunk 35 final batch loss = 0.779142
  chunk 36 final batch loss = 0.540570
  chunk 37 final batch loss = 0.484920
  chunk 38 final batch loss = 0.247303
  chunk 39 final batch loss = 0.815019
  chunk 40 final batch loss = 0.258873
  chunk 41 final batch loss = 0.640704
  chunk 42 final batch loss = 0.256917
  chunk 43 final batch loss = 0.784792
  chunk 44 final batch loss = 0.332859
  chunk 45 final batch loss = 0.725286
  chunk 46 final batch loss = 0.247804
  chunk 47 final batch loss = 0.255038
  chunk 48 final batch loss = 0.298366
  chunk 49 final batch loss = 0.767381
  chunk 50 final batch loss = 0.585644
  chunk 51 final batch loss = 0.309357
  chunk 52 final batch loss = 0.246020
  chunk 53 final batch loss = 0.450376
  chunk 54 final batch loss = 0.319190
  chunk 55 final batch loss = 0.228364
  chunk 56 final batch loss = 0.705307
  chunk 57 final batch loss = 0.749912
  chunk 58 final batch loss = 0.537378
  chunk 59 final batch loss = 0.256214
  chunk 60 final batch loss = 0.563551
  chunk 61 final batch loss = 0.314670
  chunk 62 final batch loss = 0.309564
  chunk 63 final batch loss = 0.765007
  chunk 64 final batch loss = 0.723243
  chunk 65 final batch loss = 0.328282
  chunk 66 final batch loss = 0.589337
  chunk 67 final batch loss = 0.794619
  chunk 68 final batch loss = 0.355923
  chunk 69 final batch loss = 0.586276
  chunk 70 final batch loss = 0.260677
  chunk 71 final batch loss = 0.583039
  chunk 72 final batch loss = 0.698755
  chunk 73 final batch loss = 0.341506
  chunk 74 final batch loss = 0.449462
  chunk 75 final batch loss = 0.245252
  chunk 76 final batch loss = 0.225191
  chunk 77 final batch loss = 0.418785
  chunk 78 final batch loss = 0.773286
  chunk 79 final batch loss = 0.604072
Validation loss: 0.460195
No improvement for 3 epochs
Epoch 49
  chunk 0 final batch loss = 0.774451
  chunk 1 final batch loss = 0.799289
  chunk 2 final batch loss = 0.347487
  chunk 3 final batch loss = 0.297779
  chunk 4 final batch loss = 0.713758
  chunk 5 final batch loss = 0.473030
  chunk 6 final batch loss = 0.250603
  chunk 7 final batch loss = 0.406148
  chunk 8 final batch loss = 0.342761
  chunk 9 final batch loss = 0.588669
  chunk 10 final batch loss = 0.386275
  chunk 11 final batch loss = 0.812596
  chunk 12 final batch loss = 0.714941
  chunk 13 final batch loss = 0.653584
  chunk 14 final batch loss = 0.393246
  chunk 15 final batch loss = 0.276367
  chunk 16 final batch loss = 0.280742
  chunk 17 final batch loss = 0.412165
  chunk 18 final batch loss = 0.576497
  chunk 19 final batch loss = 0.262114
  chunk 20 final batch loss = 0.770866
  chunk 21 final batch loss = 0.592175
  chunk 22 final batch loss = 0.757510
  chunk 23 final batch loss = 0.560223
  chunk 24 final batch loss = 0.765942
  chunk 25 final batch loss = 0.304107
  chunk 26 final batch loss = 0.761863
  chunk 27 final batch loss = 0.219493
  chunk 28 final batch loss = 0.250445
  chunk 29 final batch loss = 0.792254
  chunk 30 final batch loss = 0.322121
  chunk 31 final batch loss = 0.290862
  chunk 32 final batch loss = 0.631982
  chunk 33 final batch loss = 0.236247
  chunk 34 final batch loss = 0.362591
  chunk 35 final batch loss = 0.785815
  chunk 36 final batch loss = 0.644776
  chunk 37 final batch loss = 0.476976
  chunk 38 final batch loss = 0.264229
  chunk 39 final batch loss = 0.823818
  chunk 40 final batch loss = 0.268784
  chunk 41 final batch loss = 0.640255
  chunk 42 final batch loss = 0.264241
  chunk 43 final batch loss = 0.797729
  chunk 44 final batch loss = 0.349544
  chunk 45 final batch loss = 0.743561
  chunk 46 final batch loss = 0.261898
  chunk 47 final batch loss = 0.242252
  chunk 48 final batch loss = 0.298565
  chunk 49 final batch loss = 0.753408
  chunk 50 final batch loss = 0.577173
  chunk 51 final batch loss = 0.292341
  chunk 52 final batch loss = 0.245390
  chunk 53 final batch loss = 0.428681
  chunk 54 final batch loss = 0.345578
  chunk 55 final batch loss = 0.263341
  chunk 56 final batch loss = 0.679076
  chunk 57 final batch loss = 0.704013
  chunk 58 final batch loss = 0.571636
  chunk 59 final batch loss = 0.254173
  chunk 60 final batch loss = 0.601858
  chunk 61 final batch loss = 0.298957
  chunk 62 final batch loss = 0.295758
  chunk 63 final batch loss = 0.749358
  chunk 64 final batch loss = 0.742201
  chunk 65 final batch loss = 0.308515
  chunk 66 final batch loss = 0.653119
  chunk 67 final batch loss = 0.793894
  chunk 68 final batch loss = 0.349505
  chunk 69 final batch loss = 0.569753
  chunk 70 final batch loss = 0.230287
  chunk 71 final batch loss = 0.618789
  chunk 72 final batch loss = 0.693887
  chunk 73 final batch loss = 0.345842
  chunk 74 final batch loss = 0.487663
  chunk 75 final batch loss = 0.269107
  chunk 76 final batch loss = 0.256815
  chunk 77 final batch loss = 0.376708
  chunk 78 final batch loss = 0.742511
  chunk 79 final batch loss = 0.591773
Validation loss: 0.458287
No improvement for 4 epochs
Epoch 50
  chunk 0 final batch loss = 0.778830
  chunk 1 final batch loss = 0.777596
  chunk 2 final batch loss = 0.374066
  chunk 3 final batch loss = 0.295199
  chunk 4 final batch loss = 0.748595
  chunk 5 final batch loss = 0.538821
  chunk 6 final batch loss = 0.251131
  chunk 7 final batch loss = 0.382306
  chunk 8 final batch loss = 0.306613
  chunk 9 final batch loss = 0.592969
  chunk 10 final batch loss = 0.338255
  chunk 11 final batch loss = 0.816052
  chunk 12 final batch loss = 0.679619
  chunk 13 final batch loss = 0.685927
  chunk 14 final batch loss = 0.389596
  chunk 15 final batch loss = 0.290843
  chunk 16 final batch loss = 0.275454
  chunk 17 final batch loss = 0.390099
  chunk 18 final batch loss = 0.578052
  chunk 19 final batch loss = 0.275007
  chunk 20 final batch loss = 0.794931
  chunk 21 final batch loss = 0.644465
  chunk 22 final batch loss = 0.754181
  chunk 23 final batch loss = 0.644088
  chunk 24 final batch loss = 0.730400
  chunk 25 final batch loss = 0.286875
  chunk 26 final batch loss = 0.742344
  chunk 27 final batch loss = 0.223055
  chunk 28 final batch loss = 0.229066
  chunk 29 final batch loss = 0.809323
  chunk 30 final batch loss = 0.304709
  chunk 31 final batch loss = 0.283056
  chunk 32 final batch loss = 0.674363
  chunk 33 final batch loss = 0.244605
  chunk 34 final batch loss = 0.384869
  chunk 35 final batch loss = 0.792964
  chunk 36 final batch loss = 0.589273
  chunk 37 final batch loss = 0.454450
  chunk 38 final batch loss = 0.268024
  chunk 39 final batch loss = 0.821179
  chunk 40 final batch loss = 0.275626
  chunk 41 final batch loss = 0.637977
  chunk 42 final batch loss = 0.266343
  chunk 43 final batch loss = 0.772079
  chunk 44 final batch loss = 0.338490
  chunk 45 final batch loss = 0.747566
  chunk 46 final batch loss = 0.236301
  chunk 47 final batch loss = 0.256566
  chunk 48 final batch loss = 0.288115
  chunk 49 final batch loss = 0.777154
  chunk 50 final batch loss = 0.596404
  chunk 51 final batch loss = 0.269160
  chunk 52 final batch loss = 0.250460
  chunk 53 final batch loss = 0.496994
  chunk 54 final batch loss = 0.337446
  chunk 55 final batch loss = 0.258666
  chunk 56 final batch loss = 0.691706
  chunk 57 final batch loss = 0.716740
  chunk 58 final batch loss = 0.583979
  chunk 59 final batch loss = 0.274655
  chunk 60 final batch loss = 0.569779
  chunk 61 final batch loss = 0.295866
  chunk 62 final batch loss = 0.295416
  chunk 63 final batch loss = 0.750474
  chunk 64 final batch loss = 0.724444
  chunk 65 final batch loss = 0.363410
  chunk 66 final batch loss = 0.585264
  chunk 67 final batch loss = 0.772166
  chunk 68 final batch loss = 0.370456
  chunk 69 final batch loss = 0.543845
  chunk 70 final batch loss = 0.243155
  chunk 71 final batch loss = 0.556970
  chunk 72 final batch loss = 0.666498
  chunk 73 final batch loss = 0.325335
  chunk 74 final batch loss = 0.450887
  chunk 75 final batch loss = 0.246441
  chunk 76 final batch loss = 0.233297
  chunk 77 final batch loss = 0.399532
  chunk 78 final batch loss = 0.772641
  chunk 79 final batch loss = 0.582123
Validation loss: 0.456627
No improvement for 5 epochs
Epoch 51
  chunk 0 final batch loss = 0.781156
  chunk 1 final batch loss = 0.773537
  chunk 2 final batch loss = 0.382962
  chunk 3 final batch loss = 0.298016
  chunk 4 final batch loss = 0.732158
  chunk 5 final batch loss = 0.455862
  chunk 6 final batch loss = 0.225455
  chunk 7 final batch loss = 0.362079
  chunk 8 final batch loss = 0.347013
  chunk 9 final batch loss = 0.496887
  chunk 10 final batch loss = 0.392407
  chunk 11 final batch loss = 0.814873
  chunk 12 final batch loss = 0.710374
  chunk 13 final batch loss = 0.658154
  chunk 14 final batch loss = 0.377158
  chunk 15 final batch loss = 0.308405
  chunk 16 final batch loss = 0.290513
  chunk 17 final batch loss = 0.385780
  chunk 18 final batch loss = 0.636903
  chunk 19 final batch loss = 0.230467
  chunk 20 final batch loss = 0.775832
  chunk 21 final batch loss = 0.614741
  chunk 22 final batch loss = 0.799925
  chunk 23 final batch loss = 0.595658
  chunk 24 final batch loss = 0.759511
  chunk 25 final batch loss = 0.275063
  chunk 26 final batch loss = 0.757441
  chunk 27 final batch loss = 0.249337
  chunk 28 final batch loss = 0.244281
  chunk 29 final batch loss = 0.767834
  chunk 30 final batch loss = 0.282764
  chunk 31 final batch loss = 0.271291
  chunk 32 final batch loss = 0.680442
  chunk 33 final batch loss = 0.247849
  chunk 34 final batch loss = 0.371873
  chunk 35 final batch loss = 0.789338
  chunk 36 final batch loss = 0.600142
  chunk 37 final batch loss = 0.498474
  chunk 38 final batch loss = 0.246712
  chunk 39 final batch loss = 0.821324
  chunk 40 final batch loss = 0.260093
  chunk 41 final batch loss = 0.626946
  chunk 42 final batch loss = 0.275376
  chunk 43 final batch loss = 0.795088
  chunk 44 final batch loss = 0.316417
  chunk 45 final batch loss = 0.719761
  chunk 46 final batch loss = 0.241787
  chunk 47 final batch loss = 0.251560
  chunk 48 final batch loss = 0.282789
  chunk 49 final batch loss = 0.781276
  chunk 50 final batch loss = 0.572754
  chunk 51 final batch loss = 0.280213
  chunk 52 final batch loss = 0.222511
  chunk 53 final batch loss = 0.470500
  chunk 54 final batch loss = 0.312940
  chunk 55 final batch loss = 0.262534
  chunk 56 final batch loss = 0.656793
  chunk 57 final batch loss = 0.694868
  chunk 58 final batch loss = 0.580340
  chunk 59 final batch loss = 0.272450
  chunk 60 final batch loss = 0.566361
  chunk 61 final batch loss = 0.291514
  chunk 62 final batch loss = 0.297460
  chunk 63 final batch loss = 0.774217
  chunk 64 final batch loss = 0.769068
  chunk 65 final batch loss = 0.348845
  chunk 66 final batch loss = 0.571792
  chunk 67 final batch loss = 0.795412
  chunk 68 final batch loss = 0.381591
  chunk 69 final batch loss = 0.571823
  chunk 70 final batch loss = 0.259236
  chunk 71 final batch loss = 0.543995
  chunk 72 final batch loss = 0.653913
  chunk 73 final batch loss = 0.332507
  chunk 74 final batch loss = 0.501816
  chunk 75 final batch loss = 0.247035
  chunk 76 final batch loss = 0.218473
  chunk 77 final batch loss = 0.362962
  chunk 78 final batch loss = 0.739193
  chunk 79 final batch loss = 0.578620
Validation loss: 0.460764
No improvement for 6 epochs
Epoch 52
  chunk 0 final batch loss = 0.801199
  chunk 1 final batch loss = 0.793979
  chunk 2 final batch loss = 0.331552
  chunk 3 final batch loss = 0.262251
  chunk 4 final batch loss = 0.743295
  chunk 5 final batch loss = 0.460087
  chunk 6 final batch loss = 0.232417
  chunk 7 final batch loss = 0.413683
  chunk 8 final batch loss = 0.318053
  chunk 9 final batch loss = 0.552793
  chunk 10 final batch loss = 0.391744
  chunk 11 final batch loss = 0.818505
  chunk 12 final batch loss = 0.713325
  chunk 13 final batch loss = 0.664157
  chunk 14 final batch loss = 0.396410
  chunk 15 final batch loss = 0.274588
  chunk 16 final batch loss = 0.277951
  chunk 17 final batch loss = 0.374117
  chunk 18 final batch loss = 0.585818
  chunk 19 final batch loss = 0.243381
  chunk 20 final batch loss = 0.783437
  chunk 21 final batch loss = 0.572308
  chunk 22 final batch loss = 0.752769
  chunk 23 final batch loss = 0.569278
  chunk 24 final batch loss = 0.727447
  chunk 25 final batch loss = 0.275982
  chunk 26 final batch loss = 0.795967
  chunk 27 final batch loss = 0.209558
  chunk 28 final batch loss = 0.261410
  chunk 29 final batch loss = 0.763844
  chunk 30 final batch loss = 0.306176
  chunk 31 final batch loss = 0.292094
  chunk 32 final batch loss = 0.697076
  chunk 33 final batch loss = 0.254660
  chunk 34 final batch loss = 0.386542
  chunk 35 final batch loss = 0.794630
  chunk 36 final batch loss = 0.610185
  chunk 37 final batch loss = 0.431287
  chunk 38 final batch loss = 0.253785
  chunk 39 final batch loss = 0.813334
  chunk 40 final batch loss = 0.267002
  chunk 41 final batch loss = 0.547837
  chunk 42 final batch loss = 0.267100
  chunk 43 final batch loss = 0.780439
  chunk 44 final batch loss = 0.335069
  chunk 45 final batch loss = 0.724694
  chunk 46 final batch loss = 0.253578
  chunk 47 final batch loss = 0.277485
  chunk 48 final batch loss = 0.297376
  chunk 49 final batch loss = 0.726811
  chunk 50 final batch loss = 0.592516
  chunk 51 final batch loss = 0.269126
  chunk 52 final batch loss = 0.227228
  chunk 53 final batch loss = 0.457310
  chunk 54 final batch loss = 0.330327
  chunk 55 final batch loss = 0.277183
  chunk 56 final batch loss = 0.689914
  chunk 57 final batch loss = 0.751779
  chunk 58 final batch loss = 0.563696
  chunk 59 final batch loss = 0.231878
  chunk 60 final batch loss = 0.606252
  chunk 61 final batch loss = 0.318253
  chunk 62 final batch loss = 0.304454
  chunk 63 final batch loss = 0.718324
  chunk 64 final batch loss = 0.753825
  chunk 65 final batch loss = 0.319502
  chunk 66 final batch loss = 0.564610
  chunk 67 final batch loss = 0.789301
  chunk 68 final batch loss = 0.361007
  chunk 69 final batch loss = 0.578675
  chunk 70 final batch loss = 0.225395
  chunk 71 final batch loss = 0.588745
  chunk 72 final batch loss = 0.699204
  chunk 73 final batch loss = 0.344177
  chunk 74 final batch loss = 0.502083
  chunk 75 final batch loss = 0.254150
  chunk 76 final batch loss = 0.249231
  chunk 77 final batch loss = 0.391124
  chunk 78 final batch loss = 0.772944
  chunk 79 final batch loss = 0.578110
Validation loss: 0.458950
No improvement for 7 epochs
Epoch 53
  chunk 0 final batch loss = 0.765826
  chunk 1 final batch loss = 0.781420
  chunk 2 final batch loss = 0.307026
  chunk 3 final batch loss = 0.285766
  chunk 4 final batch loss = 0.759649
  chunk 5 final batch loss = 0.464035
  chunk 6 final batch loss = 0.243805
  chunk 7 final batch loss = 0.373844
  chunk 8 final batch loss = 0.327112
  chunk 9 final batch loss = 0.570615
  chunk 10 final batch loss = 0.365219
  chunk 11 final batch loss = 0.813339
  chunk 12 final batch loss = 0.646309
  chunk 13 final batch loss = 0.660841
  chunk 14 final batch loss = 0.367736
  chunk 15 final batch loss = 0.269454
  chunk 16 final batch loss = 0.274224
  chunk 17 final batch loss = 0.352980
  chunk 18 final batch loss = 0.599315
  chunk 19 final batch loss = 0.255797
  chunk 20 final batch loss = 0.771658
  chunk 21 final batch loss = 0.604866
  chunk 22 final batch loss = 0.682256
  chunk 23 final batch loss = 0.563987
  chunk 24 final batch loss = 0.711367
  chunk 25 final batch loss = 0.287567
  chunk 26 final batch loss = 0.752140
  chunk 27 final batch loss = 0.218915
  chunk 28 final batch loss = 0.265262
  chunk 29 final batch loss = 0.768392
  chunk 30 final batch loss = 0.312335
  chunk 31 final batch loss = 0.290271
  chunk 32 final batch loss = 0.679733
  chunk 33 final batch loss = 0.238901
  chunk 34 final batch loss = 0.403851
  chunk 35 final batch loss = 0.796654
  chunk 36 final batch loss = 0.614655
  chunk 37 final batch loss = 0.490729
  chunk 38 final batch loss = 0.243207
  chunk 39 final batch loss = 0.797864
  chunk 40 final batch loss = 0.247597
  chunk 41 final batch loss = 0.580468
  chunk 42 final batch loss = 0.253858
  chunk 43 final batch loss = 0.781265
  chunk 44 final batch loss = 0.316503
  chunk 45 final batch loss = 0.730684
  chunk 46 final batch loss = 0.263023
  chunk 47 final batch loss = 0.248747
  chunk 48 final batch loss = 0.276600
  chunk 49 final batch loss = 0.746133
  chunk 50 final batch loss = 0.568026
  chunk 51 final batch loss = 0.274144
  chunk 52 final batch loss = 0.247705
  chunk 53 final batch loss = 0.467546
  chunk 54 final batch loss = 0.315382
  chunk 55 final batch loss = 0.255917
  chunk 56 final batch loss = 0.707155
  chunk 57 final batch loss = 0.714228
  chunk 58 final batch loss = 0.578500
  chunk 59 final batch loss = 0.252379
  chunk 60 final batch loss = 0.562993
  chunk 61 final batch loss = 0.310738
  chunk 62 final batch loss = 0.289241
  chunk 63 final batch loss = 0.715134
  chunk 64 final batch loss = 0.748164
  chunk 65 final batch loss = 0.375833
  chunk 66 final batch loss = 0.639315
  chunk 67 final batch loss = 0.780097
  chunk 68 final batch loss = 0.372305
  chunk 69 final batch loss = 0.561114
  chunk 70 final batch loss = 0.259207
  chunk 71 final batch loss = 0.534345
  chunk 72 final batch loss = 0.721175
  chunk 73 final batch loss = 0.319866
  chunk 74 final batch loss = 0.509862
  chunk 75 final batch loss = 0.268021
  chunk 76 final batch loss = 0.234623
  chunk 77 final batch loss = 0.393849
  chunk 78 final batch loss = 0.709366
  chunk 79 final batch loss = 0.577594
Validation loss: 0.456266
No improvement for 8 epochs
Epoch 54
  chunk 0 final batch loss = 0.778598
  chunk 1 final batch loss = 0.763442
  chunk 2 final batch loss = 0.376497
  chunk 3 final batch loss = 0.304951
  chunk 4 final batch loss = 0.738319
  chunk 5 final batch loss = 0.522795
  chunk 6 final batch loss = 0.246877
  chunk 7 final batch loss = 0.418259
  chunk 8 final batch loss = 0.320373
  chunk 9 final batch loss = 0.582067
  chunk 10 final batch loss = 0.369727
  chunk 11 final batch loss = 0.826056
  chunk 12 final batch loss = 0.692466
  chunk 13 final batch loss = 0.707947
  chunk 14 final batch loss = 0.358395
  chunk 15 final batch loss = 0.248616
  chunk 16 final batch loss = 0.282347
  chunk 17 final batch loss = 0.340592
  chunk 18 final batch loss = 0.619025
  chunk 19 final batch loss = 0.249245
  chunk 20 final batch loss = 0.776493
  chunk 21 final batch loss = 0.622157
  chunk 22 final batch loss = 0.750525
  chunk 23 final batch loss = 0.523486
  chunk 24 final batch loss = 0.749433
  chunk 25 final batch loss = 0.304467
  chunk 26 final batch loss = 0.780651
  chunk 27 final batch loss = 0.247441
  chunk 28 final batch loss = 0.245364
  chunk 29 final batch loss = 0.758363
  chunk 30 final batch loss = 0.305534
  chunk 31 final batch loss = 0.275124
  chunk 32 final batch loss = 0.670189
  chunk 33 final batch loss = 0.220591
  chunk 34 final batch loss = 0.362805
  chunk 35 final batch loss = 0.762189
  chunk 36 final batch loss = 0.586279
  chunk 37 final batch loss = 0.466691
  chunk 38 final batch loss = 0.258346
  chunk 39 final batch loss = 0.816678
  chunk 40 final batch loss = 0.252060
  chunk 41 final batch loss = 0.668397
  chunk 42 final batch loss = 0.261199
  chunk 43 final batch loss = 0.782462
  chunk 44 final batch loss = 0.332730
  chunk 45 final batch loss = 0.714722
  chunk 46 final batch loss = 0.259008
  chunk 47 final batch loss = 0.244243
  chunk 48 final batch loss = 0.304471
  chunk 49 final batch loss = 0.764236
  chunk 50 final batch loss = 0.652376
  chunk 51 final batch loss = 0.295221
  chunk 52 final batch loss = 0.236777
  chunk 53 final batch loss = 0.548035
  chunk 54 final batch loss = 0.322704
  chunk 55 final batch loss = 0.270639
  chunk 56 final batch loss = 0.671734
  chunk 57 final batch loss = 0.733217
  chunk 58 final batch loss = 0.606958
  chunk 59 final batch loss = 0.239314
  chunk 60 final batch loss = 0.556149
  chunk 61 final batch loss = 0.285483
  chunk 62 final batch loss = 0.294405
  chunk 63 final batch loss = 0.744892
  chunk 64 final batch loss = 0.778975
  chunk 65 final batch loss = 0.340800
  chunk 66 final batch loss = 0.578429
  chunk 67 final batch loss = 0.776888
  chunk 68 final batch loss = 0.372939
  chunk 69 final batch loss = 0.568102
  chunk 70 final batch loss = 0.250627
  chunk 71 final batch loss = 0.518228
  chunk 72 final batch loss = 0.689473
  chunk 73 final batch loss = 0.342436
  chunk 74 final batch loss = 0.470035
  chunk 75 final batch loss = 0.260320
  chunk 76 final batch loss = 0.235408
  chunk 77 final batch loss = 0.383536
  chunk 78 final batch loss = 0.747832
  chunk 79 final batch loss = 0.554104
Validation loss: 0.458206
No improvement for 9 epochs
Epoch 55
  chunk 0 final batch loss = 0.798488
  chunk 1 final batch loss = 0.781674
  chunk 2 final batch loss = 0.343441
  chunk 3 final batch loss = 0.292504
  chunk 4 final batch loss = 0.714395
  chunk 5 final batch loss = 0.513227
  chunk 6 final batch loss = 0.229349
  chunk 7 final batch loss = 0.391047
  chunk 8 final batch loss = 0.333353
  chunk 9 final batch loss = 0.556860
  chunk 10 final batch loss = 0.412579
  chunk 11 final batch loss = 0.811147
  chunk 12 final batch loss = 0.702680
  chunk 13 final batch loss = 0.672784
  chunk 14 final batch loss = 0.373322
  chunk 15 final batch loss = 0.287975
  chunk 16 final batch loss = 0.276386
  chunk 17 final batch loss = 0.384043
  chunk 18 final batch loss = 0.573203
  chunk 19 final batch loss = 0.254947
  chunk 20 final batch loss = 0.750040
  chunk 21 final batch loss = 0.593086
  chunk 22 final batch loss = 0.725883
  chunk 23 final batch loss = 0.619185
  chunk 24 final batch loss = 0.755142
  chunk 25 final batch loss = 0.288195
  chunk 26 final batch loss = 0.736396
  chunk 27 final batch loss = 0.234382
  chunk 28 final batch loss = 0.243434
  chunk 29 final batch loss = 0.769843
  chunk 30 final batch loss = 0.284819
  chunk 31 final batch loss = 0.290035
  chunk 32 final batch loss = 0.689343
  chunk 33 final batch loss = 0.262996
  chunk 34 final batch loss = 0.400486
  chunk 35 final batch loss = 0.783146
  chunk 36 final batch loss = 0.634805
  chunk 37 final batch loss = 0.500591
  chunk 38 final batch loss = 0.253168
  chunk 39 final batch loss = 0.794008
  chunk 40 final batch loss = 0.252416
  chunk 41 final batch loss = 0.559268
  chunk 42 final batch loss = 0.267576
  chunk 43 final batch loss = 0.794453
  chunk 44 final batch loss = 0.320893
  chunk 45 final batch loss = 0.725331
  chunk 46 final batch loss = 0.255406
  chunk 47 final batch loss = 0.245399
  chunk 48 final batch loss = 0.262641
  chunk 49 final batch loss = 0.724726
  chunk 50 final batch loss = 0.594715
  chunk 51 final batch loss = 0.263804
  chunk 52 final batch loss = 0.214704
  chunk 53 final batch loss = 0.431446
  chunk 54 final batch loss = 0.306563
  chunk 55 final batch loss = 0.277273
  chunk 56 final batch loss = 0.678054
  chunk 57 final batch loss = 0.693254
  chunk 58 final batch loss = 0.547691
  chunk 59 final batch loss = 0.265668
  chunk 60 final batch loss = 0.538562
  chunk 61 final batch loss = 0.257135
  chunk 62 final batch loss = 0.319477
  chunk 63 final batch loss = 0.744649
  chunk 64 final batch loss = 0.761545
  chunk 65 final batch loss = 0.348275
  chunk 66 final batch loss = 0.611735
  chunk 67 final batch loss = 0.788562
  chunk 68 final batch loss = 0.384769
  chunk 69 final batch loss = 0.601665
  chunk 70 final batch loss = 0.255547
  chunk 71 final batch loss = 0.612322
  chunk 72 final batch loss = 0.706259
  chunk 73 final batch loss = 0.352605
  chunk 74 final batch loss = 0.502293
  chunk 75 final batch loss = 0.239434
  chunk 76 final batch loss = 0.238766
  chunk 77 final batch loss = 0.430304
  chunk 78 final batch loss = 0.751347
  chunk 79 final batch loss = 0.575754
Validation loss: 0.457002
No improvement for 10 epochs
Epoch 56
  chunk 0 final batch loss = 0.800233
  chunk 1 final batch loss = 0.775918
  chunk 2 final batch loss = 0.332170
  chunk 3 final batch loss = 0.277473
  chunk 4 final batch loss = 0.753744
  chunk 5 final batch loss = 0.551958
  chunk 6 final batch loss = 0.241422
  chunk 7 final batch loss = 0.392025
  chunk 8 final batch loss = 0.301037
  chunk 9 final batch loss = 0.584194
  chunk 10 final batch loss = 0.364684
  chunk 11 final batch loss = 0.811217
  chunk 12 final batch loss = 0.699245
  chunk 13 final batch loss = 0.710361
  chunk 14 final batch loss = 0.398280
  chunk 15 final batch loss = 0.263065
  chunk 16 final batch loss = 0.269039
  chunk 17 final batch loss = 0.347163
  chunk 18 final batch loss = 0.563581
  chunk 19 final batch loss = 0.263506
  chunk 20 final batch loss = 0.783131
  chunk 21 final batch loss = 0.613495
  chunk 22 final batch loss = 0.706071
  chunk 23 final batch loss = 0.555144
  chunk 24 final batch loss = 0.698628
  chunk 25 final batch loss = 0.286548
  chunk 26 final batch loss = 0.727694
  chunk 27 final batch loss = 0.240112
  chunk 28 final batch loss = 0.241351
  chunk 29 final batch loss = 0.742626
  chunk 30 final batch loss = 0.303082
  chunk 31 final batch loss = 0.274162
  chunk 32 final batch loss = 0.690321
  chunk 33 final batch loss = 0.262157
  chunk 34 final batch loss = 0.351807
  chunk 35 final batch loss = 0.782163
  chunk 36 final batch loss = 0.543801
  chunk 37 final batch loss = 0.452336
  chunk 38 final batch loss = 0.218975
  chunk 39 final batch loss = 0.805967
  chunk 40 final batch loss = 0.269672
  chunk 41 final batch loss = 0.568799
  chunk 42 final batch loss = 0.260544
  chunk 43 final batch loss = 0.789112
  chunk 44 final batch loss = 0.334860
  chunk 45 final batch loss = 0.718880
  chunk 46 final batch loss = 0.239611
  chunk 47 final batch loss = 0.249345
  chunk 48 final batch loss = 0.299558
  chunk 49 final batch loss = 0.701179
  chunk 50 final batch loss = 0.537449
  chunk 51 final batch loss = 0.278405
  chunk 52 final batch loss = 0.245634
  chunk 53 final batch loss = 0.429407
  chunk 54 final batch loss = 0.324279
  chunk 55 final batch loss = 0.245551
  chunk 56 final batch loss = 0.667775
  chunk 57 final batch loss = 0.755409
  chunk 58 final batch loss = 0.588953
  chunk 59 final batch loss = 0.250688
  chunk 60 final batch loss = 0.524844
  chunk 61 final batch loss = 0.308833
  chunk 62 final batch loss = 0.279893
  chunk 63 final batch loss = 0.747274
  chunk 64 final batch loss = 0.737878
  chunk 65 final batch loss = 0.349866
  chunk 66 final batch loss = 0.622635
  chunk 67 final batch loss = 0.767986
  chunk 68 final batch loss = 0.359940
  chunk 69 final batch loss = 0.549773
  chunk 70 final batch loss = 0.267054
  chunk 71 final batch loss = 0.538562
  chunk 72 final batch loss = 0.702059
  chunk 73 final batch loss = 0.350149
  chunk 74 final batch loss = 0.480266
  chunk 75 final batch loss = 0.260159
  chunk 76 final batch loss = 0.249958
  chunk 77 final batch loss = 0.373513
  chunk 78 final batch loss = 0.729623
  chunk 79 final batch loss = 0.536256
Validation loss: 0.458393
No improvement for 11 epochs
Epoch 57
  chunk 0 final batch loss = 0.785343
  chunk 1 final batch loss = 0.783535
  chunk 2 final batch loss = 0.360839
  chunk 3 final batch loss = 0.303727
  chunk 4 final batch loss = 0.691011
  chunk 5 final batch loss = 0.492565
  chunk 6 final batch loss = 0.261111
  chunk 7 final batch loss = 0.376496
  chunk 8 final batch loss = 0.316206
  chunk 9 final batch loss = 0.573846
  chunk 10 final batch loss = 0.377913
  chunk 11 final batch loss = 0.817165
  chunk 12 final batch loss = 0.675950
  chunk 13 final batch loss = 0.656876
  chunk 14 final batch loss = 0.381984
  chunk 15 final batch loss = 0.291460
  chunk 16 final batch loss = 0.288920
  chunk 17 final batch loss = 0.353811
  chunk 18 final batch loss = 0.592156
  chunk 19 final batch loss = 0.271933
  chunk 20 final batch loss = 0.758901
  chunk 21 final batch loss = 0.561126
  chunk 22 final batch loss = 0.739375
  chunk 23 final batch loss = 0.620343
  chunk 24 final batch loss = 0.736840
  chunk 25 final batch loss = 0.264321
  chunk 26 final batch loss = 0.754918
  chunk 27 final batch loss = 0.234654
  chunk 28 final batch loss = 0.245700
  chunk 29 final batch loss = 0.730356
  chunk 30 final batch loss = 0.284789
  chunk 31 final batch loss = 0.253317
  chunk 32 final batch loss = 0.666136
  chunk 33 final batch loss = 0.240534
  chunk 34 final batch loss = 0.342255
  chunk 35 final batch loss = 0.791230
  chunk 36 final batch loss = 0.554182
  chunk 37 final batch loss = 0.517654
  chunk 38 final batch loss = 0.264686
  chunk 39 final batch loss = 0.807538
  chunk 40 final batch loss = 0.259020
  chunk 41 final batch loss = 0.569142
  chunk 42 final batch loss = 0.247031
  chunk 43 final batch loss = 0.800958
  chunk 44 final batch loss = 0.314812
  chunk 45 final batch loss = 0.709583
  chunk 46 final batch loss = 0.233921
  chunk 47 final batch loss = 0.284375
  chunk 48 final batch loss = 0.271003
  chunk 49 final batch loss = 0.734824
  chunk 50 final batch loss = 0.536323
  chunk 51 final batch loss = 0.283812
  chunk 52 final batch loss = 0.237629
  chunk 53 final batch loss = 0.443765
  chunk 54 final batch loss = 0.312099
  chunk 55 final batch loss = 0.259281
  chunk 56 final batch loss = 0.687264
  chunk 57 final batch loss = 0.732912
  chunk 58 final batch loss = 0.525586
  chunk 59 final batch loss = 0.238009
  chunk 60 final batch loss = 0.547941
  chunk 61 final batch loss = 0.315628
  chunk 62 final batch loss = 0.283606
  chunk 63 final batch loss = 0.753697
  chunk 64 final batch loss = 0.752570
  chunk 65 final batch loss = 0.314969
  chunk 66 final batch loss = 0.608416
  chunk 67 final batch loss = 0.778352
  chunk 68 final batch loss = 0.375962
  chunk 69 final batch loss = 0.503521
  chunk 70 final batch loss = 0.215840
  chunk 71 final batch loss = 0.580508
  chunk 72 final batch loss = 0.649289
  chunk 73 final batch loss = 0.338353
  chunk 74 final batch loss = 0.469561
  chunk 75 final batch loss = 0.238978
  chunk 76 final batch loss = 0.232580
  chunk 77 final batch loss = 0.356864
  chunk 78 final batch loss = 0.747090
  chunk 79 final batch loss = 0.563889
Validation loss: 0.456580
No improvement for 12 epochs
Epoch 58
  chunk 0 final batch loss = 0.788650
  chunk 1 final batch loss = 0.749472
  chunk 2 final batch loss = 0.382526
  chunk 3 final batch loss = 0.297690
  chunk 4 final batch loss = 0.710728
  chunk 5 final batch loss = 0.457985
  chunk 6 final batch loss = 0.238528
  chunk 7 final batch loss = 0.409858
  chunk 8 final batch loss = 0.327213
  chunk 9 final batch loss = 0.581462
  chunk 10 final batch loss = 0.472335
  chunk 11 final batch loss = 0.826759
  chunk 12 final batch loss = 0.693376
  chunk 13 final batch loss = 0.693411
  chunk 14 final batch loss = 0.365334
  chunk 15 final batch loss = 0.275653
  chunk 16 final batch loss = 0.274979
  chunk 17 final batch loss = 0.353372
  chunk 18 final batch loss = 0.597594
  chunk 19 final batch loss = 0.266521
  chunk 20 final batch loss = 0.768110
  chunk 21 final batch loss = 0.608415
  chunk 22 final batch loss = 0.722361
  chunk 23 final batch loss = 0.541941
  chunk 24 final batch loss = 0.735305
  chunk 25 final batch loss = 0.294095
  chunk 26 final batch loss = 0.780082
  chunk 27 final batch loss = 0.209562
  chunk 28 final batch loss = 0.226535
  chunk 29 final batch loss = 0.763540
  chunk 30 final batch loss = 0.292160
  chunk 31 final batch loss = 0.294247
  chunk 32 final batch loss = 0.685787
  chunk 33 final batch loss = 0.249037
  chunk 34 final batch loss = 0.378758
  chunk 35 final batch loss = 0.779485
  chunk 36 final batch loss = 0.578165
  chunk 37 final batch loss = 0.459248
  chunk 38 final batch loss = 0.243748
  chunk 39 final batch loss = 0.800466
  chunk 40 final batch loss = 0.251926
  chunk 41 final batch loss = 0.560849
  chunk 42 final batch loss = 0.246531
  chunk 43 final batch loss = 0.801693
  chunk 44 final batch loss = 0.304046
  chunk 45 final batch loss = 0.773567
  chunk 46 final batch loss = 0.248144
  chunk 47 final batch loss = 0.259185
  chunk 48 final batch loss = 0.294439
  chunk 49 final batch loss = 0.747939
  chunk 50 final batch loss = 0.600897
  chunk 51 final batch loss = 0.304549
  chunk 52 final batch loss = 0.229371
  chunk 53 final batch loss = 0.453789
  chunk 54 final batch loss = 0.335779
  chunk 55 final batch loss = 0.260088
  chunk 56 final batch loss = 0.689136
  chunk 57 final batch loss = 0.744942
  chunk 58 final batch loss = 0.551831
  chunk 59 final batch loss = 0.258776
  chunk 60 final batch loss = 0.518906
  chunk 61 final batch loss = 0.298092
  chunk 62 final batch loss = 0.291520
  chunk 63 final batch loss = 0.780863
  chunk 64 final batch loss = 0.764165
  chunk 65 final batch loss = 0.332711
  chunk 66 final batch loss = 0.604892
  chunk 67 final batch loss = 0.774901
  chunk 68 final batch loss = 0.333193
  chunk 69 final batch loss = 0.519546
  chunk 70 final batch loss = 0.250909
  chunk 71 final batch loss = 0.518790
  chunk 72 final batch loss = 0.682516
  chunk 73 final batch loss = 0.323907
  chunk 74 final batch loss = 0.412095
  chunk 75 final batch loss = 0.257984
  chunk 76 final batch loss = 0.255981
  chunk 77 final batch loss = 0.389366
  chunk 78 final batch loss = 0.747124
  chunk 79 final batch loss = 0.569498
Validation loss: 0.457485
No improvement for 13 epochs
Epoch 59
  chunk 0 final batch loss = 0.800068
  chunk 1 final batch loss = 0.780895
  chunk 2 final batch loss = 0.330054
  chunk 3 final batch loss = 0.288261
  chunk 4 final batch loss = 0.734540
  chunk 5 final batch loss = 0.479355
  chunk 6 final batch loss = 0.252738
  chunk 7 final batch loss = 0.382816
  chunk 8 final batch loss = 0.323761
  chunk 9 final batch loss = 0.577749
  chunk 10 final batch loss = 0.408111
  chunk 11 final batch loss = 0.814356
  chunk 12 final batch loss = 0.688969
  chunk 13 final batch loss = 0.674341
  chunk 14 final batch loss = 0.358414
  chunk 15 final batch loss = 0.269855
  chunk 16 final batch loss = 0.287385
  chunk 17 final batch loss = 0.386206
  chunk 18 final batch loss = 0.593102
  chunk 19 final batch loss = 0.255151
  chunk 20 final batch loss = 0.764425
  chunk 21 final batch loss = 0.564411
  chunk 22 final batch loss = 0.730585
  chunk 23 final batch loss = 0.586280
  chunk 24 final batch loss = 0.728880
  chunk 25 final batch loss = 0.285984
  chunk 26 final batch loss = 0.772041
  chunk 27 final batch loss = 0.231770
  chunk 28 final batch loss = 0.236602
  chunk 29 final batch loss = 0.778792
  chunk 30 final batch loss = 0.295431
  chunk 31 final batch loss = 0.277396
  chunk 32 final batch loss = 0.718878
  chunk 33 final batch loss = 0.229172
  chunk 34 final batch loss = 0.401313
  chunk 35 final batch loss = 0.778527
  chunk 36 final batch loss = 0.588192
  chunk 37 final batch loss = 0.435062
  chunk 38 final batch loss = 0.261939
  chunk 39 final batch loss = 0.790863
  chunk 40 final batch loss = 0.266129
  chunk 41 final batch loss = 0.540184
  chunk 42 final batch loss = 0.261087
  chunk 43 final batch loss = 0.789864
  chunk 44 final batch loss = 0.319809
  chunk 45 final batch loss = 0.694567
  chunk 46 final batch loss = 0.240973
  chunk 47 final batch loss = 0.237235
  chunk 48 final batch loss = 0.306721
  chunk 49 final batch loss = 0.787469
  chunk 50 final batch loss = 0.511219
  chunk 51 final batch loss = 0.276479
  chunk 52 final batch loss = 0.252632
  chunk 53 final batch loss = 0.505202
  chunk 54 final batch loss = 0.335833
  chunk 55 final batch loss = 0.258356
  chunk 56 final batch loss = 0.693695
  chunk 57 final batch loss = 0.669080
  chunk 58 final batch loss = 0.554726
  chunk 59 final batch loss = 0.274330
  chunk 60 final batch loss = 0.573733
  chunk 61 final batch loss = 0.288934
  chunk 62 final batch loss = 0.289521
  chunk 63 final batch loss = 0.708203
  chunk 64 final batch loss = 0.695319
  chunk 65 final batch loss = 0.322287
  chunk 66 final batch loss = 0.585495
  chunk 67 final batch loss = 0.769055
  chunk 68 final batch loss = 0.372754
  chunk 69 final batch loss = 0.526201
  chunk 70 final batch loss = 0.260180
  chunk 71 final batch loss = 0.514555
  chunk 72 final batch loss = 0.675805
  chunk 73 final batch loss = 0.352125
  chunk 74 final batch loss = 0.486820
  chunk 75 final batch loss = 0.244205
  chunk 76 final batch loss = 0.246635
  chunk 77 final batch loss = 0.394773
  chunk 78 final batch loss = 0.737425
  chunk 79 final batch loss = 0.536645
Validation loss: 0.457783
No improvement for 14 epochs
Epoch 60
  chunk 0 final batch loss = 0.783348
  chunk 1 final batch loss = 0.768783
  chunk 2 final batch loss = 0.366404
  chunk 3 final batch loss = 0.294003
  chunk 4 final batch loss = 0.750246
  chunk 5 final batch loss = 0.462058
  chunk 6 final batch loss = 0.236474
  chunk 7 final batch loss = 0.412291
  chunk 8 final batch loss = 0.341683
  chunk 9 final batch loss = 0.614913
  chunk 10 final batch loss = 0.374417
  chunk 11 final batch loss = 0.817357
  chunk 12 final batch loss = 0.680298
  chunk 13 final batch loss = 0.646498
  chunk 14 final batch loss = 0.380816
  chunk 15 final batch loss = 0.288078
  chunk 16 final batch loss = 0.266968
  chunk 17 final batch loss = 0.339144
  chunk 18 final batch loss = 0.579442
  chunk 19 final batch loss = 0.268785
  chunk 20 final batch loss = 0.760814
  chunk 21 final batch loss = 0.551141
  chunk 22 final batch loss = 0.726936
  chunk 23 final batch loss = 0.522748
  chunk 24 final batch loss = 0.725961
  chunk 25 final batch loss = 0.270289
  chunk 26 final batch loss = 0.751949
  chunk 27 final batch loss = 0.222949
  chunk 28 final batch loss = 0.248773
  chunk 29 final batch loss = 0.729158
  chunk 30 final batch loss = 0.284573
  chunk 31 final batch loss = 0.273702
  chunk 32 final batch loss = 0.668701
  chunk 33 final batch loss = 0.221988
  chunk 34 final batch loss = 0.373711
  chunk 35 final batch loss = 0.772707
  chunk 36 final batch loss = 0.512353
  chunk 37 final batch loss = 0.452957
  chunk 38 final batch loss = 0.251516
  chunk 39 final batch loss = 0.790528
  chunk 40 final batch loss = 0.276215
  chunk 41 final batch loss = 0.543391
  chunk 42 final batch loss = 0.259891
  chunk 43 final batch loss = 0.769581
  chunk 44 final batch loss = 0.308198
  chunk 45 final batch loss = 0.742777
  chunk 46 final batch loss = 0.258890
  chunk 47 final batch loss = 0.250012
  chunk 48 final batch loss = 0.271805
  chunk 49 final batch loss = 0.723815
  chunk 50 final batch loss = 0.570365
  chunk 51 final batch loss = 0.308260
  chunk 52 final batch loss = 0.220027
  chunk 53 final batch loss = 0.526730
  chunk 54 final batch loss = 0.342120
  chunk 55 final batch loss = 0.264047
  chunk 56 final batch loss = 0.614145
  chunk 57 final batch loss = 0.710035
  chunk 58 final batch loss = 0.552792
  chunk 59 final batch loss = 0.247580
  chunk 60 final batch loss = 0.538812
  chunk 61 final batch loss = 0.285423
  chunk 62 final batch loss = 0.277291
  chunk 63 final batch loss = 0.744638
  chunk 64 final batch loss = 0.692438
  chunk 65 final batch loss = 0.326827
  chunk 66 final batch loss = 0.595411
  chunk 67 final batch loss = 0.782833
  chunk 68 final batch loss = 0.347101
  chunk 69 final batch loss = 0.608354
  chunk 70 final batch loss = 0.235871
  chunk 71 final batch loss = 0.611350
  chunk 72 final batch loss = 0.713129
  chunk 73 final batch loss = 0.320052
  chunk 74 final batch loss = 0.430799
  chunk 75 final batch loss = 0.231932
  chunk 76 final batch loss = 0.229293
  chunk 77 final batch loss = 0.445696
  chunk 78 final batch loss = 0.703469
  chunk 79 final batch loss = 0.545453
Validation loss: 0.457719
No improvement for 15 epochs

Early stopping after 60 epochs

Training complete!
