epoch,chunk_id,batch,train_loss,val_loss
1,0,0,0.5419366359710693,
1,1,0,0.846969485282898,
1,2,0,0.7039163112640381,
1,3,0,0.9062454104423523,
1,4,0,0.5280719995498657,
1,5,0,0.8438528180122375,
1,6,0,0.22771120071411133,
1,7,0,0.6392076015472412,
1,8,0,0.39806878566741943,
1,9,0,0.8292317390441895,
1,10,0,0.07820874452590942,
1,11,0,0.9163981676101685,
1,12,0,0.8222204446792603,
1,13,0,0.8199414014816284,
1,14,0,0.7784200310707092,
1,15,0,0.8155832290649414,
1,16,0,0.6589065790176392,
1,17,0,0.4208259582519531,
1,18,0,0.8137969970703125,
1,19,0,0.8229986429214478,
1,20,0,0.7899223566055298,
1,21,0,0.6103014349937439,
1,22,0,0.4264875054359436,
1,23,0,0.7661758065223694,
1,24,0,0.8191462755203247,
1,25,0,0.783421516418457,
1,26,0,0.8264186978340149,
1,27,0,0.5515133142471313,
1,28,0,0.413631796836853,
1,29,0,0.6163456439971924,
1,30,0,0.8230016827583313,
1,31,0,0.8574880957603455,
1,32,0,0.5959888696670532,
1,33,0,0.7924582362174988,
1,34,0,0.8627013564109802,
1,35,0,0.41131794452667236,
1,36,0,0.585486650466919,
1,37,0,0.8245798349380493,
1,38,0,0.21300745010375977,
1,39,0,0.828342616558075,
1,40,0,0.18182259798049927,
1,41,0,0.708181619644165,
1,42,0,0.5912052392959595,
1,43,0,0.04405122995376587,
1,44,0,0.7930083274841309,
1,45,0,0.5885259509086609,
1,46,0,0.04959946870803833,
1,47,0,0.052251219749450684,
1,48,0,0.8254485130310059,
1,49,0,0.3323999047279358,
1,50,0,0.8274251222610474,
1,51,0,0.4261014461517334,
1,52,0,0.44495439529418945,
1,53,0,0.05144214630126953,
1,54,0,0.8320521712303162,
1,55,0,0.5816373229026794,
1,56,0,0.7985855340957642,
1,57,0,0.605087161064148,
1,58,0,0.848556637763977,
1,59,0,0.47717344760894775,
1,60,0,0.5509837865829468,
1,61,0,0.6693870425224304,
1,62,0,0.8203788995742798,
1,63,0,0.36202114820480347,
1,64,0,0.3362029790878296,
1,65,0,0.7815834879875183,
1,66,0,0.7629255652427673,
1,67,0,0.4749719500541687,
1,68,0,0.8495945930480957,
1,69,0,0.46364718675613403,
1,70,0,0.5278353691101074,
1,71,0,0.6860101222991943,
1,72,0,0.7327746152877808,
1,73,0,0.823092520236969,
1,74,0,0.8202718496322632,
1,75,0,0.6840617656707764,
1,76,0,0.8123875856399536,
1,77,0,0.7674985527992249,
1,78,0,0.17493712902069092,
1,79,0,0.932823121547699,
1,80,0,0.5630342960357666,
1,81,0,0.8170087337493896,
1,82,0,0.052572786808013916,
1,83,0,0.9080132246017456,
1,84,0,0.8393441438674927,
1,85,0,0.5949516296386719,
1,86,0,0.9406137466430664,
1,87,0,0.6453613042831421,
1,88,0,0.8177210092544556,
1,89,0,0.4941120147705078,
1,90,0,0.7730090618133545,
1,91,0,0.827221155166626,
1,92,0,0.8325647115707397,
1,93,0,0.8215490579605103,
1,94,0,0.5099979639053345,
1,95,0,0.9217334985733032,
1,96,0,0.36951059103012085,
1,97,0,0.8290333151817322,
1,98,0,0.669003963470459,
1,99,0,0.9097461104393005,
1,100,0,0.7750207185745239,
1,101,0,0.7153887748718262,
1,102,0,0.8966760635375977,
1,103,0,0.8259168863296509,
1,104,0,0.8225956559181213,
1,105,0,0.37512874603271484,
1,106,0,0.9261564016342163,
1,107,0,0.8173807263374329,
1,108,0,0.6914715766906738,
1,109,0,0.8170700669288635,
1,110,0,0.9623304605484009,
1,111,0,0.8175108432769775,
1,112,0,0.8245351314544678,
1,113,0,0.44849342107772827,
1,114,0,0.3247542977333069,
1,115,0,0.9576663970947266,
1,116,0,0.8192614316940308,
1,117,0,0.46339958906173706,
1,118,0,0.8123002052307129,
1,119,0,0.351806104183197,
1,120,0,0.8244301080703735,
1,121,0,0.8379586935043335,
1,122,0,0.758219838142395,
1,123,0,0.0682867169380188,
1,124,0,0.5007802844047546,
1,125,0,0.7807725667953491,
1,126,0,0.9209616184234619,
1,127,0,0.822454571723938,
1,128,0,0.8852887749671936,
1,129,0,0.8339412808418274,
1,130,0,0.7491879463195801,
1,131,0,0.9369322657585144,
1,132,0,0.8341551423072815,
1,133,0,0.31101030111312866,
1,134,0,0.5175377726554871,
1,135,0,0.5645592212677002,
1,136,0,0.057145118713378906,
1,137,0,0.13678616285324097,
1,138,0,0.3099486827850342,
1,139,0,0.5644389390945435,
1,140,0,0.9263442158699036,
1,141,0,0.821622371673584,
1,142,0,0.9244911074638367,
1,143,0,0.7936343550682068,
1,144,0,0.8162552714347839,
1,145,0,0.261555016040802,
1,146,0,0.7456080913543701,
1,147,0,0.28467267751693726,
1,148,0,0.7957372665405273,
1,149,0,0.7998998761177063,
1,150,0,0.8200051784515381,
1,151,0,0.8796805739402771,
1,152,0,0.7702503800392151,
1,153,0,0.8291264772415161,
1,154,0,0.8266717791557312,
1,155,0,0.7625041604042053,
1,156,0,0.05123269557952881,
1,157,0,0.6632587909698486,
1,158,0,0.7976611852645874,
1,159,0,0.8127278685569763,
1,160,0,0.4162710905075073,
1,161,0,0.06041973829269409,
1,162,0,0.830364465713501,
1,163,0,0.32728469371795654,
1,164,0,0.40785157680511475,
1,165,0,0.7502025961875916,
1,166,0,0.29167062044143677,
1,167,0,0.992529034614563,
1,168,0,0.8384883403778076,
1,169,0,0.1501368284225464,
1,170,0,0.8661684393882751,
1,171,0,0.7695218324661255,
1,172,0,0.7659727931022644,
1,173,0,0.6742880344390869,
1,174,0,0.773582398891449,
1,175,0,0.4696729779243469,
1,176,0,0.7799757719039917,
1,177,0,0.31669366359710693,
1,178,0,0.8295066356658936,
1,179,0,0.3569023013114929,
1,180,0,0.8117058277130127,
1,181,0,0.8082194328308105,
1,182,0,0.33843928575515747,
1,183,0,0.17823094129562378,
1,184,0,0.7883132696151733,
1,185,0,0.7704380750656128,
1,186,0,0.31049567461013794,
1,187,0,0.7874661684036255,
1,188,0,0.7658032774925232,
1,189,0,0.3018817901611328,
1,190,0,0.06585043668746948,
1,191,0,0.4635698199272156,
1,192,0,0.7658636569976807,
1,193,0,0.7635706663131714,
1,194,0,0.7610150575637817,
1,195,0,0.840675950050354,
1,196,0,0.7642542719841003,
1,197,0,0.19640636444091797,
1,198,0,0.8093080520629883,
1,199,0,0.2891504168510437,
1,200,0,0.8292330503463745,
1,201,0,0.050342857837677,
1,202,0,0.2969822883605957,
1,203,0,0.8330090045928955,
1,204,0,0.3459879755973816,
1,205,0,0.24499189853668213,
1,206,0,0.3661518692970276,
1,207,0,0.15439242124557495,
1,208,0,0.5194370150566101,
1,209,0,0.786502480506897,
1,210,0,0.3256950378417969,
1,211,0,0.8275068402290344,
1,212,0,0.5265361070632935,
1,213,0,0.81531822681427,
1,214,0,0.8343212604522705,
1,215,0,0.9650269150733948,
1,216,0,0.5146298408508301,
1,217,0,0.8259481191635132,
1,218,0,0.9870970249176025,
1,219,0,0.7650290131568909,
1,220,0,0.2693113684654236,
1,221,0,0.776084303855896,
1,222,0,0.3293529152870178,
1,223,0,0.4915432929992676,
1,224,0,0.9282845854759216,
1,225,0,0.30695295333862305,
1,226,0,0.8149991631507874,
1,227,0,0.17614048719406128,
1,228,0,0.7443749904632568,
1,229,0,0.48082053661346436,
1,230,0,0.46904146671295166,
1,231,0,0.922181248664856,
1,232,0,0.8409343361854553,
1,233,0,0.8271385431289673,
1,234,0,0.8143144845962524,
1,235,0,0.044742584228515625,
1,236,0,0.48321038484573364,
1,237,0,0.8281224966049194,
1,238,0,0.5280143618583679,
1,239,0,0.41280651092529297,
1,240,0,0.8186671137809753,
1,241,0,0.9230842590332031,
1,242,0,0.8249760270118713,
1,243,0,0.4873769283294678,
1,244,0,0.3144795894622803,
1,245,0,0.050534069538116455,
1,246,0,0.4388216733932495,
1,247,0,0.8311411142349243,
1,248,0,0.47007209062576294,
1,249,0,0.8205249309539795,
1,250,0,0.12716245651245117,
1,251,0,0.8370586633682251,
1,252,0,0.7857829928398132,
1,253,0,0.7818472385406494,
1,254,0,0.0430637001991272,
1,255,0,0.7663348913192749,
1,256,0,0.5904645323753357,
1,257,0,0.8414733409881592,
1,258,0,0.9285650253295898,
1,259,0,0.8676448464393616,
1,260,0,0.5545189380645752,
1,261,0,0.7626903057098389,
1,262,0,0.9527108669281006,
1,263,0,0.7531669735908508,
1,264,0,0.31562793254852295,
1,265,0,0.9562370777130127,
1,266,0,0.854709267616272,
1,267,0,0.8420506715774536,
1,268,0,0.34820556640625,
1,269,0,0.5057553052902222,
1,270,0,0.6265569925308228,
1,271,0,0.8293772339820862,
1,272,0,0.38905054330825806,
1,273,0,0.8438756465911865,
1,274,0,0.83306884765625,
1,275,0,0.16768062114715576,
1,276,0,0.8172383904457092,
1,277,0,0.06585568189620972,
1,278,0,0.5597894191741943,
1,279,0,0.7643187642097473,
1,280,0,0.7994531393051147,
1,281,0,0.8028385043144226,
1,282,0,0.7695990204811096,
1,283,0,0.7775130271911621,
1,284,0,0.8499194979667664,
1,285,0,0.9490534663200378,
1,286,0,0.6742192506790161,
1,287,0,0.7515453100204468,
1,288,0,0.9341336488723755,
1,289,0,0.5757416486740112,
1,290,0,0.8313565254211426,
1,291,0,0.04907357692718506,
1,292,0,0.43099701404571533,
1,293,0,0.8428508639335632,
1,294,0,0.8362117409706116,
1,295,0,0.9825170636177063,
1,296,0,0.48738914728164673,
1,297,0,0.052188873291015625,
1,298,0,0.8555299043655396,
1,299,0,0.8196424245834351,
1,300,0,0.44533950090408325,
1,301,0,0.46593302488327026,
1,302,0,0.8353749513626099,
1,303,0,0.6256923079490662,
1,304,0,0.8365415334701538,
1,305,0,0.518185019493103,
1,306,0,0.24983090162277222,
1,307,0,0.8323319554328918,
1,308,0,0.8356301188468933,
1,309,0,0.20406055450439453,
1,310,0,0.8239245414733887,
1,311,0,0.42943161725997925,
1,312,0,0.8231036067008972,
1,313,0,0.8212845325469971,
1,314,0,0.41974180936813354,
1,315,0,0.8861485719680786,
1,316,0,0.8339424133300781,
1,317,0,0.7071548700332642,
1,318,0,0.3455401659011841,
1,319,0,0.34791630506515503,
1,320,0,0.7630915641784668,
1,321,0,0.9351383447647095,
1,322,0,0.969963550567627,
1,323,0,0.30560368299484253,
1,324,0,0.8404128551483154,
1,325,0,0.8042551875114441,
1,326,0,0.8054947257041931,
1,327,0,0.7493268251419067,
1,328,0,0.774889349937439,
1,329,0,0.7866706252098083,
1,330,0,0.3814812898635864,
1,331,0,0.3294401168823242,
1,332,0,0.9603899717330933,
1,333,0,0.2648703455924988,
1,334,0,0.8910030126571655,
1,335,0,0.3947221636772156,
1,336,0,0.8269206881523132,
1,337,0,0.4863744378089905,
1,338,0,0.6620187163352966,
1,339,0,0.8119712471961975,
1,340,0,0.8428167700767517,
1,341,0,0.06056022644042969,
1,342,0,0.7690004110336304,
1,343,0,0.6388678550720215,
1,344,0,0.8251364231109619,
1,345,0,0.8236732482910156,
1,346,0,0.25155776739120483,
1,347,0,0.17423516511917114,
1,348,0,0.7663667798042297,
1,349,0,0.9591940641403198,
1,350,0,0.8758929967880249,
1,351,0,0.7814959287643433,
1,352,0,0.8278492093086243,
1,353,0,0.8477725386619568,
1,354,0,0.6602784991264343,
1,355,0,0.16710394620895386,
1,356,0,0.9617616534233093,
1,357,0,0.7950975894927979,
1,358,0,0.20964765548706055,
1,359,0,0.7908753156661987,
1,360,0,0.9254299998283386,
1,361,0,0.8424177169799805,
1,362,0,0.27342838048934937,
1,363,0,0.31493598222732544,
1,364,0,0.7713184356689453,
1,365,0,0.9659376740455627,
1,366,0,0.922664999961853,
1,367,0,0.8328744173049927,
1,368,0,0.9350551962852478,
1,369,0,0.8197742104530334,
1,370,0,0.6469491720199585,
1,371,0,0.77180016040802,
1,372,0,0.8175790309906006,
1,373,0,0.9208731651306152,
1,374,0,0.4291785955429077,
1,375,0,0.8165432214736938,
1,376,0,0.8043637871742249,
1,377,0,0.34851282835006714,
1,378,0,0.41964948177337646,
1,379,0,0.9145304560661316,
1,380,0,0.36436933279037476,
1,381,0,0.32517677545547485,
1,382,0,0.33857351541519165,
1,383,0,0.8349242210388184,
1,384,0,0.3616359829902649,
1,385,0,0.34437090158462524,
1,386,0,0.25885534286499023,
1,387,0,0.4446703791618347,
1,388,0,0.05827218294143677,
1,389,0,0.7943813800811768,
1,390,0,0.7643084526062012,
1,391,0,0.7505379319190979,
1,392,0,0.7014589905738831,
1,393,0,0.32053226232528687,
1,394,0,0.490689218044281,
1,395,0,0.820307195186615,
1,396,0,0.1632940173149109,
1,397,0,0.19562089443206787,
1,398,0,0.8093797564506531,
1,399,0,0.31476545333862305,
1,400,0,0.7733608484268188,
1,401,0,0.7789217829704285,
1,402,0,0.8329793214797974,
1,403,0,0.8104650378227234,
1,404,0,0.33639341592788696,
1,405,0,0.06843620538711548,
1,406,0,0.7757439017295837,
1,407,0,0.8446736335754395,
1,408,0,0.8617283701896667,
1,409,0,0.7412518262863159,
1,410,0,0.8411577939987183,
1,411,0,0.3164493441581726,
1,412,0,0.8453292846679688,
1,413,0,0.0692148208618164,
1,414,0,0.7978942394256592,
1,415,0,0.6644123792648315,
1,416,0,0.8597322702407837,
1,417,0,0.05641287565231323,
1,418,0,0.5582749247550964,
1,419,0,0.5204176902770996,
1,420,0,0.273790180683136,
1,421,0,0.280356764793396,
1,422,0,0.9074537754058838,
1,423,0,0.8362942934036255,
1,424,0,0.9390847682952881,
1,425,0,0.8208358287811279,
1,426,0,0.8253240585327148,
1,427,0,0.808493435382843,
1,428,0,0.5174281001091003,
1,429,0,0.8224354386329651,
1,430,0,0.2872399091720581,
1,431,0,0.8039148449897766,
1,432,0,0.8278546333312988,
1,433,0,0.8257620334625244,
1,434,0,0.8302316069602966,
1,435,0,0.8211256861686707,
1,436,0,0.6308351755142212,
1,437,0,0.05344444513320923,
1,438,0,0.7584735155105591,
1,439,0,0.22904157638549805,
1,440,0,0.8327746391296387,
1,441,0,0.7971275448799133,
1,442,0,0.8239901065826416,
1,443,0,0.8199660181999207,
1,444,0,0.7786149978637695,
1,445,0,0.8225134611129761,
1,446,0,0.7802529335021973,
1,447,0,0.32682520151138306,
1,448,0,0.05330026149749756,
1,449,0,0.8071945309638977,
1,450,0,0.7891855239868164,
1,451,0,0.28220969438552856,
1,452,0,0.9353828430175781,
1,453,0,0.31774765253067017,
1,454,0,0.46820157766342163,
1,455,0,0.5966441035270691,
1,456,0,0.7456957697868347,
1,457,0,0.6836026906967163,
1,458,0,0.5495592951774597,
1,459,0,0.9475653767585754,
1,460,0,0.8222997188568115,
1,461,0,0.4751405119895935,
1,462,0,0.8143836855888367,
1,463,0,0.15582513809204102,
1,464,0,0.6407015323638916,
1,465,0,0.764272153377533,
1,466,0,0.04763299226760864,
1,467,0,0.8155484795570374,
1,468,0,0.6695912480354309,
1,469,0,0.8046022653579712,
1,470,0,0.36196476221084595,
1,471,0,0.05517101287841797,
1,472,0,0.8380753993988037,
1,473,0,0.840255856513977,
1,474,0,0.05757272243499756,
1,475,0,0.8237413167953491,
1,476,0,0.5009791254997253,
1,477,0,0.9448273181915283,
1,478,0,0.5530611276626587,
1,479,0,0.5135904550552368,
1,480,0,0.6851316690444946,
1,481,0,0.17640447616577148,
1,482,0,0.88916015625,
1,483,0,0.831825852394104,
1,484,0,0.8376319408416748,
1,485,0,0.4398558735847473,
1,486,0,0.7455012202262878,
1,487,0,0.3561709523200989,
1,488,0,0.7814005613327026,
1,489,0,0.8317347764968872,
1,490,0,0.7787337899208069,
1,491,0,0.8258906006813049,
1,492,0,0.6756643652915955,
1,493,0,0.7643207311630249,
1,494,0,0.05919581651687622,
1,495,0,0.3942340612411499,
1,496,0,0.3087427020072937,
1,497,0,0.7885883450508118,
1,498,0,0.4582595229148865,
1,499,0,0.8423744440078735,
1,500,0,0.8933360576629639,
1,501,0,0.7750815153121948,
1,502,0,0.8331926465034485,
1,503,0,0.21462440490722656,
1,504,0,0.7672894597053528,
1,505,0,0.4792023301124573,
1,506,0,0.773318350315094,
1,507,0,0.28067547082901,
1,508,0,0.8432595729827881,
1,509,0,0.8359327912330627,
1,510,0,0.9675458073616028,
1,511,0,0.7914014458656311,
1,512,0,0.2673290967941284,
1,513,0,0.7437454462051392,
1,514,0,0.8252020478248596,
1,515,0,0.8231079578399658,
1,516,0,0.7572780847549438,
1,517,0,0.40659189224243164,
1,518,0,0.2529948949813843,
1,519,0,0.30233699083328247,
1,520,0,0.9542967081069946,
1,521,0,0.9417487978935242,
1,522,0,0.36825335025787354,
1,523,0,0.8575319051742554,
1,524,0,0.7590159773826599,
1,525,0,0.05331820249557495,
1,526,0,0.33499836921691895,
1,527,0,0.8366931676864624,
1,528,0,0.05462270975112915,
1,529,0,0.9047455787658691,
1,530,0,0.8477562665939331,
1,531,0,0.8410025835037231,
1,532,0,0.8033444881439209,
1,533,0,0.8303813934326172,
1,534,0,0.3892210125923157,
1,535,0,0.9160369634628296,
1,536,0,0.8065592050552368,
1,537,0,0.3003673553466797,
1,538,0,0.8265356421470642,
1,539,0,0.8900821805000305,
1,540,0,0.7797746658325195,
1,541,0,0.44173765182495117,
1,542,0,0.3413209915161133,
1,543,0,0.8439463376998901,
1,544,0,0.062339842319488525,
1,545,0,0.432580828666687,
1,546,0,0.46396404504776,
1,547,0,0.06193810701370239,
1,548,0,0.7921081781387329,
1,549,0,0.32943540811538696,
1,550,0,0.8307562470436096,
1,551,0,0.8411398530006409,
1,552,0,0.7426104545593262,
1,553,0,0.46850937604904175,
1,554,0,0.6777963638305664,
1,555,0,0.27434635162353516,
1,556,0,0.7803264856338501,
1,557,0,0.9611353874206543,
1,558,0,0.4019201397895813,
1,559,0,0.672053873538971,
1,560,0,0.7913527488708496,
1,561,0,0.9104843735694885,
1,562,0,0.17551594972610474,
1,563,0,0.9684668183326721,
1,564,0,0.5110445022583008,
1,565,0,0.3774961233139038,
1,566,0,0.4017539620399475,
1,567,0,0.8456124067306519,
1,568,0,0.2279786467552185,
1,569,0,0.8357234001159668,
1,570,0,0.6540625095367432,
1,571,0,0.6289377212524414,
1,572,0,0.34181439876556396,
1,573,0,0.9850295782089233,
1,574,0,0.3292079567909241,
1,575,0,0.30074965953826904,
1,576,0,0.8408046960830688,
1,577,0,0.3090866804122925,
1,578,0,0.32062727212905884,
1,579,0,0.8008914589881897,
1,580,0,0.30307430028915405,
1,581,0,0.4174923300743103,
1,582,0,0.9281347990036011,
1,583,0,0.7795580625534058,
1,584,0,0.4840562343597412,
1,585,0,0.8179857730865479,
1,586,0,0.829879641532898,
1,587,0,0.6208137273788452,
1,588,0,0.2487216591835022,
1,589,0,0.7780163288116455,
1,590,0,0.8289322853088379,
1,591,0,0.28211510181427,
1,592,0,0.812366783618927,
1,593,0,0.8340358138084412,
1,594,0,0.8259434700012207,
1,595,0,0.759432315826416,
1,596,0,0.48072946071624756,
1,597,0,0.17025715112686157,
1,598,0,0.3399880528450012,
1,599,0,0.37289541959762573,
1,600,0,0.825933039188385,
1,601,0,0.4301570653915405,
1,602,0,0.1916223168373108,
1,603,0,0.32515138387680054,
1,604,0,0.757914125919342,
1,605,0,0.8014724850654602,
1,606,0,0.3118153214454651,
1,607,0,0.8196015357971191,
1,608,0,0.762205958366394,
1,609,0,0.847276508808136,
1,610,0,0.8362040519714355,
1,611,0,0.8684910535812378,
1,612,0,0.6867406368255615,
1,613,0,0.8058993816375732,
1,614,0,0.8295425176620483,
1,615,0,0.4250672459602356,
1,616,0,0.9541524052619934,
1,617,0,0.3131847381591797,
1,618,0,0.17619353532791138,
1,619,0,0.4297247529029846,
1,620,0,0.8379191756248474,
1,621,0,0.4535333514213562,
1,622,0,0.84464430809021,
1,623,0,0.4664548635482788,
1,624,0,0.3353636860847473,
1,625,0,0.8476138114929199,
1,626,0,0.8464387655258179,
1,627,0,0.8153729438781738,
1,628,0,0.8503559231758118,
1,629,0,0.510250449180603,
1,630,0,0.06533545255661011,
1,631,0,0.18373757600784302,
1,632,0,0.8206308484077454,
1,633,0,0.7798293828964233,
1,634,0,0.9549856781959534,
1,635,0,0.5088013410568237,
1,636,0,0.8118383884429932,
1,637,0,0.7323513031005859,
1,638,0,0.9839392304420471,
1,639,0,0.7725629210472107,
1,640,0,0.15877044200897217,
1,641,0,0.7843465209007263,
1,642,0,0.7847009897232056,
1,643,0,0.4576563835144043,
1,644,0,0.4427703022956848,
1,645,0,0.9280065894126892,
1,646,0,0.8461741209030151,
1,647,0,0.7895958423614502,
1,648,0,0.8200679421424866,
1,649,0,0.048617541790008545,
1,650,0,0.781629741191864,
1,651,0,0.4793214797973633,
1,652,0,0.7726241946220398,
1,653,0,0.6070330142974854,
1,654,0,0.7788444757461548,
1,655,0,0.25943154096603394,
1,656,0,0.2649531364440918,
1,657,0,0.39328163862228394,
1,658,0,0.8269846439361572,
1,659,0,0.053333938121795654,
1,660,0,0.8411768674850464,
1,661,0,0.8355200290679932,
1,662,0,0.8444805145263672,
1,663,0,0.7484540939331055,
1,664,0,0.8398079872131348,
1,665,0,0.4652503728866577,
1,666,0,0.05664616823196411,
1,667,0,0.8191899061203003,
1,668,0,0.31595325469970703,
1,669,0,0.4742756485939026,
1,670,0,0.4148065447807312,
1,671,0,0.7789804935455322,
1,672,0,0.18235033750534058,
1,673,0,0.2994062900543213,
1,674,0,0.44321727752685547,
1,675,0,0.779705286026001,
1,676,0,0.16993170976638794,
1,677,0,0.63036048412323,
1,678,0,0.9343168139457703,
1,679,0,0.8070115447044373,
1,680,0,0.06207352876663208,
1,681,0,0.9817072153091431,
1,682,0,0.33820706605911255,
1,683,0,0.37339067459106445,
1,684,0,0.9633116722106934,
1,685,0,0.8165206909179688,
1,686,0,0.9210473299026489,
1,687,0,0.6423189640045166,
1,688,0,0.29563647508621216,
1,689,0,0.7651691436767578,
1,690,0,0.8329098224639893,
1,691,0,0.1662755012512207,
1,692,0,0.36977100372314453,
1,693,0,0.7263966202735901,
1,694,0,0.7787073850631714,
1,695,0,0.7796032428741455,
1,696,0,0.1964486837387085,
1,697,0,0.7737969160079956,
1,698,0,0.8424072265625,
1,699,0,0.48972219228744507,
1,700,0,0.28598642349243164,
1,701,0,0.8447307348251343,
1,702,0,0.7963364720344543,
1,703,0,0.943102240562439,
1,704,0,0.16319531202316284,
1,705,0,0.056439220905303955,
1,706,0,0.8403347730636597,
1,707,0,0.8176627159118652,
1,708,0,0.8674684166908264,
1,709,0,0.762513279914856,
1,710,0,0.43552082777023315,
1,711,0,0.37179023027420044,
1,712,0,0.3089507818222046,
1,713,0,0.44453179836273193,
1,714,0,0.8532490134239197,
1,715,0,0.47006291151046753,
1,716,0,0.7752734422683716,
1,717,0,0.6803311705589294,
1,718,0,0.8484134078025818,
1,719,0,0.8294665813446045,
1,720,0,0.7976303696632385,
1,721,0,0.8088338971138,
1,722,0,0.8520334362983704,
1,723,0,0.17597663402557373,
1,724,0,0.777828574180603,
1,725,0,0.20611077547073364,
1,726,0,0.8212517499923706,
1,727,0,0.8069190979003906,
1,728,0,0.20087099075317383,
1,729,0,0.45722633600234985,
1,730,0,0.4024959206581116,
1,731,0,0.8293144106864929,
1,732,0,0.839521050453186,
1,733,0,0.42943239212036133,
1,734,0,0.8124172687530518,
1,735,0,0.329804003238678,
1,736,0,0.7681493163108826,
1,737,0,0.938295841217041,
1,738,0,0.8367753028869629,
1,739,0,0.6379361152648926,
1,740,0,0.31303298473358154,
1,741,0,0.7183800339698792,
1,742,0,0.8369265198707581,
1,743,0,0.8443769216537476,
1,744,0,0.9027318358421326,
1,745,0,0.31174010038375854,
1,746,0,0.7537399530410767,
1,747,0,0.9850918054580688,
1,748,0,0.7427195310592651,
1,749,0,0.8313584327697754,
1,750,0,0.8166738748550415,
1,751,0,0.8286933898925781,
1,752,0,0.8272102475166321,
1,753,0,0.5054968595504761,
1,754,0,0.7996217608451843,
1,755,0,0.8400988578796387,
1,756,0,0.8272703886032104,
1,757,0,0.8367000222206116,
1,758,0,0.7662028670310974,
1,759,0,0.05449092388153076,
1,760,0,0.4801815152168274,
1,761,0,0.7670469880104065,
1,762,0,0.7857033610343933,
1,763,0,0.35038328170776367,
1,764,0,0.3280978202819824,
1,765,0,0.8050699234008789,
1,766,0,0.17748546600341797,
1,767,0,0.7638672590255737,
1,768,0,0.8274409174919128,
1,769,0,0.209553062915802,
1,770,0,0.8816971778869629,
1,771,0,0.7892119884490967,
1,772,0,0.8130059838294983,
1,773,0,0.21177929639816284,
1,774,0,0.8533117771148682,
1,775,0,0.8136603832244873,
1,776,0,0.2851226329803467,
1,777,0,0.9795945286750793,
1,778,0,0.4467594027519226,
1,779,0,0.8365917205810547,
1,780,0,0.7744969725608826,
1,781,0,0.8294243216514587,
1,782,0,0.42078763246536255,
1,783,0,0.8129085302352905,
1,784,0,0.4371160864830017,
1,785,0,0.04767328500747681,
1,786,0,0.5144912600517273,
1,787,0,0.2791363000869751,
1,788,0,0.9716989994049072,
1,789,0,0.33434969186782837,
1,790,0,0.839593768119812,
1,791,0,0.5039912462234497,
1,792,0,0.37029969692230225,
1,793,0,0.8095701932907104,
1,794,0,0.83050936460495,
1,795,0,0.2920079827308655,
1,796,0,0.8289117217063904,
1,797,0,0.06286841630935669,
1,798,0,0.49337005615234375,
1,799,0,0.8280900716781616,
1,val,,,0.6078113937377929
2,0,0,0.42921680212020874,
2,1,0,0.8234407901763916,
2,2,0,0.6882548332214355,
2,3,0,0.9322808384895325,
2,4,0,0.42082929611206055,
2,5,0,0.7834769487380981,
2,6,0,0.1731153130531311,
2,7,0,0.5049761533737183,
2,8,0,0.25894802808761597,
2,9,0,0.8220110535621643,
2,10,0,0.06736165285110474,
2,11,0,0.9540085792541504,
2,12,0,0.8324006795883179,
2,13,0,0.8196008205413818,
2,14,0,0.7550375461578369,
2,15,0,0.8214384317398071,
2,16,0,0.5520139932632446,
2,17,0,0.4029567837715149,
2,18,0,0.8087912797927856,
2,19,0,0.8347711563110352,
2,20,0,0.758934497833252,
2,21,0,0.5070348978042603,
2,22,0,0.29828864336013794,
2,23,0,0.7109042406082153,
2,24,0,0.8237978219985962,
2,25,0,0.7452455759048462,
2,26,0,0.8351057767868042,
2,27,0,0.41410404443740845,
2,28,0,0.2975301742553711,
2,29,0,0.4913141131401062,
2,30,0,0.8285359144210815,
2,31,0,0.8966360688209534,
2,32,0,0.4779927134513855,
2,33,0,0.7621870040893555,
2,34,0,0.9001905918121338,
2,35,0,0.29107099771499634,
2,36,0,0.45489269495010376,
2,37,0,0.8248152732849121,
2,38,0,0.19923818111419678,
2,39,0,0.8398877382278442,
2,40,0,0.1666519045829773,
2,41,0,0.6502788066864014,
2,42,0,0.48460882902145386,
2,43,0,0.0451928973197937,
2,44,0,0.7585759162902832,
2,45,0,0.4850617051124573,
2,46,0,0.052023231983184814,
2,47,0,0.05277174711227417,
2,48,0,0.8303794860839844,
2,49,0,0.3198067545890808,
2,50,0,0.833549439907074,
2,51,0,0.4169684052467346,
2,52,0,0.43656474351882935,
2,53,0,0.05395466089248657,
2,54,0,0.8491843342781067,
2,55,0,0.47725236415863037,
2,56,0,0.798876166343689,
2,57,0,0.5173085927963257,
2,58,0,0.8946990370750427,
2,59,0,0.37420719861984253,
2,60,0,0.43999695777893066,
2,61,0,0.62079256772995,
2,62,0,0.8215009570121765,
2,63,0,0.2802436947822571,
2,64,0,0.2687649130821228,
2,65,0,0.8097827434539795,
2,66,0,0.754319965839386,
2,67,0,0.4559454917907715,
2,68,0,0.8902977108955383,
2,69,0,0.4640069603919983,
2,70,0,0.5120841264724731,
2,71,0,0.638678252696991,
2,72,0,0.6806381940841675,
2,73,0,0.8433136940002441,
2,74,0,0.8184512257575989,
2,75,0,0.7025372982025146,
2,76,0,0.8088667392730713,
2,77,0,0.7930616736412048,
2,78,0,0.1707324981689453,
2,79,0,0.9628667831420898,
2,80,0,0.4974955916404724,
2,81,0,0.8186097741127014,
2,82,0,0.0548359751701355,
2,83,0,0.9309448599815369,
2,84,0,0.8665350675582886,
2,85,0,0.5297383666038513,
2,86,0,0.9742652177810669,
2,87,0,0.5921626091003418,
2,88,0,0.8214402794837952,
2,89,0,0.4893767833709717,
2,90,0,0.7547463774681091,
2,91,0,0.8455519080162048,
2,92,0,0.8455223441123962,
2,93,0,0.8253072500228882,
2,94,0,0.4954093098640442,
2,95,0,0.9519185423851013,
2,96,0,0.2946738600730896,
2,97,0,0.8413115739822388,
2,98,0,0.6192671656608582,
2,99,0,0.9336572885513306,
2,100,0,0.7627372145652771,
2,101,0,0.6817891597747803,
2,102,0,0.9239981174468994,
2,103,0,0.8473702669143677,
2,104,0,0.8335135579109192,
2,105,0,0.3636241555213928,
2,106,0,0.9538823962211609,
2,107,0,0.8237078785896301,
2,108,0,0.6478464007377625,
2,109,0,0.8190672993659973,
2,110,0,0.9881073236465454,
2,111,0,0.830665111541748,
2,112,0,0.8332860469818115,
2,113,0,0.43677669763565063,
2,114,0,0.27187156677246094,
2,115,0,0.9792563915252686,
2,116,0,0.8284008502960205,
2,117,0,0.397180438041687,
2,118,0,0.8196720480918884,
2,119,0,0.3398659825325012,
2,120,0,0.8251657485961914,
2,121,0,0.8463382124900818,
2,122,0,0.7355777621269226,
2,123,0,0.06875401735305786,
2,124,0,0.44261425733566284,
2,125,0,0.7722225189208984,
2,126,0,0.9420040845870972,
2,127,0,0.824364185333252,
2,128,0,0.9042304158210754,
2,129,0,0.8389211893081665,
2,130,0,0.764101505279541,
2,131,0,0.9557943344116211,
2,132,0,0.851494550704956,
2,133,0,0.26552897691726685,
2,134,0,0.46461915969848633,
2,135,0,0.5168255567550659,
2,136,0,0.05812835693359375,
2,137,0,0.135911762714386,
2,138,0,0.2741604447364807,
2,139,0,0.5139819383621216,
2,140,0,0.9450233578681946,
2,141,0,0.8369194865226746,
2,142,0,0.9452494978904724,
2,143,0,0.7926660180091858,
2,144,0,0.8146862387657166,
2,145,0,0.2301592230796814,
2,146,0,0.7179279327392578,
2,147,0,0.25280171632766724,
2,148,0,0.7955740094184875,
2,149,0,0.7951710224151611,
2,150,0,0.8151737451553345,
2,151,0,0.8960525989532471,
2,152,0,0.7528277635574341,
2,153,0,0.8269805908203125,
2,154,0,0.8276703953742981,
2,155,0,0.7403906583786011,
2,156,0,0.05232048034667969,
2,157,0,0.6384154558181763,
2,158,0,0.7840077877044678,
2,159,0,0.8070678114891052,
2,160,0,0.36695510149002075,
2,161,0,0.061367571353912354,
2,162,0,0.8295032382011414,
2,163,0,0.29264169931411743,
2,164,0,0.40538787841796875,
2,165,0,0.7299603819847107,
2,166,0,0.2617430090904236,
2,167,0,1.0109044313430786,
2,168,0,0.8407115936279297,
2,169,0,0.15168482065200806,
2,170,0,0.8826375603675842,
2,171,0,0.75450599193573,
2,172,0,0.7516481280326843,
2,173,0,0.652961254119873,
2,174,0,0.7605187892913818,
2,175,0,0.43560701608657837,
2,176,0,0.771825909614563,
2,177,0,0.3155711889266968,
2,178,0,0.8327323794364929,
2,179,0,0.3578956723213196,
2,180,0,0.8173480033874512,
2,181,0,0.814399003982544,
2,182,0,0.3325495719909668,
2,183,0,0.1776026487350464,
2,184,0,0.7872706055641174,
2,185,0,0.7536873817443848,
2,186,0,0.3091413378715515,
2,187,0,0.7962679266929626,
2,188,0,0.7773405313491821,
2,189,0,0.2769485116004944,
2,190,0,0.06689584255218506,
2,191,0,0.45610511302948,
2,192,0,0.7605522274971008,
2,193,0,0.746610701084137,
2,194,0,0.7427457571029663,
2,195,0,0.838305652141571,
2,196,0,0.7522130012512207,
2,197,0,0.19690454006195068,
2,198,0,0.819523811340332,
2,199,0,0.26789528131484985,
2,200,0,0.8418774604797363,
2,201,0,0.052547335624694824,
2,202,0,0.297274112701416,
2,203,0,0.8411694169044495,
2,204,0,0.34467291831970215,
2,205,0,0.24282598495483398,
2,206,0,0.3666737675666809,
2,207,0,0.15482169389724731,
2,208,0,0.4983674883842468,
2,209,0,0.7888169884681702,
2,210,0,0.32603347301483154,
2,211,0,0.8295031189918518,
2,212,0,0.5032047033309937,
2,213,0,0.8218199014663696,
2,214,0,0.8366693258285522,
2,215,0,0.9740527272224426,
2,216,0,0.4794688820838928,
2,217,0,0.8264997005462646,
2,218,0,0.9965656995773315,
2,219,0,0.7459456920623779,
2,220,0,0.26409465074539185,
2,221,0,0.7575521469116211,
2,222,0,0.3254251480102539,
2,223,0,0.4872872233390808,
2,224,0,0.9402743577957153,
2,225,0,0.30138522386550903,
2,226,0,0.8181744813919067,
2,227,0,0.17519623041152954,
2,228,0,0.7517052888870239,
2,229,0,0.4510612487792969,
2,230,0,0.46633023023605347,
2,231,0,0.9314149022102356,
2,232,0,0.8434507846832275,
2,233,0,0.8294610977172852,
2,234,0,0.8145784735679626,
2,235,0,0.04588955640792847,
2,236,0,0.46157389879226685,
2,237,0,0.8303091526031494,
2,238,0,0.49892622232437134,
2,239,0,0.4127802848815918,
2,240,0,0.8178809881210327,
2,241,0,0.9310553073883057,
2,242,0,0.8204594850540161,
2,243,0,0.46198832988739014,
2,244,0,0.3128468990325928,
2,245,0,0.050934016704559326,
2,246,0,0.4361054301261902,
2,247,0,0.82615065574646,
2,248,0,0.4674748182296753,
2,249,0,0.8268176317214966,
2,250,0,0.1268852949142456,
2,251,0,0.8407649397850037,
2,252,0,0.7854219079017639,
2,253,0,0.7847479581832886,
2,254,0,0.043847620487213135,
2,255,0,0.7608665227890015,
2,256,0,0.5813319683074951,
2,257,0,0.8426285982131958,
2,258,0,0.9335891008377075,
2,259,0,0.8762347102165222,
2,260,0,0.5359747409820557,
2,261,0,0.7562563419342041,
2,262,0,0.9575946927070618,
2,263,0,0.7435649037361145,
2,264,0,0.30329835414886475,
2,265,0,0.9613082408905029,
2,266,0,0.8608443737030029,
2,267,0,0.8405063152313232,
2,268,0,0.3473866581916809,
2,269,0,0.4866989254951477,
2,270,0,0.6157357692718506,
2,271,0,0.8350098729133606,
2,272,0,0.3863672614097595,
2,273,0,0.8422343730926514,
2,274,0,0.8366354703903198,
2,275,0,0.16671037673950195,
2,276,0,0.81466144323349,
2,277,0,0.06582051515579224,
2,278,0,0.5462181568145752,
2,279,0,0.7547197937965393,
2,280,0,0.7982330322265625,
2,281,0,0.7985608577728271,
2,282,0,0.7642552256584167,
2,283,0,0.7720726132392883,
2,284,0,0.8562137484550476,
2,285,0,0.9531289339065552,
2,286,0,0.6661123037338257,
2,287,0,0.7456951141357422,
2,288,0,0.9378244876861572,
2,289,0,0.5613399744033813,
2,290,0,0.8321420550346375,
2,291,0,0.04953831434249878,
2,292,0,0.4181884527206421,
2,293,0,0.8404412865638733,
2,294,0,0.8353897333145142,
2,295,0,0.9830670356750488,
2,296,0,0.4852290749549866,
2,297,0,0.05249977111816406,
2,298,0,0.8553162813186646,
2,299,0,0.8153810501098633,
2,300,0,0.4423368573188782,
2,301,0,0.4491029977798462,
2,302,0,0.8348269462585449,
2,303,0,0.6155040264129639,
2,304,0,0.8365331888198853,
2,305,0,0.501878023147583,
2,306,0,0.24298501014709473,
2,307,0,0.831592321395874,
2,308,0,0.8359490036964417,
2,309,0,0.20420771837234497,
2,310,0,0.8248245120048523,
2,311,0,0.41631263494491577,
2,312,0,0.8231711387634277,
2,313,0,0.8193466067314148,
2,314,0,0.41721200942993164,
2,315,0,0.8892723321914673,
2,316,0,0.8323185443878174,
2,317,0,0.7086647748947144,
2,318,0,0.3436594009399414,
2,319,0,0.3341490626335144,
2,320,0,0.7537243366241455,
2,321,0,0.9327141046524048,
2,322,0,0.9622228145599365,
2,323,0,0.30418020486831665,
2,324,0,0.8395090699195862,
2,325,0,0.8052268028259277,
2,326,0,0.80607670545578,
2,327,0,0.7468630075454712,
2,328,0,0.7723734974861145,
2,329,0,0.785569965839386,
2,330,0,0.3792044520378113,
2,331,0,0.32839417457580566,
2,332,0,0.9543102979660034,
2,333,0,0.25939708948135376,
2,334,0,0.8873080015182495,
2,335,0,0.39320260286331177,
2,336,0,0.8262091875076294,
2,337,0,0.4771839380264282,
2,338,0,0.6566428542137146,
2,339,0,0.8122332692146301,
2,340,0,0.8408768177032471,
2,341,0,0.060771822929382324,
2,342,0,0.7687966823577881,
2,343,0,0.6323212385177612,
2,344,0,0.8251368999481201,
2,345,0,0.8240560293197632,
2,346,0,0.24854451417922974,
2,347,0,0.17444580793380737,
2,348,0,0.7644943594932556,
2,349,0,0.944300651550293,
2,350,0,0.8674787878990173,
2,351,0,0.7786803245544434,
2,352,0,0.8237930536270142,
2,353,0,0.8507833480834961,
2,354,0,0.655241847038269,
2,355,0,0.16727501153945923,
2,356,0,0.9454544186592102,
2,357,0,0.7908143997192383,
2,358,0,0.2092418074607849,
2,359,0,0.7831558585166931,
2,360,0,0.911899209022522,
2,361,0,0.8412293791770935,
2,362,0,0.26947808265686035,
2,363,0,0.31368815898895264,
2,364,0,0.7636749148368835,
2,365,0,0.9495682120323181,
2,366,0,0.9042112231254578,
2,367,0,0.833245038986206,
2,368,0,0.9074591398239136,
2,369,0,0.8195933699607849,
2,370,0,0.6485024094581604,
2,371,0,0.7547441124916077,
2,372,0,0.8218140602111816,
2,373,0,0.8983351588249207,
2,374,0,0.4316607117652893,
2,375,0,0.7975243330001831,
2,376,0,0.790442705154419,
2,377,0,0.3462122082710266,
2,378,0,0.4204486608505249,
2,379,0,0.8893704414367676,
2,380,0,0.3671836256980896,
2,381,0,0.32430410385131836,
2,382,0,0.3346737027168274,
2,383,0,0.8332000374794006,
2,384,0,0.36151063442230225,
2,385,0,0.3413543105125427,
2,386,0,0.2504934072494507,
2,387,0,0.44298869371414185,
2,388,0,0.058180809020996094,
2,389,0,0.7950364947319031,
2,390,0,0.7595853805541992,
2,391,0,0.7395230531692505,
2,392,0,0.694534957408905,
2,393,0,0.3181900978088379,
2,394,0,0.48874568939208984,
2,395,0,0.8188384175300598,
2,396,0,0.16262155771255493,
2,397,0,0.19080770015716553,
2,398,0,0.8075010776519775,
2,399,0,0.31498199701309204,
2,400,0,0.7660052180290222,
2,401,0,0.782262921333313,
2,402,0,0.8328214883804321,
2,403,0,0.8140902519226074,
2,404,0,0.3364904522895813,
2,405,0,0.0708688497543335,
2,406,0,0.7744852900505066,
2,407,0,0.8435739278793335,
2,408,0,0.8416877388954163,
2,409,0,0.7324557900428772,
2,410,0,0.8405264019966125,
2,411,0,0.31481432914733887,
2,412,0,0.8325963020324707,
2,413,0,0.07093638181686401,
2,414,0,0.7931407690048218,
2,415,0,0.6575471758842468,
2,416,0,0.8658564686775208,
2,417,0,0.061746418476104736,
2,418,0,0.54335618019104,
2,419,0,0.5083298683166504,
2,420,0,0.2758481502532959,
2,421,0,0.2730103135108948,
2,422,0,0.8647735118865967,
2,423,0,0.8355015516281128,
2,424,0,0.8893917798995972,
2,425,0,0.8172215223312378,
2,426,0,0.8238548040390015,
2,427,0,0.8065563440322876,
2,428,0,0.4977673888206482,
2,429,0,0.8199461698532104,
2,430,0,0.2761378884315491,
2,431,0,0.8053632974624634,
2,432,0,0.7930982112884521,
2,433,0,0.8272138237953186,
2,434,0,0.831407904624939,
2,435,0,0.8218615055084229,
2,436,0,0.6244951486587524,
2,437,0,0.057936251163482666,
2,438,0,0.7354146242141724,
2,439,0,0.23067176342010498,
2,440,0,0.8323648571968079,
2,441,0,0.7955803275108337,
2,442,0,0.8230748772621155,
2,443,0,0.8188493251800537,
2,444,0,0.7715902328491211,
2,445,0,0.8190333843231201,
2,446,0,0.7655661106109619,
2,447,0,0.3275442123413086,
2,448,0,0.06385713815689087,
2,449,0,0.8021945953369141,
2,450,0,0.7860747575759888,
2,451,0,0.2745695114135742,
2,452,0,0.8700291514396667,
2,453,0,0.3117789030075073,
2,454,0,0.45060592889785767,
2,455,0,0.5892637968063354,
2,456,0,0.7384309768676758,
2,457,0,0.6765451431274414,
2,458,0,0.5378768444061279,
2,459,0,0.891438364982605,
2,460,0,0.8201465010643005,
2,461,0,0.47278010845184326,
2,462,0,0.8114697933197021,
2,463,0,0.156829833984375,
2,464,0,0.6332225799560547,
2,465,0,0.7564606070518494,
2,466,0,0.04823261499404907,
2,467,0,0.8173788785934448,
2,468,0,0.6618046164512634,
2,469,0,0.8065624237060547,
2,470,0,0.36013728380203247,
2,471,0,0.06790322065353394,
2,472,0,0.8380608558654785,
2,473,0,0.8390815258026123,
2,474,0,0.06393134593963623,
2,475,0,0.8228139281272888,
2,476,0,0.48512113094329834,
2,477,0,0.8938156366348267,
2,478,0,0.5395383834838867,
2,479,0,0.5006494522094727,
2,480,0,0.6773694753646851,
2,481,0,0.17589932680130005,
2,482,0,0.8476172685623169,
2,483,0,0.833810031414032,
2,484,0,0.835332989692688,
2,485,0,0.447415828704834,
2,486,0,0.7351168990135193,
2,487,0,0.356161892414093,
2,488,0,0.7593804001808167,
2,489,0,0.8333240747451782,
2,490,0,0.7775589227676392,
2,491,0,0.8248635530471802,
2,492,0,0.6710295081138611,
2,493,0,0.7641642093658447,
2,494,0,0.06273394823074341,
2,495,0,0.37817203998565674,
2,496,0,0.30006152391433716,
2,497,0,0.7814528346061707,
2,498,0,0.4558272361755371,
2,499,0,0.8436269760131836,
2,500,0,0.8298003077507019,
2,501,0,0.7713670134544373,
2,502,0,0.8330002427101135,
2,503,0,0.21265345811843872,
2,504,0,0.7669088840484619,
2,505,0,0.47779399156570435,
2,506,0,0.7705256342887878,
2,507,0,0.2820848226547241,
2,508,0,0.843488872051239,
2,509,0,0.837149977684021,
2,510,0,0.8744673728942871,
2,511,0,0.7909646034240723,
2,512,0,0.2612876892089844,
2,513,0,0.7347864508628845,
2,514,0,0.8233782649040222,
2,515,0,0.8129779696464539,
2,516,0,0.7502849698066711,
2,517,0,0.4142199158668518,
2,518,0,0.26215076446533203,
2,519,0,0.3016464114189148,
2,520,0,0.8633904457092285,
2,521,0,0.8656166791915894,
2,522,0,0.38302528858184814,
2,523,0,0.8586161136627197,
2,524,0,0.757867693901062,
2,525,0,0.061793506145477295,
2,526,0,0.3371043801307678,
2,527,0,0.8349407911300659,
2,528,0,0.06221216917037964,
2,529,0,0.847091019153595,
2,530,0,0.8204306960105896,
2,531,0,0.8449807167053223,
2,532,0,0.8047884106636047,
2,533,0,0.8312693238258362,
2,534,0,0.38764846324920654,
2,535,0,0.8601115942001343,
2,536,0,0.8055281639099121,
2,537,0,0.2913193106651306,
2,538,0,0.8287361860275269,
2,539,0,0.8315523862838745,
2,540,0,0.7789545655250549,
2,541,0,0.43858128786087036,
2,542,0,0.345755398273468,
2,543,0,0.8453081846237183,
2,544,0,0.08292216062545776,
2,545,0,0.41748034954071045,
2,546,0,0.46175843477249146,
2,547,0,0.06802690029144287,
2,548,0,0.7849939465522766,
2,549,0,0.3444734215736389,
2,550,0,0.8321634531021118,
2,551,0,0.841823160648346,
2,552,0,0.7325407266616821,
2,553,0,0.4542585015296936,
2,554,0,0.6732758283615112,
2,555,0,0.27408820390701294,
2,556,0,0.7874948382377625,
2,557,0,0.8852890729904175,
2,558,0,0.40066516399383545,
2,559,0,0.6680883765220642,
2,560,0,0.7909623384475708,
2,561,0,0.8540998101234436,
2,562,0,0.17501121759414673,
2,563,0,0.8730683922767639,
2,564,0,0.49419552087783813,
2,565,0,0.37622523307800293,
2,566,0,0.38634878396987915,
2,567,0,0.8523485064506531,
2,568,0,0.2215626835823059,
2,569,0,0.8437890410423279,
2,570,0,0.649760365486145,
2,571,0,0.6193076372146606,
2,572,0,0.34823817014694214,
2,573,0,0.8846327662467957,
2,574,0,0.3385772705078125,
2,575,0,0.30063295364379883,
2,576,0,0.8013373613357544,
2,577,0,0.3080834150314331,
2,578,0,0.32069289684295654,
2,579,0,0.8039184808731079,
2,580,0,0.30708348751068115,
2,581,0,0.41537970304489136,
2,582,0,0.8552001714706421,
2,583,0,0.7825944423675537,
2,584,0,0.46627479791641235,
2,585,0,0.8181915283203125,
2,586,0,0.8309663534164429,
2,587,0,0.608256459236145,
2,588,0,0.24117028713226318,
2,589,0,0.7441914081573486,
2,590,0,0.8331711292266846,
2,591,0,0.2744590640068054,
2,592,0,0.8138341307640076,
2,593,0,0.834708571434021,
2,594,0,0.8247503638267517,
2,595,0,0.7538537383079529,
2,596,0,0.46177178621292114,
2,597,0,0.17049121856689453,
2,598,0,0.3385441303253174,
2,599,0,0.36154210567474365,
2,600,0,0.7753080725669861,
2,601,0,0.4309239387512207,
2,602,0,0.19197988510131836,
2,603,0,0.3213678002357483,
2,604,0,0.7510160803794861,
2,605,0,0.8043209314346313,
2,606,0,0.32078343629837036,
2,607,0,0.7780864834785461,
2,608,0,0.7354930639266968,
2,609,0,0.8475168943405151,
2,610,0,0.837417721748352,
2,611,0,0.8548425436019897,
2,612,0,0.6851682662963867,
2,613,0,0.7749971747398376,
2,614,0,0.8323501348495483,
2,615,0,0.4241521954536438,
2,616,0,0.8635656237602234,
2,617,0,0.34384143352508545,
2,618,0,0.18030929565429688,
2,619,0,0.4336753487586975,
2,620,0,0.8388976454734802,
2,621,0,0.449245810508728,
2,622,0,0.7928183078765869,
2,623,0,0.4517372250556946,
2,624,0,0.3556228280067444,
2,625,0,0.8484793901443481,
2,626,0,0.8493665456771851,
2,627,0,0.8141932487487793,
2,628,0,0.8493688702583313,
2,629,0,0.49205929040908813,
2,630,0,0.06614494323730469,
2,631,0,0.18286073207855225,
2,632,0,0.817741870880127,
2,633,0,0.7561594247817993,
2,634,0,0.8661418557167053,
2,635,0,0.49147385358810425,
2,636,0,0.8120019435882568,
2,637,0,0.7200838327407837,
2,638,0,0.8812860250473022,
2,639,0,0.7648310661315918,
2,640,0,0.16146832704544067,
2,641,0,0.7848915457725525,
2,642,0,0.7827423214912415,
2,643,0,0.4457564949989319,
2,644,0,0.42709070444107056,
2,645,0,0.832078218460083,
2,646,0,0.8391622304916382,
2,647,0,0.787217378616333,
2,648,0,0.8198056817054749,
2,649,0,0.04880005121231079,
2,650,0,0.7747699022293091,
2,651,0,0.45948320627212524,
2,652,0,0.7202512621879578,
2,653,0,0.6216243505477905,
2,654,0,0.7721240520477295,
2,655,0,0.2921128273010254,
2,656,0,0.2692638039588928,
2,657,0,0.39361315965652466,
2,658,0,0.7615262866020203,
2,659,0,0.05424076318740845,
2,660,0,0.8475046157836914,
2,661,0,0.7754537463188171,
2,662,0,0.8504432439804077,
2,663,0,0.7405133247375488,
2,664,0,0.843127965927124,
2,665,0,0.4449461102485657,
2,666,0,0.058155596256256104,
2,667,0,0.8271738290786743,
2,668,0,0.3114805221557617,
2,669,0,0.4703451991081238,
2,670,0,0.3958767056465149,
2,671,0,0.7676955461502075,
2,672,0,0.1821170449256897,
2,673,0,0.29945069551467896,
2,674,0,0.4266875982284546,
2,675,0,0.7695028185844421,
2,676,0,0.17170274257659912,
2,677,0,0.6283018589019775,
2,678,0,0.8682863712310791,
2,679,0,0.8096559643745422,
2,680,0,0.06382548809051514,
2,681,0,0.8707523345947266,
2,682,0,0.34317004680633545,
2,683,0,0.364005446434021,
2,684,0,0.8635036945343018,
2,685,0,0.8214272856712341,
2,686,0,0.8204020261764526,
2,687,0,0.64323890209198,
2,688,0,0.29644185304641724,
2,689,0,0.7715283632278442,
2,690,0,0.8388426899909973,
2,691,0,0.16633516550064087,
2,692,0,0.3706270456314087,
2,693,0,0.7134802937507629,
2,694,0,0.7711135745048523,
2,695,0,0.7702550292015076,
2,696,0,0.20078498125076294,
2,697,0,0.760875940322876,
2,698,0,0.8448225259780884,
2,699,0,0.46745043992996216,
2,700,0,0.2828264832496643,
2,701,0,0.8436514735221863,
2,702,0,0.7934781312942505,
2,703,0,0.8435896635055542,
2,704,0,0.181340754032135,
2,705,0,0.05788785219192505,
2,706,0,0.8427660465240479,
2,707,0,0.8164704442024231,
2,708,0,0.8732426762580872,
2,709,0,0.7564170360565186,
2,710,0,0.42040330171585083,
2,711,0,0.36645811796188354,
2,712,0,0.3082188367843628,
2,713,0,0.4317302107810974,
2,714,0,0.8464545011520386,
2,715,0,0.45736414194107056,
2,716,0,0.7654892206192017,
2,717,0,0.6888319253921509,
2,718,0,0.8349608182907104,
2,719,0,0.8336856961250305,
2,720,0,0.7968759536743164,
2,721,0,0.7984973192214966,
2,722,0,0.7979615926742554,
2,723,0,0.1978093981742859,
2,724,0,0.7465051412582397,
2,725,0,0.20716029405593872,
2,726,0,0.8237670660018921,
2,727,0,0.8088024854660034,
2,728,0,0.21208840608596802,
2,729,0,0.46712762117385864,
2,730,0,0.4026014804840088,
2,731,0,0.825120747089386,
2,732,0,0.8225561380386353,
2,733,0,0.42943626642227173,
2,734,0,0.81364905834198,
2,735,0,0.3307863473892212,
2,736,0,0.7572606801986694,
2,737,0,0.849466860294342,
2,738,0,0.8228063583374023,
2,739,0,0.637749195098877,
2,740,0,0.31312763690948486,
2,741,0,0.7036941051483154,
2,742,0,0.829358696937561,
2,743,0,0.8472685813903809,
2,744,0,0.8415220975875854,
2,745,0,0.3140144348144531,
2,746,0,0.7431576251983643,
2,747,0,0.8806444406509399,
2,748,0,0.7494285106658936,
2,749,0,0.8292451500892639,
2,750,0,0.8345735669136047,
2,751,0,0.8309168815612793,
2,752,0,0.7802747488021851,
2,753,0,0.4817551374435425,
2,754,0,0.7574752569198608,
2,755,0,0.846786618232727,
2,756,0,0.8312909007072449,
2,757,0,0.8396601676940918,
2,758,0,0.7235375642776489,
2,759,0,0.0557289719581604,
2,760,0,0.45883405208587646,
2,761,0,0.7536500692367554,
2,762,0,0.780828595161438,
2,763,0,0.35279130935668945,
2,764,0,0.3263246417045593,
2,765,0,0.8045592308044434,
2,766,0,0.17829740047454834,
2,767,0,0.7532463669776917,
2,768,0,0.8286129832267761,
2,769,0,0.20743519067764282,
2,770,0,0.7953401207923889,
2,771,0,0.7418140172958374,
2,772,0,0.820874035358429,
2,773,0,0.21208560466766357,
2,774,0,0.8602085709571838,
2,775,0,0.8153897523880005,
2,776,0,0.2801676392555237,
2,777,0,0.8522675633430481,
2,778,0,0.4450223445892334,
2,779,0,0.8395907878875732,
2,780,0,0.7718441486358643,
2,781,0,0.8309173583984375,
2,782,0,0.4261217713356018,
2,783,0,0.8122679591178894,
2,784,0,0.42546671628952026,
2,785,0,0.05058324337005615,
2,786,0,0.5081557035446167,
2,787,0,0.2815055847167969,
2,788,0,0.8591772317886353,
2,789,0,0.3458922505378723,
2,790,0,0.7908791303634644,
2,791,0,0.4857174754142761,
2,792,0,0.36811625957489014,
2,793,0,0.8166821599006653,
2,794,0,0.8339117169380188,
2,795,0,0.2929334044456482,
2,796,0,0.8287042379379272,
2,797,0,0.06432396173477173,
2,798,0,0.4734066128730774,
2,799,0,0.8337488174438477,
2,val,,,0.5948255169391632
3,0,0,0.41428595781326294,
3,1,0,0.8261946439743042,
3,2,0,0.6704130172729492,
3,3,0,0.8749334216117859,
3,4,0,0.41877418756484985,
3,5,0,0.7742308974266052,
3,6,0,0.1740909218788147,
3,7,0,0.4844691753387451,
3,8,0,0.25377357006073,
3,9,0,0.8220071792602539,
3,10,0,0.06837844848632812,
3,11,0,0.8605846762657166,
3,12,0,0.8322936296463013,
3,13,0,0.8224071860313416,
3,14,0,0.7495999336242676,
3,15,0,0.8141949772834778,
3,16,0,0.5256609916687012,
3,17,0,0.40354931354522705,
3,18,0,0.8127334117889404,
3,19,0,0.8524447679519653,
3,20,0,0.7474620938301086,
3,21,0,0.49254119396209717,
3,22,0,0.2881292700767517,
3,23,0,0.6960849761962891,
3,24,0,0.8232933282852173,
3,25,0,0.7345334887504578,
3,26,0,0.8383731245994568,
3,27,0,0.395221471786499,
3,28,0,0.2897496819496155,
3,29,0,0.4698294401168823,
3,30,0,0.8295705914497375,
3,31,0,0.8271180987358093,
3,32,0,0.4577327370643616,
3,33,0,0.7513846158981323,
3,34,0,0.827913761138916,
3,35,0,0.2824594974517822,
3,36,0,0.4333367943763733,
3,37,0,0.8268446922302246,
3,38,0,0.20017963647842407,
3,39,0,0.8430219888687134,
3,40,0,0.16776883602142334,
3,41,0,0.6459825038909912,
3,42,0,0.47187429666519165,
3,43,0,0.05477172136306763,
3,44,0,0.7456643581390381,
3,45,0,0.47278380393981934,
3,46,0,0.05231267213821411,
3,47,0,0.05279809236526489,
3,48,0,0.8384103178977966,
3,49,0,0.320936918258667,
3,50,0,0.8422737717628479,
3,51,0,0.4102916121482849,
3,52,0,0.43929576873779297,
3,53,0,0.05393475294113159,
3,54,0,0.8444470167160034,
3,55,0,0.45499974489212036,
3,56,0,0.7908795475959778,
3,57,0,0.5014435052871704,
3,58,0,0.8932427167892456,
3,59,0,0.3668941855430603,
3,60,0,0.43501418828964233,
3,61,0,0.620835542678833,
3,62,0,0.8261945843696594,
3,63,0,0.2776859402656555,
3,64,0,0.2667052745819092,
3,65,0,0.7765834927558899,
3,66,0,0.7451385259628296,
3,67,0,0.45270103216171265,
3,68,0,0.8586320877075195,
3,69,0,0.4705654978752136,
3,70,0,0.5132904052734375,
3,71,0,0.6362642049789429,
3,72,0,0.6706162691116333,
3,73,0,0.8144612908363342,
3,74,0,0.8169571161270142,
3,75,0,0.6614503264427185,
3,76,0,0.8081668615341187,
3,77,0,0.7362445592880249,
3,78,0,0.1703539490699768,
3,79,0,0.8338788747787476,
3,80,0,0.4909851551055908,
3,81,0,0.8154375553131104,
3,82,0,0.05530136823654175,
3,83,0,0.8351790904998779,
3,84,0,0.826642632484436,
3,85,0,0.5246284008026123,
3,86,0,0.841978132724762,
3,87,0,0.5906541347503662,
3,88,0,0.8196101188659668,
3,89,0,0.49080318212509155,
3,90,0,0.7456499338150024,
3,91,0,0.8245226740837097,
3,92,0,0.8543041944503784,
3,93,0,0.8275758028030396,
3,94,0,0.49457526206970215,
3,95,0,0.8621008992195129,
3,96,0,0.28740864992141724,
3,97,0,0.8477104902267456,
3,98,0,0.6286280751228333,
3,99,0,0.8469632863998413,
3,100,0,0.7581033706665039,
3,101,0,0.6823177337646484,
3,102,0,0.8446086645126343,
3,103,0,0.7912531495094299,
3,104,0,0.8408458232879639,
3,105,0,0.358181893825531,
3,106,0,0.8517827391624451,
3,107,0,0.8254328370094299,
3,108,0,0.6448601484298706,
3,109,0,0.8227577805519104,
3,110,0,0.8714041709899902,
3,111,0,0.82628333568573,
3,112,0,0.838375985622406,
3,113,0,0.437533438205719,
3,114,0,0.26898300647735596,
3,115,0,0.8474570512771606,
3,116,0,0.82377690076828,
3,117,0,0.379213809967041,
3,118,0,0.8150557279586792,
3,119,0,0.3410743474960327,
3,120,0,0.8304985761642456,
3,121,0,0.8485481142997742,
3,122,0,0.7323501110076904,
3,123,0,0.07025796175003052,
3,124,0,0.430671751499176,
3,125,0,0.7631546854972839,
3,126,0,0.8491320013999939,
3,127,0,0.8284447193145752,
3,128,0,0.8328975439071655,
3,129,0,0.8428741097450256,
3,130,0,0.7279541492462158,
3,131,0,0.8592255115509033,
3,132,0,0.7913576364517212,
3,133,0,0.2598400115966797,
3,134,0,0.4421665072441101,
3,135,0,0.49292999505996704,
3,136,0,0.05954587459564209,
3,137,0,0.13829630613327026,
3,138,0,0.26694154739379883,
3,139,0,0.4881444573402405,
3,140,0,0.833885908126831,
3,141,0,0.787251353263855,
3,142,0,0.8523781895637512,
3,143,0,0.8002235293388367,
3,144,0,0.8180314302444458,
3,145,0,0.22734075784683228,
3,146,0,0.6970443725585938,
3,147,0,0.24681192636489868,
3,148,0,0.8048334717750549,
3,149,0,0.7910507917404175,
3,150,0,0.8113675117492676,
3,151,0,0.841189980506897,
3,152,0,0.7391043901443481,
3,153,0,0.8279285430908203,
3,154,0,0.8318737745285034,
3,155,0,0.7234896421432495,
3,156,0,0.053898394107818604,
3,157,0,0.637109637260437,
3,158,0,0.7792055010795593,
3,159,0,0.8072558045387268,
3,160,0,0.3780837059020996,
3,161,0,0.11150491237640381,
3,162,0,0.8381878137588501,
3,163,0,0.28786295652389526,
3,164,0,0.40626221895217896,
3,165,0,0.7257881164550781,
3,166,0,0.2562112808227539,
3,167,0,0.8512862324714661,
3,168,0,0.8469155430793762,
3,169,0,0.15591102838516235,
3,170,0,0.7883575558662415,
3,171,0,0.7454959154129028,
3,172,0,0.7412886619567871,
3,173,0,0.6494836807250977,
3,174,0,0.755325198173523,
3,175,0,0.42321425676345825,
3,176,0,0.7691922783851624,
3,177,0,0.31763750314712524,
3,178,0,0.8352908492088318,
3,179,0,0.3542165756225586,
3,180,0,0.8272863626480103,
3,181,0,0.8207131624221802,
3,182,0,0.33334267139434814,
3,183,0,0.17977482080459595,
3,184,0,0.7917104959487915,
3,185,0,0.7461644411087036,
3,186,0,0.3203272223472595,
3,187,0,0.7456655502319336,
3,188,0,0.7451096773147583,
3,189,0,0.27352744340896606,
3,190,0,0.07136374711990356,
3,191,0,0.45976150035858154,
3,192,0,0.7747260928153992,
3,193,0,0.7444524168968201,
3,194,0,0.7432805299758911,
3,195,0,0.8518105745315552,
3,196,0,0.7512837648391724,
3,197,0,0.19715195894241333,
3,198,0,0.8090870976448059,
3,199,0,0.2603527307510376,
3,200,0,0.7868679761886597,
3,201,0,0.05269956588745117,
3,202,0,0.29718077182769775,
3,203,0,0.8432489633560181,
3,204,0,0.34581857919692993,
3,205,0,0.26006507873535156,
3,206,0,0.36019831895828247,
3,207,0,0.15644603967666626,
3,208,0,0.49248093366622925,
3,209,0,0.7909131050109863,
3,210,0,0.31937921047210693,
3,211,0,0.8292741179466248,
3,212,0,0.4978352189064026,
3,213,0,0.8154804706573486,
3,214,0,0.8412185311317444,
3,215,0,0.8644142150878906,
3,216,0,0.46199899911880493,
3,217,0,0.8282631635665894,
3,218,0,0.8861146569252014,
3,219,0,0.7335724830627441,
3,220,0,0.2646964192390442,
3,221,0,0.7478491067886353,
3,222,0,0.3247378468513489,
3,223,0,0.4877433776855469,
3,224,0,0.8454049229621887,
3,225,0,0.30149906873703003,
3,226,0,0.8169645071029663,
3,227,0,0.17507487535476685,
3,228,0,0.7190390825271606,
3,229,0,0.431763231754303,
3,230,0,0.4671655297279358,
3,231,0,0.8406131863594055,
3,232,0,0.8524776697158813,
3,233,0,0.8425719141960144,
3,234,0,0.821599006652832,
3,235,0,0.04684501886367798,
3,236,0,0.44892418384552,
3,237,0,0.8345270156860352,
3,238,0,0.4769858121871948,
3,239,0,0.44142842292785645,
3,240,0,0.8185533881187439,
3,241,0,0.8370286226272583,
3,242,0,0.8246648907661438,
3,243,0,0.4474911689758301,
3,244,0,0.31617188453674316,
3,245,0,0.05216461420059204,
3,246,0,0.43739014863967896,
3,247,0,0.8363916873931885,
3,248,0,0.4639912247657776,
3,249,0,0.8314064741134644,
3,250,0,0.12924033403396606,
3,251,0,0.8445802927017212,
3,252,0,0.7915585041046143,
3,253,0,0.7946564555168152,
3,254,0,0.048739612102508545,
3,255,0,0.7565041780471802,
3,256,0,0.5809144973754883,
3,257,0,0.8461526036262512,
3,258,0,0.848871648311615,
3,259,0,0.8664862513542175,
3,260,0,0.5245408415794373,
3,261,0,0.7509557008743286,
3,262,0,0.8468995094299316,
3,263,0,0.7354385852813721,
3,264,0,0.3064104914665222,
3,265,0,0.8603298664093018,
3,266,0,0.8350727558135986,
3,267,0,0.8417146801948547,
3,268,0,0.34692126512527466,
3,269,0,0.48199355602264404,
3,270,0,0.6141026616096497,
3,271,0,0.81501704454422,
3,272,0,0.385808527469635,
3,273,0,0.8514238595962524,
3,274,0,0.8237872123718262,
3,275,0,0.1669759750366211,
3,276,0,0.8153095841407776,
3,277,0,0.0664830207824707,
3,278,0,0.5658556818962097,
3,279,0,0.7447137236595154,
3,280,0,0.7906774878501892,
3,281,0,0.7946022748947144,
3,282,0,0.7580639123916626,
3,283,0,0.7603258490562439,
3,284,0,0.8509851694107056,
3,285,0,0.8597548007965088,
3,286,0,0.6651213765144348,
3,287,0,0.7329736948013306,
3,288,0,0.8432843089103699,
3,289,0,0.5383826494216919,
3,290,0,0.8300551176071167,
3,291,0,0.05007272958755493,
3,292,0,0.39845049381256104,
3,293,0,0.844005286693573,
3,294,0,0.8384697437286377,
3,295,0,0.8524354100227356,
3,296,0,0.48452693223953247,
3,297,0,0.05392646789550781,
3,298,0,0.8569673895835876,
3,299,0,0.8147178292274475,
3,300,0,0.44109565019607544,
3,301,0,0.4268200993537903,
3,302,0,0.8386733531951904,
3,303,0,0.6124227046966553,
3,304,0,0.840373158454895,
3,305,0,0.4807019829750061,
3,306,0,0.24373012781143188,
3,307,0,0.8342941999435425,
3,308,0,0.8396853804588318,
3,309,0,0.21507710218429565,
3,310,0,0.82105553150177,
3,311,0,0.398057758808136,
3,312,0,0.8241825699806213,
3,313,0,0.8197107911109924,
3,314,0,0.41912782192230225,
3,315,0,0.8217811584472656,
3,316,0,0.836738109588623,
3,317,0,0.7165712118148804,
3,318,0,0.3749270439147949,
3,319,0,0.32920604944229126,
3,320,0,0.7499909400939941,
3,321,0,0.8565908074378967,
3,322,0,0.8494634628295898,
3,323,0,0.30523043870925903,
3,324,0,0.8484896421432495,
3,325,0,0.8094270825386047,
3,326,0,0.8100928664207458,
3,327,0,0.7382649183273315,
3,328,0,0.7322943210601807,
3,329,0,0.7800828218460083,
3,330,0,0.38507896661758423,
3,331,0,0.35187631845474243,
3,332,0,0.8490246534347534,
3,333,0,0.2614138722419739,
3,334,0,0.8156614303588867,
3,335,0,0.39406919479370117,
3,336,0,0.829677164554596,
3,337,0,0.46795374155044556,
3,338,0,0.657162070274353,
3,339,0,0.8055037260055542,
3,340,0,0.8444611430168152,
3,341,0,0.06143045425415039,
3,342,0,0.756188154220581,
3,343,0,0.6295897960662842,
3,344,0,0.8262838125228882,
3,345,0,0.8257935643196106,
3,346,0,0.24718433618545532,
3,347,0,0.1807911992073059,
3,348,0,0.7608851194381714,
3,349,0,0.8515900373458862,
3,350,0,0.8050851821899414,
3,351,0,0.7778685092926025,
3,352,0,0.8310896158218384,
3,353,0,0.8342283368110657,
3,354,0,0.669089674949646,
3,355,0,0.1673780083656311,
3,356,0,0.8423229455947876,
3,357,0,0.7477550506591797,
3,358,0,0.20908194780349731,
3,359,0,0.783401608467102,
3,360,0,0.852786660194397,
3,361,0,0.8452973365783691,
3,362,0,0.26003193855285645,
3,363,0,0.31249409914016724,
3,364,0,0.7543555498123169,
3,365,0,0.8767718076705933,
3,366,0,0.8463646769523621,
3,367,0,0.83482426404953,
3,368,0,0.8272231221199036,
3,369,0,0.8128533363342285,
3,370,0,0.6334147453308105,
3,371,0,0.7374557256698608,
3,372,0,0.8162031769752502,
3,373,0,0.8417186737060547,
3,374,0,0.4335355758666992,
3,375,0,0.765998125076294,
3,376,0,0.778817355632782,
3,377,0,0.3462871313095093,
3,378,0,0.42040711641311646,
3,379,0,0.8540883660316467,
3,380,0,0.36741089820861816,
3,381,0,0.3234211802482605,
3,382,0,0.33082902431488037,
3,383,0,0.8392350077629089,
3,384,0,0.36494845151901245,
3,385,0,0.3395335078239441,
3,386,0,0.24532681703567505,
3,387,0,0.4426780343055725,
3,388,0,0.06042325496673584,
3,389,0,0.7995481491088867,
3,390,0,0.7668737173080444,
3,391,0,0.7164117693901062,
3,392,0,0.6942358016967773,
3,393,0,0.3152323365211487,
3,394,0,0.4904155731201172,
3,395,0,0.8208231329917908,
3,396,0,0.16231995820999146,
3,397,0,0.18949365615844727,
3,398,0,0.8026254177093506,
3,399,0,0.31147676706314087,
3,400,0,0.732648491859436,
3,401,0,0.7965334057807922,
3,402,0,0.8343835473060608,
3,403,0,0.8202497959136963,
3,404,0,0.3353170156478882,
3,405,0,0.06888550519943237,
3,406,0,0.7795308232307434,
3,407,0,0.8473960161209106,
3,408,0,0.8160161972045898,
3,409,0,0.7228734493255615,
3,410,0,0.8414172530174255,
3,411,0,0.3153805732727051,
3,412,0,0.8028837442398071,
3,413,0,0.07003098726272583,
3,414,0,0.7877751588821411,
3,415,0,0.6604044437408447,
3,416,0,0.8521427512168884,
3,417,0,0.061757564544677734,
3,418,0,0.5191823840141296,
3,419,0,0.49134737253189087,
3,420,0,0.2727211117744446,
3,421,0,0.26823145151138306,
3,422,0,0.8298245072364807,
3,423,0,0.8357531428337097,
3,424,0,0.8425891399383545,
3,425,0,0.8174633383750916,
3,426,0,0.820183277130127,
3,427,0,0.8064591884613037,
3,428,0,0.4741913676261902,
3,429,0,0.8203291296958923,
3,430,0,0.2692635655403137,
3,431,0,0.8025896549224854,
3,432,0,0.7609407901763916,
3,433,0,0.8262441158294678,
3,434,0,0.8301547765731812,
3,435,0,0.8179653882980347,
3,436,0,0.6179831027984619,
3,437,0,0.05459105968475342,
3,438,0,0.7229111194610596,
3,439,0,0.22454559803009033,
3,440,0,0.8364980220794678,
3,441,0,0.7940815091133118,
3,442,0,0.8237715363502502,
3,443,0,0.8182205557823181,
3,444,0,0.7628201842308044,
3,445,0,0.8205715417861938,
3,446,0,0.7590753436088562,
3,447,0,0.32312995195388794,
3,448,0,0.055039405822753906,
3,449,0,0.8027030229568481,
3,450,0,0.7809431552886963,
3,451,0,0.26613062620162964,
3,452,0,0.8308209776878357,
3,453,0,0.300320029258728,
3,454,0,0.4310663938522339,
3,455,0,0.5995306968688965,
3,456,0,0.728827953338623,
3,457,0,0.6743209362030029,
3,458,0,0.5224733352661133,
3,459,0,0.8400535583496094,
3,460,0,0.8223661780357361,
3,461,0,0.4705919027328491,
3,462,0,0.8089460134506226,
3,463,0,0.15487641096115112,
3,464,0,0.6302505731582642,
3,465,0,0.7474217414855957,
3,466,0,0.04852426052093506,
3,467,0,0.8171876072883606,
3,468,0,0.6539002656936646,
3,469,0,0.8075034618377686,
3,470,0,0.35366326570510864,
3,471,0,0.057098209857940674,
3,472,0,0.838381826877594,
3,473,0,0.8408983945846558,
3,474,0,0.05885779857635498,
3,475,0,0.8286693096160889,
3,476,0,0.4731524586677551,
3,477,0,0.8435803055763245,
3,478,0,0.5282020568847656,
3,479,0,0.49080467224121094,
3,480,0,0.6784112453460693,
3,481,0,0.17594319581985474,
3,482,0,0.8147315979003906,
3,483,0,0.8322479724884033,
3,484,0,0.835246741771698,
3,485,0,0.45734918117523193,
3,486,0,0.7255671620368958,
3,487,0,0.3512360453605652,
3,488,0,0.7542346119880676,
3,489,0,0.8346338272094727,
3,490,0,0.7710517048835754,
3,491,0,0.8242231011390686,
3,492,0,0.6686461567878723,
3,493,0,0.7641147971153259,
3,494,0,0.06065613031387329,
3,495,0,0.36756467819213867,
3,496,0,0.2938731908798218,
3,497,0,0.7782334089279175,
3,498,0,0.4557780623435974,
3,499,0,0.8455359935760498,
3,500,0,0.8176313638687134,
3,501,0,0.7706871032714844,
3,502,0,0.8342317342758179,
3,503,0,0.21272671222686768,
3,504,0,0.7620347142219543,
3,505,0,0.4769771695137024,
3,506,0,0.7663887739181519,
3,507,0,0.28312402963638306,
3,508,0,0.8450990915298462,
3,509,0,0.8399685621261597,
3,510,0,0.8496254682540894,
3,511,0,0.7836244702339172,
3,512,0,0.25812608003616333,
3,513,0,0.7314355969429016,
3,514,0,0.8111622929573059,
3,515,0,0.8116952180862427,
3,516,0,0.7490476369857788,
3,517,0,0.41262155771255493,
3,518,0,0.25160884857177734,
3,519,0,0.30095046758651733,
3,520,0,0.834151566028595,
3,521,0,0.8395017981529236,
3,522,0,0.3797086477279663,
3,523,0,0.8597832918167114,
3,524,0,0.7472398281097412,
3,525,0,0.054207682609558105,
3,526,0,0.3315470218658447,
3,527,0,0.8361396789550781,
3,528,0,0.05544930696487427,
3,529,0,0.8311876654624939,
3,530,0,0.8037087917327881,
3,531,0,0.847141683101654,
3,532,0,0.8017716407775879,
3,533,0,0.8297396898269653,
3,534,0,0.3835945725440979,
3,535,0,0.8440567851066589,
3,536,0,0.7959152460098267,
3,537,0,0.28685981035232544,
3,538,0,0.8291730284690857,
3,539,0,0.8127740025520325,
3,540,0,0.7876527905464172,
3,541,0,0.4349473714828491,
3,542,0,0.3402656316757202,
3,543,0,0.8464972972869873,
3,544,0,0.06338077783584595,
3,545,0,0.40667831897735596,
3,546,0,0.4603780508041382,
3,547,0,0.06437033414840698,
3,548,0,0.7793227434158325,
3,549,0,0.3275105953216553,
3,550,0,0.8345127105712891,
3,551,0,0.8439648151397705,
3,552,0,0.7254555225372314,
3,553,0,0.44588083028793335,
3,554,0,0.671488881111145,
3,555,0,0.27368927001953125,
3,556,0,0.7866926193237305,
3,557,0,0.8316167593002319,
3,558,0,0.4023531675338745,
3,559,0,0.6687129735946655,
3,560,0,0.7939487099647522,
3,561,0,0.8420180678367615,
3,562,0,0.17435437440872192,
3,563,0,0.8402203917503357,
3,564,0,0.48947542905807495,
3,565,0,0.3742905259132385,
3,566,0,0.37866073846817017,
3,567,0,0.8416337370872498,
3,568,0,0.22073835134506226,
3,569,0,0.8295784592628479,
3,570,0,0.6566891670227051,
3,571,0,0.6179296970367432,
3,572,0,0.33437633514404297,
3,573,0,0.8627356290817261,
3,574,0,0.3286692500114441,
3,575,0,0.299415647983551,
3,576,0,0.7973455190658569,
3,577,0,0.3050345778465271,
3,578,0,0.3207513689994812,
3,579,0,0.7930415272712708,
3,580,0,0.2954607605934143,
3,581,0,0.41332757472991943,
3,582,0,0.8406522870063782,
3,583,0,0.7721939086914062,
3,584,0,0.45290762186050415,
3,585,0,0.8170273303985596,
3,586,0,0.8316696882247925,
3,587,0,0.6085294485092163,
3,588,0,0.23915386199951172,
3,589,0,0.7313100099563599,
3,590,0,0.828237771987915,
3,591,0,0.26979202032089233,
3,592,0,0.8143188953399658,
3,593,0,0.834331750869751,
3,594,0,0.8229235410690308,
3,595,0,0.7482091188430786,
3,596,0,0.4448776841163635,
3,597,0,0.171347975730896,
3,598,0,0.3371269702911377,
3,599,0,0.3510173559188843,
3,600,0,0.7621638178825378,
3,601,0,0.4321433901786804,
3,602,0,0.19272619485855103,
3,603,0,0.3202436566352844,
3,604,0,0.7476516962051392,
3,605,0,0.804575502872467,
3,606,0,0.31161201000213623,
3,607,0,0.7678207159042358,
3,608,0,0.7095569968223572,
3,609,0,0.8432496190071106,
3,610,0,0.8415151238441467,
3,611,0,0.8523200750350952,
3,612,0,0.6794238090515137,
3,613,0,0.7647073268890381,
3,614,0,0.8347012996673584,
3,615,0,0.40200620889663696,
3,616,0,0.8596475720405579,
3,617,0,0.31361037492752075,
3,618,0,0.17559659481048584,
3,619,0,0.43210291862487793,
3,620,0,0.8386720418930054,
3,621,0,0.4538148045539856,
3,622,0,0.7888626456260681,
3,623,0,0.44891220331192017,
3,624,0,0.3468238115310669,
3,625,0,0.8524874448776245,
3,626,0,0.8291041851043701,
3,627,0,0.8203245401382446,
3,628,0,0.8524975776672363,
3,629,0,0.48630189895629883,
3,630,0,0.06627559661865234,
3,631,0,0.18234682083129883,
3,632,0,0.8164352178573608,
3,633,0,0.7388296127319336,
3,634,0,0.8463568687438965,
3,635,0,0.48270183801651,
3,636,0,0.811606228351593,
3,637,0,0.7109453082084656,
3,638,0,0.8450492024421692,
3,639,0,0.7594617009162903,
3,640,0,0.15986651182174683,
3,641,0,0.7823808789253235,
3,642,0,0.780387282371521,
3,643,0,0.4307512044906616,
3,644,0,0.4173409938812256,
3,645,0,0.8270798921585083,
3,646,0,0.8354083299636841,
3,647,0,0.7817775011062622,
3,648,0,0.8186712265014648,
3,649,0,0.049774169921875,
3,650,0,0.7689158320426941,
3,651,0,0.44821131229400635,
3,652,0,0.7121212482452393,
3,653,0,0.6067508459091187,
3,654,0,0.7668644189834595,
3,655,0,0.2662738561630249,
3,656,0,0.2637830376625061,
3,657,0,0.3929794430732727,
3,658,0,0.7511060833930969,
3,659,0,0.053798675537109375,
3,660,0,0.853007435798645,
3,661,0,0.756876528263092,
3,662,0,0.8293401598930359,
3,663,0,0.7374236583709717,
3,664,0,0.8451975584030151,
3,665,0,0.4362661838531494,
3,666,0,0.05970817804336548,
3,667,0,0.81108558177948,
3,668,0,0.30957716703414917,
3,669,0,0.4719560742378235,
3,670,0,0.39520859718322754,
3,671,0,0.7639760375022888,
3,672,0,0.1805899739265442,
3,673,0,0.2939722537994385,
3,674,0,0.41638773679733276,
3,675,0,0.762151837348938,
3,676,0,0.17171365022659302,
3,677,0,0.6254616379737854,
3,678,0,0.8541933298110962,
3,679,0,0.8083903789520264,
3,680,0,0.06194150447845459,
3,681,0,0.8430148363113403,
3,682,0,0.34029853343963623,
3,683,0,0.35987377166748047,
3,684,0,0.845619797706604,
3,685,0,0.8211907744407654,
3,686,0,0.8188667893409729,
3,687,0,0.6395485401153564,
3,688,0,0.2963750958442688,
3,689,0,0.7694764733314514,
3,690,0,0.8441864848136902,
3,691,0,0.16532403230667114,
3,692,0,0.3711097836494446,
3,693,0,0.7104501128196716,
3,694,0,0.7675119042396545,
3,695,0,0.7694351673126221,
3,696,0,0.19675177335739136,
3,697,0,0.7544893026351929,
3,698,0,0.8438356518745422,
3,699,0,0.4614107012748718,
3,700,0,0.27659207582473755,
3,701,0,0.840943455696106,
3,702,0,0.7915560007095337,
3,703,0,0.8400965929031372,
3,704,0,0.16776925325393677,
3,705,0,0.06007593870162964,
3,706,0,0.8475525975227356,
3,707,0,0.8166447877883911,
3,708,0,0.8446844816207886,
3,709,0,0.7565527558326721,
3,710,0,0.4163827896118164,
3,711,0,0.3598526120185852,
3,712,0,0.3078627586364746,
3,713,0,0.4278745651245117,
3,714,0,0.8349970579147339,
3,715,0,0.45427995920181274,
3,716,0,0.7668019533157349,
3,717,0,0.6817740201950073,
3,718,0,0.832112729549408,
3,719,0,0.8296884894371033,
3,720,0,0.795905351638794,
3,721,0,0.7929843068122864,
3,722,0,0.7930457592010498,
3,723,0,0.17650443315505981,
3,724,0,0.7381306886672974,
3,725,0,0.2056596279144287,
3,726,0,0.8287683725357056,
3,727,0,0.8101934194564819,
3,728,0,0.20084494352340698,
3,729,0,0.4612220525741577,
3,730,0,0.3927536606788635,
3,731,0,0.8287836313247681,
3,732,0,0.8189089894294739,
3,733,0,0.44008785486221313,
3,734,0,0.8119738698005676,
3,735,0,0.34041863679885864,
3,736,0,0.7549964189529419,
3,737,0,0.8273779153823853,
3,738,0,0.8220239281654358,
3,739,0,0.645209550857544,
3,740,0,0.31664448976516724,
3,741,0,0.71144700050354,
3,742,0,0.8326102495193481,
3,743,0,0.8539096117019653,
3,744,0,0.8153976798057556,
3,745,0,0.29972410202026367,
3,746,0,0.7434840202331543,
3,747,0,0.8659416437149048,
3,748,0,0.7391636967658997,
3,749,0,0.8291659951210022,
3,750,0,0.8179745078086853,
3,751,0,0.8300253748893738,
3,752,0,0.7704997062683105,
3,753,0,0.4784879684448242,
3,754,0,0.7530623078346252,
3,755,0,0.8454952239990234,
3,756,0,0.8291521668434143,
3,757,0,0.8403463363647461,
3,758,0,0.7182217836380005,
3,759,0,0.05533081293106079,
3,760,0,0.45448923110961914,
3,761,0,0.7508299946784973,
3,762,0,0.7780056595802307,
3,763,0,0.3484020233154297,
3,764,0,0.32375556230545044,
3,765,0,0.8048692345619202,
3,766,0,0.17717522382736206,
3,767,0,0.7528390288352966,
3,768,0,0.8301293849945068,
3,769,0,0.2066112756729126,
3,770,0,0.7925273776054382,
3,771,0,0.737488865852356,
3,772,0,0.8025468587875366,
3,773,0,0.2111303210258484,
3,774,0,0.8432784080505371,
3,775,0,0.8022710084915161,
3,776,0,0.2765582799911499,
3,777,0,0.8450478315353394,
3,778,0,0.44395530223846436,
3,779,0,0.8414232730865479,
3,780,0,0.7708812952041626,
3,781,0,0.832564115524292,
3,782,0,0.4279783368110657,
3,783,0,0.8147623538970947,
3,784,0,0.41456830501556396,
3,785,0,0.050659358501434326,
3,786,0,0.5010434985160828,
3,787,0,0.2710619568824768,
3,788,0,0.8534036874771118,
3,789,0,0.32539641857147217,
3,790,0,0.7819031476974487,
3,791,0,0.4829845428466797,
3,792,0,0.3656490445137024,
3,793,0,0.8059074282646179,
3,794,0,0.8385328054428101,
3,795,0,0.29262399673461914,
3,796,0,0.832301139831543,
3,797,0,0.06287133693695068,
3,798,0,0.46524620056152344,
3,799,0,0.8298617005348206,
3,val,,,0.5887262099981307
4,0,0,0.4078221321105957,
4,1,0,0.8177796602249146,
4,2,0,0.6761951446533203,
4,3,0,0.8591790199279785,
4,4,0,0.4160977005958557,
4,5,0,0.7671674489974976,
4,6,0,0.1756177544593811,
4,7,0,0.47771042585372925,
4,8,0,0.25522810220718384,
4,9,0,0.8205671310424805,
4,10,0,0.06760722398757935,
4,11,0,0.8442205190658569,
4,12,0,0.8332803249359131,
4,13,0,0.8282957077026367,
4,14,0,0.7507870197296143,
4,15,0,0.8174986839294434,
4,16,0,0.5189945101737976,
4,17,0,0.4023040533065796,
4,18,0,0.8145312666893005,
4,19,0,0.8551698923110962,
4,20,0,0.7431772947311401,
4,21,0,0.48984456062316895,
4,22,0,0.28640609979629517,
4,23,0,0.6917252540588379,
4,24,0,0.823505699634552,
4,25,0,0.7294921875,
4,26,0,0.83697909116745,
4,27,0,0.38983434438705444,
4,28,0,0.2887941002845764,
4,29,0,0.4635823369026184,
4,30,0,0.8307542204856873,
4,31,0,0.8100021481513977,
4,32,0,0.4527667760848999,
4,33,0,0.7485296726226807,
4,34,0,0.8162289261817932,
4,35,0,0.2798207402229309,
4,36,0,0.4272143840789795,
4,37,0,0.8267571926116943,
4,38,0,0.19777804613113403,
4,39,0,0.8431442975997925,
4,40,0,0.16607767343521118,
4,41,0,0.6463066339492798,
4,42,0,0.4687039256095886,
4,43,0,0.0426253080368042,
4,44,0,0.7492371797561646,
4,45,0,0.4736199975013733,
4,46,0,0.051565468311309814,
4,47,0,0.05084425210952759,
4,48,0,0.8413077592849731,
4,49,0,0.32007062435150146,
4,50,0,0.8403790593147278,
4,51,0,0.39589929580688477,
4,52,0,0.4360424876213074,
4,53,0,0.051477015018463135,
4,54,0,0.8515148162841797,
4,55,0,0.4533613324165344,
4,56,0,0.7953277826309204,
4,57,0,0.5018998384475708,
4,58,0,0.87923264503479,
4,59,0,0.3638766407966614,
4,60,0,0.4270809292793274,
4,61,0,0.6149867177009583,
4,62,0,0.8261157274246216,
4,63,0,0.2778177857398987,
4,64,0,0.2653898000717163,
4,65,0,0.7697049975395203,
4,66,0,0.7330362200737,
4,67,0,0.4496949315071106,
4,68,0,0.8363176584243774,
4,69,0,0.46670418977737427,
4,70,0,0.5129375457763672,
4,71,0,0.6371934413909912,
4,72,0,0.6768456697463989,
4,73,0,0.8089103698730469,
4,74,0,0.8219643831253052,
4,75,0,0.6589832305908203,
4,76,0,0.8145094513893127,
4,77,0,0.7520365118980408,
4,78,0,0.167633056640625,
4,79,0,0.8351852893829346,
4,80,0,0.48419082164764404,
4,81,0,0.8130196332931519,
4,82,0,0.05207860469818115,
4,83,0,0.8359135389328003,
4,84,0,0.8295502066612244,
4,85,0,0.5110621452331543,
4,86,0,0.843777596950531,
4,87,0,0.5813266634941101,
4,88,0,0.8173928260803223,
4,89,0,0.4885994791984558,
4,90,0,0.742739200592041,
4,91,0,0.8225284814834595,
4,92,0,0.8509854674339294,
4,93,0,0.8211265206336975,
4,94,0,0.49305111169815063,
4,95,0,0.8533596992492676,
4,96,0,0.28558313846588135,
4,97,0,0.848423957824707,
4,98,0,0.6308342218399048,
4,99,0,0.8386431932449341,
4,100,0,0.7576432824134827,
4,101,0,0.6781191825866699,
4,102,0,0.8317840099334717,
4,103,0,0.780586838722229,
4,104,0,0.8419420123100281,
4,105,0,0.3550912141799927,
4,106,0,0.8499128818511963,
4,107,0,0.8261814713478088,
4,108,0,0.640526533126831,
4,109,0,0.8227436542510986,
4,110,0,0.8520582318305969,
4,111,0,0.8181774616241455,
4,112,0,0.8407670855522156,
4,113,0,0.4352150559425354,
4,114,0,0.2632361054420471,
4,115,0,0.8359655141830444,
4,116,0,0.8223996758460999,
4,117,0,0.3755733370780945,
4,118,0,0.8153280019760132,
4,119,0,0.3380625247955322,
4,120,0,0.8291513323783875,
4,121,0,0.8455794453620911,
4,122,0,0.7275044322013855,
4,123,0,0.06922465562820435,
4,124,0,0.4232727885246277,
4,125,0,0.76604163646698,
4,126,0,0.8485329747200012,
4,127,0,0.8286260962486267,
4,128,0,0.8254844546318054,
4,129,0,0.8486749529838562,
4,130,0,0.7283040285110474,
4,131,0,0.8484510183334351,
4,132,0,0.7888118028640747,
4,133,0,0.2524150013923645,
4,134,0,0.43923425674438477,
4,135,0,0.49051862955093384,
4,136,0,0.05707073211669922,
4,137,0,0.13493937253952026,
4,138,0,0.2644340991973877,
4,139,0,0.4839377999305725,
4,140,0,0.8249576687812805,
4,141,0,0.780692458152771,
4,142,0,0.8361109495162964,
4,143,0,0.7846564054489136,
4,144,0,0.8149409294128418,
4,145,0,0.22321927547454834,
4,146,0,0.6899994611740112,
4,147,0,0.24245089292526245,
4,148,0,0.7901877760887146,
4,149,0,0.7873865365982056,
4,150,0,0.8056808710098267,
4,151,0,0.8394812345504761,
4,152,0,0.7350996732711792,
4,153,0,0.8253656029701233,
4,154,0,0.8288682699203491,
4,155,0,0.7157648801803589,
4,156,0,0.05232131481170654,
4,157,0,0.6326258182525635,
4,158,0,0.7764483690261841,
4,159,0,0.8078439235687256,
4,160,0,0.3721577525138855,
4,161,0,0.08224409818649292,
4,162,0,0.8414534330368042,
4,163,0,0.2868981957435608,
4,164,0,0.39990174770355225,
4,165,0,0.7242794036865234,
4,166,0,0.255304217338562,
4,167,0,0.8451327681541443,
4,168,0,0.8472749590873718,
4,169,0,0.15044498443603516,
4,170,0,0.782667875289917,
4,171,0,0.7420356273651123,
4,172,0,0.739256739616394,
4,173,0,0.6457482576370239,
4,174,0,0.7549974918365479,
4,175,0,0.4193522334098816,
4,176,0,0.765301525592804,
4,177,0,0.31641894578933716,
4,178,0,0.835532009601593,
4,179,0,0.34482091665267944,
4,180,0,0.8111893534660339,
4,181,0,0.8062766790390015,
4,182,0,0.33209288120269775,
4,183,0,0.1790662407875061,
4,184,0,0.7898253798484802,
4,185,0,0.7564430236816406,
4,186,0,0.30112534761428833,
4,187,0,0.7523384094238281,
4,188,0,0.7566621899604797,
4,189,0,0.27642977237701416,
4,190,0,0.06760615110397339,
4,191,0,0.4641798734664917,
4,192,0,0.7766785621643066,
4,193,0,0.7458055019378662,
4,194,0,0.7418310046195984,
4,195,0,0.8619563579559326,
4,196,0,0.753002405166626,
4,197,0,0.19585609436035156,
4,198,0,0.8024897575378418,
4,199,0,0.2577812075614929,
4,200,0,0.7594728469848633,
4,201,0,0.04976111650466919,
4,202,0,0.2919037938117981,
4,203,0,0.8394080996513367,
4,204,0,0.342185914516449,
4,205,0,0.2614181637763977,
4,206,0,0.35614728927612305,
4,207,0,0.154532790184021,
4,208,0,0.4824032783508301,
4,209,0,0.7883124351501465,
4,210,0,0.3144172430038452,
4,211,0,0.8286676406860352,
4,212,0,0.49180811643600464,
4,213,0,0.8062992095947266,
4,214,0,0.8417055606842041,
4,215,0,0.8507711291313171,
4,216,0,0.4578312635421753,
4,217,0,0.8311601877212524,
4,218,0,0.8646369576454163,
4,219,0,0.7312579154968262,
4,220,0,0.2581751346588135,
4,221,0,0.7438825368881226,
4,222,0,0.323539137840271,
4,223,0,0.48758864402770996,
4,224,0,0.8322394490242004,
4,225,0,0.29791224002838135,
4,226,0,0.8182555437088013,
4,227,0,0.17326676845550537,
4,228,0,0.718888521194458,
4,229,0,0.42698150873184204,
4,230,0,0.4641958475112915,
4,231,0,0.8359127044677734,
4,232,0,0.8560718894004822,
4,233,0,0.8457135558128357,
4,234,0,0.8260611295700073,
4,235,0,0.04512125253677368,
4,236,0,0.44579505920410156,
4,237,0,0.8360269069671631,
4,238,0,0.4720774292945862,
4,239,0,0.42269086837768555,
4,240,0,0.8198078870773315,
4,241,0,0.8308566212654114,
4,242,0,0.8264545798301697,
4,243,0,0.4439162611961365,
4,244,0,0.3125532269477844,
4,245,0,0.0516546368598938,
4,246,0,0.4365975856781006,
4,247,0,0.8373386263847351,
4,248,0,0.4624842405319214,
4,249,0,0.8223904371261597,
4,250,0,0.12565022706985474,
4,251,0,0.8475762009620667,
4,252,0,0.7831866145133972,
4,253,0,0.7833135724067688,
4,254,0,0.04319816827774048,
4,255,0,0.7553392648696899,
4,256,0,0.5819733142852783,
4,257,0,0.8489531874656677,
4,258,0,0.8412662148475647,
4,259,0,0.8479278683662415,
4,260,0,0.5237859487533569,
4,261,0,0.7502342462539673,
4,262,0,0.8469497561454773,
4,263,0,0.7396563291549683,
4,264,0,0.30045926570892334,
4,265,0,0.8551093935966492,
4,266,0,0.8238252401351929,
4,267,0,0.8414644598960876,
4,268,0,0.33599305152893066,
4,269,0,0.4673579931259155,
4,270,0,0.6091712713241577,
4,271,0,0.8143953680992126,
4,272,0,0.38602155447006226,
4,273,0,0.8486916422843933,
4,274,0,0.8249046802520752,
4,275,0,0.16375386714935303,
4,276,0,0.8165097236633301,
4,277,0,0.0646398663520813,
4,278,0,0.557974100112915,
4,279,0,0.7427186965942383,
4,280,0,0.7934532761573792,
4,281,0,0.795366644859314,
4,282,0,0.75461745262146,
4,283,0,0.7567037343978882,
4,284,0,0.8397094011306763,
4,285,0,0.8401104211807251,
4,286,0,0.6623518466949463,
4,287,0,0.7299143075942993,
4,288,0,0.8192753195762634,
4,289,0,0.5326677560806274,
4,290,0,0.8304463624954224,
4,291,0,0.048316359519958496,
4,292,0,0.39346832036972046,
4,293,0,0.8444671630859375,
4,294,0,0.838889479637146,
4,295,0,0.8395714163780212,
4,296,0,0.4839528203010559,
4,297,0,0.050508975982666016,
4,298,0,0.8568263649940491,
4,299,0,0.8128631114959717,
4,300,0,0.4353645443916321,
4,301,0,0.4192361831665039,
4,302,0,0.8408498167991638,
4,303,0,0.6113475561141968,
4,304,0,0.8425995111465454,
4,305,0,0.4754139184951782,
4,306,0,0.24008530378341675,
4,307,0,0.835810661315918,
4,308,0,0.8422565460205078,
4,309,0,0.20382952690124512,
4,310,0,0.8201353549957275,
4,311,0,0.39626502990722656,
4,312,0,0.8248406648635864,
4,313,0,0.8186169266700745,
4,314,0,0.42044001817703247,
4,315,0,0.8109492063522339,
4,316,0,0.8356771469116211,
4,317,0,0.7004472017288208,
4,318,0,0.37299811840057373,
4,319,0,0.3296744227409363,
4,320,0,0.7500835061073303,
4,321,0,0.8448475003242493,
4,322,0,0.8368526697158813,
4,323,0,0.30353933572769165,
4,324,0,0.8469952940940857,
4,325,0,0.8064299821853638,
4,326,0,0.8108696937561035,
4,327,0,0.7354887127876282,
4,328,0,0.730147123336792,
4,329,0,0.7793101072311401,
4,330,0,0.3833640217781067,
4,331,0,0.3510795831680298,
4,332,0,0.830876350402832,
4,333,0,0.25412946939468384,
4,334,0,0.8200993537902832,
4,335,0,0.38300609588623047,
4,336,0,0.8344058990478516,
4,337,0,0.4583151936531067,
4,338,0,0.6470139026641846,
4,339,0,0.7900981903076172,
4,340,0,0.8439155220985413,
4,341,0,0.05933654308319092,
4,342,0,0.7467774152755737,
4,343,0,0.6276841163635254,
4,344,0,0.8281791806221008,
4,345,0,0.8283963799476624,
4,346,0,0.2553406357765198,
4,347,0,0.17314088344573975,
4,348,0,0.7534087300300598,
4,349,0,0.8430346250534058,
4,350,0,0.7983108758926392,
4,351,0,0.7731037735939026,
4,352,0,0.8253942131996155,
4,353,0,0.8252295255661011,
4,354,0,0.6602579355239868,
4,355,0,0.1634564995765686,
4,356,0,0.8424130082130432,
4,357,0,0.7525844573974609,
4,358,0,0.20836526155471802,
4,359,0,0.7851330041885376,
4,360,0,0.8502846360206604,
4,361,0,0.8497127294540405,
4,362,0,0.2602893114089966,
4,363,0,0.31356585025787354,
4,364,0,0.755859911441803,
4,365,0,0.8585071563720703,
4,366,0,0.8373811841011047,
4,367,0,0.8383417725563049,
4,368,0,0.8288111090660095,
4,369,0,0.8137686848640442,
4,370,0,0.6342570781707764,
4,371,0,0.7308356761932373,
4,372,0,0.8202877044677734,
4,373,0,0.8456290364265442,
4,374,0,0.44011425971984863,
4,375,0,0.755651593208313,
4,376,0,0.7704677581787109,
4,377,0,0.3412889838218689,
4,378,0,0.41264599561691284,
4,379,0,0.844996452331543,
4,380,0,0.35238730907440186,
4,381,0,0.32368332147598267,
4,382,0,0.32864314317703247,
4,383,0,0.8408212065696716,
4,384,0,0.3509562611579895,
4,385,0,0.34311443567276,
4,386,0,0.2444753646850586,
4,387,0,0.4422150254249573,
4,388,0,0.05764329433441162,
4,389,0,0.7939007878303528,
4,390,0,0.7608027458190918,
4,391,0,0.7048757076263428,
4,392,0,0.6857271194458008,
4,393,0,0.31263256072998047,
4,394,0,0.48875153064727783,
4,395,0,0.8154422044754028,
4,396,0,0.16160541772842407,
4,397,0,0.18760401010513306,
4,398,0,0.8011355400085449,
4,399,0,0.31111007928848267,
4,400,0,0.723524272441864,
4,401,0,0.7717304229736328,
4,402,0,0.8343014717102051,
4,403,0,0.811417281627655,
4,404,0,0.3340621590614319,
4,405,0,0.06851387023925781,
4,406,0,0.7667628526687622,
4,407,0,0.8468124866485596,
4,408,0,0.8063951730728149,
4,409,0,0.7109329700469971,
4,410,0,0.8427446484565735,
4,411,0,0.3119906187057495,
4,412,0,0.8109540343284607,
4,413,0,0.06885367631912231,
4,414,0,0.7824416160583496,
4,415,0,0.651481032371521,
4,416,0,0.8470028042793274,
4,417,0,0.054956018924713135,
4,418,0,0.5043121576309204,
4,419,0,0.4778285026550293,
4,420,0,0.2659362554550171,
4,421,0,0.26197999715805054,
4,422,0,0.8237172961235046,
4,423,0,0.84083092212677,
4,424,0,0.8435773253440857,
4,425,0,0.8160601258277893,
4,426,0,0.8165863752365112,
4,427,0,0.810671329498291,
4,428,0,0.4599123001098633,
4,429,0,0.8167747259140015,
4,430,0,0.26758867502212524,
4,431,0,0.7997769713401794,
4,432,0,0.7584112882614136,
4,433,0,0.8281448483467102,
4,434,0,0.8330444693565369,
4,435,0,0.8185333609580994,
4,436,0,0.6185599565505981,
4,437,0,0.05273294448852539,
4,438,0,0.7174199819564819,
4,439,0,0.22308701276779175,
4,440,0,0.8460936546325684,
4,441,0,0.7919203639030457,
4,442,0,0.8257090449333191,
4,443,0,0.8194016814231873,
4,444,0,0.759372353553772,
4,445,0,0.8262184858322144,
4,446,0,0.7692232728004456,
4,447,0,0.3222985863685608,
4,448,0,0.05219775438308716,
4,449,0,0.8026154637336731,
4,450,0,0.7822241187095642,
4,451,0,0.2636852264404297,
4,452,0,0.821563720703125,
4,453,0,0.2985585927963257,
4,454,0,0.4270561933517456,
4,455,0,0.5908505320549011,
4,456,0,0.7300455570220947,
4,457,0,0.6744593381881714,
4,458,0,0.5201492309570312,
4,459,0,0.8457421064376831,
4,460,0,0.821222186088562,
4,461,0,0.46891218423843384,
4,462,0,0.8077208995819092,
4,463,0,0.15299111604690552,
4,464,0,0.6232234835624695,
4,465,0,0.7437784671783447,
4,466,0,0.04556959867477417,
4,467,0,0.8145056962966919,
4,468,0,0.6485243439674377,
4,469,0,0.7954365015029907,
4,470,0,0.35094374418258667,
4,471,0,0.05491989850997925,
4,472,0,0.842474102973938,
4,473,0,0.8398063778877258,
4,474,0,0.056804001331329346,
4,475,0,0.8289321660995483,
4,476,0,0.4659772515296936,
4,477,0,0.8495458364486694,
4,478,0,0.5238539576530457,
4,479,0,0.48697417974472046,
4,480,0,0.6839537620544434,
4,481,0,0.17522352933883667,
4,482,0,0.8089306950569153,
4,483,0,0.8366671204566956,
4,484,0,0.8374667167663574,
4,485,0,0.44692063331604004,
4,486,0,0.7176665663719177,
4,487,0,0.3539322018623352,
4,488,0,0.7433717250823975,
4,489,0,0.8248199820518494,
4,490,0,0.764114260673523,
4,491,0,0.8138446807861328,
4,492,0,0.6791073083877563,
4,493,0,0.7645350694656372,
4,494,0,0.05988651514053345,
4,495,0,0.37700825929641724,
4,496,0,0.29833513498306274,
4,497,0,0.7840851545333862,
4,498,0,0.45414453744888306,
4,499,0,0.8466933965682983,
4,500,0,0.8087629079818726,
4,501,0,0.7677037715911865,
4,502,0,0.8306460380554199,
4,503,0,0.20842742919921875,
4,504,0,0.7511178851127625,
4,505,0,0.47484368085861206,
4,506,0,0.7628854513168335,
4,507,0,0.2780928611755371,
4,508,0,0.8420078754425049,
4,509,0,0.8418828248977661,
4,510,0,0.8467462062835693,
4,511,0,0.7693307995796204,
4,512,0,0.2523527145385742,
4,513,0,0.7267982959747314,
4,514,0,0.8076758980751038,
4,515,0,0.8027838468551636,
4,516,0,0.7407348155975342,
4,517,0,0.40861111879348755,
4,518,0,0.2423313856124878,
4,519,0,0.29800277948379517,
4,520,0,0.8293269872665405,
4,521,0,0.8441939949989319,
4,522,0,0.3689075708389282,
4,523,0,0.8643115162849426,
4,524,0,0.7423902750015259,
4,525,0,0.052634596824645996,
4,526,0,0.3278312087059021,
4,527,0,0.8402570486068726,
4,528,0,0.05259549617767334,
4,529,0,0.83770751953125,
4,530,0,0.8039697408676147,
4,531,0,0.8457003831863403,
4,532,0,0.802636981010437,
4,533,0,0.8300327658653259,
4,534,0,0.3804429769515991,
4,535,0,0.8390630483627319,
4,536,0,0.7934750914573669,
4,537,0,0.2814968228340149,
4,538,0,0.8283922076225281,
4,539,0,0.8160274028778076,
4,540,0,0.7859752178192139,
4,541,0,0.43177109956741333,
4,542,0,0.335949182510376,
4,543,0,0.8493084907531738,
4,544,0,0.06182461977005005,
4,545,0,0.40248793363571167,
4,546,0,0.45643150806427,
4,547,0,0.06213301420211792,
4,548,0,0.7801799178123474,
4,549,0,0.3270420432090759,
4,550,0,0.8366120457649231,
4,551,0,0.8462315201759338,
4,552,0,0.7242399454116821,
4,553,0,0.4437786936759949,
4,554,0,0.6670371294021606,
4,555,0,0.27068668603897095,
4,556,0,0.7808325290679932,
4,557,0,0.8344117403030396,
4,558,0,0.39750778675079346,
4,559,0,0.6633032560348511,
4,560,0,0.7904635667800903,
4,561,0,0.8395264744758606,
4,562,0,0.17254358530044556,
4,563,0,0.8267743587493896,
4,564,0,0.48292046785354614,
4,565,0,0.35909563302993774,
4,566,0,0.37593603134155273,
4,567,0,0.8325502276420593,
4,568,0,0.22085750102996826,
4,569,0,0.8201794624328613,
4,570,0,0.6538442969322205,
4,571,0,0.6165410280227661,
4,572,0,0.32884812355041504,
4,573,0,0.8528567552566528,
4,574,0,0.32449227571487427,
4,575,0,0.2968090772628784,
4,576,0,0.7969344854354858,
4,577,0,0.30253076553344727,
4,578,0,0.31770676374435425,
4,579,0,0.7863336205482483,
4,580,0,0.2917613983154297,
4,581,0,0.41132426261901855,
4,582,0,0.8328145742416382,
4,583,0,0.7700240612030029,
4,584,0,0.4469716548919678,
4,585,0,0.8177744150161743,
4,586,0,0.834448516368866,
4,587,0,0.6029348373413086,
4,588,0,0.23583465814590454,
4,589,0,0.7274810075759888,
4,590,0,0.8281257748603821,
4,591,0,0.26682621240615845,
4,592,0,0.8160014748573303,
4,593,0,0.8340411186218262,
4,594,0,0.8212590217590332,
4,595,0,0.7453229427337646,
4,596,0,0.4387994408607483,
4,597,0,0.16918545961380005,
4,598,0,0.33516454696655273,
4,599,0,0.34828269481658936,
4,600,0,0.761346697807312,
4,601,0,0.4288562536239624,
4,602,0,0.19155538082122803,
4,603,0,0.3158528208732605,
4,604,0,0.7448241114616394,
4,605,0,0.8064513802528381,
4,606,0,0.30954277515411377,
4,607,0,0.7563067674636841,
4,608,0,0.7152957916259766,
4,609,0,0.8406116366386414,
4,610,0,0.8432462215423584,
4,611,0,0.8450265526771545,
4,612,0,0.675420880317688,
4,613,0,0.759823739528656,
4,614,0,0.834448516368866,
4,615,0,0.39602744579315186,
4,616,0,0.8518651723861694,
4,617,0,0.3057074546813965,
4,618,0,0.17378538846969604,
4,619,0,0.4275640845298767,
4,620,0,0.8392905592918396,
4,621,0,0.43741655349731445,
4,622,0,0.7901727557182312,
4,623,0,0.44947749376296997,
4,624,0,0.3409525752067566,
4,625,0,0.8555876016616821,
4,626,0,0.8140909671783447,
4,627,0,0.8192561268806458,
4,628,0,0.8561301231384277,
4,629,0,0.48323190212249756,
4,630,0,0.06405037641525269,
4,631,0,0.1811261773109436,
4,632,0,0.8160883784294128,
4,633,0,0.736818253993988,
4,634,0,0.8413523435592651,
4,635,0,0.4799134135246277,
4,636,0,0.8117595911026001,
4,637,0,0.7062913775444031,
4,638,0,0.8376476764678955,
4,639,0,0.7559542059898376,
4,640,0,0.1583923101425171,
4,641,0,0.7718679904937744,
4,642,0,0.7778204083442688,
4,643,0,0.42379897832870483,
4,644,0,0.41060686111450195,
4,645,0,0.8198114633560181,
4,646,0,0.8278746604919434,
4,647,0,0.7758523225784302,
4,648,0,0.8180190324783325,
4,649,0,0.048725903034210205,
4,650,0,0.7644776105880737,
4,651,0,0.44155359268188477,
4,652,0,0.7078768610954285,
4,653,0,0.6043304204940796,
4,654,0,0.7629249691963196,
4,655,0,0.25320422649383545,
4,656,0,0.2583004832267761,
4,657,0,0.38914012908935547,
4,658,0,0.7466018795967102,
4,659,0,0.05129200220108032,
4,660,0,0.8521078824996948,
4,661,0,0.755588173866272,
4,662,0,0.8179575800895691,
4,663,0,0.7316370010375977,
4,664,0,0.845869779586792,
4,665,0,0.4307323098182678,
4,666,0,0.056284308433532715,
4,667,0,0.816316545009613,
4,668,0,0.30550915002822876,
4,669,0,0.4693787693977356,
4,670,0,0.3892245292663574,
4,671,0,0.7622495293617249,
4,672,0,0.17902028560638428,
4,673,0,0.2892218232154846,
4,674,0,0.4115736484527588,
4,675,0,0.7616493701934814,
4,676,0,0.16627919673919678,
4,677,0,0.6230931878089905,
4,678,0,0.8571960926055908,
4,679,0,0.809321939945221,
4,680,0,0.06062716245651245,
4,681,0,0.8371055722236633,
4,682,0,0.33517348766326904,
4,683,0,0.3579903244972229,
4,684,0,0.8344486951828003,
4,685,0,0.8190428018569946,
4,686,0,0.8121775984764099,
4,687,0,0.6353795528411865,
4,688,0,0.29312169551849365,
4,689,0,0.7672858238220215,
4,690,0,0.8458672761917114,
4,691,0,0.16445893049240112,
4,692,0,0.36769360303878784,
4,693,0,0.7116173505783081,
4,694,0,0.7678782343864441,
4,695,0,0.7691876888275146,
4,696,0,0.19349223375320435,
4,697,0,0.7524877786636353,
4,698,0,0.8411000967025757,
4,699,0,0.45971381664276123,
4,700,0,0.27376413345336914,
4,701,0,0.838625431060791,
4,702,0,0.7933777570724487,
4,703,0,0.8307306170463562,
4,704,0,0.1611596941947937,
4,705,0,0.057840824127197266,
4,706,0,0.8524175882339478,
4,707,0,0.8224380016326904,
4,708,0,0.8446947336196899,
4,709,0,0.7558428645133972,
4,710,0,0.4172237515449524,
4,711,0,0.3593863844871521,
4,712,0,0.3035178780555725,
4,713,0,0.4245222806930542,
4,714,0,0.8407031297683716,
4,715,0,0.45115000009536743,
4,716,0,0.7650166749954224,
4,717,0,0.6723278164863586,
4,718,0,0.8224704265594482,
4,719,0,0.8291255235671997,
4,720,0,0.7935212850570679,
4,721,0,0.78616863489151,
4,722,0,0.7941073775291443,
4,723,0,0.1821621060371399,
4,724,0,0.729860782623291,
4,725,0,0.20372235774993896,
4,726,0,0.8298577070236206,
4,727,0,0.8126205205917358,
4,728,0,0.19910591840744019,
4,729,0,0.4553526043891907,
4,730,0,0.3898162841796875,
4,731,0,0.8339320421218872,
4,732,0,0.8174778819084167,
4,733,0,0.4117653965950012,
4,734,0,0.8258535861968994,
4,735,0,0.3338812589645386,
4,736,0,0.7560805082321167,
4,737,0,0.8313079476356506,
4,738,0,0.8158382177352905,
4,739,0,0.6340637803077698,
4,740,0,0.315695583820343,
4,741,0,0.7007133960723877,
4,742,0,0.8323518633842468,
4,743,0,0.8521785736083984,
4,744,0,0.8169804215431213,
4,745,0,0.29465019702911377,
4,746,0,0.7418147921562195,
4,747,0,0.8538131713867188,
4,748,0,0.7367662191390991,
4,749,0,0.829963207244873,
4,750,0,0.8247288465499878,
4,751,0,0.8286941051483154,
4,752,0,0.7717087268829346,
4,753,0,0.4805200695991516,
4,754,0,0.7476850152015686,
4,755,0,0.8455972671508789,
4,756,0,0.8312024474143982,
4,757,0,0.840649425983429,
4,758,0,0.7174021601676941,
4,759,0,0.05466526746749878,
4,760,0,0.4570450782775879,
4,761,0,0.7481793165206909,
4,762,0,0.7800744771957397,
4,763,0,0.34555864334106445,
4,764,0,0.32240724563598633,
4,765,0,0.8043711185455322,
4,766,0,0.17592638731002808,
4,767,0,0.7486544847488403,
4,768,0,0.8293777108192444,
4,769,0,0.2043170928955078,
4,770,0,0.7990686893463135,
4,771,0,0.7296571731567383,
4,772,0,0.7989864349365234,
4,773,0,0.20953547954559326,
4,774,0,0.8356937170028687,
4,775,0,0.7984215021133423,
4,776,0,0.2716107964515686,
4,777,0,0.8321046829223633,
4,778,0,0.44139564037323,
4,779,0,0.8413896560668945,
4,780,0,0.766325831413269,
4,781,0,0.8326771259307861,
4,782,0,0.4207943081855774,
4,783,0,0.813490629196167,
4,784,0,0.41060149669647217,
4,785,0,0.04818755388259888,
4,786,0,0.48983508348464966,
4,787,0,0.2656102776527405,
4,788,0,0.8429471850395203,
4,789,0,0.32169491052627563,
4,790,0,0.7767754793167114,
4,791,0,0.4844415783882141,
4,792,0,0.36375075578689575,
4,793,0,0.8031050562858582,
4,794,0,0.8377926349639893,
4,795,0,0.2913791537284851,
4,796,0,0.8319708704948425,
4,797,0,0.062115252017974854,
4,798,0,0.4639214277267456,
4,799,0,0.8286770582199097,
4,val,,,0.5870703881978989
5,0,0,0.40577924251556396,
5,1,0,0.8167415261268616,
5,2,0,0.6665496826171875,
5,3,0,0.8650326132774353,
5,4,0,0.4157448410987854,
5,5,0,0.7669474482536316,
5,6,0,0.17189788818359375,
5,7,0,0.4758650064468384,
5,8,0,0.2592806816101074,
5,9,0,0.8158578276634216,
5,10,0,0.06626468896865845,
5,11,0,0.8383111953735352,
5,12,0,0.8326953649520874,
5,13,0,0.8276829123497009,
5,14,0,0.7557680606842041,
5,15,0,0.8225172758102417,
5,16,0,0.5182082653045654,
5,17,0,0.39938884973526,
5,18,0,0.8149490356445312,
5,19,0,0.8476528525352478,
5,20,0,0.7426012754440308,
5,21,0,0.4837583303451538,
5,22,0,0.282762348651886,
5,23,0,0.6833667755126953,
5,24,0,0.8202970027923584,
5,25,0,0.7226778268814087,
5,26,0,0.8355380892753601,
5,27,0,0.38769835233688354,
5,28,0,0.2881513237953186,
5,29,0,0.46439123153686523,
5,30,0,0.8318850994110107,
5,31,0,0.8018413186073303,
5,32,0,0.45399636030197144,
5,33,0,0.7492878437042236,
5,34,0,0.8128983378410339,
5,35,0,0.2796764373779297,
5,36,0,0.429981529712677,
5,37,0,0.825142502784729,
5,38,0,0.19726133346557617,
5,39,0,0.843942403793335,
5,40,0,0.16411447525024414,
5,41,0,0.6418462991714478,
5,42,0,0.46671730279922485,
5,43,0,0.046050846576690674,
5,44,0,0.745002806186676,
5,45,0,0.4699023365974426,
5,46,0,0.05074435472488403,
5,47,0,0.04996746778488159,
5,48,0,0.8389010429382324,
5,49,0,0.3186147212982178,
5,50,0,0.8401165008544922,
5,51,0,0.3951018452644348,
5,52,0,0.43329423666000366,
5,53,0,0.050291597843170166,
5,54,0,0.8532097935676575,
5,55,0,0.4530312418937683,
5,56,0,0.7959520816802979,
5,57,0,0.5002992153167725,
5,58,0,0.8694286346435547,
5,59,0,0.364449679851532,
5,60,0,0.42657214403152466,
5,61,0,0.6089104413986206,
5,62,0,0.829174816608429,
5,63,0,0.2748124599456787,
5,64,0,0.26583898067474365,
5,65,0,0.7670544385910034,
5,66,0,0.727806031703949,
5,67,0,0.44724756479263306,
5,68,0,0.8273963332176208,
5,69,0,0.46375566720962524,
5,70,0,0.5131756663322449,
5,71,0,0.6364157199859619,
5,72,0,0.6787049770355225,
5,73,0,0.7996644377708435,
5,74,0,0.8225973844528198,
5,75,0,0.6513606309890747,
5,76,0,0.8160498738288879,
5,77,0,0.7447507381439209,
5,78,0,0.16510015726089478,
5,79,0,0.8246662616729736,
5,80,0,0.4808865189552307,
5,81,0,0.8079637885093689,
5,82,0,0.052180469036102295,
5,83,0,0.8330121636390686,
5,84,0,0.8313522934913635,
5,85,0,0.5075416564941406,
5,86,0,0.8397418856620789,
5,87,0,0.5804945230484009,
5,88,0,0.8155534267425537,
5,89,0,0.4882126450538635,
5,90,0,0.7387901544570923,
5,91,0,0.8213350772857666,
5,92,0,0.851233959197998,
5,93,0,0.8195238709449768,
5,94,0,0.4893296957015991,
5,95,0,0.8384801745414734,
5,96,0,0.2811790108680725,
5,97,0,0.8445974588394165,
5,98,0,0.629774272441864,
5,99,0,0.8365795612335205,
5,100,0,0.7559167742729187,
5,101,0,0.6772937774658203,
5,102,0,0.8202159404754639,
5,103,0,0.7905531525611877,
5,104,0,0.8442545533180237,
5,105,0,0.3484646677970886,
5,106,0,0.839547336101532,
5,107,0,0.8262748122215271,
5,108,0,0.6430418491363525,
5,109,0,0.8236895799636841,
5,110,0,0.8455982208251953,
5,111,0,0.8214702606201172,
5,112,0,0.8411840200424194,
5,113,0,0.4319649934768677,
5,114,0,0.26171988248825073,
5,115,0,0.8285223841667175,
5,116,0,0.8259060978889465,
5,117,0,0.3732677102088928,
5,118,0,0.8164895176887512,
5,119,0,0.33878570795059204,
5,120,0,0.8279420137405396,
5,121,0,0.8463374376296997,
5,122,0,0.7284097671508789,
5,123,0,0.06717413663864136,
5,124,0,0.42157191038131714,
5,125,0,0.7649141550064087,
5,126,0,0.8474340438842773,
5,127,0,0.8283147811889648,
5,128,0,0.8268545269966125,
5,129,0,0.8442378044128418,
5,130,0,0.728954553604126,
5,131,0,0.8430222272872925,
5,132,0,0.7886849641799927,
5,133,0,0.2493683099746704,
5,134,0,0.4350479245185852,
5,135,0,0.48768383264541626,
5,136,0,0.05688655376434326,
5,137,0,0.1347457766532898,
5,138,0,0.26313644647598267,
5,139,0,0.48156648874282837,
5,140,0,0.8284950852394104,
5,141,0,0.7788164615631104,
5,142,0,0.8269920349121094,
5,143,0,0.7813386917114258,
5,144,0,0.817656397819519,
5,145,0,0.22115647792816162,
5,146,0,0.6922616362571716,
5,147,0,0.24180179834365845,
5,148,0,0.7869527339935303,
5,149,0,0.7882803678512573,
5,150,0,0.8080711960792542,
5,151,0,0.8297569751739502,
5,152,0,0.7325959205627441,
5,153,0,0.8263444900512695,
5,154,0,0.8297116160392761,
5,155,0,0.7143932580947876,
5,156,0,0.04989337921142578,
5,157,0,0.6322982311248779,
5,158,0,0.774394154548645,
5,159,0,0.8047276139259338,
5,160,0,0.3631516098976135,
5,161,0,0.06565457582473755,
5,162,0,0.8382853269577026,
5,163,0,0.28431349992752075,
5,164,0,0.3949642777442932,
5,165,0,0.721426248550415,
5,166,0,0.2537781596183777,
5,167,0,0.8333945274353027,
5,168,0,0.8472156524658203,
5,169,0,0.1479211449623108,
5,170,0,0.7798696756362915,
5,171,0,0.7431226968765259,
5,172,0,0.7380756139755249,
5,173,0,0.6424480676651001,
5,174,0,0.7529815435409546,
5,175,0,0.4171503782272339,
5,176,0,0.7641164660453796,
5,177,0,0.3139845132827759,
5,178,0,0.8356306552886963,
5,179,0,0.3426458239555359,
5,180,0,0.7973209619522095,
5,181,0,0.8047879338264465,
5,182,0,0.33177506923675537,
5,183,0,0.17691802978515625,
5,184,0,0.7807038426399231,
5,185,0,0.7512334585189819,
5,186,0,0.29612016677856445,
5,187,0,0.7485008239746094,
5,188,0,0.7622159123420715,
5,189,0,0.2685941457748413,
5,190,0,0.06584107875823975,
5,191,0,0.4627422094345093,
5,192,0,0.7826555371284485,
5,193,0,0.7364489436149597,
5,194,0,0.7327960133552551,
5,195,0,0.8601608872413635,
5,196,0,0.7454146146774292,
5,197,0,0.19199472665786743,
5,198,0,0.800719141960144,
5,199,0,0.2537035346031189,
5,200,0,0.7583891153335571,
5,201,0,0.05097323656082153,
5,202,0,0.2909701466560364,
5,203,0,0.8384681344032288,
5,204,0,0.3381074070930481,
5,205,0,0.26073288917541504,
5,206,0,0.350131094455719,
5,207,0,0.1530962586402893,
5,208,0,0.4812394380569458,
5,209,0,0.7971127033233643,
5,210,0,0.31387460231781006,
5,211,0,0.8279476165771484,
5,212,0,0.4839227795600891,
5,213,0,0.8050050139427185,
5,214,0,0.8420135974884033,
5,215,0,0.8458855152130127,
5,216,0,0.45332664251327515,
5,217,0,0.8307212591171265,
5,218,0,0.8485957980155945,
5,219,0,0.729097306728363,
5,220,0,0.2568333148956299,
5,221,0,0.7423515319824219,
5,222,0,0.3202918767929077,
5,223,0,0.4873616099357605,
5,224,0,0.8243803977966309,
5,225,0,0.295082151889801,
5,226,0,0.8180046081542969,
5,227,0,0.17223244905471802,
5,228,0,0.7094336152076721,
5,229,0,0.4238836169242859,
5,230,0,0.4606998562812805,
5,231,0,0.8392797708511353,
5,232,0,0.8572382926940918,
5,233,0,0.8472614884376526,
5,234,0,0.8266636729240417,
5,235,0,0.0445098876953125,
5,236,0,0.44545888900756836,
5,237,0,0.8362876176834106,
5,238,0,0.47161149978637695,
5,239,0,0.4158948063850403,
5,240,0,0.8203116655349731,
5,241,0,0.8314282298088074,
5,242,0,0.8267121911048889,
5,243,0,0.4421822428703308,
5,244,0,0.31000006198883057,
5,245,0,0.05057716369628906,
5,246,0,0.43502944707870483,
5,247,0,0.8375604152679443,
5,248,0,0.4582226872444153,
5,249,0,0.8182091116905212,
5,250,0,0.12499618530273438,
5,251,0,0.8476922512054443,
5,252,0,0.7750515937805176,
5,253,0,0.7753006219863892,
5,254,0,0.04182356595993042,
5,255,0,0.7539989352226257,
5,256,0,0.5832475423812866,
5,257,0,0.8495891690254211,
5,258,0,0.8400881886482239,
5,259,0,0.8435524106025696,
5,260,0,0.5227534770965576,
5,261,0,0.7484747171401978,
5,262,0,0.8410199880599976,
5,263,0,0.7379965782165527,
5,264,0,0.29466038942337036,
5,265,0,0.8474248647689819,
5,266,0,0.8290107846260071,
5,267,0,0.8419291973114014,
5,268,0,0.332425594329834,
5,269,0,0.4651728868484497,
5,270,0,0.6064372062683105,
5,271,0,0.8224661350250244,
5,272,0,0.3845592737197876,
5,273,0,0.8457244634628296,
5,274,0,0.8204347491264343,
5,275,0,0.16141128540039062,
5,276,0,0.8149340748786926,
5,277,0,0.06305551528930664,
5,278,0,0.5521669387817383,
5,279,0,0.7401206493377686,
5,280,0,0.7907895445823669,
5,281,0,0.7938803434371948,
5,282,0,0.7578657269477844,
5,283,0,0.7571667432785034,
5,284,0,0.8357794284820557,
5,285,0,0.836164653301239,
5,286,0,0.6608637571334839,
5,287,0,0.7288182973861694,
5,288,0,0.8248626589775085,
5,289,0,0.5308518409729004,
5,290,0,0.8311285972595215,
5,291,0,0.04839664697647095,
5,292,0,0.39551228284835815,
5,293,0,0.8459349870681763,
5,294,0,0.8399907946586609,
5,295,0,0.8351010680198669,
5,296,0,0.48228925466537476,
5,297,0,0.05134153366088867,
5,298,0,0.8578627705574036,
5,299,0,0.8134839534759521,
5,300,0,0.43283939361572266,
5,301,0,0.4182804226875305,
5,302,0,0.8408350944519043,
5,303,0,0.6083089113235474,
5,304,0,0.8433049321174622,
5,305,0,0.47312647104263306,
5,306,0,0.2408495545387268,
5,307,0,0.8355849981307983,
5,308,0,0.8425797820091248,
5,309,0,0.1994808316230774,
5,310,0,0.8208536505699158,
5,311,0,0.39299678802490234,
5,312,0,0.8249154686927795,
5,313,0,0.8190364837646484,
5,314,0,0.4138563871383667,
5,315,0,0.8074992299079895,
5,316,0,0.8382511734962463,
5,317,0,0.6923885345458984,
5,318,0,0.3782108426094055,
5,319,0,0.3231983780860901,
5,320,0,0.7455118894577026,
5,321,0,0.839741051197052,
5,322,0,0.8363710641860962,
5,323,0,0.30080729722976685,
5,324,0,0.848302960395813,
5,325,0,0.8037633299827576,
5,326,0,0.8097516298294067,
5,327,0,0.7341570854187012,
5,328,0,0.7310423254966736,
5,329,0,0.775933563709259,
5,330,0,0.3810717463493347,
5,331,0,0.34456557035446167,
5,332,0,0.8250020742416382,
5,333,0,0.2520909905433655,
5,334,0,0.8115304708480835,
5,335,0,0.3818424940109253,
5,336,0,0.8309647440910339,
5,337,0,0.456703245639801,
5,338,0,0.6427302360534668,
5,339,0,0.7896241545677185,
5,340,0,0.8444095849990845,
5,341,0,0.05902576446533203,
5,342,0,0.7480499148368835,
5,343,0,0.6231951713562012,
5,344,0,0.828688383102417,
5,345,0,0.8281497359275818,
5,346,0,0.23864036798477173,
5,347,0,0.17157113552093506,
5,348,0,0.7534113526344299,
5,349,0,0.8330106735229492,
5,350,0,0.7976722121238708,
5,351,0,0.7731288075447083,
5,352,0,0.8258336782455444,
5,353,0,0.8202083706855774,
5,354,0,0.6536699533462524,
5,355,0,0.16335582733154297,
5,356,0,0.8386350870132446,
5,357,0,0.7519797682762146,
5,358,0,0.20712929964065552,
5,359,0,0.7813358306884766,
5,360,0,0.8430225253105164,
5,361,0,0.8483909964561462,
5,362,0,0.2582255005836487,
5,363,0,0.312380313873291,
5,364,0,0.7528489828109741,
5,365,0,0.8565279245376587,
5,366,0,0.8315550088882446,
5,367,0,0.8385977745056152,
5,368,0,0.8294572234153748,
5,369,0,0.8126099109649658,
5,370,0,0.632387101650238,
5,371,0,0.7205764651298523,
5,372,0,0.8205755949020386,
5,373,0,0.8426307439804077,
5,374,0,0.436644971370697,
5,375,0,0.7514768242835999,
5,376,0,0.7689335942268372,
5,377,0,0.3388822674751282,
5,378,0,0.41031378507614136,
5,379,0,0.8376640677452087,
5,380,0,0.35143595933914185,
5,381,0,0.323444664478302,
5,382,0,0.32678961753845215,
5,383,0,0.842740535736084,
5,384,0,0.3481024503707886,
5,385,0,0.33951765298843384,
5,386,0,0.24353092908859253,
5,387,0,0.4406968951225281,
5,388,0,0.05791664123535156,
5,389,0,0.7877359390258789,
5,390,0,0.7628788352012634,
5,391,0,0.6940497159957886,
5,392,0,0.6841878890991211,
5,393,0,0.3124067187309265,
5,394,0,0.48434722423553467,
5,395,0,0.8127943277359009,
5,396,0,0.15914523601531982,
5,397,0,0.18733423948287964,
5,398,0,0.8004695177078247,
5,399,0,0.3066835403442383,
5,400,0,0.7188082337379456,
5,401,0,0.764196515083313,
5,402,0,0.8328390717506409,
5,403,0,0.8002169132232666,
5,404,0,0.32770878076553345,
5,405,0,0.06510931253433228,
5,406,0,0.7634356021881104,
5,407,0,0.8467087745666504,
5,408,0,0.798454999923706,
5,409,0,0.7125588059425354,
5,410,0,0.8409678936004639,
5,411,0,0.3119242787361145,
5,412,0,0.8028849363327026,
5,413,0,0.06800240278244019,
5,414,0,0.7812919020652771,
5,415,0,0.651007890701294,
5,416,0,0.834716796875,
5,417,0,0.055052757263183594,
5,418,0,0.4984322190284729,
5,419,0,0.47403669357299805,
5,420,0,0.2624981999397278,
5,421,0,0.260345995426178,
5,422,0,0.8237395882606506,
5,423,0,0.8395470380783081,
5,424,0,0.8387102484703064,
5,425,0,0.815413773059845,
5,426,0,0.8152175545692444,
5,427,0,0.8108108043670654,
5,428,0,0.4548272490501404,
5,429,0,0.8158160448074341,
5,430,0,0.2652530074119568,
5,431,0,0.7927042245864868,
5,432,0,0.7554570436477661,
5,433,0,0.8286170959472656,
5,434,0,0.8331443667411804,
5,435,0,0.8186243772506714,
5,436,0,0.6168545484542847,
5,437,0,0.05481135845184326,
5,438,0,0.7176082134246826,
5,439,0,0.2231447696685791,
5,440,0,0.8452093005180359,
5,441,0,0.789108395576477,
5,442,0,0.8250164985656738,
5,443,0,0.8194237947463989,
5,444,0,0.7572981119155884,
5,445,0,0.8251028060913086,
5,446,0,0.7572110295295715,
5,447,0,0.3199453353881836,
5,448,0,0.05477672815322876,
5,449,0,0.8026009798049927,
5,450,0,0.7795685529708862,
5,451,0,0.2619096040725708,
5,452,0,0.8199065923690796,
5,453,0,0.29434502124786377,
5,454,0,0.4213900566101074,
5,455,0,0.5895622968673706,
5,456,0,0.7277282476425171,
5,457,0,0.6715877056121826,
5,458,0,0.5175755023956299,
5,459,0,0.8369864821434021,
5,460,0,0.8223845958709717,
5,461,0,0.46889638900756836,
5,462,0,0.8081026077270508,
5,463,0,0.15184229612350464,
5,464,0,0.6254090666770935,
5,465,0,0.7436053156852722,
5,466,0,0.04508322477340698,
5,467,0,0.8152239322662354,
5,468,0,0.6490810513496399,
5,469,0,0.794619083404541,
5,470,0,0.35124796628952026,
5,471,0,0.05287438631057739,
5,472,0,0.8428851962089539,
5,473,0,0.8410308361053467,
5,474,0,0.054610252380371094,
5,475,0,0.8300479650497437,
5,476,0,0.4640151858329773,
5,477,0,0.8333476185798645,
5,478,0,0.522423505783081,
5,479,0,0.48537641763687134,
5,480,0,0.6840225458145142,
5,481,0,0.1738620400428772,
5,482,0,0.8099282383918762,
5,483,0,0.8346866369247437,
5,484,0,0.8379749655723572,
5,485,0,0.46006637811660767,
5,486,0,0.7226667404174805,
5,487,0,0.34377604722976685,
5,488,0,0.7314919233322144,
5,489,0,0.8367506265640259,
5,490,0,0.7678394317626953,
5,491,0,0.825596809387207,
5,492,0,0.6570844650268555,
5,493,0,0.7523417472839355,
5,494,0,0.05764263868331909,
5,495,0,0.36546486616134644,
5,496,0,0.2887381315231323,
5,497,0,0.7749948501586914,
5,498,0,0.45443350076675415,
5,499,0,0.8437620401382446,
5,500,0,0.8099743723869324,
5,501,0,0.7677479982376099,
5,502,0,0.8339195251464844,
5,503,0,0.20789867639541626,
5,504,0,0.7592661380767822,
5,505,0,0.471996009349823,
5,506,0,0.7652161717414856,
5,507,0,0.2769823670387268,
5,508,0,0.8453824520111084,
5,509,0,0.8438147902488708,
5,510,0,0.8491929769515991,
5,511,0,0.7796168327331543,
5,512,0,0.25403356552124023,
5,513,0,0.7233194708824158,
5,514,0,0.8130744695663452,
5,515,0,0.8033235669136047,
5,516,0,0.7395843267440796,
5,517,0,0.4043962359428406,
5,518,0,0.23990929126739502,
5,519,0,0.2951645255088806,
5,520,0,0.8298507332801819,
5,521,0,0.8387182354927063,
5,522,0,0.36581897735595703,
5,523,0,0.865038275718689,
5,524,0,0.7410199642181396,
5,525,0,0.052179038524627686,
5,526,0,0.3266712427139282,
5,527,0,0.8380928039550781,
5,528,0,0.05235069990158081,
5,529,0,0.829265832901001,
5,530,0,0.7986235618591309,
5,531,0,0.8461207151412964,
5,532,0,0.8000370860099792,
5,533,0,0.8306395411491394,
5,534,0,0.3792116045951843,
5,535,0,0.8310611248016357,
5,536,0,0.7899574637413025,
5,537,0,0.27929818630218506,
5,538,0,0.8275202512741089,
5,539,0,0.8082811832427979,
5,540,0,0.7919430732727051,
5,541,0,0.4298153519630432,
5,542,0,0.3362092971801758,
5,543,0,0.8483213782310486,
5,544,0,0.06014615297317505,
5,545,0,0.4014623761177063,
5,546,0,0.45497310161590576,
5,547,0,0.059268176555633545,
5,548,0,0.7776200175285339,
5,549,0,0.3216710090637207,
5,550,0,0.8365508913993835,
5,551,0,0.8462918996810913,
5,552,0,0.7239718437194824,
5,553,0,0.4421175718307495,
5,554,0,0.6636806726455688,
5,555,0,0.2658776044845581,
5,556,0,0.7805770039558411,
5,557,0,0.8338798880577087,
5,558,0,0.3957841396331787,
5,559,0,0.6582797765731812,
5,560,0,0.7862716317176819,
5,561,0,0.8410710096359253,
5,562,0,0.17202264070510864,
5,563,0,0.8266894221305847,
5,564,0,0.4810851216316223,
5,565,0,0.35232239961624146,
5,566,0,0.374430775642395,
5,567,0,0.8296200633049011,
5,568,0,0.2187139391899109,
5,569,0,0.8256182074546814,
5,570,0,0.6454907655715942,
5,571,0,0.6129519939422607,
5,572,0,0.32837599515914917,
5,573,0,0.8481264114379883,
5,574,0,0.32137924432754517,
5,575,0,0.2901638150215149,
5,576,0,0.7957925796508789,
5,577,0,0.29751288890838623,
5,578,0,0.3161361813545227,
5,579,0,0.7846350073814392,
5,580,0,0.2895743250846863,
5,581,0,0.40804916620254517,
5,582,0,0.8329309821128845,
5,583,0,0.7656136751174927,
5,584,0,0.4435509443283081,
5,585,0,0.8133969306945801,
5,586,0,0.8294297456741333,
5,587,0,0.5986266136169434,
5,588,0,0.2342727780342102,
5,589,0,0.7167429327964783,
5,590,0,0.8274953365325928,
5,591,0,0.2665477395057678,
5,592,0,0.8158499002456665,
5,593,0,0.8336715698242188,
5,594,0,0.8203617334365845,
5,595,0,0.7471365928649902,
5,596,0,0.4350382685661316,
5,597,0,0.16784077882766724,
5,598,0,0.3342128396034241,
5,599,0,0.34298235177993774,
5,600,0,0.7524983286857605,
5,601,0,0.42670780420303345,
5,602,0,0.19089746475219727,
5,603,0,0.31232041120529175,
5,604,0,0.7428543567657471,
5,605,0,0.7962596416473389,
5,606,0,0.30684930086135864,
5,607,0,0.7558897137641907,
5,608,0,0.709019660949707,
5,609,0,0.8351998329162598,
5,610,0,0.8405468463897705,
5,611,0,0.8477560877799988,
5,612,0,0.6669695377349854,
5,613,0,0.7598270177841187,
5,614,0,0.8356539011001587,
5,615,0,0.3948171138763428,
5,616,0,0.8485384583473206,
5,617,0,0.3054197430610657,
5,618,0,0.1708412766456604,
5,619,0,0.4216107130050659,
5,620,0,0.8447140455245972,
5,621,0,0.43748027086257935,
5,622,0,0.7889052033424377,
5,623,0,0.4427773356437683,
5,624,0,0.32767993211746216,
5,625,0,0.8546244502067566,
5,626,0,0.8344154357910156,
5,627,0,0.8246052861213684,
5,628,0,0.8553693294525146,
5,629,0,0.48134845495224,
5,630,0,0.06355935335159302,
5,631,0,0.1797439455986023,
5,632,0,0.8149751424789429,
5,633,0,0.7359604835510254,
5,634,0,0.8423519730567932,
5,635,0,0.4801464080810547,
5,636,0,0.812192440032959,
5,637,0,0.7043466567993164,
5,638,0,0.8318089246749878,
5,639,0,0.7550109028816223,
5,640,0,0.15694749355316162,
5,641,0,0.7752458453178406,
5,642,0,0.7792167663574219,
5,643,0,0.4224706292152405,
5,644,0,0.4117088317871094,
5,645,0,0.818740963935852,
5,646,0,0.8285663723945618,
5,647,0,0.7802163362503052,
5,648,0,0.817015528678894,
5,649,0,0.04687976837158203,
5,650,0,0.7638933658599854,
5,651,0,0.43996864557266235,
5,652,0,0.7117518186569214,
5,653,0,0.5992157459259033,
5,654,0,0.7611585855484009,
5,655,0,0.24882686138153076,
5,656,0,0.2586950659751892,
5,657,0,0.38686805963516235,
5,658,0,0.7408483028411865,
5,659,0,0.05067920684814453,
5,660,0,0.8502800464630127,
5,661,0,0.7503198385238647,
5,662,0,0.8187081813812256,
5,663,0,0.7304401397705078,
5,664,0,0.8443306684494019,
5,665,0,0.4291757345199585,
5,666,0,0.05515420436859131,
5,667,0,0.811779260635376,
5,668,0,0.3005874752998352,
5,669,0,0.46875452995300293,
5,670,0,0.38846588134765625,
5,671,0,0.7614668607711792,
5,672,0,0.17723017930984497,
5,673,0,0.28428226709365845,
5,674,0,0.4119502902030945,
5,675,0,0.7620100378990173,
5,676,0,0.16453856229782104,
5,677,0,0.6169521808624268,
5,678,0,0.8536502122879028,
5,679,0,0.8089628219604492,
5,680,0,0.05971580743789673,
5,681,0,0.8303477764129639,
5,682,0,0.332042396068573,
5,683,0,0.3576318621635437,
5,684,0,0.8273804187774658,
5,685,0,0.8156006932258606,
5,686,0,0.8063479065895081,
5,687,0,0.6318225860595703,
5,688,0,0.28873783349990845,
5,689,0,0.757372260093689,
5,690,0,0.8430298566818237,
5,691,0,0.16242581605911255,
5,692,0,0.3626279830932617,
5,693,0,0.7091575264930725,
5,694,0,0.7652434706687927,
5,695,0,0.7670223712921143,
5,696,0,0.19149398803710938,
5,697,0,0.7533451318740845,
5,698,0,0.8476906418800354,
5,699,0,0.450869083404541,
5,700,0,0.2697398066520691,
5,701,0,0.8406277298927307,
5,702,0,0.78835129737854,
5,703,0,0.8330739736557007,
5,704,0,0.1587640643119812,
5,705,0,0.055837929248809814,
5,706,0,0.847602367401123,
5,707,0,0.8156930208206177,
5,708,0,0.8399049043655396,
5,709,0,0.758326530456543,
5,710,0,0.417388916015625,
5,711,0,0.3592240810394287,
5,712,0,0.29953354597091675,
5,713,0,0.42954128980636597,
5,714,0,0.8382142186164856,
5,715,0,0.454684317111969,
5,716,0,0.7683216333389282,
5,717,0,0.678503155708313,
5,718,0,0.8230274319648743,
5,719,0,0.830255925655365,
5,720,0,0.7964670062065125,
5,721,0,0.7836980819702148,
5,722,0,0.7882824540138245,
5,723,0,0.17099207639694214,
5,724,0,0.725371241569519,
5,725,0,0.2030603289604187,
5,726,0,0.8300826549530029,
5,727,0,0.81348717212677,
5,728,0,0.1984536051750183,
5,729,0,0.45289915800094604,
5,730,0,0.38546204566955566,
5,731,0,0.8314992189407349,
5,732,0,0.8148829340934753,
5,733,0,0.4076142907142639,
5,734,0,0.826107382774353,
5,735,0,0.3312695622444153,
5,736,0,0.7578240633010864,
5,737,0,0.8203325271606445,
5,738,0,0.8187099099159241,
5,739,0,0.6301661729812622,
5,740,0,0.308708131313324,
5,741,0,0.6966738104820251,
5,742,0,0.8316062092781067,
5,743,0,0.8517763018608093,
5,744,0,0.8168628215789795,
5,745,0,0.2902735471725464,
5,746,0,0.740493655204773,
5,747,0,0.8554566502571106,
5,748,0,0.7240041494369507,
5,749,0,0.8289425373077393,
5,750,0,0.8211278915405273,
5,751,0,0.8292858004570007,
5,752,0,0.7638508081436157,
5,753,0,0.47569090127944946,
5,754,0,0.7403889894485474,
5,755,0,0.8436776399612427,
5,756,0,0.8295192122459412,
5,757,0,0.8410069346427917,
5,758,0,0.7089622020721436,
5,759,0,0.05322551727294922,
5,760,0,0.44962501525878906,
5,761,0,0.7456058263778687,
5,762,0,0.7783291935920715,
5,763,0,0.3455802798271179,
5,764,0,0.3211357593536377,
5,765,0,0.8047612309455872,
5,766,0,0.17487752437591553,
5,767,0,0.7486817836761475,
5,768,0,0.8299323916435242,
5,769,0,0.20261681079864502,
5,770,0,0.7841581106185913,
5,771,0,0.7269684076309204,
5,772,0,0.8037286996841431,
5,773,0,0.20906567573547363,
5,774,0,0.8420116305351257,
5,775,0,0.8062862157821655,
5,776,0,0.2694292664527893,
5,777,0,0.8351856470108032,
5,778,0,0.4373553395271301,
5,779,0,0.8415926098823547,
5,780,0,0.7686291337013245,
5,781,0,0.8332963585853577,
5,782,0,0.4174349904060364,
5,783,0,0.8135009407997131,
5,784,0,0.40860795974731445,
5,785,0,0.04596954584121704,
5,786,0,0.4849998354911804,
5,787,0,0.26272135972976685,
5,788,0,0.8338242769241333,
5,789,0,0.31556612253189087,
5,790,0,0.7732605338096619,
5,791,0,0.4832013249397278,
5,792,0,0.3591350317001343,
5,793,0,0.8042643070220947,
5,794,0,0.8372660875320435,
5,795,0,0.29011183977127075,
5,796,0,0.8309586048126221,
5,797,0,0.06146657466888428,
5,798,0,0.46495532989501953,
5,799,0,0.8286285400390625,
5,val,,,0.5859749555587769
6,0,0,0.407217800617218,
6,1,0,0.8172264695167542,
6,2,0,0.6716940402984619,
6,3,0,0.8559576272964478,
6,4,0,0.41431158781051636,
6,5,0,0.7666337490081787,
6,6,0,0.1698858141899109,
6,7,0,0.47477537393569946,
6,8,0,0.25547391176223755,
6,9,0,0.8170349597930908,
6,10,0,0.0661691427230835,
6,11,0,0.8340286016464233,
6,12,0,0.8318730592727661,
6,13,0,0.8274691700935364,
6,14,0,0.7501249313354492,
6,15,0,0.8191455602645874,
6,16,0,0.5166913866996765,
6,17,0,0.3979261517524719,
6,18,0,0.811197817325592,
6,19,0,0.8432228565216064,
6,20,0,0.7414676547050476,
6,21,0,0.4831152558326721,
6,22,0,0.2828424572944641,
6,23,0,0.6849620342254639,
6,24,0,0.8228520154953003,
6,25,0,0.7258350253105164,
6,26,0,0.8388554453849792,
6,27,0,0.38682204484939575,
6,28,0,0.28596746921539307,
6,29,0,0.46170854568481445,
6,30,0,0.8317214250564575,
6,31,0,0.8060436248779297,
6,32,0,0.4520346522331238,
6,33,0,0.7481552958488464,
6,34,0,0.8057025671005249,
6,35,0,0.2786303162574768,
6,36,0,0.4271901249885559,
6,37,0,0.8269128799438477,
6,38,0,0.19667166471481323,
6,39,0,0.8452245593070984,
6,40,0,0.1615932583808899,
6,41,0,0.6357288360595703,
6,42,0,0.466644287109375,
6,43,0,0.04166203737258911,
6,44,0,0.7458871603012085,
6,45,0,0.4702939987182617,
6,46,0,0.049168169498443604,
6,47,0,0.047345638275146484,
6,48,0,0.839651882648468,
6,49,0,0.3137773275375366,
6,50,0,0.8409059047698975,
6,51,0,0.38667649030685425,
6,52,0,0.43144381046295166,
6,53,0,0.04893571138381958,
6,54,0,0.8541834950447083,
6,55,0,0.45114070177078247,
6,56,0,0.7958543300628662,
6,57,0,0.5002095103263855,
6,58,0,0.8579391241073608,
6,59,0,0.3628085255622864,
6,60,0,0.4260748624801636,
6,61,0,0.611152172088623,
6,62,0,0.8296372890472412,
6,63,0,0.2740321755409241,
6,64,0,0.2639147639274597,
6,65,0,0.7648071646690369,
6,66,0,0.7281284332275391,
6,67,0,0.43977218866348267,
6,68,0,0.8236128091812134,
6,69,0,0.4567049741744995,
6,70,0,0.5104309916496277,
6,71,0,0.6312298774719238,
6,72,0,0.6690731048583984,
6,73,0,0.7981212139129639,
6,74,0,0.8215608596801758,
6,75,0,0.6481913328170776,
6,76,0,0.8155457973480225,
6,77,0,0.7301403284072876,
6,78,0,0.16134363412857056,
6,79,0,0.8253616690635681,
6,80,0,0.47960716485977173,
6,81,0,0.8114464282989502,
6,82,0,0.05192023515701294,
6,83,0,0.822535514831543,
6,84,0,0.8356735706329346,
6,85,0,0.5056362152099609,
6,86,0,0.8338264226913452,
6,87,0,0.5766538977622986,
6,88,0,0.8171579837799072,
6,89,0,0.4862886071205139,
6,90,0,0.7402182817459106,
6,91,0,0.823285698890686,
6,92,0,0.852989912033081,
6,93,0,0.8202931880950928,
6,94,0,0.49202126264572144,
6,95,0,0.8382331728935242,
6,96,0,0.2798697352409363,
6,97,0,0.8455268144607544,
6,98,0,0.6202447414398193,
6,99,0,0.8369958400726318,
6,100,0,0.7532072067260742,
6,101,0,0.6737083196640015,
6,102,0,0.8307511806488037,
6,103,0,0.7825452089309692,
6,104,0,0.8413164019584656,
6,105,0,0.3444433808326721,
6,106,0,0.8339225053787231,
6,107,0,0.8262643218040466,
6,108,0,0.6422234773635864,
6,109,0,0.8244870901107788,
6,110,0,0.8411596417427063,
6,111,0,0.8196355104446411,
6,112,0,0.8416365385055542,
6,113,0,0.43094122409820557,
6,114,0,0.261205792427063,
6,115,0,0.8283237218856812,
6,116,0,0.8150697350502014,
6,117,0,0.3727666735649109,
6,118,0,0.8191366791725159,
6,119,0,0.33767420053482056,
6,120,0,0.8276384472846985,
6,121,0,0.8459477424621582,
6,122,0,0.7275255918502808,
6,123,0,0.06707793474197388,
6,124,0,0.41701000928878784,
6,125,0,0.757874608039856,
6,126,0,0.8431224226951599,
6,127,0,0.8272619843482971,
6,128,0,0.8203570246696472,
6,129,0,0.8435968160629272,
6,130,0,0.7268102169036865,
6,131,0,0.8367904424667358,
6,132,0,0.7822133302688599,
6,133,0,0.2463010549545288,
6,134,0,0.429557204246521,
6,135,0,0.4851818084716797,
6,136,0,0.05641084909439087,
6,137,0,0.13389617204666138,
6,138,0,0.26090580224990845,
6,139,0,0.4800161123275757,
6,140,0,0.8183797597885132,
6,141,0,0.7803006172180176,
6,142,0,0.8234294056892395,
6,143,0,0.7767930030822754,
6,144,0,0.8169442415237427,
6,145,0,0.21996867656707764,
6,146,0,0.6888949871063232,
6,147,0,0.2412593960762024,
6,148,0,0.7841618061065674,
6,149,0,0.7885072231292725,
6,150,0,0.8066563606262207,
6,151,0,0.8271619081497192,
6,152,0,0.7289639711380005,
6,153,0,0.8232742547988892,
6,154,0,0.8290268182754517,
6,155,0,0.7114382982254028,
6,156,0,0.049278438091278076,
6,157,0,0.6311741471290588,
6,158,0,0.7752255797386169,
6,159,0,0.8076379299163818,
6,160,0,0.35506755113601685,
6,161,0,0.05909782648086548,
6,162,0,0.841372549533844,
6,163,0,0.2829427719116211,
6,164,0,0.39364105463027954,
6,165,0,0.7235903739929199,
6,166,0,0.2533465027809143,
6,167,0,0.831959068775177,
6,168,0,0.8479660153388977,
6,169,0,0.14465004205703735,
6,170,0,0.783706545829773,
6,171,0,0.7387306690216064,
6,172,0,0.7353516817092896,
6,173,0,0.6405743360519409,
6,174,0,0.7516999244689941,
6,175,0,0.4182583689689636,
6,176,0,0.7643952965736389,
6,177,0,0.31065505743026733,
6,178,0,0.8394205570220947,
6,179,0,0.34710633754730225,
6,180,0,0.7937253713607788,
6,181,0,0.8020458817481995,
6,182,0,0.3311885595321655,
6,183,0,0.17561912536621094,
6,184,0,0.7892196774482727,
6,185,0,0.7487205266952515,
6,186,0,0.29390251636505127,
6,187,0,0.7465395927429199,
6,188,0,0.7600764632225037,
6,189,0,0.26727616786956787,
6,190,0,0.06478697061538696,
6,191,0,0.45637255907058716,
6,192,0,0.7741900086402893,
6,193,0,0.7338336706161499,
6,194,0,0.731329083442688,
6,195,0,0.8575676083564758,
6,196,0,0.7413730621337891,
6,197,0,0.19104629755020142,
6,198,0,0.8040005564689636,
6,199,0,0.2531864643096924,
6,200,0,0.7587956190109253,
6,201,0,0.049227237701416016,
6,202,0,0.28846418857574463,
6,203,0,0.8374017477035522,
6,204,0,0.337604284286499,
6,205,0,0.2493920922279358,
6,206,0,0.3499789237976074,
6,207,0,0.15131622552871704,
6,208,0,0.48025816679000854,
6,209,0,0.7902451753616333,
6,210,0,0.3061375617980957,
6,211,0,0.8279759883880615,
6,212,0,0.47725629806518555,
6,213,0,0.8077707290649414,
6,214,0,0.8414515256881714,
6,215,0,0.8409274816513062,
6,216,0,0.454067587852478,
6,217,0,0.8315894603729248,
6,218,0,0.8391817808151245,
6,219,0,0.7293295860290527,
6,220,0,0.2543720006942749,
6,221,0,0.7413311004638672,
6,222,0,0.31697994470596313,
6,223,0,0.48697906732559204,
6,224,0,0.825162947177887,
6,225,0,0.2927491068840027,
6,226,0,0.8184299468994141,
6,227,0,0.17149341106414795,
6,228,0,0.7112959623336792,
6,229,0,0.41974949836730957,
6,230,0,0.4556676745414734,
6,231,0,0.8370028734207153,
6,232,0,0.8572439551353455,
6,233,0,0.8478275537490845,
6,234,0,0.8262501955032349,
6,235,0,0.04545313119888306,
6,236,0,0.4424164891242981,
6,237,0,0.8359960317611694,
6,238,0,0.4674263596534729,
6,239,0,0.4154839515686035,
6,240,0,0.8205437064170837,
6,241,0,0.8271678686141968,
6,242,0,0.826521635055542,
6,243,0,0.4394370913505554,
6,244,0,0.3094515800476074,
6,245,0,0.05029541254043579,
6,246,0,0.4322977662086487,
6,247,0,0.8378915190696716,
6,248,0,0.455649197101593,
6,249,0,0.8268918991088867,
6,250,0,0.12241619825363159,
6,251,0,0.84815514087677,
6,252,0,0.7783188223838806,
6,253,0,0.7775364518165588,
6,254,0,0.0413898229598999,
6,255,0,0.7544812560081482,
6,256,0,0.5712637305259705,
6,257,0,0.8495199680328369,
6,258,0,0.8344321250915527,
6,259,0,0.8378490805625916,
6,260,0,0.5214749574661255,
6,261,0,0.7477560043334961,
6,262,0,0.8357427716255188,
6,263,0,0.7367082834243774,
6,264,0,0.2922940254211426,
6,265,0,0.8411194086074829,
6,266,0,0.8253908753395081,
6,267,0,0.8419256210327148,
6,268,0,0.32857847213745117,
6,269,0,0.4637066125869751,
6,270,0,0.6025525331497192,
6,271,0,0.8124672770500183,
6,272,0,0.3834182620048523,
6,273,0,0.8439716100692749,
6,274,0,0.8164812922477722,
6,275,0,0.16182047128677368,
6,276,0,0.8137044310569763,
6,277,0,0.06227594614028931,
6,278,0,0.5538332462310791,
6,279,0,0.7395156025886536,
6,280,0,0.7836347818374634,
6,281,0,0.7928914427757263,
6,282,0,0.7519070506095886,
6,283,0,0.754767894744873,
6,284,0,0.8414521813392639,
6,285,0,0.8251738548278809,
6,286,0,0.6539827585220337,
6,287,0,0.7271754741668701,
6,288,0,0.8165264129638672,
6,289,0,0.5268527269363403,
6,290,0,0.8315504193305969,
6,291,0,0.046798110008239746,
6,292,0,0.3912805914878845,
6,293,0,0.8463180065155029,
6,294,0,0.8391926288604736,
6,295,0,0.8421984314918518,
6,296,0,0.4822167158126831,
6,297,0,0.049386024475097656,
6,298,0,0.8571630716323853,
6,299,0,0.8122352957725525,
6,300,0,0.4239596128463745,
6,301,0,0.4142187833786011,
6,302,0,0.8413600921630859,
6,303,0,0.605471134185791,
6,304,0,0.843246340751648,
6,305,0,0.46993333101272583,
6,306,0,0.23671120405197144,
6,307,0,0.8356557488441467,
6,308,0,0.8428986072540283,
6,309,0,0.1970229148864746,
6,310,0,0.8207961916923523,
6,311,0,0.38927412033081055,
6,312,0,0.8251665830612183,
6,313,0,0.8187388777732849,
6,314,0,0.41708487272262573,
6,315,0,0.8019345998764038,
6,316,0,0.8390639424324036,
6,317,0,0.6938775777816772,
6,318,0,0.3605383634567261,
6,319,0,0.3207979202270508,
6,320,0,0.7445361018180847,
6,321,0,0.8334816694259644,
6,322,0,0.836158275604248,
6,323,0,0.29891514778137207,
6,324,0,0.849738597869873,
6,325,0,0.8040953278541565,
6,326,0,0.8100353479385376,
6,327,0,0.7310391068458557,
6,328,0,0.7267109751701355,
6,329,0,0.7748457789421082,
6,330,0,0.37210792303085327,
6,331,0,0.32714414596557617,
6,332,0,0.8392136096954346,
6,333,0,0.25042229890823364,
6,334,0,0.8110252618789673,
6,335,0,0.37624484300613403,
6,336,0,0.8308906555175781,
6,337,0,0.4544549584388733,
6,338,0,0.6381555795669556,
6,339,0,0.7939440011978149,
6,340,0,0.8446527123451233,
6,341,0,0.058089256286621094,
6,342,0,0.7397172451019287,
6,343,0,0.6263870000839233,
6,344,0,0.8288223743438721,
6,345,0,0.8272132873535156,
6,346,0,0.24346095323562622,
6,347,0,0.1700626015663147,
6,348,0,0.752703070640564,
6,349,0,0.8284425735473633,
6,350,0,0.7893138527870178,
6,351,0,0.7725462317466736,
6,352,0,0.825555145740509,
6,353,0,0.82121741771698,
6,354,0,0.6545953750610352,
6,355,0,0.16273289918899536,
6,356,0,0.8352502584457397,
6,357,0,0.74288010597229,
6,358,0,0.2065855860710144,
6,359,0,0.7810981273651123,
6,360,0,0.8413747549057007,
6,361,0,0.847175121307373,
6,362,0,0.25543683767318726,
6,363,0,0.31188613176345825,
6,364,0,0.7520054578781128,
6,365,0,0.854983925819397,
6,366,0,0.8342875242233276,
6,367,0,0.8372179865837097,
6,368,0,0.8240753412246704,
6,369,0,0.8134390115737915,
6,370,0,0.6309496760368347,
6,371,0,0.7185978889465332,
6,372,0,0.8240675926208496,
6,373,0,0.835286021232605,
6,374,0,0.4259377121925354,
6,375,0,0.7590447068214417,
6,376,0,0.7643660306930542,
6,377,0,0.33510321378707886,
6,378,0,0.40564340353012085,
6,379,0,0.8394882082939148,
6,380,0,0.34252190589904785,
6,381,0,0.3209819197654724,
6,382,0,0.3224131464958191,
6,383,0,0.84135901927948,
6,384,0,0.3412271738052368,
6,385,0,0.3360651731491089,
6,386,0,0.24233537912368774,
6,387,0,0.4406769871711731,
6,388,0,0.056469738483428955,
6,389,0,0.7939696907997131,
6,390,0,0.7610691785812378,
6,391,0,0.6953383088111877,
6,392,0,0.6820767521858215,
6,393,0,0.3115498423576355,
6,394,0,0.48054325580596924,
6,395,0,0.8036665916442871,
6,396,0,0.15582352876663208,
6,397,0,0.18550032377243042,
6,398,0,0.7909694910049438,
6,399,0,0.3048444390296936,
6,400,0,0.7105937004089355,
6,401,0,0.7599275708198547,
6,402,0,0.8398233652114868,
6,403,0,0.7998194694519043,
6,404,0,0.32560187578201294,
6,405,0,0.06354808807373047,
6,406,0,0.7588844299316406,
6,407,0,0.8552900552749634,
6,408,0,0.7967270016670227,
6,409,0,0.7192929983139038,
6,410,0,0.8446848392486572,
6,411,0,0.3081626892089844,
6,412,0,0.8120807409286499,
6,413,0,0.06755292415618896,
6,414,0,0.7798119783401489,
6,415,0,0.6464525461196899,
6,416,0,0.8333072066307068,
6,417,0,0.0541304349899292,
6,418,0,0.49498605728149414,
6,419,0,0.4685002565383911,
6,420,0,0.26007264852523804,
6,421,0,0.25801390409469604,
6,422,0,0.823836624622345,
6,423,0,0.8405771255493164,
6,424,0,0.8325168490409851,
6,425,0,0.8123568892478943,
6,426,0,0.8139789700508118,
6,427,0,0.8061938285827637,
6,428,0,0.45048290491104126,
6,429,0,0.8148180246353149,
6,430,0,0.2602357268333435,
6,431,0,0.7896329164505005,
6,432,0,0.7631210684776306,
6,433,0,0.8272048234939575,
6,434,0,0.831336259841919,
6,435,0,0.8171373009681702,
6,436,0,0.615645170211792,
6,437,0,0.05145317316055298,
6,438,0,0.7222638130187988,
6,439,0,0.22151780128479004,
6,440,0,0.8485941886901855,
6,441,0,0.7846001386642456,
6,442,0,0.8256416916847229,
6,443,0,0.8194271326065063,
6,444,0,0.7580595016479492,
6,445,0,0.8277992010116577,
6,446,0,0.7546515464782715,
6,447,0,0.3140077590942383,
6,448,0,0.05154836177825928,
6,449,0,0.8027262687683105,
6,450,0,0.7821974754333496,
6,451,0,0.2614930272102356,
6,452,0,0.8227356672286987,
6,453,0,0.2955161929130554,
6,454,0,0.41937196254730225,
6,455,0,0.5768617391586304,
6,456,0,0.7263222932815552,
6,457,0,0.6690272092819214,
6,458,0,0.515939474105835,
6,459,0,0.8216022253036499,
6,460,0,0.8214012980461121,
6,461,0,0.46712160110473633,
6,462,0,0.8070873022079468,
6,463,0,0.1519322395324707,
6,464,0,0.6188661456108093,
6,465,0,0.7422938346862793,
6,466,0,0.04468280076980591,
6,467,0,0.8156420588493347,
6,468,0,0.6465598344802856,
6,469,0,0.7895687818527222,
6,470,0,0.34867268800735474,
6,471,0,0.05296403169631958,
6,472,0,0.8428508639335632,
6,473,0,0.8404011130332947,
6,474,0,0.05384016036987305,
6,475,0,0.8299522399902344,
6,476,0,0.46171361207962036,
6,477,0,0.8276638388633728,
6,478,0,0.5169955492019653,
6,479,0,0.48383915424346924,
6,480,0,0.679706335067749,
6,481,0,0.1723763346672058,
6,482,0,0.8084311485290527,
6,483,0,0.8361656665802002,
6,484,0,0.8382479548454285,
6,485,0,0.4452970027923584,
6,486,0,0.7187415957450867,
6,487,0,0.3414795994758606,
6,488,0,0.7335444688796997,
6,489,0,0.8360142707824707,
6,490,0,0.7643424868583679,
6,491,0,0.8265935182571411,
6,492,0,0.6525042057037354,
6,493,0,0.744423508644104,
6,494,0,0.05629044771194458,
6,495,0,0.3610944151878357,
6,496,0,0.28832346200942993,
6,497,0,0.7760480046272278,
6,498,0,0.45351529121398926,
6,499,0,0.8447561264038086,
6,500,0,0.8032785654067993,
6,501,0,0.7696937322616577,
6,502,0,0.83830326795578,
6,503,0,0.21010750532150269,
6,504,0,0.7607136368751526,
6,505,0,0.4704214930534363,
6,506,0,0.7733141183853149,
6,507,0,0.27397382259368896,
6,508,0,0.8474913835525513,
6,509,0,0.8412867784500122,
6,510,0,0.8364306688308716,
6,511,0,0.7659553289413452,
6,512,0,0.2504643201828003,
6,513,0,0.7228889465332031,
6,514,0,0.8085900545120239,
6,515,0,0.8094803094863892,
6,516,0,0.7426132559776306,
6,517,0,0.40524786710739136,
6,518,0,0.23774564266204834,
6,519,0,0.2927740216255188,
6,520,0,0.8270190358161926,
6,521,0,0.8276383280754089,
6,522,0,0.3622356057167053,
6,523,0,0.8620694875717163,
6,524,0,0.7423173189163208,
6,525,0,0.05141866207122803,
6,526,0,0.32550764083862305,
6,527,0,0.8398081064224243,
6,528,0,0.05174309015274048,
6,529,0,0.8271560072898865,
6,530,0,0.7991121411323547,
6,531,0,0.8453693985939026,
6,532,0,0.8002097606658936,
6,533,0,0.8299984931945801,
6,534,0,0.3784449100494385,
6,535,0,0.8350649476051331,
6,536,0,0.7926287651062012,
6,537,0,0.27950912714004517,
6,538,0,0.8275086283683777,
6,539,0,0.8048686981201172,
6,540,0,0.7848176956176758,
6,541,0,0.42638808488845825,
6,542,0,0.33191782236099243,
6,543,0,0.84721440076828,
6,544,0,0.060098230838775635,
6,545,0,0.39876067638397217,
6,546,0,0.45456522703170776,
6,547,0,0.059417784214019775,
6,548,0,0.7783366441726685,
6,549,0,0.3201632499694824,
6,550,0,0.8370037078857422,
6,551,0,0.8464497923851013,
6,552,0,0.7224558591842651,
6,553,0,0.44146400690078735,
6,554,0,0.6629695892333984,
6,555,0,0.26101982593536377,
6,556,0,0.7779764533042908,
6,557,0,0.8308875560760498,
6,558,0,0.39338308572769165,
6,559,0,0.6564435362815857,
6,560,0,0.7868268489837646,
6,561,0,0.8363884687423706,
6,562,0,0.1691584587097168,
6,563,0,0.8261824250221252,
6,564,0,0.47741037607192993,
6,565,0,0.3487549424171448,
6,566,0,0.3727067708969116,
6,567,0,0.8246210217475891,
6,568,0,0.21702295541763306,
6,569,0,0.8224799036979675,
6,570,0,0.6462430953979492,
6,571,0,0.6130783557891846,
6,572,0,0.32259929180145264,
6,573,0,0.8454549908638,
6,574,0,0.3196943402290344,
6,575,0,0.283338725566864,
6,576,0,0.8007922172546387,
6,577,0,0.2963077425956726,
6,578,0,0.3139650821685791,
6,579,0,0.7916494011878967,
6,580,0,0.2896501421928406,
6,581,0,0.4017534852027893,
6,582,0,0.8226020336151123,
6,583,0,0.7674252390861511,
6,584,0,0.4411005973815918,
6,585,0,0.8148525953292847,
6,586,0,0.8320971727371216,
6,587,0,0.5968382358551025,
6,588,0,0.23277521133422852,
6,589,0,0.7142651081085205,
6,590,0,0.8274263143539429,
6,591,0,0.2641006112098694,
6,592,0,0.8192286491394043,
6,593,0,0.8351225256919861,
6,594,0,0.8202673196792603,
6,595,0,0.7459641695022583,
6,596,0,0.43624716997146606,
6,597,0,0.16683846712112427,
6,598,0,0.33068931102752686,
6,599,0,0.34218907356262207,
6,600,0,0.7525401711463928,
6,601,0,0.42472368478775024,
6,602,0,0.18974286317825317,
6,603,0,0.31039029359817505,
6,604,0,0.7443197965621948,
6,605,0,0.8008951544761658,
6,606,0,0.3050217628479004,
6,607,0,0.7500646710395813,
6,608,0,0.7015875577926636,
6,609,0,0.8367906212806702,
6,610,0,0.8443700075149536,
6,611,0,0.8463636040687561,
6,612,0,0.6677947044372559,
6,613,0,0.761608898639679,
6,614,0,0.8366513252258301,
6,615,0,0.3924630284309387,
6,616,0,0.8463749885559082,
6,617,0,0.3028145432472229,
6,618,0,0.17029303312301636,
6,619,0,0.4183427691459656,
6,620,0,0.8434966206550598,
6,621,0,0.4373261332511902,
6,622,0,0.7920689582824707,
6,623,0,0.43596094846725464,
6,624,0,0.3234465718269348,
6,625,0,0.8570923805236816,
6,626,0,0.818586528301239,
6,627,0,0.8198524117469788,
6,628,0,0.8538258075714111,
6,629,0,0.48037201166152954,
6,630,0,0.06412553787231445,
6,631,0,0.17885780334472656,
6,632,0,0.8143518567085266,
6,633,0,0.7378662824630737,
6,634,0,0.8401064872741699,
6,635,0,0.4780023694038391,
6,636,0,0.8106725215911865,
6,637,0,0.7010665535926819,
6,638,0,0.834771454334259,
6,639,0,0.7462183833122253,
6,640,0,0.15605372190475464,
6,641,0,0.7769960165023804,
6,642,0,0.7700272798538208,
6,643,0,0.4183836579322815,
6,644,0,0.41113579273223877,
6,645,0,0.8151143789291382,
6,646,0,0.8392863273620605,
6,647,0,0.7796850204467773,
6,648,0,0.8258296251296997,
6,649,0,0.047869861125946045,
6,650,0,0.7683713436126709,
6,651,0,0.441723108291626,
6,652,0,0.7038043737411499,
6,653,0,0.5999784469604492,
6,654,0,0.759393572807312,
6,655,0,0.24750304222106934,
6,656,0,0.2522168755531311,
6,657,0,0.38169384002685547,
6,658,0,0.7424194812774658,
6,659,0,0.05025148391723633,
6,660,0,0.8455551862716675,
6,661,0,0.7535797357559204,
6,662,0,0.8192360401153564,
6,663,0,0.7272113561630249,
6,664,0,0.8435243964195251,
6,665,0,0.42975932359695435,
6,666,0,0.05447202920913696,
6,667,0,0.8250977396965027,
6,668,0,0.29909151792526245,
6,669,0,0.4651924967765808,
6,670,0,0.38384342193603516,
6,671,0,0.760672926902771,
6,672,0,0.17544609308242798,
6,673,0,0.28398704528808594,
6,674,0,0.4098549485206604,
6,675,0,0.7595012784004211,
6,676,0,0.163055419921875,
6,677,0,0.6133530139923096,
6,678,0,0.851146936416626,
6,679,0,0.807854413986206,
6,680,0,0.0592997670173645,
6,681,0,0.8340203166007996,
6,682,0,0.33041149377822876,
6,683,0,0.35221725702285767,
6,684,0,0.8270819187164307,
6,685,0,0.8144223093986511,
6,686,0,0.8073614835739136,
6,687,0,0.6265196204185486,
6,688,0,0.2847217321395874,
6,689,0,0.7601311206817627,
6,690,0,0.8390629291534424,
6,691,0,0.16057664155960083,
6,692,0,0.3633924722671509,
6,693,0,0.7058305740356445,
6,694,0,0.7635137438774109,
6,695,0,0.7677309513092041,
6,696,0,0.18988734483718872,
6,697,0,0.7528419494628906,
6,698,0,0.8465431928634644,
6,699,0,0.45052438974380493,
6,700,0,0.2693748474121094,
6,701,0,0.8435717225074768,
6,702,0,0.7864066362380981,
6,703,0,0.8349464535713196,
6,704,0,0.15714997053146362,
6,705,0,0.05479675531387329,
6,706,0,0.8476917147636414,
6,707,0,0.8152441382408142,
6,708,0,0.840096652507782,
6,709,0,0.7495216131210327,
6,710,0,0.41000229120254517,
6,711,0,0.3505074381828308,
6,712,0,0.29542040824890137,
6,713,0,0.4251527190208435,
6,714,0,0.8386387825012207,
6,715,0,0.45187509059906006,
6,716,0,0.7656116485595703,
6,717,0,0.6746926307678223,
6,718,0,0.82240891456604,
6,719,0,0.8298838138580322,
6,720,0,0.7961207628250122,
6,721,0,0.7858997583389282,
6,722,0,0.785841703414917,
6,723,0,0.17138957977294922,
6,724,0,0.7218446731567383,
6,725,0,0.20210683345794678,
6,726,0,0.830073356628418,
6,727,0,0.8120244145393372,
6,728,0,0.19560128450393677,
6,729,0,0.4521140456199646,
6,730,0,0.38102859258651733,
6,731,0,0.8299061059951782,
6,732,0,0.8143168687820435,
6,733,0,0.40368735790252686,
6,734,0,0.821757435798645,
6,735,0,0.3236560821533203,
6,736,0,0.7619038820266724,
6,737,0,0.8145236968994141,
6,738,0,0.8149232268333435,
6,739,0,0.6321617364883423,
6,740,0,0.3077646493911743,
6,741,0,0.6994116306304932,
6,742,0,0.8315271735191345,
6,743,0,0.849475622177124,
6,744,0,0.8125674724578857,
6,745,0,0.2912468910217285,
6,746,0,0.741614818572998,
6,747,0,0.8415127992630005,
6,748,0,0.7353912591934204,
6,749,0,0.8279677629470825,
6,750,0,0.8262863159179688,
6,751,0,0.8287169933319092,
6,752,0,0.7701514959335327,
6,753,0,0.47626399993896484,
6,754,0,0.7385817766189575,
6,755,0,0.8431838750839233,
6,756,0,0.827157735824585,
6,757,0,0.8400327563285828,
6,758,0,0.7143267393112183,
6,759,0,0.052256643772125244,
6,760,0,0.44512832164764404,
6,761,0,0.738804817199707,
6,762,0,0.7750648856163025,
6,763,0,0.3412969708442688,
6,764,0,0.3185884356498718,
6,765,0,0.8026096820831299,
6,766,0,0.17377907037734985,
6,767,0,0.7479207515716553,
6,768,0,0.8292275667190552,
6,769,0,0.19996124505996704,
6,770,0,0.7870449423789978,
6,771,0,0.7251369953155518,
6,772,0,0.8005535006523132,
6,773,0,0.20752519369125366,
6,774,0,0.846380352973938,
6,775,0,0.7974056601524353,
6,776,0,0.26756608486175537,
6,777,0,0.8300852179527283,
6,778,0,0.43454891443252563,
6,779,0,0.8429455757141113,
6,780,0,0.7646417021751404,
6,781,0,0.8306100368499756,
6,782,0,0.41087788343429565,
6,783,0,0.8123139142990112,
6,784,0,0.40603768825531006,
6,785,0,0.046372413635253906,
6,786,0,0.4865831732749939,
6,787,0,0.26151710748672485,
6,788,0,0.8315297961235046,
6,789,0,0.3139260411262512,
6,790,0,0.7729914784431458,
6,791,0,0.4784121513366699,
6,792,0,0.35561567544937134,
6,793,0,0.8004336357116699,
6,794,0,0.8378164768218994,
6,795,0,0.2879820466041565,
6,796,0,0.8305450677871704,
6,797,0,0.059625208377838135,
6,798,0,0.46403634548187256,
6,799,0,0.8252566456794739,
6,val,,,0.5838522851467133
7,0,0,0.4038166403770447,
7,1,0,0.8157561421394348,
7,2,0,0.6650333404541016,
7,3,0,0.8524289131164551,
7,4,0,0.41086316108703613,
7,5,0,0.7650505304336548,
7,6,0,0.16842925548553467,
7,7,0,0.4714673161506653,
7,8,0,0.2513560652732849,
7,9,0,0.8180105686187744,
7,10,0,0.06517589092254639,
7,11,0,0.8326680660247803,
7,12,0,0.8326241970062256,
7,13,0,0.8259612321853638,
7,14,0,0.7467564344406128,
7,15,0,0.812762975692749,
7,16,0,0.512385368347168,
7,17,0,0.39707475900650024,
7,18,0,0.8144025802612305,
7,19,0,0.8504485487937927,
7,20,0,0.7500120401382446,
7,21,0,0.4861985445022583,
7,22,0,0.2828593850135803,
7,23,0,0.6892783641815186,
7,24,0,0.8263050317764282,
7,25,0,0.7279515266418457,
7,26,0,0.8404960632324219,
7,27,0,0.3841511011123657,
7,28,0,0.28493088483810425,
7,29,0,0.46207159757614136,
7,30,0,0.8326899409294128,
7,31,0,0.7963131070137024,
7,32,0,0.45055705308914185,
7,33,0,0.7468891143798828,
7,34,0,0.8047875165939331,
7,35,0,0.2754807472229004,
7,36,0,0.42341095209121704,
7,37,0,0.8246937394142151,
7,38,0,0.19533461332321167,
7,39,0,0.8410643935203552,
7,40,0,0.16093826293945312,
7,41,0,0.6352688074111938,
7,42,0,0.466109037399292,
7,43,0,0.03996074199676514,
7,44,0,0.7431948184967041,
7,45,0,0.4669346809387207,
7,46,0,0.049068987369537354,
7,47,0,0.0438079833984375,
7,48,0,0.8373586535453796,
7,49,0,0.31337451934814453,
7,50,0,0.8404052257537842,
7,51,0,0.388022780418396,
7,52,0,0.42837321758270264,
7,53,0,0.05022686719894409,
7,54,0,0.8520006537437439,
7,55,0,0.45445162057876587,
7,56,0,0.7934203147888184,
7,57,0,0.5005569458007812,
7,58,0,0.8567469120025635,
7,59,0,0.36037182807922363,
7,60,0,0.4241361618041992,
7,61,0,0.6090743541717529,
7,62,0,0.829254150390625,
7,63,0,0.27042174339294434,
7,64,0,0.2607191205024719,
7,65,0,0.7665814161300659,
7,66,0,0.7235568165779114,
7,67,0,0.43552398681640625,
7,68,0,0.8244032859802246,
7,69,0,0.45007234811782837,
7,70,0,0.5044234991073608,
7,71,0,0.6321234703063965,
7,72,0,0.6742896437644958,
7,73,0,0.7963884472846985,
7,74,0,0.8225278258323669,
7,75,0,0.6490430235862732,
7,76,0,0.8158152103424072,
7,77,0,0.7314494848251343,
7,78,0,0.1602206826210022,
7,79,0,0.8228164911270142,
7,80,0,0.47797495126724243,
7,81,0,0.8087974786758423,
7,82,0,0.0501331090927124,
7,83,0,0.8190116882324219,
7,84,0,0.8333841562271118,
7,85,0,0.5039304494857788,
7,86,0,0.8267185688018799,
7,87,0,0.5751409530639648,
7,88,0,0.8150565028190613,
7,89,0,0.48388612270355225,
7,90,0,0.7379328608512878,
7,91,0,0.8262248039245605,
7,92,0,0.8515287637710571,
7,93,0,0.8192101716995239,
7,94,0,0.4864993095397949,
7,95,0,0.8276842832565308,
7,96,0,0.2779577970504761,
7,97,0,0.8451939821243286,
7,98,0,0.6197929382324219,
7,99,0,0.8337019085884094,
7,100,0,0.7535735368728638,
7,101,0,0.6721080541610718,
7,102,0,0.8159852623939514,
7,103,0,0.7854120135307312,
7,104,0,0.8431428074836731,
7,105,0,0.3427696228027344,
7,106,0,0.8285157084465027,
7,107,0,0.8256153464317322,
7,108,0,0.6414872407913208,
7,109,0,0.8230180144309998,
7,110,0,0.838776707649231,
7,111,0,0.8262103199958801,
7,112,0,0.8412762880325317,
7,113,0,0.42954379320144653,
7,114,0,0.2590373754501343,
7,115,0,0.821361243724823,
7,116,0,0.8278164863586426,
7,117,0,0.3695250153541565,
7,118,0,0.8198184967041016,
7,119,0,0.335382878780365,
7,120,0,0.827130913734436,
7,121,0,0.8441523313522339,
7,122,0,0.7267251014709473,
7,123,0,0.06648796796798706,
7,124,0,0.4158124327659607,
7,125,0,0.7628175616264343,
7,126,0,0.838157057762146,
7,127,0,0.8263877630233765,
7,128,0,0.8209426999092102,
7,129,0,0.8433376550674438,
7,130,0,0.7255956530570984,
7,131,0,0.8305295705795288,
7,132,0,0.7802212834358215,
7,133,0,0.2468569278717041,
7,134,0,0.428711473941803,
7,135,0,0.48498064279556274,
7,136,0,0.05648839473724365,
7,137,0,0.13449448347091675,
7,138,0,0.2606655955314636,
7,139,0,0.479103147983551,
7,140,0,0.8173506259918213,
7,141,0,0.7798022031784058,
7,142,0,0.8257343173027039,
7,143,0,0.7795054912567139,
7,144,0,0.8171138763427734,
7,145,0,0.2180677056312561,
7,146,0,0.6900917887687683,
7,147,0,0.24038052558898926,
7,148,0,0.778014600276947,
7,149,0,0.7886286973953247,
7,150,0,0.806424081325531,
7,151,0,0.8189300298690796,
7,152,0,0.7287237644195557,
7,153,0,0.8228870630264282,
7,154,0,0.8292987942695618,
7,155,0,0.7102750539779663,
7,156,0,0.04820209741592407,
7,157,0,0.631373405456543,
7,158,0,0.7742578387260437,
7,159,0,0.8070999383926392,
7,160,0,0.3520025610923767,
7,161,0,0.05733996629714966,
7,162,0,0.8412514925003052,
7,163,0,0.2817872166633606,
7,164,0,0.38503390550613403,
7,165,0,0.7228349447250366,
7,166,0,0.25414377450942993,
7,167,0,0.8291570544242859,
7,168,0,0.8484712243080139,
7,169,0,0.14437389373779297,
7,170,0,0.7797260880470276,
7,171,0,0.7401346564292908,
7,172,0,0.7358723282814026,
7,173,0,0.6394076347351074,
7,174,0,0.7527225613594055,
7,175,0,0.4157984256744385,
7,176,0,0.7630677223205566,
7,177,0,0.3045869469642639,
7,178,0,0.8361175060272217,
7,179,0,0.3411112427711487,
7,180,0,0.7942331433296204,
7,181,0,0.806475043296814,
7,182,0,0.3289874792098999,
7,183,0,0.17304056882858276,
7,184,0,0.7911244630813599,
7,185,0,0.7548308968544006,
7,186,0,0.2905791401863098,
7,187,0,0.7441791296005249,
7,188,0,0.7630978226661682,
7,189,0,0.2699649930000305,
7,190,0,0.0650014877319336,
7,191,0,0.46265870332717896,
7,192,0,0.7798814177513123,
7,193,0,0.7377746105194092,
7,194,0,0.73393315076828,
7,195,0,0.8625584244728088,
7,196,0,0.741946816444397,
7,197,0,0.1901254653930664,
7,198,0,0.8023917078971863,
7,199,0,0.2527849078178406,
7,200,0,0.7494568228721619,
7,201,0,0.04908311367034912,
7,202,0,0.28509145975112915,
7,203,0,0.8359436392784119,
7,204,0,0.33460015058517456,
7,205,0,0.25228118896484375,
7,206,0,0.345322847366333,
7,207,0,0.15096813440322876,
7,208,0,0.477250337600708,
7,209,0,0.7846496105194092,
7,210,0,0.3060155510902405,
7,211,0,0.8258591890335083,
7,212,0,0.46920108795166016,
7,213,0,0.7988405823707581,
7,214,0,0.8401859998703003,
7,215,0,0.8338627219200134,
7,216,0,0.4533507227897644,
7,217,0,0.8299353122711182,
7,218,0,0.8393228054046631,
7,219,0,0.7279092073440552,
7,220,0,0.2534833550453186,
7,221,0,0.7363954782485962,
7,222,0,0.31611859798431396,
7,223,0,0.48727089166641235,
7,224,0,0.8257745504379272,
7,225,0,0.29140704870224,
7,226,0,0.8172979354858398,
7,227,0,0.17080974578857422,
7,228,0,0.7069509029388428,
7,229,0,0.4288705587387085,
7,230,0,0.4579852819442749,
7,231,0,0.8274911642074585,
7,232,0,0.8649417757987976,
7,233,0,0.8530089259147644,
7,234,0,0.827820897102356,
7,235,0,0.043220698833465576,
7,236,0,0.44050294160842896,
7,237,0,0.833848237991333,
7,238,0,0.4639117121696472,
7,239,0,0.40412217378616333,
7,240,0,0.8177241086959839,
7,241,0,0.8208255767822266,
7,242,0,0.8233469128608704,
7,243,0,0.43534815311431885,
7,244,0,0.30794841051101685,
7,245,0,0.05090838670730591,
7,246,0,0.4278298020362854,
7,247,0,0.8388367891311646,
7,248,0,0.4531581997871399,
7,249,0,0.8203502297401428,
7,250,0,0.12266099452972412,
7,251,0,0.8456588983535767,
7,252,0,0.7758318781852722,
7,253,0,0.7719599008560181,
7,254,0,0.03990703821182251,
7,255,0,0.7540385723114014,
7,256,0,0.5665688514709473,
7,257,0,0.8491407632827759,
7,258,0,0.8353319764137268,
7,259,0,0.8412572741508484,
7,260,0,0.5186588764190674,
7,261,0,0.7465171813964844,
7,262,0,0.8291886448860168,
7,263,0,0.7387123703956604,
7,264,0,0.29061228036880493,
7,265,0,0.8410904407501221,
7,266,0,0.8272601366043091,
7,267,0,0.8414952754974365,
7,268,0,0.33175021409988403,
7,269,0,0.4597790837287903,
7,270,0,0.5996557474136353,
7,271,0,0.8164955377578735,
7,272,0,0.38282710313796997,
7,273,0,0.8445862531661987,
7,274,0,0.8264530897140503,
7,275,0,0.15939569473266602,
7,276,0,0.814845085144043,
7,277,0,0.06168794631958008,
7,278,0,0.5411665439605713,
7,279,0,0.7377364635467529,
7,280,0,0.7913408875465393,
7,281,0,0.7912989258766174,
7,282,0,0.7568374872207642,
7,283,0,0.7532687187194824,
7,284,0,0.8430554866790771,
7,285,0,0.828459620475769,
7,286,0,0.656584620475769,
7,287,0,0.7248400449752808,
7,288,0,0.8202441930770874,
7,289,0,0.5241367816925049,
7,290,0,0.8304057717323303,
7,291,0,0.04673844575881958,
7,292,0,0.3878812789916992,
7,293,0,0.8456451296806335,
7,294,0,0.8391964435577393,
7,295,0,0.8296900391578674,
7,296,0,0.480224609375,
7,297,0,0.04969578981399536,
7,298,0,0.8578392863273621,
7,299,0,0.8119670152664185,
7,300,0,0.4255445599555969,
7,301,0,0.4134749174118042,
7,302,0,0.8408563733100891,
7,303,0,0.6041791439056396,
7,304,0,0.8426896929740906,
7,305,0,0.4692586064338684,
7,306,0,0.23474407196044922,
7,307,0,0.835522472858429,
7,308,0,0.8422966003417969,
7,309,0,0.1936972737312317,
7,310,0,0.8203747272491455,
7,311,0,0.38855111598968506,
7,312,0,0.8244096040725708,
7,313,0,0.8182036876678467,
7,314,0,0.4142034649848938,
7,315,0,0.8125725984573364,
7,316,0,0.8355312943458557,
7,317,0,0.6763046979904175,
7,318,0,0.3694846034049988,
7,319,0,0.3225449323654175,
7,320,0,0.7491381168365479,
7,321,0,0.8304638862609863,
7,322,0,0.8258946537971497,
7,323,0,0.2980973720550537,
7,324,0,0.8515636920928955,
7,325,0,0.8038390874862671,
7,326,0,0.807471513748169,
7,327,0,0.7298777103424072,
7,328,0,0.7368019819259644,
7,329,0,0.7747381329536438,
7,330,0,0.37084704637527466,
7,331,0,0.3242371082305908,
7,332,0,0.8266203999519348,
7,333,0,0.250049889087677,
7,334,0,0.8137140870094299,
7,335,0,0.3733018636703491,
7,336,0,0.828072726726532,
7,337,0,0.45132768154144287,
7,338,0,0.6374588012695312,
7,339,0,0.7896111011505127,
7,340,0,0.8470346927642822,
7,341,0,0.05899238586425781,
7,342,0,0.7416159510612488,
7,343,0,0.6227139234542847,
7,344,0,0.8287782669067383,
7,345,0,0.8267050981521606,
7,346,0,0.2375432848930359,
7,347,0,0.16884851455688477,
7,348,0,0.7524113059043884,
7,349,0,0.8251261115074158,
7,350,0,0.7834103107452393,
7,351,0,0.7724688649177551,
7,352,0,0.8254268169403076,
7,353,0,0.8249320983886719,
7,354,0,0.6532629728317261,
7,355,0,0.16216599941253662,
7,356,0,0.8350040912628174,
7,357,0,0.7502232193946838,
7,358,0,0.20553821325302124,
7,359,0,0.7799384593963623,
7,360,0,0.8396239280700684,
7,361,0,0.8474758863449097,
7,362,0,0.2514764666557312,
7,363,0,0.3090701699256897,
7,364,0,0.7514587640762329,
7,365,0,0.8490875959396362,
7,366,0,0.8284966945648193,
7,367,0,0.8383226990699768,
7,368,0,0.8200410008430481,
7,369,0,0.8118139505386353,
7,370,0,0.6267452239990234,
7,371,0,0.712005615234375,
7,372,0,0.8219362497329712,
7,373,0,0.833085834980011,
7,374,0,0.4189581871032715,
7,375,0,0.7598963379859924,
7,376,0,0.7637534141540527,
7,377,0,0.3342413306236267,
7,378,0,0.4130399823188782,
7,379,0,0.8375205993652344,
7,380,0,0.3399096727371216,
7,381,0,0.3194500803947449,
7,382,0,0.3203044533729553,
7,383,0,0.8424017429351807,
7,384,0,0.3327673077583313,
7,385,0,0.32944542169570923,
7,386,0,0.23963260650634766,
7,387,0,0.4405009150505066,
7,388,0,0.0554843544960022,
7,389,0,0.7902600169181824,
7,390,0,0.7581428289413452,
7,391,0,0.6949094533920288,
7,392,0,0.6849789023399353,
7,393,0,0.30966222286224365,
7,394,0,0.4781343936920166,
7,395,0,0.8162319660186768,
7,396,0,0.15502363443374634,
7,397,0,0.1806963086128235,
7,398,0,0.7998026013374329,
7,399,0,0.3019803762435913,
7,400,0,0.7083193063735962,
7,401,0,0.7533108592033386,
7,402,0,0.8332211375236511,
7,403,0,0.7981501221656799,
7,404,0,0.31991249322891235,
7,405,0,0.06275498867034912,
7,406,0,0.759261965751648,
7,407,0,0.8481912016868591,
7,408,0,0.7938758134841919,
7,409,0,0.7111573219299316,
7,410,0,0.8430119752883911,
7,411,0,0.30772536993026733,
7,412,0,0.8026475310325623,
7,413,0,0.06754320859909058,
7,414,0,0.7779771685600281,
7,415,0,0.643871009349823,
7,416,0,0.8387761116027832,
7,417,0,0.0540698766708374,
7,418,0,0.4931796193122864,
7,419,0,0.4684610366821289,
7,420,0,0.25569993257522583,
7,421,0,0.2574172616004944,
7,422,0,0.8213730454444885,
7,423,0,0.8395566344261169,
7,424,0,0.8274407982826233,
7,425,0,0.812787652015686,
7,426,0,0.8145589828491211,
7,427,0,0.809170663356781,
7,428,0,0.4517019987106323,
7,429,0,0.8139770030975342,
7,430,0,0.26334452629089355,
7,431,0,0.7976022958755493,
7,432,0,0.7484691143035889,
7,433,0,0.8282894492149353,
7,434,0,0.8309515714645386,
7,435,0,0.8163753151893616,
7,436,0,0.6149385571479797,
7,437,0,0.05069321393966675,
7,438,0,0.7176170349121094,
7,439,0,0.22106975317001343,
7,440,0,0.8497302532196045,
7,441,0,0.7861956357955933,
7,442,0,0.8255138397216797,
7,443,0,0.8190706968307495,
7,444,0,0.7562229633331299,
7,445,0,0.8276282548904419,
7,446,0,0.7454855442047119,
7,447,0,0.3119514584541321,
7,448,0,0.04977971315383911,
7,449,0,0.8022676706314087,
7,450,0,0.778580904006958,
7,451,0,0.2602044939994812,
7,452,0,0.8170495629310608,
7,453,0,0.2913017272949219,
7,454,0,0.4184221625328064,
7,455,0,0.5788875818252563,
7,456,0,0.7252309322357178,
7,457,0,0.6692730784416199,
7,458,0,0.514461874961853,
7,459,0,0.8232892155647278,
7,460,0,0.8212388753890991,
7,461,0,0.46554338932037354,
7,462,0,0.8069108128547668,
7,463,0,0.14855116605758667,
7,464,0,0.6159008741378784,
7,465,0,0.7418385744094849,
7,466,0,0.04398399591445923,
7,467,0,0.8152550458908081,
7,468,0,0.6421982049942017,
7,469,0,0.7943590879440308,
7,470,0,0.35233765840530396,
7,471,0,0.04945564270019531,
7,472,0,0.8421890735626221,
7,473,0,0.8397291898727417,
7,474,0,0.05209237337112427,
7,475,0,0.8285401463508606,
7,476,0,0.4601922631263733,
7,477,0,0.8319450616836548,
7,478,0,0.5120930075645447,
7,479,0,0.4819573163986206,
7,480,0,0.6779060959815979,
7,481,0,0.17013102769851685,
7,482,0,0.8045433759689331,
7,483,0,0.834645688533783,
7,484,0,0.8356122374534607,
7,485,0,0.4526723623275757,
7,486,0,0.7179436683654785,
7,487,0,0.3373330235481262,
7,488,0,0.7138773798942566,
7,489,0,0.838068425655365,
7,490,0,0.7673422694206238,
7,491,0,0.8267427086830139,
7,492,0,0.6492413282394409,
7,493,0,0.7458332777023315,
7,494,0,0.05534917116165161,
7,495,0,0.35996371507644653,
7,496,0,0.2846255898475647,
7,497,0,0.772284746170044,
7,498,0,0.45288532972335815,
7,499,0,0.8438255786895752,
7,500,0,0.8003044724464417,
7,501,0,0.7667853832244873,
7,502,0,0.8336591720581055,
7,503,0,0.20749300718307495,
7,504,0,0.7506945729255676,
7,505,0,0.46638327836990356,
7,506,0,0.7648115158081055,
7,507,0,0.2705293893814087,
7,508,0,0.8455201983451843,
7,509,0,0.8397744297981262,
7,510,0,0.826816976070404,
7,511,0,0.7714390754699707,
7,512,0,0.25165361166000366,
7,513,0,0.7253836989402771,
7,514,0,0.8094592690467834,
7,515,0,0.8091335892677307,
7,516,0,0.7435367107391357,
7,517,0,0.3997998833656311,
7,518,0,0.2347906231880188,
7,519,0,0.2896326184272766,
7,520,0,0.8318805694580078,
7,521,0,0.834031879901886,
7,522,0,0.3562546968460083,
7,523,0,0.8627962470054626,
7,524,0,0.7394083738327026,
7,525,0,0.05117875337600708,
7,526,0,0.3214593529701233,
7,527,0,0.8405552506446838,
7,528,0,0.05118781328201294,
7,529,0,0.8226916790008545,
7,530,0,0.7938987016677856,
7,531,0,0.8440234661102295,
7,532,0,0.7964807748794556,
7,533,0,0.8230265378952026,
7,534,0,0.3753102421760559,
7,535,0,0.8210256099700928,
7,536,0,0.7767164707183838,
7,537,0,0.27890443801879883,
7,538,0,0.8237664699554443,
7,539,0,0.805289626121521,
7,540,0,0.7982456088066101,
7,541,0,0.42910176515579224,
7,542,0,0.3378674387931824,
7,543,0,0.8526024222373962,
7,544,0,0.06128174066543579,
7,545,0,0.40662384033203125,
7,546,0,0.4589387774467468,
7,547,0,0.06099510192871094,
7,548,0,0.7782518863677979,
7,549,0,0.31671959161758423,
7,550,0,0.8352491855621338,
7,551,0,0.8409891128540039,
7,552,0,0.7153884172439575,
7,553,0,0.4386215806007385,
7,554,0,0.6672077178955078,
7,555,0,0.2630157470703125,
7,556,0,0.7808339595794678,
7,557,0,0.8248535394668579,
7,558,0,0.393235981464386,
7,559,0,0.6591941118240356,
7,560,0,0.7885627746582031,
7,561,0,0.8267738223075867,
7,562,0,0.16830825805664062,
7,563,0,0.8199817538261414,
7,564,0,0.4744008183479309,
7,565,0,0.3464158773422241,
7,566,0,0.36849868297576904,
7,567,0,0.8190832138061523,
7,568,0,0.21364110708236694,
7,569,0,0.8202410936355591,
7,570,0,0.6461635231971741,
7,571,0,0.6089926958084106,
7,572,0,0.31964951753616333,
7,573,0,0.8376376032829285,
7,574,0,0.31749439239501953,
7,575,0,0.2874932289123535,
7,576,0,0.7881798148155212,
7,577,0,0.2929310202598572,
7,578,0,0.3095364570617676,
7,579,0,0.785750150680542,
7,580,0,0.28886157274246216,
7,581,0,0.4074546694755554,
7,582,0,0.826195478439331,
7,583,0,0.7667577266693115,
7,584,0,0.44148188829421997,
7,585,0,0.8179911375045776,
7,586,0,0.8333389163017273,
7,587,0,0.5914707183837891,
7,588,0,0.22947996854782104,
7,589,0,0.7128459215164185,
7,590,0,0.8244214653968811,
7,591,0,0.2615032196044922,
7,592,0,0.8132016658782959,
7,593,0,0.8329122066497803,
7,594,0,0.8205526471138,
7,595,0,0.7417447566986084,
7,596,0,0.431141197681427,
7,597,0,0.16325527429580688,
7,598,0,0.3291183114051819,
7,599,0,0.3404107689857483,
7,600,0,0.7543839812278748,
7,601,0,0.4201105237007141,
7,602,0,0.18854331970214844,
7,603,0,0.3118324875831604,
7,604,0,0.7439464330673218,
7,605,0,0.7964019775390625,
7,606,0,0.3038811683654785,
7,607,0,0.7486231327056885,
7,608,0,0.7011233568191528,
7,609,0,0.833589494228363,
7,610,0,0.8427424430847168,
7,611,0,0.8466473817825317,
7,612,0,0.6647145748138428,
7,613,0,0.7626655101776123,
7,614,0,0.835578203201294,
7,615,0,0.3940914273262024,
7,616,0,0.8418610692024231,
7,617,0,0.3009501099586487,
7,618,0,0.17265748977661133,
7,619,0,0.4129406213760376,
7,620,0,0.8477222919464111,
7,621,0,0.42837196588516235,
7,622,0,0.7769808769226074,
7,623,0,0.4324321746826172,
7,624,0,0.3230077624320984,
7,625,0,0.8570747375488281,
7,626,0,0.8256133794784546,
7,627,0,0.8196861743927002,
7,628,0,0.8546884655952454,
7,629,0,0.47711819410324097,
7,630,0,0.06331968307495117,
7,631,0,0.17680633068084717,
7,632,0,0.8133770227432251,
7,633,0,0.7334606051445007,
7,634,0,0.8374581336975098,
7,635,0,0.47620755434036255,
7,636,0,0.8115285634994507,
7,637,0,0.7023600339889526,
7,638,0,0.8265447020530701,
7,639,0,0.753200352191925,
7,640,0,0.15416830778121948,
7,641,0,0.7746151685714722,
7,642,0,0.7700201272964478,
7,643,0,0.413025438785553,
7,644,0,0.39983731508255005,
7,645,0,0.8151191473007202,
7,646,0,0.8381301164627075,
7,647,0,0.7687870264053345,
7,648,0,0.7977680563926697,
7,649,0,0.047830939292907715,
7,650,0,0.7641376256942749,
7,651,0,0.45205092430114746,
7,652,0,0.708172082901001,
7,653,0,0.5932828187942505,
7,654,0,0.7722439765930176,
7,655,0,0.24839568138122559,
7,656,0,0.2516639828681946,
7,657,0,0.37884968519210815,
7,658,0,0.72861647605896,
7,659,0,0.05126190185546875,
7,660,0,0.8511184453964233,
7,661,0,0.7490133047103882,
7,662,0,0.8217467069625854,
7,663,0,0.7216825485229492,
7,664,0,0.8394210934638977,
7,665,0,0.4294816851615906,
7,666,0,0.054231226444244385,
7,667,0,0.8182525634765625,
7,668,0,0.29738789796829224,
7,669,0,0.4644423723220825,
7,670,0,0.3854396939277649,
7,671,0,0.757423996925354,
7,672,0,0.17743778228759766,
7,673,0,0.2829356789588928,
7,674,0,0.41194629669189453,
7,675,0,0.7608250975608826,
7,676,0,0.16110926866531372,
7,677,0,0.6179349422454834,
7,678,0,0.8438957333564758,
7,679,0,0.8078014850616455,
7,680,0,0.060050368309020996,
7,681,0,0.8196516036987305,
7,682,0,0.32453417778015137,
7,683,0,0.34663063287734985,
7,684,0,0.8180643320083618,
7,685,0,0.8194711208343506,
7,686,0,0.8026543855667114,
7,687,0,0.6250849962234497,
7,688,0,0.28375422954559326,
7,689,0,0.764379620552063,
7,690,0,0.8429827690124512,
7,691,0,0.1578952670097351,
7,692,0,0.36103183031082153,
7,693,0,0.7041240930557251,
7,694,0,0.7600980401039124,
7,695,0,0.7638472318649292,
7,696,0,0.18839794397354126,
7,697,0,0.7489607334136963,
7,698,0,0.84377121925354,
7,699,0,0.4484594464302063,
7,700,0,0.2663252353668213,
7,701,0,0.8378584980964661,
7,702,0,0.7860864996910095,
7,703,0,0.822953999042511,
7,704,0,0.15613418817520142,
7,705,0,0.05512601137161255,
7,706,0,0.8460848331451416,
7,707,0,0.8143426179885864,
7,708,0,0.8462707996368408,
7,709,0,0.750900149345398,
7,710,0,0.4102085828781128,
7,711,0,0.35042351484298706,
7,712,0,0.2901821732521057,
7,713,0,0.4236442446708679,
7,714,0,0.8420767784118652,
7,715,0,0.45142030715942383,
7,716,0,0.7653987407684326,
7,717,0,0.6566234827041626,
7,718,0,0.8238774538040161,
7,719,0,0.830022394657135,
7,720,0,0.7948348522186279,
7,721,0,0.7855377197265625,
7,722,0,0.7826554775238037,
7,723,0,0.17075544595718384,
7,724,0,0.7173387408256531,
7,725,0,0.20275932550430298,
7,726,0,0.8292703628540039,
7,727,0,0.8114215731620789,
7,728,0,0.1944713592529297,
7,729,0,0.4537181854248047,
7,730,0,0.377571165561676,
7,731,0,0.8300203084945679,
7,732,0,0.8121036887168884,
7,733,0,0.40765857696533203,
7,734,0,0.8160813450813293,
7,735,0,0.32201534509658813,
7,736,0,0.7600063681602478,
7,737,0,0.8108046054840088,
7,738,0,0.8140103220939636,
7,739,0,0.6417070627212524,
7,740,0,0.30614548921585083,
7,741,0,0.7038084268569946,
7,742,0,0.8329088091850281,
7,743,0,0.8547250032424927,
7,744,0,0.8023078441619873,
7,745,0,0.29310768842697144,
7,746,0,0.7400555610656738,
7,747,0,0.8380623459815979,
7,748,0,0.7402690649032593,
7,749,0,0.8279964327812195,
7,750,0,0.8219324350357056,
7,751,0,0.8267605900764465,
7,752,0,0.7580309510231018,
7,753,0,0.4730435013771057,
7,754,0,0.7387129068374634,
7,755,0,0.8431646227836609,
7,756,0,0.8280553817749023,
7,757,0,0.8406212329864502,
7,758,0,0.7066921591758728,
7,759,0,0.05178534984588623,
7,760,0,0.44603830575942993,
7,761,0,0.7424940466880798,
7,762,0,0.7771815061569214,
7,763,0,0.3397069573402405,
7,764,0,0.3165156841278076,
7,765,0,0.8051132559776306,
7,766,0,0.17334526777267456,
7,767,0,0.7482635974884033,
7,768,0,0.8300104141235352,
7,769,0,0.19784247875213623,
7,770,0,0.78333580493927,
7,771,0,0.7263799905776978,
7,772,0,0.8036831617355347,
7,773,0,0.20483118295669556,
7,774,0,0.8374314904212952,
7,775,0,0.7984463572502136,
7,776,0,0.2652125358581543,
7,777,0,0.8202782869338989,
7,778,0,0.43197089433670044,
7,779,0,0.8413726687431335,
7,780,0,0.7597050070762634,
7,781,0,0.8321080207824707,
7,782,0,0.40846574306488037,
7,783,0,0.8124595284461975,
7,784,0,0.4049481749534607,
7,785,0,0.04603374004364014,
7,786,0,0.48279857635498047,
7,787,0,0.2619088888168335,
7,788,0,0.8301000595092773,
7,789,0,0.3066475987434387,
7,790,0,0.771544873714447,
7,791,0,0.4803614616394043,
7,792,0,0.3551291227340698,
7,793,0,0.7997621297836304,
7,794,0,0.836242139339447,
7,795,0,0.2871318459510803,
7,796,0,0.8316028714179993,
7,797,0,0.05974900722503662,
7,798,0,0.46406155824661255,
7,799,0,0.828095018863678,
7,val,,,0.5848218441009522
8,0,0,0.40414220094680786,
8,1,0,0.8170112371444702,
8,2,0,0.6716728210449219,
8,3,0,0.8494220972061157,
8,4,0,0.41200482845306396,
8,5,0,0.7647660374641418,
8,6,0,0.16731077432632446,
8,7,0,0.47125083208084106,
8,8,0,0.24826335906982422,
8,9,0,0.8179177045822144,
8,10,0,0.06461811065673828,
8,11,0,0.836481511592865,
8,12,0,0.8336167931556702,
8,13,0,0.8259790539741516,
8,14,0,0.7484234571456909,
8,15,0,0.8186646699905396,
8,16,0,0.5116807818412781,
8,17,0,0.393246054649353,
8,18,0,0.8091803193092346,
8,19,0,0.8452770113945007,
8,20,0,0.7397029399871826,
8,21,0,0.4799538850784302,
8,22,0,0.28089451789855957,
8,23,0,0.6837460994720459,
8,24,0,0.8247848749160767,
8,25,0,0.7264591455459595,
8,26,0,0.8405005931854248,
8,27,0,0.384294331073761,
8,28,0,0.28416866064071655,
8,29,0,0.4603572487831116,
8,30,0,0.8335468173027039,
8,31,0,0.7946285009384155,
8,32,0,0.4503246545791626,
8,33,0,0.747259795665741,
8,34,0,0.8037201166152954,
8,35,0,0.27396583557128906,
8,36,0,0.4262862801551819,
8,37,0,0.8270056247711182,
8,38,0,0.19417434930801392,
8,39,0,0.8455455303192139,
8,40,0,0.1590331792831421,
8,41,0,0.6357177495956421,
8,42,0,0.4647848606109619,
8,43,0,0.039526164531707764,
8,44,0,0.7448360919952393,
8,45,0,0.4628143906593323,
8,46,0,0.047993242740631104,
8,47,0,0.04295986890792847,
8,48,0,0.8387924432754517,
8,49,0,0.30942708253860474,
8,50,0,0.8417791128158569,
8,51,0,0.38829106092453003,
8,52,0,0.42909449338912964,
8,53,0,0.048584938049316406,
8,54,0,0.8538893461227417,
8,55,0,0.44779765605926514,
8,56,0,0.7894479036331177,
8,57,0,0.4952232241630554,
8,58,0,0.8652105927467346,
8,59,0,0.3596033453941345,
8,60,0,0.42859315872192383,
8,61,0,0.6070078611373901,
8,62,0,0.8370363712310791,
8,63,0,0.2712327837944031,
8,64,0,0.26022499799728394,
8,65,0,0.754946768283844,
8,66,0,0.725752055644989,
8,67,0,0.42452913522720337,
8,68,0,0.8185341358184814,
8,69,0,0.4376530647277832,
8,70,0,0.504100501537323,
8,71,0,0.6304240822792053,
8,72,0,0.6696757078170776,
8,73,0,0.797603964805603,
8,74,0,0.8169397711753845,
8,75,0,0.6392674446105957,
8,76,0,0.8117347955703735,
8,77,0,0.7233996391296387,
8,78,0,0.16086596250534058,
8,79,0,0.8224973678588867,
8,80,0,0.4771917462348938,
8,81,0,0.811043918132782,
8,82,0,0.0498661994934082,
8,83,0,0.8197983503341675,
8,84,0,0.8417930603027344,
8,85,0,0.5030699968338013,
8,86,0,0.8241288661956787,
8,87,0,0.5773112177848816,
8,88,0,0.8158020973205566,
8,89,0,0.4834051728248596,
8,90,0,0.7395615577697754,
8,91,0,0.8257858753204346,
8,92,0,0.8518546223640442,
8,93,0,0.8194460272789001,
8,94,0,0.4846711754798889,
8,95,0,0.8284505009651184,
8,96,0,0.2768937349319458,
8,97,0,0.8447797298431396,
8,98,0,0.6226384043693542,
8,99,0,0.8300125002861023,
8,100,0,0.754706621170044,
8,101,0,0.6691607236862183,
8,102,0,0.8159775733947754,
8,103,0,0.7806679606437683,
8,104,0,0.8433293104171753,
8,105,0,0.3420235514640808,
8,106,0,0.827777624130249,
8,107,0,0.8256629705429077,
8,108,0,0.6397218108177185,
8,109,0,0.8225551843643188,
8,110,0,0.8361814022064209,
8,111,0,0.8188363313674927,
8,112,0,0.8410953283309937,
8,113,0,0.42796754837036133,
8,114,0,0.25785595178604126,
8,115,0,0.8224413394927979,
8,116,0,0.827094316482544,
8,117,0,0.3686116337776184,
8,118,0,0.8156233429908752,
8,119,0,0.33329862356185913,
8,120,0,0.8260836005210876,
8,121,0,0.8445504903793335,
8,122,0,0.7255816459655762,
8,123,0,0.06641072034835815,
8,124,0,0.4184494614601135,
8,125,0,0.7576760649681091,
8,126,0,0.8364084959030151,
8,127,0,0.8252050280570984,
8,128,0,0.8123893737792969,
8,129,0,0.8427309393882751,
8,130,0,0.7231192588806152,
8,131,0,0.8319382667541504,
8,132,0,0.7798115611076355,
8,133,0,0.24435752630233765,
8,134,0,0.42561739683151245,
8,135,0,0.48373252153396606,
8,136,0,0.055510103702545166,
8,137,0,0.13372266292572021,
8,138,0,0.25913572311401367,
8,139,0,0.47817617654800415,
8,140,0,0.8140736818313599,
8,141,0,0.7831369638442993,
8,142,0,0.8265141844749451,
8,143,0,0.7785276770591736,
8,144,0,0.8166700005531311,
8,145,0,0.21727502346038818,
8,146,0,0.6901302337646484,
8,147,0,0.23966902494430542,
8,148,0,0.7765239477157593,
8,149,0,0.7879458665847778,
8,150,0,0.8061668872833252,
8,151,0,0.817249059677124,
8,152,0,0.7281061410903931,
8,153,0,0.8225097060203552,
8,154,0,0.8291863203048706,
8,155,0,0.7097207307815552,
8,156,0,0.04828375577926636,
8,157,0,0.6304089426994324,
8,158,0,0.7737220525741577,
8,159,0,0.807248592376709,
8,160,0,0.3466142416000366,
8,161,0,0.05786597728729248,
8,162,0,0.8414160013198853,
8,163,0,0.27932673692703247,
8,164,0,0.3807799220085144,
8,165,0,0.7226154804229736,
8,166,0,0.2514823079109192,
8,167,0,0.8317378759384155,
8,168,0,0.8480838537216187,
8,169,0,0.14513474702835083,
8,170,0,0.773200511932373,
8,171,0,0.7397011518478394,
8,172,0,0.7354637384414673,
8,173,0,0.6392767429351807,
8,174,0,0.7530222535133362,
8,175,0,0.41446930170059204,
8,176,0,0.764945387840271,
8,177,0,0.3025006055831909,
8,178,0,0.8392011523246765,
8,179,0,0.3347740173339844,
8,180,0,0.7892330884933472,
8,181,0,0.8026317358016968,
8,182,0,0.3284420371055603,
8,183,0,0.17252063751220703,
8,184,0,0.7820674180984497,
8,185,0,0.7446870803833008,
8,186,0,0.286013662815094,
8,187,0,0.7410540580749512,
8,188,0,0.759043276309967,
8,189,0,0.2674073576927185,
8,190,0,0.06465882062911987,
8,191,0,0.45600736141204834,
8,192,0,0.7771880030632019,
8,193,0,0.7392874956130981,
8,194,0,0.7371196150779724,
8,195,0,0.8649213314056396,
8,196,0,0.7483550906181335,
8,197,0,0.18833380937576294,
8,198,0,0.812420666217804,
8,199,0,0.25144511461257935,
8,200,0,0.7476193308830261,
8,201,0,0.0491061806678772,
8,202,0,0.2824063301086426,
8,203,0,0.8380407094955444,
8,204,0,0.33104634284973145,
8,205,0,0.24830257892608643,
8,206,0,0.3421076536178589,
8,207,0,0.14809495210647583,
8,208,0,0.47720199823379517,
8,209,0,0.7823202610015869,
8,210,0,0.2997508645057678,
8,211,0,0.8266903758049011,
8,212,0,0.4823113679885864,
8,213,0,0.8029846549034119,
8,214,0,0.839918851852417,
8,215,0,0.8334934115409851,
8,216,0,0.4519267678260803,
8,217,0,0.8294679522514343,
8,218,0,0.8355860710144043,
8,219,0,0.7316664457321167,
8,220,0,0.2527463436126709,
8,221,0,0.7415194511413574,
8,222,0,0.31624794006347656,
8,223,0,0.48705625534057617,
8,224,0,0.8157817125320435,
8,225,0,0.2910473942756653,
8,226,0,0.8179428577423096,
8,227,0,0.16933995485305786,
8,228,0,0.7026441097259521,
8,229,0,0.4186461567878723,
8,230,0,0.45041775703430176,
8,231,0,0.8234281539916992,
8,232,0,0.8551411032676697,
8,233,0,0.842877209186554,
8,234,0,0.8256233334541321,
8,235,0,0.04306352138519287,
8,236,0,0.43878257274627686,
8,237,0,0.8325064182281494,
8,238,0,0.46543049812316895,
8,239,0,0.4019315838813782,
8,240,0,0.8169118762016296,
8,241,0,0.8233350515365601,
8,242,0,0.8232728838920593,
8,243,0,0.43885040283203125,
8,244,0,0.30538326501846313,
8,245,0,0.05099630355834961,
8,246,0,0.42635226249694824,
8,247,0,0.8356514573097229,
8,248,0,0.4487183094024658,
8,249,0,0.8195388317108154,
8,250,0,0.12033319473266602,
8,251,0,0.849309504032135,
8,252,0,0.7724944353103638,
8,253,0,0.7637197971343994,
8,254,0,0.03808027505874634,
8,255,0,0.7515758275985718,
8,256,0,0.5661134719848633,
8,257,0,0.846916913986206,
8,258,0,0.8284624814987183,
8,259,0,0.8356421589851379,
8,260,0,0.5172426700592041,
8,261,0,0.7438492774963379,
8,262,0,0.8372446298599243,
8,263,0,0.7398676872253418,
8,264,0,0.2889796495437622,
8,265,0,0.8374295234680176,
8,266,0,0.8239223957061768,
8,267,0,0.8400928378105164,
8,268,0,0.3198223114013672,
8,269,0,0.45786190032958984,
8,270,0,0.5982520580291748,
8,271,0,0.8112491369247437,
8,272,0,0.3808164596557617,
8,273,0,0.8441723585128784,
8,274,0,0.822842001914978,
8,275,0,0.1602039337158203,
8,276,0,0.8142517805099487,
8,277,0,0.06258922815322876,
8,278,0,0.5398050546646118,
8,279,0,0.7365831136703491,
8,280,0,0.7909623384475708,
8,281,0,0.7906633615493774,
8,282,0,0.751991331577301,
8,283,0,0.7518542408943176,
8,284,0,0.8443509340286255,
8,285,0,0.8246197700500488,
8,286,0,0.6538699865341187,
8,287,0,0.7242211103439331,
8,288,0,0.8145378828048706,
8,289,0,0.5208336710929871,
8,290,0,0.828921914100647,
8,291,0,0.046595752239227295,
8,292,0,0.3845771551132202,
8,293,0,0.8462803959846497,
8,294,0,0.8393548130989075,
8,295,0,0.8290683031082153,
8,296,0,0.4778780937194824,
8,297,0,0.049333393573760986,
8,298,0,0.8566864728927612,
8,299,0,0.8110839128494263,
8,300,0,0.41779762506484985,
8,301,0,0.41022831201553345,
8,302,0,0.8415112495422363,
8,303,0,0.6016920804977417,
8,304,0,0.8426493406295776,
8,305,0,0.46627599000930786,
8,306,0,0.23187953233718872,
8,307,0,0.8359415531158447,
8,308,0,0.843471884727478,
8,309,0,0.1940387487411499,
8,310,0,0.8214309811592102,
8,311,0,0.38790643215179443,
8,312,0,0.826227605342865,
8,313,0,0.819306492805481,
8,314,0,0.412151038646698,
8,315,0,0.7953891754150391,
8,316,0,0.8377813100814819,
8,317,0,0.656650185585022,
8,318,0,0.36128830909729004,
8,319,0,0.31468111276626587,
8,320,0,0.7406830787658691,
8,321,0,0.8292939066886902,
8,322,0,0.8232110142707825,
8,323,0,0.29526716470718384,
8,324,0,0.8480491042137146,
8,325,0,0.7984548211097717,
8,326,0,0.8081112504005432,
8,327,0,0.7288709878921509,
8,328,0,0.7256227731704712,
8,329,0,0.7749297618865967,
8,330,0,0.3697052597999573,
8,331,0,0.32160288095474243,
8,332,0,0.8231319189071655,
8,333,0,0.2471882700920105,
8,334,0,0.8052642941474915,
8,335,0,0.37398630380630493,
8,336,0,0.8306922912597656,
8,337,0,0.4419451355934143,
8,338,0,0.6374742388725281,
8,339,0,0.7867505550384521,
8,340,0,0.8446189165115356,
8,341,0,0.05717343091964722,
8,342,0,0.7432664632797241,
8,343,0,0.6132798194885254,
8,344,0,0.8271321058273315,
8,345,0,0.8271390199661255,
8,346,0,0.2400936484336853,
8,347,0,0.1669486165046692,
8,348,0,0.7552810907363892,
8,349,0,0.8248400092124939,
8,350,0,0.7888481616973877,
8,351,0,0.7724311947822571,
8,352,0,0.8254023194313049,
8,353,0,0.8228940367698669,
8,354,0,0.6485681533813477,
8,355,0,0.1622043251991272,
8,356,0,0.8291829824447632,
8,357,0,0.7369683384895325,
8,358,0,0.20413601398468018,
8,359,0,0.7770927548408508,
8,360,0,0.8356741666793823,
8,361,0,0.8451682925224304,
8,362,0,0.24822717905044556,
8,363,0,0.30662602186203003,
8,364,0,0.7411153316497803,
8,365,0,0.8401404023170471,
8,366,0,0.8201858401298523,
8,367,0,0.8312503099441528,
8,368,0,0.8116469383239746,
8,369,0,0.8171314597129822,
8,370,0,0.6242786645889282,
8,371,0,0.7054001688957214,
8,372,0,0.8224920034408569,
8,373,0,0.8246185779571533,
8,374,0,0.419288694858551,
8,375,0,0.7496408224105835,
8,376,0,0.7620710730552673,
8,377,0,0.33241844177246094,
8,378,0,0.40699833631515503,
8,379,0,0.8338170051574707,
8,380,0,0.340992271900177,
8,381,0,0.31640660762786865,
8,382,0,0.3186691403388977,
8,383,0,0.845518946647644,
8,384,0,0.3296249508857727,
8,385,0,0.32432812452316284,
8,386,0,0.23564296960830688,
8,387,0,0.4387219548225403,
8,388,0,0.05629253387451172,
8,389,0,0.7882452011108398,
8,390,0,0.7586106657981873,
8,391,0,0.6922022104263306,
8,392,0,0.6787748336791992,
8,393,0,0.3083549737930298,
8,394,0,0.47690606117248535,
8,395,0,0.810089111328125,
8,396,0,0.15331965684890747,
8,397,0,0.1788104772567749,
8,398,0,0.7988567352294922,
8,399,0,0.29664361476898193,
8,400,0,0.710284948348999,
8,401,0,0.7585139274597168,
8,402,0,0.8314732909202576,
8,403,0,0.7941597700119019,
8,404,0,0.31435781717300415,
8,405,0,0.06254327297210693,
8,406,0,0.7586439847946167,
8,407,0,0.8490868806838989,
8,408,0,0.7842901945114136,
8,409,0,0.7111246585845947,
8,410,0,0.8461633920669556,
8,411,0,0.30524104833602905,
8,412,0,0.8029683828353882,
8,413,0,0.06768590211868286,
8,414,0,0.7788278460502625,
8,415,0,0.6417824029922485,
8,416,0,0.8261411190032959,
8,417,0,0.053056538105010986,
8,418,0,0.49163883924484253,
8,419,0,0.46877986192703247,
8,420,0,0.2570819854736328,
8,421,0,0.25600844621658325,
8,422,0,0.8203900456428528,
8,423,0,0.8399059772491455,
8,424,0,0.8230234384536743,
8,425,0,0.8121179342269897,
8,426,0,0.8130277395248413,
8,427,0,0.8100275993347168,
8,428,0,0.45030754804611206,
8,429,0,0.8139236569404602,
8,430,0,0.260698139667511,
8,431,0,0.7934131622314453,
8,432,0,0.7518917322158813,
8,433,0,0.8276481628417969,
8,434,0,0.8303483724594116,
8,435,0,0.8159886598587036,
8,436,0,0.6128145456314087,
8,437,0,0.049819767475128174,
8,438,0,0.7109742164611816,
8,439,0,0.21996915340423584,
8,440,0,0.8501638174057007,
8,441,0,0.7840849161148071,
8,442,0,0.8252471685409546,
8,443,0,0.81792151927948,
8,444,0,0.7561971545219421,
8,445,0,0.8275629878044128,
8,446,0,0.7464224100112915,
8,447,0,0.3085429072380066,
8,448,0,0.05165177583694458,
8,449,0,0.8015472888946533,
8,450,0,0.7827122211456299,
8,451,0,0.2592228055000305,
8,452,0,0.8129926323890686,
8,453,0,0.28888624906539917,
8,454,0,0.41530996561050415,
8,455,0,0.573095977306366,
8,456,0,0.7203363180160522,
8,457,0,0.662422776222229,
8,458,0,0.5086851119995117,
8,459,0,0.8218602538108826,
8,460,0,0.8174737095832825,
8,461,0,0.46788424253463745,
8,462,0,0.8085367679595947,
8,463,0,0.15429162979125977,
8,464,0,0.6184756755828857,
8,465,0,0.7412288784980774,
8,466,0,0.04585552215576172,
8,467,0,0.820697009563446,
8,468,0,0.6443366408348083,
8,469,0,0.7896761894226074,
8,470,0,0.33968502283096313,
8,471,0,0.049761176109313965,
8,472,0,0.8419012427330017,
8,473,0,0.8342950344085693,
8,474,0,0.050971806049346924,
8,475,0,0.8237850069999695,
8,476,0,0.45347386598587036,
8,477,0,0.8308742642402649,
8,478,0,0.5046730041503906,
8,479,0,0.47870832681655884,
8,480,0,0.6754763126373291,
8,481,0,0.17038685083389282,
8,482,0,0.8000527024269104,
8,483,0,0.8371879458427429,
8,484,0,0.8357596397399902,
8,485,0,0.43882304430007935,
8,486,0,0.7177937030792236,
8,487,0,0.3372459411621094,
8,488,0,0.7087514400482178,
8,489,0,0.8341187238693237,
8,490,0,0.7635799646377563,
8,491,0,0.825332760810852,
8,492,0,0.6472593545913696,
8,493,0,0.7416824698448181,
8,494,0,0.05632692575454712,
8,495,0,0.35742616653442383,
8,496,0,0.2821798324584961,
8,497,0,0.7752317190170288,
8,498,0,0.4517682194709778,
8,499,0,0.8456544876098633,
8,500,0,0.7975651025772095,
8,501,0,0.7667919993400574,
8,502,0,0.8375914096832275,
8,503,0,0.20775467157363892,
8,504,0,0.7513526082038879,
8,505,0,0.46437978744506836,
8,506,0,0.7657867670059204,
8,507,0,0.2636079788208008,
8,508,0,0.8481305837631226,
8,509,0,0.8439900875091553,
8,510,0,0.8268446326255798,
8,511,0,0.7758965492248535,
8,512,0,0.2471182942390442,
8,513,0,0.7223741412162781,
8,514,0,0.810736358165741,
8,515,0,0.8011036515235901,
8,516,0,0.7395657896995544,
8,517,0,0.3952494263648987,
8,518,0,0.23132312297821045,
8,519,0,0.2912200689315796,
8,520,0,0.8204420804977417,
8,521,0,0.8223755359649658,
8,522,0,0.35510772466659546,
8,523,0,0.8609726428985596,
8,524,0,0.7439698576927185,
8,525,0,0.050985872745513916,
8,526,0,0.3192365765571594,
8,527,0,0.8377152681350708,
8,528,0,0.05028349161148071,
8,529,0,0.8248010873794556,
8,530,0,0.7917870283126831,
8,531,0,0.8465242981910706,
8,532,0,0.8009837865829468,
8,533,0,0.830872654914856,
8,534,0,0.3777278661727905,
8,535,0,0.8151418566703796,
8,536,0,0.7921227216720581,
8,537,0,0.27450019121170044,
8,538,0,0.82831209897995,
8,539,0,0.8023027181625366,
8,540,0,0.7961053848266602,
8,541,0,0.4209556579589844,
8,542,0,0.3297136425971985,
8,543,0,0.8476942777633667,
8,544,0,0.057437896728515625,
8,545,0,0.3939661979675293,
8,546,0,0.4508330225944519,
8,547,0,0.05855005979537964,
8,548,0,0.7771229147911072,
8,549,0,0.31537169218063354,
8,550,0,0.837000846862793,
8,551,0,0.8456899523735046,
8,552,0,0.7229756116867065,
8,553,0,0.439028263092041,
8,554,0,0.6614320278167725,
8,555,0,0.2526054382324219,
8,556,0,0.7760207056999207,
8,557,0,0.8271503448486328,
8,558,0,0.38801246881484985,
8,559,0,0.6506227850914001,
8,560,0,0.7848455309867859,
8,561,0,0.8304396867752075,
8,562,0,0.16539794206619263,
8,563,0,0.8217648863792419,
8,564,0,0.476216197013855,
8,565,0,0.3483268618583679,
8,566,0,0.36918485164642334,
8,567,0,0.8211090564727783,
8,568,0,0.21145421266555786,
8,569,0,0.8244709372520447,
8,570,0,0.6387327909469604,
8,571,0,0.6074806451797485,
8,572,0,0.3170701265335083,
8,573,0,0.8436002731323242,
8,574,0,0.31306666135787964,
8,575,0,0.27742093801498413,
8,576,0,0.7879053354263306,
8,577,0,0.2888029217720032,
8,578,0,0.3068309426307678,
8,579,0,0.792629599571228,
8,580,0,0.2824632525444031,
8,581,0,0.4009926915168762,
8,582,0,0.8241461515426636,
8,583,0,0.7645447254180908,
8,584,0,0.4419456720352173,
8,585,0,0.8159999251365662,
8,586,0,0.832362174987793,
8,587,0,0.5898028612136841,
8,588,0,0.22834289073944092,
8,589,0,0.7083423137664795,
8,590,0,0.8255294561386108,
8,591,0,0.25887131690979004,
8,592,0,0.8166135549545288,
8,593,0,0.8312023282051086,
8,594,0,0.8181068301200867,
8,595,0,0.7369153499603271,
8,596,0,0.42590761184692383,
8,597,0,0.16170138120651245,
8,598,0,0.32611215114593506,
8,599,0,0.335457444190979,
8,600,0,0.7512520551681519,
8,601,0,0.4166627526283264,
8,602,0,0.18559837341308594,
8,603,0,0.30534833669662476,
8,604,0,0.737558126449585,
8,605,0,0.7891477346420288,
8,606,0,0.30177009105682373,
8,607,0,0.7421597242355347,
8,608,0,0.6991868019104004,
8,609,0,0.8390690088272095,
8,610,0,0.8508527278900146,
8,611,0,0.8480908870697021,
8,612,0,0.668811559677124,
8,613,0,0.7661628723144531,
8,614,0,0.8383347392082214,
8,615,0,0.3955163359642029,
8,616,0,0.8387019634246826,
8,617,0,0.2928290367126465,
8,618,0,0.17023009061813354,
8,619,0,0.411551296710968,
8,620,0,0.846549928188324,
8,621,0,0.42098468542099,
8,622,0,0.771663248538971,
8,623,0,0.4296274781227112,
8,624,0,0.32033807039260864,
8,625,0,0.853914201259613,
8,626,0,0.8222319483757019,
8,627,0,0.8184188008308411,
8,628,0,0.8488606214523315,
8,629,0,0.4777072072029114,
8,630,0,0.06282645463943481,
8,631,0,0.1763426661491394,
8,632,0,0.8124072551727295,
8,633,0,0.7335807085037231,
8,634,0,0.8321080207824707,
8,635,0,0.4766926169395447,
8,636,0,0.810502827167511,
8,637,0,0.703794002532959,
8,638,0,0.8202963471412659,
8,639,0,0.7524800300598145,
8,640,0,0.15480858087539673,
8,641,0,0.7658923864364624,
8,642,0,0.7768661975860596,
8,643,0,0.41690605878829956,
8,644,0,0.4029267430305481,
8,645,0,0.8063873052597046,
8,646,0,0.8339799642562866,
8,647,0,0.7709810733795166,
8,648,0,0.7975652813911438,
8,649,0,0.04714256525039673,
8,650,0,0.7381882667541504,
8,651,0,0.4341426491737366,
8,652,0,0.702828049659729,
8,653,0,0.5854913592338562,
8,654,0,0.7604842185974121,
8,655,0,0.23900872468948364,
8,656,0,0.25285494327545166,
8,657,0,0.37869805097579956,
8,658,0,0.7345990538597107,
8,659,0,0.049201011657714844,
8,660,0,0.8605425357818604,
8,661,0,0.7578639984130859,
8,662,0,0.8178471922874451,
8,663,0,0.7339502573013306,
8,664,0,0.8514358997344971,
8,665,0,0.42411625385284424,
8,666,0,0.054074108600616455,
8,667,0,0.8270126581192017,
8,668,0,0.2941127419471741,
8,669,0,0.46253257989883423,
8,670,0,0.3808289170265198,
8,671,0,0.7525243163108826,
8,672,0,0.175398051738739,
8,673,0,0.28011882305145264,
8,674,0,0.4115009903907776,
8,675,0,0.7641363143920898,
8,676,0,0.15825212001800537,
8,677,0,0.6094164848327637,
8,678,0,0.8407278060913086,
8,679,0,0.8063003420829773,
8,680,0,0.060848236083984375,
8,681,0,0.8223305940628052,
8,682,0,0.32069623470306396,
8,683,0,0.34089118242263794,
8,684,0,0.8231093287467957,
8,685,0,0.8191238045692444,
8,686,0,0.7986634969711304,
8,687,0,0.6236404180526733,
8,688,0,0.28049927949905396,
8,689,0,0.7598229050636292,
8,690,0,0.8426564931869507,
8,691,0,0.15777450799942017,
8,692,0,0.3574652671813965,
8,693,0,0.7050610780715942,
8,694,0,0.758101761341095,
8,695,0,0.761981725692749,
8,696,0,0.18863677978515625,
8,697,0,0.7492948770523071,
8,698,0,0.8452860116958618,
8,699,0,0.4461493492126465,
8,700,0,0.2643340826034546,
8,701,0,0.8361160755157471,
8,702,0,0.7860156297683716,
8,703,0,0.8199722766876221,
8,704,0,0.15444409847259521,
8,705,0,0.05519157648086548,
8,706,0,0.8444019556045532,
8,707,0,0.8139748573303223,
8,708,0,0.8437824845314026,
8,709,0,0.7511454820632935,
8,710,0,0.40977680683135986,
8,711,0,0.3501628041267395,
8,712,0,0.28797751665115356,
8,713,0,0.42290621995925903,
8,714,0,0.8430356383323669,
8,715,0,0.44980931282043457,
8,716,0,0.766227126121521,
8,717,0,0.6606764793395996,
8,718,0,0.8230152130126953,
8,719,0,0.8284675478935242,
8,720,0,0.794039249420166,
8,721,0,0.7861502170562744,
8,722,0,0.7745075225830078,
8,723,0,0.17017298936843872,
8,724,0,0.7142927646636963,
8,725,0,0.19972658157348633,
8,726,0,0.8288582563400269,
8,727,0,0.8123053312301636,
8,728,0,0.19320648908615112,
8,729,0,0.44751596450805664,
8,730,0,0.3727119565010071,
8,731,0,0.8298755884170532,
8,732,0,0.8139333128929138,
8,733,0,0.3992190957069397,
8,734,0,0.8248034715652466,
8,735,0,0.3171004056930542,
8,736,0,0.7554689049720764,
8,737,0,0.8063362836837769,
8,738,0,0.8129330277442932,
8,739,0,0.6284120082855225,
8,740,0,0.30383896827697754,
8,741,0,0.6933426856994629,
8,742,0,0.8294355869293213,
8,743,0,0.8514401912689209,
8,744,0,0.8112341165542603,
8,745,0,0.28750550746917725,
8,746,0,0.7406398057937622,
8,747,0,0.8379585146903992,
8,748,0,0.7318487167358398,
8,749,0,0.8273264765739441,
8,750,0,0.8241593837738037,
8,751,0,0.8260660171508789,
8,752,0,0.7605197429656982,
8,753,0,0.469940721988678,
8,754,0,0.7305058836936951,
8,755,0,0.8417320251464844,
8,756,0,0.8279874324798584,
8,757,0,0.8385696411132812,
8,758,0,0.6959221959114075,
8,759,0,0.05155658721923828,
8,760,0,0.44196319580078125,
8,761,0,0.7397010326385498,
8,762,0,0.7763445377349854,
8,763,0,0.3353503942489624,
8,764,0,0.31342989206314087,
8,765,0,0.8023560643196106,
8,766,0,0.1704283356666565,
8,767,0,0.747611939907074,
8,768,0,0.8285605311393738,
8,769,0,0.19767779111862183,
8,770,0,0.7820292711257935,
8,771,0,0.7231684923171997,
8,772,0,0.8068416714668274,
8,773,0,0.20438510179519653,
8,774,0,0.8342601656913757,
8,775,0,0.8021410703659058,
8,776,0,0.26237159967422485,
8,777,0,0.8237543702125549,
8,778,0,0.43162691593170166,
8,779,0,0.8401684761047363,
8,780,0,0.7685022950172424,
8,781,0,0.831645131111145,
8,782,0,0.4055357575416565,
8,783,0,0.813959538936615,
8,784,0,0.40499502420425415,
8,785,0,0.04608553647994995,
8,786,0,0.4817655682563782,
8,787,0,0.25690656900405884,
8,788,0,0.8269201517105103,
8,789,0,0.3054339289665222,
8,790,0,0.7694634199142456,
8,791,0,0.4787026047706604,
8,792,0,0.347051203250885,
8,793,0,0.8003073930740356,
8,794,0,0.8358462452888489,
8,795,0,0.28110742568969727,
8,796,0,0.8291007280349731,
8,797,0,0.0613330602645874,
8,798,0,0.4632166028022766,
8,799,0,0.8285296559333801,
8,val,,,0.5847274041175843
9,0,0,0.40177422761917114,
9,1,0,0.8202527165412903,
9,2,0,0.6595921516418457,
9,3,0,0.8380467295646667,
9,4,0,0.4092751145362854,
9,5,0,0.7636314630508423,
9,6,0,0.16626298427581787,
9,7,0,0.47039616107940674,
9,8,0,0.24338299036026,
9,9,0,0.8154003620147705,
9,10,0,0.06455880403518677,
9,11,0,0.8270338177680969,
9,12,0,0.8328588604927063,
9,13,0,0.8280379176139832,
9,14,0,0.7456576824188232,
9,15,0,0.8163957595825195,
9,16,0,0.5087426900863647,
9,17,0,0.39161205291748047,
9,18,0,0.8087230324745178,
9,19,0,0.8455982208251953,
9,20,0,0.7364180684089661,
9,21,0,0.4771379828453064,
9,22,0,0.2797815203666687,
9,23,0,0.6820816993713379,
9,24,0,0.8244038224220276,
9,25,0,0.7248852849006653,
9,26,0,0.8404463529586792,
9,27,0,0.38108938932418823,
9,28,0,0.28349071741104126,
9,29,0,0.4570664167404175,
9,30,0,0.8343038558959961,
9,31,0,0.8001005053520203,
9,32,0,0.445285439491272,
9,33,0,0.7475067377090454,
9,34,0,0.805972158908844,
9,35,0,0.2717949151992798,
9,36,0,0.4214876890182495,
9,37,0,0.8259724974632263,
9,38,0,0.1923549771308899,
9,39,0,0.8451942205429077,
9,40,0,0.1586378812789917,
9,41,0,0.6316174268722534,
9,42,0,0.4614896774291992,
9,43,0,0.03970605134963989,
9,44,0,0.7434795498847961,
9,45,0,0.45661717653274536,
9,46,0,0.04772394895553589,
9,47,0,0.045680224895477295,
9,48,0,0.8383446931838989,
9,49,0,0.30882424116134644,
9,50,0,0.8413981795310974,
9,51,0,0.37369829416275024,
9,52,0,0.42597728967666626,
9,53,0,0.04848223924636841,
9,54,0,0.8551532030105591,
9,55,0,0.44744420051574707,
9,56,0,0.793016791343689,
9,57,0,0.4898908734321594,
9,58,0,0.8692528009414673,
9,59,0,0.3559461236000061,
9,60,0,0.42115598917007446,
9,61,0,0.599374532699585,
9,62,0,0.835580050945282,
9,63,0,0.27015674114227295,
9,64,0,0.25915777683258057,
9,65,0,0.7539252042770386,
9,66,0,0.7220757007598877,
9,67,0,0.4297400116920471,
9,68,0,0.8168729543685913,
9,69,0,0.43747609853744507,
9,70,0,0.4979897737503052,
9,71,0,0.6256132125854492,
9,72,0,0.6739363074302673,
9,73,0,0.7992230653762817,
9,74,0,0.8164503574371338,
9,75,0,0.6297323703765869,
9,76,0,0.8075335621833801,
9,77,0,0.7216886281967163,
9,78,0,0.1581324338912964,
9,79,0,0.8240137696266174,
9,80,0,0.4767441749572754,
9,81,0,0.8093710541725159,
9,82,0,0.05057942867279053,
9,83,0,0.8104009628295898,
9,84,0,0.8295546770095825,
9,85,0,0.5039920806884766,
9,86,0,0.8156488537788391,
9,87,0,0.5744515657424927,
9,88,0,0.8186661601066589,
9,89,0,0.47874224185943604,
9,90,0,0.7394679188728333,
9,91,0,0.8254321217536926,
9,92,0,0.8492594957351685,
9,93,0,0.8179281949996948,
9,94,0,0.4852123260498047,
9,95,0,0.8189136981964111,
9,96,0,0.28181976079940796,
9,97,0,0.8415952324867249,
9,98,0,0.613274335861206,
9,99,0,0.8235225081443787,
9,100,0,0.7534447312355042,
9,101,0,0.6699241399765015,
9,102,0,0.8096098899841309,
9,103,0,0.7811841368675232,
9,104,0,0.8418380618095398,
9,105,0,0.34244972467422485,
9,106,0,0.8275133967399597,
9,107,0,0.8254746198654175,
9,108,0,0.6348227858543396,
9,109,0,0.8215256929397583,
9,110,0,0.8339322209358215,
9,111,0,0.8181338906288147,
9,112,0,0.842947244644165,
9,113,0,0.426067054271698,
9,114,0,0.25651615858078003,
9,115,0,0.8241795301437378,
9,116,0,0.8233898878097534,
9,117,0,0.36843401193618774,
9,118,0,0.8094897866249084,
9,119,0,0.33183854818344116,
9,120,0,0.8247314691543579,
9,121,0,0.8468472361564636,
9,122,0,0.7238236665725708,
9,123,0,0.06734180450439453,
9,124,0,0.4208792448043823,
9,125,0,0.7660166025161743,
9,126,0,0.8326820135116577,
9,127,0,0.8270144462585449,
9,128,0,0.8077301383018494,
9,129,0,0.8432047367095947,
9,130,0,0.7194697856903076,
9,131,0,0.8307937979698181,
9,132,0,0.7700521945953369,
9,133,0,0.24288612604141235,
9,134,0,0.4231451749801636,
9,135,0,0.4823189973831177,
9,136,0,0.056407272815704346,
9,137,0,0.13275927305221558,
9,138,0,0.2586992383003235,
9,139,0,0.4776175618171692,
9,140,0,0.8110044002532959,
9,141,0,0.7763627171516418,
9,142,0,0.8205029964447021,
9,143,0,0.7771867513656616,
9,144,0,0.8159778714179993,
9,145,0,0.214829683303833,
9,146,0,0.6889185905456543,
9,147,0,0.23885077238082886,
9,148,0,0.7777723073959351,
9,149,0,0.7874058485031128,
9,150,0,0.8060473203659058,
9,151,0,0.8131101727485657,
9,152,0,0.7270795702934265,
9,153,0,0.8220261335372925,
9,154,0,0.8286647796630859,
9,155,0,0.7087208032608032,
9,156,0,0.04913538694381714,
9,157,0,0.6303093433380127,
9,158,0,0.772594153881073,
9,159,0,0.8063029646873474,
9,160,0,0.34682732820510864,
9,161,0,0.05773359537124634,
9,162,0,0.8420193791389465,
9,163,0,0.27752721309661865,
9,164,0,0.38150280714035034,
9,165,0,0.7227573394775391,
9,166,0,0.2511078715324402,
9,167,0,0.8236745595932007,
9,168,0,0.8475241661071777,
9,169,0,0.14119720458984375,
9,170,0,0.762305498123169,
9,171,0,0.7403120398521423,
9,172,0,0.7351314425468445,
9,173,0,0.6374557018280029,
9,174,0,0.7530506253242493,
9,175,0,0.41304028034210205,
9,176,0,0.7647576928138733,
9,177,0,0.2997763752937317,
9,178,0,0.8391693830490112,
9,179,0,0.3302849531173706,
9,180,0,0.7886783480644226,
9,181,0,0.8029831051826477,
9,182,0,0.3273923397064209,
9,183,0,0.1695447564125061,
9,184,0,0.7876505255699158,
9,185,0,0.7433867454528809,
9,186,0,0.28354501724243164,
9,187,0,0.7448290586471558,
9,188,0,0.7556706070899963,
9,189,0,0.2658982276916504,
9,190,0,0.06536197662353516,
9,191,0,0.4543939232826233,
9,192,0,0.778692364692688,
9,193,0,0.7377520799636841,
9,194,0,0.7341787219047546,
9,195,0,0.8629577159881592,
9,196,0,0.743639349937439,
9,197,0,0.18562889099121094,
9,198,0,0.801617443561554,
9,199,0,0.2510848641395569,
9,200,0,0.7439477443695068,
9,201,0,0.04957854747772217,
9,202,0,0.28254395723342896,
9,203,0,0.8377158045768738,
9,204,0,0.3337021470069885,
9,205,0,0.2380070686340332,
9,206,0,0.34448695182800293,
9,207,0,0.1465166211128235,
9,208,0,0.4757579565048218,
9,209,0,0.7906914949417114,
9,210,0,0.2978239059448242,
9,211,0,0.8275825381278992,
9,212,0,0.46228623390197754,
9,213,0,0.8006094694137573,
9,214,0,0.8424665927886963,
9,215,0,0.8315482139587402,
9,216,0,0.4516053795814514,
9,217,0,0.8318089842796326,
9,218,0,0.8361297249794006,
9,219,0,0.7323599457740784,
9,220,0,0.253204882144928,
9,221,0,0.7435315251350403,
9,222,0,0.31099796295166016,
9,223,0,0.4854732155799866,
9,224,0,0.8220126628875732,
9,225,0,0.2875310778617859,
9,226,0,0.8181731700897217,
9,227,0,0.1685999035835266,
9,228,0,0.6982037425041199,
9,229,0,0.4167364835739136,
9,230,0,0.44922274351119995,
9,231,0,0.8217796087265015,
9,232,0,0.8541352152824402,
9,233,0,0.8456935286521912,
9,234,0,0.8251098394393921,
9,235,0,0.044583141803741455,
9,236,0,0.43825483322143555,
9,237,0,0.8341346979141235,
9,238,0,0.46542853116989136,
9,239,0,0.40035057067871094,
9,240,0,0.8186646103858948,
9,241,0,0.8171612620353699,
9,242,0,0.8250672221183777,
9,243,0,0.43642520904541016,
9,244,0,0.302484393119812,
9,245,0,0.049954771995544434,
9,246,0,0.42170482873916626,
9,247,0,0.8354668021202087,
9,248,0,0.4454507827758789,
9,249,0,0.8250428438186646,
9,250,0,0.11809045076370239,
9,251,0,0.8488869667053223,
9,252,0,0.7731671333312988,
9,253,0,0.7687684297561646,
9,254,0,0.03904581069946289,
9,255,0,0.7540615797042847,
9,256,0,0.5615352988243103,
9,257,0,0.8492062091827393,
9,258,0,0.8292127847671509,
9,259,0,0.829623818397522,
9,260,0,0.518281102180481,
9,261,0,0.7441339492797852,
9,262,0,0.8270918130874634,
9,263,0,0.7384802103042603,
9,264,0,0.28892046213150024,
9,265,0,0.8286866545677185,
9,266,0,0.8152552843093872,
9,267,0,0.8421985507011414,
9,268,0,0.3197808861732483,
9,269,0,0.45707613229751587,
9,270,0,0.5953962802886963,
9,271,0,0.8099156022071838,
9,272,0,0.3784889578819275,
9,273,0,0.8443440198898315,
9,274,0,0.8200759291648865,
9,275,0,0.156657874584198,
9,276,0,0.8135578632354736,
9,277,0,0.061624884605407715,
9,278,0,0.5320420265197754,
9,279,0,0.7350376844406128,
9,280,0,0.7926990389823914,
9,281,0,0.7892656922340393,
9,282,0,0.7589121460914612,
9,283,0,0.7525410056114197,
9,284,0,0.8491989970207214,
9,285,0,0.8220500946044922,
9,286,0,0.6493104696273804,
9,287,0,0.7238275408744812,
9,288,0,0.8171137571334839,
9,289,0,0.5201570391654968,
9,290,0,0.8299119472503662,
9,291,0,0.047145724296569824,
9,292,0,0.3850131034851074,
9,293,0,0.8472252488136292,
9,294,0,0.8394970893859863,
9,295,0,0.8258627653121948,
9,296,0,0.4752528667449951,
9,297,0,0.048609912395477295,
9,298,0,0.8561380505561829,
9,299,0,0.8153603672981262,
9,300,0,0.4205981492996216,
9,301,0,0.4139707684516907,
9,302,0,0.840727686882019,
9,303,0,0.6053143739700317,
9,304,0,0.8429582715034485,
9,305,0,0.4669818878173828,
9,306,0,0.2316361665725708,
9,307,0,0.8352156281471252,
9,308,0,0.8424655199050903,
9,309,0,0.1900145411491394,
9,310,0,0.8195988535881042,
9,311,0,0.38562440872192383,
9,312,0,0.824288010597229,
9,313,0,0.8164185285568237,
9,314,0,0.4071314334869385,
9,315,0,0.7936739325523376,
9,316,0,0.836693525314331,
9,317,0,0.6515729427337646,
9,318,0,0.3623766303062439,
9,319,0,0.3166113495826721,
9,320,0,0.7425349950790405,
9,321,0,0.8216127157211304,
9,322,0,0.8278502821922302,
9,323,0,0.29332858324050903,
9,324,0,0.8433458209037781,
9,325,0,0.8011370897293091,
9,326,0,0.8033196926116943,
9,327,0,0.723910927772522,
9,328,0,0.7223029136657715,
9,329,0,0.7705682516098022,
9,330,0,0.36832529306411743,
9,331,0,0.31983011960983276,
9,332,0,0.8195853233337402,
9,333,0,0.24777168035507202,
9,334,0,0.8005717396736145,
9,335,0,0.3734625577926636,
9,336,0,0.8440806865692139,
9,337,0,0.45203322172164917,
9,338,0,0.6328853368759155,
9,339,0,0.7878934144973755,
9,340,0,0.8471010327339172,
9,341,0,0.05751800537109375,
9,342,0,0.7417945861816406,
9,343,0,0.6166689395904541,
9,344,0,0.8279175162315369,
9,345,0,0.8300084471702576,
9,346,0,0.2340106964111328,
9,347,0,0.16405904293060303,
9,348,0,0.751471757888794,
9,349,0,0.8252167105674744,
9,350,0,0.7837226986885071,
9,351,0,0.770786702632904,
9,352,0,0.8229013681411743,
9,353,0,0.823574960231781,
9,354,0,0.6578548550605774,
9,355,0,0.16073185205459595,
9,356,0,0.8318020701408386,
9,357,0,0.7357010841369629,
9,358,0,0.2033645510673523,
9,359,0,0.7799098491668701,
9,360,0,0.8293256759643555,
9,361,0,0.8462113738059998,
9,362,0,0.24573838710784912,
9,363,0,0.3040257692337036,
9,364,0,0.7474863529205322,
9,365,0,0.8372452259063721,
9,366,0,0.8179804086685181,
9,367,0,0.8247827291488647,
9,368,0,0.8130067586898804,
9,369,0,0.7987670302391052,
9,370,0,0.6174875497817993,
9,371,0,0.7043377161026001,
9,372,0,0.816211998462677,
9,373,0,0.821711540222168,
9,374,0,0.4137248992919922,
9,375,0,0.7498308420181274,
9,376,0,0.7522890567779541,
9,377,0,0.33291810750961304,
9,378,0,0.4069623351097107,
9,379,0,0.8293633460998535,
9,380,0,0.3338910937309265,
9,381,0,0.31676119565963745,
9,382,0,0.3225718140602112,
9,383,0,0.8435429334640503,
9,384,0,0.33047622442245483,
9,385,0,0.32194823026657104,
9,386,0,0.2333163022994995,
9,387,0,0.4357510805130005,
9,388,0,0.05541783571243286,
9,389,0,0.7800120711326599,
9,390,0,0.7509415745735168,
9,391,0,0.6941105127334595,
9,392,0,0.6720322966575623,
9,393,0,0.3057081699371338,
9,394,0,0.47797858715057373,
9,395,0,0.8084853887557983,
9,396,0,0.15548646450042725,
9,397,0,0.1790807843208313,
9,398,0,0.791032075881958,
9,399,0,0.29850757122039795,
9,400,0,0.7104185819625854,
9,401,0,0.751789927482605,
9,402,0,0.8333740830421448,
9,403,0,0.8020244240760803,
9,404,0,0.3095805048942566,
9,405,0,0.06225299835205078,
9,406,0,0.7594686150550842,
9,407,0,0.8437129855155945,
9,408,0,0.7837100028991699,
9,409,0,0.7023026943206787,
9,410,0,0.8461099863052368,
9,411,0,0.3015158772468567,
9,412,0,0.7851586937904358,
9,413,0,0.06720799207687378,
9,414,0,0.7771481275558472,
9,415,0,0.6441130638122559,
9,416,0,0.8296253681182861,
9,417,0,0.0533442497253418,
9,418,0,0.4920336604118347,
9,419,0,0.4669395685195923,
9,420,0,0.2512471079826355,
9,421,0,0.25463515520095825,
9,422,0,0.8184157609939575,
9,423,0,0.8409372568130493,
9,424,0,0.8281903862953186,
9,425,0,0.8121955394744873,
9,426,0,0.8156753778457642,
9,427,0,0.8102279901504517,
9,428,0,0.4497595429420471,
9,429,0,0.8148218393325806,
9,430,0,0.2587689161300659,
9,431,0,0.7920832633972168,
9,432,0,0.7422822713851929,
9,433,0,0.8298249244689941,
9,434,0,0.8280927538871765,
9,435,0,0.8156614303588867,
9,436,0,0.6096943616867065,
9,437,0,0.04930722713470459,
9,438,0,0.7082526683807373,
9,439,0,0.21683818101882935,
9,440,0,0.848304808139801,
9,441,0,0.7846444845199585,
9,442,0,0.8243285417556763,
9,443,0,0.8179634213447571,
9,444,0,0.7541746497154236,
9,445,0,0.8262980580329895,
9,446,0,0.7267706394195557,
9,447,0,0.3051598072052002,
9,448,0,0.05146998167037964,
9,449,0,0.8012815713882446,
9,450,0,0.7791846990585327,
9,451,0,0.25862473249435425,
9,452,0,0.811721682548523,
9,453,0,0.2875451445579529,
9,454,0,0.4156866669654846,
9,455,0,0.5730859041213989,
9,456,0,0.722179651260376,
9,457,0,0.6668277978897095,
9,458,0,0.5126067399978638,
9,459,0,0.816077470779419,
9,460,0,0.8213862776756287,
9,461,0,0.4644303321838379,
9,462,0,0.8062704801559448,
9,463,0,0.14778906106948853,
9,464,0,0.6102555990219116,
9,465,0,0.7402616739273071,
9,466,0,0.044178545475006104,
9,467,0,0.8154097199440002,
9,468,0,0.6415449380874634,
9,469,0,0.7886009216308594,
9,470,0,0.33268970251083374,
9,471,0,0.047740817070007324,
9,472,0,0.8423660397529602,
9,473,0,0.8381243944168091,
9,474,0,0.05078601837158203,
9,475,0,0.8299379944801331,
9,476,0,0.4596046209335327,
9,477,0,0.8325978517532349,
9,478,0,0.5106083154678345,
9,479,0,0.48166048526763916,
9,480,0,0.6775762438774109,
9,481,0,0.1681005358695984,
9,482,0,0.7988439798355103,
9,483,0,0.8374879360198975,
9,484,0,0.8384377956390381,
9,485,0,0.4371100664138794,
9,486,0,0.7168341875076294,
9,487,0,0.3332592248916626,
9,488,0,0.7038558721542358,
9,489,0,0.8358537554740906,
9,490,0,0.7624737620353699,
9,491,0,0.8261991143226624,
9,492,0,0.643384575843811,
9,493,0,0.7430546283721924,
9,494,0,0.05699014663696289,
9,495,0,0.3547436594963074,
9,496,0,0.28141433000564575,
9,497,0,0.7740045785903931,
9,498,0,0.4506991505622864,
9,499,0,0.8454057574272156,
9,500,0,0.8020747900009155,
9,501,0,0.7672037482261658,
9,502,0,0.8373561501502991,
9,503,0,0.20584160089492798,
9,504,0,0.7506256103515625,
9,505,0,0.46304136514663696,
9,506,0,0.7670324444770813,
9,507,0,0.258280873298645,
9,508,0,0.8469998836517334,
9,509,0,0.8432980179786682,
9,510,0,0.8270857930183411,
9,511,0,0.7631151080131531,
9,512,0,0.24753886461257935,
9,513,0,0.7220063209533691,
9,514,0,0.8109855651855469,
9,515,0,0.8102317452430725,
9,516,0,0.7405682802200317,
9,517,0,0.39345091581344604,
9,518,0,0.23005807399749756,
9,519,0,0.2841861844062805,
9,520,0,0.8223408460617065,
9,521,0,0.8255003690719604,
9,522,0,0.34846198558807373,
9,523,0,0.8627688884735107,
9,524,0,0.7397584915161133,
9,525,0,0.05072164535522461,
9,526,0,0.3150833249092102,
9,527,0,0.838761031627655,
9,528,0,0.04957377910614014,
9,529,0,0.8155021667480469,
9,530,0,0.7892860174179077,
9,531,0,0.8462258577346802,
9,532,0,0.8021209836006165,
9,533,0,0.8290948867797852,
9,534,0,0.37541663646698,
9,535,0,0.8108108043670654,
9,536,0,0.7902858853340149,
9,537,0,0.2743843197822571,
9,538,0,0.8269424438476562,
9,539,0,0.8006103038787842,
9,540,0,0.7947153449058533,
9,541,0,0.41778630018234253,
9,542,0,0.3262982964515686,
9,543,0,0.8462561368942261,
9,544,0,0.056772589683532715,
9,545,0,0.3905126452445984,
9,546,0,0.4478920102119446,
9,547,0,0.059324562549591064,
9,548,0,0.7774090766906738,
9,549,0,0.31115609407424927,
9,550,0,0.8351107835769653,
9,551,0,0.8449704647064209,
9,552,0,0.7192783355712891,
9,553,0,0.43687665462493896,
9,554,0,0.6614944934844971,
9,555,0,0.24832791090011597,
9,556,0,0.7752302885055542,
9,557,0,0.8218351602554321,
9,558,0,0.38577598333358765,
9,559,0,0.6520956754684448,
9,560,0,0.7931028008460999,
9,561,0,0.8257876634597778,
9,562,0,0.16386014223098755,
9,563,0,0.8236265182495117,
9,564,0,0.47500675916671753,
9,565,0,0.3448135256767273,
9,566,0,0.3682858347892761,
9,567,0,0.8252068758010864,
9,568,0,0.21120750904083252,
9,569,0,0.8168983459472656,
9,570,0,0.6323297023773193,
9,571,0,0.6056520938873291,
9,572,0,0.31103020906448364,
9,573,0,0.835601270198822,
9,574,0,0.3116632103919983,
9,575,0,0.2745247483253479,
9,576,0,0.783061146736145,
9,577,0,0.29073047637939453,
9,578,0,0.3015406131744385,
9,579,0,0.7851536273956299,
9,580,0,0.2777250409126282,
9,581,0,0.39932137727737427,
9,582,0,0.81697678565979,
9,583,0,0.7726855874061584,
9,584,0,0.43816083669662476,
9,585,0,0.8150073289871216,
9,586,0,0.8322465419769287,
9,587,0,0.592775821685791,
9,588,0,0.22396540641784668,
9,589,0,0.7027027606964111,
9,590,0,0.8262593746185303,
9,591,0,0.2551523447036743,
9,592,0,0.8169355988502502,
9,593,0,0.826018214225769,
9,594,0,0.8092060685157776,
9,595,0,0.7271103858947754,
9,596,0,0.42492610216140747,
9,597,0,0.15828722715377808,
9,598,0,0.32343775033950806,
9,599,0,0.34027791023254395,
9,600,0,0.74542236328125,
9,601,0,0.41503387689590454,
9,602,0,0.1858552098274231,
9,603,0,0.3086389899253845,
9,604,0,0.7510496377944946,
9,605,0,0.7960448861122131,
9,606,0,0.2984277009963989,
9,607,0,0.7371619939804077,
9,608,0,0.6909588575363159,
9,609,0,0.8320107460021973,
9,610,0,0.8406277894973755,
9,611,0,0.8449240922927856,
9,612,0,0.6569819450378418,
9,613,0,0.754940390586853,
9,614,0,0.8315682411193848,
9,615,0,0.38938844203948975,
9,616,0,0.8320465087890625,
9,617,0,0.287525475025177,
9,618,0,0.16636770963668823,
9,619,0,0.4039095640182495,
9,620,0,0.8463007211685181,
9,621,0,0.42582589387893677,
9,622,0,0.7728747725486755,
9,623,0,0.42458677291870117,
9,624,0,0.3194429278373718,
9,625,0,0.8549917340278625,
9,626,0,0.824878454208374,
9,627,0,0.8231952786445618,
9,628,0,0.8514084219932556,
9,629,0,0.4782101511955261,
9,630,0,0.06477391719818115,
9,631,0,0.17339789867401123,
9,632,0,0.8111969232559204,
9,633,0,0.7268890738487244,
9,634,0,0.8380709886550903,
9,635,0,0.4809117913246155,
9,636,0,0.8219922780990601,
9,637,0,0.7098900079727173,
9,638,0,0.8164020776748657,
9,639,0,0.7554891109466553,
9,640,0,0.15128237009048462,
9,641,0,0.7692468762397766,
9,642,0,0.7770710587501526,
9,643,0,0.41759973764419556,
9,644,0,0.4021400213241577,
9,645,0,0.806750476360321,
9,646,0,0.8311439156532288,
9,647,0,0.7766040563583374,
9,648,0,0.8181936144828796,
9,649,0,0.045973002910614014,
9,650,0,0.7623697519302368,
9,651,0,0.4359992742538452,
9,652,0,0.6982057094573975,
9,653,0,0.5853871703147888,
9,654,0,0.7573168277740479,
9,655,0,0.24632865190505981,
9,656,0,0.2497856616973877,
9,657,0,0.3783417344093323,
9,658,0,0.7259503602981567,
9,659,0,0.048598647117614746,
9,660,0,0.8498147130012512,
9,661,0,0.7493693828582764,
9,662,0,0.8229098916053772,
9,663,0,0.7280998229980469,
9,664,0,0.842891275882721,
9,665,0,0.426857590675354,
9,666,0,0.054411888122558594,
9,667,0,0.8184016346931458,
9,668,0,0.29254084825515747,
9,669,0,0.4618151783943176,
9,670,0,0.3781036138534546,
9,671,0,0.758086085319519,
9,672,0,0.17454004287719727,
9,673,0,0.27654963731765747,
9,674,0,0.4067206382751465,
9,675,0,0.7591586709022522,
9,676,0,0.15478628873825073,
9,677,0,0.6073887348175049,
9,678,0,0.8370383977890015,
9,679,0,0.8073105812072754,
9,680,0,0.06034201383590698,
9,681,0,0.8297184705734253,
9,682,0,0.31809377670288086,
9,683,0,0.3434022068977356,
9,684,0,0.8133779764175415,
9,685,0,0.8161141872406006,
9,686,0,0.7995501756668091,
9,687,0,0.621559202671051,
9,688,0,0.27876538038253784,
9,689,0,0.7493108510971069,
9,690,0,0.8438347578048706,
9,691,0,0.15549451112747192,
9,692,0,0.3540263772010803,
9,693,0,0.7046092748641968,
9,694,0,0.7610338926315308,
9,695,0,0.7640141248703003,
9,696,0,0.18829399347305298,
9,697,0,0.7515432238578796,
9,698,0,0.845488965511322,
9,699,0,0.44613057374954224,
9,700,0,0.2673882246017456,
9,701,0,0.8388767242431641,
9,702,0,0.7873839139938354,
9,703,0,0.818161129951477,
9,704,0,0.15470504760742188,
9,705,0,0.05632263422012329,
9,706,0,0.8503672480583191,
9,707,0,0.8137162923812866,
9,708,0,0.8554580807685852,
9,709,0,0.7426578998565674,
9,710,0,0.40181607007980347,
9,711,0,0.35017305612564087,
9,712,0,0.2853543758392334,
9,713,0,0.4175596833229065,
9,714,0,0.8487034440040588,
9,715,0,0.4505801796913147,
9,716,0,0.7615697979927063,
9,717,0,0.6624573469161987,
9,718,0,0.8213248252868652,
9,719,0,0.8283112645149231,
9,720,0,0.7942377328872681,
9,721,0,0.7843382954597473,
9,722,0,0.7676942944526672,
9,723,0,0.16766679286956787,
9,724,0,0.7115539312362671,
9,725,0,0.1979665756225586,
9,726,0,0.8249462246894836,
9,727,0,0.8131093382835388,
9,728,0,0.19194334745407104,
9,729,0,0.44772255420684814,
9,730,0,0.3689993619918823,
9,731,0,0.8297387361526489,
9,732,0,0.806515097618103,
9,733,0,0.3952447772026062,
9,734,0,0.8222581148147583,
9,735,0,0.31838250160217285,
9,736,0,0.7489458322525024,
9,737,0,0.8052529096603394,
9,738,0,0.8152283430099487,
9,739,0,0.6295145750045776,
9,740,0,0.2996233105659485,
9,741,0,0.7012045383453369,
9,742,0,0.8323483467102051,
9,743,0,0.8518965244293213,
9,744,0,0.8136088252067566,
9,745,0,0.2855721712112427,
9,746,0,0.7408618927001953,
9,747,0,0.8370274305343628,
9,748,0,0.7272665500640869,
9,749,0,0.8281168937683105,
9,750,0,0.8274890780448914,
9,751,0,0.8263880014419556,
9,752,0,0.7510889768600464,
9,753,0,0.46838146448135376,
9,754,0,0.7283146381378174,
9,755,0,0.842799961566925,
9,756,0,0.8276004791259766,
9,757,0,0.840713381767273,
9,758,0,0.6941732168197632,
9,759,0,0.05192333459854126,
9,760,0,0.4433765411376953,
9,761,0,0.739713191986084,
9,762,0,0.7763605713844299,
9,763,0,0.3328363299369812,
9,764,0,0.3118181824684143,
9,765,0,0.80342036485672,
9,766,0,0.17111873626708984,
9,767,0,0.7468725442886353,
9,768,0,0.8297989368438721,
9,769,0,0.19710159301757812,
9,770,0,0.7801786065101624,
9,771,0,0.7205840349197388,
9,772,0,0.8076671361923218,
9,773,0,0.2017751932144165,
9,774,0,0.8434412479400635,
9,775,0,0.8003228902816772,
9,776,0,0.260686457157135,
9,777,0,0.820586085319519,
9,778,0,0.4290449619293213,
9,779,0,0.8396282196044922,
9,780,0,0.7628102898597717,
9,781,0,0.8310423493385315,
9,782,0,0.4004439115524292,
9,783,0,0.8128677010536194,
9,784,0,0.400759756565094,
9,785,0,0.04658275842666626,
9,786,0,0.48263663053512573,
9,787,0,0.25374728441238403,
9,788,0,0.8182937502861023,
9,789,0,0.3024480938911438,
9,790,0,0.7674480676651001,
9,791,0,0.4825938940048218,
9,792,0,0.34797120094299316,
9,793,0,0.8012470006942749,
9,794,0,0.8335487842559814,
9,795,0,0.28057700395584106,
9,796,0,0.8305568099021912,
9,797,0,0.059324443340301514,
9,798,0,0.4610867500305176,
9,799,0,0.8291328549385071,
9,val,,,0.5842936533689499
10,0,0,0.39844900369644165,
10,1,0,0.8170084953308105,
10,2,0,0.6451515555381775,
10,3,0,0.8340365290641785,
10,4,0,0.4046700596809387,
10,5,0,0.7632380127906799,
10,6,0,0.16416484117507935,
10,7,0,0.46835803985595703,
10,8,0,0.2450597882270813,
10,9,0,0.8167060613632202,
10,10,0,0.06436938047409058,
10,11,0,0.824561357498169,
10,12,0,0.8316632509231567,
10,13,0,0.8258181214332581,
10,14,0,0.7467561960220337,
10,15,0,0.8155248165130615,
10,16,0,0.5074954032897949,
10,17,0,0.38823288679122925,
10,18,0,0.8083506226539612,
10,19,0,0.8403053283691406,
10,20,0,0.7362393140792847,
10,21,0,0.47455930709838867,
10,22,0,0.27793043851852417,
10,23,0,0.6818707585334778,
10,24,0,0.8241447806358337,
10,25,0,0.7244861125946045,
10,26,0,0.8400943279266357,
10,27,0,0.37696999311447144,
10,28,0,0.2819617986679077,
10,29,0,0.4559037685394287,
10,30,0,0.8331526517868042,
10,31,0,0.7885888814926147,
10,32,0,0.44252222776412964,
10,33,0,0.7460006475448608,
10,34,0,0.7995917797088623,
10,35,0,0.2695515751838684,
10,36,0,0.42014098167419434,
10,37,0,0.8258137702941895,
10,38,0,0.19059711694717407,
10,39,0,0.8451416492462158,
10,40,0,0.15786361694335938,
10,41,0,0.6270214915275574,
10,42,0,0.4633849859237671,
10,43,0,0.03971230983734131,
10,44,0,0.7431229948997498,
10,45,0,0.45387065410614014,
10,46,0,0.04819810390472412,
10,47,0,0.04725700616836548,
10,48,0,0.8385294675827026,
10,49,0,0.30739909410476685,
10,50,0,0.8415387272834778,
10,51,0,0.3705008625984192,
10,52,0,0.42335689067840576,
10,53,0,0.04697310924530029,
10,54,0,0.8546587228775024,
10,55,0,0.4446529150009155,
10,56,0,0.791778028011322,
10,57,0,0.4916554093360901,
10,58,0,0.8537371158599854,
10,59,0,0.35503292083740234,
10,60,0,0.4187689423561096,
10,61,0,0.5996073484420776,
10,62,0,0.8293241858482361,
10,63,0,0.2650728225708008,
10,64,0,0.2578188180923462,
10,65,0,0.7343332171440125,
10,66,0,0.7202156782150269,
10,67,0,0.41615134477615356,
10,68,0,0.8166520595550537,
10,69,0,0.4327548146247864,
10,70,0,0.49186933040618896,
10,71,0,0.6241910457611084,
10,72,0,0.6618374586105347,
10,73,0,0.8027886152267456,
10,74,0,0.8081626296043396,
10,75,0,0.6294402480125427,
10,76,0,0.8180822134017944,
10,77,0,0.7170052528381348,
10,78,0,0.15990597009658813,
10,79,0,0.8213785886764526,
10,80,0,0.48038387298583984,
10,81,0,0.8208567500114441,
10,82,0,0.050226032733917236,
10,83,0,0.8140620589256287,
10,84,0,0.8260917067527771,
10,85,0,0.5034928321838379,
10,86,0,0.8197118043899536,
10,87,0,0.5758094787597656,
10,88,0,0.8172807097434998,
10,89,0,0.47814685106277466,
10,90,0,0.7350608706474304,
10,91,0,0.8210094571113586,
10,92,0,0.8470794558525085,
10,93,0,0.817652702331543,
10,94,0,0.48256438970565796,
10,95,0,0.8130425214767456,
10,96,0,0.27394312620162964,
10,97,0,0.8424578905105591,
10,98,0,0.6133447885513306,
10,99,0,0.8272432684898376,
10,100,0,0.7483384609222412,
10,101,0,0.6642798185348511,
10,102,0,0.8052778840065002,
10,103,0,0.7722939848899841,
10,104,0,0.8445524573326111,
10,105,0,0.33834731578826904,
10,106,0,0.8168014287948608,
10,107,0,0.8243178725242615,
10,108,0,0.6288363337516785,
10,109,0,0.8241180181503296,
10,110,0,0.8293394446372986,
10,111,0,0.8155490159988403,
10,112,0,0.8388455510139465,
10,113,0,0.4242134094238281,
10,114,0,0.25408631563186646,
10,115,0,0.8181835412979126,
10,116,0,0.8151165843009949,
10,117,0,0.3639425039291382,
10,118,0,0.8093008399009705,
10,119,0,0.33023107051849365,
10,120,0,0.8254972100257874,
10,121,0,0.8415260314941406,
10,122,0,0.7235045433044434,
10,123,0,0.06698530912399292,
10,124,0,0.4129640460014343,
10,125,0,0.7615904808044434,
10,126,0,0.8318384885787964,
10,127,0,0.8253995776176453,
10,128,0,0.8041330575942993,
10,129,0,0.8429116606712341,
10,130,0,0.7102742195129395,
10,131,0,0.8277722001075745,
10,132,0,0.7651982307434082,
10,133,0,0.24222159385681152,
10,134,0,0.42235642671585083,
10,135,0,0.48299163579940796,
10,136,0,0.056432902812957764,
10,137,0,0.13037735223770142,
10,138,0,0.25802141427993774,
10,139,0,0.476026713848114,
10,140,0,0.8097782135009766,
10,141,0,0.772581934928894,
10,142,0,0.8222399353981018,
10,143,0,0.7783718705177307,
10,144,0,0.8159087896347046,
10,145,0,0.21328145265579224,
10,146,0,0.6878795623779297,
10,147,0,0.2363964319229126,
10,148,0,0.7792831659317017,
10,149,0,0.7864828705787659,
10,150,0,0.8054308891296387,
10,151,0,0.8153982162475586,
10,152,0,0.7274349927902222,
10,153,0,0.8223925232887268,
10,154,0,0.8288118243217468,
10,155,0,0.7089341878890991,
10,156,0,0.048321425914764404,
10,157,0,0.625685453414917,
10,158,0,0.7727543711662292,
10,159,0,0.806988000869751,
10,160,0,0.34617453813552856,
10,161,0,0.05726069211959839,
10,162,0,0.841485857963562,
10,163,0,0.2739940285682678,
10,164,0,0.37629568576812744,
10,165,0,0.7224116325378418,
10,166,0,0.24853664636611938,
10,167,0,0.8271336555480957,
10,168,0,0.8475074768066406,
10,169,0,0.13739889860153198,
10,170,0,0.7659526467323303,
10,171,0,0.738724946975708,
10,172,0,0.7344679832458496,
10,173,0,0.6358860731124878,
10,174,0,0.7530564665794373,
10,175,0,0.4111860394477844,
10,176,0,0.7642625570297241,
10,177,0,0.2952497601509094,
10,178,0,0.8389347791671753,
10,179,0,0.3333504796028137,
10,180,0,0.7893072962760925,
10,181,0,0.8011417984962463,
10,182,0,0.3256174921989441,
10,183,0,0.16748571395874023,
10,184,0,0.7860251069068909,
10,185,0,0.7445840835571289,
10,186,0,0.28273558616638184,
10,187,0,0.7411594986915588,
10,188,0,0.7507269382476807,
10,189,0,0.2648423910140991,
10,190,0,0.06418424844741821,
10,191,0,0.4493309259414673,
10,192,0,0.7694560885429382,
10,193,0,0.7380491495132446,
10,194,0,0.7356665730476379,
10,195,0,0.8623623251914978,
10,196,0,0.7355965375900269,
10,197,0,0.1830120086669922,
10,198,0,0.8028507232666016,
10,199,0,0.2448837161064148,
10,200,0,0.74281907081604,
10,201,0,0.04906719923019409,
10,202,0,0.27720367908477783,
10,203,0,0.8262680172920227,
10,204,0,0.32693469524383545,
10,205,0,0.2339990735054016,
10,206,0,0.33795106410980225,
10,207,0,0.14690405130386353,
10,208,0,0.48754680156707764,
10,209,0,0.792503833770752,
10,210,0,0.29442834854125977,
10,211,0,0.828087568283081,
10,212,0,0.4544256925582886,
10,213,0,0.8020455837249756,
10,214,0,0.8378959894180298,
10,215,0,0.8246129751205444,
10,216,0,0.45148617029190063,
10,217,0,0.8339676260948181,
10,218,0,0.8331156969070435,
10,219,0,0.7336906790733337,
10,220,0,0.2534840703010559,
10,221,0,0.7450634241104126,
10,222,0,0.30449962615966797,
10,223,0,0.48277443647384644,
10,224,0,0.8109520673751831,
10,225,0,0.2858486771583557,
10,226,0,0.8186042308807373,
10,227,0,0.16503161191940308,
10,228,0,0.6992402076721191,
10,229,0,0.4174728989601135,
10,230,0,0.4458467364311218,
10,231,0,0.8209709525108337,
10,232,0,0.8543946743011475,
10,233,0,0.844551146030426,
10,234,0,0.8217852115631104,
10,235,0,0.04246002435684204,
10,236,0,0.43490350246429443,
10,237,0,0.8352254629135132,
10,238,0,0.46309423446655273,
10,239,0,0.3960919976234436,
10,240,0,0.8221138715744019,
10,241,0,0.8199317455291748,
10,242,0,0.8257714509963989,
10,243,0,0.43478095531463623,
10,244,0,0.298689067363739,
10,245,0,0.049680113792419434,
10,246,0,0.42299050092697144,
10,247,0,0.8385326862335205,
10,248,0,0.4442592263221741,
10,249,0,0.8191947340965271,
10,250,0,0.11578541994094849,
10,251,0,0.8478518128395081,
10,252,0,0.7728275656700134,
10,253,0,0.7691788673400879,
10,254,0,0.039451777935028076,
10,255,0,0.7525975704193115,
10,256,0,0.5584186911582947,
10,257,0,0.8494138121604919,
10,258,0,0.8248180150985718,
10,259,0,0.8433697819709778,
10,260,0,0.516726016998291,
10,261,0,0.744371771812439,
10,262,0,0.826840877532959,
10,263,0,0.7364684343338013,
10,264,0,0.2854718565940857,
10,265,0,0.8301735520362854,
10,266,0,0.8269522190093994,
10,267,0,0.8448458909988403,
10,268,0,0.3127022981643677,
10,269,0,0.4564133882522583,
10,270,0,0.5939235687255859,
10,271,0,0.807159423828125,
10,272,0,0.37813031673431396,
10,273,0,0.8437634706497192,
10,274,0,0.8196538686752319,
10,275,0,0.1552860140800476,
10,276,0,0.8141390681266785,
10,277,0,0.06149613857269287,
10,278,0,0.5285736918449402,
10,279,0,0.7349647283554077,
10,280,0,0.7836066484451294,
10,281,0,0.7905467748641968,
10,282,0,0.7506756782531738,
10,283,0,0.7498761415481567,
10,284,0,0.8373894691467285,
10,285,0,0.8197384476661682,
10,286,0,0.6500287055969238,
10,287,0,0.723218560218811,
10,288,0,0.8067113757133484,
10,289,0,0.5184304118156433,
10,290,0,0.8313730359077454,
10,291,0,0.04587602615356445,
10,292,0,0.38159388303756714,
10,293,0,0.8454004526138306,
10,294,0,0.8387479782104492,
10,295,0,0.8226363658905029,
10,296,0,0.47250545024871826,
10,297,0,0.04756200313568115,
10,298,0,0.854943573474884,
10,299,0,0.8107116222381592,
10,300,0,0.4125150442123413,
10,301,0,0.4070448875427246,
10,302,0,0.8419790267944336,
10,303,0,0.5946718454360962,
10,304,0,0.843906581401825,
10,305,0,0.4642159342765808,
10,306,0,0.22817474603652954,
10,307,0,0.8352851271629333,
10,308,0,0.843072772026062,
10,309,0,0.1883135437965393,
10,310,0,0.8189776539802551,
10,311,0,0.38323187828063965,
10,312,0,0.8251412510871887,
10,313,0,0.817084550857544,
10,314,0,0.4025458097457886,
10,315,0,0.7928560376167297,
10,316,0,0.8366223573684692,
10,317,0,0.6530904769897461,
10,318,0,0.3596097230911255,
10,319,0,0.31199508905410767,
10,320,0,0.7438265085220337,
10,321,0,0.8213375806808472,
10,322,0,0.8195643424987793,
10,323,0,0.29110050201416016,
10,324,0,0.8521410822868347,
10,325,0,0.7934447526931763,
10,326,0,0.8110858798027039,
10,327,0,0.7305522561073303,
10,328,0,0.7225873470306396,
10,329,0,0.7728629112243652,
10,330,0,0.36421334743499756,
10,331,0,0.31690311431884766,
10,332,0,0.8136329650878906,
10,333,0,0.24484127759933472,
10,334,0,0.7982860207557678,
10,335,0,0.36812275648117065,
10,336,0,0.8290964365005493,
10,337,0,0.44273191690444946,
10,338,0,0.6280659437179565,
10,339,0,0.7904759049415588,
10,340,0,0.844758152961731,
10,341,0,0.05545622110366821,
10,342,0,0.7358767986297607,
10,343,0,0.6104884147644043,
10,344,0,0.8266229033470154,
10,345,0,0.8236175775527954,
10,346,0,0.22974061965942383,
10,347,0,0.16352254152297974,
10,348,0,0.7484360933303833,
10,349,0,0.819395899772644,
10,350,0,0.7820594906806946,
10,351,0,0.7727237939834595,
10,352,0,0.8326324224472046,
10,353,0,0.8264657258987427,
10,354,0,0.6546612977981567,
10,355,0,0.1612585186958313,
10,356,0,0.8284043073654175,
10,357,0,0.738763689994812,
10,358,0,0.2010602355003357,
10,359,0,0.7806643843650818,
10,360,0,0.8284065127372742,
10,361,0,0.8451012969017029,
10,362,0,0.24416470527648926,
10,363,0,0.30376529693603516,
10,364,0,0.7477390766143799,
10,365,0,0.8302167654037476,
10,366,0,0.8209582567214966,
10,367,0,0.8374377489089966,
10,368,0,0.8112059831619263,
10,369,0,0.8098647594451904,
10,370,0,0.6240411996841431,
10,371,0,0.6893048286437988,
10,372,0,0.8169760704040527,
10,373,0,0.8170430064201355,
10,374,0,0.4109681248664856,
10,375,0,0.7366126775741577,
10,376,0,0.7608886361122131,
10,377,0,0.32929450273513794,
10,378,0,0.40003639459609985,
10,379,0,0.8311397433280945,
10,380,0,0.33055275678634644,
10,381,0,0.31124621629714966,
10,382,0,0.31552696228027344,
10,383,0,0.8436123132705688,
10,384,0,0.3216818571090698,
10,385,0,0.3228643536567688,
10,386,0,0.23382067680358887,
10,387,0,0.433316171169281,
10,388,0,0.0551798939704895,
10,389,0,0.7900566458702087,
10,390,0,0.7568759918212891,
10,391,0,0.6834089159965515,
10,392,0,0.678658664226532,
10,393,0,0.30327147245407104,
10,394,0,0.4766751527786255,
10,395,0,0.8101648688316345,
10,396,0,0.15602952241897583,
10,397,0,0.17460745573043823,
10,398,0,0.7852288484573364,
10,399,0,0.28890395164489746,
10,400,0,0.7122352123260498,
10,401,0,0.7470550537109375,
10,402,0,0.8217357397079468,
10,403,0,0.7986971139907837,
10,404,0,0.30203455686569214,
10,405,0,0.0659341812133789,
10,406,0,0.7591701149940491,
10,407,0,0.8510912656784058,
10,408,0,0.7838726043701172,
10,409,0,0.7267452478408813,
10,410,0,0.8553963303565979,
10,411,0,0.3016783595085144,
10,412,0,0.7922982573509216,
10,413,0,0.06623220443725586,
10,414,0,0.7883170247077942,
10,415,0,0.6391885876655579,
10,416,0,0.8260148763656616,
10,417,0,0.05195552110671997,
10,418,0,0.49253714084625244,
10,419,0,0.4635394215583801,
10,420,0,0.2509618401527405,
10,421,0,0.2497439980506897,
10,422,0,0.8133929371833801,
10,423,0,0.8360186815261841,
10,424,0,0.8145155906677246,
10,425,0,0.8066668510437012,
10,426,0,0.8147188425064087,
10,427,0,0.8050107955932617,
10,428,0,0.44676923751831055,
10,429,0,0.8143764734268188,
10,430,0,0.2575722336769104,
10,431,0,0.7895625829696655,
10,432,0,0.7376960515975952,
10,433,0,0.8277283310890198,
10,434,0,0.8247143030166626,
10,435,0,0.814452052116394,
10,436,0,0.614417314529419,
10,437,0,0.050054728984832764,
10,438,0,0.7022154331207275,
10,439,0,0.21703797578811646,
10,440,0,0.8482620120048523,
10,441,0,0.7859458923339844,
10,442,0,0.8236519694328308,
10,443,0,0.817123532295227,
10,444,0,0.7548070549964905,
10,445,0,0.8265788555145264,
10,446,0,0.7213236093521118,
10,447,0,0.3006306290626526,
10,448,0,0.05213993787765503,
10,449,0,0.8009898066520691,
10,450,0,0.7732986211776733,
10,451,0,0.2568438649177551,
10,452,0,0.8046319484710693,
10,453,0,0.28614234924316406,
10,454,0,0.4146506190299988,
10,455,0,0.5682835578918457,
10,456,0,0.7221161127090454,
10,457,0,0.6646562218666077,
10,458,0,0.5120941996574402,
10,459,0,0.8128860592842102,
10,460,0,0.8196290731430054,
10,461,0,0.4594343304634094,
10,462,0,0.8053677082061768,
10,463,0,0.14715462923049927,
10,464,0,0.6129050254821777,
10,465,0,0.7404536008834839,
10,466,0,0.04373651742935181,
10,467,0,0.8155644536018372,
10,468,0,0.6383310556411743,
10,469,0,0.7907014489173889,
10,470,0,0.3297474980354309,
10,471,0,0.04775369167327881,
10,472,0,0.8421509861946106,
10,473,0,0.8389077186584473,
10,474,0,0.04830890893936157,
10,475,0,0.8293744325637817,
10,476,0,0.45832234621047974,
10,477,0,0.830043613910675,
10,478,0,0.5097130537033081,
10,479,0,0.480310320854187,
10,480,0,0.681039571762085,
10,481,0,0.16549497842788696,
10,482,0,0.7935939431190491,
10,483,0,0.8367703557014465,
10,484,0,0.8379265069961548,
10,485,0,0.4264256954193115,
10,486,0,0.7164565324783325,
10,487,0,0.3363800048828125,
10,488,0,0.7015689611434937,
10,489,0,0.8356025218963623,
10,490,0,0.762354850769043,
10,491,0,0.8260061740875244,
10,492,0,0.6419644355773926,
10,493,0,0.7389168739318848,
10,494,0,0.058229923248291016,
10,495,0,0.35326653718948364,
10,496,0,0.27691859006881714,
10,497,0,0.7739547491073608,
10,498,0,0.4471585154533386,
10,499,0,0.8447613716125488,
10,500,0,0.7919442057609558,
10,501,0,0.7667299509048462,
10,502,0,0.8363668918609619,
10,503,0,0.2014666199684143,
10,504,0,0.7525157928466797,
10,505,0,0.45668911933898926,
10,506,0,0.7697253227233887,
10,507,0,0.2543693780899048,
10,508,0,0.8487509489059448,
10,509,0,0.843997061252594,
10,510,0,0.8202868700027466,
10,511,0,0.7699651718139648,
10,512,0,0.24554693698883057,
10,513,0,0.7248719334602356,
10,514,0,0.8115298748016357,
10,515,0,0.8070286512374878,
10,516,0,0.7405422925949097,
10,517,0,0.38848447799682617,
10,518,0,0.2275283932685852,
10,519,0,0.2845476269721985,
10,520,0,0.8244056701660156,
10,521,0,0.8284354209899902,
10,522,0,0.3438371419906616,
10,523,0,0.8606197237968445,
10,524,0,0.7378110289573669,
10,525,0,0.05116230249404907,
10,526,0,0.31224536895751953,
10,527,0,0.838952898979187,
10,528,0,0.04981231689453125,
10,529,0,0.8137764930725098,
10,530,0,0.7857178449630737,
10,531,0,0.8467039465904236,
10,532,0,0.8018916845321655,
10,533,0,0.827756404876709,
10,534,0,0.37617921829223633,
10,535,0,0.8098501563072205,
10,536,0,0.7897684574127197,
10,537,0,0.27262353897094727,
10,538,0,0.8259931206703186,
10,539,0,0.7925719618797302,
10,540,0,0.7936612963676453,
10,541,0,0.41287165880203247,
10,542,0,0.3250848054885864,
10,543,0,0.8492653965950012,
10,544,0,0.059824347496032715,
10,545,0,0.39702004194259644,
10,546,0,0.4459547996520996,
10,547,0,0.05776888132095337,
10,548,0,0.7773326635360718,
10,549,0,0.30870044231414795,
10,550,0,0.8385211825370789,
10,551,0,0.8430998921394348,
10,552,0,0.7216215133666992,
10,553,0,0.4333958029747009,
10,554,0,0.6592487096786499,
10,555,0,0.23889708518981934,
10,556,0,0.7619227170944214,
10,557,0,0.8159596920013428,
10,558,0,0.3854280114173889,
10,559,0,0.6499547362327576,
10,560,0,0.7869065999984741,
10,561,0,0.8269360065460205,
10,562,0,0.16352254152297974,
10,563,0,0.8217325210571289,
10,564,0,0.4737727642059326,
10,565,0,0.3384668827056885,
10,566,0,0.36605459451675415,
10,567,0,0.8233762979507446,
10,568,0,0.20764946937561035,
10,569,0,0.8261858820915222,
10,570,0,0.6261509656906128,
10,571,0,0.6091718077659607,
10,572,0,0.3128759264945984,
10,573,0,0.8356031775474548,
10,574,0,0.3106265664100647,
10,575,0,0.2682982087135315,
10,576,0,0.7854793667793274,
10,577,0,0.2829331159591675,
10,578,0,0.297854483127594,
10,579,0,0.7843984365463257,
10,580,0,0.2663494944572449,
10,581,0,0.3923991322517395,
10,582,0,0.8131328821182251,
10,583,0,0.7613369226455688,
10,584,0,0.43728572130203247,
10,585,0,0.8136655688285828,
10,586,0,0.8329237699508667,
10,587,0,0.5861105918884277,
10,588,0,0.22112607955932617,
10,589,0,0.702200174331665,
10,590,0,0.8303756713867188,
10,591,0,0.2542119026184082,
10,592,0,0.8202250599861145,
10,593,0,0.830227255821228,
10,594,0,0.8194320201873779,
10,595,0,0.7315086126327515,
10,596,0,0.4219698905944824,
10,597,0,0.15822076797485352,
10,598,0,0.31855571269989014,
10,599,0,0.32945430278778076,
10,600,0,0.7407671213150024,
10,601,0,0.4114408493041992,
10,602,0,0.18370944261550903,
10,603,0,0.30539625883102417,
10,604,0,0.7421922087669373,
10,605,0,0.7991124391555786,
10,606,0,0.29153209924697876,
10,607,0,0.7344350814819336,
10,608,0,0.688949465751648,
10,609,0,0.8425261378288269,
10,610,0,0.8398752212524414,
10,611,0,0.8569581508636475,
10,612,0,0.6670138835906982,
10,613,0,0.7555577158927917,
10,614,0,0.8361312747001648,
10,615,0,0.3905090093612671,
10,616,0,0.8313581943511963,
10,617,0,0.28349167108535767,
10,618,0,0.16493910551071167,
10,619,0,0.3981078267097473,
10,620,0,0.8447830677032471,
10,621,0,0.42156362533569336,
10,622,0,0.765423059463501,
10,623,0,0.42762690782546997,
10,624,0,0.31426936388015747,
10,625,0,0.8555309176445007,
10,626,0,0.8156364560127258,
10,627,0,0.8194373250007629,
10,628,0,0.8508535623550415,
10,629,0,0.4774099588394165,
10,630,0,0.06384140253067017,
10,631,0,0.17461872100830078,
10,632,0,0.8124183416366577,
10,633,0,0.7171101570129395,
10,634,0,0.8284640312194824,
10,635,0,0.47804319858551025,
10,636,0,0.810614824295044,
10,637,0,0.7031042575836182,
10,638,0,0.8275461196899414,
10,639,0,0.7536723613739014,
10,640,0,0.14609956741333008,
10,641,0,0.7605623602867126,
10,642,0,0.7783215045928955,
10,643,0,0.41604721546173096,
10,644,0,0.40093719959259033,
10,645,0,0.80628901720047,
10,646,0,0.832263171672821,
10,647,0,0.7724856734275818,
10,648,0,0.8098917603492737,
10,649,0,0.05344122648239136,
10,650,0,0.7466287612915039,
10,651,0,0.4241411089897156,
10,652,0,0.6898860335350037,
10,653,0,0.5774374008178711,
10,654,0,0.7425551414489746,
10,655,0,0.23702162504196167,
10,656,0,0.2472338080406189,
10,657,0,0.3695463538169861,
10,658,0,0.7225488424301147,
10,659,0,0.04869365692138672,
10,660,0,0.8573254346847534,
10,661,0,0.7482208013534546,
10,662,0,0.8373997211456299,
10,663,0,0.7488099932670593,
10,664,0,0.8506757020950317,
10,665,0,0.43253302574157715,
10,666,0,0.05345970392227173,
10,667,0,0.8159520626068115,
10,668,0,0.2866104245185852,
10,669,0,0.45869505405426025,
10,670,0,0.3760061264038086,
10,671,0,0.7586345672607422,
10,672,0,0.17116928100585938,
10,673,0,0.2749430537223816,
10,674,0,0.4047970175743103,
10,675,0,0.756576418876648,
10,676,0,0.15238940715789795,
10,677,0,0.61091548204422,
10,678,0,0.8360153436660767,
10,679,0,0.80556321144104,
10,680,0,0.058404624462127686,
10,681,0,0.820899248123169,
10,682,0,0.30983680486679077,
10,683,0,0.34208208322525024,
10,684,0,0.8177618384361267,
10,685,0,0.8150244951248169,
10,686,0,0.7963055968284607,
10,687,0,0.623726487159729,
10,688,0,0.27575254440307617,
10,689,0,0.7720935940742493,
10,690,0,0.8417650461196899,
10,691,0,0.15422874689102173,
10,692,0,0.35452932119369507,
10,693,0,0.7082449197769165,
10,694,0,0.7618738412857056,
10,695,0,0.7663596272468567,
10,696,0,0.18569427728652954,
10,697,0,0.7515813112258911,
10,698,0,0.8454117774963379,
10,699,0,0.44355446100234985,
10,700,0,0.2626161575317383,
10,701,0,0.8362432718276978,
10,702,0,0.7866656184196472,
10,703,0,0.8191410303115845,
10,704,0,0.1446075439453125,
10,705,0,0.05225402116775513,
10,706,0,0.847529411315918,
10,707,0,0.8114722967147827,
10,708,0,0.8521797060966492,
10,709,0,0.7493004202842712,
10,710,0,0.4050302505493164,
10,711,0,0.34309011697769165,
10,712,0,0.28276968002319336,
10,713,0,0.41496455669403076,
10,714,0,0.8427796363830566,
10,715,0,0.44127529859542847,
10,716,0,0.75652015209198,
10,717,0,0.6545689105987549,
10,718,0,0.8151552677154541,
10,719,0,0.8285558819770813,
10,720,0,0.7971557378768921,
10,721,0,0.7894920110702515,
10,722,0,0.7691828608512878,
10,723,0,0.16823482513427734,
10,724,0,0.7124587893486023,
10,725,0,0.19939857721328735,
10,726,0,0.8289427757263184,
10,727,0,0.8121861219406128,
10,728,0,0.1905696988105774,
10,729,0,0.4465562701225281,
10,730,0,0.36600202322006226,
10,731,0,0.8258848786354065,
10,732,0,0.8094407320022583,
10,733,0,0.3894602656364441,
10,734,0,0.8227807283401489,
10,735,0,0.312944233417511,
10,736,0,0.7494149208068848,
10,737,0,0.8027436137199402,
10,738,0,0.8125519752502441,
10,739,0,0.6174973845481873,
10,740,0,0.29407596588134766,
10,741,0,0.6954895257949829,
10,742,0,0.8310988545417786,
10,743,0,0.8471888899803162,
10,744,0,0.8007647395133972,
10,745,0,0.28406333923339844,
10,746,0,0.7404597997665405,
10,747,0,0.8240407705307007,
10,748,0,0.7275636196136475,
10,749,0,0.8266445398330688,
10,750,0,0.8254483938217163,
10,751,0,0.8275121450424194,
10,752,0,0.7460383772850037,
10,753,0,0.4638580083847046,
10,754,0,0.7231003046035767,
10,755,0,0.8433659076690674,
10,756,0,0.8278414011001587,
10,757,0,0.8413453698158264,
10,758,0,0.686327338218689,
10,759,0,0.05160766839981079,
10,760,0,0.441195547580719,
10,761,0,0.738309383392334,
10,762,0,0.7761245965957642,
10,763,0,0.33031386137008667,
10,764,0,0.30905836820602417,
10,765,0,0.8026907444000244,
10,766,0,0.16778981685638428,
10,767,0,0.7443455457687378,
10,768,0,0.8253692984580994,
10,769,0,0.1926029920578003,
10,770,0,0.7720163464546204,
10,771,0,0.7170795202255249,
10,772,0,0.8024551272392273,
10,773,0,0.20035505294799805,
10,774,0,0.8406676650047302,
10,775,0,0.796075165271759,
10,776,0,0.25930488109588623,
10,777,0,0.8150734305381775,
10,778,0,0.42417478561401367,
10,779,0,0.8478911519050598,
10,780,0,0.7584404945373535,
10,781,0,0.8304976224899292,
10,782,0,0.3983581066131592,
10,783,0,0.80968177318573,
10,784,0,0.40290528535842896,
10,785,0,0.04541301727294922,
10,786,0,0.47949665784835815,
10,787,0,0.25277501344680786,
10,788,0,0.8157538175582886,
10,789,0,0.2996974587440491,
10,790,0,0.762597382068634,
10,791,0,0.47443270683288574,
10,792,0,0.343325674533844,
10,793,0,0.7971845865249634,
10,794,0,0.8340586423873901,
10,795,0,0.27521657943725586,
10,796,0,0.8321592807769775,
10,797,0,0.058126747608184814,
10,798,0,0.4558928608894348,
10,799,0,0.8277192115783691,
10,val,,,0.5831959271430969
11,0,0,0.3946962356567383,
11,1,0,0.8157182335853577,
11,2,0,0.6489403247833252,
11,3,0,0.823000431060791,
11,4,0,0.40442097187042236,
11,5,0,0.7600980997085571,
11,6,0,0.16175401210784912,
11,7,0,0.4653615951538086,
11,8,0,0.23907619714736938,
11,9,0,0.8149038553237915,
11,10,0,0.06356602907180786,
11,11,0,0.8172209858894348,
11,12,0,0.8307532668113708,
11,13,0,0.8272414803504944,
11,14,0,0.7428889274597168,
11,15,0,0.8160156607627869,
11,16,0,0.5034098625183105,
11,17,0,0.38198983669281006,
11,18,0,0.8088590502738953,
11,19,0,0.83987957239151,
11,20,0,0.7352664470672607,
11,21,0,0.4714401960372925,
11,22,0,0.2745073437690735,
11,23,0,0.6784152388572693,
11,24,0,0.8226773738861084,
11,25,0,0.7217274904251099,
11,26,0,0.8406177759170532,
11,27,0,0.3774319291114807,
11,28,0,0.27703893184661865,
11,29,0,0.45344430208206177,
11,30,0,0.8325648903846741,
11,31,0,0.781501829624176,
11,32,0,0.4470363259315491,
11,33,0,0.7452641725540161,
11,34,0,0.7929393649101257,
11,35,0,0.26792842149734497,
11,36,0,0.4164496064186096,
11,37,0,0.8275962471961975,
11,38,0,0.18452411890029907,
11,39,0,0.8465451598167419,
11,40,0,0.1559550166130066,
11,41,0,0.6341997385025024,
11,42,0,0.4593166708946228,
11,43,0,0.040926337242126465,
11,44,0,0.743569016456604,
11,45,0,0.4505484700202942,
11,46,0,0.047447383403778076,
11,47,0,0.04465752840042114,
11,48,0,0.8386374711990356,
11,49,0,0.303829550743103,
11,50,0,0.842962384223938,
11,51,0,0.3624582886695862,
11,52,0,0.4221367835998535,
11,53,0,0.045376360416412354,
11,54,0,0.8553967475891113,
11,55,0,0.4445306658744812,
11,56,0,0.7868443727493286,
11,57,0,0.48931628465652466,
11,58,0,0.8693626523017883,
11,59,0,0.35353028774261475,
11,60,0,0.4183714985847473,
11,61,0,0.6001313924789429,
11,62,0,0.8301417827606201,
11,63,0,0.2640390396118164,
11,64,0,0.2521941065788269,
11,65,0,0.7307531833648682,
11,66,0,0.722301721572876,
11,67,0,0.4139809012413025,
11,68,0,0.8164389133453369,
11,69,0,0.4300021529197693,
11,70,0,0.4864230155944824,
11,71,0,0.6193835735321045,
11,72,0,0.6737560033798218,
11,73,0,0.7983176112174988,
11,74,0,0.8183338642120361,
11,75,0,0.623673677444458,
11,76,0,0.8128308653831482,
11,77,0,0.7046765089035034,
11,78,0,0.15441149473190308,
11,79,0,0.8202584385871887,
11,80,0,0.4659233093261719,
11,81,0,0.8115668892860413,
11,82,0,0.04909759759902954,
11,83,0,0.8076895475387573,
11,84,0,0.8302525281906128,
11,85,0,0.4997172951698303,
11,86,0,0.8069499135017395,
11,87,0,0.570771336555481,
11,88,0,0.8122501969337463,
11,89,0,0.47435301542282104,
11,90,0,0.7359651327133179,
11,91,0,0.8223245143890381,
11,92,0,0.8512029051780701,
11,93,0,0.82008957862854,
11,94,0,0.4757302403450012,
11,95,0,0.810055136680603,
11,96,0,0.27195101976394653,
11,97,0,0.8425182104110718,
11,98,0,0.608391284942627,
11,99,0,0.8233067393302917,
11,100,0,0.752109169960022,
11,101,0,0.6643662452697754,
11,102,0,0.7957645058631897,
11,103,0,0.7654097080230713,
11,104,0,0.8468483686447144,
11,105,0,0.3289356827735901,
11,106,0,0.8169892430305481,
11,107,0,0.8268519639968872,
11,108,0,0.6272385120391846,
11,109,0,0.8254503607749939,
11,110,0,0.8309164047241211,
11,111,0,0.8176746964454651,
11,112,0,0.8428128361701965,
11,113,0,0.4200974702835083,
11,114,0,0.251664400100708,
11,115,0,0.8145628571510315,
11,116,0,0.8231313824653625,
11,117,0,0.36331427097320557,
11,118,0,0.8141875267028809,
11,119,0,0.32587742805480957,
11,120,0,0.825435996055603,
11,121,0,0.8422170281410217,
11,122,0,0.7251073122024536,
11,123,0,0.06638890504837036,
11,124,0,0.4116220474243164,
11,125,0,0.7609446048736572,
11,126,0,0.8338207006454468,
11,127,0,0.8241090178489685,
11,128,0,0.8016635775566101,
11,129,0,0.842638373374939,
11,130,0,0.7051453590393066,
11,131,0,0.826081395149231,
11,132,0,0.7573980093002319,
11,133,0,0.241993248462677,
11,134,0,0.4217299222946167,
11,135,0,0.4835752248764038,
11,136,0,0.055411696434020996,
11,137,0,0.12927883863449097,
11,138,0,0.2556260824203491,
11,139,0,0.47589266300201416,
11,140,0,0.808343768119812,
11,141,0,0.7675280570983887,
11,142,0,0.8157932162284851,
11,143,0,0.7735413908958435,
11,144,0,0.8159027695655823,
11,145,0,0.21196085214614868,
11,146,0,0.6877049207687378,
11,147,0,0.23570144176483154,
11,148,0,0.7733073830604553,
11,149,0,0.7874714136123657,
11,150,0,0.8056068420410156,
11,151,0,0.8143913745880127,
11,152,0,0.7274049520492554,
11,153,0,0.8222273588180542,
11,154,0,0.8285067677497864,
11,155,0,0.7086045742034912,
11,156,0,0.047138094902038574,
11,157,0,0.6275947093963623,
11,158,0,0.7724160552024841,
11,159,0,0.8066638708114624,
11,160,0,0.34296804666519165,
11,161,0,0.059495747089385986,
11,162,0,0.8414298892021179,
11,163,0,0.27320802211761475,
11,164,0,0.3686057925224304,
11,165,0,0.7213438749313354,
11,166,0,0.24966716766357422,
11,167,0,0.8207979798316956,
11,168,0,0.8475317358970642,
11,169,0,0.135187029838562,
11,170,0,0.757646381855011,
11,171,0,0.7385118007659912,
11,172,0,0.7342907190322876,
11,173,0,0.6380106210708618,
11,174,0,0.7503844499588013,
11,175,0,0.40709441900253296,
11,176,0,0.7646532654762268,
11,177,0,0.2876627445220947,
11,178,0,0.8384625911712646,
11,179,0,0.3237378001213074,
11,180,0,0.7907868027687073,
11,181,0,0.8006271123886108,
11,182,0,0.32418376207351685,
11,183,0,0.16435354948043823,
11,184,0,0.7842838764190674,
11,185,0,0.7425006628036499,
11,186,0,0.2832567095756531,
11,187,0,0.7323352098464966,
11,188,0,0.7421704530715942,
11,189,0,0.2622663378715515,
11,190,0,0.06584435701370239,
11,191,0,0.44897812604904175,
11,192,0,0.7665841579437256,
11,193,0,0.736409068107605,
11,194,0,0.7348722219467163,
11,195,0,0.8617643713951111,
11,196,0,0.7416700720787048,
11,197,0,0.18480592966079712,
11,198,0,0.809482753276825,
11,199,0,0.24412477016448975,
11,200,0,0.7333545684814453,
11,201,0,0.04867732524871826,
11,202,0,0.27114200592041016,
11,203,0,0.8372967839241028,
11,204,0,0.31704479455947876,
11,205,0,0.23132485151290894,
11,206,0,0.33840101957321167,
11,207,0,0.14388710260391235,
11,208,0,0.47114694118499756,
11,209,0,0.7889156937599182,
11,210,0,0.2944895625114441,
11,211,0,0.8222538232803345,
11,212,0,0.4514573812484741,
11,213,0,0.796326756477356,
11,214,0,0.8385974168777466,
11,215,0,0.8301899433135986,
11,216,0,0.4508986473083496,
11,217,0,0.8262019157409668,
11,218,0,0.8328962326049805,
11,219,0,0.7310127019882202,
11,220,0,0.2504943013191223,
11,221,0,0.7427293062210083,
11,222,0,0.30369043350219727,
11,223,0,0.4787375330924988,
11,224,0,0.8084163665771484,
11,225,0,0.28809237480163574,
11,226,0,0.8164008259773254,
11,227,0,0.16375881433486938,
11,228,0,0.685704231262207,
11,229,0,0.4156818985939026,
11,230,0,0.43926000595092773,
11,231,0,0.8166559934616089,
11,232,0,0.8530236482620239,
11,233,0,0.8446140885353088,
11,234,0,0.8226050138473511,
11,235,0,0.04209786653518677,
11,236,0,0.4321274757385254,
11,237,0,0.8334352374076843,
11,238,0,0.4590575695037842,
11,239,0,0.3904680013656616,
11,240,0,0.8192867636680603,
11,241,0,0.8171960115432739,
11,242,0,0.824489951133728,
11,243,0,0.43538081645965576,
11,244,0,0.29540854692459106,
11,245,0,0.050271034240722656,
11,246,0,0.41602379083633423,
11,247,0,0.8379772305488586,
11,248,0,0.4425416588783264,
11,249,0,0.8222516775131226,
11,250,0,0.1153445839881897,
11,251,0,0.8487465381622314,
11,252,0,0.7667276263237,
11,253,0,0.7557586431503296,
11,254,0,0.038654863834381104,
11,255,0,0.7487092018127441,
11,256,0,0.5554434061050415,
11,257,0,0.8487728834152222,
11,258,0,0.819634735584259,
11,259,0,0.8360480070114136,
11,260,0,0.512768030166626,
11,261,0,0.7421501874923706,
11,262,0,0.8299866318702698,
11,263,0,0.7344814538955688,
11,264,0,0.2813701629638672,
11,265,0,0.827244758605957,
11,266,0,0.8156008720397949,
11,267,0,0.8430326581001282,
11,268,0,0.3147168755531311,
11,269,0,0.45222318172454834,
11,270,0,0.5935294032096863,
11,271,0,0.8111150860786438,
11,272,0,0.37058109045028687,
11,273,0,0.844481348991394,
11,274,0,0.8225399851799011,
11,275,0,0.15335804224014282,
11,276,0,0.8137964010238647,
11,277,0,0.060182154178619385,
11,278,0,0.5226236581802368,
11,279,0,0.7346920371055603,
11,280,0,0.7770674228668213,
11,281,0,0.7902548313140869,
11,282,0,0.7452200651168823,
11,283,0,0.7506694793701172,
11,284,0,0.8351855278015137,
11,285,0,0.8141269683837891,
11,286,0,0.6478381156921387,
11,287,0,0.7214924693107605,
11,288,0,0.8056666254997253,
11,289,0,0.5140410661697388,
11,290,0,0.8373006582260132,
11,291,0,0.04687553644180298,
11,292,0,0.3775103688240051,
11,293,0,0.8467934727668762,
11,294,0,0.8389475345611572,
11,295,0,0.8164927363395691,
11,296,0,0.4680010676383972,
11,297,0,0.04733043909072876,
11,298,0,0.8538792133331299,
11,299,0,0.809681236743927,
11,300,0,0.4122130274772644,
11,301,0,0.40425384044647217,
11,302,0,0.842731773853302,
11,303,0,0.5951708555221558,
11,304,0,0.8446000814437866,
11,305,0,0.4623764753341675,
11,306,0,0.22591298818588257,
11,307,0,0.8351690769195557,
11,308,0,0.8434984683990479,
11,309,0,0.1858457326889038,
11,310,0,0.8187965154647827,
11,311,0,0.38307005167007446,
11,312,0,0.8254220485687256,
11,313,0,0.8164318799972534,
11,314,0,0.4004797339439392,
11,315,0,0.7798410058021545,
11,316,0,0.8380091786384583,
11,317,0,0.6377037763595581,
11,318,0,0.35658663511276245,
11,319,0,0.30918586254119873,
11,320,0,0.7436212301254272,
11,321,0,0.8187899589538574,
11,322,0,0.8128842115402222,
11,323,0,0.28555840253829956,
11,324,0,0.849629819393158,
11,325,0,0.7933496236801147,
11,326,0,0.8105231523513794,
11,327,0,0.7292611598968506,
11,328,0,0.7243887186050415,
11,329,0,0.7726496458053589,
11,330,0,0.3580428957939148,
11,331,0,0.3147869110107422,
11,332,0,0.8087563514709473,
11,333,0,0.24111658334732056,
11,334,0,0.7986603379249573,
11,335,0,0.3583527207374573,
11,336,0,0.8230541944503784,
11,337,0,0.4335506558418274,
11,338,0,0.6241039633750916,
11,339,0,0.7902114391326904,
11,340,0,0.8393176198005676,
11,341,0,0.056625187397003174,
11,342,0,0.7450028657913208,
11,343,0,0.6121561527252197,
11,344,0,0.8281295299530029,
11,345,0,0.8287374377250671,
11,346,0,0.22669756412506104,
11,347,0,0.16216617822647095,
11,348,0,0.7549303770065308,
11,349,0,0.8161076307296753,
11,350,0,0.7750832438468933,
11,351,0,0.7623379826545715,
11,352,0,0.8230451941490173,
11,353,0,0.8110542893409729,
11,354,0,0.6401618719100952,
11,355,0,0.1583160161972046,
11,356,0,0.8265259265899658,
11,357,0,0.720123291015625,
11,358,0,0.19976645708084106,
11,359,0,0.7969791889190674,
11,360,0,0.8215698003768921,
11,361,0,0.8512416481971741,
11,362,0,0.24268567562103271,
11,363,0,0.2996475100517273,
11,364,0,0.750890851020813,
11,365,0,0.8280230760574341,
11,366,0,0.8156728148460388,
11,367,0,0.8297947645187378,
11,368,0,0.808973491191864,
11,369,0,0.8004829287528992,
11,370,0,0.6147667169570923,
11,371,0,0.6769112944602966,
11,372,0,0.8162184953689575,
11,373,0,0.8117663860321045,
11,374,0,0.40822893381118774,
11,375,0,0.7354503870010376,
11,376,0,0.7547284364700317,
11,377,0,0.32815200090408325,
11,378,0,0.3947013020515442,
11,379,0,0.832699179649353,
11,380,0,0.3280552625656128,
11,381,0,0.30809706449508667,
11,382,0,0.3113434314727783,
11,383,0,0.8269755840301514,
11,384,0,0.3198740482330322,
11,385,0,0.31340181827545166,
11,386,0,0.23182302713394165,
11,387,0,0.42909276485443115,
11,388,0,0.05580264329910278,
11,389,0,0.7879156470298767,
11,390,0,0.7609647512435913,
11,391,0,0.6836607456207275,
11,392,0,0.6849632263183594,
11,393,0,0.3014104962348938,
11,394,0,0.47061479091644287,
11,395,0,0.812953770160675,
11,396,0,0.15177899599075317,
11,397,0,0.1750420331954956,
11,398,0,0.8018726110458374,
11,399,0,0.2871159315109253,
11,400,0,0.6998682022094727,
11,401,0,0.7530449628829956,
11,402,0,0.8280460834503174,
11,403,0,0.7984959483146667,
11,404,0,0.2967487573623657,
11,405,0,0.059961795806884766,
11,406,0,0.7682066559791565,
11,407,0,0.842857837677002,
11,408,0,0.7746082544326782,
11,409,0,0.7099322080612183,
11,410,0,0.8418112993240356,
11,411,0,0.29700374603271484,
11,412,0,0.7791093587875366,
11,413,0,0.06510800123214722,
11,414,0,0.781350314617157,
11,415,0,0.634075403213501,
11,416,0,0.8404096961021423,
11,417,0,0.051327526569366455,
11,418,0,0.4924922585487366,
11,419,0,0.46698635816574097,
11,420,0,0.24692809581756592,
11,421,0,0.2498840093612671,
11,422,0,0.8182648420333862,
11,423,0,0.8345003128051758,
11,424,0,0.8176870346069336,
11,425,0,0.8093339800834656,
11,426,0,0.8140189051628113,
11,427,0,0.805223822593689,
11,428,0,0.44906455278396606,
11,429,0,0.8121547102928162,
11,430,0,0.2592124938964844,
11,431,0,0.7938631772994995,
11,432,0,0.7371848821640015,
11,433,0,0.8281004428863525,
11,434,0,0.8227049708366394,
11,435,0,0.8145052194595337,
11,436,0,0.6081663966178894,
11,437,0,0.0478363037109375,
11,438,0,0.6977585554122925,
11,439,0,0.21562743186950684,
11,440,0,0.8493594527244568,
11,441,0,0.7868400812149048,
11,442,0,0.8235394358634949,
11,443,0,0.8168303966522217,
11,444,0,0.7532591223716736,
11,445,0,0.8265882730484009,
11,446,0,0.709321141242981,
11,447,0,0.29925650358200073,
11,448,0,0.05222815275192261,
11,449,0,0.7996669411659241,
11,450,0,0.7841489315032959,
11,451,0,0.254899799823761,
11,452,0,0.7987573146820068,
11,453,0,0.2857704758644104,
11,454,0,0.4153042435646057,
11,455,0,0.5712468028068542,
11,456,0,0.7240403890609741,
11,457,0,0.6615633964538574,
11,458,0,0.5108294486999512,
11,459,0,0.8105611801147461,
11,460,0,0.8191856741905212,
11,461,0,0.4545946717262268,
11,462,0,0.8053537607192993,
11,463,0,0.1454848051071167,
11,464,0,0.6072899103164673,
11,465,0,0.7395949959754944,
11,466,0,0.04318046569824219,
11,467,0,0.8152564167976379,
11,468,0,0.6358763575553894,
11,469,0,0.789586067199707,
11,470,0,0.32728058099746704,
11,471,0,0.04969072341918945,
11,472,0,0.8398136496543884,
11,473,0,0.8374863862991333,
11,474,0,0.04991072416305542,
11,475,0,0.8288930654525757,
11,476,0,0.4561275243759155,
11,477,0,0.8301441669464111,
11,478,0,0.5070938467979431,
11,479,0,0.47931748628616333,
11,480,0,0.6737959384918213,
11,481,0,0.16092431545257568,
11,482,0,0.7912567257881165,
11,483,0,0.8369380235671997,
11,484,0,0.8366441130638123,
11,485,0,0.4228607416152954,
11,486,0,0.7146743535995483,
11,487,0,0.3243088722229004,
11,488,0,0.6929981112480164,
11,489,0,0.8350902795791626,
11,490,0,0.7626510262489319,
11,491,0,0.8249778151512146,
11,492,0,0.6384154558181763,
11,493,0,0.7440963387489319,
11,494,0,0.05739516019821167,
11,495,0,0.35069191455841064,
11,496,0,0.2726990580558777,
11,497,0,0.7737227082252502,
11,498,0,0.44531017541885376,
11,499,0,0.8452239036560059,
11,500,0,0.7933007478713989,
11,501,0,0.7646916508674622,
11,502,0,0.836681604385376,
11,503,0,0.20022380352020264,
11,504,0,0.7478444576263428,
11,505,0,0.45623183250427246,
11,506,0,0.7650153040885925,
11,507,0,0.24737989902496338,
11,508,0,0.8462734818458557,
11,509,0,0.8424530625343323,
11,510,0,0.8265206813812256,
11,511,0,0.7627631425857544,
11,512,0,0.24067002534866333,
11,513,0,0.7211967706680298,
11,514,0,0.8080875873565674,
11,515,0,0.8097497820854187,
11,516,0,0.74095219373703,
11,517,0,0.3788939118385315,
11,518,0,0.2261635661125183,
11,519,0,0.2726633548736572,
11,520,0,0.8229488730430603,
11,521,0,0.8229186534881592,
11,522,0,0.3395867943763733,
11,523,0,0.8608518242835999,
11,524,0,0.7434358596801758,
11,525,0,0.05135565996170044,
11,526,0,0.30912959575653076,
11,527,0,0.840000331401825,
11,528,0,0.04939621686935425,
11,529,0,0.8171383142471313,
11,530,0,0.7877333164215088,
11,531,0,0.8443614840507507,
11,532,0,0.7994382977485657,
11,533,0,0.8248757123947144,
11,534,0,0.37494951486587524,
11,535,0,0.8004165887832642,
11,536,0,0.7905965447425842,
11,537,0,0.2708471417427063,
11,538,0,0.8288644552230835,
11,539,0,0.7985948920249939,
11,540,0,0.7859210968017578,
11,541,0,0.4117446541786194,
11,542,0,0.32289034128189087,
11,543,0,0.8461192846298218,
11,544,0,0.060432255268096924,
11,545,0,0.3869802951812744,
11,546,0,0.44019174575805664,
11,547,0,0.05623537302017212,
11,548,0,0.7740744352340698,
11,549,0,0.3085344433784485,
11,550,0,0.8366769552230835,
11,551,0,0.8481627106666565,
11,552,0,0.7237669229507446,
11,553,0,0.43458497524261475,
11,554,0,0.659645140171051,
11,555,0,0.23537492752075195,
11,556,0,0.7700437307357788,
11,557,0,0.8124893307685852,
11,558,0,0.3799546957015991,
11,559,0,0.6411477327346802,
11,560,0,0.7716760039329529,
11,561,0,0.819435715675354,
11,562,0,0.16109150648117065,
11,563,0,0.8190629482269287,
11,564,0,0.4675196409225464,
11,565,0,0.3347044587135315,
11,566,0,0.3662934899330139,
11,567,0,0.8230957984924316,
11,568,0,0.21064668893814087,
11,569,0,0.8200290203094482,
11,570,0,0.6252951622009277,
11,571,0,0.6006848812103271,
11,572,0,0.3103017807006836,
11,573,0,0.8277875185012817,
11,574,0,0.3050808906555176,
11,575,0,0.26981085538864136,
11,576,0,0.7860572338104248,
11,577,0,0.2815527319908142,
11,578,0,0.29362744092941284,
11,579,0,0.7836588621139526,
11,580,0,0.26205378770828247,
11,581,0,0.3890136480331421,
11,582,0,0.8119879364967346,
11,583,0,0.767018735408783,
11,584,0,0.4318523406982422,
11,585,0,0.8151688575744629,
11,586,0,0.8316733837127686,
11,587,0,0.5804133415222168,
11,588,0,0.2153683304786682,
11,589,0,0.693926215171814,
11,590,0,0.8276331424713135,
11,591,0,0.24766117334365845,
11,592,0,0.8179900050163269,
11,593,0,0.8279772400856018,
11,594,0,0.818792462348938,
11,595,0,0.7271910905838013,
11,596,0,0.42502838373184204,
11,597,0,0.157270610332489,
11,598,0,0.31612253189086914,
11,599,0,0.3285018801689148,
11,600,0,0.7403589487075806,
11,601,0,0.4115942716598511,
11,602,0,0.18266040086746216,
11,603,0,0.2991185784339905,
11,604,0,0.7432116270065308,
11,605,0,0.7866734862327576,
11,606,0,0.29536134004592896,
11,607,0,0.7221899032592773,
11,608,0,0.6914397478103638,
11,609,0,0.8422860503196716,
11,610,0,0.8407171964645386,
11,611,0,0.8565515875816345,
11,612,0,0.6607218980789185,
11,613,0,0.7477809190750122,
11,614,0,0.8366096615791321,
11,615,0,0.3850821852684021,
11,616,0,0.8253270387649536,
11,617,0,0.27464377880096436,
11,618,0,0.16259241104125977,
11,619,0,0.3933507800102234,
11,620,0,0.8426574468612671,
11,621,0,0.4146459698677063,
11,622,0,0.759017825126648,
11,623,0,0.41976600885391235,
11,624,0,0.3109346032142639,
11,625,0,0.8530696034431458,
11,626,0,0.8213555216789246,
11,627,0,0.8189405202865601,
11,628,0,0.8482092022895813,
11,629,0,0.4735252261161804,
11,630,0,0.06246328353881836,
11,631,0,0.17156124114990234,
11,632,0,0.8111822605133057,
11,633,0,0.7153736352920532,
11,634,0,0.825836181640625,
11,635,0,0.476773738861084,
11,636,0,0.8138774037361145,
11,637,0,0.7068103551864624,
11,638,0,0.8169903755187988,
11,639,0,0.7542903423309326,
11,640,0,0.14292770624160767,
11,641,0,0.7619138360023499,
11,642,0,0.7782958745956421,
11,643,0,0.41812920570373535,
11,644,0,0.3993333578109741,
11,645,0,0.7984915971755981,
11,646,0,0.8281084895133972,
11,647,0,0.7798818349838257,
11,648,0,0.8129922151565552,
11,649,0,0.0450931191444397,
11,650,0,0.7563481330871582,
11,651,0,0.4257345199584961,
11,652,0,0.6789335012435913,
11,653,0,0.5781066417694092,
11,654,0,0.7476693987846375,
11,655,0,0.24028199911117554,
11,656,0,0.24657416343688965,
11,657,0,0.36195582151412964,
11,658,0,0.7258384227752686,
11,659,0,0.048559367656707764,
11,660,0,0.8376902341842651,
11,661,0,0.7475982904434204,
11,662,0,0.8234469294548035,
11,663,0,0.722287654876709,
11,664,0,0.83452308177948,
11,665,0,0.4306136965751648,
11,666,0,0.054691851139068604,
11,667,0,0.823929488658905,
11,668,0,0.28644394874572754,
11,669,0,0.4589177966117859,
11,670,0,0.37497425079345703,
11,671,0,0.7569161653518677,
11,672,0,0.16627156734466553,
11,673,0,0.2683004140853882,
11,674,0,0.4022477865219116,
11,675,0,0.7540360689163208,
11,676,0,0.14649707078933716,
11,677,0,0.6001763343811035,
11,678,0,0.8316724896430969,
11,679,0,0.8043519854545593,
11,680,0,0.060189127922058105,
11,681,0,0.8180174827575684,
11,682,0,0.3017921447753906,
11,683,0,0.33622467517852783,
11,684,0,0.8112594485282898,
11,685,0,0.8159744143486023,
11,686,0,0.7976858615875244,
11,687,0,0.6164602041244507,
11,688,0,0.26959872245788574,
11,689,0,0.7596437931060791,
11,690,0,0.8422983884811401,
11,691,0,0.15160256624221802,
11,692,0,0.3470749258995056,
11,693,0,0.7062087655067444,
11,694,0,0.759678840637207,
11,695,0,0.7621937990188599,
11,696,0,0.18308407068252563,
11,697,0,0.7502570152282715,
11,698,0,0.8472373485565186,
11,699,0,0.4399620294570923,
11,700,0,0.25838249921798706,
11,701,0,0.8370159864425659,
11,702,0,0.7870863080024719,
11,703,0,0.8186801075935364,
11,704,0,0.14402467012405396,
11,705,0,0.05303877592086792,
11,706,0,0.8480494618415833,
11,707,0,0.8132430911064148,
11,708,0,0.8445720672607422,
11,709,0,0.7499400973320007,
11,710,0,0.40599972009658813,
11,711,0,0.34121376276016235,
11,712,0,0.2764320969581604,
11,713,0,0.4127679467201233,
11,714,0,0.8409056067466736,
11,715,0,0.4398695230484009,
11,716,0,0.7656556963920593,
11,717,0,0.6512874960899353,
11,718,0,0.8236948847770691,
11,719,0,0.8264840841293335,
11,720,0,0.7897915244102478,
11,721,0,0.7790742516517639,
11,722,0,0.7593971490859985,
11,723,0,0.16648584604263306,
11,724,0,0.697529673576355,
11,725,0,0.19194525480270386,
11,726,0,0.8380456566810608,
11,727,0,0.8220721483230591,
11,728,0,0.18863600492477417,
11,729,0,0.4488728642463684,
11,730,0,0.35559046268463135,
11,731,0,0.8415869474411011,
11,732,0,0.8140024542808533,
11,733,0,0.3998100757598877,
11,734,0,0.827100396156311,
11,735,0,0.3102858066558838,
11,736,0,0.7553850412368774,
11,737,0,0.7961970567703247,
11,738,0,0.8200963735580444,
11,739,0,0.6191489696502686,
11,740,0,0.29410821199417114,
11,741,0,0.6869559288024902,
11,742,0,0.8213105201721191,
11,743,0,0.8435102701187134,
11,744,0,0.7945278882980347,
11,745,0,0.2741168737411499,
11,746,0,0.7392011880874634,
11,747,0,0.8222393989562988,
11,748,0,0.7222539186477661,
11,749,0,0.8232889771461487,
11,750,0,0.8222931623458862,
11,751,0,0.823451042175293,
11,752,0,0.7453258037567139,
11,753,0,0.4597281217575073,
11,754,0,0.7134400606155396,
11,755,0,0.8446996212005615,
11,756,0,0.8292656540870667,
11,757,0,0.8409926295280457,
11,758,0,0.6731962561607361,
11,759,0,0.05151897668838501,
11,760,0,0.4456627368927002,
11,761,0,0.7429028749465942,
11,762,0,0.776039719581604,
11,763,0,0.3234012722969055,
11,764,0,0.3112342357635498,
11,765,0,0.8025652170181274,
11,766,0,0.16535431146621704,
11,767,0,0.7466404438018799,
11,768,0,0.8277603387832642,
11,769,0,0.1893795132637024,
11,770,0,0.7597547769546509,
11,771,0,0.707106351852417,
11,772,0,0.8061020970344543,
11,773,0,0.19804704189300537,
11,774,0,0.8399237394332886,
11,775,0,0.8040274381637573,
11,776,0,0.2556605935096741,
11,777,0,0.8121231198310852,
11,778,0,0.4212595224380493,
11,779,0,0.838971734046936,
11,780,0,0.7596602439880371,
11,781,0,0.8286183476448059,
11,782,0,0.39240944385528564,
11,783,0,0.8088160753250122,
11,784,0,0.39773088693618774,
11,785,0,0.0454290509223938,
11,786,0,0.4753299951553345,
11,787,0,0.24771851301193237,
11,788,0,0.8176479339599609,
11,789,0,0.2949743866920471,
11,790,0,0.7634365558624268,
11,791,0,0.4729578495025635,
11,792,0,0.3417854905128479,
11,793,0,0.7981823682785034,
11,794,0,0.8338603973388672,
11,795,0,0.2707502245903015,
11,796,0,0.8287588953971863,
11,797,0,0.05845528841018677,
11,798,0,0.4555036425590515,
11,799,0,0.8283320665359497,
11,val,,,0.5858077579736709
12,0,0,0.3920334577560425,
12,1,0,0.8177257776260376,
12,2,0,0.6412192583084106,
12,3,0,0.8081847429275513,
12,4,0,0.3982301354408264,
12,5,0,0.7621303200721741,
12,6,0,0.16593033075332642,
12,7,0,0.46423351764678955,
12,8,0,0.2349572777748108,
12,9,0,0.8146213889122009,
12,10,0,0.06284600496292114,
12,11,0,0.8168120384216309,
12,12,0,0.8309694528579712,
12,13,0,0.824927031993866,
12,14,0,0.7416681051254272,
12,15,0,0.8147308826446533,
12,16,0,0.5012270212173462,
12,17,0,0.3813893795013428,
12,18,0,0.8074045777320862,
12,19,0,0.8331723213195801,
12,20,0,0.7340074777603149,
12,21,0,0.47251707315444946,
12,22,0,0.2712576389312744,
12,23,0,0.6799356937408447,
12,24,0,0.8235527276992798,
12,25,0,0.7231029868125916,
12,26,0,0.8398990631103516,
12,27,0,0.3717849850654602,
12,28,0,0.2753080725669861,
12,29,0,0.4525398015975952,
12,30,0,0.8338205814361572,
12,31,0,0.7808932065963745,
12,32,0,0.4383816719055176,
12,33,0,0.7443332672119141,
12,34,0,0.7896002531051636,
12,35,0,0.26534467935562134,
12,36,0,0.41370511054992676,
12,37,0,0.8266659379005432,
12,38,0,0.184697687625885,
12,39,0,0.8460415601730347,
12,40,0,0.15388351678848267,
12,41,0,0.6257970333099365,
12,42,0,0.4606369733810425,
12,43,0,0.04225480556488037,
12,44,0,0.7423266172409058,
12,45,0,0.44785821437835693,
12,46,0,0.047977447509765625,
12,47,0,0.04296499490737915,
12,48,0,0.8408716917037964,
12,49,0,0.2999497652053833,
12,50,0,0.8430136442184448,
12,51,0,0.3493475914001465,
12,52,0,0.4193539619445801,
12,53,0,0.04407358169555664,
12,54,0,0.8543455004692078,
12,55,0,0.4422791600227356,
12,56,0,0.7884059548377991,
12,57,0,0.48570185899734497,
12,58,0,0.8642944097518921,
12,59,0,0.34751462936401367,
12,60,0,0.41112184524536133,
12,61,0,0.5951058864593506,
12,62,0,0.8279273509979248,
12,63,0,0.2607126235961914,
12,64,0,0.25072020292282104,
12,65,0,0.7246705293655396,
12,66,0,0.7142879962921143,
12,67,0,0.41003334522247314,
12,68,0,0.812622606754303,
12,69,0,0.41638773679733276,
12,70,0,0.4848049283027649,
12,71,0,0.614407479763031,
12,72,0,0.6674354076385498,
12,73,0,0.7909471988677979,
12,74,0,0.8156647682189941,
12,75,0,0.6052420139312744,
12,76,0,0.8066825270652771,
12,77,0,0.7149620056152344,
12,78,0,0.15424048900604248,
12,79,0,0.8172056078910828,
12,80,0,0.46047699451446533,
12,81,0,0.810841977596283,
12,82,0,0.047240257263183594,
12,83,0,0.8036922812461853,
12,84,0,0.826490581035614,
12,85,0,0.5003084540367126,
12,86,0,0.8050144910812378,
12,87,0,0.5701698660850525,
12,88,0,0.8134719729423523,
12,89,0,0.46661263704299927,
12,90,0,0.7350438833236694,
12,91,0,0.8194323182106018,
12,92,0,0.848487377166748,
12,93,0,0.8206099271774292,
12,94,0,0.47344863414764404,
12,95,0,0.8117626905441284,
12,96,0,0.26798349618911743,
12,97,0,0.8434452414512634,
12,98,0,0.6097161769866943,
12,99,0,0.8186729550361633,
12,100,0,0.7491341829299927,
12,101,0,0.6588830947875977,
12,102,0,0.7942647933959961,
12,103,0,0.7653146386146545,
12,104,0,0.8418254256248474,
12,105,0,0.3250870704650879,
12,106,0,0.8128069639205933,
12,107,0,0.8269131779670715,
12,108,0,0.6175559759140015,
12,109,0,0.8250774145126343,
12,110,0,0.8168020844459534,
12,111,0,0.8181759715080261,
12,112,0,0.8429093956947327,
12,113,0,0.4166959524154663,
12,114,0,0.2455127239227295,
12,115,0,0.812652587890625,
12,116,0,0.819290280342102,
12,117,0,0.3629381060600281,
12,118,0,0.8132685422897339,
12,119,0,0.3277885317802429,
12,120,0,0.8256190419197083,
12,121,0,0.8426297307014465,
12,122,0,0.7239353656768799,
12,123,0,0.06644660234451294,
12,124,0,0.41103899478912354,
12,125,0,0.7631216049194336,
12,126,0,0.826501190662384,
12,127,0,0.8245853781700134,
12,128,0,0.7972120642662048,
12,129,0,0.8445643186569214,
12,130,0,0.70014488697052,
12,131,0,0.8236013650894165,
12,132,0,0.7476168870925903,
12,133,0,0.23980647325515747,
12,134,0,0.4211016297340393,
12,135,0,0.4808332324028015,
12,136,0,0.05637139081954956,
12,137,0,0.1274920105934143,
12,138,0,0.2549411654472351,
12,139,0,0.4751468300819397,
12,140,0,0.8107726573944092,
12,141,0,0.7632077932357788,
12,142,0,0.8102278709411621,
12,143,0,0.7735878229141235,
12,144,0,0.8144648671150208,
12,145,0,0.21057575941085815,
12,146,0,0.6856135129928589,
12,147,0,0.2330452799797058,
12,148,0,0.7756340503692627,
12,149,0,0.7864329814910889,
12,150,0,0.8058052062988281,
12,151,0,0.8126383423805237,
12,152,0,0.7269506454467773,
12,153,0,0.8231316208839417,
12,154,0,0.8292453289031982,
12,155,0,0.7078659534454346,
12,156,0,0.046986937522888184,
12,157,0,0.6220830678939819,
12,158,0,0.7715993523597717,
12,159,0,0.8061580061912537,
12,160,0,0.3414981961250305,
12,161,0,0.059168338775634766,
12,162,0,0.84189772605896,
12,163,0,0.26942068338394165,
12,164,0,0.35898828506469727,
12,165,0,0.7220098972320557,
12,166,0,0.24989068508148193,
12,167,0,0.811073899269104,
12,168,0,0.846701443195343,
12,169,0,0.13301599025726318,
12,170,0,0.7502578496932983,
12,171,0,0.7375998497009277,
12,172,0,0.7337923049926758,
12,173,0,0.6359578371047974,
12,174,0,0.7497766017913818,
12,175,0,0.4034351110458374,
12,176,0,0.7632169127464294,
12,177,0,0.2897551655769348,
12,178,0,0.8376723527908325,
12,179,0,0.3206713795661926,
12,180,0,0.793670654296875,
12,181,0,0.799121618270874,
12,182,0,0.3249064087867737,
12,183,0,0.15884864330291748,
12,184,0,0.777114987373352,
12,185,0,0.7423559427261353,
12,186,0,0.2790575623512268,
12,187,0,0.7284644842147827,
12,188,0,0.7325153350830078,
12,189,0,0.2594001889228821,
12,190,0,0.06372755765914917,
12,191,0,0.4498503804206848,
12,192,0,0.7707123160362244,
12,193,0,0.7374622821807861,
12,194,0,0.7359879016876221,
12,195,0,0.8611769080162048,
12,196,0,0.7376737594604492,
12,197,0,0.179803729057312,
12,198,0,0.8080698251724243,
12,199,0,0.24519199132919312,
12,200,0,0.7304227352142334,
12,201,0,0.048403799533843994,
12,202,0,0.2745895981788635,
12,203,0,0.8354304432868958,
12,204,0,0.3207795023918152,
12,205,0,0.22895914316177368,
12,206,0,0.3299902677536011,
12,207,0,0.14290380477905273,
12,208,0,0.4688228368759155,
12,209,0,0.7874448895454407,
12,210,0,0.2862290143966675,
12,211,0,0.8237946033477783,
12,212,0,0.43503791093826294,
12,213,0,0.7995555996894836,
12,214,0,0.8389200568199158,
12,215,0,0.8304553031921387,
12,216,0,0.44697630405426025,
12,217,0,0.8294804692268372,
12,218,0,0.8311165571212769,
12,219,0,0.7295728921890259,
12,220,0,0.24874389171600342,
12,221,0,0.7408812046051025,
12,222,0,0.29963815212249756,
12,223,0,0.4734117388725281,
12,224,0,0.800940215587616,
12,225,0,0.2831733822822571,
12,226,0,0.8105828166007996,
12,227,0,0.16448962688446045,
12,228,0,0.6815719604492188,
12,229,0,0.4167768955230713,
12,230,0,0.442663311958313,
12,231,0,0.8090547323226929,
12,232,0,0.8555155396461487,
12,233,0,0.8449910879135132,
12,234,0,0.8231031894683838,
12,235,0,0.04277646541595459,
12,236,0,0.4320039749145508,
12,237,0,0.8327382802963257,
12,238,0,0.460313618183136,
12,239,0,0.3924347758293152,
12,240,0,0.8185395002365112,
12,241,0,0.8099493980407715,
12,242,0,0.8218680024147034,
12,243,0,0.4322358965873718,
12,244,0,0.29256945848464966,
12,245,0,0.05095463991165161,
12,246,0,0.40952152013778687,
12,247,0,0.819587767124176,
12,248,0,0.43942689895629883,
12,249,0,0.8202769160270691,
12,250,0,0.11642742156982422,
12,251,0,0.840694785118103,
12,252,0,0.7638096809387207,
12,253,0,0.7616147994995117,
12,254,0,0.0380285382270813,
12,255,0,0.7535818815231323,
12,256,0,0.5572971105575562,
12,257,0,0.8540524244308472,
12,258,0,0.8225865364074707,
12,259,0,0.8343531489372253,
12,260,0,0.5106244087219238,
12,261,0,0.7441787123680115,
12,262,0,0.8272120356559753,
12,263,0,0.7336784601211548,
12,264,0,0.2797918915748596,
12,265,0,0.8256211280822754,
12,266,0,0.8183945417404175,
12,267,0,0.8371506929397583,
12,268,0,0.30968016386032104,
12,269,0,0.4502224922180176,
12,270,0,0.5893580317497253,
12,271,0,0.810238242149353,
12,272,0,0.3660513162612915,
12,273,0,0.8418585658073425,
12,274,0,0.8191872835159302,
12,275,0,0.15154695510864258,
12,276,0,0.8115428686141968,
12,277,0,0.05926614999771118,
12,278,0,0.5177745819091797,
12,279,0,0.7324306964874268,
12,280,0,0.7816400527954102,
12,281,0,0.7861617207527161,
12,282,0,0.7469993829727173,
12,283,0,0.7445906400680542,
12,284,0,0.8250703811645508,
12,285,0,0.8186478018760681,
12,286,0,0.6408595442771912,
12,287,0,0.7275636196136475,
12,288,0,0.8010857105255127,
12,289,0,0.5272200107574463,
12,290,0,0.8478806614875793,
12,291,0,0.046197474002838135,
12,292,0,0.3800482749938965,
12,293,0,0.8476694822311401,
12,294,0,0.8400012850761414,
12,295,0,0.823754072189331,
12,296,0,0.4648910164833069,
12,297,0,0.04872709512710571,
12,298,0,0.8503921627998352,
12,299,0,0.813953161239624,
12,300,0,0.3988693356513977,
12,301,0,0.40137070417404175,
12,302,0,0.8385183215141296,
12,303,0,0.5935945510864258,
12,304,0,0.8422572612762451,
12,305,0,0.4611697793006897,
12,306,0,0.22631490230560303,
12,307,0,0.835662305355072,
12,308,0,0.8435538411140442,
12,309,0,0.18298357725143433,
12,310,0,0.8175898194313049,
12,311,0,0.3827245831489563,
12,312,0,0.8258371949195862,
12,313,0,0.8134855031967163,
12,314,0,0.39785516262054443,
12,315,0,0.7766035199165344,
12,316,0,0.8373938798904419,
12,317,0,0.6336247324943542,
12,318,0,0.3525400161743164,
12,319,0,0.3050957918167114,
12,320,0,0.7427347898483276,
12,321,0,0.8189995884895325,
12,322,0,0.8185015916824341,
12,323,0,0.2818336486816406,
12,324,0,0.8483649492263794,
12,325,0,0.7904325723648071,
12,326,0,0.8099232912063599,
12,327,0,0.7300623655319214,
12,328,0,0.7135347127914429,
12,329,0,0.7703042030334473,
12,330,0,0.35645419359207153,
12,331,0,0.307975172996521,
12,332,0,0.8035604357719421,
12,333,0,0.24001604318618774,
12,334,0,0.8020005822181702,
12,335,0,0.3570534586906433,
12,336,0,0.8309133648872375,
12,337,0,0.4360049366950989,
12,338,0,0.6274577379226685,
12,339,0,0.7959468960762024,
12,340,0,0.8414672017097473,
12,341,0,0.05609416961669922,
12,342,0,0.7437751293182373,
12,343,0,0.6069890260696411,
12,344,0,0.820341169834137,
12,345,0,0.8290416598320007,
12,346,0,0.22552061080932617,
12,347,0,0.15942037105560303,
12,348,0,0.7512308359146118,
12,349,0,0.8159589767456055,
12,350,0,0.7741303443908691,
12,351,0,0.7694734334945679,
12,352,0,0.822964608669281,
12,353,0,0.822075366973877,
12,354,0,0.6463998556137085,
12,355,0,0.1579868197441101,
12,356,0,0.8188353180885315,
12,357,0,0.7134637832641602,
12,358,0,0.19401317834854126,
12,359,0,0.7793446183204651,
12,360,0,0.818658173084259,
12,361,0,0.8479852080345154,
12,362,0,0.23905205726623535,
12,363,0,0.29800719022750854,
12,364,0,0.7508952617645264,
12,365,0,0.823156476020813,
12,366,0,0.8162543177604675,
12,367,0,0.8359735608100891,
12,368,0,0.8061988353729248,
12,369,0,0.8090134859085083,
12,370,0,0.6116329431533813,
12,371,0,0.6798378229141235,
12,372,0,0.8229494094848633,
12,373,0,0.8170373439788818,
12,374,0,0.4052655100822449,
12,375,0,0.7286495566368103,
12,376,0,0.7517850399017334,
12,377,0,0.32646167278289795,
12,378,0,0.39021003246307373,
12,379,0,0.8266505002975464,
12,380,0,0.32739120721817017,
12,381,0,0.3074730634689331,
12,382,0,0.3099430203437805,
12,383,0,0.8423304557800293,
12,384,0,0.3094361424446106,
12,385,0,0.3080645799636841,
12,386,0,0.22364342212677002,
12,387,0,0.425243616104126,
12,388,0,0.054395198822021484,
12,389,0,0.7800639867782593,
12,390,0,0.7527467608451843,
12,391,0,0.6775801181793213,
12,392,0,0.6705377101898193,
12,393,0,0.2982270121574402,
12,394,0,0.470297634601593,
12,395,0,0.8142069578170776,
12,396,0,0.1495266556739807,
12,397,0,0.17080408334732056,
12,398,0,0.795795738697052,
12,399,0,0.28010064363479614,
12,400,0,0.6943545341491699,
12,401,0,0.7477740049362183,
12,402,0,0.8281829357147217,
12,403,0,0.8009563684463501,
12,404,0,0.2960609793663025,
12,405,0,0.061160147190093994,
12,406,0,0.7600128054618835,
12,407,0,0.8520975112915039,
12,408,0,0.7667220234870911,
12,409,0,0.7126060724258423,
12,410,0,0.8414702415466309,
12,411,0,0.296420156955719,
12,412,0,0.7699093222618103,
12,413,0,0.0636138916015625,
12,414,0,0.7748851180076599,
12,415,0,0.6379798650741577,
12,416,0,0.8297900557518005,
12,417,0,0.05148714780807495,
12,418,0,0.48925334215164185,
12,419,0,0.4633845090866089,
12,420,0,0.24742013216018677,
12,421,0,0.24892044067382812,
12,422,0,0.8083932995796204,
12,423,0,0.8398582339286804,
12,424,0,0.8114054799079895,
12,425,0,0.8110536336898804,
12,426,0,0.8123432993888855,
12,427,0,0.8085225224494934,
12,428,0,0.4452017545700073,
12,429,0,0.8139858245849609,
12,430,0,0.2549787163734436,
12,431,0,0.7950926423072815,
12,432,0,0.7234559059143066,
12,433,0,0.8279157280921936,
12,434,0,0.8229714632034302,
12,435,0,0.8142067193984985,
12,436,0,0.612190842628479,
12,437,0,0.05118757486343384,
12,438,0,0.6901297569274902,
12,439,0,0.21450048685073853,
12,440,0,0.8497523069381714,
12,441,0,0.7851244807243347,
12,442,0,0.8239254355430603,
12,443,0,0.8159446716308594,
12,444,0,0.7531008124351501,
12,445,0,0.826228141784668,
12,446,0,0.7077149152755737,
12,447,0,0.28972959518432617,
12,448,0,0.05128985643386841,
12,449,0,0.798069953918457,
12,450,0,0.7764596939086914,
12,451,0,0.25343674421310425,
12,452,0,0.8115381002426147,
12,453,0,0.28017520904541016,
12,454,0,0.41352665424346924,
12,455,0,0.563413143157959,
12,456,0,0.7209444046020508,
12,457,0,0.6618107557296753,
12,458,0,0.5105429887771606,
12,459,0,0.8077033758163452,
12,460,0,0.8189833164215088,
12,461,0,0.45178377628326416,
12,462,0,0.8045949935913086,
12,463,0,0.14073258638381958,
12,464,0,0.604945957660675,
12,465,0,0.7387905120849609,
12,466,0,0.04349994659423828,
12,467,0,0.8148004412651062,
12,468,0,0.6386898756027222,
12,469,0,0.7953709363937378,
12,470,0,0.31920433044433594,
12,471,0,0.049085795879364014,
12,472,0,0.8410341143608093,
12,473,0,0.8373191952705383,
12,474,0,0.04681366682052612,
12,475,0,0.8275266885757446,
12,476,0,0.4512328505516052,
12,477,0,0.8261055946350098,
12,478,0,0.5021274089813232,
12,479,0,0.4788208603858948,
12,480,0,0.6780643463134766,
12,481,0,0.1601266860961914,
12,482,0,0.7856780290603638,
12,483,0,0.8370516300201416,
12,484,0,0.8365244269371033,
12,485,0,0.42236030101776123,
12,486,0,0.7157378196716309,
12,487,0,0.32522058486938477,
12,488,0,0.7005584239959717,
12,489,0,0.8346592783927917,
12,490,0,0.761493980884552,
12,491,0,0.8250595331192017,
12,492,0,0.6351659893989563,
12,493,0,0.7328850626945496,
12,494,0,0.05787849426269531,
12,495,0,0.34797048568725586,
12,496,0,0.26773834228515625,
12,497,0,0.7730193734169006,
12,498,0,0.44254928827285767,
12,499,0,0.8428667187690735,
12,500,0,0.7867370843887329,
12,501,0,0.7628443837165833,
12,502,0,0.8358458876609802,
12,503,0,0.1969277262687683,
12,504,0,0.7526158094406128,
12,505,0,0.45435845851898193,
12,506,0,0.7631477117538452,
12,507,0,0.24937009811401367,
12,508,0,0.8440982699394226,
12,509,0,0.8423200845718384,
12,510,0,0.8137382864952087,
12,511,0,0.7617673873901367,
12,512,0,0.23827379941940308,
12,513,0,0.7224310636520386,
12,514,0,0.8127765655517578,
12,515,0,0.8121108412742615,
12,516,0,0.7385010123252869,
12,517,0,0.37193799018859863,
12,518,0,0.22184467315673828,
12,519,0,0.27400100231170654,
12,520,0,0.8160368204116821,
12,521,0,0.8171719312667847,
12,522,0,0.3359103798866272,
12,523,0,0.858059823513031,
12,524,0,0.7386527061462402,
12,525,0,0.04926443099975586,
12,526,0,0.3059478998184204,
12,527,0,0.8374314308166504,
12,528,0,0.051902174949645996,
12,529,0,0.8149282932281494,
12,530,0,0.7723094820976257,
12,531,0,0.8488644361495972,
12,532,0,0.8026884198188782,
12,533,0,0.8176659345626831,
12,534,0,0.37391215562820435,
12,535,0,0.7982529401779175,
12,536,0,0.7901024222373962,
12,537,0,0.2676761746406555,
12,538,0,0.8278244733810425,
12,539,0,0.7948409914970398,
12,540,0,0.8025875687599182,
12,541,0,0.40884697437286377,
12,542,0,0.31921178102493286,
12,543,0,0.8461897373199463,
12,544,0,0.057319462299346924,
12,545,0,0.38576656579971313,
12,546,0,0.43790948390960693,
12,547,0,0.057627737522125244,
12,548,0,0.7737909555435181,
12,549,0,0.30392926931381226,
12,550,0,0.83702152967453,
12,551,0,0.8461156487464905,
12,552,0,0.721571683883667,
12,553,0,0.42914438247680664,
12,554,0,0.6589505672454834,
12,555,0,0.23959416151046753,
12,556,0,0.7738744020462036,
12,557,0,0.8109489679336548,
12,558,0,0.3749101758003235,
12,559,0,0.647266149520874,
12,560,0,0.7839583158493042,
12,561,0,0.8139664530754089,
12,562,0,0.16195076704025269,
12,563,0,0.8163242936134338,
12,564,0,0.46483343839645386,
12,565,0,0.33397674560546875,
12,566,0,0.364671528339386,
12,567,0,0.8196766972541809,
12,568,0,0.2055981159210205,
12,569,0,0.8158330917358398,
12,570,0,0.6255127191543579,
12,571,0,0.598667323589325,
12,572,0,0.30384600162506104,
12,573,0,0.8195617198944092,
12,574,0,0.302201509475708,
12,575,0,0.26413965225219727,
12,576,0,0.7750328183174133,
12,577,0,0.28027188777923584,
12,578,0,0.29381847381591797,
12,579,0,0.7895762324333191,
12,580,0,0.2537536025047302,
12,581,0,0.3856378197669983,
12,582,0,0.8017618060112,
12,583,0,0.7655097246170044,
12,584,0,0.43191128969192505,
12,585,0,0.8124796152114868,
12,586,0,0.8314595818519592,
12,587,0,0.579515814781189,
12,588,0,0.21206247806549072,
12,589,0,0.6915721893310547,
12,590,0,0.8240972757339478,
12,591,0,0.24560058116912842,
12,592,0,0.8176179528236389,
12,593,0,0.8290330171585083,
12,594,0,0.8185412287712097,
12,595,0,0.7241201400756836,
12,596,0,0.42336946725845337,
12,597,0,0.15757596492767334,
12,598,0,0.3157578110694885,
12,599,0,0.32498377561569214,
12,600,0,0.7232495546340942,
12,601,0,0.40524613857269287,
12,602,0,0.17835885286331177,
12,603,0,0.2961522936820984,
12,604,0,0.7418453693389893,
12,605,0,0.8007482290267944,
12,606,0,0.2895670533180237,
12,607,0,0.7197344899177551,
12,608,0,0.6889376640319824,
12,609,0,0.8406212329864502,
12,610,0,0.8397366404533386,
12,611,0,0.8549014329910278,
12,612,0,0.6605945825576782,
12,613,0,0.7351901531219482,
12,614,0,0.8336660265922546,
12,615,0,0.38261276483535767,
12,616,0,0.8224834203720093,
12,617,0,0.2677996754646301,
12,618,0,0.1603115200996399,
12,619,0,0.38068342208862305,
12,620,0,0.8477539420127869,
12,621,0,0.41625452041625977,
12,622,0,0.7519716024398804,
12,623,0,0.42053014039993286,
12,624,0,0.30721408128738403,
12,625,0,0.8518622517585754,
12,626,0,0.8124710917472839,
12,627,0,0.8144704103469849,
12,628,0,0.8402078151702881,
12,629,0,0.47187089920043945,
12,630,0,0.06018942594528198,
12,631,0,0.17231804132461548,
12,632,0,0.8131698369979858,
12,633,0,0.7078835368156433,
12,634,0,0.8195546865463257,
12,635,0,0.47809910774230957,
12,636,0,0.8184283971786499,
12,637,0,0.7041089534759521,
12,638,0,0.8156039714813232,
12,639,0,0.7536654472351074,
12,640,0,0.14003664255142212,
12,641,0,0.758587121963501,
12,642,0,0.7757781744003296,
12,643,0,0.41466647386550903,
12,644,0,0.39928704500198364,
12,645,0,0.8020199537277222,
12,646,0,0.8300677537918091,
12,647,0,0.7740440368652344,
12,648,0,0.8120589256286621,
12,649,0,0.04460865259170532,
12,650,0,0.7620046734809875,
12,651,0,0.4273701310157776,
12,652,0,0.6744908094406128,
12,653,0,0.5820523500442505,
12,654,0,0.7547928094863892,
12,655,0,0.23572903871536255,
12,656,0,0.24404889345169067,
12,657,0,0.36575573682785034,
12,658,0,0.7201230525970459,
12,659,0,0.04701763391494751,
12,660,0,0.8360871076583862,
12,661,0,0.7400003671646118,
12,662,0,0.8205992579460144,
12,663,0,0.7065765857696533,
12,664,0,0.826107919216156,
12,665,0,0.418176531791687,
12,666,0,0.054958224296569824,
12,667,0,0.8262087106704712,
12,668,0,0.28414517641067505,
12,669,0,0.4580901861190796,
12,670,0,0.37206846475601196,
12,671,0,0.7583978772163391,
12,672,0,0.1664610505104065,
12,673,0,0.2730449438095093,
12,674,0,0.40755826234817505,
12,675,0,0.7643337249755859,
12,676,0,0.14435559511184692,
12,677,0,0.596998393535614,
12,678,0,0.8262470364570618,
12,679,0,0.8077961802482605,
12,680,0,0.05977660417556763,
12,681,0,0.8172619938850403,
12,682,0,0.29782360792160034,
12,683,0,0.32929474115371704,
12,684,0,0.8125074505805969,
12,685,0,0.8142805695533752,
12,686,0,0.7871676087379456,
12,687,0,0.6184597015380859,
12,688,0,0.26757270097732544,
12,689,0,0.764339029788971,
12,690,0,0.8385287523269653,
12,691,0,0.14975565671920776,
12,692,0,0.3442956805229187,
12,693,0,0.7037863731384277,
12,694,0,0.7584946155548096,
12,695,0,0.7597616910934448,
12,696,0,0.18352258205413818,
12,697,0,0.749405026435852,
12,698,0,0.8459365963935852,
12,699,0,0.4410654306411743,
12,700,0,0.25883787870407104,
12,701,0,0.8358484506607056,
12,702,0,0.7869283556938171,
12,703,0,0.8144031763076782,
12,704,0,0.14121979475021362,
12,705,0,0.05339270830154419,
12,706,0,0.8485841751098633,
12,707,0,0.8112239241600037,
12,708,0,0.8461599349975586,
12,709,0,0.7484029531478882,
12,710,0,0.4010329842567444,
12,711,0,0.3381398916244507,
12,712,0,0.27093327045440674,
12,713,0,0.4129023551940918,
12,714,0,0.8447104692459106,
12,715,0,0.43655651807785034,
12,716,0,0.763481616973877,
12,717,0,0.6512101888656616,
12,718,0,0.8167762160301208,
12,719,0,0.8283753395080566,
12,720,0,0.7929791808128357,
12,721,0,0.7806395888328552,
12,722,0,0.7468860149383545,
12,723,0,0.1642988920211792,
12,724,0,0.6900834441184998,
12,725,0,0.18936651945114136,
12,726,0,0.829646110534668,
12,727,0,0.8122966885566711,
12,728,0,0.18765944242477417,
12,729,0,0.4397662878036499,
12,730,0,0.3463456630706787,
12,731,0,0.8304861783981323,
12,732,0,0.8180323243141174,
12,733,0,0.38950473070144653,
12,734,0,0.8283249139785767,
12,735,0,0.31422221660614014,
12,736,0,0.7552631497383118,
12,737,0,0.7972865700721741,
12,738,0,0.8173737525939941,
12,739,0,0.6252338886260986,
12,740,0,0.2906549572944641,
12,741,0,0.6956360340118408,
12,742,0,0.8265900015830994,
12,743,0,0.84892737865448,
12,744,0,0.7880561351776123,
12,745,0,0.2667769193649292,
12,746,0,0.7371274828910828,
12,747,0,0.8222579956054688,
12,748,0,0.7334136962890625,
12,749,0,0.825831413269043,
12,750,0,0.8319012522697449,
12,751,0,0.8261080980300903,
12,752,0,0.7448388338088989,
12,753,0,0.4514932632446289,
12,754,0,0.7136383056640625,
12,755,0,0.8427637219429016,
12,756,0,0.8280701041221619,
12,757,0,0.8400391340255737,
12,758,0,0.6749715805053711,
12,759,0,0.051987528800964355,
12,760,0,0.4369918704032898,
12,761,0,0.7398838996887207,
12,762,0,0.7762843370437622,
12,763,0,0.31869226694107056,
12,764,0,0.30473560094833374,
12,765,0,0.803857684135437,
12,766,0,0.163496196269989,
12,767,0,0.745909571647644,
12,768,0,0.8301675915718079,
12,769,0,0.1881561279296875,
12,770,0,0.763841986656189,
12,771,0,0.701115608215332,
12,772,0,0.8011065721511841,
12,773,0,0.19863355159759521,
12,774,0,0.8394814729690552,
12,775,0,0.797710657119751,
12,776,0,0.25231510400772095,
12,777,0,0.8146097660064697,
12,778,0,0.4239690899848938,
12,779,0,0.839605987071991,
12,780,0,0.762725830078125,
12,781,0,0.8316513299942017,
12,782,0,0.3882099986076355,
12,783,0,0.810740053653717,
12,784,0,0.39636141061782837,
12,785,0,0.045069873332977295,
12,786,0,0.4704473614692688,
12,787,0,0.2451714277267456,
12,788,0,0.8068829774856567,
12,789,0,0.2894154191017151,
12,790,0,0.7521910071372986,
12,791,0,0.4746766686439514,
12,792,0,0.33681315183639526,
12,793,0,0.8022342920303345,
12,794,0,0.8311988115310669,
12,795,0,0.2695913314819336,
12,796,0,0.8277205228805542,
12,797,0,0.0587652325630188,
12,798,0,0.4531053304672241,
12,799,0,0.8283470869064331,
12,val,,,0.5859326022863388
13,0,0,0.3906014561653137,
13,1,0,0.8169714212417603,
13,2,0,0.6263206005096436,
13,3,0,0.7963266372680664,
13,4,0,0.39496511220932007,
13,5,0,0.7647030353546143,
13,6,0,0.16275423765182495,
13,7,0,0.46395474672317505,
13,8,0,0.2344444990158081,
13,9,0,0.8141537308692932,
13,10,0,0.06423288583755493,
13,11,0,0.810050368309021,
13,12,0,0.8311800360679626,
13,13,0,0.8240747451782227,
13,14,0,0.7404375672340393,
13,15,0,0.8149699568748474,
13,16,0,0.5104928016662598,
13,17,0,0.3758161664009094,
13,18,0,0.8057928085327148,
13,19,0,0.8270834684371948,
13,20,0,0.7348942160606384,
13,21,0,0.4690316319465637,
13,22,0,0.2682667374610901,
13,23,0,0.6804208755493164,
13,24,0,0.8237757086753845,
13,25,0,0.7237704992294312,
13,26,0,0.8394046425819397,
13,27,0,0.3704753518104553,
13,28,0,0.2743501663208008,
13,29,0,0.4558889865875244,
13,30,0,0.8341352343559265,
13,31,0,0.7681485414505005,
13,32,0,0.43762969970703125,
13,33,0,0.7439312934875488,
13,34,0,0.786441445350647,
13,35,0,0.265358030796051,
13,36,0,0.41252779960632324,
13,37,0,0.8258993029594421,
13,38,0,0.18462389707565308,
13,39,0,0.8453994989395142,
13,40,0,0.1527147889137268,
13,41,0,0.622443437576294,
13,42,0,0.4568808078765869,
13,43,0,0.04047888517379761,
13,44,0,0.7416201829910278,
13,45,0,0.4443342089653015,
13,46,0,0.04715019464492798,
13,47,0,0.04238545894622803,
13,48,0,0.8392065763473511,
13,49,0,0.2974218726158142,
13,50,0,0.841665506362915,
13,51,0,0.3477048873901367,
13,52,0,0.41489678621292114,
13,53,0,0.04446744918823242,
13,54,0,0.856269359588623,
13,55,0,0.44082194566726685,
13,56,0,0.7814962863922119,
13,57,0,0.4852226972579956,
13,58,0,0.8576252460479736,
13,59,0,0.3453946113586426,
13,60,0,0.4107685685157776,
13,61,0,0.5871663093566895,
13,62,0,0.8251691460609436,
13,63,0,0.2609516978263855,
13,64,0,0.24764347076416016,
13,65,0,0.7160637378692627,
13,66,0,0.7156646251678467,
13,67,0,0.40719228982925415,
13,68,0,0.8257437944412231,
13,69,0,0.42075103521347046,
13,70,0,0.48174524307250977,
13,71,0,0.607869565486908,
13,72,0,0.6714223623275757,
13,73,0,0.7950594425201416,
13,74,0,0.8180660605430603,
13,75,0,0.6013718843460083,
13,76,0,0.8095783591270447,
13,77,0,0.6945443153381348,
13,78,0,0.15390443801879883,
13,79,0,0.8116487860679626,
13,80,0,0.45186692476272583,
13,81,0,0.8126676082611084,
13,82,0,0.0491824746131897,
13,83,0,0.8001735806465149,
13,84,0,0.8245013356208801,
13,85,0,0.49763959646224976,
13,86,0,0.7982954382896423,
13,87,0,0.5735448598861694,
13,88,0,0.8141366243362427,
13,89,0,0.4664192199707031,
13,90,0,0.7349741458892822,
13,91,0,0.8190090656280518,
13,92,0,0.8496313691139221,
13,93,0,0.8180115818977356,
13,94,0,0.46806222200393677,
13,95,0,0.8104095458984375,
13,96,0,0.26749807596206665,
13,97,0,0.8430632948875427,
13,98,0,0.6058080792427063,
13,99,0,0.8179153203964233,
13,100,0,0.7442909479141235,
13,101,0,0.6674036979675293,
13,102,0,0.8014031052589417,
13,103,0,0.7662749290466309,
13,104,0,0.8442947268486023,
13,105,0,0.3179932236671448,
13,106,0,0.8102258443832397,
13,107,0,0.8227818608283997,
13,108,0,0.6219742298126221,
13,109,0,0.8225736021995544,
13,110,0,0.8194701671600342,
13,111,0,0.8144916892051697,
13,112,0,0.8424307107925415,
13,113,0,0.4104946255683899,
13,114,0,0.2439475655555725,
13,115,0,0.808915376663208,
13,116,0,0.8131784796714783,
13,117,0,0.361028254032135,
13,118,0,0.8122996687889099,
13,119,0,0.3211134076118469,
13,120,0,0.8240029215812683,
13,121,0,0.8409222364425659,
13,122,0,0.7223597764968872,
13,123,0,0.06612986326217651,
13,124,0,0.4092407822608948,
13,125,0,0.7566889524459839,
13,126,0,0.8185181617736816,
13,127,0,0.8250195980072021,
13,128,0,0.7919949889183044,
13,129,0,0.8426313400268555,
13,130,0,0.6887901425361633,
13,131,0,0.8184382319450378,
13,132,0,0.7412617206573486,
13,133,0,0.23631632328033447,
13,134,0,0.4179028868675232,
13,135,0,0.47802072763442993,
13,136,0,0.05552774667739868,
13,137,0,0.12795931100845337,
13,138,0,0.2511577010154724,
13,139,0,0.47216594219207764,
13,140,0,0.8097642660140991,
13,141,0,0.7592278718948364,
13,142,0,0.8214626908302307,
13,143,0,0.7765936851501465,
13,144,0,0.817756712436676,
13,145,0,0.20722931623458862,
13,146,0,0.6834385991096497,
13,147,0,0.23123961687088013,
13,148,0,0.7731692790985107,
13,149,0,0.7852713465690613,
13,150,0,0.8046738505363464,
13,151,0,0.8169124722480774,
13,152,0,0.7319638729095459,
13,153,0,0.8235725164413452,
13,154,0,0.8289400935173035,
13,155,0,0.7084659337997437,
13,156,0,0.047507643699645996,
13,157,0,0.6203831434249878,
13,158,0,0.7720900177955627,
13,159,0,0.8060264587402344,
13,160,0,0.3420003652572632,
13,161,0,0.05822950601577759,
13,162,0,0.8406102657318115,
13,163,0,0.2659794092178345,
13,164,0,0.3540324568748474,
13,165,0,0.7220674753189087,
13,166,0,0.24269568920135498,
13,167,0,0.8127243518829346,
13,168,0,0.8459140062332153,
13,169,0,0.13615530729293823,
13,170,0,0.743620753288269,
13,171,0,0.7374026775360107,
13,172,0,0.7335308790206909,
13,173,0,0.6308326125144958,
13,174,0,0.7483827471733093,
13,175,0,0.403433620929718,
13,176,0,0.762212336063385,
13,177,0,0.2821669578552246,
13,178,0,0.8374032974243164,
13,179,0,0.3162645697593689,
13,180,0,0.7909296751022339,
13,181,0,0.8050362467765808,
13,182,0,0.32416123151779175,
13,183,0,0.16061896085739136,
13,184,0,0.7816571593284607,
13,185,0,0.7424595355987549,
13,186,0,0.27220839262008667,
13,187,0,0.7237316966056824,
13,188,0,0.7203136682510376,
13,189,0,0.25554847717285156,
13,190,0,0.0636444091796875,
13,191,0,0.44526761770248413,
13,192,0,0.7657722234725952,
13,193,0,0.7360879182815552,
13,194,0,0.7345778942108154,
13,195,0,0.8561840057373047,
13,196,0,0.736004114151001,
13,197,0,0.18113690614700317,
13,198,0,0.8054949641227722,
13,199,0,0.2439274787902832,
13,200,0,0.730728030204773,
13,201,0,0.04756200313568115,
13,202,0,0.26896804571151733,
13,203,0,0.8356617093086243,
13,204,0,0.3064427971839905,
13,205,0,0.22594624757766724,
13,206,0,0.3269733190536499,
13,207,0,0.1423589587211609,
13,208,0,0.46681612730026245,
13,209,0,0.7898087501525879,
13,210,0,0.28779667615890503,
13,211,0,0.8238352537155151,
13,212,0,0.4219018816947937,
13,213,0,0.7976424694061279,
13,214,0,0.8394637107849121,
13,215,0,0.8174801468849182,
13,216,0,0.4473267197608948,
13,217,0,0.8293488621711731,
13,218,0,0.8249081969261169,
13,219,0,0.7314847707748413,
13,220,0,0.24671727418899536,
13,221,0,0.7411718368530273,
13,222,0,0.29446589946746826,
13,223,0,0.4725989103317261,
13,224,0,0.7894367575645447,
13,225,0,0.27885109186172485,
13,226,0,0.8060539364814758,
13,227,0,0.16175156831741333,
13,228,0,0.6740909814834595,
13,229,0,0.41105854511260986,
13,230,0,0.4317183494567871,
13,231,0,0.8084685206413269,
13,232,0,0.8539543747901917,
13,233,0,0.8449910283088684,
13,234,0,0.8235284090042114,
13,235,0,0.04220157861709595,
13,236,0,0.4280701279640198,
13,237,0,0.8322422504425049,
13,238,0,0.46055126190185547,
13,239,0,0.391785204410553,
13,240,0,0.8192238807678223,
13,241,0,0.8069741129875183,
13,242,0,0.8251414895057678,
13,243,0,0.43413978815078735,
13,244,0,0.2922380566596985,
13,245,0,0.0499911904335022,
13,246,0,0.40233802795410156,
13,247,0,0.8368597030639648,
13,248,0,0.4389796257019043,
13,249,0,0.821408212184906,
13,250,0,0.11341637372970581,
13,251,0,0.8472299575805664,
13,252,0,0.7725194692611694,
13,253,0,0.7536231279373169,
13,254,0,0.03763902187347412,
13,255,0,0.7424930334091187,
13,256,0,0.5508986711502075,
13,257,0,0.8472250699996948,
13,258,0,0.8161106109619141,
13,259,0,0.83348149061203,
13,260,0,0.5105961561203003,
13,261,0,0.7446812391281128,
13,262,0,0.8312675952911377,
13,263,0,0.7316596508026123,
13,264,0,0.2779592275619507,
13,265,0,0.8359506726264954,
13,266,0,0.8269738554954529,
13,267,0,0.847542405128479,
13,268,0,0.31052500009536743,
13,269,0,0.44955796003341675,
13,270,0,0.5872234106063843,
13,271,0,0.8055136799812317,
13,272,0,0.3594365119934082,
13,273,0,0.8428727984428406,
13,274,0,0.8196609616279602,
13,275,0,0.1500988006591797,
13,276,0,0.8139365911483765,
13,277,0,0.05885636806488037,
13,278,0,0.5135804414749146,
13,279,0,0.7339197397232056,
13,280,0,0.7786628007888794,
13,281,0,0.7908607125282288,
13,282,0,0.7509605884552002,
13,283,0,0.7525982856750488,
13,284,0,0.8375522494316101,
13,285,0,0.813642144203186,
13,286,0,0.6367436647415161,
13,287,0,0.7207049131393433,
13,288,0,0.8034712076187134,
13,289,0,0.5117000341415405,
13,290,0,0.833537757396698,
13,291,0,0.04728037118911743,
13,292,0,0.37010306119918823,
13,293,0,0.8438665270805359,
13,294,0,0.8404980301856995,
13,295,0,0.8188965916633606,
13,296,0,0.4646640419960022,
13,297,0,0.04660797119140625,
13,298,0,0.8540462255477905,
13,299,0,0.8092037439346313,
13,300,0,0.39792442321777344,
13,301,0,0.40070194005966187,
13,302,0,0.8398323059082031,
13,303,0,0.5888429880142212,
13,304,0,0.8426740169525146,
13,305,0,0.460338294506073,
13,306,0,0.2236495018005371,
13,307,0,0.8341572880744934,
13,308,0,0.8422346115112305,
13,309,0,0.18586426973342896,
13,310,0,0.8178130984306335,
13,311,0,0.38034820556640625,
13,312,0,0.8257354497909546,
13,313,0,0.8140538930892944,
13,314,0,0.39365631341934204,
13,315,0,0.7716598510742188,
13,316,0,0.8361632227897644,
13,317,0,0.6270594596862793,
13,318,0,0.35098016262054443,
13,319,0,0.30402249097824097,
13,320,0,0.7421706914901733,
13,321,0,0.81484055519104,
13,322,0,0.8140039443969727,
13,323,0,0.2793077230453491,
13,324,0,0.8508280515670776,
13,325,0,0.7934397459030151,
13,326,0,0.8083178400993347,
13,327,0,0.7315842509269714,
13,328,0,0.7147564888000488,
13,329,0,0.7687994837760925,
13,330,0,0.34896016120910645,
13,331,0,0.30773407220840454,
13,332,0,0.7987459301948547,
13,333,0,0.23994022607803345,
13,334,0,0.7896557450294495,
13,335,0,0.3547690510749817,
13,336,0,0.8301488757133484,
13,337,0,0.43176960945129395,
13,338,0,0.6275129318237305,
13,339,0,0.792169451713562,
13,340,0,0.8430564403533936,
13,341,0,0.05558669567108154,
13,342,0,0.7413572072982788,
13,343,0,0.6066612601280212,
13,344,0,0.8222823143005371,
13,345,0,0.8280614614486694,
13,346,0,0.22259128093719482,
13,347,0,0.1620473861694336,
13,348,0,0.7513058185577393,
13,349,0,0.814423143863678,
13,350,0,0.7615759372711182,
13,351,0,0.7706702351570129,
13,352,0,0.823570191860199,
13,353,0,0.8221331834793091,
13,354,0,0.6401513814926147,
13,355,0,0.15460336208343506,
13,356,0,0.8212193846702576,
13,357,0,0.7045392990112305,
13,358,0,0.19378662109375,
13,359,0,0.7791274189949036,
13,360,0,0.8153181076049805,
13,361,0,0.8451249599456787,
13,362,0,0.23894578218460083,
13,363,0,0.2952149510383606,
13,364,0,0.7494686245918274,
13,365,0,0.8231567144393921,
13,366,0,0.8085178136825562,
13,367,0,0.8338295221328735,
13,368,0,0.8049534559249878,
13,369,0,0.8057795166969299,
13,370,0,0.6147772669792175,
13,371,0,0.6713930368423462,
13,372,0,0.8201438188552856,
13,373,0,0.8182616233825684,
13,374,0,0.3992541432380676,
13,375,0,0.7242624759674072,
13,376,0,0.7474683523178101,
13,377,0,0.32074278593063354,
13,378,0,0.3855414390563965,
13,379,0,0.8282073736190796,
13,380,0,0.32985371351242065,
13,381,0,0.29875612258911133,
13,382,0,0.30549800395965576,
13,383,0,0.8093210458755493,
13,384,0,0.30556780099868774,
13,385,0,0.30645591020584106,
13,386,0,0.22106224298477173,
13,387,0,0.4204861521720886,
13,388,0,0.05379897356033325,
13,389,0,0.7859920859336853,
13,390,0,0.7513057589530945,
13,391,0,0.6789577007293701,
13,392,0,0.6763863563537598,
13,393,0,0.30187922716140747,
13,394,0,0.46039777994155884,
13,395,0,0.8171706199645996,
13,396,0,0.14710289239883423,
13,397,0,0.16912555694580078,
13,398,0,0.8014075756072998,
13,399,0,0.2754961848258972,
13,400,0,0.6846109628677368,
13,401,0,0.7496715784072876,
13,402,0,0.8254096508026123,
13,403,0,0.7943387031555176,
13,404,0,0.2926143407821655,
13,405,0,0.059905052185058594,
13,406,0,0.7498660087585449,
13,407,0,0.8316183686256409,
13,408,0,0.7667540311813354,
13,409,0,0.704157829284668,
13,410,0,0.8348965048789978,
13,411,0,0.29176175594329834,
13,412,0,0.7803168892860413,
13,413,0,0.06110018491744995,
13,414,0,0.783147394657135,
13,415,0,0.6420406103134155,
13,416,0,0.8366909027099609,
13,417,0,0.05047422647476196,
13,418,0,0.4976924657821655,
13,419,0,0.462365984916687,
13,420,0,0.239715576171875,
13,421,0,0.2442164421081543,
13,422,0,0.8012092113494873,
13,423,0,0.8315590620040894,
13,424,0,0.8094975352287292,
13,425,0,0.8027334213256836,
13,426,0,0.8106863498687744,
13,427,0,0.7990769147872925,
13,428,0,0.4391104578971863,
13,429,0,0.8110817074775696,
13,430,0,0.2503505349159241,
13,431,0,0.7904255390167236,
13,432,0,0.7224966287612915,
13,433,0,0.8275738954544067,
13,434,0,0.822394847869873,
13,435,0,0.8152875900268555,
13,436,0,0.6082082986831665,
13,437,0,0.048019230365753174,
13,438,0,0.6920925378799438,
13,439,0,0.21063077449798584,
13,440,0,0.8504982590675354,
13,441,0,0.7835828065872192,
13,442,0,0.8235462307929993,
13,443,0,0.8171287775039673,
13,444,0,0.7530400156974792,
13,445,0,0.8263893127441406,
13,446,0,0.7034565210342407,
13,447,0,0.29190099239349365,
13,448,0,0.04991108179092407,
13,449,0,0.7982603311538696,
13,450,0,0.7753482460975647,
13,451,0,0.2508348822593689,
13,452,0,0.7986741065979004,
13,453,0,0.27982473373413086,
13,454,0,0.40982484817504883,
13,455,0,0.5644842982292175,
13,456,0,0.7189322113990784,
13,457,0,0.6565792560577393,
13,458,0,0.5092916488647461,
13,459,0,0.8044745922088623,
13,460,0,0.8180155754089355,
13,461,0,0.4498984217643738,
13,462,0,0.8006592988967896,
13,463,0,0.13604068756103516,
13,464,0,0.601976752281189,
13,465,0,0.7352123260498047,
13,466,0,0.04453998804092407,
13,467,0,0.8137621879577637,
13,468,0,0.6387191414833069,
13,469,0,0.8008266091346741,
13,470,0,0.3173125982284546,
13,471,0,0.04745084047317505,
13,472,0,0.846379816532135,
13,473,0,0.8431020975112915,
13,474,0,0.047206878662109375,
13,475,0,0.8318417072296143,
13,476,0,0.44796639680862427,
13,477,0,0.8299948573112488,
13,478,0,0.501029908657074,
13,479,0,0.4743558168411255,
13,480,0,0.6717221736907959,
13,481,0,0.1583511233329773,
13,482,0,0.7855597138404846,
13,483,0,0.8346339464187622,
13,484,0,0.8343168497085571,
13,485,0,0.41866856813430786,
13,486,0,0.711931586265564,
13,487,0,0.31515735387802124,
13,488,0,0.685163676738739,
13,489,0,0.8315348029136658,
13,490,0,0.7624695301055908,
13,491,0,0.8254764080047607,
13,492,0,0.6387242078781128,
13,493,0,0.733628511428833,
13,494,0,0.05934208631515503,
13,495,0,0.34736162424087524,
13,496,0,0.2645009756088257,
13,497,0,0.7713348865509033,
13,498,0,0.43855565786361694,
13,499,0,0.843930184841156,
13,500,0,0.785224199295044,
13,501,0,0.7630907893180847,
13,502,0,0.8351024985313416,
13,503,0,0.19645661115646362,
13,504,0,0.7520421147346497,
13,505,0,0.4425462484359741,
13,506,0,0.7579135894775391,
13,507,0,0.24904274940490723,
13,508,0,0.8440884947776794,
13,509,0,0.8408944010734558,
13,510,0,0.809138298034668,
13,511,0,0.7665044665336609,
13,512,0,0.23641490936279297,
13,513,0,0.7196422815322876,
13,514,0,0.8196200132369995,
13,515,0,0.7999655604362488,
13,516,0,0.7393295764923096,
13,517,0,0.36585336923599243,
13,518,0,0.21743011474609375,
13,519,0,0.2599948048591614,
13,520,0,0.8171521425247192,
13,521,0,0.8112218976020813,
13,522,0,0.3336864113807678,
13,523,0,0.8594509959220886,
13,524,0,0.73884516954422,
13,525,0,0.04863262176513672,
13,526,0,0.29505711793899536,
13,527,0,0.8339314460754395,
13,528,0,0.05104970932006836,
13,529,0,0.8067004084587097,
13,530,0,0.7695853114128113,
13,531,0,0.851530134677887,
13,532,0,0.8055514097213745,
13,533,0,0.8265366554260254,
13,534,0,0.3759784698486328,
13,535,0,0.7926257848739624,
13,536,0,0.7907899022102356,
13,537,0,0.2660072445869446,
13,538,0,0.8280764222145081,
13,539,0,0.7918763756752014,
13,540,0,0.7901597023010254,
13,541,0,0.40191203355789185,
13,542,0,0.3137979507446289,
13,543,0,0.8466067910194397,
13,544,0,0.05913335084915161,
13,545,0,0.38508695363998413,
13,546,0,0.4290148615837097,
13,547,0,0.05466651916503906,
13,548,0,0.7723952531814575,
13,549,0,0.29727375507354736,
13,550,0,0.834200382232666,
13,551,0,0.8448771834373474,
13,552,0,0.7225143909454346,
13,553,0,0.42514073848724365,
13,554,0,0.6586127281188965,
13,555,0,0.23557376861572266,
13,556,0,0.778221070766449,
13,557,0,0.808235228061676,
13,558,0,0.368610680103302,
13,559,0,0.6446418166160583,
13,560,0,0.7854147553443909,
13,561,0,0.8114852905273438,
13,562,0,0.15858489274978638,
13,563,0,0.8110098242759705,
13,564,0,0.46026933193206787,
13,565,0,0.33093881607055664,
13,566,0,0.3631131052970886,
13,567,0,0.82816082239151,
13,568,0,0.20485836267471313,
13,569,0,0.8153928518295288,
13,570,0,0.6196471452713013,
13,571,0,0.5997380018234253,
13,572,0,0.29444265365600586,
13,573,0,0.8191462755203247,
13,574,0,0.30224019289016724,
13,575,0,0.2628140449523926,
13,576,0,0.7640014290809631,
13,577,0,0.27095717191696167,
13,578,0,0.2916019558906555,
13,579,0,0.7879709005355835,
13,580,0,0.2518318295478821,
13,581,0,0.37766337394714355,
13,582,0,0.7961748838424683,
13,583,0,0.7647655606269836,
13,584,0,0.4325883984565735,
13,585,0,0.8145100474357605,
13,586,0,0.8323173522949219,
13,587,0,0.5789057612419128,
13,588,0,0.21236586570739746,
13,589,0,0.6769709587097168,
13,590,0,0.8259390592575073,
13,591,0,0.24245721101760864,
13,592,0,0.8183271884918213,
13,593,0,0.8280864357948303,
13,594,0,0.8177834153175354,
13,595,0,0.723666787147522,
13,596,0,0.42050087451934814,
13,597,0,0.15232610702514648,
13,598,0,0.3121644854545593,
13,599,0,0.3237372040748596,
13,600,0,0.713467538356781,
13,601,0,0.39844614267349243,
13,602,0,0.1800912618637085,
13,603,0,0.2948964834213257,
13,604,0,0.7412979602813721,
13,605,0,0.7947331666946411,
13,606,0,0.2839873433113098,
13,607,0,0.7111163139343262,
13,608,0,0.6822923421859741,
13,609,0,0.8434733152389526,
13,610,0,0.8389559388160706,
13,611,0,0.8538063764572144,
13,612,0,0.6575120687484741,
13,613,0,0.7304388284683228,
13,614,0,0.8340991735458374,
13,615,0,0.3806565999984741,
13,616,0,0.8146051168441772,
13,617,0,0.2686157822608948,
13,618,0,0.1587061882019043,
13,619,0,0.3780951499938965,
13,620,0,0.8449012041091919,
13,621,0,0.4140043258666992,
13,622,0,0.7481908798217773,
13,623,0,0.4187846779823303,
13,624,0,0.3033999800682068,
13,625,0,0.853380024433136,
13,626,0,0.8183088898658752,
13,627,0,0.8162251710891724,
13,628,0,0.8433188796043396,
13,629,0,0.46635085344314575,
13,630,0,0.06079369783401489,
13,631,0,0.16948634386062622,
13,632,0,0.8109428882598877,
13,633,0,0.6930224895477295,
13,634,0,0.8208180665969849,
13,635,0,0.48261696100234985,
13,636,0,0.8194642066955566,
13,637,0,0.7107836604118347,
13,638,0,0.8117948770523071,
13,639,0,0.7519806623458862,
13,640,0,0.14178675413131714,
13,641,0,0.7562301158905029,
13,642,0,0.7776458263397217,
13,643,0,0.41653507947921753,
13,644,0,0.39563846588134766,
13,645,0,0.7952560186386108,
13,646,0,0.8281263113021851,
13,647,0,0.7721441388130188,
13,648,0,0.8117359280586243,
13,649,0,0.045556068420410156,
13,650,0,0.7653754353523254,
13,651,0,0.4262942671775818,
13,652,0,0.6537268161773682,
13,653,0,0.5803048014640808,
13,654,0,0.7554920315742493,
13,655,0,0.2339532971382141,
13,656,0,0.24041849374771118,
13,657,0,0.35873883962631226,
13,658,0,0.7159174084663391,
13,659,0,0.04897028207778931,
13,660,0,0.8430531024932861,
13,661,0,0.7339757084846497,
13,662,0,0.8225786685943604,
13,663,0,0.7163431644439697,
13,664,0,0.8306069374084473,
13,665,0,0.420651912689209,
13,666,0,0.055155277252197266,
13,667,0,0.8258805274963379,
13,668,0,0.2766779661178589,
13,669,0,0.452486515045166,
13,670,0,0.36838215589523315,
13,671,0,0.7555946707725525,
13,672,0,0.16300469636917114,
13,673,0,0.2690320611000061,
13,674,0,0.40787988901138306,
13,675,0,0.758711040019989,
13,676,0,0.1416589617729187,
13,677,0,0.6084831357002258,
13,678,0,0.8280078172683716,
13,679,0,0.8096423149108887,
13,680,0,0.059165000915527344,
13,681,0,0.8201878666877747,
13,682,0,0.30074721574783325,
13,683,0,0.32888132333755493,
13,684,0,0.8039063215255737,
13,685,0,0.8141955137252808,
13,686,0,0.7887935638427734,
13,687,0,0.6060487627983093,
13,688,0,0.26202744245529175,
13,689,0,0.7538489103317261,
13,690,0,0.8350347280502319,
13,691,0,0.14850425720214844,
13,692,0,0.3390464186668396,
13,693,0,0.7005953192710876,
13,694,0,0.7543284296989441,
13,695,0,0.7574950456619263,
13,696,0,0.17993009090423584,
13,697,0,0.746973991394043,
13,698,0,0.8443722128868103,
13,699,0,0.4341728091239929,
13,700,0,0.2568480372428894,
13,701,0,0.8357763886451721,
13,702,0,0.7871336340904236,
13,703,0,0.8036719560623169,
13,704,0,0.14355754852294922,
13,705,0,0.054256975650787354,
13,706,0,0.8473942279815674,
13,707,0,0.8112493753433228,
13,708,0,0.8528245091438293,
13,709,0,0.7475256323814392,
13,710,0,0.3984636664390564,
13,711,0,0.3372575044631958,
13,712,0,0.2714540362358093,
13,713,0,0.4095645546913147,
13,714,0,0.8423703908920288,
13,715,0,0.4344765543937683,
13,716,0,0.7612226605415344,
13,717,0,0.6535228490829468,
13,718,0,0.821544885635376,
13,719,0,0.8281131982803345,
13,720,0,0.7930260896682739,
13,721,0,0.7855514287948608,
13,722,0,0.7390534281730652,
13,723,0,0.1641421914100647,
13,724,0,0.6816334128379822,
13,725,0,0.18406254053115845,
13,726,0,0.8298888802528381,
13,727,0,0.812114953994751,
13,728,0,0.1873059868812561,
13,729,0,0.4426037669181824,
13,730,0,0.35793453454971313,
13,731,0,0.8312439322471619,
13,732,0,0.8157401084899902,
13,733,0,0.3887871503829956,
13,734,0,0.8283445835113525,
13,735,0,0.30527061223983765,
13,736,0,0.7546876072883606,
13,737,0,0.7857025861740112,
13,738,0,0.8179012537002563,
13,739,0,0.6222413778305054,
13,740,0,0.28959256410598755,
13,741,0,0.693793535232544,
13,742,0,0.8261250853538513,
13,743,0,0.847702145576477,
13,744,0,0.7838167548179626,
13,745,0,0.26412713527679443,
13,746,0,0.7372459173202515,
13,747,0,0.8144565224647522,
13,748,0,0.7295684814453125,
13,749,0,0.8255926370620728,
13,750,0,0.8189072608947754,
13,751,0,0.8256910443305969,
13,752,0,0.7342300415039062,
13,753,0,0.4463818669319153,
13,754,0,0.7078551650047302,
13,755,0,0.8420355916023254,
13,756,0,0.8289068937301636,
13,757,0,0.8397652506828308,
13,758,0,0.6554813385009766,
13,759,0,0.051567256450653076,
13,760,0,0.4375001788139343,
13,761,0,0.7397024035453796,
13,762,0,0.77631676197052,
13,763,0,0.318473756313324,
13,764,0,0.30095750093460083,
13,765,0,0.8038912415504456,
13,766,0,0.16365516185760498,
13,767,0,0.7468926906585693,
13,768,0,0.8296969532966614,
13,769,0,0.18906784057617188,
13,770,0,0.7562658190727234,
13,771,0,0.6939239501953125,
13,772,0,0.796186089515686,
13,773,0,0.19465094804763794,
13,774,0,0.8418932557106018,
13,775,0,0.7950782775878906,
13,776,0,0.25012147426605225,
13,777,0,0.7928528785705566,
13,778,0,0.419525682926178,
13,779,0,0.8392884135246277,
13,780,0,0.7554407715797424,
13,781,0,0.8320319652557373,
13,782,0,0.3854197859764099,
13,783,0,0.8099864721298218,
13,784,0,0.3916471600532532,
13,785,0,0.04746967554092407,
13,786,0,0.46781080961227417,
13,787,0,0.24069344997406006,
13,788,0,0.804039478302002,
13,789,0,0.2855105400085449,
13,790,0,0.746035099029541,
13,791,0,0.46998167037963867,
13,792,0,0.3348255157470703,
13,793,0,0.7971097230911255,
13,794,0,0.8364613056182861,
13,795,0,0.2658917307853699,
13,796,0,0.8279370665550232,
13,797,0,0.058063507080078125,
13,798,0,0.45147132873535156,
13,799,0,0.8294488787651062,
13,val,,,0.585458196401596
14,0,0,0.3864409327507019,
14,1,0,0.8162590265274048,
14,2,0,0.6203898191452026,
14,3,0,0.7819701433181763,
14,4,0,0.39037686586380005,
14,5,0,0.7647753953933716,
14,6,0,0.16143757104873657,
14,7,0,0.4627525806427002,
14,8,0,0.2342458963394165,
14,9,0,0.814781665802002,
14,10,0,0.06318169832229614,
14,11,0,0.8046512603759766,
14,12,0,0.8324490785598755,
14,13,0,0.8253793716430664,
14,14,0,0.7424842119216919,
14,15,0,0.8164818286895752,
14,16,0,0.5046670436859131,
14,17,0,0.368493914604187,
14,18,0,0.8017100095748901,
14,19,0,0.8268248438835144,
14,20,0,0.7358468770980835,
14,21,0,0.47015953063964844,
14,22,0,0.2700846791267395,
14,23,0,0.6800471544265747,
14,24,0,0.8239895105361938,
14,25,0,0.7241076231002808,
14,26,0,0.8403560519218445,
14,27,0,0.36948156356811523,
14,28,0,0.2688594460487366,
14,29,0,0.45282989740371704,
14,30,0,0.8328359723091125,
14,31,0,0.7668786644935608,
14,32,0,0.43803709745407104,
14,33,0,0.7441389560699463,
14,34,0,0.7786518335342407,
14,35,0,0.264679491519928,
14,36,0,0.4111720323562622,
14,37,0,0.8255589008331299,
14,38,0,0.184453547000885,
14,39,0,0.8444769978523254,
14,40,0,0.15206938982009888,
14,41,0,0.6201019287109375,
14,42,0,0.4570378065109253,
14,43,0,0.04209059476852417,
14,44,0,0.7428704500198364,
14,45,0,0.45543819665908813,
14,46,0,0.04747492074966431,
14,47,0,0.04374426603317261,
14,48,0,0.839311957359314,
14,49,0,0.2955242991447449,
14,50,0,0.8414424061775208,
14,51,0,0.3391479253768921,
14,52,0,0.4088006615638733,
14,53,0,0.044550418853759766,
14,54,0,0.8538334369659424,
14,55,0,0.4402012825012207,
14,56,0,0.790169894695282,
14,57,0,0.487291157245636,
14,58,0,0.8559333682060242,
14,59,0,0.3439030647277832,
14,60,0,0.4137910008430481,
14,61,0,0.5880630016326904,
14,62,0,0.8272316455841064,
14,63,0,0.2556905746459961,
14,64,0,0.2489316463470459,
14,65,0,0.6960500478744507,
14,66,0,0.7141379117965698,
14,67,0,0.40340185165405273,
14,68,0,0.8217315673828125,
14,69,0,0.4033546447753906,
14,70,0,0.47502416372299194,
14,71,0,0.6171135902404785,
14,72,0,0.6688670516014099,
14,73,0,0.7893304824829102,
14,74,0,0.8166915774345398,
14,75,0,0.6067197322845459,
14,76,0,0.8101133108139038,
14,77,0,0.6897366046905518,
14,78,0,0.15333861112594604,
14,79,0,0.8088762760162354,
14,80,0,0.4542365074157715,
14,81,0,0.8095866441726685,
14,82,0,0.04735994338989258,
14,83,0,0.7925506234169006,
14,84,0,0.822783350944519,
14,85,0,0.4949418306350708,
14,86,0,0.7917062044143677,
14,87,0,0.5664284229278564,
14,88,0,0.8129392862319946,
14,89,0,0.4658823609352112,
14,90,0,0.7362116575241089,
14,91,0,0.8213443756103516,
14,92,0,0.849125862121582,
14,93,0,0.8174616694450378,
14,94,0,0.4648924469947815,
14,95,0,0.8028654456138611,
14,96,0,0.26111727952957153,
14,97,0,0.8395059704780579,
14,98,0,0.6177492141723633,
14,99,0,0.814399242401123,
14,100,0,0.7379412055015564,
14,101,0,0.6592105627059937,
14,102,0,0.7901903986930847,
14,103,0,0.756041944026947,
14,104,0,0.8409768342971802,
14,105,0,0.3131222128868103,
14,106,0,0.8064886331558228,
14,107,0,0.8220577836036682,
14,108,0,0.6204957962036133,
14,109,0,0.8244709968566895,
14,110,0,0.8204873204231262,
14,111,0,0.8039865493774414,
14,112,0,0.841291069984436,
14,113,0,0.4124504327774048,
14,114,0,0.24849683046340942,
14,115,0,0.810027003288269,
14,116,0,0.8145519495010376,
14,117,0,0.35829561948776245,
14,118,0,0.8044270277023315,
14,119,0,0.319918692111969,
14,120,0,0.8222071528434753,
14,121,0,0.8404547572135925,
14,122,0,0.7219864130020142,
14,123,0,0.06519031524658203,
14,124,0,0.4066365361213684,
14,125,0,0.7618883848190308,
14,126,0,0.8176612257957458,
14,127,0,0.8243767619132996,
14,128,0,0.7895761728286743,
14,129,0,0.8430695533752441,
14,130,0,0.6842550039291382,
14,131,0,0.8182325959205627,
14,132,0,0.7327038049697876,
14,133,0,0.23280131816864014,
14,134,0,0.41483384370803833,
14,135,0,0.4770604968070984,
14,136,0,0.056555092334747314,
14,137,0,0.12559443712234497,
14,138,0,0.2509210705757141,
14,139,0,0.46981126070022583,
14,140,0,0.803504467010498,
14,141,0,0.7534905076026917,
14,142,0,0.8054720759391785,
14,143,0,0.7723473310470581,
14,144,0,0.8147792816162109,
14,145,0,0.2065334916114807,
14,146,0,0.6839287281036377,
14,147,0,0.23086833953857422,
14,148,0,0.7718218564987183,
14,149,0,0.7831768989562988,
14,150,0,0.8065279722213745,
14,151,0,0.797120213508606,
14,152,0,0.7279839515686035,
14,153,0,0.8226544260978699,
14,154,0,0.8287521600723267,
14,155,0,0.709937572479248,
14,156,0,0.04827481508255005,
14,157,0,0.6152998805046082,
14,158,0,0.771445095539093,
14,159,0,0.8040695786476135,
14,160,0,0.3373873829841614,
14,161,0,0.057571232318878174,
14,162,0,0.8400306701660156,
14,163,0,0.2622203826904297,
14,164,0,0.3604748845100403,
14,165,0,0.7191879749298096,
14,166,0,0.2396565079689026,
14,167,0,0.8179281949996948,
14,168,0,0.844783365726471,
14,169,0,0.13441693782806396,
14,170,0,0.7405955195426941,
14,171,0,0.735409140586853,
14,172,0,0.7320150136947632,
14,173,0,0.6295137405395508,
14,174,0,0.7481945753097534,
14,175,0,0.40653562545776367,
14,176,0,0.7619658708572388,
14,177,0,0.28476113080978394,
14,178,0,0.8362839818000793,
14,179,0,0.31523895263671875,
14,180,0,0.7891079187393188,
14,181,0,0.7986102104187012,
14,182,0,0.321937620639801,
14,183,0,0.15261608362197876,
14,184,0,0.7886613607406616,
14,185,0,0.7415529489517212,
14,186,0,0.2674962282180786,
14,187,0,0.7131616473197937,
14,188,0,0.7086100578308105,
14,189,0,0.25500690937042236,
14,190,0,0.06415706872940063,
14,191,0,0.43950992822647095,
14,192,0,0.7627812027931213,
14,193,0,0.7370318174362183,
14,194,0,0.7355186343193054,
14,195,0,0.8498873710632324,
14,196,0,0.7275174856185913,
14,197,0,0.18129968643188477,
14,198,0,0.8047354817390442,
14,199,0,0.2414730191230774,
14,200,0,0.7183772325515747,
14,201,0,0.04797923564910889,
14,202,0,0.27323877811431885,
14,203,0,0.8352130651473999,
14,204,0,0.3030429482460022,
14,205,0,0.22224760055541992,
14,206,0,0.32059669494628906,
14,207,0,0.14290863275527954,
14,208,0,0.4615737795829773,
14,209,0,0.7874048948287964,
14,210,0,0.27694183588027954,
14,211,0,0.8223614692687988,
14,212,0,0.4364096522331238,
14,213,0,0.8069417476654053,
14,214,0,0.8388391733169556,
14,215,0,0.818055272102356,
14,216,0,0.44450080394744873,
14,217,0,0.829094409942627,
14,218,0,0.819805920124054,
14,219,0,0.7310813665390015,
14,220,0,0.2444804310798645,
14,221,0,0.7398631572723389,
14,222,0,0.29450130462646484,
14,223,0,0.4709049463272095,
14,224,0,0.7818104028701782,
14,225,0,0.27793532609939575,
14,226,0,0.8115822672843933,
14,227,0,0.157697856426239,
14,228,0,0.6641621589660645,
14,229,0,0.4110654592514038,
14,230,0,0.4309815764427185,
14,231,0,0.7920682430267334,
14,232,0,0.8539389967918396,
14,233,0,0.8451257348060608,
14,234,0,0.8234149217605591,
14,235,0,0.0428389310836792,
14,236,0,0.4239193797111511,
14,237,0,0.832093358039856,
14,238,0,0.4600299596786499,
14,239,0,0.3835706114768982,
14,240,0,0.8216897249221802,
14,241,0,0.7974050045013428,
14,242,0,0.8243478536605835,
14,243,0,0.4316295385360718,
14,244,0,0.2877340316772461,
14,245,0,0.050688087940216064,
14,246,0,0.3975450396537781,
14,247,0,0.8372860550880432,
14,248,0,0.4322925806045532,
14,249,0,0.8122962713241577,
14,250,0,0.11195504665374756,
14,251,0,0.8429059982299805,
14,252,0,0.7685111165046692,
14,253,0,0.7557016611099243,
14,254,0,0.037016451358795166,
14,255,0,0.7435966730117798,
14,256,0,0.5439646244049072,
14,257,0,0.846868634223938,
14,258,0,0.8153463006019592,
14,259,0,0.8358639478683472,
14,260,0,0.5042775869369507,
14,261,0,0.7416352033615112,
14,262,0,0.8230358958244324,
14,263,0,0.7275540828704834,
14,264,0,0.27719825506210327,
14,265,0,0.8228788375854492,
14,266,0,0.8204879760742188,
14,267,0,0.8418257236480713,
14,268,0,0.3138580918312073,
14,269,0,0.44758158922195435,
14,270,0,0.585080087184906,
14,271,0,0.8092935681343079,
14,272,0,0.3557054400444031,
14,273,0,0.843525767326355,
14,274,0,0.8125882744789124,
14,275,0,0.14997917413711548,
14,276,0,0.8133432269096375,
14,277,0,0.06029033660888672,
14,278,0,0.5128865242004395,
14,279,0,0.7336572408676147,
14,280,0,0.7830005884170532,
14,281,0,0.7901737689971924,
14,282,0,0.7439008951187134,
14,283,0,0.7503175139427185,
14,284,0,0.8369655609130859,
14,285,0,0.8169950842857361,
14,286,0,0.6385525465011597,
14,287,0,0.7211365103721619,
14,288,0,0.797386109828949,
14,289,0,0.5115032196044922,
14,290,0,0.8308805823326111,
14,291,0,0.0455164909362793,
14,292,0,0.3677738308906555,
14,293,0,0.8452087640762329,
14,294,0,0.8375483751296997,
14,295,0,0.8148291110992432,
14,296,0,0.4618033766746521,
14,297,0,0.048672258853912354,
14,298,0,0.8525698781013489,
14,299,0,0.8095327019691467,
14,300,0,0.38728636503219604,
14,301,0,0.39919930696487427,
14,302,0,0.842067301273346,
14,303,0,0.5866407155990601,
14,304,0,0.8434938192367554,
14,305,0,0.4602116346359253,
14,306,0,0.2169283628463745,
14,307,0,0.8341565728187561,
14,308,0,0.8425919413566589,
14,309,0,0.1825188398361206,
14,310,0,0.8180199265480042,
14,311,0,0.37941330671310425,
14,312,0,0.8245244026184082,
14,313,0,0.8133423924446106,
14,314,0,0.3907254934310913,
14,315,0,0.7661415338516235,
14,316,0,0.837069034576416,
14,317,0,0.6241936087608337,
14,318,0,0.3456915020942688,
14,319,0,0.30088603496551514,
14,320,0,0.7427732944488525,
14,321,0,0.8113149404525757,
14,322,0,0.8090193867683411,
14,323,0,0.28039950132369995,
14,324,0,0.8487130403518677,
14,325,0,0.7918709516525269,
14,326,0,0.808872401714325,
14,327,0,0.730359673500061,
14,328,0,0.698807418346405,
14,329,0,0.768278956413269,
14,330,0,0.3467157483100891,
14,331,0,0.3016507029533386,
14,332,0,0.8082053661346436,
14,333,0,0.23966056108474731,
14,334,0,0.7819775938987732,
14,335,0,0.3560856580734253,
14,336,0,0.8323472738265991,
14,337,0,0.43183380365371704,
14,338,0,0.6237766742706299,
14,339,0,0.787604033946991,
14,340,0,0.840600848197937,
14,341,0,0.055038511753082275,
14,342,0,0.7358280420303345,
14,343,0,0.6009844541549683,
14,344,0,0.8154283165931702,
14,345,0,0.8255614042282104,
14,346,0,0.22051721811294556,
14,347,0,0.15621048212051392,
14,348,0,0.7503826022148132,
14,349,0,0.8088654279708862,
14,350,0,0.7636445164680481,
14,351,0,0.7698215246200562,
14,352,0,0.8221092224121094,
14,353,0,0.8271800875663757,
14,354,0,0.635871410369873,
14,355,0,0.15715092420578003,
14,356,0,0.8206506967544556,
14,357,0,0.6930584907531738,
14,358,0,0.19247490167617798,
14,359,0,0.7797719240188599,
14,360,0,0.814415693283081,
14,361,0,0.846038818359375,
14,362,0,0.2354913353919983,
14,363,0,0.29377108812332153,
14,364,0,0.7492858171463013,
14,365,0,0.8152400255203247,
14,366,0,0.8089667558670044,
14,367,0,0.8347089290618896,
14,368,0,0.7972022294998169,
14,369,0,0.8089956641197205,
14,370,0,0.6080098152160645,
14,371,0,0.658259928226471,
14,372,0,0.8222060799598694,
14,373,0,0.8101311922073364,
14,374,0,0.4015936255455017,
14,375,0,0.7199935913085938,
14,376,0,0.7438400983810425,
14,377,0,0.32094407081604004,
14,378,0,0.38478606939315796,
14,379,0,0.8282667398452759,
14,380,0,0.31850552558898926,
14,381,0,0.2970772981643677,
14,382,0,0.2984647750854492,
14,383,0,0.842666506767273,
14,384,0,0.30811721086502075,
14,385,0,0.30314403772354126,
14,386,0,0.22080683708190918,
14,387,0,0.4201189875602722,
14,388,0,0.05437737703323364,
14,389,0,0.7876206636428833,
14,390,0,0.7527549862861633,
14,391,0,0.6631969809532166,
14,392,0,0.671582818031311,
14,393,0,0.29694676399230957,
14,394,0,0.45847088098526,
14,395,0,0.8109859228134155,
14,396,0,0.14528387784957886,
14,397,0,0.1721988320350647,
14,398,0,0.7983605265617371,
14,399,0,0.2703615427017212,
14,400,0,0.687065064907074,
14,401,0,0.7429941892623901,
14,402,0,0.8340209126472473,
14,403,0,0.8028192520141602,
14,404,0,0.2927556037902832,
14,405,0,0.05970269441604614,
14,406,0,0.7513707876205444,
14,407,0,0.8483702540397644,
14,408,0,0.7664068937301636,
14,409,0,0.7060258388519287,
14,410,0,0.8349081873893738,
14,411,0,0.2939388155937195,
14,412,0,0.78020179271698,
14,413,0,0.06311672925949097,
14,414,0,0.7631203532218933,
14,415,0,0.6332453489303589,
14,416,0,0.8383784890174866,
14,417,0,0.05073201656341553,
14,418,0,0.49433189630508423,
14,419,0,0.45725303888320923,
14,420,0,0.24134981632232666,
14,421,0,0.24956482648849487,
14,422,0,0.807539165019989,
14,423,0,0.8394423127174377,
14,424,0,0.8086385726928711,
14,425,0,0.8157257437705994,
14,426,0,0.8149033188819885,
14,427,0,0.8107196688652039,
14,428,0,0.4415869116783142,
14,429,0,0.8120124340057373,
14,430,0,0.24545878171920776,
14,431,0,0.7936636805534363,
14,432,0,0.7134213447570801,
14,433,0,0.8273780345916748,
14,434,0,0.8167855739593506,
14,435,0,0.8141839504241943,
14,436,0,0.6109275817871094,
14,437,0,0.047328054904937744,
14,438,0,0.6835706233978271,
14,439,0,0.20992803573608398,
14,440,0,0.8497639298439026,
14,441,0,0.7790822386741638,
14,442,0,0.8230504989624023,
14,443,0,0.814699113368988,
14,444,0,0.7503588795661926,
14,445,0,0.8252599239349365,
14,446,0,0.6889826059341431,
14,447,0,0.2943316102027893,
14,448,0,0.050004005432128906,
14,449,0,0.8000913858413696,
14,450,0,0.7862482070922852,
14,451,0,0.24780571460723877,
14,452,0,0.7984484434127808,
14,453,0,0.2774924039840698,
14,454,0,0.40763407945632935,
14,455,0,0.5546131134033203,
14,456,0,0.7125784158706665,
14,457,0,0.6511181592941284,
14,458,0,0.5080028772354126,
14,459,0,0.8016614317893982,
14,460,0,0.8160726428031921,
14,461,0,0.44675683975219727,
14,462,0,0.8073485493659973,
14,463,0,0.13734900951385498,
14,464,0,0.6138594150543213,
14,465,0,0.7402877807617188,
14,466,0,0.045074522495269775,
14,467,0,0.8126225471496582,
14,468,0,0.6382479071617126,
14,469,0,0.7945451140403748,
14,470,0,0.31152331829071045,
14,471,0,0.05017232894897461,
14,472,0,0.8353104591369629,
14,473,0,0.8307622075080872,
14,474,0,0.04656463861465454,
14,475,0,0.8270554542541504,
14,476,0,0.44585925340652466,
14,477,0,0.818464457988739,
14,478,0,0.4943361282348633,
14,479,0,0.47376590967178345,
14,480,0,0.6674885153770447,
14,481,0,0.15795618295669556,
14,482,0,0.7760273218154907,
14,483,0,0.8379120826721191,
14,484,0,0.8330146074295044,
14,485,0,0.4161134362220764,
14,486,0,0.7137596011161804,
14,487,0,0.31041377782821655,
14,488,0,0.6810400485992432,
14,489,0,0.8355576992034912,
14,490,0,0.7619795799255371,
14,491,0,0.8240110874176025,
14,492,0,0.6377605199813843,
14,493,0,0.7361790537834167,
14,494,0,0.05639225244522095,
14,495,0,0.3437054753303528,
14,496,0,0.2626640200614929,
14,497,0,0.7726718187332153,
14,498,0,0.4327980875968933,
14,499,0,0.8413455486297607,
14,500,0,0.7772859930992126,
14,501,0,0.7579221725463867,
14,502,0,0.8354086875915527,
14,503,0,0.1966876983642578,
14,504,0,0.7524562478065491,
14,505,0,0.4419606924057007,
14,506,0,0.7623598575592041,
14,507,0,0.2567064166069031,
14,508,0,0.8448143005371094,
14,509,0,0.8422318696975708,
14,510,0,0.8070732355117798,
14,511,0,0.7585997581481934,
14,512,0,0.24116599559783936,
14,513,0,0.7212545871734619,
14,514,0,0.8156080842018127,
14,515,0,0.8091166615486145,
14,516,0,0.7382680177688599,
14,517,0,0.3618892431259155,
14,518,0,0.21573913097381592,
14,519,0,0.26462823152542114,
14,520,0,0.8162775635719299,
14,521,0,0.7973217964172363,
14,522,0,0.3375146985054016,
14,523,0,0.859142005443573,
14,524,0,0.7355329990386963,
14,525,0,0.05260103940963745,
14,526,0,0.29537105560302734,
14,527,0,0.8343919515609741,
14,528,0,0.050856173038482666,
14,529,0,0.7982380986213684,
14,530,0,0.7642248868942261,
14,531,0,0.8482666015625,
14,532,0,0.8044723272323608,
14,533,0,0.8192886710166931,
14,534,0,0.3747149705886841,
14,535,0,0.7860848307609558,
14,536,0,0.7903118133544922,
14,537,0,0.2632066607475281,
14,538,0,0.8272919058799744,
14,539,0,0.7862147688865662,
14,540,0,0.7947046756744385,
14,541,0,0.3991923928260803,
14,542,0,0.3086124658584595,
14,543,0,0.8455767035484314,
14,544,0,0.05882871150970459,
14,545,0,0.38309723138809204,
14,546,0,0.4278121590614319,
14,547,0,0.05242496728897095,
14,548,0,0.7718242406845093,
14,549,0,0.2955576777458191,
14,550,0,0.8364784717559814,
14,551,0,0.8455266356468201,
14,552,0,0.7201886177062988,
14,553,0,0.4208260178565979,
14,554,0,0.656866192817688,
14,555,0,0.23603016138076782,
14,556,0,0.7776957154273987,
14,557,0,0.8015636801719666,
14,558,0,0.368177592754364,
14,559,0,0.6421488523483276,
14,560,0,0.7844809293746948,
14,561,0,0.8120864629745483,
14,562,0,0.16144448518753052,
14,563,0,0.8066379427909851,
14,564,0,0.4596354365348816,
14,565,0,0.3237151503562927,
14,566,0,0.3630995750427246,
14,567,0,0.8344089984893799,
14,568,0,0.20436465740203857,
14,569,0,0.8204525709152222,
14,570,0,0.6184716820716858,
14,571,0,0.5932986736297607,
14,572,0,0.2957203984260559,
14,573,0,0.8104580640792847,
14,574,0,0.3052036762237549,
14,575,0,0.2614089250564575,
14,576,0,0.7571077346801758,
14,577,0,0.2648047208786011,
14,578,0,0.2848001718521118,
14,579,0,0.782739520072937,
14,580,0,0.27357882261276245,
14,581,0,0.3732461929321289,
14,582,0,0.7837352752685547,
14,583,0,0.7653540968894958,
14,584,0,0.4332779049873352,
14,585,0,0.8139991164207458,
14,586,0,0.8312546014785767,
14,587,0,0.5799573659896851,
14,588,0,0.20915859937667847,
14,589,0,0.6659667491912842,
14,590,0,0.8254348039627075,
14,591,0,0.24359387159347534,
14,592,0,0.8182190656661987,
14,593,0,0.82826828956604,
14,594,0,0.819098711013794,
14,595,0,0.7203689813613892,
14,596,0,0.42034608125686646,
14,597,0,0.15287882089614868,
14,598,0,0.31028610467910767,
14,599,0,0.31930482387542725,
14,600,0,0.7043821811676025,
14,601,0,0.4000973701477051,
14,602,0,0.1769053339958191,
14,603,0,0.2921861410140991,
14,604,0,0.741844654083252,
14,605,0,0.7933830618858337,
14,606,0,0.2812802195549011,
14,607,0,0.7120459079742432,
14,608,0,0.6705023050308228,
14,609,0,0.8474490642547607,
14,610,0,0.8356703519821167,
14,611,0,0.8535438776016235,
14,612,0,0.6596050262451172,
14,613,0,0.7274959087371826,
14,614,0,0.8312578797340393,
14,615,0,0.3810795545578003,
14,616,0,0.8082612752914429,
14,617,0,0.27385884523391724,
14,618,0,0.1611638069152832,
14,619,0,0.37621212005615234,
14,620,0,0.8403551578521729,
14,621,0,0.4099711775779724,
14,622,0,0.7441645860671997,
14,623,0,0.41914844512939453,
14,624,0,0.30328208208084106,
14,625,0,0.8533985018730164,
14,626,0,0.8169200420379639,
14,627,0,0.818705677986145,
14,628,0,0.8515475988388062,
14,629,0,0.4699879288673401,
14,630,0,0.059660911560058594,
14,631,0,0.17120206356048584,
14,632,0,0.8123151063919067,
14,633,0,0.6862496137619019,
14,634,0,0.8097051382064819,
14,635,0,0.4729965329170227,
14,636,0,0.8100003600120544,
14,637,0,0.7025282382965088,
14,638,0,0.8100175857543945,
14,639,0,0.7516170740127563,
14,640,0,0.1403980255126953,
14,641,0,0.7745553851127625,
14,642,0,0.7729802131652832,
14,643,0,0.41110706329345703,
14,644,0,0.3901486396789551,
14,645,0,0.7937770485877991,
14,646,0,0.830108106136322,
14,647,0,0.7764421701431274,
14,648,0,0.8070967793464661,
14,649,0,0.04555004835128784,
14,650,0,0.7615195512771606,
14,651,0,0.4276578426361084,
14,652,0,0.6428335905075073,
14,653,0,0.5750205516815186,
14,654,0,0.7545396685600281,
14,655,0,0.23334532976150513,
14,656,0,0.23519426584243774,
14,657,0,0.35429710149765015,
14,658,0,0.7063050270080566,
14,659,0,0.0472601056098938,
14,660,0,0.8464012742042542,
14,661,0,0.7222899198532104,
14,662,0,0.816049337387085,
14,663,0,0.7166298627853394,
14,664,0,0.8315931558609009,
14,665,0,0.4193580746650696,
14,666,0,0.0544055700302124,
14,667,0,0.8321537971496582,
14,668,0,0.2732534408569336,
14,669,0,0.4494250416755676,
14,670,0,0.36321812868118286,
14,671,0,0.741557240486145,
14,672,0,0.15981721878051758,
14,673,0,0.26246392726898193,
14,674,0,0.40320974588394165,
14,675,0,0.7436577081680298,
14,676,0,0.14055782556533813,
14,677,0,0.6027924418449402,
14,678,0,0.822706937789917,
14,679,0,0.8065354228019714,
14,680,0,0.05871313810348511,
14,681,0,0.8112636804580688,
14,682,0,0.2900615334510803,
14,683,0,0.32754313945770264,
14,684,0,0.8070052266120911,
14,685,0,0.8167427182197571,
14,686,0,0.7781446576118469,
14,687,0,0.6005016565322876,
14,688,0,0.2620995044708252,
14,689,0,0.7532398104667664,
14,690,0,0.8417500257492065,
14,691,0,0.14719396829605103,
14,692,0,0.3427508473396301,
14,693,0,0.6989670991897583,
14,694,0,0.755367636680603,
14,695,0,0.7547189593315125,
14,696,0,0.18285006284713745,
14,697,0,0.7439226508140564,
14,698,0,0.8429205417633057,
14,699,0,0.4408418536186218,
14,700,0,0.2520647644996643,
14,701,0,0.8350404500961304,
14,702,0,0.7881060838699341,
14,703,0,0.802464485168457,
14,704,0,0.14241033792495728,
14,705,0,0.051812708377838135,
14,706,0,0.8469683527946472,
14,707,0,0.8128098845481873,
14,708,0,0.8482455015182495,
14,709,0,0.749398410320282,
14,710,0,0.39533430337905884,
14,711,0,0.33395010232925415,
14,712,0,0.26591604948043823,
14,713,0,0.40488433837890625,
14,714,0,0.8381851315498352,
14,715,0,0.42813557386398315,
14,716,0,0.7615747451782227,
14,717,0,0.648530125617981,
14,718,0,0.8216164112091064,
14,719,0,0.8273205757141113,
14,720,0,0.7923354506492615,
14,721,0,0.7806097865104675,
14,722,0,0.7390744686126709,
14,723,0,0.16321086883544922,
14,724,0,0.6768321990966797,
14,725,0,0.185893714427948,
14,726,0,0.8312299847602844,
14,727,0,0.8138891458511353,
14,728,0,0.18559414148330688,
14,729,0,0.43887096643447876,
14,730,0,0.3527454733848572,
14,731,0,0.8311140537261963,
14,732,0,0.8113645911216736,
14,733,0,0.38837677240371704,
14,734,0,0.8273975849151611,
14,735,0,0.3097524046897888,
14,736,0,0.7521790266036987,
14,737,0,0.7868832349777222,
14,738,0,0.8169112801551819,
14,739,0,0.6158347129821777,
14,740,0,0.2860907316207886,
14,741,0,0.6926361322402954,
14,742,0,0.8264417052268982,
14,743,0,0.8494628071784973,
14,744,0,0.7853559255599976,
14,745,0,0.2675519585609436,
14,746,0,0.7320369482040405,
14,747,0,0.8111423850059509,
14,748,0,0.7221593856811523,
14,749,0,0.8256890773773193,
14,750,0,0.8197333812713623,
14,751,0,0.827173113822937,
14,752,0,0.7269209623336792,
14,753,0,0.4488566517829895,
14,754,0,0.6987301111221313,
14,755,0,0.8427813053131104,
14,756,0,0.8292670249938965,
14,757,0,0.8393451571464539,
14,758,0,0.6436574459075928,
14,759,0,0.05236881971359253,
14,760,0,0.4328933358192444,
14,761,0,0.7399647235870361,
14,762,0,0.7764422297477722,
14,763,0,0.31274306774139404,
14,764,0,0.30049973726272583,
14,765,0,0.8040207624435425,
14,766,0,0.16557788848876953,
14,767,0,0.7458462715148926,
14,768,0,0.8300593495368958,
14,769,0,0.18711620569229126,
14,770,0,0.7506522536277771,
14,771,0,0.6802091002464294,
14,772,0,0.8001903295516968,
14,773,0,0.19488275051116943,
14,774,0,0.8340510129928589,
14,775,0,0.791402280330658,
14,776,0,0.24663525819778442,
14,777,0,0.7850449085235596,
14,778,0,0.41490232944488525,
14,779,0,0.8387582302093506,
14,780,0,0.758588433265686,
14,781,0,0.8306232690811157,
14,782,0,0.3808388113975525,
14,783,0,0.8100849986076355,
14,784,0,0.3930155038833618,
14,785,0,0.04636859893798828,
14,786,0,0.4666892886161804,
14,787,0,0.24324709177017212,
14,788,0,0.7982174158096313,
14,789,0,0.28074920177459717,
14,790,0,0.7431816458702087,
14,791,0,0.46711575984954834,
14,792,0,0.3317660093307495,
14,793,0,0.7985414266586304,
14,794,0,0.835552453994751,
14,795,0,0.2629876136779785,
14,796,0,0.8285552263259888,
14,797,0,0.05968207120895386,
14,798,0,0.4437698721885681,
14,799,0,0.828142523765564,
14,val,,,0.5843106400966644
15,0,0,0.38579660654067993,
15,1,0,0.8156880140304565,
15,2,0,0.6055303812026978,
15,3,0,0.7801883816719055,
15,4,0,0.3907157778739929,
15,5,0,0.7613940834999084,
15,6,0,0.16269493103027344,
15,7,0,0.46058058738708496,
15,8,0,0.22747260332107544,
15,9,0,0.8136508464813232,
15,10,0,0.06360185146331787,
15,11,0,0.8006259202957153,
15,12,0,0.8321229219436646,
15,13,0,0.8266423940658569,
15,14,0,0.746677577495575,
15,15,0,0.8174954652786255,
15,16,0,0.5085331201553345,
15,17,0,0.3640335202217102,
15,18,0,0.8016071319580078,
15,19,0,0.8206324577331543,
15,20,0,0.7371425628662109,
15,21,0,0.47116899490356445,
15,22,0,0.26443105936050415,
15,23,0,0.6808868646621704,
15,24,0,0.8232553005218506,
15,25,0,0.7231183648109436,
15,26,0,0.8390136957168579,
15,27,0,0.37188518047332764,
15,28,0,0.2675933837890625,
15,29,0,0.45226943492889404,
15,30,0,0.8319864869117737,
15,31,0,0.7651445865631104,
15,32,0,0.43507450819015503,
15,33,0,0.7442638278007507,
15,34,0,0.7717307209968567,
15,35,0,0.2616475820541382,
15,36,0,0.408486545085907,
15,37,0,0.8238299489021301,
15,38,0,0.18039292097091675,
15,39,0,0.8436278700828552,
15,40,0,0.1526166796684265,
15,41,0,0.6181671619415283,
15,42,0,0.4548304080963135,
15,43,0,0.040470659732818604,
15,44,0,0.7421774864196777,
15,45,0,0.448772132396698,
15,46,0,0.047636210918426514,
15,47,0,0.041690051555633545,
15,48,0,0.838036835193634,
15,49,0,0.29523080587387085,
15,50,0,0.8402467966079712,
15,51,0,0.3407536745071411,
15,52,0,0.4102404713630676,
15,53,0,0.04496270418167114,
15,54,0,0.852377712726593,
15,55,0,0.43945276737213135,
15,56,0,0.7888226509094238,
15,57,0,0.4878118634223938,
15,58,0,0.8464272022247314,
15,59,0,0.34105736017227173,
15,60,0,0.4085107445716858,
15,61,0,0.5832552909851074,
15,62,0,0.8269342184066772,
15,63,0,0.2547968029975891,
15,64,0,0.24767839908599854,
15,65,0,0.6796820163726807,
15,66,0,0.7079744338989258,
15,67,0,0.40430599451065063,
15,68,0,0.8140857815742493,
15,69,0,0.41242140531539917,
15,70,0,0.47265148162841797,
15,71,0,0.6068301200866699,
15,72,0,0.6673398613929749,
15,73,0,0.7928398847579956,
15,74,0,0.816239595413208,
15,75,0,0.5915126800537109,
15,76,0,0.8098759651184082,
15,77,0,0.6804771423339844,
15,78,0,0.14891546964645386,
15,79,0,0.8079344034194946,
15,80,0,0.45041632652282715,
15,81,0,0.8092402219772339,
15,82,0,0.0486224889755249,
15,83,0,0.7860164642333984,
15,84,0,0.8235551714897156,
15,85,0,0.49279719591140747,
15,86,0,0.7894133925437927,
15,87,0,0.5671004056930542,
15,88,0,0.8139398694038391,
15,89,0,0.4628019332885742,
15,90,0,0.7344212532043457,
15,91,0,0.813828706741333,
15,92,0,0.8478222489356995,
15,93,0,0.8173261880874634,
15,94,0,0.45462507009506226,
15,95,0,0.8019193410873413,
15,96,0,0.2606114149093628,
15,97,0,0.8415845036506653,
15,98,0,0.6018519401550293,
15,99,0,0.8189692497253418,
15,100,0,0.7390509843826294,
15,101,0,0.654717206954956,
15,102,0,0.7849216461181641,
15,103,0,0.7591040134429932,
15,104,0,0.8377307653427124,
15,105,0,0.31419289112091064,
15,106,0,0.7996695637702942,
15,107,0,0.8231121897697449,
15,108,0,0.6066142916679382,
15,109,0,0.8198427557945251,
15,110,0,0.8141674399375916,
15,111,0,0.807431161403656,
15,112,0,0.8330482840538025,
15,113,0,0.4058449864387512,
15,114,0,0.2401910424232483,
15,115,0,0.8057695031166077,
15,116,0,0.8195037245750427,
15,117,0,0.36063718795776367,
15,118,0,0.8108347654342651,
15,119,0,0.31693607568740845,
15,120,0,0.8307006359100342,
15,121,0,0.844501256942749,
15,122,0,0.7237570285797119,
15,123,0,0.06422793865203857,
15,124,0,0.4059041142463684,
15,125,0,0.7597327828407288,
15,126,0,0.8094916343688965,
15,127,0,0.8232163190841675,
15,128,0,0.7799862623214722,
15,129,0,0.8416448831558228,
15,130,0,0.6746109127998352,
15,131,0,0.8070369362831116,
15,132,0,0.7242336273193359,
15,133,0,0.23334604501724243,
15,134,0,0.41237789392471313,
15,135,0,0.47399479150772095,
15,136,0,0.05482977628707886,
15,137,0,0.12615042924880981,
15,138,0,0.24981850385665894,
15,139,0,0.4666364789009094,
15,140,0,0.7989123463630676,
15,141,0,0.7443050146102905,
15,142,0,0.8004754781723022,
15,143,0,0.7769078612327576,
15,144,0,0.8132613301277161,
15,145,0,0.20233619213104248,
15,146,0,0.6839144229888916,
15,147,0,0.2308158278465271,
15,148,0,0.775800883769989,
15,149,0,0.7832380533218384,
15,150,0,0.8060673475265503,
15,151,0,0.8028222918510437,
15,152,0,0.7302889823913574,
15,153,0,0.8251645565032959,
15,154,0,0.8273855447769165,
15,155,0,0.7088977098464966,
15,156,0,0.048794329166412354,
15,157,0,0.6121357679367065,
15,158,0,0.7703330516815186,
15,159,0,0.8038095235824585,
15,160,0,0.3382260203361511,
15,161,0,0.058698832988739014,
15,162,0,0.8410613536834717,
15,163,0,0.26058870553970337,
15,164,0,0.34873706102371216,
15,165,0,0.7209410071372986,
15,166,0,0.24001485109329224,
15,167,0,0.8145818710327148,
15,168,0,0.845028817653656,
15,169,0,0.1287214159965515,
15,170,0,0.7316216230392456,
15,171,0,0.7371084094047546,
15,172,0,0.7325881123542786,
15,173,0,0.628767728805542,
15,174,0,0.7472442388534546,
15,175,0,0.399014949798584,
15,176,0,0.7619810700416565,
15,177,0,0.2715323567390442,
15,178,0,0.8363192081451416,
15,179,0,0.310979425907135,
15,180,0,0.7860131859779358,
15,181,0,0.7962146997451782,
15,182,0,0.31996530294418335,
15,183,0,0.1525588035583496,
15,184,0,0.7802638411521912,
15,185,0,0.7427412271499634,
15,186,0,0.26796603202819824,
15,187,0,0.7050472497940063,
15,188,0,0.6967133283615112,
15,189,0,0.25640779733657837,
15,190,0,0.06296044588088989,
15,191,0,0.4399923086166382,
15,192,0,0.754838764667511,
15,193,0,0.7350167036056519,
15,194,0,0.7340589761734009,
15,195,0,0.8492559194564819,
15,196,0,0.7204975485801697,
15,197,0,0.17835569381713867,
15,198,0,0.8062825202941895,
15,199,0,0.23782390356063843,
15,200,0,0.7136034965515137,
15,201,0,0.047640979290008545,
15,202,0,0.2613563537597656,
15,203,0,0.8354195356369019,
15,204,0,0.3070213794708252,
15,205,0,0.22186124324798584,
15,206,0,0.31311339139938354,
15,207,0,0.14129257202148438,
15,208,0,0.47126108407974243,
15,209,0,0.7838320732116699,
15,210,0,0.27308881282806396,
15,211,0,0.8227545619010925,
15,212,0,0.4240158200263977,
15,213,0,0.7973333597183228,
15,214,0,0.8395624756813049,
15,215,0,0.8040241599082947,
15,216,0,0.4440630078315735,
15,217,0,0.8295307755470276,
15,218,0,0.8179203271865845,
15,219,0,0.725564181804657,
15,220,0,0.24414104223251343,
15,221,0,0.7389747500419617,
15,222,0,0.2862933278083801,
15,223,0,0.4667872190475464,
15,224,0,0.7812438011169434,
15,225,0,0.2731055021286011,
15,226,0,0.8020274639129639,
15,227,0,0.15857559442520142,
15,228,0,0.6530132293701172,
15,229,0,0.40901869535446167,
15,230,0,0.4344412684440613,
15,231,0,0.7955272197723389,
15,232,0,0.8541959524154663,
15,233,0,0.8462334871292114,
15,234,0,0.8249013423919678,
15,235,0,0.04692763090133667,
15,236,0,0.4205923080444336,
15,237,0,0.8304609060287476,
15,238,0,0.45792949199676514,
15,239,0,0.3801252245903015,
15,240,0,0.8191167712211609,
15,241,0,0.7887586355209351,
15,242,0,0.8243551254272461,
15,243,0,0.4269784092903137,
15,244,0,0.2851983904838562,
15,245,0,0.04982787370681763,
15,246,0,0.3938945531845093,
15,247,0,0.8367142677307129,
15,248,0,0.4307101368904114,
15,249,0,0.8145707249641418,
15,250,0,0.11122208833694458,
15,251,0,0.8472206592559814,
15,252,0,0.7627874612808228,
15,253,0,0.7524169683456421,
15,254,0,0.036330223083496094,
15,255,0,0.7420675754547119,
15,256,0,0.5495880842208862,
15,257,0,0.8475126624107361,
15,258,0,0.8074386119842529,
15,259,0,0.8335413932800293,
15,260,0,0.5044225454330444,
15,261,0,0.74072265625,
15,262,0,0.8171579837799072,
15,263,0,0.7268565893173218,
15,264,0,0.27565234899520874,
15,265,0,0.8177575469017029,
15,266,0,0.8140807747840881,
15,267,0,0.8400108218193054,
15,268,0,0.31449317932128906,
15,269,0,0.44458502531051636,
15,270,0,0.5810748338699341,
15,271,0,0.8116248846054077,
15,272,0,0.35093021392822266,
15,273,0,0.8427062034606934,
15,274,0,0.8138233423233032,
15,275,0,0.15438097715377808,
15,276,0,0.8130105137825012,
15,277,0,0.05994337797164917,
15,278,0,0.5063648223876953,
15,279,0,0.732964277267456,
15,280,0,0.7793201804161072,
15,281,0,0.7899377942085266,
15,282,0,0.7445818185806274,
15,283,0,0.7515268921852112,
15,284,0,0.8380720615386963,
15,285,0,0.8088357448577881,
15,286,0,0.6443125009536743,
15,287,0,0.7211715579032898,
15,288,0,0.7976384162902832,
15,289,0,0.5105099678039551,
15,290,0,0.8270406723022461,
15,291,0,0.04589575529098511,
15,292,0,0.36340808868408203,
15,293,0,0.8451719880104065,
15,294,0,0.8373034596443176,
15,295,0,0.8214961290359497,
15,296,0,0.4591265916824341,
15,297,0,0.04614359140396118,
15,298,0,0.853756844997406,
15,299,0,0.8081749081611633,
15,300,0,0.3938875198364258,
15,301,0,0.4029776453971863,
15,302,0,0.8433088064193726,
15,303,0,0.5885729789733887,
15,304,0,0.8424323797225952,
15,305,0,0.45798635482788086,
15,306,0,0.21557217836380005,
15,307,0,0.8338142037391663,
15,308,0,0.8425164222717285,
15,309,0,0.1792028546333313,
15,310,0,0.8177565932273865,
15,311,0,0.3788314461708069,
15,312,0,0.824712872505188,
15,313,0,0.8180862665176392,
15,314,0,0.38952308893203735,
15,315,0,0.7614082098007202,
15,316,0,0.8371886610984802,
15,317,0,0.6167870759963989,
15,318,0,0.3483605980873108,
15,319,0,0.2977970242500305,
15,320,0,0.7415614128112793,
15,321,0,0.807539701461792,
15,322,0,0.8047946691513062,
15,323,0,0.2780407667160034,
15,324,0,0.8477143049240112,
15,325,0,0.7904743552207947,
15,326,0,0.8079563975334167,
15,327,0,0.7311379909515381,
15,328,0,0.6929789781570435,
15,329,0,0.7649240493774414,
15,330,0,0.338300883769989,
15,331,0,0.3000882863998413,
15,332,0,0.7934356927871704,
15,333,0,0.2336931824684143,
15,334,0,0.7763086557388306,
15,335,0,0.35231131315231323,
15,336,0,0.8303061127662659,
15,337,0,0.42759954929351807,
15,338,0,0.6206464171409607,
15,339,0,0.7957251667976379,
15,340,0,0.8406043648719788,
15,341,0,0.0549960732460022,
15,342,0,0.7383817434310913,
15,343,0,0.6042432188987732,
15,344,0,0.8177704215049744,
15,345,0,0.8253650665283203,
15,346,0,0.22144877910614014,
15,347,0,0.15696436166763306,
15,348,0,0.750332236289978,
15,349,0,0.8096851110458374,
15,350,0,0.7558408975601196,
15,351,0,0.7699986100196838,
15,352,0,0.8222693204879761,
15,353,0,0.822725772857666,
15,354,0,0.6362518072128296,
15,355,0,0.1547883152961731,
15,356,0,0.8164188861846924,
15,357,0,0.6884143352508545,
15,358,0,0.1880248785018921,
15,359,0,0.7780138254165649,
15,360,0,0.807262659072876,
15,361,0,0.8461911678314209,
15,362,0,0.2361844778060913,
15,363,0,0.2909832000732422,
15,364,0,0.7486693263053894,
15,365,0,0.8123578429222107,
15,366,0,0.8047019839286804,
15,367,0,0.8349329829216003,
15,368,0,0.797569751739502,
15,369,0,0.8086535334587097,
15,370,0,0.6068882942199707,
15,371,0,0.6501941680908203,
15,372,0,0.8227102160453796,
15,373,0,0.8048320412635803,
15,374,0,0.4022143483161926,
15,375,0,0.709092915058136,
15,376,0,0.7351970076560974,
15,377,0,0.31851983070373535,
15,378,0,0.3806852698326111,
15,379,0,0.8197234272956848,
15,380,0,0.3148152232170105,
15,381,0,0.2946443557739258,
15,382,0,0.2972288131713867,
15,383,0,0.8422856330871582,
15,384,0,0.30581825971603394,
15,385,0,0.3082142472267151,
15,386,0,0.22701013088226318,
15,387,0,0.41190797090530396,
15,388,0,0.05154472589492798,
15,389,0,0.784669816493988,
15,390,0,0.7494738101959229,
15,391,0,0.6699941158294678,
15,392,0,0.6698304414749146,
15,393,0,0.2961254119873047,
15,394,0,0.450952410697937,
15,395,0,0.8113170862197876,
15,396,0,0.14693361520767212,
15,397,0,0.16805076599121094,
15,398,0,0.7980586886405945,
15,399,0,0.27366095781326294,
15,400,0,0.6700732111930847,
15,401,0,0.7442962527275085,
15,402,0,0.8330224752426147,
15,403,0,0.7967411279678345,
15,404,0,0.2952547073364258,
15,405,0,0.060521483421325684,
15,406,0,0.7482514381408691,
15,407,0,0.8440243601799011,
15,408,0,0.7648792266845703,
15,409,0,0.7028369307518005,
15,410,0,0.8348140120506287,
15,411,0,0.2874847650527954,
15,412,0,0.7608981728553772,
15,413,0,0.06189572811126709,
15,414,0,0.7772905230522156,
15,415,0,0.6351505517959595,
15,416,0,0.835635244846344,
15,417,0,0.05084484815597534,
15,418,0,0.48939043283462524,
15,419,0,0.45334941148757935,
15,420,0,0.23331505060195923,
15,421,0,0.24744945764541626,
15,422,0,0.7959477305412292,
15,423,0,0.8407106995582581,
15,424,0,0.8041815757751465,
15,425,0,0.8124252557754517,
15,426,0,0.8108024597167969,
15,427,0,0.8075340986251831,
15,428,0,0.4444189667701721,
15,429,0,0.8119783997535706,
15,430,0,0.2460397481918335,
15,431,0,0.7896019220352173,
15,432,0,0.7102646827697754,
15,433,0,0.8225144743919373,
15,434,0,0.816827118396759,
15,435,0,0.8139703273773193,
15,436,0,0.6091245412826538,
15,437,0,0.04996812343597412,
15,438,0,0.6702935695648193,
15,439,0,0.2098865509033203,
15,440,0,0.8494171500205994,
15,441,0,0.7787294387817383,
15,442,0,0.8232932090759277,
15,443,0,0.8149075508117676,
15,444,0,0.7509534358978271,
15,445,0,0.8246601223945618,
15,446,0,0.6898565292358398,
15,447,0,0.2887781262397766,
15,448,0,0.050688326358795166,
15,449,0,0.7980742454528809,
15,450,0,0.7661478519439697,
15,451,0,0.24438780546188354,
15,452,0,0.7918881773948669,
15,453,0,0.2765212655067444,
15,454,0,0.40720802545547485,
15,455,0,0.5536824464797974,
15,456,0,0.7147197723388672,
15,457,0,0.6527657508850098,
15,458,0,0.5080782175064087,
15,459,0,0.791715145111084,
15,460,0,0.8164164423942566,
15,461,0,0.44269829988479614,
15,462,0,0.8046168088912964,
15,463,0,0.13660991191864014,
15,464,0,0.6018270254135132,
15,465,0,0.7400798201560974,
15,466,0,0.044966280460357666,
15,467,0,0.8120155334472656,
15,468,0,0.6350610256195068,
15,469,0,0.7913269996643066,
15,470,0,0.3060522675514221,
15,471,0,0.050073981285095215,
15,472,0,0.8396895527839661,
15,473,0,0.8322466015815735,
15,474,0,0.04726320505142212,
15,475,0,0.8297138214111328,
15,476,0,0.4469473958015442,
15,477,0,0.8078174591064453,
15,478,0,0.48937326669692993,
15,479,0,0.4689428210258484,
15,480,0,0.6624755263328552,
15,481,0,0.1558513641357422,
15,482,0,0.771859884262085,
15,483,0,0.836201548576355,
15,484,0,0.8327299952507019,
15,485,0,0.4079506993293762,
15,486,0,0.712745189666748,
15,487,0,0.30710679292678833,
15,488,0,0.6764487028121948,
15,489,0,0.8346817493438721,
15,490,0,0.7623294591903687,
15,491,0,0.8247675895690918,
15,492,0,0.6298332214355469,
15,493,0,0.7399730682373047,
15,494,0,0.057102203369140625,
15,495,0,0.3439600467681885,
15,496,0,0.26351314783096313,
15,497,0,0.773055374622345,
15,498,0,0.4360290765762329,
15,499,0,0.8425695300102234,
15,500,0,0.7720314264297485,
15,501,0,0.7654529213905334,
15,502,0,0.8346395492553711,
15,503,0,0.19573533535003662,
15,504,0,0.7457022070884705,
15,505,0,0.4394505023956299,
15,506,0,0.7620466351509094,
15,507,0,0.2579050660133362,
15,508,0,0.8430203795433044,
15,509,0,0.8416634202003479,
15,510,0,0.8055799603462219,
15,511,0,0.7563841342926025,
15,512,0,0.23522907495498657,
15,513,0,0.7218166589736938,
15,514,0,0.8210050463676453,
15,515,0,0.804896354675293,
15,516,0,0.740409791469574,
15,517,0,0.3582528829574585,
15,518,0,0.2139672040939331,
15,519,0,0.2561332583427429,
15,520,0,0.8089059591293335,
15,521,0,0.7966188192367554,
15,522,0,0.3312916159629822,
15,523,0,0.8553770780563354,
15,524,0,0.7334136962890625,
15,525,0,0.049448490142822266,
15,526,0,0.2951194643974304,
15,527,0,0.8336620330810547,
15,528,0,0.069896399974823,
15,529,0,0.789946973323822,
15,530,0,0.7583464980125427,
15,531,0,0.8467224836349487,
15,532,0,0.8028199672698975,
15,533,0,0.8075848817825317,
15,534,0,0.37386947870254517,
15,535,0,0.7866001725196838,
15,536,0,0.7884106040000916,
15,537,0,0.26303619146347046,
15,538,0,0.8290629386901855,
15,539,0,0.7779595851898193,
15,540,0,0.787933886051178,
15,541,0,0.3987724184989929,
15,542,0,0.3079459071159363,
15,543,0,0.8446387052536011,
15,544,0,0.05776500701904297,
15,545,0,0.38368135690689087,
15,546,0,0.4277980923652649,
15,547,0,0.053768932819366455,
15,548,0,0.7636279463768005,
15,549,0,0.29812705516815186,
15,550,0,0.8312652111053467,
15,551,0,0.8386004567146301,
15,552,0,0.7252037525177002,
15,553,0,0.4347347021102905,
15,554,0,0.6621037721633911,
15,555,0,0.23397719860076904,
15,556,0,0.7801985740661621,
15,557,0,0.8007675409317017,
15,558,0,0.360969603061676,
15,559,0,0.648931622505188,
15,560,0,0.7830864191055298,
15,561,0,0.8025405406951904,
15,562,0,0.15582275390625,
15,563,0,0.8038061857223511,
15,564,0,0.4579504132270813,
15,565,0,0.31236064434051514,
15,566,0,0.36126214265823364,
15,567,0,0.8273033499717712,
15,568,0,0.20628786087036133,
15,569,0,0.8256998062133789,
15,570,0,0.6160274147987366,
15,571,0,0.5993276834487915,
15,572,0,0.2956843972206116,
15,573,0,0.8105365037918091,
15,574,0,0.29997897148132324,
15,575,0,0.25859344005584717,
15,576,0,0.7475094795227051,
15,577,0,0.268419086933136,
15,578,0,0.2845795750617981,
15,579,0,0.7868514060974121,
15,580,0,0.2571999430656433,
15,581,0,0.36988627910614014,
15,582,0,0.7751495838165283,
15,583,0,0.7705740928649902,
15,584,0,0.4319555163383484,
15,585,0,0.8117243051528931,
15,586,0,0.8328055143356323,
15,587,0,0.5731830596923828,
15,588,0,0.2027837038040161,
15,589,0,0.6626631021499634,
15,590,0,0.8237740993499756,
15,591,0,0.2413584589958191,
15,592,0,0.8156388998031616,
15,593,0,0.8252824544906616,
15,594,0,0.8183944225311279,
15,595,0,0.731146514415741,
15,596,0,0.42077934741973877,
15,597,0,0.1520991325378418,
15,598,0,0.30974775552749634,
15,599,0,0.32328706979751587,
15,600,0,0.706560492515564,
15,601,0,0.3963127136230469,
15,602,0,0.1742032766342163,
15,603,0,0.29125386476516724,
15,604,0,0.7431908845901489,
15,605,0,0.7951419949531555,
15,606,0,0.27852827310562134,
15,607,0,0.6936978101730347,
15,608,0,0.669318675994873,
15,609,0,0.8458854556083679,
15,610,0,0.835949718952179,
15,611,0,0.8610849976539612,
15,612,0,0.6579821109771729,
15,613,0,0.7114298343658447,
15,614,0,0.8298432230949402,
15,615,0,0.3786778450012207,
15,616,0,0.8013768196105957,
15,617,0,0.25935012102127075,
15,618,0,0.15842074155807495,
15,619,0,0.36854487657546997,
15,620,0,0.844021737575531,
15,621,0,0.4108814001083374,
15,622,0,0.747393012046814,
15,623,0,0.4200001358985901,
15,624,0,0.29635530710220337,
15,625,0,0.852787971496582,
15,626,0,0.8278838396072388,
15,627,0,0.817969560623169,
15,628,0,0.8537437915802002,
15,629,0,0.4641319513320923,
15,630,0,0.06046825647354126,
15,631,0,0.16998612880706787,
15,632,0,0.8139718174934387,
15,633,0,0.6826248168945312,
15,634,0,0.7987743616104126,
15,635,0,0.47172385454177856,
15,636,0,0.8104731440544128,
15,637,0,0.704655110836029,
15,638,0,0.7952584028244019,
15,639,0,0.7543352842330933,
15,640,0,0.13767105340957642,
15,641,0,0.7587993741035461,
15,642,0,0.7755500078201294,
15,643,0,0.4082444906234741,
15,644,0,0.3873777985572815,
15,645,0,0.7757543921470642,
15,646,0,0.8218591213226318,
15,647,0,0.7754117250442505,
15,648,0,0.8086296916007996,
15,649,0,0.04603511095046997,
15,650,0,0.7600239515304565,
15,651,0,0.42737138271331787,
15,652,0,0.6388629674911499,
15,653,0,0.5747770071029663,
15,654,0,0.7578021287918091,
15,655,0,0.23096901178359985,
15,656,0,0.23525923490524292,
15,657,0,0.351375937461853,
15,658,0,0.7096071243286133,
15,659,0,0.05045372247695923,
15,660,0,0.8470681309700012,
15,661,0,0.7223487496376038,
15,662,0,0.8161638975143433,
15,663,0,0.7239254713058472,
15,664,0,0.8367100358009338,
15,665,0,0.4205211400985718,
15,666,0,0.056562602519989014,
15,667,0,0.8149712085723877,
15,668,0,0.2834368944168091,
15,669,0,0.4452384114265442,
15,670,0,0.36023157835006714,
15,671,0,0.7426238059997559,
15,672,0,0.15705424547195435,
15,673,0,0.26446759700775146,
15,674,0,0.399963915348053,
15,675,0,0.7362766265869141,
15,676,0,0.1395013928413391,
15,677,0,0.6083847284317017,
15,678,0,0.8206439018249512,
15,679,0,0.7985619306564331,
15,680,0,0.05824548006057739,
15,681,0,0.8168127536773682,
15,682,0,0.2934485673904419,
15,683,0,0.3279131054878235,
15,684,0,0.7986549735069275,
15,685,0,0.8257014751434326,
15,686,0,0.7742250561714172,
15,687,0,0.6114153861999512,
15,688,0,0.2590336203575134,
15,689,0,0.7528288960456848,
15,690,0,0.845177948474884,
15,691,0,0.1498103141784668,
15,692,0,0.3372817635536194,
15,693,0,0.7016292810440063,
15,694,0,0.7537200450897217,
15,695,0,0.7571631669998169,
15,696,0,0.17735499143600464,
15,697,0,0.7443208694458008,
15,698,0,0.8401221632957458,
15,699,0,0.4369761347770691,
15,700,0,0.25601261854171753,
15,701,0,0.8349637389183044,
15,702,0,0.7890971899032593,
15,703,0,0.7957183718681335,
15,704,0,0.13782793283462524,
15,705,0,0.05212593078613281,
15,706,0,0.8451085090637207,
15,707,0,0.8147130012512207,
15,708,0,0.8362030982971191,
15,709,0,0.750325620174408,
15,710,0,0.3980976939201355,
15,711,0,0.3355119824409485,
15,712,0,0.2632666230201721,
15,713,0,0.40559571981430054,
15,714,0,0.8366332650184631,
15,715,0,0.4230315089225769,
15,716,0,0.7609974145889282,
15,717,0,0.6449005603790283,
15,718,0,0.8217962384223938,
15,719,0,0.8270394802093506,
15,720,0,0.7913848757743835,
15,721,0,0.7843319177627563,
15,722,0,0.7267544269561768,
15,723,0,0.16619300842285156,
15,724,0,0.6706091165542603,
15,725,0,0.19213086366653442,
15,726,0,0.8321337699890137,
15,727,0,0.813126802444458,
15,728,0,0.18511295318603516,
15,729,0,0.43655794858932495,
15,730,0,0.3444506525993347,
15,731,0,0.8291160464286804,
15,732,0,0.8137770891189575,
15,733,0,0.38928335905075073,
15,734,0,0.8265217542648315,
15,735,0,0.30394965410232544,
15,736,0,0.7492283582687378,
15,737,0,0.7840564846992493,
15,738,0,0.826545238494873,
15,739,0,0.6148954629898071,
15,740,0,0.28658610582351685,
15,741,0,0.6896190047264099,
15,742,0,0.8253756761550903,
15,743,0,0.8478171229362488,
15,744,0,0.7760879993438721,
15,745,0,0.2630484700202942,
15,746,0,0.7379658222198486,
15,747,0,0.8025593757629395,
15,748,0,0.7311520576477051,
15,749,0,0.8247801065444946,
15,750,0,0.8210662603378296,
15,751,0,0.8258130550384521,
15,752,0,0.7293700575828552,
15,753,0,0.44348645210266113,
15,754,0,0.6980711221694946,
15,755,0,0.8418877124786377,
15,756,0,0.8276538848876953,
15,757,0,0.8399980664253235,
15,758,0,0.633995771408081,
15,759,0,0.05142402648925781,
15,760,0,0.43203800916671753,
15,761,0,0.7403680086135864,
15,762,0,0.7751965522766113,
15,763,0,0.3134697675704956,
15,764,0,0.3014128804206848,
15,765,0,0.8028709292411804,
15,766,0,0.1628442406654358,
15,767,0,0.7449409365653992,
15,768,0,0.8308554291725159,
15,769,0,0.18617427349090576,
15,770,0,0.7509192228317261,
15,771,0,0.6586956977844238,
15,772,0,0.8031396269798279,
15,773,0,0.19295108318328857,
15,774,0,0.8474311828613281,
15,775,0,0.7966461181640625,
15,776,0,0.24258530139923096,
15,777,0,0.779649555683136,
15,778,0,0.4163901209831238,
15,779,0,0.8385775089263916,
15,780,0,0.756223201751709,
15,781,0,0.8316863179206848,
15,782,0,0.37520235776901245,
15,783,0,0.8093659281730652,
15,784,0,0.38786739110946655,
15,785,0,0.043786048889160156,
15,786,0,0.4660107493400574,
15,787,0,0.24151259660720825,
15,788,0,0.7924320697784424,
15,789,0,0.28353261947631836,
15,790,0,0.7357337474822998,
15,791,0,0.46964651346206665,
15,792,0,0.3309534788131714,
15,793,0,0.7997289299964905,
15,794,0,0.8311453461647034,
15,795,0,0.2661091685295105,
15,796,0,0.8281214237213135,
15,797,0,0.05824697017669678,
15,798,0,0.4398272633552551,
15,799,0,0.828194797039032,
15,val,,,0.5850139874219894
16,0,0,0.3824988007545471,
16,1,0,0.8153161406517029,
16,2,0,0.5978679656982422,
16,3,0,0.771756649017334,
16,4,0,0.38862645626068115,
16,5,0,0.7663981318473816,
16,6,0,0.16148698329925537,
16,7,0,0.4547683596611023,
16,8,0,0.22708278894424438,
16,9,0,0.8137108683586121,
16,10,0,0.06300503015518188,
16,11,0,0.7984158992767334,
16,12,0,0.8304907083511353,
16,13,0,0.8234283328056335,
16,14,0,0.7414402961730957,
16,15,0,0.8135390877723694,
16,16,0,0.5017116069793701,
16,17,0,0.3625450134277344,
16,18,0,0.8014526963233948,
16,19,0,0.8134679794311523,
16,20,0,0.7352628707885742,
16,21,0,0.467712938785553,
16,22,0,0.2626991271972656,
16,23,0,0.6810392141342163,
16,24,0,0.8233875632286072,
16,25,0,0.7229785323143005,
16,26,0,0.8376572132110596,
16,27,0,0.36626899242401123,
16,28,0,0.26608210802078247,
16,29,0,0.4506761431694031,
16,30,0,0.8316890001296997,
16,31,0,0.7715437412261963,
16,32,0,0.4347122311592102,
16,33,0,0.7438283562660217,
16,34,0,0.7720648050308228,
16,35,0,0.2599142789840698,
16,36,0,0.4124374985694885,
16,37,0,0.8231112957000732,
16,38,0,0.18020492792129517,
16,39,0,0.8433712124824524,
16,40,0,0.15143203735351562,
16,41,0,0.6184825897216797,
16,42,0,0.4540422558784485,
16,43,0,0.0424533486366272,
16,44,0,0.741611123085022,
16,45,0,0.440939724445343,
16,46,0,0.04599189758300781,
16,47,0,0.0473332405090332,
16,48,0,0.8376866579055786,
16,49,0,0.29420024156570435,
16,50,0,0.8406912684440613,
16,51,0,0.34403789043426514,
16,52,0,0.39814263582229614,
16,53,0,0.0448840856552124,
16,54,0,0.8524562120437622,
16,55,0,0.4369623064994812,
16,56,0,0.785053014755249,
16,57,0,0.48287075757980347,
16,58,0,0.8460601568222046,
16,59,0,0.33726435899734497,
16,60,0,0.4057099223136902,
16,61,0,0.5814286470413208,
16,62,0,0.8267591595649719,
16,63,0,0.25232553482055664,
16,64,0,0.24942278861999512,
16,65,0,0.6851049661636353,
16,66,0,0.7096530199050903,
16,67,0,0.3967970609664917,
16,68,0,0.814785361289978,
16,69,0,0.40025168657302856,
16,70,0,0.467306911945343,
16,71,0,0.6113759279251099,
16,72,0,0.6676458120346069,
16,73,0,0.7958050966262817,
16,74,0,0.8170410394668579,
16,75,0,0.587410569190979,
16,76,0,0.8100017309188843,
16,77,0,0.6813397407531738,
16,78,0,0.14873600006103516,
16,79,0,0.7962353229522705,
16,80,0,0.44816046953201294,
16,81,0,0.8100402355194092,
16,82,0,0.04834634065628052,
16,83,0,0.7794983386993408,
16,84,0,0.820156991481781,
16,85,0,0.49503183364868164,
16,86,0,0.7743854522705078,
16,87,0,0.5659971237182617,
16,88,0,0.8157569766044617,
16,89,0,0.462762713432312,
16,90,0,0.73638916015625,
16,91,0,0.8217147588729858,
16,92,0,0.8472930788993835,
16,93,0,0.8164633512496948,
16,94,0,0.45461463928222656,
16,95,0,0.8020156025886536,
16,96,0,0.25753819942474365,
16,97,0,0.841876208782196,
16,98,0,0.5977103114128113,
16,99,0,0.8115445971488953,
16,100,0,0.734700083732605,
16,101,0,0.6528693437576294,
16,102,0,0.770034670829773,
16,103,0,0.7513672113418579,
16,104,0,0.8362388610839844,
16,105,0,0.31532663106918335,
16,106,0,0.8017799854278564,
16,107,0,0.8203837275505066,
16,108,0,0.6136347055435181,
16,109,0,0.8209342956542969,
16,110,0,0.814052939414978,
16,111,0,0.813042402267456,
16,112,0,0.8392452001571655,
16,113,0,0.39784765243530273,
16,114,0,0.240528404712677,
16,115,0,0.8030688166618347,
16,116,0,0.8103863000869751,
16,117,0,0.3542693257331848,
16,118,0,0.7972407341003418,
16,119,0,0.31762003898620605,
16,120,0,0.817709743976593,
16,121,0,0.8378728628158569,
16,122,0,0.7179367542266846,
16,123,0,0.06702423095703125,
16,124,0,0.4113536477088928,
16,125,0,0.7694329619407654,
16,126,0,0.8028585314750671,
16,127,0,0.8264160752296448,
16,128,0,0.7801575660705566,
16,129,0,0.846219003200531,
16,130,0,0.6682004928588867,
16,131,0,0.801939845085144,
16,132,0,0.7162923812866211,
16,133,0,0.23370295763015747,
16,134,0,0.4104681611061096,
16,135,0,0.47127896547317505,
16,136,0,0.05355626344680786,
16,137,0,0.1255941390991211,
16,138,0,0.2454492449760437,
16,139,0,0.4615943431854248,
16,140,0,0.7961653470993042,
16,141,0,0.7318788766860962,
16,142,0,0.7900236248970032,
16,143,0,0.7710899114608765,
16,144,0,0.8097063899040222,
16,145,0,0.19994008541107178,
16,146,0,0.6796398162841797,
16,147,0,0.22898262739181519,
16,148,0,0.7653261423110962,
16,149,0,0.7810153961181641,
16,150,0,0.8027609586715698,
16,151,0,0.800284206867218,
16,152,0,0.7261170744895935,
16,153,0,0.821346640586853,
16,154,0,0.8271855711936951,
16,155,0,0.7078948020935059,
16,156,0,0.050657451152801514,
16,157,0,0.6101223230361938,
16,158,0,0.7716429233551025,
16,159,0,0.8044329881668091,
16,160,0,0.3369765281677246,
16,161,0,0.058332741260528564,
16,162,0,0.8419561386108398,
16,163,0,0.26015472412109375,
16,164,0,0.3468291163444519,
16,165,0,0.7195533514022827,
16,166,0,0.2389569878578186,
16,167,0,0.809980034828186,
16,168,0,0.8459612727165222,
16,169,0,0.13339859247207642,
16,170,0,0.7318712472915649,
16,171,0,0.7375706434249878,
16,172,0,0.7315866947174072,
16,173,0,0.6290023326873779,
16,174,0,0.7483876943588257,
16,175,0,0.40105754137039185,
16,176,0,0.761568009853363,
16,177,0,0.2682340741157532,
16,178,0,0.8353936076164246,
16,179,0,0.3168483376502991,
16,180,0,0.7844577431678772,
16,181,0,0.7935866117477417,
16,182,0,0.31896477937698364,
16,183,0,0.15435665845870972,
16,184,0,0.7799348831176758,
16,185,0,0.7418514490127563,
16,186,0,0.2654268741607666,
16,187,0,0.7058848142623901,
16,188,0,0.6894516348838806,
16,189,0,0.2528398633003235,
16,190,0,0.065052330493927,
16,191,0,0.4384298324584961,
16,192,0,0.7618218064308167,
16,193,0,0.7358500957489014,
16,194,0,0.7339891195297241,
16,195,0,0.8562834858894348,
16,196,0,0.7194387912750244,
16,197,0,0.17627036571502686,
16,198,0,0.8040319681167603,
16,199,0,0.23716580867767334,
16,200,0,0.7077545523643494,
16,201,0,0.048076331615448,
16,202,0,0.2674468755722046,
16,203,0,0.8358160853385925,
16,204,0,0.2973317503929138,
16,205,0,0.21771353483200073,
16,206,0,0.31070590019226074,
16,207,0,0.14154011011123657,
16,208,0,0.4639144539833069,
16,209,0,0.7808776497840881,
16,210,0,0.2719714045524597,
16,211,0,0.8244209885597229,
16,212,0,0.4213118553161621,
16,213,0,0.7925716042518616,
16,214,0,0.8394269943237305,
16,215,0,0.8053653836250305,
16,216,0,0.4411242604255676,
16,217,0,0.8283584117889404,
16,218,0,0.8100686073303223,
16,219,0,0.7253812551498413,
16,220,0,0.24349766969680786,
16,221,0,0.7380125522613525,
16,222,0,0.28388500213623047,
16,223,0,0.4664984345436096,
16,224,0,0.764735758304596,
16,225,0,0.2724469304084778,
16,226,0,0.7967468500137329,
16,227,0,0.15719586610794067,
16,228,0,0.6482168436050415,
16,229,0,0.40900325775146484,
16,230,0,0.4240388870239258,
16,231,0,0.7948353290557861,
16,232,0,0.8554929494857788,
16,233,0,0.8470128774642944,
16,234,0,0.8201407194137573,
16,235,0,0.04118078947067261,
16,236,0,0.4196940064430237,
16,237,0,0.8322092294692993,
16,238,0,0.4553217887878418,
16,239,0,0.3773035407066345,
16,240,0,0.8186522126197815,
16,241,0,0.7829658389091492,
16,242,0,0.8238869905471802,
16,243,0,0.4268900752067566,
16,244,0,0.2843971848487854,
16,245,0,0.0500187873840332,
16,246,0,0.384273886680603,
16,247,0,0.8366599678993225,
16,248,0,0.43539702892303467,
16,249,0,0.8124960660934448,
16,250,0,0.1129952073097229,
16,251,0,0.8465510010719299,
16,252,0,0.762812077999115,
16,253,0,0.7429043054580688,
16,254,0,0.03734785318374634,
16,255,0,0.7417504191398621,
16,256,0,0.5424078702926636,
16,257,0,0.8465917110443115,
16,258,0,0.8093932867050171,
16,259,0,0.8345661163330078,
16,260,0,0.502419114112854,
16,261,0,0.7397074699401855,
16,262,0,0.812423586845398,
16,263,0,0.7257064580917358,
16,264,0,0.274186372756958,
16,265,0,0.8132098317146301,
16,266,0,0.812739372253418,
16,267,0,0.8392885327339172,
16,268,0,0.3064284324645996,
16,269,0,0.4429386258125305,
16,270,0,0.5808061361312866,
16,271,0,0.8169355392456055,
16,272,0,0.3481437563896179,
16,273,0,0.8424659371376038,
16,274,0,0.8106313347816467,
16,275,0,0.1498112678527832,
16,276,0,0.8123481869697571,
16,277,0,0.05920535326004028,
16,278,0,0.5104897022247314,
16,279,0,0.7341875433921814,
16,280,0,0.772005558013916,
16,281,0,0.7878583073616028,
16,282,0,0.7444090843200684,
16,283,0,0.7496727108955383,
16,284,0,0.8154582977294922,
16,285,0,0.8061628341674805,
16,286,0,0.6317946910858154,
16,287,0,0.7225315570831299,
16,288,0,0.787309467792511,
16,289,0,0.5093215703964233,
16,290,0,0.8280189037322998,
16,291,0,0.0443652868270874,
16,292,0,0.36679893732070923,
16,293,0,0.8461437225341797,
16,294,0,0.8367414474487305,
16,295,0,0.8108727335929871,
16,296,0,0.46011918783187866,
16,297,0,0.046722412109375,
16,298,0,0.8515949249267578,
16,299,0,0.8090089559555054,
16,300,0,0.3804234266281128,
16,301,0,0.39435911178588867,
16,302,0,0.8421531319618225,
16,303,0,0.5878714919090271,
16,304,0,0.8445010781288147,
16,305,0,0.45639103651046753,
16,306,0,0.22112977504730225,
16,307,0,0.8339181542396545,
16,308,0,0.8422165513038635,
16,309,0,0.17724186182022095,
16,310,0,0.8176841735839844,
16,311,0,0.3780772089958191,
16,312,0,0.8241023421287537,
16,313,0,0.8176682591438293,
16,314,0,0.3875747323036194,
16,315,0,0.752655029296875,
16,316,0,0.8371359705924988,
16,317,0,0.6120401620864868,
16,318,0,0.3343334197998047,
16,319,0,0.2954724431037903,
16,320,0,0.7419316172599792,
16,321,0,0.7980648875236511,
16,322,0,0.7980227470397949,
16,323,0,0.2796593904495239,
16,324,0,0.8469371199607849,
16,325,0,0.791767418384552,
16,326,0,0.8080078363418579,
16,327,0,0.7285735011100769,
16,328,0,0.6845430135726929,
16,329,0,0.7676573991775513,
16,330,0,0.33825498819351196,
16,331,0,0.29699772596359253,
16,332,0,0.7804414629936218,
16,333,0,0.23309987783432007,
16,334,0,0.7748256325721741,
16,335,0,0.35628610849380493,
16,336,0,0.8318712711334229,
16,337,0,0.4268594980239868,
16,338,0,0.6221164464950562,
16,339,0,0.7889500856399536,
16,340,0,0.8399484157562256,
16,341,0,0.05572086572647095,
16,342,0,0.7391065955162048,
16,343,0,0.6012594699859619,
16,344,0,0.8173661231994629,
16,345,0,0.8238449096679688,
16,346,0,0.21798598766326904,
16,347,0,0.1551356315612793,
16,348,0,0.7497107982635498,
16,349,0,0.799223005771637,
16,350,0,0.7457165718078613,
16,351,0,0.7718900442123413,
16,352,0,0.8224359154701233,
16,353,0,0.8249744772911072,
16,354,0,0.6386358737945557,
16,355,0,0.15758228302001953,
16,356,0,0.8138801455497742,
16,357,0,0.7027561664581299,
16,358,0,0.18943250179290771,
16,359,0,0.7785563468933105,
16,360,0,0.7971941232681274,
16,361,0,0.8460358381271362,
16,362,0,0.23793089389801025,
16,363,0,0.2876940965652466,
16,364,0,0.7492358088493347,
16,365,0,0.8107903003692627,
16,366,0,0.7938781976699829,
16,367,0,0.8348034620285034,
16,368,0,0.7959191203117371,
16,369,0,0.8086602687835693,
16,370,0,0.6054455637931824,
16,371,0,0.6492626667022705,
16,372,0,0.8199580907821655,
16,373,0,0.8039939999580383,
16,374,0,0.3909781575202942,
16,375,0,0.7029483318328857,
16,376,0,0.7291690111160278,
16,377,0,0.3183859586715698,
16,378,0,0.3823389410972595,
16,379,0,0.8165653347969055,
16,380,0,0.3146587014198303,
16,381,0,0.295620322227478,
16,382,0,0.2940947413444519,
16,383,0,0.8411869406700134,
16,384,0,0.29987937211990356,
16,385,0,0.3013620376586914,
16,386,0,0.22098380327224731,
16,387,0,0.4111297130584717,
16,388,0,0.0519677996635437,
16,389,0,0.7848506569862366,
16,390,0,0.7543286681175232,
16,391,0,0.6545355319976807,
16,392,0,0.6666368246078491,
16,393,0,0.29712218046188354,
16,394,0,0.451032817363739,
16,395,0,0.8106769919395447,
16,396,0,0.14792239665985107,
16,397,0,0.1674545407295227,
16,398,0,0.7982161045074463,
16,399,0,0.268161416053772,
16,400,0,0.6776491403579712,
16,401,0,0.7450908422470093,
16,402,0,0.8345164060592651,
16,403,0,0.7978925704956055,
16,404,0,0.2922617793083191,
16,405,0,0.060547828674316406,
16,406,0,0.7479057312011719,
16,407,0,0.8456918001174927,
16,408,0,0.7501283884048462,
16,409,0,0.7040452361106873,
16,410,0,0.8352977633476257,
16,411,0,0.2907595634460449,
16,412,0,0.759082555770874,
16,413,0,0.06208449602127075,
16,414,0,0.7784234285354614,
16,415,0,0.6265500783920288,
16,416,0,0.8333041667938232,
16,417,0,0.05126237869262695,
16,418,0,0.4866306781768799,
16,419,0,0.44861018657684326,
16,420,0,0.23534876108169556,
16,421,0,0.2444518804550171,
16,422,0,0.8002372980117798,
16,423,0,0.8367272019386292,
16,424,0,0.804237425327301,
16,425,0,0.8115135431289673,
16,426,0,0.8107309341430664,
16,427,0,0.8079899549484253,
16,428,0,0.4443466067314148,
16,429,0,0.8129511475563049,
16,430,0,0.24456793069839478,
16,431,0,0.7869875431060791,
16,432,0,0.6967520117759705,
16,433,0,0.8199526071548462,
16,434,0,0.8204895257949829,
16,435,0,0.8137955665588379,
16,436,0,0.6065759658813477,
16,437,0,0.04846829175949097,
16,438,0,0.6621830463409424,
16,439,0,0.21110844612121582,
16,440,0,0.8487206697463989,
16,441,0,0.7800542712211609,
16,442,0,0.8229066729545593,
16,443,0,0.8140536546707153,
16,444,0,0.7520578503608704,
16,445,0,0.8247874975204468,
16,446,0,0.6735031604766846,
16,447,0,0.28879475593566895,
16,448,0,0.05007296800613403,
16,449,0,0.7982834577560425,
16,450,0,0.7752078771591187,
16,451,0,0.2434757947921753,
16,452,0,0.7902812957763672,
16,453,0,0.272957444190979,
16,454,0,0.40854889154434204,
16,455,0,0.5539413690567017,
16,456,0,0.7138833999633789,
16,457,0,0.6591320037841797,
16,458,0,0.5083786845207214,
16,459,0,0.7849858999252319,
16,460,0,0.8180767893791199,
16,461,0,0.44601666927337646,
16,462,0,0.8029898405075073,
16,463,0,0.13212734460830688,
16,464,0,0.5989316701889038,
16,465,0,0.7384233474731445,
16,466,0,0.042938292026519775,
16,467,0,0.8113491535186768,
16,468,0,0.6278282403945923,
16,469,0,0.7907256484031677,
16,470,0,0.301341712474823,
16,471,0,0.047729313373565674,
16,472,0,0.8425894975662231,
16,473,0,0.8366665840148926,
16,474,0,0.047029197216033936,
16,475,0,0.8324058055877686,
16,476,0,0.4488006830215454,
16,477,0,0.8077488541603088,
16,478,0,0.4917981028556824,
16,479,0,0.4721503257751465,
16,480,0,0.6683344841003418,
16,481,0,0.1563059687614441,
16,482,0,0.7675052881240845,
16,483,0,0.8376539945602417,
16,484,0,0.8329273462295532,
16,485,0,0.41058868169784546,
16,486,0,0.7125650644302368,
16,487,0,0.30585718154907227,
16,488,0,0.6719675064086914,
16,489,0,0.8352206945419312,
16,490,0,0.7616491317749023,
16,491,0,0.8246922492980957,
16,492,0,0.6361321806907654,
16,493,0,0.7337872385978699,
16,494,0,0.06203562021255493,
16,495,0,0.34105366468429565,
16,496,0,0.2597467303276062,
16,497,0,0.772113561630249,
16,498,0,0.43166041374206543,
16,499,0,0.8413189053535461,
16,500,0,0.7615883350372314,
16,501,0,0.7606160640716553,
16,502,0,0.8339807987213135,
16,503,0,0.1942920684814453,
16,504,0,0.7494890689849854,
16,505,0,0.43552321195602417,
16,506,0,0.7576983571052551,
16,507,0,0.2527068257331848,
16,508,0,0.842384397983551,
16,509,0,0.8399146795272827,
16,510,0,0.8001264929771423,
16,511,0,0.7589154243469238,
16,512,0,0.23558717966079712,
16,513,0,0.7214446067810059,
16,514,0,0.8154091835021973,
16,515,0,0.8036580085754395,
16,516,0,0.7394187450408936,
16,517,0,0.35435038805007935,
16,518,0,0.2172122597694397,
16,519,0,0.2478521466255188,
16,520,0,0.8029482364654541,
16,521,0,0.7868808507919312,
16,522,0,0.3227192759513855,
16,523,0,0.854813814163208,
16,524,0,0.7345446348190308,
16,525,0,0.04924905300140381,
16,526,0,0.28522270917892456,
16,527,0,0.8352872729301453,
16,528,0,0.047970592975616455,
16,529,0,0.7968378663063049,
16,530,0,0.7480877637863159,
16,531,0,0.8453030586242676,
16,532,0,0.8034699559211731,
16,533,0,0.8001349568367004,
16,534,0,0.37405282258987427,
16,535,0,0.7756794691085815,
16,536,0,0.787736713886261,
16,537,0,0.2602156400680542,
16,538,0,0.8267674446105957,
16,539,0,0.7770028710365295,
16,540,0,0.7870137691497803,
16,541,0,0.3933872580528259,
16,542,0,0.29976242780685425,
16,543,0,0.8447073101997375,
16,544,0,0.05684185028076172,
16,545,0,0.38138318061828613,
16,546,0,0.4258289933204651,
16,547,0,0.05252790451049805,
16,548,0,0.7724977135658264,
16,549,0,0.2914053797721863,
16,550,0,0.834963321685791,
16,551,0,0.8447279334068298,
16,552,0,0.718956708908081,
16,553,0,0.41515815258026123,
16,554,0,0.6539938449859619,
16,555,0,0.2328062653541565,
16,556,0,0.7750972509384155,
16,557,0,0.7948769330978394,
16,558,0,0.361489474773407,
16,559,0,0.6419786810874939,
16,560,0,0.7871830463409424,
16,561,0,0.7978093028068542,
16,562,0,0.1576969027519226,
16,563,0,0.795380711555481,
16,564,0,0.45877522230148315,
16,565,0,0.31352943181991577,
16,566,0,0.3589820861816406,
16,567,0,0.8247246146202087,
16,568,0,0.20239275693893433,
16,569,0,0.8191922307014465,
16,570,0,0.6129974126815796,
16,571,0,0.5945541858673096,
16,572,0,0.2981647253036499,
16,573,0,0.8062151670455933,
16,574,0,0.3006431460380554,
16,575,0,0.25746357440948486,
16,576,0,0.7454242706298828,
16,577,0,0.25933951139450073,
16,578,0,0.2830278277397156,
16,579,0,0.7881051301956177,
16,580,0,0.26559358835220337,
16,581,0,0.36115390062332153,
16,582,0,0.7663990259170532,
16,583,0,0.7701465487480164,
16,584,0,0.42592573165893555,
16,585,0,0.8097580075263977,
16,586,0,0.8311588764190674,
16,587,0,0.5693658590316772,
16,588,0,0.201011061668396,
16,589,0,0.6542618274688721,
16,590,0,0.824928879737854,
16,591,0,0.23577862977981567,
16,592,0,0.8170837759971619,
16,593,0,0.8274613618850708,
16,594,0,0.8165953159332275,
16,595,0,0.7208933234214783,
16,596,0,0.4178571105003357,
16,597,0,0.14827632904052734,
16,598,0,0.30425721406936646,
16,599,0,0.31730109453201294,
16,600,0,0.6874775886535645,
16,601,0,0.3941672444343567,
16,602,0,0.17606914043426514,
16,603,0,0.292306125164032,
16,604,0,0.7393866777420044,
16,605,0,0.792201817035675,
16,606,0,0.2784884572029114,
16,607,0,0.6797820925712585,
16,608,0,0.65644371509552,
16,609,0,0.847225546836853,
16,610,0,0.8373674750328064,
16,611,0,0.8517554402351379,
16,612,0,0.6505223512649536,
16,613,0,0.6883585453033447,
16,614,0,0.8292688131332397,
16,615,0,0.3768349289894104,
16,616,0,0.802797794342041,
16,617,0,0.2572861313819885,
16,618,0,0.15850526094436646,
16,619,0,0.358381450176239,
16,620,0,0.8367626667022705,
16,621,0,0.40838295221328735,
16,622,0,0.7313226461410522,
16,623,0,0.4160652756690979,
16,624,0,0.2958114743232727,
16,625,0,0.8503901362419128,
16,626,0,0.8198157548904419,
16,627,0,0.8187191486358643,
16,628,0,0.8526151776313782,
16,629,0,0.4636504054069519,
16,630,0,0.06074100732803345,
16,631,0,0.167777419090271,
16,632,0,0.8131136298179626,
16,633,0,0.6676920652389526,
16,634,0,0.7932626605033875,
16,635,0,0.4693197011947632,
16,636,0,0.808310866355896,
16,637,0,0.702961802482605,
16,638,0,0.7845211029052734,
16,639,0,0.7543119192123413,
16,640,0,0.13489562273025513,
16,641,0,0.7542440295219421,
16,642,0,0.7757324576377869,
16,643,0,0.40753084421157837,
16,644,0,0.38840967416763306,
16,645,0,0.7601540088653564,
16,646,0,0.8337391018867493,
16,647,0,0.7699422240257263,
16,648,0,0.8073570728302002,
16,649,0,0.045825302600860596,
16,650,0,0.7570382356643677,
16,651,0,0.42114442586898804,
16,652,0,0.6186774373054504,
16,653,0,0.5751279592514038,
16,654,0,0.753070592880249,
16,655,0,0.23267942667007446,
16,656,0,0.23393011093139648,
16,657,0,0.35143524408340454,
16,658,0,0.6989134550094604,
16,659,0,0.051068782806396484,
16,660,0,0.8576127886772156,
16,661,0,0.7269113063812256,
16,662,0,0.8167492747306824,
16,663,0,0.7271474599838257,
16,664,0,0.8383973240852356,
16,665,0,0.4187374711036682,
16,666,0,0.055615901947021484,
16,667,0,0.8173362612724304,
16,668,0,0.2791202664375305,
16,669,0,0.44471412897109985,
16,670,0,0.3635673522949219,
16,671,0,0.7554931044578552,
16,672,0,0.16001588106155396,
16,673,0,0.26601094007492065,
16,674,0,0.40195339918136597,
16,675,0,0.7471238374710083,
16,676,0,0.13810443878173828,
16,677,0,0.5955848693847656,
16,678,0,0.8061379790306091,
16,679,0,0.7908094525337219,
16,680,0,0.06158864498138428,
16,681,0,0.8117029070854187,
16,682,0,0.2905119061470032,
16,683,0,0.32833659648895264,
16,684,0,0.7858366966247559,
16,685,0,0.8149982690811157,
16,686,0,0.7723042368888855,
16,687,0,0.6195305585861206,
16,688,0,0.2607969045639038,
16,689,0,0.7624900937080383,
16,690,0,0.8481658697128296,
16,691,0,0.1505085825920105,
16,692,0,0.3393250107765198,
16,693,0,0.7094707489013672,
16,694,0,0.7615081667900085,
16,695,0,0.7613263726234436,
16,696,0,0.17671042680740356,
16,697,0,0.746854305267334,
16,698,0,0.8393405675888062,
16,699,0,0.43258219957351685,
16,700,0,0.2523590922355652,
16,701,0,0.8348016738891602,
16,702,0,0.7867283225059509,
16,703,0,0.7887889742851257,
16,704,0,0.1375710368156433,
16,705,0,0.05047851800918579,
16,706,0,0.8403833508491516,
16,707,0,0.8103926777839661,
16,708,0,0.8363175392150879,
16,709,0,0.7515934705734253,
16,710,0,0.3986530303955078,
16,711,0,0.3370252251625061,
16,712,0,0.26595526933670044,
16,713,0,0.4062724709510803,
16,714,0,0.8352923393249512,
16,715,0,0.4279482960700989,
16,716,0,0.7613192796707153,
16,717,0,0.6507942080497742,
16,718,0,0.8233814239501953,
16,719,0,0.8261844515800476,
16,720,0,0.7927075624465942,
16,721,0,0.7853489518165588,
16,722,0,0.7254342436790466,
16,723,0,0.16274774074554443,
16,724,0,0.6705140471458435,
16,725,0,0.1875981092453003,
16,726,0,0.8282067775726318,
16,727,0,0.8100224733352661,
16,728,0,0.182811439037323,
16,729,0,0.4335640072822571,
16,730,0,0.3398780822753906,
16,731,0,0.8278932571411133,
16,732,0,0.8187716007232666,
16,733,0,0.3835020065307617,
16,734,0,0.822167158126831,
16,735,0,0.3029354214668274,
16,736,0,0.7473835945129395,
16,737,0,0.7718070149421692,
16,738,0,0.814221978187561,
16,739,0,0.6174172163009644,
16,740,0,0.28408533334732056,
16,741,0,0.6897523403167725,
16,742,0,0.825891375541687,
16,743,0,0.8485010862350464,
16,744,0,0.7745716571807861,
16,745,0,0.26127153635025024,
16,746,0,0.7306351661682129,
16,747,0,0.8011112213134766,
16,748,0,0.7287000417709351,
16,749,0,0.8240446448326111,
16,750,0,0.8137190937995911,
16,751,0,0.825242817401886,
16,752,0,0.7221306562423706,
16,753,0,0.44576483964920044,
16,754,0,0.6873148679733276,
16,755,0,0.8411461114883423,
16,756,0,0.8279733657836914,
16,757,0,0.838056206703186,
16,758,0,0.6135604381561279,
16,759,0,0.05012321472167969,
16,760,0,0.43378669023513794,
16,761,0,0.7467389702796936,
16,762,0,0.7785546183586121,
16,763,0,0.30817919969558716,
16,764,0,0.30460089445114136,
16,765,0,0.8030402660369873,
16,766,0,0.16204357147216797,
16,767,0,0.7458611726760864,
16,768,0,0.8290826082229614,
16,769,0,0.18550068140029907,
16,770,0,0.7389115691184998,
16,771,0,0.6559762954711914,
16,772,0,0.7999955415725708,
16,773,0,0.19297009706497192,
16,774,0,0.8462473750114441,
16,775,0,0.7950495481491089,
16,776,0,0.24193716049194336,
16,777,0,0.771747887134552,
16,778,0,0.4088919758796692,
16,779,0,0.837466299533844,
16,780,0,0.7615018486976624,
16,781,0,0.8296926021575928,
16,782,0,0.3666720986366272,
16,783,0,0.8086509704589844,
16,784,0,0.385015070438385,
16,785,0,0.043639540672302246,
16,786,0,0.46161317825317383,
16,787,0,0.23872250318527222,
16,788,0,0.8005403280258179,
16,789,0,0.2771838307380676,
16,790,0,0.7352806925773621,
16,791,0,0.4603705406188965,
16,792,0,0.3370375633239746,
16,793,0,0.8043333888053894,
16,794,0,0.8360017538070679,
16,795,0,0.2594621181488037,
16,796,0,0.8285119533538818,
16,797,0,0.05771428346633911,
16,798,0,0.44165199995040894,
16,799,0,0.8286573886871338,
16,val,,,0.5848678278923035
17,0,0,0.3846047520637512,
17,1,0,0.815639853477478,
17,2,0,0.5846412181854248,
17,3,0,0.7593397498130798,
17,4,0,0.3826526999473572,
17,5,0,0.7623881697654724,
17,6,0,0.16019153594970703,
17,7,0,0.4541280269622803,
17,8,0,0.2244608998298645,
17,9,0,0.8162376880645752,
17,10,0,0.06280285120010376,
17,11,0,0.7776939272880554,
17,12,0,0.831400990486145,
17,13,0,0.8255352973937988,
17,14,0,0.7405999898910522,
17,15,0,0.8165964484214783,
17,16,0,0.502653956413269,
17,17,0,0.35280853509902954,
17,18,0,0.7996330261230469,
17,19,0,0.8122397661209106,
17,20,0,0.7364978194236755,
17,21,0,0.4653683304786682,
17,22,0,0.2551971673965454,
17,23,0,0.680583655834198,
17,24,0,0.8228811025619507,
17,25,0,0.7216359376907349,
17,26,0,0.8383181095123291,
17,27,0,0.36660659313201904,
17,28,0,0.26502442359924316,
17,29,0,0.44891804456710815,
17,30,0,0.831598699092865,
17,31,0,0.7489079236984253,
17,32,0,0.4311402440071106,
17,33,0,0.74463951587677,
17,34,0,0.7597542405128479,
17,35,0,0.26136457920074463,
17,36,0,0.4070538282394409,
17,37,0,0.8222863674163818,
17,38,0,0.17769813537597656,
17,39,0,0.8430162668228149,
17,40,0,0.15043926239013672,
17,41,0,0.6138041019439697,
17,42,0,0.45466458797454834,
17,43,0,0.04094696044921875,
17,44,0,0.7436273097991943,
17,45,0,0.4387756586074829,
17,46,0,0.04666471481323242,
17,47,0,0.039687514305114746,
17,48,0,0.8340001106262207,
17,49,0,0.2970091700553894,
17,50,0,0.8388583064079285,
17,51,0,0.33976131677627563,
17,52,0,0.3950129747390747,
17,53,0,0.04679518938064575,
17,54,0,0.8501224517822266,
17,55,0,0.4320574402809143,
17,56,0,0.7788113355636597,
17,57,0,0.4814852476119995,
17,58,0,0.840070903301239,
17,59,0,0.33687466382980347,
17,60,0,0.40568238496780396,
17,61,0,0.5801860690116882,
17,62,0,0.8245362043380737,
17,63,0,0.25187236070632935,
17,64,0,0.24714821577072144,
17,65,0,0.6796252727508545,
17,66,0,0.7109543085098267,
17,67,0,0.3944791555404663,
17,68,0,0.8098742961883545,
17,69,0,0.4021296501159668,
17,70,0,0.46929043531417847,
17,71,0,0.6072348952293396,
17,72,0,0.6673673391342163,
17,73,0,0.7968361377716064,
17,74,0,0.8144949674606323,
17,75,0,0.580202579498291,
17,76,0,0.8124579787254333,
17,77,0,0.6652435064315796,
17,78,0,0.14669948816299438,
17,79,0,0.7921366095542908,
17,80,0,0.4497738480567932,
17,81,0,0.8093246221542358,
17,82,0,0.044238150119781494,
17,83,0,0.7741392850875854,
17,84,0,0.8272433280944824,
17,85,0,0.49183958768844604,
17,86,0,0.7772899866104126,
17,87,0,0.5581860542297363,
17,88,0,0.8140055537223816,
17,89,0,0.449005663394928,
17,90,0,0.7345821857452393,
17,91,0,0.8157597780227661,
17,92,0,0.848148763179779,
17,93,0,0.8144761323928833,
17,94,0,0.45759767293930054,
17,95,0,0.7879629731178284,
17,96,0,0.2571515440940857,
17,97,0,0.8357164859771729,
17,98,0,0.5918033123016357,
17,99,0,0.8119213581085205,
17,100,0,0.7372910380363464,
17,101,0,0.6565274000167847,
17,102,0,0.7734799981117249,
17,103,0,0.7371621131896973,
17,104,0,0.8317320942878723,
17,105,0,0.3052469491958618,
17,106,0,0.7961558699607849,
17,107,0,0.8231960535049438,
17,108,0,0.610072135925293,
17,109,0,0.8206676244735718,
17,110,0,0.8035510778427124,
17,111,0,0.8182978630065918,
17,112,0,0.8393340706825256,
17,113,0,0.3941968083381653,
17,114,0,0.2395816445350647,
17,115,0,0.8035368919372559,
17,116,0,0.8121494054794312,
17,117,0,0.3525514602661133,
17,118,0,0.803813099861145,
17,119,0,0.3162432312965393,
17,120,0,0.8217692375183105,
17,121,0,0.8394840955734253,
17,122,0,0.7157155275344849,
17,123,0,0.06647258996963501,
17,124,0,0.4053068161010742,
17,125,0,0.7478421926498413,
17,126,0,0.7943891286849976,
17,127,0,0.8259545564651489,
17,128,0,0.7642278075218201,
17,129,0,0.8463855981826782,
17,130,0,0.6579574942588806,
17,131,0,0.7940294146537781,
17,132,0,0.7066521644592285,
17,133,0,0.2347475290298462,
17,134,0,0.4142928123474121,
17,135,0,0.4749853014945984,
17,136,0,0.05385321378707886,
17,137,0,0.12395000457763672,
17,138,0,0.24911296367645264,
17,139,0,0.46212297677993774,
17,140,0,0.7879669666290283,
17,141,0,0.7324134111404419,
17,142,0,0.7946929335594177,
17,143,0,0.7725351452827454,
17,144,0,0.8097257614135742,
17,145,0,0.19633036851882935,
17,146,0,0.6773158311843872,
17,147,0,0.2253623604774475,
17,148,0,0.7713824510574341,
17,149,0,0.7792186737060547,
17,150,0,0.8075467944145203,
17,151,0,0.7884089350700378,
17,152,0,0.722505509853363,
17,153,0,0.8231787085533142,
17,154,0,0.8272196054458618,
17,155,0,0.7079966068267822,
17,156,0,0.04978370666503906,
17,157,0,0.6121422052383423,
17,158,0,0.770772397518158,
17,159,0,0.8040851950645447,
17,160,0,0.33348530530929565,
17,161,0,0.056570231914520264,
17,162,0,0.8404339551925659,
17,163,0,0.264606237411499,
17,164,0,0.3390046954154968,
17,165,0,0.7187514305114746,
17,166,0,0.2386009693145752,
17,167,0,0.8100347518920898,
17,168,0,0.8443574905395508,
17,169,0,0.13172537088394165,
17,170,0,0.7322865724563599,
17,171,0,0.7389209270477295,
17,172,0,0.7326445579528809,
17,173,0,0.6239948272705078,
17,174,0,0.7481772303581238,
17,175,0,0.3922189474105835,
17,176,0,0.762420654296875,
17,177,0,0.2754508852958679,
17,178,0,0.8346763253211975,
17,179,0,0.3098466992378235,
17,180,0,0.785494863986969,
17,181,0,0.7992725968360901,
17,182,0,0.3159411549568176,
17,183,0,0.15166717767715454,
17,184,0,0.783264696598053,
17,185,0,0.7410258054733276,
17,186,0,0.2668216824531555,
17,187,0,0.697309136390686,
17,188,0,0.6873890161514282,
17,189,0,0.24909496307373047,
17,190,0,0.0632944107055664,
17,191,0,0.434895396232605,
17,192,0,0.7530859708786011,
17,193,0,0.7345966696739197,
17,194,0,0.7333987951278687,
17,195,0,0.8486666679382324,
17,196,0,0.7175865173339844,
17,197,0,0.1737557053565979,
17,198,0,0.7998089790344238,
17,199,0,0.23814868927001953,
17,200,0,0.7024710178375244,
17,201,0,0.045921146869659424,
17,202,0,0.2566859722137451,
17,203,0,0.835041880607605,
17,204,0,0.2896166443824768,
17,205,0,0.2158089280128479,
17,206,0,0.30758243799209595,
17,207,0,0.14032059907913208,
17,208,0,0.45924729108810425,
17,209,0,0.7838448286056519,
17,210,0,0.27653247117996216,
17,211,0,0.8245809078216553,
17,212,0,0.41160082817077637,
17,213,0,0.799465000629425,
17,214,0,0.8388953804969788,
17,215,0,0.7981041669845581,
17,216,0,0.44012266397476196,
17,217,0,0.8281171917915344,
17,218,0,0.8075745105743408,
17,219,0,0.7316015362739563,
17,220,0,0.24474674463272095,
17,221,0,0.7388274073600769,
17,222,0,0.2902182340621948,
17,223,0,0.46637868881225586,
17,224,0,0.7650339603424072,
17,225,0,0.27644652128219604,
17,226,0,0.8083563446998596,
17,227,0,0.15590322017669678,
17,228,0,0.6449557542800903,
17,229,0,0.4064428210258484,
17,230,0,0.42381107807159424,
17,231,0,0.7870138883590698,
17,232,0,0.8543379306793213,
17,233,0,0.8452675342559814,
17,234,0,0.8208019733428955,
17,235,0,0.041008174419403076,
17,236,0,0.4156281352043152,
17,237,0,0.828687310218811,
17,238,0,0.4549230933189392,
17,239,0,0.36915385723114014,
17,240,0,0.8187254071235657,
17,241,0,0.7928630113601685,
17,242,0,0.8236846923828125,
17,243,0,0.42514926195144653,
17,244,0,0.28122013807296753,
17,245,0,0.04966551065444946,
17,246,0,0.38354915380477905,
17,247,0,0.8367440104484558,
17,248,0,0.4256709814071655,
17,249,0,0.8151333928108215,
17,250,0,0.11324071884155273,
17,251,0,0.8456487655639648,
17,252,0,0.7680175304412842,
17,253,0,0.7488849759101868,
17,254,0,0.038294315338134766,
17,255,0,0.7418941259384155,
17,256,0,0.5384305715560913,
17,257,0,0.8478342294692993,
17,258,0,0.800139844417572,
17,259,0,0.8274134397506714,
17,260,0,0.5073733329772949,
17,261,0,0.7386246919631958,
17,262,0,0.811759352684021,
17,263,0,0.7303032875061035,
17,264,0,0.27190446853637695,
17,265,0,0.8016136288642883,
17,266,0,0.8119916319847107,
17,267,0,0.8429019451141357,
17,268,0,0.3047183156013489,
17,269,0,0.4411119818687439,
17,270,0,0.5747416019439697,
17,271,0,0.8098368048667908,
17,272,0,0.348457932472229,
17,273,0,0.841917872428894,
17,274,0,0.8136388063430786,
17,275,0,0.14878088235855103,
17,276,0,0.811073899269104,
17,277,0,0.05874443054199219,
17,278,0,0.5045487880706787,
17,279,0,0.7338564395904541,
17,280,0,0.7686100006103516,
17,281,0,0.7877116203308105,
17,282,0,0.7417299747467041,
17,283,0,0.7486211061477661,
17,284,0,0.8393380045890808,
17,285,0,0.7940919399261475,
17,286,0,0.6389709711074829,
17,287,0,0.7233221530914307,
17,288,0,0.781120777130127,
17,289,0,0.5086886286735535,
17,290,0,0.8272862434387207,
17,291,0,0.046251118183135986,
17,292,0,0.3648919463157654,
17,293,0,0.8432736396789551,
17,294,0,0.8361393213272095,
17,295,0,0.8094552159309387,
17,296,0,0.47134214639663696,
17,297,0,0.04755645990371704,
17,298,0,0.8487883806228638,
17,299,0,0.8092437386512756,
17,300,0,0.3773689866065979,
17,301,0,0.39688271284103394,
17,302,0,0.8409329056739807,
17,303,0,0.5885273218154907,
17,304,0,0.8423430919647217,
17,305,0,0.4574041962623596,
17,306,0,0.21184855699539185,
17,307,0,0.8347842693328857,
17,308,0,0.8426617980003357,
17,309,0,0.17219430208206177,
17,310,0,0.8173193335533142,
17,311,0,0.37907570600509644,
17,312,0,0.8224471807479858,
17,313,0,0.813040554523468,
17,314,0,0.37565135955810547,
17,315,0,0.7531960606575012,
17,316,0,0.8356150388717651,
17,317,0,0.6032830476760864,
17,318,0,0.3141891360282898,
17,319,0,0.2938542366027832,
17,320,0,0.739382266998291,
17,321,0,0.7987278699874878,
17,322,0,0.7984317541122437,
17,323,0,0.27559173107147217,
17,324,0,0.8473809957504272,
17,325,0,0.7894134521484375,
17,326,0,0.8074883818626404,
17,327,0,0.7287395000457764,
17,328,0,0.6816680431365967,
17,329,0,0.7628517746925354,
17,330,0,0.33392179012298584,
17,331,0,0.2934417128562927,
17,332,0,0.7686930298805237,
17,333,0,0.22890424728393555,
17,334,0,0.7644987106323242,
17,335,0,0.34711891412734985,
17,336,0,0.8308439254760742,
17,337,0,0.42775362730026245,
17,338,0,0.6162939071655273,
17,339,0,0.7891371846199036,
17,340,0,0.8386051058769226,
17,341,0,0.053600847721099854,
17,342,0,0.7327959537506104,
17,343,0,0.5991975665092468,
17,344,0,0.8100355863571167,
17,345,0,0.8267432451248169,
17,346,0,0.21960705518722534,
17,347,0,0.15424573421478271,
17,348,0,0.7480791807174683,
17,349,0,0.7975612878799438,
17,350,0,0.7429230213165283,
17,351,0,0.7686963081359863,
17,352,0,0.8207425475120544,
17,353,0,0.8132376670837402,
17,354,0,0.6334977149963379,
17,355,0,0.1545877456665039,
17,356,0,0.8087158203125,
17,357,0,0.6865360736846924,
17,358,0,0.18797433376312256,
17,359,0,0.7813190221786499,
17,360,0,0.7981263399124146,
17,361,0,0.8451591730117798,
17,362,0,0.23443132638931274,
17,363,0,0.286703884601593,
17,364,0,0.7485264539718628,
17,365,0,0.7990801930427551,
17,366,0,0.7956933975219727,
17,367,0,0.8333456516265869,
17,368,0,0.7950015068054199,
17,369,0,0.806810736656189,
17,370,0,0.6014434099197388,
17,371,0,0.640175461769104,
17,372,0,0.8235666155815125,
17,373,0,0.7954077124595642,
17,374,0,0.3912069797515869,
17,375,0,0.6994330883026123,
17,376,0,0.7198784351348877,
17,377,0,0.31141233444213867,
17,378,0,0.3756440281867981,
17,379,0,0.8086391687393188,
17,380,0,0.31402337551116943,
17,381,0,0.29879194498062134,
17,382,0,0.30100715160369873,
17,383,0,0.8407989740371704,
17,384,0,0.30093318223953247,
17,385,0,0.29609888792037964,
17,386,0,0.21734964847564697,
17,387,0,0.41458386182785034,
17,388,0,0.05472695827484131,
17,389,0,0.7879447937011719,
17,390,0,0.7503868341445923,
17,391,0,0.645539402961731,
17,392,0,0.6660585403442383,
17,393,0,0.29650408029556274,
17,394,0,0.4467509388923645,
17,395,0,0.8113839626312256,
17,396,0,0.14381521940231323,
17,397,0,0.16763246059417725,
17,398,0,0.7975116968154907,
17,399,0,0.25999927520751953,
17,400,0,0.659221351146698,
17,401,0,0.7507929801940918,
17,402,0,0.8338829874992371,
17,403,0,0.7966244220733643,
17,404,0,0.29008418321609497,
17,405,0,0.061295390129089355,
17,406,0,0.7524360418319702,
17,407,0,0.8419489860534668,
17,408,0,0.7438176870346069,
17,409,0,0.7025797367095947,
17,410,0,0.8361012935638428,
17,411,0,0.28524577617645264,
17,412,0,0.7567389011383057,
17,413,0,0.06372123956680298,
17,414,0,0.7776786684989929,
17,415,0,0.6331285238265991,
17,416,0,0.8296923637390137,
17,417,0,0.050702452659606934,
17,418,0,0.48483890295028687,
17,419,0,0.4431611895561218,
17,420,0,0.23456257581710815,
17,421,0,0.24011904001235962,
17,422,0,0.7850639820098877,
17,423,0,0.8355849981307983,
17,424,0,0.8009676337242126,
17,425,0,0.8116841316223145,
17,426,0,0.8118985891342163,
17,427,0,0.8088741898536682,
17,428,0,0.4434058666229248,
17,429,0,0.8126052618026733,
17,430,0,0.24368411302566528,
17,431,0,0.7858871221542358,
17,432,0,0.6872941851615906,
17,433,0,0.8141473531723022,
17,434,0,0.82891845703125,
17,435,0,0.8140494227409363,
17,436,0,0.6059401035308838,
17,437,0,0.04943418502807617,
17,438,0,0.6590805053710938,
17,439,0,0.20606625080108643,
17,440,0,0.8472527861595154,
17,441,0,0.7820490598678589,
17,442,0,0.822842001914978,
17,443,0,0.8133687973022461,
17,444,0,0.7518295049667358,
17,445,0,0.8241310119628906,
17,446,0,0.6680715084075928,
17,447,0,0.2829335331916809,
17,448,0,0.05618464946746826,
17,449,0,0.8003209829330444,
17,450,0,0.778718888759613,
17,451,0,0.2458503246307373,
17,452,0,0.7891231179237366,
17,453,0,0.2732197642326355,
17,454,0,0.4072346091270447,
17,455,0,0.5586391687393188,
17,456,0,0.7117400169372559,
17,457,0,0.6572415828704834,
17,458,0,0.5102578401565552,
17,459,0,0.7798455953598022,
17,460,0,0.8179324865341187,
17,461,0,0.44034528732299805,
17,462,0,0.8033651113510132,
17,463,0,0.13465481996536255,
17,464,0,0.5965239405632019,
17,465,0,0.7383286952972412,
17,466,0,0.043591856956481934,
17,467,0,0.8093708157539368,
17,468,0,0.633687436580658,
17,469,0,0.7885698676109314,
17,470,0,0.32924705743789673,
17,471,0,0.05096036195755005,
17,472,0,0.841069221496582,
17,473,0,0.836263120174408,
17,474,0,0.04799419641494751,
17,475,0,0.8279953002929688,
17,476,0,0.44180965423583984,
17,477,0,0.7925325632095337,
17,478,0,0.5003598928451538,
17,479,0,0.46794819831848145,
17,480,0,0.6570963263511658,
17,481,0,0.1516408920288086,
17,482,0,0.7492923736572266,
17,483,0,0.834356963634491,
17,484,0,0.8331419825553894,
17,485,0,0.41058826446533203,
17,486,0,0.7149525880813599,
17,487,0,0.3002939820289612,
17,488,0,0.6575772762298584,
17,489,0,0.8330141305923462,
17,490,0,0.761006236076355,
17,491,0,0.8234294652938843,
17,492,0,0.6280472278594971,
17,493,0,0.73471999168396,
17,494,0,0.057563602924346924,
17,495,0,0.3378438353538513,
17,496,0,0.2586844563484192,
17,497,0,0.771795392036438,
17,498,0,0.4241493344306946,
17,499,0,0.8405282497406006,
17,500,0,0.7526289224624634,
17,501,0,0.757642388343811,
17,502,0,0.8327227830886841,
17,503,0,0.19410580396652222,
17,504,0,0.755110502243042,
17,505,0,0.4242534041404724,
17,506,0,0.754231333732605,
17,507,0,0.26121073961257935,
17,508,0,0.8429766893386841,
17,509,0,0.8410966396331787,
17,510,0,0.7935523986816406,
17,511,0,0.7612944841384888,
17,512,0,0.2314472794532776,
17,513,0,0.7210200428962708,
17,514,0,0.8124622702598572,
17,515,0,0.7904514074325562,
17,516,0,0.737532913684845,
17,517,0,0.3567515015602112,
17,518,0,0.21771007776260376,
17,519,0,0.24636870622634888,
17,520,0,0.8044359683990479,
17,521,0,0.7792680263519287,
17,522,0,0.3198159337043762,
17,523,0,0.8558750152587891,
17,524,0,0.7350218296051025,
17,525,0,0.04923456907272339,
17,526,0,0.2882503271102905,
17,527,0,0.8364689946174622,
17,528,0,0.048523128032684326,
17,529,0,0.7845596075057983,
17,530,0,0.7489497661590576,
17,531,0,0.8434569835662842,
17,532,0,0.8014704585075378,
17,533,0,0.7990584969520569,
17,534,0,0.3722847104072571,
17,535,0,0.7624187469482422,
17,536,0,0.7880448698997498,
17,537,0,0.2564616799354553,
17,538,0,0.8264729976654053,
17,539,0,0.7673780918121338,
17,540,0,0.7855225205421448,
17,541,0,0.3864976763725281,
17,542,0,0.29964160919189453,
17,543,0,0.8447374105453491,
17,544,0,0.05638158321380615,
17,545,0,0.378251850605011,
17,546,0,0.42908018827438354,
17,547,0,0.05383557081222534,
17,548,0,0.7731906175613403,
17,549,0,0.2890532612800598,
17,550,0,0.8350949287414551,
17,551,0,0.8451990485191345,
17,552,0,0.7208102941513062,
17,553,0,0.41927415132522583,
17,554,0,0.6520004272460938,
17,555,0,0.23303955793380737,
17,556,0,0.7698651552200317,
17,557,0,0.7839687466621399,
17,558,0,0.3585805892944336,
17,559,0,0.6383163332939148,
17,560,0,0.7845855951309204,
17,561,0,0.7983690500259399,
17,562,0,0.1615944504737854,
17,563,0,0.7947379946708679,
17,564,0,0.4577520489692688,
17,565,0,0.30419307947158813,
17,566,0,0.3583582043647766,
17,567,0,0.8287906050682068,
17,568,0,0.20134878158569336,
17,569,0,0.821369469165802,
17,570,0,0.613517165184021,
17,571,0,0.5869278311729431,
17,572,0,0.29478365182876587,
17,573,0,0.7985666990280151,
17,574,0,0.2989789843559265,
17,575,0,0.25431954860687256,
17,576,0,0.7356518507003784,
17,577,0,0.2638712525367737,
17,578,0,0.2786791920661926,
17,579,0,0.7876447439193726,
17,580,0,0.2520639896392822,
17,581,0,0.3594568371772766,
17,582,0,0.7533447742462158,
17,583,0,0.7724095582962036,
17,584,0,0.4280570149421692,
17,585,0,0.8109466433525085,
17,586,0,0.8305515646934509,
17,587,0,0.5751851797103882,
17,588,0,0.20326292514801025,
17,589,0,0.6471198797225952,
17,590,0,0.8243182897567749,
17,591,0,0.23616915941238403,
17,592,0,0.8155455589294434,
17,593,0,0.8264979720115662,
17,594,0,0.8176937103271484,
17,595,0,0.7286023497581482,
17,596,0,0.4147458076477051,
17,597,0,0.1488170623779297,
17,598,0,0.30259424448013306,
17,599,0,0.31504184007644653,
17,600,0,0.6638944149017334,
17,601,0,0.3927900195121765,
17,602,0,0.1732516884803772,
17,603,0,0.28729677200317383,
17,604,0,0.7378864288330078,
17,605,0,0.7937155961990356,
17,606,0,0.27342766523361206,
17,607,0,0.6697796583175659,
17,608,0,0.6621836423873901,
17,609,0,0.8450199365615845,
17,610,0,0.8374701738357544,
17,611,0,0.8568288087844849,
17,612,0,0.6593099236488342,
17,613,0,0.6779419183731079,
17,614,0,0.8297461271286011,
17,615,0,0.375751793384552,
17,616,0,0.7971944808959961,
17,617,0,0.2544516324996948,
17,618,0,0.1594853401184082,
17,619,0,0.3500274419784546,
17,620,0,0.8374917507171631,
17,621,0,0.4082071781158447,
17,622,0,0.7184563875198364,
17,623,0,0.4169502854347229,
17,624,0,0.29750484228134155,
17,625,0,0.8425377011299133,
17,626,0,0.8261824250221252,
17,627,0,0.8102512359619141,
17,628,0,0.846082866191864,
17,629,0,0.47102993726730347,
17,630,0,0.05948686599731445,
17,631,0,0.16834694147109985,
17,632,0,0.818210244178772,
17,633,0,0.6645451784133911,
17,634,0,0.7926519513130188,
17,635,0,0.47739458084106445,
17,636,0,0.8176560401916504,
17,637,0,0.7066356539726257,
17,638,0,0.7837084531784058,
17,639,0,0.7562901377677917,
17,640,0,0.13561588525772095,
17,641,0,0.7453856468200684,
17,642,0,0.7766508460044861,
17,643,0,0.40935975313186646,
17,644,0,0.3887903094291687,
17,645,0,0.7496768236160278,
17,646,0,0.8173158168792725,
17,647,0,0.7763873338699341,
17,648,0,0.8123854398727417,
17,649,0,0.043947696685791016,
17,650,0,0.7573021054267883,
17,651,0,0.42088085412979126,
17,652,0,0.6131772994995117,
17,653,0,0.5719805955886841,
17,654,0,0.7545709609985352,
17,655,0,0.2289683222770691,
17,656,0,0.23656195402145386,
17,657,0,0.3516010046005249,
17,658,0,0.6840478181838989,
17,659,0,0.04875028133392334,
17,660,0,0.8553651571273804,
17,661,0,0.7058581113815308,
17,662,0,0.8126509189605713,
17,663,0,0.7244830131530762,
17,664,0,0.8389371037483215,
17,665,0,0.41692227125167847,
17,666,0,0.054452717304229736,
17,667,0,0.8201093673706055,
17,668,0,0.2743949890136719,
17,669,0,0.4419633746147156,
17,670,0,0.3677114248275757,
17,671,0,0.7623676061630249,
17,672,0,0.15829092264175415,
17,673,0,0.2637749910354614,
17,674,0,0.40488672256469727,
17,675,0,0.7587485909461975,
17,676,0,0.1420636773109436,
17,677,0,0.5993005633354187,
17,678,0,0.7959871292114258,
17,679,0,0.7959076166152954,
17,680,0,0.05888479948043823,
17,681,0,0.7878763675689697,
17,682,0,0.28834015130996704,
17,683,0,0.33030182123184204,
17,684,0,0.791763961315155,
17,685,0,0.8080567121505737,
17,686,0,0.7526328563690186,
17,687,0,0.6121052503585815,
17,688,0,0.2592744827270508,
17,689,0,0.7593367695808411,
17,690,0,0.8348807096481323,
17,691,0,0.15128648281097412,
17,692,0,0.33727484941482544,
17,693,0,0.7075920104980469,
17,694,0,0.7632687091827393,
17,695,0,0.7596880197525024,
17,696,0,0.17976760864257812,
17,697,0,0.752743124961853,
17,698,0,0.8437150716781616,
17,699,0,0.4317171573638916,
17,700,0,0.24804621934890747,
17,701,0,0.8313693404197693,
17,702,0,0.7815132737159729,
17,703,0,0.7827354669570923,
17,704,0,0.1395469307899475,
17,705,0,0.05198705196380615,
17,706,0,0.8374623656272888,
17,707,0,0.8122844696044922,
17,708,0,0.8352364301681519,
17,709,0,0.7494971752166748,
17,710,0,0.39650100469589233,
17,711,0,0.3374047875404358,
17,712,0,0.25672805309295654,
17,713,0,0.40336424112319946,
17,714,0,0.8338281512260437,
17,715,0,0.4240475296974182,
17,716,0,0.7593673467636108,
17,717,0,0.6521558165550232,
17,718,0,0.8155155181884766,
17,719,0,0.826077938079834,
17,720,0,0.7929885983467102,
17,721,0,0.7785101532936096,
17,722,0,0.7261677384376526,
17,723,0,0.1614634394645691,
17,724,0,0.6519868969917297,
17,725,0,0.18952959775924683,
17,726,0,0.826671838760376,
17,727,0,0.809536874294281,
17,728,0,0.18156415224075317,
17,729,0,0.4306705594062805,
17,730,0,0.3371371030807495,
17,731,0,0.8270018100738525,
17,732,0,0.8137333989143372,
17,733,0,0.38765019178390503,
17,734,0,0.8243632912635803,
17,735,0,0.3005991578102112,
17,736,0,0.7496776580810547,
17,737,0,0.7679622173309326,
17,738,0,0.8155525922775269,
17,739,0,0.6222457885742188,
17,740,0,0.2830984592437744,
17,741,0,0.6896466016769409,
17,742,0,0.8248013854026794,
17,743,0,0.8478315472602844,
17,744,0,0.7661860585212708,
17,745,0,0.2553267478942871,
17,746,0,0.7270857095718384,
17,747,0,0.7973332405090332,
17,748,0,0.7318429946899414,
17,749,0,0.8235923051834106,
17,750,0,0.8207777142524719,
17,751,0,0.8231654763221741,
17,752,0,0.7080533504486084,
17,753,0,0.4493200182914734,
17,754,0,0.679225504398346,
17,755,0,0.8414832353591919,
17,756,0,0.8280867338180542,
17,757,0,0.8400253653526306,
17,758,0,0.6121000051498413,
17,759,0,0.04861241579055786,
17,760,0,0.4296466112136841,
17,761,0,0.7404160499572754,
17,762,0,0.7751954197883606,
17,763,0,0.30504661798477173,
17,764,0,0.30115920305252075,
17,765,0,0.8019270300865173,
17,766,0,0.16201144456863403,
17,767,0,0.7457244396209717,
17,768,0,0.8283198475837708,
17,769,0,0.18401432037353516,
17,770,0,0.7289111614227295,
17,771,0,0.6382131576538086,
17,772,0,0.7981705665588379,
17,773,0,0.19350433349609375,
17,774,0,0.8354558944702148,
17,775,0,0.7989609837532043,
17,776,0,0.24096596240997314,
17,777,0,0.7705134153366089,
17,778,0,0.4049721360206604,
17,779,0,0.8388177156448364,
17,780,0,0.7579953074455261,
17,781,0,0.830586850643158,
17,782,0,0.36808282136917114,
17,783,0,0.8094171285629272,
17,784,0,0.38277751207351685,
17,785,0,0.04422026872634888,
17,786,0,0.4617801308631897,
17,787,0,0.2366207242012024,
17,788,0,0.789961576461792,
17,789,0,0.2763907313346863,
17,790,0,0.7266827821731567,
17,791,0,0.4538643956184387,
17,792,0,0.3307288885116577,
17,793,0,0.8010632395744324,
17,794,0,0.8354731798171997,
17,795,0,0.2541201710700989,
17,796,0,0.828705370426178,
17,797,0,0.0594976544380188,
17,798,0,0.43373459577560425,
17,799,0,0.8278197646141052,
17,val,,,0.5837724244594574
18,0,0,0.37682855129241943,
18,1,0,0.81523597240448,
18,2,0,0.5769941806793213,
18,3,0,0.7567088603973389,
18,4,0,0.37355756759643555,
18,5,0,0.7624505162239075,
18,6,0,0.15917474031448364,
18,7,0,0.4531993865966797,
18,8,0,0.22195309400558472,
18,9,0,0.8130556344985962,
18,10,0,0.061492323875427246,
18,11,0,0.7725441455841064,
18,12,0,0.8318288326263428,
18,13,0,0.8254299163818359,
18,14,0,0.7381006479263306,
18,15,0,0.8164443969726562,
18,16,0,0.5044657588005066,
18,17,0,0.3605322241783142,
18,18,0,0.7986810803413391,
18,19,0,0.8017845749855042,
18,20,0,0.7359714508056641,
18,21,0,0.46605807542800903,
18,22,0,0.25298595428466797,
18,23,0,0.6801179647445679,
18,24,0,0.8229961395263672,
18,25,0,0.7192221879959106,
18,26,0,0.8387355208396912,
18,27,0,0.3656598925590515,
18,28,0,0.2657340168952942,
18,29,0,0.44882744550704956,
18,30,0,0.8320642709732056,
18,31,0,0.7501914501190186,
18,32,0,0.4383109211921692,
18,33,0,0.7442669868469238,
18,34,0,0.7530784606933594,
18,35,0,0.2625749111175537,
18,36,0,0.40534502267837524,
18,37,0,0.820942223072052,
18,38,0,0.17831897735595703,
18,39,0,0.8415185213088989,
18,40,0,0.15086418390274048,
18,41,0,0.6056936979293823,
18,42,0,0.45510947704315186,
18,43,0,0.04197174310684204,
18,44,0,0.7431117296218872,
18,45,0,0.4439582824707031,
18,46,0,0.04693371057510376,
18,47,0,0.04051095247268677,
18,48,0,0.8322608470916748,
18,49,0,0.2933040261268616,
18,50,0,0.8379838466644287,
18,51,0,0.34062016010284424,
18,52,0,0.38695967197418213,
18,53,0,0.04736250638961792,
18,54,0,0.8494138717651367,
18,55,0,0.43274009227752686,
18,56,0,0.7774651050567627,
18,57,0,0.4816098213195801,
18,58,0,0.833606481552124,
18,59,0,0.3325580358505249,
18,60,0,0.40659838914871216,
18,61,0,0.5868861079216003,
18,62,0,0.8230862617492676,
18,63,0,0.24988919496536255,
18,64,0,0.2462676763534546,
18,65,0,0.6664681434631348,
18,66,0,0.7047871351242065,
18,67,0,0.38920676708221436,
18,68,0,0.8072562217712402,
18,69,0,0.39807015657424927,
18,70,0,0.469615638256073,
18,71,0,0.6067510843276978,
18,72,0,0.6616623401641846,
18,73,0,0.7988458275794983,
18,74,0,0.8141799569129944,
18,75,0,0.572299599647522,
18,76,0,0.815187394618988,
18,77,0,0.6725334525108337,
18,78,0,0.14489907026290894,
18,79,0,0.7850961685180664,
18,80,0,0.4582621455192566,
18,81,0,0.8073175549507141,
18,82,0,0.04594546556472778,
18,83,0,0.7597244381904602,
18,84,0,0.8203340768814087,
18,85,0,0.49765533208847046,
18,86,0,0.7729701995849609,
18,87,0,0.5578696727752686,
18,88,0,0.8148426413536072,
18,89,0,0.4537068009376526,
18,90,0,0.7355917096138,
18,91,0,0.8233094811439514,
18,92,0,0.8462857604026794,
18,93,0,0.8157243728637695,
18,94,0,0.45416826009750366,
18,95,0,0.7762895822525024,
18,96,0,0.2564355731010437,
18,97,0,0.8407270312309265,
18,98,0,0.5893845558166504,
18,99,0,0.8079148530960083,
18,100,0,0.7312464714050293,
18,101,0,0.6527136564254761,
18,102,0,0.7655375003814697,
18,103,0,0.7435499429702759,
18,104,0,0.8346512317657471,
18,105,0,0.30927908420562744,
18,106,0,0.7890893220901489,
18,107,0,0.8219320774078369,
18,108,0,0.6142514944076538,
18,109,0,0.8211454153060913,
18,110,0,0.8058995008468628,
18,111,0,0.8156116604804993,
18,112,0,0.8382582068443298,
18,113,0,0.39528512954711914,
18,114,0,0.24396902322769165,
18,115,0,0.7942199110984802,
18,116,0,0.8092079758644104,
18,117,0,0.35149943828582764,
18,118,0,0.8036330938339233,
18,119,0,0.31617993116378784,
18,120,0,0.821992039680481,
18,121,0,0.8418610095977783,
18,122,0,0.7225732803344727,
18,123,0,0.06548023223876953,
18,124,0,0.40626150369644165,
18,125,0,0.7454454302787781,
18,126,0,0.7884876728057861,
18,127,0,0.8179402947425842,
18,128,0,0.7525513768196106,
18,129,0,0.8345351219177246,
18,130,0,0.6422955393791199,
18,131,0,0.7909153699874878,
18,132,0,0.7066314220428467,
18,133,0,0.2285768985748291,
18,134,0,0.4128015637397766,
18,135,0,0.47611987590789795,
18,136,0,0.05516326427459717,
18,137,0,0.121654212474823,
18,138,0,0.24363094568252563,
18,139,0,0.4649538993835449,
18,140,0,0.7895054817199707,
18,141,0,0.7350888252258301,
18,142,0,0.7860263586044312,
18,143,0,0.7716759443283081,
18,144,0,0.8131406307220459,
18,145,0,0.19694042205810547,
18,146,0,0.6795547008514404,
18,147,0,0.22307240962982178,
18,148,0,0.7679961919784546,
18,149,0,0.7792719006538391,
18,150,0,0.8022288084030151,
18,151,0,0.7776992321014404,
18,152,0,0.7228468656539917,
18,153,0,0.8224689364433289,
18,154,0,0.8273809552192688,
18,155,0,0.7079312205314636,
18,156,0,0.046836912631988525,
18,157,0,0.6128321886062622,
18,158,0,0.772454023361206,
18,159,0,0.8048485517501831,
18,160,0,0.3310970664024353,
18,161,0,0.05534029006958008,
18,162,0,0.8406190872192383,
18,163,0,0.26200050115585327,
18,164,0,0.33759433031082153,
18,165,0,0.719704270362854,
18,166,0,0.23407065868377686,
18,167,0,0.7997646927833557,
18,168,0,0.8458221554756165,
18,169,0,0.1282859444618225,
18,170,0,0.712348461151123,
18,171,0,0.7399736046791077,
18,172,0,0.7332285642623901,
18,173,0,0.6304744482040405,
18,174,0,0.7501016855239868,
18,175,0,0.39390134811401367,
18,176,0,0.7625700235366821,
18,177,0,0.2737739682197571,
18,178,0,0.834804892539978,
18,179,0,0.30871427059173584,
18,180,0,0.7925093173980713,
18,181,0,0.8000707626342773,
18,182,0,0.31401872634887695,
18,183,0,0.15358978509902954,
18,184,0,0.7779508829116821,
18,185,0,0.7407767176628113,
18,186,0,0.2669505476951599,
18,187,0,0.6880604028701782,
18,188,0,0.675754189491272,
18,189,0,0.25019705295562744,
18,190,0,0.062855064868927,
18,191,0,0.4338805079460144,
18,192,0,0.7566255331039429,
18,193,0,0.7357779741287231,
18,194,0,0.7345130443572998,
18,195,0,0.8453595638275146,
18,196,0,0.7149756550788879,
18,197,0,0.1737857460975647,
18,198,0,0.8007322549819946,
18,199,0,0.2348046898841858,
18,200,0,0.6946811676025391,
18,201,0,0.046907246112823486,
18,202,0,0.25643861293792725,
18,203,0,0.8360773324966431,
18,204,0,0.2979058623313904,
18,205,0,0.21497154235839844,
18,206,0,0.3074871897697449,
18,207,0,0.1393468976020813,
18,208,0,0.46742284297943115,
18,209,0,0.777653157711029,
18,210,0,0.2761518359184265,
18,211,0,0.8243615031242371,
18,212,0,0.4173392057418823,
18,213,0,0.7903527617454529,
18,214,0,0.8369526863098145,
18,215,0,0.7996253967285156,
18,216,0,0.43794864416122437,
18,217,0,0.826921820640564,
18,218,0,0.807159423828125,
18,219,0,0.7274799346923828,
18,220,0,0.24531269073486328,
18,221,0,0.7393082976341248,
18,222,0,0.2840602397918701,
18,223,0,0.4607579708099365,
18,224,0,0.754105806350708,
18,225,0,0.27413463592529297,
18,226,0,0.7976730465888977,
18,227,0,0.15620040893554688,
18,228,0,0.6358792781829834,
18,229,0,0.40540361404418945,
18,230,0,0.4145669937133789,
18,231,0,0.774590015411377,
18,232,0,0.8531684875488281,
18,233,0,0.8459026217460632,
18,234,0,0.819831907749176,
18,235,0,0.04122591018676758,
18,236,0,0.412445604801178,
18,237,0,0.8266250491142273,
18,238,0,0.45003432035446167,
18,239,0,0.36821651458740234,
18,240,0,0.817223846912384,
18,241,0,0.7705582976341248,
18,242,0,0.8237801790237427,
18,243,0,0.42060112953186035,
18,244,0,0.2770821452140808,
18,245,0,0.04967153072357178,
18,246,0,0.3689066767692566,
18,247,0,0.835951566696167,
18,248,0,0.4269142150878906,
18,249,0,0.8222846984863281,
18,250,0,0.10966354608535767,
18,251,0,0.8499254584312439,
18,252,0,0.7705209255218506,
18,253,0,0.7490749359130859,
18,254,0,0.036376357078552246,
18,255,0,0.7424575090408325,
18,256,0,0.539863109588623,
18,257,0,0.8483790159225464,
18,258,0,0.7944045662879944,
18,259,0,0.8275530338287354,
18,260,0,0.5035778284072876,
18,261,0,0.740247368812561,
18,262,0,0.7967315912246704,
18,263,0,0.729092001914978,
18,264,0,0.27228832244873047,
18,265,0,0.8068200945854187,
18,266,0,0.80522620677948,
18,267,0,0.8421241641044617,
18,268,0,0.2984936833381653,
18,269,0,0.44572800397872925,
18,270,0,0.5773247480392456,
18,271,0,0.8067697882652283,
18,272,0,0.3495415449142456,
18,273,0,0.842512309551239,
18,274,0,0.8136348724365234,
18,275,0,0.15204083919525146,
18,276,0,0.8105254769325256,
18,277,0,0.05970418453216553,
18,278,0,0.5140993595123291,
18,279,0,0.7336767911911011,
18,280,0,0.774821400642395,
18,281,0,0.7870928645133972,
18,282,0,0.743657112121582,
18,283,0,0.7479998469352722,
18,284,0,0.8177538514137268,
18,285,0,0.7922086119651794,
18,286,0,0.6272135376930237,
18,287,0,0.7226828932762146,
18,288,0,0.7751136422157288,
18,289,0,0.5088022947311401,
18,290,0,0.8319313526153564,
18,291,0,0.0477716326713562,
18,292,0,0.3570881485939026,
18,293,0,0.8463432788848877,
18,294,0,0.8367043733596802,
18,295,0,0.807249903678894,
18,296,0,0.4628690481185913,
18,297,0,0.04857665300369263,
18,298,0,0.8501783609390259,
18,299,0,0.80716872215271,
18,300,0,0.38050365447998047,
18,301,0,0.3961499333381653,
18,302,0,0.8384482264518738,
18,303,0,0.5952448844909668,
18,304,0,0.8407129049301147,
18,305,0,0.45700210332870483,
18,306,0,0.20866423845291138,
18,307,0,0.8324078321456909,
18,308,0,0.8424583077430725,
18,309,0,0.17140328884124756,
18,310,0,0.8165481090545654,
18,311,0,0.3779584765434265,
18,312,0,0.8213244676589966,
18,313,0,0.8144451975822449,
18,314,0,0.3828383684158325,
18,315,0,0.7377011775970459,
18,316,0,0.8381094932556152,
18,317,0,0.6016427278518677,
18,318,0,0.31241756677627563,
18,319,0,0.29332399368286133,
18,320,0,0.7398538589477539,
18,321,0,0.7839847803115845,
18,322,0,0.7964637875556946,
18,323,0,0.27498137950897217,
18,324,0,0.8456822037696838,
18,325,0,0.7922693490982056,
18,326,0,0.8076196908950806,
18,327,0,0.7279741168022156,
18,328,0,0.6789052486419678,
18,329,0,0.7676389813423157,
18,330,0,0.33105021715164185,
18,331,0,0.2907255291938782,
18,332,0,0.7658477425575256,
18,333,0,0.23086369037628174,
18,334,0,0.7641404867172241,
18,335,0,0.34168463945388794,
18,336,0,0.8299567699432373,
18,337,0,0.4212571978569031,
18,338,0,0.6166530847549438,
18,339,0,0.7871654033660889,
18,340,0,0.8383236527442932,
18,341,0,0.0536198616027832,
18,342,0,0.7312893867492676,
18,343,0,0.5966668128967285,
18,344,0,0.8073053359985352,
18,345,0,0.8273036479949951,
18,346,0,0.2196071743965149,
18,347,0,0.15588873624801636,
18,348,0,0.749382495880127,
18,349,0,0.7989541292190552,
18,350,0,0.7290289402008057,
18,351,0,0.7698361873626709,
18,352,0,0.819236159324646,
18,353,0,0.82554030418396,
18,354,0,0.6306016445159912,
18,355,0,0.15383464097976685,
18,356,0,0.806640625,
18,357,0,0.6769018173217773,
18,358,0,0.19041365385055542,
18,359,0,0.7791998386383057,
18,360,0,0.7897268533706665,
18,361,0,0.8435044288635254,
18,362,0,0.2338167428970337,
18,363,0,0.28689664602279663,
18,364,0,0.7493202686309814,
18,365,0,0.7974176406860352,
18,366,0,0.796493649482727,
18,367,0,0.8333457708358765,
18,368,0,0.7838125824928284,
18,369,0,0.8068428039550781,
18,370,0,0.6046220660209656,
18,371,0,0.6356047987937927,
18,372,0,0.8181320428848267,
18,373,0,0.7944102883338928,
18,374,0,0.3916136622428894,
18,375,0,0.6900848150253296,
18,376,0,0.7146984338760376,
18,377,0,0.3154295086860657,
18,378,0,0.38081157207489014,
18,379,0,0.8094767928123474,
18,380,0,0.32185208797454834,
18,381,0,0.292816698551178,
18,382,0,0.28735244274139404,
18,383,0,0.8284701704978943,
18,384,0,0.30326443910598755,
18,385,0,0.29400795698165894,
18,386,0,0.2151389718055725,
18,387,0,0.4070670008659363,
18,388,0,0.05744379758834839,
18,389,0,0.7773240208625793,
18,390,0,0.7531636953353882,
18,391,0,0.649182915687561,
18,392,0,0.6649588346481323,
18,393,0,0.29204851388931274,
18,394,0,0.4540908932685852,
18,395,0,0.8100369572639465,
18,396,0,0.14246803522109985,
18,397,0,0.16999435424804688,
18,398,0,0.7994126081466675,
18,399,0,0.2604631781578064,
18,400,0,0.6539206504821777,
18,401,0,0.7576890587806702,
18,402,0,0.840334415435791,
18,403,0,0.8053635358810425,
18,404,0,0.2886196970939636,
18,405,0,0.06232118606567383,
18,406,0,0.7446296215057373,
18,407,0,0.8433102369308472,
18,408,0,0.736183762550354,
18,409,0,0.700772762298584,
18,410,0,0.8383457660675049,
18,411,0,0.283863365650177,
18,412,0,0.7501577138900757,
18,413,0,0.06019049882888794,
18,414,0,0.7746272087097168,
18,415,0,0.6221928596496582,
18,416,0,0.8270804286003113,
18,417,0,0.04948890209197998,
18,418,0,0.48339927196502686,
18,419,0,0.43444573879241943,
18,420,0,0.22943061590194702,
18,421,0,0.24043065309524536,
18,422,0,0.7760031819343567,
18,423,0,0.8338639736175537,
18,424,0,0.7907602190971375,
18,425,0,0.8110033273696899,
18,426,0,0.8111233115196228,
18,427,0,0.8091758489608765,
18,428,0,0.44086599349975586,
18,429,0,0.8125237822532654,
18,430,0,0.24208670854568481,
18,431,0,0.790781557559967,
18,432,0,0.677672266960144,
18,433,0,0.8178037405014038,
18,434,0,0.8225864171981812,
18,435,0,0.8134608268737793,
18,436,0,0.6037358045578003,
18,437,0,0.049751102924346924,
18,438,0,0.6535135507583618,
18,439,0,0.20656919479370117,
18,440,0,0.847353458404541,
18,441,0,0.7774292826652527,
18,442,0,0.8242707252502441,
18,443,0,0.8136757016181946,
18,444,0,0.7530094981193542,
18,445,0,0.8247316479682922,
18,446,0,0.6677695512771606,
18,447,0,0.283905565738678,
18,448,0,0.05071812868118286,
18,449,0,0.7983067035675049,
18,450,0,0.772957980632782,
18,451,0,0.24019396305084229,
18,452,0,0.7842755913734436,
18,453,0,0.27441948652267456,
18,454,0,0.40676671266555786,
18,455,0,0.5549588203430176,
18,456,0,0.7111797332763672,
18,457,0,0.658453106880188,
18,458,0,0.5097332000732422,
18,459,0,0.7745025157928467,
18,460,0,0.8181642293930054,
18,461,0,0.43745696544647217,
18,462,0,0.8036060929298401,
18,463,0,0.14303070306777954,
18,464,0,0.5961098670959473,
18,465,0,0.739852786064148,
18,466,0,0.042492449283599854,
18,467,0,0.8132139444351196,
18,468,0,0.6302037239074707,
18,469,0,0.7813616394996643,
18,470,0,0.30504530668258667,
18,471,0,0.04745537042617798,
18,472,0,0.8402249217033386,
18,473,0,0.8354243040084839,
18,474,0,0.04697543382644653,
18,475,0,0.8295758962631226,
18,476,0,0.44450026750564575,
18,477,0,0.7963787317276001,
18,478,0,0.4970585107803345,
18,479,0,0.46887528896331787,
18,480,0,0.6642815470695496,
18,481,0,0.16151273250579834,
18,482,0,0.7530211806297302,
18,483,0,0.8343552350997925,
18,484,0,0.8309208154678345,
18,485,0,0.40584617853164673,
18,486,0,0.712954044342041,
18,487,0,0.30024242401123047,
18,488,0,0.6583020091056824,
18,489,0,0.832715630531311,
18,490,0,0.7611880302429199,
18,491,0,0.8230276107788086,
18,492,0,0.6338571906089783,
18,493,0,0.7333426475524902,
18,494,0,0.05923575162887573,
18,495,0,0.3377234935760498,
18,496,0,0.26731210947036743,
18,497,0,0.7720516324043274,
18,498,0,0.4233028292655945,
18,499,0,0.8419005870819092,
18,500,0,0.755264937877655,
18,501,0,0.7603132128715515,
18,502,0,0.8327453136444092,
18,503,0,0.19634491205215454,
18,504,0,0.747334361076355,
18,505,0,0.42709916830062866,
18,506,0,0.7522680163383484,
18,507,0,0.2578772306442261,
18,508,0,0.8423391580581665,
18,509,0,0.8403555154800415,
18,510,0,0.7926374077796936,
18,511,0,0.7513131499290466,
18,512,0,0.23381346464157104,
18,513,0,0.7234158515930176,
18,514,0,0.8098332285881042,
18,515,0,0.8092243671417236,
18,516,0,0.7392212152481079,
18,517,0,0.3505892753601074,
18,518,0,0.21442514657974243,
18,519,0,0.24660146236419678,
18,520,0,0.8069097995758057,
18,521,0,0.7703023552894592,
18,522,0,0.315774142742157,
18,523,0,0.8532505631446838,
18,524,0,0.7293247580528259,
18,525,0,0.04923933744430542,
18,526,0,0.28114116191864014,
18,527,0,0.834448516368866,
18,528,0,0.0477374792098999,
18,529,0,0.7697871923446655,
18,530,0,0.7373346090316772,
18,531,0,0.8432145118713379,
18,532,0,0.7996112704277039,
18,533,0,0.7931113839149475,
18,534,0,0.3720436096191406,
18,535,0,0.7578997015953064,
18,536,0,0.7862597107887268,
18,537,0,0.2560766935348511,
18,538,0,0.8253933191299438,
18,539,0,0.7620505690574646,
18,540,0,0.792299747467041,
18,541,0,0.3844504952430725,
18,542,0,0.30323702096939087,
18,543,0,0.8437353372573853,
18,544,0,0.05628013610839844,
18,545,0,0.3761065602302551,
18,546,0,0.42427098751068115,
18,547,0,0.058096885681152344,
18,548,0,0.7724279165267944,
18,549,0,0.28826045989990234,
18,550,0,0.8367486000061035,
18,551,0,0.8441793322563171,
18,552,0,0.7208366394042969,
18,553,0,0.41671037673950195,
18,554,0,0.6516131162643433,
18,555,0,0.22986632585525513,
18,556,0,0.7703334093093872,
18,557,0,0.7761279344558716,
18,558,0,0.36386603116989136,
18,559,0,0.6397160291671753,
18,560,0,0.7837305068969727,
18,561,0,0.7892653942108154,
18,562,0,0.1637454628944397,
18,563,0,0.7913535833358765,
18,564,0,0.45399928092956543,
18,565,0,0.3052748441696167,
18,566,0,0.3537535071372986,
18,567,0,0.834092378616333,
18,568,0,0.19870471954345703,
18,569,0,0.8218667507171631,
18,570,0,0.6055652499198914,
18,571,0,0.5856118202209473,
18,572,0,0.2836712598800659,
18,573,0,0.789885938167572,
18,574,0,0.2966139316558838,
18,575,0,0.2521870732307434,
18,576,0,0.7366394400596619,
18,577,0,0.2552306056022644,
18,578,0,0.2738701105117798,
18,579,0,0.7828809022903442,
18,580,0,0.25084930658340454,
18,581,0,0.3600786328315735,
18,582,0,0.7503951787948608,
18,583,0,0.7662680745124817,
18,584,0,0.42743825912475586,
18,585,0,0.8086466789245605,
18,586,0,0.8310254216194153,
18,587,0,0.5678846836090088,
18,588,0,0.19873672723770142,
18,589,0,0.6332356929779053,
18,590,0,0.8244611024856567,
18,591,0,0.23534011840820312,
18,592,0,0.8152041435241699,
18,593,0,0.8248901963233948,
18,594,0,0.817669153213501,
18,595,0,0.7259325981140137,
18,596,0,0.41305238008499146,
18,597,0,0.1474897265434265,
18,598,0,0.30049067735671997,
18,599,0,0.30482202768325806,
18,600,0,0.6555951833724976,
18,601,0,0.39020538330078125,
18,602,0,0.1728774905204773,
18,603,0,0.29664915800094604,
18,604,0,0.7355397939682007,
18,605,0,0.7967990040779114,
18,606,0,0.27677834033966064,
18,607,0,0.6728630065917969,
18,608,0,0.6524969339370728,
18,609,0,0.8310525417327881,
18,610,0,0.8373235464096069,
18,611,0,0.8466819524765015,
18,612,0,0.6582412123680115,
18,613,0,0.6844708919525146,
18,614,0,0.829380452632904,
18,615,0,0.3716689348220825,
18,616,0,0.7870975732803345,
18,617,0,0.25523293018341064,
18,618,0,0.15744906663894653,
18,619,0,0.3481988310813904,
18,620,0,0.8366959691047668,
18,621,0,0.4058535099029541,
18,622,0,0.7189335823059082,
18,623,0,0.4159117341041565,
18,624,0,0.2905488610267639,
18,625,0,0.8464866876602173,
18,626,0,0.8209545016288757,
18,627,0,0.8124622106552124,
18,628,0,0.8538026809692383,
18,629,0,0.46625787019729614,
18,630,0,0.060445964336395264,
18,631,0,0.16980648040771484,
18,632,0,0.8132004141807556,
18,633,0,0.645883321762085,
18,634,0,0.7882774472236633,
18,635,0,0.47181403636932373,
18,636,0,0.8116601705551147,
18,637,0,0.704395055770874,
18,638,0,0.7812796831130981,
18,639,0,0.7527493238449097,
18,640,0,0.13890206813812256,
18,641,0,0.7590872049331665,
18,642,0,0.7764236927032471,
18,643,0,0.4071289300918579,
18,644,0,0.3827109932899475,
18,645,0,0.7486698627471924,
18,646,0,0.8153663277626038,
18,647,0,0.773807168006897,
18,648,0,0.8085348010063171,
18,649,0,0.045277416706085205,
18,650,0,0.7589269280433655,
18,651,0,0.41678887605667114,
18,652,0,0.5960354208946228,
18,653,0,0.5771752595901489,
18,654,0,0.7559983134269714,
18,655,0,0.22893130779266357,
18,656,0,0.22897815704345703,
18,657,0,0.3430836796760559,
18,658,0,0.6802220344543457,
18,659,0,0.04994857311248779,
18,660,0,0.8544266223907471,
18,661,0,0.689988374710083,
18,662,0,0.8180750608444214,
18,663,0,0.7233074903488159,
18,664,0,0.8384150862693787,
18,665,0,0.4143339991569519,
18,666,0,0.05474811792373657,
18,667,0,0.8187592029571533,
18,668,0,0.2684212327003479,
18,669,0,0.4429699778556824,
18,670,0,0.36337101459503174,
18,671,0,0.7586415410041809,
18,672,0,0.15801888704299927,
18,673,0,0.26052427291870117,
18,674,0,0.4027182459831238,
18,675,0,0.7584035992622375,
18,676,0,0.13803958892822266,
18,677,0,0.5969345569610596,
18,678,0,0.7821752429008484,
18,679,0,0.7995210886001587,
18,680,0,0.06023043394088745,
18,681,0,0.780692458152771,
18,682,0,0.2867977023124695,
18,683,0,0.3331602215766907,
18,684,0,0.7753961086273193,
18,685,0,0.807141125202179,
18,686,0,0.7387111783027649,
18,687,0,0.6111573576927185,
18,688,0,0.2565886378288269,
18,689,0,0.744949221611023,
18,690,0,0.8303326368331909,
18,691,0,0.1478906273841858,
18,692,0,0.3331674337387085,
18,693,0,0.7019444704055786,
18,694,0,0.7563686370849609,
18,695,0,0.7543371319770813,
18,696,0,0.1794028878211975,
18,697,0,0.7509734630584717,
18,698,0,0.8465710878372192,
18,699,0,0.43649518489837646,
18,700,0,0.25010472536087036,
18,701,0,0.8346879482269287,
18,702,0,0.7834665179252625,
18,703,0,0.7682398557662964,
18,704,0,0.13458728790283203,
18,705,0,0.05169636011123657,
18,706,0,0.8363147377967834,
18,707,0,0.8082947731018066,
18,708,0,0.8298009634017944,
18,709,0,0.7449483871459961,
18,710,0,0.39170700311660767,
18,711,0,0.33602243661880493,
18,712,0,0.2528085708618164,
18,713,0,0.3984254002571106,
18,714,0,0.8327085971832275,
18,715,0,0.4197688102722168,
18,716,0,0.7593858242034912,
18,717,0,0.6484885215759277,
18,718,0,0.8118721842765808,
18,719,0,0.8262108564376831,
18,720,0,0.7936534881591797,
18,721,0,0.777505099773407,
18,722,0,0.7078717350959778,
18,723,0,0.16219967603683472,
18,724,0,0.6625515222549438,
18,725,0,0.18671876192092896,
18,726,0,0.8271558880805969,
18,727,0,0.8101670145988464,
18,728,0,0.18425339460372925,
18,729,0,0.43351876735687256,
18,730,0,0.345048725605011,
18,731,0,0.8268928527832031,
18,732,0,0.8090505599975586,
18,733,0,0.3868074417114258,
18,734,0,0.8233702182769775,
18,735,0,0.3000549077987671,
18,736,0,0.7480627298355103,
18,737,0,0.7558342814445496,
18,738,0,0.8146563172340393,
18,739,0,0.6124417781829834,
18,740,0,0.28098779916763306,
18,741,0,0.6880565881729126,
18,742,0,0.8245803117752075,
18,743,0,0.8474727272987366,
18,744,0,0.7663401365280151,
18,745,0,0.25690919160842896,
18,746,0,0.7251313924789429,
18,747,0,0.7905964851379395,
18,748,0,0.7164484262466431,
18,749,0,0.8245345950126648,
18,750,0,0.8094787001609802,
18,751,0,0.8248583674430847,
18,752,0,0.7061485648155212,
18,753,0,0.43896931409835815,
18,754,0,0.6649293899536133,
18,755,0,0.8416913747787476,
18,756,0,0.8292179107666016,
18,757,0,0.838516354560852,
18,758,0,0.6112462282180786,
18,759,0,0.0517348051071167,
18,760,0,0.42443275451660156,
18,761,0,0.7390878200531006,
18,762,0,0.7739689350128174,
18,763,0,0.3104158043861389,
18,764,0,0.2949414849281311,
18,765,0,0.8025645017623901,
18,766,0,0.163770854473114,
18,767,0,0.7461339235305786,
18,768,0,0.8301298022270203,
18,769,0,0.1846035122871399,
18,770,0,0.7362627387046814,
18,771,0,0.6300826072692871,
18,772,0,0.7992716431617737,
18,773,0,0.19281703233718872,
18,774,0,0.8342242240905762,
18,775,0,0.7946868538856506,
18,776,0,0.23904949426651,
18,777,0,0.7612012624740601,
18,778,0,0.39966291189193726,
18,779,0,0.8373624086380005,
18,780,0,0.7596086859703064,
18,781,0,0.8311660289764404,
18,782,0,0.36200976371765137,
18,783,0,0.8082438707351685,
18,784,0,0.3796148896217346,
18,785,0,0.04476708173751831,
18,786,0,0.4586338996887207,
18,787,0,0.23778879642486572,
18,788,0,0.7765917778015137,
18,789,0,0.27325141429901123,
18,790,0,0.7156380414962769,
18,791,0,0.4480198621749878,
18,792,0,0.33013129234313965,
18,793,0,0.8007164597511292,
18,794,0,0.8359784483909607,
18,795,0,0.2634647488594055,
18,796,0,0.8291449546813965,
18,797,0,0.06263905763626099,
18,798,0,0.42815476655960083,
18,799,0,0.8270166516304016,
18,val,,,0.5842175471782685
19,0,0,0.3767172694206238,
19,1,0,0.8148621320724487,
19,2,0,0.56102055311203,
19,3,0,0.7454578876495361,
19,4,0,0.37030214071273804,
19,5,0,0.7617511749267578,
19,6,0,0.15826398134231567,
19,7,0,0.4497559666633606,
19,8,0,0.2226741909980774,
19,9,0,0.8130237460136414,
19,10,0,0.06138116121292114,
19,11,0,0.7734771966934204,
19,12,0,0.8316864967346191,
19,13,0,0.82586669921875,
19,14,0,0.7408067584037781,
19,15,0,0.8154285550117493,
19,16,0,0.49879884719848633,
19,17,0,0.3539738655090332,
19,18,0,0.7929832935333252,
19,19,0,0.8049450516700745,
19,20,0,0.7382075786590576,
19,21,0,0.47074592113494873,
19,22,0,0.2507631182670593,
19,23,0,0.6815983653068542,
19,24,0,0.8238621950149536,
19,25,0,0.7230603694915771,
19,26,0,0.8383861780166626,
19,27,0,0.3602152466773987,
19,28,0,0.2627137303352356,
19,29,0,0.4446222186088562,
19,30,0,0.8335480690002441,
19,31,0,0.7435747981071472,
19,32,0,0.4279954433441162,
19,33,0,0.7437297701835632,
19,34,0,0.7525111436843872,
19,35,0,0.2616259455680847,
19,36,0,0.4033883213996887,
19,37,0,0.82465660572052,
19,38,0,0.1790979504585266,
19,39,0,0.8407784700393677,
19,40,0,0.14981001615524292,
19,41,0,0.6054970026016235,
19,42,0,0.45505934953689575,
19,43,0,0.04050445556640625,
19,44,0,0.7439314126968384,
19,45,0,0.43777889013290405,
19,46,0,0.046226680278778076,
19,47,0,0.045391857624053955,
19,48,0,0.8335970640182495,
19,49,0,0.29496651887893677,
19,50,0,0.8373476266860962,
19,51,0,0.33118700981140137,
19,52,0,0.38526612520217896,
19,53,0,0.045767128467559814,
19,54,0,0.847387433052063,
19,55,0,0.4324101209640503,
19,56,0,0.7875507473945618,
19,57,0,0.4831489324569702,
19,58,0,0.842155396938324,
19,59,0,0.3332110047340393,
19,60,0,0.4046897888183594,
19,61,0,0.5836329460144043,
19,62,0,0.8221598863601685,
19,63,0,0.24968981742858887,
19,64,0,0.2488623857498169,
19,65,0,0.6653347015380859,
19,66,0,0.7061849236488342,
19,67,0,0.3862949013710022,
19,68,0,0.8081545829772949,
19,69,0,0.3938671946525574,
19,70,0,0.4632682204246521,
19,71,0,0.5997299551963806,
19,72,0,0.6664976477622986,
19,73,0,0.792384147644043,
19,74,0,0.8127517104148865,
19,75,0,0.5826355218887329,
19,76,0,0.81102454662323,
19,77,0,0.663072407245636,
19,78,0,0.1459503173828125,
19,79,0,0.7809268236160278,
19,80,0,0.44761866331100464,
19,81,0,0.8075397610664368,
19,82,0,0.04245650768280029,
19,83,0,0.7569729685783386,
19,84,0,0.819874107837677,
19,85,0,0.4925578832626343,
19,86,0,0.7714526653289795,
19,87,0,0.5512049198150635,
19,88,0,0.8133926391601562,
19,89,0,0.44389086961746216,
19,90,0,0.7336305379867554,
19,91,0,0.8143426775932312,
19,92,0,0.845840573310852,
19,93,0,0.8141859173774719,
19,94,0,0.44767510890960693,
19,95,0,0.7661463022232056,
19,96,0,0.2614123225212097,
19,97,0,0.8398202657699585,
19,98,0,0.5869630575180054,
19,99,0,0.8078026175498962,
19,100,0,0.7316592931747437,
19,101,0,0.6499409675598145,
19,102,0,0.7625502943992615,
19,103,0,0.7290534973144531,
19,104,0,0.8338729739189148,
19,105,0,0.30964893102645874,
19,106,0,0.7765857577323914,
19,107,0,0.825447678565979,
19,108,0,0.6079297065734863,
19,109,0,0.8199229836463928,
19,110,0,0.7932130694389343,
19,111,0,0.8189911842346191,
19,112,0,0.8377678394317627,
19,113,0,0.39261138439178467,
19,114,0,0.23886066675186157,
19,115,0,0.786819338798523,
19,116,0,0.8113537430763245,
19,117,0,0.34935635328292847,
19,118,0,0.8115180730819702,
19,119,0,0.31442975997924805,
19,120,0,0.8211535811424255,
19,121,0,0.8399702906608582,
19,122,0,0.7229944467544556,
19,123,0,0.0664132833480835,
19,124,0,0.4053635597229004,
19,125,0,0.7547258138656616,
19,126,0,0.7785822153091431,
19,127,0,0.8226132392883301,
19,128,0,0.7527063488960266,
19,129,0,0.83836829662323,
19,130,0,0.6556491851806641,
19,131,0,0.7829234600067139,
19,132,0,0.6917252540588379,
19,133,0,0.22769641876220703,
19,134,0,0.40753716230392456,
19,135,0,0.4702301025390625,
19,136,0,0.05513286590576172,
19,137,0,0.12027651071548462,
19,138,0,0.24814504384994507,
19,139,0,0.46080803871154785,
19,140,0,0.7901298999786377,
19,141,0,0.7218788862228394,
19,142,0,0.7784724235534668,
19,143,0,0.769187331199646,
19,144,0,0.8176721930503845,
19,145,0,0.19248056411743164,
19,146,0,0.6811162233352661,
19,147,0,0.22837448120117188,
19,148,0,0.768976628780365,
19,149,0,0.7813191413879395,
19,150,0,0.8029284477233887,
19,151,0,0.7842427492141724,
19,152,0,0.7214159965515137,
19,153,0,0.8209272623062134,
19,154,0,0.8281086683273315,
19,155,0,0.7082857489585876,
19,156,0,0.04963928461074829,
19,157,0,0.6096566915512085,
19,158,0,0.7708574533462524,
19,159,0,0.8055399656295776,
19,160,0,0.32973724603652954,
19,161,0,0.06090754270553589,
19,162,0,0.8409419059753418,
19,163,0,0.2576301693916321,
19,164,0,0.346501886844635,
19,165,0,0.7209036946296692,
19,166,0,0.23819905519485474,
19,167,0,0.7986368536949158,
19,168,0,0.846160352230072,
19,169,0,0.12964361906051636,
19,170,0,0.7019459009170532,
19,171,0,0.7404531240463257,
19,172,0,0.7343600988388062,
19,173,0,0.630651593208313,
19,174,0,0.7514479756355286,
19,175,0,0.3943674564361572,
19,176,0,0.7635510563850403,
19,177,0,0.2655637264251709,
19,178,0,0.8351186513900757,
19,179,0,0.3042321801185608,
19,180,0,0.7932223677635193,
19,181,0,0.8007489442825317,
19,182,0,0.31544047594070435,
19,183,0,0.15672969818115234,
19,184,0,0.778375506401062,
19,185,0,0.739838719367981,
19,186,0,0.2654613256454468,
19,187,0,0.6742075681686401,
19,188,0,0.6664940118789673,
19,189,0,0.2482038140296936,
19,190,0,0.06356149911880493,
19,191,0,0.42833375930786133,
19,192,0,0.7570703029632568,
19,193,0,0.7330111265182495,
19,194,0,0.7321168184280396,
19,195,0,0.8448024392127991,
19,196,0,0.7169807553291321,
19,197,0,0.17576533555984497,
19,198,0,0.7962394952774048,
19,199,0,0.23237675428390503,
19,200,0,0.679256021976471,
19,201,0,0.047049880027770996,
19,202,0,0.2567934989929199,
19,203,0,0.8339309692382812,
19,204,0,0.2955130338668823,
19,205,0,0.21600329875946045,
19,206,0,0.3058379292488098,
19,207,0,0.13752418756484985,
19,208,0,0.4581531286239624,
19,209,0,0.780571699142456,
19,210,0,0.26700639724731445,
19,211,0,0.8211014866828918,
19,212,0,0.430772602558136,
19,213,0,0.7984087467193604,
19,214,0,0.8377581238746643,
19,215,0,0.7880517244338989,
19,216,0,0.43720847368240356,
19,217,0,0.825226902961731,
19,218,0,0.8126710653305054,
19,219,0,0.7260684967041016,
19,220,0,0.24140721559524536,
19,221,0,0.739389181137085,
19,222,0,0.2821296453475952,
19,223,0,0.4604793190956116,
19,224,0,0.7470270395278931,
19,225,0,0.27137690782546997,
19,226,0,0.7956846356391907,
19,227,0,0.1579076647758484,
19,228,0,0.6244516372680664,
19,229,0,0.403969943523407,
19,230,0,0.4129452705383301,
19,231,0,0.7604072093963623,
19,232,0,0.8548617362976074,
19,233,0,0.8453233242034912,
19,234,0,0.8178165555000305,
19,235,0,0.04231977462768555,
19,236,0,0.4108314514160156,
19,237,0,0.8283121585845947,
19,238,0,0.4526277184486389,
19,239,0,0.3653791546821594,
19,240,0,0.8177289366722107,
19,241,0,0.7696057558059692,
19,242,0,0.8221511840820312,
19,243,0,0.42414337396621704,
19,244,0,0.2776937484741211,
19,245,0,0.05057638883590698,
19,246,0,0.3756609559059143,
19,247,0,0.8345844149589539,
19,248,0,0.42705202102661133,
19,249,0,0.8112010359764099,
19,250,0,0.11026668548583984,
19,251,0,0.8487237095832825,
19,252,0,0.7665904760360718,
19,253,0,0.7434060573577881,
19,254,0,0.037724077701568604,
19,255,0,0.744124174118042,
19,256,0,0.5332046747207642,
19,257,0,0.8474645614624023,
19,258,0,0.7901637554168701,
19,259,0,0.8278611898422241,
19,260,0,0.4987397789955139,
19,261,0,0.739647388458252,
19,262,0,0.794642448425293,
19,263,0,0.7208472490310669,
19,264,0,0.26685577630996704,
19,265,0,0.787530779838562,
19,266,0,0.7980071306228638,
19,267,0,0.83543860912323,
19,268,0,0.2969111204147339,
19,269,0,0.4342193603515625,
19,270,0,0.5742769241333008,
19,271,0,0.801807701587677,
19,272,0,0.3470209240913391,
19,273,0,0.8389787077903748,
19,274,0,0.821384608745575,
19,275,0,0.1492980718612671,
19,276,0,0.8087841272354126,
19,277,0,0.059227824211120605,
19,278,0,0.5071520805358887,
19,279,0,0.7344591617584229,
19,280,0,0.7767297029495239,
19,281,0,0.7877185940742493,
19,282,0,0.7446508407592773,
19,283,0,0.7510329484939575,
19,284,0,0.8296136856079102,
19,285,0,0.7780839800834656,
19,286,0,0.6263631582260132,
19,287,0,0.7258089184761047,
19,288,0,0.7602454423904419,
19,289,0,0.5096168518066406,
19,290,0,0.8263860940933228,
19,291,0,0.04703289270401001,
19,292,0,0.3562696576118469,
19,293,0,0.8441102504730225,
19,294,0,0.8382023572921753,
19,295,0,0.7953178882598877,
19,296,0,0.46241092681884766,
19,297,0,0.04912620782852173,
19,298,0,0.8515298366546631,
19,299,0,0.8083552718162537,
19,300,0,0.38349175453186035,
19,301,0,0.3916206359863281,
19,302,0,0.839194655418396,
19,303,0,0.5858148336410522,
19,304,0,0.8416675329208374,
19,305,0,0.456057608127594,
19,306,0,0.2076825499534607,
19,307,0,0.8335322737693787,
19,308,0,0.8421139717102051,
19,309,0,0.1718575358390808,
19,310,0,0.8164240717887878,
19,311,0,0.3749622106552124,
19,312,0,0.8223881125450134,
19,313,0,0.8138680458068848,
19,314,0,0.37144315242767334,
19,315,0,0.7209506034851074,
19,316,0,0.835896372795105,
19,317,0,0.5956575274467468,
19,318,0,0.3178096413612366,
19,319,0,0.2878146171569824,
19,320,0,0.7409363985061646,
19,321,0,0.7765166759490967,
19,322,0,0.7779173254966736,
19,323,0,0.27429449558258057,
19,324,0,0.8450943231582642,
19,325,0,0.7875941395759583,
19,326,0,0.8053261637687683,
19,327,0,0.7274035215377808,
19,328,0,0.6704566478729248,
19,329,0,0.7634743452072144,
19,330,0,0.32985955476760864,
19,331,0,0.2942401170730591,
19,332,0,0.7583503127098083,
19,333,0,0.22742623090744019,
19,334,0,0.7550258636474609,
19,335,0,0.34109264612197876,
19,336,0,0.8305150270462036,
19,337,0,0.42151927947998047,
19,338,0,0.6135002374649048,
19,339,0,0.7861394882202148,
19,340,0,0.8387219309806824,
19,341,0,0.055384695529937744,
19,342,0,0.7262179851531982,
19,343,0,0.6001904010772705,
19,344,0,0.8067284822463989,
19,345,0,0.8256726861000061,
19,346,0,0.22146064043045044,
19,347,0,0.15390288829803467,
19,348,0,0.7496117353439331,
19,349,0,0.7896586656570435,
19,350,0,0.7350624203681946,
19,351,0,0.7697564959526062,
19,352,0,0.8230876922607422,
19,353,0,0.8233382701873779,
19,354,0,0.6281534433364868,
19,355,0,0.15692049264907837,
19,356,0,0.798601508140564,
19,357,0,0.6768636107444763,
19,358,0,0.19251281023025513,
19,359,0,0.7805635333061218,
19,360,0,0.7840776443481445,
19,361,0,0.8417255878448486,
19,362,0,0.23528772592544556,
19,363,0,0.28928500413894653,
19,364,0,0.7490382194519043,
19,365,0,0.7985029816627502,
19,366,0,0.7862928509712219,
19,367,0,0.831571638584137,
19,368,0,0.7803970575332642,
19,369,0,0.8062238097190857,
19,370,0,0.6004596948623657,
19,371,0,0.6281424760818481,
19,372,0,0.8159383535385132,
19,373,0,0.7876039147377014,
19,374,0,0.38791489601135254,
19,375,0,0.6896143555641174,
19,376,0,0.7060575485229492,
19,377,0,0.31045305728912354,
19,378,0,0.3779544234275818,
19,379,0,0.8045341968536377,
19,380,0,0.3095966577529907,
19,381,0,0.2893609404563904,
19,382,0,0.28838497400283813,
19,383,0,0.8406798839569092,
19,384,0,0.30447500944137573,
19,385,0,0.2874579429626465,
19,386,0,0.2133048176765442,
19,387,0,0.40646636486053467,
19,388,0,0.053375422954559326,
19,389,0,0.7780538201332092,
19,390,0,0.7502937316894531,
19,391,0,0.6289317607879639,
19,392,0,0.6647142171859741,
19,393,0,0.29457128047943115,
19,394,0,0.4519880414009094,
19,395,0,0.8110938668251038,
19,396,0,0.14724767208099365,
19,397,0,0.16750222444534302,
19,398,0,0.7975106239318848,
19,399,0,0.2628076672554016,
19,400,0,0.648185133934021,
19,401,0,0.7554261684417725,
19,402,0,0.8318639397621155,
19,403,0,0.7956976294517517,
19,404,0,0.29206377267837524,
19,405,0,0.06152588129043579,
19,406,0,0.7472865581512451,
19,407,0,0.8395020961761475,
19,408,0,0.7257499694824219,
19,409,0,0.7028305530548096,
19,410,0,0.8338922262191772,
19,411,0,0.28326183557510376,
19,412,0,0.736416220664978,
19,413,0,0.05925178527832031,
19,414,0,0.7785032391548157,
19,415,0,0.6257089376449585,
19,416,0,0.8323322534561157,
19,417,0,0.049968600273132324,
19,418,0,0.4843238592147827,
19,419,0,0.43465375900268555,
19,420,0,0.231195867061615,
19,421,0,0.23837023973464966,
19,422,0,0.774756908416748,
19,423,0,0.8369461297988892,
19,424,0,0.786797821521759,
19,425,0,0.8106353282928467,
19,426,0,0.8104801177978516,
19,427,0,0.807280421257019,
19,428,0,0.43980473279953003,
19,429,0,0.8128872513771057,
19,430,0,0.2414436936378479,
19,431,0,0.7907852530479431,
19,432,0,0.6779160499572754,
19,433,0,0.8158205151557922,
19,434,0,0.8195542097091675,
19,435,0,0.8141979575157166,
19,436,0,0.6051607131958008,
19,437,0,0.04916888475418091,
19,438,0,0.658608078956604,
19,439,0,0.20731288194656372,
19,440,0,0.8468358516693115,
19,441,0,0.7738332748413086,
19,442,0,0.8221874237060547,
19,443,0,0.8122655749320984,
19,444,0,0.7526334524154663,
19,445,0,0.8234106302261353,
19,446,0,0.6485210061073303,
19,447,0,0.2841833233833313,
19,448,0,0.051031291484832764,
19,449,0,0.7981229424476624,
19,450,0,0.7755420207977295,
19,451,0,0.23638296127319336,
19,452,0,0.777682900428772,
19,453,0,0.26923149824142456,
19,454,0,0.4063222408294678,
19,455,0,0.5486946105957031,
19,456,0,0.7127420902252197,
19,457,0,0.652550995349884,
19,458,0,0.5062906742095947,
19,459,0,0.7646927237510681,
19,460,0,0.8164647817611694,
19,461,0,0.43873387575149536,
19,462,0,0.8028060793876648,
19,463,0,0.13957440853118896,
19,464,0,0.5884698629379272,
19,465,0,0.7399726510047913,
19,466,0,0.04314231872558594,
19,467,0,0.8071826100349426,
19,468,0,0.6255766153335571,
19,469,0,0.7966402769088745,
19,470,0,0.30106788873672485,
19,471,0,0.048476576805114746,
19,472,0,0.8395110368728638,
19,473,0,0.834691047668457,
19,474,0,0.04776829481124878,
19,475,0,0.8263648748397827,
19,476,0,0.4398854374885559,
19,477,0,0.7864078879356384,
19,478,0,0.4785553216934204,
19,479,0,0.4649001955986023,
19,480,0,0.66791832447052,
19,481,0,0.15511757135391235,
19,482,0,0.7366496324539185,
19,483,0,0.8333097100257874,
19,484,0,0.8309928774833679,
19,485,0,0.40526390075683594,
19,486,0,0.7105844020843506,
19,487,0,0.299335241317749,
19,488,0,0.6410601139068604,
19,489,0,0.8325942754745483,
19,490,0,0.7613742351531982,
19,491,0,0.8230384588241577,
19,492,0,0.6340291500091553,
19,493,0,0.7321809530258179,
19,494,0,0.05695229768753052,
19,495,0,0.3376615047454834,
19,496,0,0.2571924924850464,
19,497,0,0.7728307843208313,
19,498,0,0.4214525818824768,
19,499,0,0.8396797180175781,
19,500,0,0.7502399682998657,
19,501,0,0.7574582695960999,
19,502,0,0.8305940628051758,
19,503,0,0.19242674112319946,
19,504,0,0.7439465522766113,
19,505,0,0.41971635818481445,
19,506,0,0.7522784471511841,
19,507,0,0.2539469599723816,
19,508,0,0.8411634564399719,
19,509,0,0.8374388813972473,
19,510,0,0.7868521213531494,
19,511,0,0.7537358403205872,
19,512,0,0.2305930256843567,
19,513,0,0.7207299470901489,
19,514,0,0.8034059405326843,
19,515,0,0.8039659261703491,
19,516,0,0.7387917041778564,
19,517,0,0.3491637110710144,
19,518,0,0.20752614736557007,
19,519,0,0.2478879690170288,
19,520,0,0.791347861289978,
19,521,0,0.7600157856941223,
19,522,0,0.31109100580215454,
19,523,0,0.8530121445655823,
19,524,0,0.7313379049301147,
19,525,0,0.051070213317871094,
19,526,0,0.28103142976760864,
19,527,0,0.8349020481109619,
19,528,0,0.04743391275405884,
19,529,0,0.7593971490859985,
19,530,0,0.7389694452285767,
19,531,0,0.8411173820495605,
19,532,0,0.8012043833732605,
19,533,0,0.8085519075393677,
19,534,0,0.37356287240982056,
19,535,0,0.7611261606216431,
19,536,0,0.7883341908454895,
19,537,0,0.25827914476394653,
19,538,0,0.8256618976593018,
19,539,0,0.7467136383056641,
19,540,0,0.7920123338699341,
19,541,0,0.38007408380508423,
19,542,0,0.2940269708633423,
19,543,0,0.8425718545913696,
19,544,0,0.05567014217376709,
19,545,0,0.37080270051956177,
19,546,0,0.41837459802627563,
19,547,0,0.062450289726257324,
19,548,0,0.7730456590652466,
19,549,0,0.28629690408706665,
19,550,0,0.8335314989089966,
19,551,0,0.842962384223938,
19,552,0,0.7211592793464661,
19,553,0,0.4168716073036194,
19,554,0,0.6540282964706421,
19,555,0,0.23071813583374023,
19,556,0,0.7737338542938232,
19,557,0,0.7751836776733398,
19,558,0,0.3524239659309387,
19,559,0,0.6373517513275146,
19,560,0,0.7848926782608032,
19,561,0,0.780619204044342,
19,562,0,0.1598820686340332,
19,563,0,0.7850468754768372,
19,564,0,0.45181435346603394,
19,565,0,0.29816681146621704,
19,566,0,0.35256075859069824,
19,567,0,0.8542346954345703,
19,568,0,0.19812363386154175,
19,569,0,0.8210130333900452,
19,570,0,0.6136382818222046,
19,571,0,0.5851463079452515,
19,572,0,0.27509409189224243,
19,573,0,0.7801449298858643,
19,574,0,0.2949219346046448,
19,575,0,0.2568930983543396,
19,576,0,0.7211357355117798,
19,577,0,0.2564358711242676,
19,578,0,0.27045440673828125,
19,579,0,0.7823537588119507,
19,580,0,0.25963008403778076,
19,581,0,0.3619162440299988,
19,582,0,0.742484450340271,
19,583,0,0.7684276103973389,
19,584,0,0.426389217376709,
19,585,0,0.807333767414093,
19,586,0,0.8309952020645142,
19,587,0,0.5692662000656128,
19,588,0,0.20115381479263306,
19,589,0,0.6364353895187378,
19,590,0,0.825539231300354,
19,591,0,0.24132639169692993,
19,592,0,0.8132331371307373,
19,593,0,0.824624240398407,
19,594,0,0.818877637386322,
19,595,0,0.7192274332046509,
19,596,0,0.41594183444976807,
19,597,0,0.14636802673339844,
19,598,0,0.30034196376800537,
19,599,0,0.29995912313461304,
19,600,0,0.6570526957511902,
19,601,0,0.3814241290092468,
19,602,0,0.17418056726455688,
19,603,0,0.28829801082611084,
19,604,0,0.7348363399505615,
19,605,0,0.7900880575180054,
19,606,0,0.2773706912994385,
19,607,0,0.6568892002105713,
19,608,0,0.6424843072891235,
19,609,0,0.8364840745925903,
19,610,0,0.8414220809936523,
19,611,0,0.8490623235702515,
19,612,0,0.6534131765365601,
19,613,0,0.6735267639160156,
19,614,0,0.8292110562324524,
19,615,0,0.371995210647583,
19,616,0,0.780876874923706,
19,617,0,0.26054733991622925,
19,618,0,0.155622661113739,
19,619,0,0.34635502099990845,
19,620,0,0.8367444276809692,
19,621,0,0.4074264168739319,
19,622,0,0.7092300653457642,
19,623,0,0.41754060983657837,
19,624,0,0.2893097996711731,
19,625,0,0.8514463901519775,
19,626,0,0.8243257999420166,
19,627,0,0.8167281150817871,
19,628,0,0.8481208086013794,
19,629,0,0.45896679162979126,
19,630,0,0.06148862838745117,
19,631,0,0.16896533966064453,
19,632,0,0.8123452067375183,
19,633,0,0.6419848203659058,
19,634,0,0.7797079086303711,
19,635,0,0.4666476845741272,
19,636,0,0.8093418478965759,
19,637,0,0.7052050828933716,
19,638,0,0.7688308954238892,
19,639,0,0.752894937992096,
19,640,0,0.13491493463516235,
19,641,0,0.7477971315383911,
19,642,0,0.7732887864112854,
19,643,0,0.4015335440635681,
19,644,0,0.38287001848220825,
19,645,0,0.7256190776824951,
19,646,0,0.8209446668624878,
19,647,0,0.7647565603256226,
19,648,0,0.8021632432937622,
19,649,0,0.044246017932891846,
19,650,0,0.7562647461891174,
19,651,0,0.410758376121521,
19,652,0,0.5900626182556152,
19,653,0,0.5655524730682373,
19,654,0,0.7561361789703369,
19,655,0,0.22111159563064575,
19,656,0,0.22942602634429932,
19,657,0,0.33731865882873535,
19,658,0,0.6613790392875671,
19,659,0,0.04958915710449219,
19,660,0,0.8633842468261719,
19,661,0,0.6804848909378052,
19,662,0,0.8161470890045166,
19,663,0,0.7246518135070801,
19,664,0,0.8408423066139221,
19,665,0,0.4129093885421753,
19,666,0,0.05434924364089966,
19,667,0,0.8205624222755432,
19,668,0,0.27560609579086304,
19,669,0,0.4396677613258362,
19,670,0,0.36646533012390137,
19,671,0,0.7613009810447693,
19,672,0,0.15660226345062256,
19,673,0,0.26207035779953003,
19,674,0,0.4009566903114319,
19,675,0,0.7626550197601318,
19,676,0,0.14002740383148193,
19,677,0,0.5941676497459412,
19,678,0,0.7658425569534302,
19,679,0,0.8043621778488159,
19,680,0,0.059259116649627686,
19,681,0,0.7682994604110718,
19,682,0,0.2820141911506653,
19,683,0,0.3328077793121338,
19,684,0,0.7637996673583984,
19,685,0,0.814299464225769,
19,686,0,0.7393402457237244,
19,687,0,0.6169183254241943,
19,688,0,0.25475460290908813,
19,689,0,0.7462831735610962,
19,690,0,0.8367637395858765,
19,691,0,0.15014111995697021,
19,692,0,0.3343852162361145,
19,693,0,0.7036699056625366,
19,694,0,0.7604559063911438,
19,695,0,0.7566783428192139,
19,696,0,0.182756245136261,
19,697,0,0.7481865882873535,
19,698,0,0.8412474393844604,
19,699,0,0.4271368980407715,
19,700,0,0.24820411205291748,
19,701,0,0.8344967365264893,
19,702,0,0.7858101725578308,
19,703,0,0.7635051012039185,
19,704,0,0.13729053735733032,
19,705,0,0.05224043130874634,
19,706,0,0.8432861566543579,
19,707,0,0.8098660707473755,
19,708,0,0.8432971835136414,
19,709,0,0.7503125071525574,
19,710,0,0.39569032192230225,
19,711,0,0.3334210515022278,
19,712,0,0.2534030079841614,
19,713,0,0.3976482152938843,
19,714,0,0.8315191864967346,
19,715,0,0.4277626872062683,
19,716,0,0.7565933465957642,
19,717,0,0.6458696722984314,
19,718,0,0.8152095079421997,
19,719,0,0.8258478045463562,
19,720,0,0.7908258438110352,
19,721,0,0.7814996838569641,
19,722,0,0.6936819553375244,
19,723,0,0.1630868911743164,
19,724,0,0.6370904445648193,
19,725,0,0.1910596489906311,
19,726,0,0.8271563053131104,
19,727,0,0.8091387748718262,
19,728,0,0.18815171718597412,
19,729,0,0.429265558719635,
19,730,0,0.33971500396728516,
19,731,0,0.8269848823547363,
19,732,0,0.8036471009254456,
19,733,0,0.3822646737098694,
19,734,0,0.824671745300293,
19,735,0,0.3014070391654968,
19,736,0,0.7423746585845947,
19,737,0,0.7510138154029846,
19,738,0,0.8165579438209534,
19,739,0,0.6109633445739746,
19,740,0,0.27944910526275635,
19,741,0,0.6866254806518555,
19,742,0,0.8238512277603149,
19,743,0,0.8465313911437988,
19,744,0,0.7550250887870789,
19,745,0,0.25723540782928467,
19,746,0,0.7190086841583252,
19,747,0,0.7942258715629578,
19,748,0,0.7280959486961365,
19,749,0,0.8138336539268494,
19,750,0,0.81565260887146,
19,751,0,0.8143070340156555,
19,752,0,0.7039949297904968,
19,753,0,0.44295960664749146,
19,754,0,0.6570216417312622,
19,755,0,0.8380051851272583,
19,756,0,0.8247519731521606,
19,757,0,0.8390886783599854,
19,758,0,0.5988812446594238,
19,759,0,0.04958552122116089,
19,760,0,0.43082594871520996,
19,761,0,0.744135320186615,
19,762,0,0.77804034948349,
19,763,0,0.30988192558288574,
19,764,0,0.2920462489128113,
19,765,0,0.800254762172699,
19,766,0,0.16200882196426392,
19,767,0,0.7478182315826416,
19,768,0,0.8274815082550049,
19,769,0,0.18637138605117798,
19,770,0,0.7201830148696899,
19,771,0,0.6151705980300903,
19,772,0,0.7950740456581116,
19,773,0,0.18846279382705688,
19,774,0,0.830557644367218,
19,775,0,0.7987038493156433,
19,776,0,0.24692487716674805,
19,777,0,0.7537038922309875,
19,778,0,0.3999674916267395,
19,779,0,0.8361778259277344,
19,780,0,0.7561842799186707,
19,781,0,0.829436182975769,
19,782,0,0.3677573800086975,
19,783,0,0.8075299859046936,
19,784,0,0.37818437814712524,
19,785,0,0.04309070110321045,
19,786,0,0.45945340394973755,
19,787,0,0.23216712474822998,
19,788,0,0.7713173031806946,
19,789,0,0.2693873643875122,
19,790,0,0.7095805406570435,
19,791,0,0.44662463665008545,
19,792,0,0.3294118642807007,
19,793,0,0.7998242974281311,
19,794,0,0.8344888091087341,
19,795,0,0.25109684467315674,
19,796,0,0.8284578323364258,
19,797,0,0.05954462289810181,
19,798,0,0.4259350299835205,
19,799,0,0.8269937038421631,
19,val,,,0.5835579693317413
20,0,0,0.37452495098114014,
20,1,0,0.8156362771987915,
20,2,0,0.5589463710784912,
20,3,0,0.7322548627853394,
20,4,0,0.3704952001571655,
20,5,0,0.7623744606971741,
20,6,0,0.15377336740493774,
20,7,0,0.4444392919540405,
20,8,0,0.21882301568984985,
20,9,0,0.8138102889060974,
20,10,0,0.06334227323532104,
20,11,0,0.7565866112709045,
20,12,0,0.8311501145362854,
20,13,0,0.824370801448822,
20,14,0,0.7399102449417114,
20,15,0,0.8150760531425476,
20,16,0,0.500839352607727,
20,17,0,0.3530977964401245,
20,18,0,0.7932600975036621,
20,19,0,0.8007836937904358,
20,20,0,0.7381072044372559,
20,21,0,0.45997190475463867,
20,22,0,0.25131112337112427,
20,23,0,0.6802430152893066,
20,24,0,0.8238797187805176,
20,25,0,0.7194591164588928,
20,26,0,0.8373942971229553,
20,27,0,0.3598865866661072,
20,28,0,0.2578696012496948,
20,29,0,0.4499863386154175,
20,30,0,0.8330899477005005,
20,31,0,0.7365729808807373,
20,32,0,0.4223705530166626,
20,33,0,0.7425235509872437,
20,34,0,0.7551023960113525,
20,35,0,0.2579830288887024,
20,36,0,0.4019811749458313,
20,37,0,0.8256549835205078,
20,38,0,0.176913321018219,
20,39,0,0.8414662480354309,
20,40,0,0.14774423837661743,
20,41,0,0.6126217842102051,
20,42,0,0.4561110734939575,
20,43,0,0.0406988263130188,
20,44,0,0.7440961599349976,
20,45,0,0.4375392198562622,
20,46,0,0.04892688989639282,
20,47,0,0.04533576965332031,
20,48,0,0.8300975561141968,
20,49,0,0.29191070795059204,
20,50,0,0.8359221816062927,
20,51,0,0.33303093910217285,
20,52,0,0.3830316662788391,
20,53,0,0.048552513122558594,
20,54,0,0.8470064401626587,
20,55,0,0.43421030044555664,
20,56,0,0.7778742909431458,
20,57,0,0.4818843603134155,
20,58,0,0.8299506902694702,
20,59,0,0.33576393127441406,
20,60,0,0.4075222611427307,
20,61,0,0.5804571509361267,
20,62,0,0.8193260431289673,
20,63,0,0.24986129999160767,
20,64,0,0.24309438467025757,
20,65,0,0.6481307148933411,
20,66,0,0.6991069316864014,
20,67,0,0.382968008518219,
20,68,0,0.812085747718811,
20,69,0,0.3904781937599182,
20,70,0,0.4565417170524597,
20,71,0,0.5977799892425537,
20,72,0,0.6618106365203857,
20,73,0,0.7878237366676331,
20,74,0,0.8141462206840515,
20,75,0,0.5693790912628174,
20,76,0,0.804154634475708,
20,77,0,0.649323582649231,
20,78,0,0.14599692821502686,
20,79,0,0.7880417108535767,
20,80,0,0.4414480924606323,
20,81,0,0.8054728507995605,
20,82,0,0.042162418365478516,
20,83,0,0.7475407123565674,
20,84,0,0.8236184120178223,
20,85,0,0.4947285056114197,
20,86,0,0.7683135271072388,
20,87,0,0.5595382452011108,
20,88,0,0.8139653205871582,
20,89,0,0.4433686137199402,
20,90,0,0.7310380935668945,
20,91,0,0.8079482316970825,
20,92,0,0.8435348272323608,
20,93,0,0.81486976146698,
20,94,0,0.4488096833229065,
20,95,0,0.7743197679519653,
20,96,0,0.2584748864173889,
20,97,0,0.8371757864952087,
20,98,0,0.5866926908493042,
20,99,0,0.7947851419448853,
20,100,0,0.7275311946868896,
20,101,0,0.6546398401260376,
20,102,0,0.750542163848877,
20,103,0,0.7242053747177124,
20,104,0,0.8328042030334473,
20,105,0,0.3062744736671448,
20,106,0,0.7768008708953857,
20,107,0,0.8205588459968567,
20,108,0,0.6083328723907471,
20,109,0,0.8182944655418396,
20,110,0,0.7938216924667358,
20,111,0,0.8112103939056396,
20,112,0,0.8365506529808044,
20,113,0,0.3977004885673523,
20,114,0,0.2436375617980957,
20,115,0,0.7777903079986572,
20,116,0,0.8126911520957947,
20,117,0,0.35173940658569336,
20,118,0,0.815523087978363,
20,119,0,0.3148094415664673,
20,120,0,0.8204711675643921,
20,121,0,0.8395346403121948,
20,122,0,0.7240864038467407,
20,123,0,0.06591087579727173,
20,124,0,0.4025602340698242,
20,125,0,0.7481632232666016,
20,126,0,0.7720054984092712,
20,127,0,0.821769654750824,
20,128,0,0.739993691444397,
20,129,0,0.8358983993530273,
20,130,0,0.6339117288589478,
20,131,0,0.7753791809082031,
20,132,0,0.6711783409118652,
20,133,0,0.2271709442138672,
20,134,0,0.4107401371002197,
20,135,0,0.4705198407173157,
20,136,0,0.053974032402038574,
20,137,0,0.12016963958740234,
20,138,0,0.24077779054641724,
20,139,0,0.46020638942718506,
20,140,0,0.7884962558746338,
20,141,0,0.7139040231704712,
20,142,0,0.7716202735900879,
20,143,0,0.7685931921005249,
20,144,0,0.817643404006958,
20,145,0,0.18760472536087036,
20,146,0,0.681414008140564,
20,147,0,0.218936026096344,
20,148,0,0.7678012847900391,
20,149,0,0.7794290781021118,
20,150,0,0.8016592860221863,
20,151,0,0.7719637751579285,
20,152,0,0.7196163535118103,
20,153,0,0.8214353919029236,
20,154,0,0.8299435377120972,
20,155,0,0.7050602436065674,
20,156,0,0.049498915672302246,
20,157,0,0.6146043539047241,
20,158,0,0.7700652480125427,
20,159,0,0.8023463487625122,
20,160,0,0.3211568593978882,
20,161,0,0.059259772300720215,
20,162,0,0.8416476845741272,
20,163,0,0.26180440187454224,
20,164,0,0.34400588274002075,
20,165,0,0.7201175093650818,
20,166,0,0.23449885845184326,
20,167,0,0.7959221005439758,
20,168,0,0.8454442024230957,
20,169,0,0.1310957670211792,
20,170,0,0.6958070993423462,
20,171,0,0.7424566149711609,
20,172,0,0.7369229793548584,
20,173,0,0.6287615895271301,
20,174,0,0.7506488561630249,
20,175,0,0.38932037353515625,
20,176,0,0.7635281085968018,
20,177,0,0.2639732360839844,
20,178,0,0.8334323763847351,
20,179,0,0.2999879717826843,
20,180,0,0.7890028953552246,
20,181,0,0.7939682006835938,
20,182,0,0.31286245584487915,
20,183,0,0.1595783829689026,
20,184,0,0.7777711153030396,
20,185,0,0.7394839525222778,
20,186,0,0.26085788011550903,
20,187,0,0.6585153937339783,
20,188,0,0.658990740776062,
20,189,0,0.24775582551956177,
20,190,0,0.06134527921676636,
20,191,0,0.4287527799606323,
20,192,0,0.7487976551055908,
20,193,0,0.7320425510406494,
20,194,0,0.7306391000747681,
20,195,0,0.8505632877349854,
20,196,0,0.7181220054626465,
20,197,0,0.18280011415481567,
20,198,0,0.8019788861274719,
20,199,0,0.23337948322296143,
20,200,0,0.6829835176467896,
20,201,0,0.04881018400192261,
20,202,0,0.2528156042098999,
20,203,0,0.8331002593040466,
20,204,0,0.2880706191062927,
20,205,0,0.21377533674240112,
20,206,0,0.30385738611221313,
20,207,0,0.1349969506263733,
20,208,0,0.4577546715736389,
20,209,0,0.7762958407402039,
20,210,0,0.2729927897453308,
20,211,0,0.8215223550796509,
20,212,0,0.4149981141090393,
20,213,0,0.7919530868530273,
20,214,0,0.8383039832115173,
20,215,0,0.7840598225593567,
20,216,0,0.4362013339996338,
20,217,0,0.8273583650588989,
20,218,0,0.8019281029701233,
20,219,0,0.7301813364028931,
20,220,0,0.23980927467346191,
20,221,0,0.7380145788192749,
20,222,0,0.2814536690711975,
20,223,0,0.4581485390663147,
20,224,0,0.7358982563018799,
20,225,0,0.2719952464103699,
20,226,0,0.787834107875824,
20,227,0,0.1593305468559265,
20,228,0,0.6221458911895752,
20,229,0,0.40057873725891113,
20,230,0,0.41503000259399414,
20,231,0,0.7523250579833984,
20,232,0,0.8523399829864502,
20,233,0,0.8441048264503479,
20,234,0,0.8151313066482544,
20,235,0,0.0426366925239563,
20,236,0,0.4073677659034729,
20,237,0,0.8257917165756226,
20,238,0,0.450239360332489,
20,239,0,0.3571528196334839,
20,240,0,0.8168203830718994,
20,241,0,0.7682146430015564,
20,242,0,0.8226861357688904,
20,243,0,0.42075490951538086,
20,244,0,0.27630025148391724,
20,245,0,0.050931334495544434,
20,246,0,0.36603784561157227,
20,247,0,0.8343837261199951,
20,248,0,0.4257332682609558,
20,249,0,0.8140304684638977,
20,250,0,0.11304587125778198,
20,251,0,0.8446520566940308,
20,252,0,0.7640946507453918,
20,253,0,0.7448710203170776,
20,254,0,0.036979854106903076,
20,255,0,0.7475364208221436,
20,256,0,0.529677152633667,
20,257,0,0.8471500873565674,
20,258,0,0.7813854217529297,
20,259,0,0.8339543342590332,
20,260,0,0.4985981583595276,
20,261,0,0.7398407459259033,
20,262,0,0.7867729663848877,
20,263,0,0.721142053604126,
20,264,0,0.2700979709625244,
20,265,0,0.7815870642662048,
20,266,0,0.8049693703651428,
20,267,0,0.8380261659622192,
20,268,0,0.3055882453918457,
20,269,0,0.43160349130630493,
20,270,0,0.56770920753479,
20,271,0,0.8042172193527222,
20,272,0,0.35676896572113037,
20,273,0,0.8407543301582336,
20,274,0,0.8020685911178589,
20,275,0,0.14739066362380981,
20,276,0,0.8109390139579773,
20,277,0,0.06285029649734497,
20,278,0,0.49476760625839233,
20,279,0,0.7331187725067139,
20,280,0,0.7697434425354004,
20,281,0,0.7885211706161499,
20,282,0,0.7433581352233887,
20,283,0,0.7524983286857605,
20,284,0,0.8266095519065857,
20,285,0,0.7731754183769226,
20,286,0,0.621127188205719,
20,287,0,0.7244279384613037,
20,288,0,0.7567718029022217,
20,289,0,0.5027384757995605,
20,290,0,0.8257513046264648,
20,291,0,0.04740560054779053,
20,292,0,0.3642316460609436,
20,293,0,0.8444119691848755,
20,294,0,0.8369993567466736,
20,295,0,0.792833685874939,
20,296,0,0.46059781312942505,
20,297,0,0.04785442352294922,
20,298,0,0.8492221832275391,
20,299,0,0.8080819249153137,
20,300,0,0.37662625312805176,
20,301,0,0.3880355954170227,
20,302,0,0.8392377495765686,
20,303,0,0.5822421908378601,
20,304,0,0.8398162722587585,
20,305,0,0.4530788064002991,
20,306,0,0.2077990174293518,
20,307,0,0.8318279385566711,
20,308,0,0.8410874605178833,
20,309,0,0.17034530639648438,
20,310,0,0.8155267834663391,
20,311,0,0.373119592666626,
20,312,0,0.8225855231285095,
20,313,0,0.8134443759918213,
20,314,0,0.3678168058395386,
20,315,0,0.7105484008789062,
20,316,0,0.8351132869720459,
20,317,0,0.5874344706535339,
20,318,0,0.3053392767906189,
20,319,0,0.29041820764541626,
20,320,0,0.7401481866836548,
20,321,0,0.7710149884223938,
20,322,0,0.774001955986023,
20,323,0,0.2747601270675659,
20,324,0,0.8423924446105957,
20,325,0,0.7868667840957642,
20,326,0,0.8048957586288452,
20,327,0,0.7278458476066589,
20,328,0,0.672791600227356,
20,329,0,0.764925479888916,
20,330,0,0.3303740620613098,
20,331,0,0.29084092378616333,
20,332,0,0.7806412577629089,
20,333,0,0.22891074419021606,
20,334,0,0.7577512264251709,
20,335,0,0.3432813882827759,
20,336,0,0.8294677138328552,
20,337,0,0.42597633600234985,
20,338,0,0.6220930814743042,
20,339,0,0.7921427488327026,
20,340,0,0.8385757207870483,
20,341,0,0.05454617738723755,
20,342,0,0.731080174446106,
20,343,0,0.5958248972892761,
20,344,0,0.8147504329681396,
20,345,0,0.8268226385116577,
20,346,0,0.21671831607818604,
20,347,0,0.15381580591201782,
20,348,0,0.748993992805481,
20,349,0,0.7893233299255371,
20,350,0,0.7179780006408691,
20,351,0,0.7692592144012451,
20,352,0,0.8210283517837524,
20,353,0,0.8191291689872742,
20,354,0,0.6307996511459351,
20,355,0,0.1527746319770813,
20,356,0,0.7856824398040771,
20,357,0,0.6638610363006592,
20,358,0,0.19059467315673828,
20,359,0,0.7774437069892883,
20,360,0,0.7773581147193909,
20,361,0,0.8412829637527466,
20,362,0,0.23332464694976807,
20,363,0,0.286213219165802,
20,364,0,0.7486776113510132,
20,365,0,0.7943410873413086,
20,366,0,0.7829409837722778,
20,367,0,0.8311178684234619,
20,368,0,0.7727046012878418,
20,369,0,0.8070765137672424,
20,370,0,0.6056678295135498,
20,371,0,0.6269205808639526,
20,372,0,0.815472424030304,
20,373,0,0.783588171005249,
20,374,0,0.3878200650215149,
20,375,0,0.6769382953643799,
20,376,0,0.7016934752464294,
20,377,0,0.31035977602005005,
20,378,0,0.3833429217338562,
20,379,0,0.7927994728088379,
20,380,0,0.3091498017311096,
20,381,0,0.2889924645423889,
20,382,0,0.2861192226409912,
20,383,0,0.8389317989349365,
20,384,0,0.30702048540115356,
20,385,0,0.2927442789077759,
20,386,0,0.21713733673095703,
20,387,0,0.40906602144241333,
20,388,0,0.054872870445251465,
20,389,0,0.7801253199577332,
20,390,0,0.7526425123214722,
20,391,0,0.613261878490448,
20,392,0,0.6705745458602905,
20,393,0,0.29310816526412964,
20,394,0,0.44502168893814087,
20,395,0,0.809451699256897,
20,396,0,0.14421498775482178,
20,397,0,0.16944223642349243,
20,398,0,0.7980630993843079,
20,399,0,0.2577613592147827,
20,400,0,0.6434628963470459,
20,401,0,0.7472548484802246,
20,402,0,0.8317266702651978,
20,403,0,0.8017915487289429,
20,404,0,0.284990131855011,
20,405,0,0.061172306537628174,
20,406,0,0.7489376068115234,
20,407,0,0.8395921587944031,
20,408,0,0.7289988398551941,
20,409,0,0.7042893171310425,
20,410,0,0.834517240524292,
20,411,0,0.28552085161209106,
20,412,0,0.7378100156784058,
20,413,0,0.06471496820449829,
20,414,0,0.7779010534286499,
20,415,0,0.6294890642166138,
20,416,0,0.8277786374092102,
20,417,0,0.050959885120391846,
20,418,0,0.48297256231307983,
20,419,0,0.4286995530128479,
20,420,0,0.2285425066947937,
20,421,0,0.23651278018951416,
20,422,0,0.774531364440918,
20,423,0,0.8358359336853027,
20,424,0,0.7771238684654236,
20,425,0,0.8110637664794922,
20,426,0,0.8101171255111694,
20,427,0,0.8078131675720215,
20,428,0,0.4376066327095032,
20,429,0,0.8121521472930908,
20,430,0,0.2429019808769226,
20,431,0,0.7869304418563843,
20,432,0,0.670174241065979,
20,433,0,0.8157132863998413,
20,434,0,0.8268096446990967,
20,435,0,0.8133137226104736,
20,436,0,0.5985559225082397,
20,437,0,0.049095988273620605,
20,438,0,0.6397210359573364,
20,439,0,0.208276629447937,
20,440,0,0.8467187285423279,
20,441,0,0.7722311019897461,
20,442,0,0.8228342533111572,
20,443,0,0.8115010261535645,
20,444,0,0.7526804208755493,
20,445,0,0.8241105079650879,
20,446,0,0.6331995725631714,
20,447,0,0.2721453309059143,
20,448,0,0.04997652769088745,
20,449,0,0.7980973720550537,
20,450,0,0.7722314596176147,
20,451,0,0.2346821427345276,
20,452,0,0.773948073387146,
20,453,0,0.27109605073928833,
20,454,0,0.4027642607688904,
20,455,0,0.5537492036819458,
20,456,0,0.7132974863052368,
20,457,0,0.6568292379379272,
20,458,0,0.5052722692489624,
20,459,0,0.7641882300376892,
20,460,0,0.8165088295936584,
20,461,0,0.4326053857803345,
20,462,0,0.8032530546188354,
20,463,0,0.1381235122680664,
20,464,0,0.5845412611961365,
20,465,0,0.7400538921356201,
20,466,0,0.04264545440673828,
20,467,0,0.8133459687232971,
20,468,0,0.6238998174667358,
20,469,0,0.7832657098770142,
20,470,0,0.3040747046470642,
20,471,0,0.048141539096832275,
20,472,0,0.837860107421875,
20,473,0,0.8333736062049866,
20,474,0,0.047712624073028564,
20,475,0,0.828037679195404,
20,476,0,0.4346480369567871,
20,477,0,0.7840766906738281,
20,478,0,0.4724624752998352,
20,479,0,0.4629793167114258,
20,480,0,0.6587488651275635,
20,481,0,0.15592288970947266,
20,482,0,0.7402734756469727,
20,483,0,0.8346166610717773,
20,484,0,0.8295580744743347,
20,485,0,0.40461981296539307,
20,486,0,0.712354302406311,
20,487,0,0.29247140884399414,
20,488,0,0.6340019106864929,
20,489,0,0.8317399621009827,
20,490,0,0.7581822872161865,
20,491,0,0.8222530484199524,
20,492,0,0.6273319721221924,
20,493,0,0.739859938621521,
20,494,0,0.05789679288864136,
20,495,0,0.33534693717956543,
20,496,0,0.25931239128112793,
20,497,0,0.771896481513977,
20,498,0,0.4217156171798706,
20,499,0,0.840728759765625,
20,500,0,0.7320177555084229,
20,501,0,0.7584964036941528,
20,502,0,0.829567551612854,
20,503,0,0.19204598665237427,
20,504,0,0.7374041676521301,
20,505,0,0.42571473121643066,
20,506,0,0.7500735521316528,
20,507,0,0.2556297779083252,
20,508,0,0.8407630920410156,
20,509,0,0.8375504612922668,
20,510,0,0.7849166989326477,
20,511,0,0.7547083497047424,
20,512,0,0.2324686050415039,
20,513,0,0.7223924994468689,
20,514,0,0.8071237206459045,
20,515,0,0.7922568321228027,
20,516,0,0.7408234477043152,
20,517,0,0.34582483768463135,
20,518,0,0.20598632097244263,
20,519,0,0.2521691918373108,
20,520,0,0.7871274948120117,
20,521,0,0.7572595477104187,
20,522,0,0.30783385038375854,
20,523,0,0.853105902671814,
20,524,0,0.7305822372436523,
20,525,0,0.050003230571746826,
20,526,0,0.27782684564590454,
20,527,0,0.8343000411987305,
20,528,0,0.04858165979385376,
20,529,0,0.7489188313484192,
20,530,0,0.7185727953910828,
20,531,0,0.8403856754302979,
20,532,0,0.7985398769378662,
20,533,0,0.7952098250389099,
20,534,0,0.37133991718292236,
20,535,0,0.7481791973114014,
20,536,0,0.7869499325752258,
20,537,0,0.25328952074050903,
20,538,0,0.8252037763595581,
20,539,0,0.73113614320755,
20,540,0,0.7723896503448486,
20,541,0,0.38605791330337524,
20,542,0,0.2948616147041321,
20,543,0,0.8412383794784546,
20,544,0,0.05486428737640381,
20,545,0,0.37283819913864136,
20,546,0,0.4204176068305969,
20,547,0,0.058161914348602295,
20,548,0,0.7723156213760376,
20,549,0,0.2901729345321655,
20,550,0,0.8336494565010071,
20,551,0,0.8442848920822144,
20,552,0,0.7198472023010254,
20,553,0,0.41661709547042847,
20,554,0,0.6505153179168701,
20,555,0,0.23069381713867188,
20,556,0,0.7737003564834595,
20,557,0,0.7743871212005615,
20,558,0,0.3508778214454651,
20,559,0,0.6384696960449219,
20,560,0,0.7894477844238281,
20,561,0,0.7812067270278931,
20,562,0,0.15907812118530273,
20,563,0,0.7786967754364014,
20,564,0,0.45364779233932495,
20,565,0,0.30521994829177856,
20,566,0,0.34477221965789795,
20,567,0,0.8387277722358704,
20,568,0,0.1963900327682495,
20,569,0,0.8202766180038452,
20,570,0,0.6009844541549683,
20,571,0,0.5767802596092224,
20,572,0,0.2794221043586731,
20,573,0,0.7798950672149658,
20,574,0,0.29797619581222534,
20,575,0,0.2576479911804199,
20,576,0,0.7201522588729858,
20,577,0,0.2540677785873413,
20,578,0,0.270801305770874,
20,579,0,0.7811771035194397,
20,580,0,0.24759018421173096,
20,581,0,0.362579882144928,
20,582,0,0.7512345910072327,
20,583,0,0.7639651894569397,
20,584,0,0.42739635705947876,
20,585,0,0.8078976273536682,
20,586,0,0.8308090567588806,
20,587,0,0.5744181871414185,
20,588,0,0.20286738872528076,
20,589,0,0.6340103149414062,
20,590,0,0.8241899609565735,
20,591,0,0.2334485650062561,
20,592,0,0.8139446973800659,
20,593,0,0.8212143182754517,
20,594,0,0.8170846700668335,
20,595,0,0.7240737676620483,
20,596,0,0.41428422927856445,
20,597,0,0.1475973129272461,
20,598,0,0.297596275806427,
20,599,0,0.3010697364807129,
20,600,0,0.6472649574279785,
20,601,0,0.37719494104385376,
20,602,0,0.17259806394577026,
20,603,0,0.285680890083313,
20,604,0,0.7344940304756165,
20,605,0,0.8017340898513794,
20,606,0,0.2746037244796753,
20,607,0,0.6494247913360596,
20,608,0,0.6385208368301392,
20,609,0,0.8345350623130798,
20,610,0,0.8339254260063171,
20,611,0,0.8472426533699036,
20,612,0,0.6582648754119873,
20,613,0,0.660830020904541,
20,614,0,0.8273124098777771,
20,615,0,0.37000930309295654,
20,616,0,0.7826915979385376,
20,617,0,0.2563108205795288,
20,618,0,0.15538012981414795,
20,619,0,0.3516230583190918,
20,620,0,0.8372704982757568,
20,621,0,0.405184805393219,
20,622,0,0.7020702362060547,
20,623,0,0.42098045349121094,
20,624,0,0.2847604751586914,
20,625,0,0.8462947607040405,
20,626,0,0.8148266673088074,
20,627,0,0.8165525197982788,
20,628,0,0.8453866243362427,
20,629,0,0.4609835743904114,
20,630,0,0.06036233901977539,
20,631,0,0.16588515043258667,
20,632,0,0.8123021125793457,
20,633,0,0.6201703548431396,
20,634,0,0.7584580779075623,
20,635,0,0.47153306007385254,
20,636,0,0.8095691204071045,
20,637,0,0.707931399345398,
20,638,0,0.7671465873718262,
20,639,0,0.7544837594032288,
20,640,0,0.13308608531951904,
20,641,0,0.75295090675354,
20,642,0,0.7751487493515015,
20,643,0,0.40151727199554443,
20,644,0,0.38000744581222534,
20,645,0,0.7361299395561218,
20,646,0,0.8118234276771545,
20,647,0,0.7678731679916382,
20,648,0,0.8074917197227478,
20,649,0,0.04450470209121704,
20,650,0,0.7582712173461914,
20,651,0,0.41710901260375977,
20,652,0,0.579006552696228,
20,653,0,0.5659534335136414,
20,654,0,0.7539462447166443,
20,655,0,0.2269986867904663,
20,656,0,0.23013097047805786,
20,657,0,0.3384162187576294,
20,658,0,0.6534048318862915,
20,659,0,0.047618091106414795,
20,660,0,0.8548162579536438,
20,661,0,0.6721305847167969,
20,662,0,0.8127220869064331,
20,663,0,0.7221008539199829,
20,664,0,0.8416322469711304,
20,665,0,0.4058920741081238,
20,666,0,0.05581188201904297,
20,667,0,0.8206164836883545,
20,668,0,0.2767694592475891,
20,669,0,0.43897849321365356,
20,670,0,0.36218976974487305,
20,671,0,0.7559186816215515,
20,672,0,0.15467900037765503,
20,673,0,0.2582535743713379,
20,674,0,0.40334880352020264,
20,675,0,0.7631725668907166,
20,676,0,0.13942307233810425,
20,677,0,0.5912947654724121,
20,678,0,0.7716524600982666,
20,679,0,0.8083812594413757,
20,680,0,0.05671769380569458,
20,681,0,0.7679740190505981,
20,682,0,0.28206944465637207,
20,683,0,0.3231920599937439,
20,684,0,0.7515923380851746,
20,685,0,0.8134967088699341,
20,686,0,0.7222073078155518,
20,687,0,0.6050623655319214,
20,688,0,0.2575540542602539,
20,689,0,0.754798412322998,
20,690,0,0.8308128714561462,
20,691,0,0.15119951963424683,
20,692,0,0.3348827362060547,
20,693,0,0.7006087899208069,
20,694,0,0.7564670443534851,
20,695,0,0.7461292743682861,
20,696,0,0.17481297254562378,
20,697,0,0.7434790134429932,
20,698,0,0.840146541595459,
20,699,0,0.4308331608772278,
20,700,0,0.24791181087493896,
20,701,0,0.8360432386398315,
20,702,0,0.785412073135376,
20,703,0,0.7608023881912231,
20,704,0,0.13615930080413818,
20,705,0,0.05335122346878052,
20,706,0,0.8395256400108337,
20,707,0,0.8088172674179077,
20,708,0,0.838218092918396,
20,709,0,0.7450414299964905,
20,710,0,0.3890414834022522,
20,711,0,0.3303866982460022,
20,712,0,0.2506145238876343,
20,713,0,0.4005127549171448,
20,714,0,0.8284866213798523,
20,715,0,0.4168274998664856,
20,716,0,0.7556828260421753,
20,717,0,0.6472079753875732,
20,718,0,0.8164775967597961,
20,719,0,0.8258795738220215,
20,720,0,0.7937959432601929,
20,721,0,0.7767212986946106,
20,722,0,0.6888266205787659,
20,723,0,0.16033285856246948,
20,724,0,0.6139404773712158,
20,725,0,0.1863294243812561,
20,726,0,0.8274580240249634,
20,727,0,0.8069222569465637,
20,728,0,0.182478129863739,
20,729,0,0.4301784634590149,
20,730,0,0.3302789330482483,
20,731,0,0.8243010640144348,
20,732,0,0.8106725215911865,
20,733,0,0.37945181131362915,
20,734,0,0.822314441204071,
20,735,0,0.3028262257575989,
20,736,0,0.7415132522583008,
20,737,0,0.7392593622207642,
20,738,0,0.8195418119430542,
20,739,0,0.6075873374938965,
20,740,0,0.27889519929885864,
20,741,0,0.6864480972290039,
20,742,0,0.8235090970993042,
20,743,0,0.8434600830078125,
20,744,0,0.7528537511825562,
20,745,0,0.2511482834815979,
20,746,0,0.7240973711013794,
20,747,0,0.7774921655654907,
20,748,0,0.7245814204216003,
20,749,0,0.8231360912322998,
20,750,0,0.8149093389511108,
20,751,0,0.8232779502868652,
20,752,0,0.6951407194137573,
20,753,0,0.436275839805603,
20,754,0,0.6358546614646912,
20,755,0,0.8400574326515198,
20,756,0,0.8279005289077759,
20,757,0,0.8368991613388062,
20,758,0,0.6065201759338379,
20,759,0,0.049225807189941406,
20,760,0,0.4271482229232788,
20,761,0,0.7402719259262085,
20,762,0,0.7760937809944153,
20,763,0,0.30451518297195435,
20,764,0,0.2889356017112732,
20,765,0,0.8015843629837036,
20,766,0,0.16047430038452148,
20,767,0,0.746178150177002,
20,768,0,0.8279032707214355,
20,769,0,0.1852523684501648,
20,770,0,0.7153611183166504,
20,771,0,0.6103671789169312,
20,772,0,0.7997490167617798,
20,773,0,0.19130665063858032,
20,774,0,0.8376758694648743,
20,775,0,0.7876153588294983,
20,776,0,0.24083250761032104,
20,777,0,0.7467707395553589,
20,778,0,0.3963540196418762,
20,779,0,0.8358746767044067,
20,780,0,0.7609997987747192,
20,781,0,0.8294640779495239,
20,782,0,0.36410218477249146,
20,783,0,0.8084692358970642,
20,784,0,0.3830742835998535,
20,785,0,0.04469233751296997,
20,786,0,0.4568125605583191,
20,787,0,0.2327771782875061,
20,788,0,0.7639769315719604,
20,789,0,0.2744450569152832,
20,790,0,0.696840763092041,
20,791,0,0.4427333474159241,
20,792,0,0.3251867890357971,
20,793,0,0.797791600227356,
20,794,0,0.8334091901779175,
20,795,0,0.257504403591156,
20,796,0,0.8272137641906738,
20,797,0,0.058930933475494385,
20,798,0,0.4174104928970337,
20,799,0,0.825795590877533,
20,val,,,0.5829087418317794
21,0,0,0.3741336464881897,
21,1,0,0.814794659614563,
21,2,0,0.5490583181381226,
21,3,0,0.7223958373069763,
21,4,0,0.3638586401939392,
21,5,0,0.7615031003952026,
21,6,0,0.15607088804244995,
21,7,0,0.4447072148323059,
21,8,0,0.21947914361953735,
21,9,0,0.8127514719963074,
21,10,0,0.062349021434783936,
21,11,0,0.7561483979225159,
21,12,0,0.831055223941803,
21,13,0,0.8253395557403564,
21,14,0,0.7461556196212769,
21,15,0,0.8141669631004333,
21,16,0,0.49564480781555176,
21,17,0,0.3462597727775574,
21,18,0,0.7937126755714417,
21,19,0,0.808501660823822,
21,20,0,0.7391923666000366,
21,21,0,0.46292954683303833,
21,22,0,0.24952799081802368,
21,23,0,0.6805398464202881,
21,24,0,0.8211610317230225,
21,25,0,0.7200167179107666,
21,26,0,0.8362908363342285,
21,27,0,0.35762232542037964,
21,28,0,0.25826627016067505,
21,29,0,0.4424801468849182,
21,30,0,0.8298672437667847,
21,31,0,0.7345879673957825,
21,32,0,0.41939181089401245,
21,33,0,0.7422119975090027,
21,34,0,0.7454472780227661,
21,35,0,0.256384015083313,
21,36,0,0.39671075344085693,
21,37,0,0.8238816261291504,
21,38,0,0.17863035202026367,
21,39,0,0.8380576372146606,
21,40,0,0.15018481016159058,
21,41,0,0.6092678904533386,
21,42,0,0.4513722062110901,
21,43,0,0.040905535221099854,
21,44,0,0.7427451610565186,
21,45,0,0.4342878460884094,
21,46,0,0.0481642484664917,
21,47,0,0.042419612407684326,
21,48,0,0.8297730684280396,
21,49,0,0.29140764474868774,
21,50,0,0.8348048329353333,
21,51,0,0.32747381925582886,
21,52,0,0.37435537576675415,
21,53,0,0.04694730043411255,
21,54,0,0.8445703983306885,
21,55,0,0.43158549070358276,
21,56,0,0.7753461003303528,
21,57,0,0.4804649353027344,
21,58,0,0.8295757174491882,
21,59,0,0.3348756432533264,
21,60,0,0.40507417917251587,
21,61,0,0.5800235271453857,
21,62,0,0.8197249174118042,
21,63,0,0.2462139129638672,
21,64,0,0.23880594968795776,
21,65,0,0.6506521105766296,
21,66,0,0.7005516290664673,
21,67,0,0.38227546215057373,
21,68,0,0.8186428546905518,
21,69,0,0.389365553855896,
21,70,0,0.4766969680786133,
21,71,0,0.5939706563949585,
21,72,0,0.6648725271224976,
21,73,0,0.786472499370575,
21,74,0,0.8136240243911743,
21,75,0,0.5630950927734375,
21,76,0,0.8036516308784485,
21,77,0,0.6426175832748413,
21,78,0,0.14573895931243896,
21,79,0,0.7756236791610718,
21,80,0,0.44776391983032227,
21,81,0,0.8067179918289185,
21,82,0,0.04631859064102173,
21,83,0,0.7419556379318237,
21,84,0,0.8155307769775391,
21,85,0,0.4871369004249573,
21,86,0,0.7483277320861816,
21,87,0,0.5518136024475098,
21,88,0,0.8119950294494629,
21,89,0,0.4339345693588257,
21,90,0,0.72975754737854,
21,91,0,0.8101447820663452,
21,92,0,0.8448033928871155,
21,93,0,0.8140639066696167,
21,94,0,0.44843387603759766,
21,95,0,0.7547755241394043,
21,96,0,0.25630128383636475,
21,97,0,0.8359155654907227,
21,98,0,0.5741993188858032,
21,99,0,0.784833550453186,
21,100,0,0.7294887900352478,
21,101,0,0.6508693695068359,
21,102,0,0.744953989982605,
21,103,0,0.7170755863189697,
21,104,0,0.83054518699646,
21,105,0,0.3106992840766907,
21,106,0,0.7758197784423828,
21,107,0,0.8179473876953125,
21,108,0,0.6063646674156189,
21,109,0,0.8189394474029541,
21,110,0,0.7810616493225098,
21,111,0,0.811654269695282,
21,112,0,0.8358039259910583,
21,113,0,0.39941608905792236,
21,114,0,0.23780208826065063,
21,115,0,0.7808399200439453,
21,116,0,0.816196084022522,
21,117,0,0.3496599793434143,
21,118,0,0.810485303401947,
21,119,0,0.31134945154190063,
21,120,0,0.8195656538009644,
21,121,0,0.8391328454017639,
21,122,0,0.7267329692840576,
21,123,0,0.06651020050048828,
21,124,0,0.4022557735443115,
21,125,0,0.7533022165298462,
21,126,0,0.7553530931472778,
21,127,0,0.8232631683349609,
21,128,0,0.746557354927063,
21,129,0,0.8387152552604675,
21,130,0,0.6331528425216675,
21,131,0,0.7617914080619812,
21,132,0,0.6747113466262817,
21,133,0,0.22734707593917847,
21,134,0,0.40266019105911255,
21,135,0,0.4673221707344055,
21,136,0,0.05447155237197876,
21,137,0,0.12129312753677368,
21,138,0,0.24127572774887085,
21,139,0,0.45545440912246704,
21,140,0,0.7761031985282898,
21,141,0,0.7089501619338989,
21,142,0,0.7643958330154419,
21,143,0,0.7657686471939087,
21,144,0,0.8129873871803284,
21,145,0,0.18684566020965576,
21,146,0,0.6768128275871277,
21,147,0,0.22139114141464233,
21,148,0,0.7626633048057556,
21,149,0,0.7818127870559692,
21,150,0,0.8039904236793518,
21,151,0,0.7724205255508423,
21,152,0,0.7247588038444519,
21,153,0,0.8219500184059143,
21,154,0,0.8294328451156616,
21,155,0,0.7079395055770874,
21,156,0,0.05111187696456909,
21,157,0,0.6052627563476562,
21,158,0,0.7722800374031067,
21,159,0,0.8042590618133545,
21,160,0,0.3314982056617737,
21,161,0,0.06100672483444214,
21,162,0,0.8398644328117371,
21,163,0,0.25452858209609985,
21,164,0,0.3324510455131531,
21,165,0,0.7191911935806274,
21,166,0,0.23900288343429565,
21,167,0,0.7930147051811218,
21,168,0,0.8429408073425293,
21,169,0,0.13087254762649536,
21,170,0,0.6869754791259766,
21,171,0,0.7404636144638062,
21,172,0,0.7364698052406311,
21,173,0,0.6235542297363281,
21,174,0,0.7496634721755981,
21,175,0,0.3879048824310303,
21,176,0,0.7642215490341187,
21,177,0,0.26487302780151367,
21,178,0,0.8317278027534485,
21,179,0,0.29853612184524536,
21,180,0,0.7854326963424683,
21,181,0,0.7951890230178833,
21,182,0,0.3141118884086609,
21,183,0,0.15554791688919067,
21,184,0,0.7713624835014343,
21,185,0,0.7394572496414185,
21,186,0,0.26695239543914795,
21,187,0,0.6543426513671875,
21,188,0,0.654314398765564,
21,189,0,0.2453668713569641,
21,190,0,0.06265068054199219,
21,191,0,0.42583948373794556,
21,192,0,0.7545857429504395,
21,193,0,0.7317941188812256,
21,194,0,0.7296527624130249,
21,195,0,0.8448590040206909,
21,196,0,0.714678168296814,
21,197,0,0.17724323272705078,
21,198,0,0.7951313853263855,
21,199,0,0.2327594757080078,
21,200,0,0.6711291074752808,
21,201,0,0.04635876417160034,
21,202,0,0.25170010328292847,
21,203,0,0.8318800926208496,
21,204,0,0.28622013330459595,
21,205,0,0.22062283754348755,
21,206,0,0.3023131489753723,
21,207,0,0.13753610849380493,
21,208,0,0.45463377237319946,
21,209,0,0.7759073972702026,
21,210,0,0.26804208755493164,
21,211,0,0.821997880935669,
21,212,0,0.42127710580825806,
21,213,0,0.7871233224868774,
21,214,0,0.8363101482391357,
21,215,0,0.7830096483230591,
21,216,0,0.4324612617492676,
21,217,0,0.8259070515632629,
21,218,0,0.7981977462768555,
21,219,0,0.7243919372558594,
21,220,0,0.23939579725265503,
21,221,0,0.7356554269790649,
21,222,0,0.2858573794364929,
21,223,0,0.4626213312149048,
21,224,0,0.7356380224227905,
21,225,0,0.2711701989173889,
21,226,0,0.7902331352233887,
21,227,0,0.15942150354385376,
21,228,0,0.6173544526100159,
21,229,0,0.3994011878967285,
21,230,0,0.40528416633605957,
21,231,0,0.7533531188964844,
21,232,0,0.854216992855072,
21,233,0,0.8449212908744812,
21,234,0,0.818085789680481,
21,235,0,0.04461193084716797,
21,236,0,0.4084368348121643,
21,237,0,0.8260868787765503,
21,238,0,0.45307451486587524,
21,239,0,0.3682727813720703,
21,240,0,0.8180928826332092,
21,241,0,0.7522274255752563,
21,242,0,0.822272777557373,
21,243,0,0.41880661249160767,
21,244,0,0.27119266986846924,
21,245,0,0.05093228816986084,
21,246,0,0.3785519003868103,
21,247,0,0.8350571393966675,
21,248,0,0.42634159326553345,
21,249,0,0.8153795003890991,
21,250,0,0.10727089643478394,
21,251,0,0.8430646061897278,
21,252,0,0.7642441391944885,
21,253,0,0.7428985834121704,
21,254,0,0.03653526306152344,
21,255,0,0.7463761568069458,
21,256,0,0.5264936685562134,
21,257,0,0.8448525667190552,
21,258,0,0.7783457040786743,
21,259,0,0.8379831314086914,
21,260,0,0.4963693618774414,
21,261,0,0.7412323951721191,
21,262,0,0.7815456986427307,
21,263,0,0.7219687104225159,
21,264,0,0.268375039100647,
21,265,0,0.7693653106689453,
21,266,0,0.8111218214035034,
21,267,0,0.8359166979789734,
21,268,0,0.2965061664581299,
21,269,0,0.433205246925354,
21,270,0,0.5649477243423462,
21,271,0,0.8104479312896729,
21,272,0,0.34473276138305664,
21,273,0,0.8388310074806213,
21,274,0,0.8107067346572876,
21,275,0,0.14755874872207642,
21,276,0,0.8103668689727783,
21,277,0,0.060424625873565674,
21,278,0,0.4938359260559082,
21,279,0,0.7354309558868408,
21,280,0,0.7664982080459595,
21,281,0,0.78812575340271,
21,282,0,0.7422963380813599,
21,283,0,0.7505658864974976,
21,284,0,0.8266640901565552,
21,285,0,0.7659156918525696,
21,286,0,0.6190483570098877,
21,287,0,0.7228573560714722,
21,288,0,0.7449638843536377,
21,289,0,0.5005589723587036,
21,290,0,0.8275829553604126,
21,291,0,0.046140968799591064,
21,292,0,0.3576766848564148,
21,293,0,0.8420974612236023,
21,294,0,0.8352265954017639,
21,295,0,0.7812381982803345,
21,296,0,0.45820146799087524,
21,297,0,0.049051105976104736,
21,298,0,0.8470281362533569,
21,299,0,0.8075830936431885,
21,300,0,0.3764212727546692,
21,301,0,0.39107733964920044,
21,302,0,0.8377471566200256,
21,303,0,0.5876890420913696,
21,304,0,0.8381091356277466,
21,305,0,0.45381319522857666,
21,306,0,0.2071886658668518,
21,307,0,0.8308264017105103,
21,308,0,0.8406206369400024,
21,309,0,0.1720225214958191,
21,310,0,0.8152786493301392,
21,311,0,0.37333399057388306,
21,312,0,0.821617841720581,
21,313,0,0.8122531175613403,
21,314,0,0.37020033597946167,
21,315,0,0.7059906721115112,
21,316,0,0.8321308493614197,
21,317,0,0.5913823843002319,
21,318,0,0.3059918284416199,
21,319,0,0.28855007886886597,
21,320,0,0.7397181391716003,
21,321,0,0.7651944160461426,
21,322,0,0.7732728123664856,
21,323,0,0.2751542329788208,
21,324,0,0.8440462350845337,
21,325,0,0.7907683253288269,
21,326,0,0.8059237599372864,
21,327,0,0.7280024290084839,
21,328,0,0.6666854619979858,
21,329,0,0.7661359310150146,
21,330,0,0.33015698194503784,
21,331,0,0.2899971008300781,
21,332,0,0.7527762651443481,
21,333,0,0.23064565658569336,
21,334,0,0.7466130256652832,
21,335,0,0.33480435609817505,
21,336,0,0.829511284828186,
21,337,0,0.41720712184906006,
21,338,0,0.6149278879165649,
21,339,0,0.7926906943321228,
21,340,0,0.8373826146125793,
21,341,0,0.05331474542617798,
21,342,0,0.7255247831344604,
21,343,0,0.5914090871810913,
21,344,0,0.8065317869186401,
21,345,0,0.8229020833969116,
21,346,0,0.21647506952285767,
21,347,0,0.15403670072555542,
21,348,0,0.7467131614685059,
21,349,0,0.7853153347969055,
21,350,0,0.7036888599395752,
21,351,0,0.7689815163612366,
21,352,0,0.8218010663986206,
21,353,0,0.8186048269271851,
21,354,0,0.6279098987579346,
21,355,0,0.153423011302948,
21,356,0,0.772684633731842,
21,357,0,0.6647948026657104,
21,358,0,0.19015651941299438,
21,359,0,0.778959333896637,
21,360,0,0.7757507562637329,
21,361,0,0.8409058451652527,
21,362,0,0.2312043309211731,
21,363,0,0.2850841283798218,
21,364,0,0.7482978105545044,
21,365,0,0.7845107316970825,
21,366,0,0.7714126706123352,
21,367,0,0.831627368927002,
21,368,0,0.7713720798492432,
21,369,0,0.8059724569320679,
21,370,0,0.6019434928894043,
21,371,0,0.6083747148513794,
21,372,0,0.8186187744140625,
21,373,0,0.7817979454994202,
21,374,0,0.3858639597892761,
21,375,0,0.6677917242050171,
21,376,0,0.6906869411468506,
21,377,0,0.3081086277961731,
21,378,0,0.3784525394439697,
21,379,0,0.7914491295814514,
21,380,0,0.30527955293655396,
21,381,0,0.29422110319137573,
21,382,0,0.27866220474243164,
21,383,0,0.8386703729629517,
21,384,0,0.3050203323364258,
21,385,0,0.28677898645401,
21,386,0,0.2136203646659851,
21,387,0,0.4008979797363281,
21,388,0,0.0561867356300354,
21,389,0,0.7783836126327515,
21,390,0,0.7522221803665161,
21,391,0,0.6089502573013306,
21,392,0,0.662163496017456,
21,393,0,0.2892778515815735,
21,394,0,0.444205641746521,
21,395,0,0.7960129976272583,
21,396,0,0.14414578676223755,
21,397,0,0.16450387239456177,
21,398,0,0.7883635759353638,
21,399,0,0.25589442253112793,
21,400,0,0.6363257169723511,
21,401,0,0.734878420829773,
21,402,0,0.8342968225479126,
21,403,0,0.8011824488639832,
21,404,0,0.29250937700271606,
21,405,0,0.06135213375091553,
21,406,0,0.7372089624404907,
21,407,0,0.8427236080169678,
21,408,0,0.7182608842849731,
21,409,0,0.7125601768493652,
21,410,0,0.8352614641189575,
21,411,0,0.28189706802368164,
21,412,0,0.7210835218429565,
21,413,0,0.06324988603591919,
21,414,0,0.7720789909362793,
21,415,0,0.618121325969696,
21,416,0,0.8220227360725403,
21,417,0,0.054139018058776855,
21,418,0,0.47408783435821533,
21,419,0,0.42072999477386475,
21,420,0,0.22909051179885864,
21,421,0,0.23849272727966309,
21,422,0,0.7562454342842102,
21,423,0,0.8291573524475098,
21,424,0,0.7745864987373352,
21,425,0,0.8079950213432312,
21,426,0,0.8101361393928528,
21,427,0,0.8072183728218079,
21,428,0,0.43241196870803833,
21,429,0,0.8135927319526672,
21,430,0,0.24273395538330078,
21,431,0,0.7891165018081665,
21,432,0,0.6630756855010986,
21,433,0,0.8207197785377502,
21,434,0,0.8279163837432861,
21,435,0,0.8139951825141907,
21,436,0,0.5910639762878418,
21,437,0,0.0488133430480957,
21,438,0,0.6379203796386719,
21,439,0,0.20979547500610352,
21,440,0,0.8469527959823608,
21,441,0,0.7729244232177734,
21,442,0,0.8218398690223694,
21,443,0,0.811873733997345,
21,444,0,0.7521501779556274,
21,445,0,0.8234102129936218,
21,446,0,0.6288450956344604,
21,447,0,0.27845484018325806,
21,448,0,0.049893200397491455,
21,449,0,0.7976722717285156,
21,450,0,0.7756338715553284,
21,451,0,0.23171794414520264,
21,452,0,0.7682424187660217,
21,453,0,0.26713019609451294,
21,454,0,0.402523398399353,
21,455,0,0.5546364188194275,
21,456,0,0.7233762145042419,
21,457,0,0.6545334458351135,
21,458,0,0.5050369501113892,
21,459,0,0.750141978263855,
21,460,0,0.8157733678817749,
21,461,0,0.4284313917160034,
21,462,0,0.8028985261917114,
21,463,0,0.13827741146087646,
21,464,0,0.5907061100006104,
21,465,0,0.7403640747070312,
21,466,0,0.04471796751022339,
21,467,0,0.8059443235397339,
21,468,0,0.6243821382522583,
21,469,0,0.7854471206665039,
21,470,0,0.29731154441833496,
21,471,0,0.04813915491104126,
21,472,0,0.8379715085029602,
21,473,0,0.8336692452430725,
21,474,0,0.04705524444580078,
21,475,0,0.8251404166221619,
21,476,0,0.4334721565246582,
21,477,0,0.7857248783111572,
21,478,0,0.4706524610519409,
21,479,0,0.46109646558761597,
21,480,0,0.6519923210144043,
21,481,0,0.15391594171524048,
21,482,0,0.731132984161377,
21,483,0,0.8331349492073059,
21,484,0,0.8296656012535095,
21,485,0,0.4034123420715332,
21,486,0,0.709174633026123,
21,487,0,0.2949843406677246,
21,488,0,0.6160828471183777,
21,489,0,0.8325476050376892,
21,490,0,0.7592033743858337,
21,491,0,0.8225250244140625,
21,492,0,0.6203526258468628,
21,493,0,0.7378801107406616,
21,494,0,0.05929297208786011,
21,495,0,0.3325313329696655,
21,496,0,0.2574477791786194,
21,497,0,0.7727121710777283,
21,498,0,0.42342185974121094,
21,499,0,0.8378231525421143,
21,500,0,0.7241154909133911,
21,501,0,0.7660883665084839,
21,502,0,0.82982337474823,
21,503,0,0.19369953870773315,
21,504,0,0.7401740550994873,
21,505,0,0.4158805012702942,
21,506,0,0.7481533288955688,
21,507,0,0.25594085454940796,
21,508,0,0.8385869264602661,
21,509,0,0.8372357487678528,
21,510,0,0.7775812745094299,
21,511,0,0.7519014477729797,
21,512,0,0.23132216930389404,
21,513,0,0.7220852375030518,
21,514,0,0.8060774207115173,
21,515,0,0.7960810661315918,
21,516,0,0.740502655506134,
21,517,0,0.3459867835044861,
21,518,0,0.2158324122428894,
21,519,0,0.24947798252105713,
21,520,0,0.7825418710708618,
21,521,0,0.7443249821662903,
21,522,0,0.3098587989807129,
21,523,0,0.8520634770393372,
21,524,0,0.7310950756072998,
21,525,0,0.05132770538330078,
21,526,0,0.30021989345550537,
21,527,0,0.8337025046348572,
21,528,0,0.050166308879852295,
21,529,0,0.7424883246421814,
21,530,0,0.7107034921646118,
21,531,0,0.8417866230010986,
21,532,0,0.8014251589775085,
21,533,0,0.7960079312324524,
21,534,0,0.3708701729774475,
21,535,0,0.7331510782241821,
21,536,0,0.7890579104423523,
21,537,0,0.25309526920318604,
21,538,0,0.8243648409843445,
21,539,0,0.7159470319747925,
21,540,0,0.7892150282859802,
21,541,0,0.3785651922225952,
21,542,0,0.29228895902633667,
21,543,0,0.8414425849914551,
21,544,0,0.05538749694824219,
21,545,0,0.37398993968963623,
21,546,0,0.4151321053504944,
21,547,0,0.05750751495361328,
21,548,0,0.772053062915802,
21,549,0,0.281480610370636,
21,550,0,0.8338823914527893,
21,551,0,0.8437347412109375,
21,552,0,0.7213487029075623,
21,553,0,0.4145126938819885,
21,554,0,0.6502573490142822,
21,555,0,0.2310827374458313,
21,556,0,0.7717350125312805,
21,557,0,0.7546576857566833,
21,558,0,0.34641677141189575,
21,559,0,0.6324198842048645,
21,560,0,0.7830784320831299,
21,561,0,0.7659727334976196,
21,562,0,0.15677261352539062,
21,563,0,0.7880869507789612,
21,564,0,0.4481012225151062,
21,565,0,0.29913169145584106,
21,566,0,0.3439270853996277,
21,567,0,0.8406976461410522,
21,568,0,0.19165104627609253,
21,569,0,0.8335768580436707,
21,570,0,0.6105719208717346,
21,571,0,0.5874678492546082,
21,572,0,0.2782742381095886,
21,573,0,0.7662628293037415,
21,574,0,0.29390424489974976,
21,575,0,0.2539713382720947,
21,576,0,0.7065807580947876,
21,577,0,0.2573853135108948,
21,578,0,0.2697221040725708,
21,579,0,0.781733512878418,
21,580,0,0.24606192111968994,
21,581,0,0.364004909992218,
21,582,0,0.7450516223907471,
21,583,0,0.7691997289657593,
21,584,0,0.4295646548271179,
21,585,0,0.8164499998092651,
21,586,0,0.829458475112915,
21,587,0,0.5791632533073425,
21,588,0,0.20522046089172363,
21,589,0,0.6495522260665894,
21,590,0,0.8250410556793213,
21,591,0,0.2396877408027649,
21,592,0,0.8123106360435486,
21,593,0,0.8242946863174438,
21,594,0,0.8157018423080444,
21,595,0,0.725714921951294,
21,596,0,0.4148831367492676,
21,597,0,0.14867419004440308,
21,598,0,0.30222219228744507,
21,599,0,0.29580914974212646,
21,600,0,0.6392078399658203,
21,601,0,0.3771060109138489,
21,602,0,0.1776387095451355,
21,603,0,0.2889382243156433,
21,604,0,0.7364785671234131,
21,605,0,0.7814555168151855,
21,606,0,0.27942973375320435,
21,607,0,0.6480808854103088,
21,608,0,0.6317083835601807,
21,609,0,0.8362913131713867,
21,610,0,0.8334925174713135,
21,611,0,0.8472180366516113,
21,612,0,0.6488523483276367,
21,613,0,0.6462646722793579,
21,614,0,0.8290470838546753,
21,615,0,0.37089139223098755,
21,616,0,0.7771027684211731,
21,617,0,0.2536611557006836,
21,618,0,0.15771520137786865,
21,619,0,0.3479323983192444,
21,620,0,0.8360465168952942,
21,621,0,0.40316683053970337,
21,622,0,0.6982810497283936,
21,623,0,0.4101112484931946,
21,624,0,0.2858131527900696,
21,625,0,0.844475507736206,
21,626,0,0.815892219543457,
21,627,0,0.8143408298492432,
21,628,0,0.8435707092285156,
21,629,0,0.45700347423553467,
21,630,0,0.05866897106170654,
21,631,0,0.16733598709106445,
21,632,0,0.810746431350708,
21,633,0,0.627663254737854,
21,634,0,0.7535086274147034,
21,635,0,0.4623371958732605,
21,636,0,0.8081387281417847,
21,637,0,0.7052463293075562,
21,638,0,0.7477724552154541,
21,639,0,0.7524417638778687,
21,640,0,0.13414478302001953,
21,641,0,0.7473311424255371,
21,642,0,0.7737494111061096,
21,643,0,0.3932071328163147,
21,644,0,0.3739904761314392,
21,645,0,0.7115039825439453,
21,646,0,0.8134788870811462,
21,647,0,0.7694157361984253,
21,648,0,0.8087745904922485,
21,649,0,0.044669508934020996,
21,650,0,0.7581021785736084,
21,651,0,0.4056714177131653,
21,652,0,0.5726357698440552,
21,653,0,0.5593917369842529,
21,654,0,0.7553696632385254,
21,655,0,0.22692805528640747,
21,656,0,0.2281407117843628,
21,657,0,0.3419862389564514,
21,658,0,0.6446418762207031,
21,659,0,0.047621726989746094,
21,660,0,0.8569704294204712,
21,661,0,0.6672555208206177,
21,662,0,0.8107280731201172,
21,663,0,0.7201635241508484,
21,664,0,0.8385735154151917,
21,665,0,0.40530312061309814,
21,666,0,0.05416995286941528,
21,667,0,0.8156701326370239,
21,668,0,0.2746461033821106,
21,669,0,0.4408501982688904,
21,670,0,0.35867154598236084,
21,671,0,0.7550913095474243,
21,672,0,0.15399569272994995,
21,673,0,0.2587716579437256,
21,674,0,0.40413373708724976,
21,675,0,0.7619080543518066,
21,676,0,0.13835018873214722,
21,677,0,0.5924900770187378,
21,678,0,0.7415077686309814,
21,679,0,0.8028808832168579,
21,680,0,0.06035834550857544,
21,681,0,0.7504238486289978,
21,682,0,0.28486132621765137,
21,683,0,0.3215671181678772,
21,684,0,0.7426239252090454,
21,685,0,0.8139611482620239,
21,686,0,0.7236443758010864,
21,687,0,0.6037434339523315,
21,688,0,0.2576313018798828,
21,689,0,0.7457009553909302,
21,690,0,0.8349924683570862,
21,691,0,0.1537235975265503,
21,692,0,0.332841694355011,
21,693,0,0.7001669406890869,
21,694,0,0.7592594027519226,
21,695,0,0.7510672211647034,
21,696,0,0.17844533920288086,
21,697,0,0.739456832408905,
21,698,0,0.8349294662475586,
21,699,0,0.42630791664123535,
21,700,0,0.2477283477783203,
21,701,0,0.8296971917152405,
21,702,0,0.7851091623306274,
21,703,0,0.7523876428604126,
21,704,0,0.13811320066452026,
21,705,0,0.052819788455963135,
21,706,0,0.8457154035568237,
21,707,0,0.8133364319801331,
21,708,0,0.8389541506767273,
21,709,0,0.7555938959121704,
21,710,0,0.39145636558532715,
21,711,0,0.32804083824157715,
21,712,0,0.25492531061172485,
21,713,0,0.395865261554718,
21,714,0,0.8282164335250854,
21,715,0,0.4184306859970093,
21,716,0,0.7556567788124084,
21,717,0,0.6499975919723511,
21,718,0,0.8109897971153259,
21,719,0,0.8246515393257141,
21,720,0,0.7913252115249634,
21,721,0,0.7844123840332031,
21,722,0,0.679807186126709,
21,723,0,0.16201913356781006,
21,724,0,0.6065744161605835,
21,725,0,0.18822813034057617,
21,726,0,0.823037326335907,
21,727,0,0.8070105910301208,
21,728,0,0.18006592988967896,
21,729,0,0.4277500510215759,
21,730,0,0.34964829683303833,
21,731,0,0.8235751390457153,
21,732,0,0.8054801225662231,
21,733,0,0.3811302185058594,
21,734,0,0.8195545673370361,
21,735,0,0.2985718250274658,
21,736,0,0.7415722608566284,
21,737,0,0.7359863519668579,
21,738,0,0.8196783065795898,
21,739,0,0.6134818196296692,
21,740,0,0.27896422147750854,
21,741,0,0.6841142177581787,
21,742,0,0.8229570984840393,
21,743,0,0.8430317044258118,
21,744,0,0.7516272068023682,
21,745,0,0.25386863946914673,
21,746,0,0.7217051982879639,
21,747,0,0.7682516574859619,
21,748,0,0.720069169998169,
21,749,0,0.8240866661071777,
21,750,0,0.8002667427062988,
21,751,0,0.8255952596664429,
21,752,0,0.6775728464126587,
21,753,0,0.43532055616378784,
21,754,0,0.6221062541007996,
21,755,0,0.84072345495224,
21,756,0,0.8264286518096924,
21,757,0,0.8361648917198181,
21,758,0,0.5898486375808716,
21,759,0,0.04929405450820923,
21,760,0,0.42694127559661865,
21,761,0,0.743071436882019,
21,762,0,0.775718092918396,
21,763,0,0.3043346405029297,
21,764,0,0.29116570949554443,
21,765,0,0.8023941516876221,
21,766,0,0.1606435775756836,
21,767,0,0.7468230724334717,
21,768,0,0.8278316259384155,
21,769,0,0.1860976219177246,
21,770,0,0.7078700065612793,
21,771,0,0.5902004241943359,
21,772,0,0.7990553975105286,
21,773,0,0.19034439325332642,
21,774,0,0.8290532827377319,
21,775,0,0.7873937487602234,
21,776,0,0.23673516511917114,
21,777,0,0.7417862415313721,
21,778,0,0.40000343322753906,
21,779,0,0.836302638053894,
21,780,0,0.7586576342582703,
21,781,0,0.8318110108375549,
21,782,0,0.358273446559906,
21,783,0,0.8075948357582092,
21,784,0,0.3728935122489929,
21,785,0,0.04428231716156006,
21,786,0,0.454262912273407,
21,787,0,0.239787757396698,
21,788,0,0.7625954151153564,
21,789,0,0.2716827392578125,
21,790,0,0.6947321891784668,
21,791,0,0.4371420741081238,
21,792,0,0.32801175117492676,
21,793,0,0.7934942245483398,
21,794,0,0.8339838981628418,
21,795,0,0.2551155686378479,
21,796,0,0.8261940479278564,
21,797,0,0.058812499046325684,
21,798,0,0.41754746437072754,
21,799,0,0.825752854347229,
21,val,,,0.583502699136734
22,0,0,0.368713915348053,
22,1,0,0.8136833906173706,
22,2,0,0.5516893863677979,
22,3,0,0.7068051099777222,
22,4,0,0.36859071254730225,
22,5,0,0.7601072192192078,
22,6,0,0.15809398889541626,
22,7,0,0.44278937578201294,
22,8,0,0.21330153942108154,
22,9,0,0.8137964606285095,
22,10,0,0.06265008449554443,
22,11,0,0.7573533058166504,
22,12,0,0.8307536840438843,
22,13,0,0.8244320750236511,
22,14,0,0.7416262626647949,
22,15,0,0.8134016394615173,
22,16,0,0.49592524766921997,
22,17,0,0.3321693539619446,
22,18,0,0.7889365553855896,
22,19,0,0.8011510372161865,
22,20,0,0.7382346391677856,
22,21,0,0.463098406791687,
22,22,0,0.2544127106666565,
22,23,0,0.6776103377342224,
22,24,0,0.8217191696166992,
22,25,0,0.7184962034225464,
22,26,0,0.835839569568634,
22,27,0,0.35926544666290283,
22,28,0,0.2539265751838684,
22,29,0,0.4413244128227234,
22,30,0,0.8321419954299927,
22,31,0,0.7358537316322327,
22,32,0,0.4178937077522278,
22,33,0,0.7442716956138611,
22,34,0,0.7397333383560181,
22,35,0,0.2537264823913574,
22,36,0,0.3943638801574707,
22,37,0,0.8231291770935059,
22,38,0,0.17758691310882568,
22,39,0,0.8394696116447449,
22,40,0,0.14675694704055786,
22,41,0,0.6058741807937622,
22,42,0,0.45103132724761963,
22,43,0,0.040300726890563965,
22,44,0,0.7414262890815735,
22,45,0,0.4341796040534973,
22,46,0,0.047668635845184326,
22,47,0,0.042061030864715576,
22,48,0,0.8300408124923706,
22,49,0,0.2900407910346985,
22,50,0,0.8331904411315918,
22,51,0,0.33326470851898193,
22,52,0,0.36879122257232666,
22,53,0,0.047811031341552734,
22,54,0,0.8446851372718811,
22,55,0,0.4305614233016968,
22,56,0,0.771571695804596,
22,57,0,0.48026788234710693,
22,58,0,0.828234851360321,
22,59,0,0.32967859506607056,
22,60,0,0.4079936146736145,
22,61,0,0.5776587724685669,
22,62,0,0.8193434476852417,
22,63,0,0.24677026271820068,
22,64,0,0.24123501777648926,
22,65,0,0.645302951335907,
22,66,0,0.7035598754882812,
22,67,0,0.3798678517341614,
22,68,0,0.8162130117416382,
22,69,0,0.38307493925094604,
22,70,0,0.4580121636390686,
22,71,0,0.5935903787612915,
22,72,0,0.663388729095459,
22,73,0,0.7920003533363342,
22,74,0,0.8126989006996155,
22,75,0,0.5616883039474487,
22,76,0,0.8047117590904236,
22,77,0,0.649459958076477,
22,78,0,0.1486753225326538,
22,79,0,0.770240068435669,
22,80,0,0.44271016120910645,
22,81,0,0.8068971037864685,
22,82,0,0.043668925762176514,
22,83,0,0.7216376066207886,
22,84,0,0.8146276473999023,
22,85,0,0.49376803636550903,
22,86,0,0.7556937336921692,
22,87,0,0.5662047266960144,
22,88,0,0.8103163242340088,
22,89,0,0.4213722348213196,
22,90,0,0.7308763861656189,
22,91,0,0.8076998591423035,
22,92,0,0.8450829386711121,
22,93,0,0.8150165677070618,
22,94,0,0.4409329891204834,
22,95,0,0.7429095506668091,
22,96,0,0.26054149866104126,
22,97,0,0.8367204666137695,
22,98,0,0.5765408277511597,
22,99,0,0.79792320728302,
22,100,0,0.7313231229782104,
22,101,0,0.6491522192955017,
22,102,0,0.7277088165283203,
22,103,0,0.7078611850738525,
22,104,0,0.8289529085159302,
22,105,0,0.3123942017555237,
22,106,0,0.7669289708137512,
22,107,0,0.8169274926185608,
22,108,0,0.5975097417831421,
22,109,0,0.8174425363540649,
22,110,0,0.7759870886802673,
22,111,0,0.8123897910118103,
22,112,0,0.8355542421340942,
22,113,0,0.38753998279571533,
22,114,0,0.23616570234298706,
22,115,0,0.781920313835144,
22,116,0,0.813403844833374,
22,117,0,0.3475515842437744,
22,118,0,0.8127037286758423,
22,119,0,0.3114972710609436,
22,120,0,0.8192635178565979,
22,121,0,0.8389825820922852,
22,122,0,0.7223735451698303,
22,123,0,0.06525945663452148,
22,124,0,0.40021151304244995,
22,125,0,0.7550234198570251,
22,126,0,0.7554587721824646,
22,127,0,0.8226367235183716,
22,128,0,0.7235994338989258,
22,129,0,0.8374700546264648,
22,130,0,0.6235455274581909,
22,131,0,0.7638240456581116,
22,132,0,0.6677066087722778,
22,133,0,0.22537624835968018,
22,134,0,0.3993530869483948,
22,135,0,0.4672640562057495,
22,136,0,0.054982006549835205,
22,137,0,0.12015706300735474,
22,138,0,0.24114006757736206,
22,139,0,0.44943326711654663,
22,140,0,0.7707618474960327,
22,141,0,0.6936520338058472,
22,142,0,0.7605282068252563,
22,143,0,0.7675588130950928,
22,144,0,0.8127081394195557,
22,145,0,0.18079298734664917,
22,146,0,0.6743789911270142,
22,147,0,0.21768802404403687,
22,148,0,0.7618248462677002,
22,149,0,0.7790719270706177,
22,150,0,0.800911545753479,
22,151,0,0.7700973749160767,
22,152,0,0.7207273244857788,
22,153,0,0.8208379149436951,
22,154,0,0.8305993676185608,
22,155,0,0.703973650932312,
22,156,0,0.04799211025238037,
22,157,0,0.6149015426635742,
22,158,0,0.7686406970024109,
22,159,0,0.810474157333374,
22,160,0,0.32041317224502563,
22,161,0,0.05764371156692505,
22,162,0,0.8403401374816895,
22,163,0,0.25930124521255493,
22,164,0,0.33426231145858765,
22,165,0,0.7181141972541809,
22,166,0,0.23444253206253052,
22,167,0,0.7881001234054565,
22,168,0,0.8393997550010681,
22,169,0,0.13256102800369263,
22,170,0,0.6692502498626709,
22,171,0,0.7467399835586548,
22,172,0,0.7403973340988159,
22,173,0,0.6318339109420776,
22,174,0,0.7522971630096436,
22,175,0,0.3937678933143616,
22,176,0,0.764288604259491,
22,177,0,0.26467156410217285,
22,178,0,0.8312073945999146,
22,179,0,0.2919210195541382,
22,180,0,0.7788761854171753,
22,181,0,0.7982083559036255,
22,182,0,0.31455278396606445,
22,183,0,0.15717846155166626,
22,184,0,0.7736362218856812,
22,185,0,0.7427138090133667,
22,186,0,0.2570211887359619,
22,187,0,0.6549413204193115,
22,188,0,0.6422278881072998,
22,189,0,0.24604958295822144,
22,190,0,0.061355650424957275,
22,191,0,0.4257476329803467,
22,192,0,0.7422937154769897,
22,193,0,0.7283254861831665,
22,194,0,0.7257602214813232,
22,195,0,0.8319875001907349,
22,196,0,0.7116184830665588,
22,197,0,0.1753004789352417,
22,198,0,0.7969248294830322,
22,199,0,0.23161178827285767,
22,200,0,0.6692522168159485,
22,201,0,0.0464940071105957,
22,202,0,0.25305861234664917,
22,203,0,0.8330146670341492,
22,204,0,0.28510773181915283,
22,205,0,0.21005851030349731,
22,206,0,0.30417245626449585,
22,207,0,0.13813990354537964,
22,208,0,0.4611349105834961,
22,209,0,0.7780086398124695,
22,210,0,0.27265769243240356,
22,211,0,0.8212525248527527,
22,212,0,0.41773730516433716,
22,213,0,0.794039249420166,
22,214,0,0.8359817266464233,
22,215,0,0.7761161923408508,
22,216,0,0.43174129724502563,
22,217,0,0.82447350025177,
22,218,0,0.7912036180496216,
22,219,0,0.7251400947570801,
22,220,0,0.24018651247024536,
22,221,0,0.7397374510765076,
22,222,0,0.280426025390625,
22,223,0,0.45477038621902466,
22,224,0,0.7258049249649048,
22,225,0,0.26923322677612305,
22,226,0,0.7876433730125427,
22,227,0,0.15995043516159058,
22,228,0,0.6040775775909424,
22,229,0,0.39442873001098633,
22,230,0,0.40875881910324097,
22,231,0,0.7436621189117432,
22,232,0,0.8533449172973633,
22,233,0,0.8441485166549683,
22,234,0,0.8149774670600891,
22,235,0,0.04282456636428833,
22,236,0,0.4055781364440918,
22,237,0,0.8236443996429443,
22,238,0,0.45445913076400757,
22,239,0,0.36008840799331665,
22,240,0,0.8179998993873596,
22,241,0,0.752906084060669,
22,242,0,0.8219460248947144,
22,243,0,0.41906481981277466,
22,244,0,0.2772529721260071,
22,245,0,0.05105358362197876,
22,246,0,0.3671293258666992,
22,247,0,0.8341432213783264,
22,248,0,0.4270162582397461,
22,249,0,0.8108956217765808,
22,250,0,0.11099499464035034,
22,251,0,0.8418713808059692,
22,252,0,0.7713974714279175,
22,253,0,0.735754132270813,
22,254,0,0.03523147106170654,
22,255,0,0.7448052763938904,
22,256,0,0.5290023684501648,
22,257,0,0.8439015746116638,
22,258,0,0.7689263820648193,
22,259,0,0.8369112610816956,
22,260,0,0.4939205050468445,
22,261,0,0.7390913963317871,
22,262,0,0.7789466977119446,
22,263,0,0.7189420461654663,
22,264,0,0.2648863196372986,
22,265,0,0.7607637643814087,
22,266,0,0.8255050778388977,
22,267,0,0.8352380394935608,
22,268,0,0.2992768883705139,
22,269,0,0.4345564842224121,
22,270,0,0.5676796436309814,
22,271,0,0.8035277128219604,
22,272,0,0.3418387770652771,
22,273,0,0.8370344042778015,
22,274,0,0.80768883228302,
22,275,0,0.14957529306411743,
22,276,0,0.8103398084640503,
22,277,0,0.06077843904495239,
22,278,0,0.4926629066467285,
22,279,0,0.7354804873466492,
22,280,0,0.7683951258659363,
22,281,0,0.7886706590652466,
22,282,0,0.743340790271759,
22,283,0,0.751264750957489,
22,284,0,0.8293977975845337,
22,285,0,0.7553541660308838,
22,286,0,0.6163008809089661,
22,287,0,0.7227622866630554,
22,288,0,0.7419794797897339,
22,289,0,0.5059487819671631,
22,290,0,0.8256087899208069,
22,291,0,0.046892523765563965,
22,292,0,0.352600634098053,
22,293,0,0.8408392667770386,
22,294,0,0.8352600932121277,
22,295,0,0.7809603810310364,
22,296,0,0.45328134298324585,
22,297,0,0.04916810989379883,
22,298,0,0.8459818959236145,
22,299,0,0.8072997331619263,
22,300,0,0.3664098381996155,
22,301,0,0.39033371210098267,
22,302,0,0.8367941379547119,
22,303,0,0.5823431015014648,
22,304,0,0.8386217951774597,
22,305,0,0.44916534423828125,
22,306,0,0.20989447832107544,
22,307,0,0.8309006690979004,
22,308,0,0.840181827545166,
22,309,0,0.1706981658935547,
22,310,0,0.8141728043556213,
22,311,0,0.37087804079055786,
22,312,0,0.82071852684021,
22,313,0,0.8111509680747986,
22,314,0,0.3552358150482178,
22,315,0,0.6946982741355896,
22,316,0,0.8321890234947205,
22,317,0,0.5883819460868835,
22,318,0,0.30463796854019165,
22,319,0,0.2851964831352234,
22,320,0,0.7405045032501221,
22,321,0,0.7476285696029663,
22,322,0,0.7557654976844788,
22,323,0,0.2748146653175354,
22,324,0,0.8409334421157837,
22,325,0,0.7859845161437988,
22,326,0,0.8047998547554016,
22,327,0,0.7274758815765381,
22,328,0,0.6563190221786499,
22,329,0,0.7645182609558105,
22,330,0,0.3238622546195984,
22,331,0,0.28639596700668335,
22,332,0,0.7466013431549072,
22,333,0,0.22881543636322021,
22,334,0,0.7439501285552979,
22,335,0,0.3363075852394104,
22,336,0,0.8302032947540283,
22,337,0,0.4162060618400574,
22,338,0,0.6100010871887207,
22,339,0,0.7851510643959045,
22,340,0,0.8358423709869385,
22,341,0,0.05253922939300537,
22,342,0,0.7328156232833862,
22,343,0,0.5957562923431396,
22,344,0,0.8011971116065979,
22,345,0,0.8221774697303772,
22,346,0,0.2170664668083191,
22,347,0,0.1574893593788147,
22,348,0,0.7472811937332153,
22,349,0,0.7850799560546875,
22,350,0,0.7062305212020874,
22,351,0,0.7685742378234863,
22,352,0,0.8216837048530579,
22,353,0,0.8201992511749268,
22,354,0,0.632205605506897,
22,355,0,0.1518356204032898,
22,356,0,0.7719457149505615,
22,357,0,0.6625899076461792,
22,358,0,0.18701273202896118,
22,359,0,0.7828689217567444,
22,360,0,0.7674366235733032,
22,361,0,0.8414441347122192,
22,362,0,0.23054999113082886,
22,363,0,0.2851408123970032,
22,364,0,0.749624490737915,
22,365,0,0.7729529142379761,
22,366,0,0.7716860175132751,
22,367,0,0.8300074338912964,
22,368,0,0.7657285928726196,
22,369,0,0.8067100644111633,
22,370,0,0.602621853351593,
22,371,0,0.6144832968711853,
22,372,0,0.8144587874412537,
22,373,0,0.7807443737983704,
22,374,0,0.38378000259399414,
22,375,0,0.6675775051116943,
22,376,0,0.6918757557868958,
22,377,0,0.3058273196220398,
22,378,0,0.37422478199005127,
22,379,0,0.7796599268913269,
22,380,0,0.3086150288581848,
22,381,0,0.29191118478775024,
22,382,0,0.28092390298843384,
22,383,0,0.8392074704170227,
22,384,0,0.3039860725402832,
22,385,0,0.28930604457855225,
22,386,0,0.21195262670516968,
22,387,0,0.39919859170913696,
22,388,0,0.05328369140625,
22,389,0,0.7789146304130554,
22,390,0,0.7552825808525085,
22,391,0,0.5971907377243042,
22,392,0,0.6640158891677856,
22,393,0,0.294792115688324,
22,394,0,0.45439785718917847,
22,395,0,0.8101416826248169,
22,396,0,0.14339160919189453,
22,397,0,0.1687549352645874,
22,398,0,0.7974039316177368,
22,399,0,0.24868494272232056,
22,400,0,0.6295907497406006,
22,401,0,0.7380269765853882,
22,402,0,0.8317747116088867,
22,403,0,0.8021242618560791,
22,404,0,0.2913363575935364,
22,405,0,0.061670124530792236,
22,406,0,0.7317349910736084,
22,407,0,0.8390759229660034,
22,408,0,0.7081024646759033,
22,409,0,0.7039322853088379,
22,410,0,0.8335033655166626,
22,411,0,0.28028202056884766,
22,412,0,0.7135432958602905,
22,413,0,0.062136054039001465,
22,414,0,0.7778611183166504,
22,415,0,0.6244577169418335,
22,416,0,0.8335568308830261,
22,417,0,0.05013227462768555,
22,418,0,0.48220109939575195,
22,419,0,0.42480939626693726,
22,420,0,0.2292366623878479,
22,421,0,0.23268771171569824,
22,422,0,0.7504653930664062,
22,423,0,0.8329126834869385,
22,424,0,0.7675245404243469,
22,425,0,0.8093522787094116,
22,426,0,0.8097734451293945,
22,427,0,0.8079958558082581,
22,428,0,0.42953652143478394,
22,429,0,0.8136327266693115,
22,430,0,0.23967736959457397,
22,431,0,0.7853355407714844,
22,432,0,0.6437206268310547,
22,433,0,0.8141329288482666,
22,434,0,0.8275711536407471,
22,435,0,0.8148922920227051,
22,436,0,0.5901777148246765,
22,437,0,0.04864168167114258,
22,438,0,0.6321758031845093,
22,439,0,0.2074553370475769,
22,440,0,0.8453809022903442,
22,441,0,0.7747597098350525,
22,442,0,0.821243405342102,
22,443,0,0.812190055847168,
22,444,0,0.7539091110229492,
22,445,0,0.8227131962776184,
22,446,0,0.6212059855461121,
22,447,0,0.2757606506347656,
22,448,0,0.050681114196777344,
22,449,0,0.7984873056411743,
22,450,0,0.782958984375,
22,451,0,0.23396116495132446,
22,452,0,0.7748253345489502,
22,453,0,0.2713853716850281,
22,454,0,0.4018166661262512,
22,455,0,0.550146758556366,
22,456,0,0.7141385078430176,
22,457,0,0.6558316946029663,
22,458,0,0.5058141946792603,
22,459,0,0.7412409782409668,
22,460,0,0.8154335618019104,
22,461,0,0.43022412061691284,
22,462,0,0.8027445673942566,
22,463,0,0.14043301343917847,
22,464,0,0.5875710248947144,
22,465,0,0.7416595220565796,
22,466,0,0.04407697916030884,
22,467,0,0.8052840232849121,
22,468,0,0.6244121789932251,
22,469,0,0.785210371017456,
22,470,0,0.2987411618232727,
22,471,0,0.047850191593170166,
22,472,0,0.8377066850662231,
22,473,0,0.8342422842979431,
22,474,0,0.047004520893096924,
22,475,0,0.8249760866165161,
22,476,0,0.43556612730026245,
22,477,0,0.7753500938415527,
22,478,0,0.465570867061615,
22,479,0,0.4595699906349182,
22,480,0,0.6618012189865112,
22,481,0,0.15528523921966553,
22,482,0,0.7237956523895264,
22,483,0,0.8310592174530029,
22,484,0,0.8281183242797852,
22,485,0,0.40474653244018555,
22,486,0,0.7077758312225342,
22,487,0,0.29449307918548584,
22,488,0,0.6127218008041382,
22,489,0,0.8314878940582275,
22,490,0,0.7601941823959351,
22,491,0,0.8215283751487732,
22,492,0,0.6281944513320923,
22,493,0,0.7318381667137146,
22,494,0,0.059230029582977295,
22,495,0,0.33004331588745117,
22,496,0,0.2582498788833618,
22,497,0,0.7728666663169861,
22,498,0,0.42151933908462524,
22,499,0,0.8412193059921265,
22,500,0,0.7236839532852173,
22,501,0,0.7657471895217896,
22,502,0,0.8289707899093628,
22,503,0,0.19327163696289062,
22,504,0,0.739753246307373,
22,505,0,0.4154260754585266,
22,506,0,0.7527338862419128,
22,507,0,0.2568022608757019,
22,508,0,0.8390005230903625,
22,509,0,0.8356649875640869,
22,510,0,0.7642107009887695,
22,511,0,0.7521543502807617,
22,512,0,0.2286880612373352,
22,513,0,0.723834753036499,
22,514,0,0.8115530610084534,
22,515,0,0.8019455671310425,
22,516,0,0.7409223318099976,
22,517,0,0.3408241868019104,
22,518,0,0.21009451150894165,
22,519,0,0.24487215280532837,
22,520,0,0.7786291241645813,
22,521,0,0.7511237859725952,
22,522,0,0.3043712377548218,
22,523,0,0.8507404923439026,
22,524,0,0.7284860014915466,
22,525,0,0.04978543519973755,
22,526,0,0.280400812625885,
22,527,0,0.8328745365142822,
22,528,0,0.048291027545928955,
22,529,0,0.7383039593696594,
22,530,0,0.7097291946411133,
22,531,0,0.838874340057373,
22,532,0,0.7994822859764099,
22,533,0,0.7952008843421936,
22,534,0,0.3735526204109192,
22,535,0,0.7320654392242432,
22,536,0,0.7865378856658936,
22,537,0,0.25509029626846313,
22,538,0,0.823626697063446,
22,539,0,0.7534434199333191,
22,540,0,0.7825270295143127,
22,541,0,0.37613534927368164,
22,542,0,0.29064011573791504,
22,543,0,0.8401657342910767,
22,544,0,0.05564767122268677,
22,545,0,0.36819785833358765,
22,546,0,0.4188944697380066,
22,547,0,0.059611380100250244,
22,548,0,0.7725344300270081,
22,549,0,0.2859433889389038,
22,550,0,0.8325029015541077,
22,551,0,0.8426557779312134,
22,552,0,0.7213541269302368,
22,553,0,0.4030953049659729,
22,554,0,0.6436264514923096,
22,555,0,0.23348265886306763,
22,556,0,0.770750880241394,
22,557,0,0.744849443435669,
22,558,0,0.3479592204093933,
22,559,0,0.6255120038986206,
22,560,0,0.7841951847076416,
22,561,0,0.7673462629318237,
22,562,0,0.15639513731002808,
22,563,0,0.7676736116409302,
22,564,0,0.4499039649963379,
22,565,0,0.29770588874816895,
22,566,0,0.344931423664093,
22,567,0,0.8463213443756104,
22,568,0,0.19717824459075928,
22,569,0,0.8237683773040771,
22,570,0,0.5979617834091187,
22,571,0,0.5795769691467285,
22,572,0,0.2757032513618469,
22,573,0,0.7517395615577698,
22,574,0,0.2896937131881714,
22,575,0,0.2526332139968872,
22,576,0,0.6982514262199402,
22,577,0,0.257455050945282,
22,578,0,0.278270423412323,
22,579,0,0.7845035195350647,
22,580,0,0.25180768966674805,
22,581,0,0.3675209879875183,
22,582,0,0.7285065054893494,
22,583,0,0.7636878490447998,
22,584,0,0.4279336929321289,
22,585,0,0.8073181509971619,
22,586,0,0.830629289150238,
22,587,0,0.568996787071228,
22,588,0,0.20254117250442505,
22,589,0,0.631371259689331,
22,590,0,0.8237470388412476,
22,591,0,0.2363971471786499,
22,592,0,0.8149903416633606,
22,593,0,0.8220516443252563,
22,594,0,0.8172106742858887,
22,595,0,0.7253702878952026,
22,596,0,0.4087650179862976,
22,597,0,0.14694291353225708,
22,598,0,0.30025696754455566,
22,599,0,0.29036766290664673,
22,600,0,0.644830584526062,
22,601,0,0.3804686665534973,
22,602,0,0.17548352479934692,
22,603,0,0.27983540296554565,
22,604,0,0.7386566400527954,
22,605,0,0.7846150994300842,
22,606,0,0.27779442071914673,
22,607,0,0.6536240577697754,
22,608,0,0.6279383897781372,
22,609,0,0.8369596600532532,
22,610,0,0.8318824768066406,
22,611,0,0.8433672785758972,
22,612,0,0.6468403339385986,
22,613,0,0.6510721445083618,
22,614,0,0.8286417722702026,
22,615,0,0.3664398789405823,
22,616,0,0.7788819670677185,
22,617,0,0.2508571743965149,
22,618,0,0.15595203638076782,
22,619,0,0.34124755859375,
22,620,0,0.8334410786628723,
22,621,0,0.40325838327407837,
22,622,0,0.6823933124542236,
22,623,0,0.41596537828445435,
22,624,0,0.2828407883644104,
22,625,0,0.8431293964385986,
22,626,0,0.8162486553192139,
22,627,0,0.8150649666786194,
22,628,0,0.8427726030349731,
22,629,0,0.45725858211517334,
22,630,0,0.05984467267990112,
22,631,0,0.16663473844528198,
22,632,0,0.8105974793434143,
22,633,0,0.6100337505340576,
22,634,0,0.7424072027206421,
22,635,0,0.4607883095741272,
22,636,0,0.8081162571907043,
22,637,0,0.7048417329788208,
22,638,0,0.7501102685928345,
22,639,0,0.7546331882476807,
22,640,0,0.13957834243774414,
22,641,0,0.7506392598152161,
22,642,0,0.7738133668899536,
22,643,0,0.3929443955421448,
22,644,0,0.3805532455444336,
22,645,0,0.7105734348297119,
22,646,0,0.8141943216323853,
22,647,0,0.7636514902114868,
22,648,0,0.8093565106391907,
22,649,0,0.043829143047332764,
22,650,0,0.7575278282165527,
22,651,0,0.40643858909606934,
22,652,0,0.5723758935928345,
22,653,0,0.5604321956634521,
22,654,0,0.752886176109314,
22,655,0,0.2294830083847046,
22,656,0,0.23370248079299927,
22,657,0,0.3392719626426697,
22,658,0,0.6348177790641785,
22,659,0,0.04829126596450806,
22,660,0,0.864577054977417,
22,661,0,0.6588771343231201,
22,662,0,0.8114528656005859,
22,663,0,0.7188506126403809,
22,664,0,0.8366265892982483,
22,665,0,0.40767788887023926,
22,666,0,0.05348336696624756,
22,667,0,0.8109264969825745,
22,668,0,0.27700716257095337,
22,669,0,0.4326384663581848,
22,670,0,0.3601921796798706,
22,671,0,0.7564355731010437,
22,672,0,0.15119189023971558,
22,673,0,0.25500792264938354,
22,674,0,0.4058358669281006,
22,675,0,0.7640402317047119,
22,676,0,0.13999509811401367,
22,677,0,0.5934107303619385,
22,678,0,0.7415029406547546,
22,679,0,0.8061649799346924,
22,680,0,0.057940661907196045,
22,681,0,0.7509793043136597,
22,682,0,0.2794957756996155,
22,683,0,0.32105398178100586,
22,684,0,0.7337679266929626,
22,685,0,0.8118465542793274,
22,686,0,0.7343392372131348,
22,687,0,0.608104944229126,
22,688,0,0.25237905979156494,
22,689,0,0.7528125047683716,
22,690,0,0.8332470655441284,
22,691,0,0.14823848009109497,
22,692,0,0.3367052674293518,
22,693,0,0.7028970718383789,
22,694,0,0.7604314684867859,
22,695,0,0.7575401067733765,
22,696,0,0.17794233560562134,
22,697,0,0.7473092079162598,
22,698,0,0.8353639841079712,
22,699,0,0.43228185176849365,
22,700,0,0.2519022822380066,
22,701,0,0.8257699012756348,
22,702,0,0.7805858254432678,
22,703,0,0.7496286630630493,
22,704,0,0.13435733318328857,
22,705,0,0.051719069480895996,
22,706,0,0.8449773788452148,
22,707,0,0.8122661709785461,
22,708,0,0.8480662703514099,
22,709,0,0.757249116897583,
22,710,0,0.4009597897529602,
22,711,0,0.33232611417770386,
22,712,0,0.263083815574646,
22,713,0,0.39654266834259033,
22,714,0,0.8270184397697449,
22,715,0,0.41192054748535156,
22,716,0,0.7570763230323792,
22,717,0,0.6450518369674683,
22,718,0,0.8199629187583923,
22,719,0,0.8241024017333984,
22,720,0,0.7878464460372925,
22,721,0,0.7793970704078674,
22,722,0,0.6689056754112244,
22,723,0,0.16045576333999634,
22,724,0,0.5837485194206238,
22,725,0,0.18809258937835693,
22,726,0,0.8213934898376465,
22,727,0,0.8029773235321045,
22,728,0,0.17960625886917114,
22,729,0,0.42557406425476074,
22,730,0,0.33448731899261475,
22,731,0,0.8263717293739319,
22,732,0,0.8058600425720215,
22,733,0,0.38356709480285645,
22,734,0,0.818115234375,
22,735,0,0.2971612811088562,
22,736,0,0.7448397278785706,
22,737,0,0.7327957153320312,
22,738,0,0.8167996406555176,
22,739,0,0.6033854484558105,
22,740,0,0.27957266569137573,
22,741,0,0.6922416090965271,
22,742,0,0.8229389786720276,
22,743,0,0.8426300287246704,
22,744,0,0.7569910287857056,
22,745,0,0.2598068118095398,
22,746,0,0.7195971608161926,
22,747,0,0.7631620168685913,
22,748,0,0.7282946109771729,
22,749,0,0.8234216570854187,
22,750,0,0.8117363452911377,
22,751,0,0.8245691061019897,
22,752,0,0.6760295629501343,
22,753,0,0.43600499629974365,
22,754,0,0.6306859254837036,
22,755,0,0.8400338888168335,
22,756,0,0.8267292380332947,
22,757,0,0.8374050855636597,
22,758,0,0.5827312469482422,
22,759,0,0.052757441997528076,
22,760,0,0.42346543073654175,
22,761,0,0.7385270595550537,
22,762,0,0.7754566669464111,
22,763,0,0.3012102246284485,
22,764,0,0.2942999005317688,
22,765,0,0.8017386198043823,
22,766,0,0.1621842384338379,
22,767,0,0.7466989755630493,
22,768,0,0.8293123245239258,
22,769,0,0.18810498714447021,
22,770,0,0.7021124362945557,
22,771,0,0.5836155414581299,
22,772,0,0.7962732315063477,
22,773,0,0.19137293100357056,
22,774,0,0.8307700753211975,
22,775,0,0.7876315712928772,
22,776,0,0.2339925765991211,
22,777,0,0.7278385162353516,
22,778,0,0.40411376953125,
22,779,0,0.8354415893554688,
22,780,0,0.755771815776825,
22,781,0,0.830563485622406,
22,782,0,0.3580423593521118,
22,783,0,0.8076657056808472,
22,784,0,0.37504035234451294,
22,785,0,0.04428720474243164,
22,786,0,0.45142537355422974,
22,787,0,0.23456472158432007,
22,788,0,0.7446978092193604,
22,789,0,0.27067381143569946,
22,790,0,0.6862276792526245,
22,791,0,0.43366944789886475,
22,792,0,0.3258618116378784,
22,793,0,0.7961840033531189,
22,794,0,0.8337926864624023,
22,795,0,0.25284409523010254,
22,796,0,0.8250384330749512,
22,797,0,0.059604644775390625,
22,798,0,0.4261881113052368,
22,799,0,0.8248140215873718,
22,val,,,0.5839318871498108
23,0,0,0.3695507049560547,
23,1,0,0.8144918084144592,
23,2,0,0.5611528158187866,
23,3,0,0.7170505523681641,
23,4,0,0.3741076588630676,
23,5,0,0.7602872848510742,
23,6,0,0.15329629182815552,
23,7,0,0.45033782720565796,
23,8,0,0.2151694893836975,
23,9,0,0.8129818439483643,
23,10,0,0.06442242860794067,
23,11,0,0.7394887208938599,
23,12,0,0.8299174308776855,
23,13,0,0.8248177766799927,
23,14,0,0.7447409629821777,
23,15,0,0.8149493932723999,
23,16,0,0.5002936124801636,
23,17,0,0.33631640672683716,
23,18,0,0.7873782515525818,
23,19,0,0.8041978478431702,
23,20,0,0.7385047674179077,
23,21,0,0.46067577600479126,
23,22,0,0.24772167205810547,
23,23,0,0.6778609752655029,
23,24,0,0.8214454054832458,
23,25,0,0.7164454460144043,
23,26,0,0.8357438445091248,
23,27,0,0.36520081758499146,
23,28,0,0.2604498267173767,
23,29,0,0.4388975501060486,
23,30,0,0.8287192583084106,
23,31,0,0.7343542575836182,
23,32,0,0.4128739833831787,
23,33,0,0.7448165416717529,
23,34,0,0.7316092252731323,
23,35,0,0.25558918714523315,
23,36,0,0.3995180130004883,
23,37,0,0.8226780295372009,
23,38,0,0.17577534914016724,
23,39,0,0.8386767506599426,
23,40,0,0.14491510391235352,
23,41,0,0.6036300659179688,
23,42,0,0.4535202980041504,
23,43,0,0.04102897644042969,
23,44,0,0.7417747974395752,
23,45,0,0.4301474690437317,
23,46,0,0.047734618186950684,
23,47,0,0.04268854856491089,
23,48,0,0.8295542001724243,
23,49,0,0.29142069816589355,
23,50,0,0.8349301815032959,
23,51,0,0.32536035776138306,
23,52,0,0.3742283582687378,
23,53,0,0.049067020416259766,
23,54,0,0.842786431312561,
23,55,0,0.4319561719894409,
23,56,0,0.7721066474914551,
23,57,0,0.47876936197280884,
23,58,0,0.8260859847068787,
23,59,0,0.3328487277030945,
23,60,0,0.4034197926521301,
23,61,0,0.5741903781890869,
23,62,0,0.817570149898529,
23,63,0,0.24639326333999634,
23,64,0,0.24083763360977173,
23,65,0,0.6261774897575378,
23,66,0,0.707551121711731,
23,67,0,0.3825143575668335,
23,68,0,0.8216168880462646,
23,69,0,0.3853902220726013,
23,70,0,0.4493773579597473,
23,71,0,0.5985008478164673,
23,72,0,0.6631821393966675,
23,73,0,0.7888201475143433,
23,74,0,0.8129238486289978,
23,75,0,0.5552076101303101,
23,76,0,0.7984104752540588,
23,77,0,0.6359766721725464,
23,78,0,0.14315658807754517,
23,79,0,0.774290919303894,
23,80,0,0.4475775361061096,
23,81,0,0.8066825866699219,
23,82,0,0.044784367084503174,
23,83,0,0.7122969031333923,
23,84,0,0.8155253529548645,
23,85,0,0.4904091954231262,
23,86,0,0.7518794536590576,
23,87,0,0.5539674758911133,
23,88,0,0.8105990886688232,
23,89,0,0.41108494997024536,
23,90,0,0.729583203792572,
23,91,0,0.8149751424789429,
23,92,0,0.8430157899856567,
23,93,0,0.8143706321716309,
23,94,0,0.44185203313827515,
23,95,0,0.738422155380249,
23,96,0,0.25806480646133423,
23,97,0,0.8362578749656677,
23,98,0,0.5809767246246338,
23,99,0,0.7738835215568542,
23,100,0,0.7277617454528809,
23,101,0,0.6640089750289917,
23,102,0,0.7322148084640503,
23,103,0,0.7032551169395447,
23,104,0,0.8300877213478088,
23,105,0,0.31335145235061646,
23,106,0,0.7605510950088501,
23,107,0,0.816645085811615,
23,108,0,0.6034578084945679,
23,109,0,0.8177874088287354,
23,110,0,0.76444411277771,
23,111,0,0.8087452054023743,
23,112,0,0.8356741070747375,
23,113,0,0.38979828357696533,
23,114,0,0.23564648628234863,
23,115,0,0.7704692482948303,
23,116,0,0.8076021075248718,
23,117,0,0.34768378734588623,
23,118,0,0.8083637952804565,
23,119,0,0.30712682008743286,
23,120,0,0.8185436129570007,
23,121,0,0.8371705412864685,
23,122,0,0.7238091230392456,
23,123,0,0.06517553329467773,
23,124,0,0.40309154987335205,
23,125,0,0.7572234869003296,
23,126,0,0.743254542350769,
23,127,0,0.8232443928718567,
23,128,0,0.7283653616905212,
23,129,0,0.8385953903198242,
23,130,0,0.6222060918807983,
23,131,0,0.7421647906303406,
23,132,0,0.6476441621780396,
23,133,0,0.22280043363571167,
23,134,0,0.3923221230506897,
23,135,0,0.4693581461906433,
23,136,0,0.057126402854919434,
23,137,0,0.12095773220062256,
23,138,0,0.23704683780670166,
23,139,0,0.45429831743240356,
23,140,0,0.7715365886688232,
23,141,0,0.6882006525993347,
23,142,0,0.7492572069168091,
23,143,0,0.7727096080780029,
23,144,0,0.8121400475502014,
23,145,0,0.18860197067260742,
23,146,0,0.6740114092826843,
23,147,0,0.2163076400756836,
23,148,0,0.7685259580612183,
23,149,0,0.7828835844993591,
23,150,0,0.8024910688400269,
23,151,0,0.7542749047279358,
23,152,0,0.723250150680542,
23,153,0,0.8219671249389648,
23,154,0,0.8305028676986694,
23,155,0,0.7052271962165833,
23,156,0,0.04883831739425659,
23,157,0,0.6083987355232239,
23,158,0,0.7729195952415466,
23,159,0,0.8054161071777344,
23,160,0,0.3161543011665344,
23,161,0,0.05685001611709595,
23,162,0,0.8385510444641113,
23,163,0,0.26295191049575806,
23,164,0,0.3419361710548401,
23,165,0,0.7204574942588806,
23,166,0,0.23590326309204102,
23,167,0,0.7802884578704834,
23,168,0,0.8408288359642029,
23,169,0,0.13197743892669678,
23,170,0,0.6601929664611816,
23,171,0,0.7451049089431763,
23,172,0,0.7379294633865356,
23,173,0,0.6295522451400757,
23,174,0,0.7523813247680664,
23,175,0,0.39025944471359253,
23,176,0,0.7642925381660461,
23,177,0,0.26469653844833374,
23,178,0,0.8314206600189209,
23,179,0,0.29070740938186646,
23,180,0,0.7838972806930542,
23,181,0,0.7920312881469727,
23,182,0,0.31076663732528687,
23,183,0,0.1581774353981018,
23,184,0,0.7697349190711975,
23,185,0,0.7425227165222168,
23,186,0,0.2502296566963196,
23,187,0,0.6541574597358704,
23,188,0,0.6326725482940674,
23,189,0,0.24699074029922485,
23,190,0,0.06339818239212036,
23,191,0,0.42906665802001953,
23,192,0,0.7467411756515503,
23,193,0,0.7332836985588074,
23,194,0,0.7309019565582275,
23,195,0,0.8468155264854431,
23,196,0,0.7096022963523865,
23,197,0,0.17325359582901,
23,198,0,0.7985602021217346,
23,199,0,0.23139047622680664,
23,200,0,0.6575115919113159,
23,201,0,0.047122180461883545,
23,202,0,0.2484031319618225,
23,203,0,0.8320209980010986,
23,204,0,0.28550058603286743,
23,205,0,0.2135578989982605,
23,206,0,0.30246782302856445,
23,207,0,0.1400461196899414,
23,208,0,0.46094387769699097,
23,209,0,0.7768693566322327,
23,210,0,0.26850730180740356,
23,211,0,0.8219277858734131,
23,212,0,0.4071521759033203,
23,213,0,0.7901467084884644,
23,214,0,0.8347684144973755,
23,215,0,0.7785667181015015,
23,216,0,0.43084800243377686,
23,217,0,0.8246819376945496,
23,218,0,0.7931849360466003,
23,219,0,0.7179574370384216,
23,220,0,0.23821407556533813,
23,221,0,0.735416054725647,
23,222,0,0.2832089066505432,
23,223,0,0.46030211448669434,
23,224,0,0.7136690616607666,
23,225,0,0.27271968126296997,
23,226,0,0.7877582311630249,
23,227,0,0.16073352098464966,
23,228,0,0.5994645953178406,
23,229,0,0.39569932222366333,
23,230,0,0.40074753761291504,
23,231,0,0.7319367527961731,
23,232,0,0.8521699905395508,
23,233,0,0.844386875629425,
23,234,0,0.8150575757026672,
23,235,0,0.04118764400482178,
23,236,0,0.4085710644721985,
23,237,0,0.8282951712608337,
23,238,0,0.45062780380249023,
23,239,0,0.35880565643310547,
23,240,0,0.8166596293449402,
23,241,0,0.7521392107009888,
23,242,0,0.8203423023223877,
23,243,0,0.41613537073135376,
23,244,0,0.2731061577796936,
23,245,0,0.051248133182525635,
23,246,0,0.36254262924194336,
23,247,0,0.8330039978027344,
23,248,0,0.41839826107025146,
23,249,0,0.8119268417358398,
23,250,0,0.10715609788894653,
23,251,0,0.8410096168518066,
23,252,0,0.7639145255088806,
23,253,0,0.7396966218948364,
23,254,0,0.0371893048286438,
23,255,0,0.7430461645126343,
23,256,0,0.5275406837463379,
23,257,0,0.8431097269058228,
23,258,0,0.7712072134017944,
23,259,0,0.84331876039505,
23,260,0,0.4932680130004883,
23,261,0,0.7418912649154663,
23,262,0,0.7775977253913879,
23,263,0,0.7192054986953735,
23,264,0,0.26532208919525146,
23,265,0,0.7602720260620117,
23,266,0,0.8269082307815552,
23,267,0,0.8339433073997498,
23,268,0,0.3036194443702698,
23,269,0,0.4290863275527954,
23,270,0,0.563712477684021,
23,271,0,0.8097348213195801,
23,272,0,0.34812408685684204,
23,273,0,0.8379806280136108,
23,274,0,0.798090398311615,
23,275,0,0.14902383089065552,
23,276,0,0.809954822063446,
23,277,0,0.060308635234832764,
23,278,0,0.48805326223373413,
23,279,0,0.7348881959915161,
23,280,0,0.771836519241333,
23,281,0,0.7897844314575195,
23,282,0,0.7427343130111694,
23,283,0,0.7515257596969604,
23,284,0,0.8161002993583679,
23,285,0,0.7431318759918213,
23,286,0,0.617347002029419,
23,287,0,0.7231112718582153,
23,288,0,0.733157753944397,
23,289,0,0.5019724369049072,
23,290,0,0.8254486918449402,
23,291,0,0.047230064868927,
23,292,0,0.3562012314796448,
23,293,0,0.8401243090629578,
23,294,0,0.8327414989471436,
23,295,0,0.7735800743103027,
23,296,0,0.45708781480789185,
23,297,0,0.049535930156707764,
23,298,0,0.8494489789009094,
23,299,0,0.8072410821914673,
23,300,0,0.37011730670928955,
23,301,0,0.3848591446876526,
23,302,0,0.8371310830116272,
23,303,0,0.5798322558403015,
23,304,0,0.8393362164497375,
23,305,0,0.45202064514160156,
23,306,0,0.20448321104049683,
23,307,0,0.8311750292778015,
23,308,0,0.8394113183021545,
23,309,0,0.17315340042114258,
23,310,0,0.8132411241531372,
23,311,0,0.3707115054130554,
23,312,0,0.8218745589256287,
23,313,0,0.8099521994590759,
23,314,0,0.3583758473396301,
23,315,0,0.6787558794021606,
23,316,0,0.8324769735336304,
23,317,0,0.5870845317840576,
23,318,0,0.30502861738204956,
23,319,0,0.2836286425590515,
23,320,0,0.7412393093109131,
23,321,0,0.7321654558181763,
23,322,0,0.7479350566864014,
23,323,0,0.2727685570716858,
23,324,0,0.840849757194519,
23,325,0,0.7879262566566467,
23,326,0,0.8048709034919739,
23,327,0,0.7286509275436401,
23,328,0,0.6407747268676758,
23,329,0,0.7638907432556152,
23,330,0,0.32228291034698486,
23,331,0,0.28887277841567993,
23,332,0,0.7453463077545166,
23,333,0,0.22936612367630005,
23,334,0,0.7284262180328369,
23,335,0,0.3520767092704773,
23,336,0,0.8282352089881897,
23,337,0,0.4168919324874878,
23,338,0,0.6115514039993286,
23,339,0,0.7855439186096191,
23,340,0,0.8358615040779114,
23,341,0,0.05552244186401367,
23,342,0,0.7215434312820435,
23,343,0,0.5944125652313232,
23,344,0,0.8035190105438232,
23,345,0,0.8222675919532776,
23,346,0,0.21855789422988892,
23,347,0,0.15662801265716553,
23,348,0,0.7434968948364258,
23,349,0,0.7811588048934937,
23,350,0,0.6866893768310547,
23,351,0,0.7706318497657776,
23,352,0,0.8199864029884338,
23,353,0,0.8178851008415222,
23,354,0,0.6273056268692017,
23,355,0,0.15351074934005737,
23,356,0,0.7755356431007385,
23,357,0,0.6511165499687195,
23,358,0,0.1842106580734253,
23,359,0,0.7786445021629333,
23,360,0,0.7612979412078857,
23,361,0,0.8401535749435425,
23,362,0,0.23161667585372925,
23,363,0,0.2796710133552551,
23,364,0,0.7492830157279968,
23,365,0,0.7722998261451721,
23,366,0,0.7552450895309448,
23,367,0,0.8307801485061646,
23,368,0,0.7514563798904419,
23,369,0,0.8056632876396179,
23,370,0,0.6100583672523499,
23,371,0,0.6036052703857422,
23,372,0,0.8196056485176086,
23,373,0,0.7623547911643982,
23,374,0,0.385178804397583,
23,375,0,0.663494348526001,
23,376,0,0.6751452684402466,
23,377,0,0.308648943901062,
23,378,0,0.37339967489242554,
23,379,0,0.7747979760169983,
23,380,0,0.3012316823005676,
23,381,0,0.2950891852378845,
23,382,0,0.2786467671394348,
23,383,0,0.8387981653213501,
23,384,0,0.3077285885810852,
23,385,0,0.28769803047180176,
23,386,0,0.21321946382522583,
23,387,0,0.3934374451637268,
23,388,0,0.05433976650238037,
23,389,0,0.7764268517494202,
23,390,0,0.7549639940261841,
23,391,0,0.593570351600647,
23,392,0,0.6683144569396973,
23,393,0,0.29063642024993896,
23,394,0,0.4505242109298706,
23,395,0,0.8094565868377686,
23,396,0,0.147952139377594,
23,397,0,0.16329818964004517,
23,398,0,0.7983117699623108,
23,399,0,0.25429266691207886,
23,400,0,0.6265250444412231,
23,401,0,0.7416870594024658,
23,402,0,0.8313352465629578,
23,403,0,0.7996758818626404,
23,404,0,0.28945034742355347,
23,405,0,0.06090265512466431,
23,406,0,0.7425512671470642,
23,407,0,0.8379498720169067,
23,408,0,0.7081183195114136,
23,409,0,0.7054048776626587,
23,410,0,0.8326978087425232,
23,411,0,0.2829359173774719,
23,412,0,0.69954514503479,
23,413,0,0.06285762786865234,
23,414,0,0.7793065905570984,
23,415,0,0.6292710304260254,
23,416,0,0.8447625637054443,
23,417,0,0.05127561092376709,
23,418,0,0.4863394498825073,
23,419,0,0.4237915277481079,
23,420,0,0.22474557161331177,
23,421,0,0.23562532663345337,
23,422,0,0.7555745244026184,
23,423,0,0.8320229053497314,
23,424,0,0.7663713097572327,
23,425,0,0.8090460896492004,
23,426,0,0.8091592788696289,
23,427,0,0.807125985622406,
23,428,0,0.4310547709465027,
23,429,0,0.8156712055206299,
23,430,0,0.23786252737045288,
23,431,0,0.792404294013977,
23,432,0,0.6454565525054932,
23,433,0,0.8164676427841187,
23,434,0,0.8195475339889526,
23,435,0,0.8147544264793396,
23,436,0,0.5968247652053833,
23,437,0,0.04958230257034302,
23,438,0,0.6342595815658569,
23,439,0,0.20708096027374268,
23,440,0,0.8433318138122559,
23,441,0,0.7718712687492371,
23,442,0,0.8207781314849854,
23,443,0,0.8120304346084595,
23,444,0,0.7562058568000793,
23,445,0,0.8225191831588745,
23,446,0,0.6076271533966064,
23,447,0,0.26958972215652466,
23,448,0,0.051102638244628906,
23,449,0,0.7972289323806763,
23,450,0,0.7670837044715881,
23,451,0,0.22826367616653442,
23,452,0,0.7544172406196594,
23,453,0,0.2737460732460022,
23,454,0,0.39976000785827637,
23,455,0,0.5432820320129395,
23,456,0,0.7101912498474121,
23,457,0,0.6518779993057251,
23,458,0,0.5009418725967407,
23,459,0,0.7315585613250732,
23,460,0,0.8144104480743408,
23,461,0,0.42354708909988403,
23,462,0,0.8020312786102295,
23,463,0,0.14216011762619019,
23,464,0,0.5838248133659363,
23,465,0,0.736950159072876,
23,466,0,0.04367101192474365,
23,467,0,0.8099485039710999,
23,468,0,0.6183798313140869,
23,469,0,0.7830581665039062,
23,470,0,0.3034108281135559,
23,471,0,0.04886537790298462,
23,472,0,0.8367083668708801,
23,473,0,0.8337008953094482,
23,474,0,0.04658478498458862,
23,475,0,0.8232340216636658,
23,476,0,0.42815494537353516,
23,477,0,0.7729287147521973,
23,478,0,0.4635158181190491,
23,479,0,0.4624372124671936,
23,480,0,0.6601473093032837,
23,481,0,0.15743625164031982,
23,482,0,0.7219530344009399,
23,483,0,0.8308970332145691,
23,484,0,0.8286603689193726,
23,485,0,0.4003162384033203,
23,486,0,0.7054383754730225,
23,487,0,0.3010225296020508,
23,488,0,0.6001110076904297,
23,489,0,0.8304901123046875,
23,490,0,0.7601488828659058,
23,491,0,0.8210388422012329,
23,492,0,0.6243220567703247,
23,493,0,0.7310885787010193,
23,494,0,0.05763036012649536,
23,495,0,0.33395326137542725,
23,496,0,0.2556270360946655,
23,497,0,0.772771418094635,
23,498,0,0.4205780029296875,
23,499,0,0.8380611538887024,
23,500,0,0.7058703899383545,
23,501,0,0.7587679028511047,
23,502,0,0.8314706683158875,
23,503,0,0.19760006666183472,
23,504,0,0.7391090393066406,
23,505,0,0.4128730893135071,
23,506,0,0.7517561912536621,
23,507,0,0.2618163228034973,
23,508,0,0.8379305601119995,
23,509,0,0.8353226184844971,
23,510,0,0.7726680040359497,
23,511,0,0.7494169473648071,
23,512,0,0.2290293574333191,
23,513,0,0.723049521446228,
23,514,0,0.8087661266326904,
23,515,0,0.7934079766273499,
23,516,0,0.7410706877708435,
23,517,0,0.3425202965736389,
23,518,0,0.21211087703704834,
23,519,0,0.2567371129989624,
23,520,0,0.7677305936813354,
23,521,0,0.7218194007873535,
23,522,0,0.3003830909729004,
23,523,0,0.8515747785568237,
23,524,0,0.728929877281189,
23,525,0,0.04953974485397339,
23,526,0,0.27812623977661133,
23,527,0,0.8330399990081787,
23,528,0,0.04978024959564209,
23,529,0,0.7372026443481445,
23,530,0,0.6884967088699341,
23,531,0,0.8383823037147522,
23,532,0,0.7978991270065308,
23,533,0,0.7952021956443787,
23,534,0,0.3714536428451538,
23,535,0,0.7204446792602539,
23,536,0,0.7881684899330139,
23,537,0,0.2557832598686218,
23,538,0,0.8233843445777893,
23,539,0,0.6981172561645508,
23,540,0,0.7779735922813416,
23,541,0,0.3820585012435913,
23,542,0,0.29102516174316406,
23,543,0,0.8392829895019531,
23,544,0,0.054595351219177246,
23,545,0,0.3666374087333679,
23,546,0,0.4183769226074219,
23,547,0,0.0596957802772522,
23,548,0,0.7731373310089111,
23,549,0,0.28175830841064453,
23,550,0,0.8318856358528137,
23,551,0,0.8421869874000549,
23,552,0,0.718982458114624,
23,553,0,0.4053915739059448,
23,554,0,0.6462997198104858,
23,555,0,0.23383748531341553,
23,556,0,0.763853907585144,
23,557,0,0.7358349561691284,
23,558,0,0.3493800759315491,
23,559,0,0.6300433874130249,
23,560,0,0.7842358350753784,
23,561,0,0.7486453056335449,
23,562,0,0.15740162134170532,
23,563,0,0.7506490349769592,
23,564,0,0.44425904750823975,
23,565,0,0.29896849393844604,
23,566,0,0.3457675576210022,
23,567,0,0.8511943221092224,
23,568,0,0.19870120286941528,
23,569,0,0.8261452317237854,
23,570,0,0.6039586067199707,
23,571,0,0.5755802989006042,
23,572,0,0.27286940813064575,
23,573,0,0.743849515914917,
23,574,0,0.28803008794784546,
23,575,0,0.2519218921661377,
23,576,0,0.6948479413986206,
23,577,0,0.2546699643135071,
23,578,0,0.26891613006591797,
23,579,0,0.783557116985321,
23,580,0,0.24845391511917114,
23,581,0,0.3747992515563965,
23,582,0,0.7175719738006592,
23,583,0,0.7626657485961914,
23,584,0,0.42881113290786743,
23,585,0,0.8113904595375061,
23,586,0,0.8279019594192505,
23,587,0,0.5702110528945923,
23,588,0,0.20809155702590942,
23,589,0,0.6159250140190125,
23,590,0,0.8250846266746521,
23,591,0,0.23788172006607056,
23,592,0,0.8132174611091614,
23,593,0,0.8222459554672241,
23,594,0,0.8157941102981567,
23,595,0,0.7188541889190674,
23,596,0,0.40644776821136475,
23,597,0,0.14580392837524414,
23,598,0,0.2977415919303894,
23,599,0,0.2954006791114807,
23,600,0,0.6395683288574219,
23,601,0,0.37810957431793213,
23,602,0,0.17605626583099365,
23,603,0,0.2792523503303528,
23,604,0,0.7382773160934448,
23,605,0,0.7836609482765198,
23,606,0,0.2781546711921692,
23,607,0,0.6366205215454102,
23,608,0,0.6253798007965088,
23,609,0,0.8278461694717407,
23,610,0,0.8308997750282288,
23,611,0,0.8453981280326843,
23,612,0,0.6493842005729675,
23,613,0,0.6395992636680603,
23,614,0,0.8275043964385986,
23,615,0,0.3674026131629944,
23,616,0,0.7804846167564392,
23,617,0,0.25136810541152954,
23,618,0,0.15461164712905884,
23,619,0,0.33974552154541016,
23,620,0,0.8328705430030823,
23,621,0,0.3987354040145874,
23,622,0,0.6832451820373535,
23,623,0,0.41296595335006714,
23,624,0,0.2794438600540161,
23,625,0,0.8427600264549255,
23,626,0,0.8123395442962646,
23,627,0,0.8126612901687622,
23,628,0,0.8433214426040649,
23,629,0,0.4607301354408264,
23,630,0,0.060663044452667236,
23,631,0,0.16932827234268188,
23,632,0,0.8090237975120544,
23,633,0,0.6058464050292969,
23,634,0,0.7382755279541016,
23,635,0,0.46080321073532104,
23,636,0,0.8073038458824158,
23,637,0,0.7075004577636719,
23,638,0,0.7438700199127197,
23,639,0,0.7542778849601746,
23,640,0,0.13788872957229614,
23,641,0,0.7545855045318604,
23,642,0,0.7712748646736145,
23,643,0,0.38641101121902466,
23,644,0,0.3678448796272278,
23,645,0,0.697447657585144,
23,646,0,0.8155624270439148,
23,647,0,0.7644510269165039,
23,648,0,0.8079301118850708,
23,649,0,0.04309350252151489,
23,650,0,0.7557965517044067,
23,651,0,0.40179121494293213,
23,652,0,0.5610916018486023,
23,653,0,0.5530866384506226,
23,654,0,0.7535530924797058,
23,655,0,0.22336900234222412,
23,656,0,0.22798675298690796,
23,657,0,0.33707481622695923,
23,658,0,0.6344005465507507,
23,659,0,0.04806309938430786,
23,660,0,0.8548107147216797,
23,661,0,0.6479825973510742,
23,662,0,0.8105185627937317,
23,663,0,0.7208248376846313,
23,664,0,0.8389925360679626,
23,665,0,0.40772348642349243,
23,666,0,0.05451709032058716,
23,667,0,0.8186390399932861,
23,668,0,0.2758626937866211,
23,669,0,0.432070255279541,
23,670,0,0.35733163356781006,
23,671,0,0.756676971912384,
23,672,0,0.149699866771698,
23,673,0,0.25992774963378906,
23,674,0,0.3991376757621765,
23,675,0,0.7622025609016418,
23,676,0,0.1439298391342163,
23,677,0,0.5846132636070251,
23,678,0,0.7351891994476318,
23,679,0,0.8036645650863647,
23,680,0,0.05983370542526245,
23,681,0,0.7427958250045776,
23,682,0,0.2773461937904358,
23,683,0,0.32373279333114624,
23,684,0,0.7370744943618774,
23,685,0,0.8117793202400208,
23,686,0,0.7485858201980591,
23,687,0,0.5957918167114258,
23,688,0,0.2566993832588196,
23,689,0,0.741493284702301,
23,690,0,0.8344581127166748,
23,691,0,0.15229910612106323,
23,692,0,0.3369255065917969,
23,693,0,0.7003359794616699,
23,694,0,0.7620253562927246,
23,695,0,0.7558798789978027,
23,696,0,0.1736510992050171,
23,697,0,0.7485002279281616,
23,698,0,0.8385200500488281,
23,699,0,0.4229482412338257,
23,700,0,0.24795234203338623,
23,701,0,0.8259785175323486,
23,702,0,0.7803199291229248,
23,703,0,0.7270393371582031,
23,704,0,0.13641345500946045,
23,705,0,0.051534056663513184,
23,706,0,0.8373928666114807,
23,707,0,0.8018549680709839,
23,708,0,0.8496787548065186,
23,709,0,0.7453186511993408,
23,710,0,0.3885982036590576,
23,711,0,0.3277187943458557,
23,712,0,0.2499125599861145,
23,713,0,0.3946613073348999,
23,714,0,0.8296692967414856,
23,715,0,0.4148135781288147,
23,716,0,0.7556835412979126,
23,717,0,0.6368853449821472,
23,718,0,0.8146008253097534,
23,719,0,0.8243762254714966,
23,720,0,0.7878718376159668,
23,721,0,0.7760602831840515,
23,722,0,0.6553415060043335,
23,723,0,0.16148793697357178,
23,724,0,0.5832254886627197,
23,725,0,0.19097602367401123,
23,726,0,0.8221057057380676,
23,727,0,0.8041296005249023,
23,728,0,0.1804722547531128,
23,729,0,0.42479103803634644,
23,730,0,0.3295273780822754,
23,731,0,0.8268901705741882,
23,732,0,0.8104506731033325,
23,733,0,0.3780210614204407,
23,734,0,0.8143248558044434,
23,735,0,0.2932634949684143,
23,736,0,0.7470582723617554,
23,737,0,0.7140097618103027,
23,738,0,0.8157041668891907,
23,739,0,0.6092633008956909,
23,740,0,0.2796958088874817,
23,741,0,0.6887956857681274,
23,742,0,0.8225550055503845,
23,743,0,0.8405708074569702,
23,744,0,0.7330663800239563,
23,745,0,0.2550352215766907,
23,746,0,0.7288385629653931,
23,747,0,0.7692289352416992,
23,748,0,0.7237279415130615,
23,749,0,0.8230887651443481,
23,750,0,0.8089390397071838,
23,751,0,0.8227092623710632,
23,752,0,0.6637827157974243,
23,753,0,0.4376530647277832,
23,754,0,0.6328649520874023,
23,755,0,0.8386732935905457,
23,756,0,0.8251524567604065,
23,757,0,0.8348293304443359,
23,758,0,0.5778053998947144,
23,759,0,0.05080920457839966,
23,760,0,0.42989689111709595,
23,761,0,0.7410330772399902,
23,762,0,0.7753669619560242,
23,763,0,0.299003005027771,
23,764,0,0.28888022899627686,
23,765,0,0.8018438220024109,
23,766,0,0.16184186935424805,
23,767,0,0.7485790848731995,
23,768,0,0.8283650875091553,
23,769,0,0.18243342638015747,
23,770,0,0.702556848526001,
23,771,0,0.5867232084274292,
23,772,0,0.7946695685386658,
23,773,0,0.19058531522750854,
23,774,0,0.8221505880355835,
23,775,0,0.7895525097846985,
23,776,0,0.2351616621017456,
23,777,0,0.7208138704299927,
23,778,0,0.3867090344429016,
23,779,0,0.8346167206764221,
23,780,0,0.7514879107475281,
23,781,0,0.8284779191017151,
23,782,0,0.35346078872680664,
23,783,0,0.806847333908081,
23,784,0,0.37079286575317383,
23,785,0,0.04480552673339844,
23,786,0,0.4491903781890869,
23,787,0,0.23653465509414673,
23,788,0,0.750468373298645,
23,789,0,0.2686071991920471,
23,790,0,0.6853597164154053,
23,791,0,0.43747878074645996,
23,792,0,0.32420146465301514,
23,793,0,0.7932575941085815,
23,794,0,0.8324227929115295,
23,795,0,0.2538831830024719,
23,796,0,0.8247920870780945,
23,797,0,0.05643349885940552,
23,798,0,0.4140506982803345,
23,799,0,0.8232309222221375,
23,val,,,0.5833401930332184
24,0,0,0.3664371371269226,
24,1,0,0.8144327402114868,
24,2,0,0.5529704093933105,
24,3,0,0.6999744176864624,
24,4,0,0.3764164447784424,
24,5,0,0.7605277299880981,
24,6,0,0.1521804928779602,
24,7,0,0.4451165795326233,
24,8,0,0.2125418782234192,
24,9,0,0.8128438591957092,
24,10,0,0.06271058320999146,
24,11,0,0.7405083179473877,
24,12,0,0.8294941782951355,
24,13,0,0.8224506378173828,
24,14,0,0.741117000579834,
24,15,0,0.8137285113334656,
24,16,0,0.4912911057472229,
24,17,0,0.32194381952285767,
24,18,0,0.7880174517631531,
24,19,0,0.8053203821182251,
24,20,0,0.7394170761108398,
24,21,0,0.4590821862220764,
24,22,0,0.2508734464645386,
24,23,0,0.677299976348877,
24,24,0,0.822250247001648,
24,25,0,0.7179259061813354,
24,26,0,0.8366538286209106,
24,27,0,0.35885918140411377,
24,28,0,0.2593379020690918,
24,29,0,0.44042617082595825,
24,30,0,0.8279080390930176,
24,31,0,0.7319610118865967,
24,32,0,0.4139431118965149,
24,33,0,0.7449615001678467,
24,34,0,0.7267242670059204,
24,35,0,0.2574165463447571,
24,36,0,0.3927391767501831,
24,37,0,0.8201855421066284,
24,38,0,0.17668455839157104,
24,39,0,0.8360349535942078,
24,40,0,0.14707601070404053,
24,41,0,0.6045226454734802,
24,42,0,0.45432478189468384,
24,43,0,0.04186612367630005,
24,44,0,0.7428224086761475,
24,45,0,0.4337407946586609,
24,46,0,0.046592533588409424,
24,47,0,0.04545027017593384,
24,48,0,0.8273828625679016,
24,49,0,0.2885105609893799,
24,50,0,0.8345157504081726,
24,51,0,0.3294592499732971,
24,52,0,0.36736083030700684,
24,53,0,0.04772073030471802,
24,54,0,0.8442185521125793,
24,55,0,0.42721766233444214,
24,56,0,0.7776325941085815,
24,57,0,0.4842287302017212,
24,58,0,0.8319436311721802,
24,59,0,0.329514741897583,
24,60,0,0.39640605449676514,
24,61,0,0.5756614208221436,
24,62,0,0.8172706961631775,
24,63,0,0.2459627389907837,
24,64,0,0.24008911848068237,
24,65,0,0.6126816272735596,
24,66,0,0.7045025825500488,
24,67,0,0.37336230278015137,
24,68,0,0.8149908185005188,
24,69,0,0.38474202156066895,
24,70,0,0.4559885859489441,
24,71,0,0.6003960371017456,
24,72,0,0.6656361818313599,
24,73,0,0.7940883636474609,
24,74,0,0.811820387840271,
24,75,0,0.5626791715621948,
24,76,0,0.8084155917167664,
24,77,0,0.6388742923736572,
24,78,0,0.14756536483764648,
24,79,0,0.759020984172821,
24,80,0,0.44257456064224243,
24,81,0,0.8080310821533203,
24,82,0,0.04585510492324829,
24,83,0,0.6981014609336853,
24,84,0,0.8137354254722595,
24,85,0,0.48562610149383545,
24,86,0,0.7503448724746704,
24,87,0,0.552880048751831,
24,88,0,0.8099952936172485,
24,89,0,0.4110725522041321,
24,90,0,0.7285851240158081,
24,91,0,0.8095221519470215,
24,92,0,0.8415713310241699,
24,93,0,0.8136200904846191,
24,94,0,0.4434974789619446,
24,95,0,0.723481297492981,
24,96,0,0.25565534830093384,
24,97,0,0.83527010679245,
24,98,0,0.5692207217216492,
24,99,0,0.7748786807060242,
24,100,0,0.7227662801742554,
24,101,0,0.6451364755630493,
24,102,0,0.7165002822875977,
24,103,0,0.7041016817092896,
24,104,0,0.8261209726333618,
24,105,0,0.31024807691574097,
24,106,0,0.742236852645874,
24,107,0,0.8136155605316162,
24,108,0,0.6056035757064819,
24,109,0,0.8162502646446228,
24,110,0,0.7622765898704529,
24,111,0,0.8126633763313293,
24,112,0,0.8330091238021851,
24,113,0,0.39019775390625,
24,114,0,0.23936718702316284,
24,115,0,0.7688412666320801,
24,116,0,0.8130475878715515,
24,117,0,0.34907060861587524,
24,118,0,0.8096473813056946,
24,119,0,0.3114936947822571,
24,120,0,0.8173007965087891,
24,121,0,0.837820291519165,
24,122,0,0.7243213057518005,
24,123,0,0.06516999006271362,
24,124,0,0.398631751537323,
24,125,0,0.75419020652771,
24,126,0,0.7232507467269897,
24,127,0,0.8234914541244507,
24,128,0,0.7091087698936462,
24,129,0,0.8364654779434204,
24,130,0,0.623495876789093,
24,131,0,0.7316277027130127,
24,132,0,0.6486713290214539,
24,133,0,0.22276514768600464,
24,134,0,0.40070080757141113,
24,135,0,0.4701022505760193,
24,136,0,0.05463773012161255,
24,137,0,0.11887151002883911,
24,138,0,0.23923909664154053,
24,139,0,0.44998615980148315,
24,140,0,0.7571617960929871,
24,141,0,0.6731599569320679,
24,142,0,0.7699921727180481,
24,143,0,0.7641206979751587,
24,144,0,0.812136709690094,
24,145,0,0.18662816286087036,
24,146,0,0.678238034248352,
24,147,0,0.2157270312309265,
24,148,0,0.7666008472442627,
24,149,0,0.7794743776321411,
24,150,0,0.8014805316925049,
24,151,0,0.7533132433891296,
24,152,0,0.7272050380706787,
24,153,0,0.8203983902931213,
24,154,0,0.8285616636276245,
24,155,0,0.7056949138641357,
24,156,0,0.04820680618286133,
24,157,0,0.603305995464325,
24,158,0,0.771355390548706,
24,159,0,0.8055232763290405,
24,160,0,0.32870155572891235,
24,161,0,0.0590398907661438,
24,162,0,0.8379902839660645,
24,163,0,0.2552728056907654,
24,164,0,0.3335433006286621,
24,165,0,0.7179871201515198,
24,166,0,0.23368531465530396,
24,167,0,0.7827343940734863,
24,168,0,0.842778742313385,
24,169,0,0.1292751431465149,
24,170,0,0.6503995656967163,
24,171,0,0.740044355392456,
24,172,0,0.736862063407898,
24,173,0,0.6246820688247681,
24,174,0,0.7491681575775146,
24,175,0,0.38133686780929565,
24,176,0,0.7616762518882751,
24,177,0,0.27607232332229614,
24,178,0,0.8303036093711853,
24,179,0,0.30016279220581055,
24,180,0,0.7876895070075989,
24,181,0,0.7933776378631592,
24,182,0,0.3099379539489746,
24,183,0,0.15571659803390503,
24,184,0,0.7706906795501709,
24,185,0,0.7410538196563721,
24,186,0,0.26009005308151245,
24,187,0,0.6442052125930786,
24,188,0,0.6414639353752136,
24,189,0,0.24168109893798828,
24,190,0,0.06373536586761475,
24,191,0,0.4255749583244324,
24,192,0,0.7569481730461121,
24,193,0,0.7310985922813416,
24,194,0,0.7313950061798096,
24,195,0,0.837988018989563,
24,196,0,0.7126671671867371,
24,197,0,0.1764049530029297,
24,198,0,0.7980652451515198,
24,199,0,0.23180514574050903,
24,200,0,0.6467379331588745,
24,201,0,0.04559522867202759,
24,202,0,0.24857884645462036,
24,203,0,0.8315063118934631,
24,204,0,0.2891034483909607,
24,205,0,0.2109297513961792,
24,206,0,0.30064982175827026,
24,207,0,0.13795429468154907,
24,208,0,0.4562883973121643,
24,209,0,0.7723351120948792,
24,210,0,0.26937705278396606,
24,211,0,0.8205126523971558,
24,212,0,0.4269060492515564,
24,213,0,0.785793662071228,
24,214,0,0.8347331285476685,
24,215,0,0.7683197855949402,
24,216,0,0.42445170879364014,
24,217,0,0.8240717649459839,
24,218,0,0.7916693687438965,
24,219,0,0.7279460430145264,
24,220,0,0.23813587427139282,
24,221,0,0.7370270490646362,
24,222,0,0.2837715744972229,
24,223,0,0.45190948247909546,
24,224,0,0.7136459350585938,
24,225,0,0.26842695474624634,
24,226,0,0.7867752909660339,
24,227,0,0.16305243968963623,
24,228,0,0.5837678909301758,
24,229,0,0.3887805938720703,
24,230,0,0.3997359275817871,
24,231,0,0.7403204441070557,
24,232,0,0.8518201112747192,
24,233,0,0.8433661460876465,
24,234,0,0.8172526359558105,
24,235,0,0.04210716485977173,
24,236,0,0.4049679636955261,
24,237,0,0.8244748711585999,
24,238,0,0.44972914457321167,
24,239,0,0.35316115617752075,
24,240,0,0.8172506093978882,
24,241,0,0.7378392219543457,
24,242,0,0.8203505873680115,
24,243,0,0.4161868095397949,
24,244,0,0.2707062363624573,
24,245,0,0.05021542310714722,
24,246,0,0.3724600672721863,
24,247,0,0.8323389291763306,
24,248,0,0.42399364709854126,
24,249,0,0.809589147567749,
24,250,0,0.10789811611175537,
24,251,0,0.8399366140365601,
24,252,0,0.7701239585876465,
24,253,0,0.7405269145965576,
24,254,0,0.03627288341522217,
24,255,0,0.7401913404464722,
24,256,0,0.5323114395141602,
24,257,0,0.8430711030960083,
24,258,0,0.7660401463508606,
24,259,0,0.8447257876396179,
24,260,0,0.49118572473526,
24,261,0,0.7404274940490723,
24,262,0,0.7715654373168945,
24,263,0,0.7200818061828613,
24,264,0,0.2673547863960266,
24,265,0,0.7581163048744202,
24,266,0,0.8174623847007751,
24,267,0,0.8377463817596436,
24,268,0,0.2985118627548218,
24,269,0,0.4253775477409363,
24,270,0,0.5639483332633972,
24,271,0,0.8030186891555786,
24,272,0,0.34659343957901,
24,273,0,0.8366023898124695,
24,274,0,0.803770124912262,
24,275,0,0.1471741795539856,
24,276,0,0.8081074953079224,
24,277,0,0.05914485454559326,
24,278,0,0.49286162853240967,
24,279,0,0.737358808517456,
24,280,0,0.767898440361023,
24,281,0,0.7910085916519165,
24,282,0,0.7398451566696167,
24,283,0,0.7532406449317932,
24,284,0,0.8124380707740784,
24,285,0,0.7368648052215576,
24,286,0,0.6144651174545288,
24,287,0,0.7225816249847412,
24,288,0,0.7370327711105347,
24,289,0,0.49984413385391235,
24,290,0,0.8236170411109924,
24,291,0,0.045910656452178955,
24,292,0,0.3529036045074463,
24,293,0,0.8434907793998718,
24,294,0,0.8336011171340942,
24,295,0,0.7615823745727539,
24,296,0,0.46143996715545654,
24,297,0,0.046916186809539795,
24,298,0,0.8466305136680603,
24,299,0,0.8073664307594299,
24,300,0,0.36365318298339844,
24,301,0,0.3886803388595581,
24,302,0,0.8362516164779663,
24,303,0,0.5820448398590088,
24,304,0,0.8382255434989929,
24,305,0,0.44700509309768677,
24,306,0,0.20480239391326904,
24,307,0,0.8290191888809204,
24,308,0,0.8383303880691528,
24,309,0,0.1705663800239563,
24,310,0,0.814016580581665,
24,311,0,0.36752814054489136,
24,312,0,0.8209296464920044,
24,313,0,0.810464084148407,
24,314,0,0.3556672930717468,
24,315,0,0.6784427165985107,
24,316,0,0.8316419124603271,
24,317,0,0.5919553637504578,
24,318,0,0.30460721254348755,
24,319,0,0.2836090326309204,
24,320,0,0.741483211517334,
24,321,0,0.73152756690979,
24,322,0,0.7434104681015015,
24,323,0,0.2717868685722351,
24,324,0,0.8399940729141235,
24,325,0,0.7884422540664673,
24,326,0,0.8047459125518799,
24,327,0,0.7305774688720703,
24,328,0,0.6319819688796997,
24,329,0,0.7607484459877014,
24,330,0,0.3211795687675476,
24,331,0,0.2888113856315613,
24,332,0,0.7323329448699951,
24,333,0,0.22705471515655518,
24,334,0,0.7308272123336792,
24,335,0,0.3412185311317444,
24,336,0,0.8283242583274841,
24,337,0,0.41989201307296753,
24,338,0,0.6094970703125,
24,339,0,0.7846757769584656,
24,340,0,0.8359735012054443,
24,341,0,0.054514408111572266,
24,342,0,0.7262890338897705,
24,343,0,0.584087073802948,
24,344,0,0.7998475432395935,
24,345,0,0.8214253187179565,
24,346,0,0.21561813354492188,
24,347,0,0.1557801365852356,
24,348,0,0.7437547445297241,
24,349,0,0.7612616419792175,
24,350,0,0.6839950680732727,
24,351,0,0.7704532146453857,
24,352,0,0.8199609518051147,
24,353,0,0.8241454362869263,
24,354,0,0.6207058429718018,
24,355,0,0.15450972318649292,
24,356,0,0.758285403251648,
24,357,0,0.6467589735984802,
24,358,0,0.1894702911376953,
24,359,0,0.7767742872238159,
24,360,0,0.7492079734802246,
24,361,0,0.8399327397346497,
24,362,0,0.23155927658081055,
24,363,0,0.2742012143135071,
24,364,0,0.7495260238647461,
24,365,0,0.7836992144584656,
24,366,0,0.7427064180374146,
24,367,0,0.8296942710876465,
24,368,0,0.7468521595001221,
24,369,0,0.8052672147750854,
24,370,0,0.6022361516952515,
24,371,0,0.5976964235305786,
24,372,0,0.817897617816925,
24,373,0,0.7664612531661987,
24,374,0,0.3787514567375183,
24,375,0,0.6481455564498901,
24,376,0,0.6816360950469971,
24,377,0,0.30841052532196045,
24,378,0,0.36962592601776123,
24,379,0,0.7691276669502258,
24,380,0,0.3019734025001526,
24,381,0,0.2897069454193115,
24,382,0,0.27798396348953247,
24,383,0,0.8390811681747437,
24,384,0,0.3042824864387512,
24,385,0,0.28406018018722534,
24,386,0,0.2121720314025879,
24,387,0,0.39327341318130493,
24,388,0,0.05558258295059204,
24,389,0,0.7790126204490662,
24,390,0,0.7556278109550476,
24,391,0,0.584228515625,
24,392,0,0.665567934513092,
24,393,0,0.29084187746047974,
24,394,0,0.44314640760421753,
24,395,0,0.8048380613327026,
24,396,0,0.14436942338943481,
24,397,0,0.1645292043685913,
24,398,0,0.7902739644050598,
24,399,0,0.2504892945289612,
24,400,0,0.6182653903961182,
24,401,0,0.7355897426605225,
24,402,0,0.8261220455169678,
24,403,0,0.7930233478546143,
24,404,0,0.2949935793876648,
24,405,0,0.06093406677246094,
24,406,0,0.7414034605026245,
24,407,0,0.8327767848968506,
24,408,0,0.6907303333282471,
24,409,0,0.7093582153320312,
24,410,0,0.8353397846221924,
24,411,0,0.282278835773468,
24,412,0,0.6984337568283081,
24,413,0,0.06367480754852295,
24,414,0,0.7825707197189331,
24,415,0,0.6180057525634766,
24,416,0,0.8454297184944153,
24,417,0,0.05303037166595459,
24,418,0,0.4696696996688843,
24,419,0,0.4101743698120117,
24,420,0,0.22279459238052368,
24,421,0,0.23219776153564453,
24,422,0,0.7331665754318237,
24,423,0,0.8295323252677917,
24,424,0,0.7508552670478821,
24,425,0,0.8060594797134399,
24,426,0,0.8100018501281738,
24,427,0,0.8048942685127258,
24,428,0,0.4228067398071289,
24,429,0,0.812096357345581,
24,430,0,0.2369278073310852,
24,431,0,0.7893118262290955,
24,432,0,0.6434872150421143,
24,433,0,0.8072906136512756,
24,434,0,0.820997416973114,
24,435,0,0.8144314885139465,
24,436,0,0.5908322334289551,
24,437,0,0.049316227436065674,
24,438,0,0.6190760731697083,
24,439,0,0.20709282159805298,
24,440,0,0.8448455333709717,
24,441,0,0.7728253602981567,
24,442,0,0.8204532265663147,
24,443,0,0.8113672733306885,
24,444,0,0.7533451914787292,
24,445,0,0.8228311538696289,
24,446,0,0.6101292371749878,
24,447,0,0.26522254943847656,
24,448,0,0.051094233989715576,
24,449,0,0.7970985770225525,
24,450,0,0.7698293328285217,
24,451,0,0.2305195927619934,
24,452,0,0.7566652297973633,
24,453,0,0.26487141847610474,
24,454,0,0.4005727767944336,
24,455,0,0.5425236225128174,
24,456,0,0.7071889638900757,
24,457,0,0.6547287702560425,
24,458,0,0.5038710832595825,
24,459,0,0.7340971827507019,
24,460,0,0.8151793479919434,
24,461,0,0.4255271553993225,
24,462,0,0.802499532699585,
24,463,0,0.14019525051116943,
24,464,0,0.5766094923019409,
24,465,0,0.7399117946624756,
24,466,0,0.043773651123046875,
24,467,0,0.8031290173530579,
24,468,0,0.6192035675048828,
24,469,0,0.7794328331947327,
24,470,0,0.29808521270751953,
24,471,0,0.04798078536987305,
24,472,0,0.8362878561019897,
24,473,0,0.8323160409927368,
24,474,0,0.04829537868499756,
24,475,0,0.8217171430587769,
24,476,0,0.4280141592025757,
24,477,0,0.7646441459655762,
24,478,0,0.4656926989555359,
24,479,0,0.4623079299926758,
24,480,0,0.6581211090087891,
24,481,0,0.15411746501922607,
24,482,0,0.7080671191215515,
24,483,0,0.8288471698760986,
24,484,0,0.8268743753433228,
24,485,0,0.3979172110557556,
24,486,0,0.7070487141609192,
24,487,0,0.2974783182144165,
24,488,0,0.5900582075119019,
24,489,0,0.829288899898529,
24,490,0,0.7596832513809204,
24,491,0,0.8184252977371216,
24,492,0,0.6240341663360596,
24,493,0,0.7309144735336304,
24,494,0,0.05728024244308472,
24,495,0,0.3342624306678772,
24,496,0,0.25611454248428345,
24,497,0,0.7733246088027954,
24,498,0,0.4163467288017273,
24,499,0,0.8395324945449829,
24,500,0,0.7073420286178589,
24,501,0,0.7573603987693787,
24,502,0,0.8283404111862183,
24,503,0,0.1919482946395874,
24,504,0,0.7418221235275269,
24,505,0,0.4158775806427002,
24,506,0,0.7482041120529175,
24,507,0,0.25524455308914185,
24,508,0,0.838370680809021,
24,509,0,0.8352530002593994,
24,510,0,0.7636346817016602,
24,511,0,0.7503113150596619,
24,512,0,0.22809189558029175,
24,513,0,0.7214589715003967,
24,514,0,0.8116349577903748,
24,515,0,0.7940154075622559,
24,516,0,0.7402893900871277,
24,517,0,0.3433612585067749,
24,518,0,0.2121453881263733,
24,519,0,0.24919921159744263,
24,520,0,0.76462322473526,
24,521,0,0.7323722243309021,
24,522,0,0.2980220913887024,
24,523,0,0.8513723015785217,
24,524,0,0.7297593355178833,
24,525,0,0.05062156915664673,
24,526,0,0.2949044108390808,
24,527,0,0.8321208953857422,
24,528,0,0.04798543453216553,
24,529,0,0.7257080078125,
24,530,0,0.6840259432792664,
24,531,0,0.8398970365524292,
24,532,0,0.7960602045059204,
24,533,0,0.7949041724205017,
24,534,0,0.3693978190422058,
24,535,0,0.7146559953689575,
24,536,0,0.7875679731369019,
24,537,0,0.2548906207084656,
24,538,0,0.8232445120811462,
24,539,0,0.7055240869522095,
24,540,0,0.7822018265724182,
24,541,0,0.3786207437515259,
24,542,0,0.29304754734039307,
24,543,0,0.8397077918052673,
24,544,0,0.05526876449584961,
24,545,0,0.36529284715652466,
24,546,0,0.4133909344673157,
24,547,0,0.05738866329193115,
24,548,0,0.7735408544540405,
24,549,0,0.2826128602027893,
24,550,0,0.831878662109375,
24,551,0,0.8420695662498474,
24,552,0,0.7182201147079468,
24,553,0,0.407101035118103,
24,554,0,0.6405532956123352,
24,555,0,0.23387187719345093,
24,556,0,0.7669447660446167,
24,557,0,0.7362710237503052,
24,558,0,0.3427596092224121,
24,559,0,0.6189684867858887,
24,560,0,0.7829732894897461,
24,561,0,0.7524154186248779,
24,562,0,0.15842533111572266,
24,563,0,0.7537691593170166,
24,564,0,0.44849729537963867,
24,565,0,0.2945821285247803,
24,566,0,0.34379398822784424,
24,567,0,0.8512111306190491,
24,568,0,0.1985955834388733,
24,569,0,0.8250646591186523,
24,570,0,0.5998033285140991,
24,571,0,0.569933295249939,
24,572,0,0.27935272455215454,
24,573,0,0.7422806024551392,
24,574,0,0.2920152544975281,
24,575,0,0.25341343879699707,
24,576,0,0.6836089491844177,
24,577,0,0.2543613910675049,
24,578,0,0.27038484811782837,
24,579,0,0.7793793678283691,
24,580,0,0.24913090467453003,
24,581,0,0.36580169200897217,
24,582,0,0.7060253024101257,
24,583,0,0.7694621086120605,
24,584,0,0.4265843629837036,
24,585,0,0.8086196184158325,
24,586,0,0.8284298181533813,
24,587,0,0.575194239616394,
24,588,0,0.2057434320449829,
24,589,0,0.6114422678947449,
24,590,0,0.8237410187721252,
24,591,0,0.23623692989349365,
24,592,0,0.8143867254257202,
24,593,0,0.8223865032196045,
24,594,0,0.8152232766151428,
24,595,0,0.7175637483596802,
24,596,0,0.40903323888778687,
24,597,0,0.14920902252197266,
24,598,0,0.29580408334732056,
24,599,0,0.2913849949836731,
24,600,0,0.6253374814987183,
24,601,0,0.372938334941864,
24,602,0,0.17674332857131958,
24,603,0,0.2793577313423157,
24,604,0,0.7408044338226318,
24,605,0,0.7752980589866638,
24,606,0,0.27406561374664307,
24,607,0,0.6247445940971375,
24,608,0,0.6243487596511841,
24,609,0,0.8301672339439392,
24,610,0,0.8294880986213684,
24,611,0,0.834547758102417,
24,612,0,0.6506966352462769,
24,613,0,0.6263613700866699,
24,614,0,0.8271512985229492,
24,615,0,0.36580508947372437,
24,616,0,0.7611743211746216,
24,617,0,0.25131869316101074,
24,618,0,0.15590542554855347,
24,619,0,0.35255658626556396,
24,620,0,0.8324843645095825,
24,621,0,0.39935362339019775,
24,622,0,0.689258337020874,
24,623,0,0.40752387046813965,
24,624,0,0.30009233951568604,
24,625,0,0.8423282504081726,
24,626,0,0.8097202777862549,
24,627,0,0.8125084042549133,
24,628,0,0.8410046100616455,
24,629,0,0.4535917043685913,
24,630,0,0.06063956022262573,
24,631,0,0.1658613085746765,
24,632,0,0.8090735673904419,
24,633,0,0.5958369970321655,
24,634,0,0.7430282831192017,
24,635,0,0.4595143795013428,
24,636,0,0.8085492253303528,
24,637,0,0.7029616832733154,
24,638,0,0.73426353931427,
24,639,0,0.7534869313240051,
24,640,0,0.1377391815185547,
24,641,0,0.7452283501625061,
24,642,0,0.7703573703765869,
24,643,0,0.3928677439689636,
24,644,0,0.3745657205581665,
24,645,0,0.6973897218704224,
24,646,0,0.8129205107688904,
24,647,0,0.7593078017234802,
24,648,0,0.8075825572013855,
24,649,0,0.044610023498535156,
24,650,0,0.7574620246887207,
24,651,0,0.40810632705688477,
24,652,0,0.5789401531219482,
24,653,0,0.5585799217224121,
24,654,0,0.7544776797294617,
24,655,0,0.23133587837219238,
24,656,0,0.2292301058769226,
24,657,0,0.3389796018600464,
24,658,0,0.636650562286377,
24,659,0,0.0483856201171875,
24,660,0,0.8564516305923462,
24,661,0,0.6343746185302734,
24,662,0,0.8122405409812927,
24,663,0,0.7218754291534424,
24,664,0,0.839084267616272,
24,665,0,0.40188485383987427,
24,666,0,0.05465620756149292,
24,667,0,0.8173791170120239,
24,668,0,0.27471452951431274,
24,669,0,0.42890477180480957,
24,670,0,0.356525719165802,
24,671,0,0.7574837803840637,
24,672,0,0.1488448977470398,
24,673,0,0.25217169523239136,
24,674,0,0.4027588963508606,
24,675,0,0.761957049369812,
24,676,0,0.14689338207244873,
24,677,0,0.5870651602745056,
24,678,0,0.7248175144195557,
24,679,0,0.8008055686950684,
24,680,0,0.0583491325378418,
24,681,0,0.7367922067642212,
24,682,0,0.2885616421699524,
24,683,0,0.32159262895584106,
24,684,0,0.7308226823806763,
24,685,0,0.8127976655960083,
24,686,0,0.7251113653182983,
24,687,0,0.5940719842910767,
24,688,0,0.25559550523757935,
24,689,0,0.7289848923683167,
24,690,0,0.8345469236373901,
24,691,0,0.15024328231811523,
24,692,0,0.3348502516746521,
24,693,0,0.6959342956542969,
24,694,0,0.7595019936561584,
24,695,0,0.755332350730896,
24,696,0,0.17453402280807495,
24,697,0,0.7463611364364624,
24,698,0,0.8384339213371277,
24,699,0,0.42470186948776245,
24,700,0,0.252013623714447,
24,701,0,0.83101487159729,
24,702,0,0.78399658203125,
24,703,0,0.7112870216369629,
24,704,0,0.137403666973114,
24,705,0,0.051482975482940674,
24,706,0,0.8352057337760925,
24,707,0,0.8016804456710815,
24,708,0,0.8320983648300171,
24,709,0,0.737443745136261,
24,710,0,0.39499908685684204,
24,711,0,0.3288552165031433,
24,712,0,0.25196558237075806,
24,713,0,0.3912440538406372,
24,714,0,0.8368209004402161,
24,715,0,0.4134107232093811,
24,716,0,0.7617647647857666,
24,717,0,0.6383489370346069,
24,718,0,0.8101743459701538,
24,719,0,0.8278074860572815,
24,720,0,0.7901467680931091,
24,721,0,0.7804516553878784,
24,722,0,0.6562895774841309,
24,723,0,0.16009998321533203,
24,724,0,0.5682493448257446,
24,725,0,0.19131237268447876,
24,726,0,0.8213407397270203,
24,727,0,0.8047011494636536,
24,728,0,0.18127328157424927,
24,729,0,0.4241592288017273,
24,730,0,0.32642316818237305,
24,731,0,0.8228094577789307,
24,732,0,0.8068000078201294,
24,733,0,0.37696075439453125,
24,734,0,0.8170666694641113,
24,735,0,0.2928382158279419,
24,736,0,0.7486027479171753,
24,737,0,0.7045317888259888,
24,738,0,0.8191783428192139,
24,739,0,0.6071972250938416,
24,740,0,0.27811068296432495,
24,741,0,0.687280535697937,
24,742,0,0.8210074305534363,
24,743,0,0.8405369520187378,
24,744,0,0.728241503238678,
24,745,0,0.2578743100166321,
24,746,0,0.7295396327972412,
24,747,0,0.7634552121162415,
24,748,0,0.718552827835083,
24,749,0,0.8221250772476196,
24,750,0,0.8107424974441528,
24,751,0,0.8219258189201355,
24,752,0,0.664626955986023,
24,753,0,0.43739157915115356,
24,754,0,0.6173642873764038,
24,755,0,0.8396903872489929,
24,756,0,0.826276957988739,
24,757,0,0.8359694480895996,
24,758,0,0.5695667266845703,
24,759,0,0.050045549869537354,
24,760,0,0.42687612771987915,
24,761,0,0.743637204170227,
24,762,0,0.7747005224227905,
24,763,0,0.29337650537490845,
24,764,0,0.29169899225234985,
24,765,0,0.8001394271850586,
24,766,0,0.16471004486083984,
24,767,0,0.7468876838684082,
24,768,0,0.8255926966667175,
24,769,0,0.1855798363685608,
24,770,0,0.6988332271575928,
24,771,0,0.5765831470489502,
24,772,0,0.8026344776153564,
24,773,0,0.18925148248672485,
24,774,0,0.8273858428001404,
24,775,0,0.7871655225753784,
24,776,0,0.24551016092300415,
24,777,0,0.7214123010635376,
24,778,0,0.38544344902038574,
24,779,0,0.8332938551902771,
24,780,0,0.7526846528053284,
24,781,0,0.827332615852356,
24,782,0,0.3489082455635071,
24,783,0,0.8064367771148682,
24,784,0,0.3709747791290283,
24,785,0,0.045584261417388916,
24,786,0,0.4529206156730652,
24,787,0,0.2355974316596985,
24,788,0,0.7231266498565674,
24,789,0,0.2628154158592224,
24,790,0,0.672020435333252,
24,791,0,0.4451427459716797,
24,792,0,0.3262929320335388,
24,793,0,0.7952442169189453,
24,794,0,0.8315994143486023,
24,795,0,0.2543606758117676,
24,796,0,0.8243247866630554,
24,797,0,0.05719757080078125,
24,798,0,0.42178601026535034,
24,799,0,0.8246335387229919,
24,val,,,0.5840496432781219
25,0,0,0.3654835820198059,
25,1,0,0.8137017488479614,
25,2,0,0.5473370552062988,
25,3,0,0.689210057258606,
25,4,0,0.3721258044242859,
25,5,0,0.7610270380973816,
25,6,0,0.15606307983398438,
25,7,0,0.44238829612731934,
25,8,0,0.21169042587280273,
25,9,0,0.811375617980957,
25,10,0,0.06428676843643188,
25,11,0,0.7328360676765442,
25,12,0,0.8287643194198608,
25,13,0,0.8229727149009705,
25,14,0,0.7412979602813721,
25,15,0,0.8141814470291138,
25,16,0,0.489687442779541,
25,17,0,0.31671708822250366,
25,18,0,0.7864682674407959,
25,19,0,0.79914391040802,
25,20,0,0.7400488257408142,
25,21,0,0.45880067348480225,
25,22,0,0.24299442768096924,
25,23,0,0.6780108213424683,
25,24,0,0.8207898139953613,
25,25,0,0.7197399139404297,
25,26,0,0.8359726667404175,
25,27,0,0.3586571216583252,
25,28,0,0.2568991780281067,
25,29,0,0.438664972782135,
25,30,0,0.8299816846847534,
25,31,0,0.7140340805053711,
25,32,0,0.41514235734939575,
25,33,0,0.7438161373138428,
25,34,0,0.7292537689208984,
25,35,0,0.2551102638244629,
25,36,0,0.39518117904663086,
25,37,0,0.8197250962257385,
25,38,0,0.17380958795547485,
25,39,0,0.8354312181472778,
25,40,0,0.14679557085037231,
25,41,0,0.5997061729431152,
25,42,0,0.45621681213378906,
25,43,0,0.04001122713088989,
25,44,0,0.7429238557815552,
25,45,0,0.4366205930709839,
25,46,0,0.04553794860839844,
25,47,0,0.04954296350479126,
25,48,0,0.8285146951675415,
25,49,0,0.29178744554519653,
25,50,0,0.8335361480712891,
25,51,0,0.32719963788986206,
25,52,0,0.3691336512565613,
25,53,0,0.04988640546798706,
25,54,0,0.8429840803146362,
25,55,0,0.42664414644241333,
25,56,0,0.7757464051246643,
25,57,0,0.48083609342575073,
25,58,0,0.8310292959213257,
25,59,0,0.33276450634002686,
25,60,0,0.39543616771698,
25,61,0,0.5794738531112671,
25,62,0,0.8171319365501404,
25,63,0,0.24277454614639282,
25,64,0,0.24284511804580688,
25,65,0,0.5932035446166992,
25,66,0,0.7030092477798462,
25,67,0,0.3725479245185852,
25,68,0,0.8083487153053284,
25,69,0,0.4012452960014343,
25,70,0,0.4550272822380066,
25,71,0,0.5976406335830688,
25,72,0,0.6681276559829712,
25,73,0,0.7894017100334167,
25,74,0,0.8123774528503418,
25,75,0,0.554915189743042,
25,76,0,0.8005139827728271,
25,77,0,0.6240938901901245,
25,78,0,0.15099161863327026,
25,79,0,0.7535154223442078,
25,80,0,0.4405438303947449,
25,81,0,0.8067581653594971,
25,82,0,0.047036707401275635,
25,83,0,0.7046904563903809,
25,84,0,0.8194854855537415,
25,85,0,0.4872894883155823,
25,86,0,0.7320535182952881,
25,87,0,0.5533772706985474,
25,88,0,0.8092441558837891,
25,89,0,0.43669795989990234,
25,90,0,0.7277840971946716,
25,91,0,0.8081769347190857,
25,92,0,0.8404752016067505,
25,93,0,0.8149703145027161,
25,94,0,0.4321480393409729,
25,95,0,0.7197505235671997,
25,96,0,0.2572997212409973,
25,97,0,0.8347015976905823,
25,98,0,0.5721979141235352,
25,99,0,0.7791076898574829,
25,100,0,0.738438606262207,
25,101,0,0.6447218656539917,
25,102,0,0.7126597166061401,
25,103,0,0.6998593807220459,
25,104,0,0.8270140290260315,
25,105,0,0.31190377473831177,
25,106,0,0.7448160648345947,
25,107,0,0.8120647668838501,
25,108,0,0.5970180034637451,
25,109,0,0.8175287246704102,
25,110,0,0.7554515600204468,
25,111,0,0.8060030341148376,
25,112,0,0.832743227481842,
25,113,0,0.3907237648963928,
25,114,0,0.23667210340499878,
25,115,0,0.7542723417282104,
25,116,0,0.8050486445426941,
25,117,0,0.3432658314704895,
25,118,0,0.8017377853393555,
25,119,0,0.310360848903656,
25,120,0,0.8175231218338013,
25,121,0,0.8348928093910217,
25,122,0,0.7236838340759277,
25,123,0,0.06461191177368164,
25,124,0,0.39819246530532837,
25,125,0,0.7491117715835571,
25,126,0,0.7136352062225342,
25,127,0,0.8226897120475769,
25,128,0,0.7047410011291504,
25,129,0,0.8375461101531982,
25,130,0,0.6067773103713989,
25,131,0,0.7283172607421875,
25,132,0,0.6561021208763123,
25,133,0,0.22692179679870605,
25,134,0,0.38970547914505005,
25,135,0,0.4638631343841553,
25,136,0,0.053515732288360596,
25,137,0,0.12034910917282104,
25,138,0,0.23732787370681763,
25,139,0,0.4423527717590332,
25,140,0,0.7510826587677002,
25,141,0,0.6714873909950256,
25,142,0,0.738749086856842,
25,143,0,0.7663699388504028,
25,144,0,0.8091529607772827,
25,145,0,0.18133580684661865,
25,146,0,0.6736082434654236,
25,147,0,0.21771639585494995,
25,148,0,0.7615811228752136,
25,149,0,0.7840893268585205,
25,150,0,0.8017838597297668,
25,151,0,0.737552285194397,
25,152,0,0.7252964377403259,
25,153,0,0.8257718086242676,
25,154,0,0.8302180767059326,
25,155,0,0.7063213586807251,
25,156,0,0.04768788814544678,
25,157,0,0.604633092880249,
25,158,0,0.7707529664039612,
25,159,0,0.8085291981697083,
25,160,0,0.31761425733566284,
25,161,0,0.057520270347595215,
25,162,0,0.8370596766471863,
25,163,0,0.26142293214797974,
25,164,0,0.3341558575630188,
25,165,0,0.7196476459503174,
25,166,0,0.23610258102416992,
25,167,0,0.767020583152771,
25,168,0,0.8392435312271118,
25,169,0,0.1305420994758606,
25,170,0,0.667609453201294,
25,171,0,0.7434600591659546,
25,172,0,0.7382675409317017,
25,173,0,0.6259506344795227,
25,174,0,0.7503845691680908,
25,175,0,0.38722991943359375,
25,176,0,0.7631850242614746,
25,177,0,0.26277971267700195,
25,178,0,0.8307073712348938,
25,179,0,0.29309308528900146,
25,180,0,0.779782772064209,
25,181,0,0.7939446568489075,
25,182,0,0.3124891519546509,
25,183,0,0.1621137261390686,
25,184,0,0.7700315713882446,
25,185,0,0.7406399250030518,
25,186,0,0.2619171142578125,
25,187,0,0.6282364130020142,
25,188,0,0.6212345957756042,
25,189,0,0.25116342306137085,
25,190,0,0.06251603364944458,
25,191,0,0.42502695322036743,
25,192,0,0.7446893453598022,
25,193,0,0.7290002107620239,
25,194,0,0.729677140712738,
25,195,0,0.8332833051681519,
25,196,0,0.7159228324890137,
25,197,0,0.176760733127594,
25,198,0,0.8004155158996582,
25,199,0,0.2324196696281433,
25,200,0,0.6502701640129089,
25,201,0,0.04511231184005737,
25,202,0,0.24976688623428345,
25,203,0,0.8305078744888306,
25,204,0,0.2856975197792053,
25,205,0,0.2128363847732544,
25,206,0,0.30763083696365356,
25,207,0,0.14190977811813354,
25,208,0,0.4603220820426941,
25,209,0,0.7770412564277649,
25,210,0,0.27360910177230835,
25,211,0,0.8207984566688538,
25,212,0,0.4080842137336731,
25,213,0,0.7902128100395203,
25,214,0,0.8340743184089661,
25,215,0,0.7597118020057678,
25,216,0,0.430495023727417,
25,217,0,0.8240525126457214,
25,218,0,0.7849836349487305,
25,219,0,0.729315459728241,
25,220,0,0.23881417512893677,
25,221,0,0.7373283505439758,
25,222,0,0.27591443061828613,
25,223,0,0.4399704337120056,
25,224,0,0.6921581029891968,
25,225,0,0.26991236209869385,
25,226,0,0.7842789888381958,
25,227,0,0.15860754251480103,
25,228,0,0.5880603790283203,
25,229,0,0.3906059265136719,
25,230,0,0.3930424451828003,
25,231,0,0.7111576795578003,
25,232,0,0.8537971377372742,
25,233,0,0.8439467549324036,
25,234,0,0.8162156343460083,
25,235,0,0.04107940196990967,
25,236,0,0.4037277102470398,
25,237,0,0.8225734829902649,
25,238,0,0.44469016790390015,
25,239,0,0.35650402307510376,
25,240,0,0.8164213299751282,
25,241,0,0.7326940894126892,
25,242,0,0.8200653791427612,
25,243,0,0.4160478711128235,
25,244,0,0.26950275897979736,
25,245,0,0.05055046081542969,
25,246,0,0.37879592180252075,
25,247,0,0.8331799507141113,
25,248,0,0.41651153564453125,
25,249,0,0.8129076957702637,
25,250,0,0.10905390977859497,
25,251,0,0.8404393196105957,
25,252,0,0.7676851153373718,
25,253,0,0.741049587726593,
25,254,0,0.035552382469177246,
25,255,0,0.7405874729156494,
25,256,0,0.5307776927947998,
25,257,0,0.8420219421386719,
25,258,0,0.7581244707107544,
25,259,0,0.838814914226532,
25,260,0,0.5001304149627686,
25,261,0,0.7404637336730957,
25,262,0,0.7662845849990845,
25,263,0,0.7167805433273315,
25,264,0,0.26349854469299316,
25,265,0,0.7601168751716614,
25,266,0,0.8147708177566528,
25,267,0,0.8338952660560608,
25,268,0,0.29126983880996704,
25,269,0,0.4251197576522827,
25,270,0,0.5593377351760864,
25,271,0,0.8113689422607422,
25,272,0,0.3548298478126526,
25,273,0,0.8382793664932251,
25,274,0,0.805225133895874,
25,275,0,0.14947658777236938,
25,276,0,0.8079752922058105,
25,277,0,0.059432029724121094,
25,278,0,0.49093371629714966,
25,279,0,0.733129620552063,
25,280,0,0.7646173238754272,
25,281,0,0.7890135049819946,
25,282,0,0.7384638786315918,
25,283,0,0.7506784200668335,
25,284,0,0.809722900390625,
25,285,0,0.7315042018890381,
25,286,0,0.6208584308624268,
25,287,0,0.7199351787567139,
25,288,0,0.724253237247467,
25,289,0,0.4974484443664551,
25,290,0,0.8263957500457764,
25,291,0,0.04636925458908081,
25,292,0,0.3521689176559448,
25,293,0,0.8431979417800903,
25,294,0,0.8333385586738586,
25,295,0,0.751552164554596,
25,296,0,0.4546095132827759,
25,297,0,0.046470701694488525,
25,298,0,0.8464434146881104,
25,299,0,0.8079965114593506,
25,300,0,0.35467392206192017,
25,301,0,0.3897845149040222,
25,302,0,0.8376262187957764,
25,303,0,0.5890547037124634,
25,304,0,0.83978670835495,
25,305,0,0.454220175743103,
25,306,0,0.20334631204605103,
25,307,0,0.8290418982505798,
25,308,0,0.8385293483734131,
25,309,0,0.1803228259086609,
25,310,0,0.8146363496780396,
25,311,0,0.36337077617645264,
25,312,0,0.8204545974731445,
25,313,0,0.8106086850166321,
25,314,0,0.3537224531173706,
25,315,0,0.6645430326461792,
25,316,0,0.8287496566772461,
25,317,0,0.5742412805557251,
25,318,0,0.3087056279182434,
25,319,0,0.2808738350868225,
25,320,0,0.7405087947845459,
25,321,0,0.7212290167808533,
25,322,0,0.7322614192962646,
25,323,0,0.27106231451034546,
25,324,0,0.8389362096786499,
25,325,0,0.7860097289085388,
25,326,0,0.8031668663024902,
25,327,0,0.7305512428283691,
25,328,0,0.6236475110054016,
25,329,0,0.7611244320869446,
25,330,0,0.3273833394050598,
25,331,0,0.2812405228614807,
25,332,0,0.7294824123382568,
25,333,0,0.23404806852340698,
25,334,0,0.7228280305862427,
25,335,0,0.342368483543396,
25,336,0,0.8265432119369507,
25,337,0,0.4151952862739563,
25,338,0,0.6024706363677979,
25,339,0,0.7886247634887695,
25,340,0,0.835874080657959,
25,341,0,0.054293930530548096,
25,342,0,0.731012225151062,
25,343,0,0.5878002047538757,
25,344,0,0.8003058433532715,
25,345,0,0.8180006742477417,
25,346,0,0.21723002195358276,
25,347,0,0.15379196405410767,
25,348,0,0.7420006990432739,
25,349,0,0.7598229646682739,
25,350,0,0.6855409145355225,
25,351,0,0.7727152109146118,
25,352,0,0.8214367628097534,
25,353,0,0.8183540105819702,
25,354,0,0.6160792112350464,
25,355,0,0.15507030487060547,
25,356,0,0.7579541206359863,
25,357,0,0.6405171155929565,
25,358,0,0.18608999252319336,
25,359,0,0.7827011942863464,
25,360,0,0.7360432147979736,
25,361,0,0.839641809463501,
25,362,0,0.22965794801712036,
25,363,0,0.26854807138442993,
25,364,0,0.748909592628479,
25,365,0,0.7677148580551147,
25,366,0,0.737970232963562,
25,367,0,0.8282641172409058,
25,368,0,0.7383948564529419,
25,369,0,0.8054336309432983,
25,370,0,0.6052700281143188,
25,371,0,0.5893872976303101,
25,372,0,0.8184889554977417,
25,373,0,0.7463488578796387,
25,374,0,0.37879616022109985,
25,375,0,0.6497102975845337,
25,376,0,0.6645403504371643,
25,377,0,0.30506467819213867,
25,378,0,0.37072324752807617,
25,379,0,0.7604103088378906,
25,380,0,0.30468136072158813,
25,381,0,0.28931790590286255,
25,382,0,0.2704647183418274,
25,383,0,0.8376503586769104,
25,384,0,0.3100036382675171,
25,385,0,0.28467822074890137,
25,386,0,0.21111023426055908,
25,387,0,0.3876726031303406,
25,388,0,0.052693188190460205,
25,389,0,0.7742466330528259,
25,390,0,0.7539074420928955,
25,391,0,0.5737687349319458,
25,392,0,0.6639510989189148,
25,393,0,0.2905006408691406,
25,394,0,0.448805034160614,
25,395,0,0.8073720932006836,
25,396,0,0.14548927545547485,
25,397,0,0.1678333282470703,
25,398,0,0.793244481086731,
25,399,0,0.247608482837677,
25,400,0,0.603155255317688,
25,401,0,0.7372795343399048,
25,402,0,0.8223509788513184,
25,403,0,0.7918483018875122,
25,404,0,0.2858174443244934,
25,405,0,0.06162530183792114,
25,406,0,0.7312745451927185,
25,407,0,0.8271172046661377,
25,408,0,0.6785260438919067,
25,409,0,0.70484858751297,
25,410,0,0.8288349509239197,
25,411,0,0.28134751319885254,
25,412,0,0.6829288005828857,
25,413,0,0.060740649700164795,
25,414,0,0.7819713354110718,
25,415,0,0.618727445602417,
25,416,0,0.826047956943512,
25,417,0,0.049292147159576416,
25,418,0,0.46689873933792114,
25,419,0,0.4494231939315796,
25,420,0,0.22705727815628052,
25,421,0,0.22996985912322998,
25,422,0,0.7390516996383667,
25,423,0,0.8305175304412842,
25,424,0,0.7517161965370178,
25,425,0,0.8048365712165833,
25,426,0,0.8098752498626709,
25,427,0,0.8035516142845154,
25,428,0,0.42977142333984375,
25,429,0,0.8144204020500183,
25,430,0,0.2379918098449707,
25,431,0,0.7842802405357361,
25,432,0,0.6276106834411621,
25,433,0,0.8115735650062561,
25,434,0,0.825331449508667,
25,435,0,0.8152003288269043,
25,436,0,0.592995285987854,
25,437,0,0.04854297637939453,
25,438,0,0.6102433204650879,
25,439,0,0.2090829610824585,
25,440,0,0.8444185853004456,
25,441,0,0.7686759233474731,
25,442,0,0.8198721408843994,
25,443,0,0.8121873736381531,
25,444,0,0.7550653219223022,
25,445,0,0.8232845664024353,
25,446,0,0.5997921824455261,
25,447,0,0.2896307706832886,
25,448,0,0.05078446865081787,
25,449,0,0.7976523041725159,
25,450,0,0.7817041873931885,
25,451,0,0.2345576286315918,
25,452,0,0.7533032894134521,
25,453,0,0.2649537920951843,
25,454,0,0.39831483364105225,
25,455,0,0.5440795421600342,
25,456,0,0.7070366740226746,
25,457,0,0.647515058517456,
25,458,0,0.5012024641036987,
25,459,0,0.722617506980896,
25,460,0,0.8136002421379089,
25,461,0,0.42534905672073364,
25,462,0,0.8014786243438721,
25,463,0,0.1430761218070984,
25,464,0,0.572987973690033,
25,465,0,0.7357016801834106,
25,466,0,0.04306274652481079,
25,467,0,0.8068077564239502,
25,468,0,0.6213127970695496,
25,469,0,0.7850397229194641,
25,470,0,0.30248910188674927,
25,471,0,0.04763144254684448,
25,472,0,0.840029776096344,
25,473,0,0.8355018496513367,
25,474,0,0.04767417907714844,
25,475,0,0.8249248266220093,
25,476,0,0.42927664518356323,
25,477,0,0.7499107122421265,
25,478,0,0.4625399708747864,
25,479,0,0.45590806007385254,
25,480,0,0.6540243029594421,
25,481,0,0.15507715940475464,
25,482,0,0.6944642066955566,
25,483,0,0.8298789262771606,
25,484,0,0.8270206451416016,
25,485,0,0.4017467498779297,
25,486,0,0.7103822231292725,
25,487,0,0.28983110189437866,
25,488,0,0.572075605392456,
25,489,0,0.8290160894393921,
25,490,0,0.76154625415802,
25,491,0,0.8196893334388733,
25,492,0,0.6244297027587891,
25,493,0,0.7352250814437866,
25,494,0,0.05632132291793823,
25,495,0,0.32786494493484497,
25,496,0,0.26533186435699463,
25,497,0,0.7737696766853333,
25,498,0,0.41440141201019287,
25,499,0,0.8367462158203125,
25,500,0,0.6961960196495056,
25,501,0,0.760248064994812,
25,502,0,0.8286149501800537,
25,503,0,0.1916782259941101,
25,504,0,0.7449344396591187,
25,505,0,0.4122503399848938,
25,506,0,0.7514678239822388,
25,507,0,0.26089954376220703,
25,508,0,0.8384524583816528,
25,509,0,0.8350695371627808,
25,510,0,0.7567528486251831,
25,511,0,0.7464088201522827,
25,512,0,0.22734785079956055,
25,513,0,0.723533034324646,
25,514,0,0.7970098257064819,
25,515,0,0.7907485365867615,
25,516,0,0.7407246828079224,
25,517,0,0.3403278589248657,
25,518,0,0.2079046368598938,
25,519,0,0.24898529052734375,
25,520,0,0.7494899034500122,
25,521,0,0.7080304026603699,
25,522,0,0.30334389209747314,
25,523,0,0.8500001430511475,
25,524,0,0.7311365604400635,
25,525,0,0.04984551668167114,
25,526,0,0.2798667550086975,
25,527,0,0.8315341472625732,
25,528,0,0.04727107286453247,
25,529,0,0.7162214517593384,
25,530,0,0.671029806137085,
25,531,0,0.8359807729721069,
25,532,0,0.7975675463676453,
25,533,0,0.7940093874931335,
25,534,0,0.3710821866989136,
25,535,0,0.7201566696166992,
25,536,0,0.7877538204193115,
25,537,0,0.2530636787414551,
25,538,0,0.8227123618125916,
25,539,0,0.6852977275848389,
25,540,0,0.7838413715362549,
25,541,0,0.3818438649177551,
25,542,0,0.3003840446472168,
25,543,0,0.839540421962738,
25,544,0,0.054713428020477295,
25,545,0,0.36596328020095825,
25,546,0,0.4176495671272278,
25,547,0,0.05789881944656372,
25,548,0,0.7740169763565063,
25,549,0,0.2788563370704651,
25,550,0,0.8315894603729248,
25,551,0,0.8420745730400085,
25,552,0,0.7191139459609985,
25,553,0,0.406663715839386,
25,554,0,0.6467745304107666,
25,555,0,0.23343563079833984,
25,556,0,0.7629454731941223,
25,557,0,0.7380349636077881,
25,558,0,0.3421393036842346,
25,559,0,0.6226281523704529,
25,560,0,0.7816088795661926,
25,561,0,0.7474120259284973,
25,562,0,0.15998047590255737,
25,563,0,0.7396657466888428,
25,564,0,0.4397450089454651,
25,565,0,0.30227023363113403,
25,566,0,0.34211695194244385,
25,567,0,0.847015380859375,
25,568,0,0.19503933191299438,
25,569,0,0.8241044878959656,
25,570,0,0.5962698459625244,
25,571,0,0.5760782957077026,
25,572,0,0.27261704206466675,
25,573,0,0.732622504234314,
25,574,0,0.2875998616218567,
25,575,0,0.2509678602218628,
25,576,0,0.6714540719985962,
25,577,0,0.2573477029800415,
25,578,0,0.27377253770828247,
25,579,0,0.7811771035194397,
25,580,0,0.24494284391403198,
25,581,0,0.36921781301498413,
25,582,0,0.6946069002151489,
25,583,0,0.7693014144897461,
25,584,0,0.43025726079940796,
25,585,0,0.8076379299163818,
25,586,0,0.8289090394973755,
25,587,0,0.5689589977264404,
25,588,0,0.20606344938278198,
25,589,0,0.6049778461456299,
25,590,0,0.8249162435531616,
25,591,0,0.23981493711471558,
25,592,0,0.8122903108596802,
25,593,0,0.8210591673851013,
25,594,0,0.8149280548095703,
25,595,0,0.7112520933151245,
25,596,0,0.4055975675582886,
25,597,0,0.14968639612197876,
25,598,0,0.2933921813964844,
25,599,0,0.29787832498550415,
25,600,0,0.6622408628463745,
25,601,0,0.37439173460006714,
25,602,0,0.18037813901901245,
25,603,0,0.28380584716796875,
25,604,0,0.7329825162887573,
25,605,0,0.7735708951950073,
25,606,0,0.27459895610809326,
25,607,0,0.6306407451629639,
25,608,0,0.6201550364494324,
25,609,0,0.8271620869636536,
25,610,0,0.8315731287002563,
25,611,0,0.8442295789718628,
25,612,0,0.6574883460998535,
25,613,0,0.6209005117416382,
25,614,0,0.826819121837616,
25,615,0,0.35995131731033325,
25,616,0,0.7590928077697754,
25,617,0,0.2523369789123535,
25,618,0,0.16004598140716553,
25,619,0,0.3478570580482483,
25,620,0,0.8313615322113037,
25,621,0,0.3956943154335022,
25,622,0,0.6627810001373291,
25,623,0,0.41046053171157837,
25,624,0,0.2819164991378784,
25,625,0,0.8438873887062073,
25,626,0,0.8128994703292847,
25,627,0,0.8117389678955078,
25,628,0,0.8449313044548035,
25,629,0,0.45256489515304565,
25,630,0,0.05984532833099365,
25,631,0,0.16521912813186646,
25,632,0,0.8092804551124573,
25,633,0,0.5990417003631592,
25,634,0,0.7386287450790405,
25,635,0,0.4553770422935486,
25,636,0,0.8071858882904053,
25,637,0,0.7039172649383545,
25,638,0,0.726395845413208,
25,639,0,0.7500251531600952,
25,640,0,0.13933026790618896,
25,641,0,0.7450664639472961,
25,642,0,0.7682647705078125,
25,643,0,0.38644587993621826,
25,644,0,0.3668671250343323,
25,645,0,0.6940958499908447,
25,646,0,0.8207412362098694,
25,647,0,0.760838508605957,
25,648,0,0.8124983310699463,
25,649,0,0.043609619140625,
25,650,0,0.7562991976737976,
25,651,0,0.40351665019989014,
25,652,0,0.5613267421722412,
25,653,0,0.5570487380027771,
25,654,0,0.751360297203064,
25,655,0,0.2242351770401001,
25,656,0,0.22854191064834595,
25,657,0,0.33677345514297485,
25,658,0,0.6151427626609802,
25,659,0,0.04910171031951904,
25,660,0,0.8528850078582764,
25,661,0,0.6399306058883667,
25,662,0,0.8192344903945923,
25,663,0,0.7200486660003662,
25,664,0,0.8370663523674011,
25,665,0,0.3999289274215698,
25,666,0,0.055045127868652344,
25,667,0,0.8108382225036621,
25,668,0,0.2687278389930725,
25,669,0,0.4279101490974426,
25,670,0,0.36100608110427856,
25,671,0,0.7573047876358032,
25,672,0,0.1481161117553711,
25,673,0,0.25990360975265503,
25,674,0,0.4000055193901062,
25,675,0,0.7617153525352478,
25,676,0,0.14362388849258423,
25,677,0,0.5834664702415466,
25,678,0,0.7232373952865601,
25,679,0,0.801543653011322,
25,680,0,0.05836677551269531,
25,681,0,0.7251664400100708,
25,682,0,0.277828574180603,
25,683,0,0.32407915592193604,
25,684,0,0.7229453921318054,
25,685,0,0.8132624626159668,
25,686,0,0.7103515863418579,
25,687,0,0.5949349403381348,
25,688,0,0.25025105476379395,
25,689,0,0.7426505088806152,
25,690,0,0.832099437713623,
25,691,0,0.15170389413833618,
25,692,0,0.3338281512260437,
25,693,0,0.6965755820274353,
25,694,0,0.756627082824707,
25,695,0,0.7541840076446533,
25,696,0,0.17705494165420532,
25,697,0,0.7466021776199341,
25,698,0,0.8360954523086548,
25,699,0,0.4233704209327698,
25,700,0,0.2526535987854004,
25,701,0,0.8318851590156555,
25,702,0,0.7858064770698547,
25,703,0,0.7182703018188477,
25,704,0,0.13675075769424438,
25,705,0,0.050817012786865234,
25,706,0,0.8389286994934082,
25,707,0,0.8047828078269958,
25,708,0,0.8395472764968872,
25,709,0,0.7406566143035889,
25,710,0,0.39098143577575684,
25,711,0,0.32389605045318604,
25,712,0,0.2520288825035095,
25,713,0,0.3863525390625,
25,714,0,0.8317922353744507,
25,715,0,0.4070538282394409,
25,716,0,0.7533621788024902,
25,717,0,0.6374127864837646,
25,718,0,0.807517945766449,
25,719,0,0.823113739490509,
25,720,0,0.788258969783783,
25,721,0,0.7843834161758423,
25,722,0,0.6336359977722168,
25,723,0,0.15972167253494263,
25,724,0,0.6015509366989136,
25,725,0,0.19157367944717407,
25,726,0,0.8282869458198547,
25,727,0,0.809844970703125,
25,728,0,0.18302518129348755,
25,729,0,0.419542133808136,
25,730,0,0.33295369148254395,
25,731,0,0.823722779750824,
25,732,0,0.8011123538017273,
25,733,0,0.3760228753089905,
25,734,0,0.8124626278877258,
25,735,0,0.29266083240509033,
25,736,0,0.7391585111618042,
25,737,0,0.6912919282913208,
25,738,0,0.8111055493354797,
25,739,0,0.6121211051940918,
25,740,0,0.2787322402000427,
25,741,0,0.6892213821411133,
25,742,0,0.8207743167877197,
25,743,0,0.8387184739112854,
25,744,0,0.7099356651306152,
25,745,0,0.2508002519607544,
25,746,0,0.7258854508399963,
25,747,0,0.7483952641487122,
25,748,0,0.7205952405929565,
25,749,0,0.8224375247955322,
25,750,0,0.809982419013977,
25,751,0,0.8243429660797119,
25,752,0,0.6490594148635864,
25,753,0,0.43449413776397705,
25,754,0,0.6134530901908875,
25,755,0,0.8390226364135742,
25,756,0,0.8223870992660522,
25,757,0,0.8351876139640808,
25,758,0,0.5719606876373291,
25,759,0,0.05021733045578003,
25,760,0,0.4224584698677063,
25,761,0,0.7410265207290649,
25,762,0,0.7727192044258118,
25,763,0,0.30237746238708496,
25,764,0,0.2913930416107178,
25,765,0,0.8029155731201172,
25,766,0,0.16518884897232056,
25,767,0,0.7485395669937134,
25,768,0,0.828080415725708,
25,769,0,0.18689566850662231,
25,770,0,0.6975079774856567,
25,771,0,0.5761491656303406,
25,772,0,0.7979965806007385,
25,773,0,0.18996620178222656,
25,774,0,0.8308917284011841,
25,775,0,0.7895511984825134,
25,776,0,0.23439788818359375,
25,777,0,0.7067891955375671,
25,778,0,0.3987538814544678,
25,779,0,0.8358847498893738,
25,780,0,0.7544870972633362,
25,781,0,0.8276313543319702,
25,782,0,0.36562758684158325,
25,783,0,0.8078777194023132,
25,784,0,0.3684762716293335,
25,785,0,0.0439949631690979,
25,786,0,0.4489438533782959,
25,787,0,0.23525434732437134,
25,788,0,0.7197741866111755,
25,789,0,0.28635531663894653,
25,790,0,0.6636265516281128,
25,791,0,0.43385058641433716,
25,792,0,0.3256610035896301,
25,793,0,0.7939887046813965,
25,794,0,0.8311395645141602,
25,795,0,0.2522403597831726,
25,796,0,0.8238507509231567,
25,797,0,0.054673731327056885,
25,798,0,0.41766679286956787,
25,799,0,0.8245126605033875,
25,val,,,0.5841183817386627
26,0,0,0.3667736053466797,
26,1,0,0.8138065338134766,
26,2,0,0.549362301826477,
26,3,0,0.7063897848129272,
26,4,0,0.3767159581184387,
26,5,0,0.7599283456802368,
26,6,0,0.15331655740737915,
26,7,0,0.43732506036758423,
26,8,0,0.2188504934310913,
26,9,0,0.8133681416511536,
26,10,0,0.06250625848770142,
26,11,0,0.7065119743347168,
26,12,0,0.8297224044799805,
26,13,0,0.822420060634613,
26,14,0,0.7386436462402344,
26,15,0,0.8126829862594604,
26,16,0,0.4836834669113159,
26,17,0,0.3127594590187073,
26,18,0,0.7891199588775635,
26,19,0,0.7933090329170227,
26,20,0,0.737119734287262,
26,21,0,0.4661172032356262,
26,22,0,0.25057142972946167,
26,23,0,0.679627537727356,
26,24,0,0.8223812580108643,
26,25,0,0.7176823616027832,
26,26,0,0.8362631797790527,
26,27,0,0.3601810336112976,
26,28,0,0.254888117313385,
26,29,0,0.4398537278175354,
26,30,0,0.8278158903121948,
26,31,0,0.7145785689353943,
26,32,0,0.4131549596786499,
26,33,0,0.7448105812072754,
26,34,0,0.7179917097091675,
26,35,0,0.25795620679855347,
26,36,0,0.39107364416122437,
26,37,0,0.8215544819831848,
26,38,0,0.17361772060394287,
26,39,0,0.8367794752120972,
26,40,0,0.14585912227630615,
26,41,0,0.6051836013793945,
26,42,0,0.4577583074569702,
26,43,0,0.03982430696487427,
26,44,0,0.7431681156158447,
26,45,0,0.4299424886703491,
26,46,0,0.04567033052444458,
26,47,0,0.04475057125091553,
26,48,0,0.8243675231933594,
26,49,0,0.28989559412002563,
26,50,0,0.8344736099243164,
26,51,0,0.3363037705421448,
26,52,0,0.366335928440094,
26,53,0,0.048575758934020996,
26,54,0,0.8446634411811829,
26,55,0,0.42549026012420654,
26,56,0,0.7719340324401855,
26,57,0,0.4806445240974426,
26,58,0,0.8313167691230774,
26,59,0,0.33641910552978516,
26,60,0,0.39481043815612793,
26,61,0,0.5815205574035645,
26,62,0,0.8183600306510925,
26,63,0,0.2526995539665222,
26,64,0,0.2397405505180359,
26,65,0,0.6027833223342896,
26,66,0,0.6961750388145447,
26,67,0,0.37181365489959717,
26,68,0,0.8135119080543518,
26,69,0,0.3900969624519348,
26,70,0,0.4555198550224304,
26,71,0,0.5947522521018982,
26,72,0,0.6669772863388062,
26,73,0,0.7978475093841553,
26,74,0,0.8130196928977966,
26,75,0,0.5593661069869995,
26,76,0,0.7949548959732056,
26,77,0,0.6180486679077148,
26,78,0,0.15575647354125977,
26,79,0,0.7433174848556519,
26,80,0,0.4438903331756592,
26,81,0,0.8047081232070923,
26,82,0,0.047434985637664795,
26,83,0,0.6803240180015564,
26,84,0,0.8229354023933411,
26,85,0,0.4921446442604065,
26,86,0,0.7320532202720642,
26,87,0,0.5514017939567566,
26,88,0,0.808647871017456,
26,89,0,0.40542668104171753,
26,90,0,0.7324866056442261,
26,91,0,0.8120443820953369,
26,92,0,0.8414479494094849,
26,93,0,0.8129969835281372,
26,94,0,0.4298873543739319,
26,95,0,0.717005729675293,
26,96,0,0.25462836027145386,
26,97,0,0.8340557217597961,
26,98,0,0.5757602453231812,
26,99,0,0.7657055854797363,
26,100,0,0.7294250726699829,
26,101,0,0.6484812498092651,
26,102,0,0.6992989778518677,
26,103,0,0.6926404237747192,
26,104,0,0.8248910903930664,
26,105,0,0.3012068271636963,
26,106,0,0.749558687210083,
26,107,0,0.8116627931594849,
26,108,0,0.5957602262496948,
26,109,0,0.8165118098258972,
26,110,0,0.7517783641815186,
26,111,0,0.8130270838737488,
26,112,0,0.8331609964370728,
26,113,0,0.39093172550201416,
26,114,0,0.23964029550552368,
26,115,0,0.7483562231063843,
26,116,0,0.8019704818725586,
26,117,0,0.3491714596748352,
26,118,0,0.8091133832931519,
26,119,0,0.3102310299873352,
26,120,0,0.8182462453842163,
26,121,0,0.836251974105835,
26,122,0,0.7241262197494507,
26,123,0,0.06462496519088745,
26,124,0,0.39727431535720825,
26,125,0,0.7532985806465149,
26,126,0,0.7418822050094604,
26,127,0,0.8221011757850647,
26,128,0,0.7026609778404236,
26,129,0,0.8359901905059814,
26,130,0,0.5977527499198914,
26,131,0,0.7255674600601196,
26,132,0,0.6375473737716675,
26,133,0,0.22638970613479614,
26,134,0,0.3927954435348511,
26,135,0,0.46625185012817383,
26,136,0,0.053383827209472656,
26,137,0,0.11947757005691528,
26,138,0,0.23782974481582642,
26,139,0,0.44371044635772705,
26,140,0,0.7428416013717651,
26,141,0,0.656987190246582,
26,142,0,0.7491257190704346,
26,143,0,0.765021800994873,
26,144,0,0.8088765144348145,
26,145,0,0.1905004382133484,
26,146,0,0.6756255626678467,
26,147,0,0.21224123239517212,
26,148,0,0.7613012790679932,
26,149,0,0.7823954224586487,
26,150,0,0.8013331890106201,
26,151,0,0.736762523651123,
26,152,0,0.7234389781951904,
26,153,0,0.8213538527488708,
26,154,0,0.827840268611908,
26,155,0,0.7040889263153076,
26,156,0,0.04807347059249878,
26,157,0,0.6065547466278076,
26,158,0,0.7717568278312683,
26,159,0,0.8119106292724609,
26,160,0,0.3143731951713562,
26,161,0,0.05943566560745239,
26,162,0,0.8365778923034668,
26,163,0,0.2618110179901123,
26,164,0,0.3261868357658386,
26,165,0,0.7180416584014893,
26,166,0,0.23689496517181396,
26,167,0,0.7551097869873047,
26,168,0,0.8409321904182434,
26,169,0,0.12982243299484253,
26,170,0,0.6718674898147583,
26,171,0,0.7450613975524902,
26,172,0,0.741331160068512,
26,173,0,0.6271061897277832,
26,174,0,0.7518922686576843,
26,175,0,0.3816651701927185,
26,176,0,0.7645814418792725,
26,177,0,0.2615847587585449,
26,178,0,0.8301548361778259,
26,179,0,0.2922256588935852,
26,180,0,0.7746015787124634,
26,181,0,0.7924360036849976,
26,182,0,0.3099425435066223,
26,183,0,0.16377240419387817,
26,184,0,0.7682299613952637,
26,185,0,0.7434875965118408,
26,186,0,0.25846654176712036,
26,187,0,0.6260584592819214,
26,188,0,0.6116591691970825,
26,189,0,0.23979288339614868,
26,190,0,0.06265687942504883,
26,191,0,0.4216642379760742,
26,192,0,0.753990888595581,
26,193,0,0.7314103841781616,
26,194,0,0.7276941537857056,
26,195,0,0.8343316912651062,
26,196,0,0.7345602512359619,
26,197,0,0.17458200454711914,
26,198,0,0.805681586265564,
26,199,0,0.2294778823852539,
26,200,0,0.6410595774650574,
26,201,0,0.04507160186767578,
26,202,0,0.24362605810165405,
26,203,0,0.8314163684844971,
26,204,0,0.2828189730644226,
26,205,0,0.21610689163208008,
26,206,0,0.30605316162109375,
26,207,0,0.13899022340774536,
26,208,0,0.45281797647476196,
26,209,0,0.782046377658844,
26,210,0,0.26641565561294556,
26,211,0,0.8210680484771729,
26,212,0,0.41599076986312866,
26,213,0,0.7889105081558228,
26,214,0,0.834115207195282,
26,215,0,0.7620811462402344,
26,216,0,0.42872846126556396,
26,217,0,0.8231121897697449,
26,218,0,0.7853264808654785,
26,219,0,0.7228314876556396,
26,220,0,0.24017924070358276,
26,221,0,0.7381922006607056,
26,222,0,0.2782421112060547,
26,223,0,0.4394584894180298,
26,224,0,0.6903567910194397,
26,225,0,0.2677156925201416,
26,226,0,0.8084275722503662,
26,227,0,0.1578105092048645,
26,228,0,0.5903638601303101,
26,229,0,0.3899332284927368,
26,230,0,0.4103325605392456,
26,231,0,0.7150112390518188,
26,232,0,0.851914644241333,
26,233,0,0.8430889844894409,
26,234,0,0.8136889338493347,
26,235,0,0.04112011194229126,
26,236,0,0.39781051874160767,
26,237,0,0.8238502740859985,
26,238,0,0.4441450238227844,
26,239,0,0.3515051603317261,
26,240,0,0.8159022927284241,
26,241,0,0.7327341437339783,
26,242,0,0.8191097378730774,
26,243,0,0.41523081064224243,
26,244,0,0.2751566767692566,
26,245,0,0.04913187026977539,
26,246,0,0.36439913511276245,
26,247,0,0.8318342566490173,
26,248,0,0.4113292098045349,
26,249,0,0.8047292828559875,
26,250,0,0.1074640154838562,
26,251,0,0.839582622051239,
26,252,0,0.7709453701972961,
26,253,0,0.7351140379905701,
26,254,0,0.035645365715026855,
26,255,0,0.7436527013778687,
26,256,0,0.5301145315170288,
26,257,0,0.842383086681366,
26,258,0,0.7525359392166138,
26,259,0,0.8306126594543457,
26,260,0,0.49235570430755615,
26,261,0,0.7394934296607971,
26,262,0,0.7618296146392822,
26,263,0,0.7162909507751465,
26,264,0,0.2638466954231262,
26,265,0,0.7437328696250916,
26,266,0,0.814932107925415,
26,267,0,0.8357393145561218,
26,268,0,0.29121965169906616,
26,269,0,0.42448848485946655,
26,270,0,0.5589271783828735,
26,271,0,0.8148844242095947,
26,272,0,0.3443198800086975,
26,273,0,0.8357148766517639,
26,274,0,0.8050855398178101,
26,275,0,0.14994198083877563,
26,276,0,0.8081474900245667,
26,277,0,0.06128746271133423,
26,278,0,0.48900383710861206,
26,279,0,0.7375450134277344,
26,280,0,0.7569165825843811,
26,281,0,0.7900974750518799,
26,282,0,0.7396109104156494,
26,283,0,0.75360506772995,
26,284,0,0.8151499629020691,
26,285,0,0.7278311252593994,
26,286,0,0.609181821346283,
26,287,0,0.7225873470306396,
26,288,0,0.7117366790771484,
26,289,0,0.4990304112434387,
26,290,0,0.8246979713439941,
26,291,0,0.04791581630706787,
26,292,0,0.34779661893844604,
26,293,0,0.8441118001937866,
26,294,0,0.8324219584465027,
26,295,0,0.7409027814865112,
26,296,0,0.45110827684402466,
26,297,0,0.047919273376464844,
26,298,0,0.8439080715179443,
26,299,0,0.8067494630813599,
26,300,0,0.3539796471595764,
26,301,0,0.3868386149406433,
26,302,0,0.8362551331520081,
26,303,0,0.5877823829650879,
26,304,0,0.8367081880569458,
26,305,0,0.4473905563354492,
26,306,0,0.20614975690841675,
26,307,0,0.8275601863861084,
26,308,0,0.8370252847671509,
26,309,0,0.17591780424118042,
26,310,0,0.8138757348060608,
26,311,0,0.3668014407157898,
26,312,0,0.8194135427474976,
26,313,0,0.8112769722938538,
26,314,0,0.34596002101898193,
26,315,0,0.6536697745323181,
26,316,0,0.829580545425415,
26,317,0,0.5632888078689575,
26,318,0,0.30377012491226196,
26,319,0,0.27831876277923584,
26,320,0,0.7417994737625122,
26,321,0,0.7140977382659912,
26,322,0,0.727979302406311,
26,323,0,0.2691829800605774,
26,324,0,0.8375378251075745,
26,325,0,0.7842890620231628,
26,326,0,0.8041879534721375,
26,327,0,0.7278534173965454,
26,328,0,0.6147278547286987,
26,329,0,0.7581871151924133,
26,330,0,0.31797415018081665,
26,331,0,0.2833026051521301,
26,332,0,0.7373863458633423,
26,333,0,0.22932803630828857,
26,334,0,0.7063111066818237,
26,335,0,0.3332611918449402,
26,336,0,0.8284441232681274,
26,337,0,0.41058290004730225,
26,338,0,0.6071959733963013,
26,339,0,0.7808735966682434,
26,340,0,0.8345035910606384,
26,341,0,0.058375656604766846,
26,342,0,0.7257984280586243,
26,343,0,0.5874168872833252,
26,344,0,0.8002762198448181,
26,345,0,0.8172965049743652,
26,346,0,0.21473997831344604,
26,347,0,0.15535467863082886,
26,348,0,0.7425495386123657,
26,349,0,0.7570242881774902,
26,350,0,0.6899899840354919,
26,351,0,0.7685812711715698,
26,352,0,0.8213115930557251,
26,353,0,0.8142459392547607,
26,354,0,0.6226671934127808,
26,355,0,0.1538395881652832,
26,356,0,0.7519609332084656,
26,357,0,0.6448049545288086,
26,358,0,0.18310672044754028,
26,359,0,0.7774521112442017,
26,360,0,0.7352839708328247,
26,361,0,0.8383359909057617,
26,362,0,0.2287513017654419,
26,363,0,0.2680778503417969,
26,364,0,0.7489675283432007,
26,365,0,0.7587304711341858,
26,366,0,0.7407582998275757,
26,367,0,0.8293583393096924,
26,368,0,0.7359863519668579,
26,369,0,0.8043782711029053,
26,370,0,0.6007564067840576,
26,371,0,0.5984107851982117,
26,372,0,0.8157801628112793,
26,373,0,0.7476667165756226,
26,374,0,0.3785465359687805,
26,375,0,0.6397625207901001,
26,376,0,0.659186840057373,
26,377,0,0.30706435441970825,
26,378,0,0.37115389108657837,
26,379,0,0.7500725984573364,
26,380,0,0.29602885246276855,
26,381,0,0.2868952751159668,
26,382,0,0.2723644971847534,
26,383,0,0.8378636240959167,
26,384,0,0.29587745666503906,
26,385,0,0.2842756509780884,
26,386,0,0.21328812837600708,
26,387,0,0.38486093282699585,
26,388,0,0.05281192064285278,
26,389,0,0.775249719619751,
26,390,0,0.7467100620269775,
26,391,0,0.5659366846084595,
26,392,0,0.6584841012954712,
26,393,0,0.28574448823928833,
26,394,0,0.44586867094039917,
26,395,0,0.8105399012565613,
26,396,0,0.1460091471672058,
26,397,0,0.16789847612380981,
26,398,0,0.7971477508544922,
26,399,0,0.24550628662109375,
26,400,0,0.6101049184799194,
26,401,0,0.7473626136779785,
26,402,0,0.832626461982727,
26,403,0,0.7912073135375977,
26,404,0,0.28986918926239014,
26,405,0,0.060978472232818604,
26,406,0,0.7372496128082275,
26,407,0,0.8406493067741394,
26,408,0,0.6848195791244507,
26,409,0,0.7028387188911438,
26,410,0,0.8333240151405334,
26,411,0,0.28050023317337036,
26,412,0,0.6998676061630249,
26,413,0,0.05980890989303589,
26,414,0,0.7782931923866272,
26,415,0,0.6251424551010132,
26,416,0,0.8280664086341858,
26,417,0,0.05236583948135376,
26,418,0,0.4760681390762329,
26,419,0,0.4177623391151428,
26,420,0,0.22583156824111938,
26,421,0,0.23054379224777222,
26,422,0,0.7300728559494019,
26,423,0,0.8331522941589355,
26,424,0,0.7489107847213745,
26,425,0,0.8073549866676331,
26,426,0,0.8096725940704346,
26,427,0,0.8075116872787476,
26,428,0,0.42599278688430786,
26,429,0,0.8148167729377747,
26,430,0,0.23798274993896484,
26,431,0,0.783086895942688,
26,432,0,0.6358945369720459,
26,433,0,0.8021739721298218,
26,434,0,0.8286586403846741,
26,435,0,0.8142174482345581,
26,436,0,0.5881006121635437,
26,437,0,0.05119818449020386,
26,438,0,0.6123430728912354,
26,439,0,0.206792950630188,
26,440,0,0.8427571058273315,
26,441,0,0.7721077799797058,
26,442,0,0.819416344165802,
26,443,0,0.8106385469436646,
26,444,0,0.7540338039398193,
26,445,0,0.8219530582427979,
26,446,0,0.6165832281112671,
26,447,0,0.27427005767822266,
26,448,0,0.05074554681777954,
26,449,0,0.7969573736190796,
26,450,0,0.7727923393249512,
26,451,0,0.22895944118499756,
26,452,0,0.7388353943824768,
26,453,0,0.2679217457771301,
26,454,0,0.39736872911453247,
26,455,0,0.5398279428482056,
26,456,0,0.7166637182235718,
26,457,0,0.6492071151733398,
26,458,0,0.4988059997558594,
26,459,0,0.7290133237838745,
26,460,0,0.8136167526245117,
26,461,0,0.418734610080719,
26,462,0,0.8025359511375427,
26,463,0,0.1410406231880188,
26,464,0,0.5819915533065796,
26,465,0,0.7363815307617188,
26,466,0,0.043688952922821045,
26,467,0,0.8045324087142944,
26,468,0,0.6154334545135498,
26,469,0,0.7795688509941101,
26,470,0,0.3046948313713074,
26,471,0,0.04941445589065552,
26,472,0,0.8361273407936096,
26,473,0,0.833705484867096,
26,474,0,0.04641205072402954,
26,475,0,0.8189815282821655,
26,476,0,0.4360195994377136,
26,477,0,0.7526572942733765,
26,478,0,0.46473199129104614,
26,479,0,0.4629591107368469,
26,480,0,0.650729238986969,
26,481,0,0.15500599145889282,
26,482,0,0.6937031745910645,
26,483,0,0.8288663029670715,
26,484,0,0.8264490365982056,
26,485,0,0.39929068088531494,
26,486,0,0.706420361995697,
26,487,0,0.2895722985267639,
26,488,0,0.5569921731948853,
26,489,0,0.8285492062568665,
26,490,0,0.7595599293708801,
26,491,0,0.8196722865104675,
26,492,0,0.6245535612106323,
26,493,0,0.7222906947135925,
26,494,0,0.05609023571014404,
26,495,0,0.32982683181762695,
26,496,0,0.2654563784599304,
26,497,0,0.7721971869468689,
26,498,0,0.4099464416503906,
26,499,0,0.8381869792938232,
26,500,0,0.6884770393371582,
26,501,0,0.7638130187988281,
26,502,0,0.8271143436431885,
26,503,0,0.19158411026000977,
26,504,0,0.7386077642440796,
26,505,0,0.41732925176620483,
26,506,0,0.7494211196899414,
26,507,0,0.25847285985946655,
26,508,0,0.8375436663627625,
26,509,0,0.8341021537780762,
26,510,0,0.7541639804840088,
26,511,0,0.746679961681366,
26,512,0,0.2311868667602539,
26,513,0,0.7218043804168701,
26,514,0,0.8099023699760437,
26,515,0,0.7885976433753967,
26,516,0,0.7421910762786865,
26,517,0,0.34473520517349243,
26,518,0,0.21124553680419922,
26,519,0,0.24732542037963867,
26,520,0,0.7534900903701782,
26,521,0,0.7031089067459106,
26,522,0,0.2940388321876526,
26,523,0,0.849280595779419,
26,524,0,0.7239450216293335,
26,525,0,0.04890286922454834,
26,526,0,0.28700339794158936,
26,527,0,0.8329809308052063,
26,528,0,0.049310386180877686,
26,529,0,0.6996666789054871,
26,530,0,0.6614633798599243,
26,531,0,0.836169958114624,
26,532,0,0.7964306473731995,
26,533,0,0.7942792773246765,
26,534,0,0.37074995040893555,
26,535,0,0.7014220952987671,
26,536,0,0.7878798842430115,
26,537,0,0.25471121072769165,
26,538,0,0.8211522102355957,
26,539,0,0.6668558120727539,
26,540,0,0.7734498977661133,
26,541,0,0.3774753212928772,
26,542,0,0.2969961166381836,
26,543,0,0.8386393785476685,
26,544,0,0.054805099964141846,
26,545,0,0.3616606593132019,
26,546,0,0.4115139842033386,
26,547,0,0.0576704740524292,
26,548,0,0.7718875408172607,
26,549,0,0.2787603735923767,
26,550,0,0.831726610660553,
26,551,0,0.8421053886413574,
26,552,0,0.7160231471061707,
26,553,0,0.4042525887489319,
26,554,0,0.6415095925331116,
26,555,0,0.23294001817703247,
26,556,0,0.7642234563827515,
26,557,0,0.7231847047805786,
26,558,0,0.3426663279533386,
26,559,0,0.613438606262207,
26,560,0,0.7826629877090454,
26,561,0,0.7380203008651733,
26,562,0,0.159593403339386,
26,563,0,0.7365313768386841,
26,564,0,0.4394523501396179,
26,565,0,0.2998366355895996,
26,566,0,0.3393123149871826,
26,567,0,0.8459334373474121,
26,568,0,0.19703370332717896,
26,569,0,0.8318191766738892,
26,570,0,0.594801664352417,
26,571,0,0.5748984813690186,
26,572,0,0.2749297022819519,
26,573,0,0.7305048108100891,
26,574,0,0.28324466943740845,
26,575,0,0.24649685621261597,
26,576,0,0.6803619265556335,
26,577,0,0.2525050640106201,
26,578,0,0.27754145860671997,
26,579,0,0.7818975448608398,
26,580,0,0.25570255517959595,
26,581,0,0.37342166900634766,
26,582,0,0.6925536394119263,
26,583,0,0.7642415165901184,
26,584,0,0.42213505506515503,
26,585,0,0.805949866771698,
26,586,0,0.8284875154495239,
26,587,0,0.5622889995574951,
26,588,0,0.20250481367111206,
26,589,0,0.6067872047424316,
26,590,0,0.8233323097229004,
26,591,0,0.2376142144203186,
26,592,0,0.8123639225959778,
26,593,0,0.8199329972267151,
26,594,0,0.8150359392166138,
26,595,0,0.7076001167297363,
26,596,0,0.4024389982223511,
26,597,0,0.15006691217422485,
26,598,0,0.28889644145965576,
26,599,0,0.28541070222854614,
26,600,0,0.6491682529449463,
26,601,0,0.36976975202560425,
26,602,0,0.17650651931762695,
26,603,0,0.2787102460861206,
26,604,0,0.7389737367630005,
26,605,0,0.7770115733146667,
26,606,0,0.27033036947250366,
26,607,0,0.6084312200546265,
26,608,0,0.6105656623840332,
26,609,0,0.8315735459327698,
26,610,0,0.8317797183990479,
26,611,0,0.8425366878509521,
26,612,0,0.6449650526046753,
26,613,0,0.6180131435394287,
26,614,0,0.8248774409294128,
26,615,0,0.3592415452003479,
26,616,0,0.7491161823272705,
26,617,0,0.24983179569244385,
26,618,0,0.15660589933395386,
26,619,0,0.3397234082221985,
26,620,0,0.831326961517334,
26,621,0,0.3962494730949402,
26,622,0,0.6555308699607849,
26,623,0,0.4095165729522705,
26,624,0,0.28302299976348877,
26,625,0,0.8412056565284729,
26,626,0,0.8125103712081909,
26,627,0,0.8125020265579224,
26,628,0,0.8389738202095032,
26,629,0,0.4489765763282776,
26,630,0,0.060594141483306885,
26,631,0,0.16692811250686646,
26,632,0,0.8126482367515564,
26,633,0,0.580073356628418,
26,634,0,0.7126950025558472,
26,635,0,0.4536166191101074,
26,636,0,0.8093550801277161,
26,637,0,0.7088949680328369,
26,638,0,0.720624566078186,
26,639,0,0.7508988976478577,
26,640,0,0.1364067792892456,
26,641,0,0.7438689470291138,
26,642,0,0.7683225870132446,
26,643,0,0.3948596715927124,
26,644,0,0.3672650456428528,
26,645,0,0.6816460490226746,
26,646,0,0.8239908814430237,
26,647,0,0.7637868523597717,
26,648,0,0.8102099299430847,
26,649,0,0.043752193450927734,
26,650,0,0.7566994428634644,
26,651,0,0.40186458826065063,
26,652,0,0.559876561164856,
26,653,0,0.5527772903442383,
26,654,0,0.754709780216217,
26,655,0,0.22373473644256592,
26,656,0,0.23060846328735352,
26,657,0,0.33764201402664185,
26,658,0,0.6230303049087524,
26,659,0,0.04738253355026245,
26,660,0,0.8483098745346069,
26,661,0,0.6152458190917969,
26,662,0,0.8092180490493774,
26,663,0,0.7211836576461792,
26,664,0,0.8381468057632446,
26,665,0,0.4028501510620117,
26,666,0,0.055624544620513916,
26,667,0,0.8116437196731567,
26,668,0,0.27005070447921753,
26,669,0,0.4264410138130188,
26,670,0,0.3535405993461609,
26,671,0,0.758682131767273,
26,672,0,0.14345014095306396,
26,673,0,0.2574998736381531,
26,674,0,0.39771491289138794,
26,675,0,0.7619285583496094,
26,676,0,0.14976012706756592,
26,677,0,0.5751045942306519,
26,678,0,0.7175092697143555,
26,679,0,0.7993490695953369,
26,680,0,0.05760008096694946,
26,681,0,0.7274407148361206,
26,682,0,0.27634304761886597,
26,683,0,0.3196302652359009,
26,684,0,0.7193412780761719,
26,685,0,0.8094277381896973,
26,686,0,0.7029775381088257,
26,687,0,0.5963525772094727,
26,688,0,0.244692862033844,
26,689,0,0.7429801225662231,
26,690,0,0.8310152292251587,
26,691,0,0.15029054880142212,
26,692,0,0.32996034622192383,
26,693,0,0.6980031728744507,
26,694,0,0.7572572827339172,
26,695,0,0.7639798521995544,
26,696,0,0.17556047439575195,
26,697,0,0.749381422996521,
26,698,0,0.8366671800613403,
26,699,0,0.42113208770751953,
26,700,0,0.24831539392471313,
26,701,0,0.8301835060119629,
26,702,0,0.7829782962799072,
26,703,0,0.7006746530532837,
26,704,0,0.13822799921035767,
26,705,0,0.05174100399017334,
26,706,0,0.8418259620666504,
26,707,0,0.8106968998908997,
26,708,0,0.8393582105636597,
26,709,0,0.7432977557182312,
26,710,0,0.38549119234085083,
26,711,0,0.31779706478118896,
26,712,0,0.2517622113227844,
26,713,0,0.3818431496620178,
26,714,0,0.8304824233055115,
26,715,0,0.4072413444519043,
26,716,0,0.7496339678764343,
26,717,0,0.6384138464927673,
26,718,0,0.8090225458145142,
26,719,0,0.8180991411209106,
26,720,0,0.7828916311264038,
26,721,0,0.7769681215286255,
26,722,0,0.6276493072509766,
26,723,0,0.16012483835220337,
26,724,0,0.5452821254730225,
26,725,0,0.19271087646484375,
26,726,0,0.8297054767608643,
26,727,0,0.8116117119789124,
26,728,0,0.18827694654464722,
26,729,0,0.42204010486602783,
26,730,0,0.32302743196487427,
26,731,0,0.8248719573020935,
26,732,0,0.8025269508361816,
26,733,0,0.37777405977249146,
26,734,0,0.8133431077003479,
26,735,0,0.29160523414611816,
26,736,0,0.7471491098403931,
26,737,0,0.6991666555404663,
26,738,0,0.8124468922615051,
26,739,0,0.6029109954833984,
26,740,0,0.2751225233078003,
26,741,0,0.6867892742156982,
26,742,0,0.8203004002571106,
26,743,0,0.8371119499206543,
26,744,0,0.7076561450958252,
26,745,0,0.2535957098007202,
26,746,0,0.7211990356445312,
26,747,0,0.7368206977844238,
26,748,0,0.7244653105735779,
26,749,0,0.8237025737762451,
26,750,0,0.8163541555404663,
26,751,0,0.8243000507354736,
26,752,0,0.6491546630859375,
26,753,0,0.4572831988334656,
26,754,0,0.608241081237793,
26,755,0,0.8386510014533997,
26,756,0,0.8246164321899414,
26,757,0,0.8338547945022583,
26,758,0,0.5555260181427002,
26,759,0,0.05215299129486084,
26,760,0,0.4270699620246887,
26,761,0,0.7444088459014893,
26,762,0,0.773213267326355,
26,763,0,0.3006287217140198,
26,764,0,0.2876318693161011,
26,765,0,0.8013867139816284,
26,766,0,0.1630585789680481,
26,767,0,0.7497737407684326,
26,768,0,0.8250658512115479,
26,769,0,0.18704754114151,
26,770,0,0.7026031017303467,
26,771,0,0.5618695020675659,
26,772,0,0.7986602187156677,
26,773,0,0.19012850522994995,
26,774,0,0.828090250492096,
26,775,0,0.790694534778595,
26,776,0,0.23634082078933716,
26,777,0,0.7116380929946899,
26,778,0,0.3878834843635559,
26,779,0,0.8339717388153076,
26,780,0,0.7559146285057068,
26,781,0,0.8264362215995789,
26,782,0,0.3470417857170105,
26,783,0,0.8059215545654297,
26,784,0,0.36954909563064575,
26,785,0,0.04382932186126709,
26,786,0,0.4518139362335205,
26,787,0,0.23148244619369507,
26,788,0,0.719373345375061,
26,789,0,0.2792842388153076,
26,790,0,0.660378634929657,
26,791,0,0.431652307510376,
26,792,0,0.3180961608886719,
26,793,0,0.7974684238433838,
26,794,0,0.831156849861145,
26,795,0,0.2609112858772278,
26,796,0,0.8244072794914246,
26,797,0,0.05667722225189209,
26,798,0,0.41175419092178345,
26,799,0,0.8247074484825134,
26,val,,,0.5854193776845932
27,0,0,0.37028199434280396,
27,1,0,0.8127690553665161,
27,2,0,0.5403999090194702,
27,3,0,0.7140722870826721,
27,4,0,0.36982011795043945,
27,5,0,0.7609691619873047,
27,6,0,0.15337103605270386,
27,7,0,0.4398871064186096,
27,8,0,0.21254926919937134,
27,9,0,0.8132910132408142,
27,10,0,0.06473618745803833,
27,11,0,0.716862142086029,
27,12,0,0.8288347721099854,
27,13,0,0.8208281993865967,
27,14,0,0.7377774715423584,
27,15,0,0.8134165406227112,
27,16,0,0.4809478521347046,
27,17,0,0.3241801857948303,
27,18,0,0.7888272404670715,
27,19,0,0.799448549747467,
27,20,0,0.7380666732788086,
27,21,0,0.46534353494644165,
27,22,0,0.2470521330833435,
27,23,0,0.676842212677002,
27,24,0,0.8207942247390747,
27,25,0,0.7152609825134277,
27,26,0,0.8347567319869995,
27,27,0,0.3547946810722351,
27,28,0,0.2532925605773926,
27,29,0,0.43408966064453125,
27,30,0,0.8271113634109497,
27,31,0,0.7245241403579712,
27,32,0,0.4145438075065613,
27,33,0,0.7458971738815308,
27,34,0,0.7188078165054321,
27,35,0,0.2546989321708679,
27,36,0,0.39544677734375,
27,37,0,0.81855309009552,
27,38,0,0.1835039258003235,
27,39,0,0.8350374698638916,
27,40,0,0.14555960893630981,
27,41,0,0.6041237115859985,
27,42,0,0.45201748609542847,
27,43,0,0.0393681526184082,
27,44,0,0.7434957027435303,
27,45,0,0.42460280656814575,
27,46,0,0.04620462656021118,
27,47,0,0.043453752994537354,
27,48,0,0.8252126574516296,
27,49,0,0.28960853815078735,
27,50,0,0.8345375061035156,
27,51,0,0.32617586851119995,
27,52,0,0.35870838165283203,
27,53,0,0.04849815368652344,
27,54,0,0.8429709672927856,
27,55,0,0.42553645372390747,
27,56,0,0.7727341055870056,
27,57,0,0.4790194630622864,
27,58,0,0.8277877569198608,
27,59,0,0.32871919870376587,
27,60,0,0.3949388265609741,
27,61,0,0.5706467628479004,
27,62,0,0.8185861110687256,
27,63,0,0.24895095825195312,
27,64,0,0.2410150170326233,
27,65,0,0.5805630087852478,
27,66,0,0.7051115036010742,
27,67,0,0.371753454208374,
27,68,0,0.8135290741920471,
27,69,0,0.3870258927345276,
27,70,0,0.4575307369232178,
27,71,0,0.596630334854126,
27,72,0,0.6722688674926758,
27,73,0,0.7892452478408813,
27,74,0,0.8135262131690979,
27,75,0,0.5548355579376221,
27,76,0,0.8077199459075928,
27,77,0,0.6265029907226562,
27,78,0,0.1477934718132019,
27,79,0,0.7499706745147705,
27,80,0,0.44486504793167114,
27,81,0,0.8050754070281982,
27,82,0,0.04751855134963989,
27,83,0,0.6916481256484985,
27,84,0,0.8127318620681763,
27,85,0,0.4955139756202698,
27,86,0,0.7208055853843689,
27,87,0,0.5457035899162292,
27,88,0,0.8067833781242371,
27,89,0,0.39088648557662964,
27,90,0,0.7286694049835205,
27,91,0,0.8155050873756409,
27,92,0,0.8411315083503723,
27,93,0,0.8130491971969604,
27,94,0,0.4281594753265381,
27,95,0,0.7104394435882568,
27,96,0,0.2575945258140564,
27,97,0,0.835719645023346,
27,98,0,0.5714585781097412,
27,99,0,0.7654906511306763,
27,100,0,0.7237093448638916,
27,101,0,0.6427245140075684,
27,102,0,0.6922401189804077,
27,103,0,0.6915323734283447,
27,104,0,0.8238459825515747,
27,105,0,0.30028313398361206,
27,106,0,0.7296702861785889,
27,107,0,0.8132730722427368,
27,108,0,0.6006826162338257,
27,109,0,0.8169610500335693,
27,110,0,0.7401415109634399,
27,111,0,0.8091326355934143,
27,112,0,0.8327814936637878,
27,113,0,0.3879638910293579,
27,114,0,0.2385425567626953,
27,115,0,0.7404302954673767,
27,116,0,0.8051999807357788,
27,117,0,0.34400349855422974,
27,118,0,0.8130250573158264,
27,119,0,0.31040507555007935,
27,120,0,0.8171116709709167,
27,121,0,0.8349762558937073,
27,122,0,0.72225421667099,
27,123,0,0.06378680467605591,
27,124,0,0.3923035264015198,
27,125,0,0.754194438457489,
27,126,0,0.7007342576980591,
27,127,0,0.8249219059944153,
27,128,0,0.6862820386886597,
27,129,0,0.8369772434234619,
27,130,0,0.6062536239624023,
27,131,0,0.7102714776992798,
27,132,0,0.6272333860397339,
27,133,0,0.2235129475593567,
27,134,0,0.3903345465660095,
27,135,0,0.46354806423187256,
27,136,0,0.05404031276702881,
27,137,0,0.11849117279052734,
27,138,0,0.2369881272315979,
27,139,0,0.44307929277420044,
27,140,0,0.7269347310066223,
27,141,0,0.6472285985946655,
27,142,0,0.7581133246421814,
27,143,0,0.7640596032142639,
27,144,0,0.8089998960494995,
27,145,0,0.1881588101387024,
27,146,0,0.6734757423400879,
27,147,0,0.20883923768997192,
27,148,0,0.7554787397384644,
27,149,0,0.7807491421699524,
27,150,0,0.8019989132881165,
27,151,0,0.7168031930923462,
27,152,0,0.71846604347229,
27,153,0,0.8238376975059509,
27,154,0,0.8347418308258057,
27,155,0,0.7012369632720947,
27,156,0,0.04788929224014282,
27,157,0,0.606258749961853,
27,158,0,0.7720293402671814,
27,159,0,0.8072733879089355,
27,160,0,0.31073296070098877,
27,161,0,0.05761754512786865,
27,162,0,0.8351819515228271,
27,163,0,0.2580314874649048,
27,164,0,0.33179622888565063,
27,165,0,0.7231680750846863,
27,166,0,0.24082475900650024,
27,167,0,0.7589240074157715,
27,168,0,0.8386334776878357,
27,169,0,0.1313791275024414,
27,170,0,0.644479513168335,
27,171,0,0.7482947707176208,
27,172,0,0.7420575618743896,
27,173,0,0.6234529614448547,
27,174,0,0.7555745244026184,
27,175,0,0.38166797161102295,
27,176,0,0.7650461792945862,
27,177,0,0.2606934905052185,
27,178,0,0.8298170566558838,
27,179,0,0.29038554430007935,
27,180,0,0.7734675407409668,
27,181,0,0.7863088846206665,
27,182,0,0.30635297298431396,
27,183,0,0.16165876388549805,
27,184,0,0.7617623805999756,
27,185,0,0.7423549890518188,
27,186,0,0.2546941637992859,
27,187,0,0.6135812997817993,
27,188,0,0.6124054789543152,
27,189,0,0.2371390461921692,
27,190,0,0.06058770418167114,
27,191,0,0.4221026301383972,
27,192,0,0.7532507181167603,
27,193,0,0.728117823600769,
27,194,0,0.7266217470169067,
27,195,0,0.8285877108573914,
27,196,0,0.7279946208000183,
27,197,0,0.1744639277458191,
27,198,0,0.8110371232032776,
27,199,0,0.23407822847366333,
27,200,0,0.6368472576141357,
27,201,0,0.04581695795059204,
27,202,0,0.24136143922805786,
27,203,0,0.8312740325927734,
27,204,0,0.2839953303337097,
27,205,0,0.21570968627929688,
27,206,0,0.3014652132987976,
27,207,0,0.1401824951171875,
27,208,0,0.44580984115600586,
27,209,0,0.7782124876976013,
27,210,0,0.270829439163208,
27,211,0,0.8197157382965088,
27,212,0,0.39996421337127686,
27,213,0,0.7862620949745178,
27,214,0,0.8333415985107422,
27,215,0,0.747611403465271,
27,216,0,0.42658811807632446,
27,217,0,0.8214493989944458,
27,218,0,0.7637630105018616,
27,219,0,0.7242089509963989,
27,220,0,0.2410808801651001,
27,221,0,0.7380920648574829,
27,222,0,0.276838481426239,
27,223,0,0.43048346042633057,
27,224,0,0.6886428594589233,
27,225,0,0.2737484574317932,
27,226,0,0.7905395030975342,
27,227,0,0.15850067138671875,
27,228,0,0.5819826126098633,
27,229,0,0.39411383867263794,
27,230,0,0.39431190490722656,
27,231,0,0.6991944909095764,
27,232,0,0.8504018783569336,
27,233,0,0.842474639415741,
27,234,0,0.817383348941803,
27,235,0,0.0400887131690979,
27,236,0,0.3988195061683655,
27,237,0,0.8291463851928711,
27,238,0,0.44433915615081787,
27,239,0,0.35400575399398804,
27,240,0,0.8155536651611328,
27,241,0,0.7188858985900879,
27,242,0,0.8194747567176819,
27,243,0,0.4135863184928894,
27,244,0,0.26706624031066895,
27,245,0,0.04776817560195923,
27,246,0,0.35613763332366943,
27,247,0,0.8316255807876587,
27,248,0,0.4104359745979309,
27,249,0,0.8088191151618958,
27,250,0,0.11344832181930542,
27,251,0,0.8389962315559387,
27,252,0,0.7683274149894714,
27,253,0,0.7328968048095703,
27,254,0,0.03602999448776245,
27,255,0,0.7414035797119141,
27,256,0,0.5376627445220947,
27,257,0,0.840812623500824,
27,258,0,0.7532597780227661,
27,259,0,0.8283315300941467,
27,260,0,0.4905708432197571,
27,261,0,0.7387861609458923,
27,262,0,0.7594636678695679,
27,263,0,0.7193929553031921,
27,264,0,0.2631138563156128,
27,265,0,0.728308379650116,
27,266,0,0.8110012412071228,
27,267,0,0.8335736989974976,
27,268,0,0.2936854958534241,
27,269,0,0.4207537770271301,
27,270,0,0.5644264221191406,
27,271,0,0.8150876760482788,
27,272,0,0.34429484605789185,
27,273,0,0.8364971876144409,
27,274,0,0.8091400861740112,
27,275,0,0.14959317445755005,
27,276,0,0.8080616593360901,
27,277,0,0.06054246425628662,
27,278,0,0.4912930130958557,
27,279,0,0.736371636390686,
27,280,0,0.7570037245750427,
27,281,0,0.7890386581420898,
27,282,0,0.736884593963623,
27,283,0,0.7531472444534302,
27,284,0,0.8049503564834595,
27,285,0,0.7119758129119873,
27,286,0,0.6100622415542603,
27,287,0,0.7246652841567993,
27,288,0,0.7070740461349487,
27,289,0,0.4980657696723938,
27,290,0,0.8250400424003601,
27,291,0,0.04484081268310547,
27,292,0,0.3476980924606323,
27,293,0,0.8394249677658081,
27,294,0,0.8303520679473877,
27,295,0,0.7371132373809814,
27,296,0,0.44877803325653076,
27,297,0,0.04690873622894287,
27,298,0,0.8436377048492432,
27,299,0,0.8068776726722717,
27,300,0,0.35436856746673584,
27,301,0,0.38105523586273193,
27,302,0,0.8355993032455444,
27,303,0,0.5890580415725708,
27,304,0,0.8375423550605774,
27,305,0,0.44399261474609375,
27,306,0,0.2076154351234436,
27,307,0,0.8278437852859497,
27,308,0,0.836789071559906,
27,309,0,0.1751699447631836,
27,310,0,0.8144317269325256,
27,311,0,0.3697121739387512,
27,312,0,0.8198496103286743,
27,313,0,0.8103593587875366,
27,314,0,0.34396493434906006,
27,315,0,0.6549218893051147,
27,316,0,0.829167902469635,
27,317,0,0.5500409603118896,
27,318,0,0.3070387840270996,
27,319,0,0.27973097562789917,
27,320,0,0.7400455474853516,
27,321,0,0.7078737020492554,
27,322,0,0.719581127166748,
27,323,0,0.2694324254989624,
27,324,0,0.8397466540336609,
27,325,0,0.7837371826171875,
27,326,0,0.8026384711265564,
27,327,0,0.7323563694953918,
27,328,0,0.6076807975769043,
27,329,0,0.7626162171363831,
27,330,0,0.3347465395927429,
27,331,0,0.2794584631919861,
27,332,0,0.7236169576644897,
27,333,0,0.23107761144638062,
27,334,0,0.705054759979248,
27,335,0,0.33592212200164795,
27,336,0,0.8289795517921448,
27,337,0,0.4121841788291931,
27,338,0,0.605656623840332,
27,339,0,0.7800577878952026,
27,340,0,0.8355582356452942,
27,341,0,0.05562096834182739,
27,342,0,0.7220856547355652,
27,343,0,0.5903249979019165,
27,344,0,0.7948604226112366,
27,345,0,0.8171592950820923,
27,346,0,0.21473872661590576,
27,347,0,0.1567050814628601,
27,348,0,0.7408117055892944,
27,349,0,0.7560485005378723,
27,350,0,0.661571204662323,
27,351,0,0.7715608477592468,
27,352,0,0.8217196464538574,
27,353,0,0.8286699652671814,
27,354,0,0.6224545240402222,
27,355,0,0.15212857723236084,
27,356,0,0.7345235347747803,
27,357,0,0.6263540983200073,
27,358,0,0.18790948390960693,
27,359,0,0.7825939655303955,
27,360,0,0.7351095676422119,
27,361,0,0.8390982747077942,
27,362,0,0.23075878620147705,
27,363,0,0.26369792222976685,
27,364,0,0.7496545314788818,
27,365,0,0.7661613821983337,
27,366,0,0.7416261434555054,
27,367,0,0.8293595314025879,
27,368,0,0.729793131351471,
27,369,0,0.8055680990219116,
27,370,0,0.5991992950439453,
27,371,0,0.6016857624053955,
27,372,0,0.8148730993270874,
27,373,0,0.7475208640098572,
27,374,0,0.3779532313346863,
27,375,0,0.6292976140975952,
27,376,0,0.6570340394973755,
27,377,0,0.3164224624633789,
27,378,0,0.3679671883583069,
27,379,0,0.7430751323699951,
27,380,0,0.30036085844039917,
27,381,0,0.29007405042648315,
27,382,0,0.2660212516784668,
27,383,0,0.836728572845459,
27,384,0,0.3027520179748535,
27,385,0,0.2808864712715149,
27,386,0,0.21604520082473755,
27,387,0,0.39294058084487915,
27,388,0,0.053240954875946045,
27,389,0,0.7760055065155029,
27,390,0,0.7451295256614685,
27,391,0,0.5555229187011719,
27,392,0,0.6602160930633545,
27,393,0,0.28616321086883545,
27,394,0,0.4413832426071167,
27,395,0,0.8105478882789612,
27,396,0,0.14478546380996704,
27,397,0,0.1676538586616516,
27,398,0,0.7971800565719604,
27,399,0,0.24512720108032227,
27,400,0,0.6051039099693298,
27,401,0,0.7376179695129395,
27,402,0,0.8310877680778503,
27,403,0,0.8005519509315491,
27,404,0,0.29032450914382935,
27,405,0,0.06152379512786865,
27,406,0,0.7328321933746338,
27,407,0,0.8292397260665894,
27,408,0,0.6709421277046204,
27,409,0,0.6973418593406677,
27,410,0,0.8261550664901733,
27,411,0,0.27971333265304565,
27,412,0,0.6795479655265808,
27,413,0,0.058986008167266846,
27,414,0,0.7805467844009399,
27,415,0,0.6203912496566772,
27,416,0,0.8513522148132324,
27,417,0,0.052323222160339355,
27,418,0,0.4681577682495117,
27,419,0,0.44847869873046875,
27,420,0,0.2260105013847351,
27,421,0,0.22928667068481445,
27,422,0,0.7180858850479126,
27,423,0,0.8360708355903625,
27,424,0,0.7476047873497009,
27,425,0,0.8074800968170166,
27,426,0,0.8102724552154541,
27,427,0,0.8066124320030212,
27,428,0,0.42138224840164185,
27,429,0,0.8126122355461121,
27,430,0,0.23956626653671265,
27,431,0,0.7892847657203674,
27,432,0,0.6150975227355957,
27,433,0,0.8009563684463501,
27,434,0,0.8266193270683289,
27,435,0,0.8146769404411316,
27,436,0,0.5958425402641296,
27,437,0,0.05129939317703247,
27,438,0,0.6017242670059204,
27,439,0,0.20829659700393677,
27,440,0,0.8436936140060425,
27,441,0,0.7664374709129333,
27,442,0,0.8202906250953674,
27,443,0,0.8108357787132263,
27,444,0,0.755553126335144,
27,445,0,0.8224514126777649,
27,446,0,0.615578293800354,
27,447,0,0.2747165560722351,
27,448,0,0.050341665744781494,
27,449,0,0.8003654479980469,
27,450,0,0.7740665078163147,
27,451,0,0.23261862993240356,
27,452,0,0.7452802062034607,
27,453,0,0.2633622884750366,
27,454,0,0.3969491720199585,
27,455,0,0.5418597459793091,
27,456,0,0.7137058973312378,
27,457,0,0.6470296382904053,
27,458,0,0.49796462059020996,
27,459,0,0.7122635841369629,
27,460,0,0.8134890794754028,
27,461,0,0.42229920625686646,
27,462,0,0.8025902509689331,
27,463,0,0.14027291536331177,
27,464,0,0.5741893649101257,
27,465,0,0.7365694046020508,
27,466,0,0.04398995637893677,
27,467,0,0.8039311170578003,
27,468,0,0.6144815683364868,
27,469,0,0.7860610485076904,
27,470,0,0.3013700246810913,
27,471,0,0.05240696668624878,
27,472,0,0.83664870262146,
27,473,0,0.8329187631607056,
27,474,0,0.047643184661865234,
27,475,0,0.8203709125518799,
27,476,0,0.4291762113571167,
27,477,0,0.7379506826400757,
27,478,0,0.46249502897262573,
27,479,0,0.45813512802124023,
27,480,0,0.6500746011734009,
27,481,0,0.1553780436515808,
27,482,0,0.6904659271240234,
27,483,0,0.8290033340454102,
27,484,0,0.8254200220108032,
27,485,0,0.3999524712562561,
27,486,0,0.7081822752952576,
27,487,0,0.29097098112106323,
27,488,0,0.5662219524383545,
27,489,0,0.8293640613555908,
27,490,0,0.7603693604469299,
27,491,0,0.8189082145690918,
27,492,0,0.6250311136245728,
27,493,0,0.7324828505516052,
27,494,0,0.057134032249450684,
27,495,0,0.33152836561203003,
27,496,0,0.25747114419937134,
27,497,0,0.7737937569618225,
27,498,0,0.411624014377594,
27,499,0,0.8377040028572083,
27,500,0,0.679943323135376,
27,501,0,0.7561944127082825,
27,502,0,0.8267832398414612,
27,503,0,0.19068986177444458,
27,504,0,0.7354558706283569,
27,505,0,0.4436958432197571,
27,506,0,0.7544300556182861,
27,507,0,0.25519758462905884,
27,508,0,0.8359091877937317,
27,509,0,0.8342329859733582,
27,510,0,0.7448703646659851,
27,511,0,0.7385520339012146,
27,512,0,0.22907423973083496,
27,513,0,0.718303918838501,
27,514,0,0.8058537244796753,
27,515,0,0.7910479307174683,
27,516,0,0.7413802146911621,
27,517,0,0.3442234992980957,
27,518,0,0.21494996547698975,
27,519,0,0.24741357564926147,
27,520,0,0.7286580801010132,
27,521,0,0.6961495280265808,
27,522,0,0.2911820411682129,
27,523,0,0.8497190475463867,
27,524,0,0.7249760627746582,
27,525,0,0.05035334825515747,
27,526,0,0.2786640524864197,
27,527,0,0.8327785134315491,
27,528,0,0.048787474632263184,
27,529,0,0.6936690807342529,
27,530,0,0.6538912057876587,
27,531,0,0.8370063304901123,
27,532,0,0.7956634759902954,
27,533,0,0.813410758972168,
27,534,0,0.3714759945869446,
27,535,0,0.6949557065963745,
27,536,0,0.7881600856781006,
27,537,0,0.25216662883758545,
27,538,0,0.8193525075912476,
27,539,0,0.6574193239212036,
27,540,0,0.783451497554779,
27,541,0,0.3728569746017456,
27,542,0,0.29203271865844727,
27,543,0,0.8388694524765015,
27,544,0,0.053717970848083496,
27,545,0,0.3614286184310913,
27,546,0,0.41118788719177246,
27,547,0,0.059181034564971924,
27,548,0,0.7720521688461304,
27,549,0,0.28382807970046997,
27,550,0,0.8309734463691711,
27,551,0,0.8413094282150269,
27,552,0,0.7141715884208679,
27,553,0,0.4038790464401245,
27,554,0,0.6421478986740112,
27,555,0,0.2334303855895996,
27,556,0,0.7688601613044739,
27,557,0,0.730561375617981,
27,558,0,0.34322935342788696,
27,559,0,0.6199281215667725,
27,560,0,0.7810254693031311,
27,561,0,0.7278763651847839,
27,562,0,0.15793120861053467,
27,563,0,0.7289587259292603,
27,564,0,0.4367412328720093,
27,565,0,0.2990291714668274,
27,566,0,0.34389597177505493,
27,567,0,0.8364313840866089,
27,568,0,0.196186363697052,
27,569,0,0.8218544721603394,
27,570,0,0.6006909012794495,
27,571,0,0.5707681179046631,
27,572,0,0.2793734669685364,
27,573,0,0.7291032075881958,
27,574,0,0.28357839584350586,
27,575,0,0.2578814625740051,
27,576,0,0.6689248085021973,
27,577,0,0.2522921562194824,
27,578,0,0.2808378338813782,
27,579,0,0.7809969186782837,
27,580,0,0.25230634212493896,
27,581,0,0.377106249332428,
27,582,0,0.6791261434555054,
27,583,0,0.7589544057846069,
27,584,0,0.42067599296569824,
27,585,0,0.8049086332321167,
27,586,0,0.8282091021537781,
27,587,0,0.5659799575805664,
27,588,0,0.20596343278884888,
27,589,0,0.6023414134979248,
27,590,0,0.8237707018852234,
27,591,0,0.24202996492385864,
27,592,0,0.8132637739181519,
27,593,0,0.819311261177063,
27,594,0,0.8152492046356201,
27,595,0,0.7113940715789795,
27,596,0,0.4094306230545044,
27,597,0,0.15136468410491943,
27,598,0,0.28942006826400757,
27,599,0,0.2884672284126282,
27,600,0,0.6401971578598022,
27,601,0,0.3705236315727234,
27,602,0,0.17657572031021118,
27,603,0,0.2779054641723633,
27,604,0,0.7388085126876831,
27,605,0,0.7717416286468506,
27,606,0,0.2762265205383301,
27,607,0,0.6076812744140625,
27,608,0,0.6162874698638916,
27,609,0,0.828976571559906,
27,610,0,0.8338015675544739,
27,611,0,0.8317961692810059,
27,612,0,0.6503947973251343,
27,613,0,0.6328614950180054,
27,614,0,0.8253988027572632,
27,615,0,0.3622782826423645,
27,616,0,0.7516540288925171,
27,617,0,0.2444469928741455,
27,618,0,0.1569252610206604,
27,619,0,0.3417738080024719,
27,620,0,0.831070065498352,
27,621,0,0.40382325649261475,
27,622,0,0.6586993932723999,
27,623,0,0.40751683712005615,
27,624,0,0.2802455425262451,
27,625,0,0.8413269519805908,
27,626,0,0.8072535395622253,
27,627,0,0.8130464553833008,
27,628,0,0.8398319482803345,
27,629,0,0.4528998136520386,
27,630,0,0.06061607599258423,
27,631,0,0.16551512479782104,
27,632,0,0.8078548312187195,
27,633,0,0.5709134936332703,
27,634,0,0.7259100675582886,
27,635,0,0.4606810212135315,
27,636,0,0.8102182149887085,
27,637,0,0.7118039131164551,
27,638,0,0.7062863111495972,
27,639,0,0.7532507181167603,
27,640,0,0.13348281383514404,
27,641,0,0.7398620843887329,
27,642,0,0.7687564492225647,
27,643,0,0.38667184114456177,
27,644,0,0.3694828748703003,
27,645,0,0.6864786148071289,
27,646,0,0.8141237497329712,
27,647,0,0.7564769983291626,
27,648,0,0.8064953088760376,
27,649,0,0.0422205924987793,
27,650,0,0.7557005286216736,
27,651,0,0.40269041061401367,
27,652,0,0.562835156917572,
27,653,0,0.5625733137130737,
27,654,0,0.7502892017364502,
27,655,0,0.22814983129501343,
27,656,0,0.22644340991973877,
27,657,0,0.33392179012298584,
27,658,0,0.6245529055595398,
27,659,0,0.04892081022262573,
27,660,0,0.8626686930656433,
27,661,0,0.6246352791786194,
27,662,0,0.8091893792152405,
27,663,0,0.7216551899909973,
27,664,0,0.8394342660903931,
27,665,0,0.3987967371940613,
27,666,0,0.05323296785354614,
27,667,0,0.8130463361740112,
27,668,0,0.27955007553100586,
27,669,0,0.4257853627204895,
27,670,0,0.3547927737236023,
27,671,0,0.7597706913948059,
27,672,0,0.14278221130371094,
27,673,0,0.25984448194503784,
27,674,0,0.39998674392700195,
27,675,0,0.7623176574707031,
27,676,0,0.14473801851272583,
27,677,0,0.5780438184738159,
27,678,0,0.7030855417251587,
27,679,0,0.7967528104782104,
27,680,0,0.0583575963973999,
27,681,0,0.7137316465377808,
27,682,0,0.2861408591270447,
27,683,0,0.3194195628166199,
27,684,0,0.7143401503562927,
27,685,0,0.8080378174781799,
27,686,0,0.6949915885925293,
27,687,0,0.5937505960464478,
27,688,0,0.24517077207565308,
27,689,0,0.7394980192184448,
27,690,0,0.8289550542831421,
27,691,0,0.14939403533935547,
27,692,0,0.3254237771034241,
27,693,0,0.6958352327346802,
27,694,0,0.7602075338363647,
27,695,0,0.7555108070373535,
27,696,0,0.17434442043304443,
27,697,0,0.7477074861526489,
27,698,0,0.8387101292610168,
27,699,0,0.42762291431427,
27,700,0,0.2477441430091858,
27,701,0,0.8311861157417297,
27,702,0,0.7842933535575867,
27,703,0,0.7109853029251099,
27,704,0,0.13817346096038818,
27,705,0,0.051572978496551514,
27,706,0,0.8407352566719055,
27,707,0,0.8095813989639282,
27,708,0,0.831218957901001,
27,709,0,0.7454936504364014,
27,710,0,0.3887791633605957,
27,711,0,0.3213704228401184,
27,712,0,0.25079071521759033,
27,713,0,0.38553887605667114,
27,714,0,0.8249825239181519,
27,715,0,0.41038066148757935,
27,716,0,0.7507133483886719,
27,717,0,0.6447302103042603,
27,718,0,0.815788209438324,
27,719,0,0.8184020519256592,
27,720,0,0.784591555595398,
27,721,0,0.7750967144966125,
27,722,0,0.6242456436157227,
27,723,0,0.16271066665649414,
27,724,0,0.5420817136764526,
27,725,0,0.19230306148529053,
27,726,0,0.8241373300552368,
27,727,0,0.8070724606513977,
27,728,0,0.18371820449829102,
27,729,0,0.4183200001716614,
27,730,0,0.32379966974258423,
27,731,0,0.8254113793373108,
27,732,0,0.8013395071029663,
27,733,0,0.38236141204833984,
27,734,0,0.8125156760215759,
27,735,0,0.2874237895011902,
27,736,0,0.7470990419387817,
27,737,0,0.6821727156639099,
27,738,0,0.811328649520874,
27,739,0,0.5942209959030151,
27,740,0,0.274910569190979,
27,741,0,0.6885085105895996,
27,742,0,0.8214459419250488,
27,743,0,0.8379029035568237,
27,744,0,0.6954646110534668,
27,745,0,0.2577860355377197,
27,746,0,0.7211629152297974,
27,747,0,0.7266845703125,
27,748,0,0.7273949384689331,
27,749,0,0.8220099210739136,
27,750,0,0.8019954562187195,
27,751,0,0.8224653601646423,
27,752,0,0.6479291915893555,
27,753,0,0.4391375184059143,
27,754,0,0.6098262071609497,
27,755,0,0.8385880589485168,
27,756,0,0.8250755667686462,
27,757,0,0.8355292081832886,
27,758,0,0.5601657629013062,
27,759,0,0.05080258846282959,
27,760,0,0.4231252670288086,
27,761,0,0.7429835796356201,
27,762,0,0.7717387676239014,
27,763,0,0.29982155561447144,
27,764,0,0.28799110651016235,
27,765,0,0.7999076247215271,
27,766,0,0.16166740655899048,
27,767,0,0.7495291233062744,
27,768,0,0.8268865346908569,
27,769,0,0.18341118097305298,
27,770,0,0.6766606569290161,
27,771,0,0.5542374849319458,
27,772,0,0.8004992008209229,
27,773,0,0.19011688232421875,
27,774,0,0.8228377103805542,
27,775,0,0.7876646518707275,
27,776,0,0.23936110734939575,
27,777,0,0.6868021488189697,
27,778,0,0.39774876832962036,
27,779,0,0.833621621131897,
27,780,0,0.7523263692855835,
27,781,0,0.8279505968093872,
27,782,0,0.3517623543739319,
27,783,0,0.8071665167808533,
27,784,0,0.37001562118530273,
27,785,0,0.044888317584991455,
27,786,0,0.4464672803878784,
27,787,0,0.23796498775482178,
27,788,0,0.7176834344863892,
27,789,0,0.27024906873703003,
27,790,0,0.6576305627822876,
27,791,0,0.4271714687347412,
27,792,0,0.3265478014945984,
27,793,0,0.7948721051216125,
27,794,0,0.831405758857727,
27,795,0,0.2557811737060547,
27,796,0,0.8245143294334412,
27,797,0,0.05903959274291992,
27,798,0,0.41154128313064575,
27,799,0,0.8237916231155396,
27,val,,,0.5846873867511749
28,0,0,0.3668314814567566,
28,1,0,0.8130848407745361,
28,2,0,0.5331703424453735,
28,3,0,0.6862549781799316,
28,4,0,0.369894802570343,
28,5,0,0.7591394782066345,
28,6,0,0.15078622102737427,
28,7,0,0.43503957986831665,
28,8,0,0.20832091569900513,
28,9,0,0.8129888772964478,
28,10,0,0.0644267201423645,
28,11,0,0.7089107036590576,
28,12,0,0.8277510404586792,
28,13,0,0.8219559788703918,
28,14,0,0.7381020784378052,
28,15,0,0.8142518997192383,
28,16,0,0.4803318977355957,
28,17,0,0.31471771001815796,
28,18,0,0.7865584492683411,
28,19,0,0.7957805395126343,
28,20,0,0.737884521484375,
28,21,0,0.4614253640174866,
28,22,0,0.2465859055519104,
28,23,0,0.6766963005065918,
28,24,0,0.820699155330658,
28,25,0,0.7193021774291992,
28,26,0,0.8365215063095093,
28,27,0,0.35100698471069336,
28,28,0,0.25979697704315186,
28,29,0,0.43688637018203735,
28,30,0,0.8300603628158569,
28,31,0,0.707599401473999,
28,32,0,0.41320884227752686,
28,33,0,0.7455466985702515,
28,34,0,0.6978286504745483,
28,35,0,0.2548378109931946,
28,36,0,0.3958333134651184,
28,37,0,0.8203218579292297,
28,38,0,0.17984801530838013,
28,39,0,0.8355718851089478,
28,40,0,0.149211585521698,
28,41,0,0.6015346646308899,
28,42,0,0.4504857659339905,
28,43,0,0.04032689332962036,
28,44,0,0.7426303625106812,
28,45,0,0.423801064491272,
28,46,0,0.046388447284698486,
28,47,0,0.0449066162109375,
28,48,0,0.8256518840789795,
28,49,0,0.2901894450187683,
28,50,0,0.8346419334411621,
28,51,0,0.3257949948310852,
28,52,0,0.3717358708381653,
28,53,0,0.04744642972946167,
28,54,0,0.84257572889328,
28,55,0,0.42636048793792725,
28,56,0,0.7654355764389038,
28,57,0,0.4845730662345886,
28,58,0,0.8288440108299255,
28,59,0,0.3269944190979004,
28,60,0,0.39768487215042114,
28,61,0,0.5697776675224304,
28,62,0,0.8165956735610962,
28,63,0,0.2504788637161255,
28,64,0,0.24371123313903809,
28,65,0,0.5773062705993652,
28,66,0,0.7020316123962402,
28,67,0,0.3744044303894043,
28,68,0,0.8040812015533447,
28,69,0,0.3800758123397827,
28,70,0,0.45313572883605957,
28,71,0,0.5983278751373291,
28,72,0,0.6636976003646851,
28,73,0,0.7844269871711731,
28,74,0,0.8118060231208801,
28,75,0,0.5434697866439819,
28,76,0,0.8008245825767517,
28,77,0,0.6165273189544678,
28,78,0,0.14292484521865845,
28,79,0,0.7351170778274536,
28,80,0,0.44268113374710083,
28,81,0,0.804970920085907,
28,82,0,0.047577738761901855,
28,83,0,0.689685046672821,
28,84,0,0.8112292289733887,
28,85,0,0.49101531505584717,
28,86,0,0.7120838165283203,
28,87,0,0.5464922189712524,
28,88,0,0.8103876709938049,
28,89,0,0.3871479034423828,
28,90,0,0.7293035387992859,
28,91,0,0.8064579367637634,
28,92,0,0.841007649898529,
28,93,0,0.813115656375885,
28,94,0,0.4284549355506897,
28,95,0,0.695740818977356,
28,96,0,0.25288695096969604,
28,97,0,0.8360430002212524,
28,98,0,0.5699002146720886,
28,99,0,0.7588945627212524,
28,100,0,0.7328437566757202,
28,101,0,0.6413501501083374,
28,102,0,0.6869961023330688,
28,103,0,0.6967483758926392,
28,104,0,0.8248550891876221,
28,105,0,0.3106660842895508,
28,106,0,0.7248605489730835,
28,107,0,0.8134753704071045,
28,108,0,0.5938693881034851,
28,109,0,0.8172930479049683,
28,110,0,0.7381853461265564,
28,111,0,0.8075170516967773,
28,112,0,0.8314580917358398,
28,113,0,0.4036431312561035,
28,114,0,0.2364046573638916,
28,115,0,0.7319810390472412,
28,116,0,0.801025390625,
28,117,0,0.3415992259979248,
28,118,0,0.8062998056411743,
28,119,0,0.31184858083724976,
28,120,0,0.8184140920639038,
28,121,0,0.8361738920211792,
28,122,0,0.7224574089050293,
28,123,0,0.06445395946502686,
28,124,0,0.39721566438674927,
28,125,0,0.7451534271240234,
28,126,0,0.7102439403533936,
28,127,0,0.8216565251350403,
28,128,0,0.6936600208282471,
28,129,0,0.8372633457183838,
28,130,0,0.6098167896270752,
28,131,0,0.7194705009460449,
28,132,0,0.6255879402160645,
28,133,0,0.21763139963150024,
28,134,0,0.38932597637176514,
28,135,0,0.46212238073349,
28,136,0,0.05318295955657959,
28,137,0,0.12335091829299927,
28,138,0,0.23932534456253052,
28,139,0,0.44693470001220703,
28,140,0,0.7255526781082153,
28,141,0,0.6433519124984741,
28,142,0,0.7349547147750854,
28,143,0,0.7634137272834778,
28,144,0,0.8045217990875244,
28,145,0,0.1844547986984253,
28,146,0,0.6746529340744019,
28,147,0,0.21646612882614136,
28,148,0,0.7612287402153015,
28,149,0,0.7799320220947266,
28,150,0,0.8022173047065735,
28,151,0,0.7179033756256104,
28,152,0,0.72181236743927,
28,153,0,0.8224266171455383,
28,154,0,0.8316052556037903,
28,155,0,0.7006193399429321,
28,156,0,0.04845082759857178,
28,157,0,0.6014806628227234,
28,158,0,0.772771954536438,
28,159,0,0.8107527494430542,
28,160,0,0.31231069564819336,
28,161,0,0.057104647159576416,
28,162,0,0.8362693190574646,
28,163,0,0.26288914680480957,
28,164,0,0.3294849991798401,
28,165,0,0.7185376882553101,
28,166,0,0.24059510231018066,
28,167,0,0.7445022463798523,
28,168,0,0.8385668992996216,
28,169,0,0.13016527891159058,
28,170,0,0.6486248970031738,
28,171,0,0.7453337907791138,
28,172,0,0.7413390874862671,
28,173,0,0.6227487325668335,
28,174,0,0.7539085745811462,
28,175,0,0.3774375319480896,
28,176,0,0.7647213935852051,
28,177,0,0.2614870071411133,
28,178,0,0.8301339149475098,
28,179,0,0.28657102584838867,
28,180,0,0.7750164270401001,
28,181,0,0.7910621762275696,
28,182,0,0.30908048152923584,
28,183,0,0.1649554967880249,
28,184,0,0.7658701539039612,
28,185,0,0.743865966796875,
28,186,0,0.26146644353866577,
28,187,0,0.6134234666824341,
28,188,0,0.6055803894996643,
28,189,0,0.2386840581893921,
28,190,0,0.0617101788520813,
28,191,0,0.4180954694747925,
28,192,0,0.7489796876907349,
28,193,0,0.7306078672409058,
28,194,0,0.729773998260498,
28,195,0,0.8270153403282166,
28,196,0,0.7194759845733643,
28,197,0,0.1770983338356018,
28,198,0,0.7973186373710632,
28,199,0,0.23187929391860962,
28,200,0,0.631568193435669,
28,201,0,0.046234309673309326,
28,202,0,0.2562848925590515,
28,203,0,0.8315243721008301,
28,204,0,0.2860415577888489,
28,205,0,0.2147706151008606,
28,206,0,0.30962878465652466,
28,207,0,0.1437656283378601,
28,208,0,0.44855791330337524,
28,209,0,0.7774431109428406,
28,210,0,0.27592766284942627,
28,211,0,0.8190585970878601,
28,212,0,0.41273587942123413,
28,213,0,0.7828779816627502,
28,214,0,0.8345239162445068,
28,215,0,0.7313226461410522,
28,216,0,0.421003520488739,
28,217,0,0.8222945332527161,
28,218,0,0.7679445743560791,
28,219,0,0.7236164212226868,
28,220,0,0.23777854442596436,
28,221,0,0.7367825508117676,
28,222,0,0.27827244997024536,
28,223,0,0.44455480575561523,
28,224,0,0.6636103391647339,
28,225,0,0.26970940828323364,
28,226,0,0.787954568862915,
28,227,0,0.1573362946510315,
28,228,0,0.5833899974822998,
28,229,0,0.3891948461532593,
28,230,0,0.38405269384384155,
28,231,0,0.695266604423523,
28,232,0,0.8524441123008728,
28,233,0,0.8430837392807007,
28,234,0,0.8192667961120605,
28,235,0,0.04026538133621216,
28,236,0,0.3964499235153198,
28,237,0,0.8235867023468018,
28,238,0,0.4438226819038391,
28,239,0,0.3530547022819519,
28,240,0,0.8161830902099609,
28,241,0,0.7104659080505371,
28,242,0,0.8192853927612305,
28,243,0,0.4098057150840759,
28,244,0,0.275898814201355,
28,245,0,0.04559248685836792,
28,246,0,0.3605208992958069,
28,247,0,0.83141028881073,
28,248,0,0.4044587016105652,
28,249,0,0.8138012886047363,
28,250,0,0.11082857847213745,
28,251,0,0.8398568630218506,
28,252,0,0.7678871750831604,
28,253,0,0.7384752035140991,
28,254,0,0.03643608093261719,
28,255,0,0.7416703701019287,
28,256,0,0.5300351977348328,
28,257,0,0.841399610042572,
28,258,0,0.7511290907859802,
28,259,0,0.8336365222930908,
28,260,0,0.48885345458984375,
28,261,0,0.7416198253631592,
28,262,0,0.7429267168045044,
28,263,0,0.7200753688812256,
28,264,0,0.26092249155044556,
28,265,0,0.7403638362884521,
28,266,0,0.8141810894012451,
28,267,0,0.8347468972206116,
28,268,0,0.2912546396255493,
28,269,0,0.4222736358642578,
28,270,0,0.5573985576629639,
28,271,0,0.8059298992156982,
28,272,0,0.3397851586341858,
28,273,0,0.8338575959205627,
28,274,0,0.8007692694664001,
28,275,0,0.15072518587112427,
28,276,0,0.8097416162490845,
28,277,0,0.05871295928955078,
28,278,0,0.4825170040130615,
28,279,0,0.7348484992980957,
28,280,0,0.7543071508407593,
28,281,0,0.789401113986969,
28,282,0,0.7373064756393433,
28,283,0,0.7517619132995605,
28,284,0,0.8069430589675903,
28,285,0,0.7057017087936401,
28,286,0,0.6099081039428711,
28,287,0,0.7232705354690552,
28,288,0,0.706505298614502,
28,289,0,0.4987006187438965,
28,290,0,0.8252617120742798,
28,291,0,0.044377803802490234,
28,292,0,0.35018014907836914,
28,293,0,0.8411623239517212,
28,294,0,0.8320786952972412,
28,295,0,0.7259594202041626,
28,296,0,0.44869464635849,
28,297,0,0.04660689830780029,
28,298,0,0.8468849062919617,
28,299,0,0.8071575164794922,
28,300,0,0.3566576838493347,
28,301,0,0.3845294713973999,
28,302,0,0.8364946842193604,
28,303,0,0.5829324126243591,
28,304,0,0.8374540209770203,
28,305,0,0.44623422622680664,
28,306,0,0.2054581642150879,
28,307,0,0.8285418152809143,
28,308,0,0.8367592096328735,
28,309,0,0.17789345979690552,
28,310,0,0.8140047788619995,
28,311,0,0.36347460746765137,
28,312,0,0.8199456930160522,
28,313,0,0.80999755859375,
28,314,0,0.3414227366447449,
28,315,0,0.6432497501373291,
28,316,0,0.8282235860824585,
28,317,0,0.557477593421936,
28,318,0,0.303103506565094,
28,319,0,0.2763267755508423,
28,320,0,0.7425711750984192,
28,321,0,0.7378909587860107,
28,322,0,0.7074490785598755,
28,323,0,0.26875293254852295,
28,324,0,0.8371126055717468,
28,325,0,0.7864636778831482,
28,326,0,0.8013012409210205,
28,327,0,0.7305152416229248,
28,328,0,0.6187162399291992,
28,329,0,0.7642226815223694,
28,330,0,0.32159167528152466,
28,331,0,0.2817513942718506,
28,332,0,0.721956729888916,
28,333,0,0.22587448358535767,
28,334,0,0.7017499208450317,
28,335,0,0.33674192428588867,
28,336,0,0.8302807211875916,
28,337,0,0.40887385606765747,
28,338,0,0.6003119349479675,
28,339,0,0.7824420928955078,
28,340,0,0.8347944021224976,
28,341,0,0.057101309299468994,
28,342,0,0.7266288995742798,
28,343,0,0.5843641757965088,
28,344,0,0.7924600839614868,
28,345,0,0.8162901997566223,
28,346,0,0.21261030435562134,
28,347,0,0.15590417385101318,
28,348,0,0.7412598133087158,
28,349,0,0.7331284284591675,
28,350,0,0.6761788725852966,
28,351,0,0.7687851190567017,
28,352,0,0.8212366104125977,
28,353,0,0.8210251927375793,
28,354,0,0.6155725717544556,
28,355,0,0.15381592512130737,
28,356,0,0.7349449396133423,
28,357,0,0.637401282787323,
28,358,0,0.1836017370223999,
28,359,0,0.7806774377822876,
28,360,0,0.7293113470077515,
28,361,0,0.8397568464279175,
28,362,0,0.23277384042739868,
28,363,0,0.27203094959259033,
28,364,0,0.7505766153335571,
28,365,0,0.755975604057312,
28,366,0,0.7426057457923889,
28,367,0,0.8278953433036804,
28,368,0,0.7141926288604736,
28,369,0,0.8064113259315491,
28,370,0,0.6082233190536499,
28,371,0,0.5829035639762878,
28,372,0,0.8183407783508301,
28,373,0,0.7178488969802856,
28,374,0,0.37819749116897583,
28,375,0,0.6196784973144531,
28,376,0,0.6583999395370483,
28,377,0,0.30517321825027466,
28,378,0,0.36736106872558594,
28,379,0,0.7379014492034912,
28,380,0,0.29619818925857544,
28,381,0,0.28690677881240845,
28,382,0,0.2665565013885498,
28,383,0,0.8365862369537354,
28,384,0,0.29786473512649536,
28,385,0,0.28801649808883667,
28,386,0,0.21318411827087402,
28,387,0,0.3851250410079956,
28,388,0,0.052430689334869385,
28,389,0,0.774578332901001,
28,390,0,0.7528890371322632,
28,391,0,0.5493372678756714,
28,392,0,0.6591947674751282,
28,393,0,0.28326326608657837,
28,394,0,0.43533289432525635,
28,395,0,0.8115584254264832,
28,396,0,0.1455400586128235,
28,397,0,0.16575056314468384,
28,398,0,0.7970624566078186,
28,399,0,0.24205690622329712,
28,400,0,0.5924546718597412,
28,401,0,0.7443089485168457,
28,402,0,0.8310203552246094,
28,403,0,0.799670934677124,
28,404,0,0.29420340061187744,
28,405,0,0.05970877408981323,
28,406,0,0.7390966415405273,
28,407,0,0.8359858393669128,
28,408,0,0.6657962799072266,
28,409,0,0.6998798847198486,
28,410,0,0.8277539014816284,
28,411,0,0.2782626748085022,
28,412,0,0.661278486251831,
28,413,0,0.05914360284805298,
28,414,0,0.773541271686554,
28,415,0,0.6114360690116882,
28,416,0,0.8375887870788574,
28,417,0,0.05299919843673706,
28,418,0,0.4659891724586487,
28,419,0,0.41587525606155396,
28,420,0,0.2310694456100464,
28,421,0,0.2291284203529358,
28,422,0,0.7149449586868286,
28,423,0,0.8331668972969055,
28,424,0,0.7374428510665894,
28,425,0,0.8106048107147217,
28,426,0,0.8108730912208557,
28,427,0,0.8082070350646973,
28,428,0,0.42213159799575806,
28,429,0,0.8119382262229919,
28,430,0,0.2356421947479248,
28,431,0,0.7876410484313965,
28,432,0,0.605389416217804,
28,433,0,0.8217107057571411,
28,434,0,0.8184430003166199,
28,435,0,0.8125449419021606,
28,436,0,0.588848352432251,
28,437,0,0.048637568950653076,
28,438,0,0.6006189584732056,
28,439,0,0.20776689052581787,
28,440,0,0.8448575139045715,
28,441,0,0.7791511416435242,
28,442,0,0.8189175724983215,
28,443,0,0.8104336857795715,
28,444,0,0.753689706325531,
28,445,0,0.8195802569389343,
28,446,0,0.5992671251296997,
28,447,0,0.2682899832725525,
28,448,0,0.050037920475006104,
28,449,0,0.798510730266571,
28,450,0,0.7723314166069031,
28,451,0,0.22826892137527466,
28,452,0,0.7332950234413147,
28,453,0,0.26351600885391235,
28,454,0,0.3986690640449524,
28,455,0,0.5418208837509155,
28,456,0,0.708977460861206,
28,457,0,0.6483008861541748,
28,458,0,0.5104751586914062,
28,459,0,0.7031551599502563,
28,460,0,0.8142228722572327,
28,461,0,0.42187201976776123,
28,462,0,0.8029196262359619,
28,463,0,0.14147377014160156,
28,464,0,0.5750455856323242,
28,465,0,0.7428086996078491,
28,466,0,0.043941497802734375,
28,467,0,0.7995498180389404,
28,468,0,0.6050747036933899,
28,469,0,0.7747510075569153,
28,470,0,0.30394601821899414,
28,471,0,0.049118876457214355,
28,472,0,0.8350900411605835,
28,473,0,0.8296312689781189,
28,474,0,0.04795438051223755,
28,475,0,0.8220499753952026,
28,476,0,0.42530345916748047,
28,477,0,0.7351614236831665,
28,478,0,0.4592663645744324,
28,479,0,0.4524722099304199,
28,480,0,0.6512936353683472,
28,481,0,0.15593242645263672,
28,482,0,0.6765968799591064,
28,483,0,0.828041672706604,
28,484,0,0.82595294713974,
28,485,0,0.39414000511169434,
28,486,0,0.7077133655548096,
28,487,0,0.2901819348335266,
28,488,0,0.5482444763183594,
28,489,0,0.8292840719223022,
28,490,0,0.7587257623672485,
28,491,0,0.8192861080169678,
28,492,0,0.6237025260925293,
28,493,0,0.7208962440490723,
28,494,0,0.05656468868255615,
28,495,0,0.3290596604347229,
28,496,0,0.2545645236968994,
28,497,0,0.7738227248191833,
28,498,0,0.4244142770767212,
28,499,0,0.8379862308502197,
28,500,0,0.6841094493865967,
28,501,0,0.7533172965049744,
28,502,0,0.8270490169525146,
28,503,0,0.1897563934326172,
28,504,0,0.7392555475234985,
28,505,0,0.41615647077560425,
28,506,0,0.7506701946258545,
28,507,0,0.25570017099380493,
28,508,0,0.8366001844406128,
28,509,0,0.8338569402694702,
28,510,0,0.7544217109680176,
28,511,0,0.7351059913635254,
28,512,0,0.23083734512329102,
28,513,0,0.7178279161453247,
28,514,0,0.8062445521354675,
28,515,0,0.795364260673523,
28,516,0,0.7406149506568909,
28,517,0,0.34053605794906616,
28,518,0,0.21417617797851562,
28,519,0,0.24975818395614624,
28,520,0,0.7361934185028076,
28,521,0,0.700360894203186,
28,522,0,0.300001323223114,
28,523,0,0.8504310846328735,
28,524,0,0.7232004404067993,
28,525,0,0.049895286560058594,
28,526,0,0.2810278534889221,
28,527,0,0.832648515701294,
28,528,0,0.048998355865478516,
28,529,0,0.6977888345718384,
28,530,0,0.6476403474807739,
28,531,0,0.8375576734542847,
28,532,0,0.7968591451644897,
28,533,0,0.8025712370872498,
28,534,0,0.3688386082649231,
28,535,0,0.7006406188011169,
28,536,0,0.7875444293022156,
28,537,0,0.25393277406692505,
28,538,0,0.8179574608802795,
28,539,0,0.6357755064964294,
28,540,0,0.7783138155937195,
28,541,0,0.3696601986885071,
28,542,0,0.29018598794937134,
28,543,0,0.8377617001533508,
28,544,0,0.05372864007949829,
28,545,0,0.36255425214767456,
28,546,0,0.4101579785346985,
28,547,0,0.05854034423828125,
28,548,0,0.7717976570129395,
28,549,0,0.27732253074645996,
28,550,0,0.8318606615066528,
28,551,0,0.8412656188011169,
28,552,0,0.7162675261497498,
28,553,0,0.3988109827041626,
28,554,0,0.643909215927124,
28,555,0,0.2532564401626587,
28,556,0,0.7600672245025635,
28,557,0,0.7264939546585083,
28,558,0,0.3462229371070862,
28,559,0,0.6338455677032471,
28,560,0,0.78276526927948,
28,561,0,0.7305687665939331,
28,562,0,0.15981680154800415,
28,563,0,0.7111539840698242,
28,564,0,0.4338255524635315,
28,565,0,0.3021588921546936,
28,566,0,0.33932673931121826,
28,567,0,0.8394781947135925,
28,568,0,0.19524437189102173,
28,569,0,0.8199759125709534,
28,570,0,0.5917690992355347,
28,571,0,0.5753223299980164,
28,572,0,0.27782517671585083,
28,573,0,0.7162876129150391,
28,574,0,0.2880616784095764,
28,575,0,0.24693143367767334,
28,576,0,0.6512444019317627,
28,577,0,0.2508705258369446,
28,578,0,0.2790835499763489,
28,579,0,0.7810037732124329,
28,580,0,0.256730854511261,
28,581,0,0.3665199279785156,
28,582,0,0.680014967918396,
28,583,0,0.7660284638404846,
28,584,0,0.4229555130004883,
28,585,0,0.805029571056366,
28,586,0,0.8274024128913879,
28,587,0,0.559943437576294,
28,588,0,0.20554184913635254,
28,589,0,0.5928384065628052,
28,590,0,0.8223875761032104,
28,591,0,0.23515290021896362,
28,592,0,0.8118106126785278,
28,593,0,0.8178719282150269,
28,594,0,0.8150728940963745,
28,595,0,0.7098056674003601,
28,596,0,0.4033821225166321,
28,597,0,0.15005284547805786,
28,598,0,0.28300273418426514,
28,599,0,0.2964203953742981,
28,600,0,0.6264722347259521,
28,601,0,0.36916273832321167,
28,602,0,0.17872703075408936,
28,603,0,0.28582775592803955,
28,604,0,0.7377804517745972,
28,605,0,0.7795411348342896,
28,606,0,0.2712758779525757,
28,607,0,0.5934906005859375,
28,608,0,0.6076610088348389,
28,609,0,0.8338547348976135,
28,610,0,0.8280156254768372,
28,611,0,0.8414074182510376,
28,612,0,0.6425262689590454,
28,613,0,0.6125733852386475,
28,614,0,0.8274244070053101,
28,615,0,0.3608977794647217,
28,616,0,0.7550087571144104,
28,617,0,0.2564731240272522,
28,618,0,0.15384674072265625,
28,619,0,0.34260863065719604,
28,620,0,0.8310630321502686,
28,621,0,0.398070752620697,
28,622,0,0.6510032415390015,
28,623,0,0.40479522943496704,
28,624,0,0.2820471525192261,
28,625,0,0.8409362435340881,
28,626,0,0.8109409809112549,
28,627,0,0.8115590214729309,
28,628,0,0.8392398357391357,
28,629,0,0.4522424340248108,
28,630,0,0.06135702133178711,
28,631,0,0.1657359004020691,
28,632,0,0.8091043829917908,
28,633,0,0.5800653696060181,
28,634,0,0.7071071863174438,
28,635,0,0.45870596170425415,
28,636,0,0.8064590692520142,
28,637,0,0.7044315338134766,
28,638,0,0.6963160634040833,
28,639,0,0.7504404783248901,
28,640,0,0.1363290548324585,
28,641,0,0.7401858568191528,
28,642,0,0.7676255702972412,
28,643,0,0.3883246183395386,
28,644,0,0.37320518493652344,
28,645,0,0.6691144704818726,
28,646,0,0.81790691614151,
28,647,0,0.7618269324302673,
28,648,0,0.8084366917610168,
28,649,0,0.04285717010498047,
28,650,0,0.7594356536865234,
28,651,0,0.4051612615585327,
28,652,0,0.5529879331588745,
28,653,0,0.5493772029876709,
28,654,0,0.7543672919273376,
28,655,0,0.23086655139923096,
28,656,0,0.2295019030570984,
28,657,0,0.3338282108306885,
28,658,0,0.606593132019043,
28,659,0,0.04856687784194946,
28,660,0,0.8581221103668213,
28,661,0,0.6199550628662109,
28,662,0,0.8042059540748596,
28,663,0,0.714945912361145,
28,664,0,0.8375940918922424,
28,665,0,0.4073689579963684,
28,666,0,0.053176283836364746,
28,667,0,0.8125103712081909,
28,668,0,0.26832038164138794,
28,669,0,0.4258189797401428,
28,670,0,0.3610221743583679,
28,671,0,0.7579288482666016,
28,672,0,0.14156055450439453,
28,673,0,0.2576824426651001,
28,674,0,0.4000582695007324,
28,675,0,0.7635067105293274,
28,676,0,0.14777833223342896,
28,677,0,0.5831022262573242,
28,678,0,0.7182574272155762,
28,679,0,0.7987078428268433,
28,680,0,0.056004345417022705,
28,681,0,0.7250622510910034,
28,682,0,0.2813117504119873,
28,683,0,0.31509900093078613,
28,684,0,0.71006178855896,
28,685,0,0.8115454912185669,
28,686,0,0.6836315393447876,
28,687,0,0.5942990183830261,
28,688,0,0.2514646649360657,
28,689,0,0.7441726922988892,
28,690,0,0.8273351192474365,
28,691,0,0.15341395139694214,
28,692,0,0.3216899037361145,
28,693,0,0.694327175617218,
28,694,0,0.7572140097618103,
28,695,0,0.7552469968795776,
28,696,0,0.17411458492279053,
28,697,0,0.7506873607635498,
28,698,0,0.8355416059494019,
28,699,0,0.42213404178619385,
28,700,0,0.25344717502593994,
28,701,0,0.8311876654624939,
28,702,0,0.7825011610984802,
28,703,0,0.7029614448547363,
28,704,0,0.14503800868988037,
28,705,0,0.05100715160369873,
28,706,0,0.8411828279495239,
28,707,0,0.8056353330612183,
28,708,0,0.841614842414856,
28,709,0,0.7482038736343384,
28,710,0,0.3857179284095764,
28,711,0,0.3192957639694214,
28,712,0,0.2471582293510437,
28,713,0,0.38207000494003296,
28,714,0,0.8289296627044678,
28,715,0,0.40871304273605347,
28,716,0,0.752749502658844,
28,717,0,0.6347001791000366,
28,718,0,0.8083000779151917,
28,719,0,0.823979377746582,
28,720,0,0.7884171009063721,
28,721,0,0.7753173112869263,
28,722,0,0.6160963773727417,
28,723,0,0.16040009260177612,
28,724,0,0.538068950176239,
28,725,0,0.1970645785331726,
28,726,0,0.8213361501693726,
28,727,0,0.8058986067771912,
28,728,0,0.1822236180305481,
28,729,0,0.41678351163864136,
28,730,0,0.33383268117904663,
28,731,0,0.8212239146232605,
28,732,0,0.8067306280136108,
28,733,0,0.37220877408981323,
28,734,0,0.8155759572982788,
28,735,0,0.2915300726890564,
28,736,0,0.743710458278656,
28,737,0,0.6732344627380371,
28,738,0,0.8089013695716858,
28,739,0,0.5946491956710815,
28,740,0,0.2767062783241272,
28,741,0,0.6877704858779907,
28,742,0,0.8219807147979736,
28,743,0,0.8398813605308533,
28,744,0,0.6974526643753052,
28,745,0,0.25979936122894287,
28,746,0,0.7135040760040283,
28,747,0,0.7340262532234192,
28,748,0,0.7164353132247925,
28,749,0,0.820963978767395,
28,750,0,0.8036272525787354,
28,751,0,0.8217244148254395,
28,752,0,0.628790020942688,
28,753,0,0.43685632944107056,
28,754,0,0.596457839012146,
28,755,0,0.8382043242454529,
28,756,0,0.8238330483436584,
28,757,0,0.8343560099601746,
28,758,0,0.5590102672576904,
28,759,0,0.05028057098388672,
28,760,0,0.42589884996414185,
28,761,0,0.742139458656311,
28,762,0,0.7751444578170776,
28,763,0,0.29855793714523315,
28,764,0,0.28901082277297974,
28,765,0,0.8012795448303223,
28,766,0,0.16064602136611938,
28,767,0,0.7481851577758789,
28,768,0,0.8237978219985962,
28,769,0,0.18117666244506836,
28,770,0,0.7009073495864868,
28,771,0,0.5533190965652466,
28,772,0,0.7963846921920776,
28,773,0,0.1896553635597229,
28,774,0,0.8186253309249878,
28,775,0,0.7876660823822021,
28,776,0,0.23492586612701416,
28,777,0,0.6975489854812622,
28,778,0,0.3940213918685913,
28,779,0,0.8342196345329285,
28,780,0,0.7514861822128296,
28,781,0,0.8281099796295166,
28,782,0,0.3513510227203369,
28,783,0,0.8065152168273926,
28,784,0,0.36398905515670776,
28,785,0,0.044051527976989746,
28,786,0,0.4421148896217346,
28,787,0,0.23532408475875854,
28,788,0,0.703873872756958,
28,789,0,0.27692705392837524,
28,790,0,0.6477813720703125,
28,791,0,0.4297894239425659,
28,792,0,0.32462888956069946,
28,793,0,0.7927011251449585,
28,794,0,0.8292863368988037,
28,795,0,0.25493210554122925,
28,796,0,0.8229802846908569,
28,797,0,0.060153067111968994,
28,798,0,0.41651451587677,
28,799,0,0.824421763420105,
28,val,,,0.5847831720113754
29,0,0,0.3662338852882385,
29,1,0,0.8134520649909973,
29,2,0,0.5327088236808777,
29,3,0,0.71123206615448,
29,4,0,0.36501604318618774,
29,5,0,0.7591966390609741,
29,6,0,0.15075379610061646,
29,7,0,0.43203574419021606,
29,8,0,0.21324819326400757,
29,9,0,0.8123025894165039,
29,10,0,0.061744093894958496,
29,11,0,0.7052314281463623,
29,12,0,0.828474760055542,
29,13,0,0.8213191628456116,
29,14,0,0.7441279888153076,
29,15,0,0.8121612071990967,
29,16,0,0.4784083366394043,
29,17,0,0.310791552066803,
29,18,0,0.7871252298355103,
29,19,0,0.8048257827758789,
29,20,0,0.7376153469085693,
29,21,0,0.4518698453903198,
29,22,0,0.24768692255020142,
29,23,0,0.6778280138969421,
29,24,0,0.8215592503547668,
29,25,0,0.7166935205459595,
29,26,0,0.834223747253418,
29,27,0,0.35412436723709106,
29,28,0,0.2558685541152954,
29,29,0,0.4391540288925171,
29,30,0,0.827112078666687,
29,31,0,0.7124755382537842,
29,32,0,0.41245102882385254,
29,33,0,0.743837833404541,
29,34,0,0.7007752656936646,
29,35,0,0.25601130723953247,
29,36,0,0.3927549719810486,
29,37,0,0.819200336933136,
29,38,0,0.17547988891601562,
29,39,0,0.8335367441177368,
29,40,0,0.14702510833740234,
29,41,0,0.5986884832382202,
29,42,0,0.4480077624320984,
29,43,0,0.03953343629837036,
29,44,0,0.7445048093795776,
29,45,0,0.4221094846725464,
29,46,0,0.045882582664489746,
29,47,0,0.04490011930465698,
29,48,0,0.829397976398468,
29,49,0,0.29305070638656616,
29,50,0,0.8327797651290894,
29,51,0,0.32217270135879517,
29,52,0,0.36459922790527344,
29,53,0,0.04789543151855469,
29,54,0,0.8411270380020142,
29,55,0,0.4264087677001953,
29,56,0,0.7608715295791626,
29,57,0,0.4860416054725647,
29,58,0,0.8382511138916016,
29,59,0,0.3292950391769409,
29,60,0,0.39561033248901367,
29,61,0,0.5723497271537781,
29,62,0,0.8180558681488037,
29,63,0,0.24624574184417725,
29,64,0,0.23825031518936157,
29,65,0,0.5682885646820068,
29,66,0,0.7020549774169922,
29,67,0,0.3734634518623352,
29,68,0,0.8074737191200256,
29,69,0,0.3868582248687744,
29,70,0,0.45490187406539917,
29,71,0,0.5987988710403442,
29,72,0,0.6674700379371643,
29,73,0,0.7883932590484619,
29,74,0,0.8120109438896179,
29,75,0,0.553047776222229,
29,76,0,0.8009575605392456,
29,77,0,0.6081186532974243,
29,78,0,0.14578187465667725,
29,79,0,0.7286601066589355,
29,80,0,0.456667423248291,
29,81,0,0.8074567317962646,
29,82,0,0.05022305250167847,
29,83,0,0.6698715686798096,
29,84,0,0.8125649690628052,
29,85,0,0.4956105351448059,
29,86,0,0.7047837972640991,
29,87,0,0.5509847402572632,
29,88,0,0.8086865544319153,
29,89,0,0.38221168518066406,
29,90,0,0.7295064926147461,
29,91,0,0.8157405257225037,
29,92,0,0.8405317068099976,
29,93,0,0.8128892183303833,
29,94,0,0.42719942331314087,
29,95,0,0.6915607452392578,
29,96,0,0.25110137462615967,
29,97,0,0.8337869048118591,
29,98,0,0.5758830904960632,
29,99,0,0.7568596601486206,
29,100,0,0.7301874160766602,
29,101,0,0.6457381248474121,
29,102,0,0.6905502676963806,
29,103,0,0.6795393228530884,
29,104,0,0.8288512825965881,
29,105,0,0.302005410194397,
29,106,0,0.7094002962112427,
29,107,0,0.8117002248764038,
29,108,0,0.5914055109024048,
29,109,0,0.8157578110694885,
29,110,0,0.7298558950424194,
29,111,0,0.7998526692390442,
29,112,0,0.8305096626281738,
29,113,0,0.39147359132766724,
29,114,0,0.2343270182609558,
29,115,0,0.7229841947555542,
29,116,0,0.8034672141075134,
29,117,0,0.3421623706817627,
29,118,0,0.8100818395614624,
29,119,0,0.31162959337234497,
29,120,0,0.8172678351402283,
29,121,0,0.8347309231758118,
29,122,0,0.7228715419769287,
29,123,0,0.06588393449783325,
29,124,0,0.393703818321228,
29,125,0,0.7398112416267395,
29,126,0,0.6990689039230347,
29,127,0,0.820480465888977,
29,128,0,0.6731650829315186,
29,129,0,0.8351297974586487,
29,130,0,0.5928187370300293,
29,131,0,0.7066336870193481,
29,132,0,0.6222043633460999,
29,133,0,0.22133666276931763,
29,134,0,0.38950926065444946,
29,135,0,0.4645829200744629,
29,136,0,0.052873194217681885,
29,137,0,0.11805951595306396,
29,138,0,0.23398452997207642,
29,139,0,0.4423338770866394,
29,140,0,0.723393440246582,
29,141,0,0.6552495360374451,
29,142,0,0.7458755373954773,
29,143,0,0.7741213440895081,
29,144,0,0.8063146471977234,
29,145,0,0.18775755167007446,
29,146,0,0.6761864423751831,
29,147,0,0.2067435383796692,
29,148,0,0.7707267999649048,
29,149,0,0.7789938449859619,
29,150,0,0.7996771931648254,
29,151,0,0.7170141339302063,
29,152,0,0.7209546566009521,
29,153,0,0.822705864906311,
29,154,0,0.8299987316131592,
29,155,0,0.7002874612808228,
29,156,0,0.048822760581970215,
29,157,0,0.5975028276443481,
29,158,0,0.7707310318946838,
29,159,0,0.8152538537979126,
29,160,0,0.31593430042266846,
29,161,0,0.057300865650177,
29,162,0,0.8378055095672607,
29,163,0,0.2630615830421448,
29,164,0,0.33365398645401,
29,165,0,0.7178421020507812,
29,166,0,0.23662638664245605,
29,167,0,0.74582839012146,
29,168,0,0.8400346636772156,
29,169,0,0.1330234408378601,
29,170,0,0.6446757912635803,
29,171,0,0.7451072931289673,
29,172,0,0.7427686452865601,
29,173,0,0.6221656799316406,
29,174,0,0.7506858110427856,
29,175,0,0.3844342827796936,
29,176,0,0.7643721103668213,
29,177,0,0.26558101177215576,
29,178,0,0.8302816152572632,
29,179,0,0.28522026538848877,
29,180,0,0.7776376008987427,
29,181,0,0.794390082359314,
29,182,0,0.31089168787002563,
29,183,0,0.15953367948532104,
29,184,0,0.7622050046920776,
29,185,0,0.7433291077613831,
29,186,0,0.2557452321052551,
29,187,0,0.6041961908340454,
29,188,0,0.600998044013977,
29,189,0,0.24030643701553345,
29,190,0,0.06132650375366211,
29,191,0,0.4270210266113281,
29,192,0,0.7501973509788513,
29,193,0,0.7303459048271179,
29,194,0,0.7290768623352051,
29,195,0,0.8287453055381775,
29,196,0,0.7203404903411865,
29,197,0,0.17980384826660156,
29,198,0,0.8099069595336914,
29,199,0,0.23475122451782227,
29,200,0,0.6199986934661865,
29,201,0,0.04634130001068115,
29,202,0,0.24289274215698242,
29,203,0,0.8315895199775696,
29,204,0,0.2916363477706909,
29,205,0,0.22071266174316406,
29,206,0,0.30577534437179565,
29,207,0,0.1382504105567932,
29,208,0,0.4435878396034241,
29,209,0,0.7736780643463135,
29,210,0,0.2752704620361328,
29,211,0,0.8191055655479431,
29,212,0,0.40603047609329224,
29,213,0,0.7824847102165222,
29,214,0,0.8335176110267639,
29,215,0,0.7335647344589233,
29,216,0,0.4193543791770935,
29,217,0,0.8226413130760193,
29,218,0,0.7632851600646973,
29,219,0,0.7239128351211548,
29,220,0,0.2380262017250061,
29,221,0,0.7360423803329468,
29,222,0,0.2758188247680664,
29,223,0,0.4266939163208008,
29,224,0,0.6640642881393433,
29,225,0,0.268801748752594,
29,226,0,0.8081308603286743,
29,227,0,0.16027086973190308,
29,228,0,0.5784231424331665,
29,229,0,0.3850858807563782,
29,230,0,0.38361841440200806,
29,231,0,0.6964662075042725,
29,232,0,0.853083610534668,
29,233,0,0.8424986004829407,
29,234,0,0.8171285390853882,
29,235,0,0.04092550277709961,
29,236,0,0.4009776711463928,
29,237,0,0.8242779970169067,
29,238,0,0.44456160068511963,
29,239,0,0.3477337956428528,
29,240,0,0.8156139850616455,
29,241,0,0.7083756327629089,
29,242,0,0.81733238697052,
29,243,0,0.41533708572387695,
29,244,0,0.27210140228271484,
29,245,0,0.045341551303863525,
29,246,0,0.35796648263931274,
29,247,0,0.8303495645523071,
29,248,0,0.404560387134552,
29,249,0,0.809391438961029,
29,250,0,0.11329716444015503,
29,251,0,0.8392439484596252,
29,252,0,0.7690132856369019,
29,253,0,0.7267071008682251,
29,254,0,0.035166144371032715,
29,255,0,0.7439979314804077,
29,256,0,0.5217078924179077,
29,257,0,0.8391741514205933,
29,258,0,0.7405813932418823,
29,259,0,0.8357893228530884,
29,260,0,0.48565882444381714,
29,261,0,0.7390596866607666,
29,262,0,0.7446314096450806,
29,263,0,0.715114951133728,
29,264,0,0.2676035761833191,
29,265,0,0.7136415243148804,
29,266,0,0.8185793161392212,
29,267,0,0.8310069441795349,
29,268,0,0.29332834482192993,
29,269,0,0.4261101484298706,
29,270,0,0.5596551895141602,
29,271,0,0.8214742541313171,
29,272,0,0.3528595566749573,
29,273,0,0.8349829912185669,
29,274,0,0.7978774905204773,
29,275,0,0.14946287870407104,
29,276,0,0.809498131275177,
29,277,0,0.058804094791412354,
29,278,0,0.49030035734176636,
29,279,0,0.7366234064102173,
29,280,0,0.7549811601638794,
29,281,0,0.7905292510986328,
29,282,0,0.7383514642715454,
29,283,0,0.7583578824996948,
29,284,0,0.8025369048118591,
29,285,0,0.7024320960044861,
29,286,0,0.6095478534698486,
29,287,0,0.7247158885002136,
29,288,0,0.7036125659942627,
29,289,0,0.49996769428253174,
29,290,0,0.8242547512054443,
29,291,0,0.045394301414489746,
29,292,0,0.3510262370109558,
29,293,0,0.838270366191864,
29,294,0,0.8307818174362183,
29,295,0,0.7221028804779053,
29,296,0,0.45011407136917114,
29,297,0,0.04697895050048828,
29,298,0,0.844768762588501,
29,299,0,0.8062393665313721,
29,300,0,0.3534417152404785,
29,301,0,0.3920207619667053,
29,302,0,0.8350490927696228,
29,303,0,0.5824739933013916,
29,304,0,0.8373419642448425,
29,305,0,0.4390905499458313,
29,306,0,0.20389991998672485,
29,307,0,0.8260748386383057,
29,308,0,0.8359513282775879,
29,309,0,0.18467986583709717,
29,310,0,0.813420295715332,
29,311,0,0.3575853705406189,
29,312,0,0.8190991282463074,
29,313,0,0.8080047965049744,
29,314,0,0.33737510442733765,
29,315,0,0.663242518901825,
29,316,0,0.8279454112052917,
29,317,0,0.5632907152175903,
29,318,0,0.3037548065185547,
29,319,0,0.2788394093513489,
29,320,0,0.7417731285095215,
29,321,0,0.716578483581543,
29,322,0,0.703266978263855,
29,323,0,0.26846861839294434,
29,324,0,0.8370237350463867,
29,325,0,0.7771914601325989,
29,326,0,0.8019629716873169,
29,327,0,0.7280421257019043,
29,328,0,0.6004834175109863,
29,329,0,0.7595108151435852,
29,330,0,0.32074958086013794,
29,331,0,0.27894288301467896,
29,332,0,0.7099248170852661,
29,333,0,0.225408136844635,
29,334,0,0.6864128112792969,
29,335,0,0.3388254642486572,
29,336,0,0.8273374438285828,
29,337,0,0.4138302206993103,
29,338,0,0.6055893301963806,
29,339,0,0.7755862474441528,
29,340,0,0.8347631096839905,
29,341,0,0.05654257535934448,
29,342,0,0.7231533527374268,
29,343,0,0.5829784274101257,
29,344,0,0.7921341061592102,
29,345,0,0.81632399559021,
29,346,0,0.21237999200820923,
29,347,0,0.1572362780570984,
29,348,0,0.7410979270935059,
29,349,0,0.7262442111968994,
29,350,0,0.6519383192062378,
29,351,0,0.7689609527587891,
29,352,0,0.8225123286247253,
29,353,0,0.8255994319915771,
29,354,0,0.6150598526000977,
29,355,0,0.15409260988235474,
29,356,0,0.7323081493377686,
29,357,0,0.6205484867095947,
29,358,0,0.18362092971801758,
29,359,0,0.7795459032058716,
29,360,0,0.7100028991699219,
29,361,0,0.8385952711105347,
29,362,0,0.23560714721679688,
29,363,0,0.26469671726226807,
29,364,0,0.7480461001396179,
29,365,0,0.7644978165626526,
29,366,0,0.7102296352386475,
29,367,0,0.8285682797431946,
29,368,0,0.7122546434402466,
29,369,0,0.8044895529747009,
29,370,0,0.6016603708267212,
29,371,0,0.5793752074241638,
29,372,0,0.8145830631256104,
29,373,0,0.7158803939819336,
29,374,0,0.38302403688430786,
29,375,0,0.6257258653640747,
29,376,0,0.6606828570365906,
29,377,0,0.30850130319595337,
29,378,0,0.37674814462661743,
29,379,0,0.7332776784896851,
29,380,0,0.2939334511756897,
29,381,0,0.2890167832374573,
29,382,0,0.27203547954559326,
29,383,0,0.8370851278305054,
29,384,0,0.29878199100494385,
29,385,0,0.28139233589172363,
29,386,0,0.2123597264289856,
29,387,0,0.3911234736442566,
29,388,0,0.05484199523925781,
29,389,0,0.7766196131706238,
29,390,0,0.7506749629974365,
29,391,0,0.5450339317321777,
29,392,0,0.664408802986145,
29,393,0,0.28635501861572266,
29,394,0,0.4422435760498047,
29,395,0,0.8094356060028076,
29,396,0,0.14905983209609985,
29,397,0,0.1663925051689148,
29,398,0,0.7971569895744324,
29,399,0,0.2818925976753235,
29,400,0,0.5833154916763306,
29,401,0,0.7359158992767334,
29,402,0,0.8308942317962646,
29,403,0,0.7932093739509583,
29,404,0,0.2936798930168152,
29,405,0,0.06042766571044922,
29,406,0,0.7340710759162903,
29,407,0,0.8391448259353638,
29,408,0,0.6541909575462341,
29,409,0,0.6991868019104004,
29,410,0,0.8256175518035889,
29,411,0,0.2784474492073059,
29,412,0,0.6737910509109497,
29,413,0,0.058504462242126465,
29,414,0,0.7712844610214233,
29,415,0,0.6228311061859131,
29,416,0,0.8379261493682861,
29,417,0,0.051953136920928955,
29,418,0,0.46448296308517456,
29,419,0,0.41283971071243286,
29,420,0,0.2280927300453186,
29,421,0,0.22892755270004272,
29,422,0,0.7054157257080078,
29,423,0,0.8300772905349731,
29,424,0,0.7336868047714233,
29,425,0,0.8119490146636963,
29,426,0,0.8077328205108643,
29,427,0,0.8122376203536987,
29,428,0,0.4258677363395691,
29,429,0,0.8153767585754395,
29,430,0,0.23443251848220825,
29,431,0,0.7864446640014648,
29,432,0,0.607040286064148,
29,433,0,0.8099462389945984,
29,434,0,0.8197028040885925,
29,435,0,0.8122366070747375,
29,436,0,0.5822905898094177,
29,437,0,0.05038529634475708,
29,438,0,0.5890807509422302,
29,439,0,0.2071055769920349,
29,440,0,0.8442055583000183,
29,441,0,0.7717100381851196,
29,442,0,0.8185985684394836,
29,443,0,0.8096437454223633,
29,444,0,0.7519460916519165,
29,445,0,0.8193680644035339,
29,446,0,0.5983320474624634,
29,447,0,0.26631873846054077,
29,448,0,0.051003992557525635,
29,449,0,0.7968415021896362,
29,450,0,0.7703293561935425,
29,451,0,0.23113292455673218,
29,452,0,0.731952428817749,
29,453,0,0.26463133096694946,
29,454,0,0.3934251666069031,
29,455,0,0.5390018224716187,
29,456,0,0.7055224776268005,
29,457,0,0.6478564739227295,
29,458,0,0.5008692741394043,
29,459,0,0.7047070264816284,
29,460,0,0.8130747079849243,
29,461,0,0.41519445180892944,
29,462,0,0.801845133304596,
29,463,0,0.14387989044189453,
29,464,0,0.5830644369125366,
29,465,0,0.7396559715270996,
29,466,0,0.043665409088134766,
29,467,0,0.8011619448661804,
29,468,0,0.6148322820663452,
29,469,0,0.7898510098457336,
29,470,0,0.3032212257385254,
29,471,0,0.0506213903427124,
29,472,0,0.8374404311180115,
29,473,0,0.8318442702293396,
29,474,0,0.05166822671890259,
29,475,0,0.8197377324104309,
29,476,0,0.4320210814476013,
29,477,0,0.739952802658081,
29,478,0,0.47888898849487305,
29,479,0,0.4516065716743469,
29,480,0,0.6486887335777283,
29,481,0,0.16122931241989136,
29,482,0,0.674109697341919,
29,483,0,0.8281648755073547,
29,484,0,0.828113317489624,
29,485,0,0.3994556665420532,
29,486,0,0.7045742273330688,
29,487,0,0.2976038455963135,
29,488,0,0.5612226724624634,
29,489,0,0.8270905017852783,
29,490,0,0.7601381540298462,
29,491,0,0.8184915781021118,
29,492,0,0.6257888078689575,
29,493,0,0.7297952175140381,
29,494,0,0.055944979190826416,
29,495,0,0.32435470819473267,
29,496,0,0.2559332847595215,
29,497,0,0.7754555344581604,
29,498,0,0.41458404064178467,
29,499,0,0.8356902599334717,
29,500,0,0.6599048376083374,
29,501,0,0.7540521025657654,
29,502,0,0.8271874785423279,
29,503,0,0.19028741121292114,
29,504,0,0.7283018827438354,
29,505,0,0.41123348474502563,
29,506,0,0.7567731142044067,
29,507,0,0.2587388753890991,
29,508,0,0.8359748125076294,
29,509,0,0.833774983882904,
29,510,0,0.7485888600349426,
29,511,0,0.7407321333885193,
29,512,0,0.22823607921600342,
29,513,0,0.7191158533096313,
29,514,0,0.7979045510292053,
29,515,0,0.7819298505783081,
29,516,0,0.7391297817230225,
29,517,0,0.3321531414985657,
29,518,0,0.2064998745918274,
29,519,0,0.24392539262771606,
29,520,0,0.7151535749435425,
29,521,0,0.6811210513114929,
29,522,0,0.3021414279937744,
29,523,0,0.8484388589859009,
29,524,0,0.7264683246612549,
29,525,0,0.04908406734466553,
29,526,0,0.2789209485054016,
29,527,0,0.8316714763641357,
29,528,0,0.049635887145996094,
29,529,0,0.6699944734573364,
29,530,0,0.6704737544059753,
29,531,0,0.8428834676742554,
29,532,0,0.8027064204216003,
29,533,0,0.8011084198951721,
29,534,0,0.36962443590164185,
29,535,0,0.6772195100784302,
29,536,0,0.787018895149231,
29,537,0,0.25578391551971436,
29,538,0,0.8189006447792053,
29,539,0,0.6287635564804077,
29,540,0,0.7816831469535828,
29,541,0,0.3698137402534485,
29,542,0,0.2942084074020386,
29,543,0,0.8375986814498901,
29,544,0,0.05397641658782959,
29,545,0,0.361237108707428,
29,546,0,0.4112076759338379,
29,547,0,0.05868774652481079,
29,548,0,0.7738925218582153,
29,549,0,0.2802608609199524,
29,550,0,0.8322299718856812,
29,551,0,0.8407292366027832,
29,552,0,0.7144704461097717,
29,553,0,0.40172654390335083,
29,554,0,0.6459276080131531,
29,555,0,0.2332056760787964,
29,556,0,0.7634336948394775,
29,557,0,0.707939088344574,
29,558,0,0.34927016496658325,
29,559,0,0.6255988478660583,
29,560,0,0.7835170030593872,
29,561,0,0.7229098081588745,
29,562,0,0.1583992838859558,
29,563,0,0.7175453901290894,
29,564,0,0.43443620204925537,
29,565,0,0.30128222703933716,
29,566,0,0.34140437841415405,
29,567,0,0.8365652561187744,
29,568,0,0.19446581602096558,
29,569,0,0.8155465126037598,
29,570,0,0.5955802798271179,
29,571,0,0.5693889856338501,
29,572,0,0.301097571849823,
29,573,0,0.7200766801834106,
29,574,0,0.28397637605667114,
29,575,0,0.24630385637283325,
29,576,0,0.6490296721458435,
29,577,0,0.2573133111000061,
29,578,0,0.2765378952026367,
29,579,0,0.7781003713607788,
29,580,0,0.25149399042129517,
29,581,0,0.3640196919441223,
29,582,0,0.6688275337219238,
29,583,0,0.7595880627632141,
29,584,0,0.4226912260055542,
29,585,0,0.8028296232223511,
29,586,0,0.8283631205558777,
29,587,0,0.559584379196167,
29,588,0,0.2087443470954895,
29,589,0,0.6042951345443726,
29,590,0,0.8215676546096802,
29,591,0,0.23976784944534302,
29,592,0,0.8181467056274414,
29,593,0,0.820823609828949,
29,594,0,0.8151446580886841,
29,595,0,0.710411012172699,
29,596,0,0.4042263627052307,
29,597,0,0.15057599544525146,
29,598,0,0.277457058429718,
29,599,0,0.2946698069572449,
29,600,0,0.6256781220436096,
29,601,0,0.37070178985595703,
29,602,0,0.17875558137893677,
29,603,0,0.2757267951965332,
29,604,0,0.7431574463844299,
29,605,0,0.7704409956932068,
29,606,0,0.27731066942214966,
29,607,0,0.6050602197647095,
29,608,0,0.5970075130462646,
29,609,0,0.8278858065605164,
29,610,0,0.8296941518783569,
29,611,0,0.8420693278312683,
29,612,0,0.6523879766464233,
29,613,0,0.6042614579200745,
29,614,0,0.8262673616409302,
29,615,0,0.3588377833366394,
29,616,0,0.7370685338973999,
29,617,0,0.25838422775268555,
29,618,0,0.15660226345062256,
29,619,0,0.3405492901802063,
29,620,0,0.8314391374588013,
29,621,0,0.39679497480392456,
29,622,0,0.6392555236816406,
29,623,0,0.4075573682785034,
29,624,0,0.2790091633796692,
29,625,0,0.8424851894378662,
29,626,0,0.8036254644393921,
29,627,0,0.8105754256248474,
29,628,0,0.8402678966522217,
29,629,0,0.4457443356513977,
29,630,0,0.06057298183441162,
29,631,0,0.16999149322509766,
29,632,0,0.8079491853713989,
29,633,0,0.5639686584472656,
29,634,0,0.7034004926681519,
29,635,0,0.45828956365585327,
29,636,0,0.8065527081489563,
29,637,0,0.7098206877708435,
29,638,0,0.6962066888809204,
29,639,0,0.7563074827194214,
29,640,0,0.13540208339691162,
29,641,0,0.7388491630554199,
29,642,0,0.763964831829071,
29,643,0,0.3886117935180664,
29,644,0,0.3688367009162903,
29,645,0,0.6662119626998901,
29,646,0,0.8158268928527832,
29,647,0,0.7574007511138916,
29,648,0,0.807248592376709,
29,649,0,0.04467540979385376,
29,650,0,0.7547295093536377,
29,651,0,0.4004364609718323,
29,652,0,0.5530030131340027,
29,653,0,0.5469428300857544,
29,654,0,0.7506855130195618,
29,655,0,0.22846698760986328,
29,656,0,0.22526919841766357,
29,657,0,0.3293610215187073,
29,658,0,0.5916124582290649,
29,659,0,0.04788607358932495,
29,660,0,0.8543552756309509,
29,661,0,0.621025800704956,
29,662,0,0.8064547777175903,
29,663,0,0.7191564440727234,
29,664,0,0.8380321264266968,
29,665,0,0.401642382144928,
29,666,0,0.05331486463546753,
29,667,0,0.8089995980262756,
29,668,0,0.2719793915748596,
29,669,0,0.4290943145751953,
29,670,0,0.35851889848709106,
29,671,0,0.7583791613578796,
29,672,0,0.14224815368652344,
29,673,0,0.25616079568862915,
29,674,0,0.39802807569503784,
29,675,0,0.7637008428573608,
29,676,0,0.15114641189575195,
29,677,0,0.5765230059623718,
29,678,0,0.6992731094360352,
29,679,0,0.7990690469741821,
29,680,0,0.05655544996261597,
29,681,0,0.7125654220581055,
29,682,0,0.28648239374160767,
29,683,0,0.3169599771499634,
29,684,0,0.6969940662384033,
29,685,0,0.8092717528343201,
29,686,0,0.6847548484802246,
29,687,0,0.5935323238372803,
29,688,0,0.24397802352905273,
29,689,0,0.7453691959381104,
29,690,0,0.8271061778068542,
29,691,0,0.15230637788772583,
29,692,0,0.31648004055023193,
29,693,0,0.6960961818695068,
29,694,0,0.7551926374435425,
29,695,0,0.7542237043380737,
29,696,0,0.1750091314315796,
29,697,0,0.7453312873840332,
29,698,0,0.8364830613136292,
29,699,0,0.42863863706588745,
29,700,0,0.24978840351104736,
29,701,0,0.8277599811553955,
29,702,0,0.7846619486808777,
29,703,0,0.6980924606323242,
29,704,0,0.13739508390426636,
29,705,0,0.052044451236724854,
29,706,0,0.8398388028144836,
29,707,0,0.8057867884635925,
29,708,0,0.8312795162200928,
29,709,0,0.7455204725265503,
29,710,0,0.38551265001296997,
29,711,0,0.31969302892684937,
29,712,0,0.25125032663345337,
29,713,0,0.3761884570121765,
29,714,0,0.8279844522476196,
29,715,0,0.41077446937561035,
29,716,0,0.7562179565429688,
29,717,0,0.6398545503616333,
29,718,0,0.8047661185264587,
29,719,0,0.8222061395645142,
29,720,0,0.7853388786315918,
29,721,0,0.7748838663101196,
29,722,0,0.6215478777885437,
29,723,0,0.15932351350784302,
29,724,0,0.5423882007598877,
29,725,0,0.1939426064491272,
29,726,0,0.8224424123764038,
29,727,0,0.8061074018478394,
29,728,0,0.1906248927116394,
29,729,0,0.4178164601325989,
29,730,0,0.3274425268173218,
29,731,0,0.8201698064804077,
29,732,0,0.8032919764518738,
29,733,0,0.3718222379684448,
29,734,0,0.812853217124939,
29,735,0,0.2858578562736511,
29,736,0,0.7423732280731201,
29,737,0,0.6776952147483826,
29,738,0,0.816104531288147,
29,739,0,0.5983850955963135,
29,740,0,0.27469509840011597,
29,741,0,0.6852365732192993,
29,742,0,0.8233755826950073,
29,743,0,0.84157395362854,
29,744,0,0.6847304701805115,
29,745,0,0.2563181519508362,
29,746,0,0.7129255533218384,
29,747,0,0.7140381336212158,
29,748,0,0.7139878273010254,
29,749,0,0.8208989500999451,
29,750,0,0.8074736595153809,
29,751,0,0.8236880302429199,
29,752,0,0.6440751552581787,
29,753,0,0.4364321827888489,
29,754,0,0.5828818678855896,
29,755,0,0.8379489183425903,
29,756,0,0.8253006935119629,
29,757,0,0.8342804312705994,
29,758,0,0.5850297212600708,
29,759,0,0.050118982791900635,
29,760,0,0.42525964975357056,
29,761,0,0.7420220375061035,
29,762,0,0.7732610702514648,
29,763,0,0.28901469707489014,
29,764,0,0.2861972451210022,
29,765,0,0.799808919429779,
29,766,0,0.1620621681213379,
29,767,0,0.749860405921936,
29,768,0,0.825654923915863,
29,769,0,0.1864911913871765,
29,770,0,0.677922248840332,
29,771,0,0.5495461225509644,
29,772,0,0.7972118854522705,
29,773,0,0.18895196914672852,
29,774,0,0.8251506686210632,
29,775,0,0.7807174324989319,
29,776,0,0.23498773574829102,
29,777,0,0.6922141909599304,
29,778,0,0.38209712505340576,
29,779,0,0.8333591222763062,
29,780,0,0.7490167617797852,
29,781,0,0.8256787657737732,
29,782,0,0.35215556621551514,
29,783,0,0.8067650198936462,
29,784,0,0.3671421408653259,
29,785,0,0.04433441162109375,
29,786,0,0.44530969858169556,
29,787,0,0.22975820302963257,
29,788,0,0.7010217905044556,
29,789,0,0.2757952809333801,
29,790,0,0.640066921710968,
29,791,0,0.4264869689941406,
29,792,0,0.3305562138557434,
29,793,0,0.7921473979949951,
29,794,0,0.8292108178138733,
29,795,0,0.25453096628189087,
29,796,0,0.8227537870407104,
29,797,0,0.057390034198760986,
29,798,0,0.41895538568496704,
29,799,0,0.8245633840560913,
29,val,,,0.5855999761819839
30,0,0,0.3644881844520569,
30,1,0,0.8130806684494019,
30,2,0,0.5312918424606323,
30,3,0,0.6788263320922852,
30,4,0,0.36251527070999146,
30,5,0,0.7605121731758118,
30,6,0,0.15622979402542114,
30,7,0,0.4336482882499695,
30,8,0,0.21307116746902466,
30,9,0,0.8123570680618286,
30,10,0,0.06237393617630005,
30,11,0,0.6964179873466492,
30,12,0,0.8282567262649536,
30,13,0,0.8204888105392456,
30,14,0,0.7445833683013916,
30,15,0,0.8124633431434631,
30,16,0,0.47870945930480957,
30,17,0,0.3069456219673157,
30,18,0,0.7858682870864868,
30,19,0,0.8000186681747437,
30,20,0,0.7363080978393555,
30,21,0,0.4517989754676819,
30,22,0,0.24396401643753052,
30,23,0,0.673264741897583,
30,24,0,0.8216021060943604,
30,25,0,0.7125863432884216,
30,26,0,0.8338418006896973,
30,27,0,0.3540104031562805,
30,28,0,0.2516494393348694,
30,29,0,0.43126118183135986,
30,30,0,0.8339715003967285,
30,31,0,0.6942423582077026,
30,32,0,0.41287070512771606,
30,33,0,0.7444714307785034,
30,34,0,0.6861952543258667,
30,35,0,0.2556459307670593,
30,36,0,0.39759141206741333,
30,37,0,0.8185105323791504,
30,38,0,0.17523479461669922,
30,39,0,0.8349993824958801,
30,40,0,0.14566802978515625,
30,41,0,0.6005231142044067,
30,42,0,0.4535222053527832,
30,43,0,0.04100930690765381,
30,44,0,0.744064450263977,
30,45,0,0.4210156798362732,
30,46,0,0.045983314514160156,
30,47,0,0.044413864612579346,
30,48,0,0.8262670636177063,
30,49,0,0.2858089208602905,
30,50,0,0.8338530659675598,
30,51,0,0.32409733533859253,
30,52,0,0.36580467224121094,
30,53,0,0.04879796504974365,
30,54,0,0.8413280248641968,
30,55,0,0.4275980591773987,
30,56,0,0.76072758436203,
30,57,0,0.4800294041633606,
30,58,0,0.82258141040802,
30,59,0,0.3257654309272766,
30,60,0,0.39984309673309326,
30,61,0,0.5680713653564453,
30,62,0,0.8166481852531433,
30,63,0,0.2466757893562317,
30,64,0,0.24317198991775513,
30,65,0,0.5599863529205322,
30,66,0,0.7066713571548462,
30,67,0,0.3667348027229309,
30,68,0,0.8050578236579895,
30,69,0,0.37897855043411255,
30,70,0,0.4585720896720886,
30,71,0,0.593941330909729,
30,72,0,0.668156623840332,
30,73,0,0.7892799377441406,
30,74,0,0.8132271766662598,
30,75,0,0.5439714193344116,
30,76,0,0.7981411218643188,
30,77,0,0.6111123561859131,
30,78,0,0.14837604761123657,
30,79,0,0.7309185266494751,
30,80,0,0.439081072807312,
30,81,0,0.8046517372131348,
30,82,0,0.047848522663116455,
30,83,0,0.6637482643127441,
30,84,0,0.8152803182601929,
30,85,0,0.4849424958229065,
30,86,0,0.6906400918960571,
30,87,0,0.5472110509872437,
30,88,0,0.8063548803329468,
30,89,0,0.37781673669815063,
30,90,0,0.7266818284988403,
30,91,0,0.8185592889785767,
30,92,0,0.8401341438293457,
30,93,0,0.8117123246192932,
30,94,0,0.43438082933425903,
30,95,0,0.6915466785430908,
30,96,0,0.2540701627731323,
30,97,0,0.8337286710739136,
30,98,0,0.5753291845321655,
30,99,0,0.7569788098335266,
30,100,0,0.7246631383895874,
30,101,0,0.6425313949584961,
30,102,0,0.6854214668273926,
30,103,0,0.6693927049636841,
30,104,0,0.8292281627655029,
30,105,0,0.30083543062210083,
30,106,0,0.6975031495094299,
30,107,0,0.8080331683158875,
30,108,0,0.6009420156478882,
30,109,0,0.8162102699279785,
30,110,0,0.7240361571311951,
30,111,0,0.8075820207595825,
30,112,0,0.831756055355072,
30,113,0,0.38544023036956787,
30,114,0,0.23712217807769775,
30,115,0,0.7167623043060303,
30,116,0,0.7932336926460266,
30,117,0,0.34181487560272217,
30,118,0,0.8035424947738647,
30,119,0,0.30951744318008423,
30,120,0,0.8175390958786011,
30,121,0,0.8346768021583557,
30,122,0,0.7185976505279541,
30,123,0,0.06420755386352539,
30,124,0,0.39046555757522583,
30,125,0,0.7391314506530762,
30,126,0,0.6726188063621521,
30,127,0,0.8229656219482422,
30,128,0,0.6709228754043579,
30,129,0,0.8358616232872009,
30,130,0,0.5816968679428101,
30,131,0,0.6915472745895386,
30,132,0,0.6099486351013184,
30,133,0,0.2218264937400818,
30,134,0,0.3913004994392395,
30,135,0,0.4602102041244507,
30,136,0,0.05325937271118164,
30,137,0,0.12054204940795898,
30,138,0,0.23583871126174927,
30,139,0,0.43987101316452026,
30,140,0,0.7162213325500488,
30,141,0,0.6290135383605957,
30,142,0,0.7318346500396729,
30,143,0,0.7691941857337952,
30,144,0,0.8077662587165833,
30,145,0,0.1928386688232422,
30,146,0,0.6774319410324097,
30,147,0,0.2112025022506714,
30,148,0,0.7683248519897461,
30,149,0,0.7793476581573486,
30,150,0,0.7996498942375183,
30,151,0,0.7105696201324463,
30,152,0,0.7242521047592163,
30,153,0,0.8211240768432617,
30,154,0,0.8292770981788635,
30,155,0,0.7030495405197144,
30,156,0,0.047222912311553955,
30,157,0,0.6004056930541992,
30,158,0,0.7707641124725342,
30,159,0,0.8098075985908508,
30,160,0,0.3103852868080139,
30,161,0,0.0582767128944397,
30,162,0,0.836956262588501,
30,163,0,0.2633715271949768,
30,164,0,0.33167630434036255,
30,165,0,0.7182271480560303,
30,166,0,0.23996597528457642,
30,167,0,0.7371089458465576,
30,168,0,0.8367069959640503,
30,169,0,0.13185298442840576,
30,170,0,0.6196229457855225,
30,171,0,0.7442294359207153,
30,172,0,0.7407721281051636,
30,173,0,0.6226662993431091,
30,174,0,0.7513099312782288,
30,175,0,0.3736615777015686,
30,176,0,0.7617599368095398,
30,177,0,0.25555020570755005,
30,178,0,0.8283892273902893,
30,179,0,0.28364115953445435,
30,180,0,0.7763320803642273,
30,181,0,0.7892131805419922,
30,182,0,0.30867844820022583,
30,183,0,0.15879112482070923,
30,184,0,0.7677258849143982,
30,185,0,0.7425268888473511,
30,186,0,0.2604960799217224,
30,187,0,0.6021642684936523,
30,188,0,0.5985956192016602,
30,189,0,0.24289214611053467,
30,190,0,0.06022244691848755,
30,191,0,0.4181690216064453,
30,192,0,0.742383599281311,
30,193,0,0.731998085975647,
30,194,0,0.7292016744613647,
30,195,0,0.8250107169151306,
30,196,0,0.7155269384384155,
30,197,0,0.1792125701904297,
30,198,0,0.8118102550506592,
30,199,0,0.23208099603652954,
30,200,0,0.6197491884231567,
30,201,0,0.04550415277481079,
30,202,0,0.23822122812271118,
30,203,0,0.8306458592414856,
30,204,0,0.2895122170448303,
30,205,0,0.21356326341629028,
30,206,0,0.3054733872413635,
30,207,0,0.13749092817306519,
30,208,0,0.4523642063140869,
30,209,0,0.7801584005355835,
30,210,0,0.27601689100265503,
30,211,0,0.8193486332893372,
30,212,0,0.41080284118652344,
30,213,0,0.7802237272262573,
30,214,0,0.8339179158210754,
30,215,0,0.7293856143951416,
30,216,0,0.4218786954879761,
30,217,0,0.8232049345970154,
30,218,0,0.754501223564148,
30,219,0,0.721298098564148,
30,220,0,0.2401159405708313,
30,221,0,0.7372409701347351,
30,222,0,0.2735975384712219,
30,223,0,0.4248726963996887,
30,224,0,0.6606957316398621,
30,225,0,0.2659602761268616,
30,226,0,0.7884821891784668,
30,227,0,0.1596786379814148,
30,228,0,0.5745853185653687,
30,229,0,0.3846936821937561,
30,230,0,0.38276350498199463,
30,231,0,0.6903234124183655,
30,232,0,0.8526883125305176,
30,233,0,0.8439313173294067,
30,234,0,0.8147966265678406,
30,235,0,0.041343092918395996,
30,236,0,0.3972066044807434,
30,237,0,0.8260215520858765,
30,238,0,0.4440844655036926,
30,239,0,0.35991978645324707,
30,240,0,0.8166698217391968,
30,241,0,0.7035925388336182,
30,242,0,0.8187043070793152,
30,243,0,0.41363751888275146,
30,244,0,0.2739133834838867,
30,245,0,0.0442996621131897,
30,246,0,0.37717658281326294,
30,247,0,0.8305648565292358,
30,248,0,0.40817737579345703,
30,249,0,0.8150721788406372,
30,250,0,0.11193519830703735,
30,251,0,0.8389015197753906,
30,252,0,0.7682373523712158,
30,253,0,0.7273085117340088,
30,254,0,0.03606128692626953,
30,255,0,0.7340922355651855,
30,256,0,0.5248792171478271,
30,257,0,0.8404676914215088,
30,258,0,0.7340694665908813,
30,259,0,0.8304821252822876,
30,260,0,0.4895055890083313,
30,261,0,0.7390797138214111,
30,262,0,0.7398940920829773,
30,263,0,0.7211835384368896,
30,264,0,0.26865047216415405,
30,265,0,0.7116103172302246,
30,266,0,0.8249984383583069,
30,267,0,0.8305399417877197,
30,268,0,0.2899485230445862,
30,269,0,0.42685216665267944,
30,270,0,0.5520493984222412,
30,271,0,0.8146515488624573,
30,272,0,0.34703320264816284,
30,273,0,0.8348498344421387,
30,274,0,0.8056998252868652,
30,275,0,0.15052515268325806,
30,276,0,0.8087392449378967,
30,277,0,0.061953723430633545,
30,278,0,0.48464441299438477,
30,279,0,0.7357765436172485,
30,280,0,0.7580780982971191,
30,281,0,0.7922138571739197,
30,282,0,0.7408633828163147,
30,283,0,0.7545943260192871,
30,284,0,0.8069578409194946,
30,285,0,0.7042394876480103,
30,286,0,0.61058509349823,
30,287,0,0.7251969575881958,
30,288,0,0.6922938823699951,
30,289,0,0.4934725761413574,
30,290,0,0.8250396251678467,
30,291,0,0.04573017358779907,
30,292,0,0.3509399890899658,
30,293,0,0.8410617113113403,
30,294,0,0.8324643969535828,
30,295,0,0.721723735332489,
30,296,0,0.44288432598114014,
30,297,0,0.04745614528656006,
30,298,0,0.8443151712417603,
30,299,0,0.8076402544975281,
30,300,0,0.3654281497001648,
30,301,0,0.3856303095817566,
30,302,0,0.8364782929420471,
30,303,0,0.5858142375946045,
30,304,0,0.8380875587463379,
30,305,0,0.43907517194747925,
30,306,0,0.2025650143623352,
30,307,0,0.8270242214202881,
30,308,0,0.8356446027755737,
30,309,0,0.17605608701705933,
30,310,0,0.8141708374023438,
30,311,0,0.36114758253097534,
30,312,0,0.8192029595375061,
30,313,0,0.811136782169342,
30,314,0,0.3490138649940491,
30,315,0,0.6638692617416382,
30,316,0,0.8289312124252319,
30,317,0,0.5652105212211609,
30,318,0,0.30256587266921997,
30,319,0,0.27619296312332153,
30,320,0,0.7418681383132935,
30,321,0,0.6979297399520874,
30,322,0,0.7029808759689331,
30,323,0,0.26970720291137695,
30,324,0,0.8392711877822876,
30,325,0,0.7778332233428955,
30,326,0,0.804290771484375,
30,327,0,0.7300224304199219,
30,328,0,0.6066786050796509,
30,329,0,0.75986647605896,
30,330,0,0.31824052333831787,
30,331,0,0.28090912103652954,
30,332,0,0.7022339701652527,
30,333,0,0.22940194606781006,
30,334,0,0.6795215606689453,
30,335,0,0.33575010299682617,
30,336,0,0.827129065990448,
30,337,0,0.4187162518501282,
30,338,0,0.5974714159965515,
30,339,0,0.784275233745575,
30,340,0,0.8358142375946045,
30,341,0,0.055803656578063965,
30,342,0,0.7239639759063721,
30,343,0,0.5846096873283386,
30,344,0,0.7912238836288452,
30,345,0,0.8162122368812561,
30,346,0,0.21039825677871704,
30,347,0,0.1561076045036316,
30,348,0,0.7425590753555298,
30,349,0,0.7258803844451904,
30,350,0,0.6444747447967529,
30,351,0,0.7689054608345032,
30,352,0,0.8179950714111328,
30,353,0,0.8170490860939026,
30,354,0,0.6175851821899414,
30,355,0,0.15375792980194092,
30,356,0,0.7328002452850342,
30,357,0,0.6204544901847839,
30,358,0,0.17957019805908203,
30,359,0,0.7827908992767334,
30,360,0,0.7033225297927856,
30,361,0,0.8404152989387512,
30,362,0,0.23487883806228638,
30,363,0,0.2648991346359253,
30,364,0,0.748532772064209,
30,365,0,0.743000864982605,
30,366,0,0.700890302658081,
30,367,0,0.8291441202163696,
30,368,0,0.7095469236373901,
30,369,0,0.8050176501274109,
30,370,0,0.6000199317932129,
30,371,0,0.5762204527854919,
30,372,0,0.8194184899330139,
30,373,0,0.7118672132492065,
30,374,0,0.3745853304862976,
30,375,0,0.6152955293655396,
30,376,0,0.6396710872650146,
30,377,0,0.31000661849975586,
30,378,0,0.37699657678604126,
30,379,0,0.719719409942627,
30,380,0,0.29658323526382446,
30,381,0,0.2951715588569641,
30,382,0,0.2756732702255249,
30,383,0,0.8363174200057983,
30,384,0,0.30025213956832886,
30,385,0,0.2825115919113159,
30,386,0,0.20874422788619995,
30,387,0,0.3841220736503601,
30,388,0,0.053918421268463135,
30,389,0,0.7706394195556641,
30,390,0,0.7522801160812378,
30,391,0,0.535067081451416,
30,392,0,0.6588267087936401,
30,393,0,0.28087979555130005,
30,394,0,0.4428632855415344,
30,395,0,0.8095797300338745,
30,396,0,0.14771413803100586,
30,397,0,0.16687524318695068,
30,398,0,0.798194169998169,
30,399,0,0.2527976632118225,
30,400,0,0.572273850440979,
30,401,0,0.729825496673584,
30,402,0,0.8311027884483337,
30,403,0,0.793785810470581,
30,404,0,0.2970227599143982,
30,405,0,0.06181222200393677,
30,406,0,0.7342009544372559,
30,407,0,0.834018349647522,
30,408,0,0.6553387641906738,
30,409,0,0.7014493346214294,
30,410,0,0.8253872990608215,
30,411,0,0.277133047580719,
30,412,0,0.6624984741210938,
30,413,0,0.059639036655426025,
30,414,0,0.7694532871246338,
30,415,0,0.6187554597854614,
30,416,0,0.8474957346916199,
30,417,0,0.052546024322509766,
30,418,0,0.46196895837783813,
30,419,0,0.4103589653968811,
30,420,0,0.22672909498214722,
30,421,0,0.2242487668991089,
30,422,0,0.7164856195449829,
30,423,0,0.8264692425727844,
30,424,0,0.7353600263595581,
30,425,0,0.804743230342865,
30,426,0,0.8032249212265015,
30,427,0,0.8073302507400513,
30,428,0,0.4230918288230896,
30,429,0,0.8147163987159729,
30,430,0,0.23397064208984375,
30,431,0,0.788861095905304,
30,432,0,0.5979013442993164,
30,433,0,0.7995179295539856,
30,434,0,0.8273828029632568,
30,435,0,0.813000500202179,
30,436,0,0.5829471349716187,
30,437,0,0.04997986555099487,
30,438,0,0.5977630615234375,
30,439,0,0.2064417600631714,
30,440,0,0.8444036841392517,
30,441,0,0.7740947008132935,
30,442,0,0.8177852034568787,
30,443,0,0.8106135725975037,
30,444,0,0.7512894868850708,
30,445,0,0.8185877799987793,
30,446,0,0.601593017578125,
30,447,0,0.2760949730873108,
30,448,0,0.0510980486869812,
30,449,0,0.7961927056312561,
30,450,0,0.7764102220535278,
30,451,0,0.2324567437171936,
30,452,0,0.7250880002975464,
30,453,0,0.2657068371772766,
30,454,0,0.3939476013183594,
30,455,0,0.5383099317550659,
30,456,0,0.716719388961792,
30,457,0,0.6484479904174805,
30,458,0,0.49955296516418457,
30,459,0,0.679452657699585,
30,460,0,0.8133338689804077,
30,461,0,0.4200162887573242,
30,462,0,0.801198422908783,
30,463,0,0.14408403635025024,
30,464,0,0.579100489616394,
30,465,0,0.7386378049850464,
30,466,0,0.04459959268569946,
30,467,0,0.8038978576660156,
30,468,0,0.6100677847862244,
30,469,0,0.7778233885765076,
30,470,0,0.31290513277053833,
30,471,0,0.047921955585479736,
30,472,0,0.8353229761123657,
30,473,0,0.8328852653503418,
30,474,0,0.04995381832122803,
30,475,0,0.8238840699195862,
30,476,0,0.4274672269821167,
30,477,0,0.7364410161972046,
30,478,0,0.47270768880844116,
30,479,0,0.45921850204467773,
30,480,0,0.6424601078033447,
30,481,0,0.1604684591293335,
30,482,0,0.6591173410415649,
30,483,0,0.8288846015930176,
30,484,0,0.8264877796173096,
30,485,0,0.4026165008544922,
30,486,0,0.7063381671905518,
30,487,0,0.3200879693031311,
30,488,0,0.5469189882278442,
30,489,0,0.8269469738006592,
30,490,0,0.7596089243888855,
30,491,0,0.8184384107589722,
30,492,0,0.6227669715881348,
30,493,0,0.7279200553894043,
30,494,0,0.056038856506347656,
30,495,0,0.3265969753265381,
30,496,0,0.26259803771972656,
30,497,0,0.7742846012115479,
30,498,0,0.42014867067337036,
30,499,0,0.8366224765777588,
30,500,0,0.674323558807373,
30,501,0,0.7594209313392639,
30,502,0,0.8268035650253296,
30,503,0,0.19340914487838745,
30,504,0,0.7353541254997253,
30,505,0,0.40955859422683716,
30,506,0,0.7546197175979614,
30,507,0,0.25721943378448486,
30,508,0,0.8366231322288513,
30,509,0,0.8342345356941223,
30,510,0,0.745729386806488,
30,511,0,0.7383261919021606,
30,512,0,0.22594869136810303,
30,513,0,0.7184700965881348,
30,514,0,0.7955349683761597,
30,515,0,0.7745873928070068,
30,516,0,0.7385661602020264,
30,517,0,0.3349003791809082,
30,518,0,0.20609307289123535,
30,519,0,0.24776846170425415,
30,520,0,0.7281314134597778,
30,521,0,0.6981475353240967,
30,522,0,0.3059082627296448,
30,523,0,0.8521266579627991,
30,524,0,0.7176889181137085,
30,525,0,0.049453794956207275,
30,526,0,0.2787553668022156,
30,527,0,0.8329477310180664,
30,528,0,0.048948824405670166,
30,529,0,0.6859920024871826,
30,530,0,0.6652737855911255,
30,531,0,0.8372705578804016,
30,532,0,0.793045163154602,
30,533,0,0.7934156060218811,
30,534,0,0.371323823928833,
30,535,0,0.6815866827964783,
30,536,0,0.7888766527175903,
30,537,0,0.25515514612197876,
30,538,0,0.8221757411956787,
30,539,0,0.6440733671188354,
30,540,0,0.7831064462661743,
30,541,0,0.3738207221031189,
30,542,0,0.29096394777297974,
30,543,0,0.8382600545883179,
30,544,0,0.05597907304763794,
30,545,0,0.3612250089645386,
30,546,0,0.41012245416641235,
30,547,0,0.057904064655303955,
30,548,0,0.7720037698745728,
30,549,0,0.2833794951438904,
30,550,0,0.8317786455154419,
30,551,0,0.8397836685180664,
30,552,0,0.718003511428833,
30,553,0,0.3980931043624878,
30,554,0,0.6443099975585938,
30,555,0,0.24074888229370117,
30,556,0,0.764346182346344,
30,557,0,0.7022146582603455,
30,558,0,0.3428906202316284,
30,559,0,0.6213011145591736,
30,560,0,0.7838502526283264,
30,561,0,0.7175874710083008,
30,562,0,0.15731829404830933,
30,563,0,0.7165279984474182,
30,564,0,0.43529850244522095,
30,565,0,0.2970844507217407,
30,566,0,0.3381357789039612,
30,567,0,0.8316125273704529,
30,568,0,0.1927570104598999,
30,569,0,0.8227041363716125,
30,570,0,0.5961511135101318,
30,571,0,0.5700280070304871,
30,572,0,0.29354649782180786,
30,573,0,0.7047715187072754,
30,574,0,0.2838534116744995,
30,575,0,0.24178743362426758,
30,576,0,0.6553703546524048,
30,577,0,0.25786274671554565,
30,578,0,0.2765117883682251,
30,579,0,0.7844684720039368,
30,580,0,0.2648423910140991,
30,581,0,0.3685857653617859,
30,582,0,0.6712442636489868,
30,583,0,0.7666701674461365,
30,584,0,0.42160749435424805,
30,585,0,0.8105738162994385,
30,586,0,0.8266884684562683,
30,587,0,0.5663305521011353,
30,588,0,0.2059205174446106,
30,589,0,0.5963377952575684,
30,590,0,0.822649359703064,
30,591,0,0.23951756954193115,
30,592,0,0.8139007687568665,
30,593,0,0.8242518901824951,
30,594,0,0.8157010078430176,
30,595,0,0.7019667625427246,
30,596,0,0.40396595001220703,
30,597,0,0.14776629209518433,
30,598,0,0.27224230766296387,
30,599,0,0.28616100549697876,
30,600,0,0.6066257953643799,
30,601,0,0.3655913472175598,
30,602,0,0.1765020489692688,
30,603,0,0.28360700607299805,
30,604,0,0.74245285987854,
30,605,0,0.7683566808700562,
30,606,0,0.2715940475463867,
30,607,0,0.5877659320831299,
30,608,0,0.5917984843254089,
30,609,0,0.8262485861778259,
30,610,0,0.8281436562538147,
30,611,0,0.8369284868240356,
30,612,0,0.6416319608688354,
30,613,0,0.6083214282989502,
30,614,0,0.8276944756507874,
30,615,0,0.359589159488678,
30,616,0,0.7416458129882812,
30,617,0,0.2531964182853699,
30,618,0,0.15687215328216553,
30,619,0,0.3381093144416809,
30,620,0,0.8307637572288513,
30,621,0,0.39784133434295654,
30,622,0,0.6403517723083496,
30,623,0,0.4018568992614746,
30,624,0,0.27393466234207153,
30,625,0,0.8410022258758545,
30,626,0,0.8085648417472839,
30,627,0,0.8115564584732056,
30,628,0,0.8392183780670166,
30,629,0,0.44249552488327026,
30,630,0,0.059555113315582275,
30,631,0,0.1633397936820984,
30,632,0,0.8066744804382324,
30,633,0,0.573451042175293,
30,634,0,0.6965099573135376,
30,635,0,0.4583231806755066,
30,636,0,0.8081554174423218,
30,637,0,0.7110010385513306,
30,638,0,0.6865389943122864,
30,639,0,0.7519431710243225,
30,640,0,0.13464975357055664,
30,641,0,0.7398103475570679,
30,642,0,0.7619906663894653,
30,643,0,0.3853757381439209,
30,644,0,0.3623592257499695,
30,645,0,0.6756246089935303,
30,646,0,0.809878945350647,
30,647,0,0.7548091411590576,
30,648,0,0.8042335510253906,
30,649,0,0.04313772916793823,
30,650,0,0.7591226100921631,
30,651,0,0.40818291902542114,
30,652,0,0.5424941778182983,
30,653,0,0.5493278503417969,
30,654,0,0.7538132667541504,
30,655,0,0.23126953840255737,
30,656,0,0.2343490719795227,
30,657,0,0.32919639348983765,
30,658,0,0.5952807664871216,
30,659,0,0.049458861351013184,
30,660,0,0.8499315977096558,
30,661,0,0.6010451316833496,
30,662,0,0.8066396117210388,
30,663,0,0.7214459180831909,
30,664,0,0.8355503082275391,
30,665,0,0.3997277021408081,
30,666,0,0.05333518981933594,
30,667,0,0.8137632608413696,
30,668,0,0.27657443284988403,
30,669,0,0.4252017140388489,
30,670,0,0.35574769973754883,
30,671,0,0.75871741771698,
30,672,0,0.14517247676849365,
30,673,0,0.2531355619430542,
30,674,0,0.39531558752059937,
30,675,0,0.7631053328514099,
30,676,0,0.14707237482070923,
30,677,0,0.5697840452194214,
30,678,0,0.6897048950195312,
30,679,0,0.7997336387634277,
30,680,0,0.058153629302978516,
30,681,0,0.7046968936920166,
30,682,0,0.28158777952194214,
30,683,0,0.31377822160720825,
30,684,0,0.6945291757583618,
30,685,0,0.8085897564888,
30,686,0,0.6872087717056274,
30,687,0,0.5929789543151855,
30,688,0,0.24159318208694458,
30,689,0,0.7374138832092285,
30,690,0,0.8291289806365967,
30,691,0,0.15098047256469727,
30,692,0,0.3128901720046997,
30,693,0,0.6969949007034302,
30,694,0,0.7556513547897339,
30,695,0,0.7530210018157959,
30,696,0,0.17882049083709717,
30,697,0,0.745715856552124,
30,698,0,0.8342258930206299,
30,699,0,0.4174744486808777,
30,700,0,0.24791258573532104,
30,701,0,0.8288045525550842,
30,702,0,0.7847331762313843,
30,703,0,0.6991119384765625,
30,704,0,0.1361103653907776,
30,705,0,0.050655364990234375,
30,706,0,0.8416619300842285,
30,707,0,0.8054438233375549,
30,708,0,0.838262677192688,
30,709,0,0.7451572418212891,
30,710,0,0.3836479187011719,
30,711,0,0.3220096230506897,
30,712,0,0.24670284986495972,
30,713,0,0.38012415170669556,
30,714,0,0.8262219429016113,
30,715,0,0.41765153408050537,
30,716,0,0.753932535648346,
30,717,0,0.6281256675720215,
30,718,0,0.803226113319397,
30,719,0,0.8264349102973938,
30,720,0,0.7899739742279053,
30,721,0,0.7759073972702026,
30,722,0,0.6071761846542358,
30,723,0,0.1617431640625,
30,724,0,0.5362606048583984,
30,725,0,0.19130659103393555,
30,726,0,0.8251845240592957,
30,727,0,0.8055651783943176,
30,728,0,0.18681591749191284,
30,729,0,0.4141743779182434,
30,730,0,0.3221694827079773,
30,731,0,0.8196164965629578,
30,732,0,0.8070602416992188,
30,733,0,0.3722115159034729,
30,734,0,0.8136770129203796,
30,735,0,0.287833034992218,
30,736,0,0.739564061164856,
30,737,0,0.6677496433258057,
30,738,0,0.8141553401947021,
30,739,0,0.5953656435012817,
30,740,0,0.27700281143188477,
30,741,0,0.6873167753219604,
30,742,0,0.8219552636146545,
30,743,0,0.8411282300949097,
30,744,0,0.6797875165939331,
30,745,0,0.256056010723114,
30,746,0,0.7134159803390503,
30,747,0,0.71946120262146,
30,748,0,0.7171952724456787,
30,749,0,0.8216271996498108,
30,750,0,0.8169963359832764,
30,751,0,0.821031928062439,
30,752,0,0.6211892366409302,
30,753,0,0.4359973669052124,
30,754,0,0.5884852409362793,
30,755,0,0.8380107879638672,
30,756,0,0.8243061304092407,
30,757,0,0.8349869251251221,
30,758,0,0.5508796572685242,
30,759,0,0.05093461275100708,
30,760,0,0.42219656705856323,
30,761,0,0.7419086694717407,
30,762,0,0.7731210589408875,
30,763,0,0.2871963381767273,
30,764,0,0.2868390679359436,
30,765,0,0.7996186017990112,
30,766,0,0.1620922088623047,
30,767,0,0.7475255727767944,
30,768,0,0.8240156173706055,
30,769,0,0.18675166368484497,
30,770,0,0.6777404546737671,
30,771,0,0.5622144937515259,
30,772,0,0.8033431768417358,
30,773,0,0.19063520431518555,
30,774,0,0.8263640403747559,
30,775,0,0.7882540225982666,
30,776,0,0.240203857421875,
30,777,0,0.6852769255638123,
30,778,0,0.3867664933204651,
30,779,0,0.8321261405944824,
30,780,0,0.7513218522071838,
30,781,0,0.825883150100708,
30,782,0,0.35013043880462646,
30,783,0,0.8075418472290039,
30,784,0,0.37205010652542114,
30,785,0,0.0440712571144104,
30,786,0,0.44614899158477783,
30,787,0,0.23369920253753662,
30,788,0,0.688733696937561,
30,789,0,0.27458512783050537,
30,790,0,0.6210759878158569,
30,791,0,0.435818076133728,
30,792,0,0.3181551694869995,
30,793,0,0.7973123788833618,
30,794,0,0.8299350142478943,
30,795,0,0.2568761110305786,
30,796,0,0.8230880498886108,
30,797,0,0.05830192565917969,
30,798,0,0.41903674602508545,
30,799,0,0.8239221572875977,
30,val,,,0.5862083399295807
31,0,0,0.36974000930786133,
31,1,0,0.8141399621963501,
31,2,0,0.5228163003921509,
31,3,0,0.6711724996566772,
31,4,0,0.3629447817802429,
31,5,0,0.7578967809677124,
31,6,0,0.15518921613693237,
31,7,0,0.43064022064208984,
31,8,0,0.2125781774520874,
31,9,0,0.8109451532363892,
31,10,0,0.06272923946380615,
31,11,0,0.7041294574737549,
31,12,0,0.8280701637268066,
31,13,0,0.8223221898078918,
31,14,0,0.7356092929840088,
31,15,0,0.8128857612609863,
31,16,0,0.4908265471458435,
31,17,0,0.3210400938987732,
31,18,0,0.7869452834129333,
31,19,0,0.7931797504425049,
31,20,0,0.7398631572723389,
31,21,0,0.45421433448791504,
31,22,0,0.25589829683303833,
31,23,0,0.6770051717758179,
31,24,0,0.8214823007583618,
31,25,0,0.7182799577713013,
31,26,0,0.8353217244148254,
31,27,0,0.358914852142334,
31,28,0,0.25911909341812134,
31,29,0,0.4342231750488281,
31,30,0,0.8265408277511597,
31,31,0,0.6959072947502136,
31,32,0,0.41122305393218994,
31,33,0,0.7459602355957031,
31,34,0,0.7031499743461609,
31,35,0,0.2520967125892639,
31,36,0,0.3936028480529785,
31,37,0,0.81771320104599,
31,38,0,0.1769900918006897,
31,39,0,0.832382082939148,
31,40,0,0.14939039945602417,
31,41,0,0.600224494934082,
31,42,0,0.45257967710494995,
31,43,0,0.03980356454849243,
31,44,0,0.7434855699539185,
31,45,0,0.41864001750946045,
31,46,0,0.046652019023895264,
31,47,0,0.05053269863128662,
31,48,0,0.8280125856399536,
31,49,0,0.28809285163879395,
31,50,0,0.8339419960975647,
31,51,0,0.32391345500946045,
31,52,0,0.3634446859359741,
31,53,0,0.04885375499725342,
31,54,0,0.8426611423492432,
31,55,0,0.4253295063972473,
31,56,0,0.7543144226074219,
31,57,0,0.4767528176307678,
31,58,0,0.8189319968223572,
31,59,0,0.3240065574645996,
31,60,0,0.39542901515960693,
31,61,0,0.5701689720153809,
31,62,0,0.8149010539054871,
31,63,0,0.24635350704193115,
31,64,0,0.23689162731170654,
31,65,0,0.5365405082702637,
31,66,0,0.708289384841919,
31,67,0,0.3893362283706665,
31,68,0,0.8037881851196289,
31,69,0,0.39364373683929443,
31,70,0,0.4578312635421753,
31,71,0,0.5902551412582397,
31,72,0,0.6689366698265076,
31,73,0,0.7894008159637451,
31,74,0,0.812221348285675,
31,75,0,0.534203290939331,
31,76,0,0.7940045595169067,
31,77,0,0.5996139049530029,
31,78,0,0.1479843258857727,
31,79,0,0.7204110622406006,
31,80,0,0.4527202248573303,
31,81,0,0.8064122796058655,
31,82,0,0.04922676086425781,
31,83,0,0.6506390571594238,
31,84,0,0.8170619010925293,
31,85,0,0.49336928129196167,
31,86,0,0.6932660937309265,
31,87,0,0.5513274669647217,
31,88,0,0.8087239265441895,
31,89,0,0.3758637309074402,
31,90,0,0.728178858757019,
31,91,0,0.8077727556228638,
31,92,0,0.8403468132019043,
31,93,0,0.812358021736145,
31,94,0,0.4335983395576477,
31,95,0,0.6748042106628418,
31,96,0,0.2572672367095947,
31,97,0,0.833562970161438,
31,98,0,0.5838769674301147,
31,99,0,0.7446367144584656,
31,100,0,0.7289285659790039,
31,101,0,0.6426631212234497,
31,102,0,0.6774686574935913,
31,103,0,0.6594657897949219,
31,104,0,0.8240856528282166,
31,105,0,0.30022555589675903,
31,106,0,0.6989352107048035,
31,107,0,0.8094354867935181,
31,108,0,0.5903207063674927,
31,109,0,0.8160305023193359,
31,110,0,0.71927809715271,
31,111,0,0.8129897117614746,
31,112,0,0.8311232328414917,
31,113,0,0.38481825590133667,
31,114,0,0.2354639768600464,
31,115,0,0.7143986225128174,
31,116,0,0.8050336837768555,
31,117,0,0.3407306671142578,
31,118,0,0.8091366291046143,
31,119,0,0.3102383613586426,
31,120,0,0.8173483610153198,
31,121,0,0.8342820405960083,
31,122,0,0.7217291593551636,
31,123,0,0.06356436014175415,
31,124,0,0.3928728699684143,
31,125,0,0.746616005897522,
31,126,0,0.6760550737380981,
31,127,0,0.823614776134491,
31,128,0,0.6674587726593018,
31,129,0,0.8366440534591675,
31,130,0,0.5752949118614197,
31,131,0,0.713996171951294,
31,132,0,0.6029085516929626,
31,133,0,0.22219020128250122,
31,134,0,0.39158666133880615,
31,135,0,0.46326208114624023,
31,136,0,0.050689518451690674,
31,137,0,0.12180155515670776,
31,138,0,0.23367714881896973,
31,139,0,0.4293907880783081,
31,140,0,0.7079426050186157,
31,141,0,0.6374237537384033,
31,142,0,0.7277473211288452,
31,143,0,0.7721959948539734,
31,144,0,0.805840015411377,
31,145,0,0.19462472200393677,
31,146,0,0.6814348697662354,
31,147,0,0.2130141258239746,
31,148,0,0.7757222056388855,
31,149,0,0.7791858911514282,
31,150,0,0.7999280095100403,
31,151,0,0.6887673139572144,
31,152,0,0.722848117351532,
31,153,0,0.8199108839035034,
31,154,0,0.8331374526023865,
31,155,0,0.6977537274360657,
31,156,0,0.047518908977508545,
31,157,0,0.602064847946167,
31,158,0,0.770553469657898,
31,159,0,0.8075485825538635,
31,160,0,0.3163917064666748,
31,161,0,0.059438109397888184,
31,162,0,0.8347214460372925,
31,163,0,0.25990843772888184,
31,164,0,0.327353835105896,
31,165,0,0.7201900482177734,
31,166,0,0.23874908685684204,
31,167,0,0.7284449338912964,
31,168,0,0.838526725769043,
31,169,0,0.1330881118774414,
31,170,0,0.6357638835906982,
31,171,0,0.7477682828903198,
31,172,0,0.7422031760215759,
31,173,0,0.6236672401428223,
31,174,0,0.753319501876831,
31,175,0,0.39521586894989014,
31,176,0,0.7644108533859253,
31,177,0,0.25952786207199097,
31,178,0,0.8295685052871704,
31,179,0,0.29630929231643677,
31,180,0,0.7766836881637573,
31,181,0,0.7905598878860474,
31,182,0,0.3059695363044739,
31,183,0,0.16058462858200073,
31,184,0,0.7675403952598572,
31,185,0,0.7441225051879883,
31,186,0,0.25847166776657104,
31,187,0,0.6013833284378052,
31,188,0,0.5852632522583008,
31,189,0,0.23976808786392212,
31,190,0,0.06031876802444458,
31,191,0,0.4182942509651184,
31,192,0,0.7418520450592041,
31,193,0,0.7312290668487549,
31,194,0,0.7308717370033264,
31,195,0,0.8429186344146729,
31,196,0,0.715067982673645,
31,197,0,0.17888695001602173,
31,198,0,0.7957684397697449,
31,199,0,0.23503828048706055,
31,200,0,0.6041585206985474,
31,201,0,0.04585111141204834,
31,202,0,0.23740917444229126,
31,203,0,0.8297415971755981,
31,204,0,0.28356999158859253,
31,205,0,0.21824324131011963,
31,206,0,0.3108285069465637,
31,207,0,0.1365935206413269,
31,208,0,0.4457899332046509,
31,209,0,0.7720762491226196,
31,210,0,0.28210288286209106,
31,211,0,0.8184658288955688,
31,212,0,0.4049261212348938,
31,213,0,0.7869402766227722,
31,214,0,0.8334188461303711,
31,215,0,0.7105834484100342,
31,216,0,0.41659867763519287,
31,217,0,0.8223457932472229,
31,218,0,0.7507419586181641,
31,219,0,0.7181577086448669,
31,220,0,0.2366214394569397,
31,221,0,0.7338942289352417,
31,222,0,0.2789260745048523,
31,223,0,0.45043379068374634,
31,224,0,0.6504347324371338,
31,225,0,0.269766628742218,
31,226,0,0.7901808023452759,
31,227,0,0.1594284176826477,
31,228,0,0.5841337442398071,
31,229,0,0.38767915964126587,
31,230,0,0.38140493631362915,
31,231,0,0.6938513517379761,
31,232,0,0.8538753986358643,
31,233,0,0.8440354466438293,
31,234,0,0.8163313865661621,
31,235,0,0.04256075620651245,
31,236,0,0.3991208076477051,
31,237,0,0.8280378580093384,
31,238,0,0.4461681842803955,
31,239,0,0.35191458463668823,
31,240,0,0.8162392973899841,
31,241,0,0.6924300789833069,
31,242,0,0.8185581564903259,
31,243,0,0.41502952575683594,
31,244,0,0.27460741996765137,
31,245,0,0.04334193468093872,
31,246,0,0.36195725202560425,
31,247,0,0.8310770392417908,
31,248,0,0.4040423631668091,
31,249,0,0.8058279752731323,
31,250,0,0.11121177673339844,
31,251,0,0.8394860029220581,
31,252,0,0.7664031982421875,
31,253,0,0.7306751012802124,
31,254,0,0.03595691919326782,
31,255,0,0.7389836311340332,
31,256,0,0.5234661102294922,
31,257,0,0.8401381373405457,
31,258,0,0.727429986000061,
31,259,0,0.8375217914581299,
31,260,0,0.48862606287002563,
31,261,0,0.7401916980743408,
31,262,0,0.7377355098724365,
31,263,0,0.716452419757843,
31,264,0,0.26655757427215576,
31,265,0,0.7106897830963135,
31,266,0,0.8196154236793518,
31,267,0,0.8317838311195374,
31,268,0,0.296284019947052,
31,269,0,0.42417412996292114,
31,270,0,0.5588409304618835,
31,271,0,0.8112361431121826,
31,272,0,0.3448651432991028,
31,273,0,0.8347436189651489,
31,274,0,0.8036050200462341,
31,275,0,0.15172821283340454,
31,276,0,0.8076462745666504,
31,277,0,0.06020909547805786,
31,278,0,0.4774637818336487,
31,279,0,0.7287254333496094,
31,280,0,0.7528908848762512,
31,281,0,0.7876721024513245,
31,282,0,0.7385456562042236,
31,283,0,0.7522562146186829,
31,284,0,0.8085896372795105,
31,285,0,0.6973793506622314,
31,286,0,0.6115352511405945,
31,287,0,0.724396824836731,
31,288,0,0.6787009239196777,
31,289,0,0.4958481788635254,
31,290,0,0.8243825435638428,
31,291,0,0.04489237070083618,
31,292,0,0.3483840823173523,
31,293,0,0.8434611558914185,
31,294,0,0.8316448926925659,
31,295,0,0.7080032825469971,
31,296,0,0.44138991832733154,
31,297,0,0.047232210636138916,
31,298,0,0.8399802446365356,
31,299,0,0.8094614744186401,
31,300,0,0.3481229543685913,
31,301,0,0.3898584246635437,
31,302,0,0.8400417566299438,
31,303,0,0.5902620553970337,
31,304,0,0.8401588797569275,
31,305,0,0.44469356536865234,
31,306,0,0.2059464454650879,
31,307,0,0.829224169254303,
31,308,0,0.8370561003684998,
31,309,0,0.17430990934371948,
31,310,0,0.8149514198303223,
31,311,0,0.3619201183319092,
31,312,0,0.8190840482711792,
31,313,0,0.8078646659851074,
31,314,0,0.345026433467865,
31,315,0,0.6443580985069275,
31,316,0,0.8277227878570557,
31,317,0,0.5462937355041504,
31,318,0,0.30789488554000854,
31,319,0,0.2763645052909851,
31,320,0,0.7402322292327881,
31,321,0,0.7030197381973267,
31,322,0,0.6931341886520386,
31,323,0,0.2694128751754761,
31,324,0,0.8401845693588257,
31,325,0,0.7805089354515076,
31,326,0,0.8046927452087402,
31,327,0,0.728937566280365,
31,328,0,0.5989446640014648,
31,329,0,0.7610796689987183,
31,330,0,0.3151823878288269,
31,331,0,0.28947722911834717,
31,332,0,0.7018359899520874,
31,333,0,0.22749203443527222,
31,334,0,0.6668118238449097,
31,335,0,0.34029537439346313,
31,336,0,0.8268525004386902,
31,337,0,0.41181516647338867,
31,338,0,0.6040315628051758,
31,339,0,0.7760900855064392,
31,340,0,0.83503258228302,
31,341,0,0.05584144592285156,
31,342,0,0.7160754203796387,
31,343,0,0.5830181837081909,
31,344,0,0.792748212814331,
31,345,0,0.8169271945953369,
31,346,0,0.2126256823539734,
31,347,0,0.1561678647994995,
31,348,0,0.7410282492637634,
31,349,0,0.7109383344650269,
31,350,0,0.6600097417831421,
31,351,0,0.7671021223068237,
31,352,0,0.817429780960083,
31,353,0,0.8166024684906006,
31,354,0,0.6193827390670776,
31,355,0,0.1535683274269104,
31,356,0,0.7259747982025146,
31,357,0,0.6193305253982544,
31,358,0,0.18494319915771484,
31,359,0,0.7818164825439453,
31,360,0,0.6854254603385925,
31,361,0,0.8394106030464172,
31,362,0,0.23542320728302002,
31,363,0,0.260317862033844,
31,364,0,0.7477638721466064,
31,365,0,0.7280235290527344,
31,366,0,0.7146284580230713,
31,367,0,0.8286381363868713,
31,368,0,0.7007191181182861,
31,369,0,0.8051813840866089,
31,370,0,0.605122447013855,
31,371,0,0.5689858198165894,
31,372,0,0.8169599771499634,
31,373,0,0.6987451314926147,
31,374,0,0.37579721212387085,
31,375,0,0.618242621421814,
31,376,0,0.6321859359741211,
31,377,0,0.30632632970809937,
31,378,0,0.36795854568481445,
31,379,0,0.7186864614486694,
31,380,0,0.3017735481262207,
31,381,0,0.29385918378829956,
31,382,0,0.2666977047920227,
31,383,0,0.8362253904342651,
31,384,0,0.2997167706489563,
31,385,0,0.28052395582199097,
31,386,0,0.21140098571777344,
31,387,0,0.38227683305740356,
31,388,0,0.05451697111129761,
31,389,0,0.7728914022445679,
31,390,0,0.7488829493522644,
31,391,0,0.5323405265808105,
31,392,0,0.6617444753646851,
31,393,0,0.2796950936317444,
31,394,0,0.435666561126709,
31,395,0,0.8095733523368835,
31,396,0,0.14642131328582764,
31,397,0,0.17127734422683716,
31,398,0,0.7963937520980835,
31,399,0,0.2521324157714844,
31,400,0,0.5721633434295654,
31,401,0,0.7258479595184326,
31,402,0,0.8311053514480591,
31,403,0,0.7879347801208496,
31,404,0,0.29340749979019165,
31,405,0,0.06284856796264648,
31,406,0,0.7364007234573364,
31,407,0,0.8371694087982178,
31,408,0,0.6361352205276489,
31,409,0,0.6972475051879883,
31,410,0,0.8290075659751892,
31,411,0,0.27946001291275024,
31,412,0,0.6522070169448853,
31,413,0,0.0632246732711792,
31,414,0,0.7692070007324219,
31,415,0,0.6167879104614258,
31,416,0,0.8448485136032104,
31,417,0,0.05254685878753662,
31,418,0,0.4628151059150696,
31,419,0,0.40525078773498535,
31,420,0,0.2317677140235901,
31,421,0,0.2256423830986023,
31,422,0,0.6901865005493164,
31,423,0,0.8217241764068604,
31,424,0,0.729499340057373,
31,425,0,0.804958164691925,
31,426,0,0.796337366104126,
31,427,0,0.8046277761459351,
31,428,0,0.42540866136550903,
31,429,0,0.8180105090141296,
31,430,0,0.24168062210083008,
31,431,0,0.7835360169410706,
31,432,0,0.6113141775131226,
31,433,0,0.8015022277832031,
31,434,0,0.824064314365387,
31,435,0,0.8153252601623535,
31,436,0,0.583023726940155,
31,437,0,0.04838883876800537,
31,438,0,0.5910307765007019,
31,439,0,0.20497077703475952,
31,440,0,0.8419063091278076,
31,441,0,0.7639963626861572,
31,442,0,0.816523015499115,
31,443,0,0.8081226348876953,
31,444,0,0.7485215067863464,
31,445,0,0.8162307143211365,
31,446,0,0.5980870127677917,
31,447,0,0.26842200756073,
31,448,0,0.057950377464294434,
31,449,0,0.7938503623008728,
31,450,0,0.7741525769233704,
31,451,0,0.2347227931022644,
31,452,0,0.7110956311225891,
31,453,0,0.2616974711418152,
31,454,0,0.39522868394851685,
31,455,0,0.542456865310669,
31,456,0,0.7116527557373047,
31,457,0,0.6416782140731812,
31,458,0,0.49669063091278076,
31,459,0,0.6883156299591064,
31,460,0,0.8125295639038086,
31,461,0,0.4205309748649597,
31,462,0,0.8019298315048218,
31,463,0,0.14249569177627563,
31,464,0,0.5728031396865845,
31,465,0,0.7361067533493042,
31,466,0,0.04412031173706055,
31,467,0,0.8051108121871948,
31,468,0,0.6100249290466309,
31,469,0,0.7816186547279358,
31,470,0,0.3062337040901184,
31,471,0,0.04981362819671631,
31,472,0,0.8357430696487427,
31,473,0,0.8327112793922424,
31,474,0,0.048406124114990234,
31,475,0,0.8178242444992065,
31,476,0,0.4326900243759155,
31,477,0,0.7233690023422241,
31,478,0,0.46254509687423706,
31,479,0,0.45078402757644653,
31,480,0,0.6520923972129822,
31,481,0,0.15973252058029175,
31,482,0,0.6704576015472412,
31,483,0,0.8285400867462158,
31,484,0,0.825863778591156,
31,485,0,0.4066569209098816,
31,486,0,0.7082570791244507,
31,487,0,0.3105635643005371,
31,488,0,0.5451836585998535,
31,489,0,0.8287959098815918,
31,490,0,0.7610289454460144,
31,491,0,0.8182305693626404,
31,492,0,0.6244367361068726,
31,493,0,0.7244874835014343,
31,494,0,0.05802851915359497,
31,495,0,0.3227166533470154,
31,496,0,0.2597595453262329,
31,497,0,0.7729275822639465,
31,498,0,0.4143174886703491,
31,499,0,0.8373597264289856,
31,500,0,0.6421260833740234,
31,501,0,0.7575932145118713,
31,502,0,0.8276339769363403,
31,503,0,0.1906401515007019,
31,504,0,0.7339214086532593,
31,505,0,0.4275582432746887,
31,506,0,0.7540246844291687,
31,507,0,0.259491503238678,
31,508,0,0.837131142616272,
31,509,0,0.8341366648674011,
31,510,0,0.7305295467376709,
31,511,0,0.7393598556518555,
31,512,0,0.22491753101348877,
31,513,0,0.7215660214424133,
31,514,0,0.7973523139953613,
31,515,0,0.7867428064346313,
31,516,0,0.7408056259155273,
31,517,0,0.3340311050415039,
31,518,0,0.21169841289520264,
31,519,0,0.24821573495864868,
31,520,0,0.7031545639038086,
31,521,0,0.6850436329841614,
31,522,0,0.30103641748428345,
31,523,0,0.848186731338501,
31,524,0,0.7170320749282837,
31,525,0,0.0514184832572937,
31,526,0,0.2768417000770569,
31,527,0,0.8318994045257568,
31,528,0,0.050065040588378906,
31,529,0,0.6702232360839844,
31,530,0,0.6418071985244751,
31,531,0,0.8352887034416199,
31,532,0,0.7911165952682495,
31,533,0,0.7942571640014648,
31,534,0,0.36598873138427734,
31,535,0,0.6741147637367249,
31,536,0,0.7849712371826172,
31,537,0,0.2523139715194702,
31,538,0,0.8228989243507385,
31,539,0,0.6291418075561523,
31,540,0,0.7795950174331665,
31,541,0,0.37213218212127686,
31,542,0,0.28686124086380005,
31,543,0,0.836871862411499,
31,544,0,0.05445176362991333,
31,545,0,0.35296064615249634,
31,546,0,0.4127504229545593,
31,547,0,0.05730724334716797,
31,548,0,0.7706912755966187,
31,549,0,0.27888381481170654,
31,550,0,0.8317290544509888,
31,551,0,0.8392481207847595,
31,552,0,0.7153295874595642,
31,553,0,0.39876753091812134,
31,554,0,0.6418172717094421,
31,555,0,0.23895812034606934,
31,556,0,0.7625058889389038,
31,557,0,0.6979578733444214,
31,558,0,0.34655576944351196,
31,559,0,0.6223649978637695,
31,560,0,0.7823907136917114,
31,561,0,0.7000638246536255,
31,562,0,0.1598062515258789,
31,563,0,0.7070189118385315,
31,564,0,0.43851619958877563,
31,565,0,0.29690659046173096,
31,566,0,0.34023863077163696,
31,567,0,0.8355985283851624,
31,568,0,0.19553744792938232,
31,569,0,0.8180416822433472,
31,570,0,0.587677001953125,
31,571,0,0.5722154378890991,
31,572,0,0.2915388345718384,
31,573,0,0.7085475325584412,
31,574,0,0.28024059534072876,
31,575,0,0.24309831857681274,
31,576,0,0.635762095451355,
31,577,0,0.25635045766830444,
31,578,0,0.2747895121574402,
31,579,0,0.7930395603179932,
31,580,0,0.2572598457336426,
31,581,0,0.36255335807800293,
31,582,0,0.6719112396240234,
31,583,0,0.771994948387146,
31,584,0,0.4228364825248718,
31,585,0,0.8076602816581726,
31,586,0,0.8258019685745239,
31,587,0,0.559579610824585,
31,588,0,0.20529407262802124,
31,589,0,0.5810598134994507,
31,590,0,0.8222067356109619,
31,591,0,0.23638564348220825,
31,592,0,0.8117459416389465,
31,593,0,0.8177477121353149,
31,594,0,0.8130364418029785,
31,595,0,0.7129417061805725,
31,596,0,0.3989470601081848,
31,597,0,0.14927136898040771,
31,598,0,0.26918333768844604,
31,599,0,0.2879708409309387,
31,600,0,0.6165000200271606,
31,601,0,0.3650375008583069,
31,602,0,0.17816978693008423,
31,603,0,0.2890978455543518,
31,604,0,0.7391163110733032,
31,605,0,0.7677695751190186,
31,606,0,0.26900094747543335,
31,607,0,0.5899268984794617,
31,608,0,0.5937116146087646,
31,609,0,0.8311147093772888,
31,610,0,0.834087610244751,
31,611,0,0.8320841789245605,
31,612,0,0.6509549617767334,
31,613,0,0.592336893081665,
31,614,0,0.8268795013427734,
31,615,0,0.358204185962677,
31,616,0,0.7313013076782227,
31,617,0,0.26451438665390015,
31,618,0,0.1581481695175171,
31,619,0,0.35020142793655396,
31,620,0,0.8313670754432678,
31,621,0,0.3936185836791992,
31,622,0,0.6270060539245605,
31,623,0,0.40951114892959595,
31,624,0,0.276134192943573,
31,625,0,0.8403341770172119,
31,626,0,0.8092734813690186,
31,627,0,0.8118401765823364,
31,628,0,0.8392638564109802,
31,629,0,0.4488447308540344,
31,630,0,0.060251593589782715,
31,631,0,0.1647067666053772,
31,632,0,0.8089984059333801,
31,633,0,0.5590898394584656,
31,634,0,0.6897176504135132,
31,635,0,0.46262556314468384,
31,636,0,0.8079061508178711,
31,637,0,0.7013171911239624,
31,638,0,0.6714450120925903,
31,639,0,0.7535198330879211,
31,640,0,0.13665854930877686,
31,641,0,0.7419781684875488,
31,642,0,0.7596503496170044,
31,643,0,0.38602620363235474,
31,644,0,0.36059826612472534,
31,645,0,0.656238317489624,
31,646,0,0.8052982091903687,
31,647,0,0.7633228898048401,
31,648,0,0.8057500123977661,
31,649,0,0.044451117515563965,
31,650,0,0.7588003277778625,
31,651,0,0.40192270278930664,
31,652,0,0.5324255228042603,
31,653,0,0.5495436191558838,
31,654,0,0.7512452006340027,
31,655,0,0.22888153791427612,
31,656,0,0.22537952661514282,
31,657,0,0.33170831203460693,
31,658,0,0.5801491141319275,
31,659,0,0.04869335889816284,
31,660,0,0.8590532541275024,
31,661,0,0.5947222709655762,
31,662,0,0.8065611124038696,
31,663,0,0.7182416915893555,
31,664,0,0.838991105556488,
31,665,0,0.4001985192298889,
31,666,0,0.053744375705718994,
31,667,0,0.8135222792625427,
31,668,0,0.2715376019477844,
31,669,0,0.42201536893844604,
31,670,0,0.3563779592514038,
31,671,0,0.7596826553344727,
31,672,0,0.14048784971237183,
31,673,0,0.25255274772644043,
31,674,0,0.40174221992492676,
31,675,0,0.7656548619270325,
31,676,0,0.1471937894821167,
31,677,0,0.5817975997924805,
31,678,0,0.6681971549987793,
31,679,0,0.7973132729530334,
31,680,0,0.05819135904312134,
31,681,0,0.7153415679931641,
31,682,0,0.2887614965438843,
31,683,0,0.31138235330581665,
31,684,0,0.6954163312911987,
31,685,0,0.8098719716072083,
31,686,0,0.6726306080818176,
31,687,0,0.5983836054801941,
31,688,0,0.2410755753517151,
31,689,0,0.743667721748352,
31,690,0,0.8294890522956848,
31,691,0,0.1502976417541504,
31,692,0,0.3139714002609253,
31,693,0,0.697425365447998,
31,694,0,0.756043553352356,
31,695,0,0.7568723559379578,
31,696,0,0.1773492693901062,
31,697,0,0.7434403896331787,
31,698,0,0.8328386545181274,
31,699,0,0.4172751307487488,
31,700,0,0.24804359674453735,
31,701,0,0.823891282081604,
31,702,0,0.7839359641075134,
31,703,0,0.684029221534729,
31,704,0,0.14035797119140625,
31,705,0,0.05383193492889404,
31,706,0,0.838234007358551,
31,707,0,0.8072539567947388,
31,708,0,0.8388592600822449,
31,709,0,0.7471504211425781,
31,710,0,0.3891581892967224,
31,711,0,0.31643790006637573,
31,712,0,0.24498862028121948,
31,713,0,0.37891626358032227,
31,714,0,0.8238856196403503,
31,715,0,0.4007464647293091,
31,716,0,0.7552270889282227,
31,717,0,0.6297961473464966,
31,718,0,0.8033283352851868,
31,719,0,0.824001133441925,
31,720,0,0.7881157994270325,
31,721,0,0.774469256401062,
31,722,0,0.5976452827453613,
31,723,0,0.1597905158996582,
31,724,0,0.538036048412323,
31,725,0,0.1917572021484375,
31,726,0,0.8223291635513306,
31,727,0,0.8048800230026245,
31,728,0,0.1871773600578308,
31,729,0,0.4179336428642273,
31,730,0,0.32451993227005005,
31,731,0,0.820284366607666,
31,732,0,0.8034378290176392,
31,733,0,0.3705666661262512,
31,734,0,0.8142091631889343,
31,735,0,0.2850521206855774,
31,736,0,0.7413329482078552,
31,737,0,0.6625270247459412,
31,738,0,0.8138755559921265,
31,739,0,0.5868594646453857,
31,740,0,0.2773715853691101,
31,741,0,0.6832363605499268,
31,742,0,0.8194447159767151,
31,743,0,0.8391190767288208,
31,744,0,0.679118275642395,
31,745,0,0.2574477791786194,
31,746,0,0.7105698585510254,
31,747,0,0.7066816091537476,
31,748,0,0.7154935598373413,
31,749,0,0.8205612301826477,
31,750,0,0.8015866279602051,
31,751,0,0.820837676525116,
31,752,0,0.6419286131858826,
31,753,0,0.4368339776992798,
31,754,0,0.5834265947341919,
31,755,0,0.8364382386207581,
31,756,0,0.8239253163337708,
31,757,0,0.8339131474494934,
31,758,0,0.5639739036560059,
31,759,0,0.050050318241119385,
31,760,0,0.422635555267334,
31,761,0,0.7444095611572266,
31,762,0,0.769938588142395,
31,763,0,0.29099392890930176,
31,764,0,0.2916777729988098,
31,765,0,0.8016718029975891,
31,766,0,0.1624184250831604,
31,767,0,0.7483034133911133,
31,768,0,0.82667076587677,
31,769,0,0.1864338517189026,
31,770,0,0.6684063673019409,
31,771,0,0.5477609038352966,
31,772,0,0.7964990735054016,
31,773,0,0.190534770488739,
31,774,0,0.8251445889472961,
31,775,0,0.779342770576477,
31,776,0,0.23648494482040405,
31,777,0,0.7043664455413818,
31,778,0,0.39066463708877563,
31,779,0,0.8338503241539001,
31,780,0,0.7530457973480225,
31,781,0,0.8277257680892944,
31,782,0,0.3549312353134155,
31,783,0,0.806035578250885,
31,784,0,0.36878859996795654,
31,785,0,0.04480159282684326,
31,786,0,0.44646918773651123,
31,787,0,0.23214292526245117,
31,788,0,0.6851329803466797,
31,789,0,0.2814434766769409,
31,790,0,0.6300055980682373,
31,791,0,0.4342443346977234,
31,792,0,0.3220213055610657,
31,793,0,0.7964829802513123,
31,794,0,0.8297832608222961,
31,795,0,0.2574138641357422,
31,796,0,0.8240448832511902,
31,797,0,0.05745607614517212,
31,798,0,0.4239230751991272,
31,799,0,0.8252416253089905,
31,val,,,0.5881926214694977
32,0,0,0.3657887578010559,
32,1,0,0.8129218816757202,
32,2,0,0.5384734869003296,
32,3,0,0.6859402656555176,
32,4,0,0.3645278811454773,
32,5,0,0.7585046291351318,
32,6,0,0.1572520136833191,
32,7,0,0.4380870461463928,
32,8,0,0.2078557014465332,
32,9,0,0.8109115958213806,
32,10,0,0.06209057569503784,
32,11,0,0.6913696527481079,
32,12,0,0.8289672136306763,
32,13,0,0.8216869235038757,
32,14,0,0.7437926530838013,
32,15,0,0.8128834962844849,
32,16,0,0.4807054400444031,
32,17,0,0.3179943561553955,
32,18,0,0.7847790122032166,
32,19,0,0.7949196100234985,
32,20,0,0.7376847267150879,
32,21,0,0.45675259828567505,
32,22,0,0.24311792850494385,
32,23,0,0.6761784553527832,
32,24,0,0.8225799202919006,
32,25,0,0.7126623392105103,
32,26,0,0.8341572284698486,
32,27,0,0.3456847667694092,
32,28,0,0.260420560836792,
32,29,0,0.44096237421035767,
32,30,0,0.8274849653244019,
32,31,0,0.6908526420593262,
32,32,0,0.42187196016311646,
32,33,0,0.7448652982711792,
32,34,0,0.6799792647361755,
32,35,0,0.2571292519569397,
32,36,0,0.39554816484451294,
32,37,0,0.8196750283241272,
32,38,0,0.17655521631240845,
32,39,0,0.8330274820327759,
32,40,0,0.14615917205810547,
32,41,0,0.5939477682113647,
32,42,0,0.45102953910827637,
32,43,0,0.04023092985153198,
32,44,0,0.7463772296905518,
32,45,0,0.42016762495040894,
32,46,0,0.046108126640319824,
32,47,0,0.04568612575531006,
32,48,0,0.8241949081420898,
32,49,0,0.28729182481765747,
32,50,0,0.8334023952484131,
32,51,0,0.32302701473236084,
32,52,0,0.3657904267311096,
32,53,0,0.04890972375869751,
32,54,0,0.8416070938110352,
32,55,0,0.42521578073501587,
32,56,0,0.7722763419151306,
32,57,0,0.4782753586769104,
32,58,0,0.8183658123016357,
32,59,0,0.33092403411865234,
32,60,0,0.3970319628715515,
32,61,0,0.5690614581108093,
32,62,0,0.8168104887008667,
32,63,0,0.24824869632720947,
32,64,0,0.2400057315826416,
32,65,0,0.5353214740753174,
32,66,0,0.6989127397537231,
32,67,0,0.369903028011322,
32,68,0,0.8101317286491394,
32,69,0,0.39205825328826904,
32,70,0,0.4460201859474182,
32,71,0,0.5901991724967957,
32,72,0,0.6667537689208984,
32,73,0,0.7838128805160522,
32,74,0,0.8107299208641052,
32,75,0,0.540512204170227,
32,76,0,0.7939180731773376,
32,77,0,0.6064887046813965,
32,78,0,0.14626121520996094,
32,79,0,0.7043127417564392,
32,80,0,0.437738299369812,
32,81,0,0.8051812648773193,
32,82,0,0.04917323589324951,
32,83,0,0.6572808623313904,
32,84,0,0.809992790222168,
32,85,0,0.4857591390609741,
32,86,0,0.688947856426239,
32,87,0,0.54362952709198,
32,88,0,0.8096376657485962,
32,89,0,0.3717263340950012,
32,90,0,0.7231931686401367,
32,91,0,0.8165583610534668,
32,92,0,0.839897632598877,
32,93,0,0.8118295669555664,
32,94,0,0.43553274869918823,
32,95,0,0.6907408237457275,
32,96,0,0.25419217348098755,
32,97,0,0.8321967124938965,
32,98,0,0.5652791261672974,
32,99,0,0.7434782981872559,
32,100,0,0.7243891954421997,
32,101,0,0.639911949634552,
32,102,0,0.6604048609733582,
32,103,0,0.6609681844711304,
32,104,0,0.824806809425354,
32,105,0,0.3050811290740967,
32,106,0,0.6856865882873535,
32,107,0,0.8082126975059509,
32,108,0,0.5965216159820557,
32,109,0,0.8163663744926453,
32,110,0,0.7095531821250916,
32,111,0,0.806408166885376,
32,112,0,0.8306905627250671,
32,113,0,0.3848547339439392,
32,114,0,0.2330663800239563,
32,115,0,0.7100459337234497,
32,116,0,0.8032022714614868,
32,117,0,0.3423994779586792,
32,118,0,0.8064186573028564,
32,119,0,0.3089834451675415,
32,120,0,0.8176303505897522,
32,121,0,0.8332171440124512,
32,122,0,0.7215558886528015,
32,123,0,0.0641823410987854,
32,124,0,0.3949611783027649,
32,125,0,0.750106930732727,
32,126,0,0.6725978851318359,
32,127,0,0.8236169219017029,
32,128,0,0.6864458322525024,
32,129,0,0.8376638889312744,
32,130,0,0.5884727835655212,
32,131,0,0.6826587915420532,
32,132,0,0.6098083257675171,
32,133,0,0.21916037797927856,
32,134,0,0.38756614923477173,
32,135,0,0.4598312973976135,
32,136,0,0.050828754901885986,
32,137,0,0.12247371673583984,
32,138,0,0.24063605070114136,
32,139,0,0.43656688928604126,
32,140,0,0.7040500044822693,
32,141,0,0.6229530572891235,
32,142,0,0.7169712781906128,
32,143,0,0.7647588849067688,
32,144,0,0.8068786859512329,
32,145,0,0.18559235334396362,
32,146,0,0.6803762912750244,
32,147,0,0.21025294065475464,
32,148,0,0.7658818364143372,
32,149,0,0.7783934473991394,
32,150,0,0.8009873032569885,
32,151,0,0.6954835653305054,
32,152,0,0.7249523997306824,
32,153,0,0.8227469325065613,
32,154,0,0.8295125365257263,
32,155,0,0.7007476091384888,
32,156,0,0.0480838418006897,
32,157,0,0.6025305390357971,
32,158,0,0.7699987292289734,
32,159,0,0.8123081922531128,
32,160,0,0.3131268620491028,
32,161,0,0.057408809661865234,
32,162,0,0.834621787071228,
32,163,0,0.26122957468032837,
32,164,0,0.3217875361442566,
32,165,0,0.7169853448867798,
32,166,0,0.23591333627700806,
32,167,0,0.7353219985961914,
32,168,0,0.8365498185157776,
32,169,0,0.13041400909423828,
32,170,0,0.6146079301834106,
32,171,0,0.7434122562408447,
32,172,0,0.740699291229248,
32,173,0,0.6185899972915649,
32,174,0,0.7564435601234436,
32,175,0,0.3838437795639038,
32,176,0,0.7624949216842651,
32,177,0,0.2590388059616089,
32,178,0,0.8315020203590393,
32,179,0,0.3005414605140686,
32,180,0,0.7833582758903503,
32,181,0,0.7883931994438171,
32,182,0,0.3067883849143982,
32,183,0,0.1604776382446289,
32,184,0,0.7677656412124634,
32,185,0,0.7437131404876709,
32,186,0,0.26476365327835083,
32,187,0,0.5953670740127563,
32,188,0,0.5922026634216309,
32,189,0,0.2360561490058899,
32,190,0,0.06042605638504028,
32,191,0,0.4209451675415039,
32,192,0,0.7444056272506714,
32,193,0,0.7296934127807617,
32,194,0,0.7273068428039551,
32,195,0,0.8361754417419434,
32,196,0,0.7135232090950012,
32,197,0,0.17680013179779053,
32,198,0,0.7938203811645508,
32,199,0,0.2340172529220581,
32,200,0,0.6022522449493408,
32,201,0,0.04657512903213501,
32,202,0,0.2401708960533142,
32,203,0,0.8305674195289612,
32,204,0,0.2872668504714966,
32,205,0,0.2165060043334961,
32,206,0,0.30307579040527344,
32,207,0,0.13849830627441406,
32,208,0,0.44317489862442017,
32,209,0,0.7760439515113831,
32,210,0,0.27277672290802,
32,211,0,0.8201309442520142,
32,212,0,0.3919196128845215,
32,213,0,0.7888888120651245,
32,214,0,0.83277827501297,
32,215,0,0.7022733688354492,
32,216,0,0.42559343576431274,
32,217,0,0.822321355342865,
32,218,0,0.7353993654251099,
32,219,0,0.7214722633361816,
32,220,0,0.2365139126777649,
32,221,0,0.7351129055023193,
32,222,0,0.2777339816093445,
32,223,0,0.4204404950141907,
32,224,0,0.6459634304046631,
32,225,0,0.26568686962127686,
32,226,0,0.7858273386955261,
32,227,0,0.15983104705810547,
32,228,0,0.5769602656364441,
32,229,0,0.38611435890197754,
32,230,0,0.3879922032356262,
32,231,0,0.6817351579666138,
32,232,0,0.8518548011779785,
32,233,0,0.8430874943733215,
32,234,0,0.8132038116455078,
32,235,0,0.042549967765808105,
32,236,0,0.39740419387817383,
32,237,0,0.8256123661994934,
32,238,0,0.4408643841743469,
32,239,0,0.35583430528640747,
32,240,0,0.8147407174110413,
32,241,0,0.6862441301345825,
32,242,0,0.8175532221794128,
32,243,0,0.4111716151237488,
32,244,0,0.26765984296798706,
32,245,0,0.0436328649520874,
32,246,0,0.35511988401412964,
32,247,0,0.8304470181465149,
32,248,0,0.41527122259140015,
32,249,0,0.8143364191055298,
32,250,0,0.11010730266571045,
32,251,0,0.8403863310813904,
32,252,0,0.7697485089302063,
32,253,0,0.724784255027771,
32,254,0,0.036297380924224854,
32,255,0,0.7360036373138428,
32,256,0,0.5243858695030212,
32,257,0,0.8397764563560486,
32,258,0,0.7269201874732971,
32,259,0,0.8265389204025269,
32,260,0,0.4881666898727417,
32,261,0,0.7390874624252319,
32,262,0,0.7282803058624268,
32,263,0,0.7156370878219604,
32,264,0,0.2696560025215149,
32,265,0,0.6895763278007507,
32,266,0,0.81270432472229,
32,267,0,0.8330802917480469,
32,268,0,0.2927272915840149,
32,269,0,0.4213452935218811,
32,270,0,0.5602831244468689,
32,271,0,0.8068807721138,
32,272,0,0.3451850414276123,
32,273,0,0.8357090353965759,
32,274,0,0.8040434122085571,
32,275,0,0.14832913875579834,
32,276,0,0.8079178929328918,
32,277,0,0.060296833515167236,
32,278,0,0.47955602407455444,
32,279,0,0.732877790927887,
32,280,0,0.7560836672782898,
32,281,0,0.7898035049438477,
32,282,0,0.7353338003158569,
32,283,0,0.7522639036178589,
32,284,0,0.802072286605835,
32,285,0,0.694705605506897,
32,286,0,0.6092548370361328,
32,287,0,0.7216906547546387,
32,288,0,0.6726936101913452,
32,289,0,0.5021721124649048,
32,290,0,0.8256477117538452,
32,291,0,0.045556843280792236,
32,292,0,0.3554890751838684,
32,293,0,0.8413274884223938,
32,294,0,0.8326321244239807,
32,295,0,0.7046736478805542,
32,296,0,0.44327741861343384,
32,297,0,0.046189844608306885,
32,298,0,0.8425025939941406,
32,299,0,0.8072367906570435,
32,300,0,0.3682439923286438,
32,301,0,0.3889783024787903,
32,302,0,0.8362364172935486,
32,303,0,0.5826736688613892,
32,304,0,0.8381348848342896,
32,305,0,0.4484112858772278,
32,306,0,0.21004050970077515,
32,307,0,0.8282477259635925,
32,308,0,0.8361350297927856,
32,309,0,0.17641597986221313,
32,310,0,0.8143236041069031,
32,311,0,0.3605054020881653,
32,312,0,0.8194867372512817,
32,313,0,0.8098470568656921,
32,314,0,0.3462613821029663,
32,315,0,0.638791024684906,
32,316,0,0.8277322053909302,
32,317,0,0.544464111328125,
32,318,0,0.3028183579444885,
32,319,0,0.27368539571762085,
32,320,0,0.7413837909698486,
32,321,0,0.689665675163269,
32,322,0,0.6983953714370728,
32,323,0,0.27104324102401733,
32,324,0,0.8378958106040955,
32,325,0,0.7858639359474182,
32,326,0,0.807106077671051,
32,327,0,0.7288304567337036,
32,328,0,0.5863430500030518,
32,329,0,0.7580985426902771,
32,330,0,0.305420458316803,
32,331,0,0.28223687410354614,
32,332,0,0.6994807720184326,
32,333,0,0.22639131546020508,
32,334,0,0.670049786567688,
32,335,0,0.339397132396698,
32,336,0,0.8278968334197998,
32,337,0,0.4061611294746399,
32,338,0,0.594489574432373,
32,339,0,0.7774603366851807,
32,340,0,0.8346773386001587,
32,341,0,0.05687505006790161,
32,342,0,0.7116471529006958,
32,343,0,0.5820729732513428,
32,344,0,0.7916646599769592,
32,345,0,0.8184546828269958,
32,346,0,0.21099096536636353,
32,347,0,0.15773379802703857,
32,348,0,0.7418478727340698,
32,349,0,0.6989192366600037,
32,350,0,0.6396975517272949,
32,351,0,0.767510712146759,
32,352,0,0.8207341432571411,
32,353,0,0.8225178718566895,
32,354,0,0.6154191493988037,
32,355,0,0.1554003357887268,
32,356,0,0.7195185422897339,
32,357,0,0.6198307275772095,
32,358,0,0.18409478664398193,
32,359,0,0.7803700566291809,
32,360,0,0.6825846433639526,
32,361,0,0.8377522230148315,
32,362,0,0.22870564460754395,
32,363,0,0.2592676281929016,
32,364,0,0.7482120990753174,
32,365,0,0.716133713722229,
32,366,0,0.7054191827774048,
32,367,0,0.8277483582496643,
32,368,0,0.6924045085906982,
32,369,0,0.8043147325515747,
32,370,0,0.5981355905532837,
32,371,0,0.5675491094589233,
32,372,0,0.8147575855255127,
32,373,0,0.7073488235473633,
32,374,0,0.37475842237472534,
32,375,0,0.6081738471984863,
32,376,0,0.6294311285018921,
32,377,0,0.3068021535873413,
32,378,0,0.3633463978767395,
32,379,0,0.7084738612174988,
32,380,0,0.3018147945404053,
32,381,0,0.2916763424873352,
32,382,0,0.2641395330429077,
32,383,0,0.8371084928512573,
32,384,0,0.3010316491127014,
32,385,0,0.29240065813064575,
32,386,0,0.2109575867652893,
32,387,0,0.3855416178703308,
32,388,0,0.05421561002731323,
32,389,0,0.7730609178543091,
32,390,0,0.7474383115768433,
32,391,0,0.5338842272758484,
32,392,0,0.6601986885070801,
32,393,0,0.27835988998413086,
32,394,0,0.431771457195282,
32,395,0,0.808635950088501,
32,396,0,0.14717251062393188,
32,397,0,0.17512798309326172,
32,398,0,0.797013521194458,
32,399,0,0.2813320755958557,
32,400,0,0.5860885381698608,
32,401,0,0.7359583377838135,
32,402,0,0.8311474323272705,
32,403,0,0.7879947423934937,
32,404,0,0.292233407497406,
32,405,0,0.06258410215377808,
32,406,0,0.7221802473068237,
32,407,0,0.8395649194717407,
32,408,0,0.628214955329895,
32,409,0,0.7013089656829834,
32,410,0,0.8289169073104858,
32,411,0,0.2798042893409729,
32,412,0,0.6500742435455322,
32,413,0,0.06030517816543579,
32,414,0,0.7758413553237915,
32,415,0,0.6179455518722534,
32,416,0,0.8299990892410278,
32,417,0,0.05186033248901367,
32,418,0,0.4655526876449585,
32,419,0,0.40563446283340454,
32,420,0,0.22535210847854614,
32,421,0,0.22434741258621216,
32,422,0,0.6910316944122314,
32,423,0,0.8250868320465088,
32,424,0,0.7157213687896729,
32,425,0,0.7968298196792603,
32,426,0,0.7985668182373047,
32,427,0,0.8032095432281494,
32,428,0,0.4190255403518677,
32,429,0,0.8114401698112488,
32,430,0,0.23553264141082764,
32,431,0,0.7865748405456543,
32,432,0,0.6205829381942749,
32,433,0,0.8025754690170288,
32,434,0,0.8176342844963074,
32,435,0,0.819125235080719,
32,436,0,0.5777246952056885,
32,437,0,0.049453914165496826,
32,438,0,0.569491982460022,
32,439,0,0.2089863419532776,
32,440,0,0.8449698686599731,
32,441,0,0.7724938988685608,
32,442,0,0.8182767629623413,
32,443,0,0.8089790940284729,
32,444,0,0.748220682144165,
32,445,0,0.8153157830238342,
32,446,0,0.5942779779434204,
32,447,0,0.2645108103752136,
32,448,0,0.051113665103912354,
32,449,0,0.7946100831031799,
32,450,0,0.7774168848991394,
32,451,0,0.2432926893234253,
32,452,0,0.7034239172935486,
32,453,0,0.266240656375885,
32,454,0,0.3921218514442444,
32,455,0,0.5324918627738953,
32,456,0,0.7003903388977051,
32,457,0,0.6456663608551025,
32,458,0,0.4962511658668518,
32,459,0,0.6753882765769958,
32,460,0,0.8123242855072021,
32,461,0,0.41507863998413086,
32,462,0,0.8037621378898621,
32,463,0,0.14016085863113403,
32,464,0,0.5703884363174438,
32,465,0,0.7399355173110962,
32,466,0,0.04385906457901001,
32,467,0,0.8018064498901367,
32,468,0,0.607467532157898,
32,469,0,0.7846012115478516,
32,470,0,0.3047606348991394,
32,471,0,0.0506744384765625,
32,472,0,0.8353410959243774,
32,473,0,0.8324474096298218,
32,474,0,0.04840785264968872,
32,475,0,0.8149709105491638,
32,476,0,0.4473832845687866,
32,477,0,0.7215380668640137,
32,478,0,0.4622737765312195,
32,479,0,0.4615388512611389,
32,480,0,0.6466410160064697,
32,481,0,0.15956628322601318,
32,482,0,0.6470353603363037,
32,483,0,0.8282010555267334,
32,484,0,0.8262340426445007,
32,485,0,0.40082377195358276,
32,486,0,0.7059705257415771,
32,487,0,0.29585951566696167,
32,488,0,0.5247385501861572,
32,489,0,0.8284952044487,
32,490,0,0.7589529752731323,
32,491,0,0.8189058899879456,
32,492,0,0.6231173276901245,
32,493,0,0.7254661917686462,
32,494,0,0.055963873863220215,
32,495,0,0.32823359966278076,
32,496,0,0.25923043489456177,
32,497,0,0.7729374766349792,
32,498,0,0.4122532606124878,
32,499,0,0.8364693522453308,
32,500,0,0.6453776359558105,
32,501,0,0.7536571025848389,
32,502,0,0.8276578187942505,
32,503,0,0.1892116665840149,
32,504,0,0.729921817779541,
32,505,0,0.4281492829322815,
32,506,0,0.7552043795585632,
32,507,0,0.25634485483169556,
32,508,0,0.8358246088027954,
32,509,0,0.8339876532554626,
32,510,0,0.7236632704734802,
32,511,0,0.7388471364974976,
32,512,0,0.23039299249649048,
32,513,0,0.7238053679466248,
32,514,0,0.7953954935073853,
32,515,0,0.7827520966529846,
32,516,0,0.7420927286148071,
32,517,0,0.33851462602615356,
32,518,0,0.20875519514083862,
32,519,0,0.24368220567703247,
32,520,0,0.7015594244003296,
32,521,0,0.6710546016693115,
32,522,0,0.29929453134536743,
32,523,0,0.8476889729499817,
32,524,0,0.7217018604278564,
32,525,0,0.05114489793777466,
32,526,0,0.27409905195236206,
32,527,0,0.8320871591567993,
32,528,0,0.04975271224975586,
32,529,0,0.6576147079467773,
32,530,0,0.6463961601257324,
32,531,0,0.8362331390380859,
32,532,0,0.7913668751716614,
32,533,0,0.786440908908844,
32,534,0,0.370384156703949,
32,535,0,0.6715320348739624,
32,536,0,0.7833578586578369,
32,537,0,0.2534794807434082,
32,538,0,0.823051393032074,
32,539,0,0.6209069490432739,
32,540,0,0.7750824689865112,
32,541,0,0.37915468215942383,
32,542,0,0.30505257844924927,
32,543,0,0.8405584096908569,
32,544,0,0.05628746747970581,
32,545,0,0.3569415211677551,
32,546,0,0.4136335849761963,
32,547,0,0.05705869197845459,
32,548,0,0.7699583768844604,
32,549,0,0.27885502576828003,
32,550,0,0.83115154504776,
32,551,0,0.8396340608596802,
32,552,0,0.7207819223403931,
32,553,0,0.4000190496444702,
32,554,0,0.6371506452560425,
32,555,0,0.2425824999809265,
32,556,0,0.7660163044929504,
32,557,0,0.6934444904327393,
32,558,0,0.3613947033882141,
32,559,0,0.617276668548584,
32,560,0,0.7826956510543823,
32,561,0,0.6901942491531372,
32,562,0,0.15900743007659912,
32,563,0,0.6971980333328247,
32,564,0,0.4346369504928589,
32,565,0,0.29140883684158325,
32,566,0,0.33580952882766724,
32,567,0,0.8395605087280273,
32,568,0,0.194993793964386,
32,569,0,0.8149446249008179,
32,570,0,0.5918331146240234,
32,571,0,0.5699763298034668,
32,572,0,0.2856788635253906,
32,573,0,0.6997576951980591,
32,574,0,0.2821360230445862,
32,575,0,0.24203616380691528,
32,576,0,0.6310076713562012,
32,577,0,0.25129061937332153,
32,578,0,0.2738216519355774,
32,579,0,0.7791548371315002,
32,580,0,0.2540774345397949,
32,581,0,0.3562396168708801,
32,582,0,0.6623814702033997,
32,583,0,0.7623578310012817,
32,584,0,0.4215870499610901,
32,585,0,0.8038355112075806,
32,586,0,0.8280839323997498,
32,587,0,0.5583419799804688,
32,588,0,0.20543527603149414,
32,589,0,0.588179349899292,
32,590,0,0.8228939771652222,
32,591,0,0.23552674055099487,
32,592,0,0.811751127243042,
32,593,0,0.8164047598838806,
32,594,0,0.8140043616294861,
32,595,0,0.7032211422920227,
32,596,0,0.406904399394989,
32,597,0,0.1516616940498352,
32,598,0,0.2643023729324341,
32,599,0,0.2939162850379944,
32,600,0,0.6208549737930298,
32,601,0,0.36206263303756714,
32,602,0,0.1751381754875183,
32,603,0,0.2856801748275757,
32,604,0,0.7412554025650024,
32,605,0,0.7751231789588928,
32,606,0,0.27474385499954224,
32,607,0,0.5829868316650391,
32,608,0,0.5813785791397095,
32,609,0,0.8283181190490723,
32,610,0,0.8285238742828369,
32,611,0,0.8343725204467773,
32,612,0,0.6476534605026245,
32,613,0,0.5907508730888367,
32,614,0,0.8274632096290588,
32,615,0,0.35790836811065674,
32,616,0,0.7274705171585083,
32,617,0,0.2554575204849243,
32,618,0,0.15543019771575928,
32,619,0,0.3491387963294983,
32,620,0,0.8316420912742615,
32,621,0,0.390017569065094,
32,622,0,0.6212363839149475,
32,623,0,0.4003928303718567,
32,624,0,0.2758757472038269,
32,625,0,0.8387765884399414,
32,626,0,0.8135792016983032,
32,627,0,0.8108384609222412,
32,628,0,0.840341329574585,
32,629,0,0.44533872604370117,
32,630,0,0.06219273805618286,
32,631,0,0.1651361584663391,
32,632,0,0.8117516040802002,
32,633,0,0.5631893873214722,
32,634,0,0.7003395557403564,
32,635,0,0.45707476139068604,
32,636,0,0.8075100779533386,
32,637,0,0.7028914093971252,
32,638,0,0.6675988435745239,
32,639,0,0.7517426609992981,
32,640,0,0.13998889923095703,
32,641,0,0.7376976609230042,
32,642,0,0.7575405240058899,
32,643,0,0.3939438462257385,
32,644,0,0.3634950518608093,
32,645,0,0.6723725199699402,
32,646,0,0.8022856116294861,
32,647,0,0.7490203976631165,
32,648,0,0.8063777685165405,
32,649,0,0.04430121183395386,
32,650,0,0.7528757452964783,
32,651,0,0.40507543087005615,
32,652,0,0.537029504776001,
32,653,0,0.5462798476219177,
32,654,0,0.7492537498474121,
32,655,0,0.22701680660247803,
32,656,0,0.22636419534683228,
32,657,0,0.3363509774208069,
32,658,0,0.595636248588562,
32,659,0,0.04811286926269531,
32,660,0,0.8598499298095703,
32,661,0,0.5925108790397644,
32,662,0,0.8040467500686646,
32,663,0,0.7204129099845886,
32,664,0,0.8381218314170837,
32,665,0,0.3971490263938904,
32,666,0,0.054170966148376465,
32,667,0,0.8097714781761169,
32,668,0,0.28283363580703735,
32,669,0,0.4248473048210144,
32,670,0,0.36133909225463867,
32,671,0,0.7605361938476562,
32,672,0,0.15779483318328857,
32,673,0,0.2474411129951477,
32,674,0,0.3974918723106384,
32,675,0,0.7656516432762146,
32,676,0,0.14972037076950073,
32,677,0,0.5821191072463989,
32,678,0,0.6750959157943726,
32,679,0,0.7976616621017456,
32,680,0,0.057009100914001465,
32,681,0,0.6900667548179626,
32,682,0,0.2942357063293457,
32,683,0,0.31563740968704224,
32,684,0,0.6717186570167542,
32,685,0,0.8098819851875305,
32,686,0,0.6565350294113159,
32,687,0,0.5896772146224976,
32,688,0,0.23945099115371704,
32,689,0,0.7334161996841431,
32,690,0,0.829138994216919,
32,691,0,0.14997833967208862,
32,692,0,0.31352341175079346,
32,693,0,0.6955686807632446,
32,694,0,0.7546557784080505,
32,695,0,0.7586737275123596,
32,696,0,0.1747903823852539,
32,697,0,0.7426027059555054,
32,698,0,0.8331385254859924,
32,699,0,0.4247392416000366,
32,700,0,0.24833065271377563,
32,701,0,0.8239847421646118,
32,702,0,0.7822008728981018,
32,703,0,0.6822641491889954,
32,704,0,0.1371743083000183,
32,705,0,0.05173206329345703,
32,706,0,0.8381540775299072,
32,707,0,0.8013579845428467,
32,708,0,0.8371188044548035,
32,709,0,0.7384791374206543,
32,710,0,0.3874166011810303,
32,711,0,0.311631977558136,
32,712,0,0.24850594997406006,
32,713,0,0.3797990679740906,
32,714,0,0.8339711427688599,
32,715,0,0.41140496730804443,
32,716,0,0.760166585445404,
32,717,0,0.6326819062232971,
32,718,0,0.8084663152694702,
32,719,0,0.8227971196174622,
32,720,0,0.7874180674552917,
32,721,0,0.7770435810089111,
32,722,0,0.5961676836013794,
32,723,0,0.16150683164596558,
32,724,0,0.5310448408126831,
32,725,0,0.19087916612625122,
32,726,0,0.8221117258071899,
32,727,0,0.806914746761322,
32,728,0,0.18579882383346558,
32,729,0,0.4160986542701721,
32,730,0,0.3311768174171448,
32,731,0,0.8227866291999817,
32,732,0,0.806502103805542,
32,733,0,0.3739268183708191,
32,734,0,0.8131328821182251,
32,735,0,0.2804601788520813,
32,736,0,0.7392887473106384,
32,737,0,0.6787374019622803,
32,738,0,0.8150136470794678,
32,739,0,0.5898135900497437,
32,740,0,0.2758498787879944,
32,741,0,0.6863648891448975,
32,742,0,0.8208483457565308,
32,743,0,0.8393157720565796,
32,744,0,0.6617743968963623,
32,745,0,0.2559410333633423,
32,746,0,0.7130887508392334,
32,747,0,0.6951560974121094,
32,748,0,0.7175184488296509,
32,749,0,0.8222265243530273,
32,750,0,0.8011980056762695,
32,751,0,0.821759819984436,
32,752,0,0.6169239282608032,
32,753,0,0.43339186906814575,
32,754,0,0.5743924975395203,
32,755,0,0.8363577127456665,
32,756,0,0.8220632076263428,
32,757,0,0.8351436257362366,
32,758,0,0.5430487394332886,
32,759,0,0.05103033781051636,
32,760,0,0.4173088073730469,
32,761,0,0.7419114112854004,
32,762,0,0.7700015902519226,
32,763,0,0.283138632774353,
32,764,0,0.2911866307258606,
32,765,0,0.7994915843009949,
32,766,0,0.16300392150878906,
32,767,0,0.7490983009338379,
32,768,0,0.8262898325920105,
32,769,0,0.18782728910446167,
32,770,0,0.6681984663009644,
32,771,0,0.5424420833587646,
32,772,0,0.8044979572296143,
32,773,0,0.19157540798187256,
32,774,0,0.822438657283783,
32,775,0,0.7823606729507446,
32,776,0,0.2359791398048401,
32,777,0,0.6852074861526489,
32,778,0,0.390117883682251,
32,779,0,0.8342978358268738,
32,780,0,0.7527807950973511,
32,781,0,0.8284000754356384,
32,782,0,0.34612518548965454,
32,783,0,0.8063258528709412,
32,784,0,0.36598509550094604,
32,785,0,0.045263826847076416,
32,786,0,0.45565521717071533,
32,787,0,0.23502403497695923,
32,788,0,0.6824483871459961,
32,789,0,0.2813175320625305,
32,790,0,0.6118946671485901,
32,791,0,0.4257737994194031,
32,792,0,0.3214319348335266,
32,793,0,0.7905406951904297,
32,794,0,0.8285055756568909,
32,795,0,0.2588115334510803,
32,796,0,0.8238334655761719,
32,797,0,0.060289084911346436,
32,798,0,0.43426215648651123,
32,799,0,0.8244667053222656,
32,val,,,0.5884209316968918
33,0,0,0.3692174553871155,
33,1,0,0.8129644393920898,
33,2,0,0.5283114910125732,
33,3,0,0.6547385454177856,
33,4,0,0.3688738942146301,
33,5,0,0.7591394782066345,
33,6,0,0.15378445386886597,
33,7,0,0.4462358355522156,
33,8,0,0.21361279487609863,
33,9,0,0.8116543292999268,
33,10,0,0.06280934810638428,
33,11,0,0.6790015697479248,
33,12,0,0.8278152942657471,
33,13,0,0.8217599391937256,
33,14,0,0.7387310266494751,
33,15,0,0.8117997050285339,
33,16,0,0.47015196084976196,
33,17,0,0.31697356700897217,
33,18,0,0.7884814739227295,
33,19,0,0.7972837686538696,
33,20,0,0.736243724822998,
33,21,0,0.4575234055519104,
33,22,0,0.25005632638931274,
33,23,0,0.6729773283004761,
33,24,0,0.820904552936554,
33,25,0,0.7103244662284851,
33,26,0,0.8358073830604553,
33,27,0,0.35403764247894287,
33,28,0,0.2547321319580078,
33,29,0,0.4336143136024475,
33,30,0,0.8269292712211609,
33,31,0,0.6842047572135925,
33,32,0,0.4223209023475647,
33,33,0,0.748567521572113,
33,34,0,0.6771323680877686,
33,35,0,0.2555915117263794,
33,36,0,0.398687481880188,
33,37,0,0.8182177543640137,
33,38,0,0.1755986213684082,
33,39,0,0.8342244625091553,
33,40,0,0.14895695447921753,
33,41,0,0.5970866680145264,
33,42,0,0.4496803283691406,
33,43,0,0.04055291414260864,
33,44,0,0.741887629032135,
33,45,0,0.4178355932235718,
33,46,0,0.045718252658843994,
33,47,0,0.04506617784500122,
33,48,0,0.8233233690261841,
33,49,0,0.2857503294944763,
33,50,0,0.8323500156402588,
33,51,0,0.31973081827163696,
33,52,0,0.35748934745788574,
33,53,0,0.048054277896881104,
33,54,0,0.8413508534431458,
33,55,0,0.42191970348358154,
33,56,0,0.7677356600761414,
33,57,0,0.4755869507789612,
33,58,0,0.8334920406341553,
33,59,0,0.32689112424850464,
33,60,0,0.39983034133911133,
33,61,0,0.5755494832992554,
33,62,0,0.8176613450050354,
33,63,0,0.24324780702590942,
33,64,0,0.2381005883216858,
33,65,0,0.5170035362243652,
33,66,0,0.7009062767028809,
33,67,0,0.3751939535140991,
33,68,0,0.8081107139587402,
33,69,0,0.38511449098587036,
33,70,0,0.4499359130859375,
33,71,0,0.59359210729599,
33,72,0,0.6679036617279053,
33,73,0,0.7900044918060303,
33,74,0,0.8124840259552002,
33,75,0,0.5407164096832275,
33,76,0,0.7940683364868164,
33,77,0,0.5992341041564941,
33,78,0,0.15021497011184692,
33,79,0,0.7113747000694275,
33,80,0,0.44401997327804565,
33,81,0,0.804456889629364,
33,82,0,0.04782754182815552,
33,83,0,0.6578117609024048,
33,84,0,0.8086385726928711,
33,85,0,0.48748713731765747,
33,86,0,0.6706752777099609,
33,87,0,0.5457528829574585,
33,88,0,0.8073921203613281,
33,89,0,0.3737514615058899,
33,90,0,0.7263582944869995,
33,91,0,0.8159543871879578,
33,92,0,0.8386948704719543,
33,93,0,0.8102676868438721,
33,94,0,0.4405185580253601,
33,95,0,0.6764521598815918,
33,96,0,0.252888023853302,
33,97,0,0.8341161012649536,
33,98,0,0.5644015073776245,
33,99,0,0.7409830689430237,
33,100,0,0.7172977328300476,
33,101,0,0.6404612064361572,
33,102,0,0.6741327047348022,
33,103,0,0.6509716510772705,
33,104,0,0.8346446752548218,
33,105,0,0.309156596660614,
33,106,0,0.6907488107681274,
33,107,0,0.8125017881393433,
33,108,0,0.5996715426445007,
33,109,0,0.8165726661682129,
33,110,0,0.713449239730835,
33,111,0,0.8049821853637695,
33,112,0,0.8318504691123962,
33,113,0,0.3886045217514038,
33,114,0,0.23782479763031006,
33,115,0,0.7197409868240356,
33,116,0,0.7963953018188477,
33,117,0,0.3439207673072815,
33,118,0,0.8057339191436768,
33,119,0,0.30827420949935913,
33,120,0,0.8166909217834473,
33,121,0,0.8343302011489868,
33,122,0,0.7205763459205627,
33,123,0,0.064788818359375,
33,124,0,0.3977208137512207,
33,125,0,0.7430890798568726,
33,126,0,0.6877166628837585,
33,127,0,0.8216496109962463,
33,128,0,0.6539459228515625,
33,129,0,0.8352447152137756,
33,130,0,0.5920804738998413,
33,131,0,0.6836532354354858,
33,132,0,0.600668728351593,
33,133,0,0.2222331166267395,
33,134,0,0.39020973443984985,
33,135,0,0.46625667810440063,
33,136,0,0.051444411277770996,
33,137,0,0.12090909481048584,
33,138,0,0.23176085948944092,
33,139,0,0.43049830198287964,
33,140,0,0.7035207152366638,
33,141,0,0.6246235370635986,
33,142,0,0.729341447353363,
33,143,0,0.7641191482543945,
33,144,0,0.8067747950553894,
33,145,0,0.19348496198654175,
33,146,0,0.6762081384658813,
33,147,0,0.22717714309692383,
33,148,0,0.7657942175865173,
33,149,0,0.7785853147506714,
33,150,0,0.8007216453552246,
33,151,0,0.6832642555236816,
33,152,0,0.7200716733932495,
33,153,0,0.822005033493042,
33,154,0,0.8318328261375427,
33,155,0,0.7001252174377441,
33,156,0,0.04849773645401001,
33,157,0,0.6007246971130371,
33,158,0,0.7656402587890625,
33,159,0,0.8069720268249512,
33,160,0,0.31901103258132935,
33,161,0,0.05812186002731323,
33,162,0,0.8385997414588928,
33,163,0,0.27077561616897583,
33,164,0,0.3289273977279663,
33,165,0,0.7216860055923462,
33,166,0,0.2423909306526184,
33,167,0,0.7282036542892456,
33,168,0,0.8388499617576599,
33,169,0,0.13656288385391235,
33,170,0,0.6225571632385254,
33,171,0,0.745324969291687,
33,172,0,0.7424272894859314,
33,173,0,0.6237766742706299,
33,174,0,0.7535620331764221,
33,175,0,0.3813713788986206,
33,176,0,0.7618007063865662,
33,177,0,0.25412052869796753,
33,178,0,0.8290712237358093,
33,179,0,0.29483920335769653,
33,180,0,0.7805029153823853,
33,181,0,0.7876387238502502,
33,182,0,0.30444449186325073,
33,183,0,0.15724360942840576,
33,184,0,0.7625831961631775,
33,185,0,0.7439976334571838,
33,186,0,0.26469409465789795,
33,187,0,0.5841003656387329,
33,188,0,0.5783493518829346,
33,189,0,0.23949038982391357,
33,190,0,0.06049853563308716,
33,191,0,0.4154263734817505,
33,192,0,0.7420715093612671,
33,193,0,0.7298811674118042,
33,194,0,0.7276259660720825,
33,195,0,0.831720232963562,
33,196,0,0.7146298885345459,
33,197,0,0.17572373151779175,
33,198,0,0.8080780506134033,
33,199,0,0.23733025789260864,
33,200,0,0.6024195551872253,
33,201,0,0.045401930809020996,
33,202,0,0.23694771528244019,
33,203,0,0.8307911157608032,
33,204,0,0.28864961862564087,
33,205,0,0.215584397315979,
33,206,0,0.31502944231033325,
33,207,0,0.13946229219436646,
33,208,0,0.4475809335708618,
33,209,0,0.7839144468307495,
33,210,0,0.2773493528366089,
33,211,0,0.8191898465156555,
33,212,0,0.4031117558479309,
33,213,0,0.7903197407722473,
33,214,0,0.8324220180511475,
33,215,0,0.6989201307296753,
33,216,0,0.4192051887512207,
33,217,0,0.8223414421081543,
33,218,0,0.746863603591919,
33,219,0,0.7222794890403748,
33,220,0,0.23750454187393188,
33,221,0,0.7410659790039062,
33,222,0,0.2782078981399536,
33,223,0,0.4287640452384949,
33,224,0,0.6357857584953308,
33,225,0,0.2695889472961426,
33,226,0,0.8125160932540894,
33,227,0,0.15806454420089722,
33,228,0,0.5763726234436035,
33,229,0,0.3905562162399292,
33,230,0,0.37923485040664673,
33,231,0,0.6893676519393921,
33,232,0,0.8516089916229248,
33,233,0,0.8425198793411255,
33,234,0,0.8131052851676941,
33,235,0,0.04089087247848511,
33,236,0,0.4083137512207031,
33,237,0,0.822406530380249,
33,238,0,0.44079238176345825,
33,239,0,0.34807324409484863,
33,240,0,0.8135348558425903,
33,241,0,0.677193284034729,
33,242,0,0.8182778358459473,
33,243,0,0.414203941822052,
33,244,0,0.2672606110572815,
33,245,0,0.04445153474807739,
33,246,0,0.3704219460487366,
33,247,0,0.8298595547676086,
33,248,0,0.41532331705093384,
33,249,0,0.8059772253036499,
33,250,0,0.10950040817260742,
33,251,0,0.8402318358421326,
33,252,0,0.7702217102050781,
33,253,0,0.7282752394676208,
33,254,0,0.036871910095214844,
33,255,0,0.7337902784347534,
33,256,0,0.5252329707145691,
33,257,0,0.8404510021209717,
33,258,0,0.7182722091674805,
33,259,0,0.8313691020011902,
33,260,0,0.4907427430152893,
33,261,0,0.7397592067718506,
33,262,0,0.7225854396820068,
33,263,0,0.7144865989685059,
33,264,0,0.27219563722610474,
33,265,0,0.7018373012542725,
33,266,0,0.8303729295730591,
33,267,0,0.8289328813552856,
33,268,0,0.28849345445632935,
33,269,0,0.42297399044036865,
33,270,0,0.5526444315910339,
33,271,0,0.8072367906570435,
33,272,0,0.3504864573478699,
33,273,0,0.8349560499191284,
33,274,0,0.8100271224975586,
33,275,0,0.14837318658828735,
33,276,0,0.8090263605117798,
33,277,0,0.059216856956481934,
33,278,0,0.47802048921585083,
33,279,0,0.7348541617393494,
33,280,0,0.7523909211158752,
33,281,0,0.7905989289283752,
33,282,0,0.7306420207023621,
33,283,0,0.7533101439476013,
33,284,0,0.813357949256897,
33,285,0,0.6970832347869873,
33,286,0,0.6020829081535339,
33,287,0,0.7216345071792603,
33,288,0,0.6724398136138916,
33,289,0,0.48765212297439575,
33,290,0,0.8255610466003418,
33,291,0,0.046508610248565674,
33,292,0,0.35104578733444214,
33,293,0,0.8395473957061768,
33,294,0,0.8318148851394653,
33,295,0,0.7021286487579346,
33,296,0,0.44438618421554565,
33,297,0,0.04743307828903198,
33,298,0,0.8423215746879578,
33,299,0,0.8088706731796265,
33,300,0,0.3516431450843811,
33,301,0,0.3906049132347107,
33,302,0,0.8366923332214355,
33,303,0,0.5792520046234131,
33,304,0,0.8388978838920593,
33,305,0,0.44089871644973755,
33,306,0,0.21225672960281372,
33,307,0,0.8268760442733765,
33,308,0,0.8348537087440491,
33,309,0,0.17486131191253662,
33,310,0,0.8144049048423767,
33,311,0,0.3587262034416199,
33,312,0,0.8189266324043274,
33,313,0,0.8083668947219849,
33,314,0,0.34187638759613037,
33,315,0,0.6350858211517334,
33,316,0,0.8282394409179688,
33,317,0,0.5511281490325928,
33,318,0,0.30543214082717896,
33,319,0,0.27930527925491333,
33,320,0,0.7417289018630981,
33,321,0,0.6841425895690918,
33,322,0,0.6900319457054138,
33,323,0,0.26923173666000366,
33,324,0,0.8389683961868286,
33,325,0,0.7830486297607422,
33,326,0,0.8033279776573181,
33,327,0,0.7312940359115601,
33,328,0,0.5811697244644165,
33,329,0,0.7622380256652832,
33,330,0,0.3188712000846863,
33,331,0,0.2772218585014343,
33,332,0,0.6913121938705444,
33,333,0,0.23073798418045044,
33,334,0,0.6738241910934448,
33,335,0,0.33502721786499023,
33,336,0,0.8261125087738037,
33,337,0,0.41210097074508667,
33,338,0,0.5935046076774597,
33,339,0,0.7799803614616394,
33,340,0,0.8338255882263184,
33,341,0,0.057198405265808105,
33,342,0,0.7102432250976562,
33,343,0,0.576277494430542,
33,344,0,0.7929619550704956,
33,345,0,0.8179001808166504,
33,346,0,0.21709692478179932,
33,347,0,0.15656059980392456,
33,348,0,0.7375835180282593,
33,349,0,0.7132329940795898,
33,350,0,0.6317903399467468,
33,351,0,0.7671071887016296,
33,352,0,0.818263590335846,
33,353,0,0.8201642036437988,
33,354,0,0.6161202192306519,
33,355,0,0.1538175344467163,
33,356,0,0.712435245513916,
33,357,0,0.6019073724746704,
33,358,0,0.18439823389053345,
33,359,0,0.7844663262367249,
33,360,0,0.6749822497367859,
33,361,0,0.8380427956581116,
33,362,0,0.23071908950805664,
33,363,0,0.2626569867134094,
33,364,0,0.7487026453018188,
33,365,0,0.7249040007591248,
33,366,0,0.6994215250015259,
33,367,0,0.8278645873069763,
33,368,0,0.6940817832946777,
33,369,0,0.8049680590629578,
33,370,0,0.598956286907196,
33,371,0,0.5728421211242676,
33,372,0,0.8130165934562683,
33,373,0,0.6759070158004761,
33,374,0,0.370758593082428,
33,375,0,0.6025253534317017,
33,376,0,0.6406063437461853,
33,377,0,0.3046107888221741,
33,378,0,0.3673585057258606,
33,379,0,0.7063185572624207,
33,380,0,0.3026992678642273,
33,381,0,0.2904505729675293,
33,382,0,0.2731388807296753,
33,383,0,0.8368667364120483,
33,384,0,0.2992289066314697,
33,385,0,0.28995198011398315,
33,386,0,0.21740669012069702,
33,387,0,0.3800542950630188,
33,388,0,0.05718123912811279,
33,389,0,0.7696828842163086,
33,390,0,0.7471232414245605,
33,391,0,0.5254473090171814,
33,392,0,0.659421443939209,
33,393,0,0.281654953956604,
33,394,0,0.4287571907043457,
33,395,0,0.8102766871452332,
33,396,0,0.14553719758987427,
33,397,0,0.17253559827804565,
33,398,0,0.7966874837875366,
33,399,0,0.25724953413009644,
33,400,0,0.5699905157089233,
33,401,0,0.7357975244522095,
33,402,0,0.8319060206413269,
33,403,0,0.7941970229148865,
33,404,0,0.2927568554878235,
33,405,0,0.06137949228286743,
33,406,0,0.7317184209823608,
33,407,0,0.8356659412384033,
33,408,0,0.6269230842590332,
33,409,0,0.7026776075363159,
33,410,0,0.830864429473877,
33,411,0,0.28305262327194214,
33,412,0,0.6492899656295776,
33,413,0,0.05993443727493286,
33,414,0,0.7746439576148987,
33,415,0,0.6216328144073486,
33,416,0,0.8357747197151184,
33,417,0,0.05328243970870972,
33,418,0,0.4634970426559448,
33,419,0,0.41777122020721436,
33,420,0,0.2422230839729309,
33,421,0,0.22510236501693726,
33,422,0,0.6818299293518066,
33,423,0,0.8233874440193176,
33,424,0,0.7202165126800537,
33,425,0,0.7934540510177612,
33,426,0,0.7936354279518127,
33,427,0,0.801602840423584,
33,428,0,0.4185327887535095,
33,429,0,0.8077451586723328,
33,430,0,0.23670965433120728,
33,431,0,0.7847306132316589,
33,432,0,0.6053730249404907,
33,433,0,0.8006260395050049,
33,434,0,0.8184196352958679,
33,435,0,0.8182676434516907,
33,436,0,0.5847594141960144,
33,437,0,0.0492587685585022,
33,438,0,0.5716876983642578,
33,439,0,0.20110517740249634,
33,440,0,0.8475002646446228,
33,441,0,0.7631138563156128,
33,442,0,0.8200797438621521,
33,443,0,0.8092769384384155,
33,444,0,0.7484946250915527,
33,445,0,0.8153449296951294,
33,446,0,0.5838356018066406,
33,447,0,0.2725600004196167,
33,448,0,0.05020970106124878,
33,449,0,0.7912387847900391,
33,450,0,0.7692440152168274,
33,451,0,0.23743826150894165,
33,452,0,0.7091134786605835,
33,453,0,0.26162928342819214,
33,454,0,0.38606250286102295,
33,455,0,0.5339674949645996,
33,456,0,0.7098779082298279,
33,457,0,0.6411188840866089,
33,458,0,0.4892160892486572,
33,459,0,0.6875245571136475,
33,460,0,0.8109774589538574,
33,461,0,0.4138926863670349,
33,462,0,0.8017087578773499,
33,463,0,0.13853460550308228,
33,464,0,0.5820536613464355,
33,465,0,0.7402656078338623,
33,466,0,0.04467254877090454,
33,467,0,0.7996594309806824,
33,468,0,0.6140843629837036,
33,469,0,0.7777873873710632,
33,470,0,0.307270348072052,
33,471,0,0.050196826457977295,
33,472,0,0.8361538648605347,
33,473,0,0.8331179022789001,
33,474,0,0.04804962873458862,
33,475,0,0.8179959058761597,
33,476,0,0.4356324076652527,
33,477,0,0.7050890922546387,
33,478,0,0.4646552801132202,
33,479,0,0.44981849193573,
33,480,0,0.641308069229126,
33,481,0,0.16047751903533936,
33,482,0,0.6467064619064331,
33,483,0,0.829030454158783,
33,484,0,0.8263886570930481,
33,485,0,0.3965122103691101,
33,486,0,0.7039964199066162,
33,487,0,0.29676157236099243,
33,488,0,0.5347954034805298,
33,489,0,0.8271074295043945,
33,490,0,0.7611255049705505,
33,491,0,0.8171038031578064,
33,492,0,0.6215277910232544,
33,493,0,0.7367426156997681,
33,494,0,0.055984318256378174,
33,495,0,0.32543039321899414,
33,496,0,0.25602662563323975,
33,497,0,0.7754762172698975,
33,498,0,0.41419076919555664,
33,499,0,0.8394368290901184,
33,500,0,0.6374247074127197,
33,501,0,0.7583778500556946,
33,502,0,0.8291905522346497,
33,503,0,0.18841350078582764,
33,504,0,0.7406429052352905,
33,505,0,0.41659015417099,
33,506,0,0.7550011873245239,
33,507,0,0.2577919363975525,
33,508,0,0.8371353149414062,
33,509,0,0.8338149189949036,
33,510,0,0.725180983543396,
33,511,0,0.7408764362335205,
33,512,0,0.22883707284927368,
33,513,0,0.7217124700546265,
33,514,0,0.8020749092102051,
33,515,0,0.781115710735321,
33,516,0,0.7427201271057129,
33,517,0,0.3401815891265869,
33,518,0,0.21189820766448975,
33,519,0,0.24978667497634888,
33,520,0,0.7103209495544434,
33,521,0,0.6653364300727844,
33,522,0,0.2961963415145874,
33,523,0,0.8470216989517212,
33,524,0,0.715907096862793,
33,525,0,0.050678551197052,
33,526,0,0.2770405411720276,
33,527,0,0.8320595622062683,
33,528,0,0.048939526081085205,
33,529,0,0.6513059735298157,
33,530,0,0.6301671862602234,
33,531,0,0.8353773355484009,
33,532,0,0.7924416065216064,
33,533,0,0.8112678527832031,
33,534,0,0.36661219596862793,
33,535,0,0.6489663124084473,
33,536,0,0.7841688394546509,
33,537,0,0.2562100887298584,
33,538,0,0.8215406537055969,
33,539,0,0.6250035762786865,
33,540,0,0.776470422744751,
33,541,0,0.3684716820716858,
33,542,0,0.28749048709869385,
33,543,0,0.8380992412567139,
33,544,0,0.055471718311309814,
33,545,0,0.35534459352493286,
33,546,0,0.4147302508354187,
33,547,0,0.05869537591934204,
33,548,0,0.7689505815505981,
33,549,0,0.28514939546585083,
33,550,0,0.8307157754898071,
33,551,0,0.8410413861274719,
33,552,0,0.7162865996360779,
33,553,0,0.40943795442581177,
33,554,0,0.6380658149719238,
33,555,0,0.2333584427833557,
33,556,0,0.7653541564941406,
33,557,0,0.6929396390914917,
33,558,0,0.34621983766555786,
33,559,0,0.617340087890625,
33,560,0,0.7809968590736389,
33,561,0,0.6955994963645935,
33,562,0,0.15998250246047974,
33,563,0,0.6974219679832458,
33,564,0,0.43636828660964966,
33,565,0,0.29822903871536255,
33,566,0,0.3424987196922302,
33,567,0,0.8372097611427307,
33,568,0,0.19503307342529297,
33,569,0,0.8089276552200317,
33,570,0,0.5821074843406677,
33,571,0,0.5696598291397095,
33,572,0,0.28175264596939087,
33,573,0,0.7019640207290649,
33,574,0,0.2800986170768738,
33,575,0,0.23784661293029785,
33,576,0,0.6460709571838379,
33,577,0,0.26038867235183716,
33,578,0,0.27722102403640747,
33,579,0,0.7774888277053833,
33,580,0,0.25676894187927246,
33,581,0,0.3648591637611389,
33,582,0,0.6473886370658875,
33,583,0,0.7635962963104248,
33,584,0,0.4172147512435913,
33,585,0,0.8074796199798584,
33,586,0,0.8253588676452637,
33,587,0,0.552941083908081,
33,588,0,0.20591038465499878,
33,589,0,0.5841594934463501,
33,590,0,0.821462094783783,
33,591,0,0.24245142936706543,
33,592,0,0.8118728399276733,
33,593,0,0.8174488544464111,
33,594,0,0.8143221735954285,
33,595,0,0.7078804969787598,
33,596,0,0.4001769423484802,
33,597,0,0.15040528774261475,
33,598,0,0.2635025978088379,
33,599,0,0.2912154197692871,
33,600,0,0.5902045965194702,
33,601,0,0.37272363901138306,
33,602,0,0.18049180507659912,
33,603,0,0.27717500925064087,
33,604,0,0.7413070201873779,
33,605,0,0.7695944309234619,
33,606,0,0.27194756269454956,
33,607,0,0.599204421043396,
33,608,0,0.5751492381095886,
33,609,0,0.8290318250656128,
33,610,0,0.8287627100944519,
33,611,0,0.830477237701416,
33,612,0,0.6440045833587646,
33,613,0,0.5917614698410034,
33,614,0,0.8270114660263062,
33,615,0,0.36412304639816284,
33,616,0,0.7316495776176453,
33,617,0,0.26089316606521606,
33,618,0,0.15617388486862183,
33,619,0,0.3427503705024719,
33,620,0,0.830451488494873,
33,621,0,0.39399778842926025,
33,622,0,0.6195104122161865,
33,623,0,0.39927321672439575,
33,624,0,0.2770916819572449,
33,625,0,0.8396172523498535,
33,626,0,0.8062166571617126,
33,627,0,0.8089151382446289,
33,628,0,0.8387802243232727,
33,629,0,0.4418952465057373,
33,630,0,0.06328660249710083,
33,631,0,0.1669328808784485,
33,632,0,0.8130382299423218,
33,633,0,0.5553147792816162,
33,634,0,0.6726511716842651,
33,635,0,0.4570379853248596,
33,636,0,0.8095642328262329,
33,637,0,0.7076708674430847,
33,638,0,0.6596192121505737,
33,639,0,0.7519091367721558,
33,640,0,0.1371973156929016,
33,641,0,0.738190770149231,
33,642,0,0.759480357170105,
33,643,0,0.3856014013290405,
33,644,0,0.36598527431488037,
33,645,0,0.6646640300750732,
33,646,0,0.8077521324157715,
33,647,0,0.7570238709449768,
33,648,0,0.8070449829101562,
33,649,0,0.042064368724823,
33,650,0,0.7633513808250427,
33,651,0,0.4057160019874573,
33,652,0,0.5354034900665283,
33,653,0,0.5483645796775818,
33,654,0,0.7550870776176453,
33,655,0,0.23300635814666748,
33,656,0,0.2291235327720642,
33,657,0,0.3326452374458313,
33,658,0,0.5949198007583618,
33,659,0,0.048965275287628174,
33,660,0,0.8535614013671875,
33,661,0,0.5925883054733276,
33,662,0,0.8033329248428345,
33,663,0,0.7160632610321045,
33,664,0,0.8378105163574219,
33,665,0,0.39428186416625977,
33,666,0,0.0538366436958313,
33,667,0,0.8129847049713135,
33,668,0,0.2784727215766907,
33,669,0,0.4233369827270508,
33,670,0,0.3491820693016052,
33,671,0,0.7588003873825073,
33,672,0,0.14310985803604126,
33,673,0,0.23973798751831055,
33,674,0,0.39721888303756714,
33,675,0,0.7639128565788269,
33,676,0,0.1483127474784851,
33,677,0,0.5771647691726685,
33,678,0,0.6527732610702515,
33,679,0,0.7954879403114319,
33,680,0,0.056081175804138184,
33,681,0,0.6881639361381531,
33,682,0,0.2861171364784241,
33,683,0,0.3135300278663635,
33,684,0,0.6769030690193176,
33,685,0,0.8098477125167847,
33,686,0,0.657289981842041,
33,687,0,0.5916292071342468,
33,688,0,0.24372005462646484,
33,689,0,0.7403125762939453,
33,690,0,0.83137047290802,
33,691,0,0.14766710996627808,
33,692,0,0.31012582778930664,
33,693,0,0.693884015083313,
33,694,0,0.7595570087432861,
33,695,0,0.759235680103302,
33,696,0,0.17606180906295776,
33,697,0,0.7473280429840088,
33,698,0,0.8357798457145691,
33,699,0,0.4183158874511719,
33,700,0,0.2527697682380676,
33,701,0,0.8265523910522461,
33,702,0,0.780282199382782,
33,703,0,0.6744223833084106,
33,704,0,0.13644391298294067,
33,705,0,0.050715625286102295,
33,706,0,0.8378951549530029,
33,707,0,0.796664834022522,
33,708,0,0.8455435633659363,
33,709,0,0.7331137657165527,
33,710,0,0.3870519995689392,
33,711,0,0.31443697214126587,
33,712,0,0.24364328384399414,
33,713,0,0.3773573637008667,
33,714,0,0.8277616500854492,
33,715,0,0.39870697259902954,
33,716,0,0.7510749101638794,
33,717,0,0.6333799362182617,
33,718,0,0.8027068972587585,
33,719,0,0.8229928016662598,
33,720,0,0.7868544459342957,
33,721,0,0.7744299173355103,
33,722,0,0.5980966091156006,
33,723,0,0.16177308559417725,
33,724,0,0.5829684734344482,
33,725,0,0.19048839807510376,
33,726,0,0.8218512535095215,
33,727,0,0.8062114119529724,
33,728,0,0.18552690744400024,
33,729,0,0.4170166850090027,
33,730,0,0.31826353073120117,
33,731,0,0.8235706686973572,
33,732,0,0.8005983829498291,
33,733,0,0.36609095335006714,
33,734,0,0.8112019896507263,
33,735,0,0.28698909282684326,
33,736,0,0.7350294589996338,
33,737,0,0.6840419769287109,
33,738,0,0.8143200278282166,
33,739,0,0.5818355083465576,
33,740,0,0.27586251497268677,
33,741,0,0.6814125776290894,
33,742,0,0.8202880024909973,
33,743,0,0.8376237154006958,
33,744,0,0.6617783308029175,
33,745,0,0.2599825859069824,
33,746,0,0.7073858976364136,
33,747,0,0.6962414979934692,
33,748,0,0.7076190710067749,
33,749,0,0.8192532658576965,
33,750,0,0.8078632354736328,
33,751,0,0.8205981850624084,
33,752,0,0.6358500123023987,
33,753,0,0.43927001953125,
33,754,0,0.583979606628418,
33,755,0,0.8390650153160095,
33,756,0,0.8223572969436646,
33,757,0,0.833663284778595,
33,758,0,0.5359066724777222,
33,759,0,0.05260264873504639,
33,760,0,0.4165460467338562,
33,761,0,0.7455395460128784,
33,762,0,0.7715573906898499,
33,763,0,0.28405678272247314,
33,764,0,0.2930601239204407,
33,765,0,0.7985754013061523,
33,766,0,0.1608670949935913,
33,767,0,0.7497566342353821,
33,768,0,0.8229254484176636,
33,769,0,0.1844196319580078,
33,770,0,0.6595929861068726,
33,771,0,0.5438724756240845,
33,772,0,0.7971063256263733,
33,773,0,0.19186341762542725,
33,774,0,0.8187138438224792,
33,775,0,0.7832844853401184,
33,776,0,0.24029117822647095,
33,777,0,0.6799548864364624,
33,778,0,0.39293867349624634,
33,779,0,0.8333903551101685,
33,780,0,0.747582733631134,
33,781,0,0.8254905939102173,
33,782,0,0.35508936643600464,
33,783,0,0.8057132959365845,
33,784,0,0.3719303011894226,
33,785,0,0.04424017667770386,
33,786,0,0.4482695460319519,
33,787,0,0.2340937852859497,
33,788,0,0.6718246936798096,
33,789,0,0.2738684415817261,
33,790,0,0.6098883152008057,
33,791,0,0.42991960048675537,
33,792,0,0.3188657760620117,
33,793,0,0.7965587973594666,
33,794,0,0.8309534192085266,
33,795,0,0.253967821598053,
33,796,0,0.8246118426322937,
33,797,0,0.05994898080825806,
33,798,0,0.41837501525878906,
33,799,0,0.8233336806297302,
33,val,,,0.5877320981025695
34,0,0,0.3608437180519104,
34,1,0,0.8129459619522095,
34,2,0,0.5234262347221375,
34,3,0,0.6501373052597046,
34,4,0,0.36307066679000854,
34,5,0,0.7593433260917664,
34,6,0,0.15200012922286987,
34,7,0,0.43437105417251587,
34,8,0,0.2122923731803894,
34,9,0,0.8119730353355408,
34,10,0,0.06427448987960815,
34,11,0,0.7103559970855713,
34,12,0,0.8289082050323486,
34,13,0,0.8224400281906128,
34,14,0,0.7342667579650879,
34,15,0,0.8122067451477051,
34,16,0,0.47882938385009766,
34,17,0,0.3091433644294739,
34,18,0,0.7863904237747192,
34,19,0,0.7945377826690674,
34,20,0,0.7384487390518188,
34,21,0,0.4531041979789734,
34,22,0,0.24718409776687622,
34,23,0,0.6786993741989136,
34,24,0,0.8226338028907776,
34,25,0,0.715653657913208,
34,26,0,0.8338783979415894,
34,27,0,0.3525286316871643,
34,28,0,0.25864511728286743,
34,29,0,0.43675410747528076,
34,30,0,0.827022910118103,
34,31,0,0.6800786256790161,
34,32,0,0.41463422775268555,
34,33,0,0.7445920705795288,
34,34,0,0.6706385016441345,
34,35,0,0.2569538950920105,
34,36,0,0.3965052366256714,
34,37,0,0.8181338310241699,
34,38,0,0.17512786388397217,
34,39,0,0.834208607673645,
34,40,0,0.14524590969085693,
34,41,0,0.5962662696838379,
34,42,0,0.4526556134223938,
34,43,0,0.04282432794570923,
34,44,0,0.742447555065155,
34,45,0,0.4319114685058594,
34,46,0,0.049984753131866455,
34,47,0,0.04847526550292969,
34,48,0,0.8222365379333496,
34,49,0,0.2894245386123657,
34,50,0,0.8340659737586975,
34,51,0,0.32286375761032104,
34,52,0,0.3660776615142822,
34,53,0,0.04759186506271362,
34,54,0,0.8415864706039429,
34,55,0,0.42844158411026,
34,56,0,0.7574210166931152,
34,57,0,0.476804256439209,
34,58,0,0.821068286895752,
34,59,0,0.32177823781967163,
34,60,0,0.398345947265625,
34,61,0,0.5639342665672302,
34,62,0,0.8179547786712646,
34,63,0,0.24836862087249756,
34,64,0,0.24078696966171265,
34,65,0,0.5203716158866882,
34,66,0,0.7040954828262329,
34,67,0,0.3762093186378479,
34,68,0,0.8071913719177246,
34,69,0,0.38521748781204224,
34,70,0,0.45782041549682617,
34,71,0,0.5944209098815918,
34,72,0,0.6719344854354858,
34,73,0,0.7898021340370178,
34,74,0,0.8108218312263489,
34,75,0,0.5384454131126404,
34,76,0,0.7929415702819824,
34,77,0,0.6041911840438843,
34,78,0,0.14736610651016235,
34,79,0,0.7011264562606812,
34,80,0,0.43069714307785034,
34,81,0,0.8061085939407349,
34,82,0,0.04815709590911865,
34,83,0,0.6450929641723633,
34,84,0,0.8124688863754272,
34,85,0,0.48479974269866943,
34,86,0,0.6625327467918396,
34,87,0,0.5468164682388306,
34,88,0,0.8091996312141418,
34,89,0,0.375211238861084,
34,90,0,0.7239075899124146,
34,91,0,0.8160529136657715,
34,92,0,0.8377462029457092,
34,93,0,0.8118298053741455,
34,94,0,0.4247738718986511,
34,95,0,0.6860606670379639,
34,96,0,0.2529318928718567,
34,97,0,0.8334997296333313,
34,98,0,0.5604095458984375,
34,99,0,0.7347368001937866,
34,100,0,0.7220865488052368,
34,101,0,0.6414695978164673,
34,102,0,0.6645600199699402,
34,103,0,0.6354467868804932,
34,104,0,0.8372761011123657,
34,105,0,0.30324506759643555,
34,106,0,0.6736040115356445,
34,107,0,0.8066800832748413,
34,108,0,0.5897308588027954,
34,109,0,0.8155925869941711,
34,110,0,0.6984567642211914,
34,111,0,0.8051930665969849,
34,112,0,0.8300197124481201,
34,113,0,0.38628751039505005,
34,114,0,0.24041509628295898,
34,115,0,0.710451602935791,
34,116,0,0.7978704571723938,
34,117,0,0.3386738896369934,
34,118,0,0.8098070025444031,
34,119,0,0.30866050720214844,
34,120,0,0.8180331587791443,
34,121,0,0.8336012363433838,
34,122,0,0.7189602255821228,
34,123,0,0.06459760665893555,
34,124,0,0.3908734917640686,
34,125,0,0.7451741695404053,
34,126,0,0.6477620601654053,
34,127,0,0.822824239730835,
34,128,0,0.6500215530395508,
34,129,0,0.8355472087860107,
34,130,0,0.5624150037765503,
34,131,0,0.6866533756256104,
34,132,0,0.6406450271606445,
34,133,0,0.22077733278274536,
34,134,0,0.3850105404853821,
34,135,0,0.463722288608551,
34,136,0,0.04949158430099487,
34,137,0,0.1216268539428711,
34,138,0,0.23610496520996094,
34,139,0,0.4446059465408325,
34,140,0,0.6825018525123596,
34,141,0,0.6216089129447937,
34,142,0,0.7074155211448669,
34,143,0,0.7613670825958252,
34,144,0,0.8065105676651001,
34,145,0,0.1933719515800476,
34,146,0,0.6688663959503174,
34,147,0,0.2149396538734436,
34,148,0,0.7656238079071045,
34,149,0,0.779370903968811,
34,150,0,0.8005832433700562,
34,151,0,0.6787624359130859,
34,152,0,0.7241090536117554,
34,153,0,0.8231852054595947,
34,154,0,0.8312596678733826,
34,155,0,0.7007849216461182,
34,156,0,0.04756039381027222,
34,157,0,0.5975236296653748,
34,158,0,0.7678049802780151,
34,159,0,0.8101189136505127,
34,160,0,0.317118763923645,
34,161,0,0.05760383605957031,
34,162,0,0.8354699611663818,
34,163,0,0.26822298765182495,
34,164,0,0.33125340938568115,
34,165,0,0.7185587882995605,
34,166,0,0.2381841540336609,
34,167,0,0.7140346169471741,
34,168,0,0.8384212255477905,
34,169,0,0.13580483198165894,
34,170,0,0.6008220314979553,
34,171,0,0.7442312240600586,
34,172,0,0.7403452396392822,
34,173,0,0.6193939447402954,
34,174,0,0.7503598928451538,
34,175,0,0.3848786950111389,
34,176,0,0.760543704032898,
34,177,0,0.25952935218811035,
34,178,0,0.8289573788642883,
34,179,0,0.2830696702003479,
34,180,0,0.7782691717147827,
34,181,0,0.7891396284103394,
34,182,0,0.3057445287704468,
34,183,0,0.15905052423477173,
34,184,0,0.7633256912231445,
34,185,0,0.7436132431030273,
34,186,0,0.2611021399497986,
34,187,0,0.5835834741592407,
34,188,0,0.5828997492790222,
34,189,0,0.2472124695777893,
34,190,0,0.0594477653503418,
34,191,0,0.41782695055007935,
34,192,0,0.7365106344223022,
34,193,0,0.7310728430747986,
34,194,0,0.728233814239502,
34,195,0,0.8267821073532104,
34,196,0,0.7122300863265991,
34,197,0,0.17633706331253052,
34,198,0,0.7965760827064514,
34,199,0,0.2306482195854187,
34,200,0,0.5983073711395264,
34,201,0,0.048065185546875,
34,202,0,0.2326410412788391,
34,203,0,0.8307143449783325,
34,204,0,0.2859463691711426,
34,205,0,0.21442323923110962,
34,206,0,0.3044225573539734,
34,207,0,0.13864439725875854,
34,208,0,0.44377583265304565,
34,209,0,0.7758650183677673,
34,210,0,0.27847254276275635,
34,211,0,0.818162739276886,
34,212,0,0.420251727104187,
34,213,0,0.7781245708465576,
34,214,0,0.8339065909385681,
34,215,0,0.6872880458831787,
34,216,0,0.41398000717163086,
34,217,0,0.8220716714859009,
34,218,0,0.7318434119224548,
34,219,0,0.7201125621795654,
34,220,0,0.23669612407684326,
34,221,0,0.7355465888977051,
34,222,0,0.27013951539993286,
34,223,0,0.4154151678085327,
34,224,0,0.6448562145233154,
34,225,0,0.27013570070266724,
34,226,0,0.7907748222351074,
34,227,0,0.15944403409957886,
34,228,0,0.5641958713531494,
34,229,0,0.3912374973297119,
34,230,0,0.38799095153808594,
34,231,0,0.6716080904006958,
34,232,0,0.8495454788208008,
34,233,0,0.8440863490104675,
34,234,0,0.8156431317329407,
34,235,0,0.04324394464492798,
34,236,0,0.40057647228240967,
34,237,0,0.82417893409729,
34,238,0,0.44266289472579956,
34,239,0,0.3490983843803406,
34,240,0,0.8150110840797424,
34,241,0,0.6794600486755371,
34,242,0,0.8184899687767029,
34,243,0,0.4123106598854065,
34,244,0,0.26981890201568604,
34,245,0,0.04395294189453125,
34,246,0,0.36303389072418213,
34,247,0,0.8306370377540588,
34,248,0,0.409976065158844,
34,249,0,0.8022831678390503,
34,250,0,0.11258751153945923,
34,251,0,0.8396458625793457,
34,252,0,0.7663686871528625,
34,253,0,0.7283059358596802,
34,254,0,0.03497886657714844,
34,255,0,0.7349399924278259,
34,256,0,0.5338202714920044,
34,257,0,0.8392958045005798,
34,258,0,0.7162689566612244,
34,259,0,0.837050199508667,
34,260,0,0.487271249294281,
34,261,0,0.7403716444969177,
34,262,0,0.7116620540618896,
34,263,0,0.7192617654800415,
34,264,0,0.260520339012146,
34,265,0,0.67608642578125,
34,266,0,0.8121840953826904,
34,267,0,0.831835925579071,
34,268,0,0.2891216278076172,
34,269,0,0.4226805567741394,
34,270,0,0.5618138313293457,
34,271,0,0.8079992532730103,
34,272,0,0.3525312542915344,
34,273,0,0.8349676132202148,
34,274,0,0.804783284664154,
34,275,0,0.15242767333984375,
34,276,0,0.8078163862228394,
34,277,0,0.06024986505508423,
34,278,0,0.48155587911605835,
34,279,0,0.7335940599441528,
34,280,0,0.7487943768501282,
34,281,0,0.7885394096374512,
34,282,0,0.7391914129257202,
34,283,0,0.7517217993736267,
34,284,0,0.8123879432678223,
34,285,0,0.6647226810455322,
34,286,0,0.5966991186141968,
34,287,0,0.7231543064117432,
34,288,0,0.6644970178604126,
34,289,0,0.4989851117134094,
34,290,0,0.8249202370643616,
34,291,0,0.044836580753326416,
34,292,0,0.3509775400161743,
34,293,0,0.8419203162193298,
34,294,0,0.8327323198318481,
34,295,0,0.6948890686035156,
34,296,0,0.4470566511154175,
34,297,0,0.046592533588409424,
34,298,0,0.8438588976860046,
34,299,0,0.8068967461585999,
34,300,0,0.3518800139427185,
34,301,0,0.38298195600509644,
34,302,0,0.8355556130409241,
34,303,0,0.5733683109283447,
34,304,0,0.8355258703231812,
34,305,0,0.43993210792541504,
34,306,0,0.20644599199295044,
34,307,0,0.8267977237701416,
34,308,0,0.8348712921142578,
34,309,0,0.17658668756484985,
34,310,0,0.8140514492988586,
34,311,0,0.361372172832489,
34,312,0,0.8184030652046204,
34,313,0,0.812699556350708,
34,314,0,0.35181379318237305,
34,315,0,0.6452707052230835,
34,316,0,0.8283969163894653,
34,317,0,0.5472595691680908,
34,318,0,0.3059646487236023,
34,319,0,0.27240151166915894,
34,320,0,0.7447592616081238,
34,321,0,0.6784921884536743,
34,322,0,0.7001467943191528,
34,323,0,0.267194926738739,
34,324,0,0.8370019793510437,
34,325,0,0.7809835076332092,
34,326,0,0.8030785322189331,
34,327,0,0.730460524559021,
34,328,0,0.6032479405403137,
34,329,0,0.7591049075126648,
34,330,0,0.3073931336402893,
34,331,0,0.28619056940078735,
34,332,0,0.6890408992767334,
34,333,0,0.2311428189277649,
34,334,0,0.663359522819519,
34,335,0,0.3367186188697815,
34,336,0,0.8258467316627502,
34,337,0,0.41204988956451416,
34,338,0,0.5986536741256714,
34,339,0,0.7757869958877563,
34,340,0,0.8335911631584167,
34,341,0,0.05762225389480591,
34,342,0,0.714525580406189,
34,343,0,0.5752773284912109,
34,344,0,0.80474853515625,
34,345,0,0.8175119161605835,
34,346,0,0.21338260173797607,
34,347,0,0.15677005052566528,
34,348,0,0.7383893728256226,
34,349,0,0.6963216066360474,
34,350,0,0.6269411444664001,
34,351,0,0.7667402029037476,
34,352,0,0.8181742429733276,
34,353,0,0.818173885345459,
34,354,0,0.616597592830658,
34,355,0,0.1541619896888733,
34,356,0,0.7221089601516724,
34,357,0,0.6013059616088867,
34,358,0,0.1816943883895874,
34,359,0,0.7779499888420105,
34,360,0,0.6653186082839966,
34,361,0,0.8383513689041138,
34,362,0,0.22907668352127075,
34,363,0,0.26553183794021606,
34,364,0,0.7473777532577515,
34,365,0,0.7101396918296814,
34,366,0,0.6765365600585938,
34,367,0,0.8294373750686646,
34,368,0,0.6793463230133057,
34,369,0,0.8040839433670044,
34,370,0,0.6025322675704956,
34,371,0,0.5715150237083435,
34,372,0,0.8121845722198486,
34,373,0,0.6916942596435547,
34,374,0,0.37280207872390747,
34,375,0,0.6009160280227661,
34,376,0,0.6181715726852417,
34,377,0,0.3031983971595764,
34,378,0,0.3615890145301819,
34,379,0,0.697321891784668,
34,380,0,0.29534655809402466,
34,381,0,0.29041534662246704,
34,382,0,0.2670271396636963,
34,383,0,0.8368908166885376,
34,384,0,0.30771517753601074,
34,385,0,0.28751516342163086,
34,386,0,0.20846658945083618,
34,387,0,0.383933961391449,
34,388,0,0.05548602342605591,
34,389,0,0.7732616662979126,
34,390,0,0.7472090125083923,
34,391,0,0.5244859457015991,
34,392,0,0.6525757312774658,
34,393,0,0.27399498224258423,
34,394,0,0.4417831301689148,
34,395,0,0.8102750778198242,
34,396,0,0.14556652307510376,
34,397,0,0.17291563749313354,
34,398,0,0.7976097464561462,
34,399,0,0.25789153575897217,
34,400,0,0.5648952722549438,
34,401,0,0.7364068627357483,
34,402,0,0.8310117721557617,
34,403,0,0.7871490716934204,
34,404,0,0.2946498990058899,
34,405,0,0.061082661151885986,
34,406,0,0.7353338003158569,
34,407,0,0.834380567073822,
34,408,0,0.6260709762573242,
34,409,0,0.7047436237335205,
34,410,0,0.8299286961555481,
34,411,0,0.28054195642471313,
34,412,0,0.6310866475105286,
34,413,0,0.06065845489501953,
34,414,0,0.7771493196487427,
34,415,0,0.6172217130661011,
34,416,0,0.834419310092926,
34,417,0,0.05191439390182495,
34,418,0,0.46137964725494385,
34,419,0,0.4031863808631897,
34,420,0,0.23599529266357422,
34,421,0,0.23286354541778564,
34,422,0,0.703953742980957,
34,423,0,0.8270995020866394,
34,424,0,0.7118682861328125,
34,425,0,0.80047607421875,
34,426,0,0.7993037104606628,
34,427,0,0.7990847826004028,
34,428,0,0.4204058051109314,
34,429,0,0.8040229678153992,
34,430,0,0.2382931113243103,
34,431,0,0.7844228744506836,
34,432,0,0.5910351276397705,
34,433,0,0.8010008335113525,
34,434,0,0.8129354119300842,
34,435,0,0.820600152015686,
34,436,0,0.5862900018692017,
34,437,0,0.05423438549041748,
34,438,0,0.5691091418266296,
34,439,0,0.20234906673431396,
34,440,0,0.8494049906730652,
34,441,0,0.7675955891609192,
34,442,0,0.8250865936279297,
34,443,0,0.8117371797561646,
34,444,0,0.7560192942619324,
34,445,0,0.8190261125564575,
34,446,0,0.5790145397186279,
34,447,0,0.266701340675354,
34,448,0,0.05069977045059204,
34,449,0,0.7897517681121826,
34,450,0,0.7709060907363892,
34,451,0,0.23293399810791016,
34,452,0,0.6922667026519775,
34,453,0,0.26819026470184326,
34,454,0,0.38385915756225586,
34,455,0,0.5362650156021118,
34,456,0,0.7029166221618652,
34,457,0,0.6397626996040344,
34,458,0,0.48425328731536865,
34,459,0,0.6621999144554138,
34,460,0,0.8121345639228821,
34,461,0,0.4149649739265442,
34,462,0,0.804358959197998,
34,463,0,0.13550060987472534,
34,464,0,0.5633319616317749,
34,465,0,0.7364603281021118,
34,466,0,0.04477822780609131,
34,467,0,0.8123198747634888,
34,468,0,0.6108359098434448,
34,469,0,0.7821093797683716,
34,470,0,0.3079884648323059,
34,471,0,0.051606178283691406,
34,472,0,0.8342882394790649,
34,473,0,0.832440972328186,
34,474,0,0.047998130321502686,
34,475,0,0.8182421922683716,
34,476,0,0.43858206272125244,
34,477,0,0.7023135423660278,
34,478,0,0.46808820962905884,
34,479,0,0.45247501134872437,
34,480,0,0.6572389602661133,
34,481,0,0.17000627517700195,
34,482,0,0.6421999931335449,
34,483,0,0.8287001252174377,
34,484,0,0.826870322227478,
34,485,0,0.3995957374572754,
34,486,0,0.705559253692627,
34,487,0,0.2991864085197449,
34,488,0,0.5137653350830078,
34,489,0,0.8275406360626221,
34,490,0,0.7618617415428162,
34,491,0,0.8177012205123901,
34,492,0,0.6242523789405823,
34,493,0,0.7275457382202148,
34,494,0,0.056418001651763916,
34,495,0,0.3172610402107239,
34,496,0,0.2608598470687866,
34,497,0,0.7746266722679138,
34,498,0,0.4093046188354492,
34,499,0,0.8363752961158752,
34,500,0,0.6337382197380066,
34,501,0,0.7538467049598694,
34,502,0,0.8278593420982361,
34,503,0,0.19254827499389648,
34,504,0,0.7264982461929321,
34,505,0,0.41703563928604126,
34,506,0,0.7546603679656982,
34,507,0,0.2577360272407532,
34,508,0,0.836254894733429,
34,509,0,0.8342808485031128,
34,510,0,0.7235924005508423,
34,511,0,0.7392302751541138,
34,512,0,0.22744256258010864,
34,513,0,0.7189613580703735,
34,514,0,0.7997113466262817,
34,515,0,0.7853025794029236,
34,516,0,0.738810658454895,
34,517,0,0.3476686477661133,
34,518,0,0.2205783724784851,
34,519,0,0.2421942949295044,
34,520,0,0.7001808881759644,
34,521,0,0.6657966375350952,
34,522,0,0.3023484945297241,
34,523,0,0.8510453104972839,
34,524,0,0.7128579020500183,
34,525,0,0.049027979373931885,
34,526,0,0.283130943775177,
34,527,0,0.8329514265060425,
34,528,0,0.04858320951461792,
34,529,0,0.6376432180404663,
34,530,0,0.627494215965271,
34,531,0,0.8357071280479431,
34,532,0,0.7899896502494812,
34,533,0,0.7970476746559143,
34,534,0,0.37028950452804565,
34,535,0,0.6465331315994263,
34,536,0,0.7862892746925354,
34,537,0,0.25469619035720825,
34,538,0,0.820878267288208,
34,539,0,0.620354175567627,
34,540,0,0.7680146098136902,
34,541,0,0.37241870164871216,
34,542,0,0.2881801724433899,
34,543,0,0.8380119204521179,
34,544,0,0.054882586002349854,
34,545,0,0.36225414276123047,
34,546,0,0.4066625237464905,
34,547,0,0.05823075771331787,
34,548,0,0.7699998021125793,
34,549,0,0.2856670022010803,
34,550,0,0.8303095102310181,
34,551,0,0.8415895104408264,
34,552,0,0.7149378657341003,
34,553,0,0.4152771830558777,
34,554,0,0.642149031162262,
34,555,0,0.2358875274658203,
34,556,0,0.7677897214889526,
34,557,0,0.6782373785972595,
34,558,0,0.3393077850341797,
34,559,0,0.6077430248260498,
34,560,0,0.7822586297988892,
34,561,0,0.6772398948669434,
34,562,0,0.15754544734954834,
34,563,0,0.6886478662490845,
34,564,0,0.43394237756729126,
34,565,0,0.31209051609039307,
34,566,0,0.3399503827095032,
34,567,0,0.8322258591651917,
34,568,0,0.19675302505493164,
34,569,0,0.8094115853309631,
34,570,0,0.589267909526825,
34,571,0,0.5704224109649658,
34,572,0,0.28400230407714844,
34,573,0,0.691940188407898,
34,574,0,0.28286945819854736,
34,575,0,0.2427968978881836,
34,576,0,0.6265042424201965,
34,577,0,0.2580232620239258,
34,578,0,0.27988284826278687,
34,579,0,0.7779194712638855,
34,580,0,0.2565000653266907,
34,581,0,0.36666637659072876,
34,582,0,0.6510883569717407,
34,583,0,0.7650094628334045,
34,584,0,0.41379010677337646,
34,585,0,0.8032824397087097,
34,586,0,0.824893057346344,
34,587,0,0.557731032371521,
34,588,0,0.20589309930801392,
34,589,0,0.5834320783615112,
34,590,0,0.822763204574585,
34,591,0,0.238599956035614,
34,592,0,0.812349796295166,
34,593,0,0.8211406469345093,
34,594,0,0.8141576647758484,
34,595,0,0.7057222127914429,
34,596,0,0.40565329790115356,
34,597,0,0.15177518129348755,
34,598,0,0.2623257637023926,
34,599,0,0.28889673948287964,
34,600,0,0.5886858701705933,
34,601,0,0.36734360456466675,
34,602,0,0.17637521028518677,
34,603,0,0.27858614921569824,
34,604,0,0.7418161630630493,
34,605,0,0.7734543681144714,
34,606,0,0.2736608386039734,
34,607,0,0.5743266344070435,
34,608,0,0.5747482776641846,
34,609,0,0.8233858346939087,
34,610,0,0.8274954557418823,
34,611,0,0.8290752172470093,
34,612,0,0.6435935497283936,
34,613,0,0.5844810009002686,
34,614,0,0.8250253796577454,
34,615,0,0.3606725335121155,
34,616,0,0.71888267993927,
34,617,0,0.2551344633102417,
34,618,0,0.1606237292289734,
34,619,0,0.34326058626174927,
34,620,0,0.8322799205780029,
34,621,0,0.39354151487350464,
34,622,0,0.5992599725723267,
34,623,0,0.396851122379303,
34,624,0,0.2756569981575012,
34,625,0,0.8409756422042847,
34,626,0,0.8011024594306946,
34,627,0,0.8120914697647095,
34,628,0,0.8395410180091858,
34,629,0,0.4486308693885803,
34,630,0,0.062198638916015625,
34,631,0,0.16733092069625854,
34,632,0,0.8065907955169678,
34,633,0,0.5644273161888123,
34,634,0,0.6837597489356995,
34,635,0,0.4608760476112366,
34,636,0,0.8072115778923035,
34,637,0,0.708655834197998,
34,638,0,0.6705814599990845,
34,639,0,0.7543971538543701,
34,640,0,0.1363036036491394,
34,641,0,0.7421505451202393,
34,642,0,0.7557573914527893,
34,643,0,0.39297372102737427,
34,644,0,0.36895471811294556,
34,645,0,0.6437546014785767,
34,646,0,0.8051520586013794,
34,647,0,0.7568024396896362,
34,648,0,0.8055142164230347,
34,649,0,0.0448603630065918,
34,650,0,0.7597209811210632,
34,651,0,0.4063650965690613,
34,652,0,0.5352236032485962,
34,653,0,0.5449295043945312,
34,654,0,0.7516345977783203,
34,655,0,0.2347925901412964,
34,656,0,0.22965270280838013,
34,657,0,0.3344980478286743,
34,658,0,0.5796266794204712,
34,659,0,0.04964369535446167,
34,660,0,0.8458887338638306,
34,661,0,0.5987567901611328,
34,662,0,0.807472825050354,
34,663,0,0.7201882600784302,
34,664,0,0.8355742692947388,
34,665,0,0.3992355465888977,
34,666,0,0.05363863706588745,
34,667,0,0.8143150806427002,
34,668,0,0.2722821831703186,
34,669,0,0.4214209318161011,
34,670,0,0.34879159927368164,
34,671,0,0.7562817335128784,
34,672,0,0.14693313837051392,
34,673,0,0.2423924207687378,
34,674,0,0.3930182456970215,
34,675,0,0.7613128423690796,
34,676,0,0.14752405881881714,
34,677,0,0.5758287310600281,
34,678,0,0.6654152274131775,
34,679,0,0.7950862646102905,
34,680,0,0.06299453973770142,
34,681,0,0.6956939697265625,
34,682,0,0.2796480059623718,
34,683,0,0.3221586346626282,
34,684,0,0.6700630187988281,
34,685,0,0.8105166554450989,
34,686,0,0.68147873878479,
34,687,0,0.5836423635482788,
34,688,0,0.24309897422790527,
34,689,0,0.7346779108047485,
34,690,0,0.8306443691253662,
34,691,0,0.1501447558403015,
34,692,0,0.3091948628425598,
34,693,0,0.6950254440307617,
34,694,0,0.7550234198570251,
34,695,0,0.7565239667892456,
34,696,0,0.17589718103408813,
34,697,0,0.7487190961837769,
34,698,0,0.8368615508079529,
34,699,0,0.41741812229156494,
34,700,0,0.24914264678955078,
34,701,0,0.8307459354400635,
34,702,0,0.7823495268821716,
34,703,0,0.6751505136489868,
34,704,0,0.13885915279388428,
34,705,0,0.05094766616821289,
34,706,0,0.8355600237846375,
34,707,0,0.7979179620742798,
34,708,0,0.8445448875427246,
34,709,0,0.7311269044876099,
34,710,0,0.38478219509124756,
34,711,0,0.31482625007629395,
34,712,0,0.24216008186340332,
34,713,0,0.3826606869697571,
34,714,0,0.829367458820343,
34,715,0,0.4037238359451294,
34,716,0,0.7515152096748352,
34,717,0,0.6355138421058655,
34,718,0,0.8100246787071228,
34,719,0,0.8203513026237488,
34,720,0,0.7825351357460022,
34,721,0,0.7729697227478027,
34,722,0,0.6025710105895996,
34,723,0,0.15883082151412964,
34,724,0,0.5247044563293457,
34,725,0,0.19234400987625122,
34,726,0,0.8217140436172485,
34,727,0,0.8061850070953369,
34,728,0,0.1861896514892578,
34,729,0,0.4172045588493347,
34,730,0,0.3160102963447571,
34,731,0,0.8232638239860535,
34,732,0,0.8052637577056885,
34,733,0,0.367523729801178,
34,734,0,0.8114355802536011,
34,735,0,0.2849423289299011,
34,736,0,0.7386353015899658,
34,737,0,0.665198802947998,
34,738,0,0.8109567165374756,
34,739,0,0.5861408710479736,
34,740,0,0.275709867477417,
34,741,0,0.6833047866821289,
34,742,0,0.8199631571769714,
34,743,0,0.8404513597488403,
34,744,0,0.6512330770492554,
34,745,0,0.2617691159248352,
34,746,0,0.7083455920219421,
34,747,0,0.6897366046905518,
34,748,0,0.7166332006454468,
34,749,0,0.8207546472549438,
34,750,0,0.8121398687362671,
34,751,0,0.8203071355819702,
34,752,0,0.6365725994110107,
34,753,0,0.435122549533844,
34,754,0,0.5811745524406433,
34,755,0,0.8366847038269043,
34,756,0,0.8248940110206604,
34,757,0,0.8325521945953369,
34,758,0,0.5409457683563232,
34,759,0,0.05209541320800781,
34,760,0,0.4132975935935974,
34,761,0,0.74101322889328,
34,762,0,0.774398922920227,
34,763,0,0.2852504253387451,
34,764,0,0.2932984232902527,
34,765,0,0.7994638681411743,
34,766,0,0.16123038530349731,
34,767,0,0.7487690448760986,
34,768,0,0.8236095309257507,
34,769,0,0.18243104219436646,
34,770,0,0.6574689149856567,
34,771,0,0.5420773029327393,
34,772,0,0.8030754327774048,
34,773,0,0.19256097078323364,
34,774,0,0.8223115801811218,
34,775,0,0.7827243208885193,
34,776,0,0.23238831758499146,
34,777,0,0.6583805084228516,
34,778,0,0.38583993911743164,
34,779,0,0.83263099193573,
34,780,0,0.7473253607749939,
34,781,0,0.8261058330535889,
34,782,0,0.36101824045181274,
34,783,0,0.8066517114639282,
34,784,0,0.37223535776138306,
34,785,0,0.046109020709991455,
34,786,0,0.4460001587867737,
34,787,0,0.2300713062286377,
34,788,0,0.6804342269897461,
34,789,0,0.2700883150100708,
34,790,0,0.5966984033584595,
34,791,0,0.42893654108047485,
34,792,0,0.32103782892227173,
34,793,0,0.7871583700180054,
34,794,0,0.8291194438934326,
34,795,0,0.25071942806243896,
34,796,0,0.8233308792114258,
34,797,0,0.05932939052581787,
34,798,0,0.4172940254211426,
34,799,0,0.8236316442489624,
34,val,,,0.5894231575727463
35,0,0,0.3657965660095215,
35,1,0,0.8134111166000366,
35,2,0,0.5340720415115356,
35,3,0,0.6388229727745056,
35,4,0,0.36745136976242065,
35,5,0,0.758513331413269,
35,6,0,0.15390700101852417,
35,7,0,0.4290005564689636,
35,8,0,0.21307069063186646,
35,9,0,0.8117044568061829,
35,10,0,0.062347233295440674,
35,11,0,0.6830222606658936,
35,12,0,0.8272795677185059,
35,13,0,0.8202476501464844,
35,14,0,0.7297690510749817,
35,15,0,0.8101162910461426,
35,16,0,0.47958898544311523,
35,17,0,0.3029944896697998,
35,18,0,0.7831886410713196,
35,19,0,0.7976751923561096,
35,20,0,0.7359788417816162,
35,21,0,0.452750027179718,
35,22,0,0.24490219354629517,
35,23,0,0.6732603311538696,
35,24,0,0.8224086761474609,
35,25,0,0.7118773460388184,
35,26,0,0.8364691138267517,
35,27,0,0.3546772003173828,
35,28,0,0.2612605690956116,
35,29,0,0.4312198758125305,
35,30,0,0.8289653658866882,
35,31,0,0.6755766868591309,
35,32,0,0.4146832227706909,
35,33,0,0.747552752494812,
35,34,0,0.6648601293563843,
35,35,0,0.2582000494003296,
35,36,0,0.3989573121070862,
35,37,0,0.8186447620391846,
35,38,0,0.1848323941230774,
35,39,0,0.8340715169906616,
35,40,0,0.15081793069839478,
35,41,0,0.6047486066818237,
35,42,0,0.4520877003669739,
35,43,0,0.03945845365524292,
35,44,0,0.7466870546340942,
35,45,0,0.423318088054657,
35,46,0,0.046059608459472656,
35,47,0,0.04490453004837036,
35,48,0,0.8273630142211914,
35,49,0,0.28612709045410156,
35,50,0,0.83089280128479,
35,51,0,0.31661051511764526,
35,52,0,0.37591975927352905,
35,53,0,0.05065208673477173,
35,54,0,0.8415164947509766,
35,55,0,0.41734451055526733,
35,56,0,0.7528107762336731,
35,57,0,0.4733351469039917,
35,58,0,0.8283044099807739,
35,59,0,0.3284637928009033,
35,60,0,0.39476585388183594,
35,61,0,0.5597697496414185,
35,62,0,0.8149825930595398,
35,63,0,0.24699383974075317,
35,64,0,0.24383550882339478,
35,65,0,0.5158036947250366,
35,66,0,0.7012991905212402,
35,67,0,0.3899887800216675,
35,68,0,0.8186156153678894,
35,69,0,0.385225772857666,
35,70,0,0.45242148637771606,
35,71,0,0.5980342626571655,
35,72,0,0.6686145663261414,
35,73,0,0.7887964844703674,
35,74,0,0.8119326829910278,
35,75,0,0.5592656135559082,
35,76,0,0.7960159778594971,
35,77,0,0.6000118255615234,
35,78,0,0.14941149950027466,
35,79,0,0.7039799690246582,
35,80,0,0.43267422914505005,
35,81,0,0.8043797016143799,
35,82,0,0.048992156982421875,
35,83,0,0.647066056728363,
35,84,0,0.8174576163291931,
35,85,0,0.48589712381362915,
35,86,0,0.6833088397979736,
35,87,0,0.5443384051322937,
35,88,0,0.8077852725982666,
35,89,0,0.3675019145011902,
35,90,0,0.724032998085022,
35,91,0,0.8149771690368652,
35,92,0,0.8384647369384766,
35,93,0,0.8105737566947937,
35,94,0,0.42920297384262085,
35,95,0,0.6686629056930542,
35,96,0,0.2565356492996216,
35,97,0,0.8325732946395874,
35,98,0,0.5648356676101685,
35,99,0,0.7337571382522583,
35,100,0,0.7180404663085938,
35,101,0,0.6397150754928589,
35,102,0,0.6455515623092651,
35,103,0,0.6418013572692871,
35,104,0,0.8259279131889343,
35,105,0,0.3060755729675293,
35,106,0,0.6738667488098145,
35,107,0,0.8044126629829407,
35,108,0,0.5884889364242554,
35,109,0,0.8156189322471619,
35,110,0,0.7146599292755127,
35,111,0,0.8043287396430969,
35,112,0,0.8305907249450684,
35,113,0,0.387817919254303,
35,114,0,0.236037015914917,
35,115,0,0.6950017213821411,
35,116,0,0.7919134497642517,
35,117,0,0.3369135856628418,
35,118,0,0.8079521656036377,
35,119,0,0.3079373836517334,
35,120,0,0.8169403076171875,
35,121,0,0.8337233662605286,
35,122,0,0.7179664373397827,
35,123,0,0.06559973955154419,
35,124,0,0.38981395959854126,
35,125,0,0.7436239719390869,
35,126,0,0.666367769241333,
35,127,0,0.8218486309051514,
35,128,0,0.6480145454406738,
35,129,0,0.8357707262039185,
35,130,0,0.5656614303588867,
35,131,0,0.696318507194519,
35,132,0,0.6035487651824951,
35,133,0,0.22538381814956665,
35,134,0,0.38801294565200806,
35,135,0,0.4619811773300171,
35,136,0,0.05039089918136597,
35,137,0,0.12215059995651245,
35,138,0,0.24026226997375488,
35,139,0,0.43508195877075195,
35,140,0,0.6859681606292725,
35,141,0,0.607521116733551,
35,142,0,0.6956428289413452,
35,143,0,0.7668820023536682,
35,144,0,0.8070192337036133,
35,145,0,0.1957074999809265,
35,146,0,0.6728988885879517,
35,147,0,0.21164649724960327,
35,148,0,0.7607882022857666,
35,149,0,0.7770619988441467,
35,150,0,0.8009856343269348,
35,151,0,0.6714080572128296,
35,152,0,0.7283174991607666,
35,153,0,0.8200587034225464,
35,154,0,0.8308947086334229,
35,155,0,0.7016477584838867,
35,156,0,0.0474553108215332,
35,157,0,0.5900228023529053,
35,158,0,0.7689164876937866,
35,159,0,0.8084005117416382,
35,160,0,0.3130524754524231,
35,161,0,0.057935893535614014,
35,162,0,0.8369359970092773,
35,163,0,0.26333677768707275,
35,164,0,0.332844614982605,
35,165,0,0.7177059650421143,
35,166,0,0.2377057671546936,
35,167,0,0.7029376029968262,
35,168,0,0.8374821543693542,
35,169,0,0.13195264339447021,
35,170,0,0.5925523042678833,
35,171,0,0.7441613674163818,
35,172,0,0.7398152351379395,
35,173,0,0.6232629418373108,
35,174,0,0.7506884336471558,
35,175,0,0.3798922300338745,
35,176,0,0.7612440586090088,
35,177,0,0.2589007019996643,
35,178,0,0.8300974369049072,
35,179,0,0.28298890590667725,
35,180,0,0.7724855542182922,
35,181,0,0.7883615493774414,
35,182,0,0.30895841121673584,
35,183,0,0.15915429592132568,
35,184,0,0.7632542848587036,
35,185,0,0.746367335319519,
35,186,0,0.2641076445579529,
35,187,0,0.5752213001251221,
35,188,0,0.587209939956665,
35,189,0,0.23901844024658203,
35,190,0,0.0602298378944397,
35,191,0,0.41533905267715454,
35,192,0,0.7288005352020264,
35,193,0,0.7325055599212646,
35,194,0,0.7292531728744507,
35,195,0,0.8494995832443237,
35,196,0,0.7126685380935669,
35,197,0,0.18181151151657104,
35,198,0,0.7972679734230042,
35,199,0,0.23427093029022217,
35,200,0,0.615192174911499,
35,201,0,0.04537111520767212,
35,202,0,0.24515581130981445,
35,203,0,0.8313992023468018,
35,204,0,0.28553420305252075,
35,205,0,0.21622073650360107,
35,206,0,0.30925339460372925,
35,207,0,0.1386876106262207,
35,208,0,0.4458007216453552,
35,209,0,0.7688261866569519,
35,210,0,0.2800106406211853,
35,211,0,0.8205461502075195,
35,212,0,0.4041411876678467,
35,213,0,0.7861208915710449,
35,214,0,0.833590030670166,
35,215,0,0.695443868637085,
35,216,0,0.4195616841316223,
35,217,0,0.8227675557136536,
35,218,0,0.7252616882324219,
35,219,0,0.7253031730651855,
35,220,0,0.23431307077407837,
35,221,0,0.7383377552032471,
35,222,0,0.2748333215713501,
35,223,0,0.41554272174835205,
35,224,0,0.6151436567306519,
35,225,0,0.2722034454345703,
35,226,0,0.7862109541893005,
35,227,0,0.15797537565231323,
35,228,0,0.5714350938796997,
35,229,0,0.3854026794433594,
35,230,0,0.3789594769477844,
35,231,0,0.6669900417327881,
35,232,0,0.8513704538345337,
35,233,0,0.8427400588989258,
35,234,0,0.8151259422302246,
35,235,0,0.042009055614471436,
35,236,0,0.39562803506851196,
35,237,0,0.8227047920227051,
35,238,0,0.439052939414978,
35,239,0,0.35597991943359375,
35,240,0,0.8141525983810425,
35,241,0,0.666396975517273,
35,242,0,0.8180724382400513,
35,243,0,0.40619397163391113,
35,244,0,0.27229148149490356,
35,245,0,0.044152796268463135,
35,246,0,0.3623751401901245,
35,247,0,0.8308902978897095,
35,248,0,0.4013414978981018,
35,249,0,0.8091050982475281,
35,250,0,0.1124652624130249,
35,251,0,0.8395815491676331,
35,252,0,0.7608889937400818,
35,253,0,0.725190281867981,
35,254,0,0.03913593292236328,
35,255,0,0.7362189292907715,
35,256,0,0.5266987085342407,
35,257,0,0.8404858708381653,
35,258,0,0.703486442565918,
35,259,0,0.8236186504364014,
35,260,0,0.49123114347457886,
35,261,0,0.7403911352157593,
35,262,0,0.7169855833053589,
35,263,0,0.7161765098571777,
35,264,0,0.26669102907180786,
35,265,0,0.6663781404495239,
35,266,0,0.8137418031692505,
35,267,0,0.8316664695739746,
35,268,0,0.2882116436958313,
35,269,0,0.4298059344291687,
35,270,0,0.5638567209243774,
35,271,0,0.8041506409645081,
35,272,0,0.3480238914489746,
35,273,0,0.8345332145690918,
35,274,0,0.7998515367507935,
35,275,0,0.1524220108985901,
35,276,0,0.8074508905410767,
35,277,0,0.05988121032714844,
35,278,0,0.4751741290092468,
35,279,0,0.7331739664077759,
35,280,0,0.7564362287521362,
35,281,0,0.7883678674697876,
35,282,0,0.7342747449874878,
35,283,0,0.7501453161239624,
35,284,0,0.812565267086029,
35,285,0,0.6735855937004089,
35,286,0,0.6068279147148132,
35,287,0,0.7233349084854126,
35,288,0,0.6846473217010498,
35,289,0,0.4961796998977661,
35,290,0,0.8246248960494995,
35,291,0,0.045492351055145264,
35,292,0,0.3462674021720886,
35,293,0,0.8385969400405884,
35,294,0,0.8315553665161133,
35,295,0,0.6936964988708496,
35,296,0,0.4368504285812378,
35,297,0,0.04725074768066406,
35,298,0,0.8430156707763672,
35,299,0,0.8076959848403931,
35,300,0,0.34803682565689087,
35,301,0,0.38665103912353516,
35,302,0,0.8364420533180237,
35,303,0,0.5791122913360596,
35,304,0,0.8385530114173889,
35,305,0,0.44109034538269043,
35,306,0,0.2043347954750061,
35,307,0,0.8272536993026733,
35,308,0,0.8351542353630066,
35,309,0,0.18075662851333618,
35,310,0,0.8132098913192749,
35,311,0,0.36400145292282104,
35,312,0,0.8190067410469055,
35,313,0,0.808321475982666,
35,314,0,0.3486681580543518,
35,315,0,0.6268507838249207,
35,316,0,0.8291935920715332,
35,317,0,0.5475336909294128,
35,318,0,0.31013184785842896,
35,319,0,0.2730962634086609,
35,320,0,0.7438521385192871,
35,321,0,0.6672881245613098,
35,322,0,0.6794606447219849,
35,323,0,0.26817595958709717,
35,324,0,0.8377317190170288,
35,325,0,0.7779862284660339,
35,326,0,0.8033156394958496,
35,327,0,0.7301785945892334,
35,328,0,0.5761051177978516,
35,329,0,0.7545357942581177,
35,330,0,0.3155254125595093,
35,331,0,0.3039781451225281,
35,332,0,0.6869689226150513,
35,333,0,0.22711294889450073,
35,334,0,0.6450145840644836,
35,335,0,0.3387935757637024,
35,336,0,0.8273590207099915,
35,337,0,0.4117301106452942,
35,338,0,0.5972863435745239,
35,339,0,0.7747417688369751,
35,340,0,0.8339292407035828,
35,341,0,0.05636119842529297,
35,342,0,0.7199355959892273,
35,343,0,0.5742539167404175,
35,344,0,0.7937360405921936,
35,345,0,0.8158733248710632,
35,346,0,0.21363836526870728,
35,347,0,0.15730875730514526,
35,348,0,0.7328718900680542,
35,349,0,0.6964555978775024,
35,350,0,0.6246841549873352,
35,351,0,0.7692726254463196,
35,352,0,0.8210488557815552,
35,353,0,0.8194406032562256,
35,354,0,0.6256012916564941,
35,355,0,0.1537347435951233,
35,356,0,0.7199950218200684,
35,357,0,0.6062480211257935,
35,358,0,0.1881885528564453,
35,359,0,0.7817810773849487,
35,360,0,0.6739823818206787,
35,361,0,0.8372410535812378,
35,362,0,0.2358739972114563,
35,363,0,0.26540887355804443,
35,364,0,0.7471737861633301,
35,365,0,0.7104487419128418,
35,366,0,0.6836810111999512,
35,367,0,0.8284048438072205,
35,368,0,0.6809996962547302,
35,369,0,0.8052602410316467,
35,370,0,0.6065818071365356,
35,371,0,0.5531284809112549,
35,372,0,0.81453537940979,
35,373,0,0.6717262268066406,
35,374,0,0.3639381527900696,
35,375,0,0.593981921672821,
35,376,0,0.6142906546592712,
35,377,0,0.3042459487915039,
35,378,0,0.3639935255050659,
35,379,0,0.6924639940261841,
35,380,0,0.28783464431762695,
35,381,0,0.293026328086853,
35,382,0,0.2770780920982361,
35,383,0,0.8377281427383423,
35,384,0,0.29970961809158325,
35,385,0,0.2884763479232788,
35,386,0,0.2151714563369751,
35,387,0,0.39764678478240967,
35,388,0,0.05467498302459717,
35,389,0,0.770988404750824,
35,390,0,0.74737548828125,
35,391,0,0.5495787858963013,
35,392,0,0.6560365557670593,
35,393,0,0.2753775715827942,
35,394,0,0.43202054500579834,
35,395,0,0.8093569874763489,
35,396,0,0.1497950553894043,
35,397,0,0.16712111234664917,
35,398,0,0.7971453666687012,
35,399,0,0.2597711682319641,
35,400,0,0.5582221746444702,
35,401,0,0.7270629405975342,
35,402,0,0.8311166763305664,
35,403,0,0.7985035181045532,
35,404,0,0.29380089044570923,
35,405,0,0.06173580884933472,
35,406,0,0.7285997867584229,
35,407,0,0.8351705074310303,
35,408,0,0.6104387640953064,
35,409,0,0.701572060585022,
35,410,0,0.8310761451721191,
35,411,0,0.280518114566803,
35,412,0,0.6306134462356567,
35,413,0,0.06114232540130615,
35,414,0,0.7755838632583618,
35,415,0,0.6106865406036377,
35,416,0,0.8450669050216675,
35,417,0,0.05222022533416748,
35,418,0,0.4730371832847595,
35,419,0,0.4014750123023987,
35,420,0,0.22576284408569336,
35,421,0,0.22845029830932617,
35,422,0,0.6789214015007019,
35,423,0,0.8251478672027588,
35,424,0,0.6969601511955261,
35,425,0,0.8055518865585327,
35,426,0,0.8042175769805908,
35,427,0,0.8027300834655762,
35,428,0,0.41974759101867676,
35,429,0,0.803939700126648,
35,430,0,0.240301251411438,
35,431,0,0.7930295467376709,
35,432,0,0.6014515161514282,
35,433,0,0.8018882274627686,
35,434,0,0.8024990558624268,
35,435,0,0.8109673857688904,
35,436,0,0.581810474395752,
35,437,0,0.0498046875,
35,438,0,0.564806342124939,
35,439,0,0.2023410201072693,
35,440,0,0.8452875018119812,
35,441,0,0.7717564702033997,
35,442,0,0.8200643062591553,
35,443,0,0.8150340914726257,
35,444,0,0.7601749300956726,
35,445,0,0.828604519367218,
35,446,0,0.5847042798995972,
35,447,0,0.26850074529647827,
35,448,0,0.04877126216888428,
35,449,0,0.7914040684700012,
35,450,0,0.7747354507446289,
35,451,0,0.23531043529510498,
35,452,0,0.6783334016799927,
35,453,0,0.2606392502784729,
35,454,0,0.3856598734855652,
35,455,0,0.5322148203849792,
35,456,0,0.6969231367111206,
35,457,0,0.6391524076461792,
35,458,0,0.484521746635437,
35,459,0,0.6486802101135254,
35,460,0,0.8093050718307495,
35,461,0,0.40623629093170166,
35,462,0,0.8007113337516785,
35,463,0,0.13807326555252075,
35,464,0,0.5608105659484863,
35,465,0,0.7274864912033081,
35,466,0,0.04423987865447998,
35,467,0,0.8205875158309937,
35,468,0,0.6018790006637573,
35,469,0,0.7806259989738464,
35,470,0,0.30941611528396606,
35,471,0,0.05748879909515381,
35,472,0,0.8380316495895386,
35,473,0,0.8316537737846375,
35,474,0,0.04886966943740845,
35,475,0,0.8195568323135376,
35,476,0,0.43484199047088623,
35,477,0,0.6883770823478699,
35,478,0,0.4718555212020874,
35,479,0,0.4521206021308899,
35,480,0,0.6480944156646729,
35,481,0,0.16067808866500854,
35,482,0,0.6373167037963867,
35,483,0,0.8274199366569519,
35,484,0,0.8254411220550537,
35,485,0,0.3992537260055542,
35,486,0,0.7100922465324402,
35,487,0,0.29978716373443604,
35,488,0,0.5175991058349609,
35,489,0,0.8266890645027161,
35,490,0,0.7617834806442261,
35,491,0,0.8185340166091919,
35,492,0,0.6255078315734863,
35,493,0,0.7262141704559326,
35,494,0,0.05771225690841675,
35,495,0,0.3200928568840027,
35,496,0,0.2570344805717468,
35,497,0,0.7734087705612183,
35,498,0,0.41485661268234253,
35,499,0,0.837776780128479,
35,500,0,0.6318328380584717,
35,501,0,0.7525923848152161,
35,502,0,0.8282558917999268,
35,503,0,0.18916374444961548,
35,504,0,0.73710036277771,
35,505,0,0.420434832572937,
35,506,0,0.7567338347434998,
35,507,0,0.2605525851249695,
35,508,0,0.836235523223877,
35,509,0,0.8337685465812683,
35,510,0,0.7197740077972412,
35,511,0,0.7392960786819458,
35,512,0,0.229089617729187,
35,513,0,0.7209384441375732,
35,514,0,0.7988101840019226,
35,515,0,0.782455563545227,
35,516,0,0.7436386346817017,
35,517,0,0.3374078869819641,
35,518,0,0.2122877836227417,
35,519,0,0.23901569843292236,
35,520,0,0.6981023550033569,
35,521,0,0.6630005836486816,
35,522,0,0.2961767315864563,
35,523,0,0.8485612273216248,
35,524,0,0.7197579145431519,
35,525,0,0.04987066984176636,
35,526,0,0.28228139877319336,
35,527,0,0.8316405415534973,
35,528,0,0.04955613613128662,
35,529,0,0.6391197443008423,
35,530,0,0.6166431307792664,
35,531,0,0.8350105285644531,
35,532,0,0.7886039614677429,
35,533,0,0.8121342062950134,
35,534,0,0.3713831305503845,
35,535,0,0.6494237184524536,
35,536,0,0.7854668498039246,
35,537,0,0.25691795349121094,
35,538,0,0.8213772773742676,
35,539,0,0.6198834180831909,
35,540,0,0.7785090208053589,
35,541,0,0.3766503930091858,
35,542,0,0.29516732692718506,
35,543,0,0.8389638066291809,
35,544,0,0.055045485496520996,
35,545,0,0.3566046357154846,
35,546,0,0.4067057967185974,
35,547,0,0.057391226291656494,
35,548,0,0.7680003643035889,
35,549,0,0.2810961604118347,
35,550,0,0.8307867050170898,
35,551,0,0.8406949639320374,
35,552,0,0.7141249179840088,
35,553,0,0.40497857332229614,
35,554,0,0.6408542990684509,
35,555,0,0.24061673879623413,
35,556,0,0.7651976346969604,
35,557,0,0.6718218326568604,
35,558,0,0.34512776136398315,
35,559,0,0.6145848035812378,
35,560,0,0.7812449932098389,
35,561,0,0.6853986382484436,
35,562,0,0.16040056943893433,
35,563,0,0.6977599263191223,
35,564,0,0.440809428691864,
35,565,0,0.2957032322883606,
35,566,0,0.34964632987976074,
35,567,0,0.83199542760849,
35,568,0,0.1947280764579773,
35,569,0,0.8207813501358032,
35,570,0,0.5835206508636475,
35,571,0,0.5764079093933105,
35,572,0,0.28278952836990356,
35,573,0,0.6780011653900146,
35,574,0,0.27762365341186523,
35,575,0,0.24695783853530884,
35,576,0,0.6166104078292847,
35,577,0,0.2607385516166687,
35,578,0,0.27718454599380493,
35,579,0,0.7814462184906006,
35,580,0,0.2557833790779114,
35,581,0,0.37772881984710693,
35,582,0,0.6392295360565186,
35,583,0,0.7679619789123535,
35,584,0,0.41935956478118896,
35,585,0,0.8155465126037598,
35,586,0,0.8261141777038574,
35,587,0,0.5518695712089539,
35,588,0,0.20283782482147217,
35,589,0,0.5908275842666626,
35,590,0,0.8228244185447693,
35,591,0,0.24347251653671265,
35,592,0,0.8126795887947083,
35,593,0,0.82273268699646,
35,594,0,0.8134018778800964,
35,595,0,0.7027777433395386,
35,596,0,0.3965567350387573,
35,597,0,0.15029031038284302,
35,598,0,0.26014596223831177,
35,599,0,0.28913289308547974,
35,600,0,0.5925581455230713,
35,601,0,0.35975921154022217,
35,602,0,0.17499977350234985,
35,603,0,0.28828197717666626,
35,604,0,0.7409129738807678,
35,605,0,0.7722717523574829,
35,606,0,0.277434766292572,
35,607,0,0.5722266435623169,
35,608,0,0.5717865228652954,
35,609,0,0.8306633234024048,
35,610,0,0.8278999924659729,
35,611,0,0.8352110385894775,
35,612,0,0.6419501304626465,
35,613,0,0.5973684191703796,
35,614,0,0.8259251117706299,
35,615,0,0.36605602502822876,
35,616,0,0.7075506448745728,
35,617,0,0.2592591643333435,
35,618,0,0.15882354974746704,
35,619,0,0.33573901653289795,
35,620,0,0.8300001621246338,
35,621,0,0.39112216234207153,
35,622,0,0.6022576093673706,
35,623,0,0.3960471749305725,
35,624,0,0.2748953104019165,
35,625,0,0.8392946720123291,
35,626,0,0.8198789954185486,
35,627,0,0.8119503855705261,
35,628,0,0.8378746509552002,
35,629,0,0.434688925743103,
35,630,0,0.06013047695159912,
35,631,0,0.17216604948043823,
35,632,0,0.8085734248161316,
35,633,0,0.5707920789718628,
35,634,0,0.6556742191314697,
35,635,0,0.4573359489440918,
35,636,0,0.8065458536148071,
35,637,0,0.7020947933197021,
35,638,0,0.6753361225128174,
35,639,0,0.7491798400878906,
35,640,0,0.13755112886428833,
35,641,0,0.740009069442749,
35,642,0,0.7577813863754272,
35,643,0,0.38087397813796997,
35,644,0,0.3705151677131653,
35,645,0,0.6458868384361267,
35,646,0,0.8142920732498169,
35,647,0,0.7521334290504456,
35,648,0,0.8083900213241577,
35,649,0,0.046693384647369385,
35,650,0,0.7569271922111511,
35,651,0,0.40316951274871826,
35,652,0,0.5351950526237488,
35,653,0,0.5504777431488037,
35,654,0,0.7524406909942627,
35,655,0,0.23110586404800415,
35,656,0,0.2284221053123474,
35,657,0,0.3266022801399231,
35,658,0,0.5929502248764038,
35,659,0,0.04865330457687378,
35,660,0,0.866557240486145,
35,661,0,0.5867623686790466,
35,662,0,0.8008749485015869,
35,663,0,0.7171202898025513,
35,664,0,0.8390352725982666,
35,665,0,0.39264214038848877,
35,666,0,0.053983211517333984,
35,667,0,0.8139363527297974,
35,668,0,0.2803228497505188,
35,669,0,0.4210701584815979,
35,670,0,0.3513578176498413,
35,671,0,0.7577565908432007,
35,672,0,0.157853901386261,
35,673,0,0.2530058026313782,
35,674,0,0.4033582806587219,
35,675,0,0.7650733590126038,
35,676,0,0.14812737703323364,
35,677,0,0.5748637914657593,
35,678,0,0.6604599952697754,
35,679,0,0.7938502430915833,
35,680,0,0.058361589908599854,
35,681,0,0.6854186058044434,
35,682,0,0.2807167172431946,
35,683,0,0.3267042636871338,
35,684,0,0.6773691177368164,
35,685,0,0.8111689686775208,
35,686,0,0.6614987254142761,
35,687,0,0.5896801948547363,
35,688,0,0.24724292755126953,
35,689,0,0.732155442237854,
35,690,0,0.8292948603630066,
35,691,0,0.14558464288711548,
35,692,0,0.3041585683822632,
35,693,0,0.6902828812599182,
35,694,0,0.7549746632575989,
35,695,0,0.754889190196991,
35,696,0,0.17789775133132935,
35,697,0,0.7473063468933105,
35,698,0,0.8361724019050598,
35,699,0,0.4171123504638672,
35,700,0,0.25191909074783325,
35,701,0,0.8312658667564392,
35,702,0,0.7828783988952637,
35,703,0,0.6686399579048157,
35,704,0,0.1371954083442688,
35,705,0,0.052273333072662354,
35,706,0,0.8373603224754333,
35,707,0,0.7994861602783203,
35,708,0,0.8351156115531921,
35,709,0,0.7312578558921814,
35,710,0,0.3825996518135071,
35,711,0,0.32378512620925903,
35,712,0,0.25185930728912354,
35,713,0,0.38804978132247925,
35,714,0,0.8354501128196716,
35,715,0,0.4113997220993042,
35,716,0,0.7473019361495972,
35,717,0,0.6374985575675964,
35,718,0,0.7987365126609802,
35,719,0,0.816592812538147,
35,720,0,0.7829054594039917,
35,721,0,0.775378942489624,
35,722,0,0.5945255756378174,
35,723,0,0.15860098600387573,
35,724,0,0.5227420330047607,
35,725,0,0.18904227018356323,
35,726,0,0.8217144012451172,
35,727,0,0.8081885576248169,
35,728,0,0.19062215089797974,
35,729,0,0.4158894419670105,
35,730,0,0.3183853030204773,
35,731,0,0.8223233222961426,
35,732,0,0.8066710233688354,
35,733,0,0.3714659810066223,
35,734,0,0.8084113597869873,
35,735,0,0.28512173891067505,
35,736,0,0.7394113540649414,
35,737,0,0.6539880037307739,
35,738,0,0.8116927742958069,
35,739,0,0.5842635631561279,
35,740,0,0.27749496698379517,
35,741,0,0.6836603879928589,
35,742,0,0.8204572796821594,
35,743,0,0.8392741084098816,
35,744,0,0.6446587443351746,
35,745,0,0.252733051776886,
35,746,0,0.7056409120559692,
35,747,0,0.7190515995025635,
35,748,0,0.7178130149841309,
35,749,0,0.8186120986938477,
35,750,0,0.7977768182754517,
35,751,0,0.8219156861305237,
35,752,0,0.6245280504226685,
35,753,0,0.4323628544807434,
35,754,0,0.5764278173446655,
35,755,0,0.8399614095687866,
35,756,0,0.825867235660553,
35,757,0,0.8345078229904175,
35,758,0,0.5430822372436523,
35,759,0,0.05327320098876953,
35,760,0,0.4156915545463562,
35,761,0,0.7391982078552246,
35,762,0,0.7717016935348511,
35,763,0,0.2835320830345154,
35,764,0,0.29234129190444946,
35,765,0,0.8020975589752197,
35,766,0,0.15995025634765625,
35,767,0,0.7509055137634277,
35,768,0,0.8255902528762817,
35,769,0,0.18713855743408203,
35,770,0,0.6598407030105591,
35,771,0,0.5533649325370789,
35,772,0,0.7953263521194458,
35,773,0,0.19479691982269287,
35,774,0,0.8135631084442139,
35,775,0,0.7799921035766602,
35,776,0,0.2332877516746521,
35,777,0,0.6554388999938965,
35,778,0,0.3810127377510071,
35,779,0,0.8339799642562866,
35,780,0,0.751408576965332,
35,781,0,0.8274090886116028,
35,782,0,0.34735727310180664,
35,783,0,0.8080204725265503,
35,784,0,0.3639064431190491,
35,785,0,0.04596823453903198,
35,786,0,0.4460347294807434,
35,787,0,0.23117733001708984,
35,788,0,0.6650971174240112,
35,789,0,0.2716823220252991,
35,790,0,0.604306161403656,
35,791,0,0.42989814281463623,
35,792,0,0.33220624923706055,
35,793,0,0.7872397303581238,
35,794,0,0.8289967775344849,
35,795,0,0.2567934989929199,
35,796,0,0.8238549828529358,
35,797,0,0.060700953006744385,
35,798,0,0.4157480001449585,
35,799,0,0.8236239552497864,
35,val,,,0.5889393627643585
